BookID,Place,Links,Lat,Lon,Type,Description
6.1.3,"ἀνδρὸς εἰκὼν παλαιστοῦ",http://arachne.dainst.org/entity/3586509,37.638043,21.630599,NULL," - "
6.1.3,Ἀργείου,http://pleiades.stoa.org/places/570106,37.631561,22.719464,settlement," - "
6.1.3,Ἀρκάδων,http://pleiades.stoa.org/places/570102,37.567419268449626,22.165323097346306,region," - "
6.1.3,"ἐφεξῆς δὲ",http://arachne.dainst.org/entity/3586511,37.638043,21.630599,NULL," - "
6.1.3,Ἠλεῖος,http://pleiades.stoa.org/places/570220,37.89131,21.37493,"theatre,settlement"," - "
6.1.3,"ναοῦ τῆς Ἥρας",http://topostext.org/place/376216SOHe,37.63886,21.62998,NULL," - "
6.1.3,"παρὰ δὲ αὐτὸν",http://arachne.dainst.org/entity/3586510,37.638043,21.630599,NULL," - "
6.1.3,Σικυώνιος,http://pleiades.stoa.org/places/570668,37.98336,22.71135,settlement," - "
6.1.3,Φενεοῦ,http://pleiades.stoa.org/places/570595,37.91045,22.30692,settlement," - "
6.1.4,Ἤλιδος,http://pleiades.stoa.org/places/570220,37.89131,21.37493,"theatre,settlement"," - "
6.1.4,Κλεογένους,http://arachne.dainst.org/entity/3586512,37.638043,21.630599,NULL," - "
6.1.5,ἀνδριάντα,http://arachne.dainst.org/entity/3586514,37.638043,21.630599,NULL," - "
6.1.5,εἰκών,http://arachne.dainst.org/entity/3586513,37.638043,21.630599,NULL," - "
6.1.5,Ἠλείοις,http://pleiades.stoa.org/places/570220,37.89131,21.37493,"theatre,settlement"," - "
6.1.5,Σικυωνίου,http://pleiades.stoa.org/places/570668,37.98336,22.71135,settlement," - "
6.1.6,"ἀνδριάντα τοῦ Τρωίλου",http://arachne.dainst.org/entity/3586514,37.638043,21.630599,NULL," - "
6.1.6,Λακεδαιμονίων,http://pleiades.stoa.org/places/570406,37.07624042080912,22.46082645177671,region," - "
6.1.6,"λίθου κρηπὶς καὶ ἅρμα τε ἵππων καὶ ἀνὴρ ἡνίοχος καὶ αὐτῆς Κυνίσκας εἰκών",http://arachne.dainst.org/entity/4020527,37.638043,21.630599,NULL," - "
6.1.6,Ὀλυμπίᾳ,http://pleiades.stoa.org/places/570531,37.637849,21.630126,"palaistra,sanctuary,temple-2",NULL
6.1.7,"ἡ δὲ εἰκὼν",http://arachne.dainst.org/entity/4020528,37.638043,21.630599,NULL," - "
6.1.7,Κυνίσκᾳ,http://arachne.dainst.org/entity/4020527,37.638043,21.630599,NULL," - "
6.1.7,Λακεδαιμόνιοι,http://pleiades.stoa.org/places/570406,37.07624042080912,22.46082645177671,region," - "
6.1.7,"τὸ δὲ ἐπίγραμμά",http://arachne.dainst.org/entity/3586515,37.638043,21.630599,NULL," - "
6.1.8,Νεμέᾳ,http://pleiades.stoa.org/places/570504,37.808904,22.7108171,"sanctuary,temple-2"," - Q527006Nemean Games"
6.1.8,Πυθοῖ,http://pleiades.stoa.org/places/540726,38.482289,22.501169,"sanctuary,settlement"," - Q649128Pythian Games"
6.2.1,Ἀκαρνᾶνος,http://pleiades.stoa.org/places/530767,38.672287499999996,21.317874500000002,region," - "
6.2.1,Ἀκαρνάνων,http://pleiades.stoa.org/places/530767,38.672287499999996,21.317874500000002,region," - "
6.2.1,ἀνδριάντα,http://arachne.dainst.org/entity/3586516,37.638043,21.630599,NULL," - "
6.2.1,Ἑλλήνων,http://pleiades.stoa.org/places/1001896,37.5,22.5,province," - "
6.2.1,Λακεδαιμόνιοι,http://pleiades.stoa.org/places/570406,37.07624042080912,22.46082645177671,region," - "
6.2.1,Μήδου,http://pleiades.stoa.org/places/903080,34.5,46.5,region," - "
6.2.1,Ξενάρκης,http://arachne.dainst.org/entity/3586517,37.638043,21.630599,NULL," - "
6.2.1,Σπάρτης,http://pleiades.stoa.org/places/570685,37.08149,22.42454,"theatre,temple,settlement,temple-2"," - "
6.2.1,Στράτου,http://pleiades.stoa.org/places/531104,38.67111,21.31578,settlement," - "
6.2.2,Ἀθηναίου,http://pleiades.stoa.org/places/579885,37.971687,23.726464,settlement," - "
6.2.2,ἀνδριάντας,http://arachne.dainst.org/entity/3586518,37.638043,21.630599,NULL," - object|andriastwo statues"
6.2.2,Ἄργει,http://pleiades.stoa.org/places/570106,37.631561,22.719464,settlement," - agônNemean Games"
6.2.2,Δελφοῖς,http://pleiades.stoa.org/places/540726,38.482289,22.501169,"sanctuary,settlement"," - "
6.2.2,Θηβαίων,http://pleiades.stoa.org/places/541138,38.318092,23.255096,"sanctuary,settlement"," - "
6.2.2,Κορίνθῳ,http://pleiades.stoa.org/places/570182,37.906045,22.878721,"sanctuary,settlement,fort",NULL
6.2.2,Λακεδαιμονίων,http://pleiades.stoa.org/places/570406,37.07624042080912,22.46082645177671,region," - "
6.2.2,Λίχαν,http://arachne.dainst.org/entity/3586520,37.638043,21.630599,NULL," - "
6.2.2,Ὀλυμπίαν,http://pleiades.stoa.org/places/570531,37.637849,21.630126,"palaistra,sanctuary,temple-2",NULL
6.2.2,"τῷ δὲ",http://arachne.dainst.org/entity/3586519,37.638043,21.630599,NULL," - object|statueArkesilaos statue"
6.2.3,Ἄλτεως,http://topostext.org/place/376216SAlt,37.63754,21.62975,NULL," - "
6.2.3,εἰκόνα,http://arachne.dainst.org/entity/3586520,37.638043,21.630599,NULL," - "
6.2.3,Ἠλείους,http://pleiades.stoa.org/places/570220,37.89131,21.37493,"theatre,settlement"," - "
6.2.3,Ἠλείων,http://pleiades.stoa.org/places/570220,37.89131,21.37493,"theatre,settlement"," - "
6.2.3,Θηβαίων,http://pleiades.stoa.org/places/541138,38.318092,23.255096,"sanctuary,settlement"," - "
6.2.3,Λακεδαιμονίων,http://pleiades.stoa.org/places/570406,37.07624042080912,22.46082645177671,region," - "
6.2.4,Ἠλεῖος,http://pleiades.stoa.org/places/570220,37.89131,21.37493,"theatre,settlement"," - "
6.2.4,Λακεδαιμονίων,http://pleiades.stoa.org/places/570406,37.07624042080912,22.46082645177671,region," - "
6.2.4,Μαντινεῦσιν,http://pleiades.stoa.org/places/570459,37.618138,22.393259,settlement," - "
6.2.4,"πλησίον μάντις ἕστηκεν",http://arachne.dainst.org/entity/3586521,37.638043,21.630599,NULL," - "
6.2.5,Κύπριοι,http://pleiades.stoa.org/places/707498,35.040883529816504,33.27533716422018,island," - "
6.2.6,εἰκόνα,http://arachne.dainst.org/entity/3586522,37.638043,21.630599,NULL," - "
6.2.6,εἰκόνι,http://arachne.dainst.org/entity/3586524,37.638043,21.630599,NULL," - "
6.2.6,Ἠλεῖος,http://pleiades.stoa.org/places/570220,37.89131,21.37493,"theatre,settlement"," - "
6.2.6,Θρασυβούλου,http://arachne.dainst.org/entity/3586521,37.638043,21.630599,NULL," - "
6.2.6,Ἰώνων,http://pleiades.stoa.org/places/550597,38.258572855555556,27.36601213333333,region," - "
6.2.6,Μιλήσιον,http://pleiades.stoa.org/places/599799,37.5292362,27.2774885,"theatre,settlement,port"," - "
6.2.6,Μιλήσιος,http://pleiades.stoa.org/places/599799,37.5292362,27.2774885,"theatre,settlement,port"," - "
6.2.6,Ὀλυμπίαν,http://pleiades.stoa.org/places/570531,37.637849,21.630126,"palaistra,sanctuary,temple-2",NULL
6.2.6,Συρακοσίων,http://pleiades.stoa.org/places/462503,37.05963,15.29382,settlement," - "
6.2.6,Συρακουσῶν,http://pleiades.stoa.org/places/462503,37.05963,15.29382,settlement," - "
6.2.7,ἄγαλμα,http://arachne.dainst.org/entity/3586523,36.20655,36.15722,NULL," - object|agalmaTyche of Antioch"
6.2.7,Ὀρόντῃ,http://pleiades.stoa.org/places/658560,35.2728339,36.4825754,river," - "
6.2.7,Σικυώνιος,http://pleiades.stoa.org/places/570668,37.98336,22.71135,settlement," - "
6.2.7,Σύροις,http://pleiades.stoa.org/places/991407,37.5,37.5,province," - "
6.2.8,Ἄλτει,http://topostext.org/place/376216SAlt,37.63754,21.62975,NULL," - "
6.2.8,Ἠλείοις,http://pleiades.stoa.org/places/570220,37.89131,21.37493,"theatre,settlement"," - "
6.2.8,"παιδίον ἐπὶ ἵππῳ καθήμενον",http://arachne.dainst.org/entity/4020529,37.638043,21.630599,NULL," - "
6.2.8,Σικυώνιος,http://pleiades.stoa.org/places/570668,37.98336,22.71135,settlement," - "
6.2.8,"Τιμοσθένους ἀνδριάντα",http://arachne.dainst.org/entity/3586522,37.638043,21.630599,NULL," - "
6.2.8,τρόπαιον,http://arachne.dainst.org/entity/3586507,37.638043,21.630599,NULL," - object|tropaion|PausTrophy Eleans against Spartans in Altis"
6.2.9,ἐπίγραμμα,http://arachne.dainst.org/entity/3586525,37.638043,21.630599,NULL," - object|unnamed|epigramma|workSamian pyktes, no name"
6.2.9,Ἰώνων,http://pleiades.stoa.org/places/550597,38.258572855555556,27.36601213333333,region," - "
6.2.9,Σάμιοι,http://pleiades.stoa.org/places/599641,37.73,26.84,"island,sanctuary,settlement,temple-2"," - "
6.2.9,Σαμίῳ,http://pleiades.stoa.org/places/599641,37.73,26.84,"island,sanctuary,settlement,temple-2"," - "
6.2.10,"ἐπὶ πορθμῷ Μεσσηνίων",http://pleiades.stoa.org/places/462538,38.1923323,15.5555232,settlement," - "
6.2.10,Ζαγκλαίων,http://pleiades.stoa.org/places/462538,38.1923323,15.5555232,settlement," - "
6.2.10,Μεσσήνιος,http://pleiades.stoa.org/places/570480,37.06945533333334,21.9323415,region," - "
6.2.10,Μεσσηνίους,http://pleiades.stoa.org/places/570480,37.06945533333334,21.9323415,region," - "
6.2.10,Ναυπάκτου,http://pleiades.stoa.org/places/540960,38.41224,22.315807,"city-wall,settlement"," - "
6.2.10,Ὀλυμπίᾳ,http://pleiades.stoa.org/places/570531,37.637849,21.630126,"palaistra,sanctuary,temple-2",NULL
6.2.10,Πελοποννήσου,http://pleiades.stoa.org/places/570577,37.25289777692308,22.312752688461543,"peninsula,region"," - "
6.2.10,Σικελιῶται,http://pleiades.stoa.org/places/462492,37.53667611952188,14.08648464579389,island," - "
6.2.10,Σικελιώτης,http://pleiades.stoa.org/places/462492,37.53667611952188,14.08648464579389,island," - "
6.2.11,Ἠλείων,http://pleiades.stoa.org/places/570220,37.89131,21.37493,"theatre,settlement"," - "
6.2.11,Μεσσήνης,http://pleiades.stoa.org/places/570479,37.175491,21.920439,"sanctuary,settlement,fort"," - "
6.2.11,Νεμέᾳ,http://pleiades.stoa.org/places/570504,37.808904,22.7108171,"sanctuary,temple-2"," - Q527006Nemean Games"
6.2.11,Πελοπόννησον,http://pleiades.stoa.org/places/570577,37.25289777692308,22.312752688461543,"peninsula,region",NULL
6.3.1,Αἰγύπτου,http://pleiades.stoa.org/places/981503,19.211408766666665,30.567329633333333,region," - "
6.3.1,ἀνάθημά,http://arachne.dainst.org/entity/3586527,37.638043,21.630599,NULL," - "
6.3.1,ἀνδριάντα,http://arachne.dainst.org/entity/3586528,37.638043,21.630599,NULL," - "
6.3.1,Δαμίσκου,http://arachne.dainst.org/entity/3586526,37.638043,21.630599,NULL," - "
6.3.1,Μακεδόνα,http://pleiades.stoa.org/places/491656,41.25,21.75,unknown," - "
6.3.1,Σικυωνίῳ,http://pleiades.stoa.org/places/570668,37.98336,22.71135,settlement," - "
6.3.2,ἀνὴρ,http://arachne.dainst.org/entity/3586530,37.638043,21.630599,NULL," - "
6.3.2,Ἠλείοις,http://pleiades.stoa.org/places/570220,37.89131,21.37493,"theatre,settlement"," - "
6.3.2,Ἠλεῖος,http://pleiades.stoa.org/places/570220,37.89131,21.37493,"theatre,settlement"," - "
6.3.2,Μεσσήνιός,http://topostext.org/place/372218RMes,37.2,21.8,NULL," - "
6.3.2,Ὀλυμπίᾳ,http://pleiades.stoa.org/places/570531,37.637849,21.630126,"palaistra,sanctuary,temple-2",NULL
6.3.2,παῖς,http://arachne.dainst.org/entity/3586529,37.638043,21.630599,NULL," - "
6.3.2,Χαιρέαν,http://arachne.dainst.org/entity/3586528,37.638043,21.630599,NULL,NULL
6.3.3,Βοιωτίας,http://pleiades.stoa.org/places/540689,38.34668803333333,23.184677533333332,region," - "
6.3.3,Ἠλεῖοί,http://pleiades.stoa.org/places/570220,37.89131,21.37493,"theatre,settlement"," - "
6.3.3,Ἠλείων,http://pleiades.stoa.org/places/570220,37.89131,21.37493,"theatre,settlement"," - "
6.3.3,Θηβαίων,http://pleiades.stoa.org/places/541138,38.318092,23.255096,"sanctuary,settlement"," - "
6.3.3,Λακεδαιμονίων,http://pleiades.stoa.org/places/570406,37.07624042080912,22.46082645177671,region," - "
6.3.3,Λεύκτροις,http://topostext.org/place/383231ULeu,38.2647,23.1743,NULL," - "
6.3.3,Σικυῶνα,http://pleiades.stoa.org/places/570668,37.98336,22.71135,settlement,NULL
6.3.3,Σικυωνίων,http://pleiades.stoa.org/places/570668,37.98336,22.71135,settlement," - "
6.3.3,Σικυῶνος,http://pleiades.stoa.org/places/570668,37.98336,22.71135,settlement," - "
6.3.4,εἰκών,http://arachne.dainst.org/entity/3586532,37.638043,21.630599,NULL," - "
6.3.4,Ἠλείων,http://pleiades.stoa.org/places/570220,37.89131,21.37493,"theatre,settlement"," - "
6.3.4,Ἤλιδος,http://pleiades.stoa.org/places/570220,37.89131,21.37493,"theatre,settlement"," - "
6.3.4,Λεπρέου,http://pleiades.stoa.org/places/570423,37.439599,21.724777,settlement," - "
6.3.4,Πυθοῖ,http://pleiades.stoa.org/places/540726,38.482289,22.501169,"sanctuary,settlement"," - Q649128Pythian Games"
6.3.4,πύκτης,http://arachne.dainst.org/entity/3586531,37.638043,21.630599,NULL," - "
6.3.4,Σικυωνίου,http://pleiades.stoa.org/places/570668,37.98336,22.71135,settlement," - "
6.3.5,Ἀττικὸν,http://pleiades.stoa.org/places/579888,38.051998833333336,23.818991099999998,region," - "
6.3.5,Ἠλεῖον,http://pleiades.stoa.org/places/570220,37.89131,21.37493,"theatre,settlement"," - "
6.3.5,Καλαυρείας,http://pleiades.stoa.org/places/570325,37.52255,23.48041,island," - "
6.3.5,Κορκυραῖος,http://pleiades.stoa.org/places/530834,39.60733,19.92178,settlement," - "
6.3.5,κρατήσαντα,http://arachne.dainst.org/entity/3586533,37.638043,21.630599,NULL," - "
6.3.5,Σικυώνιος,http://pleiades.stoa.org/places/570668,37.98336,22.71135,settlement," - "
6.3.6,Αἰγείρας,http://topostext.org/place/381224PAig,38.1286,22.3777,NULL," - "
6.3.6,ἀνδριάντα,http://arachne.dainst.org/entity/3586534,37.638043,21.630599,NULL," - "
6.3.6,Ἀχαιῶν,http://pleiades.stoa.org/places/570028,38.102121472776034,22.224585911364017,region," - "
6.3.6,Ἠλείων,http://pleiades.stoa.org/places/570220,37.89131,21.37493,"theatre,settlement"," - "
6.3.6,Σικυώνιος,http://pleiades.stoa.org/places/570668,37.98336,22.71135,settlement," - "
6.3.7,Ἀμβρακιώτῃ,http://pleiades.stoa.org/places/530794,39.04107,20.95316,settlement," - "
6.3.7,εἰκόνα,http://arachne.dainst.org/entity/3586535,37.638043,21.630599,NULL," - "
6.3.7,Ἠλείου,http://pleiades.stoa.org/places/570220,37.89131,21.37493,"theatre,settlement"," - "
6.3.7,Σικυώνιος,http://pleiades.stoa.org/places/570668,37.98336,22.71135,settlement," - "
6.3.8,ἀνδριάντα,http://arachne.dainst.org/entity/3586536,37.638043,21.630599,NULL," - "
6.3.8,Ἀχαιοὶ,http://pleiades.stoa.org/places/570028,38.102121472776034,22.224585911364017,region," - "
6.3.8,Δελφοῖς,http://pleiades.stoa.org/places/540726,38.482289,22.501169,"sanctuary,settlement"," - "
6.3.8,Ἑλλήνων,http://pleiades.stoa.org/places/1001896,37.5,22.5,province," - "
6.3.8,Μήδοις,http://pleiades.stoa.org/places/903080,34.5,46.5,region," - "
6.3.8,Πλαταιαῖς,http://pleiades.stoa.org/places/541063,38.221019,23.273866,settlement," - "
6.3.9,ἀνδριάντα,http://arachne.dainst.org/entity/3586537,37.638043,21.630599,NULL," - "
6.3.9,Ἠλείοις,http://pleiades.stoa.org/places/570220,37.89131,21.37493,"theatre,settlement"," - "
6.3.9,Ἠλείῳ,http://pleiades.stoa.org/places/570220,37.89131,21.37493,"theatre,settlement"," - "
6.3.9,Ἰσθμῷ,http://pleiades.stoa.org/places/570316,37.9158514,22.992664,"sanctuary,temple-2"," - Q675181Isthmian Games"
6.3.9,Λεπρεάταις,http://pleiades.stoa.org/places/570423,37.439599,21.724777,settlement," - "
6.3.9,Λεπρέου,http://pleiades.stoa.org/places/570423,37.439599,21.724777,settlement," - "
6.3.9,Νεμέᾳ,http://pleiades.stoa.org/places/570504,37.808904,22.7108171,"sanctuary,temple-2"," - Q527006Nemean Games"
6.3.9,Ὀλυμπίᾳ,http://pleiades.stoa.org/places/570531,37.637849,21.630126,"palaistra,sanctuary,temple-2",NULL
6.3.10,ἀνδριὰς,http://arachne.dainst.org/entity/3586538,37.638043,21.630599,NULL," - "
6.3.11,ἀνδριάντες,http://arachne.dainst.org/entity/3652698,37.638043,21.630599,NULL," - "
6.3.11,Ἀρκάδων,http://pleiades.stoa.org/places/570102,37.567419268449626,22.165323097346306,region," - "
6.3.11,εἰκόνα,http://arachne.dainst.org/entity/3586539,37.638043,21.630599,NULL," - "
6.3.11,Ἡραίας,http://pleiades.stoa.org/places/570287,37.613569,21.863791,settlement," - "
6.3.11,Καυλωνιάτῃ,http://pleiades.stoa.org/places/452352,38.445422,16.578476,"townhouse,settlement,temple-2"," - "
6.3.11,Νεμέᾳ,http://pleiades.stoa.org/places/570504,37.808904,22.7108171,"sanctuary,temple-2"," - Q527006Nemean Games"
6.3.11,Ὀλυμπίᾳ,http://pleiades.stoa.org/places/570531,37.637849,21.630126,"palaistra,sanctuary,temple-2",NULL
6.3.11,Πυθοῖ,http://pleiades.stoa.org/places/540726,38.482289,22.501169,"sanctuary,settlement"," - Q649128Pythian Games"
6.3.11,Σικυωνίου,http://pleiades.stoa.org/places/570668,37.98336,22.71135,settlement," - "
6.3.11,Συρακούσιον,http://pleiades.stoa.org/places/462503,37.05963,15.29382,settlement," - "
6.3.11,Ὕσμωνα,http://arachne.dainst.org/entity/3586538,37.638043,21.630599,NULL,NULL
6.3.12,Αἰγιεύς,http://pleiades.stoa.org/places/570049,38.252707,22.081952,settlement," - "
6.3.12,Ἀχαιῶν,http://pleiades.stoa.org/places/570028,38.102121472776034,22.224585911364017,region," - "
6.3.12,Ἠπειρωτῶν,http://topostext.org/place/395205REpe,39.5,20.5,NULL," - "
6.3.12,Ἰταλίᾳ,http://pleiades.stoa.org/places/452346,38.25,16.25,region," - "
6.3.12,Ἰταλίαν,http://pleiades.stoa.org/places/452346,38.25,16.25,region," - "
6.3.12,Καμπανῶν,http://pleiades.stoa.org/places/432742,41.25,14.25,region," - "
6.3.12,Καυλωνία,http://pleiades.stoa.org/places/452352,38.445422,16.578476,"townhouse,settlement,temple-2"," - "
6.3.12,Ῥωμαίοις,http://pleiades.stoa.org/places/423025,41.89262,12.4843457,"settlement,urban"," - "
6.3.12,Ῥωμαίους,http://pleiades.stoa.org/places/423025,41.89262,12.4843457,"settlement,urban"," - "
6.3.12,Ῥωμαίων,http://pleiades.stoa.org/places/423025,41.89262,12.4843457,"settlement,urban"," - "
6.3.12,Ταραντίνων,http://pleiades.stoa.org/places/442810,40.476034,17.228553,"settlement,temple-2"," - "
6.3.13,Αἰγίου,http://pleiades.stoa.org/places/570049,38.252707,22.081952,settlement," - "
6.3.13,"ἀνάκειται δὲ",http://arachne.dainst.org/entity/3586541,37.638043,21.630599,NULL," - "
6.3.13,Ἀχαιῶν,http://pleiades.stoa.org/places/570028,38.102121472776034,22.224585911364017,region," - "
6.3.13,Δίκωνι,http://arachne.dainst.org/entity/3652698,37.638043,21.630599,NULL,NULL
6.3.13,εἰκόνα,http://arachne.dainst.org/entity/3586540,37.638043,21.630599,NULL," - "
6.3.13,Ἐφέσιος,http://pleiades.stoa.org/places/599612,37.941944,27.339722,"theatre,settlement,temple-2,architecturalcomplex"," - "
6.3.13,Ἰθώμῃ,http://pleiades.stoa.org/places/570318,37.1857343,21.9249021,mountain," - "
6.3.13,Μεσσήνης,http://pleiades.stoa.org/places/570479,37.175491,21.920439,"sanctuary,settlement,fort"," - "
6.3.13,Σικυώνιος,http://pleiades.stoa.org/places/570668,37.98336,22.71135,settlement," - "
6.3.14,ἀνέθεσαν,http://arachne.dainst.org/entity/3586542,37.638043,21.630599,NULL," - "
6.3.14,Ἴωνες,http://pleiades.stoa.org/places/550597,38.258572855555556,27.36601213333333,region," - "
6.3.14,Ὀλυμπίᾳ,http://pleiades.stoa.org/places/570531,37.637849,21.630126,"palaistra,sanctuary,temple-2",NULL
6.3.14,"πολυθαήτῳ τεμένει Διὸς",http://pleiades.stoa.org/places/570531,37.637849,21.630126,"palaistra,sanctuary,temple-2"," - "
6.3.14,Σάμιοι,http://pleiades.stoa.org/places/599641,37.73,26.84,"island,sanctuary,settlement,temple-2"," - "
6.3.14,Σαμίων,http://pleiades.stoa.org/places/599926,37.73,26.84,"island,sanctuary,settlement,temple-2"," - "
6.3.14,Σπαρτιάτην,http://pleiades.stoa.org/places/570685,37.08149,22.42454,"theatre,temple,settlement,temple-2"," - "
6.3.15,Ἀθηναίων,http://pleiades.stoa.org/places/579885,37.971687,23.726464,settlement," - "
6.3.15,"Αἰγὸς ποταμοῖς",http://pleiades.stoa.org/places/501336,40.35074,26.61011,settlement," - "
6.3.15,ἄλλους,http://arachne.dainst.org/entity/4020530,37.95137,27.36849,NULL," - "
6.3.15,Ἀττικαί,http://pleiades.stoa.org/places/579888,38.051998833333336,23.818991099999998,region," - "
6.3.15,αὐτὸν,http://arachne.dainst.org/entity/3888167,37.95137,27.36849,NULL," - "
6.3.15,γνωρίμους,http://arachne.dainst.org/entity/3888368,37.95137,27.36849,NULL," - "
6.3.15,εἰκὼν,http://arachne.dainst.org/entity/3586543,37.671958,26.885545,NULL," - "
6.3.15,Ἐτεόνικον,http://arachne.dainst.org/entity/3888168,37.95137,27.36849,NULL," - "
6.3.15,Ἐφέσιοι,http://pleiades.stoa.org/places/599612,37.941944,27.339722,"theatre,settlement,temple-2,architecturalcomplex"," - "
6.3.15,"Ἥρᾳ τῇ Σαμίων",http://topostext.org/place/377269SHer,37.6718,26.8857,NULL," - "
6.3.15,"ἱερὸν ἀνετίθεσαν τῆς Ἀρτέμιδος",http://dare.ht.lu.se/places/22847,37.9498235,27.363816,NULL," - "
6.3.15,Ἰωνίαν,http://pleiades.stoa.org/places/550597,38.258572855555556,27.36601213333333,region," - "
6.3.15,Ἰώνων,http://pleiades.stoa.org/places/550597,38.258572855555556,27.36601213333333,region," - "
6.3.15,Ὀλυμπίαν,http://pleiades.stoa.org/places/570531,37.637849,21.630126,"palaistra,sanctuary,temple-2",NULL
6.3.15,Σάμιοι,http://pleiades.stoa.org/places/599641,37.73,26.84,"island,sanctuary,settlement,temple-2"," - "
6.3.15,Σπαρτιατῶν,http://pleiades.stoa.org/places/570685,37.08149,22.42454,"theatre,temple,settlement,temple-2"," - "
6.3.15,Φάρακα,http://arachne.dainst.org/entity/3888169,37.95137,27.36849,NULL," - "
6.3.16,ἀνακείμενον,http://arachne.dainst.org/entity/3586544,37.671958,26.885545,NULL," - objectbronze"
6.3.16,Ἐφέσῳ,http://dare.ht.lu.se/places/22847,37.9498235,27.363816,NULL," - "
6.3.16,Ἴωνες,http://pleiades.stoa.org/places/550597,38.258572855555556,27.36601213333333,region," - "
6.3.16,Ἴωσιν,http://pleiades.stoa.org/places/550597,38.258572855555556,27.36601213333333,region," - "
6.3.16,Κνίδον,http://pleiades.stoa.org/places/599575,36.686188,27.37404,settlement," - "
6.3.16,Σάμῳ,http://pleiades.stoa.org/places/570288,38.028187,22.8522,sanctuary," - "
6.3.16,ὡσαύτως,http://arachne.dainst.org/entity/3888369,37.95137,27.36849,NULL," - "
6.4.1,ἀνήρ,http://arachne.dainst.org/entity/3586546,37.638043,21.630599,NULL," - "
6.4.1,εἰκόνος,http://arachne.dainst.org/entity/3888167,37.95137,27.36849,NULL," - "
6.4.1,Ἐφέσιός,http://pleiades.stoa.org/places/599612,37.941944,27.339722,"theatre,settlement,temple-2,architecturalcomplex"," - "
6.4.1,κρατήσας,http://arachne.dainst.org/entity/3586545,37.638043,21.630599,NULL," - "
6.4.1,Σικυώνιος,http://pleiades.stoa.org/places/570668,37.98336,22.71135,settlement," - "
6.4.2,Ἀρκάδες,http://pleiades.stoa.org/places/570102,37.567419268449626,22.165323097346306,region," - "
6.4.2,Ἠλεῖοι,http://pleiades.stoa.org/places/570220,37.89131,21.37493,"theatre,settlement"," - "
6.4.2,Ὀλυμπίᾳ,http://pleiades.stoa.org/places/570531,37.637849,21.630126,"palaistra,sanctuary,temple-2",NULL
6.4.2,Πισαῖοι,http://pleiades.stoa.org/places/570612,37.639535,21.653041,settlement," - "
6.4.2,Πυθοῖ,http://pleiades.stoa.org/places/540726,38.482289,22.501169,"sanctuary,settlement"," - Q649128Pythian Games"
6.4.3,Ἠλείων,http://pleiades.stoa.org/places/570220,37.89131,21.37493,"theatre,settlement"," - "
6.4.3,Μεσσήνης,http://pleiades.stoa.org/places/570479,37.175491,21.920439,"sanctuary,settlement,fort"," - "
6.4.3,Σικελίας,http://pleiades.stoa.org/places/462492,37.53667611952188,14.08648464579389,island," - "
6.4.3,Σικυωνίῳ,http://pleiades.stoa.org/places/570668,37.98336,22.71135,settlement," - "
6.4.3,Σώστρατον,http://arachne.dainst.org/entity/3586546,37.638043,21.630599,NULL,NULL
6.4.4,ἀνδριάντα,http://arachne.dainst.org/entity/3586547,37.638043,21.630599,NULL," - "
6.4.4,Κορίνθιον,http://pleiades.stoa.org/places/570182,37.906045,22.878721,"sanctuary,settlement,fort"," - "
6.4.4,Ῥηγῖνος,http://pleiades.stoa.org/places/452416,38.111146,15.649244,"sanctuary,settlement,architecturalcomplex"," - "
6.4.4,Ῥηγίνῳ,http://pleiades.stoa.org/places/452416,38.111146,15.649244,"sanctuary,settlement,architecturalcomplex"," - "
6.4.4,Σπαρτιάτας,http://pleiades.stoa.org/places/570685,37.08149,22.42454,"theatre,temple,settlement,temple-2"," - "
6.4.5,Ἀθηναίου,http://pleiades.stoa.org/places/579885,37.971687,23.726464,settlement," - "
6.4.5,ἀνδριάς,http://arachne.dainst.org/entity/3586549,37.638043,21.630599,NULL," - "
6.4.5,Ἀττικῶν,http://pleiades.stoa.org/places/579888,38.051998833333336,23.818991099999998,region," - "
6.4.5,εἰκόνα,http://arachne.dainst.org/entity/3586548,37.638043,21.630599,NULL," - "
6.4.5,Ἐφέσιον,http://pleiades.stoa.org/places/599612,37.941944,27.339722,"theatre,settlement,temple-2,architecturalcomplex"," - "
6.4.5,Ἠλεῖος,http://pleiades.stoa.org/places/570220,37.89131,21.37493,"theatre,settlement"," - "
6.4.5,Νεμέᾳ,http://pleiades.stoa.org/places/570504,37.808904,22.7108171,"sanctuary,temple-2"," - Q527006Nemean Games"
6.4.5,Ὀλυμπίᾳ,http://pleiades.stoa.org/places/570531,37.637849,21.630126,"palaistra,sanctuary,temple-2",NULL
6.4.5,παῖδα,http://arachne.dainst.org/entity/3586550,37.638043,21.630599,NULL," - "
6.4.5,Πυθοῖ,http://pleiades.stoa.org/places/540726,38.482289,22.501169,"sanctuary,settlement"," - Q649128Pythian Games"
6.4.6,Ἀχαιῷ,http://pleiades.stoa.org/places/570028,38.102121472776034,22.224585911364017,region," - "
6.4.6,Ἀχαιῶν,http://pleiades.stoa.org/places/570028,38.102121472776034,22.224585911364017,region," - "
6.4.6,Δελφοῖς,http://pleiades.stoa.org/places/540726,38.482289,22.501169,"sanctuary,settlement"," - "
6.4.6,Ἰσθμῷ,http://pleiades.stoa.org/places/570316,37.9158514,22.992664,"sanctuary,temple-2"," - Q675181Isthmian Games"
6.4.6,Νεμέᾳ,http://pleiades.stoa.org/places/570504,37.808904,22.7108171,"sanctuary,temple-2"," - Q527006Nemean Games"
6.4.6,Ὀλυμπίᾳ,http://pleiades.stoa.org/places/570531,37.637849,21.630126,"palaistra,sanctuary,temple-2",NULL
6.4.6,Πατρεῖ,http://pleiades.stoa.org/places/570567,38.243265,21.738518,settlement," - "
6.4.6,Πατρεύς,http://pleiades.stoa.org/places/570567,38.243265,21.738518,settlement," - "
6.4.7,Ἀχαιοῖς,http://pleiades.stoa.org/places/570028,38.102121472776034,22.224585911364017,region," - "
6.4.7,Ἀχαιῶν,http://pleiades.stoa.org/places/570028,38.102121472776034,22.224585911364017,region," - "
6.4.7,εἰκόνα,http://arachne.dainst.org/entity/3586551,37.638043,21.630599,NULL," - "
6.4.7,Θεσσαλίᾳ,http://pleiades.stoa.org/places/1332,39.6,22.2,region,NULL
6.4.7,Λάμιαν,http://pleiades.stoa.org/places/540902,38.9046,22.43516,settlement," - "
6.4.7,Μακεδόνων,http://pleiades.stoa.org/places/491656,41.25,21.75,unknown," - "
6.4.7,Χαιρώνειαν,http://pleiades.stoa.org/places/540701,38.493361,22.840365,settlement," - "
6.4.8,ἐπίγραμμά,http://arachne.dainst.org/entity/3586552,37.638043,21.630599,NULL," - "
6.4.8,ἐπίγραμμα,http://arachne.dainst.org/entity/3586553,37.638043,21.630599,NULL," - object|statueStatue without inscription, supposedly Aristotle"
6.4.8,Ἠλείων,http://pleiades.stoa.org/places/570220,37.89131,21.37493,"theatre,settlement"," - "
6.4.8,Θρᾳκίων,http://topostext.org/place/410265RThr,41.0,26.5,NULL," - "
6.4.8,Σταγείρων,http://pleiades.stoa.org/places/501625,40.592218,23.795769,settlement," - "
6.4.9,Αἰολέων,http://pleiades.stoa.org/places/550406,38.846442875,26.950801749999997,region," - "
6.4.9,Ἀσσοῦ,http://pleiades.stoa.org/places/550463,39.490601,26.337061,settlement,NULL
6.4.9,εἰκόνα,http://arachne.dainst.org/entity/3586555,37.638043,21.630599,NULL," - "
6.4.9,Ἴδῃ,http://pleiades.stoa.org/places/550592,39.69936,26.85852,mountain,NULL
6.4.9,Λακεδαιμονίους,http://pleiades.stoa.org/places/570406,37.07624042080912,22.46082645177671,region," - "
6.4.9,Λακεδαιμονίων,http://pleiades.stoa.org/places/570406,37.07624042080912,22.46082645177671,region," - "
6.4.9,Ὀλυμπίαν,http://pleiades.stoa.org/places/570531,37.637849,21.630126,"palaistra,sanctuary,temple-2",NULL
6.4.9,Σπάρτῃ,http://pleiades.stoa.org/places/570685,37.08149,22.42454,"theatre,temple,settlement,temple-2",NULL
6.4.9,Σωδάμαν,http://arachne.dainst.org/entity/3586554,37.638043,21.630599,NULL," - "
6.4.9,Τρῳάδι,http://pleiades.stoa.org/places/550944,39.90055031028392,26.331240828799153,region,NULL
6.4.10,Εὐάνθην,http://arachne.dainst.org/entity/3586556,37.638043,21.630599,NULL," - "
6.4.10,"ἱπποτρόφος καὶ τὸ ἅρμα",http://arachne.dainst.org/entity/3888370,37.638043,21.630599,NULL," - "
6.4.10,Κυζικηνῷ,http://pleiades.stoa.org/places/511218,40.389806,27.874127,"amphitheatre,settlement"," - "
6.4.10,Μακεδονίᾳ,http://pleiades.stoa.org/places/491656,41.25,21.75,unknown,NULL
6.4.10,νεωτάτη,http://pleiades.stoa.org/places/501482,41.01316,24.28409,"theatre,settlement",NULL
6.4.11,εἰκόνα,http://arachne.dainst.org/entity/3586557,37.638043,21.630599,NULL," - "
6.4.11,ἐπίγραμμα,http://arachne.dainst.org/entity/3586558,37.638043,21.630599,NULL," - "
6.4.11,Ἱμεραῖος,http://pleiades.stoa.org/places/462244,37.96884,13.82184,"temple,settlement,plaza"," - "
6.4.11,Ἱμέραν,http://pleiades.stoa.org/places/462244,37.96884,13.82184,"temple,settlement,plaza",NULL
6.4.11,Ἰσθμῷ,http://pleiades.stoa.org/places/570316,37.9158514,22.992664,"sanctuary,temple-2"," - Q675181Isthmian Games"
6.4.11,Κνώσσιος,http://pleiades.stoa.org/places/589872,35.297847,25.163106,"settlement,architecturalcomplex"," - "
6.4.11,Κνωσσοῦ,http://pleiades.stoa.org/places/589872,35.297847,25.163106,"settlement,architecturalcomplex",NULL
6.4.11,Κρὴς,http://pleiades.stoa.org/places/589748,35.21984439173344,24.995769971494504,island," - "
6.4.11,Μαντινείας,http://pleiades.stoa.org/places/570459,37.618138,22.393259,settlement,NULL
6.4.11,Ὀλυμπίᾳ,http://pleiades.stoa.org/places/570531,37.637849,21.630126,"palaistra,sanctuary,temple-2",NULL
6.4.11,Πυθοῖ,http://pleiades.stoa.org/places/540726,38.482289,22.501169,"sanctuary,settlement"," - Q649128Pythian Games"
6.5.1,βάθρῳ,http://arachne.dainst.org/entity/3888174,37.638043,21.630599,NULL," - "
6.5.1,ἔργον,http://arachne.dainst.org/entity/3586559,37.638043,21.630599,NULL," - "
6.5.2,Σκοτοῦσσα,http://pleiades.stoa.org/places/541107,39.38533,22.5403,settlement,NULL
6.5.2,Σκοτουσσαίων,http://pleiades.stoa.org/places/541107,39.38533,22.5403,settlement," - "
6.5.2,Φεραίων,http://pleiades.stoa.org/places/541044,39.384163,22.737728,"settlement,temple-2"," - "
6.5.3,Ἕλλησι,http://pleiades.stoa.org/places/1001896,37.5,22.5,province," - "
6.5.3,Θούριος,http://pleiades.stoa.org/places/452457,39.71705745,16.4927745,"theatre,settlement,port"," - "
6.5.3,Μακεδόνας,http://pleiades.stoa.org/places/491656,41.25,21.75,unknown," - "
6.5.3,Σκοτουσσαίοις,http://dare.ht.lu.se/places/22746,39.38533,22.5403,settlement," - "
6.5.3,Σκοτουσσαίων,http://pleiades.stoa.org/places/541107,39.38533,22.5403,settlement," - "
6.5.4,Ἀβδηριτῶν,http://pleiades.stoa.org/places/501323,40.93119,24.97363,settlement," - "
6.5.4,Θρᾴκης,http://topostext.org/place/410265RThr,41.0,26.5,NULL,NULL
6.5.4,Νέστου,http://topostext.org/place/418238WNes,41.0916,24.771,NULL,NULL
6.5.5,Θεσσαλοὺς,http://pleiades.stoa.org/places/1332,39.6,22.2,region," - "
6.5.5,Μακεδονίαν,http://pleiades.stoa.org/places/491656,41.25,21.75,unknown,NULL
6.5.5,Νεμέᾳ,http://pleiades.stoa.org/places/570504,37.808904,22.7108171,"sanctuary,temple-2"," - Q527006Nemean Games"
6.5.5,Ὄλυμπον,http://pleiades.stoa.org/places/491677,40.0862269,22.3584897,"mountain,settlement",NULL
6.5.5,Ὀλύμπῳ,http://pleiades.stoa.org/places/491677,40.0862269,22.3584897,"mountain,settlement",NULL
6.5.5,Πηνειόν,http://pleiades.stoa.org/places/570579,37.75,21.25,river," - "
6.5.7,βάθρῳ,http://arachne.dainst.org/entity/3888174,37.638043,21.630599,NULL," - "
6.5.7,Ὀλυμπίᾳ,http://pleiades.stoa.org/places/570531,37.637849,21.630126,"palaistra,sanctuary,temple-2",NULL
6.5.7,Περσῶν,http://pleiades.stoa.org/places/922698,30.5,51.5,unknown," - "
6.5.7,Σοῦσά,http://pleiades.stoa.org/places/912936,32.19202,48.24854,settlement,NULL
6.6.1,Ἀθηναῖος,http://pleiades.stoa.org/places/579885,37.971687,23.726464,settlement," - "
6.6.1,Ἀθηναίῳ,http://pleiades.stoa.org/places/579885,37.971687,23.726464,settlement," - "
6.6.1,ἄνδρα,http://arachne.dainst.org/entity/3586561,37.638043,21.630599,NULL," - "
6.6.1,ἀνδριάντα,http://arachne.dainst.org/entity/3586562,37.638043,21.630599,NULL," - "
6.6.1,ἀνδριάντα,http://arachne.dainst.org/entity/3888371,37.638043,21.630599,NULL," - "
6.6.1,Ἀρκάδων,http://pleiades.stoa.org/places/570102,37.567419268449626,22.165323097346306,region," - "
6.6.1,Ἀττικὸς,http://pleiades.stoa.org/places/579888,38.051998833333336,23.818991099999998,region," - "
6.6.1,ἔργον,http://arachne.dainst.org/entity/3586563,37.638043,21.630599,NULL," - "
6.6.1,Μαιναλίου,http://pleiades.stoa.org/places/570451,37.549491,22.265891,settlement," - "
6.6.1,Μαινάλου,http://pleiades.stoa.org/places/570451,37.549491,22.265891,settlement,NULL
6.6.1,Μαντινέα,http://pleiades.stoa.org/places/570459,37.618138,22.393259,settlement," - "
6.6.1,Ὀλυμπίᾳ,http://pleiades.stoa.org/places/570531,37.637849,21.630126,"palaistra,sanctuary,temple-2",NULL
6.6.1,Ῥηγῖνος,http://pleiades.stoa.org/places/452416,38.111146,15.649244,"sanctuary,settlement,architecturalcomplex"," - "
6.6.1,Σικυώνιος,http://pleiades.stoa.org/places/570668,37.98336,22.71135,settlement," - "
6.6.1,"τὸν μὲν",http://arachne.dainst.org/entity/3586560,37.638043,21.630599,NULL," - "
6.6.1,Φιγαλίας,http://pleiades.stoa.org/places/570598,37.3963,21.8391,settlement,NULL
6.6.2,Ἀργεῖος,http://pleiades.stoa.org/places/570106,37.631561,22.719464,settlement," - "
6.6.2,εἰκὼν,http://arachne.dainst.org/entity/3586565,37.638043,21.630599,NULL," - "
6.6.2,εἰκὼν,http://arachne.dainst.org/entity/3586564,37.638043,21.630599,NULL," - "
6.6.2,"Ἥρας τὸ ἄγαλμα",http://arachne.dainst.org/entity/3586184,37.63333,22.73333,NULL," - agalma|Heraat the Argive Heraion, Polykleitos the elder"
6.6.2,Θηβαῖον,http://pleiades.stoa.org/places/541138,38.318092,23.255096,"sanctuary,settlement"," - "
6.6.2,Ῥόδιος,http://pleiades.stoa.org/places/590031,36.41451,28.15629,"island,settlement,temple-2,stadion"," - "
6.6.2,Φωκέων,http://pleiades.stoa.org/places/541048,38.25,22.25,unknown," - "
6.6.3,ἄνδρα,http://arachne.dainst.org/entity/3586566,37.638043,21.630599,NULL," - "
6.6.3,γυμνασίῳ,http://pleiades.stoa.org/places/728329643,37.639293,21.628457,gymnasium," - "
6.6.3,εἰκὼν,http://arachne.dainst.org/entity/3586567,37.638043,21.630599,NULL," - "
6.6.3,Ἠλείου,http://pleiades.stoa.org/places/570220,37.89131,21.37493,"theatre,settlement"," - "
6.6.3,Μαινάλου,http://pleiades.stoa.org/places/570451,37.549491,22.265891,settlement,NULL
6.6.3,Ὀλυμπίᾳ,http://pleiades.stoa.org/places/570531,37.637849,21.630126,"palaistra,sanctuary,temple-2",NULL
6.6.4,Ζεφυρίῳ,http://pleiades.stoa.org/places/452495,38.03955,16.14501,cape," - "
6.6.4,Ἰταλίᾳ,http://pleiades.stoa.org/places/452346,38.25,16.25,region," - "
6.6.4,Καικίνην,http://pleiades.stoa.org/places/452348,38.25,15.75,river,NULL
6.6.4,Καικίνου,http://pleiades.stoa.org/places/452348,38.25,15.75,river,NULL
6.6.4,Λοκρίδα,http://pleiades.stoa.org/places/452369,38.20782,16.23715,"stoa,townhouse,theatre,sanctuary,settlement",NULL
6.6.4,Λοκρίδος,http://pleiades.stoa.org/places/452369,38.20782,16.23715,"stoa,townhouse,theatre,sanctuary,settlement",NULL
6.6.4,Λοκρῶν,http://pleiades.stoa.org/places/452369,38.20782,16.23715,"stoa,townhouse,theatre,sanctuary,settlement"," - "
6.6.4,Ῥηγίνῃ,http://pleiades.stoa.org/places/452416,38.111146,15.649244,"sanctuary,settlement,architecturalcomplex",NULL
6.6.4,Ῥηγίνην,http://pleiades.stoa.org/places/452416,38.111146,15.649244,"sanctuary,settlement,architecturalcomplex"," - "
6.6.5,Θάσιος,http://pleiades.stoa.org/places/501635,40.78201,24.717535,"island,settlement"," - "
6.6.5,Ὀλυμπίᾳ,http://pleiades.stoa.org/places/570531,37.637849,21.630126,"palaistra,sanctuary,temple-2",NULL
6.6.6,ἀνδριὰς,http://arachne.dainst.org/entity/3586568,37.638043,21.630599,NULL," - "
6.6.7,Ἰταλίᾳ,http://pleiades.stoa.org/places/452346,38.25,16.25,region," - "
6.6.7,Ἰταλίαν,http://pleiades.stoa.org/places/452346,38.25,16.25,region," - "
6.6.7,Σικελίᾳ,http://pleiades.stoa.org/places/462492,37.53667611952188,14.08648464579389,island," - "
6.6.7,Τεμέσαν,http://pleiades.stoa.org/places/452469,39.03644,16.1315,settlement,NULL
6.6.8,Ἰταλίας,http://pleiades.stoa.org/places/452346,38.25,16.25,region,NULL
6.6.8,Τεμέσαν,http://pleiades.stoa.org/places/452469,39.03644,16.1315,settlement,NULL
6.6.8,Τεμέσῃ,http://pleiades.stoa.org/places/452469,39.03644,16.1315,settlement,NULL
6.6.9,Τεμέσαν,http://pleiades.stoa.org/places/452469,39.03644,16.1315,settlement,NULL
6.6.10,Τεμέσαν,http://pleiades.stoa.org/places/452469,39.03644,16.1315,settlement,NULL
6.6.11,Κάλαβρός,http://pleiades.stoa.org/places/452424,39.25,16.25,river,NULL
6.6.11,Τεμέσα,http://pleiades.stoa.org/places/452469,39.03644,16.1315,settlement,NULL
6.7.1,ἀνδριάντα,http://arachne.dainst.org/entity/3586568,37.638043,21.630599,NULL,NULL
6.7.1,εἰκόνας,http://arachne.dainst.org/entity/4020531,37.638043,21.630599,NULL," - "
6.7.1,ἕστηκε,http://arachne.dainst.org/entity/3586569,37.638043,21.630599,NULL," - "
6.7.1,Ἠλεῖος,http://pleiades.stoa.org/places/570220,37.89131,21.37493,"theatre,settlement"," - "
6.7.1,Μαντινεὺς,http://pleiades.stoa.org/places/570459,37.618138,22.393259,settlement," - "
6.7.1,Ῥοδίων,http://pleiades.stoa.org/places/590031,36.41451,28.15629,"island,settlement,temple-2,stadion"," - "
6.7.1,τούτους,http://arachne.dainst.org/entity/3586570,37.638043,21.630599,NULL," - "
6.7.2,ἄγαλμα,http://arachne.dainst.org/entity/3586571,37.99471,23.34324,NULL," - "
6.7.2,Μεγαρεὺς,http://pleiades.stoa.org/places/570468,37.2038,15.18273,"region,settlement"," - "
6.7.2,Μεγάροις,http://pleiades.stoa.org/places/570468,37.2038,15.18273,"region,settlement",NULL
6.7.3,Ἄλτει,http://topostext.org/place/376216SAlt,37.63754,21.62975,NULL," - "
6.7.3,Ἑλλήνων,http://pleiades.stoa.org/places/1001896,37.5,22.5,province," - "
6.7.3,Μεσσήνιος,http://pleiades.stoa.org/places/570480,37.06945533333334,21.9323415,region," - "
6.7.3,Ὀλυμπίαν,http://pleiades.stoa.org/places/570531,37.637849,21.630126,"palaistra,sanctuary,temple-2",NULL
6.7.3,Πεισίροδος,http://arachne.dainst.org/entity/4020531,37.638043,21.630599,NULL," - "
6.7.4,Ἀθηναίους,http://pleiades.stoa.org/places/579885,37.971687,23.726464,settlement," - "
6.7.4,Ἀθηναίων,http://pleiades.stoa.org/places/579885,37.971687,23.726464,settlement," - "
6.7.4,Ἀττικῶν,http://pleiades.stoa.org/places/579888,38.051998833333336,23.818991099999998,region," - "
6.7.4,Θούριοι,http://pleiades.stoa.org/places/452457,39.71705745,16.4927745,"theatre,settlement,port"," - "
6.7.4,Θουρίους,http://pleiades.stoa.org/places/452457,39.71705745,16.4927745,"theatre,settlement,port"," - "
6.7.4,Ἰταλίαν,http://pleiades.stoa.org/places/452346,38.25,16.25,region," - "
6.7.4,Λακεδαιμονίων,http://pleiades.stoa.org/places/570406,37.07624042080912,22.46082645177671,region," - "
6.7.4,Ῥόδον,http://pleiades.stoa.org/places/590031,36.41451,28.15629,"island,settlement,temple-2,stadion",NULL
6.7.4,Ῥόδου,http://pleiades.stoa.org/places/590031,36.41451,28.15629,"island,settlement,temple-2,stadion",NULL
6.7.5,Ἀθηναῖοι,http://pleiades.stoa.org/places/579885,37.971687,23.726464,settlement," - "
6.7.6,Ἀθηναίων,http://pleiades.stoa.org/places/579885,37.971687,23.726464,settlement," - "
6.7.6,Καύνῳ,http://pleiades.stoa.org/places/638796,36.825909,28.621536,settlement,NULL
6.7.6,Λακεδαιμονίων,http://pleiades.stoa.org/places/570406,37.07624042080912,22.46082645177671,region," - "
6.7.6,Πελοποννήσου,http://pleiades.stoa.org/places/570577,37.25289777692308,22.312752688461543,"peninsula,region"," - "
6.7.6,Ῥοδίων,http://pleiades.stoa.org/places/590031,36.41451,28.15629,"island,settlement,temple-2,stadion"," - "
6.7.6,Ῥόδου,http://pleiades.stoa.org/places/590031,36.41451,28.15629,"island,settlement,temple-2,stadion",NULL
6.7.6,Σπάρτην,http://pleiades.stoa.org/places/570685,37.08149,22.42454,"theatre,temple,settlement,temple-2",NULL
6.7.7,Ἀθηναίοις,http://pleiades.stoa.org/places/579885,37.971687,23.726464,settlement," - "
6.7.7,Ἀργινούσαις,http://pleiades.stoa.org/places/550449,39.00699,26.78548,"island,archipelago"," - "
6.7.7,Λακεδαιμονίους,http://pleiades.stoa.org/places/570406,37.07624042080912,22.46082645177671,region," - "
6.7.8,ἀνδριάντες,http://arachne.dainst.org/entity/4020532,37.638043,21.630599,NULL," - "
6.7.8,Λεπρεάτῃ,http://pleiades.stoa.org/places/570423,37.439599,21.724777,settlement," - "
6.7.8,Ὀλυμπίᾳ,http://pleiades.stoa.org/places/570531,37.637849,21.630126,"palaistra,sanctuary,temple-2",NULL
6.7.9,"Ἀλκαινέτου τοῖς υἱοῖς",http://arachne.dainst.org/entity/4020532,37.638043,21.630599,NULL,NULL
6.7.9,ἀνδριάς,http://arachne.dainst.org/entity/3586572,37.638043,21.630599,NULL," - "
6.7.9,Διπαιεὺς,http://pleiades.stoa.org/places/570199,37.541156,22.254905,settlement," - "
6.7.9,ἕστηκεν,http://arachne.dainst.org/entity/3586573,37.638043,21.630599,NULL," - "
6.7.9,Ἠλεῖος,http://pleiades.stoa.org/places/570220,37.89131,21.37493,"theatre,settlement"," - "
6.7.9,Μαιναλέων,http://pleiades.stoa.org/places/570449,37.643755,22.2798987,mountain," - "
6.7.9,Μεγαρέως,http://pleiades.stoa.org/places/570468,37.2038,15.18273,"region,settlement"," - "
6.7.10,εἰκόνα,http://arachne.dainst.org/entity/3586574,37.638043,21.630599,NULL," - "
6.7.10,Ἠλεῖον,http://pleiades.stoa.org/places/570220,37.89131,21.37493,"theatre,settlement"," - "
6.7.10,Νεμέᾳ,http://pleiades.stoa.org/places/570504,37.808904,22.7108171,"sanctuary,temple-2"," - Q527006Nemean Games"
6.7.10,Ὀλυμπίᾳ,http://pleiades.stoa.org/places/570531,37.637849,21.630126,"palaistra,sanctuary,temple-2",NULL
6.7.10,Πυθοῖ,http://pleiades.stoa.org/places/540726,38.482289,22.501169,"sanctuary,settlement"," - Q649128Pythian Games"
6.7.10,Στυμφήλου,http://pleiades.stoa.org/places/570696,37.85932,22.45931,"theatre,settlement",NULL
6.7.10,"τὴν δὲ ἐφεξῆς",http://arachne.dainst.org/entity/3586575,37.638043,21.630599,NULL,NULL
6.8.1,Ἀργεῖος,http://pleiades.stoa.org/places/570106,37.631561,22.719464,settlement," - "
6.8.1,εἰκόνα,http://arachne.dainst.org/entity/3586576,37.638043,21.630599,NULL," - "
6.8.1,Ἠλείου,http://pleiades.stoa.org/places/570220,37.89131,21.37493,"theatre,settlement"," - "
6.8.1,Ἠλείῳ,http://pleiades.stoa.org/places/570220,37.89131,21.37493,"theatre,settlement"," - "
6.8.1,Ὀλυμπίᾳ,http://pleiades.stoa.org/places/570531,37.637849,21.630126,"palaistra,sanctuary,temple-2",NULL
6.8.1,Πελληνέως,http://pleiades.stoa.org/places/570576,38.0446,22.5384,settlement," - "
6.8.1,Πυθοῖ,http://pleiades.stoa.org/places/540726,38.482289,22.501169,"sanctuary,settlement"," - Q649128Pythian Games"
6.8.1,"τὴν δὲ",http://arachne.dainst.org/entity/3586577,37.638043,21.630599,NULL," - "
6.8.2,Ἀρκάδα,http://pleiades.stoa.org/places/570102,37.567419268449626,22.165323097346306,region," - "
6.8.2,Ἀρκαδίας,http://pleiades.stoa.org/places/570102,37.567419268449626,22.165323097346306,region," - "
6.8.2,Ἀρκάδων,http://pleiades.stoa.org/places/570102,37.567419268449626,22.165323097346306,region," - "
6.8.2,εἰκόνʼ,http://arachne.dainst.org/entity/3586578,37.638043,21.630599,NULL,NULL
6.8.2,Ὀλυμπίᾳ,http://pleiades.stoa.org/places/570531,37.637849,21.630126,"palaistra,sanctuary,temple-2",NULL
6.8.2,Παρράσιος,http://pleiades.stoa.org/places/570564,37.25,22.25,unknown," - "
6.8.2,Παρρασίων,http://pleiades.stoa.org/places/570564,37.25,22.25,unknown," - "
6.8.3,Ἀρκάδων,http://pleiades.stoa.org/places/570102,37.567419268449626,22.165323097346306,region," - "
6.8.3,εἰκόνα,http://arachne.dainst.org/entity/3586579,37.638043,21.630599,NULL," - "
6.8.3,Ἠλείων,http://pleiades.stoa.org/places/570220,37.89131,21.37493,"theatre,settlement"," - "
6.8.3,Κυρηναῖος,http://pleiades.stoa.org/places/373778,32.818736,21.856169,settlement," - "
6.8.3,Ὀλυμπίᾳ,http://pleiades.stoa.org/places/570531,37.637849,21.630126,"palaistra,sanctuary,temple-2",NULL
6.8.3,"παρὰ τοῦ μαντείου τοῦ ἐν Λιβύῃ",http://pleiades.stoa.org/places/716520,29.20514,25.54359,"oasis,settlement,temple-2"," - "
6.8.4,Ἀθηναίου,http://pleiades.stoa.org/places/579885,37.971687,23.726464,settlement," - "
6.8.4,ἀνδριὰς,http://arachne.dainst.org/entity/3586581,37.638043,21.630599,NULL," - "
6.8.4,Κλεωναίῳ,http://pleiades.stoa.org/places/570361,37.81708,22.75372,settlement," - "
6.8.4,Τροιζηνίῳ,http://pleiades.stoa.org/places/570756,37.50303,23.34845,settlement," - "
6.8.4,"τῷ μὲν",http://arachne.dainst.org/entity/3586580,37.638043,21.630599,NULL," - "
6.8.5,Ἀζὰν,http://topostext.org/place/378221RAza,37.83,22.13,NULL," - "
6.8.5,Ἀζᾶνος,http://topostext.org/place/378221RAza,37.83,22.13,NULL," - "
6.8.5,Ἀρκάδων,http://pleiades.stoa.org/places/570102,37.567419268449626,22.165323097346306,region," - "
6.8.5,Βαύκιδά,http://arachne.dainst.org/entity/3586581,37.638043,21.630599,NULL,NULL
6.8.5,εἰκόνα,http://arachne.dainst.org/entity/3586583,37.638043,21.630599,NULL," - "
6.8.5,Κλείτορος,http://pleiades.stoa.org/places/570359,37.892704,22.103248,settlement,NULL
6.8.5,Μαινάλου,http://pleiades.stoa.org/places/570451,37.549491,22.265891,settlement,NULL
6.8.5,Πελλάνας,http://pleiades.stoa.org/places/570576,38.0446,22.5384,settlement,NULL
6.8.5,Πελληνέα,http://pleiades.stoa.org/places/570576,38.0446,22.5384,settlement," - "
6.8.5,"τὴν δὲ",http://arachne.dainst.org/entity/3586584,37.638043,21.630599,NULL," - eikônKritodamos = Damokritos"
6.8.5,"τὴν μὲν",http://arachne.dainst.org/entity/3586582,37.638043,21.630599,NULL," - "
6.8.6,Ἀθηναίῳ,http://pleiades.stoa.org/places/579885,37.971687,23.726464,settlement," - "
6.8.6,Ἀθηναίων,http://pleiades.stoa.org/places/579885,37.971687,23.726464,settlement," - "
6.8.6,ἀκρόπολιν,http://pleiades.stoa.org/places/638356144,37.971421,23.726166,"acropolis,architecturalcomplex",NULL
6.8.6,Ἀργείου,http://pleiades.stoa.org/places/570106,37.631561,22.719464,settlement," - "
6.8.6,Δελφός,http://pleiades.stoa.org/places/540726,38.482289,22.501169,"sanctuary,settlement"," - "
6.8.6,ἔργον,http://arachne.dainst.org/entity/3586585,37.638043,21.630599,NULL," - "
6.8.6,Ὀλυμπίᾳ,http://pleiades.stoa.org/places/570531,37.637849,21.630126,"palaistra,sanctuary,temple-2",NULL
6.8.6,Προμάχου,http://arachne.dainst.org/entity/3586800,37.638043,21.630599,NULL," - objectsee 7.27.5"
6.8.6,Πυθοῖ,http://pleiades.stoa.org/places/540726,38.482289,22.501169,"sanctuary,settlement"," - Q649128Pythian Games"
6.9.1,Αἰγινήταις,http://pleiades.stoa.org/places/579844,37.74991,23.42372,"island,settlement,temple-2"," - "
6.9.1,Αἰγινήτῃ,http://pleiades.stoa.org/places/579844,37.74991,23.42372,"island,settlement,temple-2"," - "
6.9.1,Αἰγινήτης,http://pleiades.stoa.org/places/579844,37.74991,23.42372,"island,settlement,temple-2"," - "
6.9.1,ἀνδριάντα,http://arachne.dainst.org/entity/3586586,37.638043,21.630599,NULL," - "
6.9.1,Σικυώνιος,http://pleiades.stoa.org/places/570668,37.98336,22.71135,settlement," - "
6.9.2,ἀνδριάντα,http://arachne.dainst.org/entity/3586588,37.638043,21.630599,NULL," - "
6.9.2,Ἀρκὰς,http://pleiades.stoa.org/places/570102,37.567419268449626,22.165323097346306,region," - "
6.9.2,εἰκόνα,http://arachne.dainst.org/entity/3586587,37.638043,21.630599,NULL," - "
6.9.2,Ἠλεῖοί,http://pleiades.stoa.org/places/570220,37.89131,21.37493,"theatre,settlement"," - "
6.9.2,Κλείτορος,http://pleiades.stoa.org/places/570359,37.892704,22.103248,settlement,NULL
6.9.2,Μαινάλιος,http://pleiades.stoa.org/places/570451,37.549491,22.265891,settlement," - "
6.9.2,"τοῦ μὲν",http://arachne.dainst.org/entity/3586589,37.638043,21.630599,NULL," - "
6.9.3,Αἰγίνῃ,http://pleiades.stoa.org/places/579844,37.74991,23.42372,"island,settlement,temple-2"," - "
6.9.3,Αἰγινήτην,http://pleiades.stoa.org/places/579844,37.74991,23.42372,"island,settlement,temple-2"," - "
6.9.3,Ἀργεῖος,http://pleiades.stoa.org/places/570106,37.631561,22.719464,settlement," - "
6.9.3,Ἄργους,http://pleiades.stoa.org/places/570106,37.631561,22.719464,settlement,NULL
6.9.3,"ἥ τε ἐν",http://arachne.dainst.org/entity/3586591,37.638043,21.630599,NULL," - "
6.9.3,κομισθεῖσα,http://arachne.dainst.org/entity/3586592,37.63333,22.73333,NULL," - "
6.9.3,Ὀλυμπίᾳ,http://pleiades.stoa.org/places/570531,37.637849,21.630126,"palaistra,sanctuary,temple-2",NULL
6.9.3,Ῥώμῃ,http://pleiades.stoa.org/places/423025,41.89262,12.4843457,"settlement,urban",NULL
6.9.3,"τὸν μὲν",http://arachne.dainst.org/entity/3586590,37.638043,21.630599,NULL," - "
6.9.3,Χῖος,http://pleiades.stoa.org/places/550496,38.37641,26.1342335,settlement," - "
6.9.4,ἅρμα,http://arachne.dainst.org/entity/4020533,37.638043,21.630599,NULL," - "
6.9.4,Γελῷον,http://pleiades.stoa.org/places/462214,37.062775,14.258433,"sanctuary,settlement"," - "
6.9.4,Ἠλεῖον,http://pleiades.stoa.org/places/570220,37.89131,21.37493,"theatre,settlement"," - "
6.9.4,κρατήσαντα,http://arachne.dainst.org/entity/3586593,37.638043,21.630599,NULL," - "
6.9.4,Σικελίᾳ,http://pleiades.stoa.org/places/462492,37.53667611952188,14.08648464579389,island," - "
6.9.4,Σπαρτιάτης,http://pleiades.stoa.org/places/570685,37.08149,22.42454,"theatre,temple,settlement,temple-2"," - "
6.9.5,Αἰγινήτης,http://pleiades.stoa.org/places/579844,37.74991,23.42372,"island,settlement,temple-2"," - "
6.9.5,Γελῷον,http://pleiades.stoa.org/places/462214,37.062775,14.258433,"sanctuary,settlement"," - "
6.9.5,εἰκόνα,http://arachne.dainst.org/entity/4020533,37.638043,21.630599,NULL," - "
6.9.5,Κροτωνιάτης,http://pleiades.stoa.org/places/452317,39.028864,17.205128,"city-wall,sanctuary,settlement"," - "
6.9.5,Σικελίας,http://pleiades.stoa.org/places/462492,37.53667611952188,14.08648464579389,island," - "
6.9.5,Συρακούσας,http://pleiades.stoa.org/places/462503,37.05963,15.29382,settlement," - "
6.9.5,Συρακούσιον,http://pleiades.stoa.org/places/462503,37.05963,15.29382,settlement," - "
6.9.6,Ἀστυπάλαιαν,http://pleiades.stoa.org/places/599536,36.54413,26.35528,"island,settlement"," - "
6.9.6,Ἀστυπαλαιέα,http://pleiades.stoa.org/places/599536,36.54413,26.35528,"island,settlement"," - "
6.9.6,Ἐπιδαυρίῳ,http://pleiades.stoa.org/places/570228,37.596111,23.079167,"theatre,sanctuary,settlement"," - "
6.9.7,Ἀστυπαλαιεῖς,http://pleiades.stoa.org/places/599536,36.54413,26.35528,"island,settlement"," - "
6.9.7,Δελφοὺς,http://pleiades.stoa.org/places/540726,38.482289,22.501169,"sanctuary,settlement"," - "
6.9.8,Ἀστυπαλαιεῖς,http://pleiades.stoa.org/places/599536,36.54413,26.35528,"island,settlement"," - "
6.9.8,Ἀστυπαλαιεύς,http://pleiades.stoa.org/places/599536,36.54413,26.35528,"island,settlement"," - "
6.9.9,Αἰγινήτου,http://pleiades.stoa.org/places/579844,37.74991,23.42372,"island,settlement,temple-2"," - "
6.9.9,ἀνάκειται,http://arachne.dainst.org/entity/3586595,37.638043,21.630599,NULL," - "
6.9.9,ἀνάκειται,http://arachne.dainst.org/entity/3586647,37.638043,21.630599,NULL," - "
6.9.9,"Γέλωνος τὸ ἅρμα",http://arachne.dainst.org/entity/4020533,37.638043,21.630599,NULL,NULL
6.9.9,Κόρκυρα,http://pleiades.stoa.org/places/530834,39.60733,19.92178,settlement," - "
6.9.9,Μαντινεὺς,http://pleiades.stoa.org/places/570459,37.618138,22.393259,settlement," - "
6.10.1,Ἀνθηδόνος,http://pleiades.stoa.org/places/540639,38.498583,23.448834,settlement," - "
6.10.1,Βοιωτῶν,http://pleiades.stoa.org/places/540689,38.34668803333333,23.184677533333332,region," - "
6.10.1,ἕστηκεν,http://arachne.dainst.org/entity/3586596,37.638043,21.630599,NULL," - "
6.10.1,Καρύστιος,http://pleiades.stoa.org/places/570336,38.0165,24.4204,settlement," - "
6.10.2,Ὀλυμπίαν,http://pleiades.stoa.org/places/570531,37.637849,21.630126,"palaistra,sanctuary,temple-2",NULL
6.10.3,Αἰγινήτης,http://pleiades.stoa.org/places/579844,37.74991,23.42372,"island,settlement,temple-2"," - "
6.10.3,εἰκόνα,http://arachne.dainst.org/entity/3586596,37.638043,21.630599,NULL,NULL
6.10.3,Καρύστιοι,http://pleiades.stoa.org/places/570336,38.0165,24.4204,settlement," - "
6.10.4,ἀνδριὰς,http://arachne.dainst.org/entity/3586597,37.638043,21.630599,NULL," - "
6.10.4,Ἑλλήνων,http://pleiades.stoa.org/places/1001896,37.5,22.5,province," - "
6.10.4,Ἠλείων,http://pleiades.stoa.org/places/570220,37.89131,21.37493,"theatre,settlement"," - "
6.10.4,Ἡραιεῖ,http://pleiades.stoa.org/places/570287,37.613569,21.863791,settlement," - "
6.10.4,Ὀλυμπίᾳ,http://pleiades.stoa.org/places/570531,37.637849,21.630126,"palaistra,sanctuary,temple-2",NULL
6.10.5,Ἀργεῖοι,http://pleiades.stoa.org/places/570106,37.631561,22.719464,settlement," - "
6.10.5,Ἀργείων,http://pleiades.stoa.org/places/570106,37.631561,22.719464,settlement," - "
6.10.5,"δὲ τοῦ πατρὸς αὐτοῦ",http://arachne.dainst.org/entity/3586598,37.638043,21.630599,NULL," - "
6.10.5,εἰκόνα,http://arachne.dainst.org/entity/3586599,37.638043,21.630599,NULL," - "
6.10.5,Ταραντῖνος,http://pleiades.stoa.org/places/442810,40.476034,17.228553,"settlement,temple-2"," - "
6.10.6,Ἑλλήνων,http://pleiades.stoa.org/places/1001896,37.5,22.5,province," - "
6.10.6,Ἐπιδαμνίου,http://pleiades.stoa.org/places/481818,41.31497,19.44594,"amphitheatre,settlement,port"," - "
6.10.6,Ἠλεῖος,http://pleiades.stoa.org/places/570220,37.89131,21.37493,"theatre,settlement"," - "
6.10.6,Ἴκκον,http://arachne.dainst.org/entity/3586600,37.638043,21.630599,NULL," - "
6.10.6,Παντάρκει,http://arachne.dainst.org/entity/3586601,37.638043,21.630599,NULL," - "
6.10.6,Πλαταιᾶσιν,http://pleiades.stoa.org/places/541063,38.221019,23.273866,settlement," - "
6.10.6,"τοῦ Διὸς",http://arachne.dainst.org/entity/3586482,37.638043,21.630599,NULL," - "
6.10.7,Ἐπιδάμνου,http://pleiades.stoa.org/places/481818,41.31497,19.44594,"amphitheatre,settlement,port",NULL
6.10.8,Ἀθηναίου,http://pleiades.stoa.org/places/579885,37.971687,23.726464,settlement," - "
6.10.8,ἅρματά,http://arachne.dainst.org/entity/3586602,37.638043,21.630599,NULL," - harmaof Evagoras and Miltiades"
6.10.8,Δυρράχιον,http://dare.ht.lu.se/places/16902,41.31497,19.44594,"amphitheatre,settlement,port",NULL
6.10.8,Ἕλλησι,http://pleiades.stoa.org/places/1001896,37.5,22.5,province," - "
6.10.8,Ἐπιδάμνιοι,http://dare.ht.lu.se/places/16902,41.31497,19.44594,"amphitheatre,settlement,port"," - "
6.10.8,Λάκωνος,http://pleiades.stoa.org/places/570406,37.07624042080912,22.46082645177671,region," - "
6.10.8,Ὀλυμπίαν,http://pleiades.stoa.org/places/570531,37.637849,21.630126,"palaistra,sanctuary,temple-2",NULL
6.10.9,Αἰγινήτης,http://pleiades.stoa.org/places/579844,37.74991,23.42372,"island,settlement,temple-2"," - "
6.10.9,ἀνδριὰς,http://arachne.dainst.org/entity/3586603,37.638043,21.630599,NULL," - "
6.10.9,Ἠλεῖον,http://pleiades.stoa.org/places/570220,37.89131,21.37493,"theatre,settlement"," - "
6.10.9,Ἡραιέα,http://pleiades.stoa.org/places/570287,37.613569,21.863791,settlement," - "
6.10.9,Μαντινέα,http://pleiades.stoa.org/places/570459,37.618138,22.393259,settlement," - "
6.10.9,Ὀρεσθάσιον,http://topostext.org/place/373222POre,37.3545,22.2156,NULL," - "
6.10.9,"τὸν δὲ Ἀγιάδαν",http://arachne.dainst.org/entity/3586606,37.638043,21.630599,NULL," - "
6.10.9,"τὸν δὲ Τέλλωνα",http://arachne.dainst.org/entity/3586605,37.638043,21.630599,NULL," - "
6.10.9,"τὸν μὲν",http://arachne.dainst.org/entity/3586604,37.638043,21.630599,NULL," - "
6.11.1,εἰκών,http://arachne.dainst.org/entity/4020535,37.638043,21.630599,NULL," - "
6.11.1,Ἠλείων,http://pleiades.stoa.org/places/570220,37.89131,21.37493,"theatre,settlement"," - "
6.11.2,ἕστηκεν,http://arachne.dainst.org/entity/3586607,37.638043,21.630599,NULL," - "
6.11.2,Θάσιοι,http://pleiades.stoa.org/places/501635,40.78201,24.717535,"island,settlement"," - "
6.11.2,Θάσιος,http://pleiades.stoa.org/places/501635,40.78201,24.717535,"island,settlement"," - "
6.11.2,Θασίῳ,http://pleiades.stoa.org/places/501635,40.78201,24.717535,"island,settlement"," - "
6.11.3,Ἑλλάδα,http://pleiades.stoa.org/places/1001896,37.5,22.5,province,NULL
6.11.4,Ἠλείων,http://pleiades.stoa.org/places/570220,37.89131,21.37493,"theatre,settlement"," - "
6.11.4,Μαντινείας,http://pleiades.stoa.org/places/570459,37.618138,22.393259,settlement,NULL
6.11.5,Ἕλλησι,http://pleiades.stoa.org/places/1001896,37.5,22.5,province," - "
6.11.5,Θεσσαλῶν,http://pleiades.stoa.org/places/1332,39.6,22.2,region," - "
6.11.5,Πυθοῖ,http://pleiades.stoa.org/places/540726,38.482289,22.501169,"sanctuary,settlement"," - Q649128Pythian Games"
6.11.5,Φθίᾳ,http://pleiades.stoa.org/places/541052,38.8678937,22.6337672,unknown,NULL
6.11.6,Ἀθηναίοις,http://pleiades.stoa.org/places/579885,37.971687,23.726464,settlement," - "
6.11.6,Θάσιοι,http://pleiades.stoa.org/places/501635,40.78201,24.717535,"island,settlement"," - "
6.11.7,γῆ,http://pleiades.stoa.org/places/501635,40.78201,24.717535,"island,settlement"," - "
6.11.7,Δελφούς,http://pleiades.stoa.org/places/540726,38.482289,22.501169,"sanctuary,settlement"," - "
6.11.7,Θασίοις,http://pleiades.stoa.org/places/501635,40.78201,24.717535,"island,settlement"," - "
6.11.8,Θάσιοι,http://pleiades.stoa.org/places/501635,40.78201,24.717535,"island,settlement"," - "
6.11.9,Αἰγινήτου,http://pleiades.stoa.org/places/579844,37.74991,23.42372,"island,settlement,temple-2"," - "
6.11.9,Ἄλτει,http://topostext.org/place/376216SAlt,37.63754,21.62975,NULL," - "
6.11.9,ἀνδριὰς,http://arachne.dainst.org/entity/3586607,37.638043,21.630599,NULL," - "
6.11.9,Ἕλλησι,http://pleiades.stoa.org/places/1001896,37.5,22.5,province," - "
6.12.1,Αἰγινήτου,http://pleiades.stoa.org/places/579844,37.74991,23.42372,"island,settlement,temple-2"," - "
6.12.1,"ἅρμα τέ ἐστι χαλκοῦν",http://arachne.dainst.org/entity/4020536,37.638043,21.630599,NULL," - "
6.12.1,Συρακουσίων,http://pleiades.stoa.org/places/462503,37.05963,15.29382,settlement," - "
6.12.2,ἀνήρ,http://arachne.dainst.org/entity/4020537,37.638043,21.630599,NULL," - "
6.12.2,"Ἱέρωνος τὸ ἅρμα",http://arachne.dainst.org/entity/4020536,37.638043,21.630599,NULL," - "
6.12.2,Κυρηναῖος,http://pleiades.stoa.org/places/373778,32.818736,21.856169,settlement," - "
6.12.2,Συρακούσαις,http://pleiades.stoa.org/places/462503,37.05963,15.29382,settlement,NULL
6.12.2,Συρακουσίοις,http://pleiades.stoa.org/places/462503,37.05963,15.29382,settlement," - "
6.12.3,Καρχηδόνιοι,http://pleiades.stoa.org/places/314921,36.857569,10.327986,"amphitheatre,cemetery,villa,theatre,port,church,settlement,circus,bath"," - "
6.12.3,Καρχηδονίων,http://pleiades.stoa.org/places/314921,36.857569,10.327986,"amphitheatre,cemetery,villa,theatre,port,church,settlement,circus,bath"," - "
6.12.3,Ῥωμαίων,http://pleiades.stoa.org/places/423025,41.89262,12.4843457,"settlement,urban"," - "
6.12.3,Σικελίας,http://pleiades.stoa.org/places/462492,37.53667611952188,14.08648464579389,island," - "
6.12.4,ἀνδριάντας,http://arachne.dainst.org/entity/4020537,37.638043,21.630599,NULL," - "
6.12.4,Ἐρβησσοῦ,http://pleiades.stoa.org/places/462239,37.42658,14.30061,settlement,NULL
6.12.4,Ὀλυμπίᾳ,http://pleiades.stoa.org/places/570531,37.637849,21.630126,"palaistra,sanctuary,temple-2",NULL
6.12.4,Συρακούσας,http://pleiades.stoa.org/places/462503,37.05963,15.29382,settlement," - "
6.12.4,Συρακούσιος,http://pleiades.stoa.org/places/462503,37.05963,15.29382,settlement," - "
6.12.4,Συρακουσίου,http://pleiades.stoa.org/places/462503,37.05963,15.29382,settlement," - "
6.12.5,ἀναβεβηκώς,http://arachne.dainst.org/entity/3586610,37.638043,21.630599,NULL," - "
6.12.5,Ἄρατος,http://arachne.dainst.org/entity/3586609,37.638043,21.630599,NULL," - "
6.12.5,Ἀρεὺς,http://arachne.dainst.org/entity/3586608,37.638043,21.630599,NULL," - "
6.12.5,εἰκόνας,http://arachne.dainst.org/entity/4020537,37.638043,21.630599,NULL," - "
6.12.5,Ἠλείων,http://pleiades.stoa.org/places/570220,37.89131,21.37493,"theatre,settlement"," - "
6.12.5,Κορινθίων,http://pleiades.stoa.org/places/570182,37.906045,22.878721,"sanctuary,settlement,fort"," - "
6.12.5,Λακεδαιμονίων,http://pleiades.stoa.org/places/570406,37.07624042080912,22.46082645177671,region," - "
6.12.5,Ὀλυμπίᾳ,http://pleiades.stoa.org/places/570531,37.637849,21.630126,"palaistra,sanctuary,temple-2",NULL
6.12.6,ἀνδριάντα,http://arachne.dainst.org/entity/3586612,37.638043,21.630599,NULL," - "
6.12.6,Ἠλείους,http://pleiades.stoa.org/places/570220,37.89131,21.37493,"theatre,settlement"," - "
6.12.6,Ἠλείῳ,http://pleiades.stoa.org/places/570220,37.89131,21.37493,"theatre,settlement"," - "
6.12.6,Ὀλυμπίαν,http://pleiades.stoa.org/places/570531,37.637849,21.630126,"palaistra,sanctuary,temple-2",NULL
6.12.6,"τὸν μὲν αὐτῶν",http://arachne.dainst.org/entity/3586611,37.638043,21.630599,NULL," - "
6.12.6,"τοῦτο χαλκοῦν",http://arachne.dainst.org/entity/3586615,37.638043,21.630599,NULL," - objectTimon s. Aisypos Elean with Nike, bronze"
6.12.7,ἐπίγραμμα,http://arachne.dainst.org/entity/3586614,37.638043,21.630599,NULL," - "
6.12.7,Ἰσθμῷ,http://pleiades.stoa.org/places/570316,37.9158514,22.992664,"sanctuary,temple-2"," - Q675181Isthmian Games"
6.12.7,Κυρηναῖον,http://pleiades.stoa.org/places/373778,32.818736,21.856169,settlement," - "
6.12.7,Λίβυσι,http://pleiades.stoa.org/places/716588,31.5,26.5,region," - "
6.12.7,Ὀλυμπίᾳ,http://pleiades.stoa.org/places/570531,37.637849,21.630126,"palaistra,sanctuary,temple-2",NULL
6.12.8,Ἀρκάδας,http://pleiades.stoa.org/places/570102,37.567419268449626,22.165323097346306,region," - "
6.12.8,Ἀρκαδίᾳ,http://pleiades.stoa.org/places/570102,37.567419268449626,22.165323097346306,region,NULL
6.12.8,Ἀρκάδων,http://pleiades.stoa.org/places/570102,37.567419268449626,22.165323097346306,region," - "
6.12.8,Ἰσθμῷ,http://pleiades.stoa.org/places/570316,37.9158514,22.992664,"sanctuary,temple-2"," - Q675181Isthmian Games"
6.12.8,"Μεγάλην πόλιν",http://topostext.org/place/374221PMeg,37.4124,22.1273,NULL,NULL
6.12.8,Νεμέᾳ,http://pleiades.stoa.org/places/570504,37.808904,22.7108171,"sanctuary,temple-2"," - Q527006Nemean Games"
6.12.8,Ὀλυμπίᾳ,http://pleiades.stoa.org/places/570531,37.637849,21.630126,"palaistra,sanctuary,temple-2",NULL
6.12.8,Πυθοῖ,http://pleiades.stoa.org/places/540726,38.482289,22.501169,"sanctuary,settlement"," - Q649128Pythian Games"
6.12.8,Τριταιέα,http://pleiades.stoa.org/places/570755,37.959,21.687,settlement," - "
6.12.8,Τριταιεῖς,http://pleiades.stoa.org/places/570755,37.959,21.687,settlement," - "
6.12.9,Ἀρκάδας,http://pleiades.stoa.org/places/570102,37.567419268449626,22.165323097346306,region," - "
6.12.9,Ἀρκάδων,http://pleiades.stoa.org/places/570102,37.567419268449626,22.165323097346306,region," - "
6.12.9,Ἀχαιῶν,http://pleiades.stoa.org/places/570028,38.102121472776034,22.224585911364017,region," - "
6.12.9,εἰκὼν,http://arachne.dainst.org/entity/3586613,37.638043,21.630599,NULL," - "
6.12.9,Ἕλλησι,http://pleiades.stoa.org/places/1001896,37.5,22.5,province," - "
6.12.9,Τριταιεῖς,http://pleiades.stoa.org/places/570755,37.959,21.687,settlement," - "
6.13.1,εἰκόνα,http://arachne.dainst.org/entity/3586618,39.081253,17.132063,NULL," - "
6.13.1,ἔργον,http://arachne.dainst.org/entity/3586617,37.638043,21.630599,NULL," - "
6.13.1,"Ἥρᾳ τῇ Λακινίᾳ",http://pleiades.stoa.org/places/452332,39.028864,17.205128,"city-wall,sanctuary,settlement"," - "
6.13.1,Κροτωνιᾶται,http://pleiades.stoa.org/places/452317,39.028864,17.205128,"city-wall,sanctuary,settlement"," - "
6.13.1,Κροτωνιάτης,http://pleiades.stoa.org/places/452317,39.028864,17.205128,"city-wall,sanctuary,settlement"," - "
6.13.1,Συρακούσιον,http://pleiades.stoa.org/places/462503,37.05963,15.29382,settlement," - "
6.13.2,Ἀθηναίου,http://pleiades.stoa.org/places/579885,37.971687,23.726464,settlement," - "
6.13.2,ἀνδριάντα,http://arachne.dainst.org/entity/3586619,37.638043,21.630599,NULL," - andrias|misidentified?|objectPortrait statue by Myron next to Stele of Chionis"
6.13.2,Ἠλεῖοι,http://pleiades.stoa.org/places/570220,37.89131,21.37493,"theatre,settlement"," - "
6.13.2,Λακεδαιμονίου,http://pleiades.stoa.org/places/570406,37.07624042080912,22.46082645177671,region," - "
6.13.2,Λακεδαιμονίων,http://pleiades.stoa.org/places/570406,37.07624042080912,22.46082645177671,region," - "
6.13.2,Ὀλυμπίᾳ,http://pleiades.stoa.org/places/570531,37.637849,21.630126,"palaistra,sanctuary,temple-2",NULL
6.13.3,Ἑλλήνων,http://pleiades.stoa.org/places/1001896,37.5,22.5,province," - "
6.13.3,Καρίᾳ,http://pleiades.stoa.org/places/991381,37.213163833551015,28.088996902733474,province,NULL
6.13.3,Κεράμου,http://pleiades.stoa.org/places/599707,37.042418,27.951332,settlement,NULL
6.13.3,Λύκιος,http://pleiades.stoa.org/places/638965,36.513688333333334,29.129618500000003,region," - "
6.13.3,Ξάνθιος,http://pleiades.stoa.org/places/639166,36.355934,29.31836,"theatre,settlement"," - "
6.13.3,Ὀλυμπίᾳ,http://pleiades.stoa.org/places/570531,37.637849,21.630126,"palaistra,sanctuary,temple-2",NULL
6.13.4,Ῥοδίῳ,http://pleiades.stoa.org/places/590031,36.41451,28.15629,"island,settlement,temple-2,stadion"," - "
6.13.5,εἰκών,http://arachne.dainst.org/entity/3586620,37.638043,21.630599,NULL," - eikôn|misidentified?Skaios son of Douris"
6.13.5,Ὀλυμπίᾳ,http://pleiades.stoa.org/places/570531,37.637849,21.630126,"palaistra,sanctuary,temple-2",NULL
6.13.5,Σάμιος,http://pleiades.stoa.org/places/599926,37.73,26.84,"island,sanctuary,settlement,temple-2"," - "
6.13.5,Σαμίων,http://pleiades.stoa.org/places/599926,37.73,26.84,"island,sanctuary,settlement,temple-2"," - "
6.13.6,ἀνάκειται,http://arachne.dainst.org/entity/3586621,37.638043,21.630599,NULL," - "
6.13.6,Ἀργεῖος,http://pleiades.stoa.org/places/570106,37.631561,22.719464,settlement," - "
6.13.6,Ἐπιδαύριον,http://pleiades.stoa.org/places/570228,37.596111,23.079167,"theatre,sanctuary,settlement"," - "
6.13.6,"Θερσίλοχον δὲ",http://arachne.dainst.org/entity/3586622,37.638043,21.630599,NULL," - "
6.13.6,Ἰώνων,http://pleiades.stoa.org/places/550597,38.258572855555556,27.36601213333333,region," - "
6.13.6,Κορκυραῖον,http://pleiades.stoa.org/places/530834,39.60733,19.92178,settlement," - "
6.13.6,Ὀλυμπίᾳ,http://pleiades.stoa.org/places/570531,37.637849,21.630126,"palaistra,sanctuary,temple-2",NULL
6.13.6,Σμυρναῖος,http://pleiades.stoa.org/places/550893,38.41905,27.1383,settlement," - "
6.13.6,"τὸν μὲν",http://arachne.dainst.org/entity/3586623,37.638043,21.630599,NULL," - "
6.13.7,Ἄργει,http://pleiades.stoa.org/places/570106,37.631561,22.719464,settlement," - agônNemean Games"
6.13.7,Ἀργείῳ,http://pleiades.stoa.org/places/570106,37.631561,22.719464,settlement," - "
6.13.7,Βύκελον,http://arachne.dainst.org/entity/3586624,37.638043,21.630599,NULL," - "
6.13.7,εἰκόνα,http://arachne.dainst.org/entity/3586625,37.638043,21.630599,NULL," - "
6.13.7,ἐπίγραμμα,http://arachne.dainst.org/entity/3586626,37.638043,21.630599,NULL," - "
6.13.7,Κυζικηνῷ,http://pleiades.stoa.org/places/511218,40.389806,27.874127,"amphitheatre,settlement"," - "
6.13.7,Κυρηναῖος,http://pleiades.stoa.org/places/373778,32.818736,21.856169,settlement," - "
6.13.7,Ῥηγῖνος,http://pleiades.stoa.org/places/452416,38.111146,15.649244,"sanctuary,settlement,architecturalcomplex"," - "
6.13.7,Σικυωνίου,http://pleiades.stoa.org/places/570668,37.98336,22.71135,settlement," - "
6.13.7,Σικυωνίων,http://pleiades.stoa.org/places/570668,37.98336,22.71135,settlement," - "
6.13.8,Ἀργείοις,http://pleiades.stoa.org/places/570106,37.631561,22.719464,settlement," - "
6.13.8,Εὐρίπῳ,http://pleiades.stoa.org/places/540783,38.46276,23.58944,"bridge,settlement,water-open",NULL
6.13.8,Κορινθίοις,http://pleiades.stoa.org/places/570182,37.906045,22.878721,"sanctuary,settlement,fort"," - "
6.13.8,Νάξου,http://pleiades.stoa.org/places/462386,37.82124,15.27149,settlement,NULL
6.13.8,Ὀλυμπίᾳ,http://pleiades.stoa.org/places/570531,37.637849,21.630126,"palaistra,sanctuary,temple-2",NULL
6.13.8,Πυθοῖ,http://pleiades.stoa.org/places/540726,38.482289,22.501169,"sanctuary,settlement"," - Q649128Pythian Games"
6.13.8,Σικελίᾳ,http://pleiades.stoa.org/places/462492,37.53667611952188,14.08648464579389,island," - "
6.13.8,Τίσανδρος,http://arachne.dainst.org/entity/3586627,37.638043,21.630599,NULL," - "
6.13.8,Χαλκιδέων,http://pleiades.stoa.org/places/540703,38.464,23.602,settlement," - "
6.13.9,Ἠλεῖοι,http://pleiades.stoa.org/places/570220,37.89131,21.37493,"theatre,settlement"," - "
6.13.9,ἵππον,http://arachne.dainst.org/entity/3586628,37.638043,21.630599,NULL," - hipposAura its name"
6.13.9,Κορίνθιοι,http://pleiades.stoa.org/places/570182,37.906045,22.878721,"sanctuary,settlement,fort"," - "
6.13.9,Κορινθίου,http://pleiades.stoa.org/places/570182,37.906045,22.878721,"sanctuary,settlement,fort"," - "
6.13.10,Ἠλείων,http://pleiades.stoa.org/places/570220,37.89131,21.37493,"theatre,settlement"," - "
6.13.10,"ἵππος ἐπὶ στήλῃ πεποιημένος",http://arachne.dainst.org/entity/3586632,37.638043,21.630599,NULL," - "
6.13.10,Ἴσθμιʼ,http://pleiades.stoa.org/places/570316,37.9158514,22.992664,"sanctuary,temple-2",NULL
6.13.11,Ἀγαθῖνον,http://arachne.dainst.org/entity/3586629,37.638043,21.630599,NULL," - "
6.13.11,Ἀθηναίων,http://pleiades.stoa.org/places/579885,37.971687,23.726464,settlement," - "
6.13.11,Ἀχαιοὶ,http://pleiades.stoa.org/places/570028,38.102121472776034,22.224585911364017,region," - "
6.13.11,εἰκών,http://arachne.dainst.org/entity/3586630,37.638043,21.630599,NULL," - "
6.13.11,Ἠλείοις,http://pleiades.stoa.org/places/570220,37.89131,21.37493,"theatre,settlement"," - "
6.13.11,Ὀλυμπίᾳ,http://pleiades.stoa.org/places/570531,37.637849,21.630126,"palaistra,sanctuary,temple-2",NULL
6.13.11,Πελληνεῖς,http://pleiades.stoa.org/places/570576,38.0446,22.5384,settlement," - "
6.14.1,Ἀθηναῖον,http://pleiades.stoa.org/places/579885,37.971687,23.726464,settlement," - "
6.14.1,Αἰγινήτης,http://pleiades.stoa.org/places/579844,37.74991,23.42372,"island,settlement,temple-2"," - "
6.14.1,Ἀριστοφῶντα,http://arachne.dainst.org/entity/3586631,37.638043,21.630599,NULL," - "
6.14.1,Ὀλυμπίᾳ,http://pleiades.stoa.org/places/570531,37.637849,21.630126,"palaistra,sanctuary,temple-2",NULL
6.14.1,οὗτος,http://arachne.dainst.org/entity/3586633,37.638043,21.630599,NULL," - "
6.14.1,Ῥόδιος,http://pleiades.stoa.org/places/590031,36.41451,28.15629,"island,settlement,temple-2,stadion"," - "
6.14.2,Ἠλείων,http://pleiades.stoa.org/places/570220,37.89131,21.37493,"theatre,settlement"," - "
6.14.2,Ἰσθμῷ,http://pleiades.stoa.org/places/570316,37.9158514,22.992664,"sanctuary,temple-2"," - Q675181Isthmian Games"
6.14.2,Νεμέᾳ,http://pleiades.stoa.org/places/570504,37.808904,22.7108171,"sanctuary,temple-2"," - Q527006Nemean Games"
6.14.2,Ὀλυμπίᾳ,http://pleiades.stoa.org/places/570531,37.637849,21.630126,"palaistra,sanctuary,temple-2",NULL
6.14.2,Ῥοδίου,http://pleiades.stoa.org/places/590031,36.41451,28.15629,"island,settlement,temple-2,stadion"," - "
6.14.2,Ῥόδον,http://pleiades.stoa.org/places/590031,36.41451,28.15629,"island,settlement,temple-2,stadion",NULL
6.14.2,Τραλλιανὸς,http://pleiades.stoa.org/places/599987,37.859752,27.833862,"theatre,settlement"," - "
6.14.3,Ἰώνων,http://pleiades.stoa.org/places/550597,38.258572855555556,27.36601213333333,region," - "
6.14.3,Ὀλυμπίας,http://pleiades.stoa.org/places/570531,37.637849,21.630126,"palaistra,sanctuary,temple-2"," - "
6.14.3,Σμυρναῖοι,http://pleiades.stoa.org/places/550893,38.41905,27.1383,settlement," - "
6.14.4,εἰκόνος,http://arachne.dainst.org/entity/3586634,37.638043,21.630599,NULL," - "
6.14.4,Ἐρετριεὺς,http://pleiades.stoa.org/places/540767,39.290562,22.607216,"settlement,temple-2"," - "
6.14.4,ἵππος,http://arachne.dainst.org/entity/3586635,37.638043,21.630599,NULL," - "
6.14.4,Μεσσήνιος,http://pleiades.stoa.org/places/570480,37.06945533333334,21.9323415,region," - "
6.14.4,Τελέστας,http://arachne.dainst.org/entity/3586636,37.638043,21.630599,NULL," - "
6.14.5,Κρότωνος,http://pleiades.stoa.org/places/452317,39.028864,17.205128,"city-wall,sanctuary,settlement",NULL
6.14.5,Μίλωνα,http://arachne.dainst.org/entity/3586637,37.638043,21.630599,NULL," - "
6.14.5,Ὀλυμπίᾳ,http://pleiades.stoa.org/places/570531,37.637849,21.630126,"palaistra,sanctuary,temple-2",NULL
6.14.5,Ὀλυμπίαν,http://pleiades.stoa.org/places/570531,37.637849,21.630126,"palaistra,sanctuary,temple-2",NULL
6.14.5,Πυθοῖ,http://pleiades.stoa.org/places/540726,38.482289,22.501169,"sanctuary,settlement"," - Q649128Pythian Games"
6.14.6,Ἄλτιν,http://topostext.org/place/376216SAlt,37.63754,21.62975,NULL,NULL
6.14.6,ἀνδριάντα,http://arachne.dainst.org/entity/3586637,37.638043,21.630599,NULL," - "
6.14.8,Κροτωνιάτιδι,http://pleiades.stoa.org/places/452317,39.028864,17.205128,"city-wall,sanctuary,settlement"," - "
6.14.9,Ἀθηναίους,http://pleiades.stoa.org/places/579885,37.971687,23.726464,settlement," - "
6.14.9,Ἄλτιν,http://topostext.org/place/376216SAlt,37.63754,21.62975,NULL,NULL
6.14.9,Ἀργεῖον,http://pleiades.stoa.org/places/570106,37.631561,22.719464,settlement," - "
6.14.9,"ἐκτετυπωμένος ἐπὶ στήλῃ",http://arachne.dainst.org/entity/3586639,37.638043,21.630599,NULL," - "
6.14.9,Ἠλεῖος,http://pleiades.stoa.org/places/570220,37.89131,21.37493,"theatre,settlement"," - "
6.14.9,Θεσπρωτίδι,http://pleiades.stoa.org/places/531117,39.75,20.25,people,NULL
6.14.9,Πύρρον,http://arachne.dainst.org/entity/3586638,37.638043,21.630599,NULL," - "
6.14.10,ἀνέθεσαν,http://arachne.dainst.org/entity/3586640,37.638043,21.630599,NULL," - anathêmaKoinon of the Aetolians"
6.14.10,μνᾶμα,http://arachne.dainst.org/entity/3586639,37.638043,21.630599,NULL," - "
6.14.10,Ὀλυμπίᾳ,http://pleiades.stoa.org/places/570531,37.637849,21.630126,"palaistra,sanctuary,temple-2",NULL
6.14.10,Σικυώνιος,http://pleiades.stoa.org/places/570668,37.98336,22.71135,settlement," - "
6.14.11,Ἀθηναῖος,http://pleiades.stoa.org/places/579885,37.971687,23.726464,settlement," - "
6.14.11,Ἀργείου,http://pleiades.stoa.org/places/570106,37.631561,22.719464,settlement," - "
6.14.11,Βοιώτιος,http://topostext.org/place/384233RBoi,38.35,23.25,NULL," - "
6.14.11,εἰκόνα,http://arachne.dainst.org/entity/3586642,37.638043,21.630599,NULL," - "
6.14.11,εἰκόνα,http://arachne.dainst.org/entity/3586643,37.638043,21.630599,NULL," - "
6.14.11,Ἠλεῖος,http://pleiades.stoa.org/places/570220,37.89131,21.37493,"theatre,settlement"," - "
6.14.11,Ἠλείους,http://pleiades.stoa.org/places/570220,37.89131,21.37493,"theatre,settlement"," - "
6.14.11,Μεσσήνιον,http://pleiades.stoa.org/places/570479,37.175491,21.920439,"sanctuary,settlement,fort"," - "
6.14.11,Ταραντῖνος,http://pleiades.stoa.org/places/442810,40.476034,17.228553,"settlement,temple-2"," - "
6.14.11,τέχνη,http://arachne.dainst.org/entity/3586644,37.638043,21.630599,NULL," - "
6.14.11,"τὸν μὲν",http://arachne.dainst.org/entity/3586641,37.638043,21.630599,NULL," - "
6.14.12,Ἀβδήρων,http://pleiades.stoa.org/places/501323,40.93119,24.97363,settlement," - "
6.14.12,Αἰγινήτης,http://pleiades.stoa.org/places/579844,37.74991,23.42372,"island,settlement,temple-2"," - "
6.14.12,"ἄνδρα παρὰ τὸν ἵππον",http://arachne.dainst.org/entity/4020538,37.638043,21.630599,NULL," - objectXenobrotos"
6.14.12,εἰκόνας,http://arachne.dainst.org/entity/3586645,37.638043,21.630599,NULL," - eikôntwo statues"
6.14.12,"Κῶ τῆς Μεροπίδος",http://pleiades.stoa.org/places/599728,36.875681,27.257012,"sanctuary,temple,settlement,temple-2",NULL
6.14.13,Ἄνδριος,http://pleiades.stoa.org/places/589693,37.8528,24.86222,"island,settlement-modern,settlement"," - "
6.14.13,Ἀπολλωνίας,http://pleiades.stoa.org/places/481728,40.720583,19.470413,settlement," - "
6.14.13,αὐτοῖς,http://arachne.dainst.org/entity/3586647,37.638043,21.630599,NULL," - "
6.14.13,εἰκόνες,http://arachne.dainst.org/entity/3586650,37.638043,21.630599,NULL," - eikôntwo portrait statues"
6.14.13,Ἕλλησι,http://pleiades.stoa.org/places/1001896,37.5,22.5,province," - "
6.14.13,Ἠλεῖον,http://pleiades.stoa.org/places/570220,37.89131,21.37493,"theatre,settlement"," - "
6.14.13,Ἠλείῳ,http://pleiades.stoa.org/places/570220,37.89131,21.37493,"theatre,settlement"," - "
6.14.13,Ἱερώνυμος,http://arachne.dainst.org/entity/3586648,37.638043,21.630599,NULL," - "
6.14.13,"Ἰονίῳ κόλπῳ",http://topostext.org/place/408187WIon,39.2,18.7,NULL," - "
6.14.13,ἴσαι,http://arachne.dainst.org/entity/3593192,37.638043,21.630599,NULL," - "
6.14.13,κεῖνται,http://arachne.dainst.org/entity/3586646,37.638043,21.630599,NULL," - "
6.14.13,Κορκυραῖος,http://pleiades.stoa.org/places/530834,39.60733,19.92178,settlement," - "
6.14.13,Μήδων,http://pleiades.stoa.org/places/903080,34.5,46.5,region," - "
6.14.13,Ὀλυμπίᾳ,http://pleiades.stoa.org/places/570531,37.637849,21.630126,"palaistra,sanctuary,temple-2",NULL
6.14.13,Προκλέα,http://arachne.dainst.org/entity/3586649,37.638043,21.630599,NULL," - "
6.15.1,Ἠλεῖον,http://pleiades.stoa.org/places/570220,37.89131,21.37493,"theatre,settlement"," - "
6.15.1,Ἰσθμῷ,http://pleiades.stoa.org/places/570316,37.9158514,22.992664,"sanctuary,temple-2"," - Q675181Isthmian Games"
6.15.1,Κλεινόμαχον,http://arachne.dainst.org/entity/3586653,37.638043,21.630599,NULL," - "
6.15.1,κρατήσαντι,http://arachne.dainst.org/entity/3586651,37.638043,21.630599,NULL," - "
6.15.1,Λεπρέου,http://pleiades.stoa.org/places/570423,37.439599,21.724777,settlement," - "
6.15.1,Μεσσήνιος,http://pleiades.stoa.org/places/570480,37.06945533333334,21.9323415,region," - "
6.15.1,Μιτυληναῖοι,http://pleiades.stoa.org/places/550763,39.05495,26.489422,"settlement,aqueduct"," - "
6.15.1,Μιτυληναίῳ,http://pleiades.stoa.org/places/550763,39.05495,26.489422,"settlement,aqueduct"," - "
6.15.1,Νεμέᾳ,http://pleiades.stoa.org/places/570504,37.808904,22.7108171,"sanctuary,temple-2"," - Q527006Nemean Games"
6.15.1,Ὀλυμπίᾳ,http://pleiades.stoa.org/places/570531,37.637849,21.630126,"palaistra,sanctuary,temple-2",NULL
6.15.1,παῖδα,http://arachne.dainst.org/entity/3586652,37.638043,21.630599,NULL," - "
6.15.1,Πυθοῖ,http://pleiades.stoa.org/places/540726,38.482289,22.501169,"sanctuary,settlement"," - Q649128Pythian Games"
6.15.1,Τριφυλίᾳ,http://pleiades.stoa.org/places/570754,37.75,21.75,region," - "
6.15.2,Αἰτωλῶν,http://pleiades.stoa.org/places/540591,38.51586100952381,21.759714990476194,region," - "
6.15.2,ἀνέθηκεν,http://arachne.dainst.org/entity/3586656,37.638043,21.630599,NULL," - "
6.15.2,αὐτὸν,http://arachne.dainst.org/entity/3586657,37.638043,21.630599,NULL," - "
6.15.2,Ἀχαιοῖς,http://pleiades.stoa.org/places/570028,38.102121472776034,22.224585911364017,region," - "
6.15.2,Ἀχαιῶν,http://pleiades.stoa.org/places/570028,38.102121472776034,22.224585911364017,region," - "
6.15.2,"ἐπʼ αὐτῷ",http://arachne.dainst.org/entity/3586654,37.638043,21.630599,NULL," - "
6.15.2,Ἠλείοις,http://pleiades.stoa.org/places/570220,37.89131,21.37493,"theatre,settlement"," - "
6.15.2,Ἠλεῖον,http://pleiades.stoa.org/places/570220,37.89131,21.37493,"theatre,settlement"," - "
6.15.2,Ἠλεῖος,http://pleiades.stoa.org/places/570220,37.89131,21.37493,"theatre,settlement"," - "
6.15.2,Ὀλυμπίᾳ,http://pleiades.stoa.org/places/570531,37.637849,21.630126,"palaistra,sanctuary,temple-2",NULL
6.15.2,Σαρδιανοῦ,http://pleiades.stoa.org/places/550867,38.488333,28.040278,settlement," - "
6.15.2,τέχνη,http://arachne.dainst.org/entity/3586658,37.638043,21.630599,NULL," - "
6.15.2,ὑπόμνημά,http://arachne.dainst.org/entity/3586655,37.638043,21.630599,NULL," - "
6.15.2,Χῖος,http://pleiades.stoa.org/places/550496,38.37641,26.1342335,settlement," - "
6.15.3,εἰκόνα,http://arachne.dainst.org/entity/3586659,37.638043,21.630599,NULL," - "
6.15.3,Θάσιον,http://pleiades.stoa.org/places/501635,40.78201,24.717535,"island,settlement"," - "
6.15.3,Θηβαίου,http://pleiades.stoa.org/places/541138,38.318092,23.255096,"sanctuary,settlement"," - "
6.15.3,Ἰσθμῷ,http://pleiades.stoa.org/places/570316,37.9158514,22.992664,"sanctuary,temple-2"," - Q675181Isthmian Games"
6.15.3,Ὀλυμπίᾳ,http://pleiades.stoa.org/places/570531,37.637849,21.630126,"palaistra,sanctuary,temple-2",NULL
6.15.3,Πυθοῖ,http://pleiades.stoa.org/places/540726,38.482289,22.501169,"sanctuary,settlement"," - Q649128Pythian Games"
6.15.4,Ἠλεῖον,http://pleiades.stoa.org/places/570220,37.89131,21.37493,"theatre,settlement"," - "
6.15.6,εἰκόνας,http://arachne.dainst.org/entity/3652699,37.638043,21.630599,NULL," - "
6.15.6,Ἐπιθέρσην,http://arachne.dainst.org/entity/3586660,37.638043,21.630599,NULL," - "
6.15.6,Ἐρυθραῖοι,http://pleiades.stoa.org/places/550535,38.38122,26.48103,"settlement,port"," - proxy|ErythraeansIonia"
6.15.6,Ἰσθμῷ,http://pleiades.stoa.org/places/570316,37.9158514,22.992664,"sanctuary,temple-2"," - Q675181Isthmian Games"
6.15.6,Ἴωνες,http://pleiades.stoa.org/places/550597,38.258572855555556,27.36601213333333,region," - "
6.15.6,Νεμέᾳ,http://pleiades.stoa.org/places/570504,37.808904,22.7108171,"sanctuary,temple-2"," - Q527006Nemean Games"
6.15.6,Ὀλυμπίᾳ,http://pleiades.stoa.org/places/570531,37.637849,21.630126,"palaistra,sanctuary,temple-2",NULL
6.15.6,Πυθοῖ,http://pleiades.stoa.org/places/540726,38.482289,22.501169,"sanctuary,settlement"," - Q649128Pythian Games"
6.15.6,Συρακούσιοι,http://pleiades.stoa.org/places/462503,37.05963,15.29382,settlement," - "
6.15.6,Συρακουσῶν,http://pleiades.stoa.org/places/462503,37.05963,15.29382,settlement," - "
6.15.7,ἀναθήματα,http://arachne.dainst.org/entity/4020539,37.638043,21.630599,NULL," - anathêmaDemetrios and his son Antigonus Gonatas [not monophthalmos]"
6.15.7,ἀνάκειται,http://arachne.dainst.org/entity/3586555,37.638043,21.630599,NULL," - "
6.15.7,ἄνδρα,http://arachne.dainst.org/entity/3586661,37.638043,21.630599,NULL," - "
6.15.7,Βυζαντίων,http://pleiades.stoa.org/places/520985,41.012379,28.975926,"urban,settlement"," - "
6.15.7,Ἠλεῖον,http://pleiades.stoa.org/places/570220,37.89131,21.37493,"theatre,settlement"," - "
6.15.7,Κεφαλλήνων,http://topostext.org/place/382206IKep,38.2,20.59,NULL," - "
6.15.7,Παλεῖς,http://topostext.org/place/382204UPal,38.2226,20.4375,NULL," - "
6.15.7,σχῆμα,http://arachne.dainst.org/entity/3586663,37.638043,21.630599,NULL," - object|unnamedhunter"
6.15.8,εἰκὼν,http://arachne.dainst.org/entity/3586664,37.638043,21.630599,NULL," - "
6.15.8,Σπαρτιάτῃ,http://pleiades.stoa.org/places/570685,37.08149,22.42454,"theatre,temple,settlement,temple-2"," - "
6.15.9,αὐτὸν,http://arachne.dainst.org/entity/3586665,37.638043,21.630599,NULL," - "
6.15.9,Γόργος,http://arachne.dainst.org/entity/3586666,37.638043,21.630599,NULL," - "
6.15.9,Εὐτελίδαν,http://arachne.dainst.org/entity/3586664,37.638043,21.630599,NULL," - "
6.15.9,Ἠλεῖος,http://pleiades.stoa.org/places/570220,37.89131,21.37493,"theatre,settlement"," - "
6.15.9,Λακεδαιμονίων,http://pleiades.stoa.org/places/570406,37.07624042080912,22.46082645177671,region," - "
6.15.9,Ὀλυμπίᾳ,http://pleiades.stoa.org/places/570531,37.637849,21.630126,"palaistra,sanctuary,temple-2",NULL
6.15.10,ἀνδριάντες,http://arachne.dainst.org/entity/3652700,37.638043,21.630599,NULL," - andriastwo"
6.15.10,Ἠλεῖον,http://pleiades.stoa.org/places/570220,37.89131,21.37493,"theatre,settlement"," - "
6.15.10,Ἠλείου,http://pleiades.stoa.org/places/570220,37.89131,21.37493,"theatre,settlement"," - "
6.15.10,τοῦτον,http://arachne.dainst.org/entity/4020540,37.638043,21.630599,NULL," - "
6.16.1,Αἰτωλοῖς,http://pleiades.stoa.org/places/540591,38.51586100952381,21.759714990476194,region," - "
6.16.1,ἀνελομένοις,http://arachne.dainst.org/entity/3586668,37.638043,21.630599,NULL," - "
6.16.1,εἰκόνες,http://arachne.dainst.org/entity/3586667,37.638043,21.630599,NULL," - "
6.16.1,Ἠλείοις,http://pleiades.stoa.org/places/570220,37.89131,21.37493,"theatre,settlement"," - "
6.16.1,Θεσπιεῖς,http://pleiades.stoa.org/places/541141,38.293384,23.154521,settlement," - "
6.16.1,Ὀλυμπίᾳ,http://pleiades.stoa.org/places/570531,37.637849,21.630126,"palaistra,sanctuary,temple-2",NULL
6.16.1,τὸν,http://arachne.dainst.org/entity/3586669,37.638043,21.630599,NULL," - "
6.16.2,Αἰτωλοῖς,http://pleiades.stoa.org/places/540591,38.51586100952381,21.759714990476194,region," - "
6.16.2,Αἰτωλούς,http://pleiades.stoa.org/places/540591,38.51586100952381,21.759714990476194,region," - "
6.16.2,ἀνέθηκε,http://arachne.dainst.org/entity/4020541,37.638043,21.630599,NULL," - "
6.16.2,αὐτὸν,http://arachne.dainst.org/entity/3586454,37.638043,21.630599,NULL," - "
6.16.2,Ἕλλησι,http://pleiades.stoa.org/places/1001896,37.5,22.5,province," - "
6.16.2,Ἠλείοις,http://pleiades.stoa.org/places/570220,37.89131,21.37493,"theatre,settlement"," - "
6.16.2,Ἠλεῖος,http://pleiades.stoa.org/places/570220,37.89131,21.37493,"theatre,settlement"," - "
6.16.2,Θεσσαλοὺς,http://pleiades.stoa.org/places/1332,39.6,22.2,region," - "
6.16.2,Ναυπάκτῳ,http://topostext.org/place/384218UNau,38.3997,21.8313,NULL,NULL
6.16.3,εἰκόνος,http://arachne.dainst.org/entity/3586454,37.638043,21.630599,NULL," - "
6.16.3,Ἑλλάδα,http://arachne.dainst.org/entity/4020542,37.638043,21.630599,NULL," - "
6.16.3,Τίμωνος,http://arachne.dainst.org/entity/3586454,37.638043,21.630599,NULL," - "
6.16.4,Ἀργείοις,http://pleiades.stoa.org/places/570106,37.631561,22.719464,settlement," - "
6.16.4,"ἐπʼ αὐτῷ",http://arachne.dainst.org/entity/3586670,37.638043,21.630599,NULL," - "
6.16.4,Ἠλείῳ,http://pleiades.stoa.org/places/570220,37.89131,21.37493,"theatre,settlement"," - "
6.16.4,Ὀλυμπίᾳ,http://pleiades.stoa.org/places/570531,37.637849,21.630126,"palaistra,sanctuary,temple-2",NULL
6.16.4,Πυθοῖ,http://pleiades.stoa.org/places/540726,38.482289,22.501169,"sanctuary,settlement"," - Q649128Pythian Games"
6.16.5,Αἰγαίῳ,http://topostext.org/place/381253WAeg,38.1,25.3,NULL,NULL
6.16.5,ἀνάθημα,http://arachne.dainst.org/entity/3586674,37.638043,21.630599,NULL," - "
6.16.5,Ἀριστείδου,http://arachne.dainst.org/entity/3586670,37.638043,21.630599,NULL," - "
6.16.5,Ἀρκάδων,http://pleiades.stoa.org/places/570102,37.567419268449626,22.165323097346306,region," - "
6.16.5,εἰκόνα,http://arachne.dainst.org/entity/3586676,37.638043,21.630599,NULL," - "
6.16.5,εἰκὼν,http://arachne.dainst.org/entity/3586675,37.638043,21.630599,NULL," - "
6.16.5,ἕστηκεν,http://arachne.dainst.org/entity/3586671,37.638043,21.630599,NULL," - "
6.16.5,Ἠλεῖοι,http://pleiades.stoa.org/places/570220,37.89131,21.37493,"theatre,settlement"," - "
6.16.5,Ἠλεῖος,http://pleiades.stoa.org/places/570220,37.89131,21.37493,"theatre,settlement"," - "
6.16.5,κρατήσας,http://arachne.dainst.org/entity/3586673,37.638043,21.630599,NULL," - "
6.16.5,Κρητῶν,http://pleiades.stoa.org/places/589748,35.21984439173344,24.995769971494504,island," - "
6.16.5,Μεσσήνιος,http://pleiades.stoa.org/places/570480,37.06945533333334,21.9323415,region," - "
6.16.5,Νάξου,http://pleiades.stoa.org/places/599821,37.10595,25.37699,settlement," - settlement|proxyNaxos in the Aegean"
6.16.5,Ὀλυμπίᾳ,http://pleiades.stoa.org/places/570531,37.637849,21.630126,"palaistra,sanctuary,temple-2",NULL
6.16.5,τοῦτον,http://arachne.dainst.org/entity/3586672,37.638043,21.630599,NULL," - "
6.16.5,Χερρονήσου,http://topostext.org/place/353254PChe,35.3186,25.3905,NULL,NULL
6.16.5,Ψωφιδίων,http://pleiades.stoa.org/places/570638,37.871725,21.892903,settlement," - "
6.16.6,Ἠλείῳ,http://pleiades.stoa.org/places/570220,37.89131,21.37493,"theatre,settlement"," - "
6.16.6,Λακεδαιμονίῳ,http://pleiades.stoa.org/places/570406,37.07624042080912,22.46082645177671,region," - "
6.16.6,Λάκωνος,http://pleiades.stoa.org/places/570406,37.07624042080912,22.46082645177671,region," - "
6.16.6,Σελεάδᾳ,http://arachne.dainst.org/entity/3586678,37.638043,21.630599,NULL," - "
6.16.6,στήλης,http://arachne.dainst.org/entity/3586679,37.638043,21.630599,NULL," - "
6.16.6,"τῷ μὲν",http://arachne.dainst.org/entity/3586677,37.638043,21.630599,NULL," - "
6.16.7,ἄνδρας,http://arachne.dainst.org/entity/3586680,37.638043,21.630599,NULL," - "
6.16.7,Ἀργεῖος,http://pleiades.stoa.org/places/570106,37.631561,22.719464,settlement," - "
6.16.7,εἰκόνα,http://arachne.dainst.org/entity/3586681,37.638043,21.630599,NULL," - "
6.16.7,Ἠλεῖος,http://pleiades.stoa.org/places/570220,37.89131,21.37493,"theatre,settlement"," - "
6.16.7,Ἠλείους,http://pleiades.stoa.org/places/570220,37.89131,21.37493,"theatre,settlement"," - "
6.16.7,Ψωφίδιοι,http://pleiades.stoa.org/places/570638,37.871725,21.892903,settlement," - "
6.16.8,Ἄλτει,http://topostext.org/place/376216SAlt,37.63754,21.62975,NULL," - "
6.16.8,ἀνδριάντα,http://arachne.dainst.org/entity/3586688,37.638043,21.630599,NULL," - "
6.16.8,ἀνελόμενον,http://arachne.dainst.org/entity/3586684,37.638043,21.630599,NULL," - "
6.16.8,Ἀρκάδας,http://pleiades.stoa.org/places/570102,37.567419268449626,22.165323097346306,region," - "
6.16.8,Ἠλείοις,http://pleiades.stoa.org/places/570220,37.89131,21.37493,"theatre,settlement"," - "
6.16.8,Ἠλείους,http://pleiades.stoa.org/places/570220,37.89131,21.37493,"theatre,settlement"," - "
6.16.8,κρατήσαντα,http://arachne.dainst.org/entity/3586683,37.638043,21.630599,NULL," - "
6.16.8,λαβόντα,http://arachne.dainst.org/entity/3586682,37.638043,21.630599,NULL," - "
6.16.8,Λακεδαίμονα,http://pleiades.stoa.org/places/570685,37.08149,22.42454,"theatre,temple,settlement,temple-2",NULL
6.16.8,Λακεδαιμονίῳ,http://pleiades.stoa.org/places/570406,37.07624042080912,22.46082645177671,region," - "
6.16.8,Ὀλυμπίας,http://pleiades.stoa.org/places/570531,37.637849,21.630126,"palaistra,sanctuary,temple-2"," - "
6.16.8,Ὀλυνθίου,http://pleiades.stoa.org/places/491678,40.296525,23.354208,"townhouse,villa,settlement"," - "
6.16.9,Ἀθηναίου,http://pleiades.stoa.org/places/579885,37.971687,23.726464,settlement," - "
6.16.9,ἀνῃρημένος,http://arachne.dainst.org/entity/3586686,37.638043,21.630599,NULL," - "
6.16.9,ἅρμα,http://arachne.dainst.org/entity/3586689,37.638043,21.630599,NULL," - harma|PausLast work Pausanias sees in Altis"
6.16.9,αὐτὸν,http://arachne.dainst.org/entity/3586685,37.638043,21.630599,NULL," - "
6.16.9,Ἠλεῖος,http://pleiades.stoa.org/places/570220,37.89131,21.37493,"theatre,settlement"," - "
6.16.9,λαβὼν,http://arachne.dainst.org/entity/3586687,37.638043,21.630599,NULL," - "
6.16.9,Ὀλυμπίᾳ,http://pleiades.stoa.org/places/570531,37.637849,21.630126,"palaistra,sanctuary,temple-2",NULL
6.17.1,Ἄλτει,http://topostext.org/place/376216SAlt,37.63754,21.62975,NULL," - "
6.17.1,ἀνδριάντας,http://arachne.dainst.org/entity/3586690,37.638043,21.630599,NULL," - "
6.17.1,Ἠλεῖος,http://pleiades.stoa.org/places/570220,37.89131,21.37493,"theatre,settlement"," - "
6.17.1,Λεωνιδαίου,http://topostext.org/place/376216BOLe,37.63705,21.62914,NULL," - "
6.17.1,Μακεδὼν,http://pleiades.stoa.org/places/491656,41.25,21.75,unknown," - "
6.17.1,Μιλήσιος,http://pleiades.stoa.org/places/599799,37.5292362,27.2774885,"theatre,settlement,port"," - "
6.17.1,Τενέδιος,http://dare.ht.lu.se/places/27370,39.8278355,26.0497905,settlement," - "
6.17.1,"τοῦ δὲ Κριαννίου",http://arachne.dainst.org/entity/3586691,37.638043,21.630599,NULL," - "
6.17.2,Ἡρόδοτος,http://arachne.dainst.org/entity/3586692,37.638043,21.630599,NULL," - "
6.17.2,Ἰσθμῷ,http://pleiades.stoa.org/places/570316,37.9158514,22.992664,"sanctuary,temple-2"," - Q675181Isthmian Games"
6.17.2,Κλαζομένιοι,http://pleiades.stoa.org/places/550650,38.37322,26.78715,settlement," - "
6.17.2,Κλαζομενίου,http://pleiades.stoa.org/places/550651,38.364677125,26.774159524999998,settlement," - "
6.17.2,Κῷοι,http://pleiades.stoa.org/places/599581,36.844,27.17,island," - "
6.17.2,Κῴου,http://pleiades.stoa.org/places/599581,36.844,27.17,island," - "
6.17.2,Ὀλυμπίᾳ,http://pleiades.stoa.org/places/570531,37.637849,21.630126,"palaistra,sanctuary,temple-2",NULL
6.17.2,Πυθοῖ,http://pleiades.stoa.org/places/540726,38.482289,22.501169,"sanctuary,settlement"," - Q649128Pythian Games"
6.17.2,Φιλῖνον,http://arachne.dainst.org/entity/3586693,37.638043,21.630599,NULL," - "
6.17.3,ἀνάκειται,http://arachne.dainst.org/entity/3586695,37.638043,21.630599,NULL," - "
6.17.3,ἀνέθηκε,http://arachne.dainst.org/entity/3586694,37.638043,21.630599,NULL," - "
6.17.3,εἰκών,http://arachne.dainst.org/entity/3586696,37.638043,21.630599,NULL," - "
6.17.3,Ληθαίῳ,http://pleiades.stoa.org/places/599765,37.75,27.25,river,NULL
6.17.3,Μαγνησίας,http://pleiades.stoa.org/places/599778,37.8507,27.52785,settlement,NULL
6.17.3,Μακεδὼν,http://pleiades.stoa.org/places/491656,41.25,21.75,unknown," - "
6.17.3,Μιλήσιος,http://pleiades.stoa.org/places/599799,37.5292362,27.2774885,"theatre,settlement,port"," - "
6.17.4,Ἀλεξιβίῳ,http://arachne.dainst.org/entity/3586698,37.638043,21.630599,NULL," - "
6.17.4,Ἀρκάδων,http://pleiades.stoa.org/places/570102,37.567419268449626,22.165323097346306,region," - "
6.17.4,εἰκόνα,http://arachne.dainst.org/entity/3586699,37.638043,21.630599,NULL," - "
6.17.4,Ἡραία,http://dare.ht.lu.se/places/21920,37.613569,21.863791,settlement,NULL
6.17.4,Κολοφώνιοι,http://pleiades.stoa.org/places/599577,38.115556,27.142222,settlement," - "
6.17.4,Κολοφωνίων,http://pleiades.stoa.org/places/599577,38.115556,27.142222,settlement," - "
6.17.4,"τε ὢν",http://arachne.dainst.org/entity/3586700,37.638043,21.630599,NULL," - "
6.17.4,"τῷ μὲν",http://arachne.dainst.org/entity/3586697,37.638043,21.630599,NULL," - objectEnation"
6.17.5,ἀνῃρημένος,http://arachne.dainst.org/entity/3586705,37.638043,21.630599,NULL," - "
6.17.5,ἔργον,http://arachne.dainst.org/entity/3586702,37.638043,21.630599,NULL," - "
6.17.5,Ἠλεῖοι,http://pleiades.stoa.org/places/570220,37.89131,21.37493,"theatre,settlement"," - "
6.17.5,Ἤλιδος,http://pleiades.stoa.org/places/570220,37.89131,21.37493,"theatre,settlement"," - "
6.17.5,Θεότιμος,http://arachne.dainst.org/entity/3586703,37.638043,21.630599,NULL," - object|Q22914954Theotimus"
6.17.5,νενικηκὼς,http://arachne.dainst.org/entity/3586704,37.638043,21.630599,NULL," - "
6.17.5,Ὀλυνθίου,http://pleiades.stoa.org/places/491678,40.296525,23.354208,"townhouse,villa,settlement"," - "
6.17.5,Πέρσας,http://pleiades.stoa.org/places/922698,30.5,51.5,unknown," - "
6.17.5,Σικυωνίου,http://pleiades.stoa.org/places/570668,37.98336,22.71135,settlement," - "
6.17.6,Ἦλιν,http://pleiades.stoa.org/places/570220,37.89131,21.37493,"theatre,settlement"," - "
6.17.7,εἰκόνα,http://arachne.dainst.org/entity/3586707,37.638043,21.630599,NULL," - "
6.17.7,Ἠλεῖον,http://pleiades.stoa.org/places/570220,37.89131,21.37493,"theatre,settlement"," - "
6.17.7,Λεοντῖνον,http://pleiades.stoa.org/places/462279,37.279759,15.002988,settlement," - "
6.17.7,Ὀλυμπίαν,http://pleiades.stoa.org/places/570531,37.637849,21.630126,"palaistra,sanctuary,temple-2",NULL
6.17.7,Σικυωνίου,http://pleiades.stoa.org/places/570668,37.98336,22.71135,settlement," - "
6.17.7,τέχνην,http://arachne.dainst.org/entity/3586706,37.638043,21.630599,NULL," - "
6.17.8,Ἀθηναίους,http://pleiades.stoa.org/places/579885,37.971687,23.726464,settlement," - "
6.17.8,Συρακουσίᾳ,http://dare.ht.lu.se/places/16570,37.05963,15.29382,settlement," - "
6.17.9,Ἀθηναίοις,http://pleiades.stoa.org/places/579885,37.971687,23.726464,settlement," - "
6.17.9,Ἀθήνῃσι,http://pleiades.stoa.org/places/579885,37.971687,23.726464,settlement,NULL
6.17.9,Θεσσαλίᾳ,http://pleiades.stoa.org/places/1332,39.6,22.2,region,NULL
6.17.9,Λεοντίνων,http://pleiades.stoa.org/places/462279,37.279759,15.002988,settlement,NULL
6.17.9,Συρακουσίων,http://pleiades.stoa.org/places/462503,37.05963,15.29382,settlement," - "
6.18.1,Ἑλλήνων,http://pleiades.stoa.org/places/1001896,37.5,22.5,province," - "
6.18.1,Κρατισθένης,http://arachne.dainst.org/entity/3586708,37.638043,21.630599,NULL," - object|harma|nikêwith horse, chariot, Nike"
6.18.1,Κυρηναίου,http://pleiades.stoa.org/places/373778,32.818736,21.856169,settlement," - "
6.18.1,Ὀλυμπίαν,http://pleiades.stoa.org/places/570531,37.637849,21.630126,"palaistra,sanctuary,temple-2",NULL
6.18.1,Ῥηγίνου,http://pleiades.stoa.org/places/452416,38.111146,15.649244,"sanctuary,settlement,architecturalcomplex"," - "
6.18.2,εἰκόνα,http://arachne.dainst.org/entity/3586709,37.638043,21.630599,NULL," - "
6.18.2,Ἕλλησι,http://pleiades.stoa.org/places/1001896,37.5,22.5,province," - "
6.18.2,Λαμψακηνῶν,http://pleiades.stoa.org/places/501570,40.34869,26.68998,settlement," - "
6.18.2,Ὀλυμπίᾳ,http://pleiades.stoa.org/places/570531,37.637849,21.630126,"palaistra,sanctuary,temple-2",NULL
6.18.3,Ἑλλήνων,http://pleiades.stoa.org/places/1001896,37.5,22.5,province," - "
6.18.3,Λαμψακηνῶν,http://pleiades.stoa.org/places/501570,40.34869,26.68998,settlement," - "
6.18.3,Περσῶν,http://pleiades.stoa.org/places/922698,30.5,51.5,unknown," - "
6.18.4,Λαμψακηνοῖς,http://pleiades.stoa.org/places/501570,40.34869,26.68998,settlement," - "
6.18.4,Λαμψακηνῶν,http://pleiades.stoa.org/places/501570,40.34869,26.68998,settlement," - "
6.18.5,Ἀθηναίους,http://pleiades.stoa.org/places/579885,37.971687,23.726464,settlement," - "
6.18.5,Ἑλλάδα,http://pleiades.stoa.org/places/1001896,37.5,22.5,province,NULL
6.18.5,Θηβαίοις,http://pleiades.stoa.org/places/541138,38.318092,23.255096,"sanctuary,settlement"," - "
6.18.5,Λακεδαιμονίοις,http://pleiades.stoa.org/places/570406,37.07624042080912,22.46082645177671,region," - "
6.18.6,αὐτὸν,http://arachne.dainst.org/entity/3586710,37.638043,21.630599,NULL," - "
6.18.6,Ἐφεσίοις,http://pleiades.stoa.org/places/599612,37.941944,27.339722,"theatre,settlement,temple-2,architecturalcomplex"," - "
6.18.6,Κρής,http://pleiades.stoa.org/places/589748,35.21984439173344,24.995769971494504,island," - "
6.18.6,Κρῆτες,http://pleiades.stoa.org/places/589748,35.21984439173344,24.995769971494504,island," - "
6.18.7,Αἰγινήτου,http://pleiades.stoa.org/places/579844,37.74991,23.42372,"island,settlement,temple-2"," - "
6.18.7,"ἡ δὲ",http://arachne.dainst.org/entity/3586711,37.638043,21.630599,NULL," - eikônCypress wood, smaller"
6.18.7,Ὀλυμπίαν,http://pleiades.stoa.org/places/570531,37.637849,21.630126,"palaistra,sanctuary,temple-2",NULL
6.18.7,Ὀπουντίου,http://pleiades.stoa.org/places/540986,38.653678,22.999964,settlement," - "
6.18.7,"Ῥηξιβίου μὲν",http://arachne.dainst.org/entity/3586712,37.638043,21.630599,NULL," - eikônfig-wood"
6.19.1,Ἄλτει,http://topostext.org/place/376216SAlt,37.63754,21.62975,NULL," - "
6.19.1,Δελφοῖς,http://pleiades.stoa.org/places/540726,38.482289,22.501169,"sanctuary,settlement"," - "
6.19.1,Ἑλλήνων,http://pleiades.stoa.org/places/1001896,37.5,22.5,province," - "
6.19.1,Ἡραίου,http://pleiades.stoa.org/places/584889481,37.63887257499999,21.6297667,temple-2," - "
6.19.1,θησαυροί,http://topostext.org/place/376216BOTr,37.63904,21.63135,NULL," - "
6.19.1,Κρόνιον,http://topostext.org/place/368228LKro,37.641,21.631,NULL,NULL
6.19.1,Ὀλυμπίᾳ,http://pleiades.stoa.org/places/570531,37.637849,21.630126,"palaistra,sanctuary,temple-2",NULL
6.19.1,Σικυωνίων,http://pleiades.stoa.org/places/570668,37.98336,22.71135,settlement," - "
6.19.2,Ἠλείων,http://pleiades.stoa.org/places/570220,37.89131,21.37493,"theatre,settlement"," - "
6.19.2,Ἰώνων,http://pleiades.stoa.org/places/550597,38.258572855555556,27.36601213333333,region," - "
6.19.2,Ταρτήσσιος,http://pleiades.stoa.org/places/256468,36.93672,-6.4119,"unlocated,settlement,port"," - "
6.19.3,Βαῖτιν,http://pleiades.stoa.org/places/256010,37.969207,-2.910335,river," - "
6.19.3,Ταρτησσόν,http://pleiades.stoa.org/places/256468,36.93672,-6.4119,"unlocated,settlement,port",NULL
6.19.4,Μυάνων,http://topostext.org/place/385224PMya,38.4802,22.3557,NULL," - uncertain|proxyMyanians dedicate a shield for first-fruits to Zeus in the smaller chamber of the Sycionian treasury at Olympia"
6.19.4,Ὀλυμπίᾳ,http://pleiades.stoa.org/places/570531,37.637849,21.630126,"palaistra,sanctuary,temple-2",NULL
6.19.4,Σικυωνίων,http://pleiades.stoa.org/places/570668,37.98336,22.71135,settlement," - "
6.19.5,Λοκρίδι,http://topostext.org/place/384222ROzo,38.4,22.2,NULL,NULL
6.19.5,Λοκρῶν,http://pleiades.stoa.org/places/452369,38.20782,16.23715,"stoa,townhouse,theatre,sanctuary,settlement"," - "
6.19.5,Μυᾶνες,http://topostext.org/place/385224PMya,38.4802,22.3557,NULL," - proxy|Myanians|MyoniansMyanians dedicate a shield of smaller chamber of the treasury of the Sicyonians at Olympia - according to Paus, they are the same people as the Myonians"
6.19.5,Μυονέας,http://topostext.org/place/385224PMya,38.4802,22.3557,NULL,NULL
6.19.5,Μυονεῖς,http://topostext.org/place/385224PMya,38.4802,22.3557,NULL," - "
6.19.5,Φωκίδι,http://pleiades.stoa.org/places/541048,38.25,22.25,unknown," - "
6.19.6,"ἄγαλμα πύξινον",http://arachne.dainst.org/entity/3586713,37.638043,21.630599,NULL," - object|agalma|Apollo|PausBoxwood statue with gilt head dedicated by the Epizephyrian Locrians"
6.19.6,Ἀττικοῖς,http://pleiades.stoa.org/places/579888,38.051998833333336,23.818991099999998,region," - "
6.19.6,Ζεφυρίῳ,http://pleiades.stoa.org/places/452495,38.03955,16.14501,cape," - "
6.19.6,Κροτωνιάτην,http://pleiades.stoa.org/places/452317,39.028864,17.205128,"city-wall,sanctuary,settlement"," - "
6.19.6,Λοκρῶν,http://pleiades.stoa.org/places/452369,38.20782,16.23715,"stoa,townhouse,theatre,sanctuary,settlement"," - "
6.19.6,χερονήσου,http://pleiades.stoa.org/places/501386,40.33333,26.5,peninsula," - "
6.19.6,"χερρονήσῳ τῇ Θρᾳκίᾳ",http://pleiades.stoa.org/places/501386,40.33333,26.5,peninsula," - "
6.19.7,Καρχηδονίων,http://pleiades.stoa.org/places/314921,36.857569,10.327986,"amphitheatre,cemetery,villa,theatre,port,church,settlement,circus,bath"," - "
6.19.7,"μεγέθει μέγας",http://arachne.dainst.org/entity/3586714,37.638043,21.630599,NULL," - object|anathêma|ZeusLarge statue of Zeus, in treasury of the Carthaginians"
6.19.7,Συρακοσίων,http://pleiades.stoa.org/places/462503,37.05963,15.29382,settlement," - "
6.19.7,Φοίνικας,http://pleiades.stoa.org/places/678334,33.25,35.25,region," - "
6.19.8,Ἐπιδαμνίων,http://pleiades.stoa.org/places/481818,41.31497,19.44594,"amphitheatre,settlement,port"," - "
6.19.8,Ἑσπερίδες,http://arachne.dainst.org/entity/3652692,37.638043,21.630599,NULL," - object|sculpturemoved to Heraion from Epidamnian treasury by the Eleans"
6.19.8,"ἔχει μὲν",http://arachne.dainst.org/entity/4061193,37.638043,21.630599,NULL," - object|sculptureAtlas, the Pole, etc. on Epidamnian Treasury"
6.19.8,Ἠλείων,http://pleiades.stoa.org/places/570220,37.89131,21.37493,"theatre,settlement"," - "
6.19.8,Ἡραίῳ,http://pleiades.stoa.org/places/584889481,37.63887257499999,21.6297667,temple-2,NULL
6.19.9,Βρεντεσίου,http://pleiades.stoa.org/places/442509,40.641136,17.946867,"settlement,port",NULL
6.19.9,Βυζαντίων,http://pleiades.stoa.org/places/520985,41.012379,28.975926,"urban,settlement"," - "
6.19.9,Ἰταλίας,http://pleiades.stoa.org/places/452346,38.25,16.25,region,NULL
6.19.9,Λουπίας,http://pleiades.stoa.org/places/109125,51.650889,6.603917,river,NULL
6.19.9,Συβαρῖται,http://pleiades.stoa.org/places/452458,39.590607,16.771002,settlement," - "
6.19.9,Ὑδροῦντος,http://pleiades.stoa.org/places/442615,40.145948,18.490953,"settlement,port",NULL
6.19.10,βασιλεῖς,http://arachne.dainst.org/entity/3652701,37.638043,21.630599,NULL," - "
6.19.10,"ἐνταῦθα πρόσωπον",http://arachne.dainst.org/entity/3586715,37.638043,21.630599,NULL," - object|Dionysosin Treasury of the Selinountines, ivory face and hands and feet"
6.19.10,Καρχηδόνιοι,http://pleiades.stoa.org/places/314921,36.857569,10.327986,"amphitheatre,cemetery,villa,theatre,port,church,settlement,circus,bath"," - "
6.19.10,Κυρήνῃ,http://pleiades.stoa.org/places/373778,32.818736,21.856169,settlement,NULL
6.19.10,Λιβύων,http://pleiades.stoa.org/places/716588,31.5,26.5,region," - "
6.19.10,Ὀλυμπίᾳ,http://pleiades.stoa.org/places/570531,37.637849,21.630126,"palaistra,sanctuary,temple-2",NULL
6.19.10,Σελινουντίους,http://pleiades.stoa.org/places/462489,37.58406,12.8249,settlement," - "
6.19.10,Σικελιώτας,http://pleiades.stoa.org/places/462492,37.53667611952188,14.08648464579389,island," - "
6.19.11,Ἐνδυμίων,http://arachne.dainst.org/entity/3586716,37.638043,21.630599,NULL," - object|Endymionivory, in Metapontine treasury"
6.19.11,Μεταποντίνους,http://pleiades.stoa.org/places/442658,40.383868,16.824063,"theatre,settlement"," - "
6.19.11,Μεταποντίου,http://pleiades.stoa.org/places/442658,40.383868,16.824063,"theatre,settlement",NULL
6.19.12,ἄγαλμα,http://arachne.dainst.org/entity/3586466,37.638043,21.630599,NULL," - object|agalma|Athenawas in Megarian Treasury at Olympia, next to Herakles, moved to Heraion"
6.19.12,Ἀττικῇ,http://pleiades.stoa.org/places/579888,38.051998833333336,23.818991099999998,region,NULL
6.19.12,Ἑσπερίδας,http://arachne.dainst.org/entity/3652692,37.638043,21.630599,NULL," - objectin the Heraion"
6.19.12,ζῴδια,http://arachne.dainst.org/entity/4059993,38.482431,22.501143,NULL," - "
6.19.12,Ἡραίῳ,http://pleiades.stoa.org/places/584889481,37.63887257499999,21.6297667,temple-2,NULL
6.19.12,Μεγαρεῖς,http://pleiades.stoa.org/places/462307,37.2038,15.18273,"region,settlement"," - "
6.19.13,Ἀθηναίοις,http://pleiades.stoa.org/places/579885,37.971687,23.726464,settlement," - "
6.19.13,"γιγάντων καὶ θεῶν πόλεμος",http://arachne.dainst.org/entity/4059992,38.482431,22.501143,NULL," - DAI mistakeMislocated in DAI"
6.19.13,Ἠλείων,http://pleiades.stoa.org/places/570220,37.89131,21.37493,"theatre,settlement"," - "
6.19.13,Κορινθίων,http://pleiades.stoa.org/places/570182,37.906045,22.878721,"sanctuary,settlement,fort"," - "
6.19.13,Μεγαρέας,http://pleiades.stoa.org/places/462307,37.2038,15.18273,"region,settlement"," - "
6.19.13,Μεγαρεῦσιν,http://pleiades.stoa.org/places/462307,37.2038,15.18273,"region,settlement"," - "
6.19.14,Ἀργεῖοι,http://pleiades.stoa.org/places/570106,37.631561,22.719464,settlement," - "
6.19.14,Κορινθίους,http://dare.ht.lu.se/places/17070,37.906045,22.878721,"sanctuary,settlement,fort"," - "
6.19.14,Λακεδαιμόνιος,http://pleiades.stoa.org/places/570406,37.07624042080912,22.46082645177671,region," - "
6.19.14,Μεγαρεῖς,http://pleiades.stoa.org/places/462307,37.2038,15.18273,"region,settlement"," - "
6.19.14,Μεγαρεῦσι,http://dare.ht.lu.se/places/21951,37.2038,15.18273,"region,settlement"," - "
6.19.14,Ὀλυμπίᾳ,http://pleiades.stoa.org/places/570531,37.637849,21.630126,"palaistra,sanctuary,temple-2",NULL
6.19.15,Γελῴων,http://pleiades.stoa.org/places/462214,37.062775,14.258433,"sanctuary,settlement"," - "
6.19.15,σταδίῳ,http://topostext.org/place/376216BOSt,37.63924,21.63333,NULL," - "
6.20.1,Ἠλείοις,http://pleiades.stoa.org/places/570220,37.89131,21.37493,"theatre,settlement"," - "
6.20.1,"ὄρος τὸ Κρόνιον",http://topostext.org/place/368228LKro,37.641,21.631,NULL,NULL
6.20.2,Ἠλείοις,http://pleiades.stoa.org/places/570220,37.89131,21.37493,"theatre,settlement"," - "
6.20.2,Ἠλείων,http://pleiades.stoa.org/places/570220,37.89131,21.37493,"theatre,settlement"," - "
6.20.2,"ἱερὸν Εἰλειθυίας",http://topostext.org/place/376216SEil,37.64235,21.63076,NULL," - "
6.20.2,Κρονίου,http://topostext.org/place/368228LKro,37.641,21.631,NULL,NULL
6.20.2,Ὀλυμπίαν,http://pleiades.stoa.org/places/570531,37.637849,21.630126,"palaistra,sanctuary,temple-2",NULL
6.20.3,"τῷ τῆς Εἰλειθυίας",http://topostext.org/place/376216SEil,37.64235,21.63076,NULL,NULL
6.20.4,Ἀρκάδων,http://pleiades.stoa.org/places/570102,37.567419268449626,22.165323097346306,region," - "
6.20.4,Ἠλείαν,http://topostext.org/place/378215REle,37.8,21.5,NULL," - "
6.20.4,Ἠλείοις,http://pleiades.stoa.org/places/570220,37.89131,21.37493,"theatre,settlement"," - "
6.20.4,Ἠλείων,http://pleiades.stoa.org/places/570220,37.89131,21.37493,"theatre,settlement"," - "
6.20.5,Ἀρκάδες,http://pleiades.stoa.org/places/570102,37.567419268449626,22.165323097346306,region," - "
6.20.5,Ἀρκάσι,http://pleiades.stoa.org/places/570102,37.567419268449626,22.165323097346306,region," - "
6.20.5,Ἠλεῖοι,http://pleiades.stoa.org/places/570220,37.89131,21.37493,"theatre,settlement"," - "
6.20.6,Ἀρκάδων,http://pleiades.stoa.org/places/570102,37.567419268449626,22.165323097346306,region," - "
6.20.6,Κλάδεον,http://topostext.org/place/378218WKla,37.64,21.627,NULL," - "
6.20.6,"τῆς Εἰλειθυίας",http://topostext.org/place/376216SEil,37.64235,21.63076,NULL,NULL
6.20.7,Ἄλτεως,http://topostext.org/place/376216SAlt,37.63754,21.62975,NULL," - "
6.20.7,Ἀργολίδι,http://pleiades.stoa.org/places/570104,37.6566371145232,22.92059272180843,region,NULL
6.20.7,Μιδέαν,http://pleiades.stoa.org/places/570485,37.65,22.842,settlement,NULL
6.20.7,Ὀλυμπίᾳ,http://pleiades.stoa.org/places/570531,37.637849,21.630126,"palaistra,sanctuary,temple-2",NULL
6.20.8,στάδιον,http://topostext.org/place/376216BOSt,37.63924,21.63333,NULL,NULL
6.20.9,Ἠλείων,http://pleiades.stoa.org/places/570220,37.89131,21.37493,"theatre,settlement"," - "
6.20.9,σταδίου,http://topostext.org/place/376216BOSt,37.63924,21.63333,NULL,NULL
6.20.10,σταδίου,http://topostext.org/place/376216BOSt,37.63924,21.63333,NULL,NULL
6.20.10,"χωρίον ἐς τῶν ἵππων ἀνειμένον τοὺς δρόμους",http://topostext.org/place/376216BOHi,37.637,21.6336,NULL," - "
6.20.14,Ἀθήνῃσιν,http://pleiades.stoa.org/places/579885,37.971687,23.726464,settlement,NULL
6.20.14,ἀνδριάντι,http://arachne.dainst.org/entity/3586717,37.97945,23.71622,NULL," - object|andrias|Kleoitas|epigramma|opsishas epigram"
6.20.14,Ὀλυμπίᾳ,http://pleiades.stoa.org/places/570531,37.637849,21.630126,"palaistra,sanctuary,temple-2",NULL
6.20.15,ἱπποδρόμου,http://topostext.org/place/376216BOHi,37.637,21.6336,NULL," - "
6.20.16,Ἕλληνες,http://pleiades.stoa.org/places/1001896,37.5,22.5,province," - "
6.20.16,Ἠλείᾳ,http://topostext.org/place/378215REle,37.8,21.5,NULL," - "
6.20.16,Ἠλείους,http://pleiades.stoa.org/places/570220,37.89131,21.37493,"theatre,settlement"," - "
6.20.18,Αἰγύπτιος,http://pleiades.stoa.org/places/981503,19.211408766666665,30.567329633333333,region," - "
6.20.18,Θηβαίου,http://pleiades.stoa.org/places/541138,38.318092,23.255096,"sanctuary,settlement"," - "
6.20.18,Θρᾷκα,http://topostext.org/place/410265RThr,41.0,26.5,NULL," - "
6.20.19,Ἀργείων,http://pleiades.stoa.org/places/570106,37.631561,22.719464,settlement," - "
6.20.19,"εἰκὼν χαλκῆ",http://arachne.dainst.org/entity/3888373,37.638043,21.630599,NULL," - object|eikônat turning post of Hippodrome, bronze group"
6.20.19,Ἰσθμῷ,http://pleiades.stoa.org/places/570316,37.9158514,22.992664,"sanctuary,temple-2"," - Q675181Isthmian Games"
6.20.19,Νεμέᾳ,http://pleiades.stoa.org/places/570504,37.808904,22.7108171,"sanctuary,temple-2"," - Q527006Nemean Games"
6.20.19,Ὀλυμπίᾳ,http://pleiades.stoa.org/places/570531,37.637849,21.630126,"palaistra,sanctuary,temple-2",NULL
6.21.1,Ἠλείων,http://pleiades.stoa.org/places/570220,37.89131,21.37493,"theatre,settlement"," - "
6.21.1,ἱερὸν,http://topostext.org/place/376216SDCh,37.64094,21.63754,NULL," - "
6.21.1,ἱπποδρόμου,http://topostext.org/place/376216BOHi,37.637,21.6336,NULL," - "
6.21.1,Πισαῖον,http://pleiades.stoa.org/places/570612,37.639535,21.653041,settlement," - "
6.21.1,Πίσῃ,http://pleiades.stoa.org/places/570612,37.639535,21.653041,settlement,NULL
6.21.2,ἀγάλματα,http://arachne.dainst.org/entity/3888372,37.638043,21.630599,NULL," - agalma|Demeter and Koreat sanctuary of Demeter Chamyne at Olympia, Pentelic marble, offered by Herodes"
6.21.2,Ἀθηναῖος,http://pleiades.stoa.org/places/579885,37.971687,23.726464,settlement," - "
6.21.2,Ἀρκάδων,http://pleiades.stoa.org/places/570102,37.567419268449626,22.165323097346306,region," - "
6.21.2,γυμνασίῳ,http://pleiades.stoa.org/places/728329643,37.639293,21.628457,gymnasium," - "
6.21.2,Ὀλυμπίᾳ,http://pleiades.stoa.org/places/570531,37.637849,21.630126,"palaistra,sanctuary,temple-2",NULL
6.21.3,Ἀρκάδας,http://pleiades.stoa.org/places/570102,37.567419268449626,22.165323097346306,region," - "
6.21.3,Ἐρύμανθον,http://topostext.org/place/378218WEry,37.87,21.888,NULL," - "
6.21.3,Ἠλείοις,http://pleiades.stoa.org/places/570220,37.89131,21.37493,"theatre,settlement"," - "
6.21.3,Κλάδεον,http://topostext.org/place/378218WKla,37.64,21.627,NULL," - "
6.21.3,Πισαίοις,http://pleiades.stoa.org/places/570612,37.639535,21.653041,settlement," - "
6.21.4,Ἀλφειὸν,http://topostext.org/place/376215WAlp,37.6125,21.4517,NULL," - "
6.21.4,Ἀρκάδας,http://pleiades.stoa.org/places/570102,37.567419268449626,22.165323097346306,region," - "
6.21.4,Διάγων,http://topostext.org/place/378218WDia,37.583,21.795,NULL," - "
6.21.4,Ἐρυμάνθου,http://topostext.org/place/378218WEry,37.87,21.888,NULL," - "
6.21.4,Πισαίαν,http://pleiades.stoa.org/places/570612,37.639535,21.653041,settlement," - "
6.21.5,Ἀλφειόν,http://topostext.org/place/376215WAlp,37.6125,21.4517,NULL," - "
6.21.5,Λευκυανίας,http://topostext.org/place/378218WLeu,37.647,21.72,NULL," - "
6.21.5,Πισαίας,http://pleiades.stoa.org/places/570613,37.75,21.75,region," - "
6.21.5,Φολόης,http://topostext.org/place/378218LPho,37.671,21.657,NULL," - "
6.21.6,Ἠλεῖοι,http://pleiades.stoa.org/places/570220,37.89131,21.37493,"theatre,settlement"," - "
6.21.6,Κρητικῆς,http://pleiades.stoa.org/places/589748,35.21984439173344,24.995769971494504,island," - "
6.21.6,Κυδωνίας,http://pleiades.stoa.org/places/589886,35.517333,24.019611,settlement,NULL
6.21.6,Φρίξας,http://pleiades.stoa.org/places/570609,37.635009,21.71145,settlement," - built|polis|ereipiaon steep hill near Leukyanias river"
6.21.7,Παρθενίας,http://pleiades.stoa.org/places/570565,37.75,21.75,river," - "
6.21.8,Ἁρπίνης,http://topostext.org/place/376217UHar,37.6488,21.6747,NULL," - "
6.21.10,Ἀκριῶν,http://topostext.org/place/368228UAkr,36.8,22.792,NULL,NULL
6.21.10,Ἀρκάδες,http://pleiades.stoa.org/places/570102,37.567419268449626,22.165323097346306,region," - "
6.21.10,Λακεδαιμόνιόν,http://pleiades.stoa.org/places/570406,37.07624042080912,22.46082645177671,region," - "
6.21.11,Βοιωτῶν,http://pleiades.stoa.org/places/540689,38.34668803333333,23.184677533333332,region," - "
6.21.11,Ἐρυθραὶ,http://topostext.org/place/382234PEry,38.2358,23.4032,NULL," - "
6.21.11,Πισαίων,http://pleiades.stoa.org/places/570612,37.639535,21.653041,settlement," - "
6.22.1,Πίσα,http://pleiades.stoa.org/places/570612,37.639535,21.653041,settlement,NULL
6.22.1,Σίπυλον,http://pleiades.stoa.org/places/550884,38.5668,27.45394,mountain," - "
6.22.2,Ἀργεῖον,http://pleiades.stoa.org/places/570106,37.631561,22.719464,settlement," - "
6.22.2,Ἕλλησι,http://pleiades.stoa.org/places/1001896,37.5,22.5,province," - "
6.22.2,Ἠλείοις,http://pleiades.stoa.org/places/570220,37.89131,21.37493,"theatre,settlement"," - "
6.22.2,Ἠλείων,http://pleiades.stoa.org/places/570220,37.89131,21.37493,"theatre,settlement"," - "
6.22.2,Πισαῖοι,http://pleiades.stoa.org/places/570612,37.639535,21.653041,settlement," - "
6.22.3,Ἀρκάδων,http://pleiades.stoa.org/places/570102,37.567419268449626,22.165323097346306,region," - "
6.22.3,Ἠλεῖοι,http://pleiades.stoa.org/places/570220,37.89131,21.37493,"theatre,settlement"," - "
6.22.3,Ἠλείοις,http://pleiades.stoa.org/places/570220,37.89131,21.37493,"theatre,settlement"," - "
6.22.3,Πισαίαν,http://pleiades.stoa.org/places/570612,37.639535,21.653041,settlement," - "
6.22.4,Ἠλείοις,http://pleiades.stoa.org/places/570220,37.89131,21.37493,"theatre,settlement"," - "
6.22.4,Ἠλείων,http://pleiades.stoa.org/places/570220,37.89131,21.37493,"theatre,settlement"," - "
6.22.4,Μακίστιοι,http://pleiades.stoa.org/places/570453,37.6047,21.6758,settlement," - "
6.22.4,Πισαῖοι,http://pleiades.stoa.org/places/570612,37.639535,21.653041,settlement," - "
6.22.4,Πισαίοις,http://pleiades.stoa.org/places/570612,37.639535,21.653041,settlement," - "
6.22.4,Πισαίους,http://pleiades.stoa.org/places/570612,37.639535,21.653041,settlement," - "
6.22.4,Σκιλλούντιοι,http://pleiades.stoa.org/places/570674,37.609552,21.602752,settlement," - "
6.22.4,Τριφυλίας,http://pleiades.stoa.org/places/570754,37.75,21.75,region," - "
6.22.5,Ἠλείᾳ,http://topostext.org/place/378215REle,37.8,21.5,NULL," - "
6.22.5,Ἠλείων,http://pleiades.stoa.org/places/570220,37.89131,21.37493,"theatre,settlement"," - "
6.22.5,Ἦλιν,http://pleiades.stoa.org/places/570220,37.89131,21.37493,"theatre,settlement"," - "
6.22.5,Λάδων,http://pleiades.stoa.org/places/570409,37.75,21.75,river," - "
6.22.5,Μεγαρεὺς,http://pleiades.stoa.org/places/570468,37.2038,15.18273,"region,settlement"," - "
6.22.5,Ὀλυμπίας,http://pleiades.stoa.org/places/570531,37.637849,21.630126,"palaistra,sanctuary,temple-2"," - "
6.22.5,Πηνειόν,http://pleiades.stoa.org/places/570579,37.75,21.25,river," - "
6.22.5,Πύλον,http://pleiades.stoa.org/places/570639,37.899734,21.518025,settlement," - "
6.22.5,Πύλου,http://pleiades.stoa.org/places/570639,37.899734,21.518025,settlement," - built|ereipia80 stades from Elis on mountain road"
6.22.6,Ἀλφειός,http://topostext.org/place/376215WAlp,37.6125,21.4517,NULL," - "
6.22.6,Ἀλφειοῦ,http://topostext.org/place/376215WAlp,37.6125,21.4517,NULL," - "
6.22.6,Ἀρκάδων,http://pleiades.stoa.org/places/570102,37.567419268449626,22.165323097346306,region," - "
6.22.6,Ἠλεῖοι,http://pleiades.stoa.org/places/570220,37.89131,21.37493,"theatre,settlement"," - "
6.22.6,Πυλίων,http://pleiades.stoa.org/places/570639,37.899734,21.518025,settlement," - "
6.22.6,Πύλον,http://pleiades.stoa.org/places/570639,37.899734,21.518025,settlement," - "
6.22.6,Σφακτηρίας,http://pleiades.stoa.org/places/570686,36.930136,21.665725,island," - "
6.22.7,Ἀθηνῶν,http://pleiades.stoa.org/places/579885,37.971687,23.726464,settlement,NULL
6.22.7,Ἠλείων,http://pleiades.stoa.org/places/570220,37.89131,21.37493,"theatre,settlement"," - "
6.22.7,Ἡράκλεια,http://topostext.org/place/377216PHer,37.6875,21.5735,NULL," - "
6.22.7,Κύθηρος,http://topostext.org/place/378218WKyt,37.685,21.576,NULL," - "
6.22.7,Ὀλυμπίας,http://pleiades.stoa.org/places/570531,37.637849,21.630126,"palaistra,sanctuary,temple-2"," - "
6.22.8,ἄγαλμα,http://arachne.dainst.org/entity/3586616,37.677991,21.430464,NULL," - "
6.22.8,Ἦλιν,http://pleiades.stoa.org/places/570220,37.89131,21.37493,"theatre,settlement"," - "
6.22.8,Λετρῖνοι,http://pleiades.stoa.org/places/570427,37.672865,21.431292,settlement," - "
6.22.8,Λετρίνους,http://topostext.org/place/377214PLet,37.6729,21.4313,NULL," - built120 stadia from Olympia to Letrinoi, 180 Letrinoi to Elis via the plain"
6.22.8,Λετρίνων,http://topostext.org/place/377214PLet,37.6729,21.4313,NULL,NULL
6.22.9,Λετρίνους,http://topostext.org/place/377214PLet,37.6729,21.4313,NULL," - built120 stadia from Olympia to Letrinoi, 180 Letrinoi to Elis via the plain"
6.22.10,Ἠλεῖοι,http://pleiades.stoa.org/places/570220,37.89131,21.37493,"theatre,settlement"," - "
6.22.10,Λετριναῖοι,http://topostext.org/place/377214PLet,37.6729,21.4313,NULL," - "
6.22.10,Λετριναίους,http://topostext.org/place/377214PLet,37.6729,21.4313,NULL," - "
6.22.10,Λετρίνους,http://topostext.org/place/377214PLet,37.6729,21.4313,NULL," - built120 stadia from Olympia to Letrinoi, 180 Letrinoi to Elis via the plain"
6.22.11,Ἠλεῖοι,http://pleiades.stoa.org/places/570220,37.89131,21.37493,"theatre,settlement"," - "
6.22.11,Λετρίνων,http://topostext.org/place/377214PLet,37.6729,21.4313,NULL,NULL
6.23.1,Ἤλιδι,http://pleiades.stoa.org/places/570220,37.89131,21.37493,"theatre,settlement"," - "
6.23.1,Ὀλυμπίαν,http://pleiades.stoa.org/places/570531,37.637849,21.630126,"palaistra,sanctuary,temple-2",NULL
6.23.3,Ἀθηναῖοι,http://pleiades.stoa.org/places/579885,37.971687,23.726464,settlement," - "
6.23.3,Ἠλεῖαι,http://pleiades.stoa.org/places/570220,37.89131,21.37493,"theatre,settlement"," - "
6.23.3,Ἠλεῖοι,http://pleiades.stoa.org/places/570220,37.89131,21.37493,"theatre,settlement"," - "
6.23.3,Ἠλείοις,http://pleiades.stoa.org/places/570220,37.89131,21.37493,"theatre,settlement"," - "
6.23.3,Ἰδαίου,http://topostext.org/place/352248LIda,35.2263,24.7708,NULL," - "
6.23.4,"ἀγαλμάτων τὸ ἕτερον",http://arachne.dainst.org/entity/3586477,37.75,21.58333,NULL," - object|agalma|Zeus|Paus|Q107041347Statue of Zeus at Elis Tetragonon gymnasium, offering from rule violators"
6.23.4,Ἠλείου,http://pleiades.stoa.org/places/570220,37.89131,21.37493,"theatre,settlement"," - "
6.23.4,Σμυρναίου,http://pleiades.stoa.org/places/550893,38.41905,27.1383,settlement," - "
6.23.5,πρόσωπον,http://arachne.dainst.org/entity/3586719,37.75,21.58333,NULL," - object|prosôpon|Heraklesin corner of Maltho gymnasium, Elis"
6.23.5,"τύπος Ἔρωτα",http://arachne.dainst.org/entity/3586718,37.75,21.58333,NULL," - object|typosStamped Eros and Anteros at Maltho gym Palaistra"
6.23.6,Ἀλεξανδρέα,http://pleiades.stoa.org/places/727070,31.195371,29.904133,"cemetery,temple-2,architecturalcomplex,theatre,port,settlement"," - "
6.23.6,Ἠλείους,http://pleiades.stoa.org/places/570220,37.89131,21.37493,"theatre,settlement"," - "
6.23.6,Ἠλείων,http://pleiades.stoa.org/places/570220,37.89131,21.37493,"theatre,settlement"," - "
6.23.6,Ἦλιν,http://pleiades.stoa.org/places/570220,37.89131,21.37493,"theatre,settlement"," - "
6.23.6,Ὀλυμπίᾳ,http://pleiades.stoa.org/places/570531,37.637849,21.630126,"palaistra,sanctuary,temple-2",NULL
6.23.6,"παιδὸς ἕστηκεν εἰκὼν πύκτου",http://arachne.dainst.org/entity/3586720,37.75,21.58333,NULL," - object|eikônportrait on either side of Maltho gymnasium entrance"
6.23.6,Φάρου,http://pleiades.stoa.org/places/727197,31.213931,29.885661,lighthouse," - "
6.23.7,Ἠλείοις,http://pleiades.stoa.org/places/570220,37.89131,21.37493,"theatre,settlement"," - "
6.23.8,Αἰτωλούς,http://pleiades.stoa.org/places/540591,38.51586100952381,21.759714990476194,region," - "
6.23.8,Ἤλιδι,http://pleiades.stoa.org/places/570220,37.89131,21.37493,"theatre,settlement"," - "
6.24.2,Ἑλλήνων,http://pleiades.stoa.org/places/1001896,37.5,22.5,province," - "
6.24.2,Ἠλείοις,http://pleiades.stoa.org/places/570220,37.89131,21.37493,"theatre,settlement"," - "
6.24.2,Ἰωνίᾳ,http://pleiades.stoa.org/places/550597,38.258572855555556,27.36601213333333,region," - "
6.24.2,Ἰώνων,http://pleiades.stoa.org/places/550597,38.258572855555556,27.36601213333333,region," - "
6.24.4,Ἠλεῖοι,http://pleiades.stoa.org/places/570220,37.89131,21.37493,"theatre,settlement"," - "
6.24.4,Κορκυραίους,http://pleiades.stoa.org/places/530834,39.60733,19.92178,settlement," - "
6.24.4,Κορκυραίων,http://pleiades.stoa.org/places/530834,39.60733,19.92178,settlement," - "
6.24.5,εἰκών,http://arachne.dainst.org/entity/3586721,37.75,21.58333,NULL," - object|eikôn|Q106989357in Korkyraike stoa"
6.24.5,Ἠλείων,http://pleiades.stoa.org/places/570220,37.89131,21.37493,"theatre,settlement"," - "
6.24.6,ἄγαλμα,http://arachne.dainst.org/entity/3586722,37.75,21.58333,NULL," - "
6.24.6,Ἀθηναίων,http://pleiades.stoa.org/places/579885,37.971687,23.726464,settlement," - "
6.24.6,"ἡ μὲν αὐτῶν ῥόδον",http://arachne.dainst.org/entity/3888180,37.75,21.58333,NULL," - object|xoanon|Charitesfirst Grace with rose"
6.24.6,"ἡ μέση",http://arachne.dainst.org/entity/3888181,37.75,21.58333,NULL," - object|xoanon|CharitesMiddle Grace with knuckebone"
6.24.6,Ἠλείοις,http://pleiades.stoa.org/places/570220,37.89131,21.37493,"theatre,settlement"," - "
6.24.6,"ξόανα ἐπίχρυσα",http://arachne.dainst.org/entity/3888374,37.75,21.58333,NULL," - object|xoanon|CharitesGilded statues of Graces with faces, hands, feet of marble"
6.24.6,"τῆς μὲν κέρατα ἐκ τῆς κεφαλῆς",http://arachne.dainst.org/entity/3888179,37.75,21.58333,NULL," - object|agalma|Selenein Elis, stone"
6.24.6,"τοῦ δὲ αἱ ἀκτῖνες ἀνέχουσιν",http://arachne.dainst.org/entity/3888178,37.75,21.58333,NULL," - object|agalma|Heliosin Elis, stone"
6.24.6,τρίτη,http://arachne.dainst.org/entity/3888182,37.75,21.58333,NULL," - object|xoanon|CharitesThird Grace with myrtle sprig"
6.24.7,ἄγαλμά,http://arachne.dainst.org/entity/3888183,37.75,21.58333,NULL," - object|agalma|Eroson same base with Charites xoana"
6.24.7,Χαρίτων,http://arachne.dainst.org/entity/3888374,37.75,21.58333,NULL,NULL
6.24.8,πεποιημένος,http://arachne.dainst.org/entity/3888375,37.75,21.58333,NULL," - object|sculpturein temple of Silenos at Elis"
6.24.8,Περγαμηνοῖς,http://pleiades.stoa.org/places/550812,39.1325,27.184167,"theatre,sanctuary,settlement,temple-2"," - "
6.24.9,Ἠλείων,http://pleiades.stoa.org/places/570220,37.89131,21.37493,"theatre,settlement"," - "
6.24.10,Ῥωμαίοις,http://pleiades.stoa.org/places/423025,41.89262,12.4843457,"settlement,urban"," - "
6.25.1,"ἄγαλμα Ἀφροδίτης χαλκοῦν ἐπὶ τράγῳ",http://arachne.dainst.org/entity/3888376,37.75,21.58333,NULL," - object|agalma|Aphrodite Pandemos|Pausbronze, on goat, on pedestal in temenos outside temple of Aphrodite, by Skopas"
6.25.1,Κορκύρας,http://pleiades.stoa.org/places/530834,39.60733,19.92178,settlement,NULL
6.25.1,"τὴν μὲν ἐν τῷ ναῷ",http://arachne.dainst.org/entity/3586723,37.75,21.58333,NULL," - object|statue|Aphrodite Ouraniachryselephantine, by Pheidias, foot on tortoise, in temple"
6.25.2,Ἠλεῖοι,http://pleiades.stoa.org/places/570220,37.89131,21.37493,"theatre,settlement"," - "
6.25.2,Ἠλείοις,http://pleiades.stoa.org/places/570220,37.89131,21.37493,"theatre,settlement"," - "
6.25.2,Ἤλιδι,http://pleiades.stoa.org/places/570220,37.89131,21.37493,"theatre,settlement"," - "
6.25.2,Πυλίοις,http://pleiades.stoa.org/places/570639,37.899734,21.518025,settlement," - "
6.25.2,Πύλον,http://pleiades.stoa.org/places/570639,37.899734,21.518025,settlement," - "
6.25.2,Πύλῳ,http://pleiades.stoa.org/places/570639,37.899734,21.518025,settlement," - "
6.25.3,Ἕλλησι,http://pleiades.stoa.org/places/1001896,37.5,22.5,province," - "
6.25.3,Ἠλεῖοι,http://pleiades.stoa.org/places/570220,37.89131,21.37493,"theatre,settlement"," - "
6.25.3,Ἴλιον,http://pleiades.stoa.org/places/550595,39.9577,26.23873,settlement," - "
6.25.3,Πυλίοις,http://pleiades.stoa.org/places/570639,37.899734,21.518025,settlement," - "
6.25.3,Πύλῳ,http://pleiades.stoa.org/places/570639,37.899734,21.518025,settlement," - "
6.25.4,ἄγαλμα,http://arachne.dainst.org/entity/3586724,37.75,21.58333,NULL," - object|xoanon|TycheGilded xoanon with extremities of white marble"
6.25.4,γραφῇ,http://arachne.dainst.org/entity/3586725,37.75,21.58333,NULL," - object|graphê|Sosipolisportrayed as child with starry cloak and horn of Amaltheia"
6.25.4,Ἠλείοις,http://pleiades.stoa.org/places/570220,37.89131,21.37493,"theatre,settlement"," - "
6.25.5,ἀνδριάς,http://arachne.dainst.org/entity/3586726,37.75,21.58333,NULL," - andrias|Poseidonportrait statue in busiest part of Elis"
6.25.5,Ἠλείων,http://pleiades.stoa.org/places/570220,37.89131,21.37493,"theatre,settlement"," - "
6.25.6,Ἦλιν,http://pleiades.stoa.org/places/570220,37.89131,21.37493,"theatre,settlement"," - "
6.25.6,Πατρέων,http://pleiades.stoa.org/places/570567,38.243265,21.738518,settlement," - "
6.25.6,Σαμικῷ,http://pleiades.stoa.org/places/570653,37.53384,21.59852,settlement," - "
6.25.6,"τοῦτο τὸ ἄγαλμα",http://arachne.dainst.org/entity/3586726,37.75,21.58333,NULL," - "
6.25.6,Τριφυλίᾳ,http://pleiades.stoa.org/places/570754,37.75,21.75,region," - "
6.26.1,ἄγαλμα,http://arachne.dainst.org/entity/3586727,37.75,21.58333,NULL," - object|agalma|Dionysoswork of Praxiteles"
6.26.1,Ἠλεῖοι,http://pleiades.stoa.org/places/570220,37.89131,21.37493,"theatre,settlement"," - "
6.26.1,"θέατρον δὲ ἀρχαῖον",http://topostext.org/place/378214BEli,37.8936,21.3756,NULL," - built|theatron|PausTheater of Elis, ancient"
6.26.2,Αἰθίοπες,http://pleiades.stoa.org/places/39274,14.125005,38.721522,unknown," - "
6.26.2,Ἄνδριοι,http://pleiades.stoa.org/places/589693,37.8528,24.86222,"island,settlement-modern,settlement"," - "
6.26.2,Ἕλλησι,http://pleiades.stoa.org/places/1001896,37.5,22.5,province," - "
6.26.2,Ἠλείων,http://pleiades.stoa.org/places/570220,37.89131,21.37493,"theatre,settlement"," - "
6.26.2,Συήνης,http://pleiades.stoa.org/places/786123,24.08292,32.89066,settlement," - "
6.26.3,ἄγαλμα,http://arachne.dainst.org/entity/3586728,37.75,21.58333,NULL," - object|agalma|Athena|Q107043394chryselephantine, with rooster on helmet, said to be by Pheidias"
6.26.3,Ἠλείων,http://pleiades.stoa.org/places/570220,37.89131,21.37493,"theatre,settlement"," - "
6.26.4,Ἀρκάδος,http://pleiades.stoa.org/places/570102,37.567419268449626,22.165323097346306,region," - "
6.26.4,Ἠλείων,http://pleiades.stoa.org/places/570220,37.89131,21.37493,"theatre,settlement"," - "
6.26.4,Ἤλιδος,http://pleiades.stoa.org/places/570220,37.89131,21.37493,"theatre,settlement"," - "
6.26.4,Κυλλήνη,http://dare.ht.lu.se/places/23300,37.9346907,21.144997500000045,"settlement,port"," - built|epineion120 stadia from Elis"
6.26.4,Κυλλήνην,http://pleiades.stoa.org/places/570390,37.9346907,21.144997500000045,"settlement,port"," - "
6.26.4,Κυλλήνης,http://pleiades.stoa.org/places/570390,37.9346907,21.144997500000045,"settlement,port",NULL
6.26.4,Σικελίαν,http://pleiades.stoa.org/places/462492,37.53667611952188,14.08648464579389,island," - "
6.26.5,ἄγαλμα,http://arachne.dainst.org/entity/3586729,37.938175,21.142035,NULL," - "
6.26.5,Ἐπειῶν,http://topostext.org/place/378215REle,37.8,21.5,NULL," - "
6.26.5,Κυλλήνῃ,http://pleiades.stoa.org/places/570390,37.9346907,21.144997500000045,"settlement,port",NULL
6.26.5,Κυλλήνιον,http://pleiades.stoa.org/places/570390,37.9346907,21.144997500000045,"settlement,port"," - "
6.26.6,Ἕλληνες,http://pleiades.stoa.org/places/1001896,37.5,22.5,province," - "
6.26.6,Ἠλεία,http://pleiades.stoa.org/places/570220,37.89131,21.37493,"theatre,settlement"," - "
6.26.9,Ἄβασαν,http://pleiades.stoa.org/places/39262,12.5,42.5,people," - "
6.26.9,Αἰγύπτου,http://pleiades.stoa.org/places/981503,19.211408766666665,30.567329633333333,region," - "
6.26.9,Αἰθίοπας,http://pleiades.stoa.org/places/39274,14.125005,38.721522,unknown," - "
6.26.9,Ἐρυθρά,http://pleiades.stoa.org/places/39290,19.0,39.5,water-open," - "
6.26.9,Ἰνδοῖς,http://pleiades.stoa.org/places/50004,22.5,77.5,region," - "
6.26.9,Νείλου,http://pleiades.stoa.org/places/727172,19.211408766666665,30.567329633333333,river," - "
6.26.9,Σκύθας,http://pleiades.stoa.org/places/1273,47.5,27.5,region," - "
6.26.10,Ἄραξος,http://topostext.org/place/382214LAra,38.212,21.377,NULL," - "
6.26.10,Ἀχαΐαν,http://pleiades.stoa.org/places/570028,38.102121472776034,22.224585911364017,region," - "
6.26.10,Ἀχαιοὺς,http://pleiades.stoa.org/places/570028,38.102121472776034,22.224585911364017,region," - "
6.26.10,Ἠλείοις,http://pleiades.stoa.org/places/570220,37.89131,21.37493,"theatre,settlement"," - "
6.26.10,Ἤλιδος,http://pleiades.stoa.org/places/570220,37.89131,21.37493,"theatre,settlement"," - "
6.26.10,Λάρισον,http://pleiades.stoa.org/places/570415,38.130572873364734,21.413649227506795,river," - "
6.26.10,Λάρισος,http://pleiades.stoa.org/places/570415,38.130572873364734,21.413649227506795,river,NULL
