BookID,Place,Links,Lat,Lon,Type,Description
9.1.1,Ἀθηναίοις,http://pleiades.stoa.org/places/579885,37.971687,23.726464,settlement," - "
9.1.1,Ἀσωποῦ,http://pleiades.stoa.org/places/540672,38.300198333333334,23.581173000000003,river," - physical|potamos|eponym|Q622781|t - heroic age|f - they consider|personAsôpos river god, father of Plataia"
9.1.1,Ἀττικῆς,http://pleiades.stoa.org/places/579888,38.051998833333336,23.818991099999998,region," - "
9.1.1,Βοιωτία,http://pleiades.stoa.org/places/540689,38.34668803333333,23.184677533333332,region," - "
9.1.1,Βοιωτοὶ,http://pleiades.stoa.org/places/540689,38.34668803333333,23.184677533333332,region," - "
9.1.1,Ἐλευθερῶν,http://pleiades.stoa.org/places/540756,38.17934,23.37572,"settlement,fort"," - "
9.1.1,Πλαταιεῖς,http://pleiades.stoa.org/places/541063,38.221019,23.273866,settlement," - "
9.1.2,Ἑλλάδος,http://pleiades.stoa.org/places/1001896,37.5,22.5,province," - "
9.1.2,ὄρει,http://pleiades.stoa.org/places/540714,38.1850025,23.2505528,mountain," - physical|oros|t - heroic age|n - onoma|f - they say|eponymorei, the mountain named for Kithairôn"
9.1.2,Πλαταιεῖς,http://pleiades.stoa.org/places/541063,38.221019,23.273866,settlement," - "
9.1.2,πόλις,http://pleiades.stoa.org/places/541063,38.221019,23.273866,settlement," - built|settlement|n - kaleō|eponympolis"
9.1.2,ποταμοῦ,http://pleiades.stoa.org/places/540672,38.300198333333334,23.581173000000003,river," - physical|potamos|Q622781|f - narrator|x - notriver god Asopus"
9.1.2,ποταμῷ,http://pleiades.stoa.org/places/540672,38.300198333333334,23.581173000000003,river," - physical|potamos|t - heroic age|f - they say|eponymAsôpos river"
9.1.3,Ἀθηναῖοι,http://pleiades.stoa.org/places/579885,37.971687,23.726464,settlement," - "
9.1.3,Ἀθηναίων,http://pleiades.stoa.org/places/579885,37.971687,23.726464,settlement," - "
9.1.3,ἀναστάτους,http://pleiades.stoa.org/places/541063,38.221019,23.273866,settlement," - "
9.1.3,Βοιωτία,http://pleiades.stoa.org/places/540689,38.34668803333333,23.184677533333332,region," - "
9.1.3,ἐσβῆναι,http://pleiades.stoa.org/places/541063,38.221019,23.273866,settlement," - "
9.1.3,ἠμύναντο,http://pleiades.stoa.org/places/541063,38.221019,23.273866,settlement," - "
9.1.3,καταβεβηκότος,http://pleiades.stoa.org/places/541063,38.221019,23.273866,settlement," - "
9.1.3,καταχθῆναι,http://pleiades.stoa.org/places/541063,38.221019,23.273866,settlement," - "
9.1.3,Μαραθῶνι,http://dare.ht.lu.se/places/22760,38.1465515,23.970146,settlement," - "
9.1.3,Μαραθῶνι,http://pleiades.stoa.org/places/580021,38.1465515,23.970146,settlement," - "
9.1.3,μετασχόντες,http://pleiades.stoa.org/places/541063,38.221019,23.273866,settlement," - "
9.1.3,Πλαταιεῦσι,http://pleiades.stoa.org/places/541063,38.221019,23.273866,settlement," - "
9.1.4,Ἀθηναίους,http://dare.ht.lu.se/places/10975,37.971687,23.726464,settlement," - "
9.1.4,Ἀθηνῶν,http://dare.ht.lu.se/places/10975,37.971687,23.726464,settlement," - "
9.1.4,ἀνοικισθείσης,http://pleiades.stoa.org/places/541063,38.221019,23.273866,settlement," - "
9.1.4,Ἕλλησιν,http://pleiades.stoa.org/places/1001896,37.5,22.5,province," - "
9.1.4,Θηβαίους,http://pleiades.stoa.org/places/541138,38.318092,23.255096,"sanctuary,settlement"," - "
9.1.4,Καδμείαν,http://topostext.org/place/383233XCad,38.3209,23.3178,NULL," - built|settlement|t - post-Peloponnesian War|f - PlataeansThebes acropolis"
9.1.4,Λακεδαιμόνιοι,http://pleiades.stoa.org/places/570406,37.07624042080912,22.46082645177671,region," - "
9.1.4,Λακεδαιμονίοις,http://pleiades.stoa.org/places/570406,37.07624042080912,22.46082645177671,region," - "
9.1.4,Πελοποννησίοις,http://pleiades.stoa.org/places/570577,37.25289777692308,22.312752688461543,"peninsula,region"," - "
9.1.4,Περσῶν,http://pleiades.stoa.org/places/922698,30.5,51.5,unknown," - "
9.1.4,Πλάταιαν,http://pleiades.stoa.org/places/541063,38.221019,23.273866,settlement," - "
9.1.4,Πλαταιεῖς,http://pleiades.stoa.org/places/541063,38.221019,23.273866,settlement," - "
9.1.4,Πλαταιέων,http://dare.ht.lu.se/places/21988,38.221019,23.273866,settlement," - "
9.1.4,Σπαρτιάτης,http://pleiades.stoa.org/places/570685,37.08149,22.42454,"theatre,temple,settlement,temple-2"," - "
9.1.4,τοὺς,http://pleiades.stoa.org/places/541063,38.221019,23.273866,settlement," - "
9.1.5,Θηβαῖοι,http://pleiades.stoa.org/places/541138,38.318092,23.255096,"sanctuary,settlement"," - "
9.1.5,Θηβαίους,http://dare.ht.lu.se/places/21952,38.318092,23.255096,"sanctuary,settlement"," - "
9.1.5,Θηβαίων,http://pleiades.stoa.org/places/541138,38.318092,23.255096,"sanctuary,settlement"," - "
9.1.5,Λακεδαιμονίους,http://pleiades.stoa.org/places/570406,37.07624042080912,22.46082645177671,region," - "
9.1.5,Πλαταιεῖς,http://pleiades.stoa.org/places/541063,38.221019,23.273866,settlement," - "
9.1.5,πόλιν,http://pleiades.stoa.org/places/541063,38.221019,23.273866,settlement," - "
9.1.6,Ἀττικῆς,http://pleiades.stoa.org/places/579888,38.051998833333336,23.818991099999998,region," - "
9.1.6,Ἐλευθερῶν,http://pleiades.stoa.org/places/540756,38.17934,23.37572,"settlement,fort"," - "
9.1.6,Θήβαις,http://pleiades.stoa.org/places/541138,38.318092,23.255096,"sanctuary,settlement"," - "
9.1.6,Θηβαίων,http://pleiades.stoa.org/places/541138,38.318092,23.255096,"sanctuary,settlement"," - "
9.1.6,Θηβῶν,http://pleiades.stoa.org/places/541138,38.318092,23.255096,"sanctuary,settlement"," - "
9.1.6,Πλαταιεῖς,http://pleiades.stoa.org/places/541063,38.221019,23.273866,settlement," - "
9.1.6,Πλαταιέων,http://pleiades.stoa.org/places/541063,38.221019,23.273866,settlement," - "
9.1.6,Ὑσιῶν,http://topostext.org/place/382233PHys,38.2224,23.3405,NULL," - "
9.1.7,ἀπελθεῖν,http://pleiades.stoa.org/places/541063,38.221019,23.273866,settlement," - "
9.1.7,ἐγκαταληφθέντας,http://pleiades.stoa.org/places/541063,38.221019,23.273866,settlement," - "
9.1.7,ἐξελθεῖν,http://pleiades.stoa.org/places/541063,38.221019,23.273866,settlement," - "
9.1.7,ἐσελθεῖν,http://pleiades.stoa.org/places/541063,38.221019,23.273866,settlement," - "
9.1.7,ἥλωσαν,http://pleiades.stoa.org/places/541063,38.221019,23.273866,settlement," - "
9.1.7,Θηβαῖοι,http://pleiades.stoa.org/places/541138,38.318092,23.255096,"sanctuary,settlement"," - "
9.1.7,Θηβαίους,http://dare.ht.lu.se/places/21952,38.318092,23.255096,"sanctuary,settlement"," - "
9.1.7,Λακεδαιμόνιοι,http://pleiades.stoa.org/places/570406,37.07624042080912,22.46082645177671,region," - "
9.1.7,Λακεδαιμονίων,http://pleiades.stoa.org/places/570406,37.07624042080912,22.46082645177671,region," - "
9.1.7,Πλαταιεῖς,http://pleiades.stoa.org/places/541063,38.221019,23.273866,settlement," - "
9.1.7,Πλαταιεῦσιν,http://pleiades.stoa.org/places/541063,38.221019,23.273866,settlement," - "
9.1.8,Ἀθηναῖοι,http://pleiades.stoa.org/places/579885,37.971687,23.726464,settlement," - "
9.1.8,ἐκπεσόντας,http://pleiades.stoa.org/places/541063,38.221019,23.273866,settlement," - "
9.1.8,Θηβαίων,http://pleiades.stoa.org/places/541138,38.318092,23.255096,"sanctuary,settlement"," - "
9.1.8,Θήβας,http://pleiades.stoa.org/places/541138,38.318092,23.255096,"sanctuary,settlement"," - "
9.1.8,Λεύκτροις,http://pleiades.stoa.org/places/540913,38.25422,23.18095,settlement," - "
9.1.8,Πλαταίας,http://pleiades.stoa.org/places/541063,38.221019,23.273866,settlement," - "
9.1.8,Πλαταιεῖς,http://pleiades.stoa.org/places/541063,38.221019,23.273866,settlement," - "
9.1.8,Πλαταιεῦσι,http://pleiades.stoa.org/places/541063,38.221019,23.273866,settlement," - "
9.1.8,πόλις,http://pleiades.stoa.org/places/541063,38.221019,23.273866,settlement," - "
9.1.8,φρουράν,http://pleiades.stoa.org/places/981531,42.5,22.5,province," - "
9.1.8,Χαιρωνείᾳ,http://dare.ht.lu.se/places/22857,38.493361,22.840365,settlement," - "
9.2.1,Βοιωτῶν,http://pleiades.stoa.org/places/540689,38.34668803333333,23.184677533333332,region," - "
9.2.1,Ἐρυθρῶν,http://pleiades.stoa.org/places/540771,38.38122,26.48103,"settlement,port"," - built|ereipia|Pausruins"
9.2.1,Κιθαιρῶνι,http://pleiades.stoa.org/places/540714,38.1850025,23.2505528,mountain," - "
9.2.1,Πλαταιίδος,http://pleiades.stoa.org/places/541063,38.221019,23.273866,settlement," - regional|gê|Pausland of Plataiis"
9.2.1,πόλεις,http://topostext.org/place/382233PHys,38.2224,23.3405,NULL," - built|polis|t - poteand Erythrai"
9.2.1,Ὑσιῶν,http://topostext.org/place/382233PHys,38.2224,23.3405,NULL," - "
9.2.2,Ἐφεσίῳ,http://pleiades.stoa.org/places/599612,37.941944,27.339722,"theatre,settlement,temple-2,architecturalcomplex"," - "
9.2.2,Ἰώνων,http://pleiades.stoa.org/places/550597,38.258572855555556,27.36601213333333,region," - "
9.2.3,Ἐλευθερῶν,http://pleiades.stoa.org/places/540756,38.17934,23.37572,"settlement,fort"," - "
9.2.3,Ἱμεραῖος,http://pleiades.stoa.org/places/462244,37.96884,13.82184,"temple,settlement,plaza"," - male|proxyStesichorus"
9.2.3,Μεγάρων,http://pleiades.stoa.org/places/570468,37.2038,15.18273,"region,settlement"," - "
9.2.3,Πλάταιαν,http://pleiades.stoa.org/places/541063,38.221019,23.273866,settlement," - "
9.2.4,Κιθαιρὼν,http://pleiades.stoa.org/places/540714,38.1850025,23.2505528,mountain," - "
9.2.4,Κιθαιρῶνος,http://pleiades.stoa.org/places/540714,38.1850025,23.2505528,mountain," - "
9.2.4,Φωκέων,http://pleiades.stoa.org/places/541048,38.25,22.25,unknown," - "
9.2.5,ἄγαλμα,http://arachne.dainst.org/entity/3586911,38.220833,23.273889,NULL," - object|agalma|Paus|Zeus|mat - leukos lithosagalma of Zeus Eleutherios at altar, Plataia"
9.2.5,Ἀθηναίων,http://pleiades.stoa.org/places/579885,37.971687,23.726464,settlement," - "
9.2.5,Ἑλλήνων,http://pleiades.stoa.org/places/1001896,37.5,22.5,province," - "
9.2.5,Ἕλλησι,http://pleiades.stoa.org/places/1001896,37.5,22.5,province," - "
9.2.5,Λακεδαιμονίων,http://pleiades.stoa.org/places/570406,37.07624042080912,22.46082645177671,region," - "
9.2.5,μαχεσαμένων,http://pleiades.stoa.org/places/1001896,37.5,22.5,province," - "
9.2.5,Μήδους,http://pleiades.stoa.org/places/922698,30.5,51.5,unknown," - "
9.2.5,Πλάταιαν,http://pleiades.stoa.org/places/541063,38.221019,23.273866,settlement," - "
9.2.6,ἄγουσι,http://pleiades.stoa.org/places/541063,38.221019,23.273866,settlement," - "
9.2.6,Ἕλληνες,http://pleiades.stoa.org/places/1001896,37.5,22.5,province," - historical|Hellenes|proxy|t - Persian War|tr - tithēmiHellênes"
9.2.6,Πλαταιᾶσιν,http://pleiades.stoa.org/places/541063,38.221019,23.273866,settlement," - "
9.2.6,πόλεως,http://pleiades.stoa.org/places/541063,38.221019,23.273866,settlement," - "
9.2.7,ἄγαλμα,http://arachne.dainst.org/entity/3586913,38.220833,23.273889,NULL," - object|agalma|Paus|Hera Numpheuomenê|xm - kathēmai|b - Kallimachosagalma of Hera Nympheuomenê by Kallimachos in temple of Hera, Plataia"
9.2.7,ἀγάλματος,http://arachne.dainst.org/entity/3586911,38.220833,23.273889,NULL," - "
9.2.7,Ἥραν,http://arachne.dainst.org/entity/3586912,38.220833,23.273889,NULL," - Q38012|object|agalma|Paus|Hera|n - kaleo|Hera Teleia|agency|tr - poieō|mat - lithos|b - PraxitelesHera"
9.2.7,Πεντελησίου,http://dare.ht.lu.se/places/41414,38.0814366,23.8827098,mountain," - material|lithosPentelic marble"
9.2.7,Πλαταιεῦσι,http://pleiades.stoa.org/places/541063,38.221019,23.273866,settlement," - "
9.2.7,πόλει,http://pleiades.stoa.org/places/541063,38.221019,23.273866,settlement," - "
9.2.7,"Ῥέα τὸν πέτρον κατειλημένον σπαργάνοις",http://arachne.dainst.org/entity/3888233,38.220833,23.273889,NULL," - object|agalma|Rea|Paus|agency|mat - lithos|b - PraxitelesRhea agalma in temple of Hera, Plataia"
9.3.1,"ἄγαλμα ξύλου",http://arachne.dainst.org/entity/3586914,38.220833,23.273889,NULL," - object|agalma|t - heroic age|f - they say|b - Zeus|f - KithairōnWooden images for Daidala festival at Plataia"
9.3.1,Εὔβοιάν,http://pleiades.stoa.org/places/540775,38.53,23.87,island," - "
9.3.1,Πλαταιαῖς,http://pleiades.stoa.org/places/541063,38.221019,23.273866,settlement," - "
9.3.2,ἀγάλματος,http://arachne.dainst.org/entity/3586914,38.220833,23.273889,NULL," - "
9.3.2,ἄγουσιν,http://pleiades.stoa.org/places/541063,38.221019,23.273866,settlement," - "
9.3.2,Ἀθήνῃσι,http://pleiades.stoa.org/places/579885,37.971687,23.726464,settlement," - built|settlement|t - heroic age|f - narratorAthens"
9.3.3,ἄγουσι,http://pleiades.stoa.org/places/541063,38.221019,23.273866,settlement," - "
9.3.3,Πλαταιεῖς,http://pleiades.stoa.org/places/541063,38.221019,23.273866,settlement," - "
9.3.4,Ἀλαλκομενῶν,http://pleiades.stoa.org/places/540619,38.385259,23.00169,settlement," - "
9.3.4,Βοιωτίᾳ,http://pleiades.stoa.org/places/540689,38.34668803333333,23.184677533333332,region," - "
9.3.5,ἄγουσιν,http://pleiades.stoa.org/places/541063,38.221019,23.273866,settlement," - "
9.3.5,Βοιωτοί,http://pleiades.stoa.org/places/540689,38.34668803333333,23.184677533333332,region," - "
9.3.5,ξόανα,http://arachne.dainst.org/entity/3586914,38.220833,23.273889,NULL," - object|xoanon|t - present|s - ritualMultiple wooden images for the Daidala festival"
9.3.5,Πλαταιεῖς,http://pleiades.stoa.org/places/541063,38.221019,23.273866,settlement," - "
9.3.5,συνεορτάζουσι,http://pleiades.stoa.org/places/541063,38.221019,23.273866,settlement," - "
9.3.6,Θεσπιεῖς,http://pleiades.stoa.org/places/541141,38.293384,23.154521,settlement," - "
9.3.6,Θηβαῖοι,http://pleiades.stoa.org/places/541138,38.318092,23.255096,"sanctuary,settlement"," - "
9.3.6,Θήβας,http://pleiades.stoa.org/places/541138,38.318092,23.255096,"sanctuary,settlement"," - "
9.3.6,Κορωναῖοι,http://pleiades.stoa.org/places/540717,38.392613,22.956902,settlement," - "
9.3.6,Λεβαδεῖς,http://pleiades.stoa.org/places/540907,38.431063,22.87352,settlement," - "
9.3.6,Ὀρχομένιοι,http://pleiades.stoa.org/places/540987,38.495082,22.959486,settlement," - "
9.3.6,οὗτοι,http://pleiades.stoa.org/places/541138,38.318092,23.255096,"sanctuary,settlement"," - "
9.3.6,Πλαταιεῖς,http://pleiades.stoa.org/places/541063,38.221019,23.273866,settlement," - "
9.3.6,Πλαταιεῦσι,http://pleiades.stoa.org/places/541063,38.221019,23.273866,settlement," - "
9.3.6,Ταναγραῖοι,http://pleiades.stoa.org/places/580114,38.309371,23.587064,settlement," - "
9.3.6,ταῦτα,http://arachne.dainst.org/entity/3586914,38.220833,23.273889,NULL," - "
9.3.6,Χαιρωνεῖς,http://pleiades.stoa.org/places/540701,38.493361,22.840365,settlement," - "
9.3.7,ἄγαλμα,http://arachne.dainst.org/entity/3586914,38.220833,23.273889,NULL," - "
9.3.7,Ἀσωπὸν,http://pleiades.stoa.org/places/540672,38.300198333333334,23.581173000000003,river," - "
9.3.7,Κιθαιρῶνα,http://pleiades.stoa.org/places/540714,38.1850025,23.2505528,mountain," - "
9.3.7,κορυφῇ,http://pleiades.stoa.org/places/540714,38.1850025,23.2505528,mountain," - physical|koryphê|t - present|s - ritualSummit of Kithairon Mt."
9.3.7,ποταμοῦ,http://pleiades.stoa.org/places/540672,38.300198333333334,23.581173000000003,river," - "
9.3.9,κορυφῆς,http://pleiades.stoa.org/places/540714,38.1850025,23.2505528,mountain," - "
9.4.1,ἄγαλμα,http://arachne.dainst.org/entity/3586915,38.220833,23.273889,NULL," - object|agalma|Paus|xoanon|Athena|mat - chrysos|mat - lithosgilt xoanon agalma of Athena Areia in her sanctuary at Plataea"
9.4.1,ἄγαλμα,http://arachne.dainst.org/entity/3586915,38.220833,23.273889,NULL," - object|agalma|Athena|t - present|b - Pheidias|analogicagalma of Athena Areia at Plataea"
9.4.1,Ἀθηναῖοι,http://pleiades.stoa.org/places/579885,37.971687,23.726464,settlement," - "
9.4.1,ἀκροπόλει,http://pleiades.stoa.org/places/638356144,37.971421,23.726166,"acropolis,architecturalcomplex"," - built|acropolis|analogicbronze Athena on the Acropolis of Athens"
9.4.1,ἀποδεῖ,http://arachne.dainst.org/entity/3586915,38.220833,23.273889,NULL," - "
9.4.1,αὐτὴν,http://topostext.org/place/380237AAtP,37.97187,23.72594,NULL," - object|statue|Athena|t - Persian War|d - Athenians|b - Pheidiasbronze statue of Athena Promachos on the Athenian Acropolis"
9.4.1,Μαραθῶνι,http://pleiades.stoa.org/places/580021,38.1465515,23.970146,settlement," - "
9.4.1,Πεντελησίου,http://pleiades.stoa.org/places/580065,38.0814366,23.8827098,mountain," - material|marblePentelic marble"
9.4.1,Πλαταιεῦσι,http://pleiades.stoa.org/places/541063,38.221019,23.273866,settlement," - "
9.4.1,χαλκῆς,http://topostext.org/place/380237AAtP,37.97187,23.72594,NULL," - object|statue|Athena|analogic|mat - chalkosbronze statue of Athena, Athens acropolis"
9.4.2,ἀγάλματος,http://arachne.dainst.org/entity/3586915,38.220833,23.273889,NULL," - "
9.4.2,Ἀργείων,http://pleiades.stoa.org/places/570106,37.631561,22.719464,settlement," - "
9.4.2,γραφαὶ,http://arachne.dainst.org/entity/3586916,38.220833,23.273889,NULL," - object|graphê|PausPaintings in the temple of Athena Areia, Plataea, including dai:3586917"
9.4.2,γραφαί,http://arachne.dainst.org/entity/3586916,38.220833,23.273889,NULL," - object|graphê|Paus|teichosPaintings in the temple of Athena Areia, Plataea, including dai:3586917"
9.4.2,εἰκὼν,http://arachne.dainst.org/entity/3586918,38.220833,23.273889,NULL," - object|eikon|Paus|xm - keimai|agencyeikôn of Arimnestus at foot of agalma of Athena Areia, Plataea"
9.4.2,Θήβας,http://pleiades.stoa.org/places/541138,38.318092,23.255096,"sanctuary,settlement"," - "
9.4.2,Μαραθῶνα,http://pleiades.stoa.org/places/580021,38.1465515,23.970146,settlement," - "
9.4.2,Ὀδυσσεὺς,http://arachne.dainst.org/entity/3586916,38.220833,23.273889,NULL," - object|graphê|Paus|Q47231|t - heroic age|tr - ergazomai|agency|b - PolygnotosOdysseus"
9.4.2,Πλαταιεῦσιν,http://pleiades.stoa.org/places/541063,38.221019,23.273866,settlement," - "
9.4.2,"προτέρα στρατεία",http://arachne.dainst.org/entity/3586917,38.220833,23.273889,NULL," - object|graphê|Paus|Q3119061|b - Onasias|t - heroic age|agencyPainting, Seven Against Thebes, by Onasias in pronaos, temple of Athena Areia, Plataia"
9.4.2,"τῇ πρὸς Μαρδόνιον μάχῃ",http://pleiades.stoa.org/places/541063,38.221019,23.273866,settlement," - battle|t - Persian Warbattle against Mardonios at Plataia"
9.4.3,Βοιωτοὺς,http://pleiades.stoa.org/places/540689,38.34668803333333,23.184677533333332,region," - "
9.4.3,Γαργαφίαν,http://topostext.org/place/382233WGar,38.239,23.309,NULL," - "
9.4.3,Ἑλλήνων,http://pleiades.stoa.org/places/1001896,37.5,22.5,province," - historical|Hellenes|proxy|t - Persian Wararmy (strateuma)"
9.4.3,οἴκαδε,http://pleiades.stoa.org/places/540689,38.34668803333333,23.184677533333332,region," - "
9.4.3,Περσῶν,http://pleiades.stoa.org/places/922698,30.5,51.5,unknown," - historical|Persians|proxy|t - Persian War|tr - cheōcavalry (hippos)"
9.4.3,Πλαταιαῖς,http://pleiades.stoa.org/places/541063,38.221019,23.273866,settlement," - "
9.4.3,Πλαταιεῖς,http://pleiades.stoa.org/places/541063,38.221019,23.273866,settlement," - "
9.4.3,Τροίαν,http://pleiades.stoa.org/places/550595,39.9577,26.23873,settlement," - "
9.4.3,ὕδωρ,http://topostext.org/place/382233WGar,38.239,23.309,NULL," - "
9.4.4,ἀγάλματα,http://arachne.dainst.org/entity/3888401,38.3232,23.401,NULL," - object|agalma|Paus|Demeter|Kore|s - ergonhalf-worked agalmata in temple of Demeter and Kore at Skôlos"
9.4.4,Ἀσωπόν,http://pleiades.stoa.org/places/540672,38.300198333333334,23.581173000000003,river," - "
9.4.4,Ἀσωπός,http://pleiades.stoa.org/places/540672,38.300198333333334,23.581173000000003,river," - physical|river|t - nun|t - present|agency|i - krinōAsôpos river marking border between Theban and Plataian territory."
9.4.4,Θηβαίων,http://pleiades.stoa.org/places/541138,38.318092,23.255096,"sanctuary,settlement"," - "
9.4.4,Θήβας,http://pleiades.stoa.org/places/541138,38.318092,23.255096,"sanctuary,settlement"," - "
9.4.4,Πλαταίας,http://pleiades.stoa.org/places/541063,38.221019,23.273866,settlement," - built|settlement|Pausroad from Plataea to Thebes"
9.4.4,Πλαταιίδα,http://pleiades.stoa.org/places/541063,38.221019,23.273866,settlement," - regional|Plataean|t - nun|t - presentPlataiis, territory of Plataia"
9.4.4,ῥεῦμα,http://pleiades.stoa.org/places/540672,38.300198333333334,23.581173000000003,river," - "
9.4.4,Σκώλου,http://pleiades.stoa.org/places/541106,38.317722,23.403247,settlement," - built|ereipia|Pausruins of Skôlos along Asopos river"
9.4.4,Ὠερόη,http://pleiades.stoa.org/places/540967,38.25,23.25,river," - "
9.5.1,Βοιώτια,http://pleiades.stoa.org/places/540689,38.34668803333333,23.184677533333332,region," - "
9.5.1,Θηβαΐδα,http://pleiades.stoa.org/places/541138,38.318092,23.255096,"sanctuary,settlement"," - physical|gê|t - heroic age|f - they sayThêbais"
9.5.1,Θήβας,http://pleiades.stoa.org/places/541138,38.318092,23.255096,"sanctuary,settlement"," - "
9.5.1,Φοινίκων,http://pleiades.stoa.org/places/678334,33.25,35.25,region," - "
9.5.1,Φοίνιξιν,http://pleiades.stoa.org/places/678334,33.25,35.25,region," - "
9.5.1,χώραν,http://pleiades.stoa.org/places/541138,38.318092,23.255096,"sanctuary,settlement"," - "
9.5.1,Ὠγύγιαι,http://pleiades.stoa.org/places/541138,38.318092,23.255096,"sanctuary,settlement"," - "
9.5.2,Ἑλλήνων,http://pleiades.stoa.org/places/1001896,37.5,22.5,province," - "
9.5.2,Θηβῶν,http://pleiades.stoa.org/places/541138,38.318092,23.255096,"sanctuary,settlement"," - built|settlement|t - heroic age|l - katōthe lower city"
9.5.2,Καδμείαν,http://topostext.org/place/383233XCad,38.3209,23.3178,NULL," - built|polis|n - kaleō|t - present|t - es hēmasThebes acropolis"
9.5.2,Καδμείαν,http://topostext.org/place/383233XCad,38.3209,23.3178,NULL," - built|acropolis|t - heroic age|m - bainō|agencyThebes acropolis"
9.5.2,πόλεως,http://topostext.org/place/383233XCad,38.3209,23.3178,NULL," - "
9.5.2,πόλιν,http://topostext.org/place/383233XCad,38.3209,23.3178,NULL," - "
9.5.3,ἀρχὴν,http://topostext.org/place/383233XCad,38.3209,23.3178,NULL," - "
9.5.3,Ἐγχελέας,http://pleiades.stoa.org/places/481829,41.5,20.5,unknown," - "
9.5.3,Ἰλλυριοὺς,http://pleiades.stoa.org/places/481866,41.5,19.5,unknown," - "
9.5.3,Ἰλλυριῶν,http://pleiades.stoa.org/places/481866,41.5,19.5,unknown," - "
9.5.4,ἀρχὴν,http://topostext.org/place/383233XCad,38.3209,23.3178,NULL," - "
9.5.5,ἀρχήν,http://topostext.org/place/383233XCad,38.3209,23.3178,NULL," - "
9.5.5,Θηβαίων,http://pleiades.stoa.org/places/541138,38.318092,23.255096,"sanctuary,settlement"," - historical|Thebans|proxy|t - heroic age|m - erchomai|agenpower (dynasteia)"
9.5.6,Θήβας,http://pleiades.stoa.org/places/541138,38.318092,23.255096,"sanctuary,settlement"," - "
9.5.6,Καδμείᾳ,http://topostext.org/place/383233XCad,38.3209,23.3178,NULL," - "
9.5.6,"πόλιν τὴν κάτω",http://pleiades.stoa.org/places/541138,38.318092,23.255096,"sanctuary,settlement"," - built|polis|l - katō|t - heroic ageLower city of Thebes, founded by Amphion and Zethos"
9.5.7,Θήβην,http://pleiades.stoa.org/places/541138,38.318092,23.255096,"sanctuary,settlement"," - built|settlement|t - heroic age|r - HomerThêbê Homer Odyssey 11.263"
9.5.7,Θήβης,http://pleiades.stoa.org/places/541138,38.318092,23.255096,"sanctuary,settlement"," - built|hēdos|Q2416381|r - Homer|t - heroic ageThebe"
9.5.7,Λυδῶν,http://pleiades.stoa.org/places/550701,38.624771249999995,27.9632845,region," - "
9.5.8,Βυζαντία,http://pleiades.stoa.org/places/520985,41.012379,28.975926,"urban,settlement"," - historical|Byzantine|proxyMurô Buzantia poet"
9.5.9,Θηβαῖοι,http://pleiades.stoa.org/places/541138,38.318092,23.255096,"sanctuary,settlement"," - "
9.5.9,Θρᾷκα,http://pleiades.stoa.org/places/501638,40.288041,23.129408,unknown," - "
9.5.10,Δελφῶν,http://pleiades.stoa.org/places/540726,38.482289,22.501169,"sanctuary,settlement"," - "
9.5.11,Εὐρυγάνειαν,http://arachne.dainst.org/entity/3586917,38.220833,23.273889,NULL," - object|graphê|t - heroic age|agency|Q1378458|Euryganeia|f - paintingperson, Euryganeia|"
9.5.11,Πλαταιᾶσιν,http://pleiades.stoa.org/places/541063,38.221019,23.273866,settlement," - "
9.5.12,Ἄργος,http://pleiades.stoa.org/places/570106,37.631561,22.719464,settlement," - "
9.5.12,Θήβας,http://pleiades.stoa.org/places/541138,38.318092,23.255096,"sanctuary,settlement"," - "
9.5.12,Θηβῶν,http://pleiades.stoa.org/places/541138,38.318092,23.255096,"sanctuary,settlement"," - "
9.5.13,ἄγουσι,http://pleiades.stoa.org/places/570106,37.631561,22.719464,settlement," - "
9.5.13,Ἀργείων,http://pleiades.stoa.org/places/570106,37.631561,22.719464,settlement," - "
9.5.13,Γλίσαντα,http://pleiades.stoa.org/places/540791,38.391809,23.396935,settlement," - "
9.5.13,Θηβαίων,http://pleiades.stoa.org/places/541138,38.318092,23.255096,"sanctuary,settlement"," - "
9.5.13,Θήβας,http://pleiades.stoa.org/places/541138,38.318092,23.255096,"sanctuary,settlement"," - "
9.5.13,Ἰλλυριούς,http://pleiades.stoa.org/places/481866,41.5,19.5,unknown," - "
9.5.13,συνῆλθον,http://pleiades.stoa.org/places/570106,37.631561,22.719464,settlement," - "
9.5.14,Ἀργεῖοι,http://pleiades.stoa.org/places/570106,37.631561,22.719464,settlement," - "
9.5.14,Ἐλαίᾳ,http://pleiades.stoa.org/places/550523,38.9416,27.041,settlement," - "
9.5.14,Ἑλλήνων,http://pleiades.stoa.org/places/1001896,37.5,22.5,province," - "
9.5.14,Θήβας,http://pleiades.stoa.org/places/541138,38.318092,23.255096,"sanctuary,settlement"," - "
9.5.14,Καΐκου,http://pleiades.stoa.org/places/550491,38.9471678,27.0057354,river," - physical|river|PausKaikos river plain"
9.5.14,Μυσίαν,http://pleiades.stoa.org/places/550759,39.13112815791898,27.184419878077563,"labeled feature"," - "
9.5.14,στρατεύουσιν,http://pleiades.stoa.org/places/1001896,37.5,22.5,province," - "
9.5.14,Τροίαν,http://pleiades.stoa.org/places/550595,39.9577,26.23873,settlement," - "
9.5.15,αἱροῦνται,http://pleiades.stoa.org/places/1001896,37.5,22.5,province," - "
9.5.15,εἵλοντο,http://pleiades.stoa.org/places/1001896,37.5,22.5,province," - "
9.5.15,ἐπιχώριοί,http://pleiades.stoa.org/places/550523,38.9416,27.041,settlement," - "
9.5.15,θεοῦ,http://topostext.org/place/385225SDel,38.48264,22.50108,NULL," - "
9.5.15,Ἴλιον,http://pleiades.stoa.org/places/550595,39.9577,26.23873,settlement," - built|settlement|t - heroic ageIlion"
9.5.16,εἵλοντο,http://pleiades.stoa.org/places/1001896,37.5,22.5,province," - "
9.5.16,Θηβαίοις,http://pleiades.stoa.org/places/541138,38.318092,23.255096,"sanctuary,settlement"," - "
9.6.1,Ἀθηναίοις,http://pleiades.stoa.org/places/579885,37.971687,23.726464,settlement," - "
9.6.1,Ἀθηναίων,http://pleiades.stoa.org/places/579885,37.971687,23.726464,settlement," - "
9.6.1,δοκοῦσιν,http://pleiades.stoa.org/places/541138,38.318092,23.255096,"sanctuary,settlement"," - "
9.6.1,ἐκρατήθησαν,http://pleiades.stoa.org/places/541138,38.318092,23.255096,"sanctuary,settlement"," - "
9.6.1,Ἑλληνικῶν,http://pleiades.stoa.org/places/1001896,37.5,22.5,province," - "
9.6.1,Πλάταιαν,http://pleiades.stoa.org/places/541063,38.221019,23.273866,settlement," - "
9.6.1,Πλαταιεῦσιν,http://pleiades.stoa.org/places/541063,38.221019,23.273866,settlement," - "
9.6.1,πολεμῆσαι,http://pleiades.stoa.org/places/541138,38.318092,23.255096,"sanctuary,settlement"," - "
9.6.1,προσέπταισαν,http://pleiades.stoa.org/places/541138,38.318092,23.255096,"sanctuary,settlement"," - "
9.6.1,σφισιν,http://pleiades.stoa.org/places/541138,38.318092,23.255096,"sanctuary,settlement"," - "
9.6.1,τὰ,http://pleiades.stoa.org/places/922698,30.5,51.5,unknown," - "
9.6.2,Ἀθηναίους,http://pleiades.stoa.org/places/579885,37.971687,23.726464,settlement," - "
9.6.2,Ἀθήνῃσιν,http://pleiades.stoa.org/places/579885,37.971687,23.726464,settlement," - built|settlement|t - Persian War|f - narratorAthens"
9.6.2,βάρβαρος,http://pleiades.stoa.org/places/922698,30.5,51.5,unknown," - proxy|f - narrator|t - Persian War|m - aphikneomaibarbaros"
9.6.2,Ἑλλάδα,http://pleiades.stoa.org/places/1001896,37.5,22.5,province," - "
9.6.2,Θήβαις,http://pleiades.stoa.org/places/541138,38.318092,23.255096,"sanctuary,settlement"," - built|settlement|t - Persian War|analogic|r - Thucydidesoligarchia not dēmosia"
9.6.2,"πάτριος πολιτεία",http://pleiades.stoa.org/places/541138,38.318092,23.255096,"sanctuary,settlement"," - proxy|t - heroic age|xm - ischeō|agency|x - not|analogicpoliteia"
9.6.3,Ἀθηναίοις,http://pleiades.stoa.org/places/579885,37.971687,23.726464,settlement," - "
9.6.3,Ἀθηναίους,http://dare.ht.lu.se/places/10975,37.971687,23.726464,settlement," - "
9.6.3,Ἀθηναίων,http://pleiades.stoa.org/places/579885,37.971687,23.726464,settlement," - "
9.6.3,Δηλίῳ,http://pleiades.stoa.org/places/540725,38.3462075,23.661354,settlement," - "
9.6.3,Θηβαῖοι,http://pleiades.stoa.org/places/541138,38.318092,23.255096,"sanctuary,settlement"," - "
9.6.3,Θηβαίοις,http://pleiades.stoa.org/places/541138,38.318092,23.255096,"sanctuary,settlement"," - "
9.6.3,Θηβῶν,http://pleiades.stoa.org/places/541138,38.318092,23.255096,"sanctuary,settlement"," - "
9.6.3,Κορινθίων,http://pleiades.stoa.org/places/570182,37.906045,22.878721,"sanctuary,settlement,fort"," - "
9.6.3,Λακεδαιμονίοις,http://pleiades.stoa.org/places/570406,37.07624042080912,22.46082645177671,region," - "
9.6.3,Λακεδαιμονίους,http://pleiades.stoa.org/places/570406,37.07624042080912,22.46082645177671,region," - "
9.6.3,Μήδου,http://pleiades.stoa.org/places/922698,30.5,51.5,unknown," - Q8735|proxy|t - Persian WarMede"
9.6.3,Πελοποννησίων,http://pleiades.stoa.org/places/570577,37.25289777692308,22.312752688461543,"peninsula,region"," - "
9.6.3,Ταναγραίων,http://pleiades.stoa.org/places/580114,38.309371,23.587064,settlement," - "
9.6.4,Ἑλλήνων,http://pleiades.stoa.org/places/1001896,37.5,22.5,province," - "
9.6.4,Ἕλλησιν,http://pleiades.stoa.org/places/1001896,37.5,22.5,province," - "
9.6.4,ἔπαυσαν,http://pleiades.stoa.org/places/541138,38.318092,23.255096,"sanctuary,settlement"," - "
9.6.4,ἐπολέμησαν,http://pleiades.stoa.org/places/541138,38.318092,23.255096,"sanctuary,settlement"," - "
9.6.4,Κόρινθόν,http://pleiades.stoa.org/places/570182,37.906045,22.878721,"sanctuary,settlement,fort"," - "
9.6.4,Κορωνείᾳ,http://pleiades.stoa.org/places/540717,38.392613,22.956902,settlement," - "
9.6.4,κρατηθέντες,http://pleiades.stoa.org/places/541138,38.318092,23.255096,"sanctuary,settlement"," - "
9.6.4,Λακεδαιμόνιοι,http://pleiades.stoa.org/places/570406,37.07624042080912,22.46082645177671,region," - "
9.6.4,Λεύκτροις,http://pleiades.stoa.org/places/540913,38.25422,23.18095,settlement," - "
9.6.4,νικῶσιν,http://pleiades.stoa.org/places/541138,38.318092,23.255096,"sanctuary,settlement"," - "
9.6.5,Ἕλλησι,http://pleiades.stoa.org/places/1001896,37.5,22.5,province," - "
9.6.5,Θηβαίοις,http://pleiades.stoa.org/places/541138,38.318092,23.255096,"sanctuary,settlement"," - "
9.6.5,Θηβαίους,http://pleiades.stoa.org/places/541138,38.318092,23.255096,"sanctuary,settlement"," - "
9.6.5,Λεύκτροις,http://pleiades.stoa.org/places/540913,38.25422,23.18095,settlement," - "
9.6.5,Μακεδόνων,http://pleiades.stoa.org/places/981531,42.5,22.5,province," - historical|Macedonians|proxy|s - archē|m - hēkō|agencyarchē"
9.6.5,πόλιν,http://pleiades.stoa.org/places/541138,38.318092,23.255096,"sanctuary,settlement"," - "
9.6.5,φρουρά,http://pleiades.stoa.org/places/981531,42.5,22.5,province," - proxy|t - Macedonian War|m - agō|agencyguard (phroura)"
9.6.5,φρουράν,http://pleiades.stoa.org/places/981531,42.5,22.5,province," - "
9.6.5,Χαιρωνείᾳ,http://pleiades.stoa.org/places/540701,38.493361,22.840365,settlement," - "
9.6.6,Ἀθηναίοις,http://pleiades.stoa.org/places/579885,37.971687,23.726464,settlement," - "
9.6.6,Μακεδόνων,http://pleiades.stoa.org/places/981531,42.5,22.5,province," - "
9.7.1,Ἀθηναῖοι,http://pleiades.stoa.org/places/579885,37.971687,23.726464,settlement," - "
9.7.1,Ἀθήνας,http://pleiades.stoa.org/places/579885,37.971687,23.726464,settlement," - "
9.7.1,Ἀρκάδων,http://pleiades.stoa.org/places/570102,37.567419268449626,22.165323097346306,region," - "
9.7.1,Θηβαίους,http://pleiades.stoa.org/places/541138,38.318092,23.255096,"sanctuary,settlement"," - "
9.7.1,Θηβῶν,http://pleiades.stoa.org/places/541138,38.318092,23.255096,"sanctuary,settlement"," - "
9.7.1,"Μεγάλην πόλιν",http://pleiades.stoa.org/places/570467,37.414256,22.126238,settlement," - "
9.7.1,Μεσσήνιοι,http://pleiades.stoa.org/places/570480,37.06945533333334,21.9323415,region," - "
9.7.2,Θήβας,http://pleiades.stoa.org/places/541138,38.318092,23.255096,"sanctuary,settlement"," - "
9.7.2,Μακεδόνων,http://pleiades.stoa.org/places/981531,42.5,22.5,province," - "
9.7.3,ἀρχήν,http://pleiades.stoa.org/places/981531,42.5,22.5,province," - proxy|sx: archē|t - Macedonian Wararchē"
9.7.4,Ἀθηναίων,http://pleiades.stoa.org/places/579885,37.971687,23.726464,settlement," - "
9.7.4,Βοιωτία,http://pleiades.stoa.org/places/540689,38.34668803333333,23.184677533333332,region," - "
9.7.4,ἐτράποντο,http://pleiades.stoa.org/places/541138,38.318092,23.255096,"sanctuary,settlement"," - "
9.7.4,Θηβαῖοι,http://pleiades.stoa.org/places/541138,38.318092,23.255096,"sanctuary,settlement"," - "
9.7.4,Θηβαίοις,http://pleiades.stoa.org/places/541138,38.318092,23.255096,"sanctuary,settlement"," - "
9.7.4,Θηβαίους,http://pleiades.stoa.org/places/541138,38.318092,23.255096,"sanctuary,settlement"," - "
9.7.4,Ῥωμαίους,http://pleiades.stoa.org/places/423025,41.89262,12.4843457,"settlement,urban"," - "
9.7.4,Ῥωμαίων,http://pleiades.stoa.org/places/423025,41.89262,12.4843457,"settlement,urban"," - "
9.7.5,Δελφῶν,http://pleiades.stoa.org/places/540726,38.482289,22.501169,"sanctuary,settlement"," - "
9.7.5,Ἐπιδαύρου,http://pleiades.stoa.org/places/570228,37.596111,23.079167,"theatre,sanctuary,settlement"," - "
9.7.5,Θηβαίων,http://pleiades.stoa.org/places/541138,38.318092,23.255096,"sanctuary,settlement"," - "
9.7.5,Ὀλυμπίας,http://pleiades.stoa.org/places/570531,37.637849,21.630126,"palaistra,sanctuary,temple-2"," - "
9.7.5,Φωκεῖς,http://pleiades.stoa.org/places/541048,38.25,22.25,unknown," - "
9.7.6,Θηβαΐδος,http://pleiades.stoa.org/places/541138,38.318092,23.255096,"sanctuary,settlement"," - physical|gê|t - Roman Warhalf the land of Thebaiis"
9.7.6,Θηβαῖοι,http://pleiades.stoa.org/places/541138,38.318092,23.255096,"sanctuary,settlement"," - "
9.7.6,Θήβας,http://topostext.org/place/383233XCad,38.3209,23.3178,NULL," - built|settlement|acropolis|t - present|n - kaleōThebes"
9.7.6,Καδμείαν,http://topostext.org/place/383233XCad,38.3209,23.3178,NULL," - "
9.7.6,προήχθησαν,http://pleiades.stoa.org/places/541138,38.318092,23.255096,"sanctuary,settlement"," - "
9.7.6,Ῥωμαίων,http://pleiades.stoa.org/places/423025,41.89262,12.4843457,"settlement,urban"," - "
9.7.6,στρατιᾷ,http://pleiades.stoa.org/places/423025,41.89262,12.4843457,"settlement,urban"," - proxy|t - Roman Wararmy (stratia)"
9.7.6,χώραν,http://pleiades.stoa.org/places/541138,38.318092,23.255096,"sanctuary,settlement"," - "
9.8.1,ἀγάλματα,http://arachne.dainst.org/entity/3888402,38.29991,23.311633,NULL," - object|agalma|Paus|Demeter|Kore|l - en|n - onomaagalmata in the river beside Potniai, of Demeter and Kore?"
9.8.1,Ἀσωπὸν,http://pleiades.stoa.org/places/540672,38.300198333333334,23.581173000000003,river," - "
9.8.1,ἀφιᾶσιν,http://pleiades.stoa.org/places/541138,38.318092,23.255096,"sanctuary,settlement"," - "
9.8.1,δρῶσι,http://pleiades.stoa.org/places/541138,38.318092,23.255096,"sanctuary,settlement"," - "
9.8.1,Δωδώνῃ,http://pleiades.stoa.org/places/530843,39.54648,20.78784,"theatre,settlement"," - built|sanctuary|Zeus|t - present|s - ritualDôdônê"
9.8.1,ὀνομάζουσιν,http://pleiades.stoa.org/places/541138,38.318092,23.255096,"sanctuary,settlement"," - "
9.8.1,πόλεως,http://pleiades.stoa.org/places/541138,38.318092,23.255096,"sanctuary,settlement"," - built|settlement|Paus10 stadia from the city of Thebes"
9.8.1,Ποτνιὰς,http://pleiades.stoa.org/places/541070,38.30383,23.311229,settlement," - "
9.8.1,Ποτνιῶν,http://pleiades.stoa.org/places/541070,38.30383,23.311229,settlement," - "
9.8.1,σφισι,http://pleiades.stoa.org/places/541138,38.318092,23.255096,"sanctuary,settlement"," - "
9.8.2,ἀποκτείνουσιν,http://pleiades.stoa.org/places/541070,38.30383,23.311229,settlement," - "
9.8.2,Δελφῶν,http://topostext.org/place/385225SDel,38.48264,22.50108,NULL," - "
9.8.2,ἐνταῦθα,http://pleiades.stoa.org/places/541070,38.30383,23.311229,settlement," - "
9.8.2,θύοντες,http://pleiades.stoa.org/places/541070,38.30383,23.311229,settlement," - "
9.8.2,Ποτνιαῖς,http://pleiades.stoa.org/places/541070,38.30383,23.311229,settlement," - "
9.8.2,σφισιν,http://pleiades.stoa.org/places/541070,38.30383,23.311229,settlement," - "
9.8.3,Θήβας,http://pleiades.stoa.org/places/541138,38.318092,23.255096,"sanctuary,settlement"," - "
9.8.3,Ποτνιῶν,http://pleiades.stoa.org/places/541070,38.30383,23.311229,settlement," - "
9.8.4,Θηβαίοις,http://pleiades.stoa.org/places/541138,38.318092,23.255096,"sanctuary,settlement"," - "
9.8.4,τεθῆναι,http://topostext.org/place/383233FEle,38.3175,23.3201,NULL," - "
9.8.6,Ἀργείων,http://pleiades.stoa.org/places/570106,37.631561,22.719464,settlement," - "
9.8.6,Γλίσαντι,http://pleiades.stoa.org/places/540791,38.391809,23.396935,settlement," - "
9.8.6,ἐκρατήθησαν,http://pleiades.stoa.org/places/541138,38.318092,23.255096,"sanctuary,settlement"," - "
9.8.6,Θεσσαλικῶν,http://pleiades.stoa.org/places/1332,39.6,22.2,region," - "
9.8.6,Θεσσαλοὺς,http://pleiades.stoa.org/places/1332,39.6,22.2,region," - "
9.8.6,Ἰλλυριοὺς,http://pleiades.stoa.org/places/481866,41.5,19.5,unknown," - "
9.8.6,πολλοί,http://pleiades.stoa.org/places/541138,38.318092,23.255096,"sanctuary,settlement"," - "
9.8.6,τραπόμενοι,http://pleiades.stoa.org/places/541138,38.318092,23.255096,"sanctuary,settlement"," - "
9.8.7,ἐποιοῦντο,http://pleiades.stoa.org/places/541138,38.318092,23.255096,"sanctuary,settlement"," - "
9.8.7,Ἠλέκτρας,http://topostext.org/place/383233FEle,38.3175,23.3201,NULL," - built|pulai|Paus|l - esodosElectran Gate of Thebes"
9.8.7,Θήβας,http://pleiades.stoa.org/places/541138,38.318092,23.255096,"sanctuary,settlement"," - "
9.8.7,οἰκεῖα,http://pleiades.stoa.org/places/541138,38.318092,23.255096,"sanctuary,settlement"," - "
9.8.7,Πλαταίας,http://pleiades.stoa.org/places/541063,38.221019,23.273866,settlement," - "
9.8.7,ταύτῃ,http://topostext.org/place/383233FEle,38.3175,23.3201,NULL," - "
9.9.1,Ἀθηναίους,http://pleiades.stoa.org/places/579885,37.971687,23.726464,settlement," - "
9.9.1,Ἀργεῖοι,http://pleiades.stoa.org/places/570106,37.631561,22.719464,settlement," - "
9.9.1,Ἐλευσινίων,http://pleiades.stoa.org/places/579920,38.041096,23.538311,"sanctuary,settlement"," - "
9.9.1,Ἕλληνας,http://pleiades.stoa.org/places/1001896,37.5,22.5,province," - "
9.9.1,Ἑλλήνων,http://pleiades.stoa.org/places/1001896,37.5,22.5,province," - "
9.9.1,Θηβαίων,http://pleiades.stoa.org/places/541138,38.318092,23.255096,"sanctuary,settlement"," - "
9.9.1,Μινύας,http://pleiades.stoa.org/places/540987,38.495082,22.959486,settlement," - "
9.9.2,Ἀργείων,http://pleiades.stoa.org/places/570106,37.631561,22.719464,settlement," - mythical|Argives|proxy|t - heroic age|m - aphikneomaiarmy (stratos)"
9.9.2,Ἀρκαδίας,http://pleiades.stoa.org/places/570102,37.567419268449626,22.165323097346306,region," - "
9.9.2,Βοιωτίαν,http://pleiades.stoa.org/places/540689,38.34668803333333,23.184677533333332,region," - "
9.9.2,Θηβαῖοι,http://pleiades.stoa.org/places/541138,38.318092,23.255096,"sanctuary,settlement"," - "
9.9.2,Θηβαίοις,http://dare.ht.lu.se/places/21952,38.318092,23.255096,"sanctuary,settlement"," - "
9.9.2,Ἰσμηνίῳ,http://topostext.org/place/383233SIsm,38.3164,23.3224,NULL," - built|sanctuary|t - heroic age|Apollopros tôi Ismêniôi"
9.9.2,Μεσσηνίων,http://pleiades.stoa.org/places/570480,37.06945533333334,21.9323415,region," - "
9.9.2,Μινυάδος,http://pleiades.stoa.org/places/540987,38.495082,22.959486,settlement," - physical|chôra|t - heroic age|Q1065225Country of the Minyans"
9.9.2,Πελοποννήσου,http://pleiades.stoa.org/places/570577,37.25289777692308,22.312752688461543,"peninsula,region"," - "
9.9.2,Φωκέων,http://pleiades.stoa.org/places/541048,38.25,22.25,unknown," - "
9.9.3,Θηβαῖοι,http://pleiades.stoa.org/places/541138,38.318092,23.255096,"sanctuary,settlement"," - "
9.9.3,κρατοῦσι,http://pleiades.stoa.org/places/541138,38.318092,23.255096,"sanctuary,settlement"," - "
9.9.3,Πελοποννησίων,http://pleiades.stoa.org/places/570577,37.25289777692308,22.312752688461543,"peninsula,region"," - "
9.9.3,πολλοὺς,http://pleiades.stoa.org/places/570577,37.25289777692308,22.312752688461543,"peninsula,region"," - "
9.9.3,στράτευμα,http://pleiades.stoa.org/places/570577,37.25289777692308,22.312752688461543,"peninsula,region"," - proxy|t - heroic age|tr - phtheirōarmy (strateuma)"
9.9.3,τεταραγμένοις,http://pleiades.stoa.org/places/570577,37.25289777692308,22.312752688461543,"peninsula,region"," - "
9.9.4,Ἀργολικὸν,http://pleiades.stoa.org/places/570106,37.631561,22.719464,settlement," - proxy|t - heroic age|m - akoloutheō|f - narratorArgolikos"
9.9.4,Ἀρκάδες,http://pleiades.stoa.org/places/570102,37.567419268449626,22.165323097346306,region," - "
9.9.4,Γλίσαντι,http://dare.ht.lu.se/places/29347,38.391809,23.396935,settlement," - "
9.9.4,Ἕλληνες,http://pleiades.stoa.org/places/1001896,37.5,22.5,province," - historical|Hellenes|proxy|n - kaleōHellênes"
9.9.4,Θηβαίοις,http://pleiades.stoa.org/places/541138,38.318092,23.255096,"sanctuary,settlement"," - "
9.9.4,Θήβας,http://pleiades.stoa.org/places/541138,38.318092,23.255096,"sanctuary,settlement"," - "
9.9.4,Κορίνθου,http://pleiades.stoa.org/places/570182,37.906045,22.878721,"sanctuary,settlement,fort"," - "
9.9.4,Μεγαρέων,http://pleiades.stoa.org/places/570468,37.2038,15.18273,"region,settlement"," - "
9.9.4,Μεσσήνιοι,http://pleiades.stoa.org/places/570480,37.06945533333334,21.9323415,region," - "
9.9.4,στρατεύουσιν,http://pleiades.stoa.org/places/570577,37.25289777692308,22.312752688461543,"peninsula,region"," - "
9.9.5,Ἀργεῖοι,http://pleiades.stoa.org/places/570106,37.631561,22.719464,settlement," - "
9.9.5,Θηβαῖοι,http://pleiades.stoa.org/places/541138,38.318092,23.255096,"sanctuary,settlement"," - "
9.9.5,Θηβαίων,http://pleiades.stoa.org/places/541138,38.318092,23.255096,"sanctuary,settlement"," - "
9.9.5,παρέστησαν,http://pleiades.stoa.org/places/541138,38.318092,23.255096,"sanctuary,settlement"," - "
9.10.1,γῆν,http://pleiades.stoa.org/places/541138,38.318092,23.255096,"sanctuary,settlement"," - "
9.10.1,Μακεδόσιν,http://pleiades.stoa.org/places/981531,42.5,22.5,province," - "
9.10.1,πυλῶν,http://topostext.org/place/383233FEle,38.3175,23.3201,NULL," - "
9.10.2,ἄγαλμα,http://arachne.dainst.org/entity/3586160,38.323923,23.31992,NULL," - object|agalma|Paus|Apollo Ismenios|analogic|agency|xm - echōagalma in temple of Ismenian Apollo, Thebes, cedar-wood, work of Kanachos"
9.10.2,Ἀθηνᾶ,http://arachne.dainst.org/entity/3586919,38.323923,23.31992,NULL," - object|statue|Paus|Athena Pronaia|mat - lithos|s - protos|agency|n - onomazōstone statue of Athena Pronaos by Skopas in hieron of Ismenian Apollo, Thebes"
9.10.2,Ἀθηνᾶν,http://arachne.dainst.org/entity/3586919,38.323923,23.31992,NULL," - "
9.10.2,αὐτὸν,http://arachne.dainst.org/entity/3586920,38.323923,23.31992,NULL," - "
9.10.2,Βραγχίδαις,http://pleiades.stoa.org/places/599593,37.384829,27.256115,"sanctuary,temple-2"," - "
9.10.2,Ἑρμῆς,http://arachne.dainst.org/entity/3586920,38.323923,23.31992,NULL," - object|statue|Paus|Hermes Pronaios|Q41484|agency|mat - lithos|s - protos|n - onomazōstone statue of Hermes Pronaos by Pheidias at hieron of Ismenian Apollo, Thebes"
9.10.2,ἔσοδόν,http://topostext.org/place/383233SIsm,38.3164,23.3224,NULL," - "
9.10.2,Ἰσμήνιός,http://arachne.dainst.org/entity/3586160,38.323923,23.31992,NULL," - "
9.10.2,Ἰσμηνοῦ,http://topostext.org/place/383233WIsm,38.3248,23.3244,NULL," - physical|potamos|Paus|m - rheō|agencyRiver flowing by hill of Ismenian Apollo, Thebes"
9.10.2,λόφος,http://topostext.org/place/383233SIsm,38.3164,23.3224,NULL," - "
9.10.2,λόφος,http://topostext.org/place/383233SIsm,38.3164,23.3224,NULL," - physical|lophos|Paus|Apollohill sacred to Apollo, same as hieron of Ismenian Apollo Thebes"
9.10.2,ποίημα,http://arachne.dainst.org/entity/3585954,37.385132,27.256715,NULL," - object|agalma|Apollo|b - Kanachos|trx: poieōBronze statue of Apollo at Didyma/Branchidai by Kanachos"
9.10.2,πυλῶν,http://topostext.org/place/383233FEle,38.3175,23.3201,NULL," - built|pulai|Paus|l - en dexiaunspecified gate pulai on right of which is Ismenian Apollo"
9.10.3,εἰκόνας,http://arachne.dainst.org/entity/3888403,38.323923,23.31992,NULL," - object|eikon|Paus|tr - poieō|mat - lithosstone likenesses of Hêniochê and Purra, Ismenian Apollo Hieron, Thebes"
9.10.3,ἐνταῦθα,http://topostext.org/place/383233SIsm,38.3164,23.3224,NULL," - "
9.10.3,ἐσόδου,http://topostext.org/place/383233SIsm,38.3164,23.3224,NULL," - "
9.10.3,λίθος,http://arachne.dainst.org/entity/3586921,38.323923,23.31992,NULL," - object|lithos|Paus|t - heroic age|f - they saystone on which Manto sat"
9.10.3,"Μαντοῦς δίφρος",http://arachne.dainst.org/entity/3586921,38.323923,23.31992,NULL," - object|diphros|n - onoma|t - presentManto's seat - Mantous Diphros, stone at Ismenian Apollo hieron, Thebes"
9.10.3,οὗτος,http://arachne.dainst.org/entity/3586921,38.323923,23.31992,NULL," - object|stone|Paus|xm - keimai|agencystone on which Manto sat"
9.10.4,αὐτόθι,http://topostext.org/place/383233SIsm,38.3164,23.3224,NULL," - "
9.10.4,Θήβαις,http://pleiades.stoa.org/places/541138,38.318092,23.255096,"sanctuary,settlement"," - "
9.10.4,ποιοῦσιν,http://pleiades.stoa.org/places/541138,38.318092,23.255096,"sanctuary,settlement"," - "
9.10.5,Θηβαῖοι,http://pleiades.stoa.org/places/541138,38.318092,23.255096,"sanctuary,settlement"," - "
9.10.5,Ἰσμήνιον,http://topostext.org/place/383233SIsm,38.3164,23.3224,NULL," - built|sanctuary|t - present|n - kaleō|Ismeniostemenos Apollônos"
9.10.5,Ἰσμηνίου,http://topostext.org/place/383233SIsm,38.3164,23.3224,NULL," - "
9.10.5,τέμενος,http://topostext.org/place/383233SIsm,38.3164,23.3224,NULL," - "
9.10.6,Λάδων,http://topostext.org/place/383233WIsm,38.3248,23.3244,NULL," - physical|river|t - heroic age|analogicLadôn former name of Ismenos river"
9.10.6,ποταμός,http://topostext.org/place/383233WIsm,38.3248,23.3244,NULL," - "
9.11.1,Ἠλέκτρας,http://topostext.org/place/383233FEle,38.3175,23.3201,NULL," - built|pulai|n - onomazōElectran Gate of Thebes"
9.11.1,πυλῶν,http://topostext.org/place/383233FEle,38.3175,23.3201,NULL," - "
9.11.1,Τίρυνθος,http://pleiades.stoa.org/places/570740,37.59918,22.80004,settlement," - built|settlement|t - heroic agefrom Tiryns"
9.11.2,Θηβαῖοι,http://pleiades.stoa.org/places/541138,38.318092,23.255096,"sanctuary,settlement"," - "
9.11.2,Ἱμεραῖος,http://pleiades.stoa.org/places/462244,37.96884,13.82184,"temple,settlement,plaza"," - male|proxyStesichorus"
9.11.2,λέγοντες,http://pleiades.stoa.org/places/541138,38.318092,23.255096,"sanctuary,settlement"," - "
9.11.2,ὀνομάζουσιν,http://pleiades.stoa.org/places/541138,38.318092,23.255096,"sanctuary,settlement"," - "
9.11.3,"ἐπὶ τύπου γυναικῶν εἰκόνες",http://arachne.dainst.org/entity/3586922,38.323923,23.31992,NULL," - object|eikôn|agalma|Paus|womenPharmakides agalmata in Thebes, images of women in relief - epi tupou"
9.11.3,Θηβαῖοι,http://pleiades.stoa.org/places/541138,38.318092,23.255096,"sanctuary,settlement"," - "
9.11.4,ἄγαλμα,http://arachne.dainst.org/entity/3586923,38.323923,23.31992,NULL," - "
9.11.4,Θηβαῖοί,http://pleiades.stoa.org/places/541138,38.318092,23.255096,"sanctuary,settlement"," - "
9.11.4,Θηβαίων,http://pleiades.stoa.org/places/541138,38.318092,23.255096,"sanctuary,settlement"," - "
9.11.4,Κρήτης,http://pleiades.stoa.org/places/589748,35.21984439173344,24.995769971494504,island," - "
9.11.4,ναυτικοῦ,http://pleiades.stoa.org/places/589748,35.21984439173344,24.995769971494504,island," - proxy|t - heroic agefleet (nautikos)"
9.11.4,"ξόανον τὸ ἀρχαῖον",http://arachne.dainst.org/entity/3586924,38.323923,23.31992,NULL," - object|xoanon|Paus|Herakles|s - archaios|b - Daidalos|f - they consider|f - narratorancient xoanon in Herakleion in Thebes, work of Daidalos"
9.11.4,τοῦτον,http://arachne.dainst.org/entity/3586924,38.323923,23.31992,NULL," - "
9.11.5,Αἰγαῖον,http://pleiades.stoa.org/places/560221,37.42245628773585,25.8829628235849,water-open," - "
9.11.5,"ἡ περὶ αὐτὴν θάλασσα",http://pleiades.stoa.org/places/599668,37.5,26.333333,water-open," - physical|thalassa|xm - echō|agencysea around Ikaria island"
9.11.5,νῆσον,http://pleiades.stoa.org/places/599667,37.6136166,26.2536135,island," - "
9.11.5,νῆσος,http://pleiades.stoa.org/places/599667,37.6136166,26.2536135,island," - "
9.11.5,Σάμου,http://pleiades.stoa.org/places/599926,37.73,26.84,"island,sanctuary,settlement,temple-2"," - "
9.11.6,ἀετοῖς,http://arachne.dainst.org/entity/3888404,38.323923,23.31992,NULL," - built|aetoi|Paus|b - Praxiteles|HeraklesLabors of Herakles sculpted by Praxiteles in building pediment (aetoi), Herakleion, in Thebes"
9.11.6,Ἀθηναίων,http://pleiades.stoa.org/places/579885,37.971687,23.726464,settlement," - "
9.11.6,Ἀθηνᾶν,http://arachne.dainst.org/entity/3586925,38.323923,23.31992,NULL," - object|kolossos|Paus|Athena|Q37122|d - Thrasyboulos|mat - lithos|t - Peloponnesian War|b - AlkamenesColossal statue of Athena by Alkamenes of Pentelic marble"
9.11.6,ἀνέθηκαν,http://pleiades.stoa.org/places/579885,37.971687,23.726464,settlement," - proxy|t - Peloponnesian War|tr - anatithēmi|trx: anatithēmiand Thrasyboulos"
9.11.6,"Ἠλείαν χώραν",http://topostext.org/place/378215REle,37.8,21.5,NULL," - "
9.11.6,"Ἡρακλέα κολοσσοὺς",http://arachne.dainst.org/entity/3586926,38.323923,23.31992,NULL," - object|kolossos|Paus|Herakles|b - Alkamenes|d - Thrasyboulos|t - Peloponnesian War|mat - lithosColossal statue of Herakles by Alkamenes of Pentelic marble"
9.11.6,Θηβαίοις,http://dare.ht.lu.se/places/21952,38.318092,23.255096,"sanctuary,settlement"," - "
9.11.6,Θηβῶν,http://pleiades.stoa.org/places/541138,38.318092,23.255096,"sanctuary,settlement"," - "
9.11.6,Πεντελῆσιν,http://pleiades.stoa.org/places/580065,38.0814366,23.8827098,mountain," - "
9.11.6,Στυμφάλῳ,http://pleiades.stoa.org/places/570696,37.85932,22.45931,"theatre,settlement"," - "
9.11.7,Ἑλλήνων,http://pleiades.stoa.org/places/1001896,37.5,22.5,province," - "
9.11.7,πόλιν,http://pleiades.stoa.org/places/550893,38.41905,27.1383,settlement," - "
9.11.7,Σμυρναίοις,http://pleiades.stoa.org/places/550893,38.41905,27.1383,settlement," - "
9.11.7,Σμυρναίους,http://pleiades.stoa.org/places/550893,38.41905,27.1383,settlement," - "
9.12.1,Δελφῶν,http://pleiades.stoa.org/places/540726,38.482289,22.501169,"sanctuary,settlement"," - "
9.12.1,Θηβαῖοι,http://pleiades.stoa.org/places/541138,38.318092,23.255096,"sanctuary,settlement"," - "
9.12.1,θύουσι,http://pleiades.stoa.org/places/541138,38.318092,23.255096,"sanctuary,settlement"," - "
9.12.1,Φωκέων,http://pleiades.stoa.org/places/541048,38.25,22.25,unknown," - "
9.12.2,ἄγαλμα,http://arachne.dainst.org/entity/3586927,38.323923,23.31992,NULL," - "
9.12.2,Αἰγύπτιον,http://pleiades.stoa.org/places/981503,19.211408766666665,30.567329633333333,region," - "
9.12.2,Αἰγυπτίων,http://pleiades.stoa.org/places/981503,19.211408766666665,30.567329633333333,region," - "
9.12.2,αὐτὸ,http://arachne.dainst.org/entity/3586927,38.323923,23.31992,NULL," - "
9.12.2,Θηβαΐδα,http://pleiades.stoa.org/places/541138,38.318092,23.255096,"sanctuary,settlement"," - regional|gê|t - heroic age|f - they considerThebaid land"
9.12.2,μαντείαν,http://topostext.org/place/385225SDel,38.48264,22.50108,NULL," - "
9.12.2,Φοίνικα,http://pleiades.stoa.org/places/678334,33.25,35.25,region," - "
9.12.2,Φοινίκων,http://pleiades.stoa.org/places/678334,33.25,35.25,region," - "
9.12.3,ἀκροπόλεως,http://topostext.org/place/383233XCad,38.3209,23.3178,NULL," - "
9.12.3,Ἑλλήνων,http://pleiades.stoa.org/places/1001896,37.5,22.5,province," - "
9.12.3,Θηβαῖοι,http://pleiades.stoa.org/places/541138,38.318092,23.255096,"sanctuary,settlement"," - "
9.12.3,φυλάσσουσιν,http://pleiades.stoa.org/places/541138,38.318092,23.255096,"sanctuary,settlement"," - "
9.12.4,"Διονύσου ἄγαλμα",http://arachne.dainst.org/entity/3586929,38.323923,23.31992,NULL," - object|agalma|Paus|Dionysos|b - Onasimēdēs|mat - chalkosagalma of Dionysos in Thebes, by Onasimedes, solid bronze"
9.12.4,ξύλον,http://arachne.dainst.org/entity/3586928,38.323923,23.31992,NULL," - "
9.12.5,ἀνδριάς,http://arachne.dainst.org/entity/3586931,38.323923,23.31992,NULL," - object|andrias|Paus|PronomosStatue of Pronomos the flute-player in Thebes"
9.12.5,Λύδιον,http://pleiades.stoa.org/places/991385,37.5,27.5,province," - proxy|mode|analogic|music|LydianLydian - music mode"
9.12.5,Φρύγιον,http://pleiades.stoa.org/places/991386,37.5,27.5,province," - proxy|mode|analogic|music|PhrygianPhrygian - music mode"
9.12.6,Δῆλον,http://pleiades.stoa.org/places/599506,37.397274,25.268194,"architecturalcomplex,sanctuary,monument,island,settlement,plaza"," - "
9.12.6,Ἐπαμινώνδαν,http://arachne.dainst.org/entity/3586930,38.323923,23.31992,NULL," - object|statue|Paus|d - Thebans|agencyperson"
9.12.6,Εὐρίπῳ,http://pleiades.stoa.org/places/540783,38.46276,23.58944,"bridge,settlement,water-open"," - "
9.12.6,Θηβαῖοι,http://pleiades.stoa.org/places/541138,38.318092,23.255096,"sanctuary,settlement"," - "
9.12.6,τοῦτόν,http://arachne.dainst.org/entity/3586931,38.323923,23.31992,NULL," - object|statue|Paus|d - Thebans|agencyperson"
9.12.6,Χαλκιδεῦσι,http://pleiades.stoa.org/places/540703,38.464,23.602,settlement," - "
9.13.1,Θηβαίου,http://pleiades.stoa.org/places/541138,38.318092,23.255096,"sanctuary,settlement"," - "
9.13.1,Θηβῶν,http://pleiades.stoa.org/places/541138,38.318092,23.255096,"sanctuary,settlement"," - "
9.13.1,Λακεδαιμόνιοι,http://pleiades.stoa.org/places/570406,37.07624042080912,22.46082645177671,region," - "
9.13.1,Λακεδαιμονίοις,http://pleiades.stoa.org/places/570406,37.07624042080912,22.46082645177671,region," - "
9.13.1,Μαντινεῦσι,http://pleiades.stoa.org/places/570459,37.618138,22.393259,settlement," - "
9.13.1,Σαμίου,http://pleiades.stoa.org/places/599926,37.73,26.84,"island,sanctuary,settlement,temple-2"," - "
9.13.1,Ταραντῖνον,http://pleiades.stoa.org/places/442810,40.476034,17.228553,"settlement,temple-2"," - "
9.13.2,Βοιωτοὺς,http://pleiades.stoa.org/places/540689,38.34668803333333,23.184677533333332,region," - proxy|t - post-Peloponnesian War|poliseach city (kata polin)"
9.13.2,ἐάσουσιν,http://pleiades.stoa.org/places/541138,38.318092,23.255096,"sanctuary,settlement"," - "
9.13.2,Ἕλλησιν,http://pleiades.stoa.org/places/1001896,37.5,22.5,province," - "
9.13.2,ἴδωμεν,http://pleiades.stoa.org/places/541138,38.318092,23.255096,"sanctuary,settlement"," - "
9.13.2,Λακεδαιμόνιοι,http://pleiades.stoa.org/places/570406,37.07624042080912,22.46082645177671,region," - "
9.13.2,περιοίκους,http://pleiades.stoa.org/places/570577,37.25289777692308,22.312752688461543,"peninsula,region"," - perioikoi|Q288216|proxy|t - post-Peloponnesian War|polisperioikoi of Sparta, kata polin"
9.13.2,Σπάρτην,http://pleiades.stoa.org/places/570685,37.08149,22.42454,"theatre,temple,settlement,temple-2"," - "
9.13.2,Σπαρτιᾶται,http://pleiades.stoa.org/places/570685,37.08149,22.42454,"theatre,temple,settlement,temple-2"," - "
9.13.3,Ἀμβρόσσου,http://pleiades.stoa.org/places/540626,38.42845,22.66763,settlement," - "
9.13.3,Βοιώτια,http://pleiades.stoa.org/places/540689,38.34668803333333,23.184677533333332,region," - "
9.13.3,Θηβαίους,http://pleiades.stoa.org/places/541138,38.318092,23.255096,"sanctuary,settlement"," - "
9.13.3,Θηβαίων,http://pleiades.stoa.org/places/541138,38.318092,23.255096,"sanctuary,settlement"," - "
9.13.3,"Κηφισίδος λίμνης",http://pleiades.stoa.org/places/540715,38.447092,23.068726,lake," - physical|limnê|t - post-Peloponnesian WarKephisian Lake"
9.13.3,Λακεδαιμόνιοι,http://pleiades.stoa.org/places/570406,37.07624042080912,22.46082645177671,region," - "
9.13.3,Λακεδαιμονίων,http://pleiades.stoa.org/places/570406,37.07624042080912,22.46082645177671,region," - "
9.13.3,Λεῦκτρα,http://pleiades.stoa.org/places/540913,38.25422,23.18095,settlement," - "
9.13.3,Πελοποννησίων,http://pleiades.stoa.org/places/570577,37.25289777692308,22.312752688461543,"peninsula,region"," - "
9.13.3,στρατοῦ,http://pleiades.stoa.org/places/541138,38.318092,23.255096,"sanctuary,settlement"," - proxy|t - post-Peloponnesian Warportion (moira) of the army (stratos)"
9.13.3,Φωκέων,http://pleiades.stoa.org/places/541048,38.25,22.25,unknown," - "
9.13.4,αὐτῶν,http://pleiades.stoa.org/places/570406,37.07624042080912,22.46082645177671,region," - "
9.13.4,ἐνταῦθα,http://pleiades.stoa.org/places/540913,38.25422,23.18095,settlement," - "
9.13.4,Λακεδαιμονίων,http://pleiades.stoa.org/places/570406,37.07624042080912,22.46082645177671,region," - "
9.13.5,Λακεδαίμονα,http://pleiades.stoa.org/places/570406,37.07624042080912,22.46082645177671,region," - "
9.13.5,Λακεδαιμονίους,http://pleiades.stoa.org/places/570406,37.07624042080912,22.46082645177671,region," - "
9.13.5,Λακεδαιμονίων,http://pleiades.stoa.org/places/570406,37.07624042080912,22.46082645177671,region," - "
9.13.5,Λεῦκτρα,http://pleiades.stoa.org/places/540913,38.25422,23.18095,settlement," - "
9.13.5,Λεῦκτρα,http://dare.ht.lu.se/places/22839,38.25422,23.18095,settlement," - "
9.13.6,Ἀττικὴν,http://pleiades.stoa.org/places/579888,38.051998833333336,23.818991099999998,region," - "
9.13.6,Θηβαίων,http://pleiades.stoa.org/places/541138,38.318092,23.255096,"sanctuary,settlement"," - "
9.13.6,Λακεδαιμονίους,http://pleiades.stoa.org/places/570406,37.07624042080912,22.46082645177671,region," - "
9.13.7,Κιθαιρῶνα,http://pleiades.stoa.org/places/540714,38.1850025,23.2505528,mountain," - "
9.13.7,πᾶσιν,http://pleiades.stoa.org/places/541138,38.318092,23.255096,"sanctuary,settlement"," - "
9.13.7,στρατόπεδον,http://pleiades.stoa.org/places/540913,38.25422,23.18095,settlement," - proxy|t - post-Peloponnesian Wararmy camp (stratopedon) of the Thebans"
9.13.8,Βοιωτῶν,http://pleiades.stoa.org/places/540689,38.34668803333333,23.184677533333332,region," - "
9.13.8,Θεσπιεῖς,http://pleiades.stoa.org/places/541141,38.293384,23.154521,settlement," - "
9.13.8,Θηβαίους,http://pleiades.stoa.org/places/541138,38.318092,23.255096,"sanctuary,settlement"," - "
9.13.8,προδῶσιν,http://pleiades.stoa.org/places/541141,38.293384,23.154521,settlement," - "
9.13.8,στρατοπέδου,http://pleiades.stoa.org/places/540913,38.25422,23.18095,settlement," - proxy|t - post-Peloponnesian Wararmy camp of the Thebans"
9.13.9,αἰδουμένους,http://pleiades.stoa.org/places/570406,37.07624042080912,22.46082645177671,region," - "
9.13.9,Θηβαῖοι,http://pleiades.stoa.org/places/541138,38.318092,23.255096,"sanctuary,settlement"," - "
9.13.9,Θηβαίους,http://pleiades.stoa.org/places/541138,38.318092,23.255096,"sanctuary,settlement"," - "
9.13.9,Λακεδαιμονίους,http://pleiades.stoa.org/places/570406,37.07624042080912,22.46082645177671,region," - "
9.13.9,Λακεδαιμονίων,http://pleiades.stoa.org/places/570406,37.07624042080912,22.46082645177671,region," - "
9.13.9,Σπάρτης,http://pleiades.stoa.org/places/570685,37.08149,22.42454,"theatre,temple,settlement,temple-2"," - "
9.13.10,Λακεδαιμονίοις,http://pleiades.stoa.org/places/570406,37.07624042080912,22.46082645177671,region," - "
9.13.10,Λακεδαιμονίων,http://pleiades.stoa.org/places/570406,37.07624042080912,22.46082645177671,region," - "
9.13.11,Ἕλληνες,http://pleiades.stoa.org/places/1001896,37.5,22.5,province," - proxy|t - general|trx: haireōHellênes"
9.13.11,Ἑλλήνων,http://pleiades.stoa.org/places/1001896,37.5,22.5,province," - "
9.13.11,Θηβαίοις,http://pleiades.stoa.org/places/541138,38.318092,23.255096,"sanctuary,settlement"," - "
9.13.11,Θηβαίους,http://pleiades.stoa.org/places/541138,38.318092,23.255096,"sanctuary,settlement"," - "
9.13.11,Λακεδαιμόνιοι,http://pleiades.stoa.org/places/570406,37.07624042080912,22.46082645177671,region," - "
9.13.11,Λακεδαιμονίους,http://pleiades.stoa.org/places/570406,37.07624042080912,22.46082645177671,region," - "
9.13.12,Βοιωτῶν,http://pleiades.stoa.org/places/540689,38.34668803333333,23.184677533333332,region," - "
9.13.12,Θηβαίων,http://pleiades.stoa.org/places/541138,38.318092,23.255096,"sanctuary,settlement"," - "
9.13.12,Λακεδαιμόνιοί,http://pleiades.stoa.org/places/570406,37.07624042080912,22.46082645177671,region," - "
9.13.12,Λακεδαιμονίων,http://pleiades.stoa.org/places/570406,37.07624042080912,22.46082645177671,region," - "
9.14.1,Βοιωτῶν,http://pleiades.stoa.org/places/540689,38.34668803333333,23.184677533333332,region," - "
9.14.1,Λακεδαίμονα,http://pleiades.stoa.org/places/570406,37.07624042080912,22.46082645177671,region," - "
9.14.1,Λακεδαιμονίους,http://pleiades.stoa.org/places/570406,37.07624042080912,22.46082645177671,region," - "
9.14.1,Λεῦκτρα,http://pleiades.stoa.org/places/540913,38.25422,23.18095,settlement," - "
9.14.1,Λεύκτροις,http://pleiades.stoa.org/places/540913,38.25422,23.18095,settlement," - "
9.14.1,Πελοποννησίων,http://pleiades.stoa.org/places/570577,37.25289777692308,22.312752688461543,"peninsula,region"," - "
9.14.1,πόλεως,http://pleiades.stoa.org/places/570685,37.08149,22.42454,"theatre,temple,settlement,temple-2"," - "
9.14.2,ἀνεσκευάσαντο,http://pleiades.stoa.org/places/541141,38.293384,23.154521,settlement," - "
9.14.2,Δελφοὺς,http://pleiades.stoa.org/places/540726,38.482289,22.501169,"sanctuary,settlement"," - "
9.14.2,θεόν,http://topostext.org/place/385225SDel,38.48264,22.50108,NULL," - built|oracle|t - palai|t - poteApollo"
9.14.2,Θεσπιεῦσι,http://pleiades.stoa.org/places/541141,38.293384,23.154521,settlement," - "
9.14.2,Θεσπιέων,http://pleiades.stoa.org/places/541141,38.293384,23.154521,settlement," - "
9.14.2,Θεσσαλοὶ,http://pleiades.stoa.org/places/1332,39.6,22.2,region," - "
9.14.2,Θεσσαλῶν,http://pleiades.stoa.org/places/1332,39.6,22.2,region," - "
9.14.2,Θηβαίων,http://pleiades.stoa.org/places/541138,38.318092,23.255096,"sanctuary,settlement"," - "
9.14.2,Κερησσόν,http://dare.ht.lu.se/places/43653,38.326979,23.074926,NULL," - built|settlement|t - post-Peloponnesian Warfortified place in the Thespians' territory"
9.14.2,Κερησσόν,http://dare.ht.lu.se/places/43653,38.326979,23.074926,NULL," - built|chôrion|t - palai|t - pote|f - Thessaliansfortified place in the Thespians' territory"
9.14.2,Κερησσὸς,http://dare.ht.lu.se/places/43653,38.326979,23.074926,NULL," - "
9.14.2,ὃ,http://dare.ht.lu.se/places/43653,38.326979,23.074926,NULL," - "
9.14.2,πειρωμένοις,http://pleiades.stoa.org/places/1332,39.6,22.2,region," - "
9.14.2,πόλιν,http://pleiades.stoa.org/places/541141,38.293384,23.154521,settlement," - "
9.14.3,Ἀλήσιον,http://pleiades.stoa.org/places/570064,37.65988,22.43409,mountain," - physical|oudas|f - oracleAlêsion houdas Alesian ground near Mantineia"
9.14.3,ἔνθα,http://pleiades.stoa.org/places/570064,37.65988,22.43409,mountain," - "
9.14.3,Κερησσὸς,http://dare.ht.lu.se/places/43653,38.326979,23.074926,NULL," - "
9.14.3,Λεῦκτρά,http://pleiades.stoa.org/places/540913,38.25422,23.18095,settlement," - "
9.14.4,Ἀργείους,http://pleiades.stoa.org/places/570106,37.631561,22.719464,settlement," - "
9.14.4,Ἀρκάδας,http://pleiades.stoa.org/places/570102,37.567419268449626,22.165323097346306,region," - "
9.14.4,Ἀρκάδων,http://pleiades.stoa.org/places/570102,37.567419268449626,22.165323097346306,region," - "
9.14.4,Θεσπιεῖς,http://pleiades.stoa.org/places/541141,38.293384,23.154521,settlement," - "
9.14.4,Κερησσὸν,http://dare.ht.lu.se/places/43653,38.326979,23.074926,NULL," - "
9.14.4,Μαντινέας,http://pleiades.stoa.org/places/570459,37.618138,22.393259,settlement," - "
9.14.4,Μεγάλη,http://pleiades.stoa.org/places/570467,37.414256,22.126238,settlement," - "
9.14.4,πατρίδα,http://pleiades.stoa.org/places/570467,37.414256,22.126238,settlement," - "
9.14.4,Πελοποννήσῳ,http://pleiades.stoa.org/places/570577,37.25289777692308,22.312752688461543,"peninsula,region"," - "
9.14.4,πόλιν,http://pleiades.stoa.org/places/570459,37.618138,22.393259,settlement," - "
9.14.5,Μεσσήνης,http://pleiades.stoa.org/places/570479,37.175491,21.920439,"sanctuary,settlement,fort"," - "
9.14.5,Μεσσηνίοις,http://pleiades.stoa.org/places/570479,37.175491,21.920439,"sanctuary,settlement,fort"," - "
9.14.5,Μεσσηνίους,http://pleiades.stoa.org/places/570480,37.06945533333334,21.9323415,region," - "
9.14.5,Σπάρτην,http://pleiades.stoa.org/places/570685,37.08149,22.42454,"theatre,temple,settlement,temple-2"," - "
9.14.5,στρατῷ,http://pleiades.stoa.org/places/541138,38.318092,23.255096,"sanctuary,settlement"," - proxy|t - post-Peloponnesian Wararmy (stratos)"
9.14.6,Ἀθηναίων,http://pleiades.stoa.org/places/579885,37.971687,23.726464,settlement," - proxy|t - post-Peloponnesian Warforce (dunamis)"
9.14.6,Βοιωτία,http://pleiades.stoa.org/places/540689,38.34668803333333,23.184677533333332,region," - "
9.14.6,Θηβαίοις,http://pleiades.stoa.org/places/541138,38.318092,23.255096,"sanctuary,settlement"," - "
9.14.6,Θηβαίους,http://pleiades.stoa.org/places/541138,38.318092,23.255096,"sanctuary,settlement"," - "
9.14.6,Θηβαίων,http://pleiades.stoa.org/places/541138,38.318092,23.255096,"sanctuary,settlement"," - "
9.14.6,Λακωνικὴν,http://pleiades.stoa.org/places/570406,37.07624042080912,22.46082645177671,region," - regional|chôra|t - post-Peloponnesian WarLakonikê"
9.14.6,Λέχαιον,http://pleiades.stoa.org/places/570420,37.93277,22.88807,"church,settlement,port"," - "
9.14.7,Ἀθηναίους,http://pleiades.stoa.org/places/579885,37.971687,23.726464,settlement," - "
9.14.7,"Ἀθηναίων τὸ ἄστυ",http://pleiades.stoa.org/places/579885,37.971687,23.726464,settlement," - built|astu|t - post-Peloponnesian WarThe walled city of Athens"
9.14.7,ἐπιθεμένους,http://pleiades.stoa.org/places/579885,37.971687,23.726464,settlement," - "
9.14.7,Θήβας,http://pleiades.stoa.org/places/541138,38.318092,23.255096,"sanctuary,settlement"," - "
9.15.1,ἐποιήσαντο,http://pleiades.stoa.org/places/541138,38.318092,23.255096,"sanctuary,settlement"," - "
9.15.1,Θεσσαλίᾳ,http://pleiades.stoa.org/places/1332,39.6,22.2,region," - "
9.15.1,Θηβαῖοι,http://pleiades.stoa.org/places/541138,38.318092,23.255096,"sanctuary,settlement"," - "
9.15.1,Θηβαίων,http://pleiades.stoa.org/places/541138,38.318092,23.255096,"sanctuary,settlement"," - "
9.15.1,στρατευομένοις,http://pleiades.stoa.org/places/541138,38.318092,23.255096,"sanctuary,settlement"," - proxy|t - post-Peloponnesian Wararmy (stratos)"
9.15.2,δυνάμεως,http://pleiades.stoa.org/places/541138,38.318092,23.255096,"sanctuary,settlement"," - proxy|t - post-Peloponnesian Warforce (dunamis)"
9.15.2,Πυλῶν,http://pleiades.stoa.org/places/541140,38.796511,22.538294,"shrine,pass,fort"," - physical|pulai|t - post-Peloponnesian WarPulai"
9.15.2,στρατὸς,http://pleiades.stoa.org/places/541138,38.318092,23.255096,"sanctuary,settlement"," - proxy|t - post-Peloponnesian War|tr - poieōstratos"
9.15.3,Θηβαῖοι,http://pleiades.stoa.org/places/541138,38.318092,23.255096,"sanctuary,settlement"," - "
9.15.3,Θηβαίων,http://pleiades.stoa.org/places/541138,38.318092,23.255096,"sanctuary,settlement"," - "
9.15.3,Ὀρχομενίους,http://pleiades.stoa.org/places/540987,38.495082,22.959486,settlement," - "
9.15.3,Ὀρχομενίων,http://pleiades.stoa.org/places/540987,38.495082,22.959486,settlement," - "
9.15.3,χώρας,http://pleiades.stoa.org/places/540987,38.495082,22.959486,settlement," - "
9.15.4,Ἀθηναίων,http://pleiades.stoa.org/places/579885,37.971687,23.726464,settlement," - "
9.15.4,Ἀθηνῶν,http://pleiades.stoa.org/places/579885,37.971687,23.726464,settlement," - "
9.15.4,Ἀχαιῶν,http://pleiades.stoa.org/places/570028,38.102121472776034,22.224585911364017,region," - "
9.15.4,Βοιώτιοι,http://pleiades.stoa.org/places/540689,38.34668803333333,23.184677533333332,region," - proxy|t - post-Peloponnesian War|m - agōfugitives (fugades)"
9.15.4,Βοιωτῶν,http://pleiades.stoa.org/places/540689,38.34668803333333,23.184677533333332,region," - "
9.15.4,Θηβαίοις,http://pleiades.stoa.org/places/541138,38.318092,23.255096,"sanctuary,settlement"," - "
9.15.4,Λακεδαιμονίους,http://pleiades.stoa.org/places/570406,37.07624042080912,22.46082645177671,region," - "
9.15.4,Λέχαιον,http://pleiades.stoa.org/places/570420,37.93277,22.88807,"church,settlement,port"," - "
9.15.4,Πελληνέας,http://pleiades.stoa.org/places/570576,38.0446,22.5384,settlement," - "
9.15.4,Πελοπόννησον,http://pleiades.stoa.org/places/570577,37.25289777692308,22.312752688461543,"peninsula,region"," - "
9.15.4,Σικυωνίων,http://pleiades.stoa.org/places/570668,37.98336,22.71135,settlement," - "
9.15.4,στρατῷ,http://pleiades.stoa.org/places/541138,38.318092,23.255096,"sanctuary,settlement"," - "
9.15.5,Ἀθηναίου,http://pleiades.stoa.org/places/579885,37.971687,23.726464,settlement," - proxy|t - post-Peloponnesian Waran Athenian man who killed Epaminondas"
9.15.5,Ἀθήνῃσιν,http://pleiades.stoa.org/places/579885,37.971687,23.726464,settlement," - built|settlement|t - presentAthens"
9.15.5,"ἀνὴρ οὗτος γέγραπται",http://topostext.org/binder/JB2065,37.975401,23.722349,NULL," - object|graphê|Grulos|tr - graphō|tr - phoneuō|t - present|f - paintingPainting of Grylos son of Xenophon killing Epaminondas at Mantineia"
9.15.5,Ἕλλησιν,http://pleiades.stoa.org/places/1001896,37.5,22.5,province," - "
9.15.5,θάλασσαν,http://pleiades.stoa.org/places/560221,37.42245628773585,25.8829628235849,water-open," - "
9.15.5,Μαντίνειαν,http://pleiades.stoa.org/places/570459,37.618138,22.393259,settlement," - "
9.15.5,στρατιᾷ,http://pleiades.stoa.org/places/541138,38.318092,23.255096,"sanctuary,settlement"," - proxy|t - post-Peloponnesian Warstratos"
9.15.6,"ἀνδριάντι τοῦ Ἐπαμινώνδου",http://arachne.dainst.org/entity/3586930,38.323923,23.31992,NULL," - object|andrias|PausStatue of Epaminondas in Thebes"
9.15.6,Ἑλλὰς,http://pleiades.stoa.org/places/1001896,37.5,22.5,province," - "
9.15.6,Ἕλλησιν,http://pleiades.stoa.org/places/1001896,37.5,22.5,province," - "
9.15.6,Θήβης,http://pleiades.stoa.org/places/541138,38.318092,23.255096,"sanctuary,settlement"," - built|settlement|t - post-Peloponnesian War|r - inscriptionThebe"
9.15.6,"Μεγάλη πόλις",http://pleiades.stoa.org/places/570467,37.414256,22.126238,settlement," - "
9.15.6,Μεσσήνη,http://pleiades.stoa.org/places/570479,37.175491,21.920439,"sanctuary,settlement,fort"," - "
9.15.6,Μεσσήνης,http://dare.ht.lu.se/places/21909,37.175491,21.920439,"sanctuary,settlement,fort"," - "
9.15.6,Σπάρτη,http://pleiades.stoa.org/places/570685,37.08149,22.42454,"theatre,temple,settlement,temple-2"," - "
9.16.1,ἄγαλμα,http://arachne.dainst.org/entity/3586932,38.323923,23.31992,NULL," - object|agalma|Paus|Ammon|d - Pindar|b - KalamidosAgalma of Ammon in Thebes, dedicated by Pindar, the work of Kalamis"
9.16.1,Ἀμμωνίους,http://pleiades.stoa.org/places/716520,29.20514,25.54359,"oasis,settlement,temple-2"," - "
9.16.1,Θηβαίοις,http://pleiades.stoa.org/places/541138,38.318092,23.255096,"sanctuary,settlement"," - "
9.16.1,Λιβύης,http://pleiades.stoa.org/places/716588,31.5,26.5,region," - "
9.16.1,"οὐ πόρρω",http://arachne.dainst.org/entity/3586930,38.323923,23.31992,NULL," - built|lx: ou porrō|Pausnot far from this statue"
9.16.2,ἀγάλματος,http://arachne.dainst.org/entity/3586933,38.323923,23.31992,NULL," - "
9.16.2,Ἀθηναίοις,http://pleiades.stoa.org/places/579885,37.971687,23.726464,settlement," - "
9.16.2,Ἀθηναῖος,http://pleiades.stoa.org/places/579885,37.971687,23.726464,settlement," - "
9.16.2,"Εἰρήνης τὸ ἄγαλμα",http://topostext.org/binder/JB1257,37.974338,23.722734,NULL," - object|agalma|opsis|Eirene|b - Kēphisodotos|analogic|agency|xm - echōStatue of Eirêne in Athens by Kephisodotos"
9.16.2,Θηβαῖοι,http://pleiades.stoa.org/places/541138,38.318092,23.255096,"sanctuary,settlement"," - "
9.16.2,"τὰ λοιπὰ",http://arachne.dainst.org/entity/3586933,38.323923,23.31992,NULL," - object|agalma|Paus|Tuchē|b - Kallistonikosthe remaining bits of the statue"
9.16.2,φέρει,http://arachne.dainst.org/entity/3586933,38.323923,23.31992,NULL," - object|statue|Paus|Tuchē|agency|m - ferō|mx: ferōperson, Tuchē"
9.16.3,Ἀποστροφίαν,http://arachne.dainst.org/entity/3586936,38.323923,23.31992,NULL," - object|xoanon|Paus|epiklêsis|Aphrodite|Apostrophia|Q25350376|agency|n - kaleōperson"
9.16.3,Θηβαίοις,http://pleiades.stoa.org/places/541138,38.318092,23.255096,"sanctuary,settlement"," - "
9.16.3,καλοῦσι,http://pleiades.stoa.org/places/541138,38.318092,23.255096,"sanctuary,settlement"," - "
9.16.3,ξόανά,http://arachne.dainst.org/entity/3586935,38.323923,23.31992,NULL," - object|xoanon|Paus|Aphrodite|s - archaios|d - Harmonia|s - anathema|t - heroic ageone example of the three mentioned"
9.16.3,Οὐρανίαν,http://arachne.dainst.org/entity/3586934,38.323923,23.31992,NULL," - object|xoanon|Paus|epiklêsis|Aphrodite|Ourania|Q423622|agency|n - kaleōperson"
9.16.3,Πάνδημον,http://arachne.dainst.org/entity/3586935,38.323923,23.31992,NULL," - object|xoanon|Paus|epiklêsis|Aphrodite|Pandemos|Q4779733|agency|n - kaleōperson"
9.16.4,Ἕλλησιν,http://pleiades.stoa.org/places/1001896,37.5,22.5,province," - "
9.16.4,Θρᾷκα,http://pleiades.stoa.org/places/501638,40.288041,23.129408,unknown," - "
9.16.5,"Δήμητρος δὲ ἄγαλμα",http://arachne.dainst.org/entity/3586937,38.323923,23.31992,NULL," - object|agalma|Paus|Demeter|s - phanerosagalma in hieron of Demeter Thesmophoros, Thebes; visible (phaneros) "es sterna""
9.16.5,Λακεδαιμονίων,http://pleiades.stoa.org/places/570406,37.07624042080912,22.46082645177671,region," - "
9.16.5,Λεῦκτρα,http://pleiades.stoa.org/places/540913,38.25422,23.18095,settlement," - "
9.16.6,ἀγαλμάτων,http://arachne.dainst.org/entity/3586938,38.323923,23.31992,NULL," - object|agalma|Paus|Dionysos|x - notnot explicitly mentioned"
9.16.6,Ἁλιαρτίαν,http://pleiades.stoa.org/places/540801,38.379818,23.088416,settlement," - regional|t - post-Peloponnesian Warterritory of Haliartos"
9.16.6,ἀνοιγνύναι,http://pleiades.stoa.org/places/541138,38.318092,23.255096,"sanctuary,settlement"," - "
9.16.6,ἕτερον,http://arachne.dainst.org/entity/3586939,38.323923,23.31992,NULL," - "
9.16.6,Θηβαῖοι,http://pleiades.stoa.org/places/541138,38.318092,23.255096,"sanctuary,settlement"," - "
9.16.6,Θηβαίων,http://pleiades.stoa.org/places/541138,38.318092,23.255096,"sanctuary,settlement"," - "
9.16.6,Θρᾷκας,http://pleiades.stoa.org/places/501638,40.288041,23.129408,unknown," - "
9.16.6,Θρᾳκῶν,http://pleiades.stoa.org/places/1001889,42.5,27.5,province," - "
9.16.7,Ἕλληνες,http://pleiades.stoa.org/places/1001896,37.5,22.5,province," - proxy|focaliser|t - present|f - narratorHellênes"
9.16.7,Θηβαίοις,http://dare.ht.lu.se/places/21952,38.318092,23.255096,"sanctuary,settlement"," - "
9.16.7,Μεγαρεῦσι,http://pleiades.stoa.org/places/570468,37.2038,15.18273,"region,settlement"," - "
9.16.7,ὁμολογοῦσι,http://pleiades.stoa.org/places/541138,38.318092,23.255096,"sanctuary,settlement"," - "
9.17.1,ἄγαλμα,http://arachne.dainst.org/entity/3586940,38.323923,23.31992,NULL," - object|agalma|Paus|Artemis|b - Skopas|s - ergonAgalma in temple of Artemis Eukleia in Thebes, by Skopas"
9.17.1,ἔχουσι,http://pleiades.stoa.org/places/541138,38.318092,23.255096,"sanctuary,settlement"," - "
9.17.1,Θηβαίοις,http://pleiades.stoa.org/places/541138,38.318092,23.255096,"sanctuary,settlement"," - "
9.17.1,Ὀρχομενίους,http://pleiades.stoa.org/places/540987,38.495082,22.959486,settlement," - "
9.17.2,"Ἀγοραῖος Ἑρμῆς",http://arachne.dainst.org/entity/3586943,38.323923,23.31992,NULL," - object|statue|Paus|Hermes|agency|n - kaleōStatue of Hermes Agoraios in Thebes, dedication by Pindar|person"
9.17.2,ἀναθεῖναι,http://arachne.dainst.org/entity/3586941,38.323923,23.31992,NULL," - "
9.17.2,ἀνάθημα,http://arachne.dainst.org/entity/3586942,38.323923,23.31992,NULL," - "
9.17.2,Ἀπόλλων,http://arachne.dainst.org/entity/3586942,38.323923,23.31992,NULL," - object|statue|Paus|Apollo|agencyperson"
9.17.2,λέων,http://arachne.dainst.org/entity/3586941,38.323923,23.31992,NULL," - object|leônStone lion at temple of Artemis Eukleia, Thebes"
9.17.2,Ὀρχομενίους,http://pleiades.stoa.org/places/540987,38.495082,22.959486,settlement," - "
9.17.3,ἀγάλματα,http://arachne.dainst.org/entity/4020548,38.323923,23.31992,NULL," - "
9.17.3,ἐνταῦθα,http://arachne.dainst.org/entity/4020548,38.323923,23.31992,NULL," - "
9.17.3,Εὐβοεῦσι,http://pleiades.stoa.org/places/540775,38.53,23.87,island," - "
9.17.4,Θηβαῖοι,http://pleiades.stoa.org/places/541138,38.318092,23.255096,"sanctuary,settlement"," - "
9.17.4,Θηβαίοις,http://pleiades.stoa.org/places/541138,38.318092,23.255096,"sanctuary,settlement"," - "
9.17.4,περιάψωσι,http://pleiades.stoa.org/places/541152,38.58344,22.66931,settlement," - "
9.17.4,Τιθορέαν,http://pleiades.stoa.org/places/541152,38.58344,22.66931,settlement," - built|settlement|t - present|s - ritualTithorea in Phokis"
9.17.4,Τιθορεεῦσιν,http://pleiades.stoa.org/places/541152,38.58344,22.66931,settlement," - "
9.17.4,Φωκίδι,http://pleiades.stoa.org/places/541048,38.25,22.25,unknown," - "
9.17.5,γαίης,http://pleiades.stoa.org/places/541138,38.318092,23.255096,"sanctuary,settlement"," - "
9.17.5,δασσαμένων,http://pleiades.stoa.org/places/541152,38.58344,22.66931,settlement," - "
9.17.5,πόλει,http://pleiades.stoa.org/places/541138,38.318092,23.255096,"sanctuary,settlement"," - "
9.17.5,Τιθορεὺς,http://pleiades.stoa.org/places/541152,38.58344,22.66931,settlement," - "
9.17.6,Ἑλλάδα,http://pleiades.stoa.org/places/1001896,37.5,22.5,province," - "
9.18.1,Ἀργεῖοι,http://pleiades.stoa.org/places/570106,37.631561,22.719464,settlement," - "
9.18.1,Θηβαίων,http://pleiades.stoa.org/places/541138,38.318092,23.255096,"sanctuary,settlement"," - "
9.18.1,Θηβῶν,http://pleiades.stoa.org/places/541138,38.318092,23.255096,"sanctuary,settlement"," - "
9.18.1,Χαλκίδα,http://pleiades.stoa.org/places/540703,38.464,23.602,settlement," - "
9.18.2,Θηβαίων,http://pleiades.stoa.org/places/541138,38.318092,23.255096,"sanctuary,settlement"," - proxy|s - archaios|focaliserThebans who hold in the memory the ancient times"
9.18.2,Θήβῃσι,http://pleiades.stoa.org/places/541138,38.318092,23.255096,"sanctuary,settlement"," - "
9.18.3,ἐναγίζειν,http://pleiades.stoa.org/places/541138,38.318092,23.255096,"sanctuary,settlement"," - "
9.18.3,ἐναγιζόντων,http://pleiades.stoa.org/places/541138,38.318092,23.255096,"sanctuary,settlement"," - "
9.18.3,Θηβαῖοι,http://pleiades.stoa.org/places/541138,38.318092,23.255096,"sanctuary,settlement"," - "
9.18.4,Ἁλιαρτίᾳ,http://pleiades.stoa.org/places/540801,38.379818,23.088416,settlement," - regional|t - heroic age|f - they agreeHaliartia territory of Haliartos"
9.18.4,ἐνταῦθα,http://pleiades.stoa.org/places/550832,39.626196,27.579568,settlement," - "
9.18.4,Θηβαῖοι,http://pleiades.stoa.org/places/541138,38.318092,23.255096,"sanctuary,settlement"," - proxy|focaliser|guideTheban guides"
9.18.4,Καΐκου,http://pleiades.stoa.org/places/550491,38.9471678,27.0057354,river," - physical|river|analogicbeyond the Kaikos"
9.18.4,μελλόντων,http://pleiades.stoa.org/places/550832,39.626196,27.579568,settlement," - "
9.18.4,Μυσίᾳ,http://pleiades.stoa.org/places/550710,38.75,28.25,"labeled feature"," - "
9.18.4,ὁμολογοῦντες,http://pleiades.stoa.org/places/541138,38.318092,23.255096,"sanctuary,settlement"," - "
9.18.4,Πιονίαι,http://pleiades.stoa.org/places/550832,39.626196,27.579568,settlement," - "
9.18.5,Θηβαῖοι,http://pleiades.stoa.org/places/541138,38.318092,23.255096,"sanctuary,settlement"," - "
9.18.5,Θηβαίοις,http://pleiades.stoa.org/places/541138,38.318092,23.255096,"sanctuary,settlement"," - "
9.18.5,Ἰλίου,http://pleiades.stoa.org/places/550595,39.9577,26.23873,settlement," - "
9.18.5,κομίσαι,http://pleiades.stoa.org/places/541138,38.318092,23.255096,"sanctuary,settlement"," - "
9.18.5,κομίσαντες,http://pleiades.stoa.org/places/541138,38.318092,23.255096,"sanctuary,settlement"," - "
9.18.5,πόλιν,http://pleiades.stoa.org/places/541138,38.318092,23.255096,"sanctuary,settlement"," - "
9.18.6,Ἀργείους,http://pleiades.stoa.org/places/570106,37.631561,22.719464,settlement," - "
9.18.6,Θηβαῖοι,http://pleiades.stoa.org/places/541138,38.318092,23.255096,"sanctuary,settlement"," - "
9.19.1,Βοιωτοὺς,http://pleiades.stoa.org/places/540689,38.34668803333333,23.184677533333332,region," - "
9.19.1,ἐνταῦθα,http://pleiades.stoa.org/places/541133,38.357554,23.382283,settlement," - "
9.19.1,Θηβαίων,http://pleiades.stoa.org/places/541138,38.318092,23.255096,"sanctuary,settlement"," - "
9.19.1,Κύπρῳ,http://pleiades.stoa.org/places/707498,35.040883529816504,33.27533716422018,island," - "
9.19.1,Τευμησσός,http://pleiades.stoa.org/places/541133,38.357554,23.382283,settlement," - physical|xôrion|PausTeumessos chorion on Chalkis road"
9.19.1,Τευμησσῷ,http://pleiades.stoa.org/places/541133,38.357554,23.382283,settlement," - "
9.19.2,Ἀργείων,http://pleiades.stoa.org/places/570106,37.631561,22.719464,settlement," - "
9.19.2,αὐτῶν,http://pleiades.stoa.org/places/540791,38.391809,23.396935,settlement," - "
9.19.2,Γλίσαντός,http://pleiades.stoa.org/places/540791,38.391809,23.396935,settlement," - "
9.19.2,ἐτάφησαν,http://pleiades.stoa.org/places/570106,37.631561,22.719464,settlement," - "
9.19.2,Θήβας,http://pleiades.stoa.org/places/541138,38.318092,23.255096,"sanctuary,settlement"," - "
9.19.2,Παγαῖς,http://pleiades.stoa.org/places/570543,37.974359,23.362766,"unlocated,port,fort,church,settlement"," - "
9.19.2,Τευμησσοῦ,http://pleiades.stoa.org/places/541133,38.357554,23.382283,settlement," - "
9.19.3,ἄγαλμα,http://arachne.dainst.org/entity/3586944,38.4,23.41667,NULL," - object|agalma|Paus|ZeusAgalma of Zeus Hypatos on Mt. Hypatos"
9.19.3,Γλίσαντα,http://pleiades.stoa.org/places/540791,38.391809,23.396935,settlement," - "
9.19.3,Γλίσαντός,http://pleiades.stoa.org/places/540791,38.391809,23.396935,settlement," - "
9.19.3,Εὐβοεῦσι,http://pleiades.stoa.org/places/540775,38.53,23.87,island," - "
9.19.3,Θηβαῖοι,http://pleiades.stoa.org/places/541138,38.318092,23.255096,"sanctuary,settlement"," - "
9.19.3,Θηβαίους,http://pleiades.stoa.org/places/541138,38.318092,23.255096,"sanctuary,settlement"," - "
9.19.3,Θηβῶν,http://pleiades.stoa.org/places/541138,38.318092,23.255096,"sanctuary,settlement"," - "
9.19.3,ναὸς,http://topostext.org/place/384234SZeu,38.3999,23.4114,NULL," - built|naos|Paus|ZeusZeus Hypatos temple on Mt. Hypatos"
9.19.3,ὀνομάζουσιν,http://pleiades.stoa.org/places/541138,38.318092,23.255096,"sanctuary,settlement"," - "
9.19.3,Τευμησσὸν,http://pleiades.stoa.org/places/541133,38.357554,23.382283,settlement," - "
9.19.3,Χαλκίδα,http://pleiades.stoa.org/places/540703,38.464,23.602,settlement," - "
9.19.4,Ἀθηναίους,http://dare.ht.lu.se/places/10975,37.971687,23.726464,settlement," - "
9.19.4,Ἅρματος,http://pleiades.stoa.org/places/540805,38.388352,23.486691,settlement," - built|polis|ereipia|Paus|l - exēsHarma ruins"
9.19.4,ἐνταῦθα,http://pleiades.stoa.org/places/540805,38.388352,23.486691,settlement," - "
9.19.4,ἐνταῦθα,http://pleiades.stoa.org/places/540953,38.415804,23.545847,settlement," - "
9.19.4,Θηβαῖοι,http://pleiades.stoa.org/places/541138,38.318092,23.255096,"sanctuary,settlement"," - "
9.19.4,Θήβας,http://pleiades.stoa.org/places/541138,38.318092,23.255096,"sanctuary,settlement"," - "
9.19.4,Μυκαλησσὸν,http://pleiades.stoa.org/places/540953,38.415804,23.545847,settlement," - "
9.19.4,Μυκαλησσὸς,http://pleiades.stoa.org/places/540953,38.415804,23.545847,settlement," - "
9.19.4,Μυκαλησσοῦ,http://pleiades.stoa.org/places/540953,38.415804,23.545847,settlement," - built|polis|ereipia|Paus|l - exēsMykalessos ruins"
9.19.4,Ταναγραῖοί,http://pleiades.stoa.org/places/580114,38.309371,23.587064,settlement," - "
9.19.4,"τῇ μὲν",http://pleiades.stoa.org/places/540805,38.388352,23.486691,settlement," - "
9.19.5,"ἀγάλματος τῶν ποδῶν",http://arachne.dainst.org/entity/3586945,38.41672,23.519602,NULL," - "
9.19.5,Μυκαλησσοῦ,http://pleiades.stoa.org/places/540953,38.415804,23.545847,settlement," - built|settlement|PausMykalessos ruins"
9.19.5,τιθέασιν,http://pleiades.stoa.org/places/540953,38.415804,23.545847,settlement," - "
9.19.6,"ἀγάλματα λίθου λευκοῦ",http://arachne.dainst.org/entity/3586947,38.423252,23.593124,NULL," - object|agalma|Paus|mat - leukos lithostwo marble statues of Artemis at Aulis"
9.19.6,Αὐλίς,http://pleiades.stoa.org/places/579889,38.4335,23.5925,settlement," - "
9.19.6,αὐτήν,http://pleiades.stoa.org/places/579889,38.4335,23.5925,settlement," - "
9.19.6,Βοιωτῶν,http://pleiades.stoa.org/places/540689,38.34668803333333,23.184677533333332,region," - "
9.19.6,Ἑλλήνων,http://pleiades.stoa.org/places/1001896,37.5,22.5,province," - "
9.19.6,ἐνταῦθα,http://pleiades.stoa.org/places/579889,38.4335,23.5925,settlement," - "
9.19.6,Εὔβοιαν,http://pleiades.stoa.org/places/540775,38.53,23.87,island," - "
9.19.6,Εὐρίπου,http://pleiades.stoa.org/places/540783,38.46276,23.58944,"bridge,settlement,water-open"," - "
9.19.6,"τὸ δὲ",http://arachne.dainst.org/entity/3586947,38.423252,23.593124,NULL," - "
9.19.6,"τὸ μὲν",http://arachne.dainst.org/entity/3586946,38.423252,23.593124,NULL," - "
9.19.7,Αὐλίδι,http://pleiades.stoa.org/places/579889,38.4335,23.5925,settlement," - "
9.19.7,Ἕλλησιν,http://pleiades.stoa.org/places/1001896,37.5,22.5,province," - "
9.19.7,θύειν,http://pleiades.stoa.org/places/1001896,37.5,22.5,province," - "
9.19.7,φυλάσσουσιν,http://pleiades.stoa.org/places/579889,38.4335,23.5925,settlement," - "
9.19.8,Ἅρμα,http://pleiades.stoa.org/places/540805,38.388352,23.486691,settlement," - physical|chôra|t - present|analogicthe land about Harma"
9.19.8,Αὐλίδι,http://pleiades.stoa.org/places/579889,38.4335,23.5925,settlement," - "
9.19.8,Ἰωνίᾳ,http://pleiades.stoa.org/places/550597,38.258572855555556,27.36601213333333,region," - regional|t - present|analogiccomparing the fruits of the palm tree"
9.19.8,Μυκαλησσόν,http://pleiades.stoa.org/places/540953,38.415804,23.545847,settlement," - physical|chôra|t - present|analogicthe land about Mykalessos"
9.19.8,Παλαιστίνῃ,http://pleiades.stoa.org/places/687995,31.25,34.75,"labeled feature"," - regional|t - present|analogiccomparing the fruits of the palm tree"
9.19.8,Ταναγραῖοι,http://pleiades.stoa.org/places/580114,38.309371,23.587064,settlement," - "
9.19.8,χώραν,http://pleiades.stoa.org/places/579889,38.4335,23.5925,settlement," - "
9.20.1,ἀγάλματα,http://arachne.dainst.org/entity/3888405,38.327031,23.536682,NULL," - "
9.20.1,αὐτῷ,http://pleiades.stoa.org/places/540725,38.3462075,23.661354,settlement," - "
9.20.1,Δήλιον,http://pleiades.stoa.org/places/540725,38.3462075,23.661354,settlement," - built|sanctuary|synoptic|n - kaleōDelion sanctuary on the sea in Tanagraean territory"
9.20.1,Ταναγραίας,http://pleiades.stoa.org/places/580114,38.309371,23.587064,settlement," - regional|synopticTanagraia"
9.20.1,Ταναγραῖοι,http://pleiades.stoa.org/places/580114,38.309371,23.587064,settlement," - "
9.20.2,Γραῖάν,http://pleiades.stoa.org/places/540796,38.387159,23.630098,settlement," - built|settlement|r - HomerGraia polis, possibly Homeric name for Tanagra?"
9.20.2,Θέσπειαν,http://pleiades.stoa.org/places/541141,38.293384,23.154521,settlement," - "
9.20.2,Μυκαλησσόν,http://pleiades.stoa.org/places/540953,38.415804,23.545847,settlement," - "
9.20.3,Τανάγρᾳ,http://pleiades.stoa.org/places/580114,38.309371,23.587064,settlement," - "
9.20.4,ἄγαλμα,http://arachne.dainst.org/entity/3586948,38.327031,23.536682,NULL," - object|agalma|Paus|Dionysos|worth seeing|mat - lithos|b - Kalamidosstatue of Dionysos in temple in Tanagra, Parian marble by Kalamis"
9.20.4,Παρίου,http://pleiades.stoa.org/places/599868,37.03613,25.19093,island," - physical|lithosParian marble"
9.20.4,Ταναγραίων,http://pleiades.stoa.org/places/580114,38.309371,23.587064,settlement," - "
9.20.4,Τρίτων,http://arachne.dainst.org/entity/3586949,38.327031,23.536682,NULL," - object|statue|Paus|Q1860727|agency|i - parechō|s - thaumaTriton in Dionysos temple, Tanagra"
9.20.5,εἷλον,http://pleiades.stoa.org/places/580114,38.309371,23.587064,settlement," - "
9.20.5,ἔπεστιν,http://arachne.dainst.org/entity/3586949,38.327031,23.536682,NULL," - object|statue|t - present|agencystatue has no head"
9.20.5,Ταναγραῖοι,http://pleiades.stoa.org/places/580114,38.309371,23.587064,settlement," - "
9.20.5,Ταναγραῖον,http://pleiades.stoa.org/places/580114,38.309371,23.587064,settlement," - proxy|t - heroic age|f - logos|tr - koptōa man from Tanagra"
9.21.1,ἀποδέοντα,http://arachne.dainst.org/entity/3586950,41.89474,12.4839,NULL," - "
9.21.1,Ῥωμαίων,http://pleiades.stoa.org/places/423025,41.89262,12.4843457,"settlement,urban"," - "
9.21.1,Ταναγραίοις,http://pleiades.stoa.org/places/580114,38.309371,23.587064,settlement," - "
9.21.1,Τρίτωνα,http://arachne.dainst.org/entity/3586950,41.89474,12.4839,NULL," - object|opsis|statue|Q4463225|s - thaumaTriton preserved in Rome, seen by Pausanias"
9.21.1,Τρίτωνες,http://arachne.dainst.org/entity/3586950,41.89474,12.4839,NULL," - "
9.21.2,"καμήλους τε Ἰνδικὰς",http://pleiades.stoa.org/places/50004,22.5,77.5,region," - proxy|kamēlos|opsis|analogicIndian camels"
9.21.2,"οἱ ἐκ Παιόνων",http://pleiades.stoa.org/places/491680,41.75,21.75,unknown," - proxy|tauros|f - narratorPaeonian bulls seen by Pausanias"
9.21.2,Παιόνων,http://pleiades.stoa.org/places/491680,41.75,21.75,unknown," - proxy|tauros|opsis|analogicbulls (tauroi)"
9.21.2,"ταύρους τούς τε Αἰθιοπικούς",http://pleiades.stoa.org/places/334481,32.5,3.5,region," - proxy|tauros|opsis|analogicEthiopian bulls (rhinocerus) seen by Pausanias"
9.21.3,"Κελτῶν γῇ",http://pleiades.stoa.org/places/993,44.730982100000006,3.5988981583333333,region," - regional|gê|analogic|t - presentland of the Celts (Keltoi)"
9.21.4,Ἑλλήνων,http://pleiades.stoa.org/places/1001896,37.5,22.5,province," - "
9.21.4,Ἰνδοὶ,http://pleiades.stoa.org/places/50004,22.5,77.5,region," - "
9.21.4,Ἰνδοὺς,http://pleiades.stoa.org/places/50004,22.5,77.5,region," - proxy|logoson India"
9.21.4,Ἰνδῶν,http://pleiades.stoa.org/places/50004,22.5,77.5,region," - "
9.21.5,Ἀράβων,http://pleiades.stoa.org/places/29475,27.5,42.5,region," - "
9.21.5,Ἕλλησιν,http://pleiades.stoa.org/places/1001896,37.5,22.5,province," - "
9.21.5,ἠπατήθησαν,http://pleiades.stoa.org/places/50004,22.5,77.5,region," - "
9.21.5,Ἰνδῶν,http://pleiades.stoa.org/places/50004,22.5,77.5,region," - "
9.21.5,Λιβύης,http://pleiades.stoa.org/places/716588,31.5,26.5,region," - "
9.21.6,Αἰγυπτίας,http://pleiades.stoa.org/places/981503,19.211408766666665,30.567329633333333,region," - proxy|f - narrator|general statement|analogicasp"
9.21.6,Αἰθιοπίᾳ,http://pleiades.stoa.org/places/334481,32.5,3.5,region," - "
9.21.6,γῆ,http://pleiades.stoa.org/places/334481,32.5,3.5,region," - "
9.21.6,Ἰωνίαν,http://pleiades.stoa.org/places/550597,38.258572855555556,27.36601213333333,region," - "
9.21.6,Λίβυσσαι,http://pleiades.stoa.org/places/716588,31.5,26.5,region," - proxy|f - narrator|general statement|xm - echō|analogicasp (aspides)"
9.21.6,Φρὺξ,http://pleiades.stoa.org/places/609502,38.75,29.75,region," - proxy|m - agō|t - Persian War|f - narrator|analogica Phrygian man (at the time of Herodotus?)"
9.22.1,"ἄγαλμα Ἑρμοῦ φέροντα κριὸν",http://arachne.dainst.org/entity/3586951,38.327031,23.536682,NULL," - object|agalma|Paus|Hermes|b - KalamisStatue of Hermes carrying a ram, by Kalamis, in Tanagra"
9.22.1,Τανάγρᾳ,http://pleiades.stoa.org/places/580114,38.309371,23.587064,settlement," - "
9.22.2,Ἑλλήνων,http://pleiades.stoa.org/places/1001896,37.5,22.5,province," - "
9.22.2,Ἐρετριέων,http://pleiades.stoa.org/places/579925,39.290562,22.607216,"settlement,temple-2"," - "
9.22.2,Εὐβοέων,http://pleiades.stoa.org/places/540775,38.53,23.87,island," - "
9.22.2,Εὐβοίας,http://pleiades.stoa.org/places/540775,38.53,23.87,island," - "
9.22.2,Ταναγραίαν,http://pleiades.stoa.org/places/580114,38.309371,23.587064,settlement," - built|settlement|t - pre-Persian War|f - they sayTanagraia"
9.22.2,Ταναγραῖοι,http://pleiades.stoa.org/places/580114,38.309371,23.587064,settlement," - "
9.22.3,Αἰολεῖς,http://pleiades.stoa.org/places/550406,38.846442875,26.950801749999997,region," - proxy|t - post-Persian War|analogic|f - narratorAeolian dialect"
9.22.3,γραφή,http://arachne.dainst.org/entity/3586952,38.327031,23.536682,NULL," - "
9.22.3,Θήβαις,http://pleiades.stoa.org/places/541138,38.318092,23.255096,"sanctuary,settlement"," - "
9.22.3,Κόριννα,http://arachne.dainst.org/entity/3586952,38.327031,23.536682,NULL," - object|graphê|agencyperson, Corinna"
9.22.3,πόλεως,http://pleiades.stoa.org/places/580114,38.309371,23.587064,settlement," - "
9.22.3,Τανάγρᾳ,http://pleiades.stoa.org/places/580114,38.309371,23.587064,settlement," - "
9.22.4,ἐνταῦθα,http://pleiades.stoa.org/places/580114,38.309371,23.587064,settlement," - "
9.22.4,Λυδούς,http://pleiades.stoa.org/places/550701,38.624771249999995,27.9632845,region," - proxy|analogicbirds (ornithes)"
9.22.5,"ἀγάλματα λίθου λευκοῦ",http://arachne.dainst.org/entity/3888242,38.498443,23.461386,NULL," - object|agalma|Paus|mat - leukos lithos|Demeter|KoreStatues of Demeter and child, marble, in Anthedon"
9.22.5,Ἀνθηδονίοις,http://pleiades.stoa.org/places/540639,38.498583,23.448834,settlement," - "
9.22.5,Ἀνθηδών,http://pleiades.stoa.org/places/540639,38.498583,23.448834,settlement," - "
9.22.5,αὐτῷ,http://topostext.org/place/385235LMes,38.464,23.488,NULL," - "
9.22.5,Βοιωτίας,http://pleiades.stoa.org/places/540689,38.34668803333333,23.184677533333332,region," - "
9.22.5,Βοιωτῶν,http://pleiades.stoa.org/places/540689,38.34668803333333,23.184677533333332,region," - "
9.22.5,ἐνταῦθα,http://pleiades.stoa.org/places/540639,38.498583,23.448834,settlement," - "
9.22.5,Εὐρίπου,http://pleiades.stoa.org/places/540783,38.46276,23.58944,"bridge,settlement,water-open"," - "
9.22.5,Μεσσάπιον,http://topostext.org/place/385235LMes,38.464,23.488,NULL," - physical|oros|Paus|synoptic|n - kaleōMessapion oros, unlocated in pleiades 543787"
9.22.5,οὗτοι,http://pleiades.stoa.org/places/580114,38.309371,23.587064,settlement," - proxy|i - parechōcocks (blackbirds) in Tanagra"
9.22.5,πόλει,http://pleiades.stoa.org/places/540639,38.498583,23.448834,settlement," - "
9.22.5,πόλεως,http://pleiades.stoa.org/places/540639,38.498583,23.448834,settlement," - built|lx: mesos|Pauscentre of the city"
9.22.6,ἄγαλμα,http://arachne.dainst.org/entity/3586953,38.498443,23.461386,NULL," - "
9.22.6,Ἀνθηδόνι,http://pleiades.stoa.org/places/540639,38.498583,23.448834,settlement," - "
9.22.6,Νάξῳ,http://pleiades.stoa.org/places/599822,37.127,25.52001,island," - "
9.22.6,Πάρου,http://pleiades.stoa.org/places/599868,37.03613,25.19093,island," - "
9.22.6,πόλεως,http://pleiades.stoa.org/places/540639,38.498583,23.448834,settlement," - "
9.22.6,τῇ,http://pleiades.stoa.org/places/599822,37.127,25.52001,island," - "
9.22.7,Ἀνθηδονίων,http://pleiades.stoa.org/places/540639,38.498583,23.448834,settlement," - "
9.23.1,Ἀθηναίων,http://pleiades.stoa.org/places/579885,37.971687,23.726464,settlement," - proxy|m - diabainō|t - heroic age|f - they agreethose who went with Iolaos"
9.23.1,Ἐπιδαυρίων,http://pleiades.stoa.org/places/570228,37.596111,23.079167,"theatre,sanctuary,settlement"," - "
9.23.1,Θεσπιέων,http://pleiades.stoa.org/places/541141,38.293384,23.154521,settlement," - proxy|m - diabainō|t - heroic age|f - they agreethose who went with Iolaos"
9.23.1,Θηβαῖοι,http://pleiades.stoa.org/places/541138,38.318092,23.255096,"sanctuary,settlement"," - "
9.23.1,Θηβαίοις,http://pleiades.stoa.org/places/541138,38.318092,23.255096,"sanctuary,settlement"," - "
9.23.1,Ὀλυμπίᾳ,http://pleiades.stoa.org/places/570531,37.637849,21.630126,"palaistra,sanctuary,temple-2"," - "
9.23.1,Σαρδοῖ,http://pleiades.stoa.org/places/472014,40.06802462263924,8.895951166868167,island," - "
9.23.1,τῷ,http://topostext.org/place/376231BASt,37.597454,23.07334,NULL," - "
9.23.1,τῷ,http://topostext.org/place/376216BOSt,37.63924,21.63333,NULL," - "
9.23.2,Θεσπιὰς,http://pleiades.stoa.org/places/541141,38.293384,23.154521,settlement," - "
9.23.3,Δελφοῖς,http://pleiades.stoa.org/places/540726,38.482289,22.501169,"sanctuary,settlement"," - "
9.23.3,Ἑλλάδα,http://pleiades.stoa.org/places/1001896,37.5,22.5,province," - "
9.23.4,Θήβαις,http://pleiades.stoa.org/places/541138,38.318092,23.255096,"sanctuary,settlement"," - "
9.23.5,ἄγαλμα,http://arachne.dainst.org/entity/3586954,38.45,23.21667,NULL," - "
9.23.5,Ἀκραίφνιόν,http://pleiades.stoa.org/places/540617,38.451533,23.219541,settlement," - built|settlement|PausAkraiphnion"
9.23.5,Ἀττικὴν,http://pleiades.stoa.org/places/579888,38.051998833333336,23.818991099999998,region," - "
9.23.5,αὐτὴν,http://pleiades.stoa.org/places/540617,38.451533,23.219541,settlement," - "
9.23.5,ἐνταῦθα,http://pleiades.stoa.org/places/540617,38.451533,23.219541,settlement," - "
9.23.5,Θηβαΐδος,http://pleiades.stoa.org/places/541138,38.318092,23.255096,"sanctuary,settlement"," - regional|moira|t - heroic age|f - they sayportion (moira) of Theban territory"
9.23.5,Θηβαίων,http://pleiades.stoa.org/places/541138,38.318092,23.255096,"sanctuary,settlement"," - "
9.23.5,Θήβας,http://pleiades.stoa.org/places/541138,38.318092,23.255096,"sanctuary,settlement"," - "
9.23.5,πόλιν,http://pleiades.stoa.org/places/540617,38.451533,23.219541,settlement," - "
9.23.5,πόλισμα,http://pleiades.stoa.org/places/540617,38.451533,23.219541,settlement," - "
9.23.6,αὐτόθι,http://topostext.org/place/385233SPto,38.45915,23.25193,NULL," - "
9.23.6,"διαλέκτῳ τῇ Καρικῇ",http://pleiades.stoa.org/places/991381,37.213163833551015,28.088996902733474,province," - proxy|phōnēCarian dialekton"
9.23.6,ἑλληνίσαντα,http://pleiades.stoa.org/places/1001896,37.5,22.5,province," - proxy|phōnēdialect"
9.23.6,Εὐρωπέα,http://pleiades.stoa.org/places/599616,37.37015,27.67181,settlement," - proxy|t - Persian Wara man from Europos"
9.23.6,Θηβαίων,http://pleiades.stoa.org/places/541138,38.318092,23.255096,"sanctuary,settlement"," - "
9.23.6,ἱερόν,http://topostext.org/place/385233SPto,38.45915,23.25193,NULL," - built|hieron|Paus|ApolloHieron of Apollo Ptôos"
9.23.6,Μακεδόνων,http://pleiades.stoa.org/places/981531,42.5,22.5,province," - "
9.23.6,πόλεως,http://pleiades.stoa.org/places/540617,38.451533,23.219541,settlement," - "
9.23.7,"ἄγαλμα ὀρθὸν",http://arachne.dainst.org/entity/3586955,38.562271,23.278928,NULL," - object|agalma|Paus|Dionysos|tr - poieōAgalma of Dionsysos in his temple at Larymna"
9.23.7,Βοιωτούς,http://pleiades.stoa.org/places/540689,38.34668803333333,23.184677533333332,region," - "
9.23.7,Βοιωτῶν,http://pleiades.stoa.org/places/540689,38.34668803333333,23.184677533333332,region," - "
9.23.7,ἐνταῦθα,http://pleiades.stoa.org/places/540906,38.566,23.288,settlement," - "
9.23.7,Θηβαίων,http://pleiades.stoa.org/places/541138,38.318092,23.255096,"sanctuary,settlement"," - "
9.23.7,Λάρυμνα,http://pleiades.stoa.org/places/540906,38.566,23.288,settlement," - "
9.23.7,Λοκροὺς,http://pleiades.stoa.org/places/540918,38.75,22.75,region," - proxyPausanian referring to his section on the Locrians"
9.23.7,μετετάξαντο,http://pleiades.stoa.org/places/540906,38.566,23.288,settlement," - "
9.23.7,Ὀποῦντα,http://pleiades.stoa.org/places/540986,38.653678,22.999964,settlement," - "
9.23.7,πόλιν,http://pleiades.stoa.org/places/540906,38.566,23.288,settlement," - "
9.24.1,Ἀκραιφνίου,http://pleiades.stoa.org/places/540617,38.451533,23.219541,settlement," - built|settlement|PausAkraiphnion, coming from"
9.24.1,ἐνταῦθα,http://pleiades.stoa.org/places/540878,38.493128,23.160772,settlement," - "
9.24.1,Κηφισὸς,http://topostext.org/place/388228WKep,38.496,22.91,NULL," - physical|potamos|Paus|m - ekdidōmiKephisos river = pleiades:540700 unmapped"
9.24.1,Κῶπαι,http://pleiades.stoa.org/places/540878,38.493128,23.160772,settlement," - "
9.24.1,Κωπαΐδα,http://pleiades.stoa.org/places/540715,38.447092,23.068726,lake," - "
9.24.1,Λιλαίας,http://pleiades.stoa.org/places/540915,38.62687,22.50592,settlement," - "
9.24.1,λίμνῃ,http://pleiades.stoa.org/places/540715,38.447092,23.068726,lake," - "
9.24.1,λίμνην,http://pleiades.stoa.org/places/540715,38.447092,23.068726,lake," - "
9.24.1,"λίμνην τὴν Κηφισίδα",http://pleiades.stoa.org/places/540715,38.447092,23.068726,lake," - physical|limnê|PausKêphisian Lake, some call it Kôpais"
9.24.1,τούτου,http://pleiades.stoa.org/places/540878,38.493128,23.160772,settlement," - "
9.24.1,Φωκέων,http://pleiades.stoa.org/places/541048,38.25,22.25,unknown," - "
9.24.2,Ἀθήνας,http://pleiades.stoa.org/places/579885,37.971687,23.726464,settlement," - proxy|AtheniansAthenians settled on edge of Copais lake"
9.24.2,αὐτόθι,http://pleiades.stoa.org/places/540715,38.447092,23.068726,lake," - "
9.24.2,Βοιωτοὶ,http://pleiades.stoa.org/places/540689,38.34668803333333,23.184677533333332,region," - "
9.24.2,Ἐλευσῖνα,http://topostext.org/place/380235PEle,38.0441,23.5415,NULL," - t - pote|f - Boiotians|proxy|EleusiniansEleusinians settled vanished polisma on Copais Lake"
9.24.2,Κηφισίδι,http://pleiades.stoa.org/places/540715,38.447092,23.068726,lake," - "
9.24.2,λίμνῃ,http://pleiades.stoa.org/places/540715,38.447092,23.068726,lake," - physical|limnê|t - pote|f - BoiotiansCopaic Lake"
9.24.2,λίμνη,http://pleiades.stoa.org/places/540715,38.447092,23.068726,lake," - "
9.24.3,Ἀργεῖον,http://pleiades.stoa.org/places/570106,37.631561,22.719464,settlement," - "
9.24.3,αὗται,http://pleiades.stoa.org/places/540823,38.55756,23.103304,settlement," - built|kōmē|f - narratorand Olmōnes?"
9.24.3,Κωπῶν,http://pleiades.stoa.org/places/540878,38.493128,23.160772,settlement," - "
9.24.3,"λίθου δὲ ἀργοῦ",http://arachne.dainst.org/entity/3586956,38.558,23.1031,NULL," - object|lithos|Paus|Herakles|s - archaios|worth seeingUnworked stone making cures, temple of Herakles, Hyettos"
9.24.3,Ὄλμωνες,http://pleiades.stoa.org/places/540980,38.476052,23.105792,settlement," - built|kōmē|Paus|t - nun|t - ex archēsOlmones 12 stades from Kopai"
9.24.3,Ὀλμωνέων,http://pleiades.stoa.org/places/540980,38.476052,23.105792,settlement," - "
9.24.3,Ὄλμωσιν,http://pleiades.stoa.org/places/540980,38.476052,23.105792,settlement," - "
9.24.3,Ὀρχομενίᾳ,http://pleiades.stoa.org/places/540987,38.495082,22.959486,settlement," - "
9.24.3,Ὀρχομενίας,http://pleiades.stoa.org/places/540987,38.495082,22.959486,settlement," - regional|moira|f - narratorOrchomenia"
9.24.3,Ὕηττος,http://pleiades.stoa.org/places/540823,38.55756,23.103304,settlement," - "
9.24.3,Ὑήττῳ,http://pleiades.stoa.org/places/540823,38.55756,23.103304,settlement," - "
9.24.4,"ἀγάλματα δὲ ὀρθὰ Ἀπόλλωνος καὶ Ἀρτέμιδός",http://arachne.dainst.org/entity/3888407,38.58333,23.03333,NULL," - "
9.24.4,ἐνταῦθα,http://pleiades.stoa.org/places/540898,38.585688,23.044957,temple," - "
9.24.4,Κύρτωνες,http://pleiades.stoa.org/places/540898,38.585688,23.044957,temple," - built|polisma|Paus|agency|xm - echōKyrtones, formerly Kurtônê, on high mountain"
9.24.4,Κυρτώνην,http://pleiades.stoa.org/places/540898,38.585688,23.044957,temple," - built|polisma|t - archaios|f - they say|n - onomaancient name, Kyrtōnē"
9.24.4,Ὑήττου,http://pleiades.stoa.org/places/540823,38.55756,23.103304,settlement," - "
9.24.4,ᾤκισται,http://pleiades.stoa.org/places/540898,38.585688,23.044957,temple," - "
9.24.5,Ἁλὰς,http://pleiades.stoa.org/places/540800,38.6583,23.1896,settlement," - built|polisma|PausHalai, on sea, separating Lokris from Euboia"
9.24.5,Βοιωτῶν,http://pleiades.stoa.org/places/540689,38.34668803333333,23.184677533333332,region," - proxy|l - eschatos|xm - oikēo|Pausborder (eschatoi) Boiotians"
9.24.5,"Ἑρμοῦ δὲ ἄγαλμα",http://arachne.dainst.org/entity/3586957,38.590315,23.0791,NULL," - object|agalma|Paus|Hermes|agency|xm - histēmiSmall agalma of Hermes outdoors in the grove near Korseia"
9.24.5,Εὐβοίας,http://pleiades.stoa.org/places/540775,38.53,23.87,island," - "
9.24.5,ἣ,http://pleiades.stoa.org/places/540800,38.6583,23.1896,settlement," - "
9.24.5,Κορσεία,http://pleiades.stoa.org/places/540882,38.59375,23.08241,settlement," - "
9.24.5,Κορσείας,http://pleiades.stoa.org/places/540882,38.59375,23.08241,settlement," - "
9.24.5,Κυρτώνων,http://pleiades.stoa.org/places/540898,38.585688,23.044957,temple," - "
9.24.5,Λοκρίδα,http://pleiades.stoa.org/places/540918,38.75,22.75,region," - "
9.25.1,Ἄργους,http://pleiades.stoa.org/places/570106,37.631561,22.719464,settlement," - "
9.25.1,Δελφῶν,http://pleiades.stoa.org/places/540726,38.482289,22.501169,"sanctuary,settlement"," - "
9.25.1,εἶχον,http://pleiades.stoa.org/places/541138,38.318092,23.255096,"sanctuary,settlement"," - "
9.25.1,Θηβαῖοι,http://pleiades.stoa.org/places/541138,38.318092,23.255096,"sanctuary,settlement"," - "
9.25.1,Θηβαίοις,http://pleiades.stoa.org/places/541138,38.318092,23.255096,"sanctuary,settlement"," - "
9.25.2,ἀσπὶς,http://arachne.dainst.org/entity/3586958,38.323923,23.31992,NULL," - "
9.25.2,Θηβαῖοί,http://pleiades.stoa.org/places/541138,38.318092,23.255096,"sanctuary,settlement"," - "
9.25.2,κίων,http://arachne.dainst.org/entity/3586958,38.323923,23.31992,NULL," - "
9.25.3,ἄγαλμα,http://arachne.dainst.org/entity/3586959,38.323923,23.31992,NULL," - "
9.25.3,ἄγαλμα,http://arachne.dainst.org/entity/3586959,38.323923,23.31992,NULL," - object|agalma|Paus|d - Pindar|b - Sōkratēs|b - Aristomēdēs|s - anathemaStatue of Dindumêne Mêtêr, work of Aristomedes and Socrates, dedication of Pindar"
9.25.3,Δίρκην,http://topostext.org/place/383233WDir,38.3183,23.3143,NULL," - physical|potamos|Paus|n - kaleōriver Dirke outside Thebes"
9.25.3,Δίρκην,http://topostext.org/place/383233WDir,38.3183,23.3143,NULL," - "
9.25.3,Θηβαίων,http://pleiades.stoa.org/places/541138,38.318092,23.255096,"sanctuary,settlement"," - "
9.25.3,Πεντελῆσι,http://pleiades.stoa.org/places/580065,38.0814366,23.8827098,mountain," - "
9.25.4,"ἄγαλμα λευκοῦ λίθου",http://arachne.dainst.org/entity/3586960,38.323923,23.31992,NULL," - object|agalma|Paus|Themis|mat - leukos lithosMarble statue of Themis at hieron in Thebes"
9.25.4,Ἡρακλῆς,http://arachne.dainst.org/entity/3586962,38.323923,23.31992,NULL," - "
9.25.4,Θηβαῖοι,http://pleiades.stoa.org/places/541138,38.318092,23.255096,"sanctuary,settlement"," - "
9.25.4,Ὀρχομενίων,http://pleiades.stoa.org/places/540987,38.495082,22.959486,settlement," - proxy|t - heroic age|m - aphikneomai|f - Thebansheralds"
9.25.4,"οὗτος μὲν δὴ λίθου",http://arachne.dainst.org/entity/3586961,38.323923,23.31992,NULL," - object|agalma|Paus|Zeus|agency|tr - poieō|mat - lithosStone statue of Zeus Agoraios"
9.25.5,αὐτόθεν,http://arachne.dainst.org/entity/3586962,38.323923,23.31992,NULL," - object|lx: autothen|Pausstatue in the open air"
9.25.5,"Καβείρων τὸ ἱερὸν",http://pleiades.stoa.org/places/540844,38.318092,23.255096,"sanctuary,settlement"," - built|hieron|Paus|m - aphestēxō|agency|KabeiroiHieron of the  Kabeiroi west of Thebes"
9.25.6,Θηβαῖοι,http://pleiades.stoa.org/places/541138,38.318092,23.255096,"sanctuary,settlement"," - "
9.25.6,Καβειραίοις,http://pleiades.stoa.org/places/540844,38.318092,23.255096,"sanctuary,settlement"," - "
9.25.6,Καβείρων,http://pleiades.stoa.org/places/540844,38.318092,23.255096,"sanctuary,settlement"," - "
9.25.6,χωρίῳ,http://pleiades.stoa.org/places/540844,38.318092,23.255096,"sanctuary,settlement"," - "
9.25.7,Ἀργείων,http://pleiades.stoa.org/places/570106,37.631561,22.719464,settlement," - "
9.25.7,αὐτοῦ,http://pleiades.stoa.org/places/540844,38.318092,23.255096,"sanctuary,settlement"," - "
9.25.7,Θηβῶν,http://pleiades.stoa.org/places/541138,38.318092,23.255096,"sanctuary,settlement"," - "
9.25.7,Καβειραῖοι,http://pleiades.stoa.org/places/540844,38.318092,23.255096,"sanctuary,settlement"," - "
9.25.8,Δωδώνης,http://pleiades.stoa.org/places/530843,39.54648,20.78784,"theatre,settlement"," - "
9.25.9,ἀπώλοντο,http://pleiades.stoa.org/places/922698,30.5,51.5,unknown," - "
9.25.9,Βοιωτίαν,http://pleiades.stoa.org/places/540689,38.34668803333333,23.184677533333332,region," - "
9.25.9,ἐλείφθησαν,http://pleiades.stoa.org/places/922698,30.5,51.5,unknown," - "
9.25.9,Θήβαις,http://pleiades.stoa.org/places/541138,38.318092,23.255096,"sanctuary,settlement"," - "
9.25.9,"ἱερὸν τῶν Καβείρων",http://pleiades.stoa.org/places/540844,38.318092,23.255096,"sanctuary,settlement"," - "
9.25.9,Ναυπάκτῳ,http://pleiades.stoa.org/places/540960,38.41224,22.315807,"city-wall,settlement"," - "
9.25.9,παρελθοῦσιν,http://pleiades.stoa.org/places/922698,30.5,51.5,unknown," - proxy|t - Persian War|m - erchomai|mx: erchomaisome of the army left behind by Xerxes"
9.25.10,Θηβαΐδα,http://pleiades.stoa.org/places/541138,38.318092,23.255096,"sanctuary,settlement"," - regional|t - Macedonian WarThêbais"
9.25.10,Θήβας,http://pleiades.stoa.org/places/541138,38.318092,23.255096,"sanctuary,settlement"," - "
9.25.10,ἱερὸν,http://pleiades.stoa.org/places/540844,38.318092,23.255096,"sanctuary,settlement"," - "
9.25.10,Μακεδονίας,http://pleiades.stoa.org/places/981531,42.5,22.5,province," - "
9.26.1,ἱερὸν,http://pleiades.stoa.org/places/540844,38.318092,23.255096,"sanctuary,settlement"," - "
9.26.1,Καβειρίου,http://pleiades.stoa.org/places/540844,38.318092,23.255096,"sanctuary,settlement"," - "
9.26.1,Ὀρχομενίους,http://pleiades.stoa.org/places/540987,38.495082,22.959486,settlement," - proxy|t - heroic age|m - aphikneomai|f - they sayarmy"
9.26.1,πεδίον,http://pleiades.stoa.org/places/541132,38.25,23.25,unknown," - physical|pedion|Paus|Q106880398|tt:383232LTeP|n - epōnymnos|TēnerosPlain of Teneros the seer"
9.26.2,Ἀνθηδόνι,http://pleiades.stoa.org/places/540639,38.498583,23.448834,settlement," - "
9.26.2,Κορίνθου,http://dare.ht.lu.se/places/17070,37.906045,22.878721,"sanctuary,settlement,fort"," - "
9.26.3,Δελφῶν,http://pleiades.stoa.org/places/540726,38.482289,22.501169,"sanctuary,settlement"," - "
9.26.5,"ἄγαλμα Ποσειδῶνος",http://arachne.dainst.org/entity/3586963,38.373269,23.150267,NULL," - "
9.26.5,ἐνταῦθα,http://pleiades.stoa.org/places/540984,38.364863,23.146959,"settlement,temple-2,architecturalcomplex"," - "
9.26.5,Ὀγχηστοῦ,http://pleiades.stoa.org/places/540984,38.364863,23.146959,"settlement,temple-2,architecturalcomplex"," - "
9.26.6,Ἀθηνῶν,http://pleiades.stoa.org/places/579885,37.971687,23.726464,settlement," - "
9.26.6,Ἑλικῶνα,http://pleiades.stoa.org/places/540808,38.35217,22.82514,mountain," - "
9.26.6,Θέσπια,http://pleiades.stoa.org/places/541141,38.293384,23.154521,settlement," - built|settlement|Paus|tr - oikizōThespia under Mt. Helikon"
9.26.6,Καβειρίου,http://pleiades.stoa.org/places/540844,38.318092,23.255096,"sanctuary,settlement"," - "
9.26.6,πόλει,http://pleiades.stoa.org/places/541141,38.293384,23.154521,settlement," - "
9.26.6,πόλιν,http://pleiades.stoa.org/places/541141,38.293384,23.154521,settlement," - "
9.26.7,ἄγαλμα,http://arachne.dainst.org/entity/3586964,38.303511,23.150446,NULL," - "
9.26.7,Θεσπιεῦσι,http://pleiades.stoa.org/places/541141,38.293384,23.154521,settlement," - "
9.26.7,πόλιν,http://pleiades.stoa.org/places/541141,38.293384,23.154521,settlement," - "
9.26.8,Ἀθηνᾶν,http://arachne.dainst.org/entity/3888243,38.303511,23.150446,NULL," - object|agalma|Paus|Athena|Q37122|agencyperson"
9.26.8,αὖθις,http://arachne.dainst.org/entity/3586966,38.303511,23.150446,NULL," - "
9.26.8,Διὶ,http://arachne.dainst.org/entity/3586964,38.303511,23.150446,NULL," - object|statue|Zeus|agency|Saôtêsperson"
9.26.8,"ἑτέρωθι δὲ",http://arachne.dainst.org/entity/3586967,38.303511,23.150446,NULL," - "
9.26.8,Πλοῦτόν,http://arachne.dainst.org/entity/3888244,38.303511,23.150446,NULL," - object|statue|Paus|Ploutos|agency|xm - histēmi|Q205251person"
9.26.8,"τὸ δὲ ἄγαλμα",http://arachne.dainst.org/entity/3586965,38.303511,23.150446,NULL," - "
9.27.1,"ἄγαλμα παλαιότατόν",http://arachne.dainst.org/entity/3586968,38.303511,23.150446,NULL," - object|agalma|Paus|Eros|mat - lithos|s - palaiosUnworked stone agalma of Eros in Thespiai"
9.27.1,ἀπῳκισμένοι,http://pleiades.stoa.org/places/511354,40.4259096,27.0670163,"settlement,port"," - "
9.27.1,Ἑλλησποντίων,http://pleiades.stoa.org/places/501434,40.2,26.4,water-open," - regional|l - orientationregional ethnic specifying Parion"
9.27.1,Ἐρυθρῶν,http://pleiades.stoa.org/places/550535,38.38122,26.48103,"settlement,port"," - "
9.27.1,Θεσπιεῖς,http://pleiades.stoa.org/places/541141,38.293384,23.154521,settlement," - "
9.27.1,Θεσπιεῦσι,http://pleiades.stoa.org/places/541141,38.293384,23.154521,settlement," - "
9.27.1,Ἰωνίας,http://pleiades.stoa.org/places/550597,38.258572855555556,27.36601213333333,region," - "
9.27.1,Παριανοί,http://pleiades.stoa.org/places/511354,40.4259096,27.0670163,"settlement,port"," - "
9.27.1,Ῥωμαίους,http://pleiades.stoa.org/places/423025,41.89262,12.4843457,"settlement,urban"," - "
9.27.1,τελοῦντες,http://pleiades.stoa.org/places/511354,40.4259096,27.0670163,"settlement,port"," - proxy|xm - teleō|xmx: teleō|t - present|t - eph ēmōnpay tax"
9.27.2,Ἕλλησιν,http://pleiades.stoa.org/places/1001896,37.5,22.5,province," - "
9.27.2,Λύκιος,http://pleiades.stoa.org/places/638965,36.513688333333334,29.129618500000003,region," - "
9.27.3,ἄγαλμα,http://arachne.dainst.org/entity/3586969,38.303511,23.150446,NULL," - object|agalma|Eros|t - Roman War|f - they say|s - protosthe bronze by Lysippos, not the stone statue by Praxitelēs?"
9.27.3,ἀνάσπαστον,http://arachne.dainst.org/entity/3586969,38.303511,23.150446,NULL," - object|statue|Eros|t - Roman War|agency|m - anaspastos|mx: anaspastosmade to move, used of peoples (Hdt. 5.12)"
9.27.3,Ἔρωτα,http://arachne.dainst.org/entity/3586969,38.303511,23.150446,NULL," - object|statue|Paus|Eros|b - Lysippos|mat - chalkos|agencyperson"
9.27.3,Θεσπιεῦσι,http://pleiades.stoa.org/places/541141,38.293384,23.154521,settlement," - "
9.27.3,Λεσβία,http://pleiades.stoa.org/places/550696,39.20874,26.10052,island," - "
9.27.3,λίθου,http://arachne.dainst.org/entity/3585984,38.303511,23.150446,NULL," - "
9.27.3,Πεντελῆσι,http://dare.ht.lu.se/places/41414,38.0814366,23.8827098,mountain," - "
9.27.3,Ῥώμῃ,http://pleiades.stoa.org/places/423025,41.89262,12.4843457,"settlement,urban"," - "
9.27.4,Ἀθηναῖος,http://pleiades.stoa.org/places/579885,37.971687,23.726464,settlement," - "
9.27.4,αὐτόθι,http://pleiades.stoa.org/places/423025,41.89262,12.4843457,"settlement,urban"," - "
9.27.4,ἔργον,http://arachne.dainst.org/entity/3585984,38.303511,23.150446,NULL," - "
9.27.4,Ἔρωτα,http://arachne.dainst.org/entity/3586970,38.303511,23.150446,NULL," - object|statue|Paus|Eros|b - Mēnodōros|t - eph ēmōn|t - present|agencyperson"
9.27.4,Θεσπιαῖς,http://dare.ht.lu.se/places/22837,38.293384,23.154521,settlement," - "
9.27.5,ἀγάλματα,http://arachne.dainst.org/entity/3652718,38.303511,23.150446,NULL," - object|agalma|Paus|Muses|mat - lithosSmall stone statues of the Muses in their temple at Thespiai"
9.27.5,Ἀφροδίτη,http://arachne.dainst.org/entity/3888245,38.303511,23.150446,NULL," - object|eikôn|Paus|Aphrodite|agency|b - Praxitelesperson"
9.27.5,εἰκών,http://arachne.dainst.org/entity/3888246,38.303511,23.150446,NULL," - "
9.27.5,ἐνταῦθα,http://pleiades.stoa.org/places/541141,38.293384,23.154521,settlement," - "
9.27.5,ἑτέρωθι,http://pleiades.stoa.org/places/541141,38.293384,23.154521,settlement," - built|lx: heterōthi|Pauselsewhere too"
9.27.5,Ἡσίοδος,http://arachne.dainst.org/entity/3586971,38.303511,23.150446,NULL," - object|statue|Paus|mat - chalkos|Q44233|agency|tr - anakeimaiperson"
9.27.5,θεός,http://arachne.dainst.org/entity/3888245,38.303511,23.150446,NULL," - object|eikôn|Paus|Aphrodite|agency|mat - lithosperson"
9.27.5,Νίκη,http://arachne.dainst.org/entity/3586972,38.303511,23.150446,NULL," - object|statue|Paus|Nike|mat - chalkosBronze statue of Nikê near agora of Thespiai"
9.27.5,Φρύνη,http://arachne.dainst.org/entity/3888246,38.303511,23.150446,NULL," - object|eikôn|Paus|Q232790|Phrynē|mat - lithos|agencyperson"
9.27.6,Θεσπιεῦσίν,http://pleiades.stoa.org/places/541141,38.293384,23.154521,settlement," - "
9.27.8,Βοιωτοὶ,http://pleiades.stoa.org/places/540689,38.34668803333333,23.184677533333332,region," - "
9.27.8,Ἐρυθραίους,http://pleiades.stoa.org/places/550535,38.38122,26.48103,"settlement,port"," - "
9.27.8,Ἰδαίῳ,http://pleiades.stoa.org/places/589816,35.2082103,24.8289925,"sanctuary,settlement,mountain,cave"," - "
9.27.8,"Ἰδαίων Δακτύλων",http://pleiades.stoa.org/places/589816,35.2082103,24.8289925,"sanctuary,settlement,mountain,cave"," - "
9.27.8,Ἰωνίᾳ,http://pleiades.stoa.org/places/550597,38.258572855555556,27.36601213333333,region," - "
9.27.8,Τυρίους,http://pleiades.stoa.org/places/678437,33.268071,35.209358,"circus,settlement"," - "
9.28.1,Ἑλικὼν,http://pleiades.stoa.org/places/540808,38.35217,22.82514,mountain," - "
9.28.1,Ἑλικῶνα,http://pleiades.stoa.org/places/540808,38.35217,22.82514,mountain," - "
9.28.1,Ἑλλάδι,http://pleiades.stoa.org/places/1001896,37.5,22.5,province," - "
9.28.1,ἐνταῦθα,http://pleiades.stoa.org/places/540808,38.35217,22.82514,mountain," - "
9.28.1,Λίβυι,http://pleiades.stoa.org/places/716588,31.5,26.5,region," - "
9.28.2,Φοινίκης,http://pleiades.stoa.org/places/678334,33.25,35.25,region," - "
9.28.2,Φοίνικος,http://pleiades.stoa.org/places/678334,33.25,35.25,region," - "
9.28.3,Ἀραβίᾳ,http://pleiades.stoa.org/places/981506,27.5,32.5,province," - "
9.28.3,"τῇ χώρᾳ τῇ Ἀράβων",http://pleiades.stoa.org/places/981506,27.5,32.5,province," - regional|chôra|analogic|t - presentLand of the Arabians"
9.28.4,Ἄραψιν,http://pleiades.stoa.org/places/981506,27.5,32.5,province," - "
9.29.1,Ἄσκρην,http://pleiades.stoa.org/places/540670,38.327032,23.074249,settlement," - "
9.29.1,Ἑλικῶνι,http://pleiades.stoa.org/places/540808,38.35217,22.82514,mountain," - "
9.29.1,Ἑλικῶνος,http://pleiades.stoa.org/places/540808,38.35217,22.82514,mountain," - "
9.29.2,Ἄσκρης,http://pleiades.stoa.org/places/540670,38.327032,23.074249,settlement," - "
9.29.2,Κορίνθιος,http://pleiades.stoa.org/places/570182,37.906045,22.878721,"sanctuary,settlement,fort"," - "
9.29.2,Ὀρχομενίους,http://pleiades.stoa.org/places/540987,38.495082,22.959486,settlement," - "
9.29.3,Θεσπιὰς,http://pleiades.stoa.org/places/541141,38.293384,23.154521,settlement," - "
9.29.3,Θρᾴκιον,http://pleiades.stoa.org/places/501638,40.288041,23.129408,unknown," - proxy|ethnic|t - palai|general statement|analogicThraikion ethnos"
9.29.3,Θρᾳκῶν,http://pleiades.stoa.org/places/1001889,42.5,27.5,province," - proxy|ethnic|t - heroic age|f - narratora Thracian"
9.29.3,Μακεδόνα,http://pleiades.stoa.org/places/981531,42.5,22.5,province," - "
9.29.3,Μακεδονικοῦ,http://pleiades.stoa.org/places/491656,41.25,21.75,unknown," - "
9.29.3,Μακεδόσιν,http://pleiades.stoa.org/places/981531,42.5,22.5,province," - "
9.29.4,Ἑλλήνων,http://pleiades.stoa.org/places/1001896,37.5,22.5,province," - "
9.29.4,Λυδούς,http://pleiades.stoa.org/places/550701,38.624771249999995,27.9632845,region," - "
9.29.4,Σμυρναίων,http://pleiades.stoa.org/places/550893,38.41905,27.1383,settlement," - "
9.29.5,ἄλσος,http://topostext.org/place/383231SMus,38.3208,23.0587,NULL," - "
9.29.5,"εἰκὼν Εὐφήμης",http://arachne.dainst.org/entity/3586973,38.351692,22.824183,NULL," - object|eikôn|Paus|tr - ergazomai|mat - lithos|EuphēmēEikôn of Euphêmê in stone on route to Grove of the Muses"
9.29.5,Ἑλικῶνα,http://pleiades.stoa.org/places/540808,38.35217,22.82514,mountain," - "
9.29.5,Ἑλικῶνι,http://pleiades.stoa.org/places/540808,38.35217,22.82514,mountain," - "
9.29.6,αὐτὴν,http://arachne.dainst.org/entity/3586973,38.351692,22.824183,NULL," - "
9.29.6,εἰκὼν,http://arachne.dainst.org/entity/3586973,38.351692,22.824183,NULL," - "
9.29.6,"Λίνος ἐστὶν ἐν πέτρᾳ μικρᾷ",http://arachne.dainst.org/entity/3586974,38.351692,22.824183,NULL," - object|petra|Paus|Linos|person|tr - ergazomaiCarved image of Linos on small rock near Grove of Muses, Helikôn"
9.29.6,τούτῳ,http://arachne.dainst.org/entity/3586974,38.351692,22.824183,NULL," - object|statue|person|t - present|s - ritualLinos"
9.29.7,Αἰγύπτιοι,http://pleiades.stoa.org/places/981503,19.211408766666665,30.567329633333333,region," - "
9.29.7,Αἰγυπτίοις,http://pleiades.stoa.org/places/981503,19.211408766666665,30.567329633333333,region," - "
9.29.7,Ἕλλησιν,http://pleiades.stoa.org/places/1001896,37.5,22.5,province," - "
9.29.8,Ἀθηναίοις,http://pleiades.stoa.org/places/579885,37.971687,23.726464,settlement," - "
9.29.8,Ἑλληνικὸν,http://pleiades.stoa.org/places/1001896,37.5,22.5,province," - regional|concept|r - Herodotus|t - Macedonian War|m - ptaiō|agencyto Hellēnikon"
9.29.8,Θηβαῖοι,http://pleiades.stoa.org/places/541138,38.318092,23.255096,"sanctuary,settlement"," - "
9.29.8,Λεσβία,http://pleiades.stoa.org/places/550696,39.20874,26.10052,island," - "
9.29.8,Μακεδονίαν,http://pleiades.stoa.org/places/981531,42.5,22.5,province," - "
9.29.8,ὀστᾶ,http://pleiades.stoa.org/places/541138,38.318092,23.255096,"sanctuary,settlement"," - proxy|osta|t - Macedonian Warbones of Linos in Thebes"
9.29.8,σφίσι,http://pleiades.stoa.org/places/541138,38.318092,23.255096,"sanctuary,settlement"," - "
9.29.8,Χαιρωνείᾳ,http://pleiades.stoa.org/places/540701,38.493361,22.840365,settlement," - "
9.29.9,Θηβαίων,http://pleiades.stoa.org/places/541138,38.318092,23.255096,"sanctuary,settlement"," - "
9.29.9,Θήβας,http://pleiades.stoa.org/places/541138,38.318092,23.255096,"sanctuary,settlement"," - "
9.29.9,ὀστᾶ,http://pleiades.stoa.org/places/981531,42.5,22.5,province," - proxy|osta|t - Macedonian Warbones of Linos (in Macedonia)"
9.30.1,ἄγαλμα,http://arachne.dainst.org/entity/3586976,38.351692,22.824183,NULL," - "
9.30.1,Ἀθήνῃσιν,http://pleiades.stoa.org/places/579885,37.971687,23.726464,settlement," - built|settlement|opsisAthens"
9.30.1,"Ἀπόλλων χαλκοῦς",http://arachne.dainst.org/entity/3888408,38.351692,22.824183,NULL," - object|statue|Paus|Apollo|mat - chalkos|agency|i - macheō|personBronze statue of Apollo and Hermes fighting, at Helikônian Muses"
9.30.1,Διόνυσος,http://arachne.dainst.org/entity/3586975,38.351692,22.824183,NULL," - "
9.30.1,Ἑλικῶνι,http://dare.ht.lu.se/places/41401,38.35217,22.82514,mountain," - "
9.30.1,Ἑλλήνων,http://pleiades.stoa.org/places/1001896,37.5,22.5,province," - "
9.30.1,Ἐρεχθέα,http://arachne.dainst.org/entity/3586977,37.97945,23.71622,NULL," - object|agalma|opsis|Erechtheus|DAI:3586977|worth seeing|b - MyrōnStatue of Erechtheus by Myron in Athens"
9.30.1,Ἑρμῆς,http://arachne.dainst.org/entity/3888408,38.351692,22.824183,NULL," - "
9.30.1,"ἕτερα τοσαῦτα",http://arachne.dainst.org/entity/3652720,38.351692,22.824183,NULL," - object|agalma|Paus|Muses|b - Strongyliōnthree statues of the Muses by Strogguliôn at Helikônian Muses"
9.30.1,"Μούσαις δὲ ἀγάλματα",http://arachne.dainst.org/entity/3652719,38.351692,22.824183,NULL," - object|agalma|Paus|Muses|b - KēphisodotosStatues of the Muses at the grove of the Helikônian Muses, by Kêphisodotos"
9.30.1,Ὀρχομενίους,http://pleiades.stoa.org/places/540987,38.495082,22.959486,settlement," - proxy|ethnic|t - Roman War|epithetMinyan"
9.30.1,"τρεῖς μέν",http://arachne.dainst.org/entity/3652720,38.351692,22.824183,NULL," - object|agalma|Paus|Muses|b - KēphisodotosThree statues of the Muses by Kêphisodotos at Helikônian Muses"
9.30.1,"ὑπολοίπους τρεῖς",http://arachne.dainst.org/entity/3652720,38.351692,22.824183,NULL," - object|agalma|Paus|Muses|b - OlympiosthenēsThree statues of the Muses by Olumpiosthenês at Helikônian Muses"
9.30.2,ἀνδριάντα,http://arachne.dainst.org/entity/3586980,38.351692,22.824183,NULL," - "
9.30.2,ἀνέθεσαν,http://pleiades.stoa.org/places/540689,38.34668803333333,23.184677533333332,region," - "
9.30.2,Ἀργείου,http://pleiades.stoa.org/places/570106,37.631561,22.719464,settlement," - "
9.30.2,Ἀρίων,http://arachne.dainst.org/entity/3586979,38.351692,22.824183,NULL," - "
9.30.2,Θάμυριν,http://arachne.dainst.org/entity/3586978,38.351692,22.824183,NULL," - "
9.30.2,Μηθυμναῖός,http://pleiades.stoa.org/places/550738,39.05495,26.489422,"settlement,aqueduct"," - "
9.30.3,Ἡσίοδος,http://arachne.dainst.org/entity/3586981,38.351692,22.824183,NULL," - "
9.30.4,αὐτὸν,http://arachne.dainst.org/entity/3888248,38.351692,22.824183,NULL," - "
9.30.4,Ἕλληνες,http://pleiades.stoa.org/places/1001896,37.5,22.5,province," - historical|Hellenes|proxyHellênes"
9.30.4,θηρία,http://arachne.dainst.org/entity/3888410,38.351692,22.824183,NULL," - "
9.30.4,Θρᾳκὶ,http://pleiades.stoa.org/places/981552,42.5,22.5,province," - "
9.30.4,Ὀρφεῖ,http://arachne.dainst.org/entity/3888247,38.351692,22.824183,NULL," - "
9.30.4,Τελετή,http://arachne.dainst.org/entity/3888248,38.351692,22.824183,NULL," - "
9.30.5,ἄνδρας,http://pleiades.stoa.org/places/981552,42.5,22.5,province," - "
9.30.5,ἀνδράσιν,http://pleiades.stoa.org/places/981552,42.5,22.5,province," - "
9.30.5,ἐξεργάζονται,http://pleiades.stoa.org/places/981552,42.5,22.5,province," - "
9.30.5,Θρᾳκῶν,http://pleiades.stoa.org/places/981552,42.5,22.5,province," - "
9.30.6,Θεσπρωτίδι,http://pleiades.stoa.org/places/531117,39.75,20.25,people," - regional|t - heroic age|f - they sayThesprôtis"
9.30.6,Θρᾷκες,http://pleiades.stoa.org/places/981552,42.5,22.5,province," - "
9.30.6,νεκυομαντεῖον,http://pleiades.stoa.org/places/531011,39.23622,20.53396,"temple,temple-2"," - built|oracle|t - heroic age|f - they sayoracle of the dead arbitrarily sited at Hellenistic fortified post"
9.30.7,Δῖον,http://dare.ht.lu.se/places/21904,40.177012,22.491299,"theatre,sanctuary,settlement"," - "
9.30.7,Δίου,http://pleiades.stoa.org/places/491572,40.177012,22.491299,"theatre,sanctuary,settlement"," - "
9.30.7,ἐνταῦθα,http://pleiades.stoa.org/places/491696,40.13002811595563,22.424792491340284,"region,people"," - "
9.30.7,Μακεδόνων,http://pleiades.stoa.org/places/981531,42.5,22.5,province," - "
9.30.7,ὄρος,http://pleiades.stoa.org/places/491696,40.13002811595563,22.424792491340284,"region,people"," - "
9.30.7,Πιερίαν,http://pleiades.stoa.org/places/491696,40.13002811595563,22.424792491340284,"region,people"," - "
9.30.8,Βαφύρας,http://topostext.org/place/402225WBap,40.1663,22.4992,NULL," - physical|potamoslower stretch of Helikon river in Pieria"
9.30.8,γῇ,http://pleiades.stoa.org/places/491696,40.13002811595563,22.424792491340284,"region,people"," - "
9.30.8,Διασταὶ,http://pleiades.stoa.org/places/491572,40.177012,22.491299,"theatre,sanctuary,settlement"," - "
9.30.8,κάτεισιν,http://topostext.org/place/402225WBap,40.1663,22.4992,NULL," - "
9.30.8,ποταμὸν,http://topostext.org/place/402225WBap,40.1663,22.4992,NULL," - "
9.30.8,ὕδωρ,http://topostext.org/place/402225WBap,40.1663,22.4992,NULL," - "
9.30.9,Θρᾴκης,http://pleiades.stoa.org/places/501638,40.288041,23.129408,unknown," - "
9.30.9,Λαρίσῃ,http://pleiades.stoa.org/places/540905,39.64147,22.41474,settlement," - "
9.30.9,Λίβηθρα,http://pleiades.stoa.org/places/491650,40.02458,22.53438,settlement," - "
9.30.9,Λιβηθρίοις,http://pleiades.stoa.org/places/491650,40.02458,22.53438,settlement," - "
9.30.9,Μακεδονίας,http://pleiades.stoa.org/places/981531,42.5,22.5,province," - "
9.30.9,Ὀλύμπῳ,http://pleiades.stoa.org/places/491677,40.0862269,22.3584897,"mountain,settlement"," - "
9.30.9,ὄρος,http://pleiades.stoa.org/places/491696,40.13002811595563,22.424792491340284,"region,people"," - physical|oros|agency|m - trepōMountain of Pieria above Dion"
9.30.9,πόλεως,http://pleiades.stoa.org/places/491650,40.02458,22.53438,settlement," - "
9.30.11,Δίῳ,http://pleiades.stoa.org/places/491572,40.177012,22.491299,"theatre,sanctuary,settlement"," - "
9.30.11,ἱερὰ,http://pleiades.stoa.org/places/491650,40.02458,22.53438,settlement," - "
9.30.11,Λαρισαίου,http://pleiades.stoa.org/places/540905,39.64147,22.41474,settlement," - "
9.30.11,Λιβηθρίοις,http://pleiades.stoa.org/places/491650,40.02458,22.53438,settlement," - "
9.30.11,Λιβηθρίων,http://pleiades.stoa.org/places/491650,40.02458,22.53438,settlement," - "
9.30.11,Μακεδόνες,http://pleiades.stoa.org/places/981531,42.5,22.5,province," - "
9.30.11,οἴκους,http://pleiades.stoa.org/places/491650,40.02458,22.53438,settlement," - "
9.30.11,Ὄλυμπον,http://pleiades.stoa.org/places/491677,40.0862269,22.3584897,"mountain,settlement"," - "
9.30.11,πόλει,http://pleiades.stoa.org/places/491650,40.02458,22.53438,settlement," - "
9.30.11,Σῦς,http://pleiades.stoa.org/places/491735,40.25,22.75,river," - "
9.30.12,Λυκομίδαι,http://pleiades.stoa.org/places/579885,37.971687,23.726464,settlement," - proxy|Q31789671|tr - aeidō|t - present|s - ritualpriestly family"
9.31.1,εἰκών,http://arachne.dainst.org/entity/3586982,38.351692,22.824183,NULL," - "
9.31.1,Ἑλικῶνι,http://pleiades.stoa.org/places/540808,38.35217,22.82514,mountain," - "
9.31.1,στρουθὸς,http://arachne.dainst.org/entity/3586982,38.351692,22.824183,NULL," - object|eikôn|Paus|Arsinoē|agency|m - ferō|mat - chalkos|personostrich carrying Arsinoē"
9.31.2,ἄγαλμα,http://arachne.dainst.org/entity/3586985,38.351692,22.824183,NULL," - "
9.31.2,"βοῦς τε παρʼ αὐτὸν",http://arachne.dainst.org/entity/3586984,38.351692,22.824183,NULL," - object|statue|Paus|personOx statue at Helikonian Muses sanctuary"
9.31.2,ἔλαφος,http://arachne.dainst.org/entity/3586983,38.351692,22.824183,NULL," - object|statue|Paus|agency|i - didōmi|persondeer"
9.31.2,ἐνταῦθα,http://pleiades.stoa.org/places/540808,38.35217,22.82514,mountain," - "
9.31.2,Λαμψακηνοὶ,http://pleiades.stoa.org/places/501570,40.34869,26.68998,settlement," - "
9.31.3,ἄλσος,http://topostext.org/place/383231SMus,38.3208,23.0587,NULL," - built|alsos|t - presentGrove of the Helikônian Muses"
9.31.3,ἄλσους,http://topostext.org/place/383231SMus,38.3208,23.0587,NULL," - "
9.31.3,γῆς,http://topostext.org/place/383230WHip,38.319,23.031,NULL," - "
9.31.3,Ἑλικῶνι,http://pleiades.stoa.org/places/540808,38.35217,22.82514,mountain," - "
9.31.3,ἐνταῦθα,http://topostext.org/place/383231SMus,38.3208,23.0587,NULL," - "
9.31.3,Εὐρίπῳ,http://pleiades.stoa.org/places/540783,38.46276,23.58944,"bridge,settlement,water-open"," - "
9.31.3,Θεσπιεῖς,http://pleiades.stoa.org/places/541141,38.293384,23.154521,settlement," - "
9.31.3,"Ἵππου καλουμένη κρήνη",http://topostext.org/place/383230WHip,38.319,23.031,NULL," - built|krênê|Paus|n - kaleōHippou Krênê spring on Helikôn"
9.31.3,Χαλκίδι,http://pleiades.stoa.org/places/540703,38.464,23.602,settlement," - "
9.31.4,ἀφαιροῦσι,http://pleiades.stoa.org/places/540689,38.34668803333333,23.184677533333332,region," - "
9.31.4,Βοιωτῶν,http://pleiades.stoa.org/places/540689,38.34668803333333,23.184677533333332,region," - "
9.31.4,Ἑλικῶνα,http://pleiades.stoa.org/places/540808,38.35217,22.82514,mountain," - "
9.31.5,Ἀκαρνάνων,http://pleiades.stoa.org/places/530767,38.672287499999996,21.317874500000002,region," - "
9.31.5,οὗτοι,http://pleiades.stoa.org/places/540689,38.34668803333333,23.184677533333332,region," - "
9.31.6,αὐτόθι,http://pleiades.stoa.org/places/540948,38.41224,22.315807,"city-wall,settlement"," - "
9.31.6,Μολυκρίαν,http://pleiades.stoa.org/places/540948,38.41224,22.315807,"city-wall,settlement"," - built|settlement|t - heroic age|f - all sayMolukria"
9.31.6,Μολυκρίδι,http://pleiades.stoa.org/places/540948,38.41224,22.315807,"city-wall,settlement"," - built|settlement|t - heroic age|f - all sayMolukris?"
9.31.6,Ναυπάκτου,http://pleiades.stoa.org/places/540960,38.41224,22.315807,"city-wall,settlement"," - "
9.31.7,Δονακών,http://pleiades.stoa.org/places/540738,38.272393,23.101469,settlement," - built|settlement|n - onomazōDonakôn in the gê of the Thespians"
9.31.7,Ἑλικῶνος,http://pleiades.stoa.org/places/540808,38.35217,22.82514,mountain," - "
9.31.7,ἐνταῦθά,http://pleiades.stoa.org/places/540738,38.272393,23.101469,settlement," - "
9.31.7,Θεσπιέων,http://pleiades.stoa.org/places/541141,38.293384,23.154521,settlement," - "
9.31.9,Θεσπιεὺς,http://pleiades.stoa.org/places/541141,38.293384,23.154521,settlement," - "
9.32.1,ἄγαλμα,http://arachne.dainst.org/entity/3586986,38.207761,23.109682,NULL," - "
9.32.1,Θεσπιέων,http://pleiades.stoa.org/places/541141,38.293384,23.154521,settlement," - "
9.32.1,Κρεύσιδι,http://pleiades.stoa.org/places/540888,38.20809,23.110281,settlement," - built|epineion|PausKreusis, naval station of Thespiai"
9.32.1,Κρεῦσίν,http://pleiades.stoa.org/places/540888,38.20809,23.110281,settlement," - "
9.32.1,Πελοποννήσου,http://pleiades.stoa.org/places/570577,37.25289777692308,22.312752688461543,"peninsula,region"," - "
9.32.2,"ἄγαλμα ὀρθὸν",http://arachne.dainst.org/entity/3586987,38.257797,22.969429,NULL," - object|agalma|Paus|Herakles|mat - lithosStatue of Herakles, standing, stone, at hieron in Thisbe"
9.32.2,Βοιωτίαν,http://pleiades.stoa.org/places/540689,38.34668803333333,23.184677533333332,region," - "
9.32.2,ἐνταῦθά,http://pleiades.stoa.org/places/541146,38.259722,22.96835,"church,settlement"," - "
9.32.2,Θίσβη,http://pleiades.stoa.org/places/541146,38.259722,22.96835,"church,settlement"," - built|settlement|Paus|l - en dexiaThisbê"
9.32.2,Κρεύσιδος,http://pleiades.stoa.org/places/540888,38.20809,23.110281,settlement," - "
9.32.2,πόλις,http://pleiades.stoa.org/places/541146,38.259722,22.96835,"church,settlement"," - "
9.32.3,πόλις,http://pleiades.stoa.org/places/541146,38.259722,22.96835,"church,settlement"," - built|polis|agency|xm - echō|n - onomaThisbê"
9.32.4,Βοιωτῶν,http://pleiades.stoa.org/places/540689,38.34668803333333,23.184677533333332,region," - "
9.32.4,Κόλχων,http://pleiades.stoa.org/places/863770,42.5,42.5,region," - "
9.32.4,οὗτοι,http://pleiades.stoa.org/places/541102,38.189977,23.052885,settlement," - "
9.32.4,πόλεως,http://pleiades.stoa.org/places/541102,38.189977,23.052885,settlement," - "
9.32.4,Τίφα,http://pleiades.stoa.org/places/541102,38.189977,23.052885,settlement," - built|polisma|PausTipha on the sea"
9.32.4,Τιφαιεῦσίν,http://pleiades.stoa.org/places/541102,38.189977,23.052885,settlement," - "
9.32.5,Ἀθηνῶν,http://pleiades.stoa.org/places/579885,37.971687,23.726464,settlement," - proxy|ethnic|m - erchomaiarmy"
9.32.5,Ἁλιαρτίοις,http://pleiades.stoa.org/places/540801,38.379818,23.088416,settlement," - "
9.32.5,Ἁλίαρτος,http://pleiades.stoa.org/places/540801,38.379818,23.088416,settlement," - "
9.32.5,Ἁλιάρτου,http://pleiades.stoa.org/places/540801,38.379818,23.088416,settlement," - "
9.32.5,Ἁλιάρτῳ,http://dare.ht.lu.se/places/22834,38.379818,23.088416,settlement," - "
9.32.5,Ἁλιάρτῳ,http://pleiades.stoa.org/places/540801,38.379818,23.088416,settlement," - "
9.32.5,Ἑλλήνων,http://pleiades.stoa.org/places/1001896,37.5,22.5,province," - "
9.32.5,Θεσπίας,http://pleiades.stoa.org/places/541141,38.293384,23.154521,settlement," - "
9.32.5,Θηβῶν,http://pleiades.stoa.org/places/541138,38.318092,23.255096,"sanctuary,settlement"," - proxy|ethnic|t - post-Peloponnesian War|m - erchomaiarmy"
9.32.5,Κορωνείας,http://pleiades.stoa.org/places/540717,38.392613,22.956902,settlement," - "
9.32.5,Λακεδαιμονίου,http://pleiades.stoa.org/places/570406,37.07624042080912,22.46082645177671,region," - "
9.32.5,Ὀρχομενίους,http://pleiades.stoa.org/places/540987,38.495082,22.959486,settlement," - "
9.32.5,πόλιν,http://pleiades.stoa.org/places/540801,38.379818,23.088416,settlement," - "
9.32.5,τεῖχος,http://pleiades.stoa.org/places/540801,38.379818,23.088416,settlement," - "
9.32.6,"Κολοφωνίων ἄστεως",http://pleiades.stoa.org/places/599578,37.99162,27.1973,"settlement,port"," - built|astu|t - Peloponnesian Warcitadel of the Kolophônians"
9.32.6,Λακεδαιμονίοις,http://pleiades.stoa.org/places/570406,37.07624042080912,22.46082645177671,region," - "
9.32.6,ναυτικοῦ,http://pleiades.stoa.org/places/579885,37.971687,23.726464,settlement," - proxy|t - Peloponnesian Warnavy"
9.32.6,Πελοποννησίων,http://pleiades.stoa.org/places/570577,37.25289777692308,22.312752688461543,"peninsula,region"," - proxy|t - Peloponnesian Warnavy"
9.32.7,Ἀθηναίων,http://pleiades.stoa.org/places/579885,37.971687,23.726464,settlement," - proxy|xm - hormeōnavy"
9.32.7,"Αἰγὸς ποταμοῖς",http://pleiades.stoa.org/places/501336,40.35074,26.61011,settlement," - "
9.32.7,ἐσκεδασμένους,http://pleiades.stoa.org/places/579885,37.971687,23.726464,settlement," - "
9.32.7,Σπάρτης,http://pleiades.stoa.org/places/570685,37.08149,22.42454,"theatre,temple,settlement,temple-2"," - "
9.32.8,Ἀθηναίοις,http://pleiades.stoa.org/places/579885,37.971687,23.726464,settlement," - "
9.32.8,Ἀθηναίων,http://pleiades.stoa.org/places/579885,37.971687,23.726464,settlement," - "
9.32.8,"οὗ δὴ καὶ εἰκόνα",http://topostext.org/binder/JB0725,37.9709,23.7307,NULL," - object|eikôn|opsisPortrait of Autolukos the pankratiast at Athens"
9.32.8,πρυτανείῳ,http://pleiades.stoa.org/places/720198157,37.975,23.7225,architecturalcomplex," - built|prutaneion|opsissPrytaneion of Athens"
9.32.8,Σπαρτιάτης,http://pleiades.stoa.org/places/570685,37.08149,22.42454,"theatre,temple,settlement,temple-2"," - "
9.32.9,Ἀθηναῖον,http://pleiades.stoa.org/places/579885,37.971687,23.726464,settlement," - "
9.32.9,Ἀθηναίων,http://pleiades.stoa.org/places/579885,37.971687,23.726464,settlement," - "
9.32.9,"Αἰγὸς ποταμοῖς",http://pleiades.stoa.org/places/501336,40.35074,26.61011,settlement," - "
9.32.9,Θερμοπύλαις,http://pleiades.stoa.org/places/541140,38.796511,22.538294,"shrine,pass,fort"," - "
9.32.9,Λακεδαιμονίοις,http://pleiades.stoa.org/places/570406,37.07624042080912,22.46082645177671,region," - "
9.32.9,Λακεδαιμονίων,http://pleiades.stoa.org/places/570406,37.07624042080912,22.46082645177671,region," - "
9.32.9,Λάκωσιν,http://pleiades.stoa.org/places/570406,37.07624042080912,22.46082645177671,region," - "
9.32.9,Μαραθῶνα,http://pleiades.stoa.org/places/580021,38.1465515,23.970146,settlement," - "
9.32.9,Μήδων,http://pleiades.stoa.org/places/922698,30.5,51.5,unknown," - "
9.32.10,Λακεδαιμονίοις,http://pleiades.stoa.org/places/570406,37.07624042080912,22.46082645177671,region," - "
9.32.10,Λακεδαιμονίων,http://pleiades.stoa.org/places/570406,37.07624042080912,22.46082645177671,region," - "
9.32.10,νόμῳ,http://pleiades.stoa.org/places/922698,30.5,51.5,unknown," - proxynomos"
9.32.10,Πέρσαις,http://pleiades.stoa.org/places/922698,30.5,51.5,unknown," - "
9.32.10,Σπάρτῃ,http://pleiades.stoa.org/places/570685,37.08149,22.42454,"theatre,temple,settlement,temple-2"," - "
9.33.1,Ἁλιάρτου,http://pleiades.stoa.org/places/540801,38.379818,23.088416,settlement," - "
9.33.1,Ἁλιάρτῳ,http://pleiades.stoa.org/places/540801,38.379818,23.088416,settlement," - "
9.33.1,Ἀργείους,http://pleiades.stoa.org/places/570106,37.631561,22.719464,settlement," - "
9.33.1,Δελφοὺς,http://pleiades.stoa.org/places/540726,38.482289,22.501169,"sanctuary,settlement"," - "
9.33.1,Ἑλλήνων,http://pleiades.stoa.org/places/1001896,37.5,22.5,province," - "
9.33.1,Θήβας,http://pleiades.stoa.org/places/541138,38.318092,23.255096,"sanctuary,settlement"," - "
9.33.1,"ὄρος τὸ Τιλφούσιον",http://pleiades.stoa.org/places/541148,38.371064,22.994538,fort," - physical|oros|Paus|agency|xm - echōTilphousion mountain"
9.33.2,Ἀργείων,http://pleiades.stoa.org/places/570106,37.631561,22.719464,settlement," - "
9.33.2,αὐτόθι,http://pleiades.stoa.org/places/599577,38.115556,27.142222,settlement," - "
9.33.2,Ἰωνίαν,http://pleiades.stoa.org/places/550597,38.258572855555556,27.36601213333333,region," - "
9.33.2,Ἰωνίας,http://pleiades.stoa.org/places/550597,38.258572855555556,27.36601213333333,region," - "
9.33.2,Κολοφωνίαν,http://pleiades.stoa.org/places/599577,38.115556,27.142222,settlement," - built|settlement|t - heroic age|f - they sayKolophônia"
9.33.2,Κρητί,http://pleiades.stoa.org/places/589748,35.21984439173344,24.995769971494504,island," - "
9.33.3,Ἁλιαρτίοις,http://pleiades.stoa.org/places/540801,38.379818,23.088416,settlement," - "
9.33.3,Ἁλιάρτῳ,http://pleiades.stoa.org/places/540801,38.379818,23.088416,settlement," - "
9.33.3,"ὄρει τῷ Τιλφουσίῳ",http://pleiades.stoa.org/places/541148,38.371064,22.994538,fort," - physical|oros|PausTilphousion mountain near Haliartos"
9.33.4,Ἁλιαρτίᾳ,http://pleiades.stoa.org/places/540801,38.379818,23.088416,settlement," - regional|gê|PausHaliartia territory of Haliartos"
9.33.4,Ἁλίαρτον,http://pleiades.stoa.org/places/540801,38.379818,23.088416,settlement," - "
9.33.4,Δελφοὺς,http://pleiades.stoa.org/places/540726,38.482289,22.501169,"sanctuary,settlement"," - "
9.33.5,"ἄγαλμα ἀρχαῖον ἐλέφαντος",http://arachne.dainst.org/entity/3586988,38.392521,23.018698,NULL," - object|agalma|Paus|tr - poieō|agency|mat - elephas|s - archaios|AthenaAncient ivory statue of Athena taken from temple near Alalkomenai"
9.33.5,Ἀλαλκομεναὶ,http://pleiades.stoa.org/places/540619,38.385259,23.00169,settlement," - "
9.33.5,κώμης,http://pleiades.stoa.org/places/540619,38.385259,23.00169,settlement," - "
9.33.6,Ἀθηναίους,http://pleiades.stoa.org/places/579885,37.971687,23.726464,settlement," - "
9.33.6,"Ἀθηνᾶς τὸ ἄγαλμα",http://arachne.dainst.org/entity/3586988,38.392521,23.018698,NULL," - object|agalma|Athena|t - Roman Warancient ivory statue of Athena at Alalkomenai temple"
9.33.6,Ἀλαλκομεναῖς,http://pleiades.stoa.org/places/540619,38.385259,23.00169,settlement," - "
9.33.6,Ἑλληνίδας,http://pleiades.stoa.org/places/1001896,37.5,22.5,province," - proxy|polisGreek cities"
9.33.6,Ἑλλήνων,http://pleiades.stoa.org/places/1001896,37.5,22.5,province," - "
9.33.6,θεοῦ,http://arachne.dainst.org/entity/3586988,38.392521,23.018698,NULL," - "
9.33.6,Θηβαίους,http://pleiades.stoa.org/places/541138,38.318092,23.255096,"sanctuary,settlement"," - "
9.33.6,Ὀρχομενίους,http://pleiades.stoa.org/places/540987,38.495082,22.959486,settlement," - "
9.33.6,Ῥωμαίων,http://pleiades.stoa.org/places/423025,41.89262,12.4843457,"settlement,urban"," - "
9.33.7,Λιβύῃ,http://pleiades.stoa.org/places/716588,31.5,26.5,region," - "
9.33.7,Λιβύων,http://pleiades.stoa.org/places/716588,31.5,26.5,region," - "
9.33.7,"Τριτωνίδος λίμνης",http://pleiades.stoa.org/places/364025,30.0948151,18.8746442,lake," - "
9.34.1,ἀγάλματα,http://arachne.dainst.org/entity/3652721,38.391204,22.957112,NULL," - "
9.34.1,Ἀθηνᾶς,http://arachne.dainst.org/entity/3586989,38.391204,22.957112,NULL," - "
9.34.1,Ἀλαλκομενῶν,http://pleiades.stoa.org/places/540619,38.385259,23.00169,settlement," - "
9.34.1,ἀνέθεσαν,http://pleiades.stoa.org/places/540689,38.34668803333333,23.184677533333332,region," - "
9.34.1,Βοιωτοὶ,http://pleiades.stoa.org/places/540689,38.34668803333333,23.184677533333332,region," - "
9.34.1,Διός,http://arachne.dainst.org/entity/3586990,38.391204,22.957112,NULL," - "
9.34.1,ἐνταῦθα,http://pleiades.stoa.org/places/540678,38.388908,23.004784,sanctuary," - "
9.34.1,"Ἰτωνίας Ἀθηνᾶς ἐστι τὸ ἱερόν",http://pleiades.stoa.org/places/540678,38.388908,23.004784,sanctuary," - built|hieron|Paus|Athena|n - kaleōHieron of Itonian Athena"
9.34.1,Κορώνειαν,http://pleiades.stoa.org/places/540717,38.392613,22.956902,settlement," - "
9.34.2,Βοιωτῶν,http://pleiades.stoa.org/places/540689,38.34668803333333,23.184677533333332,region," - proxy|phōnēphōnē (dialect)"
9.34.2,τέμενος,http://pleiades.stoa.org/places/540678,38.388908,23.004784,sanctuary," - "
9.34.3,"ἄγαλμα ἀρχαῖον",http://arachne.dainst.org/entity/3586991,38.391204,22.957112,NULL," - object|agalma|Paus|Hera|s - archaios|b - Pythodōros|agency|m - ferōAncient statue of Hera by Pythodôros in hieron at Korôneia"
9.34.3,Θηβαίου,http://pleiades.stoa.org/places/541138,38.318092,23.255096,"sanctuary,settlement"," - "
9.34.3,Κορώνεια,http://pleiades.stoa.org/places/540717,38.392613,22.956902,settlement," - "
9.34.4,Κορωνείας,http://pleiades.stoa.org/places/540717,38.392613,22.956902,settlement," - "
9.34.4,Λιβηθρίων,http://pleiades.stoa.org/places/491650,40.02458,22.53438,settlement," - "
9.34.5,ἄγαλμά,http://arachne.dainst.org/entity/3586992,38.391204,22.957112,NULL," - "
9.34.5,Βοιωτοὶ,http://pleiades.stoa.org/places/540689,38.34668803333333,23.184677533333332,region," - "
9.34.5,ἐνταῦθα,http://topostext.org/place/384229SHer,38.3799,22.9141,NULL," - "
9.34.5,"Ἡρακλῆς Χάροψ",http://arachne.dainst.org/entity/3586993,38.391204,22.957112,NULL," - "
9.34.5,"Ἰτωνίας Ἀθηνᾶς τὸ ἱερὸν",http://pleiades.stoa.org/places/540678,38.388908,23.004784,sanctuary," - built|hieron|Paus|Athenahieron of Itonian Athena"
9.34.5,"Κηφισίδα ἐκδιδοὺς λίμνην",http://pleiades.stoa.org/places/540715,38.447092,23.068726,lake," - physical|limnê|PausKêfisis lake = Kopaic"
9.34.5,Κορωνείας,http://pleiades.stoa.org/places/540717,38.392613,22.956902,settlement," - "
9.34.6,αὕτη,http://pleiades.stoa.org/places/540987,38.495082,22.959486,settlement," - "
9.34.6,Δῆλον,http://pleiades.stoa.org/places/599587,37.397274,25.268194,"architecturalcomplex,sanctuary,monument,island,settlement,plaza"," - "
9.34.6,Ἕλλησιν,http://pleiades.stoa.org/places/1001896,37.5,22.5,province," - "
9.34.6,ἐνταῦθα,http://pleiades.stoa.org/places/540987,38.495082,22.959486,settlement," - "
9.34.6,Μυκήνας,http://pleiades.stoa.org/places/570491,37.730833,22.756111,"settlement,tomb"," - "
9.34.6,Ὀρχομενός,http://pleiades.stoa.org/places/540987,38.495082,22.959486,settlement," - "
9.34.6,Πηνειοῦ,http://pleiades.stoa.org/places/570579,37.75,21.25,river," - physical|potamos|t - heroic age|f - they say|personPeneios river, father of Andreus"
9.34.6,προαχθεῖσαν,http://pleiades.stoa.org/places/540987,38.495082,22.959486,settlement," - "
9.34.7,Ἁλιαρτίαν,http://pleiades.stoa.org/places/540801,38.379818,23.088416,settlement," - regional|chôra|t - heroic age|t - nunterritory of Haliartos"
9.34.7,Κορώνειαν,http://pleiades.stoa.org/places/540717,38.392613,22.956902,settlement," - regional|chôra|t - heroic age|t - nunterritory around Koroneia"
9.34.8,Ἁλιάρτου,http://pleiades.stoa.org/places/540801,38.379818,23.088416,settlement," - "
9.34.8,Κόλχων,http://pleiades.stoa.org/places/863770,42.5,42.5,region," - "
9.34.8,Κορωνείας,http://pleiades.stoa.org/places/540717,38.392613,22.956902,settlement," - "
9.34.9,Κηφισοῦ,http://topostext.org/place/388228WKep,38.496,22.91,NULL," - physical|potamos|t - heroic age|person|f - phēmēriver (god) Kephisos, father of Eteoklēs"
9.34.10,Ἄλμωνες,http://pleiades.stoa.org/places/540980,38.476052,23.105792,settlement," - built|kōmē|n - kaleō|t - heroic age|t - toteAlmônes renamed Olmônes"
9.34.10,Ὄλμωνας,http://pleiades.stoa.org/places/540980,38.476052,23.105792,settlement," - "
9.35.1,Βοιωτοὶ,http://pleiades.stoa.org/places/540689,38.34668803333333,23.184677533333332,region," - "
9.35.1,Λακεδαιμόνιοί,http://pleiades.stoa.org/places/570406,37.07624042080912,22.46082645177671,region," - "
9.35.2,Ἀθηναῖοι,http://pleiades.stoa.org/places/579885,37.971687,23.726464,settlement," - "
9.35.2,Ἀθηναίοις,http://pleiades.stoa.org/places/579885,37.971687,23.726464,settlement," - "
9.35.3,ἄγουσιν,http://pleiades.stoa.org/places/579885,37.971687,23.726464,settlement," - "
9.35.3,Ἀθήνῃσι,http://pleiades.stoa.org/places/579885,37.971687,23.726464,settlement," - built|settlement|analogicAthens"
9.35.3,ἀκρόπολιν,http://pleiades.stoa.org/places/638356144,37.971421,23.726166,"acropolis,architecturalcomplex"," - built|acropolis|analogicAcropolis of Athens"
9.35.3,Ἀπόλλωνα,http://arachne.dainst.org/entity/3586251,37.398,25.267,NULL," - object|statue|analogic|Apollo|Q37340|b - Angeliōn|b - TektaiosStatue of Apollo with three Graces by the Delians"
9.35.3,Δηλίοις,http://pleiades.stoa.org/places/599587,37.397274,25.268194,"architecturalcomplex,sanctuary,monument,island,settlement,plaza"," - "
9.35.3,Ὀρχομενίου,http://pleiades.stoa.org/places/540987,38.495082,22.959486,settlement," - "
9.35.3,Χάριτές,http://topostext.org/binder/JB0809,37.97176,23.72522,NULL," - object|statue|Charites|analogic|personThree Graces statue before entrance to Acropolis of Athens"
9.35.6,ἀγαλμάτων,http://arachne.dainst.org/entity/3586075,38.41273,27.13838,NULL," - object|agalma|Nemesis|t - pre-Persian War|mat - chrysosAgalmata in hieron of the Nemeses in Smyrna"
9.35.6,αὗται,http://arachne.dainst.org/entity/3586995,39.132126,27.183953,NULL," - object|graphê|Charites|analogic|b - Boupalos|t - pre-Persian War|personPainting of the Graces in thalamos of Attalos at Pergamon, by Boupalos"
9.35.6,Περγαμηνοῖς,http://pleiades.stoa.org/places/550812,39.1325,27.184167,"theatre,sanctuary,settlement,temple-2"," - "
9.35.6,Σμυρναίοις,http://pleiades.stoa.org/places/550893,38.41905,27.1383,settlement," - "
9.35.6,σφισιν,http://pleiades.stoa.org/places/550893,38.41905,27.1383,settlement," - "
9.35.6,"Χάριτός ἐστιν εἰκών",http://arachne.dainst.org/entity/3586994,38.41273,27.13838,NULL," - object|eikôn|Charites|analogic|t - pre-Persian War|b - ApellosImage of Charis in Odeion of Smyrna, painting by Apelles"
9.35.7,ἀγάλματα,http://arachne.dainst.org/entity/3652659,37.97945,23.71622,NULL," - "
9.35.7,Ἀθηναίοις,http://pleiades.stoa.org/places/579885,37.971687,23.726464,settlement," - "
9.35.7,ἀκρόπολιν,http://pleiades.stoa.org/places/638356144,37.971421,23.726166,"acropolis,architecturalcomplex"," - "
9.35.7,Παρίου,http://pleiades.stoa.org/places/599868,37.03613,25.19093,island," - "
9.35.7,Χάριτες,http://arachne.dainst.org/entity/3586996,39.132126,27.183953,NULL," - object|graphê|Charites|Q184353|analogic|t - pre-Persian War|b - Pythagoras|personCharites painted by Pythagoras near Pythion"
9.36.1,χώρᾳ,http://pleiades.stoa.org/places/540987,38.495082,22.959486,settlement," - regional|chôra|t - heroic agePhleguantis former name of territory of Orchomenos"
9.36.2,Ἀνδρηὶς,http://pleiades.stoa.org/places/540987,38.495082,22.959486,settlement," - built|polis|t - heroic age|t - ex archēs|agency|tr - oikizōAndrêis, prior name of Orchomenos"
9.36.2,Ἀργείων,http://pleiades.stoa.org/places/570106,37.631561,22.719464,settlement," - proxy|ethnic|t - pre-Persian Warhand-picked men"
9.36.2,Ἀργείων,http://pleiades.stoa.org/places/570106,37.631561,22.719464,settlement," - "
9.36.2,Δελφοῖς,http://pleiades.stoa.org/places/540726,38.482289,22.501169,"sanctuary,settlement"," - "
9.36.2,Ἑλλήνων,http://pleiades.stoa.org/places/1001896,37.5,22.5,province," - "
9.36.2,ἱερὸν,http://pleiades.stoa.org/places/464482219,38.4823167,22.5012215,temple-2," - built|hieron|t - pre-Persian WarApollo sanctuary at Delphi"
9.36.2,Ὀρχομενίων,http://pleiades.stoa.org/places/540987,38.495082,22.959486,settlement," - "
9.36.3,Ἑλλήνων,http://pleiades.stoa.org/places/1001896,37.5,22.5,province," - "
9.36.3,Ἐφύρους,http://pleiades.stoa.org/places/530870,39.242391,20.53143,"settlement,temple-2"," - "
9.36.3,Θεσπρωτίδι,http://pleiades.stoa.org/places/531117,39.75,20.25,people," - regional|ēpeiros|f - PausaniasThesprôtis"
9.36.3,Φωκίδα,http://pleiades.stoa.org/places/541048,38.25,22.25,unknown," - "
9.36.4,θησαυρόν,http://topostext.org/place/385230GMin,38.49312,22.9747,NULL," - "
9.36.4,Μινύαι,http://pleiades.stoa.org/places/540987,38.495082,22.959486,settlement," - "
9.36.5,Αἰγυπτίοις,http://pleiades.stoa.org/places/981503,19.211408766666665,30.567329633333333,region," - "
9.36.5,Ἕλληνες,http://pleiades.stoa.org/places/1001896,37.5,22.5,province," - proxy|ethnic|analogic|tr - tithēmiHellênes"
9.36.5,"θησαυρὸν δὲ τὸν Μινύου",http://topostext.org/place/385230GMin,38.49312,22.9747,NULL," - "
9.36.5,πυραμίδας,http://pleiades.stoa.org/places/704360201,29.9801725,31.1353595,pyramid," - built|pyramid|analogic|r - HerodotusPyramids of Egypt"
9.36.5,"τὰ οἰκεῖα",http://pleiades.stoa.org/places/1001896,37.5,22.5,province," - "
9.36.5,Τίρυνθι,http://pleiades.stoa.org/places/570740,37.59918,22.80004,settlement," - "
9.36.6,Ἄργους,http://pleiades.stoa.org/places/570106,37.631561,22.719464,settlement," - "
9.36.6,Ἀρκαδίᾳ,http://pleiades.stoa.org/places/570102,37.567419268449626,22.165323097346306,region," - "
9.36.6,Μινύας,http://pleiades.stoa.org/places/540987,38.495082,22.959486,settlement," - proxy|onoma|agency|xm - menō|n - onomazō|analogicthe name Minyas"
9.36.6,Ὀρχομένιοι,http://pleiades.stoa.org/places/540987,38.495082,22.959486,settlement," - "
9.36.6,Ὀρχομενίων,http://pleiades.stoa.org/places/540987,38.495082,22.959486,settlement," - "
9.36.6,Ὀρχομενὸς,http://pleiades.stoa.org/places/540987,38.495082,22.959486,settlement," - "
9.36.6,Ὕηττόν,http://pleiades.stoa.org/places/540823,38.55756,23.103304,settlement," - "
9.36.7,Ἄργεος,http://pleiades.stoa.org/places/570106,37.631561,22.719464,settlement," - "
9.36.7,Ἕλληνες,http://pleiades.stoa.org/places/1001896,37.5,22.5,province," - proxy|ethnic|n - kaleōHellênes"
9.36.7,Ὀρχομενὸν,http://pleiades.stoa.org/places/540987,38.495082,22.959486,settlement," - "
9.36.8,Ἀθηναίοις,http://pleiades.stoa.org/places/579885,37.971687,23.726464,settlement," - "
9.36.8,Μινυῶν,http://pleiades.stoa.org/places/540987,38.495082,22.959486,settlement," - "
9.36.8,Ὀρχομενοῦ,http://pleiades.stoa.org/places/540987,38.495082,22.959486,settlement," - "
9.36.8,Πύλου,http://pleiades.stoa.org/places/570640,36.91198,21.69583,settlement," - built|settlement|t - heroic agePylos"
9.37.1,ἀρχή,http://pleiades.stoa.org/places/540987,38.495082,22.959486,settlement," - "
9.37.1,βασιλείαν,http://pleiades.stoa.org/places/540987,38.495082,22.959486,settlement," - "
9.37.1,Θηβαίων,http://pleiades.stoa.org/places/541138,38.318092,23.255096,"sanctuary,settlement"," - proxy|ethnic|t - heroic age|tr - phoneuō|m - agōandres"
9.37.2,δύναμιν,http://pleiades.stoa.org/places/540987,38.495082,22.959486,settlement," - "
9.37.2,Θηβαῖοι,http://pleiades.stoa.org/places/541138,38.318092,23.255096,"sanctuary,settlement"," - "
9.37.2,Θηβαίους,http://pleiades.stoa.org/places/541138,38.318092,23.255096,"sanctuary,settlement"," - "
9.37.2,Θήβαις,http://pleiades.stoa.org/places/541138,38.318092,23.255096,"sanctuary,settlement"," - "
9.37.2,Θήβας,http://pleiades.stoa.org/places/541138,38.318092,23.255096,"sanctuary,settlement"," - "
9.37.2,Μινύαι,http://pleiades.stoa.org/places/540987,38.495082,22.959486,settlement," - "
9.37.3,πολιτῶν,http://pleiades.stoa.org/places/540987,38.495082,22.959486,settlement," - "
9.37.4,Δελφοὺς,http://pleiades.stoa.org/places/540726,38.482289,22.501169,"sanctuary,settlement"," - "
9.37.5,Δελφοῖς,http://pleiades.stoa.org/places/540726,38.482289,22.501169,"sanctuary,settlement"," - "
9.37.5,ναὸν,http://pleiades.stoa.org/places/464482219,38.4823167,22.5012215,temple-2," - built|naos|t - heroic age|b - Trophonios|b - Agamedestemple built by Trophonios at Delphi"
9.37.7,ἄλσει,http://topostext.org/place/384229STro,38.4312,22.875,NULL," - built|alsos|PausGrove of Trophonios in Lebadeia"
9.37.7,γῆ,http://topostext.org/place/384229STro,38.4312,22.875,NULL," - "
9.37.7,Λεβαδείᾳ,http://pleiades.stoa.org/places/540907,38.431063,22.87352,settlement," - "
9.37.7,Μινύαι,http://pleiades.stoa.org/places/540987,38.495082,22.959486,settlement," - "
9.37.7,Ὀρχομενίων,http://pleiades.stoa.org/places/540987,38.495082,22.959486,settlement," - "
9.37.7,Τροίαν,http://pleiades.stoa.org/places/550595,39.9577,26.23873,settlement," - "
9.37.8,ἀναστάτους,http://pleiades.stoa.org/places/540987,38.495082,22.959486,settlement," - "
9.37.8,Θηβαίων,http://pleiades.stoa.org/places/541138,38.318092,23.255096,"sanctuary,settlement"," - "
9.37.8,Ἰωνίαν,http://pleiades.stoa.org/places/550597,38.258572855555556,27.36601213333333,region," - "
9.37.8,Ὀρχομένιοι,http://pleiades.stoa.org/places/540987,38.495082,22.959486,settlement," - "
9.37.8,Ὀρχομενὸν,http://pleiades.stoa.org/places/540987,38.495082,22.959486,settlement," - "
9.37.8,σφίσιν,http://pleiades.stoa.org/places/540987,38.495082,22.959486,settlement," - "
9.38.1,"ἀγάλματα τὰ σὺν κόσμῳ",http://arachne.dainst.org/entity/3652726,38.4929,22.97962,NULL," - object|agalma|Paus|tr - poieō|tr - anatithēmi|t - present|mat - lithosStone statues with decoration in hieron of the Graces at Orchomenos"
9.38.1,Ὀρχομενίοις,http://pleiades.stoa.org/places/540987,38.495082,22.959486,settlement," - "
9.38.1,πέτρας,http://arachne.dainst.org/entity/3652725,38.4929,22.97962,NULL," - object|petra|Paus|s - ritual|t - presentStones fallen from heaven in hieron of the Graces, Orchomenos"
9.38.1,σέβουσί,http://pleiades.stoa.org/places/540987,38.495082,22.959486,settlement," - "
9.38.2,εἴργασται,http://topostext.org/place/385230GMin,38.49312,22.9747,NULL," - "
9.38.2,Ἑλλάδι,http://pleiades.stoa.org/places/1001896,37.5,22.5,province," - "
9.38.2,"θησαυρὸς δὲ ὁ Μινύου",http://topostext.org/place/385230GMin,38.49312,22.9747,NULL," - built|thêsauros|Paus|s - thauma|analogic|tr - poieōTholos tomb converted to shrine"
9.38.2,καταβαίνουσι,http://pleiades.stoa.org/places/540987,38.495082,22.959486,settlement," - "
9.38.2,σφισι,http://pleiades.stoa.org/places/540987,38.495082,22.959486,settlement," - "
9.38.3,ἀποστέλλουσι,http://pleiades.stoa.org/places/540987,38.495082,22.959486,settlement," - "
9.38.3,ἐξευρήσουσι,http://pleiades.stoa.org/places/540987,38.495082,22.959486,settlement," - "
9.38.3,θεόν,http://topostext.org/place/385225SDel,38.48264,22.50108,NULL," - "
9.38.3,καταδέξασθαι,http://pleiades.stoa.org/places/540987,38.495082,22.959486,settlement," - "
9.38.3,Ναυπακτίας,http://pleiades.stoa.org/places/540960,38.41224,22.315807,"city-wall,settlement"," - regional|t - unspecified|f - they say|f - OrchomeniansNaupaktia"
9.38.3,Ναυπακτίας,http://pleiades.stoa.org/places/540960,38.41224,22.315807,"city-wall,settlement"," - regional|t - unspecified|f - they say|f - PythiaNaupaktia"
9.38.3,Ὀρχομενίαν,http://pleiades.stoa.org/places/540987,38.495082,22.959486,settlement," - built|settlement|t - unspecified|f - they say|f - PythiaOrchomenia"
9.38.4,Ἄσκρη,http://pleiades.stoa.org/places/540670,38.327032,23.074249,settlement," - "
9.38.4,"γῆ Μινυῶν",http://pleiades.stoa.org/places/540987,38.495082,22.959486,settlement," - regional|gê|t - present|agency|xm - echōland of the Minyans, gê Minuôn"
9.38.4,γῆν,http://pleiades.stoa.org/places/540960,38.41224,22.315807,"city-wall,settlement"," - "
9.38.4,Ἑλλάδι,http://pleiades.stoa.org/places/1001896,37.5,22.5,province," - "
9.38.4,εὗρον,http://pleiades.stoa.org/places/540987,38.495082,22.959486,settlement," - "
9.38.4,θεοπρόποις,http://pleiades.stoa.org/places/540987,38.495082,22.959486,settlement," - "
9.38.5,ἄγαλμα,http://arachne.dainst.org/entity/3586997,38.4929,22.97962,NULL," - "
9.38.5,γῇ,http://pleiades.stoa.org/places/540987,38.495082,22.959486,settlement," - "
9.38.5,γῆν,http://pleiades.stoa.org/places/540987,38.495082,22.959486,settlement," - "
9.38.5,Δελφοῖς,http://pleiades.stoa.org/places/540726,38.482289,22.501169,"sanctuary,settlement"," - "
9.38.5,εἰκόνα,http://arachne.dainst.org/entity/3586997,38.4929,22.97962,NULL," - object|eikôn|t - unspecified|f - Orchomenians|f - oracle|mat - chalkosBronze statue of a phantom (eidôlon) chained to rock in Orchomenos"
9.38.5,ἐχρῶντο,http://pleiades.stoa.org/places/540987,38.495082,22.959486,settlement," - "
9.38.5,θεὸς,http://topostext.org/place/385225SDel,38.48264,22.50108,NULL," - "
9.38.5,Ὀρχομενίοις,http://pleiades.stoa.org/places/540987,38.495082,22.959486,settlement," - "
9.38.6,"ἄγαλμα οὐ μέγα",http://arachne.dainst.org/entity/3586998,38.4929,22.97962,NULL," - object|agalma|Paus|Herakles|agency|m - aphestēxōAgalma in temple of Herakles near Orchomenos"
9.38.6,Κηφισίδα,http://pleiades.stoa.org/places/540715,38.447092,23.068726,lake," - physical|limnê|t - presentKêfisis lake = Kopais"
9.38.6,λίμνη,http://pleiades.stoa.org/places/540715,38.447092,23.068726,lake," - "
9.38.6,Μέλανός,http://topostext.org/place/385233WMel,38.503,23.252,NULL," - "
9.38.6,Μέλας,http://topostext.org/place/385233WMel,38.503,23.252,NULL," - physical|potamos|t - present|agency|i - didōmiMelas river"
9.38.6,Ὀρχομενίας,http://pleiades.stoa.org/places/540987,38.495082,22.959486,settlement," - regional|t - heroic agegreater part of Orchomenos"
9.38.6,Ὀρχομενοῦ,http://pleiades.stoa.org/places/540987,38.495082,22.959486,settlement," - "
9.38.6,"τὸ ὕδωρ",http://pleiades.stoa.org/places/540715,38.447092,23.068726,lake," - "
9.38.6,χώρας,http://pleiades.stoa.org/places/540987,38.495082,22.959486,settlement," - "
9.38.7,αὐτὸν,http://pleiades.stoa.org/places/579973,38.125,23.625,river," - "
9.38.7,θάλασσαν,http://pleiades.stoa.org/places/560221,37.42245628773585,25.8829628235849,water-open," - "
9.38.7,Θηβαῖοι,http://pleiades.stoa.org/places/541138,38.318092,23.255096,"sanctuary,settlement"," - "
9.38.7,Κηφισίδα,http://pleiades.stoa.org/places/540715,38.447092,23.068726,lake," - physical|limnê|f - Homer|t - heroic ageKêfisis lake = Kopais"
9.38.7,Κηφισίδι,http://pleiades.stoa.org/places/540715,38.447092,23.068726,lake," - physical|limnê|t - heroic age|r - Homer|r - Iliad 5.709Kephisis lake"
9.38.7,Κηφισόν,http://pleiades.stoa.org/places/579973,38.125,23.625,river," - "
9.38.7,Ὀρχομένιον,http://pleiades.stoa.org/places/540987,38.495082,22.959486,settlement," - "
9.38.8,ἀναρρήξαντας,http://pleiades.stoa.org/places/540987,38.495082,22.959486,settlement," - "
9.38.8,εἶχον,http://pleiades.stoa.org/places/540987,38.495082,22.959486,settlement," - "
9.38.8,Κηφισῷ,http://pleiades.stoa.org/places/579973,38.125,23.625,river," - physical|potamos|t - heroic age|f - PausaniasKêphisos river"
9.38.8,Ὀρχομενίοις,http://pleiades.stoa.org/places/540987,38.495082,22.959486,settlement," - "
9.38.8,Ὀρχομενίους,http://pleiades.stoa.org/places/540987,38.495082,22.959486,settlement," - "
9.38.8,Ὀρχομενὸν,http://pleiades.stoa.org/places/540987,38.495082,22.959486,settlement," - "
9.38.9,Ἀσπληδόνα,http://pleiades.stoa.org/places/540673,38.534199,22.957728,settlement," - "
9.38.9,οἰκήτοράς,http://pleiades.stoa.org/places/540673,38.534199,22.957728,settlement," - "
9.38.9,Ὀρχομένιος,http://pleiades.stoa.org/places/540987,38.495082,22.959486,settlement," - "
9.38.9,πόλει,http://pleiades.stoa.org/places/540673,38.534199,22.957728,settlement," - "
9.38.9,πτολίεθρον,http://pleiades.stoa.org/places/540673,38.534199,22.957728,settlement," - "
9.38.10,Ὀρχομένιοι,http://pleiades.stoa.org/places/540987,38.495082,22.959486,settlement," - "
9.38.10,Ὀρχομενίους,http://pleiades.stoa.org/places/540987,38.495082,22.959486,settlement," - "
9.39.1,Ἀθηνῶν,http://pleiades.stoa.org/places/579885,37.971687,23.726464,settlement," - "
9.39.1,ἄνθρωποι,http://pleiades.stoa.org/places/540907,38.431063,22.87352,settlement," - "
9.39.1,αὕτη,http://pleiades.stoa.org/places/540907,38.431063,22.87352,settlement," - "
9.39.1,αὐτὴν,http://pleiades.stoa.org/places/540907,38.431063,22.87352,settlement," - "
9.39.1,Λεβάδειά,http://pleiades.stoa.org/places/540907,38.431063,22.87352,settlement," - "
9.39.1,Μίδεια,http://pleiades.stoa.org/places/540907,38.431063,22.87352,settlement," - built|polis|t - heroic age|n - onomazō|agencyMideia prior name of Lebadeia"
9.39.1,Ὀρχομενίων,http://pleiades.stoa.org/places/540987,38.495082,22.959486,settlement," - "
9.39.1,Φωκεῖς,http://pleiades.stoa.org/places/541048,38.25,22.25,unknown," - "
9.39.2,"ἄλσος τοῦ Τροφωνίου",http://topostext.org/place/384229STro,38.4312,22.875,NULL," - built|alsos|PausGrove of Trophonios at Lebadeia"
9.39.2,αὐτῆς,http://pleiades.stoa.org/places/540907,38.431063,22.87352,settlement," - "
9.39.2,Ἑλλήνων,http://pleiades.stoa.org/places/1001896,37.5,22.5,province," - "
9.39.2,πόλις,http://pleiades.stoa.org/places/540907,38.431063,22.87352,settlement," - "
9.39.3,"ἀγάλματα ὀρθά",http://arachne.dainst.org/entity/3888411,38.434931,22.87381,NULL," - object|statue|PausStanding statues with sceptres and snakes in cave of Herkyna river"
9.39.3,Τροίας,http://pleiades.stoa.org/places/550595,39.9577,26.23873,settlement," - built|settlement|t - heroic age|f - they saybattlefield"
9.39.4,ἄγαλμα,http://arachne.dainst.org/entity/3587000,38.434931,22.87381,NULL," - "
9.39.4,ἄγαλμά,http://arachne.dainst.org/entity/3587000,38.434931,22.87381,NULL," - object|agalma|Paus|Trophonios|s - phaneros|agency|i - eikazō|analogicAgalma of Trophonios by Praxiteles in grove of Trophonios at Libadeia"
9.39.4,ἀγάλματα,http://arachne.dainst.org/entity/3888412,38.434931,22.87381,NULL," - "
9.39.4,Διός,http://arachne.dainst.org/entity/3888253,38.434931,22.87381,NULL," - "
9.39.4,Ζεὺς,http://arachne.dainst.org/entity/3587001,38.434931,22.87381,NULL," - "
9.39.4,Ἥρας,http://arachne.dainst.org/entity/3888252,38.434931,22.87381,NULL," - "
9.39.4,Κρόνου,http://arachne.dainst.org/entity/3888251,38.434931,22.87381,NULL," - "
9.39.4,μαντεῖον,http://topostext.org/place/384229STro,38.4312,22.875,NULL," - "
9.39.4,ναός,http://topostext.org/place/384229SZeu,38.4305,22.8606,NULL," - "
9.39.4,τοῦτον,http://topostext.org/place/384229SZeu,38.4305,22.8606,NULL," - "
9.39.5,μαντεῖον,http://topostext.org/place/384229STro,38.4312,22.875,NULL," - "
9.39.5,Τροφωνίου,http://topostext.org/place/384229STro,38.4312,22.875,NULL," - "
9.39.7,μαντεῖον,http://topostext.org/place/384229STro,38.4312,22.875,NULL," - "
9.39.8,ἄγαλμα,http://arachne.dainst.org/entity/3587002,38.434931,22.87381,NULL," - object|agalma|s - ritual|t - present|b - Daidalos|f - they sayAgalma of Trophonios at Lebadeia, work of Daidalos"
9.39.8,"τὸ μαντεῖον",http://topostext.org/place/384229STro,38.4312,22.875,NULL," - "
9.39.9,μαντεῖον,http://topostext.org/place/384229STro,38.4312,22.875,NULL," - built|manteion|PausOracle of Trophonios on mountain near Lebadeia"
9.40.1,Βοιωτοὶ,http://pleiades.stoa.org/places/540689,38.34668803333333,23.184677533333332,region," - "
9.40.1,Δελφούς,http://pleiades.stoa.org/places/540726,38.482289,22.501169,"sanctuary,settlement"," - "
9.40.1,ἐλθοῦσιν,http://pleiades.stoa.org/places/540689,38.34668803333333,23.184677533333332,region," - "
9.40.1,Λεβάδειαν,http://pleiades.stoa.org/places/540907,38.431063,22.87352,settlement," - "
9.40.1,μαντεῖον,http://topostext.org/place/384229STro,38.4312,22.875,NULL," - "
9.40.1,Πυθία,http://topostext.org/place/385225SDel,38.48264,22.50108,NULL," - "
9.40.1,σφισιν,http://pleiades.stoa.org/places/540689,38.34668803333333,23.184677533333332,region," - "
9.40.1,Τροφώνιον,http://topostext.org/place/384229STro,38.4312,22.875,NULL," - "
9.40.2,Ἀκραιφνίου,http://pleiades.stoa.org/places/540617,38.451533,23.219541,settlement," - "
9.40.2,ἐλθόντες,http://pleiades.stoa.org/places/540689,38.34668803333333,23.184677533333332,region," - "
9.40.2,Λεβάδειαν,http://pleiades.stoa.org/places/540907,38.431063,22.87352,settlement," - "
9.40.2,μαντεῖον,http://topostext.org/place/384229STro,38.4312,22.875,NULL," - "
9.40.3,Ἀθηνᾶ,http://arachne.dainst.org/entity/3587004,35.29799,25.16304,NULL," - object|xoanon|Athena|person|analogic|b - Daidalosxoanon of Athena at Knossos, Crete"
9.40.3,"Ἀριάδνης χορός",http://arachne.dainst.org/entity/3586821,35.29799,25.16304,NULL," - object|statue|Ariadne|analogic|person|b - Daidalos|r - Iliad 18.590|mat - leukos lithos|tr - ergazomaiDance of Ariadne in white stone, in Knossos"
9.40.3,Βοιωτοῖς,http://pleiades.stoa.org/places/540689,38.34668803333333,23.184677533333332,region," - "
9.40.3,Βριτόμαρτις,http://arachne.dainst.org/entity/3587003,35.257732,25.738797,NULL," - object|xoanon|Britomartis|analogic|b - Daidalos|personxoanon of Britomartis in Olous, Crete"
9.40.3,Δηλίοις,http://pleiades.stoa.org/places/599587,37.397274,25.268194,"architecturalcomplex,sanctuary,monument,island,settlement,plaza"," - "
9.40.3,Ἡρακλῆς,http://arachne.dainst.org/entity/3586924,38.323923,23.31992,NULL," - object|xoanon|Herakles|Q122248|person|b - Daidalos|synopticxoanon of Herakles in Thebes, by Daidalos"
9.40.3,Θήβαις,http://pleiades.stoa.org/places/541138,38.318092,23.255096,"sanctuary,settlement"," - "
9.40.3,Κνωσσίοις,http://pleiades.stoa.org/places/589872,35.297847,25.163106,"settlement,architecturalcomplex"," - "
9.40.3,Κρήτῃ,http://pleiades.stoa.org/places/589748,35.21984439173344,24.995769971494504,island," - "
9.40.3,Λεβαδεῦσιν,http://pleiades.stoa.org/places/540907,38.431063,22.87352,settlement," - "
9.40.3,ξόανον,http://arachne.dainst.org/entity/3587005,37.398,25.267,NULL," - "
9.40.3,Ὀλοῦντι,http://pleiades.stoa.org/places/589959,35.257679,25.738816,settlement," - "
9.40.3,Τροφώνιος,http://arachne.dainst.org/entity/3587002,38.434931,22.87381,NULL," - object|xoanon|Trophonios|Q1166183|synoptic|person|b - Daidalosxoanon of Trophonios at Lebadeia by Daidalos"
9.40.4,ἄγαλμα,http://arachne.dainst.org/entity/3587005,37.398,25.267,NULL," - "
9.40.4,Ἀργείων,http://pleiades.stoa.org/places/570106,37.631561,22.719464,settlement," - "
9.40.4,Γέλαν,http://pleiades.stoa.org/places/462214,37.062775,14.258433,"sanctuary,settlement"," - "
9.40.4,Δήλιοι,http://pleiades.stoa.org/places/599588,37.397274,25.268194,"architecturalcomplex,sanctuary,monument,island,settlement,plaza"," - "
9.40.4,Ἡραῖον,http://pleiades.stoa.org/places/570289,37.691944,22.774722,sanctuary," - build|hieron|t - heroic ageArgive Heraion"
9.40.4,"ξόανον τῆς θεοῦ",http://arachne.dainst.org/entity/3587005,37.398,25.267,NULL," - object|xoanon|Aphrodite|t - heroic age|f - Deliansagalma given by Daidalos to Ariadne to Theseus"
9.40.4,οἴκαδε,http://pleiades.stoa.org/places/579885,37.971687,23.726464,settlement," - "
9.40.4,οἴκοθεν,http://pleiades.stoa.org/places/589748,35.21984439173344,24.995769971494504,island," - "
9.40.4,Ὀμφάκης,http://pleiades.stoa.org/places/462399,37.18419,14.18724,"settlement-modern,settlement"," - "
9.40.4,Σικελίᾳ,http://pleiades.stoa.org/places/462492,37.53667611952188,14.08648464579389,island," - "
9.40.5,Ἄρνη,http://pleiades.stoa.org/places/540701,38.493361,22.840365,settlement," - built|city|t - heroic age|t - archaios|n - kaleōArnê old name of Chairôneia"
9.40.5,ἑτέραν,http://pleiades.stoa.org/places/540663,38.48288,22.93328,settlement," - built|polis|t - heroic age|n - kaleō|f - they sayArnê in Thessaly"
9.40.5,Θεσσαλίᾳ,http://pleiades.stoa.org/places/1332,39.6,22.2,region," - "
9.40.5,Λεβαδέων,http://pleiades.stoa.org/places/540907,38.431063,22.87352,settlement," - "
9.40.5,Χαιρωνεῖς,http://pleiades.stoa.org/places/540701,38.493361,22.840365,settlement," - "
9.40.5,Χαιρωνεῦσιν,http://pleiades.stoa.org/places/540701,38.493361,22.840365,settlement," - "
9.40.6,Λεβάδειαν,http://pleiades.stoa.org/places/540907,38.431063,22.87352,settlement," - "
9.40.6,Νεῖλον,http://pleiades.stoa.org/places/727172,19.211408766666665,30.567329633333333,river," - physical|potamos|analogic|r - Homer|r - Odyssey 4.477|r - Odyssey 4.581|r - Odyssey 14.258|f - narratorNile river, called Aigyptos by Homer"
9.40.6,Χαιρώνειάν,http://pleiades.stoa.org/places/540701,38.493361,22.840365,settlement," - "
9.40.7,Ἕλληνας,http://pleiades.stoa.org/places/1001896,37.5,22.5,province," - "
9.40.7,Μακεδόσιν,http://pleiades.stoa.org/places/981531,42.5,22.5,province," - "
9.40.7,Ῥωμαῖοι,http://pleiades.stoa.org/places/423025,41.89262,12.4843457,"settlement,urban"," - "
9.40.7,Χαιρωνεῦσι,http://pleiades.stoa.org/places/540701,38.493361,22.840365,settlement," - regional|chôra|PausCountry of the Chairôneans"
9.40.8,Ἀργείων,http://pleiades.stoa.org/places/570106,37.631561,22.719464,settlement," - proxy|nomosaccording to the Argive custom"
9.40.8,Μακεδονίᾳ,http://pleiades.stoa.org/places/981531,42.5,22.5,province," - "
9.40.8,Μακεδόνων,http://pleiades.stoa.org/places/981531,42.5,22.5,province," - "
9.40.8,Ὀλύμπου,http://pleiades.stoa.org/places/540983,38.4786167,23.8655549,mountain," - "
9.40.9,Δαρείῳ,http://pleiades.stoa.org/places/922698,30.5,51.5,unknown," - "
9.40.9,Ἰνδικαῖς,http://pleiades.stoa.org/places/50004,22.5,77.5,region," - "
9.40.9,καταστῆναί,http://pleiades.stoa.org/places/981531,42.5,22.5,province," - "
9.40.9,Μακεδονίας,http://pleiades.stoa.org/places/981531,42.5,22.5,province," - "
9.40.10,ἀνδρῶν,http://pleiades.stoa.org/places/541138,38.318092,23.255096,"sanctuary,settlement"," - "
9.40.10,Θηβαίων,http://pleiades.stoa.org/places/541138,38.318092,23.255096,"sanctuary,settlement"," - "
9.40.10,λέων,http://arachne.dainst.org/entity/3587006,38.495033,22.844009,NULL," - object|epithēma|Paus|agency|m - ferōLion atop polyandrion of the Thebans at Chaironeia"
9.40.10,πόλει,http://pleiades.stoa.org/places/540701,38.493361,22.840365,settlement," - "
9.40.10,πολυάνδριον,http://topostext.org/place/385228ALoC,38.49486,22.84827,NULL," - "
9.40.11,σέβουσι,http://pleiades.stoa.org/places/540701,38.493361,22.840365,settlement," - "
9.40.11,Χαιρωνεῖς,http://pleiades.stoa.org/places/540701,38.493361,22.840365,settlement," - "
9.40.12,αὐτῶν,http://pleiades.stoa.org/places/540701,38.493361,22.840365,settlement," - "
9.40.12,Πανοπέων,http://pleiades.stoa.org/places/541008,38.49551,22.79418,settlement," - "
9.40.12,σφίσι,http://pleiades.stoa.org/places/540701,38.493361,22.840365,settlement," - "
9.40.12,Φωκεῖς,http://pleiades.stoa.org/places/541048,38.25,22.25,unknown," - "
9.40.12,Φωκίδα,http://pleiades.stoa.org/places/541048,38.25,22.25,unknown," - "
9.40.12,Φωκίδι,http://topostext.org/place/386227RPho,38.6,22.7,NULL," - "
9.41.1,Λύκιοι,http://pleiades.stoa.org/places/638965,36.513688333333334,29.129618500000003,region," - "
9.41.1,Πατάροις,http://pleiades.stoa.org/places/639042,36.26018,29.314279,"architecturalcomplex,port,city-gate,aqueduct,settlement"," - built|settlement|analogicPatara in Lycia"
9.41.1,Σαμίους,http://pleiades.stoa.org/places/599926,37.73,26.84,"island,sanctuary,settlement,temple-2"," - "
9.41.2,Ἀμαθοῦς,http://pleiades.stoa.org/places/707462,34.712174,33.1438299,"settlement,cemetery,port"," - "
9.41.2,Ἀρκάδας,http://pleiades.stoa.org/places/570102,37.567419268449626,22.165323097346306,region," - "
9.41.2,Ἀχαιοὶ,http://pleiades.stoa.org/places/570028,38.102121472776034,22.224585911364017,region," - "
9.41.2,Δελφοὺς,http://pleiades.stoa.org/places/540726,38.482289,22.501169,"sanctuary,settlement"," - "
9.41.2,Ἰλίου,http://pleiades.stoa.org/places/550595,39.9577,26.23873,settlement," - "
9.41.2,Κύπρῳ,http://pleiades.stoa.org/places/707498,35.040883529816504,33.27533716422018,island," - "
9.41.2,παρέχουσιν,http://pleiades.stoa.org/places/570567,38.243265,21.738518,settlement," - "
9.41.2,Πατρεῖς,http://pleiades.stoa.org/places/570567,38.243265,21.738518,settlement," - "
9.41.2,Φωκεῦσιν,http://pleiades.stoa.org/places/541048,38.25,22.25,unknown," - "
9.41.3,Ἀμαθοῦντι,http://pleiades.stoa.org/places/707462,34.712174,33.1438299,"settlement,cemetery,port"," - "
9.41.3,Ἀμαθουσίοις,http://pleiades.stoa.org/places/707462,34.712174,33.1438299,"settlement,cemetery,port"," - "
9.41.4,Πύλου,http://pleiades.stoa.org/places/156116232,37.028,21.695,"settlement,fort"," - built|settlement|r - Homer|r - OdysseyPylos"
9.41.6,"ἄγαλμα Διὸς οὐ μέγα",http://arachne.dainst.org/entity/3587007,38.495033,22.844009,NULL," - object|agalma|Zeus|PausStatue of Zeus on summit of Petrachos above Chairôneia"
9.41.6,πόλιν,http://pleiades.stoa.org/places/540701,38.493361,22.840365,settlement," - "
9.41.7,Χαιρωνείᾳ,http://pleiades.stoa.org/places/540701,38.493361,22.840365,settlement," - "
