BookID,Place,Links,Lat,Lon,Type,Description
1.1.1,Ἀθηναίοις,http://pleiades.stoa.org/places/579885,37.971687,23.726464,settlement," - "
1.1.1,Αἰγαῖον,http://pleiades.stoa.org/places/560221,37.42245628773585,25.8829628235849,water-open," - "
1.1.1,Αἰγυπτίαις,http://pleiades.stoa.org/places/981503,19.211408766666665,30.567329633333333,region," - "
1.1.1,ἄκραν,http://pleiades.stoa.org/places/580108,37.625,24.125,cape," - "
1.1.1,"ἀργύρου μέταλλα",http://pleiades.stoa.org/places/963101137,37.697557,24.032676,mine," - "
1.1.1,Ἀττικῆς,http://pleiades.stoa.org/places/579888,38.051998833333336,23.818991099999998,region," - "
1.1.1,αὐτῇ,http://pleiades.stoa.org/places/580060,37.625,23.875,island," - "
1.1.1,Ἑλληνικῆς,http://pleiades.stoa.org/places/1001896,37.5,22.5,province," - regional|epeiros|synoptic1.1.1"
1.1.1,ἔνθα,http://pleiades.stoa.org/places/580010,37.712252,24.039891,region," - "
1.1.1,θαλάσσης,http://pleiades.stoa.org/places/560221,37.42245628773585,25.8829628235849,water-open," - physical|thalassa|t - Macedonian War1.1.1"
1.1.1,"κορυφῇ τῆς ἄκρας",http://topostext.org/place/376240LSou,37.6498,24.0247,NULL," - physical|koruphe|Paus|f - narrateeThe peak of the promontory"
1.1.1,Κυκλάδας,http://pleiades.stoa.org/places/560353,37.0415464153846,25.139512376923083,"island,archipelago"," - "
1.1.1,Λαύριόν,http://pleiades.stoa.org/places/580010,37.712252,24.039891,region," - "
1.1.1,ναὸς,http://topostext.org/place/377240SAth,37.6529,24.0271,NULL," - "
1.1.1,Πατρόκλου,http://pleiades.stoa.org/places/580060,37.625,23.875,island," - physical|nesos|Paus|f - narratee|n - kaleōdeserted - before (the reason it was chosen) or after (the fortifications falling into disrepair?)"
1.1.1,Σούνιον,http://pleiades.stoa.org/places/580108,37.625,24.125,cape," - "
1.1.1,σφίσιν,http://pleiades.stoa.org/places/579885,37.971687,23.726464,settlement," - "
1.1.1,χώραν,http://pleiades.stoa.org/places/579888,38.051998833333336,23.818991099999998,region," - regional|chora|t - Macedonian War|tr - phtheirōecho of the first line, but chora used rather than ge|chora physical, but referent is Attica (a region)"
1.1.2,Ἀθηναίοις,http://pleiades.stoa.org/places/579885,37.971687,23.726464,settlement," - "
1.1.2,αὐτόθεν,http://pleiades.stoa.org/places/580071,37.875,23.625,unknown," - "
1.1.2,γεγραμμένος,http://topostext.org/binder/JB2801,37.9717,23.7257,NULL," - object|painting|opsis|Themistokles1.1.2"
1.1.2,γραφὴν,http://topostext.org/binder/JB2801,37.9717,23.7257,NULL," - "
1.1.2,δῆμος,http://pleiades.stoa.org/places/580062,37.937222,23.644609,"theatre,region,settlement,fort"," - "
1.1.2,ἐπίνειον,http://pleiades.stoa.org/places/580071,37.875,23.625,unknown," - "
1.1.2,ἐπίνειον,http://pleiades.stoa.org/places/580062,37.937222,23.644609,"theatre,region,settlement,fort"," - "
1.1.2,θάλασσα,http://pleiades.stoa.org/places/560221,37.42245628773585,25.8829628235849,water-open," - "
1.1.2,λιμένι,http://pleiades.stoa.org/places/579966,37.937560999999995,23.644901333333333,port," - "
1.1.2,Μαγνησίας,http://pleiades.stoa.org/places/599778,37.8507,27.52785,settlement," - "
1.1.2,οἶκοι,http://pleiades.stoa.org/places/580136,37.937560999999995,23.644901333333333,port," - "
1.1.2,Παρθενῶνα,http://pleiades.stoa.org/places/168254096,37.97155766815715,23.726584338316812,temple-2," - "
1.1.2,Πειραιεὺς,http://pleiades.stoa.org/places/580062,37.937222,23.644609,"theatre,region,settlement,fort"," - built|harbour|synoptic1.1.2"
1.1.2,Πειραιεὺς,http://pleiades.stoa.org/places/580062,37.937222,23.644609,"theatre,region,settlement,fort"," - "
1.1.2,πόλεως,http://pleiades.stoa.org/places/579885,37.971687,23.726464,settlement," - "
1.1.2,σφισιν,http://pleiades.stoa.org/places/579885,37.971687,23.726464,settlement," - "
1.1.2,ταύτῃ,http://pleiades.stoa.org/places/580072,37.9373,23.7062,settlement," - "
1.1.2,τάφος,http://topostext.org/binder/JB2804,37.992,23.682,NULL," - "
1.1.2,Τροίαν,http://pleiades.stoa.org/places/550595,39.9577,26.23873,settlement," - "
1.1.2,Φαληροῖ,http://pleiades.stoa.org/places/580071,37.875,23.625,unknown," - "
1.1.2,Φαληρὸν,http://pleiades.stoa.org/places/580072,37.9373,23.7062,settlement," - "
1.1.3,Ἀθηναίοις,http://pleiades.stoa.org/places/579885,37.971687,23.726464,settlement," - "
1.1.3,ἀρχαιότατον,http://pleiades.stoa.org/places/312238265,36.688864,27.373294,temple-2," - "
1.1.3,Βοιωτοῖς,http://pleiades.stoa.org/places/540689,38.34668803333333,23.184677533333332,region," - proxy|t - Macedonian Warbattle"
1.1.3,Δῆμος,http://arachne.dainst.org/entity/3585907,37.943263,23.650904,NULL," - object|statue|Paus|b - Leochares|Demos|agencyQ4157689|person"
1.1.3,Ἕλλησιν,http://pleiades.stoa.org/places/1001896,37.5,22.5,province," - "
1.1.3,ἔνθα,http://topostext.org/place/380236BLSt,37.94579,23.64254,NULL," - "
1.1.3,ἑτέρα,http://topostext.org/place/379236BHiA,37.9419,23.6473,NULL," - "
1.1.3,Ζεὺς,http://arachne.dainst.org/entity/3652649,37.943263,23.650904,NULL," - object|statue|Paus|b - Leochares|Zeus|agencyQ34201|person"
1.1.3,"ἡ δὲ",http://arachne.dainst.org/entity/3585901,37.943263,23.650904,NULL," - "
1.1.3,θαλάσσῃ,http://pleiades.stoa.org/places/560221,37.42245628773585,25.8829628235849,water-open," - "
1.1.3,θαλάσσης,http://pleiades.stoa.org/places/560221,37.42245628773585,25.8829628235849,water-open," - "
1.1.3,Θερμοπυλῶν,http://pleiades.stoa.org/places/541140,38.796511,22.538294,"shrine,pass,fort"," - physical|pass|t - Macedonian War|l - exobattle"
1.1.3,ἱερὰ,http://pleiades.stoa.org/places/312238265,36.688864,27.373294,temple-2," - "
1.1.3,"Καρικῇ χερρονήσῳ",http://pleiades.stoa.org/places/991381,37.213163833551015,28.088996902733474,province," - "
1.1.3,Κνίδιοι,http://pleiades.stoa.org/places/599575,36.686188,27.37404,settlement," - "
1.1.3,Κνίδον,http://pleiades.stoa.org/places/599575,36.686188,27.37404,settlement," - built|settlement|t - post-Peloponnesian Warbattle"
1.1.3,Λακεδαιμονίων,http://pleiades.stoa.org/places/570406,37.07624042080912,22.46082645177671,region," - "
1.1.3,Λάμιαν,http://pleiades.stoa.org/places/540902,38.9046,22.43516,settlement," - built|settlement|t - Macedonian Warbattle"
1.1.3,Λεωσθένην,http://arachne.dainst.org/entity/3585906,37.943263,23.650904,NULL," - object|painting|Paus|Leosthenes|l - entauthaQ183109|person"
1.1.3,"Λεωσθένην καὶ τοὺς παῖδας",http://arachne.dainst.org/entity/3585906,37.943263,23.650904,NULL," - "
1.1.3,λιμένος,http://pleiades.stoa.org/places/580062,37.937222,23.644609,"theatre,region,settlement,fort"," - "
1.1.3,Μακεδόνας,http://pleiades.stoa.org/places/981531,42.5,22.5,province," - "
1.1.3,μετὰ,http://pleiades.stoa.org/places/312238265,36.688864,27.373294,temple-2," - "
1.1.3,νεώτατον,http://pleiades.stoa.org/places/312238265,36.688864,27.373294,temple-2," - "
1.1.3,"ὁ μὲν",http://arachne.dainst.org/entity/3585902,37.943263,23.650904,NULL," - object|agalma|Paus|mat - chalkos|Zeus|agencyZeus, Q34201|person"
1.1.3,Οἴτης,http://pleiades.stoa.org/places/540968,38.7922475,22.2564576,mountain," - "
1.1.3,Πειραιεῖ,http://pleiades.stoa.org/places/580062,37.937222,23.644609,"theatre,region,settlement,fort"," - built|harbour|Paus|worthy of viewing1.1.3"
1.1.3,πολλοί,http://pleiades.stoa.org/places/1001896,37.5,22.5,province," - proxy|focalisergeneral Greeks"
1.1.3,στοᾶς,http://topostext.org/place/380236BLSt,37.94579,23.64254,NULL," - "
1.1.3,"στοᾶς τῆς μακρᾶς",http://topostext.org/place/380236BLSt,37.94579,23.64254,NULL," - "
1.1.3,σφισιν,http://pleiades.stoa.org/places/599576,36.686188,27.37404,settlement," - "
1.1.4,Ἀθηναῖοι,http://pleiades.stoa.org/places/579885,37.971687,23.726464,settlement," - "
1.1.4,Ἀθηναίοις,http://pleiades.stoa.org/places/579885,37.971687,23.726464,settlement," - proxy1.1.4"
1.1.4,αὐτῷ,http://pleiades.stoa.org/places/580071,37.875,23.625,unknown," - "
1.1.4,Κόλχους,http://pleiades.stoa.org/places/863770,42.5,42.5,region," - "
1.1.4,λιμὴν,http://pleiades.stoa.org/places/580029,37.937560999999995,23.644901333333333,port," - "
1.1.4,Μουνυχίᾳ,http://pleiades.stoa.org/places/116035285,37.9406,23.6559,"hill,fort"," - "
1.1.4,ναὸς,http://topostext.org/place/379237SMou,37.9356,23.6592,NULL," - "
1.1.4,"ὁ δὲ",http://pleiades.stoa.org/places/580071,37.875,23.625,unknown," - "
1.1.4,Φαληρῷ,http://pleiades.stoa.org/places/580072,37.9373,23.7062,settlement," - "
1.1.5,ἄγαλμα,http://arachne.dainst.org/entity/3585903,37.894568,23.71577,NULL," - object|agalma|Paus|Aphrodite|l - entauthastatue, Aphrodite Kolias, Kolias cape (tt:379236LKol)"
1.1.5,ἄγαλμα,http://arachne.dainst.org/entity/3585905,36.363599,25.477856,NULL," - object|agalma|Paus|t - nun|t - present|f - they say|b - Alkamenes|Herastatue, Hera, temple of Hera at Phaleron"
1.1.5,Ἀθήνας,http://pleiades.stoa.org/places/579885,37.971687,23.726464,settlement," - "
1.1.5,"ἄκρα Κωλιάς",http://topostext.org/place/379236LKol,37.8945,23.717,NULL," - "
1.1.5,αὐτὸν,http://topostext.org/binder/JB1518,37.9718,23.72793,NULL," - "
1.1.5,Γενετυλλίδες,http://arachne.dainst.org/entity/3652650,37.894568,23.71577,NULL," - object|agalma|Paus|Genetyllides|Q61679150|n - onomazō|agencyQ61679150|person|statue, Genetyllides, Kolias cape (tt:379236LKol)"
1.1.5,ἐνταῦθα,http://topostext.org/place/379236LKol,37.8945,23.717,NULL," - "
1.1.5,Ἰωνίᾳ,http://pleiades.stoa.org/places/550597,38.258572855555556,27.36601213333333,region," - "
1.1.5,κλύδων,http://pleiades.stoa.org/places/560221,37.42245628773585,25.8829628235849,water-open," - "
1.1.5,Κωλιάδι,http://topostext.org/place/379236LKol,37.8945,23.717,NULL," - "
1.1.5,Μῆδος,http://pleiades.stoa.org/places/922698,30.5,51.5,unknown," - proxy|t - Persian War|f - narrator|x - not1.1.5"
1.1.5,ναὸς,http://topostext.org/binder/JB1518,37.9718,23.72793,NULL," - "
1.1.5,ναυάγια,http://pleiades.stoa.org/places/922698,30.5,51.5,unknown," - proxy|t - Persian Warwrecks"
1.1.5,"ναυτικοῦ τοῦ Μήδων",http://pleiades.stoa.org/places/922698,30.5,51.5,unknown," - proxy|t - Persian War|tr - phtheirōnavy"
1.1.5,ταύτην,http://topostext.org/place/379236LKol,37.8945,23.717,NULL," - "
1.1.5,τοῦτό,http://arachne.dainst.org/entity/3585905,36.363599,25.477856,NULL," - object|statue|t - Persian War|f - narrator|Herastatue, Hera, temple of Hera at Phaleron"
1.1.5,Φαληροῦ,http://pleiades.stoa.org/places/580072,37.9373,23.7062,settlement," - "
1.1.5,Φωκαεῦσι,http://pleiades.stoa.org/places/550823,38.6684,26.75261,"settlement-modern,settlement"," - "
1.2.1,Ἀθηναῖοι,http://pleiades.stoa.org/places/579885,37.971687,23.726464,settlement," - "
1.2.1,Ἀθηναίοις,http://pleiades.stoa.org/places/579885,37.971687,23.726464,settlement," - proxy1.2.1"
1.2.1,Ἀμαζόνες,http://pleiades.stoa.org/places/857019,40.83378,36.53229,mountain," - proxy|t - heroic age|f - Athenians|m - erchomaiQ134154"
1.2.1,Ἀμαζόνος,http://pleiades.stoa.org/places/857019,40.83378,36.53229,mountain," - proxyQ134154"
1.2.1,Θεμίσκυραν,http://pleiades.stoa.org/places/857350,41.215176,36.967737,settlement," - "
1.2.1,Θερμώδοντι,http://pleiades.stoa.org/places/857352,41.1939559,36.9424975,river," - "
1.2.1,μνῆμα,http://topostext.org/place/380237AAmz,37.9707,23.7226,NULL," - "
1.2.1,μνῆμά,http://topostext.org/binder/JB2128,37.975,23.725,NULL," - "
1.2.1,πόλιν,http://pleiades.stoa.org/places/579885,37.971687,23.726464,settlement," - "
1.2.1,Τροιζηνίῳ,http://pleiades.stoa.org/places/570756,37.50303,23.34845,settlement," - "
1.2.1,χωρίον,http://pleiades.stoa.org/places/857350,41.215176,36.967737,settlement," - built|chorion|t - heroic age|f - Hegiaschorion = a settlement"
1.2.2,ἃ,http://topostext.org/place/380237FLW1,37.96235,23.7026,NULL," - "
1.2.2,καθῃρέθη,http://topostext.org/place/380237FLW1,37.96235,23.7026,NULL," - "
1.2.2,Κνίδῳ,http://pleiades.stoa.org/places/599575,36.686188,27.37404,settlement," - built|settlement|t - post-Peloponnesian War|t - husteronbattle"
1.2.2,Μακεδονίᾳ,http://pleiades.stoa.org/places/981531,42.5,22.5,province," - "
1.2.2,Μήδων,http://pleiades.stoa.org/places/922698,30.5,51.5,unknown," - "
1.2.2,μνῆμα,http://topostext.org/binder/JB1381,37.975,23.725,NULL," - "
1.2.2,Πειραιῶς,http://pleiades.stoa.org/places/580062,37.937222,23.644609,"theatre,region,settlement,fort"," - "
1.2.2,τὰ,http://topostext.org/binder/JB2751,37.975,23.723,NULL," - built|wall|t - Persian War|b - ThemistoklesQ12877842"
1.2.2,τάφοι,http://topostext.org/binder/JB2094,37.975,23.725,NULL," - "
1.2.2,τειχῶν,http://topostext.org/place/380237FLW1,37.96235,23.7026,NULL," - "
1.2.2,τριάκοντα,http://pleiades.stoa.org/places/579885,37.971687,23.726464,settlement," - proxy|t - Peloponnesian War|s - arche|n - onomazōThe Thirty, Q"
1.2.3,ἐπίθημα,http://topostext.org/binder/JB3506,37.9785,23.718,NULL," - "
1.2.3,Μακεδόνων,http://pleiades.stoa.org/places/981531,42.5,22.5,province," - "
1.2.3,πυλῶν,http://topostext.org/place/380237FSac,37.97806,23.71856,NULL," - built|gate|Paus|l - ou porrogate, where the road from Piraeus enters Athens|Is it the Melitides or Kerameikos Gate?"
1.2.3,Ῥόδιος,http://pleiades.stoa.org/places/590030,36.41451,28.15629,"island,settlement,temple-2,stadion"," - "
1.2.3,Σάμου,http://pleiades.stoa.org/places/599925,37.73,26.84,"island,sanctuary,settlement,temple-2"," - "
1.2.3,Σικελίᾳ,http://pleiades.stoa.org/places/462492,37.53667611952188,14.08648464579389,island," - "
1.2.3,Σολεὺς,http://pleiades.stoa.org/places/648781,35.1406719,32.8125385,"theatre,settlement"," - "
1.2.3,Συρακούσας,http://pleiades.stoa.org/places/462503,37.05963,15.29382,settlement," - "
1.2.3,"τὸν ἵππον καὶ τὸν στρατιώτην",http://topostext.org/binder/JB3506,37.9785,23.718,NULL," - object|sculpture|f - narrator|b - Praxiteles1.2.3"
1.2.4,ἃς,http://topostext.org/place/380237BPom,37.9782,23.7188,NULL," - "
1.2.4,αὐτή,http://arachne.dainst.org/entity/3888008,37.97945,23.71622,NULL," - object|agalma|Paus|b - Praxiteles|Demeter|agencyDemeter, Q40730|person|statue, Demeter, sanctuary of Demeter in Athens (bdr:JB0988)"
1.2.4,"γράμμασιν Ἀττικοῖς",http://pleiades.stoa.org/places/579888,38.051998833333336,23.818991099999998,region," - "
1.2.4,εἰκόνα,http://arachne.dainst.org/entity/3888286,37.97945,23.71622,NULL," - object|statue|t - eph hemon|f - narrator|t - presentstatue, Poseidon group, not far from the sanctuary of Demeter in Athens (bdr:JB0988)"
1.2.4,εἰκόνες,http://arachne.dainst.org/entity/3652651,37.97945,23.71622,NULL," - object|eikon|Paus|mat - chalkos|women and menbronze images, notable women and men, in front of the stoa near Kerameikos"
1.2.4,ἔργα,http://arachne.dainst.org/entity/3888285,37.97945,23.71622,NULL," - object|statue|Pausstatue, Demeter and Persephone and Iakchos, sanctuary of Demeter in Athens (bdr:JB0988)"
1.2.4,Ἴακχος,http://arachne.dainst.org/entity/3888010,37.97945,23.71622,NULL," - object|agalma|Paus|b - Praxiteles|Iakchos|agencyIakchos, Q690603|person|statue, Iakchos, sanctuary of Demeter in Athens (bdr:JB0988)"
1.2.4,ἵππου,http://arachne.dainst.org/entity/3888012,37.97945,23.71622,NULL," - object|statue|Paus|horse|agencyperson|statue, horse in Poseidon group, not far from the sanctuary of Demeter in Athens (bdr:JB0988)"
1.2.4,Κεραμεικὸν,http://pleiades.stoa.org/places/97294452,37.978333,23.718611,"production,cemetery"," - "
1.2.4,Κῴοις,http://pleiades.stoa.org/places/599581,36.844,27.17,island," - "
1.2.4,ναός,http://topostext.org/binder/JB0988,37.9782,23.7188,NULL," - "
1.2.4,ναοῦ,http://topostext.org/binder/JB0988,37.9782,23.7188,NULL," - "
1.2.4,"οἰκοδόμημα ἐς παρασκευήν ἐστι τῶν πομπῶν",http://topostext.org/place/380237BPom,37.9782,23.7188,NULL," - "
1.2.4,παῖς,http://arachne.dainst.org/entity/3888009,37.97945,23.71622,NULL," - object|agalma|Paus|b - Praxiteles|Kore|agencyPersephone, Q45967|person|statue, Persephone (the maiden), sanctuary of Demeter in Athens (bdr:JB0988)"
1.2.4,πέμπουσι,http://pleiades.stoa.org/places/579885,37.971687,23.726464,settlement," - "
1.2.4,πόλιν,http://pleiades.stoa.org/places/579885,37.971687,23.726464,settlement," - "
1.2.4,Πολυβώτην,http://arachne.dainst.org/entity/3888013,37.97945,23.71622,NULL," - object|statue|Paus|Polybotes|t - theogony|agencyQ1233841|person|statue, Polybotes in Poseidon group, not far from sanctuary of Demeter in Athens (bdr:JB0988)"
1.2.4,Ποσειδῶν,http://arachne.dainst.org/entity/3888011,37.97945,23.71622,NULL," - object|statue|Paus|Poseidon|agencyPoseidon, Q41127|person|statue, Poseidon on a horse group, not far from the sanctuary of Demeter in Athens (bdr:JB0988)"
1.2.4,πυλῶν,http://topostext.org/place/380237FSac,37.97806,23.71856,NULL," - built|pyle|Paus|l - apoGate, Athens|Is this the Melitides or Kerameikos Gate? (See 1.2.3)"
1.2.4,Χελώνης,http://pleiades.stoa.org/places/599570,36.76268,27.07748,cape," - "
1.2.5,Ἀθηναίοις,http://pleiades.stoa.org/places/579885,37.971687,23.726464,settlement," - "
1.2.5,Ἀθηναίων,http://pleiades.stoa.org/places/579885,37.971687,23.726464,settlement," - "
1.2.5,"Ἀθηνᾶς ἄγαλμα Παιωνίας",http://topostext.org/binder/JB0640,37.9769,23.7244,NULL," - object|agalma|Paus|l - entautha|Athenastatue, Athena Paionia, in sanctuary of Dionysos Melpomenos (bdr:JB1195)"
1.2.5,Ἄκρατος,http://topostext.org/binder/JB0101,37.97614,23.72249,NULL," - object|sculpture|Paus|Akratos|agencyQ|person|sculpture, Akratos, in sanctuary of Dionysos Melpomenos (bdr:JB1195)"
1.2.5,Ἀμφικτύων,http://topostext.org/binder/JB0138,37.97614,23.72249,NULL," - object|agalma|Paus|mat - pelos|s - basileus|AmphikytonAmphiktyon, Q474854|person|statue, Amphiktyon, near the sanctuary of Dionysos Melpomenos (bdr:JB1195)"
1.2.5,ἀνεῖτο,http://topostext.org/binder/JB1195,37.9774,23.721,NULL," - built|sanctuary|s - anathema|t - ep emou|t - present|Dionysos|sx: anathemasame as: house of Poulytion, in my time"
1.2.5,Ἀπόλλων,http://arachne.dainst.org/entity/3888017,37.97945,23.71622,NULL," - object|statue|Paus|b - Euboulides|s - anathema|s - ergon|Apollo|agencyApollo, Q37340|person|statue, Apollo, in sanctuary of Dionysos Melpomenos (bdr:JB1195)"
1.2.5,"γυμνάσιον Ἑρμοῦ",http://topostext.org/binder/JB1597,37.9774,23.721,NULL," - "
1.2.5,Δελφοῖς,http://pleiades.stoa.org/places/540726,38.482289,22.501169,"sanctuary,settlement"," - "
1.2.5,Διόνυσον,http://arachne.dainst.org/entity/3652652,37.97945,23.71622,NULL," - object|agalma|Paus|mat - pelos|DionysosDionysos, Q41680|person|statue, Dionysos, near the sanctuary of Dionysos Melpomenos (bdr:JB1195)"
1.2.5,Διὸς,http://topostext.org/binder/JB2977,37.9774,23.721,NULL," - object|agalma|Paus|l - entautha|ZeusZeus, Q34201|person|statue, Zeus, in sanctuary of Dionysos Melpomenos (bdr:JB1195)"
1.2.5,Ἐλευθερεύς,http://pleiades.stoa.org/places/540756,38.17934,23.37572,"settlement,fort"," - "
1.2.5,Ἐλευσῖνι,http://pleiades.stoa.org/places/579920,38.041096,23.538311,"sanctuary,settlement"," - "
1.2.5,ἐνταῦθά,http://topostext.org/binder/JB1195,37.9774,23.721,NULL," - built|sanctuary|Paus|lx: entautha|Dionysossame as: house of Poulytion"
1.2.5,ἐπιδημίαν,http://pleiades.stoa.org/places/579885,37.971687,23.726464,settlement," - "
1.2.5,ἣν,http://topostext.org/binder/JB2548,37.9774,23.721,NULL," - "
1.2.5,μαντεῖον,http://topostext.org/place/385225SDel,38.48264,22.50108,NULL," - "
1.2.5,Μνημοσύνης,http://arachne.dainst.org/entity/3888016,37.97945,23.71622,NULL," - object|agalma|Paus|l - entautha|MnemosyneMnemosyne, Q102884|person|statue, Mnemosyne, in sanctuary of Dionysos Melpomenos (bdr:JB1195)"
1.2.5,Μουσῶν,http://arachne.dainst.org/entity/4020511,37.97945,23.71622,NULL," - object|agalma|Paus|l - entautha|MusesMuses, Q66016|person|statue, Muses, in sanctuary of Dionysos Melpomenos (bdr:JB1195)"
1.2.5,Πήγασός,http://topostext.org/binder/JB2376,37.974698,23.723084,NULL," - object|agalma|Paus|mat - pelos|l - entautha|Pegasos|agencyPegasos, Q107389980|person"
1.2.5,"Πουλυτίωνος οἰκία",http://topostext.org/binder/JB2548,37.9774,23.721,NULL," - "
1.2.5,πρόσωπόν,http://arachne.dainst.org/entity/3585908,37.97945,23.71622,NULL," - object|sculpture|Paus|Akratossculpture, Akratos, in sanctuary of Dionysos Melpomenos (bdr:JB1195)"
1.2.5,τέμενός,http://topostext.org/binder/JB1195,37.9774,23.721,NULL," - "
1.2.6,Ἀθηναίων,http://pleiades.stoa.org/places/579885,37.971687,23.726464,settlement," - "
1.2.6,ἀρχὴν,http://pleiades.stoa.org/places/579888,38.051998833333336,23.818991099999998,region," - "
1.2.6,ἀρχῆς,http://pleiades.stoa.org/places/579888,38.051998833333336,23.818991099999998,region," - "
1.2.6,Ἀττικῇ,http://pleiades.stoa.org/places/579888,38.051998833333336,23.818991099999998,region," - "
1.2.6,Ἀττικὴν,http://pleiades.stoa.org/places/579888,38.051998833333336,23.818991099999998,region," - regional|chora|t - heroic age|Atthis|n - onomazōchora physical, but referent is Attica (a region)"
1.2.6,καλουμένην,http://pleiades.stoa.org/places/579888,38.051998833333336,23.818991099999998,region," - "
1.2.6,ὀνομάζουσιν,http://pleiades.stoa.org/places/579885,37.971687,23.726464,settlement," - "
1.3.1,ἔνθα,http://topostext.org/place/380237BRoS,37.976123,23.722336,NULL," - "
1.3.1,"Θησεὺς ἐς θάλασσαν Σκίρωνα",http://arachne.dainst.org/entity/3888287,37.97945,23.71622,NULL," - object|agalma|Paus|mat - keramos|Theseus|agencystatue, Theseus and Skiron, on the ceramic tiles of the Royal Stoa"
1.3.1,Κεραμεικὸς,http://pleiades.stoa.org/places/97294452,37.978333,23.718611,"production,cemetery"," - built|chorion|Paus|n - onoma|s - hero1.3.1|the area "Kerameikos", part of the built environment"
1.3.1,"στοὰ βασίλειος",http://topostext.org/place/380237BRoS,37.976123,23.722336,NULL," - "
1.3.1,στοᾶς,http://topostext.org/place/380237BRoS,37.976123,23.722336,NULL," - "
1.3.1,"φέρουσα Ἡμέρα Κέφαλον",http://arachne.dainst.org/entity/3888288,37.97945,23.71622,NULL," - object|agalma|Paus|mat - keramos|agencystatue, Hemera and Kephalos, on the tiles of the Royal Stoa"
1.3.2,Ἀθηναῖος,http://pleiades.stoa.org/places/579885,37.971687,23.726464,settlement," - "
1.3.2,ἄλλους,http://pleiades.stoa.org/places/1001896,37.5,22.5,province," - "
1.3.2,"βασιλεὺς Ἀδριανός",http://topostext.org/place/380237ASHa,37.975401,23.722349,NULL," - object|statue|Paus|t - Roman|s - basileus|l - entautha|Hadrian|agencyQ|person"
1.3.2,ἐνταῦθα,http://topostext.org/place/380237BRoS,37.976123,23.722336,NULL," - built|stoa|Paus|lx: entauthanear the Stoa?"
1.3.2,Εὐαγόρας,http://topostext.org/binder/JB1391,37.974338,23.722734,NULL," - object|statue|Paus|Euagoras|agencyQ463301|person|statue, King Euagoras, near the Royal Stoa"
1.3.2,Ζεὺς,http://arachne.dainst.org/entity/3585910,37.97945,23.71622,NULL," - object|statue|Paus|l - entautha|Zeus|n - onomazō|agencyepiklesis, Zeus, Eleutherios|Q34201|person|statue, Zeus Eleutheros, near the Royal Stoa"
1.3.2,Κόνων,http://arachne.dainst.org/entity/3888022,37.97945,23.71622,NULL," - object|agalma|Paus|Konon|agencyQ363832|person|statue, Konon, near the Royal Stoa"
1.3.2,Κυπρίων,http://pleiades.stoa.org/places/707498,35.040883529816504,33.27533716422018,island," - "
1.3.2,πόλιν,http://pleiades.stoa.org/places/579885,37.971687,23.726464,settlement," - "
1.3.2,Σαλαμῖνος,http://pleiades.stoa.org/places/580101,37.93,23.51,island," - "
1.3.2,στοᾶς,http://topostext.org/place/380237BRoS,37.976123,23.722336,NULL," - built|stoa|Paus|l - plesion1.3.2"
1.3.2,"τὰς τριήρεις τὰς Φοινίσσας",http://pleiades.stoa.org/places/678334,33.25,35.25,region," - proxy|t - post-Peloponnesian Wartriremes"
1.3.2,Τιμόθεος,http://arachne.dainst.org/entity/3888023,37.97945,23.71622,NULL," - object|statue|Paus|Timotheos|agencyQ713679|person|statue, Timotheus, near the Royal Stoa"
1.3.3,Ἀθηναίοις,http://pleiades.stoa.org/places/579885,37.971687,23.726464,settlement," - "
1.3.3,γραφὰς,http://arachne.dainst.org/entity/3585912,37.97945,23.71622,NULL," - object|graphe|Paus|twelve godspainting, Twelve Gods, on the Stoa of Zeus Eleutherios in Athens"
1.3.3,γραφὴ,http://arachne.dainst.org/entity/3585913,37.97945,23.71622,NULL," - object|graphe|f - narrator|focaliser|Theseuspainting, Theseus establishing demokratia, in the Stoa Zeus Eleutheros"
1.3.3,δημοκρατούμενοι,http://pleiades.stoa.org/places/579885,37.971687,23.726464,settlement," - "
1.3.3,δήμῳ,http://pleiades.stoa.org/places/579885,37.971687,23.726464,settlement," - "
1.3.3,"Θησεύς ἐστι γεγραμμένος καὶ Δημοκρατία τε καὶ Δῆμος",http://topostext.org/binder/JB2827,37.975401,23.722349,NULL," - "
1.3.3,στοὰ,http://topostext.org/place/380237BSZe,37.975843,23.722163,NULL," - built|stoa|Paus|b - oikodomein|l - opisthen1.3.3"
1.3.3,τοίχῳ,http://topostext.org/place/380237BSZe,37.975843,23.722163,NULL," - built|toichos|Paus|l - peranwall of the stoa"
1.3.4,Ἀθηναίοις,http://pleiades.stoa.org/places/579885,37.971687,23.726464,settlement," - "
1.3.4,Ἀθηναίων,http://pleiades.stoa.org/places/579885,37.971687,23.726464,settlement," - "
1.3.4,"Ἀπόλλωνα Πατρῷον",http://topostext.org/binder/JB0317,37.97554,23.7221,NULL," - "
1.3.4,βοηθήσοντες,http://pleiades.stoa.org/places/579885,37.971687,23.726464,settlement," - "
1.3.4,Βοιωτίαν,http://pleiades.stoa.org/places/540689,38.34668803333333,23.184677533333332,region," - proxy|t - post-Peloponnesian War|f - paintingcavalry"
1.3.4,Βοιωτοὶ,http://pleiades.stoa.org/places/540689,38.34668803333333,23.184677533333332,region," - "
1.3.4,γραφὰς,http://topostext.org/binder/JB2065,37.975401,23.722349,NULL," - "
1.3.4,γραφῇ,http://topostext.org/binder/JB2065,37.975401,23.722349,NULL," - "
1.3.4,Δελφῶν,http://pleiades.stoa.org/places/540726,38.482289,22.501169,"sanctuary,settlement"," - built|sanctuary|t - Peloponnesian War|f - they say1.3.4"
1.3.4,ἐνταῦθά,http://topostext.org/place/380237BSZe,37.975843,23.722163,NULL," - built|stoa|Paus|lx: entautha1.3.4"
1.3.4,Θηβαῖος,http://pleiades.stoa.org/places/541138,38.318092,23.255096,"sanctuary,settlement"," - "
1.3.4,Καδμείας,http://pleiades.stoa.org/places/541138,38.318092,23.255096,"sanctuary,settlement"," - built|settlement|t - post-Peloponnesian War|f - Xenophonbattle (katalēpsis)|event"
1.3.4,Λακεδαιμονίοις,http://pleiades.stoa.org/places/570406,37.07624042080912,22.46082645177671,region," - "
1.3.4,Λακεδαιμονίων,http://pleiades.stoa.org/places/570406,37.07624042080912,22.46082645177671,region," - proxy|t - post-Peloponnesian War|f - Xenophonbattle (ptaisma)|event"
1.3.4,Λεύκτροις,http://pleiades.stoa.org/places/540913,38.25422,23.18095,settlement," - built|settlement|t - post-Peloponnesian War|f - Xenophon|l - enbattle|event"
1.3.4,μάντευμα,http://topostext.org/place/385225SDel,38.48264,22.50108,NULL," - "
1.3.4,Μαντίνειαν,http://pleiades.stoa.org/places/570459,37.618138,22.393259,settlement," - "
1.3.4,ναῷ,http://topostext.org/place/380237SPtr,37.97554,23.7221,NULL," - "
1.3.4,νεὼ,http://topostext.org/place/380237SPtr,37.97554,23.7221,NULL," - "
1.3.4,"ὃν δὲ",http://topostext.org/binder/JB0280,37.975,23.7222,NULL," - object|statue|Paus|b - Kalamis|Apolloperson"
1.3.4,Πελοποννησίων,http://pleiades.stoa.org/places/570577,37.25289777692308,22.312752688461543,"peninsula,region"," - "
1.3.4,Πελοπόννησον,http://pleiades.stoa.org/places/570577,37.25289777692308,22.312752688461543,"peninsula,region"," - regional|t - post-Peloponnesian War|f - Xenophon|l - esbattle"
1.3.4,σφίσι,http://pleiades.stoa.org/places/579885,37.971687,23.726464,settlement," - "
1.3.4,"τὸ περὶ Μαντίνειαν Ἀθηναίων ἔργον",http://topostext.org/binder/JB2065,37.975401,23.722349,NULL," - object|graphe|Paus|l - entautha|s - ergonevent"
1.3.4,"τὸν μὲν",http://arachne.dainst.org/entity/3585914,37.97945,23.71622,NULL," - "
1.3.5,Ἀθηναίοις,http://pleiades.stoa.org/places/579885,37.971687,23.726464,settlement," - "
1.3.5,Ἀθηναίους,http://pleiades.stoa.org/places/579885,37.971687,23.726464,settlement," - "
1.3.5,Ἀπόλλων,http://arachne.dainst.org/entity/3585918,37.97945,23.71622,NULL," - object|statue|Paus|b - Peisios|Apollo|mat - woodQ37340|person|statue, Apollo, in the Bouleterion, Athens"
1.3.5,αὐτῷ,http://topostext.org/place/380237BBol,37.975183,23.7218,NULL," - "
1.3.5,βουλευτήριον,http://topostext.org/place/380237BBol,37.975183,23.7218,NULL," - "
1.3.5,Γαλατῶν,http://pleiades.stoa.org/places/993,44.730982100000006,3.5988981583333333,region," - proxy|t - Gallic War|tr - eisballōCelts: ToposText 490070RKel"
1.3.5,Δῆμος,http://arachne.dainst.org/entity/3585919,37.97945,23.71622,NULL," - object|statue|Paus|b - Lyson|DemosQ4157689|person|statue, Demos, in the Bouleterion, Athens"
1.3.5,Ἑλλάδα,http://pleiades.stoa.org/places/1001896,37.5,22.5,province," - "
1.3.5,ἣν,http://topostext.org/place/380238BMet,37.9752,23.722,NULL," - "
1.3.5,Θερμοπύλας,http://pleiades.stoa.org/places/541140,38.796511,22.538294,"shrine,pass,fort"," - physical|pass|t - Gallic War|l - esbattle"
1.3.5,θεσμοθέτας,http://topostext.org/binder/JB2847,37.975183,23.7218,NULL," - "
1.3.5,ἱερόν,http://topostext.org/place/380238BMet,37.9752,23.722,NULL," - "
1.3.5,Κάλλιππον,http://topostext.org/binder/JB1861,37.975183,23.7218,NULL," - object|graphe|Paus|b - Olbiades|Kallipposperson"
1.3.5,Καύνιος,http://pleiades.stoa.org/places/638796,36.825909,28.621536,settlement," - "
1.3.5,"ξόανον Διὸς",http://topostext.org/binder/JB2985,37.975183,23.7218,NULL," - "
1.4.1,ἄμπωτιν,http://pleiades.stoa.org/places/79632,50.0,-9.0,water-open," - "
1.4.1,βαρβάρων,http://pleiades.stoa.org/places/993,44.730982100000006,3.5988981583333333,region," - "
1.4.1,Γαλάται,http://pleiades.stoa.org/places/993,44.730982100000006,3.5988981583333333,region," - proxy|xm - nemomai1.4.1"
1.4.1,Γαλάτας,http://pleiades.stoa.org/places/993,44.730982100000006,3.5988981583333333,region," - "
1.4.1,ἐγίνοντο,http://pleiades.stoa.org/places/993,44.730982100000006,3.5988981583333333,region," - "
1.4.1,ἕκαστοι,http://pleiades.stoa.org/places/1001896,37.5,22.5,province," - proxy|t - Gallic War|f - narrator|xi - boētheō1.4.1"
1.4.1,ἐπέδραμε,http://pleiades.stoa.org/places/993,44.730982100000006,3.5988981583333333,region," - "
1.4.1,ἐποίησε,http://pleiades.stoa.org/places/993,44.730982100000006,3.5988981583333333,region," - proxy|t - Gallic War|tr - poieōarmy"
1.4.1,Ἠριδανός,http://pleiades.stoa.org/places/393469,44.952389,12.432028,river," - "
1.4.1,"θαλάσσῃ πολλῇ",http://pleiades.stoa.org/places/79632,50.0,-9.0,water-open," - "
1.4.1,Θερμοπυλῶν,http://pleiades.stoa.org/places/541140,38.796511,22.538294,"shrine,pass,fort"," - physical|pass|t - Gallic War|l - eggusbattle"
1.4.1,Θεσσαλίαν,http://pleiades.stoa.org/places/1332,39.6,22.2,region," - "
1.4.1,κακωθέντες,http://pleiades.stoa.org/places/1001896,37.5,22.5,province," - "
1.4.1,Κελτοὶ,http://pleiades.stoa.org/places/993,44.730982100000006,3.5988981583333333,region," - "
1.4.1,Μακεδόνας,http://pleiades.stoa.org/places/981531,42.5,22.5,province," - "
1.4.1,Μακεδόνων,http://pleiades.stoa.org/places/981531,42.5,22.5,province," - "
1.4.1,"οἱ πολλοὶ τῶν Ἑλλήνων",http://pleiades.stoa.org/places/1001896,37.5,22.5,province," - proxy|t - Gallic War|t - entautha|xm - ēsuchazōmany of the Greeks"
1.4.1,ῥαχίαν,http://pleiades.stoa.org/places/79632,50.0,-9.0,water-open," - "
1.4.1,σφᾶς,http://pleiades.stoa.org/places/993,44.730982100000006,3.5988981583333333,region," - "
1.4.1,"σφισι στρατιὰ",http://pleiades.stoa.org/places/993,44.730982100000006,3.5988981583333333,region," - proxy|t - Gallic War|m - trepō|agencyarmy"
1.4.1,"τὴν ἐπὶ Ἰονίου",http://pleiades.stoa.org/places/1046,39.03244647555555,19.674861075555555,water-open," - "
1.4.1,"τὸ Ἑλληνικόν",http://pleiades.stoa.org/places/1001896,37.5,22.5,province," - "
1.4.1,"τό τε Ἰλλυριῶν ἔθνος",http://pleiades.stoa.org/places/481866,41.5,19.5,unknown," - "
1.4.1,χώρας,http://pleiades.stoa.org/places/993,44.730982100000006,3.5988981583333333,region," - regional|chora|f - narratorchora physical, but referent is the land of the Gauls (a region)"
1.4.1,ᾧ,http://pleiades.stoa.org/places/393469,44.952389,12.432028,river," - "
1.4.2,Ἀθηναῖοι,http://pleiades.stoa.org/places/579885,37.971687,23.726464,settlement," - proxy|t - Macedonian War1.4.2"
1.4.2,ἀτραπόν,http://pleiades.stoa.org/places/541140,38.796511,22.538294,"shrine,pass,fort"," - "
1.4.2,αὐτῇ,http://pleiades.stoa.org/places/541140,38.796511,22.538294,"shrine,pass,fort"," - "
1.4.2,βαρβάρους,http://pleiades.stoa.org/places/993,44.730982100000006,3.5988981583333333,region," - "
1.4.2,βιασάμενοι,http://pleiades.stoa.org/places/993,44.730982100000006,3.5988981583333333,region," - "
1.4.2,εἶργον,http://pleiades.stoa.org/places/579885,37.971687,23.726464,settlement," - "
1.4.2,Ἑλλάδα,http://pleiades.stoa.org/places/1001896,37.5,22.5,province," - "
1.4.2,Ἕλληνας,http://pleiades.stoa.org/places/1001896,37.5,22.5,province," - "
1.4.2,Ἑλλήνων,http://pleiades.stoa.org/places/1001896,37.5,22.5,province," - "
1.4.2,ἣν,http://pleiades.stoa.org/places/541140,38.796511,22.538294,"shrine,pass,fort"," - "
1.4.2,Θερμοπύλας,http://pleiades.stoa.org/places/541140,38.796511,22.538294,"shrine,pass,fort"," - physical|pass|t - Gallic War|l - esbattle"
1.4.2,καταλαβόντες,http://pleiades.stoa.org/places/579885,37.971687,23.726464,settlement," - "
1.4.2,Κελτοὶ,http://pleiades.stoa.org/places/993,44.730982100000006,3.5988981583333333,region," - "
1.4.2,"Μακεδονικοῦ πολέμου",http://pleiades.stoa.org/places/981531,42.5,22.5,province," - proxy|t - Macedonian Warwar"
1.4.2,Μήδοις,http://pleiades.stoa.org/places/922698,30.5,51.5,unknown," - "
1.4.2,Οἴτην,http://pleiades.stoa.org/places/540968,38.7922475,22.2564576,mountain," - physical|mountain|t - Gallic War1.4.2"
1.4.2,στενώτατον,http://pleiades.stoa.org/places/541140,38.796511,22.538294,"shrine,pass,fort"," - "
1.4.2,Τραχίνιος,http://pleiades.stoa.org/places/541157,38.790767,22.442503,settlement," - "
1.4.2,ὑπερβαλόντες,http://pleiades.stoa.org/places/993,44.730982100000006,3.5988981583333333,region," - "
1.4.2,Φωκέων,http://pleiades.stoa.org/places/541048,38.25,22.25,unknown," - "
1.4.2,ὥρμηντο,http://pleiades.stoa.org/places/579885,37.971687,23.726464,settlement," - "
1.4.3,Ἀθηναῖοι,http://pleiades.stoa.org/places/579885,37.971687,23.726464,settlement," - "
1.4.3,ἀμυνόμενοι,http://pleiades.stoa.org/places/579885,37.971687,23.726464,settlement," - "
1.4.3,ἀναλαβόντες,http://pleiades.stoa.org/places/579885,37.971687,23.726464,settlement," - "
1.4.3,βαρβάρους,http://pleiades.stoa.org/places/993,44.730982100000006,3.5988981583333333,region," - "
1.4.3,ἐβιάζοντο,http://pleiades.stoa.org/places/579885,37.971687,23.726464,settlement," - proxy|t - Gallic War|tr - biazomai|trx: biazō|m - pleōships"
1.4.3,ἐκυκλώθησαν,http://pleiades.stoa.org/places/579885,37.971687,23.726464,settlement," - "
1.4.3,Ἕλληνας,http://pleiades.stoa.org/places/1001896,37.5,22.5,province," - proxy|t - Gallic War|f - narrator1.4.3"
1.4.3,Ἕλλησιν,http://pleiades.stoa.org/places/1001896,37.5,22.5,province," - "
1.4.3,θάλασσαν,http://pleiades.stoa.org/places/560221,37.42245628773585,25.8829628235849,water-open," - "
1.4.3,Θερμοπύλαις,http://pleiades.stoa.org/places/541140,38.796511,22.538294,"shrine,pass,fort"," - "
1.4.3,κόλπου,http://topostext.org/place/389226WMal,38.8679,22.6338,NULL," - "
1.4.3,Λαμιακοῦ,http://pleiades.stoa.org/places/540902,38.9046,22.43516,settlement," - "
1.4.3,νεῶν,http://pleiades.stoa.org/places/579885,37.971687,23.726464,settlement," - proxy|t - Gallic Warships"
1.4.3,πηλοῦ,http://pleiades.stoa.org/places/541140,38.796511,22.538294,"shrine,pass,fort"," - proxy|t - Gallic War|mat - pelos|agencymud"
1.4.3,ταύτῃ,http://pleiades.stoa.org/places/541140,38.796511,22.538294,"shrine,pass,fort"," - proxy|hudor|f - narrator|m - rheō|agencywater"
1.4.4,Αἰτωλικὸν,http://pleiades.stoa.org/places/540591,38.51586100952381,21.759714990476194,region," - "
1.4.4,Αἰτωλῶν,http://pleiades.stoa.org/places/540591,38.51586100952381,21.759714990476194,region," - proxy|t - Gallic War|m - aphikneomai|agencyforce (dunamis)"
1.4.4,βαρβάροις,http://pleiades.stoa.org/places/993,44.730982100000006,3.5988981583333333,region," - "
1.4.4,Γαλάται,http://pleiades.stoa.org/places/993,44.730982100000006,3.5988981583333333,region," - "
1.4.4,Γαλάτας,http://pleiades.stoa.org/places/993,44.730982100000006,3.5988981583333333,region," - "
1.4.4,δείματά,http://pleiades.stoa.org/places/1001896,37.5,22.5,province," - proxy|t - Gallic War|t - entautha|m - histēmi|agencyTerrible shapes as (Greek) hoplites"
1.4.4,Δελφοὶ,http://pleiades.stoa.org/places/540726,38.482289,22.501169,"sanctuary,settlement"," - "
1.4.4,Δελφοὺς,http://pleiades.stoa.org/places/540726,38.482289,22.501169,"sanctuary,settlement"," - "
1.4.4,εἶχον,http://pleiades.stoa.org/places/993,44.730982100000006,3.5988981583333333,region," - "
1.4.4,Ἕλληνας,http://pleiades.stoa.org/places/1001896,37.5,22.5,province," - "
1.4.4,ἔχοντες,http://pleiades.stoa.org/places/540726,38.482289,22.501169,"sanctuary,settlement"," - "
1.4.4,κεραυνοί,http://pleiades.stoa.org/places/1001896,37.5,22.5,province," - proxy|t - Gallic War|t - entautha|m - feromai|agencyThunderbolts"
1.4.4,οὗτοι,http://pleiades.stoa.org/places/579885,37.971687,23.726464,settlement," - proxy|t - Gallic War1.4.4"
1.4.4,Παρνασσὸν,http://pleiades.stoa.org/places/541012,38.5348857,22.6222206,mountain," - "
1.4.4,"πέτραι τοῦ Παρνασσοῦ",http://pleiades.stoa.org/places/541012,38.5348857,22.6222206,mountain," - "
1.4.4,ποιησάμενοι,http://pleiades.stoa.org/places/993,44.730982100000006,3.5988981583333333,region," - "
1.4.4,Πυλῶν,http://pleiades.stoa.org/places/541140,38.796511,22.538294,"shrine,pass,fort"," - physical|pass|t - Gallic War|l - entoswithin (entos) = south of the Gates"
1.4.4,σφισιν,http://pleiades.stoa.org/places/993,44.730982100000006,3.5988981583333333,region," - "
1.4.4,τούτων,http://pleiades.stoa.org/places/1001896,37.5,22.5,province," - proxy|t - Gallic War|f - they saythe (Greek) deimata"
1.4.4,Φωκέων,http://pleiades.stoa.org/places/541048,38.25,22.25,unknown," - "
1.4.5,Ἄγδιστιν,http://pleiades.stoa.org/places/609290,39.198474,30.71494,temple-2," - "
1.4.5,Ἄγκυραν,http://pleiades.stoa.org/places/619103,39.944387,32.858128,settlement," - "
1.4.5,Ἀσίαν,http://pleiades.stoa.org/places/837,39.64014749138555,31.033254534661616,"peninsula,region"," - "
1.4.5,Γαλάτας,http://pleiades.stoa.org/places/993,44.730982100000006,3.5988981583333333,region," - "
1.4.5,Γαλατῶν,http://pleiades.stoa.org/places/993,44.730982100000006,3.5988981583333333,region," - proxy|t - Gallic War|m - bainōCelts: ToposText 490070RKel|1.4.5"
1.4.5,εἷλον,http://pleiades.stoa.org/places/550812,39.1325,27.184167,"theatre,sanctuary,settlement,temple-2"," - "
1.4.5,ἐλαύνουσιν,http://pleiades.stoa.org/places/550812,39.1325,27.184167,"theatre,sanctuary,settlement,temple-2"," - "
1.4.5,ἑλόντες,http://pleiades.stoa.org/places/550812,39.1325,27.184167,"theatre,sanctuary,settlement,temple-2"," - "
1.4.5,ἔνθα,http://pleiades.stoa.org/places/609290,39.198474,30.71494,temple-2," - "
1.4.5,ἣν,http://pleiades.stoa.org/places/619103,39.944387,32.858128,settlement," - "
1.4.5,ἣν,http://pleiades.stoa.org/places/619103,39.944387,32.858128,settlement," - object|anchor|t - heroic ageanchor found in this place"
1.4.5,θαλάσσης,http://pleiades.stoa.org/places/560221,37.42245628773585,25.8829628235849,water-open," - "
1.4.5,οὗτοι,http://pleiades.stoa.org/places/550812,39.1325,27.184167,"theatre,sanctuary,settlement,temple-2"," - "
1.4.5,Πέργαμον,http://pleiades.stoa.org/places/550812,39.1325,27.184167,"theatre,sanctuary,settlement,temple-2"," - "
1.4.5,Πεσσινοῦντα,http://pleiades.stoa.org/places/609500,39.33149,31.58297,settlement," - "
1.4.5,Σαγγαρίου,http://pleiades.stoa.org/places/511406,40.99129035,30.592850650000003,river," - "
1.4.5,ταύτην,http://pleiades.stoa.org/places/837,39.64014749138555,31.033254534661616,"peninsula,region"," - regional|t - Gallic Warreferring back to Asia?"
1.4.5,Τευθρανίαν,http://pleiades.stoa.org/places/550916,39.035223,27.054771,settlement," - built|settlement|t - palaios|t - pre-Persian War|n - kaleōsame as Pergamon"
1.4.5,Φρυγῶν,http://pleiades.stoa.org/places/609502,38.75,29.75,region," - "
1.4.6,ἀναχώρησις,http://pleiades.stoa.org/places/550812,39.1325,27.184167,"theatre,sanctuary,settlement,temple-2"," - proxy|t - Gallic War|f - narrator|m - choreō|mx: choreōevent"
1.4.6,Ἀρκάδες,http://pleiades.stoa.org/places/570102,37.567419268449626,22.165323097346306,region," - "
1.4.6,ἀρχὴ,http://pleiades.stoa.org/places/550812,39.1325,27.184167,"theatre,sanctuary,settlement,temple-2"," - proxy|t - Macedonian War|f - narrator|Px: arche|s - archeevent"
1.4.6,Ἀσίαν,http://pleiades.stoa.org/places/837,39.64014749138555,31.033254534661616,"peninsula,region"," - "
1.4.6,Ἀσίας,http://pleiades.stoa.org/places/837,39.64014749138555,31.033254534661616,"peninsula,region"," - regional|t - Macedonian War|f - narrator|l - kato|orientationdown (katō) = coastal region of Asia"
1.4.6,αὐτῆς,http://pleiades.stoa.org/places/837,39.64014749138555,31.033254534661616,"peninsula,region"," - "
1.4.6,αὐτοὶ,http://pleiades.stoa.org/places/550812,39.1325,27.184167,"theatre,sanctuary,settlement,temple-2"," - "
1.4.6,Γαλάτας,http://pleiades.stoa.org/places/993,44.730982100000006,3.5988981583333333,region," - "
1.4.6,Γαλατῶν,http://pleiades.stoa.org/places/993,44.730982100000006,3.5988981583333333,region," - proxy|t - Gallic War|f - narratorCelts: ToposText 490070RKel"
1.4.6,Γαλατῶν,http://pleiades.stoa.org/places/993,44.730982100000006,3.5988981583333333,region," - proxy|t - presentCelts: ToposText 490070RKel"
1.4.6,γραφὴ,http://arachne.dainst.org/entity/3585923,39.132126,27.183953,NULL," - object|graphe|opsis|t - presentpainting, battle between the Pergamons and Gauls, in Pergamon"
1.4.6,διαβάντων,http://pleiades.stoa.org/places/550812,39.1325,27.184167,"theatre,sanctuary,settlement,temple-2"," - "
1.4.6,Ἕλληνες,http://pleiades.stoa.org/places/1001896,37.5,22.5,province," - "
1.4.6,ἐπολέμησαν,http://pleiades.stoa.org/places/550812,39.1325,27.184167,"theatre,sanctuary,settlement,temple-2"," - "
1.4.6,ἔργον,http://pleiades.stoa.org/places/550812,39.1325,27.184167,"theatre,sanctuary,settlement,temple-2"," - "
1.4.6,ἣν,http://pleiades.stoa.org/places/550812,39.1325,27.184167,"theatre,sanctuary,settlement,temple-2"," - physical|land|t - presentge as physical location"
1.4.6,ἱεράν,http://pleiades.stoa.org/places/550812,39.1325,27.184167,"theatre,sanctuary,settlement,temple-2"," - "
1.4.6,Ἰλίου,http://pleiades.stoa.org/places/550595,39.9577,26.23873,settlement," - "
1.4.6,Περγαμηνοῖς,http://pleiades.stoa.org/places/550812,39.1325,27.184167,"theatre,sanctuary,settlement,temple-2"," - proxy|t - present1.4.6"
1.4.6,τόλμημα,http://pleiades.stoa.org/places/550812,39.1325,27.184167,"theatre,sanctuary,settlement,temple-2"," - proxy|t - heroic age|f - narrator|i - tolmaō|ix: tolmaōevent"
1.4.6,Τρῳάδα,http://pleiades.stoa.org/places/550944,39.90055031028392,26.331240828799153,region," - "
1.5.1,ἀγάλματα,http://arachne.dainst.org/entity/3652653,37.97945,23.71622,NULL," - object|agalma|Paus|mat - argyreos|l - entauthastatue of Athena in the Tholos at Athens"
1.5.1,Ἀθηναίοις,http://pleiades.stoa.org/places/579885,37.971687,23.726464,settlement," - "
1.5.1,ἀνδριάντες,http://topostext.org/place/380237SEpH,37.975104,23.72239,NULL," - "
1.5.1,ἐνταῦθα,http://topostext.org/place/380237BTho,37.974874,23.721934,NULL," - "
1.5.1,Θόλος,http://topostext.org/place/380237BTho,37.974874,23.721934,NULL," - "
1.5.1,ὀνόματα,http://pleiades.stoa.org/places/579885,37.971687,23.726464,settlement," - proxy|t - pre-Persian War|f - Herodotus|s - archaios|nx: onomaonoma - names of the heroes"
1.5.1,σφισι,http://pleiades.stoa.org/places/579885,37.971687,23.726464,settlement," - "
1.5.1,"τοῦ βουλευτηρίου τῶν πεντακοσίων",http://topostext.org/place/380237BBol,37.975183,23.7218,NULL," - built|bouleuterion|Paus|l - plesion1.5.1"
1.5.1,φυλὰς,http://pleiades.stoa.org/places/579885,37.971687,23.726464,settlement," - proxy|t - pre-Persian War|f - Herodotusphylai - tribes"
1.5.2,Ἀθηναίων,http://pleiades.stoa.org/places/579885,37.971687,23.726464,settlement," - "
1.5.2,Αἴας,http://topostext.org/binder/JB0081,37.97614,23.72249,NULL," - object|statue|Paus|Aias|s - hero|agencyQ172725|person"
1.5.2,Αἰγεύς,http://topostext.org/binder/JB0088,37.97614,23.72249,NULL," - object|statue|Paus|Aigeus|s - hero|agencyQ191725|person"
1.5.2,Ἀκάμας,http://topostext.org/binder/JB0099,37.97614,23.72249,NULL," - andrias1.5.2|Q348668"
1.5.2,Ἀντίοχος,http://topostext.org/binder/JB0175,37.97614,23.72249,NULL," - statue|object|Paus|Antiochos|s - hero|agencyQ4067044|person"
1.5.2,Ἐλευσινίους,http://pleiades.stoa.org/places/579920,38.041096,23.538311,"sanctuary,settlement"," - "
1.5.2,ἐπωνύμοις,http://topostext.org/place/380237SEpH,37.975104,23.72239,NULL," - "
1.5.2,ἐπωνύμων,http://topostext.org/place/380237SEpH,37.975104,23.72239,NULL," - object|statue|Paus|f - narrator|heroes|n - kaleō|s - hero|agency1.5.2|person"
1.5.2,Ἐρεχθεύς,http://topostext.org/binder/JB1308,37.974338,23.722734,NULL," - object|statue|Paus|Erechtheus|s - hero|agencyQ301219|person"
1.5.2,Ἱπποθόων,http://topostext.org/binder/JB1755,37.9753,23.7223,NULL," - object|statue|Paus|Hippothoon|s - hero|agencyQ1304531|person"
1.5.2,Λεώς,http://topostext.org/binder/JB1995,37.9751,23.721,NULL," - object|statue|Paus|Leos|s - hero|agencyQ4258941|person"
1.5.2,Οἰνεὺς,http://topostext.org/binder/JB2246,37.974698,23.723084,NULL," - object|statue|Paus|Oineus|s - hero|agencyQ749966|person"
1.5.2,"τοῦ θεοῦ χρήσαντος",http://topostext.org/place/385225SDel,38.48264,22.50108,NULL," - "
1.5.3,ἄγουσιν,http://pleiades.stoa.org/places/579885,37.971687,23.726464,settlement," - "
1.5.3,ἀρχῆς,http://pleiades.stoa.org/places/579885,37.971687,23.726464,settlement," - "
1.5.3,αὐτοῦ,http://pleiades.stoa.org/places/570468,37.2038,15.18273,"region,settlement"," - "
1.5.3,"ἐπωνύμοις εἰκόνας",http://topostext.org/place/380237SEpH,37.975104,23.72239,NULL," - object|eikon|f - narrator|l - en|heroesperson"
1.5.3,Εὔβοιαν,http://pleiades.stoa.org/places/540775,38.53,23.87,island," - "
1.5.3,θαλάσσῃ,http://pleiades.stoa.org/places/570654,37.77606943333334,23.46300815833333,water-open," - "
1.5.3,Κέκροπα,http://topostext.org/binder/JB1883,37.9753,23.7223,NULL," - object|statue|Paus|t - present|s - timai|Kekrops|agency|s - hero1.5.3|Q500739|person"
1.5.3,Μέγαρα,http://pleiades.stoa.org/places/570468,37.2038,15.18273,"region,settlement"," - "
1.5.3,Μεγαρίδι,http://pleiades.stoa.org/places/570470,37.2038,15.18273,"region,settlement"," - regional|opsis**BRADY** - The location of Megara in the Recogito popup map is incorrect, but it is correct in Pleiades. (Maybe Pleiades has updated its records?)"
1.5.3,Μεγάροις,http://pleiades.stoa.org/places/570468,37.2038,15.18273,"region,settlement"," - "
1.5.3,Πανδίονα,http://topostext.org/binder/JB2333,37.974698,23.723084,NULL," - object|statue|Paus|t - present|s - timai|Pandion|s - hero|agencyQ865111|person"
1.5.4,Ἀθηναίων,http://pleiades.stoa.org/places/579885,37.971687,23.726464,settlement," - "
1.5.4,ἀκροπόλει,http://pleiades.stoa.org/places/638356144,37.971421,23.726166,"acropolis,architecturalcomplex"," - "
1.5.4,"ἄλλος ἀνδριάς",http://arachne.dainst.org/entity/3585924,37.97945,23.71622,NULL," - "
1.5.4,Ἑλλήνων,http://pleiades.stoa.org/places/1001896,37.5,22.5,province," - "
1.5.4,Θρᾷκα,http://topostext.org/place/410265RThr,41.0,26.5,NULL," - proxy|t - heroic ageTereus"
1.5.4,Μεγάρων,http://pleiades.stoa.org/places/570468,37.2038,15.18273,"region,settlement"," - "
1.5.5,Ἀδριανοῦ,http://topostext.org/place/380237ASHa,37.975401,23.722349,NULL," - object|statue|Paus|t - husteron|t - kat eme|t - idi|t - present|Hadrian|agencyQ1427|person"
1.5.5,Ἀθηναίοις,http://pleiades.stoa.org/places/579885,37.971687,23.726464,settlement," - "
1.5.5,Ἀθήνῃσιν,http://pleiades.stoa.org/places/579885,37.971687,23.726464,settlement," - "
1.5.5,Αἰγυπτίου,http://pleiades.stoa.org/places/981503,19.211408766666665,30.567329633333333,region," - "
1.5.5,Ἀττάλου,http://topostext.org/binder/JB0699,37.975374,23.723929,NULL," - object|statue|Paus|t - husteron|t - post-Macedonian War|Attalos|agencyQ110745|person"
1.5.5,Ἑλληνίσι,http://pleiades.stoa.org/places/1001896,37.5,22.5,province," - built|polis|t - RomanGreek cities given gifts by Hadrian, unspecified"
1.5.5,ἔχουσιν,http://pleiades.stoa.org/places/579885,37.971687,23.726464,settlement," - "
1.5.5,ἱερὰ,http://pleiades.stoa.org/places/1001896,37.5,22.5,province," - built|hieron|t - Romangeneric sanctuaries of the gods, founded or adorned by Hadrian"
1.5.5,Μυσοῦ,http://pleiades.stoa.org/places/550759,39.13112815791898,27.184419878077563,"labeled feature"," - "
1.5.5,οἵδε,http://topostext.org/place/380237SEpH,37.975104,23.72239,NULL," - object|statue|Paus|t - archaios|t - heroic age|heroes1.5.5"
1.5.5,Πτολεμαίου,http://topostext.org/binder/JB2568,37.974698,23.723084,NULL," - object|statue|Paus|t - husteron|t - post-Macedonian War|Ptolemaios|agencyPtolemy II? Q39576|person"
1.5.5,Σύρων,http://pleiades.stoa.org/places/981550,37.5,37.5,province," - proxy|t - Roman|l - hyperthose above Syria - defining the Hebrews"
1.5.5,"τῷ κοινῷ τῶν θεῶν ἱερῷ",http://topostext.org/binder/JB0119,37.974,23.726,NULL," - built|hieron|opsis|l - en|all gods1.5.5"
1.6.1,Αἰγύπτου,http://pleiades.stoa.org/places/981503,19.211408766666665,30.567329633333333,region," - "
1.6.1,Μυσῶν,http://pleiades.stoa.org/places/550759,39.13112815791898,27.184419878077563,"labeled feature"," - "
1.6.2,Ἀσίᾳ,http://pleiades.stoa.org/places/837,39.64014749138555,31.033254534661616,"peninsula,region"," - "
1.6.2,Μακεδόνες,http://pleiades.stoa.org/places/981531,42.5,22.5,province," - "
1.6.2,Ὀξυδράκαις,http://pleiades.stoa.org/places/59970,32.5,72.5,people," - "
1.6.2,τοῖς,http://pleiades.stoa.org/places/981531,42.5,22.5,province," - "
1.6.3,Αἰγὰς,http://pleiades.stoa.org/places/491512,40.479304,22.324777,"settlement,tomb,cemetery"," - "
1.6.3,Αἴγυπτον,http://pleiades.stoa.org/places/981503,19.211408766666665,30.567329633333333,region," - "
1.6.3,Αἰγύπτου,http://pleiades.stoa.org/places/981503,19.211408766666665,30.567329633333333,region," - "
1.6.3,Αἰγύπτῳ,http://pleiades.stoa.org/places/981503,19.211408766666665,30.567329633333333,region," - "
1.6.3,Μακεδόνας,http://pleiades.stoa.org/places/981531,42.5,22.5,province," - "
1.6.3,Μακεδόνων,http://pleiades.stoa.org/places/981531,42.5,22.5,province," - "
1.6.3,Μέμφει,http://pleiades.stoa.org/places/736963,29.849667,31.254278,"settlement,urban"," - "
1.6.3,παραδοῦναι,http://pleiades.stoa.org/places/981531,42.5,22.5,province," - "
1.6.4,Θρᾴκῃ,http://topostext.org/place/410265RThr,41.0,26.5,NULL," - "
1.6.4,Σύρους,http://pleiades.stoa.org/places/981550,37.5,37.5,province," - "
1.6.4,Φοινίκην,http://pleiades.stoa.org/places/678334,33.25,35.25,region," - "
1.6.5,Αἰγυπτίων,http://pleiades.stoa.org/places/981503,19.211408766666665,30.567329633333333,region," - "
1.6.5,Αἴγυπτον,http://pleiades.stoa.org/places/981503,19.211408766666665,30.567329633333333,region," - regional|t - Macedonian War|t - tote1.6.5"
1.6.5,Ἑλλήσποντον,http://pleiades.stoa.org/places/501434,40.2,26.4,water-open," - physical|strait|t - Macedonian War|orientationgoes down to the Hellespont"
1.6.5,Κυρηναίων,http://pleiades.stoa.org/places/373778,32.818736,21.856169,settlement," - "
1.6.5,Λιβύην,http://pleiades.stoa.org/places/716588,31.5,26.5,region," - "
1.6.5,στρατιάν,http://pleiades.stoa.org/places/981531,42.5,22.5,province," - proxy|t - Macedonian Wararmy"
1.6.5,Σύρους,http://pleiades.stoa.org/places/981550,37.5,37.5,province," - "
1.6.5,Φοίνικας,http://pleiades.stoa.org/places/678334,33.25,35.25,region," - "
1.6.5,χώρας,http://pleiades.stoa.org/places/981503,19.211408766666665,30.567329633333333,region," - regional|chora|t - Macedonian Warchora physical, but referent is an area of land"
1.6.6,Αἰγυπτίους,http://pleiades.stoa.org/places/981503,19.211408766666665,30.567329633333333,region," - "
1.6.6,Αἴγυπτον,http://pleiades.stoa.org/places/981503,19.211408766666665,30.567329633333333,region," - "
1.6.6,ἀρχὴν,http://pleiades.stoa.org/places/981503,19.211408766666665,30.567329633333333,region," - proxy|Px: arche|s - archearche"
1.6.6,Κύπρον,http://pleiades.stoa.org/places/707498,35.040883529816504,33.27533716422018,island," - "
1.6.6,νῆσος,http://pleiades.stoa.org/places/590031,36.41451,28.15629,"island,settlement,temple-2,stadion"," - "
1.6.6,Πηλουσίῳ,http://pleiades.stoa.org/places/727192,31.042265,32.540631,"theatre,settlement,fort,port"," - "
1.6.6,πολιορκοῦντας,http://pleiades.stoa.org/places/981531,42.5,22.5,province," - proxy|t - Macedonian War|trx: poliorkeō|tr - poliorkeōMacedonians"
1.6.6,ποταμοῦ,http://pleiades.stoa.org/places/727172,19.211408766666665,30.567329633333333,river," - "
1.6.6,Ῥόδιοι,http://pleiades.stoa.org/places/590031,36.41451,28.15629,"island,settlement,temple-2,stadion"," - "
1.6.6,Ῥοδίους,http://pleiades.stoa.org/places/590031,36.41451,28.15629,"island,settlement,temple-2,stadion"," - "
1.6.6,σφισιν,http://pleiades.stoa.org/places/590031,36.41451,28.15629,"island,settlement,temple-2,stadion"," - proxy|t - Macedonian War1.6.6"
1.6.7,Αἰγύπτου,http://pleiades.stoa.org/places/981503,19.211408766666665,30.567329633333333,region," - "
1.6.7,Μακεδόνων,http://pleiades.stoa.org/places/981531,42.5,22.5,province," - "
1.6.7,Ῥόδου,http://pleiades.stoa.org/places/590031,36.41451,28.15629,"island,settlement,temple-2,stadion"," - "
1.6.8,Ἀθηναίοις,http://pleiades.stoa.org/places/579885,37.971687,23.726464,settlement," - "
1.6.8,Αἴγυπτον,http://pleiades.stoa.org/places/981503,19.211408766666665,30.567329633333333,region," - "
1.6.8,Αἰγύπτου,http://pleiades.stoa.org/places/981503,19.211408766666665,30.567329633333333,region," - "
1.6.8,Θεσπρωτίδα,http://pleiades.stoa.org/places/531117,39.75,20.25,people," - "
1.6.8,Κύπρον,http://pleiades.stoa.org/places/707498,35.040883529816504,33.27533716422018,island," - "
1.6.8,Κυρήνην,http://pleiades.stoa.org/places/373778,32.818736,21.856169,settlement," - "
1.6.8,Κυρήνης,http://pleiades.stoa.org/places/373778,32.818736,21.856169,settlement," - "
1.6.8,Σύρους,http://pleiades.stoa.org/places/981550,37.5,37.5,province," - "
1.7.1,Αἰγυπτίοις,http://pleiades.stoa.org/places/981503,19.211408766666665,30.567329633333333,region," - "
1.7.1,Αἴγυπτον,http://pleiades.stoa.org/places/981503,19.211408766666665,30.567329633333333,region," - regional|t - Macedonian War|t - tote1.7.1"
1.7.1,Κυπρίους,http://pleiades.stoa.org/places/707498,35.040883529816504,33.27533716422018,island," - "
1.7.1,Κυρηναίους,http://pleiades.stoa.org/places/373778,32.818736,21.856169,settlement," - "
1.7.1,Κυρήνην,http://pleiades.stoa.org/places/373778,32.818736,21.856169,settlement," - "
1.7.1,Μακεδόνος,http://pleiades.stoa.org/places/981531,42.5,22.5,province," - proxy|t - Macedonian WarPhilip, son of Berenike (a man of the people)"
1.7.1,Μακεδόσιν,http://pleiades.stoa.org/places/981531,42.5,22.5,province," - "
1.7.1,Μέμφιδος,http://pleiades.stoa.org/places/736963,29.849667,31.254278,"settlement,urban"," - built|settlement|t - Macedonian War|orientationbrought down from Memphis"
1.7.2,Αἴγυπτον,http://pleiades.stoa.org/places/981503,19.211408766666665,30.567329633333333,region," - "
1.7.2,ἀπώλοντο,http://pleiades.stoa.org/places/993,44.730982100000006,3.5988981583333333,region," - proxy|t - Macedonian War|l - entautha1.7.2"
1.7.2,Γαλάτας,http://pleiades.stoa.org/places/993,44.730982100000006,3.5988981583333333,region," - "
1.7.2,ἐπιβουλεύοντας,http://pleiades.stoa.org/places/993,44.730982100000006,3.5988981583333333,region," - "
1.7.2,ἐσβολὴν,http://pleiades.stoa.org/places/981503,19.211408766666665,30.567329633333333,region," - "
1.7.2,Κυρηναίους,http://pleiades.stoa.org/places/373778,32.818736,21.856169,settlement," - "
1.7.2,Κυρήνην,http://pleiades.stoa.org/places/373778,32.818736,21.856169,settlement," - "
1.7.2,Λιβύων,http://pleiades.stoa.org/places/716588,31.5,26.5,region," - "
1.7.2,Μαρμαρίδαι,http://pleiades.stoa.org/places/716596,31.5,23.5,people," - proxy|f - narratorQ3849712"
1.7.2,Μαρμαρίδας,http://pleiades.stoa.org/places/716596,31.5,23.5,people," - proxy|t - Macedonian War|xm - aphistēmiQ3849712"
1.7.2,ποταμοῦ,http://pleiades.stoa.org/places/727172,19.211408766666665,30.567329633333333,river," - "
1.7.2,σφᾶς,http://pleiades.stoa.org/places/993,44.730982100000006,3.5988981583333333,region," - "
1.7.3,Ἀθηναίοις,http://pleiades.stoa.org/places/579885,37.971687,23.726464,settlement," - "
1.7.3,Ἀθηναίων,http://pleiades.stoa.org/places/579885,37.971687,23.726464,settlement," - "
1.7.3,Αἰγυπτίοις,http://pleiades.stoa.org/places/981503,19.211408766666665,30.567329633333333,region," - proxy|opsis1.7.3"
1.7.3,Αἴγυπτον,http://pleiades.stoa.org/places/981503,19.211408766666665,30.567329633333333,region," - "
1.7.3,Ἀρσινοΐτης,http://pleiades.stoa.org/places/736948,29.320878,30.835832,settlement," - "
1.7.3,γῆν,http://pleiades.stoa.org/places/837,39.64014749138555,31.033254534661616,"peninsula,region"," - regional|t - Macedonian Warland of Antiochos"
1.7.3,Μακεδόνας,http://pleiades.stoa.org/places/981531,42.5,22.5,province," - "
1.8.1,Ἀθηναίοις,http://pleiades.stoa.org/places/579885,37.971687,23.726464,settlement," - "
1.8.1,Γαλάτας,http://pleiades.stoa.org/places/993,44.730982100000006,3.5988981583333333,region," - "
1.8.1,γῆν,http://pleiades.stoa.org/places/837,39.64014749138555,31.033254534661616,"peninsula,region"," - "
1.8.1,ἐπωνύμων,http://topostext.org/place/380237SEpH,37.975104,23.72239,NULL," - object|statue|f - narrator|heroesperson"
1.8.1,ἔχουσιν,http://pleiades.stoa.org/places/993,44.730982100000006,3.5988981583333333,region," - "
1.8.1,θαλάσσης,http://pleiades.stoa.org/places/560221,37.42245628773585,25.8829628235849,water-open," - physical|thalassa|t - Gallic War1.8.1"
1.8.1,Μακεδὼν,http://pleiades.stoa.org/places/981531,42.5,22.5,province," - "
1.8.1,οὗτος,http://topostext.org/binder/JB0699,37.975374,23.723929,NULL," - object|statue|f - narrator|AttalosQ110745|person"
1.8.1,Παφλαγόνα,http://pleiades.stoa.org/places/845034,41.44846296666666,33.23855021666667,region," - "
1.8.2,ἀγάλματα,http://arachne.dainst.org/entity/4020512,37.97945,23.71622,NULL," - object|agalma|Pausstatues, gods, after the images of the Eponymous Heroes"
1.8.2,Ἀθηναῖοι,http://pleiades.stoa.org/places/579885,37.971687,23.726464,settlement," - "
1.8.2,Ἀθηναίων,http://pleiades.stoa.org/places/579885,37.971687,23.726464,settlement," - "
1.8.2,Ἀμφιάραος,http://topostext.org/binder/JB0134,37.97614,23.72249,NULL," - object|agalma|Paus|Amphiaraos|agencyQ330584|person"
1.8.2,Δημοσθένης,http://topostext.org/binder/JB1092,37.974338,23.722734,NULL," - object|statue|Paus|Demosthenes|agencyQ117253|person"
1.8.2,διώκουσιν,http://pleiades.stoa.org/places/579885,37.971687,23.726464,settlement," - "
1.8.2,εἰκόνας,http://topostext.org/place/380237SEpH,37.975104,23.72239,NULL," - object|eikon|Paus|l - meta|heroes1.8.2"
1.8.2,Εἰρήνη,http://topostext.org/binder/JB1257,37.974338,23.722734,NULL," - object|agalma|Paus|Eirene|agencyQ214987|person"
1.8.2,Ἕλλησιν,http://pleiades.stoa.org/places/1001896,37.5,22.5,province," - "
1.8.2,ἐνταῦθα,http://arachne.dainst.org/entity/4020512,37.97945,23.71622,NULL," - object|statue|Paus|lx: entautha|l - entauthastatues, gods, after the images of the Epoynmous Heroes"
1.8.2,Καλαυρείαν,http://pleiades.stoa.org/places/570325,37.52255,23.48041,island," - "
1.8.2,Καλλίας,http://topostext.org/binder/JB1858,37.9753,23.7223,NULL," - object|statue|Paus|l - entautha|Kallias|agencyQ970958|person"
1.8.2,Λαμίᾳ,http://pleiades.stoa.org/places/540902,38.9046,22.43516,settlement," - built|settlement|t - Macedonian Warbattle, plege|1.8.2"
1.8.2,Λυκοῦργός,http://topostext.org/binder/JB2046,37.975104,23.72239,NULL," - object|statue|mat - chalkos|Paus|l - entautha|Lykourgos|agencyQ373685|person"
1.8.2,Τροιζῆνος,http://pleiades.stoa.org/places/570756,37.50303,23.34845,settlement," - "
1.8.3,Ἀθηναίους,http://pleiades.stoa.org/places/579885,37.971687,23.726464,settlement," - "
1.8.3,Ἕλληνα,http://pleiades.stoa.org/places/1001896,37.5,22.5,province," - proxy|t - Macedonian WarDemosthenes"
1.8.3,Ἕλλησι,http://pleiades.stoa.org/places/1001896,37.5,22.5,province," - "
1.8.3,Θεσσαλίᾳ,http://pleiades.stoa.org/places/1332,39.6,22.2,region," - regional|t - Macedonian Warbattle"
1.8.3,Θούριος,http://pleiades.stoa.org/places/452457,39.71705745,16.4927745,"theatre,settlement,port"," - "
1.8.3,Καλαυρείαν,http://pleiades.stoa.org/places/570325,37.52255,23.48041,island," - "
1.8.3,Μακεδόσιν,http://pleiades.stoa.org/places/981531,42.5,22.5,province," - "
1.8.3,τούτους,http://pleiades.stoa.org/places/1001896,37.5,22.5,province," - "
1.8.4,"ἀγάλματα δύο",http://arachne.dainst.org/entity/3652654,37.97945,23.71622,NULL," - object|agalma|Paus|l - entha|Aphroditestatues, Aphrodite, in the sanctuary of Ares"
1.8.4,Ἀθηναίοις,http://pleiades.stoa.org/places/579885,37.971687,23.726464,settlement," - "
1.8.4,Ἀθηναίων,http://pleiades.stoa.org/places/579885,37.971687,23.726464,settlement," - "
1.8.4,"Ἀπόλλων ἀναδούμενος",http://topostext.org/binder/JB0281,37.975,23.7222,NULL," - object|statue|Paus|Apollo|agencyQ37340|person"
1.8.4,εἰκόνα,http://topostext.org/binder/JB2462,37.974698,23.723084,NULL," - "
1.8.4,εἰκόνος,http://topostext.org/binder/JB1092,37.974338,23.722734,NULL," - "
1.8.4,ἐνταῦθα,http://topostext.org/place/380237SAre,37.975546,23.722745,NULL," - "
1.8.4,"Ἐνυοῦς ἄγαλμά",http://topostext.org/binder/JB1281,37.974338,23.722734,NULL," - "
1.8.4,Ἡρακλῆς,http://arachne.dainst.org/entity/3585933,37.97945,23.71622,NULL," - object|statue|Paus|Herakles|agencyQ122248|person|statue, Herakles, around the sanctuary of Ares"
1.8.4,Θησεὺς,http://arachne.dainst.org/entity/3585934,37.97945,23.71622,NULL," - object|statue|Paus|Theseus|agencyQ1320718|person|statue, Theseus, around the sanctuary of Ares"
1.8.4,ἱερόν,http://topostext.org/place/380237SAre,37.975546,23.722745,NULL," - built|hieron|Paus|Aressanctuary rather than temple?"
1.8.4,Καλάδης,http://topostext.org/binder/JB1856,37.9753,23.7223,NULL," - object|andrias|Paus|Kalades|agencyQ|person"
1.8.4,ναὸν,http://topostext.org/place/380237SAre,37.975546,23.722745,NULL," - "
1.8.4,Πάριος,http://pleiades.stoa.org/places/599868,37.03613,25.19093,island," - "
1.8.4,Πίνδαρος,http://topostext.org/binder/JB2462,37.974698,23.723084,NULL," - object|andrias|Paus|Pindar|agencyQ134929|person"
1.8.4,σφᾶς,http://pleiades.stoa.org/places/579885,37.971687,23.726464,settlement," - "
1.8.4,"τὴν δὲ Ἀθηνᾶν",http://arachne.dainst.org/entity/3585931,37.97945,23.71622,NULL," - built|agalma|Paus|b - Lokros|Athenastatue, Athena, in the sanctuary of Ares"
1.8.4,"τὸ δὲ",http://topostext.org/binder/JB0367,37.975546,23.722745,NULL," - "
1.8.5,Ἀθηναίοις,http://pleiades.stoa.org/places/579885,37.971687,23.726464,settlement," - "
1.8.5,Ἀθηναίων,http://pleiades.stoa.org/places/579885,37.971687,23.726464,settlement," - "
1.8.5,Ἀθήνας,http://pleiades.stoa.org/places/579885,37.971687,23.726464,settlement," - "
1.8.5,"Ἁρμόδιος καὶ Ἀριστογείτων",http://topostext.org/place/380237AHaA,37.97513,23.7234,NULL," - "
1.8.5,ἀρχαίους,http://arachne.dainst.org/entity/3888291,37.97945,23.71622,NULL," - object|andrias|Paus|b - Antenor|Harmodios + Aristogeiton|tx: archaios|t - archaiosstatue (older), Harmodios and Aristogeiton (ttP380237AHaA)"
1.8.5,"οἱ μέν",http://arachne.dainst.org/entity/3888290,37.97945,23.71622,NULL," - object|andrias|Paus|b - Kritios|Harmodios + Aristogeitonstatue, Harmodios and Aristogeiton (ttP380237AHaA)"
1.8.5,"τὸ ἔργον",http://pleiades.stoa.org/places/579885,37.971687,23.726464,settlement," - proxy|t - pre-Persian War|s - ergonevent"
1.8.5,τούτους,http://topostext.org/place/380237AHaA,37.97513,23.7234,NULL," - "
1.8.6,Αἰγυπτίων,http://pleiades.stoa.org/places/981503,19.211408766666665,30.567329633333333,region," - "
1.8.6,ἄλλων,http://arachne.dainst.org/entity/3888292,37.97945,23.71622,NULL," - object|statue|f - narrator|Ptolemaiosperson|statues, Ptolemaios Philometor and Sotor, before the entrance of the Oideon"
1.8.6,βασιλέων,http://topostext.org/binder/JB2574,37.974698,23.723084,NULL," - object|andrias|Paus|s - basileus|Ptolemaios|Egyptiansperson"
1.8.6,εἰκών,http://topostext.org/binder/JB0394,37.975374,23.723929,NULL," - object|eikon|Paus|Arsinoe1.8.6"
1.8.6,ἐπωνύμοις,http://topostext.org/place/380237SEpH,37.975104,23.72239,NULL," - "
1.8.6,ἐσόδου,http://topostext.org/place/380237BOde,37.9708,23.7245,NULL," - "
1.8.6,οἱ,http://arachne.dainst.org/entity/3888029,37.97945,23.71622,NULL," - object|statue|Paus|l - plesion|Ptolemaios Philadelphos|agencyQ39576|person|statue, Ptolemaios Philadelphos, before the entrance of the Oideon"
1.8.6,Ῥοδίων,http://pleiades.stoa.org/places/590030,36.41451,28.15629,"island,settlement,temple-2,stadion"," - "
1.8.6,Σωτῆρα,http://arachne.dainst.org/entity/3585938,37.97945,23.71622,NULL," - object|andrias|Paus|f - Rhodians|Ptolemaios Soter|n - onoma|agencyQ168261|person|statue, Ptolemaios Soter, before the entrance of the Oideon"
1.8.6,Φιλάδελφον,http://topostext.org/binder/JB2568,37.974698,23.723084,NULL," - object|andrias|Paus|Ptolemaios Philadelphos|n - kaleō|agencyQ39576|person|statue, Ptolemaios Philadelphos, before the entrance of the Oideon"
1.8.6,Φιλάδελφός,http://arachne.dainst.org/entity/3888029,37.97945,23.71622,NULL," - object|statue|f - narrator|Ptolemaios Philadelphos|agencyQ39576|person|statue, Ptolemaios Philadelphos, before the entrance of the Oideon"
1.8.6,Φιλομήτορα,http://arachne.dainst.org/entity/3888031,37.97945,23.71622,NULL," - object|andrias|Paus|Ptolemaios Philometor|n - kaleō|agencyQ39952|person|statue, Ptolemaios Philometor, before the entrance of the Oideon"
1.8.6,Ὠιδεῖον,http://topostext.org/binder/JB0071,37.975124,23.723135,NULL," - built|theatron|Paus|n - kaleōAgrippa not mentioned|1.8.6"
1.9.1,Αἰγυπτίους,http://pleiades.stoa.org/places/981503,19.211408766666665,30.567329633333333,region," - proxy|t - post-Macedonian War|f - narrator|f - Kleopatra1.9.1"
1.9.1,ἀρχήν,http://pleiades.stoa.org/places/981503,19.211408766666665,30.567329633333333,region," - "
1.9.1,Κύπρον,http://pleiades.stoa.org/places/707498,35.040883529816504,33.27533716422018,island," - "
1.9.2,Ἀλεξανδρεῖς,http://pleiades.stoa.org/places/727070,31.195371,29.904133,"cemetery,temple-2,architecturalcomplex,theatre,port,settlement"," - "
1.9.2,Κύπρον,http://pleiades.stoa.org/places/707498,35.040883529816504,33.27533716422018,island," - "
1.9.2,Κύπρου,http://pleiades.stoa.org/places/707498,35.040883529816504,33.27533716422018,island," - "
1.9.2,πλῆθος,http://pleiades.stoa.org/places/727070,31.195371,29.904133,"cemetery,temple-2,architecturalcomplex,theatre,port,settlement"," - "
1.9.2,πλήθους,http://pleiades.stoa.org/places/727070,31.195371,29.904133,"cemetery,temple-2,architecturalcomplex,theatre,port,settlement"," - proxy|t - post-Macedonian War|xm - antioomai|agencythe many"
1.9.2,ποιοῦνται,http://pleiades.stoa.org/places/727070,31.195371,29.904133,"cemetery,temple-2,architecturalcomplex,theatre,port,settlement"," - proxy|t - post-Macedonian War|tr - poieō|trx: poieō1.9.2"
1.9.3,Ἀθηναῖοι,http://pleiades.stoa.org/places/579885,37.971687,23.726464,settlement," - "
1.9.3,Αἰγυπτίων,http://pleiades.stoa.org/places/981503,19.211408766666665,30.567329633333333,region," - "
1.9.3,Αἴγυπτον,http://pleiades.stoa.org/places/981503,19.211408766666665,30.567329633333333,region," - "
1.9.3,ἀνέθηκαν,http://pleiades.stoa.org/places/579885,37.971687,23.726464,settlement," - "
1.9.3,ἀπόστασιν,http://pleiades.stoa.org/places/786017,25.70247,32.65285,"settlement,temple-2"," - "
1.9.3,Βερενίκην,http://arachne.dainst.org/entity/3888032,37.97945,23.71622,NULL," - object|eikon|t - post-Macedonian War|mat - chalkos|d - Athenians|Berenike|agencyQ231688|person|statue, Berenike, before the entrance of the Oideon"
1.9.3,Δελφοῖς,http://pleiades.stoa.org/places/540726,38.482289,22.501169,"sanctuary,settlement"," - "
1.9.3,Ἑλλήνων,http://pleiades.stoa.org/places/1001896,37.5,22.5,province," - "
1.9.3,Θηβαίοις,http://pleiades.stoa.org/places/786017,25.70247,32.65285,"settlement,temple-2"," - "
1.9.3,ἱερὸν,http://topostext.org/place/385225SDel,38.48264,22.50108,NULL," - "
1.9.3,Ὀρχομενίους,http://pleiades.stoa.org/places/540987,38.495082,22.959486,settlement," - "
1.9.3,πολιτῶν,http://pleiades.stoa.org/places/981503,19.211408766666665,30.567329633333333,region," - "
1.9.3,χαλκοῦν,http://arachne.dainst.org/entity/3888031,37.97945,23.71622,NULL," - object|eikon|t - post-Macedonian War|mat - chalkos|d - Athenians|Ptolemaios Philometorstatue, Ptolemaios Philometor, before the entrance of the Oideon"
1.9.4,Αἰγυπτίους,http://arachne.dainst.org/entity/3888292,37.97945,23.71622,NULL," - object|statue|Paus|l - meta|Ptolemaios|Egyptians|agency1.9.4|person"
1.9.4,Αἰγύπτου,http://pleiades.stoa.org/places/981503,19.211408766666665,30.567329633333333,region," - "
1.9.4,Ἀλέξανδρος,http://topostext.org/binder/JB0109,37.97614,23.72249,NULL," - object|statue|Paus|Alexander|agencyQ8409|person"
1.9.4,ἀνέθηκαν,http://pleiades.stoa.org/places/579885,37.971687,23.726464,settlement," - proxy|t - Macedonian War|f - narrator|tr - anatithēmi|trx: anatithēmi|x - not1.9.4"
1.9.4,δωρεαί,http://pleiades.stoa.org/places/579885,37.971687,23.726464,settlement," - proxy|t - post-Macedonian War|f - narrator|s - timai|s - euergetesgifts"
1.9.4,Λυσίμαχον,http://topostext.org/binder/JB2059,37.9751,23.721,NULL," - object|statue|t - Macedonian War|f - narrator|b - Athenians|agencyQ32133|person"
1.9.4,πλήθους,http://pleiades.stoa.org/places/579885,37.971687,23.726464,settlement," - "
1.9.4,Φίλιππός,http://topostext.org/binder/JB2433,37.974698,23.723084,NULL," - object|statue|Paus|l - meta|Philip|agencyQ130650|person|"
1.9.5,Θρᾷκας,http://topostext.org/place/410265RThr,41.0,26.5,NULL," - "
1.9.5,Θρᾴκη,http://topostext.org/place/410265RThr,41.0,26.5,NULL," - "
1.9.5,Θρᾳκίου,http://topostext.org/place/410265RThr,41.0,26.5,NULL," - "
1.9.5,Θρᾳκῶν,http://topostext.org/place/410265RThr,41.0,26.5,NULL," - "
1.9.5,Κελτοὶ,http://pleiades.stoa.org/places/993,44.730982100000006,3.5988981583333333,region," - "
1.9.5,Κελτῶν,http://pleiades.stoa.org/places/993,44.730982100000006,3.5988981583333333,region," - "
1.9.5,Μακεδόνων,http://pleiades.stoa.org/places/981531,42.5,22.5,province," - "
1.9.5,Μακεδόσιν,http://pleiades.stoa.org/places/981531,42.5,22.5,province," - "
1.9.5,Μακεδὼν,http://pleiades.stoa.org/places/981531,42.5,22.5,province," - "
1.9.5,νομίζουσι,http://pleiades.stoa.org/places/423025,41.89262,12.4843457,"settlement,urban"," - proxy|t - Roman|f - narrator1.9.5"
1.9.5,ὅσων,http://pleiades.stoa.org/places/981552,42.5,22.5,province," - "
1.9.5,προσοίκων,http://pleiades.stoa.org/places/981552,42.5,22.5,province," - "
1.9.5,Ῥωμαίοις,http://pleiades.stoa.org/places/423025,41.89262,12.4843457,"settlement,urban"," - "
1.9.5,Ῥωμαίων,http://pleiades.stoa.org/places/423025,41.89262,12.4843457,"settlement,urban"," - "
1.9.6,ἁλῶναι,http://pleiades.stoa.org/places/216817,44.5,25.5,people," - "
1.9.6,ἀνδράσι,http://pleiades.stoa.org/places/216817,44.5,25.5,people," - "
1.9.6,Γέτας,http://pleiades.stoa.org/places/216817,44.5,25.5,people," - "
1.9.6,Γέτῃ,http://pleiades.stoa.org/places/216817,44.5,25.5,people," - "
1.9.6,Γέτην,http://pleiades.stoa.org/places/216817,44.5,25.5,people," - "
1.9.6,Γετῶν,http://pleiades.stoa.org/places/216817,44.5,25.5,people," - "
1.9.6,Ἴστρου,http://pleiades.stoa.org/places/226577,45.16291,29.647293,river," - "
1.9.6,Ὀδρύσαις,http://pleiades.stoa.org/places/216906,42.61977194999999,25.33686355,region," - "
1.9.7,ἀρχὴν,http://pleiades.stoa.org/places/837,39.64014749138555,31.033254534661616,"peninsula,region"," - "
1.9.7,Ἀσίαν,http://pleiades.stoa.org/places/837,39.64014749138555,31.033254534661616,"peninsula,region"," - "
1.9.7,αὐτὴν,http://pleiades.stoa.org/places/599612,37.941944,27.339722,"theatre,settlement,temple-2,architecturalcomplex"," - "
1.9.7,Ἐφεσίων,http://pleiades.stoa.org/places/599612,37.941944,27.339722,"theatre,settlement,temple-2,architecturalcomplex"," - "
1.9.7,Ἤπειρον,http://pleiades.stoa.org/places/530871,39.577073022222216,20.590387322222224,region," - "
1.9.7,Ἠπείρου,http://pleiades.stoa.org/places/530871,39.577073022222216,20.590387322222224,region," - "
1.9.7,θαλάσσης,http://pleiades.stoa.org/places/560221,37.42245628773585,25.8829628235849,water-open," - "
1.9.7,Κολοφῶνι,http://pleiades.stoa.org/places/599577,38.115556,27.142222,settlement," - "
1.9.7,Κολοφωνίους,http://pleiades.stoa.org/places/599577,38.115556,27.142222,settlement," - "
1.9.7,Κολοφωνίων,http://pleiades.stoa.org/places/599577,38.115556,27.142222,settlement," - "
1.9.7,Λεβεδίους,http://pleiades.stoa.org/places/599754,38.077883,26.964722,settlement," - "
1.9.7,πόλεις,http://pleiades.stoa.org/places/599754,38.077883,26.964722,settlement," - "
1.9.7,πόλιν,http://pleiades.stoa.org/places/599612,37.941944,27.339722,"theatre,settlement,temple-2,architecturalcomplex"," - "
1.9.8,"ἄνδρα Μακεδόνα",http://pleiades.stoa.org/places/981531,42.5,22.5,province," - "
1.9.8,Ἠπειρώτης,http://pleiades.stoa.org/places/530871,39.577073022222216,20.590387322222224,region," - "
1.9.8,Ἠπειρωτῶν,http://pleiades.stoa.org/places/530871,39.577073022222216,20.590387322222224,region," - "
1.9.8,"Θρᾳκίας χερρονήσου",http://pleiades.stoa.org/places/501386,40.33333,26.5,peninsula," - physical|isthmos|t - Macedonian War|f - narrator1.9.8"
1.9.8,Καρδιανὸς,http://pleiades.stoa.org/places/501458,38.546722,21.338432,settlement," - "
1.9.8,"Καρδιανῶν πόλιν",http://pleiades.stoa.org/places/501458,38.546722,21.338432,settlement," - "
1.9.8,Λυσιμάχειαν,http://pleiades.stoa.org/places/530986,38.546722,21.338432,settlement," - "
1.10.1,ἀρχῆς,http://pleiades.stoa.org/places/981531,42.5,22.5,province," - proxy|t - Macedonian War|m - erchomai|Px: arche|agencykingdom (arche)"
1.10.1,Μακεδόνας,http://pleiades.stoa.org/places/981531,42.5,22.5,province," - "
1.10.1,Μακεδονίαν,http://pleiades.stoa.org/places/981531,42.5,22.5,province," - "
1.10.1,Μακεδόνων,http://pleiades.stoa.org/places/981531,42.5,22.5,province," - proxy|t - Macedonian War1.10.1"
1.10.2,Ἀμφιπόλει,http://pleiades.stoa.org/places/501347,40.818876,23.840418,"city-wall,settlement,fort"," - built|settlement|t - Macedonian Warbattle"
1.10.2,Ἀσίαν,http://pleiades.stoa.org/places/837,39.64014749138555,31.033254534661616,"peninsula,region"," - "
1.10.2,Ἤπειρον,http://pleiades.stoa.org/places/530871,39.577073022222216,20.590387322222224,region," - regional|t - Macedonian War1.10.2"
1.10.2,Ἠπείρου,http://pleiades.stoa.org/places/530871,39.577073022222216,20.590387322222224,region," - "
1.10.2,Θρᾴκην,http://topostext.org/place/410265RThr,41.0,26.5,NULL," - "
1.10.2,Θρᾴκης,http://topostext.org/place/410265RThr,41.0,26.5,NULL," - "
1.10.2,Μακεδονίαν,http://pleiades.stoa.org/places/981531,42.5,22.5,province," - "
1.10.2,Μακεδονίας,http://pleiades.stoa.org/places/981531,42.5,22.5,province," - "
1.10.2,Μακεδόνων,http://pleiades.stoa.org/places/981531,42.5,22.5,province," - "
1.10.2,Νεστίων,http://pleiades.stoa.org/places/501524,41.75,23.75,river," - proxy|t - Macedonian WarPeople defined by the river Nestos?"
1.10.4,Βαβυλῶνα,http://pleiades.stoa.org/places/893951,32.53617,44.42082,"settlement,urban"," - built|settlement|t - Macedonian War|orientationgoing up = going east to Babylon"
1.10.4,Καΐκου,http://pleiades.stoa.org/places/550491,38.9471678,27.0057354,river," - "
1.10.4,"Ὀδρυσιάδος γυναικός",http://pleiades.stoa.org/places/216906,42.61977194999999,25.33686355,region," - "
1.10.4,Πέργαμον,http://pleiades.stoa.org/places/550812,39.1325,27.184167,"theatre,sanctuary,settlement,temple-2"," - "
1.10.5,Ἀσίαν,http://pleiades.stoa.org/places/837,39.64014749138555,31.033254534661616,"peninsula,region"," - "
1.10.5,"γυναικὸς Ὀδρυσίδος",http://pleiades.stoa.org/places/216906,42.61977194999999,25.33686355,region," - "
1.10.5,ἔνθα,http://pleiades.stoa.org/places/501386,40.33333,26.5,peninsula," - "
1.10.5,Καρδίας,http://pleiades.stoa.org/places/501458,38.546722,21.338432,settlement," - "
1.10.5,Πακτύης,http://pleiades.stoa.org/places/501546,40.485384,26.780688,settlement," - built|settlement|t - nun|opsis1.10.5"
1.10.5,Χερρόνησον,http://pleiades.stoa.org/places/501386,40.33333,26.5,peninsula," - "
1.11.1,Ἀθηναίοις,http://pleiades.stoa.org/places/579885,37.971687,23.726464,settlement," - "
1.11.1,Δελφοῖς,http://pleiades.stoa.org/places/540726,38.482289,22.501169,"sanctuary,settlement"," - "
1.11.1,εἰκών,http://topostext.org/binder/JB2581,37.974698,23.723084,NULL," - "
1.11.1,ἐνταῦθα,http://pleiades.stoa.org/places/530871,39.577073022222216,20.590387322222224,region," - "
1.11.1,Ἤπειρον,http://pleiades.stoa.org/places/530871,39.577073022222216,20.590387322222224,region," - "
1.11.1,Θεσσαλίαν,http://pleiades.stoa.org/places/1332,39.6,22.2,region," - "
1.11.1,Ἰλίου,http://pleiades.stoa.org/places/550595,39.9577,26.23873,settlement," - "
1.11.2,Ἀσίαν,http://pleiades.stoa.org/places/837,39.64014749138555,31.033254534661616,"peninsula,region"," - "
1.11.2,Ἠπείρῳ,http://pleiades.stoa.org/places/530871,39.577073022222216,20.590387322222224,region," - "
1.11.2,Ἠπειρωτῶν,http://pleiades.stoa.org/places/530871,39.577073022222216,20.590387322222224,region," - "
1.11.2,Θύαμιν,http://pleiades.stoa.org/places/531121,39.75,20.25,river," - "
1.11.2,πόλει,http://pleiades.stoa.org/places/550812,39.1325,27.184167,"theatre,sanctuary,settlement,temple-2"," - "
1.11.2,Τευθρανίᾳ,http://pleiades.stoa.org/places/550916,39.035223,27.054771,settlement," - "
1.11.2,"τὸ νῦν",http://pleiades.stoa.org/places/550812,39.1325,27.184167,"theatre,sanctuary,settlement,temple-2"," - "
1.11.2,χώραν,http://pleiades.stoa.org/places/570406,37.07624042080912,22.46082645177671,region," - regional|chora|t - heroic age|orientationland beyond the river Thyamis"
1.11.3,Ἤπειρον,http://pleiades.stoa.org/places/530871,39.577073022222216,20.590387322222224,region," - "
1.11.3,Ἠπειρωτῶν,http://pleiades.stoa.org/places/530871,39.577073022222216,20.590387322222224,region," - "
1.11.3,Ἠπειρωτῶν,http://pleiades.stoa.org/places/530871,39.577073022222216,20.590387322222224,region," - proxy|t - Macedonian War|x - not|m - hepomai1.11.3"
1.11.3,Λευκανοῖς,http://pleiades.stoa.org/places/442639,39.885,17.276944,region," - "
1.11.3,Μακεδόσιν,http://pleiades.stoa.org/places/981531,42.5,22.5,province," - "
1.11.4,Ἤπειρον,http://pleiades.stoa.org/places/530871,39.577073022222216,20.590387322222224,region," - "
1.11.4,Ἠπειρῶται,http://pleiades.stoa.org/places/530871,39.577073022222216,20.590387322222224,region," - "
1.11.4,Μακεδόνας,http://pleiades.stoa.org/places/981531,42.5,22.5,province," - "
1.11.4,Οἰνιάδαις,http://pleiades.stoa.org/places/531016,38.4077,21.1966,"settlement,port"," - built|settlement|t - Macedonian Warbattle"
1.11.5,Αἰγυπτίων,http://pleiades.stoa.org/places/981503,19.211408766666665,30.567329633333333,region," - proxy|t - Macedonian War1.11.5"
1.11.5,Αἴγυπτον,http://pleiades.stoa.org/places/981503,19.211408766666665,30.567329633333333,region," - regional|t - Macedonian War|orientationgo up to Aegyptos"
1.11.5,ἔκτειναν,http://pleiades.stoa.org/places/530871,39.577073022222216,20.590387322222224,region," - "
1.11.5,Ἠπειρῶται,http://pleiades.stoa.org/places/530871,39.577073022222216,20.590387322222224,region," - proxy|t - Macedonian War|tr - basileuō1.11.5"
1.11.5,Ἠπειρώτας,http://pleiades.stoa.org/places/530871,39.577073022222216,20.590387322222224,region," - "
1.11.5,κατάγουσιν,http://pleiades.stoa.org/places/530871,39.577073022222216,20.590387322222224,region," - "
1.11.5,Μακεδόνων,http://pleiades.stoa.org/places/981531,42.5,22.5,province," - "
1.11.6,Ἑλλήνων,http://pleiades.stoa.org/places/1001896,37.5,22.5,province," - "
1.11.6,Κορκυραίοις,http://pleiades.stoa.org/places/530834,39.60733,19.92178,settlement," - "
1.11.6,Κόρκυραν,http://pleiades.stoa.org/places/530834,39.60733,19.92178,settlement," - "
1.11.6,Μακεδονίας,http://pleiades.stoa.org/places/981531,42.5,22.5,province," - "
1.11.6,νῆσον,http://pleiades.stoa.org/places/530834,39.60733,19.92178,settlement," - "
1.11.6,χώρας,http://pleiades.stoa.org/places/530871,39.577073022222216,20.590387322222224,region," - regional|chora|t - Macedonian War|f - Pyrrhoschora = territory"
1.11.7,Ἀθηναίοις,http://pleiades.stoa.org/places/579885,37.971687,23.726464,settlement," - "
1.11.7,Ἀργείων,http://pleiades.stoa.org/places/570106,37.631561,22.719464,settlement," - "
1.11.7,Ἕλληνα,http://pleiades.stoa.org/places/1001896,37.5,22.5,province," - "
1.11.7,Ἰταλίαν,http://pleiades.stoa.org/places/1052,42.5,12.5,region," - "
1.11.7,καταστρέψασθαι,http://pleiades.stoa.org/places/579885,37.971687,23.726464,settlement," - "
1.11.7,λαβεῖν,http://pleiades.stoa.org/places/579885,37.971687,23.726464,settlement," - "
1.11.7,Λευκανοῖς,http://pleiades.stoa.org/places/442639,39.885,17.276944,region," - "
1.11.7,Ῥωμαίοις,http://pleiades.stoa.org/places/423025,41.89262,12.4843457,"settlement,urban"," - proxy|t - Macedonian War|f - narrator|analogic1.11.7"
1.11.7,Ῥωμαίοις,http://pleiades.stoa.org/places/423025,41.89262,12.4843457,"settlement,urban"," - proxy|t - Roman|f - narrator|analogic1.11.7"
1.11.7,Ῥωμαίων,http://pleiades.stoa.org/places/423025,41.89262,12.4843457,"settlement,urban"," - "
1.11.7,Συρακούσαις,http://pleiades.stoa.org/places/462503,37.05963,15.29382,settlement," - "
1.12.1,ἀδύνατοι,http://pleiades.stoa.org/places/442810,40.476034,17.228553,"settlement,temple-2"," - "
1.12.1,ἀποίκους,http://pleiades.stoa.org/places/423025,41.89262,12.4843457,"settlement,urban"," - "
1.12.1,Ἑλλάδος,http://pleiades.stoa.org/places/1001896,37.5,22.5,province," - "
1.12.1,ἥκοντας,http://pleiades.stoa.org/places/442810,40.476034,17.228553,"settlement,temple-2"," - "
1.12.1,Ἰλίου,http://pleiades.stoa.org/places/550595,39.9577,26.23873,settlement," - built|settlement|t - heroic age|f - Pyrrhosevent - capture of Troy"
1.12.1,Ἰονίου,http://pleiades.stoa.org/places/1046,39.03244647555555,19.674861075555555,water-open," - "
1.12.1,Ἰταλίαν,http://pleiades.stoa.org/places/1052,42.5,12.5,region," - "
1.12.1,Κόρκυραν,http://pleiades.stoa.org/places/530834,39.60733,19.92178,settlement," - "
1.12.1,πρέσβεων,http://pleiades.stoa.org/places/442810,40.476034,17.228553,"settlement,temple-2"," - "
1.12.1,Ῥωμαίους,http://pleiades.stoa.org/places/423025,41.89262,12.4843457,"settlement,urban"," - "
1.12.1,συνήραντο,http://pleiades.stoa.org/places/442810,40.476034,17.228553,"settlement,temple-2"," - "
1.12.1,σφᾶς,http://pleiades.stoa.org/places/423025,41.89262,12.4843457,"settlement,urban"," - "
1.12.1,Ταραντίνων,http://pleiades.stoa.org/places/442810,40.476034,17.228553,"settlement,temple-2"," - "
1.12.1,τούτοις,http://pleiades.stoa.org/places/442810,40.476034,17.228553,"settlement,temple-2"," - "
1.12.1,Τρώων,http://pleiades.stoa.org/places/550595,39.9577,26.23873,settlement," - "
1.12.2,Ἰταλίαν,http://pleiades.stoa.org/places/1052,42.5,12.5,region," - "
1.12.2,Ῥωμαίους,http://pleiades.stoa.org/places/423025,41.89262,12.4843457,"settlement,urban"," - "
1.12.2,Ῥωμαίων,http://pleiades.stoa.org/places/423025,41.89262,12.4843457,"settlement,urban"," - "
1.12.2,σφίσι,http://pleiades.stoa.org/places/423025,41.89262,12.4843457,"settlement,urban"," - "
1.12.2,Ταραντίνους,http://pleiades.stoa.org/places/442810,40.476034,17.228553,"settlement,temple-2"," - "
1.12.3,Ἰνδῶν,http://pleiades.stoa.org/places/50004,22.5,77.5,region," - "
1.12.3,Ῥωμαίους,http://pleiades.stoa.org/places/423025,41.89262,12.4843457,"settlement,urban"," - "
1.12.3,Ῥωμαίους,http://pleiades.stoa.org/places/423025,41.89262,12.4843457,"settlement,urban"," - proxy|t - Roman|t - tote1.12.3"
1.12.3,σφίσιν,http://pleiades.stoa.org/places/423025,41.89262,12.4843457,"settlement,urban"," - "
1.12.4,Ἀσίαν,http://pleiades.stoa.org/places/837,39.64014749138555,31.033254534661616,"peninsula,region"," - "
1.12.4,Ἰνδῶν,http://pleiades.stoa.org/places/50004,22.5,77.5,region," - "
1.12.4,Λιβύων,http://pleiades.stoa.org/places/716588,31.5,26.5,region," - "
1.12.4,Μακεδόνας,http://pleiades.stoa.org/places/981531,42.5,22.5,province," - "
1.12.5,ἀπαναστῆναι,http://pleiades.stoa.org/places/314921,36.857569,10.327986,"amphitheatre,cemetery,villa,theatre,port,church,settlement,circus,bath"," - "
1.12.5,Ἑλληνίδας,http://pleiades.stoa.org/places/462492,37.53667611952188,14.08648464579389,island," - proxy|t - Roman|m - anastatosGreek cities on Sicily"
1.12.5,ἐποίουν,http://pleiades.stoa.org/places/314921,36.857569,10.327986,"amphitheatre,cemetery,villa,theatre,port,church,settlement,circus,bath"," - "
1.12.5,Ἠπειρώταις,http://pleiades.stoa.org/places/530871,39.577073022222216,20.590387322222224,region," - "
1.12.5,θάλασσαν,http://pleiades.stoa.org/places/560221,37.42245628773585,25.8829628235849,water-open," - physical|thalassa|t - heroic age|r - Homer1.12.5"
1.12.5,θάλασσαν,http://pleiades.stoa.org/places/560221,37.42245628773585,25.8829628235849,water-open," - "
1.12.5,Ἰλίου,http://pleiades.stoa.org/places/550595,39.9577,26.23873,settlement," - built|settlement|t - heroic ageevent - sack of Troy"
1.12.5,ἴσασι,http://pleiades.stoa.org/places/530871,39.577073022222216,20.590387322222224,region," - "
1.12.5,Ἰταλιωτῶν,http://pleiades.stoa.org/places/452346,38.25,16.25,region," - "
1.12.5,Καρχηδόνιοι,http://pleiades.stoa.org/places/314921,36.857569,10.327986,"amphitheatre,cemetery,villa,theatre,port,church,settlement,circus,bath"," - "
1.12.5,Καρχηδονίους,http://pleiades.stoa.org/places/314921,36.857569,10.327986,"amphitheatre,cemetery,villa,theatre,port,church,settlement,circus,bath"," - "
1.12.5,Καρχηδονίων,http://pleiades.stoa.org/places/314921,36.857569,10.327986,"amphitheatre,cemetery,villa,theatre,port,church,settlement,circus,bath"," - "
1.12.5,οἳ,http://pleiades.stoa.org/places/314921,36.857569,10.327986,"amphitheatre,cemetery,villa,theatre,port,church,settlement,circus,bath"," - "
1.12.5,"οἱ πολλοὶ",http://pleiades.stoa.org/places/530871,39.577073022222216,20.590387322222224,region," - "
1.12.5,ὄντες,http://pleiades.stoa.org/places/314921,36.857569,10.327986,"amphitheatre,cemetery,villa,theatre,port,church,settlement,circus,bath"," - "
1.12.5,πολιορκοῦντες,http://pleiades.stoa.org/places/314921,36.857569,10.327986,"amphitheatre,cemetery,villa,theatre,port,church,settlement,circus,bath"," - "
1.12.5,"πρεσβεία Συρακουσίων",http://pleiades.stoa.org/places/462503,37.05963,15.29382,settlement," - proxy|t - Roman|m - agō|agencyembassy (presbeia)"
1.12.5,Σικελίαν,http://pleiades.stoa.org/places/462492,37.53667611952188,14.08648464579389,island," - "
1.12.5,Συρακούσαις,http://pleiades.stoa.org/places/462503,37.05963,15.29382,settlement," - "
1.12.5,Συρακουσῶν,http://pleiades.stoa.org/places/462503,37.05963,15.29382,settlement," - "
1.12.5,Τάραντα,http://pleiades.stoa.org/places/442810,40.476034,17.228553,"settlement,temple-2"," - "
1.12.5,τούτων,http://pleiades.stoa.org/places/314921,36.857569,10.327986,"amphitheatre,cemetery,villa,theatre,port,church,settlement,circus,bath"," - "
1.12.5,"Τύριοι Φοίνικες",http://pleiades.stoa.org/places/678437,33.268071,35.209358,"circus,settlement"," - "
1.13.1,ἀγγέλων,http://pleiades.stoa.org/places/837,39.64014749138555,31.033254534661616,"peninsula,region"," - proxy|t - Roman|m - aphikneomaimessengers"
1.13.1,Ἀσίαν,http://pleiades.stoa.org/places/837,39.64014749138555,31.033254534661616,"peninsula,region"," - "
1.13.1,Ἀσιανῶν,http://pleiades.stoa.org/places/837,39.64014749138555,31.033254534661616,"peninsula,region"," - "
1.13.1,ἐνταῦθα,http://pleiades.stoa.org/places/442810,40.476034,17.228553,"settlement,temple-2"," - "
1.13.1,Ἠπείρου,http://pleiades.stoa.org/places/530871,39.577073022222216,20.590387322222224,region," - regional|t - Romanthose in authority"
1.13.1,Κεραύνια,http://pleiades.stoa.org/places/481785,40.198056,19.638889,mountain," - physical|oros|t - Roman|n - onomazō1.13.1"
1.13.1,Μακεδόνας,http://pleiades.stoa.org/places/981531,42.5,22.5,province," - "
1.13.1,ναυσὶν,http://pleiades.stoa.org/places/530871,39.577073022222216,20.590387322222224,region," - proxy|t - Roman|t - tote|m - esships"
1.13.1,Ῥωμαῖοι,http://pleiades.stoa.org/places/423025,41.89262,12.4843457,"settlement,urban"," - "
1.13.1,Ῥωμαίους,http://pleiades.stoa.org/places/423025,41.89262,12.4843457,"settlement,urban"," - "
1.13.1,Σικελίας,http://pleiades.stoa.org/places/462492,37.53667611952188,14.08648464579389,island," - "
1.13.1,συμμαχίαν,http://pleiades.stoa.org/places/837,39.64014749138555,31.033254534661616,"peninsula,region"," - "
1.13.1,Τάραντα,http://pleiades.stoa.org/places/442810,40.476034,17.228553,"settlement,temple-2"," - "
1.13.1,Ταραντίνων,http://pleiades.stoa.org/places/442810,40.476034,17.228553,"settlement,temple-2"," - proxy|t - Romanthose in authority"
1.13.2,Γαλατῶν,http://pleiades.stoa.org/places/993,44.730982100000006,3.5988981583333333,region," - "
1.13.2,θαλάσσῃ,http://pleiades.stoa.org/places/560221,37.42245628773585,25.8829628235849,water-open," - "
1.13.2,Θεσσαλῶν,http://pleiades.stoa.org/places/1332,39.6,22.2,region," - "
1.13.2,ἱερὸν,http://topostext.org/place/393221SAth,39.2617,22.0507,NULL," - "
1.13.2,Ἰταλίᾳ,http://pleiades.stoa.org/places/452346,38.25,16.25,region," - regional|t - Roman1.13.2|plēgē"
1.13.2,Ἰταλίαν,http://pleiades.stoa.org/places/1052,42.5,12.5,region," - "
1.13.2,Κελτῶν,http://pleiades.stoa.org/places/993,44.730982100000006,3.5988981583333333,region," - "
1.13.2,Λαρίσης,http://pleiades.stoa.org/places/540905,39.64147,22.41474,settlement," - "
1.13.2,Μακεδονίας,http://pleiades.stoa.org/places/981531,42.5,22.5,province," - "
1.13.2,Μολοσσὸς,http://topostext.org/place/398206RMol,39.8,20.6,NULL," - proxy|t - Roman|r - inscriptionPyrrhos"
1.13.2,Φερῶν,http://pleiades.stoa.org/places/541044,39.384163,22.737728,"settlement,temple-2"," - "
1.13.3,αἵδε,http://pleiades.stoa.org/places/981531,42.5,22.5,province," - proxy|opsis|t - pote|t - Macedonian War|r - inscription|tr - portheō|s - anathema|agencyshields"
1.13.3,αἵδε,http://pleiades.stoa.org/places/981531,42.5,22.5,province," - proxy|t - pote|t - Macedonian War|opsis|r - inscription|s - anathema|agencyshields"
1.13.3,"Ἀσίδα γαῖαν",http://pleiades.stoa.org/places/837,39.64014749138555,31.033254534661616,"peninsula,region"," - "
1.13.3,Γαλατᾶν,http://pleiades.stoa.org/places/993,44.730982100000006,3.5988981583333333,region," - "
1.13.3,Δωδώνῃ,http://pleiades.stoa.org/places/530843,39.54648,20.78784,"theatre,settlement"," - "
1.13.3,Ἕλλασιν,http://pleiades.stoa.org/places/1001896,37.5,22.5,province," - "
1.13.3,ἐνταῦθα,http://topostext.org/place/393221SAth,39.2617,22.0507,NULL," - "
1.13.3,Μακεδόνας,http://pleiades.stoa.org/places/981531,42.5,22.5,province," - "
1.13.3,Μακεδονίας,http://pleiades.stoa.org/places/981531,42.5,22.5,province," - "
1.13.3,Μακεδόνων,http://pleiades.stoa.org/places/981531,42.5,22.5,province," - "
1.13.4,Ἕλλησιν,http://pleiades.stoa.org/places/1001896,37.5,22.5,province," - "
1.13.4,Θηβαίοις,http://pleiades.stoa.org/places/541138,38.318092,23.255096,"sanctuary,settlement"," - "
1.13.4,Λακεδαιμονίοις,http://pleiades.stoa.org/places/570406,37.07624042080912,22.46082645177671,region," - "
1.13.4,Λακεδαιμόνιος,http://pleiades.stoa.org/places/570406,37.07624042080912,22.46082645177671,region," - proxy|t - Roman|m - agōKleonymos"
1.13.4,Λέκτροις,http://pleiades.stoa.org/places/540913,38.25422,23.18095,settlement," - built|settlement|t - post-Peloponnesian War|l - enevent - battle, 371 BCE"
1.13.4,Μακεδόνων,http://pleiades.stoa.org/places/981531,42.5,22.5,province," - "
1.13.4,Πελοπόννησον,http://pleiades.stoa.org/places/570577,37.25289777692308,22.312752688461543,"peninsula,region"," - "
1.13.4,Πλάταιαν,http://pleiades.stoa.org/places/541063,38.221019,23.273866,settlement," - built|settlement|t - Persian War|l - perievent - battle, 479 BCE"
1.13.4,στρατὸν,http://pleiades.stoa.org/places/530871,39.577073022222216,20.590387322222224,region," - "
1.13.5,Ἀθηναίων,http://pleiades.stoa.org/places/579885,37.971687,23.726464,settlement," - "
1.13.5,ἑπομένους,http://pleiades.stoa.org/places/541140,38.796511,22.538294,"shrine,pass,fort"," - proxy|t - Persian War|m - hepomai|f - Lacedaimonians|mx: hepomai|x - not|analogic|r - Herodotusevent - battle"
1.13.5,Λακεδαιμονίοις,http://pleiades.stoa.org/places/570406,37.07624042080912,22.46082645177671,region," - "
1.13.5,Λεύκτροις,http://pleiades.stoa.org/places/540913,38.25422,23.18095,settlement," - built|settlement|t - post-Peloponnesian War|analogic|l - enevent - battle"
1.13.5,Μήδων,http://pleiades.stoa.org/places/922698,30.5,51.5,unknown," - "
1.13.5,συνεχώρουν,http://pleiades.stoa.org/places/570406,37.07624042080912,22.46082645177671,region," - "
1.13.5,Σφακτηρίᾳ,http://pleiades.stoa.org/places/570686,36.930136,21.665725,island," - physical|nesos|t - Peloponnesian War|f - Lacedaimonians|analogic|r - Thucydidesevent - battle"
1.13.5,χώραν,http://pleiades.stoa.org/places/570406,37.07624042080912,22.46082645177671,region," - regional|chora|t - Romanchora = territory"
1.13.6,Ἀργείων,http://pleiades.stoa.org/places/570106,37.631561,22.719464,settlement," - "
1.13.6,Βοιωτοῖς,http://pleiades.stoa.org/places/540689,38.34668803333333,23.184677533333332,region," - proxy|t - post-Peloponnesian War|f - narrator|t - protos|analogicbattle of Leuktra"
1.13.6,γῆν,http://pleiades.stoa.org/places/570406,37.07624042080912,22.46082645177671,region," - regional|ge|t - Romanland of Sparta = territory?"
1.13.6,γῆν,http://pleiades.stoa.org/places/570406,37.07624042080912,22.46082645177671,region," - regional|ge|t - Macedonian War|f - narrator|analogicland of the Lakedaimonians = territory?"
1.13.6,εὐτρεπίζοντο,http://pleiades.stoa.org/places/570685,37.08149,22.42454,"theatre,temple,settlement,temple-2"," - "
1.13.6,Μακεδόσι,http://pleiades.stoa.org/places/981531,42.5,22.5,province," - "
1.13.6,Μεσσηνίων,http://pleiades.stoa.org/places/570480,37.06945533333334,21.9323415,region," - "
1.13.6,ὁρῶντες,http://pleiades.stoa.org/places/570406,37.07624042080912,22.46082645177671,region," - "
1.13.6,παρετάσσοντο,http://pleiades.stoa.org/places/570406,37.07624042080912,22.46082645177671,region," - "
1.13.6,πόλιν,http://pleiades.stoa.org/places/570685,37.08149,22.42454,"theatre,temple,settlement,temple-2"," - "
1.13.6,προσέπταισαν,http://pleiades.stoa.org/places/570406,37.07624042080912,22.46082645177671,region," - "
1.13.6,Σπάρτης,http://pleiades.stoa.org/places/570685,37.08149,22.42454,"theatre,temple,settlement,temple-2"," - "
1.13.6,στρατὸν,http://pleiades.stoa.org/places/530871,39.577073022222216,20.590387322222224,region," - "
1.13.6,σφίσι,http://pleiades.stoa.org/places/570406,37.07624042080912,22.46082645177671,region," - proxy|t - post-Peloponnesian War|f - narrator|s - first|t - protos|analogic1.13.6"
1.13.7,Ἄργος,http://pleiades.stoa.org/places/570106,37.631561,22.719464,settlement," - "
1.13.7,Ἄργους,http://pleiades.stoa.org/places/570106,37.631561,22.719464,settlement," - "
1.13.7,Ἤπειρον,http://pleiades.stoa.org/places/530871,39.577073022222216,20.590387322222224,region," - "
1.13.7,Λακεδαίμονα,http://pleiades.stoa.org/places/570406,37.07624042080912,22.46082645177671,region," - "
1.13.7,Λακωνικὴν,http://pleiades.stoa.org/places/570406,37.07624042080912,22.46082645177671,region," - "
1.13.7,Λακωνικοῦ,http://pleiades.stoa.org/places/570406,37.07624042080912,22.46082645177671,region," - proxy|t - Romanwar|1.13.7"
1.13.7,Μακεδονίαν,http://pleiades.stoa.org/places/981531,42.5,22.5,province," - "
1.13.7,Μακεδόνων,http://pleiades.stoa.org/places/981531,42.5,22.5,province," - proxy|t - Romancities"
1.13.7,Πελοπόννησον,http://pleiades.stoa.org/places/570577,37.25289777692308,22.312752688461543,"peninsula,region"," - "
1.13.7,Πελοποννήσου,http://pleiades.stoa.org/places/570577,37.25289777692308,22.312752688461543,"peninsula,region"," - "
1.13.7,πόλιν,http://pleiades.stoa.org/places/570106,37.631561,22.719464,settlement," - built|settlement|t - Roman1.13.7"
1.13.7,στρατὸν,http://pleiades.stoa.org/places/981531,42.5,22.5,province," - "
1.13.7,φεύγουσιν,http://pleiades.stoa.org/places/981531,42.5,22.5,province," - "
1.13.8,Ἀργεῖοι,http://pleiades.stoa.org/places/570106,37.631561,22.719464,settlement," - "
1.13.8,γυναῖκα,http://pleiades.stoa.org/places/570106,37.631561,22.719464,settlement," - proxy|t - Roman|f - Argives|x - not|tr - kteinōArgive woman"
1.13.8,γυναικὸς,http://pleiades.stoa.org/places/570106,37.631561,22.719464,settlement," - proxy|t - Roman|f - they say|r - Thucydides|agencyArgive woman"
1.13.8,ἐνταῦθα,http://pleiades.stoa.org/places/570106,37.631561,22.719464,settlement," - "
1.13.8,θεοῦ,http://topostext.org/place/385225SDel,38.48264,22.50108,NULL," - "
1.13.8,μαχομένων,http://pleiades.stoa.org/places/981531,42.5,22.5,province," - proxy|t - Roman|i - macheō|ix: macheō1.13.8"
1.13.8,πόλεως,http://pleiades.stoa.org/places/570106,37.631561,22.719464,settlement," - "
1.13.8,σφισιν,http://pleiades.stoa.org/places/570106,37.631561,22.719464,settlement," - "
1.13.9,Ἀργεῖοί,http://pleiades.stoa.org/places/570106,37.631561,22.719464,settlement," - "
1.13.9,Δελφοῖς,http://pleiades.stoa.org/places/540726,38.482289,22.501169,"sanctuary,settlement"," - "
1.13.9,Καρδιανὸς,http://pleiades.stoa.org/places/501458,38.546722,21.338432,settlement," - "
1.13.9,Πυθία,http://topostext.org/place/385225SDel,38.48264,22.50108,NULL," - proxy|t - heroic age|analogic|tr - kteinōQ220344"
1.13.9,Συρακούσαις,http://pleiades.stoa.org/places/462503,37.05963,15.29382,settlement," - "
1.14.1,ἄγαλμα,http://topostext.org/binder/JB2904,37.9759,23.7218,NULL," - "
1.14.1,Ἀθήνῃσιν,http://pleiades.stoa.org/places/579885,37.971687,23.726464,settlement," - "
1.14.1,Διόνυσος,http://topostext.org/binder/JB1147,37.974338,23.722734,NULL," - object|statue|Paus|worthy of viewing|Dionysos|xm - keimai|agencyperson"
1.14.1,Ἐννεάκρουνον,http://topostext.org/binder/JB1280,37.9686,23.7329,NULL," - "
1.14.1,Ἠπειρωτῶν,http://pleiades.stoa.org/places/530871,39.577073022222216,20.590387322222224,region," - proxy|t - Roman1.14.1"
1.14.1,κρήνη,http://topostext.org/binder/JB1280,37.9686,23.7329,NULL," - built|krene|Paus|l - plesionpart of the built environment"
1.14.1,κρήνην,http://topostext.org/binder/JB3385,37.975124,23.723135,NULL," - "
1.14.1,"ὁ μὲν",http://topostext.org/binder/JB0996,37.975,23.723,NULL," - built|naos|Paus|DemeterTemple of Demeter and Kore in Athens, above Enneakrounos"
1.14.1,πηγὴ,http://topostext.org/binder/JB3385,37.975124,23.723135,NULL," - "
1.14.1,πόλεώς,http://pleiades.stoa.org/places/579885,37.971687,23.726464,settlement," - "
1.14.1,τῷ,http://topostext.org/binder/JB2903,37.9735,23.7249,NULL," - "
1.14.1,Ὠιδεῖον,http://topostext.org/binder/JB0071,37.975124,23.723135,NULL," - built|Paus|theatronAgrippa not mentioned"
1.14.2,Ἀθηναῖοι,http://pleiades.stoa.org/places/579885,37.971687,23.726464,settlement," - "
1.14.2,Ἀθηναίοις,http://pleiades.stoa.org/places/579885,37.971687,23.726464,settlement," - "
1.14.2,Αἰγύπτιοι,http://pleiades.stoa.org/places/981503,19.211408766666665,30.567329633333333,region," - "
1.14.2,Ἀργεῖοι,http://pleiades.stoa.org/places/570106,37.631561,22.719464,settlement," - "
1.14.2,Ἀργείων,http://pleiades.stoa.org/places/570106,37.631561,22.719464,settlement," - "
1.14.2,Ἄργος,http://pleiades.stoa.org/places/570106,37.631561,22.719464,settlement," - "
1.14.2,Ἄργους,http://pleiades.stoa.org/places/570106,37.631561,22.719464,settlement," - "
1.14.2,Ἀττικὴν,http://pleiades.stoa.org/places/579888,38.051998833333336,23.818991099999998,region," - "
1.14.2,Ἐλευσῖνος,http://pleiades.stoa.org/places/579920,38.041096,23.538311,"sanctuary,settlement"," - "
1.14.2,Ἑλλήνων,http://pleiades.stoa.org/places/1001896,37.5,22.5,province," - proxy|f - narrator|analogic1.14.2"
1.14.2,Φρυξὶν,http://pleiades.stoa.org/places/991386,37.5,27.5,province," - "
1.14.3,Ἀθηναίῳ,http://pleiades.stoa.org/places/579885,37.971687,23.726464,settlement," - "
1.14.3,Ἀθήνῃσιν,http://pleiades.stoa.org/places/579885,37.971687,23.726464,settlement," - "
1.14.3,Ἐλευσίνιον,http://pleiades.stoa.org/places/650003009,37.9728361,23.7247805,"sanctuary,architecturalcomplex"," - "
1.14.3,ἱερόν,http://pleiades.stoa.org/places/650003009,37.9728361,23.7247805,"sanctuary,architecturalcomplex"," - "
1.14.4,ἄγαλμα,http://topostext.org/binder/JB2904,37.9759,23.7218,NULL," - "
1.14.4,Ἀθηναίων,http://pleiades.stoa.org/places/579885,37.971687,23.726464,settlement," - "
1.14.4,"βοῦς χαλκοῦς",http://arachne.dainst.org/entity/3585943,37.97945,23.71622,NULL," - object|statue|Paus|mat - chalkos|l - entha|bull|m - agomai|agencyperson|statue, bull, in front of the temple of Triptolemos"
1.14.4,Γορτύνιον,http://pleiades.stoa.org/places/589796,35.0627201667,24.9469437222,"urban,architecturalcomplex,theatre,church,settlement"," - "
1.14.4,Ἐπιμενίδης,http://topostext.org/binder/JB1295,37.974338,23.722734,NULL," - object|statue|Paus|Epimenides|xm - kathēmai|agencyperson"
1.14.4,Κνώσσιος,http://pleiades.stoa.org/places/589872,35.297847,25.163106,"settlement,architecturalcomplex"," - "
1.14.4,Κολοφώνιος,http://pleiades.stoa.org/places/599577,38.115556,27.142222,settlement," - "
1.14.4,Λακεδαιμονίοις,http://pleiades.stoa.org/places/570406,37.07624042080912,22.46082645177671,region," - proxy|t - pre-Persian War|f - Polymnastos1.14.4"
1.14.4,Λακεδαιμονίοις,http://pleiades.stoa.org/places/570406,37.07624042080912,22.46082645177671,region," - "
1.14.4,ναοῦ,http://topostext.org/binder/JB2903,37.9735,23.7249,NULL," - built|naos|Paus|l - pro|Triptolemos1.14.4"
1.14.5,Ἀθηναίους,http://pleiades.stoa.org/places/579885,37.971687,23.726464,settlement," - "
1.14.5,ἄλσος,http://topostext.org/place/381241LMaB,38.144,24.0002,NULL," - built|alsos|t - Persian War|f - Aeschylussacred grove at Marathon: a place, so part of the built environment?|battle"
1.14.5,ἀνάθημα,http://topostext.org/binder/JB1365,37.975,23.723,NULL," - "
1.14.5,Ἀρτεμισίου,http://pleiades.stoa.org/places/540667,39.017832,23.220954,temple," - built|settlement|t - Persian Warbattle"
1.14.5,Μαραθῶνι,http://pleiades.stoa.org/places/580021,38.1465515,23.970146,settlement," - "
1.14.5,Μήδων,http://pleiades.stoa.org/places/922698,30.5,51.5,unknown," - "
1.14.5,Μήδων,http://pleiades.stoa.org/places/922698,30.5,51.5,unknown," - proxy|t - Persian War|f - Aeschylus|m - bainō1.14.5"
1.14.5,"ναὸς Εὐκλείας",http://topostext.org/binder/JB1365,37.975,23.723,NULL," - built|naos|Paus|l - apotero|Eukleia1.14.5"
1.14.5,οἳ,http://pleiades.stoa.org/places/922698,30.5,51.5,unknown," - "
1.14.5,πόλιν,http://pleiades.stoa.org/places/579885,37.971687,23.726464,settlement," - "
1.14.5,Σαλαμῖνι,http://pleiades.stoa.org/places/580101,37.93,23.51,island," - physical|island|t - Persian Warbattle"
1.14.5,χώρας,http://topostext.org/place/381241LMaB,38.144,24.0002,NULL," - physical|chora|t - Persian Warchora as the physical land?"
1.14.6,ἄγαλμά,http://arachne.dainst.org/entity/3585946,37.97945,23.71622,NULL," - object|agalma|Paus|t - heroic age|f - narrator|Athenastatue, Athena, by the temple of Hephaistos"
1.14.6,ἄγαλμα,http://arachne.dainst.org/entity/3585946,37.97945,23.71622,NULL," - object|agalma|Paus|f - narrator|analogicstatue, Athena, by the temple of Hephaistos"
1.14.6,Βασίλειον,http://topostext.org/place/380237BRoS,37.976123,23.722336,NULL," - "
1.14.6,Κεραμεικὸν,http://pleiades.stoa.org/places/97294452,37.978333,23.718611,"production,cemetery"," - district|built|Paus|l - hyper1.14.6|part of the built environment (cf. chōrion)"
1.14.6,Λιβύων,http://pleiades.stoa.org/places/716588,31.5,26.5,region," - proxy|f - narrator|analogicmuthos"
1.14.6,"λίμνης Τριτωνίδος",http://pleiades.stoa.org/places/364025,30.0948151,18.8746442,lake," - "
1.14.6,ναός,http://pleiades.stoa.org/places/558659669,37.9756065,23.721502,"church-2,temple-2"," - "
1.14.6,οἱ,http://arachne.dainst.org/entity/3585945,37.97945,23.71622,NULL," - "
1.14.6,τούτοις,http://pleiades.stoa.org/places/716588,31.5,26.5,region," - "
1.14.7,ἄγαλμα,http://topostext.org/binder/JB0233,37.975,23.7222,NULL," - object|agalma|t - present|t - eti|t - eph hemon|b - Pheidias|mat - marble|mat - lithos|Aphroditewhite stone = marble"
1.14.7,Ἀθηναίοις,http://pleiades.stoa.org/places/579885,37.971687,23.726464,settlement," - "
1.14.7,Ἀθμονέων,http://pleiades.stoa.org/places/579887,38.055127,23.8115515,settlement," - "
1.14.7,Ἀσκάλωνα,http://pleiades.stoa.org/places/687839,31.66426,34.54732,settlement," - "
1.14.7,Ἀσσυρίοις,http://pleiades.stoa.org/places/844869,41.5,34.5,"labeled feature"," - "
1.14.7,Ἀσσυρίους,http://pleiades.stoa.org/places/844869,41.5,34.5,"labeled feature"," - "
1.14.7,ἱερόν,http://topostext.org/place/380237SApO,37.976359,23.722504,NULL," - built|hieron|Paus|l - plesion|Aphrodite1.14.7"
1.14.7,Κυθήριοι,http://pleiades.stoa.org/places/570400,36.26229,22.97822,"island,settlement"," - "
1.14.7,Κυπρίων,http://pleiades.stoa.org/places/707498,35.040883529816504,33.27533716422018,island," - "
1.14.7,"λίθου Παρίου",http://pleiades.stoa.org/places/599868,37.03613,25.19093,island," - proxy|t - eph hemon|t - eti|t - presentmarble (lithos)"
1.14.7,οἳ,http://pleiades.stoa.org/places/579887,38.055127,23.8115515,settlement," - proxy|focaliser|agencydemos (deme)"
1.14.7,Παλαιστίνῃ,http://pleiades.stoa.org/places/687995,31.25,34.75,"labeled feature"," - "
1.14.7,Παφίοις,http://pleiades.stoa.org/places/707596,34.707147,32.573711,settlement," - "
1.14.7,πόλιν,http://pleiades.stoa.org/places/579885,37.971687,23.726464,settlement," - built|settlement|f - they say1.14.7"
1.14.7,Φοινίκων,http://pleiades.stoa.org/places/678334,33.25,35.25,region," - "
1.15.1,"Ἀθηναίους ἔχει τεταγμένους",http://pleiades.stoa.org/places/579885,37.971687,23.726464,settlement," - "
1.15.1,Ἀθηναίων,http://pleiades.stoa.org/places/579885,37.971687,23.726464,settlement," - "
1.15.1,Ἀργεία,http://pleiades.stoa.org/places/570104,37.6566371145232,22.92059272180843,region," - "
1.15.1,γέγραπται,http://arachne.dainst.org/entity/3585950,37.97945,23.71622,NULL," - object|graphe|Paus|f - painting|f - narrator|trx: graphōpainting, Athenians against the Lakedaimonians at Oinoi, in the Stoa Poikile"
1.15.1,κρατησάντων,http://pleiades.stoa.org/places/579885,37.971687,23.726464,settlement," - "
1.15.1,Λακεδαιμονίων,http://pleiades.stoa.org/places/570406,37.07624042080912,22.46082645177671,region," - "
1.15.1,οἱ,http://topostext.org/binder/JB3467,37.9766,23.7224,NULL," - "
1.15.1,Οἰνόῃ,http://topostext.org/place/376226UOin,37.6111,22.5703,NULL," - built|settlement|t - Peloponnesian War|f - paintingbattle"
1.15.1,Ποικίλην,http://topostext.org/place/380237BSPo,37.97635,23.72265,NULL," - "
1.15.1,πύλη,http://topostext.org/binder/JB3467,37.9766,23.7224,NULL," - "
1.15.1,στοὰ,http://topostext.org/place/380237BSPo,37.97635,23.72265,NULL," - "
1.15.1,στοάν,http://topostext.org/place/380237BSPo,37.97635,23.72265,NULL," - "
1.15.1,τρόπαιον,http://topostext.org/binder/JB3467,37.9766,23.7224,NULL," - "
1.15.1,χαλκοῦς,http://topostext.org/binder/JB1605,37.9753,23.7223,NULL," - "
1.15.2,Ἀθηναῖοι,http://pleiades.stoa.org/places/579885,37.971687,23.726464,settlement," - "
1.15.2,"Ἀθηναῖοι καὶ Θησεὺς Ἀμαζόσι",http://topostext.org/binder/JB0128,37.97635,23.72265,NULL," - object|painting|Paus|Theseus|Amazones|Athenianspainting, Theseus and the Amazons, on the middle wall of the Stoa Poikile"
1.15.2,Ἀθηναίοις,http://pleiades.stoa.org/places/579885,37.971687,23.726464,settlement," - "
1.15.2,Ἀθήνας,http://pleiades.stoa.org/places/579885,37.971687,23.726464,settlement," - "
1.15.2,"Αἴαντος ἐς Κασσάνδραν τόλμημα",http://topostext.org/binder/JB1875,37.97635,23.72265,NULL," - object|painting|Pauspainting, Aias and Kassandra, on the middle wall of the Stoa Poikile"
1.15.2,Ἀμαζόσι,http://pleiades.stoa.org/places/857350,41.215176,36.967737,settlement," - proxy|t - heroic age|f - paintingQ134154"
1.15.2,Ἀμαζόσιν,http://arachne.dainst.org/entity/3585951,37.97945,23.71622,NULL," - object|painting|Paus|f - painting|AmazonesQ134154|person|painting, Theseus and the Amazons, on the middle wall of the Stoa Poikile"
1.15.2,γραφὴ,http://arachne.dainst.org/entity/3585952,37.97945,23.71622,NULL," - object|graphe|Paus|lesser Aias|Kassandrapainting, Aias and Kassandra, on the middle wall of the Stoa Poikile"
1.15.2,"γυναῖκας τῶν αἰχμαλώτων ἄλλας",http://pleiades.stoa.org/places/550595,39.9577,26.23873,settlement," - "
1.15.2,γυναιξὶν,http://pleiades.stoa.org/places/857350,41.215176,36.967737,settlement," - proxy|t - heroic age|f - narratorQ134154"
1.15.2,Ἕλληνές,http://arachne.dainst.org/entity/3585952,37.97945,23.71622,NULL," - object|painting|Paus|f - painting|Hellenesperson|painting, Greeks at Troy, on the middle wall of the Stoa Poikile"
1.15.2,Ἕλλησιν,http://pleiades.stoa.org/places/1001896,37.5,22.5,province," - "
1.15.2,ἦλθον,http://pleiades.stoa.org/places/857350,41.215176,36.967737,settlement," - proxy|t - heroic age|f - narrator|m - erchomaiQ134154"
1.15.2,ἣν,http://pleiades.stoa.org/places/857350,41.215176,36.967737,settlement," - proxy|t - heroic age|f - narratorQ134154|the Amazonian army"
1.15.2,ᾑρηκότες,http://pleiades.stoa.org/places/1001896,37.5,22.5,province," - "
1.15.2,Θεμισκύρας,http://pleiades.stoa.org/places/857350,41.215176,36.967737,settlement," - built|settlement|t - heroic age|f - narratorbattle"
1.15.2,Ἴλιον,http://pleiades.stoa.org/places/550595,39.9577,26.23873,settlement," - "
1.15.2,μαχούμεναι,http://pleiades.stoa.org/places/857350,41.215176,36.967737,settlement," - proxy|t - heroic age|f - narrator|i - macheō|ix: macheōQ134154"
1.15.2,στρατιᾶς,http://pleiades.stoa.org/places/857350,41.215176,36.967737,settlement," - proxy|t - heroic age|f - narratorAmazonian army, Q134154"
1.15.2,τοίχων,http://topostext.org/place/380237BSPo,37.97635,23.72265,NULL," - built|toichos|Paus|l - mesos1.15.2"
1.15.2,Τροίαν,http://pleiades.stoa.org/places/550595,39.9577,26.23873,settlement," - built|settlement|t - heroic age|f - narratorbattle"
1.15.3,Ἀθηνᾶ,http://arachne.dainst.org/entity/3585953,37.97945,23.71622,NULL," - object|painting|Paus|l - entautha|Athena|agencyQ37122|person|painting, Athena, at the end of the painting in the Stoa Poikile"
1.15.3,Ἀθηναίοις,http://pleiades.stoa.org/places/579885,37.971687,23.726464,settlement," - "
1.15.3,ἀμφοτέρων,http://pleiades.stoa.org/places/922698,30.5,51.5,unknown," - proxy|t - Persian War|f - paintingand the Attic coalition"
1.15.3,Ἀττικὸν,http://pleiades.stoa.org/places/579888,38.051998833333336,23.818991099999998,region," - "
1.15.3,βαρβάροις,http://pleiades.stoa.org/places/922698,30.5,51.5,unknown," - "
1.15.3,βαρβάρων,http://pleiades.stoa.org/places/922698,30.5,51.5,unknown," - "
1.15.3,Βοιωτῶν,http://pleiades.stoa.org/places/540689,38.34668803333333,23.184677533333332,region," - "
1.15.3,γραφῇ,http://arachne.dainst.org/entity/3585953,37.97945,23.71622,NULL," - object|graphe|Paus|Kallimachos|Miltiades|Echetlospainting, battle of Marathon, at the end of the painting in the Stoa Poikile"
1.15.3,γραφῆς,http://topostext.org/binder/JB2066,37.97635,23.72265,NULL," - "
1.15.3,γραφῆς,http://topostext.org/place/380237BSPo,37.97635,23.72265,NULL," - object|graphe|Paus|l - last1.15.3"
1.15.3,Ἕλληνες,http://pleiades.stoa.org/places/1001896,37.5,22.5,province," - "
1.15.3,ἕλος,http://topostext.org/place/381241LMaB,38.144,24.0002,NULL," - physical|helos|t - Persian War|f - paintingmarsh"
1.15.3,ἐνταῦθα,http://topostext.org/place/380237BSPo,37.97635,23.72265,NULL," - "
1.15.3,ἔσω,http://topostext.org/binder/JB2066,37.97635,23.72265,NULL," - "
1.15.3,Ἔχετλος,http://arachne.dainst.org/entity/3585953,37.97945,23.71622,NULL," - object|painting|Paus|agency|n - kaleō|s - heroperson, Q5332383"
1.15.3,Ἡρακλῆς,http://arachne.dainst.org/entity/3585953,37.97945,23.71622,NULL," - object|painting|Paus|l - entautha|Herakles|agencyQ122248|person|painting, Herakles, at the end of the painting in the Stoa Poikile"
1.15.3,Θησεὺς,http://topostext.org/binder/JB2827,37.975401,23.722349,NULL," - object|painting|Paus|l - entautha|Theseus|agencyQ1320718|person|painting, Theseus coming from the underworld, at the end of the painting in the Stoa Poikile"
1.15.3,Καλλίμαχός,http://arachne.dainst.org/entity/3585953,37.97945,23.71622,NULL," - object|painting|Paus|agencyperson Q364492"
1.15.3,"Μαραθὼν γεγραμμένος",http://arachne.dainst.org/entity/3585953,37.97945,23.71622,NULL," - object|graphe|Paus|Marathon|l - entauthapainting, Marathon, end of the painting in the Stoa Poikile"
1.15.3,Μαραθῶνι,http://pleiades.stoa.org/places/580021,38.1465515,23.970146,settlement," - built|deme|t - Persian War|f - paintingbattle"
1.15.3,Μαραθωνίοις,http://pleiades.stoa.org/places/580021,38.1465515,23.970146,settlement," - "
1.15.3,μαχομένων,http://pleiades.stoa.org/places/579885,37.971687,23.726464,settlement," - "
1.15.3,Μιλτιάδης,http://arachne.dainst.org/entity/3585953,37.97945,23.71622,NULL," - object|painting|Paus|agencyperson, Q210350"
1.15.3,"οἱ μαχεσάμενοι",http://topostext.org/binder/JB2066,37.97635,23.72265,NULL," - object|painting|Paus|Plataians|Athenians|Persians|i - macheō|ix: macheōperson|painting, battle of Marathon, at the end of the painting in the Stoa Poikile"
1.15.3,πεδίον,http://topostext.org/place/381239UMar,38.125,23.96,NULL," - "
1.15.3,Πλάταιαν,http://pleiades.stoa.org/places/541063,38.221019,23.273866,settlement," - built|settlement|t - Persian War|f - paintingbattle"
1.15.3,ταύτῃ,http://topostext.org/binder/JB2066,37.97635,23.72265,NULL," - "
1.15.3,φεύγοντές,http://pleiades.stoa.org/places/922698,30.5,51.5,unknown," - "
1.15.3,Φοίνισσαι,http://pleiades.stoa.org/places/678334,33.25,35.25,region," - proxy|t - Persian War|f - paintingships"
1.15.4,ἀσπίδες,http://topostext.org/binder/JB2668,37.975525,23.723837,NULL," - "
1.15.4,ἐνταῦθα,http://topostext.org/place/380237BSPo,37.97635,23.72265,NULL," - built|stoa|Paus|lx: entautha1.15.4"
1.15.4,Λακεδαιμονίων,http://pleiades.stoa.org/places/570406,37.07624042080912,22.46082645177671,region," - "
1.15.4,Σκιωναίων,http://pleiades.stoa.org/places/501620,39.939063,23.574785,settlement," - "
1.15.4,Σφακτηρίᾳ,http://pleiades.stoa.org/places/570686,36.930136,21.665725,island," - physical|nesos|t - Peloponnesian War|f - it is said1.15.4"
1.15.4,ταῖς,http://topostext.org/binder/JB2668,37.975525,23.723837,NULL," - "
1.15.4,τὰς,http://topostext.org/binder/JB1975,37.9751,23.721,NULL," - "
1.16.1,Ἀθηναίοις,http://pleiades.stoa.org/places/579885,37.971687,23.726464,settlement," - "
1.16.1,Βαβυλῶνα,http://pleiades.stoa.org/places/893951,32.53617,44.42082,"settlement,urban"," - "
1.16.1,Μακεδονίας,http://pleiades.stoa.org/places/981531,42.5,22.5,province," - "
1.16.1,Πέλλῃ,http://pleiades.stoa.org/places/491687,40.754555,22.518485,"settlement,cemetery,architecturalcomplex"," - "
1.16.1,Σέλευκος,http://topostext.org/binder/JB2644,37.975525,23.723837,NULL," - object|andrias|Paus|mat - chalkos|l - apotero|Seleukos|agencyQ184176|person"
1.16.1,Σόλων,http://topostext.org/binder/JB2690,37.975525,23.723837,NULL," - object|andrias|Paus|mat - chalkos|Solon|agencyQ133337|person"
1.16.1,στοᾶς,http://topostext.org/place/380237BSPo,37.97635,23.72265,NULL," - built|stoa|Paus|l - pro1.16.1"
1.16.2,ἀρχὴν,http://pleiades.stoa.org/places/837,39.64014749138555,31.033254534661616,"peninsula,region"," - "
1.16.2,Ἀσίᾳ,http://pleiades.stoa.org/places/837,39.64014749138555,31.033254534661616,"peninsula,region"," - "
1.16.2,βαρβάρων,http://pleiades.stoa.org/places/993,44.730982100000006,3.5988981583333333,region," - "
1.16.2,Γαλάταις,http://pleiades.stoa.org/places/993,44.730982100000006,3.5988981583333333,region," - "
1.16.2,Ἑλλήνων,http://pleiades.stoa.org/places/1001896,37.5,22.5,province," - proxy|t - Macedonian Wararmy"
1.16.2,Λυσιμάχειαν,http://pleiades.stoa.org/places/530986,38.546722,21.338432,settlement," - "
1.16.2,Μακεδονίαν,http://pleiades.stoa.org/places/981531,42.5,22.5,province," - "
1.16.2,Μακεδονίας,http://pleiades.stoa.org/places/981531,42.5,22.5,province," - "
1.16.3,ἀνακομισθέντα,http://arachne.dainst.org/entity/3585954,37.385132,27.256715,NULL," - object|statue|t - Persian War|m - komizō|mx: komizōstatue, Apollo, carried to Ekbatana"
1.16.3,Ἀπόλλωνα,http://arachne.dainst.org/entity/3585954,37.385132,27.256715,NULL," - object|statue|t - Macedonian War|mat - chalkos|ApolloQ37340|statue, Apollo, in Brachidai"
1.16.3,αὐτὴν,http://pleiades.stoa.org/places/894084,33.09823,44.55336,"settlement,urban"," - "
1.16.3,Βαβυλωνίους,http://pleiades.stoa.org/places/893951,32.53617,44.42082,"settlement,urban"," - "
1.16.3,Βαβυλῶνος,http://pleiades.stoa.org/places/893951,32.53617,44.42082,"settlement,urban"," - "
1.16.3,Βραγχίδας,http://pleiades.stoa.org/places/599593,37.384829,27.256115,"sanctuary,temple-2"," - "
1.16.3,Ἐκβάτανα,http://pleiades.stoa.org/places/903021,34.80523,48.51696,settlement," - "
1.16.3,Μηδικὰ,http://pleiades.stoa.org/places/922698,30.5,51.5,unknown," - "
1.16.3,Μιλησίοις,http://pleiades.stoa.org/places/599799,37.5292362,27.2774885,"theatre,settlement,port"," - "
1.16.3,Σελεύκειαν,http://pleiades.stoa.org/places/894084,33.09823,44.55336,"settlement,urban"," - "
1.16.3,Τίγρητι,http://pleiades.stoa.org/places/912964,34.52908255,44.79467829666667,river," - "
1.17.1,ἀγορᾷ,http://pleiades.stoa.org/places/773761100,37.974038,23.7261021,"findspot,plaza,architecturalcomplex"," - "
1.17.1,Ἀθηναῖοι,http://pleiades.stoa.org/places/579885,37.971687,23.726464,settlement," - "
1.17.1,Ἀθηναίοις,http://pleiades.stoa.org/places/579885,37.971687,23.726464,settlement," - proxy1.17.1"
1.17.1,Αἰδοῦς,http://topostext.org/binder/JB0082,37.9742,23.7265,NULL," - built|bomos|opsis|f - narrator|AidosQ404076|person"
1.17.1,"Ἐλέου βωμός",http://topostext.org/binder/JB1262,37.97342,23.72832,NULL," - "
1.17.1,Ἑλλήνων,http://pleiades.stoa.org/places/1001896,37.5,22.5,province," - "
1.17.1,εὐσεβοῦσιν,http://pleiades.stoa.org/places/579885,37.971687,23.726464,settlement," - "
1.17.1,Ὁρμῆς,http://topostext.org/binder/JB1766,37.975,23.723,NULL," - built|bomos|opsis|f - narrator|HormeQ|person"
1.17.1,τούτοις,http://pleiades.stoa.org/places/579885,37.971687,23.726464,settlement," - "
1.17.1,Φήμης,http://topostext.org/binder/JB2425,37.975,23.723,NULL," - built|opsis|bomos|f - narrator|PhemeQ|person"
1.17.2,ἀγορᾶς,http://pleiades.stoa.org/places/773761100,37.974038,23.7261021,"findspot,plaza,architecturalcomplex"," - "
1.17.2,Ἀθηνᾷ,http://topostext.org/binder/JB0657,37.975374,23.723929,NULL," - object|statue|opsis|AthenaQ37122|person"
1.17.2,Ἀθηναῖοι,http://pleiades.stoa.org/places/579885,37.971687,23.726464,settlement," - "
1.17.2,Ἀμαζόνας,http://pleiades.stoa.org/places/857350,41.215176,36.967737,settlement," - proxy|t - heroic age|f - paintingQ134154"
1.17.2,ἀσπίδι,http://arachne.dainst.org/entity/3585962,37.97945,23.71622,NULL," - object|aspis|opsis|Athena|Amazones|Atheniansrelief, battle against the Amazones, on the shield of Athena Polias"
1.17.2,βάθρῳ,http://arachne.dainst.org/entity/3585963,37.638043,21.630599,NULL," - object|painting|opsis|Amazones|Zeus|Atheniansrelief, battle against the Amazones, on the base of Olympian Zeus"
1.17.2,γέγραπται,http://topostext.org/binder/JB0791,37.9715,23.7241,NULL," - "
1.17.2,γραφαὶ,http://topostext.org/binder/JB0128,37.97635,23.72265,NULL," - object|graphe|Paus|Amazones|Athenianspainting, battle against the Amazones, in the sanctuary of Theseus"
1.17.2,γυμνασίῳ,http://topostext.org/place/380237BGyP,37.97342,23.72832,NULL," - "
1.17.2,γυμνασίῳ,http://topostext.org/place/380237BGyP,37.97342,23.72832,NULL," - built|gymnasion|Paus|l - en|Ptolemaios1.17.2"
1.17.2,εἰκὼν,http://arachne.dainst.org/entity/3585958,37.97945,23.71622,NULL," - "
1.17.2,ἐνταῦθα,http://topostext.org/place/380237BGyP,37.97342,23.72832,NULL," - "
1.17.2,Ἑρμαῖ,http://arachne.dainst.org/entity/3585957,37.97945,23.71622,NULL," - "
1.17.2,ἱερόν,http://topostext.org/binder/JB2823,37.975,23.725,NULL," - "
1.17.2,ἱερῷ,http://topostext.org/binder/JB2823,37.975,23.725,NULL," - "
1.17.2,Ἰόβας,http://topostext.org/binder/JB1845,37.9753,23.7223,NULL," - object|statue|Paus|l - entautha|Juba|agencyQ315670|person"
1.17.2,καλουμένῳ,http://topostext.org/place/380237BGyP,37.97342,23.72832,NULL," - "
1.17.2,Λίβυς,http://pleiades.stoa.org/places/716588,31.5,26.5,region," - "
1.17.2,"Ὀλυμπίου Διὸς",http://topostext.org/binder/JB3049,37.9694,23.7337,NULL," - "
1.17.2,Σολεύς,http://pleiades.stoa.org/places/648781,35.1406719,32.8125385,"theatre,settlement"," - "
1.17.2,σφισιν,http://pleiades.stoa.org/places/579885,37.971687,23.726464,settlement," - "
1.17.2,Χρύσιππος,http://topostext.org/binder/JB0941,37.97342,23.72832,NULL," - object|statue|Paus|l - entautha|Chrysippos|agencyQ211411|person"
1.17.3,γραφὴ,http://topostext.org/binder/JB2828,37.9715,23.7241,NULL," - object|graphe|Paus|b - Mikon|f - time|Theseus|Cretans|x - notdai:3585965"
1.17.3,θάλασσαν,http://pleiades.stoa.org/places/560221,37.42245628773585,25.8829628235849,water-open," - "
1.17.3,θαλάσσης,http://pleiades.stoa.org/places/560221,37.42245628773585,25.8829628235849,water-open," - physical|thalassa|t - heroic age|f - they say1.17.3"
1.17.3,Κρήτην,http://pleiades.stoa.org/places/589748,35.21984439173344,24.995769971494504,island," - "
1.17.3,τοίχων,http://topostext.org/binder/JB2819,37.9715,23.7241,NULL," - built|toichos|Paus|l - tritos1.17.3"
1.17.4,Θεσπρωτὸς,http://pleiades.stoa.org/places/531117,39.75,20.25,people," - proxy|t - heroic age|f - narrator|xm - echōking of the Threspotians"
1.17.4,Θεσπρωτοὺς,http://pleiades.stoa.org/places/531117,39.75,20.25,people," - "
1.17.4,Θεσπρωτῶν,http://pleiades.stoa.org/places/531117,39.75,20.25,people," - "
1.17.4,Κιχύρῳ,http://pleiades.stoa.org/places/530870,39.242391,20.53143,"settlement,temple-2"," - built|settlement|t - heroic age|f - narrator1.17.4"
1.17.4,στρατιᾶς,http://pleiades.stoa.org/places/579885,37.971687,23.726464,settlement," - proxy|t - heroic age|f - narratorarmy"
1.17.5,Ἄφιδναν,http://pleiades.stoa.org/places/579873,37.974359,23.362766,"unlocated,port,fort,church,settlement"," - "
1.17.5,Ἀχερουσία,http://topostext.org/place/393208WAch,39.253,20.553,NULL," - "
1.17.5,Ἀχέρων,http://pleiades.stoa.org/places/530769,39.2348296,20.4831346,river," - "
1.17.5,Δωδώνῃ,http://pleiades.stoa.org/places/530843,39.54648,20.78784,"theatre,settlement"," - "
1.17.5,Θεσπρωτίδι,http://pleiades.stoa.org/places/531117,39.75,20.25,people," - "
1.17.5,Θεσπρωτίδος,http://pleiades.stoa.org/places/531117,39.75,20.25,people," - regional|ge|opsis|worthy of viewing1.17.5"
1.17.5,Κιχύρῳ,http://pleiades.stoa.org/places/530870,39.242391,20.53143,"settlement,temple-2"," - "
1.17.5,ποταμοῖς,http://pleiades.stoa.org/places/530769,39.2348296,20.4831346,river," - "
1.17.5,ταῦτα,http://pleiades.stoa.org/places/530870,39.242391,20.53143,"settlement,temple-2"," - "
1.17.6,Ἀθηναίοις,http://pleiades.stoa.org/places/579885,37.971687,23.726464,settlement," - "
1.17.6,Ἀθήνας,http://pleiades.stoa.org/places/579885,37.971687,23.726464,settlement," - built|settlement|t - Persian War1.17.6"
1.17.6,δήμου,http://pleiades.stoa.org/places/579885,37.971687,23.726464,settlement," - "
1.17.6,Εὔβοιαν,http://pleiades.stoa.org/places/540775,38.53,23.87,island," - "
1.17.6,Θεσπρωτῶν,http://pleiades.stoa.org/places/531117,39.75,20.25,people," - "
1.17.6,Κρήτην,http://pleiades.stoa.org/places/589748,35.21984439173344,24.995769971494504,island," - "
1.17.6,Μαραθῶνι,http://pleiades.stoa.org/places/580021,38.1465515,23.970146,settlement," - "
1.17.6,Μῆδοι,http://pleiades.stoa.org/places/922698,30.5,51.5,unknown," - "
1.17.6,ὀστᾶ,http://topostext.org/binder/JB2820,37.9715,23.7241,NULL," - t - heroic ageTheseus's bones, Q1320718"
1.17.6,σηκὸς,http://topostext.org/binder/JB2819,37.9715,23.7241,NULL," - built|sekos|opsis|t - Persian Warsacred enclosure"
1.17.6,Σκύριοι,http://pleiades.stoa.org/places/541093,38.82754,24.6099,"island,settlement"," - "
1.17.6,Σκυρίους,http://pleiades.stoa.org/places/541108,38.82754,24.6099,"island,settlement"," - "
1.17.6,Σκῦρον,http://pleiades.stoa.org/places/541093,38.82754,24.6099,"island,settlement"," - "
1.18.1,γάμον,http://arachne.dainst.org/entity/3585966,37.97945,23.71622,NULL," - object|painting|Paus|b - Polygnotos|Dioskouroipainting, marriage of the daughters of Leukippos, sanctuary of Dioskouroi in Athens"
1.18.1,γραφῆς,http://arachne.dainst.org/entity/3585967,37.97945,23.71622,NULL," - object|graphe|Paus|b - Mikon|Argonautspainting, Argonauts, sanctuary of Dioskouroi in Athens"
1.18.1,ἑστῶτες,http://topostext.org/binder/JB1208,37.974338,23.722734,NULL," - object|statue|Paus|Dioskouroi|agencystatue, Dioskouroi, sanctuary of Dioskouroi in Athens"
1.18.1,ἱερὸν,http://topostext.org/binder/JB1204,37.9713,23.7293,NULL," - built|hieron|Paus|s - archaios|Dioskouroisanctuary of Dioskouroi, Athens (see bdr:JB1208 for the sculpture)|1.18.1"
1.18.1,καθήμενοί,http://arachne.dainst.org/entity/4020513,37.97945,23.71622,NULL," - object|statue|Paus|agencystatue, sons of the Dioskouroi, sanctuary of Dioskouroi in Athens"
1.18.1,Κόλχους,http://pleiades.stoa.org/places/863770,42.5,42.5,region," - "
1.18.1,πλεύσαντας,http://topostext.org/binder/JB1840,37.974,23.726,NULL," - object|painting|Paus|b - Mikon|mx: pleō|Argonautspainting, Argonauts, sanctuary of Dioskouroi in Athens"
1.18.2,"Ἀγλαύρου τέμενός",http://topostext.org/place/380237SAgl,37.97139,23.72877,NULL," - "
1.18.2,Ἀθηναίων,http://pleiades.stoa.org/places/579885,37.971687,23.726464,settlement," - "
1.18.2,ἀκροπόλεως,http://pleiades.stoa.org/places/638356144,37.971421,23.726166,"acropolis,architecturalcomplex"," - "
1.18.2,ἀκρόπολιν,http://pleiades.stoa.org/places/638356144,37.971421,23.726166,"acropolis,architecturalcomplex"," - "
1.18.2,ἀποτειχίσαντας,http://pleiades.stoa.org/places/579885,37.971687,23.726464,settlement," - proxy|t - Persian War|xm - teichizō|xmx: teichizō1.18.2"
1.18.2,ἱερὸν,http://topostext.org/place/380237SAna,37.9713,23.7293,NULL," - built|hieron|Paus|l - hyper|Dioskouroisanctuary of Dioskouroi, Athens"
1.18.2,κατεφόνευσαν,http://pleiades.stoa.org/places/922698,30.5,51.5,unknown," - "
1.18.2,Μῆδοι,http://pleiades.stoa.org/places/922698,30.5,51.5,unknown," - "
1.18.2,νομίζοντας,http://pleiades.stoa.org/places/579885,37.971687,23.726464,settlement," - "
1.18.2,τοῦτο,http://pleiades.stoa.org/places/638356144,37.971421,23.726166,"acropolis,architecturalcomplex"," - "
1.18.2,χρησμὸν,http://topostext.org/place/385225SDel,38.48264,22.50108,NULL," - "
1.18.3,Αὐτόλυκος,http://topostext.org/binder/JB0725,37.9709,23.7307,NULL," - object|andrias|Paus|Autokylos|agency|xref - 1.35.6Autolykos, Q463107|person"
1.18.3,εἰκόνας,http://topostext.org/binder/JB2112,37.974698,23.723084,NULL," - "
1.18.3,Εἰρήνης,http://topostext.org/binder/JB1257,37.974338,23.722734,NULL," - object|agalma|Paus|EireneQ214987|person|statue, Eirine, Prytaneion"
1.18.3,Ἑστίας,http://arachne.dainst.org/entity/3585969,37.97945,23.71622,NULL," - object|agalma|Paus|HestiaQ41419|person|statue, Hestia, Prytaneion"
1.18.3,Θρᾷκα,http://topostext.org/place/410265RThr,41.0,26.5,NULL," - "
1.18.3,μετέγραψαν,http://pleiades.stoa.org/places/579885,37.971687,23.726464,settlement," - proxy|t - Roman|tr - metagraphō|trx: metagraphō|Px: meta1.18.3"
1.18.3,νόμοι,http://topostext.org/binder/JB2689,37.975525,23.723837,NULL," - "
1.18.3,πρυτανεῖόν,http://pleiades.stoa.org/places/720198157,37.975,23.7225,architecturalcomplex," - built|prytaneion|Paus|l - plesion1.18.3"
1.18.3,Ῥωμαῖόν,http://pleiades.stoa.org/places/423025,41.89262,12.4843457,"settlement,urban"," - "
1.18.4,Ἀθηναῖοι,http://pleiades.stoa.org/places/579885,37.971687,23.726464,settlement," - "
1.18.4,Αἰγυπτίοις,http://pleiades.stoa.org/places/981503,19.211408766666665,30.567329633333333,region," - "
1.18.4,Ἀλεξανδρεῦσιν,http://pleiades.stoa.org/places/727070,31.195371,29.904133,"cemetery,temple-2,architecturalcomplex,theatre,port,settlement"," - "
1.18.4,ἐντεῦθεν,http://pleiades.stoa.org/places/720198157,37.975,23.7225,architecturalcomplex," - built|city hall|Paus1.18.4"
1.18.4,θάπτωσι,http://pleiades.stoa.org/places/736963,29.849667,31.254278,"settlement,urban"," - "
1.18.4,Θεσπρωτοὺς,http://pleiades.stoa.org/places/531117,39.75,20.25,people," - "
1.18.4,ἱερόν,http://topostext.org/binder/JB2627,37.974,23.726,NULL," - "
1.18.4,ἱεροῦ,http://topostext.org/binder/JB2627,37.974,23.726,NULL," - "
1.18.4,Λακεδαίμονα,http://pleiades.stoa.org/places/570406,37.07624042080912,22.46082645177671,region," - "
1.18.4,Μέμφει,http://pleiades.stoa.org/places/736963,29.849667,31.254278,"settlement,urban"," - "
1.18.4,πόλεως,http://pleiades.stoa.org/places/579885,37.971687,23.726464,settlement," - built|polis|Pauslower part of"
1.18.4,χωρίον,http://topostext.org/binder/JB2840,37.9742,23.7265,NULL," - built|chorion|Paus|Peirithoos|Theseus|l - enthaplace where Peirithoos and Theseus made oaths, near the Sarapis Sanctuary (bdr:JB2627), Athens|part of the built environment?"
1.18.5,ᾄδουσιν,http://pleiades.stoa.org/places/599587,37.397274,25.268194,"architecturalcomplex,sanctuary,monument,island,settlement,plaza"," - "
1.18.5,Ἀθηναίοις,http://pleiades.stoa.org/places/579885,37.971687,23.726464,settlement," - "
1.18.5,ἄλλους,http://pleiades.stoa.org/places/1001896,37.5,22.5,province," - "
1.18.5,Ἀμνισῷ,http://pleiades.stoa.org/places/524143100,35.32563705,25.203569899999998,"villa,settlement,port"," - "
1.18.5,αὐτῶν,http://pleiades.stoa.org/places/599588,37.397274,25.268194,"architecturalcomplex,sanctuary,monument,island,settlement,plaza"," - "
1.18.5,Δήλιοι,http://pleiades.stoa.org/places/599587,37.397274,25.268194,"architecturalcomplex,sanctuary,monument,island,settlement,plaza"," - "
1.18.5,Δῆλον,http://pleiades.stoa.org/places/599588,37.397274,25.268194,"architecturalcomplex,sanctuary,monument,island,settlement,plaza"," - "
1.18.5,Δήλου,http://pleiades.stoa.org/places/599587,37.397274,25.268194,"architecturalcomplex,sanctuary,monument,island,settlement,plaza"," - built|sanctuary|t - archaios|t - heroic age|f - women|Eileithyia1.18.5"
1.18.5,δύο,http://arachne.dainst.org/entity/3652655,37.97945,23.71622,NULL," - object|xoanon|Paus|f - women|mat - wood|d - Phaedra|s - anathema|Eileithyiastatue (wooden), Eileithyiai, temple of Eileithyiai"
1.18.5,Κνωσσίας,http://pleiades.stoa.org/places/589872,35.297847,25.163106,"settlement,architecturalcomplex"," - regional|chora|t - theogony|f - Cretans|Eileithyia"Knossian" chora = territory"
1.18.5,Κρῆτες,http://pleiades.stoa.org/places/589748,35.21984439173344,24.995769971494504,island," - "
1.18.5,Κρητικὰ,http://pleiades.stoa.org/places/589748,35.21984439173344,24.995769971494504,island," - "
1.18.5,"ναὸς Εἰλειθυίας",http://topostext.org/binder/JB1247,37.9742,23.7265,NULL," - "
1.18.5,ξόανα,http://topostext.org/binder/JB1249,37.974338,23.722734,NULL," - "
1.18.5,τὸ,http://arachne.dainst.org/entity/3652655,37.97945,23.71622,NULL," - object|xoanon|Paus|s - archaios|t - archaios|f - women|mat - wood|Eileithyiastatue (wooden), Eileithyiai, temple of Eileithyiai"
1.18.6,ἄγαλμα,http://topostext.org/binder/JB3049,37.9694,23.7337,NULL," - "
1.18.6,Ἀθηναῖοι,http://pleiades.stoa.org/places/579885,37.971687,23.726464,settlement," - "
1.18.6,Αἰγυπτίου,http://pleiades.stoa.org/places/981503,19.211408766666665,30.567329633333333,region," - proxyEgpytian stone"
1.18.6,ἀναθέντες,http://pleiades.stoa.org/places/579885,37.971687,23.726464,settlement," - "
1.18.6,ἀνδριάντων,http://arachne.dainst.org/entity/3652656,37.97945,23.71622,NULL," - object|andrias|Paus|Hadrianstatues, Hadrian, inside the sanctuary of Olympian Zeus"
1.18.6,"δύο δὲ",http://arachne.dainst.org/entity/3585974,37.97945,23.71622,NULL," - "
1.18.6,"δύο μέν",http://topostext.org/binder/JB1450,37.974338,23.722734,NULL," - object|eikon|Paus|mat - lithos|l - entautha|Hadrianstatue, Hadrian, before the entrance of the sanctuary of Olympian Zeus"
1.18.6,ἐνταῦθα,http://topostext.org/place/380237SOly,37.9694,23.7337,NULL," - "
1.18.6,"Θασίου λίθου",http://pleiades.stoa.org/places/501635,40.78201,24.717535,"island,settlement"," - "
1.18.6,ἱερὸν,http://topostext.org/place/380237SOly,37.9694,23.7337,NULL," - "
1.18.6,κολοσσὸν,http://topostext.org/binder/JB1448,37.974338,23.722734,NULL," - "
1.18.6,ναὸν,http://topostext.org/place/380237SOly,37.9694,23.7337,NULL," - "
1.18.6,ναοῦ,http://topostext.org/place/380237SOly,37.9694,23.7337,NULL," - "
1.18.6,οὗ,http://topostext.org/binder/JB3049,37.9694,23.7337,NULL," - "
1.18.6,πεποίηται,http://topostext.org/binder/JB3049,37.9694,23.7337,NULL," - "
1.18.6,περίβολος,http://topostext.org/place/380237SOly,37.9694,23.7337,NULL," - "
1.18.6,Ῥοδίοις,http://arachne.dainst.org/entity/3585971,36.44083,28.2225,NULL," - object|agalma|opsis|analogicstatue, Colossos, Rhodos"
1.18.6,Ῥωμαίοις,http://arachne.dainst.org/entity/3585972,41.89474,12.4839,NULL," - object|agalma|opsis|analogicstatue, Colossos, Rome"
1.18.6,Ῥωμαίων,http://pleiades.stoa.org/places/423025,41.89262,12.4843457,"settlement,urban"," - "
1.18.7,αὐτὸ,http://topostext.org/binder/JB1408,37.9686,23.7329,NULL," - physical|ground|t - present|s - ritual|Ge1.18.7"
1.18.7,ἐνταῦθα,http://topostext.org/binder/JB1407,37.9694,23.7337,NULL," - "
1.18.7,ἐσβάλλουσί,http://pleiades.stoa.org/places/579885,37.971687,23.726464,settlement," - "
1.18.7,"Ζεὺς χαλκοῦς",http://topostext.org/binder/JB3049,37.9694,23.7337,NULL," - "
1.18.7,ναὸς,http://topostext.org/binder/JB3632,37.96822,23.73352,NULL," - "
1.18.7,περιβόλῳ,http://topostext.org/place/380237SOly,37.9694,23.7337,NULL," - "
1.18.7,ταύτῃ,http://topostext.org/binder/JB1408,37.9686,23.7329,NULL," - "
1.18.7,"τέμενος Γῆς",http://topostext.org/binder/JB1407,37.9694,23.7337,NULL," - "
1.18.7,"τὸ ἔδαφος",http://topostext.org/binder/JB1408,37.9686,23.7329,NULL," - physical|edaphos|Paus|l - entautha|Ge|xm - histēmi|agencyground"
1.18.8,Ἀθήνῃσιν,http://pleiades.stoa.org/places/579885,37.971687,23.726464,settlement," - "
1.18.8,ἀνδριάς,http://topostext.org/binder/JB1833,37.9753,23.7223,NULL," - "
1.18.8,αὐτοὶ,http://arachne.dainst.org/entity/3652657,37.97945,23.71622,NULL," - object|statue|Paus|worthy of viewing|Persiansstatue, Persians, inside the sanctuary of Olympian Zeus"
1.18.8,ἱερόν,http://topostext.org/place/380237SOly,37.9694,23.7337,NULL," - "
1.18.8,"λίθου Φρυγίου",http://pleiades.stoa.org/places/609502,38.75,29.75,region," - proxyPhrygian marble"
1.18.8,ναοῦ,http://topostext.org/place/380237SOly,37.9694,23.7337,NULL," - "
1.18.8,Πέρσαι,http://topostext.org/binder/JB2411,37.974698,23.723084,NULL," - object|statue|Paus|mat - lithos|Persiansstatue, Persians, inside the sanctuary of Olympian Zeus"
1.18.8,τάφον,http://topostext.org/binder/JB1097,37.9686,23.7329,NULL," - built|taphos|f - they say|Deukalion|agencysēmeion"
1.18.8,Χαιρωνείᾳ,http://pleiades.stoa.org/places/540701,38.493361,22.840365,settlement," - built|settlement|t - Macedonian Warbattle"
1.18.9,ἀγάλμασι,http://arachne.dainst.org/entity/4020514,37.97945,23.71622,NULL," - object|agalma|opsis|b - Hadrianstatues, inside the library of Hadrian"
1.18.9,Ἀθηναίοις,http://pleiades.stoa.org/places/579885,37.971687,23.726464,settlement," - "
1.18.9,αὐτὰ,http://pleiades.stoa.org/places/728329644,37.975272399999994,23.7260097,architecturalcomplex," - "
1.18.9,γραφαῖς,http://arachne.dainst.org/entity/4020514,37.97945,23.71622,NULL," - object|graphe|opsis|b - Hadrianpaintings, inside the Library of Hadrian"
1.18.9,γυμνάσιόν,http://topostext.org/binder/JB1431,37.975,23.725,NULL," - "
1.18.9,ἐνταῦθα,http://topostext.org/binder/JB1431,37.975,23.725,NULL," - "
1.18.9,ἐνταῦθά,http://pleiades.stoa.org/places/728329644,37.975272399999994,23.7260097,architecturalcomplex," - "
1.18.9,"θεοῖς τοῖς πᾶσιν ἱερὸν κοινόν",http://topostext.org/binder/JB0119,37.974,23.726,NULL," - "
1.18.9,κίονες,http://pleiades.stoa.org/places/728329644,37.975272399999994,23.7260097,architecturalcomplex," - built|kion|opsis|b - Hadrian|mat - lithosPausanias simply describes 100 columns of Phrygian marble"
1.18.9,Λιβύων,http://pleiades.stoa.org/places/716588,31.5,26.5,region," - proxy|mat - lithos1.18.9"
1.18.9,"ναὸν Ἥρας καὶ Διὸς Πανελληνίου",http://topostext.org/binder/JB2339,37.975813,23.723845,NULL," - "
1.18.9,"τὰ αὐτὰ",http://pleiades.stoa.org/places/991394,37.5,32.5,province," - "
1.18.9,"Φρυγίου λίθου",http://pleiades.stoa.org/places/609502,38.75,29.75,region," - "
1.19.1,ἄγαλμά,http://topostext.org/binder/JB0333,37.9686,23.7329,NULL," - "
1.19.1,ἐποιοῦντο,http://pleiades.stoa.org/places/579885,37.971687,23.726464,settlement," - proxy|t - heroic age|f - it is said|b - poeinbuilders of the temple of Apollo Delphinios"
1.19.1,ἱερὸν,http://topostext.org/binder/JB0284,37.9686,23.7329,NULL," - "
1.19.1,ναόν,http://topostext.org/binder/JB0285,37.9686,23.7329,NULL," - "
1.19.1,ναὸν,http://topostext.org/place/380237SOly,37.9694,23.7337,NULL," - built|naos|Paus|l - meta|Zeus1.19.1"
1.19.1,ναοῦ,http://topostext.org/binder/JB0285,37.9686,23.7329,NULL," - "
1.19.1,ναῷ,http://topostext.org/binder/JB0285,37.9686,23.7329,NULL," - "
1.19.1,οἰκοδομοῦντες,http://pleiades.stoa.org/places/579885,37.971687,23.726464,settlement," - proxy|t - heroic age|f - they say|tr - oikodomēo|trx: oikodomeōbuilders of the temple Apollo Delphinios"
1.19.1,πᾶσιν,http://pleiades.stoa.org/places/579885,37.971687,23.726464,settlement," - "
1.19.1,πόλιν,http://pleiades.stoa.org/places/579885,37.971687,23.726464,settlement," - "
1.19.2,ἄγαλμα,http://topostext.org/binder/JB0229,37.975,23.7222,NULL," - "
1.19.2,Ἀθήνῃσιν,http://pleiades.stoa.org/places/579885,37.971687,23.726464,settlement," - proxy1.19.2"
1.19.2,Ἀφροδίτην,http://topostext.org/binder/JB0229,37.975,23.7222,NULL," - object|statue|Paus|Aphrodite|x - not|agency|xm - histēmiperson|statue of Aphrodite, Gardens"
1.19.2,Ἑρμαῖς,http://arachne.dainst.org/entity/3585982,37.97945,23.71622,NULL," - object|hermai|f - narrator|analogic|Hermes|Hermsperson|Hermai, Gardens"
1.19.2,Κήποις,http://topostext.org/binder/JB1401,37.9686,23.7329,NULL," - "
1.19.2,Κήπους,http://topostext.org/binder/JB1401,37.9686,23.7329,NULL," - "
1.19.2,ναὸν,http://topostext.org/binder/JB0228,37.9686,23.7329,NULL," - built|naos|Paus|Aphrodite|x - nottemple of Aphrodite, Gardens"
1.19.2,ναοῦ,http://topostext.org/binder/JB0228,37.9686,23.7329,NULL," - built|naos|Paus|l - plesion|Aphroditetemple of Aphrodite, Gardens"
1.19.2,ταύτης,http://topostext.org/binder/JB0229,37.975,23.7222,NULL," - object|statue|Paus|analogic|Aphroditeperson|statue of Aphrodite, Gardens|schēma"
1.19.2,χωρίον,http://topostext.org/binder/JB1401,37.9686,23.7329,NULL," - built|chorion|Paus|l - es|x - not1.19.2|part of the built environment"
1.19.3,Ἀλκμήνης,http://topostext.org/binder/JB0118,37.966,23.732,NULL," - built|bomos|Paus|AlkmeneQ190543|person"
1.19.3,ἐνομίζετο,http://pleiades.stoa.org/places/579885,37.971687,23.726464,settlement," - "
1.19.3,ἐνταῦθα,http://topostext.org/place/380237BLyk,37.974,23.7433,NULL," - "
1.19.3,Ἥβης,http://topostext.org/binder/JB1474,37.966,23.732,NULL," - built|bomos|Paus|HebeQ131125|person"
1.19.3,Ἡρακλέους,http://topostext.org/binder/JB1577,37.966,23.732,NULL," - built|bomos|Paus|HeraklesQ122248|person"
1.19.3,ἱερὸν,http://topostext.org/place/380237BLyk,37.974,23.7433,NULL," - "
1.19.3,Ἰολάου,http://topostext.org/binder/JB1800,37.966,23.732,NULL," - built|bomos|Paus|IolaosQ504076|person"
1.19.3,Κυνόσαργες,http://topostext.org/place/380237BKyn,37.966,23.732,NULL," - "
1.19.3,Λύκειον,http://topostext.org/place/380237BLyk,37.974,23.7433,NULL," - "
1.19.3,Λυκίους,http://pleiades.stoa.org/places/638965,36.513688333333334,29.129618500000003,region," - "
1.19.3,νομίζουσιν,http://pleiades.stoa.org/places/579885,37.971687,23.726464,settlement," - "
1.19.3,Τερμίλαις,http://pleiades.stoa.org/places/638965,36.513688333333334,29.129618500000003,region," - proxy|t - heroic age|f - it is saidhttps://logeion.uchicago.edu/Termilae"
1.19.3,χρησμόν,http://topostext.org/place/385225SDel,38.48264,22.50108,NULL," - "
1.19.4,Ἀθηναῖοι,http://pleiades.stoa.org/places/579885,37.971687,23.726464,settlement," - "
1.19.4,γῆν,http://pleiades.stoa.org/places/570470,37.2038,15.18273,"region,settlement"," - "
1.19.4,ἐνταῦθα,http://pleiades.stoa.org/places/570508,37.974359,23.362766,"unlocated,port,fort,church,settlement"," - "
1.19.4,ἐπολιόρκουν,http://pleiades.stoa.org/places/589748,35.21984439173344,24.995769971494504,island," - "
1.19.4,ᾕρουν,http://pleiades.stoa.org/places/589748,35.21984439173344,24.995769971494504,island," - "
1.19.4,Κρῆτες,http://pleiades.stoa.org/places/589748,35.21984439173344,24.995769971494504,island," - "
1.19.4,Λυκείου,http://topostext.org/place/380237BLyk,37.974,23.7433,NULL," - built|sanctuary|Paus|l - opisthen|Apollo1.19.4"
1.19.4,Μεγαρίδι,http://pleiades.stoa.org/places/570470,37.2038,15.18273,"region,settlement"," - "
1.19.4,Μεγάρων,http://topostext.org/place/380233PMeg,37.997,23.34285,NULL," - "
1.19.4,μνῆμα,http://topostext.org/binder/JB2212,37.974,23.7433,NULL," - "
1.19.4,Νίσαιαν,http://pleiades.stoa.org/places/570508,37.974359,23.362766,"unlocated,port,fort,church,settlement"," - "
1.19.4,ταύτῃ,http://topostext.org/binder/JB2212,37.974,23.7433,NULL," - "
1.19.5,Ἀθηναῖοι,http://pleiades.stoa.org/places/579885,37.971687,23.726464,settlement," - "
1.19.5,Ἀθηναίοις,http://pleiades.stoa.org/places/579885,37.971687,23.726464,settlement," - proxy|synoptic1.19.5"
1.19.5,Ἀθηναίων,http://pleiades.stoa.org/places/579885,37.971687,23.726464,settlement," - proxy|t - heroic age|l - entha|f - exēgētēs1.19.5"
1.19.5,αὐτῷ,http://topostext.org/place/380237WIli,37.968,23.734,NULL," - "
1.19.5,βαρβαρικῶν,http://pleiades.stoa.org/places/922698,30.5,51.5,unknown," - proxy|t - Persian War|f - they saytriremes"
1.19.5,βωμὸς,http://topostext.org/binder/JB2166,37.9686,23.7329,NULL," - "
1.19.5,ἐκδιδοὺς,http://topostext.org/place/380237WEri,37.9784,23.7182,NULL," - "
1.19.5,ἔνθα,http://topostext.org/place/380237WIli,37.968,23.734,NULL," - physical|river|Paus|t - heroic age|lx: entha|f - exēgētēson the banks of the river Ilisos"
1.19.5,ἔχων,http://topostext.org/place/380237WEri,37.9784,23.7182,NULL," - "
1.19.5,Ἠριδανῷ,http://pleiades.stoa.org/places/393469,44.952389,12.432028,river," - "
1.19.5,Ἰλισόν,http://topostext.org/place/380237WIli,37.968,23.734,NULL," - "
1.19.5,Ἰλισός,http://topostext.org/place/380237WIli,37.968,23.734,NULL," - "
1.19.5,Κελτικῷ,http://pleiades.stoa.org/places/993,44.730982100000006,3.5988981583333333,region," - "
1.19.5,Πελοποννήσιοι,http://pleiades.stoa.org/places/570577,37.25289777692308,22.312752688461543,"peninsula,region"," - "
1.19.5,σφισι,http://pleiades.stoa.org/places/579885,37.971687,23.726464,settlement," - "
1.19.6,ἄγαλμα,http://arachne.dainst.org/entity/3585981,37.97945,23.71622,NULL," - object|agalma|Paus|Artemis|xm - echō|agencystatue, Artemis Agrotera, temple of Artemis Agrotera"
1.19.6,Ἄγραι,http://pleiades.stoa.org/places/579846,37.965297,23.742903,settlement," - "
1.19.6,Ἀθηναῖος,http://pleiades.stoa.org/places/579885,37.971687,23.726464,settlement," - "
1.19.6,Δήλου,http://pleiades.stoa.org/places/599588,37.397274,25.268194,"architecturalcomplex,sanctuary,monument,island,settlement,plaza"," - "
1.19.6,ἐνταῦθα,http://topostext.org/place/380237SArt,37.96761,23.73529,NULL," - "
1.19.6,Ἰλισὸν,http://topostext.org/place/380237WIli,37.968,23.734,NULL," - "
1.19.6,καθήκει,http://topostext.org/binder/JB2309,37.969,23.7404,NULL," - "
1.19.6,λιθοτομίας,http://pleiades.stoa.org/places/963101136,38.076666,23.881221,mine," - "
1.19.6,"ναὸς Ἀγροτέρας",http://topostext.org/place/380237SArt,37.96761,23.73529,NULL," - built|naos|Paus|Artemistemple of Artemis Agroteras, Agrai"
1.19.6,οἱ,http://topostext.org/binder/JB2309,37.969,23.7404,NULL," - "
1.19.6,Πεντελῆσιν,http://topostext.org/place/381239LPen,38.0807,23.8831,NULL," - physical|mountain|t - Roman1.19.6"
1.19.6,ποταμοῦ,http://pleiades.stoa.org/places/579959,37.9582581,23.6959733,river," - "
1.19.6,στάδιόν,http://topostext.org/binder/JB2309,37.969,23.7404,NULL," - built|stadion|Paus|mat - marble|mat - lithos|s - thaumalithos leukos"
1.19.6,τοῦτο,http://topostext.org/binder/JB2309,37.969,23.7404,NULL," - "
1.20.1,οἴκημα,http://topostext.org/binder/JB2550,37.9719,23.731,NULL," - "
1.20.1,πρυτανείου,http://topostext.org/place/380237BPry,37.9709,23.7307,NULL," - built|city hall|Paus|l - apo1.20.1"
1.20.1,σάτυρος,http://arachne.dainst.org/entity/3585983,37.97945,23.71622,NULL," - object|statue|Paus|worthy of memory|Satyrstatue, Satyr, road of Tripodes"
1.20.1,σφισιν,http://pleiades.stoa.org/places/579885,37.971687,23.726464,settlement," - "
1.20.1,Τρίποδες,http://topostext.org/place/380237XTrR,37.97087,23.72993,NULL," - "
1.20.1,χωρίον,http://topostext.org/place/380237XTrR,37.97087,23.72993,NULL," - built|chorion|Paus|f - they call|n - kaleōpart of the built environment"
1.20.1,ᾧ,http://arachne.dainst.org/entity/3585983,37.97945,23.71622,NULL," - object|statue|f - it is said|b - Praxiteles|t - post-Peloponnesian Warstatue, Satyr, road of Tripodes"
1.20.2,Διόνυσον,http://arachne.dainst.org/entity/3585987,37.97945,23.71622,NULL," - object|statue|Paus|b - Thymilos|DionysosQ41680|person|statue, Dionysos, temple of Dionysos"
1.20.2,Ἔρωτα,http://arachne.dainst.org/entity/3585986,37.97945,23.71622,NULL," - object|statue|Paus|b - Thymilos|Eros|xm - histēmi|agencyQ121973|person|statue, Eros, temple of Dionysos"
1.20.2,Ἔρωτα,http://arachne.dainst.org/entity/3585984,38.303511,23.150446,NULL," - object|statue|f - they say|f - Praxiteles|Eros|t - post-Peloponnesian WarQ121973|person|statue, Eros, house of Praxiteles"
1.20.2,Ἔρωτα,http://arachne.dainst.org/entity/3585984,38.303511,23.150446,NULL," - object|statue|f - they say|Eros|t - post-Peloponnesian WarQ121973|person|statue, Eros, house of Praxiteles"
1.20.2,ναῷ,http://topostext.org/binder/JB1170,37.96985,23.72775,NULL," - built|naos|Paus|l - plesion|Dionysostemple of Dionysos Eleutheros"
1.20.2,Σάτυρον,http://arachne.dainst.org/entity/3585983,37.97945,23.71622,NULL," - object|statue|f - they say|f - Praxiteles|Satyr|t - post-Peloponnesian WarQ163709|person|statue, Satyr, house of Praxiteles"
1.20.2,Σάτυρός,http://arachne.dainst.org/entity/3585985,37.97945,23.71622,NULL," - object|statue|Paus|Satyr|agencyQ163709|person|statue, Satyr, temple of Dionysos"
1.20.3,Ἀριάδνη,http://arachne.dainst.org/entity/3585991,37.97945,23.71622,NULL," - object|graphe|Paus|agency|m - katheudōQ184874|person|painting, Ariadne, with Dionysos and Theseus, temple of Dionysos"
1.20.3,αὐτόθι,http://topostext.org/binder/JB1159,37.9706,23.7263,NULL," - "
1.20.3,Διόνυσον,http://arachne.dainst.org/entity/3585994,37.97945,23.71622,NULL," - object|graphe|Paus|t - heroic age|Dionysos|agencyQ41680|person|statue, Dionysos, temple of Dionysos"
1.20.3,"Διόνυσός ἐστιν ἀνάγων Ἥφαιστον",http://arachne.dainst.org/entity/3585989,37.97945,23.71622,NULL," - object|graphe|Paus|Dionysos|Hephaistospainting, Dionysos and Hephaistos, temple of Dionysos"
1.20.3,"Διόνυσος ἥκων ἐς τῆς Ἀριάδνης τὴν ἁρπαγήν",http://arachne.dainst.org/entity/3585991,37.97945,23.71622,NULL," - object|graphe|Paus|Dionysos|Ariadne|Theseuspainting, Dionysos, with Ariadne and Theseus, temple of Dionysos"
1.20.3,Ἑλλήνων,http://pleiades.stoa.org/places/1001896,37.5,22.5,province," - "
1.20.3,θεάτρῳ,http://pleiades.stoa.org/places/649966335,37.970278,23.72775,theatre," - "
1.20.3,Θησεὺς,http://arachne.dainst.org/entity/3585991,37.97945,23.71622,NULL," - object|graphe|Paus|agency|m - agōQ1320718|painting, Theseus, with Dionysos and Ariadne, temple of Dionysos"
1.20.3,ἱερόν,http://topostext.org/binder/JB1158,37.9706,23.7263,NULL," - "
1.20.3,Λυκοῦργος,http://arachne.dainst.org/entity/3585993,37.97945,23.71622,NULL," - object|graphe|Paus|t - heroic age|Lykourgos|agencyperson|statue, Lykourgos, temple of Dionysos"
1.20.3,ναοὶ,http://topostext.org/place/380237SDT1,37.96985,23.72775,NULL," - "
1.20.3,"ὅ τε Ἐλευθερεὺς",http://arachne.dainst.org/entity/3585988,37.97945,23.71622,NULL," - object|statue|Paus|Dionysos|agencyepiklesis, Dionyos, Eleuthereos, Q41680|person|statue, Dionysos Eleutheros, temple of Dionysos"
1.20.3,Πενθεὺς,http://arachne.dainst.org/entity/3585990,37.97945,23.71622,NULL," - object|graphe|Paus|t - heroic age|Pentheus|agencyQ391091|person|statue, Pentheus, temple of Dionysos"
1.20.3,περιβόλου,http://topostext.org/binder/JB1159,37.9706,23.7263,NULL," - "
1.20.4,Ἀθήνας,http://pleiades.stoa.org/places/579885,37.971687,23.726464,settlement," - "
1.20.4,ἀρχαῖον,http://topostext.org/place/380237BOdP,37.9706,23.7282,NULL," - "
1.20.4,Ἀσίαν,http://pleiades.stoa.org/places/837,39.64014749138555,31.033254534661616,"peninsula,region"," - "
1.20.4,αὐτὸ,http://topostext.org/place/380237BOdP,37.9706,23.7282,NULL," - "
1.20.4,ἐποιήθη,http://topostext.org/place/380237BOdP,37.9706,23.7282,NULL," - "
1.20.4,θεάτρου,http://pleiades.stoa.org/places/649966335,37.970278,23.72775,theatre," - "
1.20.4,ἱεροῦ,http://topostext.org/binder/JB1158,37.9706,23.7263,NULL," - built|hieron|Paus|l - plesion|Dionysos1.20.4"
1.20.4,κατασκεύασμα,http://topostext.org/place/380237BOdP,37.9706,23.7282,NULL," - built|kataskeuasma|Paushttps://en.wikipedia.org/wiki/Odeon_of_Athens; cf. entry in Binder"
1.20.4,"Πόντον τὸν Εὔξεινον",http://pleiades.stoa.org/places/1224,43.0786852,34.7425505,water-open," - "
1.20.4,Ῥωμαίοις,http://pleiades.stoa.org/places/423025,41.89262,12.4843457,"settlement,urban"," - "
1.20.4,Ῥωμαίων,http://pleiades.stoa.org/places/423025,41.89262,12.4843457,"settlement,urban"," - "
1.20.4,"τὴν ἅλωσιν τὴν Ἀθηναίων",http://pleiades.stoa.org/places/579885,37.971687,23.726464,settlement," - built|city|t - Roman|f - narrator|t - event1.20.4|capture (halōsis) of Athens by Sulla"
1.20.5,Ἀθηναῖοι,http://pleiades.stoa.org/places/579885,37.971687,23.726464,settlement," - proxy|t - Roman|m - pitnō|s - non humanthose of account"
1.20.5,Ἀθηναῖος,http://pleiades.stoa.org/places/579885,37.971687,23.726464,settlement," - "
1.20.5,Ἀθηναίους,http://pleiades.stoa.org/places/579885,37.971687,23.726464,settlement," - "
1.20.5,ἄστυ,http://pleiades.stoa.org/places/579885,37.971687,23.726464,settlement," - "
1.20.5,βαρβάρους,http://pleiades.stoa.org/places/1224,43.0786852,34.7425505,water-open," - proxy|t - Roman|m - feugōarmy of Mithridates"
1.20.5,βαρβάρων,http://pleiades.stoa.org/places/1224,43.0786852,34.7425505,water-open," - proxy|t - Romanarmy of Mithridates|1.20.5"
1.20.5,δῆμος,http://pleiades.stoa.org/places/579885,37.971687,23.726464,settlement," - proxy|t - Romanthe demos"
1.20.5,Ἑλληνίδας,http://pleiades.stoa.org/places/1001896,37.5,22.5,province," - "
1.20.5,καταδιώκουσιν,http://pleiades.stoa.org/places/423025,41.89262,12.4843457,"settlement,urban"," - "
1.20.5,Μάγνητες,http://pleiades.stoa.org/places/550706,37.8507,27.52785,settlement," - "
1.20.5,πάντας,http://pleiades.stoa.org/places/579885,37.971687,23.726464,settlement," - "
1.20.5,Πειραιᾶ,http://pleiades.stoa.org/places/580062,37.937222,23.644609,"theatre,region,settlement,fort"," - "
1.20.5,Ῥωμαῖοι,http://pleiades.stoa.org/places/423025,41.89262,12.4843457,"settlement,urban"," - "
1.20.5,Ῥωμαίους,http://pleiades.stoa.org/places/423025,41.89262,12.4843457,"settlement,urban"," - "
1.20.5,Ῥωμαίων,http://pleiades.stoa.org/places/423025,41.89262,12.4843457,"settlement,urban"," - "
1.20.5,Σίπυλον,http://pleiades.stoa.org/places/550706,37.8507,27.52785,settlement," - built|settlement|t - Romanbattle"
1.20.5,τιτρώσκουσι,http://pleiades.stoa.org/places/540923,39.75,22.75,unknown," - "
1.20.6,Ἀθηναίοις,http://pleiades.stoa.org/places/579885,37.971687,23.726464,settlement," - "
1.20.6,Ἀθηναίοις,http://pleiades.stoa.org/places/579885,37.971687,23.726464,settlement," - proxy|t - Roman1.20.6"
1.20.6,Ἀθηναίων,http://pleiades.stoa.org/places/579885,37.971687,23.726464,settlement," - "
1.20.6,Ἀθήνας,http://pleiades.stoa.org/places/579885,37.971687,23.726464,settlement," - "
1.20.6,Ἀττικὴν,http://pleiades.stoa.org/places/579888,38.051998833333336,23.818991099999998,region," - "
1.20.6,Βοιωτοὺς,http://pleiades.stoa.org/places/540689,38.34668803333333,23.184677533333332,region," - "
1.20.6,δυνάμεως,http://pleiades.stoa.org/places/423025,41.89262,12.4843457,"settlement,urban"," - proxy|t - RomanRoman army"
1.20.6,Ἐλάτειαν,http://pleiades.stoa.org/places/540755,38.645635,22.782061,"settlement-modern,settlement"," - built|settlement|t - Romanbattle"
1.20.6,Κεραμεικὸν,http://pleiades.stoa.org/places/97294452,37.978333,23.718611,"production,cemetery"," - "
1.20.6,πολιορκήσασι,http://pleiades.stoa.org/places/423025,41.89262,12.4843457,"settlement,urban"," - proxy|t - Roman|tr - poliorkeō|trx: poliorkeōRoman army"
1.20.6,Ῥωμαίοις,http://pleiades.stoa.org/places/423025,41.89262,12.4843457,"settlement,urban"," - "
1.20.6,Ῥωμαίων,http://pleiades.stoa.org/places/423025,41.89262,12.4843457,"settlement,urban"," - "
1.20.6,στρατὸν,http://pleiades.stoa.org/places/1224,43.0786852,34.7425505,water-open," - proxy|t - RomanMithridates's army"
1.20.6,στρατοῦ,http://pleiades.stoa.org/places/423025,41.89262,12.4843457,"settlement,urban"," - proxy|t - RomanRoman army"
1.20.6,σφῶν,http://pleiades.stoa.org/places/579885,37.971687,23.726464,settlement," - "
1.20.6,τεῖχος,http://dare.ht.lu.se/places/25102,37.958453,23.690438,NULL," - "
1.20.6,Φωκίδι,http://pleiades.stoa.org/places/541048,38.25,22.25,unknown," - "
1.20.6,Χαιρώνειαν,http://pleiades.stoa.org/places/540701,38.493361,22.840365,settlement," - built|settlement|t - Romanbattle"
1.20.7,Ἀθῆναι,http://pleiades.stoa.org/places/579885,37.971687,23.726464,settlement," - "
1.20.7,Ἀθηναίους,http://pleiades.stoa.org/places/579885,37.971687,23.726464,settlement," - "
1.20.7,Ἀθηναίων,http://pleiades.stoa.org/places/579885,37.971687,23.726464,settlement," - "
1.20.7,Ἀθήνας,http://pleiades.stoa.org/places/579885,37.971687,23.726464,settlement," - "
1.20.7,ἄνδρες,http://pleiades.stoa.org/places/579885,37.971687,23.726464,settlement," - "
1.20.7,Δελφοὺς,http://pleiades.stoa.org/places/540726,38.482289,22.501169,"sanctuary,settlement"," - "
1.20.7,ἐρομένοις,http://pleiades.stoa.org/places/579885,37.971687,23.726464,settlement," - "
1.20.7,ἤνθησαν,http://pleiades.stoa.org/places/579885,37.971687,23.726464,settlement," - proxy|t - present|tr - antheō|trx: antheō1.20.7"
1.20.7,Πυθία,http://topostext.org/place/385225SDel,38.48264,22.50108,NULL," - proxy|t - RomanQ220344"
1.20.7,Ῥωμαῖον,http://pleiades.stoa.org/places/423025,41.89262,12.4843457,"settlement,urban"," - "
1.20.7,Ῥωμαίων,http://pleiades.stoa.org/places/423025,41.89262,12.4843457,"settlement,urban"," - "
1.20.7,Σύριον,http://pleiades.stoa.org/places/981550,37.5,37.5,province," - "
1.20.7,τούτοις,http://pleiades.stoa.org/places/579885,37.971687,23.726464,settlement," - "
1.21.1,Ἀθηναίοις,http://pleiades.stoa.org/places/579885,37.971687,23.726464,settlement," - proxy1.21.1"
1.21.1,Ἀττικὴν,http://pleiades.stoa.org/places/579888,38.051998833333336,23.818991099999998,region," - "
1.21.1,εἰκόνες,http://arachne.dainst.org/entity/3652658,37.97945,23.71622,NULL," - object|eikon|Pausimages, poets of tragedy and comedy, theatre of Dionysos"
1.21.1,Εὐριπίδης,http://arachne.dainst.org/entity/3585996,37.97945,23.71622,NULL," - object|eikon|Paus|Euripides|s - doxa|agencyQ48305|person|statue, Euripides, theatre of Dionysos"
1.21.1,ἡγούμενον,http://pleiades.stoa.org/places/570406,37.07624042080912,22.46082645177671,region," - proxy|t - Peloponnesian War|f - it is said|focaliserSpartan general"
1.21.1,θεάτρῳ,http://pleiades.stoa.org/places/649966335,37.970278,23.72775,theatre," - "
1.21.1,Λακεδαιμονίους,http://pleiades.stoa.org/places/570406,37.07624042080912,22.46082645177671,region," - "
1.21.1,Μένανδρος,http://arachne.dainst.org/entity/3585995,37.97945,23.71622,NULL," - object|eikon|Paus|Menander|s - doxa|agencyQ118992|person|statue, Menander, theatre of Dionysos"
1.21.1,Σοφοκλῆς,http://arachne.dainst.org/entity/3585997,37.97945,23.71622,NULL," - object|eikon|Paus|Sophocles|s - doxa|agencyQ7235|person|statue, Sophocles, theatre of Dionysos"
1.21.2,γραφῆς,http://arachne.dainst.org/entity/3586002,37.97945,23.71622,NULL," - object|graphe|opsis|f - narratorpainting, battle of Marathon"
1.21.2,εἰκόνα,http://arachne.dainst.org/entity/3585998,37.97945,23.71622,NULL," - statue|eikon|Paus|f - narrator|Aischylos1.21.2|statue, Aischylos, theatre of Dionysos"
1.21.2,Μαραθῶνι,http://pleiades.stoa.org/places/580021,38.1465515,23.970146,settlement," - built|deme|t - Persian War|f - paintingergon (= battle)"
1.21.3,αἰγὶς,http://arachne.dainst.org/entity/3585999,37.97945,23.71622,NULL," - object|aigis|Paus|l - perirelief, Gorgon Medusa, south wall of the Acropolis"
1.21.3,ἀκροπόλεως,http://pleiades.stoa.org/places/638356144,37.971421,23.726166,"acropolis,architecturalcomplex"," - "
1.21.3,ἀκρόπολιν,http://pleiades.stoa.org/places/638356144,37.971421,23.726166,"acropolis,architecturalcomplex"," - "
1.21.3,γυναῖκα,http://arachne.dainst.org/entity/3586003,38.55,27.46667,NULL," - physical|rock|opsis|Niobe|agency1.21.3|image, Niobe, Mount Sipylos"
1.21.3,γυναικὸς,http://arachne.dainst.org/entity/3586003,38.55,27.46667,NULL," - physical|rock|opsis|x - notimage, Niobe, Mount Sipylos"
1.21.3,"εἰσιν ἀναιροῦντες",http://arachne.dainst.org/entity/3586000,37.97945,23.71622,NULL," - object|sculpture|Paus|Apollo|Artemis|Niobe|children|agencyrelief, Apollo and Artemis and the children of Niobe, on the tripod above the theatre of Dionysos"
1.21.3,"ἡ δὲ",http://arachne.dainst.org/entity/3586003,38.55,27.46667,NULL," - physical|rock|opsis|Niobeperson|image, Niobe, Mount Sipylos"
1.21.3,θέατρόν,http://pleiades.stoa.org/places/649966335,37.970278,23.72775,theatre," - "
1.21.3,θεάτρου,http://pleiades.stoa.org/places/649966335,37.970278,23.72775,theatre," - "
1.21.3,κεφαλή,http://arachne.dainst.org/entity/3585999,37.97945,23.71622,NULL," - object|kephale|Paus|s - anathema|mat - chrysos|Medusa|agencyrelief, Gorgon Medusa, south wall of the Acropolis"
1.21.3,Νοτίου,http://topostext.org/place/380237FMyc,37.97146,23.72512,NULL," - built|teichos|Paus|n - kaleō1.21.3"
1.21.3,πέτρα,http://pleiades.stoa.org/places/550884,38.5668,27.45394,mountain," - "
1.21.3,Σίπυλον,http://pleiades.stoa.org/places/550884,38.5668,27.45394,mountain," - "
1.21.3,σπήλαιόν,http://topostext.org/binder/JB0477,37.9708,23.7268,NULL," - "
1.21.3,τούτου,http://topostext.org/place/380237FMyc,37.97146,23.72512,NULL," - "
1.21.3,τούτῳ,http://topostext.org/binder/JB0477,37.9708,23.7268,NULL," - "
1.21.4,Ἀθήνῃσιν,http://pleiades.stoa.org/places/579885,37.971687,23.726464,settlement," - "
1.21.4,ἀκρόπολιν,http://pleiades.stoa.org/places/638356144,37.971421,23.726166,"acropolis,architecturalcomplex"," - "
1.21.4,αὐτῷ,http://pleiades.stoa.org/places/954340915,37.9707798,23.7264872,"fountain,sanctuary,stoa,architecturalcomplex"," - "
1.21.4,γραφὰς,http://topostext.org/binder/JB0464,37.9706,23.7263,NULL," - "
1.21.4,θεάτρου,http://pleiades.stoa.org/places/649966335,37.970278,23.72775,theatre," - "
1.21.4,θεοῦ,http://arachne.dainst.org/entity/3888037,37.97945,23.71622,NULL," - object|agalma|Paus|worthy of viewing|AsklepiosQ83223|person|statue, Asklepios, sanctuary of Asklepios"
1.21.4,ἱερὸν,http://pleiades.stoa.org/places/954340915,37.9707798,23.7264872,"fountain,sanctuary,stoa,architecturalcomplex"," - "
1.21.4,Κάλως,http://topostext.org/binder/JB1869,37.9706,23.7263,NULL," - built|tomb|Paus|Kalos|tr - thaptō|agencyQ2365581|person|is buried"
1.21.4,Κρήτην,http://pleiades.stoa.org/places/589748,35.21984439173344,24.995769971494504,island," - "
1.21.4,παίδων,http://arachne.dainst.org/entity/3888295,37.97945,23.71622,NULL," - object|agalma|Paus|worthy of viewing|Asklepios|childrenchildren of Asklepios|person|statue, sons of Asklepios, sanctuary of Asklepios"
1.21.4,Σικελίαν,http://pleiades.stoa.org/places/462492,37.53667611952188,14.08648464579389,island," - "
1.21.5,Ἑλλήνων,http://pleiades.stoa.org/places/1001896,37.5,22.5,province," - "
1.21.5,ἐνταῦθα,http://pleiades.stoa.org/places/954340915,37.9707798,23.7264872,"fountain,sanctuary,stoa,architecturalcomplex"," - built|sanctuary|Paus|lx: entautha|Asklepios1.21.5"
1.21.5,Σαυρομάταις,http://pleiades.stoa.org/places/825371,45.5,39.5,unknown," - "
1.21.5,Σαυροματικὸς,http://pleiades.stoa.org/places/825371,45.5,39.5,unknown," - proxybreastplate"
1.21.6,Ἑλληνικῶν,http://pleiades.stoa.org/places/1001896,37.5,22.5,province," - proxy|t - present|f - narrator|analogic1.21.6"
1.21.6,ποιοῦνται,http://pleiades.stoa.org/places/825371,45.5,39.5,unknown," - "
1.21.6,χρῶνται,http://pleiades.stoa.org/places/825371,45.5,39.5,unknown," - "
1.21.7,Γρυνείῳ,http://pleiades.stoa.org/places/550555,38.874665,27.069173,settlement," - "
1.22.1,ἀκρόπολιν,http://topostext.org/place/380237SAkr,37.9717,23.7257,NULL," - "
1.22.1,αὐτοῦ,http://topostext.org/binder/JB2749,37.97083,23.72609,NULL," - "
1.22.1,Ἑλλήνων,http://pleiades.stoa.org/places/1001896,37.5,22.5,province," - proxylanguage"
1.22.1,ἱερὸν,http://pleiades.stoa.org/places/954340915,37.9707798,23.7264872,"fountain,sanctuary,stoa,architecturalcomplex"," - built|hieron|Paus|l - meta|Asklepios1.22.1"
1.22.1,ναός,http://topostext.org/binder/JB2749,37.97083,23.72609,NULL," - "
1.22.1,Τροιζηνίοις,http://pleiades.stoa.org/places/570756,37.50303,23.34845,settlement," - "
1.22.2,ἐνταῦθα,http://pleiades.stoa.org/places/570756,37.50303,23.34845,settlement," - "
1.22.2,Τροιζῆνα,http://pleiades.stoa.org/places/570756,37.50303,23.34845,settlement," - "
1.22.2,Τροιζηνίοις,http://pleiades.stoa.org/places/570756,37.50303,23.34845,settlement," - "
1.22.2,Τροιζῆνος,http://pleiades.stoa.org/places/570756,37.50303,23.34845,settlement," - "
1.22.3,Ἀθηναίους,http://pleiades.stoa.org/places/579885,37.971687,23.726464,settlement," - "
1.22.3,"Γῆς Κουροτρόφου",http://topostext.org/binder/JB1406,37.9717,23.7257,NULL," - "
1.22.3,"Δήμητρος ἱερὸν Χλόης",http://topostext.org/binder/JB1004,37.9717,23.7257,NULL," - "
1.22.3,δήμων,http://pleiades.stoa.org/places/579888,38.051998833333336,23.818991099999998,region," - regional|deme|t - heroic agedemes of Attica as a collective = territory?"
1.22.3,πόλιν,http://pleiades.stoa.org/places/579885,37.971687,23.726464,settlement," - "
1.22.3,τὰ,http://topostext.org/binder/JB0245,37.975,23.7222,NULL," - "
1.22.4,ἀκρόπολίν,http://pleiades.stoa.org/places/638356144,37.971421,23.726166,"acropolis,architecturalcomplex"," - built|sanctuary|Paus|l - es1.22.4"
1.22.4,"Ἀπτέρου ναός",http://topostext.org/place/380237SANi,37.97154,23.72487,NULL," - "
1.22.4,εἰκόνας,http://arachne.dainst.org/entity/4020515,37.97945,23.71622,NULL," - object|eikon|Paus|f - narratorimage, horsemen (sons of Xenophon?), near Propylaia"
1.22.4,ἐντεῦθεν,http://topostext.org/place/380237SANi,37.97154,23.72487,NULL," - "
1.22.4,θάλασσά,http://pleiades.stoa.org/places/560221,37.42245628773585,25.8829628235849,water-open," - "
1.22.4,οὖσα,http://pleiades.stoa.org/places/638356144,37.971421,23.726166,"acropolis,architecturalcomplex"," - "
1.22.4,προεῖχε,http://topostext.org/place/380237BPro,37.97176,23.72522,NULL," - "
1.22.4,προπύλαια,http://topostext.org/place/380237BPro,37.97176,23.72522,NULL," - built|gate|Paus|mat - marble|mat - lithoslithos leukos"
1.22.4,προπυλαίων,http://topostext.org/place/380237BPro,37.97176,23.72522,NULL," - "
1.22.4,ταύτῃ,http://topostext.org/place/380237SANi,37.97154,23.72487,NULL," - "
1.22.4,τεῖχος,http://topostext.org/place/380237FMyc,37.97146,23.72512,NULL," - "
1.22.5,Ἀθηναίοις,http://pleiades.stoa.org/places/579885,37.971687,23.726464,settlement," - "
1.22.5,"ἡρῷον Αἰγέως",http://topostext.org/binder/JB0086,37.9718,23.72793,NULL," - "
1.22.5,Κρήτην,http://pleiades.stoa.org/places/589748,35.21984439173344,24.995769971494504,island," - "
1.22.5,ναῦν,http://pleiades.stoa.org/places/579885,37.971687,23.726464,settlement," - proxy|t - heroic age|t - entautha|m - komizōship"
1.22.5,ναῦς,http://pleiades.stoa.org/places/579885,37.971687,23.726464,settlement," - proxy|t - heroic age|m - agomai|m - ferōship, an-agomai - set sail, an - up (the voyage to Egypt)|1.22.5"
1.22.6,"ἃ δὴ",http://arachne.dainst.org/entity/3586010,37.97945,23.71622,NULL," - object|graphe|Paus|b - Polygnotos|Achillespainting, Achilles in Skyros, on the left of the Propylaia"
1.22.6,Ἀλκιβιάδης,http://topostext.org/binder/JB0116,37.97176,23.72522,NULL," - object|graphe|Paus|Alkibiades|agencyQ187982, 1.22.6|person"
1.22.6,Διομήδης,http://arachne.dainst.org/entity/3586006,37.97945,23.71622,NULL," - object|graphe|Paus|Diomedes|agencyQ208256|person|painting, Diomedes, left of the Propylaia"
1.22.6,ἐνταῦθα,http://topostext.org/binder/JB3096,37.97176,23.72522,NULL," - "
1.22.6,Ἰλίου,http://pleiades.stoa.org/places/550595,39.9577,26.23873,settlement," - "
1.22.6,"κατὰ τὰ αὐτὰ καθὰ",http://arachne.dainst.org/entity/3586011,37.97945,23.71622,NULL," - object|graphe|Paus|b - Polygnotos|r - Homer|Odysseuspainting, Odysseus and Nausikaa, on the left of the Propylaia"
1.22.6,Λήμνῳ,http://pleiades.stoa.org/places/550693,39.916667,25.25,island," - "
1.22.6,"ὁ δὲ",http://arachne.dainst.org/entity/3586007,37.97945,23.71622,NULL," - object|graphe|Paus|Diomedes|agencyQ208256|person|painting, Diomedes (or Odysseus?), on the left of the Propylaia"
1.22.6,οἴκημα,http://topostext.org/binder/JB3096,37.97176,23.72522,NULL," - built|oikema|Paus|xm - echō|agencyPinakotheke"
1.22.6,Ὀρέστης,http://topostext.org/binder/JB2263,37.97176,23.72522,NULL," - object|graphe|Paus|Orestes|agencyQ192407|person|painting, Orestes, on the left of the Propylaia"
1.22.6,προπυλαίων,http://topostext.org/place/380237BPro,37.97176,23.72522,NULL," - "
1.22.6,Σκῦρον,http://pleiades.stoa.org/places/541108,38.82754,24.6099,"island,settlement"," - "
1.22.6,Σκύρῳ,http://pleiades.stoa.org/places/541108,38.82754,24.6099,"island,settlement"," - "
1.22.6,τάφου,http://pleiades.stoa.org/places/550401,39.91516,26.15099,settlement," - "
1.22.6,"τοῦ δὲ",http://topostext.org/binder/JB2497,37.97176,23.72522,NULL," - object|graphe|Paus|Polyxenapainting, Polyxena, on the left of the Propylaia"
1.22.7,Ἀττικοῖς,http://pleiades.stoa.org/places/579888,38.051998833333336,23.818991099999998,region," - "
1.22.7,γραφῇ,http://topostext.org/binder/JB0116,37.97176,23.72522,NULL," - object|graphe|Paus|Alkibiadespainting, Alkibiades in Nemea, on the left of the Propylaia"
1.22.7,Μουσαῖος,http://arachne.dainst.org/entity/3586016,37.97945,23.71622,NULL," - object|graphe|Paus|Mousaios|agencyQ728059|person|painting, Mousaios, on the left of the Propylaia"
1.22.7,Νεμέᾳ,http://pleiades.stoa.org/places/570504,37.808904,22.7108171,"sanctuary,temple-2"," - "
1.22.7,"παῖδα τὸν τὰς ὑδρίας φέροντα",http://topostext.org/binder/JB3182,37.97176,23.72522,NULL," - object|graphe|Paus|f - narrator|x - not|b - Timainetospainting, boy carrying water jars, on the left of the Propylaia"
1.22.7,παλαιστὴν,http://topostext.org/binder/JB3183,37.97176,23.72522,NULL," - object|graphe|Paus|f - narrator|x - not|b - Timainetospainting, wrestler, on the left of the Propylaia"
1.22.7,Περσεύς,http://topostext.org/binder/JB2405,37.97176,23.72522,NULL," - object|graphe|Paus|Perseus|agencyQ130832|person"
1.22.7,Σέριφον,http://pleiades.stoa.org/places/590044,37.17261,24.48685,island," - "
1.22.8,ἀκρόπολιν,http://topostext.org/place/380237SAkr,37.9717,23.7257,NULL," - "
1.22.8,Δελφοὺς,http://pleiades.stoa.org/places/540726,38.482289,22.501169,"sanctuary,settlement"," - built|oracle|t - pre-Persian War1.22.8"
1.22.8,Ἑρμῆν,http://topostext.org/binder/JB1616,37.9753,23.7223,NULL," - object|statue|Paus|HermesQ41484|person"
1.22.8,ἔσοδον,http://topostext.org/place/380237BPro,37.97176,23.72522,NULL," - built|esodos|Paus|l - kata|t - idi1.22.8"
1.22.8,Προπύλαιον,http://topostext.org/binder/JB1616,37.9753,23.7223,NULL," - object|statue|Paus|f - they callepiklesis, Hermes, Propylaios, Q41484"
1.22.8,Πυθία,http://topostext.org/place/385225SDel,38.48264,22.50108,NULL," - proxy|t - Peloponnesian War|f - oracle|PythiaQ220344|person"
1.22.8,Χάριτας,http://topostext.org/binder/JB0809,37.97176,23.72522,NULL," - object|statue|Paus|f - they say|b - Socrates|CharitesQ184353|person"
1.23.1,Ἕλληνες,http://pleiades.stoa.org/places/1001896,37.5,22.5,province," - proxy|synoptic|focaliser1.23.1"
1.23.1,Λέσβιον,http://pleiades.stoa.org/places/550696,39.20874,26.10052,island," - "
1.23.2,"ἄγαλμα Ἀφροδίτης",http://topostext.org/binder/JB0199,37.973842,23.723929,NULL," - object|agalma|Paus|l - para|Aphroditestatue, Aphrodite, acropolis"
1.23.2,Ἀθηναίοις,http://pleiades.stoa.org/places/579885,37.971687,23.726464,settlement," - "
1.23.2,Ἀθηναίων,http://pleiades.stoa.org/places/579885,37.971687,23.726464,settlement," - "
1.23.2,ἀνάθημα,http://arachne.dainst.org/entity/3586021,37.97945,23.71622,NULL," - object|statue|f - they say|d - Kallios|b - Kalamis|s - anathema|sx: anathema|trx: anatithēmistatue, Aphrodite, acropolis"
1.23.2,αὐτὴν,http://topostext.org/binder/JB1985,37.9751,23.721,NULL," - "
1.23.2,"χαλκῆ λέαινα",http://topostext.org/binder/JB1985,37.9751,23.721,NULL," - object|statue|Paus|mat - chalkos|Leaina|s - mnēmēstatue, Leaina, acropolis"
1.23.3,Ἀθηναῖοι,http://pleiades.stoa.org/places/579885,37.971687,23.726464,settlement," - "
1.23.3,ἅλωσιν,http://pleiades.stoa.org/places/540689,38.34668803333333,23.184677533333332,region," - proxy|t - Peloponnesian Warcities of Boeotia"
1.23.3,βάρβαροι,http://pleiades.stoa.org/places/981552,42.5,22.5,province," - "
1.23.3,Βοιωτῶν,http://pleiades.stoa.org/places/540689,38.34668803333333,23.184677533333332,region," - "
1.23.3,διαφυγόντων,http://pleiades.stoa.org/places/540689,38.34668803333333,23.184677533333332,region," - "
1.23.3,"Διιτρέφους χαλκοῦς ἀνδριὰς",http://arachne.dainst.org/entity/3586022,37.97945,23.71622,NULL," - object|andrias|Paus|l - plesion|Diitrephes|mat - chalkosstatue, Diitrephes, acropolis"
1.23.3,Εὔριπον,http://pleiades.stoa.org/places/540783,38.46276,23.58944,"bridge,settlement,water-open"," - "
1.23.3,θαλάσσης,http://pleiades.stoa.org/places/560221,37.42245628773585,25.8829628235849,water-open," - "
1.23.3,Θηβαῖοι,http://pleiades.stoa.org/places/541138,38.318092,23.255096,"sanctuary,settlement"," - "
1.23.3,Θρᾷκας,http://topostext.org/place/410265RThr,41.0,26.5,NULL," - proxy|t - Peloponnesian War|t - husteron|f - Athenians|m - aphikneomaimercenaries"
1.23.3,Θρᾷκες,http://topostext.org/place/410265RThr,41.0,26.5,NULL," - "
1.23.3,λειφθέντες,http://pleiades.stoa.org/places/540953,38.415804,23.545847,settlement," - proxy|t - Peloponnesian War|t - husteron|f - narrator|tr - lambanō|mx: leipō|m - leipō1.23.3"
1.23.3,Μυκαλησσίοις,http://pleiades.stoa.org/places/540953,38.415804,23.545847,settlement," - "
1.23.3,Μυκαλησσίων,http://pleiades.stoa.org/places/540953,38.415804,23.545847,settlement," - "
1.23.3,Μυκαλησσὸς,http://pleiades.stoa.org/places/540953,38.415804,23.545847,settlement," - "
1.23.3,πόλεις,http://pleiades.stoa.org/places/540689,38.34668803333333,23.184677533333332,region," - built|polis|t - ep emou|t - present|m - oikeōpoleis of Boiotia"
1.23.3,πόλιν,http://pleiades.stoa.org/places/540953,38.415804,23.545847,settlement," - "
1.23.3,Συρακούσας,http://pleiades.stoa.org/places/462503,37.05963,15.29382,settlement," - "
1.23.3,ταύτην,http://pleiades.stoa.org/places/540953,38.415804,23.545847,settlement," - built|settlement|t - Peloponnesian Warbattle"
1.23.3,τούτους,http://pleiades.stoa.org/places/992078,42.5,22.5,province," - "
1.23.3,Χαλκιδικὸν,http://pleiades.stoa.org/places/540703,38.464,23.602,settlement," - "
1.23.4,Ἀθηνᾶς,http://topostext.org/binder/JB0616,37.975374,23.723929,NULL," - object|agalma|Paus|Athena|n - epiklēsisepiklesis, Athena, Hygeia, Q37122|person|1.23.4"
1.23.4,Διιτρέφους,http://arachne.dainst.org/entity/3586022,37.97945,23.71622,NULL," - object|statue|Paus|l - plesion|DiitrephesQ1528083|person|statue, Diitrephes, acropolis"
1.23.4,"εἰκόνα τοῦ Διιτρέφους",http://arachne.dainst.org/entity/3586022,37.97945,23.71622,NULL," - object|eikon|Paus|f - narrator|Diitrephesimage, Diitrephes, acropolis"
1.23.4,Ἕλλησιν,http://pleiades.stoa.org/places/1001896,37.5,22.5,province," - "
1.23.4,Ἴλιον,http://pleiades.stoa.org/places/550595,39.9577,26.23873,settlement," - built|settlement|t - heroic age|f - Homer|analogicbattle"
1.23.4,Κρησὶν,http://pleiades.stoa.org/places/589748,35.21984439173344,24.995769971494504,island," - "
1.23.4,Λοκροὺς,http://pleiades.stoa.org/places/540918,38.75,22.75,region," - "
1.23.4,Μαλιεῦσι,http://pleiades.stoa.org/places/540930,38.75,22.25,unknown," - "
1.23.4,Μηδικὰ,http://pleiades.stoa.org/places/903080,34.5,46.5,region," - "
1.23.4,οὓς,http://pleiades.stoa.org/places/540918,38.75,22.75,region," - "
1.23.4,σφᾶς,http://pleiades.stoa.org/places/540930,38.75,22.25,unknown," - "
1.23.4,Ὑγείας,http://topostext.org/binder/JB1775,37.9753,23.7223,NULL," - object|agalma|Paus|HygeiaQ202257|person"
1.23.5,γῆν,http://pleiades.stoa.org/places/579888,38.051998833333336,23.818991099999998,region," - "
1.23.5,"ἔξω θάλασσαν",http://pleiades.stoa.org/places/845,42.97665274736841,-7.072833872807018,water-open," - "
1.23.5,Ἰταλίαν,http://pleiades.stoa.org/places/1052,42.5,12.5,region," - "
1.23.5,Κὰρ,http://pleiades.stoa.org/places/991381,37.213163833551015,28.088996902733474,province," - "
1.23.5,λίθος,http://topostext.org/binder/JB2023,37.9717,23.7257,NULL," - object|lithos|Paus1.23.5"
1.23.5,τούτῳ,http://topostext.org/binder/JB2023,37.9717,23.7257,NULL," - "
1.23.6,ναύτας,http://pleiades.stoa.org/places/1001896,37.5,22.5,province," - proxy|t - pre-Persian War|f - Euphemos|m - ballōsailors"
1.23.6,ναυτῶν,http://pleiades.stoa.org/places/1001896,37.5,22.5,province," - proxy|t - pre-Persian War|f - Euphemossailors"
1.23.7,ἄγαλμα,http://topostext.org/binder/JB0421,37.975374,23.723929,NULL," - "
1.23.7,Ἀθηναίων,http://pleiades.stoa.org/places/579885,37.971687,23.726464,settlement," - proxy1.23.7"
1.23.7,ἀκροπόλει,http://topostext.org/place/380237SAkr,37.9717,23.7257,NULL," - "
1.23.7,"Ἀρτέμιδος ἱερόν",http://topostext.org/place/380237SABr,37.97145,23.72538,NULL," - "
1.23.7,Βραυρῶνι,http://pleiades.stoa.org/places/580075,37.9289315,23.9895485,settlement," - "
1.23.7,Βραυρῶνος,http://pleiades.stoa.org/places/580075,37.9289315,23.9895485,settlement," - "
1.23.7,ξόανόν,http://arachne.dainst.org/entity/3586028,37.926132,23.993808,NULL," - object|xoanon|opsis|mat - wood|Artemis|t - archaiosstatue (wooden), Artemis, Brauron"
1.23.7,Περσέα,http://topostext.org/binder/JB2406,37.974698,23.723084,NULL," - object|statue|Paus|b - Myron|Perseus|agency|tr - ergazomai|t - heroic age|f - statueQ130832|person"
1.23.7,Ταυρική,http://pleiades.stoa.org/places/226778,44.883441823333335,34.27150174333333,"peninsula,region"," - proxy|f - they say1.23.7"
1.23.7,"χαλκοῦν παῖδα",http://topostext.org/binder/JB3207,37.9717,23.7257,NULL," - "
1.23.8,αὐτοῦ,http://arachne.dainst.org/entity/3888296,37.97945,23.71622,NULL," - object|statue|Paus|Menestheus|Teukros|sons of Theseusstatue, Wooden Horse, acropolis"
1.23.8,Δούριος,http://arachne.dainst.org/entity/3888296,37.97945,23.71622,NULL," - object|statue|Paus|mat - chalkos|s - anathema|horse|n - kaleō|tr - anatithēmi1.23.8|person|statue, Wooden Horse, acropolis"
1.23.8,Ἑλλήνων,http://pleiades.stoa.org/places/1001896,37.5,22.5,province," - "
1.23.8,τείχους,http://pleiades.stoa.org/places/550595,39.9577,26.23873,settlement," - proxy|t - heroic agewall (teichos)"
1.23.8,Φρυξὶν,http://pleiades.stoa.org/places/991386,37.5,27.5,province," - "
1.23.8,χαλκοῦ,http://arachne.dainst.org/entity/3888296,37.97945,23.71622,NULL," - object|statue|Paus|f - narrator|mat - chalkos|agencystatue, Wooden Horse, acropolis"
1.23.9,Ἀθήνας,http://pleiades.stoa.org/places/579885,37.971687,23.726464,settlement," - "
1.23.9,εἰκόνα,http://topostext.org/binder/JB1285,37.974338,23.722734,NULL," - "
1.23.9,ἵππον,http://arachne.dainst.org/entity/3888296,37.97945,23.71622,NULL," - object|statue|Paus|l - meta1.22.9|statue, Wooden Horse, acropolis"
1.23.9,μνῆμά,http://topostext.org/binder/JB2869,37.9701,23.7203,NULL," - "
1.23.9,Οἰνοβίῳ,http://topostext.org/binder/JB2247,37.974698,23.723084,NULL," - object|andrias|Paus|Oinobiosperson"
1.23.9,"πυλῶν Μελιτίδων",http://topostext.org/binder/JB2783,37.9665,23.7158,NULL," - built|pyle|Paus|l - ou porro1.23.9"
1.23.10,Ἀθηναῖοι,http://pleiades.stoa.org/places/579885,37.971687,23.726464,settlement," - "
1.23.10,Ἀθηναίων,http://pleiades.stoa.org/places/579885,37.971687,23.726464,settlement," - "
1.23.10,ἐβούλοντο,http://pleiades.stoa.org/places/579885,37.971687,23.726464,settlement," - "
1.23.10,ἐνταῦθα,http://pleiades.stoa.org/places/580046,37.958506,23.8552995,settlement," - "
1.23.10,Ἑρμόλυκον,http://topostext.org/binder/JB1630,37.9753,23.7223,NULL," - object|statue|Paus|f - narrator|Hermolykos|x - not1.23.10, Q|person"
1.23.10,Παιανιέα,http://pleiades.stoa.org/places/580046,37.958506,23.8552995,settlement," - "
1.23.10,Φορμίωνα,http://topostext.org/binder/JB2456,37.974698,23.723084,NULL," - object|statue|Paus|f - narrator|Phormion|x - notQ2338787|person"
1.24.1,Ἀθηνᾶ,http://topostext.org/binder/JB0677,37.975374,23.723929,NULL," - object|statue|Paus|l - entautha|Athena|tr - paiō|agency|t - heroic ageQ37122|person"
1.24.1,ἐνταῦθα,http://pleiades.stoa.org/places/638356144,37.971421,23.726166,"acropolis,architecturalcomplex"," - built|sanctuary|Paus|lx: entautha1.24.1"
1.24.1,Μαρσύαν,http://arachne.dainst.org/entity/3888039,37.97945,23.71622,NULL," - object|statue|Paus|l - entautha|Marsyas|Silenos|agency|t - heroic ageQ599737|person|statue, Marsyas, acropolis"
1.24.1,μάχη,http://topostext.org/binder/JB2836,37.9759,23.7218,NULL," - object|statue|Paus|Theseus|agencybattle (machē)"
1.24.1,τούτων,http://topostext.org/binder/JB0677,37.975374,23.723929,NULL," - "
1.24.2,Ἀθηνᾶ,http://topostext.org/binder/JB0688,37.975374,23.723929,NULL," - object|statue|Paus|Athena|m - eimi|t - theogony|agencyQ37122|person|image, Athena and Zeus, acropolis"
1.24.2,"Ἀρείῳ πάγῳ",http://topostext.org/binder/JB0361,37.9724,23.7226,NULL," - "
1.24.2,βουλή,http://pleiades.stoa.org/places/579885,37.971687,23.726464,settlement," - proxy|t - some time|tr - anatithēmi1.24.2"
1.24.2,Ἑλλήνων,http://pleiades.stoa.org/places/1001896,37.5,22.5,province," - "
1.24.2,Ἡρακλέους,http://arachne.dainst.org/entity/3888041,37.97945,23.71622,NULL," - object|eikon|Paus|HeraklesQ122248, person|image, Herakles, acropolis"
1.24.2,Κόλχους,http://pleiades.stoa.org/places/863770,42.5,42.5,region," - "
1.24.2,Ὀρχομενίοις,http://pleiades.stoa.org/places/540987,38.495082,22.959486,settlement," - "
1.24.2,ταῦρος,http://arachne.dainst.org/entity/3586033,37.97945,23.71622,NULL," - object|statue|Paus|d - boule|s - anathema|bull|agencybull statue, Areopagus, Athens"
1.24.2,Φρίξος,http://topostext.org/binder/JB2459,37.974698,23.723084,NULL," - object|statue|Paus|Phrixos|agency|t - heroic ageQ743482, 1.24.2|person"
1.24.3,Ἀθηναίοις,http://pleiades.stoa.org/places/579885,37.971687,23.726464,settlement," - "
1.24.3,"ἀκώλους Ἑρμᾶς",http://arachne.dainst.org/entity/3586034,37.97945,23.71622,NULL," - object|hermai|Paus|t - protos|Hermesstatue, Hermes, acropolis (?)"
1.24.3,ἀνέθεσαν,http://pleiades.stoa.org/places/579885,37.971687,23.726464,settlement," - "
1.24.3,ἀνὴρ,http://arachne.dainst.org/entity/3586036,37.97945,23.71622,NULL," - object|statue|Paus|b - Kleoitos|man with helmetperson|statue, a man by Kleoitos, acropolis"
1.24.3,"ἀνὴρ Κλεοίτου",http://topostext.org/binder/JB3208,37.9717,23.7257,NULL," - "
1.24.3,"Γῆς ἄγαλμα",http://topostext.org/binder/JB1402,37.974338,23.722734,NULL," - "
1.24.3,Ἕλλησι,http://pleiades.stoa.org/places/1001896,37.5,22.5,province," - "
1.24.3,ἐνταῦθα,http://pleiades.stoa.org/places/638356144,37.971421,23.726166,"acropolis,architecturalcomplex"," - "
1.24.3,ἐπωνόμασαν,http://pleiades.stoa.org/places/579885,37.971687,23.726464,settlement," - "
1.24.3,Ἴτυν,http://arachne.dainst.org/entity/1107693,37.96843,23.72851,NULL," - object|statue|Paus|d - Alkamenes|s - anathema|ItysQ1138506|statue, Itys, acropolis"
1.24.3,Κόνων,http://topostext.org/binder/JB1942,37.9753,23.7223,NULL," - object|statue|Paus|l - entautha|Kononperson"
1.24.3,"κῦμα ἀναφαίνων Ποσειδῶν",http://arachne.dainst.org/entity/3888045,37.97945,23.71622,NULL," - object|statue|Paus|Poseidonstatue, Poseidon, acropolis"
1.24.3,ναῷ,http://pleiades.stoa.org/places/168254096,37.97155766815715,23.726584338316812,temple-2," - built|naos|Paus|Athenaliterally "the temple of their goddess""
1.24.3,οἱ,http://arachne.dainst.org/entity/3586036,37.97945,23.71622,NULL," - object|statue|Paus|mat - argyreos|b - Kleoitos|man with helmetperson|statue, a man by Kleoitos, acropolis"
1.24.3,Πρόκνην,http://topostext.org/binder/JB2555,37.974698,23.723084,NULL," - object|statue|Paus|d - Alkamenes|s - anathema|ProkneQ1231743|person"
1.24.3,"σπουδαίων δαίμων",http://arachne.dainst.org/entity/3586035,37.97945,23.71622,NULL," - object|statue|Paus|daimonesperson|statue, daimon, acropolis"
1.24.3,σφισιν,http://pleiades.stoa.org/places/579885,37.971687,23.726464,settlement," - "
1.24.3,Τιμόθεος,http://arachne.dainst.org/entity/3888042,37.97945,23.71622,NULL," - object|statue|Paus|l - entautha|TimotheosQ713679|person|statue, Timotheos, acropolis"
1.24.3,"τὸ φυτὸν τῆς ἐλαίας Ἀθηνᾶ",http://arachne.dainst.org/entity/3888043,37.97945,23.71622,NULL," - object|statue|Paus|Athenastatue, Athena with an olive tree, acropolis"
1.24.4,ἄγαλμα,http://topostext.org/binder/JB2976,37.9717,23.7257,NULL," - "
1.24.4,βωμὸν,http://topostext.org/binder/JB3071,37.97185,23.72732,NULL," - "
1.24.4,καλοῦσι,http://pleiades.stoa.org/places/579885,37.971687,23.726464,settlement," - "
1.24.4,καταθέντες,http://pleiades.stoa.org/places/579885,37.971687,23.726464,settlement," - "
1.24.4,Παρθενῶνα,http://pleiades.stoa.org/places/168254096,37.97155766815715,23.726584338316812,temple-2," - built|naos|Paus|Athena|n - onomazōepiklesis, Athena, Parthenas, Q37122"
1.24.4,Πολιεύς,http://topostext.org/binder/JB3073,37.9717,23.7257,NULL," - object|agalma|Paus|Zeus|n - onomazōperson"
1.24.4,ᾧ,http://topostext.org/binder/JB3073,37.9717,23.7257,NULL," - "
1.24.5,ἄγαλμα,http://topostext.org/binder/JB0646,37.975374,23.723929,NULL," - "
1.24.5,ἀετοῖς,http://arachne.dainst.org/entity/16865,37.96843,23.72851,NULL," - built|aetos|Paus|Athena|n - kaleōSee also DAI 1098372 - 1098381|1.24.5"
1.24.5,Βοιώτιά,http://pleiades.stoa.org/places/540689,38.34668803333333,23.184677533333332,region," - "
1.24.5,γῆς,http://pleiades.stoa.org/places/579888,38.051998833333336,23.818991099999998,region," - "
1.24.5,"ἡ Ποσειδῶνος πρὸς Ἀθηνᾶν ἐστιν ἔρις ὑπὲρ τῆς γῆς",http://arachne.dainst.org/entity/1130813,37.971758,23.726467,NULL," - "
1.24.5,"πάντα ἐς τὴν Ἀθηνᾶς ἔχει γένεσιν",http://arachne.dainst.org/entity/1098380,37.97945,23.71622,NULL," - "
1.24.5,"τὰ δὲ ὄπισθεν",http://arachne.dainst.org/entity/16864,37.971509,23.726627,NULL," - built|pediment|Paus|l - opisthen|AthenaSee also DAI 1098383 - 1098401"
1.24.6,Ἀριμασποῖς,http://pleiades.stoa.org/places/29482,32.5,62.5,unknown," - proxy|t - pre-Persian War|f - AristeasQ661584"
1.24.6,Ἀριμασποὺς,http://pleiades.stoa.org/places/29482,32.5,62.5,unknown," - proxy|t - pre-Persian War|f - AristeasQ661584"
1.24.6,Ἰσσηδόνων,http://pleiades.stoa.org/places/59853,37.5,92.5,people," - proxy|t - pre-Persian War|f - AristeasQ1079061|beyond the Issedones"
1.24.6,Προκοννήσιος,http://pleiades.stoa.org/places/511378,40.591686,27.55568,settlement," - "
1.24.7,ἄγαλμα,http://arachne.dainst.org/entity/3586040,37.97945,23.71622,NULL," - object|agalma|Paus|Athena1.24.7|statue, Athena Parthenos, acropolis"
1.24.7,ἀγάλματος,http://arachne.dainst.org/entity/3586040,37.97945,23.71622,NULL," - object|agalma|Paus|Athenastatue, Athena Parthenos, acropolis"
1.24.7,ἀσπίς,http://arachne.dainst.org/entity/3585962,37.97945,23.71622,NULL," - object|aspis|Paus|Athenashield, statue of Athena Parthenos"
1.24.7,βάθρῳ,http://topostext.org/binder/JB0643,37.975374,23.723929,NULL," - "
1.24.7,εἰκόνα,http://arachne.dainst.org/entity/3586042,37.97945,23.71622,NULL," - object|eikon|Paus|f - narrator|l - entautha|Hadrianimage, Hadrian, acropolis"
1.24.7,ἐνταῦθα,http://pleiades.stoa.org/places/168254096,37.97155766815715,23.726584338316812,temple-2," - "
1.24.7,ἔσοδον,http://pleiades.stoa.org/places/168254096,37.97155766815715,23.726584338316812,temple-2," - built|esodos|temple|Paus|f - narrator|Athenaentrance of the Parthenon"
1.24.7,Ἰφικράτους,http://arachne.dainst.org/entity/3586043,37.97945,23.71622,NULL," - object|eikon|Paus|f - narrator|l - entautha|IphikratesQ354424|person|image, Iphikrates, acropolis"
1.24.8,ἄγαλμα,http://topostext.org/binder/JB0311,37.975,23.7222,NULL," - "
1.24.8,Ἀπόλλων,http://topostext.org/binder/JB0311,37.975,23.7222,NULL," - object|statue|Paus|mat - chalkos|l - peran|ApolloQ37340"
1.24.8,γῆν,http://pleiades.stoa.org/places/579888,38.051998833333336,23.818991099999998,region," - "
1.24.8,λέγουσι,http://pleiades.stoa.org/places/579885,37.971687,23.726464,settlement," - "
1.24.8,ναοῦ,http://pleiades.stoa.org/places/168254096,37.97155766815715,23.726584338316812,temple-2," - built|naos|Paus|l - peran|Athena1.24.8"
1.24.8,Παρνόπιον,http://topostext.org/binder/JB0311,37.975,23.7222,NULL," - object|statue|Paus|f - they call|Apollo|n - kaleō|Q107349745epiklesis, Apollo, Parnopios, Q37340|person"
1.24.8,Σιπύλου,http://pleiades.stoa.org/places/550884,38.5668,27.45394,mountain," - "
1.24.8,σφίσι,http://pleiades.stoa.org/places/579885,37.971687,23.726464,settlement," - "
1.24.8,χώρας,http://pleiades.stoa.org/places/579888,38.051998833333336,23.818991099999998,region," - regional|chora|t - when|f - they saychora = land of Attica = territory"
1.25.1,Ἀθηναίων,http://pleiades.stoa.org/places/579885,37.971687,23.726464,settlement," - "
1.25.1,ἀκροπόλει,http://topostext.org/place/380237SAkr,37.9717,23.7257,NULL," - "
1.25.1,Ἀνακρέων,http://topostext.org/binder/JB0150,37.97614,23.72249,NULL," - object|statue|Paus|Anakreon|xm - histēmi|agency|l - plesionperson|Q213484"
1.25.1,ἀνδριὰς,http://topostext.org/binder/JB2401,37.974698,23.723084,NULL," - "
1.25.1,Ἰὼ,http://topostext.org/binder/JB1799,37.9753,23.7223,NULL," - object|statue|Paus|b - Deinomenes|l - plesion|Io|agencyperson|Q179014"
1.25.1,Καλλιστὼ,http://topostext.org/binder/JB1868,37.9753,23.7223,NULL," - object|statue|Paus|b - Deinomenes|l - plesion|Kallisto|agencyperson|Q203673"
1.25.1,Λεσβίαν,http://pleiades.stoa.org/places/550696,39.20874,26.10052,island," - "
1.25.1,Μήδοις,http://pleiades.stoa.org/places/922698,30.5,51.5,unknown," - "
1.25.1,Μυκάλῃ,http://pleiades.stoa.org/places/599805,37.66144,27.12558,mountain," - physical|mountain|t - Persian Warbattle"
1.25.1,Ξάνθιππος,http://topostext.org/binder/JB2959,37.9717,23.7257,NULL," - object|statue|Paus|Xanthippos|agencyperson|Q380401"
1.25.1,Ξανθίππου,http://topostext.org/binder/JB2959,37.9717,23.7257,NULL," - object|andrias|Paus|l - plesion|XanthipposQ380401|person"
1.25.1,"οἱ τὸ σχῆμά",http://topostext.org/binder/JB0150,37.97614,23.72249,NULL," - object|statue|Paus|Anakreonschema"
1.25.1,Περικλῆς,http://topostext.org/binder/JB2401,37.974698,23.723084,NULL," - object|statue|Paus|Perikles|agencyperson|Q80398"
1.25.1,Τήιος,http://pleiades.stoa.org/places/550913,38.177262,26.785014,settlement," - "
1.25.2,Ἀθηναίων,http://pleiades.stoa.org/places/579885,37.971687,23.726464,settlement," - "
1.25.2,Ἀμαζόνας,http://pleiades.stoa.org/places/857350,41.215176,36.967737,settlement," - proxy|t - heroic age|f - paintingQ134154"
1.25.2,Γαλατῶν,http://pleiades.stoa.org/places/993,44.730982100000006,3.5988981583333333,region," - proxy|t - Macedonian War|f - paintingCf. ToposText 490070RKel"
1.25.2,Θρᾴκην,http://topostext.org/place/410265RThr,41.0,26.5,NULL," - "
1.25.2,Μαραθῶνι,http://pleiades.stoa.org/places/580021,38.1465515,23.970146,settlement," - "
1.25.2,μάχην,http://topostext.org/binder/JB0129,37.9715,23.7241,NULL," - object|painting|Paus|d - Attalos|Amazones|Athenians|t - eventbattle (machē)"
1.25.2,Μήδους,http://pleiades.stoa.org/places/922698,30.5,51.5,unknown," - "
1.25.2,Μυσίᾳ,http://pleiades.stoa.org/places/550759,39.13112815791898,27.184419878077563,"labeled feature"," - "
1.25.2,Ὀλυμπιόδωρος,http://topostext.org/binder/JB2255,37.974698,23.723084,NULL," - object|statue|Paus|Olympiadoros|xm - histēmi|agencyQ506553|person"
1.25.2,Παλλήνης,http://pleiades.stoa.org/places/570576,38.0446,22.5384,settlement," - "
1.25.2,"τὸ Μαραθῶνι πρὸς Μήδους ἔργον",http://topostext.org/binder/JB2066,37.97635,23.72265,NULL," - object|painting|Paus|d - Attalos|Athenians|Medes|s - ergon|t - eventdeed (ergon)"
1.25.3,Ἀθηναῖοι,http://pleiades.stoa.org/places/579885,37.971687,23.726464,settlement," - "
1.25.3,Ἀθηναίοις,http://pleiades.stoa.org/places/579885,37.971687,23.726464,settlement," - "
1.25.3,ἄλλους,http://pleiades.stoa.org/places/1001896,37.5,22.5,province," - "
1.25.3,ἀρχή,http://pleiades.stoa.org/places/981531,42.5,22.5,province," - "
1.25.3,ἀρχῆς,http://pleiades.stoa.org/places/579885,37.971687,23.726464,settlement," - proxy|t - Macedonian War|s - arche|Px: archenaval empire"
1.25.3,αὐτοί,http://pleiades.stoa.org/places/579885,37.971687,23.726464,settlement," - "
1.25.3,δούλους,http://pleiades.stoa.org/places/1001896,37.5,22.5,province," - proxy|t - Macedonian War|f - narrator|slavesGreeks"
1.25.3,Ἕλλησιν,http://pleiades.stoa.org/places/1001896,37.5,22.5,province," - "
1.25.3,ἤγειρον,http://pleiades.stoa.org/places/579885,37.971687,23.726464,settlement," - "
1.25.3,Μακεδόνες,http://pleiades.stoa.org/places/981531,42.5,22.5,province," - "
1.25.3,Μακεδόνων,http://pleiades.stoa.org/places/981531,42.5,22.5,province," - "
1.25.3,Μακεδόσι,http://pleiades.stoa.org/places/981531,42.5,22.5,province," - "
1.25.3,ὅσοι,http://pleiades.stoa.org/places/1001896,37.5,22.5,province," - "
1.25.3,πόλεων,http://pleiades.stoa.org/places/1001896,37.5,22.5,province," - proxy|t - Macedonian WarGreek cities"
1.25.3,"τὸ Ἑλληνικόν",http://pleiades.stoa.org/places/1001896,37.5,22.5,province," - proxy|t - Macedonian War|f - Athenians|r - Herodotus|r - Thucydidesthe Hellenic world; cf. Herodotus, Thucydides"
1.25.3,Χαιρωνείᾳ,http://pleiades.stoa.org/places/540701,38.493361,22.840365,settlement," - built|settlement|t - Macedonian War|f - narratorbattle"
1.25.4,Ἀθηναῖοί,http://pleiades.stoa.org/places/579885,37.971687,23.726464,settlement," - "
1.25.4,Αἰτωλικὸν,http://pleiades.stoa.org/places/540591,38.51586100952381,21.759714990476194,region," - "
1.25.4,Ἀκαρνᾶνες,http://topostext.org/place/388210RAka,38.8,21.0,NULL," - proxy|t - Macedonian War|tr - teleutaō|AkarnanesQ11904059"
1.25.4,Ἄργος,http://pleiades.stoa.org/places/570106,37.631561,22.719464,settlement," - "
1.25.4,Βοιωτοὶ,http://pleiades.stoa.org/places/540689,38.34668803333333,23.184677533333332,region," - "
1.25.4,Ἐπίδαυρος,http://pleiades.stoa.org/places/570228,37.596111,23.079167,"theatre,sanctuary,settlement"," - "
1.25.4,ἐτάσσοντο,http://pleiades.stoa.org/places/540689,38.34668803333333,23.184677533333332,region," - "
1.25.4,Ἠλεῖοι,http://pleiades.stoa.org/places/570220,37.89131,21.37493,"theatre,settlement"," - "
1.25.4,ηὖξον,http://pleiades.stoa.org/places/540689,38.34668803333333,23.184677533333332,region," - proxy|t - Macedonian War|m - auxanō|mx: auxanō1.25.4"
1.25.4,Θεσσαλοὶ,http://pleiades.stoa.org/places/1332,39.6,22.2,region," - "
1.25.4,Θηβαΐδα,http://pleiades.stoa.org/places/541138,38.318092,23.255096,"sanctuary,settlement"," - "
1.25.4,Θηβαίων,http://pleiades.stoa.org/places/541138,38.318092,23.255096,"sanctuary,settlement"," - "
1.25.4,Θήβας,http://pleiades.stoa.org/places/541138,38.318092,23.255096,"sanctuary,settlement"," - "
1.25.4,Κάρυστος,http://pleiades.stoa.org/places/570336,38.0165,24.4204,settlement," - "
1.25.4,"Κορινθίων ἰσθμοῦ",http://pleiades.stoa.org/places/570317,37.9510881,22.9602226,isthmus," - "
1.25.4,Λοκροὶ,http://topostext.org/place/384222ROzo,38.4,22.2,NULL," - "
1.25.4,Μακεδόνων,http://pleiades.stoa.org/places/981531,42.5,22.5,province," - "
1.25.4,Μεσσήνη,http://pleiades.stoa.org/places/570479,37.175491,21.920439,"sanctuary,settlement,fort"," - "
1.25.4,Πελοποννησίων,http://pleiades.stoa.org/places/570577,37.25289777692308,22.312752688461543,"peninsula,region"," - built|polis|t - Macedonian War1.25.4"
1.25.4,Σικυὼν,http://pleiades.stoa.org/places/570668,37.98336,22.71135,settlement," - "
1.25.4,συμμαχίαν,http://pleiades.stoa.org/places/1001896,37.5,22.5,province," - "
1.25.4,Τροιζὴν,http://pleiades.stoa.org/places/570756,37.50303,23.34845,settlement," - "
1.25.4,Φλιάσιοι,http://pleiades.stoa.org/places/570602,37.846299,22.649131,settlement," - "
1.25.4,Φωκεῖς,http://topostext.org/place/386227RPho,38.6,22.7,NULL," - "
1.25.5,Ἀθηναίοις,http://pleiades.stoa.org/places/579885,37.971687,23.726464,settlement," - "
1.25.5,Ἀθηναῖος,http://pleiades.stoa.org/places/579885,37.971687,23.726464,settlement," - "
1.25.5,Ἕλληνας,http://pleiades.stoa.org/places/1001896,37.5,22.5,province," - "
1.25.5,Ἕλληνες,http://pleiades.stoa.org/places/1001896,37.5,22.5,province," - "
1.25.5,Μακεδόνων,http://pleiades.stoa.org/places/981531,42.5,22.5,province," - proxy|t - Macedonian Wargarrison"
1.25.5,Μουνυχίαν,http://pleiades.stoa.org/places/116035285,37.9406,23.6559,"hill,fort"," - "
1.25.5,οἳ,http://pleiades.stoa.org/places/981531,42.5,22.5,province," - proxy|t - Macedonian War|xm - echōgarrison"
1.25.5,παντὸς,http://pleiades.stoa.org/places/1001896,37.5,22.5,province," - "
1.25.5,πᾶσι,http://pleiades.stoa.org/places/1001896,37.5,22.5,province," - "
1.25.5,Πειραιᾶ,http://pleiades.stoa.org/places/580062,37.937222,23.644609,"theatre,region,settlement,fort"," - "
1.25.5,Περσίδα,http://pleiades.stoa.org/places/922698,30.5,51.5,unknown," - "
1.25.5,πόλεις,http://pleiades.stoa.org/places/1001896,37.5,22.5,province," - proxy|t - Macedonian War|xm - tassomai|s - strategos1.25.5"
1.25.5,πόλεώς,http://pleiades.stoa.org/places/579885,37.971687,23.726464,settlement," - "
1.25.5,σφᾶς,http://pleiades.stoa.org/places/1001896,37.5,22.5,province," - "
1.25.5,"τείχη μακρὰ",http://topostext.org/place/380237FLW1,37.96235,23.7026,NULL," - built|teichos|t - Macedonian War|t - husteron1.25.5"
1.25.6,Ἀθηναίοις,http://pleiades.stoa.org/places/579885,37.971687,23.726464,settlement," - "
1.25.6,Ἀθηναίους,http://pleiades.stoa.org/places/579885,37.971687,23.726464,settlement," - "
1.25.6,Ἀττικῇ,http://pleiades.stoa.org/places/579888,38.051998833333336,23.818991099999998,region," - "
1.25.6,Ἠπείρου,http://pleiades.stoa.org/places/530871,39.577073022222216,20.590387322222224,region," - "
1.25.6,Πάνακτον,http://pleiades.stoa.org/places/580053,37.974359,23.362766,"unlocated,port,fort,church,settlement"," - "
1.25.6,πλήθει,http://pleiades.stoa.org/places/981531,42.5,22.5,province," - "
1.25.6,Σαλαμῖνα,http://pleiades.stoa.org/places/580101,37.93,23.51,island," - "
1.25.6,"τὸ Ἑλληνικὸν",http://pleiades.stoa.org/places/1001896,37.5,22.5,province," - proxy|t - Macedonian War1.25.6"
1.25.7,ἄγαλμα,http://topostext.org/binder/JB0646,37.975374,23.723929,NULL," - object|agalma|t - Macedonian War|Athena1.25.7"
1.25.7,Ἀθηναίους,http://pleiades.stoa.org/places/579885,37.971687,23.726464,settlement," - "
1.25.7,Ἀθηναίων,http://pleiades.stoa.org/places/579885,37.971687,23.726464,settlement," - "
1.25.7,ἀκροπόλεως,http://pleiades.stoa.org/places/638356144,37.971421,23.726166,"acropolis,architecturalcomplex"," - "
1.25.7,Βοιωτούς,http://pleiades.stoa.org/places/540689,38.34668803333333,23.184677533333332,region," - "
1.25.7,δήμου,http://pleiades.stoa.org/places/579885,37.971687,23.726464,settlement," - "
1.25.8,Ἀθηναίους,http://pleiades.stoa.org/places/579885,37.971687,23.726464,settlement," - "
1.25.8,ἀκροπόλεως,http://pleiades.stoa.org/places/638356144,37.971421,23.726166,"acropolis,architecturalcomplex"," - "
1.25.8,ἄστυ,http://pleiades.stoa.org/places/579885,37.971687,23.726464,settlement," - "
1.25.8,αὐτόθι,http://topostext.org/place/380237LMus,37.9674,23.7215,NULL," - "
1.25.8,ἔνθα,http://topostext.org/place/380237LMus,37.9674,23.7215,NULL," - "
1.25.8,Κορωναῖοι,http://pleiades.stoa.org/places/540717,38.392613,22.956902,settlement," - "
1.25.8,μνῆμα,http://topostext.org/place/380237BPhi,37.9673,23.7214,NULL," - built|mnema|t - post-heroic age|t - husteron|Syrian man|tr - oikodomeomaiPhilopappous monument, Athens"
1.25.8,Μουσεῖον,http://topostext.org/binder/JB2158,37.9674,23.7215,NULL," - "
1.25.8,Πειραιᾶ,http://pleiades.stoa.org/places/580062,37.937222,23.644609,"theatre,region,settlement,fort"," - "
1.25.8,Σύρῳ,http://pleiades.stoa.org/places/981550,37.5,37.5,province," - "
1.25.8,σφισι,http://pleiades.stoa.org/places/579885,37.971687,23.726464,settlement," - "
1.25.8,ταφῆναι,http://topostext.org/place/380237SMou,37.96764,23.72117,NULL," - trx: thaptō|taphosTomb of Musaeus on Mouseion hill,  Athens"
1.25.8,τειχίσας,http://topostext.org/binder/JB2158,37.9674,23.7215,NULL," - "
1.25.8,φρουρὰν,http://pleiades.stoa.org/places/981531,42.5,22.5,province," - "
1.26.1,Ἀθηναίων,http://pleiades.stoa.org/places/579885,37.971687,23.726464,settlement," - "
1.26.1,αἱροῦνται,http://pleiades.stoa.org/places/579885,37.971687,23.726464,settlement," - "
1.26.1,ἄνδρας,http://pleiades.stoa.org/places/579885,37.971687,23.726464,settlement," - "
1.26.1,Μακεδόνας,http://pleiades.stoa.org/places/981531,42.5,22.5,province," - "
1.26.1,Μουσεῖον,http://topostext.org/binder/JB2158,37.9674,23.7215,NULL," - "
1.26.1,προγόνων,http://pleiades.stoa.org/places/579885,37.971687,23.726464,settlement," - "
1.26.1,σφᾶς,http://pleiades.stoa.org/places/579885,37.971687,23.726464,settlement," - "
1.26.1,φυγόντων,http://pleiades.stoa.org/places/981531,42.5,22.5,province," - "
1.26.1,χωρίον,http://topostext.org/binder/JB2158,37.9674,23.7215,NULL," - "
1.26.2,Ἀθῆναι,http://pleiades.stoa.org/places/579885,37.971687,23.726464,settlement," - built|settlement|t - Macedonian War|tr - eleutheroō1.26.2"
1.26.2,Ἀθηναίων,http://pleiades.stoa.org/places/579885,37.971687,23.726464,settlement," - "
1.26.2,ἀσπίδα,http://topostext.org/binder/JB2995,37.975401,23.722349,NULL," - object|aspis|t - Macedonian War|d - Athenians|Leokritos|Zeus|s - anathemashield of Leōkritos"
1.26.2,ἐπιγράψαντες,http://pleiades.stoa.org/places/579885,37.971687,23.726464,settlement," - proxy|t - Macedonian War|b - graphein1.26.2"
1.26.2,Μακεδόνων,http://pleiades.stoa.org/places/981531,42.5,22.5,province," - "
1.26.2,Μουσεῖον,http://topostext.org/binder/JB2158,37.9674,23.7215,NULL," - "
1.26.2,τεῖχος,http://topostext.org/binder/JB2158,37.9674,23.7215,NULL," - "
1.26.3,Ἀθηναίοις,http://pleiades.stoa.org/places/579885,37.971687,23.726464,settlement," - "
1.26.3,Ἀθήναις,http://pleiades.stoa.org/places/579885,37.971687,23.726464,settlement," - "
1.26.3,Αἰτωλίαν,http://pleiades.stoa.org/places/540591,38.51586100952381,21.759714990476194,region," - "
1.26.3,Αἰτωλοὺς,http://pleiades.stoa.org/places/540591,38.51586100952381,21.759714990476194,region," - "
1.26.3,ἀκροπόλει,http://topostext.org/place/380237SAkr,37.9717,23.7257,NULL," - "
1.26.3,Ἀττικὴν,http://pleiades.stoa.org/places/579888,38.051998833333336,23.818991099999998,region," - "
1.26.3,γραφή,http://arachne.dainst.org/entity/3586049,38.040948,23.538455,NULL," - object|graphe|opsis|analogic|Olympiodorospainting, Olympiodoros, Eleusis"
1.26.3,Δελφοῖς,http://pleiades.stoa.org/places/540726,38.482289,22.501169,"sanctuary,settlement"," - "
1.26.3,Ἐλάτειαν,http://pleiades.stoa.org/places/540755,38.645635,22.782061,"settlement-modern,settlement"," - "
1.26.3,Ἐλευσῖνα,http://topostext.org/place/380235PEle,38.0441,23.5415,NULL," - "
1.26.3,Ἐλευσῖνι,http://pleiades.stoa.org/places/579920,38.041096,23.538311,"sanctuary,settlement"," - "
1.26.3,Ἐλευσινίους,http://pleiades.stoa.org/places/579920,38.041096,23.538311,"sanctuary,settlement"," - "
1.26.3,Μακεδόνας,http://pleiades.stoa.org/places/981531,42.5,22.5,province," - "
1.26.3,Μακεδόνων,http://pleiades.stoa.org/places/981531,42.5,22.5,province," - "
1.26.3,Μουνυχίαν,http://pleiades.stoa.org/places/116035285,37.9406,23.6559,"hill,fort"," - "
1.26.3,Πειραιᾶ,http://pleiades.stoa.org/places/580062,37.937222,23.644609,"theatre,region,settlement,fort"," - "
1.26.3,πρυτανείῳ,http://topostext.org/place/380237BPry,37.9709,23.7307,NULL," - "
1.26.3,συμμαχικὸν,http://pleiades.stoa.org/places/540591,38.51586100952381,21.759714990476194,region," - "
1.26.3,τιμαί,http://arachne.dainst.org/entity/3586048,37.97945,23.71622,NULL," - object|eikon|opsis|sx: timai|Olympiodoros|agencyimage, Olympiodoros, acropolis and Prytaneion|timai (honours)"
1.26.3,τούτοις,http://pleiades.stoa.org/places/541048,38.25,22.25,unknown," - "
1.26.3,Φωκέων,http://pleiades.stoa.org/places/541048,38.25,22.25,unknown," - "
1.26.3,"χαλκοῦν Ὀλυμπιόδωρον",http://arachne.dainst.org/entity/3586050,38.482335,22.500741,NULL," - object|statue|opsis|d - Phokians|mat - chalkos|Olympiadorosstatue, Olympiodoros, Delphi"
1.26.4,ἄγαλμα,http://arachne.dainst.org/entity/1202920,37.97945,23.71622,NULL," - object|agalma|Paus|s - anathema|d - Kallias|b - Endoios|Athenastatue, Athena by Endoios, acropolis"
1.26.4,Ἀθηναῖος,http://pleiades.stoa.org/places/579885,37.971687,23.726464,settlement," - "
1.26.4,"Ἀρτέμιδος ἄγαλμα",http://topostext.org/binder/JB0433,37.975374,23.723929,NULL," - "
1.26.4,βασιλέως,http://pleiades.stoa.org/places/922698,30.5,51.5,unknown," - "
1.26.4,εἰκόνος,http://arachne.dainst.org/entity/3586048,37.97945,23.71622,NULL," - object|eikon|Paus|l - plesion|Olympiodoros1.26.4|image, Olympiodoros, acropolis"
1.26.4,ἐπίγραμμα,http://arachne.dainst.org/entity/1202920,37.97945,23.71622,NULL," - object|epigramma|Paus|Athena|s - anathema|d - Kallias|b - Endoiosinscription, on the statue of Athena by Endoios, acropolis"
1.26.4,Κρήτην,http://pleiades.stoa.org/places/589748,35.21984439173344,24.995769971494504,island," - "
1.26.4,Μάγνητες,http://pleiades.stoa.org/places/540923,39.75,22.75,unknown," - "
1.26.4,"τὰ Ἑλληνικά",http://pleiades.stoa.org/places/1001896,37.5,22.5,province," - "
1.26.4,ὧν,http://pleiades.stoa.org/places/540923,39.75,22.75,unknown," - "
1.26.5,Ἀφροδισιεῦσιν,http://pleiades.stoa.org/places/638753,37.709463,28.723217,settlement," - "
1.26.5,βωμοί,http://topostext.org/binder/JB2509,37.97209,23.72641,NULL," - "
1.26.5,"βωμὸς Ὑπάτου",http://topostext.org/binder/JB3005,37.97209,23.72641,NULL," - "
1.26.5,γραφαὶ,http://arachne.dainst.org/entity/3586053,37.97945,23.71622,NULL," - "
1.26.5,ἔνθα,http://topostext.org/binder/JB3005,37.97209,23.72641,NULL," - "
1.26.5,ἐσόδου,http://pleiades.stoa.org/places/750203268,37.972,23.726443,temple-2," - "
1.26.5,ἥρωος,http://topostext.org/binder/JB0760,37.97209,23.72641,NULL," - "
1.26.5,θαλάσσιον,http://pleiades.stoa.org/places/560221,37.42245628773585,25.8829628235849,water-open," - "
1.26.5,θύουσιν,http://pleiades.stoa.org/places/579885,37.971687,23.726464,settlement," - "
1.26.5,Καρσὶν,http://pleiades.stoa.org/places/991381,37.213163833551015,28.088996902733474,province," - "
1.26.5,κυμάτων,http://pleiades.stoa.org/places/560221,37.42245628773585,25.8829628235849,water-open," - "
1.26.5,μαντεύματος,http://topostext.org/place/385225SDel,38.48264,22.50108,NULL," - "
1.26.5,νομίζουσιν,http://pleiades.stoa.org/places/579885,37.971687,23.726464,settlement," - "
1.26.5,οἴκημα,http://pleiades.stoa.org/places/750203268,37.972,23.726443,temple-2," - "
1.26.5,"οἴκημα Ἐρέχθειον",http://pleiades.stoa.org/places/750203268,37.972,23.726443,temple-2," - built|oikema|Paus|Erechtheus|n - kaleō"what is called" the Erechtheion, 1.26.5"
1.26.5,ὅσοι,http://pleiades.stoa.org/places/1001896,37.5,22.5,province," - "
1.26.5,οὗ,http://topostext.org/binder/JB2509,37.97209,23.72641,NULL," - "
1.26.5,τρίτος,http://topostext.org/binder/JB1502,37.97209,23.72641,NULL," - "
1.26.5,χώρας,http://pleiades.stoa.org/places/579888,38.051998833333336,23.818991099999998,region," - regional|chora|t - heroic age|f - it is said|Poseidonchora = land of Attica = territory|1.26.5"
1.26.6,ἄγουσιν,http://pleiades.stoa.org/places/579888,38.051998833333336,23.818991099999998,region," - "
1.26.6,"Ἀθηνᾶς ἄγαλμα",http://arachne.dainst.org/entity/3586054,37.97945,23.71622,NULL," - object|agalma|Paus|Athenastatue, Athena Polias, acropolis"
1.26.6,ἀκροπόλει,http://topostext.org/place/380237SAkr,37.9717,23.7257,NULL," - "
1.26.6,αὐτὸ,http://arachne.dainst.org/entity/3586054,37.97945,23.71622,NULL," - object|statue|t - heroic age|f - report|m - piptō|Athenastatue, Athena Polias, acropolis"
1.26.6,γῆ,http://pleiades.stoa.org/places/579888,38.051998833333336,23.818991099999998,region," - "
1.26.6,δήμοις,http://pleiades.stoa.org/places/579888,38.051998833333336,23.818991099999998,region," - "
1.26.6,δήμων,http://pleiades.stoa.org/places/579888,38.051998833333336,23.818991099999998,region," - regional|deme|t - heroic age|f - narratordemes as territory (of Attica)"
1.26.6,λύχνον,http://topostext.org/binder/JB1302,37.974338,23.722734,NULL," - "
1.26.6,πόλει,http://pleiades.stoa.org/places/579885,37.971687,23.726464,settlement," - "
1.26.6,πόλις,http://pleiades.stoa.org/places/579885,37.971687,23.726464,settlement," - "
1.26.6,συνῆλθον,http://pleiades.stoa.org/places/579885,37.971687,23.726464,settlement," - "
1.26.7,ἐμπλήσαντες,http://pleiades.stoa.org/places/579885,37.971687,23.726464,settlement," - proxy|t - present|s - ritual1.26.7"
1.26.7,Καρπασίου,http://pleiades.stoa.org/places/707526,35.62624,34.37319,"settlement,port"," - "
1.26.7,λύχνον,http://topostext.org/binder/JB1302,37.974338,23.722734,NULL," - "
1.26.7,λύχνον,http://arachne.dainst.org/entity/3586055,37.97945,23.71622,NULL," - object|luchnos|t - post-Peloponnesian War|b - Kallimachos|Athenalamp, acropolis"
1.26.7,οἱ,http://topostext.org/binder/JB1302,37.974338,23.722734,NULL," - "
1.27.1,Ἀθηναίοις,http://pleiades.stoa.org/places/579885,37.971687,23.726464,settlement," - "
1.27.1,Ἀθηναίων,http://pleiades.stoa.org/places/579885,37.971687,23.726464,settlement," - "
1.27.1,ἀκινάκην,http://topostext.org/binder/JB2075,37.9751,23.721,NULL," - object|akinakis|t - Persian War|f - narrator|Mardonios|Medes1.27.1"
1.27.1,ἀκινάκης,http://topostext.org/binder/JB2075,37.9751,23.721,NULL," - "
1.27.1,ἀνάθημα,http://arachne.dainst.org/entity/3586056,37.97945,23.71622,NULL," - object|statue|t - heroic age|f - it is said|d - Kekrops|s - anathema|Hermes|trx: anatithēmi|sx: anathemastatue, Hermes, in the temple of Athena Polias"
1.27.1,"ἀνδρὸς Σπαρτιάτου",http://pleiades.stoa.org/places/570685,37.08149,22.42454,"theatre,temple,settlement,temple-2"," - "
1.27.1,"Ἑρμῆς ξύλου",http://arachne.dainst.org/entity/3586056,37.97945,23.71622,NULL," - object|statue|Paus|mat - xylos|Hermes|xm - keimai|agencyQ41484|person|statue (wooden), Hermes, in the temple of Athena Polias"
1.27.1,θώραξ,http://topostext.org/binder/JB2076,37.9751,23.721,NULL," - "
1.27.1,Λακεδαιμόνιοι,http://pleiades.stoa.org/places/570406,37.07624042080912,22.46082645177671,region," - "
1.27.1,Λακεδαιμονίοις,http://pleiades.stoa.org/places/570406,37.07624042080912,22.46082645177671,region," - "
1.27.1,Μήδων,http://pleiades.stoa.org/places/922698,30.5,51.5,unknown," - "
1.27.1,ναῷ,http://pleiades.stoa.org/places/750203268,37.972,23.726443,temple-2," - built|naos|Paus|AthenaHere called the temple of (Athena) Polias|1.27.1"
1.27.1,ὁπόσα,http://arachne.dainst.org/entity/19958,37.971758,23.726467,NULL," - object|votives|Paus|worthy of account|s - anathemavotives, acropolis"
1.27.1,Πλαταιαῖς,http://pleiades.stoa.org/places/541063,38.221019,23.273866,settlement," - built|settlement|t - Persian Warbattle"
1.27.1,σύνοπτον,http://arachne.dainst.org/entity/3586056,37.97945,23.71622,NULL," - object|statue|Paus|t - present|x - notstatue, Hermes, in the temple of Athena Polias"
1.27.2,Ἀθηναίοις,http://pleiades.stoa.org/places/579885,37.971687,23.726464,settlement," - "
1.27.2,βλαστῆσαι,http://topostext.org/binder/JB2249,37.9717,23.7257,NULL," - "
1.27.2,ἐλαίαν,http://topostext.org/binder/JB2249,37.9717,23.7257,NULL," - "
1.27.2,ἐλαίας,http://topostext.org/binder/JB2249,37.9717,23.7257,NULL," - physical|elaia|f - they say|Athena|x - not|agency1.27.2"
1.27.2,Μῆδος,http://pleiades.stoa.org/places/922698,30.5,51.5,unknown," - "
1.27.2,ναῷ,http://pleiades.stoa.org/places/750203268,37.972,23.726443,temple-2," - built|naos|Paus|AthenaTemple of Athena Polias"
1.27.2,"Πανδρόσου ναὸς",http://topostext.org/binder/JB2249,37.9717,23.7257,NULL," - "
1.27.2,πόλιν,http://pleiades.stoa.org/places/579885,37.971687,23.726464,settlement," - "
1.27.2,χώρᾳ,http://pleiades.stoa.org/places/579888,38.051998833333336,23.818991099999998,region," - regional|chora|t - theogony|f - they say|Athenachora = land of Attica = territory"
1.27.3,ἄγουσιν,http://pleiades.stoa.org/places/579885,37.971687,23.726464,settlement," - proxy|t - present|s - ritual|m - agō|mx: agō1.27.3"
1.27.3,Ἀθηναῖοι,http://pleiades.stoa.org/places/579885,37.971687,23.726464,settlement," - "
1.27.3,ἀκρόπολιν,http://topostext.org/place/380237SAkr,37.9717,23.7257,NULL," - "
1.27.3,ἀφιᾶσιν,http://pleiades.stoa.org/places/579885,37.971687,23.726464,settlement," - "
1.27.3,θεῷ,http://topostext.org/binder/JB0665,37.9717,23.7257,NULL," - object|statue|t - present|Athena|s - ritualQ37122|person"
1.27.3,"Κήποις Ἀφροδίτης",http://topostext.org/binder/JB0228,37.9686,23.7329,NULL," - "
1.27.3,ναοῦ,http://pleiades.stoa.org/places/750203268,37.972,23.726443,temple-2," - built|naos|Paus|t - present|f - narrator|l - ou porro|Athena|s - ritualTemple of Athena Polias"
1.27.3,πόλει,http://pleiades.stoa.org/places/579885,37.971687,23.726464,settlement," - "
1.27.4,ἀγάλματα,http://arachne.dainst.org/entity/3888304,37.97945,23.71622,NULL," - object|agalma|Paus|mat - chalkos|Erechtheus|Immaradosstatues, Erechteus and Eumolpos, in front of the temple of Athena"
1.27.4,Ἀθηναίων,http://pleiades.stoa.org/places/579885,37.971687,23.726464,settlement," - "
1.27.4,"εὐήρις πρεσβῦτις",http://arachne.dainst.org/entity/3586057,37.97945,23.71622,NULL," - object|statue|Paus|old woman|agencyperson|statue, old woman, in front of the temple of Athena"
1.27.4,ναῷ,http://pleiades.stoa.org/places/750203268,37.972,23.726443,temple-2," - built|naos|Paus|l - pros|AthenaTemple of Athena Polias|1.27.4"
1.27.4,"τὸν δὲ",http://arachne.dainst.org/entity/3888047,37.97945,23.71622,NULL," - object|statue|Paus|f - they call|Eumolposstatue, Eumolpos, in front of the temple of Athena"
1.27.4,"τὸν μὲν",http://arachne.dainst.org/entity/3888046,37.97945,23.71622,NULL," - object|statue|Paus|f - they call|Erechtheusstatue, Erechtheus, in front of the temple of Athena"
1.27.5,ἀγάλματα,http://arachne.dainst.org/entity/3586058,37.97945,23.71622,NULL," - object|agalma|Paus|t - pre-Persian War|Athena|t - archaios1.27.5|statues (ancient), Athena, acropolis"
1.27.5,Ἀθηναίων,http://pleiades.stoa.org/places/579885,37.971687,23.726464,settlement," - "
1.27.5,Ἀθηναίων,http://pleiades.stoa.org/places/579885,37.971687,23.726464,settlement," - proxy|t - Peloponnesian WarKlērouchoi"
1.27.5,Ἀθήνας,http://pleiades.stoa.org/places/579885,37.971687,23.726464,settlement," - "
1.27.5,Ἀλιαρτίαν,http://pleiades.stoa.org/places/540801,38.379818,23.088416,settlement," - built|settlement|t - Peloponnesian Warbattle"
1.27.5,βάθρου,http://arachne.dainst.org/entity/3888304,37.97945,23.71622,NULL," - object|bathros|Paus|l - epi|Erechtheus|Eumolpos1.27.5|statue base, on the statue of Erechtheus and Eumolpos"
1.27.5,Βοιὰς,http://pleiades.stoa.org/places/570156,36.5121752,23.06003809999993,settlement," - built|settlement|t - Peloponnesian Warbattle"
1.27.5,Βοιωτοὺς,http://pleiades.stoa.org/places/540689,38.34668803333333,23.184677533333332,region," - "
1.27.5,γῆν,http://pleiades.stoa.org/places/570668,37.98336,22.71135,settlement," - "
1.27.5,γῆς,http://pleiades.stoa.org/places/540689,38.34668803333333,23.184677533333332,region," - "
1.27.5,Γυθίῳ,http://pleiades.stoa.org/places/570268,36.763663,22.562341,"settlement,port"," - built|harbour|t - Peloponnesian Warbattle"
1.27.5,Εὔβοιαν,http://pleiades.stoa.org/places/540775,38.53,23.87,island," - "
1.27.5,Θεαίνετος,http://arachne.dainst.org/entity/3888305,37.97945,23.71622,NULL," - object|andrias|Paus|Theainetosperson|statue, Theainetos, acropolis"
1.27.5,κατέστησαν,http://pleiades.stoa.org/places/570668,37.98336,22.71135,settlement," - "
1.27.5,Λακεδαιμονίων,http://pleiades.stoa.org/places/570406,37.07624042080912,22.46082645177671,region," - "
1.27.5,Νάξον,http://pleiades.stoa.org/places/599822,37.127,25.52001,island," - "
1.27.5,νῆσον,http://pleiades.stoa.org/places/570400,36.26229,22.97822,"island,settlement"," - "
1.27.5,Πελοποννησίων,http://pleiades.stoa.org/places/570577,37.25289777692308,22.312752688461543,"peninsula,region"," - "
1.27.5,πόλιν,http://pleiades.stoa.org/places/570668,37.98336,22.71135,settlement," - "
1.27.5,Σικυωνίαν,http://pleiades.stoa.org/places/570668,37.98336,22.71135,settlement," - built|settlement|t - Peloponnesian Warbattle"
1.27.5,στράτευμα,http://pleiades.stoa.org/places/579885,37.971687,23.726464,settlement," - "
1.27.5,στρατῷ,http://pleiades.stoa.org/places/579885,37.971687,23.726464,settlement," - "
1.27.5,σφᾶς,http://pleiades.stoa.org/places/570668,37.98336,22.71135,settlement," - "
1.27.5,Τολμίδης,http://topostext.org/binder/JB2882,37.9759,23.7218,NULL," - object|andrias|Paus|Tolmidesperson|statue, Tolmides, acropolis"
1.27.5,Χαιρώνειαν,http://pleiades.stoa.org/places/540701,38.493361,22.840365,settlement," - built|settlement|t - Peloponnesian Warbattle"
1.27.5,χώραν,http://pleiades.stoa.org/places/570577,37.25289777692308,22.312752688461543,"peninsula,region"," - regional|chora|t - Peloponnesian Warbattle|chora = territory"
1.27.6,Ἀθηναίων,http://pleiades.stoa.org/places/579885,37.971687,23.726464,settlement," - "
1.27.6,βασιλεὺς,http://pleiades.stoa.org/places/922698,30.5,51.5,unknown," - proxy|t - Persian War|s - basileus|tr - haireōXerxes, Q129165"
1.27.6,Ἡρακλεῖ,http://arachne.dainst.org/entity/3888049,37.97945,23.71622,NULL," - object|statue|Paus|HeraklesQ122248|statue, Herakles, acropolis"
1.27.6,θήρα,http://arachne.dainst.org/entity/3888306,37.97945,23.71622,NULL," - object|statue|Paus|agencystatue, Calydonian boar hunt (?), acropolis"
1.27.6,Θρᾷκα,http://topostext.org/place/410265RThr,41.0,26.5,NULL," - "
1.27.6,Καλυδωνίου,http://pleiades.stoa.org/places/540699,38.372423,21.533106,"sanctuary,settlement"," - built|settlement|t - heroic age|f - narrator|f - statueCalydonian boar hunt?"
1.27.6,Κύκνος,http://arachne.dainst.org/entity/3888050,37.97945,23.71622,NULL," - object|statue|Paus|Kyknos|i - macheō|agencyQ577245|person|statue, Kyknos, acropolis"
1.27.6,οὗ,http://topostext.org/binder/JB0785,37.9717,23.7257,NULL," - "
1.27.6,Πηνειὸν,http://pleiades.stoa.org/places/570579,37.75,21.25,river," - "
1.27.6,πόλιν,http://pleiades.stoa.org/places/579885,37.971687,23.726464,settlement," - "
1.27.6,σφισιν,http://arachne.dainst.org/entity/3586058,37.97945,23.71622,NULL," - object|statue|Paus|t - archaiosstatues (ancient), Athena, acropolis"
1.27.6,ταῦτα,http://arachne.dainst.org/entity/3586058,37.97945,23.71622,NULL," - object|statue|t - Persian War|Athenastatues (ancient), Athena, acropolis"
1.27.7,παῖδας,http://pleiades.stoa.org/places/570756,37.50303,23.34845,settlement," - proxy|t - heroic age|f - they say|m - feugōchildren from Troizen"
1.27.7,Τροιζῆνα,http://pleiades.stoa.org/places/570756,37.50303,23.34845,settlement," - "
1.27.7,Τροιζῆνι,http://pleiades.stoa.org/places/570756,37.50303,23.34845,settlement," - built|settlement|t - heroic age|f - they say1.27.7"
1.27.7,"Τροιζηνίων παῖδες",http://pleiades.stoa.org/places/570756,37.50303,23.34845,settlement," - "
1.27.8,Ἀθήνας,http://pleiades.stoa.org/places/579885,37.971687,23.726464,settlement," - "
1.27.8,ἀκροπόλει,http://topostext.org/place/380237SAkr,37.9717,23.7257,NULL," - "
1.27.8,εἰκὼν,http://topostext.org/binder/JB2832,37.9759,23.7218,NULL," - "
1.27.8,πέτρας,http://topostext.org/binder/JB2832,37.9759,23.7218,NULL," - object|statue|f - narrator1.27.8"
1.27.8,Τροιζηνίοις,http://pleiades.stoa.org/places/570756,37.50303,23.34845,settlement," - "
1.27.9,ἀνέθεσαν,http://pleiades.stoa.org/places/579885,37.971687,23.726464,settlement," - proxy|tr - anatithēmi|trx: anatithēmi|sx: anathema1.27.9"
1.27.9,γῆν,http://pleiades.stoa.org/places/1001896,37.5,22.5,province," - "
1.27.9,γῆν,http://pleiades.stoa.org/places/589748,35.21984439173344,24.995769971494504,island," - "
1.27.9,Ἑλλάδος,http://pleiades.stoa.org/places/1001896,37.5,22.5,province," - "
1.27.9,Ἑλληνικῆς,http://pleiades.stoa.org/places/560221,37.42245628773585,25.8829628235849,water-open," - "
1.27.9,Ἐρύμανθον,http://pleiades.stoa.org/places/570238,37.9816702,21.8489331,mountain," - "
1.27.9,Καλυδῶνα,http://pleiades.stoa.org/places/540699,38.372423,21.533106,"sanctuary,settlement"," - "
1.27.9,Κορινθίας,http://pleiades.stoa.org/places/570182,37.906045,22.878721,"sanctuary,settlement,fort"," - "
1.27.9,Κρησὶ,http://pleiades.stoa.org/places/589748,35.21984439173344,24.995769971494504,island," - "
1.27.9,Κρῆτες,http://pleiades.stoa.org/places/589748,35.21984439173344,24.995769971494504,island," - "
1.27.9,Κρομμυῶνι,http://pleiades.stoa.org/places/707551,35.40326,32.92092,cape," - "
1.27.9,Νεμέᾳ,http://pleiades.stoa.org/places/570504,37.808904,22.7108171,"sanctuary,temple-2"," - "
1.27.9,Παρνάςςιος,http://pleiades.stoa.org/places/541012,38.5348857,22.6222206,mountain," - proxy|t - palaios|t - heroic age|f - narrator|typolion"
1.27.10,Ἀθήνας,http://pleiades.stoa.org/places/579885,37.971687,23.726464,settlement," - "
1.27.10,ἀκρόπολιν,http://topostext.org/place/380237SAkr,37.9717,23.7257,NULL," - "
1.27.10,ἀνάθημά,http://arachne.dainst.org/entity/3888052,37.97945,23.71622,NULL," - object|statue|opsis|d - Marathonians|s - anathema|Theseus|trx: anatithēmi|sx: anathemastatue, Theseus and the boar hunt, acropolis"
1.27.10,ἀναιτίους,http://pleiades.stoa.org/places/579885,37.971687,23.726464,settlement," - "
1.27.10,Ἀργείων,http://pleiades.stoa.org/places/570106,37.631561,22.719464,settlement," - "
1.27.10,Ἀττικὴν,http://pleiades.stoa.org/places/579888,38.051998833333336,23.818991099999998,region," - "
1.27.10,Ἀττικῆς,http://pleiades.stoa.org/places/579888,38.051998833333336,23.818991099999998,region," - "
1.27.10,ἰσθμοῦ,http://pleiades.stoa.org/places/570317,37.9510881,22.9602226,isthmus," - "
1.27.10,Κνωσσῷ,http://pleiades.stoa.org/places/589872,35.297847,25.163106,"settlement,architecturalcomplex"," - "
1.27.10,Κορινθίου,http://pleiades.stoa.org/places/570182,37.906045,22.878721,"sanctuary,settlement,fort"," - "
1.27.10,Κρήτην,http://pleiades.stoa.org/places/589748,35.21984439173344,24.995769971494504,island," - "
1.27.10,Κρήτης,http://pleiades.stoa.org/places/589748,35.21984439173344,24.995769971494504,island," - "
1.27.10,Μαραθῶνι,http://pleiades.stoa.org/places/580021,38.1465515,23.970146,settlement," - "
1.27.10,Μαραθωνίων,http://pleiades.stoa.org/places/580021,38.1465515,23.970146,settlement," - "
1.27.10,Μαραθωνίων,http://pleiades.stoa.org/places/580021,38.1465515,23.970146,settlement," - built|deme|opsis1.27.10"
1.27.10,παῖδας,http://pleiades.stoa.org/places/579885,37.971687,23.726464,settlement," - "
1.27.10,παρθένους,http://pleiades.stoa.org/places/579885,37.971687,23.726464,settlement," - "
1.27.10,Πελοπόννησον,http://pleiades.stoa.org/places/570577,37.25289777692308,22.312752688461543,"peninsula,region"," - "
1.27.10,τοσοῦτον,http://pleiades.stoa.org/places/579885,37.971687,23.726464,settlement," - "
1.28.1,ἀνέθεσαν,http://pleiades.stoa.org/places/579885,37.971687,23.726464,settlement," - "
1.28.1,Μεγάρων,http://topostext.org/place/380233PMeg,37.997,23.34285,NULL," - proxy|t - pre-Persian War|f - narrator1.28.1"
1.28.1,Ὀλυμπικὴν,http://pleiades.stoa.org/places/570531,37.637849,21.630126,"palaistra,sanctuary,temple-2"," - "
1.28.1,χαλκοῦν,http://topostext.org/binder/JB1964,37.9753,23.7223,NULL," - "
1.28.2,"ἄγαλμα Ἀθηνᾶς",http://topostext.org/binder/JB0666,37.97187,23.72594,NULL," - "
1.28.2,Ἀθηναίοις,http://pleiades.stoa.org/places/579885,37.971687,23.726464,settlement," - "
1.28.2,Ἀθηνᾶς,http://topostext.org/binder/JB0666,37.97187,23.72594,NULL," - object|statue|Paus|f - narratee|t - present|t - idi|m - sail|AthenaQ37122|person"
1.28.2,"Ἀθηνᾶς ἄγαλμα",http://topostext.org/binder/JB0621,37.975374,23.723929,NULL," - "
1.28.2,ἅρμα,http://arachne.dainst.org/entity/3586063,37.97945,23.71622,NULL," - object|arma|Paus|t - pre-Persian War|mat - chalkos|xm - keimai|agencychariot, from the Boiotians and Chalkidians, acropolis"
1.28.2,ἀσπίδος,http://arachne.dainst.org/entity/3586062,37.97945,23.71622,NULL," - object|aspis|Paus|f - they say|b - Mys|Athena|Kentauroi|Lapithaishield relief, Lapiths and the Kentauroi, acropolis"
1.28.2,Βοιωτῶν,http://pleiades.stoa.org/places/540689,38.34668803333333,23.184677533333332,region," - "
1.28.2,Εὐβοίᾳ,http://pleiades.stoa.org/places/540775,38.53,23.87,island," - "
1.28.2,Λημνίας,http://pleiades.stoa.org/places/550693,39.916667,25.25,island," - proxy|tr - anatithēmi|n - kaleō1.28.2"
1.28.2,Μαραθῶνα,http://pleiades.stoa.org/places/580021,38.1465515,23.970146,settlement," - built|deme|t - Persian Warbattle"
1.28.2,Μήδων,http://pleiades.stoa.org/places/922698,30.5,51.5,unknown," - "
1.28.2,οἱ,http://topostext.org/place/380237AAtP,37.97187,23.72594,NULL," - "
1.28.2,Περικλῆς,http://topostext.org/binder/JB2401,37.974698,23.723084,NULL," - object|statue|Paus|s - anathema|Perikles|agencyperson|Q80398"
1.28.2,Σουνίου,http://topostext.org/place/376240LSou,37.6498,24.0247,NULL," - "
1.28.2,Χαλκιδέων,http://pleiades.stoa.org/places/540703,38.464,23.602,settlement," - "
1.28.3,Ἀκαρνανίαν,http://pleiades.stoa.org/places/530767,38.672287499999996,21.317874500000002,region," - regional|t - heroic age|f - narrator1.28.3"
1.28.3,ἀκροπόλει,http://topostext.org/place/380237SAkr,37.9717,23.7257,NULL," - "
1.28.3,ἀκρόπολιν,http://topostext.org/place/380237SAkr,37.9717,23.7257,NULL," - "
1.28.3,ὅσον,http://pleiades.stoa.org/places/638356144,37.971421,23.726166,"acropolis,architecturalcomplex"," - "
1.28.3,Σικελοὺς,http://pleiades.stoa.org/places/462492,37.53667611952188,14.08648464579389,island," - proxy|t - heroic age|f - narrator|m - oikeōAgrolas and Hyperbios"
1.28.3,τείχους,http://topostext.org/binder/JB3125,37.9721,23.7244,NULL," - "
1.28.4,Ἀθηναίοις,http://pleiades.stoa.org/places/579885,37.971687,23.726464,settlement," - "
1.28.4,γῆν,http://pleiades.stoa.org/places/579888,38.051998833333336,23.818991099999998,region," - "
1.28.4,ἐνταῦθα,http://topostext.org/place/380237CPan,37.972,23.72064,NULL," - "
1.28.4,Λακεδαίμονα,http://pleiades.stoa.org/places/570406,37.07624042080912,22.46082645177671,region," - "
1.28.4,Λακεδαιμονίους,http://pleiades.stoa.org/places/570406,37.07624042080912,22.46082645177671,region," - "
1.28.4,Μαραθῶνα,http://pleiades.stoa.org/places/580021,38.1465515,23.970146,settlement," - built|deme|t - Persian War|f - Philippidesbattle"
1.28.4,μαχουμένους,http://pleiades.stoa.org/places/570406,37.07624042080912,22.46082645177671,region," - "
1.28.4,Μήδων,http://pleiades.stoa.org/places/922698,30.5,51.5,unknown," - "
1.28.4,νομίζουσι,http://pleiades.stoa.org/places/579885,37.971687,23.726464,settlement," - "
1.28.4,Παρθένιον,http://pleiades.stoa.org/places/854721,45.36914,36.61537,settlement," - "
1.28.4,πηγή,http://topostext.org/place/380237WKle,37.97207,23.72512,NULL," - "
1.28.4,πόλιν,http://pleiades.stoa.org/places/579885,37.971687,23.726464,settlement," - "
1.28.4,προπύλαια,http://topostext.org/place/380237BPro,37.97176,23.72522,NULL," - "
1.28.4,σπηλαίῳ,http://topostext.org/place/380237CPan,37.972,23.72064,NULL," - "
1.28.5,Ἀναιδείας,http://topostext.org/binder/JB0148,37.9724,23.7226,NULL," - "
1.28.5,"ἀργοὺς λίθους",http://topostext.org/binder/JB1772,37.9724,23.7226,NULL," - "
1.28.5,"Ἄρειος πάγος",http://topostext.org/binder/JB0361,37.9724,23.7226,NULL," - built|law court|Paus|l - katho1.28.5"
1.28.5,"Ἄρειος πάγος",http://topostext.org/binder/JB0361,37.9724,23.7226,NULL," - "
1.28.5,βωμός,http://topostext.org/binder/JB0600,37.9724,23.7226,NULL," - "
1.28.5,ἐνταῦθα,http://topostext.org/binder/JB0361,37.9724,23.7226,NULL," - "
1.28.5,ὃν,http://topostext.org/binder/JB0600,37.9724,23.7226,NULL," - "
1.28.5,Ὕβρεως,http://topostext.org/binder/JB1772,37.9724,23.7226,NULL," - "
1.28.5,ὧν,http://topostext.org/binder/JB1772,37.9724,23.7226,NULL," - "
1.28.6,ἀγάλμασιν,http://topostext.org/binder/JB2647,37.975525,23.723837,NULL," - "
1.28.6,Ἀθηναῖοι,http://pleiades.stoa.org/places/579885,37.971687,23.726464,settlement," - "
1.28.6,"Ἀρείῳ πάγῳ",http://topostext.org/binder/JB0361,37.9724,23.7226,NULL," - "
1.28.6,Γῆς,http://arachne.dainst.org/entity/3586067,37.97945,23.71622,NULL," - object|statue|Paus|GeQ93172|person|statue, Ge, acropolis"
1.28.6,ἐνταῦθα,http://topostext.org/place/380237SSem,37.97242,23.72372,NULL," - "
1.28.6,Ἑρμῆς,http://arachne.dainst.org/entity/3586066,37.97945,23.71622,NULL," - object|agalma|Paus|HermesQ41484|person|statue, Hermes, acropolis"
1.28.6,ἱερὸν,http://topostext.org/place/380237SSem,37.97242,23.72372,NULL," - built|hieron|Paus|l - plesion|Semnai1.28.6"
1.28.6,Πλούτων,http://topostext.org/binder/JB2478,37.974698,23.723084,NULL," - object|agalma|Paus|PloutonQ152262|person|statue, Plouton, acropolis"
1.28.7,Θήβας,http://pleiades.stoa.org/places/541138,38.318092,23.255096,"sanctuary,settlement"," - "
1.28.7,Θηβῶν,http://pleiades.stoa.org/places/541138,38.318092,23.255096,"sanctuary,settlement"," - "
1.28.7,"μνῆμα Οἰδίποδος",http://topostext.org/binder/JB2242,37.995,23.715,NULL," - built|mnema|Paus|Oidipoustomb of Oedipus at Semnai sanctuary"
1.28.7,περιβόλου,http://topostext.org/binder/JB0361,37.9724,23.7226,NULL," - built|peribolos|Paus|l - entos1.28.7"
1.28.8,Ἀθηναίοις,http://pleiades.stoa.org/places/579885,37.971687,23.726464,settlement," - proxy|f - narrator|opsis1.28.8"
1.28.8,αὐτό,http://topostext.org/binder/JB2361,37.975,23.723,NULL," - "
1.28.8,βατραχιοῦν,http://topostext.org/binder/JB0738,37.975,23.723,NULL," - "
1.28.8,ἐνταῦθα,http://topostext.org/place/380237BPal,37.94,23.69,NULL," - built|law court|t - heroic age|f - narrator|lx: entautha|t - protos1.28.8"
1.28.8,ἡλιαίαν,http://topostext.org/binder/JB1491,37.975,23.723,NULL," - "
1.28.8,ὃ,http://topostext.org/binder/JB1491,37.975,23.723,NULL," - "
1.28.8,Παλλαδίῳ,http://topostext.org/place/380237BPal,37.94,23.69,NULL," - "
1.28.8,παράβυστον,http://topostext.org/binder/JB2361,37.975,23.723,NULL," - "
1.28.8,πόλεως,http://pleiades.stoa.org/places/579885,37.971687,23.726464,settlement," - "
1.28.8,συνίασιν,http://pleiades.stoa.org/places/579885,37.971687,23.726464,settlement," - "
1.28.8,συνιόντων,http://pleiades.stoa.org/places/579885,37.971687,23.726464,settlement," - "
1.28.8,"τὸ δὲ",http://topostext.org/binder/JB2899,37.975,23.723,NULL," - "
1.28.8,"τὸ μὲν",http://topostext.org/binder/JB2361,37.975,23.723,NULL," - "
1.28.8,τρίγωνον,http://topostext.org/binder/JB2899,37.975,23.723,NULL," - "
1.28.8,φοινικιοῦν,http://topostext.org/binder/JB2449,37.975,23.723,NULL," - "
1.28.8,φονεῦσιν,http://pleiades.stoa.org/places/579885,37.971687,23.726464,settlement," - proxy|t - present|tr - phoneuō|trx: phoneuōmurderers"
1.28.9,"Ἀθηναῖόν τε ἄνδρα",http://pleiades.stoa.org/places/579885,37.971687,23.726464,settlement," - "
1.28.9,ἀποβῆναι,http://pleiades.stoa.org/places/570106,37.631561,22.719464,settlement," - "
1.28.9,Ἀργεῖοι,http://pleiades.stoa.org/places/570106,37.631561,22.719464,settlement," - "
1.28.9,Ἀργείους,http://pleiades.stoa.org/places/570106,37.631561,22.719464,settlement," - "
1.28.9,Ἀργείων,http://pleiades.stoa.org/places/570106,37.631561,22.719464,settlement," - proxy|t - heroic age|f - they say1.28.9"
1.28.9,Ἀττικὴν,http://pleiades.stoa.org/places/579888,38.051998833333336,23.818991099999998,region," - "
1.28.9,γῆν,http://pleiades.stoa.org/places/579888,38.051998833333336,23.818991099999998,region," - "
1.28.9,Ἰλίου,http://pleiades.stoa.org/places/550595,39.9577,26.23873,settlement," - "
1.28.9,πλέοντες,http://pleiades.stoa.org/places/570106,37.631561,22.719464,settlement," - "
1.28.9,Φάληρον,http://pleiades.stoa.org/places/580072,37.9373,23.7062,settlement," - "
1.28.10,Ἀθηναίων,http://pleiades.stoa.org/places/579885,37.971687,23.726464,settlement," - "
1.28.10,βωμοῦ,http://topostext.org/place/380237SZPo,37.97185,23.72732,NULL," - "
1.28.10,Δελφινίῳ,http://topostext.org/binder/JB0288,37.9686,23.7329,NULL," - built|law court|opsis|t - present1.28.10"
1.28.10,δικάζουσιν,http://pleiades.stoa.org/places/579885,37.971687,23.726464,settlement," - "
1.28.10,ἔνθα,http://topostext.org/place/380237LMus,37.9674,23.7215,NULL," - "
1.28.10,πρυτανείῳ,http://topostext.org/place/380237BPry,37.9709,23.7307,NULL," - "
1.28.10,φαμένοις,http://pleiades.stoa.org/places/579885,37.971687,23.726464,settlement," - "
1.28.10,χώρας,http://pleiades.stoa.org/places/579888,38.051998833333336,23.818991099999998,region," - regional|chora|t - heroic age|f - narratorchora = land of Attica = territory"
1.28.11,γῆς,http://pleiades.stoa.org/places/579888,38.051998833333336,23.818991099999998,region," - physical|ge|t - present|f - narrator|s - ritualthe land emphasised, not the territory"
1.28.11,ἐνταῦθα,http://pleiades.stoa.org/places/580078,37.93452,23.651131,settlement," - "
1.28.11,θαλάσσῃ,http://pleiades.stoa.org/places/560221,37.42245628773585,25.8829628235849,water-open," - "
1.28.11,νεὼς,http://pleiades.stoa.org/places/560221,37.42245628773585,25.8829628235849,water-open," - proxy|t - present|f - narrator|s - ritualship"
1.28.11,Πειραιῶς,http://pleiades.stoa.org/places/580062,37.937222,23.644609,"theatre,region,settlement,fort"," - "
1.28.11,Φρεαττύς,http://pleiades.stoa.org/places/580078,37.93452,23.651131,settlement," - "
1.29.1,"Ἀρείου πάγου",http://topostext.org/binder/JB0361,37.9724,23.7226,NULL," - built|law court|Paus|l - plesion1.29.1"
1.29.1,Δήλῳ,http://pleiades.stoa.org/places/599588,37.397274,25.268194,"architecturalcomplex,sanctuary,monument,island,settlement,plaza"," - "
1.29.1,ναῦς,http://topostext.org/binder/JB2305,37.974698,23.723084,NULL," - "
1.29.1,ταύτην,http://topostext.org/binder/JB2305,37.974698,23.723084,NULL," - "
1.29.2,ἄγαλμα,http://topostext.org/binder/JB1171,37.974338,23.722734,NULL," - "
1.29.2,Ἀθηναίοις,http://pleiades.stoa.org/places/579885,37.971687,23.726464,settlement," - proxy|synoptic1.29.2"
1.29.2,Ἀκαδημία,http://topostext.org/place/380237SAca,37.992,23.707,NULL," - "
1.29.2,Ἀρίστης,http://arachne.dainst.org/entity/3888053,37.97945,23.71622,NULL," - object|xoanon|Paus|f - narratee|mat - wood|f - Pampho|Artemis|n - epiklēsisepiklesis, Artemis, Ariste, Q39503|person|statue (wooden), Artemis Ariste, precinct of Artemis"
1.29.2,αὐτὰς,http://arachne.dainst.org/entity/3888053,37.97945,23.71622,NULL," - object|statue|f - logos|f - narrator|Artemis|x - notstatue (wooden), Artemis, precinct of Artemis"
1.29.2,αὐτὴν,http://topostext.org/place/380237SAca,37.992,23.707,NULL," - "
1.29.2,γυμνάσιον,http://topostext.org/place/380237BGAP,37.9911,23.7082,NULL," - "
1.29.2,δήμοις,http://pleiades.stoa.org/places/579888,38.051998833333336,23.818991099999998,region," - regional|deme|synopticdemes as territory (Attica)"
1.29.2,Καλλίστης,http://arachne.dainst.org/entity/3888054,37.97945,23.71622,NULL," - object|xoanon|Paus|f - narratee|mat - wood|f - Pampho|Artemis|n - epiklēsisepiklesis, Artemis, Kalliste, Q39503|person|statue (wooden), Artemis Kalliste, precinct of Artemis"
1.29.2,κομίζουσιν,http://pleiades.stoa.org/places/579885,37.971687,23.726464,settlement," - proxy|t - present|s - ritual|t - pan etos|m - komizō|mx: komizō1.29.2"
1.29.2,ναὸς,http://topostext.org/binder/JB1142,37.974338,23.722734,NULL," - built|naos|Paus|Dionysossmall temple near the Academy, probably but not necessarily of Dionysos, used for the procession of the cult statue of D. Eleuthereus"
1.29.2,ὃν,http://topostext.org/binder/JB1142,37.974338,23.722734,NULL," - "
1.29.2,περίβολός,http://topostext.org/binder/JB0434,37.975,23.725,NULL," - "
1.29.2,πόλεως,http://pleiades.stoa.org/places/579885,37.971687,23.726464,settlement," - "
1.29.2,χωρίον,http://topostext.org/place/380237SAca,37.992,23.707,NULL," - "
1.29.3,Ἀθηναίοις,http://pleiades.stoa.org/places/579885,37.971687,23.726464,settlement," - "
1.29.3,Ἀθηναίους,http://pleiades.stoa.org/places/579885,37.971687,23.726464,settlement," - "
1.29.3,αὐτῷ,http://topostext.org/binder/JB2854,37.9815,23.7169,NULL," - "
1.29.3,Θηβῶν,http://pleiades.stoa.org/places/541138,38.318092,23.255096,"sanctuary,settlement"," - "
1.29.3,Περικλέους,http://topostext.org/binder/JB2397,37.981,23.718,NULL," - built|taphos|Paus|PeriklesQ80398|person"
1.29.3,πρῶτον,http://topostext.org/binder/JB2854,37.9815,23.7169,NULL," - "
1.29.3,συνθεμένους,http://pleiades.stoa.org/places/579885,37.971687,23.726464,settlement," - "
1.29.3,ταύτῃ,http://topostext.org/place/380237SAca,37.992,23.707,NULL," - "
1.29.3,τάφος,http://topostext.org/binder/JB2854,37.9815,23.7169,NULL," - "
1.29.3,Φορμίωνος,http://topostext.org/binder/JB2455,37.981,23.718,NULL," - built|taphos|Paus|Phormionperson|Q2338787, 1.29.3"
1.29.3,Χαβρίου,http://topostext.org/binder/JB0793,37.981,23.718,NULL," - built|taphos|Paus|ChabriasQ543525|person"
1.29.4,Ἀθηναίοις,http://pleiades.stoa.org/places/579885,37.971687,23.726464,settlement," - "
1.29.4,Ἀκαδημίαν,http://topostext.org/place/380237SAca,37.992,23.707,NULL," - "
1.29.4,ἄλλοι,http://pleiades.stoa.org/places/579885,37.971687,23.726464,settlement," - "
1.29.4,Δραβησκοῦ,http://pleiades.stoa.org/places/501403,40.923361,23.871851,settlement," - "
1.29.4,ἐπικρατοῦντας,http://pleiades.stoa.org/places/579885,37.971687,23.726464,settlement," - "
1.29.4,ἐτάφησαν,http://topostext.org/binder/JB1053,37.9816,23.7168,NULL," - "
1.29.4,Ἠδωνοὶ,http://pleiades.stoa.org/places/501409,40.785833,23.848889,people," - proxy|t - pote|t - post-Persian War|tr - phoneuō1.29.4"
1.29.4,Θρᾴκῃ,http://topostext.org/place/410265RThr,41.0,26.5,NULL," - "
1.29.4,κεῖνται,http://topostext.org/place/380237GDem,37.9816,23.7168,NULL," - "
1.29.4,Μαραθῶνι,http://pleiades.stoa.org/places/580021,38.1465515,23.970146,settlement," - physical|plain|t - Persian War|analogicbattle"
1.29.4,μνῆμα,http://topostext.org/place/380237GDem,37.9816,23.7168,NULL," - built|mnema|Paus|Athenians1.29.4"
1.29.4,ὅσοι,http://pleiades.stoa.org/places/579885,37.971687,23.726464,settlement," - "
1.29.4,οὓς,http://pleiades.stoa.org/places/579885,37.971687,23.726464,settlement," - "
1.29.4,στῆλαι,http://topostext.org/binder/JB1072,37.974338,23.722734,NULL," - "
1.29.4,σφῶν,http://topostext.org/place/380237GDem,37.9816,23.7168,NULL," - "
1.29.4,τάφοι,http://topostext.org/place/381240GSor,38.1179,23.9783,NULL," - "
1.29.4,τάφοις,http://topostext.org/binder/JB1077,37.9816,23.7168,NULL," - built|taphos|Paus|Atheniansgraves, road to the Academy"
1.29.4,τούτοις,http://pleiades.stoa.org/places/579885,37.971687,23.726464,settlement," - "
1.29.4,χώραν,http://topostext.org/place/381241LMaB,38.144,24.0002,NULL," - physical|chora|opsis|analogic|t - Persian Warchora = field of battle, cf. 1.14.5"
1.29.5,Ἀθηναῖοι,http://pleiades.stoa.org/places/579885,37.971687,23.726464,settlement," - "
1.29.5,Αἰγινήταις,http://pleiades.stoa.org/places/579853,37.74991,23.42372,"island,settlement,temple-2"," - "
1.29.5,Ἀργεῖόν,http://pleiades.stoa.org/places/570106,37.631561,22.719464,settlement," - "
1.29.5,αὐτούς,http://pleiades.stoa.org/places/579885,37.971687,23.726464,settlement," - proxy|t - post-Persian War|f - it is said1.29.5"
1.29.5,Δεκελεὺς,http://pleiades.stoa.org/places/579907,38.152799,23.794134,church," - "
1.29.5,Ἑλλάδος,http://pleiades.stoa.org/places/1001896,37.5,22.5,province," - "
1.29.5,Ἕλληνες,http://pleiades.stoa.org/places/1001896,37.5,22.5,province," - "
1.29.5,Θρᾴκην,http://topostext.org/place/410265RThr,41.0,26.5,NULL," - regional|t - post-Persian War|f - narrator|t - tote|orientation1.29.5|outside Greece"
1.29.5,Ἰωνίαν,http://pleiades.stoa.org/places/550597,38.258572855555556,27.36601213333333,region," - regional|t - pre-Persian War|t - nun|t - present|f - narrator|orientationoutside Greece"
1.29.5,Νεμείων,http://pleiades.stoa.org/places/570504,37.808904,22.7108171,"sanctuary,temple-2"," - "
1.29.5,Σαρδὼ,http://pleiades.stoa.org/places/472014,40.06802462263924,8.895951166868167,island," - physical|island|t - heroic age|f - narrator|orientationoutside Greece"
1.29.5,στρατὸν,http://pleiades.stoa.org/places/579885,37.971687,23.726464,settlement," - "
1.29.5,Τρωσὶ,http://pleiades.stoa.org/places/550595,39.9577,26.23873,settlement," - "
1.29.6,Ἀθηναίων,http://pleiades.stoa.org/places/579885,37.971687,23.726464,settlement," - "
1.29.6,ἀποθανοῦσιν,http://pleiades.stoa.org/places/579885,37.971687,23.726464,settlement," - proxy|t - Peloponnesian War|tr - apothnēskō|trx: apothnēskōhorsemen"
1.29.6,Ἀττικὴν,http://pleiades.stoa.org/places/579888,38.051998833333336,23.818991099999998,region," - "
1.29.6,Βοιωτῶν,http://pleiades.stoa.org/places/540689,38.34668803333333,23.184677533333332,region," - "
1.29.6,Ἐλεωνίας,http://pleiades.stoa.org/places/579946,38.355639,23.479833,settlement," - "
1.29.6,ἐλθόντων,http://pleiades.stoa.org/places/1332,39.6,22.2,region," - "
1.29.6,Θεσσαλοὶ,http://pleiades.stoa.org/places/1332,39.6,22.2,region," - "
1.29.6,Θεσσαλῶν,http://pleiades.stoa.org/places/1332,39.6,22.2,region," - "
1.29.6,καθεστᾶσιν,http://pleiades.stoa.org/places/579885,37.971687,23.726464,settlement," - proxy|t - nun|t - present|tr - kathistēmi|trx: kathistēmiphylai"
1.29.6,Κλεισθένους,http://topostext.org/binder/JB1918,37.981,23.718,NULL," - built|mnema|Paus|KleisthenesQ207634|person"
1.29.6,Κρησίν,http://pleiades.stoa.org/places/589748,35.21984439173344,24.995769971494504,island," - "
1.29.6,Λακεδαιμονίων,http://pleiades.stoa.org/places/570406,37.07624042080912,22.46082645177671,region," - "
1.29.6,μνήματος,http://topostext.org/binder/JB1053,37.9816,23.7168,NULL," - "
1.29.6,Πελοποννήσιοι,http://pleiades.stoa.org/places/570577,37.25289777692308,22.312752688461543,"peninsula,region"," - "
1.29.6,στήλη,http://topostext.org/binder/JB2083,37.974698,23.723084,NULL," - "
1.29.6,Ταναγραίους,http://pleiades.stoa.org/places/580114,38.309371,23.587064,settlement," - "
1.29.6,φυλὰς,http://pleiades.stoa.org/places/579885,37.971687,23.726464,settlement," - proxy|t - pre-Persian Warphylai"
1.29.7,Ἀθηναῖοι,http://pleiades.stoa.org/places/579885,37.971687,23.726464,settlement," - "
1.29.7,Ἀθηναίων,http://pleiades.stoa.org/places/579885,37.971687,23.726464,settlement," - "
1.29.7,Αἰγινήτας,http://pleiades.stoa.org/places/579853,37.74991,23.42372,"island,settlement,temple-2"," - "
1.29.7,Ἀργείους,http://pleiades.stoa.org/places/570106,37.631561,22.719464,settlement," - "
1.29.7,Ἀργείων,http://pleiades.stoa.org/places/570106,37.631561,22.719464,settlement," - "
1.29.7,Ἀττικὴν,http://pleiades.stoa.org/places/579888,38.051998833333336,23.818991099999998,region," - "
1.29.7,δοκιμώτατοι,http://topostext.org/binder/JB1067,37.9816,23.7168,NULL," - "
1.29.7,ἐλθόντες,http://pleiades.stoa.org/places/570361,37.81708,22.75372,settlement," - "
1.29.7,ἐλθόντων,http://pleiades.stoa.org/places/579885,37.971687,23.726464,settlement," - "
1.29.7,ἐνταῦθα,http://topostext.org/place/380237GDem,37.9816,23.7168,NULL," - built|tomb|Paus|lx: entautha1.29.7"
1.29.7,Καρίαν,http://pleiades.stoa.org/places/991381,37.213163833551015,28.088996902733474,province," - "
1.29.7,Μαιάνδρου,http://pleiades.stoa.org/places/599777,37.6220196,27.4713446,river," - "
1.29.7,Μελήσανδρος,http://topostext.org/binder/JB2085,37.981,23.718,NULL," - built|tomb|Paus|MelesandrosQ|person"
1.29.7,Μῆδον,http://pleiades.stoa.org/places/922698,30.5,51.5,unknown," - "
1.29.7,οἳ,http://pleiades.stoa.org/places/579885,37.971687,23.726464,settlement," - "
1.29.7,Ὄλυνθον,http://pleiades.stoa.org/places/491678,40.296525,23.354208,"townhouse,villa,settlement"," - "
1.29.7,ταφῆναι,http://topostext.org/binder/JB1039,37.9816,23.7168,NULL," - "
1.29.7,τάφος,http://topostext.org/binder/JB1039,37.9816,23.7168,NULL," - "
1.29.7,τελευτήσαντες,http://pleiades.stoa.org/places/579885,37.971687,23.726464,settlement," - proxy|t - Macedonian War|tr - teleutaō|trx: teleutaō1.29.7"
1.29.8,Ἀθηναίων,http://pleiades.stoa.org/places/579885,37.971687,23.726464,settlement," - "
1.29.8,ἄνδρας,http://pleiades.stoa.org/places/579885,37.971687,23.726464,settlement," - proxy|t - post-Persian War|f - they sayhand-picked troops"
1.29.8,Ἀργείους,http://pleiades.stoa.org/places/570106,37.631561,22.719464,settlement," - "
1.29.8,Ἀργείων,http://pleiades.stoa.org/places/570106,37.631561,22.719464,settlement," - "
1.29.8,εἵλωτες,http://pleiades.stoa.org/places/570480,37.06945533333334,21.9323415,region," - proxy|t - post-Persian War|f - they say|m - histēmi|r - XenophonHelots, Q462484"
1.29.8,Ἰθώμην,http://pleiades.stoa.org/places/570318,37.1857343,21.9249021,mountain," - "
1.29.8,Λακεδαιμόνιοι,http://pleiades.stoa.org/places/570406,37.07624042080912,22.46082645177671,region," - "
1.29.8,Λακεδαιμόνιοι,http://pleiades.stoa.org/places/570406,37.07624042080912,22.46082645177671,region," - proxy|t - post-Persian War|f - they say|i - pempō1.29.8"
1.29.8,Λακεδαιμονίοις,http://pleiades.stoa.org/places/570406,37.07624042080912,22.46082645177671,region," - "
1.29.8,οἱ,http://pleiades.stoa.org/places/579885,37.971687,23.726464,settlement," - "
1.29.8,πόλιν,http://pleiades.stoa.org/places/570685,37.08149,22.42454,"theatre,temple,settlement,temple-2"," - "
1.29.8,σφίσι,http://pleiades.stoa.org/places/579885,37.971687,23.726464,settlement," - "
1.29.8,σφισιν,http://pleiades.stoa.org/places/570406,37.07624042080912,22.46082645177671,region," - "
1.29.8,τούτους,http://pleiades.stoa.org/places/579885,37.971687,23.726464,settlement," - "
1.29.9,Ἀθηναίοις,http://pleiades.stoa.org/places/579885,37.971687,23.726464,settlement," - proxy|t - post-Persian War1.29.9"
1.29.9,Ἀθηναίοις,http://pleiades.stoa.org/places/579885,37.971687,23.726464,settlement," - "
1.29.9,Ἀθηναίους,http://pleiades.stoa.org/places/579885,37.971687,23.726464,settlement," - proxy|t - post-Persian War|t - husteron1.29.9"
1.29.9,Ἀθηναίων,http://pleiades.stoa.org/places/579885,37.971687,23.726464,settlement," - "
1.29.9,Ἀργεῖοι,http://pleiades.stoa.org/places/570106,37.631561,22.719464,settlement," - "
1.29.9,Ἀργείοις,http://pleiades.stoa.org/places/570106,37.631561,22.719464,settlement," - "
1.29.9,Ἀργείους,http://pleiades.stoa.org/places/570106,37.631561,22.719464,settlement," - "
1.29.9,Βοιωτοὺς,http://pleiades.stoa.org/places/540689,38.34668803333333,23.184677533333332,region," - "
1.29.9,ἐκομίζοντο,http://pleiades.stoa.org/places/579885,37.971687,23.726464,settlement," - "
1.29.9,Θεσσαλῶν,http://pleiades.stoa.org/places/1332,39.6,22.2,region," - "
1.29.9,Λακεδαιμονίοις,http://pleiades.stoa.org/places/570406,37.07624042080912,22.46082645177671,region," - "
1.29.9,Λακεδαιμονίους,http://pleiades.stoa.org/places/570406,37.07624042080912,22.46082645177671,region," - "
1.29.9,Λακεδαιμονίων,http://pleiades.stoa.org/places/570406,37.07624042080912,22.46082645177671,region," - "
1.29.9,Τανάγρᾳ,http://pleiades.stoa.org/places/580114,38.309371,23.587064,settlement," - built|settlement|t - post-Persian War|t - husteronbattle"
1.29.10,Ἀθηναῖος,http://pleiades.stoa.org/places/579885,37.971687,23.726464,settlement," - proxy|t - Macedonian WarApollodoros"
1.29.10,ἄνδρες,http://pleiades.stoa.org/places/579885,37.971687,23.726464,settlement," - proxy|t - Macedonian War|l - entautha|Athenians|x - notmen with Euboulos"
1.29.10,Ἑλλησπόντῳ,http://pleiades.stoa.org/places/501434,40.2,26.4,water-open," - "
1.29.10,ἐνταῦθα,http://topostext.org/place/380237GDem,37.9816,23.7168,NULL," - "
1.29.10,Εὔβουλος,http://topostext.org/binder/JB1355,37.981,23.718,NULL," - built|tomb|Paus|l - entautha|Euboulosperson"
1.29.10,Μακεδόνων,http://pleiades.stoa.org/places/981531,42.5,22.5,province," - "
1.29.10,οἱ,http://pleiades.stoa.org/places/579885,37.971687,23.726464,settlement," - "
1.29.10,Πειραιῶς,http://pleiades.stoa.org/places/580062,37.937222,23.644609,"theatre,region,settlement,fort"," - "
1.29.10,Περινθίαν,http://pleiades.stoa.org/places/511357,40.97089,27.95454,settlement," - "
1.29.10,Περινθίοις,http://pleiades.stoa.org/places/511357,40.97089,27.95454,settlement," - "
1.29.10,τέθαπται,http://topostext.org/binder/JB0347,37.981,23.718,NULL," - "
1.29.10,τοῖς,http://pleiades.stoa.org/places/579885,37.971687,23.726464,settlement," - "
1.29.10,Φρυγίας,http://pleiades.stoa.org/places/511362,40.25,27.75,"labeled feature"," - regional|t - Macedonian WarHellespontine Phrygia"
1.29.11,Ἀθηναίων,http://pleiades.stoa.org/places/579885,37.971687,23.726464,settlement," - "
1.29.11,ἀποθανόντας,http://topostext.org/binder/JB1047,37.9798,23.7205,NULL," - "
1.29.11,Ἀργείων,http://pleiades.stoa.org/places/570106,37.631561,22.719464,settlement," - "
1.29.11,"Ἀσιανῆς ἠπείρου",http://pleiades.stoa.org/places/837,39.64014749138555,31.033254534661616,"peninsula,region"," - "
1.29.11,Βοιωτῶν,http://pleiades.stoa.org/places/540689,38.34668803333333,23.184677533333332,region," - "
1.29.11,ἐκακώθησαν,http://pleiades.stoa.org/places/570406,37.07624042080912,22.46082645177671,region," - "
1.29.11,Ἑλλήνων,http://pleiades.stoa.org/places/1001896,37.5,22.5,province," - "
1.29.11,ἐνταῦθα,http://pleiades.stoa.org/places/570182,37.906045,22.878721,"sanctuary,settlement,fort"," - built|settlement|t - post-Peloponnesian War|f - narrator|lx: entautha|t - entauthabattle"
1.29.11,Εὐβοίᾳ,http://pleiades.stoa.org/places/540775,38.53,23.87,island," - physical|island|t - post-Persian War|f - stelebattle"
1.29.11,κεῖνται,http://topostext.org/binder/JB1047,37.9798,23.7205,NULL," - built|tomb|Paus|Athenians1.29.11"
1.29.11,Κορινθίων,http://pleiades.stoa.org/places/570182,37.906045,22.878721,"sanctuary,settlement,fort"," - "
1.29.11,Κόρινθον,http://pleiades.stoa.org/places/570182,37.906045,22.878721,"sanctuary,settlement,fort"," - built|settlement|t - post-Peloponnesian War|m - piptōbattle"
1.29.11,Κορίνθῳ,http://pleiades.stoa.org/places/570182,37.906045,22.878721,"sanctuary,settlement,fort"," - built|settlement|t - post-Peloponnesian Warbattle"
1.29.11,Λακεδαιμόνιοι,http://pleiades.stoa.org/places/570406,37.07624042080912,22.46082645177671,region," - "
1.29.11,Λεύκτροις,http://pleiades.stoa.org/places/540913,38.25422,23.18095,settlement," - built|settlement|t - post-Peloponnesian War|f - narratorbattle"
1.29.11,Λεύκτροις,http://pleiades.stoa.org/places/540913,38.25422,23.18095,settlement," - "
1.29.11,Σικελίᾳ,http://pleiades.stoa.org/places/462492,37.53667611952188,14.08648464579389,island," - physical|island|t - Peloponnesian War1.29.11"
1.29.11,στήλην,http://topostext.org/binder/JB1055,37.9816,23.7168,NULL," - "
1.29.11,τοῖς,http://pleiades.stoa.org/places/579885,37.971687,23.726464,settlement," - "
1.29.11,τοὺς,http://pleiades.stoa.org/places/579885,37.971687,23.726464,settlement," - "
1.29.11,Χίῳ,http://pleiades.stoa.org/places/550497,38.414,26.053,island," - physical|island|t - post-Persian War|f - stelebattle"
1.29.12,ἄλλοις,http://pleiades.stoa.org/places/579885,37.971687,23.726464,settlement," - "
1.29.12,γεγραμμένοι,http://topostext.org/binder/JB1056,37.9816,23.7168,NULL," - object|inscription|Paus|Athenians|Plataians1.29.12"
1.29.12,Πλαταιεῖς,http://pleiades.stoa.org/places/541063,38.221019,23.273866,settlement," - "
1.29.12,στήλῃ,http://topostext.org/binder/JB1056,37.9816,23.7168,NULL," - "
1.29.12,στρατιωτῶν,http://pleiades.stoa.org/places/579885,37.971687,23.726464,settlement," - "
1.29.13,Ἀμφίπολιν,http://pleiades.stoa.org/places/501347,40.818876,23.840418,"city-wall,settlement,fort"," - built|settlement|t - Peloponnesian Warbattle"
1.29.13,Ἀρκάδας,http://pleiades.stoa.org/places/570102,37.567419268449626,22.165323097346306,region," - "
1.29.13,Δηλίῳ,http://pleiades.stoa.org/places/540725,38.3462075,23.661354,settlement," - built|settlement|t - Peloponnesian Warbattle"
1.29.13,ἐκβαλόντων,http://pleiades.stoa.org/places/579885,37.971687,23.726464,settlement," - proxy|t - Macedonian War|m - ballō|mx: ballō1.29.13"
1.29.13,Ἑλλήσποντον,http://pleiades.stoa.org/places/501434,40.2,26.4,water-open," - physical|strait|t - Peloponnesian Warbattle"
1.29.13,ἐτάφησαν,http://topostext.org/binder/JB1059,37.97465,23.723649,NULL," - "
1.29.13,ἠγωνίσαντο,http://pleiades.stoa.org/places/579885,37.971687,23.726464,settlement," - "
1.29.13,Ἠλείους,http://pleiades.stoa.org/places/570220,37.89131,21.37493,"theatre,settlement"," - "
1.29.13,Θεσσαλίαν,http://pleiades.stoa.org/places/1332,39.6,22.2,region," - regional|t - Macedonian Warbattle"
1.29.13,Θρᾴκην,http://topostext.org/place/410265RThr,41.0,26.5,NULL," - "
1.29.13,Κύπρον,http://pleiades.stoa.org/places/707498,35.040883529816504,33.27533716422018,island," - island|physical|t - post-Persian Warbattle"
1.29.13,Λακεδαιμονίων,http://pleiades.stoa.org/places/570406,37.07624042080912,22.46082645177671,region," - "
1.29.13,Μακεδόνων,http://pleiades.stoa.org/places/981531,42.5,22.5,province," - "
1.29.13,Μαντινείᾳ,http://pleiades.stoa.org/places/570459,37.618138,22.393259,settlement," - "
1.29.13,μαχεσάμενοι,http://pleiades.stoa.org/places/579885,37.971687,23.726464,settlement," - "
1.29.13,Μεγάροις,http://topostext.org/place/380233PMeg,37.997,23.34285,NULL," - "
1.29.13,ναυμαχήσαντες,http://pleiades.stoa.org/places/579885,37.971687,23.726464,settlement," - "
1.29.13,οἱ,http://topostext.org/binder/JB1049,37.9816,23.7168,NULL," - "
1.29.13,οἱ,http://topostext.org/binder/JB1040,37.9816,23.7168,NULL," - "
1.29.13,οἵ,http://topostext.org/binder/JB1051,37.9816,23.7168,NULL," - "
1.29.13,οἱ,http://pleiades.stoa.org/places/579885,37.971687,23.726464,settlement," - "
1.29.13,ὅσοι,http://topostext.org/binder/JB1043,37.9818,23.7162,NULL," - "
1.29.13,ὅσους,http://topostext.org/binder/JB1063,37.9816,23.7168,NULL," - built|tomb|Paus|AtheniansLamian War"
1.29.13,πλεύσαντες,http://pleiades.stoa.org/places/579885,37.971687,23.726464,settlement," - "
1.29.13,Σικελίαν,http://pleiades.stoa.org/places/462492,37.53667611952188,14.08648464579389,island," - "
1.29.13,στήλῃ,http://topostext.org/binder/JB1072,37.974338,23.722734,NULL," - object|stele|Paus|Athenians1.29.13"
1.29.13,στρατεύσαντες,http://pleiades.stoa.org/places/579885,37.971687,23.726464,settlement," - "
1.29.13,Συρακουσίων,http://pleiades.stoa.org/places/462503,37.05963,15.29382,settlement," - "
1.29.13,Ταναγραίων,http://pleiades.stoa.org/places/580114,38.309371,23.587064,settlement," - "
1.29.13,τελευτήσαντες,http://pleiades.stoa.org/places/579885,37.971687,23.726464,settlement," - "
1.29.13,τῶν,http://topostext.org/binder/JB1042,37.9816,23.7168,NULL," - "
1.29.13,φρουρὰν,http://topostext.org/binder/JB2158,37.9674,23.7215,NULL," - "
1.29.13,Χαιρωνείᾳ,http://pleiades.stoa.org/places/540701,38.493361,22.840365,settlement," - built|settlement|t - Macedonian Warbattle"
1.29.14,Ἀθηναῖοι,http://pleiades.stoa.org/places/579885,37.971687,23.726464,settlement," - proxy|focaliser1.29.14"
1.29.14,ἀνδράσιν,http://pleiades.stoa.org/places/579885,37.971687,23.726464,settlement," - "
1.29.14,Ἀττικαὶ,http://pleiades.stoa.org/places/579888,38.051998833333336,23.818991099999998,region," - proxy|t - Roman|t - husteron|f - Athenianstriremes"
1.29.14,ἐνταῦθα,http://topostext.org/place/380237GDem,37.9816,23.7168,NULL," - "
1.29.14,Καρχηδονίους,http://pleiades.stoa.org/places/314921,36.857569,10.327986,"amphitheatre,cemetery,villa,theatre,port,church,settlement,circus,bath"," - "
1.29.14,κειμένους,http://topostext.org/binder/JB1060,37.97465,23.723649,NULL," - "
1.29.14,κεῖνται,http://topostext.org/binder/JB1058,37.975,23.723,NULL," - "
1.29.14,οἱ,http://pleiades.stoa.org/places/579885,37.971687,23.726464,settlement," - "
1.29.14,ὅμορόν,http://pleiades.stoa.org/places/1052,42.5,12.5,region," - "
1.29.14,παρεγένοντο,http://pleiades.stoa.org/places/579885,37.971687,23.726464,settlement," - "
1.29.14,πέμψαι,http://pleiades.stoa.org/places/423025,41.89262,12.4843457,"settlement,urban"," - "
1.29.14,Ῥωμαίοις,http://pleiades.stoa.org/places/423025,41.89262,12.4843457,"settlement,urban"," - "
1.29.14,Ῥωμαίων,http://pleiades.stoa.org/places/423025,41.89262,12.4843457,"settlement,urban"," - "
1.29.14,σφᾶς,http://pleiades.stoa.org/places/579885,37.971687,23.726464,settlement," - "
1.29.15,"Ἀρείῳ πάγῳ",http://topostext.org/binder/JB0361,37.9724,23.7226,NULL," - "
1.29.15,"Ἁρμόδιος καὶ Ἀριστογείτων",http://topostext.org/binder/JB1467,37.981,23.718,NULL," - "
1.29.15,ἐνταῦθα,http://topostext.org/place/380237GDem,37.9816,23.7168,NULL," - "
1.29.15,Ἐφιάλτης,http://topostext.org/binder/JB1284,37.981,23.718,NULL," - built|tomb|Paus|EphialtesQ318731|person"
1.29.15,Ζήνων,http://topostext.org/binder/JB2967,37.981,23.718,NULL," - built|tomb|Paus|l - entautha|Zenoperson"
1.29.15,Κόνων,http://topostext.org/binder/JB1939,37.981,23.718,NULL," - built|tomb|Paus|Konon1.29.15, Q363832|person"
1.29.15,Λυκοῦργος,http://topostext.org/binder/JB2049,37.981,23.718,NULL," - built|tomb|Paus|Lykourgosperson"
1.29.15,Νικίας,http://topostext.org/binder/JB2206,37.981,23.718,NULL," - built|tomb|Paus|Nikiasperson"
1.29.15,Σολεύς,http://pleiades.stoa.org/places/648781,35.1406719,32.8125385,"theatre,settlement"," - "
1.29.15,Χρύσιππος,http://topostext.org/binder/JB0937,37.981,23.718,NULL," - built|tomb|Paus|l - entautha|Chrysipposperson"
1.29.16,γυμνάσιον,http://topostext.org/binder/JB0300,37.974,23.7433,NULL," - "
1.29.16,θέατρον,http://pleiades.stoa.org/places/649966335,37.970278,23.72775,theatre," - "
1.29.16,Λυκείῳ,http://topostext.org/place/380237BLyk,37.974,23.7433,NULL," - "
1.29.16,"Νίκας χρυσᾶς",http://arachne.dainst.org/entity/3652661,37.97945,23.71622,NULL," - object|statue|t - Macedonian War|mat - chrysos|d - Lykourgos|Nikestatue, Nike, Athens"
1.29.16,οἰκοδομήματα,http://pleiades.stoa.org/places/649966335,37.970278,23.72775,theatre," - "
1.29.16,παρθένοις,http://pleiades.stoa.org/places/579885,37.971687,23.726464,settlement," - proxy|t - Macedonian Warmaidens"
1.29.16,Πειραιεῖ,http://pleiades.stoa.org/places/580062,37.937222,23.644609,"theatre,region,settlement,fort"," - "
1.30.1,Ἀθηναῖος,http://pleiades.stoa.org/places/579885,37.971687,23.726464,settlement," - "
1.30.1,Ἀθηναίων,http://pleiades.stoa.org/places/579885,37.971687,23.726464,settlement," - "
1.30.1,Ἀκαδημίαν,http://topostext.org/place/380237SAca,37.992,23.707,NULL," - "
1.30.1,ἀνάθημα,http://topostext.org/binder/JB0162,37.9718,23.72793,NULL," - "
1.30.1,βωμὸν,http://topostext.org/binder/JB0162,37.9718,23.72793,NULL," - "
1.30.1,"βωμὸς Ἔρωτος",http://topostext.org/binder/JB1334,37.992,23.707,NULL," - "
1.30.1,μετοίκοις,http://pleiades.stoa.org/places/579885,37.971687,23.726464,settlement," - proxy|t - enteuthen|t - present|Q385625|s - metoikos|sx: metoikos|tr - nomizōmetoikoi"
1.30.1,μετοίκων,http://pleiades.stoa.org/places/579885,37.971687,23.726464,settlement," - "
1.30.1,πέτρας,http://pleiades.stoa.org/places/638356144,37.971421,23.726166,"acropolis,architecturalcomplex"," - "
1.30.1,πόλει,http://pleiades.stoa.org/places/579885,37.971687,23.726464,settlement," - "
1.30.2,Ἀθηνᾶς,http://topostext.org/binder/JB0513,37.992,23.707,NULL," - built|bomos|Paus|AthenaQ37122"
1.30.2,Ἀκαδημίᾳ,http://dare.ht.lu.se/places/25110,37.9925,23.708056,NULL," - built|sanctuary|Paus1.30.2"
1.30.2,βωμὸς,http://topostext.org/binder/JB2166,37.9686,23.7329,NULL," - "
1.30.2,ἔνδον,http://topostext.org/place/380237SAca,37.992,23.707,NULL," - "
1.30.2,ἐποίησαν,http://pleiades.stoa.org/places/579885,37.971687,23.726464,settlement," - "
1.30.2,ἕτερος,http://topostext.org/binder/JB1589,37.992,23.707,NULL," - "
1.30.2,θέουσιν,http://pleiades.stoa.org/places/579885,37.971687,23.726464,settlement," - "
1.30.2,πόλιν,http://pleiades.stoa.org/places/579885,37.971687,23.726464,settlement," - "
1.30.2,τὸν,http://topostext.org/binder/JB1529,37.992,23.707,NULL," - "
1.30.2,τοῦτο,http://topostext.org/binder/JB2250,37.992,23.707,NULL," - physical|olive tree|f - it is said|Athena|agency1.30.2"
1.30.2,φυτόν,http://topostext.org/binder/JB2250,37.992,23.707,NULL," - "
1.30.3,Ἀκαδημίας,http://topostext.org/place/380237BGAP,37.9911,23.7082,NULL," - built|sanctuary|Paus|l - ou porro1.30.3"
1.30.3,"γῆς τῆς Κελτικῆς",http://pleiades.stoa.org/places/993,44.730982100000006,3.5988981583333333,region," - "
1.30.3,Ἠριδανοῦ,http://pleiades.stoa.org/places/393469,44.952389,12.432028,river," - "
1.30.3,Λίγυσιν,http://pleiades.stoa.org/places/383698,44.22656549434755,9.235707726672372,region," - "
1.30.3,Λιγύων,http://pleiades.stoa.org/places/383698,44.22656549434755,9.235707726672372,region," - "
1.30.3,"Πλάτωνος μνῆμά",http://topostext.org/binder/JB2465,37.992,23.707,NULL," - "
1.30.4,Ἀθηναίοις,http://pleiades.stoa.org/places/579885,37.971687,23.726464,settlement," - "
1.30.4,ἄλσος,http://topostext.org/binder/JB2523,37.995,23.715,NULL," - "
1.30.4,Ἀττικῆς,http://pleiades.stoa.org/places/579888,38.051998833333336,23.818991099999998,region," - "
1.30.4,"βωμὸς Ποσειδῶνος Ἱππίου",http://topostext.org/binder/JB2526,37.995,23.715,NULL," - "
1.30.4,γῆν,http://pleiades.stoa.org/places/579888,38.051998833333336,23.818991099999998,region," - regional|ge|t - Macedonian War|xref - 1.1.11.30.4"
1.30.4,ἔνθα,http://pleiades.stoa.org/places/582869,38.125,23.625,site," - "
1.30.4,ἡρῷον,http://topostext.org/binder/JB2379,37.995,23.715,NULL," - "
1.30.4,"κολωνὸς ἵππιος",http://pleiades.stoa.org/places/582869,38.125,23.625,site," - "
1.30.4,ναὸν,http://topostext.org/binder/JB2523,37.995,23.715,NULL," - "
1.30.4,"Οἰδίποδός τε καὶ Ἀδράστου",http://topostext.org/binder/JB2242,37.995,23.715,NULL," - "
1.30.4,"πύργος Τίμωνος",http://topostext.org/binder/JB2877,37.995,23.715,NULL," - "
1.30.4,χώρας,http://pleiades.stoa.org/places/579888,38.051998833333336,23.818991099999998,region," - regional|chora|Pausnot far from the Academy"
1.31.1,Ἀλιμουσίοις,http://pleiades.stoa.org/places/579941,37.9036115,23.722354,settlement," - "
1.31.1,Ἀναγυρασίοις,http://pleiades.stoa.org/places/579863,37.8300155,23.804843,settlement," - "
1.31.1,Ἀττικῆς,http://pleiades.stoa.org/places/579888,38.051998833333336,23.818991099999998,region," - "
1.31.1,βωμὸς,http://topostext.org/place/378238SApo,37.81,23.7737,NULL," - built|bomos|Paus|Athena|Apollo|Artemis|Letoaltar at Zoster"
1.31.1,ἐνταῦθα,http://topostext.org/place/378238SApo,37.81,23.7737,NULL," - "
1.31.1,Ζωστῆρι,http://pleiades.stoa.org/places/580140,37.800717,23.77335,cape," - "
1.31.1,θαλάσσης,http://pleiades.stoa.org/places/560221,37.42245628773585,25.8829628235849,water-open," - "
1.31.1,Κεφαλῆσι,http://pleiades.stoa.org/places/579971,37.811802,23.996377,settlement," - "
1.31.1,ὀνομάζουσιν,http://pleiades.stoa.org/places/579971,37.811802,23.996377,settlement," - proxy|t - present|focaliser|nx: onomazō1.31.1"
1.31.1,Προσπαλτίοις,http://pleiades.stoa.org/places/580092,37.848447,23.912351,settlement," - "
1.31.1,χωρίῳ,http://topostext.org/place/378238SApo,37.81,23.7737,NULL," - built|chorion|t - theogony|f - they say|n - onomaplace = built environment"
1.31.2,Ἀθηναίους,http://pleiades.stoa.org/places/579885,37.971687,23.726464,settlement," - "
1.31.2,Ἀριμασποῖς,http://pleiades.stoa.org/places/29482,32.5,62.5,unknown," - proxy|t - present|f - it is said|s - ritualQ661584"
1.31.2,Ἀριμασποὺς,http://pleiades.stoa.org/places/29482,32.5,62.5,unknown," - proxy|t - present|f - it is said|s - ritual|i - didōmiQ661584"
1.31.2,Δῆλον,http://pleiades.stoa.org/places/599588,37.397274,25.268194,"architecturalcomplex,sanctuary,monument,island,settlement,plaza"," - "
1.31.2,Δήλου,http://pleiades.stoa.org/places/599588,37.397274,25.268194,"architecturalcomplex,sanctuary,monument,island,settlement,plaza"," - "
1.31.2,Ἑλλήνων,http://pleiades.stoa.org/places/1001896,37.5,22.5,province," - "
1.31.2,ἐνταῦθα,http://pleiades.stoa.org/places/580090,37.8651735,24.0375955,settlement," - "
1.31.2,ἐντεῦθεν,http://pleiades.stoa.org/places/857321,42.0206,35.14885,"settlement,port"," - "
1.31.2,θεωρίαν,http://pleiades.stoa.org/places/579885,37.971687,23.726464,settlement," - "
1.31.2,Ἰσσηδόσι,http://pleiades.stoa.org/places/59853,37.5,92.5,people," - proxy|t - present|f - it is said|s - ritualQ1079061"
1.31.2,Πρασιαῖς,http://pleiades.stoa.org/places/580090,37.8651735,24.0375955,settlement," - "
1.31.2,Πρασιάς,http://pleiades.stoa.org/places/580090,37.8651735,24.0375955,settlement," - "
1.31.2,Πρασιεῦσιν,http://pleiades.stoa.org/places/580090,37.8651735,24.0375955,settlement," - built|deme|Paus1.31.2"
1.31.2,Σινώπην,http://pleiades.stoa.org/places/857321,42.0206,35.14885,"settlement,port"," - "
1.31.2,Σκύθας,http://pleiades.stoa.org/places/1001892,42.5,27.5,province," - proxy|t - present|f - it is said|s - ritual|m - komizōQ"
1.31.2,τούτων,http://pleiades.stoa.org/places/59853,37.5,92.5,people," - proxy|t - present|f - it is said|s - ritualQ1079061"
1.31.3,Ἀθηναίοις,http://pleiades.stoa.org/places/579885,37.971687,23.726464,settlement," - "
1.31.3,Ἀθηναίων,http://pleiades.stoa.org/places/579885,37.971687,23.726464,settlement," - "
1.31.3,αὐτοῦ,http://pleiades.stoa.org/places/580009,37.848698,23.831887,settlement," - "
1.31.3,Ἐλευσινίους,http://pleiades.stoa.org/places/579920,38.041096,23.538311,"sanctuary,settlement"," - "
1.31.3,Λαμπτρέα,http://pleiades.stoa.org/places/580009,37.848698,23.831887,settlement," - "
1.31.3,Λαμπτρεῦσι,http://pleiades.stoa.org/places/580009,37.848698,23.831887,settlement," - "
1.31.3,Ποταμοῖς,http://pleiades.stoa.org/places/580087,37.789855,24.055816,settlement," - "
1.31.3,στασιώταις,http://pleiades.stoa.org/places/579885,37.971687,23.726464,settlement," - proxy|t - heroic age|f - they say|m - feugōsupporters of Kranaos"
1.31.3,χώρας,http://pleiades.stoa.org/places/579888,38.051998833333336,23.818991099999998,region," - regional|chora|Paus1.31.3|chora = land of Attica = territory"
1.31.4,Ἀθμονεῖς,http://pleiades.stoa.org/places/579887,38.055127,23.8115515,settlement," - "
1.31.4,βωμοὶ,http://topostext.org/place/379240SZApM,37.8725,23.9769,NULL," - built|bomos|Paus|Apollo|Artemis|Dionysos|Ismenidai nymphs|Gealtars of gods, Phyla and Myrrhinous"
1.31.4,Μυρρινοῦντι,http://pleiades.stoa.org/places/580030,37.872812,23.9678945,settlement," - "
1.31.4,Μυρρινουσίοις,http://pleiades.stoa.org/places/580030,37.872812,23.9678945,settlement," - "
1.31.4,ναὸς,http://topostext.org/place/379240SPAT,37.87513,23.96523,NULL," - "
1.31.4,ξόανόν,http://arachne.dainst.org/entity/3586069,23.971389,37.869722,NULL," - object|xoanon|Paus|mat - wood|Artemisstatue (wooden), Artemis Kolainis, Myrrhinous"
1.31.4,Φλυεῦσι,http://pleiades.stoa.org/places/580076,38.0262565,23.806835,settlement," - built|deme|Paus1.31.4"
1.31.5,Ἀθηναῖοι,http://pleiades.stoa.org/places/579885,37.971687,23.726464,settlement," - "
1.31.5,Ἀθμονεῦσιν,http://pleiades.stoa.org/places/579887,38.055127,23.8115515,settlement," - "
1.31.5,Ἀμάρυνθος,http://pleiades.stoa.org/places/579859,38.3868,23.9106,settlement," - "
1.31.5,δήμοις,http://pleiades.stoa.org/places/579888,38.051998833333336,23.818991099999998,region," - "
1.31.5,Εὐβοέων,http://pleiades.stoa.org/places/540775,38.53,23.87,island," - "
1.31.5,Εὐβοίᾳ,http://pleiades.stoa.org/places/540775,38.53,23.87,island," - "
1.31.5,Κολαινίδα,http://arachne.dainst.org/entity/3586069,23.971389,37.869722,NULL," - object|statue|analogic|f - narrator|Artemis|n - kaleōepiklesis, Artemis, Kolainis, Q39503|person|statue (wooden), Artemis Kolainis, Myrrhinous"
1.31.5,Μυρρινοῦντι,http://pleiades.stoa.org/places/580030,37.872812,23.9678945,settlement," - "
1.31.5,Μυρρινούσιοι,http://pleiades.stoa.org/places/580030,37.872812,23.9678945,settlement," - proxy|focaliser1.31.5"
1.31.5,πολλοὺς,http://pleiades.stoa.org/places/579888,38.051998833333336,23.818991099999998,region," - "
1.31.5,τιμῶσιν,http://pleiades.stoa.org/places/579859,38.3868,23.9106,settlement," - "
1.31.6,Ἀχαρναὶ,http://pleiades.stoa.org/places/579842,38.08194,23.73147,settlement," - built|deme|Paus1.31.6"
1.31.6,ἐνταῦθα,http://pleiades.stoa.org/places/579842,38.08194,23.73147,settlement," - "
1.31.6,ὀνομάζουσι,http://pleiades.stoa.org/places/579842,38.08194,23.73147,settlement," - "
1.31.6,τιμῶσιν,http://pleiades.stoa.org/places/579842,38.08194,23.73147,settlement," - "
1.32.1,Ἀθηναίοις,http://pleiades.stoa.org/places/579885,37.971687,23.726464,settlement," - "
1.32.1,Ἀλαζώνων,http://pleiades.stoa.org/places/226513,47.5,31.5,unknown," - "
1.32.1,Ἀλαζῶσι,http://pleiades.stoa.org/places/226513,47.5,31.5,unknown," - "
1.32.1,ἔχουσιν,http://pleiades.stoa.org/places/226513,47.5,31.5,unknown," - "
1.32.1,λιθοτομίαι,http://pleiades.stoa.org/places/963101134,38.080671,23.870608,mine," - "
1.32.1,ὃς,http://pleiades.stoa.org/places/579955,37.9462237,23.8154066,mountain," - "
1.32.1,παρεχομένη,http://pleiades.stoa.org/places/580059,38.1752735,23.7186181,mountain," - "
1.32.1,Πάρνης,http://pleiades.stoa.org/places/580059,38.1752735,23.7186181,mountain," - "
1.32.1,Πεντελικὸν,http://pleiades.stoa.org/places/580065,38.0814366,23.8827098,mountain," - "
1.32.1,Ὑμηττὸς,http://pleiades.stoa.org/places/579955,37.9462237,23.8154066,mountain," - "
1.32.1,χώρας,http://pleiades.stoa.org/places/579888,38.051998833333336,23.818991099999998,region," - "
1.32.2,ἄγαλμά,http://arachne.dainst.org/entity/3586071,37.94646,23.81654,NULL," - object|agalma|synoptic|Zeusstatue, Zeus Hymettios, Mount Hymettos"
1.32.2,ἄγαλμα,http://topostext.org/binder/JB2980,37.9763,23.736,NULL," - object|agalma|synoptic|Zeus1.32.2"
1.32.2,Ἀγχεσμὸς,http://pleiades.stoa.org/places/579868,38.125,23.875,mountain," - "
1.32.2,Ἀθηνᾶς,http://arachne.dainst.org/entity/3586070,38.08092,23.88291,NULL," - object|agalma|synoptic|AthenaAthena, Q37122|person|statue, Athena Penteli, Mount Pentilikon"
1.32.2,αὐτοῦ,http://topostext.org/place/382237SZeu,38.1741,23.7175,NULL," - "
1.32.2,βωμοὶ,http://topostext.org/place/379238SOmb,37.95247,23.81707,NULL," - "
1.32.2,βωμός,http://topostext.org/place/382237SZeu,38.1741,23.7175,NULL," - "
1.32.2,θύουσι,http://pleiades.stoa.org/places/579885,37.971687,23.726464,settlement," - "
1.32.2,καλοῦντες,http://pleiades.stoa.org/places/579885,37.971687,23.726464,settlement," - "
1.32.2,Πάρνηθι,http://pleiades.stoa.org/places/580059,38.1752735,23.7186181,mountain," - "
1.32.2,Πεντελῆσι,http://pleiades.stoa.org/places/580065,38.0814366,23.8827098,mountain," - physical|oros|synoptic1.32.2"
1.32.2,Προοψίου,http://topostext.org/place/379238SPro,37.9162,23.81466,NULL," - "
1.32.2,Ὑμηττῷ,http://pleiades.stoa.org/places/579955,37.9462237,23.8154066,mountain," - "
1.32.2,χαλκοῦς,http://arachne.dainst.org/entity/3586072,38.53528,22.62188,NULL," - object|statue|synoptic|mat - chalkos|Zeusstatue, Zeus Parnethios, Mount Parnes"
1.32.3,Ἀθηναίων,http://pleiades.stoa.org/places/579885,37.971687,23.726464,settlement," - "
1.32.3,ἀποθανόντων,http://pleiades.stoa.org/places/579885,37.971687,23.726464,settlement," - "
1.32.3,ἀπώλεσαν,http://pleiades.stoa.org/places/922698,30.5,51.5,unknown," - "
1.32.3,Ἀττικῆς,http://pleiades.stoa.org/places/579888,38.051998833333336,23.818991099999998,region," - "
1.32.3,αὐτῷ,http://topostext.org/place/381240GSor,38.1179,23.9783,NULL," - "
1.32.3,βάρβαροι,http://pleiades.stoa.org/places/922698,30.5,51.5,unknown," - "
1.32.3,Βοιωτῶν,http://pleiades.stoa.org/places/540689,38.34668803333333,23.184677533333332,region," - "
1.32.3,δήμους,http://pleiades.stoa.org/places/579888,38.051998833333336,23.818991099999998,region," - regional|deme|synoptic|Px: Periegesis|f - narratordemes as territory (Attica)"
1.32.3,ἕτερος,http://topostext.org/place/381239GPla,38.1232,23.949,NULL," - "
1.32.3,Εὐβοίᾳ,http://pleiades.stoa.org/places/540775,38.53,23.87,island," - "
1.32.3,Καρύστου,http://pleiades.stoa.org/places/570336,38.0165,24.4204,settlement," - "
1.32.3,Μαραθὼν,http://pleiades.stoa.org/places/580021,38.1465515,23.970146,settlement," - "
1.32.3,πεδίῳ,http://topostext.org/place/381241LMaB,38.144,24.0002,NULL," - "
1.32.3,Πλαταιεῦσι,http://pleiades.stoa.org/places/541063,38.221019,23.273866,settlement," - "
1.32.3,πόλεως,http://pleiades.stoa.org/places/579885,37.971687,23.726464,settlement," - "
1.32.3,ταύτῃ,http://pleiades.stoa.org/places/580021,38.1465515,23.970146,settlement," - built|deme|t - Persian Warbattle"
1.32.3,τάφος,http://pleiades.stoa.org/places/580106,38.1178,23.97855,tumulus," - "
1.32.4,Ἀθηναίοις,http://pleiades.stoa.org/places/579885,37.971687,23.726464,settlement," - "
1.32.4,ἀνδρῶν,http://pleiades.stoa.org/places/579885,37.971687,23.726464,settlement," - proxy|t - present|i - macheōmen on both sides"
1.32.4,δήμῳ,http://pleiades.stoa.org/places/580021,38.1465515,23.970146,settlement," - "
1.32.4,Ἑλλήνων,http://pleiades.stoa.org/places/1001896,37.5,22.5,province," - "
1.32.4,ἐνταῦθα,http://topostext.org/place/381241LMaB,38.144,24.0002,NULL," - physical|plain|t - presentbattlefield"
1.32.4,Μαραθώνιοι,http://pleiades.stoa.org/places/580021,38.1465515,23.970146,settlement," - "
1.32.4,μάχην,http://topostext.org/place/381241LMaB,38.144,24.0002,NULL," - physical|plain|t - Persian Warbattle, mache"
1.32.4,"οἳ παρὰ τὴν μάχην ἀπέθανον",http://pleiades.stoa.org/places/579885,37.971687,23.726464,settlement," - "
1.32.4,Πάρου,http://pleiades.stoa.org/places/599868,37.03613,25.19093,island," - "
1.32.4,πρώτοις,http://pleiades.stoa.org/places/580021,38.1465515,23.970146,settlement," - "
1.32.5,Ἀθηναῖοι,http://pleiades.stoa.org/places/579885,37.971687,23.726464,settlement," - "
1.32.5,Ἀθηναίοις,http://pleiades.stoa.org/places/579885,37.971687,23.726464,settlement," - "
1.32.5,βαρβάρων,http://pleiades.stoa.org/places/922698,30.5,51.5,unknown," - "
1.32.5,θάψαι,http://pleiades.stoa.org/places/579885,37.971687,23.726464,settlement," - "
1.32.5,θεὸς,http://topostext.org/place/385225SDel,38.48264,22.50108,NULL," - "
1.32.5,λέγουσιν,http://pleiades.stoa.org/places/580021,38.1465515,23.970146,settlement," - proxy|focaliser1.32.5"
1.32.5,Μήδους,http://pleiades.stoa.org/places/922698,30.5,51.5,unknown," - "
1.32.5,σφᾶς,http://pleiades.stoa.org/places/922698,30.5,51.5,unknown," - proxy|t - Persian War|f - narrator1.32.5"
1.32.5,τιμᾶν,http://pleiades.stoa.org/places/579885,37.971687,23.726464,settlement," - "
1.32.5,τρόπαιον,http://topostext.org/place/381241SNik,38.1409,24.0002,NULL," - "
1.32.5,φέροντες,http://pleiades.stoa.org/places/579885,37.971687,23.726464,settlement," - "
1.32.6,Ἀθηναίοις,http://pleiades.stoa.org/places/579885,37.971687,23.726464,settlement," - "
1.32.6,Ἀθηναίους,http://pleiades.stoa.org/places/579885,37.971687,23.726464,settlement," - "
1.32.6,Ἀθήνας,http://pleiades.stoa.org/places/579885,37.971687,23.726464,settlement," - "
1.32.6,Μακαρία,http://topostext.org/place/382240WMak,38.1601,24.0058,NULL," - "
1.32.6,Μαραθῶνι,http://topostext.org/place/381241LMaB,38.144,24.0002,NULL," - physical|plain|Paus1.32.6"
1.32.6,Πελοποννησίοις,http://pleiades.stoa.org/places/570577,37.25289777692308,22.312752688461543,"peninsula,region"," - "
1.32.6,πηγῇ,http://topostext.org/place/382240WMak,38.1601,24.0058,NULL," - "
1.32.6,Τίρυνθος,http://pleiades.stoa.org/places/570740,37.59918,22.80004,settlement," - "
1.32.6,Τραχίνιος,http://pleiades.stoa.org/places/541157,38.790767,22.442503,settlement," - proxy|t - heroic age|f - they say|i - pempōKeyx"
1.32.6,Τραχῖνος,http://pleiades.stoa.org/places/541157,38.790767,22.442503,settlement," - "
1.32.6,χρησμὸν,http://topostext.org/place/385225SDel,38.48264,22.50108,NULL," - "
1.32.7,αὐτὸ,http://topostext.org/place/382239CPan,38.159,23.9314,NULL," - "
1.32.7,βάρβαροι,http://pleiades.stoa.org/places/922698,30.5,51.5,unknown," - "
1.32.7,Μαραθῶνι,http://topostext.org/place/381241LMaB,38.144,24.0002,NULL," - physical|plain|Paus1.32.7"
1.32.7,πεδίου,http://topostext.org/place/381241LMaB,38.144,24.0002,NULL," - "
1.32.7,πέλαγος,http://pleiades.stoa.org/places/560221,37.42245628773585,25.8829628235849,water-open," - "
1.32.7,σπήλαιον,http://topostext.org/place/382239CPan,38.159,23.9314,NULL," - "
1.33.1,Ἀθήνας,http://pleiades.stoa.org/places/579885,37.971687,23.726464,settlement," - "
1.33.1,Ἄργος,http://pleiades.stoa.org/places/570106,37.631561,22.719464,settlement," - "
1.33.1,αὐτόθι,http://pleiades.stoa.org/places/579879,37.926189,23.9937505,"sanctuary,temple-2"," - "
1.33.1,βαρβάρων,http://pleiades.stoa.org/places/226779,44.5,33.5,unknown," - "
1.33.1,Βραυρών,http://pleiades.stoa.org/places/579879,37.926189,23.9937505,"sanctuary,temple-2"," - "
1.33.1,ἔνθα,http://pleiades.stoa.org/places/579879,37.926189,23.9937505,"sanctuary,temple-2"," - "
1.33.1,Μαραθῶνος,http://pleiades.stoa.org/places/580021,38.1465515,23.970146,settlement," - built|deme|Paus|l - apechei1.33.1"
1.33.1,ξόανον,http://arachne.dainst.org/entity/3586028,37.926132,23.993808,NULL," - object|xoanon|Paus|s - archaios|mat - wood|Artemisstatue (wooden), Artemis, Temple of Artemis Brauronia, Brauron"
1.33.1,Ταύρων,http://pleiades.stoa.org/places/226779,44.5,33.5,unknown," - "
1.33.1,ταύτῃ,http://pleiades.stoa.org/places/579879,37.926189,23.9937505,"sanctuary,temple-2"," - "
1.33.2,Ἀθήνας,http://pleiades.stoa.org/places/579885,37.971687,23.726464,settlement," - "
1.33.2,βαρβάρων,http://pleiades.stoa.org/places/922698,30.5,51.5,unknown," - "
1.33.2,ἦγον,http://pleiades.stoa.org/places/922698,30.5,51.5,unknown," - "
1.33.2,θάλασσαν,http://pleiades.stoa.org/places/560221,37.42245628773585,25.8829628235849,water-open," - "
1.33.2,θαλάσσῃ,http://pleiades.stoa.org/places/560221,37.42245628773585,25.8829628235849,water-open," - "
1.33.2,θαλάσσης,http://pleiades.stoa.org/places/560221,37.42245628773585,25.8829628235849,water-open," - "
1.33.2,ἱερόν,http://pleiades.stoa.org/places/580034,38.222727,24.028009,"sanctuary,settlement"," - built|hieron|Paus|Nemesissanctuary"
1.33.2,καταφρονήσαντες,http://pleiades.stoa.org/places/922698,30.5,51.5,unknown," - "
1.33.2,Μαραθῶνα,http://topostext.org/place/381241LMaB,38.144,24.0002,NULL," - physical|plain|t - Persian War|f - it seemsbattlefield"
1.33.2,Μαραθῶνος,http://pleiades.stoa.org/places/580021,38.1465515,23.970146,settlement," - built|deme|Paus|l - stades|l - apechei1.33.2"
1.33.2,οἰκήσεις,http://pleiades.stoa.org/places/580097,38.222727,24.028009,"sanctuary,settlement"," - "
1.33.2,Πάριον,http://pleiades.stoa.org/places/599868,37.03613,25.19093,island," - proxy|object|lithos|t - Persian War|mat - marble|mat - lithosParian stone (=marble) to make a tropaion"
1.33.2,ποίησιν,http://pleiades.stoa.org/places/922698,30.5,51.5,unknown," - proxy|t - Persian War|f - Persians|b - poein|x - not1.33.2"
1.33.2,Ῥαμνοῦς,http://pleiades.stoa.org/places/580097,38.222727,24.028009,"sanctuary,settlement"," - "
1.33.2,τροπαίου,http://topostext.org/place/381241LMaB,38.144,24.0002,NULL," - "
1.33.2,Ὠρωπόν,http://pleiades.stoa.org/places/580044,38.291099,23.846116,"temple-2,spring,port,sanctuary,settlement"," - "
1.33.3,Αἰθίοπας,http://pleiades.stoa.org/places/334481,32.5,3.5,region," - "
1.33.3,Αἰθίοπες,http://pleiades.stoa.org/places/334481,32.5,3.5,region," - "
1.33.3,αὐτῷ,http://pleiades.stoa.org/places/845,42.97665274736841,-7.072833872807018,water-open," - "
1.33.3,λίθον,http://pleiades.stoa.org/places/599868,37.03613,25.19093,island," - "
1.33.3,σφᾶς,http://pleiades.stoa.org/places/334481,32.5,3.5,region," - "
1.33.3,Ὠκεανόν,http://pleiades.stoa.org/places/845,42.97665274736841,-7.072833872807018,water-open," - f - they say1.33.3"
1.33.3,Ὠκεανόν,http://pleiades.stoa.org/places/845,42.97665274736841,-7.072833872807018,water-open," - "
1.33.4,Αἰθιοπικὸν,http://pleiades.stoa.org/places/334481,32.5,3.5,region," - "
1.33.4,Αἰθιόπων,http://pleiades.stoa.org/places/39274,14.125005,38.721522,unknown," - "
1.33.4,Βρεττανῶν,http://pleiades.stoa.org/places/20419,53.826,-2.422,island," - "
1.33.4,δικαιότατοι,http://pleiades.stoa.org/places/334481,32.5,3.5,region," - "
1.33.4,Ἐρυθρὰν,http://pleiades.stoa.org/places/39290,19.0,39.5,water-open," - "
1.33.4,θαλάσσῃ,http://pleiades.stoa.org/places/845,42.97665274736841,-7.072833872807018,water-open," - "
1.33.4,Ἴβηρες,http://pleiades.stoa.org/places/246423,41.5,0.5,people," - "
1.33.4,Ἰχθυοφάγοι,http://pleiades.stoa.org/places/766372,26.75,33.75,"labeled feature"," - "
1.33.4,Ἰχθυοφάγων,http://pleiades.stoa.org/places/766372,26.75,33.75,"labeled feature"," - "
1.33.4,Κελτοί,http://pleiades.stoa.org/places/993,44.730982100000006,3.5988981583333333,region," - "
1.33.4,κόλπος,http://pleiades.stoa.org/places/766372,26.75,33.75,"labeled feature"," - "
1.33.4,Μερόην,http://pleiades.stoa.org/places/805630,16.94,33.75,settlement," - "
1.33.4,Νεῖλος,http://pleiades.stoa.org/places/727172,19.211408766666665,30.567329633333333,river," - physical|potamos|f - narrator1.33.4"
1.33.4,οὗτοι,http://pleiades.stoa.org/places/334481,32.5,3.5,region," - "
1.33.4,Συήνης,http://pleiades.stoa.org/places/786123,24.08292,32.89066,settlement," - "
1.33.4,σφισιν,http://pleiades.stoa.org/places/334481,32.5,3.5,region," - "
1.33.4,Ὠκεανὸς,http://pleiades.stoa.org/places/845,42.97665274736841,-7.072833872807018,water-open," - "
1.33.4,Ὠκεανῷ,http://pleiades.stoa.org/places/845,42.97665274736841,-7.072833872807018,water-open," - physical|river|f - narrator|x - not1.33.4"
1.33.5,Αἰθίοπες,http://pleiades.stoa.org/places/334481,32.5,3.5,region," - "
1.33.5,Αἰθίοψιν,http://pleiades.stoa.org/places/334481,32.5,3.5,region," - "
1.33.5,Ἄτλαντας,http://pleiades.stoa.org/places/373861,30.5,20.5,people," - "
1.33.5,Ἄτλαντι,http://pleiades.stoa.org/places/846,31.0597925,-7.9149035,mountain," - "
1.33.5,Λιβύων,http://pleiades.stoa.org/places/716588,31.5,26.5,region," - "
1.33.5,Λιξίτας,http://pleiades.stoa.org/places/275666,35.199807,-6.11021,"amphitheatre,settlement"," - "
1.33.5,Μαύροις,http://pleiades.stoa.org/places/1119,32.5,-2.5,unknown," - proxy|f - narrator|tribe1.33.5"
1.33.5,Νασαμῶνες,http://pleiades.stoa.org/places/373861,30.5,20.5,people," - "
1.33.5,Νασαμώνων,http://pleiades.stoa.org/places/373861,30.5,20.5,people," - "
1.33.5,Νασαμῶσίν,http://pleiades.stoa.org/places/373861,30.5,20.5,people," - "
1.33.5,Ὠκεανῷ,http://pleiades.stoa.org/places/845,42.97665274736841,-7.072833872807018,water-open," - physical|potamos|f - narrator|x - not1.33.5"
1.33.6,Αἰγυπτίοις,http://pleiades.stoa.org/places/981503,19.211408766666665,30.567329633333333,region," - "
1.33.6,Ἄτλαντος,http://pleiades.stoa.org/places/846,31.0597925,-7.9149035,mountain," - "
1.33.6,Ἄτλας,http://pleiades.stoa.org/places/846,31.0597925,-7.9149035,mountain," - "
1.33.6,Νασαμῶνας,http://pleiades.stoa.org/places/373861,30.5,20.5,people," - "
1.33.6,Νεῖλον,http://pleiades.stoa.org/places/727172,19.211408766666665,30.567329633333333,river," - "
1.33.6,πέλαγος,http://pleiades.stoa.org/places/845,42.97665274736841,-7.072833872807018,water-open," - "
1.33.7,Ἕλληνες,http://pleiades.stoa.org/places/1001896,37.5,22.5,province," - "
1.33.7,ξόανα,http://arachne.dainst.org/entity/3586075,38.41273,27.13838,NULL," - object|xoanon|analogic|s - hagios|s - archaios|mat - wood|Nemesisstatue (wooden), Nemesis, Smyrna"
1.33.7,οὗτοι,http://pleiades.stoa.org/places/1001896,37.5,22.5,province," - "
1.33.7,Σμυρναίοις,http://pleiades.stoa.org/places/550893,38.41905,27.1383,settlement," - "
1.33.8,"Ἀγαμέμνων καὶ Μενέλαος καὶ Πύρρος",http://arachne.dainst.org/entity/1170598,38.222611,24.027223,NULL," - object|statue|Paus|b - Pheidias|Nemesis|agencystatue, Agamemnon and Menelaos and Pyrrhos, sanctuary of Nemesis, Rhamnous"
1.33.8,δήμῳ,http://topostext.org/place/382239DOin,38.156,23.9327,NULL," - built|deme|f - narrator1.33.8"
1.33.8,"Ἑλένην ὑπὸ Λήδας ἀγομένην παρὰ τὴν Νέμεσιν",http://arachne.dainst.org/entity/1170631,38.222611,24.027223,NULL," - object|statue|Paus|b - Pheidias|Nemesis|agencystatue, Helen, sanctuary of Nemesis, Rhamnous"
1.33.8,"Ἑρμιόνην τὴν Ἑλένης γυναῖκα",http://arachne.dainst.org/entity/1170599,38.222611,24.027223,NULL," - object|statue|Paus|b - Pheidias|Nemesis|agencystatue, Hermione, sanctuary of Nemesis, Rhamnous"
1.33.8,ἵππῳ,http://arachne.dainst.org/entity/1170594,38.222611,24.027223,NULL," - object|statue|Paus|b - Pheidiasstatue, horse, sanctuary of Nemesis, Rhamnous"
1.33.8,"Τυνδάρεών τε καὶ τοὺς παῖδας καὶ ἄνδρα",http://arachne.dainst.org/entity/1170597,38.222611,24.027223,NULL," - object|statue|Paus|b - Pheidias|Nemesis|agencystatue, Tyndareos, sanctuary of Nemesis, Rhamnous"
1.34.1,Ἀθηναῖοι,http://pleiades.stoa.org/places/579885,37.971687,23.726464,settlement," - "
1.34.1,Ἀττικῆς,http://pleiades.stoa.org/places/579888,38.051998833333336,23.818991099999998,region," - "
1.34.1,αὐτῆς,http://pleiades.stoa.org/places/580044,38.291099,23.846116,"temple-2,spring,port,sanctuary,settlement"," - regional|land|t - pre-Macedonian Warland as territory"
1.34.1,Βοιωτίαν,http://pleiades.stoa.org/places/540689,38.34668803333333,23.184677533333332,region," - "
1.34.1,θαλάσσης,http://pleiades.stoa.org/places/560221,37.42245628773585,25.8829628235849,water-open," - "
1.34.1,Θήβας,http://pleiades.stoa.org/places/541138,38.318092,23.255096,"sanctuary,settlement"," - "
1.34.1,ἱερὸν,http://pleiades.stoa.org/places/71107898,38.290623,23.844643,"sanctuary,temple-2"," - "
1.34.1,οὖσαν,http://pleiades.stoa.org/places/580044,38.291099,23.846116,"temple-2,spring,port,sanctuary,settlement"," - regional|land|t - heroic age|t - ex arches|s - arche|agencyland as territory"
1.34.1,πολεμήσαντες,http://pleiades.stoa.org/places/579885,37.971687,23.726464,settlement," - "
1.34.1,πόλεως,http://pleiades.stoa.org/places/580044,38.291099,23.846116,"temple-2,spring,port,sanctuary,settlement"," - "
1.34.1,πόλις,http://pleiades.stoa.org/places/580044,38.291099,23.846116,"temple-2,spring,port,sanctuary,settlement"," - "
1.34.1,σφισιν,http://pleiades.stoa.org/places/579885,37.971687,23.726464,settlement," - "
1.34.1,Ταναγρικῆς,http://pleiades.stoa.org/places/580114,38.309371,23.587064,settlement," - "
1.34.1,Ὠρωπίαν,http://pleiades.stoa.org/places/580044,38.291099,23.846116,"temple-2,spring,port,sanctuary,settlement"," - regional|ge|Paus|t - eph hemon1.34.1|land as territory"
1.34.2,ἄγαλμα,http://topostext.org/binder/JB0134,37.97614,23.72249,NULL," - object|agalma|Paus|mat - marble|Amphiaraos|mat - lithos1.34.2|lithos leukos"
1.34.2,Ἅρμα,http://pleiades.stoa.org/places/540805,38.388352,23.486691,settlement," - "
1.34.2,Βοιωτῶν,http://pleiades.stoa.org/places/540689,38.34668803333333,23.184677533333332,region," - "
1.34.2,γῆν,http://pleiades.stoa.org/places/579888,38.051998833333336,23.818991099999998,region," - physical|ge|t - heroic age|f - it is said|ix - dechomai|m - diistēmi|agencyemphasis on the earth"
1.34.2,Ἐλεοῦς,http://pleiades.stoa.org/places/501411,40.051661,26.220385,settlement," - "
1.34.2,Ἕλληνες,http://pleiades.stoa.org/places/1001896,37.5,22.5,province," - "
1.34.2,Ἕλλησι,http://pleiades.stoa.org/places/1001896,37.5,22.5,province," - "
1.34.2,Θηβῶν,http://pleiades.stoa.org/places/541138,38.318092,23.255096,"sanctuary,settlement"," - "
1.34.2,Λεβάδεια,http://pleiades.stoa.org/places/540907,38.431063,22.87352,settlement," - "
1.34.2,ναός,http://pleiades.stoa.org/places/71107898,38.290623,23.844643,"sanctuary,temple-2"," - "
1.34.2,πόλεις,http://pleiades.stoa.org/places/1001896,37.5,22.5,province," - "
1.34.2,ταύτῃ,http://pleiades.stoa.org/places/71107898,38.290623,23.844643,"sanctuary,temple-2"," - "
1.34.2,Χαλκίδα,http://pleiades.stoa.org/places/540703,38.464,23.602,settlement," - "
1.34.2,Χερρονήσῳ,http://pleiades.stoa.org/places/501386,40.33333,26.5,peninsula," - "
1.34.2,Ὠρωπίοις,http://pleiades.stoa.org/places/580044,38.291099,23.846116,"temple-2,spring,port,sanctuary,settlement"," - "
1.34.3,Ἀχελῴῳ,http://pleiades.stoa.org/places/530768,38.3388321,21.1067111,river," - physical|potamosriver god|person"
1.34.3,βωμὸς,http://topostext.org/binder/JB0140,37.9718,23.72793,NULL," - "
1.34.3,Κηφισῷ,http://topostext.org/place/379237WKep,37.9442,23.6723,NULL," - physical|potamosriver god|person"
1.34.3,Κιλικίας,http://pleiades.stoa.org/places/658440,36.25,33.25,region," - "
1.34.3,Μαλλῷ,http://pleiades.stoa.org/places/648702,36.756188,35.4852,settlement," - "
1.34.3,πόλει,http://pleiades.stoa.org/places/579885,37.971687,23.726464,settlement," - "
1.34.3,τινά,http://pleiades.stoa.org/places/71107898,38.290623,23.844643,"sanctuary,temple-2"," - "
1.34.4,Ἀργείων,http://pleiades.stoa.org/places/570106,37.631561,22.719464,settlement," - "
1.34.4,Θήβας,http://pleiades.stoa.org/places/541138,38.318092,23.255096,"sanctuary,settlement"," - "
1.34.4,θύοντες,http://pleiades.stoa.org/places/580044,38.291099,23.846116,"temple-2,spring,port,sanctuary,settlement"," - "
1.34.4,Κνώσσιος,http://pleiades.stoa.org/places/589872,35.297847,25.163106,"settlement,architecturalcomplex"," - "
1.34.4,ναοῦ,http://pleiades.stoa.org/places/540628,38.291099,23.846116,"temple-2,spring,port,sanctuary,settlement"," - "
1.34.4,Ὠρωπίοις,http://pleiades.stoa.org/places/580044,38.291099,23.846116,"temple-2,spring,port,sanctuary,settlement"," - proxy1.34.4"
1.35.1,Ἀθηναίοις,http://pleiades.stoa.org/places/579885,37.971687,23.726464,settlement," - "
1.35.1,ἄλλη,http://pleiades.stoa.org/places/579945,37.678,24.116,island," - "
1.35.1,Ἀττικὴν,http://pleiades.stoa.org/places/579888,38.051998833333336,23.818991099999998,region," - "
1.35.1,αὐτὴν,http://pleiades.stoa.org/places/580060,37.625,23.875,island," - "
1.35.1,Ἰλίου,http://pleiades.stoa.org/places/550595,39.9577,26.23873,settlement," - "
1.35.1,νήσῳ,http://pleiades.stoa.org/places/579945,37.678,24.116,island," - physical|nesos|t - heroic age|f - narrator|n - onoma1.35.1"
1.35.1,Πατρόκλου,http://pleiades.stoa.org/places/580060,37.625,23.875,island," - "
1.35.1,Σουνίου,http://pleiades.stoa.org/places/580108,37.625,24.125,cape," - "
1.35.1,ταύτην,http://pleiades.stoa.org/places/579945,37.678,24.116,island," - "
1.35.1,χώρας,http://pleiades.stoa.org/places/579888,38.051998833333336,23.818991099999998,region," - regional|chora|synoptic|l - ou porrochora = land of Attica = territory"
1.35.2,Ἀθηναῖοι,http://pleiades.stoa.org/places/579885,37.971687,23.726464,settlement," - "
1.35.2,Ἀθηναίοις,http://pleiades.stoa.org/places/579885,37.971687,23.726464,settlement," - "
1.35.2,Ἀθηναῖον,http://pleiades.stoa.org/places/579885,37.971687,23.726464,settlement," - proxy|t - heroic age|f - they sayPhilaios"
1.35.2,Αἰγινήτας,http://pleiades.stoa.org/places/579853,37.74991,23.42372,"island,settlement,temple-2"," - "
1.35.2,αὐτῶν,http://pleiades.stoa.org/places/579885,37.971687,23.726464,settlement," - "
1.35.2,ἐθελοκακῆσαι,http://pleiades.stoa.org/places/580100,37.947768,23.5314735,settlement," - "
1.35.2,Ἐλευσῖνα,http://pleiades.stoa.org/places/579920,38.041096,23.538311,"sanctuary,settlement"," - "
1.35.2,ἐνδοῦναι,http://pleiades.stoa.org/places/580100,37.947768,23.5314735,settlement," - "
1.35.2,ἐπώμοσαν,http://pleiades.stoa.org/places/579885,37.971687,23.726464,settlement," - "
1.35.2,ᾕρητο,http://pleiades.stoa.org/places/579885,37.971687,23.726464,settlement," - "
1.35.2,καταγνόντες,http://pleiades.stoa.org/places/579885,37.971687,23.726464,settlement," - "
1.35.2,κατέγνωσαν,http://pleiades.stoa.org/places/579885,37.971687,23.726464,settlement," - "
1.35.2,Μακεδόσιν,http://pleiades.stoa.org/places/981531,42.5,22.5,province," - "
1.35.2,Μεγαρικήν,http://topostext.org/place/380233PMeg,37.997,23.34285,NULL," - "
1.35.2,νῆσον,http://pleiades.stoa.org/places/580101,37.93,23.51,island," - "
1.35.2,νήσῳ,http://pleiades.stoa.org/places/580101,37.93,23.51,island," - "
1.35.2,πόλιν,http://pleiades.stoa.org/places/580100,37.947768,23.5314735,settlement," - "
1.35.2,Σαλαμῖνα,http://pleiades.stoa.org/places/580100,37.947768,23.5314735,settlement," - "
1.35.2,Σαλαμινίοις,http://pleiades.stoa.org/places/580100,37.947768,23.5314735,settlement," - proxy|t - Macedonian War1.35.2"
1.35.2,Σαλαμινίους,http://pleiades.stoa.org/places/580100,37.947768,23.5314735,settlement," - "
1.35.2,Σαλαμὶς,http://pleiades.stoa.org/places/580101,37.93,23.51,island," - physical|island|synoptic|xm - keimai|agency1.35.2"
1.35.2,σφᾶς,http://pleiades.stoa.org/places/579885,37.971687,23.726464,settlement," - "
1.35.3,ἄγαλμα,http://arachne.dainst.org/entity/3586076,37.96427,23.49649,NULL," - object|agalma|Paus|mat - ebenos|mat - xylos|Aiasstatue, Aias, temple of Aias, Salamis"
1.35.3,Ἀθηναίοις,http://pleiades.stoa.org/places/579885,37.971687,23.726464,settlement," - "
1.35.3,Ἀθήναις,http://pleiades.stoa.org/places/579885,37.971687,23.726464,settlement," - "
1.35.3,Αὐλίδα,http://pleiades.stoa.org/places/579889,38.4335,23.5925,settlement," - "
1.35.3,βωμός,http://topostext.org/binder/JB1388,37.9748,23.7199,NULL," - "
1.35.3,Ἑλλήνων,http://pleiades.stoa.org/places/1001896,37.5,22.5,province," - proxy|t - heroic age|f - they say1.35.3"
1.35.3,λιμένος,http://topostext.org/place/379235HSal,37.95001,23.5397,NULL," - "
1.35.3,παίδων,http://pleiades.stoa.org/places/580101,37.93,23.51,island," - proxy|t - heroic age|f - they say|m - pleōAias and Teukros"
1.35.3,Σαλαμῖνι,http://pleiades.stoa.org/places/580101,37.93,23.51,island," - island|built|PausPausanias describing the built environment"
1.35.4,Αἰολέων,http://pleiades.stoa.org/places/550406,38.846442875,26.950801749999997,region," - "
1.35.4,γῇ,http://pleiades.stoa.org/places/580101,37.93,23.51,island," - "
1.35.4,Ἴλιον,http://pleiades.stoa.org/places/550595,39.9577,26.23873,settlement," - "
1.35.4,Μυσὸς,http://pleiades.stoa.org/places/550759,39.13112815791898,27.184419878077563,"labeled feature"," - proxy|focaliser|s - exēgētēsa man from Mysia|1.35.4"
1.35.4,Σαλαμῖνα,http://pleiades.stoa.org/places/580101,37.93,23.51,island," - built|island|Paus1.35.4"
1.35.5,Αἰγυπτίων,http://pleiades.stoa.org/places/981503,19.211408766666665,30.567329633333333,region," - "
1.35.5,θάλασσαν,http://pleiades.stoa.org/places/560221,37.42245628773585,25.8829628235849,water-open," - "
1.35.5,Καβαρεῖς,http://pleiades.stoa.org/places/148042,43.75,4.75,people," - "
1.35.5,Κελτῶν,http://pleiades.stoa.org/places/993,44.730982100000006,3.5988981583333333,region," - "
1.35.6,αὐτῆς,http://pleiades.stoa.org/places/599746,37.75,27.25,island," - "
1.35.6,Λάδη,http://pleiades.stoa.org/places/599746,37.75,27.25,island," - "
1.35.6,Ληθαίῳ,http://pleiades.stoa.org/places/599765,37.75,27.25,river," - "
1.35.6,Μάγνησι,http://pleiades.stoa.org/places/550706,37.8507,27.52785,settlement," - proxy|analogic1.35.6"
1.35.6,"Μιλησίοις πρὸ τῆς πόλεως",http://pleiades.stoa.org/places/599799,37.5292362,27.2774885,"theatre,settlement,port"," - "
1.35.6,Ὀλυμπίᾳ,http://pleiades.stoa.org/places/570531,37.637849,21.630126,"palaistra,sanctuary,temple-2"," - "
1.35.7,ἐκάλουν,http://pleiades.stoa.org/places/550701,38.624771249999995,27.9632845,region," - "
1.35.7,ἐνταῦθα,http://pleiades.stoa.org/places/609549,38.682301,29.40818999999999,settlement," - "
1.35.7,Λυδίας,http://pleiades.stoa.org/places/550701,38.624771249999995,27.9632845,region," - "
1.35.7,πολλοὺς,http://pleiades.stoa.org/places/550701,38.624771249999995,27.9632845,region," - "
1.35.7,"Τημένου θύραι",http://pleiades.stoa.org/places/609549,38.682301,29.40818999999999,settlement," - "
1.35.7,Ὠκεανὸν,http://pleiades.stoa.org/places/845,42.97665274736841,-7.072833872807018,water-open," - physical|potamosriver, Temenouthyrai"
1.35.8,Γαδείροις,http://pleiades.stoa.org/places/256177,36.528381,-6.294444,"arch,theatre,townhouse,settlement"," - "
1.35.8,Λυδῶν,http://pleiades.stoa.org/places/550701,38.624771249999995,27.9632845,region," - "
1.35.8,ποταμὸς,http://pleiades.stoa.org/places/550583,38.75,28.25,river," - "
1.35.8,ποταμοῦ,http://pleiades.stoa.org/places/550583,38.75,28.25,river," - "
1.35.8,σφισιν,http://pleiades.stoa.org/places/550701,38.624771249999995,27.9632845,region," - "
1.36.1,Ἀθηναίοις,http://pleiades.stoa.org/places/579885,37.971687,23.726464,settlement," - "
1.36.1,Ἀθηναίων,http://pleiades.stoa.org/places/579885,37.971687,23.726464,settlement," - "
1.36.1,Ἕλλησι,http://pleiades.stoa.org/places/1001896,37.5,22.5,province," - "
1.36.1,θεὸς,http://topostext.org/place/385225SDel,38.48264,22.50108,NULL," - "
1.36.1,Μήδους,http://pleiades.stoa.org/places/922698,30.5,51.5,unknown," - "
1.36.1,Σαλαμῖνι,http://pleiades.stoa.org/places/580101,37.93,23.51,island," - built|island|Paus1.36.1|Pausanias describing the built environment"
1.36.1,τρόπαιον,http://topostext.org/place/379236GSal,37.9469,23.5511,NULL," - object|tropaion|Paus|t - Persian War|Themistokles|xm - histēmi|agencyThemistokles trophy, Salamis"
1.36.2,βαρβάρων,http://pleiades.stoa.org/places/922698,30.5,51.5,unknown," - "
1.36.2,Ἑλλήνων,http://pleiades.stoa.org/places/1001896,37.5,22.5,province," - "
1.36.2,ναυτικοῦ,http://pleiades.stoa.org/places/922698,30.5,51.5,unknown," - proxy|t - Persian War|f - they say|tr - hēssaomainavy"
1.36.2,νήσῳ,http://pleiades.stoa.org/places/580094,37.875,23.625,island," - built|nesos|f - narratorPausanias describing the built environment"
1.36.2,ξόανα,http://arachne.dainst.org/entity/3586077,37.96427,23.49649,NULL," - object|xoanon|f - narrator|mat - wood|Pan|tr - poieōstatue (wooden), Pan, Salamis"
1.36.2,Σαλαμῖνός,http://pleiades.stoa.org/places/580101,37.93,23.51,island," - physical|island|synoptic|l - pro1.36.2"
1.36.2,ταύτην,http://pleiades.stoa.org/places/580094,37.875,23.625,island," - "
1.36.2,τούτους,http://pleiades.stoa.org/places/922698,30.5,51.5,unknown," - "
1.36.2,Ψυττάλεια,http://pleiades.stoa.org/places/580094,37.875,23.625,island," - "
1.36.2,Ψυττάλειαν,http://pleiades.stoa.org/places/580094,37.875,23.625,island," - "
1.36.3,Ἀθηναῖοι,http://pleiades.stoa.org/places/579885,37.971687,23.726464,settlement," - "
1.36.3,Ἀθηνῶν,http://pleiades.stoa.org/places/579885,37.971687,23.726464,settlement," - "
1.36.3,Ἐλευσῖνα,http://pleiades.stoa.org/places/579920,38.041096,23.538311,"sanctuary,settlement"," - "
1.36.3,Ἑλλήνων,http://pleiades.stoa.org/places/1001896,37.5,22.5,province," - proxy|t - es tode|f - narrator1.36.3"
1.36.3,ἐπεργάζοιντο,http://pleiades.stoa.org/places/570468,37.2038,15.18273,"region,settlement"," - "
1.36.3,κτείνουσιν,http://pleiades.stoa.org/places/570468,37.2038,15.18273,"region,settlement"," - "
1.36.3,Μεγαρεῦσίν,http://pleiades.stoa.org/places/570468,37.2038,15.18273,"region,settlement"," - "
1.36.3,μνῆμα,http://topostext.org/binder/JB0164,37.992,23.682,NULL," - "
1.36.3,"ὁδὸν ἱεράν",http://topostext.org/binder/JB2617,37.975525,23.723837,NULL," - "
1.36.3,οἷς,http://pleiades.stoa.org/places/570468,37.2038,15.18273,"region,settlement"," - "
1.36.3,σφισι,http://pleiades.stoa.org/places/570468,37.2038,15.18273,"region,settlement"," - "
1.36.3,χώραν,http://pleiades.stoa.org/places/579888,38.051998833333336,23.818991099999998,region," - regional|chora|t - Peloponnesian War|f - Athenianschora = land of Attica? = territory"
1.36.4,Ἀθηναίων,http://pleiades.stoa.org/places/579885,37.971687,23.726464,settlement," - "
1.36.4,αὐτὸν,http://topostext.org/binder/JB2671,37.992,23.682,NULL," - "
1.36.4,διέβησαν,http://pleiades.stoa.org/places/579885,37.971687,23.726464,settlement," - "
1.36.4,Δωδώνης,http://pleiades.stoa.org/places/530843,39.54648,20.78784,"theatre,settlement"," - "
1.36.4,Ἐλευσίνιοι,http://pleiades.stoa.org/places/579920,38.041096,23.538311,"sanctuary,settlement"," - "
1.36.4,Ἐλευσινίοις,http://pleiades.stoa.org/places/579920,38.041096,23.538311,"sanctuary,settlement"," - "
1.36.4,Εὔβοιαν,http://pleiades.stoa.org/places/540775,38.53,23.87,island," - "
1.36.4,"ποταμοῦ χειμάρρου",http://topostext.org/binder/JB2670,37.975,23.725,NULL," - "
1.36.4,ποταμῷ,http://topostext.org/binder/JB2670,37.975,23.725,NULL," - physical|potamos|Paus|Skiros|n - onoma1.36.4"
1.36.4,Σκῖρον,http://topostext.org/binder/JB2669,37.992,23.682,NULL," - built|chorion|t - Macedonian War|Skiros|n - kaleōpart of the built environment?"
1.36.4,στήλην,http://topostext.org/binder/JB0164,37.992,23.682,NULL," - "
1.36.4,τάφος,http://topostext.org/binder/JB2127,37.992,23.682,NULL," - "
1.36.4,Φαληρῷ,http://pleiades.stoa.org/places/580072,37.9373,23.7062,settlement," - "
1.36.4,χωρίῳ,http://topostext.org/binder/JB2669,37.992,23.682,NULL," - "
1.36.5,Ἀθηναίοις,http://pleiades.stoa.org/places/579885,37.971687,23.726464,settlement," - "
1.36.5,Αἰγύπτιον,http://pleiades.stoa.org/places/981503,19.211408766666665,30.567329633333333,region," - "
1.36.5,Αἰτωλοὺς,http://pleiades.stoa.org/places/540591,38.51586100952381,21.759714990476194,region," - "
1.36.5,Κρῆτας,http://pleiades.stoa.org/places/589748,35.21984439173344,24.995769971494504,island," - proxy|t - Macedonian War1.36.5"
1.36.5,Μακεδόνων,http://pleiades.stoa.org/places/981531,42.5,22.5,province," - "
1.36.5,μνῆμα,http://topostext.org/binder/JB1884,37.992,23.682,NULL," - "
1.36.5,Μυσὸν,http://pleiades.stoa.org/places/550710,38.75,28.25,"labeled feature"," - "
1.36.5,Ῥοδίους,http://pleiades.stoa.org/places/590030,36.41451,28.15629,"island,settlement,temple-2,stadion"," - "
1.36.6,Ἀθηναίων,http://pleiades.stoa.org/places/579885,37.971687,23.726464,settlement," - "
1.36.6,Αἰγύπτου,http://pleiades.stoa.org/places/981503,19.211408766666665,30.567329633333333,region," - regional|t - Macedonian War|x - not1.36.6"
1.36.6,ἀποβαλεῖν,http://pleiades.stoa.org/places/423025,41.89262,12.4843457,"settlement,urban"," - proxy|t - Macedonian War|m - ballō|mx: ballō|agency|m - agōarmy (dunamis)"
1.36.6,ἀρχὴν,http://pleiades.stoa.org/places/981531,42.5,22.5,province," - "
1.36.6,"δύναμιν καὶ στρατηγὸν",http://pleiades.stoa.org/places/423025,41.89262,12.4843457,"settlement,urban"," - proxy|t - Macedonian Wararmy (dunamis and stratēgos)"
1.36.6,Ἰταλίαν,http://pleiades.stoa.org/places/1052,42.5,12.5,region," - "
1.36.6,Κρητῶν,http://pleiades.stoa.org/places/589748,35.21984439173344,24.995769971494504,island," - "
1.36.6,Μακεδόνας,http://pleiades.stoa.org/places/981531,42.5,22.5,province," - "
1.36.6,Μακεδόνων,http://pleiades.stoa.org/places/981531,42.5,22.5,province," - "
1.36.6,Μυσίας,http://pleiades.stoa.org/places/550710,38.75,28.25,"labeled feature"," - "
1.36.6,οἱ,http://pleiades.stoa.org/places/423025,41.89262,12.4843457,"settlement,urban"," - "
1.36.6,οἳ,http://pleiades.stoa.org/places/423025,41.89262,12.4843457,"settlement,urban"," - proxy|t - Macedonian War|tr - haireō|agencyarmy (dunamis)"
1.36.6,Ῥόδιοι,http://pleiades.stoa.org/places/590030,36.41451,28.15629,"island,settlement,temple-2,stadion"," - "
1.36.6,Ῥωμαίους,http://pleiades.stoa.org/places/423025,41.89262,12.4843457,"settlement,urban"," - "
1.37.1,γραφὴν,http://topostext.org/binder/JB1494,37.9715,23.7271,NULL," - "
1.37.1,Μήδοις,http://pleiades.stoa.org/places/922698,30.5,51.5,unknown," - "
1.37.1,μνῆμα,http://topostext.org/binder/JB1884,37.992,23.682,NULL," - "
1.37.1,ναῷ,http://pleiades.stoa.org/places/168254096,37.97155766815715,23.726584338316812,temple-2," - "
1.37.1,τέθαπται,http://topostext.org/binder/JB1493,37.992,23.682,NULL," - "
1.37.1,τέθαπται,http://topostext.org/binder/JB2804,37.992,23.682,NULL," - "
1.37.2,βωμὸς,http://topostext.org/binder/JB2970,37.992,23.682,NULL," - "
1.37.2,ἐνθάδʼ,http://topostext.org/binder/JB2460,37.992,23.682,NULL," - "
1.37.2,ἔχουσι,http://pleiades.stoa.org/places/580006,37.993384,23.699604,settlement," - "
1.37.2,ἱερὸν,http://topostext.org/binder/JB0994,37.992,23.682,NULL," - "
1.37.2,Λακιάδας,http://pleiades.stoa.org/places/580006,37.993384,23.699604,settlement," - "
1.37.2,μνῆμα,http://topostext.org/binder/JB2207,37.992,23.682,NULL," - "
1.37.2,ὀνομάζουσιν,http://pleiades.stoa.org/places/579885,37.971687,23.726464,settlement," - "
1.37.2,Ταραντίνου,http://pleiades.stoa.org/places/442810,40.476034,17.228553,"settlement,temple-2"," - "
1.37.2,τάφῳ,http://topostext.org/binder/JB2460,37.992,23.682,NULL," - "
1.37.2,τέμενός,http://topostext.org/binder/JB1980,37.992,23.682,NULL," - "
1.37.2,χωρίῳ,http://topostext.org/binder/JB2461,37.992,23.682,NULL," - "
1.37.3,ἀγάλματα,http://topostext.org/binder/JB2123,37.974698,23.723084,NULL," - "
1.37.3,Ἕλλησι,http://pleiades.stoa.org/places/1001896,37.5,22.5,province," - "
1.37.3,ἕτερον,http://arachne.dainst.org/entity/3888056,37.97945,23.71622,NULL," - object|agalma|Paus|s - anathema|Mnesimache's son|Kephisosstatue, son of Mnesimache, next to statue of Mnesimache (bdr:JB2123), beside Kephisos river"
1.37.3,Κηφισὸν,http://pleiades.stoa.org/places/579973,38.125,23.625,river," - "
1.37.3,Κηφισῷ,http://topostext.org/place/379237WKep,37.9442,23.6723,NULL," - "
1.37.3,μνῆμά,http://topostext.org/binder/JB2806,37.992,23.682,NULL," - "
1.37.3,ποταμῷ,http://pleiades.stoa.org/places/579973,38.125,23.625,river," - "
1.37.3,Σπερχειῷ,http://pleiades.stoa.org/places/541112,38.75,22.25,river," - "
1.37.3,Τροίας,http://pleiades.stoa.org/places/550595,39.9577,26.23873,settlement," - "
1.37.4,αὐτόθι,http://topostext.org/binder/JB3027,37.9758,23.716,NULL," - "
1.37.4,βωμός,http://topostext.org/binder/JB3027,37.9758,23.716,NULL," - built|bomos|Paus|s - archaios|ZeusLocation wrong, or Pausanias's description?"
1.37.4,Ἐλευσῖνι,http://pleiades.stoa.org/places/579920,38.041096,23.538311,"sanctuary,settlement"," - "
1.37.4,ἐπεφήμισαν,http://pleiades.stoa.org/places/579885,37.971687,23.726464,settlement," - "
1.37.4,Ἴακχος,http://arachne.dainst.org/entity/3586080,37.97945,23.71622,NULL," - object|agalma|analogic|d - Mnesitheos|Iakchos|tr - poieōQ690603|person|statue, Iakchos, near the Zeus Meilichios altar, across the Kephisos river"
1.37.4,Κηφισὸν,http://pleiades.stoa.org/places/579973,38.125,23.625,river," - "
1.37.4,ὁδὸν,http://topostext.org/binder/JB2617,37.975525,23.723837,NULL," - "
1.37.4,σφίσιν,http://pleiades.stoa.org/places/579885,37.971687,23.726464,settlement," - "
1.37.4,τάφος,http://topostext.org/binder/JB2805,37.992,23.682,NULL," - "
1.37.4,τούτῳ,http://topostext.org/binder/JB3027,37.9758,23.716,NULL," - "
1.37.4,Φασηλίτου,http://pleiades.stoa.org/places/639051,36.524579,30.551573,settlement,NULL
1.37.5,Ἀθηναίους,http://pleiades.stoa.org/places/579885,37.971687,23.726464,settlement," - "
1.37.5,Ἀθήναις,http://pleiades.stoa.org/places/579885,37.971687,23.726464,settlement," - "
1.37.5,Ἀθήνας,http://pleiades.stoa.org/places/579885,37.971687,23.726464,settlement," - "
1.37.5,Ἀσίας,http://pleiades.stoa.org/places/837,39.64014749138555,31.033254534661616,"peninsula,region"," - "
1.37.5,Ἕλλησίν,http://pleiades.stoa.org/places/1001896,37.5,22.5,province," - "
1.37.5,Κορίνθῳ,http://pleiades.stoa.org/places/570182,37.906045,22.878721,"sanctuary,settlement,fort"," - "
1.37.5,Μακεδὼν,http://pleiades.stoa.org/places/981531,42.5,22.5,province," - "
1.37.5,Ῥοδίου,http://pleiades.stoa.org/places/590030,36.41451,28.15629,"island,settlement,temple-2,stadion"," - proxy|t - unspecified|xm - oikeōa Rhodian man"
1.37.6,Ἀθήνας,http://pleiades.stoa.org/places/579885,37.971687,23.726464,settlement," - built|settlement|t - pre-Persian War|t - generation: Kephalos1.37.6"
1.37.6,Ἀθηνᾶς,http://arachne.dainst.org/entity/3586081,37.95002,23.73437,NULL," - object|agalma|Paus|AthenaQ37122|statue, Athena, sanctuary of Demeter"
1.37.6,Ἀθηνῶν,http://pleiades.stoa.org/places/579885,37.971687,23.726464,settlement," - "
1.37.6,Ἀπόλλωνος,http://arachne.dainst.org/entity/3586082,37.95002,23.73437,NULL," - object|agalma|Paus|ApolloQ37340|statue, Apollo, sanctuary of Demeter"
1.37.6,Δελφοὺς,http://pleiades.stoa.org/places/540726,38.482289,22.501169,"sanctuary,settlement"," - "
1.37.6,Δήμητρος,http://arachne.dainst.org/entity/3888057,37.95002,23.73437,NULL," - object|agalma|Paus|DemeterQ40730|statue, Demeter, sanctuary of Demeter"
1.37.6,ἐποιήθη,http://topostext.org/binder/JB0994,37.992,23.682,NULL," - "
1.37.6,θεὸν,http://topostext.org/place/385225SDel,38.48264,22.50108,NULL," - "
1.37.6,Θήβαις,http://pleiades.stoa.org/places/541138,38.318092,23.255096,"sanctuary,settlement"," - "
1.37.6,ἱερὸν,http://topostext.org/binder/JB0994,37.992,23.682,NULL," - built|hieron|Paus|Demeter1.37.6"
1.37.6,Κεφαλληνία,http://pleiades.stoa.org/places/530826,38.2,20.59,island," - "
1.37.6,νῆσον,http://pleiades.stoa.org/places/530826,38.2,20.59,island," - physical|nesos|t - heroic age|f - they say|t - protosisland as a physical location"
1.37.6,παιδὸς,http://arachne.dainst.org/entity/3888058,37.95002,23.73437,NULL," - object|agalma|Paus|KoreQ45967|statue, Persephone, sanctuary of Demeter"
1.37.7,Ἀθηναῖοι,http://pleiades.stoa.org/places/579885,37.971687,23.726464,settlement," - "
1.37.7,Ἀττικῆς,http://pleiades.stoa.org/places/579888,38.051998833333336,23.818991099999998,region," - "
1.37.7,αὐτοῦ,http://pleiades.stoa.org/places/579874,38.01298,23.63594,sanctuary," - "
1.37.7,γῆς,http://pleiades.stoa.org/places/579888,38.051998833333336,23.818991099999998,region," - physical|ge|t - 10 gen after Kephalos|f - oracle|l - entha|t - pre-Persian Warground emphasised"
1.37.7,ἔνθα,http://topostext.org/binder/JB0994,37.992,23.682,NULL," - "
1.37.7,ἐνταῦθα,http://topostext.org/binder/JB0994,37.992,23.682,NULL," - "
1.37.7,ναός,http://pleiades.stoa.org/places/579874,38.01298,23.63594,sanctuary," - "
1.37.7,"ὁ δέ",http://topostext.org/place/385225SDel,38.48264,22.50108,NULL," - proxy|t - 10 gen after Kephalos|t - pre-Persian War1.37.7"
1.37.7,πόλιν,http://pleiades.stoa.org/places/579885,37.971687,23.726464,settlement," - "
1.37.7,τοῦτο,http://topostext.org/binder/JB0994,37.992,23.682,NULL," - "
1.37.7,χωρίῳ,http://topostext.org/binder/JB0994,37.992,23.682,NULL," - "
1.38.1,Ἀθηναίους,http://pleiades.stoa.org/places/579885,37.971687,23.726464,settlement," - "
1.38.1,αὐτῶν,http://pleiades.stoa.org/places/580098,38.125,23.625,river," - "
1.38.1,γῆς,http://pleiades.stoa.org/places/579888,38.051998833333336,23.818991099999998,region," - physical|ge|f - narrator|l - hypoground emphasised"
1.38.1,Ἐλευσινίοις,http://pleiades.stoa.org/places/579920,38.041096,23.538311,"sanctuary,settlement"," - "
1.38.1,Εὐρίπου,http://pleiades.stoa.org/places/540783,38.46276,23.58944,"bridge,settlement,water-open"," - "
1.38.1,θάλασσά,http://pleiades.stoa.org/places/560221,37.42245628773585,25.8829628235849,water-open," - "
1.38.1,θάλασσαν,http://pleiades.stoa.org/places/560221,37.42245628773585,25.8829628235849,water-open," - "
1.38.1,οὗτοι,http://pleiades.stoa.org/places/580098,38.125,23.625,river," - "
1.38.1,Ῥειτοὶ,http://pleiades.stoa.org/places/580098,38.125,23.625,river," - physical|rheuma|Paus|n - kaleō|i - parechō|agency1.38.1"
1.38.1,Ῥειτοὶ,http://pleiades.stoa.org/places/580098,38.125,23.625,river," - "
1.38.1,Ῥειτοὺς,http://pleiades.stoa.org/places/580098,38.125,23.625,river," - "
1.38.1,ῥέουσιν,http://pleiades.stoa.org/places/580098,38.125,23.625,river," - "
1.38.1,σφισι,http://pleiades.stoa.org/places/580098,38.125,23.625,river," - "
1.38.1,Χαλκιδέων,http://pleiades.stoa.org/places/540703,38.464,23.602,settlement," - "
1.38.2,Ἀθηναῖοι,http://pleiades.stoa.org/places/579885,37.971687,23.726464,settlement," - "
1.38.2,Ἐλευσινίοις,http://pleiades.stoa.org/places/579920,38.041096,23.538311,"sanctuary,settlement"," - "
1.38.2,ἔνθα,http://pleiades.stoa.org/places/580098,38.125,23.625,river," - "
1.38.2,Θρᾴκης,http://topostext.org/place/410265RThr,41.0,26.5,NULL," - "
1.38.2,ὅσοι,http://pleiades.stoa.org/places/579885,37.971687,23.726464,settlement," - "
1.38.2,πάντες,http://pleiades.stoa.org/places/579885,37.971687,23.726464,settlement," - "
1.38.2,Σκαμβωνιδῶν,http://pleiades.stoa.org/places/582865,37.98286,23.728879,settlement," - "
1.38.3,Ἀθηναίους,http://pleiades.stoa.org/places/579885,37.971687,23.726464,settlement," - "
1.38.3,Ἀθηναίων,http://pleiades.stoa.org/places/579885,37.971687,23.726464,settlement," - "
1.38.3,Ἐλευσινίοις,http://pleiades.stoa.org/places/579920,38.041096,23.538311,"sanctuary,settlement"," - proxy|t - heroic age|i - macheō1.38.3"
1.38.3,Ἐλευσινίους,http://pleiades.stoa.org/places/579920,38.041096,23.538311,"sanctuary,settlement"," - "
1.38.3,καταλύονται,http://pleiades.stoa.org/places/579885,37.971687,23.726464,settlement," - proxy|t - heroic age|m - luō|mx: luōand Eleusinians"
1.38.3,ὄντας,http://pleiades.stoa.org/places/579920,38.041096,23.538311,"sanctuary,settlement"," - "
1.38.4,Ἀθηναίοις,http://pleiades.stoa.org/places/579885,37.971687,23.726464,settlement," - "
1.38.4,γῆν,http://pleiades.stoa.org/places/579888,38.051998833333336,23.818991099999998,region," - regional|ge|t - heroic age|f - narratorland as territory"
1.38.4,Ζάρακα,http://pleiades.stoa.org/places/570761,36.787,23.088,settlement," - "
1.38.4,θαλάσσῃ,http://pleiades.stoa.org/places/560221,37.42245628773585,25.8829628235849,water-open," - "
1.38.4,Λακεδαιμόνιόν,http://pleiades.stoa.org/places/570406,37.07624042080912,22.46082645177671,region," - proxy|t - heroic age|f - narrator|m - aphikneomaiZarex"
1.38.4,Λακωνικῇ,http://pleiades.stoa.org/places/570406,37.07624042080912,22.46082645177671,region," - "
1.38.4,ὀνομάζουσι,http://pleiades.stoa.org/places/579885,37.971687,23.726464,settlement," - "
1.38.5,αὐτῷ,http://topostext.org/place/380236WKep,38.04945,23.55515,NULL," - "
1.38.5,Ἐλευσῖνι,http://pleiades.stoa.org/places/579920,38.041096,23.538311,"sanctuary,settlement"," - "
1.38.5,καλοῦσιν,http://pleiades.stoa.org/places/579885,37.971687,23.726464,settlement," - "
1.38.5,Κηφισὸς,http://topostext.org/place/380236WKep,38.04945,23.55515,NULL," - physical|rheuma|Paus|m - rheō|agency1.38.5"
1.38.5,Κηφισῷ,http://topostext.org/place/380236WKep,38.04945,23.55515,NULL," - "
1.38.6,αὐτοῦ,http://topostext.org/place/381236LRaP,38.06,23.56,NULL," - "
1.38.6,Ἐλευσινίοις,http://pleiades.stoa.org/places/579920,38.041096,23.538311,"sanctuary,settlement"," - proxy1.38.6"
1.38.6,Ἐλευσινίων,http://topostext.org/place/380235PEle,38.0441,23.5415,NULL," - proxy|t - heroic age|s - first|l - entha|t - protos|m - histēmi|s - ritualEleusinian women"
1.38.6,ἐνταῦθα,http://topostext.org/place/381236LRaP,38.06,23.56,NULL," - "
1.38.6,"Προπυλαίας Ἀρτέμιδος καὶ Ποσειδῶνος Πατρός",http://topostext.org/place/380235SArP,38.04219,23.53917,NULL," - "
1.38.6,Ῥάριον,http://topostext.org/place/381236LRaP,38.06,23.56,NULL," - "
1.38.6,σφισι,http://pleiades.stoa.org/places/579920,38.041096,23.538311,"sanctuary,settlement"," - "
1.38.7,ἱεροῦ,http://pleiades.stoa.org/places/579910,38.041096,23.538311,"sanctuary,settlement"," - "
1.38.7,ὀνομάζουσιν,http://pleiades.stoa.org/places/579885,37.971687,23.726464,settlement," - "
1.38.7,πόλιν,http://pleiades.stoa.org/places/579920,38.041096,23.538311,"sanctuary,settlement"," - "
1.38.8,Ἀθηναίοις,http://pleiades.stoa.org/places/579885,37.971687,23.726464,settlement," - "
1.38.8,Ἀθηναίων,http://pleiades.stoa.org/places/579885,37.971687,23.726464,settlement," - "
1.38.8,Ἀττικὴν,http://pleiades.stoa.org/places/579888,38.051998833333336,23.818991099999998,region," - "
1.38.8,Βοιωτίας,http://pleiades.stoa.org/places/540689,38.34668803333333,23.184677533333332,region," - "
1.38.8,Βοιωτῶν,http://pleiades.stoa.org/places/540689,38.34668803333333,23.184677533333332,region," - "
1.38.8,ἐκείνου,http://arachne.dainst.org/entity/3585988,37.97945,23.71622,NULL," - object|statue|opsis|s - archaios|Dionysosstatue, Dionysos Eleuthereus, Athens"
1.38.8,Ἐλευθεραῖς,http://pleiades.stoa.org/places/540756,38.17934,23.37572,"settlement,fort"," - "
1.38.8,Ἐλευθερεῖς,http://pleiades.stoa.org/places/540756,38.17934,23.37572,"settlement,fort"," - "
1.38.8,Ἐλευθερεῦσιν,http://pleiades.stoa.org/places/540756,38.17934,23.37572,"settlement,fort"," - "
1.38.8,Ἐλευσῖνος,http://pleiades.stoa.org/places/579920,38.041096,23.538311,"sanctuary,settlement"," - built|settlement|Paus|l - ek|f - narratee1.38.8"
1.38.8,ἐντεῦθεν,http://pleiades.stoa.org/places/540756,38.17934,23.37572,"settlement,fort"," - "
1.38.8,ἐπιθυμήσαντες,http://pleiades.stoa.org/places/540756,38.17934,23.37572,"settlement,fort"," - "
1.38.8,Θηβαίων,http://pleiades.stoa.org/places/541138,38.318092,23.255096,"sanctuary,settlement"," - "
1.38.8,Κιθαιρών,http://pleiades.stoa.org/places/540714,38.1850025,23.2505528,mountain," - "
1.38.8,ναός,http://topostext.org/place/382234SDiE,38.17653,23.38206,NULL," - built|naos|Paus|Dionysostemple of Dionysus, plain of Eleutherai"
1.38.8,ξόανον,http://arachne.dainst.org/entity/3585988,37.97945,23.71622,NULL," - object|xoanon|t - archaios|t - pre-Persian War|mat - wood|s - archaios|m - komizomai|Dionysosstatue (wooden), Dionysos Eleuthereus, Athens"
1.38.8,Πλαταιίς,http://pleiades.stoa.org/places/541063,38.221019,23.273866,settlement," - "
1.38.8,προσχωρησάντων,http://pleiades.stoa.org/places/540756,38.17934,23.37572,"settlement,fort"," - "
1.38.8,τὸ,http://arachne.dainst.org/entity/3586083,38.179685,23.374906,NULL," - object|statue|Paus|t - eph hemon|t - present|Dionysos|tr - poieōstatue, Dionysos Eleuthereus, Eleutherai"
1.38.9,Ἐλευθερῶν,http://pleiades.stoa.org/places/540756,38.17934,23.37572,"settlement,fort"," - "
1.38.9,Κιθαιρῶνι,http://pleiades.stoa.org/places/540714,38.1850025,23.2505528,mountain," - "
1.38.9,πεδίου,http://pleiades.stoa.org/places/541132,38.25,23.25,unknown," - physical|pedion|f - narrator|l - hyperplain of Eleutherai, Kithairon?"
1.38.9,πόλις,http://pleiades.stoa.org/places/540756,38.17934,23.37572,"settlement,fort"," - "
1.39.1,"γυναῖκα Ἀργείαν",http://pleiades.stoa.org/places/570106,37.631561,22.719464,settlement," - "
1.39.1,Ἐλευσῖνος,http://pleiades.stoa.org/places/579920,38.041096,23.538311,"sanctuary,settlement"," - "
1.39.1,Μέγαρα,http://topostext.org/place/380233PMeg,37.997,23.34285,NULL," - "
1.39.2,Ἀθηναίων,http://pleiades.stoa.org/places/579885,37.971687,23.726464,settlement," - "
1.39.2,Βοιωτούς,http://pleiades.stoa.org/places/540689,38.34668803333333,23.184677533333332,region," - "
1.39.2,ἐθελονταὶ,http://pleiades.stoa.org/places/541138,38.318092,23.255096,"sanctuary,settlement"," - "
1.39.2,Ἐλευσινίαν,http://pleiades.stoa.org/places/579920,38.041096,23.538311,"sanctuary,settlement"," - "
1.39.2,Θηβαῖοι,http://pleiades.stoa.org/places/541138,38.318092,23.255096,"sanctuary,settlement"," - "
1.39.2,Θήβαις,http://pleiades.stoa.org/places/541138,38.318092,23.255096,"sanctuary,settlement"," - "
1.39.2,Θήβας,http://pleiades.stoa.org/places/541138,38.318092,23.255096,"sanctuary,settlement"," - "
1.39.2,μάχην,http://pleiades.stoa.org/places/579885,37.971687,23.726464,settlement," - proxy|t - heroic age|f - Thebans|ix: macheō|i - macheō|x - notbattle|1.39.2"
1.39.3,Ἀθηναίοις,http://pleiades.stoa.org/places/579885,37.971687,23.726464,settlement," - "
1.39.3,Ἀργείων,http://pleiades.stoa.org/places/570106,37.631561,22.719464,settlement," - proxy1.39.3"
1.39.4,Ἀθηναίων,http://pleiades.stoa.org/places/579885,37.971687,23.726464,settlement," - "
1.39.4,Ἀθήνας,http://pleiades.stoa.org/places/579885,37.971687,23.726464,settlement," - "
1.39.4,ἀποδειξάμενοι,http://pleiades.stoa.org/places/570406,37.07624042080912,22.46082645177671,region," - "
1.39.4,αὕτη,http://pleiades.stoa.org/places/570470,37.2038,15.18273,"region,settlement"," - "
1.39.4,γῇ,http://pleiades.stoa.org/places/570470,37.2038,15.18273,"region,settlement"," - "
1.39.4,ἔδωκαν,http://pleiades.stoa.org/places/570406,37.07624042080912,22.46082645177671,region," - proxy|t - heroic age|f - narrator|i - didōmi|ix: didōmi1.39.4"
1.39.4,ἐκομίζοντο,http://pleiades.stoa.org/places/570406,37.07624042080912,22.46082645177671,region," - "
1.39.4,Ἐλευσῖνι,http://pleiades.stoa.org/places/579920,38.041096,23.538311,"sanctuary,settlement"," - built|sanctuary|Paus|l - plesion1.39.4"
1.39.4,ἑλόντες,http://pleiades.stoa.org/places/570406,37.07624042080912,22.46082645177671,region," - "
1.39.4,Κορινθίων,http://pleiades.stoa.org/places/570182,37.906045,22.878721,"sanctuary,settlement,fort"," - "
1.39.4,Κορίνθου,http://pleiades.stoa.org/places/570182,37.906045,22.878721,"sanctuary,settlement,fort"," - "
1.39.4,Μέγαρα,http://pleiades.stoa.org/places/570468,37.2038,15.18273,"region,settlement"," - "
1.39.4,Μεγαρεῦσιν,http://pleiades.stoa.org/places/570468,37.2038,15.18273,"region,settlement"," - "
1.39.4,Μεγαρίς,http://pleiades.stoa.org/places/570470,37.2038,15.18273,"region,settlement"," - built|choros|Paus|n - kaleōdistrict within the built environment, like chorion?"
1.39.4,Μεγάρων,http://pleiades.stoa.org/places/570468,37.2038,15.18273,"region,settlement"," - "
1.39.4,Νίσαιά,http://pleiades.stoa.org/places/570508,37.974359,23.362766,"unlocated,port,fort,church,settlement"," - "
1.39.4,Πελοποννήσιοι,http://pleiades.stoa.org/places/570577,37.25289777692308,22.312752688461543,"peninsula,region"," - "
1.39.5,αὐτοῖς,http://pleiades.stoa.org/places/570468,37.2038,15.18273,"region,settlement"," - "
1.39.5,Βοιωτοὶ,http://pleiades.stoa.org/places/540689,38.34668803333333,23.184677533333332,region," - "
1.39.5,Βοιωτῶν,http://pleiades.stoa.org/places/540689,38.34668803333333,23.184677533333332,region," - proxy|t - heroic age|f - Boiotiansarmy"
1.39.5,γῇ,http://pleiades.stoa.org/places/570470,37.2038,15.18273,"region,settlement"," - "
1.39.5,Δωριεῖς,http://pleiades.stoa.org/places/570468,37.2038,15.18273,"region,settlement"," - "
1.39.5,ἱερὰ,http://pleiades.stoa.org/places/570468,37.2038,15.18273,"region,settlement"," - "
1.39.5,Μέγαρα,http://pleiades.stoa.org/places/570468,37.2038,15.18273,"region,settlement"," - "
1.39.5,Μεγαρεῖς,http://pleiades.stoa.org/places/570468,37.2038,15.18273,"region,settlement"," - "
1.39.5,Μεγαρεῖς,http://pleiades.stoa.org/places/570468,37.2038,15.18273,"region,settlement"," - proxy|t - heroic age|f - narrator|Dorians|tr - metaballō|Px: meta1.39.5"
1.39.5,Νίσᾳ,http://pleiades.stoa.org/places/570468,37.2038,15.18273,"region,settlement"," - built|settlement|t - heroic age|t - husteron|f - Boiotians|Nisos|n - kaleōprevious name|1.39.5"
1.39.5,Ὀγχηστῷ,http://pleiades.stoa.org/places/540984,38.364863,23.146959,"settlement,temple-2,architecturalcomplex"," - "
1.39.5,πόλιν,http://pleiades.stoa.org/places/570468,37.2038,15.18273,"region,settlement"," - "
1.39.6,Αἰγύπτου,http://pleiades.stoa.org/places/981503,19.211408766666665,30.567329633333333,region," - "
1.39.6,ἐθέλουσιν,http://pleiades.stoa.org/places/570468,37.2038,15.18273,"region,settlement"," - proxy|f - narrator|x - not1.39.6"
1.39.6,"Κρητικὸν πόλεμον",http://pleiades.stoa.org/places/589748,35.21984439173344,24.995769971494504,island," - proxy|t - heroic age|f - narrator|t - eventwar"
1.39.6,Λέλεγας,http://pleiades.stoa.org/places/550692,39.75,26.75,people," - "
1.39.6,Μεγαρεῖς,http://pleiades.stoa.org/places/570468,37.2038,15.18273,"region,settlement"," - "
1.39.6,πόλεως,http://pleiades.stoa.org/places/570468,37.2038,15.18273,"region,settlement"," - "
1.40.1,Ἀθηναίῳ,http://pleiades.stoa.org/places/579885,37.971687,23.726464,settlement," - "
1.40.1,αὐτὴν,http://topostext.org/place/380233BThe,37.9986,23.344,NULL," - "
1.40.1,Γερανίαν,http://pleiades.stoa.org/places/570050,38.0208393,23.1333249,mountain," - physical|oros|t - heroic age|f - Megarians|Megareus|n - onomazō|agency1.40.1"
1.40.1,Γερανίας,http://pleiades.stoa.org/places/570050,38.0208393,23.1333249,mountain," - "
1.40.1,ἥν,http://topostext.org/place/380233BThe,37.9986,23.344,NULL," - "
1.40.1,κρήνη,http://topostext.org/place/380233BThe,37.9986,23.344,NULL," - "
1.40.1,κρήνην,http://topostext.org/place/380233BThe,37.9986,23.344,NULL," - "
1.40.1,Μεγαρεῖς,http://pleiades.stoa.org/places/570468,37.2038,15.18273,"region,settlement"," - "
1.40.1,ὄρους,http://pleiades.stoa.org/places/570050,38.0208393,23.1333249,mountain," - "
1.40.1,πόλει,http://pleiades.stoa.org/places/570468,37.2038,15.18273,"region,settlement"," - built|polis|Paus1.40.1"
1.40.1,σφισιν,http://pleiades.stoa.org/places/570468,37.2038,15.18273,"region,settlement"," - "
1.40.2,ἄγαλμα,http://arachne.dainst.org/entity/3586085,37.99471,23.34324,NULL," - object|agalma|Paus|mat - chalkos|Artemis|n - epiklēsis|xm - keimai|agencystatue, Artemis Soteira, Megara"
1.40.2,ἁμαρτόντας,http://pleiades.stoa.org/places/922698,30.5,51.5,unknown," - "
1.40.2,ἀποχωρεῖν,http://pleiades.stoa.org/places/922698,30.5,51.5,unknown," - "
1.40.2,ἀφιέναι,http://pleiades.stoa.org/places/922698,30.5,51.5,unknown," - "
1.40.2,εἰκόνες,http://arachne.dainst.org/entity/3652663,37.99471,23.34324,NULL," - object|eikon|Paus|t - eph hemon|t - present|Romans|xm - histēmi|agencyimage, Roman kings, Megara"
1.40.2,Θήβας,http://pleiades.stoa.org/places/541138,38.318092,23.255096,"sanctuary,settlement"," - "
1.40.2,κρήνης,http://topostext.org/place/380233BThe,37.9986,23.344,NULL," - built|krene|Paus|l - ou porro1.40.2"
1.40.2,Μεγαρίδα,http://pleiades.stoa.org/places/570470,37.2038,15.18273,"region,settlement"," - "
1.40.2,ὁδοιποροῦσιν,http://pleiades.stoa.org/places/922698,30.5,51.5,unknown," - proxy|t - Persian War|f - they say|m - poreuō|mx: poreuō|r - HerodotusHerodotus 4.110, 116; 8.129"
1.40.2,Ῥωμαίων,http://pleiades.stoa.org/places/423025,41.89262,12.4843457,"settlement,urban"," - "
1.40.2,στρατοῦ,http://pleiades.stoa.org/places/922698,30.5,51.5,unknown," - "
1.40.2,τοὺς,http://pleiades.stoa.org/places/922698,30.5,51.5,unknown," - "
1.40.2,τραπέσθαι,http://pleiades.stoa.org/places/922698,30.5,51.5,unknown," - "
1.40.2,χώρας,http://pleiades.stoa.org/places/570470,37.2038,15.18273,"region,settlement"," - regional|chora|t - Persian War|f - they say(a hilly part) of the land = territory"
1.40.3,ἄγαλμα,http://arachne.dainst.org/entity/3586085,37.99471,23.34324,NULL," - object|agalma|t - post-Persian War|b - Megarians|Artemisstatue, Artemis Soteira, Megara"
1.40.3,ἀγάλματα,http://arachne.dainst.org/entity/3652662,37.99471,23.34324,NULL," - object|agalma|Paus|b - Praxiteles|f - it is said|twelve godsstatue, Twelve Gods, Megara"
1.40.3,ἀνόπλους,http://pleiades.stoa.org/places/922698,30.5,51.5,unknown," - "
1.40.3,Ἄρτεμιν,http://arachne.dainst.org/entity/3586084,37.99471,23.34324,NULL," - object|agalma|t - post-Persian War|b - Strongylion|Artemisstatue, Artemis Soteira, Megara"
1.40.3,αὐτοῖς,http://pleiades.stoa.org/places/922698,30.5,51.5,unknown," - proxy|t - Persian War|f - they say|focaliser|tr - used up1.40.3"
1.40.3,αὐτῶν,http://pleiades.stoa.org/places/922698,30.5,51.5,unknown," - "
1.40.3,ἐποιήσαντο,http://pleiades.stoa.org/places/570468,37.2038,15.18273,"region,settlement"," - "
1.40.3,μαχόμενοι,http://pleiades.stoa.org/places/570468,37.2038,15.18273,"region,settlement"," - "
1.40.3,Μεγαρεῖς,http://pleiades.stoa.org/places/570468,37.2038,15.18273,"region,settlement"," - "
1.40.3,τοξεύειν,http://pleiades.stoa.org/places/922698,30.5,51.5,unknown," - "
1.40.3,φονεύουσιν,http://pleiades.stoa.org/places/570468,37.2038,15.18273,"region,settlement"," - "
1.40.4,ἄγαλμα,http://arachne.dainst.org/entity/3586571,37.99471,23.34324,NULL," - object|agalma|t - Peloponnesian War|Zeus|x - not|tr - ergazomaistatue, Zeus, Megara"
1.40.4,ἄγαλμα,http://arachne.dainst.org/entity/3586571,37.99471,23.34324,NULL," - object|agalma|f - narrator|b - Theokosmos|Zeusstatue, Zeus, Megara"
1.40.4,ἀγάλματι,http://arachne.dainst.org/entity/3586571,37.99471,23.34324,NULL," - object|agalma|Paus|mat - pelos|mat - gypsos|Zeusstatue, Zeus, Megara"
1.40.4,Ἀθηναῖοι,http://pleiades.stoa.org/places/579885,37.971687,23.726464,settlement," - "
1.40.4,Ἀθηναίους,http://pleiades.stoa.org/places/579885,37.971687,23.726464,settlement," - "
1.40.4,αὐτὸ,http://arachne.dainst.org/entity/3586571,37.99471,23.34324,NULL," - object|statue|f - they say|b - Theokosmos|b - Pheidias|Zeusstatue, Zeus, Megara"
1.40.4,ἐκάκωσαν,http://pleiades.stoa.org/places/579885,37.971687,23.726464,settlement," - "
1.40.4,κεφαλῆς,http://arachne.dainst.org/entity/3586571,37.99471,23.34324,NULL," - object|kephale|Paus|l - hyper|Zeusstatue, Zeus, Megara"
1.40.4,Μεγαρεῦσιν,http://pleiades.stoa.org/places/570468,37.2038,15.18273,"region,settlement"," - "
1.40.4,Πελοποννησίων,http://pleiades.stoa.org/places/570577,37.25289777692308,22.312752688461543,"peninsula,region"," - "
1.40.4,πρόσωπον,http://arachne.dainst.org/entity/3888310,37.99471,23.34324,NULL," - object|prosopon|Paus|mat - elephas|mat - chrysosface (chryselephantine), on the statue of Zeus, Megara"
1.40.4,ταῦτα,http://arachne.dainst.org/entity/3652662,37.99471,23.34324,NULL," - object|agalma|Paus|l - meta|f - narratee|twelve gods1.40.4|statue, Twelve Gods, Megara"
1.40.4,χώραν,http://pleiades.stoa.org/places/570470,37.2038,15.18273,"region,settlement"," - regional|chora|t - Peloponnesian War|t - pan etos|r - Thucydidesland of the Megarians = territory"
1.40.4,"Ὧραι καὶ Μοῖραι",http://arachne.dainst.org/entity/3888310,37.99471,23.34324,NULL," - object|statue|Paus|horai|moiraistatue, Horai and Moirai, statue of Zeus, Megara"
1.40.5,Ἀθηναῖοι,http://pleiades.stoa.org/places/579885,37.971687,23.726464,settlement," - "
1.40.5,Ἀθηναίοις,http://pleiades.stoa.org/places/579885,37.971687,23.726464,settlement," - proxy|t - pre-Persian War|f - Megarians1.40.5"
1.40.5,Ἀθηναίους,http://pleiades.stoa.org/places/579885,37.971687,23.726464,settlement," - "
1.40.5,ἀποστῆναι,http://pleiades.stoa.org/places/579885,37.971687,23.726464,settlement," - t - pre-Persian War|f - Athenians|m - histēmi|r - Xenophon|mx: histēmiἀφεστήξω"
1.40.5,ἀφικομένους,http://pleiades.stoa.org/places/570468,37.2038,15.18273,"region,settlement"," - "
1.40.5,ἔχειν,http://pleiades.stoa.org/places/579885,37.971687,23.726464,settlement," - "
1.40.5,κληρούχους,http://pleiades.stoa.org/places/570468,37.2038,15.18273,"region,settlement"," - proxy|t - pre-Persian War|f - Megarianscolonists"
1.40.5,κρατήσαντες,http://pleiades.stoa.org/places/579885,37.971687,23.726464,settlement," - "
1.40.5,λαβεῖν,http://pleiades.stoa.org/places/570468,37.2038,15.18273,"region,settlement"," - "
1.40.5,Μεγαρεῖς,http://pleiades.stoa.org/places/570468,37.2038,15.18273,"region,settlement"," - "
1.40.5,Μεγαρεῦσιν,http://pleiades.stoa.org/places/570468,37.2038,15.18273,"region,settlement"," - "
1.40.5,ναυμαχήσαντες,http://pleiades.stoa.org/places/570468,37.2038,15.18273,"region,settlement"," - "
1.40.5,νήσου,http://pleiades.stoa.org/places/580101,37.93,23.51,island," - "
1.40.5,προδοῦναι,http://pleiades.stoa.org/places/570468,37.2038,15.18273,"region,settlement"," - "
1.40.5,Σαλαμῖνα,http://pleiades.stoa.org/places/580100,37.947768,23.5314735,settlement," - "
1.40.5,Σαλαμῖνα,http://pleiades.stoa.org/places/580101,37.93,23.51,island," - "
1.40.5,Σαλαμῖνα,http://pleiades.stoa.org/places/580101,37.93,23.51,island," - physical|island|t - pre-Persian War|f - Megariansbattle|island as a physical location"
1.40.5,Σαλαμῖνι,http://pleiades.stoa.org/places/580101,37.93,23.51,island," - "
1.40.5,σφᾶς,http://pleiades.stoa.org/places/579885,37.971687,23.726464,settlement," - "
1.40.5,τούτοις,http://pleiades.stoa.org/places/570468,37.2038,15.18273,"region,settlement"," - "
1.40.5,φυγάδας,http://pleiades.stoa.org/places/570468,37.2038,15.18273,"region,settlement"," - "
1.40.6,ἄγαλμα,http://arachne.dainst.org/entity/3888059,37.99471,23.34324,NULL," - object|agalma|Paus|b - Bryaxis|Asklepiosstatue, Asklepios, Megara"
1.40.6,αὐτὸ,http://arachne.dainst.org/entity/3888060,37.99471,23.34324,NULL," - object|statue|Paus|b - Bryaxis|Hygeiastatue, Hygeia, Megara"
1.41.1,Ἄργος,http://pleiades.stoa.org/places/570106,37.631561,22.719464,settlement," - "
1.41.1,Ἄργους,http://pleiades.stoa.org/places/570106,37.631561,22.719464,settlement," - "
1.41.1,Δελφοῖς,http://pleiades.stoa.org/places/540726,38.482289,22.501169,"sanctuary,settlement"," - "
1.41.1,θεὸς,http://topostext.org/place/385225SDel,38.48264,22.50108,NULL," - "
1.41.1,Θήβαις,http://pleiades.stoa.org/places/541138,38.318092,23.255096,"sanctuary,settlement"," - "
1.41.1,Θήβας,http://pleiades.stoa.org/places/541138,38.318092,23.255096,"sanctuary,settlement"," - "
1.41.1,Μεγάροις,http://pleiades.stoa.org/places/570468,37.2038,15.18273,"region,settlement"," - "
1.41.2,Ἀρκάδι,http://pleiades.stoa.org/places/570102,37.567419268449626,22.165323097346306,region," - "
1.41.2,Μεγάροις,http://pleiades.stoa.org/places/570468,37.2038,15.18273,"region,settlement"," - "
1.41.2,Πελοπόννησον,http://pleiades.stoa.org/places/570577,37.25289777692308,22.312752688461543,"peninsula,region"," - "
1.41.2,πόλιν,http://pleiades.stoa.org/places/570468,37.2038,15.18273,"region,settlement"," - "
1.41.3,Ἄφιδναν,http://pleiades.stoa.org/places/579873,37.974359,23.362766,"unlocated,port,fort,church,settlement"," - "
1.41.3,Κιθαιρώνιον,http://pleiades.stoa.org/places/540714,38.1850025,23.2505528,mountain," - proxy|t - heroic age|f - they say|n - kaleō|Lionlion"
1.41.3,"Κιθαιρώνιον λέοντα",http://pleiades.stoa.org/places/540714,38.1850025,23.2505528,mountain," - proxy|t - heroic age|f - they saylion"
1.41.3,λέοντος,http://pleiades.stoa.org/places/540714,38.1850025,23.2505528,mountain," - "
1.41.4,Ἀθήνας,http://pleiades.stoa.org/places/579885,37.971687,23.726464,settlement," - "
1.41.4,Ἄφιδναν,http://pleiades.stoa.org/places/579873,37.974359,23.362766,"unlocated,port,fort,church,settlement"," - "
1.41.4,Κιθαιρῶνι,http://pleiades.stoa.org/places/540714,38.1850025,23.2505528,mountain," - "
1.41.4,Μεγαρεῦσιν,http://pleiades.stoa.org/places/570468,37.2038,15.18273,"region,settlement"," - "
1.41.4,σφίσιν,http://pleiades.stoa.org/places/570468,37.2038,15.18273,"region,settlement"," - "
1.41.5,Μεγαρεῖς,http://pleiades.stoa.org/places/570468,37.2038,15.18273,"region,settlement"," - "
1.41.5,Μεγαρεῦσι,http://pleiades.stoa.org/places/570468,37.2038,15.18273,"region,settlement"," - "
1.41.5,πόλιν,http://pleiades.stoa.org/places/570468,37.2038,15.18273,"region,settlement"," - "
1.41.6,Ἤλιδος,http://pleiades.stoa.org/places/570220,37.89131,21.37493,"theatre,settlement"," - "
1.41.6,Κιθαιρῶνι,http://pleiades.stoa.org/places/540714,38.1850025,23.2505528,mountain," - "
1.41.6,Κρητῶν,http://pleiades.stoa.org/places/589748,35.21984439173344,24.995769971494504,island," - "
1.41.6,Μεγαρεῦσιν,http://pleiades.stoa.org/places/570468,37.2038,15.18273,"region,settlement"," - "
1.41.6,Μεγαρέων,http://pleiades.stoa.org/places/570468,37.2038,15.18273,"region,settlement"," - "
1.41.6,πόλει,http://pleiades.stoa.org/places/570468,37.2038,15.18273,"region,settlement"," - "
1.41.7,Ἀθηναίους,http://pleiades.stoa.org/places/579885,37.971687,23.726464,settlement," - "
1.41.7,Ἀμαζόνες,http://pleiades.stoa.org/places/857350,41.215176,36.967737,settlement," - proxy|t - heroic age|t - hote|f - Megarians|tr - strateuōQ134154"
1.41.7,"Ἀμαζονικῇ ἀσπίδι",http://pleiades.stoa.org/places/857350,41.215176,36.967737,settlement," - proxy|analogicAmazonian shield|1.41.7"
1.41.7,ἐκρατήθησαν,http://pleiades.stoa.org/places/857350,41.215176,36.967737,settlement," - "
1.41.7,θάψαι,http://pleiades.stoa.org/places/570468,37.2038,15.18273,"region,settlement"," - "
1.41.7,Θεμίσκυραν,http://pleiades.stoa.org/places/857350,41.215176,36.967737,settlement," - "
1.41.7,Μέγαρα,http://pleiades.stoa.org/places/570468,37.2038,15.18273,"region,settlement"," - "
1.41.7,Μεγαρεῖς,http://pleiades.stoa.org/places/570468,37.2038,15.18273,"region,settlement"," - "
1.41.7,ὀλίγαις,http://pleiades.stoa.org/places/857350,41.215176,36.967737,settlement," - proxy|t - heroic age|t - tote|f - MegariansAmazones"
1.41.7,πολλὰς,http://pleiades.stoa.org/places/857350,41.215176,36.967737,settlement," - proxy|t - heroic age|f - Megarians|tr - apothnēskōAmazones"
1.41.8,Δαυλίδος,http://pleiades.stoa.org/places/540723,38.50665,22.72926,settlement," - "
1.41.8,Ἑλλάδος,http://pleiades.stoa.org/places/1001896,37.5,22.5,province," - "
1.41.8,Μεγαρεῖς,http://pleiades.stoa.org/places/570468,37.2038,15.18273,"region,settlement"," - "
1.41.8,Μεγαρίδος,http://pleiades.stoa.org/places/570470,37.2038,15.18273,"region,settlement"," - "
1.41.8,Παγὰς,http://pleiades.stoa.org/places/570543,37.974359,23.362766,"unlocated,port,fort,church,settlement"," - "
1.41.8,"τὰ πολλὰ",http://pleiades.stoa.org/places/1001896,37.5,22.5,province," - regional|t - heroic age|f - narrator|t - palaiosgreater part"
1.41.8,Χαιρωνείας,http://pleiades.stoa.org/places/540701,38.493361,22.840365,settlement," - "
1.41.9,Ἀθήνας,http://pleiades.stoa.org/places/579885,37.971687,23.726464,settlement," - "
1.41.9,θύουσιν,http://pleiades.stoa.org/places/570468,37.2038,15.18273,"region,settlement"," - "
1.41.9,Μεγάροις,http://pleiades.stoa.org/places/570468,37.2038,15.18273,"region,settlement"," - "
1.42.1,Κρητῶν,http://pleiades.stoa.org/places/589748,35.21984439173344,24.995769971494504,island," - "
1.42.1,Μεγαρεῦσιν,http://pleiades.stoa.org/places/570468,37.2038,15.18273,"region,settlement"," - proxy1.42.1"
1.42.1,Ὀγχηστοῦ,http://pleiades.stoa.org/places/540984,38.364863,23.146959,"settlement,temple-2,architecturalcomplex"," - "
1.42.1,σφισιν,http://pleiades.stoa.org/places/570468,37.2038,15.18273,"region,settlement"," - "
1.42.2,Ἀθηναίους,http://pleiades.stoa.org/places/579885,37.971687,23.726464,settlement," - "
1.42.2,Κρήτην,http://pleiades.stoa.org/places/589748,35.21984439173344,24.995769971494504,island," - "
1.42.2,Μεγαρεῖς,http://pleiades.stoa.org/places/570468,37.2038,15.18273,"region,settlement"," - "
1.42.3,ἄγαλμα,http://arachne.dainst.org/entity/1131847,25.692266,32.638355,NULL," - object|agalma|opsis|analogic|t - eti|xm - kathēmai|agencystatue, colossus, Egyptian Thebes"
1.42.3,ἄγαλμα,http://arachne.dainst.org/entity/1131847,25.692266,32.638355,NULL," - object|agalma|t - heroic age|f - Thebans|Phamenophstatue, Phamenoph colossus, Egyptian Thebes"
1.42.3,ἄγαλμα,http://arachne.dainst.org/entity/1131847,25.692266,32.638355,NULL," - object|agalma|f - narrator|Sesostrisstatue, colossus, Egyptian Thebes"
1.42.3,Αἰγυπτίαις,http://pleiades.stoa.org/places/981503,19.211408766666665,30.567329633333333,region," - "
1.42.3,Αἰγυπτίων,http://pleiades.stoa.org/places/981503,19.211408766666665,30.567329633333333,region," - "
1.42.3,Αἴγυπτον,http://pleiades.stoa.org/places/981503,19.211408766666665,30.567329633333333,region," - "
1.42.3,Αἰθιοπίας,http://pleiades.stoa.org/places/39274,14.125005,38.721522,unknown," - "
1.42.3,ἦχον,http://arachne.dainst.org/entity/1131847,25.692266,32.638355,NULL," - object|statue|t - present|analogic|sense|agencystatue, colossus, Egyptian Thebes"
1.42.3,Θηβαῖοι,http://pleiades.stoa.org/places/786017,25.70247,32.65285,"settlement,temple-2"," - "
1.42.3,Θήβαις,http://pleiades.stoa.org/places/786017,25.70247,32.65285,"settlement,temple-2"," - "
1.42.3,κολοσσός,http://arachne.dainst.org/entity/1131847,25.692266,32.638355,NULL," - object|statue|opsis|analogic|s - thauma|i - parechō|agencystatue, colossus, Egyptian Thebes"
1.42.3,λοιπὸν,http://arachne.dainst.org/entity/1131847,25.692266,32.638355,NULL," - built|statue|opsis|t - now|sense|xm - kathēmai|agencyremaining seated bottom half|statue, colossus, Egyptian Thebes"
1.42.3,Μέμνονα,http://arachne.dainst.org/entity/1131847,25.692266,32.638355,NULL," - object|agalma|opsis|analogic|MemnonQ506781|person|statue, Memnon colossus, Egyptian Thebes"
1.42.3,Νεῖλον,http://pleiades.stoa.org/places/727172,19.211408766666665,30.567329633333333,river," - "
1.42.3,ὃ,http://arachne.dainst.org/entity/1131847,25.692266,32.638355,NULL," - object|statue|t - Persian Warstatue, colossus, Egyptian Thebes"
1.42.3,"ὁπόσον ἐκ κεφαλῆς ἐς μέσον σῶμά",http://arachne.dainst.org/entity/1131847,25.692266,32.638355,NULL," - object|statue|opsis|t - nun|t - present|m - riptō|agencyfrom the head to the torso|statue, colossus, Egyptian Thebes"
1.42.3,πολλοί,http://pleiades.stoa.org/places/981503,19.211408766666665,30.567329633333333,region," - proxy|n - onomazōthe many"
1.42.3,Σούσων,http://pleiades.stoa.org/places/912936,32.19202,48.24854,settlement," - "
1.42.4,ἄγαλμα,http://arachne.dainst.org/entity/3586089,37.99471,23.34324,NULL," - object|agalma|Paus|mat - chrysos|mat - elephas|Athenastatue, Athena, Megara"
1.42.4,ἄγαλμα,http://arachne.dainst.org/entity/3586089,37.99471,23.34324,NULL," - object|agalma|t - heroic age|f - narrator|b - Aias|Athenastatue, Athena, Megara"
1.42.4,Μεγαρεῦσι,http://pleiades.stoa.org/places/570468,37.2038,15.18273,"region,settlement"," - proxy1.42.4"
1.42.4,Μεγαρέων,http://pleiades.stoa.org/places/570468,37.2038,15.18273,"region,settlement"," - "
1.42.5,Αἰγινητικοῖς,http://pleiades.stoa.org/places/579853,37.74991,23.42372,"island,settlement,temple-2"," - "
1.42.5,Αἰγυπτίοις,http://pleiades.stoa.org/places/981503,19.211408766666665,30.567329633333333,region," - "
1.42.5,Αἰθίοπας,http://pleiades.stoa.org/places/39274,14.125005,38.721522,unknown," - "
1.42.5,"ἀνδρὸς Κυπρίου",http://pleiades.stoa.org/places/707498,35.040883529816504,33.27533716422018,island," - "
1.42.5,Ἀρχηγέτην,http://arachne.dainst.org/entity/3586088,37.99471,23.34324,NULL," - object|statue|Paus|analogic|mat - elephas|Apollo|n - onomazō|tr - poieō|agencyepiklesis, Apollo, Archegetes, Q37340|person|statue, Apollo Archegetes, Megara"
1.42.5,Δεκατηφόρος,http://arachne.dainst.org/entity/3586087,37.99471,23.34324,NULL," - object|statue|Paus|analogic|mat - elephas|Apollo|n - kaleō|tr - poieō|agencyepiklesis, Apollo, Dekatephoros, Q37340|person|statue, Apollo Dekatephoros, Megara"
1.42.5,ὃς,http://pleiades.stoa.org/places/707498,35.040883529816504,33.27533716422018,island," - "
1.42.5,Πύθιος,http://arachne.dainst.org/entity/3586086,37.99471,23.34324,NULL," - object|statue|Paus|analogic|mat - elephas|Apollo|n - kaleō|tr - poieō|agencyepiklesis, Apollo, Pythios, Q37340|person|statue, Apollo Pythios, Megara"
1.42.6,Αἰτωλίᾳ,http://pleiades.stoa.org/places/540591,38.51586100952381,21.759714990476194,region," - "
1.42.6,ἐνταῦθα,http://pleiades.stoa.org/places/540591,38.51586100952381,21.759714990476194,region," - "
1.42.7,ἄγειν,http://pleiades.stoa.org/places/570468,37.2038,15.18273,"region,settlement"," - "
1.42.7,Ἑλλήνων,http://pleiades.stoa.org/places/1001896,37.5,22.5,province," - "
1.42.7,Μεγαρεῖς,http://pleiades.stoa.org/places/570468,37.2038,15.18273,"region,settlement"," - "
1.42.7,σφίσι,http://pleiades.stoa.org/places/570468,37.2038,15.18273,"region,settlement"," - "
1.42.7,χώρας,http://pleiades.stoa.org/places/570470,37.2038,15.18273,"region,settlement"," - regional|chora|t - heroic age|f - Megariansland of the Megarians = territory"
1.43.1,Ἀρκάδων,http://pleiades.stoa.org/places/570102,37.567419268449626,22.165323097346306,region," - "
1.43.1,αὐτοὺς,http://pleiades.stoa.org/places/226779,44.5,33.5,unknown," - "
1.43.1,Θήβας,http://pleiades.stoa.org/places/541138,38.318092,23.255096,"sanctuary,settlement"," - "
1.43.1,Ἴλιον,http://pleiades.stoa.org/places/550595,39.9577,26.23873,settlement," - "
1.43.1,Μεγαρεῦσι,http://pleiades.stoa.org/places/570468,37.2038,15.18273,"region,settlement"," - "
1.43.1,Μεγάροις,http://pleiades.stoa.org/places/570468,37.2038,15.18273,"region,settlement"," - "
1.43.1,Σκυθικῇ,http://pleiades.stoa.org/places/1273,47.5,27.5,region," - "
1.43.1,σφίσι,http://pleiades.stoa.org/places/570468,37.2038,15.18273,"region,settlement"," - "
1.43.1,Ταύρους,http://pleiades.stoa.org/places/226779,44.5,33.5,unknown," - "
1.43.1,φασὶ,http://pleiades.stoa.org/places/570468,37.2038,15.18273,"region,settlement"," - "
1.43.2,Μεγαρέων,http://pleiades.stoa.org/places/570468,37.2038,15.18273,"region,settlement"," - proxy|t - es hemas|t - eti|t - present|tr - draō|s - ritualwomen|1.43.2"
1.43.2,ὀνομάζουσιν,http://pleiades.stoa.org/places/570468,37.2038,15.18273,"region,settlement"," - "
1.43.3,αἱρετοὺς,http://pleiades.stoa.org/places/570468,37.2038,15.18273,"region,settlement"," - "
1.43.3,ἀποθανοῦσιν,http://pleiades.stoa.org/places/570468,37.2038,15.18273,"region,settlement"," - proxy|t - Persian War|tr - apothnēskō|trx: apothnēskōwar dead"
1.43.3,ἄρχοντας,http://pleiades.stoa.org/places/570468,37.2038,15.18273,"region,settlement"," - "
1.43.3,βουλεύσωνται,http://pleiades.stoa.org/places/570468,37.2038,15.18273,"region,settlement"," - "
1.43.3,Δελφούς,http://pleiades.stoa.org/places/540726,38.482289,22.501169,"sanctuary,settlement"," - "
1.43.3,ἐποίησαν,http://pleiades.stoa.org/places/570468,37.2038,15.18273,"region,settlement"," - "
1.43.3,ἡρώων,http://pleiades.stoa.org/places/570468,37.2038,15.18273,"region,settlement"," - "
1.43.3,θεὸν,http://topostext.org/place/385225SDel,38.48264,22.50108,NULL," - "
1.43.3,θεὸς,http://topostext.org/place/385225SDel,38.48264,22.50108,NULL," - "
1.43.3,Μεγαρέας,http://pleiades.stoa.org/places/570468,37.2038,15.18273,"region,settlement"," - "
1.43.3,Μεγαρεῦσιν,http://pleiades.stoa.org/places/570468,37.2038,15.18273,"region,settlement"," - "
1.43.3,Μεγαρέων,http://pleiades.stoa.org/places/570468,37.2038,15.18273,"region,settlement"," - "
1.43.3,Μήδου,http://pleiades.stoa.org/places/922698,30.5,51.5,unknown," - "
1.43.3,νομίζοντες,http://pleiades.stoa.org/places/570468,37.2038,15.18273,"region,settlement"," - "
1.43.3,πλειόνων,http://pleiades.stoa.org/places/570468,37.2038,15.18273,"region,settlement"," - proxy|t - heroic age|f - oraclethe Megarian dead"
1.43.3,πόλει,http://pleiades.stoa.org/places/570468,37.2038,15.18273,"region,settlement"," - "
1.43.3,σφίσιν,http://pleiades.stoa.org/places/570468,37.2038,15.18273,"region,settlement"," - "
1.43.3,τεθνεῶτας,http://pleiades.stoa.org/places/570468,37.2038,15.18273,"region,settlement"," - proxy|t - heroic age|f - Megariansthe Megarian dead"
1.43.3,ᾠκοδόμησαν,http://pleiades.stoa.org/places/570468,37.2038,15.18273,"region,settlement"," - "
1.43.4,Δηλίων,http://pleiades.stoa.org/places/599587,37.397274,25.268194,"architecturalcomplex,sanctuary,monument,island,settlement,plaza"," - proxy|t - pote|analogic|tr - apokeirō|s - ritualdaughters|1.43.4"
1.43.4,κόραις,http://pleiades.stoa.org/places/570468,37.2038,15.18273,"region,settlement"," - proxy|t - present|tr - kathistēmi|s - ritual|m - ferōmaidens"
1.43.4,Μεγαρεῖς,http://pleiades.stoa.org/places/570468,37.2038,15.18273,"region,settlement"," - "
1.43.5,ἄγαλμα,http://arachne.dainst.org/entity/3586092,37.99471,23.34324,NULL," - object|agalma|Paus|f - they say|d - Euchenor|Dionysos|Polyidosstatue, Dionysos Dasyllios, Megara"
1.43.5,ἀποκεκρυμμένον,http://arachne.dainst.org/entity/3586090,37.99471,23.34324,NULL," - object|statue|t - eph hemon|t - present|xm - kruptō|xmx: kruptō|agencystatue, Dionysos Patroos, Megara"
1.43.5,αὐτῷ,http://arachne.dainst.org/entity/3586090,37.99471,23.34324,NULL," - object|statue|Paus|Dionysosstatue, Dionysos Patroos, Megara"
1.43.5,ἐπονομάζοντες,http://pleiades.stoa.org/places/570468,37.2038,15.18273,"region,settlement"," - "
1.43.5,ἕτερον,http://arachne.dainst.org/entity/3586092,37.99471,23.34324,NULL," - object|statue|Paus|Dionysos|n - onomastatue, Dionysos Dasyllios, Megara"
1.43.5,καλοῦσιν,http://pleiades.stoa.org/places/570468,37.2038,15.18273,"region,settlement"," - "
1.43.5,Μέγαρα,http://pleiades.stoa.org/places/570468,37.2038,15.18273,"region,settlement"," - "
1.43.5,ξόανον,http://arachne.dainst.org/entity/3586090,37.99471,23.34324,NULL," - object|xoanon|Paus|mat - wood|d - Polyidos|Dionysosstatue (wooden), Dionysos Patroos, Megara"
1.43.5,"Παρίου λίθου",http://pleiades.stoa.org/places/599868,37.03613,25.19093,island," - "
1.43.5,Σάτυρος,http://arachne.dainst.org/entity/3586091,37.99471,23.34324,NULL," - object|statue|Paus|l - para|b - Praxiteles|mat - marble|mat - lithos|Satyr|m - histēmiperson|statue, Satyros, Megara"
1.43.5,τοῦτον,http://arachne.dainst.org/entity/3586090,37.99471,23.34324,NULL," - object|statue|Paus|Dionysos|n - onomastatue, Dionysos Patroos, Megara"
1.43.6,ἄγαλμα,http://arachne.dainst.org/entity/3586093,37.99471,23.34324,NULL," - object|agalma|Paus|mat - elephas|Aphrodite|n - epiklēsis|tr - poieō|agencystatue, Aphrodite Praxis, Megara"
1.43.6,Ἔρως,http://arachne.dainst.org/entity/3888063,37.99471,23.34324,NULL," - object|statue|Paus|b - Skopas|Eros|agencyQ121973|person|statue, Eros, Megara"
1.43.6,"ἑτέρα θεός",http://arachne.dainst.org/entity/3888062,37.99471,23.34324,NULL," - object|statue|Paus|b - Praxiteles|Paregoros|agencyperson|statue, Paregoras, Megara"
1.43.6,Ἵμερος,http://arachne.dainst.org/entity/3888064,37.99471,23.34324,NULL," - object|statue|Paus|b - Skopas|Himeros|agencyQ1539632|person|statue, Himeros, Megara"
1.43.6,Μούσας,http://arachne.dainst.org/entity/3652664,37.99471,23.34324,NULL," - object|statue|Paus|MusesQ66016|person|statue, Muses, Megara"
1.43.6,ὀνομάζουσιν,http://pleiades.stoa.org/places/570468,37.2038,15.18273,"region,settlement"," - "
1.43.6,Πειθὼ,http://arachne.dainst.org/entity/3888061,37.99471,23.34324,NULL," - object|statue|Paus|b - Praxiteles|Peitho|agencyQ611171|person|statue, Peitho, Megara"
1.43.6,Πόθος,http://arachne.dainst.org/entity/3888065,37.99471,23.34324,NULL," - object|statue|Paus|b - Skopas|Pothos|agencyQ|person|statue, Pothos, Megara"
1.43.6,τέχνη,http://arachne.dainst.org/entity/3586094,37.99471,23.34324,NULL," - object|statue|Paus|b - Praxiteles|Tychestatue, Tyche, Megara"
1.43.6,τοῦτό,http://arachne.dainst.org/entity/3586093,37.99471,23.34324,NULL," - object|statue|Paus|s - archaios|Aphroditestatue, Aphrodite Praxis, Megara"
1.43.6,χαλκοῦν,http://arachne.dainst.org/entity/3586095,37.99471,23.34324,NULL," - object|statue|Paus|mat - chalkos|b - Lysippos|Zeusstatue (bronze), Zeus, Megara"
1.43.7,Ἄργει,http://pleiades.stoa.org/places/570106,37.631561,22.719464,settlement," - "
1.43.7,Ἀργείοις,http://pleiades.stoa.org/places/570106,37.631561,22.719464,settlement," - "
1.43.7,Ἀργείων,http://pleiades.stoa.org/places/570106,37.631561,22.719464,settlement," - "
1.43.7,Δελφοὺς,http://pleiades.stoa.org/places/540726,38.482289,22.501169,"sanctuary,settlement"," - "
1.43.7,Μεγαρεῦσι,http://pleiades.stoa.org/places/570468,37.2038,15.18273,"region,settlement"," - proxy1.43.7"
1.43.7,παῖδας,http://pleiades.stoa.org/places/570106,37.631561,22.719464,settlement," - proxy|t - heroic age|f - they saychildren of Argive women"
1.43.7,πόλιν,http://pleiades.stoa.org/places/570106,37.631561,22.719464,settlement," - "
1.43.7,σφᾶς,http://pleiades.stoa.org/places/570106,37.631561,22.719464,settlement," - "
1.43.8,ἀγάλματα,http://arachne.dainst.org/entity/3888314,37.99471,23.34324,NULL," - object|agalma|Paus|analogic|f - narrator|s - palaios|Koroibos|Poine|tr - poieō|agencystatue, Koroibos and Poine, Megara"
1.43.8,Ἄργος,http://pleiades.stoa.org/places/570106,37.631561,22.719464,settlement," - built|settlement|t - heroic age|f - oracle1.43.8"
1.43.8,Γερανίαν,http://pleiades.stoa.org/places/570050,38.0208393,23.1333249,mountain," - "
1.43.8,Ἕλλησιν,http://pleiades.stoa.org/places/1001896,37.5,22.5,province," - proxy|f - narrator|analogicGreeks"
1.43.8,ἐνταῦθα,http://pleiades.stoa.org/places/570050,38.0208393,23.1333249,mountain," - "
1.43.8,ἐπίθημά,http://arachne.dainst.org/entity/3888314,37.99471,23.34324,NULL," - object|epithema|Pausstatue, Koroibos and Poine, Megara"
1.43.8,ἱεροῦ,http://pleiades.stoa.org/places/464482219,38.4823167,22.5012215,temple-2," - "
1.43.8,Κόροιβος,http://arachne.dainst.org/entity/3888066,37.99471,23.34324,NULL," - object|agalma|Paus|Koroibos|agencyQ1784620|person|statue, Koroibos, Megara"
1.43.8,Μεγαρέων,http://pleiades.stoa.org/places/570468,37.2038,15.18273,"region,settlement"," - "
1.43.8,Ποινήν,http://arachne.dainst.org/entity/3888067,37.99471,23.34324,NULL," - object|agalma|Paus|Poine|t - heroic age|f - they say|Q2992411|agencyperson|Vengeance, Q2992411|statue, Poine, Megara"
1.43.8,Πυθία,http://topostext.org/place/385225SDel,38.48264,22.50108,NULL," - proxy|t - heroic age|i - eaō|focaliserQ220344"
1.43.8,"Τριποδίσκους κώμην",http://topostext.org/place/380233UTri,38.02,23.22,NULL," - "
1.44.1,Ὀλύμπια,http://pleiades.stoa.org/places/570531,37.637849,21.630126,"palaistra,sanctuary,temple-2"," - built|sanctuary|t - pre-Persian War|tx: Olympia720 BCE"
1.44.1,Ὀλυμπίᾳ,http://pleiades.stoa.org/places/570531,37.637849,21.630126,"palaistra,sanctuary,temple-2"," - "
1.44.2,Ἀπόλλων,http://arachne.dainst.org/entity/3888069,37.99471,23.34324,NULL," - object|agalma|Paus|worthy of viewing|Apollo|xm - keimai|agencyQ37340|person|statue, Apollo Prostaterios, sanctuary of Apollo Prostaterios, Megara"
1.44.2,Ἄρτεμις,http://arachne.dainst.org/entity/3888070,37.99471,23.34324,NULL," - object|agalma|Paus|Artemis|agencyQ39503|person|statue, Artemis, sanctuary of Apollo Prostaterios, Megara"
1.44.2,Λητὼ,http://arachne.dainst.org/entity/3888068,37.99471,23.34324,NULL," - object|agalma|Paus|Leto|agencyQ103107|person|statue, Leto, sanctuary of Apollo Prostaterios, Megara"
1.44.2,"Λητὼ καὶ οἱ παῖδες",http://arachne.dainst.org/entity/3888315,37.99471,23.34324,NULL," - object|agalma|Paus|b - Praxiteles|Leto|Apollo|Artemis|agencystatue, Leto and her children, sanctuary of Apollo Prostaterios, Megara"
1.44.2,λίθος,http://arachne.dainst.org/entity/3586098,37.99471,23.34324,NULL," - object|lithos|Paus|mat - lithos|nymphs|mat - lithos|i - parechō|agency|schemashape of a small pyramid|statue (lithos), Apollo Karinos, Megara"
1.44.2,ὀνομάζουσι,http://pleiades.stoa.org/places/570468,37.2038,15.18273,"region,settlement"," - "
1.44.2,πόλις,http://pleiades.stoa.org/places/570468,37.2038,15.18273,"region,settlement"," - built|polis|synoptic|i - parechō|agencythe polis as agent|1.44.2"
1.44.2,τοῦτον,http://arachne.dainst.org/entity/3586098,37.99471,23.34324,NULL," - object|statue|t - present|Apollo|mat - lithos|n - onomastatue, Apollo Karinos, Megara"
1.44.3,Αἰγύπτου,http://pleiades.stoa.org/places/981503,19.211408766666665,30.567329633333333,region," - "
1.44.3,ἀκροπόλεως,http://pleiades.stoa.org/places/570508,37.974359,23.362766,"unlocated,port,fort,church,settlement"," - "
1.44.3,γῇ,http://pleiades.stoa.org/places/570470,37.2038,15.18273,"region,settlement"," - "
1.44.3,ἐνταῦθα,http://pleiades.stoa.org/places/570508,37.974359,23.362766,"unlocated,port,fort,church,settlement"," - "
1.44.3,ἐνταῦθα,http://pleiades.stoa.org/places/570486,37.9696,23.3622,island," - "
1.44.3,ἐπίνειον,http://pleiades.stoa.org/places/570508,37.974359,23.362766,"unlocated,port,fort,church,settlement"," - built|epineion|Paus|l - es|f - narratee1.44.3"
1.44.3,θαλάσσῃ,http://pleiades.stoa.org/places/570654,37.77606943333334,23.46300815833333,water-open," - "
1.44.3,Κρητῶν,http://pleiades.stoa.org/places/589748,35.21984439173344,24.995769971494504,island," - proxy|l - entautha|t - heroic age|xm - ormeōnautikon (fleet)|1.44.3"
1.44.3,Λιβύης,http://pleiades.stoa.org/places/716588,31.5,26.5,region," - t - heroic age|f - they say|personQ"
1.44.3,Μινώα,http://pleiades.stoa.org/places/570486,37.9696,23.3622,island," - "
1.44.3,Νίσαια,http://pleiades.stoa.org/places/570508,37.974359,23.362766,"unlocated,port,fort,church,settlement"," - "
1.44.3,Νίσαιαν,http://pleiades.stoa.org/places/570508,37.974359,23.362766,"unlocated,port,fort,church,settlement"," - "
1.44.3,τοῦτο,http://pleiades.stoa.org/places/570508,37.974359,23.362766,"unlocated,port,fort,church,settlement"," - "
1.44.4,ἄγαλμα,http://arachne.dainst.org/entity/3586096,38.08762,23.18697,NULL," - object|agalma|Paus|mat - chalkos|worthy of viewing|Artemis|xm - leipōstatue, Artemis Soteira, Pagai"
1.44.4,Αἰγόσθενα,http://pleiades.stoa.org/places/570051,38.14719,23.22874,"settlement,fort"," - "
1.44.4,Ἀργεῖοι,http://pleiades.stoa.org/places/570106,37.631561,22.719464,settlement," - "
1.44.4,Βοιωτῶν,http://pleiades.stoa.org/places/540689,38.34668803333333,23.184677533333332,region," - "
1.44.4,Γλισᾶντι,http://pleiades.stoa.org/places/540791,38.391809,23.396935,settlement," - built|settlement|t - heroic age|r - Epigonoibattle"
1.44.4,ἐνταῦθά,http://pleiades.stoa.org/places/570543,37.974359,23.362766,"unlocated,port,fort,church,settlement"," - "
1.44.4,ἔχον,http://arachne.dainst.org/entity/3586096,38.08762,23.18697,NULL," - object|statue|analogic|Artemis|xm - echō|xmx: echō|schemastatue, Artemis Soteira, Pagai"
1.44.4,Θήβας,http://pleiades.stoa.org/places/541138,38.318092,23.255096,"sanctuary,settlement"," - "
1.44.4,Μεγαρεῦσι,http://pleiades.stoa.org/places/570468,37.2038,15.18273,"region,settlement"," - "
1.44.4,Μεγαρεῦσιν,http://pleiades.stoa.org/places/570468,37.2038,15.18273,"region,settlement"," - "
1.44.4,Μεγαρίδος,http://pleiades.stoa.org/places/570470,37.2038,15.18273,"region,settlement"," - "
1.44.4,Μῆδοί,http://pleiades.stoa.org/places/922698,30.5,51.5,unknown," - "
1.44.4,Παγαὶ,http://pleiades.stoa.org/places/570543,37.974359,23.362766,"unlocated,port,fort,church,settlement"," - "
1.44.4,Παγαῖς,http://pleiades.stoa.org/places/570543,37.974359,23.362766,"unlocated,port,fort,church,settlement"," - "
1.44.4,Παγὰς,http://pleiades.stoa.org/places/570543,37.974359,23.362766,"unlocated,port,fort,church,settlement"," - "
1.44.4,προσήκοντες,http://pleiades.stoa.org/places/570468,37.2038,15.18273,"region,settlement"," - t - heroic age|m - komizō|tr - thaptōrelatives of Aigialeos"
1.44.4,τῷ,http://arachne.dainst.org/entity/3586084,37.99471,23.34324,NULL," - object|statue|analogic|Artemisstatue, Artemis Soteira, Megara"
1.44.5,ἄγουσι,http://pleiades.stoa.org/places/570051,38.14719,23.22874,"settlement,fort"," - "
1.44.5,Αἰγοσθένοις,http://pleiades.stoa.org/places/570051,38.14719,23.22874,"settlement,fort"," - built|settlement|Paus1.44.5"
1.44.5,ἀνὴρ,http://arachne.dainst.org/entity/3586097,38.1473,23.2286,NULL," - "
1.44.5,ἐνταῦθα,http://topostext.org/place/381233FEre,38.119,23.332,NULL," - "
1.44.5,Ἐρενείᾳ,http://topostext.org/place/381233FEre,38.119,23.332,NULL," - "
1.44.5,Θηβῶν,http://pleiades.stoa.org/places/541138,38.318092,23.255096,"sanctuary,settlement"," - "
1.44.5,θύουσι,http://pleiades.stoa.org/places/570051,38.14719,23.22874,"settlement,fort"," - "
1.44.5,κώμῃ,http://topostext.org/place/381233FEre,38.119,23.332,NULL," - built|kome|Paus1.44.5"
1.44.5,λέγουσι,http://pleiades.stoa.org/places/570051,38.14719,23.22874,"settlement,fort"," - "
1.44.5,Μεγαρέων,http://pleiades.stoa.org/places/570468,37.2038,15.18273,"region,settlement"," - "
1.44.5,στήλῃ,http://arachne.dainst.org/entity/3586097,38.1473,23.2286,NULL," - built|stele|Pausstele, Aigosthena"
1.44.6,Ἑλλήνων,http://pleiades.stoa.org/places/1001896,37.5,22.5,province," - "
1.44.6,"θεοῦ χρήσαντος",http://topostext.org/place/385225SDel,38.48264,22.50108,NULL," - "
1.44.6,Κόρινθον,http://pleiades.stoa.org/places/570182,37.906045,22.878721,"sanctuary,settlement,fort"," - "
1.44.6,"λίθῳ κογχίτῃ",http://topostext.org/place/380233FKar,37.9783,23.3307,NULL," - built|tomb|t - pre-Persian War|t - husteron|mat - konkhites|mat - lithos|Kar|m - komizō|agencya tomb, part of the built environment"
1.44.6,Μεγαρεῦσιν,http://pleiades.stoa.org/places/570468,37.2038,15.18273,"region,settlement"," - "
1.44.6,Μεγάρων,http://pleiades.stoa.org/places/570468,37.2038,15.18273,"region,settlement"," - "
1.44.6,μνῆμά,http://topostext.org/place/380233FKar,37.9783,23.3307,NULL," - "
1.44.6,πόλει,http://pleiades.stoa.org/places/570468,37.2038,15.18273,"region,settlement"," - "
1.44.6,Σαμίου,http://pleiades.stoa.org/places/599925,37.73,26.84,"island,sanctuary,settlement,temple-2"," - proxyflute player"
1.44.6,σφισι,http://pleiades.stoa.org/places/570468,37.2038,15.18273,"region,settlement"," - "
1.44.6,"χῶμα γῆς",http://topostext.org/place/380233FKar,37.9783,23.3307,NULL," - "
1.44.7,αἳ,http://topostext.org/place/380232LSki,37.9782,23.283,NULL," - "
1.44.7,θάλασσαν,http://pleiades.stoa.org/places/570469,37.75,23.25,water-open," - "
1.44.7,Μολουρίδα,http://topostext.org/place/380232LSki,37.9782,23.283,NULL," - physical|rock|Paus|Ino|agencyone of the white rocks"
1.44.7,Ὀρχομενίοις,http://pleiades.stoa.org/places/540987,38.495082,22.959486,settlement," - "
1.44.7,πέτρας,http://topostext.org/place/380232LSki,37.9782,23.283,NULL," - "
1.44.7,ταύτης,http://topostext.org/place/380232LSki,37.9782,23.283,NULL," - "
1.44.8,ἄγουσι,http://pleiades.stoa.org/places/570182,37.906045,22.878721,"sanctuary,settlement,fort"," - "
1.44.8,δίδονται,http://pleiades.stoa.org/places/570182,37.906045,22.878721,"sanctuary,settlement,fort"," - proxy|t - present|i - didōmi|ix: didōmithe Corinthians?"
1.44.8,ἥγηντο,http://pleiades.stoa.org/places/570182,37.906045,22.878721,"sanctuary,settlement,fort"," - proxy|focaliserthe Corinthians?"
1.44.8,θάλασσαν,http://pleiades.stoa.org/places/570469,37.75,23.25,water-open," - "
1.44.8,Ἰσθμίων,http://topostext.org/place/379230BStI,37.914,22.99537,NULL," - built|agon|t - present|Melikertes|Palaimonthe Isthmian games (agon)"
1.44.8,ἰσθμὸν,http://pleiades.stoa.org/places/570317,37.9510881,22.9602226,isthmus," - "
1.44.8,Κορινθίων,http://pleiades.stoa.org/places/570182,37.906045,22.878721,"sanctuary,settlement,fort"," - "
1.44.8,Μολουρίδα,http://topostext.org/place/380232LSki,37.9782,23.283,NULL," - physical|petra|t - heroic age|f - they consider|Leukothea|Palaimon|s - hieros|agencyone of the white rocks"
1.44.8,Μολουρίδος,http://topostext.org/place/380232LSki,37.9782,23.283,NULL," - physical|petra|t - heroic age|t - tote|Inoone of the white rocks"
1.44.8,νομίζουσιν,http://pleiades.stoa.org/places/570182,37.906045,22.878721,"sanctuary,settlement,fort"," - proxy|focaliser|t - presentthe Corinthians?"
1.44.8,πέτραις,http://topostext.org/place/380232LSki,37.9782,23.283,NULL," - "
1.44.8,σφισιν,http://topostext.org/place/380232LSki,37.9782,23.283,NULL," - "
1.44.8,τὰς,http://topostext.org/place/380232LSki,37.9782,23.283,NULL," - "
1.44.8,ταύτην,http://topostext.org/place/380232LSki,37.9782,23.283,NULL," - physical|rock|Paus|l - meta|Leukothea|Palaimonthe Molouris rock"
1.44.9,Αἰγίνῃ,http://pleiades.stoa.org/places/579853,37.74991,23.42372,"island,settlement,temple-2"," - "
1.44.9,Ἀπόλλωνός,http://arachne.dainst.org/entity/3888072,37.98132,23.27153,NULL," - object|agalma|Paus|Apollo|l - entauthaQ37340|person|statue, Apollo, temple of Zeus Aphesios, Skironian rocks"
1.44.9,Ἀφροδίτης,http://arachne.dainst.org/entity/3888071,37.98132,23.27153,NULL," - object|agalma|Paus|Aphrodite|l - entauthaQ35500|person|statue, Aphrodite, temple of Zeus Aphesios, Skironian rocks"
1.44.9,Ἕλλησιν,http://pleiades.stoa.org/places/1001896,37.5,22.5,province," - "
1.44.9,ἐνταῦθα,http://topostext.org/place/380233SZAp,37.9844,23.2848,NULL," - "
1.44.9,λόγιον,http://topostext.org/place/385225SDel,38.48264,22.50108,NULL," - "
1.44.9,ναός,http://topostext.org/place/380233SZAp,37.9844,23.2848,NULL," - "
1.44.9,ὄρους,http://topostext.org/place/380232LSki,37.9782,23.283,NULL," - physical|oros|Paus|l - akra1.44.9"
1.44.9,Πανός,http://arachne.dainst.org/entity/3888073,37.98132,23.27153,NULL," - object|agalma|Paus|Pan|l - entauthaQ132582, 1.44.9|person|statue, Pan, temple of Zeus Aphesios, Skironian rocks"
1.44.10,Ἀρκάδα,http://pleiades.stoa.org/places/570102,37.567419268449626,22.165323097346306,region," - "
1.44.10,Ἀττικῆς,http://pleiades.stoa.org/places/579888,38.051998833333336,23.818991099999998,region," - "
1.44.10,Κορινθίαν,http://pleiades.stoa.org/places/570182,37.906045,22.878721,"sanctuary,settlement,fort"," - "
1.44.10,Μεγαρεῦσιν,http://pleiades.stoa.org/places/570468,37.2038,15.18273,"region,settlement"," - "
