Lon,Lat,Name,Region,Part_of,Type,Passages,Location,Pleiades,ToposText,Wikidata,Manto,Altname,URL,Arachne
22.096,37.533,"mountainous area between Thyraion and Hypsous","Arcadia Bk8","Arcadia Bk8",['chora'],['8.35.7'],NULL,NULL,NULL,NULL,NULL,NULL,NULL,NULL
21.374,37.89,"Temple of Hades at Elis","Eleia Bk5 Bk6","Sanctuary of Hades at Elis",['naos'],['6.25.2'],"Sanctuary of Hades at Elis",NULL,NULL,NULL,NULL,NULL,NULL,NULL
21.9195,37.1779,"Gymnasium of Messene","Messenia Bk4","Messene (Messenia)",['gymnasion'],['4.32.1'],"Messene (Messenia)",NULL,NULL,NULL,NULL,NULL,NULL,NULL
23.004,37.461,"Strouthos? cape (Argolid)","Argolid Bk2","Argolid Bk2",['akra'],['2.36.3'],NULL,https://pleiades.stoa.org/places/570694,https://topostext.org/place/373233LStr,NULL,NULL,NULL,NULL,NULL
22.42338,37.08265,"Athena Chalkioikos sanctuary on acropolis of Sparta","Lakonia Bk3","Acropolis of Sparta",['hieron'],"['10.5.11','3.17.2','3.17.7','4.15.5']",NULL,NULL,https://topostext.org/place/371224SACh,https://wikidata.org/wiki/Q57302774,https://resource.manto.unh.edu/10150378,NULL,NULL,NULL
23.3484,37.5033,"Theater of Troizen","Troizenia Bk2","Troizen (Troizenia)",['theatron'],['2.31.4'],"Troizen (Troizenia)",NULL,NULL,NULL,NULL,NULL,NULL,NULL
21.45,37.7,"Hollow Elis","Eleia Bk5 Bk6","Eleia Bk5 Bk6",['chora'],['5.16.6'],NULL,NULL,NULL,https://wikidata.org/wiki/Q11955829,NULL,"Coele Elis",NULL,NULL
22.4237,37.0821,"Sanctuary of Diktynna in Sparta","Lakonia Bk3",Sparta,['hieron'],['3.12.8'],Sparta,NULL,NULL,https://wikidata.org/wiki/Q124616433,NULL,NULL,NULL,NULL
21.863791,37.613569,"Temple of Dionysos Auxites at Heraia","Arcadia Bk8","Heraia (Arcadia)",['naos'],['8.26.1'],"Heraia (Arcadia)",NULL,NULL,NULL,NULL,NULL,NULL,NULL
21.73,38.082,"Altar at oracle in Pharae agora","Achaia Bk7","agora of Pharae",['bomos'],['7.22.3'],"agora of Pharae",NULL,NULL,NULL,NULL,NULL,NULL,NULL
21.63754,37.64094,"Sanctuary of Demeter Chamyne at Olympia","Eleia Bk5 Bk6",Olympia,['hieron'],['6.21.1'],NULL,https://pleiades.stoa.org/places/469444289,https://topostext.org/place/376216SDCh,https://wikidata.org/wiki/Q97446599,https://resource.manto.unh.edu/10268821,NULL,NULL,NULL
22.4237,37.0821,"Heroon of Oiolykos son of Thera by Poikile clubhouse at Sparta","Lakonia Bk3",Sparta,['heroon'],['3.15.8'],Sparta,NULL,NULL,https://wikidata.org/wiki/Q124616574,NULL,NULL,NULL,NULL
22.5152,38.4915,"Lykoreia (Phokis)","Phokis Bk10","Phokis Bk10",['settlement'],"['10.6.2','10.6.3','4.34.9']",NULL,NULL,https://topostext.org/place/385225ULyk,https://wikidata.org/wiki/Q5975192,NULL,Lycoreia,NULL,NULL
23.3178,38.3191,"sanctuary of Lysian Dionysos in Thebes near theater","Boiotia Bk9","Thebes (Boeotia)",['hieron'],['9.16.6'],"Thebes (Boeotia)",NULL,NULL,https://wikidata.org/wiki/Q134037823,NULL,"santuary of Dionysus Lysius",NULL,NULL
22.45,37.625,"Dance of Maira at Argon Pedion","Arcadia Bk8","Argon Pedion",['chorion'],['8.8.1'],"Argon Pedion",NULL,NULL,NULL,NULL,NULL,NULL,NULL
22.4203,37.4555,"Temple of Athena Alea at Tegea","Arcadia Bk8","Athena Alea sanctuary near Tegea",['naos'],['8.47.2'],"Athena Alea sanctuary near Tegea",NULL,NULL,NULL,NULL,NULL,NULL,NULL
22.30245,39.50051,Krannon/Ephyra,"Hellas (Europe)",Thessalia,['polis'],"['10.3.4','5.8.8']",NULL,https://pleiades.stoa.org/places/540886,NULL,https://wikidata.org/wiki/Q56427665,NULL,NULL,NULL,NULL
22.429,37.464,"Phylaktris hill near Tegea","Arcadia Bk8","Tegea (Arkadia)",['lophos'],['8.48.4'],"Tegea (Arkadia)",NULL,NULL,NULL,NULL,NULL,NULL,NULL
23.136,36.43,"Cave near sea at Nymphaion in Lakonia","Lakonia Bk3","Nymphaion (Lakonia)",['spelaion'],['3.23.2'],"Nymphaion (Lakonia)",NULL,NULL,NULL,NULL,NULL,NULL,NULL
22.956902,38.392613,"Sanctuary of Hera below agora of Korôneia","Boiotia Bk9","Koroneia (Boeotia)",['hieron'],['9.34.3'],"Koroneia (Boeotia)",NULL,NULL,https://wikidata.org/wiki/Q134037607,NULL,NULL,NULL,NULL
23.42372,37.74991,"Aiakeion in Aigina","Aigina island Bk2","Aigina polity","['hieron','peribolos']",['2.29.6'],"Aigina polity",NULL,NULL,https://wikidata.org/wiki/Q403346,NULL,NULL,NULL,NULL
22.17928,36.92565,"Sanctuary of Klaia at Mt. Kalathion","Lakonia Bk3","Kalathion (mountain)",['hieron'],['3.26.11'],"Kalathion (mountain)",NULL,NULL,https://wikidata.org/wiki/Q124616485,NULL,NULL,NULL,NULL
23.717999999999996,37.981,"Tomb of Nikias son of Nikomedes, Athens","Athenai Bk1","Athenai Bk1",['taphos'],['1.29.15'],NULL,NULL,https://topostext.org/binder/JB2206,NULL,NULL,NULL,NULL,NULL
23.026,36.731,"Epidaurus Limera (Laconia)","Lakonia Bk3","Lakonia Bk3",['polis'],"['3.21.7','3.23.10','3.23.6','3.24.1']",NULL,https://pleiades.stoa.org/places/570229,https://topostext.org/place/367230UEpi,https://wikidata.org/wiki/Q12877135,NULL,"Epidauros Limera",NULL,NULL
22.663,38.4296,"level place Ambrossos-Antikyra road, 2 stadia uphill from Ambrossos","Phokis Bk10","Phokis Bk10",['chorion'],['10.36.5'],NULL,NULL,NULL,NULL,NULL,NULL,NULL,NULL
22.123,37.428,"Aminios (river)","Arcadia Bk8","Arcadia Bk8",['potamos'],['8.29.5'],NULL,https://pleiades.stoa.org/places/570070,NULL,NULL,NULL,NULL,NULL,NULL
22.1273,37.4124,"Sacred precinct right of temple of Artemis Agrotera at Megalopolis","Arcadia Bk8","Hill east of stadium of Megalopolis with Agrotera temple",['temenos'],['8.32.4'],"Hill east of stadium of Megalopolis with Agrotera temple",NULL,NULL,NULL,NULL,NULL,NULL,NULL
23.58944,38.46276,Euripos,"Euboea (island)","Euboian Gulf",['settlement'],"['1.23.3','1.38.1','2.24.6','5.23.2','6.13.8','7.7.6','9.12.6','9.19.6','9.22.5','9.31.3']",NULL,https://pleiades.stoa.org/places/540783,NULL,https://wikidata.org/wiki/Q1137741,NULL,NULL,NULL,NULL
21.630126,37.637849,"Altar of Apollo Pythios at Olympia","Eleia Bk5 Bk6",Olympia,['bomos'],['5.15.4'],Olympia,NULL,NULL,NULL,NULL,NULL,NULL,NULL
21.8,37.2,"Messenia Bk4",NULL,Peloponnesos,['chora'],"['2.18.7','2.18.8','3.1.4','3.13.1','3.14.4','3.2.6','3.26.6','3.26.7','3.3.2','3.7.5','4.1.2','4.12.1','4.12.7','4.14.3','4.14.4','4.14.7','4.15.8','4.16.9','4.17.1','4.18.2','4.19.4','4.19.5','4.2.5','4.20.2','4.21.1','4.23.1','4.24.4','4.28.2','4.29.11','4.3.10','4.3.2','4.3.3','4.3.4','4.3.5','4.30.1','4.31.1','4.34.9','4.36.7','4.4.2','4.4.3','4.5.8','4.5.9','4.6.4','4.7.1','4.7.4','5.6.3','8.1.1','8.1.2','8.27.15','8.35.2']",NULL,https://pleiades.stoa.org/places/570480,https://topostext.org/place/372218RMes,https://wikidata.org/wiki/Q1247159,NULL,NULL,NULL,NULL
22.4237,37.0821,"Phrouria guardhouses? at Sparta","Lakonia Bk3",Sparta,['oikema'],['3.12.8'],Sparta,NULL,NULL,NULL,NULL,NULL,NULL,NULL
22.3933,37.6181,"Sanctuary of Athena Alea at Mantineia","Arcadia Bk8","Mantineia (Arkadia)",['hieron'],['8.9.6'],"Mantineia (Arkadia)",NULL,NULL,https://wikidata.org/wiki/Q134037178,NULL,NULL,NULL,NULL
23.42372,37.74991,"Aigina polity","Aigina island Bk2","Aigina island Bk2",['polis'],"['1.44.9','2.29.6','6.9.3','7.5.5']",NULL,https://pleiades.stoa.org/places/579853,https://topostext.org/place/378234PAig,https://wikidata.org/wiki/Q191082,NULL,"Aegina polis",NULL,NULL
21.533,38.372,Kalydonia,"Aitolia region","Aitolia region",['chora'],['2.25.2'],NULL,NULL,NULL,NULL,NULL,"territory of Kalydon, Calydonia",NULL,NULL
21.738518,38.243265,"Temple of Artemis Laphria at Patrae","Achaia Bk7","Sanctuary of Artemis Laphria at Patrae",['naos'],['7.19.1'],"Sanctuary of Artemis Laphria at Patrae",NULL,NULL,NULL,NULL,NULL,NULL,NULL
22.1121,37.9719,"Artemis Hemerasia temple (Lousoi)","Arcadia Bk8",Lousoi,['hieron'],['8.18.8'],NULL,NULL,https://topostext.org/place/380221SLou,https://wikidata.org/wiki/Q4500696,https://resource.manto.unh.edu/10210634,NULL,NULL,NULL
21.963136,37.43148,Melpeia,"Arcadia Bk8","Arcadia Bk8",['chorion'],['8.38.11'],NULL,https://pleiades.stoa.org/places/570476,NULL,https://wikidata.org/wiki/Q12880498,NULL,NULL,NULL,NULL
22.9,37.37,"Argolic Gulf (Argolid)","Argolid Bk2","Argolid Bk2",['kolpos'],"['2.25.9','8.1.1']",NULL,NULL,https://topostext.org/place/374229WArg,https://wikidata.org/wiki/Q648317,NULL,NULL,NULL,NULL
21.99466129,37.45059329,"Lykaion Hippodrome","Arcadia Bk8","Lykaion (mountain)",['hippodrome'],['8.38.5'],NULL,NULL,NULL,NULL,NULL,NULL,https://imperium.ahlfeldt.se/places/24530,NULL
21.892903,37.871725,"Tomb of Alkmaion at Psophis","Arcadia Bk8",Psophis,"['oikema','taphos']",['8.24.7'],Psophis,NULL,NULL,NULL,https://resource.manto.unh.edu/10214296,NULL,NULL,NULL
23.110281,38.20809,"Mountain by the sea west of Kreusis","Boiotia Bk9",Kreusis,['oros'],['9.32.2'],Kreusis,NULL,NULL,NULL,NULL,NULL,NULL,NULL
23.7186181,38.1752735,"Altar of Zeus Semaleos, mount Parnes","Attica Bk1","Parnes or Parnitha mountain",['bomos'],['1.32.2'],"Parnes or Parnitha mountain",NULL,NULL,NULL,NULL,NULL,NULL,NULL
23.7205,37.9798,"Demosion Sema, Corinth, Athens","Athenai Bk1","Demosion Sema war graves, Athens",['taphos'],['1.29.11'],NULL,NULL,https://topostext.org/binder/JB1047,NULL,NULL,NULL,NULL,NULL
23.288,38.566,"mountains above Larymna with wild pigs","Boiotia Bk9","Boiotia Bk9",['oros'],['9.23.7'],NULL,NULL,NULL,NULL,NULL,NULL,NULL,NULL
23.625,37.875,"Phaleron Limen","Attica Bk1","Attica Bk1",['epineion'],"['1.1.2','1.1.4']",NULL,https://pleiades.stoa.org/places/580071,NULL,NULL,NULL,NULL,NULL,NULL
22.165174,37.480046,"Grove of trees around hieron of Poseidon at Trikolonoi","Arcadia Bk8",Trikolonoi,['alsos'],['8.35.6'],Trikolonoi,NULL,NULL,NULL,NULL,NULL,NULL,NULL
22.68143,38.47571,"Tomb of Laios and his servant at three-way junction","Phokis Bk10","Three-way junction on the Schiste hodos",['mnema'],['10.5.4'],"Three-way junction on the Schiste hodos",NULL,NULL,NULL,https://resource.manto.unh.edu/10269073,NULL,NULL,NULL
22.450621,38.428937,"Sacred lands of Apollo, near Delphi, Cirra's territory dedicated after Sacred War","Phokis Bk10",Kirra,['chora'],['10.15.1'],Kirra,NULL,NULL,NULL,NULL,NULL,NULL,NULL
22.8802,37.9054,"Lerna spring near Corinth theater","Corinthia Bk2","Corinth (Corinthia)",['pege'],['2.4.5'],"Corinth (Corinthia)",NULL,NULL,NULL,NULL,NULL,NULL,NULL
25.336030000000004,36.7136,"Tomb of Clymene, mother of Homer, somewhere on Ios","Aegean Sea (Hellas)","Ios (island)",['mnema'],['10.24.2'],"Ios (island)",NULL,NULL,NULL,NULL,NULL,NULL,NULL
23.718611,37.978333,"Stoas, between the gate and Kerameikos","Athenai Bk1",Kerameikos,['stoa'],['1.2.4'],Kerameikos,NULL,NULL,NULL,NULL,NULL,NULL,NULL
22.438,36.726,"Hypsoi unlocated site on Spartan SW border","Lakonia Bk3","Lakonia Bk3",['chorion'],['3.24.8'],NULL,https://pleiades.stoa.org/places/573258,NULL,https://wikidata.org/wiki/Q60790115,NULL,NULL,NULL,NULL
22.43516,38.9046,Lamia,"Hellas (Europe)",Phthiotis,['settlement'],"['1.1.3','1.4.3','1.8.2','10.3.4','6.4.7','7.10.4','7.10.5','7.15.2','7.6.5']",NULL,https://pleiades.stoa.org/places/540902,NULL,https://wikidata.org/wiki/Q192980,NULL,NULL,NULL,NULL
22.8802,37.9054,"Sanctuary of Hera in Corinth","Corinthia Bk2","Corinth (Corinthia)",['hieron'],['2.3.11'],"Corinth (Corinthia)",NULL,NULL,https://wikidata.org/wiki/Q134037571,NULL,NULL,NULL,NULL
21.6336,37.637,"pillar at the starting point of the horse tracks, Olympia","Eleia Bk5 Bk6","Hippodrome (Olympia)",['kion'],['5.15.5'],"Hippodrome (Olympia)",NULL,NULL,NULL,NULL,NULL,NULL,NULL
23.103304,38.55756,Hyettos,"Boiotia Bk9","Boiotia Bk9",['kome'],"['9.24.3','9.24.4','9.36.6']",NULL,https://pleiades.stoa.org/places/540823,NULL,https://wikidata.org/wiki/Q12872650,NULL,NULL,NULL,NULL
21.631,37.641,"summit of Kronion Mt. at Olympia","Eleia Bk5 Bk6",Kronion,['koryphe'],['6.20.1'],Kronion,NULL,NULL,NULL,NULL,NULL,NULL,NULL
20.638399,38.44193,"Mainland opposite Ithakê, where Odysseus raised cattle","Hellas (Europe)","Ithaca (island)",['epeiros'],['8.14.6'],"Ithaca (island)",NULL,NULL,NULL,NULL,NULL,NULL,NULL
27.52785,37.8507,"Magnesia ad Maeandrum/Leukophrys","Asia Minor (Asia)","Ionia (region)",['settlement'],"['1.1.2','5.21.10','6.17.3']",NULL,https://pleiades.stoa.org/places/599778,NULL,https://wikidata.org/wiki/Q1432674,NULL,NULL,NULL,NULL
23.243591,37.385218,"Temple of Apollo in Hermione, no epithet","Hermionis Bk2",Hermione,['naos'],['2.35.2'],Hermione,NULL,NULL,NULL,NULL,NULL,NULL,NULL
22.4237,37.0821,"Sanctuary of the Great Mother at Sparta","Lakonia Bk3",Sparta,['hieron'],['3.12.9'],Sparta,NULL,NULL,https://wikidata.org/wiki/Q124616437,NULL,NULL,NULL,NULL
22.9154,38.58006,"Agora of Abai","Phokis Bk10",Abai,['agora'],['10.35.4'],Abai,NULL,NULL,https://wikidata.org/wiki/Q133963428,NULL,NULL,NULL,NULL
22.72926,38.50665,Daulis,"Phokis Bk10","Phokis Bk10",['settlement'],"['1.41.8','10.3.1','10.35.8','10.4.10','10.4.7','10.4.8','10.5.1']",NULL,https://pleiades.stoa.org/places/540723,NULL,https://wikidata.org/wiki/Q1172948,NULL,NULL,NULL,NULL
22.649131,37.846299,"Sanctuary of Demeter at Phlious, not far from theater","Phlious Bk2","Phlious Bk2",['hieron'],['2.13.5'],"Phlious Bk2",NULL,NULL,https://wikidata.org/wiki/Q134037325,NULL,NULL,NULL,NULL
23.3484,37.5033,"Tent of Orestes at Troizen, building in front of the Apollo sanctuary","Troizenia Bk2","Troizen (Troizenia)",['oikema'],['2.31.8'],"Troizen (Troizenia)",NULL,NULL,NULL,NULL,NULL,NULL,NULL
21.374,37.89,"small building for Sosipolis on left of Tyche in Elis","Eleia Bk5 Bk6","Elis polis",['oikema'],['6.25.4'],"Elis polis",NULL,NULL,NULL,NULL,NULL,NULL,NULL
22.80004,37.59918,"Chambers of the daughters of Proetus, on the sea near Tiryns","Argolid Bk2",Tiryns,['thalamos'],['2.25.9'],Tiryns,NULL,NULL,NULL,NULL,NULL,NULL,NULL
22.7195,37.6316,"Tomb of Helenus at Argos, local legend","Argolid Bk2","Argos (Argolid)",['mnema'],['2.23.5'],"Argos (Argolid)",NULL,NULL,NULL,https://resource.manto.unh.edu/10187136,NULL,NULL,NULL
22.0453,37.5399,"Asclepius sanctuary and temple of Gortys in Arcadia","Arcadia Bk8",Gortys,"['Asclepieion','naos']","['5.7.1','8.28.1']",NULL,NULL,https://topostext.org/place/375220SAsk,NULL,NULL,NULL,NULL,NULL
23.8068,38.0263,Phlya,"Attica Bk1","Attica Bk1",['demos'],['1.31.4'],NULL,https://pleiades.stoa.org/places/580076,NULL,https://wikidata.org/wiki/Q13424335,NULL,NULL,NULL,NULL
39,19.5,"Seria island in the Red Sea","Asia (continent)","Erythraeum Mare",['nesos'],['6.26.9'],"Erythraeum Mare",NULL,NULL,NULL,NULL,NULL,NULL,NULL
26.858519999999995,39.69936,"Ida (mountain)","Asia Minor (Asia)",Troas,['oros'],"['10.12.3','10.12.4','3.13.5','6.4.9','7.3.8']",NULL,https://pleiades.stoa.org/places/550592,NULL,https://wikidata.org/wiki/Q1127771,NULL,NULL,NULL,NULL
27.363816,37.9498235,"Altar of Artemis Protothronia in hieron of Ephesian Artemis","Asia Minor (Asia)","Sanctuary of Ephesian Artemis at Ephesus",['bomos'],['10.38.6'],"Sanctuary of Ephesian Artemis at Ephesus",NULL,NULL,NULL,NULL,NULL,NULL,NULL
23.088,38.3787,"Tomb of Lysandros the Lakedaimonian at Haliartos","Boiotia Bk9","Haliartos (Boeotia)",['mnema'],['9.32.5'],"Haliartos (Boeotia)",NULL,NULL,NULL,NULL,NULL,NULL,NULL
22.42534,37.64991,Melangeia,"Arcadia Bk8","Arcadia Bk8","['chorion','hydor']","['8.6.4','8.6.5']",NULL,https://pleiades.stoa.org/places/570473,https://topostext.org/place/376224UMel,https://wikidata.org/wiki/Q6811232,NULL,NULL,NULL,NULL
21.798,38.302,"Selemnos river (Achaia)","Achaia Bk7","Achaia Bk7",['potamos'],"['7.23.1','7.23.3']",NULL,https://pleiades.stoa.org/places/570657,https://topostext.org/place/383218WSel,https://wikidata.org/wiki/Q3566505,NULL,NULL,NULL,NULL
22.54475,38.73735,"Knemis (mountain)","Hellas (Europe)","Lokris Epiknemidia",['oros'],"['10.20.2','10.8.2']",NULL,https://pleiades.stoa.org/places/540871,NULL,NULL,NULL,NULL,NULL,NULL
22.7195,37.6316,"Deiras gates of Argos","Argolid Bk2","Argos (Argolid)",['pylai'],"['2.24.1','2.25.1']","Argos (Argolid)",NULL,https://topostext.org/place/376227FDei,NULL,NULL,NULL,NULL,NULL
21.630126,37.637849,"Stele of Chionis at Olympia","Eleia Bk5 Bk6",Olympia,['stele'],['6.13.5'],Olympia,NULL,NULL,NULL,NULL,NULL,NULL,NULL
21.62932,37.63923,"Altar of Pan at Olympia in Prytaneion on right of entrance","Eleia Bk5 Bk6","Prytaneion (Olympia)",['bomos'],['5.15.9'],"Prytaneion (Olympia)",NULL,NULL,NULL,NULL,NULL,NULL,NULL
-7.9149035,31.0597925,"Atlas Mons/Atlas Montes","Libya (Africa)","Libya (Africa)",['oros'],"['1.33.5','1.33.6','8.43.3']",NULL,https://pleiades.stoa.org/places/846,NULL,https://wikidata.org/wiki/Q130135,NULL,NULL,https://imperium.ahlfeldt.se/places/44459,NULL
22.740687,38.474777,Phlygonion?,"Phokis Bk10","Phokis Bk10",['polis'],['10.3.2'],NULL,https://pleiades.stoa.org/places/541047,NULL,https://wikidata.org/wiki/Q16261484,NULL,NULL,NULL,NULL
23.219541,38.451533,"Temple of Dionysos at Akraiphnion","Boiotia Bk9",Akraiphnion,['naos'],['9.23.5'],Akraiphnion,NULL,NULL,NULL,NULL,NULL,NULL,NULL
8.895951167,40.06802462,"Sardinia (island)","Internum Mare","Internum Mare",['nesos'],"['1.29.5','10.17.1','10.17.10','10.17.11','10.17.13','10.17.2','10.17.3','10.17.4','10.17.5','10.17.6','10.17.8','10.17.9','4.23.5','7.17.3','7.2.2','9.23.1']",NULL,https://pleiades.stoa.org/places/472014,NULL,https://wikidata.org/wiki/Q3760293,NULL,NULL,NULL,NULL
22.9968,38.4128,"Altar of Iodama at Itonian Athena sanctuary, Boeotia","Boiotia Bk9","Athena Itonia sanctuary in Boeotia",['bomos'],['9.34.2'],"Athena Itonia sanctuary in Boeotia",NULL,NULL,NULL,NULL,NULL,NULL,NULL
16.25,39.25,"Sabutus (river)","Italia (Europe)","Italia (Europe)",['potamos'],['6.6.11'],NULL,https://pleiades.stoa.org/places/452424,NULL,https://wikidata.org/wiki/Q605363,NULL,NULL,NULL,NULL
23.844643,38.290623,"Spring of Amphiaraos","Attica Bk1","Amphiareion near Oropos",['pege'],['1.34.4'],"Amphiareion near Oropos",NULL,NULL,https://wikidata.org/wiki/Q124644581,https://resource.manto.unh.edu/10160001,NULL,NULL,NULL
26.23873,39.9577,"Court of Priam in Ilium","Asia Minor (Asia)",Ilium,['megaron'],['2.24.3'],Ilium,NULL,NULL,NULL,NULL,NULL,NULL,NULL
22.5047,36.7279,"Las polis","Lakonia Bk3","Lakonia Bk3",['polis'],"['3.21.7','3.24.6','3.24.7','3.24.9']",NULL,https://pleiades.stoa.org/places/570417,NULL,https://wikidata.org/wiki/Q7142558,NULL,"La in Lakonia",NULL,NULL
25.382250000000003,36.39633,"Hiera/Automate (island)","Aegean Sea (Hellas)","Cyclades region (Aegean)",['nesos'],['8.33.4'],NULL,https://pleiades.stoa.org/places/599645,NULL,https://wikidata.org/wiki/Q1419053,NULL,NULL,NULL,NULL
14.4344,40.5825,"Mythical island of the Sirens in Homer","Internum Mare","Internum Mare",['nesos'],['10.6.5'],NULL,NULL,NULL,https://wikidata.org/wiki/Q12898748,NULL,NULL,NULL,NULL
23.72512,37.97207,"Klepsydra spring (Athens Acropolis)","Athenai Bk1","Athenian Acropolis (Athens)",['pege'],['1.28.4'],NULL,https://pleiades.stoa.org/places/538107005,https://topostext.org/place/380237WKle,https://wikidata.org/wiki/Q12879136,NULL,NULL,NULL,NULL
15.002988,37.279759,"Leontini, Lentini","Sicilia (island)","Sicilia (island)",['polis'],['6.17.9'],NULL,https://pleiades.stoa.org/places/462279,NULL,https://wikidata.org/wiki/Q3830644,NULL,NULL,NULL,NULL
22.429,37.464,"Many altars at Zeus Klarios high place in Tegea","Arcadia Bk8","Tegea (Arkadia)",['bomos'],['8.53.9'],"Tegea (Arkadia)",NULL,NULL,NULL,NULL,NULL,NULL,NULL
21.8204,37.4432,"Elaion mountain, Arcadia","Arcadia Bk8","Arcadia Bk8",['oros'],"['8.41.7','8.42.1','8.42.3']",NULL,https://pleiades.stoa.org/places/573197,NULL,https://wikidata.org/wiki/Q24896427,NULL,NULL,NULL,NULL
23.3244,38.3248,"Ismenos river (Boeotia)","Boiotia Bk9","Boiotia Bk9",['potamos'],"['9.10.2','9.10.6']",NULL,NULL,https://topostext.org/place/383233WIsm,https://wikidata.org/wiki/Q2422308,NULL,NULL,NULL,NULL
22.5056,38.4806,"Pronaos of Athena Pronoia temple at Delphi","Phokis Bk10","Delphi (polis)",['pronaos'],['10.8.6'],"Delphi (polis)",NULL,NULL,NULL,NULL,NULL,NULL,NULL
22.819373,37.042584,"Springs at Marios, by grove, at Artemis sanctuary","Lakonia Bk3",Marios,['pege'],['3.22.8'],Marios,NULL,NULL,NULL,NULL,NULL,NULL,NULL
21.9133,37.1868,"Arcadian Gate of Messene","Messenia Bk4","City walls of Messene",['pylai'],['4.33.3'],NULL,https://pleiades.stoa.org/places/435916987,NULL,https://wikidata.org/wiki/Q38279515,NULL,NULL,NULL,NULL
22.026,37.527,"Gortynios/Lousios river (Arkadia)","Arcadia Bk8","Arcadia Bk8",['potamos'],"['5.7.1','8.28.2','8.28.3','8.4.8']",NULL,https://pleiades.stoa.org/places/570266,https://topostext.org/place/375220WGor,https://wikidata.org/wiki/Q1872337,NULL,NULL,NULL,NULL
22.733,37.395,"Thyrea? (Arkadia)","Arcadia Bk8","Arcadia Bk8",['settlement'],['8.54.4'],NULL,NULL,https://topostext.org/place/374227PThy,https://wikidata.org/wiki/Q3036391,NULL,NULL,NULL,NULL
22.3503405,36.9528148,Dereion,"Lakonia Bk3","Taygetos (mountain)",['settlement'],['3.20.7'],"Taygetos (mountain)",https://pleiades.stoa.org/places/573183,NULL,https://wikidata.org/wiki/Q60792061,NULL,NULL,NULL,NULL
23.7976,37.8300155,"sanctuary of Mother of the Gods, Anagyros","Attica Bk1",Anagyrous,['hieron'],['1.31.1'],Anagyrous,NULL,NULL,https://wikidata.org/wiki/Q124644564,NULL,NULL,NULL,NULL
22.87352,38.431063,"Spring of Lêthê at Lebadeia","Boiotia Bk9",Lebadeia,['pege'],['9.39.8'],Lebadeia,NULL,NULL,NULL,NULL,NULL,NULL,NULL
21.892903,37.871725,"Phegia, former name of Psophis","Arcadia Bk8",Psophis,['settlement'],['8.24.8'],Psophis,NULL,NULL,NULL,NULL,NULL,NULL,NULL
22.0299,38.2197,"Rhypes sanct. (Achaia)","Achaia Bk7","Achaia Bk7",['hieron'],['7.23.4'],NULL,NULL,https://topostext.org/place/382220URhy,https://wikidata.org/wiki/Q2148349,NULL,NULL,NULL,NULL
22.737804,37.581685,Temenion,"Argolid Bk2","Argolid Bk2",['settlement'],"['2.36.6','2.38.1','2.38.2']",NULL,https://pleiades.stoa.org/places/570710,NULL,https://wikidata.org/wiki/Q12160445,NULL,NULL,NULL,NULL
22.66931,38.58344,"Place near Tithorea where sacred remnants from Isis festival are buried","Phokis Bk10",Tithorea/Neon,['chorion'],['10.32.14'],"Area around hieron of Isis near Tithorea, where panêgyris is held.",NULL,NULL,NULL,NULL,NULL,NULL,NULL
24.70109,36.9678,"Siphnos (island)","Aegean Sea (Hellas)","Cyclades region (Aegean)",['nesos'],['10.11.2'],NULL,https://pleiades.stoa.org/places/590049,NULL,https://wikidata.org/wiki/Q95452882,NULL,NULL,NULL,NULL
22.05141,37.11343,"temple of the Syrian goddess at Thouria","Messenia Bk4",Thouria,['hieron'],['4.31.2'],Thouria,NULL,NULL,https://wikidata.org/wiki/Q134036933,NULL,NULL,NULL,NULL
21.630126,37.637849,"Theecoleon at Olympia","Eleia Bk5 Bk6",Olympia,['oikema'],['5.15.8'],Olympia,NULL,NULL,https://wikidata.org/wiki/Q23859825,NULL,NULL,NULL,NULL
21.9725313,37.4563114,"Grove of Apollo Parrasios on Mt. Lykaion","Arcadia Bk8","Lykaion (mountain)",['alsos'],['8.38.2'],"Lykaion (mountain)",NULL,NULL,NULL,NULL,NULL,NULL,NULL
29.107859999999995,37.83692,"Laodicea ad Lycum","Asia Minor (Asia)",Phrygia,['polis'],['10.32.4'],NULL,https://pleiades.stoa.org/places/638955,NULL,https://wikidata.org/wiki/Q849709,NULL,Diospolis/Roas,NULL,NULL
27.589310000000005,37.51644,"Adyton of Endymion at Latmos","Asia Minor (Asia)","Latmos (mountain)",['adyton'],['5.1.5'],"Latmos (mountain)",NULL,NULL,NULL,https://resource.manto.unh.edu/10217967,NULL,NULL,NULL
23.088,36.787,"Temple of Apollo at Zarax","Lakonia Bk3",Zarax,['naos'],['3.24.1'],Zarax,NULL,NULL,https://wikidata.org/wiki/Q124616399,NULL,NULL,NULL,NULL
42.5,12.5,Abasa,"Asia (continent)","Erythraeum Mare",['nesos'],['6.26.9'],NULL,https://pleiades.stoa.org/places/39262,NULL,NULL,NULL,Abasenoi?,NULL,NULL
22.8802,37.9054,"Temple of Aphrodite Melaenis at Craneion, Corinth","Corinthia Bk2","Corinth (Corinthia)",['naos'],['2.2.4'],"Corinth (Corinthia)",NULL,NULL,NULL,NULL,NULL,NULL,NULL
23.1,38.6,"Locris Opuntia region","Hellas (Europe)","Hellas (Europe)",['chora'],"['7.15.3','9.24.5']",NULL,https://pleiades.stoa.org/places/540918,https://topostext.org/place/386231ROpu,https://wikidata.org/wiki/Q3354839,NULL,"Opountian Lokris",NULL,NULL
22.626059,38.375439,"Harbor of Antikyra with hieron of Poseidon","Phokis Bk10",Antikyra,['limen'],['10.36.8'],Antikyra,NULL,NULL,NULL,NULL,NULL,NULL,NULL
22.1273,37.4124,"Sanctuary of Aphrodite at Megalopolis, in peribolos of Great Goddesses","Arcadia Bk8","Peribolos of Great Goddesses Demeter and Korê at Megalopolis",['hieron'],['8.31.5'],"Peribolos of Great Goddesses Demeter and Korê at Megalopolis",NULL,NULL,https://wikidata.org/wiki/Q134037013,NULL,NULL,NULL,NULL
35.01,13.01,"Aethiopia (Africa)","Libya (Africa)",NULL,"['major region']","['1.33.4','1.42.3','10.31.7','2.5.3','5.12.3','5.7.4','8.38.6','9.21.6']",NULL,https://pleiades.stoa.org/places/39274,NULL,https://wikidata.org/wiki/Q410453,NULL,NULL,NULL,NULL
23.725000000000005,37.975,"Cenotaph of Euripides, Athens","Athenai Bk1","Athenai Bk1",['mnema'],['1.2.2'],NULL,NULL,https://topostext.org/binder/JB1381,NULL,NULL,NULL,NULL,NULL
23.682,37.992,"Tomb of Heliodoros Halis on Sacred Way","Attica Bk1","Sacred Way from Athens to Eleusis",['mnema'],['1.37.1'],NULL,NULL,https://topostext.org/binder/JB1493,NULL,NULL,NULL,NULL,NULL
24.055816,37.789855,Potamoi,"Attica Bk1","Attica Bk1",['demos'],"['1.31.3','7.1.5']",NULL,https://pleiades.stoa.org/places/580087,NULL,https://wikidata.org/wiki/Q13464976,NULL,"Potamos Deiradiotes",NULL,NULL
21.630126,37.637849,"Altar of All the Gods in Workshop of Pheidias at Olympia","Eleia Bk5 Bk6",Olympia,['bomos'],['5.15.1'],Olympia,NULL,NULL,NULL,NULL,NULL,NULL,NULL
23.727929999999997,37.9718,"Sanctuary of Aigeus, Athens","Athenai Bk1","Athenai Bk1",['heroon'],['1.22.5'],NULL,NULL,https://topostext.org/binder/JB0086,NULL,NULL,NULL,NULL,NULL
23.2285,38.4686,"Ptoon mountain","Boiotia Bk9","Boiotia Bk9",['oros'],"['9.23.5','9.23.7']",NULL,NULL,https://topostext.org/place/385232LPto,https://wikidata.org/wiki/Q1275456,NULL,"Mt. Ptoion",NULL,NULL
21.695,37.027,"Tomb of Thrasymedes outside Pylos","Messenia Bk4","Pylos/Palace of Nestor (Messenia)",['mnema'],['4.36.2'],"Pylos/Palace of Nestor (Messenia)",NULL,NULL,NULL,https://resource.manto.unh.edu/10146598,NULL,NULL,NULL
21.62975,37.63754,"Altar of Kairos, by the entrance of the stadium at Olympia","Eleia Bk5 Bk6","Altis sacred grove (Olympia)",['bomos'],['5.14.9'],"Altis sacred grove (Olympia)",NULL,NULL,NULL,NULL,NULL,NULL,NULL
22.8802,37.9054,"Temple of Zeus Olympios at Corinth","Corinthia Bk2","Corinth (Corinthia)",['naos'],['3.9.2'],"Corinth (Corinthia)",NULL,NULL,https://wikidata.org/wiki/Q124616407,NULL,NULL,NULL,NULL
22.305,37.533,Mainalos,"Arcadia Bk8","Arcadia Bk8",['polis'],"['5.27.1','6.6.1','6.6.3','6.8.5','8.27.3','8.3.4','8.36.5','8.36.8','8.9.3','8.9.4']",NULL,https://pleiades.stoa.org/places/570451,NULL,https://wikidata.org/wiki/Q11936450,NULL,NULL,NULL,NULL
22.03088,37.3896,"Temple of Despoina in her shrine at Lykosoura","Arcadia Bk8","Sanctuary of Despoina at Lykosoura",['naos'],['8.37.1'],NULL,NULL,https://topostext.org/place/374220SDeT,NULL,NULL,NULL,NULL,NULL
21.6296,37.638,"Hippodamion at Olympia","Eleia Bk5 Bk6","Altis sacred grove (Olympia)","['hieron','mnema']","['5.22.2','6.20.7']",NULL,NULL,https://topostext.org/place/376216SHpd,https://wikidata.org/wiki/Q1619976,https://resource.manto.unh.edu/10217964,NULL,NULL,NULL
23.690438,37.958453,"Long walls of Athens","Athenai Bk1","Athenai Bk1",['teichos'],['1.20.6'],NULL,https://pleiades.stoa.org/places/585128,NULL,https://wikidata.org/wiki/Q1163616,NULL,NULL,NULL,NULL
23.243591,37.385218,"Temple of Aphrodite Pontia/Limenia in Hermione","Hermionis Bk2",Hermione,['naos'],['2.34.11'],Hermione,NULL,NULL,NULL,NULL,NULL,NULL,NULL
23.1602,37.6335,"Tomb of Melissa not far from Epidauros","Epidauria Bk2",Epidauros,['mnema'],['2.28.8'],Epidauros,NULL,NULL,NULL,NULL,NULL,NULL,NULL
23.3178,38.3191,"Burial mound of Zethos and Amphion in Thebes","Boiotia Bk9","Thebes (Boeotia)","['choma ges','mnema']",['9.17.4'],"Thebes (Boeotia)",NULL,https://topostext.org/place/383233GAaZ,https://wikidata.org/wiki/Q106526021,https://resource.manto.unh.edu/10158815,NULL,NULL,NULL
23.25,38.35,"first altar of Hermes, built by Amphion","Boiotia Bk9","Boiotia Bk9","['bomos','mythical place']",['9.5.8'],"Boiotia Bk9",NULL,NULL,NULL,NULL,NULL,NULL,NULL
22.489574,38.640939,"Agora of Charadra in Phokis","Phokis Bk10",Charadra,['agora'],['10.33.6'],Charadra,NULL,NULL,https://wikidata.org/wiki/Q133963430,NULL,NULL,NULL,NULL
22.45931,37.85932,"temple in sanctuary of Artemis Stymphalia","Arcadia Bk8",Stymphalos,['naos'],['8.22.7'],Stymphalos,NULL,NULL,NULL,NULL,NULL,NULL,NULL
22.87548,37.89174,"sanctuary of Aphrodite on Acrocorinth","Corinthia Bk2",Acrocorinth,['naos'],['2.5.1'],NULL,NULL,https://topostext.org/place/379229SAph,https://wikidata.org/wiki/Q57559776,NULL,NULL,NULL,NULL
22.03143,37.38957,"Sanctuary of Athena at Lykosoura","Arcadia Bk8","Sanctuary of Pan above Despoina sanctuary, Lykosoura",['hieron'],['8.37.12'],"Sanctuary of Pan above Despoina sanctuary, Lykosoura",NULL,NULL,https://wikidata.org/wiki/Q134036921,NULL,NULL,NULL,NULL
29.818226,36.247475,Kyaneai,"Asia Minor (Asia)","Lycia region",['settlement'],['7.21.13'],NULL,https://pleiades.stoa.org/places/638948,NULL,https://wikidata.org/wiki/Q1762663,NULL,NULL,NULL,NULL
22.7747,37.6919,"Argive Heraion (Argolid)","Argolid Bk2","Argolid Bk2",['hieron'],"['2.16.2','2.17.1','2.17.2','2.17.3','2.17.5','2.20.3','8.46.3','9.40.4']",NULL,https://pleiades.stoa.org/places/570289,https://topostext.org/place/377228SHer,https://wikidata.org/wiki/Q1607754,https://resource.manto.unh.edu/10159442,NULL,NULL,NULL
21.8551,38.3142,"Boline (Achaia)","Achaia Bk7","Achaia Bk7",['settlement'],"['7.18.6','7.23.4']",NULL,https://pleiades.stoa.org/places/573148,https://topostext.org/place/383219UBol,https://wikidata.org/wiki/Q16944934,NULL,Bolina,NULL,NULL
22.793,38.278,"harbor of Boulis","Boiotia Bk9","Boiotia Bk9",['limen'],['10.37.2'],NULL,NULL,NULL,NULL,NULL,"Herakleios river",NULL,NULL
22.03143,37.38957,"stoa beside temple of Despoina at Lykosoura","Arcadia Bk8","Sanctuary of Despoina at Lykosoura",['stoa'],['8.37.2'],"Sanctuary of Despoina at Lykosoura",NULL,NULL,NULL,NULL,NULL,NULL,NULL
22.678,37.96,"Oak grove of the Eumenides on Sicyon - Titane road.","Sikyonia Bk2","road Sicyon to Titane, narrow, 60 stades",['alsos'],['2.11.4'],NULL,NULL,NULL,NULL,NULL,NULL,NULL,NULL
23.726464,37.971687,"altar of Amphilochus at Athens","Athenai Bk1","Athenai Bk1",['bomos'],['1.34.3'],"Athenai Bk1",NULL,https://topostext.org/binder/JB0140,NULL,NULL,NULL,NULL,NULL
22.87352,38.431063,"Mountain above grove of Trophonios","Boiotia Bk9",Lebadeia,['oros'],['9.39.4'],Lebadeia,NULL,NULL,NULL,NULL,NULL,NULL,NULL
23.3178,38.3191,"Tomb of Linos in Thebes, vanished","Boiotia Bk9","Thebes (Boeotia)",['mnema'],['9.29.9'],"Thebes (Boeotia)",NULL,NULL,NULL,NULL,NULL,NULL,NULL
22.442503,38.790767,"Herakleia in Trachinia","Hellas (Europe)",Phthiotis,['polis'],"['10.20.9','10.21.1','10.22.1','10.22.13','10.23.12','2.23.5','7.14.1','7.15.2','7.15.3','7.15.9']",NULL,https://pleiades.stoa.org/places/541157,NULL,https://wikidata.org/wiki/Q1231448,NULL,NULL,NULL,NULL
23.3484,37.5033,"Tomb of Phaedra in Troizen","Troizenia Bk2","Troizen (Troizenia)",['mnema'],['2.32.4'],"Troizen (Troizenia)",NULL,NULL,NULL,https://resource.manto.unh.edu/10214946,NULL,NULL,NULL
22.585884,37.519836,"Hysiae (Argolis)","Argolid Bk2","Argolid Bk2",['settlement'],"['2.24.7','8.27.1','8.54.7','8.6.4']",NULL,https://pleiades.stoa.org/places/570306,NULL,https://wikidata.org/wiki/Q16575296,NULL,Hysiai,NULL,NULL
22.756111,37.730833,"Ruins of the city wall in Mycenae","Argolid Bk2",Mycenae,['teichos'],['2.16.5'],Mycenae,NULL,NULL,NULL,NULL,NULL,NULL,NULL
22.0507,39.2617,"Athena Itonia sanct. (Thessaly)","Hellas (Europe)",Thessalia,['hieron'],"['1.13.2','1.13.3']",NULL,NULL,https://topostext.org/place/393221SAth,NULL,NULL,NULL,NULL,NULL
22.17928,36.92565,"Cave next to Klaia sanctuary on Kalathion mountain","Lakonia Bk3","Kalathion (mountain)",['spelaion'],['3.26.11'],"Kalathion (mountain)",NULL,NULL,NULL,NULL,NULL,NULL,NULL
22.7195,37.6316,"Sanctuary of Athena Oxyderkes at Argos","Argolid Bk2","Ascent from Argos to Larisa citadel",['hieron'],['2.24.2'],"Ascent from Argos to Larisa citadel",NULL,NULL,https://wikidata.org/wiki/Q134037421,https://resource.manto.unh.edu/10187160,NULL,NULL,NULL
22.649131,37.846299,"Arantinos Lophos","Phlious Bk2","Phlious Bk2","['bounon','lophos']","['2.12.4','2.12.5']","Phlious Bk2",https://pleiades.stoa.org/places/573111,NULL,NULL,NULL,NULL,NULL,NULL
22.7145,37.9834,"Sicyon (Sikyonia)","Sikyonia Bk2","Sikyonia Bk2",['polis'],"['1.25.4','1.27.5','10.11.6','10.8.5','2.1.1','2.10.1','2.10.6','2.11.2','2.11.3','2.11.5','2.12.2','2.12.3','2.13.1','2.15.1','2.25.5','2.25.6','2.3.10','2.3.6','2.4.4','2.5.2','2.5.5','2.5.6','2.5.8','2.6.2','2.6.5','2.6.6','2.6.7','2.7.1','2.7.2','2.7.3','2.7.6','2.7.7','2.7.9','2.8.1','2.9.2','2.9.4','4.10.6','4.11.8','4.14.1','4.15.7','5.18.7','5.21.3','6.3.3','7.1.1','7.23.8','7.26.12','7.26.13','7.26.2','7.26.6','7.27.12','7.6.1','8.1.2']",NULL,https://pleiades.stoa.org/places/570668,https://topostext.org/place/380227PSik,https://wikidata.org/wiki/Q368628,NULL,Sikyon,NULL,NULL
27.373294,36.688864,"Sanctuary of Aphrodite Euploia, Knidos","Asia Minor (Asia)",Knidos,['hieron'],['1.1.3'],NULL,https://pleiades.stoa.org/places/312238265,NULL,https://wikidata.org/wiki/Q57559213,NULL,NULL,NULL,NULL
22.4237,37.0821,"Heroon of Amphilochus at Sparta","Lakonia Bk3",Sparta,['heroon'],['3.15.8'],Sparta,NULL,NULL,https://wikidata.org/wiki/Q124616571,NULL,NULL,NULL,NULL
22.4237,37.0821,"Temple of Aphrodite Areia behind Chalkioikos in Sparta","Lakonia Bk3","Acropolis of Sparta",['naos'],['3.17.5'],"Acropolis of Sparta",NULL,NULL,https://wikidata.org/wiki/Q124616507,NULL,NULL,NULL,NULL
23.34285,37.997,"Water source of the Sithnid nymphs at Megara","Megarid Bk1","Megara (Megarid)",['pege'],['1.40.1'],"Megara (Megarid)",NULL,NULL,NULL,https://resource.manto.unh.edu/11126361,NULL,NULL,NULL
22.6337672,38.8678937,Phthiotis,"Hellas (Europe)","Hellas (Europe)",['chora'],"['10.20.6','6.11.5','7.1.6']",NULL,https://pleiades.stoa.org/places/541052,NULL,https://wikidata.org/wiki/Q2089144,NULL,NULL,NULL,NULL
22.1273,37.4124,"Sanctuary of Zeus Soter at Megalopolis","Arcadia Bk8","Megalopolis (Arkadia)",['hieron'],['8.30.10'],"Megalopolis (Arkadia)",NULL,https://topostext.org/place/374221SZSo,https://wikidata.org/wiki/Q134040000,NULL,NULL,NULL,NULL
21.879,37.272,"Koios (river)","Messenia Bk4","Messenia Bk4",['potamos'],['4.33.6'],NULL,https://pleiades.stoa.org/places/570365,NULL,NULL,NULL,NULL,NULL,NULL
33.44156,36.65168,Bithynion/Claudiopolis/Hadriana,"Asia Minor (Asia)",Cilicia,['polis'],['8.9.7'],NULL,https://pleiades.stoa.org/places/844879,NULL,https://wikidata.org/wiki/Q65088749,NULL,NULL,NULL,NULL
22.03143,37.38957,"Olive and oak (prinos) grown from one root","Arcadia Bk8","Grove of Despoina at Lykosoura",['elaia'],['8.37.10'],"Grove of Despoina at Lykosoura",NULL,NULL,NULL,NULL,NULL,NULL,NULL
23.8068,38.0263,"Altar of Ge, the Great Goddess, at Phlyeus","Attica Bk1",Phlya,['bomos'],['1.31.4'],Phlya,NULL,NULL,https://wikidata.org/wiki/Q124644571,NULL,NULL,NULL,NULL
32.01361653,51.80271567,"Borysthenes (river)",Europe,"Scythia (Europe)",['potamos'],['8.28.2'],NULL,https://pleiades.stoa.org/places/226544,NULL,https://wikidata.org/wiki/Q40855,NULL,NULL,NULL,NULL
22.307,37.9117,"Tomb of Iphikles on hill at Pheneos","Arcadia Bk8",Pheneos,['mnema'],['8.14.9'],Pheneos,NULL,NULL,NULL,https://resource.manto.unh.edu/10160023,NULL,NULL,NULL
22.7195,37.6316,"Memorial columns in Argos, near Artemis xoanon","Argolid Bk2","Argos (Argolid)",['kion'],['2.19.7'],"Argos (Argolid)",NULL,NULL,NULL,NULL,NULL,NULL,NULL
22.706912,36.992193,"Agora of Geronthrai","Lakonia Bk3",Geronthrai,['agora'],['3.22.7'],Geronthrai,NULL,NULL,https://wikidata.org/wiki/Q124606123,NULL,NULL,NULL,NULL
22.6746,37.4327,Neris,"Argolid Bk2",Thyreatis,['kome'],['2.38.6'],NULL,https://pleiades.stoa.org/places/570506,NULL,https://wikidata.org/wiki/Q48781611,NULL,NULL,NULL,NULL
22.142,37.278,"Springs of the Karnion river in Aigytis","Arcadia Bk8","Karnion (river)",['pege'],['8.34.5'],Aigytis,NULL,NULL,NULL,NULL,NULL,NULL,NULL
21.891,37.8678,Aroanios,"Arcadia Bk8","Arcadia Bk8",['potamos'],['8.24.3'],NULL,https://pleiades.stoa.org/places/570113,NULL,https://wikidata.org/wiki/Q19822828,NULL,"Aroanius by Psophis",NULL,NULL
24.141374,35.462784,Aptera,Crete,Crete,['polis'],['10.5.10'],NULL,https://pleiades.stoa.org/places/589704,NULL,https://wikidata.org/wiki/Q622234,NULL,NULL,NULL,NULL
31.50163508,41.01972392,"Bithynia (region)","Asia Minor (Asia)","Asia Minor (Asia)",['chora'],['5.12.7'],NULL,https://pleiades.stoa.org/places/511189,NULL,https://wikidata.org/wiki/Q373189,NULL,NULL,NULL,NULL
23.3405,38.2224,"Hysiai (Boeotia)","Boiotia Bk9","Boiotia Bk9",['settlement'],"['9.1.6','9.2.1']",NULL,NULL,https://topostext.org/place/382233PHys,https://wikidata.org/wiki/Q17627339,NULL,NULL,NULL,NULL
23.2733,38.2213,"temple in hieron of Athena Areia at Plataea","Boiotia Bk9","Sanctuary of Athena Areia in Plataea",['naos'],['9.4.2'],"Sanctuary of Athena Areia in Plataea",NULL,NULL,NULL,NULL,NULL,NULL,NULL
22.562341,36.763663,"shipsheds, Gythion","Lakonia Bk3",Gythion,"['neos oikos']",['1.27.5'],Gythion,NULL,NULL,NULL,NULL,NULL,NULL,NULL
31.3343727,47.5349319,"Hypanis (river)",Europe,"Scythia (Europe)",['potamos'],"['4.35.11','8.28.2']",NULL,https://pleiades.stoa.org/places/226630,NULL,https://wikidata.org/wiki/Q188940,NULL,NULL,NULL,NULL
26.498420000000003,39.81015,"Aidoneus (river)","Asia Minor (Asia)",Troas,['potamos'],"['10.12.3','10.12.4','10.12.7']",NULL,https://pleiades.stoa.org/places/550416,NULL,https://wikidata.org/wiki/Q131903567,NULL,NULL,NULL,NULL
31.9056,46.69238,Olbia,"Internum Mare","Sardinia (island)",['polis'],['10.17.5'],NULL,https://pleiades.stoa.org/places/471987,NULL,https://wikidata.org/wiki/Q13630,NULL,NULL,NULL,NULL
21.9195,37.1779,"Sanctuary of Poseidon in Messene","Messenia Bk4","Messene (Messenia)",['hieron'],['4.31.6'],"Messene (Messenia)",NULL,NULL,https://wikidata.org/wiki/Q134036886,NULL,NULL,NULL,NULL
23.725000000000005,37.975,"Tomb of Molpadia, Athens","Athenai Bk1","Athenai Bk1",['taphos'],['1.2.1'],NULL,NULL,https://topostext.org/binder/JB2128,NULL,https://resource.manto.unh.edu/10380213,NULL,NULL,NULL
22.307,37.9117,"Tomb of Myrtilos at Pheneos","Arcadia Bk8",Pheneos,['mnema'],['8.14.10'],Pheneos,NULL,NULL,NULL,https://resource.manto.unh.edu/10160045,NULL,NULL,NULL
23.682,37.992,"Altar of Zephyros on Sacred Way","Attica Bk1","Sacred Way from Athens to Eleusis",['bomos'],['1.37.2'],NULL,NULL,https://topostext.org/binder/JB2970,NULL,NULL,NULL,NULL,NULL
26.84,37.73,"Samos (island)","Aegean Sea (Hellas)","Aegean Sea (Hellas)",['nesos'],"['10.12.5','2.13.2','7.2.8','7.4.1','7.4.2','7.4.3','7.4.4','9.11.5']",NULL,https://pleiades.stoa.org/places/599926,NULL,NULL,NULL,NULL,https://imperium.ahlfeldt.se/places/41142,NULL
23.7215,37.9674,"Tomb of Musaeus on Mouseion Hill, Athens","Athenai Bk1","Mouseion Hill (Athens)",['taphos'],['1.25.8'],"Mouseion Hill (Athens)",NULL,https://topostext.org/place/380237SMou,NULL,NULL,NULL,NULL,NULL
21.927944,36.954171,"Temple of Artemis Paidotrophos, Asclepius and Dionysus at Korone","Messenia Bk4",Korone,['naos'],['4.34.6'],Korone,NULL,NULL,NULL,NULL,NULL,NULL,NULL
22.5384,38.0446,"Glykeiai place with springs at Pellene","Achaia Bk7",Pellene,"['chorion','pege']",['7.27.4'],Pellene,NULL,NULL,NULL,NULL,NULL,NULL,NULL
22.626059,38.375439,"Ancient gymnasium of Antikyra","Phokis Bk10",Antikyra,['gymnasion'],['10.36.9'],Antikyra,NULL,NULL,NULL,NULL,NULL,NULL,NULL
22.1273,37.4124,"Bathyllos spring, Megalopolis","Arcadia Bk8","Megalopolis (Arkadia)",['pege'],['8.31.9'],"Megalopolis (Arkadia)",https://pleiades.stoa.org/places/573140,NULL,NULL,NULL,NULL,NULL,NULL
21.9191,36.863,"Apollo Korythos sanct. (Messenia)","Messenia Bk4","Messenia Bk4",['hieron'],['4.34.7'],NULL,https://pleiades.stoa.org/places/570096,https://topostext.org/place/369219SApo,https://wikidata.org/wiki/Q25164241,https://resource.manto.unh.edu/10152263,NULL,NULL,NULL
23.3875,37.5767,"Methana hot baths","Troizenia Bk2","Methana peninsula",['loutron'],['2.34.1'],NULL,NULL,NULL,https://wikidata.org/wiki/Q115623838,NULL,NULL,NULL,NULL
21.630126,37.637849,"Oracle of Ge at Olympia","Eleia Bk5 Bk6",Olympia,['manteion'],['5.14.10'],Olympia,NULL,NULL,NULL,NULL,NULL,NULL,NULL
23.7329,37.9686,"Muses altar, Athens","Athenai Bk1","Athenai Bk1",['bomos'],"['1.19.5','1.30.2']",NULL,NULL,https://topostext.org/binder/JB2166,NULL,NULL,NULL,NULL,NULL
23.154521,38.293384,"Agora of Thespiai","Boiotia Bk9",Thespiai,['agora'],['9.27.5'],Thespiai,NULL,NULL,https://wikidata.org/wiki/Q133963437,NULL,NULL,NULL,NULL
22.4237,37.0821,"Trophy raised by Polydeukes not far from Asklepios sanctuary","Lakonia Bk3",Sparta,['tropaion'],['3.14.7'],Sparta,NULL,NULL,https://wikidata.org/wiki/Q124616491,NULL,NULL,NULL,NULL
12.4843457,41.89262,Rome,"Italia (Europe)","Roman empire",['polis'],"['10.34.4','10.36.6','10.8.6','2.1.2','2.21.6','4.35.10','5.25.8','6.9.3','7.10.11','7.10.12','7.12.2','7.12.7','7.12.8','7.12.9','7.13.5','7.14.1','7.14.3','7.14.5','7.22.5','7.22.9','7.8.6','7.9.1','7.9.4','7.9.6','8.17.4','9.27.3','9.27.4']",NULL,https://pleiades.stoa.org/places/423025,NULL,https://wikidata.org/wiki/Q18287233,NULL,Roma,NULL,NULL
22.429,37.464,"Common Hearth of the Arkadians at Tegea","Arcadia Bk8","Tegea (Arkadia)",['hestia'],['8.53.9'],"Tegea (Arkadia)",NULL,NULL,NULL,NULL,NULL,NULL,NULL
25.3,38.1,"Aegean Sea (Hellas)",NULL,"Internum Mare",['thalassa'],"['1.1.1','1.1.2','1.1.3','1.1.5','1.12.5','1.13.2','1.17.3','1.22.4','1.23.3','1.26.5','1.27.9','1.28.11','1.31.1','1.32.7','1.33.2','1.34.1','1.35.5','1.38.1','1.38.4','1.4.3','1.4.5','1.8.1','1.9.7','2.12.2','2.22.1','2.26.9','2.29.10','2.29.6','2.30.7','2.34.6','2.34.8','2.36.4','2.36.6','2.36.7','2.37.1','2.37.2','2.38.1','2.38.4','2.5.3','4.34.12','5.21.10','5.23.2','6.16.5','8.14.12','9.11.5','9.15.5']",NULL,https://pleiades.stoa.org/places/560221,https://topostext.org/place/381253WAeg,https://wikidata.org/wiki/Q34575,NULL,NULL,NULL,NULL
21.738518,38.243265,"Sanctuary of Soteria at Patrae","Achaia Bk7","road Agora of Patras to sea coast",['hieron'],['7.21.7'],"road Agora of Patras to sea coast",NULL,NULL,https://wikidata.org/wiki/Q134036817,NULL,NULL,NULL,NULL
20.78784,39.54648,"Zeus sanctuary at Dodona","Hellas (Europe)","Epiros region",['hieron'],"['1.13.3','1.17.5','1.36.4','7.21.2','7.21.3','7.21.4','7.25.1','8.11.12','8.23.5','8.28.6','9.25.8','9.8.1']",NULL,https://pleiades.stoa.org/places/530843,NULL,https://wikidata.org/wiki/Q382317,NULL,NULL,NULL,NULL
21.863791,37.613569,"Tracks along the Alpheios river at Heraia","Arcadia Bk8","Heraia (Arcadia)","['dromos','hemera dendra']",['8.26.1'],"Heraia (Arcadia)",NULL,NULL,NULL,NULL,NULL,NULL,NULL
22.4992,40.1663,"Helikôn river in Pieria becomes Baphyra","Macedonia (Europe)",Pieria,['potamos'],['9.30.8'],NULL,NULL,NULL,NULL,NULL,NULL,NULL,NULL
21.62845,37.63929,"Running tracks in the gymnasium at Olympia","Eleia Bk5 Bk6","Gymnasium (Olympia)",['dromos'],['5.15.8'],"Gymnasium (Olympia)",NULL,NULL,NULL,NULL,NULL,NULL,NULL
23.644609,37.937222,"Athenian agora in Piraeus","Attica Bk1",Peiraieus/Piraeus,['agora'],['1.1.3'],Peiraieus/Piraeus,NULL,NULL,NULL,NULL,NULL,NULL,NULL
27.14843,38.40537,"Sanctuary of the Nemeses on Mt. Pagos, Smyrna","Asia Minor (Asia)","Pagos M.",['hieron'],"['7.5.2','9.35.6']","Pagos M.",NULL,NULL,NULL,NULL,NULL,NULL,NULL
0.5,41.5,"Iberi (Spain)",Europe,Europe,['chora'],['6.19.3'],NULL,https://pleiades.stoa.org/places/246423,https://topostext.org/place/390000RIbe,https://wikidata.org/wiki/Q190992,NULL,Iberia,NULL,NULL
22.7145,37.9834,"Plain in Sicyon, where the city Aigialea was found","Sikyonia Bk2","Sicyon (Sikyonia)",['pedion'],['2.5.6'],"Sicyon (Sikyonia)",NULL,NULL,NULL,NULL,NULL,NULL,NULL
21.6313,37.6389,"Stone platform (krepis) at the foot of mount Kronios, where Zanes are dedicated.","Eleia Bk5 Bk6","Altis sacred grove (Olympia)",['teichos'],['5.21.2'],NULL,NULL,NULL,NULL,NULL,NULL,NULL,NULL
22.23977,37.73637,"Knakalos (mountain)","Arcadia Bk8",Kaphyai,['oros'],['8.23.4'],NULL,https://pleiades.stoa.org/places/570363,NULL,NULL,NULL,NULL,NULL,NULL
22.7145,37.9834,"Houses of the exiles in Sicyon","Sikyonia Bk2","Sicyon (Sikyonia)",['oikia'],['2.8.3'],"Sicyon (Sikyonia)",NULL,NULL,NULL,NULL,NULL,NULL,NULL
21.630126,37.637849,"Altar of Ergane at Olympia","Eleia Bk5 Bk6",Olympia,['bomos'],['5.14.5'],Olympia,NULL,NULL,NULL,NULL,NULL,NULL,NULL
27.453939999999996,38.5668,Sipylos,"Asia Minor (Asia)","Lydia (province)",['oros'],"['1.21.3','1.24.8','2.22.3','3.22.4','5.13.7','6.22.1','7.24.13','7.27.12','8.17.3','8.2.7','8.38.10']",NULL,https://pleiades.stoa.org/places/550884,NULL,https://wikidata.org/wiki/Q532698,NULL,"Mount Sipylus /Manisa Dağı",NULL,NULL
22.706912,36.992193,"Grove of Ares at Geronthrai","Lakonia Bk3",Geronthrai,['alsos'],"['3.22.6','3.22.7']",Geronthrai,NULL,NULL,https://wikidata.org/wiki/Q124616360,NULL,NULL,NULL,NULL
22.792,36.8,"Akriai (Lakonia)","Lakonia Bk3","Lakonia Bk3",['polis'],"['3.21.7','3.22.4','3.22.6','3.22.9','6.21.10']",NULL,https://pleiades.stoa.org/places/570058,https://topostext.org/place/368228UAkr,https://wikidata.org/wiki/Q25858222,NULL,NULL,NULL,NULL
21.6336,37.637,"Tomb of Dameon and his horse at Olympia, perhaps Taraxippos","Eleia Bk5 Bk6","Hippodrome (Olympia)",['mnema'],['6.20.16'],"Hippodrome (Olympia)",NULL,NULL,NULL,NULL,NULL,NULL,NULL
23.243591,37.385218,"Sanctuary of Demeter Thermasia in Hermione","Hermionis Bk2",Hermione,['hieron'],['2.34.12'],Hermione,NULL,NULL,https://wikidata.org/wiki/Q134037741,NULL,NULL,NULL,NULL
22.1273,37.4124,"Tower of the city wall of Megalopolis","Arcadia Bk8","Megalopolis (Arkadia)",['pyrgos'],['8.27.13'],"Megalopolis (Arkadia)",NULL,NULL,NULL,NULL,NULL,NULL,NULL
23.026,36.731,"Sanctuary of Asklepios at Epidauros Limera","Lakonia Bk3","Epidaurus Limera (Laconia)",['hieron'],['3.23.10'],"Epidaurus Limera (Laconia)",NULL,NULL,https://wikidata.org/wiki/Q124616354,NULL,NULL,NULL,NULL
22.1273,37.4124,"Altar of Ares and former hieron near sanctuary of Aphrodite in Megalopolis","Arcadia Bk8","Megalopolis (Arkadia)",['bomos'],['8.32.3'],"Megalopolis (Arkadia)",NULL,NULL,NULL,NULL,NULL,NULL,NULL
23.243591,37.385218,"Fountain in Hermione, built in Pausanias' time, water flowing from Leimon","Hermionis Bk2",Hermione,['pege'],['2.35.3'],Hermione,NULL,NULL,NULL,NULL,NULL,NULL,NULL
23.3178,38.3209,"Place where the Muses sang, in agora of Thebes","Boiotia Bk9","Agora in the acropolis of Thebes",['chorion'],['9.12.3'],"Agora in the acropolis of Thebes",NULL,NULL,NULL,NULL,NULL,NULL,NULL
28.975925999999998,41.012379,Byzantium,"Thrace (Europe)","Thrace (Europe)",['polis'],['4.31.5'],NULL,https://pleiades.stoa.org/places/520985,NULL,https://wikidata.org/wiki/Q23725,NULL,NULL,NULL,NULL
22.324777,40.479304,"Aigai (Macedonia)","Macedonia (Europe)","Macedonia (Europe)",['polis'],"['1.6.3','7.6.1']",NULL,https://pleiades.stoa.org/places/491512,NULL,https://wikidata.org/wiki/Q16963755,NULL,NULL,NULL,NULL
22.413941,38.077545,"Sanctuary of Artemis at Phelloe","Achaia Bk7",Phelloe,['hieron'],['7.26.11'],Phelloe,NULL,NULL,https://wikidata.org/wiki/Q134037190,NULL,NULL,NULL,NULL
23.37572,38.17934,Eleutherai,"Attica Bk1","Attica Bk1",['polis'],"['1.38.8','1.38.9','2.6.3','9.1.1','9.1.6','9.2.3']",NULL,https://pleiades.stoa.org/places/540756,NULL,https://wikidata.org/wiki/Q1328318,NULL,NULL,NULL,NULL
22.307,37.9117,"Pheneos acropolis","Arcadia Bk8",Pheneos,['acropolis'],['8.14.4'],Pheneos,NULL,NULL,https://wikidata.org/wiki/Q133963410,NULL,NULL,NULL,NULL
22.09,38.252,"Sanctuary of Poseidon at Aigion, by the sea","Achaia Bk7","seashore of Aigion",['hieron'],['7.24.2'],"seashore of Aigion",NULL,NULL,https://wikidata.org/wiki/Q134036953,NULL,NULL,NULL,NULL
23.3405,38.2224,"temple of Apollo at Hysiai half-finished","Boiotia Bk9","Hysiai (Boeotia)",['naos'],['9.2.1'],"Hysiai (Boeotia)",NULL,NULL,NULL,NULL,NULL,NULL,NULL
12.5047849,41.9412126,"Anio (river)","Italia (Europe)","Italia (Europe)",['potamos'],['4.35.10'],NULL,https://pleiades.stoa.org/places/422834,NULL,https://wikidata.org/wiki/Q546600,NULL,NULL,NULL,NULL
23.601,38.023,"unlocated tomb of Krokon, Rheitoi","Attica Bk1","Rheitoi (river)",['mnema'],['1.38.2'],"Rheitoi (river)",NULL,NULL,https://wikidata.org/wiki/Q124644599,NULL,NULL,NULL,NULL
21.8,37.2,"Land between Choirios valley and Gerenia","Messenia Bk4","Lakonia Bk3",['chora'],['4.1.1'],NULL,NULL,NULL,NULL,NULL,NULL,NULL,NULL
23.297,38.195,"road Megara to Plataea on Mt. Cithaeron","Boiotia Bk9","Megarid Bk1",['hodos'],['9.2.3'],NULL,NULL,NULL,NULL,NULL,NULL,NULL,NULL
18.3062,40.388,"harbor built by Hadrian","Italia (Europe)","Italia (Europe)",['limen'],['6.19.9'],NULL,https://pleiades.stoa.org/places/442607,NULL,https://wikidata.org/wiki/Q2577829,NULL,"San Cataldo?",NULL,NULL
21.63042,37.63794,"Roof of temple of Zeus at Olympia","Eleia Bk5 Bk6","Zeus temple (Olympia)",['roof'],['5.10.4'],"Zeus temple (Olympia)",NULL,NULL,NULL,NULL,NULL,NULL,NULL
21.87884,37.710489,"Sanctuary of Asclepius the Child by Ladon river","Arcadia Bk8",Onkeion,"['Asclepieion','hieron']",['8.25.11'],Onkeion,NULL,NULL,https://wikidata.org/wiki/Q134036689,https://resource.manto.unh.edu/10767668,NULL,NULL,NULL
29.318359999999995,36.355934,Xanthos,"Asia Minor (Asia)","Lycia region",['polis'],['6.13.3'],NULL,https://pleiades.stoa.org/places/639166,NULL,https://wikidata.org/wiki/Q464936,NULL,NULL,NULL,NULL
12.4843457,41.89262,"Trajan's baths in Rome","Italia (Europe)",Rome,['loutron'],['5.12.6'],Rome,https://pleiades.stoa.org/places/188289894,NULL,https://wikidata.org/wiki/Q599035,NULL,NULL,NULL,NULL
21.9933,38.3098,"Teichos of Athena, Achaea","Achaia Bk7","Achaia Bk7",['chorion'],['7.22.10'],NULL,NULL,https://topostext.org/place/383219FTeA,https://wikidata.org/wiki/Q111672487,NULL,"Athena Teichos",NULL,NULL
18.490953,40.145948,Hydruntum/Hydrous,"Italia (Europe)","Italia (Europe)",['settlement'],['6.19.9'],NULL,https://pleiades.stoa.org/places/442615,NULL,https://wikidata.org/wiki/Q52174,NULL,NULL,NULL,NULL
23.3178,38.3209,"Agora in the acropolis of Thebes","Boiotia Bk9","Cadmeia of Thebes",['agora'],['9.12.3'],"Cadmeia of Thebes",NULL,NULL,https://wikidata.org/wiki/Q133969619,NULL,NULL,NULL,NULL
22.7145,37.9834,"Peribolos of Aphodite at Sicyon","Sikyonia Bk2","Sicyon (Sikyonia)",['peribolos'],['2.10.4'],"Sicyon (Sikyonia)",NULL,NULL,NULL,NULL,NULL,NULL,NULL
26.588055600000004,38.1997222,"Cave of Hêrophilê on Korykon mountain S of Erythrai","Asia Minor (Asia)","Korykos (mountain)",['spelaion'],['10.12.7'],"Korykos (mountain)",NULL,NULL,NULL,NULL,NULL,NULL,NULL
23.42372,37.74991,"Temple of Apollo on Aigina","Aigina island Bk2","Aigina polity",['naos'],['2.30.1'],"Aigina polity",NULL,NULL,https://wikidata.org/wiki/Q619479,NULL,NULL,NULL,NULL
22.7214,37.6305,"Tomb of Cerdo in Argos at the agora","Argolid Bk2","Agora of Argos",['mnema'],['2.21.1'],"Agora of Argos",NULL,NULL,NULL,https://resource.manto.unh.edu/10185350,NULL,NULL,NULL
23.26405,37.442072,"Sanctuaries of Demeter and Kore at Eileioi","Hermionis Bk2",Eileoi,['hieron'],['2.34.6'],Eileoi,NULL,NULL,https://wikidata.org/wiki/Q134037766,NULL,NULL,NULL,NULL
23.154521,38.293384,"Sanctuary of Heracles at Thespiai","Boiotia Bk9",Thespiai,['hieron'],"['9.27.6','9.27.8']",Thespiai,https://pleiades.stoa.org/places/571386563,NULL,https://wikidata.org/wiki/Q134040018,https://resource.manto.unh.edu/10774937,NULL,NULL,NULL
23.1896,38.6583,Halai,"Boiotia Bk9","Locris Opuntia region",['polisma'],['9.24.5'],NULL,https://pleiades.stoa.org/places/540800,NULL,https://wikidata.org/wiki/Q15632345,NULL,NULL,NULL,NULL
22.5384,38.0446,"Old gymnasium of Pellene","Achaia Bk7",Pellene,['gymnasion'],['7.27.5'],Pellene,NULL,NULL,NULL,NULL,NULL,NULL,NULL
35.238333,31.928332999999995,"Tomb of Silenos in Judaea","Asia (continent)",Iudaea,['mnema'],['6.24.8'],Iudaea,NULL,NULL,NULL,NULL,NULL,NULL,NULL
21.630126,37.637849,"Altar of Nikê in Olympia","Eleia Bk5 Bk6",Olympia,['bomos'],['5.14.8'],Olympia,NULL,NULL,NULL,NULL,NULL,NULL,NULL
23.3496,37.5868,"Methana (Troizenia)","Troizenia Bk2","Troizenia Bk2",['polisma'],"['2.34.1','2.34.2','2.34.3','2.34.4']",NULL,https://pleiades.stoa.org/places/570482,https://topostext.org/place/376234PMet,https://wikidata.org/wiki/Q107472458,NULL,NULL,NULL,NULL
17.228553,40.476034,Taras/Tarentum/Neptunia,"Italia (Europe)","Italia (Europe)",['polis'],"['1.12.5','1.13.1','10.10.6','10.10.8','3.12.6']",NULL,https://pleiades.stoa.org/places/442810,NULL,https://wikidata.org/wiki/Q3981082,NULL,NULL,NULL,NULL
22.1793,37.0427,"Kalamai (Messenia)","Messenia Bk4","Messenia Bk4",['chorion'],['4.31.3'],NULL,NULL,https://topostext.org/place/370222UKal,https://wikidata.org/wiki/Q11910884,NULL,NULL,NULL,NULL
22.3,37.5,Malous,"Arcadia Bk8","Arcadia Bk8",['potamos'],['8.35.1'],"Arcadia Bk8",https://pleiades.stoa.org/places/573356,NULL,NULL,NULL,"Malus river",NULL,NULL
25.2035699,35.32563705,Amnisos,Crete,Crete,['settlement'],['1.18.5'],NULL,https://pleiades.stoa.org/places/524143100,NULL,https://wikidata.org/wiki/Q473766,NULL,NULL,NULL,NULL
27.341579999999997,37.90124,"Pion mountain","Asia Minor (Asia)",Ephesos,"['oros','tourist attraction']",['7.5.10'],NULL,https://pleiades.stoa.org/places/599875,NULL,NULL,NULL,Prion,NULL,NULL
22.561,37.503,"border of Tegea and the Argives between Parthenion and Hysiai","Arcadia Bk8","Parthenion (mountain)",['horos'],['8.54.7'],NULL,NULL,NULL,NULL,NULL,NULL,NULL,NULL
23.5841,38.3074,"City walls of Tanagra","Boiotia Bk9","Tanagra (Boeotia)",['teichos'],['9.22.1'],"Tanagra (Boeotia)",NULL,NULL,NULL,NULL,NULL,NULL,NULL
23.7168,37.9816,"Demosion Sema, battle of Koroneia, Athens","Athenai Bk1","Demosion Sema war graves, Athens",['taphos'],['1.29.14'],"Demosion Sema war graves, Athens",NULL,https://topostext.org/binder/JB1060,NULL,NULL,NULL,NULL,NULL
22.649131,37.846299,"Sanctuary of Isis in Phlious","Phlious Bk2","Phlious Bk2",['hieron'],['2.13.7'],"Phlious Bk2",NULL,NULL,https://wikidata.org/wiki/Q134037333,NULL,NULL,NULL,NULL
23.075,37.597,"Asklepieion of Epidauros","Epidauria Bk2","Epidauria Bk2",['Asclepieion'],"['10.38.13','2.1.4','2.26.1','2.26.9','2.27.2','2.27.6','2.27.7','3.23.7','5.11.11']",NULL,https://pleiades.stoa.org/places/570127,https://topostext.org/place/376231SAsk,https://wikidata.org/wiki/Q7698713,NULL,"Asclepieion of Epidaurus",NULL,NULL
22.50108,38.48264,"Stone sticking from the earth, where priestess sang prophecies, Delphi","Phokis Bk10","Delphic Oracle, Pytho (Delphi)",['petra'],['10.12.1'],"Delphic Oracle, Pytho (Delphi)",NULL,NULL,NULL,NULL,NULL,NULL,NULL
22.3969,37.9397,"Summit of Mt. Kyllene","Arcadia Bk8","Kyllene Mt.",['koryphe'],['8.17.1'],NULL,NULL,NULL,NULL,NULL,NULL,NULL,NULL
22.7195,37.6316,"Temple of Apollo Lykios at Argos","Argolid Bk2","Argos (Argolid)",['naos'],['2.19.7'],"Argos (Argolid)",NULL,NULL,NULL,NULL,NULL,NULL,NULL
23.708200000000005,37.9911,"Academy Gymnasium (Athens)","Athenai Bk1","Academy of Plato, Athens",['gymnasion'],"['1.29.2','1.30.3']",NULL,NULL,https://topostext.org/place/380237BGAP,NULL,NULL,NULL,NULL,NULL
22.385825,39.288053,Pharsalus,"Hellas (Europe)",Thessalia,['polis'],['10.13.5'],NULL,https://pleiades.stoa.org/places/541042,NULL,https://wikidata.org/wiki/Q38281085,NULL,NULL,NULL,NULL
23.5415,38.0441,"Eleusis (Attica)","Attica Bk1","Attica Bk1",['settlement'],"['1.26.3','5.10.1']",NULL,NULL,https://topostext.org/place/380235PEle,https://wikidata.org/wiki/Q11918833,NULL,NULL,NULL,NULL
22.44165,37.069,"Temple of Dioscuroi at Phoibaion of Sparta","Lakonia Bk3","Phoibaion (Sparta)",['naos'],['3.20.2'],"Phoibaion (Sparta)",NULL,NULL,https://wikidata.org/wiki/Q124616512,NULL,NULL,NULL,NULL
21.1067,38.3388,"Achelous river (Aitolia)","Aitolia region","Aitolia region",['potamos'],"['1.34.3','4.34.1','5.1.8','8.24.11','8.24.9','8.38.10']",NULL,https://pleiades.stoa.org/places/530768,https://topostext.org/place/383211WAch,https://wikidata.org/wiki/Q203923,NULL,NULL,NULL,NULL
17.129,39.081,Croton,"Italia (Europe)","Italia (Europe)",['polis'],"['3.3.1','6.14.5','6.14.8','7.25.11']",NULL,https://pleiades.stoa.org/places/452317,NULL,https://wikidata.org/wiki/Q13526919,NULL,NULL,NULL,NULL
23.02,36.5,"Boiatikos Kolpos","Lakonia Bk3","Lakonia Bk3",['kolpos'],['3.22.11'],NULL,https://pleiades.stoa.org/places/573144,NULL,NULL,NULL,NULL,NULL,NULL
22.78885,38.35274,Trachis,"Hellas (Europe)","Trachinia region",['polis'],"['10.3.2','2.23.5']",NULL,https://pleiades.stoa.org/places/541156,NULL,https://wikidata.org/wiki/Q16642266,NULL,NULL,NULL,NULL
27.142222,38.115556,"Polyteichides (near Colophon)","Asia Minor (Asia)",Colophon,['chorion'],['7.3.3'],Colophon,NULL,NULL,https://wikidata.org/wiki/Q107097063,NULL,NULL,NULL,NULL
34.8077584,36.9507186,"Cydnus (river)","Asia Minor (Asia)",Cilicia,['potamos'],['8.28.3'],NULL,https://pleiades.stoa.org/places/648615,NULL,https://wikidata.org/wiki/Q1768771,NULL,NULL,NULL,NULL
22.9908,38.3663,"Tilphousa spring past Haliartos","Boiotia Bk9","Boiotia Bk9",['pege'],['9.33.1'],NULL,NULL,NULL,https://wikidata.org/wiki/Q2433728,https://resource.manto.unh.edu/11302886,NULL,NULL,NULL
23.34285,37.997,"temple of Zeus in the Megara Olympeion","Megarid Bk1","Olympieion of Megara",['naos'],['1.40.4'],"Olympieion of Megara",NULL,NULL,https://wikidata.org/wiki/Q124644613,NULL,NULL,NULL,NULL
22.677,37.645,"Charadros river, Argolid","Argolid Bk2","Argolid Bk2",['potamos'],['2.25.2'],NULL,https://pleiades.stoa.org/places/570173,NULL,https://wikidata.org/wiki/Q25238207,NULL,NULL,NULL,NULL
23.19975,36.43603,"Malea Pr.","Lakonia Bk3","Lakonia Bk3",['akra'],"['3.23.2','3.25.2']",NULL,https://pleiades.stoa.org/places/570455,NULL,https://wikidata.org/wiki/Q1471621,NULL,NULL,NULL,NULL
22.432959,36.659054,"Apollo Amazonios cult in territory of Pyrrichos","Lakonia Bk3",Pyrrichos,['hieron'],['3.25.3'],Pyrrichos,NULL,NULL,https://wikidata.org/wiki/Q124616479,https://resource.manto.unh.edu/10151037,NULL,NULL,NULL
35.14885,42.0206,Sinope,"Pontus Euxinus","Pontus Euxinus",['polis'],['1.31.2'],NULL,https://pleiades.stoa.org/places/857321,NULL,https://wikidata.org/wiki/Q107557833,NULL,NULL,NULL,NULL
23.42372,37.74991,"Sanctuary of Asklepios in Aigina","Aigina island Bk2","Aigina polity",['hieron'],['2.30.1'],"Aigina polity",NULL,NULL,https://wikidata.org/wiki/Q134038110,NULL,NULL,NULL,NULL
21.630126,37.637849,"Altars of the river Kladeos and of Aphrodite","Eleia Bk5 Bk6",Olympia,['bomos'],['5.15.7'],Olympia,NULL,NULL,NULL,NULL,NULL,NULL,NULL
23.235,37.3884,"Acherousian Lake at Hermione, behind Chthonia temple","Hermionis Bk2","Pron M.",['limne'],['2.35.10'],"Pron M.",NULL,NULL,NULL,NULL,NULL,NULL,NULL
48.51696,34.80523,Ekbatana,"Asia (continent)",Media,['settlement'],"['1.16.3','4.24.2']",NULL,https://pleiades.stoa.org/places/903021,NULL,https://wikidata.org/wiki/Q696193,NULL,NULL,NULL,NULL
21.630126,37.637849,"Stomion of Olympia, site of Themis altar","Eleia Bk5 Bk6",Olympia,['hieron'],['5.14.10'],Olympia,NULL,NULL,NULL,NULL,NULL,NULL,NULL
22.45931,37.85932,"Sanctuary of Artemis Stymphalia, ancient, at Stymphalos","Arcadia Bk8",Stymphalos,['hieron'],['8.22.7'],Stymphalos,NULL,NULL,https://wikidata.org/wiki/Q134037251,NULL,NULL,NULL,NULL
22.7195,37.6316,"Sanctuary of Kephisos in Argos","Argolid Bk2","Argos (Argolid)",['hieron'],['2.20.6'],"Argos (Argolid)",NULL,NULL,https://wikidata.org/wiki/Q134037425,NULL,NULL,NULL,NULL
23.3484,37.5033,"Temple of Artemis Soteira in Troizen","Troizenia Bk2","Agora of Troizen",['naos'],['2.31.1'],"Agora of Troizen",NULL,NULL,NULL,NULL,NULL,NULL,NULL
21.9195,37.1779,"part of Messinia formerly ruled by Idas","Messenia Bk4","Messene (Messenia)",['chora'],['4.3.1'],"Messene (Messenia)",NULL,NULL,NULL,NULL,NULL,NULL,NULL
22.933,36.466,"Tomb of Kinados at Onougnathos","Lakonia Bk3","Onougnathos cape (Lakonia)",['mnema'],['3.22.10'],"Onougnathos cape (Lakonia)",NULL,NULL,https://wikidata.org/wiki/Q124616333,https://resource.manto.unh.edu/10149793,NULL,NULL,NULL
21.9583765,36.7960065,"Asine (Messenia)","Messenia Bk4","Messenia Bk4",['polis'],['4.34.12'],NULL,https://pleiades.stoa.org/places/570126,NULL,https://wikidata.org/wiki/Q16488997,NULL,NULL,NULL,NULL
22.41533,37.0856,"Issorion Artemis shrine (Sparta)","Lakonia Bk3",Sparta,['hieron'],['3.14.2'],NULL,NULL,https://topostext.org/place/371224SArI,https://wikidata.org/wiki/Q134040007,https://resource.manto.unh.edu/10150395,NULL,NULL,NULL
23.682,37.992,"Tomb of Kephisodoros on Sacred Way","Attica Bk1","Sacred Way from Athens to Eleusis",['mnema'],"['1.36.5','1.37.1']",NULL,NULL,https://topostext.org/binder/JB1884,NULL,NULL,NULL,NULL,NULL
22.42155,37.58607,"Mantineia battlefield 362 BCE","Arcadia Bk8","Mantineia (Arkadia)",['battlefield'],"['1.3.4','8.11.5','8.11.7']","Epaminondas tomb (Arkadia)",NULL,NULL,NULL,NULL,NULL,NULL,NULL
23.726464,37.971687,"Temple of Eukleia, Athens","Athenai Bk1","Athenai Bk1",['naos'],['1.14.5'],"Athenai Bk1",NULL,https://topostext.org/binder/JB1365,https://wikidata.org/wiki/Q116388531,NULL,NULL,NULL,NULL
21.630126,37.637849,"Altar common to all the gods at Olympia, on which the Eleans do not pour wine in libation.","Eleia Bk5 Bk6",Olympia,['bomos'],['5.15.10'],Olympia,NULL,NULL,NULL,NULL,NULL,NULL,NULL
14.258433000000002,37.062775,Gela,"Sicilia (island)","Sicilia (island)",['polis'],"['8.46.2','9.40.4']",NULL,https://pleiades.stoa.org/places/462214,NULL,https://wikidata.org/wiki/Q58008539,NULL,NULL,NULL,NULL
23.34285,37.997,"Anaklethrida rock of Demeter in Megara","Megarid Bk1","Megara (Megarid)",['petra'],['1.43.2'],"Megara (Megarid)",NULL,NULL,https://wikidata.org/wiki/Q124644648,NULL,NULL,NULL,NULL
31.3343727,47.5349319,"Spring of bitter water that flows into the Hypanis river",Europe,"Hypanis (river)",['pege'],['4.35.11'],NULL,NULL,NULL,NULL,NULL,NULL,NULL,NULL
22.999964,38.653678,Opous,"Boiotia Bk9","Locris Opuntia region",['polis'],"['10.1.2','10.35.1','9.23.7']",NULL,https://pleiades.stoa.org/places/540986,NULL,https://wikidata.org/wiki/Q771434,NULL,NULL,NULL,NULL
26.2536135,37.6136166,"Grave mound of Ikaros, not large, on promontory of Ikaria","Aegean Sea (Hellas)","promontory of Ikaria island on which Ikaros was buried",['taphos'],['9.11.5'],"promontory of Ikaria island on which Ikaros was buried",NULL,NULL,NULL,https://resource.manto.unh.edu/10152208,NULL,NULL,NULL
22.79418,38.49551,Panopeos/Phanotis,"Phokis Bk10","Phokis Bk10",['polis'],"['10.3.1','10.35.8','10.4.1','10.4.2','10.4.3','10.4.4','10.4.7']",NULL,https://pleiades.stoa.org/places/541008,NULL,https://wikidata.org/wiki/Q2002148,NULL,NULL,NULL,NULL
22.626059,38.375439,"Mountains above Antikyra rich in hellebore","Phokis Bk10",Antikyra,['oros'],['10.36.7'],Antikyra,NULL,NULL,NULL,NULL,NULL,NULL,NULL
22.283,37.405,"City walls of Asea, on acropolis hill, traces only","Arcadia Bk8","Acropolis of Asea with wall traces on hill",['teichos'],['8.44.3'],"Acropolis of Asea with wall traces on hill",NULL,NULL,NULL,NULL,NULL,NULL,NULL
23.718611,37.978333,Kerameikos,"Athenai Bk1","Athenai Bk1",['demos'],"['1.14.6','1.2.4','1.20.6','1.3.1','8.9.8']",NULL,https://pleiades.stoa.org/places/97294452,NULL,https://wikidata.org/wiki/Q630974,NULL,NULL,NULL,NULL
22.79418,38.49551,"Building on road at Panopeus, small, mudbrick, with statue of Asklepios or Prometheus","Phokis Bk10",Panopeos/Phanotis,['oikema'],['10.4.4'],Panopeos/Phanotis,NULL,NULL,NULL,NULL,NULL,NULL,NULL
21.374,37.89,"Temple of Silenos at Elis","Eleia Bk5 Bk6","Elis polis",['naos'],['6.24.8'],"Elis polis",NULL,NULL,https://wikidata.org/wiki/Q107031206,NULL,NULL,NULL,NULL
22.34995,36.95354,"Taleton Akra","Lakonia Bk3","Taygetos (mountain)",['akra'],"['3.20.4','3.20.5']",NULL,https://pleiades.stoa.org/places/573541,NULL,NULL,NULL,NULL,NULL,NULL
22.876,38.3642,"Petra? spring on Libethrion mountain, breast-shaped","Boiotia Bk9","Leibethrion Mountain (Boeotia",['pege'],['9.34.4'],"Leibethrion Mountain (Boeotia",NULL,NULL,NULL,NULL,NULL,NULL,NULL
26.588055600000004,38.1997222,"Korykos (mountain)","Asia Minor (Asia)",Erythrai,['oros'],['10.12.7'],NULL,https://pleiades.stoa.org/places/550666,NULL,https://wikidata.org/wiki/Q31515083,NULL,NULL,NULL,NULL
23.644609,37.937222,"Harbor agora at Piraeus","Attica Bk1",Peiraieus/Piraeus,['agora'],['1.1.3'],Peiraieus/Piraeus,NULL,NULL,https://wikidata.org/wiki/Q124644548,NULL,NULL,NULL,NULL
23.3178,38.3191,"Sanctuary of Ammon in Thebes","Boiotia Bk9","Thebes (Boeotia)",['hieron'],['9.16.1'],"Thebes (Boeotia)",NULL,NULL,https://wikidata.org/wiki/Q134037883,NULL,NULL,NULL,NULL
22.6555,38.4156,"sanctuary of Artemis Diktynnaia near Ambrossos","Phokis Bk10","Phokis Bk10",['hieron'],['10.36.5'],NULL,https://pleiades.stoa.org/places/540664,https://topostext.org/place/384227SDik,https://wikidata.org/wiki/Q134040011,NULL,NULL,NULL,NULL
22.0221,37.1721,"Pamisos shrine (Messenia)","Messenia Bk4","Messenia Bk4",['pege'],['4.31.4'],NULL,NULL,https://topostext.org/place/372220SPam,NULL,NULL,NULL,NULL,NULL
23.075,37.597,"Epidoteion at the Asklepieion of Epidaurus","Epidauria Bk2","Asklepieion of Epidauros",['hieron'],['2.27.6'],"Asklepieion of Epidauros",NULL,https://topostext.org/place/376231SAEd,https://wikidata.org/wiki/Q111665977,NULL,NULL,NULL,NULL
22.03143,37.38957,"Common altar of all the gods at Despoina sanctuary, Lykosoura","Arcadia Bk8","Sanctuary of Despoina at Lykosoura",['bomos'],['8.37.10'],"Sanctuary of Despoina at Lykosoura",NULL,NULL,NULL,NULL,NULL,NULL,NULL
22.1316,37.8869,"Kleitor river junction with Aroanios","Arcadia Bk8","Arcadia Bk8",['potamos'],['8.21.1'],NULL,NULL,NULL,NULL,NULL,NULL,NULL,NULL
23.682,37.992,"Tomb of Themistokles, Piraeus","Attica Bk1",Peiraieus/Piraeus,['taphos'],['1.1.2'],NULL,https://pleiades.stoa.org/places/598581244,NULL,NULL,NULL,NULL,NULL,NULL
27.184167,39.1325,"hero shrine of Andromache in Pergamon","Asia Minor (Asia)",Pergamum,['heroon'],['1.11.2'],Pergamum,NULL,NULL,https://wikidata.org/wiki/Q124644557,NULL,NULL,NULL,NULL
22.4237,37.0821,"Temple of Athena Ophthalmitis at Sparta","Lakonia Bk3",Sparta,['naos'],['3.18.2'],Sparta,NULL,NULL,https://wikidata.org/wiki/Q124616508,NULL,NULL,NULL,NULL
22.933,36.466,"Sanctuary of Athena at Onougnathos promontory","Lakonia Bk3","Onougnathos cape (Lakonia)",['hieron'],['3.22.10'],"Onougnathos cape (Lakonia)",NULL,NULL,https://wikidata.org/wiki/Q124616470,https://resource.manto.unh.edu/10149801,NULL,NULL,NULL
21.6336,37.637,"Hippodrome (Olympia)","Eleia Bk5 Bk6",Olympia,"['choma ges','hippodrome']","['5.15.5','6.20.10','6.20.15','6.21.1']",NULL,NULL,https://topostext.org/place/376216BOHi,https://wikidata.org/wiki/Q19602775,NULL,NULL,NULL,NULL
22.3933,37.6181,"Sanctuary of Zeus Charmon, near Mantineia, 1 stade from tomb of Epameinondas","Arcadia Bk8","Mantineia (Arkadia)",['hieron'],['8.12.1'],"Mantineia (Arkadia)",NULL,NULL,https://wikidata.org/wiki/Q134037161,NULL,NULL,NULL,NULL
22.25133,37.42096,"Boreion (mountain)","Arcadia Bk8",Mainalia,['oros'],['8.44.4'],NULL,https://pleiades.stoa.org/places/570158,NULL,https://wikidata.org/wiki/Q112301773,NULL,NULL,NULL,NULL
22.715,37.638,"Temple of Athena in the Acropolis at Argos","Argolid Bk2","Larisa Citadel above Argos",['naos'],['2.24.3'],"Larisa Citadel above Argos",NULL,NULL,NULL,NULL,NULL,NULL,NULL
22.21,37.98,"Styx river (Achaia)","Arcadia Bk8","Achaia Bk7",['hydor'],"['8.17.6','8.18.2','8.18.4','8.19.3']",NULL,NULL,https://topostext.org/place/380222WSty,https://wikidata.org/wiki/Q542758,NULL,NULL,NULL,NULL
22.6252,37.9313,Donoussa,"Achaia Bk7","Achaia Bk7",['settlement'],['7.26.13'],NULL,https://pleiades.stoa.org/places/573188,NULL,https://wikidata.org/wiki/Q5582063,NULL,"Donoessa, Gonoessa",NULL,NULL
22.5,42.5,"Trophy of Karanos against Kisseus, near Olympos","Macedonia (Europe)","Macedonia (Europe)",['tropaion'],['9.40.8'],"Macedonia (Europe)",NULL,NULL,NULL,NULL,NULL,NULL,NULL
26.1342335,38.37641,"Chios (polity)","Aegean Sea (Hellas)","Aegean Sea (Hellas)",['polis'],"['10.9.9','6.15.2','6.9.3','7.4.10']",NULL,https://pleiades.stoa.org/places/550496,NULL,https://wikidata.org/wiki/Q748832,NULL,NULL,NULL,NULL
25.268194,37.397274,"Harbor of Delos, sheltered by Rheneia","Aegean Sea (Hellas)","Delos island",['limen'],['4.36.6'],"Delos island",NULL,NULL,NULL,NULL,NULL,NULL,NULL
22.7145,37.9834,"Pyraia grove 10 stades left of Sicyon-Phlious road","Sikyonia Bk2","Sicyon (Sikyonia)",['alsos'],['2.11.3'],"Sicyon (Sikyonia)",https://pleiades.stoa.org/places/573491,NULL,NULL,NULL,NULL,NULL,NULL
23.717999999999996,37.981,"Tomb of Chrysippos, Athens","Athenai Bk1","Athenai Bk1",['taphos'],['1.29.15'],NULL,NULL,https://topostext.org/binder/JB0937,NULL,NULL,NULL,NULL,NULL
23.9327,38.156,"Oinoe (Marathon)","Attica Bk1","Attica Bk1",['demos'],['1.33.8'],NULL,NULL,https://topostext.org/place/382239DOin,https://wikidata.org/wiki/Q13423604,NULL,NULL,NULL,NULL
21.7208,37.6487,"Sanctuary of Dionysos Leukyanites, near Leukyanias river, Elis","Eleia Bk5 Bk6","Eleia Bk5 Bk6",['hieron'],['6.21.5'],NULL,NULL,NULL,https://wikidata.org/wiki/Q107031183,NULL,NULL,NULL,NULL
23.086,37.599,"Reservoir at Apollo Maleatas sanctuary, Asklepieion","Epidauria Bk2","Apollo Maleatas sanctuary, Epidauros",['elytron'],['2.27.7'],"Apollo Maleatas sanctuary, Epidauros",NULL,NULL,NULL,NULL,NULL,NULL,NULL
22.4237,37.0821,"Sanctuary of Hera Aigophagos at Sparta","Lakonia Bk3",Sparta,['hieron'],['3.15.9'],Sparta,NULL,NULL,https://wikidata.org/wiki/Q124616456,https://resource.manto.unh.edu/10150610,NULL,NULL,NULL
22.9,37.67,"Kephisos river (Argolid)","Argolid Bk2","Argolid Bk2",['potamos'],"['2.15.5','2.20.6']","Argolid Bk2",https://pleiades.stoa.org/places/573283,NULL,NULL,NULL,Cephisus,NULL,NULL
27.298333,37.66,Priene,"Asia Minor (Asia)","Ionia (region)",['polis'],"['7.2.10','7.5.5','8.24.11']",NULL,https://pleiades.stoa.org/places/599905,NULL,https://wikidata.org/wiki/Q142819,NULL,NULL,NULL,NULL
22.456205,37.757857,"Sanctuary of Athena Alea at Alea","Arcadia Bk8",Alea,['hieron'],['8.23.1'],Alea,NULL,NULL,https://wikidata.org/wiki/Q134037242,NULL,NULL,NULL,NULL
23.844643,38.290623,"Five-part altar to gods and heroes at the Oropos Amphiraeon","Attica Bk1","Amphiareion near Oropos",['bomos'],['1.34.3'],"Amphiareion near Oropos",NULL,NULL,https://wikidata.org/wiki/Q124644579,NULL,NULL,NULL,NULL
20.553,39.253,"Acherousia lake","Hellas (Europe)",Thesprotia,['limne'],['1.17.5'],NULL,NULL,https://topostext.org/place/393208WAch,https://wikidata.org/wiki/Q2667947,NULL,NULL,NULL,NULL
21.551425,38.144625,"Temple of Athena at Dyme","Achaia Bk7",Dyme,['naos'],['7.17.9'],Dyme,NULL,NULL,NULL,NULL,NULL,NULL,NULL
30.17353,38.07289,Kelainai,"Asia Minor (Asia)",Phrygia,['settlement'],"['10.30.9','2.5.3']",NULL,https://pleiades.stoa.org/places/638751,NULL,https://wikidata.org/wiki/Q617518,NULL,"Celaenae, Apameia, Kibotos",NULL,NULL
23.393,38.3633,"Sanctuary of Athena Telchinia in Teumessos","Boiotia Bk9","Teumessos (Boeotia)",['hieron'],['9.19.1'],"Teumessos (Boeotia)",NULL,NULL,https://wikidata.org/wiki/Q134038085,https://resource.manto.unh.edu/10360306,NULL,NULL,NULL
26.78548,39.00699,"Arginous(s)ai Inss.","Asia Minor (Asia)",Aeolis,['battlefield'],['6.7.7'],NULL,https://pleiades.stoa.org/places/550449,NULL,https://wikidata.org/wiki/Q23822737,NULL,NULL,NULL,NULL
21.630126,37.637849,"Altar of Artemis at Olympia","Eleia Bk5 Bk6",Olympia,['bomos'],['5.14.5'],Olympia,NULL,NULL,NULL,NULL,NULL,NULL,NULL
23.8068,38.0263,"Altar of Athena Tithrone in temple at Phlya","Attica Bk1","temple of Demeter et al in Phlya, Attica",['bomos'],['1.31.4'],"temple of Demeter et al in Phlya, Attica",NULL,NULL,NULL,NULL,NULL,NULL,NULL
24.94694372,35.06272017,"Gortyna/Gortyn (Crete)",Crete,Crete,['settlement'],"['2.15.1','8.53.4']",NULL,https://pleiades.stoa.org/places/589796,NULL,https://wikidata.org/wiki/Q1136193,NULL,NULL,NULL,NULL
23.717999999999996,37.9785,"Kerameikai Gate, fortification, Athens","Athenai Bk1",Kerameikos,['pylai'],['1.2.3'],NULL,NULL,https://topostext.org/binder/JB1889,NULL,NULL,NULL,NULL,NULL
23.81707,37.95247,"Zeus Ombrios altar, Hymettos","Attica Bk1","Mount Hymettus",['bomos'],['1.32.2'],NULL,NULL,https://topostext.org/place/379238SOmb,NULL,NULL,NULL,NULL,NULL
23.96,38.125,"Marathonian Plain (Attica)","Attica Bk1","Marathon deme",['pedion'],['1.15.3'],NULL,https://pleiades.stoa.org/places/580022,https://topostext.org/place/381239UMar,https://wikidata.org/wiki/Q81645930,NULL,NULL,NULL,NULL
21.738518,38.243265,"Gates of Patrae leading to Mesatis","Achaia Bk7",Patrae,['pylai'],['7.21.14'],Patrae,NULL,NULL,NULL,NULL,NULL,NULL,NULL
22.0959,37.8914,"Sanctuary of Demeter at Kleitor","Arcadia Bk8",Kleitor,['hieron'],['8.21.3'],Kleitor,NULL,NULL,https://wikidata.org/wiki/Q134036980,NULL,NULL,NULL,NULL
22.62501,37.92049,"Altar to the winds at Titane","Corinthia Bk2",Titane,['bomos'],['2.12.1'],Titane,NULL,NULL,NULL,NULL,NULL,NULL,NULL
21.73,38.082,"Altar in grove of Dioskouroi near Pharae","Achaia Bk7","Grove of the Dioskouroi, 15 stades from Pharae",['bomos'],['7.22.5'],"Grove of the Dioskouroi, 15 stades from Pharae",NULL,NULL,NULL,NULL,NULL,NULL,NULL
23.725039999999996,37.97204,"cave sanctuary of Apollo, cave of Pan?","Athenai Bk1","Athenai Bk1",['hieron'],['1.28.4'],NULL,NULL,https://topostext.org/place/380237CAPZ,https://wikidata.org/wiki/Q134040030,https://resource.manto.unh.edu/10157580,NULL,NULL,NULL
21.8,37.2,"Megale Taphros","Messenia Bk4","Messenia Bk4",['battlefield'],"['4.22.6','4.6.2','8.5.13']","Messenia Bk4",NULL,NULL,NULL,NULL,"Great Trench, Great Foss",NULL,NULL
23.722336,37.976123,"Royal Stoa (Athens Agora)","Athenai Bk1","Agora of Athens",['stoa'],"['1.14.6','1.3.1','1.3.2']",NULL,NULL,https://topostext.org/place/380237BRoS,https://wikidata.org/wiki/Q1670679,NULL,NULL,NULL,NULL
22.0945,38.8374,Ainis,"Hellas (Europe)",Phthiotis,['chora'],"['10.22.8','10.22.9','10.8.2','10.8.3']",NULL,https://pleiades.stoa.org/places/540611,https://topostext.org/place/389221RAin,https://wikidata.org/wiki/Q4697441,NULL,Ainianes,NULL,NULL
22.0751,37.2642,"Springs of Ampheia","Messenia Bk4",Ampheia,['pege'],['4.5.9'],Ampheia,NULL,NULL,NULL,NULL,NULL,NULL,NULL
23.706200000000003,37.9373,Phaleron,"Attica Bk1","Attica Bk1",['demos'],"['1.1.2','1.1.4','1.1.5','1.28.9','1.36.4','10.35.2','8.10.4']",NULL,https://pleiades.stoa.org/places/580072,NULL,https://wikidata.org/wiki/Q534927,NULL,NULL,NULL,NULL
23.594,38.4361,"palm trees before sanctuary of Artemis at Aulis","Boiotia Bk9",Aulis,"['palm tree']",['9.19.8'],Aulis,NULL,NULL,NULL,NULL,NULL,NULL,NULL
22.3584897,40.0862269,"Land around Olympos mountain","Hellas (Europe)","Olympos (mountain in Greece)",['chora'],['6.5.5'],"Olympos (mountain in Greece)",NULL,NULL,NULL,NULL,NULL,NULL,NULL
23.34285,37.997,"sanctuary of Demeter Thesmophoros in Megara","Megarid Bk1","Megara (Megarid)",['hieron'],['1.42.6'],"Megara (Megarid)",NULL,NULL,https://wikidata.org/wiki/Q124644639,NULL,NULL,NULL,NULL
22.4237,37.0821,"Sanctuary of Artemis Aiginaia in Sparta","Lakonia Bk3",Sparta,['hieron'],['3.14.2'],Sparta,NULL,NULL,https://wikidata.org/wiki/Q124616442,NULL,NULL,NULL,NULL
23.07308549,37.59734721,"Stadium of Asclepieion of Epidaurus","Epidauria Bk2","Asklepieion of Epidauros","['choma ges','stadion']","['2.27.5','9.23.1']",NULL,NULL,https://topostext.org/place/376231BASt,https://wikidata.org/wiki/Q22681278,NULL,NULL,https://imperium.ahlfeldt.se/places/24194,NULL
23.1453,38.3622,"Grove of Onchestian Poseidon","Boiotia Bk9","Onchestos (Boeotia)",['alsos'],['9.26.5'],"Onchestos (Boeotia)",NULL,NULL,NULL,https://resource.manto.unh.edu/10774932,NULL,NULL,NULL
22.89353,37.91541,"Isthmian Gate (Corinth)","Corinthia Bk2","Corinth (Corinthia)",['pylai'],['2.2.4'],NULL,NULL,https://topostext.org/place/379229FIsG,NULL,NULL,NULL,NULL,NULL
21.629,37.472,"Akidas river (Eleia)","Eleia Bk5 Bk6","Eleia Bk5 Bk6",['potamos'],"['5.18.6','5.5.8','5.5.9','6.21.6']",NULL,https://pleiades.stoa.org/places/573064,https://topostext.org/place/375216WAki,https://wikidata.org/wiki/Q3791516,NULL,NULL,NULL,NULL
23.715,37.995,"Heroon of Theseus and Peirithoos at Kolonos Hippios","Attica Bk1","Kolonos Hippios",['heroon'],['1.30.4'],"Kolonos Hippios",NULL,https://topostext.org/binder/JB2379,NULL,NULL,"Heroon of Pirithous at Colonus Hippius",NULL,NULL
23.72641,37.97209,"Hephaistos altar, Acropolis of Athens","Athenai Bk1","Athenian Acropolis (Athens)",['bomos'],['1.26.5'],NULL,NULL,https://topostext.org/binder/JB1502,NULL,NULL,NULL,NULL,NULL
31.254278000000003,29.849667,"Apis oracle in Egypt","Libya (Africa)",Memphis,['hieron'],['7.22.4'],Memphis,NULL,NULL,https://wikidata.org/wiki/Q133994165,NULL,NULL,NULL,NULL
22.4237,37.0821,"Tomb of Tyndareus in Sparta","Lakonia Bk3","Acropolis of Sparta",['mnema'],['3.17.4'],"Acropolis of Sparta",NULL,NULL,https://wikidata.org/wiki/Q124616331,https://resource.manto.unh.edu/10150385,NULL,NULL,NULL
22.505528,38.483082,"Castalian spring","Phokis Bk10","Sanctuary of Pythian Apollo at Delphi",['pege'],"['10.8.10','10.8.9']",NULL,https://pleiades.stoa.org/places/203037083,NULL,https://wikidata.org/wiki/Q152348,https://resource.manto.unh.edu/10270831,"Kastalia spring at Delphi",NULL,NULL
22.8793472,37.9049161,"Fountain near the Agora of Corinth","Corinthia Bk2","Agora of Corinth",['pege'],['2.2.8'],"Agora of Corinth",NULL,NULL,NULL,NULL,NULL,NULL,NULL
22.8802,37.9054,"Temple of Zeus in Corinth, near the Gymnasium","Corinthia Bk2","Corinth (Corinthia)",['naos'],['2.4.5'],"Corinth (Corinthia)",NULL,NULL,NULL,NULL,NULL,NULL,NULL
22.1273,37.4124,"Tomb of Aristodêmos, mound on Megalopolis-Mainalos road","Arcadia Bk8","road Megalopolis to Mainalos","['choma ges','mnema']",['8.36.5'],"Megalopolis (Arkadia)",NULL,NULL,NULL,NULL,NULL,NULL,NULL
27.3722,36.684,"Cherronesos of Knidos","Asia Minor (Asia)",Knidos,['nesos'],['5.24.7'],NULL,NULL,NULL,https://wikidata.org/wiki/Q34849170,NULL,NULL,NULL,NULL
22.66931,38.58344,"Peribolos of sanctuary of Asklepios outside Tithorea","Phokis Bk10",Tithorea/Neon,['peribolos'],['10.32.12'],Tithorea/Neon,NULL,NULL,NULL,NULL,NULL,NULL,NULL
21.1966,38.4077,Oiniadai,"Aitolia region","Aitolia region",['settlement'],"['1.11.4','4.25.1','4.25.10','4.25.3','4.25.4']",NULL,https://pleiades.stoa.org/places/531016,NULL,https://wikidata.org/wiki/Q2016870,NULL,NULL,NULL,NULL
23.243591,37.385218,"Stadium of Hermione, foundations","Hermionis Bk2",Hermione,['stadion'],['2.34.10'],Hermione,NULL,NULL,NULL,NULL,NULL,NULL,NULL
22.478,36.979,"Bryseai (Lakonia)","Lakonia Bk3","Lakonia Bk3",['polis'],"['3.20.3','3.20.4']",NULL,https://pleiades.stoa.org/places/573155,https://topostext.org/place/370235XAVa,https://wikidata.org/wiki/Q29015947,NULL,NULL,NULL,NULL
22.3933,37.6181,"Spring of the Meliastai 7 stades from Mantineia","Arcadia Bk8","Mantineia (Arkadia)",['pege'],['8.6.5'],"Mantineia (Arkadia)",NULL,NULL,NULL,NULL,NULL,NULL,NULL
22.50592,38.62687,"Sanctuary of Artemis at Lilaia","Phokis Bk10",Lilaia,['hieron'],['10.33.4'],Lilaia,NULL,NULL,https://wikidata.org/wiki/Q134037271,NULL,NULL,NULL,NULL
21.374,37.89,"Palaistra of Maltho gymnasium of Elis","Eleia Bk5 Bk6","Maltho gymnasium at Elis",['palaistra'],['6.23.5'],"Maltho gymnasium at Elis",NULL,NULL,NULL,NULL,NULL,NULL,NULL
22.4237,37.0821,"Asklepieion at Sparta near Booneta","Lakonia Bk3",Sparta,['Asclepieion'],['3.15.10'],Sparta,NULL,NULL,https://wikidata.org/wiki/Q124616349,NULL,NULL,NULL,NULL
22.573,38.671,"temple of Apollo for the Tithronians, no agalma","Phokis Bk10","Grove of Apollo in Tithronian territory by Drymaia road intersection.",['naos'],['10.33.12'],"Grove of Apollo in Tithronian territory by Drymaia road intersection.",NULL,NULL,NULL,NULL,NULL,NULL,NULL
22.649131,37.846299,"Agora of Phlious","Phlious Bk2","Phlious Bk2",['agora'],['2.13.6'],"Phlious Bk2",NULL,NULL,https://wikidata.org/wiki/Q133963378,NULL,NULL,NULL,NULL
23.3178,38.3191,"Tombs of the children of Amphion, in Thebes","Boiotia Bk9","Thebes (Boeotia)",['mnema'],"['9.16.7','9.17.2']","Thebes (Boeotia)",NULL,NULL,NULL,https://resource.manto.unh.edu/11291930,NULL,NULL,NULL
27.954540000000005,40.97089,Perinthus/Heraclea,"Thrace (Europe)","Thrace (Europe)",['polis'],['1.29.10'],NULL,https://pleiades.stoa.org/places/511357,NULL,https://wikidata.org/wiki/Q11815679,NULL,NULL,NULL,NULL
22.3,37.5,Dipoinai/Dipoina,"Arcadia Bk8",Tripolis,['settlement'],"['8.27.4','8.27.7']","Arcadia Bk8",https://pleiades.stoa.org/places/573187,NULL,https://wikidata.org/wiki/Q48781570,NULL,NULL,NULL,NULL
23.3484,37.5033,"Altar of the Muses and of Hypnos in Troizen, near the Mouseion","Troizenia Bk2","Troizen (Troizenia)",['bomos'],['2.31.3'],"Troizen (Troizenia)",NULL,NULL,NULL,NULL,NULL,NULL,NULL
22.4237,37.0821,"Sanctuary of Helen in Sparta","Lakonia Bk3",Sparta,['hieron'],['3.15.3'],Sparta,NULL,NULL,https://wikidata.org/wiki/Q124616452,NULL,NULL,NULL,NULL
21.374,37.89,"Sanctuary of Dionysos at Elis with theater","Eleia Bk5 Bk6","Elis polis",['hieron'],['6.26.1'],"Elis polis",NULL,NULL,https://wikidata.org/wiki/Q107002764,NULL,NULL,NULL,NULL
22.562341,36.763663,"Acropolis of Gythion","Lakonia Bk3",Gythion,['acropolis'],['3.21.9'],Gythion,NULL,NULL,https://wikidata.org/wiki/Q124616546,NULL,NULL,NULL,NULL
23.794134,38.152799,Dekeleia,"Attica Bk1","Attica Bk1",['demos'],['3.8.6'],NULL,https://pleiades.stoa.org/places/579907,NULL,https://wikidata.org/wiki/Q1006561,NULL,NULL,NULL,NULL
22.53438,40.02458,"Tomb of Orpheus near Libêthra","Macedonia (Europe)",Leibethra,['mnema'],['9.30.9'],Leibethra,NULL,NULL,NULL,https://resource.manto.unh.edu/10784751,NULL,NULL,NULL
30.752,38.8624,Dokimeion,"Asia Minor (Asia)",Phrygia,"['lithotomia','settlement']",['1.18.8'],NULL,https://pleiades.stoa.org/places/609366,NULL,https://wikidata.org/wiki/Q15806224,NULL,"Docimium mine of Phrygian stone",NULL,NULL
23.790499999999998,38.3982,"Sea off Eretria","Euboea (island)","Eretria (Euboea)",['thalassa'],['5.13.5'],"Eretria (Euboea)",NULL,NULL,NULL,NULL,NULL,NULL,NULL
21.87884,37.710489,Onkeion,"Arcadia Bk8",Thelpousa,['settlement'],['8.25.4'],Thelpousa,https://pleiades.stoa.org/places/573410,NULL,https://wikidata.org/wiki/Q29652920,NULL,NULL,NULL,NULL
22.42659,37.08188,"Altar of Augustus in agora of Sparta","Lakonia Bk3","Agora of Sparta",['bomos'],['3.11.5'],"Agora of Sparta",NULL,NULL,https://wikidata.org/wiki/Q124616535,NULL,NULL,NULL,NULL
21.925,37.186,"Ithome Mt. (Messenia)","Messenia Bk4","Messenia Bk4","['oros','settlement']","['1.29.8','10.38.10','3.11.8','4.1.3','4.10.1','4.11.2','4.11.4','4.12.2','4.12.5','4.12.9','4.13.6','4.14.2','4.15.1','4.20.4','4.23.6','4.24.6','4.24.7','4.26.3','4.26.7','4.29.2','4.29.5','4.3.9','4.31.4','4.33.1','4.9.1','4.9.2','4.9.4','6.3.13','8.50.5']",NULL,https://pleiades.stoa.org/places/570318,https://topostext.org/place/372219LIth,https://wikidata.org/wiki/Q602538,NULL,NULL,NULL,NULL
21.738518,38.243265,"Sanctuary of Artemis Laphria at Patrae","Achaia Bk7",Patrae,['hieron'],['7.18.8'],Patrae,NULL,NULL,https://wikidata.org/wiki/Q134036834,https://resource.manto.unh.edu/11306820,NULL,NULL,NULL
21.3746,37.8917,"Agora of Elis","Eleia Bk5 Bk6","Elis polis",['agora'],"['6.24.1','6.24.2','6.24.3','6.24.5','6.24.9','6.26.1']",NULL,NULL,https://topostext.org/place/379214XEAg,https://wikidata.org/wiki/Q106996940,NULL,NULL,NULL,NULL
22.7195,37.6316,"Argos (Argolid)","Argolid Bk2","Argolid Bk2",['polis'],"['1.13.7','1.13.8','1.14.2','1.25.4','1.27.10','1.33.1','1.41.1','1.43.7','1.43.8','10.10.5','10.35.1','10.8.5','2.13.1','2.15.1','2.15.2','2.15.4','2.16.1','2.16.2','2.16.3','2.18.1','2.18.5','2.18.7','2.18.8','2.19.3','2.20.4','2.20.5','2.20.8','2.21.7','2.22.4','2.22.6','2.22.8','2.23.1','2.23.5','2.24.5','2.25.1','2.25.2','2.25.5','2.25.7','2.25.8','2.28.4','2.30.10','2.34.4','2.34.5','2.35.2','2.36.6','2.38.1','2.4.2','2.6.6','2.8.6','3.1.4','3.1.5','3.9.1','4.1.1','4.1.2','4.10.6','4.12.3','4.14.1','4.14.8','4.15.7','4.17.5','4.3.3','4.35.2','4.8.8','6.13.7','6.2.2','6.9.3','7.1.5','7.1.6','7.1.7','7.14.1','7.17.1','7.20.8','7.23.10','7.4.4','7.6.3','8.24.8','8.27.1','8.5.7','8.54.5','9.25.1','9.36.6','9.36.7','9.5.12']",NULL,https://pleiades.stoa.org/places/570106,https://topostext.org/place/376227PArg,https://wikidata.org/wiki/Q13533353,NULL,NULL,NULL,NULL
22.6465,37.8446,"Anaktoron in Keleai","Phlious Bk2",Keleai,['megaron'],['2.14.4'],Keleai,NULL,NULL,NULL,NULL,NULL,NULL,NULL
22.113,37.046,"house of Ortilochos in Pherae","Messenia Bk4","Pherai (Messenia)",['oikia'],['4.1.4'],"Pherai (Messenia)",NULL,NULL,NULL,NULL,NULL,NULL,NULL
23.8068,38.0263,"temple of Demeter et al in Phlya, Attica","Attica Bk1",Phlya,['naos'],['1.31.4'],Phlya,NULL,NULL,NULL,NULL,NULL,NULL,NULL
21.705,36.817,"Well of the shrine of Artemis in Mothone","Messenia Bk4","Methone/Mothone (Messenian)",['phrear'],['4.35.8'],"Methone/Mothone (Messenian)",NULL,NULL,NULL,NULL,NULL,NULL,NULL
22.7145,37.9834,"Inner room, of Apollo Karneios, in Sicyon","Sikyonia Bk2","Sicyon (Sikyonia)",['thalamos'],['2.10.2'],"Sicyon (Sikyonia)",NULL,NULL,NULL,NULL,NULL,NULL,NULL
22.4237,37.0821,"Heroon of Teleclus at Sparta, near Asklepieion","Lakonia Bk3",Sparta,['heroon'],['3.15.10'],Sparta,NULL,NULL,https://wikidata.org/wiki/Q124616569,NULL,NULL,NULL,NULL
23.488,38.464,"Messapion? Mt. (Boeotia)","Boiotia Bk9","Boiotia Bk9",['oros'],['9.22.5'],NULL,NULL,https://topostext.org/place/385235LMes,https://wikidata.org/wiki/Q25019011,NULL,NULL,NULL,NULL
21.87884,37.710489,"Temple of Apollo Onkaiatos beside the Ladon","Arcadia Bk8",Onkeion,['naos'],['8.25.11'],Onkeion,NULL,NULL,NULL,NULL,NULL,NULL,NULL
23.074024,37.598698,"Place where suppliants sleep in Epidauros Asklepieion","Epidauria Bk2","Asklepieion of Epidauros",['oikema'],['2.27.2'],NULL,NULL,NULL,https://wikidata.org/wiki/Q38279704,NULL,Abaton,NULL,NULL
22.757,38.385,"Plain with vineyards between Stiris and Ambrossos","Phokis Bk10","Phokis Bk10",['pedion'],['10.36.1'],NULL,NULL,NULL,NULL,NULL,NULL,NULL,NULL
22.1273,37.4124,"Spring near the sanctuary of Asklepios Pais in Megalopolis","Arcadia Bk8","Megalopolis (Arkadia)",['pege'],['8.32.5'],"Megalopolis (Arkadia)",NULL,NULL,NULL,NULL,NULL,NULL,NULL
27.37404,36.686188,Knidos,"Asia Minor (Asia)","Cherronesos of Knidos",['polis'],"['1.1.3','1.2.2','10.11.1','10.11.3','5.24.7','6.3.16','8.30.2']",NULL,https://pleiades.stoa.org/places/599576,NULL,https://wikidata.org/wiki/Q690575,NULL,Cnidus,https://imperium.ahlfeldt.se/places/21190,NULL
22.956902,38.392613,"Altar of Hermes Epimêlios (of the flocks?) in agora of Korôneia","Boiotia Bk9","Koroneia (Boeotia)",['bomos'],['9.34.3'],"Koroneia (Boeotia)",NULL,NULL,NULL,NULL,NULL,NULL,NULL
24.116,37.678,"Helena (island)","Attica Bk1","Attica Bk1",['nesos'],"['1.35.1','8.14.12']",NULL,https://pleiades.stoa.org/places/579945,NULL,https://wikidata.org/wiki/Q618600,NULL,NULL,NULL,NULL
22.09,38.252,"sanctuary of Asclepius at Aigion","Achaia Bk7","Aigion (Achaia)","['hieron','temenos']",['7.23.7'],"Aigion (Achaia)",NULL,NULL,https://wikidata.org/wiki/Q134036969,NULL,"precinct of Asklepios at Aigion",NULL,NULL
22.2,38.8,Chenai/Chen,"Hellas (Europe)",Phthiotis,['settlement'],['10.24.1'],NULL,https://pleiades.stoa.org/places/543669,NULL,https://wikidata.org/wiki/Q16454538,NULL,NULL,NULL,NULL
22.42665,37.0815,"sanctuary of Apollo near Choros, Sparta","Lakonia Bk3","Choros (Sparta)",['hieron'],['3.11.9'],"Choros (Sparta)",NULL,NULL,https://wikidata.org/wiki/Q124616591,NULL,NULL,NULL,NULL
22.33439,38.1705,"Tomb of man east of Krathis river","Achaia Bk7","Achaia Bk7",['mnema'],['7.25.13'],NULL,NULL,NULL,NULL,NULL,NULL,NULL,NULL
21.73,38.082,"oracle by Hermes Agoraios at Pharae","Achaia Bk7","agora of Pharae",['manteion'],['7.22.2'],"agora of Pharae",NULL,NULL,NULL,NULL,NULL,NULL,NULL
21.627,37.64,"Kladeos river (Eleia)","Eleia Bk5 Bk6","Eleia Bk5 Bk6",['potamos'],"['5.15.7','6.20.6','6.21.3']",NULL,https://pleiades.stoa.org/places/570358,https://topostext.org/place/378218WKla,https://wikidata.org/wiki/Q647970,NULL,NULL,NULL,NULL
32.816,25.9966,Coptos,"Libya (Africa)","Egypt (region)",['polis'],['10.32.18'],NULL,https://pleiades.stoa.org/places/786010,NULL,https://wikidata.org/wiki/Q935454,NULL,NULL,NULL,NULL
23.436606,40.099366,Aphytis,"Macedonia (Europe)","Chalcidike region (Chalkidike)",['settlement'],['3.18.3'],NULL,https://pleiades.stoa.org/places/491525,NULL,https://wikidata.org/wiki/Q4779776,NULL,NULL,NULL,NULL
23.7257,37.9717,"Demeter Chloe, sanctuary, Athens","Athenai Bk1","Athenai Bk1",['hieron'],['1.22.3'],NULL,NULL,https://topostext.org/binder/JB1004,https://wikidata.org/wiki/Q12878107,NULL,NULL,NULL,NULL
23.722354,37.9036115,Halimous,"Attica Bk1","Attica Bk1",['demos'],['1.31.1'],NULL,https://pleiades.stoa.org/places/579941,NULL,https://wikidata.org/wiki/Q13464895,NULL,"Alimos, Halimos",NULL,NULL
23.3484,37.5033,"Chrysoroa spring in Troizen","Troizenia Bk2","Troizen (Troizenia)","['hydor','pege']",['2.31.10'],"Troizen (Troizenia)",NULL,NULL,NULL,NULL,NULL,NULL,NULL
22.959486,38.495082,"Tomb of Minyas at Orchomenos","Boiotia Bk9","Orchomenos (Boeotia)",['mnema'],['9.38.3'],"Orchomenos (Boeotia)",NULL,NULL,NULL,https://resource.manto.unh.edu/10785784,NULL,NULL,NULL
22.4237,37.0821,"Sanctuary of Arsinoe at Sparta","Lakonia Bk3",Sparta,['hieron'],['3.12.8'],Sparta,NULL,NULL,https://wikidata.org/wiki/Q124616432,NULL,NULL,NULL,NULL
23.3178,38.3191,"Homoloides gate Thebes - Homolôides pulai","Boiotia Bk9","Thebes (Boeotia)",['pylai'],['9.8.5'],"Thebes (Boeotia)",NULL,NULL,https://wikidata.org/wiki/Q135495756,NULL,NULL,NULL,NULL
31.254278000000003,29.849667,Memphis,"Libya (Africa)","Egypt (region)",['settlement'],"['1.18.4','1.6.3','1.7.1']",NULL,https://pleiades.stoa.org/places/736963,NULL,https://wikidata.org/wiki/Q5715,NULL,NULL,NULL,NULL
21.374,37.89,"Plethrion weigh-in spot in gymnasium of Elis","Eleia Bk5 Bk6","Gymnasium of Elis",['gymnasion'],['6.23.2'],NULL,NULL,NULL,NULL,NULL,NULL,NULL,NULL
22.87741,37.9107,"Asklepieion at Lerna spring, Corinth","Corinthia Bk2","Corinth (Corinthia)",['Asclepieion'],['2.4.5'],NULL,https://pleiades.stoa.org/places/322517289,https://topostext.org/place/379229SAsk,https://wikidata.org/wiki/Q25461264,NULL,NULL,NULL,NULL
22.141115,37.468145,Zoitia,"Arcadia Bk8",Eutresia,['settlement'],"['8.27.3','8.35.6','8.35.7']",NULL,https://pleiades.stoa.org/places/570765,NULL,https://wikidata.org/wiki/Q8073335,NULL,NULL,NULL,NULL
23.7215,37.9674,"Mouseion Hill (Athens)","Athenai Bk1","Athenai Bk1",['lophos'],"['1.25.8','1.28.10','3.6.6']",NULL,https://pleiades.stoa.org/places/968858713,https://topostext.org/place/380237LMus,https://wikidata.org/wiki/Q2088161,NULL,NULL,NULL,NULL
23.707,37.992,"altar of Prometheus, in the Academy","Athenai Bk1","Academy of Plato, Athens",['bomos'],['1.30.2'],"Academy of Plato, Athens",NULL,NULL,NULL,NULL,NULL,NULL,NULL
22.793,38.278,"Herakleios river of Boulis","Phokis Bk10","harbor of Boulis",['cheimarros'],"['10.37.2','10.37.3']","harbor of Boulis",NULL,https://topostext.org/place/383228WHer,NULL,NULL,NULL,NULL,NULL
23.7168,37.9816,"Demosion Sema, Delion, Athens","Athenai Bk1","Demosion Sema war graves, Athens",['taphos'],['1.29.13'],NULL,NULL,https://topostext.org/binder/JB1051,NULL,NULL,NULL,NULL,NULL
22.549,37.489,"Parthenion (mountain)","Argolid Bk2","Argolid Bk2",['oros'],"['1.28.4','8.48.7','8.54.6','8.54.7','8.6.4']",NULL,https://pleiades.stoa.org/places/573428,https://topostext.org/place/373228LPar,NULL,NULL,NULL,NULL,NULL
23.743299999999998,37.974,"Tomb of Nisos, Athens","Athenai Bk1","Athenai Bk1",['taphos'],['1.19.4'],NULL,NULL,https://topostext.org/binder/JB2212,NULL,https://resource.manto.unh.edu/10151517,NULL,NULL,NULL
22.4237,37.0821,"Theomêlida, place in Sparta with tombs of Agiad kings","Lakonia Bk3",Sparta,['chorion'],['3.14.2'],Sparta,NULL,NULL,https://wikidata.org/wiki/Q124616413,NULL,NULL,NULL,NULL
25.2666,37.4004,"palm tree at Delos","Aegean Sea (Hellas)","Sanctuary of Delian Apollo on Delos","['palm tree']",['8.48.3'],"Sanctuary of Delian Apollo on Delos",NULL,NULL,NULL,https://resource.manto.unh.edu/11293240,NULL,NULL,NULL
23.71553,37.9613,"Sikelia hill (Athens)","Athenai Bk1","Athenai Bk1",['lophos'],['8.11.12'],NULL,https://pleiades.stoa.org/places/585959,https://topostext.org/place/380237LSik,https://wikidata.org/wiki/Q25163830,NULL,NULL,NULL,NULL
23.61638,38.01255,"Wall of unworked stone before Aphrodite temple on Sacred Way","Attica Bk1","Sacred Way from Athens to Eleusis",['teichos'],['1.37.7'],NULL,NULL,NULL,NULL,NULL,NULL,NULL,NULL
23.2848,37.9844,"Tomb of Eurystheus between Megara and Corinth","Megarid Bk1","Megarid Bk1",['mnema'],['1.44.10'],NULL,NULL,NULL,https://wikidata.org/wiki/Q124646270,https://resource.manto.unh.edu/10214610,NULL,NULL,NULL
22.8793472,37.9049161,"Sanctuary of All the Gods in the Agora of Corinth","Corinthia Bk2","Agora of Corinth",['hieron'],['2.2.8'],"Agora of Corinth",NULL,NULL,https://wikidata.org/wiki/Q134037558,NULL,NULL,NULL,NULL
23.2733,38.2213,"City walls of Plataea","Boiotia Bk9","Plataea (Boeotia)",['teichos'],"['3.9.3','9.1.6']","Plataea (Boeotia)",NULL,NULL,NULL,NULL,NULL,NULL,NULL
22.68143,38.47571,"Three-way junction on the Schiste hodos","Phokis Bk10","Schiste Hodos",['hodos'],['10.5.4'],"Schiste Hodos",NULL,NULL,NULL,NULL,NULL,NULL,NULL
57.50000000000001,38.5,Parthyene/Parthia,"Asia (continent)","Asia (continent)",['chora'],['5.12.6'],NULL,https://pleiades.stoa.org/places/952097,NULL,https://wikidata.org/wiki/Q1645483,NULL,NULL,NULL,NULL
23.96,38.125,"river flowing from Marathon lake","Attica Bk1","Marathonian Plain (Attica)",['potamos'],['1.32.7'],"Marathonian Plain (Attica)",NULL,NULL,NULL,NULL,NULL,NULL,NULL
23.110281,38.20809,"mountain of Thisbe, west of Kreusis","Boiotia Bk9",Kreusis,['oros'],['9.32.2'],Kreusis,NULL,NULL,NULL,NULL,NULL,NULL,NULL
22.03143,37.38957,"Altar of Demeter before temple at Lykosoura","Arcadia Bk8","Sanctuary of Despoina at Lykosoura",['bomos'],['8.37.2'],"Sanctuary of Despoina at Lykosoura",NULL,NULL,NULL,NULL,NULL,NULL,NULL
23.7168,37.9816,"Demosion Sema, Athenian dead from Eurymedon","Athenai Bk1","Demosion Sema war graves, Athens",['sema'],['1.29.14'],"Demosion Sema war graves, Athens",NULL,NULL,NULL,NULL,NULL,NULL,NULL
21.9915,37.4483,"Hagno spring on Mt. Lykaion","Arcadia Bk8","Lykaion (mountain)",['pege'],"['8.38.3','8.38.4']",NULL,https://pleiades.stoa.org/places/573238,NULL,NULL,https://resource.manto.unh.edu/10214854,NULL,NULL,NULL
21.892903,37.871725,"heroons of Promachos and Echephron at Psophis, inconspicuous","Arcadia Bk8",Psophis,['heroon'],['8.24.7'],Psophis,NULL,NULL,NULL,NULL,NULL,NULL,NULL
30.551573,36.524579,Phaselis,"Asia Minor (Asia)","Lycia region",['settlement'],"['1.37.4','3.3.8']",NULL,https://pleiades.stoa.org/places/639051,NULL,https://wikidata.org/wiki/Q595329,NULL,NULL,NULL,NULL
21.9,38.2,Euryteiai,"Achaia Bk7","Achaia Bk7",['settlement'],['7.18.1'],"Achaia Bk7",https://pleiades.stoa.org/places/573225,NULL,https://wikidata.org/wiki/Q60791430,NULL,NULL,NULL,NULL
19.6974,40.3787,Abantis,"Epiros region","Epiros region",['chora'],"['5.22.3','5.22.4']",NULL,https://pleiades.stoa.org/places/481715,https://topostext.org/place/405196UAma,https://wikidata.org/wiki/Q454510,NULL,Amantia,NULL,NULL
23.7,38.36,"Euboian Gulf","Boiotia Bk9","Aegean Sea (Hellas)",['thalassa'],['9.20.1'],NULL,NULL,NULL,https://wikidata.org/wiki/Q266636,NULL,"Sea off Tanagraia",NULL,NULL
23.34285,37.997,"record office of Megara at Tomb of Pyrgo","Megarid Bk1","Megara (Megarid)",['oikema'],['1.43.4'],"Megara (Megarid)",NULL,NULL,https://wikidata.org/wiki/Q124644651,NULL,NULL,NULL,NULL
22.5384,38.0446,Poseidion,"Achaia Bk7",Pellene,['demos'],['7.27.8'],Pellene,https://pleiades.stoa.org/places/573477,NULL,NULL,https://resource.manto.unh.edu/11297170,NULL,NULL,NULL
22.0939,37.6291,"Theisoa (Orchomenia)","Arcadia Bk8","Orchomenos (Arcadia)",['settlement'],"['8.27.4','8.27.7','8.28.3','8.28.4','8.38.9']",NULL,https://pleiades.stoa.org/places/570721,NULL,https://wikidata.org/wiki/Q16327480,NULL,NULL,NULL,NULL
23.726464,37.971687,"Athenai Bk1","Attica Bk1","Attica Bk1",['polis'],"['1.1.2','1.1.5','1.14.1','1.14.5','1.14.7','1.15.2','1.17.6','1.18.4','1.18.8','1.19.1','1.2.1','1.2.4','1.2.5','1.20.4','1.20.5','1.20.6','1.20.7','1.22.3','1.23.9','1.25.5','1.25.8','1.26.2','1.26.3','1.26.6','1.27.10','1.27.2','1.27.3','1.27.5','1.27.6','1.27.8','1.28.4','1.28.8','1.29.12','1.29.2','1.3.2','1.30.1','1.30.2','1.32.3','1.32.6','1.33.1','1.33.2','1.34.3','1.35.3','1.36.3','1.37.5','1.37.6','1.37.7','1.39.4','1.40.5','1.41.4','1.41.9','1.8.5','10.10.1','10.18.7','10.2.3','10.21.6','10.23.14','10.3.1','10.34.8','10.35.8','10.37.6','10.4.3','10.4.9','10.8.5','2.1.4','2.14.4','2.18.9','2.26.2','2.27.2','2.3.8','2.31.7','2.33.4','2.33.5','2.6.5','3.12.7','3.3.7','3.4.2','3.5.2','3.6.4','3.6.5','3.8.6','3.9.6','4.13.7','4.15.1','4.17.5','4.2.6','4.26.8','4.5.10','4.5.2','5.10.4','5.11.6','5.12.4','5.19.3','5.21.1','5.26.6','5.6.5','6.17.9','6.20.14','6.22.7','7.1.2','7.1.3','7.10.4','7.11.6','7.2.2','7.2.7','7.20.6','7.24.5','7.25.2','7.25.4','7.7.8','7.9.6','8.11.6','8.23.3','8.37.3','8.8.6','9.1.4','9.14.7','9.15.4','9.15.5','9.26.6','9.3.2','9.30.1','9.32.5','9.35.3','9.39.1','9.6.2','9.7.1']",NULL,https://pleiades.stoa.org/places/579885,NULL,https://wikidata.org/wiki/Q844930,NULL,"Athens Athenae polis",NULL,NULL
22.2023,37.3688,Pegai,"Arcadia Bk8","Alpheios river (Eleia)",['pege'],"['8.44.4','8.54.3']",NULL,https://pleiades.stoa.org/places/573430,NULL,NULL,NULL,"Springs of the Alpheius",NULL,NULL
23.160772,38.493128,"Sanctuary of Dionysos at Kopai","Boiotia Bk9",Kopai,['hieron'],['9.24.1'],Kopai,NULL,NULL,https://wikidata.org/wiki/Q134037703,NULL,NULL,NULL,NULL
22.1099,38.030042,Kynaitha,"Achaia Bk7","Achaia Bk7",['polis'],"['5.22.1','8.19.1','8.19.3']",NULL,https://pleiades.stoa.org/places/570392,NULL,https://wikidata.org/wiki/Q5199870,NULL,Cynaethae,NULL,NULL
22.413455,37.043277,"Heroon of Lakedaimon son of Taygete at Alesiai","Lakonia Bk3",Alesiai,['heroon'],['3.20.2'],Alesiai,NULL,NULL,https://wikidata.org/wiki/Q124616580,NULL,NULL,NULL,NULL
22.4237,37.0821,"Clubhouse of the Krotani near tomb of Agiad kings in Sparta","Lakonia Bk3",Sparta,['lesche'],['3.14.2'],Sparta,NULL,NULL,https://wikidata.org/wiki/Q124616532,NULL,NULL,NULL,NULL
22.66931,38.58344,"ancient agora of Tithorea with enclosure wall","Phokis Bk10",Tithorea/Neon,['peribolos'],['10.32.10'],Tithorea/Neon,NULL,NULL,NULL,NULL,NULL,NULL,NULL
21.6657,36.9301,"Harbor of Pylos","Messenia Bk4","Messenia Bk4",['limen'],['4.36.6'],NULL,NULL,NULL,NULL,NULL,NULL,NULL,NULL
23.160772,38.493128,Kopai,"Boiotia Bk9","Boiotia Bk9",['polisma'],"['9.24.1','9.24.3']",NULL,https://pleiades.stoa.org/places/540878,NULL,https://wikidata.org/wiki/Q5168569,NULL,NULL,NULL,NULL
22.4237,37.0821,"Grave of Lathria and Anaxandra at Sparta","Lakonia Bk3","Sanctuary of Lykourgos in Sparta",['taphos'],['3.16.6'],"Sanctuary of Lykourgos in Sparta",NULL,NULL,https://wikidata.org/wiki/Q124616326,https://resource.manto.unh.edu/10150341,NULL,NULL,NULL
21.414714,38.402823,"Palaia Pleuron","Aitolia region","Aitolia region",['settlement'],['7.11.3'],NULL,https://pleiades.stoa.org/places/540999,NULL,https://wikidata.org/wiki/Q45793176,NULL,NULL,NULL,NULL
23.7168,37.9816,"grave of Argive Lamian war allies, at Athens","Athenai Bk1","Demosion Sema war graves, Athens",['mnema'],"['1.29.7','1.29.8']","Demosion Sema war graves, Athens",NULL,NULL,NULL,NULL,NULL,NULL,NULL
21.64397,37.53409,"Lapithos (mountain)","Eleia Bk5 Bk6","Eleia Bk5 Bk6",['oros'],['5.5.8'],NULL,https://pleiades.stoa.org/places/570414,NULL,https://wikidata.org/wiki/Q6488235,NULL,NULL,NULL,NULL
22.4191,37.0841,"Platanista grove (Lakonia)","Lakonia Bk3","Lakonia Bk3",['alsos'],"['3.11.2','3.14.10','3.14.8','3.15.1','3.20.8']",NULL,NULL,https://topostext.org/place/371224SPla,https://wikidata.org/wiki/Q3391805,NULL,NULL,NULL,NULL
27.0057354,38.9471678,"Caicus (river)","Asia Minor (Asia)",Aeolis,['potamos'],"['1.10.4','5.13.3','5.24.6','7.16.1','8.4.9','8.45.7','9.18.4','9.5.14']",NULL,https://pleiades.stoa.org/places/550491,NULL,https://wikidata.org/wiki/Q1737602,NULL,NULL,NULL,NULL
22.8802,37.9054,"Precinct of Bellerophon in Craneion grove at Corinth","Corinthia Bk2","Corinth (Corinthia)",['temenos'],['2.2.4'],"Corinth (Corinthia)",NULL,NULL,NULL,NULL,NULL,NULL,NULL
22.7214,37.6305,"Delta locality of ancient Argos, in the Agora","Argolid Bk2","Agora of Argos",['chorion'],['2.21.1'],"Agora of Argos",NULL,NULL,NULL,NULL,NULL,NULL,NULL
22.5384,38.0446,"sanctuary of Dionysos Lampter at Pellene","Achaia Bk7",Pellene,['hieron'],['7.27.3'],Pellene,NULL,NULL,https://wikidata.org/wiki/Q134037285,NULL,NULL,NULL,NULL
23.3143,38.3183,"Dirke river","Boiotia Bk9","Thebes (Boeotia)",['potamos'],['9.25.3'],NULL,NULL,https://topostext.org/place/383233WDir,https://wikidata.org/wiki/Q106226259,NULL,NULL,NULL,NULL
22.683334,37.174817,Glyppia,"Lakonia Bk3","Lakonia Bk3",['kome'],['3.22.8'],NULL,https://pleiades.stoa.org/places/570265,NULL,https://wikidata.org/wiki/Q48781593,NULL,NULL,NULL,NULL
22.4167,37.3321,Iasos,"Lakonia Bk3","Lakonia Bk3",['polisma'],['7.13.7'],NULL,https://pleiades.stoa.org/places/570335,NULL,https://wikidata.org/wiki/Q60791654,NULL,NULL,NULL,NULL
21.738518,38.243265,"sanctuary of Athena in Patrae, near Limnatis","Achaia Bk7",Patrae,['hieron'],['7.20.9'],Patrae,NULL,NULL,https://wikidata.org/wiki/Q134036825,NULL,NULL,NULL,NULL
27.1383,38.4191,"Sea near mount Coryphe","Asia Minor (Asia)","Ionia (region)",['thalassa'],['7.5.9'],NULL,NULL,NULL,NULL,NULL,NULL,NULL,NULL
2.1918495,36.607058,"Mauretania (Africa)","Libya (Africa)","Roman empire","['major region']","['1.33.5','8.43.3']",NULL,https://pleiades.stoa.org/places/1119,NULL,https://wikidata.org/wiki/Q309272,NULL,NULL,NULL,NULL
22.3736,38.1268,Hyperasia,"Achaia Bk7","Achaia Bk7",['polis'],['7.26.2'],NULL,https://pleiades.stoa.org/places/573256,NULL,https://wikidata.org/wiki/Q3563508,NULL,NULL,NULL,NULL
22.26501,36.84279,"Acropolis of Leuktra","Lakonia Bk3","Leuktra (Lakonia)",['acropolis'],['3.26.5'],"Leuktra (Lakonia)",NULL,NULL,https://wikidata.org/wiki/Q124616550,NULL,NULL,NULL,NULL
22.2612,36.9556,"Sanctuary of Artemis at Alagonia","Lakonia Bk3","Alagonia (Messenia)",['hieron'],['3.26.11'],"Alagonia (Messenia)",NULL,NULL,https://wikidata.org/wiki/Q124616483,NULL,NULL,NULL,NULL
23.42372,37.74991,"Temple of Aphrodite in Aigina, in the port","Aigina island Bk2","Aigina polity",['naos'],['2.29.6'],"Aigina polity",NULL,NULL,NULL,NULL,NULL,NULL,NULL
22.7195,37.6316,"House of Adrastos in Argos","Argolid Bk2","Koile road from Kylarabis gymnasium, Argos",['oikia'],['2.23.2'],"Koile road from Kylarabis gymnasium, Argos",NULL,NULL,NULL,NULL,NULL,NULL,NULL
21.73,38.082,"Grove of the Dioskouroi, 15 stades from Pharae","Achaia Bk7","Pharae (Achaia)",['alsos'],['7.22.5'],"Pharae (Achaia)",NULL,NULL,NULL,NULL,NULL,NULL,NULL
22.062,37.39,Daseai,"Arcadia Bk8",Parrasia,['polis'],"['8.27.4','8.3.3','8.36.9']",NULL,https://pleiades.stoa.org/places/570188,NULL,https://wikidata.org/wiki/Q5226539,NULL,NULL,NULL,NULL
23.3012,38.2446,"Greek trophy at Plataia battlefield","Boiotia Bk9",Plataiis,['tropaion'],['9.2.6'],NULL,NULL,https://topostext.org/place/382233LPlB,NULL,NULL,NULL,NULL,NULL
23.0465058,39.43722,"Pelion (mountain)","Hellas (Europe)","Magnesia region (Magnesia)",['oros'],"['10.19.2','7.7.6']",NULL,https://pleiades.stoa.org/places/541021,NULL,https://wikidata.org/wiki/Q1334825,NULL,NULL,NULL,NULL
21.63042,37.63794,"Opisthodomus of the temple of Zeus at Olympia.","Eleia Bk5 Bk6","Zeus temple (Olympia)",['opisthodomus'],['5.10.9'],"Zeus temple (Olympia)",NULL,NULL,NULL,NULL,NULL,NULL,NULL
23.717999999999996,37.981,"Perikles tomb, Athens","Athenai Bk1","Athenai Bk1",['taphos'],['1.29.3'],NULL,NULL,https://topostext.org/binder/JB2397,NULL,NULL,NULL,NULL,NULL
22.9705599,37.6413788,"Altars of Zeus and Hera on mountain Arachnaion","Epidauria Bk2","Arachnaion (mountain)",['bomos'],['2.25.10'],"Arachnaion (mountain)",NULL,NULL,NULL,NULL,NULL,NULL,NULL
22.4237,37.0821,"Monument of the Iamidai  at Sparta","Lakonia Bk3",Sparta,['mnema'],['3.12.8'],Sparta,NULL,NULL,https://wikidata.org/wiki/Q124616313,NULL,NULL,NULL,NULL
23.34285,37.997,"Temple of Athena at Megara","Megarid Bk1","acropolis of Alcathoos, Megara",['naos'],['1.42.4'],"acropolis of Alcathoos, Megara",NULL,NULL,https://wikidata.org/wiki/Q124644635,NULL,NULL,NULL,NULL
21.630126,37.637849,"hill west of the Kladeus at Olympia","Eleia Bk5 Bk6",Olympia,['lophos'],['6.20.6'],Olympia,NULL,NULL,NULL,NULL,NULL,NULL,NULL
21.7815,38.2539,Mesatis,"Achaia Bk7","Achaia Bk7","['demos','polis']","['7.18.4','7.18.5','7.18.6','7.20.8','7.21.14']",NULL,https://pleiades.stoa.org/places/573370,https://topostext.org/place/381216XVou,https://wikidata.org/wiki/Q16332586,NULL,NULL,NULL,NULL
22.521276,36.69704,Arainon,"Lakonia Bk3","Lakonia Bk3",['chorion'],['3.24.10'],NULL,https://pleiades.stoa.org/places/570099,NULL,https://wikidata.org/wiki/Q124607848,NULL,NULL,NULL,NULL
22.562341,36.763663,"Sanctuary of Ammon at Gythion","Lakonia Bk3",Gythion,['hieron'],['3.21.8'],Gythion,NULL,NULL,https://wikidata.org/wiki/Q124616467,NULL,NULL,NULL,NULL
21.374,37.89,"Tomb of Aetolus at gate leading to Olympia","Eleia Bk5 Bk6","Elis polis",['mnema'],['5.4.4'],"Elis polis",NULL,NULL,NULL,https://resource.manto.unh.edu/10215549,NULL,NULL,NULL
35.234167,31.776667000000003,"Ierusalem/Hierosolyma/Col. Aelia Capitolina","Asia (continent)",Iudaea,['settlement'],['8.16.5'],NULL,https://pleiades.stoa.org/places/687928,NULL,https://wikidata.org/wiki/Q1218,NULL,NULL,NULL,NULL
22.5,37.001,Kynosoura,"Lakonia Bk3","Lakonia Bk3",['settlement'],['3.16.9'],"Lakonia Bk3",https://pleiades.stoa.org/places/573320,NULL,https://wikidata.org/wiki/Q60791980,NULL,NULL,NULL,NULL
23.34285,37.997,"acropolis of Alcathoos, Megara","Megarid Bk1","Megara (Megarid)",['acropolis'],['1.42.1'],"Megara (Megarid)",NULL,NULL,https://wikidata.org/wiki/Q124644628,NULL,NULL,NULL,NULL
17.88151162,40.41225885,Messapii,"Italia (Europe)","Italia (Europe)",['chora'],['10.10.6'],NULL,https://pleiades.stoa.org/places/442657,NULL,https://wikidata.org/wiki/Q737684,NULL,NULL,NULL,NULL
22.806,38.554,Parapotamioi,"Phokis Bk10","Phokis Bk10",['polis'],"['10.3.1','10.33.8']",NULL,https://pleiades.stoa.org/places/541011,NULL,https://wikidata.org/wiki/Q15674594,NULL,NULL,NULL,NULL
28.621536,36.825909,Caunus,"Asia Minor (Asia)","Caria region",['polis'],['6.7.6'],NULL,https://pleiades.stoa.org/places/638796,NULL,https://wikidata.org/wiki/Q608095,NULL,NULL,NULL,NULL
21.3746,37.8917,"improvised altars in open space of Agora of Elis","Eleia Bk5 Bk6","Agora of Elis",['bomos'],['6.24.3'],"Agora of Elis",NULL,NULL,NULL,NULL,NULL,NULL,NULL
37.5,37.5,"Ancient daphne laurel at Daphne? in Syria","Asia (continent)","Antioch on the Orontes",['dendron'],['8.23.5'],NULL,NULL,NULL,NULL,https://resource.manto.unh.edu/10526317,NULL,NULL,NULL
27.236,37.404,"Panormos near Branchidae","Asia Minor (Asia)","Didyma Apollo sanctuary",['limen'],['5.7.5'],NULL,NULL,https://topostext.org/place/374272HPan,https://wikidata.org/wiki/Q60791437,NULL,NULL,NULL,NULL
22.50592,38.62687,"Sanctuary of Apollo at Lilaia","Phokis Bk10",Lilaia,['hieron'],['10.33.4'],Lilaia,NULL,NULL,https://wikidata.org/wiki/Q134037267,NULL,NULL,NULL,NULL
23.19,38.33,"Sanctuary of Herakles Hippodetos - Horse-binder in Teneric plain","Boiotia Bk9","Tenerikon Pedion",['hieron'],['9.26.1'],"Tenerikon Pedion",NULL,NULL,https://wikidata.org/wiki/Q134037713,https://resource.manto.unh.edu/10774929,NULL,NULL,NULL
21.630126,37.637849,"Altar of Zeus Agoraios at Olympia","Eleia Bk5 Bk6",Olympia,['bomos'],['5.15.4'],Olympia,NULL,NULL,NULL,NULL,NULL,NULL,NULL
23.644609,37.937222,Peiraieus/Piraeus,"Attica Bk1","Attica Bk1","['demos','epineion','limen']","['1.1.2','1.1.3','1.2.2','1.20.5','1.25.5','1.25.8','1.26.3','1.28.11','1.29.10','1.29.16','2.8.6','3.5.1']",NULL,https://pleiades.stoa.org/places/580062,NULL,https://wikidata.org/wiki/Q13426467,NULL,NULL,NULL,NULL
22.714,37.984,"Agora of Sicyon","Sikyonia Bk2","Sicyon (Sikyonia)",['agora'],['2.7.6'],NULL,NULL,NULL,https://wikidata.org/wiki/Q133963422,NULL,NULL,NULL,NULL
26.48103,38.38122,"temple of Athena Polias in Erythrae","Asia Minor (Asia)",Erythrai,['naos'],['7.5.9'],Erythrai,NULL,NULL,NULL,NULL,NULL,NULL,NULL
22.203,37.542,"Sanctuary of Artemis Kalliste atop tomb of Kallisto near Trikolonoi","Arcadia Bk8","Tomb of Kallisto",['hieron'],['8.35.8'],"Tomb of Kallisto",NULL,NULL,https://wikidata.org/wiki/Q134037073,https://resource.manto.unh.edu/10769845,NULL,NULL,NULL
22.7195,37.6316,"Cenotaph of the Argives from Trojan War, in Argos","Argolid Bk2","Argos (Argolid)",['cenotaph'],['2.20.6'],"Argos (Argolid)",NULL,NULL,NULL,NULL,NULL,NULL,NULL
23.3178,38.3191,"Pyre of the children of Amphion, Thebes","Boiotia Bk9","Thebes (Boeotia)","['mythic site']",['9.17.2'],"Thebes (Boeotia)",NULL,NULL,NULL,NULL,NULL,NULL,NULL
44.42082,32.53617,"Sanctuary of Bel at Babylon","Asia (continent)","Babylon, Babylon",['hieron'],['8.33.3'],"Babylon, Babylon",NULL,NULL,NULL,NULL,NULL,NULL,NULL
23.075,37.597,"Sacred precinct and grove of Asclepius, Epidauros Asklepieion","Epidauria Bk2","Asklepieion of Epidauros","['alsos','peribolos']","['2.27.1','2.27.5']","Asklepieion of Epidauros",NULL,NULL,NULL,NULL,"Asklepieion sacred grove, Epidaurus",NULL,NULL
23.7168,37.9816,"grave of Cretan bowmen","Athenai Bk1","Demosion Sema war graves, Athens",['mnema'],['1.29.6'],"Demosion Sema war graves, Athens",NULL,NULL,NULL,NULL,NULL,NULL,NULL
27.142222,38.115556,"Tomb of Andraimon near Kolophon","Asia Minor (Asia)",Colophon,['mnema'],['7.3.5'],Colophon,NULL,NULL,NULL,https://resource.manto.unh.edu/10268877,NULL,NULL,NULL
23.8792,38.1871,Aphidna,"Attica Bk1","Attica Bk1",['settlement'],"['1.17.5','1.41.3','1.41.4','2.22.6','3.18.4','3.18.5']",NULL,https://pleiades.stoa.org/places/579873,NULL,https://wikidata.org/wiki/Q618453,NULL,NULL,NULL,NULL
23.724870000000003,37.97154,"Temple of Athena Nike, Acropolis of Athens","Athenai Bk1","Athenian Acropolis (Athens)",['naos'],"['1.22.4','2.30.2']",NULL,NULL,https://topostext.org/place/380237SANi,https://wikidata.org/wiki/Q384813,NULL,"Athena Nike temple (Athens)",https://imperium.ahlfeldt.se/places/25117,NULL
26.75261,38.6684,"Temple of Athena at Phocaea, burned by Harpagos","Asia Minor (Asia)",Phocaea,['naos'],['2.31.6'],Phocaea,NULL,NULL,NULL,NULL,NULL,NULL,NULL
30.7,27.1,"Egypt (region)","Libya (Africa)","Roman empire","['major region']","['1.11.5','1.36.6','1.39.6','1.42.3','1.44.3','1.6.1','1.6.3','1.6.5','1.6.6','1.6.7','1.6.8','1.7.1','1.7.2','1.7.3','1.9.1','1.9.3','1.9.4','10.32.18','10.7.8','2.16.1','2.9.3','3.10.2','3.6.9','5.21.15','5.7.4','6.26.9','6.3.1','7.5.5','8.33.3']",NULL,https://pleiades.stoa.org/places/981503,NULL,https://wikidata.org/wiki/Q11768,NULL,NULL,NULL,NULL
23.7168,37.9816,"Demosion Sema, Syracuse, Athens","Athenai Bk1","Demosion Sema war graves, Athens",['taphos'],['1.29.13'],NULL,NULL,https://topostext.org/binder/JB1070,NULL,NULL,NULL,NULL,NULL
22.5047,36.7279,"Knakadion M.","Lakonia Bk3","Las polis",['oros'],"['3.24.6','3.24.8']","Las polis",https://pleiades.stoa.org/places/573292,NULL,https://wikidata.org/wiki/Q124613900,NULL,NULL,NULL,NULL
21.62976,37.63887,"Temple of Hera at Olympia","Eleia Bk5 Bk6","Altis sacred grove (Olympia)",['naos'],"['5.13.8','5.15.7','5.16.1','5.17.1','5.17.3','5.20.1','5.20.4','5.27.11','6.1.3','6.19.1','6.19.12','6.19.8']",NULL,https://pleiades.stoa.org/places/584889481,https://topostext.org/place/376216SOHe,https://wikidata.org/wiki/Q633572,NULL,"Heraion of Olympia",NULL,NULL
25.1617,37.538,"Tenos (Tinos)","Aegean Sea (Hellas)","Cyclades region (Aegean)",['polis'],['5.23.2'],NULL,NULL,https://topostext.org/place/375252PTen,https://wikidata.org/wiki/Q211285,NULL,NULL,NULL,NULL
22.31536,37.724716,"Sanctuary of Poseidon at Orchomenos","Arcadia Bk8","Orchomenos (Arcadia)",['hieron'],['8.13.2'],"Orchomenos (Arcadia)",NULL,NULL,https://wikidata.org/wiki/Q134037117,NULL,NULL,NULL,NULL
22.45931,37.85932,Stymphalos,"Arcadia Bk8","Arcadia Bk8",['settlement'],"['2.24.6','5.10.9','6.7.10','8.13.5','8.22.1','8.22.2','8.22.3','8.22.6','8.22.7','8.22.8','8.23.1','8.4.6','9.11.6']",NULL,https://pleiades.stoa.org/places/570696,NULL,https://wikidata.org/wiki/Q2359730,NULL,NULL,NULL,NULL
21.2,38.95,"Amphilochia region (Aitolia)","Aitolia region","Aitolia region",['chora'],['2.18.5'],NULL,NULL,https://topostext.org/place/390212RAmp,https://wikidata.org/wiki/Q21234899,NULL,NULL,NULL,NULL
23.7322,37.9675,"Pythion (Athens)","Athenai Bk1","Athenai Bk1",['hieron'],['1.19.1'],NULL,https://pleiades.stoa.org/places/815693600,https://topostext.org/place/380237SPth,https://wikidata.org/wiki/Q65243607,NULL,NULL,NULL,NULL
48.24854,32.19202,"Memnoneian walls of Susa","Asia (continent)","Susa/Seleucia ad Eulaeum",['teichos'],['4.31.5'],"Susa/Seleucia ad Eulaeum",NULL,NULL,NULL,NULL,NULL,NULL,NULL
22.7145,37.9834,"Temple of Athena at Sicyon, built by Epopeus as victory offering","Sikyonia Bk2","Sicyon (Sikyonia)",['naos'],['2.6.3'],"Sicyon (Sikyonia)",NULL,NULL,NULL,NULL,NULL,NULL,NULL
22.14707,37.35051,"Theious (river)","Arcadia Bk8","Arcadia Bk8",['potamos'],['8.35.3'],NULL,https://pleiades.stoa.org/places/570719,NULL,NULL,NULL,NULL,NULL,NULL
26.23873,39.9577,"Ash-altar of Zeus Herkeios at Troy","Asia Minor (Asia)",Ilium,['bomos'],['4.17.4'],Ilium,NULL,NULL,NULL,NULL,NULL,NULL,NULL
22.792,36.8,"City wall of Akriai toward the harbor","Lakonia Bk3","Akriai (Lakonia)",['teichos'],['3.22.5'],"Akriai (Lakonia)",NULL,NULL,NULL,NULL,NULL,NULL,NULL
23.72658434,37.97155767,"Parthenon of Athens","Athenai Bk1","Athenian Acropolis (Athens)",['naos'],"['1.1.2','1.24.3','1.24.4','1.24.7','1.24.8','1.37.1','8.41.9']",NULL,https://pleiades.stoa.org/places/168254096,NULL,https://wikidata.org/wiki/Q10288,NULL,NULL,NULL,NULL
23.5,31.5,Marmaridai,"Libya (Africa)","Libya (Africa)",['chora'],['1.7.2'],NULL,https://pleiades.stoa.org/places/716596,NULL,https://wikidata.org/wiki/Q3849712,NULL,NULL,NULL,NULL
22.0762,37.405,"Makareia (Arkadia)","Arcadia Bk8",Parrasia,['settlement'],"['8.27.4','8.3.3','8.36.9']",NULL,https://pleiades.stoa.org/places/570452,https://topostext.org/place/374221UMak,https://wikidata.org/wiki/Q11934483,NULL,"Makaria, Macaria",NULL,NULL
22.7195,37.6316,"grave of Tantalus son of Thyestes, in Argos","Argolid Bk2","Agora of Argos",['taphos'],"['2.22.2','2.22.3']","Argos (Argolid)",NULL,NULL,NULL,NULL,NULL,NULL,NULL
22.00699,38.2999,"Phoinix (river)","Achaia Bk7","Achaia Bk7",['potamos'],['7.23.5'],NULL,https://pleiades.stoa.org/places/570606,NULL,https://wikidata.org/wiki/Q12885817,NULL,NULL,NULL,NULL
22.3933,37.6181,"City walls of Mantineia","Arcadia Bk8","Mantineia (Arkadia)",['teichos'],['8.8.7'],"Mantineia (Arkadia)",NULL,NULL,NULL,NULL,NULL,NULL,NULL
22.09,38.252,"Sanctuary of Soteria at Aigion","Achaia Bk7","Aigion (Achaia)",['hieron'],['7.24.3'],"Aigion (Achaia)",NULL,NULL,https://wikidata.org/wiki/Q134036964,NULL,NULL,NULL,NULL
26.7508,40.5482,Kardia,"Thrace (Europe)","Chersonesus (Thrace)",['settlement'],['1.13.9'],NULL,https://pleiades.stoa.org/places/501458,NULL,https://wikidata.org/wiki/Q965581,NULL,Cardia,NULL,NULL
22.7195,37.6316,"Temple of the Dioskouri Anaktes in Argos","Argolid Bk2","Argos (Argolid)",['naos'],['2.22.5'],"Argos (Argolid)",NULL,NULL,NULL,NULL,NULL,NULL,NULL
22.42659,37.08188,"Tomb of Epimenides the Cretan at Sparta","Lakonia Bk3","Ancient Ephoreia in Sparta",['mnema'],['3.11.11'],"Ancient Ephoreia in Sparta",NULL,NULL,https://wikidata.org/wiki/Q124616310,NULL,NULL,NULL,NULL
15.0878345,37.5024825,Katane/Catina,"Sicilia (island)","Sicilia (island)",['chora'],"['10.28.4','5.23.6','7.16.5']",NULL,https://pleiades.stoa.org/places/462270,NULL,https://wikidata.org/wiki/Q3813280,NULL,NULL,NULL,NULL
29.647292999999998,45.16291,"Danube/Istros/Hister (river)",Europe,Europe,['potamos'],"['1.9.6','3.19.11','4.34.2','8.25.13','8.28.2','8.38.3']",NULL,https://pleiades.stoa.org/places/226577,NULL,https://wikidata.org/wiki/Q1653,NULL,NULL,NULL,NULL
23.062,36.517,"Boiai (Lakonia)","Lakonia Bk3","Lakonia Bk3",['polis'],"['1.27.5','3.21.7','3.22.11','3.22.13','3.23.1','3.23.10','3.23.2','3.23.6']",NULL,https://pleiades.stoa.org/places/570156,https://topostext.org/place/365231PBoi,https://wikidata.org/wiki/Q11909406,NULL,NULL,NULL,NULL
22.959486,38.495082,"Heroon of Actaeon in Orchomenos","Boiotia Bk9","Orchomenos (Boeotia)",['heroon'],['9.38.5'],"Orchomenos (Boeotia)",NULL,NULL,NULL,NULL,NULL,NULL,NULL
15.75,38.25,"Kaikinos? (river)","Italia (Europe)","Italia (Europe)",['potamos'],['6.6.4'],NULL,https://pleiades.stoa.org/places/452348,NULL,NULL,NULL,NULL,NULL,NULL
23.5522,38.0476,"hero shrine of Hippothoon, near Eleusis","Attica Bk1","Attica Bk1",['heroon'],['1.38.4'],NULL,NULL,NULL,https://wikidata.org/wiki/Q124646569,NULL,NULL,NULL,NULL
22.0708,37.4506,"Olympias spring at Bathos","Arcadia Bk8",Bathos,['pege'],['8.29.1'],Bathos,NULL,NULL,NULL,https://resource.manto.unh.edu/10214446,NULL,NULL,NULL
23.19,38.33,"Tenerikon Pedion","Boiotia Bk9","Boiotia Bk9",['pedion'],"['1.38.9','9.26.1']",NULL,https://pleiades.stoa.org/places/541132,NULL,https://wikidata.org/wiki/Q106880398,NULL,"Teneric Plain",NULL,NULL
22.8745,37.528,"Walls of Asine, Argolid","Argolid Bk2","Asine (Argolid)",['teichos'],['2.36.5'],"Asine (Argolid)",NULL,NULL,NULL,NULL,NULL,NULL,NULL
22.7145,37.9834,"Tomb of Eupolis on road to Sicyon","Sikyonia Bk2","road Corinth to Sikyon",['mnema'],['2.7.3'],"Sicyon (Sikyonia)",NULL,NULL,NULL,NULL,NULL,NULL,NULL
23.219541,38.451533,Akraiphnion,"Boiotia Bk9","Boiotia Bk9",['polis'],"['9.23.5','9.23.6','9.24.1','9.40.2']",NULL,https://pleiades.stoa.org/places/540617,NULL,https://wikidata.org/wiki/Q15394073,NULL,Akraiphiai,NULL,NULL
22.489063,36.621145,Teuthrone,"Lakonia Bk3","Lakonia Bk3",['polis'],"['3.21.7','3.25.4']",NULL,https://pleiades.stoa.org/places/570714,NULL,https://wikidata.org/wiki/Q48781583,NULL,NULL,NULL,NULL
22.562341,36.763663,"Spring of Asklepios at Gythion","Lakonia Bk3",Gythion,['pege'],['3.21.8'],Gythion,NULL,NULL,NULL,NULL,NULL,NULL,NULL
26.1769,39.3692,"Sea near Methymna","Aegean Sea (Hellas)","Aegean Sea (Hellas)",['thalassa'],['10.19.3'],NULL,NULL,NULL,NULL,NULL,NULL,NULL,NULL
22.305,37.533,"Stadium for horse-racing at Mainalos","Arcadia Bk8",Mainalos,['hippodrome'],['8.36.8'],Mainalos,NULL,NULL,NULL,NULL,NULL,NULL,NULL
22.8426,36.6845,"City of the Parakyparissian Achaians, near Asopus","Lakonia Bk3","Asopos (Lakonia)",['polis'],['3.22.9'],"Asopos (Lakonia)",NULL,NULL,https://wikidata.org/wiki/Q124616581,NULL,NULL,NULL,NULL
22.66931,38.58344,"Sanctuary of Asklepios near Tithorea","Phokis Bk10",Tithorea/Neon,['hieron'],"['10.32.12','10.32.13']",Tithorea/Neon,NULL,NULL,https://wikidata.org/wiki/Q134037344,NULL,NULL,NULL,NULL
23.34285,37.997,"temple of Isis in Megara","Megarid Bk1","Megara (Megarid)",['naos'],['1.41.3'],"Megara (Megarid)",NULL,NULL,https://wikidata.org/wiki/Q124644624,NULL,NULL,NULL,NULL
22.5011,38.48304,"Kassotis spring at Delphi just after stone of Kronos","Phokis Bk10","Sanctuary of Pythian Apollo at Delphi",['pege'],['10.24.7'],NULL,NULL,NULL,NULL,https://resource.manto.unh.edu/10273381,NULL,NULL,NULL
23.3484,37.5033,"Sanctuary of the Muses in Troizen, Mouseion","Troizenia Bk2","Troizen (Troizenia)",['hieron'],['2.31.3'],"Troizen (Troizenia)",NULL,NULL,https://wikidata.org/wiki/Q134037955,https://resource.manto.unh.edu/10214799,NULL,NULL,NULL
21.724,38.241,"sea by Patrae","Achaia Bk7","Ionian Sea (Greece/Italy)",['thalassa'],['7.21.11'],NULL,NULL,NULL,NULL,NULL,NULL,NULL,NULL
23.1602,37.6335,"Acropolis of Epidaurus","Epidauria Bk2",Epidauros,['acropolis'],['2.29.1'],Epidauros,NULL,NULL,https://wikidata.org/wiki/Q133963416,NULL,NULL,NULL,NULL
22.42659,37.08188,"Sanctuary of  Ge (Earth) near  the Choros at  Sparta","Lakonia Bk3","Agora of Sparta",['hieron'],['3.11.9'],"Agora of Sparta",NULL,NULL,https://wikidata.org/wiki/Q124616593,NULL,NULL,NULL,NULL
27.184167,39.1325,"Pythion of Pergamon","Asia Minor (Asia)",Pergamum,['hieron'],['9.35.7'],Pergamum,NULL,NULL,https://wikidata.org/wiki/Q134038469,NULL,NULL,NULL,NULL
22.124,37.418,"Paraibasion polyandrion","Arcadia Bk8","road Gortys to Megalopolis","['mnema','polyandrion']",['8.28.7'],NULL,https://pleiades.stoa.org/places/958446605,NULL,NULL,NULL,NULL,NULL,NULL
21.877,36.719,"Cape Akritas","Messenia Bk4","Messenia Bk4",['akra'],['4.34.12'],NULL,https://pleiades.stoa.org/places/570057,NULL,https://wikidata.org/wiki/Q21008093,NULL,NULL,NULL,NULL
21.374,37.89,"Sanctuary of Athena Narkaia, founded by Narcaeus in Elis","Eleia Bk5 Bk6","Elis polis",['hieron'],['5.16.7'],"Elis polis",NULL,NULL,https://wikidata.org/wiki/Q134036744,https://resource.manto.unh.edu/10267746,NULL,NULL,NULL
21.374,37.89,"Altar of Eros at Gymnasium of Elis","Eleia Bk5 Bk6","Gymnasium of Elis",['bomos'],['6.23.3'],"Gymnasium of Elis",NULL,NULL,NULL,NULL,NULL,NULL,NULL
21.62982,37.63845,"Sacrificial pit in the Pelopeion, Olympia","Eleia Bk5 Bk6","Pelopeion (Olympia)",['bothros'],['5.13.2'],"Pelopeion (Olympia)",NULL,NULL,NULL,NULL,NULL,NULL,NULL
22.093167,37.332507,Kromoi,"Arcadia Bk8",Kromitis,['polis'],"['8.27.4','8.3.4','8.34.6']",NULL,https://pleiades.stoa.org/places/570388,NULL,https://wikidata.org/wiki/Q11916188,NULL,"Kromon Kromna Cromi",NULL,NULL
23.3178,38.3191,"Oracle-observatory of Teiresias in Thebes","Boiotia Bk9","Thebes (Boeotia)",['manteion'],['9.16.1'],"Thebes (Boeotia)",NULL,NULL,NULL,NULL,NULL,NULL,NULL
21.62932,37.63923,"Prytaneion (Olympia)","Eleia Bk5 Bk6",Olympia,['prytaneion'],"['5.13.11','5.15.11','5.15.12','5.15.8','5.15.9','5.20.10']",NULL,NULL,https://topostext.org/place/376216BOPr,https://wikidata.org/wiki/Q23889050,NULL,NULL,NULL,NULL
37.867771,37.056925,Zeugma,"Asia (continent)","Euphrates (river)",['polis'],['10.29.4'],NULL,https://pleiades.stoa.org/places/658636,NULL,https://wikidata.org/wiki/Q196987,NULL,NULL,NULL,NULL
23.2733,38.2213,"gates of Plataea","Boiotia Bk9","Plataea (Boeotia)",['pylai'],['9.1.7'],"Plataea (Boeotia)",NULL,NULL,NULL,NULL,NULL,NULL,NULL
23.110281,38.20809,Kreusis,"Boiotia Bk9","Boiotia Bk9",['epineion'],"['9.32.1','9.32.2']",NULL,https://pleiades.stoa.org/places/540888,NULL,https://wikidata.org/wiki/Q16553547,NULL,NULL,NULL,NULL
21.73,38.082,"Spring of Hermes at Pharae, with sacred fish","Achaia Bk7","Pharae (Achaia)",['pege'],['7.22.4'],"Pharae (Achaia)",NULL,NULL,NULL,https://resource.manto.unh.edu/10473551,NULL,NULL,NULL
12.8249,37.58406,"Selinus in Sicily","Sicilia (island)","Sicilia (island)",['polis'],"['6.19.10','6.19.11']",NULL,https://pleiades.stoa.org/places/462489,NULL,https://wikidata.org/wiki/Q952173,NULL,"Selinous Selinunte",NULL,NULL
22.7145,37.9834,Aigialeia,"Sikyonia Bk2","Sikyonia Bk2",['settlement'],"['2.5.8','2.6.2','2.7.7']","Sicyon (Sikyonia)",NULL,NULL,NULL,NULL,Aegialea,NULL,NULL
21.842,37.4075,"Hot baths 12 stadia from Phigaleia near Lymax confluence","Arcadia Bk8",Phigaleia,['loutron'],['8.41.4'],Phigaleia,NULL,NULL,NULL,NULL,NULL,NULL,NULL
23.742903,37.965297,"Agrai, SE of Athens","Athenai Bk1","Athenai Bk1",['chorion'],['1.19.6'],NULL,https://pleiades.stoa.org/places/579846,NULL,https://wikidata.org/wiki/Q116311975,NULL,NULL,NULL,NULL
19.5,41.5,"Illyria (Europe)",Europe,Europe,"['major region']","['1.4.1','10.19.7','4.35.5','4.35.6','4.35.7','9.5.13','9.5.3','9.8.6']",NULL,https://pleiades.stoa.org/places/481866,NULL,https://wikidata.org/wiki/Q32047,NULL,"Illyrii Illyrians",NULL,NULL
23.5841,38.3074,"Gymnasium of Tanagra","Boiotia Bk9","Tanagra (Boeotia)",['gymnasion'],['9.22.3'],"Tanagra (Boeotia)",NULL,NULL,NULL,NULL,NULL,NULL,NULL
22.997,37.8656,"Loutra Helenes (Korinthia)","Corinthia Bk2","Corinthia Bk2","['hydor','loutron']",['2.2.3'],NULL,https://pleiades.stoa.org/places/570440,https://topostext.org/place/379230XLou,NULL,NULL,NULL,NULL,NULL
23.243591,37.385218,"Sanctuary of Tyche in Hermione","Hermionis Bk2",Hermione,['hieron'],['2.35.3'],Hermione,NULL,NULL,https://wikidata.org/wiki/Q134037728,NULL,NULL,NULL,NULL
22.1302,37.8248,"Tragos (river)","Arcadia Bk8","Arcadia Bk8",['potamos'],['8.23.2'],NULL,https://pleiades.stoa.org/places/570745,NULL,https://wikidata.org/wiki/Q24888109,NULL,NULL,NULL,NULL
22.305,37.533,"Traces of temple of Athena at Mainalos","Arcadia Bk8",Mainalos,['naos'],['8.36.8'],Mainalos,NULL,NULL,NULL,NULL,NULL,NULL,NULL
22.3154,37.7247,"Deep ravine between Orchomenos and Mt. Trachy draining plain","Arcadia Bk8","Orchomenos (Arcadia)",['charadra'],['8.13.4'],NULL,NULL,NULL,NULL,NULL,NULL,NULL,NULL
22.4237,37.0821,"Theater of Sparta","Lakonia Bk3",Sparta,['theatron'],['3.14.1'],Sparta,NULL,NULL,https://wikidata.org/wiki/Q28599124,NULL,NULL,NULL,NULL
23.3178,38.3191,"Gymnasium of Iolaus at Thebes","Boiotia Bk9","Thebes (Boeotia)",['gymnasion'],['9.23.1'],"Thebes (Boeotia)",NULL,NULL,NULL,NULL,NULL,NULL,NULL
27.874126999999998,40.389806,Cyzicus,"Asia Minor (Asia)","Bithynia (region)",['chora'],['4.35.8'],NULL,https://pleiades.stoa.org/places/511218,NULL,https://wikidata.org/wiki/Q615449,NULL,NULL,NULL,NULL
39,19.5,"Erythraeum Mare",NULL,"Ocean River",['thalassa'],"['1.33.4','6.26.9']",NULL,https://pleiades.stoa.org/places/39290,NULL,https://wikidata.org/wiki/Q1363807,NULL,"Arabicus Sinus, Red Sea",NULL,NULL
25.163105999999996,35.297847,"Knosos/Col. Iulia Nobilis Cnosos",Crete,Crete,['polis'],"['1.18.5','1.27.10','3.2.4','5.10.9','6.4.11','8.53.8']",NULL,https://pleiades.stoa.org/places/589872,NULL,https://wikidata.org/wiki/Q173527,NULL,NULL,NULL,NULL
22.1273,37.4124,"altars in precinct of Zeus Lykaios at Megalopolis","Arcadia Bk8","Sanctuary of Zeus Lykaios in agora of Megalopolis",['bomos'],['8.30.2'],"Megalopolis (Arkadia)",NULL,NULL,NULL,NULL,NULL,NULL,NULL
23.732,37.966,"Alkmene altar at Kynosarges","Athenai Bk1","Kynosarges sanctuary south of Athens",['bomos'],['1.19.3'],"Kynosarges sanctuary south of Athens",NULL,https://topostext.org/binder/JB0118,NULL,NULL,"altar of Alcmene in Athens",NULL,NULL
27.184167,39.1325,Pergamum,"Asia Minor (Asia)",Mysia,['settlement'],"['1.10.4','1.11.2','1.4.5','1.4.6','10.15.3','10.18.6','3.26.10','5.13.3','5.13.8','7.16.1','7.16.8','7.2.11','8.4.9']",NULL,https://pleiades.stoa.org/places/550812,NULL,https://wikidata.org/wiki/Q18986,NULL,NULL,NULL,NULL
22.195,36.934,"Gerenia (Messenia)","Lakonia Bk3","Messenia Bk4",['polis'],"['3.21.7','3.26.11','3.26.8','3.26.9','4.1.1','4.3.2','4.3.9']",NULL,https://pleiades.stoa.org/places/570261,https://topostext.org/place/369222UGer,https://wikidata.org/wiki/Q5550565,NULL,NULL,NULL,NULL
23.3484,37.5033,"Temple of Athena Sthenias in the akropolis of Troizen","Troizenia Bk2","Acropolis of Troizen",['naos'],['2.32.5'],"Acropolis of Troizen",NULL,NULL,NULL,NULL,NULL,NULL,NULL
21.707,37.649,"Parthenias (river)","Eleia Bk5 Bk6","Eleia Bk5 Bk6",['potamos'],['6.21.7'],NULL,https://pleiades.stoa.org/places/570565,NULL,https://wikidata.org/wiki/Q15148064,NULL,NULL,NULL,NULL
25.19914,37.08093,"ancient Parian marble quarries at Marathi","Aegean Sea (Hellas)","Paros (island)",['lithotomia'],['9.35.7'],NULL,NULL,https://topostext.org/place/371252QLyc,https://wikidata.org/wiki/Q125967911,NULL,NULL,https://imperium.ahlfeldt.se/places/43462,NULL
22.7145,37.9834,"log  in Apollo Lykios sanctuary in Sicyon, poison to wolves","Sikyonia Bk2","Sanctuary of Apollo Lykios at Sicyon, in ruins",['dendron'],['2.9.7'],"Sanctuary of Apollo Lykios at Sicyon, in ruins",NULL,NULL,NULL,NULL,NULL,NULL,NULL
22.165456,37.246287,Aigys,"Lakonia Bk3",Aigytis,['settlement'],"['3.2.5','8.27.4']",NULL,https://pleiades.stoa.org/places/570052,NULL,https://wikidata.org/wiki/Q15872679,NULL,NULL,NULL,NULL
21.87884,37.710489,"temple of Demeter Lousia","Arcadia Bk8",Onkeion,['naos'],['8.25.6'],Onkeion,NULL,NULL,NULL,NULL,NULL,NULL,NULL
12.4843457,41.89262,"building for horse races built by Trajan, 2 stades long","Italia (Europe)",Rome,['hippodrome'],['5.12.6'],Rome,NULL,NULL,NULL,NULL,NULL,NULL,NULL
23.4228,37.5022,"Temple of Ares near Genethlion, Troizen","Troizenia Bk2","Genethlion near Troizen",['naos'],['2.32.9'],"Genethlion near Troizen",NULL,NULL,NULL,NULL,NULL,NULL,NULL
22.4237,37.0821,"Heroon of Athenodoros in Sparta","Lakonia Bk3",Sparta,['heroon'],['3.16.4'],Sparta,NULL,NULL,https://wikidata.org/wiki/Q124616575,NULL,NULL,NULL,NULL
27.4442,38.642,"Krios river near Magnesia","Asia Minor (Asia)","Lydia (province)",['potamos'],['7.27.12'],NULL,https://pleiades.stoa.org/places/550672,NULL,NULL,NULL,Kryos,NULL,NULL
23.726464,37.971687,"Before entry to the Acropolis","Athenai Bk1","Athenai Bk1",['esodos'],"['1.22.8','9.35.3']","Athenai Bk1",NULL,NULL,NULL,NULL,NULL,NULL,NULL
23.448834,38.498583,"Tombs of the children of Iphimedeia and Alôeus outside Anthedon","Boiotia Bk9",Anthedon,['mnema'],['9.22.6'],Anthedon,NULL,NULL,NULL,https://resource.manto.unh.edu/10210653,NULL,NULL,NULL
22.0959,37.8914,"Sanctuary of the Great Gods or Dioskouroi  at Kleitor","Arcadia Bk8",Kleitor,['hieron'],['8.21.4'],Kleitor,NULL,https://topostext.org/place/379221SDiK,https://wikidata.org/wiki/Q134039995,NULL,NULL,NULL,NULL
23.538,38.0411,"sanctuary of the Eleusinian Mysteries at Eleusis","Attica Bk1","Eleusis (Attica)",['hieron'],"['1.38.7','10.31.11','3.4.2','3.4.6','8.15.1','8.31.7']",NULL,https://pleiades.stoa.org/places/579910,https://topostext.org/place/380235SEle,https://wikidata.org/wiki/Q94299853,NULL,NULL,NULL,NULL
21.9482,37.2679,"Karneiasion/Karnasion grove (Messenia)","Messenia Bk4","Messenia Bk4",['alsos'],"['4.33.4','4.33.5','8.35.1']",NULL,https://pleiades.stoa.org/places/570331,https://topostext.org/place/373219SKar,https://wikidata.org/wiki/Q28000806,NULL,"Carnasian grove",NULL,NULL
23.3178,38.3191,"Stadium of Herakles near Herakleion of Thebes","Boiotia Bk9","Thebes (Boeotia)",['stadion'],['9.11.7'],"Thebes (Boeotia)",NULL,NULL,NULL,NULL,NULL,NULL,NULL
22.063,38.259,"Meiganitas (river)","Achaia Bk7","Achaia Bk7",['potamos'],['7.23.5'],NULL,https://pleiades.stoa.org/places/570471,NULL,https://wikidata.org/wiki/Q25018042,NULL,NULL,NULL,NULL
22.1273,37.414,"Agora of Megalopolis","Arcadia Bk8","North section of Megalopolis city",['agora'],"['8.30.2','8.30.7']",NULL,NULL,NULL,https://wikidata.org/wiki/Q133963420,NULL,NULL,NULL,NULL
22.99294,37.91574,"temple of Isthmian Poseidon at Isthmia","Corinthia Bk2","Isthmian Poseidon sanctuary at Isthmia",['naos'],['2.1.7'],NULL,NULL,NULL,https://wikidata.org/wiki/Q18385210,NULL,NULL,NULL,NULL
23.6765,38.34,"Delion sanctuary (Boeotia)","Boiotia Bk9",Tanagraia,"['battlefield','hieron']","['1.29.13','10.28.6','3.6.1','9.20.1','9.6.3']",NULL,https://pleiades.stoa.org/places/540725,https://topostext.org/place/383237UDel,https://wikidata.org/wiki/Q1184284,NULL,NULL,NULL,NULL
22.876,38.3642,"Leibethrion Mountain (Boeotia","Boiotia Bk9","Boiotia Bk9",['oros'],['9.34.4'],NULL,NULL,https://topostext.org/place/383229LLei,https://wikidata.org/wiki/Q106298445,NULL,Libethrion,NULL,NULL
22.87352,38.431063,"Cave with springs of Herkyna river at Lebadeia","Boiotia Bk9",Lebadeia,['spelaion'],['9.39.3'],Lebadeia,NULL,NULL,NULL,NULL,NULL,NULL,NULL
22.63419,37.60053,"Chaon (mountain)","Argolid Bk2","Argolid Bk2",['oros'],['2.24.6'],NULL,https://pleiades.stoa.org/places/570171,NULL,NULL,NULL,NULL,NULL,NULL
23.72372,37.97242,"Altar of the Eumenides, Athens","Athenai Bk1","Semnai Theai shrine at the Areius Pagus",['bomos'],"['1.28.6','7.25.1']","Semnai Theai shrine at the Areius Pagus",NULL,https://topostext.org/binder/JB1376,NULL,NULL,NULL,NULL,NULL
23.2733,38.2213,"temple of Hera at Plataea","Boiotia Bk9","Plataea (Boeotia)",['naos'],['9.2.7'],"Plataea (Boeotia)",NULL,NULL,NULL,NULL,NULL,NULL,NULL
26.331240830000002,39.90055031,Troas,"Asia (continent)","Asia Minor (Asia)",['chora'],"['1.4.6','10.12.6','10.14.1','10.14.4','10.36.10','4.2.7','5.25.6','6.4.9']",NULL,https://pleiades.stoa.org/places/550944,NULL,https://wikidata.org/wiki/Q2454671,NULL,NULL,NULL,NULL
23.044957,38.585688,"Sanctuary of the Nymphs at cold spring at Kyrtones","Boiotia Bk9",Kyrtones,['hieron'],['9.24.4'],Kyrtones,NULL,NULL,https://wikidata.org/wiki/Q134037644,NULL,NULL,NULL,NULL
23.3116,38.2999,"Enclosure with columns right of Potniai-Thebes road where earth gaped for Amphiaraus","Boiotia Bk9","Potniai (Boeotia)","['kion','peribolos']",['9.8.3'],"Potniai (Boeotia)",NULL,NULL,NULL,NULL,NULL,NULL,NULL
22.6465,37.8446,"Tomb of Aras in Keleai","Phlious Bk2",Keleai,['mnema'],"['2.12.4','2.14.4']",Keleai,NULL,NULL,NULL,https://resource.manto.unh.edu/10158670,NULL,NULL,NULL
22.3,37.5,Stratie,"Arcadia Bk8","Arcadia Bk8",['nesos'],['8.25.12'],"Arcadia Bk8",https://pleiades.stoa.org/places/573535,NULL,https://wikidata.org/wiki/Q3563487,NULL,NULL,NULL,NULL
22.7195,37.6316,"Road to Kylarabis Gymnasium, Argos","Argolid Bk2","Argos (Argolid)",['hodos'],['2.22.8'],"Argos (Argolid)",NULL,NULL,NULL,NULL,NULL,NULL,NULL
23.7168,37.9816,"Demosion Sema, Hellespont, Athens","Athenai Bk1","Demosion Sema war graves, Athens",['taphos'],['1.29.13'],"Demosion Sema war graves, Athens",NULL,https://topostext.org/binder/JB1059,NULL,NULL,NULL,NULL,NULL
27.589310000000005,37.51644,"Latmos (mountain)","Asia Minor (Asia)","Ionia (region)",['oros'],['5.1.5'],NULL,https://pleiades.stoa.org/places/599753,NULL,https://wikidata.org/wiki/Q854649,NULL,NULL,NULL,NULL
23.34285,37.997,"Aisymnion heroic tomb in Megara","Megarid Bk1","Megara (Megarid)",['mnema'],['1.43.3'],"Megara (Megarid)",NULL,NULL,https://wikidata.org/wiki/Q124644649,NULL,NULL,NULL,NULL
30.20325,45.25471,"Leuke island in Black Sea","Pontus Euxinus","Pontus Euxinus",['nesos'],"['3.19.11','3.19.12','3.19.13']",NULL,https://pleiades.stoa.org/places/226677,NULL,https://wikidata.org/wiki/Q1821510,NULL,"Isle of Achilles",NULL,NULL
22.4237,37.0821,"Heroon of Lelex in Sparta","Lakonia Bk3",Sparta,['heroon'],['3.12.5'],Sparta,NULL,NULL,https://wikidata.org/wiki/Q124606222,NULL,NULL,NULL,NULL
22.373,37.157,"Tomb of Ladas, near Eurotas","Lakonia Bk3","road Sparta to Arcadia via Pellana and Belemina",['mnema'],['3.21.1'],NULL,NULL,NULL,NULL,NULL,NULL,NULL,NULL
22.0275,37.3894,"City walls of Lykosoura, above sanctuary of Despoina","Arcadia Bk8","Lykosoura polis",['teichos'],['8.38.1'],NULL,NULL,NULL,NULL,NULL,NULL,NULL,NULL
22.1273,37.4124,"Temenos of Boreas right of the Megalopolis-Mainalos road","Arcadia Bk8","Megalopolis (Arkadia)",['temenos'],['8.36.6'],"Megalopolis (Arkadia)",NULL,NULL,NULL,NULL,NULL,NULL,NULL
22.1356,37.8279,Mesoboa,"Arcadia Bk8","Arcadia Bk8",['settlement'],['8.25.2'],NULL,https://pleiades.stoa.org/places/573371,NULL,https://wikidata.org/wiki/Q29654248,NULL,NULL,NULL,NULL
22.80004,37.59918,Tiryns,"Argolid Bk2","Argolid Bk2","['polis','settlement']","['1.32.6','2.16.2','2.16.5','2.17.5','2.25.8','5.2.2','5.23.3','7.25.6','8.14.2','8.27.1','8.33.3','8.46.3','9.11.1','9.36.5']",NULL,https://pleiades.stoa.org/places/570740,NULL,https://wikidata.org/wiki/Q217379,NULL,NULL,NULL,NULL
23.890649999999997,40.788754,Eion,"Thrace (Europe)","Thrace (Europe)",['settlement'],['8.8.9'],NULL,https://pleiades.stoa.org/places/501410,NULL,https://wikidata.org/wiki/Q1268859,NULL,NULL,NULL,NULL
23.22874,38.14719,"sanctuary of Melampous, Aigosthena","Megarid Bk1",Aigosthena,['hieron'],['1.44.5'],Aigosthena,NULL,NULL,https://wikidata.org/wiki/Q124644671,NULL,NULL,NULL,NULL
22.307,37.9117,"Swallow-hole (katavothra) below mountains of Pheneos","Arcadia Bk8",Pheneos,['barathron'],['8.14.1'],Pheneos,NULL,NULL,NULL,NULL,NULL,NULL,NULL
23.6592,37.9356,"temple of Artemis Mounychia (Piraeus)","Attica Bk1","Mounichia Limen","['hieron','naos']",['1.1.4'],NULL,NULL,https://topostext.org/place/379237SMou,https://wikidata.org/wiki/Q12878108,NULL,"Artemis Munychia temple",NULL,NULL
21.1449975,37.9346907,"Sanctuary of Asklepios at Kyllene","Eleia Bk5 Bk6",Kyllene,['Asclepieion'],['6.26.5'],Kyllene,NULL,NULL,https://wikidata.org/wiki/Q107031273,NULL,NULL,NULL,NULL
21.8,37.2,"Charadros river, Messenia","Messenia Bk4","Messenia Bk4",['potamos'],['4.33.5'],"Messenia Bk4",https://pleiades.stoa.org/places/573163,NULL,NULL,NULL,NULL,NULL,NULL
23.34285,37.997,"megaron of Demeter in Megara","Megarid Bk1","Megara (Megarid)",['oikema'],['1.40.6'],"Megara (Megarid)",NULL,NULL,https://wikidata.org/wiki/Q124644619,NULL,NULL,NULL,NULL
21.9328,36.9894,"Bias (river)","Messenia Bk4","road Pamisos mouth to Korone",['potamos'],['4.34.4'],NULL,https://pleiades.stoa.org/places/573142,NULL,https://wikidata.org/wiki/Q122975010,NULL,NULL,NULL,NULL
21.640599,38.153707,Olenos,"Achaia Bk7","Achaia Bk7",['settlement'],"['5.3.3','7.18.1','7.19.9','7.22.1','7.6.1']",NULL,https://pleiades.stoa.org/places/570528,NULL,https://wikidata.org/wiki/Q11939304,NULL,NULL,NULL,NULL
22.959486,38.495082,"Orchomenos (Boeotia)","Boiotia Bk9","Boiotia Bk9",['polis'],"['10.29.5','10.35.1','10.4.1','4.27.10','8.33.2','9.15.3','9.24.3','9.34.6','9.36.1','9.36.2','9.36.6','9.36.7','9.36.8','9.37.8','9.38.3','9.38.4','9.38.6','9.38.8','9.9.2']",NULL,https://pleiades.stoa.org/places/540987,NULL,https://wikidata.org/wiki/Q543895,NULL,"Minyan Orchomenus",NULL,NULL
23.364,37.9764,"Nisaia (Megarid)","Megarid Bk1","Megarid Bk1","['battlefield','limen','settlement']","['1.19.4','1.39.4','1.44.3','10.15.1','2.34.7']",NULL,https://pleiades.stoa.org/places/570508,https://topostext.org/place/380234UNis,https://wikidata.org/wiki/Q2537089,NULL,NULL,NULL,NULL
23.3484,37.5033,"Myrtle tree in Hippolytus' temenos in Troizen","Troizenia Bk2","Troizen (Troizenia)",['dendron'],['2.32.3'],"Troizen (Troizenia)",NULL,NULL,NULL,https://resource.manto.unh.edu/10214937,NULL,NULL,NULL
22.79418,38.49551,"City walls of Panopeos","Phokis Bk10",Panopeos/Phanotis,['teichos'],['10.4.2'],Panopeos/Phanotis,NULL,NULL,NULL,NULL,NULL,NULL,NULL
23.3178,38.3191,"Altar of Apollo Spodios in Thebes, beyond the Sôphronistêr stone","Boiotia Bk9","Thebes (Boeotia)",['bomos'],['9.11.7'],"Thebes (Boeotia)",NULL,NULL,NULL,NULL,NULL,NULL,NULL
22.0959,37.8914,"Sanctuary of Asklepios at Kleitor","Arcadia Bk8",Kleitor,['hieron'],['8.21.3'],Kleitor,NULL,NULL,https://wikidata.org/wiki/Q134036985,NULL,NULL,NULL,NULL
21.6311,37.639,"Treasury of the Byzantines at Olympia","Eleia Bk5 Bk6","Treasury terrace north of the Heraion, Olympia",['thesauros'],['6.19.9'],"Treasury terrace north of the Heraion, Olympia",NULL,NULL,https://wikidata.org/wiki/Q106956846,NULL,NULL,NULL,NULL
21.863791,37.613569,"Building for Orgia of Dionysos at Heraia","Arcadia Bk8","Heraia (Arcadia)",['oikema'],['8.26.1'],"Heraia (Arcadia)",NULL,NULL,NULL,NULL,NULL,NULL,NULL
23.3484,37.5033,"Temple of Aphrodite Kataskopia in Troizen","Troizenia Bk2","Troizen (Troizenia)",['naos'],['2.32.3'],"Troizen (Troizenia)",NULL,NULL,NULL,NULL,NULL,NULL,NULL
23.00169,38.385259,Alalkomenai,"Boiotia Bk9","Boiotia Bk9",['settlement'],"['9.3.4','9.33.5','9.33.6','9.34.1']",NULL,https://pleiades.stoa.org/places/540619,NULL,https://wikidata.org/wiki/Q1044061,NULL,NULL,NULL,NULL
23.706200000000003,37.9373,"heroon of Phaleros at Phaleron","Attica Bk1",Phaleron,['heroon'],['1.1.4'],Phaleron,NULL,NULL,NULL,NULL,NULL,NULL,NULL
23.42372,37.74991,"Tomb of Phocus in Aigina","Aigina island Bk2","Aigina polity","['choma ges','krepis','mnema']",['2.29.9'],"Aigina polity",NULL,NULL,NULL,https://resource.manto.unh.edu/10191999,NULL,NULL,NULL
22.7145,37.9834,"Outer room, of Sleep, in Sicyon","Sikyonia Bk2","Sicyon (Sikyonia)",['oikema'],['2.10.2'],"Sicyon (Sikyonia)",NULL,NULL,NULL,NULL,NULL,NULL,NULL
27.142222,38.115556,Colophon,"Asia Minor (Asia)","Ionia (region)",['polis'],"['1.14.4','1.9.7','7.3.3','7.3.4','7.3.5','7.3.8','7.3.9','7.5.1','7.5.10','8.28.3','9.32.6','9.33.2']",NULL,https://pleiades.stoa.org/places/599577,NULL,https://wikidata.org/wiki/Q1142488,NULL,NULL,NULL,NULL
21.738518,38.243265,"Patrae theater","Achaia Bk7",Patrae,['theatron'],"['7.20.9','7.21.6']",Patrae,NULL,NULL,NULL,NULL,NULL,NULL,NULL
21.630126,37.637849,"Altar of Artemis at Olympia near Stoa of Agnaptus","Eleia Bk5 Bk6",Olympia,['bomos'],['5.15.6'],Olympia,NULL,NULL,NULL,NULL,NULL,NULL,NULL
21.8204,37.4432,"Sacred cave of Demeter Melaina on Mt. Elaion","Arcadia Bk8","Elaion mountain, Arcadia","['hieron','spelaion']","['8.42.1','8.42.11','8.42.12','8.42.13','8.42.3','8.42.6']","Elaion mountain, Arcadia",NULL,NULL,https://wikidata.org/wiki/Q60970010,NULL,NULL,NULL,NULL
23.728199999999998,37.9706,"Odeion of Pericles (Athens)","Athenai Bk1","Athenai Bk1",['Odeion'],['1.20.4'],NULL,NULL,https://topostext.org/place/380237BOdP,https://wikidata.org/wiki/Q2704249,NULL,NULL,NULL,NULL
22.811,38.658,"residences at Athena Kranaia hieron, through stoas, for attendants of the god.","Phokis Bk10","Sanctuary of Athena Kranaia above Elateia",['oikia'],['10.34.7'],"Sanctuary of Athena Kranaia above Elateia",NULL,NULL,NULL,NULL,NULL,NULL,NULL
27.17,36.844,"Kos/Cos (island)","Aegean Sea (Hellas)","Aegean Sea (Hellas)",['nesos'],"['3.23.6','3.4.10']",NULL,https://pleiades.stoa.org/places/599581,NULL,NULL,NULL,NULL,https://imperium.ahlfeldt.se/places/41156,NULL
22.819373,37.042584,"Sanctuary of All the Gods at Marios","Lakonia Bk3",Marios,['hieron'],['3.22.8'],Marios,NULL,NULL,https://wikidata.org/wiki/Q124616471,NULL,NULL,NULL,NULL
22.171,37.642,"Methydrion (Arkadia)","Arcadia Bk8","Arcadia Bk8",['settlement'],"['8.12.2','8.27.4','8.27.7','8.3.3','8.35.5','8.35.9','8.36.1','8.36.2','8.36.4']",NULL,https://pleiades.stoa.org/places/570484,https://topostext.org/place/376222PMet,https://wikidata.org/wiki/Q60790161,NULL,NULL,NULL,NULL
44.7946783,34.52908255,"Tigris river","Asia (continent)","Asia (continent)",['potamos'],['1.16.3'],NULL,https://pleiades.stoa.org/places/912964,NULL,https://wikidata.org/wiki/Q35591,NULL,NULL,NULL,NULL
22.3557,38.4802,"Altar of Meilichian gods in grove at Myonia","Phokis Bk10","Myonia/Myania (Phokis)",['bomos'],['10.38.8'],"Myonia/Myania (Phokis)",NULL,NULL,NULL,NULL,NULL,NULL,NULL
21.6336,37.637,"Two altars of Zeus Hypsistos next to one another, Olympia","Eleia Bk5 Bk6","Hippodrome (Olympia)",['bomos'],['5.15.5'],"Hippodrome (Olympia)",NULL,NULL,NULL,NULL,NULL,NULL,NULL
21.86,37.767,"Sanctuary of Kaousian Asklepios","Arcadia Bk8",Kaous,"['Asclepieion','hieron']","['8.25.1','8.25.2']",Kaous,NULL,NULL,https://wikidata.org/wiki/Q134036855,NULL,NULL,NULL,NULL
23.9508185,37.7273205,Anaphlystos,"Attica Bk1","Attica Bk1",['demos'],['2.30.9'],NULL,https://pleiades.stoa.org/places/579866,NULL,https://wikidata.org/wiki/Q13422911,NULL,NULL,NULL,NULL
23.17,37.951,"Megarid-Corinthia border","Megarid Bk1","Megarid Bk1",['chora'],['1.44.10'],NULL,NULL,NULL,NULL,NULL,NULL,NULL,NULL
22.3257,36.7862,"Sacred spring at Sanctuary of Ino","Lakonia Bk3","Oracular sanctuary of Ino on Oitylos-Thalamai road",['pege'],['3.26.1'],"Oracular sanctuary of Ino on Oitylos-Thalamai road",NULL,NULL,NULL,NULL,NULL,NULL,NULL
22.5056,38.4806,"Delphi (polis)","Phokis Bk10","Phokis Bk10",['polis'],['10.9.1'],NULL,NULL,https://topostext.org/place/385225PDel,https://wikidata.org/wiki/Q75459,NULL,NULL,NULL,NULL
22.5047,36.7279,"Apollo Karneios by Knakadion Mt., Las","Lakonia Bk3","Knakadion M.",['hieron'],['3.24.8'],"Las polis",NULL,NULL,https://wikidata.org/wiki/Q124616401,NULL,NULL,NULL,NULL
22.168781,37.327556,Malea,"Arcadia Bk8",Aigytis,['settlement'],['8.27.4'],NULL,https://pleiades.stoa.org/places/570454,NULL,https://wikidata.org/wiki/Q11934700,NULL,NULL,NULL,NULL
23.846116,38.291099,Oropia,"Boiotia Bk9","Hellas (Europe)",['chora'],['1.34.1'],NULL,https://pleiades.stoa.org/places/580043,NULL,https://wikidata.org/wiki/Q11939601,NULL,NULL,NULL,NULL
23.717999999999996,37.981,"Tomb of Ephialtes, Athens","Athenai Bk1","Athenai Bk1",['taphos'],['1.29.15'],NULL,NULL,https://topostext.org/binder/JB1284,NULL,NULL,NULL,NULL,NULL
21.6336,37.637,"Taraxippos of Olympia at hippodrome, round altar","Eleia Bk5 Bk6","Hippodrome (Olympia)",['bomos'],"['6.20.15','6.20.19']","Hippodrome (Olympia)",NULL,NULL,https://wikidata.org/wiki/Q107031181,NULL,NULL,NULL,NULL
23.2236,37.3888,"summit of Kokkygion mountain, Hermionid","Hermionis Bk2","Kokkygion mountain",['koryphe'],['2.36.3'],"Kokkygion mountain",NULL,NULL,NULL,NULL,NULL,NULL,NULL
22.4237,37.0821,"Sanctuary of Athena near Dromos of Sparta","Lakonia Bk3",Sparta,['hieron'],['3.15.6'],Sparta,NULL,NULL,https://wikidata.org/wiki/Q124616455,https://resource.manto.unh.edu/10150590,NULL,NULL,NULL
23.3178,38.3191,"House of Kadmos at Thebes, became Demeter sanctuary","Boiotia Bk9","Thebes (Boeotia)",['oikia'],['9.16.5'],"Thebes (Boeotia)",NULL,NULL,NULL,NULL,NULL,NULL,NULL
23.7225,37.975,"Prytanikon at Athens","Athenai Bk1","Athenai Bk1",['prytaneion'],"['1.18.3','1.18.4','9.32.8']",NULL,https://pleiades.stoa.org/places/720198157,NULL,https://wikidata.org/wiki/Q20616418,NULL,NULL,NULL,NULL
23.682,37.992,"Stele of Molottos on Sacred Way","Attica Bk1","Sacred Way from Athens to Eleusis","['mnema','stele']",['1.36.4'],NULL,NULL,https://topostext.org/binder/JB2127,NULL,NULL,NULL,NULL,NULL
32.858128,39.944387,Ancyra,"Asia Minor (Asia)",Phrygia,['settlement'],['1.4.5'],NULL,https://pleiades.stoa.org/places/619103,NULL,https://wikidata.org/wiki/Q107585355,NULL,NULL,NULL,NULL
22.626059,38.375439,"Tomb of Schedius and Epistrophus at Antikyra, the sons of Iphitus","Phokis Bk10",Antikyra,['mnema'],['10.36.10'],Antikyra,NULL,NULL,NULL,https://resource.manto.unh.edu/10274722,NULL,NULL,NULL
26.052999999999997,38.414,"Chios (island)","Aegean Sea (Hellas)","Aegean Sea (Hellas)",['nesos'],"['1.29.11','10.16.1','7.4.1','7.4.8','7.4.9','7.5.13','7.5.6']",NULL,https://pleiades.stoa.org/places/550497,NULL,https://wikidata.org/wiki/Q160483,NULL,NULL,NULL,NULL
-6.947,37.258,"Carpia city of the Iberians",Europe,"Iberi (Spain)",['polis'],['6.19.3'],NULL,NULL,NULL,NULL,NULL,NULL,NULL,NULL
24.0376,37.8652,"temple of Apollo, Prasiai","Attica Bk1",Prasiae,['naos'],['1.31.2'],Prasiae,NULL,NULL,https://wikidata.org/wiki/Q124644566,NULL,NULL,NULL,NULL
22.296786,36.812375,Pephnos,"Lakonia Bk3","Lakonia Bk3",['settlement'],"['3.26.2','3.26.4']",NULL,https://pleiades.stoa.org/places/570581,NULL,https://wikidata.org/wiki/Q16617755,NULL,NULL,NULL,NULL
21.6336,37.637,"tomb of native at hippodrome of Olympia","Eleia Bk5 Bk6","Hippodrome (Olympia)",['mnema'],['6.20.16'],"Hippodrome (Olympia)",NULL,NULL,NULL,NULL,NULL,NULL,NULL
22.875,38.4312,"Retaining wall around the oracle of Trophonios, white marble","Boiotia Bk9","Trophonius oracle (Boeotia)",['peribolos'],['9.39.9'],"Trophonius oracle (Boeotia)",NULL,NULL,NULL,NULL,NULL,NULL,NULL
29.314279,36.26018,"temple of Apollo at Patara","Asia Minor (Asia)",Patara,['naos'],['9.41.1'],Patara,NULL,NULL,NULL,NULL,NULL,NULL,NULL
9.116991,39.218721,Caralis,"Internum Mare","Sardinia (island)",['polis'],['10.17.9'],NULL,https://pleiades.stoa.org/places/471899,NULL,https://wikidata.org/wiki/Q1897,NULL,NULL,NULL,NULL
25.478129000000003,36.36399,"Thera polis","Aegean Sea (Hellas)","Thera island (Cyclades)",['polis'],['3.1.8'],NULL,https://pleiades.stoa.org/places/599971,NULL,https://wikidata.org/wiki/Q433004,NULL,NULL,NULL,NULL
27.077480000000005,36.76268,"Chelone Pr.","Aegean Sea (Hellas)","Kos/Cos (island)",['akra'],['1.2.4'],NULL,https://pleiades.stoa.org/places/599570,NULL,NULL,NULL,NULL,NULL,NULL
23.3307,37.9783,"Tomb of Kar (Megara)","Megarid Bk1","Megarid Bk1","['choma ges','taphos']",['1.44.6'],NULL,https://pleiades.stoa.org/places/513113841,https://topostext.org/place/380233FKar,https://wikidata.org/wiki/Q56397568,https://resource.manto.unh.edu/10214553,NULL,NULL,NULL
22.7214,37.6305,"Tomb of Talaus in Argos Agora","Argolid Bk2","Agora of Argos",['mnema'],['2.21.2'],"Agora of Argos",NULL,NULL,NULL,https://resource.manto.unh.edu/10185358,NULL,NULL,NULL
22.491299,40.177012,Dion,"Macedonia (Europe)",Pieria,['polis'],"['10.13.5','9.30.11','9.30.7']",NULL,https://pleiades.stoa.org/places/491572,NULL,https://wikidata.org/wiki/Q9207638,NULL,NULL,NULL,NULL
22.1099,38.030042,"Sanctuary of Dionysos at Kynaitha","Arcadia Bk8",Kynaitha,['hieron'],['8.19.2'],Kynaitha,NULL,NULL,https://wikidata.org/wiki/Q134036992,NULL,NULL,NULL,NULL
21.738518,38.243265,"Temple of Athena Panachais in Laphria sanctuary at Patrae","Achaia Bk7","Sanctuary of Artemis Laphria at Patrae",['naos'],['7.20.2'],"Sanctuary of Artemis Laphria at Patrae",NULL,NULL,NULL,NULL,NULL,NULL,NULL
22.4237,37.0821,"Temple of Aphrodite with armed xoanon in Sparta","Lakonia Bk3",Sparta,['naos'],['3.15.10'],Sparta,NULL,NULL,https://wikidata.org/wiki/Q124616503,NULL,NULL,NULL,NULL
21.927944,36.954171,Korone,"Messenia Bk4","Messenia Bk4",['polis'],"['4.34.4','4.34.5','4.34.7','4.34.8']",NULL,https://pleiades.stoa.org/places/570371,NULL,https://wikidata.org/wiki/Q59314203,NULL,Aipeia,NULL,NULL
26.906741999999998,39.163484,Astyra,"Asia Minor (Asia)","Atarneus in Aeolis",['polis'],['4.35.10'],NULL,https://pleiades.stoa.org/places/550466,NULL,https://wikidata.org/wiki/Q65070884,NULL,NULL,NULL,NULL
21.576,37.685,"Kytherios river (Eleia)","Eleia Bk5 Bk6","Eleia Bk5 Bk6",['potamos'],['6.22.7'],NULL,https://pleiades.stoa.org/places/570399,https://topostext.org/place/378218WKyt,https://wikidata.org/wiki/Q211852,NULL,Kytheros,NULL,NULL
22.631257,37.692676,Lyrkeia,"Argolid Bk2","Argolid Bk2",['settlement'],"['2.25.4','2.25.5']",NULL,https://pleiades.stoa.org/places/570446,NULL,https://wikidata.org/wiki/Q16591866,NULL,NULL,NULL,NULL
22.09,38.252,"Grove of Hera at Aigion","Achaia Bk7","Aigion (Achaia)",['alsos'],['7.23.9'],"Aigion (Achaia)",NULL,NULL,NULL,NULL,NULL,NULL,NULL
21.7850004,38.3099987,"Rhion Pr.","Achaia Bk7","Achaia Bk7",['akra'],"['10.11.6','7.22.10','8.5.6']",NULL,https://pleiades.stoa.org/places/570646,NULL,https://wikidata.org/wiki/Q24990480,NULL,Rion,NULL,NULL
23.4069,38.3824,"Thermodon (river in Boeotia)","Boiotia Bk9","Boiotia Bk9",['potamos'],['9.19.3'],NULL,https://pleiades.stoa.org/places/543884,NULL,https://wikidata.org/wiki/Q60791109,NULL,NULL,NULL,NULL
21.098477,39.208695,"spring just outside walls of Phana in Aitolia","Aitolia region",Phana,['pege'],['10.18.3'],Phana,NULL,NULL,NULL,NULL,NULL,NULL,NULL
21.842,37.4075,"oak grove near cave of Demeter near Phigaleia","Arcadia Bk8",Phigaleia,['alsos'],['8.42.12'],Phigaleia,NULL,NULL,NULL,NULL,NULL,NULL,NULL
23.3178,38.3191,"Temple of Artemis Eukleia in Thebes","Boiotia Bk9","Thebes (Boeotia)",['naos'],['9.17.1'],"Thebes (Boeotia)",NULL,NULL,NULL,NULL,NULL,NULL,NULL
21.707,37.649,"Tomb of the Horses of Marmax by the Parthenias river","Eleia Bk5 Bk6","Parthenias (river)",['mnema'],"['6.21.7','6.21.8']","Parthenias (river)",NULL,NULL,https://wikidata.org/wiki/Q107040555,https://resource.manto.unh.edu/10268883,NULL,NULL,NULL
22.262624,37.766264,"Sanctuary of Artemis Knakalesia at Kaphyai","Arcadia Bk8",Kaphyai,['hieron'],['8.23.3'],Kaphyai,NULL,NULL,https://wikidata.org/wiki/Q134037097,NULL,NULL,NULL,NULL
23.715,37.995,"Kolonos Hippios","Attica Bk1","Attica Bk1","['demos','lophos']",['1.30.4'],NULL,https://pleiades.stoa.org/places/582869,NULL,https://wikidata.org/wiki/Q1235930,NULL,NULL,NULL,NULL
23.7273,37.9718,"Sanctuary of Zeus Polieus on the Acropolis of Athens","Athenai Bk1","Athenian Acropolis (Athens)",['hieron'],"['1.24.4','1.28.10']",NULL,NULL,https://topostext.org/place/380237SZPo,https://wikidata.org/wiki/Q1595395,NULL,NULL,https://imperium.ahlfeldt.se/places/25111,NULL
23.717,37.8945,"Kolias cape (Attica)","Attica Bk1","Attica Bk1",['akra'],['1.1.5'],NULL,NULL,https://topostext.org/place/379236LKol,https://wikidata.org/wiki/Q25106019,NULL,"Colias cape",NULL,NULL
23.7158,37.9665,"Melitides Gate (XV), Athens","Athenai Bk1","Athenai Bk1",['pylai'],['1.23.9'],NULL,NULL,https://topostext.org/place/380237FMlG,https://wikidata.org/wiki/Q116334786,NULL,NULL,NULL,NULL
21.63176,37.63888,"Altar of Hermes Enagonios, by the entrance of the stadium at Olympia","Eleia Bk5 Bk6","Hidden entrance to stadium at Olympia",['bomos'],['5.14.9'],"Hidden entrance to stadium at Olympia",NULL,NULL,NULL,NULL,NULL,NULL,NULL
22.40816,37.60256,"Sanctuary of Poseidon Hippios near Mantineia","Arcadia Bk8","highway Mantineia to Tegea",['hieron'],"['8.10.2','8.10.3','8.10.5','8.11.1','8.5.5']",NULL,NULL,https://topostext.org/place/376224SPos,https://wikidata.org/wiki/Q17574778,https://resource.manto.unh.edu/10151068,NULL,NULL,NULL
22.9,37.67,"Tomb of Thyestes near the hero-shrine of Perseus","Argolid Bk2","road Mycenae to Argos",['mnema'],['2.18.1'],"Argolid Bk2",NULL,NULL,NULL,https://resource.manto.unh.edu/11289038,NULL,NULL,NULL
24.717535,40.78201,"Thasos polis","Aegean Sea (Hellas)","Thasos island",['polis'],['5.25.12'],NULL,https://pleiades.stoa.org/places/501634,NULL,https://wikidata.org/wiki/Q2409204,NULL,NULL,NULL,NULL
22.786,36.7945,"harbor of Akriai","Lakonia Bk3","Akriai (Lakonia)",['limen'],['3.22.5'],NULL,NULL,NULL,https://wikidata.org/wiki/Q124616408,NULL,NULL,NULL,NULL
22.796,37.565,"Harbors in Nauplia","Argolid Bk2",Nauplia,['limen'],['2.38.2'],Nauplia,NULL,NULL,NULL,NULL,NULL,NULL,NULL
22.609,37.5475,"Kenchreai (Argolid)","Argolid Bk2","Argolid Bk2",['chorion'],"['2.24.7','7.6.7']",NULL,https://pleiades.stoa.org/places/570346,https://topostext.org/place/378229UKen,https://wikidata.org/wiki/Q16554749,NULL,Cenchreae,NULL,NULL
22.195,36.934,"Machaon's tomb, in Gerenia","Messenia Bk4","Gerenia (Messenia)",['mnema'],"['3.26.9','4.3.2']","Gerenia (Messenia)",NULL,NULL,https://wikidata.org/wiki/Q116846185,https://resource.manto.unh.edu/10113618,NULL,NULL,NULL
22.09,38.252,"Sanctuary of Zeus Homagyrios at Aigion","Achaia Bk7","seashore of Aigion",['hieron'],"['7.24.2','7.24.3']","seashore of Aigion",NULL,NULL,https://wikidata.org/wiki/Q36027376,https://resource.manto.unh.edu/10274588,NULL,NULL,NULL
22.42659,37.08188,"Agora of Sparta","Lakonia Bk3",Sparta,['agora'],['3.11.2'],NULL,NULL,NULL,https://wikidata.org/wiki/Q124606127,NULL,NULL,NULL,NULL
22.649131,37.846299,"Hill of Phlious acropolis","Phlious Bk2","Phlious Bk2",['lophos'],['2.12.4'],"Phlious Bk2",NULL,NULL,NULL,NULL,NULL,NULL,NULL
23.3116,38.2999,"river flowing beside Grove of Demeter and Kore at Potniai","Boiotia Bk9","Potniai (Boeotia)",['potamos'],['9.8.1'],"Potniai (Boeotia)",NULL,NULL,NULL,NULL,NULL,NULL,NULL
22.50151,38.48254,"Treasury of the Syrakousans at Delphi, spoils of the Athenians","Phokis Bk10","Sanctuary of Pythian Apollo at Delphi",['thesauros'],['10.11.5'],"Sanctuary of Pythian Apollo at Delphi",NULL,NULL,NULL,NULL,NULL,NULL,NULL
21.90262,37.44921,"Kotilion (mountain)","Arcadia Bk8","Arcadia Bk8",['oros'],"['8.41.10','8.41.7']",NULL,https://pleiades.stoa.org/places/570377,NULL,https://wikidata.org/wiki/Q15209931,NULL,NULL,NULL,NULL
26.8857,37.6718,"Vitex plant in Heraion of Samos","Aegean Sea (Hellas)","Heraion of Samos",['dendron'],"['7.4.4','8.23.5']","Heraion of Samos",NULL,NULL,NULL,NULL,lygos,NULL,NULL
22.77,37.4,"Thyreatic gulf E of the Argolid","Argolid Bk2","Argolid Bk2",['kolpos'],['8.3.3'],NULL,NULL,NULL,NULL,NULL,NULL,NULL,NULL
22.540903,38.623689,Erochos,"Phokis Bk10","Phokis Bk10",['polis'],['10.3.2'],NULL,https://pleiades.stoa.org/places/540770,NULL,https://wikidata.org/wiki/Q12872519,NULL,NULL,NULL,NULL
21.9725313,37.4563114,"Kerausion M.","Arcadia Bk8","Lykaion (mountain)",['oros'],['8.41.3'],"Lykaion (mountain)",https://pleiades.stoa.org/places/573285,NULL,https://wikidata.org/wiki/Q133810034,NULL,NULL,NULL,NULL
21.630126,37.637849,"Altar of the Unknown Gods at Olympia","Eleia Bk5 Bk6",Olympia,['bomos'],['5.14.8'],Olympia,NULL,NULL,NULL,NULL,NULL,NULL,NULL
22.4502,37.0363,"Amyclae (Laconia)","Lakonia Bk3","Lakonia Bk3",['polisma'],"['2.16.4','2.16.6','3.1.3','3.10.8','3.16.2','3.18.6','3.18.7','3.19.6','3.2.6','3.20.3','3.20.6','4.14.2','4.18.3','5.11.4']",NULL,https://pleiades.stoa.org/places/570074,https://topostext.org/place/370224UAmy,https://wikidata.org/wiki/Q13074886,NULL,Amyklai,NULL,NULL
24.028009,38.222727,Rhamnous,"Attica Bk1","Attica Bk1",['settlement'],"['1.33.2','7.5.3']",NULL,https://pleiades.stoa.org/places/580097,NULL,https://wikidata.org/wiki/Q1768553,NULL,NULL,NULL,NULL
23.4803,37.5227,"Tomb of Demosthenes in Poseidon sanctuary at Kalaureia","Troizenia Bk2","Poseidon of Kalaureia (Poros)",['mnema'],['2.33.3'],"Poseidon of Kalaureia (Poros)",NULL,NULL,NULL,NULL,NULL,NULL,NULL
22.165741,37.390614,Haimoniai,"Arcadia Bk8","road Megalopolis to Pallantion and Tegea",['settlement'],"['8.3.3','8.44.1','8.44.2']",NULL,https://pleiades.stoa.org/places/570271,NULL,https://wikidata.org/wiki/Q39081796,NULL,Haemoniae,NULL,NULL
23.3178,38.3191,"sanctuary of Aphrodite in Thebes (presumed)","Boiotia Bk9","Thebes (Boeotia)",['hieron'],['9.16.3'],"Thebes (Boeotia)",NULL,NULL,NULL,NULL,NULL,NULL,NULL
22.9,37.67,"Spring of river Amymone","Argolid Bk2","Argolid Bk2",['pege'],['2.37.4'],"Argolid Bk2",NULL,NULL,NULL,NULL,NULL,NULL,NULL
23.34285,37.997,"Temple with statues of  Zeus and the Muses in Megara","Megarid Bk1","Megara (Megarid)",['naos'],['1.43.6'],"Megara (Megarid)",NULL,NULL,https://wikidata.org/wiki/Q124644659,NULL,NULL,NULL,NULL
-6.294444,36.528381,"Gadeira/Gades/Col. Augusta Gaditana",Europe,"Iberi (Spain)",['settlement'],"['1.35.8','10.4.6']",NULL,https://pleiades.stoa.org/places/256177,NULL,https://wikidata.org/wiki/Q5890310,NULL,NULL,NULL,NULL
22.538294,38.796511,Thermopylae,"Hellas (Europe)",Phthiotis,"['esbole','teichos']","['1.1.3','1.3.5','1.4.1','1.4.2','1.4.3','1.4.4','10.20.1','10.20.2','10.20.3','10.20.6','10.20.9','10.21.1','10.21.2','10.21.6','10.22.12','10.22.5','10.22.7','10.22.8','2.16.5','3.12.9','3.14.1','3.4.7','3.4.8','3.5.5','4.35.9','7.15.3','7.24.4','7.6.3','7.6.7','8.51.4','8.52.2','8.6.3','9.15.2','9.32.9']",NULL,https://pleiades.stoa.org/places/541140,NULL,https://wikidata.org/wiki/Q194450,NULL,NULL,NULL,NULL
22.62501,37.92049,"Cypress trees in the Asclepieion in Titane","Corinthia Bk2","Asclepieion of Titane","['alsos kyparisson']",['2.11.6'],"Asclepieion of Titane",NULL,NULL,NULL,NULL,NULL,NULL,NULL
22.5047,36.7279,"Shrine of Dionysos on Ilios Mt. near Las","Lakonia Bk3","Ilios M.",['naos'],['3.24.8'],"Las polis",NULL,NULL,https://wikidata.org/wiki/Q124616402,NULL,NULL,NULL,NULL
22.293,37.436,"Soumetia (Arkadia)","Arcadia Bk8","Arcadia Bk8",['polis'],"['8.27.3','8.3.4','8.36.8']",NULL,https://pleiades.stoa.org/places/573529,https://topostext.org/place/375223USou,https://wikidata.org/wiki/Q39081737,NULL,"Sumetia Soumatia Soumetion",NULL,NULL
22.4831905,36.3856534,"Cave at Tainaron with no outlet below ground","Lakonia Bk3","Tainaron (promontory)",['spelaion'],['3.25.5'],"Tainaron (promontory)",NULL,NULL,NULL,NULL,NULL,NULL,NULL
25.547900000000002,39.917,Chryse,"Aegean Sea (Hellas)","Lemnos island",['nesos'],['8.33.4'],NULL,https://pleiades.stoa.org/places/554214,NULL,NULL,NULL,NULL,NULL,NULL
22.7145,37.9834,"Tomb of Xenodike on road to Sicyon","Sikyonia Bk2","road Corinth to Sikyon",['mnema'],['2.7.3'],"Sicyon (Sikyonia)",NULL,NULL,NULL,NULL,NULL,NULL,NULL
22.7195,37.6316,"Sanctuary of Eileithyia at Argos founded by Helen","Argolid Bk2","Argos (Argolid)",['hieron'],['2.22.6'],"Argos (Argolid)",NULL,NULL,https://wikidata.org/wiki/Q134037428,https://resource.manto.unh.edu/10187056,NULL,NULL,NULL
22.4295,37.46475,"Altar of Zeus Teleios in Tegea","Arcadia Bk8","Agora of Tegea",['bomos'],['8.48.6'],"Agora of Tegea",NULL,NULL,NULL,NULL,NULL,NULL,NULL
22.9908,38.3663,"Tomb of Teiresias by Tilphousê spring past Haliartos","Boiotia Bk9","Tilphousa spring past Haliartos",['mnema'],['9.33.1'],"Tilphousa spring past Haliartos",NULL,NULL,NULL,https://resource.manto.unh.edu/10268903,NULL,NULL,NULL
22.7214,37.6305,"Sanctuary of Artemis Peitho in Argos, in the Agora","Argolid Bk2","Agora of Argos",['hieron'],['2.21.1'],"Agora of Argos",NULL,NULL,https://wikidata.org/wiki/Q134037482,https://resource.manto.unh.edu/11289079,NULL,NULL,NULL
22.7145,37.9834,"Ypaithros in Sicyon","Sikyonia Bk2","Sicyon (Sikyonia)",['hypaithros'],['2.9.6'],"Sicyon (Sikyonia)",NULL,NULL,NULL,NULL,NULL,NULL,NULL
23.722,37.9752,"Metroon (Athens)","Athenai Bk1","Agora of Athens",['hieron'],['1.3.5'],NULL,NULL,https://topostext.org/place/380238BMet,https://wikidata.org/wiki/Q1925757,NULL,NULL,NULL,NULL
22.607,36.7923,"Trinasos three islands opposite fort of Trinasos","Lakonia Bk3","Lakonia Bk3",['nesos'],['3.22.3'],NULL,NULL,NULL,NULL,NULL,NULL,NULL,NULL
33.1438299,34.712174,Amathous,"Cyprus (island)","Cyprus (island)",['polis'],"['9.41.2','9.41.3']",NULL,https://pleiades.stoa.org/places/707462,NULL,https://wikidata.org/wiki/Q2343313,NULL,NULL,NULL,NULL
23.2,38.477,"Athamantian Plain between Akraiphnion and Kopais","Boiotia Bk9","Boiotia Bk9",['pedion'],"['9.24.1','9.24.3']",NULL,NULL,NULL,NULL,NULL,NULL,NULL,NULL
30.551573,36.524579,"Sanctuary of Athena at Phaselis","Asia Minor (Asia)",Phaselis,['hieron'],['3.3.8'],Phaselis,NULL,NULL,https://wikidata.org/wiki/Q124616490,https://resource.manto.unh.edu/10146654,NULL,NULL,NULL
22.757,38.385,"Stiris (Phokis)","Phokis Bk10","Phokis Bk10",['polis'],"['10.3.2','10.35.10','10.35.8']",NULL,https://pleiades.stoa.org/places/541113,NULL,https://wikidata.org/wiki/Q12884846,NULL,Steiris,NULL,NULL
24.0247,37.6498,"Sounion cape (Attica)","Attica Bk1","Attica Bk1",['akra'],"['1.1.1','1.28.2','1.35.1','10.25.2']",NULL,https://pleiades.stoa.org/places/580108,https://topostext.org/place/376240LSou,https://wikidata.org/wiki/Q1136637,NULL,NULL,NULL,NULL
26.117749999999997,39.536211,Smintheion,"Asia Minor (Asia)",Troas,"['naos','settlement']",['10.12.6'],NULL,https://pleiades.stoa.org/places/550892,https://topostext.org/place/395261USmi,https://wikidata.org/wiki/Q65072495,NULL,NULL,NULL,NULL
26.286,39.155,"Pyrra (Lesbos)","Aegean Sea (Hellas)","Lesbos (island)",['polis'],['10.25.5'],NULL,NULL,https://topostext.org/place/391262PPyr,https://wikidata.org/wiki/Q6076774,NULL,NULL,NULL,NULL
21.65716,36.95811,"Koryphasion Pr.","Messenia Bk4","Messenia Bk4",['akra'],['4.36.1'],NULL,https://pleiades.stoa.org/places/570375,NULL,https://wikidata.org/wiki/Q25024356,NULL,NULL,NULL,NULL
21.882,36.9664,"Platanistos spring outside Korone","Messenia Bk4","Messenia Bk4",['pege'],['4.34.4'],NULL,NULL,NULL,NULL,NULL,NULL,NULL,NULL
21.927944,36.954171,"Agora of Korone","Messenia Bk4",Korone,['agora'],['4.34.6'],Korone,NULL,NULL,https://wikidata.org/wiki/Q133963471,NULL,NULL,NULL,NULL
21.374,37.89,"Sanctuary of Athena on acropolis of Elis","Eleia Bk5 Bk6","Acropolis of Elis",['hieron'],['6.26.3'],"Acropolis of Elis",NULL,https://topostext.org/place/378214SEAT,https://wikidata.org/wiki/Q107042178,NULL,NULL,NULL,NULL
22.291,37.41,"Springs of the Eurotas river by the road from Asea to Tegea","Arcadia Bk8","Eurotas (river)",['pege'],['8.44.3'],NULL,NULL,NULL,NULL,NULL,NULL,NULL,NULL
23.732,37.966,"Hebe altar, Kynosarges, Athens","Athenai Bk1","Kynosarges sanctuary south of Athens",['bomos'],['1.19.3'],"Kynosarges sanctuary south of Athens",NULL,https://topostext.org/binder/JB1474,NULL,NULL,NULL,NULL,NULL
22.756167,37.730833,"Lion Gate at Mycenae","Argolid Bk2",Mycenae,['pylai'],['2.16.5'],NULL,https://pleiades.stoa.org/places/448885234,NULL,https://wikidata.org/wiki/Q1450403,NULL,NULL,NULL,NULL
23.3178,38.3191,"Sanctuary of Demeter Thesmophoros in Thebes","Boiotia Bk9","Thebes (Boeotia)",['hieron'],"['9.16.5','9.6.5']","Thebes (Boeotia)",NULL,NULL,https://wikidata.org/wiki/Q134037808,NULL,NULL,NULL,NULL
15.27149,37.82124,"Naxos (Sicily)","Sicilia (island)","Sicilia (island)",['polis'],['6.13.8'],NULL,https://pleiades.stoa.org/places/462386,NULL,https://wikidata.org/wiki/Q1233293,NULL,NULL,NULL,NULL
21.9195,37.1779,"City walls of Messene","Messenia Bk4","Messene (Messenia)",['teichos'],['4.31.5'],"Messene (Messenia)",NULL,NULL,NULL,NULL,NULL,NULL,NULL
27.041,38.9416,"Tomb (stone) of Thersandros in agora of Elaia","Asia Minor (Asia)",Elaea,['mnema'],['9.5.14'],Elaea,NULL,NULL,NULL,NULL,NULL,NULL,NULL
21.602752,37.609552,Skillous,"Eleia Bk5 Bk6","Eleia Bk5 Bk6",['polis'],"['5.6.4','5.6.5','5.6.6','5.6.7']",NULL,https://pleiades.stoa.org/places/570674,NULL,https://wikidata.org/wiki/Q733291,NULL,NULL,NULL,NULL
21.738518,38.243265,"Sanctury of the Dindymene Mother in Patrae lower city","Achaia Bk7",Patrae,['hieron'],['7.20.3'],Patrae,NULL,NULL,https://wikidata.org/wiki/Q134036813,NULL,NULL,NULL,NULL
24.01,37.01,"Myrtoan Sea (Cyclades)","Aegean Sea (Hellas)","Aegean Sea (Hellas)",['thalassa'],['8.14.12'],NULL,NULL,https://topostext.org/place/370240WMyr,https://wikidata.org/wiki/Q840427,NULL,NULL,NULL,NULL
23.288,38.566,"Larymna (Boeotia)","Boiotia Bk9","Boiotia Bk9",['polis'],['9.23.7'],NULL,https://pleiades.stoa.org/places/540906,NULL,https://wikidata.org/wiki/Q13580770,NULL,NULL,NULL,NULL
22.4237,37.0821,"Sanctuary of Agnitas (Asklepios) on right of the Dromos at Sparta","Lakonia Bk3",Sparta,['hieron'],['3.14.7'],Sparta,NULL,NULL,https://wikidata.org/wiki/Q124616449,NULL,NULL,NULL,NULL
23.3116,38.2999,"temple of Dionysos Aigobolos at Potniai","Boiotia Bk9","Potniai (Boeotia)",['naos'],['9.8.2'],"Potniai (Boeotia)",NULL,NULL,NULL,NULL,NULL,NULL,NULL
22.1273,37.414,"Aristandreion stoa in agora of Megalopolis","Arcadia Bk8","Agora of Megalopolis",['stoa'],['8.30.10'],"Agora of Megalopolis",NULL,NULL,NULL,NULL,NULL,NULL,NULL
22.8802,37.9054,"Fountain in Corinth, beside Artemis statue","Corinthia Bk2","Corinth (Corinthia)",['pege'],['2.3.5'],"Corinth (Corinthia)",NULL,NULL,NULL,NULL,NULL,NULL,NULL
16.824063,40.383868,"City Walls of Metapontion","Italia (Europe)",Metapontum,['teichos'],['6.19.11'],Metapontum,NULL,NULL,NULL,NULL,NULL,NULL,NULL
22.890275,37.144402,"Sanctuary of Asklepios at Brasiai","Lakonia Bk3","Brasiae (Laconia)",['Asclepieion'],['3.24.5'],"Brasiae (Laconia)",NULL,NULL,https://wikidata.org/wiki/Q124616355,NULL,NULL,NULL,NULL
26.5013,38.55674,"Mimas (mountain)","Asia Minor (Asia)","Ionia (region)",['oros'],"['10.9.9','2.1.5','7.4.1']",NULL,https://pleiades.stoa.org/places/550744,NULL,https://wikidata.org/wiki/Q31529408,NULL,NULL,NULL,NULL
23.243591,37.385218,"Leimon, place with spring near Hermione","Hermionis Bk2",Hermione,['chorion'],['2.35.3'],Hermione,NULL,NULL,NULL,NULL,NULL,NULL,NULL
22.262624,37.766264,"Temple of Artemis Kondyleatis","Arcadia Bk8","Grove of Artemis at Kondylea near Kaphyai",['naos'],['8.23.6'],"Grove of Artemis at Kondylea near Kaphyai",NULL,NULL,NULL,NULL,NULL,NULL,NULL
24.28409,41.01316,"Krenides/Philippi/Col. Augusta Iulia Philippensis","Thrace (Europe)","Thrace (Europe)",['polis'],['6.4.10'],NULL,https://pleiades.stoa.org/places/501482,NULL,https://wikidata.org/wiki/Q379652,NULL,NULL,NULL,NULL
23.1,37.6,"Heroon of Hyrnetho in Hyrnethion","Epidauria Bk2","Hyrnethion (Epidauria)",['heroon'],['2.28.7'],"Hyrnethion (Epidauria)",NULL,NULL,NULL,NULL,NULL,NULL,NULL
22.3584897,40.0862269,"Ouranos (home of the gods)","Hellas (Europe)","Olympos (mountain in Greece)","['mythical place']","['1.20.3','1.26.6','10.30.2','3.18.11','3.19.4','3.19.5','5.11.7','9.37.8']","Olympos (mountain in Greece)",NULL,NULL,https://wikidata.org/wiki/Q70054479,NULL,"Heaven Olympus sky",NULL,NULL
22.5384,38.0446,"Sanctuary of Asklepios Kyros, beyond Mysaion of Pellene","Achaia Bk7",Pellene,['hieron'],['7.27.11'],Pellene,NULL,NULL,https://wikidata.org/wiki/Q134037289,NULL,NULL,NULL,NULL
25.336863550000004,42.61977195,Odrysae,"Thrace (Europe)","Thrace (Europe)",['chora'],"['1.9.6','4.33.3']",NULL,https://pleiades.stoa.org/places/216906,NULL,https://wikidata.org/wiki/Q2987531,NULL,NULL,NULL,NULL
22.2,39.6,Thessalia,"Hellas (Europe)","Hellas (Europe)",['chora'],"['1.11.1','1.29.13','1.4.1','1.8.3','10.22.3','10.8.4','2.2.5','2.23.5','2.24.1','2.6.1','3.20.6','3.6.1','3.7.9','3.9.12','3.9.13','4.36.3','5.1.11','6.17.9','6.4.7','7.1.2','7.1.3','7.10.2','7.15.2','7.19.7','7.6.5','8.27.10','8.6.2','9.15.1','9.40.5','9.8.6']",NULL,https://pleiades.stoa.org/places/1332,NULL,https://wikidata.org/wiki/Q1247568,NULL,NULL,NULL,NULL
22.7195,37.6316,"Sanctuary of Baton in Argos","Argolid Bk2","Koile road from Kylarabis gymnasium, Argos",['hieron'],['2.23.2'],"Koile road from Kylarabis gymnasium, Argos",NULL,NULL,https://wikidata.org/wiki/Q134037474,NULL,NULL,NULL,NULL
22.9,37.67,"Spring of Amphiaraus near the lake Alkyonia, Lerna","Argolid Bk2","Argolid Bk2",['pege'],['2.37.5'],"Argolid Bk2",NULL,NULL,NULL,https://resource.manto.unh.edu/10192736,NULL,NULL,NULL
21.8,37.2,"Elaeos, Messenia","Messenia Bk4","Messenia Bk4",['chorion'],['4.1.6'],"Messenia Bk4",https://pleiades.stoa.org/places/573196,NULL,NULL,NULL,Elaion,NULL,NULL
22.45,37.625,"Arnê fountain 12 stades from Mantinea","Arcadia Bk8","Argon Pedion","['krene','pege']","['8.8.1','8.8.2','8.8.4']","Argon Pedion",https://pleiades.stoa.org/places/573120,NULL,NULL,https://resource.manto.unh.edu/10152170,NULL,NULL,NULL
27.2774885,37.5292362,"Altar of Helikonian Poseidon outside Miletos","Asia Minor (Asia)",Miletus,['bomos'],['7.24.5'],Miletus,NULL,NULL,NULL,NULL,NULL,NULL,NULL
21.89626,37.4323,"Sanctuaries of Artemis Kotilaia and Aphrodite near Bassae","Arcadia Bk8",Kotilon,['naos'],['8.41.10'],NULL,NULL,https://topostext.org/place/374219SArt,https://wikidata.org/wiki/Q38282420,NULL,NULL,NULL,NULL
21.630126,37.637849,"Altar of Alpheios and Artemis (single altar) at Olympia","Eleia Bk5 Bk6",Olympia,['bomos'],['5.14.6'],Olympia,NULL,NULL,NULL,NULL,NULL,NULL,NULL
22.14015,38.22257,"Sanctuary of Poseidon at Helike","Achaia Bk7",Helike,['hieron'],"['7.24.5','7.24.6']",Helike,NULL,https://topostext.org/place/382221SNPT,https://wikidata.org/wiki/Q111085915,NULL,NULL,NULL,NULL
25.368686999999998,35.207811,Lyktos,Crete,Crete,['settlement'],['4.19.4'],NULL,https://pleiades.stoa.org/places/589918,NULL,https://wikidata.org/wiki/Q1001533,NULL,NULL,NULL,NULL
22.3933,37.6181,"Zeus Soter sanctuary at Mantineia","Arcadia Bk8","Mantineia (Arkadia)",['hieron'],['8.9.2'],"Mantineia (Arkadia)",NULL,NULL,https://wikidata.org/wiki/Q134037169,NULL,NULL,NULL,NULL
22.4237,37.0821,"Heroon of Aulon the Arcadian at Sparta","Lakonia Bk3",Sparta,['heroon'],['3.12.9'],Sparta,NULL,NULL,https://wikidata.org/wiki/Q124616555,NULL,NULL,NULL,NULL
25.268194,37.397274,"Delos (settlement)","Aegean Sea (Hellas)","Delos island",['polis'],"['3.23.3','3.23.4','3.23.5','4.36.6','8.33.2','9.34.6']",NULL,https://pleiades.stoa.org/places/599587,NULL,https://wikidata.org/wiki/Q131911921,NULL,NULL,NULL,NULL
22.7195,37.6316,"Tomb of Kylarabis in Kylarabis gymnasium, Argos","Argolid Bk2","Gymnasium of Kylarabis in Argos",['mnema'],['2.22.9'],"Gymnasium of Kylarabis in Argos",NULL,NULL,NULL,https://resource.manto.unh.edu/11289095,NULL,NULL,NULL
21.9583765,36.7960065,"Temple of Apollo at Asine, Messinia","Messenia Bk4","Asine (Messenia)",['naos'],['4.34.11'],"Asine (Messenia)",NULL,NULL,NULL,NULL,NULL,NULL,NULL
23.722163,37.975843,"wall opposite the stoa of Zeus","Athenai Bk1","Agora of Athens",['toichos'],['1.3.3'],NULL,NULL,NULL,NULL,NULL,NULL,NULL,NULL
17.25,40.75,"Taras (river)","Italia (Europe)","Italia (Europe)",['potamos'],['10.10.8'],NULL,https://pleiades.stoa.org/places/442811,NULL,NULL,NULL,NULL,NULL,NULL
21.551425,38.144625,"Dymaean chora","Achaia Bk7","Achaia Bk7",['chora'],['7.17.13'],Dyme,NULL,NULL,https://wikidata.org/wiki/Q60790671,NULL,"territory of Dyme",NULL,NULL
23.7,37.8,"Saronic Gulf","Attica Bk1","Aegean Sea (Hellas)",['kolpos'],"['1.44.3','1.5.3','2.1.5','2.2.3','2.30.7','2.31.10','2.34.1','2.34.2']",NULL,https://pleiades.stoa.org/places/570654,https://topostext.org/place/378237WSar,https://wikidata.org/wiki/Q211779,NULL,NULL,NULL,NULL
21.630126,37.637849,"Ash altar of Hera Olympia at Olympia","Eleia Bk5 Bk6",Olympia,['bomos'],['5.14.8'],Olympia,NULL,NULL,NULL,NULL,NULL,NULL,NULL
22.427,37.093,"channel to the sea to drain Eurotas plain","Lakonia Bk3","Eurotas (river)",['potamos'],['3.1.1'],NULL,NULL,NULL,NULL,NULL,NULL,NULL,NULL
21.630126,37.637849,Olympia,"Eleia Bk5 Bk6","Pisa (Eleia)",['hieron'],"['1.28.1','1.35.6','1.44.1','10.14.5','10.37.4','10.38.8','10.7.5','10.9.4','2.11.8','2.5.7','2.7.2','3.8.3','3.8.4','3.8.5','4.31.6','5.1.4','5.1.7','5.10.1','5.10.3','5.10.4','5.10.5','5.10.7','5.10.9','5.11.10','5.11.4','5.11.9','5.12.4','5.12.5','5.12.8','5.13.1','5.13.10','5.13.9','5.14.1','5.14.2','5.14.4','5.15.12','5.15.3','5.16.8','5.17.5','5.2.3','5.2.5','5.20.6','5.21.16','5.23.3','5.23.6','5.24.4','5.24.6','5.24.8','5.25.12','5.25.13','5.25.4','5.25.5','5.25.7','5.26.1','5.26.4','5.26.5','5.26.7','5.27.1','5.27.2','5.27.9','5.4.4','5.4.5','5.4.6','5.4.7','5.4.8','5.5.3','5.6.1','5.6.7','5.6.8','5.7.1','5.7.10','5.7.6','5.7.9','5.8.1','5.8.2','5.8.5','5.8.6','5.9.1','5.9.4','6.1.6','6.10.2','6.10.4','6.10.8','6.12.4','6.12.5','6.12.6','6.12.7','6.12.8','6.13.11','6.13.2','6.13.3','6.13.5','6.13.6','6.13.8','6.14.1','6.14.10','6.14.13','6.14.2','6.14.3','6.14.5','6.15.1','6.15.2','6.15.3','6.15.6','6.15.9','6.16.1','6.16.4','6.16.5','6.16.8','6.16.9','6.17.2','6.17.7','6.18.1','6.18.2','6.18.7','6.19.1','6.19.10','6.19.14','6.19.4','6.2.10','6.2.2','6.2.6','6.20.14','6.20.19','6.20.2','6.20.7','6.21.2','6.22.5','6.22.7','6.23.1','6.23.6','6.3.11','6.3.14','6.3.15','6.3.2','6.3.9','6.4.11','6.4.2','6.4.5','6.4.6','6.4.9','6.5.7','6.6.1','6.6.3','6.6.5','6.7.10','6.7.3','6.7.8','6.8.1','6.8.2','6.8.3','6.8.6','6.9.3','7.17.13','7.17.14','7.17.6','7.23.5','7.27.5','7.27.6','7.6.4','8.1.2','8.19.1','8.42.9','8.48.1','8.48.2','8.50.3','8.54.3','9.23.1','9.7.5']",NULL,https://pleiades.stoa.org/places/570531,NULL,https://wikidata.org/wiki/Q38888,https://resource.manto.unh.edu/10217933,"Sanctuary of Olympian Zeus in Pisatis",NULL,NULL
23.37572,38.17934,"spring of Aktaion on Megara-Plataia road","Boiotia Bk9",Eleutherai,['pege'],['9.2.3'],Eleutherai,NULL,NULL,NULL,NULL,NULL,NULL,NULL
22.4237,37.0821,"Tomb of Eurybiades in Lykourgos sanctuary in Sparta","Lakonia Bk3","Sanctuary of Lykourgos in Sparta",['mnema'],['3.16.6'],"Sanctuary of Lykourgos in Sparta",NULL,NULL,https://wikidata.org/wiki/Q124616328,NULL,NULL,NULL,NULL
21.9195,37.1779,"Hierothesion at Messene","Messenia Bk4","Messene (Messenia)",['hieron'],['4.32.1'],"Messene (Messenia)",NULL,NULL,https://wikidata.org/wiki/Q134036868,NULL,NULL,NULL,NULL
23.7168,37.9816,"Demosion Sema war graves, Athens","Athenai Bk1","Athenai Bk1","['polyandrion','taphos']","['1.29.13','1.29.4']",NULL,NULL,https://topostext.org/binder/JB1077,https://wikidata.org/wiki/Q116312064,NULL,NULL,NULL,NULL
22.7195,37.6316,"Gateway near Kylarabis gymnasium, Argos","Argolid Bk2","Road to Kylarabis Gymnasium, Argos",['pylai'],"['2.22.8','2.22.9']","Road to Kylarabis Gymnasium, Argos",NULL,NULL,NULL,NULL,NULL,NULL,NULL
22.875,38.4312,"Chasm at Oracle of Trophonios above Lebadeia","Boiotia Bk9","Trophonius oracle (Boeotia)",['barathron'],['9.39.9'],"Trophonius oracle (Boeotia)",NULL,NULL,NULL,NULL,NULL,NULL,NULL
23.73147,38.08194,"Cult of Dionysus Melpomenos at Acharnai","Attica Bk1",Acharnae,['hieron'],['1.31.6'],Acharnae,NULL,NULL,https://wikidata.org/wiki/Q124644576,NULL,NULL,NULL,NULL
22.8802,37.9054,"Walls of Corinth","Corinthia Bk2","Corinth (Corinthia)",['teichos'],['2.5.5'],"Corinth (Corinthia)",NULL,NULL,NULL,NULL,NULL,NULL,NULL
21.63291462,37.6391184,"Olympia Stadium","Eleia Bk5 Bk6",Olympia,"['choma ges','stadion']","['5.14.9','5.16.3','5.21.15','5.21.2','5.22.1','6.19.15','6.20.10','6.20.8','6.20.9','9.23.1']",NULL,NULL,https://topostext.org/place/376216BOSt,https://wikidata.org/wiki/Q4357227,NULL,NULL,https://imperium.ahlfeldt.se/places/24219,NULL
22.203,37.542,"Tomb of Kallisto","Arcadia Bk8","road Tricoloni to Methydrion, 137 stades","['choma ges','hemera dendra','taphos']","['8.3.7','8.35.8']",NULL,NULL,NULL,NULL,https://resource.manto.unh.edu/10137217,NULL,NULL,NULL
22.39,37.42,"Manthourikon plain right of Chôma","Arcadia Bk8","Arcadia Bk8",['pedion'],['8.44.7'],NULL,NULL,NULL,NULL,NULL,NULL,NULL,NULL
23.721502000000005,37.9756065,"Temple of Hephaestus, Athens","Athenai Bk1","Athenai Bk1",['naos'],['1.14.6'],NULL,https://pleiades.stoa.org/places/558659669,NULL,https://wikidata.org/wiki/Q756824,NULL,"Temple of Hephaistos",NULL,NULL
22.8606,38.4305,"Zeus Basileus temple at Lebadeia (Boeotia)","Boiotia Bk9",Lebadeia,['naos'],['9.39.4'],NULL,https://pleiades.stoa.org/places/474652024,https://topostext.org/place/384229SZeu,https://wikidata.org/wiki/Q106497024,NULL,NULL,NULL,NULL
21.63042,37.63794,"table to exhibit crowns in Temple of Zeus at Olympia","Eleia Bk5 Bk6","Zeus temple (Olympia)",['trapeza'],['5.12.5'],"Zeus temple (Olympia)",NULL,NULL,NULL,NULL,NULL,NULL,NULL
23.34285,37.997,"battlefield burial of Megareos","Megarid Bk1","Megara (Megarid)",['mnema'],['1.39.5'],"Megara (Megarid)",NULL,NULL,NULL,NULL,NULL,NULL,NULL
27.579599999999996,39.6262,"Tomb of founder Pionis in Pioniai polisma beyond Kaikos, seen by Pausanias","Asia Minor (Asia)",Pioniai,['mnema'],['9.18.4'],NULL,NULL,NULL,NULL,NULL,NULL,NULL,NULL
21.90262,37.44921,Kotilon,"Arcadia Bk8","Kotilion (mountain)",['chorion'],['8.41.10'],"Kotilion (mountain)",https://pleiades.stoa.org/places/573306,NULL,NULL,NULL,NULL,NULL,NULL
23.647299999999998,37.9419,"Hippodameian agora (Piraeus)","Attica Bk1",Peiraieus/Piraeus,['agora'],['1.1.3'],NULL,NULL,https://topostext.org/place/379236BHiA,https://wikidata.org/wiki/Q12878188,NULL,NULL,NULL,NULL
39.728451,41.005877,Trapezus,"Pontus Euxinus","Pontus Euxinus",['polis'],['8.27.6'],NULL,https://pleiades.stoa.org/places/857359,NULL,https://wikidata.org/wiki/Q45301,NULL,"Trapezous of Pontos",NULL,NULL
23.243591,37.385218,"Promontory of Hermione","Hermionis Bk2",Hermione,['akra'],['2.34.9'],Hermione,NULL,NULL,NULL,NULL,NULL,NULL,NULL
26.858519999999995,39.69936,"Grove of Apollo on Mt. Ida near Troy","Asia Minor (Asia)","Ida (mountain)",['alsos'],['3.13.5'],"Ida (mountain)",NULL,NULL,NULL,NULL,NULL,NULL,NULL
22.8956,38.6366,"Smaller temple at Abai, made by Hadrian","Phokis Bk10","Sanctuary of Apollo of Abai",['naos'],['10.35.4'],"Sanctuary of Apollo of Abai",NULL,NULL,NULL,NULL,NULL,NULL,NULL
22.55716,37.71428,"Sanctuary of Artemis in Orneai","Argolid Bk2","Orneai (Argolid)",['hieron'],['2.25.6'],"Orneai (Argolid)",NULL,NULL,https://wikidata.org/wiki/Q134037299,NULL,NULL,NULL,NULL
23.3178,38.3191,"Sanctuary of the Dindymean Mother outside Thebes","Boiotia Bk9","Thebes (Boeotia)",['hieron'],['9.25.3'],"Thebes (Boeotia)",NULL,NULL,https://wikidata.org/wiki/Q134037852,NULL,NULL,NULL,NULL
22.3244,37.2083,"Sanctuary of Asklepios at Pellana","Lakonia Bk3","Pellana (Lakonia)",['hieron'],['3.21.2'],"Pellana (Lakonia)",NULL,NULL,https://wikidata.org/wiki/Q124616351,NULL,NULL,NULL,NULL
34.752119,32.053722,Ioppe,"Asia (continent)",Palaestina,['polis'],['4.35.9'],NULL,https://pleiades.stoa.org/places/687931,NULL,https://wikidata.org/wiki/Q11713655,NULL,NULL,NULL,NULL
21.6336,37.637,"Altar of Aphrodite at Olympia by Hippodrome","Eleia Bk5 Bk6","Hippodrome (Olympia)",['bomos'],['5.15.6'],"Hippodrome (Olympia)",NULL,NULL,NULL,NULL,NULL,NULL,NULL
22.1273,37.4124,"Sanctuary of Asklepios in Megalopolis, in temenos by Artemis Agrotera","Arcadia Bk8","Sacred precinct right of temple of Artemis Agrotera at Megalopolis",['hieron'],['8.32.4'],"Sacred precinct right of temple of Artemis Agrotera at Megalopolis",NULL,NULL,https://wikidata.org/wiki/Q134037005,NULL,NULL,NULL,NULL
22.45,37.455,"Garates (river)","Arcadia Bk8","Tegea (Arkadia)",['potamos'],['8.54.4'],NULL,https://pleiades.stoa.org/places/570253,NULL,NULL,NULL,NULL,NULL,NULL
22.8802,37.9054,"Corinth (Corinthia)","Corinthia Bk2","Corinthia Bk2",['polis'],"['1.27.10','1.27.9','1.29.11','1.37.5','1.39.4','1.44.10','1.44.6','10.11.6','10.5.3','10.8.5','10.9.10','2.1.1','2.1.2','2.1.6','2.15.1','2.2.2','2.2.4','2.2.5','2.2.6','2.28.8','2.3.1','2.3.10','2.3.11','2.3.5','2.3.7','2.31.9','2.4.3','2.4.4','2.4.6','2.5.1','2.5.5','2.6.1','2.7.2','2.8.4','2.8.5','3.10.1','3.5.7','4.17.5','5.10.5','5.17.5','6.2.2','7.14.1','7.14.2','7.14.5','7.15.10','7.16.4','7.16.7','7.27.6','7.6.7','7.7.6','7.8.1','7.8.2','9.26.2','9.6.4','9.9.4']",NULL,https://pleiades.stoa.org/places/570182,https://topostext.org/place/379229PKor,https://wikidata.org/wiki/Q1363688,NULL,Korinthos,NULL,NULL
21.6336,37.637,"Altar of Athena Hippia at Olympia","Eleia Bk5 Bk6","Hippodrome (Olympia)",['bomos'],['5.15.6'],"Embolon within hippodrome at Olympia",NULL,NULL,NULL,NULL,NULL,NULL,NULL
22.12724177,37.41016271,"Perpetual spring in theater of Megalopolis","Arcadia Bk8","Megalopolis Theater",['pege'],['8.32.1'],"Megalopolis Theater",NULL,NULL,NULL,NULL,NULL,NULL,NULL
22.3933,37.6181,"Half-Temple of Leto and children at Mantineia","Arcadia Bk8","Double temple of Asklepios and Leto and her children at Mantineia",['naos'],['8.9.1'],"Double temple of Asklepios and Leto and her children at Mantineia",NULL,NULL,NULL,NULL,NULL,NULL,NULL
21.68253,37.61158,"Typaion (mountain)","Eleia Bk5 Bk6","Eleia Bk5 Bk6",['oros'],['5.6.7'],NULL,https://pleiades.stoa.org/places/570757,NULL,https://wikidata.org/wiki/Q15205657,NULL,NULL,NULL,NULL
14.9958286,37.751113,"Aetna (mountain)","Sicilia (island)","Sicilia (island)",['oros'],"['10.28.4','3.23.9']",NULL,https://pleiades.stoa.org/places/462077,NULL,https://wikidata.org/wiki/Q16990,NULL,NULL,NULL,NULL
31.254278000000003,29.849667,"Sarapeion of Memphis","Libya (Africa)",Memphis,['hieron'],['1.18.4'],Memphis,NULL,NULL,https://wikidata.org/wiki/Q287375,NULL,"Serapeum of Memphis",NULL,NULL
21.983,37.567,"Springs of the Bouphagos river at Bouphagion","Arcadia Bk8",Bouphagion,['pege'],"['8.26.8','8.27.17']",NULL,NULL,NULL,NULL,NULL,NULL,NULL,NULL
23.235,37.3884,"Place of Clymenus in Hermione, behind the temple of Demeter Chthonia","Hermionis Bk2","Pron M.",['chorion'],['2.35.10'],"Pron M.",NULL,NULL,NULL,NULL,NULL,NULL,NULL
22.2542,37.4355,"Artemis Lykoatis sanctuary exc. (Arkadia)","Arcadia Bk8","Arcadia Bk8",['hieron'],['8.36.7'],NULL,NULL,https://topostext.org/place/374223XAPa,https://wikidata.org/wiki/Q134040003,NULL,NULL,NULL,NULL
22.7145,37.9834,"House of tyrant Nicocles at Sicyon","Sikyonia Bk2","Sicyon (Sikyonia)",['oikia'],['2.8.3'],"Sicyon (Sikyonia)",NULL,NULL,NULL,NULL,NULL,NULL,NULL
23.4975,37.7078,"Zeus Panhellenios sanctuary (Aigina)","Aigina island Bk2","Aigina island Bk2",['hieron'],['2.30.4'],NULL,https://pleiades.stoa.org/places/580139,https://topostext.org/place/377235SPan,https://wikidata.org/wiki/Q110302685,NULL,NULL,NULL,NULL
-22.1,36.33,"Atlanticus Oceanus",NULL,"Ocean River",['thalassa'],"['1.23.5','1.33.3','1.33.4','1.33.5','1.33.6','1.35.7','1.4.1','10.20.3']",NULL,https://pleiades.stoa.org/places/845,NULL,https://wikidata.org/wiki/Q97,NULL,NULL,NULL,NULL
23.34285,37.997,"Tomb of Iphinoe in Megara","Megarid Bk1","Megara (Megarid)",['mnema'],['1.43.4'],"Megara (Megarid)",NULL,NULL,https://wikidata.org/wiki/Q124644654,https://resource.manto.unh.edu/10192029,NULL,NULL,NULL
22.249,37.996,"Krathis Mt. (Achaia)","Achaia Bk7","Achaia Bk7",['oros'],"['7.25.11','8.15.8','8.15.9']",NULL,https://pleiades.stoa.org/places/570382,https://topostext.org/place/378223LKra,https://wikidata.org/wiki/Q101048087,NULL,NULL,NULL,NULL
23.715,37.995,"altar of Athena Hippia at Kolonos Hippios","Athenai Bk1","Kolonos Hippios",['bomos'],['1.30.4'],"Kolonos Hippios",NULL,NULL,NULL,NULL,NULL,NULL,NULL
22.4237,37.0821,"Tomb of Orestes near sanctuary of the Fates at Sparta","Lakonia Bk3",Sparta,['taphos'],['3.11.10'],Sparta,NULL,NULL,https://wikidata.org/wiki/Q124616308,https://resource.manto.unh.edu/10146665,NULL,NULL,NULL
22.4237,37.0821,"Sanctuary of Morpho in Aphrodite temple of Sparta","Lakonia Bk3","Temple of Aphrodite with armed xoanon in Sparta",['hieron'],['3.15.10'],"Temple of Aphrodite with armed xoanon in Sparta",NULL,NULL,NULL,NULL,NULL,NULL,NULL
21.630126,37.637849,"Treasury of the Metapontines at Olympia, next to Selinountines","Eleia Bk5 Bk6","Treasury terrace north of the Heraion, Olympia",['thesauros'],['6.19.11'],Olympia,NULL,NULL,https://wikidata.org/wiki/Q106956850,NULL,NULL,NULL,NULL
92.5,37.5,Issedones,"Asia (continent)","Asia (continent)",['chora'],"['1.24.6','1.31.2','5.7.9']",NULL,https://pleiades.stoa.org/places/59853,NULL,https://wikidata.org/wiki/Q1079061,NULL,NULL,NULL,NULL
24.035919500000002,37.683423,Sounion,"Attica Bk1","Attica Bk1",['teichos'],['2.8.6'],NULL,https://pleiades.stoa.org/places/580107,NULL,https://wikidata.org/wiki/Q13465029,NULL,NULL,NULL,NULL
21.9327,37.4009,"Eira (Messenia)","Messenia Bk4","Messenia Bk4",['oros'],"['4.17.10','4.18.1','4.18.2','4.18.7','4.19.1','4.19.4','4.20.1','4.20.10','4.20.5','4.20.7','4.20.8','4.21.1','4.21.3','4.21.8','4.22.1','4.22.2','4.22.3','4.22.4','4.23.1','4.23.4','4.27.4','4.27.9']",NULL,NULL,https://topostext.org/place/374219UEir,https://wikidata.org/wiki/Q16575287,NULL,NULL,NULL,NULL
23.144,37.495,"Boleoi Lithoi","Hermionis Bk2",Philanorion,['horos'],['2.36.3'],Philanorion,https://pleiades.stoa.org/places/573147,NULL,https://wikidata.org/wiki/Q131318068,NULL,NULL,NULL,NULL
23.062,36.517,"Border of the Boiatai, with sanctuary of Apollo","Lakonia Bk3","Boiai (Lakonia)",['horos'],['3.23.2'],"Boiai (Lakonia)",NULL,NULL,https://wikidata.org/wiki/Q124616551,NULL,NULL,NULL,NULL
22.4237,37.0821,"Dorkeia fountain near Heroon of Dorkeus in Sparta","Lakonia Bk3",Sparta,['krene'],['3.15.2'],Sparta,NULL,NULL,NULL,https://resource.manto.unh.edu/10150575,NULL,NULL,NULL
21.8194,38.2983,"Argyra (Achaia)","Achaia Bk7","Achaia Bk7",['settlement'],"['7.18.6','7.23.1','7.23.3','7.23.4']",NULL,https://pleiades.stoa.org/places/573118,https://topostext.org/place/383218UArg,https://wikidata.org/wiki/Q3561588,NULL,NULL,NULL,NULL
26.155499999999996,39.915,"Tomb of Achilles in Troad","Asia Minor (Asia)",Troas,['mnema'],"['1.22.6','10.25.10']",NULL,NULL,NULL,NULL,https://resource.manto.unh.edu/8240602,NULL,NULL,NULL
22.42479249,40.13002812,Pieria,"Macedonia (Europe)","Macedonia (Europe)",['oros'],"['10.13.5','9.30.7','9.30.8','9.30.9']",NULL,https://pleiades.stoa.org/places/491696,NULL,https://wikidata.org/wiki/Q7800388,NULL,NULL,NULL,NULL
28.143,36.399,"Ialysus (Rhodes)","Aegean Sea (Hellas)","Rhodes island",['polis'],['4.24.2'],NULL,https://pleiades.stoa.org/places/589815,NULL,https://wikidata.org/wiki/Q29963099,NULL,Ialysos,NULL,NULL
23.58944,38.46276,"North Euboean gulf and coast","Euboea (island)",Euripos,"['paralia','thalassa']","['9.22.5','9.22.6']",Euripos,NULL,NULL,NULL,NULL,NULL,NULL,NULL
22.7214,37.6305,"Mound with Medusa's head, Argos agora","Argolid Bk2","Agora of Argos","['choma ges']",['2.21.5'],"Agora of Argos",NULL,NULL,NULL,NULL,NULL,NULL,NULL
23.396935,38.391809,"wood of wild and tame trees at grave of Promachus near Glisas","Boiotia Bk9","Grave mound of Promachus and other Argives near Glisas","['dendron','hemera dendra','hyle']",['9.19.2'],"Grave mound of Promachus and other Argives near Glisas",NULL,NULL,NULL,NULL,NULL,NULL,NULL
23.243591,37.385218,"Sanctuary of Athena with collapsed roof on Hermione promontory","Hermionis Bk2",Hermione,['hieron'],['2.34.10'],Hermione,NULL,NULL,https://wikidata.org/wiki/Q134037731,NULL,NULL,NULL,NULL
23.707,37.992,"Eros at the Academy altar, Athens","Athenai Bk1","Academy of Plato, Athens",['bomos'],['1.30.1'],NULL,NULL,https://topostext.org/binder/JB1334,NULL,NULL,NULL,NULL,NULL
22.959486,38.495082,"Sanctuary of Dionysos at Orchomenos","Boiotia Bk9","Orchomenos (Boeotia)",['hieron'],['9.38.1'],"Orchomenos (Boeotia)",NULL,NULL,https://wikidata.org/wiki/Q134037616,NULL,NULL,NULL,NULL
22.7214,37.6305,"Tomb of Lynceus and Hypermestra in Argos Agora","Argolid Bk2","Agora of Argos",['mnema'],['2.21.2'],"Agora of Argos",NULL,NULL,NULL,https://resource.manto.unh.edu/10185357,NULL,NULL,NULL
23.3178,38.3191,"Krenaian gate, Thebes - Krênaias pulas","Boiotia Bk9","Thebes (Boeotia)",['pylai'],['9.8.5'],"Thebes (Boeotia)",NULL,NULL,NULL,NULL,NULL,NULL,NULL
21.705,36.817,"Mothonian coast","Messenia Bk4","Methone/Mothone (Messenian)",['chora'],['4.35.6'],"Methone/Mothone (Messenian)",NULL,NULL,NULL,NULL,NULL,NULL,NULL
22.4831905,36.3856534,"Temple fashioned like a cave on Tainaron promontory","Lakonia Bk3","Tainaron (promontory)",['naos'],['3.25.4'],"Tainaron (promontory)",NULL,NULL,https://wikidata.org/wiki/Q124616405,NULL,NULL,NULL,NULL
23.7329,37.9686,"temple of Apollo Delphinios, Athens","Athenai Bk1","Apollo Delphinios sanctuary, Athens",['naos'],['1.19.1'],NULL,NULL,https://topostext.org/place/380237SDel,https://wikidata.org/wiki/Q97206898,NULL,NULL,NULL,NULL
22.7145,37.9834,"Altar of Isthmian Poseidon at Sicyon","Sikyonia Bk2","Sicyon (Sikyonia)",['bomos'],['2.9.6'],"Sicyon (Sikyonia)",NULL,NULL,NULL,NULL,NULL,NULL,NULL
24.0376,37.8652,Prasiae,"Attica Bk1","Attica Bk1",['demos'],['1.31.2'],NULL,https://pleiades.stoa.org/places/580090,NULL,https://wikidata.org/wiki/Q2107853,NULL,"Prasia, Prasiai",NULL,NULL
22.041,37.534,Gortys,"Arcadia Bk8",Kynouriake,['settlement'],"['5.7.1','8.27.4','8.27.7','8.28.1','8.28.2','8.4.8']",NULL,https://pleiades.stoa.org/places/570267,NULL,https://wikidata.org/wiki/Q1538431,NULL,NULL,NULL,NULL
22.1273,37.4124,"Sanctuary of Athena Polias at Megalopolis","Arcadia Bk8","Megalopolis (Arkadia)",['hieron'],['8.31.9'],"Megalopolis (Arkadia)",NULL,NULL,https://wikidata.org/wiki/Q134037019,NULL,NULL,NULL,NULL
21.6576,36.9599,"Cave of Nestor (Pylos)","Messenia Bk4","Koryphasion Pr.",['spelaion'],['4.36.2'],NULL,NULL,https://topostext.org/place/370217CNes,https://wikidata.org/wiki/Q25162361,NULL,NULL,NULL,NULL
22.4237,37.0821,"House of Menelaus at Sparta by statue of Herakles","Lakonia Bk3",Sparta,['oikia'],['3.14.6'],Sparta,NULL,NULL,https://wikidata.org/wiki/Q124616338,NULL,NULL,NULL,NULL
26.5,41,"Teichos Aratou, fort in Thracian Chersonnese","Thrace (Europe)","Thrace (Europe)",['teichos'],['6.19.6'],"Thrace (Europe)",NULL,NULL,NULL,NULL,NULL,NULL,NULL
27.339721999999995,37.941944,"Halitaia spring in territory of Ephesus","Asia Minor (Asia)",Ephesos,['pege'],['7.5.10'],Ephesos,NULL,NULL,NULL,NULL,NULL,NULL,NULL
21.738518,38.243265,"precinct and temple of Artemis Limnatis at Patrae","Achaia Bk7",Patrae,['naos'],['7.20.7'],Patrae,NULL,NULL,NULL,NULL,NULL,NULL,NULL
33.75,26.750000000000004,Ichthyophagi,"Libya (Africa)","Aethiopia (Africa)",['chora'],['1.33.4'],NULL,https://pleiades.stoa.org/places/766372,NULL,https://wikidata.org/wiki/Q1096303,NULL,NULL,NULL,NULL
22.3969,37.9397,"Kyllene Mt.","Arcadia Bk8","Arcadia Bk8",['oros'],"['8.15.4','8.17.1','8.17.3','8.17.4','8.17.5','8.4.4','8.4.6']",NULL,https://pleiades.stoa.org/places/570391,https://topostext.org/place/379224LKyl,https://wikidata.org/wiki/Q1232572,NULL,NULL,NULL,NULL
22.9,37.67,Akte,"Argolid Bk2","Argolid Bk2",['chora'],['2.8.5'],"Argolid Bk2",https://pleiades.stoa.org/places/573068,NULL,https://wikidata.org/wiki/Q25044670,NULL,NULL,NULL,NULL
22.5403,39.38533,"Theater of Skotoussa in Thessaly","Hellas (Europe)","Skotoussa (Thessaly)",['theatron'],['6.5.2'],"Skotoussa (Thessaly)",NULL,NULL,NULL,NULL,NULL,NULL,NULL
26.0806,40.7241,Ainos,"Thrace (Europe)","Thrace (Europe)",['polis'],['5.27.12'],NULL,https://pleiades.stoa.org/places/501337,NULL,https://wikidata.org/wiki/Q14800358,NULL,NULL,NULL,NULL
-2.422,53.826,"Britannia/Albion (island)",NULL,"Roman empire",['nesos'],"['1.33.4','8.43.4']",NULL,https://pleiades.stoa.org/places/20419,NULL,https://wikidata.org/wiki/Q185103,NULL,NULL,NULL,NULL
23.726,37.974,"All the Gods sanctuary, Athens","Athenai Bk1","Athenai Bk1",['hieron'],"['1.18.9','1.5.5']",NULL,NULL,https://topostext.org/binder/JB0119,https://wikidata.org/wiki/Q134038322,NULL,NULL,NULL,NULL
35.6191595,33.1864496,"Iordanes (river)","Asia (continent)",Palaestina,['potamos'],['5.7.4'],NULL,https://pleiades.stoa.org/places/687932,NULL,https://wikidata.org/wiki/Q40059,NULL,NULL,NULL,NULL
22.649131,37.846299,"Mantic House  in Phlious","Phlious Bk2","Phlious Bk2",['oikema'],['2.13.7'],"Phlious Bk2",NULL,NULL,NULL,NULL,NULL,NULL,NULL
22.4295,37.46475,"Temple of Aphrodite in agora of Tegea, called in brick","Arcadia Bk8","Agora of Tegea",['naos'],['8.48.1'],"Agora of Tegea",NULL,NULL,NULL,NULL,NULL,NULL,NULL
22.515967,37.288734,Karyai,"Lakonia Bk3","Lakonia Bk3",['settlement'],"['3.10.7','4.16.9']",NULL,https://pleiades.stoa.org/places/570334,NULL,https://wikidata.org/wiki/Q59148716,NULL,NULL,NULL,NULL
22.8522,38.028187,"Heraion at Perachora, Corinthia","Corinthia Bk2","Corinthia Bk2",['hieron'],['2.3.11'],NULL,https://pleiades.stoa.org/places/570288,NULL,https://wikidata.org/wiki/Q2070087,https://resource.manto.unh.edu/9587624,NULL,NULL,NULL
22.2869,37.2785,"Belemina (Lakonia)","Lakonia Bk3","Lakonia Bk3",['settlement'],"['3.21.3','8.27.4','8.35.3','8.35.4']",NULL,https://pleiades.stoa.org/places/570151,https://topostext.org/place/373223UBel,https://wikidata.org/wiki/Q16537117,NULL,Belmina,NULL,NULL
22.461269,37.616101,"Sanctuary of Demeter near Nestanê","Arcadia Bk8",Nestane,['hieron'],['8.8.1'],Nestane,NULL,NULL,https://wikidata.org/wiki/Q134037254,NULL,NULL,NULL,NULL
23.235,37.3884,"Sanctuary of Hera on Pron mountain, Hermione","Hermionis Bk2","Pron M.",['hieron'],['2.36.2'],"Pron M.",NULL,NULL,https://wikidata.org/wiki/Q134037721,NULL,NULL,NULL,NULL
22.905228,38.596346,"Theater of Hyampolis not far from the gates","Phokis Bk10",Hyampolis,['theatron'],['10.35.6'],Hyampolis,NULL,NULL,NULL,NULL,NULL,NULL,NULL
23.594,38.4361,"hill near Aulis where Agamemnon pitched his tent","Boiotia Bk9",Aulis,"['lophos','mythic site']",['9.19.7'],Aulis,NULL,NULL,NULL,NULL,NULL,NULL,NULL
22.73761,38.00239,"Helisson river, Sikyonia","Sikyonia Bk2","Sikyonia Bk2",['potamos'],['2.12.2'],NULL,https://pleiades.stoa.org/places/570283,NULL,https://wikidata.org/wiki/Q3723337,NULL,NULL,NULL,NULL
22.3557,38.4802,"Grove of Meilichian gods at Myonia","Phokis Bk10","Myonia/Myania (Phokis)",['alsos'],['10.38.8'],"Myonia/Myania (Phokis)",NULL,NULL,NULL,NULL,NULL,NULL,NULL
23.706200000000003,37.9373,"Altar to the children of Theseus, Phaleron","Attica Bk1",Phaleron,['bomos'],['1.1.4'],Phaleron,NULL,NULL,https://wikidata.org/wiki/Q124644552,NULL,NULL,NULL,NULL
23.34285,37.997,"Tomb of Pyrgo in Megara","Megarid Bk1","Megara (Megarid)",['mnema'],['1.43.4'],"Megara (Megarid)",NULL,NULL,https://wikidata.org/wiki/Q124644652,https://resource.manto.unh.edu/10192028,NULL,NULL,NULL
20.749775,38.923568,"Actium Pr.","Aitolia region",Akarnania,['akra'],"['10.8.3','8.8.12']",NULL,NULL,NULL,https://wikidata.org/wiki/Q216551,NULL,NULL,https://imperium.ahlfeldt.se/places/41195,NULL
22.973,37.928,"Isthmus of Corinth","Corinthia Bk2","Corinthia Bk2",['chora'],"['1.25.4','1.27.10','1.44.8','10.5.3','2.1.4','2.1.5','2.1.6','2.1.7','2.15.1','2.2.2','2.2.3','2.29.7','2.5.7','2.8.5','3.21.6','3.9.1','4.9.2','5.2.1','5.3.6','6.13.10','7.15.11','7.16.1','7.27.5','7.6.7','7.7.2','8.1.1','8.48.2','8.5.1','8.5.6']",NULL,https://pleiades.stoa.org/places/570317,https://topostext.org/place/379230LIst,https://wikidata.org/wiki/Q215200,NULL,NULL,NULL,NULL
30.59285065,40.99129035,"Sangarius (river)","Asia (continent)","Asia Minor (Asia)",['potamos'],"['1.4.5','7.17.11','8.9.7']",NULL,https://pleiades.stoa.org/places/511406,NULL,https://wikidata.org/wiki/Q217466,NULL,NULL,NULL,NULL
22.7113,38.7759,"Thronion (East Lokris)","Hellas (Europe)",Phthiotis,['polis'],['5.22.4'],NULL,NULL,https://topostext.org/place/388227PThr,https://wikidata.org/wiki/Q3035310,NULL,NULL,NULL,NULL
23.34285,37.997,"sanctuary of Athena Aiantis in Megara","Megarid Bk1","acropolis of Alcathoos, Megara",['hieron'],['1.42.4'],"acropolis of Alcathoos, Megara",NULL,NULL,https://wikidata.org/wiki/Q124644637,NULL,NULL,NULL,NULL
21.63066,37.63905,"Ionic chamber in Sicyonian treasury at Olympia","Eleia Bk5 Bk6","Sicyonian Treasury at Olympia",['thesauros'],['6.19.2'],"Sicyonian Treasury at Olympia",NULL,NULL,NULL,NULL,NULL,NULL,NULL
22.7348,37.469,"Tract on the road from Anigraia to the sea","Argolid Bk2",Anigraia,['chora'],['2.38.4'],Anigraia,NULL,NULL,NULL,NULL,NULL,NULL,NULL
23.5523,38.0476,"hero shrine of Zarex, near Eleusis","Attica Bk1","Attica Bk1",['heroon'],['1.38.4'],NULL,NULL,NULL,https://wikidata.org/wiki/Q124646546,NULL,NULL,NULL,NULL
23.5314735,37.947768,"Telamon's rock, Salamis","Attica Bk1","Salamis (settlement)",['petra'],['1.35.3'],"Salamis (settlement)",NULL,NULL,https://wikidata.org/wiki/Q124644584,NULL,NULL,NULL,NULL
22.03143,37.38957,"Altar of Poseidon Hippios at Lykosoura","Arcadia Bk8","Sanctuary of Despoina at Lykosoura",['bomos'],['8.37.10'],"Sanctuary of Despoina at Lykosoura",NULL,NULL,NULL,NULL,NULL,NULL,NULL
23.2733,38.2213,"Altar of Zeus Eleutherios at Plataea","Boiotia Bk9","Plataea (Boeotia)",['bomos'],['9.2.5'],"Plataea (Boeotia)",NULL,NULL,NULL,NULL,NULL,NULL,NULL
22.4237,37.0821,"Heroon of Oibalos at Sparta","Lakonia Bk3",Sparta,['heroon'],['3.15.10'],Sparta,NULL,NULL,https://wikidata.org/wiki/Q124616568,NULL,NULL,NULL,NULL
23.243591,37.385218,"Sea-shore in Hermione, at East","Hermionis Bk2",Hermione,['paralia'],['2.34.10'],Hermione,NULL,NULL,NULL,NULL,NULL,NULL,NULL
23.34285,37.997,"Sactuary of Artemis founded by Agamemnon at Megara","Megarid Bk1","Megara (Megarid)",['hieron'],['1.43.1'],"Megara (Megarid)",NULL,NULL,https://wikidata.org/wiki/Q124644645,https://resource.manto.unh.edu/10191921,NULL,NULL,NULL
22.5047,36.7279,"Gymnasium of Las","Lakonia Bk3","Las polis",['gymnasion'],['3.24.7'],"Las polis",NULL,NULL,https://wikidata.org/wiki/Q124616348,NULL,NULL,NULL,NULL
14.991049999999998,38.38338,"Hot baths on the shore of Hiera island","Internum Mare","Hiera (Hephaistou) (island)",['loutron'],['10.11.4'],"Hiera (Hephaistou) (island)",NULL,NULL,NULL,NULL,NULL,NULL,NULL
22.79418,38.49551,"Nine Plethra","Phokis Bk10",Panopeos/Phanotis,['chorion'],['10.4.5'],Panopeos/Phanotis,NULL,NULL,NULL,NULL,"Ennea Plethra",NULL,NULL
24.973629999999996,40.93119,Abdera,"Thrace (Europe)","Thrace (Europe)",['polis'],"['6.14.12','6.5.4']",NULL,https://pleiades.stoa.org/places/501323,NULL,https://wikidata.org/wiki/Q38280948,NULL,NULL,NULL,NULL
23.7188,37.9782,"Pompeion (Athens)","Athenai Bk1",Kerameikos,['oikema'],['1.2.4'],NULL,NULL,https://topostext.org/place/380237BPom,https://wikidata.org/wiki/Q2372311,NULL,NULL,NULL,NULL
22.792,36.8,"Tomb of Nikokles at Akriai","Lakonia Bk3","Akriai (Lakonia)",['mnema'],['3.22.5'],"Akriai (Lakonia)",NULL,NULL,https://wikidata.org/wiki/Q124616334,NULL,NULL,NULL,NULL
22.75372,37.81708,Kleonai,"Argolid Bk2",Peloponnesos,['polis'],"['2.15.1','2.15.2','5.2.1','7.25.6']",NULL,https://pleiades.stoa.org/places/570361,NULL,https://wikidata.org/wiki/Q1774167,NULL,Cleonae,NULL,NULL
23.1743,38.2647,"Theban trophy near Leuktra battlefield","Boiotia Bk9","Leuktra (Boeotia)",['tropaion'],['4.32.6'],"Leuktra (Boeotia)",NULL,NULL,NULL,NULL,NULL,NULL,NULL
22.25133,37.42096,"summit of Mt. Voreion","Arcadia Bk8","Boreion (mountain)",['koryphe'],['8.44.4'],"Boreion (mountain)",NULL,NULL,NULL,NULL,NULL,NULL,NULL
23.644609,37.937222,"Precinct of Athena and Zeus in Piraeus","Attica Bk1",Peiraieus/Piraeus,['temenos'],['1.1.3'],Peiraieus/Piraeus,NULL,NULL,NULL,NULL,NULL,NULL,NULL
22.1273,37.4124,"Sanctuary of Kore at Megalopolis, right of Great Goddesses temple","Arcadia Bk8","Peribolos of Great Goddesses Demeter and Korê at Megalopolis",['hieron'],['8.31.8'],"Peribolos of Great Goddesses Demeter and Korê at Megalopolis",NULL,NULL,https://wikidata.org/wiki/Q134036995,NULL,NULL,NULL,NULL
22.7195,37.6316,"Building for the rites of Adonis in Argos","Argolid Bk2","Argos (Argolid)",['oikema'],['2.20.6'],"Argos (Argolid)",NULL,NULL,NULL,NULL,NULL,NULL,NULL
21.9725313,37.4563114,"Lykaion (mountain)","Arcadia Bk8",Parrasia,['oros'],"['4.20.2','4.22.2','4.23.2','8.2.1','8.27.4','8.36.3','8.38.10','8.38.2','8.38.3','8.38.5','8.38.6','8.38.9','8.41.3']",NULL,https://pleiades.stoa.org/places/570441,NULL,https://wikidata.org/wiki/Q1878690,NULL,Olympus,NULL,NULL
22.87732,37.9059,"Odeion (Corinth)","Corinthia Bk2","Corinth (Corinthia)",['Odeion'],['2.3.6'],NULL,NULL,https://topostext.org/place/379229BOde,https://wikidata.org/wiki/Q25461265,NULL,NULL,NULL,NULL
21.630126,37.637849,"Altar of Artemis Kokkokas at Olympia","Eleia Bk5 Bk6",Olympia,['bomos'],['5.15.7'],Olympia,NULL,NULL,NULL,NULL,NULL,NULL,NULL
21.87884,37.710489,"Sanctuary of Demeter Erinys in Onkeion on the Ladon","Arcadia Bk8",Onkeion,['hieron'],['8.25.4'],Onkeion,NULL,NULL,https://wikidata.org/wiki/Q134036680,https://resource.manto.unh.edu/10764746,NULL,NULL,NULL
21.630126,37.637849,"Sea (Aphrodite represented rising from the sea on the footstool of the cult statue of Zeus at Olympia)","Eleia Bk5 Bk6",Olympia,['thalassa'],['5.11.8'],Olympia,NULL,NULL,NULL,NULL,NULL,NULL,NULL
14.058,40.848,"Sanctuary of Apollo at Cumae in Campania","Italia (Europe)","Cumae/Kyme (Campanian)",['hieron'],"['10.12.8','8.24.5']","Cumae/Kyme (Campanian)",NULL,NULL,https://wikidata.org/wiki/Q134036730,https://resource.manto.unh.edu/11321544,NULL,NULL,NULL
22.1273,37.4124,"Hill east of stadium of Megalopolis with Agrotera temple","Arcadia Bk8","Megalopolis (Arkadia)",['lophos'],['8.32.4'],"Megalopolis (Arkadia)",NULL,NULL,NULL,NULL,NULL,NULL,NULL
23.3178,38.3191,"altar of Ammon, temple of Ammon, Thebes","Boiotia Bk9","Sanctuary of Ammon in Thebes",['bomos'],['9.16.1'],"Sanctuary of Ammon in Thebes",NULL,NULL,NULL,NULL,NULL,NULL,NULL
15.0878345,37.5024825,"Sanctuary of Hyblaia at Catania","Sicilia (island)",Katane/Catina,['hieron'],['5.23.6'],Katane/Catina,NULL,NULL,https://wikidata.org/wiki/Q134036733,NULL,NULL,NULL,NULL
22.42935,37.46417,"Theater of Tegea not far from agora","Arcadia Bk8","Tegea (Arkadia)",['theatron'],['8.49.1'],NULL,NULL,NULL,https://wikidata.org/wiki/Q17581805,NULL,NULL,NULL,NULL
21.864,37.532,"Tritonis fountain at Alipheira","Arcadia Bk8",Alipheira,['krene'],['8.26.6'],Alipheira,NULL,NULL,NULL,https://resource.manto.unh.edu/10214404,NULL,NULL,NULL
9.20007744,42.10333162,"Corsica/Kyrnos (island)","Internum Mare","Internum Mare",['nesos'],"['10.17.11','10.17.8']",NULL,https://pleiades.stoa.org/places/472063,NULL,https://wikidata.org/wiki/Q1784775,NULL,NULL,NULL,NULL
22.26501,36.84279,"Athena Sanctuary in acropolis of Leuktra","Lakonia Bk3","Leuktra (Lakonia)",['hieron'],['3.26.5'],"Leuktra (Lakonia)",NULL,NULL,https://wikidata.org/wiki/Q124616486,NULL,NULL,NULL,NULL
21.9334,36.9587,"Port of Korone called of the Achaeans","Messenia Bk4",Korone,['limen'],['4.34.6'],NULL,NULL,NULL,NULL,NULL,"Port of the Achaeans, Korone",NULL,NULL
22.706912,36.992193,"Acropolis of Geronthrai","Lakonia Bk3",Geronthrai,['acropolis'],['3.22.7'],Geronthrai,NULL,NULL,https://wikidata.org/wiki/Q124616547,NULL,NULL,NULL,NULL
34.42442,35.58546,Karpasia,"Cyprus (island)","Cyprus (island)",['settlement'],['1.26.7'],NULL,https://pleiades.stoa.org/places/707526,NULL,https://wikidata.org/wiki/Q1734309,NULL,NULL,NULL,NULL
22.9925,37.8824,"Kenchreai (Korinthia)","Corinthia Bk2","Corinthia Bk2",['limen'],"['2.1.5','2.2.3']",NULL,https://pleiades.stoa.org/places/570347,https://topostext.org/place/379230HKen,https://wikidata.org/wiki/Q111565756,NULL,NULL,NULL,NULL
20.5,39.5,"Epiros region","Hellas (Europe)","Hellas (Europe)",['chora'],"['1.10.2','1.11.1','1.11.2','1.11.3','1.11.4','1.11.6','1.13.1','1.13.7','1.25.6','1.9.7','2.23.6','2.29.4','2.3.9','4.35.3','4.35.5','7.8.5','7.8.6']",NULL,https://pleiades.stoa.org/places/530871,https://topostext.org/place/395205REpe,https://wikidata.org/wiki/Q565751,NULL,Epeirus,NULL,NULL
21.788,37.601,"Sanctuary of Heracles by tomb of Sauros, ruined","Eleia Bk5 Bk6","Ridge of Sauros by the Erymanthos river",['hieron'],['6.21.3'],"Ridge of Sauros by the Erymanthos river",NULL,NULL,https://wikidata.org/wiki/Q107031184,NULL,NULL,NULL,NULL
25.22434,37.41735,"Rheneia Ins.","Aegean Sea (Hellas)","Cyclades region (Aegean)",['nesos'],['4.36.6'],NULL,https://pleiades.stoa.org/places/599919,NULL,https://wikidata.org/wiki/Q1475379,NULL,NULL,https://imperium.ahlfeldt.se/places/41348,NULL
21.374,37.89,"Gymnasium of Elis","Eleia Bk5 Bk6","Elis polis",['gymnasion'],"['5.21.17','6.23.1','6.23.2','6.23.3']","Elis polis",NULL,https://topostext.org/place/379214BElG,https://wikidata.org/wiki/Q107031194,NULL,NULL,NULL,NULL
22.4237,37.0821,"Sanctuary of Hilaeira and Phoibe (Leukippides) in Sparta","Lakonia Bk3",Sparta,['hieron'],['3.16.1'],Sparta,NULL,NULL,https://wikidata.org/wiki/Q124616457,https://resource.manto.unh.edu/10150333,NULL,NULL,NULL
27.069173,38.874665,"grove of Apollo at Gryneon","Asia Minor (Asia)",Gryneion,"['alsos','hemera dendra']",['1.21.7'],Gryneion,NULL,NULL,https://wikidata.org/wiki/Q124644559,NULL,NULL,NULL,NULL
21.62914,37.63705,"Leonidaion (Olympia)","Eleia Bk5 Bk6",Olympia,['oikema'],"['5.15.1','5.15.2','5.15.3','5.15.4','6.17.1']",NULL,NULL,https://topostext.org/place/376216BOLe,https://wikidata.org/wiki/Q3271682,NULL,NULL,NULL,NULL
27.953167,38.277489,"Sanctuary of Persian Artemis in Hypaipa","Asia Minor (Asia)",Hypaipa,['hieron'],"['5.27.5','5.27.6']",Hypaipa,NULL,NULL,https://wikidata.org/wiki/Q134038486,NULL,"Sanctuary of the Persian Lydians in Hypaepa",NULL,NULL
23.601,38.023,"Tomb of Eumolpos on Sacred Way near Eleusis","Attica Bk1","Sacred Way from Athens to Eleusis",['mnema'],['1.38.2'],NULL,NULL,NULL,https://wikidata.org/wiki/Q124644600,https://resource.manto.unh.edu/10185040,NULL,NULL,NULL
21.551425,38.144625,"Sanctuary of Dindymene Mother and Attes at Dyme","Achaia Bk7",Dyme,['hieron'],['7.17.9'],Dyme,NULL,NULL,https://wikidata.org/wiki/Q134036757,NULL,NULL,NULL,NULL
12.5919,38.03528,Eryx,"Sicilia (island)","Sicilia (island)",['chora'],['8.24.6'],NULL,https://pleiades.stoa.org/places/462201,NULL,https://wikidata.org/wiki/Q2275983,NULL,NULL,NULL,NULL
22.42659,37.08188,"Archive of the Bidiaians near agora of Sparta","Lakonia Bk3","Agora of Sparta",['oikema'],['3.12.4'],"Agora of Sparta",NULL,NULL,NULL,NULL,NULL,NULL,NULL
35.52394311,31.57785035,"Mortuum Mare/Asphaltitis L.","Asia (continent)",Palaestina,['limne'],"['5.7.4','5.7.5']",NULL,https://pleiades.stoa.org/places/697709,NULL,https://wikidata.org/wiki/Q23883,NULL,"Dead Sea",NULL,NULL
23.726499999999998,37.9742,"Temple of Eileithyia, Athens","Athenai Bk1","Athenai Bk1",['naos'],['1.18.5'],NULL,NULL,https://topostext.org/binder/JB1247,NULL,NULL,NULL,NULL,NULL
22.7195,37.6316,"Asclepieion of Argos, most prominent","Argolid Bk2","Argos (Argolid)","['Asclepieion','hieron']",['2.23.4'],"Argos (Argolid)",NULL,NULL,https://wikidata.org/wiki/Q134037433,https://resource.manto.unh.edu/10187120,NULL,NULL,NULL
22.2,39.6,"Tomb of Lais in Thessaly","Hellas (Europe)",Thessalia,['mnema'],['2.2.5'],Thessalia,NULL,NULL,NULL,NULL,NULL,NULL,NULL
23.1536,38.5584,"Olmones (Boeotia)","Boiotia Bk9","Boiotia Bk9",['polis'],"['9.24.3','9.34.10']",NULL,https://pleiades.stoa.org/places/540980,https://topostext.org/place/385231UOlm,https://wikidata.org/wiki/Q12872591,NULL,Almones,NULL,NULL
23.3178,38.3191,"House of Cadmus in Thebes","Boiotia Bk9","Thebes (Boeotia)",['oikia'],['9.12.3'],"Thebes (Boeotia)",NULL,NULL,NULL,NULL,NULL,NULL,NULL
22.82514,38.35217,Termessos,"Boiotia Bk9","Helicon mountain",['potamos'],['9.29.5'],"Helicon mountain",NULL,https://topostext.org/place/383231WPer,https://wikidata.org/wiki/Q60791088,NULL,Permessos,NULL,NULL
23.6602,37.937561,"Mounichia Limen","Attica Bk1",Peiraieus/Piraeus,['limen'],['1.1.4'],NULL,https://pleiades.stoa.org/places/580029,NULL,https://wikidata.org/wiki/Q1611219,NULL,"Mounychia harbor",NULL,NULL
8.7362377,39.9673855,"Thyrsos (river)","Internum Mare","Sardinia (island)",['potamos'],['10.17.6'],NULL,https://pleiades.stoa.org/places/472033,NULL,https://wikidata.org/wiki/Q22956226,NULL,NULL,NULL,NULL
22.757,38.385,"Spring four stadia from Stiris, only drinking water","Phokis Bk10","Stiris (Phokis)",['pege'],['10.35.9'],"Stiris (Phokis)",NULL,NULL,NULL,NULL,NULL,NULL,NULL
22.17,37.496,"Krounoi spring above Trikolonoi","Arcadia Bk8","road Tricoloni to Methydrion, 137 stades",['pege'],['8.35.8'],NULL,https://pleiades.stoa.org/places/573313,NULL,NULL,NULL,NULL,NULL,NULL
27.1383,38.41905,"Smyrna (Ionia)","Asia Minor (Asia)","Ionia (region)",['polis'],"['4.30.6','5.8.7','7.5.1','7.5.2','9.11.7']",NULL,https://pleiades.stoa.org/places/550893,NULL,https://wikidata.org/wiki/Q1379299,NULL,NULL,NULL,NULL
22.08013,37.5684,"Hypsous Mountain","Arcadia Bk8","Arcadia Bk8",['oros'],['8.35.7'],NULL,https://pleiades.stoa.org/places/570304,NULL,NULL,NULL,NULL,NULL,NULL
22.142494,36.964322,"Asclepieion in Abia","Messenia Bk4",Abia,['hieron'],['4.30.1'],Abia,NULL,NULL,https://wikidata.org/wiki/Q134037057,NULL,NULL,NULL,NULL
22.79418,38.49551,"Ravine of Panopeos","Phokis Bk10",Panopeos/Phanotis,['charadra'],['10.4.1'],Panopeos/Phanotis,NULL,NULL,NULL,NULL,NULL,NULL,NULL
23.722503999999997,37.976359,"Aphrodite Ourania sanctuary near Athenian agora","Athenai Bk1","Agora of Athens","['bomos','hieron']",['1.14.7'],NULL,NULL,https://topostext.org/place/380237SApO,https://wikidata.org/wiki/Q2118071,https://resource.manto.unh.edu/11009666,NULL,NULL,NULL
22.811,38.658,"Sanctuary of Athena Kranaia above Elateia","Phokis Bk10","Phokis Bk10",['hieron'],['10.34.7'],NULL,https://pleiades.stoa.org/places/540679,https://topostext.org/place/387228SAth,https://wikidata.org/wiki/Q38280358,NULL,"Athena Cranaea sanctuary",NULL,NULL
37.867771,37.056925,"Euphrates bridge at Zeugma","Asia (continent)","Euphrates (river)",['gephyra'],['10.29.4'],Zeugma,NULL,NULL,NULL,NULL,NULL,NULL,NULL
23.706200000000003,37.9373,"sanctuary of Demeter in Phaleron","Attica Bk1",Phaleron,['hieron'],['1.1.4'],Phaleron,NULL,NULL,https://wikidata.org/wiki/Q124644550,NULL,NULL,NULL,NULL
22.323,37.932,"Temple of Apollo Pythios on Pheneos-Pellênê road","Arcadia Bk8","Sanctuary of Apollo Pythios near Pheneus",['naos'],['8.15.5'],"Sanctuary of Apollo Pythios near Pheneus",NULL,NULL,NULL,NULL,NULL,NULL,NULL
27.363816,37.9498235,"building with paintings at hieron of Ephesian Artemis, Ephesos","Asia Minor (Asia)","Sanctuary of Ephesian Artemis at Ephesus",['oikema'],['10.38.6'],"Sanctuary of Ephesian Artemis at Ephesus",NULL,NULL,NULL,NULL,NULL,NULL,NULL
35.01,13.01,"Table of the Sun, mythical Ethiopian place/ritual","Libya (Africa)","Aethiopia (Africa)","['mythical place']",['6.26.2'],"Aethiopia (Africa)",NULL,NULL,NULL,NULL,NULL,NULL,NULL
14.058,40.848,"Cumae/Kyme (Campanian)","Italia (Europe)",Campania,['settlement'],"['10.12.8','7.22.8']",NULL,https://pleiades.stoa.org/places/432808,NULL,https://wikidata.org/wiki/Q243456,NULL,NULL,NULL,NULL
21.630126,37.637849,"Altar of Themis on Stomion at Olympia","Eleia Bk5 Bk6","Stomion of Olympia, site of Themis altar",['bomos'],['5.14.10'],"Stomion of Olympia, site of Themis altar",NULL,NULL,NULL,NULL,NULL,NULL,NULL
22.715,37.638,"Grave [only heads) of the sons  of Aegyptus, in Argos","Argolid Bk2","Larisa Citadel above Argos",['mnema'],['2.24.2'],"Larisa Citadel above Argos",NULL,NULL,NULL,https://resource.manto.unh.edu/10188422,NULL,NULL,NULL
23.7168,37.9816,"Demosion Sema, Drabeskos, Athens","Athenai Bk1","Demosion Sema war graves, Athens",['taphos'],"['1.29.4','1.29.6']",NULL,NULL,https://topostext.org/binder/JB1053,NULL,NULL,NULL,NULL,NULL
22.31275269,37.25289778,Peloponnesos,"Hellas (Europe)","Hellas (Europe)","['major region']","['1.13.4','1.13.7','1.25.4','1.27.10','1.27.5','1.3.4','1.41.2','10.1.2','10.18.2','10.38.10','2.1.1','2.1.2','2.1.5','2.12.3','2.13.1','2.13.7','2.18.7','2.20.1','2.21.5','2.24.5','2.26.1','2.26.3','2.26.4','2.34.4','2.34.8','2.37.3','2.5.3','2.5.6','2.5.7','2.7.6','2.8.6','2.9.2','3.1.6','3.13.2','3.2.6','3.21.6','3.22.6','3.3.4','3.7.6','3.9.1','4.14.6','4.15.6','4.24.7','4.26.1','4.26.3','4.26.5','4.27.11','4.27.8','4.27.9','4.28.1','4.29.13','4.29.2','4.29.4','4.31.11','4.34.10','4.34.5','4.34.9','4.35.1','5.1.1','5.1.2','5.1.7','5.1.8','5.3.5','5.3.6','5.6.3','5.8.2','6.2.10','6.2.11','6.7.6','7.13.5','7.15.6','7.3.9','7.7.6','8.1.1','8.1.2','8.27.5','8.30.5','8.38.7','8.45.3','8.5.1','8.5.6','8.51.3','8.54.7','9.14.4','9.15.4','9.32.1','9.9.2']",NULL,https://pleiades.stoa.org/places/570577,NULL,https://wikidata.org/wiki/Q78967,NULL,Peloponnese,NULL,NULL
23.848889,40.785833,"Strymon (river)","Thrace (Europe)","Thrace (Europe)",['potamos'],['8.8.9'],NULL,https://pleiades.stoa.org/places/501629,NULL,https://wikidata.org/wiki/Q204127,NULL,NULL,NULL,NULL
34.89592,36.91242,"Tarsus/Antiochia ad Cydnum","Asia Minor (Asia)",Cilicia,['polis'],['8.28.3'],NULL,https://pleiades.stoa.org/places/648789,NULL,https://wikidata.org/wiki/Q134287,NULL,NULL,NULL,NULL
22.1273,37.4124,"Spring on Skoleitas hill flowing to Helisson river","Arcadia Bk8","Megalopolis (Arkadia)",['pege'],['8.30.7'],"Megalopolis (Arkadia)",NULL,NULL,NULL,NULL,NULL,NULL,NULL
22.4237,37.0821,"Tomb of Pausanias opposite theater of Sparta","Lakonia Bk3",Sparta,['mnema'],['3.14.1'],Sparta,NULL,NULL,https://wikidata.org/wiki/Q124616271,NULL,NULL,NULL,NULL
22.5047,36.7279,"Asia mountain above Las","Lakonia Bk3","Las polis",['oros'],['3.24.6'],"Las polis",https://pleiades.stoa.org/places/573123,NULL,NULL,NULL,NULL,NULL,NULL
25.190929999999998,37.03613,"Paros (island)","Aegean Sea (Hellas)","Cyclades region (Aegean)",['nesos'],"['1.32.4','10.28.3','5.20.2','9.20.4','9.22.6']",NULL,https://pleiades.stoa.org/places/599868,NULL,NULL,NULL,NULL,https://imperium.ahlfeldt.se/places/41422,NULL
23.34285,37.997,"bouleuterion of Megara","Megarid Bk1","Megara (Megarid)",['bouleuterion'],"['1.42.3','1.42.4']","Megara (Megarid)",NULL,NULL,https://wikidata.org/wiki/Q124644633,NULL,NULL,NULL,NULL
22.5059,38.4815,"Open-air space of gymnasium at Delphi, once site of wood with boar","Phokis Bk10","Gymnasium (Delphi)",['hypaithros'],['10.8.8'],"Gymnasium (Delphi)",NULL,NULL,NULL,NULL,NULL,NULL,NULL
23.970146000000003,38.1465515,"Persian tomb, Marathon: neither chōma nor sēmeion","Attica Bk1","Marathon deme",['mnema'],['1.32.5'],"Marathon deme",NULL,NULL,NULL,NULL,NULL,NULL,NULL
23.72609,37.97083,"Tomb of Hippolytus on south slope of Acropolis of Athens","Athenai Bk1","Themis Temple, Athens Acropolis south slope","['choma ges','mnema']",['1.22.1'],"Themis Temple, Athens Acropolis south slope",NULL,NULL,NULL,https://resource.manto.unh.edu/10152081,NULL,NULL,NULL
26.964722,38.077883,"baths in Lebedus","Asia Minor (Asia)",Lebedos,['loutron'],['7.5.11'],Lebedos,NULL,NULL,NULL,NULL,NULL,NULL,NULL
21.630126,37.637849,"Altar of Artemis Agoraia at Olympia outside the Altis","Eleia Bk5 Bk6",Olympia,['bomos'],['5.15.4'],Olympia,NULL,NULL,NULL,NULL,NULL,NULL,NULL
23.7329,37.9686,"Ge Olympia cleft, Athens","Athenai Bk1","Ge Olympia, sanctuary, Athens",['barathron'],['1.18.7'],NULL,NULL,https://topostext.org/binder/JB1408,NULL,NULL,NULL,NULL,NULL
22.03143,37.38957,"Temple of Artemis Hegemone at Lykosoura","Arcadia Bk8","Sanctuary of Despoina at Lykosoura",['naos'],['8.37.1'],"Sanctuary of Despoina at Lykosoura",NULL,NULL,NULL,NULL,NULL,NULL,NULL
21.551425,38.144625,"Tomb of Sostratos near Dyme, on right of road","Achaia Bk7","Dymaean chora",['mnema'],['7.17.8'],Dyme,NULL,NULL,NULL,https://resource.manto.unh.edu/10272581,NULL,NULL,NULL
23.3484,37.5033,"Temple of Aphrodite Akraia at Troizen, over the temple of Isis","Troizenia Bk2","Troizen (Troizenia)",['naos'],['2.32.6'],"Troizen (Troizenia)",NULL,NULL,NULL,NULL,NULL,NULL,NULL
23.5841,38.3074,"Tanagra (Boeotia)","Boiotia Bk9",Tanagraia,['polis'],"['1.29.6','1.29.9','1.34.1','3.11.8','5.10.4','9.20.1','9.20.3','9.22.1','9.22.2','9.22.3','9.22.4']",NULL,https://pleiades.stoa.org/places/580114,https://topostext.org/place/383236PTan,https://wikidata.org/wiki/Q56259452,NULL,NULL,NULL,NULL
22.4,38.75,"Trachinia region","Hellas (Europe)",Phthiotis,['chora'],"['10.22.1','10.22.8']",NULL,NULL,https://topostext.org/place/388224RTra,https://wikidata.org/wiki/Q1057414,NULL,NULL,NULL,NULL
22.4237,37.0821,"Sanctuary of Athena Axiopoinos at Sparta","Lakonia Bk3",Sparta,['hieron'],['3.15.6'],Sparta,NULL,NULL,https://wikidata.org/wiki/Q124616454,https://resource.manto.unh.edu/10150590,NULL,NULL,NULL
21.8,37.2,Derai,"Messenia Bk4","Messenia Bk4",['battlefield'],"['4.15.4','4.15.7']","Messenia Bk4",https://pleiades.stoa.org/places/573180,NULL,https://wikidata.org/wiki/Q131835995,NULL,"Derae, Dera",NULL,NULL
21.630126,37.637849,"Tomb of Oinomaos across the Kladeus at Olympia","Eleia Bk5 Bk6",Olympia,['mnema'],['6.21.3'],Olympia,NULL,NULL,https://wikidata.org/wiki/Q107031179,https://resource.manto.unh.edu/10268833,NULL,NULL,NULL
21.6308,37.6422,"Sanctuary of Aphrodite Ourania at Olympia","Eleia Bk5 Bk6",Olympia,['hieron'],['6.20.6'],NULL,NULL,https://topostext.org/place/376216SApO,https://wikidata.org/wiki/Q107031180,NULL,NULL,NULL,NULL
29.4055,37.5068,Themisonion,"Asia Minor (Asia)",Phrygia,['settlement'],['10.32.4'],NULL,https://pleiades.stoa.org/places/642565,NULL,https://wikidata.org/wiki/Q16327515,NULL,NULL,NULL,NULL
21.4313,37.6729,"Letrinoi (Eleia)","Eleia Bk5 Bk6","Eleia Bk5 Bk6",['settlement'],"['5.14.6','6.22.10','6.22.11','6.22.8','6.22.9']",NULL,https://pleiades.stoa.org/places/570427,https://topostext.org/place/377214PLet,https://wikidata.org/wiki/Q12880141,NULL,NULL,NULL,NULL
23.34285,37.997,"hero shrine of Alkathoos","Megarid Bk1","Megara (Megarid)",['heroon'],['1.43.4'],"Megara (Megarid)",NULL,NULL,https://wikidata.org/wiki/Q124644650,NULL,NULL,NULL,NULL
22.466185,36.559084,"Sanctuary of Demeter at Aigila","Messenia Bk4",Aigila,['hieron'],['4.17.1'],Aigila,NULL,NULL,https://wikidata.org/wiki/Q134037259,NULL,NULL,NULL,NULL
23.2848,37.9844,"Zeus Aphesios sanctuary near Scironian Rocks","Megarid Bk1","Megarid Bk1",['naos'],['1.44.9'],NULL,NULL,https://topostext.org/place/380233SZAp,NULL,NULL,NULL,NULL,NULL
22.7214,37.6305,"Sanctuary of Apollo Lykios in Argos","Argolid Bk2","Argos (Argolid)",['hieron'],"['2.19.3','2.19.4','2.19.5','2.19.6','2.19.7','2.19.8','2.20.1','8.46.3']","Agora of Argos",NULL,NULL,https://wikidata.org/wiki/Q122194186,https://resource.manto.unh.edu/10185200,"Apollo Lykeios Lycius",NULL,NULL
22.3503405,36.9528148,"Springs of the river Smenos on Taygetos","Lakonia Bk3","Taygetos (mountain)",['pege'],['3.24.9'],"Taygetos (mountain)",NULL,NULL,NULL,NULL,NULL,NULL,NULL
22.5384,38.0446,Pellene,"Achaia Bk7","Achaia Bk7",['settlement'],"['1.25.2','10.9.10','2.7.4','2.8.5','3.1.4','3.26.2','7.17.14','7.26.12','7.26.13','7.26.14','7.27.1','7.27.11','7.27.12','7.27.4','7.27.5','7.27.6','7.27.7','7.27.8','7.27.9','7.6.1','7.7.1','7.7.3','8.15.5','8.15.8','8.27.14']",NULL,https://pleiades.stoa.org/places/570576,NULL,https://wikidata.org/wiki/Q2068130,NULL,NULL,NULL,NULL
22.782061,38.645635,"Theater of Elateia on right margin of city","Phokis Bk10",Elateia,['theatron'],['10.34.6'],Elateia,NULL,NULL,NULL,NULL,NULL,NULL,NULL
23.1,37.6,"Hyrnethion (Epidauria)","Epidauria Bk2","Epidauria Bk2",['chorion'],"['2.28.3','2.28.6']",NULL,NULL,https://topostext.org/place/376231UHyr,https://wikidata.org/wiki/Q1641569,NULL,NULL,NULL,NULL
23.243591,37.385218,"Former city of Hermione, on promontory","Hermionis Bk2","Promontory of Hermione",['polis'],['2.34.10'],"Promontory of Hermione",NULL,NULL,NULL,NULL,NULL,NULL,NULL
22.959486,38.495082,"Temple of Herakles 7 stades from Orchomenos","Boiotia Bk9","Orchomenos (Boeotia)",['naos'],['9.38.6'],"Orchomenos (Boeotia)",NULL,NULL,NULL,NULL,NULL,NULL,NULL
23.062,36.517,"Agora of Boiai","Lakonia Bk3","Boiai (Lakonia)",['agora'],['3.22.13'],"Boiai (Lakonia)",NULL,NULL,https://wikidata.org/wiki/Q124606122,NULL,NULL,NULL,NULL
22.5047,36.7279,"Temple of Athena Asia  on Asia Mt. above Las","Lakonia Bk3","Las polis",['naos'],['3.24.7'],"Las polis",NULL,NULL,https://wikidata.org/wiki/Q124616400,NULL,NULL,NULL,NULL
12.486,41.891,"Canal of Orontes river dug by Roman emperor","Asia (continent)","Syria (Asia)",['barathron'],['8.29.3'],NULL,NULL,NULL,NULL,NULL,NULL,NULL,NULL
22.756111,37.730833,"Tomb of Cassandra at Mycenae, contested by Amyclaeans","Argolid Bk2",Mycenae,['mnema'],['2.16.6'],Mycenae,NULL,NULL,NULL,https://resource.manto.unh.edu/10159516,NULL,NULL,NULL
23.725000000000005,37.975,"Diktys and Klymene altar, Athens","Athenai Bk1","Athenai Bk1",['bomos'],['2.18.1'],NULL,NULL,https://topostext.org/binder/JB1114,NULL,NULL,NULL,NULL,NULL
22.9925,36.9683,"Kyphanta (Lakonia)","Lakonia Bk3","Lakonia Bk3",['settlement'],"['3.24.2','3.24.3']",NULL,https://pleiades.stoa.org/places/570398,https://topostext.org/place/370230PKyp,https://wikidata.org/wiki/Q16549019,NULL,NULL,NULL,NULL
23.332,38.119,"Tomb of Autonoe, Ereneia","Megarid Bk1",Ereneia,['mnema'],['1.44.5'],NULL,NULL,NULL,https://wikidata.org/wiki/Q124646268,https://resource.manto.unh.edu/10214551,NULL,NULL,NULL
21.408,38.413,"Pleuron (Aitolia)","Aitolia region","Aitolia region",['polis'],['2.22.7'],NULL,NULL,https://topostext.org/place/384214PNPl,https://wikidata.org/wiki/Q1317636,NULL,NULL,NULL,NULL
22.1273,37.4124,"Peribolos of Great Goddesses Demeter and Korê at Megalopolis","Arcadia Bk8","Megalopolis (Arkadia)","['hieron','peribolos']",['8.31.1'],"Megalopolis (Arkadia)",NULL,NULL,https://wikidata.org/wiki/Q134309142,https://resource.manto.unh.edu/10769645,"Megalai Theai precinct at Megale Polis",NULL,NULL
23.2733,38.2213,"Plataea (Boeotia)","Boiotia Bk9",Plataiis,"['battlefield','polis']","['1.13.4','1.27.1','1.38.8','10.13.9','10.2.1','10.5.3','10.5.4','2.6.1','3.11.7','3.14.1','3.17.7','3.4.10','3.4.9','3.5.1','3.7.10','6.10.6','6.3.8','7.27.2','7.6.4','8.52.2','8.6.1','9.1.2','9.1.4','9.1.5','9.1.8','9.2.1','9.2.3','9.2.5','9.2.6','9.2.7','9.3.1','9.4.2','9.4.3','9.4.4','9.5.11','9.6.1','9.8.7']",NULL,https://pleiades.stoa.org/places/541063,https://topostext.org/place/382233PPla,https://wikidata.org/wiki/Q742538,NULL,Plataia,NULL,NULL
23.725421,37.971584,Brauroneion,"Athenai Bk1","Athenian Acropolis (Athens)",['hieron'],['1.23.7'],NULL,https://pleiades.stoa.org/places/573299847,https://topostext.org/place/380237SABr,https://wikidata.org/wiki/Q902329,https://resource.manto.unh.edu/10150355,"Artemis Brauronia sanctuary on Athens Acropolis",NULL,NULL
23.831887,37.848698,Lamptrai,"Attica Bk1","Attica Bk1",['demos'],['1.31.3'],NULL,https://pleiades.stoa.org/places/580009,NULL,https://wikidata.org/wiki/Q13422779,NULL,NULL,NULL,NULL
22.549,37.489,"Temenos of Telephos on Mt. Parthenion, on Tegea-Argos highway","Arcadia Bk8","Parthenion (mountain)",['temenos'],['8.54.6'],"Parthenion (mountain)",NULL,NULL,NULL,NULL,NULL,NULL,NULL
22.231166,38.142006,"Temple of Aphrodite and Dionysos at Boura","Achaia Bk7",Boura,['naos'],['7.25.9'],Boura,NULL,NULL,NULL,NULL,NULL,NULL,NULL
23.243591,37.385218,"Temple of Aphrodite in Hermione","Hermionis Bk2",Hermione,['naos'],['2.34.12'],Hermione,NULL,NULL,NULL,NULL,NULL,NULL,NULL
23.5848,38.30671,"Theater in Tanagra","Boiotia Bk9","sacred district of Tanagra",['theatron'],['9.22.2'],NULL,NULL,NULL,NULL,NULL,NULL,NULL,NULL
22.138,37.432,"Sanctuary of Artemis Skiatis in Skias, ruined","Arcadia Bk8",Skiadis,['hieron'],['8.35.5'],Skiadis,NULL,NULL,https://wikidata.org/wiki/Q134037043,NULL,NULL,NULL,NULL
21.374,37.89,"City walls of Elis","Eleia Bk5 Bk6","Elis polis",['teichos'],['6.23.8'],"Elis polis",NULL,NULL,NULL,NULL,NULL,NULL,NULL
22.649131,37.846299,"Sanctuary of Dionysus at Phlius, near the Omphalos","Phlious Bk2","Phlious Bk2",['hieron'],['2.13.7'],"Phlious Bk2",NULL,NULL,https://wikidata.org/wiki/Q134037329,NULL,NULL,NULL,NULL
-2.422,53.826,"Genunia part of Brittania",Europe,"Britannia/Albion (island)",['chora'],['8.43.4'],"Britannia/Albion (island)",NULL,NULL,https://wikidata.org/wiki/Q20108167,NULL,NULL,NULL,NULL
21.630126,37.637849,"Altar of Pan at Olympia in building in front of Theocoleon","Eleia Bk5 Bk6",Olympia,['bomos'],['5.15.8'],Olympia,NULL,NULL,NULL,NULL,NULL,NULL,NULL
22.782061,38.645635,Elateia,"Phokis Bk10","Phokis Bk10",['settlement'],"['1.20.6','1.26.3','10.1.2','10.18.7','10.3.2','10.34.1','10.34.2','10.34.3','10.34.5','10.34.7','10.35.1','7.15.5','8.4.4']",NULL,https://pleiades.stoa.org/places/540755,NULL,https://wikidata.org/wiki/Q1235347,NULL,NULL,NULL,NULL
34.75409,32.05543,"Spring near Joppa in the land of the Hebrews","Asia (continent)",Ioppe,['pege'],['4.35.9'],NULL,NULL,NULL,NULL,https://resource.manto.unh.edu/10152301,NULL,NULL,NULL
12.84525191,37.92541241,Elymi,"Sicilia (island)","Sicilia (island)",['chora'],['10.11.3'],NULL,https://pleiades.stoa.org/places/462193,NULL,https://wikidata.org/wiki/Q931423,NULL,Elymians,NULL,NULL
22.1273,37.4124,"Temple of Aphrodite in Peribolos of Great Goddesses at Megalopolis","Arcadia Bk8","Sanctuary of Aphrodite at Megalopolis, in peribolos of Great Goddesses",['naos'],['8.31.5'],"Sanctuary of Aphrodite at Megalopolis, in peribolos of Great Goddesses",NULL,NULL,NULL,NULL,NULL,NULL,NULL
25.2666,37.4004,"Sanctuary of Delian Apollo on Delos","Aegean Sea (Hellas)","Delos island",['hieron'],"['1.18.5','1.29.1','10.12.5','3.23.3','3.23.5','8.33.2','8.48.3','9.12.6','9.34.6']",NULL,https://pleiades.stoa.org/places/599506,NULL,https://wikidata.org/wiki/Q106802906,NULL,NULL,NULL,NULL
23.7168,37.9816,"Demosion Sema, Cyprus, Athens","Athenai Bk1","Demosion Sema war graves, Athens",['taphos'],['1.29.13'],NULL,NULL,https://topostext.org/binder/JB1049,NULL,NULL,NULL,NULL,NULL
22.17928,36.92565,"Kalathion (mountain)","Lakonia Bk3","Gerenia (Messenia)",['oros'],['3.26.11'],NULL,https://pleiades.stoa.org/places/570324,NULL,https://wikidata.org/wiki/Q25053388,NULL,NULL,NULL,NULL
22.878721,37.906045,"Precinct of Isis Aegyptia on Acrocorinth ascent","Corinthia Bk2",Acrocorinth,['temenos'],['2.4.6'],Acrocorinth,NULL,NULL,NULL,NULL,NULL,NULL,NULL
23.34285,37.997,"temple of Zeus Konios in Megara","Megarid Bk1","Megara (Megarid)",['naos'],['1.40.6'],"Megara (Megarid)",NULL,NULL,https://wikidata.org/wiki/Q124644618,NULL,NULL,NULL,NULL
21.72,37.647,"Leukyanias river (Eleia)","Eleia Bk5 Bk6","Eleia Bk5 Bk6",['potamos'],['6.21.5'],NULL,NULL,https://topostext.org/place/378218WLeu,https://wikidata.org/wiki/Q15148039,NULL,NULL,NULL,NULL
22.7145,37.9834,"Sanctuary of Artemis and Apollo at Sicyon, made by Epopeus","Sikyonia Bk2","Sicyon (Sikyonia)",['hieron'],['2.11.1'],"Sicyon (Sikyonia)",NULL,NULL,https://wikidata.org/wiki/Q134037412,https://resource.manto.unh.edu/10159226,NULL,NULL,NULL
33.27533716,35.04088353,"Cyprus (island)","Internum Mare","Internum Mare",['nesos'],"['1.29.13','1.6.6','1.6.8','1.9.1','1.9.2','10.24.3','3.11.5','8.15.7','8.5.2','8.5.3','9.19.1','9.41.2']",NULL,https://pleiades.stoa.org/places/707498,NULL,https://wikidata.org/wiki/Q644636,NULL,NULL,NULL,NULL
22.489574,38.640939,"Charadros river below Charadra, Phokis","Phokis Bk10",Charadra,['potamos'],['10.33.6'],Charadra,NULL,NULL,NULL,NULL,NULL,NULL,NULL
22.1305,37.4123,"Helisson (river)","Arcadia Bk8","Arcadia Bk8",['potamos'],"['5.7.1','8.29.5','8.3.3','8.30.1','8.30.2','8.31.9','8.32.1','8.32.5','8.35.9']",NULL,https://pleiades.stoa.org/places/570284,NULL,https://wikidata.org/wiki/Q15137556,NULL,NULL,NULL,NULL
22.05617,39.361587,Arne,"Hellas (Europe)",Thessalia,['polis'],['9.40.5'],NULL,https://pleiades.stoa.org/places/540663,NULL,https://wikidata.org/wiki/Q56290700,NULL,NULL,NULL,NULL
23.5415,38.0441,"Kallichoron well at Eleusis","Attica Bk1","Eleusis (Attica)",['phrear'],['1.38.6'],"Eleusis (Attica)",NULL,NULL,https://wikidata.org/wiki/Q572441,NULL,NULL,NULL,NULL
22.73333,37.63333,"Cave of Dionysos in Euboea, near Kaphereus cape","Euboea (island)","Euboea (island)",['spelaion'],['2.23.1'],NULL,NULL,NULL,NULL,NULL,NULL,NULL,NULL
22.4237,37.0821,"Temple of Zeus Kosmetas on acropolis of Sparta","Lakonia Bk3","South Stoa on Sparta acropolis",['naos'],['3.17.4'],"South Stoa on Sparta acropolis",NULL,NULL,https://wikidata.org/wiki/Q124616506,NULL,NULL,NULL,NULL
21.936,37.274,"Andania (Messenia)","Messenia Bk4","Messenia Bk4",['polis'],"['4.1.2','4.1.8','4.1.9','4.14.7','4.16.6','4.17.10','4.2.6','4.26.6','4.26.8','4.27.1','4.27.3','4.3.10','4.3.7','4.33.6']",NULL,https://pleiades.stoa.org/places/570079,https://topostext.org/place/373219UAnd,https://wikidata.org/wiki/Q2537068,NULL,NULL,NULL,NULL
20.5321,39.2409,Kichyra,"Hellas (Europe)",Thesprotia,['settlement'],"['1.17.4','1.17.5']",NULL,https://pleiades.stoa.org/places/530870,https://topostext.org/place/392205UEph,https://wikidata.org/wiki/Q1346887,NULL,"Ephyra, Cichyrus",NULL,NULL
21.630126,37.637849,"Ceremonial entrance to the Altis","Eleia Bk5 Bk6",Olympia,['esodos'],['5.15.2'],Olympia,NULL,NULL,NULL,NULL,NULL,NULL,NULL
22.756111,37.730833,"Persea fountain in the ruins of Mycenae","Argolid Bk2",Mycenae,['pege'],['2.16.6'],Mycenae,NULL,NULL,NULL,https://resource.manto.unh.edu/10159488,NULL,NULL,NULL
27.9212,36.3362,"Kamiros (Rhodes)","Aegean Sea (Hellas)","Rhodes island",['polis'],['2.37.4'],NULL,NULL,https://topostext.org/place/363279PKam,https://wikidata.org/wiki/Q1231539,NULL,NULL,NULL,NULL
22.7214,37.6305,"Temple of Athena Salpinx at Argos","Argolid Bk2","Sanctuary of Athena Salpinx, Argos",['naos'],['2.21.3'],"Sanctuary of Athena Salpinx, Argos",NULL,NULL,NULL,NULL,NULL,NULL,NULL
15.005324750000002,40.42064875,Oenotri,"Italia (Europe)","Italia (Europe)",['chora'],['8.3.5'],NULL,https://pleiades.stoa.org/places/452395,NULL,https://wikidata.org/wiki/Q922562,NULL,NULL,NULL,NULL
21.630126,37.637849,"Theatron at Olympia, where crowd stood in honor of Themistocles","Eleia Bk5 Bk6",Olympia,['theatron'],['8.50.3'],Olympia,NULL,NULL,NULL,NULL,NULL,NULL,NULL
27.535590000000003,37.83698,"Cave sacred to Apollo at Aulai, near Lethaios river","Asia Minor (Asia)","Aulai locality with cave near Lethaios river",['spelaion'],['10.32.6'],"Aulai locality with cave near Lethaios river",NULL,NULL,NULL,NULL,NULL,NULL,NULL
22.3503405,36.9528148,Euoras,"Lakonia Bk3","Taygetos (mountain)",['chorion'],"['3.20.4','3.20.5']","Taygetos (mountain)",https://pleiades.stoa.org/places/573222,NULL,NULL,NULL,NULL,NULL,NULL
22.87352,38.431063,"sacred site, the Hunt of Kore, above Lebadeia","Boiotia Bk9",Lebadeia,"['mythic site']",['9.39.4'],Lebadeia,NULL,NULL,NULL,NULL,NULL,NULL,NULL
22.466185,36.559084,Aigila,"Lakonia Bk3","Lakonia Bk3",['settlement'],['4.17.1'],NULL,https://pleiades.stoa.org/places/570045,NULL,https://wikidata.org/wiki/Q60790908,NULL,NULL,NULL,NULL
22.973,37.928,"Tomb of Neleus at the Isthmus, nonexistent","Corinthia Bk2","Isthmus of Corinth",['mnema'],['2.2.2'],"Isthmus of Corinth",NULL,NULL,NULL,NULL,NULL,NULL,NULL
23.34285,37.997,"Agora of Megara","Megarid Bk1","Megara (Megarid)",['agora'],['1.43.8'],"Megara (Megarid)",NULL,NULL,https://wikidata.org/wiki/Q124644662,NULL,NULL,NULL,NULL
22.449,37.064,"Tiasa river (Lakonia)","Lakonia Bk3","Lakonia Bk3",['potamos'],['3.18.6'],NULL,https://pleiades.stoa.org/places/570738,https://topostext.org/place/373223WTia,https://wikidata.org/wiki/Q124615228,NULL,NULL,NULL,NULL
23.101469,38.272393,"Spring of Narkissos in Donakôn of Thespiai","Boiotia Bk9",Donakon,['pege'],['9.31.7'],Donakon,NULL,NULL,NULL,https://resource.manto.unh.edu/10785221,NULL,NULL,NULL
23.38206,38.17653,"Temple of Dionysos Eleutherios at Eleutherai","Attica Bk1",Eleutherai,['naos'],['1.38.8'],NULL,NULL,https://topostext.org/place/382234SDiE,NULL,NULL,NULL,NULL,NULL
26.4022,38.3199,"sea baths on promontory of Chalkis/Chalkitis near Erythrae","Asia Minor (Asia)","Chalkitis (of Erythrae)",['loutron'],['7.5.12'],"Chalkitis (of Erythrae)",NULL,NULL,NULL,NULL,NULL,NULL,NULL
27.249999999999996,37.75,"Kenchrios (river)","Asia Minor (Asia)",Ephesos,"['potamos','tourist attraction']",['7.5.10'],NULL,https://pleiades.stoa.org/places/599703,NULL,NULL,NULL,NULL,NULL,NULL
22.706912,36.992193,Geronthrai,"Lakonia Bk3","Lakonia Bk3",['polis'],"['3.2.6','3.21.7','3.22.6','3.22.8']",NULL,https://pleiades.stoa.org/places/570263,NULL,https://wikidata.org/wiki/Q15890352,NULL,NULL,NULL,NULL
23.419,39.964,"Sipte, fortress city in Thrace","Thrace (Europe)","Thrace (Europe)",['polis'],['5.27.12'],Mende,NULL,NULL,NULL,NULL,NULL,NULL,NULL
22.50151,38.48254,"Mythical chasm at Delphi into which 3rd temple fell.","Phokis Bk10","Sanctuary of Pythian Apollo at Delphi",['barathron'],['10.5.12'],"Sanctuary of Pythian Apollo at Delphi",NULL,NULL,NULL,NULL,NULL,NULL,NULL
22.7145,37.9834,"Acropolis of Sicyon","Sikyonia Bk2","Sicyon (Sikyonia)",['acropolis'],"['2.5.6','2.7.8']","Sicyon (Sikyonia)",NULL,NULL,https://wikidata.org/wiki/Q133963419,NULL,NULL,NULL,NULL
22.7182,37.5511,"Alkyonia lake, bottomless","Argolid Bk2","Lerna (Argolid)",['limne'],"['2.37.5','2.37.6']","Lerna (Argolid)",https://pleiades.stoa.org/places/573074,NULL,https://wikidata.org/wiki/Q115769195,NULL,NULL,NULL,NULL
22.7195,37.6316,"Temenos and temple of Dionysus Cresius in Argos","Argolid Bk2","Argos (Argolid)","['naos','temenos']",['2.23.7'],"Argos (Argolid)",NULL,NULL,NULL,NULL,NULL,NULL,NULL
27.5,47.50000000000001,"Scythia (Europe)","Asia (continent)","Asia (continent)","['major region']","['1.43.1','10.31.8','8.43.3']",NULL,https://pleiades.stoa.org/places/1273,NULL,https://wikidata.org/wiki/Q845909,NULL,NULL,NULL,NULL
21.374,37.89,"Altar of Zeus Soter in Elis","Eleia Bk5 Bk6","Elis polis",['bomos'],['5.5.1'],"Elis polis",NULL,NULL,NULL,NULL,NULL,NULL,NULL
22.429,37.464,"Tegea (Arkadia)","Arcadia Bk8",Tegeatis,['polis'],"['2.17.7','2.24.5','2.24.7','2.25.1','3.11.10','3.11.7','3.3.5','3.7.10','5.26.4','5.26.5','7.14.4','8.10.1','8.11.1','8.27.2','8.3.4','8.4.3','8.4.8','8.4.9','8.44.1','8.44.7','8.44.8','8.47.1','8.47.5','8.47.6','8.48.5','8.5.3','8.5.4','8.52.6','8.53.10','8.53.11','8.53.7','8.54.4','8.54.5','8.6.4']",NULL,https://pleiades.stoa.org/places/570707,https://topostext.org/place/375224PTeg,https://wikidata.org/wiki/Q645234,NULL,NULL,NULL,NULL
22.99537,37.914,"marble stadium at Isthmia","Corinthia Bk2","Isthmian Poseidon sanctuary at Isthmia",['stadion'],"['1.44.8','2.1.7']",NULL,NULL,https://topostext.org/place/379230BStI,NULL,NULL,NULL,NULL,NULL
22.1063,37.9698,Lousoi,"Arcadia Bk8","Achaia Bk7",['chorion'],"['8.18.7','8.18.8','8.19.1']",NULL,https://pleiades.stoa.org/places/570438,https://topostext.org/place/380221PLou,https://wikidata.org/wiki/Q1572206,NULL,NULL,NULL,NULL
20.7683,38.9509,Actium,"Hellas (Europe)",Akarnania,['settlement'],"['5.23.3','7.18.8']",NULL,https://pleiades.stoa.org/places/530771,NULL,https://wikidata.org/wiki/Q216551,NULL,NULL,NULL,NULL
22.6222206,38.5348857,"Parnassus (mountain)","Phokis Bk10","Phokis Bk10",['oros'],"['1.4.4','10.14.7','10.23.4','10.23.5','10.24.7','10.29.5','10.32.2','10.32.7','10.33.3','10.33.5','10.36.3','10.4.3','10.5.1','10.5.6','10.6.1','10.6.2','10.6.7','10.8.9','2.29.2','2.29.3','4.33.3','4.34.10','4.34.11','4.34.9','5.1.2','7.3.10','8.4.6']",NULL,https://pleiades.stoa.org/places/541012,NULL,https://wikidata.org/wiki/Q105261,NULL,NULL,NULL,NULL
27.1383,38.41905,"Odeion in Smyrna","Asia Minor (Asia)","Smyrna (Ionia)",['Odeion'],['9.35.6'],"Smyrna (Ionia)",NULL,NULL,NULL,NULL,NULL,NULL,NULL
23.075053,37.599482,"Stoa of Kotys (Epidauros Asklepieion)","Epidauria Bk2","Asklepieion of Epidauros",['stoa'],['2.27.6'],NULL,NULL,https://topostext.org/place/376231BSKo,NULL,NULL,NULL,NULL,NULL
27.1383,38.4191,"Sanctuary of Klêdones (utterances) outside Smyrna","Asia Minor (Asia)","Smyrna (Ionia)",['hieron'],['9.11.7'],NULL,NULL,NULL,https://wikidata.org/wiki/Q134038465,NULL,NULL,NULL,NULL
21.671,37.645,"Tomb of the suitors of Hippodameia","Eleia Bk5 Bk6","Road Erymanthus border to Olympia","['choma ges','mnema']","['6.21.9','6.22.1']",NULL,NULL,NULL,https://wikidata.org/wiki/Q107031252,https://resource.manto.unh.edu/10268907,NULL,NULL,NULL
21.9496,37.2225,Amphitos,"Messenia Bk4","Messenia Bk4",['potamos'],['4.33.3'],NULL,https://pleiades.stoa.org/places/573085,NULL,https://wikidata.org/wiki/Q30025797,NULL,NULL,NULL,NULL
22.5384,38.0446,"reservoir/fountain in agora of Pellene","Achaia Bk7","Agora of Pellene","['elytron','krene']",['7.27.4'],"Agora of Pellene",NULL,NULL,NULL,NULL,NULL,NULL,NULL
12.4843457,41.89262,"circular theater in Rome built by Trajan","Italia (Europe)",Rome,['theatron'],['5.12.6'],Rome,https://pleiades.stoa.org/places/537585744,NULL,https://wikidata.org/wiki/Q475012,NULL,NULL,NULL,NULL
23.075,37.597,"Temple of Egyptian Hygeia, Asklepios, Apollo at Epidauros, Asklepieion","Epidauria Bk2","Asklepieion of Epidauros",['naos'],['2.27.6'],"Asklepieion of Epidauros",NULL,NULL,NULL,NULL,NULL,NULL,NULL
22.42665,37.0815,"Sanctuary of Poseidon Asphalios near agora of Sparta","Lakonia Bk3","Choros (Sparta)",['hieron'],['3.11.9'],"Choros (Sparta)",NULL,NULL,https://wikidata.org/wiki/Q124616428,NULL,NULL,NULL,NULL
23.3178,38.3191,"tomb of Androkleia and Alkis in sanctuary of Artemis Eukleia at Thebes","Boiotia Bk9","Thebes (Boeotia)",['mnema'],['9.17.1'],"Thebes (Boeotia)",NULL,NULL,NULL,NULL,NULL,NULL,NULL
23.5841,38.3074,"Temple of Aphrodite in Tanagra","Boiotia Bk9","sacred district of Tanagra",['naos'],['9.22.1'],"sacred district of Tanagra",NULL,NULL,NULL,NULL,NULL,NULL,NULL
20.6,39.8,"Molossia region (Thesprotia)","Hellas (Europe)",Thesprotia,['chora'],['10.18.4'],NULL,https://pleiades.stoa.org/places/531003,https://topostext.org/place/398206RMol,https://wikidata.org/wiki/Q11937293,NULL,NULL,NULL,NULL
22.7195,37.6316,"Sanctuary of the Horae in Argos","Argolid Bk2","Argos (Argolid)",['hieron'],['2.20.5'],"Argos (Argolid)",NULL,NULL,https://wikidata.org/wiki/Q134037441,NULL,NULL,NULL,NULL
26.31361,38.37715,"Mesate Pr.","Asia Minor (Asia)","Ionia (region)",['akra'],['7.5.6'],NULL,https://pleiades.stoa.org/places/550733,NULL,NULL,NULL,NULL,NULL,NULL
22.09,38.252,"Sanctuary of Kore daughter of Demeter at Aigion","Achaia Bk7","seashore of Aigion",['hieron'],['7.24.2'],"seashore of Aigion",NULL,NULL,https://wikidata.org/wiki/Q134036962,NULL,NULL,NULL,NULL
12.4871093,41.8893064,"Palatinus Mons","Italia (Europe)","Italia (Europe)",['polis'],['8.43.2'],NULL,https://pleiades.stoa.org/places/971691208,NULL,https://wikidata.org/wiki/Q200642,NULL,NULL,NULL,NULL
23.08241,38.59375,"Grove of wild trees below Korseia","Boiotia Bk9",Korseia,"['alsos','prinos']",['9.24.5'],Korseia,NULL,NULL,NULL,NULL,NULL,NULL,NULL
22.62501,37.92049,"Sanctuary of Athena in Titane","Corinthia Bk2","Hill in Titane, where the sanctuary of Athena is located",['hieron'],['2.11.7'],"Hill in Titane, where the sanctuary of Athena is located",NULL,NULL,https://wikidata.org/wiki/Q134037303,https://resource.manto.unh.edu/11288955,NULL,NULL,NULL
27.197,38.6719,Temnos,"Asia Minor (Asia)","Lydia (province)",['polis'],['5.13.7'],NULL,https://pleiades.stoa.org/places/550908,NULL,https://wikidata.org/wiki/Q376084,NULL,NULL,NULL,NULL
22.1273,37.4124,"Temple of the Good God left of Megalopolis-Mainalos road","Arcadia Bk8","Megalopolis (Arkadia)",['naos'],['8.36.5'],"Megalopolis (Arkadia)",NULL,NULL,NULL,NULL,"Agathos Theos temple near Megalopolis",NULL,NULL
22.3933,37.6181,"Sanctuary of the Dioskouroi at Mantineia","Arcadia Bk8","Mantineia (Arkadia)",['hieron'],['8.9.2'],"Mantineia (Arkadia)",NULL,NULL,https://wikidata.org/wiki/Q134037156,NULL,NULL,NULL,NULL
14.300609999999999,37.42658,Herbessos?,"Sicilia (island)","Sicilia (island)",['settlement'],['6.12.4'],NULL,https://pleiades.stoa.org/places/462239,NULL,https://wikidata.org/wiki/Q20108000,NULL,NULL,NULL,NULL
21.630126,37.637849,"Altar of Gê made of ashes on the Gaion in Olympia","Eleia Bk5 Bk6","Gaion / Gaeum in Olympia",['bomos'],['5.14.10'],"Gaion / Gaeum in Olympia",NULL,NULL,NULL,NULL,NULL,NULL,NULL
33.54804,35.073103,Golgoi,"Cyprus (island)","Cyprus (island)",['chorion'],['8.5.2'],NULL,https://pleiades.stoa.org/places/707512,NULL,https://wikidata.org/wiki/Q3561710,NULL,NULL,NULL,NULL
22.7145,37.9834,"Sanctuary of Athena in the acropolis of Aigialea, Sicyon","Sikyonia Bk2","Acropolis of Sicyon",['hieron'],['2.5.6'],"Acropolis of Sicyon",NULL,NULL,https://wikidata.org/wiki/Q134037408,NULL,NULL,NULL,NULL
23.8068,38.0263,"Altar of Zeus Ctesius in temple at Phlya","Attica Bk1","temple of Demeter et al in Phlya, Attica",['bomos'],['1.31.4'],"temple of Demeter et al in Phlya, Attica",NULL,NULL,NULL,NULL,NULL,NULL,NULL
22.4237,37.0821,"Poikile clubhouse (lesche) in Sparta","Lakonia Bk3",Sparta,['lesche'],['3.15.8'],Sparta,NULL,NULL,https://wikidata.org/wiki/Q124616534,NULL,NULL,NULL,NULL
22.7108,37.8085,"Spring Adrasteia in Nemea","Argolid Bk2","Sanctuary of Nemean Zeus, Nemea",['pege'],['2.15.3'],"Sanctuary of Nemean Zeus, Nemea",NULL,NULL,NULL,https://resource.manto.unh.edu/10159402,NULL,NULL,NULL
21.630126,37.637849,"Altar of Athena at Olympia near the Temple of Zeus","Eleia Bk5 Bk6",Olympia,['bomos'],['5.14.5'],Olympia,NULL,NULL,NULL,NULL,NULL,NULL,NULL
24.053633999999995,37.73787,Laureion,"Attica Bk1","Attica Bk1",['demos'],['1.1.1'],NULL,https://pleiades.stoa.org/places/580010,NULL,https://wikidata.org/wiki/Q353184,NULL,NULL,NULL,NULL
22.362287,36.503959,"Sanctuary of Athena Hippolaitis at Hippola","Lakonia Bk3",Hippola,['hieron'],['3.25.9'],Hippola,NULL,NULL,https://wikidata.org/wiki/Q124616481,NULL,NULL,NULL,NULL
22.362287,36.503959,Hippola,"Lakonia Bk3","Lakonia Bk3",['polis'],['3.25.9'],NULL,https://pleiades.stoa.org/places/570294,NULL,https://wikidata.org/wiki/Q60790133,NULL,NULL,NULL,NULL
22.70838,37.59848,"Sanctuary of the Dioskouroi on the road from Argos to Lerna","Argolid Bk2","Argolid Bk2",['hieron'],['2.36.6'],NULL,NULL,NULL,https://wikidata.org/wiki/Q134037353,https://resource.manto.unh.edu/11289350,NULL,NULL,NULL
23.875,37.625,"fort on Patroklos island off Attica","Attica Bk1","Patroklou Charax (island)",['teichos'],['1.1.1'],"Patroklou Charax (island)",NULL,NULL,https://wikidata.org/wiki/Q124644546,NULL,NULL,NULL,NULL
12.484406,41.89244905,"Forum Romanum","Italia (Europe)",Rome,['agora'],['5.12.6'],NULL,https://pleiades.stoa.org/places/502866838,NULL,https://wikidata.org/wiki/Q180212,NULL,NULL,NULL,NULL
22.237649,36.884777,"Apollo Karneios cult at Kardamyle","Lakonia Bk3",Kardamyle,['hieron'],['3.26.7'],Kardamyle,NULL,NULL,https://wikidata.org/wiki/Q124616487,NULL,NULL,NULL,NULL
22.704926,38.554265,"Heroon of Hero Archegetos at Tronis","Phokis Bk10",Tronis,"['heroon','taphos']",['10.4.10'],Tronis,NULL,NULL,NULL,https://resource.manto.unh.edu/10269065,NULL,NULL,NULL
23.185,38.3719,"Mountain of the Sphinx (Phikion?)","Boiotia Bk9","Boiotia Bk9",['oros'],['9.26.2'],NULL,NULL,NULL,https://wikidata.org/wiki/Q106300311,NULL,NULL,NULL,NULL
22.09,38.252,"Tomb of Talthybius at agora of Aigion","Achaia Bk7","Agora of Aigion",['mnema'],"['3.12.7','7.24.1']","Agora of Aigion",NULL,NULL,https://wikidata.org/wiki/Q124616311,https://resource.manto.unh.edu/10150685,NULL,NULL,NULL
23.790499999999998,38.3982,"Skios, region of Eretria in Euboea","Euboea (island)","Eretria (Euboea)",['chora'],['4.2.3'],"Eretria (Euboea)",NULL,NULL,https://wikidata.org/wiki/Q131909477,NULL,NULL,NULL,NULL
22.7656,37.916,"Orneiai/Orneai near Sicyonia","Sikyonia Bk2",Peloponnesos,['settlement'],"['10.18.5','2.12.5']",NULL,https://pleiades.stoa.org/places/573417,https://topostext.org/place/379228XDor,https://wikidata.org/wiki/Q7103538,NULL,NULL,NULL,NULL
23.7,37.8,"Islet of Pelops where rain does not fall, off Methana","Troizenia Bk2","Saronic Gulf",['nesos'],['2.34.3'],"Saronic Gulf",NULL,NULL,https://wikidata.org/wiki/Q115623723,NULL,NULL,NULL,NULL
22.50592,38.62687,"Theater of Lilaia","Phokis Bk10",Lilaia,['theatron'],['10.33.4'],Lilaia,NULL,NULL,NULL,NULL,NULL,NULL,NULL
32.816,25.9966,"Adyton of Isis at Koptos in Egypt","Libya (Africa)",Coptos,['adyton'],['10.32.18'],Coptos,NULL,NULL,NULL,NULL,NULL,NULL,NULL
0.5,41.5,"Erytheia, mythical western island",Europe,"Iberi (Spain)","['mythical place']",['4.36.4'],"Iberi (Spain)",NULL,NULL,https://wikidata.org/wiki/Q1363689,NULL,NULL,NULL,NULL
22.7214,37.6305,"Agora of Argos","Argolid Bk2","Argos (Argolid)",['agora'],['2.21.1'],NULL,NULL,https://topostext.org/place/376227XAgA,https://wikidata.org/wiki/Q38281281,NULL,NULL,NULL,NULL
22.573,38.671,"Altars of Apollo for the Tithronians","Phokis Bk10","Grove of Apollo in Tithronian territory by Drymaia road intersection.",['bomos'],['10.33.12'],"Grove of Apollo in Tithronian territory by Drymaia road intersection.",NULL,NULL,NULL,NULL,NULL,NULL,NULL
22.113,37.046,"Pherai (Messenia)","Messenia Bk4","Messenia Bk4",['polisma'],"['4.1.4','4.3.10','4.3.2','4.30.2','4.30.3','4.31.1']",NULL,https://pleiades.stoa.org/places/570596,https://topostext.org/place/370221UPhe,https://wikidata.org/wiki/Q1571214,NULL,"Pharai Pharae",NULL,NULL
21.3746,37.8917,"Altars to Zeus by columns of south stoa of Elis agora","Eleia Bk5 Bk6","Agora of Elis",['bomos'],['6.24.3'],"Agora of Elis",NULL,NULL,NULL,NULL,NULL,NULL,NULL
26.48103,38.38122,"Sanctuary of Heracles at Erythrae in Ionia","Asia Minor (Asia)",Erythrai,['hieron'],"['7.5.5','7.5.8']",Erythrai,NULL,NULL,https://wikidata.org/wiki/Q134038455,NULL,NULL,NULL,NULL
22.2209,37.7284,"common border of Megalopolis, Orchomenos and Kaphyai","Arcadia Bk8","Arcadia Bk8",['horos'],['8.36.4'],NULL,NULL,NULL,NULL,NULL,NULL,NULL,NULL
21.9195,37.1779,"Temple of Eileithyia in Messene","Messenia Bk4","Messene (Messenia)",['naos'],['4.31.9'],"Messene (Messenia)",NULL,NULL,NULL,NULL,NULL,NULL,NULL
22.8793472,37.9049161,"Temple of Hermes in the Agora of Corinth","Corinthia Bk2","Agora of Corinth",['naos'],['2.2.8'],"Agora of Corinth",NULL,NULL,NULL,NULL,NULL,NULL,NULL
23.062,36.517,"Temple of Apollo at Boiai","Lakonia Bk3","Boiai (Lakonia)",['naos'],['3.22.13'],"Boiai (Lakonia)",NULL,NULL,https://wikidata.org/wiki/Q124616516,NULL,NULL,NULL,NULL
21.6336,37.637,"Altar of Pan at Olympia by Hippodrome","Eleia Bk5 Bk6","Hippodrome (Olympia)",['bomos'],['5.15.6'],"Hippodrome (Olympia)",NULL,NULL,NULL,NULL,NULL,NULL,NULL
22.3704,37.8498,"Trikrena M.","Arcadia Bk8","Arcadia Bk8",['oros'],"['8.16.1','8.16.2']",NULL,https://pleiades.stoa.org/places/573569,NULL,https://wikidata.org/wiki/Q15119978,NULL,NULL,NULL,NULL
8.45288,39.071279,Sulci(s),"Internum Mare","Sardinia (island)",['polis'],['10.17.9'],NULL,https://pleiades.stoa.org/places/472024,NULL,https://wikidata.org/wiki/Q1782566,NULL,NULL,NULL,NULL
23.3178,38.3191,"Tomb of Menoeceus son of Creon in Thebes","Boiotia Bk9","Thebes (Boeotia)",['mnema'],['9.25.1'],"Thebes (Boeotia)",NULL,NULL,NULL,https://resource.manto.unh.edu/10214578,NULL,NULL,NULL
22.4689446,38.4753859,Krisa,"Phokis Bk10","Phokis Bk10",['settlement'],['10.37.5'],NULL,https://pleiades.stoa.org/places/540889,NULL,https://wikidata.org/wiki/Q4241204,NULL,NULL,NULL,NULL
22.7145,37.9834,"Altar of Athena at Sicyon, built by Epopeus","Sikyonia Bk2","Sicyon (Sikyonia)",['bomos'],['2.11.1'],"Sicyon (Sikyonia)",NULL,NULL,NULL,NULL,NULL,NULL,NULL
27.041,38.9416,"Agora of Elaia, near Kaikos plain","Asia Minor (Asia)",Elaea,['agora'],['9.5.14'],Elaea,NULL,NULL,https://wikidata.org/wiki/Q133963440,NULL,NULL,NULL,NULL
23.3853,38.0918,"Sacred Orgas region (Attica)","Attica Bk1","Attica Bk1",['chora'],"['3.4.2','3.4.5','3.4.6']",NULL,NULL,https://topostext.org/place/381234RSOr,https://wikidata.org/wiki/Q20639198,NULL,NULL,NULL,NULL
25.336030000000004,36.7136,"Ios (island)","Aegean Sea (Hellas)","Cyclades region (Aegean)",['nesos'],['10.24.2'],NULL,https://pleiades.stoa.org/places/599673,NULL,https://wikidata.org/wiki/Q216993,NULL,NULL,https://imperium.ahlfeldt.se/places/41350,NULL
22.4237,37.0821,"Heroon of Aigeus son of  Oeolycus in Sparta","Lakonia Bk3",Sparta,['heroon'],['3.15.8'],Sparta,NULL,NULL,https://wikidata.org/wiki/Q124616570,NULL,NULL,NULL,NULL
21.842,37.4075,"Tomb of Lepreus, allegedly buried in Phigaleia but tomb unknown to Phigaleians","Arcadia Bk8",Phigaleia,['mnema'],['5.5.4'],Phigaleia,NULL,NULL,NULL,NULL,NULL,NULL,NULL
22.87694,37.90694,"theater of Corinth","Corinthia Bk2","Corinth (Corinthia)",['theatron'],['2.4.5'],NULL,NULL,https://topostext.org/place/379229BThe,https://wikidata.org/wiki/Q25451392,NULL,NULL,NULL,NULL
22.43,38.446,"plain below Delphi with hippodrome","Phokis Bk10","Phokis Bk10",['pedion'],['10.37.4'],NULL,NULL,NULL,NULL,NULL,NULL,NULL,NULL
22.9,37.67,"Myrtion/Tithion M.","Epidauria Bk2","Epidauria Bk2",['oros'],"['2.26.4','2.27.7']","Argolid Bk2",https://pleiades.stoa.org/places/573382,NULL,https://wikidata.org/wiki/Q109941874,NULL,NULL,NULL,NULL
26.8857,37.6718,"Heraion of Samos","Aegean Sea (Hellas)","Samos (island)",['hieron'],"['6.3.15','6.3.16','7.4.4','7.5.13','7.5.4','8.23.5']",NULL,https://pleiades.stoa.org/places/599641,https://topostext.org/place/377269SHer,https://wikidata.org/wiki/Q841207,NULL,"Heraeum of Samos",NULL,NULL
23.26278,37.34678,"Sanctuary of Demeter and the Child, in Bouporthmos","Hermionis Bk2","Bouporthmos (mountain)",['hieron'],['2.34.8'],"Bouporthmos (mountain)",NULL,NULL,https://wikidata.org/wiki/Q134037763,NULL,NULL,NULL,NULL
23.723000000000003,37.975,"Monument of the Eponymous Heroes in Agora of Athens","Athenai Bk1","Agora of Athens",['heroon'],"['1.5.1','1.5.2']","Agora of Athens",https://pleiades.stoa.org/places/660025690,https://topostext.org/place/380237SEpH,https://wikidata.org/wiki/Q2094507,NULL,NULL,NULL,NULL
23.7221,37.9755,"Temple of Apollo Patroos in Athens Agora","Athenai Bk1","Agora of Athens",['naos'],['1.3.4'],NULL,https://pleiades.stoa.org/places/240065109,https://topostext.org/place/380237SPtr,https://wikidata.org/wiki/Q3142437,NULL,NULL,NULL,NULL
23.682,37.992,"Tomb of Theodoros the actor on Sacred Way","Attica Bk1","Sacred Way from Athens to Eleusis",['mnema'],['1.37.3'],NULL,NULL,https://topostext.org/binder/JB2806,NULL,NULL,NULL,NULL,NULL
23.3484,37.5033,"Precinct of Hippolytus in Troizen","Troizenia Bk2","Troizen (Troizenia)",['temenos'],['2.32.1'],"Troizen (Troizenia)",NULL,NULL,NULL,https://resource.manto.unh.edu/10214902,NULL,NULL,NULL
22.09,38.252,"Sanctuary of Dionysus at Aigion, with theater","Achaia Bk7","Aigion (Achaia)",['hieron'],['7.23.9'],"Aigion (Achaia)",NULL,NULL,https://wikidata.org/wiki/Q134036958,NULL,NULL,NULL,NULL
23.726464,37.971687,"Themistoclean walls of Athens","Athenai Bk1","Athenai Bk1",['teichos'],['1.2.2'],"Athenai Bk1",NULL,NULL,https://wikidata.org/wiki/Q12877842,NULL,NULL,NULL,NULL
23.075,37.597,"Sanctuary of Aphrodite at Epidauros, Asklepieion","Epidauria Bk2","Asklepieion of Epidauros",['hieron'],['2.27.5'],"Asklepieion of Epidauros",NULL,NULL,https://wikidata.org/wiki/Q134037653,NULL,NULL,NULL,NULL
23.2733,38.2213,"Sanctuary of Athena Areia in Plataea","Boiotia Bk9","Plataea (Boeotia)",['hieron'],['9.4.1'],"Plataea (Boeotia)",NULL,NULL,https://wikidata.org/wiki/Q134037769,NULL,NULL,NULL,NULL
21.63076,37.64235,"Eileithyia temple at Olympia","Eleia Bk5 Bk6",Olympia,['hieron'],"['6.20.2','6.20.3','6.20.6']",NULL,NULL,https://topostext.org/place/376216SEil,https://wikidata.org/wiki/Q107010633,NULL,NULL,NULL,NULL
21.738518,38.243265,"Sanctuary of Artemis Triklaria, at Meilichos river","Achaia Bk7",Patrae,"['hieron','temenos']","['7.19.1','7.19.4','7.22.11']",Patrae,NULL,NULL,https://wikidata.org/wiki/Q134036838,NULL,NULL,NULL,NULL
23.243591,37.385218,"Temple of Apollo Pythaeus in Hermione","Hermionis Bk2",Hermione,['naos'],['2.35.2'],Hermione,NULL,NULL,NULL,NULL,NULL,NULL,NULL
22.4237,37.0821,"Sanctuary of Maron and Alpheios at Sparta","Lakonia Bk3",Sparta,['hieron'],['3.12.9'],Sparta,NULL,NULL,https://wikidata.org/wiki/Q124616435,NULL,NULL,NULL,NULL
22.518485,40.754555,Pella/Diokletianoupolis,"Macedonia (Europe)","Macedonia (Europe)",['settlement'],['1.16.1'],NULL,https://pleiades.stoa.org/places/491687,NULL,https://wikidata.org/wiki/Q213679,NULL,NULL,NULL,NULL
22.760566,38.485096,Phokikon,"Phokis Bk10","Phokis Bk10",['oikema'],"['10.5.1','10.5.2']",NULL,https://pleiades.stoa.org/places/541051,NULL,https://wikidata.org/wiki/Q106393075,NULL,NULL,NULL,NULL
23.3484,37.5033,"Stoa in the Agora of Troizen","Troizenia Bk2","Agora of Troizen",['stoa'],['2.31.7'],"Agora of Troizen",NULL,NULL,NULL,NULL,NULL,NULL,NULL
23.716199999999997,37.9818,"Demosion Sema Chaironeia, Athens","Athenai Bk1","Demosion Sema war graves, Athens",['taphos'],['1.29.13'],NULL,NULL,https://topostext.org/binder/JB1043,NULL,NULL,NULL,NULL,NULL
23.34285,37.997,"sanctuary of Eileithyia at Megara","Megarid Bk1","Megara (Megarid)",['hieron'],['1.44.2'],"Megara (Megarid)",NULL,NULL,https://wikidata.org/wiki/Q124644667,NULL,NULL,NULL,NULL
22.307,37.9117,"Unnamed mountain on road to Pheneos, at border with Orchemenos and Kaphyai","Arcadia Bk8",Pheneos,['oros'],['8.13.6'],Pheneos,NULL,NULL,NULL,NULL,NULL,NULL,NULL
23.724899999999998,37.9735,"Temple of Triptolemos, Athens","Athenai Bk1","City Eleusinion at Athens",['naos'],"['1.14.1','1.14.4']",NULL,NULL,https://topostext.org/binder/JB2903,NULL,NULL,NULL,NULL,NULL
21.374,37.89,"Stoa in Sanctuary of Tyche at Elis","Eleia Bk5 Bk6","Sanctuary of Tyche in Elis",['stoa'],['6.25.4'],"Sanctuary of Tyche in Elis",NULL,NULL,NULL,NULL,NULL,NULL,NULL
22.562341,36.763663,"Agora of Gythion","Lakonia Bk3",Gythion,['agora'],['3.21.8'],Gythion,NULL,NULL,https://wikidata.org/wiki/Q124606124,NULL,NULL,NULL,NULL
22.7195,37.6316,"Theater of Argos","Argolid Bk2","Argos (Argolid)",['theatron'],['2.20.8'],NULL,NULL,https://topostext.org/place/376227BThA,https://wikidata.org/wiki/Q24912661,NULL,NULL,NULL,NULL
14.260569999999998,41.11825,"Sanctuary of Artemis in Campania","Italia (Europe)",Campania,['hieron'],['5.12.3'],NULL,NULL,NULL,https://wikidata.org/wiki/Q133868539,NULL,"Artemis Tifatina sanctuary",NULL,NULL
21.995,37.449,"Sanctuary of Pan on Mt. Lykaion","Arcadia Bk8","Lykaion (mountain)",['hieron'],['8.38.5'],NULL,NULL,NULL,https://wikidata.org/wiki/Q134036905,NULL,NULL,NULL,NULL
22.500741,38.482335,"Treasury of the Corinthians at Delphi","Phokis Bk10","Sanctuary of Pythian Apollo at Delphi",['thesauros'],['10.13.5'],NULL,NULL,NULL,https://wikidata.org/wiki/Q75764078,NULL,NULL,NULL,NULL
42.5,27.5,"Arabia (Asia)","Asia (continent)","Asia (continent)","['major region']","['8.22.4','8.22.6','9.21.5','9.28.3']",NULL,https://pleiades.stoa.org/places/981506,NULL,https://wikidata.org/wiki/Q2859371,NULL,NULL,NULL,NULL
23.572,38.46,"coast near Mykalessos","Boiotia Bk9","Boiotia Bk9",['paralia'],['9.13.5'],NULL,NULL,NULL,NULL,NULL,NULL,NULL,NULL
21.6336,37.637,"Altar of the Dioskouroi at Olympia near Hippodrome","Eleia Bk5 Bk6","Hippodrome (Olympia)",['bomos'],['5.15.5'],"Hippodrome (Olympia)",NULL,NULL,NULL,NULL,NULL,NULL,NULL
22.58366,40.46748,"Methone (Pieria)","Macedonia (Europe)",Pieria,['polis'],['4.35.1'],NULL,https://pleiades.stoa.org/places/491663,NULL,https://wikidata.org/wiki/Q48965819,NULL,NULL,NULL,NULL
22.3933,37.6181,"Tomb of Arkas by altar of Hera at Mantineia","Arcadia Bk8","Mantineia (Arkadia)",['mnema'],['8.9.3'],"Mantineia (Arkadia)",NULL,NULL,NULL,https://resource.manto.unh.edu/10152225,NULL,NULL,NULL
22.413455,37.043277,Alesiai,"Lakonia Bk3","Lakonia Bk3",['chorion'],['3.20.2'],NULL,https://pleiades.stoa.org/places/570063,NULL,https://wikidata.org/wiki/Q124615475,NULL,NULL,NULL,NULL
22.231166,38.142006,Boura,"Achaia Bk7","Achaia Bk7",['polis'],"['7.25.10','7.25.8','7.25.9','7.26.1','7.6.1']",NULL,https://pleiades.stoa.org/places/570166,NULL,https://wikidata.org/wiki/Q3555318,NULL,NULL,NULL,NULL
23.34285,37.997,"tomb of Ischepolis at the prytaneion of Megara","Megarid Bk1","Prytaneion of Megara",['taphos'],['1.43.2'],"Prytaneion of Megara",NULL,NULL,https://wikidata.org/wiki/Q124644647,https://resource.manto.unh.edu/11188232,NULL,NULL,NULL
22.87352,38.431063,"Spring of Mnêmosunê (Memory) at Lebadeia","Boiotia Bk9",Lebadeia,['pege'],['9.39.8'],Lebadeia,NULL,NULL,NULL,NULL,NULL,NULL,NULL
22.311,37.686,"Tomb of Anchises at foot of Mt. Anchisia","Arcadia Bk8","Anchisia Mt. (Argolid)",['mnema'],['8.12.8'],NULL,NULL,NULL,NULL,https://resource.manto.unh.edu/10158710,NULL,NULL,NULL
22.4237,37.0821,"Sanctuary of Athena Ergane on acropolis of Sparta","Lakonia Bk3","Acropolis of Sparta",['hieron'],['3.17.4'],"Acropolis of Sparta",NULL,NULL,https://wikidata.org/wiki/Q124616461,NULL,NULL,NULL,NULL
24.035919500000002,37.683423,"harbour of Sounion","Attica Bk1",Sounion,['limen'],['1.1.1'],Sounion,NULL,NULL,NULL,NULL,NULL,NULL,NULL
21.892903,37.871725,"Temple of Erymanthos beside Erymanthos river at Psophis","Arcadia Bk8",Psophis,['naos'],['8.24.12'],Psophis,NULL,NULL,NULL,NULL,NULL,NULL,NULL
13.5858994,37.2918294,Akragas/Agrigentum,"Sicilia (island)","Sicilia (island)",['polis'],"['5.25.5','5.25.7']",NULL,https://pleiades.stoa.org/places/462086,NULL,https://wikidata.org/wiki/Q3607380,NULL,NULL,NULL,NULL
22.142,37.278,Skirtonion,"Arcadia Bk8",Aigytis,['settlement'],['8.27.4'],Aigytis,https://pleiades.stoa.org/places/573519,NULL,https://wikidata.org/wiki/Q60791650,NULL,NULL,NULL,NULL
27.67181,37.37015,Europos,"Asia Minor (Asia)","Caria region",['polis'],['9.23.6'],NULL,https://pleiades.stoa.org/places/599616,NULL,https://wikidata.org/wiki/Q1375099,NULL,Euromos,NULL,NULL
23.723000000000003,37.972,"Areios Pagos","Athenai Bk1","Athenai Bk1","['dikasterion','lophos']","['1.28.5','1.28.6','1.29.1','7.25.1','7.25.2','8.34.4']",NULL,NULL,https://topostext.org/place/380237LAre,https://wikidata.org/wiki/Q202487,NULL,"Areopagus Areos Pagos",NULL,NULL
21.657,37.671,"Pholoe Mt. (Eleia)","Eleia Bk5 Bk6","Eleia Bk5 Bk6",['oros'],"['6.21.5','8.24.4','8.27.17']",NULL,https://pleiades.stoa.org/places/570607,https://topostext.org/place/378218LPho,https://wikidata.org/wiki/Q2354090,NULL,NULL,NULL,NULL
23.235,37.3884,"Temple of Klymenos in Hermione, opposite the temple of Demeter Chthonia","Hermionis Bk2","Pron M.",['naos'],['2.35.9'],"Pron M.",NULL,NULL,NULL,https://resource.manto.unh.edu/10214963,NULL,NULL,NULL
21.630126,37.637849,"Altar of Athena at Olympia","Eleia Bk5 Bk6",Olympia,['bomos'],['5.14.9'],Olympia,NULL,NULL,NULL,NULL,NULL,NULL,NULL
22.756111,37.730833,"Walls of Mycenae","Argolid Bk2",Mycenae,['teichos'],['2.16.7'],Mycenae,NULL,NULL,NULL,NULL,NULL,NULL,NULL
21.62975,37.63754,"Altar used as herald's platform outside Olympia stadium","Eleia Bk5 Bk6","Altis sacred grove (Olympia)",['bomos'],['5.22.1'],"Altis sacred grove (Olympia)",NULL,NULL,NULL,NULL,NULL,NULL,NULL
22.9019,36.7236,"Hyperteleaton Asclepius sanctuary","Lakonia Bk3","Lakonia Bk3",['hieron'],['3.22.10'],NULL,https://pleiades.stoa.org/places/570302,https://topostext.org/place/367229SHyp,https://wikidata.org/wiki/Q60792068,NULL,NULL,NULL,NULL
22.3933,37.6181,"Megaron of Dionysos near the spring of the Meliastai","Arcadia Bk8","Spring of the Meliastai 7 stades from Mantineia",['megaron'],['8.6.5'],"Spring of the Meliastai 7 stades from Mantineia",NULL,NULL,NULL,NULL,NULL,NULL,NULL
24.924,34.932,"Asclepieion of Leben in Crete",Crete,Crete,['Asclepieion'],['2.26.9'],NULL,https://pleiades.stoa.org/places/589901,https://topostext.org/place/349249PLeb,https://wikidata.org/wiki/Q11931287,NULL,NULL,NULL,NULL
22.4237,37.0821,"Heroon of Alkon  at Sparta","Lakonia Bk3",Sparta,['heroon'],['3.14.7'],Sparta,NULL,NULL,https://wikidata.org/wiki/Q124616559,NULL,NULL,NULL,NULL
22.7145,37.9834,"Wall in Sicyon","Sikyonia Bk2","Sicyon (Sikyonia)",['teichos'],['2.8.3'],"Sicyon (Sikyonia)",NULL,NULL,NULL,NULL,NULL,NULL,NULL
22.45931,37.85932,"sanctuaries of Hera at Old Stymphalos, of Hera Pais, Teleia, and Chera","Arcadia Bk8",Stymphalos,['hieron'],['8.22.2'],Stymphalos,NULL,NULL,NULL,NULL,NULL,NULL,NULL
27.069173,38.874665,Gryneion,"Asia Minor (Asia)",Aeolis,['settlement'],['1.21.7'],NULL,https://pleiades.stoa.org/places/550555,NULL,https://wikidata.org/wiki/Q969347,NULL,NULL,NULL,NULL
22.4237,37.0821,"Heroon of Amphiaraus son of Oecles at Sparta","Lakonia Bk3",Sparta,['heroon'],['3.12.5'],Sparta,NULL,NULL,https://wikidata.org/wiki/Q124616552,NULL,NULL,NULL,NULL
22.5384,38.0446,"Springs in the Mysaion grove, Pellene","Achaia Bk7","Grove in the Mysaion near Pellene",['pege'],['7.2.9'],"Grove in the Mysaion near Pellene",NULL,NULL,NULL,NULL,NULL,NULL,NULL
31.448700000000002,36.7744,"Melas river of Pamphylia","Asia Minor (Asia)",Pamphylia,['potamos'],['8.28.3'],NULL,https://pleiades.stoa.org/places/638993,https://topostext.org/place/368314WMel,NULL,NULL,NULL,NULL,NULL
22.626059,38.375439,"Spring in well above agora of Antikyra, with roof and columns","Phokis Bk10",Antikyra,"['pege','phrear']",['10.36.10'],Antikyra,NULL,NULL,NULL,NULL,NULL,NULL,NULL
29.750000000000004,38.75,Phrygia,"Asia (continent)","Asia Minor (Asia)",['chora'],"['10.36.1','2.5.3','8.4.3']",NULL,https://pleiades.stoa.org/places/609502,NULL,https://wikidata.org/wiki/Q32579,NULL,NULL,NULL,NULL
27.887799999999995,40.3895,"Dascylos in Leukos Thermos plain, Caria","Asia Minor (Asia)","Caria region",['kome'],['4.35.11'],NULL,NULL,NULL,NULL,NULL,NULL,NULL,NULL
22.1273,37.4124,"Sanctuary of Aphrodite near Megalopolis theater","Arcadia Bk8","Megalopolis (Arkadia)",['hieron'],"['8.32.2','8.32.3']","Megalopolis (Arkadia)",NULL,NULL,https://wikidata.org/wiki/Q134037016,NULL,NULL,NULL,NULL
23.3178,38.3191,"chamber of Harmonia","Boiotia Bk9","Thebes (Boeotia)",['thalamos'],['9.12.3'],"Thebes (Boeotia)",NULL,NULL,NULL,NULL,NULL,NULL,NULL
23.682,37.992,"Skiron locality on Sacred Way","Attica Bk1","Sacred Way from Athens to Eleusis",['chorion'],['1.36.4'],NULL,NULL,https://topostext.org/binder/JB2669,https://wikidata.org/wiki/Q60790836,NULL,NULL,NULL,NULL
23.723000000000003,37.975,"Temple of Demeter and Kore in the Eleusinion, Athens","Athenai Bk1","City Eleusinion at Athens",['naos'],['1.14.1'],NULL,NULL,https://topostext.org/binder/JB0996,NULL,NULL,NULL,NULL,NULL
22.7108,37.8085,"Sanctuary of Nemean Zeus, Nemea","Argolid Bk2","Argolid Bk2",['hieron'],"['1.27.9','1.29.5','2.15.2','2.15.3','2.19.5','5.11.5','5.25.7','5.26.7','6.1.8','6.12.8','6.14.2','6.15.1','6.15.6','6.2.11','6.20.19','6.3.11','6.3.9','6.4.5','6.4.6','6.5.5','6.7.10','8.48.2']",NULL,https://pleiades.stoa.org/places/570504,https://topostext.org/place/378227SNem,https://wikidata.org/wiki/Q748108,NULL,NULL,NULL,NULL
30.063644999999998,31.320896,Canopus,"Libya (Africa)","Egypt (region)",['settlement'],['10.13.8'],NULL,https://pleiades.stoa.org/places/727097,NULL,https://wikidata.org/wiki/Q1145180,NULL,NULL,NULL,NULL
22.602,36.796,"Trinasos (Lakonia)","Lakonia Bk3","Lakonia Bk3",['teichos'],['3.22.3'],NULL,https://pleiades.stoa.org/places/570753,https://topostext.org/place/368226FTri,https://wikidata.org/wiki/Q60792067,NULL,NULL,NULL,NULL
23.243591,37.385218,"Temple of Athena on promontory of Hermione, on higher ground","Hermionis Bk2","Promontory of Hermione",['naos'],['2.34.10'],"Promontory of Hermione",NULL,NULL,NULL,NULL,NULL,NULL,NULL
22.7214,37.6305,"Pit beside Grave of Tantalus in Argos","Argolid Bk2","Agora of Argos",['bothros'],['2.22.3'],"Agora of Argos",NULL,NULL,NULL,NULL,NULL,NULL,NULL
23.5415,38.0441,"temple of Triptolemos, Eleusis","Attica Bk1","Eleusis (Attica)",['naos'],['1.38.6'],"Eleusis (Attica)",NULL,NULL,https://wikidata.org/wiki/Q124644601,NULL,NULL,NULL,NULL
22.8802,37.9054,"Temple of Apollo or Olympian Zeus, burned, on Corinth-Sicyon road","Corinthia Bk2","Corinth (Corinthia)",['naos'],['2.5.5'],"Corinth (Corinthia)",NULL,NULL,NULL,NULL,NULL,NULL,NULL
21.6336,37.637,"Starting point of the horse tracks","Eleia Bk5 Bk6","Hippodrome (Olympia)",['dromos'],['5.15.5'],"Hippodrome (Olympia)",NULL,NULL,NULL,NULL,NULL,NULL,NULL
26.5,31.5,"Libya (Africa)",NULL,"Roman empire","['major region']","['1.44.3','1.6.5','10.13.5','2.13.8','2.21.6','2.28.1','4.23.10','4.26.2','5.15.11','5.25.5','8.11.11','9.16.1','9.21.5','9.33.7']",NULL,https://pleiades.stoa.org/places/716588,NULL,https://wikidata.org/wiki/Q2370577,NULL,NULL,NULL,NULL
4.080556,51.98166700000001,"Rhenus/Rhine (river)",Europe,Europe,['potamos'],"['4.34.1','4.34.2','8.28.2']",NULL,https://pleiades.stoa.org/places/109277,NULL,https://wikidata.org/wiki/Q584,NULL,NULL,NULL,NULL
22.4237,37.0821,"Western stoa on acropolis of Sparta","Lakonia Bk3","Acropolis of Sparta",['stoa'],['3.17.4'],"Acropolis of Sparta",NULL,NULL,https://wikidata.org/wiki/Q124616420,NULL,NULL,NULL,NULL
23.642539999999997,37.94579,"Long Stoa (Piraeus)","Attica Bk1",Peiraieus/Piraeus,['stoa'],['1.1.3'],NULL,NULL,https://topostext.org/place/380236BLSt,https://wikidata.org/wiki/Q97355669,NULL,NULL,NULL,NULL
22.2,39.6,"Homole mountain","Hellas (Europe)",Thessalia,['oros'],"['9.8.6','9.8.7']",Thessalia,NULL,https://topostext.org/place/398226LHom,https://wikidata.org/wiki/Q106557752,NULL,NULL,NULL,NULL
23.337,37.53,"Phoibaia Limne","Troizenia Bk2","Troizenia Bk2",['limne'],"['2.30.7','2.32.10']",NULL,https://pleiades.stoa.org/places/573451,NULL,NULL,NULL,"Phoibaia Limen Phoebaea, Psiphaian Sea",NULL,NULL
26.0497905,39.8278355,Tenedos,"Aegean Sea (Hellas)","Aegean Sea (Hellas)",['settlement'],['2.5.4'],NULL,https://pleiades.stoa.org/places/550911,NULL,https://wikidata.org/wiki/Q211817,NULL,NULL,NULL,NULL
23.69,37.94,"Palladion sanctuary (Athens)","Athenai Bk1","Athenai Bk1",['oikema'],['1.28.8'],NULL,NULL,https://topostext.org/place/380237BPal,https://wikidata.org/wiki/Q12882658,NULL,NULL,NULL,NULL
22.143425,38.158659,Keryneia,"Achaia Bk7","Achaia Bk7",['polis'],"['7.25.5','7.25.6','7.25.8','7.6.1']",NULL,https://pleiades.stoa.org/places/570354,NULL,https://wikidata.org/wiki/Q12879058,NULL,NULL,NULL,NULL
22.394,37.446,"Sanctuary of Ares Aphneios on Mt. Kresion","Arcadia Bk8","Kresion M.",['hieron'],['8.44.7'],"Kresion M.",NULL,NULL,https://wikidata.org/wiki/Q134037186,NULL,NULL,NULL,NULL
21.374,37.89,"building for Thyia festival 8 stades from Elis","Eleia Bk5 Bk6","Elis polis",['oikema'],['6.26.1'],"Elis polis",NULL,NULL,https://wikidata.org/wiki/Q107031205,NULL,NULL,NULL,NULL
22.7145,37.9834,"Plain below Sicyon","Sikyonia Bk2","Sicyon (Sikyonia)",['pedion'],['2.11.2'],"Sicyon (Sikyonia)",NULL,NULL,NULL,NULL,NULL,NULL,NULL
22.567,38.099,"Krios (river)","Achaia Bk7","Achaia Bk7",['potamos'],['7.27.11'],NULL,https://pleiades.stoa.org/places/570384,NULL,https://wikidata.org/wiki/Q5465042,NULL,NULL,NULL,NULL
22.87352,38.431063,"Temple with statues of Kronos, Zeus, and Hera above Lebadeia","Boiotia Bk9",Lebadeia,['naos'],['9.39.4'],Lebadeia,NULL,NULL,NULL,NULL,NULL,NULL,NULL
34.27150174,44.88344182,Tauroi,"Pontus Euxinus","Taurike Chersonesos",['chora'],"['1.33.1','1.43.1']","Taurike Chersonesos",https://pleiades.stoa.org/places/226779,NULL,https://wikidata.org/wiki/Q7835,NULL,NULL,NULL,NULL
23.8068,38.0263,"Hut of the Lykomidae, probably at Phlyus, Attica","Attica Bk1","Athenai Bk1",['oikema'],['4.1.7'],Phlya,NULL,NULL,NULL,NULL,NULL,NULL,NULL
22.0959,37.8914,"Small mountains surrounding Kleitor (on level ground)","Arcadia Bk8",Kleitor,['oros'],['8.21.3'],Kleitor,NULL,NULL,NULL,NULL,NULL,NULL,NULL
23.211,38.0347,"Rock of Athena Aithyia","Megarid Bk1","Megarid Bk1",['petra'],['1.5.3'],"Megarid Bk1",NULL,NULL,https://wikidata.org/wiki/Q124644555,NULL,NULL,NULL,NULL
25.2666,37.4004,"Olive tree on Delos, ancient","Aegean Sea (Hellas)","Sanctuary of Delian Apollo on Delos",['elaia'],['8.23.5'],"Sanctuary of Delian Apollo on Delos",NULL,NULL,NULL,https://resource.manto.unh.edu/10526315,NULL,NULL,NULL
21.863791,37.613569,"Temple of Dionysos Polites at Heraia, on Alpheios river","Arcadia Bk8","Heraia (Arcadia)",['naos'],['8.26.1'],"Heraia (Arcadia)",NULL,NULL,NULL,NULL,NULL,NULL,NULL
21.630126,37.637849,"Altar of Apollo at Olympia behind the Heraion","Eleia Bk5 Bk6",Olympia,['bomos'],['5.15.7'],Olympia,NULL,NULL,NULL,NULL,NULL,NULL,NULL
24.8,37.2,"Cyclades region (Aegean)","Aegean Sea (Hellas)","Hellas (Europe)",['chora'],"['1.1.1','2.22.1','5.21.13','5.23.2']",NULL,https://pleiades.stoa.org/places/560353,https://topostext.org/place/372248RKyk,https://wikidata.org/wiki/Q171132,NULL,NULL,NULL,NULL
22.756111,37.730833,"Underground chambers of Atreus and sons in the ruins of Mycenae","Argolid Bk2",Mycenae,['oikema'],['2.16.6'],Mycenae,NULL,NULL,NULL,NULL,NULL,NULL,NULL
23.423,37.751,"Kryptos Limen","Aigina island Bk2","Aigina island Bk2",['limen'],"['2.29.10','2.29.11']",NULL,https://pleiades.stoa.org/places/579997,https://topostext.org/place/379234HKry,NULL,NULL,NULL,NULL,NULL
22.61272,37.27816,"Parnon (mountain)","Argolid Bk2","Argolid Bk2",['oros'],['2.38.7'],NULL,https://pleiades.stoa.org/places/570561,NULL,https://wikidata.org/wiki/Q602371,NULL,NULL,NULL,NULL
26.48103,38.38122,Erythrai,"Asia Minor (Asia)","Ionia (region)",['polis'],"['7.3.7','7.5.5','7.5.9','9.27.1']",NULL,https://pleiades.stoa.org/places/550535,NULL,https://wikidata.org/wiki/Q723091,NULL,NULL,NULL,NULL
22.7195,37.6316,"Temple of Hekate at Argos","Argolid Bk2","Argos (Argolid)",['naos'],['2.22.7'],"Argos (Argolid)",NULL,NULL,NULL,NULL,NULL,NULL,NULL
23.644609,37.937222,"sanctuary of Aphrodite in Piraeus","Attica Bk1",Peiraieus/Piraeus,['hieron'],['1.1.3'],Peiraieus/Piraeus,NULL,NULL,https://wikidata.org/wiki/Q124644549,NULL,NULL,NULL,NULL
22.548448,36.884856,"Quarries at Krokeai","Lakonia Bk3",Krokeai,['lithotomia'],['3.21.4'],Krokeai,NULL,NULL,https://wikidata.org/wiki/Q124616493,NULL,NULL,NULL,NULL
21.993332,38.309763,Erineos,"Achaia Bk7","Achaia Bk7",['limen'],['7.22.10'],NULL,https://pleiades.stoa.org/places/570236,NULL,https://wikidata.org/wiki/Q48781609,NULL,NULL,NULL,NULL
26.906741999999998,39.163484,"Springs at Astyra","Asia Minor (Asia)",Astyra,['pege'],['4.35.10'],Astyra,NULL,NULL,NULL,NULL,NULL,NULL,NULL
23.14146,37.92753,"Pine tree of Theseus on coast just south of Krommyon","Corinthia Bk2",Krommyon,['peuke'],['2.1.3'],Krommyon,NULL,NULL,NULL,NULL,NULL,NULL,NULL
20.251,39.581,"Thyamis (river)","Epiros region","Epiros region",['potamos'],['1.11.2'],NULL,https://pleiades.stoa.org/places/531121,NULL,https://wikidata.org/wiki/Q1721931,NULL,NULL,NULL,NULL
23.710149999999995,37.99168,"Tomb of Lykourgos [II] son of Lykophron, Athens","Athenai Bk1","Athenai Bk1",['taphos'],['1.29.15'],NULL,NULL,https://topostext.org/binder/JB2049,NULL,NULL,NULL,NULL,NULL
23.8154066,37.9462237,"Proopsios Apollo Altar (Hymettos)","Attica Bk1","Mount Hymettus",['bomos'],['1.32.2'],"Mount Hymettus",NULL,https://topostext.org/place/379238SPro,NULL,NULL,NULL,NULL,NULL
22.5012215,38.4823167,"Hearth in temple of Apollo at Delphi where the priest killed Neoptolemos","Phokis Bk10","Temple of Apollo at Delphi",['hestia'],['10.24.4'],"Temple of Apollo at Delphi",NULL,NULL,NULL,NULL,NULL,NULL,NULL
22.45931,37.85932,"Stymphalos river which disappears in katavothra","Arcadia Bk8",Stymphalos,['potamos'],['8.22.3'],Stymphalos,NULL,NULL,NULL,NULL,NULL,NULL,NULL
21.630126,37.637849,"Square altar of Artemis (second Artemis altar enumerated) at Olympia","Eleia Bk5 Bk6",Olympia,['bomos'],['5.14.5'],Olympia,NULL,NULL,NULL,NULL,NULL,NULL,NULL
22.44165,37.069,"Sanctuary of Gaiouchos Poseidon near Phoibaion of Sparta","Lakonia Bk3","Phoibaion (Sparta)",['hieron'],['3.20.2'],"Phoibaion (Sparta)",NULL,NULL,https://wikidata.org/wiki/Q124616466,NULL,NULL,NULL,NULL
28.196786,36.720882,Syrnos,"Asia Minor (Asia)","Caria region",['settlement'],['3.26.10'],NULL,https://pleiades.stoa.org/places/599953,NULL,https://wikidata.org/wiki/Q65066296,NULL,NULL,NULL,NULL
12.5919,38.03528,"Sanctuary of Erykine at Eryx in Sicily","Sicilia (island)",Eryx,['hieron'],['8.24.6'],Eryx,NULL,NULL,https://wikidata.org/wiki/Q134036724,https://resource.manto.unh.edu/11304196,NULL,NULL,NULL
24.6099,38.82754,"Skyros (settlement)","Aegean Sea (Hellas)","Scyrus (island)",['polis'],['1.22.6'],NULL,https://pleiades.stoa.org/places/541108,NULL,https://wikidata.org/wiki/Q208566,NULL,NULL,NULL,NULL
22.4502,37.0363,"Tomb of Agamemnon with agalma, at Amyclae","Lakonia Bk3","Amyclae (Laconia)",['mnema'],['3.19.6'],"Amyclae (Laconia)",NULL,NULL,https://wikidata.org/wiki/Q124616332,https://resource.manto.unh.edu/10149905,NULL,NULL,NULL
25.0775,35.0033,"Bene of Crete",Crete,Crete,['polis'],['4.6.1'],NULL,https://pleiades.stoa.org/places/589727,NULL,https://wikidata.org/wiki/Q65121666,NULL,NULL,NULL,NULL
22.273,37.5448,"Dipaia (Arkadia)","Arcadia Bk8","Arcadia Bk8","['battlefield','polis','polisma']","['3.11.7','8.27.3','8.30.1','8.45.2','8.8.6']",NULL,https://pleiades.stoa.org/places/570199,https://topostext.org/place/375223PDip,https://wikidata.org/wiki/Q1227119,NULL,NULL,NULL,NULL
21.6758,37.6047,Makistos,"Eleia Bk5 Bk6","Eleia Bk5 Bk6",['polis'],['6.22.4'],NULL,https://pleiades.stoa.org/places/570453,NULL,https://wikidata.org/wiki/Q111086985,NULL,NULL,NULL,NULL
23.364,37.9764,"sanctuary of Demeter Malophoros, Nisaia","Megarid Bk1","Nisaia (Megarid)",['hieron'],['1.44.3'],"Nisaia (Megarid)",NULL,NULL,https://wikidata.org/wiki/Q124644668,NULL,NULL,NULL,NULL
27.363816,37.9498235,"Stone barrier with agalmata at Ephesian Artemis sanctuary, Ephesus","Asia Minor (Asia)","Sanctuary of Ephesian Artemis at Ephesus",['teichos'],['10.38.6'],"Sanctuary of Ephesian Artemis at Ephesus",NULL,NULL,NULL,NULL,NULL,NULL,NULL
22.6222206,38.5348857,"former city of the Asinaeans in Parnassos","Phokis Bk10","Parnassus (mountain)",['polis'],['4.34.10'],"Parnassus (mountain)",NULL,NULL,NULL,NULL,NULL,NULL,NULL
22.8802,37.9054,"Pillars around the spring Lerna in Corinth","Corinthia Bk2","Corinth (Corinthia)",['kion'],['2.4.5'],"Corinth (Corinthia)",NULL,NULL,NULL,NULL,NULL,NULL,NULL
21.374,37.89,"Altar of Idaean Herakles Parastates at gymnasium of Elis","Eleia Bk5 Bk6","Elis polis",['bomos'],"['6.23.1','6.23.3']","Elis polis",NULL,NULL,https://wikidata.org/wiki/Q107040815,NULL,NULL,NULL,NULL
23.682,37.992,"Tomb of Nikokles on Sacred Way","Attica Bk1","Sacred Way from Athens to Eleusis",['mnema'],['1.37.2'],NULL,NULL,https://topostext.org/binder/JB2207,NULL,NULL,NULL,NULL,NULL
23.725000000000005,37.975,"Tomb of Menander, Athens","Athenai Bk1","Athenai Bk1",['taphos'],['1.2.2'],NULL,NULL,https://topostext.org/binder/JB2094,NULL,NULL,NULL,NULL,NULL
22.79418,38.49551,"Tomb of Tityos, earth mound at ravine of Panopeos","Phokis Bk10",Panopeos/Phanotis,['mnema'],['10.4.5'],"Nine Plethra",NULL,NULL,NULL,https://resource.manto.unh.edu/10269047,NULL,NULL,NULL
23.3178,38.3191,"sanctuary of Artemis Eukleia in Thebes","Boiotia Bk9","Thebes (Boeotia)",['hieron'],['9.17.1'],"Thebes (Boeotia)",NULL,NULL,https://wikidata.org/wiki/Q134037792,https://resource.manto.unh.edu/10772048,NULL,NULL,NULL
23.722650000000005,37.97635,"Stoa Poikile (Athens)","Athenai Bk1",Kerameikos,['stoa'],"['1.15.1','1.15.2','1.15.4','1.16.1','5.11.6']",NULL,NULL,https://topostext.org/place/380237BSPo,https://wikidata.org/wiki/Q936234,NULL,NULL,NULL,NULL
23.718611,37.978333,"first stoa between the gates and Kerameikos, Athens","Athenai Bk1",Kerameikos,['stoa'],['1.2.5'],Kerameikos,NULL,NULL,NULL,NULL,NULL,NULL,NULL
24.70109,36.9678,"Siphnian gold mines","Aegean Sea (Hellas)","Siphnos (island)",['lithotomia'],['10.11.2'],"Siphnos (island)",NULL,NULL,NULL,NULL,NULL,NULL,NULL
8.895951167,40.06802462,Iolaia,"Internum Mare","Sardinia (island)",['chorion'],['10.17.5'],"Sardinia (island)",https://pleiades.stoa.org/places/474924,NULL,NULL,NULL,NULL,NULL,NULL
22.626059,38.375439,"Gymnasium of Antikyra with baths","Phokis Bk10",Antikyra,['gymnasion'],['10.36.9'],Antikyra,NULL,NULL,NULL,NULL,NULL,NULL,NULL
22.14015,38.22257,Helike,"Achaia Bk7","Achaia Bk7",['polis'],"['5.4.3','7.1.4','7.1.8','7.24.12','7.24.13','7.24.5','7.24.6','7.25.1','7.25.11','7.25.12','7.25.4','7.25.5','7.25.8','7.6.1','7.7.2']",NULL,https://pleiades.stoa.org/places/570281,NULL,https://wikidata.org/wiki/Q1432654,NULL,NULL,NULL,NULL
-2.910335,37.969207,"Tartessos river",Europe,"Iberi (Spain)",['potamos'],['6.19.3'],"Baetis/Certis (river)",https://pleiades.stoa.org/places/261259,NULL,NULL,NULL,NULL,NULL,NULL
22.9968,38.4128,"Athena Itonia sanctuary in Boeotia","Boiotia Bk9","Boiotia Bk9",['hieron'],"['3.9.13','9.34.1','9.34.5']",NULL,https://pleiades.stoa.org/places/540678,https://topostext.org/place/384230SAth,https://wikidata.org/wiki/Q13574897,https://resource.manto.unh.edu/10785268,NULL,NULL,NULL
22.66931,38.58344,"dwellings for suppliants and slaves in sanctuary of Asklepios near Tithorea","Phokis Bk10",Tithorea/Neon,['oikia'],['10.32.12'],Tithorea/Neon,NULL,NULL,NULL,NULL,NULL,NULL,NULL
23.970146000000003,38.1465515,"stables of Artaphrenes, Marathon","Attica Bk1","Marathon deme",['petra'],['1.32.7'],"Marathon deme",NULL,NULL,NULL,NULL,NULL,NULL,NULL
22.138,37.432,Skiadis,"Arcadia Bk8","Arcadia Bk8",['chorion'],['8.35.5'],NULL,https://pleiades.stoa.org/places/573515,NULL,https://wikidata.org/wiki/Q7534977,NULL,NULL,NULL,NULL
22.413941,38.077545,"Sanctuary of Dionysos at Phelloe","Achaia Bk7",Phelloe,['hieron'],['7.26.11'],Phelloe,NULL,NULL,https://wikidata.org/wiki/Q134037195,NULL,NULL,NULL,NULL
28.040278,38.488333,Sardis/Hyde?,"Asia Minor (Asia)","Lydia (province)",['settlement'],"['3.9.5','3.9.8','4.24.2','5.6.5']",NULL,https://pleiades.stoa.org/places/550867,NULL,https://wikidata.org/wiki/Q232615,NULL,NULL,NULL,NULL
23.3178,38.3191,"temple of Lysian Dionysos in Thebes near theater","Boiotia Bk9","sanctuary of Lysian Dionysos in Thebes near theater",['naos'],['9.16.6'],"sanctuary of Lysian Dionysos in Thebes near theater",NULL,NULL,NULL,NULL,NULL,NULL,NULL
22.45,37.625,"Exit from the Argon Pedion, 10 stades","Arcadia Bk8","Argon Pedion",['esbole'],['8.8.1'],"Argon Pedion",NULL,NULL,NULL,NULL,NULL,NULL,NULL
26.785014,38.177262,Teos,"Asia Minor (Asia)","Ionia (region)",['polis'],"['7.24.5','7.3.10','7.3.6','7.5.11']",NULL,https://pleiades.stoa.org/places/550913,NULL,https://wikidata.org/wiki/Q17586,NULL,NULL,NULL,NULL
22.0779,37.4177,"Alpheios crossing between Basilis and Thoknia","Arcadia Bk8","Alpheios river (Eleia)",['diabese'],['8.29.5'],NULL,NULL,NULL,NULL,NULL,NULL,NULL,NULL
23.07535,37.599135,"Sacred Fountain (Epidauros Asklepieion)","Epidauria Bk2","Asklepieion of Epidauros",['pege'],['2.27.5'],NULL,NULL,https://topostext.org/place/376231BAFt,NULL,NULL,NULL,NULL,NULL
22.4237,37.0821,Sparta,"Lakonia Bk3","Lakonia Bk3",['polis'],"['1.13.6','1.29.8','10.12.2','2.18.2','2.18.5','2.21.8','2.9.1','3.1.2','3.10.1','3.11.1','3.11.2','3.13.3','3.13.4','3.13.7','3.14.2','3.14.7','3.15.3','3.15.4','3.15.5','3.15.8','3.18.6','3.19.6','3.2.2','3.2.3','3.2.7','3.20.10','3.20.8','3.21.2','3.21.6','3.21.7','3.26.5','3.26.7','3.3.2','3.3.3','3.5.1','3.6.3','3.6.4','3.6.7','3.7.1','3.7.2','3.7.5','3.7.8','3.8.3','3.8.9','3.9.11','4.1.2','4.12.4','4.12.5','4.12.8','4.12.9','4.14.3','4.14.4','4.15.2','4.15.3','4.15.5','4.15.6','4.16.1','4.16.9','4.17.6','4.18.3','4.19.5','4.20.5','4.21.6','4.22.1','4.22.4','4.22.5','4.22.6','4.23.2','4.24.6','4.26.4','4.27.4','4.29.6','4.29.9','4.31.1','4.31.3','4.4.4','4.4.8','4.5.4','4.5.6','4.5.7','4.7.7','4.8.3','4.9.5','6.16.8','6.2.1','6.4.9','6.7.6','7.1.8','7.12.2','7.12.6','7.12.7','7.12.8','7.13.1','7.13.2','7.13.4','7.13.6','7.14.5','7.20.8','7.24.1','7.7.3','7.8.4','7.8.5','7.9.2','7.9.5','8.11.6','8.12.6','8.27.11','8.51.1','8.51.3','8.51.4','8.52.3','8.52.6','8.8.11','9.13.2','9.13.9','9.14.1','9.14.5','9.32.10','9.32.7']",NULL,https://pleiades.stoa.org/places/570685,https://topostext.org/place/371224PSpa,https://wikidata.org/wiki/Q5690,NULL,"Lacedaemon Lakedaimon",NULL,NULL
26.307181000000003,38.327245,Boutheia,"Asia Minor (Asia)","Ionia (region)",['settlement'],['10.9.9'],NULL,https://pleiades.stoa.org/places/550488,NULL,https://wikidata.org/wiki/Q17623230,NULL,NULL,NULL,NULL
22.8802,37.9054,"Sanctuary of Capitoline Zeus in Corinth, above theater","Corinthia Bk2","Corinth (Corinthia)",['hieron'],['2.4.5'],"Corinth (Corinthia)",NULL,NULL,https://wikidata.org/wiki/Q134037589,NULL,NULL,NULL,NULL
22.7223,37.7867,"Mountains  on the road from Kleonai to Argos surrounding the pass called Tretos","Argolid Bk2","road Corinth to Argos via Tretos pass, vehicular",['oros'],['2.15.2'],"Tretos pass (Korinthia)",NULL,NULL,NULL,NULL,NULL,NULL,NULL
21.738518,38.243265,"Altar of Laphria at Patrae","Achaia Bk7","Sanctuary of Artemis Laphria at Patrae",['bomos'],['7.18.11'],"Sanctuary of Artemis Laphria at Patrae",NULL,NULL,NULL,NULL,NULL,NULL,NULL
23.1602,37.6335,Epidauros,"Epidauria Bk2","Epidauria Bk2",['settlement'],"['1.25.4','2.10.3','2.25.10','2.25.7','2.26.1','2.26.2','2.26.3','2.26.4','2.26.7','2.26.8','2.26.9','2.28.3','2.28.4','2.28.8','2.29.1','2.29.2','2.29.5','2.30.5','5.11.11','8.1.1','9.23.1','9.7.5']",NULL,https://pleiades.stoa.org/places/570228,https://topostext.org/place/376232PEpi,https://wikidata.org/wiki/Q233576,NULL,"Epidaurus polis",NULL,NULL
22.3777,38.1286,"Sanctuary of Apollo at Aigeira","Achaia Bk7","Aigeira (Achaia)",['hieron'],['7.26.6'],"Aigeira (Achaia)",NULL,NULL,https://wikidata.org/wiki/Q134037146,NULL,NULL,NULL,NULL
22.4831,36.3862,"Spring at Tainaron, formerly showing visions of harbors","Lakonia Bk3","Tainaron cape sanctuary",['pege'],['3.25.8'],NULL,NULL,NULL,NULL,NULL,NULL,NULL,NULL
14.18724,37.18419,Omphake,"Sicilia (island)","Sicilia (island)",['polisma'],"['8.46.2','9.40.4']",NULL,https://pleiades.stoa.org/places/462399,NULL,https://wikidata.org/wiki/Q23640647,NULL,NULL,NULL,NULL
21.9636,37.5069,"Theisoa near Lykaion","Arcadia Bk8",Theisoaia,['settlement'],"['8.27.4','8.27.7','8.28.3','8.28.4','8.38.3','8.38.9']",NULL,https://pleiades.stoa.org/places/570720,https://topostext.org/place/375220PThe,https://wikidata.org/wiki/Q15054733,NULL,"Thisoa by Mt. Lykaion",NULL,NULL
22.42659,37.08188,"Tomb of Aphareus son of Perieres","Lakonia Bk3","Ancient Ephoreia in Sparta",['mnema'],['3.11.11'],"Ancient Ephoreia in Sparta",NULL,NULL,https://wikidata.org/wiki/Q124616309,https://resource.manto.unh.edu/10151172,NULL,NULL,NULL
21.62845,37.63929,"Palestrai for athletes within the gymnasium at Olympia.","Eleia Bk5 Bk6","Gymnasium (Olympia)",['gymnasion'],['5.15.8'],"Gymnasium (Olympia)",NULL,NULL,NULL,NULL,NULL,NULL,NULL
22.4237,37.0821,"Sanctuary of Herakles at Sparta","Lakonia Bk3",Sparta,['hieron'],['3.15.3'],Sparta,NULL,NULL,https://wikidata.org/wiki/Q124616453,NULL,NULL,NULL,NULL
22.9925,36.9683,"Sacred cave of Asklepios at Kyphanta","Lakonia Bk3","Kyphanta (Lakonia)",['spelaion'],['3.24.2'],"Kyphanta (Lakonia)",NULL,NULL,https://wikidata.org/wiki/Q124616421,NULL,NULL,NULL,NULL
21.5193991,38.3288971,"Euenos (river)","Aitolia region","Aitolia region",['potamos'],"['10.38.2','3.18.12']",NULL,https://pleiades.stoa.org/places/540780,NULL,https://wikidata.org/wiki/Q522489,NULL,NULL,NULL,NULL
22.9,37.67,"Plane tree on the spring of river Amymone","Argolid Bk2","Spring of river Amymone",['platanos'],['2.37.4'],"Spring of river Amymone",NULL,NULL,NULL,NULL,NULL,NULL,NULL
22.747,38.01,"Harbor of the Sicyonians","Sikyonia Bk2","Sikyonia Bk2",['limen'],['2.12.2'],NULL,NULL,NULL,NULL,NULL,NULL,NULL,NULL
21.63291462,37.6391184,"tomb of Endymion at Olympia","Eleia Bk5 Bk6","Olympia Stadium",['mnema'],"['5.1.5','6.20.9']","Olympia Stadium",NULL,NULL,https://wikidata.org/wiki/Q107031178,https://resource.manto.unh.edu/10214996,NULL,NULL,NULL
23.42372,37.74991,"Temple of Hekate in Aigina","Aigina island Bk2","Aigina polity",['naos'],['2.30.2'],"Aigina polity",NULL,NULL,NULL,NULL,NULL,NULL,NULL
21.66,36.9517,"Pylos/Koryphasion cape (Messenia)","Messenia Bk4","Messenia Bk4",['chora'],"['4.2.5','4.3.7','4.31.11','4.36.1','4.36.2','4.36.5','4.36.7','7.2.3','8.1.1']",NULL,https://pleiades.stoa.org/places/570640,https://topostext.org/place/370217UPyl,https://wikidata.org/wiki/Q7263152,NULL,NULL,NULL,NULL
20.9899,39.155,Ambracia,"Epiros region","Epiros region",['polis'],"['10.11.6','10.18.4','10.9.10','5.23.2','5.23.3','6.3.7']",NULL,https://pleiades.stoa.org/places/530794,NULL,https://wikidata.org/wiki/Q661559,NULL,NULL,NULL,NULL
26.934551,39.504028,Adramyttium/Adramyttion,"Asia Minor (Asia)",Aeolis,['settlement'],['4.27.9'],NULL,https://pleiades.stoa.org/places/550403,NULL,https://wikidata.org/wiki/Q3605584,NULL,NULL,NULL,NULL
22.47,37.38,"Artemis Knakeatis temple near Tegea","Arcadia Bk8",Tegeatis,['naos'],['8.53.11'],NULL,NULL,https://topostext.org/place/374225SArt,https://wikidata.org/wiki/Q98147673,NULL,NULL,NULL,NULL
22.429,37.464,"House of Aleus at Tegea","Arcadia Bk8","Tegea (Arkadia)",['oikia'],['8.53.10'],"Tegea (Arkadia)",NULL,NULL,NULL,NULL,NULL,NULL,NULL
22.842,37.65,Midea,"Argolid Bk2","Argolid Bk2",['settlement'],"['2.16.2','2.25.9','6.20.7','8.27.1']",NULL,https://pleiades.stoa.org/places/570485,NULL,https://wikidata.org/wiki/Q502897,NULL,NULL,NULL,NULL
23.164,36.476,"Side (Lakonia)","Lakonia Bk3","Lakonia Bk3",['polis'],['3.22.11'],NULL,https://pleiades.stoa.org/places/570669,https://topostext.org/place/363233PSid,https://wikidata.org/wiki/Q16631417,NULL,NULL,NULL,NULL
22.237649,36.884777,"Sanctuary of Athena at Kardamyle","Lakonia Bk3",Kardamyle,['hieron'],['3.26.7'],Kardamyle,NULL,NULL,https://wikidata.org/wiki/Q124616488,NULL,NULL,NULL,NULL
23.3178,38.3191,"Sanctuary of Ismenian Apollo (Boeotia)","Boiotia Bk9","Thebes (Boeotia)","['hieron','manteion','naos']","['4.32.5','9.10.2','9.10.3','9.10.4','9.10.5','9.9.2']","Thebes (Boeotia)",NULL,https://topostext.org/place/383233SIsm,https://wikidata.org/wiki/Q106526588,https://resource.manto.unh.edu/10771991,NULL,NULL,NULL
22.811,38.658,"Hill, steep but not high, on which Athena Kranaia sanctuary","Phokis Bk10","Phokis Bk10",['lophos'],['10.34.7'],NULL,NULL,NULL,NULL,NULL,NULL,NULL,NULL
23.1602,37.6335,"Tomb of Procles, not far from Epidauros","Epidauria Bk2",Epidauros,['mnema'],['2.28.8'],Epidauros,NULL,NULL,NULL,NULL,NULL,NULL,NULL
23.56,38.06,"Rharion plain","Attica Bk1","Attica Bk1",['pedion'],['1.38.6'],NULL,https://pleiades.stoa.org/places/585954,https://topostext.org/place/381236LRaP,https://wikidata.org/wiki/Q2750628,NULL,"Rarion pedion",NULL,NULL
22.50592,38.62687,"Agora at Lilaia","Phokis Bk10",Lilaia,['agora'],['10.33.4'],Lilaia,NULL,NULL,https://wikidata.org/wiki/Q133963431,NULL,NULL,NULL,NULL
21.86,38.324,"Bolinaios (river)","Achaia Bk7","Achaia Bk7",['potamos'],['7.23.4'],NULL,https://pleiades.stoa.org/places/570157,NULL,https://wikidata.org/wiki/Q3566513,NULL,NULL,NULL,NULL
21.87884,37.710489,"Grove of Onkaian Apollo","Arcadia Bk8",Onkeion,['alsos'],['8.25.9'],Onkeion,NULL,NULL,NULL,https://resource.manto.unh.edu/10214347,NULL,NULL,NULL
23.602,38.464,Chalkis,"Euboea (island)","Euboea (island)","['chora','polis']","['1.23.3','1.34.2','2.22.7','4.23.7','9.18.1','9.19.3','9.31.3']",NULL,https://pleiades.stoa.org/places/540703,NULL,https://wikidata.org/wiki/Q21235810,NULL,Chalcis,NULL,NULL
22.3933,37.6181,"Oikos in Gymnasium of Mantineia for Antinous","Arcadia Bk8","Mantineia (Arkadia)",['oikia'],['8.9.8'],"Mantineia (Arkadia)",NULL,NULL,NULL,NULL,NULL,NULL,NULL
21.738518,38.243265,"tomb of Egyptus at Patrae in Sarapis sanctuary","Achaia Bk7","two sanctuaries of Sarapis at Patrae near sacred grove",['mnema'],['7.21.13'],"two sanctuaries of Sarapis at Patrae near sacred grove",NULL,NULL,NULL,https://resource.manto.unh.edu/10274414,NULL,NULL,NULL
22.796,37.565,"Canathus spring near Nauplia","Argolid Bk2",Nauplia,['pege'],['2.38.2'],Nauplia,NULL,NULL,https://wikidata.org/wiki/Q6360744,https://resource.manto.unh.edu/10191983,"Kanathos spring",NULL,NULL
22.6973,37.55,"Pontinos hill (Argolid)","Argolid Bk2","Argolid Bk2",['oros'],"['2.36.8','2.37.1','2.37.2']",NULL,https://pleiades.stoa.org/places/573475,https://topostext.org/place/376227LPon,https://wikidata.org/wiki/Q125936741,NULL,NULL,NULL,NULL
21.374,37.89,"Xystos of Elis","Eleia Bk5 Bk6","Gymnasium of Elis",['peribolos'],['6.23.1'],NULL,NULL,NULL,NULL,NULL,NULL,NULL,NULL
23.3484,37.5033,"Olive tree in the Agora in Troizen","Troizenia Bk2","Troizen (Troizenia)",['elaia'],['2.31.10'],"Troizen (Troizenia)",NULL,NULL,NULL,https://resource.manto.unh.edu/10214885,NULL,NULL,NULL
22.57391,36.75398,"Kranae (island)","Lakonia Bk3",Gythion,['nesos'],['3.22.1'],NULL,https://pleiades.stoa.org/places/570379,NULL,https://wikidata.org/wiki/Q5181876,NULL,NULL,NULL,NULL
23.3484,37.5033,"Altars of Underworld Gods in the temple of Artemis in Troizen","Troizenia Bk2","Temple of Artemis Soteira in Troizen",['bomos'],['2.31.2'],"Temple of Artemis Soteira in Troizen",NULL,NULL,NULL,NULL,NULL,NULL,NULL
22.4237,37.0821,"Sanctuary of Apollo Maleates at Sparta","Lakonia Bk3",Sparta,['hieron'],['3.12.8'],Sparta,NULL,NULL,https://wikidata.org/wiki/Q124616431,NULL,NULL,NULL,NULL
22.7195,37.6316,"Ascent from Argos to Larisa citadel","Argolid Bk2","Argos (Argolid)",['hodos'],['2.24.1'],"Argos (Argolid)",NULL,NULL,NULL,NULL,NULL,NULL,NULL
23.3178,38.3191,"Ogygian gate of Thebes","Boiotia Bk9","Thebes (Boeotia)",['pylai'],['9.8.5'],"Thebes (Boeotia)",NULL,NULL,NULL,NULL,NULL,NULL,NULL
21.653,37.6395,"Pisa (Eleia)","Eleia Bk5 Bk6","Eleia Bk5 Bk6","['chora','polis']","['5.1.6','5.1.7','5.10.2','5.13.4','5.16.5','5.22.6','5.3.1','6.21.1','6.21.4','6.21.5','6.22.1','6.22.3','8.20.2','8.54.3']",NULL,https://pleiades.stoa.org/places/570612,https://topostext.org/place/376217PPis,https://wikidata.org/wiki/Q922329,NULL,NULL,NULL,NULL
21.73,38.082,"Hearth with lamps in agora of Pharae","Achaia Bk7","agora of Pharae",['hestia'],['7.22.2'],"agora of Pharae",NULL,NULL,NULL,NULL,NULL,NULL,NULL
23.09367,37.61291,"Koryphos M.","Epidauria Bk2","Epidauria Bk2",['oros'],['2.28.2'],NULL,https://pleiades.stoa.org/places/570376,NULL,https://wikidata.org/wiki/Q24992917,NULL,NULL,NULL,NULL
22.42665,37.0815,"Choros (Sparta)","Lakonia Bk3",Sparta,['oikema'],['3.11.9'],NULL,NULL,https://topostext.org/place/371224SCho,NULL,NULL,NULL,NULL,NULL
23.732,37.966,"altar of Heracles in Kynosarges sanctuary, Athens","Athenai Bk1","Kynosarges sanctuary south of Athens",['bomos'],['1.19.3'],"Kynosarges sanctuary south of Athens",NULL,https://topostext.org/binder/JB1576,NULL,NULL,NULL,NULL,NULL
23.72993,37.97087,"temple on Street of Tripods with Satyr statue group","Athenai Bk1","Street of Tripods (Athens)",['naos'],"['1.20.1','1.20.2']","Street of Tripods (Athens)",NULL,NULL,NULL,NULL,"Choregic monument with satyr of Praxiteles",NULL,NULL
21.63176,37.63888,"Hidden entrance to stadium at Olympia","Eleia Bk5 Bk6","Olympia Stadium",['esodos'],['6.20.8'],NULL,NULL,NULL,NULL,NULL,NULL,NULL,NULL
23.3178,38.3191,"Entry to Ismenian Apollo sanctuary","Boiotia Bk9","Sanctuary of Ismenian Apollo (Boeotia)",['esodos'],['9.10.2'],"Sanctuary of Ismenian Apollo (Boeotia)",NULL,NULL,NULL,NULL,NULL,NULL,NULL
32.92092,35.40326,"Krommy(ak)on Pr.","Asia Minor (Asia)",Cilicia,['settlement'],['1.27.9'],NULL,https://pleiades.stoa.org/places/707551,NULL,https://wikidata.org/wiki/Q959369,NULL,NULL,NULL,NULL
23.1,37.6,"wild olives in Hyrnethion chorion in Epidaurus","Epidauria Bk2","Hyrnethion (Epidauria)",['elaia'],['2.28.3'],"Hyrnethion (Epidauria)",NULL,NULL,NULL,NULL,NULL,NULL,NULL
23.3,40.5,"Chalcidike region (Chalkidike)","Macedonia (Europe)","Macedonia (Europe)",['chora'],['3.5.9'],NULL,NULL,https://topostext.org/place/405233RCha,https://wikidata.org/wiki/Q204728,NULL,NULL,NULL,NULL
20.4375,38.2226,"Pale (Kefallenia)","Hellas (Europe)","Kephallania (Kefallenia)",['polis'],['6.15.7'],NULL,NULL,https://topostext.org/place/382204UPal,https://wikidata.org/wiki/Q2047660,NULL,NULL,NULL,NULL
21.9399,37.8503,Seirai,"Arcadia Bk8","road Caphyae to Psophis",['horos'],"['8.23.9','8.24.3']",NULL,https://pleiades.stoa.org/places/573509,NULL,https://wikidata.org/wiki/Q60791679,NULL,NULL,NULL,NULL
22.905228,38.596346,"Agora of Hyampolis of ancient construction","Phokis Bk10",Hyampolis,['agora'],['10.35.6'],Hyampolis,NULL,NULL,https://wikidata.org/wiki/Q133963425,NULL,NULL,NULL,NULL
14.845770000000002,38.55683,"Didyme (island)","Internum Mare","Islands of Aiolos",['nesos'],['10.11.4'],NULL,https://pleiades.stoa.org/places/462186,NULL,https://wikidata.org/wiki/Q505847,NULL,NULL,NULL,NULL
23.3116,38.2999,"Grove of Demeter and Kore at Potniai","Boiotia Bk9","Potniai (Boeotia)",['alsos'],['9.8.1'],"Potniai (Boeotia)",NULL,NULL,NULL,NULL,NULL,NULL,NULL
22.0722,37.8653,"Summit of mountain 30 stades from Kleitor, likely Ag. Athanasios hill (1050m)","Arcadia Bk8","Arcadia Bk8",['koryphe'],['8.21.4'],NULL,NULL,NULL,NULL,NULL,NULL,NULL,NULL
22.24829,37.65507,"Ostrakina mountain","Arcadia Bk8","Arcadia Bk8",['oros'],"['8.12.2','8.12.3']",NULL,https://pleiades.stoa.org/places/573421,NULL,https://wikidata.org/wiki/Q24992937,NULL,NULL,NULL,NULL
22.1714,37.1109,"Sanctuary of Artemis Limnatis beween Lakonia and Messenia","Lakonia Bk3","Limnai (Messenia)",['hieron'],"['3.2.6','3.7.4','4.31.3','4.4.2']",NULL,NULL,https://topostext.org/place/371222SLim,https://wikidata.org/wiki/Q107161014,NULL,NULL,NULL,NULL
22.80004,37.59918,"Grove of Argus, at Sepeia near Tiryns","Argolid Bk2",Tiryns,['alsos'],"['2.20.8','3.4.1']",Tiryns,NULL,NULL,https://wikidata.org/wiki/Q106350076,NULL,NULL,NULL,NULL
23.726499999999998,37.9742,"Aidos altar, Athens","Athenai Bk1","Athenai Bk1",['bomos'],['1.17.1'],NULL,NULL,https://topostext.org/binder/JB0082,NULL,NULL,NULL,NULL,NULL
22.31536,37.724716,"Graves of piled stone under city, of Orchomenos war dead","Arcadia Bk8","Orchomenos (Arcadia)","['choma ges']",['8.13.3'],"Orchomenos (Arcadia)",NULL,NULL,NULL,NULL,NULL,NULL,NULL
22.42972,37.07333,"Round building by the Skias in Sparta","Lakonia Bk3",Sparta,['oikema'],['3.12.11'],NULL,NULL,NULL,NULL,NULL,NULL,NULL,NULL
16.14501,38.03955,"Zephyrium Pr.","Italia (Europe)","Italia (Europe)",['akra'],"['3.3.1','6.19.6','6.6.4']",NULL,https://pleiades.stoa.org/places/452495,NULL,NULL,NULL,NULL,NULL,NULL
31.1353595,29.9801725,"Great Pyramid","Libya (Africa)","Egypt (region)",['oikema'],['9.36.5'],NULL,https://pleiades.stoa.org/places/704360201,NULL,https://wikidata.org/wiki/Q37200,NULL,NULL,NULL,NULL
27.784,38.7827,"Sanctuary of Persian Artemis in Hierokaisareia","Asia Minor (Asia)",Hierokaisareia,['hieron'],"['5.27.5','5.27.6']",Hierokaisareia,NULL,NULL,https://wikidata.org/wiki/Q134038475,NULL,"Sanctuary of the Persian Lydians",NULL,NULL
23.14146,37.92753,"shore just below Crommyon","Corinthia Bk2",Krommyon,['paralia'],['2.1.3'],Krommyon,NULL,NULL,NULL,NULL,NULL,NULL,NULL
23.364,37.9764,"Tomb of Lelex, Nisaia","Megarid Bk1","Nisaia (Megarid)",['mnema'],['1.44.3'],"Nisaia (Megarid)",NULL,NULL,https://wikidata.org/wiki/Q124644669,https://resource.manto.unh.edu/10210671,NULL,NULL,NULL
-2.910335,37.969207,"Baetis/Certis (river)",Europe,"Iberi (Spain)",['potamos'],['6.19.3'],NULL,https://pleiades.stoa.org/places/256010,NULL,https://wikidata.org/wiki/Q14309,NULL,NULL,NULL,NULL
22.249,37.996,"Springs of Krathis river on Mt. Krathis","Achaia Bk7","Krathis Mt. (Achaia)",['pege'],['7.25.11'],"Krathis Mt. (Achaia)",NULL,NULL,NULL,NULL,NULL,NULL,NULL
23.72522,37.97176,"Propylaia (Athens)","Athenai Bk1","Athenian Acropolis (Athens)",['pylai'],"['1.22.4','1.22.6','1.22.8','1.28.4']",NULL,NULL,https://topostext.org/place/380237BPro,https://wikidata.org/wiki/Q3407649,NULL,NULL,NULL,NULL
22.429,37.464,"Tomb of Leukone not far from city of Tegea","Arcadia Bk8","Tegea (Arkadia)",['mnema'],['8.44.8'],"Tegea (Arkadia)",NULL,NULL,NULL,https://resource.manto.unh.edu/10266914,NULL,NULL,NULL
22.7329,38.5076,"Sanctuary of Athena at Daulis","Phokis Bk10",Daulis,['hieron'],['10.4.9'],NULL,NULL,NULL,https://wikidata.org/wiki/Q134037493,NULL,NULL,NULL,NULL
21.631431,37.63907,"Treasury of the Selinountines at Olympia","Eleia Bk5 Bk6","Treasury terrace north of the Heraion, Olympia",['thesauros'],"['6.19.10','6.19.11']",NULL,NULL,NULL,https://wikidata.org/wiki/Q106956847,NULL,NULL,NULL,NULL
22.728648,37.500864,Dine,"Argolid Bk2","Argolid Bk2",['pege'],['8.7.2'],NULL,https://pleiades.stoa.org/places/570197,NULL,https://wikidata.org/wiki/Q66813871,NULL,NULL,NULL,NULL
22.7195,37.6316,"Place on the wall in Argos, where Telessila placed the women in order to fight with the Lacedaemonians","Argolid Bk2","Walls of Argos",['teichos'],['2.20.9'],"Argos (Argolid)",NULL,NULL,NULL,NULL,NULL,NULL,NULL
22.4203,37.4555,"Athena Alea sanctuary near Tegea","Arcadia Bk8","Tegea (Arkadia)",['hieron'],"['3.5.6','3.7.10','8.4.8','8.41.8','8.45.4']",NULL,https://pleiades.stoa.org/places/372843530,https://topostext.org/place/375224SAth,https://wikidata.org/wiki/Q3983230,https://resource.manto.unh.edu/9614063,NULL,NULL,NULL
22.87812,37.90562,"Glauke fountain (Corinth)","Corinthia Bk2","Corinth (Corinthia)",['pege'],['2.3.6'],NULL,NULL,https://topostext.org/place/379229WGLF,https://wikidata.org/wiki/Q22681295,https://resource.manto.unh.edu/10153083,NULL,NULL,NULL
22.959486,38.495082,"spring worth seeing at Orchomenos","Boiotia Bk9","Orchomenos (Boeotia)",['pege'],['9.38.2'],"Orchomenos (Boeotia)",NULL,NULL,NULL,NULL,NULL,NULL,NULL
25.150727999999997,37.08579,Paros,"Aegean Sea (Hellas)","Paros (island)",['polis'],"['1.32.4','10.28.3','3.18.8','8.47.1','9.22.6']",NULL,https://pleiades.stoa.org/places/599867,NULL,https://wikidata.org/wiki/Q65040323,NULL,NULL,NULL,NULL
22.5056,38.4806,"Third temple at entry to Delphi polis, with imperial portraits","Phokis Bk10","Delphi (polis)",['naos'],['10.8.6'],"Delphi (polis)",NULL,NULL,NULL,NULL,NULL,NULL,NULL
22.26501,36.84279,"Temple of Kassandra/Alexandra in Leuktra","Lakonia Bk3","Leuktra (Lakonia)",['naos'],['3.26.5'],"Leuktra (Lakonia)",NULL,NULL,https://wikidata.org/wiki/Q124616406,NULL,NULL,NULL,NULL
22.49503,37.60963,Prinos,"Arcadia Bk8","Mantineia (Arkadia)",['esbole'],['8.6.4'],NULL,https://pleiades.stoa.org/places/570630,NULL,NULL,NULL,NULL,NULL,NULL
22.9,37.67,Cheimarros,"Argolid Bk2","Argolid Bk2",['potamos'],['2.36.7'],"Argolid Bk2",https://pleiades.stoa.org/places/573171,NULL,NULL,NULL,NULL,NULL,NULL
23.727929999999997,37.9718,"Anteros altar, Athens","Athenai Bk1","Athenai Bk1",['bomos'],['1.30.1'],NULL,NULL,https://topostext.org/binder/JB0162,NULL,NULL,NULL,NULL,NULL
23.9964,37.8118,Kephale,"Attica Bk1","Attica Bk1",['demos'],['1.31.1'],NULL,https://pleiades.stoa.org/places/579971,NULL,https://wikidata.org/wiki/Q13445967,NULL,Cephale,NULL,NULL
21.374,37.89,"Tetragonon gymnasium of Elis","Eleia Bk5 Bk6","Elis polis",['gymnasion'],['6.23.4'],"Elis polis",NULL,NULL,https://wikidata.org/wiki/Q107041213,NULL,NULL,NULL,NULL
23.682,37.992,"Sanctuary of Lakios at Lakiadai","Attica Bk1",Lakiadai,['temenos'],['1.37.2'],NULL,NULL,https://topostext.org/binder/JB1980,NULL,NULL,NULL,NULL,NULL
23.42372,37.74991,"Aigina island Bk2",NULL,"Saronic Gulf",['nesos'],"['10.30.4','2.29.10','2.29.2','2.29.5','2.29.6','2.30.3','2.30.4','2.30.5','2.38.5','2.5.2','3.4.2','3.4.3','5.25.13','8.42.10']",NULL,https://pleiades.stoa.org/places/579844,NULL,https://wikidata.org/wiki/Q191082,NULL,Aegina,https://imperium.ahlfeldt.se/places/43633,NULL
14.991049999999998,38.38338,"Hiera (Hephaistou) (island)","Internum Mare","Islands of Aiolos",['nesos'],['10.11.4'],NULL,https://pleiades.stoa.org/places/462242,NULL,https://wikidata.org/wiki/Q207323,NULL,NULL,NULL,NULL
22.562341,36.763663,"Kastorides gates of Gythion","Lakonia Bk3",Gythion,['pylai'],['3.21.9'],Gythion,NULL,NULL,NULL,NULL,NULL,NULL,NULL
22.626059,38.375439,"Baths of Antikyra in gymnasium","Phokis Bk10",Antikyra,['loutron'],['10.36.9'],Antikyra,NULL,NULL,NULL,NULL,NULL,NULL,NULL
23.3178,38.3191,"Lower city of Thebes, Boeotia","Boiotia Bk9","Thebes (Boeotia)",['polis'],['9.7.6'],"Thebes (Boeotia)",NULL,NULL,NULL,NULL,NULL,NULL,NULL
22.8416,38.4944,"Chaironea (Boeotia)","Boiotia Bk9","Boiotia Bk9",['battlefield'],"['1.18.8','1.20.6','1.25.3','1.27.5','1.29.13','1.41.8','10.3.3','10.3.4','10.35.8','10.4.1','4.28.2','5.20.10','5.4.9','6.4.7','7.15.6','7.15.9','7.6.5','8.27.10','8.6.2','9.1.8','9.29.8','9.40.5','9.40.6','9.41.7','9.6.5']",NULL,https://pleiades.stoa.org/places/540701,https://topostext.org/place/385228PCha,https://wikidata.org/wiki/Q13574678,NULL,NULL,NULL,NULL
23.630098,38.387159,Graia,"Boiotia Bk9","Boiotia Bk9",['polis'],['9.20.2'],NULL,https://pleiades.stoa.org/places/540796,NULL,https://wikidata.org/wiki/Q15616542,NULL,NULL,NULL,NULL
21.5735,37.6875,"Herakleia (Eleia)","Eleia Bk5 Bk6","Eleia Bk5 Bk6",['kome'],['6.22.7'],NULL,NULL,https://topostext.org/place/377216PHer,https://wikidata.org/wiki/Q26721041,NULL,NULL,NULL,NULL
21.6311,37.639,"Treasury of the Sybarites, Olympia","Eleia Bk5 Bk6","Treasury terrace north of the Heraion, Olympia",['thesauros'],"['6.19.10','6.19.9']","Treasury terrace north of the Heraion, Olympia",NULL,NULL,https://wikidata.org/wiki/Q106956848,NULL,NULL,NULL,NULL
23.42372,37.74991,"Temple of Artemis in Aigina","Aigina island Bk2","Aigina polity",['naos'],['2.30.1'],"Aigina polity",NULL,NULL,NULL,NULL,NULL,NULL,NULL
23.026,36.731,"Acropolis of Epidauros Limera","Lakonia Bk3","Epidaurus Limera (Laconia)",['acropolis'],['3.23.10'],"Epidaurus Limera (Laconia)",NULL,NULL,https://wikidata.org/wiki/Q124616549,NULL,NULL,NULL,NULL
22.1273,37.4124,"House for Alexander near Thersilion of Megalopolis, private property now","Arcadia Bk8","Megalopolis southern part beyond the Helisson",['oikia'],['8.32.1'],"Megalopolis (Arkadia)",NULL,NULL,NULL,NULL,NULL,NULL,NULL
22.45,37.625,"Argon Pedion","Arcadia Bk8","Mantineia (Arkadia)",['pedion'],"['8.7.1','8.7.4','8.8.1']",NULL,https://pleiades.stoa.org/places/570105,NULL,https://wikidata.org/wiki/Q70091883,NULL,NULL,NULL,NULL
21.89418,37.26486,"Elektra (river)","Messenia Bk4","Messenia Bk4",['potamos'],"['4.33.6','4.33.7']",NULL,https://pleiades.stoa.org/places/570215,NULL,NULL,NULL,NULL,NULL,NULL
22.9968,38.4128,"Phalaros river flowing into Kopaic Lake","Boiotia Bk9","Athena Itonia sanctuary in Boeotia",['potamos'],['9.34.5'],"Athena Itonia sanctuary in Boeotia",NULL,NULL,NULL,NULL,NULL,NULL,NULL
22.562341,36.763663,"Sanctuary of Demeter at Gythion","Lakonia Bk3",Gythion,['hieron'],['3.21.8'],Gythion,NULL,NULL,https://wikidata.org/wiki/Q124616468,NULL,NULL,NULL,NULL
21.630126,37.637849,"Altar of the Nymphs at Olympia","Eleia Bk5 Bk6",Olympia,['bomos'],['5.14.10'],Olympia,NULL,NULL,NULL,NULL,NULL,NULL,NULL
22.42659,37.08188,"Ancient Ephoreia in Sparta","Lakonia Bk3","Agora of Sparta",['oikema'],['3.11.11'],"Agora of Sparta",NULL,NULL,NULL,NULL,NULL,NULL,NULL
21.7383,38.2433,"Odeion of Patrae (Achaia)","Achaia Bk7",Patrae,['Odeion'],['7.20.6'],NULL,NULL,https://topostext.org/place/382217BOde,https://wikidata.org/wiki/Q16327108,NULL,NULL,NULL,NULL
23.4228,37.5022,Kelenderis,"Troizenia Bk2","Troizenia Bk2",['limen'],['2.32.9'],NULL,https://pleiades.stoa.org/places/573281,NULL,NULL,NULL,NULL,NULL,NULL
23.7329,37.9686,"underground passage in peribolos near Aphrodite in the Gardens","Athenai Bk1","Gardens, location, Athens",['tunnel'],['1.27.3'],"Gardens, location, Athens",NULL,NULL,NULL,NULL,NULL,NULL,NULL
21.62845,37.63929,"Trophy from Arcadians on crepis of gymnasium at Olympia","Eleia Bk5 Bk6","Gymnasium (Olympia)",['tropaion'],['6.21.2'],"Gymnasium (Olympia)",NULL,NULL,NULL,NULL,NULL,NULL,NULL
22.12724177,37.41016271,"Megalopolis Theater","Arcadia Bk8","Megalopolis southern part beyond the Helisson",['theatron'],"['2.27.5','8.32.1','8.32.3']",NULL,NULL,https://topostext.org/place/374221BMTh,https://wikidata.org/wiki/Q22681531,NULL,NULL,https://imperium.ahlfeldt.se/places/24209,NULL
23.062,36.517,"Temple of Asklepios at Boiai","Lakonia Bk3","Boiai (Lakonia)",['naos'],['3.22.13'],"Boiai (Lakonia)",NULL,NULL,https://wikidata.org/wiki/Q124616357,NULL,NULL,NULL,NULL
23.34285,37.997,"sanctuary of Apollo Prostaterios at Megara","Megarid Bk1","Megara (Megarid)",['hieron'],['1.44.2'],"Megara (Megarid)",NULL,NULL,https://wikidata.org/wiki/Q124644664,https://resource.manto.unh.edu/11191165,NULL,NULL,NULL
20.25,39.75,"Aornon place in Thesprotia with oracle of the dead","Hellas (Europe)",Thesprotia,"['mythic site']",['9.30.6'],Thesprotia,NULL,NULL,NULL,NULL,NULL,NULL,NULL
15.21394,38.79272,"Strongyle (island)","Internum Mare","Islands of Aiolos",['nesos'],['10.11.4'],NULL,https://pleiades.stoa.org/places/452455,NULL,https://wikidata.org/wiki/Q131148,NULL,NULL,NULL,NULL
22.2869,37.2785,"Hermaion by Belemina on Megalopolis-Lakedaimonia border","Arcadia Bk8","Belemina (Lakonia)",['horos'],['8.35.3'],"Belemina (Lakonia)",https://pleiades.stoa.org/places/573250,NULL,NULL,NULL,NULL,NULL,NULL
23.717999999999996,37.981,"Tomb of Apollodoros, Athens","Athenai Bk1","Athenai Bk1",['taphos'],['1.29.10'],NULL,NULL,https://topostext.org/binder/JB0347,NULL,NULL,NULL,NULL,NULL
22.62501,37.92049,"Titane at road summit from Sicyon","Sikyonia Bk2",Titane,['koryphe'],['2.11.5'],Titane,NULL,NULL,NULL,NULL,NULL,NULL,NULL
23.949000000000005,38.1232,"Plataean Tumulus (Marathon)","Attica Bk1","Marathon deme",['mnema'],['1.32.3'],NULL,https://pleiades.stoa.org/places/774102407,https://topostext.org/place/381239GPla,https://wikidata.org/wiki/Q111512673,NULL,NULL,NULL,NULL
22.03143,37.38957,"Stoa in hieron of Pan at Lykosoura","Arcadia Bk8","Sanctuary of Despoina at Lykosoura",['stoa'],['8.37.11'],"Sanctuary of Despoina at Lykosoura",NULL,NULL,NULL,NULL,NULL,NULL,NULL
23.403247,38.317722,"unfinished temple of Demeter and Kore in ruins of Skôlos","Boiotia Bk9",Skolos,['naos'],['9.4.4'],Skolos,NULL,NULL,NULL,NULL,NULL,NULL,NULL
22.562341,36.763663,"Temple of Asklepios in Gythion","Lakonia Bk3",Gythion,['naos'],['3.21.8'],Gythion,NULL,NULL,https://wikidata.org/wiki/Q124616356,NULL,NULL,NULL,NULL
22.8802,37.9054,"Temple of the Moirai (Fates) in Corinth, toward Acrocorinth","Corinthia Bk2","Corinth (Corinthia)",['naos'],['2.4.7'],"Corinth (Corinthia)",NULL,NULL,NULL,NULL,NULL,NULL,NULL
22.1976,38.345,"Sanctuary of Aphrodite in Oiantheia","Ozolian Lokris Bk10","Oiantheia/Euantheia (Phokis)",['hieron'],['10.38.9'],"Oiantheia/Euantheia (Phokis)",NULL,NULL,https://wikidata.org/wiki/Q134037069,NULL,NULL,NULL,NULL
23.722745,37.975546,"Temple of Ares (Athens Agora)","Athenai Bk1","Agora of Athens",['hieron'],['1.8.4'],NULL,https://pleiades.stoa.org/places/468194251,https://topostext.org/place/380237SAre,https://wikidata.org/wiki/Q2405583,NULL,NULL,NULL,NULL
21.9,38.2,"Achaea Roman province","Achaia Bk7","Achaia Bk7",['chora'],['5.12.6'],"Achaia Bk7",https://pleiades.stoa.org/places/981502,NULL,https://wikidata.org/wiki/Q204772,NULL,NULL,NULL,NULL
14.213048600000002,41.1061258,Capua,"Italia (Europe)",Campania,['polis'],['5.12.3'],NULL,https://pleiades.stoa.org/places/432754,NULL,https://wikidata.org/wiki/Q3136685,NULL,NULL,NULL,NULL
21.63042,37.63794,"Throne of Zeus statue in temple of Zeus at Olympia","Eleia Bk5 Bk6","Zeus temple (Olympia)",['thronos'],"['5.11.1','5.11.4']","Zeus temple (Olympia)",NULL,NULL,NULL,NULL,NULL,NULL,NULL
12.839871000000002,37.939199,Egesta,"Sicilia (island)","Sicilia (island)",['polis'],['3.16.5'],NULL,https://pleiades.stoa.org/places/462487,NULL,https://wikidata.org/wiki/Q692847,NULL,Segesta,NULL,NULL
23.725000000000005,37.975,"Sanctuary of Perseus, Athens","Athenai Bk1","Athenai Bk1",['temenos'],['2.18.1'],NULL,NULL,https://topostext.org/binder/JB2407,NULL,NULL,NULL,NULL,NULL
23.682,37.992,"Tomb of Anthemokritos on Sacred Way","Attica Bk1","Sacred Way from Athens to Eleusis",['mnema'],"['1.36.3','1.36.4']",NULL,NULL,https://topostext.org/binder/JB0164,NULL,NULL,NULL,NULL,NULL
22.33313,37.84092,"Swallowhole under Skiathis","Arcadia Bk8","Plain of Pheneatis",['barathron'],"['8.14.1','8.14.2','8.14.4']",NULL,NULL,NULL,NULL,NULL,"Barathron of Pheneus",NULL,NULL
22.139365,37.484682,Paroria,"Arcadia Bk8",Eutresia,['settlement'],"['8.27.3','8.35.6','8.35.7']",NULL,https://pleiades.stoa.org/places/570562,NULL,https://wikidata.org/wiki/Q3605950,NULL,NULL,NULL,NULL
21.8,37.2,"Trikka, Messenia","Messenia Bk4","Messenia Bk4",['chorion'],['4.3.2'],"Messenia Bk4",https://pleiades.stoa.org/places/573568,NULL,NULL,NULL,NULL,NULL,NULL
22.4237,37.0821,"Tomb of Eukosmos son of Lykourgos in Sparta","Lakonia Bk3","Sanctuary of Lykourgos in Sparta",['taphos'],['3.16.6'],"Sanctuary of Lykourgos in Sparta",NULL,NULL,https://wikidata.org/wiki/Q124616327,NULL,NULL,NULL,NULL
22.429,37.464,"Monument to Apollo Agyieus, Tegea","Arcadia Bk8","Tegea (Arkadia)",['monument'],"['8.53.1','8.53.6']","Tegea (Arkadia)",NULL,NULL,NULL,NULL,NULL,NULL,NULL
22.1273,37.4124,"Philippeion stoa in Megalopolis","Arcadia Bk8","Megalopolis (Arkadia)",['stoa'],['8.30.6'],"Megalopolis (Arkadia)",NULL,https://topostext.org/place/374221BPhi,NULL,NULL,NULL,NULL,NULL
35.238333,31.928332999999995,Iudaea,"Asia (continent)",Palaestina,['chora'],"['4.35.9','5.7.4']",NULL,https://pleiades.stoa.org/places/981527,https://topostext.org/place/316353UIud,https://wikidata.org/wiki/Q104028,NULL,Judaea,NULL,NULL
27.142222,38.115556,"Grove of Apollo at Kolophon","Asia Minor (Asia)",Colophon,['alsos'],['7.5.10'],Colophon,NULL,NULL,NULL,NULL,NULL,NULL,NULL
23.026,36.731,"Harbor of Epidauros Limera","Lakonia Bk3","Epidaurus Limera (Laconia)",['limen'],['3.23.10'],"Epidaurus Limera (Laconia)",NULL,NULL,https://wikidata.org/wiki/Q124616409,NULL,NULL,NULL,NULL
23.8068,38.0263,"altar of Kore Protogone in temple of Demeter at Phlya","Attica Bk1","temple of Demeter et al in Phlya, Attica",['bomos'],['1.31.4'],"temple of Demeter et al in Phlya, Attica",NULL,NULL,NULL,NULL,"Altar of Kore First-Born",NULL,NULL
22.796,37.565,"Sanctuary of Poseidon in Nauplia","Argolid Bk2",Nauplia,['hieron'],['2.38.2'],Nauplia,NULL,NULL,https://wikidata.org/wiki/Q134037527,NULL,NULL,NULL,NULL
22.74021,37.86195,"Apesas (mountain)","Corinthia Bk2","Corinthia Bk2",['oros'],['2.15.3'],NULL,https://pleiades.stoa.org/places/570090,NULL,https://wikidata.org/wiki/Q25069696,NULL,NULL,NULL,NULL
22.42659,37.08188,"Persian stoa in Sparta","Lakonia Bk3","Agora of Sparta",['stoa'],['3.11.3'],"Agora of Sparta",NULL,NULL,https://wikidata.org/wiki/Q28721313,NULL,NULL,NULL,NULL
23.5841,38.3074,"Temple of Apollo in Tanagra, with Artemis and Leto","Boiotia Bk9","sacred district of Tanagra",['naos'],['9.22.1'],"sacred district of Tanagra",NULL,NULL,NULL,NULL,NULL,NULL,NULL
27.19292,38.00466,"grave of Colophonians and Smyrnaeans near Clarus","Asia Minor (Asia)",Klaros,['mnema'],['7.3.4'],Klaros,NULL,NULL,NULL,NULL,NULL,NULL,NULL
23.7168,37.9816,"Demosion Sema, Olynthos, Athens","Athenai Bk1","Demosion Sema war graves, Athens",['taphos'],['1.29.7'],NULL,NULL,https://topostext.org/binder/JB1067,NULL,NULL,NULL,NULL,NULL
23.743299999999998,37.974,"Lykeion palaistra, Athens","Athenai Bk1","Athenai Bk1",['gymnasion'],['1.19.3'],NULL,NULL,https://topostext.org/binder/JB0302,NULL,NULL,NULL,NULL,NULL
23.243591,37.385218,"Temple of Helios on Hermione promontory","Hermionis Bk2","Promontory of Hermione",['naos'],['2.34.10'],"Promontory of Hermione",NULL,NULL,NULL,NULL,NULL,NULL,NULL
21.627,37.64,"Ruined buildings beyond tomb of Oinomaos, his stables","Eleia Bk5 Bk6","Eleia Bk5 Bk6",['ereipia'],['6.21.3'],NULL,NULL,NULL,NULL,NULL,NULL,NULL,NULL
22.78573,37.70559,"Euboia (mountain)","Argolid Bk2","Argolid Bk2",['oros'],"['2.17.1','2.17.2']",NULL,https://pleiades.stoa.org/places/570245,NULL,NULL,NULL,"Euboea hill",NULL,NULL
23.706200000000003,37.9373,"Hera temple in Phaleron","Attica Bk1","road Phaleron to Athens",['naos'],"['1.1.5','10.35.2']",Phaleron,NULL,https://topostext.org/binder/JB1518,NULL,NULL,NULL,NULL,NULL
23.715,37.995,"Grove of Poseidon Hippios, Kolonos","Athenai Bk1","Kolonos Hippios",['alsos'],['1.30.4'],"Kolonos Hippios",NULL,NULL,NULL,NULL,NULL,NULL,NULL
23.732,37.966,"Iolaos altar at Kynosarges","Athenai Bk1","Kynosarges sanctuary south of Athens",['bomos'],['1.19.3'],"Kynosarges sanctuary south of Athens",NULL,https://topostext.org/binder/JB1800,NULL,NULL,"altar of Iolaus, Athens",NULL,NULL
23.9937505,37.926189,"Sanctuary of Artemis Brauronia in Attica","Attica Bk1","Attica Bk1",['hieron'],"['1.33.1','3.16.7','3.16.8','8.46.3']",NULL,https://pleiades.stoa.org/places/579879,NULL,https://wikidata.org/wiki/Q475497,NULL,NULL,NULL,NULL
22.3503405,36.9528148,"Taygetos (mountain)","Lakonia Bk3","Lakonia Bk3",['oros'],"['3.1.2','3.20.2','3.20.3','3.20.4','3.20.5','3.20.7','3.24.9','4.7.2','8.24.4']",NULL,https://pleiades.stoa.org/places/570706,NULL,https://wikidata.org/wiki/Q515809,NULL,NULL,NULL,NULL
23.8068,38.0263,"Altar of Dionysus Anthius at Phlya","Attica Bk1",Phlya,['bomos'],['1.31.4'],Phlya,NULL,NULL,NULL,NULL,NULL,NULL,NULL
22.9166,38.4151,"Laphystion mountain","Boiotia Bk9","Boiotia Bk9",['oros'],"['9.34.5','9.34.6','9.34.7']",NULL,NULL,https://topostext.org/place/384229LLap,https://wikidata.org/wiki/Q24888313,NULL,NULL,NULL,NULL
27.801765,39.142114,Stratonicaea/Hadrianopolis,"Asia Minor (Asia)",Mysia,['polis'],['5.21.10'],NULL,https://pleiades.stoa.org/places/550898,NULL,https://wikidata.org/wiki/Q16330587,NULL,NULL,NULL,NULL
22.3244,37.2083,Lankia,"Lakonia Bk3","Pellana (Lakonia)",['pege'],['3.21.2'],"Pellana (Lakonia)",https://pleiades.stoa.org/places/573331,NULL,NULL,NULL,"Lancia spring near Pellana",NULL,NULL
22.168,37.652,"Maloitas (river)","Arcadia Bk8","Arcadia Bk8",['potamos'],"['8.36.1','8.36.2']",NULL,https://pleiades.stoa.org/places/570457,NULL,NULL,NULL,NULL,NULL,NULL
23.09367,37.61291,"Sanctuary of Artemis Coryphaea atop Mt. Koryphos","Epidauria Bk2","Koryphos M.",['hieron'],['2.28.2'],"Koryphos M.",NULL,NULL,https://wikidata.org/wiki/Q134037667,NULL,"Artemis Koryphaia sanctuary",NULL,NULL
26.935000000000002,37.695,"Samos polis","Aegean Sea (Hellas)","Samos (island)",['polis'],"['1.2.3','7.4.4']",NULL,https://pleiades.stoa.org/places/599925,https://topostext.org/place/377269PSam,https://wikidata.org/wiki/Q13580795,NULL,NULL,NULL,NULL
22.09,36.83,"Messenian gulf","Messenia Bk4","Messenia Bk4",['kolpos'],"['3.26.2','4.34.4']",NULL,https://pleiades.stoa.org/places/570123,https://topostext.org/place/368221WMes,https://wikidata.org/wiki/Q1474634,NULL,"Asinaean gulf Coronaeus sinus",NULL,NULL
20.091198,32.109789,Euesperides,"Libya (Africa)","Libya (Africa)",['settlement'],"['4.26.2','4.26.3','4.26.5']",NULL,https://pleiades.stoa.org/places/373786,NULL,https://wikidata.org/wiki/Q819047,NULL,NULL,NULL,NULL
24.420400000000004,38.0165,Karystos,"Euboea (island)","Euboea (island)",['settlement'],"['1.25.4','1.32.3']",NULL,https://pleiades.stoa.org/places/570336,NULL,https://wikidata.org/wiki/Q13554032,NULL,NULL,NULL,NULL
22.3969,37.9397,"temple of Hermes on summit of Kyllene, ruined","Arcadia Bk8","Kyllene Mt.",['naos'],['8.17.1'],"Kyllene Mt.",NULL,NULL,NULL,NULL,NULL,NULL,NULL
22.905228,38.596346,"Stoa of Hadrian at Hyampolis","Phokis Bk10",Hyampolis,['stoa'],['10.35.6'],Hyampolis,NULL,NULL,NULL,NULL,NULL,NULL,NULL
23.72512,37.97146,"Mycenaean walls (Athens Acropolis)","Athenai Bk1","Athenai Bk1",['teichos'],"['1.21.3','1.22.4','1.28.3']",NULL,NULL,https://topostext.org/place/380237FMyc,NULL,NULL,NULL,NULL,NULL
22.956902,38.392613,"Agora of Korôneia","Boiotia Bk9","Koroneia (Boeotia)",['agora'],['9.34.3'],"Koroneia (Boeotia)",NULL,NULL,https://wikidata.org/wiki/Q133963434,NULL,NULL,NULL,NULL
22.88807,37.93277,"Sanctuary of Poseidon at Lechaion","Corinthia Bk2",Lechaion,['hieron'],['2.2.3'],Lechaion,NULL,NULL,https://wikidata.org/wiki/Q134037594,NULL,NULL,NULL,NULL
21.8368,37.6593,Pedion,"Arcadia Bk8","Arcadia Bk8",['horos'],['8.25.12'],NULL,https://pleiades.stoa.org/places/570569,NULL,NULL,NULL,NULL,NULL,NULL
26.9211,39.0916,"Atarneus in Aeolis","Asia Minor (Asia)",Aeolis,['polis'],"['4.35.10','7.2.11']",NULL,https://pleiades.stoa.org/places/550469,NULL,https://wikidata.org/wiki/Q194810,NULL,NULL,https://imperium.ahlfeldt.se/places/29508,NULL
23.34285,37.997,"tomb of Astykrateia and Manto in Megara","Megarid Bk1","Dionysion in Megara",['mnema'],['1.43.5'],"Dionysion in Megara",NULL,NULL,https://wikidata.org/wiki/Q124644656,https://resource.manto.unh.edu/10192038,NULL,NULL,NULL
31.2313,30.091800000000003,"Delta of the Nile","Libya (Africa)","Egypt (region)",['nesos'],['6.26.9'],"Nilus (river)",https://pleiades.stoa.org/places/730105,NULL,NULL,NULL,NULL,NULL,NULL
26.052999999999997,38.414,"Tomb of Oinopion at Chios","Aegean Sea (Hellas)","Chios (island)","['taphos','tourist attraction']",['7.5.13'],"Chios (island)",NULL,NULL,NULL,https://resource.manto.unh.edu/10272270,NULL,NULL,NULL
22.8745,37.528,"Sanctuary of Apollo Pythaeus in Asine, Argolid","Argolid Bk2","Asine (Argolid)",['hieron'],['2.36.5'],"Asine (Argolid)",NULL,NULL,https://wikidata.org/wiki/Q134037554,NULL,NULL,NULL,NULL
22.87352,38.431063,"Sanctuary of Apollo at Lebadeia","Boiotia Bk9",Lebadeia,['hieron'],['9.39.4'],Lebadeia,NULL,NULL,https://wikidata.org/wiki/Q134037543,NULL,NULL,NULL,NULL
22.258258,37.278823,"Temple of Athena near Athenaion","Arcadia Bk8","road Megalopolis to Pallantion and Tegea",['naos'],['8.44.2'],NULL,NULL,NULL,NULL,NULL,NULL,NULL,NULL
30.143764,38.33261,Stektorion,"Asia Minor (Asia)",Phrygia,['polis'],['10.27.1'],NULL,https://pleiades.stoa.org/places/609535,NULL,https://wikidata.org/wiki/Q131911713,NULL,NULL,NULL,NULL
35.590564,32.8138046,"Tiberiadis Mare/Gennesar Lacus","Asia (continent)",Palaestina,['limne'],['5.7.4'],NULL,https://pleiades.stoa.org/places/678430,NULL,https://wikidata.org/wiki/Q126982,NULL,NULL,NULL,NULL
23.448834,38.498583,"Sanctuary and grove of the Kabeiri in Anthedon","Boiotia Bk9",Anthedon,['alsos'],['9.22.5'],Anthedon,NULL,NULL,NULL,NULL,NULL,NULL,NULL
23.4803,37.5227,"Enclosure of Sanctuary of Poseidon in Kalaureia","Troizenia Bk2","Poseidon of Kalaureia (Poros)",['peribolos'],['2.33.3'],"Poseidon of Kalaureia (Poros)",NULL,NULL,NULL,NULL,NULL,NULL,NULL
27.249999999999996,38.25,"Meles river of Smyrna","Asia Minor (Asia)","Smyrna (Ionia)",['potamos'],"['7.5.12','7.5.3']",NULL,https://pleiades.stoa.org/places/550729,NULL,NULL,NULL,NULL,NULL,NULL
23.34285,37.997,"Night oracle in Megara","Megarid Bk1","Megara (Megarid)",['manteion'],['1.40.6'],"Megara (Megarid)",NULL,NULL,https://wikidata.org/wiki/Q124644617,NULL,NULL,NULL,NULL
23.26278,37.34678,"Bouporthmos (mountain)","Hermionis Bk2","Hermionis Bk2",['oros'],"['2.34.8','2.34.9']",NULL,https://pleiades.stoa.org/places/570165,NULL,https://wikidata.org/wiki/Q131360046,NULL,NULL,NULL,NULL
21.05,38.6917,Akarnania,"Hellas (Europe)","Hellas (Europe)",['chora'],"['1.28.3','3.13.4','4.25.5','7.18.9']",NULL,https://pleiades.stoa.org/places/530767,NULL,https://wikidata.org/wiki/Q416070,NULL,Acarnania,NULL,NULL
22.4237,37.0821,"Altar in sanctuary of Lykourgos in Sparta","Lakonia Bk3","Sanctuary of Lykourgos in Sparta",['bomos'],['3.16.6'],"Sanctuary of Lykourgos in Sparta",NULL,NULL,https://wikidata.org/wiki/Q124616539,NULL,NULL,NULL,NULL
23.34285,37.997,"temple of Apollo Agraios and Artemis Agrotera in Megara","Megarid Bk1","Megara (Megarid)",['naos'],"['1.41.3','1.41.6']","Megara (Megarid)",NULL,NULL,https://wikidata.org/wiki/Q124644625,NULL,NULL,NULL,NULL
29.750000000000004,38.75,"rivers beyond Ionia, the exhalation from which is deadly to man","Asia Minor (Asia)","Ionia (region)",['potamos'],['5.5.9'],Phrygia,NULL,NULL,NULL,NULL,NULL,NULL,NULL
26.780688,40.485384,Paktye,"Thrace (Europe)","Chersonesus (Thrace)",['settlement'],['1.10.5'],NULL,https://pleiades.stoa.org/places/501546,NULL,https://wikidata.org/wiki/Q7123145,NULL,NULL,NULL,NULL
33.23855022,41.44846297,"Paphlagonia (region)","Asia (continent)","Asia Minor (Asia)",['chora'],['1.8.1'],NULL,https://pleiades.stoa.org/places/845034,NULL,https://wikidata.org/wiki/Q622032,NULL,NULL,NULL,NULL
23.243591,37.385218,"Fountain in Hermione, ancient","Hermionis Bk2",Hermione,['pege'],['2.35.3'],Hermione,NULL,NULL,NULL,NULL,NULL,NULL,NULL
22.8426,36.6845,"Sanctuary of Asklepios Philolaus above Asopos","Lakonia Bk3","Asopos (Lakonia)",['hieron'],['3.22.9'],"Asopos (Lakonia)",NULL,NULL,https://wikidata.org/wiki/Q124616353,NULL,NULL,NULL,NULL
22.4535,37.0658,"Tomb of Menelaus and Helen at Menelaion","Lakonia Bk3","Menelaion (Lakonia)",['taphos'],['3.19.9'],"Menelaion (Lakonia)",NULL,NULL,NULL,NULL,NULL,NULL,NULL
23.3116,38.2999,"halls (megara), grove of Demeter and Kore at Potniai","Boiotia Bk9","Grove of Demeter and Kore at Potniai",['megaron'],['9.8.1'],"Grove of Demeter and Kore at Potniai",NULL,NULL,NULL,NULL,NULL,NULL,NULL
23.00169,38.385259,"oak tree used for Daidalon","Boiotia Bk9","oak forest near Alalkomenai",['drys'],['9.3.4'],"oak forest near Alalkomenai",NULL,NULL,NULL,NULL,NULL,NULL,NULL
22.1828,37.8367,"Springs of the Ladon near Lykouria","Arcadia Bk8","Ladon river",['pege'],"['8.20.1','8.25.2']",NULL,NULL,NULL,NULL,NULL,"springs near Kleitoria",NULL,NULL
22.42665,37.0815,"Sanctuary of Athena Agoraia at Sparta","Lakonia Bk3","Choros (Sparta)",['hieron'],['3.11.9'],"Choros (Sparta)",NULL,NULL,https://wikidata.org/wiki/Q124616592,NULL,NULL,NULL,NULL
23.3154,38.3215,"Neistian gate of Thebes","Boiotia Bk9","Thebes (Boeotia)",['pylai'],"['9.25.1','9.25.4','9.8.4']",NULL,NULL,https://topostext.org/place/383233FNei,https://wikidata.org/wiki/Q106526386,NULL,"Neistan gate",NULL,NULL
22.209,37.579,Anemosa,"Arcadia Bk8","Arcadia Bk8",['chorion'],['8.35.9'],NULL,https://pleiades.stoa.org/places/570080,NULL,https://wikidata.org/wiki/Q48781590,NULL,NULL,NULL,NULL
22.8956,38.6366,"Sanctuary of Apollo of Abai","Phokis Bk10",Abai,['hieron'],"['10.35.2','10.35.3']",NULL,NULL,https://topostext.org/place/386229SAba,https://wikidata.org/wiki/Q38281622,NULL,NULL,NULL,NULL
23.6559,37.9406,Munychia,"Attica Bk1",Peiraieus/Piraeus,['settlement'],"['1.1.4','1.25.5','1.26.3','2.8.6']",NULL,https://pleiades.stoa.org/places/116035285,NULL,https://wikidata.org/wiki/Q1611219,NULL,NULL,NULL,NULL
22.34,37.456,"Pallantic Plain","Arcadia Bk8","Pallantion (Arkadia)",['pedion'],['8.44.5'],NULL,NULL,NULL,NULL,NULL,NULL,NULL,NULL
21.630126,37.637849,"Altar of the Despoines at Olympia","Eleia Bk5 Bk6",Olympia,['bomos'],['5.15.4'],Olympia,NULL,NULL,NULL,NULL,NULL,NULL,NULL
32.898,24.0811,Syene,"Libya (Africa)","Egypt (region)",['settlement'],"['1.33.4','5.7.4','6.26.2','8.38.6']",NULL,https://pleiades.stoa.org/places/786123,NULL,https://wikidata.org/wiki/Q29888,NULL,NULL,NULL,NULL
23.396935,38.391809,Glisas,"Boiotia Bk9","Boiotia Bk9",['settlement'],"['1.44.4','9.19.2','9.19.3','9.5.13','9.8.6','9.9.4']",NULL,https://pleiades.stoa.org/places/540791,NULL,https://wikidata.org/wiki/Q11924352,NULL,NULL,NULL,NULL
22.4237,37.0821,"Tomb of Kynortas in Sparta near the Skias","Lakonia Bk3","Skias of Sparta",['taphos'],['3.13.1'],"Skias of Sparta",NULL,NULL,https://wikidata.org/wiki/Q124616317,https://resource.manto.unh.edu/10151175,NULL,NULL,NULL
27.424112,37.037864,Halicarnassus/Halikarnassos,"Asia Minor (Asia)","Caria region",['polis'],"['2.30.9','3.11.3','8.16.4']",NULL,https://pleiades.stoa.org/places/599636,NULL,https://wikidata.org/wiki/Q5843680,NULL,NULL,NULL,NULL
21.631,37.641,Kronion,"Eleia Bk5 Bk6",Olympia,['oros'],"['5.21.2','6.19.1','6.20.1','6.20.2']",NULL,https://pleiades.stoa.org/places/573311,https://topostext.org/place/368228LKro,https://wikidata.org/wiki/Q1250184,NULL,"Kronion hill, Olympia",NULL,NULL
21.738518,38.243265,"Altar of Artemis Triklaria","Achaia Bk7","Sanctuary of Artemis Triklaria, at Meilichos river",['bomos'],['7.19.8'],"Sanctuary of Artemis Triklaria, at Meilichos river",NULL,NULL,NULL,NULL,NULL,NULL,NULL
22.4237,37.0821,"Sanctuary of Earth Gasêpton at Sparta","Lakonia Bk3",Sparta,['hieron'],['3.12.8'],Sparta,NULL,NULL,https://wikidata.org/wiki/Q124616434,NULL,NULL,NULL,NULL
23.3484,37.5033,"Sacred stone in front of the temple of Artemis Lykeia in Troizen","Troizenia Bk2","Troizen (Troizenia)",['petra'],['2.31.4'],"Troizen (Troizenia)",NULL,NULL,NULL,NULL,NULL,NULL,NULL
23.707,37.992,"Athena altar in the Academy, Athens","Athenai Bk1","Academy of Plato, Athens",['bomos'],['1.30.2'],"Academy of Plato, Athens",NULL,https://topostext.org/binder/JB0513,NULL,NULL,NULL,NULL,NULL
22.500741,38.482335,"Treasury of the Potidaians at Delphi, built out of piety","Phokis Bk10","Sanctuary of Pythian Apollo at Delphi",['thesauros'],['10.11.5'],NULL,NULL,NULL,https://wikidata.org/wiki/Q105410185,NULL,NULL,NULL,NULL
21.695,37.027,"Palace of Nestor","Messenia Bk4","Pylos/Palace of Nestor (Messenia)",['oikema'],['4.3.7'],"Pylos/Palace of Nestor (Messenia)",NULL,NULL,https://wikidata.org/wiki/Q2047396,NULL,NULL,NULL,NULL
23.732,37.966,"Kynosarges sanctuary south of Athens","Athenai Bk1","Athenai Bk1",['hieron'],['1.19.3'],NULL,NULL,https://topostext.org/place/380237BKyn,https://wikidata.org/wiki/Q940907,NULL,"Cynosarges sanctuary, Athens",NULL,NULL
21.9195,37.1779,"Clepsydra source feeding Arsinoe fountain","Messenia Bk4","Messene (Messenia)",['pege'],['4.31.6'],"Messene (Messenia)",NULL,NULL,NULL,https://resource.manto.unh.edu/10126125,NULL,NULL,NULL
21.374,37.89,"Peribolos of Hades at sanctuary in Elis","Eleia Bk5 Bk6","Sanctuary of Hades at Elis",['peribolos'],['6.25.2'],"Sanctuary of Hades at Elis",NULL,NULL,NULL,NULL,NULL,NULL,NULL
23.5841,38.3074,"Stoa by the theater in Tanagra","Boiotia Bk9","sacred district of Tanagra",['stoa'],['9.22.2'],"sacred district of Tanagra",NULL,NULL,NULL,NULL,NULL,NULL,NULL
22.7195,37.6316,"Tomb/Cenotaph of Hyrnetho","Argolid Bk2","Argos (Argolid)",['cenotaph'],['2.23.3'],"Argos (Argolid)",NULL,NULL,NULL,NULL,NULL,NULL,NULL
22.377,37.675,Maira,"Arcadia Bk8","road Mantineia to Orchomenos via Maera",['kome'],['8.12.7'],NULL,NULL,NULL,https://wikidata.org/wiki/Q15217538,NULL,Maera,NULL,NULL
22.4775,38.4672,"Pleistos river (Phokis)","Phokis Bk10","Phokis Bk10",['potamos'],"['10.37.7','10.8.8']",NULL,NULL,https://topostext.org/place/385225WPle,https://wikidata.org/wiki/Q3537166,NULL,NULL,NULL,NULL
22.461269,37.616101,Nestane,"Arcadia Bk8","Mantineia (Arkadia)",['kome'],"['8.7.4','8.8.1']",NULL,https://pleiades.stoa.org/places/570507,NULL,https://wikidata.org/wiki/Q60791907,NULL,NULL,NULL,NULL
26.4,40.2,Hellespontus,"Asia (continent)","Asia Minor (Asia)",['strait'],"['1.29.10','1.29.13','1.6.5','10.15.3','3.17.8','3.4.9','9.27.1']",NULL,https://pleiades.stoa.org/places/501434,NULL,https://wikidata.org/wiki/Q6514,NULL,NULL,NULL,NULL
22.4867,36.4018,"Tainaron cape sanctuary","Lakonia Bk3","Tainaron (promontory)","['hieron','settlement']","['2.33.2','3.25.9','4.24.5','7.25.3']",NULL,https://pleiades.stoa.org/places/570702,https://topostext.org/place/364225STai,https://wikidata.org/wiki/Q33119266,NULL,NULL,NULL,NULL
22.811,38.302,"difficult mountains between Antikyra and Boulis","Phokis Bk10","Phokis Bk10",['oros'],['10.37.2'],NULL,NULL,NULL,NULL,NULL,NULL,NULL,NULL
23.074249,38.327032,"Askre, Askra","Boiotia Bk9","Boiotia Bk9",['settlement'],"['9.29.1','9.29.2','9.38.4']",NULL,https://pleiades.stoa.org/places/540670,NULL,https://wikidata.org/wiki/Q936920,NULL,NULL,NULL,NULL
21.6747,37.6488,"Harpina (Eleia)","Eleia Bk5 Bk6","Eleia Bk5 Bk6",['polis'],['6.21.8'],NULL,NULL,https://topostext.org/place/376217UHar,https://wikidata.org/wiki/Q5663572,NULL,NULL,NULL,NULL
27.165609000000003,39.118873,"Asklepieion of Pergamon","Asia Minor (Asia)",Pergamum,['Asclepieion'],"['2.26.8','2.26.9','2.27.5','3.26.10']",NULL,https://pleiades.stoa.org/places/550459,NULL,https://wikidata.org/wiki/Q630373,NULL,NULL,NULL,NULL
21.630126,37.637849,"Common altar to Apollo and Hermes at Olympia","Eleia Bk5 Bk6",Olympia,['bomos'],['5.14.8'],Olympia,NULL,NULL,NULL,NULL,NULL,NULL,NULL
23.066,36.489,"Etis (Lakonia)","Lakonia Bk3","Lakonia Bk3",['polis'],"['3.22.11','3.22.13','8.12.8']",NULL,https://pleiades.stoa.org/places/573215,https://topostext.org/place/368228PEti,https://wikidata.org/wiki/Q16652109,NULL,NULL,NULL,NULL
21.665725,36.930136,"Sphakteria (island)","Messenia Bk4","Messenia Bk4",['nesos'],"['1.13.5','1.15.4','3.5.5','4.26.1','4.26.2','4.36.6','6.22.6']",NULL,https://pleiades.stoa.org/places/570686,NULL,https://wikidata.org/wiki/Q1303524,NULL,NULL,NULL,NULL
23.73147,38.08194,"Cult of Apollo Agyieus in Acharnai","Attica Bk1",Acharnae,['hieron'],['1.31.6'],Acharnae,NULL,NULL,NULL,NULL,"Apollo Aguieus cult",NULL,NULL
26.774159529999995,38.36467713,"Klazomenai (later)","Asia Minor (Asia)","Ionia (region)",['polis'],['7.3.9'],NULL,https://pleiades.stoa.org/places/550651,NULL,NULL,NULL,NULL,NULL,NULL
21.6336,37.637,"Stalls ? at the hippodrome","Eleia Bk5 Bk6","Hippodrome (Olympia)",['oikema'],['6.20.11'],"Hippodrome (Olympia)",NULL,NULL,NULL,NULL,NULL,NULL,NULL
22.09,38.252,"Temple of Athena at Aigion","Achaia Bk7","Aigion (Achaia)",['naos'],['7.23.9'],"Aigion (Achaia)",NULL,NULL,NULL,NULL,NULL,NULL,NULL
21.892903,37.871725,"Cypress trees maidens around tomb of Alkmaion at Psophis","Arcadia Bk8",Psophis,"['alsos kyparisson']",['8.24.7'],Psophis,NULL,NULL,NULL,NULL,NULL,NULL,NULL
21.374,37.89,"Street of Silence in Elis","Eleia Bk5 Bk6","Elis polis",['hodos'],['6.23.8'],"Elis polis",NULL,NULL,NULL,NULL,NULL,NULL,NULL
22.429,37.464,"Temple of Aphrodite Paphia at Tegea","Arcadia Bk8","Tegea (Arkadia)",['naos'],['8.53.7'],"Tegea (Arkadia)",NULL,NULL,NULL,NULL,NULL,NULL,NULL
22.285257,37.371704,Eutaia,"Arcadia Bk8",Mainalia,['settlement'],['8.27.3'],NULL,https://pleiades.stoa.org/places/570249,NULL,https://wikidata.org/wiki/Q16565409,NULL,NULL,NULL,NULL
23.3178,38.3191,"Place where Hera suckled Herakles in Thebes","Boiotia Bk9","Dragging of Antigonê, where sons of Oedipus fought",['chorion'],['9.25.2'],"Dragging of Antigonê, where sons of Oedipus fought",NULL,NULL,NULL,NULL,NULL,NULL,NULL
23.72064,37.972,"Pan Cave (Athens)","Athenai Bk1","Athenai Bk1",['spelaion'],['1.28.4'],NULL,NULL,https://topostext.org/place/380237CPan,https://wikidata.org/wiki/Q61755042,NULL,NULL,NULL,NULL
20.4831346,39.2348296,"Acheron river, Epirus","Hellas (Europe)",Thesprotia,['potamos'],['1.17.5'],NULL,https://pleiades.stoa.org/places/530769,NULL,https://wikidata.org/wiki/Q191087,NULL,NULL,NULL,NULL
22.7404143,37.4211067,"Tanaos (river)","Argolid Bk2","Argolid Bk2",['potamos'],['2.38.7'],NULL,https://pleiades.stoa.org/places/570704,NULL,NULL,NULL,"Tanos river",NULL,NULL
23.718200000000003,37.9784,"Eridanos river (Athens)","Athenai Bk1","Athenai Bk1",['potamos'],"['1.19.5','5.12.7']",NULL,https://pleiades.stoa.org/places/591471666,https://topostext.org/place/380237WEri,https://wikidata.org/wiki/Q1353735,NULL,NULL,NULL,NULL
23.235,37.3884,"Echo Stoa in Hermione, on the right of the sanctuary of Demeter Chthonia","Hermionis Bk2","Pron M.",['stoa'],['2.35.10'],"Pron M.",NULL,NULL,NULL,NULL,NULL,NULL,NULL
22.7214,37.6305,"Memorial of Pyrrhus in Argos agora","Argolid Bk2","Agora of Argos",['mnema'],['2.21.4'],"Agora of Argos",NULL,NULL,NULL,NULL,NULL,NULL,NULL
22.7145,37.9834,"Heroon of Aratos at Sicyon","Sikyonia Bk2","Sicyon (Sikyonia)",['heroon'],['2.8.1'],"Sicyon (Sikyonia)",NULL,NULL,NULL,NULL,NULL,NULL,NULL
22.3933,37.6181,"Temple of Aphrodite Symmachia at Mantineia, behind theater","Arcadia Bk8","Mantineia (Arkadia)",['naos'],['8.9.6'],"Mantineia (Arkadia)",NULL,NULL,NULL,NULL,NULL,NULL,NULL
22.4237,37.0821,"Temple of Hipposthenes in Sparta","Lakonia Bk3",Sparta,['naos'],['3.15.7'],Sparta,NULL,NULL,https://wikidata.org/wiki/Q124616504,NULL,NULL,NULL,NULL
22.4237,37.0821,"Heroon of Chilon at Sparta","Lakonia Bk3",Sparta,['heroon'],['3.16.4'],Sparta,NULL,NULL,https://wikidata.org/wiki/Q124616577,NULL,NULL,NULL,NULL
23.5314735,37.947768,"Salamis ancient harbor (Attica)","Attica Bk1","Salamis (settlement)",['limen'],['1.35.3'],"Salamis (settlement)",NULL,https://topostext.org/place/379235HSal,NULL,NULL,NULL,NULL,NULL
16.824063,40.383868,Metapontum,"Italia (Europe)","Italia (Europe)",['polis'],['6.19.11'],NULL,https://pleiades.stoa.org/places/442658,NULL,https://wikidata.org/wiki/Q1058770,NULL,NULL,NULL,NULL
20.638399,38.44193,"Hall of Odysseus at Ithake","Hellas (Europe)","Ithaca (island)","['megaron','oikia']","['8.12.6','9.41.4']","Ithaca (island)",NULL,NULL,NULL,NULL,NULL,NULL,NULL
21.705,37.6378,"Altar of Athena Kydonia still intact for Pausanias","Eleia Bk5 Bk6","Sanctuary of Athena Kydonia at Phrixa",['bomos'],['6.21.6'],"Sanctuary of Athena Kydonia at Phrixa",NULL,NULL,NULL,NULL,NULL,NULL,NULL
22.81,38.28,"Sanctuary of Artemis at Boulis","Phokis Bk10",Boulis,['hieron'],['10.37.3'],Boulis,NULL,NULL,https://wikidata.org/wiki/Q134037532,NULL,NULL,NULL,NULL
24.055816,37.789855,"tomb of Ion, Potamoi","Attica Bk1",Potamoi,['mnema'],"['1.31.3','7.1.5']",Potamoi,NULL,NULL,https://wikidata.org/wiki/Q124644569,https://resource.manto.unh.edu/10159385,NULL,NULL,NULL
22.248299,37.65507,"Thaumasion (mountain)","Arcadia Bk8","Arcadia Bk8",['oros'],"['8.36.2','8.36.3']",NULL,https://pleiades.stoa.org/places/573551,NULL,NULL,NULL,NULL,NULL,NULL
22.88059,37.90568,"Cave constructions in Peirene fountain in Corinth","Corinthia Bk2","Peirene fountain (Corinth)",['oikema'],['2.3.3'],"Peirene fountain (Corinth)",NULL,NULL,NULL,NULL,NULL,NULL,NULL
22.1741,37.5395,Ptolederma,"Arcadia Bk8",Eutresia,['settlement'],['8.27.3'],Eutresia,https://pleiades.stoa.org/places/573487,NULL,https://wikidata.org/wiki/Q39081810,NULL,NULL,NULL,NULL
22.649131,37.846299,"Omphalos in Phlious, marking center of the Peloponnese","Phlious Bk2","Phlious Bk2",['petra'],['2.13.7'],"Phlious Bk2",NULL,NULL,NULL,NULL,NULL,NULL,NULL
21.842,37.4075,"Altar in front of sacred cave of Demeter Melaina near Phigaleia","Arcadia Bk8",Phigaleia,['bomos'],['8.42.11'],Phigaleia,NULL,NULL,NULL,NULL,NULL,NULL,NULL
21.62975,37.63754,"Altar of Zeus Kataibates at Olympia","Eleia Bk5 Bk6",Olympia,['bomos'],['5.14.10'],"Altis sacred grove (Olympia)",NULL,NULL,NULL,NULL,NULL,NULL,NULL
22.0235,37.5017,"Raiteai, at confluence of Gortynios with Alpheios river","Arcadia Bk8","Alpheios river (Eleia)",['chorion'],['8.28.3'],NULL,https://pleiades.stoa.org/places/573497,NULL,https://wikidata.org/wiki/Q60791754,NULL,NULL,NULL,NULL
23.2733,38.2213,"Sanctuary of Eleusinian Demeter at Plataea","Boiotia Bk9","Plataea (Boeotia)",['hieron'],['9.4.3'],"Plataea (Boeotia)",NULL,NULL,https://wikidata.org/wiki/Q134037774,NULL,NULL,NULL,NULL
22.6222206,38.5348857,"Heights of Parnassus mountain","Phokis Bk10","Parnassus (mountain)",['koryphe'],['4.34.10'],"Parnassus (mountain)",NULL,NULL,NULL,NULL,NULL,NULL,NULL
23.3178,38.3191,"temple of Ismenian Apollo, Thebes","Boiotia Bk9","Thebes (Boeotia)",['naos'],['9.10.2'],"Thebes (Boeotia)",NULL,NULL,NULL,NULL,NULL,NULL,NULL
22.147,38.203,"Kerynitis (river)","Achaia Bk7","Achaia Bk7",['potamos'],['7.25.5'],NULL,https://pleiades.stoa.org/places/570355,NULL,https://wikidata.org/wiki/Q8344183,NULL,NULL,NULL,NULL
22.262624,37.766264,"Grove of Artemis at Kondylea near Kaphyai","Arcadia Bk8",Kondylea,['alsos'],['8.23.6'],Kondylea,NULL,NULL,NULL,NULL,NULL,NULL,NULL
21.5735,37.6875,"Sanctuary of the Nymphs Ionides by spring of the Kytherios","Eleia Bk5 Bk6","Herakleia (Eleia)",['hieron'],['6.22.7'],"Herakleia (Eleia)",NULL,NULL,https://wikidata.org/wiki/Q107031254,https://resource.manto.unh.edu/11308487,NULL,NULL,NULL
22.5384,38.0446,"Sanctuary of Eileithyia at Pellene","Achaia Bk7",Pellene,['hieron'],['7.27.8'],Pellene,NULL,NULL,https://wikidata.org/wiki/Q134037291,NULL,NULL,NULL,NULL
22.96835,38.259722,"Plain of Thisbe","Boiotia Bk9",Thisbe,['pedion'],['9.32.3'],Thisbe,NULL,NULL,NULL,NULL,NULL,NULL,NULL
26.2536135,37.6136166,"Ikaros (island)","Aegean Sea (Hellas)","Aegean Sea (Hellas)",['nesos'],['9.11.5'],NULL,https://pleiades.stoa.org/places/599667,NULL,https://wikidata.org/wiki/Q209576,NULL,NULL,NULL,NULL
22.7195,37.6316,"Tomb of Phoroneus in Argos","Argolid Bk2","Argos (Argolid)",['mnema'],['2.20.3'],"Argos (Argolid)",NULL,NULL,NULL,https://resource.manto.unh.edu/10185300,NULL,NULL,NULL
21.9195,37.1779,"Column to tie a bull on top of Aristomenes' cenotaph","Messenia Bk4","Messene (Messenia)",['kion'],['4.32.3'],"Messene (Messenia)",NULL,NULL,NULL,NULL,NULL,NULL,NULL
22.7195,37.6316,"Gymnasium of Kylarabis in Argos","Argolid Bk2","Argos (Argolid)",['gymnasion'],['2.22.8'],"Argos (Argolid)",NULL,NULL,https://wikidata.org/wiki/Q133054612,NULL,NULL,NULL,NULL
22.4831905,36.3856534,"Tainaron (promontory)","Lakonia Bk3","Lakonia Bk3",['akra'],"['3.14.2','3.21.7','3.25.4','3.25.5','3.25.7','3.25.8','3.25.9']",NULL,https://pleiades.stoa.org/places/570703,NULL,https://wikidata.org/wiki/Q849911,NULL,NULL,NULL,NULL
21.630126,37.637849,"Altar of Alpheius at Olympia","Eleia Bk5 Bk6",Olympia,['bomos'],['5.14.6'],Olympia,NULL,NULL,NULL,NULL,NULL,NULL,NULL
22.501,36.727,"Smenos river (Lakonia)","Lakonia Bk3","Lakonia Bk3",['potamos'],['3.24.9'],NULL,NULL,https://topostext.org/place/368223WSme,NULL,NULL,NULL,NULL,NULL
26.411220000000004,40.19406,Abydos,"Asia Minor (Asia)",Troas,['polis'],['3.9.12'],NULL,https://pleiades.stoa.org/places/501325,NULL,https://wikidata.org/wiki/Q336446,NULL,NULL,NULL,NULL
22.4237,37.0821,"City gates of Sparta from Chiton","Lakonia Bk3","city walls of Sparta",['pylai'],['3.16.4'],Sparta,NULL,NULL,NULL,NULL,NULL,NULL,NULL
12.6726413,41.7211083,Aricia,"Italia (Europe)","Italia (Europe)",['polis'],['2.27.4'],NULL,https://pleiades.stoa.org/places/422844,NULL,https://wikidata.org/wiki/Q18043236,NULL,NULL,NULL,NULL
21.738518,38.243265,"Grove by the sea at Patrae, with temples","Achaia Bk7",Patrae,['alsos'],['7.21.11'],Patrae,NULL,NULL,NULL,NULL,NULL,NULL,NULL
23.970146000000003,38.1465515,"Soros of the Athenians, Marathon","Attica Bk1","Marathon deme","['choma ges','taphos']","['1.29.4','1.32.3']","Marathon deme",https://pleiades.stoa.org/places/580106,https://topostext.org/place/381240GSor,https://wikidata.org/wiki/Q17276497,NULL,NULL,NULL,NULL
22.7195,37.6316,Deiras,"Argolid Bk2","Deiras gates of Argos",['chorion'],"['2.25.1','2.25.4']","Deiras gates of Argos",https://pleiades.stoa.org/places/573177,NULL,NULL,NULL,NULL,NULL,NULL
22.9141,38.3799,"Herakles Charops sanct. (Boeotia)","Boiotia Bk9","Boiotia Bk9",['hieron'],['9.34.5'],NULL,NULL,https://topostext.org/place/384229SHer,https://wikidata.org/wiki/Q134040016,NULL,NULL,NULL,NULL
21.687,37.959,"sanctuary of the Great Gods in Triteia","Achaia Bk7","Tritaia (Achaia)",['hieron'],['7.22.9'],"Tritaia (Achaia)",NULL,NULL,https://wikidata.org/wiki/Q134036435,NULL,NULL,NULL,NULL
21.73,38.082,"Sanctuary of Gorgasus and Nicomachus in Pharae","Achaia Bk7","Pharae (Achaia)",['hieron'],['4.3.10'],"Pharae (Achaia)",NULL,NULL,https://wikidata.org/wiki/Q134036786,NULL,NULL,NULL,NULL
22.5,43.5,Triballi,"Thrace (Europe)","Thrace (Europe)",['chora'],['10.19.7'],NULL,https://pleiades.stoa.org/places/207513,NULL,https://wikidata.org/wiki/Q1257541,NULL,NULL,NULL,NULL
23.0674,38.6067,"mountain beyond Kyrtones","Boiotia Bk9","Locris Opuntia region",['oros'],['9.24.5'],NULL,NULL,NULL,NULL,NULL,NULL,NULL,NULL
23.706200000000003,37.9373,"Temple of Zeus at Phaleron","Attica Bk1",Phaleron,['naos'],['1.1.4'],Phaleron,NULL,NULL,https://wikidata.org/wiki/Q124646272,NULL,NULL,NULL,NULL
23.2593,37.3844,"Crescent-shaped shore on mainland after Hydra","Hermionis Bk2","Hermionis Bk2",['paralia'],['2.34.9'],NULL,NULL,NULL,NULL,NULL,NULL,NULL,NULL
23.062,36.517,"Temple of Sarapis at Boiai","Lakonia Bk3","Boiai (Lakonia)",['naos'],['3.22.13'],"Boiai (Lakonia)",NULL,NULL,https://wikidata.org/wiki/Q124616518,NULL,NULL,NULL,NULL
22.1273,37.4124,"Second hill behind Philippeion of Megalopolis","Arcadia Bk8","Megalopolis (Arkadia)",['lophos'],['8.31.9'],"Megalopolis (Arkadia)",NULL,NULL,NULL,NULL,NULL,NULL,NULL
22.4397,37.1884,"Sellasia (Lakonia)","Lakonia Bk3","Lakonia Bk3",['polis'],"['2.7.4','2.9.2','3.10.7','4.29.9','7.7.4','8.49.5']",NULL,https://pleiades.stoa.org/places/570662,https://topostext.org/place/372224PSel,https://wikidata.org/wiki/Q59431661,NULL,NULL,NULL,NULL
22.3933,37.6181,"temple of Hera by the theater of Mantineia","Arcadia Bk8","Mantineia (Arkadia)",['naos'],['8.9.2'],"Mantineia (Arkadia)",NULL,NULL,NULL,NULL,NULL,NULL,NULL
22.7145,37.9834,"Double building in Peribolos of Asklepios, Sicyon","Sikyonia Bk2","Sicyon (Sikyonia)",['oikema'],['2.10.2'],"Sicyon (Sikyonia)",NULL,NULL,NULL,NULL,NULL,NULL,NULL
23.0502,36.68818,"Minoa (promontory)","Lakonia Bk3","Lakonia Bk3",['akra'],['3.23.11'],NULL,https://pleiades.stoa.org/places/570487,NULL,https://wikidata.org/wiki/Q654616,NULL,NULL,NULL,NULL
32.573711,34.707147,Palaipaphos,"Cyprus (island)","Cyprus (island)",['polis'],"['8.5.2','8.53.7']",NULL,https://pleiades.stoa.org/places/707596,NULL,https://wikidata.org/wiki/Q22988494,NULL,NULL,NULL,NULL
22.429,37.464,"High place of Zeus Klarios at Tegea, with altars","Arcadia Bk8","Tegea (Arkadia)",['chorion'],['8.53.9'],"Tegea (Arkadia)",NULL,NULL,NULL,NULL,NULL,NULL,NULL
21.738518,38.243265,"Temple of Artemis Triklaria, in sanctuary near Patrae","Achaia Bk7","Sanctuary of Artemis Triklaria, at Meilichos river",['naos'],['7.19.1'],"Sanctuary of Artemis Triklaria, at Meilichos river",NULL,NULL,NULL,NULL,"Artemis Triclaria temple near Patrae",NULL,NULL
22.236,37.42,"Peraithea (Arkadia)","Arcadia Bk8",Mainalia,['settlement'],"['8.27.3','8.3.4','8.36.7']",NULL,https://pleiades.stoa.org/places/570583,https://topostext.org/place/374222UPer,https://wikidata.org/wiki/Q39081772,NULL,NULL,NULL,NULL
22.649131,37.846299,"Theater of Phlious, under the temple of Asclepius","Phlious Bk2","Phlious Bk2",['theatron'],['2.13.5'],"Phlious Bk2",NULL,NULL,NULL,NULL,NULL,NULL,NULL
22.8802,37.9054,"Sanctuary of Athena Chalinitis in Corinth, not far from the grave of Medea's children!","Corinthia Bk2","Corinth (Corinthia)",['hieron'],['2.4.1'],"Corinth (Corinthia)",NULL,NULL,https://wikidata.org/wiki/Q134037564,NULL,NULL,NULL,NULL
34.75,31.249999999999996,Palaestina,"Asia (continent)","Syria (Asia)",['chora'],"['1.14.7','10.12.9','9.19.8']",NULL,https://pleiades.stoa.org/places/687995,NULL,https://wikidata.org/wiki/Q23792,NULL,Palestine,NULL,NULL
21.705,36.817,"Methone/Mothone (Messenian)","Messenia Bk4","Messenia Bk4",['settlement'],"['4.24.4','4.27.8','4.3.10','4.35.1','4.35.2','4.35.7','4.35.8','4.36.1','8.1.1']",NULL,https://pleiades.stoa.org/places/570483,NULL,https://wikidata.org/wiki/Q60790706,NULL,NULL,NULL,NULL
22.66931,38.58344,"Tomb of Antiope and Phokos at Tithorea","Phokis Bk10",Tithorea/Neon,['mnema'],['10.32.10'],Tithorea/Neon,NULL,NULL,NULL,https://resource.manto.unh.edu/10274614,NULL,NULL,NULL
21.1449975,37.9346907,Kyllene,"Eleia Bk5 Bk6","Eleia Bk5 Bk6",['epineion'],"['4.23.1','4.23.3','4.23.5','6.26.4','6.26.5','8.14.12','8.5.8','8.54.3']",NULL,https://pleiades.stoa.org/places/570390,NULL,https://wikidata.org/wiki/Q56650616,NULL,NULL,NULL,NULL
21.882,36.9664,"hollow plane tree, source of drinkable water at Plataniston fountain","Messenia Bk4","Platanistos spring outside Korone",['platanos'],['4.34.4'],"Platanistos spring outside Korone",NULL,NULL,NULL,NULL,NULL,NULL,NULL
22.66931,38.58344,"Area around hieron of Isis near Tithorea, where panêgyris is held.","Phokis Bk10","Enclosure of Isis near Tithorea",['chorion'],['10.32.15'],"Enclosure of Isis near Tithorea",NULL,NULL,NULL,NULL,NULL,NULL,NULL
22.061019,37.298673,Gatheai,"Arcadia Bk8",Kromitis,['settlement'],['8.34.5'],NULL,https://pleiades.stoa.org/places/570255,NULL,https://wikidata.org/wiki/Q60791914,NULL,NULL,NULL,NULL
23.3178,38.3191,"Theater at Thebes near Proetid gate","Boiotia Bk9","Thebes (Boeotia)",['theatron'],['9.16.6'],"Thebes (Boeotia)",NULL,NULL,NULL,NULL,NULL,NULL,NULL
23.34285,37.997,"area called Rhous in Megara","Megarid Bk1","Megara (Megarid)",['chorion'],['1.41.2'],"Megara (Megarid)",NULL,NULL,NULL,NULL,NULL,NULL,NULL
27.453939999999996,38.5668,"Acheloos (Mt. Sipylus)","Asia Minor (Asia)",Sipylos,['potamos'],['8.38.10'],Sipylos,https://pleiades.stoa.org/places/554173,NULL,NULL,NULL,NULL,NULL,NULL
22.283,37.405,"Asea (Arkadia)","Arcadia Bk8","Arcadia Bk8",['polis'],"['8.27.3','8.3.4','8.44.3','8.44.4','8.54.2']",NULL,https://pleiades.stoa.org/places/570122,https://topostext.org/place/374223PAse,https://wikidata.org/wiki/Q60791566,NULL,NULL,NULL,NULL
23.3484,37.5033,"Sanctuary of Zeus Soter in Troizen","Troizenia Bk2","Troizen (Troizenia)",['hieron'],['2.31.10'],"Troizen (Troizenia)",NULL,NULL,https://wikidata.org/wiki/Q134037972,https://resource.manto.unh.edu/10214894,NULL,NULL,NULL
21.73,38.082,"sanctuary of Machaon's sons in Pharae","Achaia Bk7","Pharae (Achaia)",['hieron'],['4.3.2'],"Pharae (Achaia)",NULL,NULL,https://wikidata.org/wiki/Q134036791,NULL,NULL,NULL,NULL
21.738518,38.243265,"stone enclosure wall between temple and spring at Patrae","Achaia Bk7",Patrae,['peribolos'],['7.21.12'],Patrae,NULL,NULL,NULL,NULL,NULL,NULL,NULL
22.87352,38.431063,"Sanctuary of Demeter Europe at grove of Trophonios Lebadeia","Boiotia Bk9",Lebadeia,['hieron'],['9.39.4'],Lebadeia,NULL,NULL,https://wikidata.org/wiki/Q134037546,NULL,NULL,NULL,NULL
23.211,38.0347,Ereneia,"Megarid Bk1","Megarid Bk1",['kome'],['1.44.5'],"Megarid Bk1",NULL,https://topostext.org/place/381233FEre,https://wikidata.org/wiki/Q131912252,NULL,NULL,NULL,NULL
22.489574,38.640939,"Altars of the Heroes (Dioskouroi? or local heroes) in agora of Charadra","Phokis Bk10",Charadra,['bomos'],['10.33.6'],Charadra,NULL,NULL,NULL,NULL,NULL,NULL,NULL
21.88255,37.26708,Dorion,"Messenia Bk4","Messenia Bk4",['polis'],['4.33.7'],NULL,https://pleiades.stoa.org/places/570202,NULL,https://wikidata.org/wiki/Q15733318,NULL,NULL,NULL,NULL
22.9503,36.3852,"Platanistos cape (Kythera)","Aegean Sea (Hellas)","Cythera island",['akra'],['3.23.1'],NULL,https://pleiades.stoa.org/places/570618,https://topostext.org/place/363230LPla,NULL,NULL,NULL,NULL,NULL
22.756111,37.730833,"Tomb of Atreus and those killed by Aegisthus at Mycenae","Argolid Bk2",Mycenae,['mnema'],['2.16.6'],Mycenae,NULL,NULL,NULL,https://resource.manto.unh.edu/10159493,NULL,NULL,NULL
21.6311,37.639,"Treasury buildings (Olympia)","Eleia Bk5 Bk6","Treasury terrace north of the Heraion, Olympia",['thesauros'],['6.19.1'],"Treasury terrace north of the Heraion, Olympia",NULL,https://topostext.org/place/376216BOTr,https://wikidata.org/wiki/Q7836783,NULL,NULL,NULL,NULL
23.55515,38.04945,"Erineon site near the river Kephisos of Eleusis","Attica Bk1","Attica Bk1",['chorion'],['1.38.5'],NULL,NULL,NULL,NULL,NULL,NULL,NULL,NULL
21.842,37.4075,"Agora of Phigaleia","Arcadia Bk8",Phigaleia,['agora'],['8.40.1'],Phigaleia,NULL,NULL,https://wikidata.org/wiki/Q133963447,NULL,NULL,NULL,NULL
23.3278,40.1937,"Poteidaia/Kassandreia (Chalkidike)","Macedonia (Europe)","Chalcidike region (Chalkidike)",['polis'],"['4.5.4','5.23.3']",NULL,https://pleiades.stoa.org/places/491701,https://topostext.org/place/402233UPot,https://wikidata.org/wiki/Q999468,NULL,NULL,NULL,NULL
22.262624,37.766264,Kaphyai,"Arcadia Bk8","Arcadia Bk8",['polis'],"['8.13.4','8.23.3','8.23.6','8.23.8']",NULL,https://pleiades.stoa.org/places/570329,NULL,https://wikidata.org/wiki/Q2365548,NULL,Caphyae,NULL,NULL
28.750000000000004,36.75,"Indus (river)","Asia (continent)","Asia (continent)",['potamos'],"['4.34.2','4.34.3']",NULL,https://pleiades.stoa.org/places/59851,NULL,https://wikidata.org/wiki/Q7348,NULL,NULL,NULL,NULL
22.432959,36.659054,"Agora of Pyrrichos","Lakonia Bk3",Pyrrichos,['agora'],['3.25.3'],Pyrrichos,NULL,NULL,https://wikidata.org/wiki/Q124606126,NULL,NULL,NULL,NULL
21.8225,37.5949,"Korakon Nesos","Arcadia Bk8","Arcadia Bk8",['nesos'],['8.25.12'],NULL,https://pleiades.stoa.org/places/573300,NULL,NULL,NULL,NULL,NULL,NULL
29.539811999999998,40.769562,Libyssa,"Asia Minor (Asia)","Bithynia (region)",['settlement'],['8.11.11'],NULL,https://pleiades.stoa.org/places/511305,NULL,https://wikidata.org/wiki/Q65088659,NULL,NULL,NULL,NULL
22.7195,37.6316,"Tomb of Argus son of Zeus, in Argos","Argolid Bk2","Argos (Argolid)",['mnema'],['2.22.5'],"Argos (Argolid)",NULL,NULL,NULL,https://resource.manto.unh.edu/10187017,NULL,NULL,NULL
23.73529,37.96761,"Artemis Agrotera ? temple (Athens)","Athenai Bk1","Athenai Bk1",['naos'],['1.19.6'],NULL,https://pleiades.stoa.org/places/277534797,https://topostext.org/place/380237SArt,https://wikidata.org/wiki/Q20084335,NULL,NULL,NULL,NULL
22.307,37.9117,"Spring at midpoint of Kaphyai-Pheneos road/ravine","Arcadia Bk8",Pheneos,['pege'],['8.13.6'],Pheneos,NULL,NULL,NULL,NULL,NULL,NULL,NULL
12.432028,44.952389,"Padus/Eridanus (river)","Italia (Europe)","Italia (Europe)",['potamos'],"['1.19.5','1.30.3','1.4.1','5.14.3','8.25.13']",NULL,https://pleiades.stoa.org/places/393469,NULL,https://wikidata.org/wiki/Q643,NULL,NULL,NULL,NULL
23.0687,38.4471,"Kephisian lake","Boiotia Bk9","Boiotia Bk9",['limne'],"['9.13.3','9.24.1','9.24.2','9.34.5','9.38.6','9.38.7']",NULL,https://pleiades.stoa.org/places/540715,https://topostext.org/place/384231WCop,https://wikidata.org/wiki/Q1234240,NULL,"Kopaic lake Kephisis Cephissis Copais lake",NULL,NULL
30.879299,27.808099000000002,Antinoopolis,"Libya (Africa)","Egypt (region)",['polis'],['8.9.7'],NULL,https://pleiades.stoa.org/places/756518,NULL,https://wikidata.org/wiki/Q124281,NULL,NULL,NULL,NULL
19.638889,40.198056,"Ceraunii (mountain)","Epiros region","Epiros region",['oros'],"['1.13.1','5.22.3','5.22.4']",NULL,https://pleiades.stoa.org/places/481785,NULL,https://wikidata.org/wiki/Q1054699,NULL,NULL,NULL,NULL
23.3178,38.3191,"House of Lykos in Thebes","Boiotia Bk9","Thebes (Boeotia)",['oikia'],['9.16.7'],"Thebes (Boeotia)",NULL,NULL,NULL,NULL,"House of Lycus in Thebes",NULL,NULL
25.574368999999997,35.30686,Milatos,Crete,Crete,['settlement'],['10.30.2'],NULL,https://pleiades.stoa.org/places/589932,NULL,https://wikidata.org/wiki/Q17325188,NULL,NULL,NULL,NULL
21.630126,37.637849,"Altar of Agathe Tyche at Olympia","Eleia Bk5 Bk6",Olympia,['bomos'],['5.15.6'],Olympia,NULL,NULL,https://wikidata.org/wiki/Q106990174,NULL,NULL,NULL,NULL
23.2733,38.2213,"tombs of the Athenians and Lakedaimonians at Plataea","Boiotia Bk9","Plataea (Boeotia)","['mnema','polyandrion']",['9.2.5'],"Plataea (Boeotia)",NULL,NULL,NULL,NULL,NULL,NULL,NULL
22.1273,37.414,"Sanctuary of Zeus Lykaios in agora of Megalopolis","Arcadia Bk8","Agora of Megalopolis","['hieron','peribolos']",['8.30.2'],"Agora of Megalopolis",NULL,NULL,https://wikidata.org/wiki/Q134037038,NULL,NULL,NULL,NULL
22.4301,36.9896,"Lapithaion (Lakonia)","Lakonia Bk3","Lakonia Bk3",['chorion'],['3.20.7'],NULL,https://pleiades.stoa.org/places/570413,https://topostext.org/place/370224ULap,https://wikidata.org/wiki/Q60792059,NULL,NULL,NULL,NULL
23.34285,37.997,"tomb of Orsippos in Megara","Megarid Bk1","Megara (Megarid)",['mnema'],['1.44.1'],"Megara (Megarid)",NULL,NULL,https://wikidata.org/wiki/Q124644663,NULL,NULL,NULL,NULL
22.649131,37.846299,"Acropolis of Phlious","Phlious Bk2","Phlious Bk2",['acropolis'],['2.12.4'],"Phlious Bk2",NULL,NULL,https://wikidata.org/wiki/Q133963418,NULL,NULL,NULL,NULL
23.243591,37.385218,"Temple of the Graces on Hermione promontory","Hermionis Bk2","Promontory of Hermione",['naos'],['2.34.10'],"Promontory of Hermione",NULL,NULL,NULL,NULL,NULL,NULL,NULL
22.649131,37.846299,"Grove of cypress trees in Phlious acropolis","Phlious Bk2","Phlious Bk2","['alsos kyparisson']",['2.13.3'],"Phlious Bk2",NULL,NULL,NULL,NULL,NULL,NULL,NULL
22.327,37.746,"Orchomenion plain, mostly a lake, downhill from Orchomenos","Arcadia Bk8","Arcadia Bk8",['pedion'],['8.13.4'],NULL,NULL,NULL,NULL,NULL,NULL,NULL,NULL
21.374,37.89,"Open-air temenos of Aphrodite next to her temple, at Elis","Eleia Bk5 Bk6","Elis polis",['temenos'],['6.25.1'],"Elis polis",NULL,NULL,NULL,NULL,NULL,NULL,NULL
22.7145,37.9834,"Cave at the gate of Sicyon","Sikyonia Bk2","Sicyon (Sikyonia)",['spelaion'],['2.7.4'],"Sicyon (Sikyonia)",NULL,NULL,NULL,NULL,NULL,NULL,NULL
22.374,38.53,"Tomb of Amphisse at Amphissa","Ozolian Lokris Bk10","Amphissa of Ozolian Locris",['mnema'],['10.38.5'],"Amphissa of Ozolian Locris",NULL,NULL,NULL,https://resource.manto.unh.edu/10274745,NULL,NULL,NULL
22.43409,37.65988,"Grove of Demeter on Mt. Alesion near Mantineia","Arcadia Bk8","Alesion (mountain)",['alsos'],['8.10.1'],"Alesion (mountain)",NULL,NULL,NULL,NULL,NULL,NULL,NULL
22.5047,36.7279,"Las ancient city on summit of Asia Mt.","Lakonia Bk3","Asia mountain above Las",['polis'],['3.24.6'],"Asia mountain above Las",NULL,NULL,https://wikidata.org/wiki/Q124616582,NULL,NULL,NULL,NULL
22.236,37.42,"Sanctuary of Pan at Peraithea","Arcadia Bk8","Peraithea (Arkadia)",['hieron'],['8.36.7'],"Peraithea (Arkadia)",NULL,NULL,https://wikidata.org/wiki/Q134037087,NULL,NULL,NULL,NULL
23.601,38.023,"Rheitoi (river)","Attica Bk1","Attica Bk1",['potamos'],"['1.38.1','1.38.2','2.24.6']",NULL,https://pleiades.stoa.org/places/580098,NULL,https://wikidata.org/wiki/Q1785564,NULL,NULL,NULL,NULL
22.31536,37.724716,"Orchomenos (Arcadia)","Arcadia Bk8","Arcadia Bk8",['polis'],"['7.14.1','8.12.5','8.12.8','8.13.4','8.23.2','8.27.4']",NULL,https://pleiades.stoa.org/places/570535,NULL,https://wikidata.org/wiki/Q1855083,NULL,NULL,NULL,NULL
22.3,37.5,Enispe,"Arcadia Bk8","Arcadia Bk8",['settlement'],['8.25.12'],"Arcadia Bk8",https://pleiades.stoa.org/places/573203,NULL,https://wikidata.org/wiki/Q3359923,NULL,NULL,NULL,NULL
23.644609,37.937222,"sanctuary of Athena and Zeus in Piraeus","Attica Bk1",Peiraieus/Piraeus,['temenos'],['1.1.3'],Peiraieus/Piraeus,NULL,NULL,https://wikidata.org/wiki/Q124644547,NULL,NULL,NULL,NULL
23.154521,38.293384,"sanctuary of Eros at Thespiai","Boiotia Bk9",Thespiai,['hieron'],['9.27.1'],Thespiai,NULL,NULL,https://wikidata.org/wiki/Q134037691,NULL,NULL,NULL,NULL
24.717535,40.78201,"Thasos island","Aegean Sea (Hellas)","Aegean Sea (Hellas)",['nesos'],"['10.28.3','6.11.7']",NULL,https://pleiades.stoa.org/places/501635,NULL,NULL,NULL,NULL,https://imperium.ahlfeldt.se/places/41114,NULL
23.73892,37.9683,"Stadium hill above the Ilisos in Athens","Athenai Bk1","Athenai Bk1",['oros'],['1.19.6'],NULL,NULL,NULL,NULL,NULL,NULL,NULL,NULL
21.738518,38.243265,"precinct of local woman close to Patrae theater","Achaia Bk7",Patrae,['temenos'],['7.21.6'],Patrae,NULL,NULL,NULL,NULL,NULL,NULL,NULL
22.3777,38.1286,"Aigeira (Achaia)","Achaia Bk7","Achaia Bk7",['polis'],"['7.26.1','7.26.10','7.26.11','7.26.12','7.26.13','7.26.14','7.26.4','7.26.6','7.26.8','7.26.9','7.27.11','7.6.1','8.15.5','8.15.8']",NULL,https://pleiades.stoa.org/places/570043,https://topostext.org/place/381224PAig,https://wikidata.org/wiki/Q18363976,NULL,NULL,NULL,NULL
22.7195,37.6316,"Temple of Tyche at Argos","Argolid Bk2","Argos (Argolid)",['naos'],['2.20.3'],"Argos (Argolid)",NULL,NULL,NULL,NULL,NULL,NULL,NULL
22.956902,38.392613,"Altar of the Winds in agora of Korôneia","Boiotia Bk9","Koroneia (Boeotia)",['bomos'],['9.34.3'],"Koroneia (Boeotia)",NULL,NULL,NULL,NULL,NULL,NULL,NULL
21.73,38.082,"temple of Tyche in Pharae","Achaia Bk7","Pharae (Achaia)",['naos'],['4.30.3'],"Pharae (Achaia)",NULL,NULL,NULL,NULL,NULL,NULL,NULL
27.37191943,37.56397931,"Gulf of Myous","Asia Minor (Asia)","Ionia (region)",['kolpos'],['7.2.11'],NULL,https://pleiades.stoa.org/places/599671,NULL,NULL,NULL,"Gulf of Latmos",NULL,NULL
22.1273,37.4124,"Gate called Toward the Swamp in city wall of Megalopolis","Arcadia Bk8","Megalopolis (Arkadia)",['pylai'],['8.36.5'],"Megalopolis (Arkadia)",NULL,NULL,NULL,NULL,NULL,NULL,NULL
22.7145,37.9834,"Stoa of Cleisthenes in Sicyon","Sikyonia Bk2","Sicyon (Sikyonia)",['stoa'],['2.9.6'],"Sicyon (Sikyonia)",NULL,NULL,NULL,NULL,NULL,NULL,NULL
27.953167,38.277489,Hypaipa,"Asia Minor (Asia)","Lydia (province)",['polis'],['5.27.5'],NULL,https://pleiades.stoa.org/places/550585,NULL,https://wikidata.org/wiki/Q5957170,NULL,NULL,NULL,NULL
22.3557,38.4802,"Poseidonion temenos of Poseidon above Myonia","Phokis Bk10","Myonia/Myania (Phokis)",['temenos'],['10.38.8'],"Myonia/Myania (Phokis)",NULL,NULL,NULL,NULL,NULL,NULL,NULL
21.630126,37.637849,"Altar of Zeus Moiragetas (dedicatory epigramme) next at the starting point of the hippodrome","Eleia Bk5 Bk6",Olympia,['bomos'],['5.15.5'],Olympia,NULL,NULL,NULL,NULL,NULL,NULL,NULL
21.6311,37.639,"Treasury terrace north of the Heraion, Olympia","Eleia Bk5 Bk6",Olympia,['krepis'],"['5.21.2','6.19.1','6.20.1']",NULL,NULL,NULL,NULL,NULL,NULL,NULL,NULL
23.8068,38.0263,"Altar of Demeter Anesidora in temple at Phlya","Attica Bk1","temple of Demeter et al in Phlya, Attica",['bomos'],['1.31.4'],"temple of Demeter et al in Phlya, Attica",NULL,NULL,NULL,NULL,NULL,NULL,NULL
22.727,37.7254,"Mysia (Argolid)","Argolid Bk2","Argolid Bk2",['chorion'],['2.18.3'],NULL,https://pleiades.stoa.org/places/570498,https://topostext.org/place/377227UMys,NULL,NULL,NULL,NULL,NULL
21.9195,37.1779,"Arsinoe fountain in Messene","Messenia Bk4","Messene (Messenia)",['pege'],['4.31.6'],"Messene (Messenia)",NULL,NULL,NULL,https://resource.manto.unh.edu/10113667,NULL,NULL,NULL
21.8489331,37.9816702,"Erymanthos M.","Achaia Bk7","Achaia Bk7",['oros'],"['1.27.9','5.7.1','8.24.4']",NULL,https://pleiades.stoa.org/places/570238,NULL,https://wikidata.org/wiki/Q1363703,NULL,NULL,NULL,NULL
23.26405,37.442072,Eileoi,"Hermionis Bk2","Hermionis Bk2",['chorion'],['2.34.6'],NULL,https://pleiades.stoa.org/places/570207,NULL,https://wikidata.org/wiki/Q118744800,NULL,NULL,NULL,NULL
22.307,37.9117,Pheneos,"Arcadia Bk8","Arcadia Bk8",['polis'],"['5.27.8','6.1.3','8.13.5','8.13.6','8.14.1','8.14.2','8.14.5','8.14.9','8.15.5','8.16.1','8.17.6','8.19.3','8.19.4','8.20.1']",NULL,https://pleiades.stoa.org/places/570595,https://topostext.org/place/379223PPhe,https://wikidata.org/wiki/Q12885741,NULL,"Pheneus polis",NULL,NULL
22.09,38.252,"seashore of Aigion","Achaia Bk7","Aigion (Achaia)",['paralia'],['7.24.3'],"Aigion (Achaia)",NULL,NULL,NULL,NULL,NULL,NULL,NULL
22.538294,38.796511,"Women's Pots swimming baths at Thermopylae","Hellas (Europe)",Thermopylae,['loutron'],['4.35.9'],Thermopylae,NULL,NULL,NULL,NULL,NULL,NULL,NULL
23.06593,38.93759,Oreos,"Euboea (island)","Euboea (island)",['settlement'],['7.26.4'],NULL,https://pleiades.stoa.org/places/540988,NULL,https://wikidata.org/wiki/Q1855809,NULL,NULL,NULL,NULL
21.93,37.8179,"Sanctuary of Aphrodite Erykine near Psophis","Arcadia Bk8","Arcadia Bk8",['hieron'],['8.24.6'],NULL,NULL,https://topostext.org/place/378219SAph,https://wikidata.org/wiki/Q110983687,https://resource.manto.unh.edu/10214291,NULL,NULL,NULL
22.8426,36.6845,"Gymnasium of Asopos with huge human bones they honor","Lakonia Bk3","Asopos (Lakonia)",['gymnasion'],['3.22.9'],"Asopos (Lakonia)",NULL,NULL,https://wikidata.org/wiki/Q124616347,NULL,NULL,NULL,NULL
27.1383,38.41905,"Asclepieion of Smyrna, on the water, new in Pausanias's time","Asia Minor (Asia)","Smyrna (Ionia)",['Asclepieion'],"['2.26.9','7.5.9']","Smyrna (Ionia)",NULL,NULL,NULL,NULL,NULL,NULL,NULL
23.725000000000005,37.975,"Theseion of Athens","Athenai Bk1","Athenai Bk1",['hieron'],"['1.17.2','1.17.3','1.17.6']",NULL,NULL,https://topostext.org/place/380237SThe,https://wikidata.org/wiki/Q36024284,https://resource.manto.unh.edu/10150313,"Theseus sanctuary in Athens",NULL,NULL
23.682,37.992,"Tomb of Skiros at Skiron on Sacred Way","Attica Bk1","Skiron locality on Sacred Way",['mnema'],['1.36.4'],"Skiron locality on Sacred Way",NULL,https://topostext.org/binder/JB2671,NULL,https://resource.manto.unh.edu/10160350,NULL,NULL,NULL
32.641,25.684,"Diospolis Magna/Thebai","Libya (Africa)","Egypt (region)",['settlement'],"['1.42.3','8.33.2']",NULL,https://pleiades.stoa.org/places/786017,NULL,https://wikidata.org/wiki/Q101583,NULL,NULL,NULL,NULL
22.7145,37.9834,"Sanctuary of Hera at Sicyon","Sikyonia Bk2","Sicyon (Sikyonia)",['hieron'],['2.11.1'],"Sicyon (Sikyonia)",NULL,NULL,https://wikidata.org/wiki/Q134037357,https://resource.manto.unh.edu/10159228,NULL,NULL,NULL
23.7168,37.9816,"grave of those who fought Cassander, Athens Demosion Sema","Athenai Bk1","Demosion Sema war graves, Athens",['mnema'],['1.29.7'],"Demosion Sema war graves, Athens",NULL,NULL,NULL,NULL,NULL,NULL,NULL
22.2099,37.6671,"Cave of Rhea toward summit of Thaumasion mountain","Arcadia Bk8","Thaumasion (mountain)",['spelaion'],['8.36.3'],NULL,NULL,NULL,NULL,NULL,NULL,NULL,NULL
22.626059,38.375439,"Sanctuary of Artemis on high rock 2 stadia from Antikyra","Phokis Bk10",Antikyra,['hieron'],['10.37.1'],Antikyra,NULL,NULL,https://wikidata.org/wiki/Q134037311,NULL,NULL,NULL,NULL
22.249,37.439,Lykoa,"Arcadia Bk8",Mainalia,['polis'],"['8.3.4','8.30.1','8.36.7']",NULL,https://pleiades.stoa.org/places/570442,NULL,https://wikidata.org/wiki/Q11934312,NULL,"Lykaia (Mainaleia)",NULL,NULL
22.42665,37.0815,"Sanctuary of Hera at agora of Sparta","Lakonia Bk3","Choros (Sparta)",['hieron'],['3.11.9'],"Choros (Sparta)",NULL,NULL,https://wikidata.org/wiki/Q124616594,NULL,NULL,NULL,NULL
24.8279,37.8186,"Andros polis","Aegean Sea (Hellas)","Andros (island)",['polis'],"['3.11.6','6.14.13']",NULL,https://pleiades.stoa.org/places/589692,https://topostext.org/place/378248PAnd,https://wikidata.org/wiki/Q62944263,NULL,NULL,https://imperium.ahlfeldt.se/places/39550,NULL
22.266,37.364,"Chasm where joint flow of Alpheios and Eurotas disappears","Arcadia Bk8","Arcadia Bk8",['barathron'],['8.44.4'],NULL,NULL,NULL,NULL,NULL,NULL,NULL,NULL
22.573,38.671,"Grove of Apollo in Tithronian territory by Drymaia road intersection.","Phokis Bk10",Tithronion,['alsos'],['10.33.12'],NULL,NULL,NULL,NULL,NULL,NULL,NULL,NULL
23.2733,38.2213,"Heroon of Plataea at Plataia","Boiotia Bk9","Plataea (Boeotia)",['heroon'],['9.2.7'],"Plataea (Boeotia)",NULL,NULL,NULL,NULL,NULL,NULL,NULL
26.520832,39.87918,Marpessos,"Asia Minor (Asia)",Troas,['polis'],"['10.12.3','10.12.4','10.12.7']",NULL,https://pleiades.stoa.org/places/550723,NULL,https://wikidata.org/wiki/Q1670784,NULL,NULL,NULL,NULL
24.58816,38.15888,"Kaphereus (promontory)","Euboea (island)","Euboea (island)",['akra'],"['2.23.1','4.36.6']",NULL,https://pleiades.stoa.org/places/540852,NULL,https://wikidata.org/wiki/Q1982478,NULL,NULL,NULL,NULL
23.3178,38.3191,"Tomb of Semêlê","Boiotia Bk9","Thebes (Boeotia)",['mnema'],['9.16.7'],"Thebes (Boeotia)",NULL,NULL,NULL,https://resource.manto.unh.edu/10158677,NULL,NULL,NULL
22.8793472,37.9049161,"Temple of Tyche in the Agora of Corinth","Corinthia Bk2","Agora of Corinth",['naos'],['2.2.8'],"Agora of Corinth",NULL,NULL,NULL,NULL,NULL,NULL,NULL
12.5,42.5,"Italia (Europe)",NULL,Europe,"['major region']","['1.11.7','1.12.1','1.12.2','1.13.2','1.23.5','1.29.14','1.36.6','10.10.7','10.13.10','10.17.10','10.17.11','2.23.5','2.27.4','3.10.5','3.12.6','3.19.12','3.22.11','3.3.1','4.23.6','4.26.5','5.25.3','5.25.6','6.19.9','6.3.12','6.6.4','6.6.8','6.7.4','7.4.7','8.15.9','8.3.5']",NULL,https://pleiades.stoa.org/places/1052,NULL,https://wikidata.org/wiki/Q913582,NULL,Italy,NULL,NULL
21.928788,36.836082,Kolonides,"Messenia Bk4","Messenia Bk4",['polisma'],"['4.34.12','4.34.8']",NULL,https://pleiades.stoa.org/places/570368,NULL,https://wikidata.org/wiki/Q48781603,NULL,NULL,NULL,NULL
23.34285,37.997,"Hyllos's tomb in Megara","Megarid Bk1","Megara (Megarid)",['mnema'],['1.41.2'],"Megara (Megarid)",NULL,NULL,https://wikidata.org/wiki/Q124644623,https://resource.manto.unh.edu/10186767,NULL,NULL,NULL
22.4237,37.0821,"Dromos (race course) of Sparta near tombs of Agiads","Lakonia Bk3",Sparta,['stadion'],['3.14.6'],Sparta,NULL,NULL,https://wikidata.org/wiki/Q124616533,NULL,NULL,NULL,NULL
22.3933,37.6181,"Sanctuary of Aphrodite Melainis near Mantineia","Arcadia Bk8","Mantineia (Arkadia)",['hieron'],['8.6.5'],"Mantineia (Arkadia)",NULL,NULL,https://wikidata.org/wiki/Q134037173,NULL,NULL,NULL,NULL
22.4237,37.0821,"Heroon of Astrabakos at Sanctuary of Lykourgos in Sparta","Lakonia Bk3","Sanctuary of Lykourgos in Sparta",['heroon'],['3.16.6'],"Sanctuary of Lykourgos in Sparta",NULL,NULL,https://wikidata.org/wiki/Q124616579,NULL,NULL,NULL,NULL
21.738518,38.243265,"Oracular spring by Demeter sanctuary at Patras","Achaia Bk7",Patrae,['pege'],['7.21.12'],Patrae,NULL,https://topostext.org/place/382217WSSp,NULL,NULL,NULL,NULL,NULL
23.1602,37.6335,"Enclosure of Artemis' sanctuary in Epidauros","Epidauria Bk2",Epidauros,['peribolos'],['2.30.7'],Epidauros,NULL,NULL,NULL,NULL,NULL,NULL,NULL
23.3178,38.3191,"Tomb of Pindar at the hippodrome of Thebes","Boiotia Bk9","Thebes (Boeotia)",['mnema'],['9.23.2'],"Thebes (Boeotia)",NULL,NULL,NULL,NULL,NULL,NULL,NULL
22.1946,37.4323,"Elaphos (river)","Arcadia Bk8","Arcadia Bk8",['potamos'],['8.36.7'],NULL,https://pleiades.stoa.org/places/570214,NULL,NULL,NULL,NULL,NULL,NULL
21.91883671,37.17775949,"Messene theater","Messenia Bk4","Messene (Messenia)",['theatron'],['4.32.6'],NULL,NULL,https://topostext.org/place/372219BThe,https://wikidata.org/wiki/Q38184758,NULL,NULL,https://imperium.ahlfeldt.se/places/24211,NULL
22.0959,37.8914,"Sanctuary of Eileithyia at Kleitor, conspicuous","Arcadia Bk8",Kleitor,['hieron'],['8.21.3'],Kleitor,NULL,NULL,https://wikidata.org/wiki/Q134036989,NULL,NULL,NULL,NULL
21.97,37.5,"Acheloos river (Arcadia)","Arcadia Bk8",Theisoaia,['potamos'],"['8.38.10','8.38.9']",Theisoaia,https://pleiades.stoa.org/places/573050,NULL,NULL,NULL,NULL,NULL,NULL
22.7145,37.9834,"Gymnasium at Sicyon","Sikyonia Bk2","Sicyon (Sikyonia)",['gymnasion'],['2.10.7'],"Sicyon (Sikyonia)",NULL,NULL,NULL,NULL,NULL,NULL,NULL
22.6973,37.55,"Sanctuary of Athena Saitis atop Pontinos","Argolid Bk2","Pontinos hill (Argolid)",['hieron'],['2.36.8'],"Pontinos hill (Argolid)",https://pleiades.stoa.org/places/275941309,NULL,https://wikidata.org/wiki/Q134040012,NULL,NULL,NULL,NULL
22.609,37.5475,"Polyandria of the Argives from battle of Hysiae","Argolid Bk2","Kenchreai (Argolid)",['polyandrion'],['2.24.7'],"Kenchreai (Argolid)",NULL,NULL,NULL,NULL,NULL,NULL,NULL
22.4237,37.0821,"Tomb of Talthybius near the Hellenion at Sparta","Lakonia Bk3",Sparta,['mnema'],"['3.12.7','7.24.1']",Sparta,NULL,NULL,https://wikidata.org/wiki/Q124616312,https://resource.manto.unh.edu/10150683,NULL,NULL,NULL
35.9295291,41.6767598,"Halys (river)","Asia Minor (Asia)","Asia Minor (Asia)",['potamos'],['7.5.10'],NULL,https://pleiades.stoa.org/places/857148,NULL,https://wikidata.org/wiki/Q257785,NULL,NULL,NULL,NULL
12.4843457,41.89262,"sanctuary of Bacchus at Rome, in imperial gardens","Italia (Europe)",Rome,['hieron'],['8.46.5'],"Imperial gardens at Rome",NULL,NULL,https://wikidata.org/wiki/Q134036721,NULL,NULL,NULL,NULL
21.88662,36.6969,"Theganoussa (island)","Messenia Bk4","Messenia Bk4",['nesos'],['4.34.12'],NULL,https://pleiades.stoa.org/places/570718,NULL,https://wikidata.org/wiki/Q2512852,NULL,NULL,NULL,NULL
22.9166,38.4151,"Temenos of Zeus Laphystios","Boiotia Bk9","Laphystion mountain",['temenos'],['9.34.5'],"Laphystion mountain",NULL,NULL,NULL,https://resource.manto.unh.edu/10785504,NULL,NULL,NULL
26.78715,38.37322,"baths in Klazomenai","Asia Minor (Asia)","Klazomenai (earlier)",['loutron'],['7.5.11'],"Klazomenai (earlier)",NULL,NULL,NULL,NULL,NULL,NULL,NULL
21.738518,38.243265,"Temple of Nemesis at Patrae","Achaia Bk7",Patrae,['naos'],['7.20.9'],Patrae,NULL,NULL,NULL,NULL,NULL,NULL,NULL
62.49999999999999,32.5,Arimaspai,"Asia (continent)","Asia (continent)",['chora'],"['1.24.6','1.31.2']",NULL,https://pleiades.stoa.org/places/29482,NULL,https://wikidata.org/wiki/Q661584,NULL,Ariaspae,NULL,NULL
21.551425,38.144625,"Asty of the Dymaeans, Dyme, Achaea","Achaia Bk7",Dyme,['acropolis'],['7.17.8'],Dyme,NULL,NULL,https://wikidata.org/wiki/Q133963412,NULL,NULL,NULL,NULL
20.78784,39.54648,"Oak tree at Dodona","Hellas (Europe)","Zeus sanctuary at Dodona",['drys'],['8.23.5'],"Zeus sanctuary at Dodona",NULL,NULL,NULL,https://resource.manto.unh.edu/9616507,"Hiera Phegos",NULL,NULL
44.6891385,41.836468,"Iberia (Caucasus)","Asia (continent)","Asia (continent)",['chora'],['4.36.3'],NULL,https://pleiades.stoa.org/places/863807,NULL,https://wikidata.org/wiki/Q19083,NULL,NULL,NULL,NULL
22.7214,37.6305,"Tomb of Hypermestra in Argos Agora","Argolid Bk2","Agora of Argos",['mnema'],['2.21.2'],"Agora of Argos",NULL,NULL,NULL,https://resource.manto.unh.edu/10185356,NULL,NULL,NULL
23.42372,37.74991,"Chōma in Aigina","Aigina island Bk2","Aigina polity","['choma ges']",['2.29.10'],"Aigina polity",NULL,NULL,NULL,NULL,NULL,NULL,NULL
29.904133,31.195370999999998,"Sarapeion of Alexandria","Libya (Africa)",Alexandria,['hieron'],['1.18.4'],Alexandria,NULL,NULL,https://wikidata.org/wiki/Q521646,NULL,"Serapeum of Alexandria",NULL,NULL
22.262624,37.766264,Kondylea,"Arcadia Bk8",Kaphyai,['chorion'],"['8.23.6','8.23.7']",Kaphyai,https://pleiades.stoa.org/places/573297,NULL,https://wikidata.org/wiki/Q125937085,NULL,"Condylea Kondylia",NULL,NULL
26.774159529999995,38.36467713,"Cave of Pyrros' Mother near Klazomenai","Asia Minor (Asia)","Klazomenai (later)",['spelaion'],['7.5.11'],"Klazomenai (later)",NULL,NULL,NULL,NULL,NULL,NULL,NULL
22.8793472,37.9049161,"Agora of Corinth","Corinthia Bk2","Corinth (Corinthia)",['agora'],"['2.2.6','2.2.8','2.3.1','2.3.2','2.3.6']",NULL,https://pleiades.stoa.org/places/958275306,NULL,https://wikidata.org/wiki/Q125523468,NULL,NULL,NULL,NULL
22.5384,38.0446,"Gymnasium of Pellene","Achaia Bk7",Pellene,['gymnasion'],['7.27.8'],Pellene,NULL,NULL,NULL,NULL,NULL,NULL,NULL
24.032676,37.697557,"Silver mines of Laureion","Attica Bk1",Laureion,['lithotomia'],['1.1.1'],NULL,https://pleiades.stoa.org/places/963101137,NULL,https://wikidata.org/wiki/Q3314937,NULL,NULL,NULL,NULL
22.8802,37.9054,"Teneatic Gate of Corinth","Corinthia Bk2","Corinth (Corinthia)",['pylai'],['2.5.4'],"Corinth (Corinthia)",NULL,NULL,NULL,NULL,NULL,NULL,NULL
22.3546,37.8252,"Skiathis M.","Arcadia Bk8","Arcadia Bk8",['oros'],['8.14.1'],NULL,https://pleiades.stoa.org/places/573516,NULL,https://wikidata.org/wiki/Q117842465,NULL,NULL,NULL,NULL
27.041,38.9416,Elaea,"Asia Minor (Asia)",Aeolis,['polis'],['9.5.14'],NULL,https://pleiades.stoa.org/places/550523,NULL,https://wikidata.org/wiki/Q779669,NULL,NULL,NULL,NULL
22.149,37.863,"Aroanios river","Arcadia Bk8","Arcadia Bk8",['potamos'],"['8.21.1','8.21.2','8.24.3']",NULL,https://pleiades.stoa.org/places/570114,https://topostext.org/place/378218WAro,https://wikidata.org/wiki/Q3555039,NULL,Aroanius,NULL,NULL
23.1717,38.2567,"Treasury of the Thebans at Delphi, built from spoils of Leuktra","Phokis Bk10","Sanctuary of Pythian Apollo at Delphi",['thesauros'],['10.11.5'],NULL,NULL,NULL,https://wikidata.org/wiki/Q22675693,NULL,NULL,NULL,NULL
22.159,38.55,"Kallipolis/Kallion (Aetolia)","Aitolia region","Aitolia region",['polis'],"['10.18.7','10.22.3','10.22.6']",NULL,NULL,https://topostext.org/place/385222UKal,https://wikidata.org/wiki/Q38281541,NULL,NULL,NULL,NULL
22.335,37.095,"Kaiadas Spelaion","Lakonia Bk3","Lakonia Bk3",['barathron'],"['4.18.4','4.18.5','4.18.7']",NULL,https://pleiades.stoa.org/places/570321,https://topostext.org/place/373223CKai,https://wikidata.org/wiki/Q38283240,NULL,NULL,NULL,NULL
22.8802,37.9054,"Sanctuary of Anagke and Bia in Corinth on way to Acrocorinth","Corinthia Bk2","Corinth (Corinthia)",['hieron'],['2.4.6'],"Corinth (Corinthia)",NULL,NULL,https://wikidata.org/wiki/Q134037585,NULL,NULL,NULL,NULL
22.1273,37.4124,"Sanctuary of Asklepios the Child in Megalopolis, below hill of Artemis Agrotera et al","Arcadia Bk8","Megalopolis (Arkadia)",['hieron'],['8.32.5'],"Megalopolis (Arkadia)",NULL,NULL,https://wikidata.org/wiki/Q134037008,https://resource.manto.unh.edu/10769651,NULL,NULL,NULL
22.67254,37.45614,Anthene,"Argolid Bk2","Argolid Bk2",['kome'],['2.38.6'],NULL,https://pleiades.stoa.org/places/570085,NULL,https://wikidata.org/wiki/Q16483470,NULL,Athene,NULL,NULL
23.243591,37.385218,"Gateway in Hermione for road to Mases","Hermionis Bk2",Hermione,['pylai'],['2.35.11'],Hermione,NULL,NULL,NULL,NULL,NULL,NULL,NULL
22.66931,38.58344,"theater of Tithorea","Phokis Bk10",Tithorea/Neon,['theatron'],['10.32.10'],Tithorea/Neon,NULL,NULL,NULL,NULL,NULL,NULL,NULL
23.574785,39.939063,Skione,"Macedonia (Europe)","Chalcidike region (Chalkidike)",['polis'],['10.19.1'],NULL,https://pleiades.stoa.org/places/501620,NULL,https://wikidata.org/wiki/Q963571,NULL,NULL,NULL,NULL
23.3178,38.3191,"Heroon of Iolaus at stadium of Thebes","Boiotia Bk9","Thebes (Boeotia)",['heroon'],['9.23.1'],"Thebes (Boeotia)",NULL,NULL,NULL,NULL,NULL,NULL,NULL
23.066,36.489,"Sanctuary of Asklepios and Hygieia in ruins of Etis","Lakonia Bk3","Etis (Lakonia)",['Asclepieion'],['3.22.13'],"Etis (Lakonia)",NULL,NULL,https://wikidata.org/wiki/Q124616352,NULL,NULL,NULL,NULL
22.55716,37.71428,"Temple to all the gods at Orneae","Argolid Bk2","Orneai (Argolid)",['naos'],['2.25.6'],"Orneai (Argolid)",NULL,NULL,NULL,NULL,NULL,NULL,NULL
26.5,41,"Thrace (Europe)",NULL,Europe,"['major region']","['1.10.2','1.25.2','1.29.13','1.29.4','1.29.5','1.38.2','1.6.4','1.9.5','10.11.5','10.19.5','2.30.2','3.9.12','5.10.8','5.12.6','5.27.12','6.5.4','7.4.3','8.29.1','9.30.9']",NULL,https://pleiades.stoa.org/places/501638,https://topostext.org/place/410265RThr,https://wikidata.org/wiki/Q41741,NULL,Thracia,NULL,NULL
20.25,39.75,Hades,"Hellas (Europe)",Thesprotia,"['mythical place']","['10.28.5','10.28.7','2.31.2','2.37.5','2.5.1','3.24.11','4.33.7','8.18.3','8.48.6','9.30.4','9.31.5','9.33.2','9.5.8']",Thesprotia,NULL,NULL,https://wikidata.org/wiki/Q1521549,NULL,Underworld,NULL,NULL
22.42155,37.58607,"Epaminondas tomb (Arkadia)","Arcadia Bk8","Mantineia battlefield 362 BCE",['mnema'],"['8.11.7','8.11.8','8.12.1']",NULL,NULL,https://topostext.org/place/376224GTEp,https://wikidata.org/wiki/Q107162062,NULL,NULL,NULL,NULL
22.09,38.252,"Sanctuary of Aphrodite at Aigion, by the sea","Achaia Bk7","seashore of Aigion",['hieron'],['7.24.2'],"seashore of Aigion",NULL,NULL,https://wikidata.org/wiki/Q134036940,NULL,NULL,NULL,NULL
22.4502,37.0363,"Tomb of Hyakinthos at Amyklai","Lakonia Bk3","Sanctuary of Apollo at Amyklai",['mnema'],['3.1.3'],"Sanctuary of Apollo at Amyklai",NULL,NULL,https://wikidata.org/wiki/Q124616307,https://resource.manto.unh.edu/10127961,NULL,NULL,NULL
22.3257,36.7862,"Oracular sanctuary of Ino on Oitylos-Thalamai road","Lakonia Bk3","Thalamai (Lakonia/Messenia)",['hieron'],['3.26.1'],"Thalamai (Lakonia/Messenia)",NULL,NULL,https://wikidata.org/wiki/Q124616482,https://resource.manto.unh.edu/10151084,NULL,NULL,NULL
19.001,30.14,"Triton river of Libya, flowing from Tritonis lake","Libya (Africa)","Libya (Africa)",['potamos'],['9.33.7'],NULL,NULL,https://topostext.org/place/000000WTri,NULL,NULL,NULL,NULL,NULL
23.844643,38.290623,"Amphiareion near Oropos","Attica Bk1",Oropia,['hieron'],"['1.34.1','1.34.2','1.34.3']",NULL,https://pleiades.stoa.org/places/71107898,NULL,https://wikidata.org/wiki/Q474656,https://resource.manto.unh.edu/10159724,NULL,NULL,NULL
23.717999999999996,37.981,"Tomb of Euboulos, Athens","Athenai Bk1","Athenai Bk1",['taphos'],['1.29.10'],NULL,NULL,https://topostext.org/binder/JB1355,NULL,NULL,NULL,NULL,NULL
23.7692,38.0253,Anchesmos,"Attica Bk1","Attica Bk1",['oros'],['1.32.2'],NULL,https://pleiades.stoa.org/places/579868,https://topostext.org/place/380238LAnc,https://wikidata.org/wiki/Q92937987,NULL,"Mount Anchemus, Ankesmos",NULL,NULL
20.25,39.75,Thesprotia,"Hellas (Europe)","Epiros region",['chora'],"['1.17.4','1.17.5','1.18.4','1.6.8','4.34.3','4.35.3','5.14.2','5.22.3','5.23.2','6.14.9','9.30.6','9.36.3']",NULL,https://pleiades.stoa.org/places/531117,https://topostext.org/place/394204RThp,https://wikidata.org/wiki/Q2551754,NULL,NULL,NULL,NULL
21.691,37.385,"Neda river (Messenia)","Messenia Bk4","Messenia Bk4",['potamos'],"['4.20.1','4.20.2','4.20.3','4.20.5','4.20.6','4.33.1','4.36.7','5.6.3','8.38.3','8.41.2','8.41.3','8.41.4']",NULL,https://pleiades.stoa.org/places/570502,https://topostext.org/place/373218WNed,https://wikidata.org/wiki/Q1641987,NULL,NULL,NULL,NULL
22.819373,37.042584,"Sanctuary of Artemis with springs at Marios","Lakonia Bk3",Marios,['hieron'],['3.22.8'],Marios,NULL,NULL,https://wikidata.org/wiki/Q124616472,NULL,NULL,NULL,NULL
21.85,38.338,"Drepanon Pr.","Achaia Bk7","Achaia Bk7",['akra'],['7.23.4'],NULL,https://pleiades.stoa.org/places/570203,https://topostext.org/place/383218LDre,https://wikidata.org/wiki/Q25081519,NULL,NULL,NULL,NULL
21.92064,37.17554,"Asklepieion of Messene","Messenia Bk4","Messene (Messenia)",['hieron'],['4.31.10'],NULL,NULL,https://topostext.org/place/372219SAsk,https://wikidata.org/wiki/Q107162500,NULL,NULL,NULL,NULL
21.687,37.959,"tomb of white marble in Triteia","Achaia Bk7","Tritaia (Achaia)",['mnema'],['7.22.6'],"Tritaia (Achaia)",NULL,NULL,NULL,NULL,NULL,NULL,NULL
22.7145,37.9834,"Sanctuary of Tyche Akraia at Sicyon Acropolis","Sikyonia Bk2","Sicyon (Sikyonia)",['hieron'],['2.7.5'],"Sicyon (Sikyonia)",NULL,NULL,https://wikidata.org/wiki/Q134037387,NULL,NULL,NULL,NULL
21.7404,38.2434,"Sanctuary of Apollo in agora of Patrae","Achaia Bk7","Agora of Patrae",['hieron'],"['7.20.3','7.20.7']","Agora of Patrae",NULL,NULL,https://wikidata.org/wiki/Q134036841,NULL,NULL,NULL,NULL
27.424112,37.037864,"Mausoleum at Halicarnassus","Asia Minor (Asia)",Halicarnassus/Halikarnassos,['taphos'],['8.16.4'],NULL,https://pleiades.stoa.org/places/461581651,NULL,https://wikidata.org/wiki/Q45368,NULL,NULL,https://imperium.ahlfeldt.se/places/43739,NULL
22.4295,37.46475,"Sanctuary with temple of Eileithyia in agora of Tegea","Arcadia Bk8","Agora of Tegea","['hieron','naos']","['8.48.7','8.48.8']","Agora of Tegea",NULL,NULL,https://wikidata.org/wiki/Q134037225,https://resource.manto.unh.edu/10267003,NULL,NULL,NULL
23.7247805,37.9728361,"City Eleusinion at Athens","Athenai Bk1","Athenai Bk1",['hieron'],['1.14.3'],NULL,https://pleiades.stoa.org/places/650003009,NULL,https://wikidata.org/wiki/Q1349784,NULL,NULL,NULL,NULL
22.4237,37.0821,"Temple of Thetis in sanctuary at Sparta","Lakonia Bk3",Sparta,['naos'],['3.14.4'],Sparta,NULL,NULL,https://wikidata.org/wiki/Q124616502,NULL,NULL,NULL,NULL
72.5,32.5,Oxydrakai/Sydrakai,"Asia (continent)","Asia (continent)",['chora'],['1.6.2'],NULL,https://pleiades.stoa.org/places/59970,NULL,https://wikidata.org/wiki/Q25377606,NULL,NULL,NULL,NULL
20.638399,38.44193,"Ithaca (island)","Hellas (Europe)","Ionian Sea (Greece/Italy)",['nesos'],"['3.20.10','4.1.3','8.14.6']",NULL,https://pleiades.stoa.org/places/530906,https://topostext.org/place/383204UIth,https://wikidata.org/wiki/Q187471,NULL,NULL,NULL,NULL
22.3244,37.2083,"Pellanis spring at Pellana","Lakonia Bk3","Pellana (Lakonia)",['pege'],['3.21.2'],"Pellana (Lakonia)",NULL,NULL,NULL,NULL,NULL,NULL,NULL
29.108190000000004,37.83663,"Cave 30 stadia above Themisonion","Asia Minor (Asia)",Themisonion,['spelaion'],['10.32.4'],NULL,NULL,NULL,NULL,NULL,NULL,NULL,NULL
12.4843457,41.89262,"Imperial gardens at Rome","Italia (Europe)",Rome,['kepos'],['8.46.5'],Rome,NULL,NULL,NULL,NULL,NULL,NULL,NULL
22.40816,37.60256,"Tombs of the daughters of Pelias 5 stades left from Poseidon Hippios near Mantineia","Arcadia Bk8","Mantineia (Arkadia)",['mnema'],['8.11.1'],NULL,NULL,NULL,NULL,https://resource.manto.unh.edu/10153021,NULL,NULL,NULL
23.42372,37.74991,"Temple of Dionysus in Aigina","Aigina island Bk2","Aigina polity",['naos'],['2.30.1'],"Aigina polity",NULL,NULL,NULL,NULL,NULL,NULL,NULL
21.7,37.5,Triphylia,"Eleia Bk5 Bk6","Eleia Bk5 Bk6",['chora'],"['5.16.1','5.23.2','5.5.3','5.6.4','6.15.1','6.22.4','6.25.6']",NULL,https://pleiades.stoa.org/places/570754,NULL,https://wikidata.org/wiki/Q472032,NULL,NULL,NULL,NULL
21.859,37.682,"Ladon river","Eleia Bk5 Bk6","Eleia Bk5 Bk6",['potamos'],"['5.7.1','8.20.1','8.20.4','8.21.1','8.23.8','8.25.1','8.25.11','8.25.12','8.25.13','8.25.2','8.25.3','8.25.4','8.25.6','8.26.3','8.43.2']",NULL,https://pleiades.stoa.org/places/570408,https://topostext.org/place/378218WLad,https://wikidata.org/wiki/Q1462727,NULL,NULL,NULL,NULL
23.3484,37.5033,"Sanctuary of Aphrodite Nymphia, near the stone of Theseus, in the mountains from Troizen to Hermione","Troizenia Bk2","Troizen (Troizenia)",['hieron'],['2.32.7'],"Troizen (Troizenia)",NULL,NULL,https://wikidata.org/wiki/Q134037991,https://resource.manto.unh.edu/10214934,NULL,NULL,NULL
25.268194,37.397274,"Delos island","Aegean Sea (Hellas)","Cyclades region (Aegean)",['nesos'],"['1.18.5','1.19.6','1.29.1','1.31.2','2.27.1','2.33.2','3.23.3','3.23.4','4.33.2','4.36.6','4.4.1','5.19.10','5.7.8','8.33.2']",NULL,https://pleiades.stoa.org/places/599588,NULL,https://wikidata.org/wiki/Q173148,NULL,NULL,https://imperium.ahlfeldt.se/places/41356,NULL
22.84827,38.49486,"Theban polyandrion at Chaironeia","Boiotia Bk9","Chaironea (Boeotia)",['polyandrion'],['9.40.10'],NULL,NULL,https://topostext.org/place/385228ALoC,https://wikidata.org/wiki/Q56952437,NULL,"Lion of Chaeronea",NULL,NULL
22.489574,38.640939,Charadra,"Phokis Bk10","Phokis Bk10",['polis'],"['10.3.2','10.33.6']",NULL,https://pleiades.stoa.org/places/540709,NULL,https://wikidata.org/wiki/Q15689549,NULL,NULL,NULL,NULL
23.116,38.207,"Oeroe (river)","Boiotia Bk9","Boiotia Bk9",['potamos'],['9.4.4'],NULL,https://pleiades.stoa.org/places/540967,NULL,https://wikidata.org/wiki/Q25019614,NULL,NULL,NULL,NULL
21.73,38.082,"Spring in grove of Apollo Karneios near Pharai","Achaia Bk7","Pharae (Achaia)",['pege'],['4.31.1'],"Pharae (Achaia)",NULL,NULL,NULL,NULL,NULL,NULL,NULL
21.630126,37.637849,"Sanctuary of Sosipolis at Olympia","Eleia Bk5 Bk6",Olympia,['hieron'],['6.20.5'],Olympia,NULL,NULL,https://wikidata.org/wiki/Q134036768,NULL,NULL,NULL,NULL
23.771,37.803,"Zoster promontory","Attica Bk1","Attica Bk1",['akra'],['1.31.1'],NULL,https://pleiades.stoa.org/places/580140,https://topostext.org/place/378238LZos,https://wikidata.org/wiki/Q60790988,NULL,NULL,NULL,NULL
23.7257,37.9717,"Olive Tree by Athena Polias temple, Athens Acropolis","Athenai Bk1","Temple of Pandrosos, Athenian Acropolis",['elaia'],"['1.27.2','8.23.5']","Temple of Pandrosos, Athenian Acropolis",NULL,https://topostext.org/binder/JB2249,NULL,https://resource.manto.unh.edu/9619257,NULL,NULL,NULL
21.87884,37.710489,"Agora of Thelpousa on edge of surviving city","Arcadia Bk8",Thelpousa,['agora'],['8.25.3'],Thelpousa,NULL,NULL,https://wikidata.org/wiki/Q133963449,NULL,NULL,NULL,NULL
22.959486,38.495082,"Tomb of Hesiod in Orchomenos with inscription","Boiotia Bk9","Orchomenos (Boeotia)",['mnema'],['9.38.4'],"Orchomenos (Boeotia)",NULL,NULL,NULL,NULL,NULL,NULL,NULL
23.3484,37.5033,"Tomb of Pitheus in Troizen","Troizenia Bk2","Troizen (Troizenia)",['mnema'],['2.31.3'],"Agora of Troizen",NULL,NULL,NULL,https://resource.manto.unh.edu/10214793,NULL,NULL,NULL
22.428,37.0851,"Temple of Dionysus Colonatas in Sparta","Lakonia Bk3",Sparta,['naos'],"['3.13.7','3.13.8']",NULL,NULL,https://topostext.org/place/371224SDiK,https://wikidata.org/wiki/Q117272549,NULL,NULL,NULL,NULL
22.2911,37.85989,"Swallow-hole under Oryxis","Arcadia Bk8","Plain of Pheneatis",['barathron'],"['8.14.1','8.14.2','8.14.4','8.20.1']",NULL,NULL,NULL,NULL,NULL,"barathron on Pheneus plain",NULL,NULL
22.3257,36.7862,"Temple in sanctuary of Ino near Thalamai","Lakonia Bk3","Oracular sanctuary of Ino on Oitylos-Thalamai road",['naos'],['3.26.1'],"Oracular sanctuary of Ino on Oitylos-Thalamai road",NULL,NULL,NULL,NULL,NULL,NULL,NULL
22.42659,37.08188,"Sanctuary of Zeus Agoraios at Sparta","Lakonia Bk3","Agora of Sparta",['hieron'],['3.11.9'],"Agora of Sparta",NULL,NULL,https://wikidata.org/wiki/Q124616429,NULL,NULL,NULL,NULL
12.46829,37.86747,Motye,"Sicilia (island)","Sicilia (island)",['polis'],['5.25.5'],NULL,https://pleiades.stoa.org/places/462373,NULL,https://wikidata.org/wiki/Q962184,NULL,Motya,NULL,NULL
22.549,37.489,"Sanctuary of Pan on Mt. Parthenion where Pan appeared to Philippides","Arcadia Bk8","Parthenion (mountain)",['hieron'],['8.54.6'],"Parthenion (mountain)",NULL,NULL,https://wikidata.org/wiki/Q134036676,NULL,NULL,NULL,NULL
16.75,40.75,Iapyges,"Italia (Europe)","Italia (Europe)",['chora'],['10.13.10'],NULL,https://pleiades.stoa.org/places/442618,NULL,https://wikidata.org/wiki/Q841576,NULL,NULL,NULL,NULL
21.374,37.89,"Altar of Demeter and her child at gymnasium of Elis","Eleia Bk5 Bk6","Gymnasium of Elis",['bomos'],['6.23.3'],"Gymnasium of Elis",NULL,NULL,NULL,NULL,NULL,NULL,NULL
22.4237,37.0821,"Tomb of Tainaros at Sparta","Lakonia Bk3",Sparta,['mnema'],['3.14.2'],Sparta,NULL,NULL,https://wikidata.org/wiki/Q124616296,https://resource.manto.unh.edu/10150393,NULL,NULL,NULL
22.394,37.446,"Kresion M.","Arcadia Bk8","Manthourikon plain right of Chôma",['oros'],['8.44.7'],NULL,https://pleiades.stoa.org/places/573308,NULL,https://wikidata.org/wiki/Q106462887,NULL,NULL,NULL,NULL
22.80004,37.59918,"City walls of Tiryns","Argolid Bk2",Tiryns,['teichos'],['2.16.5'],Tiryns,NULL,NULL,NULL,NULL,NULL,NULL,NULL
22.4237,37.0821,"Sanctuary of Zeus Euanemos","Lakonia Bk3","Kolôna in Sparta, opposite Zeus Amboulios",['hieron'],['3.13.8'],"Kolôna in Sparta, opposite Zeus Amboulios",NULL,NULL,https://wikidata.org/wiki/Q124616441,NULL,NULL,NULL,NULL
23.144,37.495,Philanorion,"Hermionis Bk2","Hermionis Bk2",['settlement'],['2.36.3'],NULL,https://pleiades.stoa.org/places/570601,NULL,https://wikidata.org/wiki/Q131911843,NULL,NULL,NULL,NULL
22.31536,37.724716,"ancient city wall of Orchomenos on mountain","Arcadia Bk8","Orchomenos (Arcadia)",['teichos'],['8.13.2'],"Orchomenos (Arcadia)",NULL,NULL,NULL,NULL,NULL,NULL,NULL
21.695,37.027,"Pylos/Palace of Nestor (Messenia)","Messenia Bk4","Messenia Bk4",['polis'],"['3.26.8','9.36.8','9.41.4']",NULL,https://pleiades.stoa.org/places/156116232,https://topostext.org/place/370217XNes,https://wikidata.org/wiki/Q2047396,NULL,NULL,NULL,NULL
22.626059,38.375439,"Agora of Antikyra","Phokis Bk10",Antikyra,['agora'],['10.36.10'],Antikyra,NULL,NULL,https://wikidata.org/wiki/Q133963423,NULL,NULL,NULL,NULL
23.079283,37.596125,"Great Theater (Epidauros Asklepieion)","Epidauria Bk2","Asklepieion of Epidauros",['theatron'],"['2.27.5','2.29.11']",NULL,NULL,https://topostext.org/place/376231BGTh,https://wikidata.org/wiki/Q608198,NULL,NULL,NULL,NULL
23.34285,37.997,"City walls of Megara","Megarid Bk1","Megara (Megarid)",['teichos'],['8.50.4'],"Megara (Megarid)",NULL,NULL,NULL,NULL,NULL,NULL,NULL
22.8802,37.9054,"Tomb of Diogenes outside gate of Corinth","Corinthia Bk2","Corinth (Corinthia)",['mnema'],['2.2.4'],"Corinth (Corinthia)",NULL,NULL,NULL,NULL,NULL,NULL,NULL
22.52,38.629,"Kephisos springs (Phokis)","Phokis Bk10","Phokis Bk10",['pege'],"['10.33.5','10.8.10']",NULL,NULL,https://topostext.org/place/386225SKep,https://wikidata.org/wiki/Q38281069,NULL,NULL,NULL,NULL
27.256115000000005,37.384829,"Tomb of Neileus near Didyma","Asia Minor (Asia)","Didyma Apollo sanctuary",['mnema'],['7.2.6'],"Didyma Apollo sanctuary",NULL,NULL,NULL,https://resource.manto.unh.edu/10267638,NULL,NULL,NULL
24.005799999999997,38.1601,"Makaria spring (Attica)","Attica Bk1","Marathon deme",['pege'],['1.32.6'],NULL,NULL,https://topostext.org/place/382240WMak,NULL,https://resource.manto.unh.edu/10159696,NULL,NULL,NULL
23.717999999999996,37.981,"Tomb of Chabrias, Athens","Athenai Bk1","Athenai Bk1",['taphos'],['1.29.3'],NULL,NULL,https://topostext.org/binder/JB0793,NULL,NULL,NULL,NULL,NULL
22.03143,37.38957,"Megaron right of temple of Despoina at Lykosoura","Arcadia Bk8","Sanctuary of Despoina at Lykosoura",['megaron'],['8.37.10'],"Sanctuary of Despoina at Lykosoura",NULL,NULL,NULL,NULL,NULL,NULL,NULL
22.3933,37.6181,"Theater of Mantineia","Arcadia Bk8","Mantineia (Arkadia)",['theatron'],['8.9.2'],"Mantineia (Arkadia)",NULL,NULL,NULL,NULL,NULL,NULL,NULL
22.7195,37.6316,"Sanctuary of Amphiaraus in Argos","Argolid Bk2","Koile road from Kylarabis gymnasium, Argos",['hieron'],['2.23.2'],"Koile road from Kylarabis gymnasium, Argos",NULL,NULL,https://wikidata.org/wiki/Q134037461,NULL,NULL,NULL,NULL
23.3116,38.2999,"Potniai (Boeotia)","Boiotia Bk9","Boiotia Bk9",['polis'],"['9.8.1','9.8.2','9.8.3']",NULL,https://pleiades.stoa.org/places/541070,https://topostext.org/place/383233PPot,https://wikidata.org/wiki/Q3400070,NULL,NULL,NULL,NULL
22.96886,39.366305,Iolkos,"Hellas (Europe)","Magnesia region (Magnesia)",['settlement'],"['2.3.10','2.3.11','2.3.9','4.2.5','4.3.6','4.36.1','8.11.2']",NULL,https://pleiades.stoa.org/places/540837,NULL,https://wikidata.org/wiki/Q662613,NULL,NULL,NULL,NULL
21.63066,37.63905,"Dorian chamber of Sicyonian treasury at Olympia","Eleia Bk5 Bk6","Sicyonian Treasury at Olympia",['thesauros'],['6.19.2'],"Sicyonian Treasury at Olympia",NULL,NULL,NULL,NULL,NULL,NULL,NULL
22.371895,38.787274,"Athena Trachinis sanctuary near Trachis","Hellas (Europe)",Phthiotis,['hieron'],['10.22.1'],NULL,https://pleiades.stoa.org/places/540680,NULL,https://wikidata.org/wiki/Q134040005,NULL,NULL,NULL,NULL
22.4237,37.0821,"Hill in Sparta near Kolonos","Lakonia Bk3",Sparta,['lophos'],['3.13.8'],Sparta,NULL,NULL,NULL,NULL,NULL,NULL,NULL
23.706200000000003,37.9373,"Altars of the heroes, Phaleron","Attica Bk1",Phaleron,['bomos'],['1.1.4'],Phaleron,NULL,NULL,NULL,NULL,NULL,NULL,NULL
22.71145,37.98417,"Theater of Dionysos in Sicyon","Sikyonia Bk2","Sicyon (Sikyonia)",['theatron'],['2.7.5'],NULL,https://pleiades.stoa.org/places/542568395,https://topostext.org/place/380227BSTh,https://wikidata.org/wiki/Q38280194,NULL,"theater of Sikyon",NULL,NULL
22.7214,37.6305,"Temple within Apollo Lykios' sanctuary at Argos, built as anathema by Danaus","Argolid Bk2","Sanctuary of Apollo Lykios in Argos",['naos'],['2.19.3'],"Sanctuary of Apollo Lykios in Argos",NULL,NULL,NULL,NULL,NULL,NULL,NULL
22.2156,37.3545,"Oresthasion (Arkadia)","Arcadia Bk8","Arcadia Bk8",['polis'],"['8.27.3','8.3.1','8.3.2','8.39.4','8.44.2']",NULL,https://pleiades.stoa.org/places/570536,https://topostext.org/place/373222POre,https://wikidata.org/wiki/Q7101662,NULL,NULL,NULL,NULL
26.23873,39.9577,"Altar of Zeus Herkeios in the court of Priam","Asia Minor (Asia)",Ilium,['bomos'],['2.24.3'],Ilium,NULL,NULL,NULL,NULL,NULL,NULL,NULL
23.795527999999997,35.287701,Elyros,Crete,Crete,['polis'],['10.16.5'],NULL,https://pleiades.stoa.org/places/589775,NULL,https://wikidata.org/wiki/Q3561249,NULL,NULL,NULL,NULL
20.3414,39.284192,"Cheimerion? Pr.","Epiros region","Epiros region",['akra'],['8.7.2'],NULL,https://pleiades.stoa.org/places/530833,NULL,https://wikidata.org/wiki/Q5089691,NULL,NULL,NULL,NULL
22.905228,38.596346,"City gates of Abai","Phokis Bk10",Hyampolis,['pylai'],['10.35.6'],Hyampolis,NULL,NULL,NULL,NULL,NULL,NULL,NULL
22.562341,36.763663,"Sanctuary of Aphrodite Migonitis on mainland opposite Kranae island","Lakonia Bk3",Gythion,['hieron'],['3.22.1'],Gythion,NULL,NULL,https://wikidata.org/wiki/Q124616469,https://resource.manto.unh.edu/10146676,NULL,NULL,NULL
22.1976,38.345,"Oiantheia/Euantheia (Phokis)","Ozolian Lokris Bk10","Ozolian Lokris Bk10",['polis'],['10.38.9'],NULL,https://pleiades.stoa.org/places/540969,https://topostext.org/place/383222UOia,https://wikidata.org/wiki/Q5850148,NULL,NULL,NULL,NULL
30.20325,45.25471,"Temple of Achilles on Leuke island","Pontus Euxinus","Leuke island in Black Sea",['naos'],['3.19.11'],"Leuke island in Black Sea",NULL,NULL,https://wikidata.org/wiki/Q124616510,NULL,NULL,NULL,NULL
22.4289,37.07593,"Poseidon Tainarios (Sparta)","Lakonia Bk3",Sparta,['temenos'],['3.12.5'],NULL,https://pleiades.stoa.org/places/469183604,https://topostext.org/place/371224SPoT,NULL,NULL,NULL,NULL,NULL
23.912351,37.848447,"sanctuary of Demeter and the Maiden, Prospalta","Attica Bk1",Prospalta,['hieron'],['1.31.1'],Prospalta,NULL,NULL,https://wikidata.org/wiki/Q124644563,NULL,NULL,NULL,NULL
22.307,37.9117,"Sanctuary of Artemis Eurippa at Pheneos","Arcadia Bk8",Pheneos,['hieron'],['8.14.5'],Pheneos,NULL,NULL,https://wikidata.org/wiki/Q134037105,https://resource.manto.unh.edu/10159950,NULL,NULL,NULL
21.9195,37.1779,"Sanctuary of Sarapis and Isis near theater of Messene","Messenia Bk4","Messene (Messenia)",['hieron'],['4.32.6'],"Messene (Messenia)",NULL,NULL,https://wikidata.org/wiki/Q134036873,NULL,NULL,NULL,NULL
16.77294067,40.939664,Peucetii,"Italia (Europe)","Italia (Europe)",['chora'],['10.13.10'],NULL,https://pleiades.stoa.org/places/442714,NULL,https://wikidata.org/wiki/Q1267337,NULL,NULL,NULL,NULL
23.3484,37.5033,"Spring of Hyllikos river on the mountains from Troizen to Hermione","Troizenia Bk2","Troizen (Troizenia)",['pege'],['2.32.7'],"Troizen (Troizenia)",NULL,NULL,NULL,NULL,NULL,NULL,NULL
23.722163,37.975843,"Stoa of Zeus Eleutherios (Athens Agora)","Athenai Bk1","Agora of Athens",['stoa'],"['1.3.3','1.3.4','10.21.6']",NULL,https://pleiades.stoa.org/places/649966334,https://topostext.org/place/380237BSZe,https://wikidata.org/wiki/Q331355,NULL,NULL,NULL,NULL
21.02,38.45,"Echinades (islands)","Aitolia region",Akarnania,['nesos'],"['4.34.1','8.1.2','8.24.11','8.38.10']",NULL,https://pleiades.stoa.org/places/530852,NULL,https://wikidata.org/wiki/Q767387,NULL,NULL,NULL,NULL
21.724777,37.439599,"Sanctuary of Demeter at Lepreon","Eleia Bk5 Bk6",Lepreon,['hieron'],['5.5.6'],Lepreon,https://pleiades.stoa.org/places/87367171,https://topostext.org/place/374217SDem,https://wikidata.org/wiki/Q134039986,NULL,NULL,NULL,NULL
22.0751,37.2642,"High hill of Ampheia","Messenia Bk4",Ampheia,['lophos'],['4.5.9'],Ampheia,NULL,NULL,NULL,NULL,NULL,NULL,NULL
22.1273,37.4124,"Small grove of trees behind temple of Zeus Philios in Megalopolis","Arcadia Bk8","Peribolos of Great Goddesses Demeter and Korê at Megalopolis",['alsos'],['8.31.5'],"Peribolos of Great Goddesses Demeter and Korê at Megalopolis",NULL,NULL,NULL,NULL,NULL,NULL,NULL
27.184167,39.1325,"Chamber of Attalos at Pergamon","Asia Minor (Asia)",Pergamum,['thalamos'],['9.35.6'],Pergamum,NULL,NULL,NULL,NULL,NULL,NULL,NULL
22.1273,37.4124,"Temple of Tyche behind Archive stoa in Megalopolis","Arcadia Bk8","Megalopolis (Arkadia)",['naos'],['8.30.7'],"Megalopolis (Arkadia)",NULL,NULL,NULL,NULL,NULL,NULL,NULL
23.3484,37.5033,"Temple of Poseidon Phytalmios at Troizen","Troizenia Bk2","Troizen (Troizenia)",['naos'],['2.32.8'],"Troizen (Troizenia)",NULL,NULL,NULL,NULL,NULL,NULL,NULL
22.7348,37.469,Anigraia,"Argolid Bk2","Eleia Bk5 Bk6","['chorion','esbole']","['2.38.4','2.38.5']",NULL,https://pleiades.stoa.org/places/570083,NULL,https://wikidata.org/wiki/Q125936806,NULL,NULL,NULL,NULL
21.97,37.5,Theisoaia,"Arcadia Bk8",Kynouriake,['chora'],['8.38.9'],NULL,NULL,NULL,NULL,NULL,"Theisoan territory",NULL,NULL
23.72372,37.97242,"Tomb of Oedipus in the Areios Pagos","Athenai Bk1","Semnai Theai shrine at the Areius Pagus",['mnema'],['1.28.7'],"Semnai Theai shrine at the Areius Pagus",NULL,NULL,NULL,https://resource.manto.unh.edu/10785744,NULL,NULL,NULL
22.4237,37.0821,"Tomb of Theopompos son of Nikandros in Sparta","Lakonia Bk3","Sanctuary of Lykourgos in Sparta",['mnema'],['3.16.6'],"Sanctuary of Lykourgos in Sparta",NULL,NULL,https://wikidata.org/wiki/Q124616330,NULL,NULL,NULL,NULL
24.0376,37.8652,"memorial to Erysichthon, Prasiai","Attica Bk1",Prasiae,['mnema'],['1.31.2'],Prasiae,NULL,NULL,https://wikidata.org/wiki/Q124644567,https://resource.manto.unh.edu/10159366,NULL,NULL,NULL
23.1453,38.3622,"Temple of Onchestian Poseidon at Onchestos","Boiotia Bk9","Onchestos (Boeotia)",['naos'],['9.26.5'],"Onchestos (Boeotia)",https://pleiades.stoa.org/places/162490152,NULL,NULL,NULL,NULL,NULL,NULL
22.7113,38.7759,"Boagrius river of East Lokris","Hellas (Europe)","Locris Opuntia region",['potamos'],['5.22.4'],NULL,NULL,https://topostext.org/place/388227WBoa,https://wikidata.org/wiki/Q60790665,NULL,NULL,NULL,NULL
26.331240830000002,39.90055031,Pedaion,"Asia Minor (Asia)",Troas,['polis'],['10.25.9'],Troas,https://pleiades.stoa.org/places/554306,NULL,https://wikidata.org/wiki/Q115575338,NULL,Pedaeum,NULL,NULL
23.715,37.995,"Heroon of Oedipus and Adrastus, Kolonos","Athenai Bk1","Kolonos Hippios",['heroon'],"['1.28.7','1.30.4']","Kolonos Hippios",NULL,https://topostext.org/binder/JB2242,NULL,NULL,NULL,NULL,NULL
23.72641,37.97209,"Poseidon altar on the Akropolis, Athens","Athenai Bk1","Athenian Acropolis (Athens)",['bomos'],['1.26.5'],NULL,NULL,https://topostext.org/binder/JB2509,NULL,NULL,NULL,NULL,NULL
23.72993,37.97087,"Street of Tripods (Athens)","Athenai Bk1","Athenai Bk1",['hodos'],['1.20.1'],NULL,NULL,https://topostext.org/place/380237XTrR,https://wikidata.org/wiki/Q4306925,NULL,NULL,NULL,NULL
22.782061,38.645635,"Agora of Elateia","Phokis Bk10",Elateia,['agora'],['10.34.6'],Elateia,NULL,NULL,https://wikidata.org/wiki/Q133963429,NULL,NULL,NULL,NULL
22.635738,38.076814,Aristonautai,"Sikyonia Bk2","Sikyonia Bk2",['epineion'],"['2.12.2','7.26.14']",NULL,https://pleiades.stoa.org/places/570109,NULL,https://wikidata.org/wiki/Q16326973,NULL,NULL,NULL,NULL
22.9925,37.8824,"Temple of Aphrodite in Kenchreai","Corinthia Bk2","Kenchreai (Korinthia)",['naos'],['2.2.3'],"Kenchreai (Korinthia)",NULL,NULL,NULL,NULL,NULL,NULL,NULL
23.217,39.0097,"Artemision (Euboea)","Euboea (island)","Euboea (island)",['battlefield'],"['1.14.5','10.14.5','3.16.6']",NULL,https://pleiades.stoa.org/places/540667,https://topostext.org/place/390232SArt,https://wikidata.org/wiki/Q105317807,NULL,NULL,NULL,NULL
21.6336,37.637,"altars of Poseidon Hippios and Hera Hippia","Eleia Bk5 Bk6","Hippodrome (Olympia)",['bomos'],['5.15.5'],"Hippodrome (Olympia)",NULL,NULL,NULL,NULL,NULL,NULL,NULL
23.4032,38.2358,"Erythrai (Boeotia)","Boiotia Bk9","Boiotia Bk9",['polisma'],"['6.21.11','9.2.1']",NULL,https://pleiades.stoa.org/places/540771,https://topostext.org/place/382234PEry,https://wikidata.org/wiki/Q56399414,NULL,NULL,NULL,NULL
21.71145,37.635009,Phrixa,"Eleia Bk5 Bk6","Eleia Bk5 Bk6",['polis'],['6.21.6'],NULL,https://pleiades.stoa.org/places/570609,NULL,https://wikidata.org/wiki/Q5505071,NULL,Phrixai,NULL,NULL
22.3933,37.6181,"Altars of Helios, where Arkas is buried","Arcadia Bk8","Mantineia (Arkadia)",['chorion'],['8.9.4'],"Mantineia (Arkadia)",NULL,NULL,NULL,NULL,NULL,NULL,NULL
28.224399999999996,36.4408,"Rhodes polis","Aegean Sea (Hellas)","Rhodes island",['polis'],"['6.14.2','6.7.4','6.7.6','8.43.4']","Rhodes island",https://pleiades.stoa.org/places/590030,NULL,https://wikidata.org/wiki/Q13533316,NULL,NULL,NULL,NULL
21.62845,37.63929,"Retaining wall of gymnasium at Olympia","Eleia Bk5 Bk6","Gymnasium (Olympia)",['teichos'],['6.21.2'],"Gymnasium (Olympia)",NULL,NULL,NULL,NULL,NULL,NULL,NULL
23.0291,36.2295,"Cythera polis","Aegean Sea (Hellas)","Cythera island",['polis'],"['1.27.5','3.23.1']",NULL,https://pleiades.stoa.org/places/570400,https://topostext.org/place/363230PKyt,https://wikidata.org/wiki/Q11855334,NULL,Kythera,NULL,NULL
22.03143,37.38957,"Altar of Great Mother before temple at Lykosoura","Arcadia Bk8","Sanctuary of Despoina at Lykosoura",['bomos'],['8.37.2'],"Sanctuary of Despoina at Lykosoura",NULL,NULL,NULL,NULL,NULL,NULL,NULL
22.142,37.278,"Sanctuary of Apollo Kereatas in Aigytis, above Karnion springs","Arcadia Bk8",Aigytis,['hieron'],['8.34.5'],Aigytis,NULL,NULL,https://wikidata.org/wiki/Q134037048,NULL,NULL,NULL,NULL
22.442714,36.460433,"Aphrodite temple (Kainepolis)","Lakonia Bk3",Kainepolis,['naos'],['3.25.9'],Kainepolis,NULL,https://topostext.org/place/365224SApK,NULL,NULL,NULL,NULL,NULL
22.36595,37.89153,"Geronteion mountain, border of Pheneos with Stymphalos","Arcadia Bk8","Arcadia Bk8",['oros'],"['8.16.1','8.22.1']",NULL,https://pleiades.stoa.org/places/570262,NULL,https://wikidata.org/wiki/Q131295278,NULL,NULL,NULL,NULL
23.49567,37.70073,"Panhellenios (mountain)","Aigina island Bk2","Aigina island Bk2",['oros'],"['2.30.3','2.30.4']",NULL,https://pleiades.stoa.org/places/580055,NULL,https://wikidata.org/wiki/Q2031433,NULL,NULL,NULL,NULL
21.62976,37.63887,"Opisthodomos of temple of Hera at Olympia","Eleia Bk5 Bk6","Temple of Hera at Olympia",['opisthodomus'],['5.16.1'],"Temple of Hera at Olympia",NULL,NULL,NULL,NULL,NULL,NULL,NULL
27.19174,37.99515,"Hales (river)","Asia Minor (Asia)","Ionia (region)",['potamos'],['8.28.3'],NULL,https://pleiades.stoa.org/places/599635,NULL,NULL,NULL,NULL,NULL,NULL
22.4237,37.0821,"Sanctuary of Poseidon Genethlios at Sparta","Lakonia Bk3",Sparta,['hieron'],['3.15.10'],Sparta,NULL,NULL,https://wikidata.org/wiki/Q124616451,NULL,NULL,NULL,NULL
23.30295,37.32767,"Aperopia (island)","Hermionis Bk2","Aegean Sea (Hellas)",['nesos'],['2.34.9'],NULL,https://pleiades.stoa.org/places/570089,NULL,https://wikidata.org/wiki/Q1140015,NULL,NULL,NULL,NULL
21.374,37.89,"Acropolis of Elis","Eleia Bk5 Bk6","Elis polis",['acropolis'],['6.26.3'],"Elis polis",NULL,https://topostext.org/place/379214XElA,https://wikidata.org/wiki/Q106997152,NULL,NULL,NULL,NULL
23.34285,37.997,"hearth of the  Prodomeis at Megara","Megarid Bk1","Megara (Megarid)",['hestia'],['1.42.1'],"Megara (Megarid)",NULL,NULL,https://wikidata.org/wiki/Q124644630,NULL,NULL,NULL,NULL
24.6099,38.82754,"Scyrus (island)","Aegean Sea (Hellas)","Aegean Sea (Hellas)",['nesos'],"['1.17.6','3.25.1','3.3.7']",NULL,https://pleiades.stoa.org/places/541093,NULL,https://wikidata.org/wiki/Q208566,NULL,NULL,NULL,NULL
22.87352,38.431063,"Temple of Herkyna at Lebadeia","Boiotia Bk9",Lebadeia,['naos'],['9.39.3'],Lebadeia,NULL,NULL,NULL,NULL,NULL,NULL,NULL
22.09,38.252,"Temenos of Zeus Savior in agora of Aigion","Achaia Bk7","Agora of Aigion",['temenos'],['7.23.9'],"Agora of Aigion",NULL,NULL,NULL,NULL,NULL,NULL,NULL
26.5,31.5,"Libyan desert","Libya (Africa)","Libya (Africa)",['chora'],['2.21.6'],"Libya (Africa)",NULL,NULL,https://wikidata.org/wiki/Q181528,NULL,NULL,NULL,NULL
23.5314735,37.947768,"temple of Aias, Salamis","Attica Bk1","Salamis (settlement)",['naos'],['1.35.3'],"Salamis (settlement)",NULL,NULL,https://wikidata.org/wiki/Q124644583,NULL,NULL,NULL,NULL
30.16017,38.08044,"Marsyas (river)","Asia Minor (Asia)",Phrygia,['potamos'],"['10.30.9','2.7.9']",NULL,https://pleiades.stoa.org/places/638986,NULL,NULL,NULL,NULL,NULL,NULL
22.3777,38.1286,"Temple of Artemis at Aigeira","Achaia Bk7","Aigeira (Achaia)",['naos'],['7.26.5'],"Aigeira (Achaia)",NULL,NULL,NULL,NULL,NULL,NULL,NULL
22.70838,37.59848,"Swallow-hole (katavothra) of Stymphalos river","Arcadia Bk8","Plain of Stymphalus",['barathron'],"['8.22.3','8.22.8']",NULL,NULL,NULL,NULL,NULL,NULL,NULL,NULL
22.42659,37.08188,"Sanctuary of Athena Xenia at Sparta","Lakonia Bk3","Agora of Sparta",['hieron'],['3.11.11'],"Agora of Sparta",NULL,NULL,https://wikidata.org/wiki/Q124616588,NULL,NULL,NULL,NULL
22.7214,37.6305,"Tomb of Linus the poet at Argos","Argolid Bk2","Sanctuary of Apollo Lykios in Argos",['taphos'],['2.19.8'],"Sanctuary of Apollo Lykios in Argos",NULL,NULL,NULL,https://resource.manto.unh.edu/10185271,"Grave of Linos",NULL,NULL
22.5086,38.4801,"First temple at entry to Delphi polis, ruined.","Phokis Bk10","Delphi (polis)",['naos'],['10.8.6'],NULL,NULL,NULL,NULL,NULL,NULL,NULL,NULL
23.545847,38.415804,Mykalessos,"Boiotia Bk9","Boiotia Bk9",['polis'],"['1.23.3','9.19.4','9.19.5','9.19.8','9.20.2']",NULL,https://pleiades.stoa.org/places/540953,NULL,https://wikidata.org/wiki/Q1529070,NULL,NULL,NULL,NULL
22.1273,37.4124,"North section of Megalopolis city","Arcadia Bk8","Megalopolis (Arkadia)",['topos'],['8.30.2'],"Megalopolis (Arkadia)",NULL,NULL,NULL,NULL,NULL,NULL,NULL
46.5,34.5,Media,"Asia (continent)","Asia (continent)",['chora'],"['1.16.3','4.24.2']",NULL,https://pleiades.stoa.org/places/903080,NULL,https://wikidata.org/wiki/Q3853673,NULL,Madaya,NULL,NULL
22.8956,38.6366,"Large temple at Abai","Phokis Bk10","Sanctuary of Apollo of Abai",['naos'],['10.35.4'],"Sanctuary of Apollo of Abai",NULL,NULL,NULL,NULL,NULL,NULL,NULL
26.769,40.5114,"Lysimacheia, Lysimachia","Thrace (Europe)","Chersonesus (Thrace)",['polis'],"['1.10.5','1.16.2','1.9.8']",NULL,https://pleiades.stoa.org/places/501458,NULL,https://wikidata.org/wiki/Q517690,NULL,NULL,NULL,NULL
23.970146000000003,38.1465515,"hill of Pan, Marathon","Attica Bk1","Marathon deme",['oros'],['1.32.7'],"Marathon deme",NULL,NULL,NULL,NULL,NULL,NULL,NULL
23.34285,37.997,"Sanctuary of Artemis Soteira and emperors in Megara","Megarid Bk1","Megara (Megarid)",['hieron'],['1.40.2'],"Megara (Megarid)",NULL,NULL,https://wikidata.org/wiki/Q124644611,NULL,NULL,NULL,NULL
27.784,38.7827,"room within sanctuary in Hierokaisareia, with miraculous ash altar","Asia Minor (Asia)","Sanctuary of Persian Artemis in Hierokaisareia",['oikema'],['5.27.5'],"Sanctuary of Persian Artemis in Hierokaisareia",NULL,NULL,NULL,NULL,NULL,NULL,NULL
22.626059,38.375439,"High rock two stades to the right when approaching Antikyra","Phokis Bk10",Antikyra,['petra'],['10.37.1'],Antikyra,NULL,NULL,NULL,NULL,NULL,NULL,NULL
23.3178,38.3191,"Dragging of Antigonê, where sons of Oedipus fought","Boiotia Bk9","Thebes (Boeotia)","['mythic site']",['9.25.2'],"Thebes (Boeotia)",NULL,NULL,NULL,NULL,NULL,NULL,NULL
21.927944,36.954171,"Tomb of Epimelides in Korone","Messenia Bk4",Korone,['mnema'],['4.34.6'],Korone,NULL,NULL,NULL,NULL,NULL,NULL,NULL
21.9195,37.1779,"Sanctuary of Demeter in Messene","Messenia Bk4","Messene (Messenia)",['hieron'],['4.31.9'],"Messene (Messenia)",NULL,NULL,https://wikidata.org/wiki/Q134036882,NULL,NULL,NULL,NULL
23.871851,40.923361,Drabeskos,"Thrace (Europe)","Thrace (Europe)",['settlement'],['1.29.4'],NULL,https://pleiades.stoa.org/places/501403,NULL,https://wikidata.org/wiki/Q11917732,NULL,NULL,NULL,NULL
22.4237,37.0821,"Tomb of Polemarchos in Sparta","Lakonia Bk3",Sparta,['mnema'],['3.3.3'],Sparta,NULL,NULL,https://wikidata.org/wiki/Q124616337,NULL,NULL,NULL,NULL
27.3397,37.9419,"Olympieion of Ephesus","Asia Minor (Asia)",Ephesos,['hieron'],['7.2.9'],NULL,NULL,NULL,https://wikidata.org/wiki/Q97341214,NULL,NULL,NULL,NULL
23.682,37.992,"Sanctuary of Demeter and Kore on Sacred Way","Attica Bk1","Sacred Way from Athens to Eleusis",['hieron'],['1.37.2'],NULL,NULL,https://topostext.org/binder/JB0994,https://wikidata.org/wiki/Q134038245,NULL,NULL,NULL,NULL
22.307,37.9117,"Temple of Hermes at Pheneos","Arcadia Bk8",Pheneos,['naos'],['8.14.10'],Pheneos,NULL,NULL,NULL,NULL,NULL,NULL,NULL
31.390552,36.768137,Side,"Asia Minor (Asia)",Cilicia,['polis'],['8.28.3'],NULL,https://pleiades.stoa.org/places/639105,NULL,https://wikidata.org/wiki/Q152405,NULL,NULL,NULL,NULL
22.663,38.4296,"Double city wall of Ambrossos, local black stone, very strong","Phokis Bk10",Ambrossos,['teichos'],['10.36.3'],Ambrossos,NULL,NULL,NULL,NULL,NULL,NULL,NULL
22.1273,37.4124,"First of two hills behind Philippeion stoa of Megalopolis","Arcadia Bk8","Megalopolis (Arkadia)",['lophos'],['8.31.9'],"Megalopolis (Arkadia)",NULL,NULL,NULL,NULL,NULL,NULL,NULL
22.429,37.464,"City walls of Tegea (facing Lakonia)","Arcadia Bk8","Tegea (Arkadia)",['teichos'],['8.53.11'],"Tegea (Arkadia)",NULL,NULL,NULL,NULL,NULL,NULL,NULL
23.3178,38.3191,"Hypsistan gate of Thebes","Boiotia Bk9","Thebes (Boeotia)",['pylai'],['9.8.5'],"Thebes (Boeotia)",NULL,NULL,NULL,NULL,NULL,NULL,NULL
22.4502,37.0363,"Sanctuary of Apollo at Amyklai","Lakonia Bk3","Amyclae (Laconia)",['hieron'],['3.18.9'],"Amyclae (Laconia)",https://pleiades.stoa.org/places/73644851,NULL,https://wikidata.org/wiki/Q13074886,NULL,"Amyclae Apollo sanctuary",NULL,NULL
77.5,22.5,India,"Asia (continent)","Asia (continent)",['chora'],"['3.12.4','5.12.3','9.21.5']",NULL,https://pleiades.stoa.org/places/50004,NULL,https://wikidata.org/wiki/Q17055962,NULL,NULL,NULL,NULL
23.074451,37.598626,"Temple of Asclepius in Epidauros Asklepieion","Epidauria Bk2","Asklepieion of Epidauros",['naos'],['2.27.2'],NULL,NULL,https://topostext.org/place/376231SAsT,https://wikidata.org/wiki/Q38279727,NULL,NULL,NULL,NULL
22.0751,37.2642,Ampheia,"Messenia Bk4","Messenia Bk4",['polisma'],"['4.5.10','4.5.9','4.6.2','4.6.6','4.7.10','4.7.3','4.9.3']",NULL,https://pleiades.stoa.org/places/570071,https://topostext.org/place/373221UAmp,https://wikidata.org/wiki/Q19760768,NULL,NULL,NULL,NULL
22.002,37.2099,"wild pear tree in the plain, under which Theoclus forbade Aristomenes to pass because the Dioscuri sat on it.","Messenia Bk4","Stenykleros region (Messenia)",['dendron'],['4.16.5'],"Stenykleros region (Messenia)",NULL,NULL,NULL,NULL,NULL,NULL,NULL
22.7195,37.6316,"Tomb of Sthenelos in the Kylarabis gymnasium, Argos","Argolid Bk2","Gymnasium of Kylarabis in Argos",['mnema'],['2.22.9'],"Gymnasium of Kylarabis in Argos",NULL,NULL,NULL,https://resource.manto.unh.edu/11289096,NULL,NULL,NULL
44.42082,32.53617,"Babylon, Babylon","Asia (continent)","Asia (continent)",['settlement'],"['1.10.4','1.16.1','1.16.3','4.23.10','4.31.5','8.33.3']",NULL,https://pleiades.stoa.org/places/893951,NULL,https://wikidata.org/wiki/Q5684,NULL,NULL,NULL,NULL
22.45931,37.85932,"Plain of Stymphalus","Arcadia Bk8",Stymphalos,['pedion'],['8.22.8'],Stymphalos,NULL,NULL,NULL,NULL,NULL,NULL,NULL
21.87884,37.710489,"Tomb of Trygon, nurse of Asklepios, at Onkeion","Arcadia Bk8","Sanctuary of Asclepius the Child by Ladon river",['mnema'],['8.25.11'],"Sanctuary of Asclepius the Child by Ladon river",NULL,NULL,NULL,https://resource.manto.unh.edu/10214383,NULL,NULL,NULL
22.5,37.5,"Hellas (Europe)",Europe,Europe,"['major region']","['1.1.1','1.12.1','1.27.9','1.29.5','1.3.5','1.4.1','1.4.2','1.41.8','1.5.5','10.14.6','10.17.3','10.19.12','10.19.5','10.19.7','10.19.8','10.20.9','10.23.12','10.23.14','10.23.8','10.24.3','10.25.1','10.34.5','10.5.3','10.9.2','2.1.8','2.29.7','2.29.8','2.33.5','2.4.5','3.11.3','3.12.7','3.17.8','3.20.6','3.3.3','3.4.7','3.4.8','3.7.11','3.9.4','3.9.8','4.2.3','4.28.4','4.31.1','5.10.1','5.14.2','5.15.2','5.17.9','5.20.10','5.23.7','5.24.2','5.25.12','5.4.6','5.4.7','5.4.9','5.5.2','5.7.7','6.11.3','6.18.5','7.10.1','7.10.2','7.10.3','7.10.4','7.10.5','7.10.7','7.11.1','7.11.2','7.14.1','7.15.1','7.15.3','7.16.10','7.16.9','7.17.1','7.17.2','7.17.3','7.2.2','7.20.6','7.24.2','7.26.11','7.3.1','7.5.13','7.6.3','7.6.9','7.7.6','7.8.1','7.8.2','7.8.7','7.9.5','8.14.5','8.20.1','8.3.5','8.32.1','8.37.2','8.42.7','8.43.4','8.45.5','8.46.3','8.50.3','8.50.4','8.51.1','8.51.4','8.52.1','8.52.2','8.52.3','8.52.4','8.52.5','8.52.6','9.1.2','9.17.6','9.23.3','9.28.1','9.29.8','9.38.2','9.38.4','9.6.2']",NULL,https://pleiades.stoa.org/places/1001896,NULL,https://wikidata.org/wiki/Q11772,NULL,NULL,NULL,NULL
22.75372,37.81708,"Sanctuary of Athena in Kleonai","Argolid Bk2",Kleonai,['hieron'],['2.15.1'],Kleonai,NULL,NULL,https://wikidata.org/wiki/Q134037518,NULL,NULL,NULL,NULL
21.374,37.89,"Elis polis","Eleia Bk5 Bk6","Eleia Bk5 Bk6",['polis'],"['1.29.13','1.41.6','2.15.1','3.11.7','3.12.8','3.8.4','4.28.4','4.28.5','5.1.10','5.1.11','5.1.4','5.1.9','5.14.1','5.15.11','5.15.12','5.16.1','5.16.5','5.16.6','5.16.8','5.2.5','5.21.10','5.25.7','5.3.1','5.3.3','5.3.5','5.3.6','5.4.1','5.4.3','5.4.4','5.4.8','5.5.1','5.5.2','5.5.3','5.6.5','5.7.1','5.8.2','5.8.3','5.8.6','5.9.2','6.17.6','6.22.5','6.22.8','6.23.1','6.23.6','6.23.8','6.25.2','6.25.6','6.26.6','7.1.1','7.10.2','7.17.5','7.21.14','7.4.7','7.6.1','8.1.2','8.15.5','8.25.10','8.26.3','8.26.4']",NULL,https://pleiades.stoa.org/places/570220,https://topostext.org/place/378214PEli,https://wikidata.org/wiki/Q217667,NULL,NULL,NULL,NULL
22.2564576,38.7922475,"Oeta M.","Hellas (Europe)",Phthiotis,['oros'],"['1.1.3','1.4.2','10.20.1','10.22.1','10.22.8','10.24.1','2.23.5','3.4.8','5.1.2','7.14.1','7.15.4']",NULL,https://pleiades.stoa.org/places/540968,NULL,https://wikidata.org/wiki/Q132378,NULL,NULL,NULL,NULL
23.34285,37.997,"sanctuary to Aphrodite Epistrophia in Megara","Megarid Bk1","Megara (Megarid)",['hieron'],['1.40.6'],"Megara (Megarid)",NULL,NULL,https://wikidata.org/wiki/Q124644616,NULL,NULL,NULL,NULL
22.2,39.6,Eurytion,"Hellas (Europe)",Thessalia,"['chorion','polis']",['4.2.3'],Thessalia,https://pleiades.stoa.org/places/543810,NULL,https://wikidata.org/wiki/Q3594069,NULL,"Oichalia, Eurytium",NULL,NULL
35.93815,36.11705,"Seleukeia Pieria","Asia (continent)","Syria (Asia)",['polis'],['8.33.3'],NULL,https://pleiades.stoa.org/places/658483,NULL,https://wikidata.org/wiki/Q1605894,NULL,"Hydatos Potamoi Seleuceia on the Orontes",NULL,NULL
22.03143,37.38957,"Altar of Despoina before temple at Lykosoura","Arcadia Bk8","Sanctuary of Despoina at Lykosoura",['bomos'],['8.37.2'],"Sanctuary of Despoina at Lykosoura",NULL,NULL,NULL,NULL,NULL,NULL,NULL
22.4237,37.0821,"Altar of Zeus Amboulios and Athena Amboulia at Sparta","Lakonia Bk3",Sparta,['bomos'],['3.13.6'],Sparta,NULL,NULL,https://wikidata.org/wiki/Q124616537,NULL,NULL,NULL,NULL
23.8068,38.0263,"Altar of Apollo Dionysodotus at Phlya","Attica Bk1",Phlya,['bomos'],['1.31.4'],Phlya,NULL,NULL,NULL,NULL,NULL,NULL,NULL
22.994538,38.371064,Tilphosaion?,"Phokis Bk10","Phokis Bk10",['oros'],"['9.33.1','9.33.3']",NULL,https://pleiades.stoa.org/places/541148,NULL,https://wikidata.org/wiki/Q15696676,NULL,NULL,NULL,NULL
24.750000000000004,41.25,Sapaike,"Thrace (Europe)","Thrace (Europe)",['chora'],"['7.10.6','7.10.7']",NULL,https://pleiades.stoa.org/places/501601,NULL,https://wikidata.org/wiki/Q3625075,NULL,NULL,NULL,NULL
22.7145,37.9834,"Stazousa cave spring by the gate of Sicyon","Sikyonia Bk2","road Corinth to Sikyon","['pege','spelaion']",['2.7.4'],"Sicyon (Sikyonia)",NULL,NULL,NULL,NULL,NULL,NULL,NULL
21.62845,37.63929,"Houses for athletes at Olympia, adjoining the gymnasium","Eleia Bk5 Bk6","Gymnasium (Olympia)",['oikia'],['6.21.2'],"Gymnasium (Olympia)",NULL,NULL,NULL,NULL,NULL,NULL,NULL
25.249999999999996,39.916667,"Lemnos island","Aegean Sea (Hellas)","Aegean Sea (Hellas)",['nesos'],"['7.2.2','8.33.4','8.8.5']",NULL,https://pleiades.stoa.org/places/550693,NULL,https://wikidata.org/wiki/Q192483,NULL,NULL,NULL,NULL
27.4412386,38.0304732,"Cayster (river)","Asia Minor (Asia)","Ionia (region)",['potamos'],['7.2.7'],NULL,https://pleiades.stoa.org/places/550492,NULL,https://wikidata.org/wiki/Q922382,NULL,NULL,NULL,NULL
-6.1099,35.20023,Lixus,"Libya (Africa)","Mauretania (Africa)",['settlement'],['1.33.5'],NULL,https://pleiades.stoa.org/places/275666,NULL,https://wikidata.org/wiki/Q923835,NULL,NULL,NULL,NULL
23.211,38.0347,"Tomb of Pandion on Rock of Athena Aithyia","Megarid Bk1","Rock of Athena Aithyia",['mnema'],"['1.41.6','1.5.3']","Rock of Athena Aithyia",NULL,NULL,https://wikidata.org/wiki/Q124644554,https://resource.manto.unh.edu/10146613,NULL,NULL,NULL
22.09,38.252,"Building at entrance of agora of Aigion, with statues","Achaia Bk7","Agora of Aigion",['oikema'],['7.23.10'],"Agora of Aigion",NULL,NULL,NULL,NULL,NULL,NULL,NULL
22.7195,37.6316,"Bronze chamber for Danae at Argos, by Akrisios","Argolid Bk2","Argos (Argolid)",['thalamos'],"['10.5.11','2.23.7']","Argos (Argolid)",NULL,NULL,NULL,NULL,NULL,NULL,NULL
22.41642,37.11868,"Thornax? Ekklesies (Lakonia)","Lakonia Bk3","Lakonia Bk3",['settlement'],"['3.10.8','3.11.1']",NULL,NULL,https://topostext.org/place/371224UTho,NULL,NULL,NULL,NULL,NULL
23.726,37.974,"Sanctuary of Sarapis in lower city of Athens","Athenai Bk1","Athenai Bk1",['hieron'],['1.18.4'],NULL,NULL,https://topostext.org/binder/JB2627,https://wikidata.org/wiki/Q134038345,https://resource.manto.unh.edu/10151018,"Serapeum of Athens",NULL,NULL
22.4237,37.0821,"Sebrion locality near Dorkeia spring in Sparta","Lakonia Bk3",Sparta,['chorion'],['3.15.2'],Sparta,NULL,NULL,https://wikidata.org/wiki/Q124616414,NULL,NULL,NULL,NULL
22.70838,37.59848,"Erasinos (river)","Argolid Bk2","Argolid Bk2",['potamos'],"['2.24.6','2.36.6','2.36.7','8.22.3']",NULL,https://pleiades.stoa.org/places/570233,NULL,https://wikidata.org/wiki/Q12877267,NULL,NULL,NULL,NULL
22.355,37.977,Porinas,"Arcadia Bk8","road Pheneos toward Pellene and Aigeira",['horos'],['8.15.8'],NULL,https://pleiades.stoa.org/places/573476,NULL,NULL,NULL,NULL,NULL,NULL
23.721400000000003,37.9673,"Philopappos monument","Athenai Bk1","Mouseion Hill (Athens)",['mnema'],['1.25.8'],NULL,NULL,https://topostext.org/place/380237BPhi,https://wikidata.org/wiki/Q1760491,NULL,"Mnema of a Syrian",NULL,NULL
8.7862,44.33039,Liguria,Europe,Europe,['chora'],['1.30.3'],NULL,https://pleiades.stoa.org/places/383698,NULL,https://wikidata.org/wiki/Q1256,NULL,NULL,NULL,NULL
23.723000000000003,37.975,"Phoinikioun, lawcourt, Athens","Athenai Bk1","Athenai Bk1","['dikasterion','oikema']",['1.28.8'],NULL,NULL,https://topostext.org/binder/JB2449,NULL,NULL,NULL,NULL,NULL
23.5059,38.1841,Panakton,"Attica Bk1","Attica Bk1",['teichos'],['1.25.6'],NULL,https://pleiades.stoa.org/places/580053,NULL,https://wikidata.org/wiki/Q12882434,NULL,NULL,NULL,NULL
22.99435,37.91642,"Theater at Isthmian Poseidon sanctuary","Corinthia Bk2","Isthmian Poseidon sanctuary at Isthmia",['theatron'],['2.1.7'],NULL,NULL,https://topostext.org/place/379230BThI,https://wikidata.org/wiki/Q38283549,NULL,NULL,NULL,NULL
21.62975,37.63754,"plane trees in the Altis at Olympia","Eleia Bk5 Bk6","Altis sacred grove (Olympia)",['platanos'],['5.27.11'],"Altis sacred grove (Olympia)",NULL,NULL,NULL,NULL,NULL,NULL,NULL
23.288,38.566,"Harbor of Larymna, deep close in (agchibathês).","Boiotia Bk9","Larymna (Boeotia)",['limen'],['9.23.7'],"Larymna (Boeotia)",NULL,NULL,NULL,NULL,NULL,NULL,NULL
22.649131,37.846299,"Sanctuary of Apollo in Phlious near Omphalos","Phlious Bk2","Phlious Bk2",['hieron'],['2.13.7'],"Phlious Bk2",NULL,NULL,https://wikidata.org/wiki/Q134037321,NULL,NULL,NULL,NULL
22.501279,38.481828,"Athenian Treasury at Delphi","Phokis Bk10","Sanctuary of Pythian Apollo at Delphi",['thesauros'],['10.11.5'],NULL,https://pleiades.stoa.org/places/707804475,NULL,https://wikidata.org/wiki/Q478011,NULL,NULL,NULL,NULL
29.904133,31.195370999999998,Alexandria,"Libya (Africa)","Egypt (region)",['polis'],"['1.18.4','5.21.9','8.33.3']",NULL,https://pleiades.stoa.org/places/727070,NULL,https://wikidata.org/wiki/Q87,NULL,NULL,NULL,NULL
21.863791,37.613569,"Temple of Hera at Heraia","Arcadia Bk8","Heraia (Arcadia)",['naos'],['8.26.2'],"Heraia (Arcadia)",NULL,NULL,NULL,NULL,NULL,NULL,NULL
22.500741,38.482335,"Great altar in Apollo sanctuary at Delphi","Phokis Bk10","Sanctuary of Pythian Apollo at Delphi",['bomos'],"['10.14.7','4.17.4']",NULL,NULL,NULL,NULL,NULL,NULL,NULL,NULL
23.728,37.9699,"Dionysos Eleuthereus sanctuary, Athens","Athenai Bk1","Athenai Bk1",['hieron'],"['1.20.3','1.20.4']",NULL,NULL,https://topostext.org/binder/JB1159,https://wikidata.org/wiki/Q2032467,NULL,NULL,NULL,NULL
23.00169,38.385259,"temple of Athena on flat ground near Alalkomenai","Boiotia Bk9",Alalkomenai,['naos'],['9.33.5'],Alalkomenai,NULL,NULL,NULL,NULL,NULL,NULL,NULL
23.075,37.597,"Sanctuary of Themis in Epidauros, Asklepieon","Epidauria Bk2","Asklepieion of Epidauros",['hieron'],['2.27.5'],"Asklepieion of Epidauros",NULL,NULL,https://wikidata.org/wiki/Q134037658,NULL,NULL,NULL,NULL
23.5841,38.3074,"Temple of Dionysos at Tanagra","Boiotia Bk9","Sanctuary of Dionysos in Tanagra",['naos'],['9.20.4'],"Sanctuary of Dionysos in Tanagra",NULL,NULL,NULL,NULL,NULL,NULL,NULL
22.96835,38.259722,"Sanctuary of Herakles at Thisbe","Boiotia Bk9",Thisbe,['hieron'],['9.32.2'],Thisbe,NULL,NULL,https://wikidata.org/wiki/Q134037621,NULL,NULL,NULL,NULL
21.62975,37.63754,"Common altar of Dionysos and the Graces close to the Pelopeion","Eleia Bk5 Bk6",Olympia,['bomos'],['5.14.10'],"Altis sacred grove (Olympia)",NULL,NULL,NULL,NULL,NULL,NULL,NULL
22.262624,37.766264,"Tomb of Aristokrates on Orchomenos-Kaphyai road","Arcadia Bk8",Kaphyai,['mnema'],['8.13.5'],Kaphyai,NULL,NULL,NULL,NULL,NULL,NULL,NULL
23.59246,38.43335,"temple of Artemis at Aulis","Boiotia Bk9",Aulis,['naos'],"['9.19.6','9.19.7']",NULL,NULL,NULL,https://wikidata.org/wiki/Q2612265,NULL,NULL,NULL,NULL
21.3756,37.8936,"theater of Elis","Eleia Bk5 Bk6","Elis polis",['theatron'],['6.26.1'],NULL,NULL,https://topostext.org/place/378214BEli,https://wikidata.org/wiki/Q38184756,NULL,NULL,NULL,NULL
22.6,38.2,"Corinthian Gulf (Korinthia)","Corinthia Bk2","Corinthia Bk2",['kolpos'],"['10.37.3','10.38.12','10.38.9','2.1.5','2.12.2','2.5.2','7.1.1','7.23.5','7.25.11']",NULL,https://pleiades.stoa.org/places/570181,https://topostext.org/place/382226WCor,https://wikidata.org/wiki/Q209682,NULL,"Korinthiakos kolpos",NULL,NULL
30.569641600000004,38.6981943,Prymnessos,"Asia Minor (Asia)",Phrygia,['settlement'],['5.21.11'],NULL,https://pleiades.stoa.org/places/609511,NULL,https://wikidata.org/wiki/Q85794829,NULL,NULL,NULL,NULL
23.601,38.023,"palace of Krokon, Rheitoi","Attica Bk1","Rheitoi (river)",['oikema'],['1.38.2'],"Rheitoi (river)",NULL,NULL,https://wikidata.org/wiki/Q124644597,NULL,NULL,NULL,NULL
21.8,37.2,"Oak-wood of Lycus in Messinia","Messenia Bk4","Messenia Bk4",['drymos'],['4.1.6'],"Messenia Bk4",NULL,NULL,NULL,NULL,NULL,NULL,NULL
22.7028,37.6328,"Cypress trees on Mt. Lykone","Argolid Bk2","Lykone (mountain)","['alsos kyparisson']",['2.24.5'],"Lykone (mountain)",NULL,NULL,NULL,NULL,NULL,NULL,NULL
21.6336,37.637,"Ship's prow at Olympia hippodrome","Eleia Bk5 Bk6","Hippodrome (Olympia)",['stele'],['6.20.10'],"Hippodrome (Olympia)",NULL,NULL,NULL,NULL,NULL,NULL,NULL
22.09,38.252,"Sanctuary of Demeter Panachaia at Aigion, by the sea","Achaia Bk7","seashore of Aigion",['hieron'],['7.24.3'],"seashore of Aigion",NULL,NULL,https://wikidata.org/wiki/Q134036949,NULL,NULL,NULL,NULL
23.7224,37.9766,"Gate with Tropaion near Stoa Poikile, Athens","Athenai Bk1",Kerameikos,['pylai'],['1.15.1'],NULL,NULL,https://topostext.org/binder/JB3467,NULL,NULL,NULL,NULL,NULL
23.682,37.992,"Tomb of Theodektes of Phaselis on Sacred Way","Attica Bk1","Sacred Way from Athens to Eleusis",['mnema'],['1.37.4'],NULL,NULL,https://topostext.org/binder/JB2805,NULL,NULL,NULL,NULL,NULL
22.585884,37.519836,"Pass into Arkadia via Hysiai in Argolis","Argolid Bk2","highway Argos toward Tegea",['esbole'],['8.6.4'],"Hysiae (Argolis)",NULL,NULL,NULL,NULL,NULL,NULL,NULL
18.7,39.2,"Ionian Sea (Greece/Italy)","Hellas (Europe)","Internum Mare",['thalassa'],"['1.12.1','1.4.1','4.35.5','4.35.7','4.36.7','5.22.3','5.25.3','5.5.3','5.7.3','6.14.13','7.18.2']",NULL,https://pleiades.stoa.org/places/1046,https://topostext.org/place/408187WIon,https://wikidata.org/wiki/Q37495,NULL,NULL,NULL,NULL
29.923486000000004,40.76445,"temple of Asklepios at Nikomedeia","Asia Minor (Asia)",Nicomedia,['naos'],['3.3.8'],Nicomedia,NULL,NULL,NULL,NULL,NULL,NULL,NULL
22.7145,37.9834,"Sanctuary of Aphrodite at Sicyon","Sikyonia Bk2","Sicyon (Sikyonia)",['hieron'],['2.10.4'],"Sicyon (Sikyonia)",NULL,NULL,https://wikidata.org/wiki/Q134037404,https://resource.manto.unh.edu/10159017,NULL,NULL,NULL
23.160772,38.493128,"Sanctuary of Sarapis at Kopai","Boiotia Bk9",Kopai,['naos'],['9.24.1'],Kopai,NULL,NULL,NULL,NULL,NULL,NULL,NULL
32.8125385,35.1406719,Soloi/Pompeiopolis,"Asia Minor (Asia)",Cilicia,['polis'],"['1.17.2','1.2.3','1.29.15']",NULL,https://pleiades.stoa.org/places/648781,NULL,https://wikidata.org/wiki/Q656954,NULL,NULL,NULL,NULL
22.693,37.424,Kynouriake,"Lakonia Bk3",Peloponnesos,['chora'],"['3.2.2','3.2.3']",NULL,https://pleiades.stoa.org/places/570395,https://topostext.org/place/374227RKyn,https://wikidata.org/wiki/Q1431487,NULL,"Cynuria, Kynouria",NULL,NULL
22.7145,37.9834,"Paidizen enclosure with Herakles sanctuary at Sicyon","Sikyonia Bk2","Sicyon (Sikyonia)",['peribolos'],['2.10.1'],"Sicyon (Sikyonia)",NULL,NULL,NULL,NULL,NULL,NULL,NULL
15.15171,36.68882,"Pachynum (promontory)","Sicilia (island)","Sicilia (island)",['akra'],"['10.11.3','5.25.5']",NULL,https://pleiades.stoa.org/places/462405,NULL,https://wikidata.org/wiki/Q1034750,NULL,NULL,NULL,NULL
22.2652,37.4329,Triodoi,"Arcadia Bk8","Arcadia Bk8",['chorion'],['8.36.8'],NULL,https://pleiades.stoa.org/places/573570,NULL,NULL,NULL,NULL,NULL,NULL
22.992664,37.9158514,"Altar of the Cyclopes at Isthmia","Corinthia Bk2","Isthmian Poseidon sanctuary at Isthmia",['bomos'],['2.2.1'],"Isthmian Poseidon sanctuary at Isthmia",NULL,NULL,NULL,NULL,NULL,NULL,NULL
22.7145,37.9834,"Tomb of Lykos in Sicyonia, near Corinth border","Sikyonia Bk2","road Corinth to Sikyon","['choma ges','mnema']",['2.7.2'],"Sicyon (Sikyonia)",NULL,NULL,NULL,NULL,"Tomb of Lycus",NULL,NULL
22.7108,37.8085,"Altars inside Opheltes' tomb enclosure in Nemea","Argolid Bk2","Tomb of Opheltes in Nemea",['bomos'],['2.15.3'],"Tomb of Opheltes in Nemea",NULL,NULL,NULL,NULL,NULL,NULL,NULL
22.3244,37.2083,"Pellana (Lakonia)","Lakonia Bk3","Lakonia Bk3",['polis'],"['3.21.2','3.21.3','6.8.5']",NULL,https://pleiades.stoa.org/places/570575,https://topostext.org/place/372223PPel,https://wikidata.org/wiki/Q2010159,NULL,NULL,NULL,NULL
21.630126,37.637849,"Sacred peribolos at Olympia","Eleia Bk5 Bk6",Olympia,['peribolos'],['5.4.8'],Olympia,NULL,NULL,NULL,NULL,NULL,NULL,NULL
21.551425,38.144625,Dyme,"Achaia Bk7","Dymaean chora",['settlement'],"['2.7.4','2.9.2','5.9.1','7.17.5','7.17.6','7.17.7','7.17.8','7.18.1','7.6.1','7.7.3']",NULL,https://pleiades.stoa.org/places/570205,NULL,https://wikidata.org/wiki/Q1231662,NULL,NULL,NULL,NULL
22.4237,37.0821,"Sanctuary of Ammon  in Sparta","Lakonia Bk3",Sparta,['hieron'],['3.18.3'],Sparta,NULL,NULL,https://wikidata.org/wiki/Q124616463,NULL,NULL,NULL,NULL
21.6336,37.637,"Altar of Ares Hippios at Olympia","Eleia Bk5 Bk6","Hippodrome (Olympia)",['bomos'],['5.15.6'],"Embolon within hippodrome at Olympia",NULL,NULL,NULL,NULL,NULL,NULL,NULL
22.39224,36.46799,Thyrides,"Lakonia Bk3","Lakonia Bk3",['akra'],['3.25.9'],NULL,https://pleiades.stoa.org/places/570737,NULL,NULL,NULL,NULL,NULL,NULL
26.78715,38.37322,"Klazomenai (earlier)","Asia Minor (Asia)","Ionia (region)",['polis'],['7.3.9'],NULL,https://pleiades.stoa.org/places/550650,NULL,https://wikidata.org/wiki/Q536598,NULL,NULL,https://imperium.ahlfeldt.se/places/21171,NULL
23.42372,37.74991,"Rough stone on tomb of Phokos in Aigina","Aigina island Bk2","Aigina polity",['petra'],['2.29.9'],"Aigina polity",NULL,NULL,NULL,NULL,NULL,NULL,NULL
22.62501,37.92049,"Asclepieion of Titane","Corinthia Bk2",Titane,"['Asclepieion','hieron']",['2.11.5'],Titane,NULL,NULL,https://wikidata.org/wiki/Q134037306,https://resource.manto.unh.edu/10159247,NULL,NULL,NULL
23.154521,38.293384,"Temple of the Muses in Thespiai","Boiotia Bk9",Thespiai,['naos'],['9.27.5'],Thespiai,NULL,NULL,NULL,NULL,NULL,NULL,NULL
26.355280000000004,36.54413,"Sanctuary of Athena on Astypalaia","Aegean Sea (Hellas)","Astypalaia Ins., Astypalaia",['hieron'],['6.9.7'],"Astypalaia Ins., Astypalaia",NULL,NULL,https://wikidata.org/wiki/Q134038448,NULL,NULL,NULL,NULL
21.374,37.89,"Temple of Aphrodite behind Korkyraike Stoa at Elis","Eleia Bk5 Bk6","Elis polis",['naos'],['6.25.1'],"Elis polis",NULL,NULL,https://wikidata.org/wiki/Q107031202,NULL,NULL,NULL,NULL
23.34285,37.997,"Theagenes Fountain (Megara)","Megarid Bk1","Megara (Megarid)",['krene'],"['1.40.1','1.40.2']","Megara (Megarid)",NULL,https://topostext.org/place/380233BThe,https://wikidata.org/wiki/Q16330803,NULL,NULL,NULL,NULL
24.862219999999997,37.8528,"Andros (island)","Aegean Sea (Hellas)","Cyclades region (Aegean)",['nesos'],['6.14.13'],NULL,https://pleiades.stoa.org/places/589693,NULL,https://wikidata.org/wiki/Q175741,NULL,NULL,NULL,NULL
23.486691,38.388352,Harma,"Boiotia Bk9","Boiotia Bk9",['polis'],"['1.34.2','9.19.4','9.19.8']",NULL,https://pleiades.stoa.org/places/540805,NULL,https://wikidata.org/wiki/Q57401086,NULL,NULL,NULL,NULL
22.4237,37.0821,"Tomb of Idas and Lynkeas at Sparta near Skias","Lakonia Bk3","Skias of Sparta",['taphos'],['3.13.1'],"Skias of Sparta",NULL,NULL,https://wikidata.org/wiki/Q124616315,https://resource.manto.unh.edu/10151187,NULL,NULL,NULL
27.951332,37.042418,Keramos,"Asia Minor (Asia)","Caria region",['demos'],['6.13.3'],NULL,https://pleiades.stoa.org/places/599707,NULL,https://wikidata.org/wiki/Q1054607,NULL,NULL,NULL,NULL
21.97,37.5,Naliphos,"Arcadia Bk8",Theisoaia,['potamos'],['8.38.9'],Theisoaia,https://pleiades.stoa.org/places/573384,NULL,NULL,NULL,NULL,NULL,NULL
22.450621,38.428937,"temple of Apollo, Artemis, and Leto at Kirra","Phokis Bk10",Kirra,['naos'],['10.37.8'],Kirra,NULL,NULL,NULL,NULL,NULL,NULL,NULL
23.0755,37.597007,"Greek Bath (Epidauros Asklepieion)","Epidauria Bk2","Asklepieion of Epidauros",['loutron'],['2.27.6'],NULL,NULL,https://topostext.org/place/376231GBtg,https://wikidata.org/wiki/Q38279743,NULL,NULL,NULL,NULL
22.4191,37.0841,"Stoa beside Platanista near Sparta","Lakonia Bk3","Platanista grove (Lakonia)",['stoa'],['3.15.1'],"Platanista grove (Lakonia)",NULL,NULL,https://wikidata.org/wiki/Q124616418,NULL,NULL,NULL,NULL
22.50151,38.48254,"Stoa of the Athenians at Delphi, built from spoils of the Peloponnesians","Phokis Bk10","Sanctuary of Pythian Apollo at Delphi",['stoa'],['10.11.6'],"Sanctuary of Pythian Apollo at Delphi",NULL,NULL,https://wikidata.org/wiki/Q7617753,NULL,NULL,NULL,NULL
22.136,37.442,"Charisiai? (Arkadia)","Arcadia Bk8","Arcadia Bk8",['polis'],"['8.27.3','8.3.4','8.35.5']",NULL,https://pleiades.stoa.org/places/573167,https://topostext.org/place/375222UCha,https://wikidata.org/wiki/Q5074395,NULL,NULL,NULL,NULL
21.1067,38.3388,"Delta of the Achelous river, new land","Aitolia region","Achelous river (Aitolia)",['chora'],['8.24.9'],"Achelous river (Aitolia)",NULL,NULL,NULL,NULL,NULL,NULL,NULL
22.8802,37.9054,"Sanctuary of Hera Bounaea in Corinth, toward Acrocorinth","Corinthia Bk2","Corinth (Corinthia)",['hieron'],['2.4.7'],"Corinth (Corinthia)",NULL,NULL,https://wikidata.org/wiki/Q134037576,https://resource.manto.unh.edu/10153214,NULL,NULL,NULL
22.706912,36.992193,"Temple of Ares in Geronthrai","Lakonia Bk3",Geronthrai,['naos'],['3.22.6'],Geronthrai,NULL,NULL,https://wikidata.org/wiki/Q124616520,NULL,NULL,NULL,NULL
23.7226,37.9724,"Anaideia rock, Athens","Athenai Bk1","Areios Pagos",['petra'],['1.28.5'],NULL,NULL,https://topostext.org/binder/JB0148,NULL,NULL,NULL,NULL,NULL
27.142222,38.115556,"Tomb of Promethos at Polyteichides near Kolophon","Asia Minor (Asia)","Polyteichides (near Colophon)",['mnema'],['7.3.3'],"Polyteichides (near Colophon)",NULL,NULL,NULL,https://resource.manto.unh.edu/10268864,NULL,NULL,NULL
23.72609,37.97083,"Themis Temple, Athens Acropolis south slope","Athenai Bk1","Athenian Acropolis (Athens)",['naos'],['1.22.1'],NULL,NULL,https://topostext.org/binder/JB2749,NULL,NULL,NULL,NULL,NULL
23.7976,37.8300155,Anagyrous,"Attica Bk1","Attica Bk1",['demos'],['1.31.1'],NULL,https://pleiades.stoa.org/places/579863,NULL,https://wikidata.org/wiki/Q4750861,NULL,NULL,NULL,NULL
22.4237,37.0821,"Sanctuary of Zeus Tropaios at Sparta","Lakonia Bk3",Sparta,['hieron'],['3.12.9'],Sparta,NULL,NULL,https://wikidata.org/wiki/Q124616438,https://resource.manto.unh.edu/11260552,NULL,NULL,NULL
23.052885,38.189977,"Herakleion of Tiphai/Siphai","Boiotia Bk9",Siphai/Tipha,['hieron'],['9.32.4'],Siphai/Tipha,NULL,NULL,https://wikidata.org/wiki/Q134037648,NULL,NULL,NULL,NULL
23.3484,37.5033,"Temple of Artemis Lykeia in Troizen","Troizenia Bk2","Troizen (Troizenia)",['naos'],['2.31.2'],"Troizen (Troizenia)",NULL,NULL,NULL,NULL,NULL,NULL,NULL
21.9465,37.7837,"Sanctuary of Eleusinian Demeter near Thelpousa, on Ladon river","Arcadia Bk8",Thaliades,['hieron'],['8.25.2'],Thaliades,NULL,NULL,https://wikidata.org/wiki/Q134036889,NULL,NULL,NULL,NULL
22.649131,37.846299,"Temple of Demeter and Persephone at the Akropolis of Phliasia","Phlious Bk2","Phlious Bk2",['naos'],['2.13.5'],"Phlious Bk2",NULL,NULL,NULL,NULL,NULL,NULL,NULL
23.3484,37.5033,"Laurel in Troizen, sprouted from cleansing of Orestes","Troizenia Bk2","Troizen (Troizenia)",['dendron'],['2.31.8'],"Troizen (Troizenia)",NULL,NULL,NULL,NULL,NULL,NULL,NULL
21.6747,37.6488,"Altars at Harpina","Eleia Bk5 Bk6","Harpina (Eleia)",['bomos'],['6.21.8'],"Harpina (Eleia)",NULL,NULL,NULL,NULL,NULL,NULL,NULL
28.088996899999998,37.21316383,"Leukos Thermos - name of a plain in Caria","Asia Minor (Asia)","Caria region",['pedion'],['4.35.11'],NULL,NULL,NULL,NULL,NULL,NULL,NULL,NULL
22.571,40.033,"Sys river (Pieria)","Macedonia (Europe)",Pieria,['potamos'],['9.30.11'],NULL,https://pleiades.stoa.org/places/491735,https://topostext.org/place/403228WSys,NULL,NULL,NULL,NULL,NULL
21.8,37.2,"Agora of Messene","Messenia Bk4","Messenia Bk4",['agora'],['4.31.6'],"Messenia Bk4",NULL,NULL,https://wikidata.org/wiki/Q125490961,NULL,NULL,NULL,NULL
22.9705599,37.6413788,"Arachnaion (mountain)","Epidauria Bk2","Epidauria Bk2",['oros'],['2.25.10'],NULL,https://pleiades.stoa.org/places/570098,NULL,https://wikidata.org/wiki/Q17521327,NULL,NULL,NULL,NULL
23.088,38.3787,"Sanctuary of the Praxidikai in Haliartos","Boiotia Bk9","Haliartos (Boeotia)",['hieron'],['9.33.3'],"Haliartos (Boeotia)",NULL,NULL,https://wikidata.org/wiki/Q134037663,NULL,NULL,NULL,NULL
23.20032,37.29085,"Kolyergia Pr.","Hermionis Bk2","Hermionis Bk2",['akra'],['2.34.8'],NULL,https://pleiades.stoa.org/places/570369,NULL,https://wikidata.org/wiki/Q25117391,NULL,NULL,NULL,NULL
21.784671,37.56585,Ep(e)ion,"Eleia Bk5 Bk6","Eleia Bk5 Bk6",['settlement'],['5.1.8'],NULL,https://pleiades.stoa.org/places/570226,NULL,https://wikidata.org/wiki/Q12872855,NULL,NULL,NULL,NULL
21.1357,37.8865,Hyrmine,"Eleia Bk5 Bk6","Eleia Bk5 Bk6",['polis'],['5.1.11'],NULL,https://pleiades.stoa.org/places/570305,NULL,https://wikidata.org/wiki/Q535238,NULL,Hyrmina,NULL,NULL
15.29382,37.05963,Syracusae/Syrakousai,"Sicilia (island)","Sicilia (island)",['settlement'],"['1.2.3','1.23.3','10.28.6','2.22.9','5.7.2','5.7.3','5.8.8','6.12.2','6.12.4','6.15.6','6.2.6','6.9.5','7.16.5','8.42.8','8.54.3']",NULL,https://pleiades.stoa.org/places/462503,NULL,https://wikidata.org/wiki/Q4420718,NULL,NULL,NULL,NULL
42.5,42.5,Colchis/Lazike,"Pontus Euxinus","Pontus Euxinus",['chora'],"['1.1.4','1.18.1','2.3.10','8.4.10']",NULL,https://pleiades.stoa.org/places/863770,NULL,https://wikidata.org/wiki/Q183150,NULL,NULL,NULL,NULL
22.4824,36.4372,"Psamathous (Lakonia)","Lakonia Bk3","Lakonia Bk3",['limen'],['3.25.4'],NULL,https://pleiades.stoa.org/places/570635,https://topostext.org/place/364225UPsa,https://wikidata.org/wiki/Q16622813,NULL,NULL,NULL,NULL
23.0622,38.7234,Kynos,"Hellas (Europe)","Locris Opuntia region",['epineion'],['10.1.2'],NULL,https://pleiades.stoa.org/places/540896,NULL,https://wikidata.org/wiki/Q5200184,NULL,NULL,NULL,NULL
22.97822,36.26229,"Cythera island","Aegean Sea (Hellas)","Aegean Sea (Hellas)",['nesos'],['3.23.1'],NULL,https://pleiades.stoa.org/places/570186,NULL,https://wikidata.org/wiki/Q207239,NULL,Kythera,NULL,NULL
23.142191,37.417868,Mases,"Hermionis Bk2","Hermionis Bk2",['settlement'],"['2.35.11','2.36.1','2.36.2','2.36.3']",NULL,https://pleiades.stoa.org/places/570463,NULL,https://wikidata.org/wiki/Q3561276,NULL,NULL,NULL,NULL
27.37404,36.686188,"Isthmus in Cnidos","Asia Minor (Asia)","Cherronesos of Knidos",['isthmos'],['2.1.5'],NULL,NULL,NULL,NULL,NULL,NULL,NULL,NULL
22.4743,37.6679,"Klimax pass? (Argolid)","Argolid Bk2","Argolid Bk2",['esbole'],['8.6.4'],NULL,https://pleiades.stoa.org/places/570362,https://topostext.org/place/377225LKli,NULL,NULL,NULL,NULL,NULL
22.82514,38.35217,"Helicon mountain","Boiotia Bk9","Boiotia Bk9","['hemera dendra','oros']","['9.26.6','9.28.1','9.29.1','9.29.5','9.30.1','9.31.1','9.31.2','9.31.3','9.31.4','9.31.7']",NULL,https://pleiades.stoa.org/places/540808,NULL,https://wikidata.org/wiki/Q215516,NULL,Helikon,NULL,NULL
22.7195,37.6316,"Tomb of Sakadas in Argos","Argolid Bk2","Argos (Argolid)",['mnema'],['2.22.8'],"Argos (Argolid)",NULL,NULL,NULL,NULL,NULL,NULL,NULL
27.054771,39.035223,Teuthrania,"Asia Minor (Asia)",Aeolis,['settlement'],"['1.11.2','1.4.5']",NULL,https://pleiades.stoa.org/places/550916,NULL,https://wikidata.org/wiki/Q11951693,NULL,NULL,NULL,NULL
22.4237,37.0821,"Heroon of Dorkeus a little way from Heroon of Enarsphoros in Sparta","Lakonia Bk3",Sparta,['heroon'],['3.15.1'],Sparta,NULL,NULL,https://wikidata.org/wiki/Q124616561,NULL,NULL,NULL,NULL
23.235,37.3884,"Chasm in Klymenes' chorion, Hermione, an entry to Hades","Hermionis Bk2","Pron M.",['barathron'],['2.35.10'],"Pron M.",NULL,NULL,NULL,NULL,NULL,NULL,NULL
22.5084,38.48,"temple of Athena Pronoia at Delphi","Phokis Bk10","Delphi (polis)",['naos'],['10.8.6'],NULL,NULL,https://topostext.org/place/385225SAPr,https://wikidata.org/wiki/Q12013451,NULL,"fourth temple at Delphi entrance",NULL,NULL
32.573711,34.707147,Paphos,"Cyprus (island)","Cyprus (island)",['polis'],['8.5.2'],NULL,https://pleiades.stoa.org/places/707586,NULL,https://wikidata.org/wiki/Q12065255,NULL,"Nea Paphos",NULL,NULL
22.5129,36.7863,"Lake of Poseidon at Aigiai","Lakonia Bk3","Aigiai (Lakonia)",['limne'],['3.21.5'],"Aigiai (Lakonia)",NULL,NULL,https://wikidata.org/wiki/Q124616496,NULL,NULL,NULL,NULL
26.10052,39.20874,"Lesbos (island)","Aegean Sea (Hellas)","Aegean Sea (Hellas)",['nesos'],"['10.24.1','3.2.1','4.35.10']",NULL,https://pleiades.stoa.org/places/550696,NULL,https://wikidata.org/wiki/Q128087,NULL,NULL,NULL,NULL
21.73,38.082,"Pharae (Achaia)","Achaia Bk7","Achaia Bk7",['polis'],"['4.16.8','4.3.10','4.3.2','4.30.2','4.30.3','7.22.1','7.22.2','7.22.4','7.22.5','7.22.6','7.6.1']",NULL,https://pleiades.stoa.org/places/570590,NULL,https://wikidata.org/wiki/Q3562963,NULL,Pharai,NULL,NULL
22.429,37.464,"Sanctuary of Artemis Hegemone in Tegea","Arcadia Bk8","Tegea (Arkadia)",['hieron'],['8.47.6'],"Tegea (Arkadia)",NULL,NULL,https://wikidata.org/wiki/Q134037218,NULL,NULL,NULL,NULL
21.630126,37.637849,"Column with Zeus statue by Pelopion of Olympia","Eleia Bk5 Bk6",Olympia,['kion'],['5.24.5'],Olympia,NULL,NULL,NULL,NULL,NULL,NULL,NULL
22.5056,38.4806,"Temenos of the hero Phylakos by Athena Pronoia at Delphi","Phokis Bk10","Delphi (polis)",['temenos'],['10.8.7'],"Delphi (polis)",NULL,NULL,NULL,NULL,NULL,NULL,NULL
22.14015,38.22257,"Grove of Poseidon at Helike, drowned by earthquake","Achaia Bk7",Helike,['alsos'],['7.24.12'],Helike,NULL,NULL,NULL,NULL,NULL,NULL,NULL
22.562341,36.763663,"Stone of Zeus Kappotas near Gythion","Lakonia Bk3",Gythion,['petra'],['3.22.1'],Gythion,NULL,NULL,NULL,NULL,NULL,NULL,NULL
23.707,37.992,"Olive Tree at Academy, Athens","Athenai Bk1","Academy of Plato, Athens",['elaia'],['1.30.2'],"Academy of Plato, Athens",NULL,https://topostext.org/binder/JB2250,NULL,NULL,NULL,NULL,NULL
23.34285,37.997,"hero shrine of Iphigeneia in Megara","Megarid Bk1","Megara (Megarid)",['heroon'],['1.43.1'],"Megara (Megarid)",NULL,NULL,https://wikidata.org/wiki/Q124644644,NULL,NULL,NULL,NULL
22.656854,37.377923,Eua,"Argolid Bk2",Kynouriake,['kome'],['2.38.6'],NULL,https://pleiades.stoa.org/places/570241,NULL,https://wikidata.org/wiki/Q5405223,NULL,NULL,NULL,NULL
21.6336,37.637,"Stoa of Agnaptus at Olympia","Eleia Bk5 Bk6","Hippodrome (Olympia)",['stoa'],"['5.15.6','6.20.10','6.20.13']","Hippodrome (Olympia)",NULL,https://topostext.org/place/376216BSAg,https://wikidata.org/wiki/Q107031177,NULL,NULL,NULL,NULL
23.726443,37.972,"Erechtheion, Athens","Athenai Bk1","Athenian Acropolis (Athens)",['oikema'],"['1.26.5','1.27.1','1.27.2','1.27.3','1.27.4']",NULL,https://pleiades.stoa.org/places/750203268,NULL,https://wikidata.org/wiki/Q242741,NULL,NULL,NULL,NULL
25.1836,35.2052,Crete,NULL,"Hellas (Europe)",['nesos'],"['1.17.3','1.17.6','1.21.4','1.22.5','1.26.4','1.27.10','1.27.9','1.42.2','10.2.7','10.7.2','2.30.3','2.31.1','2.32.2','2.33.4','2.6.7','2.7.7','3.18.4','3.18.5','3.2.7','5.8.1','6.21.6','7.2.5','7.3.7','7.4.5','7.4.6','7.4.8','8.48.3','8.49.7','8.50.6','8.53.4','9.11.4','9.40.3']",NULL,https://pleiades.stoa.org/places/589748,https://topostext.org/place/352252IKre,https://wikidata.org/wiki/Q4752820,NULL,NULL,NULL,NULL
21.710701,37.310004,"Temple of Asclepius at Aulon","Messenia Bk4",Aulon,['naos'],['4.36.7'],Aulon,NULL,NULL,NULL,NULL,NULL,NULL,NULL
27.366012129999998,38.25857286,"spring/undergroun river at Panormos of Didyma","Asia Minor (Asia)","Ionia (region)",['pege'],['5.7.5'],"Ionia (region)",NULL,NULL,NULL,NULL,NULL,NULL,NULL
35.92232,35.37806,Gabala,"Asia (continent)","Syria (Asia)",['settlement'],['2.1.8'],NULL,https://pleiades.stoa.org/places/668250,NULL,https://wikidata.org/wiki/Q127430262,NULL,NULL,NULL,NULL
27.2774885,37.5292362,"Biblis spring at Miletos","Asia Minor (Asia)",Miletus,['pege'],['7.5.10'],Miletus,https://pleiades.stoa.org/places/851937516,NULL,NULL,https://resource.manto.unh.edu/10473246,NULL,NULL,NULL
22.876,38.3642,"Libethrias spring on Libethrion mountain","Boiotia Bk9","Leibethrion Mountain (Boeotia",['pege'],['9.34.4'],NULL,NULL,NULL,NULL,NULL,NULL,NULL,NULL
22.9154,38.58006,Abai,"Phokis Bk10","Phokis Bk10",['settlement'],"['10.1.2','10.3.2','10.35.1']",NULL,https://pleiades.stoa.org/places/540582,NULL,https://wikidata.org/wiki/Q304823,NULL,NULL,NULL,NULL
22.1273,37.4124,"Megalopolis southern part beyond the Helisson","Arcadia Bk8","Megalopolis (Arkadia)",['topos'],['8.32.1'],"Megalopolis (Arkadia)",NULL,NULL,NULL,NULL,"moira to the south",NULL,NULL
20.5,39.5,"river Kokytos, Epirus","Epiros region","Epiros region",['potamos'],['1.17.5'],"Epiros region",NULL,NULL,https://wikidata.org/wiki/Q20379624,NULL,NULL,NULL,NULL
21.864,37.532,"long ridge 10 stadia S of Alpheios, with road to Alipheira","Arcadia Bk8","Arcadia Bk8",['oros'],['8.26.5'],NULL,NULL,NULL,NULL,NULL,NULL,NULL,NULL
22.7147058,37.8073776,"Stadium at Nemea","Argolid Bk2","Sanctuary of Nemean Zeus, Nemea",['stadion'],['7.27.5'],NULL,https://pleiades.stoa.org/places/301013826,NULL,https://wikidata.org/wiki/Q27779883,NULL,NULL,NULL,NULL
14.121868999999998,40.827957,"artificial island off Dikearchia with thermal springs","Italia (Europe)",Dikaiarcheia/Puteoli,['nesos'],['8.7.3'],Dikaiarcheia/Puteoli,NULL,NULL,NULL,NULL,NULL,NULL,NULL
22.82514,38.35217,"Spring of Aganippê on Helikôn","Boiotia Bk9","Helicon mountain",['pege'],['9.29.5'],"Helicon mountain",NULL,NULL,NULL,https://resource.manto.unh.edu/10267665,NULL,NULL,NULL
23.34285,37.997,"Tomb of Megareus at Megara","Megarid Bk1","Megara (Megarid)",['mnema'],['1.42.1'],"Megara (Megarid)",NULL,NULL,https://wikidata.org/wiki/Q124644629,https://resource.manto.unh.edu/10187051,NULL,NULL,NULL
23.026,36.731,"Temple of Athena at Epidauros Limera","Lakonia Bk3","Acropolis of Epidauros Limera",['naos'],['3.23.10'],"Acropolis of Epidauros Limera",NULL,NULL,https://wikidata.org/wiki/Q124616398,NULL,NULL,NULL,NULL
22.5,37.001,Messoa,"Lakonia Bk3","Lakonia Bk3",['settlement'],['3.16.9'],"Lakonia Bk3",https://pleiades.stoa.org/places/573375,NULL,https://wikidata.org/wiki/Q60791981,NULL,NULL,NULL,NULL
30.986379999999997,36.990721,Pamphylia,"Asia (continent)","Asia Minor (Asia)",['chora'],"['2.28.6','7.3.7','8.28.3']",NULL,https://pleiades.stoa.org/places/639034,NULL,https://wikidata.org/wiki/Q585250,NULL,NULL,NULL,NULL
23.5314735,37.947768,"Salamis (settlement)","Attica Bk1","Salamis (island)",['settlement'],"['1.35.2','1.40.5','7.6.3']",NULL,https://pleiades.stoa.org/places/580100,NULL,https://wikidata.org/wiki/Q202422,NULL,NULL,NULL,NULL
26.61011,40.35074,Aigospotamos,"Thrace (Europe)","Chersonesus (Thrace)","['battlefield','potamos']","['10.38.10','10.9.11','10.9.9','3.11.5','3.17.4','3.18.8','3.8.6','4.17.3','4.26.2','6.3.15','9.32.7','9.32.9']",NULL,https://pleiades.stoa.org/places/501336,NULL,https://wikidata.org/wiki/Q404513,NULL,NULL,NULL,NULL
22.0308,37.4378,"Sanctuary of Apollo Parrasios east of Mt. Lykaion","Arcadia Bk8","Lykaion (mountain)",['hieron'],['8.38.8'],NULL,NULL,NULL,https://wikidata.org/wiki/Q134036909,NULL,NULL,NULL,NULL
21.63076,37.64235,"Sosipolis shrine in temple of Eileithyia, Elis","Eleia Bk5 Bk6","Eileithyia temple at Olympia",['naos'],['6.20.3'],"Eileithyia temple at Olympia",NULL,NULL,NULL,NULL,NULL,NULL,NULL
22.181,37.611,"Plain of Polos","Arcadia Bk8","road Tricoloni to Methydrion, 137 stades",['pedion'],['8.35.10'],NULL,https://pleiades.stoa.org/places/573471,NULL,NULL,NULL,"Polou, Polus plain",NULL,NULL
22.961,38.5004,"Springs of the Melas river at Orchomenos","Boiotia Bk9","Orchomenos (Boeotia)",['pege'],['9.38.6'],NULL,NULL,https://topostext.org/place/385230WMeS,https://wikidata.org/wiki/Q106391783,NULL,NULL,NULL,NULL
22.4237,37.0821,"Heroon of Enarsphoros behind Stoa by Platanista in Sparta","Lakonia Bk3",Sparta,['heroon'],['3.15.1'],Sparta,NULL,NULL,https://wikidata.org/wiki/Q124616562,NULL,NULL,NULL,NULL
22.7145,37.9834,"Mass tomb of Sicyonians on the road to Sicyon","Sikyonia Bk2","road Corinth to Sikyon",['polyandrion'],['2.7.4'],"Sicyon (Sikyonia)",NULL,NULL,NULL,NULL,NULL,NULL,NULL
23.1782393,37.2149748,"Aristera Ins.","Hermionis Bk2","Aegean Sea (Hellas)",['nesos'],['2.34.8'],NULL,https://pleiades.stoa.org/places/570108,NULL,https://wikidata.org/wiki/Q587421,NULL,NULL,NULL,NULL
23.7276,37.971,"Cave at the top of Theater of Dionysos, Athens","Athenai Bk1","Dionysos Eleuthereus sanctuary, Athens",['spelaion'],['1.21.3'],NULL,NULL,https://topostext.org/place/380237AThr,https://wikidata.org/wiki/Q25535987,NULL,NULL,NULL,NULL
22.456205,37.757857,"Sanctuary of Ephesian Artemis at Alea","Arcadia Bk8",Alea,['hieron'],['8.23.1'],Alea,NULL,NULL,https://wikidata.org/wiki/Q134037246,NULL,NULL,NULL,NULL
23.3178,38.3191,"Tomb of Amphion at Thebes","Boiotia Bk9","Burial mound of Zethos and Amphion in Thebes",['mnema'],['9.17.7'],"Burial mound of Zethos and Amphion in Thebes",NULL,NULL,NULL,NULL,NULL,NULL,NULL
22.077856,37.41772,Thoknia,"Arcadia Bk8",Parrasia,['polis'],"['8.29.5','8.3.2']",NULL,https://pleiades.stoa.org/places/570730,NULL,https://wikidata.org/wiki/Q60790111,NULL,NULL,NULL,NULL
22.40816,37.60256,"Old sanctuary of Poseidon Hippios outside Mantineia","Arcadia Bk8","Sanctuary of Poseidon Hippios near Mantineia",['hieron'],['8.10.2'],"Sanctuary of Poseidon Hippios near Mantineia",NULL,NULL,NULL,https://resource.manto.unh.edu/10152984,NULL,NULL,NULL
22.8416,38.4944,"Summit of Petrachos mountain","Boiotia Bk9","Petrachos cliff above Chairôneia",['koryphe'],['9.41.6'],"Petrachos cliff above Chairôneia",NULL,NULL,NULL,NULL,NULL,NULL,NULL
22.62501,37.92049,"Altar at the Asclepieion in Titane","Corinthia Bk2","Asclepieion of Titane",['bomos'],['2.11.7'],"Asclepieion of Titane",NULL,NULL,NULL,NULL,NULL,NULL,NULL
25.4,36.4,"Santorini Archipelago","Aegean Sea (Hellas)","Cyclades region (Aegean)",['nesos'],"['3.1.7','7.2.2']",NULL,https://pleiades.stoa.org/places/808255902,NULL,NULL,NULL,NULL,NULL,NULL
23.7188,37.9782,"Demeter Temple near the Pompeion, Athens","Athenai Bk1",Kerameikos,['naos'],['1.2.4'],NULL,NULL,https://topostext.org/binder/JB0988,NULL,NULL,NULL,NULL,NULL
23.8154066,37.9462237,"Mount Hymettus","Attica Bk1","Attica Bk1",['oros'],"['1.32.1','1.32.2']",NULL,https://pleiades.stoa.org/places/579955,NULL,https://wikidata.org/wiki/Q1232266,NULL,NULL,NULL,NULL
21.62975,37.63754,"Altar of Aphrodite at Olympia in the Altis","Eleia Bk5 Bk6","Altis sacred grove (Olympia)",['bomos'],['5.15.3'],"Altis sacred grove (Olympia)",NULL,NULL,NULL,NULL,NULL,NULL,NULL
22.51475,37.6199,"Springs of the Inachos river on Mt. Artemision","Arcadia Bk8","Artemision (mountain)","['hydor','pege']",['8.6.6'],"Artemision (mountain)",NULL,NULL,NULL,NULL,NULL,NULL,NULL
23.3178,38.3191,"Oidipodian spring near Thebes","Boiotia Bk9","Thebes (Boeotia)",['pege'],['9.18.5'],"Thebes (Boeotia)",NULL,NULL,NULL,https://resource.manto.unh.edu/10185198,NULL,NULL,NULL
23.026,36.731,"Zeus Savior shrine at Epidauros Limera","Lakonia Bk3","Harbor of Epidauros Limera",['hieron'],['3.23.10'],"Harbor of Epidauros Limera",NULL,NULL,https://wikidata.org/wiki/Q124616476,NULL,NULL,NULL,NULL
21.695,37.027,"House of Nestor at Pylos","Messenia Bk4","Pylos/Palace of Nestor (Messenia)",['oikia'],['4.36.2'],"Pylos/Palace of Nestor (Messenia)",NULL,NULL,NULL,NULL,NULL,NULL,NULL
22.5,37.001,Lelegia,"Lakonia Bk3","Lakonia Bk3",['chora'],['4.1.1'],"Lakonia Bk3",https://pleiades.stoa.org/places/573334,NULL,https://wikidata.org/wiki/Q375221,NULL,Leleges,NULL,NULL
22.432959,36.659054,"Well in agora of Pyrrichos, given by Silenos","Lakonia Bk3","Agora of Pyrrichos",['phrear'],['3.25.3'],"Agora of Pyrrichos",NULL,NULL,https://wikidata.org/wiki/Q124616344,NULL,NULL,NULL,NULL
14.882499999999999,38.5798,"Islands of Aiolos","Internum Mare","Tyrrhenum/Inferum Mare",['nesos'],['10.11.3'],NULL,https://pleiades.stoa.org/places/462076,NULL,https://wikidata.org/wiki/Q179883,NULL,"Aeolian Islands, Isles of Aeolus",NULL,NULL
26.220385,40.051661,Elaious,"Thrace (Europe)","Chersonesus (Thrace)",['settlement'],"['1.34.2','3.4.6']",NULL,https://pleiades.stoa.org/places/501411,NULL,https://wikidata.org/wiki/Q1234913,NULL,NULL,NULL,NULL
22.87904,37.90597,"Temple of Apollo leaving Corinth Agora","Corinthia Bk2","Agora of Corinth",['naos'],['2.3.6'],NULL,NULL,https://topostext.org/place/379229SApT,https://wikidata.org/wiki/Q3561843,NULL,NULL,NULL,NULL
22.1273,37.4124,"Temple of Zeus Philios at Megalopolis, in peribolos of Great Goddesses","Arcadia Bk8","Peribolos of Great Goddesses Demeter and Korê at Megalopolis",['naos'],['8.31.4'],"Peribolos of Great Goddesses Demeter and Korê at Megalopolis",NULL,NULL,NULL,NULL,NULL,NULL,NULL
22.231166,38.142006,"Temple of Eileithyia at Boura","Achaia Bk7",Boura,['naos'],['7.25.9'],Boura,NULL,NULL,NULL,NULL,NULL,NULL,NULL
23.87,38.53,"Euboea (island)","Hellas (Europe)","Hellas (Europe)",['nesos'],"['1.17.6','1.27.5','1.28.2','1.29.11','1.31.5','1.32.3','1.36.4','1.5.3','10.6.6','10.9.10','2.23.1','4.36.6','5.13.4','5.22.4','5.23.2','5.23.4','7.14.7','7.2.4','7.26.4','7.4.9','7.6.3','7.7.6','7.7.9','8.1.5','8.14.12','8.15.7','9.19.6','9.22.2','9.24.5','9.3.1']",NULL,https://pleiades.stoa.org/places/540775,NULL,https://wikidata.org/wiki/Q173096,NULL,NULL,NULL,NULL
22.50108,38.48264,"Delphic Oracle, Pytho (Delphi)","Phokis Bk10","Sanctuary of Pythian Apollo at Delphi",['manteion'],"['1.19.3','1.2.5','1.3.4','1.32.5','1.32.6','1.44.9','1.9.3','10.10.6','10.11.5','10.12.1','10.13.8','10.5.5','10.5.6','10.5.7','10.5.8','10.6.6','10.7.3','2.26.7','2.29.7','2.33.2','6.11.7','6.9.7','9.14.2','9.8.2']",NULL,NULL,NULL,https://wikidata.org/wiki/Q682558,NULL,NULL,NULL,NULL
23.243591,37.385218,"Temple of Sarapis at Hermione","Hermionis Bk2",Hermione,['naos'],['2.34.10'],Hermione,NULL,NULL,NULL,NULL,"Serapeum of Hermione",NULL,NULL
22.165174,37.480046,Trikolonoi,"Arcadia Bk8",Eutresia,['polis'],"['8.27.3','8.3.4','8.35.5','8.35.6','8.35.8','8.35.9','8.36.1']",NULL,https://pleiades.stoa.org/places/570750,NULL,https://wikidata.org/wiki/Q16331632,NULL,NULL,NULL,NULL
22.992664,37.9158514,"Isthmian Poseidon sanctuary at Isthmia","Corinthia Bk2","Isthmus of Corinth",['hieron'],"['2.1.7','6.12.7','6.12.8','6.14.2','6.15.1','6.15.3','6.15.6','6.17.2','6.20.19','6.3.9','6.4.11','6.4.6']",NULL,https://pleiades.stoa.org/places/570316,NULL,https://wikidata.org/wiki/Q16600469,NULL,NULL,NULL,NULL
23.573,37.952,"Salamis Sea Battle (Attica)","Attica Bk1","Salamis (island)",['battlefield'],"['10.14.5','3.11.3','3.16.6','8.10.9']",NULL,NULL,https://topostext.org/place/380236ASSB,https://wikidata.org/wiki/Q178850,NULL,NULL,NULL,NULL
21.86,37.767,Kaous,"Arcadia Bk8","road Psophis to Thelpousa",['kome'],"['8.25.1','8.25.2']",NULL,https://pleiades.stoa.org/places/573271,NULL,https://wikidata.org/wiki/Q16329953,NULL,NULL,NULL,NULL
21.5377,37.8442,"Ladon/Selleis (river)","Arcadia Bk8","Arcadia Bk8",['potamos'],['6.22.5'],NULL,https://pleiades.stoa.org/places/570409,NULL,https://wikidata.org/wiki/Q15135283,NULL,NULL,NULL,NULL
21.327,37.7,Dyspontion,"Eleia Bk5 Bk6","Eleia Bk5 Bk6",['settlement'],['6.22.4'],NULL,NULL,https://topostext.org/place/377216UDys,https://wikidata.org/wiki/Q3565717,NULL,NULL,NULL,NULL
22.9925,36.9683,"fountain of cold water at Asclepius cave of Kyphanta","Lakonia Bk3","Sacred cave of Asklepios at Kyphanta",['pege'],['3.24.2'],"Sacred cave of Asklepios at Kyphanta",NULL,NULL,NULL,https://resource.manto.unh.edu/11288847,NULL,NULL,NULL
23.34285,37.997,"tomb of Timalkos at bouleuterion of Megara","Megarid Bk1","Megara (Megarid)",['mnema'],"['1.42.4','1.43.3']","Megara (Megarid)",NULL,NULL,https://wikidata.org/wiki/Q124644634,https://resource.manto.unh.edu/10188735,"tomb of the heroes at Megara bouleuterion",NULL,NULL
23.3178,38.3191,"Polyandrion of the Thebans agains Alexander III, outside the gate of Thebes","Boiotia Bk9","Thebes (Boeotia)",['mnema'],['9.10.1'],"Thebes (Boeotia)",NULL,NULL,NULL,NULL,NULL,NULL,NULL
22.50151,38.48254,"Tomb of Neoptolemos at Delphi, for which Polygnotos' work destined.","Phokis Bk10","Peribolos of Neoptolemus at Delphi",['mnema'],"['10.24.6','10.26.4']","Peribolos of Neoptolemus at Delphi",NULL,NULL,NULL,https://resource.manto.unh.edu/10113612,NULL,NULL,NULL
34.27150174,44.88344182,"Taurike Chersonesos","Pontus Euxinus","Pontus Euxinus",['chora'],"['3.16.11','3.16.7']",NULL,https://pleiades.stoa.org/places/226778,NULL,https://wikidata.org/wiki/Q7835,NULL,NULL,NULL,NULL
21.738518,38.243265,"Temple of Poseidon at harbor of Patrae","Achaia Bk7",Patrae,['naos'],['7.21.7'],Patrae,NULL,NULL,NULL,NULL,NULL,NULL,NULL
23.723000000000003,37.975,"Pheme altar, Athens","Athenai Bk1","Athenai Bk1",['bomos'],['1.17.1'],NULL,NULL,https://topostext.org/binder/JB2425,NULL,NULL,NULL,NULL,NULL
22.973,37.928,"Pine trees of Sinis, at the beginning of Isthmus","Corinthia Bk2","Isthmus of Corinth",['peuke'],['2.1.4'],"Isthmus of Corinth",NULL,NULL,NULL,https://resource.manto.unh.edu/11288870,NULL,NULL,NULL
25.1836,35.2052,"Tethrini river in Crete",Crete,Crete,['potamos'],['1.27.9'],Crete,NULL,NULL,NULL,NULL,NULL,NULL,NULL
21.653,37.6395,"City walls of Pisa, completely vanished","Eleia Bk5 Bk6","Pisa (Eleia)",['teichos'],['6.22.1'],"Pisa (Eleia)",NULL,NULL,NULL,NULL,NULL,NULL,NULL
23.044957,38.585688,"Temple and grove of Apollo in Kyrtones","Boiotia Bk9",Kyrtones,['alsos'],['9.24.4'],Kyrtones,NULL,NULL,NULL,NULL,NULL,NULL,NULL
22.3933,37.6181,"Small plain on Mantineia-Orchomenos road","Arcadia Bk8","Mantineia (Arkadia)",['pedion'],['8.12.7'],"Mantineia (Arkadia)",NULL,NULL,NULL,NULL,NULL,NULL,NULL
22.58105,38.67517,"plain of Tithronion","Phokis Bk10",Tithronion,['pedion'],['10.33.12'],Tithronion,NULL,NULL,NULL,NULL,NULL,NULL,NULL
22.834379,37.798572,"Corinthia Bk2","Corinthia Bk2",Peloponnesos,['chora'],"['2.1.1','2.1.3','2.1.6','2.5.5']",NULL,https://pleiades.stoa.org/places/570180,NULL,https://wikidata.org/wiki/Q12899460,NULL,NULL,NULL,NULL
31.033254529999997,39.64014749,"Asia Minor (Asia)","Asia (continent)","Asia (continent)","['major region']","['1.10.2','1.10.5','1.11.2','1.12.4','1.13.1','1.16.2','1.20.4','1.29.11','1.37.5','1.4.5','1.4.6','1.6.2','1.7.3','1.8.1','1.9.7','10.15.2','10.23.14','2.33.3','4.17.5','4.5.3','5.1.6','7.4.3','8.6.2']",NULL,https://pleiades.stoa.org/places/837,NULL,https://wikidata.org/wiki/Q51614,NULL,NULL,NULL,NULL
23.34285,37.997,"Caria acropolis of Megara","Megarid Bk1","Megara (Megarid)",['acropolis'],['1.40.6'],"Megara (Megarid)",NULL,NULL,https://wikidata.org/wiki/Q124644614,NULL,NULL,NULL,NULL
22.3484,38.1478,"Aigai (Achaia)","Achaia Bk7","Achaia Bk7",['settlement'],"['7.25.12','8.15.9']",NULL,https://pleiades.stoa.org/places/570040,NULL,https://wikidata.org/wiki/Q16737279,NULL,NULL,NULL,NULL
22.656854,37.377923,"Sanctuary of Polemokrates in Eua","Argolid Bk2",Eua,['hieron'],['2.38.6'],Eua,NULL,NULL,https://wikidata.org/wiki/Q134037340,NULL,NULL,NULL,NULL
31.414722,41.284722,"Heraclea Pontica","Pontus Euxinus","Pontus Euxinus",['polis'],['5.26.7'],NULL,https://pleiades.stoa.org/places/844944,NULL,https://wikidata.org/wiki/Q302511,NULL,"Herakleia of Pontos",NULL,NULL
22.3848,36.705058,"Sanctuary of Sarapis at Oitylos","Lakonia Bk3",Oitylos,['hieron'],['3.25.10'],Oitylos,NULL,NULL,https://wikidata.org/wiki/Q124616478,NULL,NULL,NULL,NULL
23.3484,37.5033,"Altar of the Themises at Troizen","Troizenia Bk2","Troizen (Troizenia)",['bomos'],['2.31.5'],"Troizen (Troizenia)",NULL,NULL,NULL,NULL,NULL,NULL,NULL
37.5,37.5,Cappadocia,"Asia (continent)","Asia Minor (Asia)",['chora'],['3.16.8'],NULL,https://pleiades.stoa.org/places/991402,NULL,https://wikidata.org/wiki/Q217265,NULL,NULL,NULL,NULL
22.87352,38.431063,"Herkyna river","Boiotia Bk9",Lebadeia,['potamos'],"['9.39.2','9.39.3','9.39.5','9.39.7']",Lebadeia,NULL,https://topostext.org/place/384229WHer,https://wikidata.org/wiki/Q106496258,NULL,NULL,NULL,NULL
23.726464,37.971687,"Place of Theseus and Peirithous","Athenai Bk1","Athenai Bk1",['chorion'],['1.18.4'],"Athenai Bk1",NULL,https://topostext.org/binder/JB2840,NULL,NULL,NULL,NULL,NULL
21.7404,38.2434,"Agora of Patrae","Achaia Bk7",Patrae,['agora'],"['7.20.3','7.20.5','7.20.7','7.21.6']",NULL,NULL,NULL,https://wikidata.org/wiki/Q123844750,NULL,NULL,NULL,NULL
21.947,37.268,"Oichalia? (Messenia?)","Messenia Bk4","Messenia Bk4",['settlement'],['4.3.10'],NULL,NULL,https://topostext.org/place/368228UOic,https://wikidata.org/wiki/Q60790408,NULL,NULL,NULL,NULL
22.756111,37.730833,"Enclosure of Mycenae","Argolid Bk2",Mycenae,['peribolos'],['2.16.5'],Mycenae,NULL,NULL,NULL,NULL,NULL,NULL,NULL
22.4237,37.0821,"Altar of Apollo Akritas at Sparta","Lakonia Bk3",Sparta,['bomos'],['3.12.8'],Sparta,NULL,NULL,https://wikidata.org/wiki/Q124616536,NULL,NULL,NULL,NULL
22.456205,37.757857,Alea,"Arcadia Bk8","Arcadia Bk8",['settlement'],"['8.23.1','8.27.3']",NULL,https://pleiades.stoa.org/places/570062,NULL,https://wikidata.org/wiki/Q3609405,NULL,NULL,NULL,NULL
21.63166,37.63848,"Echo Stoa (Olympia)","Eleia Bk5 Bk6",Olympia,['stoa'],['5.21.17'],NULL,NULL,https://topostext.org/place/376216BOES,https://wikidata.org/wiki/Q19611482,NULL,NULL,NULL,NULL
23.34285,37.997,"Alkathoos wall in Megara","Megarid Bk1","Megara (Megarid)",['teichos'],['1.42.1'],"Megara (Megarid)",NULL,NULL,https://wikidata.org/wiki/Q124644631,NULL,NULL,NULL,NULL
21.947804,39.624618,Oichalia,"Hellas (Europe)",Thessalia,['chora'],"['4.2.2','4.2.3','4.26.6']",NULL,NULL,NULL,https://wikidata.org/wiki/Q60790408,NULL,Karnasion,https://imperium.ahlfeldt.se/places/45324,NULL
23.72775,37.970278,"Theater of Dionysus Eleuthereus","Athenai Bk1","Dionysos Eleuthereus sanctuary, Athens",['theatron'],"['1.20.3','1.20.4','1.21.1','1.21.3','1.21.4','1.29.16','5.12.4']",NULL,https://pleiades.stoa.org/places/649966335,NULL,https://wikidata.org/wiki/Q1227044,NULL,NULL,NULL,NULL
23.1602,37.6335,"Sanctuary of Hera at the harbour in Epidaurus","Epidauria Bk2",Epidauros,['hieron'],['2.29.1'],Epidauros,NULL,NULL,https://wikidata.org/wiki/Q134037699,NULL,NULL,NULL,NULL
21,39.2,"Dryopis region","Epiros region","Epiros region",['chora'],['5.1.2'],NULL,NULL,https://topostext.org/place/392210RDry,https://wikidata.org/wiki/Q122054986,NULL,NULL,NULL,NULL
22.002,37.2099,"Boar's tomb in Stenykleros, Messenia","Messenia Bk4","Stenykleros region (Messenia)",['battlefield'],['4.15.7'],"Stenykleros region (Messenia)",NULL,NULL,NULL,NULL,NULL,NULL,NULL
23.7329,37.9686,"Delphinium lawcourt, Athens","Athenai Bk1","Athenai Bk1",['dikasterion'],['1.28.10'],NULL,NULL,https://topostext.org/binder/JB0288,https://wikidata.org/wiki/Q56063656,NULL,"Apollo Delphinios lawcourt",NULL,NULL
22.4237,37.0821,"Heroon of Kleodaios at Sparta","Lakonia Bk3",Sparta,['heroon'],['3.15.10'],Sparta,NULL,NULL,https://wikidata.org/wiki/Q124616567,NULL,NULL,NULL,NULL
21.93807,37.16525,"Eua Mons","Messenia Bk4","Messenia Bk4",['oros'],['4.31.4'],NULL,https://pleiades.stoa.org/places/570242,https://topostext.org/place/372219LEva,https://wikidata.org/wiki/Q25094179,NULL,NULL,https://imperium.ahlfeldt.se/places/43553,NULL
21.788,37.601,"Ridge of Sauros by the Erymanthos river","Eleia Bk5 Bk6","Eleia Bk5 Bk6",['deiras'],['6.21.3'],NULL,NULL,NULL,NULL,NULL,NULL,NULL,NULL
22.878721,37.906045,"Precinct of Sarapis in Canobus on ascent to Acrocorinth","Corinthia Bk2",Acrocorinth,['temenos'],['2.4.6'],Acrocorinth,NULL,NULL,NULL,NULL,NULL,NULL,NULL
22.7028,37.6328,"Summit of Mt. Lykone near Argos","Argolid Bk2","Lykone (mountain)",['koryphe'],['2.24.5'],"Lykone (mountain)",NULL,NULL,NULL,NULL,NULL,NULL,NULL
23.9106,38.3868,Amarynthos,"Euboea (island)","Euboea (island)",['settlement'],['1.31.5'],NULL,https://pleiades.stoa.org/places/579859,NULL,https://wikidata.org/wiki/Q1227665,NULL,NULL,NULL,NULL
23.718611,37.978333,"Gymnasium of Hermes, Athens","Athenai Bk1","first stoa between the gates and Kerameikos, Athens",['gymnasion'],['1.2.5'],"first stoa between the gates and Kerameikos, Athens",NULL,https://topostext.org/binder/JB1597,NULL,NULL,NULL,NULL,NULL
23.1542,37.5,"Sanctuary of Demeter in Didymoi of Hermione","Argolid Bk2","Didymoi (Argolid)",['hieron'],['2.36.3'],"Didymoi (Argolid)",NULL,NULL,https://wikidata.org/wiki/Q134037676,NULL,NULL,NULL,NULL
24.382489999999997,36.67581,"Melos (island)","Aegean Sea (Hellas)","Cyclades region (Aegean)",['nesos'],['5.23.2'],NULL,https://pleiades.stoa.org/places/570475,NULL,https://wikidata.org/wiki/Q203979,NULL,NULL,https://imperium.ahlfeldt.se/places/41354,NULL
23.7168,37.9816,"Demosion Sema Amphipolis, Athens","Athenai Bk1","Demosion Sema war graves, Athens",['taphos'],['1.29.13'],NULL,NULL,https://topostext.org/binder/JB1040,NULL,NULL,NULL,NULL,NULL
24.0268,38.2176,"Sanctuary and temple of Nemesis at Rhamnous","Attica Bk1",Rhamnous,"['hieron','naos']",['1.33.2'],NULL,https://pleiades.stoa.org/places/580034,https://topostext.org/place/382240SNem,https://wikidata.org/wiki/Q94946184,NULL,NULL,NULL,NULL
27.42788,37.59716,"temple of Dionysos at Myous, marble","Asia Minor (Asia)",Myous,['naos'],['7.2.11'],Myous,NULL,NULL,NULL,NULL,NULL,NULL,NULL
22.58105,38.67517,Tithronion,"Phokis Bk10","Phokis Bk10",['polis'],"['10.3.2','10.33.12']",NULL,https://pleiades.stoa.org/places/541153,NULL,https://wikidata.org/wiki/Q12885360,NULL,NULL,NULL,NULL
26.385172,40.071124,Dardanos,"Asia Minor (Asia)",Troas,['settlement'],['7.19.6'],NULL,https://pleiades.stoa.org/places/501393,NULL,https://wikidata.org/wiki/Q950952,NULL,NULL,NULL,NULL
20.25,39.75,"Acheron river of Hades",Hades,Hades,"['mythical place','potamos']","['10.28.1','10.28.4']",Hades,NULL,NULL,https://wikidata.org/wiki/Q13081186,NULL,NULL,NULL,NULL
21.63291462,37.6391184,"Marble altar in stadium of Olympia opposite Hellanodikai","Eleia Bk5 Bk6","Olympia Stadium",['bomos'],['6.20.8'],"Olympia Stadium",NULL,NULL,NULL,NULL,NULL,NULL,NULL
23.5841,38.3074,"Sanctuary of Hermes Promachos in Tanagra","Boiotia Bk9","sacred district of Tanagra",['hieron'],"['9.22.1','9.22.2']","sacred district of Tanagra",NULL,NULL,https://wikidata.org/wiki/Q134038175,https://resource.manto.unh.edu/10773537,NULL,NULL,NULL
22.528,38.441,"Echedameia (Phokis)","Phokis Bk10","Phokis Bk10",['polis'],['10.3.2'],NULL,https://pleiades.stoa.org/places/543694,https://topostext.org/place/384225PEch,https://wikidata.org/wiki/Q16259799,NULL,NULL,NULL,NULL
23.3484,37.5033,"Stadium of Hippolytus in Troizen","Troizenia Bk2","Troizen (Troizenia)",['stadion'],['2.32.3'],"Troizen (Troizenia)",NULL,NULL,NULL,NULL,NULL,NULL,NULL
22.356,38.148,"Port of the Aigeiratai","Achaia Bk7","Achaia Bk7",['epineion'],['7.26.1'],NULL,NULL,NULL,NULL,NULL,NULL,NULL,NULL
23.7203,37.9701,"Tomb of Thucydides in Athens","Athenai Bk1","Athenai Bk1",['taphos'],['1.23.9'],NULL,NULL,https://topostext.org/binder/JB2869,NULL,NULL,NULL,NULL,NULL
22.548448,36.884856,Krokeai,"Lakonia Bk3","Lakonia Bk3",['settlement'],"['2.3.5','3.21.4','3.21.5']",NULL,https://pleiades.stoa.org/places/570385,NULL,https://wikidata.org/wiki/Q48781592,NULL,NULL,NULL,NULL
21.995,37.449,"Stadium in front of hippodrome near Pan sanctuary on Mt. Lykaion","Arcadia Bk8","Sanctuary of Pan on Mt. Lykaion",['stadion'],['8.38.5'],"Sanctuary of Pan on Mt. Lykaion",NULL,NULL,NULL,NULL,NULL,NULL,NULL
23.088,38.3787,"roofless, empty temples in Haliartos","Boiotia Bk9","Haliartos (Boeotia)",['naos'],['9.33.3'],"Haliartos (Boeotia)",NULL,NULL,NULL,NULL,NULL,NULL,NULL
21.9725313,37.4563114,"Springs of the Neda on Mt. Kerausion","Arcadia Bk8","Kerausion M.",['pege'],['8.41.3'],"Kerausion M.",NULL,NULL,NULL,NULL,NULL,NULL,NULL
22.649131,37.846299,"Tomb of Aristias in the Agora of Phlious","Phlious Bk2","Phlious Bk2",['mnema'],['2.13.6'],"Agora of Phlious",NULL,NULL,NULL,NULL,NULL,NULL,NULL
22.5012215,38.4823167,"Temple of Apollo at Delphi","Phokis Bk10","Sanctuary of Pythian Apollo at Delphi",['naos'],"['1.43.8','10.13.8','10.14.5','10.19.4','10.24.4','10.5.13','4.5.4','9.37.5']",NULL,https://pleiades.stoa.org/places/464482219,NULL,https://wikidata.org/wiki/Q10751359,NULL,NULL,NULL,NULL
22.31536,37.724716,"Large cedar tree near Arcadian Orchomenos","Arcadia Bk8","Orchomenos (Arcadia)",['dendron'],['8.13.2'],"Orchomenos (Arcadia)",NULL,NULL,NULL,NULL,NULL,NULL,NULL
21.374,37.89,"Maltho gymnasium at Elis","Eleia Bk5 Bk6","Elis polis",['gymnasion'],"['6.23.5','6.23.6','6.23.7']","Elis polis",NULL,NULL,https://wikidata.org/wiki/Q106996700,NULL,NULL,NULL,NULL
22.819373,37.042584,"Grove with springs surrounding Sanctuary of All the Gods at Marios","Lakonia Bk3",Marios,['alsos'],['3.22.8'],Marios,NULL,NULL,https://wikidata.org/wiki/Q124616361,NULL,NULL,NULL,NULL
22.09,38.252,"Stoa of Straton, near Aigion","Achaia Bk7","Aigion (Achaia)",['stoa'],['7.23.5'],"Aigion (Achaia)",NULL,NULL,NULL,NULL,NULL,NULL,NULL
21.6336,37.637,"Taraxippos of Olympia at hippodrome, round altar","Eleia Bk5 Bk6","Hippodrome (Olympia)",['bomos'],['6.20.19'],"Hippodrome (Olympia)",NULL,NULL,NULL,NULL,NULL,NULL,NULL
22.792,36.8,"Temple of the Mother of the Gods at Akriai","Lakonia Bk3","Akriai (Lakonia)",['naos'],['3.22.4'],"Akriai (Lakonia)",NULL,NULL,https://wikidata.org/wiki/Q124616519,NULL,NULL,NULL,NULL
23.34285,37.997,"Sanctuary of Tyche at Megara","Megarid Bk1","Megara (Megarid)",['hieron'],['1.43.6'],"Megara (Megarid)",NULL,NULL,https://wikidata.org/wiki/Q124644658,NULL,NULL,NULL,NULL
23.243591,37.385218,"Sanctuary of Poseidon on promontory of Hermione","Hermionis Bk2","Promontory of Hermione",['hieron'],['2.34.9'],"Promontory of Hermione",NULL,NULL,https://wikidata.org/wiki/Q134037743,NULL,NULL,NULL,NULL
22.890275,37.144402,"Dionysos' Garden, plain by Brasiai","Lakonia Bk3","Brasiae (Laconia)",['pedion'],['3.24.4'],"Brasiae (Laconia)",NULL,NULL,https://wikidata.org/wiki/Q124616583,NULL,NULL,NULL,NULL
23.088,38.3787,"Lophis river in Haliartia","Boiotia Bk9","Haliartos (Boeotia)",['potamos'],['9.33.4'],"Haliartos (Boeotia)",NULL,NULL,https://wikidata.org/wiki/Q60791086,NULL,NULL,NULL,NULL
21.687,37.959,"Tritaia (Achaia)","Achaia Bk7","Achaia Bk7",['polis'],"['6.12.8','6.12.9','7.22.6','7.22.7','7.22.8','7.22.9','7.6.1']",NULL,https://pleiades.stoa.org/places/570755,NULL,https://wikidata.org/wiki/Q16737926,NULL,"Tritia, Triteia",NULL,NULL
22.4502,37.0363,"Throne at Amyclae","Lakonia Bk3","Amyclae (Laconia)",['thronos'],"['3.18.9','3.19.1','5.11.4']","Amyclae (Laconia)",NULL,NULL,https://wikidata.org/wiki/Q106363909,NULL,NULL,NULL,NULL
14.08648465,37.53667612,"Megara Hyblaia","Sicilia (island)","Sicilia (island)",['chorion'],"['5.23.6','7.15.8']","Sicilia (island)",https://pleiades.stoa.org/places/462307,NULL,https://wikidata.org/wiki/Q1457477,NULL,NULL,NULL,NULL
22.5,37.001,"Lakonia Bk3",NULL,Peloponnesos,['chora'],"['1.11.2','1.13.4','1.13.5','1.13.6','1.13.7','1.18.4','1.28.4','1.38.4','10.13.10','10.2.2','10.38.10','10.9.5','10.9.9','2.18.8','2.22.6','2.3.5','2.9.2','3.1.1','3.1.3','3.1.5','3.11.1','3.12.9','3.14.9','3.16.9','3.18.3','3.20.10','3.20.11','3.20.3','3.21.3','3.21.6','3.22.6','3.23.11','3.23.6','3.24.1','3.24.6','3.3.3','3.4.1','3.7.10','3.7.11','3.7.7','3.8.1','3.9.10','4.1.1','4.10.7','4.16.8','4.17.1','4.18.1','4.18.2','4.20.5','4.23.5','4.27.1','4.28.2','4.28.5','4.30.2','4.4.6','4.4.7','4.5.9','4.7.2','5.17.1','5.9.1','7.1.5','7.1.6','7.1.7','7.10.3','7.11.8','7.12.7','7.13.3','7.13.7','7.18.5','7.20.8','7.25.3','7.6.2','7.6.3','7.8.4','7.9.1','8.11.5','8.12.6','8.12.8','8.35.3','8.5.13','8.5.7','8.50.2','8.50.5','8.51.1','8.53.11','9.13.5','9.14.1','9.14.6']",NULL,https://pleiades.stoa.org/places/570406,https://topostext.org/place/370225RLak,https://wikidata.org/wiki/Q11931074,NULL,"Laconia Lacedaemonia",NULL,NULL
22.3933,37.6181,"Stadium of Mantineia on Tegea highway","Arcadia Bk8","Mantineia (Arkadia)",['stadion'],['8.10.1'],"Mantineia (Arkadia)",NULL,NULL,NULL,NULL,NULL,NULL,NULL
20.892091,37.787178,"Acropolis of Zacynthus called Psophis","Hellas (Europe)",Zakythos/Zacynthus,['acropolis'],['8.24.3'],Zakythos/Zacynthus,NULL,NULL,NULL,NULL,NULL,NULL,NULL
22.714,37.984,"Temple of Apollo in agora of Sicyon","Sikyonia Bk2","Agora of Sicyon",['naos'],['2.7.8'],"Agora of Sicyon",NULL,NULL,NULL,NULL,NULL,NULL,NULL
22.732834,37.513986,Genesion/Apobathmoi,"Argolid Bk2","Argolid Bk2",['chorion'],"['2.38.4','8.7.2']",NULL,https://pleiades.stoa.org/places/570257,NULL,https://wikidata.org/wiki/Q16571062,NULL,NULL,NULL,NULL
22.1273,37.4124,"Temple of Poseidon Epoptes on Helisson river, near Megalopolis","Arcadia Bk8","Megalopolis (Arkadia)",['naos'],['8.30.1'],"Megalopolis (Arkadia)",NULL,NULL,NULL,NULL,NULL,NULL,NULL
21.630126,37.637849,"Altar of Idaean Heracles (Parastates) and other Curetes at Olympia","Eleia Bk5 Bk6",Olympia,['bomos'],['5.8.1'],Olympia,NULL,NULL,NULL,NULL,NULL,NULL,NULL
22.12741,37.41064,"Thersilion bouleuterion of Megalopolis","Arcadia Bk8","Megalopolis southern part beyond the Helisson",['bouleuterion'],['8.32.1'],NULL,NULL,https://topostext.org/place/374221BThB,https://wikidata.org/wiki/Q135476815,NULL,NULL,NULL,NULL
27.217489999999998,38.55733,"Tantalus lake in Lydia","Asia Minor (Asia)","Lydia (province)",['limne'],"['5.13.7','8.17.3']",NULL,NULL,NULL,NULL,NULL,NULL,NULL,NULL
23.5314735,37.947768,"Agora of Salamis","Attica Bk1","Salamis (settlement)",['agora'],['1.35.3'],"Salamis (settlement)",NULL,NULL,https://wikidata.org/wiki/Q124644582,NULL,NULL,NULL,NULL
34.5,41.5,Assyria,"Asia (continent)","Asia (continent)",['chora'],['5.12.4'],NULL,https://pleiades.stoa.org/places/844869,NULL,https://wikidata.org/wiki/Q4810454,NULL,NULL,NULL,NULL
22.55716,37.71428,"Orneai (Argolid)","Argolid Bk2","Argolid Bk2",['polis'],"['10.18.5','2.25.5','2.25.6','8.27.1']",NULL,https://pleiades.stoa.org/places/570537,https://topostext.org/place/377225POrn,https://wikidata.org/wiki/Q7103538,NULL,NULL,NULL,NULL
23.42372,37.74991,"Enclosure of Hekate's temple in Aigina","Aigina island Bk2","Aigina polity",['peribolos'],['2.30.2'],"Aigina polity",NULL,NULL,NULL,NULL,NULL,NULL,NULL
22.3503405,36.9528148,Harpleia,"Lakonia Bk3","Taygetos (mountain)",['settlement'],['3.20.7'],"Taygetos (mountain)",https://pleiades.stoa.org/places/573244,NULL,https://wikidata.org/wiki/Q60792060,NULL,NULL,NULL,NULL
21.710701,37.310004,Aulon,"Messenia Bk4","Messenia Bk4",['settlement'],['4.36.7'],NULL,https://pleiades.stoa.org/places/573131,NULL,https://wikidata.org/wiki/Q11907271,NULL,NULL,NULL,NULL
22.241203,38.014421,Nonakris,"Arcadia Bk8",Tripolis,['polisma'],"['8.17.6','8.18.4','8.18.7','8.27.4']",NULL,https://pleiades.stoa.org/places/570510,NULL,https://wikidata.org/wiki/Q7049180,NULL,NULL,NULL,NULL
24.2607,38.1455,Styra,"Euboea (island)","Euboea (island)",['polis'],['4.34.11'],NULL,https://pleiades.stoa.org/places/541117,NULL,https://wikidata.org/wiki/Q57758204,NULL,NULL,NULL,NULL
22.7108,37.8085,"Enclosure of the temple of Nemeios Zeus in Nemea","Argolid Bk2","Sanctuary of Nemean Zeus, Nemea",['peribolos'],['2.15.3'],"Sanctuary of Nemean Zeus, Nemea",NULL,NULL,NULL,NULL,NULL,NULL,NULL
23.403247,38.317722,Skolos,"Boiotia Bk9","Boiotia Bk9",['settlement'],['9.4.4'],NULL,https://pleiades.stoa.org/places/541106,NULL,https://wikidata.org/wiki/Q12884533,NULL,NULL,NULL,NULL
23.396935,38.391809,"Grave mound of Promachus and other Argives near Glisas","Boiotia Bk9",Glisas,"['choma ges','mnema']",['9.19.2'],Glisas,NULL,NULL,NULL,https://resource.manto.unh.edu/10185301,NULL,NULL,NULL
22.4191,37.0841,"Two bridges over moat at Platanistas at Sparta","Lakonia Bk3","Platanista grove (Lakonia)",['gephyra'],"['3.14.10','3.14.8']","Platanista grove (Lakonia)",NULL,NULL,NULL,NULL,NULL,NULL,NULL
21.630126,37.637849,"Altar of Athena Leitis at Olympia","Eleia Bk5 Bk6",Olympia,['bomos'],['5.14.5'],Olympia,NULL,NULL,NULL,NULL,NULL,NULL,NULL
22.3,37.5,Tripolis,"Arcadia Bk8","Arcadia Bk8","['chora','settlement']",['8.27.4'],"Arcadia Bk8",https://pleiades.stoa.org/places/573572,NULL,https://wikidata.org/wiki/Q7843689,NULL,NULL,NULL,NULL
35.485,36.756,Mallos,"Asia Minor (Asia)",Cilicia,['polis'],['1.34.3'],NULL,https://pleiades.stoa.org/places/648702,NULL,https://wikidata.org/wiki/Q1425353,NULL,NULL,NULL,NULL
22.756111,37.730833,Mycenae,"Argolid Bk2","Argolid Bk2",['settlement'],"['10.20.1','2.15.4','2.16.3','2.16.4','2.16.5','2.16.6','2.17.1','2.18.1','2.4.2','5.23.3','7.25.5','8.27.1','8.33.2','8.5.4','9.34.6']",NULL,https://pleiades.stoa.org/places/570491,NULL,https://wikidata.org/wiki/Q132564,NULL,NULL,NULL,NULL
22.429,37.464,"Fountain north of the temple of Athena Alea at Tegea","Arcadia Bk8","Tegea (Arkadia)",['pege'],['8.47.4'],"Tegea (Arkadia)",NULL,NULL,NULL,NULL,NULL,NULL,NULL
35.234167,31.776667000000003,"tomb of Helenê at Jerusalem","Asia (continent)","Ierusalem/Hierosolyma/Col. Aelia Capitolina",['mnema'],['8.16.5'],"Ierusalem/Hierosolyma/Col. Aelia Capitolina",NULL,NULL,NULL,NULL,NULL,NULL,NULL
28.088199999999997,36.0913,Lindos/Lindus,"Aegean Sea (Hellas)","Rhodes island",['polis'],['10.18.4'],NULL,https://pleiades.stoa.org/places/589913,NULL,https://wikidata.org/wiki/Q65122097,NULL,NULL,NULL,NULL
22.2612,36.9556,"Sanctuary of Dionysos at Alagonia","Lakonia Bk3","Alagonia (Messenia)",['hieron'],['3.26.11'],"Alagonia (Messenia)",NULL,NULL,https://wikidata.org/wiki/Q124616484,NULL,NULL,NULL,NULL
23.6161,38.0128,"Temple of Aphrodite on Sacred Way","Attica Bk1","Sacred Way from Athens to Eleusis",['naos'],['1.37.7'],NULL,https://pleiades.stoa.org/places/579874,NULL,https://wikidata.org/wiki/Q21556409,NULL,NULL,NULL,NULL
23.717999999999996,37.981,"Tomb of Phormion, Athens","Athenai Bk1","Athenai Bk1",['taphos'],['1.29.3'],NULL,NULL,https://topostext.org/binder/JB2455,NULL,NULL,NULL,NULL,NULL
22.03143,37.38957,"Grove of Despoina at Lykosoura","Arcadia Bk8","Sanctuary of Despoina at Lykosoura","['alsos','toichos']",['8.37.10'],"Sanctuary of Despoina at Lykosoura",NULL,NULL,NULL,NULL,NULL,NULL,NULL
22.4203,37.4555,"Altar of Athena Alea at Tegea with relief decoration","Arcadia Bk8","Athena Alea sanctuary near Tegea",['bomos'],['8.47.3'],"Athena Alea sanctuary near Tegea",NULL,NULL,NULL,NULL,NULL,NULL,NULL
26.337061,39.490601,Assos/Apollonia,"Asia Minor (Asia)",Aeolis,['settlement'],['6.4.9'],NULL,https://pleiades.stoa.org/places/550463,NULL,https://wikidata.org/wiki/Q744631,NULL,NULL,NULL,NULL
23.243591,37.385218,Hermione,"Hermionis Bk2","Hermionis Bk2",['polis'],"['2.32.7','2.34.11','2.34.12','2.34.4','2.34.5','2.34.6','2.34.8','2.35.4','2.35.9','3.14.5','4.34.9','5.23.2','8.1.1']",NULL,https://pleiades.stoa.org/places/570292,NULL,https://wikidata.org/wiki/Q58401924,NULL,Hermion,NULL,NULL
22.87585,37.88935,"Upper Peirene Fountain (Korinthia)","Corinthia Bk2","Corinth (Corinthia)",['pege'],['2.5.1'],NULL,NULL,https://topostext.org/place/379229WPei,NULL,https://resource.manto.unh.edu/10157781,NULL,NULL,NULL
22.7195,37.6316,"Tomb of the Maenad Choreia in Argos","Argolid Bk2","Argos (Argolid)",['mnema'],"['2.20.4','2.22.1']","Argos (Argolid)",NULL,NULL,NULL,https://resource.manto.unh.edu/10186959,NULL,NULL,NULL
23.255,38.318,"Kabeirion of Thebes","Boiotia Bk9","Thebes (Boeotia)",['hieron'],"['9.25.10','9.25.5','9.25.6','9.25.7','9.25.9','9.26.1','9.26.6']",NULL,https://pleiades.stoa.org/places/540844,https://topostext.org/place/383233SKab,https://wikidata.org/wiki/Q15206356,https://resource.manto.unh.edu/10214638,NULL,NULL,NULL
22.7214,37.6305,"Sanctuary of Demeter Pelasgis at Argos in agora","Argolid Bk2","Agora of Argos",['hieron'],['2.22.1'],"Agora of Argos",NULL,NULL,https://wikidata.org/wiki/Q134037485,https://resource.manto.unh.edu/10186963,NULL,NULL,NULL
23.7329,37.9686,"Temple of Aphrodite in the Gardens, Athens","Athenai Bk1","Gardens, location, Athens",['naos'],"['1.19.2','1.27.3']","Gardens, location, Athens",NULL,https://topostext.org/binder/JB0228,NULL,NULL,NULL,NULL,NULL
22.429,37.464,"Altar of Kore in Tegea, near Paphian Aphrodite","Arcadia Bk8","Tegea (Arkadia)",['bomos'],['8.53.7'],"Tegea (Arkadia)",NULL,NULL,NULL,NULL,NULL,NULL,NULL
26.5,41,"Fort of Anaea (Annaea)","Thrace (Europe)","Thrace (Europe)",['teichos'],['7.4.3'],"Thrace (Europe)",NULL,NULL,NULL,NULL,NULL,NULL,NULL
22.4237,37.0821,"Temple of Artemis at Sparta near the Phrouria","Lakonia Bk3",Sparta,['naos'],['3.12.8'],Sparta,NULL,NULL,https://wikidata.org/wiki/Q124616499,NULL,NULL,NULL,NULL
21.374,37.89,"Piera spring, on the road from Olympia to Elis","Eleia Bk5 Bk6","Elis polis",['pege'],['5.16.8'],"Elis polis",https://pleiades.stoa.org/places/573465,NULL,NULL,NULL,NULL,NULL,NULL
25.31,36.783,"tomb of Homer on Ios","Aegean Sea (Hellas)","Ios (island)",['taphos'],['10.24.2'],NULL,NULL,https://topostext.org/place/368253FPsa,https://wikidata.org/wiki/Q58344705,NULL,"Psaropyrgos tower",NULL,NULL
23.2534,37.3834,"Sanctuary of Demeter Thermasia on border of Hermione seawards","Hermionis Bk2","Hermionis Bk2",['hieron'],['2.34.6'],NULL,NULL,NULL,https://wikidata.org/wiki/Q134037756,NULL,NULL,NULL,NULL
23.7257,37.9717,"Shrine of Hygieia and Athena Hygieia at entry to Acropolis","Athenai Bk1","Athenian Acropolis (Athens)",['cult'],['1.23.4'],"Athenian Acropolis (Athens)",https://pleiades.stoa.org/places/130769474,NULL,https://wikidata.org/wiki/Q107307241,NULL,NULL,NULL,NULL
22.1751,37.6359,"High hill between Maloitas and Mylaon rivers, site of Methydrion","Arcadia Bk8","Arcadia Bk8",['lophos'],['8.36.1'],NULL,NULL,NULL,NULL,NULL,NULL,NULL,NULL
16.4908,39.71569,Sybaris,"Italia (Europe)","Italia (Europe)",['polis'],"['5.8.9','6.19.9']",NULL,https://pleiades.stoa.org/places/573537,NULL,https://wikidata.org/wiki/Q220583,NULL,NULL,NULL,NULL
21.374,37.89,"Sanctuary of Hades at Elis","Eleia Bk5 Bk6","Elis polis",['hieron'],['6.25.2'],"Elis polis",NULL,https://topostext.org/place/379214STHa,https://wikidata.org/wiki/Q107031204,NULL,NULL,NULL,NULL
21.8313,38.3997,"Temple of Poseidon on the sea at Naupaktos","Aitolia region",Naupaktos,['naos'],['10.38.12'],Naupaktos,NULL,NULL,NULL,NULL,NULL,NULL,NULL
27.257012000000003,36.875681,"Kos (settlement)","Aegean Sea (Hellas)","Kos/Cos (island)",['settlement'],"['6.14.12','8.43.4']",NULL,https://pleiades.stoa.org/places/599728,NULL,https://wikidata.org/wiki/Q187027,NULL,NULL,NULL,NULL
21.6336,37.637,"Altar of the Moirae (Fates) at Olympia","Eleia Bk5 Bk6","Hippodrome (Olympia)",['bomos'],['5.15.5'],"Hippodrome (Olympia)",NULL,NULL,NULL,NULL,NULL,NULL,NULL
22.3933,37.6181,"Agora of Mantineia","Arcadia Bk8","Mantineia (Arkadia)",['agora'],['8.9.9'],"Mantineia (Arkadia)",NULL,NULL,https://wikidata.org/wiki/Q133963460,NULL,NULL,NULL,NULL
21.9725313,37.4563114,Kretea,"Arcadia Bk8","Lykaion (mountain)",['chora'],['8.38.2'],"Lykaion (mountain)",https://pleiades.stoa.org/places/573309,NULL,https://wikidata.org/wiki/Q5184729,NULL,"Cretea (Arcadia)",NULL,NULL
22.081,37.555,"Hypsous (Arkadia)","Arcadia Bk8","Arcadia Bk8",['settlement'],"['8.3.3','8.35.7']",NULL,https://pleiades.stoa.org/places/570303,https://topostext.org/place/376221UHyp,https://wikidata.org/wiki/Q12885662,NULL,NULL,NULL,NULL
22.671,38.667,"Ledon (Phokis)","Phokis Bk10","Phokis Bk10",['polis'],"['10.2.2','10.3.2','10.33.1']",NULL,https://pleiades.stoa.org/places/540908,https://topostext.org/place/387227PLed,https://wikidata.org/wiki/Q3807754,NULL,NULL,NULL,NULL
27.372700000000002,36.685,"Bridge to Cherronesos, Knidos","Asia Minor (Asia)",Knidos,['gephyra'],['5.24.7'],NULL,NULL,NULL,NULL,NULL,NULL,NULL,NULL
22.1302,37.8248,"Reunos near Nasoi, source of river Tragos","Arcadia Bk8","Arcadia Bk8",['chorion'],['8.23.2'],NULL,NULL,NULL,NULL,NULL,NULL,NULL,NULL
22.1273,37.4124,"Spring sacred to Dionysos near stadium of Megalopolis","Arcadia Bk8","Megalopolis (Arkadia)",['pege'],['8.32.3'],"Megalopolis (Arkadia)",NULL,NULL,NULL,NULL,NULL,NULL,NULL
23.08241,38.59375,Korseia,"Boiotia Bk9","Boiotia Bk9",['polisma'],['9.24.5'],NULL,https://pleiades.stoa.org/places/540882,NULL,https://wikidata.org/wiki/Q13580762,NULL,NULL,NULL,NULL
22.165174,37.480046,"Sanctuary of Poseidon at Trikolonoi, on hill","Arcadia Bk8",Trikolonoi,['hieron'],['8.35.6'],Trikolonoi,NULL,NULL,https://wikidata.org/wiki/Q134037065,NULL,NULL,NULL,NULL
23.34285,37.997,"Dionysion in Megara","Megarid Bk1","Megara (Megarid)",['hieron'],['1.43.5'],"Megara (Megarid)",NULL,NULL,https://wikidata.org/wiki/Q124644655,https://resource.manto.unh.edu/10210588,NULL,NULL,NULL
21.998,37.134,"Balyra river (Messenia)","Messenia Bk4","Messenia Bk4",['potamos'],['4.33.3'],NULL,https://pleiades.stoa.org/places/570146,https://topostext.org/place/373218WBal,https://wikidata.org/wiki/Q25018997,NULL,NULL,NULL,NULL
22.756111,37.730833,"Tomb of Electra in Mycenae","Argolid Bk2",Mycenae,['mnema'],['2.16.7'],Mycenae,NULL,NULL,NULL,https://resource.manto.unh.edu/10159507,NULL,NULL,NULL
22.2805645,37.029321,Pharis,"Lakonia Bk3","Lakonia Bk3",['settlement'],"['3.2.6','3.20.3','4.16.8','4.31.1']",NULL,https://pleiades.stoa.org/places/570591,NULL,https://wikidata.org/wiki/Q16566337,NULL,NULL,NULL,NULL
22.1741,37.5395,Knauson,"Arcadia Bk8",Eutresia,['settlement'],['8.27.3'],Eutresia,https://pleiades.stoa.org/places/573293,NULL,https://wikidata.org/wiki/Q39081812,NULL,NULL,NULL,NULL
22.7214,37.6305,"Tomb of Gorgophone in Argos agora","Argolid Bk2","Agora of Argos",['mnema'],['2.21.7'],"Agora of Argos",NULL,NULL,NULL,https://resource.manto.unh.edu/10185383,NULL,NULL,NULL
23.243591,37.385218,"Temple of Isis in Hermione","Hermionis Bk2",Hermione,['naos'],['2.34.10'],Hermione,NULL,NULL,NULL,NULL,NULL,NULL,NULL
23.354208,40.296525,Olynthos,"Macedonia (Europe)","Chalcidike region (Chalkidike)",['settlement'],"['1.29.7','3.5.9','6.17.5']",NULL,https://pleiades.stoa.org/places/491678,NULL,https://wikidata.org/wiki/Q1141669,NULL,NULL,NULL,NULL
22.704926,38.554265,Tronis,"Phokis Bk10","Phokis Bk10",['chora'],['10.4.10'],NULL,https://pleiades.stoa.org/places/541015,NULL,https://wikidata.org/wiki/Q17563248,NULL,Patronis,NULL,NULL
21.3746,37.8917,"south stoa of Elis agora, Doric, three sections divided by columns","Eleia Bk5 Bk6","Agora of Elis",['stoa'],['6.24.2'],"Agora of Elis",NULL,NULL,NULL,NULL,NULL,NULL,NULL
23.545847,38.415804,"Sanctuary of Demeter Mykalêsia between Mykalessos and the sea.","Boiotia Bk9",Mykalessos,['hieron'],['9.19.5'],Mykalessos,https://pleiades.stoa.org/places/543678,NULL,https://wikidata.org/wiki/Q134040027,https://resource.manto.unh.edu/10773521,NULL,NULL,NULL
23.34285,37.997,"Pandion hero shrine in Megara","Megarid Bk1","Megara (Megarid)",['heroon'],"['1.39.4','1.41.6']","Megara (Megarid)",NULL,NULL,https://wikidata.org/wiki/Q124644626,NULL,NULL,NULL,NULL
27.517573,38.5829,"sanctuary of Meter Plastena near Magnesia","Asia Minor (Asia)","Magnesia ad Sipylum",['hieron'],['5.13.7'],NULL,https://pleiades.stoa.org/places/550736,NULL,https://wikidata.org/wiki/Q1404385,NULL,NULL,NULL,NULL
22.747,37.624,"Pyramid-shaped structure on Argos-Epidauros road, on the right","Argolid Bk2","road Argos to Epidaurus","['oikema','polyandrion']",['2.25.7'],NULL,NULL,NULL,NULL,NULL,"with Argive shields",NULL,NULL
22.478,36.979,"Temple of Dionysos at Brysiai","Lakonia Bk3","Bryseai (Lakonia)",['naos'],['3.20.3'],"Bryseai (Lakonia)",NULL,NULL,https://wikidata.org/wiki/Q124616513,NULL,NULL,NULL,NULL
21.7404,38.2434,"Tomb of Patreus in agora of Patrae","Achaia Bk7","Agora of Patrae",['mnema'],['7.20.5'],"Agora of Patrae",NULL,NULL,NULL,https://resource.manto.unh.edu/10274389,NULL,NULL,NULL
22.7214,37.6305,"Temple of Hera Antheia at Argos agora","Argolid Bk2","Agora of Argos",['naos'],['2.22.1'],"Agora of Argos",NULL,NULL,NULL,NULL,NULL,NULL,NULL
22.31536,37.724716,"Sanctuary of Aphrodite at Orchomenos, Arkadia","Arcadia Bk8","Orchomenos (Arcadia)",['hieron'],['8.13.2'],"Orchomenos (Arcadia)",NULL,NULL,https://wikidata.org/wiki/Q134037113,NULL,NULL,NULL,NULL
22.607216,39.290562,"Eretria (Thessaly)","Hellas (Europe)",Thessalia,['chora'],['7.10.2'],NULL,https://pleiades.stoa.org/places/540767,NULL,https://wikidata.org/wiki/Q42114739,NULL,NULL,NULL,NULL
25.738816,35.257679,Olous,Crete,Crete,['polis'],['9.40.3'],NULL,https://pleiades.stoa.org/places/589959,NULL,https://wikidata.org/wiki/Q2215268,NULL,NULL,NULL,NULL
27.6022,40.2674,"Tomb of Memnon near Aisepos river in Hellespont, visited by Memnonides birds","Asia Minor (Asia)",Hellespontus,['mnema'],['10.31.6'],NULL,NULL,NULL,NULL,https://resource.manto.unh.edu/10274627,NULL,NULL,NULL
26.117749999999997,39.536211,"Fountain at Smintheion shrine in Troad, by tomb of Sibylla","Asia Minor (Asia)",Smintheion,['pege'],['10.12.6'],Smintheion,NULL,NULL,NULL,NULL,NULL,NULL,NULL
23.7257,37.9717,"Acropolis slope where Persians entered","Athenai Bk1","Athenian Acropolis (Athens)","['mythic site']",['1.18.2'],"Athenian Acropolis (Athens)",NULL,NULL,NULL,NULL,NULL,NULL,NULL
21.62932,37.63923,"Banqueting room of the Eleans inside the Prytaneion, opposite the room of the Hearth.","Eleia Bk5 Bk6","Prytaneion (Olympia)",['thalamos'],['5.15.12'],"Prytaneion (Olympia)",NULL,NULL,NULL,NULL,NULL,NULL,NULL
22.7195,37.6316,"Tomb of Deianeira in Argos","Argolid Bk2","Argos (Argolid)",['mnema'],['2.23.5'],"Argos (Argolid)",NULL,NULL,NULL,https://resource.manto.unh.edu/10187127,NULL,NULL,NULL
23.581173,38.30019833,"Asopos (river)","Boiotia Bk9","Boiotia Bk9",['potamos'],"['2.5.2','2.6.1','2.6.4','5.14.3','9.1.1','9.1.2','9.3.7','9.4.4','9.8.1']",NULL,https://pleiades.stoa.org/places/540672,NULL,https://wikidata.org/wiki/Q2737429,NULL,NULL,NULL,NULL
31.58297,39.33149,Pessinous/Iustinianoupolis,"Asia Minor (Asia)",Phrygia,['settlement'],"['1.4.5','7.17.10','7.17.11']",NULL,https://pleiades.stoa.org/places/609500,NULL,https://wikidata.org/wiki/Q728353,NULL,NULL,NULL,NULL
12.432028,44.952389,"sands of the Eridanus river, source of amber","Italia (Europe)","Padus/Eridanus (river)",['potamos'],['5.12.7'],"Padus/Eridanus (river)",NULL,NULL,NULL,NULL,NULL,NULL,NULL
15.885196,42.7752864,"Adriaticum/Superum Mare",NULL,"Internum Mare",['thalassa'],['8.54.3'],NULL,https://pleiades.stoa.org/places/1004,NULL,https://wikidata.org/wiki/Q13924,NULL,NULL,NULL,NULL
27.453939999999996,38.5668,"Tomb of Tantalus son of Zeus on Mt. Sipylos","Asia Minor (Asia)",Sipylos,['mnema'],"['2.22.3','5.13.7']",Sipylos,NULL,NULL,NULL,https://resource.manto.unh.edu/10186979,NULL,NULL,NULL
26.23873,39.9577,"Walls of Troy, destroyed by Epeios","Asia Minor (Asia)",Ilium,['teichos'],['10.26.2'],Ilium,NULL,NULL,NULL,NULL,NULL,NULL,NULL
23.3178,38.3191,"Sanctuary of Zeus Hypsistos at Thebes","Boiotia Bk9","Thebes (Boeotia)",['hieron'],['9.8.5'],"Thebes (Boeotia)",NULL,NULL,https://wikidata.org/wiki/Q134037867,https://resource.manto.unh.edu/10771941,NULL,NULL,NULL
22.9925,37.8824,"Sanctuary of Isis at Kenchreai harbor","Corinthia Bk2","Kenchreai (Korinthia)",['hieron'],['2.2.3'],"Kenchreai (Korinthia)",NULL,NULL,https://wikidata.org/wiki/Q134037640,NULL,NULL,NULL,NULL
22.7195,37.6316,"Tomb of the maenad Choreia at Argos","Argolid Bk2","Argos (Argolid)",['mnema'],['2.20.4'],"Argos (Argolid)",NULL,NULL,NULL,https://resource.manto.unh.edu/10185322,NULL,NULL,NULL
21.630126,37.637849,"fence surrounding the altar of Zeus Kataibatos in Olympia","Eleia Bk5 Bk6",Olympia,['toichos'],['5.14.10'],Olympia,NULL,NULL,NULL,NULL,NULL,NULL,NULL
22.50151,38.48254,"Second temple of Apollo at Delphi, of beeswax and feathers","Phokis Bk10","Sanctuary of Pythian Apollo at Delphi",['naos'],['10.5.9'],"Sanctuary of Pythian Apollo at Delphi",NULL,NULL,NULL,NULL,NULL,NULL,NULL
22.19618,37.62492,Phalanthon,"Arcadia Bk8","Phalanthon Mons",['polis'],['8.35.9'],"Phalanthon Mons",https://pleiades.stoa.org/places/573443,NULL,https://wikidata.org/wiki/Q16331956,NULL,NULL,NULL,NULL
22.4237,37.0821,"Sanctuary of Kastor built over his tomb in Sparta","Lakonia Bk3",Sparta,['hieron'],['3.13.1'],Sparta,NULL,NULL,https://wikidata.org/wiki/Q124616439,NULL,NULL,NULL,NULL
21.997485,37.549082,Bouphagion,"Arcadia Bk8","Arcadia Bk8",['settlement'],['8.26.8'],NULL,https://pleiades.stoa.org/places/570164,NULL,https://wikidata.org/wiki/Q60791755,NULL,NULL,NULL,NULL
22.1273,37.4124,"Bouleuterion of Megalopolis left of portrait of Polybios","Arcadia Bk8","Megalopolis (Arkadia)",['bouleuterion'],['8.30.9'],"Megalopolis (Arkadia)",NULL,NULL,NULL,NULL,NULL,NULL,NULL
23.034484,38.512851,Aspledon,"Boiotia Bk9","Boiotia Bk9",['polis'],['9.38.9'],NULL,https://pleiades.stoa.org/places/540673,https://topostext.org/place/385230UAsp,https://wikidata.org/wiki/Q12874125,NULL,NULL,NULL,NULL
23.088,36.787,Zarax,"Lakonia Bk3","Lakonia Bk3",['polis'],"['1.38.4','3.21.7','3.24.1','3.24.2']",NULL,https://pleiades.stoa.org/places/570761,NULL,https://wikidata.org/wiki/Q11955563,NULL,NULL,NULL,NULL
26.2536135,37.6136166,"promontory of Ikaria island on which Ikaros was buried","Aegean Sea (Hellas)","Ikaros (island)",['akra'],['9.11.5'],"Ikaros (island)",NULL,NULL,NULL,NULL,NULL,NULL,NULL
21.657,37.671,"Cave of Pholus the centaur","Eleia Bk5 Bk6","Pholoe Mt. (Eleia)","['mythical place','spelaion']",['3.18.10'],"Pholoe Mt. (Eleia)",NULL,NULL,NULL,NULL,NULL,NULL,NULL
22.450621,38.428937,"Pipe carrying water of Pleistos river to Kirra","Phokis Bk10",Kirra,['aqueduct'],['10.37.7'],Kirra,NULL,NULL,NULL,NULL,NULL,NULL,NULL
21.724777,37.439599,"Temple of Zeus Leucaeus, Lepreon","Eleia Bk5 Bk6",Lepreon,['naos'],['5.5.5'],Lepreon,NULL,NULL,NULL,NULL,NULL,NULL,NULL
23.2505528,38.1850025,"Kithairon (mountain)","Boiotia Bk9",Plataiis,['oros'],"['1.38.8','1.38.9','1.41.4','1.41.6','10.5.3','9.1.2','9.13.7','9.2.1','9.2.4','9.3.7','9.3.9']",NULL,https://pleiades.stoa.org/places/540714,NULL,https://wikidata.org/wiki/Q1147780,NULL,Cithaeron,NULL,NULL
16.2544973,39.3801999,"Crathis/Crater (river)","Italia (Europe)","Italia (Europe)",['potamos'],"['7.25.11','8.15.9']",NULL,https://pleiades.stoa.org/places/452315,NULL,https://wikidata.org/wiki/Q660005,NULL,NULL,NULL,NULL
26.75261,38.6684,"Temple of Athena at Phokaia","Asia Minor (Asia)",Phocaea,['naos'],['7.5.4'],Phocaea,NULL,NULL,NULL,NULL,NULL,NULL,NULL
22.262624,37.766264,"Plain of Kaphyai","Arcadia Bk8",Kaphyai,['pedion'],"['8.23.2','8.23.3']",Kaphyai,NULL,NULL,NULL,NULL,NULL,NULL,NULL
21.9195,37.1779,"Temple of Messene in Messene","Messenia Bk4","Messene (Messenia)",['naos'],['4.31.11'],"Messene (Messenia)",NULL,NULL,NULL,NULL,NULL,NULL,NULL
22.8947,37.9046,"Tomb of Lais at Craneion grove, Corinth","Corinthia Bk2",Kraneion,['mnema'],['2.2.4'],Kraneion,NULL,NULL,NULL,NULL,NULL,NULL,NULL
21.518,37.901,"Pylos (Eleia)","Eleia Bk5 Bk6","Eleia Bk5 Bk6",['settlement'],"['2.18.7','4.1.3','4.36.1','5.3.1','6.22.5','6.22.6','6.25.2','6.25.3']",NULL,https://pleiades.stoa.org/places/570639,https://topostext.org/place/373216PPyl,https://wikidata.org/wiki/Q7263101,NULL,NULL,NULL,NULL
23.848889,40.785833,Edones,"Thrace (Europe)","Thrace (Europe)",['chora'],"['1.29.4','10.33.2']",NULL,https://pleiades.stoa.org/places/501409,NULL,https://wikidata.org/wiki/Q3719711,NULL,NULL,NULL,NULL
22.05141,37.11343,"Meteoros high ground at Thouria's original settlement","Messenia Bk4",Thouria,['koryphe'],['4.31.2'],Thouria,NULL,NULL,NULL,NULL,NULL,NULL,NULL
23.34285,37.997,"straight street in Megara","Megarid Bk1","Megara (Megarid)",['hodos'],['1.44.2'],"Megara (Megarid)",NULL,NULL,NULL,NULL,NULL,NULL,NULL
16.23715,38.20782,"Lokroi Epizephyrioi","Italia (Europe)","Italia (Europe)",['polis'],"['3.3.1','6.6.4']",NULL,https://pleiades.stoa.org/places/452369,NULL,https://wikidata.org/wiki/Q3836325,NULL,NULL,NULL,NULL
23.34285,37.997,"mountains above Megara","Megarid Bk1","Megara (Megarid)",['oros'],['1.41.2'],"Megara (Megarid)",NULL,NULL,https://wikidata.org/wiki/Q124644621,NULL,NULL,NULL,NULL
22.15,37.45,Parrasia,"Arcadia Bk8","Arcadia Bk8",['chora'],"['8.27.2','8.27.4','8.38.3']",NULL,https://pleiades.stoa.org/places/570564,NULL,https://wikidata.org/wiki/Q7139774,NULL,Parrhasia,NULL,NULL
23.3178,38.3191,"House of Amphitryon in Thebes, in ruins, left of the Electra gate","Boiotia Bk9","Thebes (Boeotia)",['oikia'],['9.11.1'],"Thebes (Boeotia)",NULL,NULL,NULL,NULL,NULL,NULL,NULL
27.535590000000003,37.83698,"Lethaios (river, Asia Minor)","Asia (continent)","Ionia (region)",['potamos'],"['1.35.6','10.32.6','5.21.10','6.17.3']",NULL,https://pleiades.stoa.org/places/599765,NULL,NULL,NULL,NULL,NULL,NULL
24.506303000000003,37.154596,"Seriphos (settlement)","Aegean Sea (Hellas)","Cyclades region (Aegean)",['nesos'],['2.18.1'],NULL,https://pleiades.stoa.org/places/590043,NULL,https://wikidata.org/wiki/Q217214,NULL,NULL,NULL,NULL
22.992664,37.9158514,"Pine trees at Poseidon sanctuary (Isthmia)","Corinthia Bk2","Isthmian Poseidon sanctuary at Isthmia",['peuke'],['2.1.7'],"Isthmian Poseidon sanctuary at Isthmia",NULL,NULL,NULL,NULL,NULL,NULL,NULL
22.3777,38.1286,"Sanctuary of Ourania at Aigeira","Achaia Bk7","Aigeira (Achaia)",['hieron'],['7.26.7'],"Aigeira (Achaia)",NULL,NULL,https://wikidata.org/wiki/Q134037154,NULL,NULL,NULL,NULL
22.678,37.96,"Temple of the Eumenides on Sicyon-Titane road","Sikyonia Bk2","Oak grove of the Eumenides on Sicyon - Titane road.",['naos'],['2.11.4'],"Oak grove of the Eumenides on Sicyon - Titane road.",NULL,NULL,NULL,NULL,NULL,NULL,NULL
22.7145,37.9834,"Sanctuary of Dionysos at Sicyon","Sikyonia Bk2","Sicyon (Sikyonia)",['hieron'],['2.7.5'],"Sicyon (Sikyonia)",NULL,NULL,https://wikidata.org/wiki/Q134037382,https://resource.manto.unh.edu/10158747,NULL,NULL,NULL
23.72372,37.97242,"Semnai Theai shrine at the Areius Pagus","Athenai Bk1","Areios Pagos",['hieron'],['1.28.6'],NULL,NULL,https://topostext.org/place/380237SSem,https://wikidata.org/wiki/Q116332640,NULL,"Sanctuary of the Eumenides in Athens",NULL,NULL
22.706912,36.992193,"Springs of drinking water around agora of Geronthrai","Lakonia Bk3",Geronthrai,['pege'],['3.22.7'],Geronthrai,NULL,NULL,NULL,NULL,NULL,NULL,NULL
21.7404,38.2434,"Temple of Olympian Zeus in agora of Patrae","Achaia Bk7","Agora of Patrae",['naos'],['7.20.3'],"Agora of Patrae",NULL,NULL,NULL,NULL,NULL,NULL,NULL
22.6879,37.5961,"trees below Mt. Chaon","Argolid Bk2","springs of Erasinos below Mt. Chaon, Argolid","['hemera dendra']",['2.24.6'],"springs of Erasinos below Mt. Chaon, Argolid",NULL,NULL,NULL,NULL,NULL,NULL,NULL
15.5555232,38.1923323,"Sanctuary of Heracles Manticlus in Messene/Zancle","Sicilia (island)",Zancle/Messana,['hieron'],['4.23.10'],Zancle/Messana,NULL,NULL,https://wikidata.org/wiki/Q134036735,NULL,NULL,NULL,NULL
25.3767,37.1065,"Naxos island polis","Aegean Sea (Hellas)","Cyclades region (Aegean)",['polis'],"['5.10.3','6.16.5']",NULL,https://pleiades.stoa.org/places/599821,NULL,https://wikidata.org/wiki/Q96575378,NULL,NULL,NULL,NULL
22.890275,37.144402,"Sanctuary of Achilles at Brasiai","Lakonia Bk3","Brasiae (Laconia)",['hieron'],['3.24.5'],"Brasiae (Laconia)",NULL,NULL,https://wikidata.org/wiki/Q124616477,NULL,NULL,NULL,NULL
22.62501,37.92049,"Four pits in Titane where secret rites are performed","Corinthia Bk2",Titane,['bothros'],['2.12.1'],Titane,NULL,NULL,NULL,NULL,NULL,NULL,NULL
23.3484,37.5033,"Troizen (Troizenia)","Troizenia Bk2","Troizenia Bk2",['polis'],"['1.22.2','1.25.4','1.27.7','1.8.2','10.5.6','2.1.4','2.30.9','2.31.4','2.31.9','2.32.6','2.34.1','2.34.12','5.23.2','8.1.1']",NULL,https://pleiades.stoa.org/places/570756,https://topostext.org/place/375234PTro,https://wikidata.org/wiki/Q581494,NULL,Troezen,NULL,NULL
23.25,38.35,"disputed border between Thebes and Plataea","Boiotia Bk9","Boiotia Bk9",['horos'],['9.6.1'],"Boiotia Bk9",NULL,NULL,NULL,NULL,NULL,NULL,NULL
22.9154,38.58006,"theater of Abai","Phokis Bk10",Abai,['theatron'],['10.35.4'],Abai,NULL,NULL,NULL,NULL,NULL,NULL,NULL
23.72641,37.97209,"Boutes altar, Athens","Athenai Bk1","Athenai Bk1",['bomos'],['1.26.5'],NULL,NULL,https://topostext.org/binder/JB0760,NULL,NULL,NULL,NULL,NULL
22.4237,37.0821,"Acropolis of Sparta","Lakonia Bk3",Sparta,['acropolis'],['3.17.1'],Sparta,NULL,NULL,https://wikidata.org/wiki/Q38281363,NULL,NULL,NULL,NULL
22.7214,37.6305,"Temple of Asklepios at Argos agora","Argolid Bk2","Agora of Argos",['naos'],['2.21.1'],"Agora of Argos",NULL,NULL,NULL,NULL,NULL,NULL,NULL
21.842,37.4075,"Polyandrion of the Oresthasians in agora of Phigaleia","Arcadia Bk8","Agora of Phigaleia",['polyandrion'],['8.41.1'],"Agora of Phigaleia",NULL,NULL,NULL,NULL,NULL,NULL,NULL
22.307,37.9117,"Stadium of Pheneos below acropolis","Arcadia Bk8",Pheneos,['stadion'],['8.14.9'],Pheneos,NULL,NULL,NULL,NULL,NULL,NULL,NULL
22.5,42.5,"Macedonia (Europe)",Europe,"Hellas (Europe)","['major region']","['10.20.5','10.33.3','10.8.4','3.6.8','5.5.1','5.8.11','6.4.10','6.5.5','7.10.7','7.13.1','7.15.11','7.15.2','7.16.1','7.17.2','7.25.6','7.7.7','7.8.3','7.8.8','8.49.5','8.49.6','8.8.11','8.8.12','9.40.8','9.40.9']",NULL,https://pleiades.stoa.org/places/491656,https://topostext.org/place/408225RMak,https://wikidata.org/wiki/Q81734,NULL,NULL,NULL,NULL
22.237649,36.884777,Kardamyle,"Lakonia Bk3","Lakonia Bk3",['settlement'],['3.26.7'],NULL,https://pleiades.stoa.org/places/570330,NULL,https://wikidata.org/wiki/Q16542973,NULL,NULL,NULL,NULL
22.141115,37.468145,"temple of Demeter and Artemis at Zoitia","Arcadia Bk8",Zoitia,['naos'],['8.35.7'],Zoitia,NULL,NULL,NULL,NULL,NULL,NULL,NULL
22.875,38.4312,"Trophonius oracle (Boeotia)","Boiotia Bk9","Boiotia Bk9",['hieron'],"['4.16.7','9.37.7','9.39.2']",NULL,https://pleiades.stoa.org/places/373984234,https://topostext.org/place/384229STro,https://wikidata.org/wiki/Q12880663,NULL,NULL,NULL,NULL
22.31536,37.724716,"Agora of ancient Orchomenos in ruins on summit of mountain","Arcadia Bk8","Orchomenos (Arcadia)",['agora'],['8.13.2'],"Orchomenos (Arcadia)",NULL,NULL,https://wikidata.org/wiki/Q133963457,NULL,NULL,NULL,NULL
22.6252,37.9313,"Gonousa fort (Korinthia)","Corinthia Bk2","Corinthia Bk2",['settlement'],"['2.4.4','5.18.7']",NULL,https://pleiades.stoa.org/places/573235,https://topostext.org/place/379226FGon,https://wikidata.org/wiki/Q5582063,NULL,NULL,NULL,NULL
22.19618,37.62492,"Phalanthon Mons","Arcadia Bk8","Arcadia Bk8",['oros'],['8.35.9'],NULL,https://pleiades.stoa.org/places/570588,NULL,https://wikidata.org/wiki/Q122149223,NULL,NULL,https://imperium.ahlfeldt.se/places/43556,NULL
22.33439,38.1705,"Gaios sanctuary of Ge Eurysternos, Achaia","Achaia Bk7","Achaia Bk7",['hieron'],['7.25.13'],NULL,NULL,NULL,https://wikidata.org/wiki/Q134037132,NULL,NULL,NULL,NULL
22.737804,37.581685,"Tomb of Tēmenus in Tēmenion","Argolid Bk2",Temenion,['mnema'],['2.38.1'],Temenion,NULL,NULL,NULL,https://resource.manto.unh.edu/10191957,NULL,NULL,NULL
23.3484,37.5033,"Sanctuary of Apollo Thearios at Troizen, very ancient","Troizenia Bk2","Troizen (Troizenia)",['hieron'],['2.31.6'],"Troizen (Troizenia)",NULL,NULL,https://wikidata.org/wiki/Q134038017,https://resource.manto.unh.edu/10214846,NULL,NULL,NULL
29.408,38.681,"Temenou Thyrae","Asia Minor (Asia)",Phrygia,['settlement'],['1.35.7'],NULL,https://pleiades.stoa.org/places/609549,NULL,https://wikidata.org/wiki/Q85805515,NULL,Temenothyra,NULL,NULL
22.7195,37.6316,"Sanctuary of Poseidon Prosklystios in Argos","Argolid Bk2","Argos (Argolid)",['hieron'],['2.22.4'],"Argos (Argolid)",NULL,NULL,https://wikidata.org/wiki/Q134037456,NULL,NULL,NULL,NULL
21.845,37.658,"Touthoa (river)","Arcadia Bk8","Arcadia Bk8",['potamos'],['8.25.12'],NULL,https://pleiades.stoa.org/places/570743,NULL,NULL,NULL,NULL,NULL,NULL
23.7329,37.9686,"Enneakrounos fountain, Athens","Athenai Bk1","Athenai Bk1",['pege'],['1.14.1'],NULL,NULL,https://topostext.org/binder/JB1280,NULL,NULL,NULL,NULL,NULL
23.8068,38.0263,"Altars of Dionysus Anthius and the Ismenid Nymphas at Phyleus","Attica Bk1",Phlya,['bomos'],['1.31.4'],NULL,NULL,NULL,https://wikidata.org/wiki/Q124644570,NULL,NULL,NULL,NULL
21.551425,38.144625,"tomb of Oibotas in chora of Dyme","Achaia Bk7","Dymaean chora",['mnema'],['7.17.13'],Dyme,NULL,NULL,NULL,NULL,NULL,NULL,NULL
21.738518,38.243265,"Temple of Aphrodite near theater at Patrae","Achaia Bk7",Patrae,['naos'],['7.20.9'],Patrae,NULL,NULL,NULL,NULL,NULL,NULL,NULL
22.429,37.464,"temple of Demeter and Kore Karpophoroi at Tegea","Arcadia Bk8","Tegea (Arkadia)",['naos'],['8.53.7'],"Tegea (Arkadia)",NULL,NULL,NULL,NULL,NULL,NULL,NULL
22.413941,38.077545,Phelloe,"Achaia Bk7","Achaia Bk7",['settlement'],"['7.26.10','7.26.11']",NULL,https://pleiades.stoa.org/places/570594,NULL,https://wikidata.org/wiki/Q16473204,NULL,NULL,NULL,NULL
26.95080175,38.84644288,Aeolis,"Asia (continent)","Asia Minor (Asia)",['chora'],"['3.2.1','5.24.6','7.5.1']",NULL,https://pleiades.stoa.org/places/550406,NULL,https://wikidata.org/wiki/Q255325,NULL,NULL,NULL,NULL
22.4237,37.0821,"Temple of Kore the Savior at Sparta","Lakonia Bk3",Sparta,['naos'],['3.13.2'],Sparta,NULL,NULL,https://wikidata.org/wiki/Q124616500,NULL,NULL,NULL,NULL
21.63042,37.63794,"Zeus temple (Olympia)","Eleia Bk5 Bk6","Altis sacred grove (Olympia)",['naos'],"['5.10.10','5.10.2','5.10.3','5.10.4','5.10.5','5.10.9','5.12.4','5.12.5','5.12.8','5.13.1','5.14.4','5.14.5','5.24.1','5.24.3','5.25.1','5.25.8']",NULL,NULL,https://topostext.org/place/376216SOZe,https://wikidata.org/wiki/Q197019,NULL,"temple of Olympian Zeus at Olympia",NULL,NULL
22.905228,38.596346,"temple of Artemis at Hyampolis","Phokis Bk10",Hyampolis,['naos'],['10.35.7'],Hyampolis,NULL,NULL,NULL,NULL,NULL,NULL,NULL
23.1743,38.2647,"Leuktra (Boeotia)","Boiotia Bk9","Boiotia Bk9","['battlefield','settlement']","['1.13.4','1.13.5','1.29.11','1.3.4','10.11.5','3.6.1','6.3.3','7.6.8','8.27.8','8.6.2','8.8.10','9.1.8','9.13.3','9.13.4','9.13.5','9.14.1','9.14.3','9.16.5','9.6.4','9.6.5']",NULL,https://pleiades.stoa.org/places/540913,https://topostext.org/place/383231ULeu,https://wikidata.org/wiki/Q2606004,NULL,Leuctra,NULL,NULL
35.209358,33.268071,"Tyrus/Col. Septimia Severa","Asia (continent)",Phoenice,['polis'],"['5.25.12','7.5.5']",NULL,https://pleiades.stoa.org/places/678437,NULL,https://wikidata.org/wiki/Q58455019,NULL,NULL,NULL,NULL
23.448834,38.498583,"Temple of Demeter and the Child in Anthedon","Boiotia Bk9",Anthedon,['naos'],['9.22.5'],Anthedon,NULL,NULL,NULL,NULL,NULL,NULL,NULL
22.7747,37.6919,"Temple of Hera at the Argive Heraion","Argolid Bk2","Argive Heraion (Argolid)",['naos'],['2.17.7'],"Argive Heraion (Argolid)",NULL,NULL,NULL,NULL,NULL,NULL,NULL
40.93640094,34.74942378,"Euphrates (river)","Asia (continent)","Asia (continent)",['potamos'],"['10.29.4','2.5.3','4.34.2']",NULL,https://pleiades.stoa.org/places/912849,NULL,https://wikidata.org/wiki/Q34589,NULL,NULL,NULL,NULL
23.34285,37.997,"Megara (Megarid)","Megarid Bk1","Megarid Bk1",['polis'],"['1.35.2','1.36.3','1.39.1','1.39.4','1.39.5','1.39.6','1.40.1','1.41.2','1.41.5','1.41.6','1.41.7','1.43.3','1.43.5','1.44.2','1.44.4','1.44.6','1.5.3','1.5.4','10.11.6','2.34.7','4.36.1','5.23.5','5.26.7','6.7.2','7.15.10','9.2.3']",NULL,https://pleiades.stoa.org/places/570468,https://topostext.org/place/380233PMeg,https://wikidata.org/wiki/Q42307600,NULL,NULL,NULL,NULL
22.51748,36.68812,"Altar of Zeus south of Skyras river","Lakonia Bk3","Skyras river (Lakonia)",['bomos'],['3.25.1'],NULL,NULL,NULL,NULL,NULL,NULL,NULL,NULL
21.864,37.532,"Altar of Zeus Lecheates (of childbed) in Alipheira","Arcadia Bk8",Alipheira,['bomos'],['8.26.6'],Alipheira,NULL,NULL,NULL,NULL,NULL,NULL,NULL
24.019611,35.517333,Kydonia,Crete,Crete,['polis'],"['10.2.7','6.21.6','8.53.4']",NULL,https://pleiades.stoa.org/places/589886,NULL,https://wikidata.org/wiki/Q1481525,NULL,NULL,NULL,NULL
28.723217,37.709463,"Aphrodisias (Caria)","Asia Minor (Asia)","Caria region",['settlement'],['1.26.5'],NULL,https://pleiades.stoa.org/places/638753,NULL,https://wikidata.org/wiki/Q618495,NULL,NULL,NULL,NULL
21.892903,37.871725,Psophis,"Arcadia Bk8","Arcadia Bk8",['polis'],"['8.24.1','8.24.10','8.24.13','8.24.2','8.24.3','8.24.7','8.24.8','8.25.1']",NULL,https://pleiades.stoa.org/places/570638,NULL,https://wikidata.org/wiki/Q1187304,NULL,NULL,NULL,NULL
23.235,37.3884,"Pron M.","Hermionis Bk2",Hermione,['oros'],"['2.34.11','2.35.4','2.36.1','2.36.2']",NULL,https://pleiades.stoa.org/places/573481,NULL,https://wikidata.org/wiki/Q115795907,NULL,NULL,NULL,NULL
22.1273,37.4124,"Sanctuary of the Muses, Apollo, Hermes, ruins, in Megalopolis","Arcadia Bk8","Megalopolis (Arkadia)",['hieron'],['8.32.2'],"Megalopolis (Arkadia)",NULL,NULL,https://wikidata.org/wiki/Q134037032,NULL,NULL,NULL,NULL
23.243591,37.385218,"Wall of Hermione","Hermionis Bk2",Hermione,['teichos'],['2.34.11'],Hermione,NULL,NULL,NULL,NULL,NULL,NULL,NULL
27.789696999999997,37.316871,"Sanctuary of Osogoa at Mylasa in Caria","Asia Minor (Asia)",Mylasa,['hieron'],['8.10.4'],Mylasa,NULL,NULL,https://wikidata.org/wiki/Q134038481,NULL,NULL,NULL,NULL
22.4237,37.0821,"Sanctuary of Asklepios at Sparta near club of the Krotanoi","Lakonia Bk3",Sparta,['hieron'],['3.14.2'],Sparta,NULL,NULL,https://wikidata.org/wiki/Q124616350,NULL,NULL,NULL,NULL
27.43339,38.6125,"Magnesia ad Sipylum","Asia Minor (Asia)","Lydia (province)",['settlement'],['1.20.5'],NULL,https://pleiades.stoa.org/places/550706,NULL,https://wikidata.org/wiki/Q920866,NULL,NULL,NULL,NULL
27.1,37.5,"River flowing under sea from Mt. Mycale to Panormos","Asia Minor (Asia)","Ionia (region)","['potamos','thalassa']",['5.7.5'],NULL,NULL,NULL,NULL,NULL,NULL,NULL,NULL
22.374,38.53,"Acropolis of Amphissa","Ozolian Lokris Bk10","Amphissa of Ozolian Locris",['acropolis'],['10.38.5'],"Amphissa of Ozolian Locris",NULL,NULL,https://wikidata.org/wiki/Q133963409,NULL,NULL,NULL,NULL
29.025789,40.983393,Chalcedon,"Asia Minor (Asia)","Bithynia (region)",['polis'],['5.17.4'],NULL,https://pleiades.stoa.org/places/520988,NULL,https://wikidata.org/wiki/Q337381,NULL,NULL,NULL,NULL
21.4313,37.6729,"Lake with 3 stadia diameter beyond Letrinoi","Eleia Bk5 Bk6","Letrinoi (Eleia)",['limne'],['6.22.11'],"Letrinoi (Eleia)",NULL,NULL,NULL,NULL,NULL,NULL,NULL
26.333333,37.5,"Ikarion Mare","Aegean Sea (Hellas)","Aegean Sea (Hellas)",['thalassa'],['9.11.5'],NULL,https://pleiades.stoa.org/places/599668,NULL,https://wikidata.org/wiki/Q1640853,NULL,NULL,NULL,NULL
22.4474,37.024,"Agamemnon/Alexandra sanctuary (Lakonia)","Lakonia Bk3","Amyclae (Laconia)",['hieron'],['3.19.6'],NULL,NULL,https://topostext.org/place/370224SAgA,https://wikidata.org/wiki/Q111081967,NULL,NULL,NULL,NULL
22.1273,37.4124,"Sanctuary of the Maniai, 7 stadia from Megalopolis left of the Messene highway","Arcadia Bk8","Megalopolis (Arkadia)",['hieron'],['8.34.1'],"Megalopolis (Arkadia)",NULL,NULL,https://wikidata.org/wiki/Q134037001,NULL,NULL,NULL,NULL
23.243591,37.385218,"Temple of Dionysus Melaenaegis in Hermione, near the temple of Demeter Thermasia","Hermionis Bk2",Hermione,['naos'],['2.35.1'],Hermione,NULL,NULL,NULL,NULL,NULL,NULL,NULL
21.374,37.89,"Sanctuary of Tyche in Elis","Eleia Bk5 Bk6","Elis polis",['hieron'],['6.25.4'],"Elis polis",NULL,https://topostext.org/place/379214STty,https://wikidata.org/wiki/Q107031207,NULL,NULL,NULL,NULL
23.235,37.3884,"Temple of Demeter Chthonia at Hermione","Hermionis Bk2","Sanctuary of Demeter Chthonia in Hermione",['naos'],"['2.35.10','2.35.6','2.35.8','3.14.5']","Sanctuary of Demeter Chthonia in Hermione",NULL,NULL,https://wikidata.org/wiki/Q115806034,NULL,NULL,NULL,NULL
22.959486,38.495082,"Sanctuary of the Graces (Charitôn) at Orchomenos","Boiotia Bk9","Orchomenos (Boeotia)",['hieron'],['9.38.1'],"Orchomenos (Boeotia)",NULL,NULL,https://wikidata.org/wiki/Q134037611,https://resource.manto.unh.edu/10785780,NULL,NULL,NULL
51.50000000000001,30.5,"Persia (Asia)","Asia (continent)","Asia (continent)","['major region']","['1.25.5','10.19.11','3.20.4','3.7.8','4.31.5','8.52.5']",NULL,https://pleiades.stoa.org/places/922698,NULL,https://wikidata.org/wiki/Q3746183,NULL,"Persis, Pars",NULL,NULL
21.842,37.4075,"Temple of Dionysos Akratophoros at Phigaleia","Arcadia Bk8",Phigaleia,['naos'],['8.39.6'],Phigaleia,NULL,NULL,NULL,NULL,NULL,NULL,NULL
22.5047,36.7279,"Temple of Diktynne Artemis on promontory near Las","Lakonia Bk3","Las polis",['naos'],['3.24.9'],"Las polis",NULL,NULL,https://wikidata.org/wiki/Q124616404,NULL,NULL,NULL,NULL
22.13,37.83,"Azania region (Arkadia)","Arcadia Bk8","Arcadia Bk8",['chora'],['8.4.3'],NULL,https://pleiades.stoa.org/places/570143,https://topostext.org/place/378221RAza,https://wikidata.org/wiki/Q60791680,NULL,NULL,NULL,NULL
21.705,37.6378,"Temple of Athena Kydonia at Phrixa","Eleia Bk5 Bk6","Sanctuary of Athena Kydonia at Phrixa",['naos'],['6.21.6'],"Sanctuary of Athena Kydonia at Phrixa",NULL,NULL,https://wikidata.org/wiki/Q107031182,NULL,NULL,NULL,NULL
22.4237,37.0821,"House of Hippokoon at Sparta","Lakonia Bk3",Sparta,['oikia'],['3.15.4'],Sparta,NULL,NULL,https://wikidata.org/wiki/Q124616339,NULL,NULL,NULL,NULL
21.602752,37.609552,"Tomb of Xenophon in Scillous","Eleia Bk5 Bk6",Skillous,['mnema'],['5.6.6'],Skillous,NULL,NULL,NULL,NULL,NULL,NULL,NULL
23.651130999999996,37.93452,Phreattys,"Attica Bk1",Peiraieus/Piraeus,['dikasterion'],['1.28.11'],NULL,https://pleiades.stoa.org/places/580078,NULL,https://wikidata.org/wiki/Q24040803,NULL,NULL,NULL,NULL
22.262624,37.766264,"Stream inside dyke at Kaphyai, flowing into swallow-hole","Arcadia Bk8",Kaphyai,['pege'],['8.23.2'],Kaphyai,NULL,NULL,NULL,NULL,NULL,NULL,NULL
22.8947,37.9046,Kraneion,"Corinthia Bk2","Corinth (Corinthia)",['alsos'],['2.2.4'],NULL,https://pleiades.stoa.org/places/570380,NULL,https://wikidata.org/wiki/Q124657249,NULL,NULL,NULL,NULL
23.722354,37.9036115,"Sanctuary of Demeter Thesmophoros and Kore at Alimous","Attica Bk1",Halimous,['hieron'],['1.31.1'],Halimous,NULL,NULL,https://wikidata.org/wiki/Q134038278,NULL,NULL,NULL,NULL
23.7257,37.9717,"Ge Kourotrophos, sanctuary, Athens","Athenai Bk1","Athenai Bk1",['hieron'],['1.22.3'],NULL,NULL,https://topostext.org/binder/JB1406,https://wikidata.org/wiki/Q134038306,NULL,NULL,NULL,NULL
22.4,37.569,"Phoizôn tomb of Areithos on Tegea-Mantineia road","Arcadia Bk8","highway Mantineia to Tegea",['mnema'],['8.11.4'],NULL,NULL,NULL,NULL,https://resource.manto.unh.edu/10153054,"tomb of Korynetos",NULL,NULL
21.6311,37.639,"Treasury of the Epidamnians I","Eleia Bk5 Bk6","Treasury terrace north of the Heraion, Olympia",['thesauros'],['6.19.8'],"Treasury terrace north of the Heraion, Olympia",NULL,NULL,https://wikidata.org/wiki/Q106956826,NULL,NULL,NULL,NULL
27.5,37.5,"Lydia (province)","Asia Minor (Asia)","Asia Minor (Asia)",['chora'],"['5.27.5','7.17.9']",NULL,https://pleiades.stoa.org/places/991385,NULL,https://wikidata.org/wiki/Q620765,NULL,NULL,NULL,NULL
22.78,37.68,"Prosymna? (Argolid)","Argolid Bk2","Argolid Bk2",['chora'],['2.17.2'],NULL,https://pleiades.stoa.org/places/573485,https://topostext.org/place/377226UPro,https://wikidata.org/wiki/Q20047246,NULL,NULL,NULL,NULL
22.4,38.8,"Malis region (Phthiotis)","Hellas (Europe)",Phthiotis,['chora'],"['1.23.4','10.23.13','10.8.2']",NULL,https://pleiades.stoa.org/places/540930,https://topostext.org/place/388224RMal,https://wikidata.org/wiki/Q11934734,NULL,NULL,NULL,NULL
27.453939999999996,38.5668,"Niobe rock on Mt. Sipylus (seen by Paus 1.21.3","Asia Minor (Asia)",Sipylos,['petra'],"['1.21.3','8.2.7']",Sipylos,NULL,NULL,NULL,NULL,NULL,NULL,NULL
22.19903,37.98841,"Aroania (mountain)","Arcadia Bk8","Achaia Bk7",['oros'],['8.18.7'],NULL,https://pleiades.stoa.org/places/570112,NULL,https://wikidata.org/wiki/Q630782,NULL,NULL,NULL,NULL
22.811,38.658,"stoas at hieron of Athena Kranaia","Phokis Bk10","Sanctuary of Athena Kranaia above Elateia",['stoa'],['10.34.7'],"Sanctuary of Athena Kranaia above Elateia",NULL,NULL,NULL,NULL,NULL,NULL,NULL
22.782061,38.645635,"Tomb of Elatus, possibly","Phokis Bk10",Elateia,['mnema'],['10.34.6'],Elateia,NULL,NULL,NULL,https://resource.manto.unh.edu/10274691,NULL,NULL,NULL
22.992664,37.9158514,"Peribolos of the Poseidon Sanctuary in Isthmia","Corinthia Bk2","Isthmian Poseidon sanctuary at Isthmia",['peribolos'],['2.2.1'],"Isthmian Poseidon sanctuary at Isthmia",NULL,NULL,NULL,NULL,NULL,NULL,NULL
22.74,38.001,"Sanctuary of Poseidon before Helisson river on Sicyon Aristonautai road","Sikyonia Bk2","Sikyonia Bk2",['hieron'],['2.12.2'],NULL,NULL,NULL,https://wikidata.org/wiki/Q134037509,NULL,NULL,NULL,NULL
23.34285,37.997,"tomb of the Persian War dead in Megara","Megarid Bk1","Megara (Megarid)",['mnema'],['1.43.3'],"Megara (Megarid)",NULL,NULL,NULL,NULL,NULL,NULL,NULL
22.678,37.96,"Altar of the Fates in grove near Sicyon - Titane road","Sikyonia Bk2","Oak grove of the Eumenides on Sicyon - Titane road.",['bomos'],['2.11.4'],"Oak grove of the Eumenides on Sicyon - Titane road.",NULL,NULL,NULL,NULL,NULL,NULL,NULL
22.7,38.6,"site on the sea where Onomarchos was killed by his soldiers","Phokis Bk10","Phokis Bk10","['mythic site']",['10.2.5'],"Phokis Bk10",NULL,NULL,NULL,NULL,NULL,NULL,NULL
61.50000000000001,34.5,Ar(e)ia,"Asia (continent)","Asia (continent)",['chora'],['2.3.8'],NULL,https://pleiades.stoa.org/places/961881,NULL,https://wikidata.org/wiki/Q654243,NULL,NULL,NULL,NULL
22.50108,38.48264,"Pronaos of temple at Delphi, with useful sayings","Phokis Bk10","Delphic Oracle, Pytho (Delphi)",['pronaos'],['10.24.1'],"Delphic Oracle, Pytho (Delphi)",NULL,NULL,NULL,NULL,NULL,NULL,NULL
22.03143,37.38957,"Altar of Ares at sanctuary of Pan in Lykosoura","Arcadia Bk8","Sanctuary of Pan above Despoina sanctuary, Lykosoura",['bomos'],['8.37.12'],"Sanctuary of Pan above Despoina sanctuary, Lykosoura",NULL,NULL,NULL,NULL,NULL,NULL,NULL
22.489063,36.621145,"Naia spring at Teuthrone","Lakonia Bk3",Teuthrone,['pege'],['3.25.4'],Teuthrone,NULL,NULL,https://wikidata.org/wiki/Q124616544,NULL,NULL,NULL,NULL
21.925,37.186,"Temenos of Zeus on summit of Ithome","Messenia Bk4","Ithome Mt. (Messenia)",['temenos'],"['4.12.10','4.12.7','4.12.8','4.13.1','4.20.4','4.3.9','4.33.1']","Ithome Mt. (Messenia)",NULL,https://topostext.org/place/372219EVou,https://wikidata.org/wiki/Q38279521,https://resource.manto.unh.edu/10113694,"Sanctuary of Zeus Ithomatas",NULL,NULL
36.9424975,41.1939559,"Thermodon (river)","Pontus Euxinus","Pontus Euxinus",['potamos'],"['1.2.1','3.25.3','7.2.7']",NULL,https://pleiades.stoa.org/places/857352,NULL,https://wikidata.org/wiki/Q684421,NULL,NULL,NULL,NULL
22.7195,37.6316,"Sanctuary of Nemean Zeus at Argos","Argolid Bk2","Argos (Argolid)",['hieron'],['2.20.3'],"Argos (Argolid)",NULL,NULL,https://wikidata.org/wiki/Q134037465,NULL,NULL,NULL,NULL
26.936283000000003,38.75953,Kyme,"Asia Minor (Asia)",Aeolis,['polis'],"['5.7.8','7.3.10']",NULL,https://pleiades.stoa.org/places/550506,NULL,https://wikidata.org/wiki/Q679305,NULL,"Cyme, Aeolis",NULL,NULL
22.737728,39.384163,Pherai,"Hellas (Europe)","Magnesia region (Magnesia)",['settlement'],"['1.13.2','2.10.7','2.23.5']",NULL,https://pleiades.stoa.org/places/541044,NULL,https://wikidata.org/wiki/Q1330631,NULL,NULL,NULL,NULL
22.1976,38.345,"Grove of cypress and pine a little above Oiantheia with Artemis temple","Ozolian Lokris Bk10","Oiantheia/Euantheia (Phokis)",['alsos'],['10.38.9'],"Oiantheia/Euantheia (Phokis)",NULL,NULL,NULL,NULL,NULL,NULL,NULL
21.4313,37.6729,"Temple of Artemis Alpheiaia at Letrinoi","Eleia Bk5 Bk6","Letrinoi (Eleia)",['naos'],['6.22.8'],"Letrinoi (Eleia)",NULL,NULL,https://wikidata.org/wiki/Q107031188,https://resource.manto.unh.edu/11259217,NULL,NULL,NULL
21.6311,37.639,"Treasury of the Cyrenaeans at Olympia","Eleia Bk5 Bk6","Treasury terrace north of the Heraion, Olympia",['thesauros'],['6.19.10'],"Treasury terrace north of the Heraion, Olympia",NULL,NULL,NULL,NULL,NULL,NULL,NULL
23.34285,37.997,"marble temple of Apollo in Megara","Megarid Bk1","Megara (Megarid)",['naos'],['1.42.5'],"Megara (Megarid)",NULL,NULL,https://wikidata.org/wiki/Q124644638,NULL,NULL,NULL,NULL
22.307,37.9117,"Temple of Athena Tritonia on acropolis of Pheneos","Arcadia Bk8","Pheneos acropolis",['naos'],['8.14.4'],"Pheneos acropolis",NULL,NULL,NULL,NULL,NULL,NULL,NULL
23.37572,38.17934,"plain of Eleutherai","Attica Bk1",Eleutherai,['pedion'],['1.38.8'],Eleutherai,NULL,NULL,https://wikidata.org/wiki/Q124644604,NULL,NULL,NULL,NULL
21.738518,38.243265,"sanctuary of Demeter near grove at Patrae","Achaia Bk7",Patrae,['hieron'],['7.21.11'],Patrae,NULL,NULL,https://wikidata.org/wiki/Q134036795,NULL,NULL,NULL,NULL
23.840417999999996,40.818876,Amphipolis,"Thrace (Europe)","Thrace (Europe)",['settlement'],"['1.10.2','1.29.13']",NULL,https://pleiades.stoa.org/places/501347,NULL,https://wikidata.org/wiki/Q217414,NULL,NULL,NULL,NULL
26.23873,39.9577,Ilium,"Asia Minor (Asia)",Troas,['settlement'],"['1.1.2','1.11.1','1.12.1','1.12.5','1.15.2','1.23.4','1.28.9','1.35.1','1.35.4','1.37.3','1.4.6','1.43.1','10.1.3','10.12.2','10.17.6','10.25.8','10.27.4','10.30.8','10.31.7','10.33.2','10.36.10','10.38.5','2.16.6','2.17.3','2.18.5','2.20.6','2.22.2','2.23.1','2.23.5','2.24.2','2.24.3','2.25.5','2.30.10','2.32.2','2.4.2','3.12.6','3.22.2','3.24.11','3.26.10','3.4.7','3.9.3','5.13.4','5.13.5','5.17.10','5.18.3','5.22.4','5.3.4','5.4.7','6.25.3','7.19.6','7.19.9','7.24.2','7.3.7','7.6.3','8.1.3','8.10.10','8.10.9','8.12.6','8.12.9','8.15.6','8.15.7','8.23.4','8.24.10','8.28.4','8.33.2','8.44.4','8.45.2','8.46.2','8.5.2','8.5.3','8.53.7','8.6.1','9.18.5','9.37.7','9.39.3','9.4.3','9.41.2','9.5.14','9.5.15']",NULL,https://pleiades.stoa.org/places/550595,NULL,https://wikidata.org/wiki/Q22647,NULL,"Troy, Troia, Ilion",NULL,NULL
22.715,37.638,"Temple of Zeus Larisaios at Argos","Argolid Bk2","Larisa Citadel above Argos",['naos'],['2.24.3'],"Larisa Citadel above Argos",NULL,NULL,NULL,NULL,NULL,NULL,NULL
22.0708,37.4506,Bathos,"Arcadia Bk8","Arcadia Bk8",['chorion'],"['8.29.1','8.29.2','8.29.5']",NULL,https://pleiades.stoa.org/places/573139,NULL,https://wikidata.org/wiki/Q60791682,NULL,NULL,NULL,NULL
23.2505528,38.1850025,"Sphrangidion cave/oracle of Kithaironidai Nymphs on Kithairôn Mt.","Boiotia Bk9","Kithairon (mountain)",['spelaion'],['9.3.9'],"Kithairon (mountain)",NULL,NULL,NULL,NULL,NULL,NULL,NULL
22.4237,37.0821,"Hellenion in Sparta","Lakonia Bk3",Sparta,['chorion'],['3.12.7'],Sparta,NULL,NULL,https://wikidata.org/wiki/Q124616412,NULL,NULL,NULL,NULL
23.3178,38.3191,"Fountain of Ares - Krênê Areôs Thebes, beyond the Ismenion","Boiotia Bk9","Thebes (Boeotia)",['pege'],['9.10.5'],"Thebes (Boeotia)",NULL,NULL,NULL,https://resource.manto.unh.edu/9612938,NULL,NULL,NULL
22.4237,37.0821,"Sanctuary of Thetis at Sparta","Lakonia Bk3",Sparta,['hieron'],['3.14.4'],Sparta,NULL,NULL,https://wikidata.org/wiki/Q124616444,NULL,NULL,NULL,NULL
22.1273,37.4124,"City walls of Megalopolis","Arcadia Bk8","Megalopolis (Arkadia)",['teichos'],['8.30.7'],"Megalopolis (Arkadia)",NULL,NULL,NULL,NULL,NULL,NULL,NULL
22.875,38.4312,"Pit of Agamedes in grove of Trophonios, Lebadeia","Boiotia Bk9","Trophonius oracle (Boeotia)",['bothros'],"['9.37.7','9.39.6']","Trophonius oracle (Boeotia)",NULL,NULL,NULL,NULL,NULL,NULL,NULL
27.52707,37.49759,"Heraclea ad Latmum","Asia Minor (Asia)","Caria region",['polis'],['5.1.5'],NULL,https://pleiades.stoa.org/places/599640,NULL,https://wikidata.org/wiki/Q1313279,NULL,NULL,NULL,NULL
23.7168,37.9816,"grave of Athenians who aided the Romans in sea battle, Demosion Sema","Athenai Bk1","Demosion Sema war graves, Athens",['mnema'],['1.29.14'],"Demosion Sema war graves, Athens",NULL,NULL,NULL,NULL,NULL,NULL,NULL
21.6237,37.638,"Tomb of the Arcadians on hill across Kladeus","Eleia Bk5 Bk6",Olympia,['mnema'],['6.20.6'],NULL,NULL,NULL,NULL,NULL,NULL,NULL,NULL
22.262624,37.766264,"Sanctuary of Poseidon at Kaphyai","Arcadia Bk8",Kaphyai,['hieron'],['8.23.3'],Kaphyai,NULL,NULL,https://wikidata.org/wiki/Q134037100,NULL,NULL,NULL,NULL
24.010734,37.898159,Steiria,"Attica Bk1","Attica Bk1",['demos'],['10.35.8'],NULL,https://pleiades.stoa.org/places/580110,NULL,https://wikidata.org/wiki/Q2341881,NULL,NULL,NULL,NULL
27.4713446,37.6220196,"Adyta of the Underworld gods beyond the Maeander","Asia Minor (Asia)","Maeander (river)",['adyton'],['10.32.13'],"Maeander (river)",NULL,NULL,NULL,NULL,NULL,NULL,NULL
22.139,39.726,"Titaresios (river)","Hellas (Europe)",Thessalia,['potamos'],['8.18.2'],NULL,https://pleiades.stoa.org/places/541151,NULL,https://wikidata.org/wiki/Q687260,NULL,NULL,NULL,NULL
21.681159,37.248527,"Dionysias spring near Kyparissia","Messenia Bk4",Kyparissia,['pege'],['4.36.7'],Kyparissia,NULL,NULL,NULL,https://resource.manto.unh.edu/10146631,NULL,NULL,NULL
22.4237,37.0821,"Two gymnasia by the Dromos at Sparta, one dedicated by Eurykles","Asia (continent)","Dromos (race course) of Sparta near tombs of Agiads",['gymnasion'],['3.14.6'],"Dromos (race course) of Sparta near tombs of Agiads",NULL,NULL,https://wikidata.org/wiki/Q124616345,NULL,NULL,NULL,NULL
27.249999999999996,38.25,"Cave of the Meles springs, above Smyrna","Asia Minor (Asia)","Smyrna (Ionia)",['spelaion'],['7.5.12'],"Meles river of Smyrna",NULL,NULL,NULL,NULL,NULL,NULL,NULL
22.4237,37.0821,"Tomb of Oionos beside Herakleion sanctuary in Sparta","Lakonia Bk3",Sparta,['mnema'],['3.15.5'],Sparta,NULL,NULL,https://wikidata.org/wiki/Q124616325,https://resource.manto.unh.edu/10150585,NULL,NULL,NULL
14.08648465,37.53667612,Sicani,"Sicilia (island)","Sicilia (island)",['chora'],"['5.25.6','8.24.2']","Sicilia (island)",https://pleiades.stoa.org/places/462491,NULL,https://wikidata.org/wiki/Q952123,NULL,NULL,NULL,NULL
22.2,38.4,"Ozolian Lokris Bk10",NULL,"Hellas (Europe)",['chora'],"['10.20.2','10.38.1','10.38.4','10.38.8','3.9.9','4.24.7','6.19.5']",NULL,https://pleiades.stoa.org/places/540919,https://topostext.org/place/384222ROzo,https://wikidata.org/wiki/Q4894785,NULL,NULL,NULL,NULL
22.43,37.46,"Foundations of sanctuaries on Tegea-Lakonia road 2 stadia outside Tegea","Arcadia Bk8","road Tegea to Laconia",['hieron'],['8.53.11'],NULL,NULL,NULL,NULL,NULL,NULL,NULL,NULL
22.5384,38.0446,"Grove in the Mysaion near Pellene","Achaia Bk7","Mysaion sanctuary of Mysian Demeter, 60 stades from Pellene",['alsos'],['7.27.9'],"Mysaion sanctuary of Mysian Demeter, 60 stades from Pellene",NULL,NULL,NULL,NULL,NULL,NULL,NULL
21.5286,38.5286,"Trichoneion (Aitolia)","Aitolia region","Aitolia region",['polis'],['2.37.3'],NULL,NULL,https://topostext.org/place/385215PTri,https://wikidata.org/wiki/Q59735737,NULL,Trikoneion,NULL,NULL
22.7214,37.6305,"Tomb of Pelasgos in Argos","Argolid Bk2","Agora of Argos",['mnema'],['2.22.1'],"Agora of Argos",NULL,NULL,NULL,https://resource.manto.unh.edu/10186971,NULL,NULL,NULL
22.50151,38.48254,"Second temple of Apollo at Delphi, alternate version","Phokis Bk10","Sanctuary of Pythian Apollo at Delphi",['naos'],['10.5.10'],"Sanctuary of Pythian Apollo at Delphi",NULL,NULL,NULL,NULL,NULL,NULL,NULL
22.839,38.9638,"Larisa Kremaste (Phthiotis)","Hellas (Europe)",Phthiotis,['settlement'],['2.24.1'],NULL,NULL,https://topostext.org/place/390228PLar,https://wikidata.org/wiki/Q11931175,NULL,NULL,NULL,NULL
23.0687,38.4471,"Athenai on Kephisian lake","Boiotia Bk9","Kephisian lake",['polisma'],['9.24.2'],"Kephisian lake",NULL,NULL,https://wikidata.org/wiki/Q60791218,NULL,NULL,NULL,NULL
22.7028,37.6328,"Lykone (mountain)","Argolid Bk2","Argolid Bk2",['oros'],['2.24.5'],NULL,https://pleiades.stoa.org/places/570443,NULL,https://wikidata.org/wiki/Q25018056,NULL,NULL,NULL,NULL
21.62975,37.63754,"House of Oenomaus at Olympia (foundations)","Eleia Bk5 Bk6","Altis sacred grove (Olympia)",['oikia'],['5.14.7'],"Altis sacred grove (Olympia)",NULL,NULL,NULL,NULL,NULL,NULL,NULL
43.1609,36.34773,Nineveh/Ninos,"Asia (continent)",Assyria,['settlement'],['8.33.2'],NULL,https://pleiades.stoa.org/places/874621,NULL,https://wikidata.org/wiki/Q5680,NULL,NULL,NULL,NULL
21.9465,37.7837,Thaliades,"Arcadia Bk8","Arcadia Bk8",['settlement'],['8.25.2'],NULL,https://pleiades.stoa.org/places/570716,NULL,https://wikidata.org/wiki/Q7709649,NULL,NULL,NULL,NULL
22.4992,40.1663,"Baphyras river (Pieria)","Macedonia (Europe)",Pieria,['potamos'],['9.30.8'],NULL,NULL,https://topostext.org/place/402225WBap,NULL,NULL,NULL,NULL,NULL
22.1099,38.030042,"altas of the gods in agora of Kynaitha","Arcadia Bk8",Kynaitha,['bomos'],['8.19.1'],Kynaitha,NULL,NULL,NULL,NULL,NULL,NULL,NULL
22.8416,38.4944,"Petrachos cliff above Chairôneia","Boiotia Bk9","Chaironea (Boeotia)",['kremnos'],['9.41.6'],"Chaironea (Boeotia)",NULL,NULL,NULL,NULL,NULL,NULL,NULL
17.276944,39.885,Lucania,"Italia (Europe)","Italia (Europe)",['chora'],"['1.11.3','1.11.7']",NULL,https://pleiades.stoa.org/places/442639,NULL,https://wikidata.org/wiki/Q1131978,NULL,NULL,NULL,NULL
27.5,37.5,"Caria region","Asia (continent)","Asia Minor (Asia)",['chora'],"['1.1.3','1.29.7','2.30.9','2.5.3','2.7.1','3.26.10','4.35.11','4.5.3','5.24.7','6.13.3','7.3.1','8.45.5']",NULL,https://pleiades.stoa.org/places/599564,NULL,https://wikidata.org/wiki/Q193214,NULL,Karia,NULL,NULL
15.601,38.2155,"Strait of Messina","Sicilia (island)","Sicilia (island)",['strait'],"['4.26.3','5.25.2','5.25.3','5.26.5','6.2.10','6.4.3']",NULL,https://pleiades.stoa.org/places/462494,NULL,https://wikidata.org/wiki/Q134705,NULL,"Sikelikos Porthmos",NULL,NULL
26.785014,38.177262,"baths in Teos","Asia Minor (Asia)",Teos,['loutron'],['7.5.11'],Teos,NULL,NULL,NULL,NULL,NULL,NULL,NULL
21.62975,37.63754,"Altar of the Horae in Olympia","Eleia Bk5 Bk6","Altis sacred grove (Olympia)",['bomos'],['5.15.3'],"Altis sacred grove (Olympia)",NULL,NULL,NULL,NULL,NULL,NULL,NULL
22.7195,37.6316,"Tomb of Likymnios on Kylarabis gymnasium road, Argos","Argolid Bk2","Road to Kylarabis Gymnasium, Argos",['mnema'],['2.22.8'],"Road to Kylarabis Gymnasium, Argos",NULL,NULL,NULL,https://resource.manto.unh.edu/10187083,NULL,NULL,NULL
21.630126,37.637849,"Altar of the Muses in Olympia","Eleia Bk5 Bk6",Olympia,['bomos'],['5.14.10'],Olympia,NULL,NULL,NULL,NULL,NULL,NULL,NULL
23.771,37.803,"altars of Athena, Apollo, Artemis, and Leto at Zoster","Attica Bk1","Zoster promontory",['bomos'],['1.31.1'],"Zoster promontory",NULL,https://topostext.org/place/378238SApo,https://wikidata.org/wiki/Q124644560,NULL,NULL,NULL,NULL
30.7,27.1,"Prison in Aegypt, where Cleomenes was kept","Libya (Africa)","Egypt (region)",['oikema'],['2.9.3'],"Egypt (region)",NULL,NULL,NULL,NULL,NULL,NULL,NULL
22.4237,37.0821,"Royal tombs of the Eurypontids at Sparta by city wall","Lakonia Bk3",Sparta,['taphos'],['3.12.8'],Sparta,NULL,NULL,https://wikidata.org/wiki/Q124616314,NULL,NULL,NULL,NULL
20.72,38.36,"Dolicha (Kefallenia)","Hellas (Europe)","Ionian Sea (Greece/Italy)",['settlement'],['5.3.3'],NULL,NULL,https://topostext.org/place/383213IDol,https://wikidata.org/wiki/Q3038108,NULL,NULL,NULL,NULL
22.62501,37.92049,"Enclosure for Asclepius in Titane","Corinthia Bk2","Asclepieion of Titane",['peribolos'],['2.11.6'],"Asclepieion of Titane",NULL,NULL,NULL,NULL,NULL,NULL,NULL
19.44594,41.31497,Dyrrhachium,Europe,"Illyria (Europe)",['polis'],"['6.10.7','6.10.8']",NULL,https://pleiades.stoa.org/places/481818,NULL,https://wikidata.org/wiki/Q3567546,NULL,Epidamnos,NULL,NULL
22.51748,36.68812,"Ancient sanctuary just south of Skyras river","Lakonia Bk3","Skyras river (Lakonia)",['hieron'],['3.25.1'],NULL,NULL,NULL,NULL,NULL,NULL,NULL,NULL
42.4378759,43.3525468,"Caucasus (mountain range)","Pontus Euxinus",Colchis/Lazike,['oros'],['5.11.6'],NULL,https://pleiades.stoa.org/places/863766,NULL,https://wikidata.org/wiki/Q5477,NULL,NULL,NULL,NULL
21.63042,37.63794,"Pillar / column close to the doors of the temple of Zeus at Olympia","Eleia Bk5 Bk6","Zeus temple (Olympia)",['kion'],['5.10.10'],"Zeus temple (Olympia)",NULL,NULL,NULL,NULL,NULL,NULL,NULL
23.34285,37.997,"Olympieion of Megara","Megarid Bk1","Megara (Megarid)",['temenos'],"['1.40.4','1.40.6','1.41.1']","Megara (Megarid)",NULL,NULL,https://wikidata.org/wiki/Q124644612,NULL,NULL,NULL,NULL
22.71145,37.98417,"Kosmeterion of Sicyon","Sikyonia Bk2","Theater of Dionysos in Sicyon",['oikema'],['2.7.5'],"Theater of Dionysos in Sicyon",NULL,NULL,NULL,NULL,NULL,NULL,NULL
22.429,37.464,"Tomb of Echemos at Tegea","Arcadia Bk8","Tegea (Arkadia)",['mnema'],['8.53.10'],"Tegea (Arkadia)",NULL,NULL,NULL,https://resource.manto.unh.edu/10267719,NULL,NULL,NULL
21.842,37.4075,Phigaleia,"Arcadia Bk8","Arcadia Bk8","['chora','polis']","['3.17.9','4.24.1','5.5.4','6.6.1','8.3.1','8.3.2','8.30.4','8.39.1','8.39.2','8.39.3','8.39.4','8.39.5','8.41.2','8.41.4','8.41.7','8.41.9','8.42.1','8.42.11','8.42.6','8.5.7']",NULL,https://pleiades.stoa.org/places/570598,https://topostext.org/place/374218PPhi,https://wikidata.org/wiki/Q7623270,NULL,"Phigalia Phialia",NULL,NULL
22.99294,37.91574,"Pronaos of Poseidon temple at Isthmia","Corinthia Bk2","temple of Isthmian Poseidon at Isthmia",['pronaos'],['2.1.7'],"temple of Isthmian Poseidon at Isthmia",NULL,NULL,NULL,NULL,NULL,NULL,NULL
22.7145,37.9834,"Sanctuary of Herakles at Sicyon","Sikyonia Bk2","Sicyon (Sikyonia)",['hieron'],['2.10.1'],"Sicyon (Sikyonia)",NULL,NULL,https://wikidata.org/wiki/Q134037375,https://resource.manto.unh.edu/10159001,NULL,NULL,NULL
22.549,37.489,"pass into Arkadia by Mt. Parthenion into Tegea","Arcadia Bk8","Parthenion (mountain)",['esbole'],['8.6.4'],"Parthenion (mountain)",NULL,NULL,NULL,NULL,NULL,NULL,NULL
23.960195000000002,35.233106,"House of Karmanor in Tarra of Crete",Crete,Tarra,['oikia'],['10.16.5'],Tarra,NULL,NULL,NULL,NULL,NULL,NULL,NULL
22.66931,38.58344,"Temple of Athena at Tithorea","Phokis Bk10",Tithorea/Neon,['naos'],['10.32.10'],Tithorea/Neon,NULL,NULL,NULL,NULL,NULL,NULL,NULL
21.985,37.841,"Paos (Achaia)","Arcadia Bk8","road Caphyae to Psophis",['kome'],['8.23.9'],NULL,NULL,https://topostext.org/place/379220PPao,https://wikidata.org/wiki/Q26958616,NULL,NULL,NULL,NULL
22.9427,37.5969,Lessa,"Epidauria Bk2","Epidauria Bk2",['kome'],"['2.25.10','2.26.1']",NULL,https://pleiades.stoa.org/places/570426,NULL,https://wikidata.org/wiki/Q12880025,NULL,NULL,NULL,NULL
22.649131,37.846299,"Temple of Asclepius in Phliasia, on the right as one goes down from the Akropolis at Phlious","Phlious Bk2","Phlious Bk2",['naos'],['2.13.5'],"Phlious Bk2",NULL,NULL,NULL,NULL,NULL,NULL,NULL
21.98855,37.44658,"Zeus Lykaios altar, Mt. Lykaion","Arcadia Bk8","Arcadia Bk8","['bomos','choma ges']","['8.2.3','8.38.7']",NULL,https://pleiades.stoa.org/places/535233377,https://topostext.org/place/375220SZLA,https://wikidata.org/wiki/Q124820762,NULL,"Zeus Lycaeus altar",NULL,NULL
21.738518,38.243265,"Sanctuary of Dionysus Aisymnetes at Patrae","Achaia Bk7",Patrae,['hieron'],"['7.20.2','7.21.6','7.21.7']",Patrae,NULL,NULL,NULL,NULL,NULL,NULL,NULL
26.48103,38.38122,"Port of Erythrai in Ionia","Asia Minor (Asia)",Erythrai,['limen'],['7.5.6'],Erythrai,NULL,NULL,NULL,NULL,NULL,NULL,NULL
22.51,37.31,"Skotitas region (Lakonia)","Lakonia Bk3","Lakonia Bk3",['chorion'],['3.10.6'],NULL,https://pleiades.stoa.org/places/570678,https://topostext.org/place/373225RSko,https://wikidata.org/wiki/Q124607542,NULL,NULL,NULL,NULL
23.3178,38.3191,"Chasm that swallowed Amphiaraus, outside Thebes","Boiotia Bk9","Thebes (Boeotia)",['barathron'],['2.23.2'],"Thebes (Boeotia)",NULL,NULL,NULL,NULL,NULL,NULL,NULL
21.71145,37.635009,"Pointy hill of Phrixa opposite Leukyianias river","Eleia Bk5 Bk6",Phrixa,['lophos'],['6.21.6'],Phrixa,NULL,NULL,NULL,NULL,NULL,NULL,NULL
21.630126,37.637849,"Altar of Zeus Chthonius at Olympia","Eleia Bk5 Bk6",Olympia,['bomos'],['5.14.8'],Olympia,NULL,NULL,NULL,NULL,NULL,NULL,NULL
22.4237,37.0821,"Tombs of the Agiad kings near Theomelida in Sparta","Lakonia Bk3",Sparta,['taphos'],['3.14.2'],Sparta,NULL,NULL,https://wikidata.org/wiki/Q124616322,NULL,NULL,NULL,NULL
23.790499999999998,38.3982,"Eretria (Euboea)","Euboea (island)","Euboea (island)",['chora'],"['4.2.3','5.13.5','7.10.2','7.8.1']",NULL,https://pleiades.stoa.org/places/579925,https://topostext.org/place/384238PEre,https://wikidata.org/wiki/Q16562724,NULL,NULL,NULL,NULL
22.8802,37.9054,"Gymnasium in Corinth, near the theatre","Corinthia Bk2","Corinth (Corinthia)",['gymnasion'],['2.4.5'],"Corinth (Corinthia)",https://pleiades.stoa.org/places/100913712,https://topostext.org/place/379229BGym,https://wikidata.org/wiki/Q109428923,NULL,NULL,NULL,NULL
15.29293,37.0570712,"Ortygia (island)","Sicilia (island)",Syracusae/Syrakousai,['nesos'],"['5.7.2','5.7.3','8.54.3']",NULL,https://pleiades.stoa.org/places/462402,NULL,https://wikidata.org/wiki/Q1233234,NULL,NULL,NULL,NULL
22.8745,37.528,"Asine (Argolid)","Argolid Bk2","Argolid Bk2",['polis'],"['2.36.4','2.36.5','4.34.10','4.34.12','4.34.9']",NULL,https://pleiades.stoa.org/places/570124,https://topostext.org/place/375229PAsi,https://wikidata.org/wiki/Q1154474,NULL,NULL,NULL,NULL
22.752,38.0035,"Temple of Hera on left of Titane to Sicyon road","Sikyonia Bk2","Sicyon (Sikyonia)",['naos'],['2.12.2'],NULL,NULL,NULL,NULL,NULL,NULL,NULL,NULL
24.717535,40.78201,"Agora of Thasos","Aegean Sea (Hellas)","Thasos polis",['agora'],['6.11.2'],"Thasos polis",NULL,NULL,https://wikidata.org/wiki/Q133963470,NULL,NULL,NULL,NULL
16.578476,38.445422,Kaulonia,"Italia (Europe)","Italia (Europe)",['polis'],['6.3.12'],NULL,https://pleiades.stoa.org/places/452352,NULL,https://wikidata.org/wiki/Q1292498,NULL,NULL,NULL,NULL
21.4517,37.6125,"Springs of the Alpheios a little away from the Asea-Tegea road","Arcadia Bk8","Alpheios river (Eleia)",['pege'],['8.44.3'],NULL,NULL,NULL,NULL,NULL,NULL,NULL,NULL
27.5,47.50000000000001,Alazones,"Pontus Euxinus","Scythia (Europe)",['chora'],['1.32.1'],"Scythia (Europe)",https://pleiades.stoa.org/places/226513,NULL,https://wikidata.org/wiki/Q123278836,NULL,NULL,NULL,NULL
22.147091,37.65657,"Temple of Poseidon Hippios at Methydrion","Arcadia Bk8","Methydrion (Arkadia)",['naos'],['8.36.2'],NULL,NULL,https://topostext.org/place/377221SPet,NULL,NULL,NULL,NULL,NULL
23.3484,37.5033,"Temple of Apollo Platanistios, on the road from Troizen to Hermione","Troizenia Bk2","Troizen (Troizenia)",['naos'],['2.34.6'],"Troizen (Troizenia)",NULL,NULL,NULL,NULL,NULL,NULL,NULL
21.9195,37.1779,"part of Messinia formerly ruled by the sons of Asclepios","Messenia Bk4","Messene (Messenia)",['chora'],['4.3.1'],"Messene (Messenia)",NULL,NULL,NULL,NULL,NULL,NULL,NULL
22.42479249,40.13002812,"Mountain of Pieria above Dion","Macedonia (Europe)",Pieria,['oros'],['9.30.7'],Pieria,NULL,NULL,NULL,NULL,NULL,NULL,NULL
22.5129,36.7863,"Temple of Poseidon at Lake of Poseidon at Aigiai","Lakonia Bk3","Aigiai (Lakonia)",['naos'],['3.21.5'],"Aigiai (Lakonia)",NULL,NULL,https://wikidata.org/wiki/Q124616514,NULL,NULL,NULL,NULL
22.45931,37.85932,"spring of Stymphalos","Arcadia Bk8",Stymphalos,['pege'],['8.4.6'],Stymphalos,NULL,NULL,NULL,https://resource.manto.unh.edu/10149388,NULL,NULL,NULL
22.5384,38.0446,"Grove of Artemis Soteira at Pellene","Achaia Bk7",Pellene,['alsos'],['7.27.3'],Pellene,NULL,NULL,NULL,NULL,NULL,NULL,NULL
21.374,37.89,"Lalichmion Bouleuterion at Elis, in Maltho gymnasium","Eleia Bk5 Bk6","Maltho gymnasium at Elis",['bouleuterion'],['6.23.7'],"Maltho gymnasium at Elis",NULL,NULL,NULL,NULL,NULL,NULL,NULL
23.235,37.3884,"Place of Plouton in Hermione, behind the temple of Demeter Chthonia","Hermionis Bk2","Pron M.",['chorion'],['2.35.10'],"Pron M.",NULL,NULL,NULL,NULL,NULL,NULL,NULL
21.62933,37.63871,"Philippeion (Olympia)","Eleia Bk5 Bk6","Altis sacred grove (Olympia)",['oikema'],"['5.17.4','5.20.10','5.20.9']",NULL,NULL,https://topostext.org/place/376216BOPl,https://wikidata.org/wiki/Q3396766,NULL,NULL,NULL,NULL
22.296786,36.812375,"Pephnos islet, birthplace of Dioskouroi","Lakonia Bk3",Pephnos,['nesos'],['3.26.2'],Pephnos,NULL,NULL,NULL,NULL,NULL,NULL,NULL
22.7108,37.8085,"Tomb of Opheltes in Nemea","Argolid Bk2","Sanctuary of Nemean Zeus, Nemea",['mnema'],['2.15.3'],"Sanctuary of Nemean Zeus, Nemea",NULL,NULL,NULL,https://resource.manto.unh.edu/10159399,NULL,NULL,NULL
22.4237,37.0821,"Altar of the Chalkioikos at Sparta","Lakonia Bk3","Acropolis of Sparta",['bomos'],['3.17.7'],"Acropolis of Sparta",NULL,NULL,NULL,NULL,NULL,NULL,NULL
22.4295,37.46475,"Tomb of Tegeates son of Lykaon in agora of Tegea","Arcadia Bk8","Agora of Tegea",['mnema'],['8.48.6'],"Agora of Tegea",NULL,NULL,NULL,https://resource.manto.unh.edu/10266993,NULL,NULL,NULL
21.8016,38.278,"Antheia? Ortos (Achaia)","Achaia Bk7","Achaia Bk7",['settlement'],"['7.18.3','7.18.4','7.18.5','7.18.6','7.19.1']",NULL,https://pleiades.stoa.org/places/573098,https://topostext.org/place/383218UAnt,https://wikidata.org/wiki/Q12872273,NULL,NULL,NULL,NULL
22.7195,37.6316,"Sanctuary of Demeter Mysia in Argos, a little beyond Thyestes' tomb, on the left","Argolid Bk2","Argos (Argolid)",['hieron'],['2.18.3'],"Argos (Argolid)",NULL,NULL,https://wikidata.org/wiki/Q134037449,NULL,NULL,NULL,NULL
22.3933,37.6181,"Mantineia (Arkadia)","Arcadia Bk8","Arcadia Bk8",['polis'],"['1.29.13','1.3.4','10.13.6','10.20.1','2.25.1','2.8.6','6.11.4','6.4.11','8.10.1','8.10.2','8.11.1','8.11.5','8.11.6','8.12.2','8.12.6','8.12.7','8.27.14','8.3.4','8.49.2','8.5.11','8.5.5','8.50.2','8.6.4','8.7.1','8.8.11','8.8.12','8.8.4','8.8.7','8.8.9','8.9.7','8.9.8','9.14.4','9.15.5']",NULL,https://pleiades.stoa.org/places/570459,https://topostext.org/place/376224UMan,https://wikidata.org/wiki/Q1160195,NULL,Mantinea,NULL,NULL
22.878721,37.906045,"Precinct of Sarapis on ascent of Acrocorinth","Corinthia Bk2",Acrocorinth,['temenos'],['2.4.6'],Acrocorinth,NULL,NULL,NULL,NULL,NULL,NULL,NULL
23.136,36.43,"Nymphaion (Lakonia)","Lakonia Bk3","Lakonia Bk3",['limen'],['3.23.2'],NULL,https://pleiades.stoa.org/places/570511,https://topostext.org/place/364232UNym,https://wikidata.org/wiki/Q60792072,NULL,NULL,NULL,NULL
21.630126,37.637849,"Temple of Kronos at Olympia","Eleia Bk5 Bk6",Olympia,['naos'],['5.7.6'],Olympia,NULL,NULL,NULL,NULL,NULL,NULL,NULL
23.7168,37.9816,"Demosion Sema Aigina, Athens","Athenai Bk1","Demosion Sema war graves, Athens",['taphos'],['1.29.7'],NULL,NULL,https://topostext.org/binder/JB1039,NULL,NULL,NULL,NULL,NULL
21.9847,37.40493,"Nomia (mountain)","Arcadia Bk8","Arcadia Bk8",['oros'],['8.38.11'],NULL,https://pleiades.stoa.org/places/570509,NULL,NULL,NULL,NULL,NULL,NULL
21.6336,37.637,"Mountain at far end of Olympia hippodrome","Eleia Bk5 Bk6","Hippodrome (Olympia)",['oros'],['6.21.1'],"Hippodrome (Olympia)",NULL,NULL,NULL,NULL,NULL,NULL,NULL
23.9937505,37.926189,Brauron,"Attica Bk1","Sanctuary of Artemis Brauronia in Attica",['demos'],['1.23.7'],"Sanctuary of Artemis Brauronia in Attica",https://pleiades.stoa.org/places/579879,NULL,https://wikidata.org/wiki/Q475497,NULL,NULL,NULL,NULL
21.87884,37.710489,Thelpousa,"Arcadia Bk8","Arcadia Bk8","['chora','polis']","['8.24.4','8.25.1','8.25.11','8.25.2','8.25.3','8.25.4']",NULL,https://pleiades.stoa.org/places/570722,NULL,https://wikidata.org/wiki/Q1142954,NULL,Telphousa,NULL,NULL
16.1315,39.03644,"Lyka spring near Temesa","Italia (Europe)",Temesa/Tempsa,['pege'],['6.6.11'],Temesa/Tempsa,https://pleiades.stoa.org/places/456089,NULL,NULL,NULL,NULL,NULL,NULL
22.6973,37.55,"Sacred grove at Pontinos mountain","Argolid Bk2","Pontinos hill (Argolid)",['alsos'],['2.36.8'],"Pontinos hill (Argolid)",https://pleiades.stoa.org/places/69536363,NULL,NULL,NULL,NULL,NULL,NULL
26.75261,38.6684,Phocaea,"Asia Minor (Asia)","Ionia (region)",['polis'],"['10.8.6','7.5.4']",NULL,https://pleiades.stoa.org/places/550823,NULL,https://wikidata.org/wiki/Q428732,NULL,NULL,NULL,NULL
22.377,37.675,"Tomb of Maera at Maira north of Ptolis","Arcadia Bk8",Maira,['mnema'],['8.12.7'],Maira,NULL,NULL,NULL,https://resource.manto.unh.edu/10158742,NULL,NULL,NULL
23.22,38.02,"Tripodiskoi (Megarid)","Megarid Bk1","Megarid Bk1",['kome'],['1.43.8'],NULL,https://pleiades.stoa.org/places/573571,https://topostext.org/place/380233UTri,https://wikidata.org/wiki/Q15961462,NULL,NULL,NULL,NULL
23.34285,37.997,"Tomb of Hippolyta in Megara","Megarid Bk1","Megara (Megarid)",['mnema'],['1.41.7'],"Megara (Megarid)",NULL,NULL,https://wikidata.org/wiki/Q124644627,https://resource.manto.unh.edu/10186999,NULL,NULL,NULL
23.707,37.992,"Tomb of Plato, Athens","Athenai Bk1","Athenai Bk1",['taphos'],['1.30.3'],NULL,NULL,https://topostext.org/binder/JB2465,NULL,NULL,NULL,NULL,NULL
24.7708,35.2263,"Ida Mt. (Crete)",Crete,Crete,['settlement'],"['5.7.6','5.8.1']",NULL,https://pleiades.stoa.org/places/589816,https://topostext.org/place/352248LIda,https://wikidata.org/wiki/Q83659,NULL,NULL,NULL,NULL
22.3933,37.6181,"Sanctuary of Zeus Epidôtos at Mantineia","Arcadia Bk8","Mantineia (Arkadia)",['hieron'],['8.9.2'],"Mantineia (Arkadia)",NULL,NULL,https://wikidata.org/wiki/Q134037166,NULL,NULL,NULL,NULL
23.1602,37.6335,"Temple of Dionysos at Epidaurus [ We follow here the Loeb edition: Artemidos estin allos (and not alsos)]","Epidauria Bk2",Epidauros,['naos'],['2.29.1'],Epidauros,NULL,NULL,NULL,NULL,NULL,NULL,NULL
22.50151,38.48254,"Peribolos of Neoptolemus at Delphi","Phokis Bk10","Sanctuary of Pythian Apollo at Delphi",['peribolos'],['10.24.6'],"Sanctuary of Pythian Apollo at Delphi",NULL,NULL,NULL,NULL,NULL,NULL,NULL
21.9005,37.4295,"temple of Apollo Epikourios at Bassai","Arcadia Bk8",Bassai,['naos'],"['8.30.4','8.41.10','8.41.7','8.41.9']",NULL,https://pleiades.stoa.org/places/570148,https://topostext.org/place/374219SBas,https://wikidata.org/wiki/Q38278862,NULL,NULL,NULL,NULL
29.576517,39.175719,"Meter Steunene","Asia Minor (Asia)",Phrygia,['spelaion'],"['10.32.3','8.4.3']",NULL,https://pleiades.stoa.org/places/609467,NULL,NULL,NULL,NULL,NULL,NULL
22.244,37.393,Athenaion,"Arcadia Bk8","Arcadia Bk8",['chorion'],"['8.44.2','8.44.3']",NULL,https://pleiades.stoa.org/places/570137,NULL,https://wikidata.org/wiki/Q60791625,NULL,NULL,NULL,NULL
22.3704,37.8498,"three springs sacred to Hermes at Trikrêna mountains","Arcadia Bk8","Trikrena M.",['pege'],['8.16.1'],"Trikrena M.",NULL,NULL,NULL,NULL,NULL,NULL,NULL
23.7404,37.969,"Panathenaic Stadium rebuilt by Herodes, Athens","Athenai Bk1","Athenai Bk1",['stadion'],['1.19.6'],NULL,NULL,https://topostext.org/place/380237BPan,https://wikidata.org/wiki/Q208811,NULL,NULL,NULL,NULL
21.374,37.89,"Sanctuary of Athena surnamed Mother in Elis","Eleia Bk5 Bk6","Elis polis",['hieron'],['5.3.2'],"Elis polis",NULL,NULL,https://wikidata.org/wiki/Q134036747,https://resource.manto.unh.edu/11191186,NULL,NULL,NULL
27.55568,40.591686,Proconnesus,"Asia Minor (Asia)",Hellespontus,['polis'],['8.46.4'],NULL,https://pleiades.stoa.org/places/511378,NULL,https://wikidata.org/wiki/Q950908,NULL,NULL,NULL,NULL
22.66931,38.58344,"Temple of Asklepios Archagetas near Tithorea","Phokis Bk10","Sanctuary of Asklepios near Tithorea",['naos'],['10.32.12'],"Sanctuary of Asklepios near Tithorea",NULL,NULL,NULL,NULL,NULL,NULL,NULL
27.14843,38.40537,"spring with plane tree in front of Nemeses sanctuary, Smyrna","Asia Minor (Asia)","Sanctuary of the Nemeses on Mt. Pagos, Smyrna",['pege'],['7.5.2'],"Sanctuary of the Nemeses on Mt. Pagos, Smyrna",NULL,NULL,NULL,NULL,NULL,NULL,NULL
23.3484,37.5033,"Acropolis of Troizen","Troizenia Bk2","Troizen (Troizenia)",['acropolis'],['2.32.5'],"Troizen (Troizenia)",NULL,NULL,https://wikidata.org/wiki/Q133963415,NULL,NULL,NULL,NULL
21.62975,37.63754,"Altar of Zeus Keraunios at Olympia","Eleia Bk5 Bk6","House of Oenomaus at Olympia (foundations)",['bomos'],['5.14.7'],"House of Oenomaus at Olympia (foundations)",NULL,NULL,NULL,NULL,NULL,NULL,NULL
15.29382,37.05963,"Tomb of Lygdamis near the quarries at Syracuse","Sicilia (island)",Syracusae/Syrakousai,['mnema'],['5.8.8'],Syracusae/Syrakousai,NULL,NULL,NULL,NULL,NULL,NULL,NULL
22.905228,38.596346,Hyampolis,"Phokis Bk10","Phokis Bk10",['polis'],"['10.1.2','10.1.3','10.3.1','10.35.1','10.35.5']",NULL,https://pleiades.stoa.org/places/540820,NULL,https://wikidata.org/wiki/Q1534902,NULL,NULL,NULL,NULL
21.630126,37.637849,"Altars of the brothers of Herakles: Epimedes, Idas, Paeonaeus and Iasus in Olympia","Eleia Bk5 Bk6",Olympia,['bomos'],['5.14.7'],Olympia,NULL,NULL,NULL,NULL,NULL,NULL,NULL
23.5841,38.3074,"Tomb of Orion in Tanagra","Boiotia Bk9","Tanagra (Boeotia)",['mnema'],['9.20.3'],"Tanagra (Boeotia)",NULL,NULL,NULL,https://resource.manto.unh.edu/10192025,NULL,NULL,NULL
22.138259,37.321324,Leuktron,"Arcadia Bk8",Aigytis,['settlement'],['8.27.4'],NULL,https://pleiades.stoa.org/places/570433,NULL,https://wikidata.org/wiki/Q60790807,NULL,NULL,NULL,NULL
21.41364923,38.13057287,"Larisos (river)","Eleia Bk5 Bk6","Eleia Bk5 Bk6","['horos','potamos']","['6.26.10','7.17.5','8.49.7']",NULL,https://pleiades.stoa.org/places/570415,NULL,https://wikidata.org/wiki/Q3362574,NULL,NULL,NULL,NULL
25.5302283,40.5009431,"Samothrace Ins., Samothrake","Aegean Sea (Hellas)","Aegean Sea (Hellas)",['nesos'],"['7.3.9','7.4.2','7.4.3']",NULL,https://pleiades.stoa.org/places/501597,NULL,https://wikidata.org/wiki/Q203175,NULL,NULL,https://imperium.ahlfeldt.se/places/41113,NULL
22.4237,37.0821,"Heroon of Hippolytos at Sparta","Lakonia Bk3",Sparta,['heroon'],['3.12.9'],Sparta,NULL,NULL,https://wikidata.org/wiki/Q124616556,NULL,NULL,NULL,NULL
21.630126,37.637849,"Altar of Dionysos at Olympia","Eleia Bk5 Bk6",Olympia,['bomos'],['5.15.4'],Olympia,NULL,NULL,NULL,NULL,NULL,NULL,NULL
27.9632845,38.62477125,"Sanctuary of Artemis Anaiitis in Lydia","Asia Minor (Asia)",Lydia/Maionia,['hieron'],['3.16.8'],Lydia/Maionia,NULL,NULL,https://wikidata.org/wiki/Q124616459,https://resource.manto.unh.edu/10150364,NULL,NULL,NULL
23.42372,37.74991,"Stadium of Aigina, supporting the theater","Aigina island Bk2","Aigina polity",['stadion'],['2.29.11'],"Aigina polity",NULL,NULL,NULL,NULL,NULL,NULL,NULL
22.01894,38.21393,Rhypai,"Achaia Bk7","Achaia Bk7",['polis'],"['7.18.7','7.23.4','7.6.1']",NULL,https://pleiades.stoa.org/places/570647,NULL,https://wikidata.org/wiki/Q2148349,NULL,Rypes,NULL,NULL
22.156,37.617,"Mylaon river","Arcadia Bk8","Arcadia Bk8",['potamos'],"['8.36.1','8.36.2']",NULL,https://pleiades.stoa.org/places/573381,NULL,NULL,NULL,NULL,NULL,NULL
22.834379,37.798572,Tenea,"Corinthia Bk2","Corinthia Bk2",['polis'],['2.5.4'],NULL,https://pleiades.stoa.org/places/570711,NULL,https://wikidata.org/wiki/Q25535198,NULL,NULL,NULL,NULL
23.59246,38.43335,"Altar of Artemis at Aulis","Boiotia Bk9","temple of Artemis at Aulis",['bomos'],['3.9.4'],"temple of Artemis at Aulis",NULL,NULL,NULL,NULL,NULL,NULL,NULL
21.681159,37.248527,Kyparissia,"Messenia Bk4","Messenia Bk4",['polis'],"['4.33.6','4.36.7','8.1.1']",NULL,https://pleiades.stoa.org/places/570397,NULL,https://wikidata.org/wiki/Q1026705,NULL,NULL,NULL,NULL
22.81,38.28,Boulis,"Phokis Bk10","Boiotia Bk9",['settlement'],"['10.37.2','10.37.3']",NULL,https://pleiades.stoa.org/places/540694,https://topostext.org/place/383228PBou,https://wikidata.org/wiki/Q895095,NULL,NULL,NULL,NULL
22.441,37.333,"Tegea border with Lakonia on Alpheios river","Arcadia Bk8","Alpheios river (Eleia)",['horos'],['8.54.1'],NULL,NULL,NULL,NULL,NULL,NULL,NULL,NULL
32.540631,31.042265,Pelusium,"Libya (Africa)","Egypt (region)",['settlement'],['1.6.6'],NULL,https://pleiades.stoa.org/places/727192,NULL,https://wikidata.org/wiki/Q1145715,NULL,NULL,NULL,NULL
22.5384,38.0446,"Sanctuary of Apollo Theoxenios at Pellene","Achaia Bk7",Pellene,['hieron'],['7.27.4'],Pellene,NULL,NULL,https://wikidata.org/wiki/Q134037278,NULL,NULL,NULL,NULL
22.450723,37.331323,"Spring near Phylake feeding Alpheios river","Arcadia Bk8",Phylake,['pege'],"['5.7.1','8.54.1']",Phylake,NULL,NULL,NULL,NULL,NULL,NULL,NULL
23.736029999999996,37.96393,"Elysian Fields (Mythic)",Hades,Hades,['pedion'],['8.53.5'],NULL,NULL,https://topostext.org/place/000000GEly,https://wikidata.org/wiki/Q157128,NULL,NULL,NULL,NULL
21.86685,37.52893,"Temple of Athena at Alipheira","Arcadia Bk8",Alipheira,"['hieron','naos']",['8.26.6'],NULL,NULL,https://topostext.org/place/375219SAtA,https://wikidata.org/wiki/Q38279559,NULL,NULL,NULL,NULL
22.7145,37.9834,"Sanctuary of Artemis Pheraia at Sicyon","Sikyonia Bk2","Sicyon (Sikyonia)",['hieron'],['2.10.7'],"Sicyon (Sikyonia)",NULL,NULL,https://wikidata.org/wiki/Q134037361,NULL,NULL,NULL,NULL
23.970146000000003,38.1465515,"Pan Cave of Marathon","Attica Bk1","hill of Pan, Marathon",['spelaion'],['1.32.7'],"hill of Pan, Marathon",NULL,https://topostext.org/place/382239CPan,https://wikidata.org/wiki/Q38283203,NULL,NULL,NULL,NULL
22.96835,38.259722,"Plain between coastal mountains of Thisbe","Boiotia Bk9",Thisbe,['pedion'],['9.32.2'],Thisbe,NULL,NULL,NULL,NULL,NULL,NULL,NULL
23.3178,38.3191,"stadium of Thebes, earth bank near Proetid gate","Boiotia Bk9","Thebes (Boeotia)","['choma ges','stadion']",['9.23.1'],"Thebes (Boeotia)",NULL,NULL,NULL,NULL,NULL,NULL,NULL
22.4237,37.0821,"Tomb of Leonidas in Sparta","Lakonia Bk3",Sparta,['mnema'],['3.14.1'],Sparta,NULL,NULL,https://wikidata.org/wiki/Q124616321,NULL,NULL,NULL,NULL
21.8388,38.3943,"Sanctuary of Asclepius in Naupaktos","Aitolia region",Naupaktos,"['Asclepieion','hieron']",['10.38.13'],NULL,NULL,https://topostext.org/place/384218SAsk,https://wikidata.org/wiki/Q134039989,NULL,NULL,NULL,NULL
33.7104,16.938,Meroe,"Libya (Africa)","Egypt (region)",['polis'],"['1.33.4','5.7.4']",NULL,https://pleiades.stoa.org/places/805630,NULL,https://wikidata.org/wiki/Q5780,NULL,NULL,NULL,NULL
22.3933,37.6181,"Common Hearth in Mantineia, round, tomb of Antinoê","Arcadia Bk8","Mantineia (Arkadia)","['hestia','mnema']",['8.9.5'],"Mantineia (Arkadia)",NULL,NULL,NULL,https://resource.manto.unh.edu/10152237,NULL,NULL,NULL
20.59,38.2,"Kephallania (Kefallenia)","Hellas (Europe)","Ionian Sea (Greece/Italy)",['nesos'],"['1.37.6','4.23.5']",NULL,https://pleiades.stoa.org/places/530826,https://topostext.org/place/382206IKep,https://wikidata.org/wiki/Q178488,NULL,NULL,NULL,NULL
21.66,36.9517,"Sanctuary of Athena Koryphasia at Pylos","Messenia Bk4","Pylos/Koryphasion cape (Messenia)",['hieron'],['4.36.2'],"Pylos/Koryphasion cape (Messenia)",NULL,NULL,https://wikidata.org/wiki/Q134036751,NULL,NULL,NULL,NULL
22.5813,38.6424,"Adyton of Dionysos at Amphikleia without entrance or agalma","Phokis Bk10",Amphikleia,['adyton'],['10.33.11'],Amphikleia,NULL,NULL,NULL,NULL,NULL,NULL,NULL
23.044957,38.585688,"spring at Kyrtones with sanctuary and cold water","Boiotia Bk9",Kyrtones,['pege'],['9.24.4'],Kyrtones,NULL,NULL,NULL,NULL,NULL,NULL,NULL
21.3746,37.8917,"Temple of Apollo Akesios in Agora of Elis","Eleia Bk5 Bk6","Agora of Elis",['naos'],['6.24.6'],"Agora of Elis",NULL,NULL,https://wikidata.org/wiki/Q107031201,NULL,NULL,NULL,NULL
27.339721999999995,37.941944,Ephesos,"Asia Minor (Asia)","Ionia (region)",['polis'],"['1.9.7','10.9.9','3.17.4','4.31.8','5.12.4','7.2.7','7.2.8','7.3.4','7.3.5','7.5.10']",NULL,https://pleiades.stoa.org/places/599612,NULL,https://wikidata.org/wiki/Q47611,NULL,"Ephesus, Arsinoeia",NULL,NULL
22.4191,37.0841,"ring of plane trees at Platanistas, Sparta","Lakonia Bk3","Platanista grove (Lakonia)",['platanos'],['3.14.8'],"Platanista grove (Lakonia)",NULL,NULL,NULL,NULL,NULL,NULL,NULL
23.729299999999995,37.9713,"Anakeion at Athens","Athenai Bk1","Athenai Bk1",['hieron'],"['1.18.1','1.18.2']",NULL,NULL,https://topostext.org/place/380237SAna,https://wikidata.org/wiki/Q484363,NULL,"Sanctuary of the Dioscuri, Athens",NULL,NULL
21.62975,37.63754,"Altar of Zeus Herkeios at Olympia at House of Oenomaus","Eleia Bk5 Bk6","House of Oenomaus at Olympia (foundations)",['bomos'],['5.14.7'],"House of Oenomaus at Olympia (foundations)",NULL,NULL,NULL,NULL,NULL,NULL,NULL
23.723000000000003,37.975,"Batrachioun, lawcourt, Athens","Athenai Bk1","Athenai Bk1","['dikasterion','oikema']",['1.28.8'],NULL,NULL,https://topostext.org/binder/JB0738,NULL,NULL,NULL,NULL,NULL
23.2733,38.2213,"pronaos of temple of Athena Areia, Plataea","Boiotia Bk9","temple in hieron of Athena Areia at Plataea",['pronaos'],['9.4.2'],"temple in hieron of Athena Areia at Plataea",NULL,NULL,NULL,NULL,NULL,NULL,NULL
23.726443,37.972,"salt water cistern in the Erechtheion","Athenai Bk1","Erechtheion, Athens",['phrear'],"['1.26.5','8.10.4']","Erechtheion, Athens",NULL,NULL,NULL,NULL,"wave kyma",NULL,NULL
39.5,45.5,Sarmatia,"Pontus Euxinus","Scythia (Europe)",['chora'],['1.21.5'],NULL,https://pleiades.stoa.org/places/825371,NULL,https://wikidata.org/wiki/Q2528503,NULL,NULL,NULL,NULL
17.946867,40.641136,Brundisium/Brentesion,"Italia (Europe)","Italia (Europe)",['settlement'],['6.19.9'],NULL,https://pleiades.stoa.org/places/442509,NULL,https://wikidata.org/wiki/Q103155084,NULL,NULL,NULL,NULL
23.3178,38.3191,"Plain of Thebes","Boiotia Bk9","Thebes (Boeotia)",['pedion'],['9.1.6'],"Thebes (Boeotia)",NULL,NULL,NULL,NULL,NULL,NULL,NULL
22.3557,38.4802,"Myonia/Myania (Phokis)","Phokis Bk10","Phokis Bk10",['polis'],"['10.38.8','6.19.5']",NULL,NULL,https://topostext.org/place/385224PMya,https://wikidata.org/wiki/Q2358920,NULL,NULL,NULL,NULL
22.4237,37.0821,"Stoas in quadrangle at Sparta, ancient market","Lakonia Bk3",Sparta,['stoa'],['3.13.6'],Sparta,NULL,NULL,https://wikidata.org/wiki/Q124616417,NULL,NULL,NULL,NULL
23.831887,37.848698,"memorial to Kranaos, Lamptrai","Attica Bk1",Lamptrai,['mnema'],['1.31.3'],Lamptrai,NULL,NULL,https://wikidata.org/wiki/Q124644568,https://resource.manto.unh.edu/10159378,NULL,NULL,NULL
48.24854,32.19202,"Susa/Seleucia ad Eulaeum","Asia (continent)","Asia (continent)",['settlement'],"['1.42.3','10.31.7','3.16.8','3.9.5','4.31.5','6.5.7']",NULL,https://pleiades.stoa.org/places/912936,NULL,https://wikidata.org/wiki/Q180773,NULL,NULL,NULL,NULL
22.7145,37.9834,"Stoa in Asclepieion of Sicyon","Sikyonia Bk2","Sicyon (Sikyonia)",['stoa'],['2.10.2'],"Sicyon (Sikyonia)",NULL,NULL,NULL,NULL,NULL,NULL,NULL
22.8426,36.6845,"Asopos (Lakonia)","Lakonia Bk3","Lakonia Bk3",['polis'],"['3.21.7','3.22.10','3.22.9']",NULL,https://pleiades.stoa.org/places/570129,https://topostext.org/place/367229UAso,https://wikidata.org/wiki/Q12874174,NULL,NULL,NULL,NULL
23.3178,38.3191,"Gymnasium of the Herakleion in Thebes","Boiotia Bk9","Thebes (Boeotia)",['gymnasion'],['9.11.7'],"Thebes (Boeotia)",NULL,NULL,NULL,NULL,NULL,NULL,NULL
22.7145,37.9834,"House of Cleon at Sicyon","Sikyonia Bk2","Sicyon (Sikyonia)",['oikia'],['2.8.1'],"Sicyon (Sikyonia)",NULL,NULL,NULL,NULL,NULL,NULL,NULL
22.142,37.278,Aigytis,"Arcadia Bk8","Arcadia Bk8",['chora'],"['8.27.4','8.34.5']",NULL,https://pleiades.stoa.org/places/570053,NULL,https://wikidata.org/wiki/Q131903788,NULL,NULL,NULL,NULL
22.4237,37.0821,"Heroon of Kadmos son of Agenor  in Sparta","Lakonia Bk3",Sparta,['heroon'],['3.15.8'],Sparta,NULL,NULL,https://wikidata.org/wiki/Q124616572,NULL,NULL,NULL,NULL
23.1602,37.6335,"Precinct of Asclepius in the city of Epidauros","Epidauria Bk2",Epidauros,['temenos'],['2.29.1'],Epidauros,NULL,NULL,NULL,NULL,NULL,NULL,NULL
22.7195,37.6316,"Kriterion in Argos","Argolid Bk2","Argos (Argolid)",['chorion'],['2.20.7'],"Argos (Argolid)",NULL,https://topostext.org/place/376227BKrN,NULL,NULL,NULL,NULL,NULL
23.34285,37.997,"sanctuary of Athena Nike in Megara","Megarid Bk1","acropolis of Alcathoos, Megara",['hieron'],['1.42.4'],"acropolis of Alcathoos, Megara",NULL,NULL,https://wikidata.org/wiki/Q124644636,NULL,NULL,NULL,NULL
22.6973,37.55,"House of Hippomedon, foundations only, at the top of mountain Pontinos","Argolid Bk2","Pontinos hill (Argolid)",['oikia'],['2.36.8'],"Pontinos hill (Argolid)",NULL,NULL,NULL,NULL,NULL,NULL,NULL
21.738518,38.243265,"sanctuary of Asclepius in stoa at Patrae","Achaia Bk7",Patrae,['hieron'],['7.20.9'],Patrae,NULL,NULL,https://wikidata.org/wiki/Q134036829,NULL,NULL,NULL,NULL
22.24829,37.65507,"Cave of Alkimedon, hero, on Mt. Ostrakina","Arcadia Bk8","Ostrakina mountain",['spelaion'],['8.12.2'],"Ostrakina mountain",NULL,NULL,NULL,NULL,NULL,NULL,NULL
21.6336,37.637,"altar at hippodrome of Olympia","Eleia Bk5 Bk6","Hippodrome (Olympia)",['bomos'],['6.20.12'],"Hippodrome (Olympia)",NULL,NULL,NULL,NULL,NULL,NULL,NULL
21.374,37.89,"Poseidon Satrapes monument in Elis","Eleia Bk5 Bk6","Elis polis","['mythic site']","['6.25.5','6.25.6']","Elis polis",NULL,NULL,NULL,NULL,NULL,NULL,NULL
23.723000000000003,37.975,"Agora of Athens","Athenai Bk1","Athenai Bk1",['agora'],['1.17.1'],NULL,NULL,https://topostext.org/place/380237XAgo,https://wikidata.org/wiki/Q395367,NULL,NULL,NULL,NULL
15.649244000000001,38.111146,Rhegion,"Italia (Europe)","Italia (Europe)",['polis'],"['4.23.6','4.26.2','5.25.2','5.26.4','5.26.5','5.27.8','6.6.4']",NULL,https://pleiades.stoa.org/places/452416,NULL,https://wikidata.org/wiki/Q3429952,NULL,NULL,NULL,NULL
21.738518,38.243265,"Sanctuary of Asclepius at Patrae, beyond acropolis, gates leading to Mesatis","Achaia Bk7",Patrae,['hieron'],['7.21.14'],Patrae,NULL,NULL,https://wikidata.org/wiki/Q134036821,NULL,NULL,NULL,NULL
22.334,37.453,"Sanctuary of Demeter and Korê at Pallantion","Arcadia Bk8","Pallantion (Arkadia)",['hieron'],['8.44.5'],"Pallantion (Arkadia)",NULL,NULL,https://wikidata.org/wiki/Q134037128,NULL,NULL,NULL,NULL
23.4767,37.4844,"Temple of Athena Apatouria on the island Sphairia","Troizenia Bk2","Sphairia? (Poros)",['naos'],['2.33.1'],"Sphairia? (Poros)",https://pleiades.stoa.org/places/603144223,NULL,https://wikidata.org/wiki/Q127271546,NULL,NULL,NULL,NULL
23.34285,37.997,"Old gymnasium at Megara, near Nymphades gates","Megarid Bk1","Megara (Megarid)",['gymnasion'],['1.44.2'],"Megara (Megarid)",NULL,NULL,https://wikidata.org/wiki/Q124644665,NULL,NULL,NULL,NULL
27.750000000000004,40.25,"Mysia (Bithynia)","Asia Minor (Asia)","Asia Minor (Asia)",['chora'],['7.8.9'],NULL,https://pleiades.stoa.org/places/511328,NULL,https://wikidata.org/wiki/Q622319,NULL,NULL,NULL,NULL
21.863791,37.613569,"Baths by Alpheios at Heraia","Arcadia Bk8","Heraia (Arcadia)",['loutron'],['8.26.1'],"Heraia (Arcadia)",NULL,NULL,NULL,NULL,NULL,NULL,NULL
22.527,36.696,"Promontory with temple of Diktynne and Smenos river to left","Lakonia Bk3","Lakonia Bk3",['akra'],['3.24.9'],NULL,NULL,NULL,NULL,NULL,NULL,NULL,NULL
23.73352,37.96822,"Temple of Kronos and Rhea, Athens","Athenai Bk1","Athenai Bk1",['naos'],['1.18.7'],NULL,NULL,https://topostext.org/binder/JB3632,https://wikidata.org/wiki/Q65238154,NULL,NULL,NULL,NULL
23.154521,38.293384,Thespiai,"Boiotia Bk9","Boiotia Bk9",['polis'],"['10.20.1','9.14.2','9.20.2','9.23.2','9.26.6','9.26.7','9.27.4','9.27.5','9.29.3','9.31.7','9.32.5']",NULL,https://pleiades.stoa.org/places/541141,https://topostext.org/place/383232PThe,https://wikidata.org/wiki/Q1141295,NULL,NULL,NULL,NULL
22.7223,37.7867,"Tretos pass (Korinthia)","Argolid Bk2","Argolid Bk2",['esbole'],"['2.15.2','2.15.4']",NULL,https://pleiades.stoa.org/places/573567,https://topostext.org/place/378227LTre,https://wikidata.org/wiki/Q123503112,NULL,NULL,NULL,NULL
27.12558,37.66144,"Mycale (mountain)","Asia Minor (Asia)","Ionia (region)",['oros'],"['1.25.1','3.7.9','5.7.5','7.4.1','8.52.3']",NULL,https://pleiades.stoa.org/places/599805,NULL,https://wikidata.org/wiki/Q1330828,NULL,NULL,NULL,NULL
23.0587,38.3208,"Grove of the Muses on Mt. Helikon","Boiotia Bk9","Helicon mountain",['alsos'],"['9.29.5','9.31.3']",NULL,https://pleiades.stoa.org/places/540951,https://topostext.org/place/383231SMus,https://wikidata.org/wiki/Q7912361,https://resource.manto.unh.edu/10774951,NULL,NULL,NULL
23.160772,38.493128,"Sanctuary of Demeter at Kopai","Boiotia Bk9",Kopai,['hieron'],['9.24.1'],Kopai,NULL,NULL,https://wikidata.org/wiki/Q134037709,NULL,NULL,NULL,NULL
16.1315,39.03644,Temesa/Tempsa,"Italia (Europe)","Italia (Europe)",['settlement'],"['6.6.10','6.6.11','6.6.7','6.6.8','6.6.9']",NULL,https://pleiades.stoa.org/places/452469,NULL,https://wikidata.org/wiki/Q3983093,NULL,NULL,NULL,NULL
22.3154,37.7247,"Stadium of Ladas near Mantineia","Arcadia Bk8","road Mantineia to Orchomenos via Maera",['stadion'],['8.12.5'],NULL,NULL,NULL,NULL,NULL,NULL,NULL,NULL
13.82184,37.96884,Himera,"Sicilia (island)","Sicilia (island)",['settlement'],"['2.22.7','3.19.13','5.23.4','6.4.11']",NULL,https://pleiades.stoa.org/places/462244,NULL,https://wikidata.org/wiki/Q1111219,NULL,NULL,NULL,NULL
23.882709800000004,38.0814366,"Pentelikon/Brilessos (mountain)","Attica Bk1","Attica Bk1",['oros'],"['1.19.6','1.32.1','1.32.2','5.6.6','9.11.6','9.25.3']",NULL,https://pleiades.stoa.org/places/580065,https://topostext.org/place/381239LPen,https://wikidata.org/wiki/Q1125206,NULL,NULL,NULL,NULL
23.7226,37.9724,"Athena Areia altar, Athens","Athenai Bk1","Athenai Bk1",['bomos'],['1.28.5'],NULL,NULL,https://topostext.org/binder/JB0600,NULL,NULL,NULL,NULL,NULL
21.705,36.817,"Harbor of Mothone made of Mothon rock","Messenia Bk4","Methone/Mothone (Messenian)",['limen'],['4.35.1'],"Methone/Mothone (Messenian)",NULL,NULL,NULL,NULL,NULL,NULL,NULL
10.327986,36.857569,"Carthage, Carthago","Libya (Africa)","Libya (Africa)",['settlement'],"['2.1.2','5.25.6','8.30.9','8.43.4']",NULL,https://pleiades.stoa.org/places/314921,NULL,https://wikidata.org/wiki/Q6343,NULL,NULL,NULL,NULL
23.588,37.942,"Psyttaleia (island)","Attica Bk1","Attica Bk1",['nesos'],"['1.36.2','4.36.6']",NULL,https://pleiades.stoa.org/places/580094,NULL,https://wikidata.org/wiki/Q2031588,NULL,NULL,NULL,NULL
23.026,36.731,"olive trees around altars of Asclepius at Epidaurus Limera","Lakonia Bk3","Altars of Asclepius at shore of Epidauros Limera",['elaia'],['3.23.7'],"Altars of Asclepius at shore of Epidauros Limera",NULL,NULL,NULL,NULL,NULL,NULL,NULL
23.707,37.992,"Herakles altar, Academy, Athens","Athenai Bk1","Academy of Plato, Athens",['bomos'],['1.30.2'],NULL,NULL,https://topostext.org/binder/JB1529,NULL,NULL,NULL,NULL,NULL
19.638889,40.198056,"Thronion of Thesprotia","Hellas (Europe)","Ceraunii (mountain)",['polisma'],"['5.22.3','5.22.4']","Ceraunii (mountain)",https://pleiades.stoa.org/places/484015,NULL,https://wikidata.org/wiki/Q56755112,NULL,NULL,NULL,NULL
27.184167,39.1325,"Altar of Zeus at Pergamon","Asia Minor (Asia)",Pergamum,['bomos'],['5.13.8'],Pergamum,NULL,NULL,NULL,NULL,NULL,NULL,NULL
22.1273,37.4124,"Temple of Herakles and Hermes by stadium of Megalopolis, vanished except for altar","Arcadia Bk8","Megalopolis (Arkadia)",['naos'],['8.32.3'],"Megalopolis (Arkadia)",NULL,NULL,NULL,NULL,NULL,NULL,NULL
23.3484,37.5033,"House of Hippolytus in Troizen","Troizenia Bk2","Troizen (Troizenia)",['oikia'],['2.32.4'],"Troizen (Troizenia)",NULL,NULL,NULL,NULL,NULL,NULL,NULL
22.1741,37.5395,Eutresia,"Arcadia Bk8","Arcadia Bk8",['chora'],['8.27.3'],NULL,https://pleiades.stoa.org/places/570250,NULL,https://wikidata.org/wiki/Q61465857,NULL,NULL,NULL,NULL
15.885196,42.7752864,Histria,"Illyria (Europe)","Illyria (Europe)",['nesos'],['10.32.19'],"Adriaticum/Superum Mare",https://pleiades.stoa.org/places/197304,NULL,NULL,NULL,Istria,NULL,NULL
21.599,37.533,"Samikon/Samia (Triphylia)","Eleia Bk5 Bk6",Triphylia,['polis'],"['5.5.11','5.5.3','5.5.7','5.6.1','5.6.2','5.6.3','6.25.6']",NULL,https://pleiades.stoa.org/places/570653,https://topostext.org/place/375216USam,https://wikidata.org/wiki/Q3558588,NULL,NULL,NULL,NULL
23.419,39.964,Mende,"Macedonia (Europe)","Chalcidike region (Chalkidike)",['polis'],['5.10.8'],NULL,https://pleiades.stoa.org/places/501515,NULL,https://wikidata.org/wiki/Q3305786,NULL,NULL,NULL,NULL
23.3178,38.3191,"Chamber of Semele in Thebes","Boiotia Bk9","Thebes (Boeotia)",['thalamos'],['9.12.4'],"Thebes (Boeotia)",NULL,NULL,NULL,NULL,NULL,NULL,NULL
22.5324,37.3091,"Hermai (Lakonia)","Lakonia Bk3","Lakonia Bk3",['horos'],"['2.38.7','3.1.1','3.10.6']",NULL,https://pleiades.stoa.org/places/570291,https://topostext.org/place/373225SHer,https://wikidata.org/wiki/Q123501155,NULL,NULL,NULL,NULL
27.339721999999995,37.941944,"Sanctuary beside the Olympieion at Ephesos","Asia Minor (Asia)",Ephesos,['hieron'],['7.2.9'],Ephesos,NULL,NULL,NULL,NULL,NULL,NULL,NULL
21.738518,38.243265,"acropolis of Patrae","Achaia Bk7",Patrae,['acropolis'],"['7.18.8','7.18.9']",Patrae,NULL,NULL,https://wikidata.org/wiki/Q124626027,NULL,NULL,NULL,NULL
22.569,36.755,Migonion,"Lakonia Bk3",Gythion,['topos'],"['3.22.1','3.22.2']",NULL,https://pleiades.stoa.org/places/573377,NULL,https://wikidata.org/wiki/Q110372255,NULL,NULL,NULL,NULL
18.16938,40.35167,Lupiae,"Italia (Europe)","Italia (Europe)",['settlement'],['6.19.9'],NULL,https://pleiades.stoa.org/places/442642,NULL,https://wikidata.org/wiki/Q3974286,NULL,Lupia,NULL,NULL
22.237649,36.884777,"Temenos of the Daughters of Nereus near Kardamyle","Lakonia Bk3",Kardamyle,['temenos'],['3.26.7'],Kardamyle,NULL,NULL,https://wikidata.org/wiki/Q124616359,NULL,NULL,NULL,NULL
21.63076,37.64235,"Forepart of Temple of Eileithyia at Olympia","Eleia Bk5 Bk6","Eileithyia temple at Olympia",['naos'],['6.20.3'],"Eileithyia temple at Olympia",NULL,NULL,NULL,NULL,NULL,NULL,NULL
21.804,36.806,"Phoinikous (Messenia)","Messenia Bk4","Messenia Bk4",['limen'],['4.34.12'],NULL,NULL,https://topostext.org/place/368218UPho,https://wikidata.org/wiki/Q48781608,NULL,NULL,NULL,NULL
22.5226845,41.0572437,"Axios (river)","Macedonia (Europe)","Macedonia (Europe)",['potamos'],['5.1.5'],NULL,https://pleiades.stoa.org/places/491534,NULL,https://wikidata.org/wiki/Q189596,NULL,NULL,NULL,NULL
22.66931,38.58344,"Grove of Athena at Tithorea","Phokis Bk10",Tithorea/Neon,['alsos'],['10.32.10'],Tithorea/Neon,NULL,NULL,NULL,NULL,NULL,NULL,NULL
23.243591,37.385218,"Enclosures, large stones, in Hermione, dedicated to Demeter","Hermionis Bk2",Hermione,['peribolos'],['2.34.10'],Hermione,NULL,NULL,NULL,NULL,NULL,NULL,NULL
22.51,37.31,"Sanctuary of Zeus Skotitas in Lakonia","Lakonia Bk3","Skotitas region (Lakonia)",['hieron'],['3.10.6'],"Skotitas region (Lakonia)",NULL,NULL,https://wikidata.org/wiki/Q124616585,NULL,NULL,NULL,NULL
33.1438299,34.712174,"Sanctuary of Aphrodite and Adonis at Amathous","Cyprus (island)",Amathous,['hieron'],['9.41.2'],Amathous,NULL,NULL,https://wikidata.org/wiki/Q134038490,https://resource.manto.unh.edu/10786055,NULL,NULL,NULL
22.7145,37.9834,"Phobos, place in Sicyonia","Sikyonia Bk2","Sicyon (Sikyonia)",['chorion'],['2.7.7'],"Sicyon (Sikyonia)",NULL,NULL,NULL,NULL,NULL,NULL,NULL
21.880939,37.254095,"Achaia spring","Messenia Bk4",Dorion,['pege'],['4.33.7'],NULL,https://pleiades.stoa.org/places/573048,NULL,NULL,NULL,NULL,NULL,NULL
22.4237,37.0821,"Heroon of Karneios in Sparta near Skias","Lakonia Bk3","Skias of Sparta",['oikia'],['3.13.3'],"Skias of Sparta",NULL,NULL,https://wikidata.org/wiki/Q124616557,NULL,NULL,NULL,NULL
22.461269,37.616101,"Philippion spring near Nestane","Arcadia Bk8",Nestane,['pege'],['8.7.4'],Nestane,NULL,NULL,NULL,NULL,NULL,NULL,NULL
23.412,38.4,"Mt. Hypatos above Glisas","Boiotia Bk9","Boiotia Bk9",['oros'],['9.19.3'],NULL,NULL,NULL,https://wikidata.org/wiki/Q25069937,NULL,NULL,NULL,NULL
23.235,37.3884,"Sanctuary of Demeter Chthonia in Hermione","Hermionis Bk2","Pron M.",['hieron'],"['2.35.10','2.35.4','2.35.6','2.35.8','2.35.9','3.14.5']","Pron M.",NULL,https://topostext.org/place/374232SDCh,https://wikidata.org/wiki/Q134040022,https://resource.manto.unh.edu/10214897,NULL,NULL,NULL
23.706200000000003,37.9373,"altars to the unknown gods in Phaleron","Attica Bk1",Phaleron,['bomos'],['1.1.4'],Phaleron,NULL,NULL,https://wikidata.org/wiki/Q124644551,NULL,NULL,NULL,NULL
27.14843,38.40537,"Pagos M.","Asia Minor (Asia)","Smyrna (Ionia)",['oros'],"['7.5.2','7.5.3']",NULL,https://pleiades.stoa.org/places/550795,NULL,NULL,NULL,NULL,NULL,NULL
23.46048,37.32924,"Hydroussa/Hydrea (island)","Hermionis Bk2","Aegean Sea (Hellas)",['nesos'],['2.34.9'],NULL,https://pleiades.stoa.org/places/570299,NULL,https://wikidata.org/wiki/Q208319,NULL,NULL,NULL,NULL
5.365307,43.299467,Massalia/Massilia,Europe,"Keltike (Europe)",['polis'],"['10.18.7','10.8.6']",NULL,https://pleiades.stoa.org/places/148127,NULL,https://wikidata.org/wiki/Q2566850,NULL,NULL,NULL,NULL
22.7348,37.469,"Olive trees on n the road passing from Anigraia and going to the sea","Argolid Bk2",Anigraia,['elaia'],['2.38.4'],Anigraia,NULL,NULL,NULL,NULL,NULL,NULL,NULL
47.5259884,33.0958458,"Shaur/Choaspes?/Eulaeus?/Uknu? (river)","Asia (continent)","Asia (continent)",['potamos'],['10.31.7'],NULL,https://pleiades.stoa.org/places/912935,NULL,NULL,NULL,NULL,NULL,NULL
22.649131,37.846299,"Tombs of Aras's children on the Arantinos hill","Phlious Bk2","Arantinos Lophos",['mnema'],['2.12.5'],"Arantinos Lophos",NULL,NULL,NULL,https://resource.manto.unh.edu/10158689,NULL,NULL,NULL
23.7307,37.9709,"Prytaneion (Athens)","Athenai Bk1","Athenai Bk1",['prytaneion'],"['1.20.1','1.26.3','1.28.10']",NULL,NULL,https://topostext.org/place/380237BPry,https://wikidata.org/wiki/Q20616418,NULL,NULL,NULL,NULL
21.456,37.632,"Mouths of Alpheios","Eleia Bk5 Bk6","Eleia Bk5 Bk6",['horos'],['8.1.2'],NULL,NULL,NULL,NULL,NULL,NULL,NULL,NULL
22.3933,37.6181,"Heroon of Podares in agora of Mantineia","Arcadia Bk8","Agora of Mantineia",['heroon'],['8.9.9'],"Agora of Mantineia",NULL,NULL,NULL,NULL,NULL,NULL,NULL
22.3777,38.1286,"Sanctuary of the Syrian Goddess at Aigeira","Achaia Bk7","Aigeira (Achaia)",['hieron'],['7.26.7'],"Aigeira (Achaia)",NULL,NULL,https://wikidata.org/wiki/Q134037136,NULL,NULL,NULL,NULL
23.031,38.319,"Hippokrene spring on Helikon","Boiotia Bk9","Helicon mountain",['pege'],['9.31.3'],NULL,NULL,https://topostext.org/place/383230WHip,https://wikidata.org/wiki/Q195848,https://resource.manto.unh.edu/9878338,NULL,NULL,NULL
23.7261021,37.974038,"Roman Agora of Athens","Athenai Bk1","Athenai Bk1",['agora'],"['1.17.1','1.17.2']",NULL,https://pleiades.stoa.org/places/773761100,NULL,https://wikidata.org/wiki/Q1435551,NULL,NULL,NULL,NULL
21.738518,38.243265,"Tomb of Preugenes at Patrae, in front of Athena sanctuary","Achaia Bk7",Patrae,['mnema'],['7.20.9'],Patrae,NULL,NULL,NULL,https://resource.manto.unh.edu/10274396,NULL,NULL,NULL
22.5,37.5,"all Greek rivers","Hellas (Europe)","Hellas (Europe)",['potamos'],['8.20.1'],"Hellas (Europe)",NULL,NULL,NULL,NULL,NULL,NULL,NULL
21.9,38.2,"Keryneia mountain","Achaia Bk7","Achaia Bk7",['oros'],['7.25.5'],"Achaia Bk7",https://pleiades.stoa.org/places/573286,NULL,NULL,NULL,NULL,NULL,NULL
24.0271,37.6529,"Temple of Athena at Sounion","Attica Bk1","Sounion cape (Attica)",['naos'],['1.1.1'],NULL,NULL,https://topostext.org/place/377240SAth,https://wikidata.org/wiki/Q24204542,NULL,"so-called Temple of Poseidon",NULL,NULL
16.1315,39.03644,"temenos and temple or heroon of Hero at Temesa","Italia (Europe)",Temesa/Tempsa,"['naos','temenos']","['6.6.11','6.6.8']",Temesa/Tempsa,https://pleiades.stoa.org/places/456116,NULL,NULL,NULL,"Temple of Polites at Temesa",NULL,NULL
22.442714,36.460433,Kainepolis,"Lakonia Bk3","Lakonia Bk3",['polis'],"['3.21.7','3.25.9']",NULL,https://pleiades.stoa.org/places/570322,NULL,https://wikidata.org/wiki/Q29788547,NULL,NULL,NULL,NULL
21.098477,39.208695,Phana,"Aitolia region","Aitolia region",['kome'],"['10.18.1','10.18.2']",NULL,NULL,NULL,https://wikidata.org/wiki/Q131911427,NULL,Phanai,NULL,NULL
22.2612,36.9556,"Alagonia (Messenia)","Lakonia Bk3","Messenia Bk4",['polisma'],"['3.21.7','3.26.11']",NULL,NULL,https://topostext.org/place/370223UAla,https://wikidata.org/wiki/Q3773354,NULL,NULL,NULL,NULL
35.92232,35.37806,"Sanctuary of Doto in Gabala","Asia (continent)",Gabala,['hieron'],['2.1.8'],Gabala,NULL,NULL,https://wikidata.org/wiki/Q134038499,https://resource.manto.unh.edu/10153097,NULL,NULL,NULL
23.42372,37.74991,"Altar/Tomb of Aiakos in Aigina","Aigina island Bk2","Aiakeion in Aigina",['bomos'],['2.29.8'],"Aiakeion in Aigina",NULL,NULL,NULL,NULL,NULL,NULL,NULL
29.5859461,39.1758167,"Penkalas (river)","Asia Minor (Asia)",Phrygia,['potamos'],"['10.32.3','8.4.3']",NULL,https://pleiades.stoa.org/places/609496,NULL,NULL,NULL,NULL,NULL,NULL
23.699604,37.993384,Lakiadai,"Attica Bk1","Attica Bk1",['demos'],['1.37.2'],NULL,https://pleiades.stoa.org/places/580006,NULL,https://wikidata.org/wiki/Q13427353,NULL,NULL,NULL,NULL
23.717999999999996,37.981,"Tomb of Melesandros, Athens","Athenai Bk1","Athenai Bk1",['taphos'],['1.29.7'],NULL,NULL,https://topostext.org/binder/JB2085,NULL,NULL,NULL,NULL,NULL
23.7215,37.9674,"Mouseion Hill, fortification, Athens","Athenai Bk1","Mouseion Hill (Athens)",['teichos'],"['1.25.8','1.26.1','1.26.2','1.29.13']",NULL,NULL,https://topostext.org/binder/JB2158,NULL,NULL,NULL,NULL,NULL
22.454127,37.066091,Therapne,"Lakonia Bk3","Lakonia Bk3",['demos'],"['3.14.9','3.19.6','3.19.9','3.20.1','3.20.2']",NULL,https://pleiades.stoa.org/places/570723,NULL,https://wikidata.org/wiki/Q15940498,NULL,NULL,NULL,NULL
22.3993,37.5625,Skope,"Arcadia Bk8","Mantineia battlefield 362 BCE",['battlefield'],['8.11.7'],NULL,https://pleiades.stoa.org/places/573523,https://topostext.org/place/376224FSko,NULL,NULL,"Skopi tower",NULL,NULL
23.3484,37.5033,"Rock of Theseus, on the mountains from Troizen to Hermione","Troizenia Bk2","Troizen (Troizenia)",['petra'],['2.32.7'],"Troizen (Troizenia)",NULL,NULL,NULL,NULL,NULL,NULL,NULL
22.9,37.67,"Phoronikon asty","Argolid Bk2","Argolid Bk2",['chorion'],['2.15.5'],"Argolid Bk2",https://pleiades.stoa.org/places/573460,NULL,NULL,NULL,NULL,NULL,NULL
23.707,37.992,"entrance to the Academy","Athenai Bk1","Academy of Plato, Athens",['esodos'],['1.30.1'],"Academy of Plato, Athens",NULL,NULL,NULL,NULL,NULL,NULL,NULL
22.9747,38.49312,"Treasury of Minyas (Orchomenos)","Boiotia Bk9","Orchomenos (Boeotia)",['thesauros'],"['9.36.4','9.36.5','9.38.2']",NULL,NULL,https://topostext.org/place/385230GMin,https://wikidata.org/wiki/Q1792894,NULL,NULL,NULL,NULL
27.19292,38.00466,"Oracle of Clarian Apollo in Claros","Asia Minor (Asia)",Klaros,['manteion'],['7.3.1'],Klaros,NULL,NULL,NULL,NULL,NULL,NULL,NULL
22.1273,37.4124,"Hermaion called At the Mistress, marking border of Messenia and Megalopolis","Arcadia Bk8","road Megalopolis to Carnasion",['horos'],['8.35.2'],NULL,NULL,NULL,NULL,https://resource.manto.unh.edu/10214526,"Hermaion by Despoina",NULL,NULL
22.1273,37.4124,"Temple of the Great Goddesses in Megalopolis","Arcadia Bk8","Peribolos of Great Goddesses Demeter and Korê at Megalopolis",['naos'],"['8.31.1','8.31.8']","Peribolos of Great Goddesses Demeter and Korê at Megalopolis",NULL,NULL,NULL,NULL,NULL,NULL,NULL
23.3484,37.5033,"Sanctuary of Poseidon Phytalmios at Troizen, outside walls","Troizenia Bk2","Troizen (Troizenia)",['hieron'],['2.32.8'],"Troizen (Troizenia)",NULL,NULL,https://wikidata.org/wiki/Q134037925,NULL,NULL,NULL,NULL
24.931,37.444,Syros,"Aegean Sea (Hellas)","Cyclades region (Aegean)",['nesos'],['1.20.7'],NULL,https://pleiades.stoa.org/places/590067,NULL,NULL,NULL,NULL,NULL,NULL
22.143425,38.158659,"Sanctuary of the Eumenides at Keryneia, founded by Orestes","Achaia Bk7",Keryneia,['hieron'],['7.25.7'],Keryneia,NULL,NULL,https://wikidata.org/wiki/Q134037060,NULL,NULL,NULL,NULL
35.485,36.756,"Oracle of Amphilochos at Mallos","Asia Minor (Asia)",Mallos,['manteion'],['1.34.3'],Mallos,NULL,NULL,https://wikidata.org/wiki/Q124644580,NULL,NULL,NULL,NULL
21.374,37.89,"Orthia deme in Elis","Eleia Bk5 Bk6","Elis polis",['demos'],['5.16.6'],"Elis polis",https://pleiades.stoa.org/places/573420,NULL,NULL,NULL,NULL,NULL,NULL
22.435,37.083,"Artemis Ortheia sanctuary in Sparta","Lakonia Bk3",Sparta,['hieron'],"['3.16.7','3.17.1','8.23.1']",NULL,NULL,https://topostext.org/place/371224SArt,https://wikidata.org/wiki/Q550466,https://resource.manto.unh.edu/10150351,NULL,https://imperium.ahlfeldt.se/places/22844,NULL
21.842,37.4075,"Sanctuary of Artemis Soteira at Phigaleia, on hill","Arcadia Bk8",Phigaleia,['hieron'],['8.39.5'],Phigaleia,NULL,NULL,https://wikidata.org/wiki/Q134036848,NULL,NULL,NULL,NULL
22.42659,37.08188,"Sanctuary of Hestia near the Moirai at Sparta","Lakonia Bk3","Agora of Sparta",['hieron'],['3.11.11'],"Agora of Sparta",NULL,NULL,https://wikidata.org/wiki/Q124616589,NULL,NULL,NULL,NULL
19.5,40.5,Chaonia,Europe,"Illyria (Europe)",['chora'],['10.12.10'],NULL,https://pleiades.stoa.org/places/481787,NULL,https://wikidata.org/wiki/Q1435268,NULL,NULL,NULL,NULL
21.3746,37.8917,"open-air space of the agora of Elis","Eleia Bk5 Bk6","Agora of Elis",['hypaithros'],['6.24.3'],"Agora of Elis",NULL,NULL,NULL,NULL,NULL,NULL,NULL
22.127148,37.513321,Thyraion,"Arcadia Bk8","Arcadia Bk8",['polis'],"['8.3.3','8.35.7']",NULL,https://pleiades.stoa.org/places/570735,NULL,https://wikidata.org/wiki/Q7799665,NULL,NULL,NULL,NULL
22.649131,37.846299,Arantia,"Phlious Bk2","Phlious Bk2","['chora','polis']",['2.12.4'],"Phlious Bk2",https://pleiades.stoa.org/places/573110,NULL,NULL,NULL,Phlius,NULL,NULL
21.87884,37.710489,"Temple of Asklepios at Thelpousa","Arcadia Bk8",Thelpousa,['naos'],['8.25.3'],Thelpousa,NULL,NULL,NULL,NULL,NULL,NULL,NULL
22.3,37.5,Lykaia,"Arcadia Bk8",Kynouriake,['settlement'],['8.27.3'],"Arcadia Bk8",https://pleiades.stoa.org/places/573347,NULL,https://wikidata.org/wiki/Q11934313,NULL,NULL,NULL,NULL
23.3116,38.2999,"well at Potniai that causes madness in local horses","Boiotia Bk9","Potniai (Boeotia)",['phrear'],['9.8.2'],"Potniai (Boeotia)",NULL,NULL,NULL,NULL,NULL,NULL,NULL
22.4237,37.0821,"Sanctuary of Olympian Zeus at Sparta","Lakonia Bk3",Sparta,['hieron'],['3.14.5'],Sparta,NULL,NULL,https://wikidata.org/wiki/Q124616445,NULL,NULL,NULL,NULL
22.8802,37.9054,"Open-air fountain fed by Peirene spring in Corinth","Corinthia Bk2","Corinth (Corinthia)",['pege'],['2.3.3'],"Corinth (Corinthia)",NULL,NULL,NULL,NULL,NULL,NULL,NULL
21.859,37.682,"Ladon river crossing 50 stadia N of Nasoi","Arcadia Bk8","Ladon river",['diabese'],['8.23.8'],"Ladon river",NULL,NULL,NULL,NULL,NULL,NULL,NULL
22.7195,37.6316,"Sactuary of Zeus Soter in Argos","Argolid Bk2","Argos (Argolid)",['hieron'],['2.20.6'],"Argos (Argolid)",NULL,NULL,https://wikidata.org/wiki/Q134037470,NULL,NULL,NULL,NULL
22.415199,39.378033,Cynoscephalae,"Hellas (Europe)",Thessalia,['battlefield'],['7.8.7'],NULL,https://pleiades.stoa.org/places/540719,NULL,https://wikidata.org/wiki/Q391087,NULL,NULL,NULL,NULL
26.8857,37.6718,"Ash altar of Samian Hera in Heraion at Samos","Aegean Sea (Hellas)","Heraion of Samos",['bomos'],['5.13.8'],"Heraion of Samos",NULL,NULL,NULL,NULL,NULL,NULL,NULL
22.0385,37.3935,"Akakesion (Arkadia)","Arcadia Bk8",Parrasia,['polis'],"['8.27.4','8.3.2','8.36.10','8.37.1']",NULL,https://pleiades.stoa.org/places/573061,https://topostext.org/place/368228UAkk,https://wikidata.org/wiki/Q48781557,NULL,NULL,NULL,NULL
22.50108,38.48264,"Sacred enclosure wall of Delphic sanctuary, pierced continuously with exits","Phokis Bk10","Delphic Oracle, Pytho (Delphi)",['peribolos'],['10.9.1'],"Delphic Oracle, Pytho (Delphi)",NULL,NULL,NULL,NULL,NULL,NULL,NULL
22.115,37.342,"Karnion (river)","Arcadia Bk8","Arcadia Bk8",['potamos'],['8.34.5'],NULL,https://pleiades.stoa.org/places/570332,NULL,https://wikidata.org/wiki/Q15145507,NULL,NULL,NULL,NULL
23.717999999999996,37.981,"Konon (II), tomb, Athens","Athenai Bk1","Athenai Bk1",['taphos'],['1.29.15'],NULL,NULL,https://topostext.org/binder/JB1939,NULL,NULL,NULL,NULL,NULL
23.7175,38.1741,"Zeus Ombrios altar on Parnes (Attica)","Attica Bk1","Parnes or Parnitha mountain",['bomos'],['1.32.2'],NULL,NULL,https://topostext.org/place/382237SZeu,NULL,NULL,NULL,NULL,NULL
23.3496,37.5868,"Sanctuary of Isis in Methana","Troizenia Bk2","Methana (Troizenia)",['hieron'],['2.34.1'],"Methana (Troizenia)",NULL,NULL,https://wikidata.org/wiki/Q134038051,NULL,NULL,NULL,NULL
22.87352,38.431063,"House sacred to Agathos Daimon and Agathe Tyche at Lebadeia","Boiotia Bk9",Lebadeia,['oikema'],['9.39.5'],Lebadeia,NULL,NULL,NULL,NULL,NULL,NULL,NULL
23.881220999999996,38.076666,"Pentelikon quarry","Attica Bk1","Pentelikon/Brilessos (mountain)",['lithotomia'],"['1.19.6','1.32.1']",NULL,https://pleiades.stoa.org/places/963101136,https://topostext.org/place/381239QPeA,NULL,NULL,NULL,NULL,NULL
23.8068,38.0263,"Altar of the Semnai in temple at Phlya","Attica Bk1","temple of Demeter et al in Phlya, Attica",['bomos'],['1.31.4'],"temple of Demeter et al in Phlya, Attica",NULL,NULL,https://wikidata.org/wiki/Q124644572,NULL,"Altar of the Eumenides at Phlya",NULL,NULL
22.09,38.252,"Aigion (Achaia)","Achaia Bk7","Achaia Bk7",['polis'],"['2.9.4','3.21.1','7.22.10','7.23.4','7.23.5','7.23.9','7.24.1','7.24.2','7.24.4','7.24.5','7.6.1','7.7.2']",NULL,https://pleiades.stoa.org/places/570049,https://topostext.org/place/383221PAig,https://wikidata.org/wiki/Q60790078,NULL,NULL,NULL,NULL
26.4022,38.3199,"Chalkitis (of Erythrae)","Asia Minor (Asia)",Erythrai,['chora'],['7.5.12'],NULL,https://pleiades.stoa.org/places/550494,NULL,https://wikidata.org/wiki/Q125960070,NULL,Chalkis,NULL,NULL
22.7,38.6,"Entry point to Phokis from the direction of Thessaly","Phokis Bk10","Phokis Bk10",['battlefield'],['10.1.11'],"Phokis Bk10",NULL,NULL,NULL,NULL,NULL,NULL,NULL
23.721800000000005,37.975183,"Bouleuterion (Athens Agora)","Athenai Bk1","Agora of Athens",['bouleuterion'],"['1.3.5','1.5.1','10.19.5']",NULL,NULL,https://topostext.org/place/380237BBol,https://wikidata.org/wiki/Q38278350,NULL,NULL,NULL,NULL
29.97,31.2,"Kanobikon Stoma","Libya (Africa)","Egypt (region)",['strait'],['5.21.9'],NULL,https://pleiades.stoa.org/places/727137,NULL,NULL,NULL,NULL,NULL,NULL
21.738518,38.243265,"Precinct of Aphrodite by the harbor of Patrae","Achaia Bk7",Patrae,['temenos'],['7.21.10'],Patrae,NULL,NULL,NULL,NULL,NULL,NULL,NULL
23.159,37.263,"Pityoussa (Spetses)","Hermionis Bk2","Aegean Sea (Hellas)",['nesos'],['2.34.8'],NULL,NULL,https://topostext.org/place/373233IPit,https://wikidata.org/wiki/Q368275,NULL,NULL,NULL,NULL
12.7092,41.7244,"Precinct of Artemis in Aricia, Italy","Italia (Europe)",Aricia,"['hieron','temenos']",['2.27.4'],NULL,NULL,https://topostext.org/place/417127SDiN,https://wikidata.org/wiki/Q18590113,https://resource.manto.unh.edu/11289217,"Diana Nemorensis sanctuary",NULL,NULL
23.73147,38.08194,"Cult of Heracles at Acharnai","Attica Bk1",Acharnae,['cult'],['1.31.6'],Acharnae,NULL,NULL,NULL,NULL,NULL,NULL,NULL
22.7195,37.6316,"Stadium of Argos, going up to the Acropolis","Argolid Bk2","Ascent from Argos to Larisa citadel",['stadion'],['2.24.2'],"Ascent from Argos to Larisa citadel",NULL,NULL,NULL,NULL,NULL,NULL,NULL
30.143760000000004,38.33261,"tomb of Mygdon in Phrygia, at border between Phrygians and Stektorênoi","Asia Minor (Asia)",Phrygia,['mnema'],['10.27.1'],NULL,NULL,NULL,NULL,https://resource.manto.unh.edu/10274104,NULL,NULL,NULL
22.315807,38.41224,Molykreion,"Aitolia region","Aitolia region",['settlement'],"['5.3.6','9.31.6']",NULL,https://pleiades.stoa.org/places/540948,NULL,https://wikidata.org/wiki/Q16608474,NULL,NULL,NULL,NULL
21.63076,37.64235,"Altar of Eileithyia in forepart of temple, Olympia","Eleia Bk5 Bk6","Eileithyia temple at Olympia",['bomos'],['6.20.3'],NULL,NULL,NULL,NULL,NULL,NULL,NULL,NULL
21.8,37.2,"camp of the Lacedaemonians near Ithome","Messenia Bk4","Messene (Messenia)",['stratopedon'],['4.13.1'],"Messenia Bk4",NULL,NULL,NULL,NULL,NULL,NULL,NULL
23.34285,37.997,"temple of Aphrodite in Megara","Megarid Bk1","Megara (Megarid)",['naos'],['1.43.6'],"Megara (Megarid)",NULL,NULL,https://wikidata.org/wiki/Q124644657,NULL,NULL,NULL,NULL
22.262624,37.766264,"Menelais, large, handsome plane tree at spring near Kaphyai","Arcadia Bk8","Menelais spring a little above Kaphyai",['platanos'],"['8.23.4','8.23.5']","Menelais spring a little above Kaphyai",NULL,NULL,NULL,https://resource.manto.unh.edu/10526308,NULL,NULL,NULL
23.052885,38.189977,Siphai/Tipha,"Boiotia Bk9","Boiotia Bk9",['polisma'],['9.32.4'],NULL,https://pleiades.stoa.org/places/541102,NULL,https://wikidata.org/wiki/Q3561270,NULL,NULL,NULL,NULL
23.3178,38.3191,"Altar for Dionysos at chamber of Semele in Thebes","Boiotia Bk9","Thebes (Boeotia)",['bomos'],['9.12.4'],"Thebes (Boeotia)",NULL,NULL,NULL,NULL,NULL,NULL,NULL
22.41474,39.64147,Larissa,"Hellas (Europe)",Thessalia,['settlement'],"['1.13.2','2.16.2','2.24.1','9.30.9']",NULL,https://pleiades.stoa.org/places/540905,NULL,https://wikidata.org/wiki/Q178405,NULL,NULL,NULL,NULL
23.3178,38.3191,"House of Pindar in ruins outside Thebes","Boiotia Bk9","Thebes (Boeotia)",['oikia'],['9.25.3'],"Thebes (Boeotia)",NULL,NULL,NULL,NULL,NULL,NULL,NULL
21.97,37.5,Kelados,"Arcadia Bk8",Theisoaia,['potamos'],['8.38.9'],Theisoaia,https://pleiades.stoa.org/places/573279,NULL,NULL,NULL,NULL,NULL,NULL
22.4237,37.0821,"tomb of Tisamenus at Sparta","Lakonia Bk3",Sparta,['mnema'],['7.1.8'],Sparta,NULL,NULL,NULL,https://resource.manto.unh.edu/10267531,NULL,NULL,NULL
23.00169,38.385259,"Triton small winter torrent by temple of Athena, Alalkomenai","Boiotia Bk9",Alalkomenai,['potamos'],['9.33.7'],Alalkomenai,NULL,NULL,NULL,NULL,NULL,NULL,NULL
22.4237,37.0821,"Skias of Sparta","Lakonia Bk3",Sparta,['oikema'],"['3.12.10','3.12.11','3.13.1']",Sparta,NULL,NULL,https://wikidata.org/wiki/Q107360820,NULL,NULL,NULL,NULL
22.88807,37.93277,Lechaion,"Corinthia Bk2","Corinthia Bk2",['limen'],"['10.37.3','2.1.5','2.2.3','2.3.2','2.3.4','7.6.7','8.1.2','9.14.6','9.15.4']",NULL,https://pleiades.stoa.org/places/570420,NULL,https://wikidata.org/wiki/Q1811299,NULL,NULL,NULL,NULL
27.833862,37.859752,Tralles,"Asia Minor (Asia)","Ionia (region)",['polis'],['6.14.2'],NULL,https://pleiades.stoa.org/places/599987,NULL,https://wikidata.org/wiki/Q462630,NULL,"Dia/Seleuceia ad Maeandrum/Kaisareia",NULL,NULL
23.252,38.503,"Melas river (Boeotia)","Boiotia Bk9","Boiotia Bk9",['potamos'],['9.38.6'],NULL,NULL,https://topostext.org/place/385233WMel,https://wikidata.org/wiki/Q25018061,NULL,NULL,NULL,NULL
21.863791,37.613569,"Heraia (Arcadia)","Arcadia Bk8","Arcadia Bk8",['polis'],"['3.8.7','3.8.8','5.7.1','6.17.4','8.25.12','8.26.1','8.26.2','8.26.3','8.26.5','8.26.8','8.27.17','8.3.4']",NULL,https://pleiades.stoa.org/places/570287,NULL,https://wikidata.org/wiki/Q3562285,NULL,Heraea,NULL,NULL
25.520010000000003,37.127,"Naxos (island)","Aegean Sea (Hellas)","Cyclades region (Aegean)",['nesos'],"['1.27.5','7.3.3','9.22.6']",NULL,https://pleiades.stoa.org/places/599822,NULL,https://wikidata.org/wiki/Q96575378,NULL,NULL,https://imperium.ahlfeldt.se/places/41367,NULL
22.4237,37.0821,"Sanctuary of the Dioskouroi and the Graces at Sparta","Lakonia Bk3",Sparta,['hieron'],['3.14.6'],Sparta,NULL,NULL,https://wikidata.org/wiki/Q124616448,NULL,NULL,NULL,NULL
22.63734,37.8353,Araithyrea/Phliasion,"Phlious Bk2","Phlious Bk2",['chora'],"['2.12.5','2.12.6']",NULL,https://pleiades.stoa.org/places/573109,NULL,https://wikidata.org/wiki/Q16488711,NULL,NULL,NULL,NULL
22.68143,38.47571,"Schiste Hodos","Phokis Bk10","Phokis Bk10",['hodos'],"['10.35.8','10.5.3','10.5.4','9.2.4']",NULL,NULL,NULL,https://wikidata.org/wiki/Q12885060,NULL,"Cleft road of Oedipus",NULL,NULL
21.74065,36.75475,"Oinoussai (islands)","Messenia Bk4","Messenia Bk4",['nesos'],['4.34.12'],NULL,https://pleiades.stoa.org/places/570524,NULL,https://wikidata.org/wiki/Q1664313,NULL,NULL,NULL,NULL
22.9427,37.5969,"Temple of Athena at Lessa","Epidauria Bk2",Lessa,['naos'],['2.25.10'],Lessa,NULL,NULL,NULL,NULL,NULL,NULL,NULL
23.074008,37.598409,"Tholos (Epidauros Asklepieion)","Epidauria Bk2","Asklepieion of Epidauros",['oikema'],"['2.27.3','2.27.5']",NULL,https://pleiades.stoa.org/places/999238742,https://topostext.org/place/376231BTho,https://wikidata.org/wiki/Q38279699,NULL,NULL,NULL,NULL
22.9,37.67,"Phrixos river","Argolid Bk2","Argolid Bk2",['potamos'],"['2.36.6','2.38.1']","Argolid Bk2",https://pleiades.stoa.org/places/573461,NULL,NULL,NULL,NULL,NULL,NULL
29.8856,31.212999999999997,"Sea off Pharos","Libya (Africa)","Egypt (region)",['thalassa'],['5.7.4'],NULL,NULL,NULL,NULL,NULL,NULL,NULL,NULL
23.22,38.02,"temple of Apollo at Tripodiskos","Megarid Bk1","Tripodiskoi (Megarid)",['naos'],['1.43.8'],"Tripodiskoi (Megarid)",NULL,NULL,https://wikidata.org/wiki/Q124645118,NULL,NULL,NULL,NULL
22.1932,37.4326,Paliskios,"Arcadia Bk8","road Megalopolis to Mainalos",['topos'],['8.36.7'],NULL,https://pleiades.stoa.org/places/573424,NULL,https://wikidata.org/wiki/Q112336192,NULL,NULL,NULL,NULL
21.918,37.582,"Melaineai (Arkadia)","Arcadia Bk8","road Heraia to Megalopolis",['settlement'],"['5.7.1','8.26.8','8.3.3']",NULL,https://pleiades.stoa.org/places/573363,https://topostext.org/place/376219UMel,https://wikidata.org/wiki/Q11936409,NULL,NULL,NULL,NULL
23.715,37.995,"Tower of Timon the misanthrope near the Academy","Athenai Bk1","Academy of Plato, Athens",['pyrgos'],['1.30.4'],NULL,NULL,https://topostext.org/binder/JB2877,NULL,NULL,NULL,NULL,NULL
23.723000000000003,37.975,"Trigonon, lawcourt, Athens","Athenai Bk1","Athenai Bk1","['dikasterion','oikema']",['1.28.8'],NULL,NULL,https://topostext.org/binder/JB2899,NULL,NULL,NULL,NULL,NULL
22.8802,37.9054,"Bath of Eurycles in Corinth, near the Poseidon statue","Corinthia Bk2","Corinth (Corinthia)",['loutron'],['2.3.5'],"Corinth (Corinthia)",NULL,NULL,NULL,NULL,NULL,NULL,NULL
22.81,38.28,"Saunion spring at Boulis","Phokis Bk10",Boulis,['pege'],['10.37.3'],Boulis,NULL,NULL,NULL,NULL,NULL,NULL,NULL
26.935000000000002,37.695,"Temple of Pythian Apollo at Samos, ancient","Aegean Sea (Hellas)","Samos polis",['naos'],['2.31.6'],"Samos polis",NULL,NULL,NULL,NULL,NULL,NULL,NULL
22.6827,38.36754,Medeon,"Phokis Bk10","Phokis Bk10",['polis'],"['10.3.2','10.36.6']",NULL,https://pleiades.stoa.org/places/540939,NULL,https://wikidata.org/wiki/Q12771305,NULL,NULL,NULL,NULL
47.083,30.961,"Marsh of Euphrates river, reemerging as Nile south of Egypt","Libya (Africa)","Euphrates (river)",['helos'],['2.5.3'],NULL,NULL,NULL,NULL,NULL,NULL,NULL,NULL
23.2236,37.3888,"Kokkygion mountain","Hermionis Bk2","Hermionis Bk2",['oros'],"['2.36.1','2.36.2','2.36.3']",NULL,https://pleiades.stoa.org/places/573294,NULL,https://wikidata.org/wiki/Q115808938,NULL,Thornax,NULL,NULL
22.45,37.625,"Plain below Argon Pedion","Arcadia Bk8","Argon Pedion",['pedion'],['8.8.1'],"Argon Pedion",NULL,NULL,NULL,NULL,NULL,NULL,NULL
22.9,39.4,"Magnesia region (Magnesia)","Hellas (Europe)",Thessalia,['chora'],"['10.20.6','7.7.6']",NULL,https://pleiades.stoa.org/places/540923,https://topostext.org/place/397227RMag,https://wikidata.org/wiki/Q60790367,NULL,NULL,NULL,NULL
23.026,36.731,"Altars of Asclepius at shore of Epidauros Limera","Lakonia Bk3","Epidaurus Limera (Laconia)",['bomos'],['3.23.7'],"Epidaurus Limera (Laconia)",NULL,NULL,https://wikidata.org/wiki/Q124616541,NULL,"Altars of Asklepios",NULL,NULL
23.026,36.731,"Sanctuary of Aphrodite at Epidauros Limera","Lakonia Bk3","Epidaurus Limera (Laconia)",['hieron'],['3.23.10'],"Epidaurus Limera (Laconia)",NULL,NULL,https://wikidata.org/wiki/Q124616474,NULL,NULL,NULL,NULL
22.7747,37.6919,"Old temple of Hera, Argive Heraion","Argolid Bk2","Argive Heraion (Argolid)",['naos'],['2.17.7'],"Argive Heraion (Argolid)",NULL,NULL,NULL,NULL,NULL,NULL,NULL
44.55336,33.09823,"Seleucia/Sliq Kharawta","Asia (continent)","Asia (continent)",['settlement'],['1.16.3'],NULL,https://pleiades.stoa.org/places/894084,NULL,https://wikidata.org/wiki/Q1136681,NULL,NULL,NULL,NULL
23.074926,38.326979,"Keressos, Keressos","Boiotia Bk9","Boiotia Bk9",['chorion'],"['9.14.2','9.14.3','9.14.4']",NULL,https://pleiades.stoa.org/places/525018437,NULL,https://wikidata.org/wiki/Q106298096,NULL,NULL,NULL,NULL
24.035919500000002,37.683423,"Tomb of Phrontis at Sounion","Attica Bk1",Sounion,['mnema'],['10.25.2'],Sounion,NULL,NULL,NULL,NULL,NULL,NULL,NULL
22.7145,37.9834,"Sanctuary of Peitho at Sicyon (with no statue of Peitho)","Sikyonia Bk2","Sicyon (Sikyonia)",['hieron'],['2.7.7'],"Sicyon (Sikyonia)",NULL,NULL,https://wikidata.org/wiki/Q134037391,https://resource.manto.unh.edu/10158822,NULL,NULL,NULL
23.03,36.64,"Epidelion (Lakonia)","Lakonia Bk3","Lakonia Bk3",['hieron'],"['3.23.2','3.23.4','3.23.6']",NULL,NULL,https://topostext.org/place/368233UEpi,https://wikidata.org/wiki/Q60792070,NULL,NULL,NULL,NULL
22.195,36.934,Enopa,"Lakonia Bk3","Lakonia Bk3",['polis'],['3.26.8'],"Gerenia (Messenia)",https://pleiades.stoa.org/places/573205,NULL,https://wikidata.org/wiki/Q16652092,NULL,NULL,NULL,NULL
21.9,38.2,"road Larisos river to Dyme, 30 stades","Achaia Bk7","Dymaean chora",['hodos'],"['7.17.5','7.17.8']","Achaia Bk7",NULL,NULL,NULL,NULL,NULL,NULL,NULL
22.5703,37.6111,"Tomb of Oeneus in Oenoe","Argolid Bk2","Oinoe (Argolid)",['mnema'],['2.25.2'],"Oinoe (Argolid)",NULL,NULL,NULL,NULL,NULL,NULL,NULL
21.8683,37.3966,"Lymax-Neda confluence","Arcadia Bk8","Arcadia Bk8",['confluence'],['8.41.4'],NULL,NULL,NULL,NULL,NULL,NULL,NULL,NULL
23.9661,37.8778,Myrrinous,"Attica Bk1","Attica Bk1",['demos'],"['1.31.4','1.31.5']",NULL,https://pleiades.stoa.org/places/580030,NULL,https://wikidata.org/wiki/Q1431270,NULL,Myrrhinous,NULL,NULL
23.72641,37.97209,"Zeus Hypatos altar, Athens","Athenai Bk1","Athenai Bk1",['bomos'],"['1.26.5','8.2.3']",NULL,NULL,https://topostext.org/binder/JB3005,NULL,NULL,NULL,NULL,NULL
22.3,37.5,Kalliai/Kallia,"Arcadia Bk8",Tripolis,"['kome','settlement']","['8.27.4','8.27.7']",Tripolis,https://pleiades.stoa.org/places/573270,NULL,https://wikidata.org/wiki/Q48781569,NULL,NULL,NULL,NULL
27.6022,40.2674,"Aisepos (river)","Asia Minor (Asia)",Hellespontus,['potamos'],['10.31.6'],NULL,https://pleiades.stoa.org/places/511141,NULL,https://wikidata.org/wiki/Q252710,NULL,NULL,NULL,NULL
21.374,37.89,"Baths at Elis near Maltho gymnasium","Eleia Bk5 Bk6","Elis polis",['loutron'],['6.23.8'],"Elis polis",NULL,NULL,NULL,NULL,NULL,NULL,NULL
21.3746,37.8917,"Temple-like tomb, possibly of Oxylos, in Agora of Elis","Eleia Bk5 Bk6","Agora of Elis",['mnema'],['6.24.9'],"Agora of Elis",NULL,NULL,NULL,https://resource.manto.unh.edu/10268980,NULL,NULL,NULL
28.1112899,38.5178164,"Hermus (river)","Asia Minor (Asia)","Lydia (province)",['battlefield'],"['10.4.6','3.9.6','4.34.2','5.13.7','7.27.12']",NULL,https://pleiades.stoa.org/places/550575,NULL,https://wikidata.org/wiki/Q1351474,NULL,NULL,NULL,NULL
22.2579,37.7644,"Ravine outside Orchomenos","Arcadia Bk8","Arcadia Bk8",['charadra'],['8.23.2'],NULL,NULL,NULL,NULL,NULL,NULL,NULL,NULL
22.3584897,40.0862269,"Olympos (mountain in Greece)","Macedonia (Europe)",Pieria,['oros'],"['6.5.5','9.30.11','9.30.9','9.40.8']",NULL,https://pleiades.stoa.org/places/491677,NULL,https://wikidata.org/wiki/Q80344,NULL,NULL,NULL,NULL
16.4927745,39.71705745,"Thurii (Italy)","Italia (Europe)","Italia (Europe)",['polis'],['6.7.4'],NULL,https://pleiades.stoa.org/places/452457,NULL,https://wikidata.org/wiki/Q602564,NULL,NULL,NULL,NULL
22.041285,37.597441,"Sanctuary of Aphrodite at Teuthis","Arcadia Bk8",Teuthis,['hieron'],['8.28.6'],Teuthis,NULL,NULL,https://wikidata.org/wiki/Q134036925,NULL,NULL,NULL,NULL
22.09,38.252,"Sanctuary of Eileithyia at Aigion","Achaia Bk7","Aigion (Achaia)",['hieron'],"['7.23.5','7.23.7']","Aigion (Achaia)",NULL,NULL,https://wikidata.org/wiki/Q134036974,NULL,NULL,NULL,NULL
21.8683,37.3966,"Sanctuary of Eurynome at confluence of Lymax and Neda rivers","Arcadia Bk8","Lymax-Neda confluence",['hieron'],['8.41.4'],"Lymax-Neda confluence",NULL,NULL,https://wikidata.org/wiki/Q134036861,https://resource.manto.unh.edu/10769882,NULL,NULL,NULL
22.878721,37.906045,"Precinct of Isis Pelagia, on Acrocorinth ascent","Corinthia Bk2",Acrocorinth,['temenos'],['2.4.6'],Acrocorinth,NULL,NULL,NULL,NULL,NULL,NULL,NULL
21.62932,37.63923,"Room within prytaneion at Olympia","Eleia Bk5 Bk6","Prytaneion (Olympia)",['oikema'],['5.15.9'],"Prytaneion (Olympia)",NULL,NULL,NULL,NULL,NULL,NULL,NULL
17.11536173,36.58019793,"Internum Mare",NULL,"Roman empire",['thalassa'],"['4.35.9','8.24.12']",NULL,https://pleiades.stoa.org/places/1043,NULL,https://wikidata.org/wiki/Q4918,NULL,"Mediterranean Sea",NULL,NULL
23.7168,37.9816,"Demosion Sema, capturing Mouseion fort, Athens","Athenai Bk1","Demosion Sema war graves, Athens",['taphos'],['1.29.13'],NULL,NULL,https://topostext.org/binder/JB1042,NULL,NULL,NULL,NULL,NULL
22.824,38.499,"Trophies set up by Romans and Sulla in territory of Chaironeia","Boiotia Bk9","Chaironea (Boeotia)",['tropaion'],['9.40.7'],NULL,NULL,NULL,NULL,NULL,NULL,NULL,NULL
21.3136,37.6642,"Pheia (Eleia)","Eleia Bk5 Bk6","Eleia Bk5 Bk6",['settlement'],['5.18.6'],NULL,NULL,https://topostext.org/place/377213UPhe,https://wikidata.org/wiki/Q3563531,NULL,NULL,NULL,NULL
22.3848,36.705058,Oitylos,"Lakonia Bk3","Lakonia Bk3",['polis'],"['3.21.7','3.25.10','3.26.1']",NULL,https://pleiades.stoa.org/places/570527,NULL,https://wikidata.org/wiki/Q11921115,NULL,NULL,NULL,NULL
22.5012215,38.4823167,"Inmost part of temple of Apollo at Delphi, entered by few","Phokis Bk10","Temple of Apollo at Delphi",['adyton'],['10.24.5'],"Temple of Apollo at Delphi",NULL,NULL,NULL,NULL,NULL,NULL,NULL
26.964722,38.077883,Lebedos,"Asia Minor (Asia)","Ionia (region)",['polis'],"['1.9.7','7.3.5','7.5.11']",NULL,https://pleiades.stoa.org/places/599754,NULL,https://wikidata.org/wiki/Q302905,NULL,NULL,NULL,NULL
22.7145,37.9834,"Temple of Apollo Karneios at Sicyon","Sikyonia Bk2","Sicyon (Sikyonia)",['naos'],['2.11.2'],"Sicyon (Sikyonia)",NULL,NULL,NULL,NULL,NULL,NULL,NULL
21.738518,38.243265,"Tomb of Eurypylos at sanctuary of Laphria, Patrae","Achaia Bk7","Sanctuary of Artemis Laphria at Patrae",['mnema'],['7.19.1'],"Sanctuary of Artemis Laphria at Patrae",NULL,NULL,NULL,https://resource.manto.unh.edu/10274278,NULL,NULL,NULL
22.4237,37.0821,"Heroon of Sebros, son of Hippokoon, by heroon of Dorkeus in Sparta","Lakonia Bk3",Sparta,['heroon'],['3.15.1'],Sparta,NULL,NULL,https://wikidata.org/wiki/Q124616565,NULL,NULL,NULL,NULL
20.735953,39.023389,Nicopolis,"Hellas (Europe)","Epiros region",['polis'],"['10.38.4','10.8.4','10.8.5','5.23.3','7.18.8','7.18.9']",NULL,https://pleiades.stoa.org/places/531013,NULL,https://wikidata.org/wiki/Q943637,NULL,NULL,NULL,NULL
23.0687,38.4471,"Eleusis on Kephisian lake","Boiotia Bk9","Kephisian lake",['polisma'],['9.24.2'],"Kephisian lake",NULL,NULL,https://wikidata.org/wiki/Q60791219,NULL,NULL,NULL,NULL
22.3566,38.1434,"Sanctuary of Artemis Agrotera near Aigeira","Achaia Bk7","Aigeira (Achaia)",['hieron'],['7.26.3'],NULL,NULL,NULL,https://wikidata.org/wiki/Q134037150,NULL,NULL,NULL,NULL
23.25,38.35,Plataiis,"Boiotia Bk9","Boiotia Bk9",['chora'],['1.38.8'],"Boiotia Bk9",NULL,NULL,NULL,NULL,"territory of Plataia",NULL,NULL
23.3201,38.3175,"Electran Gate (Thebes)","Boiotia Bk9","Thebes (Boeotia)",['pylai'],"['9.10.1','9.10.2','9.11.1','9.8.4','9.8.7']",NULL,NULL,https://topostext.org/place/383233FEle,https://wikidata.org/wiki/Q106526347,NULL,NULL,NULL,NULL
21.9195,37.1779,"Messene (Messenia)","Messenia Bk4","Messenia Bk4",['polis'],"['1.25.4','2.20.5','3.1.5','3.3.2','4.1.3','4.1.4','4.12.5','4.12.6','4.16.1','4.16.8','4.20.1','4.20.4','4.21.10','4.21.2','4.22.7','4.23.5','4.23.6','4.26.3','4.26.7','4.27.4','4.27.5','4.27.7','4.28.1','4.29.1','4.29.10','4.29.11','4.29.12','4.29.2','4.29.4','4.29.8','4.3.8','4.31.11','4.31.4','4.31.5','4.32.2','4.34.1','4.4.3','4.6.3','4.6.5','4.9.6','6.2.11','6.3.13','6.4.3','8.34.1','8.35.1','8.49.4','8.5.10','8.5.7','8.50.5','8.51.6','8.51.8','8.52.4','9.14.5','9.15.6']",NULL,https://pleiades.stoa.org/places/570479,https://topostext.org/place/372219PMes,https://wikidata.org/wiki/Q1022117,NULL,NULL,NULL,NULL
22.819,37.698,"Gorge into which the Asterion river disappears, beyond the Argive Heraion","Argolid Bk2","Asterion river (Argolid)",['charadra'],['2.17.2'],NULL,NULL,NULL,NULL,NULL,NULL,NULL,NULL
21.738518,38.243265,"Temple of Apollo in grove at Patrae","Achaia Bk7","Grove by the sea at Patrae, with temples",['naos'],['7.21.11'],"Grove by the sea at Patrae, with temples",NULL,NULL,NULL,NULL,NULL,NULL,NULL
27.142222,38.115556,"Scyppium in the Colophonian territory","Asia Minor (Asia)",Colophon,['settlement'],['7.3.8'],Colophon,NULL,NULL,NULL,NULL,NULL,NULL,NULL
23.2581,38.5013,"Chasm of Heracles in Copaic lake","Boiotia Bk9","Kephisian lake",['barathron'],"['9.38.7','9.38.8']",NULL,NULL,https://topostext.org/place/385233CChH,https://wikidata.org/wiki/Q106514994,NULL,NULL,NULL,NULL
22.367,36.541,"Messa (Lakonia)","Lakonia Bk3","Lakonia Bk3",['polis'],['3.25.9'],NULL,https://pleiades.stoa.org/places/570478,https://topostext.org/place/365224UMes,https://wikidata.org/wiki/Q16606539,NULL,NULL,NULL,NULL
34.7425505,43.0786852,"Pontus Euxinus","Asia (continent)","Asia (continent)",['chora'],"['1.20.4','10.34.4','3.19.11','5.26.7','8.27.6']",NULL,https://pleiades.stoa.org/places/1224,NULL,https://wikidata.org/wiki/Q621672,NULL,NULL,NULL,NULL
22.438,36.726,"Sanctuary of Asklepios and Artemis Daphnaia at Hypsoi","Lakonia Bk3","Hypsoi unlocated site on Spartan SW border",['hieron'],['3.24.8'],"Hypsoi unlocated site on Spartan SW border",NULL,NULL,https://wikidata.org/wiki/Q134037238,NULL,NULL,NULL,NULL
21.738518,38.243265,Aroe,"Achaia Bk7",Patrae,['demos'],['7.18.2'],Patrae,NULL,NULL,https://wikidata.org/wiki/Q12874112,NULL,NULL,NULL,NULL
27.256115000000005,37.384829,"Didyma Apollo sanctuary","Asia Minor (Asia)","Ionia (region)","['hieron','settlement']","['1.16.3','2.10.5','5.13.11','5.7.5','7.2.6','7.5.4','8.46.3','9.10.2']",NULL,https://pleiades.stoa.org/places/599593,NULL,https://wikidata.org/wiki/Q671358,NULL,Branchidai,NULL,NULL
15.292958,37.057294,"Arethusae spring in Ortygia, Syracuse","Sicilia (island)",Syracusae/Syrakousai,['pege'],"['5.7.2','5.7.3','7.24.3','8.54.3']",NULL,https://pleiades.stoa.org/places/462101,https://topostext.org/place/371153WAre,https://wikidata.org/wiki/Q3747483,NULL,NULL,NULL,NULL
22.493,37.3346,Symbola,"Arcadia Bk8","Alpheios river (Eleia)",['chorion'],"['8.54.1','8.54.2']",NULL,https://pleiades.stoa.org/places/573539,NULL,NULL,NULL,NULL,NULL,NULL
23.970146000000003,38.1465515,"tent of Artaphrenes, Marathon","Attica Bk1","Marathon deme",['oikia'],['1.32.7'],"Marathon deme",NULL,NULL,NULL,NULL,NULL,NULL,NULL
22.05141,37.11343,"Ruined wall in Thouria's upper town","Messenia Bk4",Thouria,['teichos'],['4.31.2'],Thouria,NULL,NULL,NULL,NULL,NULL,NULL,NULL
22.093167,37.332507,Kromitis,"Arcadia Bk8",Aigytis,['chora'],"['8.34.5','8.34.6']",Kromoi,https://pleiades.stoa.org/places/573310,NULL,NULL,NULL,NULL,NULL,NULL
22.7186,37.55232,"Pontinos river","Argolid Bk2","Argolid Bk2",['potamos'],"['2.36.8','2.37.1']",NULL,https://pleiades.stoa.org/places/573474,NULL,NULL,NULL,NULL,NULL,NULL
23.136994,37.301493,Halieis,"Hermionis Bk2","Hermionis Bk2",['settlement'],['2.36.1'],NULL,https://pleiades.stoa.org/places/570274,NULL,https://wikidata.org/wiki/Q1571046,NULL,NULL,NULL,NULL
27.52785,37.8507,"Tomb of Protophanes in Magnesia on the Lethaeus","Asia Minor (Asia)","Magnesia ad Maeandrum/Leukophrys",['mnema'],['1.35.6'],"Magnesia ad Maeandrum/Leukophrys",NULL,NULL,https://wikidata.org/wiki/Q124644586,NULL,NULL,NULL,NULL
22.8802,37.9054,"Temple of the Mother of the Gods in Corinth, toward Acrocorinth","Corinthia Bk2","Corinth (Corinthia)",['naos'],['2.4.7'],"Corinth (Corinthia)",NULL,NULL,NULL,NULL,NULL,NULL,NULL
22.66931,38.58344,"Enclosure of Isis near Tithorea","Phokis Bk10",Tithorea/Neon,"['hieron','peribolos']",['10.32.13'],Tithorea/Neon,NULL,NULL,https://wikidata.org/wiki/Q134304611,https://resource.manto.unh.edu/10274623,NULL,NULL,NULL
23.1542,37.5,"Sanctuary of Apollo in Didymoi of Hermione","Argolid Bk2","Didymoi (Argolid)",['hieron'],['2.36.3'],"Didymoi (Argolid)",NULL,NULL,https://wikidata.org/wiki/Q134037671,NULL,NULL,NULL,NULL
22.2522179,37.839724,"Oryxis (mountain)","Arcadia Bk8","Arcadia Bk8",['oros'],['8.14.1'],NULL,https://pleiades.stoa.org/places/570540,NULL,https://wikidata.org/wiki/Q27044139,NULL,Oryx,NULL,NULL
21.3746,37.8917,"Korkyraike stoa at Agora of Elis","Eleia Bk5 Bk6","Agora of Elis",['stoa'],"['6.24.4','6.24.5','6.25.1']","Agora of Elis",NULL,NULL,https://wikidata.org/wiki/Q107031196,NULL,"Corcyraean stoa in Elis",NULL,NULL
22.50151,38.48254,"Sanctuary of Pythian Apollo at Delphi","Phokis Bk10","Delphi (polis)",['hieron'],"['1.11.1','1.20.7','1.22.8','1.26.3','1.3.4','1.37.6','1.4.4','1.41.1','1.43.3','1.43.7','1.43.8','1.9.3','10.1.1','10.1.10','10.1.4','10.10.2','10.11.1','10.11.2','10.12.5','10.13.1','10.13.10','10.13.6','10.13.8','10.14.5','10.15.5','10.15.6','10.16.5','10.16.7','10.16.8','10.17.2','10.18.1','10.18.2','10.18.5','10.18.7','10.19.3','10.19.5','10.2.2','10.2.3','10.22.12','10.23.1','10.23.11','10.23.2','10.23.3','10.24.1','10.24.5','10.3.3','10.3.4','10.32.1','10.33.3','10.34.1','10.34.2','10.35.8','10.36.3','10.36.6','10.5.5','10.5.7','10.6.5','10.6.6','10.7.1','10.7.3','10.8.1','10.8.2','10.8.3','10.8.6','10.9.1','10.9.12','10.9.2','10.9.4','10.9.6','2.22.8','2.24.1','2.26.7','2.29.7','2.33.2','3.1.6','3.10.3','3.10.4','3.11.8','3.13.8','3.17.1','3.17.9','3.19.12','3.3.6','3.4.3','3.4.4','3.8.10','3.8.2','3.8.9','4.12.1','4.12.7','4.12.8','4.15.6','4.16.6','4.17.4','4.20.1','4.24.1','4.32.3','4.32.5','4.34.9','4.5.4','4.9.3','5.13.5','5.18.8','5.21.5','5.21.7','5.27.1','5.27.10','5.27.9','5.3.1','5.4.3','5.4.6','5.7.3','6.1.8','6.11.5','6.11.7','6.12.8','6.13.8','6.14.5','6.15.1','6.15.3','6.15.6','6.16.4','6.17.2','6.19.1','6.2.2','6.3.11','6.3.4','6.3.8','6.4.11','6.4.2','6.4.5','6.4.6','6.7.10','6.8.1','6.8.6','6.9.7','7.17.13','7.17.6','7.19.4','7.19.6','7.19.7','7.2.1','7.24.4','7.3.1','8.10.9','8.11.10','8.15.1','8.23.1','8.24.10','8.24.14','8.24.8','8.27.9','8.36.8','8.37.1','8.39.4','8.48.2','8.5.4','8.53.3','8.7.6','8.9.3','9.12.1','9.14.2','9.25.1','9.26.3','9.33.1','9.33.4','9.36.2','9.37.4','9.37.5','9.38.5','9.40.1','9.41.2','9.5.10','9.7.5']",NULL,https://pleiades.stoa.org/places/540726,https://topostext.org/place/385225SDel,https://wikidata.org/wiki/Q125925203,NULL,Pytho,NULL,NULL
23.8552995,37.958506,"Paiania Hypenerthen","Attica Bk1","Attica Bk1",['demos'],['1.23.10'],NULL,https://pleiades.stoa.org/places/580046,NULL,https://wikidata.org/wiki/Q18015501,NULL,NULL,NULL,NULL
22.562341,36.763663,Gythion,"Lakonia Bk3","Lakonia Bk3","['limen','polis']","['1.27.5','2.21.8','3.21.4','3.21.5','3.21.6','3.21.7','3.22.1','3.22.3','3.24.6','8.50.8']",NULL,https://pleiades.stoa.org/places/570268,NULL,https://wikidata.org/wiki/Q56398303,NULL,"Gytheion Gythium",NULL,NULL
23.3484,37.5033,"Temple of Isis in Troizen","Troizenia Bk2","Troizen (Troizenia)",['naos'],['2.32.6'],"Troizen (Troizenia)",NULL,NULL,NULL,NULL,NULL,NULL,NULL
21.374,37.89,"Hieros Dromos, sacred running track of Elis","Eleia Bk5 Bk6","Elis polis",['dromos'],['6.23.2'],"Elis polis",NULL,NULL,NULL,NULL,NULL,NULL,NULL
22.5384,38.0446,"Temple of Artemis at Pellene","Achaia Bk7",Pellene,['naos'],['7.27.4'],Pellene,NULL,NULL,NULL,NULL,NULL,NULL,NULL
22.374,38.53,"Amphissa of Ozolian Locris","Ozolian Lokris Bk10","Ozolian Lokris Bk10",['polis'],"['10.22.13','10.38.4','10.38.7','10.38.8','10.38.9','3.9.9','7.14.7']",NULL,https://pleiades.stoa.org/places/540630,https://topostext.org/place/385224PAmp,https://wikidata.org/wiki/Q38281545,NULL,NULL,NULL,NULL
31.2313,30.091800000000003,"Nilus (river)","Libya (Africa)","Egypt (region)",['potamos'],"['1.33.4','1.33.6','1.42.3','1.6.6','1.7.2','10.32.18','2.5.3','4.34.2','4.34.3','5.14.3','5.21.9','5.7.4','6.26.9','8.24.12','8.9.7','9.40.6']",NULL,https://pleiades.stoa.org/places/727172,NULL,https://wikidata.org/wiki/Q3392,NULL,NULL,NULL,NULL
22.4237,37.0821,"Sanctuary of Athena Keleutheia at Sparta","Lakonia Bk3",Sparta,['hieron'],['3.12.4'],Sparta,NULL,NULL,https://wikidata.org/wiki/Q124616430,NULL,NULL,NULL,NULL
22.5007273,38.48244975,"Theater at Delphi","Phokis Bk10","Sanctuary of Pythian Apollo at Delphi",['theatron'],['10.32.1'],NULL,https://pleiades.stoa.org/places/333036424,NULL,https://wikidata.org/wiki/Q10378966,NULL,NULL,NULL,NULL
22.05,37.39,"Akakesion hill above Akakesion polis","Arcadia Bk8","Akakesion (Arkadia)",['lophos'],['8.36.9'],NULL,https://pleiades.stoa.org/places/573060,NULL,NULL,NULL,NULL,NULL,NULL
21.374,37.89,"Memorial of Achilles at gymnasium of Elis","Eleia Bk5 Bk6","Gymnasium of Elis","['cenotaph','mnema']","['6.23.3','6.24.1']","Gymnasium of Elis",NULL,NULL,https://wikidata.org/wiki/Q107031198,NULL,NULL,NULL,NULL
26.15765,39.75135,"Antigoneia/(Col. Augusta) Alexandria Troas","Asia Minor (Asia)",Troas,['polis'],"['10.12.4','10.12.5','10.14.4']",NULL,https://pleiades.stoa.org/places/550434,NULL,https://wikidata.org/wiki/Q1393407,NULL,NULL,NULL,NULL
21.62845,37.63929,"Gymnasium (Olympia)","Eleia Bk5 Bk6",Olympia,['gymnasion'],"['5.15.8','5.21.17','6.21.2','6.6.3']",NULL,https://pleiades.stoa.org/places/728329643,https://topostext.org/place/376216BOGy,https://wikidata.org/wiki/Q25461278,NULL,NULL,NULL,NULL
22.5703,37.6111,"Oinoe (Argolid)","Argolid Bk2","Argolid Bk2",['settlement'],"['10.10.4','2.25.2','2.25.3']",NULL,NULL,https://topostext.org/place/376226UOin,https://wikidata.org/wiki/Q30909902,NULL,Oenoe,NULL,NULL
21.73,38.082,"ancient peribolos of Pharae agora","Achaia Bk7","agora of Pharae",['peribolos'],['7.22.2'],"agora of Pharae",NULL,NULL,NULL,NULL,NULL,NULL,NULL
22.4237,37.0821,"Tomb of Eumedes son of Hippothoon in Sparta","Lakonia Bk3",Sparta,['mnema'],['3.14.6'],Sparta,NULL,NULL,https://wikidata.org/wiki/Q124616323,https://resource.manto.unh.edu/10150406,NULL,NULL,NULL
21.8313,38.3997,Naupaktos,"Aitolia region","Aitolia region",['polis'],"['10.38.10','10.38.13','10.38.9','4.24.7','4.25.1','4.25.10','4.25.3','4.26.1','4.26.2','4.26.3','4.31.7','4.33.2','5.26.1','5.3.6','6.16.2','6.2.10','7.18.10','9.25.9','9.31.6','9.38.3']",NULL,https://pleiades.stoa.org/places/540960,https://topostext.org/place/384218UNau,https://wikidata.org/wiki/Q56398924,NULL,Naupactus,NULL,NULL
22.19,38.184,"Cave sanctuary of Heracles at Bouraikos river","Achaia Bk7","Bouraikos (river)",['spelaion'],"['7.25.10','7.25.11']",NULL,NULL,NULL,NULL,NULL,NULL,NULL,NULL
22.9968,38.4128,"Temple in sanctuary of Itonian Athena","Boiotia Bk9","Athena Itonia sanctuary in Boeotia",['naos'],['9.34.1'],"Athena Itonia sanctuary in Boeotia",NULL,NULL,NULL,NULL,NULL,NULL,NULL
23.728879,37.98286,Skambonidai,"Attica Bk1","Attica Bk1",['demos'],['1.38.2'],NULL,https://pleiades.stoa.org/places/582865,NULL,https://wikidata.org/wiki/Q13464949,NULL,NULL,NULL,NULL
23.7169,37.9815,"Tomb of Thrasyboulos in Athens","Athenai Bk1","Athenai Bk1",['taphos'],['1.29.3'],NULL,NULL,https://topostext.org/binder/JB2854,NULL,NULL,NULL,NULL,NULL
22.42479249,40.13002812,"Column with Orpheus' remains in stone hydria uphill from Dion","Macedonia (Europe)","Mountain of Pieria above Dion","['kion','taphos']",['9.30.7'],"Mountain of Pieria above Dion",NULL,NULL,NULL,NULL,NULL,NULL,NULL
23.718611,37.978333,"Poulytion's House, Athens","Athenai Bk1","first stoa between the gates and Kerameikos, Athens",['oikema'],['1.2.5'],"first stoa between the gates and Kerameikos, Athens",NULL,https://topostext.org/binder/JB2548,NULL,NULL,NULL,NULL,NULL
23.7186181,38.1752735,"Parnes or Parnitha mountain","Attica Bk1","Attica Bk1",['oros'],"['1.32.1','1.32.2']",NULL,https://pleiades.stoa.org/places/580059,NULL,https://wikidata.org/wiki/Q781855,NULL,NULL,NULL,NULL
21.62975,37.63754,"Altar of the Nymphs at Olympia near sacred olive tree","Eleia Bk5 Bk6","Altis sacred grove (Olympia)",['bomos'],['5.15.3'],"Altis sacred grove (Olympia)",NULL,NULL,NULL,NULL,NULL,NULL,NULL
22.6834197,38.81072,Skarpheia,"Hellas (Europe)",Phthiotis,['settlement'],"['2.29.3','7.15.3','7.15.4','7.15.9']",NULL,https://pleiades.stoa.org/places/541103,NULL,https://wikidata.org/wiki/Q3475188,NULL,NULL,NULL,NULL
21.630126,37.637849,"Altar of Hephaestus at Olympia, also called of Zeus Areios","Eleia Bk5 Bk6",Olympia,['bomos'],['5.14.6'],Olympia,NULL,NULL,NULL,NULL,NULL,NULL,NULL
22.51475,37.6199,"Temple of Artemis at Mt. Artemision","Arcadia Bk8","Artemision (mountain)",['naos'],['8.6.6'],"Artemision (mountain)",NULL,NULL,NULL,NULL,NULL,NULL,NULL
26.5,41,"tomb of Orpheus in Thrace","Thrace (Europe)","Thrace (Europe)",['mnema'],['9.30.6'],"Thrace (Europe)",NULL,NULL,NULL,https://resource.manto.unh.edu/10785215,NULL,NULL,NULL
22.51475,37.6199,"Artemision (mountain)","Argolid Bk2","Argolid Bk2",['oros'],"['2.25.3','8.6.6','8.7.1']",NULL,https://pleiades.stoa.org/places/570121,NULL,https://wikidata.org/wiki/Q25105451,NULL,NULL,NULL,NULL
22.7195,37.6316,"Polyandrion of the Argives from Sicilian Expedition","Argolid Bk2","Argos (Argolid)",['mnema'],['2.22.9'],"Argos (Argolid)",NULL,NULL,NULL,NULL,NULL,NULL,NULL
22.7145,37.9834,"Temple of Dionysos by theater of Sicyon","Sikyonia Bk2","Sicyon (Sikyonia)",['naos'],['2.7.5'],"Sicyon (Sikyonia)",NULL,NULL,NULL,NULL,NULL,NULL,NULL
23.72832,37.97342,"Gymnasium of Ptolemy (Athens)","Athenai Bk1","Athenai Bk1",['gymnasion'],['1.17.2'],NULL,NULL,https://topostext.org/place/380237BGyP,https://wikidata.org/wiki/Q24204093,NULL,NULL,NULL,NULL
23.25193,38.45915,"Apollo Ptoios sanct. (Boeotia)","Boiotia Bk9","Ptoon mountain","['hieron','manteion']","['4.32.5','9.23.6']",NULL,https://pleiades.stoa.org/places/541078,https://topostext.org/place/385233SPto,https://wikidata.org/wiki/Q94522462,https://resource.manto.unh.edu/10055555,NULL,NULL,NULL
24.9195,35.0752,"Labyrinth of Knossos (Crete)",Crete,Crete,['labyrinth'],"['1.27.10','2.31.1']",NULL,NULL,https://topostext.org/place/351249CLab,https://wikidata.org/wiki/Q1091243,NULL,NULL,NULL,NULL
22.988,36.547,"Aphroditia (Lakonia)","Lakonia Bk3","Lakonia Bk3",['settlement'],"['3.22.11','8.12.8']",NULL,https://pleiades.stoa.org/places/573101,https://topostext.org/place/365230UAph,https://wikidata.org/wiki/Q15223793,NULL,"Aphrodisias Laconia",NULL,NULL
27.535590000000003,37.83698,"Aulai locality with cave near Lethaios river","Asia Minor (Asia)","Ionia (region)",['chorion'],['10.32.6'],NULL,NULL,NULL,NULL,NULL,NULL,NULL,NULL
23.496,37.424,"Boukephala? cape (Hermionis)","Hermionis Bk2","Hermionis Bk2",['akra'],['2.34.8'],NULL,https://pleiades.stoa.org/places/570160,https://topostext.org/place/373233LBou,NULL,NULL,NULL,NULL,NULL
12.486200000000002,41.8954,"Trajan's Forum in Rome","Italia (Europe)",Rome,['agora'],['10.5.11'],NULL,NULL,https://topostext.org/place/419125BMTr,https://wikidata.org/wiki/Q478642,NULL,NULL,NULL,NULL
22.4237,37.0821,"city walls of Sparta","Lakonia Bk3",Sparta,['teichos'],"['3.12.8','3.15.3','8.51.3']",Sparta,NULL,NULL,NULL,NULL,NULL,NULL,NULL
23.7257,37.9717,"Athenian Acropolis (Athens)","Athenai Bk1","Athenai Bk1","['acropolis','hieron','teichos']","['1.18.2','1.21.3','1.21.4','1.22.1','1.22.4','1.22.8','1.23.7','1.24.1','1.24.3','1.25.1','1.25.7','1.25.8','1.26.3','1.26.6','1.27.10','1.27.3','1.27.8','1.28.3','1.30.1','1.5.4','4.36.6','5.11.10','5.21.1','6.8.6','7.25.3','7.27.2','8.10.4','8.23.5','9.35.3','9.35.7','9.4.1']",NULL,https://pleiades.stoa.org/places/638356144,https://topostext.org/place/380237SAkr,https://wikidata.org/wiki/Q131013,NULL,"Acropolis of Athens",NULL,NULL
21.7404,38.2434,"Gateway in Patras agora with gilt statues","Achaia Bk7","Agora of Patrae",['pylai'],['7.20.7'],"Agora of Patrae",NULL,NULL,NULL,NULL,NULL,NULL,NULL
27.256115000000005,37.384829,"Altar made by Heracles at Didyma","Asia Minor (Asia)","Didyma Apollo sanctuary",['bomos'],['5.13.11'],"Didyma Apollo sanctuary",NULL,NULL,NULL,https://resource.manto.unh.edu/10267116,NULL,NULL,NULL
23.22874,38.14719,Aigosthena,"Megarid Bk1","Megarid Bk1",['polis'],"['1.44.4','1.44.5']",NULL,https://pleiades.stoa.org/places/570051,NULL,https://wikidata.org/wiki/Q2827860,NULL,NULL,NULL,NULL
22.40816,37.60256,"New temple of Poseidon Hippios built around the old hieron","Arcadia Bk8","Sanctuary of Poseidon Hippios near Mantineia",['naos'],['8.10.2'],"Sanctuary of Poseidon Hippios near Mantineia",NULL,NULL,NULL,NULL,NULL,NULL,NULL
21.9,38.2,Peirai,"Achaia Bk7","Achaia Bk7",['settlement'],['7.18.1'],"Achaia Bk7",https://pleiades.stoa.org/places/573431,NULL,https://wikidata.org/wiki/Q60791428,NULL,NULL,NULL,NULL
22.3933,37.6181,"Gymnasium of Mantineia","Arcadia Bk8","Mantineia (Arkadia)",['gymnasion'],['8.9.8'],"Mantineia (Arkadia)",NULL,NULL,NULL,NULL,NULL,NULL,NULL
22.7214,37.6305,"Tomb of Epimenides in Argos","Argolid Bk2","Agora of Argos",['mnema'],['2.21.3'],"Agora of Argos",NULL,NULL,NULL,NULL,NULL,NULL,NULL
23.3484,37.5033,"Altar of Helios Eleutherios at Troizen, not far from the temple of Artemis Lykeia","Troizenia Bk2","Troizen (Troizenia)",['bomos'],['2.31.5'],"Troizen (Troizenia)",NULL,NULL,NULL,NULL,NULL,NULL,NULL
22.432959,36.659054,"sanctuary of Artemis Astrateia","Lakonia Bk3",Pyrrichos,['hieron'],['3.25.3'],Pyrrichos,NULL,NULL,https://wikidata.org/wiki/Q124616480,NULL,NULL,NULL,NULL
26.654808000000003,39.336684,Poroselene,"Asia Minor (Asia)",Aeolis,['settlement'],['3.25.7'],NULL,https://pleiades.stoa.org/places/550841,NULL,https://wikidata.org/wiki/Q6011695,NULL,Pordoselene,NULL,NULL
21.63042,37.63794,"Altar of Olympian Zeus at Olympia inside the Temple","Eleia Bk5 Bk6","Zeus temple (Olympia)",['bomos'],['5.14.4'],"Zeus temple (Olympia)",NULL,NULL,NULL,NULL,NULL,NULL,NULL
22.450621,38.428937,"Plain above Kirra bare of trees","Phokis Bk10",Kirra,['pedion'],['10.37.5'],Kirra,NULL,NULL,NULL,NULL,NULL,NULL,NULL
21.374,37.89,"Sanctuary of Artemis Philomeirax at Elis","Eleia Bk5 Bk6","Elis polis",['hieron'],['6.23.8'],"Elis polis",NULL,NULL,https://wikidata.org/wiki/Q107031199,NULL,NULL,NULL,NULL
22.1916,38.185,"Bouraikos (river)","Achaia Bk7","Achaia Bk7",['potamos'],['7.25.10'],NULL,https://pleiades.stoa.org/places/570167,NULL,https://wikidata.org/wiki/Q1871901,NULL,NULL,NULL,NULL
22.3933,37.6181,"Ruins of ancient Mantineia, on mountain on Mantineia-Orchomenos road","Arcadia Bk8","Mantineia (Arkadia)",['ereipia'],['8.12.7'],"Mantineia (Arkadia)",NULL,NULL,NULL,NULL,NULL,NULL,NULL
21.653,37.6395,"Small building at Pisa housing bones of Pelops","Eleia Bk5 Bk6","Pisa (Eleia)",['oikema'],['6.22.1'],"Pisa (Eleia)",NULL,NULL,NULL,NULL,NULL,NULL,NULL
22.50592,38.62687,"Baths at Lilaia","Phokis Bk10",Lilaia,['loutron'],['10.33.4'],Lilaia,NULL,NULL,NULL,NULL,NULL,NULL,NULL
21.3746,37.8917,"House of the Sixteen in agora of Elis","Eleia Bk5 Bk6","Agora of Elis",['oikema'],['6.24.10'],"Agora of Elis",NULL,NULL,NULL,NULL,NULL,NULL,NULL
22.8802,37.9054,"Tomb of Medea's children by Corinth Odeion","Corinthia Bk2","Corinth (Corinthia)",['mnema'],['2.3.6'],"Corinth (Corinthia)",NULL,NULL,NULL,https://resource.manto.unh.edu/10153089,NULL,NULL,NULL
21.6307,37.6385,"Great altar of Zeus at Olympia","Eleia Bk5 Bk6","Altis sacred grove (Olympia)",['bomos'],"['5.13.10','5.13.11','5.13.8','5.13.9','5.14.1','5.14.8']",NULL,NULL,NULL,https://wikidata.org/wiki/Q2872358,NULL,"Altar of Olympian Zeus in Altis, Olympia",NULL,NULL
23.3484,37.5033,"Agora of Troizen","Troizenia Bk2","Troizen (Troizenia)",['agora'],['2.31.1'],"Troizen (Troizenia)",NULL,NULL,https://wikidata.org/wiki/Q133963475,NULL,NULL,NULL,NULL
23.0934,37.6127,"Kynortion M.","Epidauria Bk2","Epidauria Bk2",['oros'],['2.27.7'],NULL,https://pleiades.stoa.org/places/573318,NULL,NULL,NULL,NULL,NULL,NULL
22.1918,37.1217,"Limnai (Messenia)","Lakonia Bk3","Messenia Bk4",['chorion'],"['3.2.6','4.31.3']",NULL,NULL,https://topostext.org/place/371222ULim,https://wikidata.org/wiki/Q48781604,NULL,NULL,NULL,NULL
22.649131,37.846299,"Phlious Bk2",NULL,Peloponnesos,['polis'],"['10.20.1','10.7.7','2.11.3','2.12.3','2.12.4','2.12.5','2.12.6','2.13.1','2.13.8','2.14.1','2.14.3','2.25.5','2.25.6','2.5.2']",NULL,https://pleiades.stoa.org/places/570602,NULL,https://wikidata.org/wiki/Q1412043,NULL,"Phleious Phlius",NULL,NULL
22.4237,37.0821,"Sanctuary of Hera Hypercheiria at Sparta","Lakonia Bk3",Sparta,['hieron'],['3.13.8'],Sparta,NULL,NULL,https://wikidata.org/wiki/Q124616440,NULL,NULL,NULL,NULL
22.4237,37.0821,"Limnaion locality at Sparta","Lakonia Bk3",Sparta,['chorion'],['3.16.7'],Sparta,NULL,NULL,https://wikidata.org/wiki/Q124616415,NULL,NULL,NULL,NULL
22.31536,37.724716,"Spring at Orchomenos still in use","Arcadia Bk8","Orchomenos (Arcadia)",['pege'],['8.13.2'],"Orchomenos (Arcadia)",NULL,NULL,NULL,NULL,NULL,NULL,NULL
22.1099,38.030042,"plane tree above Alyssus spring near Kynaitha","Arcadia Bk8","Alysson spring of cold water 2 stadia from Kynaitha",['platanos'],['8.19.2'],"Alysson spring of cold water 2 stadia from Kynaitha",NULL,NULL,NULL,NULL,NULL,NULL,NULL
23.723000000000003,37.975,"Horme altar, Athens","Athenai Bk1","Athenai Bk1",['bomos'],['1.17.1'],NULL,NULL,https://topostext.org/binder/JB1766,NULL,NULL,NULL,NULL,NULL
23.283,37.9782,"Skironian rocks on Megara-Isthmus road","Megarid Bk1","road Megara to Corinth, Skironis",['petra'],"['1.44.7','1.44.8','1.44.9']",NULL,NULL,https://topostext.org/place/380232LSki,https://wikidata.org/wiki/Q60791648,NULL,Moulouris,NULL,NULL
21.1966,38.4077,"Fortress of Oeniadae","Aitolia region",Oiniadai,['teichos'],['4.25.1'],Oiniadai,NULL,NULL,NULL,NULL,NULL,NULL,NULL
23.14146,37.92753,Krommyon,"Corinthia Bk2","Corinthia Bk2",['settlement'],['2.1.3'],NULL,https://pleiades.stoa.org/places/570386,NULL,https://wikidata.org/wiki/Q1789784,NULL,NULL,NULL,NULL
23.2733,38.2213,"mnêma of Lêitos in Plataea","Boiotia Bk9","Plataea (Boeotia)",['mnema'],['9.4.3'],"Plataea (Boeotia)",NULL,NULL,NULL,https://resource.manto.unh.edu/10771865,NULL,NULL,NULL
23.00169,38.385259,"oak forest near Alalkomenai","Boiotia Bk9",Alalkomenai,['drymos'],['9.3.4'],Alalkomenai,NULL,NULL,NULL,NULL,NULL,NULL,NULL
23.5314735,37.947768,"sanctuary of Artemis, Salamis","Attica Bk1","Salamis (settlement)",['hieron'],['1.36.1'],"Salamis (settlement)",NULL,NULL,https://wikidata.org/wiki/Q124644588,NULL,NULL,NULL,NULL
22.802548,36.875634,"Palaia (Laconia)","Lakonia Bk3","Lakonia Bk3",['kome'],['3.22.6'],NULL,https://pleiades.stoa.org/places/570545,NULL,https://wikidata.org/wiki/Q48781617,NULL,"Pleiai Palaea",NULL,NULL
22.7188,37.6303,"Sanctuary of Aphrodite at Argos beyond theater","Argolid Bk2","Theater of Argos",['hieron'],['2.20.8'],NULL,NULL,NULL,https://wikidata.org/wiki/Q111427783,NULL,"Aphrodision of Argos",NULL,NULL
22.7195,37.6316,"Koile road from Kylarabis gymnasium, Argos","Argolid Bk2","Argos (Argolid)",['hodos'],"['2.23.1','2.23.3']","Argos (Argolid)",NULL,NULL,NULL,NULL,NULL,NULL,NULL
22.501642,38.48162,"Siphnian Treasury","Phokis Bk10","Sanctuary of Pythian Apollo at Delphi",['thesauros'],['10.11.2'],NULL,https://pleiades.stoa.org/places/333036425,NULL,https://wikidata.org/wiki/Q1754028,NULL,NULL,NULL,NULL
22.521276,36.69704,"Tomb of Las at Arainon","Lakonia Bk3",Arainon,['taphos'],"['3.24.10','3.25.1']",Arainon,NULL,NULL,https://wikidata.org/wiki/Q124616335,https://resource.manto.unh.edu/10149904,NULL,NULL,NULL
22.5129,36.7863,"Aigiai (Lakonia)","Lakonia Bk3","Lakonia Bk3",['polisma'],"['3.21.5','3.21.6','3.21.7']",NULL,https://pleiades.stoa.org/places/570044,https://topostext.org/place/368225UAig,https://wikidata.org/wiki/Q60790659,NULL,NULL,NULL,NULL
23.364,37.5606,"Methana peninsula","Troizenia Bk2","Troizenia Bk2",['isthmos'],['2.34.1'],NULL,NULL,NULL,https://wikidata.org/wiki/Q25017110,NULL,NULL,NULL,NULL
23.3178,38.3191,"Temple of Ammon in Thebes","Boiotia Bk9","Sanctuary of Ammon in Thebes",['naos'],['9.16.1'],"Sanctuary of Ammon in Thebes",NULL,NULL,NULL,NULL,NULL,NULL,NULL
23.7329,37.9686,"Apollo Delphinios sanctuary, Athens","Athenai Bk1","Athenai Bk1",['hieron'],['1.19.1'],NULL,NULL,https://topostext.org/binder/JB0287,https://wikidata.org/wiki/Q97206898,NULL,NULL,NULL,NULL
21.630126,37.637849,"Altar of Artemis Agrotera at Olympia in front of Prytaneion","Eleia Bk5 Bk6",Olympia,['bomos'],['5.15.8'],Olympia,NULL,NULL,NULL,NULL,NULL,NULL,NULL
22.4295,37.46475,"Agora of Tegea","Arcadia Bk8","Tegea (Arkadia)",['agora'],['8.48.4'],NULL,NULL,NULL,https://wikidata.org/wiki/Q133963444,NULL,NULL,NULL,NULL
21.9912,37.7685,Halous,"Arcadia Bk8","Arcadia Bk8",['settlement'],['8.25.2'],NULL,https://pleiades.stoa.org/places/570277,NULL,https://wikidata.org/wiki/Q7105324,NULL,Oryx,NULL,NULL
22.7195,37.6316,"tomb of Crotopus in Argos","Argolid Bk2","Argos (Argolid)",['mnema'],['2.23.7'],"Argos (Argolid)",NULL,NULL,NULL,https://resource.manto.unh.edu/10187145,NULL,NULL,NULL
22.7028,37.6328,"Sanctuary of Artemis Orthia on Mt. Lykone summit","Argolid Bk2","Lykone (mountain)",['hieron'],['2.24.5'],"Lykone (mountain)",NULL,NULL,https://wikidata.org/wiki/Q134037350,NULL,NULL,NULL,NULL
20.25,39.75,Kestrine/Kammania,"Hellas (Europe)",Thesprotia,['chora'],['2.23.6'],NULL,https://pleiades.stoa.org/places/530942,NULL,https://wikidata.org/wiki/Q21645767,NULL,NULL,NULL,NULL
23.3405,38.2224,"sacred well at Hysiai","Boiotia Bk9","Hysiai (Boeotia)","['manteion','phrear']",['9.2.1'],"Hysiai (Boeotia)",NULL,NULL,NULL,NULL,NULL,NULL,NULL
23.716,37.9758,"Zeus Meilichios altar on Sacred Way","Attica Bk1","Sacred Way from Athens to Eleusis",['bomos'],['1.37.4'],NULL,NULL,https://topostext.org/binder/JB3027,NULL,NULL,NULL,NULL,NULL
23.73147,38.08194,"Cult of Dionysus Kissos in Acharnai","Attica Bk1",Acharnae,['hieron'],['1.31.6'],Acharnae,NULL,NULL,NULL,NULL,NULL,NULL,NULL
23.726464,37.971687,"Temple of Hera and Zeus Panhellenios, Athens","Athenai Bk1","Athenai Bk1",['naos'],['1.18.9'],"Athenai Bk1",NULL,https://topostext.org/binder/JB2339,NULL,NULL,NULL,NULL,NULL
21.630126,37.637849,"Treasury of the Geloans at Olympia","Eleia Bk5 Bk6","Treasury terrace north of the Heraion, Olympia",['thesauros'],['6.19.15'],Olympia,NULL,NULL,https://wikidata.org/wiki/Q106953355,NULL,NULL,NULL,NULL
21.936,37.274,"Houses of Hermes, founded by Methapus (in Andania?)","Messenia Bk4","Andania (Messenia)",['oikema'],['4.1.8'],"Andania (Messenia)",NULL,NULL,NULL,NULL,NULL,NULL,NULL
23.34285,37.997,"tomb of Coroebus in Megara agora","Megarid Bk1","Agora of Megara",['mnema'],"['1.43.7','1.44.1']","Agora of Megara",NULL,NULL,https://wikidata.org/wiki/Q124644660,https://resource.manto.unh.edu/10210604,"tomb of Koroibos in Megara",NULL,NULL
22.15,37.45,Akontion,"Arcadia Bk8",Parrasia,['settlement'],['8.27.4'],Parrasia,https://pleiades.stoa.org/places/573066,NULL,https://wikidata.org/wiki/Q39081791,NULL,NULL,NULL,NULL
22.737804,37.581685,"Sanctuary of Poseidon in Temenion","Argolid Bk2",Temenion,['hieron'],['2.38.1'],Temenion,NULL,NULL,https://wikidata.org/wiki/Q134037505,NULL,NULL,NULL,NULL
22.4237,37.0821,"Sanctuary of the Muses at Sparta","Lakonia Bk3","Acropolis of Sparta",['hieron'],['3.17.5'],"Acropolis of Sparta",NULL,NULL,https://wikidata.org/wiki/Q124616462,NULL,NULL,NULL,NULL
21.73,37.641,"Temple of Asklepios Demainetos, 40 stades beyond Sauros gully, ruined","Eleia Bk5 Bk6","Eleia Bk5 Bk6","['Asclepieion','naos']",['6.21.4'],NULL,NULL,NULL,https://wikidata.org/wiki/Q107031185,NULL,NULL,NULL,NULL
22.4237,37.0821,"Sanctuary of Lykourgos in Sparta","Lakonia Bk3",Sparta,['hieron'],['3.16.6'],Sparta,NULL,NULL,https://wikidata.org/wiki/Q124616458,NULL,NULL,NULL,NULL
23.42372,37.74991,"Main harbor of Aigina","Aigina island Bk2","Aigina polity",['limen'],['2.29.6'],"Aigina polity",NULL,NULL,NULL,NULL,NULL,NULL,NULL
23.1453,38.3622,"Onchestos (Boeotia)","Boiotia Bk9","Boiotia Bk9",['polis'],"['1.39.5','1.42.1','9.26.5']",NULL,https://pleiades.stoa.org/places/540984,https://topostext.org/place/384232UOnc,https://wikidata.org/wiki/Q3063303,NULL,NULL,NULL,NULL
23.026,36.731,"Water of Ino near Epidauros Limera","Lakonia Bk3","Epidaurus Limera (Laconia)",['pege'],['3.23.8'],"Epidaurus Limera (Laconia)",https://pleiades.stoa.org/places/573265,NULL,https://wikidata.org/wiki/Q124616542,NULL,NULL,NULL,NULL
24.0002,38.144,"Marathon battlefield (Attica)","Attica Bk1","Marathon deme",['battlefield'],"['1.14.5','1.29.4','1.32.3','1.32.4','1.32.6','1.32.7','1.33.2','10.10.1','10.11.5','10.19.4','10.20.2','3.4.7','8.10.9']",NULL,NULL,https://topostext.org/place/381241LMaB,https://wikidata.org/wiki/Q31900,NULL,NULL,NULL,NULL
22.7145,37.9834,"Gate at Sikyon","Sikyonia Bk2","Sicyon (Sikyonia)",['pylai'],['2.7.4'],"Sicyon (Sikyonia)",NULL,NULL,NULL,NULL,"Sicyon gate",NULL,NULL
22.7747,37.6919,"Hill opposite the Heraion, 50 stades from Mycenae","Argolid Bk2","Argive Heraion (Argolid)",['oros'],['2.17.1'],"Argive Heraion (Argolid)",NULL,NULL,NULL,NULL,NULL,NULL,NULL
22.002,37.2099,"Stenykleros region (Messenia)","Messenia Bk4","Messenia Bk4",['chora'],"['4.15.8','4.16.5','4.16.6','4.27.1','4.3.7','4.33.4','4.6.6']",NULL,https://pleiades.stoa.org/places/570690,https://topostext.org/place/372220LSte,https://wikidata.org/wiki/Q15829811,NULL,NULL,NULL,NULL
22.3503405,36.9528148,Therai,"Lakonia Bk3","Lakonia Bk3",['chorion'],['3.20.5'],"Taygetos (mountain)",https://pleiades.stoa.org/places/573554,NULL,NULL,NULL,NULL,NULL,NULL
21.62975,37.63754,"Altis sacred grove (Olympia)","Eleia Bk5 Bk6",Olympia,['alsos'],"['5.10.1','5.11.10','5.13.1','5.15.1','5.15.2','5.15.3','5.15.4','5.15.7','5.15.8','5.20.10','5.20.4','5.20.5','5.20.9','5.21.1','5.21.17','5.22.1','5.24.4','5.24.8','5.25.1','5.25.5','5.27.10','5.27.11','5.27.3','5.27.4','6.11.9','6.14.6','6.14.9','6.16.8','6.17.1','6.19.1','6.2.3','6.2.8','6.20.7','6.7.3']",NULL,NULL,https://topostext.org/place/376216SAlt,https://wikidata.org/wiki/Q2400346,NULL,NULL,NULL,NULL
35.25,33.25,Phoenice,"Asia (continent)","Asia (continent)",['chora'],"['1.6.4','5.12.4','5.25.12','7.5.5','9.28.2']",NULL,https://pleiades.stoa.org/places/991410,NULL,https://wikidata.org/wiki/Q41642,NULL,Phoenicia,NULL,NULL
23.243591,37.385218,"Altar of Hestia in Hermione","Hermionis Bk2","Sanctuary of Hestia in Hermione",['bomos'],['2.35.1'],"Sanctuary of Hestia in Hermione",NULL,NULL,NULL,NULL,NULL,NULL,NULL
23.3178,38.3191,"Chamber of Alkmene at house of Amphitryon at Thebes","Boiotia Bk9","House of Amphitryon in Thebes, in ruins, left of the Electra gate",['thalamos'],['9.11.1'],"House of Amphitryon in Thebes, in ruins, left of the Electra gate",NULL,NULL,NULL,NULL,NULL,NULL,NULL
22.756111,37.730833,"Hero-shrine of Perseus on the road from Mycene to Argos","Argolid Bk2",Mycenae,['heroon'],['2.18.1'],Mycenae,NULL,NULL,NULL,https://resource.manto.unh.edu/11289037,NULL,NULL,NULL
21.95792,37.083541,Hyameia,"Messenia Bk4","Messenia Bk4",['chora'],['4.14.3'],NULL,https://pleiades.stoa.org/places/570297,NULL,https://wikidata.org/wiki/Q123298898,NULL,NULL,NULL,NULL
21.963136,37.43148,"Sanctuary of Pan Nomios at Melpeia, in the Nomian mountains","Arcadia Bk8",Melpeia,['hieron'],['8.38.11'],Melpeia,NULL,NULL,https://wikidata.org/wiki/Q134036900,https://resource.manto.unh.edu/10769879,NULL,NULL,NULL
27.0670163,40.4259096,Parion,"Asia Minor (Asia)",Hellespontus,['polis'],['9.27.1'],NULL,https://pleiades.stoa.org/places/511354,NULL,https://wikidata.org/wiki/Q1411652,NULL,Parium,NULL,NULL
22.3289,37.4526,"Ancient acropolis of Pallantion","Arcadia Bk8","Pallantion (Arkadia)","['acropolis','lophos']",['8.44.5'],NULL,NULL,NULL,https://wikidata.org/wiki/Q133963408,NULL,NULL,NULL,NULL
22.3933,37.6181,"Double temple of Asklepios and Leto and her children at Mantineia","Arcadia Bk8","Mantineia (Arkadia)",['naos'],['8.9.1'],"Mantineia (Arkadia)",NULL,NULL,NULL,NULL,NULL,NULL,NULL
22.450621,38.428937,Kirra,"Phokis Bk10","Phokis Bk10","['epineion','settlement']","['10.1.2','10.37.4','10.37.5','10.37.6','10.37.8','10.38.1','10.8.8','2.9.6','7.19.7']",NULL,https://pleiades.stoa.org/places/540868,NULL,https://wikidata.org/wiki/Q56754242,NULL,NULL,NULL,NULL
25.3905,35.3186,"Chersonesos (Crete)",Crete,Crete,['settlement'],['6.16.5'],NULL,NULL,https://topostext.org/place/353254PChe,https://wikidata.org/wiki/Q5092564,NULL,NULL,NULL,NULL
21.97,37.5,Nous,"Arcadia Bk8",Theisoaia,['potamos'],['8.38.9'],Theisoaia,https://pleiades.stoa.org/places/573391,NULL,NULL,NULL,NULL,NULL,NULL
23.34285,37.997,"Apollo's stone in Megara","Megarid Bk1","Megara (Megarid)",['petra'],['1.42.2'],"Megara (Megarid)",NULL,NULL,https://wikidata.org/wiki/Q124644632,NULL,NULL,NULL,NULL
34,50,"Hyperborea (Asia)",NULL,"Scythia (Europe)","['major region','mythical place']","['1.18.5','1.31.2','1.4.4','10.5.7','10.5.9','3.13.2','5.7.7','5.7.8']",NULL,NULL,NULL,https://wikidata.org/wiki/Q243333,NULL,"land of the Hyperboreans",NULL,NULL
22.1273,37.4124,"Sanctuary built for Hermes, Apollo, et al in Peribolos of Great Goddesses, Megalopolis","Arcadia Bk8","Megalopolis (Arkadia)",['hieron'],['8.31.7'],"Megalopolis (Arkadia)",NULL,NULL,https://wikidata.org/wiki/Q134037029,NULL,NULL,NULL,NULL
23.725000000000005,37.975,"Skiron brook near Sacred Way","Attica Bk1","Attica Bk1",['potamos'],['1.36.4'],NULL,NULL,https://topostext.org/binder/JB2670,NULL,NULL,NULL,NULL,NULL
23.726443,37.972,"Temple of Athena Polias on the Acropolis","Athenai Bk1","Erechtheion, Athens",['naos'],['1.27.1'],"Erechtheion, Athens",NULL,NULL,NULL,NULL,NULL,NULL,NULL
21.602752,37.609552,"Temple of Ephesian Artemis in Scillus","Eleia Bk5 Bk6",Skillous,['naos'],['5.6.5'],Skillous,NULL,NULL,NULL,NULL,NULL,NULL,NULL
22.4535,37.0658,"Menelaion (Lakonia)","Lakonia Bk3","Lakonia Bk3",['naos'],['3.19.9'],NULL,https://pleiades.stoa.org/places/570477,https://topostext.org/place/370225SMen,https://wikidata.org/wiki/Q23069794,NULL,NULL,NULL,NULL
22.626059,38.375439,"Sanctuary of Poseidon at harbor of Antikyra","Phokis Bk10",Antikyra,['hieron'],['10.36.8'],Antikyra,NULL,NULL,https://wikidata.org/wiki/Q134037313,NULL,NULL,NULL,NULL
22.7145,37.9834,"Sanctuary of Apollo Lykios at Sicyon, in ruins","Sikyonia Bk2","Sicyon (Sikyonia)",['hieron'],['2.9.7'],"Sicyon (Sikyonia)",NULL,NULL,https://wikidata.org/wiki/Q134037416,NULL,NULL,NULL,NULL
22.53438,40.02458,Leibethra,"Macedonia (Europe)",Pieria,['polis'],"['9.30.11','9.30.9']",NULL,https://pleiades.stoa.org/places/491650,NULL,https://wikidata.org/wiki/Q1753318,NULL,Libethra,NULL,NULL
21.6026,37.5197,"Cave of the Anigrides Nymphs (Eleia)","Eleia Bk5 Bk6","Eleia Bk5 Bk6",['spelaion'],['5.5.11'],NULL,https://pleiades.stoa.org/places/581386416,https://topostext.org/place/375216SAni,NULL,NULL,NULL,NULL,NULL
22.434,38.8503,"Spercheios river bridges","Hellas (Europe)",Spercheios,['gephyra'],"['10.20.6','10.20.9','10.22.2']",NULL,NULL,NULL,NULL,NULL,NULL,NULL,NULL
22.0722,37.8653,"Temple of Athena Koria on summit 30 stades from Kleitor","Arcadia Bk8","Summit of mountain 30 stades from Kleitor, likely Ag. Athanasios hill (1050m)",['naos'],['8.21.4'],NULL,NULL,https://topostext.org/place/379221SAtK,NULL,NULL,NULL,NULL,NULL
23.3484,37.5033,"Sanctuary of Artemis Saronia on coast of Troizen","Troizenia Bk2","Troizen (Troizenia)",['hieron'],"['2.30.7','2.32.10']","Troizen (Troizenia)",NULL,NULL,https://wikidata.org/wiki/Q134037893,https://resource.manto.unh.edu/10192739,NULL,NULL,NULL
22.09,38.252,"theater of Aigion, near the sanctuary of Dionysus","Achaia Bk7","Aigion (Achaia)",['theatron'],['7.23.9'],"Aigion (Achaia)",NULL,NULL,NULL,NULL,NULL,NULL,NULL
23.154521,38.293384,"Sanctuary of Aphrodite Melainis in Thespiai","Boiotia Bk9",Thespiai,['hieron'],['9.27.5'],Thespiai,NULL,NULL,https://wikidata.org/wiki/Q134037686,NULL,NULL,NULL,NULL
22.43737,37.04008,"Plain near Phellia river","Lakonia Bk3",Phellia,['pedion'],['3.20.3'],Phellia,NULL,NULL,NULL,NULL,NULL,NULL,NULL
21.842,37.4075,"city walls of Phigaleia","Arcadia Bk8",Phigaleia,['teichos'],['8.39.5'],Phigaleia,NULL,NULL,NULL,NULL,NULL,NULL,NULL
31.1815439,37.1968531,"Eurymedon (river)","Asia Minor (Asia)",Cilicia,['battlefield'],['10.15.4'],NULL,https://pleiades.stoa.org/places/638836,NULL,https://wikidata.org/wiki/Q385473,NULL,NULL,NULL,NULL
22.393,37.633,Ptolis,"Arcadia Bk8","Mantineia (Arkadia)",['polis'],"['8.12.7','8.8.4']",NULL,https://pleiades.stoa.org/places/573488,NULL,https://wikidata.org/wiki/Q60791931,NULL,NULL,NULL,NULL
23.2236,37.3888,"Sanctuary of Zeus on Kokkygion mountain","Hermionis Bk2","Kokkygion mountain",['hieron'],['2.36.2'],"Kokkygion mountain",NULL,NULL,https://wikidata.org/wiki/Q134037716,NULL,NULL,NULL,NULL
22.4191,37.0841,"Heroon of Alkimos in Sparta","Lakonia Bk3","Platanista grove (Lakonia)",['heroon'],['3.15.1'],"Platanista grove (Lakonia)",NULL,NULL,https://wikidata.org/wiki/Q124616560,NULL,NULL,NULL,NULL
22.8956,38.6366,"Oracle of Apollo at Abai","Phokis Bk10","Sanctuary of Apollo of Abai",['manteion'],"['10.35.1','4.32.5']","Sanctuary of Apollo of Abai",NULL,NULL,NULL,NULL,NULL,NULL,NULL
23.7329,37.9686,"Tomb of Deukalion, Athens","Athenai Bk1","Athenai Bk1",['taphos'],['1.18.8'],NULL,NULL,https://topostext.org/binder/JB1097,NULL,https://resource.manto.unh.edu/10151495,NULL,NULL,NULL
23.101469,38.272393,Donakon,"Boiotia Bk9",Thespiai,['settlement'],['9.31.7'],NULL,https://pleiades.stoa.org/places/540738,NULL,https://wikidata.org/wiki/Q106559913,NULL,NULL,NULL,NULL
22.54128,38.70507,"Sanctuary of Demeter Thesmophoros at Drymaia","Phokis Bk10",Drymaia,['hieron'],['10.33.12'],Drymaia,NULL,NULL,https://wikidata.org/wiki/Q134037294,NULL,NULL,NULL,NULL
22.9925,37.8824,"Sea wall of Kenchreai","Corinthia Bk2","Kenchreai (Korinthia)","['limen','teichos']",['2.2.3'],"Kenchreai (Korinthia)",NULL,NULL,NULL,NULL,NULL,NULL,NULL
22.3557,38.4802,"temple of Poseidon in temenos above Myonia","Phokis Bk10","Myonia/Myania (Phokis)",['naos'],['10.38.8'],"Myonia/Myania (Phokis)",NULL,NULL,NULL,NULL,NULL,NULL,NULL
23.3178,38.3191,"Tomb of the children of Herakles in Thebes","Boiotia Bk9","Thebes (Boeotia)",['mnema'],['9.11.2'],"Thebes (Boeotia)",NULL,NULL,NULL,https://resource.manto.unh.edu/10152167,NULL,NULL,NULL
22.442503,38.790767,"Tomb of Deianeira near Herakleia under Oita","Hellas (Europe)","Herakleia in Trachinia",['mnema'],['2.23.5'],"Herakleia in Trachinia",NULL,NULL,NULL,https://resource.manto.unh.edu/10187130,NULL,NULL,NULL
28.224399999999996,36.4408,"Rhodes island","Aegean Sea (Hellas)","Aegean Sea (Hellas)",['nesos'],"['1.6.6','1.6.7','2.33.4','2.7.1','3.19.10','3.19.9','4.24.2','4.24.3','4.31.5','4.32.3']",NULL,https://pleiades.stoa.org/places/590031,https://topostext.org/place/364282IRho,https://wikidata.org/wiki/Q43048,NULL,"Rhodos Rodos (island)",NULL,NULL
29.314279,36.26018,Patara,"Asia Minor (Asia)","Lycia region",['settlement'],['9.41.1'],NULL,https://pleiades.stoa.org/places/639042,NULL,https://wikidata.org/wiki/Q233121,NULL,Arsinoe,https://imperium.ahlfeldt.se/places/21460,NULL
22.444,37.3308,"Karyai (Arkadia)","Arcadia Bk8","Arcadia Bk8",['chorion'],"['8.13.6','8.14.1']",NULL,https://pleiades.stoa.org/places/573275,https://topostext.org/place/373225UKar,https://wikidata.org/wiki/Q59148716,NULL,NULL,NULL,NULL
22.0959,37.8914,"river-crossing of the Kleitor, near Kleitoria","Arcadia Bk8",Kleitor,['diabese'],['8.21.1'],Kleitor,NULL,NULL,NULL,NULL,NULL,NULL,NULL
21.4517,37.6125,"Temple of the Mother of the Gods near Alpheios springs","Arcadia Bk8","Arcadia Bk8",['naos'],['8.44.3'],NULL,NULL,NULL,NULL,NULL,NULL,NULL,NULL
27.220140000000004,39.36331,Pindasus,"Asia Minor (Asia)",Mysia,['oros'],['2.26.8'],NULL,https://pleiades.stoa.org/places/550830,NULL,https://wikidata.org/wiki/Q4833452,NULL,NULL,NULL,NULL
22.7145,37.9834,"Sacred Gate of Sicyon","Sikyonia Bk2","Sicyon (Sikyonia)",['pylai'],['2.11.1'],"Sicyon (Sikyonia)",NULL,NULL,NULL,NULL,NULL,NULL,NULL
23.1542,37.5,"Sanctuary of Poseidon in Didymoi of Hermione","Argolid Bk2","Didymoi (Argolid)",['hieron'],['2.36.3'],"Didymoi (Argolid)",NULL,NULL,https://wikidata.org/wiki/Q134037680,NULL,NULL,NULL,NULL
21.705,37.6378,"Sanctuary of Athena Kydonia at Phrixa","Eleia Bk5 Bk6","Eleia Bk5 Bk6","['hieron','naos']",['6.21.6'],NULL,NULL,NULL,https://wikidata.org/wiki/Q107031182,NULL,NULL,NULL,NULL
24.862219999999997,37.8528,"Sanctuary of Dionysos at Andros","Aegean Sea (Hellas)","Andros (island)",['hieron'],['6.26.2'],"Andros (island)",NULL,NULL,https://wikidata.org/wiki/Q134038418,NULL,NULL,NULL,NULL
23.34285,37.997,"Tomb of Alkmene at Megara","Megarid Bk1","Megara (Megarid)",['mnema'],['1.41.1'],"Megara (Megarid)",NULL,NULL,https://wikidata.org/wiki/Q124644620,https://resource.manto.unh.edu/10186744,NULL,NULL,NULL
12.86027,38.00094,Inykon,"Sicilia (island)","Sicilia (island)",['polis'],['7.4.6'],NULL,https://pleiades.stoa.org/places/462261,NULL,https://wikidata.org/wiki/Q969998,NULL,NULL,NULL,NULL
23.733078,37.969372,"Temple of Olympian Zeus (Athens)","Athenai Bk1","Sanctuary of Olympian Zeus at Athens",['naos'],"['1.18.6','1.18.7','1.18.8','1.19.1']",NULL,https://pleiades.stoa.org/places/580042,https://topostext.org/place/380237SOly,https://wikidata.org/wiki/Q1123019,NULL,NULL,NULL,NULL
23.15039,37.63644,"Temple of Artemis at Epidaurus","Epidauria Bk2",Epidauros,['naos'],['2.29.1'],NULL,NULL,https://topostext.org/place/376232SArT,https://wikidata.org/wiki/Q107433989,NULL,NULL,NULL,NULL
23.448834,38.498583,"Glaukos' Leap, by the sea at Anthedon","Boiotia Bk9",Anthedon,"['mythic site']",['9.22.6'],Anthedon,NULL,NULL,NULL,NULL,NULL,NULL,NULL
22.3777,38.1286,"pediment of temple in Apollo sanctuary at Aigeira","Achaia Bk7","Sanctuary of Apollo at Aigeira",['aetos'],['7.26.6'],"Sanctuary of Apollo at Aigeira",NULL,NULL,NULL,NULL,NULL,NULL,NULL
21.91931952,37.17276708,"Messene Stadium","Messenia Bk4","Messene (Messenia)",['stadion'],['4.32.6'],NULL,NULL,https://topostext.org/place/372219BSta,https://wikidata.org/wiki/Q41079524,NULL,NULL,https://imperium.ahlfeldt.se/places/24210,NULL
22.756111,37.730833,"Tomb of Eurymedon the charioteer in Mycenae","Argolid Bk2",Mycenae,['mnema'],['2.16.6'],Mycenae,NULL,NULL,NULL,https://resource.manto.unh.edu/10159504,NULL,NULL,NULL
23.1542,37.5,"Didymoi (Argolid)","Argolid Bk2","Hermionis Bk2",['chorion'],['2.36.3'],NULL,https://pleiades.stoa.org/places/570196,https://topostext.org/place/375232SDid,https://wikidata.org/wiki/Q125936606,NULL,NULL,NULL,NULL
23.723000000000003,37.975,"Eleos altar, Athens","Athenai Bk1","Athenai Bk1",['bomos'],['1.17.1'],NULL,NULL,https://topostext.org/binder/JB1262,https://wikidata.org/wiki/Q135646823,NULL,"Altar of Pity, Altar of Eleos, Altar of Mercy",NULL,NULL
27.363816,37.9498235,"Sanctuary of Ephesian Artemis at Ephesus","Asia Minor (Asia)",Ephesos,['hieron'],"['10.26.6','10.38.6','4.31.8','5.19.2','6.3.15','6.3.16','7.2.7','7.5.4']",NULL,https://pleiades.stoa.org/places/873985034,https://topostext.org/place/379274SEph,https://wikidata.org/wiki/Q43018,https://resource.manto.unh.edu/10267644,NULL,NULL,NULL
23.31964,38.31696,"Sanctuary of Heracles at Thebes","Boiotia Bk9","Thebes (Boeotia)",['hieron'],"['9.11.4','9.11.6','9.11.7']",NULL,NULL,https://topostext.org/place/383233SHer,https://wikidata.org/wiki/Q106526554,https://resource.manto.unh.edu/10772006,"Herakleion of Thebes",NULL,NULL
21.9725313,37.4563114,"Grove around Sanctuary of Pan on Mt. Lykaion","Arcadia Bk8","Lykaion (mountain)",['alsos'],['8.38.5'],"Lykaion (mountain)",NULL,NULL,NULL,NULL,NULL,NULL,NULL
23.088,38.3787,"Heroon of Kekrops son of Pandion at Haliartos","Boiotia Bk9","Haliartos (Boeotia)",['heroon'],['9.33.1'],"Haliartos (Boeotia)",NULL,NULL,NULL,NULL,NULL,NULL,NULL
23.243591,37.385218,"Sanctuary of Eileithyia at Hermione, by the road to Mases, inside the wall","Hermionis Bk2",Hermione,['hieron'],['2.35.11'],Hermione,NULL,NULL,https://wikidata.org/wiki/Q134037752,NULL,NULL,NULL,NULL
23.56,38.06,"threshing floor of Triptolemus near Eleusis","Attica Bk1","Rharion plain","['mythic site']",['1.38.6'],NULL,NULL,NULL,https://wikidata.org/wiki/Q124644602,NULL,NULL,NULL,NULL
23.3178,38.3191,"spring where Kadmos killed the dragon","Boiotia Bk9","Thebes (Boeotia)",['pege'],['9.10.1'],"Thebes (Boeotia)",NULL,NULL,NULL,NULL,NULL,NULL,NULL
23.795769,40.592218,Stageira,"Macedonia (Europe)","Chalcidike region (Chalkidike)",['polis'],['6.4.8'],NULL,https://pleiades.stoa.org/places/501625,NULL,https://wikidata.org/wiki/Q846127,NULL,NULL,NULL,NULL
23.2505528,38.1850025,"Wooden altar on summit of Kithairon for Daidala","Boiotia Bk9","Kithairon (mountain)",['bomos'],['9.3.7'],"Kithairon (mountain)",NULL,NULL,NULL,NULL,NULL,NULL,NULL
22.09,38.252,"Agora of Aigion","Achaia Bk7","Aigion (Achaia)",['agora'],"['3.12.7','7.23.9','7.24.1']","Aigion (Achaia)",NULL,NULL,https://wikidata.org/wiki/Q124606121,NULL,NULL,NULL,NULL
22.1273,37.4124,"ruined temple of Dionysos at far end of stadium in Megalopolis","Arcadia Bk8","Megalopolis (Arkadia)",['naos'],['8.32.3'],"Megalopolis (Arkadia)",NULL,NULL,NULL,NULL,NULL,NULL,NULL
23.7168,37.9816,"grave of Thessalian horsemen","Athenai Bk1","Demosion Sema war graves, Athens",['mnema'],['1.29.6'],"Demosion Sema war graves, Athens",NULL,NULL,NULL,NULL,NULL,NULL,NULL
7.5,52.49999999999999,"Germania (Europe)",Europe,Europe,"['major region']",['8.43.6'],NULL,https://pleiades.stoa.org/places/20468,NULL,https://wikidata.org/wiki/Q62646,NULL,NULL,NULL,NULL
23.34285,37.997,"temple of Dionysus Nyktelios at Megara","Megarid Bk1","Megara (Megarid)",['naos'],['1.40.6'],"Megara (Megarid)",NULL,NULL,https://wikidata.org/wiki/Q124644615,NULL,NULL,NULL,NULL
23.718611,37.978333,"building with clay statues in Athens near Cerameicus","Athenai Bk1",Kerameikos,['oikema'],['1.2.5'],Kerameikos,NULL,NULL,NULL,NULL,NULL,NULL,NULL
21.63291462,37.6391184,"starting line at the stadium of Olympia","Eleia Bk5 Bk6","Olympia Stadium",['aphesis'],['6.20.9'],"Olympia Stadium",NULL,NULL,NULL,NULL,NULL,NULL,NULL
13.180165,38.153624,Hykkara?,"Sicilia (island)","Sicilia (island)",['settlement'],['2.2.5'],NULL,https://pleiades.stoa.org/places/462254,NULL,https://wikidata.org/wiki/Q728102,NULL,NULL,NULL,NULL
23.3484,37.5033,"Hippokrene fountain in Troizen","Troizenia Bk2","Troizen (Troizenia)",['pege'],['2.31.9'],"Troizen (Troizenia)",NULL,NULL,NULL,https://resource.manto.unh.edu/10214873,NULL,NULL,NULL
23.14146,37.92753,"Altar of Melikertes in Krommyon","Corinthia Bk2",Krommyon,['bomos'],['2.1.3'],Krommyon,NULL,NULL,NULL,NULL,NULL,NULL,NULL
19.92178,39.60733,"Corcyra (settlement)","Hellas (Europe)","Ionian Sea (Greece/Italy)",['polis'],"['1.11.6','10.9.3','2.3.9','2.5.2','5.22.4','6.25.1','6.9.9']",NULL,https://pleiades.stoa.org/places/530834,NULL,https://wikidata.org/wiki/Q3693378,NULL,Kerkyra,NULL,NULL
22.4237,37.0821,"Kolôna in Sparta, opposite Zeus Amboulios","Lakonia Bk3",Sparta,['agora'],['3.13.7'],Sparta,NULL,NULL,https://wikidata.org/wiki/Q124616494,NULL,NULL,NULL,NULL
22.3,39.4,"Oichalia = old name of Eurytion, deserted by the time of Pausanias","Hellas (Europe)",Thessalia,['polis'],['4.2.3'],NULL,NULL,NULL,NULL,NULL,NULL,NULL,NULL
23.788,38.0466,"sanctuary of Aphrodite Ourania at Athmoneis","Attica Bk1",Athmonon,['hieron'],['1.14.7'],Athmonon,NULL,NULL,https://wikidata.org/wiki/Q124644558,NULL,NULL,NULL,NULL
21.630126,37.637849,"Altar of Hestia at Olympia","Eleia Bk5 Bk6",Olympia,['bomos'],['5.14.4'],Olympia,NULL,NULL,NULL,NULL,NULL,NULL,NULL
22.442714,36.460433,"Demeter megaron Kainepolis (Lakonia)","Lakonia Bk3",Kainepolis,['oikema'],['3.25.9'],Kainepolis,NULL,https://topostext.org/place/365224SDeK,NULL,NULL,NULL,NULL,NULL
26.117749999999997,39.536211,"Tomb of Sibylla in grove of Smintheus in Troad","Asia Minor (Asia)",Smintheion,['mnema'],['10.12.6'],Smintheion,NULL,NULL,NULL,https://resource.manto.unh.edu/10270808,NULL,NULL,NULL
22.62501,37.92049,"Temple at the Asclepieion in Titane","Corinthia Bk2","Asclepieion of Titane",['naos'],['2.11.7'],"Asclepieion of Titane",NULL,NULL,NULL,NULL,NULL,NULL,NULL
23.3178,38.3191,"Tomb of Kaanthos - Taphos Kaanthos  Thebes","Boiotia Bk9","Thebes (Boeotia)",['mnema'],['9.10.5'],"Thebes (Boeotia)",NULL,NULL,NULL,https://resource.manto.unh.edu/10151114,NULL,NULL,NULL
22.1273,37.4124,"Megalopolis (Arkadia)","Arcadia Bk8","Arcadia Bk8",['polis'],"['2.7.4','4.29.7','4.33.3','5.7.1','6.12.8','7.12.3','7.16.4','7.16.6','7.6.8','7.7.4','7.9.4','8.12.2','8.26.5','8.26.8','8.27.1','8.27.11','8.27.13','8.27.14','8.27.15','8.27.5','8.27.8','8.28.7','8.30.1','8.30.2','8.30.3','8.30.7','8.33.1','8.34.1','8.35.1','8.35.3','8.35.5','8.38.3','8.44.1','8.44.4','8.49.2','8.49.4','8.49.7','8.50.4','8.51.8','8.52.4','9.14.4','9.7.1']",NULL,https://pleiades.stoa.org/places/570467,https://topostext.org/place/374221PMeg,https://wikidata.org/wiki/Q36024972,NULL,NULL,NULL,NULL
23.721934,37.974874,"Tholos (Athens Agora)","Athenai Bk1","Agora of Athens",['oikema'],['1.5.1'],NULL,NULL,https://topostext.org/place/380237BTho,https://wikidata.org/wiki/Q9087412,NULL,NULL,NULL,NULL
22.43409,37.65988,"Alesion (mountain)","Arcadia Bk8","Arcadia Bk8",['oros'],"['8.10.1','8.10.2','9.14.3']",NULL,https://pleiades.stoa.org/places/570064,https://topostext.org/place/378223LAle,https://wikidata.org/wiki/Q25094274,NULL,NULL,NULL,NULL
22.732834,37.513986,"Sanctuary of Poseidon Genesios at Genesion, by the sea","Argolid Bk2",Genesion/Apobathmoi,['hieron'],['2.38.4'],Genesion/Apobathmoi,NULL,NULL,https://wikidata.org/wiki/Q134037496,NULL,NULL,NULL,NULL
22.6879,37.5961,"springs of Erasinos below Mt. Chaon, Argolid","Argolid Bk2","Argolid Bk2",['pege'],['2.24.6'],NULL,NULL,NULL,NULL,NULL,NULL,NULL,NULL
22.456205,37.757857,"Temple of Dionysos at Alea","Arcadia Bk8",Alea,['naos'],['8.23.1'],Alea,NULL,NULL,NULL,NULL,NULL,NULL,NULL
23.2236,37.3888,"Temple of Apollo at foot of Mount Kokkyngion","Hermionis Bk2","Kokkygion mountain",['naos'],['2.36.2'],"Kokkygion mountain",NULL,NULL,NULL,NULL,NULL,NULL,NULL
21.724777,37.439599,Lepreon,"Eleia Bk5 Bk6",Triphylia,['polis'],"['5.5.3','5.5.4','5.5.5','5.5.6','6.15.1','6.3.4','6.3.9']",NULL,https://pleiades.stoa.org/places/570423,NULL,https://wikidata.org/wiki/Q5860679,NULL,NULL,NULL,NULL
21.695,37.027,"Neleus' palace in Pylos","Messenia Bk4","Pylos/Palace of Nestor (Messenia)",['oikema'],['4.2.5'],"Pylos/Palace of Nestor (Messenia)",NULL,NULL,NULL,NULL,NULL,NULL,NULL
23.3484,37.5033,"Sanctuary of Demeter Thesmophoros at Troizen","Troizenia Bk2","Troizen (Troizenia)",['hieron'],['2.32.8'],"Troizen (Troizenia)",NULL,NULL,https://wikidata.org/wiki/Q134037909,NULL,NULL,NULL,NULL
22.231166,38.142006,"Sanctuary of Isis at Boura","Achaia Bk7",Boura,['hieron'],['7.25.9'],Boura,NULL,NULL,https://wikidata.org/wiki/Q134037082,NULL,NULL,NULL,NULL
22.1273,37.4124,"Gymnasium just west of Agora of Megalopolis","Arcadia Bk8","Megalopolis (Arkadia)",['gymnasion'],['8.31.8'],"Megalopolis (Arkadia)",NULL,NULL,NULL,NULL,NULL,NULL,NULL
22.5813,38.6424,Amphikleia,"Phokis Bk10","Phokis Bk10",['polis'],"['10.3.2','10.33.12','10.33.9','10.34.1']",NULL,https://pleiades.stoa.org/places/540629,NULL,https://wikidata.org/wiki/Q474840,NULL,NULL,NULL,NULL
21.724777,37.439599,"Arene spring close to Lepreus, named after wife of Aphareus","Eleia Bk5 Bk6",Lepreon,['pege'],['5.5.6'],Lepreon,NULL,NULL,NULL,https://resource.manto.unh.edu/10215572,NULL,NULL,NULL
23.819776,40.901252,Myrkinos,"Macedonia (Europe)",Edones,['polis'],['10.33.2'],NULL,https://pleiades.stoa.org/places/501520,NULL,https://wikidata.org/wiki/Q6948303,NULL,"city in Edonian territory",NULL,NULL
21.630126,37.637849,"Altar of Herakles Parastates in Olympia","Eleia Bk5 Bk6",Olympia,['bomos'],['5.14.7'],Olympia,NULL,NULL,NULL,NULL,NULL,NULL,NULL
23.7257,37.9717,"Temple of Pandrosos, Athenian Acropolis","Athenai Bk1","Athenian Acropolis (Athens)",['naos'],['1.27.2'],"Athenian Acropolis (Athens)",NULL,NULL,NULL,NULL,Pandroseion,NULL,NULL
22.44,38.39,"Krisaean Gulf (Phokis)","Phokis Bk10","Phokis Bk10",['kolpos'],"['10.13.10','10.8.8']",NULL,NULL,https://topostext.org/place/384224WKri,NULL,NULL,NULL,NULL,NULL
21.9195,37.1779,"Sanctuary of Aphrodite in Messene","Messenia Bk4","Messene (Messenia)",['hieron'],['4.31.6'],"Messene (Messenia)",NULL,NULL,https://wikidata.org/wiki/Q134036877,NULL,NULL,NULL,NULL
22.4237,37.0821,"Tomb of Castor in Sparta","Lakonia Bk3",Sparta,['mnema'],['3.13.1'],Sparta,NULL,NULL,https://wikidata.org/wiki/Q124616316,https://resource.manto.unh.edu/10151177,NULL,NULL,NULL
22.307,37.9117,"Temple of Demeter Thesmia near Pheneos","Arcadia Bk8",Pheneos,['naos'],['8.15.4'],Pheneos,NULL,NULL,NULL,NULL,NULL,NULL,NULL
21.602752,37.609552,"Precinct of Ephesian Artemis in Scillous","Eleia Bk5 Bk6",Skillous,['temenos'],['5.6.5'],Skillous,NULL,NULL,NULL,NULL,NULL,NULL,NULL
22.6222206,38.5348857,"Parnassian glen","Phokis Bk10","Parnassus (mountain)",['nape'],['10.6.1'],"Parnassus (mountain)",NULL,NULL,NULL,NULL,NULL,NULL,NULL
22.44165,37.069,"Phoibaion (Sparta)","Lakonia Bk3",Sparta,['hieron'],"['3.14.10','3.14.9','3.20.2']",NULL,NULL,https://topostext.org/place/371224SPho,https://wikidata.org/wiki/Q124615381,NULL,NULL,NULL,NULL
22.3,37.5,Skyros,"Arcadia Bk8","Arcadia Bk8",['potamos'],['8.35.1'],"Arcadia Bk8",https://pleiades.stoa.org/places/573527,NULL,NULL,NULL,NULL,NULL,NULL
21.9583765,36.7960065,"Sanctuary of Dryops in Asine, Messenia","Messenia Bk4","Asine (Messenia)",['hieron'],['4.34.11'],"Asine (Messenia)",NULL,NULL,https://wikidata.org/wiki/Q134036896,NULL,NULL,NULL,NULL
22.25,37.75,"Ophis (river)","Arcadia Bk8","Arcadia Bk8",['potamos'],"['8.8.4','8.8.7']",NULL,https://pleiades.stoa.org/places/570534,NULL,https://wikidata.org/wiki/Q106042343,NULL,NULL,NULL,NULL
22.8802,37.9054,"Sacred enclosure [of Apollo] near Peirene fountain in Corinth","Corinthia Bk2","Corinth (Corinthia)",['peribolos'],['2.3.3'],"Corinth (Corinthia)",NULL,NULL,NULL,https://resource.manto.unh.edu/10153062,NULL,NULL,NULL
21.630126,37.637849,"Altar of the Mother of the Gods at Olympia","Eleia Bk5 Bk6",Olympia,['bomos'],['5.14.9'],Olympia,NULL,NULL,NULL,NULL,NULL,NULL,NULL
22.878721,37.906045,Acrocorinth,"Corinthia Bk2","Corinth (Corinthia)","['acropolis','teichos']","['2.1.6','2.4.6','2.5.1','2.5.3','7.7.6','7.8.3']",NULL,https://pleiades.stoa.org/places/570059,NULL,https://wikidata.org/wiki/Q420810,NULL,Akrokorinthos,NULL,NULL
-6.5,52.49999999999999,Brigantes,Europe,"Britannia/Albion (island)",['chora'],['8.43.4'],NULL,https://pleiades.stoa.org/places/79354,NULL,https://wikidata.org/wiki/Q500393,NULL,NULL,NULL,NULL
22.973,37.928,"Grave of Melikertes at the Isthmus","Corinthia Bk2","Isthmus of Corinth",['mnema'],['2.1.3'],"Isthmus of Corinth",NULL,NULL,NULL,https://resource.manto.unh.edu/10153060,NULL,NULL,NULL
22.4237,37.0821,"Sanctuary of Sarapis at Sparta","Lakonia Bk3",Sparta,['hieron'],['3.14.5'],Sparta,NULL,NULL,https://wikidata.org/wiki/Q124616446,NULL,NULL,NULL,NULL
22.66931,38.58344,Tithorea/Neon,"Phokis Bk10","Phokis Bk10",['settlement'],"['10.1.1','10.2.4','10.3.2','10.32.10','10.32.11','10.32.12','10.32.14','10.32.17','10.32.19','10.32.8','10.32.9','10.33.1','2.29.3','2.4.3','9.17.4']",NULL,https://pleiades.stoa.org/places/541152,NULL,https://wikidata.org/wiki/Q56697763,NULL,NULL,NULL,NULL
23.3178,38.3191,"Place where Kadmos sowed the dragon's teeth, outside gates of Thebes","Boiotia Bk9","Thebes (Boeotia)",['chorion'],['9.10.1'],"Thebes (Boeotia)",NULL,NULL,NULL,NULL,NULL,NULL,NULL
23.086,37.599,"Apollo Maleatas sanctuary, Epidauros","Epidauria Bk2","Asklepieion of Epidauros",['hieron'],['2.27.7'],NULL,NULL,https://topostext.org/place/376231SApo,https://wikidata.org/wiki/Q619242,NULL,NULL,NULL,NULL
20.53396,39.23622,Nekromanteion,"Hellas (Europe)",Thesprotia,['manteion'],['9.30.6'],NULL,https://pleiades.stoa.org/places/531011,NULL,https://wikidata.org/wiki/Q12881666,NULL,NULL,NULL,NULL
21.6308,37.6373,"Bouleuterion at Olympia","Eleia Bk5 Bk6",Olympia,['bouleuterion'],['5.23.1'],NULL,NULL,NULL,NULL,NULL,NULL,NULL,NULL
23.3622,37.9696,"Minoa (island)","Megarid Bk1","Megarid Bk1",['nesos'],['1.44.3'],NULL,https://pleiades.stoa.org/places/570486,NULL,https://wikidata.org/wiki/Q56397302,NULL,NULL,NULL,NULL
22.7214,37.6305,"Sanctuary of Athena Salpinx, Argos","Argolid Bk2","Agora of Argos",['hieron'],['2.21.3'],"Agora of Argos",NULL,NULL,https://wikidata.org/wiki/Q134037479,https://resource.manto.unh.edu/10185361,NULL,NULL,NULL
22.068131,37.444881,"Sanctuary of Eleusinian Demeter at Basilis","Arcadia Bk8",Basilis,['hieron'],['8.29.5'],Basilis,NULL,NULL,https://wikidata.org/wiki/Q134036937,NULL,NULL,NULL,NULL
23.9964,37.8118,"Cult of the Dioscuri in Kephale of Attiki","Attica Bk1",Kephale,['cult'],['1.31.1'],Kephale,NULL,NULL,https://wikidata.org/wiki/Q124644565,NULL,NULL,NULL,NULL
22.4237,37.0821,"Temple in sanctuary of Lykourgos in Sparta","Lakonia Bk3","Sanctuary of Lykourgos in Sparta",['naos'],['3.16.6'],"Sanctuary of Lykourgos in Sparta",NULL,NULL,https://wikidata.org/wiki/Q124616505,NULL,NULL,NULL,NULL
26.87094,38.03588,"Makria Pr.","Asia Minor (Asia)",Teos,['akra'],['7.5.11'],NULL,https://pleiades.stoa.org/places/599780,NULL,NULL,NULL,NULL,NULL,NULL
22.09,38.252,"Temple of Apollo and Artemis at Aigion, by the agora","Achaia Bk7","Agora of Aigion",['naos'],['7.24.1'],"Agora of Aigion",NULL,NULL,NULL,NULL,NULL,NULL,NULL
22.626059,38.375439,Antikyra,"Phokis Bk10","Phokis Bk10",['polis'],"['10.1.2','10.3.1','10.36.5','10.36.6','10.36.7','10.37.2','10.37.3','7.7.9']",NULL,https://pleiades.stoa.org/places/540642,NULL,https://wikidata.org/wiki/Q4774674,NULL,NULL,NULL,NULL
22.45,37.625,"Swallow-hole in the Argon Pedion below Nestane","Arcadia Bk8","Argon Pedion",['barathron'],['8.7.1'],"Argon Pedion",NULL,NULL,NULL,NULL,NULL,NULL,NULL
22.19903,37.98841,"Cave in Aroania Mt.","Arcadia Bk8","Aroania (mountain)",['spelaion'],['8.18.7'],"Aroania (mountain)",NULL,NULL,NULL,NULL,NULL,NULL,NULL
22.7426,39.3842,"Hypereia spring (Magnesia)","Hellas (Europe)",Pherai,['pege'],['7.26.4'],NULL,NULL,https://topostext.org/place/394227WHyp,https://wikidata.org/wiki/Q107588079,NULL,NULL,NULL,NULL
21.6336,37.637,"starting line for horse-racing at Olympia","Eleia Bk5 Bk6","Hippodrome (Olympia)",['aphesis'],['6.20.10'],"Hippodrome (Olympia)",NULL,NULL,NULL,NULL,NULL,NULL,NULL
22.7214,37.6305,"Altar of Zeus Phyxios, in the Argos Agora","Argolid Bk2","Agora of Argos",['bomos'],['2.21.2'],"Agora of Argos",NULL,NULL,NULL,NULL,NULL,NULL,NULL
12.547642999999999,42.072946,"Tiberis/Tiber (river)","Italia (Europe)","Italia (Europe)",['potamos'],['8.43.2'],NULL,https://pleiades.stoa.org/places/423080,NULL,https://wikidata.org/wiki/Q13712,NULL,NULL,NULL,NULL
22.03143,37.38957,"Temple in sanctuary of Pan at Lykosoura","Arcadia Bk8","Sanctuary of Pan above Despoina sanctuary, Lykosoura",['naos'],['8.37.12'],"Sanctuary of Pan above Despoina sanctuary, Lykosoura",NULL,NULL,NULL,NULL,"Aphrodite temple at Lykosoura",NULL,NULL
23.073782,36.229899,Skandeia,"Aegean Sea (Hellas)","Cythera island",['epineion'],['3.23.1'],NULL,https://pleiades.stoa.org/places/570673,NULL,https://wikidata.org/wiki/Q3475000,NULL,NULL,NULL,NULL
23.0963,38.67349,"Atalante (island)","Aegean Sea (Hellas)","Locris Opuntia region",['nesos'],['10.20.4'],NULL,https://pleiades.stoa.org/places/540675,NULL,https://wikidata.org/wiki/Q370485,NULL,NULL,NULL,NULL
23.34285,37.997,"Tomb of Kallipolis in Megara","Megarid Bk1","Megara (Megarid)",['mnema'],['1.42.6'],"Megara (Megarid)",NULL,NULL,https://wikidata.org/wiki/Q124644640,https://resource.manto.unh.edu/10188744,NULL,NULL,NULL
21.81667,38.31667,"Panormos harbor settlement in Achaea","Achaia Bk7","Achaia Bk7","['limen','settlement']",['7.22.10'],NULL,https://pleiades.stoa.org/places/570556,NULL,https://wikidata.org/wiki/Q12882440,NULL,NULL,NULL,NULL
22.737804,37.581685,"Sanctuary of Aphrodite in Temenion","Argolid Bk2",Temenion,['hieron'],['2.38.1'],Temenion,NULL,NULL,https://wikidata.org/wiki/Q134037502,NULL,NULL,NULL,NULL
22.933,36.466,"Onougnathos cape (Lakonia)","Lakonia Bk3","Lakonia Bk3",['akra'],"['3.22.10','3.23.1']",NULL,https://pleiades.stoa.org/places/570533,https://topostext.org/place/365229LOno,https://wikidata.org/wiki/Q96408,NULL,NULL,NULL,NULL
23.796,35.287,"Cretan mountains, site of Elyros",Crete,Crete,['oros'],['10.16.5'],NULL,NULL,NULL,NULL,NULL,NULL,NULL,NULL
22.0959,37.8914,Kleitor,"Arcadia Bk8","Arcadia Bk8",['polis'],"['10.9.9','5.7.1','6.8.5','6.9.2','8.17.6','8.19.4','8.21.3','8.21.4','8.25.2','8.4.5']",NULL,https://pleiades.stoa.org/places/570359,https://topostext.org/place/379221PKle,https://wikidata.org/wiki/Q2537130,NULL,Cleitor,NULL,NULL
22.75372,37.81708,"Tomb of Eurytus and Cteatus in Kleonai","Argolid Bk2",Kleonai,['mnema'],['2.15.1'],Kleonai,NULL,NULL,https://wikidata.org/wiki/Q134037512,https://resource.manto.unh.edu/10158909,NULL,NULL,NULL
23.7329,37.9686,"Gardens, location, Athens","Athenai Bk1","Athenai Bk1",['chorion'],['1.19.2'],NULL,NULL,https://topostext.org/binder/JB1401,https://wikidata.org/wiki/Q134074586,NULL,Kepoi,NULL,NULL
16.85395764,39.07471639,Bruttii,"Italia (Europe)","Italia (Europe)",['chora'],['8.15.9'],NULL,https://pleiades.stoa.org/places/452275,NULL,https://wikidata.org/wiki/Q994847,NULL,NULL,NULL,NULL
21.630126,37.637849,"Gaion / Gaeum in Olympia","Eleia Bk5 Bk6",Olympia,['hieron'],['5.14.10'],Olympia,NULL,NULL,https://wikidata.org/wiki/Q134036761,NULL,NULL,NULL,NULL
27.298333,37.66,"Temple of Athena at Priene","Asia Minor (Asia)",Priene,['naos'],['7.5.5'],Priene,NULL,NULL,NULL,NULL,NULL,NULL,NULL
22.3933,37.6181,"Temple of Antinous at Mantineia, newest","Arcadia Bk8","Mantineia (Arkadia)",['naos'],['8.9.7'],"Mantineia (Arkadia)",NULL,NULL,NULL,NULL,NULL,NULL,NULL
23.1602,37.6335,"Sanctuary of Aphrodite in Epidaurus","Epidauria Bk2",Epidauros,['hieron'],['2.29.1'],Epidauros,NULL,NULL,https://wikidata.org/wiki/Q134037695,NULL,NULL,NULL,NULL
33.90294,35.17926,Salamis/Konstantia,"Cyprus (island)","Cyprus (island)",['polis'],"['10.24.3','8.15.7']",NULL,https://pleiades.stoa.org/places/707617,NULL,https://wikidata.org/wiki/Q767089,NULL,NULL,NULL,NULL
21.738518,38.243265,"sanctuaries of Aphrodite in Patrae","Achaia Bk7",Patrae,['hieron'],['7.21.10'],Patrae,NULL,NULL,https://wikidata.org/wiki/Q134036811,NULL,NULL,NULL,NULL
22.649131,37.846299,"Sanctuary of Hebe on Phlious acropolis hill","Phlious Bk2","Phlious Bk2",['hieron'],['2.12.4'],"Phlious Bk2",NULL,NULL,https://wikidata.org/wiki/Q134037317,NULL,NULL,NULL,NULL
23.3484,37.5033,"Altar of Dionysus Saotes in Troizen","Troizenia Bk2","Troizen (Troizenia)",['bomos'],['2.31.5'],"Troizen (Troizenia)",NULL,NULL,NULL,NULL,NULL,NULL,NULL
33.25,36.25,Cilicia,"Asia (continent)","Asia Minor (Asia)",['chora'],['1.34.3'],NULL,https://pleiades.stoa.org/places/658440,NULL,https://wikidata.org/wiki/Q620864,NULL,NULL,NULL,NULL
22.7182,37.5511,"Lerna (Argolid)","Argolid Bk2","Argolid Bk2",['settlement'],"['2.15.5','2.24.2','2.36.6','2.36.7','2.38.1','2.38.4']",NULL,https://pleiades.stoa.org/places/570424,https://topostext.org/place/375227ULer,https://wikidata.org/wiki/Q1236078,NULL,NULL,NULL,NULL
23.72775,37.96985,"Dionysos Eleuthereus temples, Athens","Athenai Bk1","Dionysos Eleuthereus sanctuary, Athens",['naos'],"['1.20.2','1.20.3']",NULL,NULL,https://topostext.org/place/380237SDT1,NULL,NULL,NULL,NULL,NULL
22.4237,37.0821,"Booneta in Sparta","Lakonia Bk3",Sparta,['oikia'],"['3.12.1','3.12.3','3.15.10']",Sparta,NULL,NULL,https://wikidata.org/wiki/Q122079936,NULL,NULL,NULL,NULL
23.044957,38.585688,Kyrtones,"Boiotia Bk9","Boiotia Bk9",['polisma'],"['9.24.4','9.24.5']",NULL,https://pleiades.stoa.org/places/540898,NULL,https://wikidata.org/wiki/Q13580763,NULL,NULL,NULL,NULL
22.4038,37.0808,"Pitane (Lakonia)","Lakonia Bk3","Lakonia Bk3",['demos'],"['3.14.2','3.16.9']",NULL,NULL,https://topostext.org/place/371224DPit,https://wikidata.org/wiki/Q60791979,NULL,NULL,NULL,NULL
23.00169,38.385259,"Small mountain rising over Alalkomenai","Boiotia Bk9",Alalkomenai,['oros'],['9.33.5'],Alalkomenai,NULL,NULL,NULL,NULL,NULL,NULL,NULL
21.63291462,37.6391184,"Seats for dignitaries at stadium of Olympia","Eleia Bk5 Bk6","Olympia Stadium",['thronos'],['6.20.8'],"Olympia Stadium",NULL,NULL,NULL,NULL,NULL,NULL,NULL
23.5841,38.3074,"sanctuary of Hermes Kriophoros in Tanagra","Boiotia Bk9","sacred district of Tanagra",['hieron'],['9.22.1'],"sacred district of Tanagra",NULL,NULL,https://wikidata.org/wiki/Q134038228,NULL,NULL,NULL,NULL
23.3496,37.5868,"Agora of Methana","Troizenia Bk2","Methana (Troizenia)",['agora'],['2.34.1'],"Methana (Troizenia)",NULL,NULL,https://wikidata.org/wiki/Q133963472,NULL,NULL,NULL,NULL
22.091,38.227,"Selinous (river)","Achaia Bk7","Achaia Bk7",['potamos'],"['5.6.6','7.24.5']",NULL,https://pleiades.stoa.org/places/570661,NULL,https://wikidata.org/wiki/Q7448488,NULL,NULL,NULL,NULL
22.1273,37.414,"Temple of Hermes Akakêsios in agora of Megalopolis","Arcadia Bk8","Agora of Megalopolis",['naos'],['8.30.6'],"Agora of Megalopolis",NULL,NULL,NULL,NULL,NULL,NULL,NULL
21.8271,37.2933,"Polichne? (Messenia)","Messenia Bk4","Messenia Bk4",['settlement'],['4.33.6'],NULL,NULL,https://topostext.org/place/373218UPol,https://wikidata.org/wiki/Q48781606,NULL,NULL,NULL,NULL
12.4843457,41.89262,"Temple of Peace in Rome","Italia (Europe)",Rome,['naos'],['6.9.3'],Rome,NULL,https://topostext.org/place/419125SPax,https://wikidata.org/wiki/Q1456939,NULL,NULL,NULL,NULL
8.895951167,40.06802462,"North part of Sardinia and part facing Italy","Internum Mare","Sardinia (island)",['chora'],['10.17.10'],"Sardinia (island)",NULL,NULL,NULL,NULL,NULL,NULL,NULL
22.283,37.405,"Acropolis of Asea with wall traces on hill","Arcadia Bk8","Asea (Arkadia)",['acropolis'],['8.44.3'],NULL,NULL,NULL,NULL,NULL,NULL,NULL,NULL
22.15,37.45,Prosenses/Proseis,"Arcadia Bk8",Parrasia,['chora'],['8.27.4'],Parrasia,https://pleiades.stoa.org/places/573484,NULL,https://wikidata.org/wiki/Q48781562,NULL,NULL,NULL,NULL
22.43737,37.04008,Phellia,"Lakonia Bk3","Lakonia Bk3",['potamos'],['3.20.3'],NULL,https://pleiades.stoa.org/places/573446,NULL,NULL,NULL,NULL,NULL,NULL
23.074883,37.598346,"Temple of Artemis at Epidauros Asklepieion","Epidauria Bk2","Asklepieion of Epidauros",['naos'],['2.27.5'],NULL,NULL,https://topostext.org/place/376231SArT,https://wikidata.org/wiki/Q38279721,NULL,NULL,NULL,NULL
22.756111,37.730833,"Agamemnon's tomb in Mycenae","Argolid Bk2",Mycenae,['mnema'],"['2.16.6','2.16.7']",Mycenae,NULL,NULL,NULL,https://resource.manto.unh.edu/10159501,NULL,NULL,NULL
21.4517,37.6125,"Malous river crossing","Arcadia Bk8","Arcadia Bk8",['diabese'],['8.35.1'],NULL,NULL,NULL,NULL,NULL,NULL,NULL,NULL
22.26501,36.84279,"Grove of Eros at Leuktra with temple","Lakonia Bk3","Leuktra (Lakonia)",['alsos'],['3.26.5'],"Leuktra (Lakonia)",NULL,NULL,https://wikidata.org/wiki/Q124616362,NULL,NULL,NULL,NULL
22.041285,37.597441,"Sanctuary of Artemis at Teuthis","Arcadia Bk8",Teuthis,['hieron'],['8.28.6'],Teuthis,NULL,NULL,https://wikidata.org/wiki/Q134036928,NULL,NULL,NULL,NULL
23.3484,37.5033,"Antheia of Troizenia","Troizenia Bk2","Troizen (Troizenia)",['polis'],"['1.22.2','1.25.4','1.27.7','1.8.2','10.5.6','2.1.4','2.30.5','2.30.6','2.30.8','2.30.9','2.31.4','2.31.9','2.32.2','2.32.6','2.32.8','2.33.1','2.34.1','2.34.12','2.34.4','2.34.6','5.23.2','8.1.1']","Troizen (Troizenia)",https://pleiades.stoa.org/places/570756,NULL,https://wikidata.org/wiki/Q60790607,NULL,NULL,NULL,NULL
23.243591,37.385218,"Sanctuary of Hestia in Hermione","Hermionis Bk2",Hermione,['hieron'],['2.35.1'],Hermione,NULL,NULL,https://wikidata.org/wiki/Q134037748,NULL,NULL,NULL,NULL
23.062,36.517,"Temple of Isis at Boiai","Lakonia Bk3","Boiai (Lakonia)",['naos'],['3.22.13'],"Boiai (Lakonia)",NULL,NULL,https://wikidata.org/wiki/Q124616517,NULL,NULL,NULL,NULL
21.1449975,37.9346907,"Sanctuary of Aphrodite at Kyllene","Eleia Bk5 Bk6",Kyllene,['hieron'],['6.26.5'],Kyllene,NULL,NULL,https://wikidata.org/wiki/Q134036741,NULL,NULL,NULL,NULL
22.7195,37.6316,"Pit in Argos, in front of the temple of Apollo Lykios.","Argolid Bk2","Argos (Argolid)",['bothros'],['2.19.7'],"Argos (Argolid)",NULL,NULL,NULL,NULL,NULL,NULL,NULL
28.249999999999996,38.75,Mysia,"Asia (continent)","Asia Minor (Asia)",['chora'],"['1.36.6','10.28.8','9.18.4','9.5.14']",NULL,https://pleiades.stoa.org/places/550759,NULL,https://wikidata.org/wiki/Q622319,NULL,"Mysia hyper Kaikos",NULL,NULL
22.249,37.996,"Sanctuary of Artemis Pyronia on Mt. Krathis","Arcadia Bk8","Krathis Mt. (Achaia)",['hieron'],['8.15.9'],"Krathis Mt. (Achaia)",NULL,NULL,https://wikidata.org/wiki/Q134037091,NULL,NULL,NULL,NULL
26.258,40,"Tomb of Ajax at the Aianteion in Troad","Asia Minor (Asia)",Troas,['mnema'],['1.35.5'],NULL,https://pleiades.stoa.org/places/550415,NULL,https://wikidata.org/wiki/Q124644585,https://resource.manto.unh.edu/10160095,NULL,NULL,NULL
36.7,36,"Syria (Asia)","Asia (continent)","Asia (continent)","['major region']","['1.20.7','1.25.8','1.42.3','1.5.5','1.6.4','1.6.8','6.2.7','8.23.5','8.29.3','8.29.4','8.43.4','8.51.4']",NULL,https://pleiades.stoa.org/places/1306,NULL,https://wikidata.org/wiki/Q13415123,NULL,NULL,NULL,NULL
22.7214,37.6305,"Tomb of Linus son of Apollo at Argos","Argolid Bk2","Sanctuary of Apollo Lykios in Argos",['mnema'],['2.19.8'],"Sanctuary of Apollo Lykios in Argos",NULL,NULL,NULL,NULL,"Tomb of Linos son of Psamathe",NULL,NULL
22.4237,37.0821,"Hill near Teleclus heroon, Booneta, Sparta","Lakonia Bk3",Sparta,['lophos'],['3.15.10'],Sparta,NULL,NULL,NULL,NULL,NULL,NULL,NULL
22.4237,37.0821,"Skênôma, place right of Chalkioikos in Sparta","Lakonia Bk3","Acropolis of Sparta",['agora'],['3.17.6'],"Acropolis of Sparta",NULL,NULL,https://wikidata.org/wiki/Q124616495,NULL,NULL,NULL,NULL
22.7108,37.8085,"Grove of cypresses at Nemea, around the temple of Nemeios Zeus","Argolid Bk2","Sanctuary of Nemean Zeus, Nemea","['alsos kyparisson']",['2.15.2'],"Sanctuary of Nemean Zeus, Nemea",NULL,NULL,NULL,NULL,NULL,NULL,NULL
22.429,37.464,"Temple of Apollo at Tegea, with gilt agalma","Arcadia Bk8","Tegea (Arkadia)",['naos'],['8.53.7'],"Tegea (Arkadia)",NULL,NULL,NULL,NULL,NULL,NULL,NULL
41.733,42.171,"Phasis river","Pontus Euxinus",Colchis/Lazike,['potamos'],['4.34.2'],NULL,https://pleiades.stoa.org/places/857276,NULL,https://wikidata.org/wiki/Q203409,NULL,NULL,NULL,NULL
23.174,38.657,"sea at Halai","Boiotia Bk9","Boiotia Bk9",['thalassa'],['9.24.5'],NULL,NULL,NULL,NULL,NULL,"north Euboean gulf",NULL,NULL
23.48041,37.52255,"Kalaureia (island)","Troizenia Bk2","Troizenia Bk2",['nesos'],"['1.8.2','1.8.3','10.5.6','2.33.2','2.33.5']",NULL,https://pleiades.stoa.org/places/570325,NULL,https://wikidata.org/wiki/Q1443132,NULL,NULL,NULL,NULL
21.62976,37.63887,"oak pillar in the opisthodomos of temple of Hera at Olympia","Eleia Bk5 Bk6","Temple of Hera at Olympia",['kion'],['5.16.1'],"Temple of Hera at Olympia",NULL,NULL,NULL,NULL,NULL,NULL,NULL
22.030087,37.389509,"Lykosoura polis","Arcadia Bk8",Parrasia,['polis'],"['8.10.10','8.2.1','8.38.1','8.38.11','8.39.1','8.4.5']",NULL,https://pleiades.stoa.org/places/570444,NULL,https://wikidata.org/wiki/Q1878714,NULL,Lycosura,NULL,NULL
23.393,38.3633,"Teumessos (Boeotia)","Boiotia Bk9","Boiotia Bk9",['settlement'],"['9.19.1','9.19.2','9.19.3']",NULL,https://pleiades.stoa.org/places/541133,https://topostext.org/place/384234UTeu,https://wikidata.org/wiki/Q15627845,NULL,NULL,NULL,NULL
22.4502,37.0363,"Statue base of Amyklaion Apollo","Lakonia Bk3","Sanctuary of Apollo at Amyklai",['bathron'],['3.19.3'],"Sanctuary of Apollo at Amyklai",NULL,NULL,NULL,NULL,NULL,NULL,NULL
21.777,38.286,"Meilichos or Ameilichos river","Achaia Bk7","Achaia Bk7",['potamos'],"['7.19.4','7.19.9','7.20.1','7.22.11']",NULL,https://pleiades.stoa.org/places/570069,NULL,https://wikidata.org/wiki/Q3566497,NULL,NULL,NULL,NULL
21.798,37.599,"Tomb of Coroebus, Eleian border with Heraia","Eleia Bk5 Bk6","road Heraea to Elis border","['horos','mnema']","['6.21.3','8.26.3','8.26.4']",NULL,NULL,NULL,NULL,https://resource.manto.unh.edu/10268842,NULL,NULL,NULL
22.1273,37.4124,"Stadium beyond Aphrodite sanctuary, near theater of Megalopolis","Arcadia Bk8","Megalopolis (Arkadia)",['stadion'],['8.32.3'],"Megalopolis (Arkadia)",NULL,NULL,NULL,NULL,NULL,NULL,NULL
22.9,37.67,"Argolid Bk2",NULL,Peloponnesos,['chora'],"['10.10.4','10.15.1','10.18.5','2.1.1','2.15.4','2.15.5','2.16.2','2.18.4','2.18.7','2.20.1','2.24.7','2.25.5','2.26.1','2.28.2','2.29.5','2.35.4','2.36.4','2.38.4','2.38.7','2.7.1','3.2.2','3.23.6','3.4.1','3.5.8','3.5.9','3.7.3','3.7.4','4.11.8','4.29.2','4.34.10','4.34.12','4.35.2','5.10.9','5.23.2','6.20.7','7.25.5','7.26.12','8.1.1','8.1.2','8.22.1','8.22.3','8.27.1','8.3.3','8.33.3','8.4.6','8.54.7','8.6.4','8.6.6','8.7.2']",NULL,https://pleiades.stoa.org/places/570104,https://topostext.org/place/374229RArg,https://wikidata.org/wiki/Q12649101,NULL,"Argolis region",NULL,NULL
23.1884,38.0834,"Pagai (Megarid)","Megarid Bk1","Megarid Bk1",['demos'],"['1.41.8','1.44.4','9.19.2']",NULL,https://pleiades.stoa.org/places/570543,NULL,https://wikidata.org/wiki/Q935675,NULL,Pegai,NULL,NULL
30.714940000000002,39.198474,"Agdistis mountain","Asia Minor (Asia)",Phrygia,['oros'],['1.4.5'],NULL,https://pleiades.stoa.org/places/609290,NULL,https://wikidata.org/wiki/Q1566744,NULL,NULL,NULL,NULL
22.819,37.698,"Asterion river (Argolid)","Argolid Bk2","Argolid Bk2",['potamos'],"['2.15.5','2.17.1','2.17.2']",NULL,https://pleiades.stoa.org/places/570133,https://topostext.org/place/378228WAst,https://wikidata.org/wiki/Q779106,NULL,NULL,NULL,NULL
20.64944,38.70819,Leucas,"Hellas (Europe)","Ionian Sea (Greece/Italy)",['polis'],['10.11.6'],NULL,https://pleiades.stoa.org/places/530974,NULL,https://wikidata.org/wiki/Q190138,NULL,NULL,NULL,NULL
22.1295,37.8879,"Kleitor (river)","Arcadia Bk8","Arcadia Bk8",['potamos'],['8.21.1'],NULL,https://pleiades.stoa.org/places/570360,NULL,https://wikidata.org/wiki/Q26985005,NULL,NULL,NULL,NULL
22.4203,37.4555,"Earth stadium near Temple of Athena Alea, Tegea","Arcadia Bk8","Athena Alea sanctuary near Tegea","['choma ges','stadion']",['8.47.4'],"Athena Alea sanctuary near Tegea",NULL,NULL,NULL,NULL,NULL,NULL,NULL
23.707,37.992,"Academy of Plato, Athens","Athenai Bk1","Athenai Bk1",['hieron'],"['1.29.2','1.29.3','1.29.4','1.30.1','1.30.2']",NULL,NULL,https://topostext.org/place/380237SAca,https://wikidata.org/wiki/Q193093,NULL,NULL,https://imperium.ahlfeldt.se/places/25110,NULL
22.54128,38.70507,Drymaia,"Phokis Bk10","Phokis Bk10",['polis'],"['10.3.2','10.33.12']",NULL,https://pleiades.stoa.org/places/540743,NULL,https://wikidata.org/wiki/Q11917777,NULL,NULL,NULL,NULL
22.03143,37.38957,"Megaron up and to the right from temple of Despoina at Lykosoura","Arcadia Bk8","Sanctuary of Despoina at Lykosoura",['megaron'],['8.37.8'],"Sanctuary of Despoina at Lykosoura",NULL,NULL,NULL,NULL,NULL,NULL,NULL
23.717999999999996,37.981,"Tomb of Zeno of Kition, Athens","Athenai Bk1","Athenai Bk1",['taphos'],['1.29.15'],NULL,NULL,https://topostext.org/binder/JB2967,NULL,NULL,NULL,NULL,NULL
23.538311,38.041096,"Telesterion at Eleusis","Attica Bk1","sanctuary of the Eleusinian Mysteries at Eleusis","['hieron','naos']","['1.14.2','1.2.5','1.26.3','1.35.2','1.36.3','1.37.4','1.38.1','1.38.5','1.38.7','1.38.8','1.39.1','1.39.2','1.39.4','2.14.1','2.14.2','2.30.4','4.1.5','4.14.1','4.15.7']",NULL,https://pleiades.stoa.org/places/579920,NULL,https://wikidata.org/wiki/Q11918833,NULL,"Temple of Demeter and Kore at Eleusis",NULL,NULL
36.4825754,35.2728339,"Orontes (river)","Asia (continent)","Syria (Asia)",['potamos'],"['10.20.5','6.2.7','8.20.2','8.29.3','8.33.3']",NULL,https://pleiades.stoa.org/places/658560,NULL,https://wikidata.org/wiki/Q188871,NULL,NULL,NULL,NULL
22.1273,37.4124,"Temple of Artemis Agrotera at Megalopolis","Arcadia Bk8","Hill east of stadium of Megalopolis with Agrotera temple",['naos'],['8.32.4'],"Hill east of stadium of Megalopolis with Agrotera temple",NULL,NULL,NULL,NULL,NULL,NULL,NULL
23.833999999999996,37.905,Sphettos,"Attica Bk1","Attica Bk1",['demos'],['2.30.9'],NULL,https://pleiades.stoa.org/places/580109,NULL,https://wikidata.org/wiki/Q13446048,NULL,Sphettus,NULL,NULL
22.4237,37.0821,"Chalkioikos temple in sanctuary of Athena Poliouchos in Sparta","Lakonia Bk3","Acropolis of Sparta",['naos'],['3.17.5'],"Acropolis of Sparta",NULL,NULL,https://wikidata.org/wiki/Q57302774,NULL,NULL,NULL,NULL
23.5841,38.3074,"sea coast of Tanagraia","Boiotia Bk9",Tanagraia,['paralia'],"['9.20.1','9.20.4']","Tanagra (Boeotia)",NULL,NULL,NULL,NULL,NULL,NULL,NULL
29.408,38.681,"Hyllos river near Temenothyra","Asia Minor (Asia)","Temenou Thyrae",['potamos'],['1.35.8'],"Temenou Thyrae",https://pleiades.stoa.org/places/550583,NULL,https://wikidata.org/wiki/Q382912,NULL,NULL,NULL,NULL
22.374,38.53,"Temple of Athena on acropolis of Amphissa","Ozolian Lokris Bk10","Amphissa of Ozolian Locris",['naos'],['10.38.5'],"Amphissa of Ozolian Locris",NULL,NULL,NULL,NULL,NULL,NULL,NULL
22.714,37.984,"Temple of Artemis Limnaia at Sicyon, on right entering Agora","Sikyonia Bk2","Agora of Sicyon",['naos'],['2.7.6'],"Agora of Sicyon",NULL,NULL,NULL,NULL,NULL,NULL,NULL
27.2774885,37.5292362,Miletus,"Asia Minor (Asia)","Ionia (region)",['polis'],"['1.35.6','10.33.2','2.5.3','5.1.5','7.2.11','7.2.4','7.2.5','7.24.5','7.5.10','7.5.4','8.24.11']",NULL,https://pleiades.stoa.org/places/599799,NULL,https://wikidata.org/wiki/Q169460,NULL,NULL,NULL,NULL
22.1946,37.4323,"torrent-bed crossing near Peraetheis, of Elaphos?","Arcadia Bk8","Arcadia Bk8",['diabese'],['8.36.7'],NULL,NULL,NULL,NULL,NULL,NULL,NULL,NULL
23.7226,37.9724,"Hybris stone, Athens","Athenai Bk1","Areios Pagos",['petra'],['1.28.5'],NULL,NULL,https://topostext.org/binder/JB1772,NULL,NULL,NULL,NULL,NULL
22.0607,37.4563,"Trapezous (Arkadia)","Arcadia Bk8",Parrasia,['polis'],"['8.29.1','8.3.3','8.31.5','8.5.4']",NULL,https://pleiades.stoa.org/places/570746,https://topostext.org/place/375221PTra,https://wikidata.org/wiki/Q7835586,NULL,NULL,NULL,NULL
21.705,36.817,"Temple of Athena Anemotis in Mothone","Messenia Bk4","Methone/Mothone (Messenian)",['naos'],['4.35.8'],"Methone/Mothone (Messenian)",NULL,NULL,NULL,NULL,NULL,NULL,NULL
23.912351,37.848447,Prospalta,"Attica Bk1","Attica Bk1",['demos'],['1.31.1'],NULL,https://pleiades.stoa.org/places/580092,NULL,https://wikidata.org/wiki/Q3407713,NULL,NULL,NULL,NULL
23.726800000000004,37.9708,"Cave of Asklepios, Athens","Athenai Bk1","Sanctuary of Asklepios at Athens",['spelaion'],['1.21.3'],NULL,NULL,https://topostext.org/binder/JB0477,NULL,NULL,NULL,NULL,NULL
22.88059,37.90568,"Peirene fountain (Corinth)","Corinthia Bk2","Corinth (Corinthia)",['pege'],"['2.3.2','2.3.3']",NULL,NULL,https://topostext.org/place/379229WLPF,https://wikidata.org/wiki/Q3389191,https://resource.manto.unh.edu/10153046,NULL,NULL,NULL
21.374,37.89,"Gate of Elis leading to Olympia","Eleia Bk5 Bk6","Elis polis",['pylai'],['5.4.4'],"Elis polis",NULL,NULL,NULL,NULL,NULL,NULL,NULL
23.243591,37.385218,"Temple of Apollo Horios at Hermione","Hermionis Bk2",Hermione,['naos'],['2.35.2'],Hermione,NULL,NULL,NULL,NULL,NULL,NULL,NULL
18.8746442,30.094815099999998,"Tritonis? L.","Libya (Africa)","Libya (Africa)",['limne'],"['2.21.5','2.21.6','8.26.6','9.33.7']",NULL,https://pleiades.stoa.org/places/364025,NULL,NULL,NULL,NULL,NULL,NULL
22.5056,38.4806,"Second temple at entry to Delphi polis, empty","Phokis Bk10","Delphi (polis)",['naos'],['10.8.6'],"Delphi (polis)",NULL,NULL,NULL,NULL,NULL,NULL,NULL
23.7257,37.9717,"House of the Arrhephoroi on the Acropolis","Athenai Bk1","Athenian Acropolis (Athens)",['oikia'],['1.27.3'],"Athenian Acropolis (Athens)",https://pleiades.stoa.org/places/425217700,NULL,https://wikidata.org/wiki/Q699480,NULL,NULL,NULL,NULL
22.649131,37.846299,"Enclosure of the sanctuary of Demeter at the Akropolis in Phliasia","Phlious Bk2","Phlious Bk2",['peribolos'],['2.13.5'],"Phlious Bk2",NULL,NULL,NULL,NULL,NULL,NULL,NULL
22.8426,36.6845,"Temple of the Emperors at Asopos","Lakonia Bk3","Asopos (Lakonia)",['naos'],['3.22.9'],"Asopos (Lakonia)",NULL,NULL,https://wikidata.org/wiki/Q124616397,NULL,NULL,NULL,NULL
22.7195,37.6316,"Sanctuary of Eileithyia near gate at Argos","Argolid Bk2","Argos (Argolid)",['hieron'],['2.18.3'],"Argos (Argolid)",NULL,NULL,https://wikidata.org/wiki/Q134037436,NULL,NULL,NULL,NULL
30.750000000000004,29.249999999999996,"Arsinoites/Krokodeilopolites Nomos","Libya (Africa)","Egypt (region)",['chora'],['5.21.15'],NULL,https://pleiades.stoa.org/places/736893,NULL,https://wikidata.org/wiki/Q42890017,NULL,NULL,NULL,NULL
22.042889,37.483688,Brenthe,"Arcadia Bk8","road Gortys to Megalopolis",['polis'],['8.28.7'],NULL,https://pleiades.stoa.org/places/570168,NULL,https://wikidata.org/wiki/Q12874732,NULL,NULL,NULL,NULL
21.8,37.2,"Unnamed battlefied with charadra (ravine)","Messenia Bk4","Messenia Bk4",['chorion'],['4.7.4'],"Messenia Bk4",NULL,NULL,NULL,NULL,NULL,NULL,NULL
22.5011,38.48304,"Lesche of the Knidians","Phokis Bk10","Sanctuary of Pythian Apollo at Delphi",['oikema'],"['10.25.1','10.25.2']",NULL,NULL,https://topostext.org/place/385225BLKn,https://wikidata.org/wiki/Q3830889,NULL,NULL,NULL,NULL
22.4237,37.0821,"Aliteion in Sparta","Lakonia Bk3",Sparta,['chorion'],['3.18.2'],Sparta,https://pleiades.stoa.org/places/573072,NULL,https://wikidata.org/wiki/Q124616416,NULL,NULL,NULL,NULL
23.154521,38.293384,"Theater in Thespiai","Boiotia Bk9",Thespiai,['theatron'],['9.27.5'],Thespiai,NULL,NULL,NULL,NULL,NULL,NULL,NULL
29.928794,40.714558,Astakos,"Asia Minor (Asia)","Bithynia (region)",['polis'],['5.12.7'],NULL,https://pleiades.stoa.org/places/511169,NULL,https://wikidata.org/wiki/Q4810504,NULL,NULL,NULL,NULL
22.757,38.385,"Sanctuary of Demeter Stiritis in Stiris","Phokis Bk10","Stiris (Phokis)",['hieron'],['10.35.10'],"Stiris (Phokis)",NULL,NULL,https://wikidata.org/wiki/Q134037522,NULL,NULL,NULL,NULL
21.63082,37.63881,"Metroon temple at Olympia","Eleia Bk5 Bk6","Altis sacred grove (Olympia)",['naos'],['5.20.9'],NULL,https://pleiades.stoa.org/places/98504070,https://topostext.org/place/376216SOMe,https://wikidata.org/wiki/Q1925760,NULL,NULL,NULL,NULL
22.663,38.4296,Ambrossos,"Phokis Bk10","Phokis Bk10",['polis'],"['10.3.2','10.36.1','10.36.3','10.36.4','4.31.5','9.13.3']",NULL,https://pleiades.stoa.org/places/540626,https://topostext.org/place/384227PAmb,https://wikidata.org/wiki/Q12872250,NULL,Ambryssus,NULL,NULL
21.374,37.89,"Sanctuary of the Graces at Elis","Eleia Bk5 Bk6","Elis polis",['hieron'],['6.24.6'],"Elis polis",NULL,NULL,https://wikidata.org/wiki/Q107031200,NULL,NULL,NULL,NULL
27.339721999999995,37.941944,"Tomb of Androklos at Ephesos","Asia Minor (Asia)",Ephesos,['mnema'],['7.2.9'],Ephesos,NULL,NULL,NULL,https://resource.manto.unh.edu/10268187,NULL,NULL,NULL
24.40173,37.41179,"Kythnos, Kythnos (island)","Aegean Sea (Hellas)","Cyclades region (Aegean)",['nesos'],['5.23.2'],NULL,https://pleiades.stoa.org/places/570403,NULL,https://wikidata.org/wiki/Q739779,NULL,Cythnus,https://imperium.ahlfeldt.se/places/43620,NULL
22.3289,37.4526,"Sanctuary of Katharoi Theoi at Pallantion","Arcadia Bk8","Ancient acropolis of Pallantion",['hieron'],['8.44.5'],"Ancient acropolis of Pallantion",NULL,NULL,https://wikidata.org/wiki/Q134037124,NULL,NULL,NULL,NULL
23.110281,38.20809,"sail Peloponnese to Creusis","Boiotia Bk9",Kreusis,['paraplous'],['9.32.1'],Kreusis,NULL,NULL,NULL,NULL,NULL,NULL,NULL
22.6973,37.55,"Grove of plane trees at Mt. Pontinos","Argolid Bk2","Pontinos hill (Argolid)","['alsos','platanos']",['2.37.1'],"Pontinos hill (Argolid)",NULL,NULL,NULL,NULL,NULL,NULL,NULL
23.1602,37.6335,"Walls of Epidaurus","Epidauria Bk2",Epidauros,['teichos'],['2.28.3'],Epidauros,NULL,NULL,NULL,NULL,NULL,NULL,NULL
22.42659,37.08188,"Offices of the Ephors and Nomophylakes and Bidiaioi, at agora of Sparta","Lakonia Bk3","Agora of Sparta",['oikema'],['3.11.2'],"Agora of Sparta",NULL,NULL,NULL,NULL,NULL,NULL,NULL
22.7652,37.7009,"Eleutherion water","Argolid Bk2","Argolid Bk2",['hydor'],['2.17.1'],NULL,https://pleiades.stoa.org/places/573199,NULL,NULL,NULL,Kynadra?,NULL,NULL
23.309,38.239,"Gargaphia spring (Boeotia)","Boiotia Bk9","Boiotia Bk9",['pege'],['9.4.3'],NULL,NULL,https://topostext.org/place/382233WGar,https://wikidata.org/wiki/Q4952634,NULL,NULL,NULL,NULL
21.553,38.368,"Kalliroe spring at harbor of Kalydon","Aitolia region","Harbor of Kalydon",['pege'],['7.21.5'],"Harbor of Kalydon",NULL,NULL,NULL,https://resource.manto.unh.edu/10274407,NULL,NULL,NULL
21.62868,37.63775,"Phidias workshop (Olympia)","Eleia Bk5 Bk6",Olympia,['oikema'],['5.15.1'],NULL,NULL,https://topostext.org/place/376216BOPh,https://wikidata.org/wiki/Q23889060,NULL,NULL,NULL,NULL
22.171428,37.288997,Phalaisiai,"Arcadia Bk8","Arcadia Bk8",['settlement'],['8.35.3'],NULL,https://pleiades.stoa.org/places/570587,NULL,https://wikidata.org/wiki/Q60791911,NULL,NULL,NULL,NULL
22.24,37.448,"Mainalion Pedion","Arcadia Bk8",Mainalia,['pedion'],['8.36.7'],NULL,https://pleiades.stoa.org/places/570450,NULL,NULL,NULL,NULL,NULL,NULL
21.62845,37.63929,"Stoa of the gymnasium at Olympia facing sunrise","Eleia Bk5 Bk6","Gymnasium (Olympia)",['stoa'],['6.21.2'],"Gymnasium (Olympia)",NULL,NULL,NULL,NULL,NULL,NULL,NULL
27.498105,38.578834,"Pelopis Thronus","Asia Minor (Asia)","Magnesia ad Sipylum",['petra'],['5.13.7'],NULL,https://pleiades.stoa.org/places/550810,NULL,NULL,NULL,NULL,NULL,NULL
23.1884,38.0834,"hero shrine of Aigialeos, Pagai","Megarid Bk1","Pagai (Megarid)","['heroon','mnema']","['1.44.4','9.19.2']","Pagai (Megarid)",NULL,NULL,https://wikidata.org/wiki/Q124644670,NULL,"tomb of Aegialeus, Pegai",NULL,NULL
22.905228,38.596346,"Well at Hyampolis, the only water source but rain","Phokis Bk10",Hyampolis,['phrear'],['10.35.6'],Hyampolis,NULL,NULL,NULL,NULL,NULL,NULL,NULL
17.205128,39.028864,"Temple of Hera Lacinia","Italia (Europe)","Italia (Europe)",['hieron'],['6.13.1'],NULL,https://pleiades.stoa.org/places/452332,NULL,https://wikidata.org/wiki/Q3621968,NULL,NULL,NULL,NULL
26.885425,37.6656981,"Imbrasos (river)","Aegean Sea (Hellas)","Samos (island)",['potamos'],['7.4.4'],NULL,https://pleiades.stoa.org/places/599669,NULL,https://wikidata.org/wiki/Q25123205,NULL,NULL,NULL,NULL
21.90262,37.44921,Bassai,"Arcadia Bk8","Kotilion (mountain)",['chorion'],"['8.30.4','8.41.7']","Kotilion (mountain)",NULL,NULL,https://wikidata.org/wiki/Q464923,NULL,Bassae,NULL,NULL
21.8194,38.2983,"Argyra spring at Argyra","Achaia Bk7","Argyra (Achaia)",['pege'],['7.23.1'],"Argyra (Achaia)",https://pleiades.stoa.org/places/573119,NULL,NULL,https://resource.manto.unh.edu/10473805,NULL,NULL,NULL
20.892091,37.787178,Zakythos/Zacynthus,"Hellas (Europe)","Ionian Sea (Greece/Italy)",['nesos'],['4.23.5'],NULL,https://pleiades.stoa.org/places/531154,NULL,https://wikidata.org/wiki/Q144880,NULL,NULL,NULL,NULL
22.2503,37.4217,"Athena-Poseidon temple on Mt. Boreion, Arcadia","Arcadia Bk8","Boreion (mountain)",['hieron'],['8.44.4'],NULL,NULL,https://topostext.org/place/374223SAth,https://wikidata.org/wiki/Q111082690,https://resource.manto.unh.edu/10217900,NULL,NULL,NULL
23.06593,38.93759,Histiaia/Hestiaia,"Euboea (island)","Euboea (island)",['polis'],"['7.26.4','7.4.9','7.7.9']",NULL,https://pleiades.stoa.org/places/540817,NULL,https://wikidata.org/wiki/Q107586662,NULL,NULL,NULL,NULL
23.8068,38.0263,"Altar of Artemis Selasphorus at Phlya","Attica Bk1",Phlya,['bomos'],['1.31.4'],Phlya,NULL,NULL,NULL,NULL,NULL,NULL,NULL
14.25,41.25,Campania,"Italia (Europe)","Italia (Europe)",['chora'],['5.12.3'],NULL,https://pleiades.stoa.org/places/432742,NULL,https://wikidata.org/wiki/Q129349983,NULL,NULL,NULL,NULL
27.750000000000004,40.25,"Phrygia (Hellespontine)","Asia (continent)","Asia Minor (Asia)",['chora'],['1.29.10'],NULL,https://pleiades.stoa.org/places/511362,NULL,https://wikidata.org/wiki/Q131688182,NULL,NULL,NULL,NULL
23.34285,37.997,"Nymphades gates in Megara","Megarid Bk1","Megara (Megarid)",['pylai'],['1.44.2'],"Megara (Megarid)",NULL,NULL,https://wikidata.org/wiki/Q124644666,NULL,NULL,NULL,NULL
22.8416,38.4944,"priest's house in Chaironeia","Boiotia Bk9","Chaironea (Boeotia)",['oikema'],['9.40.12'],"Chaironea (Boeotia)",NULL,NULL,NULL,NULL,NULL,NULL,NULL
22.6338,38.8679,"Maliac Gulf (Phthiotis)","Hellas (Europe)",Phthiotis,['kolpos'],"['1.4.3','10.1.2','10.20.8']",NULL,https://pleiades.stoa.org/places/540929,https://topostext.org/place/389226WMal,https://wikidata.org/wiki/Q549658,NULL,"Lamian Gulf",NULL,NULL
21.62932,37.63923,"Hearth of the Prytaneion at Olympia","Eleia Bk5 Bk6","Prytaneion (Olympia)",['hestia'],['5.15.12'],"Prytaneion (Olympia)",NULL,NULL,NULL,NULL,NULL,NULL,NULL
35.788,36.769,Aegeai,"Asia Minor (Asia)",Cilicia,['settlement'],['5.21.11'],NULL,https://pleiades.stoa.org/places/658368,NULL,https://wikidata.org/wiki/Q60791230,NULL,Aigaia,NULL,NULL
22.323,37.932,"Sanctuary of Apollo Pythios near Pheneus","Arcadia Bk8","road Pheneos toward Pellene and Aigeira",['hieron'],"['8.15.5','8.15.6']",NULL,NULL,NULL,https://wikidata.org/wiki/Q134037120,https://resource.manto.unh.edu/10185273,NULL,NULL,NULL
26.16276,39.69025,Kolonai,"Asia Minor (Asia)",Troas,['settlement'],['10.14.1'],NULL,https://pleiades.stoa.org/places/550661,NULL,https://wikidata.org/wiki/Q6427503,NULL,NULL,NULL,NULL
21.5873,37.6522,"spring joining the Kytherios river","Eleia Bk5 Bk6","Eleia Bk5 Bk6",['pege'],['6.22.7'],NULL,NULL,NULL,NULL,NULL,NULL,NULL,NULL
31.60368158,41.09165143,Mariandynoi,"Pontus Euxinus","Pontus Euxinus",['chora'],['5.26.7'],NULL,https://pleiades.stoa.org/places/845013,NULL,https://wikidata.org/wiki/Q6762088,NULL,NULL,NULL,NULL
21.738518,38.243265,"Peribolos of Laphria at Patrae","Achaia Bk7","Sanctuary of Artemis Laphria at Patrae",['peribolos'],['7.20.2'],"Sanctuary of Artemis Laphria at Patrae",NULL,NULL,NULL,NULL,NULL,NULL,NULL
23.25,38.35,Thebais,"Boiotia Bk9","Boiotia Bk9",['chora'],"['1.25.4','2.6.1','9.12.2','9.23.5','9.25.10','9.5.1','9.7.6']","Boiotia Bk9",NULL,NULL,NULL,NULL,Thebaid,NULL,NULL
21.9188,37.1716,"Tomb or cenotaph of Aristomenes in Messene","Messenia Bk4","Messene (Messenia)",['mnema'],['4.32.3'],NULL,NULL,NULL,NULL,NULL,NULL,NULL,NULL
21.724777,37.439599,"Tomb of Lycurgus, son of Aleus, in Lepreon","Eleia Bk5 Bk6",Lepreon,['mnema'],['5.5.5'],Lepreon,NULL,NULL,NULL,https://resource.manto.unh.edu/11308577,NULL,NULL,NULL
22.62501,37.92049,Titane,"Corinthia Bk2","Corinthia Bk2",['settlement'],"['2.11.3','2.11.5','2.12.1','2.12.2','2.12.3','2.23.4','2.27.1','7.23.8']",NULL,https://pleiades.stoa.org/places/570741,NULL,https://wikidata.org/wiki/Q59637009,NULL,NULL,NULL,NULL
29.885661,31.213931,Pharos,"Libya (Africa)","Egypt (region)",['polis'],"['5.7.4','6.23.6']",NULL,https://pleiades.stoa.org/places/727197,NULL,https://wikidata.org/wiki/Q43244,NULL,NULL,NULL,NULL
22.1273,37.414,"Myropolis stoa in agora of Megalopolis, built from Spartan spoils","Arcadia Bk8","Agora of Megalopolis",['stoa'],['8.30.7'],"Agora of Megalopolis",NULL,NULL,NULL,NULL,NULL,NULL,NULL
21.863791,37.613569,"Temple of Pan at Heraia","Arcadia Bk8","Heraia (Arcadia)",['naos'],['8.26.2'],"Heraia (Arcadia)",NULL,NULL,NULL,NULL,NULL,NULL,NULL
22.52073,38.51526,"Korykion Antron","Phokis Bk10","Parnassus (mountain)",['spelaion'],"['10.32.2','10.32.7','10.6.3']",NULL,https://pleiades.stoa.org/places/540883,NULL,https://wikidata.org/wiki/Q2261709,NULL,"Corycian cave",NULL,NULL
23.788,38.0466,Athmonon,"Attica Bk1","Attica Bk1",['demos'],"['1.14.7','1.31.4']",NULL,https://pleiades.stoa.org/places/579887,NULL,https://wikidata.org/wiki/Q12872216,NULL,NULL,NULL,NULL
23.72641,37.97209,"Poseidon spring on the Akropolis, Athens","Athenai Bk1","Athenian Acropolis (Athens)",['pege'],"['1.26.5','8.10.4']",NULL,NULL,https://topostext.org/binder/JB2510,NULL,https://resource.manto.unh.edu/9619251,NULL,NULL,NULL
22.1844,37.8378,Lykouria,"Arcadia Bk8","Arcadia Bk8","['chorion','horos']","['8.19.4','8.20.1']",NULL,https://pleiades.stoa.org/places/570445,NULL,https://wikidata.org/wiki/Q107521119,NULL,NULL,NULL,NULL
22.4237,37.0821,"South Stoa on Sparta acropolis","Lakonia Bk3","Acropolis of Sparta",['stoa'],['3.17.4'],"Acropolis of Sparta",NULL,NULL,https://wikidata.org/wiki/Q124616419,NULL,NULL,NULL,NULL
21.6336,37.637,"Embolon within hippodrome at Olympia","Eleia Bk5 Bk6","Hippodrome (Olympia)",['stele'],['5.15.6'],"Hippodrome (Olympia)",NULL,NULL,NULL,NULL,NULL,NULL,NULL
23.103304,38.55756,"Temple of Herakles in Hyettos","Boiotia Bk9",Hyettos,['naos'],['9.24.3'],Hyettos,NULL,NULL,NULL,NULL,NULL,NULL,NULL
22.82514,38.35217,"Lamos river, small, atop Helikôn","Boiotia Bk9","Helicon mountain",['potamos'],['9.31.7'],"Helicon mountain",NULL,NULL,NULL,NULL,NULL,NULL,NULL
23.788,38.0466,"Cult of Artemis Amarysia in Athmoneis","Attica Bk1",Athmonon,['hieron'],['1.31.4'],Athmonon,NULL,NULL,https://wikidata.org/wiki/Q124644573,NULL,NULL,NULL,NULL
21.374,37.89,"Ancient temple in agora of Elis, dedicated to the Roman emperors, with no statue and with roof collapsed.","Eleia Bk5 Bk6","Elis polis",['naos'],['6.24.10'],"Elis polis",NULL,NULL,https://wikidata.org/wiki/Q107031203,NULL,NULL,NULL,NULL
23.2505528,38.1850025,"Pass through Kithairon","Boiotia Bk9","Kithairon (mountain)",['esbole'],['9.13.7'],"Kithairon (mountain)",NULL,NULL,NULL,NULL,NULL,NULL,NULL
22.4677283,37.8502198,"Lake Stymphalia","Arcadia Bk8","Plain of Stymphalus",['limne'],"['2.3.5','8.22.3','8.22.4']",NULL,https://pleiades.stoa.org/places/324369908,NULL,https://wikidata.org/wiki/Q1251026,NULL,NULL,NULL,NULL
22.142494,36.964322,Abia,"Messenia Bk4","Messenia Bk4",['polis'],"['4.30.1','4.30.2']",NULL,https://pleiades.stoa.org/places/573047,NULL,https://wikidata.org/wiki/Q5860118,NULL,NULL,NULL,NULL
22.890275,37.144402,"Burial of Semele at Brasiai","Lakonia Bk3","Brasiae (Laconia)",['taphos'],['3.24.3'],"Brasiae (Laconia)",NULL,NULL,https://wikidata.org/wiki/Q124616336,NULL,NULL,NULL,NULL
22.05141,37.11343,"plain surrounding Thouria","Messenia Bk4",Thouria,['pedion'],['4.31.2'],Thouria,NULL,NULL,NULL,NULL,NULL,NULL,NULL
22.2758,36.9932,"Choirios Nape","Messenia Bk4","Messenia Bk4","['esbole','horos']","['4.1.1','4.30.1']",NULL,https://pleiades.stoa.org/places/573172,NULL,NULL,NULL,NULL,NULL,NULL
23.3178,38.3191,"Tomb of Melanippos on the road to Chalkis","Boiotia Bk9","Thebes (Boeotia)",['mnema'],['9.18.1'],"Thebes (Boeotia)",NULL,NULL,NULL,https://resource.manto.unh.edu/10159996,NULL,NULL,NULL
-22.1,36.33,"Satyrides islands in the outer sea",NULL,"Atlanticus Oceanus","['mythical place','nesos']",['1.23.6'],"Atlanticus Oceanus",NULL,NULL,https://wikidata.org/wiki/Q17354919,NULL,NULL,NULL,NULL
42.5,42.5,"Sanctuary of Athena Asia in Colchis","Pontus Euxinus",Colchis/Lazike,['hieron'],['3.24.7'],Colchis/Lazike,NULL,NULL,NULL,https://resource.manto.unh.edu/11288853,NULL,NULL,NULL
22.435,37.083,"Altar of Orthia at Sparta","Lakonia Bk3","Artemis Ortheia sanctuary in Sparta",['bomos'],['3.16.10'],"Artemis Ortheia sanctuary in Sparta",NULL,NULL,https://wikidata.org/wiki/Q124616538,NULL,NULL,NULL,NULL
22.7182,37.5511,"Stone enclosure near the river Cheimarros, on the road from Argos to Lerna","Argolid Bk2","Lerna (Argolid)",['peribolos'],['2.36.7'],"Lerna (Argolid)",NULL,NULL,NULL,NULL,NULL,NULL,NULL
23.5331,37.7543,"Temple of Aphaia on Aigina","Aigina island Bk2","Aigina island Bk2",['hieron'],['2.30.3'],NULL,https://pleiades.stoa.org/places/579872,https://topostext.org/place/378235SAph,https://wikidata.org/wiki/Q596988,https://resource.manto.unh.edu/11312731,NULL,NULL,NULL
22.002,37.2099,"Palace of Cresphontes in Stenyclerus.","Messenia Bk4","Stenykleros region (Messenia)",['oikema'],['4.3.7'],"Stenykleros region (Messenia)",NULL,NULL,NULL,NULL,NULL,NULL,NULL
21.715312,32.760901,"Balagrae Asclepieion near Cyrene","Libya (Africa)",Cyrenaica,"['Asclepieion','hieron']",['2.26.9'],NULL,https://pleiades.stoa.org/places/373749,NULL,https://wikidata.org/wiki/Q35784,NULL,NULL,NULL,NULL
21.630126,37.637849,"Altar of Apollo Thermios at Olympia","Eleia Bk5 Bk6",Olympia,['bomos'],['5.15.7'],Olympia,NULL,NULL,NULL,NULL,NULL,NULL,NULL
21.630126,37.637849,"Votive column supporting a Nike offered by the Athenians at Olympia.","Eleia Bk5 Bk6",Olympia,['kion'],['5.26.1'],Olympia,NULL,NULL,NULL,NULL,NULL,NULL,NULL
21.377,38.212,"Araxos cape (Achaia)","Achaia Bk7","Achaia Bk7",['akra'],['6.26.10'],NULL,https://pleiades.stoa.org/places/570101,https://topostext.org/place/382214LAra,https://wikidata.org/wiki/Q15056188,NULL,NULL,NULL,NULL
22.8802,37.9054,"Seats around the spring Lerna in Corinth","Corinthia Bk2","Corinth (Corinthia)",['thronos'],['2.4.5'],"Corinth (Corinthia)",NULL,NULL,NULL,NULL,NULL,NULL,NULL
23.594,38.4361,Aulis,"Boiotia Bk9","Boiotia Bk9","['limen','settlement']","['1.35.3','10.26.3','3.9.10','3.9.3','3.9.4','8.28.4','8.28.5','9.19.6','9.19.7','9.19.8']",NULL,https://pleiades.stoa.org/places/579889,https://topostext.org/place/384236UAul,https://wikidata.org/wiki/Q2612265,NULL,"harbor on Boeotia-Chalkis border",NULL,NULL
23.5841,38.3074,"Sanctuary of Dionysos in Tanagra","Boiotia Bk9","sacred district of Tanagra",['hieron'],['9.22.1'],"sacred district of Tanagra",NULL,NULL,https://wikidata.org/wiki/Q134038210,NULL,NULL,NULL,NULL
22.7195,37.6316,"Temple of Apollo Deiradiotes in Argos","Argolid Bk2","Ascent from Argos to Larisa citadel","['manteion','naos']",['2.24.1'],"Ascent from Argos to Larisa citadel",https://pleiades.stoa.org/places/939076786,https://topostext.org/place/376227SApD,https://wikidata.org/wiki/Q38281150,NULL,NULL,NULL,NULL
14.90091,37.567342,"Hybla Gereatis","Sicilia (island)","Sicilia (island)",['polis'],['5.23.6'],NULL,https://pleiades.stoa.org/places/462251,NULL,https://wikidata.org/wiki/Q3787772,NULL,NULL,NULL,NULL
22.7145,37.9834,"Sanctuary of Demeter in plain below Sicyon","Sikyonia Bk2","Sicyon (Sikyonia)",['hieron'],['2.11.2'],"Sicyon (Sikyonia)",NULL,NULL,https://wikidata.org/wiki/Q134037365,https://resource.manto.unh.edu/10159235,NULL,NULL,NULL
22.6465,37.8446,Keleai,"Phlious Bk2","Phlious Bk2",['chorion'],"['2.12.4','2.14.1','2.14.2','2.14.4']",NULL,https://pleiades.stoa.org/places/573280,NULL,https://wikidata.org/wiki/Q115380594,NULL,Celeae,NULL,NULL
23.5314735,37.947768,Asterios,"Attica Bk1","Salamis (settlement)",['nesos'],['1.35.6'],"Salamis (settlement)",NULL,NULL,NULL,NULL,NULL,NULL,NULL
25.543589999999995,29.205140000000004,"altars in temple of Ammon in Libya dedicated by Elians","Libya (Africa)","Ammon oracle in Egypt",['bomos'],['5.15.11'],"Ammon oracle in Egypt",NULL,NULL,NULL,NULL,NULL,NULL,NULL
21.864,37.532,Alipheira,"Arcadia Bk8",Kynouriake,"['polis','polisma']","['8.26.5','8.27.4','8.3.4']",NULL,https://pleiades.stoa.org/places/570065,NULL,https://wikidata.org/wiki/Q38281053,NULL,NULL,NULL,NULL
20.84143,38.92237,Anactorium,"Aitolia region",Akarnania,['polis'],['5.23.3'],NULL,https://pleiades.stoa.org/places/530798,NULL,https://wikidata.org/wiki/Q12873561,NULL,NULL,NULL,NULL
22.7214,37.6305,"supposed tomb of Prometheus in Argos","Argolid Bk2","Sanctuary of Apollo Lykios in Argos",['mnema'],['2.19.8'],"Sanctuary of Apollo Lykios in Argos",NULL,NULL,NULL,https://resource.manto.unh.edu/10185284,NULL,NULL,NULL
23.726300000000002,37.9706,"Tomb of Kalos, Athens","Athenai Bk1","Athenai Bk1",['taphos'],['1.21.4'],NULL,NULL,https://topostext.org/binder/JB1869,NULL,https://resource.manto.unh.edu/10152062,NULL,NULL,NULL
21.705,36.817,"Sanctuary of Artemis in Mothone, with sacred well","Messenia Bk4","Methone/Mothone (Messenian)",['hieron'],['4.35.8'],"Methone/Mothone (Messenian)",NULL,NULL,https://wikidata.org/wiki/Q134036780,NULL,NULL,NULL,NULL
21.738518,38.243265,"road Agora of Patras to sea coast","Achaia Bk7",Patrae,['hodos'],['7.21.6'],Patrae,NULL,NULL,NULL,NULL,NULL,NULL,NULL
22.649131,37.846299,"Temple of Hera in Phlious, on the left of Hebe's sanctuary","Phlious Bk2","Phlious Bk2",['naos'],['2.13.4'],"Phlious Bk2",NULL,NULL,NULL,NULL,NULL,NULL,NULL
22.8921,37.1462,"Promontory at Brasiai with small statues of Dioskouroi?","Lakonia Bk3","Brasiae (Laconia)",['akra'],['3.24.5'],NULL,NULL,NULL,NULL,NULL,NULL,NULL,NULL
22.5012215,38.4823167,"Altar of Poseidon inside temple of Apollo at Delphi","Phokis Bk10","Temple of Apollo at Delphi",['bomos'],['10.24.4'],"Temple of Apollo at Delphi",NULL,NULL,NULL,NULL,NULL,NULL,NULL
21.798,38.2893,"Charadros river, Achaia","Achaia Bk7","Achaia Bk7",['potamos'],"['7.22.11','7.23.1']",NULL,https://pleiades.stoa.org/places/570172,NULL,https://wikidata.org/wiki/Q3558316,NULL,NULL,NULL,NULL
21.738518,38.243265,"two sanctuaries of Sarapis at Patrae near sacred grove","Achaia Bk7",Patrae,['hieron'],['7.21.13'],Patrae,NULL,NULL,https://wikidata.org/wiki/Q134036807,NULL,NULL,NULL,NULL
26.38916,40.21343,Sestos,"Thrace (Europe)","Chersonesus (Thrace)",['polis'],['3.9.12'],NULL,https://pleiades.stoa.org/places/501609,NULL,https://wikidata.org/wiki/Q593737,NULL,NULL,NULL,NULL
22.715,37.638,"Larisa Citadel above Argos","Argolid Bk2","Argos (Argolid)",['acropolis'],"['2.24.1','2.24.2','2.24.3','2.25.10','2.25.4','3.17.1']",NULL,NULL,https://topostext.org/place/376227FLar,https://wikidata.org/wiki/Q1012861,NULL,NULL,NULL,NULL
23.3178,38.3209,"Cadmeia of Thebes","Boiotia Bk9","Thebes (Boeotia)","['acropolis','settlement']","['2.5.2','2.6.4','3.17.1','8.33.2','9.1.4','9.12.3','9.5.2','9.5.3','9.5.4','9.5.5','9.5.6','9.7.6']",NULL,https://pleiades.stoa.org/places/239936126,https://topostext.org/place/383233XCad,https://wikidata.org/wiki/Q1276854,NULL,NULL,NULL,NULL
25.478129000000003,36.36399,"Thera island (Cyclades)","Aegean Sea (Hellas)","Cyclades region (Aegean)",['nesos'],"['10.15.6','3.1.8','3.15.6','7.2.2']",NULL,https://pleiades.stoa.org/places/599973,https://topostext.org/place/364255IThe,https://wikidata.org/wiki/Q129296,NULL,NULL,NULL,NULL
22.394,37.634,"mountain in plain of Mantineia-Orchomenos road, site of Ptolis/Archaia Mantineia","Arcadia Bk8","Arcadia Bk8",['oros'],['8.12.7'],NULL,NULL,NULL,NULL,NULL,NULL,NULL,NULL
27.165609000000003,39.118873,"temple in Asklepieion at Pergamon","Asia Minor (Asia)","Asklepieion of Pergamon",['naos'],['3.26.10'],"Asklepieion of Pergamon",NULL,NULL,NULL,NULL,NULL,NULL,NULL
21.75,39.25,Dolopia,"Hellas (Europe)",Thessalia,['chora'],"['10.8.2','10.8.3']",NULL,https://pleiades.stoa.org/places/540737,NULL,https://wikidata.org/wiki/Q776988,NULL,NULL,NULL,NULL
22.7195,37.6316,"Altar of Helios in Argos, on the side of the river Inachos","Argolid Bk2","Argos (Argolid)",['bomos'],['2.18.3'],"Argos (Argolid)",NULL,NULL,NULL,NULL,NULL,NULL,NULL
22.4,38.7,Doris,"Hellas (Europe)","Hellas (Europe)",['chora'],"['10.37.2','10.8.4']",NULL,https://pleiades.stoa.org/places/540740,NULL,https://wikidata.org/wiki/Q130987,NULL,NULL,NULL,NULL
21.87,37.711,"Arsen (river)","Arcadia Bk8","road Psophis to Thelpousa",['potamos'],['8.25.1'],NULL,https://pleiades.stoa.org/places/570115,NULL,https://wikidata.org/wiki/Q25014828,NULL,NULL,NULL,NULL
26.769,40.5114,"tomb of Lysimachos, between Kardia and Paktys","Thrace (Europe)","Lysimacheia, Lysimachia",['mnema'],['1.10.5'],"Lysimacheia, Lysimachia",NULL,NULL,https://wikidata.org/wiki/Q124644556,NULL,NULL,NULL,NULL
22.2182,37.3874,"Aphrodision (Arkadia)","Arcadia Bk8","road Megalopolis to Pallantion and Tegea",['chorion'],['8.44.2'],NULL,https://pleiades.stoa.org/places/570093,https://topostext.org/place/374222UAph,https://wikidata.org/wiki/Q60791607,NULL,NULL,NULL,NULL
22.890275,37.144402,"Cave at Brasiai where Ino nursed Dionysos","Lakonia Bk3","Brasiae (Laconia)",['spelaion'],['3.24.4'],"Brasiae (Laconia)",NULL,NULL,https://wikidata.org/wiki/Q124616422,NULL,NULL,NULL,NULL
27.366012129999998,38.25857286,"Ionia (region)","Asia (continent)","Asia Minor (Asia)",['chora'],"['1.1.5','1.29.5','10.24.1','10.32.4','10.33.2','10.8.6','2.31.6','3.2.1','3.9.6','5.21.13','5.27.12','5.7.5','6.24.2','6.3.15','7.3.7','7.3.8','7.5.10','7.5.12','7.5.13','7.5.4','8.43.4','8.45.5','9.19.8','9.21.6','9.27.1','9.27.8','9.33.2','9.37.8']",NULL,https://pleiades.stoa.org/places/550597,NULL,https://wikidata.org/wiki/Q620874,NULL,NULL,NULL,NULL
23.846116,38.291099,"Temple at Amphiareion","Attica Bk1","Amphiareion near Oropos",['naos'],['1.34.4'],NULL,https://pleiades.stoa.org/places/540628,NULL,https://wikidata.org/wiki/Q474656,NULL,NULL,NULL,NULL
23.717999999999996,37.981,"Tomb of Kleisthenes, Athens","Athenai Bk1","Athenai Bk1",['taphos'],['1.29.6'],NULL,NULL,https://topostext.org/binder/JB1918,NULL,NULL,NULL,NULL,NULL
22.7348,37.469,"Argive and Spartan tombs from battle of 300 Champions, going up inland from Anigraia","Argolid Bk2",Anigraia,['polyandrion'],['2.38.5'],Anigraia,NULL,NULL,NULL,NULL,"Polyandria of the Argives and Spartans at Anigraia",NULL,NULL
22.50151,38.48254,"Stone of Cronus at Delphi","Phokis Bk10","Sanctuary of Pythian Apollo at Delphi",['petra'],['10.24.6'],"Sanctuary of Pythian Apollo at Delphi",NULL,NULL,https://wikidata.org/wiki/Q2786349,NULL,"Stone of Kronos",NULL,NULL
22.63734,37.8353,"Springs of the River Asopos in Korinthia","Phlious Bk2","Asopos river (Korinthia)",['pege'],['2.12.6'],NULL,NULL,NULL,NULL,NULL,NULL,NULL,NULL
23.1602,37.6335,"Harbour at Epidaurus","Epidauria Bk2",Epidauros,['limen'],['2.29.1'],Epidauros,NULL,NULL,NULL,NULL,NULL,NULL,NULL
21.553,38.368,"Harbor of Kalydon","Aitolia region",Kalydonia,['limen'],['7.21.5'],NULL,NULL,NULL,NULL,NULL,NULL,NULL,NULL
22.3777,38.1286,"Sanctuary of Zeus at Aigeira","Achaia Bk7","Aigeira (Achaia)",['hieron'],['7.26.4'],"Aigeira (Achaia)",NULL,NULL,https://wikidata.org/wiki/Q134037142,NULL,NULL,NULL,NULL
22.721,37.41,Thyreatis,"Argolid Bk2","Argolid Bk2","['chora','settlement']","['10.9.12','2.29.5','2.38.5','2.38.7','3.7.5','8.3.3','8.54.4']",NULL,https://pleiades.stoa.org/places/570736,NULL,https://wikidata.org/wiki/Q3036391,NULL,Thyrea,NULL,NULL
22.429,37.464,"Eryma sanctuary of Athena Poliatis at Tegea","Arcadia Bk8","Tegea (Arkadia)",['hieron'],['8.47.5'],"Tegea (Arkadia)",NULL,NULL,https://wikidata.org/wiki/Q134037213,https://resource.manto.unh.edu/10769981,NULL,NULL,NULL
22.71,36.66,"Laconian Gulf (Lakonia)","Lakonia Bk3","Lakonia Bk3",['kolpos'],"['3.1.1','3.20.6','3.21.6','3.21.9','3.22.4','3.24.6']",NULL,NULL,https://topostext.org/place/367227WLac,https://wikidata.org/wiki/Q589877,NULL,NULL,NULL,NULL
22.714,37.984,"Gymnasium of the Agora at Sicyon","Sikyonia Bk2","Agora of Sicyon",['gymnasion'],['2.10.1'],"Agora of Sicyon",NULL,NULL,NULL,NULL,NULL,NULL,NULL
22.706912,36.992193,"Temple of Apollo on acropolis of Geronthrai","Lakonia Bk3","Acropolis of Geronthrai",['naos'],['3.22.7'],"Acropolis of Geronthrai",NULL,NULL,https://wikidata.org/wiki/Q124616396,NULL,NULL,NULL,NULL
22.3,37.5,"Racetracks of Atalante near Schoinous","Arcadia Bk8","Arcadia Bk8",['dromos'],['8.35.10'],"Arcadia Bk8",NULL,NULL,NULL,NULL,NULL,NULL,NULL
22.649131,37.846299,"Building in memory of Kyathos in Phlious, next to the sanctuary of Apollo","Phlious Bk2","Phlious Bk2",['oikema'],['2.13.8'],"Phlious Bk2",NULL,NULL,NULL,NULL,NULL,NULL,NULL
21.6308,37.6422,"Altars at sanctuary of Aphrodite Ourania at Olympia","Eleia Bk5 Bk6","Sanctuary of Aphrodite Ourania at Olympia",['bomos'],['6.20.6'],"Sanctuary of Aphrodite Ourania at Olympia",NULL,NULL,NULL,NULL,NULL,NULL,NULL
21.374,37.89,"oikos of Amphion in Elis","Eleia Bk5 Bk6","Elis polis",['oikia'],['2.21.10'],"Elis polis",NULL,NULL,NULL,NULL,NULL,NULL,NULL
27.784,38.7827,Hierokaisareia,"Asia Minor (Asia)","Lydia (province)","['hieron','polis']",['5.27.5'],NULL,https://pleiades.stoa.org/places/550578,NULL,https://wikidata.org/wiki/Q668809,NULL,"Hiera Kome, Hierocaesaria",NULL,NULL
19.470413,40.720583,Apollonia,Europe,"Illyria (Europe)",['polis'],"['5.22.3','5.22.4','6.14.13']",NULL,https://pleiades.stoa.org/places/481728,NULL,https://wikidata.org/wiki/Q505703,NULL,NULL,NULL,NULL
22.81,38.28,"Sanctuary of Dionysos at Boulis","Phokis Bk10",Boulis,['hieron'],['10.37.3'],Boulis,NULL,NULL,https://wikidata.org/wiki/Q134037536,NULL,NULL,NULL,NULL
14.25,41.25,Opikoi,"Italia (Europe)",Campania,['chora'],['7.22.8'],Campania,https://pleiades.stoa.org/places/438797,NULL,https://wikidata.org/wiki/Q3884171,NULL,NULL,NULL,NULL
22.02354,37.50335,"Springs of the Gortynios/Lousios river","Arcadia Bk8","Gortynios/Lousios river (Arkadia)",['pege'],"['8.28.2','8.28.3']",NULL,NULL,NULL,NULL,NULL,NULL,NULL,NULL
27.2774885,37.5292362,"Lade (island)","Asia Minor (Asia)",Miletus,['nesos'],['1.35.6'],Miletus,https://pleiades.stoa.org/places/599746,NULL,https://wikidata.org/wiki/Q1799887,NULL,NULL,NULL,NULL
21.630126,37.637849,"Altar of All the Gods at Olympia","Eleia Bk5 Bk6",Olympia,['bomos'],['5.14.8'],Olympia,NULL,NULL,NULL,NULL,NULL,NULL,NULL
27.339721999999995,37.941944,"Magnesian Gates of Ephesos","Asia Minor (Asia)",Ephesos,['pylai'],['7.2.9'],Ephesos,NULL,NULL,https://wikidata.org/wiki/Q104641893,NULL,NULL,NULL,NULL
23.970146000000003,38.1465515,"lake/swamp at Marathon","Attica Bk1","Marathon deme","['helos','limne']",['1.32.7'],"Marathon deme",https://pleiades.stoa.org/places/580024,NULL,NULL,NULL,"Mega Helos",NULL,NULL
23.27,38.312,"Grove of Demeter Kabeiraia and Kore outside Thebes","Boiotia Bk9","road Thebes Neistan gate to Onchestos via Kabeireion",['alsos'],['9.25.5'],NULL,NULL,NULL,NULL,NULL,NULL,NULL,NULL
22.2156,37.3545,"Sanctuary of Artemis Hiereia at Oresthasion, only columns","Arcadia Bk8","Oresthasion (Arkadia)",['hieron'],['8.44.2'],"Oresthasion (Arkadia)",NULL,NULL,https://wikidata.org/wiki/Q134037077,NULL,NULL,NULL,NULL
22.378,37.463,"Leukônios fountain on Pallantion to Tegea road","Arcadia Bk8","road Megalopolis to Pallantion and Tegea",['pege'],['8.44.8'],NULL,NULL,NULL,NULL,https://resource.manto.unh.edu/10266911,NULL,NULL,NULL
22.96835,38.259722,"Dike in plain of Thisbe to manage floods","Boiotia Bk9",Thisbe,"['choma ges']",['9.32.3'],Thisbe,https://pleiades.stoa.org/places/541337,NULL,NULL,NULL,NULL,NULL,NULL
22.217753,37.612883,Helisson,"Arcadia Bk8","Arcadia Bk8","['kome','polis']","['8.27.3','8.27.7','8.29.5','8.3.3','8.30.1','8.30.7','8.36.5']",NULL,https://pleiades.stoa.org/places/570282,NULL,https://wikidata.org/wiki/Q5706174,NULL,NULL,NULL,NULL
22.4237,37.0821,"House of Phormio and the Dioskouroi in Sparta","Lakonia Bk3",Sparta,['oikia'],['3.16.2'],Sparta,NULL,NULL,https://wikidata.org/wiki/Q124616340,NULL,NULL,NULL,NULL
21.9,38.2,"Achaia Bk7",NULL,Peloponnesos,['chora'],"['2.18.8','2.5.6','3.2.1','5.1.1','5.24.4','5.9.1','6.26.10','7.1.1','7.1.3','7.1.4','7.27.12','7.7.2','8.1.2','8.15.8','8.27.14']",NULL,https://pleiades.stoa.org/places/570028,https://topostext.org/place/382219RAch,https://wikidata.org/wiki/Q2790451,NULL,Achaea,NULL,NULL
22.0273,37.834,Skotane,"Arcadia Bk8","Arcadia Bk8",['settlement'],['8.23.8'],NULL,https://pleiades.stoa.org/places/573525,NULL,https://wikidata.org/wiki/Q60791560,NULL,NULL,NULL,NULL
23.052885,38.189977,"sail Argo anchorage in front of Tiphai","Boiotia Bk9",Siphai/Tipha,['paraplous'],['9.32.4'],Siphai/Tipha,NULL,NULL,NULL,NULL,NULL,NULL,NULL
22.564,36.754,"Larysion Mt. (Lakonia)","Lakonia Bk3","Lakonia Bk3",['oros'],['3.22.2'],NULL,https://pleiades.stoa.org/places/570416,https://topostext.org/place/368228LLar,https://wikidata.org/wiki/Q16328367,NULL,NULL,NULL,NULL
21.681159,37.248527,"Sanctuary of Athena Kyparissia next to sanctuary of Apollo Kyparissios in Kyparissia","Messenia Bk4",Kyparissia,['hieron'],['4.36.7'],Kyparissia,NULL,NULL,https://wikidata.org/wiki/Q134036772,NULL,NULL,NULL,NULL
22.42659,37.08188,"Bouleuterion of the Senate of Sparta","Lakonia Bk3","Agora of Sparta",['bouleuterion'],['3.11.2'],"Agora of Sparta",NULL,NULL,NULL,NULL,NULL,NULL,NULL
22.3933,37.6181,"Round altar on highway marking border Mantineia-Tegea","Arcadia Bk8","Arcadia Bk8",['horos'],['8.11.1'],NULL,NULL,NULL,NULL,NULL,NULL,NULL,NULL
23.79,38.3195,Oropos,"Attica Bk1",Oropia,['settlement'],"['1.33.2','1.34.1','7.11.4','7.11.5','7.11.8','7.12.3']",NULL,https://pleiades.stoa.org/places/580044,https://topostext.org/place/383238POro,https://wikidata.org/wiki/Q18073696,NULL,NULL,NULL,NULL
22.7214,37.6305,"Sanctuary of Leto in Argos, near trophy in the Agora","Argolid Bk2","Agora of Argos",['hieron'],"['2.21.8','2.22.1']","Agora of Argos",NULL,NULL,https://wikidata.org/wiki/Q134037491,NULL,NULL,NULL,NULL
27.270300000000002,37.79147,Anaia,"Asia Minor (Asia)","Ionia (region)",['settlement'],['7.4.3'],NULL,https://pleiades.stoa.org/places/599490,NULL,https://wikidata.org/wiki/Q17621054,NULL,NULL,NULL,NULL
22.2693,37.4845,"Mainalos Mt. (Arkadia)","Arcadia Bk8","Arcadia Bk8",['oros'],"['3.11.7','5.27.1','6.6.1','6.6.3','6.8.5','8.27.2','8.3.4','8.36.5','8.36.8','8.9.3']",NULL,https://pleiades.stoa.org/places/570449,https://topostext.org/place/377223LMai,https://wikidata.org/wiki/Q112302501,NULL,Mainaleon,NULL,NULL
23.743503,37.974075,"Lyceum of Athens","Athenai Bk1","Athenai Bk1",['hieron'],"['1.19.3','1.19.4','1.29.16']",NULL,https://pleiades.stoa.org/places/122572945,https://topostext.org/place/380237BLyk,https://wikidata.org/wiki/Q1160664,https://resource.manto.unh.edu/10151508,NULL,NULL,NULL
23.34285,37.997,"Prytaneion of Megara","Megarid Bk1","Megara (Megarid)",['prytaneion'],['1.42.7'],"Megara (Megarid)",NULL,NULL,https://wikidata.org/wiki/Q124644642,NULL,NULL,NULL,NULL
22.036,37.396,"Plataniston (river)","Arcadia Bk8",Parrasia,['potamos'],['8.39.1'],NULL,https://pleiades.stoa.org/places/570617,NULL,https://wikidata.org/wiki/Q20108668,NULL,NULL,NULL,NULL
28.224399999999996,36.4408,"Tomb of Aristomenes at Rhodes","Aegean Sea (Hellas)","Rhodes polis",['mnema'],['4.24.3'],"Rhodes polis",NULL,NULL,NULL,NULL,NULL,NULL,NULL
22.97822,36.26229,"Sanctuary of Heavenly Aphrodite at Kythera","Aegean Sea (Hellas)","Cythera island",['hieron'],['3.23.1'],NULL,NULL,NULL,https://wikidata.org/wiki/Q134037625,NULL,NULL,NULL,NULL
22.7214,37.6305,"Altar of Zeus Hyetios in Argos","Argolid Bk2","Sanctuary of Apollo Lykios in Argos",['bomos'],['2.19.8'],"Sanctuary of Apollo Lykios in Argos",NULL,NULL,NULL,NULL,NULL,NULL,NULL
20.5,41.5,Encheleioi,"Epiros region","Epiros region",['chora'],['9.5.3'],NULL,https://pleiades.stoa.org/places/481829,NULL,https://wikidata.org/wiki/Q1265876,NULL,NULL,NULL,NULL
26.1769,39.3692,"Methymna (Lesbos)","Aegean Sea (Hellas)","Lesbos (island)",['polis'],['10.19.3'],NULL,https://pleiades.stoa.org/places/550738,https://topostext.org/place/394262PMet,https://wikidata.org/wiki/Q38281278,NULL,NULL,NULL,NULL
22.7195,37.6316,"underground building in Argos, base of bronze chamber","Argolid Bk2","Argos (Argolid)",['oikema'],['2.23.7'],"Argos (Argolid)",NULL,NULL,NULL,NULL,NULL,NULL,NULL
21.631643,37.63909,"Megarian Treasury at Olympia","Eleia Bk5 Bk6","Treasury terrace north of the Heraion, Olympia",['thesauros'],['6.19.12'],NULL,NULL,NULL,NULL,NULL,NULL,NULL,NULL
27.256115000000005,37.384829,"Gates of Didyma","Asia Minor (Asia)","Didyma Apollo sanctuary",['pylai'],['7.2.6'],"Didyma Apollo sanctuary",NULL,NULL,NULL,NULL,NULL,NULL,NULL
22.262624,37.766264,"Menelais spring a little above Kaphyai","Arcadia Bk8",Kaphyai,['pege'],['8.23.4'],Kaphyai,NULL,NULL,NULL,https://resource.manto.unh.edu/10214253,NULL,NULL,NULL
22.51748,36.68812,"Skyras river (Lakonia)","Lakonia Bk3","Lakonia Bk3",['potamos'],['3.25.1'],NULL,https://pleiades.stoa.org/places/573526,https://topostext.org/place/367225WSky,NULL,NULL,NULL,NULL,NULL
22.305,37.533,"Stadium for athletic events at Mainalos","Arcadia Bk8",Mainalos,['stadion'],['8.36.8'],Mainalos,NULL,NULL,NULL,NULL,NULL,NULL,NULL
22.7145,37.9834,"Peribolos of Asklepios at Sicyon","Sikyonia Bk2","Sicyon (Sikyonia)",['peribolos'],['2.10.2'],"Sicyon (Sikyonia)",NULL,NULL,NULL,NULL,NULL,NULL,NULL
23.523,37.435,"Skyllaion (promontory)","Troizenia Bk2","Troizenia Bk2",['akra'],"['2.34.7','2.34.8']",NULL,https://pleiades.stoa.org/places/570679,NULL,https://wikidata.org/wiki/Q24924372,NULL,NULL,NULL,NULL
22.7145,37.9834,"Precinct of Roman emperors at Sicyon","Sikyonia Bk2","Sicyon (Sikyonia)",['temenos'],['2.8.1'],"Sicyon (Sikyonia)",NULL,NULL,NULL,NULL,NULL,NULL,NULL
21.630126,37.637849,"Altis wall","Eleia Bk5 Bk6","Altis sacred grove (Olympia)",['peribolos'],['5.24.8'],Olympia,NULL,NULL,NULL,NULL,NULL,NULL,NULL
22.3933,37.6181,"Altar of Hera at Mantineia","Arcadia Bk8","Mantineia (Arkadia)",['bomos'],['8.9.3'],"Mantineia (Arkadia)",NULL,NULL,NULL,NULL,NULL,NULL,NULL
22.663,38.4296,"Agora of the Ambrossians, not large","Phokis Bk10",Ambrossos,['agora'],['10.36.4'],Ambrossos,NULL,NULL,https://wikidata.org/wiki/Q133963424,NULL,NULL,NULL,NULL
27.9632845,38.62477125,Lydia/Maionia,"Asia (continent)","Asia Minor (Asia)",['chora'],"['1.35.7','3.9.5','7.2.8']",NULL,https://pleiades.stoa.org/places/550701,NULL,https://wikidata.org/wiki/Q620765,NULL,NULL,NULL,NULL
21.3746,37.8917,"part of Korkuraike stoa facing away from Agora of Elis","Eleia Bk5 Bk6","Korkyraike stoa at Agora of Elis",['stoa'],['6.24.5'],"Korkyraike stoa at Agora of Elis",NULL,NULL,NULL,NULL,NULL,NULL,NULL
26.689980000000002,40.34869,Lampsakos,"Asia Minor (Asia)","Mysia (Bithynia)",['polis'],"['10.38.11','6.18.2','6.18.4','9.31.2']",NULL,https://pleiades.stoa.org/places/501570,NULL,https://wikidata.org/wiki/Q1229422,NULL,"Lampsacus Pityoussa",NULL,NULL
22.05141,37.11343,Thouria,"Messenia Bk4","Messenia Bk4",['polis'],"['4.31.1','4.31.2','4.31.4']",NULL,https://pleiades.stoa.org/places/573096,NULL,https://wikidata.org/wiki/Q9090574,NULL,Antheia,NULL,NULL
22.80004,37.59918,"Residence of Proetus in Tiryns","Argolid Bk2",Tiryns,['oikia'],['2.16.2'],Tiryns,NULL,NULL,NULL,NULL,NULL,NULL,NULL
22.4237,37.0821,"Sanctuary of Poseidon Hippokourios at Sparta","Lakonia Bk3",Sparta,['hieron'],['3.14.2'],Sparta,NULL,NULL,https://wikidata.org/wiki/Q124616443,NULL,NULL,NULL,NULL
21.374,37.89,Menios,"Eleia Bk5 Bk6","Elis polis",['potamos'],"['5.1.10','6.26.1']","Elis polis",https://pleiades.stoa.org/places/573369,NULL,https://wikidata.org/wiki/Q107477417,NULL,NULL,NULL,NULL
22.82514,38.35217,"Spring on Helikôn, same as Hippou Krênê?","Boiotia Bk9","Helicon mountain",['pege'],['9.31.4'],"Helicon mountain",NULL,NULL,NULL,NULL,NULL,NULL,NULL
27.579568,39.626196,Pioniai,"Asia Minor (Asia)",Mysia,['polisma'],['9.18.4'],NULL,https://pleiades.stoa.org/places/550832,NULL,https://wikidata.org/wiki/Q16737855,NULL,NULL,NULL,NULL
22.8802,37.9054,"Sanctuary of Eilethyia at Teneatic Gate of Corinth","Corinthia Bk2","Corinth (Corinthia)",['hieron'],['2.5.4'],"Corinth (Corinthia)",NULL,NULL,https://wikidata.org/wiki/Q134037581,NULL,NULL,NULL,NULL
21.738518,38.243265,"Sanctuary of Demeter at Patrae","Achaia Bk7",Patrae,['hieron'],['7.21.12'],Patrae,NULL,NULL,https://wikidata.org/wiki/Q134036799,NULL,NULL,NULL,NULL
23.3178,38.3191,"place at Thebes where the cow of Cadmus rested","Boiotia Bk9","Thebes (Boeotia)",['chorion'],['9.12.2'],"Thebes (Boeotia)",NULL,NULL,NULL,NULL,NULL,NULL,NULL
22.710651,37.809667,"Temple of Zeus at Nemea","Argolid Bk2","Sanctuary of Nemean Zeus, Nemea",['naos'],['2.15.2'],NULL,https://pleiades.stoa.org/places/109791198,NULL,https://wikidata.org/wiki/Q27779887,NULL,NULL,NULL,NULL
21.864,37.532,"plain between Heraia and Aliphera, 10 stades wide","Arcadia Bk8","Arcadia Bk8",['pedion'],['8.26.5'],NULL,NULL,NULL,NULL,NULL,NULL,NULL,NULL
29.923486000000004,40.76445,Nicomedia,"Asia Minor (Asia)","Bithynia (region)",['polis'],"['3.3.8','5.12.7']",NULL,https://pleiades.stoa.org/places/511337,NULL,https://wikidata.org/wiki/Q209349,NULL,NULL,NULL,NULL
23.3178,38.3191,"City walls of Thebes","Boiotia Bk9","Thebes (Boeotia)",['teichos'],['2.23.2'],"Thebes (Boeotia)",NULL,NULL,NULL,NULL,NULL,NULL,NULL
22.5059,38.4815,"Gymnasium (Delphi)","Phokis Bk10","Delphi (polis)",['gymnasion'],"['10.8.8','10.8.9']",NULL,NULL,https://topostext.org/place/385225BDGy,https://wikidata.org/wiki/Q22668472,NULL,NULL,NULL,NULL
22.307,37.9117,"Ravine in which the Kaphyai-Pheneos road runs","Arcadia Bk8",Pheneos,['charadra'],['8.13.6'],Pheneos,NULL,NULL,NULL,NULL,NULL,NULL,NULL
23.706200000000003,37.9373,"Altar of Androgeos, son of Minos, Phaleron","Attica Bk1",Phaleron,['bomos'],['1.1.4'],Phaleron,NULL,NULL,https://wikidata.org/wiki/Q124644553,NULL,"altar of Heroos at Phaleron",NULL,NULL
22.50151,38.48254,"Third temple of Apollo at Delphi, made of bronze","Phokis Bk10","Sanctuary of Pythian Apollo at Delphi",['naos'],['10.5.11'],"Sanctuary of Pythian Apollo at Delphi",NULL,NULL,NULL,NULL,NULL,NULL,NULL
22.3848,36.705058,"Agora of Oitylos","Lakonia Bk3",Oitylos,['agora'],['3.25.10'],Oitylos,NULL,NULL,https://wikidata.org/wiki/Q124606125,NULL,NULL,NULL,NULL
22.1273,37.4124,"Oikema in peribolos of Great Goddesses in Megalopolis","Arcadia Bk8","Peribolos of Great Goddesses Demeter and Korê at Megalopolis",['oikema'],['8.31.7'],"Peribolos of Great Goddesses Demeter and Korê at Megalopolis",NULL,NULL,NULL,NULL,NULL,NULL,NULL
27.184167,39.1325,"Tomb of Auge in Pergamon, mound with krepis, bronze statue","Asia Minor (Asia)",Pergamum,"['choma ges','mnema']",['8.4.9'],Pergamum,NULL,NULL,NULL,https://resource.manto.unh.edu/10149875,NULL,NULL,NULL
23.26869968790561,37.9694028096289,"Megaricus Sinus","Megarid Bk1","Megarid Bk1",['kolpos'],"['1.44.7','1.44.8']",NULL,https://pleiades.stoa.org/places/570469,NULL,NULL,NULL,NULL,NULL,NULL
21.724777,37.439599,"Tomb of Caucon, Lepreon","Eleia Bk5 Bk6",Lepreon,['mnema'],['5.5.5'],Lepreon,NULL,NULL,NULL,https://resource.manto.unh.edu/11308363,NULL,NULL,NULL
23.3484,37.5033,"Mountains between Troizen and Hermione","Troizenia Bk2","Troizen (Troizenia)",['oros'],['2.32.7'],"Troizen (Troizenia)",NULL,NULL,NULL,NULL,NULL,NULL,NULL
23.3178,38.3191,"ancient wall of Thebes","Boiotia Bk9","Thebes (Boeotia)",['teichos'],['9.7.4'],"Thebes (Boeotia)",NULL,NULL,NULL,NULL,NULL,NULL,NULL
22.87635,37.89883,"sanctuary of Demeter below Acrocorinth","Corinthia Bk2","Corinth (Corinthia)",['hieron'],['2.4.7'],NULL,NULL,https://topostext.org/place/379229SDem,https://wikidata.org/wiki/Q60790987,NULL,NULL,NULL,NULL
21.374,37.89,"plane trees at Xystus running track at Elis","Eleia Bk5 Bk6","Xystos of Elis",['platanos'],['6.23.1'],"Xystos of Elis",NULL,NULL,NULL,NULL,NULL,NULL,NULL
12.05473186,41.66419815,"Tyrrhenum/Inferum Mare","Internum Mare","Internum Mare",['thalassa'],['5.25.3'],NULL,https://pleiades.stoa.org/places/1356,NULL,https://wikidata.org/wiki/Q38882,NULL,NULL,NULL,NULL
22.262624,37.766264,"Lake in Orchomenian plain, by road to Kaphyai","Arcadia Bk8",Kaphyai,['limne'],['8.13.4'],Kaphyai,NULL,NULL,NULL,NULL,NULL,NULL,NULL
21.9195,37.1779,"Megaron of the Couretes at Messene","Messenia Bk4","Messene (Messenia)",['megaron'],['4.31.9'],"Messene (Messenia)",NULL,NULL,NULL,NULL,NULL,NULL,NULL
22.307,37.9117,"Sanctuary of Eleusinian Demeter at Pheneos","Arcadia Bk8",Pheneos,['hieron'],['8.15.1'],Pheneos,NULL,NULL,https://wikidata.org/wiki/Q134037109,NULL,NULL,NULL,NULL
23.7257,37.9717,"south wall of the Acropolis of Athens","Athenai Bk1","Athenian Acropolis (Athens)",['teichos'],['1.25.2'],"Athenian Acropolis (Athens)",NULL,NULL,NULL,NULL,NULL,NULL,NULL
23.26278,37.34678,"Sanctuary of Athena Promachoma in Bouporthmos","Hermionis Bk2","Bouporthmos (mountain)",['hieron'],['2.34.8'],"Bouporthmos (mountain)",NULL,NULL,https://wikidata.org/wiki/Q134037760,NULL,NULL,NULL,NULL
26.050000000000004,39.816667,"Tenedos (island)","Aegean Sea (Hellas)","Aegean Sea (Hellas)",['nesos'],"['10.14.1','10.14.3']",NULL,https://pleiades.stoa.org/places/550912,NULL,https://wikidata.org/wiki/Q211817,NULL,NULL,https://imperium.ahlfeldt.se/places/41117,NULL
23.682,37.992,"Tomb of Phytalos at his house on Sacred Way","Attica Bk1","Sacred Way from Athens to Eleusis","['mnema','oikia','tourist attraction']",['1.37.2'],NULL,NULL,https://topostext.org/binder/JB2460,NULL,https://resource.manto.unh.edu/10160373,"Hiera Syke, Sacred Fig-Tree",NULL,NULL
23.723135000000003,37.975124,"Odeion of Agrippa (Athens Agora)","Athenai Bk1","Agora of Athens",['Odeion'],"['1.14.1','1.8.6']",NULL,NULL,https://topostext.org/binder/JB0071,https://wikidata.org/wiki/Q745797,NULL,NULL,NULL,NULL
23.3484,37.5033,"Tomb of Hippolytus in Troizen","Troizenia Bk2","Troizen (Troizenia)",['mnema'],['2.32.4'],"Troizen (Troizenia)",NULL,NULL,NULL,https://resource.manto.unh.edu/10214944,NULL,NULL,NULL
23.28241,37.26444,"Trikrana (island)","Hermionis Bk2","Aegean Sea (Hellas)",['nesos'],['2.34.8'],NULL,https://pleiades.stoa.org/places/570752,NULL,https://wikidata.org/wiki/Q16523372,NULL,NULL,NULL,NULL
22.734,37.975,"Asopos river (Korinthia)","Corinthia Bk2","Corinthia Bk2",['potamos'],"['2.11.4','2.11.5','2.12.4','2.12.6','2.15.1','2.5.2','2.5.3','2.7.3','2.7.9']",NULL,https://pleiades.stoa.org/places/570131,https://topostext.org/place/378228WAso,https://wikidata.org/wiki/Q2866756,NULL,NULL,NULL,NULL
22.1099,38.030042,"Alysson spring of cold water 2 stadia from Kynaitha","Arcadia Bk8",Kynaitha,['pege'],"['8.19.2','8.19.3']",Kynaitha,https://pleiades.stoa.org/places/573081,NULL,NULL,NULL,"Alyssos spring",NULL,NULL
22.7223,37.7867,"Cave of Nemean Lion on the mountains on the road from Kleonai to Argos","Argolid Bk2","Tretos pass (Korinthia)",['spelaion'],['2.15.2'],"Tretos pass (Korinthia)",NULL,NULL,NULL,NULL,NULL,NULL,NULL
22.082,37.81,Nasoi,"Arcadia Bk8","Arcadia Bk8",['settlement'],['8.25.2'],NULL,https://pleiades.stoa.org/places/570500,NULL,https://wikidata.org/wiki/Q6967679,NULL,NULL,NULL,NULL
21.7392,38.2101,"Glaucus (river)","Achaia Bk7","Achaia Bk7",['potamos'],['7.18.2'],NULL,https://pleiades.stoa.org/places/570264,https://topostext.org/place/382217WGla,https://wikidata.org/wiki/Q3558323,NULL,NULL,NULL,NULL
23.724499999999995,37.9708,"Odeion of Herodes (Athens)","Athenai Bk1","Athenai Bk1",['Odeion'],"['1.8.6','7.20.6']",NULL,https://pleiades.stoa.org/places/154745711,https://topostext.org/place/380237BOde,https://wikidata.org/wiki/Q1328165,NULL,NULL,NULL,NULL
22.18,37.621,Schoinous,"Arcadia Bk8","road Tricoloni to Methydrion, 137 stades",['settlement'],['8.35.10'],NULL,https://pleiades.stoa.org/places/573507,NULL,https://wikidata.org/wiki/Q60791216,NULL,NULL,NULL,NULL
23.3178,38.3191,"Sanctuary of Tyche in Thebes","Boiotia Bk9","Thebes (Boeotia)",['hieron'],['9.16.1'],"Thebes (Boeotia)",NULL,NULL,https://wikidata.org/wiki/Q134037839,NULL,NULL,NULL,NULL
22.7145,37.9834,"Altars to Pan and Helios at Sicyon","Sikyonia Bk2","Sicyon (Sikyonia)",['bomos'],['2.11.1'],"Sicyon (Sikyonia)",NULL,NULL,NULL,NULL,NULL,NULL,NULL
22.992664,37.9158514,"Temple of Palaemon at Isthmia, on the left of the enclosure","Corinthia Bk2","Isthmian Poseidon sanctuary at Isthmia",['naos'],['2.2.1'],"Isthmian Poseidon sanctuary at Isthmia",NULL,NULL,NULL,NULL,NULL,NULL,NULL
22.71145,37.98417,"Skēnē of the theater in Sicyon","Sikyonia Bk2","Theater of Dionysos in Sicyon",['oikema'],['2.7.5'],"Theater of Dionysos in Sicyon",NULL,NULL,NULL,NULL,NULL,NULL,NULL
22.09,38.252,"Sanctuary of Artemis in the agora of Aigion","Achaia Bk7","Agora of Aigion",['hieron'],['7.24.1'],"Agora of Aigion",NULL,NULL,https://wikidata.org/wiki/Q134036945,NULL,NULL,NULL,NULL
22.87352,38.431063,"Grove of Trophonios at Lebadeia","Boiotia Bk9",Lebadeia,['alsos'],['9.39.9'],Lebadeia,NULL,NULL,NULL,NULL,NULL,NULL,NULL
22.061019,37.298673,"Gatheatas (river)","Arcadia Bk8","Arcadia Bk8",['potamos'],['8.34.5'],NULL,https://pleiades.stoa.org/places/570256,NULL,NULL,NULL,NULL,NULL,NULL
22.45,37.625,"Philip's tent on mountain above Argon Pedion","Arcadia Bk8","Argon Pedion",['oikema'],['8.7.4'],"Argon Pedion",NULL,NULL,NULL,NULL,NULL,NULL,NULL
24.0002,38.1409,"Marathon Victory trophy (Attica)","Attica Bk1","Marathon battlefield (Attica)",['battlefield'],['1.32.5'],NULL,NULL,https://topostext.org/place/381241SNik,NULL,NULL,NULL,NULL,https://arachne.dainst.org/entity/3586074
22.5403,39.38533,"Skotoussa (Thessaly)","Hellas (Europe)",Thessalia,['polis'],"['6.5.2','7.27.6']",NULL,https://pleiades.stoa.org/places/541107,NULL,https://wikidata.org/wiki/Q8777773,NULL,NULL,NULL,NULL
22.4237,37.0821,"Sanctuary of Eileithyia near Orthia sanctuary in Sparta","Lakonia Bk3",Sparta,['hieron'],['3.17.1'],Sparta,NULL,NULL,https://wikidata.org/wiki/Q124616460,NULL,NULL,NULL,NULL
22.7195,37.6316,"Temple of Aphrodite Ourania in Argos","Argolid Bk2","Argos (Argolid)",['naos'],['2.23.8'],"Argos (Argolid)",NULL,NULL,NULL,NULL,"Temple of Heavenly Aphrodite, Argos",NULL,NULL
22.62501,37.92049,"Stoa in Asclepieion in Titane","Corinthia Bk2","Asclepieion of Titane",['stoa'],['2.11.8'],"Asclepieion of Titane",NULL,NULL,NULL,NULL,NULL,NULL,NULL
23.42372,37.74991,"Reefs while sailing into Aigina","Aigina island Bk2","Aigina polity",['petra'],['2.29.6'],"Aigina polity",NULL,NULL,NULL,NULL,NULL,NULL,NULL
24.771,41.0916,"Nestos river (Drama)","Thrace (Europe)","Thrace (Europe)",['potamos'],['6.5.4'],NULL,https://pleiades.stoa.org/places/501524,https://topostext.org/place/418238WNes,https://wikidata.org/wiki/Q193904,NULL,NULL,NULL,NULL
23.725000000000005,37.975,"Hadrian, gymnasium, Athens","Athenai Bk1","Athenai Bk1",['gymnasion'],['1.18.9'],NULL,NULL,https://topostext.org/binder/JB1431,NULL,NULL,NULL,NULL,NULL
23.7199,37.9748,"Altar of Eurysakes in Athens","Athenai Bk1","Athenai Bk1",['bomos'],['1.35.3'],NULL,NULL,https://topostext.org/binder/JB1388,https://wikidata.org/wiki/Q125537007,NULL,NULL,NULL,NULL
22.51,37.31,"Tropaion of Heracles on Parnon","Lakonia Bk3","Skotitas region (Lakonia)",['tropaion'],['3.10.6'],"Skotitas region (Lakonia)",NULL,NULL,NULL,NULL,NULL,NULL,https://arachne.dainst.org/entity/3586278
22.8802,37.9054,"Bath of Hadrian at Corinth","Corinthia Bk2","Corinth (Corinthia)",['loutron'],['2.3.5'],"Corinth (Corinthia)",NULL,NULL,NULL,NULL,NULL,NULL,NULL
22.4237,37.0821,"Hero shrine by temple of Dionysos Kolonatas at Sparta","Lakonia Bk3","Kolôna in Sparta, opposite Zeus Amboulios",['temenos'],['3.13.7'],"Kolôna in Sparta, opposite Zeus Amboulios",NULL,NULL,https://wikidata.org/wiki/Q124616358,NULL,NULL,NULL,NULL
22.3933,37.6181,"Sanctuary of Demeter and Kore at Mantineia","Arcadia Bk8","Mantineia (Arkadia)",['hieron'],['8.9.2'],"Mantineia (Arkadia)",NULL,NULL,https://wikidata.org/wiki/Q134037182,NULL,NULL,NULL,NULL
22.8802,37.9054,"Altars of Helios in Corinth, on way to Acrocorinth","Corinthia Bk2","Corinth (Corinthia)",['bomos'],['2.4.6'],"Corinth (Corinthia)",NULL,NULL,NULL,NULL,NULL,NULL,NULL
22.1976,38.345,"temple of Artemis in grove a little above Oiantheia","Ozolian Lokris Bk10","Grove of cypress and pine a little above Oiantheia with Artemis temple",['naos'],['10.38.9'],"Grove of cypress and pine a little above Oiantheia with Artemis temple",NULL,NULL,NULL,NULL,NULL,NULL,NULL
21.695,37.027,"Tomb of Nestor in Pylos","Messenia Bk4","Pylos/Palace of Nestor (Messenia)",['mnema'],['4.36.2'],"Pylos/Palace of Nestor (Messenia)",NULL,NULL,NULL,https://resource.manto.unh.edu/10146593,NULL,NULL,NULL
22.4237,37.0821,"Sanctuary of Eileithyia, Apollo Karneios, and Artemis Hegemone at Sparta beyond Dromos","Lakonia Bk3",Sparta,['hieron'],['3.14.6'],Sparta,NULL,NULL,https://wikidata.org/wiki/Q124616447,NULL,NULL,NULL,NULL
21.9885,37.4458,"Zeus Lykaios precinct on Mt. Lykaion","Arcadia Bk8","Lykaion (mountain)",['temenos'],"['4.22.7','8.38.6']",NULL,https://pleiades.stoa.org/places/570764,https://topostext.org/place/375220SLyk,https://wikidata.org/wiki/Q111046342,https://resource.manto.unh.edu/1047382,NULL,NULL,NULL
22.1273,37.4124,"Archive stoa of Megalopolis with six rooms","Arcadia Bk8","Megalopolis (Arkadia)",['stoa'],['8.30.6'],"Megalopolis (Arkadia)",NULL,NULL,NULL,NULL,NULL,NULL,NULL
22.5,37.001,"Sanctuary of the Fates near agora of Sparta","Lakonia Bk3","Lakonia Bk3",['hieron'],['3.11.10'],"Lakonia Bk3",NULL,NULL,https://wikidata.org/wiki/Q124616587,NULL,NULL,NULL,NULL
33.54804,35.073103,"Shrine of Aphrodite at Golgoi in Cyprus","Cyprus (island)",Golgoi,['hieron'],['8.5.2'],Golgoi,https://pleiades.stoa.org/places/707470,NULL,https://wikidata.org/wiki/Q134040033,NULL,NULL,NULL,NULL
22.1273,37.4124,"Columns only remainder of Temple of Mother of the Gods at Megalopolis","Arcadia Bk8","Megalopolis (Arkadia)",['naos'],['8.30.4'],"Megalopolis (Arkadia)",NULL,NULL,NULL,NULL,NULL,NULL,NULL
21.234,37.809,"Peneios river of Eleia","Eleia Bk5 Bk6","Eleia Bk5 Bk6",['potamos'],['6.22.5'],NULL,https://pleiades.stoa.org/places/570579,NULL,https://wikidata.org/wiki/Q1233866,NULL,NULL,NULL,NULL
27.19292,38.00466,"shore close to Klaros","Asia Minor (Asia)",Klaros,['paralia'],['7.3.1'],Klaros,NULL,NULL,NULL,NULL,NULL,NULL,NULL
22.307,37.9117,"Petrôma stone cult site at Pheneos","Arcadia Bk8",Pheneos,['petra'],"['8.15.1','8.15.2']",Pheneos,NULL,NULL,NULL,NULL,NULL,NULL,NULL
21.8313,38.3997,"Cave sacred to Aphrodite at Naupaktos, where women pray for a husband","Aitolia region",Naupaktos,['spelaion'],['10.38.12'],Naupaktos,NULL,NULL,NULL,NULL,NULL,NULL,NULL
23.088,36.787,"harbor of Zarax","Lakonia Bk3",Zarax,['limen'],['3.24.1'],Zarax,NULL,NULL,https://wikidata.org/wiki/Q124616410,NULL,NULL,NULL,NULL
23.37572,38.17934,"Cave of Antiope with spring above Eleutherai","Attica Bk1",Eleutherai,['spelaion'],['1.38.9'],Eleutherai,NULL,NULL,https://wikidata.org/wiki/Q124644605,NULL,NULL,NULL,NULL
22.4545,37.1083,"Temenos of Zeus Messapeus, in plain outside Sparta","Lakonia Bk3","Lakonia Bk3",['temenos'],['3.20.3'],NULL,NULL,https://topostext.org/place/371224SZMe,NULL,https://resource.manto.unh.edu/10146667,NULL,NULL,NULL
22.09,38.252,"Spring at Aigion seashore, with fresh water","Achaia Bk7","seashore of Aigion",['pege'],['7.24.3'],"seashore of Aigion",NULL,NULL,NULL,NULL,NULL,NULL,NULL
23.5841,38.3074,"Temple of Themis in Tanagra","Boiotia Bk9","sacred district of Tanagra",['naos'],['9.22.1'],"sacred district of Tanagra",NULL,NULL,NULL,NULL,NULL,NULL,NULL
23.243591,37.385218,"Sanctuary of Artemis Iphigeneia in Hermione","Hermionis Bk2",Hermione,['hieron'],['2.35.1'],Hermione,NULL,NULL,https://wikidata.org/wiki/Q134037737,NULL,NULL,NULL,NULL
21.73,38.082,"agora of Pharae","Achaia Bk7","Pharae (Achaia)",['agora'],['7.22.2'],"Pharae (Achaia)",NULL,NULL,https://wikidata.org/wiki/Q133963467,NULL,NULL,NULL,NULL
22.7145,37.9834,"Temple of Hera Prodromia at Sicyon","Sikyonia Bk2","Sicyon (Sikyonia)",['naos'],['2.11.2'],"Sicyon (Sikyonia)",NULL,NULL,NULL,NULL,NULL,NULL,NULL
26.212999999999997,39.994,"Scamander (river)","Asia Minor (Asia)",Troas,['potamos'],['5.25.6'],NULL,https://pleiades.stoa.org/places/550871,NULL,https://wikidata.org/wiki/Q2488636,NULL,NULL,NULL,NULL
23.7273,37.9718,"Zeus Polieus altar, Athens Acropolis","Athenai Bk1","Sanctuary of Zeus Polieus on the Acropolis of Athens",['bomos'],"['1.24.4','1.24.8','1.28.10']","Sanctuary of Zeus Polieus on the Acropolis of Athens",https://pleiades.stoa.org/places/116485242,https://topostext.org/binder/JB3071,NULL,NULL,NULL,NULL,NULL
23.4803,37.5227,"Poseidon of Kalaureia (Poros)","Troizenia Bk2","Kalaureia (island)",['hieron'],['2.33.2'],NULL,NULL,https://topostext.org/place/375235SKal,https://wikidata.org/wiki/Q38281326,NULL,NULL,NULL,NULL
23.715,37.995,"Altar of Poseidon Hippios, Kolonos","Attica Bk1","Kolonos Hippios",['bomos'],['1.30.4'],"Kolonos Hippios",NULL,https://topostext.org/binder/JB2526,NULL,NULL,NULL,NULL,NULL
22.139,37.414,"Temple and grove of Demeter in the Swamp, on Megalopolis-Mainalos road","Arcadia Bk8","road Megalopolis to Mainalos","['alsos','naos']",['8.36.6'],NULL,NULL,NULL,NULL,NULL,NULL,NULL,NULL
23.3178,38.3191,"Proetid gate of Thebes","Boiotia Bk9","Thebes (Boeotia)",['pylai'],"['9.16.6','9.18.1','9.23.1','9.8.4']","Thebes (Boeotia)",NULL,https://topostext.org/place/383233FPro,https://wikidata.org/wiki/Q106526373,NULL,NULL,NULL,NULL
23.3484,37.5033,"Walls of Troizen","Troizenia Bk2","Troizen (Troizenia)",['teichos'],['2.32.8'],"Troizen (Troizenia)",NULL,NULL,NULL,NULL,"city wall of Troezen",NULL,NULL
23.3178,38.3191,"Pomegranate tree roia on mnêma of Menoikeus at Thebes","Boiotia Bk9","Tomb of Menoeceus son of Creon in Thebes",['dendron'],['9.25.1'],"Tomb of Menoeceus son of Creon in Thebes",NULL,NULL,NULL,NULL,NULL,NULL,NULL
21.927944,36.954171,"Acropolis of Korone","Messenia Bk4",Korone,['acropolis'],['4.34.6'],Korone,NULL,NULL,https://wikidata.org/wiki/Q133963414,NULL,NULL,NULL,NULL
22.03143,37.38957,"Sanctuary of Pan above Despoina sanctuary, Lykosoura","Arcadia Bk8","Sanctuary of Despoina at Lykosoura","['hieron','manteion']",['8.37.11'],"Sanctuary of Despoina at Lykosoura",NULL,NULL,https://wikidata.org/wiki/Q134036916,https://resource.manto.unh.edu/10214795,NULL,NULL,NULL
36.165318,36.200663,"Antioch on the Orontes","Asia (continent)","Syria (Asia)",['polis'],"['6.2.7','8.29.3']",NULL,https://pleiades.stoa.org/places/658381,NULL,https://wikidata.org/wiki/Q200441,NULL,Theoupolis,NULL,NULL
22.333,37.677,"Anchisia Mt. (Argolid)","Arcadia Bk8","Argolid Bk2",['oros'],"['8.12.8','8.12.9','8.13.1']",NULL,https://pleiades.stoa.org/places/570078,https://topostext.org/place/378223LAnc,NULL,NULL,NULL,NULL,NULL
22.677,37.624,"Temple of Artemis below Lykone","Argolid Bk2","highway Argos toward Tegea",['naos'],['2.24.5'],NULL,NULL,NULL,NULL,NULL,NULL,NULL,NULL
23.727929999999997,37.9718,"Ogrylê, town in Sardinia founded by Athenians with Ogrylos","Internum Mare","Sardinia (island)",['polis'],['10.17.5'],NULL,NULL,NULL,NULL,NULL,NULL,NULL,NULL
22.84714,37.89019,"Hadrianic aqueduct (Korinthia)","Corinthia Bk2","Corinthia Bk2",['aqueduct'],"['2.3.5','8.22.3']",NULL,NULL,https://topostext.org/place/379229BHAq,https://wikidata.org/wiki/Q56295608,NULL,NULL,NULL,NULL
23.72877,37.97139,"Shrine of Aglauros (Athens)","Athenai Bk1","Athenai Bk1",['temenos'],['1.18.2'],NULL,NULL,https://topostext.org/place/380237SAgl,https://wikidata.org/wiki/Q394211,NULL,NULL,NULL,NULL
21.62975,37.63754,"Stele showing distance to Lakedaimon from Olympia, 660 stadia, by stele of Deinosthenes in Altis","Eleia Bk5 Bk6","Altis sacred grove (Olympia)",['stele'],['6.16.8'],"Altis sacred grove (Olympia)",NULL,NULL,NULL,NULL,NULL,NULL,NULL
22.7195,37.6316,"Temple within the sanctuary of Demeter Mysia in Argos","Argolid Bk2","Argos (Argolid)",['naos'],['2.18.3'],"Argos (Argolid)",NULL,NULL,NULL,NULL,NULL,NULL,NULL
22.42659,37.08188,"Temple of Augustus in agora of Sparta","Lakonia Bk3","Agora of Sparta",['naos'],['3.11.4'],"Agora of Sparta",NULL,NULL,https://wikidata.org/wiki/Q124616497,NULL,NULL,NULL,NULL
22.4237,37.0821,"Heroon of Pleuron at Sparta","Lakonia Bk3","Kolôna in Sparta, opposite Zeus Amboulios",['heroon'],['3.13.8'],"Kolôna in Sparta, opposite Zeus Amboulios",NULL,NULL,https://wikidata.org/wiki/Q124616558,NULL,NULL,NULL,NULL
22.7145,37.9834,"Council house in Sicyon","Sikyonia Bk2","Sicyon (Sikyonia)",['bouleuterion'],['2.9.6'],"Sicyon (Sikyonia)",NULL,NULL,NULL,NULL,NULL,NULL,NULL
21.8122,38.2774,Arba,"Achaia Bk7","Achaia Bk7",['settlement'],['7.18.6'],NULL,https://pleiades.stoa.org/places/573112,NULL,https://wikidata.org/wiki/Q4784583,NULL,NULL,NULL,NULL
22.429,37.464,"Temple of Hermes Aipytos at Tegea","Arcadia Bk8","Tegea (Arkadia)",['naos'],['8.47.4'],"Tegea (Arkadia)",NULL,NULL,NULL,NULL,NULL,NULL,NULL
-6.411900000000001,36.93672,Tartessos,Europe,"Iberi (Spain)",['settlement'],['6.19.3'],NULL,https://pleiades.stoa.org/places/256468,NULL,https://wikidata.org/wiki/Q320416,NULL,NULL,NULL,NULL
22.1918,37.1217,"Lakonike-Messenia border territory","Messenia Bk4","Limnai (Messenia)",['horos'],['3.2.6'],"Limnai (Messenia)",NULL,NULL,NULL,NULL,NULL,NULL,NULL
21.738518,38.243265,"Temple of Aphrodite in grove at Patrae","Achaia Bk7","Grove by the sea at Patrae, with temples",['naos'],['7.21.11'],"Grove by the sea at Patrae, with temples",NULL,NULL,NULL,NULL,NULL,NULL,NULL
27.453939999999996,38.5668,Saloe,"Asia Minor (Asia)",Sipylos,['limne'],"['7.24.13','8.17.3']",Sipylos,https://pleiades.stoa.org/places/550860,NULL,NULL,NULL,NULL,NULL,NULL
23.727,37.968,"tomb of Antiope, Athens","Athenai Bk1","Athenai Bk1",['taphos'],['1.2.1'],NULL,NULL,https://topostext.org/place/380237AAmz,NULL,https://resource.manto.unh.edu/11007026,"Amazonion monument",NULL,NULL
22.87352,38.431063,"Tomb of Arkesilaus on Herkyna river at Lebadeia","Boiotia Bk9",Lebadeia,['mnema'],['9.39.3'],Lebadeia,NULL,NULL,NULL,https://resource.manto.unh.edu/10786033,NULL,NULL,NULL
21.79369,37.88094,"Springs of the Erymanthos river on Mt. Lampeia","Arcadia Bk8","Lampeia (mountain)",['pege'],['8.24.4'],"Lampeia (mountain)",NULL,NULL,NULL,NULL,NULL,NULL,NULL
23.211,38.0347,"Megarid Bk1","Megarid Bk1","Hellas (Europe)",['chora'],"['1.19.4','1.39.4','1.39.5','1.40.2','1.40.4','1.41.8','1.42.7','1.44.3','1.44.4','1.5.3']",NULL,https://pleiades.stoa.org/places/570470,NULL,https://wikidata.org/wiki/Q645572,NULL,NULL,NULL,NULL
23.960195000000002,35.233106,Tarra,Crete,Crete,['polis'],['10.16.5'],NULL,https://pleiades.stoa.org/places/590072,NULL,https://wikidata.org/wiki/Q354701,NULL,NULL,NULL,NULL
25.3,38.1,Halioussa,"Hermionis Bk2","Aegean Sea (Hellas)",['nesos'],['2.34.8'],"Aegean Sea (Hellas)",https://pleiades.stoa.org/places/573242,NULL,NULL,NULL,NULL,NULL,NULL
23.1602,37.6335,"Grove of Artemis in Epidauros","Epidauria Bk2",Epidauros,['alsos'],['2.30.7'],Epidauros,NULL,NULL,NULL,NULL,NULL,NULL,NULL
22.6973,37.55,"Temple in the sacred grove below Mt. Pontinos, with statue of Dionysos Saotes","Argolid Bk2","Pontinos hill (Argolid)",['naos'],['2.37.2'],"Pontinos hill (Argolid)",NULL,NULL,NULL,NULL,NULL,NULL,NULL
22.4,38.75,"Lokris Epiknemidia","Hellas (Europe)","Hellas (Europe)",['chora'],['10.13.4'],NULL,https://pleiades.stoa.org/places/540917,NULL,https://wikidata.org/wiki/Q130370851,NULL,"Epicnemedian Locris",NULL,NULL
22.334,37.453,"Temple of Pallas at Pallantion","Arcadia Bk8","Pallantion (Arkadia)",['naos'],['8.44.5'],"Pallantion (Arkadia)",NULL,NULL,NULL,NULL,NULL,NULL,NULL
22.374,38.53,"Tomb of Andraimon and his wife Gorgê at Amphissa","Ozolian Lokris Bk10","Amphissa of Ozolian Locris",['mnema'],['10.38.5'],"Amphissa of Ozolian Locris",NULL,NULL,NULL,https://resource.manto.unh.edu/10274747,NULL,NULL,NULL
22.03143,37.38957,"Sanctuary of Despoina at Lykosoura","Arcadia Bk8","Lykosoura polis",['hieron'],"['8.27.6','8.36.9','8.37.1','8.37.5','8.37.7','8.38.2']",NULL,NULL,https://topostext.org/place/374220SLyk,https://wikidata.org/wiki/Q38281257,https://resource.manto.unh.edu/10214639,NULL,NULL,NULL
28.096669999999996,37.342419,Chrysaoris,"Asia Minor (Asia)",Stratonicaea/Hadrianopolis,['chora'],['5.21.10'],NULL,https://pleiades.stoa.org/places/599574,NULL,https://wikidata.org/wiki/Q64161892,NULL,NULL,https://imperium.ahlfeldt.se/places/28946,NULL
23.288,38.566,"Temple of Dionysos in Larymna","Boiotia Bk9","Larymna (Boeotia)",['naos'],['9.23.7'],"Larymna (Boeotia)",NULL,NULL,NULL,NULL,NULL,NULL,NULL
22.7175,39.934167,Tempe,"Hellas (Europe)",Thessalia,['esbole'],['10.5.9'],NULL,https://pleiades.stoa.org/places/541131,NULL,https://wikidata.org/wiki/Q258540,NULL,NULL,NULL,NULL
21.5,38.6,"Aitolia region","Hellas (Europe)","Hellas (Europe)",['chora'],"['1.26.3','1.42.6','10.18.1','10.22.2','10.22.3','10.22.5','2.13.8','2.25.2','2.37.3','2.8.4','3.10.2','4.24.7','4.31.7','5.1.3','5.3.7','7.18.6','7.18.8','7.18.9','7.9.6','8.24.11','8.38.10']",NULL,https://pleiades.stoa.org/places/540591,https://topostext.org/place/386215RAit,https://wikidata.org/wiki/Q26857,NULL,Aetolia,NULL,NULL
15.29382,37.05963,"Sanctuary of Olympian Zeus at Syracuse","Sicilia (island)",Syracusae/Syrakousai,['hieron'],['10.28.6'],Syracusae/Syrakousai,NULL,NULL,https://wikidata.org/wiki/Q3983290,NULL,NULL,NULL,NULL
23.723000000000003,37.975,"Parabyston, lawcourt, Athens","Athenai Bk1","Athenai Bk1","['dikasterion','oikema']",['1.28.8'],NULL,NULL,https://topostext.org/binder/JB2361,NULL,NULL,NULL,NULL,NULL
22.42659,37.08188,"Sanctuary of Zeus Xenios at Sparta","Lakonia Bk3","Agora of Sparta",['hieron'],['3.11.11'],"Agora of Sparta",NULL,NULL,https://wikidata.org/wiki/Q124616590,NULL,NULL,NULL,NULL
23.56,38.06,"altar of Triptolemos, Rarion plain of Eleusis","Attica Bk1","Rharion plain",['bomos'],['1.38.6'],NULL,NULL,NULL,https://wikidata.org/wiki/Q124644603,NULL,NULL,NULL,NULL
19.4812849,40.6125045,"Aous (river)",Europe,"Illyria (Europe)",['potamos'],['4.34.3'],NULL,https://pleiades.stoa.org/places/481726,NULL,https://wikidata.org/wiki/Q81503,NULL,NULL,NULL,NULL
22.41979,37.01384,"Eleusinian Demeter sanctuary on Taygetus, Lakonia","Lakonia Bk3","Taygetos (mountain)",['hieron'],"['3.20.5','3.20.7']",NULL,https://pleiades.stoa.org/places/570216,https://topostext.org/place/370224SElD,https://wikidata.org/wiki/Q79104156,https://resource.manto.unh.edu/10146629,NULL,NULL,NULL
22.68,36.853,"Helos (Lakonia)","Lakonia Bk3","Lakonia Bk3",['polisma'],"['3.2.7','3.20.6','3.20.7','3.22.3']",NULL,NULL,https://topostext.org/place/368226UHel,https://wikidata.org/wiki/Q56670610,NULL,NULL,NULL,NULL
23.64490133,37.937561,"Kantharos Limen","Attica Bk1",Peiraieus/Piraeus,['limen'],['1.1.2'],NULL,https://pleiades.stoa.org/places/579966,NULL,https://wikidata.org/wiki/Q29626000,NULL,NULL,NULL,NULL
23.3484,37.5033,"Hypereia of Troizenia","Troizenia Bk2","Troizen (Troizenia)",['polis'],"['2.30.8','7.26.13']","Troizen (Troizenia)",https://pleiades.stoa.org/places/573257,NULL,https://wikidata.org/wiki/Q125966733,NULL,NULL,NULL,NULL
16.824063,40.383868,"theater of Metapontum","Italia (Europe)",Metapontum,['theatron'],['6.19.11'],Metapontum,NULL,NULL,https://wikidata.org/wiki/Q50572394,NULL,"Metapontion theater",NULL,NULL
22.4237,37.0821,"Cult of Demeter Chthonia at Sparta","Lakonia Bk3",Sparta,['cult'],['3.14.5'],Sparta,NULL,NULL,NULL,https://resource.manto.unh.edu/10150401,NULL,NULL,NULL
22.7195,37.6316,"Gate of Eileithyia in Argos","Argolid Bk2","Argos (Argolid)",['pylai'],['2.18.3'],"Argos (Argolid)",NULL,NULL,NULL,NULL,NULL,NULL,NULL
23.706200000000003,37.9373,"Temple of Demeter at Phaleron, half-burnt by Persians","Attica Bk1",Phaleron,['naos'],['10.35.2'],Phaleron,NULL,NULL,NULL,NULL,NULL,NULL,NULL
22.42659,37.08188,"Temple of Julius Caesar in agora of Sparta","Lakonia Bk3","Agora of Sparta",['naos'],['3.11.4'],"Agora of Sparta",NULL,NULL,https://wikidata.org/wiki/Q124616498,NULL,NULL,NULL,NULL
22.429,37.464,"Two sanctuaries of Dionysos at Tegea, near Paphian Aphrodite","Arcadia Bk8","Tegea (Arkadia)",['hieron'],['8.53.7'],"Tegea (Arkadia)",NULL,NULL,https://wikidata.org/wiki/Q134037222,NULL,NULL,NULL,NULL
27.649640999999995,37.250317,Passala,"Asia Minor (Asia)","Caria region",['epineion'],['8.10.4'],NULL,https://pleiades.stoa.org/places/599870,NULL,https://wikidata.org/wiki/Q65068769,NULL,"port of Mylasa",NULL,NULL
22.7195,37.6316,"Sanctuary of Demeter in Argos","Argolid Bk2","Argos (Argolid)",['hieron'],['2.21.4'],"Argos (Argolid)",NULL,NULL,https://wikidata.org/wiki/Q134037453,NULL,NULL,NULL,NULL
24.35666,37.6217,"Keos (island)","Aegean Sea (Hellas)","Cyclades region (Aegean)",['nesos'],['5.23.2'],NULL,https://pleiades.stoa.org/places/570348,NULL,https://wikidata.org/wiki/Q214109,NULL,NULL,NULL,NULL
22.7195,37.6316,"Tomb of Eriphyle in Argos","Argolid Bk2","Koile road from Kylarabis gymnasium, Argos",['mnema'],['2.23.2'],"Koile road from Kylarabis gymnasium, Argos",NULL,NULL,NULL,https://resource.manto.unh.edu/10187110,NULL,NULL,NULL
26.5621,39.1114,"Mytilene (Lesbos)","Aegean Sea (Hellas)","Lesbos (island)",['polis'],['8.30.2'],NULL,https://pleiades.stoa.org/places/550763,https://topostext.org/place/391265PMyt,https://wikidata.org/wiki/Q42295059,NULL,NULL,NULL,NULL
23.42372,37.74991,"Theater of Aigina, not far from Kryptos Limen","Aigina island Bk2","Aigina polity",['theatron'],['2.29.11'],"Aigina polity",NULL,NULL,NULL,NULL,"Aegina theater",NULL,NULL
21.630126,37.637849,"Altar of Hermes, Olympia","Eleia Bk5 Bk6",Olympia,['bomos'],['5.15.5'],Olympia,NULL,NULL,NULL,NULL,NULL,NULL,NULL
23.479833,38.355639,Heleon,"Boiotia Bk9","Boiotia Bk9",['oros'],['1.29.6'],NULL,https://pleiades.stoa.org/places/579946,NULL,NULL,NULL,NULL,NULL,NULL
21.858,36.93,"Mathia Mt. (Messenia)","Messenia Bk4","Messenia Bk4",['oros'],['4.34.4'],NULL,https://pleiades.stoa.org/places/570464,https://topostext.org/place/368218LMat,https://wikidata.org/wiki/Q25020993,NULL,NULL,NULL,NULL
31.033254529999997,39.64014749,"Meion pedion","Asia (continent)","Asia Minor (Asia)",['pedion'],['1.4.6'],"Asia Minor (Asia)",NULL,NULL,NULL,NULL,"Meian plain",NULL,NULL
21.6311,37.639,"Treasury of the Syracusans/Carthaginians at Olympia, next after Sicyonian Treasury","Eleia Bk5 Bk6","Treasury terrace north of the Heraion, Olympia",['thesauros'],['6.19.7'],"Treasury terrace north of the Heraion, Olympia",NULL,NULL,https://wikidata.org/wiki/Q106953399,NULL,NULL,NULL,NULL
23.25,38.35,Alexiarous,"Boiotia Bk9","Boiotia Bk9",['settlement'],"['9.25.7','9.25.8']","Boiotia Bk9",https://pleiades.stoa.org/places/543621,NULL,https://wikidata.org/wiki/Q131904099,NULL,NULL,NULL,NULL
21.68221,37.64783,Harpinates,"Eleia Bk5 Bk6","Eleia Bk5 Bk6",['potamos'],['6.21.8'],NULL,https://pleiades.stoa.org/places/573243,NULL,https://wikidata.org/wiki/Q16327010,NULL,NULL,NULL,NULL
22.956902,38.392613,"Koroneia (Boeotia)","Boiotia Bk9","Boiotia Bk9",['polis'],"['3.9.13','4.34.5','9.32.5','9.34.1','9.34.3','9.34.4','9.34.5','9.34.7','9.34.8','9.6.4']",NULL,https://pleiades.stoa.org/places/540717,NULL,https://wikidata.org/wiki/Q593295,NULL,Coronea,NULL,NULL
22.4237,37.0821,"Cenotaph of Brasidas near Agora of Sparta","Lakonia Bk3",Sparta,['taphos'],['3.14.1'],Sparta,NULL,NULL,https://wikidata.org/wiki/Q124616318,NULL,NULL,NULL,NULL
23.448834,38.498583,Anthedon,"Boiotia Bk9","Boiotia Bk9",['polis'],"['6.10.1','9.22.5','9.22.6','9.26.2']",NULL,https://pleiades.stoa.org/places/540639,NULL,https://wikidata.org/wiki/Q2857905,NULL,NULL,NULL,NULL
23.3178,38.3191,"Hippodrome of Thebes","Boiotia Bk9","Thebes (Boeotia)",['hippodrome'],['9.23.2'],"Thebes (Boeotia)",NULL,NULL,NULL,NULL,NULL,NULL,NULL
21.9503,37.223,Leukasia,"Messenia Bk4","Messenia Bk4",['potamos'],['4.33.3'],NULL,https://pleiades.stoa.org/places/573338,NULL,NULL,NULL,NULL,NULL,NULL
23.6902,37.933,"Temple of Athena Skiras at Phaleron","Attica Bk1",Phaleron,['naos'],"['1.1.4','1.36.4']",NULL,https://pleiades.stoa.org/places/397011004,NULL,https://wikidata.org/wiki/Q131765396,NULL,NULL,NULL,NULL
22.5384,38.0446,"Agora of Pellene","Achaia Bk7",Pellene,['agora'],['7.27.4'],Pellene,NULL,NULL,https://wikidata.org/wiki/Q133963464,NULL,NULL,NULL,NULL
23.51,37.93,"Salamis (island)","Attica Bk1","Attica Bk1",['nesos'],"['1.14.5','1.25.6','1.3.2','1.35.2','1.35.3','1.35.4','1.36.1','1.36.2','1.40.5','10.31.1','2.29.10','2.8.6','4.36.6']",NULL,https://pleiades.stoa.org/places/580101,NULL,NULL,NULL,NULL,https://imperium.ahlfeldt.se/places/41417,NULL
22.87793,37.90487,"Temple of Octavia above Corinth Agora","Corinthia Bk2","Corinth (Corinthia)",['naos'],['2.3.1'],NULL,NULL,https://topostext.org/place/379229SOct,https://wikidata.org/wiki/Q25451391,NULL,"Temple E at Corinth (?)",NULL,NULL
22.262624,37.766264,"Swallow-hole katavothra of Kaphyai","Arcadia Bk8",Kaphyai,['barathron'],['8.23.2'],Kaphyai,NULL,NULL,NULL,NULL,NULL,NULL,NULL
21.8313,38.3997,"Sanctuary of Artemis Aitole at Naupaktos","Aitolia region",Naupaktos,['hieron'],['10.38.12'],Naupaktos,NULL,NULL,https://wikidata.org/wiki/Q134036845,NULL,NULL,NULL,NULL
22.231166,38.142006,"Temple of Demeter at Boura","Achaia Bk7",Boura,['naos'],['7.25.9'],Boura,NULL,NULL,NULL,NULL,NULL,NULL,NULL
22.500741,38.482335,"Treasury of the Sicyonians at Delphi, near Tarantine dedication","Phokis Bk10","Sanctuary of Pythian Apollo at Delphi",['thesauros'],"['10.11.1','10.11.2']",NULL,NULL,NULL,https://wikidata.org/wiki/Q22810175,NULL,NULL,NULL,NULL
23.5841,38.3074,"sacred district of Tanagra","Boiotia Bk9","Tanagra (Boeotia)",['chora'],['9.22.2'],"Tanagra (Boeotia)",NULL,NULL,NULL,NULL,NULL,NULL,NULL
22.0309,37.1023,"Aris (river)","Messenia Bk4","Messenia Bk4",['potamos'],['4.31.2'],NULL,https://pleiades.stoa.org/places/570107,NULL,NULL,NULL,NULL,NULL,NULL
22.041285,37.597441,Teuthis,"Arcadia Bk8","Orchomenos (Arcadia)",['settlement'],"['8.27.4','8.27.7','8.28.4','8.28.6']",NULL,https://pleiades.stoa.org/places/570713,NULL,https://wikidata.org/wiki/Q7707085,NULL,NULL,NULL,NULL
22.3257,36.7862,"Thalamai (Lakonia/Messenia)","Lakonia Bk3","Lakonia Bk3",['polis'],"['3.1.4','3.21.7','3.26.1','3.26.2']",NULL,https://pleiades.stoa.org/places/570715,https://topostext.org/place/368223PTha,https://wikidata.org/wiki/Q16643340,NULL,NULL,NULL,NULL
22.5384,38.0446,"temple of Athena in Pellene","Achaia Bk7",Pellene,['naos'],['7.27.2'],Pellene,NULL,NULL,NULL,NULL,NULL,NULL,NULL
22.334,37.453,"Pallantion (Arkadia)","Arcadia Bk8","Arcadia Bk8",['polis'],"['5.1.8','8.11.5','8.27.3','8.27.7','8.3.1','8.3.2','8.43.1','8.43.2','8.44.1','8.44.5']",NULL,https://pleiades.stoa.org/places/570548,https://topostext.org/place/375223PPal,https://wikidata.org/wiki/Q11939941,NULL,NULL,NULL,NULL
22.4867,36.4018,"Altar of Poseidon at Tainaron sanctuary","Lakonia Bk3","Tainaron cape sanctuary",['bomos'],['4.24.5'],"Tainaron cape sanctuary",NULL,NULL,NULL,NULL,NULL,NULL,NULL
22.819373,37.042584,Marios,"Lakonia Bk3","Lakonia Bk3",['polis'],"['3.21.7','3.22.8']",NULL,https://pleiades.stoa.org/places/570461,NULL,https://wikidata.org/wiki/Q48781575,NULL,NULL,NULL,NULL
22.890275,37.144402,"Brasiae (Laconia)","Lakonia Bk3","Lakonia Bk3",['polis'],"['3.21.7','3.24.3','3.24.4','3.24.5']",NULL,https://pleiades.stoa.org/places/570629,https://topostext.org/place/371229PPra,https://wikidata.org/wiki/Q4957784,NULL,"Prasiai Oreiatai",NULL,NULL
22.429,37.464,"tomb of Maera in Tegeatis","Arcadia Bk8",Tegeatis,['taphos'],['8.12.7'],"Tegea (Arkadia)",NULL,NULL,NULL,https://resource.manto.unh.edu/10158753,NULL,NULL,NULL
22.875,38.4312,"Temple in grove of Trophonios at Libadeia","Boiotia Bk9","Trophonius oracle (Boeotia)",['naos'],['9.39.4'],"Trophonius oracle (Boeotia)",NULL,NULL,NULL,NULL,NULL,NULL,NULL
23.72522,37.97176,Pinakotheke,"Athenai Bk1","Propylaia (Athens)",['oikema'],['1.22.6'],"Propylaia (Athens)",NULL,https://topostext.org/place/380237BPin,NULL,NULL,"Propylaia left chamber",NULL,NULL
21.630126,37.637849,"altar of Zeus Laoetas and Poseidon Laoetas in Olympia","Eleia Bk5 Bk6",Olympia,['bomos'],['5.14.4'],Olympia,NULL,NULL,NULL,NULL,NULL,NULL,NULL
23.723000000000003,37.975,"Heliaia, lawcourt, Athens","Athenai Bk1","Athenai Bk1",['dikasterion'],['1.28.8'],NULL,NULL,https://topostext.org/binder/JB1491,NULL,NULL,NULL,NULL,NULL
22.973,37.928,"Tomb of Sisyphus at the Isthmus, nonexistent","Corinthia Bk2","Isthmus of Corinth",['mnema'],['2.2.2'],"Isthmus of Corinth",NULL,NULL,NULL,NULL,NULL,NULL,NULL
24.420400000000004,38.0165,"Island of Glaukos on territory of Karystos","Euboea (island)",Karystos,['nesos'],['6.10.3'],Karystos,https://pleiades.stoa.org/places/573234,NULL,NULL,NULL,Glaukonnesos,NULL,NULL
23.34285,37.997,"altar of Apollo on Megara acropolis","Megarid Bk1","Megara (Megarid)",['bomos'],['1.42.6'],"Megara (Megarid)",NULL,NULL,https://wikidata.org/wiki/Q124644641,NULL,NULL,NULL,NULL
21.681159,37.248527,"Sanctuary of Apollo in Kyparissia","Messenia Bk4",Kyparissia,['hieron'],['4.36.7'],Kyparissia,NULL,NULL,https://wikidata.org/wiki/Q134036776,NULL,NULL,NULL,NULL
23.044957,38.585688,"Small grove of cultivated trees by spring at Kyrtones","Boiotia Bk9",Kyrtones,"['alsos','hemera dendra']",['9.24.4'],Kyrtones,NULL,NULL,NULL,NULL,NULL,NULL,NULL
22.7,38.6,"Phokis Bk10",NULL,"Hellas (Europe)",['chora'],"['1.20.6','10.1.1','10.1.2','10.1.4','10.17.13','10.23.10','10.30.4','10.33.7','10.34.2','10.35.1','10.35.8','10.37.2','10.38.1','10.4.1','10.4.2','10.5.3','10.8.2','2.29.2','2.29.3','2.4.3','3.5.3','3.9.10','4.31.5','6.19.5','7.14.7','7.15.5','7.18.9','7.3.10','7.7.9','8.1.5','8.4.4','9.17.4','9.36.3','9.40.12']",NULL,https://pleiades.stoa.org/places/541048,https://topostext.org/place/386227RPho,https://wikidata.org/wiki/Q2637650,NULL,"Phocis region",NULL,NULL
39.2348,39.2348,"Acheron (river)","Hellas (Europe)",Thesprotia,['potamos'],"['5.14.2','5.14.3']",NULL,https://pleiades.stoa.org/places/570030,NULL,https://wikidata.org/wiki/Q191087,NULL,NULL,NULL,NULL
23.717999999999996,37.981,"Tomb of Harmodios and Aristogeiton, Athens","Athenai Bk1","Athenai Bk1",['taphos'],['1.29.15'],NULL,NULL,https://topostext.org/binder/JB1467,NULL,NULL,NULL,NULL,NULL
21.6336,37.637,"Altar of unbaked brick by hippodrome starting line at Olympia","Eleia Bk5 Bk6","Hippodrome (Olympia)",['bomos'],['6.20.11'],"Hippodrome (Olympia)",NULL,NULL,NULL,NULL,NULL,NULL,NULL
27.37404,36.686188,"Sanctuary of Aphrodite Doritis in Knidos","Asia Minor (Asia)",Knidos,['hieron'],['1.1.3'],Knidos,NULL,NULL,https://wikidata.org/wiki/Q134038472,NULL,NULL,NULL,NULL
21.374,37.89,"street Gymnasium to Elis agora","Eleia Bk5 Bk6","Elis polis",['hodos'],['6.24.1'],"Elis polis",NULL,NULL,NULL,NULL,NULL,NULL,NULL
26.785014,38.177262,"Altar in temenos of Helikonian Poseidon at Teos","Asia Minor (Asia)",Teos,"['bomos','temenos']",['7.24.5'],Teos,NULL,NULL,NULL,NULL,NULL,NULL,NULL
22.5047,36.7279,"Galakô fountain near Las  polis","Lakonia Bk3","Las polis",['krene'],['3.24.7'],"Las polis",https://pleiades.stoa.org/places/573228,NULL,NULL,NULL,NULL,NULL,NULL
22.09,38.252,"hero shrine of Aratos in Aigion","Achaia Bk7","Aigion (Achaia)",['heroon'],['2.9.4'],"Aigion (Achaia)",NULL,NULL,NULL,NULL,NULL,NULL,NULL
22.5384,38.0446,"Springs at Asclepios Kyros sanctuary","Achaia Bk7","Sanctuary of Asklepios Kyros, beyond Mysaion of Pellene",['pege'],['7.27.11'],"Sanctuary of Asklepios Kyros, beyond Mysaion of Pellene",NULL,NULL,NULL,NULL,NULL,NULL,NULL
23.73147,38.08194,"altar of Athena Hygieia, Acharnai","Attica Bk1",Acharnae,['bomos'],['1.31.6'],Acharnae,NULL,NULL,https://wikidata.org/wiki/Q124644574,NULL,NULL,NULL,NULL
25.268194,37.397274,"Stream of Inopus in Delos","Aegean Sea (Hellas)","Delos island","['pege','potamos']",['2.5.3'],"Delos island",NULL,https://topostext.org/place/374253WIno,NULL,NULL,NULL,NULL,NULL
33.487926,35.25725,"Sanctuary of Aphrodite Paphia in Cyprus","Cyprus (island)",Palaipaphos,['hieron'],"['8.24.6','8.5.2']",NULL,https://pleiades.stoa.org/places/707471,NULL,https://wikidata.org/wiki/Q53556453,https://resource.manto.unh.edu/10150572,NULL,NULL,NULL
22.7145,37.9834,"sanctuary of Dioscuroi at Sicyon","Sikyonia Bk2","Sicyon (Sikyonia)",['hieron'],['2.7.5'],"Sicyon (Sikyonia)",NULL,NULL,https://wikidata.org/wiki/Q134037379,NULL,NULL,NULL,NULL
21.687,37.959,"Temple of Athena at Triteia","Achaia Bk7","Tritaia (Achaia)",['naos'],['7.22.9'],"Tritaia (Achaia)",NULL,NULL,NULL,NULL,NULL,NULL,NULL
22.7747,37.6919,"Pronaos of Hera Temple, Argive Heraion","Argolid Bk2","Argive Heraion (Argolid)",['pronaos'],['2.17.3'],"Argive Heraion (Argolid)",NULL,NULL,NULL,NULL,NULL,NULL,NULL
22.8426,36.6845,"Sanctuary of Athena Kyparissia on the acropolis of Asopos","Lakonia Bk3","Asopos (Lakonia)",['hieron'],['3.22.9'],"Asopos (Lakonia)",NULL,NULL,https://wikidata.org/wiki/Q124616473,NULL,NULL,NULL,NULL
21.63066,37.63905,"Sicyonian Treasury at Olympia","Eleia Bk5 Bk6","Treasury terrace north of the Heraion, Olympia",['thesauros'],"['5.14.9','6.19.1','6.19.4','6.19.7']",NULL,NULL,NULL,https://wikidata.org/wiki/Q2231808,NULL,NULL,NULL,NULL
35.371208,33.560243,"Sidon/Col. Aurelia Pia","Asia (continent)",Phoenice,['polis'],['7.23.7'],NULL,https://pleiades.stoa.org/places/678393,NULL,https://wikidata.org/wiki/Q163490,NULL,NULL,NULL,NULL
22.7,38.6,"Ledon hamlet on Kephissos river","Phokis Bk10","Phokis Bk10",['settlement'],['10.33.1'],"Phokis Bk10",NULL,NULL,NULL,NULL,"Ledon hamlet",NULL,NULL
21.90262,37.44921,"Spring on Mt. Kotilion","Arcadia Bk8","Kotilion (mountain)",['pege'],['8.41.10'],"Kotilion (mountain)",NULL,NULL,NULL,NULL,NULL,NULL,NULL
22.7195,37.6316,"Temple of Dionysus in Argos","Argolid Bk2","Argos (Argolid)",['naos'],['2.23.1'],"Argos (Argolid)",NULL,NULL,NULL,NULL,NULL,NULL,NULL
23.707,37.992,"Hermes altar at the Academy, Athens","Athenai Bk1","Academy of Plato, Athens",['bomos'],['1.30.2'],"Academy of Plato, Athens",NULL,https://topostext.org/binder/JB1589,NULL,NULL,NULL,NULL,NULL
23.970146000000003,38.1465515,"Miltiades memorial, Marathon","Attica Bk1","Marathon deme",['mnema'],['1.32.4'],"Marathon deme",NULL,NULL,https://wikidata.org/wiki/Q124644578,NULL,NULL,NULL,NULL
22.3777,38.1286,"Building sacred to Tyche at Aigeira","Achaia Bk7","Aigeira (Achaia)",['oikema'],['7.26.8'],"Aigeira (Achaia)",NULL,NULL,NULL,NULL,NULL,NULL,NULL
22.9925,37.8824,"Sanctuary of Asclepius at Kenchreai harbor","Corinthia Bk2","Kenchreai (Korinthia)","['Asclepieion','hieron']",['2.2.3'],"Kenchreai (Korinthia)",NULL,NULL,https://wikidata.org/wiki/Q134037633,NULL,NULL,NULL,NULL
23.7264872,37.9707798,"Sanctuary of Asklepios at Athens","Athenai Bk1","Athenai Bk1",['Asclepieion'],"['1.21.4','1.21.5','1.22.1']",NULL,https://pleiades.stoa.org/places/954340915,NULL,https://wikidata.org/wiki/Q2278514,NULL,NULL,NULL,NULL
22.4295,37.46475,"Altar of Earth (Ge) at Tegea","Arcadia Bk8","Agora of Tegea",['bomos'],['8.48.8'],"Agora of Tegea",NULL,NULL,NULL,NULL,NULL,NULL,NULL
23.3496,39.188,"Sepias cape (Magnesia)","Hellas (Europe)","Magnesia region (Magnesia)",['akra'],['8.27.14'],NULL,NULL,https://topostext.org/place/391232LSep,https://wikidata.org/wiki/Q60790477,NULL,NULL,NULL,NULL
21.61781634,32.54929268,Cyrenaica,"Libya (Africa)","Libya (Africa)",['chora'],"['10.15.6','4.26.2']",NULL,https://pleiades.stoa.org/places/373777,NULL,https://wikidata.org/wiki/Q165198,NULL,NULL,NULL,NULL
22.4237,37.0821,"Temple of Argive Hera at Sparta","Lakonia Bk3","Hill in Sparta near Kolonos",['naos'],['3.13.8'],"Hill in Sparta near Kolonos",NULL,NULL,https://wikidata.org/wiki/Q124616501,NULL,NULL,NULL,NULL
22.1099,38.030042,"Platanos tree above spring at Kynaitha","Arcadia Bk8",Kynaitha,['platanos'],['8.19.2'],Kynaitha,NULL,NULL,NULL,NULL,NULL,NULL,NULL
21.412,38.139,"Temple of Athena Larisaia at Larisos river","Achaia Bk7","Larisos (river)",['naos'],['7.17.5'],NULL,NULL,NULL,NULL,NULL,NULL,NULL,NULL
23.088,38.3787,"Haliartos (Boeotia)","Boiotia Bk9","Boiotia Bk9",['teichos'],"['1.27.5','10.35.2','3.5.3','3.5.5','7.3.1','9.16.6','9.18.4','9.32.5','9.33.1','9.33.3','9.33.4','9.34.7','9.34.8']",NULL,https://pleiades.stoa.org/places/540801,https://topostext.org/place/384231PHal,https://wikidata.org/wiki/Q359627,NULL,NULL,NULL,NULL
21.31578,38.67111,Stratos,"Aitolia region","Aitolia region",['settlement'],['6.2.1'],NULL,https://pleiades.stoa.org/places/531104,NULL,https://wikidata.org/wiki/Q25408797,NULL,NULL,NULL,NULL
23.8189911,38.05199883,"Attica Bk1","Attica Bk1","Hellas (Europe)",['chora'],"['1.1.1','1.14.2','1.2.6','1.20.6','1.21.1','1.22.3','1.22.7','1.23.5','1.24.5','1.24.8','1.25.6','1.26.3','1.26.5','1.26.6','1.27.10','1.27.2','1.28.10','1.28.11','1.28.4','1.28.9','1.29.2','1.29.6','1.29.7','1.30.4','1.31.1','1.31.3','1.31.5','1.32.1','1.32.3','1.34.1','1.34.2','1.35.1','1.36.3','1.37.7','1.38.1','1.38.4','1.38.8','1.44.10','10.17.5','10.25.2','10.33.4','10.35.8','2.1.1','2.1.6','2.30.9','2.32.9','2.6.5','2.6.6','3.12.7','3.5.1','3.7.10','3.8.6','4.1.8','4.34.8','5.10.4','5.11.7','5.13.8','5.15.7','5.25.13','5.4.7','6.19.12','7.1.5','7.1.9','7.11.8','7.17.2','7.18.2','7.25.2','7.3.6','7.5.5','7.6.3','7.7.7','8.23.3','9.1.1','9.1.6','9.13.6','9.23.5']",NULL,https://pleiades.stoa.org/places/579888,NULL,https://wikidata.org/wiki/Q122443,NULL,NULL,NULL,NULL
22.262624,37.766264,"Earthen dyke in plain of Kaphyai","Arcadia Bk8",Kaphyai,"['choma ges']",['8.23.2'],Kaphyai,NULL,NULL,NULL,NULL,NULL,NULL,NULL
21.666,37.642,"Sanctuary of Artemis Kordax east of Pisa","Eleia Bk5 Bk6","Road Erymanthus border to Olympia",['hieron'],['6.22.1'],NULL,NULL,NULL,https://wikidata.org/wiki/Q107031253,https://resource.manto.unh.edu/10268940,NULL,NULL,NULL
22.1099,38.030042,"Agora of the Kynaithans","Arcadia Bk8",Kynaitha,['agora'],['8.19.1'],Kynaitha,NULL,NULL,https://wikidata.org/wiki/Q133963453,NULL,NULL,NULL,NULL
22.7065,37.539,Amymone,"Argolid Bk2","Argolid Bk2",['potamos'],"['2.37.1','2.37.4','5.17.11']",NULL,https://pleiades.stoa.org/places/573086,NULL,https://wikidata.org/wiki/Q121886957,NULL,NULL,NULL,NULL
23.3178,38.3191,"Altar of Athena Onga at Thebes","Boiotia Bk9","Thebes (Boeotia)",['bomos'],['9.12.2'],"Thebes (Boeotia)",NULL,NULL,NULL,https://resource.manto.unh.edu/11305298,NULL,NULL,NULL
23.3484,37.5033,"Herakleios fountain at Troizen","Troizenia Bk2","Troizen (Troizenia)","['hydor','pege']",['2.32.4'],"Troizen (Troizenia)",NULL,NULL,NULL,https://resource.manto.unh.edu/10214951,NULL,NULL,NULL
23.5841,38.3074,"Tomb of Corinna the poet in Tanagra","Boiotia Bk9","Tanagra (Boeotia)",['mnema'],['9.22.3'],"Tanagra (Boeotia)",NULL,NULL,NULL,NULL,NULL,NULL,NULL
23.7337,37.9694,"Ge Olympia, sanctuary, Athens","Athenai Bk1","Athenai Bk1",['temenos'],['1.18.7'],NULL,NULL,https://topostext.org/binder/JB1407,NULL,NULL,NULL,NULL,NULL
22.1273,37.4124,"Altar of Herakles and Hermes by stadium of Megalopolis","Arcadia Bk8","Megalopolis (Arkadia)",['bomos'],['8.32.3'],"Megalopolis (Arkadia)",NULL,NULL,NULL,NULL,NULL,NULL,NULL
27.184167,39.1325,"Tomb of Silenos at Pergamon","Asia Minor (Asia)",Pergamum,['mnema'],['6.24.8'],Pergamum,NULL,NULL,NULL,NULL,NULL,NULL,NULL
21.842,37.4075,"Gymnasium of Phigaleia","Arcadia Bk8",Phigaleia,['gymnasion'],['8.39.6'],Phigaleia,NULL,NULL,NULL,NULL,NULL,NULL,NULL
14.08648465,37.53667612,"Sicilia (island)",NULL,"Roman empire",['nesos'],"['1.12.5','1.13.1','1.2.3','1.21.4','1.29.11','1.29.13','10.11.3','10.15.5','10.15.6','2.2.5','2.22.9','3.16.4','3.16.5','4.23.6','4.26.2','4.26.5','4.36.4','5.23.6','5.25.5','5.25.6','5.27.1','5.7.3','6.12.3','6.13.8','6.26.4','6.4.3','6.6.7','6.9.4','6.9.5','7.16.5','7.4.6','7.4.7','8.11.12','8.12.8','8.24.6','8.42.8','8.46.2','8.8.6','9.40.4']",NULL,https://pleiades.stoa.org/places/462492,NULL,https://wikidata.org/wiki/Q4951156,NULL,NULL,NULL,NULL
27.1383,38.4191,"Koryphe mountain in or near Smyrna","Asia Minor (Asia)","Smyrna (Ionia)",['oros'],['7.5.9'],NULL,NULL,NULL,NULL,NULL,NULL,NULL,NULL
22.5,42.5,"Pierion, mountain named for Pieros in Macedonia","Macedonia (Europe)","Macedonia (Europe)",['oros'],['9.29.3'],"Macedonia (Europe)",NULL,NULL,NULL,NULL,NULL,NULL,NULL
23.34285,37.997,"tomb of Euippos at prytaneion of Megara","Megarid Bk1","Prytaneion of Megara",['taphos'],['1.43.2'],"Prytaneion of Megara",NULL,NULL,https://wikidata.org/wiki/Q124644646,https://resource.manto.unh.edu/11188231,NULL,NULL,NULL
22.50151,38.48254,"Fourth temple of Apollo at Delphi, of stone, burned in 548 BCE","Phokis Bk10","Sanctuary of Pythian Apollo at Delphi",['naos'],['10.5.13'],"Sanctuary of Pythian Apollo at Delphi",NULL,NULL,NULL,NULL,NULL,NULL,NULL
22.3,37.5,"Arcadia Bk8","Arcadia Bk8",Peloponnesos,['chora'],"['10.20.1','10.28.8','10.32.3','2.24.5','3.20.8','3.5.4','3.6.8','3.7.3','3.8.7','4.22.7','4.29.11','4.31.4','5.10.9','5.5.8','5.7.1','6.12.8','6.8.2','7.14.1','7.25.11','7.25.5','7.7.4','7.8.6','8.1.1','8.1.6','8.10.1','8.10.6','8.11.3','8.17.1','8.22.6','8.23.3','8.24.4','8.27.4','8.27.5','8.3.4','8.34.4','8.35.10','8.35.5','8.36.6','8.4.1','8.42.3','8.43.2','8.47.6','8.5.4','8.51.8','8.6.4','8.7.4','8.8.12','9.36.6','9.9.2']",NULL,https://pleiades.stoa.org/places/570102,https://topostext.org/place/375223RArk,https://wikidata.org/wiki/Q12898802,NULL,"Arkadia region",NULL,NULL
22.692,37.035,"Selinous (Lakonia)","Lakonia Bk3","Lakonia Bk3",['kome'],['3.22.8'],NULL,NULL,https://topostext.org/place/370227USel,https://wikidata.org/wiki/Q40648366,NULL,NULL,NULL,NULL
23.3484,37.5033,"Temple of Apollo Epibaterios in Troizen, Diomedes' offering","Troizenia Bk2","Troizen (Troizenia)",['naos'],['2.32.2'],"Troizen (Troizenia)",NULL,NULL,NULL,NULL,NULL,NULL,NULL
22.515967,37.288734,"Sanctuary of Artemis Karyatis at Karyai","Lakonia Bk3",Karyai,['hieron'],['3.10.7'],Karyai,NULL,NULL,https://wikidata.org/wiki/Q124616586,NULL,NULL,NULL,NULL
22.562341,36.763663,"Temple of Athena on acropolis of Gythion","Lakonia Bk3","Acropolis of Gythion",['naos'],['3.21.9'],"Acropolis of Gythion",NULL,NULL,https://wikidata.org/wiki/Q124616515,NULL,NULL,NULL,NULL
22.66931,38.58344,"Tomb of Phokos near Tithorea","Phokis Bk10",Tithorea/Neon,['mnema'],['9.17.5'],Tithorea/Neon,NULL,NULL,NULL,https://resource.manto.unh.edu/10274614,NULL,NULL,NULL
22.6465,37.8446,"Tomb of Dysaules in Keleai","Phlious Bk2",Keleai,['mnema'],['2.12.4'],Keleai,NULL,NULL,NULL,https://resource.manto.unh.edu/10158673,NULL,NULL,NULL
22.068131,37.444881,Basilis,"Arcadia Bk8","Arcadia Bk8",['settlement'],['8.29.5'],NULL,https://pleiades.stoa.org/places/570147,NULL,https://wikidata.org/wiki/Q4867451,NULL,NULL,NULL,NULL
22.1,37.3,Nymphas,"Arcadia Bk8","Arcadia Bk8",['settlement'],['8.34.6'],NULL,https://pleiades.stoa.org/places/573392,NULL,https://wikidata.org/wiki/Q131911345,NULL,NULL,NULL,NULL
23.645,38.0067,"Poikilon M.","Attica Bk1","Attica Bk1",['oros'],['1.37.7'],NULL,https://pleiades.stoa.org/places/585950,NULL,https://wikidata.org/wiki/Q12883544,NULL,NULL,NULL,NULL
27.234320000000004,37.05332,Myndos,"Asia Minor (Asia)","Caria region",['settlement'],['2.30.9'],NULL,https://pleiades.stoa.org/places/599811,NULL,https://wikidata.org/wiki/Q18823111,NULL,NULL,NULL,NULL
22.50592,38.62687,Lilaia,"Phokis Bk10","Phokis Bk10",['polis'],"['10.3.1','10.33.3','10.33.4','10.33.5','10.33.9','9.24.1']",NULL,https://pleiades.stoa.org/places/540915,NULL,https://wikidata.org/wiki/Q1267602,NULL,NULL,NULL,NULL
27.42788,37.59716,Myous,"Asia Minor (Asia)","Ionia (region)",['polis'],"['7.13.3','7.2.10','7.2.11']",NULL,https://pleiades.stoa.org/places/599813,NULL,https://wikidata.org/wiki/Q1195800,NULL,NULL,NULL,NULL
22.079,37.4133,"Helisson junction with Alpheios","Arcadia Bk8","Arcadia Bk8",['potamos'],['8.30.1'],NULL,NULL,NULL,NULL,NULL,NULL,NULL,NULL
22.474,36.423,"Achilleios harbor (Lakonia)","Lakonia Bk3","Tainaron (promontory)",['limen'],['3.25.4'],NULL,https://pleiades.stoa.org/places/570031,https://topostext.org/place/363223HAcL,https://wikidata.org/wiki/Q48781616,NULL,NULL,NULL,NULL
22.62501,37.92049,"Hill in Titane, where the sanctuary of Athena is located","Corinthia Bk2",Titane,['lophos'],['2.12.1'],Titane,NULL,NULL,NULL,NULL,NULL,NULL,NULL
22.195,36.934,"Sanctuary of Machaon in Rodon locality of Gerenia","Lakonia Bk3","Gerenia (Messenia)",['hieron'],['3.26.9'],"Gerenia (Messenia)",NULL,NULL,https://wikidata.org/wiki/Q124616489,NULL,NULL,NULL,NULL
11.75274412,42.42102875,Etruria/Tuscia,"Italia (Europe)","Italia (Europe)",['chora'],['5.12.5'],NULL,https://pleiades.stoa.org/places/413122,NULL,https://wikidata.org/wiki/Q206730,NULL,NULL,NULL,NULL
22.450723,37.331323,Phylake,"Arcadia Bk8",Tegeatis,['demos'],"['8.45.1','8.54.1','8.54.2']",NULL,https://pleiades.stoa.org/places/570610,NULL,https://wikidata.org/wiki/Q60790436,NULL,NULL,NULL,NULL
25.3,38.1,"Harbor on Halioussa island between Skyllaion and Hermione","Hermionis Bk2",Halioussa,['limen'],['2.34.8'],Halioussa,NULL,NULL,NULL,NULL,NULL,NULL,NULL
22.3,37.5,Rhipe,"Arcadia Bk8","Arcadia Bk8",['settlement'],['8.25.12'],"Arcadia Bk8",https://pleiades.stoa.org/places/573502,NULL,https://wikidata.org/wiki/Q3563475,NULL,NULL,NULL,NULL
23.235,37.3884,"Temple of Ares in Hermione, next to the temple of Klymenos","Hermionis Bk2","Pron M.",['naos'],['2.35.10'],"Pron M.",NULL,NULL,NULL,NULL,NULL,NULL,NULL
22.905228,38.596346,"Bouleuterion of Hyampolis, a not-large building","Phokis Bk10",Hyampolis,['bouleuterion'],['10.35.6'],Hyampolis,NULL,NULL,NULL,NULL,NULL,NULL,NULL
22.7108,37.8085,"Tomb of Lykourgos at Nemea, earth mound","Argolid Bk2","Sanctuary of Nemean Zeus, Nemea","['choma ges','mnema']",['2.15.3'],"Sanctuary of Nemean Zeus, Nemea",NULL,NULL,NULL,https://resource.manto.unh.edu/10159400,NULL,NULL,NULL
22.96835,38.259722,Thisbe,"Boiotia Bk9","Boiotia Bk9",['polis'],"['10.37.2','9.32.2','9.32.3']",NULL,https://pleiades.stoa.org/places/541146,NULL,https://wikidata.org/wiki/Q57374186,NULL,NULL,NULL,NULL
23.7,37.8,"Sea at Eleusis","Attica Bk1","Saronic Gulf",['thalassa'],['2.24.6'],"Saronic Gulf",NULL,NULL,NULL,NULL,NULL,NULL,NULL
23.25,38.35,"Boiotia Bk9",NULL,"Hellas (Europe)",['chora'],"['1.23.3','1.24.5','1.25.7','1.27.5','1.34.1','1.38.8','10.1.2','10.12.11','10.17.3','10.23.11','10.29.5','10.37.2','10.4.2','3.5.3','3.5.4','3.5.6','3.9.12','4.16.7','4.27.10','4.34.5','6.3.3','7.10.5','7.15.9','7.17.2','7.3.6','7.6.5','8.11.5','9.1.1','9.1.3','9.13.3','9.14.6','9.22.5','9.25.9','9.3.4','9.32.2','9.4.3','9.5.1','9.7.4','9.9.2']",NULL,https://pleiades.stoa.org/places/540689,https://topostext.org/place/384233RBoi,https://wikidata.org/wiki/Q187570,NULL,Boeotia,NULL,NULL
22.5,37.001,"Laconian coast","Lakonia Bk3","Lakonia Bk3",['paralia'],['4.7.2'],"Lakonia Bk3",NULL,NULL,NULL,NULL,NULL,NULL,NULL
23.448834,38.498583,"Sanctuary of Dionysos just outside Anthedon","Boiotia Bk9",Anthedon,['hieron'],['9.22.6'],Anthedon,NULL,NULL,https://wikidata.org/wiki/Q134038126,NULL,NULL,NULL,NULL
23.706865,35.279609,Katre?,Crete,Crete,['polis'],['8.53.4'],NULL,https://pleiades.stoa.org/places/589856,NULL,https://wikidata.org/wiki/Q65078139,NULL,NULL,NULL,NULL
22.7145,37.9834,"Tomb of Epopeus at Sicyon","Sikyonia Bk2","Sicyon (Sikyonia)",['mnema'],['2.11.1'],"Sicyon (Sikyonia)",NULL,NULL,NULL,https://resource.manto.unh.edu/10159224,NULL,NULL,NULL
22.3777,38.1286,"Temple of Asklepios at Aigeira","Achaia Bk7","Aigeira (Achaia)",['naos'],['7.26.7'],"Aigeira (Achaia)",NULL,NULL,NULL,NULL,NULL,NULL,NULL
22.992664,37.9158514,"Adyton of Palaemon at Isthmia in the enclosure","Corinthia Bk2","Isthmian Poseidon sanctuary at Isthmia",['adyton'],['2.2.1'],"Isthmian Poseidon sanctuary at Isthmia",NULL,NULL,NULL,NULL,NULL,NULL,NULL
21.864,37.532,"Sanctuary of Asklepios at Alipheira","Arcadia Bk8",Alipheira,"['Asclepieion','hieron']",['8.26.6'],Alipheira,https://pleiades.stoa.org/places/218039420,NULL,https://wikidata.org/wiki/Q134039992,NULL,NULL,NULL,NULL
35.782047,35.513994,Laodicea,"Asia (continent)","Syria (Asia)",['polis'],['3.16.8'],NULL,https://pleiades.stoa.org/places/668290,NULL,https://wikidata.org/wiki/Q11931162,NULL,NULL,NULL,NULL
22.8426,36.6845,"Acropolis of Asopos","Lakonia Bk3","Asopos (Lakonia)",['acropolis'],['3.22.9'],"Asopos (Lakonia)",NULL,NULL,https://wikidata.org/wiki/Q124616548,NULL,NULL,NULL,NULL
26.355280000000004,36.54413,"Astypalaia Ins., Astypalaia","Aegean Sea (Hellas)","Aegean Sea (Hellas)",['nesos'],['6.9.6'],NULL,https://pleiades.stoa.org/places/599535,NULL,https://wikidata.org/wiki/Q216768,NULL,NULL,https://imperium.ahlfeldt.se/places/45911,NULL
21.79369,37.88094,"Lampeia (mountain)","Arcadia Bk8","Arcadia Bk8",['oros'],['8.24.4'],NULL,https://pleiades.stoa.org/places/570410,NULL,https://wikidata.org/wiki/Q15148035,NULL,NULL,NULL,NULL
23.3178,38.3191,"Thebes (Boeotia)","Boiotia Bk9","Boiotia Bk9",['polis'],"['1.25.4','1.28.7','1.29.3','1.3.4','1.34.1','1.34.2','1.34.4','1.37.6','1.39.2','1.40.2','1.41.1','1.43.1','1.44.4','1.44.5','10.10.3','10.17.4','10.20.1','10.29.7','10.35.5','10.7.6','2.19.8','2.20.5','2.36.8','2.6.1','2.6.2','2.6.3','2.6.4','2.7.6','3.5.3','3.5.4','3.9.11','3.9.3','3.9.8','4.17.5','4.27.10','4.32.5','4.7.8','4.8.8','5.3.1','7.10.2','7.14.6','7.15.9','7.17.2','7.3.1','7.6.9','8.11.6','8.14.2','8.15.6','8.24.10','8.25.4','8.25.8','8.33.2','9.1.6','9.1.8','9.10.1','9.10.4','9.11.6','9.12.2','9.13.1','9.14.7','9.17.4','9.17.5','9.18.1','9.18.2','9.18.3','9.18.5','9.19.2','9.19.3','9.19.4','9.22.3','9.23.4','9.23.5','9.25.10','9.25.7','9.25.9','9.29.9','9.3.6','9.32.5','9.33.1','9.37.2','9.4.4','9.40.3','9.5.1','9.5.12','9.5.13','9.5.14','9.5.2','9.5.6','9.5.7','9.6.2','9.6.3','9.6.5','9.7.1','9.7.2','9.7.6','9.8.1','9.8.3','9.8.7','9.9.4']",NULL,https://pleiades.stoa.org/places/541138,https://topostext.org/place/383233PThe,https://wikidata.org/wiki/Q11225429,NULL,NULL,NULL,NULL
22.4237,37.0821,"Heroon of Kyniska at Sparta","Lakonia Bk3",Sparta,['heroon'],['3.15.1'],Sparta,NULL,NULL,https://wikidata.org/wiki/Q124616563,NULL,NULL,NULL,NULL
22.416,37.578,"Pelagos oak forest 30 stades from Mantineia on Tegea road","Arcadia Bk8","road Megalopolis to Pallantion and Tegea","['chorion','drymos']","['8.11.1','8.11.10','8.11.5']",NULL,NULL,NULL,https://wikidata.org/wiki/Q125995646,NULL,NULL,NULL,NULL
21.842,37.4075,"Temple of the Mother of the Gods at Phigaleia","Arcadia Bk8",Phigaleia,['naos'],['8.30.5'],Phigaleia,NULL,NULL,NULL,NULL,NULL,NULL,NULL
22.7195,37.6316,"Walls of Argos","Argolid Bk2","Argos (Argolid)",['teichos'],"['2.20.9','3.5.9']","Argos (Argolid)",NULL,NULL,NULL,NULL,NULL,NULL,NULL
25.543589999999995,29.205140000000004,"Ammon oracle in Egypt","Libya (Africa)","Egypt (region)",['manteion'],"['3.18.3','5.15.11','6.8.3','8.11.11']",NULL,https://pleiades.stoa.org/places/716520,https://topostext.org/place/292255SAmm,https://wikidata.org/wiki/Q958997,NULL,NULL,NULL,NULL
23.41,40.06,"Pallene (Chalkidike)","Macedonia (Europe)","Chalcidike region (Chalkidike)",['chora'],"['3.18.3','8.29.1']",NULL,https://pleiades.stoa.org/places/491682,https://topostext.org/place/400236LPal,https://wikidata.org/wiki/Q2625955,NULL,Phlegra,NULL,NULL
22.4237,37.0821,"Chitôn building in Sparta","Lakonia Bk3",Sparta,['oikema'],"['3.16.2','3.16.4']",Sparta,NULL,NULL,https://wikidata.org/wiki/Q124616341,NULL,NULL,NULL,NULL
22.43,38.446,"Hippodrome of Delphi (Phokis)","Phokis Bk10","plain below Delphi with hippodrome",['hippodrome'],['10.37.4'],NULL,NULL,https://topostext.org/place/384224BHip,https://wikidata.org/wiki/Q106484612,NULL,NULL,NULL,NULL
22.796,37.565,Nauplia,"Argolid Bk2","Argolid Bk2",['settlement'],"['2.38.2','2.38.3','4.24.4','4.35.2']",NULL,https://pleiades.stoa.org/places/570501,NULL,https://wikidata.org/wiki/Q56399740,NULL,NULL,NULL,NULL
23.2733,38.2213,"Common grave monument of the Greeks at Plataea","Boiotia Bk9","Plataea (Boeotia)",['mnema'],['9.2.5'],"Plataea (Boeotia)",NULL,NULL,NULL,NULL,NULL,NULL,NULL
21.8204,37.603,"River crossing of the Ladon, 15 stadia west of Heraia","Arcadia Bk8","road Heraea to Elis border",['diabese'],['8.26.3'],NULL,NULL,NULL,NULL,NULL,NULL,NULL,NULL
23.64490133,37.937561,"Zea Limen","Attica Bk1",Peiraieus/Piraeus,['limen'],['1.1.2'],NULL,https://pleiades.stoa.org/places/580136,NULL,https://wikidata.org/wiki/Q1133291,NULL,NULL,NULL,NULL
21.630126,37.637849,"Altar of Idas at Olympia - sometimes called altar of Acesidas.","Eleia Bk5 Bk6",Olympia,['bomos'],['5.14.7'],Olympia,NULL,NULL,NULL,NULL,NULL,NULL,NULL
27.789696999999997,37.316871,Mylasa,"Asia Minor (Asia)","Caria region",['settlement'],"['10.28.8','8.10.4']",NULL,https://pleiades.stoa.org/places/599809,NULL,https://wikidata.org/wiki/Q3857824,NULL,NULL,NULL,NULL
21.738518,38.243265,"temple at sanctuary of Demeter in grove at Patrae","Achaia Bk7",Patrae,['naos'],['7.21.12'],Patrae,NULL,NULL,NULL,NULL,NULL,NULL,NULL
20.25,39.75,"Styx (river of the Underworld)","Arcadia Bk8",Hades,"['hydor','mythical place']",['8.18.3'],Hades,NULL,NULL,https://wikidata.org/wiki/Q8843276,NULL,NULL,NULL,NULL
23.34285,37.997,"hero shrine of Ino in Megara","Megarid Bk1","Megara (Megarid)",['heroon'],['1.42.7'],"Megara (Megarid)",NULL,NULL,https://wikidata.org/wiki/Q124644643,NULL,NULL,NULL,NULL
23.715,37.995,"Temple of Poseidon Hippios at Kolonos","Athenai Bk1","Kolonos Hippios",['naos'],['1.30.4'],"Kolonos Hippios",NULL,NULL,NULL,NULL,NULL,NULL,NULL
23.731,37.9719,"Praxitelesʼ Atelier, building, Athens","Athenai Bk1","Athenai Bk1",['oikema'],['1.20.1'],NULL,NULL,https://topostext.org/binder/JB2550,NULL,NULL,NULL,NULL,NULL
34.54732,31.66426,Ashqelon/Ascalon,"Asia (continent)",Palaestina,['settlement'],['1.14.7'],NULL,https://pleiades.stoa.org/places/687839,NULL,https://wikidata.org/wiki/Q60956,NULL,NULL,NULL,NULL
21.87884,37.710489,"Sanctuary of  the Twelve Gods in Thelpousa","Arcadia Bk8",Thelpousa,['hieron'],['8.25.3'],Thelpousa,NULL,NULL,https://wikidata.org/wiki/Q134036865,NULL,NULL,NULL,NULL
23.5314735,37.947768,"sanctuary of Kychreos, Salamis","Attica Bk1","Salamis (settlement)",['hieron'],['1.36.1'],"Salamis (settlement)",NULL,NULL,https://wikidata.org/wiki/Q124644589,NULL,NULL,NULL,NULL
22.66931,38.58344,"Adyton of Isis near Tithorea, holiest of her shrines in Greece","Phokis Bk10","Enclosure of Isis near Tithorea",['adyton'],['10.32.13'],"Enclosure of Isis near Tithorea",NULL,NULL,NULL,NULL,NULL,NULL,NULL
21.3746,37.8917,"Hellanodikaion in agora of Elis","Eleia Bk5 Bk6","Agora of Elis",['oikema'],"['6.24.1','6.24.3']","Agora of Elis",NULL,NULL,https://wikidata.org/wiki/Q107031195,NULL,NULL,NULL,NULL
22.7195,37.6316,"Precinct of Asclepius in Argos","Argolid Bk2","Koile road from Kylarabis gymnasium, Argos",['temenos'],['2.23.2'],"Koile road from Kylarabis gymnasium, Argos",NULL,NULL,NULL,NULL,NULL,NULL,NULL
23.4767,37.4844,"Sphairia? (Poros)","Troizenia Bk2","Troizenia Bk2",['nesos'],['2.33.1'],NULL,https://pleiades.stoa.org/places/573531,https://topostext.org/place/375235ISph,https://wikidata.org/wiki/Q60791476,NULL,"Hiera island",NULL,NULL
21.3746,37.8917,"Part of Korkuraike stoa facing agora of Elis","Eleia Bk5 Bk6","Korkyraike stoa at Agora of Elis",['stoa'],['6.24.5'],"Korkyraike stoa at Agora of Elis",NULL,NULL,NULL,NULL,NULL,NULL,NULL
27.368300000000005,37.95479,"Koresos or Tracheia M.","Asia Minor (Asia)",Ephesos,['oros'],['5.24.8'],NULL,https://pleiades.stoa.org/places/599725,NULL,NULL,NULL,"Koressos Coressus",NULL,NULL
26.5,40.33333,"Chersonesus (Thrace)","Thrace (Europe)","Thrace (Europe)","['akra','chora']","['1.10.5','1.34.2','1.9.8','6.19.6']",NULL,https://pleiades.stoa.org/places/501386,NULL,https://wikidata.org/wiki/Q192860,NULL,NULL,NULL,NULL
23.875,37.625,"Patroklou Charax (island)","Attica Bk1","Saronic Gulf",['nesos'],"['1.1.1','1.35.1']",NULL,https://pleiades.stoa.org/places/580060,NULL,https://wikidata.org/wiki/Q1145107,NULL,"Isle of Patroklos",NULL,NULL
22.427,37.093,"plain of the Eurotas","Lakonia Bk3","Lakonia Bk3",['pedion'],['3.1.1'],NULL,NULL,NULL,NULL,NULL,NULL,NULL,NULL
23.594,38.4361,"Spring where the plane tree grew, at Aulis","Boiotia Bk9",Aulis,['pege'],['9.19.7'],Aulis,NULL,NULL,NULL,NULL,NULL,NULL,NULL
23.34285,37.997,"tomb of Tereus in Megara","Megarid Bk1","Megara (Megarid)",['mnema'],['1.41.8'],"Megara (Megarid)",NULL,NULL,https://wikidata.org/wiki/Q124645116,https://resource.manto.unh.edu/10187020,NULL,NULL,NULL
14.93394,38.50554,"Lipara (island)","Internum Mare","Islands of Aiolos",['nesos'],"['10.11.3','10.11.4','10.16.7']",NULL,https://pleiades.stoa.org/places/462284,NULL,https://wikidata.org/wiki/Q499519,NULL,NULL,NULL,NULL
22.4192,38.0483,"Chelydorea (mountain)","Arcadia Bk8","Achaia Bk7","['horos','oros']",['8.17.5'],NULL,https://pleiades.stoa.org/places/573169,NULL,https://wikidata.org/wiki/Q25017940,NULL,NULL,NULL,NULL
9.015757,38.984642,Nora,"Internum Mare","Sardinia (island)",['polis'],['10.17.5'],NULL,https://pleiades.stoa.org/places/471979,NULL,https://wikidata.org/wiki/Q677175,NULL,NULL,NULL,NULL
20.25,39.75,"Tartarus (underworld)",Hades,Hades,"['mythical place']",['8.37.5'],Hades,NULL,NULL,https://wikidata.org/wiki/Q101322,NULL,NULL,NULL,NULL
21.738518,38.243265,Patrae,"Achaia Bk7","Achaia Bk7",['polis'],"['2.9.2','3.2.1','4.31.7','7.17.5','7.18.2','7.18.4','7.18.5','7.18.6','7.18.7','7.18.8','7.18.9','7.19.1','7.19.8','7.20.7','7.21.10','7.21.13','7.21.14','7.21.6','7.22.1','7.22.10','7.22.11','7.22.6','7.6.2','7.6.4','7.6.5']",NULL,https://pleiades.stoa.org/places/570567,NULL,https://wikidata.org/wiki/Q56398976,NULL,"Patras, Patrai",NULL,NULL
22.7195,37.6316,"Tomb of Danaus in Argos","Argolid Bk2","Argos (Argolid)",['mnema'],['2.20.6'],"Argos (Argolid)",NULL,NULL,NULL,https://resource.manto.unh.edu/10185336,NULL,NULL,NULL
25.5,44.5,Getae,"Thrace (Europe)","Thrace (Europe)",['chora'],['1.9.6'],NULL,https://pleiades.stoa.org/places/216817,NULL,https://wikidata.org/wiki/Q19012,NULL,NULL,NULL,NULL
22.36505,37.72491,"Trachy (mountain)","Arcadia Bk8","Orchomenos (Arcadia)",['oros'],['8.13.4'],NULL,https://pleiades.stoa.org/places/570744,NULL,https://wikidata.org/wiki/Q16331617,NULL,NULL,NULL,NULL
39,19.5,Sakaia,"Erythraeum Mare","Erythraeum Mare",['nesos'],['6.26.9'],"Erythraeum Mare",NULL,NULL,NULL,NULL,Sacaea,NULL,NULL
36.967737,41.215176,Themiskyra,"Pontus Euxinus","Pontus Euxinus",['settlement'],"['1.15.2','1.2.1','1.41.7']",NULL,https://pleiades.stoa.org/places/857350,NULL,https://wikidata.org/wiki/Q122875,NULL,NULL,NULL,NULL
23.17,37.951,"sanctuary of Apollo Latous near Megara-Corinth road","Megarid Bk1","Megarid Bk1",['hieron'],['1.44.10'],NULL,NULL,NULL,https://wikidata.org/wiki/Q124646271,NULL,NULL,NULL,NULL
23.1333249,38.0208393,"Aigiplanktos (mountain)","Megarid Bk1","Megarid Bk1",['oros'],"['1.40.1','1.43.8']",NULL,https://pleiades.stoa.org/places/570050,NULL,https://wikidata.org/wiki/Q749507,NULL,"Gerania Geraneia",NULL,NULL
22.454127,37.066091,"Messeis spring at Therapne","Lakonia Bk3",Therapne,['pege'],['3.20.1'],Therapne,https://pleiades.stoa.org/places/573374,NULL,NULL,https://resource.manto.unh.edu/10146589,NULL,NULL,NULL
21.73,38.082,"Grove of Apollo Carneius outside Pharae","Achaia Bk7","Pharae (Achaia)",['alsos'],['4.31.1'],"Pharae (Achaia)",NULL,NULL,NULL,NULL,NULL,NULL,NULL
21.5313,38.3714,Kalydon,"Aitolia region",Kalydonia,['polis'],"['1.27.9','2.25.2','3.10.2','5.1.3','7.18.8','7.18.9','7.21.1','7.21.10','7.21.5','8.4.10','8.45.2']",NULL,https://pleiades.stoa.org/places/540699,NULL,https://wikidata.org/wiki/Q750313,NULL,Calydon,NULL,NULL
27.5,37.5,"Lycia region","Asia (continent)","Asia Minor (Asia)",['chora'],"['10.27.2','2.21.3','2.4.2','2.7.1','7.21.13','9.27.2']",NULL,https://pleiades.stoa.org/places/638965,NULL,https://wikidata.org/wiki/Q18927,NULL,Lykia,NULL,NULL
23.7257,37.9755,"Library of Hadrian in Athens","Athenai Bk1","Athenai Bk1",['oikema'],['1.18.9'],NULL,https://pleiades.stoa.org/places/728329644,https://topostext.org/place/380237BHli,https://wikidata.org/wiki/Q1455447,NULL,NULL,NULL,NULL
23.73147,38.08194,Acharnae,"Attica Bk1","Attica Bk1",['demos'],['1.31.6'],NULL,https://pleiades.stoa.org/places/579842,NULL,https://wikidata.org/wiki/Q576319,NULL,NULL,NULL,NULL
23.8068,38.0263,"Altar of Ismenid Nymphs at Phlya","Attica Bk1",Phlya,['bomos'],['1.31.4'],Phlya,NULL,NULL,NULL,NULL,NULL,NULL,NULL
21.573,38.136,"Peiros river (Achaia)","Achaia Bk7","Achaia Bk7",['potamos'],"['7.18.1','7.18.2','7.22.1']",NULL,https://pleiades.stoa.org/places/570572,https://topostext.org/place/383218WPei,https://wikidata.org/wiki/Q3555219,NULL,"Pieros river",NULL,NULL
21.738518,38.243265,"Harbor of Patrae","Achaia Bk7",Patrae,['limen'],['7.21.7'],Patrae,NULL,NULL,NULL,NULL,NULL,NULL,NULL
21.630126,37.637849,"Altar of Homonoia at Olympia","Eleia Bk5 Bk6",Olympia,['bomos'],['5.14.9'],Olympia,NULL,NULL,NULL,NULL,NULL,NULL,NULL
22.51475,37.6199,"Sanctuary of Artemis on Mt. Artemision","Argolid Bk2","Artemision (mountain)",['hieron'],['2.25.3'],"Artemision (mountain)",NULL,NULL,https://wikidata.org/wiki/Q134034951,NULL,NULL,NULL,NULL
27.4713446,37.6220196,"Maeander (river)","Asia Minor (Asia)","Ionia (region)",['potamos'],"['1.29.7','10.32.13','2.5.3','2.7.9','4.34.1','4.34.2','5.14.3','7.2.11','8.24.11','8.41.3','8.7.3']",NULL,https://pleiades.stoa.org/places/599777,NULL,https://wikidata.org/wiki/Q211089,NULL,NULL,NULL,NULL
21.62982,37.63845,"Pelopeion (Olympia)","Eleia Bk5 Bk6",Olympia,['temenos'],"['5.13.1','5.13.2','5.13.8','5.14.10','5.24.5','5.27.1']",NULL,NULL,https://topostext.org/place/376216SOPe,https://wikidata.org/wiki/Q7161678,https://resource.manto.unh.edu/10267093,NULL,NULL,NULL
23.7168,37.9816,"Demosion Sema, Leosthenes, Athens","Athenai Bk1","Demosion Sema war graves, Athens",['taphos'],['1.29.13'],NULL,NULL,https://topostext.org/binder/JB1064,NULL,NULL,NULL,NULL,NULL
22.5384,38.0446,"Mysaion sanctuary of Mysian Demeter, 60 stades from Pellene","Achaia Bk7",Pellene,['hieron'],['7.27.9'],Pellene,NULL,NULL,https://wikidata.org/wiki/Q134037280,https://resource.manto.unh.edu/10276484,NULL,NULL,NULL
22.367,36.541,"Harbor of Messa","Lakonia Bk3","Messa (Lakonia)",['limen'],['3.25.9'],"Messa (Lakonia)",NULL,NULL,https://wikidata.org/wiki/Q124616411,NULL,NULL,NULL,NULL
22.49799432,38.48262717,"Delphi Stadium - Delphi","Phokis Bk10","Sanctuary of Pythian Apollo at Delphi",['stadion'],['10.32.1'],NULL,https://pleiades.stoa.org/places/333036426,NULL,https://wikidata.org/wiki/Q21705214,NULL,NULL,NULL,NULL
22.1273,37.4124,"Skoleitas hill inside walls of Megalopolis","Arcadia Bk8","Megalopolis (Arkadia)",['lophos'],['8.30.7'],"Megalopolis (Arkadia)",NULL,NULL,NULL,NULL,NULL,NULL,NULL
22.142494,36.964322,"Heracleion in Abia","Messenia Bk4",Abia,['hieron'],['4.30.1'],Abia,NULL,NULL,https://wikidata.org/wiki/Q134037053,NULL,NULL,NULL,NULL
21.788,37.601,"Tomb of Sauros by Erymanthos river","Eleia Bk5 Bk6","Ridge of Sauros by the Erymanthos river",['mnema'],['6.21.3'],"Ridge of Sauros by the Erymanthos river",NULL,NULL,https://wikidata.org/wiki/Q107031186,https://resource.manto.unh.edu/10268842,NULL,NULL,NULL
22.4237,37.0821,"House of Nabis in Sparta","Lakonia Bk3",Sparta,['oikia'],['8.51.2'],Sparta,NULL,NULL,NULL,NULL,NULL,NULL,NULL
22.87352,38.431063,Lebadeia,"Boiotia Bk9","Boiotia Bk9",['polis'],"['1.34.2','4.16.7','4.32.5','4.32.6','9.37.7','9.39.1','9.40.1','9.40.2','9.40.6']",NULL,https://pleiades.stoa.org/places/540907,NULL,https://wikidata.org/wiki/Q11931280,NULL,NULL,NULL,NULL
23.9895485,37.9289315,Philaidai,"Attica Bk1","Attica Bk1",['demos'],['1.23.7'],NULL,https://pleiades.stoa.org/places/580075,NULL,https://wikidata.org/wiki/Q13526169,NULL,NULL,NULL,NULL
23.4228,37.5022,"Genethlion near Troizen","Troizenia Bk2",Kelenderis,['chorion'],['2.32.9'],Kelenderis,NULL,NULL,https://wikidata.org/wiki/Q134078080,NULL,NULL,NULL,NULL
22.323,37.932,"Marble altar at Apollo Pythios sanctuary near Pheneos","Arcadia Bk8","Sanctuary of Apollo Pythios near Pheneus",['bomos'],['8.15.5'],"Sanctuary of Apollo Pythios near Pheneus",NULL,NULL,NULL,NULL,NULL,NULL,NULL
22.792,36.8,"Gymnasium of Akriai","Lakonia Bk3","Akriai (Lakonia)",['gymnasion'],['3.22.5'],"Akriai (Lakonia)",NULL,NULL,https://wikidata.org/wiki/Q124616346,NULL,NULL,NULL,NULL
15.5555232,38.1923323,Zancle/Messana,"Sicilia (island)","Sicilia (island)",['polis'],"['4.23.7','4.23.9','5.25.11','5.26.5']",NULL,https://pleiades.stoa.org/places/462538,NULL,https://wikidata.org/wiki/Q4023782,NULL,NULL,NULL,NULL
14.121868999999998,40.827957,Dikaiarcheia/Puteoli,"Italia (Europe)",Campania,['settlement'],"['4.35.11','8.7.3']",NULL,https://pleiades.stoa.org/places/432815,NULL,https://wikidata.org/wiki/Q72425,NULL,NULL,NULL,NULL
22.4237,37.0821,"Tomb of Alkman in Sparta","Lakonia Bk3",Sparta,['mnema'],['3.15.2'],Sparta,NULL,NULL,https://wikidata.org/wiki/Q124616324,NULL,NULL,NULL,NULL
23.4114,38.3999,"Zeus Hypatos sanctuary On Mt. Hypatos in Boeotia","Boiotia Bk9","Mt. Hypatos above Glisas",['naos'],['9.19.3'],NULL,https://pleiades.stoa.org/places/541179,https://topostext.org/place/384234SZeu,https://wikidata.org/wiki/Q106355998,NULL,NULL,NULL,NULL
21.62975,37.63754,"Altar of Herakles, (either one of the Kouretes or the son of Alkmene) at Olympia","Eleia Bk5 Bk6","Altis sacred grove (Olympia)",['bomos'],['5.14.9'],"Altis sacred grove (Olympia)",NULL,NULL,NULL,NULL,NULL,NULL,NULL
21.738518,38.243265,"Sanctuary of Calydonian Dionysos at Patrae","Achaia Bk7",Patrae,['hieron'],['7.21.1'],Patrae,NULL,NULL,https://wikidata.org/wiki/Q134036802,NULL,NULL,NULL,NULL
23.7257,37.9717,"Aphrodite Pandemos shrine in Athens","Athenai Bk1","Athenian Acropolis (Athens)",['hieron'],['1.22.7'],"Athenian Acropolis (Athens)",https://pleiades.stoa.org/places/365016220,https://topostext.org/place/380237SApP,https://wikidata.org/wiki/Q24204704,NULL,NULL,NULL,NULL
23.3178,38.3191,"Stones that followed Amphion, beside his tomb","Boiotia Bk9","Tomb of Amphion at Thebes",['petra'],['9.17.7'],"Tomb of Amphion at Thebes",NULL,NULL,NULL,NULL,NULL,NULL,NULL
22.39466,37.61055,"Horse-racing area by walls of Mantineia on highway to Tegea","Arcadia Bk8","Mantineia (Arkadia)","['chorion','hippodrome']",['8.10.1'],NULL,NULL,NULL,NULL,NULL,"Mantineia hippodrome",NULL,NULL
23.34285,37.997,"Acheloos altar in Megara","Megarid Bk1","Megara (Megarid)",['bomos'],['1.41.2'],"Megara (Megarid)",NULL,NULL,https://wikidata.org/wiki/Q124644622,NULL,NULL,NULL,NULL
31.2313,30.091800000000003,"lake between Ethiopia and Egypt through which the Nile passes","Libya (Africa)","Egypt (region)",['limne'],['5.7.4'],NULL,NULL,NULL,NULL,NULL,NULL,NULL,NULL
21.630126,37.637849,"Altar of Zeus Katharsios in Olympia","Eleia Bk5 Bk6",Olympia,['bomos'],['5.14.8'],Olympia,NULL,NULL,NULL,NULL,NULL,NULL,NULL
23.026,36.731,"Well beneath throne/statue of Asclepius in Epidaurus Asklepieion","Lakonia Bk3","Epidaurus Limera (Laconia)",['phrear'],['5.11.11'],"Epidaurus Limera (Laconia)",NULL,NULL,NULL,NULL,NULL,NULL,NULL
22.26501,36.84279,"Leuktra (Lakonia)","Lakonia Bk3","Lakonia Bk3",['polis'],"['3.21.7','3.26.4','3.26.5','3.26.6','3.26.7']",NULL,https://pleiades.stoa.org/places/570431,NULL,https://wikidata.org/wiki/Q11931799,NULL,Leuktron,NULL,NULL
30.835832,29.320878,"Krokodilopolis/Ptolemais Euergetis","Libya (Africa)","Egypt (region)",['chora'],['1.7.3'],NULL,https://pleiades.stoa.org/places/736948,NULL,https://wikidata.org/wiki/Q203299,NULL,NULL,NULL,NULL
22.8745,37.528,"Grave of Lysistratos by the sanctuary of Apollo Pythaeus in Asine","Argolid Bk2","Asine (Argolid)",['taphos'],['2.36.5'],"Asine (Argolid)",NULL,NULL,NULL,NULL,NULL,NULL,NULL
21.856169,32.818736,Cyrene,"Libya (Africa)",Cyrenaica,['polis'],"['1.6.8','1.7.1','1.7.2','10.15.7','10.2.3','3.14.3','3.16.2','6.19.10']",NULL,https://pleiades.stoa.org/places/373778,NULL,https://wikidata.org/wiki/Q44112,NULL,NULL,NULL,NULL
23.4767,37.4844,"Tomb of Sphaerus on Sphairia island of Troizenia","Troizenia Bk2","Sphairia? (Poros)",['mnema'],['2.33.1'],"Sphairia? (Poros)",NULL,NULL,NULL,https://resource.manto.unh.edu/10214880,NULL,NULL,NULL
22.432959,36.659054,Pyrrichos,"Lakonia Bk3","Lakonia Bk3",['polis'],"['3.21.7','3.25.1','3.25.3','3.25.4']",NULL,https://pleiades.stoa.org/places/570642,NULL,https://wikidata.org/wiki/Q7263760,NULL,NULL,NULL,NULL
12.486899999999999,41.8944,"Forum of Augustus in Rome","Italia (Europe)",Rome,['agora'],['8.46.4'],NULL,NULL,https://topostext.org/place/419125SFAu,https://wikidata.org/wiki/Q770797,NULL,NULL,NULL,NULL
22.7145,37.9834,"Sanctuary of Asklepios at Sicyon","Sikyonia Bk2","Sicyon (Sikyonia)",['hieron'],['2.10.2'],"Sicyon (Sikyonia)",NULL,NULL,https://wikidata.org/wiki/Q134037399,https://resource.manto.unh.edu/10159006,NULL,NULL,NULL
22.782061,38.645635,"temple of Asklepios at Elateia","Phokis Bk10",Elateia,['naos'],['10.34.6'],Elateia,NULL,NULL,NULL,NULL,NULL,NULL,NULL
22.7747,37.6919,"Altar with dedications at Argive Heraion","Argolid Bk2","Argive Heraion (Argolid)",['bomos'],['2.17.6'],"Argive Heraion (Argolid)",NULL,NULL,NULL,NULL,NULL,NULL,NULL
23.970146000000003,38.1465515,"Marathon deme","Attica Bk1","Attica Bk1","['chora','demos']","['1.14.5','1.17.6','1.27.10','1.28.2','1.28.4','1.29.4','1.32.3','1.32.4','1.33.1','1.33.2','2.1.1','2.29.4','4.25.5','5.11.6','7.15.7','9.1.3','9.32.9','9.4.1','9.4.2']",NULL,https://pleiades.stoa.org/places/580021,NULL,https://wikidata.org/wiki/Q13423602,NULL,NULL,NULL,NULL
27.19292,38.00466,Klaros,"Asia Minor (Asia)","Ionia (region)",['hieron'],"['10.12.5','7.3.1','7.3.2','7.3.4','7.5.3','7.5.4','8.29.4']",NULL,https://pleiades.stoa.org/places/599719,NULL,https://wikidata.org/wiki/Q1933754,NULL,NULL,NULL,NULL
21.75,41.75,Paionia,"Macedonia (Europe)","Macedonia (Europe)",['chora'],['10.19.7'],NULL,https://pleiades.stoa.org/places/491680,NULL,https://wikidata.org/wiki/Q249561,NULL,NULL,NULL,NULL
22.4502,37.0363,"Altar to Hyacinthus at statue base of Apollo Amyklaios","Lakonia Bk3","Sanctuary of Apollo at Amyklai",['bomos'],['3.19.3'],"Sanctuary of Apollo at Amyklai",NULL,NULL,https://wikidata.org/wiki/Q124616540,NULL,NULL,NULL,NULL
27.329993,37.703924,Panionion,"Asia Minor (Asia)","Ionia (region)",['naos'],"['7.3.10','7.4.10','7.5.1']",NULL,https://pleiades.stoa.org/places/599855,NULL,https://wikidata.org/wiki/Q1310950,NULL,NULL,NULL,NULL
23.3484,37.5033,"Sanctuary of Pan Lyterios in Troizen, below the Acropolis","Troizenia Bk2","Troizen (Troizenia)",['hieron'],['2.32.6'],"Troizen (Troizenia)",NULL,NULL,https://wikidata.org/wiki/Q134037941,NULL,NULL,NULL,NULL
27.249999999999996,38.25,"Kaleon (river)","Asia Minor (Asia)","Ionia (region)",['potamos'],['7.3.5'],NULL,https://pleiades.stoa.org/places/550608,NULL,NULL,NULL,NULL,NULL,NULL
28.224399999999996,36.4408,"Sanctuary of Helene Dendritis on Rhodes","Aegean Sea (Hellas)","Rhodes island",['hieron'],['3.19.10'],"Rhodes island",NULL,NULL,https://wikidata.org/wiki/Q124616465,NULL,NULL,NULL,NULL
21.63042,37.63794,"Bronze doors of temple of Zeus at Olympia","Eleia Bk5 Bk6","Zeus temple (Olympia)",['pylai'],['5.10.10'],"Zeus temple (Olympia)",NULL,NULL,NULL,NULL,NULL,NULL,NULL
