Lon,Lat,Name,Region,Part_of,Type,Passages,Location,Pleiades,ToposText,Wikidata,Manto,Altname,URL,Arachne
21.45,37.7,"Hollow Elis","Eleia Bk5 Bk6","Eleia Bk5 Bk6",['chora'],['5.16.6'],NULL,NULL,NULL,https://wikidata.org/wiki/Q11955829,NULL,"Coele Elis",NULL,NULL
22.30245,39.50051,Krannon/Ephyra,"Hellas (Europe)",Thessalia,['polis'],"['10.3.4','5.8.8']",NULL,https://pleiades.stoa.org/places/540886,NULL,https://wikidata.org/wiki/Q56427665,NULL,NULL,NULL,NULL
23.58944,38.46276,Euripos,"Euboea (island)","Euboian Gulf",['settlement'],"['1.23.3','1.38.1','2.24.6','5.23.2','6.13.8','7.7.6','9.12.6','9.19.6','9.22.5','9.31.3']",NULL,https://pleiades.stoa.org/places/540783,NULL,https://wikidata.org/wiki/Q1137741,NULL,NULL,NULL,NULL
21.630126,37.637849,"Altar of Apollo Pythios at Olympia","Eleia Bk5 Bk6",Olympia,['bomos'],['5.15.4'],Olympia,NULL,NULL,NULL,NULL,NULL,NULL,NULL
21.8,37.2,"Messenia Bk4",NULL,Peloponnesos,['chora'],"['2.18.7','2.18.8','3.1.4','3.13.1','3.14.4','3.2.6','3.26.6','3.26.7','3.3.2','3.7.5','4.1.2','4.12.1','4.12.7','4.14.3','4.14.4','4.14.7','4.15.8','4.16.9','4.17.1','4.18.2','4.19.4','4.19.5','4.2.5','4.20.2','4.21.1','4.23.1','4.24.4','4.28.2','4.29.11','4.3.10','4.3.2','4.3.3','4.3.4','4.3.5','4.30.1','4.31.1','4.34.9','4.36.7','4.4.2','4.4.3','4.5.8','4.5.9','4.6.4','4.7.1','4.7.4','5.6.3','8.1.1','8.1.2','8.27.15','8.35.2']",NULL,https://pleiades.stoa.org/places/570480,https://topostext.org/place/372218RMes,https://wikidata.org/wiki/Q1247159,NULL,NULL,NULL,NULL
21.6336,37.637,"pillar at the starting point of the horse tracks, Olympia","Eleia Bk5 Bk6","Hippodrome (Olympia)",['kion'],['5.15.5'],"Hippodrome (Olympia)",NULL,NULL,NULL,NULL,NULL,NULL,NULL
27.52785,37.8507,"Magnesia ad Maeandrum/Leukophrys","Asia Minor (Asia)","Ionia (region)",['settlement'],"['1.1.2','5.21.10','6.17.3']",NULL,https://pleiades.stoa.org/places/599778,NULL,https://wikidata.org/wiki/Q1432674,NULL,NULL,NULL,NULL
22.0453,37.5399,"Asclepius sanctuary and temple of Gortys in Arcadia","Arcadia Bk8",Gortys,"['Asclepieion','naos']","['5.7.1','8.28.1']",NULL,NULL,https://topostext.org/place/375220SAsk,NULL,NULL,NULL,NULL,NULL
21.62932,37.63923,"Altar of Pan at Olympia in Prytaneion on right of entrance","Eleia Bk5 Bk6","Prytaneion (Olympia)",['bomos'],['5.15.9'],"Prytaneion (Olympia)",NULL,NULL,NULL,NULL,NULL,NULL,NULL
22.026,37.527,"Gortynios/Lousios river (Arkadia)","Arcadia Bk8","Arcadia Bk8",['potamos'],"['5.7.1','8.28.2','8.28.3','8.4.8']",NULL,https://pleiades.stoa.org/places/570266,https://topostext.org/place/375220WGor,https://wikidata.org/wiki/Q1872337,NULL,NULL,NULL,NULL
21.630126,37.637849,"Theecoleon at Olympia","Eleia Bk5 Bk6",Olympia,['oikema'],['5.15.8'],Olympia,NULL,NULL,https://wikidata.org/wiki/Q23859825,NULL,NULL,NULL,NULL
27.589310000000005,37.51644,"Adyton of Endymion at Latmos","Asia Minor (Asia)","Latmos (mountain)",['adyton'],['5.1.5'],"Latmos (mountain)",NULL,NULL,NULL,https://resource.manto.unh.edu/10217967,NULL,NULL,NULL
35.01,13.01,"Aethiopia (Africa)","Libya (Africa)",NULL,"['major region']","['1.33.4','1.42.3','10.31.7','2.5.3','5.12.3','5.7.4','8.38.6','9.21.6']",NULL,https://pleiades.stoa.org/places/39274,NULL,https://wikidata.org/wiki/Q410453,NULL,NULL,NULL,NULL
21.630126,37.637849,"Altar of All the Gods in Workshop of Pheidias at Olympia","Eleia Bk5 Bk6",Olympia,['bomos'],['5.15.1'],Olympia,NULL,NULL,NULL,NULL,NULL,NULL,NULL
21.62975,37.63754,"Altar of Kairos, by the entrance of the stadium at Olympia","Eleia Bk5 Bk6","Altis sacred grove (Olympia)",['bomos'],['5.14.9'],"Altis sacred grove (Olympia)",NULL,NULL,NULL,NULL,NULL,NULL,NULL
22.305,37.533,Mainalos,"Arcadia Bk8","Arcadia Bk8",['polis'],"['5.27.1','6.6.1','6.6.3','6.8.5','8.27.3','8.3.4','8.36.5','8.36.8','8.9.3','8.9.4']",NULL,https://pleiades.stoa.org/places/570451,NULL,https://wikidata.org/wiki/Q11936450,NULL,NULL,NULL,NULL
21.6296,37.638,"Hippodamion at Olympia","Eleia Bk5 Bk6","Altis sacred grove (Olympia)","['hieron','mnema']","['5.22.2','6.20.7']",NULL,NULL,https://topostext.org/place/376216SHpd,https://wikidata.org/wiki/Q1619976,https://resource.manto.unh.edu/10217964,NULL,NULL,NULL
22.7145,37.9834,"Sicyon (Sikyonia)","Sikyonia Bk2","Sikyonia Bk2",['polis'],"['1.25.4','1.27.5','10.11.6','10.8.5','2.1.1','2.10.1','2.10.6','2.11.2','2.11.3','2.11.5','2.12.2','2.12.3','2.13.1','2.15.1','2.25.5','2.25.6','2.3.10','2.3.6','2.4.4','2.5.2','2.5.5','2.5.6','2.5.8','2.6.2','2.6.5','2.6.6','2.6.7','2.7.1','2.7.2','2.7.3','2.7.6','2.7.7','2.7.9','2.8.1','2.9.2','2.9.4','4.10.6','4.11.8','4.14.1','4.15.7','5.18.7','5.21.3','6.3.3','7.1.1','7.23.8','7.26.12','7.26.13','7.26.2','7.26.6','7.27.12','7.6.1','8.1.2']",NULL,https://pleiades.stoa.org/places/570668,https://topostext.org/place/380227PSik,https://wikidata.org/wiki/Q368628,NULL,Sikyon,NULL,NULL
31.50163508,41.01972392,"Bithynia (region)","Asia Minor (Asia)","Asia Minor (Asia)",['chora'],['5.12.7'],NULL,https://pleiades.stoa.org/places/511189,NULL,https://wikidata.org/wiki/Q373189,NULL,NULL,NULL,NULL
21.630126,37.637849,"Oracle of Ge at Olympia","Eleia Bk5 Bk6",Olympia,['manteion'],['5.14.10'],Olympia,NULL,NULL,NULL,NULL,NULL,NULL,NULL
12.4843457,41.89262,Rome,"Italia (Europe)","Roman empire",['polis'],"['10.34.4','10.36.6','10.8.6','2.1.2','2.21.6','4.35.10','5.25.8','6.9.3','7.10.11','7.10.12','7.12.2','7.12.7','7.12.8','7.12.9','7.13.5','7.14.1','7.14.3','7.14.5','7.22.5','7.22.9','7.8.6','7.9.1','7.9.4','7.9.6','8.17.4','9.27.3','9.27.4']",NULL,https://pleiades.stoa.org/places/423025,NULL,https://wikidata.org/wiki/Q18287233,NULL,Roma,NULL,NULL
25.3,38.1,"Aegean Sea (Hellas)",NULL,"Internum Mare",['thalassa'],"['1.1.1','1.1.2','1.1.3','1.1.5','1.12.5','1.13.2','1.17.3','1.22.4','1.23.3','1.26.5','1.27.9','1.28.11','1.31.1','1.32.7','1.33.2','1.34.1','1.35.5','1.38.1','1.38.4','1.4.3','1.4.5','1.8.1','1.9.7','2.12.2','2.22.1','2.26.9','2.29.10','2.29.6','2.30.7','2.34.6','2.34.8','2.36.4','2.36.6','2.36.7','2.37.1','2.37.2','2.38.1','2.38.4','2.5.3','4.34.12','5.21.10','5.23.2','6.16.5','8.14.12','9.11.5','9.15.5']",NULL,https://pleiades.stoa.org/places/560221,https://topostext.org/place/381253WAeg,https://wikidata.org/wiki/Q34575,NULL,NULL,NULL,NULL
21.62845,37.63929,"Running tracks in the gymnasium at Olympia","Eleia Bk5 Bk6","Gymnasium (Olympia)",['dromos'],['5.15.8'],"Gymnasium (Olympia)",NULL,NULL,NULL,NULL,NULL,NULL,NULL
21.6313,37.6389,"Stone platform (krepis) at the foot of mount Kronios, where Zanes are dedicated.","Eleia Bk5 Bk6","Altis sacred grove (Olympia)",['teichos'],['5.21.2'],NULL,NULL,NULL,NULL,NULL,NULL,NULL,NULL
21.630126,37.637849,"Altar of Ergane at Olympia","Eleia Bk5 Bk6",Olympia,['bomos'],['5.14.5'],Olympia,NULL,NULL,NULL,NULL,NULL,NULL,NULL
27.453939999999996,38.5668,Sipylos,"Asia Minor (Asia)","Lydia (province)",['oros'],"['1.21.3','1.24.8','2.22.3','3.22.4','5.13.7','6.22.1','7.24.13','7.27.12','8.17.3','8.2.7','8.38.10']",NULL,https://pleiades.stoa.org/places/550884,NULL,https://wikidata.org/wiki/Q532698,NULL,"Mount Sipylus /Manisa Dağı",NULL,NULL
21.63042,37.63794,"Roof of temple of Zeus at Olympia","Eleia Bk5 Bk6","Zeus temple (Olympia)",['roof'],['5.10.4'],"Zeus temple (Olympia)",NULL,NULL,NULL,NULL,NULL,NULL,NULL
12.4843457,41.89262,"Trajan's baths in Rome","Italia (Europe)",Rome,['loutron'],['5.12.6'],Rome,https://pleiades.stoa.org/places/188289894,NULL,https://wikidata.org/wiki/Q599035,NULL,NULL,NULL,NULL
21.630126,37.637849,"Altar of Nikê in Olympia","Eleia Bk5 Bk6",Olympia,['bomos'],['5.14.8'],Olympia,NULL,NULL,NULL,NULL,NULL,NULL,NULL
23.075,37.597,"Asklepieion of Epidauros","Epidauria Bk2","Epidauria Bk2",['Asclepieion'],"['10.38.13','2.1.4','2.26.1','2.26.9','2.27.2','2.27.6','2.27.7','3.23.7','5.11.11']",NULL,https://pleiades.stoa.org/places/570127,https://topostext.org/place/376231SAsk,https://wikidata.org/wiki/Q7698713,NULL,"Asclepieion of Epidaurus",NULL,NULL
23.5415,38.0441,"Eleusis (Attica)","Attica Bk1","Attica Bk1",['settlement'],"['1.26.3','5.10.1']",NULL,NULL,https://topostext.org/place/380235PEle,https://wikidata.org/wiki/Q11918833,NULL,NULL,NULL,NULL
21.1067,38.3388,"Achelous river (Aitolia)","Aitolia region","Aitolia region",['potamos'],"['1.34.3','4.34.1','5.1.8','8.24.11','8.24.9','8.38.10']",NULL,https://pleiades.stoa.org/places/530768,https://topostext.org/place/383211WAch,https://wikidata.org/wiki/Q203923,NULL,NULL,NULL,NULL
21.630126,37.637849,"Altars of the river Kladeos and of Aphrodite","Eleia Bk5 Bk6",Olympia,['bomos'],['5.15.7'],Olympia,NULL,NULL,NULL,NULL,NULL,NULL,NULL
21.630126,37.637849,"Stomion of Olympia, site of Themis altar","Eleia Bk5 Bk6",Olympia,['hieron'],['5.14.10'],Olympia,NULL,NULL,NULL,NULL,NULL,NULL,NULL
21.630126,37.637849,"Altar common to all the gods at Olympia, on which the Eleans do not pour wine in libation.","Eleia Bk5 Bk6",Olympia,['bomos'],['5.15.10'],Olympia,NULL,NULL,NULL,NULL,NULL,NULL,NULL
21.6336,37.637,"Hippodrome (Olympia)","Eleia Bk5 Bk6",Olympia,"['choma ges','hippodrome']","['5.15.5','6.20.10','6.20.15','6.21.1']",NULL,NULL,https://topostext.org/place/376216BOHi,https://wikidata.org/wiki/Q19602775,NULL,NULL,NULL,NULL
21.630126,37.637849,"Altar of Artemis at Olympia","Eleia Bk5 Bk6",Olympia,['bomos'],['5.14.5'],Olympia,NULL,NULL,NULL,NULL,NULL,NULL,NULL
21.629,37.472,"Akidas river (Eleia)","Eleia Bk5 Bk6","Eleia Bk5 Bk6",['potamos'],"['5.18.6','5.5.8','5.5.9','6.21.6']",NULL,https://pleiades.stoa.org/places/573064,https://topostext.org/place/375216WAki,https://wikidata.org/wiki/Q3791516,NULL,NULL,NULL,NULL
27.3722,36.684,"Cherronesos of Knidos","Asia Minor (Asia)",Knidos,['nesos'],['5.24.7'],NULL,NULL,NULL,https://wikidata.org/wiki/Q34849170,NULL,NULL,NULL,NULL
23.790499999999998,38.3982,"Sea off Eretria","Euboea (island)","Eretria (Euboea)",['thalassa'],['5.13.5'],"Eretria (Euboea)",NULL,NULL,NULL,NULL,NULL,NULL,NULL
27.37404,36.686188,Knidos,"Asia Minor (Asia)","Cherronesos of Knidos",['polis'],"['1.1.3','1.2.2','10.11.1','10.11.3','5.24.7','6.3.16','8.30.2']",NULL,https://pleiades.stoa.org/places/599576,NULL,https://wikidata.org/wiki/Q690575,NULL,Cnidus,https://imperium.ahlfeldt.se/places/21190,NULL
21.627,37.64,"Kladeos river (Eleia)","Eleia Bk5 Bk6","Eleia Bk5 Bk6",['potamos'],"['5.15.7','6.20.6','6.21.3']",NULL,https://pleiades.stoa.org/places/570358,https://topostext.org/place/378218WKla,https://wikidata.org/wiki/Q647970,NULL,NULL,NULL,NULL
57.50000000000001,38.5,Parthyene/Parthia,"Asia (continent)","Asia (continent)",['chora'],['5.12.6'],NULL,https://pleiades.stoa.org/places/952097,NULL,https://wikidata.org/wiki/Q1645483,NULL,NULL,NULL,NULL
19.6974,40.3787,Abantis,"Epiros region","Epiros region",['chora'],"['5.22.3','5.22.4']",NULL,https://pleiades.stoa.org/places/481715,https://topostext.org/place/405196UAma,https://wikidata.org/wiki/Q454510,NULL,Amantia,NULL,NULL
23.726464,37.971687,"Athenai Bk1","Attica Bk1","Attica Bk1",['polis'],"['1.1.2','1.1.5','1.14.1','1.14.5','1.14.7','1.15.2','1.17.6','1.18.4','1.18.8','1.19.1','1.2.1','1.2.4','1.2.5','1.20.4','1.20.5','1.20.6','1.20.7','1.22.3','1.23.9','1.25.5','1.25.8','1.26.2','1.26.3','1.26.6','1.27.10','1.27.2','1.27.3','1.27.5','1.27.6','1.27.8','1.28.4','1.28.8','1.29.12','1.29.2','1.3.2','1.30.1','1.30.2','1.32.3','1.32.6','1.33.1','1.33.2','1.34.3','1.35.3','1.36.3','1.37.5','1.37.6','1.37.7','1.39.4','1.40.5','1.41.4','1.41.9','1.8.5','10.10.1','10.18.7','10.2.3','10.21.6','10.23.14','10.3.1','10.34.8','10.35.8','10.37.6','10.4.3','10.4.9','10.8.5','2.1.4','2.14.4','2.18.9','2.26.2','2.27.2','2.3.8','2.31.7','2.33.4','2.33.5','2.6.5','3.12.7','3.3.7','3.4.2','3.5.2','3.6.4','3.6.5','3.8.6','3.9.6','4.13.7','4.15.1','4.17.5','4.2.6','4.26.8','4.5.10','4.5.2','5.10.4','5.11.6','5.12.4','5.19.3','5.21.1','5.26.6','5.6.5','6.17.9','6.20.14','6.22.7','7.1.2','7.1.3','7.10.4','7.11.6','7.2.2','7.2.7','7.20.6','7.24.5','7.25.2','7.25.4','7.7.8','7.9.6','8.11.6','8.23.3','8.37.3','8.8.6','9.1.4','9.14.7','9.15.4','9.15.5','9.26.6','9.3.2','9.30.1','9.32.5','9.35.3','9.39.1','9.6.2','9.7.1']",NULL,https://pleiades.stoa.org/places/579885,NULL,https://wikidata.org/wiki/Q844930,NULL,"Athens Athenae polis",NULL,NULL
22.1099,38.030042,Kynaitha,"Achaia Bk7","Achaia Bk7",['polis'],"['5.22.1','8.19.1','8.19.3']",NULL,https://pleiades.stoa.org/places/570392,NULL,https://wikidata.org/wiki/Q5199870,NULL,Cynaethae,NULL,NULL
21.64397,37.53409,"Lapithos (mountain)","Eleia Bk5 Bk6","Eleia Bk5 Bk6",['oros'],['5.5.8'],NULL,https://pleiades.stoa.org/places/570414,NULL,https://wikidata.org/wiki/Q6488235,NULL,NULL,NULL,NULL
27.0057354,38.9471678,"Caicus (river)","Asia Minor (Asia)",Aeolis,['potamos'],"['1.10.4','5.13.3','5.24.6','7.16.1','8.4.9','8.45.7','9.18.4','9.5.14']",NULL,https://pleiades.stoa.org/places/550491,NULL,https://wikidata.org/wiki/Q1737602,NULL,NULL,NULL,NULL
21.63042,37.63794,"Opisthodomus of the temple of Zeus at Olympia.","Eleia Bk5 Bk6","Zeus temple (Olympia)",['opisthodomus'],['5.10.9'],"Zeus temple (Olympia)",NULL,NULL,NULL,NULL,NULL,NULL,NULL
21.374,37.89,"Tomb of Aetolus at gate leading to Olympia","Eleia Bk5 Bk6","Elis polis",['mnema'],['5.4.4'],"Elis polis",NULL,NULL,NULL,https://resource.manto.unh.edu/10215549,NULL,NULL,NULL
27.236,37.404,"Panormos near Branchidae","Asia Minor (Asia)","Didyma Apollo sanctuary",['limen'],['5.7.5'],NULL,NULL,https://topostext.org/place/374272HPan,https://wikidata.org/wiki/Q60791437,NULL,NULL,NULL,NULL
21.630126,37.637849,"Altar of Zeus Agoraios at Olympia","Eleia Bk5 Bk6",Olympia,['bomos'],['5.15.4'],Olympia,NULL,NULL,NULL,NULL,NULL,NULL,NULL
30.7,27.1,"Egypt (region)","Libya (Africa)","Roman empire","['major region']","['1.11.5','1.36.6','1.39.6','1.42.3','1.44.3','1.6.1','1.6.3','1.6.5','1.6.6','1.6.7','1.6.8','1.7.1','1.7.2','1.7.3','1.9.1','1.9.3','1.9.4','10.32.18','10.7.8','2.16.1','2.9.3','3.10.2','3.6.9','5.21.15','5.7.4','6.26.9','6.3.1','7.5.5','8.33.3']",NULL,https://pleiades.stoa.org/places/981503,NULL,https://wikidata.org/wiki/Q11768,NULL,NULL,NULL,NULL
21.62976,37.63887,"Temple of Hera at Olympia","Eleia Bk5 Bk6","Altis sacred grove (Olympia)",['naos'],"['5.13.8','5.15.7','5.16.1','5.17.1','5.17.3','5.20.1','5.20.4','5.27.11','6.1.3','6.19.1','6.19.12','6.19.8']",NULL,https://pleiades.stoa.org/places/584889481,https://topostext.org/place/376216SOHe,https://wikidata.org/wiki/Q633572,NULL,"Heraion of Olympia",NULL,NULL
25.1617,37.538,"Tenos (Tinos)","Aegean Sea (Hellas)","Cyclades region (Aegean)",['polis'],['5.23.2'],NULL,NULL,https://topostext.org/place/375252PTen,https://wikidata.org/wiki/Q211285,NULL,NULL,NULL,NULL
22.45931,37.85932,Stymphalos,"Arcadia Bk8","Arcadia Bk8",['settlement'],"['2.24.6','5.10.9','6.7.10','8.13.5','8.22.1','8.22.2','8.22.3','8.22.6','8.22.7','8.22.8','8.23.1','8.4.6','9.11.6']",NULL,https://pleiades.stoa.org/places/570696,NULL,https://wikidata.org/wiki/Q2359730,NULL,NULL,NULL,NULL
15.0878345,37.5024825,Katane/Catina,"Sicilia (island)","Sicilia (island)",['chora'],"['10.28.4','5.23.6','7.16.5']",NULL,https://pleiades.stoa.org/places/462270,NULL,https://wikidata.org/wiki/Q3813280,NULL,NULL,NULL,NULL
21.374,37.89,"Sanctuary of Athena Narkaia, founded by Narcaeus in Elis","Eleia Bk5 Bk6","Elis polis",['hieron'],['5.16.7'],"Elis polis",NULL,NULL,https://wikidata.org/wiki/Q134036744,https://resource.manto.unh.edu/10267746,NULL,NULL,NULL
21.62982,37.63845,"Sacrificial pit in the Pelopeion, Olympia","Eleia Bk5 Bk6","Pelopeion (Olympia)",['bothros'],['5.13.2'],"Pelopeion (Olympia)",NULL,NULL,NULL,NULL,NULL,NULL,NULL
21.62932,37.63923,"Prytaneion (Olympia)","Eleia Bk5 Bk6",Olympia,['prytaneion'],"['5.13.11','5.15.11','5.15.12','5.15.8','5.15.9','5.20.10']",NULL,NULL,https://topostext.org/place/376216BOPr,https://wikidata.org/wiki/Q23889050,NULL,NULL,NULL,NULL
25.163105999999996,35.297847,"Knosos/Col. Iulia Nobilis Cnosos",Crete,Crete,['polis'],"['1.18.5','1.27.10','3.2.4','5.10.9','6.4.11','8.53.8']",NULL,https://pleiades.stoa.org/places/589872,NULL,https://wikidata.org/wiki/Q173527,NULL,NULL,NULL,NULL
27.184167,39.1325,Pergamum,"Asia Minor (Asia)",Mysia,['settlement'],"['1.10.4','1.11.2','1.4.5','1.4.6','10.15.3','10.18.6','3.26.10','5.13.3','5.13.8','7.16.1','7.16.8','7.2.11','8.4.9']",NULL,https://pleiades.stoa.org/places/550812,NULL,https://wikidata.org/wiki/Q18986,NULL,NULL,NULL,NULL
12.4843457,41.89262,"building for horse races built by Trajan, 2 stades long","Italia (Europe)",Rome,['hippodrome'],['5.12.6'],Rome,NULL,NULL,NULL,NULL,NULL,NULL,NULL
26.331240830000002,39.90055031,Troas,"Asia (continent)","Asia Minor (Asia)",['chora'],"['1.4.6','10.12.6','10.14.1','10.14.4','10.36.10','4.2.7','5.25.6','6.4.9']",NULL,https://pleiades.stoa.org/places/550944,NULL,https://wikidata.org/wiki/Q2454671,NULL,NULL,NULL,NULL
27.589310000000005,37.51644,"Latmos (mountain)","Asia Minor (Asia)","Ionia (region)",['oros'],['5.1.5'],NULL,https://pleiades.stoa.org/places/599753,NULL,https://wikidata.org/wiki/Q854649,NULL,NULL,NULL,NULL
22.80004,37.59918,Tiryns,"Argolid Bk2","Argolid Bk2","['polis','settlement']","['1.32.6','2.16.2','2.16.5','2.17.5','2.25.8','5.2.2','5.23.3','7.25.6','8.14.2','8.27.1','8.33.3','8.46.3','9.11.1','9.36.5']",NULL,https://pleiades.stoa.org/places/570740,NULL,https://wikidata.org/wiki/Q217379,NULL,NULL,NULL,NULL
21.640599,38.153707,Olenos,"Achaia Bk7","Achaia Bk7",['settlement'],"['5.3.3','7.18.1','7.19.9','7.22.1','7.6.1']",NULL,https://pleiades.stoa.org/places/570528,NULL,https://wikidata.org/wiki/Q11939304,NULL,NULL,NULL,NULL
21.630126,37.637849,"Altar of Artemis at Olympia near Stoa of Agnaptus","Eleia Bk5 Bk6",Olympia,['bomos'],['5.15.6'],Olympia,NULL,NULL,NULL,NULL,NULL,NULL,NULL
21.6336,37.637,"Two altars of Zeus Hypsistos next to one another, Olympia","Eleia Bk5 Bk6","Hippodrome (Olympia)",['bomos'],['5.15.5'],"Hippodrome (Olympia)",NULL,NULL,NULL,NULL,NULL,NULL,NULL
21.63176,37.63888,"Altar of Hermes Enagonios, by the entrance of the stadium at Olympia","Eleia Bk5 Bk6","Hidden entrance to stadium at Olympia",['bomos'],['5.14.9'],"Hidden entrance to stadium at Olympia",NULL,NULL,NULL,NULL,NULL,NULL,NULL
24.717535,40.78201,"Thasos polis","Aegean Sea (Hellas)","Thasos island",['polis'],['5.25.12'],NULL,https://pleiades.stoa.org/places/501634,NULL,https://wikidata.org/wiki/Q2409204,NULL,NULL,NULL,NULL
21.630126,37.637849,"Altar of the Unknown Gods at Olympia","Eleia Bk5 Bk6",Olympia,['bomos'],['5.14.8'],Olympia,NULL,NULL,NULL,NULL,NULL,NULL,NULL
22.4502,37.0363,"Amyclae (Laconia)","Lakonia Bk3","Lakonia Bk3",['polisma'],"['2.16.4','2.16.6','3.1.3','3.10.8','3.16.2','3.18.6','3.18.7','3.19.6','3.2.6','3.20.3','3.20.6','4.14.2','4.18.3','5.11.4']",NULL,https://pleiades.stoa.org/places/570074,https://topostext.org/place/370224UAmy,https://wikidata.org/wiki/Q13074886,NULL,Amyklai,NULL,NULL
21.602752,37.609552,Skillous,"Eleia Bk5 Bk6","Eleia Bk5 Bk6",['polis'],"['5.6.4','5.6.5','5.6.6','5.6.7']",NULL,https://pleiades.stoa.org/places/570674,NULL,https://wikidata.org/wiki/Q733291,NULL,NULL,NULL,NULL
22.3584897,40.0862269,"Ouranos (home of the gods)","Hellas (Europe)","Olympos (mountain in Greece)","['mythical place']","['1.20.3','1.26.6','10.30.2','3.18.11','3.19.4','3.19.5','5.11.7','9.37.8']","Olympos (mountain in Greece)",NULL,NULL,https://wikidata.org/wiki/Q70054479,NULL,"Heaven Olympus sky",NULL,NULL
22.2,39.6,Thessalia,"Hellas (Europe)","Hellas (Europe)",['chora'],"['1.11.1','1.29.13','1.4.1','1.8.3','10.22.3','10.8.4','2.2.5','2.23.5','2.24.1','2.6.1','3.20.6','3.6.1','3.7.9','3.9.12','3.9.13','4.36.3','5.1.11','6.17.9','6.4.7','7.1.2','7.1.3','7.10.2','7.15.2','7.19.7','7.6.5','8.27.10','8.6.2','9.15.1','9.40.5','9.8.6']",NULL,https://pleiades.stoa.org/places/1332,NULL,https://wikidata.org/wiki/Q1247568,NULL,NULL,NULL,NULL
21.630126,37.637849,"Altar of Alpheios and Artemis (single altar) at Olympia","Eleia Bk5 Bk6",Olympia,['bomos'],['5.14.6'],Olympia,NULL,NULL,NULL,NULL,NULL,NULL,NULL
21.630126,37.637849,"Ash altar of Hera Olympia at Olympia","Eleia Bk5 Bk6",Olympia,['bomos'],['5.14.8'],Olympia,NULL,NULL,NULL,NULL,NULL,NULL,NULL
21.630126,37.637849,Olympia,"Eleia Bk5 Bk6","Pisa (Eleia)",['hieron'],"['1.28.1','1.35.6','1.44.1','10.14.5','10.37.4','10.38.8','10.7.5','10.9.4','2.11.8','2.5.7','2.7.2','3.8.3','3.8.4','3.8.5','4.31.6','5.1.4','5.1.7','5.10.1','5.10.3','5.10.4','5.10.5','5.10.7','5.10.9','5.11.10','5.11.4','5.11.9','5.12.4','5.12.5','5.12.8','5.13.1','5.13.10','5.13.9','5.14.1','5.14.2','5.14.4','5.15.12','5.15.3','5.16.8','5.17.5','5.2.3','5.2.5','5.20.6','5.21.16','5.23.3','5.23.6','5.24.4','5.24.6','5.24.8','5.25.12','5.25.13','5.25.4','5.25.5','5.25.7','5.26.1','5.26.4','5.26.5','5.26.7','5.27.1','5.27.2','5.27.9','5.4.4','5.4.5','5.4.6','5.4.7','5.4.8','5.5.3','5.6.1','5.6.7','5.6.8','5.7.1','5.7.10','5.7.6','5.7.9','5.8.1','5.8.2','5.8.5','5.8.6','5.9.1','5.9.4','6.1.6','6.10.2','6.10.4','6.10.8','6.12.4','6.12.5','6.12.6','6.12.7','6.12.8','6.13.11','6.13.2','6.13.3','6.13.5','6.13.6','6.13.8','6.14.1','6.14.10','6.14.13','6.14.2','6.14.3','6.14.5','6.15.1','6.15.2','6.15.3','6.15.6','6.15.9','6.16.1','6.16.4','6.16.5','6.16.8','6.16.9','6.17.2','6.17.7','6.18.1','6.18.2','6.18.7','6.19.1','6.19.10','6.19.14','6.19.4','6.2.10','6.2.2','6.2.6','6.20.14','6.20.19','6.20.2','6.20.7','6.21.2','6.22.5','6.22.7','6.23.1','6.23.6','6.3.11','6.3.14','6.3.15','6.3.2','6.3.9','6.4.11','6.4.2','6.4.5','6.4.6','6.4.9','6.5.7','6.6.1','6.6.3','6.6.5','6.7.10','6.7.3','6.7.8','6.8.1','6.8.2','6.8.3','6.8.6','6.9.3','7.17.13','7.17.14','7.17.6','7.23.5','7.27.5','7.27.6','7.6.4','8.1.2','8.19.1','8.42.9','8.48.1','8.48.2','8.50.3','8.54.3','9.23.1','9.7.5']",NULL,https://pleiades.stoa.org/places/570531,NULL,https://wikidata.org/wiki/Q38888,https://resource.manto.unh.edu/10217933,"Sanctuary of Olympian Zeus in Pisatis",NULL,NULL
21.63291462,37.6391184,"Olympia Stadium","Eleia Bk5 Bk6",Olympia,"['choma ges','stadion']","['5.14.9','5.16.3','5.21.15','5.21.2','5.22.1','6.19.15','6.20.10','6.20.8','6.20.9','9.23.1']",NULL,NULL,https://topostext.org/place/376216BOSt,https://wikidata.org/wiki/Q4357227,NULL,NULL,https://imperium.ahlfeldt.se/places/24219,NULL
21.63042,37.63794,"table to exhibit crowns in Temple of Zeus at Olympia","Eleia Bk5 Bk6","Zeus temple (Olympia)",['trapeza'],['5.12.5'],"Zeus temple (Olympia)",NULL,NULL,NULL,NULL,NULL,NULL,NULL
21.6336,37.637,"Altar of Aphrodite at Olympia by Hippodrome","Eleia Bk5 Bk6","Hippodrome (Olympia)",['bomos'],['5.15.6'],"Hippodrome (Olympia)",NULL,NULL,NULL,NULL,NULL,NULL,NULL
22.8802,37.9054,"Corinth (Corinthia)","Corinthia Bk2","Corinthia Bk2",['polis'],"['1.27.10','1.27.9','1.29.11','1.37.5','1.39.4','1.44.10','1.44.6','10.11.6','10.5.3','10.8.5','10.9.10','2.1.1','2.1.2','2.1.6','2.15.1','2.2.2','2.2.4','2.2.5','2.2.6','2.28.8','2.3.1','2.3.10','2.3.11','2.3.5','2.3.7','2.31.9','2.4.3','2.4.4','2.4.6','2.5.1','2.5.5','2.6.1','2.7.2','2.8.4','2.8.5','3.10.1','3.5.7','4.17.5','5.10.5','5.17.5','6.2.2','7.14.1','7.14.2','7.14.5','7.15.10','7.16.4','7.16.7','7.27.6','7.6.7','7.7.6','7.8.1','7.8.2','9.26.2','9.6.4','9.9.4']",NULL,https://pleiades.stoa.org/places/570182,https://topostext.org/place/379229PKor,https://wikidata.org/wiki/Q1363688,NULL,Korinthos,NULL,NULL
21.6336,37.637,"Altar of Athena Hippia at Olympia","Eleia Bk5 Bk6","Hippodrome (Olympia)",['bomos'],['5.15.6'],"Embolon within hippodrome at Olympia",NULL,NULL,NULL,NULL,NULL,NULL,NULL
21.68253,37.61158,"Typaion (mountain)","Eleia Bk5 Bk6","Eleia Bk5 Bk6",['oros'],['5.6.7'],NULL,https://pleiades.stoa.org/places/570757,NULL,https://wikidata.org/wiki/Q15205657,NULL,NULL,NULL,NULL
92.5,37.5,Issedones,"Asia (continent)","Asia (continent)",['chora'],"['1.24.6','1.31.2','5.7.9']",NULL,https://pleiades.stoa.org/places/59853,NULL,https://wikidata.org/wiki/Q1079061,NULL,NULL,NULL,NULL
22.041,37.534,Gortys,"Arcadia Bk8",Kynouriake,['settlement'],"['5.7.1','8.27.4','8.27.7','8.28.1','8.28.2','8.4.8']",NULL,https://pleiades.stoa.org/places/570267,NULL,https://wikidata.org/wiki/Q1538431,NULL,NULL,NULL,NULL
26.0806,40.7241,Ainos,"Thrace (Europe)","Thrace (Europe)",['polis'],['5.27.12'],NULL,https://pleiades.stoa.org/places/501337,NULL,https://wikidata.org/wiki/Q14800358,NULL,NULL,NULL,NULL
35.6191595,33.1864496,"Iordanes (river)","Asia (continent)",Palaestina,['potamos'],['5.7.4'],NULL,https://pleiades.stoa.org/places/687932,NULL,https://wikidata.org/wiki/Q40059,NULL,NULL,NULL,NULL
22.973,37.928,"Isthmus of Corinth","Corinthia Bk2","Corinthia Bk2",['chora'],"['1.25.4','1.27.10','1.44.8','10.5.3','2.1.4','2.1.5','2.1.6','2.1.7','2.15.1','2.2.2','2.2.3','2.29.7','2.5.7','2.8.5','3.21.6','3.9.1','4.9.2','5.2.1','5.3.6','6.13.10','7.15.11','7.16.1','7.27.5','7.6.7','7.7.2','8.1.1','8.48.2','8.5.1','8.5.6']",NULL,https://pleiades.stoa.org/places/570317,https://topostext.org/place/379230LIst,https://wikidata.org/wiki/Q215200,NULL,NULL,NULL,NULL
22.7113,38.7759,"Thronion (East Lokris)","Hellas (Europe)",Phthiotis,['polis'],['5.22.4'],NULL,NULL,https://topostext.org/place/388227PThr,https://wikidata.org/wiki/Q3035310,NULL,NULL,NULL,NULL
22.75372,37.81708,Kleonai,"Argolid Bk2",Peloponnesos,['polis'],"['2.15.1','2.15.2','5.2.1','7.25.6']",NULL,https://pleiades.stoa.org/places/570361,NULL,https://wikidata.org/wiki/Q1774167,NULL,Cleonae,NULL,NULL
21.630126,37.637849,"Altar of Artemis Kokkokas at Olympia","Eleia Bk5 Bk6",Olympia,['bomos'],['5.15.7'],Olympia,NULL,NULL,NULL,NULL,NULL,NULL,NULL
21.630126,37.637849,"Sea (Aphrodite represented rising from the sea on the footstool of the cult statue of Zeus at Olympia)","Eleia Bk5 Bk6",Olympia,['thalassa'],['5.11.8'],Olympia,NULL,NULL,NULL,NULL,NULL,NULL,NULL
15.0878345,37.5024825,"Sanctuary of Hyblaia at Catania","Sicilia (island)",Katane/Catina,['hieron'],['5.23.6'],Katane/Catina,NULL,NULL,https://wikidata.org/wiki/Q134036733,NULL,NULL,NULL,NULL
21.374,37.89,"Gymnasium of Elis","Eleia Bk5 Bk6","Elis polis",['gymnasion'],"['5.21.17','6.23.1','6.23.2','6.23.3']","Elis polis",NULL,https://topostext.org/place/379214BElG,https://wikidata.org/wiki/Q107031194,NULL,NULL,NULL,NULL
21.62914,37.63705,"Leonidaion (Olympia)","Eleia Bk5 Bk6",Olympia,['oikema'],"['5.15.1','5.15.2','5.15.3','5.15.4','6.17.1']",NULL,NULL,https://topostext.org/place/376216BOLe,https://wikidata.org/wiki/Q3271682,NULL,NULL,NULL,NULL
27.953167,38.277489,"Sanctuary of Persian Artemis in Hypaipa","Asia Minor (Asia)",Hypaipa,['hieron'],"['5.27.5','5.27.6']",Hypaipa,NULL,NULL,https://wikidata.org/wiki/Q134038486,NULL,"Sanctuary of the Persian Lydians in Hypaepa",NULL,NULL
35.52394311,31.57785035,"Mortuum Mare/Asphaltitis L.","Asia (continent)",Palaestina,['limne'],"['5.7.4','5.7.5']",NULL,https://pleiades.stoa.org/places/697709,NULL,https://wikidata.org/wiki/Q23883,NULL,"Dead Sea",NULL,NULL
27.1383,38.41905,"Smyrna (Ionia)","Asia Minor (Asia)","Ionia (region)",['polis'],"['4.30.6','5.8.7','7.5.1','7.5.2','9.11.7']",NULL,https://pleiades.stoa.org/places/550893,NULL,https://wikidata.org/wiki/Q1379299,NULL,NULL,NULL,NULL
21.630126,37.637849,"Altar of Themis on Stomion at Olympia","Eleia Bk5 Bk6","Stomion of Olympia, site of Themis altar",['bomos'],['5.14.10'],"Stomion of Olympia, site of Themis altar",NULL,NULL,NULL,NULL,NULL,NULL,NULL
22.31275269,37.25289778,Peloponnesos,"Hellas (Europe)","Hellas (Europe)","['major region']","['1.13.4','1.13.7','1.25.4','1.27.10','1.27.5','1.3.4','1.41.2','10.1.2','10.18.2','10.38.10','2.1.1','2.1.2','2.1.5','2.12.3','2.13.1','2.13.7','2.18.7','2.20.1','2.21.5','2.24.5','2.26.1','2.26.3','2.26.4','2.34.4','2.34.8','2.37.3','2.5.3','2.5.6','2.5.7','2.7.6','2.8.6','2.9.2','3.1.6','3.13.2','3.2.6','3.21.6','3.22.6','3.3.4','3.7.6','3.9.1','4.14.6','4.15.6','4.24.7','4.26.1','4.26.3','4.26.5','4.27.11','4.27.8','4.27.9','4.28.1','4.29.13','4.29.2','4.29.4','4.31.11','4.34.10','4.34.5','4.34.9','4.35.1','5.1.1','5.1.2','5.1.7','5.1.8','5.3.5','5.3.6','5.6.3','5.8.2','6.2.10','6.2.11','6.7.6','7.13.5','7.15.6','7.3.9','7.7.6','8.1.1','8.1.2','8.27.5','8.30.5','8.38.7','8.45.3','8.5.1','8.5.6','8.51.3','8.54.7','9.14.4','9.15.4','9.32.1','9.9.2']",NULL,https://pleiades.stoa.org/places/570577,NULL,https://wikidata.org/wiki/Q78967,NULL,Peloponnese,NULL,NULL
25.190929999999998,37.03613,"Paros (island)","Aegean Sea (Hellas)","Cyclades region (Aegean)",['nesos'],"['1.32.4','10.28.3','5.20.2','9.20.4','9.22.6']",NULL,https://pleiades.stoa.org/places/599868,NULL,NULL,NULL,NULL,https://imperium.ahlfeldt.se/places/41422,NULL
21.630126,37.637849,"Altar of Artemis Agoraia at Olympia outside the Altis","Eleia Bk5 Bk6",Olympia,['bomos'],['5.15.4'],Olympia,NULL,NULL,NULL,NULL,NULL,NULL,NULL
23.5841,38.3074,"Tanagra (Boeotia)","Boiotia Bk9",Tanagraia,['polis'],"['1.29.6','1.29.9','1.34.1','3.11.8','5.10.4','9.20.1','9.20.3','9.22.1','9.22.2','9.22.3','9.22.4']",NULL,https://pleiades.stoa.org/places/580114,https://topostext.org/place/383236PTan,https://wikidata.org/wiki/Q56259452,NULL,NULL,NULL,NULL
21.4313,37.6729,"Letrinoi (Eleia)","Eleia Bk5 Bk6","Eleia Bk5 Bk6",['settlement'],"['5.14.6','6.22.10','6.22.11','6.22.8','6.22.9']",NULL,https://pleiades.stoa.org/places/570427,https://topostext.org/place/377214PLet,https://wikidata.org/wiki/Q12880141,NULL,NULL,NULL,NULL
21.630126,37.637849,"Altar of Pan at Olympia in building in front of Theocoleon","Eleia Bk5 Bk6",Olympia,['bomos'],['5.15.8'],Olympia,NULL,NULL,NULL,NULL,NULL,NULL,NULL
22.1305,37.4123,"Helisson (river)","Arcadia Bk8","Arcadia Bk8",['potamos'],"['5.7.1','8.29.5','8.3.3','8.30.1','8.30.2','8.31.9','8.32.1','8.32.5','8.35.9']",NULL,https://pleiades.stoa.org/places/570284,NULL,https://wikidata.org/wiki/Q15137556,NULL,NULL,NULL,NULL
21.630126,37.637849,"Ceremonial entrance to the Altis","Eleia Bk5 Bk6",Olympia,['esodos'],['5.15.2'],Olympia,NULL,NULL,NULL,NULL,NULL,NULL,NULL
23.419,39.964,"Sipte, fortress city in Thrace","Thrace (Europe)","Thrace (Europe)",['polis'],['5.27.12'],Mende,NULL,NULL,NULL,NULL,NULL,NULL,NULL
21.374,37.89,"Altar of Zeus Soter in Elis","Eleia Bk5 Bk6","Elis polis",['bomos'],['5.5.1'],"Elis polis",NULL,NULL,NULL,NULL,NULL,NULL,NULL
22.429,37.464,"Tegea (Arkadia)","Arcadia Bk8",Tegeatis,['polis'],"['2.17.7','2.24.5','2.24.7','2.25.1','3.11.10','3.11.7','3.3.5','3.7.10','5.26.4','5.26.5','7.14.4','8.10.1','8.11.1','8.27.2','8.3.4','8.4.3','8.4.8','8.4.9','8.44.1','8.44.7','8.44.8','8.47.1','8.47.5','8.47.6','8.48.5','8.5.3','8.5.4','8.52.6','8.53.10','8.53.11','8.53.7','8.54.4','8.54.5','8.6.4']",NULL,https://pleiades.stoa.org/places/570707,https://topostext.org/place/375224PTeg,https://wikidata.org/wiki/Q645234,NULL,NULL,NULL,NULL
20.7683,38.9509,Actium,"Hellas (Europe)",Akarnania,['settlement'],"['5.23.3','7.18.8']",NULL,https://pleiades.stoa.org/places/530771,NULL,https://wikidata.org/wiki/Q216551,NULL,NULL,NULL,NULL
22.6222206,38.5348857,"Parnassus (mountain)","Phokis Bk10","Phokis Bk10",['oros'],"['1.4.4','10.14.7','10.23.4','10.23.5','10.24.7','10.29.5','10.32.2','10.32.7','10.33.3','10.33.5','10.36.3','10.4.3','10.5.1','10.5.6','10.6.1','10.6.2','10.6.7','10.8.9','2.29.2','2.29.3','4.33.3','4.34.10','4.34.11','4.34.9','5.1.2','7.3.10','8.4.6']",NULL,https://pleiades.stoa.org/places/541012,NULL,https://wikidata.org/wiki/Q105261,NULL,NULL,NULL,NULL
12.4843457,41.89262,"circular theater in Rome built by Trajan","Italia (Europe)",Rome,['theatron'],['5.12.6'],Rome,https://pleiades.stoa.org/places/537585744,NULL,https://wikidata.org/wiki/Q475012,NULL,NULL,NULL,NULL
27.197,38.6719,Temnos,"Asia Minor (Asia)","Lydia (province)",['polis'],['5.13.7'],NULL,https://pleiades.stoa.org/places/550908,NULL,https://wikidata.org/wiki/Q376084,NULL,NULL,NULL,NULL
21.630126,37.637849,"Altar of Gê made of ashes on the Gaion in Olympia","Eleia Bk5 Bk6","Gaion / Gaeum in Olympia",['bomos'],['5.14.10'],"Gaion / Gaeum in Olympia",NULL,NULL,NULL,NULL,NULL,NULL,NULL
21.630126,37.637849,"Altar of Athena at Olympia near the Temple of Zeus","Eleia Bk5 Bk6",Olympia,['bomos'],['5.14.5'],Olympia,NULL,NULL,NULL,NULL,NULL,NULL,NULL
12.484406,41.89244905,"Forum Romanum","Italia (Europe)",Rome,['agora'],['5.12.6'],NULL,https://pleiades.stoa.org/places/502866838,NULL,https://wikidata.org/wiki/Q180212,NULL,NULL,NULL,NULL
21.6336,37.637,"Altar of Pan at Olympia by Hippodrome","Eleia Bk5 Bk6","Hippodrome (Olympia)",['bomos'],['5.15.6'],"Hippodrome (Olympia)",NULL,NULL,NULL,NULL,NULL,NULL,NULL
21.842,37.4075,"Tomb of Lepreus, allegedly buried in Phigaleia but tomb unknown to Phigaleians","Arcadia Bk8",Phigaleia,['mnema'],['5.5.4'],Phigaleia,NULL,NULL,NULL,NULL,NULL,NULL,NULL
14.260569999999998,41.11825,"Sanctuary of Artemis in Campania","Italia (Europe)",Campania,['hieron'],['5.12.3'],NULL,NULL,NULL,https://wikidata.org/wiki/Q133868539,NULL,"Artemis Tifatina sanctuary",NULL,NULL
21.6336,37.637,"Altar of the Dioskouroi at Olympia near Hippodrome","Eleia Bk5 Bk6","Hippodrome (Olympia)",['bomos'],['5.15.5'],"Hippodrome (Olympia)",NULL,NULL,NULL,NULL,NULL,NULL,NULL
13.5858994,37.2918294,Akragas/Agrigentum,"Sicilia (island)","Sicilia (island)",['polis'],"['5.25.5','5.25.7']",NULL,https://pleiades.stoa.org/places/462086,NULL,https://wikidata.org/wiki/Q3607380,NULL,NULL,NULL,NULL
21.630126,37.637849,"Altar of Athena at Olympia","Eleia Bk5 Bk6",Olympia,['bomos'],['5.14.9'],Olympia,NULL,NULL,NULL,NULL,NULL,NULL,NULL
21.62975,37.63754,"Altar used as herald's platform outside Olympia stadium","Eleia Bk5 Bk6","Altis sacred grove (Olympia)",['bomos'],['5.22.1'],"Altis sacred grove (Olympia)",NULL,NULL,NULL,NULL,NULL,NULL,NULL
22.7108,37.8085,"Sanctuary of Nemean Zeus, Nemea","Argolid Bk2","Argolid Bk2",['hieron'],"['1.27.9','1.29.5','2.15.2','2.15.3','2.19.5','5.11.5','5.25.7','5.26.7','6.1.8','6.12.8','6.14.2','6.15.1','6.15.6','6.2.11','6.20.19','6.3.11','6.3.9','6.4.5','6.4.6','6.5.5','6.7.10','8.48.2']",NULL,https://pleiades.stoa.org/places/570504,https://topostext.org/place/378227SNem,https://wikidata.org/wiki/Q748108,NULL,NULL,NULL,NULL
21.6336,37.637,"Starting point of the horse tracks","Eleia Bk5 Bk6","Hippodrome (Olympia)",['dromos'],['5.15.5'],"Hippodrome (Olympia)",NULL,NULL,NULL,NULL,NULL,NULL,NULL
26.5,31.5,"Libya (Africa)",NULL,"Roman empire","['major region']","['1.44.3','1.6.5','10.13.5','2.13.8','2.21.6','2.28.1','4.23.10','4.26.2','5.15.11','5.25.5','8.11.11','9.16.1','9.21.5','9.33.7']",NULL,https://pleiades.stoa.org/places/716588,NULL,https://wikidata.org/wiki/Q2370577,NULL,NULL,NULL,NULL
21.630126,37.637849,"Altar of Apollo at Olympia behind the Heraion","Eleia Bk5 Bk6",Olympia,['bomos'],['5.15.7'],Olympia,NULL,NULL,NULL,NULL,NULL,NULL,NULL
24.8,37.2,"Cyclades region (Aegean)","Aegean Sea (Hellas)","Hellas (Europe)",['chora'],"['1.1.1','2.22.1','5.21.13','5.23.2']",NULL,https://pleiades.stoa.org/places/560353,https://topostext.org/place/372248RKyk,https://wikidata.org/wiki/Q171132,NULL,NULL,NULL,NULL
21.630126,37.637849,"Square altar of Artemis (second Artemis altar enumerated) at Olympia","Eleia Bk5 Bk6",Olympia,['bomos'],['5.14.5'],Olympia,NULL,NULL,NULL,NULL,NULL,NULL,NULL
23.722650000000005,37.97635,"Stoa Poikile (Athens)","Athenai Bk1",Kerameikos,['stoa'],"['1.15.1','1.15.2','1.15.4','1.16.1','5.11.6']",NULL,NULL,https://topostext.org/place/380237BSPo,https://wikidata.org/wiki/Q936234,NULL,NULL,NULL,NULL
22.14015,38.22257,Helike,"Achaia Bk7","Achaia Bk7",['polis'],"['5.4.3','7.1.4','7.1.8','7.24.12','7.24.13','7.24.5','7.24.6','7.25.1','7.25.11','7.25.12','7.25.4','7.25.5','7.25.8','7.6.1','7.7.2']",NULL,https://pleiades.stoa.org/places/570281,NULL,https://wikidata.org/wiki/Q1432654,NULL,NULL,NULL,NULL
28.040278,38.488333,Sardis/Hyde?,"Asia Minor (Asia)","Lydia (province)",['settlement'],"['3.9.5','3.9.8','4.24.2','5.6.5']",NULL,https://pleiades.stoa.org/places/550867,NULL,https://wikidata.org/wiki/Q232615,NULL,NULL,NULL,NULL
23.1602,37.6335,Epidauros,"Epidauria Bk2","Epidauria Bk2",['settlement'],"['1.25.4','2.10.3','2.25.10','2.25.7','2.26.1','2.26.2','2.26.3','2.26.4','2.26.7','2.26.8','2.26.9','2.28.3','2.28.4','2.28.8','2.29.1','2.29.2','2.29.5','2.30.5','5.11.11','8.1.1','9.23.1','9.7.5']",NULL,https://pleiades.stoa.org/places/570228,https://topostext.org/place/376232PEpi,https://wikidata.org/wiki/Q233576,NULL,"Epidaurus polis",NULL,NULL
21.62845,37.63929,"Palestrai for athletes within the gymnasium at Olympia.","Eleia Bk5 Bk6","Gymnasium (Olympia)",['gymnasion'],['5.15.8'],"Gymnasium (Olympia)",NULL,NULL,NULL,NULL,NULL,NULL,NULL
21.63291462,37.6391184,"tomb of Endymion at Olympia","Eleia Bk5 Bk6","Olympia Stadium",['mnema'],"['5.1.5','6.20.9']","Olympia Stadium",NULL,NULL,https://wikidata.org/wiki/Q107031178,https://resource.manto.unh.edu/10214996,NULL,NULL,NULL
20.9899,39.155,Ambracia,"Epiros region","Epiros region",['polis'],"['10.11.6','10.18.4','10.9.10','5.23.2','5.23.3','6.3.7']",NULL,https://pleiades.stoa.org/places/530794,NULL,https://wikidata.org/wiki/Q661559,NULL,NULL,NULL,NULL
21.653,37.6395,"Pisa (Eleia)","Eleia Bk5 Bk6","Eleia Bk5 Bk6","['chora','polis']","['5.1.6','5.1.7','5.10.2','5.13.4','5.16.5','5.22.6','5.3.1','6.21.1','6.21.4','6.21.5','6.22.1','6.22.3','8.20.2','8.54.3']",NULL,https://pleiades.stoa.org/places/570612,https://topostext.org/place/376217PPis,https://wikidata.org/wiki/Q922329,NULL,NULL,NULL,NULL
27.784,38.7827,"Sanctuary of Persian Artemis in Hierokaisareia","Asia Minor (Asia)",Hierokaisareia,['hieron'],"['5.27.5','5.27.6']",Hierokaisareia,NULL,NULL,https://wikidata.org/wiki/Q134038475,NULL,"Sanctuary of the Persian Lydians",NULL,NULL
23.42372,37.74991,"Aigina island Bk2",NULL,"Saronic Gulf",['nesos'],"['10.30.4','2.29.10','2.29.2','2.29.5','2.29.6','2.30.3','2.30.4','2.30.5','2.38.5','2.5.2','3.4.2','3.4.3','5.25.13','8.42.10']",NULL,https://pleiades.stoa.org/places/579844,NULL,https://wikidata.org/wiki/Q191082,NULL,Aegina,https://imperium.ahlfeldt.se/places/43633,NULL
22.8416,38.4944,"Chaironea (Boeotia)","Boiotia Bk9","Boiotia Bk9",['battlefield'],"['1.18.8','1.20.6','1.25.3','1.27.5','1.29.13','1.41.8','10.3.3','10.3.4','10.35.8','10.4.1','4.28.2','5.20.10','5.4.9','6.4.7','7.15.6','7.15.9','7.6.5','8.27.10','8.6.2','9.1.8','9.29.8','9.40.5','9.40.6','9.41.7','9.6.5']",NULL,https://pleiades.stoa.org/places/540701,https://topostext.org/place/385228PCha,https://wikidata.org/wiki/Q13574678,NULL,NULL,NULL,NULL
21.630126,37.637849,"Altar of the Nymphs at Olympia","Eleia Bk5 Bk6",Olympia,['bomos'],['5.14.10'],Olympia,NULL,NULL,NULL,NULL,NULL,NULL,NULL
21.9,38.2,"Achaea Roman province","Achaia Bk7","Achaia Bk7",['chora'],['5.12.6'],"Achaia Bk7",https://pleiades.stoa.org/places/981502,NULL,https://wikidata.org/wiki/Q204772,NULL,NULL,NULL,NULL
14.213048600000002,41.1061258,Capua,"Italia (Europe)",Campania,['polis'],['5.12.3'],NULL,https://pleiades.stoa.org/places/432754,NULL,https://wikidata.org/wiki/Q3136685,NULL,NULL,NULL,NULL
21.63042,37.63794,"Throne of Zeus statue in temple of Zeus at Olympia","Eleia Bk5 Bk6","Zeus temple (Olympia)",['thronos'],"['5.11.1','5.11.4']","Zeus temple (Olympia)",NULL,NULL,NULL,NULL,NULL,NULL,NULL
35.238333,31.928332999999995,Iudaea,"Asia (continent)",Palaestina,['chora'],"['4.35.9','5.7.4']",NULL,https://pleiades.stoa.org/places/981527,https://topostext.org/place/316353UIud,https://wikidata.org/wiki/Q104028,NULL,Judaea,NULL,NULL
27.801765,39.142114,Stratonicaea/Hadrianopolis,"Asia Minor (Asia)",Mysia,['polis'],['5.21.10'],NULL,https://pleiades.stoa.org/places/550898,NULL,https://wikidata.org/wiki/Q16330587,NULL,NULL,NULL,NULL
35.590564,32.8138046,"Tiberiadis Mare/Gennesar Lacus","Asia (continent)",Palaestina,['limne'],['5.7.4'],NULL,https://pleiades.stoa.org/places/678430,NULL,https://wikidata.org/wiki/Q126982,NULL,NULL,NULL,NULL
29.750000000000004,38.75,"rivers beyond Ionia, the exhalation from which is deadly to man","Asia Minor (Asia)","Ionia (region)",['potamos'],['5.5.9'],Phrygia,NULL,NULL,NULL,NULL,NULL,NULL,NULL
21.630126,37.637849,"Altar of the Despoines at Olympia","Eleia Bk5 Bk6",Olympia,['bomos'],['5.15.4'],Olympia,NULL,NULL,NULL,NULL,NULL,NULL,NULL
32.898,24.0811,Syene,"Libya (Africa)","Egypt (region)",['settlement'],"['1.33.4','5.7.4','6.26.2','8.38.6']",NULL,https://pleiades.stoa.org/places/786123,NULL,https://wikidata.org/wiki/Q29888,NULL,NULL,NULL,NULL
21.631,37.641,Kronion,"Eleia Bk5 Bk6",Olympia,['oros'],"['5.21.2','6.19.1','6.20.1','6.20.2']",NULL,https://pleiades.stoa.org/places/573311,https://topostext.org/place/368228LKro,https://wikidata.org/wiki/Q1250184,NULL,"Kronion hill, Olympia",NULL,NULL
21.630126,37.637849,"Common altar to Apollo and Hermes at Olympia","Eleia Bk5 Bk6",Olympia,['bomos'],['5.14.8'],Olympia,NULL,NULL,NULL,NULL,NULL,NULL,NULL
23.718200000000003,37.9784,"Eridanos river (Athens)","Athenai Bk1","Athenai Bk1",['potamos'],"['1.19.5','5.12.7']",NULL,https://pleiades.stoa.org/places/591471666,https://topostext.org/place/380237WEri,https://wikidata.org/wiki/Q1353735,NULL,NULL,NULL,NULL
21.62975,37.63754,"Altar of Zeus Kataibates at Olympia","Eleia Bk5 Bk6",Olympia,['bomos'],['5.14.10'],"Altis sacred grove (Olympia)",NULL,NULL,NULL,NULL,NULL,NULL,NULL
21.630126,37.637849,"Altar of Alpheius at Olympia","Eleia Bk5 Bk6",Olympia,['bomos'],['5.14.6'],Olympia,NULL,NULL,NULL,NULL,NULL,NULL,NULL
23.3278,40.1937,"Poteidaia/Kassandreia (Chalkidike)","Macedonia (Europe)","Chalcidike region (Chalkidike)",['polis'],"['4.5.4','5.23.3']",NULL,https://pleiades.stoa.org/places/491701,https://topostext.org/place/402233UPot,https://wikidata.org/wiki/Q999468,NULL,NULL,NULL,NULL
12.432028,44.952389,"Padus/Eridanus (river)","Italia (Europe)","Italia (Europe)",['potamos'],"['1.19.5','1.30.3','1.4.1','5.14.3','8.25.13']",NULL,https://pleiades.stoa.org/places/393469,NULL,https://wikidata.org/wiki/Q643,NULL,NULL,NULL,NULL
19.638889,40.198056,"Ceraunii (mountain)","Epiros region","Epiros region",['oros'],"['1.13.1','5.22.3','5.22.4']",NULL,https://pleiades.stoa.org/places/481785,NULL,https://wikidata.org/wiki/Q1054699,NULL,NULL,NULL,NULL
21.630126,37.637849,"Altar of Agathe Tyche at Olympia","Eleia Bk5 Bk6",Olympia,['bomos'],['5.15.6'],Olympia,NULL,NULL,https://wikidata.org/wiki/Q106990174,NULL,NULL,NULL,NULL
27.953167,38.277489,Hypaipa,"Asia Minor (Asia)","Lydia (province)",['polis'],['5.27.5'],NULL,https://pleiades.stoa.org/places/550585,NULL,https://wikidata.org/wiki/Q5957170,NULL,NULL,NULL,NULL
21.630126,37.637849,"Altar of Zeus Moiragetas (dedicatory epigramme) next at the starting point of the hippodrome","Eleia Bk5 Bk6",Olympia,['bomos'],['5.15.5'],Olympia,NULL,NULL,NULL,NULL,NULL,NULL,NULL
21.6311,37.639,"Treasury terrace north of the Heraion, Olympia","Eleia Bk5 Bk6",Olympia,['krepis'],"['5.21.2','6.19.1','6.20.1']",NULL,NULL,NULL,NULL,NULL,NULL,NULL,NULL
21.8489331,37.9816702,"Erymanthos M.","Achaia Bk7","Achaia Bk7",['oros'],"['1.27.9','5.7.1','8.24.4']",NULL,https://pleiades.stoa.org/places/570238,NULL,https://wikidata.org/wiki/Q1363703,NULL,NULL,NULL,NULL
22.307,37.9117,Pheneos,"Arcadia Bk8","Arcadia Bk8",['polis'],"['5.27.8','6.1.3','8.13.5','8.13.6','8.14.1','8.14.2','8.14.5','8.14.9','8.15.5','8.16.1','8.17.6','8.19.3','8.19.4','8.20.1']",NULL,https://pleiades.stoa.org/places/570595,https://topostext.org/place/379223PPhe,https://wikidata.org/wiki/Q12885741,NULL,"Pheneus polis",NULL,NULL
12.5,42.5,"Italia (Europe)",NULL,Europe,"['major region']","['1.11.7','1.12.1','1.12.2','1.13.2','1.23.5','1.29.14','1.36.6','10.10.7','10.13.10','10.17.10','10.17.11','2.23.5','2.27.4','3.10.5','3.12.6','3.19.12','3.22.11','3.3.1','4.23.6','4.26.5','5.25.3','5.25.6','6.19.9','6.3.12','6.6.4','6.6.8','6.7.4','7.4.7','8.15.9','8.3.5']",NULL,https://pleiades.stoa.org/places/1052,NULL,https://wikidata.org/wiki/Q913582,NULL,Italy,NULL,NULL
26.5,41,"Thrace (Europe)",NULL,Europe,"['major region']","['1.10.2','1.25.2','1.29.13','1.29.4','1.29.5','1.38.2','1.6.4','1.9.5','10.11.5','10.19.5','2.30.2','3.9.12','5.10.8','5.12.6','5.27.12','6.5.4','7.4.3','8.29.1','9.30.9']",NULL,https://pleiades.stoa.org/places/501638,https://topostext.org/place/410265RThr,https://wikidata.org/wiki/Q41741,NULL,Thracia,NULL,NULL
20.25,39.75,Thesprotia,"Hellas (Europe)","Epiros region",['chora'],"['1.17.4','1.17.5','1.18.4','1.6.8','4.34.3','4.35.3','5.14.2','5.22.3','5.23.2','6.14.9','9.30.6','9.36.3']",NULL,https://pleiades.stoa.org/places/531117,https://topostext.org/place/394204RThp,https://wikidata.org/wiki/Q2551754,NULL,NULL,NULL,NULL
21.691,37.385,"Neda river (Messenia)","Messenia Bk4","Messenia Bk4",['potamos'],"['4.20.1','4.20.2','4.20.3','4.20.5','4.20.6','4.33.1','4.36.7','5.6.3','8.38.3','8.41.2','8.41.3','8.41.4']",NULL,https://pleiades.stoa.org/places/570502,https://topostext.org/place/373218WNed,https://wikidata.org/wiki/Q1641987,NULL,NULL,NULL,NULL
21.7,37.5,Triphylia,"Eleia Bk5 Bk6","Eleia Bk5 Bk6",['chora'],"['5.16.1','5.23.2','5.5.3','5.6.4','6.15.1','6.22.4','6.25.6']",NULL,https://pleiades.stoa.org/places/570754,NULL,https://wikidata.org/wiki/Q472032,NULL,NULL,NULL,NULL
21.859,37.682,"Ladon river","Eleia Bk5 Bk6","Eleia Bk5 Bk6",['potamos'],"['5.7.1','8.20.1','8.20.4','8.21.1','8.23.8','8.25.1','8.25.11','8.25.12','8.25.13','8.25.2','8.25.3','8.25.4','8.25.6','8.26.3','8.43.2']",NULL,https://pleiades.stoa.org/places/570408,https://topostext.org/place/378218WLad,https://wikidata.org/wiki/Q1462727,NULL,NULL,NULL,NULL
25.268194,37.397274,"Delos island","Aegean Sea (Hellas)","Cyclades region (Aegean)",['nesos'],"['1.18.5','1.19.6','1.29.1','1.31.2','2.27.1','2.33.2','3.23.3','3.23.4','4.33.2','4.36.6','4.4.1','5.19.10','5.7.8','8.33.2']",NULL,https://pleiades.stoa.org/places/599588,NULL,https://wikidata.org/wiki/Q173148,NULL,NULL,https://imperium.ahlfeldt.se/places/41356,NULL
12.46829,37.86747,Motye,"Sicilia (island)","Sicilia (island)",['polis'],['5.25.5'],NULL,https://pleiades.stoa.org/places/462373,NULL,https://wikidata.org/wiki/Q962184,NULL,Motya,NULL,NULL
21.724777,37.439599,"Sanctuary of Demeter at Lepreon","Eleia Bk5 Bk6",Lepreon,['hieron'],['5.5.6'],Lepreon,https://pleiades.stoa.org/places/87367171,https://topostext.org/place/374217SDem,https://wikidata.org/wiki/Q134039986,NULL,NULL,NULL,NULL
22.7113,38.7759,"Boagrius river of East Lokris","Hellas (Europe)","Locris Opuntia region",['potamos'],['5.22.4'],NULL,NULL,https://topostext.org/place/388227WBoa,https://wikidata.org/wiki/Q60790665,NULL,NULL,NULL,NULL
21.6336,37.637,"altars of Poseidon Hippios and Hera Hippia","Eleia Bk5 Bk6","Hippodrome (Olympia)",['bomos'],['5.15.5'],"Hippodrome (Olympia)",NULL,NULL,NULL,NULL,NULL,NULL,NULL
21.62976,37.63887,"Opisthodomos of temple of Hera at Olympia","Eleia Bk5 Bk6","Temple of Hera at Olympia",['opisthodomus'],['5.16.1'],"Temple of Hera at Olympia",NULL,NULL,NULL,NULL,NULL,NULL,NULL
27.784,38.7827,"room within sanctuary in Hierokaisareia, with miraculous ash altar","Asia Minor (Asia)","Sanctuary of Persian Artemis in Hierokaisareia",['oikema'],['5.27.5'],"Sanctuary of Persian Artemis in Hierokaisareia",NULL,NULL,NULL,NULL,NULL,NULL,NULL
77.5,22.5,India,"Asia (continent)","Asia (continent)",['chora'],"['3.12.4','5.12.3','9.21.5']",NULL,https://pleiades.stoa.org/places/50004,NULL,https://wikidata.org/wiki/Q17055962,NULL,NULL,NULL,NULL
22.5,37.5,"Hellas (Europe)",Europe,Europe,"['major region']","['1.1.1','1.12.1','1.27.9','1.29.5','1.3.5','1.4.1','1.4.2','1.41.8','1.5.5','10.14.6','10.17.3','10.19.12','10.19.5','10.19.7','10.19.8','10.20.9','10.23.12','10.23.14','10.23.8','10.24.3','10.25.1','10.34.5','10.5.3','10.9.2','2.1.8','2.29.7','2.29.8','2.33.5','2.4.5','3.11.3','3.12.7','3.17.8','3.20.6','3.3.3','3.4.7','3.4.8','3.7.11','3.9.4','3.9.8','4.2.3','4.28.4','4.31.1','5.10.1','5.14.2','5.15.2','5.17.9','5.20.10','5.23.7','5.24.2','5.25.12','5.4.6','5.4.7','5.4.9','5.5.2','5.7.7','6.11.3','6.18.5','7.10.1','7.10.2','7.10.3','7.10.4','7.10.5','7.10.7','7.11.1','7.11.2','7.14.1','7.15.1','7.15.3','7.16.10','7.16.9','7.17.1','7.17.2','7.17.3','7.2.2','7.20.6','7.24.2','7.26.11','7.3.1','7.5.13','7.6.3','7.6.9','7.7.6','7.8.1','7.8.2','7.8.7','7.9.5','8.14.5','8.20.1','8.3.5','8.32.1','8.37.2','8.42.7','8.43.4','8.45.5','8.46.3','8.50.3','8.50.4','8.51.1','8.51.4','8.52.1','8.52.2','8.52.3','8.52.4','8.52.5','8.52.6','9.1.2','9.17.6','9.23.3','9.28.1','9.29.8','9.38.2','9.38.4','9.6.2']",NULL,https://pleiades.stoa.org/places/1001896,NULL,https://wikidata.org/wiki/Q11772,NULL,NULL,NULL,NULL
21.374,37.89,"Elis polis","Eleia Bk5 Bk6","Eleia Bk5 Bk6",['polis'],"['1.29.13','1.41.6','2.15.1','3.11.7','3.12.8','3.8.4','4.28.4','4.28.5','5.1.10','5.1.11','5.1.4','5.1.9','5.14.1','5.15.11','5.15.12','5.16.1','5.16.5','5.16.6','5.16.8','5.2.5','5.21.10','5.25.7','5.3.1','5.3.3','5.3.5','5.3.6','5.4.1','5.4.3','5.4.4','5.4.8','5.5.1','5.5.2','5.5.3','5.6.5','5.7.1','5.8.2','5.8.3','5.8.6','5.9.2','6.17.6','6.22.5','6.22.8','6.23.1','6.23.6','6.23.8','6.25.2','6.25.6','6.26.6','7.1.1','7.10.2','7.17.5','7.21.14','7.4.7','7.6.1','8.1.2','8.15.5','8.25.10','8.26.3','8.26.4']",NULL,https://pleiades.stoa.org/places/570220,https://topostext.org/place/378214PEli,https://wikidata.org/wiki/Q217667,NULL,NULL,NULL,NULL
22.2564576,38.7922475,"Oeta M.","Hellas (Europe)",Phthiotis,['oros'],"['1.1.3','1.4.2','10.20.1','10.22.1','10.22.8','10.24.1','2.23.5','3.4.8','5.1.2','7.14.1','7.15.4']",NULL,https://pleiades.stoa.org/places/540968,NULL,https://wikidata.org/wiki/Q132378,NULL,NULL,NULL,NULL
21.62975,37.63754,"plane trees in the Altis at Olympia","Eleia Bk5 Bk6","Altis sacred grove (Olympia)",['platanos'],['5.27.11'],"Altis sacred grove (Olympia)",NULL,NULL,NULL,NULL,NULL,NULL,NULL
29.904133,31.195370999999998,Alexandria,"Libya (Africa)","Egypt (region)",['polis'],"['1.18.4','5.21.9','8.33.3']",NULL,https://pleiades.stoa.org/places/727070,NULL,https://wikidata.org/wiki/Q87,NULL,NULL,NULL,NULL
21.62975,37.63754,"Common altar of Dionysos and the Graces close to the Pelopeion","Eleia Bk5 Bk6",Olympia,['bomos'],['5.14.10'],"Altis sacred grove (Olympia)",NULL,NULL,NULL,NULL,NULL,NULL,NULL
30.569641600000004,38.6981943,Prymnessos,"Asia Minor (Asia)",Phrygia,['settlement'],['5.21.11'],NULL,https://pleiades.stoa.org/places/609511,NULL,https://wikidata.org/wiki/Q85794829,NULL,NULL,NULL,NULL
18.7,39.2,"Ionian Sea (Greece/Italy)","Hellas (Europe)","Internum Mare",['thalassa'],"['1.12.1','1.4.1','4.35.5','4.35.7','4.36.7','5.22.3','5.25.3','5.5.3','5.7.3','6.14.13','7.18.2']",NULL,https://pleiades.stoa.org/places/1046,https://topostext.org/place/408187WIon,https://wikidata.org/wiki/Q37495,NULL,NULL,NULL,NULL
15.15171,36.68882,"Pachynum (promontory)","Sicilia (island)","Sicilia (island)",['akra'],"['10.11.3','5.25.5']",NULL,https://pleiades.stoa.org/places/462405,NULL,https://wikidata.org/wiki/Q1034750,NULL,NULL,NULL,NULL
21.630126,37.637849,"Sacred peribolos at Olympia","Eleia Bk5 Bk6",Olympia,['peribolos'],['5.4.8'],Olympia,NULL,NULL,NULL,NULL,NULL,NULL,NULL
21.551425,38.144625,Dyme,"Achaia Bk7","Dymaean chora",['settlement'],"['2.7.4','2.9.2','5.9.1','7.17.5','7.17.6','7.17.7','7.17.8','7.18.1','7.6.1','7.7.3']",NULL,https://pleiades.stoa.org/places/570205,NULL,https://wikidata.org/wiki/Q1231662,NULL,NULL,NULL,NULL
21.6336,37.637,"Altar of Ares Hippios at Olympia","Eleia Bk5 Bk6","Hippodrome (Olympia)",['bomos'],['5.15.6'],"Embolon within hippodrome at Olympia",NULL,NULL,NULL,NULL,NULL,NULL,NULL
21.784671,37.56585,Ep(e)ion,"Eleia Bk5 Bk6","Eleia Bk5 Bk6",['settlement'],['5.1.8'],NULL,https://pleiades.stoa.org/places/570226,NULL,https://wikidata.org/wiki/Q12872855,NULL,NULL,NULL,NULL
21.1357,37.8865,Hyrmine,"Eleia Bk5 Bk6","Eleia Bk5 Bk6",['polis'],['5.1.11'],NULL,https://pleiades.stoa.org/places/570305,NULL,https://wikidata.org/wiki/Q535238,NULL,Hyrmina,NULL,NULL
15.29382,37.05963,Syracusae/Syrakousai,"Sicilia (island)","Sicilia (island)",['settlement'],"['1.2.3','1.23.3','10.28.6','2.22.9','5.7.2','5.7.3','5.8.8','6.12.2','6.12.4','6.15.6','6.2.6','6.9.5','7.16.5','8.42.8','8.54.3']",NULL,https://pleiades.stoa.org/places/462503,NULL,https://wikidata.org/wiki/Q4420718,NULL,NULL,NULL,NULL
21.630126,37.637849,"Column with Zeus statue by Pelopion of Olympia","Eleia Bk5 Bk6",Olympia,['kion'],['5.24.5'],Olympia,NULL,NULL,NULL,NULL,NULL,NULL,NULL
21.6336,37.637,"Stoa of Agnaptus at Olympia","Eleia Bk5 Bk6","Hippodrome (Olympia)",['stoa'],"['5.15.6','6.20.10','6.20.13']","Hippodrome (Olympia)",NULL,https://topostext.org/place/376216BSAg,https://wikidata.org/wiki/Q107031177,NULL,NULL,NULL,NULL
25.1836,35.2052,Crete,NULL,"Hellas (Europe)",['nesos'],"['1.17.3','1.17.6','1.21.4','1.22.5','1.26.4','1.27.10','1.27.9','1.42.2','10.2.7','10.7.2','2.30.3','2.31.1','2.32.2','2.33.4','2.6.7','2.7.7','3.18.4','3.18.5','3.2.7','5.8.1','6.21.6','7.2.5','7.3.7','7.4.5','7.4.6','7.4.8','8.48.3','8.49.7','8.50.6','8.53.4','9.11.4','9.40.3']",NULL,https://pleiades.stoa.org/places/589748,https://topostext.org/place/352252IKre,https://wikidata.org/wiki/Q4752820,NULL,NULL,NULL,NULL
27.366012129999998,38.25857286,"spring/undergroun river at Panormos of Didyma","Asia Minor (Asia)","Ionia (region)",['pege'],['5.7.5'],"Ionia (region)",NULL,NULL,NULL,NULL,NULL,NULL,NULL
21.62975,37.63754,"Altar of Aphrodite at Olympia in the Altis","Eleia Bk5 Bk6","Altis sacred grove (Olympia)",['bomos'],['5.15.3'],"Altis sacred grove (Olympia)",NULL,NULL,NULL,NULL,NULL,NULL,NULL
23.87,38.53,"Euboea (island)","Hellas (Europe)","Hellas (Europe)",['nesos'],"['1.17.6','1.27.5','1.28.2','1.29.11','1.31.5','1.32.3','1.36.4','1.5.3','10.6.6','10.9.10','2.23.1','4.36.6','5.13.4','5.22.4','5.23.2','5.23.4','7.14.7','7.2.4','7.26.4','7.4.9','7.6.3','7.7.6','7.7.9','8.1.5','8.14.12','8.15.7','9.19.6','9.22.2','9.24.5','9.3.1']",NULL,https://pleiades.stoa.org/places/540775,NULL,https://wikidata.org/wiki/Q173096,NULL,NULL,NULL,NULL
31.033254529999997,39.64014749,"Asia Minor (Asia)","Asia (continent)","Asia (continent)","['major region']","['1.10.2','1.10.5','1.11.2','1.12.4','1.13.1','1.16.2','1.20.4','1.29.11','1.37.5','1.4.5','1.4.6','1.6.2','1.7.3','1.8.1','1.9.7','10.15.2','10.23.14','2.33.3','4.17.5','4.5.3','5.1.6','7.4.3','8.6.2']",NULL,https://pleiades.stoa.org/places/837,NULL,https://wikidata.org/wiki/Q51614,NULL,NULL,NULL,NULL
31.414722,41.284722,"Heraclea Pontica","Pontus Euxinus","Pontus Euxinus",['polis'],['5.26.7'],NULL,https://pleiades.stoa.org/places/844944,NULL,https://wikidata.org/wiki/Q302511,NULL,"Herakleia of Pontos",NULL,NULL
21.63166,37.63848,"Echo Stoa (Olympia)","Eleia Bk5 Bk6",Olympia,['stoa'],['5.21.17'],NULL,NULL,https://topostext.org/place/376216BOES,https://wikidata.org/wiki/Q19611482,NULL,NULL,NULL,NULL
23.72775,37.970278,"Theater of Dionysus Eleuthereus","Athenai Bk1","Dionysos Eleuthereus sanctuary, Athens",['theatron'],"['1.20.3','1.20.4','1.21.1','1.21.3','1.21.4','1.29.16','5.12.4']",NULL,https://pleiades.stoa.org/places/649966335,NULL,https://wikidata.org/wiki/Q1227044,NULL,NULL,NULL,NULL
21,39.2,"Dryopis region","Epiros region","Epiros region",['chora'],['5.1.2'],NULL,NULL,https://topostext.org/place/392210RDry,https://wikidata.org/wiki/Q122054986,NULL,NULL,NULL,NULL
24.382489999999997,36.67581,"Melos (island)","Aegean Sea (Hellas)","Cyclades region (Aegean)",['nesos'],['5.23.2'],NULL,https://pleiades.stoa.org/places/570475,NULL,https://wikidata.org/wiki/Q203979,NULL,NULL,https://imperium.ahlfeldt.se/places/41354,NULL
22.4502,37.0363,"Throne at Amyclae","Lakonia Bk3","Amyclae (Laconia)",['thronos'],"['3.18.9','3.19.1','5.11.4']","Amyclae (Laconia)",NULL,NULL,https://wikidata.org/wiki/Q106363909,NULL,NULL,NULL,NULL
14.08648465,37.53667612,"Megara Hyblaia","Sicilia (island)","Sicilia (island)",['chorion'],"['5.23.6','7.15.8']","Sicilia (island)",https://pleiades.stoa.org/places/462307,NULL,https://wikidata.org/wiki/Q1457477,NULL,NULL,NULL,NULL
22.5,37.001,"Lakonia Bk3",NULL,Peloponnesos,['chora'],"['1.11.2','1.13.4','1.13.5','1.13.6','1.13.7','1.18.4','1.28.4','1.38.4','10.13.10','10.2.2','10.38.10','10.9.5','10.9.9','2.18.8','2.22.6','2.3.5','2.9.2','3.1.1','3.1.3','3.1.5','3.11.1','3.12.9','3.14.9','3.16.9','3.18.3','3.20.10','3.20.11','3.20.3','3.21.3','3.21.6','3.22.6','3.23.11','3.23.6','3.24.1','3.24.6','3.3.3','3.4.1','3.7.10','3.7.11','3.7.7','3.8.1','3.9.10','4.1.1','4.10.7','4.16.8','4.17.1','4.18.1','4.18.2','4.20.5','4.23.5','4.27.1','4.28.2','4.28.5','4.30.2','4.4.6','4.4.7','4.5.9','4.7.2','5.17.1','5.9.1','7.1.5','7.1.6','7.1.7','7.10.3','7.11.8','7.12.7','7.13.3','7.13.7','7.18.5','7.20.8','7.25.3','7.6.2','7.6.3','7.8.4','7.9.1','8.11.5','8.12.6','8.12.8','8.35.3','8.5.13','8.5.7','8.50.2','8.50.5','8.51.1','8.53.11','9.13.5','9.14.1','9.14.6']",NULL,https://pleiades.stoa.org/places/570406,https://topostext.org/place/370225RLak,https://wikidata.org/wiki/Q11931074,NULL,"Laconia Lacedaemonia",NULL,NULL
21.630126,37.637849,"Altar of Idaean Heracles (Parastates) and other Curetes at Olympia","Eleia Bk5 Bk6",Olympia,['bomos'],['5.8.1'],Olympia,NULL,NULL,NULL,NULL,NULL,NULL,NULL
27.217489999999998,38.55733,"Tantalus lake in Lydia","Asia Minor (Asia)","Lydia (province)",['limne'],"['5.13.7','8.17.3']",NULL,NULL,NULL,NULL,NULL,NULL,NULL,NULL
34.5,41.5,Assyria,"Asia (continent)","Asia (continent)",['chora'],['5.12.4'],NULL,https://pleiades.stoa.org/places/844869,NULL,https://wikidata.org/wiki/Q4810454,NULL,NULL,NULL,NULL
21.630126,37.637849,"Altar of Athena Leitis at Olympia","Eleia Bk5 Bk6",Olympia,['bomos'],['5.14.5'],Olympia,NULL,NULL,NULL,NULL,NULL,NULL,NULL
22.756111,37.730833,Mycenae,"Argolid Bk2","Argolid Bk2",['settlement'],"['10.20.1','2.15.4','2.16.3','2.16.4','2.16.5','2.16.6','2.17.1','2.18.1','2.4.2','5.23.3','7.25.5','8.27.1','8.33.2','8.5.4','9.34.6']",NULL,https://pleiades.stoa.org/places/570491,NULL,https://wikidata.org/wiki/Q132564,NULL,NULL,NULL,NULL
23.243591,37.385218,Hermione,"Hermionis Bk2","Hermionis Bk2",['polis'],"['2.32.7','2.34.11','2.34.12','2.34.4','2.34.5','2.34.6','2.34.8','2.35.4','2.35.9','3.14.5','4.34.9','5.23.2','8.1.1']",NULL,https://pleiades.stoa.org/places/570292,NULL,https://wikidata.org/wiki/Q58401924,NULL,Hermion,NULL,NULL
21.374,37.89,"Piera spring, on the road from Olympia to Elis","Eleia Bk5 Bk6","Elis polis",['pege'],['5.16.8'],"Elis polis",https://pleiades.stoa.org/places/573465,NULL,NULL,NULL,NULL,NULL,NULL
16.4908,39.71569,Sybaris,"Italia (Europe)","Italia (Europe)",['polis'],"['5.8.9','6.19.9']",NULL,https://pleiades.stoa.org/places/573537,NULL,https://wikidata.org/wiki/Q220583,NULL,NULL,NULL,NULL
21.6336,37.637,"Altar of the Moirae (Fates) at Olympia","Eleia Bk5 Bk6","Hippodrome (Olympia)",['bomos'],['5.15.5'],"Hippodrome (Olympia)",NULL,NULL,NULL,NULL,NULL,NULL,NULL
27.372700000000002,36.685,"Bridge to Cherronesos, Knidos","Asia Minor (Asia)",Knidos,['gephyra'],['5.24.7'],NULL,NULL,NULL,NULL,NULL,NULL,NULL,NULL
27.517573,38.5829,"sanctuary of Meter Plastena near Magnesia","Asia Minor (Asia)","Magnesia ad Sipylum",['hieron'],['5.13.7'],NULL,https://pleiades.stoa.org/places/550736,NULL,https://wikidata.org/wiki/Q1404385,NULL,NULL,NULL,NULL
21.62932,37.63923,"Banqueting room of the Eleans inside the Prytaneion, opposite the room of the Hearth.","Eleia Bk5 Bk6","Prytaneion (Olympia)",['thalamos'],['5.15.12'],"Prytaneion (Olympia)",NULL,NULL,NULL,NULL,NULL,NULL,NULL
23.581173,38.30019833,"Asopos (river)","Boiotia Bk9","Boiotia Bk9",['potamos'],"['2.5.2','2.6.1','2.6.4','5.14.3','9.1.1','9.1.2','9.3.7','9.4.4','9.8.1']",NULL,https://pleiades.stoa.org/places/540672,NULL,https://wikidata.org/wiki/Q2737429,NULL,NULL,NULL,NULL
12.432028,44.952389,"sands of the Eridanus river, source of amber","Italia (Europe)","Padus/Eridanus (river)",['potamos'],['5.12.7'],"Padus/Eridanus (river)",NULL,NULL,NULL,NULL,NULL,NULL,NULL
27.453939999999996,38.5668,"Tomb of Tantalus son of Zeus on Mt. Sipylos","Asia Minor (Asia)",Sipylos,['mnema'],"['2.22.3','5.13.7']",Sipylos,NULL,NULL,NULL,https://resource.manto.unh.edu/10186979,NULL,NULL,NULL
21.630126,37.637849,"fence surrounding the altar of Zeus Kataibatos in Olympia","Eleia Bk5 Bk6",Olympia,['toichos'],['5.14.10'],Olympia,NULL,NULL,NULL,NULL,NULL,NULL,NULL
21.724777,37.439599,"Temple of Zeus Leucaeus, Lepreon","Eleia Bk5 Bk6",Lepreon,['naos'],['5.5.5'],Lepreon,NULL,NULL,NULL,NULL,NULL,NULL,NULL
21.518,37.901,"Pylos (Eleia)","Eleia Bk5 Bk6","Eleia Bk5 Bk6",['settlement'],"['2.18.7','4.1.3','4.36.1','5.3.1','6.22.5','6.22.6','6.25.2','6.25.3']",NULL,https://pleiades.stoa.org/places/570639,https://topostext.org/place/373216PPyl,https://wikidata.org/wiki/Q7263101,NULL,NULL,NULL,NULL
27.535590000000003,37.83698,"Lethaios (river, Asia Minor)","Asia (continent)","Ionia (region)",['potamos'],"['1.35.6','10.32.6','5.21.10','6.17.3']",NULL,https://pleiades.stoa.org/places/599765,NULL,NULL,NULL,NULL,NULL,NULL
25.3767,37.1065,"Naxos island polis","Aegean Sea (Hellas)","Cyclades region (Aegean)",['polis'],"['5.10.3','6.16.5']",NULL,https://pleiades.stoa.org/places/599821,NULL,https://wikidata.org/wiki/Q96575378,NULL,NULL,NULL,NULL
23.3484,37.5033,"Troizen (Troizenia)","Troizenia Bk2","Troizenia Bk2",['polis'],"['1.22.2','1.25.4','1.27.7','1.8.2','10.5.6','2.1.4','2.30.9','2.31.4','2.31.9','2.32.6','2.34.1','2.34.12','5.23.2','8.1.1']",NULL,https://pleiades.stoa.org/places/570756,https://topostext.org/place/375234PTro,https://wikidata.org/wiki/Q581494,NULL,Troezen,NULL,NULL
22.5,42.5,"Macedonia (Europe)",Europe,"Hellas (Europe)","['major region']","['10.20.5','10.33.3','10.8.4','3.6.8','5.5.1','5.8.11','6.4.10','6.5.5','7.10.7','7.13.1','7.15.11','7.15.2','7.16.1','7.17.2','7.25.6','7.7.7','7.8.3','7.8.8','8.49.5','8.49.6','8.8.11','8.8.12','9.40.8','9.40.9']",NULL,https://pleiades.stoa.org/places/491656,https://topostext.org/place/408225RMak,https://wikidata.org/wiki/Q81734,NULL,NULL,NULL,NULL
22.6252,37.9313,"Gonousa fort (Korinthia)","Corinthia Bk2","Corinthia Bk2",['settlement'],"['2.4.4','5.18.7']",NULL,https://pleiades.stoa.org/places/573235,https://topostext.org/place/379226FGon,https://wikidata.org/wiki/Q5582063,NULL,NULL,NULL,NULL
26.95080175,38.84644288,Aeolis,"Asia (continent)","Asia Minor (Asia)",['chora'],"['3.2.1','5.24.6','7.5.1']",NULL,https://pleiades.stoa.org/places/550406,NULL,https://wikidata.org/wiki/Q255325,NULL,NULL,NULL,NULL
21.63042,37.63794,"Zeus temple (Olympia)","Eleia Bk5 Bk6","Altis sacred grove (Olympia)",['naos'],"['5.10.10','5.10.2','5.10.3','5.10.4','5.10.5','5.10.9','5.12.4','5.12.5','5.12.8','5.13.1','5.14.4','5.14.5','5.24.1','5.24.3','5.25.1','5.25.8']",NULL,NULL,https://topostext.org/place/376216SOZe,https://wikidata.org/wiki/Q197019,NULL,"temple of Olympian Zeus at Olympia",NULL,NULL
35.209358,33.268071,"Tyrus/Col. Septimia Severa","Asia (continent)",Phoenice,['polis'],"['5.25.12','7.5.5']",NULL,https://pleiades.stoa.org/places/678437,NULL,https://wikidata.org/wiki/Q58455019,NULL,NULL,NULL,NULL
23.34285,37.997,"Megara (Megarid)","Megarid Bk1","Megarid Bk1",['polis'],"['1.35.2','1.36.3','1.39.1','1.39.4','1.39.5','1.39.6','1.40.1','1.41.2','1.41.5','1.41.6','1.41.7','1.43.3','1.43.5','1.44.2','1.44.4','1.44.6','1.5.3','1.5.4','10.11.6','2.34.7','4.36.1','5.23.5','5.26.7','6.7.2','7.15.10','9.2.3']",NULL,https://pleiades.stoa.org/places/570468,https://topostext.org/place/380233PMeg,https://wikidata.org/wiki/Q42307600,NULL,NULL,NULL,NULL
27.1,37.5,"River flowing under sea from Mt. Mycale to Panormos","Asia Minor (Asia)","Ionia (region)","['potamos','thalassa']",['5.7.5'],NULL,NULL,NULL,NULL,NULL,NULL,NULL,NULL
29.025789,40.983393,Chalcedon,"Asia Minor (Asia)","Bithynia (region)",['polis'],['5.17.4'],NULL,https://pleiades.stoa.org/places/520988,NULL,https://wikidata.org/wiki/Q337381,NULL,NULL,NULL,NULL
21.602752,37.609552,"Tomb of Xenophon in Scillous","Eleia Bk5 Bk6",Skillous,['mnema'],['5.6.6'],Skillous,NULL,NULL,NULL,NULL,NULL,NULL,NULL
27.5,37.5,"Lydia (province)","Asia Minor (Asia)","Asia Minor (Asia)",['chora'],"['5.27.5','7.17.9']",NULL,https://pleiades.stoa.org/places/991385,NULL,https://wikidata.org/wiki/Q620765,NULL,NULL,NULL,NULL
26.936283000000003,38.75953,Kyme,"Asia Minor (Asia)",Aeolis,['polis'],"['5.7.8','7.3.10']",NULL,https://pleiades.stoa.org/places/550506,NULL,https://wikidata.org/wiki/Q679305,NULL,"Cyme, Aeolis",NULL,NULL
26.23873,39.9577,Ilium,"Asia Minor (Asia)",Troas,['settlement'],"['1.1.2','1.11.1','1.12.1','1.12.5','1.15.2','1.23.4','1.28.9','1.35.1','1.35.4','1.37.3','1.4.6','1.43.1','10.1.3','10.12.2','10.17.6','10.25.8','10.27.4','10.30.8','10.31.7','10.33.2','10.36.10','10.38.5','2.16.6','2.17.3','2.18.5','2.20.6','2.22.2','2.23.1','2.23.5','2.24.2','2.24.3','2.25.5','2.30.10','2.32.2','2.4.2','3.12.6','3.22.2','3.24.11','3.26.10','3.4.7','3.9.3','5.13.4','5.13.5','5.17.10','5.18.3','5.22.4','5.3.4','5.4.7','6.25.3','7.19.6','7.19.9','7.24.2','7.3.7','7.6.3','8.1.3','8.10.10','8.10.9','8.12.6','8.12.9','8.15.6','8.15.7','8.23.4','8.24.10','8.28.4','8.33.2','8.44.4','8.45.2','8.46.2','8.5.2','8.5.3','8.53.7','8.6.1','9.18.5','9.37.7','9.39.3','9.4.3','9.41.2','9.5.14','9.5.15']",NULL,https://pleiades.stoa.org/places/550595,NULL,https://wikidata.org/wiki/Q22647,NULL,"Troy, Troia, Ilion",NULL,NULL
27.52707,37.49759,"Heraclea ad Latmum","Asia Minor (Asia)","Caria region",['polis'],['5.1.5'],NULL,https://pleiades.stoa.org/places/599640,NULL,https://wikidata.org/wiki/Q1313279,NULL,NULL,NULL,NULL
14.08648465,37.53667612,Sicani,"Sicilia (island)","Sicilia (island)",['chora'],"['5.25.6','8.24.2']","Sicilia (island)",https://pleiades.stoa.org/places/462491,NULL,https://wikidata.org/wiki/Q952123,NULL,NULL,NULL,NULL
21.62975,37.63754,"House of Oenomaus at Olympia (foundations)","Eleia Bk5 Bk6","Altis sacred grove (Olympia)",['oikia'],['5.14.7'],"Altis sacred grove (Olympia)",NULL,NULL,NULL,NULL,NULL,NULL,NULL
27.5,37.5,"Caria region","Asia (continent)","Asia Minor (Asia)",['chora'],"['1.1.3','1.29.7','2.30.9','2.5.3','2.7.1','3.26.10','4.35.11','4.5.3','5.24.7','6.13.3','7.3.1','8.45.5']",NULL,https://pleiades.stoa.org/places/599564,NULL,https://wikidata.org/wiki/Q193214,NULL,Karia,NULL,NULL
15.601,38.2155,"Strait of Messina","Sicilia (island)","Sicilia (island)",['strait'],"['4.26.3','5.25.2','5.25.3','5.26.5','6.2.10','6.4.3']",NULL,https://pleiades.stoa.org/places/462494,NULL,https://wikidata.org/wiki/Q134705,NULL,"Sikelikos Porthmos",NULL,NULL
21.62975,37.63754,"Altar of the Horae in Olympia","Eleia Bk5 Bk6","Altis sacred grove (Olympia)",['bomos'],['5.15.3'],"Altis sacred grove (Olympia)",NULL,NULL,NULL,NULL,NULL,NULL,NULL
21.630126,37.637849,"Altar of the Muses in Olympia","Eleia Bk5 Bk6",Olympia,['bomos'],['5.14.10'],Olympia,NULL,NULL,NULL,NULL,NULL,NULL,NULL
20.72,38.36,"Dolicha (Kefallenia)","Hellas (Europe)","Ionian Sea (Greece/Italy)",['settlement'],['5.3.3'],NULL,NULL,https://topostext.org/place/383213IDol,https://wikidata.org/wiki/Q3038108,NULL,NULL,NULL,NULL
42.4378759,43.3525468,"Caucasus (mountain range)","Pontus Euxinus",Colchis/Lazike,['oros'],['5.11.6'],NULL,https://pleiades.stoa.org/places/863766,NULL,https://wikidata.org/wiki/Q5477,NULL,NULL,NULL,NULL
21.63042,37.63794,"Pillar / column close to the doors of the temple of Zeus at Olympia","Eleia Bk5 Bk6","Zeus temple (Olympia)",['kion'],['5.10.10'],"Zeus temple (Olympia)",NULL,NULL,NULL,NULL,NULL,NULL,NULL
21.842,37.4075,Phigaleia,"Arcadia Bk8","Arcadia Bk8","['chora','polis']","['3.17.9','4.24.1','5.5.4','6.6.1','8.3.1','8.3.2','8.30.4','8.39.1','8.39.2','8.39.3','8.39.4','8.39.5','8.41.2','8.41.4','8.41.7','8.41.9','8.42.1','8.42.11','8.42.6','8.5.7']",NULL,https://pleiades.stoa.org/places/570598,https://topostext.org/place/374218PPhi,https://wikidata.org/wiki/Q7623270,NULL,"Phigalia Phialia",NULL,NULL
21.630126,37.637849,"Altar of Zeus Chthonius at Olympia","Eleia Bk5 Bk6",Olympia,['bomos'],['5.14.8'],Olympia,NULL,NULL,NULL,NULL,NULL,NULL,NULL
23.790499999999998,38.3982,"Eretria (Euboea)","Euboea (island)","Euboea (island)",['chora'],"['4.2.3','5.13.5','7.10.2','7.8.1']",NULL,https://pleiades.stoa.org/places/579925,https://topostext.org/place/384238PEre,https://wikidata.org/wiki/Q16562724,NULL,NULL,NULL,NULL
15.29293,37.0570712,"Ortygia (island)","Sicilia (island)",Syracusae/Syrakousai,['nesos'],"['5.7.2','5.7.3','8.54.3']",NULL,https://pleiades.stoa.org/places/462402,NULL,https://wikidata.org/wiki/Q1233234,NULL,NULL,NULL,NULL
21.62933,37.63871,"Philippeion (Olympia)","Eleia Bk5 Bk6","Altis sacred grove (Olympia)",['oikema'],"['5.17.4','5.20.10','5.20.9']",NULL,NULL,https://topostext.org/place/376216BOPl,https://wikidata.org/wiki/Q3396766,NULL,NULL,NULL,NULL
21.630126,37.637849,"Temple of Kronos at Olympia","Eleia Bk5 Bk6",Olympia,['naos'],['5.7.6'],Olympia,NULL,NULL,NULL,NULL,NULL,NULL,NULL
24.7708,35.2263,"Ida Mt. (Crete)",Crete,Crete,['settlement'],"['5.7.6','5.8.1']",NULL,https://pleiades.stoa.org/places/589816,https://topostext.org/place/352248LIda,https://wikidata.org/wiki/Q83659,NULL,NULL,NULL,NULL
21.374,37.89,"Sanctuary of Athena surnamed Mother in Elis","Eleia Bk5 Bk6","Elis polis",['hieron'],['5.3.2'],"Elis polis",NULL,NULL,https://wikidata.org/wiki/Q134036747,https://resource.manto.unh.edu/11191186,NULL,NULL,NULL
21.62975,37.63754,"Altar of Zeus Keraunios at Olympia","Eleia Bk5 Bk6","House of Oenomaus at Olympia (foundations)",['bomos'],['5.14.7'],"House of Oenomaus at Olympia (foundations)",NULL,NULL,NULL,NULL,NULL,NULL,NULL
15.29382,37.05963,"Tomb of Lygdamis near the quarries at Syracuse","Sicilia (island)",Syracusae/Syrakousai,['mnema'],['5.8.8'],Syracusae/Syrakousai,NULL,NULL,NULL,NULL,NULL,NULL,NULL
21.630126,37.637849,"Altars of the brothers of Herakles: Epimedes, Idas, Paeonaeus and Iasus in Olympia","Eleia Bk5 Bk6",Olympia,['bomos'],['5.14.7'],Olympia,NULL,NULL,NULL,NULL,NULL,NULL,NULL
21.630126,37.637849,"Altar of Dionysos at Olympia","Eleia Bk5 Bk6",Olympia,['bomos'],['5.15.4'],Olympia,NULL,NULL,NULL,NULL,NULL,NULL,NULL
22.450723,37.331323,"Spring near Phylake feeding Alpheios river","Arcadia Bk8",Phylake,['pege'],"['5.7.1','8.54.1']",Phylake,NULL,NULL,NULL,NULL,NULL,NULL,NULL
33.7104,16.938,Meroe,"Libya (Africa)","Egypt (region)",['polis'],"['1.33.4','5.7.4']",NULL,https://pleiades.stoa.org/places/805630,NULL,https://wikidata.org/wiki/Q5780,NULL,NULL,NULL,NULL
27.339721999999995,37.941944,Ephesos,"Asia Minor (Asia)","Ionia (region)",['polis'],"['1.9.7','10.9.9','3.17.4','4.31.8','5.12.4','7.2.7','7.2.8','7.3.4','7.3.5','7.5.10']",NULL,https://pleiades.stoa.org/places/599612,NULL,https://wikidata.org/wiki/Q47611,NULL,"Ephesus, Arsinoeia",NULL,NULL
21.62975,37.63754,"Altar of Zeus Herkeios at Olympia at House of Oenomaus","Eleia Bk5 Bk6","House of Oenomaus at Olympia (foundations)",['bomos'],['5.14.7'],"House of Oenomaus at Olympia (foundations)",NULL,NULL,NULL,NULL,NULL,NULL,NULL
15.649244000000001,38.111146,Rhegion,"Italia (Europe)","Italia (Europe)",['polis'],"['4.23.6','4.26.2','5.25.2','5.26.4','5.26.5','5.27.8','6.6.4']",NULL,https://pleiades.stoa.org/places/452416,NULL,https://wikidata.org/wiki/Q3429952,NULL,NULL,NULL,NULL
27.12558,37.66144,"Mycale (mountain)","Asia Minor (Asia)","Ionia (region)",['oros'],"['1.25.1','3.7.9','5.7.5','7.4.1','8.52.3']",NULL,https://pleiades.stoa.org/places/599805,NULL,https://wikidata.org/wiki/Q1330828,NULL,NULL,NULL,NULL
13.82184,37.96884,Himera,"Sicilia (island)","Sicilia (island)",['settlement'],"['2.22.7','3.19.13','5.23.4','6.4.11']",NULL,https://pleiades.stoa.org/places/462244,NULL,https://wikidata.org/wiki/Q1111219,NULL,NULL,NULL,NULL
23.882709800000004,38.0814366,"Pentelikon/Brilessos (mountain)","Attica Bk1","Attica Bk1",['oros'],"['1.19.6','1.32.1','1.32.2','5.6.6','9.11.6','9.25.3']",NULL,https://pleiades.stoa.org/places/580065,https://topostext.org/place/381239LPen,https://wikidata.org/wiki/Q1125206,NULL,NULL,NULL,NULL
10.327986,36.857569,"Carthage, Carthago","Libya (Africa)","Libya (Africa)",['settlement'],"['2.1.2','5.25.6','8.30.9','8.43.4']",NULL,https://pleiades.stoa.org/places/314921,NULL,https://wikidata.org/wiki/Q6343,NULL,NULL,NULL,NULL
19.638889,40.198056,"Thronion of Thesprotia","Hellas (Europe)","Ceraunii (mountain)",['polisma'],"['5.22.3','5.22.4']","Ceraunii (mountain)",https://pleiades.stoa.org/places/484015,NULL,https://wikidata.org/wiki/Q56755112,NULL,NULL,NULL,NULL
27.184167,39.1325,"Altar of Zeus at Pergamon","Asia Minor (Asia)",Pergamum,['bomos'],['5.13.8'],Pergamum,NULL,NULL,NULL,NULL,NULL,NULL,NULL
21.599,37.533,"Samikon/Samia (Triphylia)","Eleia Bk5 Bk6",Triphylia,['polis'],"['5.5.11','5.5.3','5.5.7','5.6.1','5.6.2','5.6.3','6.25.6']",NULL,https://pleiades.stoa.org/places/570653,https://topostext.org/place/375216USam,https://wikidata.org/wiki/Q3558588,NULL,NULL,NULL,NULL
23.419,39.964,Mende,"Macedonia (Europe)","Chalcidike region (Chalkidike)",['polis'],['5.10.8'],NULL,https://pleiades.stoa.org/places/501515,NULL,https://wikidata.org/wiki/Q3305786,NULL,NULL,NULL,NULL
22.5226845,41.0572437,"Axios (river)","Macedonia (Europe)","Macedonia (Europe)",['potamos'],['5.1.5'],NULL,https://pleiades.stoa.org/places/491534,NULL,https://wikidata.org/wiki/Q189596,NULL,NULL,NULL,NULL
21.374,37.89,"Orthia deme in Elis","Eleia Bk5 Bk6","Elis polis",['demos'],['5.16.6'],"Elis polis",https://pleiades.stoa.org/places/573420,NULL,NULL,NULL,NULL,NULL,NULL
26.8857,37.6718,"Ash altar of Samian Hera in Heraion at Samos","Aegean Sea (Hellas)","Heraion of Samos",['bomos'],['5.13.8'],"Heraion of Samos",NULL,NULL,NULL,NULL,NULL,NULL,NULL
29.97,31.2,"Kanobikon Stoma","Libya (Africa)","Egypt (region)",['strait'],['5.21.9'],NULL,https://pleiades.stoa.org/places/727137,NULL,NULL,NULL,NULL,NULL,NULL
22.315807,38.41224,Molykreion,"Aitolia region","Aitolia region",['settlement'],"['5.3.6','9.31.6']",NULL,https://pleiades.stoa.org/places/540948,NULL,https://wikidata.org/wiki/Q16608474,NULL,NULL,NULL,NULL
21.863791,37.613569,"Heraia (Arcadia)","Arcadia Bk8","Arcadia Bk8",['polis'],"['3.8.7','3.8.8','5.7.1','6.17.4','8.25.12','8.26.1','8.26.2','8.26.3','8.26.5','8.26.8','8.27.17','8.3.4']",NULL,https://pleiades.stoa.org/places/570287,NULL,https://wikidata.org/wiki/Q3562285,NULL,Heraea,NULL,NULL
29.8856,31.212999999999997,"Sea off Pharos","Libya (Africa)","Egypt (region)",['thalassa'],['5.7.4'],NULL,NULL,NULL,NULL,NULL,NULL,NULL,NULL
21.918,37.582,"Melaineai (Arkadia)","Arcadia Bk8","road Heraia to Megalopolis",['settlement'],"['5.7.1','8.26.8','8.3.3']",NULL,https://pleiades.stoa.org/places/573363,https://topostext.org/place/376219UMel,https://wikidata.org/wiki/Q11936409,NULL,NULL,NULL,NULL
28.1112899,38.5178164,"Hermus (river)","Asia Minor (Asia)","Lydia (province)",['battlefield'],"['10.4.6','3.9.6','4.34.2','5.13.7','7.27.12']",NULL,https://pleiades.stoa.org/places/550575,NULL,https://wikidata.org/wiki/Q1351474,NULL,NULL,NULL,NULL
21.62932,37.63923,"Room within prytaneion at Olympia","Eleia Bk5 Bk6","Prytaneion (Olympia)",['oikema'],['5.15.9'],"Prytaneion (Olympia)",NULL,NULL,NULL,NULL,NULL,NULL,NULL
21.3136,37.6642,"Pheia (Eleia)","Eleia Bk5 Bk6","Eleia Bk5 Bk6",['settlement'],['5.18.6'],NULL,NULL,https://topostext.org/place/377213UPhe,https://wikidata.org/wiki/Q3563531,NULL,NULL,NULL,NULL
20.735953,39.023389,Nicopolis,"Hellas (Europe)","Epiros region",['polis'],"['10.38.4','10.8.4','10.8.5','5.23.3','7.18.8','7.18.9']",NULL,https://pleiades.stoa.org/places/531013,NULL,https://wikidata.org/wiki/Q943637,NULL,NULL,NULL,NULL
34.7425505,43.0786852,"Pontus Euxinus","Asia (continent)","Asia (continent)",['chora'],"['1.20.4','10.34.4','3.19.11','5.26.7','8.27.6']",NULL,https://pleiades.stoa.org/places/1224,NULL,https://wikidata.org/wiki/Q621672,NULL,NULL,NULL,NULL
27.256115000000005,37.384829,"Didyma Apollo sanctuary","Asia Minor (Asia)","Ionia (region)","['hieron','settlement']","['1.16.3','2.10.5','5.13.11','5.7.5','7.2.6','7.5.4','8.46.3','9.10.2']",NULL,https://pleiades.stoa.org/places/599593,NULL,https://wikidata.org/wiki/Q671358,NULL,Branchidai,NULL,NULL
15.292958,37.057294,"Arethusae spring in Ortygia, Syracuse","Sicilia (island)",Syracusae/Syrakousai,['pege'],"['5.7.2','5.7.3','7.24.3','8.54.3']",NULL,https://pleiades.stoa.org/places/462101,https://topostext.org/place/371153WAre,https://wikidata.org/wiki/Q3747483,NULL,NULL,NULL,NULL
22.50151,38.48254,"Sanctuary of Pythian Apollo at Delphi","Phokis Bk10","Delphi (polis)",['hieron'],"['1.11.1','1.20.7','1.22.8','1.26.3','1.3.4','1.37.6','1.4.4','1.41.1','1.43.3','1.43.7','1.43.8','1.9.3','10.1.1','10.1.10','10.1.4','10.10.2','10.11.1','10.11.2','10.12.5','10.13.1','10.13.10','10.13.6','10.13.8','10.14.5','10.15.5','10.15.6','10.16.5','10.16.7','10.16.8','10.17.2','10.18.1','10.18.2','10.18.5','10.18.7','10.19.3','10.19.5','10.2.2','10.2.3','10.22.12','10.23.1','10.23.11','10.23.2','10.23.3','10.24.1','10.24.5','10.3.3','10.3.4','10.32.1','10.33.3','10.34.1','10.34.2','10.35.8','10.36.3','10.36.6','10.5.5','10.5.7','10.6.5','10.6.6','10.7.1','10.7.3','10.8.1','10.8.2','10.8.3','10.8.6','10.9.1','10.9.12','10.9.2','10.9.4','10.9.6','2.22.8','2.24.1','2.26.7','2.29.7','2.33.2','3.1.6','3.10.3','3.10.4','3.11.8','3.13.8','3.17.1','3.17.9','3.19.12','3.3.6','3.4.3','3.4.4','3.8.10','3.8.2','3.8.9','4.12.1','4.12.7','4.12.8','4.15.6','4.16.6','4.17.4','4.20.1','4.24.1','4.32.3','4.32.5','4.34.9','4.5.4','4.9.3','5.13.5','5.18.8','5.21.5','5.21.7','5.27.1','5.27.10','5.27.9','5.3.1','5.4.3','5.4.6','5.7.3','6.1.8','6.11.5','6.11.7','6.12.8','6.13.8','6.14.5','6.15.1','6.15.3','6.15.6','6.16.4','6.17.2','6.19.1','6.2.2','6.3.11','6.3.4','6.3.8','6.4.11','6.4.2','6.4.5','6.4.6','6.7.10','6.8.1','6.8.6','6.9.7','7.17.13','7.17.6','7.19.4','7.19.6','7.19.7','7.2.1','7.24.4','7.3.1','8.10.9','8.11.10','8.15.1','8.23.1','8.24.10','8.24.14','8.24.8','8.27.9','8.36.8','8.37.1','8.39.4','8.48.2','8.5.4','8.53.3','8.7.6','8.9.3','9.12.1','9.14.2','9.25.1','9.26.3','9.33.1','9.33.4','9.36.2','9.37.4','9.37.5','9.38.5','9.40.1','9.41.2','9.5.10','9.7.5']",NULL,https://pleiades.stoa.org/places/540726,https://topostext.org/place/385225SDel,https://wikidata.org/wiki/Q125925203,NULL,Pytho,NULL,NULL
31.2313,30.091800000000003,"Nilus (river)","Libya (Africa)","Egypt (region)",['potamos'],"['1.33.4','1.33.6','1.42.3','1.6.6','1.7.2','10.32.18','2.5.3','4.34.2','4.34.3','5.14.3','5.21.9','5.7.4','6.26.9','8.24.12','8.9.7','9.40.6']",NULL,https://pleiades.stoa.org/places/727172,NULL,https://wikidata.org/wiki/Q3392,NULL,NULL,NULL,NULL
21.62845,37.63929,"Gymnasium (Olympia)","Eleia Bk5 Bk6",Olympia,['gymnasion'],"['5.15.8','5.21.17','6.21.2','6.6.3']",NULL,https://pleiades.stoa.org/places/728329643,https://topostext.org/place/376216BOGy,https://wikidata.org/wiki/Q25461278,NULL,NULL,NULL,NULL
21.8313,38.3997,Naupaktos,"Aitolia region","Aitolia region",['polis'],"['10.38.10','10.38.13','10.38.9','4.24.7','4.25.1','4.25.10','4.25.3','4.26.1','4.26.2','4.26.3','4.31.7','4.33.2','5.26.1','5.3.6','6.16.2','6.2.10','7.18.10','9.25.9','9.31.6','9.38.3']",NULL,https://pleiades.stoa.org/places/540960,https://topostext.org/place/384218UNau,https://wikidata.org/wiki/Q56398924,NULL,Naupactus,NULL,NULL
21.62975,37.63754,"Altar of the Nymphs at Olympia near sacred olive tree","Eleia Bk5 Bk6","Altis sacred grove (Olympia)",['bomos'],['5.15.3'],"Altis sacred grove (Olympia)",NULL,NULL,NULL,NULL,NULL,NULL,NULL
21.630126,37.637849,"Altar of Hephaestus at Olympia, also called of Zeus Areios","Eleia Bk5 Bk6",Olympia,['bomos'],['5.14.6'],Olympia,NULL,NULL,NULL,NULL,NULL,NULL,NULL
23.7257,37.9717,"Athenian Acropolis (Athens)","Athenai Bk1","Athenai Bk1","['acropolis','hieron','teichos']","['1.18.2','1.21.3','1.21.4','1.22.1','1.22.4','1.22.8','1.23.7','1.24.1','1.24.3','1.25.1','1.25.7','1.25.8','1.26.3','1.26.6','1.27.10','1.27.3','1.27.8','1.28.3','1.30.1','1.5.4','4.36.6','5.11.10','5.21.1','6.8.6','7.25.3','7.27.2','8.10.4','8.23.5','9.35.3','9.35.7','9.4.1']",NULL,https://pleiades.stoa.org/places/638356144,https://topostext.org/place/380237SAkr,https://wikidata.org/wiki/Q131013,NULL,"Acropolis of Athens",NULL,NULL
27.256115000000005,37.384829,"Altar made by Heracles at Didyma","Asia Minor (Asia)","Didyma Apollo sanctuary",['bomos'],['5.13.11'],"Didyma Apollo sanctuary",NULL,NULL,NULL,https://resource.manto.unh.edu/10267116,NULL,NULL,NULL
21.63042,37.63794,"Altar of Olympian Zeus at Olympia inside the Temple","Eleia Bk5 Bk6","Zeus temple (Olympia)",['bomos'],['5.14.4'],"Zeus temple (Olympia)",NULL,NULL,NULL,NULL,NULL,NULL,NULL
21.6307,37.6385,"Great altar of Zeus at Olympia","Eleia Bk5 Bk6","Altis sacred grove (Olympia)",['bomos'],"['5.13.10','5.13.11','5.13.8','5.13.9','5.14.1','5.14.8']",NULL,NULL,NULL,https://wikidata.org/wiki/Q2872358,NULL,"Altar of Olympian Zeus in Altis, Olympia",NULL,NULL
21.630126,37.637849,"Altar of Artemis Agrotera at Olympia in front of Prytaneion","Eleia Bk5 Bk6",Olympia,['bomos'],['5.15.8'],Olympia,NULL,NULL,NULL,NULL,NULL,NULL,NULL
21.62975,37.63754,"Altis sacred grove (Olympia)","Eleia Bk5 Bk6",Olympia,['alsos'],"['5.10.1','5.11.10','5.13.1','5.15.1','5.15.2','5.15.3','5.15.4','5.15.7','5.15.8','5.20.10','5.20.4','5.20.5','5.20.9','5.21.1','5.21.17','5.22.1','5.24.4','5.24.8','5.25.1','5.25.5','5.27.10','5.27.11','5.27.3','5.27.4','6.11.9','6.14.6','6.14.9','6.16.8','6.17.1','6.19.1','6.2.3','6.2.8','6.20.7','6.7.3']",NULL,NULL,https://topostext.org/place/376216SAlt,https://wikidata.org/wiki/Q2400346,NULL,NULL,NULL,NULL
35.25,33.25,Phoenice,"Asia (continent)","Asia (continent)",['chora'],"['1.6.4','5.12.4','5.25.12','7.5.5','9.28.2']",NULL,https://pleiades.stoa.org/places/991410,NULL,https://wikidata.org/wiki/Q41642,NULL,Phoenicia,NULL,NULL
34,50,"Hyperborea (Asia)",NULL,"Scythia (Europe)","['major region','mythical place']","['1.18.5','1.31.2','1.4.4','10.5.7','10.5.9','3.13.2','5.7.7','5.7.8']",NULL,NULL,NULL,https://wikidata.org/wiki/Q243333,NULL,"land of the Hyperboreans",NULL,NULL
21.602752,37.609552,"Temple of Ephesian Artemis in Scillus","Eleia Bk5 Bk6",Skillous,['naos'],['5.6.5'],Skillous,NULL,NULL,NULL,NULL,NULL,NULL,NULL
21.6026,37.5197,"Cave of the Anigrides Nymphs (Eleia)","Eleia Bk5 Bk6","Eleia Bk5 Bk6",['spelaion'],['5.5.11'],NULL,https://pleiades.stoa.org/places/581386416,https://topostext.org/place/375216SAni,NULL,NULL,NULL,NULL,NULL
27.363816,37.9498235,"Sanctuary of Ephesian Artemis at Ephesus","Asia Minor (Asia)",Ephesos,['hieron'],"['10.26.6','10.38.6','4.31.8','5.19.2','6.3.15','6.3.16','7.2.7','7.5.4']",NULL,https://pleiades.stoa.org/places/873985034,https://topostext.org/place/379274SEph,https://wikidata.org/wiki/Q43018,https://resource.manto.unh.edu/10267644,NULL,NULL,NULL
19.92178,39.60733,"Corcyra (settlement)","Hellas (Europe)","Ionian Sea (Greece/Italy)",['polis'],"['1.11.6','10.9.3','2.3.9','2.5.2','5.22.4','6.25.1','6.9.9']",NULL,https://pleiades.stoa.org/places/530834,NULL,https://wikidata.org/wiki/Q3693378,NULL,Kerkyra,NULL,NULL
21.630126,37.637849,"Altar of Hestia at Olympia","Eleia Bk5 Bk6",Olympia,['bomos'],['5.14.4'],Olympia,NULL,NULL,NULL,NULL,NULL,NULL,NULL
22.1273,37.4124,"Megalopolis (Arkadia)","Arcadia Bk8","Arcadia Bk8",['polis'],"['2.7.4','4.29.7','4.33.3','5.7.1','6.12.8','7.12.3','7.16.4','7.16.6','7.6.8','7.7.4','7.9.4','8.12.2','8.26.5','8.26.8','8.27.1','8.27.11','8.27.13','8.27.14','8.27.15','8.27.5','8.27.8','8.28.7','8.30.1','8.30.2','8.30.3','8.30.7','8.33.1','8.34.1','8.35.1','8.35.3','8.35.5','8.38.3','8.44.1','8.44.4','8.49.2','8.49.4','8.49.7','8.50.4','8.51.8','8.52.4','9.14.4','9.7.1']",NULL,https://pleiades.stoa.org/places/570467,https://topostext.org/place/374221PMeg,https://wikidata.org/wiki/Q36024972,NULL,NULL,NULL,NULL
21.724777,37.439599,Lepreon,"Eleia Bk5 Bk6",Triphylia,['polis'],"['5.5.3','5.5.4','5.5.5','5.5.6','6.15.1','6.3.4','6.3.9']",NULL,https://pleiades.stoa.org/places/570423,NULL,https://wikidata.org/wiki/Q5860679,NULL,NULL,NULL,NULL
21.724777,37.439599,"Arene spring close to Lepreus, named after wife of Aphareus","Eleia Bk5 Bk6",Lepreon,['pege'],['5.5.6'],Lepreon,NULL,NULL,NULL,https://resource.manto.unh.edu/10215572,NULL,NULL,NULL
21.630126,37.637849,"Altar of Herakles Parastates in Olympia","Eleia Bk5 Bk6",Olympia,['bomos'],['5.14.7'],Olympia,NULL,NULL,NULL,NULL,NULL,NULL,NULL
21.602752,37.609552,"Precinct of Ephesian Artemis in Scillous","Eleia Bk5 Bk6",Skillous,['temenos'],['5.6.5'],Skillous,NULL,NULL,NULL,NULL,NULL,NULL,NULL
21.630126,37.637849,"Altar of the Mother of the Gods at Olympia","Eleia Bk5 Bk6",Olympia,['bomos'],['5.14.9'],Olympia,NULL,NULL,NULL,NULL,NULL,NULL,NULL
21.6308,37.6373,"Bouleuterion at Olympia","Eleia Bk5 Bk6",Olympia,['bouleuterion'],['5.23.1'],NULL,NULL,NULL,NULL,NULL,NULL,NULL,NULL
22.0959,37.8914,Kleitor,"Arcadia Bk8","Arcadia Bk8",['polis'],"['10.9.9','5.7.1','6.8.5','6.9.2','8.17.6','8.19.4','8.21.3','8.21.4','8.25.2','8.4.5']",NULL,https://pleiades.stoa.org/places/570359,https://topostext.org/place/379221PKle,https://wikidata.org/wiki/Q2537130,NULL,Cleitor,NULL,NULL
21.630126,37.637849,"Gaion / Gaeum in Olympia","Eleia Bk5 Bk6",Olympia,['hieron'],['5.14.10'],Olympia,NULL,NULL,https://wikidata.org/wiki/Q134036761,NULL,NULL,NULL,NULL
22.091,38.227,"Selinous (river)","Achaia Bk7","Achaia Bk7",['potamos'],"['5.6.6','7.24.5']",NULL,https://pleiades.stoa.org/places/570661,NULL,https://wikidata.org/wiki/Q7448488,NULL,NULL,NULL,NULL
23.3484,37.5033,"Antheia of Troizenia","Troizenia Bk2","Troizen (Troizenia)",['polis'],"['1.22.2','1.25.4','1.27.7','1.8.2','10.5.6','2.1.4','2.30.5','2.30.6','2.30.8','2.30.9','2.31.4','2.31.9','2.32.2','2.32.6','2.32.8','2.33.1','2.34.1','2.34.12','2.34.4','2.34.6','5.23.2','8.1.1']","Troizen (Troizenia)",https://pleiades.stoa.org/places/570756,NULL,https://wikidata.org/wiki/Q60790607,NULL,NULL,NULL,NULL
21.62976,37.63887,"oak pillar in the opisthodomos of temple of Hera at Olympia","Eleia Bk5 Bk6","Temple of Hera at Olympia",['kion'],['5.16.1'],"Temple of Hera at Olympia",NULL,NULL,NULL,NULL,NULL,NULL,NULL
22.9,37.67,"Argolid Bk2",NULL,Peloponnesos,['chora'],"['10.10.4','10.15.1','10.18.5','2.1.1','2.15.4','2.15.5','2.16.2','2.18.4','2.18.7','2.20.1','2.24.7','2.25.5','2.26.1','2.28.2','2.29.5','2.35.4','2.36.4','2.38.4','2.38.7','2.7.1','3.2.2','3.23.6','3.4.1','3.5.8','3.5.9','3.7.3','3.7.4','4.11.8','4.29.2','4.34.10','4.34.12','4.35.2','5.10.9','5.23.2','6.20.7','7.25.5','7.26.12','8.1.1','8.1.2','8.22.1','8.22.3','8.27.1','8.3.3','8.33.3','8.4.6','8.54.7','8.6.4','8.6.6','8.7.2']",NULL,https://pleiades.stoa.org/places/570104,https://topostext.org/place/374229RArg,https://wikidata.org/wiki/Q12649101,NULL,"Argolis region",NULL,NULL
27.2774885,37.5292362,Miletus,"Asia Minor (Asia)","Ionia (region)",['polis'],"['1.35.6','10.33.2','2.5.3','5.1.5','7.2.11','7.2.4','7.2.5','7.24.5','7.5.10','7.5.4','8.24.11']",NULL,https://pleiades.stoa.org/places/599799,NULL,https://wikidata.org/wiki/Q169460,NULL,NULL,NULL,NULL
21.374,37.89,"Gate of Elis leading to Olympia","Eleia Bk5 Bk6","Elis polis",['pylai'],['5.4.4'],"Elis polis",NULL,NULL,NULL,NULL,NULL,NULL,NULL
30.750000000000004,29.249999999999996,"Arsinoites/Krokodeilopolites Nomos","Libya (Africa)","Egypt (region)",['chora'],['5.21.15'],NULL,https://pleiades.stoa.org/places/736893,NULL,https://wikidata.org/wiki/Q42890017,NULL,NULL,NULL,NULL
29.928794,40.714558,Astakos,"Asia Minor (Asia)","Bithynia (region)",['polis'],['5.12.7'],NULL,https://pleiades.stoa.org/places/511169,NULL,https://wikidata.org/wiki/Q4810504,NULL,NULL,NULL,NULL
21.63082,37.63881,"Metroon temple at Olympia","Eleia Bk5 Bk6","Altis sacred grove (Olympia)",['naos'],['5.20.9'],NULL,https://pleiades.stoa.org/places/98504070,https://topostext.org/place/376216SOMe,https://wikidata.org/wiki/Q1925760,NULL,NULL,NULL,NULL
24.40173,37.41179,"Kythnos, Kythnos (island)","Aegean Sea (Hellas)","Cyclades region (Aegean)",['nesos'],['5.23.2'],NULL,https://pleiades.stoa.org/places/570403,NULL,https://wikidata.org/wiki/Q739779,NULL,Cythnus,https://imperium.ahlfeldt.se/places/43620,NULL
21.62868,37.63775,"Phidias workshop (Olympia)","Eleia Bk5 Bk6",Olympia,['oikema'],['5.15.1'],NULL,NULL,https://topostext.org/place/376216BOPh,https://wikidata.org/wiki/Q23889060,NULL,NULL,NULL,NULL
27.498105,38.578834,"Pelopis Thronus","Asia Minor (Asia)","Magnesia ad Sipylum",['petra'],['5.13.7'],NULL,https://pleiades.stoa.org/places/550810,NULL,NULL,NULL,NULL,NULL,NULL
14.25,41.25,Campania,"Italia (Europe)","Italia (Europe)",['chora'],['5.12.3'],NULL,https://pleiades.stoa.org/places/432742,NULL,https://wikidata.org/wiki/Q129349983,NULL,NULL,NULL,NULL
21.62932,37.63923,"Hearth of the Prytaneion at Olympia","Eleia Bk5 Bk6","Prytaneion (Olympia)",['hestia'],['5.15.12'],"Prytaneion (Olympia)",NULL,NULL,NULL,NULL,NULL,NULL,NULL
35.788,36.769,Aegeai,"Asia Minor (Asia)",Cilicia,['settlement'],['5.21.11'],NULL,https://pleiades.stoa.org/places/658368,NULL,https://wikidata.org/wiki/Q60791230,NULL,Aigaia,NULL,NULL
31.60368158,41.09165143,Mariandynoi,"Pontus Euxinus","Pontus Euxinus",['chora'],['5.26.7'],NULL,https://pleiades.stoa.org/places/845013,NULL,https://wikidata.org/wiki/Q6762088,NULL,NULL,NULL,NULL
21.724777,37.439599,"Tomb of Lycurgus, son of Aleus, in Lepreon","Eleia Bk5 Bk6",Lepreon,['mnema'],['5.5.5'],Lepreon,NULL,NULL,NULL,https://resource.manto.unh.edu/11308577,NULL,NULL,NULL
29.885661,31.213931,Pharos,"Libya (Africa)","Egypt (region)",['polis'],"['5.7.4','6.23.6']",NULL,https://pleiades.stoa.org/places/727197,NULL,https://wikidata.org/wiki/Q43244,NULL,NULL,NULL,NULL
21.6336,37.637,"Embolon within hippodrome at Olympia","Eleia Bk5 Bk6","Hippodrome (Olympia)",['stele'],['5.15.6'],"Hippodrome (Olympia)",NULL,NULL,NULL,NULL,NULL,NULL,NULL
21.630126,37.637849,"Altar of Apollo Thermios at Olympia","Eleia Bk5 Bk6",Olympia,['bomos'],['5.15.7'],Olympia,NULL,NULL,NULL,NULL,NULL,NULL,NULL
21.630126,37.637849,"Votive column supporting a Nike offered by the Athenians at Olympia.","Eleia Bk5 Bk6",Olympia,['kion'],['5.26.1'],Olympia,NULL,NULL,NULL,NULL,NULL,NULL,NULL
14.90091,37.567342,"Hybla Gereatis","Sicilia (island)","Sicilia (island)",['polis'],['5.23.6'],NULL,https://pleiades.stoa.org/places/462251,NULL,https://wikidata.org/wiki/Q3787772,NULL,NULL,NULL,NULL
25.543589999999995,29.205140000000004,"altars in temple of Ammon in Libya dedicated by Elians","Libya (Africa)","Ammon oracle in Egypt",['bomos'],['5.15.11'],"Ammon oracle in Egypt",NULL,NULL,NULL,NULL,NULL,NULL,NULL
20.84143,38.92237,Anactorium,"Aitolia region",Akarnania,['polis'],['5.23.3'],NULL,https://pleiades.stoa.org/places/530798,NULL,https://wikidata.org/wiki/Q12873561,NULL,NULL,NULL,NULL
27.366012129999998,38.25857286,"Ionia (region)","Asia (continent)","Asia Minor (Asia)",['chora'],"['1.1.5','1.29.5','10.24.1','10.32.4','10.33.2','10.8.6','2.31.6','3.2.1','3.9.6','5.21.13','5.27.12','5.7.5','6.24.2','6.3.15','7.3.7','7.3.8','7.5.10','7.5.12','7.5.13','7.5.4','8.43.4','8.45.5','9.19.8','9.21.6','9.27.1','9.27.8','9.33.2','9.37.8']",NULL,https://pleiades.stoa.org/places/550597,NULL,https://wikidata.org/wiki/Q620874,NULL,NULL,NULL,NULL
27.784,38.7827,Hierokaisareia,"Asia Minor (Asia)","Lydia (province)","['hieron','polis']",['5.27.5'],NULL,https://pleiades.stoa.org/places/550578,NULL,https://wikidata.org/wiki/Q668809,NULL,"Hiera Kome, Hierocaesaria",NULL,NULL
19.470413,40.720583,Apollonia,Europe,"Illyria (Europe)",['polis'],"['5.22.3','5.22.4','6.14.13']",NULL,https://pleiades.stoa.org/places/481728,NULL,https://wikidata.org/wiki/Q505703,NULL,NULL,NULL,NULL
21.630126,37.637849,"Altar of All the Gods at Olympia","Eleia Bk5 Bk6",Olympia,['bomos'],['5.14.8'],Olympia,NULL,NULL,NULL,NULL,NULL,NULL,NULL
21.9,38.2,"Achaia Bk7",NULL,Peloponnesos,['chora'],"['2.18.8','2.5.6','3.2.1','5.1.1','5.24.4','5.9.1','6.26.10','7.1.1','7.1.3','7.1.4','7.27.12','7.7.2','8.1.2','8.15.8','8.27.14']",NULL,https://pleiades.stoa.org/places/570028,https://topostext.org/place/382219RAch,https://wikidata.org/wiki/Q2790451,NULL,Achaea,NULL,NULL
22.2693,37.4845,"Mainalos Mt. (Arkadia)","Arcadia Bk8","Arcadia Bk8",['oros'],"['3.11.7','5.27.1','6.6.1','6.6.3','6.8.5','8.27.2','8.3.4','8.36.5','8.36.8','8.9.3']",NULL,https://pleiades.stoa.org/places/570449,https://topostext.org/place/377223LMai,https://wikidata.org/wiki/Q112302501,NULL,Mainaleon,NULL,NULL
21.630126,37.637849,"Altis wall","Eleia Bk5 Bk6","Altis sacred grove (Olympia)",['peribolos'],['5.24.8'],Olympia,NULL,NULL,NULL,NULL,NULL,NULL,NULL
21.374,37.89,Menios,"Eleia Bk5 Bk6","Elis polis",['potamos'],"['5.1.10','6.26.1']","Elis polis",https://pleiades.stoa.org/places/573369,NULL,https://wikidata.org/wiki/Q107477417,NULL,NULL,NULL,NULL
29.923486000000004,40.76445,Nicomedia,"Asia Minor (Asia)","Bithynia (region)",['polis'],"['3.3.8','5.12.7']",NULL,https://pleiades.stoa.org/places/511337,NULL,https://wikidata.org/wiki/Q209349,NULL,NULL,NULL,NULL
21.724777,37.439599,"Tomb of Caucon, Lepreon","Eleia Bk5 Bk6",Lepreon,['mnema'],['5.5.5'],Lepreon,NULL,NULL,NULL,https://resource.manto.unh.edu/11308363,NULL,NULL,NULL
12.05473186,41.66419815,"Tyrrhenum/Inferum Mare","Internum Mare","Internum Mare",['thalassa'],['5.25.3'],NULL,https://pleiades.stoa.org/places/1356,NULL,https://wikidata.org/wiki/Q38882,NULL,NULL,NULL,NULL
26.212999999999997,39.994,"Scamander (river)","Asia Minor (Asia)",Troas,['potamos'],['5.25.6'],NULL,https://pleiades.stoa.org/places/550871,NULL,https://wikidata.org/wiki/Q2488636,NULL,NULL,NULL,NULL
28.096669999999996,37.342419,Chrysaoris,"Asia Minor (Asia)",Stratonicaea/Hadrianopolis,['chora'],['5.21.10'],NULL,https://pleiades.stoa.org/places/599574,NULL,https://wikidata.org/wiki/Q64161892,NULL,NULL,https://imperium.ahlfeldt.se/places/28946,NULL
21.5,38.6,"Aitolia region","Hellas (Europe)","Hellas (Europe)",['chora'],"['1.26.3','1.42.6','10.18.1','10.22.2','10.22.3','10.22.5','2.13.8','2.25.2','2.37.3','2.8.4','3.10.2','4.24.7','4.31.7','5.1.3','5.3.7','7.18.6','7.18.8','7.18.9','7.9.6','8.24.11','8.38.10']",NULL,https://pleiades.stoa.org/places/540591,https://topostext.org/place/386215RAit,https://wikidata.org/wiki/Q26857,NULL,Aetolia,NULL,NULL
24.35666,37.6217,"Keos (island)","Aegean Sea (Hellas)","Cyclades region (Aegean)",['nesos'],['5.23.2'],NULL,https://pleiades.stoa.org/places/570348,NULL,https://wikidata.org/wiki/Q214109,NULL,NULL,NULL,NULL
21.630126,37.637849,"Altar of Hermes, Olympia","Eleia Bk5 Bk6",Olympia,['bomos'],['5.15.5'],Olympia,NULL,NULL,NULL,NULL,NULL,NULL,NULL
22.334,37.453,"Pallantion (Arkadia)","Arcadia Bk8","Arcadia Bk8",['polis'],"['5.1.8','8.11.5','8.27.3','8.27.7','8.3.1','8.3.2','8.43.1','8.43.2','8.44.1','8.44.5']",NULL,https://pleiades.stoa.org/places/570548,https://topostext.org/place/375223PPal,https://wikidata.org/wiki/Q11939941,NULL,NULL,NULL,NULL
21.630126,37.637849,"altar of Zeus Laoetas and Poseidon Laoetas in Olympia","Eleia Bk5 Bk6",Olympia,['bomos'],['5.14.4'],Olympia,NULL,NULL,NULL,NULL,NULL,NULL,NULL
39.2348,39.2348,"Acheron (river)","Hellas (Europe)",Thesprotia,['potamos'],"['5.14.2','5.14.3']",NULL,https://pleiades.stoa.org/places/570030,NULL,https://wikidata.org/wiki/Q191087,NULL,NULL,NULL,NULL
21.63066,37.63905,"Sicyonian Treasury at Olympia","Eleia Bk5 Bk6","Treasury terrace north of the Heraion, Olympia",['thesauros'],"['5.14.9','6.19.1','6.19.4','6.19.7']",NULL,NULL,NULL,https://wikidata.org/wiki/Q2231808,NULL,NULL,NULL,NULL
23.8189911,38.05199883,"Attica Bk1","Attica Bk1","Hellas (Europe)",['chora'],"['1.1.1','1.14.2','1.2.6','1.20.6','1.21.1','1.22.3','1.22.7','1.23.5','1.24.5','1.24.8','1.25.6','1.26.3','1.26.5','1.26.6','1.27.10','1.27.2','1.28.10','1.28.11','1.28.4','1.28.9','1.29.2','1.29.6','1.29.7','1.30.4','1.31.1','1.31.3','1.31.5','1.32.1','1.32.3','1.34.1','1.34.2','1.35.1','1.36.3','1.37.7','1.38.1','1.38.4','1.38.8','1.44.10','10.17.5','10.25.2','10.33.4','10.35.8','2.1.1','2.1.6','2.30.9','2.32.9','2.6.5','2.6.6','3.12.7','3.5.1','3.7.10','3.8.6','4.1.8','4.34.8','5.10.4','5.11.7','5.13.8','5.15.7','5.25.13','5.4.7','6.19.12','7.1.5','7.1.9','7.11.8','7.17.2','7.18.2','7.25.2','7.3.6','7.5.5','7.6.3','7.7.7','8.23.3','9.1.1','9.1.6','9.13.6','9.23.5']",NULL,https://pleiades.stoa.org/places/579888,NULL,https://wikidata.org/wiki/Q122443,NULL,NULL,NULL,NULL
22.7065,37.539,Amymone,"Argolid Bk2","Argolid Bk2",['potamos'],"['2.37.1','2.37.4','5.17.11']",NULL,https://pleiades.stoa.org/places/573086,NULL,https://wikidata.org/wiki/Q121886957,NULL,NULL,NULL,NULL
14.08648465,37.53667612,"Sicilia (island)",NULL,"Roman empire",['nesos'],"['1.12.5','1.13.1','1.2.3','1.21.4','1.29.11','1.29.13','10.11.3','10.15.5','10.15.6','2.2.5','2.22.9','3.16.4','3.16.5','4.23.6','4.26.2','4.26.5','4.36.4','5.23.6','5.25.5','5.25.6','5.27.1','5.7.3','6.12.3','6.13.8','6.26.4','6.4.3','6.6.7','6.9.4','6.9.5','7.16.5','7.4.6','7.4.7','8.11.12','8.12.8','8.24.6','8.42.8','8.46.2','8.8.6','9.40.4']",NULL,https://pleiades.stoa.org/places/462492,NULL,https://wikidata.org/wiki/Q4951156,NULL,NULL,NULL,NULL
22.3,37.5,"Arcadia Bk8","Arcadia Bk8",Peloponnesos,['chora'],"['10.20.1','10.28.8','10.32.3','2.24.5','3.20.8','3.5.4','3.6.8','3.7.3','3.8.7','4.22.7','4.29.11','4.31.4','5.10.9','5.5.8','5.7.1','6.12.8','6.8.2','7.14.1','7.25.11','7.25.5','7.7.4','7.8.6','8.1.1','8.1.6','8.10.1','8.10.6','8.11.3','8.17.1','8.22.6','8.23.3','8.24.4','8.27.4','8.27.5','8.3.4','8.34.4','8.35.10','8.35.5','8.36.6','8.4.1','8.42.3','8.43.2','8.47.6','8.5.4','8.51.8','8.6.4','8.7.4','8.8.12','9.36.6','9.9.2']",NULL,https://pleiades.stoa.org/places/570102,https://topostext.org/place/375223RArk,https://wikidata.org/wiki/Q12898802,NULL,"Arkadia region",NULL,NULL
11.75274412,42.42102875,Etruria/Tuscia,"Italia (Europe)","Italia (Europe)",['chora'],['5.12.5'],NULL,https://pleiades.stoa.org/places/413122,NULL,https://wikidata.org/wiki/Q206730,NULL,NULL,NULL,NULL
23.3178,38.3191,"Thebes (Boeotia)","Boiotia Bk9","Boiotia Bk9",['polis'],"['1.25.4','1.28.7','1.29.3','1.3.4','1.34.1','1.34.2','1.34.4','1.37.6','1.39.2','1.40.2','1.41.1','1.43.1','1.44.4','1.44.5','10.10.3','10.17.4','10.20.1','10.29.7','10.35.5','10.7.6','2.19.8','2.20.5','2.36.8','2.6.1','2.6.2','2.6.3','2.6.4','2.7.6','3.5.3','3.5.4','3.9.11','3.9.3','3.9.8','4.17.5','4.27.10','4.32.5','4.7.8','4.8.8','5.3.1','7.10.2','7.14.6','7.15.9','7.17.2','7.3.1','7.6.9','8.11.6','8.14.2','8.15.6','8.24.10','8.25.4','8.25.8','8.33.2','9.1.6','9.1.8','9.10.1','9.10.4','9.11.6','9.12.2','9.13.1','9.14.7','9.17.4','9.17.5','9.18.1','9.18.2','9.18.3','9.18.5','9.19.2','9.19.3','9.19.4','9.22.3','9.23.4','9.23.5','9.25.10','9.25.7','9.25.9','9.29.9','9.3.6','9.32.5','9.33.1','9.37.2','9.4.4','9.40.3','9.5.1','9.5.12','9.5.13','9.5.14','9.5.2','9.5.6','9.5.7','9.6.2','9.6.3','9.6.5','9.7.1','9.7.2','9.7.6','9.8.1','9.8.3','9.8.7','9.9.4']",NULL,https://pleiades.stoa.org/places/541138,https://topostext.org/place/383233PThe,https://wikidata.org/wiki/Q11225429,NULL,NULL,NULL,NULL
25.543589999999995,29.205140000000004,"Ammon oracle in Egypt","Libya (Africa)","Egypt (region)",['manteion'],"['3.18.3','5.15.11','6.8.3','8.11.11']",NULL,https://pleiades.stoa.org/places/716520,https://topostext.org/place/292255SAmm,https://wikidata.org/wiki/Q958997,NULL,NULL,NULL,NULL
21.630126,37.637849,"Altar of Idas at Olympia - sometimes called altar of Acesidas.","Eleia Bk5 Bk6",Olympia,['bomos'],['5.14.7'],Olympia,NULL,NULL,NULL,NULL,NULL,NULL,NULL
27.368300000000005,37.95479,"Koresos or Tracheia M.","Asia Minor (Asia)",Ephesos,['oros'],['5.24.8'],NULL,https://pleiades.stoa.org/places/599725,NULL,NULL,NULL,"Koressos Coressus",NULL,NULL
21.5313,38.3714,Kalydon,"Aitolia region",Kalydonia,['polis'],"['1.27.9','2.25.2','3.10.2','5.1.3','7.18.8','7.18.9','7.21.1','7.21.10','7.21.5','8.4.10','8.45.2']",NULL,https://pleiades.stoa.org/places/540699,NULL,https://wikidata.org/wiki/Q750313,NULL,Calydon,NULL,NULL
21.630126,37.637849,"Altar of Homonoia at Olympia","Eleia Bk5 Bk6",Olympia,['bomos'],['5.14.9'],Olympia,NULL,NULL,NULL,NULL,NULL,NULL,NULL
27.4713446,37.6220196,"Maeander (river)","Asia Minor (Asia)","Ionia (region)",['potamos'],"['1.29.7','10.32.13','2.5.3','2.7.9','4.34.1','4.34.2','5.14.3','7.2.11','8.24.11','8.41.3','8.7.3']",NULL,https://pleiades.stoa.org/places/599777,NULL,https://wikidata.org/wiki/Q211089,NULL,NULL,NULL,NULL
21.62982,37.63845,"Pelopeion (Olympia)","Eleia Bk5 Bk6",Olympia,['temenos'],"['5.13.1','5.13.2','5.13.8','5.14.10','5.24.5','5.27.1']",NULL,NULL,https://topostext.org/place/376216SOPe,https://wikidata.org/wiki/Q7161678,https://resource.manto.unh.edu/10267093,NULL,NULL,NULL
15.5555232,38.1923323,Zancle/Messana,"Sicilia (island)","Sicilia (island)",['polis'],"['4.23.7','4.23.9','5.25.11','5.26.5']",NULL,https://pleiades.stoa.org/places/462538,NULL,https://wikidata.org/wiki/Q4023782,NULL,NULL,NULL,NULL
21.62975,37.63754,"Altar of Herakles, (either one of the Kouretes or the son of Alkmene) at Olympia","Eleia Bk5 Bk6","Altis sacred grove (Olympia)",['bomos'],['5.14.9'],"Altis sacred grove (Olympia)",NULL,NULL,NULL,NULL,NULL,NULL,NULL
31.2313,30.091800000000003,"lake between Ethiopia and Egypt through which the Nile passes","Libya (Africa)","Egypt (region)",['limne'],['5.7.4'],NULL,NULL,NULL,NULL,NULL,NULL,NULL,NULL
21.630126,37.637849,"Altar of Zeus Katharsios in Olympia","Eleia Bk5 Bk6",Olympia,['bomos'],['5.14.8'],Olympia,NULL,NULL,NULL,NULL,NULL,NULL,NULL
23.026,36.731,"Well beneath throne/statue of Asclepius in Epidaurus Asklepieion","Lakonia Bk3","Epidaurus Limera (Laconia)",['phrear'],['5.11.11'],"Epidaurus Limera (Laconia)",NULL,NULL,NULL,NULL,NULL,NULL,NULL
23.970146000000003,38.1465515,"Marathon deme","Attica Bk1","Attica Bk1","['chora','demos']","['1.14.5','1.17.6','1.27.10','1.28.2','1.28.4','1.29.4','1.32.3','1.32.4','1.33.1','1.33.2','2.1.1','2.29.4','4.25.5','5.11.6','7.15.7','9.1.3','9.32.9','9.4.1','9.4.2']",NULL,https://pleiades.stoa.org/places/580021,NULL,https://wikidata.org/wiki/Q13423602,NULL,NULL,NULL,NULL
21.63042,37.63794,"Bronze doors of temple of Zeus at Olympia","Eleia Bk5 Bk6","Zeus temple (Olympia)",['pylai'],['5.10.10'],"Zeus temple (Olympia)",NULL,NULL,NULL,NULL,NULL,NULL,NULL
