Lon,Lat,Name,Region,Part_of,Type,Passages,Location,Pleiades,ToposText,Wikidata,Manto,Altname,URL,Arachne
23.717999999999996,37.981,"Tomb of Nikias son of Nikomedes, Athens","Athenai Bk1","Athenai Bk1",['taphos'],['1.29.15'],NULL,NULL,https://topostext.org/binder/JB2206,NULL,NULL,NULL,NULL,NULL
23.58944,38.46276,Euripos,"Euboea (island)","Euboian Gulf",['settlement'],"['1.23.3','1.38.1','2.24.6','5.23.2','6.13.8','7.7.6','9.12.6','9.19.6','9.22.5','9.31.3']",NULL,https://pleiades.stoa.org/places/540783,NULL,https://wikidata.org/wiki/Q1137741,NULL,NULL,NULL,NULL
23.42372,37.74991,"Aigina polity","Aigina island Bk2","Aigina island Bk2",['polis'],"['1.44.9','2.29.6','6.9.3','7.5.5']",NULL,https://pleiades.stoa.org/places/579853,https://topostext.org/place/378234PAig,https://wikidata.org/wiki/Q191082,NULL,"Aegina polis",NULL,NULL
23.7186181,38.1752735,"Altar of Zeus Semaleos, mount Parnes","Attica Bk1","Parnes or Parnitha mountain",['bomos'],['1.32.2'],"Parnes or Parnitha mountain",NULL,NULL,NULL,NULL,NULL,NULL,NULL
23.7205,37.9798,"Demosion Sema, Corinth, Athens","Athenai Bk1","Demosion Sema war graves, Athens",['taphos'],['1.29.11'],NULL,NULL,https://topostext.org/binder/JB1047,NULL,NULL,NULL,NULL,NULL
23.625,37.875,"Phaleron Limen","Attica Bk1","Attica Bk1",['epineion'],"['1.1.2','1.1.4']",NULL,https://pleiades.stoa.org/places/580071,NULL,NULL,NULL,NULL,NULL,NULL
23.718611,37.978333,"Stoas, between the gate and Kerameikos","Athenai Bk1",Kerameikos,['stoa'],['1.2.4'],Kerameikos,NULL,NULL,NULL,NULL,NULL,NULL,NULL
22.43516,38.9046,Lamia,"Hellas (Europe)",Phthiotis,['settlement'],"['1.1.3','1.4.3','1.8.2','10.3.4','6.4.7','7.10.4','7.10.5','7.15.2','7.6.5']",NULL,https://pleiades.stoa.org/places/540902,NULL,https://wikidata.org/wiki/Q192980,NULL,NULL,NULL,NULL
27.52785,37.8507,"Magnesia ad Maeandrum/Leukophrys","Asia Minor (Asia)","Ionia (region)",['settlement'],"['1.1.2','5.21.10','6.17.3']",NULL,https://pleiades.stoa.org/places/599778,NULL,https://wikidata.org/wiki/Q1432674,NULL,NULL,NULL,NULL
22.72926,38.50665,Daulis,"Phokis Bk10","Phokis Bk10",['settlement'],"['1.41.8','10.3.1','10.35.8','10.4.10','10.4.7','10.4.8','10.5.1']",NULL,https://pleiades.stoa.org/places/540723,NULL,https://wikidata.org/wiki/Q1172948,NULL,NULL,NULL,NULL
23.8068,38.0263,Phlya,"Attica Bk1","Attica Bk1",['demos'],['1.31.4'],NULL,https://pleiades.stoa.org/places/580076,NULL,https://wikidata.org/wiki/Q13424335,NULL,NULL,NULL,NULL
-7.9149035,31.0597925,"Atlas Mons/Atlas Montes","Libya (Africa)","Libya (Africa)",['oros'],"['1.33.5','1.33.6','8.43.3']",NULL,https://pleiades.stoa.org/places/846,NULL,https://wikidata.org/wiki/Q130135,NULL,NULL,https://imperium.ahlfeldt.se/places/44459,NULL
8.895951167,40.06802462,"Sardinia (island)","Internum Mare","Internum Mare",['nesos'],"['1.29.5','10.17.1','10.17.10','10.17.11','10.17.13','10.17.2','10.17.3','10.17.4','10.17.5','10.17.6','10.17.8','10.17.9','4.23.5','7.17.3','7.2.2','9.23.1']",NULL,https://pleiades.stoa.org/places/472014,NULL,https://wikidata.org/wiki/Q3760293,NULL,NULL,NULL,NULL
23.844643,38.290623,"Spring of Amphiaraos","Attica Bk1","Amphiareion near Oropos",['pege'],['1.34.4'],"Amphiareion near Oropos",NULL,NULL,https://wikidata.org/wiki/Q124644581,https://resource.manto.unh.edu/10160001,NULL,NULL,NULL
23.72512,37.97207,"Klepsydra spring (Athens Acropolis)","Athenai Bk1","Athenian Acropolis (Athens)",['pege'],['1.28.4'],NULL,https://pleiades.stoa.org/places/538107005,https://topostext.org/place/380237WKle,https://wikidata.org/wiki/Q12879136,NULL,NULL,NULL,NULL
23.7976,37.8300155,"sanctuary of Mother of the Gods, Anagyros","Attica Bk1",Anagyrous,['hieron'],['1.31.1'],Anagyrous,NULL,NULL,https://wikidata.org/wiki/Q124644564,NULL,NULL,NULL,NULL
35.01,13.01,"Aethiopia (Africa)","Libya (Africa)",NULL,"['major region']","['1.33.4','1.42.3','10.31.7','2.5.3','5.12.3','5.7.4','8.38.6','9.21.6']",NULL,https://pleiades.stoa.org/places/39274,NULL,https://wikidata.org/wiki/Q410453,NULL,NULL,NULL,NULL
23.725000000000005,37.975,"Cenotaph of Euripides, Athens","Athenai Bk1","Athenai Bk1",['mnema'],['1.2.2'],NULL,NULL,https://topostext.org/binder/JB1381,NULL,NULL,NULL,NULL,NULL
23.682,37.992,"Tomb of Heliodoros Halis on Sacred Way","Attica Bk1","Sacred Way from Athens to Eleusis",['mnema'],['1.37.1'],NULL,NULL,https://topostext.org/binder/JB1493,NULL,NULL,NULL,NULL,NULL
24.055816,37.789855,Potamoi,"Attica Bk1","Attica Bk1",['demos'],"['1.31.3','7.1.5']",NULL,https://pleiades.stoa.org/places/580087,NULL,https://wikidata.org/wiki/Q13464976,NULL,"Potamos Deiradiotes",NULL,NULL
23.727929999999997,37.9718,"Sanctuary of Aigeus, Athens","Athenai Bk1","Athenai Bk1",['heroon'],['1.22.5'],NULL,NULL,https://topostext.org/binder/JB0086,NULL,NULL,NULL,NULL,NULL
23.690438,37.958453,"Long walls of Athens","Athenai Bk1","Athenai Bk1",['teichos'],['1.20.6'],NULL,https://pleiades.stoa.org/places/585128,NULL,https://wikidata.org/wiki/Q1163616,NULL,NULL,NULL,NULL
23.726464,37.971687,"altar of Amphilochus at Athens","Athenai Bk1","Athenai Bk1",['bomos'],['1.34.3'],"Athenai Bk1",NULL,https://topostext.org/binder/JB0140,NULL,NULL,NULL,NULL,NULL
22.0507,39.2617,"Athena Itonia sanct. (Thessaly)","Hellas (Europe)",Thessalia,['hieron'],"['1.13.2','1.13.3']",NULL,NULL,https://topostext.org/place/393221SAth,NULL,NULL,NULL,NULL,NULL
22.7145,37.9834,"Sicyon (Sikyonia)","Sikyonia Bk2","Sikyonia Bk2",['polis'],"['1.25.4','1.27.5','10.11.6','10.8.5','2.1.1','2.10.1','2.10.6','2.11.2','2.11.3','2.11.5','2.12.2','2.12.3','2.13.1','2.15.1','2.25.5','2.25.6','2.3.10','2.3.6','2.4.4','2.5.2','2.5.5','2.5.6','2.5.8','2.6.2','2.6.5','2.6.6','2.6.7','2.7.1','2.7.2','2.7.3','2.7.6','2.7.7','2.7.9','2.8.1','2.9.2','2.9.4','4.10.6','4.11.8','4.14.1','4.15.7','5.18.7','5.21.3','6.3.3','7.1.1','7.23.8','7.26.12','7.26.13','7.26.2','7.26.6','7.27.12','7.6.1','8.1.2']",NULL,https://pleiades.stoa.org/places/570668,https://topostext.org/place/380227PSik,https://wikidata.org/wiki/Q368628,NULL,Sikyon,NULL,NULL
27.373294,36.688864,"Sanctuary of Aphrodite Euploia, Knidos","Asia Minor (Asia)",Knidos,['hieron'],['1.1.3'],NULL,https://pleiades.stoa.org/places/312238265,NULL,https://wikidata.org/wiki/Q57559213,NULL,NULL,NULL,NULL
23.34285,37.997,"Water source of the Sithnid nymphs at Megara","Megarid Bk1","Megara (Megarid)",['pege'],['1.40.1'],"Megara (Megarid)",NULL,NULL,NULL,https://resource.manto.unh.edu/11126361,NULL,NULL,NULL
23.8068,38.0263,"Altar of Ge, the Great Goddess, at Phlyeus","Attica Bk1",Phlya,['bomos'],['1.31.4'],Phlya,NULL,NULL,https://wikidata.org/wiki/Q124644571,NULL,NULL,NULL,NULL
22.562341,36.763663,"shipsheds, Gythion","Lakonia Bk3",Gythion,"['neos oikos']",['1.27.5'],Gythion,NULL,NULL,NULL,NULL,NULL,NULL,NULL
23.725000000000005,37.975,"Tomb of Molpadia, Athens","Athenai Bk1","Athenai Bk1",['taphos'],['1.2.1'],NULL,NULL,https://topostext.org/binder/JB2128,NULL,https://resource.manto.unh.edu/10380213,NULL,NULL,NULL
23.682,37.992,"Altar of Zephyros on Sacred Way","Attica Bk1","Sacred Way from Athens to Eleusis",['bomos'],['1.37.2'],NULL,NULL,https://topostext.org/binder/JB2970,NULL,NULL,NULL,NULL,NULL
23.7215,37.9674,"Tomb of Musaeus on Mouseion Hill, Athens","Athenai Bk1","Mouseion Hill (Athens)",['taphos'],['1.25.8'],"Mouseion Hill (Athens)",NULL,https://topostext.org/place/380237SMou,NULL,NULL,NULL,NULL,NULL
23.7329,37.9686,"Muses altar, Athens","Athenai Bk1","Athenai Bk1",['bomos'],"['1.19.5','1.30.2']",NULL,NULL,https://topostext.org/binder/JB2166,NULL,NULL,NULL,NULL,NULL
25.3,38.1,"Aegean Sea (Hellas)",NULL,"Internum Mare",['thalassa'],"['1.1.1','1.1.2','1.1.3','1.1.5','1.12.5','1.13.2','1.17.3','1.22.4','1.23.3','1.26.5','1.27.9','1.28.11','1.31.1','1.32.7','1.33.2','1.34.1','1.35.5','1.38.1','1.38.4','1.4.3','1.4.5','1.8.1','1.9.7','2.12.2','2.22.1','2.26.9','2.29.10','2.29.6','2.30.7','2.34.6','2.34.8','2.36.4','2.36.6','2.36.7','2.37.1','2.37.2','2.38.1','2.38.4','2.5.3','4.34.12','5.21.10','5.23.2','6.16.5','8.14.12','9.11.5','9.15.5']",NULL,https://pleiades.stoa.org/places/560221,https://topostext.org/place/381253WAeg,https://wikidata.org/wiki/Q34575,NULL,NULL,NULL,NULL
20.78784,39.54648,"Zeus sanctuary at Dodona","Hellas (Europe)","Epiros region",['hieron'],"['1.13.3','1.17.5','1.36.4','7.21.2','7.21.3','7.21.4','7.25.1','8.11.12','8.23.5','8.28.6','9.25.8','9.8.1']",NULL,https://pleiades.stoa.org/places/530843,NULL,https://wikidata.org/wiki/Q382317,NULL,NULL,NULL,NULL
23.644609,37.937222,"Athenian agora in Piraeus","Attica Bk1",Peiraieus/Piraeus,['agora'],['1.1.3'],Peiraieus/Piraeus,NULL,NULL,NULL,NULL,NULL,NULL,NULL
27.453939999999996,38.5668,Sipylos,"Asia Minor (Asia)","Lydia (province)",['oros'],"['1.21.3','1.24.8','2.22.3','3.22.4','5.13.7','6.22.1','7.24.13','7.27.12','8.17.3','8.2.7','8.38.10']",NULL,https://pleiades.stoa.org/places/550884,NULL,https://wikidata.org/wiki/Q532698,NULL,"Mount Sipylus /Manisa Dağı",NULL,NULL
22.324777,40.479304,"Aigai (Macedonia)","Macedonia (Europe)","Macedonia (Europe)",['polis'],"['1.6.3','7.6.1']",NULL,https://pleiades.stoa.org/places/491512,NULL,https://wikidata.org/wiki/Q16963755,NULL,NULL,NULL,NULL
23.37572,38.17934,Eleutherai,"Attica Bk1","Attica Bk1",['polis'],"['1.38.8','1.38.9','2.6.3','9.1.1','9.1.6','9.2.3']",NULL,https://pleiades.stoa.org/places/540756,NULL,https://wikidata.org/wiki/Q1328318,NULL,NULL,NULL,NULL
23.601,38.023,"unlocated tomb of Krokon, Rheitoi","Attica Bk1","Rheitoi (river)",['mnema'],['1.38.2'],"Rheitoi (river)",NULL,NULL,https://wikidata.org/wiki/Q124644599,NULL,NULL,NULL,NULL
17.228553,40.476034,Taras/Tarentum/Neptunia,"Italia (Europe)","Italia (Europe)",['polis'],"['1.12.5','1.13.1','10.10.6','10.10.8','3.12.6']",NULL,https://pleiades.stoa.org/places/442810,NULL,https://wikidata.org/wiki/Q3981082,NULL,NULL,NULL,NULL
25.2035699,35.32563705,Amnisos,Crete,Crete,['settlement'],['1.18.5'],NULL,https://pleiades.stoa.org/places/524143100,NULL,https://wikidata.org/wiki/Q473766,NULL,NULL,NULL,NULL
23.7168,37.9816,"Demosion Sema, battle of Koroneia, Athens","Athenai Bk1","Demosion Sema war graves, Athens",['taphos'],['1.29.14'],"Demosion Sema war graves, Athens",NULL,https://topostext.org/binder/JB1060,NULL,NULL,NULL,NULL,NULL
23.708200000000005,37.9911,"Academy Gymnasium (Athens)","Athenai Bk1","Academy of Plato, Athens",['gymnasion'],"['1.29.2','1.30.3']",NULL,NULL,https://topostext.org/place/380237BGAP,NULL,NULL,NULL,NULL,NULL
23.5415,38.0441,"Eleusis (Attica)","Attica Bk1","Attica Bk1",['settlement'],"['1.26.3','5.10.1']",NULL,NULL,https://topostext.org/place/380235PEle,https://wikidata.org/wiki/Q11918833,NULL,NULL,NULL,NULL
21.1067,38.3388,"Achelous river (Aitolia)","Aitolia region","Aitolia region",['potamos'],"['1.34.3','4.34.1','5.1.8','8.24.11','8.24.9','8.38.10']",NULL,https://pleiades.stoa.org/places/530768,https://topostext.org/place/383211WAch,https://wikidata.org/wiki/Q203923,NULL,NULL,NULL,NULL
23.34285,37.997,"temple of Zeus in the Megara Olympeion","Megarid Bk1","Olympieion of Megara",['naos'],['1.40.4'],"Olympieion of Megara",NULL,NULL,https://wikidata.org/wiki/Q124644613,NULL,NULL,NULL,NULL
35.14885,42.0206,Sinope,"Pontus Euxinus","Pontus Euxinus",['polis'],['1.31.2'],NULL,https://pleiades.stoa.org/places/857321,NULL,https://wikidata.org/wiki/Q107557833,NULL,NULL,NULL,NULL
48.51696,34.80523,Ekbatana,"Asia (continent)",Media,['settlement'],"['1.16.3','4.24.2']",NULL,https://pleiades.stoa.org/places/903021,NULL,https://wikidata.org/wiki/Q696193,NULL,NULL,NULL,NULL
23.682,37.992,"Tomb of Kephisodoros on Sacred Way","Attica Bk1","Sacred Way from Athens to Eleusis",['mnema'],"['1.36.5','1.37.1']",NULL,NULL,https://topostext.org/binder/JB1884,NULL,NULL,NULL,NULL,NULL
22.42155,37.58607,"Mantineia battlefield 362 BCE","Arcadia Bk8","Mantineia (Arkadia)",['battlefield'],"['1.3.4','8.11.5','8.11.7']","Epaminondas tomb (Arkadia)",NULL,NULL,NULL,NULL,NULL,NULL,NULL
23.726464,37.971687,"Temple of Eukleia, Athens","Athenai Bk1","Athenai Bk1",['naos'],['1.14.5'],"Athenai Bk1",NULL,https://topostext.org/binder/JB1365,https://wikidata.org/wiki/Q116388531,NULL,NULL,NULL,NULL
23.34285,37.997,"Anaklethrida rock of Demeter in Megara","Megarid Bk1","Megara (Megarid)",['petra'],['1.43.2'],"Megara (Megarid)",NULL,NULL,https://wikidata.org/wiki/Q124644648,NULL,NULL,NULL,NULL
23.718611,37.978333,Kerameikos,"Athenai Bk1","Athenai Bk1",['demos'],"['1.14.6','1.2.4','1.20.6','1.3.1','8.9.8']",NULL,https://pleiades.stoa.org/places/97294452,NULL,https://wikidata.org/wiki/Q630974,NULL,NULL,NULL,NULL
23.644609,37.937222,"Harbor agora at Piraeus","Attica Bk1",Peiraieus/Piraeus,['agora'],['1.1.3'],Peiraieus/Piraeus,NULL,NULL,https://wikidata.org/wiki/Q124644548,NULL,NULL,NULL,NULL
23.682,37.992,"Tomb of Themistokles, Piraeus","Attica Bk1",Peiraieus/Piraeus,['taphos'],['1.1.2'],NULL,https://pleiades.stoa.org/places/598581244,NULL,NULL,NULL,NULL,NULL,NULL
27.184167,39.1325,"hero shrine of Andromache in Pergamon","Asia Minor (Asia)",Pergamum,['heroon'],['1.11.2'],Pergamum,NULL,NULL,https://wikidata.org/wiki/Q124644557,NULL,NULL,NULL,NULL
23.717999999999996,37.981,"Tomb of Chrysippos, Athens","Athenai Bk1","Athenai Bk1",['taphos'],['1.29.15'],NULL,NULL,https://topostext.org/binder/JB0937,NULL,NULL,NULL,NULL,NULL
23.9327,38.156,"Oinoe (Marathon)","Attica Bk1","Attica Bk1",['demos'],['1.33.8'],NULL,NULL,https://topostext.org/place/382239DOin,https://wikidata.org/wiki/Q13423604,NULL,NULL,NULL,NULL
23.844643,38.290623,"Five-part altar to gods and heroes at the Oropos Amphiraeon","Attica Bk1","Amphiareion near Oropos",['bomos'],['1.34.3'],"Amphiareion near Oropos",NULL,NULL,https://wikidata.org/wiki/Q124644579,NULL,NULL,NULL,NULL
20.553,39.253,"Acherousia lake","Hellas (Europe)",Thesprotia,['limne'],['1.17.5'],NULL,NULL,https://topostext.org/place/393208WAch,https://wikidata.org/wiki/Q2667947,NULL,NULL,NULL,NULL
23.8068,38.0263,"Altar of Athena Tithrone in temple at Phlya","Attica Bk1","temple of Demeter et al in Phlya, Attica",['bomos'],['1.31.4'],"temple of Demeter et al in Phlya, Attica",NULL,NULL,NULL,NULL,NULL,NULL,NULL
23.717999999999996,37.9785,"Kerameikai Gate, fortification, Athens","Athenai Bk1",Kerameikos,['pylai'],['1.2.3'],NULL,NULL,https://topostext.org/binder/JB1889,NULL,NULL,NULL,NULL,NULL
23.81707,37.95247,"Zeus Ombrios altar, Hymettos","Attica Bk1","Mount Hymettus",['bomos'],['1.32.2'],NULL,NULL,https://topostext.org/place/379238SOmb,NULL,NULL,NULL,NULL,NULL
23.96,38.125,"Marathonian Plain (Attica)","Attica Bk1","Marathon deme",['pedion'],['1.15.3'],NULL,https://pleiades.stoa.org/places/580022,https://topostext.org/place/381239UMar,https://wikidata.org/wiki/Q81645930,NULL,NULL,NULL,NULL
23.725039999999996,37.97204,"cave sanctuary of Apollo, cave of Pan?","Athenai Bk1","Athenai Bk1",['hieron'],['1.28.4'],NULL,NULL,https://topostext.org/place/380237CAPZ,https://wikidata.org/wiki/Q134040030,https://resource.manto.unh.edu/10157580,NULL,NULL,NULL
23.722336,37.976123,"Royal Stoa (Athens Agora)","Athenai Bk1","Agora of Athens",['stoa'],"['1.14.6','1.3.1','1.3.2']",NULL,NULL,https://topostext.org/place/380237BRoS,https://wikidata.org/wiki/Q1670679,NULL,NULL,NULL,NULL
23.706200000000003,37.9373,Phaleron,"Attica Bk1","Attica Bk1",['demos'],"['1.1.2','1.1.4','1.1.5','1.28.9','1.36.4','10.35.2','8.10.4']",NULL,https://pleiades.stoa.org/places/580072,NULL,https://wikidata.org/wiki/Q534927,NULL,NULL,NULL,NULL
23.34285,37.997,"sanctuary of Demeter Thesmophoros in Megara","Megarid Bk1","Megara (Megarid)",['hieron'],['1.42.6'],"Megara (Megarid)",NULL,NULL,https://wikidata.org/wiki/Q124644639,NULL,NULL,NULL,NULL
23.715,37.995,"Heroon of Theseus and Peirithoos at Kolonos Hippios","Attica Bk1","Kolonos Hippios",['heroon'],['1.30.4'],"Kolonos Hippios",NULL,https://topostext.org/binder/JB2379,NULL,NULL,"Heroon of Pirithous at Colonus Hippius",NULL,NULL
23.72641,37.97209,"Hephaistos altar, Acropolis of Athens","Athenai Bk1","Athenian Acropolis (Athens)",['bomos'],['1.26.5'],NULL,NULL,https://topostext.org/binder/JB1502,NULL,NULL,NULL,NULL,NULL
21.1966,38.4077,Oiniadai,"Aitolia region","Aitolia region",['settlement'],"['1.11.4','4.25.1','4.25.10','4.25.3','4.25.4']",NULL,https://pleiades.stoa.org/places/531016,NULL,https://wikidata.org/wiki/Q2016870,NULL,NULL,NULL,NULL
27.954540000000005,40.97089,Perinthus/Heraclea,"Thrace (Europe)","Thrace (Europe)",['polis'],['1.29.10'],NULL,https://pleiades.stoa.org/places/511357,NULL,https://wikidata.org/wiki/Q11815679,NULL,NULL,NULL,NULL
30.752,38.8624,Dokimeion,"Asia Minor (Asia)",Phrygia,"['lithotomia','settlement']",['1.18.8'],NULL,https://pleiades.stoa.org/places/609366,NULL,https://wikidata.org/wiki/Q15806224,NULL,"Docimium mine of Phrygian stone",NULL,NULL
21.925,37.186,"Ithome Mt. (Messenia)","Messenia Bk4","Messenia Bk4","['oros','settlement']","['1.29.8','10.38.10','3.11.8','4.1.3','4.10.1','4.11.2','4.11.4','4.12.2','4.12.5','4.12.9','4.13.6','4.14.2','4.15.1','4.20.4','4.23.6','4.24.6','4.24.7','4.26.3','4.26.7','4.29.2','4.29.5','4.3.9','4.31.4','4.33.1','4.9.1','4.9.2','4.9.4','6.3.13','8.50.5']",NULL,https://pleiades.stoa.org/places/570318,https://topostext.org/place/372219LIth,https://wikidata.org/wiki/Q602538,NULL,NULL,NULL,NULL
22.7195,37.6316,"Argos (Argolid)","Argolid Bk2","Argolid Bk2",['polis'],"['1.13.7','1.13.8','1.14.2','1.25.4','1.27.10','1.33.1','1.41.1','1.43.7','1.43.8','10.10.5','10.35.1','10.8.5','2.13.1','2.15.1','2.15.2','2.15.4','2.16.1','2.16.2','2.16.3','2.18.1','2.18.5','2.18.7','2.18.8','2.19.3','2.20.4','2.20.5','2.20.8','2.21.7','2.22.4','2.22.6','2.22.8','2.23.1','2.23.5','2.24.5','2.25.1','2.25.2','2.25.5','2.25.7','2.25.8','2.28.4','2.30.10','2.34.4','2.34.5','2.35.2','2.36.6','2.38.1','2.4.2','2.6.6','2.8.6','3.1.4','3.1.5','3.9.1','4.1.1','4.1.2','4.10.6','4.12.3','4.14.1','4.14.8','4.15.7','4.17.5','4.3.3','4.35.2','4.8.8','6.13.7','6.2.2','6.9.3','7.1.5','7.1.6','7.1.7','7.14.1','7.17.1','7.20.8','7.23.10','7.4.4','7.6.3','8.24.8','8.27.1','8.5.7','8.54.5','9.25.1','9.36.6','9.36.7','9.5.12']",NULL,https://pleiades.stoa.org/places/570106,https://topostext.org/place/376227PArg,https://wikidata.org/wiki/Q13533353,NULL,NULL,NULL,NULL
23.8068,38.0263,"temple of Demeter et al in Phlya, Attica","Attica Bk1",Phlya,['naos'],['1.31.4'],Phlya,NULL,NULL,NULL,NULL,NULL,NULL,NULL
27.37404,36.686188,Knidos,"Asia Minor (Asia)","Cherronesos of Knidos",['polis'],"['1.1.3','1.2.2','10.11.1','10.11.3','5.24.7','6.3.16','8.30.2']",NULL,https://pleiades.stoa.org/places/599576,NULL,https://wikidata.org/wiki/Q690575,NULL,Cnidus,https://imperium.ahlfeldt.se/places/21190,NULL
24.116,37.678,"Helena (island)","Attica Bk1","Attica Bk1",['nesos'],"['1.35.1','8.14.12']",NULL,https://pleiades.stoa.org/places/579945,NULL,https://wikidata.org/wiki/Q618600,NULL,NULL,NULL,NULL
23.7257,37.9717,"Demeter Chloe, sanctuary, Athens","Athenai Bk1","Athenai Bk1",['hieron'],['1.22.3'],NULL,NULL,https://topostext.org/binder/JB1004,https://wikidata.org/wiki/Q12878107,NULL,NULL,NULL,NULL
23.722354,37.9036115,Halimous,"Attica Bk1","Attica Bk1",['demos'],['1.31.1'],NULL,https://pleiades.stoa.org/places/579941,NULL,https://wikidata.org/wiki/Q13464895,NULL,"Alimos, Halimos",NULL,NULL
31.254278000000003,29.849667,Memphis,"Libya (Africa)","Egypt (region)",['settlement'],"['1.18.4','1.6.3','1.7.1']",NULL,https://pleiades.stoa.org/places/736963,NULL,https://wikidata.org/wiki/Q5715,NULL,NULL,NULL,NULL
23.7215,37.9674,"Mouseion Hill (Athens)","Athenai Bk1","Athenai Bk1",['lophos'],"['1.25.8','1.28.10','3.6.6']",NULL,https://pleiades.stoa.org/places/968858713,https://topostext.org/place/380237LMus,https://wikidata.org/wiki/Q2088161,NULL,NULL,NULL,NULL
23.707,37.992,"altar of Prometheus, in the Academy","Athenai Bk1","Academy of Plato, Athens",['bomos'],['1.30.2'],"Academy of Plato, Athens",NULL,NULL,NULL,NULL,NULL,NULL,NULL
23.7168,37.9816,"Demosion Sema, Delion, Athens","Athenai Bk1","Demosion Sema war graves, Athens",['taphos'],['1.29.13'],NULL,NULL,https://topostext.org/binder/JB1051,NULL,NULL,NULL,NULL,NULL
22.549,37.489,"Parthenion (mountain)","Argolid Bk2","Argolid Bk2",['oros'],"['1.28.4','8.48.7','8.54.6','8.54.7','8.6.4']",NULL,https://pleiades.stoa.org/places/573428,https://topostext.org/place/373228LPar,NULL,NULL,NULL,NULL,NULL
23.743299999999998,37.974,"Tomb of Nisos, Athens","Athenai Bk1","Athenai Bk1",['taphos'],['1.19.4'],NULL,NULL,https://topostext.org/binder/JB2212,NULL,https://resource.manto.unh.edu/10151517,NULL,NULL,NULL
23.61638,38.01255,"Wall of unworked stone before Aphrodite temple on Sacred Way","Attica Bk1","Sacred Way from Athens to Eleusis",['teichos'],['1.37.7'],NULL,NULL,NULL,NULL,NULL,NULL,NULL,NULL
23.2848,37.9844,"Tomb of Eurystheus between Megara and Corinth","Megarid Bk1","Megarid Bk1",['mnema'],['1.44.10'],NULL,NULL,NULL,https://wikidata.org/wiki/Q124646270,https://resource.manto.unh.edu/10214610,NULL,NULL,NULL
23.96,38.125,"river flowing from Marathon lake","Attica Bk1","Marathonian Plain (Attica)",['potamos'],['1.32.7'],"Marathonian Plain (Attica)",NULL,NULL,NULL,NULL,NULL,NULL,NULL
23.7168,37.9816,"Demosion Sema, Athenian dead from Eurymedon","Athenai Bk1","Demosion Sema war graves, Athens",['sema'],['1.29.14'],"Demosion Sema war graves, Athens",NULL,NULL,NULL,NULL,NULL,NULL,NULL
30.551573,36.524579,Phaselis,"Asia Minor (Asia)","Lycia region",['settlement'],"['1.37.4','3.3.8']",NULL,https://pleiades.stoa.org/places/639051,NULL,https://wikidata.org/wiki/Q595329,NULL,NULL,NULL,NULL
23.34285,37.997,"record office of Megara at Tomb of Pyrgo","Megarid Bk1","Megara (Megarid)",['oikema'],['1.43.4'],"Megara (Megarid)",NULL,NULL,https://wikidata.org/wiki/Q124644651,NULL,NULL,NULL,NULL
23.726464,37.971687,"Athenai Bk1","Attica Bk1","Attica Bk1",['polis'],"['1.1.2','1.1.5','1.14.1','1.14.5','1.14.7','1.15.2','1.17.6','1.18.4','1.18.8','1.19.1','1.2.1','1.2.4','1.2.5','1.20.4','1.20.5','1.20.6','1.20.7','1.22.3','1.23.9','1.25.5','1.25.8','1.26.2','1.26.3','1.26.6','1.27.10','1.27.2','1.27.3','1.27.5','1.27.6','1.27.8','1.28.4','1.28.8','1.29.12','1.29.2','1.3.2','1.30.1','1.30.2','1.32.3','1.32.6','1.33.1','1.33.2','1.34.3','1.35.3','1.36.3','1.37.5','1.37.6','1.37.7','1.39.4','1.40.5','1.41.4','1.41.9','1.8.5','10.10.1','10.18.7','10.2.3','10.21.6','10.23.14','10.3.1','10.34.8','10.35.8','10.37.6','10.4.3','10.4.9','10.8.5','2.1.4','2.14.4','2.18.9','2.26.2','2.27.2','2.3.8','2.31.7','2.33.4','2.33.5','2.6.5','3.12.7','3.3.7','3.4.2','3.5.2','3.6.4','3.6.5','3.8.6','3.9.6','4.13.7','4.15.1','4.17.5','4.2.6','4.26.8','4.5.10','4.5.2','5.10.4','5.11.6','5.12.4','5.19.3','5.21.1','5.26.6','5.6.5','6.17.9','6.20.14','6.22.7','7.1.2','7.1.3','7.10.4','7.11.6','7.2.2','7.2.7','7.20.6','7.24.5','7.25.2','7.25.4','7.7.8','7.9.6','8.11.6','8.23.3','8.37.3','8.8.6','9.1.4','9.14.7','9.15.4','9.15.5','9.26.6','9.3.2','9.30.1','9.32.5','9.35.3','9.39.1','9.6.2','9.7.1']",NULL,https://pleiades.stoa.org/places/579885,NULL,https://wikidata.org/wiki/Q844930,NULL,"Athens Athenae polis",NULL,NULL
23.7168,37.9816,"grave of Argive Lamian war allies, at Athens","Athenai Bk1","Demosion Sema war graves, Athens",['mnema'],"['1.29.7','1.29.8']","Demosion Sema war graves, Athens",NULL,NULL,NULL,NULL,NULL,NULL,NULL
27.0057354,38.9471678,"Caicus (river)","Asia Minor (Asia)",Aeolis,['potamos'],"['1.10.4','5.13.3','5.24.6','7.16.1','8.4.9','8.45.7','9.18.4','9.5.14']",NULL,https://pleiades.stoa.org/places/550491,NULL,https://wikidata.org/wiki/Q1737602,NULL,NULL,NULL,NULL
2.1918495,36.607058,"Mauretania (Africa)","Libya (Africa)","Roman empire","['major region']","['1.33.5','8.43.3']",NULL,https://pleiades.stoa.org/places/1119,NULL,https://wikidata.org/wiki/Q309272,NULL,NULL,NULL,NULL
23.717999999999996,37.981,"Perikles tomb, Athens","Athenai Bk1","Athenai Bk1",['taphos'],['1.29.3'],NULL,NULL,https://topostext.org/binder/JB2397,NULL,NULL,NULL,NULL,NULL
23.34285,37.997,"Temple of Athena at Megara","Megarid Bk1","acropolis of Alcathoos, Megara",['naos'],['1.42.4'],"acropolis of Alcathoos, Megara",NULL,NULL,https://wikidata.org/wiki/Q124644635,NULL,NULL,NULL,NULL
23.34285,37.997,"acropolis of Alcathoos, Megara","Megarid Bk1","Megara (Megarid)",['acropolis'],['1.42.1'],"Megara (Megarid)",NULL,NULL,https://wikidata.org/wiki/Q124644628,NULL,NULL,NULL,NULL
23.644609,37.937222,Peiraieus/Piraeus,"Attica Bk1","Attica Bk1","['demos','epineion','limen']","['1.1.2','1.1.3','1.2.2','1.20.5','1.25.5','1.25.8','1.26.3','1.28.11','1.29.10','1.29.16','2.8.6','3.5.1']",NULL,https://pleiades.stoa.org/places/580062,NULL,https://wikidata.org/wiki/Q13426467,NULL,NULL,NULL,NULL
23.7168,37.9816,"grave of Cretan bowmen","Athenai Bk1","Demosion Sema war graves, Athens",['mnema'],['1.29.6'],"Demosion Sema war graves, Athens",NULL,NULL,NULL,NULL,NULL,NULL,NULL
23.8792,38.1871,Aphidna,"Attica Bk1","Attica Bk1",['settlement'],"['1.17.5','1.41.3','1.41.4','2.22.6','3.18.4','3.18.5']",NULL,https://pleiades.stoa.org/places/579873,NULL,https://wikidata.org/wiki/Q618453,NULL,NULL,NULL,NULL
23.724870000000003,37.97154,"Temple of Athena Nike, Acropolis of Athens","Athenai Bk1","Athenian Acropolis (Athens)",['naos'],"['1.22.4','2.30.2']",NULL,NULL,https://topostext.org/place/380237SANi,https://wikidata.org/wiki/Q384813,NULL,"Athena Nike temple (Athens)",https://imperium.ahlfeldt.se/places/25117,NULL
30.7,27.1,"Egypt (region)","Libya (Africa)","Roman empire","['major region']","['1.11.5','1.36.6','1.39.6','1.42.3','1.44.3','1.6.1','1.6.3','1.6.5','1.6.6','1.6.7','1.6.8','1.7.1','1.7.2','1.7.3','1.9.1','1.9.3','1.9.4','10.32.18','10.7.8','2.16.1','2.9.3','3.10.2','3.6.9','5.21.15','5.7.4','6.26.9','6.3.1','7.5.5','8.33.3']",NULL,https://pleiades.stoa.org/places/981503,NULL,https://wikidata.org/wiki/Q11768,NULL,NULL,NULL,NULL
23.7168,37.9816,"Demosion Sema, Syracuse, Athens","Athenai Bk1","Demosion Sema war graves, Athens",['taphos'],['1.29.13'],NULL,NULL,https://topostext.org/binder/JB1070,NULL,NULL,NULL,NULL,NULL
23.7322,37.9675,"Pythion (Athens)","Athenai Bk1","Athenai Bk1",['hieron'],['1.19.1'],NULL,https://pleiades.stoa.org/places/815693600,https://topostext.org/place/380237SPth,https://wikidata.org/wiki/Q65243607,NULL,NULL,NULL,NULL
23.72658434,37.97155767,"Parthenon of Athens","Athenai Bk1","Athenian Acropolis (Athens)",['naos'],"['1.1.2','1.24.3','1.24.4','1.24.7','1.24.8','1.37.1','8.41.9']",NULL,https://pleiades.stoa.org/places/168254096,NULL,https://wikidata.org/wiki/Q10288,NULL,NULL,NULL,NULL
23.5,31.5,Marmaridai,"Libya (Africa)","Libya (Africa)",['chora'],['1.7.2'],NULL,https://pleiades.stoa.org/places/716596,NULL,https://wikidata.org/wiki/Q3849712,NULL,NULL,NULL,NULL
26.7508,40.5482,Kardia,"Thrace (Europe)","Chersonesus (Thrace)",['settlement'],['1.13.9'],NULL,https://pleiades.stoa.org/places/501458,NULL,https://wikidata.org/wiki/Q965581,NULL,Cardia,NULL,NULL
29.647292999999998,45.16291,"Danube/Istros/Hister (river)",Europe,Europe,['potamos'],"['1.9.6','3.19.11','4.34.2','8.25.13','8.28.2','8.38.3']",NULL,https://pleiades.stoa.org/places/226577,NULL,https://wikidata.org/wiki/Q1653,NULL,NULL,NULL,NULL
23.062,36.517,"Boiai (Lakonia)","Lakonia Bk3","Lakonia Bk3",['polis'],"['1.27.5','3.21.7','3.22.11','3.22.13','3.23.1','3.23.10','3.23.2','3.23.6']",NULL,https://pleiades.stoa.org/places/570156,https://topostext.org/place/365231PBoi,https://wikidata.org/wiki/Q11909406,NULL,NULL,NULL,NULL
23.5522,38.0476,"hero shrine of Hippothoon, near Eleusis","Attica Bk1","Attica Bk1",['heroon'],['1.38.4'],NULL,NULL,NULL,https://wikidata.org/wiki/Q124646569,NULL,NULL,NULL,NULL
23.19,38.33,"Tenerikon Pedion","Boiotia Bk9","Boiotia Bk9",['pedion'],"['1.38.9','9.26.1']",NULL,https://pleiades.stoa.org/places/541132,NULL,https://wikidata.org/wiki/Q106880398,NULL,"Teneric Plain",NULL,NULL
23.34285,37.997,"temple of Isis in Megara","Megarid Bk1","Megara (Megarid)",['naos'],['1.41.3'],"Megara (Megarid)",NULL,NULL,https://wikidata.org/wiki/Q124644624,NULL,NULL,NULL,NULL
23.742903,37.965297,"Agrai, SE of Athens","Athenai Bk1","Athenai Bk1",['chorion'],['1.19.6'],NULL,https://pleiades.stoa.org/places/579846,NULL,https://wikidata.org/wiki/Q116311975,NULL,NULL,NULL,NULL
19.5,41.5,"Illyria (Europe)",Europe,Europe,"['major region']","['1.4.1','10.19.7','4.35.5','4.35.6','4.35.7','9.5.13','9.5.3','9.8.6']",NULL,https://pleiades.stoa.org/places/481866,NULL,https://wikidata.org/wiki/Q32047,NULL,"Illyrii Illyrians",NULL,NULL
39,19.5,"Erythraeum Mare",NULL,"Ocean River",['thalassa'],"['1.33.4','6.26.9']",NULL,https://pleiades.stoa.org/places/39290,NULL,https://wikidata.org/wiki/Q1363807,NULL,"Arabicus Sinus, Red Sea",NULL,NULL
25.163105999999996,35.297847,"Knosos/Col. Iulia Nobilis Cnosos",Crete,Crete,['polis'],"['1.18.5','1.27.10','3.2.4','5.10.9','6.4.11','8.53.8']",NULL,https://pleiades.stoa.org/places/589872,NULL,https://wikidata.org/wiki/Q173527,NULL,NULL,NULL,NULL
23.732,37.966,"Alkmene altar at Kynosarges","Athenai Bk1","Kynosarges sanctuary south of Athens",['bomos'],['1.19.3'],"Kynosarges sanctuary south of Athens",NULL,https://topostext.org/binder/JB0118,NULL,NULL,"altar of Alcmene in Athens",NULL,NULL
27.184167,39.1325,Pergamum,"Asia Minor (Asia)",Mysia,['settlement'],"['1.10.4','1.11.2','1.4.5','1.4.6','10.15.3','10.18.6','3.26.10','5.13.3','5.13.8','7.16.1','7.16.8','7.2.11','8.4.9']",NULL,https://pleiades.stoa.org/places/550812,NULL,https://wikidata.org/wiki/Q18986,NULL,NULL,NULL,NULL
23.726464,37.971687,"Before entry to the Acropolis","Athenai Bk1","Athenai Bk1",['esodos'],"['1.22.8','9.35.3']","Athenai Bk1",NULL,NULL,NULL,NULL,NULL,NULL,NULL
23.538,38.0411,"sanctuary of the Eleusinian Mysteries at Eleusis","Attica Bk1","Eleusis (Attica)",['hieron'],"['1.38.7','10.31.11','3.4.2','3.4.6','8.15.1','8.31.7']",NULL,https://pleiades.stoa.org/places/579910,https://topostext.org/place/380235SEle,https://wikidata.org/wiki/Q94299853,NULL,NULL,NULL,NULL
23.6765,38.34,"Delion sanctuary (Boeotia)","Boiotia Bk9",Tanagraia,"['battlefield','hieron']","['1.29.13','10.28.6','3.6.1','9.20.1','9.6.3']",NULL,https://pleiades.stoa.org/places/540725,https://topostext.org/place/383237UDel,https://wikidata.org/wiki/Q1184284,NULL,NULL,NULL,NULL
23.72372,37.97242,"Altar of the Eumenides, Athens","Athenai Bk1","Semnai Theai shrine at the Areius Pagus",['bomos'],"['1.28.6','7.25.1']","Semnai Theai shrine at the Areius Pagus",NULL,https://topostext.org/binder/JB1376,NULL,NULL,NULL,NULL,NULL
26.331240830000002,39.90055031,Troas,"Asia (continent)","Asia Minor (Asia)",['chora'],"['1.4.6','10.12.6','10.14.1','10.14.4','10.36.10','4.2.7','5.25.6','6.4.9']",NULL,https://pleiades.stoa.org/places/550944,NULL,https://wikidata.org/wiki/Q2454671,NULL,NULL,NULL,NULL
23.7168,37.9816,"Demosion Sema, Hellespont, Athens","Athenai Bk1","Demosion Sema war graves, Athens",['taphos'],['1.29.13'],"Demosion Sema war graves, Athens",NULL,https://topostext.org/binder/JB1059,NULL,NULL,NULL,NULL,NULL
23.34285,37.997,"Aisymnion heroic tomb in Megara","Megarid Bk1","Megara (Megarid)",['mnema'],['1.43.3'],"Megara (Megarid)",NULL,NULL,https://wikidata.org/wiki/Q124644649,NULL,NULL,NULL,NULL
22.80004,37.59918,Tiryns,"Argolid Bk2","Argolid Bk2","['polis','settlement']","['1.32.6','2.16.2','2.16.5','2.17.5','2.25.8','5.2.2','5.23.3','7.25.6','8.14.2','8.27.1','8.33.3','8.46.3','9.11.1','9.36.5']",NULL,https://pleiades.stoa.org/places/570740,NULL,https://wikidata.org/wiki/Q217379,NULL,NULL,NULL,NULL
23.22874,38.14719,"sanctuary of Melampous, Aigosthena","Megarid Bk1",Aigosthena,['hieron'],['1.44.5'],Aigosthena,NULL,NULL,https://wikidata.org/wiki/Q124644671,NULL,NULL,NULL,NULL
23.6592,37.9356,"temple of Artemis Mounychia (Piraeus)","Attica Bk1","Mounichia Limen","['hieron','naos']",['1.1.4'],NULL,NULL,https://topostext.org/place/379237SMou,https://wikidata.org/wiki/Q12878108,NULL,"Artemis Munychia temple",NULL,NULL
23.34285,37.997,"megaron of Demeter in Megara","Megarid Bk1","Megara (Megarid)",['oikema'],['1.40.6'],"Megara (Megarid)",NULL,NULL,https://wikidata.org/wiki/Q124644619,NULL,NULL,NULL,NULL
23.364,37.9764,"Nisaia (Megarid)","Megarid Bk1","Megarid Bk1","['battlefield','limen','settlement']","['1.19.4','1.39.4','1.44.3','10.15.1','2.34.7']",NULL,https://pleiades.stoa.org/places/570508,https://topostext.org/place/380234UNis,https://wikidata.org/wiki/Q2537089,NULL,NULL,NULL,NULL
23.706200000000003,37.9373,"heroon of Phaleros at Phaleron","Attica Bk1",Phaleron,['heroon'],['1.1.4'],Phaleron,NULL,NULL,NULL,NULL,NULL,NULL,NULL
27.142222,38.115556,Colophon,"Asia Minor (Asia)","Ionia (region)",['polis'],"['1.14.4','1.9.7','7.3.3','7.3.4','7.3.5','7.3.8','7.3.9','7.5.1','7.5.10','8.28.3','9.32.6','9.33.2']",NULL,https://pleiades.stoa.org/places/599577,NULL,https://wikidata.org/wiki/Q1142488,NULL,NULL,NULL,NULL
23.728199999999998,37.9706,"Odeion of Pericles (Athens)","Athenai Bk1","Athenai Bk1",['Odeion'],['1.20.4'],NULL,NULL,https://topostext.org/place/380237BOdP,https://wikidata.org/wiki/Q2704249,NULL,NULL,NULL,NULL
44.7946783,34.52908255,"Tigris river","Asia (continent)","Asia (continent)",['potamos'],['1.16.3'],NULL,https://pleiades.stoa.org/places/912964,NULL,https://wikidata.org/wiki/Q35591,NULL,NULL,NULL,NULL
23.17,37.951,"Megarid-Corinthia border","Megarid Bk1","Megarid Bk1",['chora'],['1.44.10'],NULL,NULL,NULL,NULL,NULL,NULL,NULL,NULL
23.846116,38.291099,Oropia,"Boiotia Bk9","Hellas (Europe)",['chora'],['1.34.1'],NULL,https://pleiades.stoa.org/places/580043,NULL,https://wikidata.org/wiki/Q11939601,NULL,NULL,NULL,NULL
23.717999999999996,37.981,"Tomb of Ephialtes, Athens","Athenai Bk1","Athenai Bk1",['taphos'],['1.29.15'],NULL,NULL,https://topostext.org/binder/JB1284,NULL,NULL,NULL,NULL,NULL
23.7225,37.975,"Prytanikon at Athens","Athenai Bk1","Athenai Bk1",['prytaneion'],"['1.18.3','1.18.4','9.32.8']",NULL,https://pleiades.stoa.org/places/720198157,NULL,https://wikidata.org/wiki/Q20616418,NULL,NULL,NULL,NULL
23.682,37.992,"Stele of Molottos on Sacred Way","Attica Bk1","Sacred Way from Athens to Eleusis","['mnema','stele']",['1.36.4'],NULL,NULL,https://topostext.org/binder/JB2127,NULL,NULL,NULL,NULL,NULL
32.858128,39.944387,Ancyra,"Asia Minor (Asia)",Phrygia,['settlement'],['1.4.5'],NULL,https://pleiades.stoa.org/places/619103,NULL,https://wikidata.org/wiki/Q107585355,NULL,NULL,NULL,NULL
26.052999999999997,38.414,"Chios (island)","Aegean Sea (Hellas)","Aegean Sea (Hellas)",['nesos'],"['1.29.11','10.16.1','7.4.1','7.4.8','7.4.9','7.5.13','7.5.6']",NULL,https://pleiades.stoa.org/places/550497,NULL,https://wikidata.org/wiki/Q160483,NULL,NULL,NULL,NULL
24.0376,37.8652,"temple of Apollo, Prasiai","Attica Bk1",Prasiae,['naos'],['1.31.2'],Prasiae,NULL,NULL,https://wikidata.org/wiki/Q124644566,NULL,NULL,NULL,NULL
27.077480000000005,36.76268,"Chelone Pr.","Aegean Sea (Hellas)","Kos/Cos (island)",['akra'],['1.2.4'],NULL,https://pleiades.stoa.org/places/599570,NULL,NULL,NULL,NULL,NULL,NULL
23.3307,37.9783,"Tomb of Kar (Megara)","Megarid Bk1","Megarid Bk1","['choma ges','taphos']",['1.44.6'],NULL,https://pleiades.stoa.org/places/513113841,https://topostext.org/place/380233FKar,https://wikidata.org/wiki/Q56397568,https://resource.manto.unh.edu/10214553,NULL,NULL,NULL
23.715,37.995,"Kolonos Hippios","Attica Bk1","Attica Bk1","['demos','lophos']",['1.30.4'],NULL,https://pleiades.stoa.org/places/582869,NULL,https://wikidata.org/wiki/Q1235930,NULL,NULL,NULL,NULL
23.7273,37.9718,"Sanctuary of Zeus Polieus on the Acropolis of Athens","Athenai Bk1","Athenian Acropolis (Athens)",['hieron'],"['1.24.4','1.28.10']",NULL,NULL,https://topostext.org/place/380237SZPo,https://wikidata.org/wiki/Q1595395,NULL,NULL,https://imperium.ahlfeldt.se/places/25111,NULL
23.717,37.8945,"Kolias cape (Attica)","Attica Bk1","Attica Bk1",['akra'],['1.1.5'],NULL,NULL,https://topostext.org/place/379236LKol,https://wikidata.org/wiki/Q25106019,NULL,"Colias cape",NULL,NULL
23.7158,37.9665,"Melitides Gate (XV), Athens","Athenai Bk1","Athenai Bk1",['pylai'],['1.23.9'],NULL,NULL,https://topostext.org/place/380237FMlG,https://wikidata.org/wiki/Q116334786,NULL,NULL,NULL,NULL
24.028009,38.222727,Rhamnous,"Attica Bk1","Attica Bk1",['settlement'],"['1.33.2','7.5.3']",NULL,https://pleiades.stoa.org/places/580097,NULL,https://wikidata.org/wiki/Q1768553,NULL,NULL,NULL,NULL
23.34285,37.997,"Temple with statues of  Zeus and the Muses in Megara","Megarid Bk1","Megara (Megarid)",['naos'],['1.43.6'],"Megara (Megarid)",NULL,NULL,https://wikidata.org/wiki/Q124644659,NULL,NULL,NULL,NULL
-6.294444,36.528381,"Gadeira/Gades/Col. Augusta Gaditana",Europe,"Iberi (Spain)",['settlement'],"['1.35.8','10.4.6']",NULL,https://pleiades.stoa.org/places/256177,NULL,https://wikidata.org/wiki/Q5890310,NULL,NULL,NULL,NULL
22.538294,38.796511,Thermopylae,"Hellas (Europe)",Phthiotis,"['esbole','teichos']","['1.1.3','1.3.5','1.4.1','1.4.2','1.4.3','1.4.4','10.20.1','10.20.2','10.20.3','10.20.6','10.20.9','10.21.1','10.21.2','10.21.6','10.22.12','10.22.5','10.22.7','10.22.8','2.16.5','3.12.9','3.14.1','3.4.7','3.4.8','3.5.5','4.35.9','7.15.3','7.24.4','7.6.3','7.6.7','8.51.4','8.52.2','8.6.3','9.15.2','9.32.9']",NULL,https://pleiades.stoa.org/places/541140,NULL,https://wikidata.org/wiki/Q194450,NULL,NULL,NULL,NULL
23.722,37.9752,"Metroon (Athens)","Athenai Bk1","Agora of Athens",['hieron'],['1.3.5'],NULL,NULL,https://topostext.org/place/380238BMet,https://wikidata.org/wiki/Q1925757,NULL,NULL,NULL,NULL
24.0247,37.6498,"Sounion cape (Attica)","Attica Bk1","Attica Bk1",['akra'],"['1.1.1','1.28.2','1.35.1','10.25.2']",NULL,https://pleiades.stoa.org/places/580108,https://topostext.org/place/376240LSou,https://wikidata.org/wiki/Q1136637,NULL,NULL,NULL,NULL
23.732,37.966,"Hebe altar, Kynosarges, Athens","Athenai Bk1","Kynosarges sanctuary south of Athens",['bomos'],['1.19.3'],"Kynosarges sanctuary south of Athens",NULL,https://topostext.org/binder/JB1474,NULL,NULL,NULL,NULL,NULL
22.3584897,40.0862269,"Ouranos (home of the gods)","Hellas (Europe)","Olympos (mountain in Greece)","['mythical place']","['1.20.3','1.26.6','10.30.2','3.18.11','3.19.4','3.19.5','5.11.7','9.37.8']","Olympos (mountain in Greece)",NULL,NULL,https://wikidata.org/wiki/Q70054479,NULL,"Heaven Olympus sky",NULL,NULL
25.336863550000004,42.61977195,Odrysae,"Thrace (Europe)","Thrace (Europe)",['chora'],"['1.9.6','4.33.3']",NULL,https://pleiades.stoa.org/places/216906,NULL,https://wikidata.org/wiki/Q2987531,NULL,NULL,NULL,NULL
22.2,39.6,Thessalia,"Hellas (Europe)","Hellas (Europe)",['chora'],"['1.11.1','1.29.13','1.4.1','1.8.3','10.22.3','10.8.4','2.2.5','2.23.5','2.24.1','2.6.1','3.20.6','3.6.1','3.7.9','3.9.12','3.9.13','4.36.3','5.1.11','6.17.9','6.4.7','7.1.2','7.1.3','7.10.2','7.15.2','7.19.7','7.6.5','8.27.10','8.6.2','9.15.1','9.40.5','9.8.6']",NULL,https://pleiades.stoa.org/places/1332,NULL,https://wikidata.org/wiki/Q1247568,NULL,NULL,NULL,NULL
23.722163,37.975843,"wall opposite the stoa of Zeus","Athenai Bk1","Agora of Athens",['toichos'],['1.3.3'],NULL,NULL,NULL,NULL,NULL,NULL,NULL,NULL
23.7,37.8,"Saronic Gulf","Attica Bk1","Aegean Sea (Hellas)",['kolpos'],"['1.44.3','1.5.3','2.1.5','2.2.3','2.30.7','2.31.10','2.34.1','2.34.2']",NULL,https://pleiades.stoa.org/places/570654,https://topostext.org/place/378237WSar,https://wikidata.org/wiki/Q211779,NULL,NULL,NULL,NULL
21.630126,37.637849,Olympia,"Eleia Bk5 Bk6","Pisa (Eleia)",['hieron'],"['1.28.1','1.35.6','1.44.1','10.14.5','10.37.4','10.38.8','10.7.5','10.9.4','2.11.8','2.5.7','2.7.2','3.8.3','3.8.4','3.8.5','4.31.6','5.1.4','5.1.7','5.10.1','5.10.3','5.10.4','5.10.5','5.10.7','5.10.9','5.11.10','5.11.4','5.11.9','5.12.4','5.12.5','5.12.8','5.13.1','5.13.10','5.13.9','5.14.1','5.14.2','5.14.4','5.15.12','5.15.3','5.16.8','5.17.5','5.2.3','5.2.5','5.20.6','5.21.16','5.23.3','5.23.6','5.24.4','5.24.6','5.24.8','5.25.12','5.25.13','5.25.4','5.25.5','5.25.7','5.26.1','5.26.4','5.26.5','5.26.7','5.27.1','5.27.2','5.27.9','5.4.4','5.4.5','5.4.6','5.4.7','5.4.8','5.5.3','5.6.1','5.6.7','5.6.8','5.7.1','5.7.10','5.7.6','5.7.9','5.8.1','5.8.2','5.8.5','5.8.6','5.9.1','5.9.4','6.1.6','6.10.2','6.10.4','6.10.8','6.12.4','6.12.5','6.12.6','6.12.7','6.12.8','6.13.11','6.13.2','6.13.3','6.13.5','6.13.6','6.13.8','6.14.1','6.14.10','6.14.13','6.14.2','6.14.3','6.14.5','6.15.1','6.15.2','6.15.3','6.15.6','6.15.9','6.16.1','6.16.4','6.16.5','6.16.8','6.16.9','6.17.2','6.17.7','6.18.1','6.18.2','6.18.7','6.19.1','6.19.10','6.19.14','6.19.4','6.2.10','6.2.2','6.2.6','6.20.14','6.20.19','6.20.2','6.20.7','6.21.2','6.22.5','6.22.7','6.23.1','6.23.6','6.3.11','6.3.14','6.3.15','6.3.2','6.3.9','6.4.11','6.4.2','6.4.5','6.4.6','6.4.9','6.5.7','6.6.1','6.6.3','6.6.5','6.7.10','6.7.3','6.7.8','6.8.1','6.8.2','6.8.3','6.8.6','6.9.3','7.17.13','7.17.14','7.17.6','7.23.5','7.27.5','7.27.6','7.6.4','8.1.2','8.19.1','8.42.9','8.48.1','8.48.2','8.50.3','8.54.3','9.23.1','9.7.5']",NULL,https://pleiades.stoa.org/places/570531,NULL,https://wikidata.org/wiki/Q38888,https://resource.manto.unh.edu/10217933,"Sanctuary of Olympian Zeus in Pisatis",NULL,NULL
23.7168,37.9816,"Demosion Sema war graves, Athens","Athenai Bk1","Athenai Bk1","['polyandrion','taphos']","['1.29.13','1.29.4']",NULL,NULL,https://topostext.org/binder/JB1077,https://wikidata.org/wiki/Q116312064,NULL,NULL,NULL,NULL
23.73147,38.08194,"Cult of Dionysus Melpomenos at Acharnai","Attica Bk1",Acharnae,['hieron'],['1.31.6'],Acharnae,NULL,NULL,https://wikidata.org/wiki/Q124644576,NULL,NULL,NULL,NULL
23.721502000000005,37.9756065,"Temple of Hephaestus, Athens","Athenai Bk1","Athenai Bk1",['naos'],['1.14.6'],NULL,https://pleiades.stoa.org/places/558659669,NULL,https://wikidata.org/wiki/Q756824,NULL,"Temple of Hephaistos",NULL,NULL
23.34285,37.997,"battlefield burial of Megareos","Megarid Bk1","Megara (Megarid)",['mnema'],['1.39.5'],"Megara (Megarid)",NULL,NULL,NULL,NULL,NULL,NULL,NULL
23.647299999999998,37.9419,"Hippodameian agora (Piraeus)","Attica Bk1",Peiraieus/Piraeus,['agora'],['1.1.3'],NULL,NULL,https://topostext.org/place/379236BHiA,https://wikidata.org/wiki/Q12878188,NULL,NULL,NULL,NULL
22.8802,37.9054,"Corinth (Corinthia)","Corinthia Bk2","Corinthia Bk2",['polis'],"['1.27.10','1.27.9','1.29.11','1.37.5','1.39.4','1.44.10','1.44.6','10.11.6','10.5.3','10.8.5','10.9.10','2.1.1','2.1.2','2.1.6','2.15.1','2.2.2','2.2.4','2.2.5','2.2.6','2.28.8','2.3.1','2.3.10','2.3.11','2.3.5','2.3.7','2.31.9','2.4.3','2.4.4','2.4.6','2.5.1','2.5.5','2.6.1','2.7.2','2.8.4','2.8.5','3.10.1','3.5.7','4.17.5','5.10.5','5.17.5','6.2.2','7.14.1','7.14.2','7.14.5','7.15.10','7.16.4','7.16.7','7.27.6','7.6.7','7.7.6','7.8.1','7.8.2','9.26.2','9.6.4','9.9.4']",NULL,https://pleiades.stoa.org/places/570182,https://topostext.org/place/379229PKor,https://wikidata.org/wiki/Q1363688,NULL,Korinthos,NULL,NULL
31.254278000000003,29.849667,"Sarapeion of Memphis","Libya (Africa)",Memphis,['hieron'],['1.18.4'],Memphis,NULL,NULL,https://wikidata.org/wiki/Q287375,NULL,"Serapeum of Memphis",NULL,NULL
-22.1,36.33,"Atlanticus Oceanus",NULL,"Ocean River",['thalassa'],"['1.23.5','1.33.3','1.33.4','1.33.5','1.33.6','1.35.7','1.4.1','10.20.3']",NULL,https://pleiades.stoa.org/places/845,NULL,https://wikidata.org/wiki/Q97,NULL,NULL,NULL,NULL
23.34285,37.997,"Tomb of Iphinoe in Megara","Megarid Bk1","Megara (Megarid)",['mnema'],['1.43.4'],"Megara (Megarid)",NULL,NULL,https://wikidata.org/wiki/Q124644654,https://resource.manto.unh.edu/10192029,NULL,NULL,NULL
23.715,37.995,"altar of Athena Hippia at Kolonos Hippios","Athenai Bk1","Kolonos Hippios",['bomos'],['1.30.4'],"Kolonos Hippios",NULL,NULL,NULL,NULL,NULL,NULL,NULL
92.5,37.5,Issedones,"Asia (continent)","Asia (continent)",['chora'],"['1.24.6','1.31.2','5.7.9']",NULL,https://pleiades.stoa.org/places/59853,NULL,https://wikidata.org/wiki/Q1079061,NULL,NULL,NULL,NULL
26.155499999999996,39.915,"Tomb of Achilles in Troad","Asia Minor (Asia)",Troas,['mnema'],"['1.22.6','10.25.10']",NULL,NULL,NULL,NULL,https://resource.manto.unh.edu/8240602,NULL,NULL,NULL
23.707,37.992,"Eros at the Academy altar, Athens","Athenai Bk1","Academy of Plato, Athens",['bomos'],['1.30.1'],NULL,NULL,https://topostext.org/binder/JB1334,NULL,NULL,NULL,NULL,NULL
23.7329,37.9686,"temple of Apollo Delphinios, Athens","Athenai Bk1","Apollo Delphinios sanctuary, Athens",['naos'],['1.19.1'],NULL,NULL,https://topostext.org/place/380237SDel,https://wikidata.org/wiki/Q97206898,NULL,NULL,NULL,NULL
24.0376,37.8652,Prasiae,"Attica Bk1","Attica Bk1",['demos'],['1.31.2'],NULL,https://pleiades.stoa.org/places/580090,NULL,https://wikidata.org/wiki/Q2107853,NULL,"Prasia, Prasiai",NULL,NULL
33.75,26.750000000000004,Ichthyophagi,"Libya (Africa)","Aethiopia (Africa)",['chora'],['1.33.4'],NULL,https://pleiades.stoa.org/places/766372,NULL,https://wikidata.org/wiki/Q1096303,NULL,NULL,NULL,NULL
-2.422,53.826,"Britannia/Albion (island)",NULL,"Roman empire",['nesos'],"['1.33.4','8.43.4']",NULL,https://pleiades.stoa.org/places/20419,NULL,https://wikidata.org/wiki/Q185103,NULL,NULL,NULL,NULL
23.726,37.974,"All the Gods sanctuary, Athens","Athenai Bk1","Athenai Bk1",['hieron'],"['1.18.9','1.5.5']",NULL,NULL,https://topostext.org/binder/JB0119,https://wikidata.org/wiki/Q134038322,NULL,NULL,NULL,NULL
23.706200000000003,37.9373,"Altar to the children of Theseus, Phaleron","Attica Bk1",Phaleron,['bomos'],['1.1.4'],Phaleron,NULL,NULL,https://wikidata.org/wiki/Q124644552,NULL,NULL,NULL,NULL
23.34285,37.997,"Tomb of Pyrgo in Megara","Megarid Bk1","Megara (Megarid)",['mnema'],['1.43.4'],"Megara (Megarid)",NULL,NULL,https://wikidata.org/wiki/Q124644652,https://resource.manto.unh.edu/10192028,NULL,NULL,NULL
22.973,37.928,"Isthmus of Corinth","Corinthia Bk2","Corinthia Bk2",['chora'],"['1.25.4','1.27.10','1.44.8','10.5.3','2.1.4','2.1.5','2.1.6','2.1.7','2.15.1','2.2.2','2.2.3','2.29.7','2.5.7','2.8.5','3.21.6','3.9.1','4.9.2','5.2.1','5.3.6','6.13.10','7.15.11','7.16.1','7.27.5','7.6.7','7.7.2','8.1.1','8.48.2','8.5.1','8.5.6']",NULL,https://pleiades.stoa.org/places/570317,https://topostext.org/place/379230LIst,https://wikidata.org/wiki/Q215200,NULL,NULL,NULL,NULL
30.59285065,40.99129035,"Sangarius (river)","Asia (continent)","Asia Minor (Asia)",['potamos'],"['1.4.5','7.17.11','8.9.7']",NULL,https://pleiades.stoa.org/places/511406,NULL,https://wikidata.org/wiki/Q217466,NULL,NULL,NULL,NULL
23.34285,37.997,"sanctuary of Athena Aiantis in Megara","Megarid Bk1","acropolis of Alcathoos, Megara",['hieron'],['1.42.4'],"acropolis of Alcathoos, Megara",NULL,NULL,https://wikidata.org/wiki/Q124644637,NULL,NULL,NULL,NULL
23.5523,38.0476,"hero shrine of Zarex, near Eleusis","Attica Bk1","Attica Bk1",['heroon'],['1.38.4'],NULL,NULL,NULL,https://wikidata.org/wiki/Q124646546,NULL,NULL,NULL,NULL
23.5314735,37.947768,"Telamon's rock, Salamis","Attica Bk1","Salamis (settlement)",['petra'],['1.35.3'],"Salamis (settlement)",NULL,NULL,https://wikidata.org/wiki/Q124644584,NULL,NULL,NULL,NULL
23.34285,37.997,"Sactuary of Artemis founded by Agamemnon at Megara","Megarid Bk1","Megara (Megarid)",['hieron'],['1.43.1'],"Megara (Megarid)",NULL,NULL,https://wikidata.org/wiki/Q124644645,https://resource.manto.unh.edu/10191921,NULL,NULL,NULL
23.7188,37.9782,"Pompeion (Athens)","Athenai Bk1",Kerameikos,['oikema'],['1.2.4'],NULL,NULL,https://topostext.org/place/380237BPom,https://wikidata.org/wiki/Q2372311,NULL,NULL,NULL,NULL
23.644609,37.937222,"Precinct of Athena and Zeus in Piraeus","Attica Bk1",Peiraieus/Piraeus,['temenos'],['1.1.3'],Peiraieus/Piraeus,NULL,NULL,NULL,NULL,NULL,NULL,NULL
34.42442,35.58546,Karpasia,"Cyprus (island)","Cyprus (island)",['settlement'],['1.26.7'],NULL,https://pleiades.stoa.org/places/707526,NULL,https://wikidata.org/wiki/Q1734309,NULL,NULL,NULL,NULL
20.5,39.5,"Epiros region","Hellas (Europe)","Hellas (Europe)",['chora'],"['1.10.2','1.11.1','1.11.2','1.11.3','1.11.4','1.11.6','1.13.1','1.13.7','1.25.6','1.9.7','2.23.6','2.29.4','2.3.9','4.35.3','4.35.5','7.8.5','7.8.6']",NULL,https://pleiades.stoa.org/places/530871,https://topostext.org/place/395205REpe,https://wikidata.org/wiki/Q565751,NULL,Epeirus,NULL,NULL
27.069173,38.874665,"grove of Apollo at Gryneon","Asia Minor (Asia)",Gryneion,"['alsos','hemera dendra']",['1.21.7'],Gryneion,NULL,NULL,https://wikidata.org/wiki/Q124644559,NULL,NULL,NULL,NULL
23.601,38.023,"Tomb of Eumolpos on Sacred Way near Eleusis","Attica Bk1","Sacred Way from Athens to Eleusis",['mnema'],['1.38.2'],NULL,NULL,NULL,https://wikidata.org/wiki/Q124644600,https://resource.manto.unh.edu/10185040,NULL,NULL,NULL
23.726499999999998,37.9742,"Temple of Eileithyia, Athens","Athenai Bk1","Athenai Bk1",['naos'],['1.18.5'],NULL,NULL,https://topostext.org/binder/JB1247,NULL,NULL,NULL,NULL,NULL
23.6602,37.937561,"Mounichia Limen","Attica Bk1",Peiraieus/Piraeus,['limen'],['1.1.4'],NULL,https://pleiades.stoa.org/places/580029,NULL,https://wikidata.org/wiki/Q1611219,NULL,"Mounychia harbor",NULL,NULL
23.722503999999997,37.976359,"Aphrodite Ourania sanctuary near Athenian agora","Athenai Bk1","Agora of Athens","['bomos','hieron']",['1.14.7'],NULL,NULL,https://topostext.org/place/380237SApO,https://wikidata.org/wiki/Q2118071,https://resource.manto.unh.edu/11009666,NULL,NULL,NULL
23.706200000000003,37.9373,"sanctuary of Demeter in Phaleron","Attica Bk1",Phaleron,['hieron'],['1.1.4'],Phaleron,NULL,NULL,https://wikidata.org/wiki/Q124644550,NULL,NULL,NULL,NULL
23.7168,37.9816,"Demosion Sema, Drabeskos, Athens","Athenai Bk1","Demosion Sema war graves, Athens",['taphos'],"['1.29.4','1.29.6']",NULL,NULL,https://topostext.org/binder/JB1053,NULL,NULL,NULL,NULL,NULL
22.31275269,37.25289778,Peloponnesos,"Hellas (Europe)","Hellas (Europe)","['major region']","['1.13.4','1.13.7','1.25.4','1.27.10','1.27.5','1.3.4','1.41.2','10.1.2','10.18.2','10.38.10','2.1.1','2.1.2','2.1.5','2.12.3','2.13.1','2.13.7','2.18.7','2.20.1','2.21.5','2.24.5','2.26.1','2.26.3','2.26.4','2.34.4','2.34.8','2.37.3','2.5.3','2.5.6','2.5.7','2.7.6','2.8.6','2.9.2','3.1.6','3.13.2','3.2.6','3.21.6','3.22.6','3.3.4','3.7.6','3.9.1','4.14.6','4.15.6','4.24.7','4.26.1','4.26.3','4.26.5','4.27.11','4.27.8','4.27.9','4.28.1','4.29.13','4.29.2','4.29.4','4.31.11','4.34.10','4.34.5','4.34.9','4.35.1','5.1.1','5.1.2','5.1.7','5.1.8','5.3.5','5.3.6','5.6.3','5.8.2','6.2.10','6.2.11','6.7.6','7.13.5','7.15.6','7.3.9','7.7.6','8.1.1','8.1.2','8.27.5','8.30.5','8.38.7','8.45.3','8.5.1','8.5.6','8.51.3','8.54.7','9.14.4','9.15.4','9.32.1','9.9.2']",NULL,https://pleiades.stoa.org/places/570577,NULL,https://wikidata.org/wiki/Q78967,NULL,Peloponnese,NULL,NULL
25.190929999999998,37.03613,"Paros (island)","Aegean Sea (Hellas)","Cyclades region (Aegean)",['nesos'],"['1.32.4','10.28.3','5.20.2','9.20.4','9.22.6']",NULL,https://pleiades.stoa.org/places/599868,NULL,NULL,NULL,NULL,https://imperium.ahlfeldt.se/places/41422,NULL
23.34285,37.997,"bouleuterion of Megara","Megarid Bk1","Megara (Megarid)",['bouleuterion'],"['1.42.3','1.42.4']","Megara (Megarid)",NULL,NULL,https://wikidata.org/wiki/Q124644633,NULL,NULL,NULL,NULL
23.970146000000003,38.1465515,"Persian tomb, Marathon: neither chōma nor sēmeion","Attica Bk1","Marathon deme",['mnema'],['1.32.5'],"Marathon deme",NULL,NULL,NULL,NULL,NULL,NULL,NULL
23.72609,37.97083,"Tomb of Hippolytus on south slope of Acropolis of Athens","Athenai Bk1","Themis Temple, Athens Acropolis south slope","['choma ges','mnema']",['1.22.1'],"Themis Temple, Athens Acropolis south slope",NULL,NULL,NULL,https://resource.manto.unh.edu/10152081,NULL,NULL,NULL
23.7329,37.9686,"Ge Olympia cleft, Athens","Athenai Bk1","Ge Olympia, sanctuary, Athens",['barathron'],['1.18.7'],NULL,NULL,https://topostext.org/binder/JB1408,NULL,NULL,NULL,NULL,NULL
23.5841,38.3074,"Tanagra (Boeotia)","Boiotia Bk9",Tanagraia,['polis'],"['1.29.6','1.29.9','1.34.1','3.11.8','5.10.4','9.20.1','9.20.3','9.22.1','9.22.2','9.22.3','9.22.4']",NULL,https://pleiades.stoa.org/places/580114,https://topostext.org/place/383236PTan,https://wikidata.org/wiki/Q56259452,NULL,NULL,NULL,NULL
23.34285,37.997,"hero shrine of Alkathoos","Megarid Bk1","Megara (Megarid)",['heroon'],['1.43.4'],"Megara (Megarid)",NULL,NULL,https://wikidata.org/wiki/Q124644650,NULL,NULL,NULL,NULL
23.2848,37.9844,"Zeus Aphesios sanctuary near Scironian Rocks","Megarid Bk1","Megarid Bk1",['naos'],['1.44.9'],NULL,NULL,https://topostext.org/place/380233SZAp,NULL,NULL,NULL,NULL,NULL
22.5384,38.0446,Pellene,"Achaia Bk7","Achaia Bk7",['settlement'],"['1.25.2','10.9.10','2.7.4','2.8.5','3.1.4','3.26.2','7.17.14','7.26.12','7.26.13','7.26.14','7.27.1','7.27.11','7.27.12','7.27.4','7.27.5','7.27.6','7.27.7','7.27.8','7.27.9','7.6.1','7.7.1','7.7.3','8.15.5','8.15.8','8.27.14']",NULL,https://pleiades.stoa.org/places/570576,NULL,https://wikidata.org/wiki/Q2068130,NULL,NULL,NULL,NULL
23.332,38.119,"Tomb of Autonoe, Ereneia","Megarid Bk1",Ereneia,['mnema'],['1.44.5'],NULL,NULL,NULL,https://wikidata.org/wiki/Q124646268,https://resource.manto.unh.edu/10214551,NULL,NULL,NULL
23.2733,38.2213,"Plataea (Boeotia)","Boiotia Bk9",Plataiis,"['battlefield','polis']","['1.13.4','1.27.1','1.38.8','10.13.9','10.2.1','10.5.3','10.5.4','2.6.1','3.11.7','3.14.1','3.17.7','3.4.10','3.4.9','3.5.1','3.7.10','6.10.6','6.3.8','7.27.2','7.6.4','8.52.2','8.6.1','9.1.2','9.1.4','9.1.5','9.1.8','9.2.1','9.2.3','9.2.5','9.2.6','9.2.7','9.3.1','9.4.2','9.4.3','9.4.4','9.5.11','9.6.1','9.8.7']",NULL,https://pleiades.stoa.org/places/541063,https://topostext.org/place/382233PPla,https://wikidata.org/wiki/Q742538,NULL,Plataia,NULL,NULL
23.725421,37.971584,Brauroneion,"Athenai Bk1","Athenian Acropolis (Athens)",['hieron'],['1.23.7'],NULL,https://pleiades.stoa.org/places/573299847,https://topostext.org/place/380237SABr,https://wikidata.org/wiki/Q902329,https://resource.manto.unh.edu/10150355,"Artemis Brauronia sanctuary on Athens Acropolis",NULL,NULL
23.831887,37.848698,Lamptrai,"Attica Bk1","Attica Bk1",['demos'],['1.31.3'],NULL,https://pleiades.stoa.org/places/580009,NULL,https://wikidata.org/wiki/Q13422779,NULL,NULL,NULL,NULL
22.782061,38.645635,Elateia,"Phokis Bk10","Phokis Bk10",['settlement'],"['1.20.6','1.26.3','10.1.2','10.18.7','10.3.2','10.34.1','10.34.2','10.34.3','10.34.5','10.34.7','10.35.1','7.15.5','8.4.4']",NULL,https://pleiades.stoa.org/places/540755,NULL,https://wikidata.org/wiki/Q1235347,NULL,NULL,NULL,NULL
25.2666,37.4004,"Sanctuary of Delian Apollo on Delos","Aegean Sea (Hellas)","Delos island",['hieron'],"['1.18.5','1.29.1','10.12.5','3.23.3','3.23.5','8.33.2','8.48.3','9.12.6','9.34.6']",NULL,https://pleiades.stoa.org/places/599506,NULL,https://wikidata.org/wiki/Q106802906,NULL,NULL,NULL,NULL
23.7168,37.9816,"Demosion Sema, Cyprus, Athens","Athenai Bk1","Demosion Sema war graves, Athens",['taphos'],['1.29.13'],NULL,NULL,https://topostext.org/binder/JB1049,NULL,NULL,NULL,NULL,NULL
23.34285,37.997,"temple of Zeus Konios in Megara","Megarid Bk1","Megara (Megarid)",['naos'],['1.40.6'],"Megara (Megarid)",NULL,NULL,https://wikidata.org/wiki/Q124644618,NULL,NULL,NULL,NULL
33.27533716,35.04088353,"Cyprus (island)","Internum Mare","Internum Mare",['nesos'],"['1.29.13','1.6.6','1.6.8','1.9.1','1.9.2','10.24.3','3.11.5','8.15.7','8.5.2','8.5.3','9.19.1','9.41.2']",NULL,https://pleiades.stoa.org/places/707498,NULL,https://wikidata.org/wiki/Q644636,NULL,NULL,NULL,NULL
23.5415,38.0441,"Kallichoron well at Eleusis","Attica Bk1","Eleusis (Attica)",['phrear'],['1.38.6'],"Eleusis (Attica)",NULL,NULL,https://wikidata.org/wiki/Q572441,NULL,NULL,NULL,NULL
20.5321,39.2409,Kichyra,"Hellas (Europe)",Thesprotia,['settlement'],"['1.17.4','1.17.5']",NULL,https://pleiades.stoa.org/places/530870,https://topostext.org/place/392205UEph,https://wikidata.org/wiki/Q1346887,NULL,"Ephyra, Cichyrus",NULL,NULL
23.34285,37.997,"Agora of Megara","Megarid Bk1","Megara (Megarid)",['agora'],['1.43.8'],"Megara (Megarid)",NULL,NULL,https://wikidata.org/wiki/Q124644662,NULL,NULL,NULL,NULL
23.38206,38.17653,"Temple of Dionysos Eleutherios at Eleutherai","Attica Bk1",Eleutherai,['naos'],['1.38.8'],NULL,NULL,https://topostext.org/place/382234SDiE,NULL,NULL,NULL,NULL,NULL
27.5,47.50000000000001,"Scythia (Europe)","Asia (continent)","Asia (continent)","['major region']","['1.43.1','10.31.8','8.43.3']",NULL,https://pleiades.stoa.org/places/1273,NULL,https://wikidata.org/wiki/Q845909,NULL,NULL,NULL,NULL
22.99537,37.914,"marble stadium at Isthmia","Corinthia Bk2","Isthmian Poseidon sanctuary at Isthmia",['stadion'],"['1.44.8','2.1.7']",NULL,NULL,https://topostext.org/place/379230BStI,NULL,NULL,NULL,NULL,NULL
22.6222206,38.5348857,"Parnassus (mountain)","Phokis Bk10","Phokis Bk10",['oros'],"['1.4.4','10.14.7','10.23.4','10.23.5','10.24.7','10.29.5','10.32.2','10.32.7','10.33.3','10.33.5','10.36.3','10.4.3','10.5.1','10.5.6','10.6.1','10.6.2','10.6.7','10.8.9','2.29.2','2.29.3','4.33.3','4.34.10','4.34.11','4.34.9','5.1.2','7.3.10','8.4.6']",NULL,https://pleiades.stoa.org/places/541012,NULL,https://wikidata.org/wiki/Q105261,NULL,NULL,NULL,NULL
23.8068,38.0263,"Altar of Zeus Ctesius in temple at Phlya","Attica Bk1","temple of Demeter et al in Phlya, Attica",['bomos'],['1.31.4'],"temple of Demeter et al in Phlya, Attica",NULL,NULL,NULL,NULL,NULL,NULL,NULL
24.053633999999995,37.73787,Laureion,"Attica Bk1","Attica Bk1",['demos'],['1.1.1'],NULL,https://pleiades.stoa.org/places/580010,NULL,https://wikidata.org/wiki/Q353184,NULL,NULL,NULL,NULL
23.875,37.625,"fort on Patroklos island off Attica","Attica Bk1","Patroklou Charax (island)",['teichos'],['1.1.1'],"Patroklou Charax (island)",NULL,NULL,https://wikidata.org/wiki/Q124644546,NULL,NULL,NULL,NULL
23.723000000000003,37.975,"Monument of the Eponymous Heroes in Agora of Athens","Athenai Bk1","Agora of Athens",['heroon'],"['1.5.1','1.5.2']","Agora of Athens",https://pleiades.stoa.org/places/660025690,https://topostext.org/place/380237SEpH,https://wikidata.org/wiki/Q2094507,NULL,NULL,NULL,NULL
23.7221,37.9755,"Temple of Apollo Patroos in Athens Agora","Athenai Bk1","Agora of Athens",['naos'],['1.3.4'],NULL,https://pleiades.stoa.org/places/240065109,https://topostext.org/place/380237SPtr,https://wikidata.org/wiki/Q3142437,NULL,NULL,NULL,NULL
23.682,37.992,"Tomb of Theodoros the actor on Sacred Way","Attica Bk1","Sacred Way from Athens to Eleusis",['mnema'],['1.37.3'],NULL,NULL,https://topostext.org/binder/JB2806,NULL,NULL,NULL,NULL,NULL
23.726464,37.971687,"Themistoclean walls of Athens","Athenai Bk1","Athenai Bk1",['teichos'],['1.2.2'],"Athenai Bk1",NULL,NULL,https://wikidata.org/wiki/Q12877842,NULL,NULL,NULL,NULL
22.518485,40.754555,Pella/Diokletianoupolis,"Macedonia (Europe)","Macedonia (Europe)",['settlement'],['1.16.1'],NULL,https://pleiades.stoa.org/places/491687,NULL,https://wikidata.org/wiki/Q213679,NULL,NULL,NULL,NULL
23.716199999999997,37.9818,"Demosion Sema Chaironeia, Athens","Athenai Bk1","Demosion Sema war graves, Athens",['taphos'],['1.29.13'],NULL,NULL,https://topostext.org/binder/JB1043,NULL,NULL,NULL,NULL,NULL
23.34285,37.997,"sanctuary of Eileithyia at Megara","Megarid Bk1","Megara (Megarid)",['hieron'],['1.44.2'],"Megara (Megarid)",NULL,NULL,https://wikidata.org/wiki/Q124644667,NULL,NULL,NULL,NULL
23.724899999999998,37.9735,"Temple of Triptolemos, Athens","Athenai Bk1","City Eleusinion at Athens",['naos'],"['1.14.1','1.14.4']",NULL,NULL,https://topostext.org/binder/JB2903,NULL,NULL,NULL,NULL,NULL
23.34285,37.997,"tomb of Ischepolis at the prytaneion of Megara","Megarid Bk1","Prytaneion of Megara",['taphos'],['1.43.2'],"Prytaneion of Megara",NULL,NULL,https://wikidata.org/wiki/Q124644647,https://resource.manto.unh.edu/11188232,NULL,NULL,NULL
24.035919500000002,37.683423,"harbour of Sounion","Attica Bk1",Sounion,['limen'],['1.1.1'],Sounion,NULL,NULL,NULL,NULL,NULL,NULL,NULL
23.723000000000003,37.972,"Areios Pagos","Athenai Bk1","Athenai Bk1","['dikasterion','lophos']","['1.28.5','1.28.6','1.29.1','7.25.1','7.25.2','8.34.4']",NULL,NULL,https://topostext.org/place/380237LAre,https://wikidata.org/wiki/Q202487,NULL,"Areopagus Areos Pagos",NULL,NULL
27.069173,38.874665,Gryneion,"Asia Minor (Asia)",Aeolis,['settlement'],['1.21.7'],NULL,https://pleiades.stoa.org/places/550555,NULL,https://wikidata.org/wiki/Q969347,NULL,NULL,NULL,NULL
23.682,37.992,"Skiron locality on Sacred Way","Attica Bk1","Sacred Way from Athens to Eleusis",['chorion'],['1.36.4'],NULL,NULL,https://topostext.org/binder/JB2669,https://wikidata.org/wiki/Q60790836,NULL,NULL,NULL,NULL
23.723000000000003,37.975,"Temple of Demeter and Kore in the Eleusinion, Athens","Athenai Bk1","City Eleusinion at Athens",['naos'],['1.14.1'],NULL,NULL,https://topostext.org/binder/JB0996,NULL,NULL,NULL,NULL,NULL
22.7108,37.8085,"Sanctuary of Nemean Zeus, Nemea","Argolid Bk2","Argolid Bk2",['hieron'],"['1.27.9','1.29.5','2.15.2','2.15.3','2.19.5','5.11.5','5.25.7','5.26.7','6.1.8','6.12.8','6.14.2','6.15.1','6.15.6','6.2.11','6.20.19','6.3.11','6.3.9','6.4.5','6.4.6','6.5.5','6.7.10','8.48.2']",NULL,https://pleiades.stoa.org/places/570504,https://topostext.org/place/378227SNem,https://wikidata.org/wiki/Q748108,NULL,NULL,NULL,NULL
23.5415,38.0441,"temple of Triptolemos, Eleusis","Attica Bk1","Eleusis (Attica)",['naos'],['1.38.6'],"Eleusis (Attica)",NULL,NULL,https://wikidata.org/wiki/Q124644601,NULL,NULL,NULL,NULL
26.5,31.5,"Libya (Africa)",NULL,"Roman empire","['major region']","['1.44.3','1.6.5','10.13.5','2.13.8','2.21.6','2.28.1','4.23.10','4.26.2','5.15.11','5.25.5','8.11.11','9.16.1','9.21.5','9.33.7']",NULL,https://pleiades.stoa.org/places/716588,NULL,https://wikidata.org/wiki/Q2370577,NULL,NULL,NULL,NULL
23.642539999999997,37.94579,"Long Stoa (Piraeus)","Attica Bk1",Peiraieus/Piraeus,['stoa'],['1.1.3'],NULL,NULL,https://topostext.org/place/380236BLSt,https://wikidata.org/wiki/Q97355669,NULL,NULL,NULL,NULL
23.69,37.94,"Palladion sanctuary (Athens)","Athenai Bk1","Athenai Bk1",['oikema'],['1.28.8'],NULL,NULL,https://topostext.org/place/380237BPal,https://wikidata.org/wiki/Q12882658,NULL,NULL,NULL,NULL
34.27150174,44.88344182,Tauroi,"Pontus Euxinus","Taurike Chersonesos",['chora'],"['1.33.1','1.43.1']","Taurike Chersonesos",https://pleiades.stoa.org/places/226779,NULL,https://wikidata.org/wiki/Q7835,NULL,NULL,NULL,NULL
23.211,38.0347,"Rock of Athena Aithyia","Megarid Bk1","Megarid Bk1",['petra'],['1.5.3'],"Megarid Bk1",NULL,NULL,https://wikidata.org/wiki/Q124644555,NULL,NULL,NULL,NULL
24.8,37.2,"Cyclades region (Aegean)","Aegean Sea (Hellas)","Hellas (Europe)",['chora'],"['1.1.1','2.22.1','5.21.13','5.23.2']",NULL,https://pleiades.stoa.org/places/560353,https://topostext.org/place/372248RKyk,https://wikidata.org/wiki/Q171132,NULL,NULL,NULL,NULL
23.644609,37.937222,"sanctuary of Aphrodite in Piraeus","Attica Bk1",Peiraieus/Piraeus,['hieron'],['1.1.3'],Peiraieus/Piraeus,NULL,NULL,https://wikidata.org/wiki/Q124644549,NULL,NULL,NULL,NULL
20.251,39.581,"Thyamis (river)","Epiros region","Epiros region",['potamos'],['1.11.2'],NULL,https://pleiades.stoa.org/places/531121,NULL,https://wikidata.org/wiki/Q1721931,NULL,NULL,NULL,NULL
23.710149999999995,37.99168,"Tomb of Lykourgos [II] son of Lykophron, Athens","Athenai Bk1","Athenai Bk1",['taphos'],['1.29.15'],NULL,NULL,https://topostext.org/binder/JB2049,NULL,NULL,NULL,NULL,NULL
23.8154066,37.9462237,"Proopsios Apollo Altar (Hymettos)","Attica Bk1","Mount Hymettus",['bomos'],['1.32.2'],"Mount Hymettus",NULL,https://topostext.org/place/379238SPro,NULL,NULL,NULL,NULL,NULL
24.6099,38.82754,"Skyros (settlement)","Aegean Sea (Hellas)","Scyrus (island)",['polis'],['1.22.6'],NULL,https://pleiades.stoa.org/places/541108,NULL,https://wikidata.org/wiki/Q208566,NULL,NULL,NULL,NULL
23.364,37.9764,"sanctuary of Demeter Malophoros, Nisaia","Megarid Bk1","Nisaia (Megarid)",['hieron'],['1.44.3'],"Nisaia (Megarid)",NULL,NULL,https://wikidata.org/wiki/Q124644668,NULL,NULL,NULL,NULL
23.682,37.992,"Tomb of Nikokles on Sacred Way","Attica Bk1","Sacred Way from Athens to Eleusis",['mnema'],['1.37.2'],NULL,NULL,https://topostext.org/binder/JB2207,NULL,NULL,NULL,NULL,NULL
23.725000000000005,37.975,"Tomb of Menander, Athens","Athenai Bk1","Athenai Bk1",['taphos'],['1.2.2'],NULL,NULL,https://topostext.org/binder/JB2094,NULL,NULL,NULL,NULL,NULL
23.722650000000005,37.97635,"Stoa Poikile (Athens)","Athenai Bk1",Kerameikos,['stoa'],"['1.15.1','1.15.2','1.15.4','1.16.1','5.11.6']",NULL,NULL,https://topostext.org/place/380237BSPo,https://wikidata.org/wiki/Q936234,NULL,NULL,NULL,NULL
23.718611,37.978333,"first stoa between the gates and Kerameikos, Athens","Athenai Bk1",Kerameikos,['stoa'],['1.2.5'],Kerameikos,NULL,NULL,NULL,NULL,NULL,NULL,NULL
23.970146000000003,38.1465515,"stables of Artaphrenes, Marathon","Attica Bk1","Marathon deme",['petra'],['1.32.7'],"Marathon deme",NULL,NULL,NULL,NULL,NULL,NULL,NULL
22.4237,37.0821,Sparta,"Lakonia Bk3","Lakonia Bk3",['polis'],"['1.13.6','1.29.8','10.12.2','2.18.2','2.18.5','2.21.8','2.9.1','3.1.2','3.10.1','3.11.1','3.11.2','3.13.3','3.13.4','3.13.7','3.14.2','3.14.7','3.15.3','3.15.4','3.15.5','3.15.8','3.18.6','3.19.6','3.2.2','3.2.3','3.2.7','3.20.10','3.20.8','3.21.2','3.21.6','3.21.7','3.26.5','3.26.7','3.3.2','3.3.3','3.5.1','3.6.3','3.6.4','3.6.7','3.7.1','3.7.2','3.7.5','3.7.8','3.8.3','3.8.9','3.9.11','4.1.2','4.12.4','4.12.5','4.12.8','4.12.9','4.14.3','4.14.4','4.15.2','4.15.3','4.15.5','4.15.6','4.16.1','4.16.9','4.17.6','4.18.3','4.19.5','4.20.5','4.21.6','4.22.1','4.22.4','4.22.5','4.22.6','4.23.2','4.24.6','4.26.4','4.27.4','4.29.6','4.29.9','4.31.1','4.31.3','4.4.4','4.4.8','4.5.4','4.5.6','4.5.7','4.7.7','4.8.3','4.9.5','6.16.8','6.2.1','6.4.9','6.7.6','7.1.8','7.12.2','7.12.6','7.12.7','7.12.8','7.13.1','7.13.2','7.13.4','7.13.6','7.14.5','7.20.8','7.24.1','7.7.3','7.8.4','7.8.5','7.9.2','7.9.5','8.11.6','8.12.6','8.27.11','8.51.1','8.51.3','8.51.4','8.52.3','8.52.6','8.8.11','9.13.2','9.13.9','9.14.1','9.14.5','9.32.10','9.32.7']",NULL,https://pleiades.stoa.org/places/570685,https://topostext.org/place/371224PSpa,https://wikidata.org/wiki/Q5690,NULL,"Lacedaemon Lakedaimon",NULL,NULL
23.1602,37.6335,Epidauros,"Epidauria Bk2","Epidauria Bk2",['settlement'],"['1.25.4','2.10.3','2.25.10','2.25.7','2.26.1','2.26.2','2.26.3','2.26.4','2.26.7','2.26.8','2.26.9','2.28.3','2.28.4','2.28.8','2.29.1','2.29.2','2.29.5','2.30.5','5.11.11','8.1.1','9.23.1','9.7.5']",NULL,https://pleiades.stoa.org/places/570228,https://topostext.org/place/376232PEpi,https://wikidata.org/wiki/Q233576,NULL,"Epidaurus polis",NULL,NULL
23.56,38.06,"Rharion plain","Attica Bk1","Attica Bk1",['pedion'],['1.38.6'],NULL,https://pleiades.stoa.org/places/585954,https://topostext.org/place/381236LRaP,https://wikidata.org/wiki/Q2750628,NULL,"Rarion pedion",NULL,NULL
23.602,38.464,Chalkis,"Euboea (island)","Euboea (island)","['chora','polis']","['1.23.3','1.34.2','2.22.7','4.23.7','9.18.1','9.19.3','9.31.3']",NULL,https://pleiades.stoa.org/places/540703,NULL,https://wikidata.org/wiki/Q21235810,NULL,Chalcis,NULL,NULL
23.732,37.966,"altar of Heracles in Kynosarges sanctuary, Athens","Athenai Bk1","Kynosarges sanctuary south of Athens",['bomos'],['1.19.3'],"Kynosarges sanctuary south of Athens",NULL,https://topostext.org/binder/JB1576,NULL,NULL,NULL,NULL,NULL
23.72993,37.97087,"temple on Street of Tripods with Satyr statue group","Athenai Bk1","Street of Tripods (Athens)",['naos'],"['1.20.1','1.20.2']","Street of Tripods (Athens)",NULL,NULL,NULL,NULL,"Choregic monument with satyr of Praxiteles",NULL,NULL
32.92092,35.40326,"Krommy(ak)on Pr.","Asia Minor (Asia)",Cilicia,['settlement'],['1.27.9'],NULL,https://pleiades.stoa.org/places/707551,NULL,https://wikidata.org/wiki/Q959369,NULL,NULL,NULL,NULL
23.726499999999998,37.9742,"Aidos altar, Athens","Athenai Bk1","Athenai Bk1",['bomos'],['1.17.1'],NULL,NULL,https://topostext.org/binder/JB0082,NULL,NULL,NULL,NULL,NULL
23.364,37.9764,"Tomb of Lelex, Nisaia","Megarid Bk1","Nisaia (Megarid)",['mnema'],['1.44.3'],"Nisaia (Megarid)",NULL,NULL,https://wikidata.org/wiki/Q124644669,https://resource.manto.unh.edu/10210671,NULL,NULL,NULL
23.72522,37.97176,"Propylaia (Athens)","Athenai Bk1","Athenian Acropolis (Athens)",['pylai'],"['1.22.4','1.22.6','1.22.8','1.28.4']",NULL,NULL,https://topostext.org/place/380237BPro,https://wikidata.org/wiki/Q3407649,NULL,NULL,NULL,NULL
25.150727999999997,37.08579,Paros,"Aegean Sea (Hellas)","Paros (island)",['polis'],"['1.32.4','10.28.3','3.18.8','8.47.1','9.22.6']",NULL,https://pleiades.stoa.org/places/599867,NULL,https://wikidata.org/wiki/Q65040323,NULL,NULL,NULL,NULL
23.727929999999997,37.9718,"Anteros altar, Athens","Athenai Bk1","Athenai Bk1",['bomos'],['1.30.1'],NULL,NULL,https://topostext.org/binder/JB0162,NULL,NULL,NULL,NULL,NULL
23.9964,37.8118,Kephale,"Attica Bk1","Attica Bk1",['demos'],['1.31.1'],NULL,https://pleiades.stoa.org/places/579971,NULL,https://wikidata.org/wiki/Q13445967,NULL,Cephale,NULL,NULL
23.682,37.992,"Sanctuary of Lakios at Lakiadai","Attica Bk1",Lakiadai,['temenos'],['1.37.2'],NULL,NULL,https://topostext.org/binder/JB1980,NULL,NULL,NULL,NULL,NULL
22.8416,38.4944,"Chaironea (Boeotia)","Boiotia Bk9","Boiotia Bk9",['battlefield'],"['1.18.8','1.20.6','1.25.3','1.27.5','1.29.13','1.41.8','10.3.3','10.3.4','10.35.8','10.4.1','4.28.2','5.20.10','5.4.9','6.4.7','7.15.6','7.15.9','7.6.5','8.27.10','8.6.2','9.1.8','9.29.8','9.40.5','9.40.6','9.41.7','9.6.5']",NULL,https://pleiades.stoa.org/places/540701,https://topostext.org/place/385228PCha,https://wikidata.org/wiki/Q13574678,NULL,NULL,NULL,NULL
23.7329,37.9686,"underground passage in peribolos near Aphrodite in the Gardens","Athenai Bk1","Gardens, location, Athens",['tunnel'],['1.27.3'],"Gardens, location, Athens",NULL,NULL,NULL,NULL,NULL,NULL,NULL
23.34285,37.997,"sanctuary of Apollo Prostaterios at Megara","Megarid Bk1","Megara (Megarid)",['hieron'],['1.44.2'],"Megara (Megarid)",NULL,NULL,https://wikidata.org/wiki/Q124644664,https://resource.manto.unh.edu/11191165,NULL,NULL,NULL
23.717999999999996,37.981,"Tomb of Apollodoros, Athens","Athenai Bk1","Athenai Bk1",['taphos'],['1.29.10'],NULL,NULL,https://topostext.org/binder/JB0347,NULL,NULL,NULL,NULL,NULL
23.949000000000005,38.1232,"Plataean Tumulus (Marathon)","Attica Bk1","Marathon deme",['mnema'],['1.32.3'],NULL,https://pleiades.stoa.org/places/774102407,https://topostext.org/place/381239GPla,https://wikidata.org/wiki/Q111512673,NULL,NULL,NULL,NULL
23.722745,37.975546,"Temple of Ares (Athens Agora)","Athenai Bk1","Agora of Athens",['hieron'],['1.8.4'],NULL,https://pleiades.stoa.org/places/468194251,https://topostext.org/place/380237SAre,https://wikidata.org/wiki/Q2405583,NULL,NULL,NULL,NULL
23.682,37.992,"Tomb of Anthemokritos on Sacred Way","Attica Bk1","Sacred Way from Athens to Eleusis",['mnema'],"['1.36.3','1.36.4']",NULL,NULL,https://topostext.org/binder/JB0164,NULL,NULL,NULL,NULL,NULL
23.8068,38.0263,"altar of Kore Protogone in temple of Demeter at Phlya","Attica Bk1","temple of Demeter et al in Phlya, Attica",['bomos'],['1.31.4'],"temple of Demeter et al in Phlya, Attica",NULL,NULL,NULL,NULL,"Altar of Kore First-Born",NULL,NULL
23.7168,37.9816,"Demosion Sema, Olynthos, Athens","Athenai Bk1","Demosion Sema war graves, Athens",['taphos'],['1.29.7'],NULL,NULL,https://topostext.org/binder/JB1067,NULL,NULL,NULL,NULL,NULL
23.743299999999998,37.974,"Lykeion palaistra, Athens","Athenai Bk1","Athenai Bk1",['gymnasion'],['1.19.3'],NULL,NULL,https://topostext.org/binder/JB0302,NULL,NULL,NULL,NULL,NULL
23.706200000000003,37.9373,"Hera temple in Phaleron","Attica Bk1","road Phaleron to Athens",['naos'],"['1.1.5','10.35.2']",Phaleron,NULL,https://topostext.org/binder/JB1518,NULL,NULL,NULL,NULL,NULL
23.715,37.995,"Grove of Poseidon Hippios, Kolonos","Athenai Bk1","Kolonos Hippios",['alsos'],['1.30.4'],"Kolonos Hippios",NULL,NULL,NULL,NULL,NULL,NULL,NULL
23.732,37.966,"Iolaos altar at Kynosarges","Athenai Bk1","Kynosarges sanctuary south of Athens",['bomos'],['1.19.3'],"Kynosarges sanctuary south of Athens",NULL,https://topostext.org/binder/JB1800,NULL,NULL,"altar of Iolaus, Athens",NULL,NULL
23.9937505,37.926189,"Sanctuary of Artemis Brauronia in Attica","Attica Bk1","Attica Bk1",['hieron'],"['1.33.1','3.16.7','3.16.8','8.46.3']",NULL,https://pleiades.stoa.org/places/579879,NULL,https://wikidata.org/wiki/Q475497,NULL,NULL,NULL,NULL
23.8068,38.0263,"Altar of Dionysus Anthius at Phlya","Attica Bk1",Phlya,['bomos'],['1.31.4'],Phlya,NULL,NULL,NULL,NULL,NULL,NULL,NULL
26.935000000000002,37.695,"Samos polis","Aegean Sea (Hellas)","Samos (island)",['polis'],"['1.2.3','7.4.4']",NULL,https://pleiades.stoa.org/places/599925,https://topostext.org/place/377269PSam,https://wikidata.org/wiki/Q13580795,NULL,NULL,NULL,NULL
24.420400000000004,38.0165,Karystos,"Euboea (island)","Euboea (island)",['settlement'],"['1.25.4','1.32.3']",NULL,https://pleiades.stoa.org/places/570336,NULL,https://wikidata.org/wiki/Q13554032,NULL,NULL,NULL,NULL
23.72512,37.97146,"Mycenaean walls (Athens Acropolis)","Athenai Bk1","Athenai Bk1",['teichos'],"['1.21.3','1.22.4','1.28.3']",NULL,NULL,https://topostext.org/place/380237FMyc,NULL,NULL,NULL,NULL,NULL
23.34285,37.997,"tomb of Astykrateia and Manto in Megara","Megarid Bk1","Dionysion in Megara",['mnema'],['1.43.5'],"Dionysion in Megara",NULL,NULL,https://wikidata.org/wiki/Q124644656,https://resource.manto.unh.edu/10192038,NULL,NULL,NULL
23.34285,37.997,"Night oracle in Megara","Megarid Bk1","Megara (Megarid)",['manteion'],['1.40.6'],"Megara (Megarid)",NULL,NULL,https://wikidata.org/wiki/Q124644617,NULL,NULL,NULL,NULL
21.05,38.6917,Akarnania,"Hellas (Europe)","Hellas (Europe)",['chora'],"['1.28.3','3.13.4','4.25.5','7.18.9']",NULL,https://pleiades.stoa.org/places/530767,NULL,https://wikidata.org/wiki/Q416070,NULL,Acarnania,NULL,NULL
23.34285,37.997,"temple of Apollo Agraios and Artemis Agrotera in Megara","Megarid Bk1","Megara (Megarid)",['naos'],"['1.41.3','1.41.6']","Megara (Megarid)",NULL,NULL,https://wikidata.org/wiki/Q124644625,NULL,NULL,NULL,NULL
26.780688,40.485384,Paktye,"Thrace (Europe)","Chersonesus (Thrace)",['settlement'],['1.10.5'],NULL,https://pleiades.stoa.org/places/501546,NULL,https://wikidata.org/wiki/Q7123145,NULL,NULL,NULL,NULL
33.23855022,41.44846297,"Paphlagonia (region)","Asia (continent)","Asia Minor (Asia)",['chora'],['1.8.1'],NULL,https://pleiades.stoa.org/places/845034,NULL,https://wikidata.org/wiki/Q622032,NULL,NULL,NULL,NULL
23.6559,37.9406,Munychia,"Attica Bk1",Peiraieus/Piraeus,['settlement'],"['1.1.4','1.25.5','1.26.3','2.8.6']",NULL,https://pleiades.stoa.org/places/116035285,NULL,https://wikidata.org/wiki/Q1611219,NULL,NULL,NULL,NULL
32.898,24.0811,Syene,"Libya (Africa)","Egypt (region)",['settlement'],"['1.33.4','5.7.4','6.26.2','8.38.6']",NULL,https://pleiades.stoa.org/places/786123,NULL,https://wikidata.org/wiki/Q29888,NULL,NULL,NULL,NULL
23.396935,38.391809,Glisas,"Boiotia Bk9","Boiotia Bk9",['settlement'],"['1.44.4','9.19.2','9.19.3','9.5.13','9.8.6','9.9.4']",NULL,https://pleiades.stoa.org/places/540791,NULL,https://wikidata.org/wiki/Q11924352,NULL,NULL,NULL,NULL
23.707,37.992,"Athena altar in the Academy, Athens","Athenai Bk1","Academy of Plato, Athens",['bomos'],['1.30.2'],"Academy of Plato, Athens",NULL,https://topostext.org/binder/JB0513,NULL,NULL,NULL,NULL,NULL
23.732,37.966,"Kynosarges sanctuary south of Athens","Athenai Bk1","Athenai Bk1",['hieron'],['1.19.3'],NULL,NULL,https://topostext.org/place/380237BKyn,https://wikidata.org/wiki/Q940907,NULL,"Cynosarges sanctuary, Athens",NULL,NULL
26.4,40.2,Hellespontus,"Asia (continent)","Asia Minor (Asia)",['strait'],"['1.29.10','1.29.13','1.6.5','10.15.3','3.17.8','3.4.9','9.27.1']",NULL,https://pleiades.stoa.org/places/501434,NULL,https://wikidata.org/wiki/Q6514,NULL,NULL,NULL,NULL
21.665725,36.930136,"Sphakteria (island)","Messenia Bk4","Messenia Bk4",['nesos'],"['1.13.5','1.15.4','3.5.5','4.26.1','4.26.2','4.36.6','6.22.6']",NULL,https://pleiades.stoa.org/places/570686,NULL,https://wikidata.org/wiki/Q1303524,NULL,NULL,NULL,NULL
23.73147,38.08194,"Cult of Apollo Agyieus in Acharnai","Attica Bk1",Acharnae,['hieron'],['1.31.6'],Acharnae,NULL,NULL,NULL,NULL,"Apollo Aguieus cult",NULL,NULL
23.72064,37.972,"Pan Cave (Athens)","Athenai Bk1","Athenai Bk1",['spelaion'],['1.28.4'],NULL,NULL,https://topostext.org/place/380237CPan,https://wikidata.org/wiki/Q61755042,NULL,NULL,NULL,NULL
20.4831346,39.2348296,"Acheron river, Epirus","Hellas (Europe)",Thesprotia,['potamos'],['1.17.5'],NULL,https://pleiades.stoa.org/places/530769,NULL,https://wikidata.org/wiki/Q191087,NULL,NULL,NULL,NULL
23.718200000000003,37.9784,"Eridanos river (Athens)","Athenai Bk1","Athenai Bk1",['potamos'],"['1.19.5','5.12.7']",NULL,https://pleiades.stoa.org/places/591471666,https://topostext.org/place/380237WEri,https://wikidata.org/wiki/Q1353735,NULL,NULL,NULL,NULL
23.5314735,37.947768,"Salamis ancient harbor (Attica)","Attica Bk1","Salamis (settlement)",['limen'],['1.35.3'],"Salamis (settlement)",NULL,https://topostext.org/place/379235HSal,NULL,NULL,NULL,NULL,NULL
24.055816,37.789855,"tomb of Ion, Potamoi","Attica Bk1",Potamoi,['mnema'],"['1.31.3','7.1.5']",Potamoi,NULL,NULL,https://wikidata.org/wiki/Q124644569,https://resource.manto.unh.edu/10159385,NULL,NULL,NULL
23.970146000000003,38.1465515,"Soros of the Athenians, Marathon","Attica Bk1","Marathon deme","['choma ges','taphos']","['1.29.4','1.32.3']","Marathon deme",https://pleiades.stoa.org/places/580106,https://topostext.org/place/381240GSor,https://wikidata.org/wiki/Q17276497,NULL,NULL,NULL,NULL
23.706200000000003,37.9373,"Temple of Zeus at Phaleron","Attica Bk1",Phaleron,['naos'],['1.1.4'],Phaleron,NULL,NULL,https://wikidata.org/wiki/Q124646272,NULL,NULL,NULL,NULL
34.75,31.249999999999996,Palaestina,"Asia (continent)","Syria (Asia)",['chora'],"['1.14.7','10.12.9','9.19.8']",NULL,https://pleiades.stoa.org/places/687995,NULL,https://wikidata.org/wiki/Q23792,NULL,Palestine,NULL,NULL
23.34285,37.997,"area called Rhous in Megara","Megarid Bk1","Megara (Megarid)",['chorion'],['1.41.2'],"Megara (Megarid)",NULL,NULL,NULL,NULL,NULL,NULL,NULL
23.211,38.0347,Ereneia,"Megarid Bk1","Megarid Bk1",['kome'],['1.44.5'],"Megarid Bk1",NULL,https://topostext.org/place/381233FEre,https://wikidata.org/wiki/Q131912252,NULL,NULL,NULL,NULL
23.55515,38.04945,"Erineon site near the river Kephisos of Eleusis","Attica Bk1","Attica Bk1",['chorion'],['1.38.5'],NULL,NULL,NULL,NULL,NULL,NULL,NULL,NULL
23.73529,37.96761,"Artemis Agrotera ? temple (Athens)","Athenai Bk1","Athenai Bk1",['naos'],['1.19.6'],NULL,https://pleiades.stoa.org/places/277534797,https://topostext.org/place/380237SArt,https://wikidata.org/wiki/Q20084335,NULL,NULL,NULL,NULL
12.432028,44.952389,"Padus/Eridanus (river)","Italia (Europe)","Italia (Europe)",['potamos'],"['1.19.5','1.30.3','1.4.1','5.14.3','8.25.13']",NULL,https://pleiades.stoa.org/places/393469,NULL,https://wikidata.org/wiki/Q643,NULL,NULL,NULL,NULL
19.638889,40.198056,"Ceraunii (mountain)","Epiros region","Epiros region",['oros'],"['1.13.1','5.22.3','5.22.4']",NULL,https://pleiades.stoa.org/places/481785,NULL,https://wikidata.org/wiki/Q1054699,NULL,NULL,NULL,NULL
23.34285,37.997,"tomb of Orsippos in Megara","Megarid Bk1","Megara (Megarid)",['mnema'],['1.44.1'],"Megara (Megarid)",NULL,NULL,https://wikidata.org/wiki/Q124644663,NULL,NULL,NULL,NULL
23.601,38.023,"Rheitoi (river)","Attica Bk1","Attica Bk1",['potamos'],"['1.38.1','1.38.2','2.24.6']",NULL,https://pleiades.stoa.org/places/580098,NULL,https://wikidata.org/wiki/Q1785564,NULL,NULL,NULL,NULL
23.644609,37.937222,"sanctuary of Athena and Zeus in Piraeus","Attica Bk1",Peiraieus/Piraeus,['temenos'],['1.1.3'],Peiraieus/Piraeus,NULL,NULL,https://wikidata.org/wiki/Q124644547,NULL,NULL,NULL,NULL
23.73892,37.9683,"Stadium hill above the Ilisos in Athens","Athenai Bk1","Athenai Bk1",['oros'],['1.19.6'],NULL,NULL,NULL,NULL,NULL,NULL,NULL,NULL
23.8068,38.0263,"Altar of Demeter Anesidora in temple at Phlya","Attica Bk1","temple of Demeter et al in Phlya, Attica",['bomos'],['1.31.4'],"temple of Demeter et al in Phlya, Attica",NULL,NULL,NULL,NULL,NULL,NULL,NULL
21.8489331,37.9816702,"Erymanthos M.","Achaia Bk7","Achaia Bk7",['oros'],"['1.27.9','5.7.1','8.24.4']",NULL,https://pleiades.stoa.org/places/570238,NULL,https://wikidata.org/wiki/Q1363703,NULL,NULL,NULL,NULL
23.725000000000005,37.975,"Theseion of Athens","Athenai Bk1","Athenai Bk1",['hieron'],"['1.17.2','1.17.3','1.17.6']",NULL,NULL,https://topostext.org/place/380237SThe,https://wikidata.org/wiki/Q36024284,https://resource.manto.unh.edu/10150313,"Theseus sanctuary in Athens",NULL,NULL
23.682,37.992,"Tomb of Skiros at Skiron on Sacred Way","Attica Bk1","Skiron locality on Sacred Way",['mnema'],['1.36.4'],"Skiron locality on Sacred Way",NULL,https://topostext.org/binder/JB2671,NULL,https://resource.manto.unh.edu/10160350,NULL,NULL,NULL
32.641,25.684,"Diospolis Magna/Thebai","Libya (Africa)","Egypt (region)",['settlement'],"['1.42.3','8.33.2']",NULL,https://pleiades.stoa.org/places/786017,NULL,https://wikidata.org/wiki/Q101583,NULL,NULL,NULL,NULL
23.7168,37.9816,"grave of those who fought Cassander, Athens Demosion Sema","Athenai Bk1","Demosion Sema war graves, Athens",['mnema'],['1.29.7'],"Demosion Sema war graves, Athens",NULL,NULL,NULL,NULL,NULL,NULL,NULL
12.5,42.5,"Italia (Europe)",NULL,Europe,"['major region']","['1.11.7','1.12.1','1.12.2','1.13.2','1.23.5','1.29.14','1.36.6','10.10.7','10.13.10','10.17.10','10.17.11','2.23.5','2.27.4','3.10.5','3.12.6','3.19.12','3.22.11','3.3.1','4.23.6','4.26.5','5.25.3','5.25.6','6.19.9','6.3.12','6.6.4','6.6.8','6.7.4','7.4.7','8.15.9','8.3.5']",NULL,https://pleiades.stoa.org/places/1052,NULL,https://wikidata.org/wiki/Q913582,NULL,Italy,NULL,NULL
23.34285,37.997,"Hyllos's tomb in Megara","Megarid Bk1","Megara (Megarid)",['mnema'],['1.41.2'],"Megara (Megarid)",NULL,NULL,https://wikidata.org/wiki/Q124644623,https://resource.manto.unh.edu/10186767,NULL,NULL,NULL
62.49999999999999,32.5,Arimaspai,"Asia (continent)","Asia (continent)",['chora'],"['1.24.6','1.31.2']",NULL,https://pleiades.stoa.org/places/29482,NULL,https://wikidata.org/wiki/Q661584,NULL,Ariaspae,NULL,NULL
29.904133,31.195370999999998,"Sarapeion of Alexandria","Libya (Africa)",Alexandria,['hieron'],['1.18.4'],Alexandria,NULL,NULL,https://wikidata.org/wiki/Q521646,NULL,"Serapeum of Alexandria",NULL,NULL
24.032676,37.697557,"Silver mines of Laureion","Attica Bk1",Laureion,['lithotomia'],['1.1.1'],NULL,https://pleiades.stoa.org/places/963101137,NULL,https://wikidata.org/wiki/Q3314937,NULL,NULL,NULL,NULL
26.5,41,"Thrace (Europe)",NULL,Europe,"['major region']","['1.10.2','1.25.2','1.29.13','1.29.4','1.29.5','1.38.2','1.6.4','1.9.5','10.11.5','10.19.5','2.30.2','3.9.12','5.10.8','5.12.6','5.27.12','6.5.4','7.4.3','8.29.1','9.30.9']",NULL,https://pleiades.stoa.org/places/501638,https://topostext.org/place/410265RThr,https://wikidata.org/wiki/Q41741,NULL,Thracia,NULL,NULL
23.844643,38.290623,"Amphiareion near Oropos","Attica Bk1",Oropia,['hieron'],"['1.34.1','1.34.2','1.34.3']",NULL,https://pleiades.stoa.org/places/71107898,NULL,https://wikidata.org/wiki/Q474656,https://resource.manto.unh.edu/10159724,NULL,NULL,NULL
23.717999999999996,37.981,"Tomb of Euboulos, Athens","Athenai Bk1","Athenai Bk1",['taphos'],['1.29.10'],NULL,NULL,https://topostext.org/binder/JB1355,NULL,NULL,NULL,NULL,NULL
23.7692,38.0253,Anchesmos,"Attica Bk1","Attica Bk1",['oros'],['1.32.2'],NULL,https://pleiades.stoa.org/places/579868,https://topostext.org/place/380238LAnc,https://wikidata.org/wiki/Q92937987,NULL,"Mount Anchemus, Ankesmos",NULL,NULL
20.25,39.75,Thesprotia,"Hellas (Europe)","Epiros region",['chora'],"['1.17.4','1.17.5','1.18.4','1.6.8','4.34.3','4.35.3','5.14.2','5.22.3','5.23.2','6.14.9','9.30.6','9.36.3']",NULL,https://pleiades.stoa.org/places/531117,https://topostext.org/place/394204RThp,https://wikidata.org/wiki/Q2551754,NULL,NULL,NULL,NULL
23.7247805,37.9728361,"City Eleusinion at Athens","Athenai Bk1","Athenai Bk1",['hieron'],['1.14.3'],NULL,https://pleiades.stoa.org/places/650003009,NULL,https://wikidata.org/wiki/Q1349784,NULL,NULL,NULL,NULL
72.5,32.5,Oxydrakai/Sydrakai,"Asia (continent)","Asia (continent)",['chora'],['1.6.2'],NULL,https://pleiades.stoa.org/places/59970,NULL,https://wikidata.org/wiki/Q25377606,NULL,NULL,NULL,NULL
25.268194,37.397274,"Delos island","Aegean Sea (Hellas)","Cyclades region (Aegean)",['nesos'],"['1.18.5','1.19.6','1.29.1','1.31.2','2.27.1','2.33.2','3.23.3','3.23.4','4.33.2','4.36.6','4.4.1','5.19.10','5.7.8','8.33.2']",NULL,https://pleiades.stoa.org/places/599588,NULL,https://wikidata.org/wiki/Q173148,NULL,NULL,https://imperium.ahlfeldt.se/places/41356,NULL
23.771,37.803,"Zoster promontory","Attica Bk1","Attica Bk1",['akra'],['1.31.1'],NULL,https://pleiades.stoa.org/places/580140,https://topostext.org/place/378238LZos,https://wikidata.org/wiki/Q60790988,NULL,NULL,NULL,NULL
23.7257,37.9717,"Olive Tree by Athena Polias temple, Athens Acropolis","Athenai Bk1","Temple of Pandrosos, Athenian Acropolis",['elaia'],"['1.27.2','8.23.5']","Temple of Pandrosos, Athenian Acropolis",NULL,https://topostext.org/binder/JB2249,NULL,https://resource.manto.unh.edu/9619257,NULL,NULL,NULL
24.005799999999997,38.1601,"Makaria spring (Attica)","Attica Bk1","Marathon deme",['pege'],['1.32.6'],NULL,NULL,https://topostext.org/place/382240WMak,NULL,https://resource.manto.unh.edu/10159696,NULL,NULL,NULL
23.717999999999996,37.981,"Tomb of Chabrias, Athens","Athenai Bk1","Athenai Bk1",['taphos'],['1.29.3'],NULL,NULL,https://topostext.org/binder/JB0793,NULL,NULL,NULL,NULL,NULL
23.706200000000003,37.9373,"Altars of the heroes, Phaleron","Attica Bk1",Phaleron,['bomos'],['1.1.4'],Phaleron,NULL,NULL,NULL,NULL,NULL,NULL,NULL
23.912351,37.848447,"sanctuary of Demeter and the Maiden, Prospalta","Attica Bk1",Prospalta,['hieron'],['1.31.1'],Prospalta,NULL,NULL,https://wikidata.org/wiki/Q124644563,NULL,NULL,NULL,NULL
23.722163,37.975843,"Stoa of Zeus Eleutherios (Athens Agora)","Athenai Bk1","Agora of Athens",['stoa'],"['1.3.3','1.3.4','10.21.6']",NULL,https://pleiades.stoa.org/places/649966334,https://topostext.org/place/380237BSZe,https://wikidata.org/wiki/Q331355,NULL,NULL,NULL,NULL
23.72372,37.97242,"Tomb of Oedipus in the Areios Pagos","Athenai Bk1","Semnai Theai shrine at the Areius Pagus",['mnema'],['1.28.7'],"Semnai Theai shrine at the Areius Pagus",NULL,NULL,NULL,https://resource.manto.unh.edu/10785744,NULL,NULL,NULL
24.0376,37.8652,"memorial to Erysichthon, Prasiai","Attica Bk1",Prasiae,['mnema'],['1.31.2'],Prasiae,NULL,NULL,https://wikidata.org/wiki/Q124644567,https://resource.manto.unh.edu/10159366,NULL,NULL,NULL
23.715,37.995,"Heroon of Oedipus and Adrastus, Kolonos","Athenai Bk1","Kolonos Hippios",['heroon'],"['1.28.7','1.30.4']","Kolonos Hippios",NULL,https://topostext.org/binder/JB2242,NULL,NULL,NULL,NULL,NULL
23.72641,37.97209,"Poseidon altar on the Akropolis, Athens","Athenai Bk1","Athenian Acropolis (Athens)",['bomos'],['1.26.5'],NULL,NULL,https://topostext.org/binder/JB2509,NULL,NULL,NULL,NULL,NULL
23.72993,37.97087,"Street of Tripods (Athens)","Athenai Bk1","Athenai Bk1",['hodos'],['1.20.1'],NULL,NULL,https://topostext.org/place/380237XTrR,https://wikidata.org/wiki/Q4306925,NULL,NULL,NULL,NULL
23.217,39.0097,"Artemision (Euboea)","Euboea (island)","Euboea (island)",['battlefield'],"['1.14.5','10.14.5','3.16.6']",NULL,https://pleiades.stoa.org/places/540667,https://topostext.org/place/390232SArt,https://wikidata.org/wiki/Q105317807,NULL,NULL,NULL,NULL
23.0291,36.2295,"Cythera polis","Aegean Sea (Hellas)","Cythera island",['polis'],"['1.27.5','3.23.1']",NULL,https://pleiades.stoa.org/places/570400,https://topostext.org/place/363230PKyt,https://wikidata.org/wiki/Q11855334,NULL,Kythera,NULL,NULL
23.34285,37.997,"hearth of the  Prodomeis at Megara","Megarid Bk1","Megara (Megarid)",['hestia'],['1.42.1'],"Megara (Megarid)",NULL,NULL,https://wikidata.org/wiki/Q124644630,NULL,NULL,NULL,NULL
24.6099,38.82754,"Scyrus (island)","Aegean Sea (Hellas)","Aegean Sea (Hellas)",['nesos'],"['1.17.6','3.25.1','3.3.7']",NULL,https://pleiades.stoa.org/places/541093,NULL,https://wikidata.org/wiki/Q208566,NULL,NULL,NULL,NULL
23.5314735,37.947768,"temple of Aias, Salamis","Attica Bk1","Salamis (settlement)",['naos'],['1.35.3'],"Salamis (settlement)",NULL,NULL,https://wikidata.org/wiki/Q124644583,NULL,NULL,NULL,NULL
23.545847,38.415804,Mykalessos,"Boiotia Bk9","Boiotia Bk9",['polis'],"['1.23.3','9.19.4','9.19.5','9.19.8','9.20.2']",NULL,https://pleiades.stoa.org/places/540953,NULL,https://wikidata.org/wiki/Q1529070,NULL,NULL,NULL,NULL
46.5,34.5,Media,"Asia (continent)","Asia (continent)",['chora'],"['1.16.3','4.24.2']",NULL,https://pleiades.stoa.org/places/903080,NULL,https://wikidata.org/wiki/Q3853673,NULL,Madaya,NULL,NULL
26.769,40.5114,"Lysimacheia, Lysimachia","Thrace (Europe)","Chersonesus (Thrace)",['polis'],"['1.10.5','1.16.2','1.9.8']",NULL,https://pleiades.stoa.org/places/501458,NULL,https://wikidata.org/wiki/Q517690,NULL,NULL,NULL,NULL
23.970146000000003,38.1465515,"hill of Pan, Marathon","Attica Bk1","Marathon deme",['oros'],['1.32.7'],"Marathon deme",NULL,NULL,NULL,NULL,NULL,NULL,NULL
23.34285,37.997,"Sanctuary of Artemis Soteira and emperors in Megara","Megarid Bk1","Megara (Megarid)",['hieron'],['1.40.2'],"Megara (Megarid)",NULL,NULL,https://wikidata.org/wiki/Q124644611,NULL,NULL,NULL,NULL
23.871851,40.923361,Drabeskos,"Thrace (Europe)","Thrace (Europe)",['settlement'],['1.29.4'],NULL,https://pleiades.stoa.org/places/501403,NULL,https://wikidata.org/wiki/Q11917732,NULL,NULL,NULL,NULL
23.682,37.992,"Sanctuary of Demeter and Kore on Sacred Way","Attica Bk1","Sacred Way from Athens to Eleusis",['hieron'],['1.37.2'],NULL,NULL,https://topostext.org/binder/JB0994,https://wikidata.org/wiki/Q134038245,NULL,NULL,NULL,NULL
44.42082,32.53617,"Babylon, Babylon","Asia (continent)","Asia (continent)",['settlement'],"['1.10.4','1.16.1','1.16.3','4.23.10','4.31.5','8.33.3']",NULL,https://pleiades.stoa.org/places/893951,NULL,https://wikidata.org/wiki/Q5684,NULL,NULL,NULL,NULL
22.5,37.5,"Hellas (Europe)",Europe,Europe,"['major region']","['1.1.1','1.12.1','1.27.9','1.29.5','1.3.5','1.4.1','1.4.2','1.41.8','1.5.5','10.14.6','10.17.3','10.19.12','10.19.5','10.19.7','10.19.8','10.20.9','10.23.12','10.23.14','10.23.8','10.24.3','10.25.1','10.34.5','10.5.3','10.9.2','2.1.8','2.29.7','2.29.8','2.33.5','2.4.5','3.11.3','3.12.7','3.17.8','3.20.6','3.3.3','3.4.7','3.4.8','3.7.11','3.9.4','3.9.8','4.2.3','4.28.4','4.31.1','5.10.1','5.14.2','5.15.2','5.17.9','5.20.10','5.23.7','5.24.2','5.25.12','5.4.6','5.4.7','5.4.9','5.5.2','5.7.7','6.11.3','6.18.5','7.10.1','7.10.2','7.10.3','7.10.4','7.10.5','7.10.7','7.11.1','7.11.2','7.14.1','7.15.1','7.15.3','7.16.10','7.16.9','7.17.1','7.17.2','7.17.3','7.2.2','7.20.6','7.24.2','7.26.11','7.3.1','7.5.13','7.6.3','7.6.9','7.7.6','7.8.1','7.8.2','7.8.7','7.9.5','8.14.5','8.20.1','8.3.5','8.32.1','8.37.2','8.42.7','8.43.4','8.45.5','8.46.3','8.50.3','8.50.4','8.51.1','8.51.4','8.52.1','8.52.2','8.52.3','8.52.4','8.52.5','8.52.6','9.1.2','9.17.6','9.23.3','9.28.1','9.29.8','9.38.2','9.38.4','9.6.2']",NULL,https://pleiades.stoa.org/places/1001896,NULL,https://wikidata.org/wiki/Q11772,NULL,NULL,NULL,NULL
21.374,37.89,"Elis polis","Eleia Bk5 Bk6","Eleia Bk5 Bk6",['polis'],"['1.29.13','1.41.6','2.15.1','3.11.7','3.12.8','3.8.4','4.28.4','4.28.5','5.1.10','5.1.11','5.1.4','5.1.9','5.14.1','5.15.11','5.15.12','5.16.1','5.16.5','5.16.6','5.16.8','5.2.5','5.21.10','5.25.7','5.3.1','5.3.3','5.3.5','5.3.6','5.4.1','5.4.3','5.4.4','5.4.8','5.5.1','5.5.2','5.5.3','5.6.5','5.7.1','5.8.2','5.8.3','5.8.6','5.9.2','6.17.6','6.22.5','6.22.8','6.23.1','6.23.6','6.23.8','6.25.2','6.25.6','6.26.6','7.1.1','7.10.2','7.17.5','7.21.14','7.4.7','7.6.1','8.1.2','8.15.5','8.25.10','8.26.3','8.26.4']",NULL,https://pleiades.stoa.org/places/570220,https://topostext.org/place/378214PEli,https://wikidata.org/wiki/Q217667,NULL,NULL,NULL,NULL
22.2564576,38.7922475,"Oeta M.","Hellas (Europe)",Phthiotis,['oros'],"['1.1.3','1.4.2','10.20.1','10.22.1','10.22.8','10.24.1','2.23.5','3.4.8','5.1.2','7.14.1','7.15.4']",NULL,https://pleiades.stoa.org/places/540968,NULL,https://wikidata.org/wiki/Q132378,NULL,NULL,NULL,NULL
23.34285,37.997,"sanctuary to Aphrodite Epistrophia in Megara","Megarid Bk1","Megara (Megarid)",['hieron'],['1.40.6'],"Megara (Megarid)",NULL,NULL,https://wikidata.org/wiki/Q124644616,NULL,NULL,NULL,NULL
23.8068,38.0263,"Altar of Apollo Dionysodotus at Phlya","Attica Bk1",Phlya,['bomos'],['1.31.4'],Phlya,NULL,NULL,NULL,NULL,NULL,NULL,NULL
-6.1099,35.20023,Lixus,"Libya (Africa)","Mauretania (Africa)",['settlement'],['1.33.5'],NULL,https://pleiades.stoa.org/places/275666,NULL,https://wikidata.org/wiki/Q923835,NULL,NULL,NULL,NULL
23.211,38.0347,"Tomb of Pandion on Rock of Athena Aithyia","Megarid Bk1","Rock of Athena Aithyia",['mnema'],"['1.41.6','1.5.3']","Rock of Athena Aithyia",NULL,NULL,https://wikidata.org/wiki/Q124644554,https://resource.manto.unh.edu/10146613,NULL,NULL,NULL
23.726,37.974,"Sanctuary of Sarapis in lower city of Athens","Athenai Bk1","Athenai Bk1",['hieron'],['1.18.4'],NULL,NULL,https://topostext.org/binder/JB2627,https://wikidata.org/wiki/Q134038345,https://resource.manto.unh.edu/10151018,"Serapeum of Athens",NULL,NULL
23.721400000000003,37.9673,"Philopappos monument","Athenai Bk1","Mouseion Hill (Athens)",['mnema'],['1.25.8'],NULL,NULL,https://topostext.org/place/380237BPhi,https://wikidata.org/wiki/Q1760491,NULL,"Mnema of a Syrian",NULL,NULL
8.7862,44.33039,Liguria,Europe,Europe,['chora'],['1.30.3'],NULL,https://pleiades.stoa.org/places/383698,NULL,https://wikidata.org/wiki/Q1256,NULL,NULL,NULL,NULL
23.723000000000003,37.975,"Phoinikioun, lawcourt, Athens","Athenai Bk1","Athenai Bk1","['dikasterion','oikema']",['1.28.8'],NULL,NULL,https://topostext.org/binder/JB2449,NULL,NULL,NULL,NULL,NULL
23.5059,38.1841,Panakton,"Attica Bk1","Attica Bk1",['teichos'],['1.25.6'],NULL,https://pleiades.stoa.org/places/580053,NULL,https://wikidata.org/wiki/Q12882434,NULL,NULL,NULL,NULL
29.904133,31.195370999999998,Alexandria,"Libya (Africa)","Egypt (region)",['polis'],"['1.18.4','5.21.9','8.33.3']",NULL,https://pleiades.stoa.org/places/727070,NULL,https://wikidata.org/wiki/Q87,NULL,NULL,NULL,NULL
23.728,37.9699,"Dionysos Eleuthereus sanctuary, Athens","Athenai Bk1","Athenai Bk1",['hieron'],"['1.20.3','1.20.4']",NULL,NULL,https://topostext.org/binder/JB1159,https://wikidata.org/wiki/Q2032467,NULL,NULL,NULL,NULL
23.601,38.023,"palace of Krokon, Rheitoi","Attica Bk1","Rheitoi (river)",['oikema'],['1.38.2'],"Rheitoi (river)",NULL,NULL,https://wikidata.org/wiki/Q124644597,NULL,NULL,NULL,NULL
23.7224,37.9766,"Gate with Tropaion near Stoa Poikile, Athens","Athenai Bk1",Kerameikos,['pylai'],['1.15.1'],NULL,NULL,https://topostext.org/binder/JB3467,NULL,NULL,NULL,NULL,NULL
23.682,37.992,"Tomb of Theodektes of Phaselis on Sacred Way","Attica Bk1","Sacred Way from Athens to Eleusis",['mnema'],['1.37.4'],NULL,NULL,https://topostext.org/binder/JB2805,NULL,NULL,NULL,NULL,NULL
18.7,39.2,"Ionian Sea (Greece/Italy)","Hellas (Europe)","Internum Mare",['thalassa'],"['1.12.1','1.4.1','4.35.5','4.35.7','4.36.7','5.22.3','5.25.3','5.5.3','5.7.3','6.14.13','7.18.2']",NULL,https://pleiades.stoa.org/places/1046,https://topostext.org/place/408187WIon,https://wikidata.org/wiki/Q37495,NULL,NULL,NULL,NULL
32.8125385,35.1406719,Soloi/Pompeiopolis,"Asia Minor (Asia)",Cilicia,['polis'],"['1.17.2','1.2.3','1.29.15']",NULL,https://pleiades.stoa.org/places/648781,NULL,https://wikidata.org/wiki/Q656954,NULL,NULL,NULL,NULL
23.34285,37.997,"Theagenes Fountain (Megara)","Megarid Bk1","Megara (Megarid)",['krene'],"['1.40.1','1.40.2']","Megara (Megarid)",NULL,https://topostext.org/place/380233BThe,https://wikidata.org/wiki/Q16330803,NULL,NULL,NULL,NULL
23.486691,38.388352,Harma,"Boiotia Bk9","Boiotia Bk9",['polis'],"['1.34.2','9.19.4','9.19.8']",NULL,https://pleiades.stoa.org/places/540805,NULL,https://wikidata.org/wiki/Q57401086,NULL,NULL,NULL,NULL
23.7226,37.9724,"Anaideia rock, Athens","Athenai Bk1","Areios Pagos",['petra'],['1.28.5'],NULL,NULL,https://topostext.org/binder/JB0148,NULL,NULL,NULL,NULL,NULL
23.72609,37.97083,"Themis Temple, Athens Acropolis south slope","Athenai Bk1","Athenian Acropolis (Athens)",['naos'],['1.22.1'],NULL,NULL,https://topostext.org/binder/JB2749,NULL,NULL,NULL,NULL,NULL
23.7976,37.8300155,Anagyrous,"Attica Bk1","Attica Bk1",['demos'],['1.31.1'],NULL,https://pleiades.stoa.org/places/579863,NULL,https://wikidata.org/wiki/Q4750861,NULL,NULL,NULL,NULL
15.29382,37.05963,Syracusae/Syrakousai,"Sicilia (island)","Sicilia (island)",['settlement'],"['1.2.3','1.23.3','10.28.6','2.22.9','5.7.2','5.7.3','5.8.8','6.12.2','6.12.4','6.15.6','6.2.6','6.9.5','7.16.5','8.42.8','8.54.3']",NULL,https://pleiades.stoa.org/places/462503,NULL,https://wikidata.org/wiki/Q4420718,NULL,NULL,NULL,NULL
42.5,42.5,Colchis/Lazike,"Pontus Euxinus","Pontus Euxinus",['chora'],"['1.1.4','1.18.1','2.3.10','8.4.10']",NULL,https://pleiades.stoa.org/places/863770,NULL,https://wikidata.org/wiki/Q183150,NULL,NULL,NULL,NULL
27.054771,39.035223,Teuthrania,"Asia Minor (Asia)",Aeolis,['settlement'],"['1.11.2','1.4.5']",NULL,https://pleiades.stoa.org/places/550916,NULL,https://wikidata.org/wiki/Q11951693,NULL,NULL,NULL,NULL
23.707,37.992,"Olive Tree at Academy, Athens","Athenai Bk1","Academy of Plato, Athens",['elaia'],['1.30.2'],"Academy of Plato, Athens",NULL,https://topostext.org/binder/JB2250,NULL,NULL,NULL,NULL,NULL
23.34285,37.997,"hero shrine of Iphigeneia in Megara","Megarid Bk1","Megara (Megarid)",['heroon'],['1.43.1'],"Megara (Megarid)",NULL,NULL,https://wikidata.org/wiki/Q124644644,NULL,NULL,NULL,NULL
23.726443,37.972,"Erechtheion, Athens","Athenai Bk1","Athenian Acropolis (Athens)",['oikema'],"['1.26.5','1.27.1','1.27.2','1.27.3','1.27.4']",NULL,https://pleiades.stoa.org/places/750203268,NULL,https://wikidata.org/wiki/Q242741,NULL,NULL,NULL,NULL
25.1836,35.2052,Crete,NULL,"Hellas (Europe)",['nesos'],"['1.17.3','1.17.6','1.21.4','1.22.5','1.26.4','1.27.10','1.27.9','1.42.2','10.2.7','10.7.2','2.30.3','2.31.1','2.32.2','2.33.4','2.6.7','2.7.7','3.18.4','3.18.5','3.2.7','5.8.1','6.21.6','7.2.5','7.3.7','7.4.5','7.4.6','7.4.8','8.48.3','8.49.7','8.50.6','8.53.4','9.11.4','9.40.3']",NULL,https://pleiades.stoa.org/places/589748,https://topostext.org/place/352252IKre,https://wikidata.org/wiki/Q4752820,NULL,NULL,NULL,NULL
20.5,39.5,"river Kokytos, Epirus","Epiros region","Epiros region",['potamos'],['1.17.5'],"Epiros region",NULL,NULL,https://wikidata.org/wiki/Q20379624,NULL,NULL,NULL,NULL
23.34285,37.997,"Tomb of Megareus at Megara","Megarid Bk1","Megara (Megarid)",['mnema'],['1.42.1'],"Megara (Megarid)",NULL,NULL,https://wikidata.org/wiki/Q124644629,https://resource.manto.unh.edu/10187051,NULL,NULL,NULL
23.5314735,37.947768,"Salamis (settlement)","Attica Bk1","Salamis (island)",['settlement'],"['1.35.2','1.40.5','7.6.3']",NULL,https://pleiades.stoa.org/places/580100,NULL,https://wikidata.org/wiki/Q202422,NULL,NULL,NULL,NULL
23.7276,37.971,"Cave at the top of Theater of Dionysos, Athens","Athenai Bk1","Dionysos Eleuthereus sanctuary, Athens",['spelaion'],['1.21.3'],NULL,NULL,https://topostext.org/place/380237AThr,https://wikidata.org/wiki/Q25535987,NULL,NULL,NULL,NULL
23.7188,37.9782,"Demeter Temple near the Pompeion, Athens","Athenai Bk1",Kerameikos,['naos'],['1.2.4'],NULL,NULL,https://topostext.org/binder/JB0988,NULL,NULL,NULL,NULL,NULL
23.8154066,37.9462237,"Mount Hymettus","Attica Bk1","Attica Bk1",['oros'],"['1.32.1','1.32.2']",NULL,https://pleiades.stoa.org/places/579955,NULL,https://wikidata.org/wiki/Q1232266,NULL,NULL,NULL,NULL
26.220385,40.051661,Elaious,"Thrace (Europe)","Chersonesus (Thrace)",['settlement'],"['1.34.2','3.4.6']",NULL,https://pleiades.stoa.org/places/501411,NULL,https://wikidata.org/wiki/Q1234913,NULL,NULL,NULL,NULL
23.87,38.53,"Euboea (island)","Hellas (Europe)","Hellas (Europe)",['nesos'],"['1.17.6','1.27.5','1.28.2','1.29.11','1.31.5','1.32.3','1.36.4','1.5.3','10.6.6','10.9.10','2.23.1','4.36.6','5.13.4','5.22.4','5.23.2','5.23.4','7.14.7','7.2.4','7.26.4','7.4.9','7.6.3','7.7.6','7.7.9','8.1.5','8.14.12','8.15.7','9.19.6','9.22.2','9.24.5','9.3.1']",NULL,https://pleiades.stoa.org/places/540775,NULL,https://wikidata.org/wiki/Q173096,NULL,NULL,NULL,NULL
22.50108,38.48264,"Delphic Oracle, Pytho (Delphi)","Phokis Bk10","Sanctuary of Pythian Apollo at Delphi",['manteion'],"['1.19.3','1.2.5','1.3.4','1.32.5','1.32.6','1.44.9','1.9.3','10.10.6','10.11.5','10.12.1','10.13.8','10.5.5','10.5.6','10.5.7','10.5.8','10.6.6','10.7.3','2.26.7','2.29.7','2.33.2','6.11.7','6.9.7','9.14.2','9.8.2']",NULL,NULL,NULL,https://wikidata.org/wiki/Q682558,NULL,NULL,NULL,NULL
23.34285,37.997,"tomb of Timalkos at bouleuterion of Megara","Megarid Bk1","Megara (Megarid)",['mnema'],"['1.42.4','1.43.3']","Megara (Megarid)",NULL,NULL,https://wikidata.org/wiki/Q124644634,https://resource.manto.unh.edu/10188735,"tomb of the heroes at Megara bouleuterion",NULL,NULL
23.723000000000003,37.975,"Pheme altar, Athens","Athenai Bk1","Athenai Bk1",['bomos'],['1.17.1'],NULL,NULL,https://topostext.org/binder/JB2425,NULL,NULL,NULL,NULL,NULL
25.1836,35.2052,"Tethrini river in Crete",Crete,Crete,['potamos'],['1.27.9'],Crete,NULL,NULL,NULL,NULL,NULL,NULL,NULL
31.033254529999997,39.64014749,"Asia Minor (Asia)","Asia (continent)","Asia (continent)","['major region']","['1.10.2','1.10.5','1.11.2','1.12.4','1.13.1','1.16.2','1.20.4','1.29.11','1.37.5','1.4.5','1.4.6','1.6.2','1.7.3','1.8.1','1.9.7','10.15.2','10.23.14','2.33.3','4.17.5','4.5.3','5.1.6','7.4.3','8.6.2']",NULL,https://pleiades.stoa.org/places/837,NULL,https://wikidata.org/wiki/Q51614,NULL,NULL,NULL,NULL
23.34285,37.997,"Caria acropolis of Megara","Megarid Bk1","Megara (Megarid)",['acropolis'],['1.40.6'],"Megara (Megarid)",NULL,NULL,https://wikidata.org/wiki/Q124644614,NULL,NULL,NULL,NULL
23.726464,37.971687,"Place of Theseus and Peirithous","Athenai Bk1","Athenai Bk1",['chorion'],['1.18.4'],"Athenai Bk1",NULL,https://topostext.org/binder/JB2840,NULL,NULL,NULL,NULL,NULL
23.34285,37.997,"Alkathoos wall in Megara","Megarid Bk1","Megara (Megarid)",['teichos'],['1.42.1'],"Megara (Megarid)",NULL,NULL,https://wikidata.org/wiki/Q124644631,NULL,NULL,NULL,NULL
23.72775,37.970278,"Theater of Dionysus Eleuthereus","Athenai Bk1","Dionysos Eleuthereus sanctuary, Athens",['theatron'],"['1.20.3','1.20.4','1.21.1','1.21.3','1.21.4','1.29.16','5.12.4']",NULL,https://pleiades.stoa.org/places/649966335,NULL,https://wikidata.org/wiki/Q1227044,NULL,NULL,NULL,NULL
23.7329,37.9686,"Delphinium lawcourt, Athens","Athenai Bk1","Athenai Bk1",['dikasterion'],['1.28.10'],NULL,NULL,https://topostext.org/binder/JB0288,https://wikidata.org/wiki/Q56063656,NULL,"Apollo Delphinios lawcourt",NULL,NULL
23.9106,38.3868,Amarynthos,"Euboea (island)","Euboea (island)",['settlement'],['1.31.5'],NULL,https://pleiades.stoa.org/places/579859,NULL,https://wikidata.org/wiki/Q1227665,NULL,NULL,NULL,NULL
23.718611,37.978333,"Gymnasium of Hermes, Athens","Athenai Bk1","first stoa between the gates and Kerameikos, Athens",['gymnasion'],['1.2.5'],"first stoa between the gates and Kerameikos, Athens",NULL,https://topostext.org/binder/JB1597,NULL,NULL,NULL,NULL,NULL
23.7168,37.9816,"Demosion Sema Amphipolis, Athens","Athenai Bk1","Demosion Sema war graves, Athens",['taphos'],['1.29.13'],NULL,NULL,https://topostext.org/binder/JB1040,NULL,NULL,NULL,NULL,NULL
24.0268,38.2176,"Sanctuary and temple of Nemesis at Rhamnous","Attica Bk1",Rhamnous,"['hieron','naos']",['1.33.2'],NULL,https://pleiades.stoa.org/places/580034,https://topostext.org/place/382240SNem,https://wikidata.org/wiki/Q94946184,NULL,NULL,NULL,NULL
23.7203,37.9701,"Tomb of Thucydides in Athens","Athenai Bk1","Athenai Bk1",['taphos'],['1.23.9'],NULL,NULL,https://topostext.org/binder/JB2869,NULL,NULL,NULL,NULL,NULL
22.5012215,38.4823167,"Temple of Apollo at Delphi","Phokis Bk10","Sanctuary of Pythian Apollo at Delphi",['naos'],"['1.43.8','10.13.8','10.14.5','10.19.4','10.24.4','10.5.13','4.5.4','9.37.5']",NULL,https://pleiades.stoa.org/places/464482219,NULL,https://wikidata.org/wiki/Q10751359,NULL,NULL,NULL,NULL
23.34285,37.997,"Sanctuary of Tyche at Megara","Megarid Bk1","Megara (Megarid)",['hieron'],['1.43.6'],"Megara (Megarid)",NULL,NULL,https://wikidata.org/wiki/Q124644658,NULL,NULL,NULL,NULL
22.5,37.001,"Lakonia Bk3",NULL,Peloponnesos,['chora'],"['1.11.2','1.13.4','1.13.5','1.13.6','1.13.7','1.18.4','1.28.4','1.38.4','10.13.10','10.2.2','10.38.10','10.9.5','10.9.9','2.18.8','2.22.6','2.3.5','2.9.2','3.1.1','3.1.3','3.1.5','3.11.1','3.12.9','3.14.9','3.16.9','3.18.3','3.20.10','3.20.11','3.20.3','3.21.3','3.21.6','3.22.6','3.23.11','3.23.6','3.24.1','3.24.6','3.3.3','3.4.1','3.7.10','3.7.11','3.7.7','3.8.1','3.9.10','4.1.1','4.10.7','4.16.8','4.17.1','4.18.1','4.18.2','4.20.5','4.23.5','4.27.1','4.28.2','4.28.5','4.30.2','4.4.6','4.4.7','4.5.9','4.7.2','5.17.1','5.9.1','7.1.5','7.1.6','7.1.7','7.10.3','7.11.8','7.12.7','7.13.3','7.13.7','7.18.5','7.20.8','7.25.3','7.6.2','7.6.3','7.8.4','7.9.1','8.11.5','8.12.6','8.12.8','8.35.3','8.5.13','8.5.7','8.50.2','8.50.5','8.51.1','8.53.11','9.13.5','9.14.1','9.14.6']",NULL,https://pleiades.stoa.org/places/570406,https://topostext.org/place/370225RLak,https://wikidata.org/wiki/Q11931074,NULL,"Laconia Lacedaemonia",NULL,NULL
23.5314735,37.947768,"Agora of Salamis","Attica Bk1","Salamis (settlement)",['agora'],['1.35.3'],"Salamis (settlement)",NULL,NULL,https://wikidata.org/wiki/Q124644582,NULL,NULL,NULL,NULL
35.485,36.756,Mallos,"Asia Minor (Asia)",Cilicia,['polis'],['1.34.3'],NULL,https://pleiades.stoa.org/places/648702,NULL,https://wikidata.org/wiki/Q1425353,NULL,NULL,NULL,NULL
23.6161,38.0128,"Temple of Aphrodite on Sacred Way","Attica Bk1","Sacred Way from Athens to Eleusis",['naos'],['1.37.7'],NULL,https://pleiades.stoa.org/places/579874,NULL,https://wikidata.org/wiki/Q21556409,NULL,NULL,NULL,NULL
23.717999999999996,37.981,"Tomb of Phormion, Athens","Athenai Bk1","Athenai Bk1",['taphos'],['1.29.3'],NULL,NULL,https://topostext.org/binder/JB2455,NULL,NULL,NULL,NULL,NULL
23.7329,37.9686,"Temple of Aphrodite in the Gardens, Athens","Athenai Bk1","Gardens, location, Athens",['naos'],"['1.19.2','1.27.3']","Gardens, location, Athens",NULL,https://topostext.org/binder/JB0228,NULL,NULL,NULL,NULL,NULL
23.7257,37.9717,"Shrine of Hygieia and Athena Hygieia at entry to Acropolis","Athenai Bk1","Athenian Acropolis (Athens)",['cult'],['1.23.4'],"Athenian Acropolis (Athens)",https://pleiades.stoa.org/places/130769474,NULL,https://wikidata.org/wiki/Q107307241,NULL,NULL,NULL,NULL
23.34285,37.997,"Dionysion in Megara","Megarid Bk1","Megara (Megarid)",['hieron'],['1.43.5'],"Megara (Megarid)",NULL,NULL,https://wikidata.org/wiki/Q124644655,https://resource.manto.unh.edu/10210588,NULL,NULL,NULL
23.354208,40.296525,Olynthos,"Macedonia (Europe)","Chalcidike region (Chalkidike)",['settlement'],"['1.29.7','3.5.9','6.17.5']",NULL,https://pleiades.stoa.org/places/491678,NULL,https://wikidata.org/wiki/Q1141669,NULL,NULL,NULL,NULL
23.34285,37.997,"Pandion hero shrine in Megara","Megarid Bk1","Megara (Megarid)",['heroon'],"['1.39.4','1.41.6']","Megara (Megarid)",NULL,NULL,https://wikidata.org/wiki/Q124644626,NULL,NULL,NULL,NULL
23.7257,37.9717,"Acropolis slope where Persians entered","Athenai Bk1","Athenian Acropolis (Athens)","['mythic site']",['1.18.2'],"Athenian Acropolis (Athens)",NULL,NULL,NULL,NULL,NULL,NULL,NULL
31.58297,39.33149,Pessinous/Iustinianoupolis,"Asia Minor (Asia)",Phrygia,['settlement'],"['1.4.5','7.17.10','7.17.11']",NULL,https://pleiades.stoa.org/places/609500,NULL,https://wikidata.org/wiki/Q728353,NULL,NULL,NULL,NULL
23.088,36.787,Zarax,"Lakonia Bk3","Lakonia Bk3",['polis'],"['1.38.4','3.21.7','3.24.1','3.24.2']",NULL,https://pleiades.stoa.org/places/570761,NULL,https://wikidata.org/wiki/Q11955563,NULL,NULL,NULL,NULL
23.2505528,38.1850025,"Kithairon (mountain)","Boiotia Bk9",Plataiis,['oros'],"['1.38.8','1.38.9','1.41.4','1.41.6','10.5.3','9.1.2','9.13.7','9.2.1','9.2.4','9.3.7','9.3.9']",NULL,https://pleiades.stoa.org/places/540714,NULL,https://wikidata.org/wiki/Q1147780,NULL,Cithaeron,NULL,NULL
23.848889,40.785833,Edones,"Thrace (Europe)","Thrace (Europe)",['chora'],"['1.29.4','10.33.2']",NULL,https://pleiades.stoa.org/places/501409,NULL,https://wikidata.org/wiki/Q3719711,NULL,NULL,NULL,NULL
23.34285,37.997,"straight street in Megara","Megarid Bk1","Megara (Megarid)",['hodos'],['1.44.2'],"Megara (Megarid)",NULL,NULL,NULL,NULL,NULL,NULL,NULL
23.34285,37.997,"mountains above Megara","Megarid Bk1","Megara (Megarid)",['oros'],['1.41.2'],"Megara (Megarid)",NULL,NULL,https://wikidata.org/wiki/Q124644621,NULL,NULL,NULL,NULL
27.535590000000003,37.83698,"Lethaios (river, Asia Minor)","Asia (continent)","Ionia (region)",['potamos'],"['1.35.6','10.32.6','5.21.10','6.17.3']",NULL,https://pleiades.stoa.org/places/599765,NULL,NULL,NULL,NULL,NULL,NULL
23.72372,37.97242,"Semnai Theai shrine at the Areius Pagus","Athenai Bk1","Areios Pagos",['hieron'],['1.28.6'],NULL,NULL,https://topostext.org/place/380237SSem,https://wikidata.org/wiki/Q116332640,NULL,"Sanctuary of the Eumenides in Athens",NULL,NULL
23.3484,37.5033,"Troizen (Troizenia)","Troizenia Bk2","Troizenia Bk2",['polis'],"['1.22.2','1.25.4','1.27.7','1.8.2','10.5.6','2.1.4','2.30.9','2.31.4','2.31.9','2.32.6','2.34.1','2.34.12','5.23.2','8.1.1']",NULL,https://pleiades.stoa.org/places/570756,https://topostext.org/place/375234PTro,https://wikidata.org/wiki/Q581494,NULL,Troezen,NULL,NULL
23.72641,37.97209,"Boutes altar, Athens","Athenai Bk1","Athenai Bk1",['bomos'],['1.26.5'],NULL,NULL,https://topostext.org/binder/JB0760,NULL,NULL,NULL,NULL,NULL
29.408,38.681,"Temenou Thyrae","Asia Minor (Asia)",Phrygia,['settlement'],['1.35.7'],NULL,https://pleiades.stoa.org/places/609549,NULL,https://wikidata.org/wiki/Q85805515,NULL,Temenothyra,NULL,NULL
23.7329,37.9686,"Enneakrounos fountain, Athens","Athenai Bk1","Athenai Bk1",['pege'],['1.14.1'],NULL,NULL,https://topostext.org/binder/JB1280,NULL,NULL,NULL,NULL,NULL
23.8068,38.0263,"Altars of Dionysus Anthius and the Ismenid Nymphas at Phyleus","Attica Bk1",Phlya,['bomos'],['1.31.4'],NULL,NULL,NULL,https://wikidata.org/wiki/Q124644570,NULL,NULL,NULL,NULL
23.1743,38.2647,"Leuktra (Boeotia)","Boiotia Bk9","Boiotia Bk9","['battlefield','settlement']","['1.13.4','1.13.5','1.29.11','1.3.4','10.11.5','3.6.1','6.3.3','7.6.8','8.27.8','8.6.2','8.8.10','9.1.8','9.13.3','9.13.4','9.13.5','9.14.1','9.14.3','9.16.5','9.6.4','9.6.5']",NULL,https://pleiades.stoa.org/places/540913,https://topostext.org/place/383231ULeu,https://wikidata.org/wiki/Q2606004,NULL,Leuctra,NULL,NULL
23.34285,37.997,"Megara (Megarid)","Megarid Bk1","Megarid Bk1",['polis'],"['1.35.2','1.36.3','1.39.1','1.39.4','1.39.5','1.39.6','1.40.1','1.41.2','1.41.5','1.41.6','1.41.7','1.43.3','1.43.5','1.44.2','1.44.4','1.44.6','1.5.3','1.5.4','10.11.6','2.34.7','4.36.1','5.23.5','5.26.7','6.7.2','7.15.10','9.2.3']",NULL,https://pleiades.stoa.org/places/570468,https://topostext.org/place/380233PMeg,https://wikidata.org/wiki/Q42307600,NULL,NULL,NULL,NULL
28.723217,37.709463,"Aphrodisias (Caria)","Asia Minor (Asia)","Caria region",['settlement'],['1.26.5'],NULL,https://pleiades.stoa.org/places/638753,NULL,https://wikidata.org/wiki/Q618495,NULL,NULL,NULL,NULL
27.43339,38.6125,"Magnesia ad Sipylum","Asia Minor (Asia)","Lydia (province)",['settlement'],['1.20.5'],NULL,https://pleiades.stoa.org/places/550706,NULL,https://wikidata.org/wiki/Q920866,NULL,NULL,NULL,NULL
51.50000000000001,30.5,"Persia (Asia)","Asia (continent)","Asia (continent)","['major region']","['1.25.5','10.19.11','3.20.4','3.7.8','4.31.5','8.52.5']",NULL,https://pleiades.stoa.org/places/922698,NULL,https://wikidata.org/wiki/Q3746183,NULL,"Persis, Pars",NULL,NULL
23.651130999999996,37.93452,Phreattys,"Attica Bk1",Peiraieus/Piraeus,['dikasterion'],['1.28.11'],NULL,https://pleiades.stoa.org/places/580078,NULL,https://wikidata.org/wiki/Q24040803,NULL,NULL,NULL,NULL
23.722354,37.9036115,"Sanctuary of Demeter Thesmophoros and Kore at Alimous","Attica Bk1",Halimous,['hieron'],['1.31.1'],Halimous,NULL,NULL,https://wikidata.org/wiki/Q134038278,NULL,NULL,NULL,NULL
23.7257,37.9717,"Ge Kourotrophos, sanctuary, Athens","Athenai Bk1","Athenai Bk1",['hieron'],['1.22.3'],NULL,NULL,https://topostext.org/binder/JB1406,https://wikidata.org/wiki/Q134038306,NULL,NULL,NULL,NULL
22.4,38.8,"Malis region (Phthiotis)","Hellas (Europe)",Phthiotis,['chora'],"['1.23.4','10.23.13','10.8.2']",NULL,https://pleiades.stoa.org/places/540930,https://topostext.org/place/388224RMal,https://wikidata.org/wiki/Q11934734,NULL,NULL,NULL,NULL
27.453939999999996,38.5668,"Niobe rock on Mt. Sipylus (seen by Paus 1.21.3","Asia Minor (Asia)",Sipylos,['petra'],"['1.21.3','8.2.7']",Sipylos,NULL,NULL,NULL,NULL,NULL,NULL,NULL
23.34285,37.997,"tomb of the Persian War dead in Megara","Megarid Bk1","Megara (Megarid)",['mnema'],['1.43.3'],"Megara (Megarid)",NULL,NULL,NULL,NULL,NULL,NULL,NULL
36.9424975,41.1939559,"Thermodon (river)","Pontus Euxinus","Pontus Euxinus",['potamos'],"['1.2.1','3.25.3','7.2.7']",NULL,https://pleiades.stoa.org/places/857352,NULL,https://wikidata.org/wiki/Q684421,NULL,NULL,NULL,NULL
22.737728,39.384163,Pherai,"Hellas (Europe)","Magnesia region (Magnesia)",['settlement'],"['1.13.2','2.10.7','2.23.5']",NULL,https://pleiades.stoa.org/places/541044,NULL,https://wikidata.org/wiki/Q1330631,NULL,NULL,NULL,NULL
23.34285,37.997,"marble temple of Apollo in Megara","Megarid Bk1","Megara (Megarid)",['naos'],['1.42.5'],"Megara (Megarid)",NULL,NULL,https://wikidata.org/wiki/Q124644638,NULL,NULL,NULL,NULL
23.37572,38.17934,"plain of Eleutherai","Attica Bk1",Eleutherai,['pedion'],['1.38.8'],Eleutherai,NULL,NULL,https://wikidata.org/wiki/Q124644604,NULL,NULL,NULL,NULL
23.840417999999996,40.818876,Amphipolis,"Thrace (Europe)","Thrace (Europe)",['settlement'],"['1.10.2','1.29.13']",NULL,https://pleiades.stoa.org/places/501347,NULL,https://wikidata.org/wiki/Q217414,NULL,NULL,NULL,NULL
26.23873,39.9577,Ilium,"Asia Minor (Asia)",Troas,['settlement'],"['1.1.2','1.11.1','1.12.1','1.12.5','1.15.2','1.23.4','1.28.9','1.35.1','1.35.4','1.37.3','1.4.6','1.43.1','10.1.3','10.12.2','10.17.6','10.25.8','10.27.4','10.30.8','10.31.7','10.33.2','10.36.10','10.38.5','2.16.6','2.17.3','2.18.5','2.20.6','2.22.2','2.23.1','2.23.5','2.24.2','2.24.3','2.25.5','2.30.10','2.32.2','2.4.2','3.12.6','3.22.2','3.24.11','3.26.10','3.4.7','3.9.3','5.13.4','5.13.5','5.17.10','5.18.3','5.22.4','5.3.4','5.4.7','6.25.3','7.19.6','7.19.9','7.24.2','7.3.7','7.6.3','8.1.3','8.10.10','8.10.9','8.12.6','8.12.9','8.15.6','8.15.7','8.23.4','8.24.10','8.28.4','8.33.2','8.44.4','8.45.2','8.46.2','8.5.2','8.5.3','8.53.7','8.6.1','9.18.5','9.37.7','9.39.3','9.4.3','9.41.2','9.5.14','9.5.15']",NULL,https://pleiades.stoa.org/places/550595,NULL,https://wikidata.org/wiki/Q22647,NULL,"Troy, Troia, Ilion",NULL,NULL
23.7168,37.9816,"grave of Athenians who aided the Romans in sea battle, Demosion Sema","Athenai Bk1","Demosion Sema war graves, Athens",['mnema'],['1.29.14'],"Demosion Sema war graves, Athens",NULL,NULL,NULL,NULL,NULL,NULL,NULL
17.276944,39.885,Lucania,"Italia (Europe)","Italia (Europe)",['chora'],"['1.11.3','1.11.7']",NULL,https://pleiades.stoa.org/places/442639,NULL,https://wikidata.org/wiki/Q1131978,NULL,NULL,NULL,NULL
27.5,37.5,"Caria region","Asia (continent)","Asia Minor (Asia)",['chora'],"['1.1.3','1.29.7','2.30.9','2.5.3','2.7.1','3.26.10','4.35.11','4.5.3','5.24.7','6.13.3','7.3.1','8.45.5']",NULL,https://pleiades.stoa.org/places/599564,NULL,https://wikidata.org/wiki/Q193214,NULL,Karia,NULL,NULL
23.771,37.803,"altars of Athena, Apollo, Artemis, and Leto at Zoster","Attica Bk1","Zoster promontory",['bomos'],['1.31.1'],"Zoster promontory",NULL,https://topostext.org/place/378238SApo,https://wikidata.org/wiki/Q124644560,NULL,NULL,NULL,NULL
23.34285,37.997,"Olympieion of Megara","Megarid Bk1","Megara (Megarid)",['temenos'],"['1.40.4','1.40.6','1.41.1']","Megara (Megarid)",NULL,NULL,https://wikidata.org/wiki/Q124644612,NULL,NULL,NULL,NULL
27.5,47.50000000000001,Alazones,"Pontus Euxinus","Scythia (Europe)",['chora'],['1.32.1'],"Scythia (Europe)",https://pleiades.stoa.org/places/226513,NULL,https://wikidata.org/wiki/Q123278836,NULL,NULL,NULL,NULL
22.3933,37.6181,"Mantineia (Arkadia)","Arcadia Bk8","Arcadia Bk8",['polis'],"['1.29.13','1.3.4','10.13.6','10.20.1','2.25.1','2.8.6','6.11.4','6.4.11','8.10.1','8.10.2','8.11.1','8.11.5','8.11.6','8.12.2','8.12.6','8.12.7','8.27.14','8.3.4','8.49.2','8.5.11','8.5.5','8.50.2','8.6.4','8.7.1','8.8.11','8.8.12','8.8.4','8.8.7','8.8.9','8.9.7','8.9.8','9.14.4','9.15.5']",NULL,https://pleiades.stoa.org/places/570459,https://topostext.org/place/376224UMan,https://wikidata.org/wiki/Q1160195,NULL,Mantinea,NULL,NULL
23.7168,37.9816,"Demosion Sema Aigina, Athens","Athenai Bk1","Demosion Sema war graves, Athens",['taphos'],['1.29.7'],NULL,NULL,https://topostext.org/binder/JB1039,NULL,NULL,NULL,NULL,NULL
23.9937505,37.926189,Brauron,"Attica Bk1","Sanctuary of Artemis Brauronia in Attica",['demos'],['1.23.7'],"Sanctuary of Artemis Brauronia in Attica",https://pleiades.stoa.org/places/579879,NULL,https://wikidata.org/wiki/Q475497,NULL,NULL,NULL,NULL
23.22,38.02,"Tripodiskoi (Megarid)","Megarid Bk1","Megarid Bk1",['kome'],['1.43.8'],NULL,https://pleiades.stoa.org/places/573571,https://topostext.org/place/380233UTri,https://wikidata.org/wiki/Q15961462,NULL,NULL,NULL,NULL
23.34285,37.997,"Tomb of Hippolyta in Megara","Megarid Bk1","Megara (Megarid)",['mnema'],['1.41.7'],"Megara (Megarid)",NULL,NULL,https://wikidata.org/wiki/Q124644627,https://resource.manto.unh.edu/10186999,NULL,NULL,NULL
23.707,37.992,"Tomb of Plato, Athens","Athenai Bk1","Athenai Bk1",['taphos'],['1.30.3'],NULL,NULL,https://topostext.org/binder/JB2465,NULL,NULL,NULL,NULL,NULL
23.7404,37.969,"Panathenaic Stadium rebuilt by Herodes, Athens","Athenai Bk1","Athenai Bk1",['stadion'],['1.19.6'],NULL,NULL,https://topostext.org/place/380237BPan,https://wikidata.org/wiki/Q208811,NULL,NULL,NULL,NULL
32.540631,31.042265,Pelusium,"Libya (Africa)","Egypt (region)",['settlement'],['1.6.6'],NULL,https://pleiades.stoa.org/places/727192,NULL,https://wikidata.org/wiki/Q1145715,NULL,NULL,NULL,NULL
23.970146000000003,38.1465515,"Pan Cave of Marathon","Attica Bk1","hill of Pan, Marathon",['spelaion'],['1.32.7'],"hill of Pan, Marathon",NULL,https://topostext.org/place/382239CPan,https://wikidata.org/wiki/Q38283203,NULL,NULL,NULL,NULL
33.7104,16.938,Meroe,"Libya (Africa)","Egypt (region)",['polis'],"['1.33.4','5.7.4']",NULL,https://pleiades.stoa.org/places/805630,NULL,https://wikidata.org/wiki/Q5780,NULL,NULL,NULL,NULL
20.59,38.2,"Kephallania (Kefallenia)","Hellas (Europe)","Ionian Sea (Greece/Italy)",['nesos'],"['1.37.6','4.23.5']",NULL,https://pleiades.stoa.org/places/530826,https://topostext.org/place/382206IKep,https://wikidata.org/wiki/Q178488,NULL,NULL,NULL,NULL
27.339721999999995,37.941944,Ephesos,"Asia Minor (Asia)","Ionia (region)",['polis'],"['1.9.7','10.9.9','3.17.4','4.31.8','5.12.4','7.2.7','7.2.8','7.3.4','7.3.5','7.5.10']",NULL,https://pleiades.stoa.org/places/599612,NULL,https://wikidata.org/wiki/Q47611,NULL,"Ephesus, Arsinoeia",NULL,NULL
23.729299999999995,37.9713,"Anakeion at Athens","Athenai Bk1","Athenai Bk1",['hieron'],"['1.18.1','1.18.2']",NULL,NULL,https://topostext.org/place/380237SAna,https://wikidata.org/wiki/Q484363,NULL,"Sanctuary of the Dioscuri, Athens",NULL,NULL
23.723000000000003,37.975,"Batrachioun, lawcourt, Athens","Athenai Bk1","Athenai Bk1","['dikasterion','oikema']",['1.28.8'],NULL,NULL,https://topostext.org/binder/JB0738,NULL,NULL,NULL,NULL,NULL
23.726443,37.972,"salt water cistern in the Erechtheion","Athenai Bk1","Erechtheion, Athens",['phrear'],"['1.26.5','8.10.4']","Erechtheion, Athens",NULL,NULL,NULL,NULL,"wave kyma",NULL,NULL
39.5,45.5,Sarmatia,"Pontus Euxinus","Scythia (Europe)",['chora'],['1.21.5'],NULL,https://pleiades.stoa.org/places/825371,NULL,https://wikidata.org/wiki/Q2528503,NULL,NULL,NULL,NULL
23.831887,37.848698,"memorial to Kranaos, Lamptrai","Attica Bk1",Lamptrai,['mnema'],['1.31.3'],Lamptrai,NULL,NULL,https://wikidata.org/wiki/Q124644568,https://resource.manto.unh.edu/10159378,NULL,NULL,NULL
48.24854,32.19202,"Susa/Seleucia ad Eulaeum","Asia (continent)","Asia (continent)",['settlement'],"['1.42.3','10.31.7','3.16.8','3.9.5','4.31.5','6.5.7']",NULL,https://pleiades.stoa.org/places/912936,NULL,https://wikidata.org/wiki/Q180773,NULL,NULL,NULL,NULL
23.34285,37.997,"sanctuary of Athena Nike in Megara","Megarid Bk1","acropolis of Alcathoos, Megara",['hieron'],['1.42.4'],"acropolis of Alcathoos, Megara",NULL,NULL,https://wikidata.org/wiki/Q124644636,NULL,NULL,NULL,NULL
23.723000000000003,37.975,"Agora of Athens","Athenai Bk1","Athenai Bk1",['agora'],['1.17.1'],NULL,NULL,https://topostext.org/place/380237XAgo,https://wikidata.org/wiki/Q395367,NULL,NULL,NULL,NULL
23.34285,37.997,"Old gymnasium at Megara, near Nymphades gates","Megarid Bk1","Megara (Megarid)",['gymnasion'],['1.44.2'],"Megara (Megarid)",NULL,NULL,https://wikidata.org/wiki/Q124644665,NULL,NULL,NULL,NULL
23.73352,37.96822,"Temple of Kronos and Rhea, Athens","Athenai Bk1","Athenai Bk1",['naos'],['1.18.7'],NULL,NULL,https://topostext.org/binder/JB3632,https://wikidata.org/wiki/Q65238154,NULL,NULL,NULL,NULL
27.12558,37.66144,"Mycale (mountain)","Asia Minor (Asia)","Ionia (region)",['oros'],"['1.25.1','3.7.9','5.7.5','7.4.1','8.52.3']",NULL,https://pleiades.stoa.org/places/599805,NULL,https://wikidata.org/wiki/Q1330828,NULL,NULL,NULL,NULL
23.882709800000004,38.0814366,"Pentelikon/Brilessos (mountain)","Attica Bk1","Attica Bk1",['oros'],"['1.19.6','1.32.1','1.32.2','5.6.6','9.11.6','9.25.3']",NULL,https://pleiades.stoa.org/places/580065,https://topostext.org/place/381239LPen,https://wikidata.org/wiki/Q1125206,NULL,NULL,NULL,NULL
23.7226,37.9724,"Athena Areia altar, Athens","Athenai Bk1","Athenai Bk1",['bomos'],['1.28.5'],NULL,NULL,https://topostext.org/binder/JB0600,NULL,NULL,NULL,NULL,NULL
23.588,37.942,"Psyttaleia (island)","Attica Bk1","Attica Bk1",['nesos'],"['1.36.2','4.36.6']",NULL,https://pleiades.stoa.org/places/580094,NULL,https://wikidata.org/wiki/Q2031588,NULL,NULL,NULL,NULL
23.707,37.992,"Herakles altar, Academy, Athens","Athenai Bk1","Academy of Plato, Athens",['bomos'],['1.30.2'],NULL,NULL,https://topostext.org/binder/JB1529,NULL,NULL,NULL,NULL,NULL
23.706200000000003,37.9373,"altars to the unknown gods in Phaleron","Attica Bk1",Phaleron,['bomos'],['1.1.4'],Phaleron,NULL,NULL,https://wikidata.org/wiki/Q124644551,NULL,NULL,NULL,NULL
23.7307,37.9709,"Prytaneion (Athens)","Athenai Bk1","Athenai Bk1",['prytaneion'],"['1.20.1','1.26.3','1.28.10']",NULL,NULL,https://topostext.org/place/380237BPry,https://wikidata.org/wiki/Q20616418,NULL,NULL,NULL,NULL
23.7261021,37.974038,"Roman Agora of Athens","Athenai Bk1","Athenai Bk1",['agora'],"['1.17.1','1.17.2']",NULL,https://pleiades.stoa.org/places/773761100,NULL,https://wikidata.org/wiki/Q1435551,NULL,NULL,NULL,NULL
24.0271,37.6529,"Temple of Athena at Sounion","Attica Bk1","Sounion cape (Attica)",['naos'],['1.1.1'],NULL,NULL,https://topostext.org/place/377240SAth,https://wikidata.org/wiki/Q24204542,NULL,"so-called Temple of Poseidon",NULL,NULL
23.699604,37.993384,Lakiadai,"Attica Bk1","Attica Bk1",['demos'],['1.37.2'],NULL,https://pleiades.stoa.org/places/580006,NULL,https://wikidata.org/wiki/Q13427353,NULL,NULL,NULL,NULL
23.717999999999996,37.981,"Tomb of Melesandros, Athens","Athenai Bk1","Athenai Bk1",['taphos'],['1.29.7'],NULL,NULL,https://topostext.org/binder/JB2085,NULL,NULL,NULL,NULL,NULL
23.7215,37.9674,"Mouseion Hill, fortification, Athens","Athenai Bk1","Mouseion Hill (Athens)",['teichos'],"['1.25.8','1.26.1','1.26.2','1.29.13']",NULL,NULL,https://topostext.org/binder/JB2158,NULL,NULL,NULL,NULL,NULL
23.707,37.992,"entrance to the Academy","Athenai Bk1","Academy of Plato, Athens",['esodos'],['1.30.1'],"Academy of Plato, Athens",NULL,NULL,NULL,NULL,NULL,NULL,NULL
24.931,37.444,Syros,"Aegean Sea (Hellas)","Cyclades region (Aegean)",['nesos'],['1.20.7'],NULL,https://pleiades.stoa.org/places/590067,NULL,NULL,NULL,NULL,NULL,NULL
35.485,36.756,"Oracle of Amphilochos at Mallos","Asia Minor (Asia)",Mallos,['manteion'],['1.34.3'],Mallos,NULL,NULL,https://wikidata.org/wiki/Q124644580,NULL,NULL,NULL,NULL
23.717999999999996,37.981,"Konon (II), tomb, Athens","Athenai Bk1","Athenai Bk1",['taphos'],['1.29.15'],NULL,NULL,https://topostext.org/binder/JB1939,NULL,NULL,NULL,NULL,NULL
23.7175,38.1741,"Zeus Ombrios altar on Parnes (Attica)","Attica Bk1","Parnes or Parnitha mountain",['bomos'],['1.32.2'],NULL,NULL,https://topostext.org/place/382237SZeu,NULL,NULL,NULL,NULL,NULL
23.881220999999996,38.076666,"Pentelikon quarry","Attica Bk1","Pentelikon/Brilessos (mountain)",['lithotomia'],"['1.19.6','1.32.1']",NULL,https://pleiades.stoa.org/places/963101136,https://topostext.org/place/381239QPeA,NULL,NULL,NULL,NULL,NULL
23.8068,38.0263,"Altar of the Semnai in temple at Phlya","Attica Bk1","temple of Demeter et al in Phlya, Attica",['bomos'],['1.31.4'],"temple of Demeter et al in Phlya, Attica",NULL,NULL,https://wikidata.org/wiki/Q124644572,NULL,"Altar of the Eumenides at Phlya",NULL,NULL
23.721800000000005,37.975183,"Bouleuterion (Athens Agora)","Athenai Bk1","Agora of Athens",['bouleuterion'],"['1.3.5','1.5.1','10.19.5']",NULL,NULL,https://topostext.org/place/380237BBol,https://wikidata.org/wiki/Q38278350,NULL,NULL,NULL,NULL
23.73147,38.08194,"Cult of Heracles at Acharnai","Attica Bk1",Acharnae,['cult'],['1.31.6'],Acharnae,NULL,NULL,NULL,NULL,NULL,NULL,NULL
23.34285,37.997,"temple of Aphrodite in Megara","Megarid Bk1","Megara (Megarid)",['naos'],['1.43.6'],"Megara (Megarid)",NULL,NULL,https://wikidata.org/wiki/Q124644657,NULL,NULL,NULL,NULL
22.41474,39.64147,Larissa,"Hellas (Europe)",Thessalia,['settlement'],"['1.13.2','2.16.2','2.24.1','9.30.9']",NULL,https://pleiades.stoa.org/places/540905,NULL,https://wikidata.org/wiki/Q178405,NULL,NULL,NULL,NULL
25.520010000000003,37.127,"Naxos (island)","Aegean Sea (Hellas)","Cyclades region (Aegean)",['nesos'],"['1.27.5','7.3.3','9.22.6']",NULL,https://pleiades.stoa.org/places/599822,NULL,https://wikidata.org/wiki/Q96575378,NULL,NULL,https://imperium.ahlfeldt.se/places/41367,NULL
23.22,38.02,"temple of Apollo at Tripodiskos","Megarid Bk1","Tripodiskoi (Megarid)",['naos'],['1.43.8'],"Tripodiskoi (Megarid)",NULL,NULL,https://wikidata.org/wiki/Q124645118,NULL,NULL,NULL,NULL
23.715,37.995,"Tower of Timon the misanthrope near the Academy","Athenai Bk1","Academy of Plato, Athens",['pyrgos'],['1.30.4'],NULL,NULL,https://topostext.org/binder/JB2877,NULL,NULL,NULL,NULL,NULL
23.723000000000003,37.975,"Trigonon, lawcourt, Athens","Athenai Bk1","Athenai Bk1","['dikasterion','oikema']",['1.28.8'],NULL,NULL,https://topostext.org/binder/JB2899,NULL,NULL,NULL,NULL,NULL
44.55336,33.09823,"Seleucia/Sliq Kharawta","Asia (continent)","Asia (continent)",['settlement'],['1.16.3'],NULL,https://pleiades.stoa.org/places/894084,NULL,https://wikidata.org/wiki/Q1136681,NULL,NULL,NULL,NULL
23.9661,37.8778,Myrrinous,"Attica Bk1","Attica Bk1",['demos'],"['1.31.4','1.31.5']",NULL,https://pleiades.stoa.org/places/580030,NULL,https://wikidata.org/wiki/Q1431270,NULL,Myrrhinous,NULL,NULL
23.72641,37.97209,"Zeus Hypatos altar, Athens","Athenai Bk1","Athenai Bk1",['bomos'],"['1.26.5','8.2.3']",NULL,NULL,https://topostext.org/binder/JB3005,NULL,NULL,NULL,NULL,NULL
23.7168,37.9816,"Demosion Sema, capturing Mouseion fort, Athens","Athenai Bk1","Demosion Sema war graves, Athens",['taphos'],['1.29.13'],NULL,NULL,https://topostext.org/binder/JB1042,NULL,NULL,NULL,NULL,NULL
26.964722,38.077883,Lebedos,"Asia Minor (Asia)","Ionia (region)",['polis'],"['1.9.7','7.3.5','7.5.11']",NULL,https://pleiades.stoa.org/places/599754,NULL,https://wikidata.org/wiki/Q302905,NULL,NULL,NULL,NULL
23.25,38.35,Plataiis,"Boiotia Bk9","Boiotia Bk9",['chora'],['1.38.8'],"Boiotia Bk9",NULL,NULL,NULL,NULL,"territory of Plataia",NULL,NULL
21.9195,37.1779,"Messene (Messenia)","Messenia Bk4","Messenia Bk4",['polis'],"['1.25.4','2.20.5','3.1.5','3.3.2','4.1.3','4.1.4','4.12.5','4.12.6','4.16.1','4.16.8','4.20.1','4.20.4','4.21.10','4.21.2','4.22.7','4.23.5','4.23.6','4.26.3','4.26.7','4.27.4','4.27.5','4.27.7','4.28.1','4.29.1','4.29.10','4.29.11','4.29.12','4.29.2','4.29.4','4.29.8','4.3.8','4.31.11','4.31.4','4.31.5','4.32.2','4.34.1','4.4.3','4.6.3','4.6.5','4.9.6','6.2.11','6.3.13','6.4.3','8.34.1','8.35.1','8.49.4','8.5.10','8.5.7','8.50.5','8.51.6','8.51.8','8.52.4','9.14.5','9.15.6']",NULL,https://pleiades.stoa.org/places/570479,https://topostext.org/place/372219PMes,https://wikidata.org/wiki/Q1022117,NULL,NULL,NULL,NULL
34.7425505,43.0786852,"Pontus Euxinus","Asia (continent)","Asia (continent)",['chora'],"['1.20.4','10.34.4','3.19.11','5.26.7','8.27.6']",NULL,https://pleiades.stoa.org/places/1224,NULL,https://wikidata.org/wiki/Q621672,NULL,NULL,NULL,NULL
27.256115000000005,37.384829,"Didyma Apollo sanctuary","Asia Minor (Asia)","Ionia (region)","['hieron','settlement']","['1.16.3','2.10.5','5.13.11','5.7.5','7.2.6','7.5.4','8.46.3','9.10.2']",NULL,https://pleiades.stoa.org/places/599593,NULL,https://wikidata.org/wiki/Q671358,NULL,Branchidai,NULL,NULL
23.970146000000003,38.1465515,"tent of Artaphrenes, Marathon","Attica Bk1","Marathon deme",['oikia'],['1.32.7'],"Marathon deme",NULL,NULL,NULL,NULL,NULL,NULL,NULL
27.52785,37.8507,"Tomb of Protophanes in Magnesia on the Lethaeus","Asia Minor (Asia)","Magnesia ad Maeandrum/Leukophrys",['mnema'],['1.35.6'],"Magnesia ad Maeandrum/Leukophrys",NULL,NULL,https://wikidata.org/wiki/Q124644586,NULL,NULL,NULL,NULL
22.50151,38.48254,"Sanctuary of Pythian Apollo at Delphi","Phokis Bk10","Delphi (polis)",['hieron'],"['1.11.1','1.20.7','1.22.8','1.26.3','1.3.4','1.37.6','1.4.4','1.41.1','1.43.3','1.43.7','1.43.8','1.9.3','10.1.1','10.1.10','10.1.4','10.10.2','10.11.1','10.11.2','10.12.5','10.13.1','10.13.10','10.13.6','10.13.8','10.14.5','10.15.5','10.15.6','10.16.5','10.16.7','10.16.8','10.17.2','10.18.1','10.18.2','10.18.5','10.18.7','10.19.3','10.19.5','10.2.2','10.2.3','10.22.12','10.23.1','10.23.11','10.23.2','10.23.3','10.24.1','10.24.5','10.3.3','10.3.4','10.32.1','10.33.3','10.34.1','10.34.2','10.35.8','10.36.3','10.36.6','10.5.5','10.5.7','10.6.5','10.6.6','10.7.1','10.7.3','10.8.1','10.8.2','10.8.3','10.8.6','10.9.1','10.9.12','10.9.2','10.9.4','10.9.6','2.22.8','2.24.1','2.26.7','2.29.7','2.33.2','3.1.6','3.10.3','3.10.4','3.11.8','3.13.8','3.17.1','3.17.9','3.19.12','3.3.6','3.4.3','3.4.4','3.8.10','3.8.2','3.8.9','4.12.1','4.12.7','4.12.8','4.15.6','4.16.6','4.17.4','4.20.1','4.24.1','4.32.3','4.32.5','4.34.9','4.5.4','4.9.3','5.13.5','5.18.8','5.21.5','5.21.7','5.27.1','5.27.10','5.27.9','5.3.1','5.4.3','5.4.6','5.7.3','6.1.8','6.11.5','6.11.7','6.12.8','6.13.8','6.14.5','6.15.1','6.15.3','6.15.6','6.16.4','6.17.2','6.19.1','6.2.2','6.3.11','6.3.4','6.3.8','6.4.11','6.4.2','6.4.5','6.4.6','6.7.10','6.8.1','6.8.6','6.9.7','7.17.13','7.17.6','7.19.4','7.19.6','7.19.7','7.2.1','7.24.4','7.3.1','8.10.9','8.11.10','8.15.1','8.23.1','8.24.10','8.24.14','8.24.8','8.27.9','8.36.8','8.37.1','8.39.4','8.48.2','8.5.4','8.53.3','8.7.6','8.9.3','9.12.1','9.14.2','9.25.1','9.26.3','9.33.1','9.33.4','9.36.2','9.37.4','9.37.5','9.38.5','9.40.1','9.41.2','9.5.10','9.7.5']",NULL,https://pleiades.stoa.org/places/540726,https://topostext.org/place/385225SDel,https://wikidata.org/wiki/Q125925203,NULL,Pytho,NULL,NULL
23.8552995,37.958506,"Paiania Hypenerthen","Attica Bk1","Attica Bk1",['demos'],['1.23.10'],NULL,https://pleiades.stoa.org/places/580046,NULL,https://wikidata.org/wiki/Q18015501,NULL,NULL,NULL,NULL
22.562341,36.763663,Gythion,"Lakonia Bk3","Lakonia Bk3","['limen','polis']","['1.27.5','2.21.8','3.21.4','3.21.5','3.21.6','3.21.7','3.22.1','3.22.3','3.24.6','8.50.8']",NULL,https://pleiades.stoa.org/places/570268,NULL,https://wikidata.org/wiki/Q56398303,NULL,"Gytheion Gythium",NULL,NULL
31.2313,30.091800000000003,"Nilus (river)","Libya (Africa)","Egypt (region)",['potamos'],"['1.33.4','1.33.6','1.42.3','1.6.6','1.7.2','10.32.18','2.5.3','4.34.2','4.34.3','5.14.3','5.21.9','5.7.4','6.26.9','8.24.12','8.9.7','9.40.6']",NULL,https://pleiades.stoa.org/places/727172,NULL,https://wikidata.org/wiki/Q3392,NULL,NULL,NULL,NULL
23.728879,37.98286,Skambonidai,"Attica Bk1","Attica Bk1",['demos'],['1.38.2'],NULL,https://pleiades.stoa.org/places/582865,NULL,https://wikidata.org/wiki/Q13464949,NULL,NULL,NULL,NULL
23.7169,37.9815,"Tomb of Thrasyboulos in Athens","Athenai Bk1","Athenai Bk1",['taphos'],['1.29.3'],NULL,NULL,https://topostext.org/binder/JB2854,NULL,NULL,NULL,NULL,NULL
23.718611,37.978333,"Poulytion's House, Athens","Athenai Bk1","first stoa between the gates and Kerameikos, Athens",['oikema'],['1.2.5'],"first stoa between the gates and Kerameikos, Athens",NULL,https://topostext.org/binder/JB2548,NULL,NULL,NULL,NULL,NULL
23.7186181,38.1752735,"Parnes or Parnitha mountain","Attica Bk1","Attica Bk1",['oros'],"['1.32.1','1.32.2']",NULL,https://pleiades.stoa.org/places/580059,NULL,https://wikidata.org/wiki/Q781855,NULL,NULL,NULL,NULL
23.72832,37.97342,"Gymnasium of Ptolemy (Athens)","Athenai Bk1","Athenai Bk1",['gymnasion'],['1.17.2'],NULL,NULL,https://topostext.org/place/380237BGyP,https://wikidata.org/wiki/Q24204093,NULL,NULL,NULL,NULL
24.9195,35.0752,"Labyrinth of Knossos (Crete)",Crete,Crete,['labyrinth'],"['1.27.10','2.31.1']",NULL,NULL,https://topostext.org/place/351249CLab,https://wikidata.org/wiki/Q1091243,NULL,NULL,NULL,NULL
23.7257,37.9717,"Athenian Acropolis (Athens)","Athenai Bk1","Athenai Bk1","['acropolis','hieron','teichos']","['1.18.2','1.21.3','1.21.4','1.22.1','1.22.4','1.22.8','1.23.7','1.24.1','1.24.3','1.25.1','1.25.7','1.25.8','1.26.3','1.26.6','1.27.10','1.27.3','1.27.8','1.28.3','1.30.1','1.5.4','4.36.6','5.11.10','5.21.1','6.8.6','7.25.3','7.27.2','8.10.4','8.23.5','9.35.3','9.35.7','9.4.1']",NULL,https://pleiades.stoa.org/places/638356144,https://topostext.org/place/380237SAkr,https://wikidata.org/wiki/Q131013,NULL,"Acropolis of Athens",NULL,NULL
23.22874,38.14719,Aigosthena,"Megarid Bk1","Megarid Bk1",['polis'],"['1.44.4','1.44.5']",NULL,https://pleiades.stoa.org/places/570051,NULL,https://wikidata.org/wiki/Q2827860,NULL,NULL,NULL,NULL
23.723000000000003,37.975,"Horme altar, Athens","Athenai Bk1","Athenai Bk1",['bomos'],['1.17.1'],NULL,NULL,https://topostext.org/binder/JB1766,NULL,NULL,NULL,NULL,NULL
23.283,37.9782,"Skironian rocks on Megara-Isthmus road","Megarid Bk1","road Megara to Corinth, Skironis",['petra'],"['1.44.7','1.44.8','1.44.9']",NULL,NULL,https://topostext.org/place/380232LSki,https://wikidata.org/wiki/Q60791648,NULL,Moulouris,NULL,NULL
23.5314735,37.947768,"sanctuary of Artemis, Salamis","Attica Bk1","Salamis (settlement)",['hieron'],['1.36.1'],"Salamis (settlement)",NULL,NULL,https://wikidata.org/wiki/Q124644588,NULL,NULL,NULL,NULL
23.7329,37.9686,"Apollo Delphinios sanctuary, Athens","Athenai Bk1","Athenai Bk1",['hieron'],['1.19.1'],NULL,NULL,https://topostext.org/binder/JB0287,https://wikidata.org/wiki/Q97206898,NULL,NULL,NULL,NULL
23.716,37.9758,"Zeus Meilichios altar on Sacred Way","Attica Bk1","Sacred Way from Athens to Eleusis",['bomos'],['1.37.4'],NULL,NULL,https://topostext.org/binder/JB3027,NULL,NULL,NULL,NULL,NULL
23.73147,38.08194,"Cult of Dionysus Kissos in Acharnai","Attica Bk1",Acharnae,['hieron'],['1.31.6'],Acharnae,NULL,NULL,NULL,NULL,NULL,NULL,NULL
23.726464,37.971687,"Temple of Hera and Zeus Panhellenios, Athens","Athenai Bk1","Athenai Bk1",['naos'],['1.18.9'],"Athenai Bk1",NULL,https://topostext.org/binder/JB2339,NULL,NULL,NULL,NULL,NULL
23.34285,37.997,"tomb of Coroebus in Megara agora","Megarid Bk1","Agora of Megara",['mnema'],"['1.43.7','1.44.1']","Agora of Megara",NULL,NULL,https://wikidata.org/wiki/Q124644660,https://resource.manto.unh.edu/10210604,"tomb of Koroibos in Megara",NULL,NULL
23.1453,38.3622,"Onchestos (Boeotia)","Boiotia Bk9","Boiotia Bk9",['polis'],"['1.39.5','1.42.1','9.26.5']",NULL,https://pleiades.stoa.org/places/540984,https://topostext.org/place/384232UOnc,https://wikidata.org/wiki/Q3063303,NULL,NULL,NULL,NULL
24.0002,38.144,"Marathon battlefield (Attica)","Attica Bk1","Marathon deme",['battlefield'],"['1.14.5','1.29.4','1.32.3','1.32.4','1.32.6','1.32.7','1.33.2','10.10.1','10.11.5','10.19.4','10.20.2','3.4.7','8.10.9']",NULL,NULL,https://topostext.org/place/381241LMaB,https://wikidata.org/wiki/Q31900,NULL,NULL,NULL,NULL
35.25,33.25,Phoenice,"Asia (continent)","Asia (continent)",['chora'],"['1.6.4','5.12.4','5.25.12','7.5.5','9.28.2']",NULL,https://pleiades.stoa.org/places/991410,NULL,https://wikidata.org/wiki/Q41642,NULL,Phoenicia,NULL,NULL
23.34285,37.997,"Apollo's stone in Megara","Megarid Bk1","Megara (Megarid)",['petra'],['1.42.2'],"Megara (Megarid)",NULL,NULL,https://wikidata.org/wiki/Q124644632,NULL,NULL,NULL,NULL
34,50,"Hyperborea (Asia)",NULL,"Scythia (Europe)","['major region','mythical place']","['1.18.5','1.31.2','1.4.4','10.5.7','10.5.9','3.13.2','5.7.7','5.7.8']",NULL,NULL,NULL,https://wikidata.org/wiki/Q243333,NULL,"land of the Hyperboreans",NULL,NULL
23.725000000000005,37.975,"Skiron brook near Sacred Way","Attica Bk1","Attica Bk1",['potamos'],['1.36.4'],NULL,NULL,https://topostext.org/binder/JB2670,NULL,NULL,NULL,NULL,NULL
23.726443,37.972,"Temple of Athena Polias on the Acropolis","Athenai Bk1","Erechtheion, Athens",['naos'],['1.27.1'],"Erechtheion, Athens",NULL,NULL,NULL,NULL,NULL,NULL,NULL
23.7329,37.9686,"Tomb of Deukalion, Athens","Athenai Bk1","Athenai Bk1",['taphos'],['1.18.8'],NULL,NULL,https://topostext.org/binder/JB1097,NULL,https://resource.manto.unh.edu/10151495,NULL,NULL,NULL
28.224399999999996,36.4408,"Rhodes island","Aegean Sea (Hellas)","Aegean Sea (Hellas)",['nesos'],"['1.6.6','1.6.7','2.33.4','2.7.1','3.19.10','3.19.9','4.24.2','4.24.3','4.31.5','4.32.3']",NULL,https://pleiades.stoa.org/places/590031,https://topostext.org/place/364282IRho,https://wikidata.org/wiki/Q43048,NULL,"Rhodos Rodos (island)",NULL,NULL
23.34285,37.997,"Tomb of Alkmene at Megara","Megarid Bk1","Megara (Megarid)",['mnema'],['1.41.1'],"Megara (Megarid)",NULL,NULL,https://wikidata.org/wiki/Q124644620,https://resource.manto.unh.edu/10186744,NULL,NULL,NULL
23.733078,37.969372,"Temple of Olympian Zeus (Athens)","Athenai Bk1","Sanctuary of Olympian Zeus at Athens",['naos'],"['1.18.6','1.18.7','1.18.8','1.19.1']",NULL,https://pleiades.stoa.org/places/580042,https://topostext.org/place/380237SOly,https://wikidata.org/wiki/Q1123019,NULL,NULL,NULL,NULL
23.723000000000003,37.975,"Eleos altar, Athens","Athenai Bk1","Athenai Bk1",['bomos'],['1.17.1'],NULL,NULL,https://topostext.org/binder/JB1262,https://wikidata.org/wiki/Q135646823,NULL,"Altar of Pity, Altar of Eleos, Altar of Mercy",NULL,NULL
23.56,38.06,"threshing floor of Triptolemus near Eleusis","Attica Bk1","Rharion plain","['mythic site']",['1.38.6'],NULL,NULL,NULL,https://wikidata.org/wiki/Q124644602,NULL,NULL,NULL,NULL
23.7168,37.9816,"grave of Thessalian horsemen","Athenai Bk1","Demosion Sema war graves, Athens",['mnema'],['1.29.6'],"Demosion Sema war graves, Athens",NULL,NULL,NULL,NULL,NULL,NULL,NULL
23.34285,37.997,"temple of Dionysus Nyktelios at Megara","Megarid Bk1","Megara (Megarid)",['naos'],['1.40.6'],"Megara (Megarid)",NULL,NULL,https://wikidata.org/wiki/Q124644615,NULL,NULL,NULL,NULL
23.718611,37.978333,"building with clay statues in Athens near Cerameicus","Athenai Bk1",Kerameikos,['oikema'],['1.2.5'],Kerameikos,NULL,NULL,NULL,NULL,NULL,NULL,NULL
19.92178,39.60733,"Corcyra (settlement)","Hellas (Europe)","Ionian Sea (Greece/Italy)",['polis'],"['1.11.6','10.9.3','2.3.9','2.5.2','5.22.4','6.25.1','6.9.9']",NULL,https://pleiades.stoa.org/places/530834,NULL,https://wikidata.org/wiki/Q3693378,NULL,Kerkyra,NULL,NULL
23.788,38.0466,"sanctuary of Aphrodite Ourania at Athmoneis","Attica Bk1",Athmonon,['hieron'],['1.14.7'],Athmonon,NULL,NULL,https://wikidata.org/wiki/Q124644558,NULL,NULL,NULL,NULL
23.721934,37.974874,"Tholos (Athens Agora)","Athenai Bk1","Agora of Athens",['oikema'],['1.5.1'],NULL,NULL,https://topostext.org/place/380237BTho,https://wikidata.org/wiki/Q9087412,NULL,NULL,NULL,NULL
23.7257,37.9717,"Temple of Pandrosos, Athenian Acropolis","Athenai Bk1","Athenian Acropolis (Athens)",['naos'],['1.27.2'],"Athenian Acropolis (Athens)",NULL,NULL,NULL,NULL,Pandroseion,NULL,NULL
23.3622,37.9696,"Minoa (island)","Megarid Bk1","Megarid Bk1",['nesos'],['1.44.3'],NULL,https://pleiades.stoa.org/places/570486,NULL,https://wikidata.org/wiki/Q56397302,NULL,NULL,NULL,NULL
23.9964,37.8118,"Cult of the Dioscuri in Kephale of Attiki","Attica Bk1",Kephale,['cult'],['1.31.1'],Kephale,NULL,NULL,https://wikidata.org/wiki/Q124644565,NULL,NULL,NULL,NULL
23.34285,37.997,"Tomb of Kallipolis in Megara","Megarid Bk1","Megara (Megarid)",['mnema'],['1.42.6'],"Megara (Megarid)",NULL,NULL,https://wikidata.org/wiki/Q124644640,https://resource.manto.unh.edu/10188744,NULL,NULL,NULL
23.7329,37.9686,"Gardens, location, Athens","Athenai Bk1","Athenai Bk1",['chorion'],['1.19.2'],NULL,NULL,https://topostext.org/binder/JB1401,https://wikidata.org/wiki/Q134074586,NULL,Kepoi,NULL,NULL
33.25,36.25,Cilicia,"Asia (continent)","Asia Minor (Asia)",['chora'],['1.34.3'],NULL,https://pleiades.stoa.org/places/658440,NULL,https://wikidata.org/wiki/Q620864,NULL,NULL,NULL,NULL
23.72775,37.96985,"Dionysos Eleuthereus temples, Athens","Athenai Bk1","Dionysos Eleuthereus sanctuary, Athens",['naos'],"['1.20.2','1.20.3']",NULL,NULL,https://topostext.org/place/380237SDT1,NULL,NULL,NULL,NULL,NULL
23.3484,37.5033,"Antheia of Troizenia","Troizenia Bk2","Troizen (Troizenia)",['polis'],"['1.22.2','1.25.4','1.27.7','1.8.2','10.5.6','2.1.4','2.30.5','2.30.6','2.30.8','2.30.9','2.31.4','2.31.9','2.32.2','2.32.6','2.32.8','2.33.1','2.34.1','2.34.12','2.34.4','2.34.6','5.23.2','8.1.1']","Troizen (Troizenia)",https://pleiades.stoa.org/places/570756,NULL,https://wikidata.org/wiki/Q60790607,NULL,NULL,NULL,NULL
28.249999999999996,38.75,Mysia,"Asia (continent)","Asia Minor (Asia)",['chora'],"['1.36.6','10.28.8','9.18.4','9.5.14']",NULL,https://pleiades.stoa.org/places/550759,NULL,https://wikidata.org/wiki/Q622319,NULL,"Mysia hyper Kaikos",NULL,NULL
26.258,40,"Tomb of Ajax at the Aianteion in Troad","Asia Minor (Asia)",Troas,['mnema'],['1.35.5'],NULL,https://pleiades.stoa.org/places/550415,NULL,https://wikidata.org/wiki/Q124644585,https://resource.manto.unh.edu/10160095,NULL,NULL,NULL
36.7,36,"Syria (Asia)","Asia (continent)","Asia (continent)","['major region']","['1.20.7','1.25.8','1.42.3','1.5.5','1.6.4','1.6.8','6.2.7','8.23.5','8.29.3','8.29.4','8.43.4','8.51.4']",NULL,https://pleiades.stoa.org/places/1306,NULL,https://wikidata.org/wiki/Q13415123,NULL,NULL,NULL,NULL
23.48041,37.52255,"Kalaureia (island)","Troizenia Bk2","Troizenia Bk2",['nesos'],"['1.8.2','1.8.3','10.5.6','2.33.2','2.33.5']",NULL,https://pleiades.stoa.org/places/570325,NULL,https://wikidata.org/wiki/Q1443132,NULL,NULL,NULL,NULL
23.1884,38.0834,"Pagai (Megarid)","Megarid Bk1","Megarid Bk1",['demos'],"['1.41.8','1.44.4','9.19.2']",NULL,https://pleiades.stoa.org/places/570543,NULL,https://wikidata.org/wiki/Q935675,NULL,Pegai,NULL,NULL
30.714940000000002,39.198474,"Agdistis mountain","Asia Minor (Asia)",Phrygia,['oros'],['1.4.5'],NULL,https://pleiades.stoa.org/places/609290,NULL,https://wikidata.org/wiki/Q1566744,NULL,NULL,NULL,NULL
23.707,37.992,"Academy of Plato, Athens","Athenai Bk1","Athenai Bk1",['hieron'],"['1.29.2','1.29.3','1.29.4','1.30.1','1.30.2']",NULL,NULL,https://topostext.org/place/380237SAca,https://wikidata.org/wiki/Q193093,NULL,NULL,https://imperium.ahlfeldt.se/places/25110,NULL
23.717999999999996,37.981,"Tomb of Zeno of Kition, Athens","Athenai Bk1","Athenai Bk1",['taphos'],['1.29.15'],NULL,NULL,https://topostext.org/binder/JB2967,NULL,NULL,NULL,NULL,NULL
23.538311,38.041096,"Telesterion at Eleusis","Attica Bk1","sanctuary of the Eleusinian Mysteries at Eleusis","['hieron','naos']","['1.14.2','1.2.5','1.26.3','1.35.2','1.36.3','1.37.4','1.38.1','1.38.5','1.38.7','1.38.8','1.39.1','1.39.2','1.39.4','2.14.1','2.14.2','2.30.4','4.1.5','4.14.1','4.15.7']",NULL,https://pleiades.stoa.org/places/579920,NULL,https://wikidata.org/wiki/Q11918833,NULL,"Temple of Demeter and Kore at Eleusis",NULL,NULL
29.408,38.681,"Hyllos river near Temenothyra","Asia Minor (Asia)","Temenou Thyrae",['potamos'],['1.35.8'],"Temenou Thyrae",https://pleiades.stoa.org/places/550583,NULL,https://wikidata.org/wiki/Q382912,NULL,NULL,NULL,NULL
27.2774885,37.5292362,Miletus,"Asia Minor (Asia)","Ionia (region)",['polis'],"['1.35.6','10.33.2','2.5.3','5.1.5','7.2.11','7.2.4','7.2.5','7.24.5','7.5.10','7.5.4','8.24.11']",NULL,https://pleiades.stoa.org/places/599799,NULL,https://wikidata.org/wiki/Q169460,NULL,NULL,NULL,NULL
23.7226,37.9724,"Hybris stone, Athens","Athenai Bk1","Areios Pagos",['petra'],['1.28.5'],NULL,NULL,https://topostext.org/binder/JB1772,NULL,NULL,NULL,NULL,NULL
23.912351,37.848447,Prospalta,"Attica Bk1","Attica Bk1",['demos'],['1.31.1'],NULL,https://pleiades.stoa.org/places/580092,NULL,https://wikidata.org/wiki/Q3407713,NULL,NULL,NULL,NULL
23.726800000000004,37.9708,"Cave of Asklepios, Athens","Athenai Bk1","Sanctuary of Asklepios at Athens",['spelaion'],['1.21.3'],NULL,NULL,https://topostext.org/binder/JB0477,NULL,NULL,NULL,NULL,NULL
23.7257,37.9717,"House of the Arrhephoroi on the Acropolis","Athenai Bk1","Athenian Acropolis (Athens)",['oikia'],['1.27.3'],"Athenian Acropolis (Athens)",https://pleiades.stoa.org/places/425217700,NULL,https://wikidata.org/wiki/Q699480,NULL,NULL,NULL,NULL
23.1884,38.0834,"hero shrine of Aigialeos, Pagai","Megarid Bk1","Pagai (Megarid)","['heroon','mnema']","['1.44.4','9.19.2']","Pagai (Megarid)",NULL,NULL,https://wikidata.org/wiki/Q124644670,NULL,"tomb of Aegialeus, Pegai",NULL,NULL
23.8068,38.0263,"Altar of Artemis Selasphorus at Phlya","Attica Bk1",Phlya,['bomos'],['1.31.4'],Phlya,NULL,NULL,NULL,NULL,NULL,NULL,NULL
27.750000000000004,40.25,"Phrygia (Hellespontine)","Asia (continent)","Asia Minor (Asia)",['chora'],['1.29.10'],NULL,https://pleiades.stoa.org/places/511362,NULL,https://wikidata.org/wiki/Q131688182,NULL,NULL,NULL,NULL
23.34285,37.997,"Nymphades gates in Megara","Megarid Bk1","Megara (Megarid)",['pylai'],['1.44.2'],"Megara (Megarid)",NULL,NULL,https://wikidata.org/wiki/Q124644666,NULL,NULL,NULL,NULL
22.6338,38.8679,"Maliac Gulf (Phthiotis)","Hellas (Europe)",Phthiotis,['kolpos'],"['1.4.3','10.1.2','10.20.8']",NULL,https://pleiades.stoa.org/places/540929,https://topostext.org/place/389226WMal,https://wikidata.org/wiki/Q549658,NULL,"Lamian Gulf",NULL,NULL
23.25,38.35,Thebais,"Boiotia Bk9","Boiotia Bk9",['chora'],"['1.25.4','2.6.1','9.12.2','9.23.5','9.25.10','9.5.1','9.7.6']","Boiotia Bk9",NULL,NULL,NULL,NULL,Thebaid,NULL,NULL
23.788,38.0466,Athmonon,"Attica Bk1","Attica Bk1",['demos'],"['1.14.7','1.31.4']",NULL,https://pleiades.stoa.org/places/579887,NULL,https://wikidata.org/wiki/Q12872216,NULL,NULL,NULL,NULL
23.72641,37.97209,"Poseidon spring on the Akropolis, Athens","Athenai Bk1","Athenian Acropolis (Athens)",['pege'],"['1.26.5','8.10.4']",NULL,NULL,https://topostext.org/binder/JB2510,NULL,https://resource.manto.unh.edu/9619251,NULL,NULL,NULL
23.788,38.0466,"Cult of Artemis Amarysia in Athmoneis","Attica Bk1",Athmonon,['hieron'],['1.31.4'],Athmonon,NULL,NULL,https://wikidata.org/wiki/Q124644573,NULL,NULL,NULL,NULL
-22.1,36.33,"Satyrides islands in the outer sea",NULL,"Atlanticus Oceanus","['mythical place','nesos']",['1.23.6'],"Atlanticus Oceanus",NULL,NULL,https://wikidata.org/wiki/Q17354919,NULL,NULL,NULL,NULL
23.594,38.4361,Aulis,"Boiotia Bk9","Boiotia Bk9","['limen','settlement']","['1.35.3','10.26.3','3.9.10','3.9.3','3.9.4','8.28.4','8.28.5','9.19.6','9.19.7','9.19.8']",NULL,https://pleiades.stoa.org/places/579889,https://topostext.org/place/384236UAul,https://wikidata.org/wiki/Q2612265,NULL,"harbor on Boeotia-Chalkis border",NULL,NULL
23.5314735,37.947768,Asterios,"Attica Bk1","Salamis (settlement)",['nesos'],['1.35.6'],"Salamis (settlement)",NULL,NULL,NULL,NULL,NULL,NULL,NULL
23.726300000000002,37.9706,"Tomb of Kalos, Athens","Athenai Bk1","Athenai Bk1",['taphos'],['1.21.4'],NULL,NULL,https://topostext.org/binder/JB1869,NULL,https://resource.manto.unh.edu/10152062,NULL,NULL,NULL
26.769,40.5114,"tomb of Lysimachos, between Kardia and Paktys","Thrace (Europe)","Lysimacheia, Lysimachia",['mnema'],['1.10.5'],"Lysimacheia, Lysimachia",NULL,NULL,https://wikidata.org/wiki/Q124644556,NULL,NULL,NULL,NULL
27.366012129999998,38.25857286,"Ionia (region)","Asia (continent)","Asia Minor (Asia)",['chora'],"['1.1.5','1.29.5','10.24.1','10.32.4','10.33.2','10.8.6','2.31.6','3.2.1','3.9.6','5.21.13','5.27.12','5.7.5','6.24.2','6.3.15','7.3.7','7.3.8','7.5.10','7.5.12','7.5.13','7.5.4','8.43.4','8.45.5','9.19.8','9.21.6','9.27.1','9.27.8','9.33.2','9.37.8']",NULL,https://pleiades.stoa.org/places/550597,NULL,https://wikidata.org/wiki/Q620874,NULL,NULL,NULL,NULL
23.846116,38.291099,"Temple at Amphiareion","Attica Bk1","Amphiareion near Oropos",['naos'],['1.34.4'],NULL,https://pleiades.stoa.org/places/540628,NULL,https://wikidata.org/wiki/Q474656,NULL,NULL,NULL,NULL
23.717999999999996,37.981,"Tomb of Kleisthenes, Athens","Athenai Bk1","Athenai Bk1",['taphos'],['1.29.6'],NULL,NULL,https://topostext.org/binder/JB1918,NULL,NULL,NULL,NULL,NULL
27.2774885,37.5292362,"Lade (island)","Asia Minor (Asia)",Miletus,['nesos'],['1.35.6'],Miletus,https://pleiades.stoa.org/places/599746,NULL,https://wikidata.org/wiki/Q1799887,NULL,NULL,NULL,NULL
23.970146000000003,38.1465515,"lake/swamp at Marathon","Attica Bk1","Marathon deme","['helos','limne']",['1.32.7'],"Marathon deme",https://pleiades.stoa.org/places/580024,NULL,NULL,NULL,"Mega Helos",NULL,NULL
23.79,38.3195,Oropos,"Attica Bk1",Oropia,['settlement'],"['1.33.2','1.34.1','7.11.4','7.11.5','7.11.8','7.12.3']",NULL,https://pleiades.stoa.org/places/580044,https://topostext.org/place/383238POro,https://wikidata.org/wiki/Q18073696,NULL,NULL,NULL,NULL
23.743503,37.974075,"Lyceum of Athens","Athenai Bk1","Athenai Bk1",['hieron'],"['1.19.3','1.19.4','1.29.16']",NULL,https://pleiades.stoa.org/places/122572945,https://topostext.org/place/380237BLyk,https://wikidata.org/wiki/Q1160664,https://resource.manto.unh.edu/10151508,NULL,NULL,NULL
23.34285,37.997,"Prytaneion of Megara","Megarid Bk1","Megara (Megarid)",['prytaneion'],['1.42.7'],"Megara (Megarid)",NULL,NULL,https://wikidata.org/wiki/Q124644642,NULL,NULL,NULL,NULL
27.9632845,38.62477125,Lydia/Maionia,"Asia (continent)","Asia Minor (Asia)",['chora'],"['1.35.7','3.9.5','7.2.8']",NULL,https://pleiades.stoa.org/places/550701,NULL,https://wikidata.org/wiki/Q620765,NULL,NULL,NULL,NULL
23.706200000000003,37.9373,"Altar of Androgeos, son of Minos, Phaleron","Attica Bk1",Phaleron,['bomos'],['1.1.4'],Phaleron,NULL,NULL,https://wikidata.org/wiki/Q124644553,NULL,"altar of Heroos at Phaleron",NULL,NULL
23.26869968790561,37.9694028096289,"Megaricus Sinus","Megarid Bk1","Megarid Bk1",['kolpos'],"['1.44.7','1.44.8']",NULL,https://pleiades.stoa.org/places/570469,NULL,NULL,NULL,NULL,NULL,NULL
23.7257,37.9717,"south wall of the Acropolis of Athens","Athenai Bk1","Athenian Acropolis (Athens)",['teichos'],['1.25.2'],"Athenian Acropolis (Athens)",NULL,NULL,NULL,NULL,NULL,NULL,NULL
23.682,37.992,"Tomb of Phytalos at his house on Sacred Way","Attica Bk1","Sacred Way from Athens to Eleusis","['mnema','oikia','tourist attraction']",['1.37.2'],NULL,NULL,https://topostext.org/binder/JB2460,NULL,https://resource.manto.unh.edu/10160373,"Hiera Syke, Sacred Fig-Tree",NULL,NULL
23.723135000000003,37.975124,"Odeion of Agrippa (Athens Agora)","Athenai Bk1","Agora of Athens",['Odeion'],"['1.14.1','1.8.6']",NULL,NULL,https://topostext.org/binder/JB0071,https://wikidata.org/wiki/Q745797,NULL,NULL,NULL,NULL
23.724499999999995,37.9708,"Odeion of Herodes (Athens)","Athenai Bk1","Athenai Bk1",['Odeion'],"['1.8.6','7.20.6']",NULL,https://pleiades.stoa.org/places/154745711,https://topostext.org/place/380237BOde,https://wikidata.org/wiki/Q1328165,NULL,NULL,NULL,NULL
24.0002,38.1409,"Marathon Victory trophy (Attica)","Attica Bk1","Marathon battlefield (Attica)",['battlefield'],['1.32.5'],NULL,NULL,https://topostext.org/place/381241SNik,NULL,NULL,NULL,NULL,https://arachne.dainst.org/entity/3586074
23.725000000000005,37.975,"Hadrian, gymnasium, Athens","Athenai Bk1","Athenai Bk1",['gymnasion'],['1.18.9'],NULL,NULL,https://topostext.org/binder/JB1431,NULL,NULL,NULL,NULL,NULL
23.7199,37.9748,"Altar of Eurysakes in Athens","Athenai Bk1","Athenai Bk1",['bomos'],['1.35.3'],NULL,NULL,https://topostext.org/binder/JB1388,https://wikidata.org/wiki/Q125537007,NULL,NULL,NULL,NULL
23.37572,38.17934,"Cave of Antiope with spring above Eleutherai","Attica Bk1",Eleutherai,['spelaion'],['1.38.9'],Eleutherai,NULL,NULL,https://wikidata.org/wiki/Q124644605,NULL,NULL,NULL,NULL
23.7273,37.9718,"Zeus Polieus altar, Athens Acropolis","Athenai Bk1","Sanctuary of Zeus Polieus on the Acropolis of Athens",['bomos'],"['1.24.4','1.24.8','1.28.10']","Sanctuary of Zeus Polieus on the Acropolis of Athens",https://pleiades.stoa.org/places/116485242,https://topostext.org/binder/JB3071,NULL,NULL,NULL,NULL,NULL
23.715,37.995,"Altar of Poseidon Hippios, Kolonos","Attica Bk1","Kolonos Hippios",['bomos'],['1.30.4'],"Kolonos Hippios",NULL,https://topostext.org/binder/JB2526,NULL,NULL,NULL,NULL,NULL
23.72877,37.97139,"Shrine of Aglauros (Athens)","Athenai Bk1","Athenai Bk1",['temenos'],['1.18.2'],NULL,NULL,https://topostext.org/place/380237SAgl,https://wikidata.org/wiki/Q394211,NULL,NULL,NULL,NULL
23.727,37.968,"tomb of Antiope, Athens","Athenai Bk1","Athenai Bk1",['taphos'],['1.2.1'],NULL,NULL,https://topostext.org/place/380237AAmz,NULL,https://resource.manto.unh.edu/11007026,"Amazonion monument",NULL,NULL
23.211,38.0347,"Megarid Bk1","Megarid Bk1","Hellas (Europe)",['chora'],"['1.19.4','1.39.4','1.39.5','1.40.2','1.40.4','1.41.8','1.42.7','1.44.3','1.44.4','1.5.3']",NULL,https://pleiades.stoa.org/places/570470,NULL,https://wikidata.org/wiki/Q645572,NULL,NULL,NULL,NULL
21.5,38.6,"Aitolia region","Hellas (Europe)","Hellas (Europe)",['chora'],"['1.26.3','1.42.6','10.18.1','10.22.2','10.22.3','10.22.5','2.13.8','2.25.2','2.37.3','2.8.4','3.10.2','4.24.7','4.31.7','5.1.3','5.3.7','7.18.6','7.18.8','7.18.9','7.9.6','8.24.11','8.38.10']",NULL,https://pleiades.stoa.org/places/540591,https://topostext.org/place/386215RAit,https://wikidata.org/wiki/Q26857,NULL,Aetolia,NULL,NULL
23.723000000000003,37.975,"Parabyston, lawcourt, Athens","Athenai Bk1","Athenai Bk1","['dikasterion','oikema']",['1.28.8'],NULL,NULL,https://topostext.org/binder/JB2361,NULL,NULL,NULL,NULL,NULL
23.56,38.06,"altar of Triptolemos, Rarion plain of Eleusis","Attica Bk1","Rharion plain",['bomos'],['1.38.6'],NULL,NULL,NULL,https://wikidata.org/wiki/Q124644603,NULL,NULL,NULL,NULL
23.64490133,37.937561,"Kantharos Limen","Attica Bk1",Peiraieus/Piraeus,['limen'],['1.1.2'],NULL,https://pleiades.stoa.org/places/579966,NULL,https://wikidata.org/wiki/Q29626000,NULL,NULL,NULL,NULL
23.479833,38.355639,Heleon,"Boiotia Bk9","Boiotia Bk9",['oros'],['1.29.6'],NULL,https://pleiades.stoa.org/places/579946,NULL,NULL,NULL,NULL,NULL,NULL
31.033254529999997,39.64014749,"Meion pedion","Asia (continent)","Asia Minor (Asia)",['pedion'],['1.4.6'],"Asia Minor (Asia)",NULL,NULL,NULL,NULL,"Meian plain",NULL,NULL
23.6902,37.933,"Temple of Athena Skiras at Phaleron","Attica Bk1",Phaleron,['naos'],"['1.1.4','1.36.4']",NULL,https://pleiades.stoa.org/places/397011004,NULL,https://wikidata.org/wiki/Q131765396,NULL,NULL,NULL,NULL
23.51,37.93,"Salamis (island)","Attica Bk1","Attica Bk1",['nesos'],"['1.14.5','1.25.6','1.3.2','1.35.2','1.35.3','1.35.4','1.36.1','1.36.2','1.40.5','10.31.1','2.29.10','2.8.6','4.36.6']",NULL,https://pleiades.stoa.org/places/580101,NULL,NULL,NULL,NULL,https://imperium.ahlfeldt.se/places/41417,NULL
23.72522,37.97176,Pinakotheke,"Athenai Bk1","Propylaia (Athens)",['oikema'],['1.22.6'],"Propylaia (Athens)",NULL,https://topostext.org/place/380237BPin,NULL,NULL,"Propylaia left chamber",NULL,NULL
23.723000000000003,37.975,"Heliaia, lawcourt, Athens","Athenai Bk1","Athenai Bk1",['dikasterion'],['1.28.8'],NULL,NULL,https://topostext.org/binder/JB1491,NULL,NULL,NULL,NULL,NULL
23.34285,37.997,"altar of Apollo on Megara acropolis","Megarid Bk1","Megara (Megarid)",['bomos'],['1.42.6'],"Megara (Megarid)",NULL,NULL,https://wikidata.org/wiki/Q124644641,NULL,NULL,NULL,NULL
22.7,38.6,"Phokis Bk10",NULL,"Hellas (Europe)",['chora'],"['1.20.6','10.1.1','10.1.2','10.1.4','10.17.13','10.23.10','10.30.4','10.33.7','10.34.2','10.35.1','10.35.8','10.37.2','10.38.1','10.4.1','10.4.2','10.5.3','10.8.2','2.29.2','2.29.3','2.4.3','3.5.3','3.9.10','4.31.5','6.19.5','7.14.7','7.15.5','7.18.9','7.3.10','7.7.9','8.1.5','8.4.4','9.17.4','9.36.3','9.40.12']",NULL,https://pleiades.stoa.org/places/541048,https://topostext.org/place/386227RPho,https://wikidata.org/wiki/Q2637650,NULL,"Phocis region",NULL,NULL
23.717999999999996,37.981,"Tomb of Harmodios and Aristogeiton, Athens","Athenai Bk1","Athenai Bk1",['taphos'],['1.29.15'],NULL,NULL,https://topostext.org/binder/JB1467,NULL,NULL,NULL,NULL,NULL
27.37404,36.686188,"Sanctuary of Aphrodite Doritis in Knidos","Asia Minor (Asia)",Knidos,['hieron'],['1.1.3'],Knidos,NULL,NULL,https://wikidata.org/wiki/Q134038472,NULL,NULL,NULL,NULL
23.73147,38.08194,"altar of Athena Hygieia, Acharnai","Attica Bk1",Acharnae,['bomos'],['1.31.6'],Acharnae,NULL,NULL,https://wikidata.org/wiki/Q124644574,NULL,NULL,NULL,NULL
23.707,37.992,"Hermes altar at the Academy, Athens","Athenai Bk1","Academy of Plato, Athens",['bomos'],['1.30.2'],"Academy of Plato, Athens",NULL,https://topostext.org/binder/JB1589,NULL,NULL,NULL,NULL,NULL
23.970146000000003,38.1465515,"Miltiades memorial, Marathon","Attica Bk1","Marathon deme",['mnema'],['1.32.4'],"Marathon deme",NULL,NULL,https://wikidata.org/wiki/Q124644578,NULL,NULL,NULL,NULL
23.7264872,37.9707798,"Sanctuary of Asklepios at Athens","Athenai Bk1","Athenai Bk1",['Asclepieion'],"['1.21.4','1.21.5','1.22.1']",NULL,https://pleiades.stoa.org/places/954340915,NULL,https://wikidata.org/wiki/Q2278514,NULL,NULL,NULL,NULL
23.088,38.3787,"Haliartos (Boeotia)","Boiotia Bk9","Boiotia Bk9",['teichos'],"['1.27.5','10.35.2','3.5.3','3.5.5','7.3.1','9.16.6','9.18.4','9.32.5','9.33.1','9.33.3','9.33.4','9.34.7','9.34.8']",NULL,https://pleiades.stoa.org/places/540801,https://topostext.org/place/384231PHal,https://wikidata.org/wiki/Q359627,NULL,NULL,NULL,NULL
23.8189911,38.05199883,"Attica Bk1","Attica Bk1","Hellas (Europe)",['chora'],"['1.1.1','1.14.2','1.2.6','1.20.6','1.21.1','1.22.3','1.22.7','1.23.5','1.24.5','1.24.8','1.25.6','1.26.3','1.26.5','1.26.6','1.27.10','1.27.2','1.28.10','1.28.11','1.28.4','1.28.9','1.29.2','1.29.6','1.29.7','1.30.4','1.31.1','1.31.3','1.31.5','1.32.1','1.32.3','1.34.1','1.34.2','1.35.1','1.36.3','1.37.7','1.38.1','1.38.4','1.38.8','1.44.10','10.17.5','10.25.2','10.33.4','10.35.8','2.1.1','2.1.6','2.30.9','2.32.9','2.6.5','2.6.6','3.12.7','3.5.1','3.7.10','3.8.6','4.1.8','4.34.8','5.10.4','5.11.7','5.13.8','5.15.7','5.25.13','5.4.7','6.19.12','7.1.5','7.1.9','7.11.8','7.17.2','7.18.2','7.25.2','7.3.6','7.5.5','7.6.3','7.7.7','8.23.3','9.1.1','9.1.6','9.13.6','9.23.5']",NULL,https://pleiades.stoa.org/places/579888,NULL,https://wikidata.org/wiki/Q122443,NULL,NULL,NULL,NULL
23.7337,37.9694,"Ge Olympia, sanctuary, Athens","Athenai Bk1","Athenai Bk1",['temenos'],['1.18.7'],NULL,NULL,https://topostext.org/binder/JB1407,NULL,NULL,NULL,NULL,NULL
14.08648465,37.53667612,"Sicilia (island)",NULL,"Roman empire",['nesos'],"['1.12.5','1.13.1','1.2.3','1.21.4','1.29.11','1.29.13','10.11.3','10.15.5','10.15.6','2.2.5','2.22.9','3.16.4','3.16.5','4.23.6','4.26.2','4.26.5','4.36.4','5.23.6','5.25.5','5.25.6','5.27.1','5.7.3','6.12.3','6.13.8','6.26.4','6.4.3','6.6.7','6.9.4','6.9.5','7.16.5','7.4.6','7.4.7','8.11.12','8.12.8','8.24.6','8.42.8','8.46.2','8.8.6','9.40.4']",NULL,https://pleiades.stoa.org/places/462492,NULL,https://wikidata.org/wiki/Q4951156,NULL,NULL,NULL,NULL
23.34285,37.997,"tomb of Euippos at prytaneion of Megara","Megarid Bk1","Prytaneion of Megara",['taphos'],['1.43.2'],"Prytaneion of Megara",NULL,NULL,https://wikidata.org/wiki/Q124644646,https://resource.manto.unh.edu/11188231,NULL,NULL,NULL
23.645,38.0067,"Poikilon M.","Attica Bk1","Attica Bk1",['oros'],['1.37.7'],NULL,https://pleiades.stoa.org/places/585950,NULL,https://wikidata.org/wiki/Q12883544,NULL,NULL,NULL,NULL
23.25,38.35,"Boiotia Bk9",NULL,"Hellas (Europe)",['chora'],"['1.23.3','1.24.5','1.25.7','1.27.5','1.34.1','1.38.8','10.1.2','10.12.11','10.17.3','10.23.11','10.29.5','10.37.2','10.4.2','3.5.3','3.5.4','3.5.6','3.9.12','4.16.7','4.27.10','4.34.5','6.3.3','7.10.5','7.15.9','7.17.2','7.3.6','7.6.5','8.11.5','9.1.1','9.1.3','9.13.3','9.14.6','9.22.5','9.25.9','9.3.4','9.32.2','9.4.3','9.5.1','9.7.4','9.9.2']",NULL,https://pleiades.stoa.org/places/540689,https://topostext.org/place/384233RBoi,https://wikidata.org/wiki/Q187570,NULL,Boeotia,NULL,NULL
23.3178,38.3191,"Thebes (Boeotia)","Boiotia Bk9","Boiotia Bk9",['polis'],"['1.25.4','1.28.7','1.29.3','1.3.4','1.34.1','1.34.2','1.34.4','1.37.6','1.39.2','1.40.2','1.41.1','1.43.1','1.44.4','1.44.5','10.10.3','10.17.4','10.20.1','10.29.7','10.35.5','10.7.6','2.19.8','2.20.5','2.36.8','2.6.1','2.6.2','2.6.3','2.6.4','2.7.6','3.5.3','3.5.4','3.9.11','3.9.3','3.9.8','4.17.5','4.27.10','4.32.5','4.7.8','4.8.8','5.3.1','7.10.2','7.14.6','7.15.9','7.17.2','7.3.1','7.6.9','8.11.6','8.14.2','8.15.6','8.24.10','8.25.4','8.25.8','8.33.2','9.1.6','9.1.8','9.10.1','9.10.4','9.11.6','9.12.2','9.13.1','9.14.7','9.17.4','9.17.5','9.18.1','9.18.2','9.18.3','9.18.5','9.19.2','9.19.3','9.19.4','9.22.3','9.23.4','9.23.5','9.25.10','9.25.7','9.25.9','9.29.9','9.3.6','9.32.5','9.33.1','9.37.2','9.4.4','9.40.3','9.5.1','9.5.12','9.5.13','9.5.14','9.5.2','9.5.6','9.5.7','9.6.2','9.6.3','9.6.5','9.7.1','9.7.2','9.7.6','9.8.1','9.8.3','9.8.7','9.9.4']",NULL,https://pleiades.stoa.org/places/541138,https://topostext.org/place/383233PThe,https://wikidata.org/wiki/Q11225429,NULL,NULL,NULL,NULL
23.64490133,37.937561,"Zea Limen","Attica Bk1",Peiraieus/Piraeus,['limen'],['1.1.2'],NULL,https://pleiades.stoa.org/places/580136,NULL,https://wikidata.org/wiki/Q1133291,NULL,NULL,NULL,NULL
23.34285,37.997,"hero shrine of Ino in Megara","Megarid Bk1","Megara (Megarid)",['heroon'],['1.42.7'],"Megara (Megarid)",NULL,NULL,https://wikidata.org/wiki/Q124644643,NULL,NULL,NULL,NULL
23.715,37.995,"Temple of Poseidon Hippios at Kolonos","Athenai Bk1","Kolonos Hippios",['naos'],['1.30.4'],"Kolonos Hippios",NULL,NULL,NULL,NULL,NULL,NULL,NULL
23.731,37.9719,"Praxitelesʼ Atelier, building, Athens","Athenai Bk1","Athenai Bk1",['oikema'],['1.20.1'],NULL,NULL,https://topostext.org/binder/JB2550,NULL,NULL,NULL,NULL,NULL
34.54732,31.66426,Ashqelon/Ascalon,"Asia (continent)",Palaestina,['settlement'],['1.14.7'],NULL,https://pleiades.stoa.org/places/687839,NULL,https://wikidata.org/wiki/Q60956,NULL,NULL,NULL,NULL
23.5314735,37.947768,"sanctuary of Kychreos, Salamis","Attica Bk1","Salamis (settlement)",['hieron'],['1.36.1'],"Salamis (settlement)",NULL,NULL,https://wikidata.org/wiki/Q124644589,NULL,NULL,NULL,NULL
26.5,40.33333,"Chersonesus (Thrace)","Thrace (Europe)","Thrace (Europe)","['akra','chora']","['1.10.5','1.34.2','1.9.8','6.19.6']",NULL,https://pleiades.stoa.org/places/501386,NULL,https://wikidata.org/wiki/Q192860,NULL,NULL,NULL,NULL
23.875,37.625,"Patroklou Charax (island)","Attica Bk1","Saronic Gulf",['nesos'],"['1.1.1','1.35.1']",NULL,https://pleiades.stoa.org/places/580060,NULL,https://wikidata.org/wiki/Q1145107,NULL,"Isle of Patroklos",NULL,NULL
23.34285,37.997,"tomb of Tereus in Megara","Megarid Bk1","Megara (Megarid)",['mnema'],['1.41.8'],"Megara (Megarid)",NULL,NULL,https://wikidata.org/wiki/Q124645116,https://resource.manto.unh.edu/10187020,NULL,NULL,NULL
25.5,44.5,Getae,"Thrace (Europe)","Thrace (Europe)",['chora'],['1.9.6'],NULL,https://pleiades.stoa.org/places/216817,NULL,https://wikidata.org/wiki/Q19012,NULL,NULL,NULL,NULL
36.967737,41.215176,Themiskyra,"Pontus Euxinus","Pontus Euxinus",['settlement'],"['1.15.2','1.2.1','1.41.7']",NULL,https://pleiades.stoa.org/places/857350,NULL,https://wikidata.org/wiki/Q122875,NULL,NULL,NULL,NULL
23.17,37.951,"sanctuary of Apollo Latous near Megara-Corinth road","Megarid Bk1","Megarid Bk1",['hieron'],['1.44.10'],NULL,NULL,NULL,https://wikidata.org/wiki/Q124646271,NULL,NULL,NULL,NULL
23.1333249,38.0208393,"Aigiplanktos (mountain)","Megarid Bk1","Megarid Bk1",['oros'],"['1.40.1','1.43.8']",NULL,https://pleiades.stoa.org/places/570050,NULL,https://wikidata.org/wiki/Q749507,NULL,"Gerania Geraneia",NULL,NULL
21.5313,38.3714,Kalydon,"Aitolia region",Kalydonia,['polis'],"['1.27.9','2.25.2','3.10.2','5.1.3','7.18.8','7.18.9','7.21.1','7.21.10','7.21.5','8.4.10','8.45.2']",NULL,https://pleiades.stoa.org/places/540699,NULL,https://wikidata.org/wiki/Q750313,NULL,Calydon,NULL,NULL
23.7257,37.9755,"Library of Hadrian in Athens","Athenai Bk1","Athenai Bk1",['oikema'],['1.18.9'],NULL,https://pleiades.stoa.org/places/728329644,https://topostext.org/place/380237BHli,https://wikidata.org/wiki/Q1455447,NULL,NULL,NULL,NULL
23.73147,38.08194,Acharnae,"Attica Bk1","Attica Bk1",['demos'],['1.31.6'],NULL,https://pleiades.stoa.org/places/579842,NULL,https://wikidata.org/wiki/Q576319,NULL,NULL,NULL,NULL
23.8068,38.0263,"Altar of Ismenid Nymphs at Phlya","Attica Bk1",Phlya,['bomos'],['1.31.4'],Phlya,NULL,NULL,NULL,NULL,NULL,NULL,NULL
27.4713446,37.6220196,"Maeander (river)","Asia Minor (Asia)","Ionia (region)",['potamos'],"['1.29.7','10.32.13','2.5.3','2.7.9','4.34.1','4.34.2','5.14.3','7.2.11','8.24.11','8.41.3','8.7.3']",NULL,https://pleiades.stoa.org/places/599777,NULL,https://wikidata.org/wiki/Q211089,NULL,NULL,NULL,NULL
23.7168,37.9816,"Demosion Sema, Leosthenes, Athens","Athenai Bk1","Demosion Sema war graves, Athens",['taphos'],['1.29.13'],NULL,NULL,https://topostext.org/binder/JB1064,NULL,NULL,NULL,NULL,NULL
22.87352,38.431063,Lebadeia,"Boiotia Bk9","Boiotia Bk9",['polis'],"['1.34.2','4.16.7','4.32.5','4.32.6','9.37.7','9.39.1','9.40.1','9.40.2','9.40.6']",NULL,https://pleiades.stoa.org/places/540907,NULL,https://wikidata.org/wiki/Q11931280,NULL,NULL,NULL,NULL
23.9895485,37.9289315,Philaidai,"Attica Bk1","Attica Bk1",['demos'],['1.23.7'],NULL,https://pleiades.stoa.org/places/580075,NULL,https://wikidata.org/wiki/Q13526169,NULL,NULL,NULL,NULL
23.7257,37.9717,"Aphrodite Pandemos shrine in Athens","Athenai Bk1","Athenian Acropolis (Athens)",['hieron'],['1.22.7'],"Athenian Acropolis (Athens)",https://pleiades.stoa.org/places/365016220,https://topostext.org/place/380237SApP,https://wikidata.org/wiki/Q24204704,NULL,NULL,NULL,NULL
23.34285,37.997,"Acheloos altar in Megara","Megarid Bk1","Megara (Megarid)",['bomos'],['1.41.2'],"Megara (Megarid)",NULL,NULL,https://wikidata.org/wiki/Q124644622,NULL,NULL,NULL,NULL
30.835832,29.320878,"Krokodilopolis/Ptolemais Euergetis","Libya (Africa)","Egypt (region)",['chora'],['1.7.3'],NULL,https://pleiades.stoa.org/places/736948,NULL,https://wikidata.org/wiki/Q203299,NULL,NULL,NULL,NULL
21.856169,32.818736,Cyrene,"Libya (Africa)",Cyrenaica,['polis'],"['1.6.8','1.7.1','1.7.2','10.15.7','10.2.3','3.14.3','3.16.2','6.19.10']",NULL,https://pleiades.stoa.org/places/373778,NULL,https://wikidata.org/wiki/Q44112,NULL,NULL,NULL,NULL
23.970146000000003,38.1465515,"Marathon deme","Attica Bk1","Attica Bk1","['chora','demos']","['1.14.5','1.17.6','1.27.10','1.28.2','1.28.4','1.29.4','1.32.3','1.32.4','1.33.1','1.33.2','2.1.1','2.29.4','4.25.5','5.11.6','7.15.7','9.1.3','9.32.9','9.4.1','9.4.2']",NULL,https://pleiades.stoa.org/places/580021,NULL,https://wikidata.org/wiki/Q13423602,NULL,NULL,NULL,NULL
