Lon,Lat,Name,Region,Part_of,Type,Passages,Location,Pleiades,ToposText,Wikidata,Manto,Altname,URL,Arachne
22.42338,37.08265,"Athena Chalkioikos sanctuary on acropolis of Sparta","Lakonia Bk3","Acropolis of Sparta",['hieron'],"['10.5.11','3.17.2','3.17.7','4.15.5']",NULL,NULL,https://topostext.org/place/371224SACh,https://wikidata.org/wiki/Q57302774,https://resource.manto.unh.edu/10150378,NULL,NULL,NULL
22.5152,38.4915,"Lykoreia (Phokis)","Phokis Bk10","Phokis Bk10",['settlement'],"['10.6.2','10.6.3','4.34.9']",NULL,NULL,https://topostext.org/place/385225ULyk,https://wikidata.org/wiki/Q5975192,NULL,Lycoreia,NULL,NULL
22.30245,39.50051,Krannon/Ephyra,"Hellas (Europe)",Thessalia,['polis'],"['10.3.4','5.8.8']",NULL,https://pleiades.stoa.org/places/540886,NULL,https://wikidata.org/wiki/Q56427665,NULL,NULL,NULL,NULL
22.663,38.4296,"level place Ambrossos-Antikyra road, 2 stadia uphill from Ambrossos","Phokis Bk10","Phokis Bk10",['chorion'],['10.36.5'],NULL,NULL,NULL,NULL,NULL,NULL,NULL,NULL
22.68143,38.47571,"Tomb of Laios and his servant at three-way junction","Phokis Bk10","Three-way junction on the Schiste hodos",['mnema'],['10.5.4'],"Three-way junction on the Schiste hodos",NULL,NULL,NULL,https://resource.manto.unh.edu/10269073,NULL,NULL,NULL
22.450621,38.428937,"Sacred lands of Apollo, near Delphi, Cirra's territory dedicated after Sacred War","Phokis Bk10",Kirra,['chora'],['10.15.1'],Kirra,NULL,NULL,NULL,NULL,NULL,NULL,NULL
25.336030000000004,36.7136,"Tomb of Clymene, mother of Homer, somewhere on Ios","Aegean Sea (Hellas)","Ios (island)",['mnema'],['10.24.2'],"Ios (island)",NULL,NULL,NULL,NULL,NULL,NULL,NULL
22.43516,38.9046,Lamia,"Hellas (Europe)",Phthiotis,['settlement'],"['1.1.3','1.4.3','1.8.2','10.3.4','6.4.7','7.10.4','7.10.5','7.15.2','7.6.5']",NULL,https://pleiades.stoa.org/places/540902,NULL,https://wikidata.org/wiki/Q192980,NULL,NULL,NULL,NULL
22.9154,38.58006,"Agora of Abai","Phokis Bk10",Abai,['agora'],['10.35.4'],Abai,NULL,NULL,https://wikidata.org/wiki/Q133963428,NULL,NULL,NULL,NULL
22.72926,38.50665,Daulis,"Phokis Bk10","Phokis Bk10",['settlement'],"['1.41.8','10.3.1','10.35.8','10.4.10','10.4.7','10.4.8','10.5.1']",NULL,https://pleiades.stoa.org/places/540723,NULL,https://wikidata.org/wiki/Q1172948,NULL,NULL,NULL,NULL
26.858519999999995,39.69936,"Ida (mountain)","Asia Minor (Asia)",Troas,['oros'],"['10.12.3','10.12.4','3.13.5','6.4.9','7.3.8']",NULL,https://pleiades.stoa.org/places/550592,NULL,https://wikidata.org/wiki/Q1127771,NULL,NULL,NULL,NULL
27.363816,37.9498235,"Altar of Artemis Protothronia in hieron of Ephesian Artemis","Asia Minor (Asia)","Sanctuary of Ephesian Artemis at Ephesus",['bomos'],['10.38.6'],"Sanctuary of Ephesian Artemis at Ephesus",NULL,NULL,NULL,NULL,NULL,NULL,NULL
22.54475,38.73735,"Knemis (mountain)","Hellas (Europe)","Lokris Epiknemidia",['oros'],"['10.20.2','10.8.2']",NULL,https://pleiades.stoa.org/places/540871,NULL,NULL,NULL,NULL,NULL,NULL
22.740687,38.474777,Phlygonion?,"Phokis Bk10","Phokis Bk10",['polis'],['10.3.2'],NULL,https://pleiades.stoa.org/places/541047,NULL,https://wikidata.org/wiki/Q16261484,NULL,NULL,NULL,NULL
8.895951167,40.06802462,"Sardinia (island)","Internum Mare","Internum Mare",['nesos'],"['1.29.5','10.17.1','10.17.10','10.17.11','10.17.13','10.17.2','10.17.3','10.17.4','10.17.5','10.17.6','10.17.8','10.17.9','4.23.5','7.17.3','7.2.2','9.23.1']",NULL,https://pleiades.stoa.org/places/472014,NULL,https://wikidata.org/wiki/Q3760293,NULL,NULL,NULL,NULL
14.4344,40.5825,"Mythical island of the Sirens in Homer","Internum Mare","Internum Mare",['nesos'],['10.6.5'],NULL,NULL,NULL,https://wikidata.org/wiki/Q12898748,NULL,NULL,NULL,NULL
22.5056,38.4806,"Pronaos of Athena Pronoia temple at Delphi","Phokis Bk10","Delphi (polis)",['pronaos'],['10.8.6'],"Delphi (polis)",NULL,NULL,NULL,NULL,NULL,NULL,NULL
22.66931,38.58344,"Place near Tithorea where sacred remnants from Isis festival are buried","Phokis Bk10",Tithorea/Neon,['chorion'],['10.32.14'],"Area around hieron of Isis near Tithorea, where panêgyris is held.",NULL,NULL,NULL,NULL,NULL,NULL,NULL
24.70109,36.9678,"Siphnos (island)","Aegean Sea (Hellas)","Cyclades region (Aegean)",['nesos'],['10.11.2'],NULL,https://pleiades.stoa.org/places/590049,NULL,https://wikidata.org/wiki/Q95452882,NULL,NULL,NULL,NULL
29.107859999999995,37.83692,"Laodicea ad Lycum","Asia Minor (Asia)",Phrygia,['polis'],['10.32.4'],NULL,https://pleiades.stoa.org/places/638955,NULL,https://wikidata.org/wiki/Q849709,NULL,Diospolis/Roas,NULL,NULL
22.626059,38.375439,"Harbor of Antikyra with hieron of Poseidon","Phokis Bk10",Antikyra,['limen'],['10.36.8'],Antikyra,NULL,NULL,NULL,NULL,NULL,NULL,NULL
35.01,13.01,"Aethiopia (Africa)","Libya (Africa)",NULL,"['major region']","['1.33.4','1.42.3','10.31.7','2.5.3','5.12.3','5.7.4','8.38.6','9.21.6']",NULL,https://pleiades.stoa.org/places/39274,NULL,https://wikidata.org/wiki/Q410453,NULL,NULL,NULL,NULL
22.489574,38.640939,"Agora of Charadra in Phokis","Phokis Bk10",Charadra,['agora'],['10.33.6'],Charadra,NULL,NULL,https://wikidata.org/wiki/Q133963430,NULL,NULL,NULL,NULL
22.793,38.278,"harbor of Boulis","Boiotia Bk9","Boiotia Bk9",['limen'],['10.37.2'],NULL,NULL,NULL,NULL,NULL,"Herakleios river",NULL,NULL
22.442503,38.790767,"Herakleia in Trachinia","Hellas (Europe)",Phthiotis,['polis'],"['10.20.9','10.21.1','10.22.1','10.22.13','10.23.12','2.23.5','7.14.1','7.15.2','7.15.3','7.15.9']",NULL,https://pleiades.stoa.org/places/541157,NULL,https://wikidata.org/wiki/Q1231448,NULL,NULL,NULL,NULL
22.7145,37.9834,"Sicyon (Sikyonia)","Sikyonia Bk2","Sikyonia Bk2",['polis'],"['1.25.4','1.27.5','10.11.6','10.8.5','2.1.1','2.10.1','2.10.6','2.11.2','2.11.3','2.11.5','2.12.2','2.12.3','2.13.1','2.15.1','2.25.5','2.25.6','2.3.10','2.3.6','2.4.4','2.5.2','2.5.5','2.5.6','2.5.8','2.6.2','2.6.5','2.6.6','2.6.7','2.7.1','2.7.2','2.7.3','2.7.6','2.7.7','2.7.9','2.8.1','2.9.2','2.9.4','4.10.6','4.11.8','4.14.1','4.15.7','5.18.7','5.21.3','6.3.3','7.1.1','7.23.8','7.26.12','7.26.13','7.26.2','7.26.6','7.27.12','7.6.1','8.1.2']",NULL,https://pleiades.stoa.org/places/570668,https://topostext.org/place/380227PSik,https://wikidata.org/wiki/Q368628,NULL,Sikyon,NULL,NULL
22.6337672,38.8678937,Phthiotis,"Hellas (Europe)","Hellas (Europe)",['chora'],"['10.20.6','6.11.5','7.1.6']",NULL,https://pleiades.stoa.org/places/541052,NULL,https://wikidata.org/wiki/Q2089144,NULL,NULL,NULL,NULL
24.141374,35.462784,Aptera,Crete,Crete,['polis'],['10.5.10'],NULL,https://pleiades.stoa.org/places/589704,NULL,https://wikidata.org/wiki/Q622234,NULL,NULL,NULL,NULL
26.498420000000003,39.81015,"Aidoneus (river)","Asia Minor (Asia)",Troas,['potamos'],"['10.12.3','10.12.4','10.12.7']",NULL,https://pleiades.stoa.org/places/550416,NULL,https://wikidata.org/wiki/Q131903567,NULL,NULL,NULL,NULL
31.9056,46.69238,Olbia,"Internum Mare","Sardinia (island)",['polis'],['10.17.5'],NULL,https://pleiades.stoa.org/places/471987,NULL,https://wikidata.org/wiki/Q13630,NULL,NULL,NULL,NULL
26.84,37.73,"Samos (island)","Aegean Sea (Hellas)","Aegean Sea (Hellas)",['nesos'],"['10.12.5','2.13.2','7.2.8','7.4.1','7.4.2','7.4.3','7.4.4','9.11.5']",NULL,https://pleiades.stoa.org/places/599926,NULL,NULL,NULL,NULL,https://imperium.ahlfeldt.se/places/41142,NULL
22.626059,38.375439,"Ancient gymnasium of Antikyra","Phokis Bk10",Antikyra,['gymnasion'],['10.36.9'],Antikyra,NULL,NULL,NULL,NULL,NULL,NULL,NULL
12.4843457,41.89262,Rome,"Italia (Europe)","Roman empire",['polis'],"['10.34.4','10.36.6','10.8.6','2.1.2','2.21.6','4.35.10','5.25.8','6.9.3','7.10.11','7.10.12','7.12.2','7.12.7','7.12.8','7.12.9','7.13.5','7.14.1','7.14.3','7.14.5','7.22.5','7.22.9','7.8.6','7.9.1','7.9.4','7.9.6','8.17.4','9.27.3','9.27.4']",NULL,https://pleiades.stoa.org/places/423025,NULL,https://wikidata.org/wiki/Q18287233,NULL,Roma,NULL,NULL
26.588055600000004,38.1997222,"Cave of Hêrophilê on Korykon mountain S of Erythrai","Asia Minor (Asia)","Korykos (mountain)",['spelaion'],['10.12.7'],"Korykos (mountain)",NULL,NULL,NULL,NULL,NULL,NULL,NULL
17.228553,40.476034,Taras/Tarentum/Neptunia,"Italia (Europe)","Italia (Europe)",['polis'],"['1.12.5','1.13.1','10.10.6','10.10.8','3.12.6']",NULL,https://pleiades.stoa.org/places/442810,NULL,https://wikidata.org/wiki/Q3981082,NULL,NULL,NULL,NULL
23.075,37.597,"Asklepieion of Epidauros","Epidauria Bk2","Epidauria Bk2",['Asclepieion'],"['10.38.13','2.1.4','2.26.1','2.26.9','2.27.2','2.27.6','2.27.7','3.23.7','5.11.11']",NULL,https://pleiades.stoa.org/places/570127,https://topostext.org/place/376231SAsk,https://wikidata.org/wiki/Q7698713,NULL,"Asclepieion of Epidaurus",NULL,NULL
22.50108,38.48264,"Stone sticking from the earth, where priestess sang prophecies, Delphi","Phokis Bk10","Delphic Oracle, Pytho (Delphi)",['petra'],['10.12.1'],"Delphic Oracle, Pytho (Delphi)",NULL,NULL,NULL,NULL,NULL,NULL,NULL
22.385825,39.288053,Pharsalus,"Hellas (Europe)",Thessalia,['polis'],['10.13.5'],NULL,https://pleiades.stoa.org/places/541042,NULL,https://wikidata.org/wiki/Q38281085,NULL,NULL,NULL,NULL
22.78885,38.35274,Trachis,"Hellas (Europe)","Trachinia region",['polis'],"['10.3.2','2.23.5']",NULL,https://pleiades.stoa.org/places/541156,NULL,https://wikidata.org/wiki/Q16642266,NULL,NULL,NULL,NULL
22.999964,38.653678,Opous,"Boiotia Bk9","Locris Opuntia region",['polis'],"['10.1.2','10.35.1','9.23.7']",NULL,https://pleiades.stoa.org/places/540986,NULL,https://wikidata.org/wiki/Q771434,NULL,NULL,NULL,NULL
22.79418,38.49551,Panopeos/Phanotis,"Phokis Bk10","Phokis Bk10",['polis'],"['10.3.1','10.35.8','10.4.1','10.4.2','10.4.3','10.4.4','10.4.7']",NULL,https://pleiades.stoa.org/places/541008,NULL,https://wikidata.org/wiki/Q2002148,NULL,NULL,NULL,NULL
22.626059,38.375439,"Mountains above Antikyra rich in hellebore","Phokis Bk10",Antikyra,['oros'],['10.36.7'],Antikyra,NULL,NULL,NULL,NULL,NULL,NULL,NULL
22.79418,38.49551,"Building on road at Panopeus, small, mudbrick, with statue of Asklepios or Prometheus","Phokis Bk10",Panopeos/Phanotis,['oikema'],['10.4.4'],Panopeos/Phanotis,NULL,NULL,NULL,NULL,NULL,NULL,NULL
26.588055600000004,38.1997222,"Korykos (mountain)","Asia Minor (Asia)",Erythrai,['oros'],['10.12.7'],NULL,https://pleiades.stoa.org/places/550666,NULL,https://wikidata.org/wiki/Q31515083,NULL,NULL,NULL,NULL
22.6555,38.4156,"sanctuary of Artemis Diktynnaia near Ambrossos","Phokis Bk10","Phokis Bk10",['hieron'],['10.36.5'],NULL,https://pleiades.stoa.org/places/540664,https://topostext.org/place/384227SDik,https://wikidata.org/wiki/Q134040011,NULL,NULL,NULL,NULL
26.1342335,38.37641,"Chios (polity)","Aegean Sea (Hellas)","Aegean Sea (Hellas)",['polis'],"['10.9.9','6.15.2','6.9.3','7.4.10']",NULL,https://pleiades.stoa.org/places/550496,NULL,https://wikidata.org/wiki/Q748832,NULL,NULL,NULL,NULL
30.17353,38.07289,Kelainai,"Asia Minor (Asia)",Phrygia,['settlement'],"['10.30.9','2.5.3']",NULL,https://pleiades.stoa.org/places/638751,NULL,https://wikidata.org/wiki/Q617518,NULL,"Celaenae, Apameia, Kibotos",NULL,NULL
22.0945,38.8374,Ainis,"Hellas (Europe)",Phthiotis,['chora'],"['10.22.8','10.22.9','10.8.2','10.8.3']",NULL,https://pleiades.stoa.org/places/540611,https://topostext.org/place/389221RAin,https://wikidata.org/wiki/Q4697441,NULL,Ainianes,NULL,NULL
23.706200000000003,37.9373,Phaleron,"Attica Bk1","Attica Bk1",['demos'],"['1.1.2','1.1.4','1.1.5','1.28.9','1.36.4','10.35.2','8.10.4']",NULL,https://pleiades.stoa.org/places/580072,NULL,https://wikidata.org/wiki/Q534927,NULL,NULL,NULL,NULL
22.505528,38.483082,"Castalian spring","Phokis Bk10","Sanctuary of Pythian Apollo at Delphi",['pege'],"['10.8.10','10.8.9']",NULL,https://pleiades.stoa.org/places/203037083,NULL,https://wikidata.org/wiki/Q152348,https://resource.manto.unh.edu/10270831,"Kastalia spring at Delphi",NULL,NULL
22.66931,38.58344,"Peribolos of sanctuary of Asklepios outside Tithorea","Phokis Bk10",Tithorea/Neon,['peribolos'],['10.32.12'],Tithorea/Neon,NULL,NULL,NULL,NULL,NULL,NULL,NULL
22.50592,38.62687,"Sanctuary of Artemis at Lilaia","Phokis Bk10",Lilaia,['hieron'],['10.33.4'],Lilaia,NULL,NULL,https://wikidata.org/wiki/Q134037271,NULL,NULL,NULL,NULL
22.573,38.671,"temple of Apollo for the Tithronians, no agalma","Phokis Bk10","Grove of Apollo in Tithronian territory by Drymaia road intersection.",['naos'],['10.33.12'],"Grove of Apollo in Tithronian territory by Drymaia road intersection.",NULL,NULL,NULL,NULL,NULL,NULL,NULL
21.925,37.186,"Ithome Mt. (Messenia)","Messenia Bk4","Messenia Bk4","['oros','settlement']","['1.29.8','10.38.10','3.11.8','4.1.3','4.10.1','4.11.2','4.11.4','4.12.2','4.12.5','4.12.9','4.13.6','4.14.2','4.15.1','4.20.4','4.23.6','4.24.6','4.24.7','4.26.3','4.26.7','4.29.2','4.29.5','4.3.9','4.31.4','4.33.1','4.9.1','4.9.2','4.9.4','6.3.13','8.50.5']",NULL,https://pleiades.stoa.org/places/570318,https://topostext.org/place/372219LIth,https://wikidata.org/wiki/Q602538,NULL,NULL,NULL,NULL
22.7195,37.6316,"Argos (Argolid)","Argolid Bk2","Argolid Bk2",['polis'],"['1.13.7','1.13.8','1.14.2','1.25.4','1.27.10','1.33.1','1.41.1','1.43.7','1.43.8','10.10.5','10.35.1','10.8.5','2.13.1','2.15.1','2.15.2','2.15.4','2.16.1','2.16.2','2.16.3','2.18.1','2.18.5','2.18.7','2.18.8','2.19.3','2.20.4','2.20.5','2.20.8','2.21.7','2.22.4','2.22.6','2.22.8','2.23.1','2.23.5','2.24.5','2.25.1','2.25.2','2.25.5','2.25.7','2.25.8','2.28.4','2.30.10','2.34.4','2.34.5','2.35.2','2.36.6','2.38.1','2.4.2','2.6.6','2.8.6','3.1.4','3.1.5','3.9.1','4.1.1','4.1.2','4.10.6','4.12.3','4.14.1','4.14.8','4.15.7','4.17.5','4.3.3','4.35.2','4.8.8','6.13.7','6.2.2','6.9.3','7.1.5','7.1.6','7.1.7','7.14.1','7.17.1','7.20.8','7.23.10','7.4.4','7.6.3','8.24.8','8.27.1','8.5.7','8.54.5','9.25.1','9.36.6','9.36.7','9.5.12']",NULL,https://pleiades.stoa.org/places/570106,https://topostext.org/place/376227PArg,https://wikidata.org/wiki/Q13533353,NULL,NULL,NULL,NULL
22.757,38.385,"Plain with vineyards between Stiris and Ambrossos","Phokis Bk10","Phokis Bk10",['pedion'],['10.36.1'],NULL,NULL,NULL,NULL,NULL,NULL,NULL,NULL
27.37404,36.686188,Knidos,"Asia Minor (Asia)","Cherronesos of Knidos",['polis'],"['1.1.3','1.2.2','10.11.1','10.11.3','5.24.7','6.3.16','8.30.2']",NULL,https://pleiades.stoa.org/places/599576,NULL,https://wikidata.org/wiki/Q690575,NULL,Cnidus,https://imperium.ahlfeldt.se/places/21190,NULL
22.2,38.8,Chenai/Chen,"Hellas (Europe)",Phthiotis,['settlement'],['10.24.1'],NULL,https://pleiades.stoa.org/places/543669,NULL,https://wikidata.org/wiki/Q16454538,NULL,NULL,NULL,NULL
32.816,25.9966,Coptos,"Libya (Africa)","Egypt (region)",['polis'],['10.32.18'],NULL,https://pleiades.stoa.org/places/786010,NULL,https://wikidata.org/wiki/Q935454,NULL,NULL,NULL,NULL
22.793,38.278,"Herakleios river of Boulis","Phokis Bk10","harbor of Boulis",['cheimarros'],"['10.37.2','10.37.3']","harbor of Boulis",NULL,https://topostext.org/place/383228WHer,NULL,NULL,NULL,NULL,NULL
22.68143,38.47571,"Three-way junction on the Schiste hodos","Phokis Bk10","Schiste Hodos",['hodos'],['10.5.4'],"Schiste Hodos",NULL,NULL,NULL,NULL,NULL,NULL,NULL
23.726464,37.971687,"Athenai Bk1","Attica Bk1","Attica Bk1",['polis'],"['1.1.2','1.1.5','1.14.1','1.14.5','1.14.7','1.15.2','1.17.6','1.18.4','1.18.8','1.19.1','1.2.1','1.2.4','1.2.5','1.20.4','1.20.5','1.20.6','1.20.7','1.22.3','1.23.9','1.25.5','1.25.8','1.26.2','1.26.3','1.26.6','1.27.10','1.27.2','1.27.3','1.27.5','1.27.6','1.27.8','1.28.4','1.28.8','1.29.12','1.29.2','1.3.2','1.30.1','1.30.2','1.32.3','1.32.6','1.33.1','1.33.2','1.34.3','1.35.3','1.36.3','1.37.5','1.37.6','1.37.7','1.39.4','1.40.5','1.41.4','1.41.9','1.8.5','10.10.1','10.18.7','10.2.3','10.21.6','10.23.14','10.3.1','10.34.8','10.35.8','10.37.6','10.4.3','10.4.9','10.8.5','2.1.4','2.14.4','2.18.9','2.26.2','2.27.2','2.3.8','2.31.7','2.33.4','2.33.5','2.6.5','3.12.7','3.3.7','3.4.2','3.5.2','3.6.4','3.6.5','3.8.6','3.9.6','4.13.7','4.15.1','4.17.5','4.2.6','4.26.8','4.5.10','4.5.2','5.10.4','5.11.6','5.12.4','5.19.3','5.21.1','5.26.6','5.6.5','6.17.9','6.20.14','6.22.7','7.1.2','7.1.3','7.10.4','7.11.6','7.2.2','7.2.7','7.20.6','7.24.5','7.25.2','7.25.4','7.7.8','7.9.6','8.11.6','8.23.3','8.37.3','8.8.6','9.1.4','9.14.7','9.15.4','9.15.5','9.26.6','9.3.2','9.30.1','9.32.5','9.35.3','9.39.1','9.6.2','9.7.1']",NULL,https://pleiades.stoa.org/places/579885,NULL,https://wikidata.org/wiki/Q844930,NULL,"Athens Athenae polis",NULL,NULL
22.66931,38.58344,"ancient agora of Tithorea with enclosure wall","Phokis Bk10",Tithorea/Neon,['peribolos'],['10.32.10'],Tithorea/Neon,NULL,NULL,NULL,NULL,NULL,NULL,NULL
23.0465058,39.43722,"Pelion (mountain)","Hellas (Europe)","Magnesia region (Magnesia)",['oros'],"['10.19.2','7.7.6']",NULL,https://pleiades.stoa.org/places/541021,NULL,https://wikidata.org/wiki/Q1334825,NULL,NULL,NULL,NULL
17.88151162,40.41225885,Messapii,"Italia (Europe)","Italia (Europe)",['chora'],['10.10.6'],NULL,https://pleiades.stoa.org/places/442657,NULL,https://wikidata.org/wiki/Q737684,NULL,NULL,NULL,NULL
22.806,38.554,Parapotamioi,"Phokis Bk10","Phokis Bk10",['polis'],"['10.3.1','10.33.8']",NULL,https://pleiades.stoa.org/places/541011,NULL,https://wikidata.org/wiki/Q15674594,NULL,NULL,NULL,NULL
22.50592,38.62687,"Sanctuary of Apollo at Lilaia","Phokis Bk10",Lilaia,['hieron'],['10.33.4'],Lilaia,NULL,NULL,https://wikidata.org/wiki/Q134037267,NULL,NULL,NULL,NULL
30.7,27.1,"Egypt (region)","Libya (Africa)","Roman empire","['major region']","['1.11.5','1.36.6','1.39.6','1.42.3','1.44.3','1.6.1','1.6.3','1.6.5','1.6.6','1.6.7','1.6.8','1.7.1','1.7.2','1.7.3','1.9.1','1.9.3','1.9.4','10.32.18','10.7.8','2.16.1','2.9.3','3.10.2','3.6.9','5.21.15','5.7.4','6.26.9','6.3.1','7.5.5','8.33.3']",NULL,https://pleiades.stoa.org/places/981503,NULL,https://wikidata.org/wiki/Q11768,NULL,NULL,NULL,NULL
15.0878345,37.5024825,Katane/Catina,"Sicilia (island)","Sicilia (island)",['chora'],"['10.28.4','5.23.6','7.16.5']",NULL,https://pleiades.stoa.org/places/462270,NULL,https://wikidata.org/wiki/Q3813280,NULL,NULL,NULL,NULL
26.1769,39.3692,"Sea near Methymna","Aegean Sea (Hellas)","Aegean Sea (Hellas)",['thalassa'],['10.19.3'],NULL,NULL,NULL,NULL,NULL,NULL,NULL,NULL
22.66931,38.58344,"Sanctuary of Asklepios near Tithorea","Phokis Bk10",Tithorea/Neon,['hieron'],"['10.32.12','10.32.13']",Tithorea/Neon,NULL,NULL,https://wikidata.org/wiki/Q134037344,NULL,NULL,NULL,NULL
22.5011,38.48304,"Kassotis spring at Delphi just after stone of Kronos","Phokis Bk10","Sanctuary of Pythian Apollo at Delphi",['pege'],['10.24.7'],NULL,NULL,NULL,NULL,https://resource.manto.unh.edu/10273381,NULL,NULL,NULL
37.867771,37.056925,Zeugma,"Asia (continent)","Euphrates (river)",['polis'],['10.29.4'],NULL,https://pleiades.stoa.org/places/658636,NULL,https://wikidata.org/wiki/Q196987,NULL,NULL,NULL,NULL
19.5,41.5,"Illyria (Europe)",Europe,Europe,"['major region']","['1.4.1','10.19.7','4.35.5','4.35.6','4.35.7','9.5.13','9.5.3','9.8.6']",NULL,https://pleiades.stoa.org/places/481866,NULL,https://wikidata.org/wiki/Q32047,NULL,"Illyrii Illyrians",NULL,NULL
27.184167,39.1325,Pergamum,"Asia Minor (Asia)",Mysia,['settlement'],"['1.10.4','1.11.2','1.4.5','1.4.6','10.15.3','10.18.6','3.26.10','5.13.3','5.13.8','7.16.1','7.16.8','7.2.11','8.4.9']",NULL,https://pleiades.stoa.org/places/550812,NULL,https://wikidata.org/wiki/Q18986,NULL,NULL,NULL,NULL
23.538,38.0411,"sanctuary of the Eleusinian Mysteries at Eleusis","Attica Bk1","Eleusis (Attica)",['hieron'],"['1.38.7','10.31.11','3.4.2','3.4.6','8.15.1','8.31.7']",NULL,https://pleiades.stoa.org/places/579910,https://topostext.org/place/380235SEle,https://wikidata.org/wiki/Q94299853,NULL,NULL,NULL,NULL
23.6765,38.34,"Delion sanctuary (Boeotia)","Boiotia Bk9",Tanagraia,"['battlefield','hieron']","['1.29.13','10.28.6','3.6.1','9.20.1','9.6.3']",NULL,https://pleiades.stoa.org/places/540725,https://topostext.org/place/383237UDel,https://wikidata.org/wiki/Q1184284,NULL,NULL,NULL,NULL
26.331240830000002,39.90055031,Troas,"Asia (continent)","Asia Minor (Asia)",['chora'],"['1.4.6','10.12.6','10.14.1','10.14.4','10.36.10','4.2.7','5.25.6','6.4.9']",NULL,https://pleiades.stoa.org/places/550944,NULL,https://wikidata.org/wiki/Q2454671,NULL,NULL,NULL,NULL
22.959486,38.495082,"Orchomenos (Boeotia)","Boiotia Bk9","Boiotia Bk9",['polis'],"['10.29.5','10.35.1','10.4.1','4.27.10','8.33.2','9.15.3','9.24.3','9.34.6','9.36.1','9.36.2','9.36.6','9.36.7','9.36.8','9.37.8','9.38.3','9.38.4','9.38.6','9.38.8','9.9.2']",NULL,https://pleiades.stoa.org/places/540987,NULL,https://wikidata.org/wiki/Q543895,NULL,"Minyan Orchomenus",NULL,NULL
23.364,37.9764,"Nisaia (Megarid)","Megarid Bk1","Megarid Bk1","['battlefield','limen','settlement']","['1.19.4','1.39.4','1.44.3','10.15.1','2.34.7']",NULL,https://pleiades.stoa.org/places/570508,https://topostext.org/place/380234UNis,https://wikidata.org/wiki/Q2537089,NULL,NULL,NULL,NULL
22.79418,38.49551,"City walls of Panopeos","Phokis Bk10",Panopeos/Phanotis,['teichos'],['10.4.2'],Panopeos/Phanotis,NULL,NULL,NULL,NULL,NULL,NULL,NULL
22.811,38.658,"residences at Athena Kranaia hieron, through stoas, for attendants of the god.","Phokis Bk10","Sanctuary of Athena Kranaia above Elateia",['oikia'],['10.34.7'],"Sanctuary of Athena Kranaia above Elateia",NULL,NULL,NULL,NULL,NULL,NULL,NULL
22.3557,38.4802,"Altar of Meilichian gods in grove at Myonia","Phokis Bk10","Myonia/Myania (Phokis)",['bomos'],['10.38.8'],"Myonia/Myania (Phokis)",NULL,NULL,NULL,NULL,NULL,NULL,NULL
22.5056,38.4806,"Delphi (polis)","Phokis Bk10","Phokis Bk10",['polis'],['10.9.1'],NULL,NULL,https://topostext.org/place/385225PDel,https://wikidata.org/wiki/Q75459,NULL,NULL,NULL,NULL
22.626059,38.375439,"Tomb of Schedius and Epistrophus at Antikyra, the sons of Iphitus","Phokis Bk10",Antikyra,['mnema'],['10.36.10'],Antikyra,NULL,NULL,NULL,https://resource.manto.unh.edu/10274722,NULL,NULL,NULL
26.052999999999997,38.414,"Chios (island)","Aegean Sea (Hellas)","Aegean Sea (Hellas)",['nesos'],"['1.29.11','10.16.1','7.4.1','7.4.8','7.4.9','7.5.13','7.5.6']",NULL,https://pleiades.stoa.org/places/550497,NULL,https://wikidata.org/wiki/Q160483,NULL,NULL,NULL,NULL
9.116991,39.218721,Caralis,"Internum Mare","Sardinia (island)",['polis'],['10.17.9'],NULL,https://pleiades.stoa.org/places/471899,NULL,https://wikidata.org/wiki/Q1897,NULL,NULL,NULL,NULL
22.491299,40.177012,Dion,"Macedonia (Europe)",Pieria,['polis'],"['10.13.5','9.30.11','9.30.7']",NULL,https://pleiades.stoa.org/places/491572,NULL,https://wikidata.org/wiki/Q9207638,NULL,NULL,NULL,NULL
21.7850004,38.3099987,"Rhion Pr.","Achaia Bk7","Achaia Bk7",['akra'],"['10.11.6','7.22.10','8.5.6']",NULL,https://pleiades.stoa.org/places/570646,NULL,https://wikidata.org/wiki/Q24990480,NULL,Rion,NULL,NULL
21.098477,39.208695,"spring just outside walls of Phana in Aitolia","Aitolia region",Phana,['pege'],['10.18.3'],Phana,NULL,NULL,NULL,NULL,NULL,NULL,NULL
22.50151,38.48254,"Treasury of the Syrakousans at Delphi, spoils of the Athenians","Phokis Bk10","Sanctuary of Pythian Apollo at Delphi",['thesauros'],['10.11.5'],"Sanctuary of Pythian Apollo at Delphi",NULL,NULL,NULL,NULL,NULL,NULL,NULL
22.540903,38.623689,Erochos,"Phokis Bk10","Phokis Bk10",['polis'],['10.3.2'],NULL,https://pleiades.stoa.org/places/540770,NULL,https://wikidata.org/wiki/Q12872519,NULL,NULL,NULL,NULL
-6.294444,36.528381,"Gadeira/Gades/Col. Augusta Gaditana",Europe,"Iberi (Spain)",['settlement'],"['1.35.8','10.4.6']",NULL,https://pleiades.stoa.org/places/256177,NULL,https://wikidata.org/wiki/Q5890310,NULL,NULL,NULL,NULL
22.538294,38.796511,Thermopylae,"Hellas (Europe)",Phthiotis,"['esbole','teichos']","['1.1.3','1.3.5','1.4.1','1.4.2','1.4.3','1.4.4','10.20.1','10.20.2','10.20.3','10.20.6','10.20.9','10.21.1','10.21.2','10.21.6','10.22.12','10.22.5','10.22.7','10.22.8','2.16.5','3.12.9','3.14.1','3.4.7','3.4.8','3.5.5','4.35.9','7.15.3','7.24.4','7.6.3','7.6.7','8.51.4','8.52.2','8.6.3','9.15.2','9.32.9']",NULL,https://pleiades.stoa.org/places/541140,NULL,https://wikidata.org/wiki/Q194450,NULL,NULL,NULL,NULL
22.757,38.385,"Stiris (Phokis)","Phokis Bk10","Phokis Bk10",['polis'],"['10.3.2','10.35.10','10.35.8']",NULL,https://pleiades.stoa.org/places/541113,NULL,https://wikidata.org/wiki/Q12884846,NULL,Steiris,NULL,NULL
24.0247,37.6498,"Sounion cape (Attica)","Attica Bk1","Attica Bk1",['akra'],"['1.1.1','1.28.2','1.35.1','10.25.2']",NULL,https://pleiades.stoa.org/places/580108,https://topostext.org/place/376240LSou,https://wikidata.org/wiki/Q1136637,NULL,NULL,NULL,NULL
26.117749999999997,39.536211,Smintheion,"Asia Minor (Asia)",Troas,"['naos','settlement']",['10.12.6'],NULL,https://pleiades.stoa.org/places/550892,https://topostext.org/place/395261USmi,https://wikidata.org/wiki/Q65072495,NULL,NULL,NULL,NULL
26.286,39.155,"Pyrra (Lesbos)","Aegean Sea (Hellas)","Lesbos (island)",['polis'],['10.25.5'],NULL,NULL,https://topostext.org/place/391262PPyr,https://wikidata.org/wiki/Q6076774,NULL,NULL,NULL,NULL
26.5013,38.55674,"Mimas (mountain)","Asia Minor (Asia)","Ionia (region)",['oros'],"['10.9.9','2.1.5','7.4.1']",NULL,https://pleiades.stoa.org/places/550744,NULL,https://wikidata.org/wiki/Q31529408,NULL,NULL,NULL,NULL
22.3584897,40.0862269,"Ouranos (home of the gods)","Hellas (Europe)","Olympos (mountain in Greece)","['mythical place']","['1.20.3','1.26.6','10.30.2','3.18.11','3.19.4','3.19.5','5.11.7','9.37.8']","Olympos (mountain in Greece)",NULL,NULL,https://wikidata.org/wiki/Q70054479,NULL,"Heaven Olympus sky",NULL,NULL
22.2,39.6,Thessalia,"Hellas (Europe)","Hellas (Europe)",['chora'],"['1.11.1','1.29.13','1.4.1','1.8.3','10.22.3','10.8.4','2.2.5','2.23.5','2.24.1','2.6.1','3.20.6','3.6.1','3.7.9','3.9.12','3.9.13','4.36.3','5.1.11','6.17.9','6.4.7','7.1.2','7.1.3','7.10.2','7.15.2','7.19.7','7.6.5','8.27.10','8.6.2','9.15.1','9.40.5','9.8.6']",NULL,https://pleiades.stoa.org/places/1332,NULL,https://wikidata.org/wiki/Q1247568,NULL,NULL,NULL,NULL
17.25,40.75,"Taras (river)","Italia (Europe)","Italia (Europe)",['potamos'],['10.10.8'],NULL,https://pleiades.stoa.org/places/442811,NULL,NULL,NULL,NULL,NULL,NULL
21.630126,37.637849,Olympia,"Eleia Bk5 Bk6","Pisa (Eleia)",['hieron'],"['1.28.1','1.35.6','1.44.1','10.14.5','10.37.4','10.38.8','10.7.5','10.9.4','2.11.8','2.5.7','2.7.2','3.8.3','3.8.4','3.8.5','4.31.6','5.1.4','5.1.7','5.10.1','5.10.3','5.10.4','5.10.5','5.10.7','5.10.9','5.11.10','5.11.4','5.11.9','5.12.4','5.12.5','5.12.8','5.13.1','5.13.10','5.13.9','5.14.1','5.14.2','5.14.4','5.15.12','5.15.3','5.16.8','5.17.5','5.2.3','5.2.5','5.20.6','5.21.16','5.23.3','5.23.6','5.24.4','5.24.6','5.24.8','5.25.12','5.25.13','5.25.4','5.25.5','5.25.7','5.26.1','5.26.4','5.26.5','5.26.7','5.27.1','5.27.2','5.27.9','5.4.4','5.4.5','5.4.6','5.4.7','5.4.8','5.5.3','5.6.1','5.6.7','5.6.8','5.7.1','5.7.10','5.7.6','5.7.9','5.8.1','5.8.2','5.8.5','5.8.6','5.9.1','5.9.4','6.1.6','6.10.2','6.10.4','6.10.8','6.12.4','6.12.5','6.12.6','6.12.7','6.12.8','6.13.11','6.13.2','6.13.3','6.13.5','6.13.6','6.13.8','6.14.1','6.14.10','6.14.13','6.14.2','6.14.3','6.14.5','6.15.1','6.15.2','6.15.3','6.15.6','6.15.9','6.16.1','6.16.4','6.16.5','6.16.8','6.16.9','6.17.2','6.17.7','6.18.1','6.18.2','6.18.7','6.19.1','6.19.10','6.19.14','6.19.4','6.2.10','6.2.2','6.2.6','6.20.14','6.20.19','6.20.2','6.20.7','6.21.2','6.22.5','6.22.7','6.23.1','6.23.6','6.3.11','6.3.14','6.3.15','6.3.2','6.3.9','6.4.11','6.4.2','6.4.5','6.4.6','6.4.9','6.5.7','6.6.1','6.6.3','6.6.5','6.7.10','6.7.3','6.7.8','6.8.1','6.8.2','6.8.3','6.8.6','6.9.3','7.17.13','7.17.14','7.17.6','7.23.5','7.27.5','7.27.6','7.6.4','8.1.2','8.19.1','8.42.9','8.48.1','8.48.2','8.50.3','8.54.3','9.23.1','9.7.5']",NULL,https://pleiades.stoa.org/places/570531,NULL,https://wikidata.org/wiki/Q38888,https://resource.manto.unh.edu/10217933,"Sanctuary of Olympian Zeus in Pisatis",NULL,NULL
22.8956,38.6366,"Smaller temple at Abai, made by Hadrian","Phokis Bk10","Sanctuary of Apollo of Abai",['naos'],['10.35.4'],"Sanctuary of Apollo of Abai",NULL,NULL,NULL,NULL,NULL,NULL,NULL
22.8802,37.9054,"Corinth (Corinthia)","Corinthia Bk2","Corinthia Bk2",['polis'],"['1.27.10','1.27.9','1.29.11','1.37.5','1.39.4','1.44.10','1.44.6','10.11.6','10.5.3','10.8.5','10.9.10','2.1.1','2.1.2','2.1.6','2.15.1','2.2.2','2.2.4','2.2.5','2.2.6','2.28.8','2.3.1','2.3.10','2.3.11','2.3.5','2.3.7','2.31.9','2.4.3','2.4.4','2.4.6','2.5.1','2.5.5','2.6.1','2.7.2','2.8.4','2.8.5','3.10.1','3.5.7','4.17.5','5.10.5','5.17.5','6.2.2','7.14.1','7.14.2','7.14.5','7.15.10','7.16.4','7.16.7','7.27.6','7.6.7','7.7.6','7.8.1','7.8.2','9.26.2','9.6.4','9.9.4']",NULL,https://pleiades.stoa.org/places/570182,https://topostext.org/place/379229PKor,https://wikidata.org/wiki/Q1363688,NULL,Korinthos,NULL,NULL
14.9958286,37.751113,"Aetna (mountain)","Sicilia (island)","Sicilia (island)",['oros'],"['10.28.4','3.23.9']",NULL,https://pleiades.stoa.org/places/462077,NULL,https://wikidata.org/wiki/Q16990,NULL,NULL,NULL,NULL
-22.1,36.33,"Atlanticus Oceanus",NULL,"Ocean River",['thalassa'],"['1.23.5','1.33.3','1.33.4','1.33.5','1.33.6','1.35.7','1.4.1','10.20.3']",NULL,https://pleiades.stoa.org/places/845,NULL,https://wikidata.org/wiki/Q97,NULL,NULL,NULL,NULL
26.155499999999996,39.915,"Tomb of Achilles in Troad","Asia Minor (Asia)",Troas,['mnema'],"['1.22.6','10.25.10']",NULL,NULL,NULL,NULL,https://resource.manto.unh.edu/8240602,NULL,NULL,NULL
22.42479249,40.13002812,Pieria,"Macedonia (Europe)","Macedonia (Europe)",['oros'],"['10.13.5','9.30.7','9.30.8','9.30.9']",NULL,https://pleiades.stoa.org/places/491696,NULL,https://wikidata.org/wiki/Q7800388,NULL,NULL,NULL,NULL
22.905228,38.596346,"Theater of Hyampolis not far from the gates","Phokis Bk10",Hyampolis,['theatron'],['10.35.6'],Hyampolis,NULL,NULL,NULL,NULL,NULL,NULL,NULL
22.3557,38.4802,"Grove of Meilichian gods at Myonia","Phokis Bk10","Myonia/Myania (Phokis)",['alsos'],['10.38.8'],"Myonia/Myania (Phokis)",NULL,NULL,NULL,NULL,NULL,NULL,NULL
20.749775,38.923568,"Actium Pr.","Aitolia region",Akarnania,['akra'],"['10.8.3','8.8.12']",NULL,NULL,NULL,https://wikidata.org/wiki/Q216551,NULL,NULL,https://imperium.ahlfeldt.se/places/41195,NULL
22.973,37.928,"Isthmus of Corinth","Corinthia Bk2","Corinthia Bk2",['chora'],"['1.25.4','1.27.10','1.44.8','10.5.3','2.1.4','2.1.5','2.1.6','2.1.7','2.15.1','2.2.2','2.2.3','2.29.7','2.5.7','2.8.5','3.21.6','3.9.1','4.9.2','5.2.1','5.3.6','6.13.10','7.15.11','7.16.1','7.27.5','7.6.7','7.7.2','8.1.1','8.48.2','8.5.1','8.5.6']",NULL,https://pleiades.stoa.org/places/570317,https://topostext.org/place/379230LIst,https://wikidata.org/wiki/Q215200,NULL,NULL,NULL,NULL
14.991049999999998,38.38338,"Hot baths on the shore of Hiera island","Internum Mare","Hiera (Hephaistou) (island)",['loutron'],['10.11.4'],"Hiera (Hephaistou) (island)",NULL,NULL,NULL,NULL,NULL,NULL,NULL
22.79418,38.49551,"Nine Plethra","Phokis Bk10",Panopeos/Phanotis,['chorion'],['10.4.5'],Panopeos/Phanotis,NULL,NULL,NULL,NULL,"Ennea Plethra",NULL,NULL
14.058,40.848,"Sanctuary of Apollo at Cumae in Campania","Italia (Europe)","Cumae/Kyme (Campanian)",['hieron'],"['10.12.8','8.24.5']","Cumae/Kyme (Campanian)",NULL,NULL,https://wikidata.org/wiki/Q134036730,https://resource.manto.unh.edu/11321544,NULL,NULL,NULL
9.20007744,42.10333162,"Corsica/Kyrnos (island)","Internum Mare","Internum Mare",['nesos'],"['10.17.11','10.17.8']",NULL,https://pleiades.stoa.org/places/472063,NULL,https://wikidata.org/wiki/Q1784775,NULL,NULL,NULL,NULL
8.7362377,39.9673855,"Thyrsos (river)","Internum Mare","Sardinia (island)",['potamos'],['10.17.6'],NULL,https://pleiades.stoa.org/places/472033,NULL,https://wikidata.org/wiki/Q22956226,NULL,NULL,NULL,NULL
22.757,38.385,"Spring four stadia from Stiris, only drinking water","Phokis Bk10","Stiris (Phokis)",['pege'],['10.35.9'],"Stiris (Phokis)",NULL,NULL,NULL,NULL,NULL,NULL,NULL
22.79418,38.49551,"Ravine of Panopeos","Phokis Bk10",Panopeos/Phanotis,['charadra'],['10.4.1'],Panopeos/Phanotis,NULL,NULL,NULL,NULL,NULL,NULL,NULL
22.811,38.658,"Sanctuary of Athena Kranaia above Elateia","Phokis Bk10","Phokis Bk10",['hieron'],['10.34.7'],NULL,https://pleiades.stoa.org/places/540679,https://topostext.org/place/387228SAth,https://wikidata.org/wiki/Q38280358,NULL,"Athena Cranaea sanctuary",NULL,NULL
37.867771,37.056925,"Euphrates bridge at Zeugma","Asia (continent)","Euphrates (river)",['gephyra'],['10.29.4'],Zeugma,NULL,NULL,NULL,NULL,NULL,NULL,NULL
27.363816,37.9498235,"building with paintings at hieron of Ephesian Artemis, Ephesos","Asia Minor (Asia)","Sanctuary of Ephesian Artemis at Ephesus",['oikema'],['10.38.6'],"Sanctuary of Ephesian Artemis at Ephesus",NULL,NULL,NULL,NULL,NULL,NULL,NULL
14.058,40.848,"Cumae/Kyme (Campanian)","Italia (Europe)",Campania,['settlement'],"['10.12.8','7.22.8']",NULL,https://pleiades.stoa.org/places/432808,NULL,https://wikidata.org/wiki/Q243456,NULL,NULL,NULL,NULL
22.31275269,37.25289778,Peloponnesos,"Hellas (Europe)","Hellas (Europe)","['major region']","['1.13.4','1.13.7','1.25.4','1.27.10','1.27.5','1.3.4','1.41.2','10.1.2','10.18.2','10.38.10','2.1.1','2.1.2','2.1.5','2.12.3','2.13.1','2.13.7','2.18.7','2.20.1','2.21.5','2.24.5','2.26.1','2.26.3','2.26.4','2.34.4','2.34.8','2.37.3','2.5.3','2.5.6','2.5.7','2.7.6','2.8.6','2.9.2','3.1.6','3.13.2','3.2.6','3.21.6','3.22.6','3.3.4','3.7.6','3.9.1','4.14.6','4.15.6','4.24.7','4.26.1','4.26.3','4.26.5','4.27.11','4.27.8','4.27.9','4.28.1','4.29.13','4.29.2','4.29.4','4.31.11','4.34.10','4.34.5','4.34.9','4.35.1','5.1.1','5.1.2','5.1.7','5.1.8','5.3.5','5.3.6','5.6.3','5.8.2','6.2.10','6.2.11','6.7.6','7.13.5','7.15.6','7.3.9','7.7.6','8.1.1','8.1.2','8.27.5','8.30.5','8.38.7','8.45.3','8.5.1','8.5.6','8.51.3','8.54.7','9.14.4','9.15.4','9.32.1','9.9.2']",NULL,https://pleiades.stoa.org/places/570577,NULL,https://wikidata.org/wiki/Q78967,NULL,Peloponnese,NULL,NULL
25.190929999999998,37.03613,"Paros (island)","Aegean Sea (Hellas)","Cyclades region (Aegean)",['nesos'],"['1.32.4','10.28.3','5.20.2','9.20.4','9.22.6']",NULL,https://pleiades.stoa.org/places/599868,NULL,NULL,NULL,NULL,https://imperium.ahlfeldt.se/places/41422,NULL
22.5059,38.4815,"Open-air space of gymnasium at Delphi, once site of wood with boar","Phokis Bk10","Gymnasium (Delphi)",['hypaithros'],['10.8.8'],"Gymnasium (Delphi)",NULL,NULL,NULL,NULL,NULL,NULL,NULL
22.4,38.75,"Trachinia region","Hellas (Europe)",Phthiotis,['chora'],"['10.22.1','10.22.8']",NULL,NULL,https://topostext.org/place/388224RTra,https://wikidata.org/wiki/Q1057414,NULL,NULL,NULL,NULL
29.4055,37.5068,Themisonion,"Asia Minor (Asia)",Phrygia,['settlement'],['10.32.4'],NULL,https://pleiades.stoa.org/places/642565,NULL,https://wikidata.org/wiki/Q16327515,NULL,NULL,NULL,NULL
22.5384,38.0446,Pellene,"Achaia Bk7","Achaia Bk7",['settlement'],"['1.25.2','10.9.10','2.7.4','2.8.5','3.1.4','3.26.2','7.17.14','7.26.12','7.26.13','7.26.14','7.27.1','7.27.11','7.27.12','7.27.4','7.27.5','7.27.6','7.27.7','7.27.8','7.27.9','7.6.1','7.7.1','7.7.3','8.15.5','8.15.8','8.27.14']",NULL,https://pleiades.stoa.org/places/570576,NULL,https://wikidata.org/wiki/Q2068130,NULL,NULL,NULL,NULL
22.782061,38.645635,"Theater of Elateia on right margin of city","Phokis Bk10",Elateia,['theatron'],['10.34.6'],Elateia,NULL,NULL,NULL,NULL,NULL,NULL,NULL
23.2733,38.2213,"Plataea (Boeotia)","Boiotia Bk9",Plataiis,"['battlefield','polis']","['1.13.4','1.27.1','1.38.8','10.13.9','10.2.1','10.5.3','10.5.4','2.6.1','3.11.7','3.14.1','3.17.7','3.4.10','3.4.9','3.5.1','3.7.10','6.10.6','6.3.8','7.27.2','7.6.4','8.52.2','8.6.1','9.1.2','9.1.4','9.1.5','9.1.8','9.2.1','9.2.3','9.2.5','9.2.6','9.2.7','9.3.1','9.4.2','9.4.3','9.4.4','9.5.11','9.6.1','9.8.7']",NULL,https://pleiades.stoa.org/places/541063,https://topostext.org/place/382233PPla,https://wikidata.org/wiki/Q742538,NULL,Plataia,NULL,NULL
22.782061,38.645635,Elateia,"Phokis Bk10","Phokis Bk10",['settlement'],"['1.20.6','1.26.3','10.1.2','10.18.7','10.3.2','10.34.1','10.34.2','10.34.3','10.34.5','10.34.7','10.35.1','7.15.5','8.4.4']",NULL,https://pleiades.stoa.org/places/540755,NULL,https://wikidata.org/wiki/Q1235347,NULL,NULL,NULL,NULL
12.84525191,37.92541241,Elymi,"Sicilia (island)","Sicilia (island)",['chora'],['10.11.3'],NULL,https://pleiades.stoa.org/places/462193,NULL,https://wikidata.org/wiki/Q931423,NULL,Elymians,NULL,NULL
25.2666,37.4004,"Sanctuary of Delian Apollo on Delos","Aegean Sea (Hellas)","Delos island",['hieron'],"['1.18.5','1.29.1','10.12.5','3.23.3','3.23.5','8.33.2','8.48.3','9.12.6','9.34.6']",NULL,https://pleiades.stoa.org/places/599506,NULL,https://wikidata.org/wiki/Q106802906,NULL,NULL,NULL,NULL
33.27533716,35.04088353,"Cyprus (island)","Internum Mare","Internum Mare",['nesos'],"['1.29.13','1.6.6','1.6.8','1.9.1','1.9.2','10.24.3','3.11.5','8.15.7','8.5.2','8.5.3','9.19.1','9.41.2']",NULL,https://pleiades.stoa.org/places/707498,NULL,https://wikidata.org/wiki/Q644636,NULL,NULL,NULL,NULL
22.489574,38.640939,"Charadros river below Charadra, Phokis","Phokis Bk10",Charadra,['potamos'],['10.33.6'],Charadra,NULL,NULL,NULL,NULL,NULL,NULL,NULL
27.535590000000003,37.83698,"Cave sacred to Apollo at Aulai, near Lethaios river","Asia Minor (Asia)","Aulai locality with cave near Lethaios river",['spelaion'],['10.32.6'],"Aulai locality with cave near Lethaios river",NULL,NULL,NULL,NULL,NULL,NULL,NULL
22.50151,38.48254,"Mythical chasm at Delphi into which 3rd temple fell.","Phokis Bk10","Sanctuary of Pythian Apollo at Delphi",['barathron'],['10.5.12'],"Sanctuary of Pythian Apollo at Delphi",NULL,NULL,NULL,NULL,NULL,NULL,NULL
27.5,47.50000000000001,"Scythia (Europe)","Asia (continent)","Asia (continent)","['major region']","['1.43.1','10.31.8','8.43.3']",NULL,https://pleiades.stoa.org/places/1273,NULL,https://wikidata.org/wiki/Q845909,NULL,NULL,NULL,NULL
22.6222206,38.5348857,"Parnassus (mountain)","Phokis Bk10","Phokis Bk10",['oros'],"['1.4.4','10.14.7','10.23.4','10.23.5','10.24.7','10.29.5','10.32.2','10.32.7','10.33.3','10.33.5','10.36.3','10.4.3','10.5.1','10.5.6','10.6.1','10.6.2','10.6.7','10.8.9','2.29.2','2.29.3','4.33.3','4.34.10','4.34.11','4.34.9','5.1.2','7.3.10','8.4.6']",NULL,https://pleiades.stoa.org/places/541012,NULL,https://wikidata.org/wiki/Q105261,NULL,NULL,NULL,NULL
20.6,39.8,"Molossia region (Thesprotia)","Hellas (Europe)",Thesprotia,['chora'],['10.18.4'],NULL,https://pleiades.stoa.org/places/531003,https://topostext.org/place/398206RMol,https://wikidata.org/wiki/Q11937293,NULL,NULL,NULL,NULL
22.704926,38.554265,"Heroon of Hero Archegetos at Tronis","Phokis Bk10",Tronis,"['heroon','taphos']",['10.4.10'],Tronis,NULL,NULL,NULL,https://resource.manto.unh.edu/10269065,NULL,NULL,NULL
22.7656,37.916,"Orneiai/Orneai near Sicyonia","Sikyonia Bk2",Peloponnesos,['settlement'],"['10.18.5','2.12.5']",NULL,https://pleiades.stoa.org/places/573417,https://topostext.org/place/379228XDor,https://wikidata.org/wiki/Q7103538,NULL,NULL,NULL,NULL
22.50592,38.62687,"Theater of Lilaia","Phokis Bk10",Lilaia,['theatron'],['10.33.4'],Lilaia,NULL,NULL,NULL,NULL,NULL,NULL,NULL
32.816,25.9966,"Adyton of Isis at Koptos in Egypt","Libya (Africa)",Coptos,['adyton'],['10.32.18'],Coptos,NULL,NULL,NULL,NULL,NULL,NULL,NULL
22.573,38.671,"Altars of Apollo for the Tithronians","Phokis Bk10","Grove of Apollo in Tithronian territory by Drymaia road intersection.",['bomos'],['10.33.12'],"Grove of Apollo in Tithronian territory by Drymaia road intersection.",NULL,NULL,NULL,NULL,NULL,NULL,NULL
8.45288,39.071279,Sulci(s),"Internum Mare","Sardinia (island)",['polis'],['10.17.9'],NULL,https://pleiades.stoa.org/places/472024,NULL,https://wikidata.org/wiki/Q1782566,NULL,NULL,NULL,NULL
22.4689446,38.4753859,Krisa,"Phokis Bk10","Phokis Bk10",['settlement'],['10.37.5'],NULL,https://pleiades.stoa.org/places/540889,NULL,https://wikidata.org/wiki/Q4241204,NULL,NULL,NULL,NULL
25.336030000000004,36.7136,"Ios (island)","Aegean Sea (Hellas)","Cyclades region (Aegean)",['nesos'],['10.24.2'],NULL,https://pleiades.stoa.org/places/599673,NULL,https://wikidata.org/wiki/Q216993,NULL,NULL,https://imperium.ahlfeldt.se/places/41350,NULL
22.43,38.446,"plain below Delphi with hippodrome","Phokis Bk10","Phokis Bk10",['pedion'],['10.37.4'],NULL,NULL,NULL,NULL,NULL,NULL,NULL,NULL
22.760566,38.485096,Phokikon,"Phokis Bk10","Phokis Bk10",['oikema'],"['10.5.1','10.5.2']",NULL,https://pleiades.stoa.org/places/541051,NULL,https://wikidata.org/wiki/Q106393075,NULL,NULL,NULL,NULL
22.500741,38.482335,"Treasury of the Corinthians at Delphi","Phokis Bk10","Sanctuary of Pythian Apollo at Delphi",['thesauros'],['10.13.5'],NULL,NULL,NULL,https://wikidata.org/wiki/Q75764078,NULL,NULL,NULL,NULL
22.626059,38.375439,"Spring in well above agora of Antikyra, with roof and columns","Phokis Bk10",Antikyra,"['pege','phrear']",['10.36.10'],Antikyra,NULL,NULL,NULL,NULL,NULL,NULL,NULL
29.750000000000004,38.75,Phrygia,"Asia (continent)","Asia Minor (Asia)",['chora'],"['10.36.1','2.5.3','8.4.3']",NULL,https://pleiades.stoa.org/places/609502,NULL,https://wikidata.org/wiki/Q32579,NULL,NULL,NULL,NULL
30.063644999999998,31.320896,Canopus,"Libya (Africa)","Egypt (region)",['settlement'],['10.13.8'],NULL,https://pleiades.stoa.org/places/727097,NULL,https://wikidata.org/wiki/Q1145180,NULL,NULL,NULL,NULL
26.5,31.5,"Libya (Africa)",NULL,"Roman empire","['major region']","['1.44.3','1.6.5','10.13.5','2.13.8','2.21.6','2.28.1','4.23.10','4.26.2','5.15.11','5.25.5','8.11.11','9.16.1','9.21.5','9.33.7']",NULL,https://pleiades.stoa.org/places/716588,NULL,https://wikidata.org/wiki/Q2370577,NULL,NULL,NULL,NULL
22.5012215,38.4823167,"Hearth in temple of Apollo at Delphi where the priest killed Neoptolemos","Phokis Bk10","Temple of Apollo at Delphi",['hestia'],['10.24.4'],"Temple of Apollo at Delphi",NULL,NULL,NULL,NULL,NULL,NULL,NULL
27.363816,37.9498235,"Stone barrier with agalmata at Ephesian Artemis sanctuary, Ephesus","Asia Minor (Asia)","Sanctuary of Ephesian Artemis at Ephesus",['teichos'],['10.38.6'],"Sanctuary of Ephesian Artemis at Ephesus",NULL,NULL,NULL,NULL,NULL,NULL,NULL
22.79418,38.49551,"Tomb of Tityos, earth mound at ravine of Panopeos","Phokis Bk10",Panopeos/Phanotis,['mnema'],['10.4.5'],"Nine Plethra",NULL,NULL,NULL,https://resource.manto.unh.edu/10269047,NULL,NULL,NULL
24.70109,36.9678,"Siphnian gold mines","Aegean Sea (Hellas)","Siphnos (island)",['lithotomia'],['10.11.2'],"Siphnos (island)",NULL,NULL,NULL,NULL,NULL,NULL,NULL
8.895951167,40.06802462,Iolaia,"Internum Mare","Sardinia (island)",['chorion'],['10.17.5'],"Sardinia (island)",https://pleiades.stoa.org/places/474924,NULL,NULL,NULL,NULL,NULL,NULL
22.626059,38.375439,"Gymnasium of Antikyra with baths","Phokis Bk10",Antikyra,['gymnasion'],['10.36.9'],Antikyra,NULL,NULL,NULL,NULL,NULL,NULL,NULL
22.66931,38.58344,"dwellings for suppliants and slaves in sanctuary of Asklepios near Tithorea","Phokis Bk10",Tithorea/Neon,['oikia'],['10.32.12'],Tithorea/Neon,NULL,NULL,NULL,NULL,NULL,NULL,NULL
22.4237,37.0821,Sparta,"Lakonia Bk3","Lakonia Bk3",['polis'],"['1.13.6','1.29.8','10.12.2','2.18.2','2.18.5','2.21.8','2.9.1','3.1.2','3.10.1','3.11.1','3.11.2','3.13.3','3.13.4','3.13.7','3.14.2','3.14.7','3.15.3','3.15.4','3.15.5','3.15.8','3.18.6','3.19.6','3.2.2','3.2.3','3.2.7','3.20.10','3.20.8','3.21.2','3.21.6','3.21.7','3.26.5','3.26.7','3.3.2','3.3.3','3.5.1','3.6.3','3.6.4','3.6.7','3.7.1','3.7.2','3.7.5','3.7.8','3.8.3','3.8.9','3.9.11','4.1.2','4.12.4','4.12.5','4.12.8','4.12.9','4.14.3','4.14.4','4.15.2','4.15.3','4.15.5','4.15.6','4.16.1','4.16.9','4.17.6','4.18.3','4.19.5','4.20.5','4.21.6','4.22.1','4.22.4','4.22.5','4.22.6','4.23.2','4.24.6','4.26.4','4.27.4','4.29.6','4.29.9','4.31.1','4.31.3','4.4.4','4.4.8','4.5.4','4.5.6','4.5.7','4.7.7','4.8.3','4.9.5','6.16.8','6.2.1','6.4.9','6.7.6','7.1.8','7.12.2','7.12.6','7.12.7','7.12.8','7.13.1','7.13.2','7.13.4','7.13.6','7.14.5','7.20.8','7.24.1','7.7.3','7.8.4','7.8.5','7.9.2','7.9.5','8.11.6','8.12.6','8.27.11','8.51.1','8.51.3','8.51.4','8.52.3','8.52.6','8.8.11','9.13.2','9.13.9','9.14.1','9.14.5','9.32.10','9.32.7']",NULL,https://pleiades.stoa.org/places/570685,https://topostext.org/place/371224PSpa,https://wikidata.org/wiki/Q5690,NULL,"Lacedaemon Lakedaimon",NULL,NULL
26.307181000000003,38.327245,Boutheia,"Asia Minor (Asia)","Ionia (region)",['settlement'],['10.9.9'],NULL,https://pleiades.stoa.org/places/550488,NULL,https://wikidata.org/wiki/Q17623230,NULL,NULL,NULL,NULL
21.5193991,38.3288971,"Euenos (river)","Aitolia region","Aitolia region",['potamos'],"['10.38.2','3.18.12']",NULL,https://pleiades.stoa.org/places/540780,NULL,https://wikidata.org/wiki/Q522489,NULL,NULL,NULL,NULL
20.9899,39.155,Ambracia,"Epiros region","Epiros region",['polis'],"['10.11.6','10.18.4','10.9.10','5.23.2','5.23.3','6.3.7']",NULL,https://pleiades.stoa.org/places/530794,NULL,https://wikidata.org/wiki/Q661559,NULL,NULL,NULL,NULL
22.811,38.658,"Hill, steep but not high, on which Athena Kranaia sanctuary","Phokis Bk10","Phokis Bk10",['lophos'],['10.34.7'],NULL,NULL,NULL,NULL,NULL,NULL,NULL,NULL
22.50592,38.62687,"Agora at Lilaia","Phokis Bk10",Lilaia,['agora'],['10.33.4'],Lilaia,NULL,NULL,https://wikidata.org/wiki/Q133963431,NULL,NULL,NULL,NULL
22.905228,38.596346,"Agora of Hyampolis of ancient construction","Phokis Bk10",Hyampolis,['agora'],['10.35.6'],Hyampolis,NULL,NULL,https://wikidata.org/wiki/Q133963425,NULL,NULL,NULL,NULL
14.845770000000002,38.55683,"Didyme (island)","Internum Mare","Islands of Aiolos",['nesos'],['10.11.4'],NULL,https://pleiades.stoa.org/places/462186,NULL,https://wikidata.org/wiki/Q505847,NULL,NULL,NULL,NULL
22.7329,38.5076,"Sanctuary of Athena at Daulis","Phokis Bk10",Daulis,['hieron'],['10.4.9'],NULL,NULL,NULL,https://wikidata.org/wiki/Q134037493,NULL,NULL,NULL,NULL
25.150727999999997,37.08579,Paros,"Aegean Sea (Hellas)","Paros (island)",['polis'],"['1.32.4','10.28.3','3.18.8','8.47.1','9.22.6']",NULL,https://pleiades.stoa.org/places/599867,NULL,https://wikidata.org/wiki/Q65040323,NULL,NULL,NULL,NULL
22.5056,38.4806,"Third temple at entry to Delphi polis, with imperial portraits","Phokis Bk10","Delphi (polis)",['naos'],['10.8.6'],"Delphi (polis)",NULL,NULL,NULL,NULL,NULL,NULL,NULL
23.42372,37.74991,"Aigina island Bk2",NULL,"Saronic Gulf",['nesos'],"['10.30.4','2.29.10','2.29.2','2.29.5','2.29.6','2.30.3','2.30.4','2.30.5','2.38.5','2.5.2','3.4.2','3.4.3','5.25.13','8.42.10']",NULL,https://pleiades.stoa.org/places/579844,NULL,https://wikidata.org/wiki/Q191082,NULL,Aegina,https://imperium.ahlfeldt.se/places/43633,NULL
14.991049999999998,38.38338,"Hiera (Hephaistou) (island)","Internum Mare","Islands of Aiolos",['nesos'],['10.11.4'],NULL,https://pleiades.stoa.org/places/462242,NULL,https://wikidata.org/wiki/Q207323,NULL,NULL,NULL,NULL
22.626059,38.375439,"Baths of Antikyra in gymnasium","Phokis Bk10",Antikyra,['loutron'],['10.36.9'],Antikyra,NULL,NULL,NULL,NULL,NULL,NULL,NULL
22.8416,38.4944,"Chaironea (Boeotia)","Boiotia Bk9","Boiotia Bk9",['battlefield'],"['1.18.8','1.20.6','1.25.3','1.27.5','1.29.13','1.41.8','10.3.3','10.3.4','10.35.8','10.4.1','4.28.2','5.20.10','5.4.9','6.4.7','7.15.6','7.15.9','7.6.5','8.27.10','8.6.2','9.1.8','9.29.8','9.40.5','9.40.6','9.41.7','9.6.5']",NULL,https://pleiades.stoa.org/places/540701,https://topostext.org/place/385228PCha,https://wikidata.org/wiki/Q13574678,NULL,NULL,NULL,NULL
15.21394,38.79272,"Strongyle (island)","Internum Mare","Islands of Aiolos",['nesos'],['10.11.4'],NULL,https://pleiades.stoa.org/places/452455,NULL,https://wikidata.org/wiki/Q131148,NULL,NULL,NULL,NULL
22.1976,38.345,"Sanctuary of Aphrodite in Oiantheia","Ozolian Lokris Bk10","Oiantheia/Euantheia (Phokis)",['hieron'],['10.38.9'],"Oiantheia/Euantheia (Phokis)",NULL,NULL,https://wikidata.org/wiki/Q134037069,NULL,NULL,NULL,NULL
23.706200000000003,37.9373,"Hera temple in Phaleron","Attica Bk1","road Phaleron to Athens",['naos'],"['1.1.5','10.35.2']",Phaleron,NULL,https://topostext.org/binder/JB1518,NULL,NULL,NULL,NULL,NULL
22.905228,38.596346,"Stoa of Hadrian at Hyampolis","Phokis Bk10",Hyampolis,['stoa'],['10.35.6'],Hyampolis,NULL,NULL,NULL,NULL,NULL,NULL,NULL
30.143764,38.33261,Stektorion,"Asia Minor (Asia)",Phrygia,['polis'],['10.27.1'],NULL,https://pleiades.stoa.org/places/609535,NULL,https://wikidata.org/wiki/Q131911713,NULL,NULL,NULL,NULL
22.8956,38.6366,"Sanctuary of Apollo of Abai","Phokis Bk10",Abai,['hieron'],"['10.35.2','10.35.3']",NULL,NULL,https://topostext.org/place/386229SAba,https://wikidata.org/wiki/Q38281622,NULL,NULL,NULL,NULL
22.500741,38.482335,"Treasury of the Potidaians at Delphi, built out of piety","Phokis Bk10","Sanctuary of Pythian Apollo at Delphi",['thesauros'],['10.11.5'],NULL,NULL,NULL,https://wikidata.org/wiki/Q105410185,NULL,NULL,NULL,NULL
22.4775,38.4672,"Pleistos river (Phokis)","Phokis Bk10","Phokis Bk10",['potamos'],"['10.37.7','10.8.8']",NULL,NULL,https://topostext.org/place/385225WPle,https://wikidata.org/wiki/Q3537166,NULL,NULL,NULL,NULL
26.4,40.2,Hellespontus,"Asia (continent)","Asia Minor (Asia)",['strait'],"['1.29.10','1.29.13','1.6.5','10.15.3','3.17.8','3.4.9','9.27.1']",NULL,https://pleiades.stoa.org/places/501434,NULL,https://wikidata.org/wiki/Q6514,NULL,NULL,NULL,NULL
22.811,38.302,"difficult mountains between Antikyra and Boulis","Phokis Bk10","Phokis Bk10",['oros'],['10.37.2'],NULL,NULL,NULL,NULL,NULL,NULL,NULL,NULL
22.81,38.28,"Sanctuary of Artemis at Boulis","Phokis Bk10",Boulis,['hieron'],['10.37.3'],Boulis,NULL,NULL,https://wikidata.org/wiki/Q134037532,NULL,NULL,NULL,NULL
22.5,43.5,Triballi,"Thrace (Europe)","Thrace (Europe)",['chora'],['10.19.7'],NULL,https://pleiades.stoa.org/places/207513,NULL,https://wikidata.org/wiki/Q1257541,NULL,NULL,NULL,NULL
34.75,31.249999999999996,Palaestina,"Asia (continent)","Syria (Asia)",['chora'],"['1.14.7','10.12.9','9.19.8']",NULL,https://pleiades.stoa.org/places/687995,NULL,https://wikidata.org/wiki/Q23792,NULL,Palestine,NULL,NULL
22.66931,38.58344,"Tomb of Antiope and Phokos at Tithorea","Phokis Bk10",Tithorea/Neon,['mnema'],['10.32.10'],Tithorea/Neon,NULL,NULL,NULL,https://resource.manto.unh.edu/10274614,NULL,NULL,NULL
22.66931,38.58344,"Area around hieron of Isis near Tithorea, where panêgyris is held.","Phokis Bk10","Enclosure of Isis near Tithorea",['chorion'],['10.32.15'],"Enclosure of Isis near Tithorea",NULL,NULL,NULL,NULL,NULL,NULL,NULL
22.489574,38.640939,"Altars of the Heroes (Dioskouroi? or local heroes) in agora of Charadra","Phokis Bk10",Charadra,['bomos'],['10.33.6'],Charadra,NULL,NULL,NULL,NULL,NULL,NULL,NULL
25.574368999999997,35.30686,Milatos,Crete,Crete,['settlement'],['10.30.2'],NULL,https://pleiades.stoa.org/places/589932,NULL,https://wikidata.org/wiki/Q17325188,NULL,NULL,NULL,NULL
22.374,38.53,"Tomb of Amphisse at Amphissa","Ozolian Lokris Bk10","Amphissa of Ozolian Locris",['mnema'],['10.38.5'],"Amphissa of Ozolian Locris",NULL,NULL,NULL,https://resource.manto.unh.edu/10274745,NULL,NULL,NULL
24.717535,40.78201,"Thasos island","Aegean Sea (Hellas)","Aegean Sea (Hellas)",['nesos'],"['10.28.3','6.11.7']",NULL,https://pleiades.stoa.org/places/501635,NULL,NULL,NULL,NULL,https://imperium.ahlfeldt.se/places/41114,NULL
22.3557,38.4802,"Poseidonion temenos of Poseidon above Myonia","Phokis Bk10","Myonia/Myania (Phokis)",['temenos'],['10.38.8'],"Myonia/Myania (Phokis)",NULL,NULL,NULL,NULL,NULL,NULL,NULL
22.626059,38.375439,"Sanctuary of Artemis on high rock 2 stadia from Antikyra","Phokis Bk10",Antikyra,['hieron'],['10.37.1'],Antikyra,NULL,NULL,https://wikidata.org/wiki/Q134037311,NULL,NULL,NULL,NULL
22.573,38.671,"Grove of Apollo in Tithronian territory by Drymaia road intersection.","Phokis Bk10",Tithronion,['alsos'],['10.33.12'],NULL,NULL,NULL,NULL,NULL,NULL,NULL,NULL
26.520832,39.87918,Marpessos,"Asia Minor (Asia)",Troas,['polis'],"['10.12.3','10.12.4','10.12.7']",NULL,https://pleiades.stoa.org/places/550723,NULL,https://wikidata.org/wiki/Q1670784,NULL,NULL,NULL,NULL
12.5,42.5,"Italia (Europe)",NULL,Europe,"['major region']","['1.11.7','1.12.1','1.12.2','1.13.2','1.23.5','1.29.14','1.36.6','10.10.7','10.13.10','10.17.10','10.17.11','2.23.5','2.27.4','3.10.5','3.12.6','3.19.12','3.22.11','3.3.1','4.23.6','4.26.5','5.25.3','5.25.6','6.19.9','6.3.12','6.6.4','6.6.8','6.7.4','7.4.7','8.15.9','8.3.5']",NULL,https://pleiades.stoa.org/places/1052,NULL,https://wikidata.org/wiki/Q913582,NULL,Italy,NULL,NULL
23.1717,38.2567,"Treasury of the Thebans at Delphi, built from spoils of Leuktra","Phokis Bk10","Sanctuary of Pythian Apollo at Delphi",['thesauros'],['10.11.5'],NULL,NULL,NULL,https://wikidata.org/wiki/Q22675693,NULL,NULL,NULL,NULL
22.159,38.55,"Kallipolis/Kallion (Aetolia)","Aitolia region","Aitolia region",['polis'],"['10.18.7','10.22.3','10.22.6']",NULL,NULL,https://topostext.org/place/385222UKal,https://wikidata.org/wiki/Q38281541,NULL,NULL,NULL,NULL
22.66931,38.58344,"theater of Tithorea","Phokis Bk10",Tithorea/Neon,['theatron'],['10.32.10'],Tithorea/Neon,NULL,NULL,NULL,NULL,NULL,NULL,NULL
23.574785,39.939063,Skione,"Macedonia (Europe)","Chalcidike region (Chalkidike)",['polis'],['10.19.1'],NULL,https://pleiades.stoa.org/places/501620,NULL,https://wikidata.org/wiki/Q963571,NULL,NULL,NULL,NULL
26.5,41,"Thrace (Europe)",NULL,Europe,"['major region']","['1.10.2','1.25.2','1.29.13','1.29.4','1.29.5','1.38.2','1.6.4','1.9.5','10.11.5','10.19.5','2.30.2','3.9.12','5.10.8','5.12.6','5.27.12','6.5.4','7.4.3','8.29.1','9.30.9']",NULL,https://pleiades.stoa.org/places/501638,https://topostext.org/place/410265RThr,https://wikidata.org/wiki/Q41741,NULL,Thracia,NULL,NULL
20.25,39.75,Hades,"Hellas (Europe)",Thesprotia,"['mythical place']","['10.28.5','10.28.7','2.31.2','2.37.5','2.5.1','3.24.11','4.33.7','8.18.3','8.48.6','9.30.4','9.31.5','9.33.2','9.5.8']",Thesprotia,NULL,NULL,https://wikidata.org/wiki/Q1521549,NULL,Underworld,NULL,NULL
29.108190000000004,37.83663,"Cave 30 stadia above Themisonion","Asia Minor (Asia)",Themisonion,['spelaion'],['10.32.4'],NULL,NULL,NULL,NULL,NULL,NULL,NULL,NULL
22.489574,38.640939,Charadra,"Phokis Bk10","Phokis Bk10",['polis'],"['10.3.2','10.33.6']",NULL,https://pleiades.stoa.org/places/540709,NULL,https://wikidata.org/wiki/Q15689549,NULL,NULL,NULL,NULL
16.75,40.75,Iapyges,"Italia (Europe)","Italia (Europe)",['chora'],['10.13.10'],NULL,https://pleiades.stoa.org/places/442618,NULL,https://wikidata.org/wiki/Q841576,NULL,NULL,NULL,NULL
22.626059,38.375439,"Agora of Antikyra","Phokis Bk10",Antikyra,['agora'],['10.36.10'],Antikyra,NULL,NULL,https://wikidata.org/wiki/Q133963423,NULL,NULL,NULL,NULL
22.52,38.629,"Kephisos springs (Phokis)","Phokis Bk10","Phokis Bk10",['pege'],"['10.33.5','10.8.10']",NULL,NULL,https://topostext.org/place/386225SKep,https://wikidata.org/wiki/Q38281069,NULL,NULL,NULL,NULL
22.371895,38.787274,"Athena Trachinis sanctuary near Trachis","Hellas (Europe)",Phthiotis,['hieron'],['10.22.1'],NULL,https://pleiades.stoa.org/places/540680,NULL,https://wikidata.org/wiki/Q134040005,NULL,NULL,NULL,NULL
23.795527999999997,35.287701,Elyros,Crete,Crete,['polis'],['10.16.5'],NULL,https://pleiades.stoa.org/places/589775,NULL,https://wikidata.org/wiki/Q3561249,NULL,NULL,NULL,NULL
22.905228,38.596346,"City gates of Abai","Phokis Bk10",Hyampolis,['pylai'],['10.35.6'],Hyampolis,NULL,NULL,NULL,NULL,NULL,NULL,NULL
22.1976,38.345,"Oiantheia/Euantheia (Phokis)","Ozolian Lokris Bk10","Ozolian Lokris Bk10",['polis'],['10.38.9'],NULL,https://pleiades.stoa.org/places/540969,https://topostext.org/place/383222UOia,https://wikidata.org/wiki/Q5850148,NULL,NULL,NULL,NULL
16.77294067,40.939664,Peucetii,"Italia (Europe)","Italia (Europe)",['chora'],['10.13.10'],NULL,https://pleiades.stoa.org/places/442714,NULL,https://wikidata.org/wiki/Q1267337,NULL,NULL,NULL,NULL
23.722163,37.975843,"Stoa of Zeus Eleutherios (Athens Agora)","Athenai Bk1","Agora of Athens",['stoa'],"['1.3.3','1.3.4','10.21.6']",NULL,https://pleiades.stoa.org/places/649966334,https://topostext.org/place/380237BSZe,https://wikidata.org/wiki/Q331355,NULL,NULL,NULL,NULL
26.331240830000002,39.90055031,Pedaion,"Asia Minor (Asia)",Troas,['polis'],['10.25.9'],Troas,https://pleiades.stoa.org/places/554306,NULL,https://wikidata.org/wiki/Q115575338,NULL,Pedaeum,NULL,NULL
22.782061,38.645635,"Agora of Elateia","Phokis Bk10",Elateia,['agora'],['10.34.6'],Elateia,NULL,NULL,https://wikidata.org/wiki/Q133963429,NULL,NULL,NULL,NULL
23.217,39.0097,"Artemision (Euboea)","Euboea (island)","Euboea (island)",['battlefield'],"['1.14.5','10.14.5','3.16.6']",NULL,https://pleiades.stoa.org/places/540667,https://topostext.org/place/390232SArt,https://wikidata.org/wiki/Q105317807,NULL,NULL,NULL,NULL
30.16017,38.08044,"Marsyas (river)","Asia Minor (Asia)",Phrygia,['potamos'],"['10.30.9','2.7.9']",NULL,https://pleiades.stoa.org/places/638986,NULL,NULL,NULL,NULL,NULL,NULL
22.5086,38.4801,"First temple at entry to Delphi polis, ruined.","Phokis Bk10","Delphi (polis)",['naos'],['10.8.6'],NULL,NULL,NULL,NULL,NULL,NULL,NULL,NULL
22.8956,38.6366,"Large temple at Abai","Phokis Bk10","Sanctuary of Apollo of Abai",['naos'],['10.35.4'],"Sanctuary of Apollo of Abai",NULL,NULL,NULL,NULL,NULL,NULL,NULL
22.626059,38.375439,"High rock two stades to the right when approaching Antikyra","Phokis Bk10",Antikyra,['petra'],['10.37.1'],Antikyra,NULL,NULL,NULL,NULL,NULL,NULL,NULL
22.663,38.4296,"Double city wall of Ambrossos, local black stone, very strong","Phokis Bk10",Ambrossos,['teichos'],['10.36.3'],Ambrossos,NULL,NULL,NULL,NULL,NULL,NULL,NULL
22.5,37.5,"Hellas (Europe)",Europe,Europe,"['major region']","['1.1.1','1.12.1','1.27.9','1.29.5','1.3.5','1.4.1','1.4.2','1.41.8','1.5.5','10.14.6','10.17.3','10.19.12','10.19.5','10.19.7','10.19.8','10.20.9','10.23.12','10.23.14','10.23.8','10.24.3','10.25.1','10.34.5','10.5.3','10.9.2','2.1.8','2.29.7','2.29.8','2.33.5','2.4.5','3.11.3','3.12.7','3.17.8','3.20.6','3.3.3','3.4.7','3.4.8','3.7.11','3.9.4','3.9.8','4.2.3','4.28.4','4.31.1','5.10.1','5.14.2','5.15.2','5.17.9','5.20.10','5.23.7','5.24.2','5.25.12','5.4.6','5.4.7','5.4.9','5.5.2','5.7.7','6.11.3','6.18.5','7.10.1','7.10.2','7.10.3','7.10.4','7.10.5','7.10.7','7.11.1','7.11.2','7.14.1','7.15.1','7.15.3','7.16.10','7.16.9','7.17.1','7.17.2','7.17.3','7.2.2','7.20.6','7.24.2','7.26.11','7.3.1','7.5.13','7.6.3','7.6.9','7.7.6','7.8.1','7.8.2','7.8.7','7.9.5','8.14.5','8.20.1','8.3.5','8.32.1','8.37.2','8.42.7','8.43.4','8.45.5','8.46.3','8.50.3','8.50.4','8.51.1','8.51.4','8.52.1','8.52.2','8.52.3','8.52.4','8.52.5','8.52.6','9.1.2','9.17.6','9.23.3','9.28.1','9.29.8','9.38.2','9.38.4','9.6.2']",NULL,https://pleiades.stoa.org/places/1001896,NULL,https://wikidata.org/wiki/Q11772,NULL,NULL,NULL,NULL
22.2564576,38.7922475,"Oeta M.","Hellas (Europe)",Phthiotis,['oros'],"['1.1.3','1.4.2','10.20.1','10.22.1','10.22.8','10.24.1','2.23.5','3.4.8','5.1.2','7.14.1','7.15.4']",NULL,https://pleiades.stoa.org/places/540968,NULL,https://wikidata.org/wiki/Q132378,NULL,NULL,NULL,NULL
22.7195,37.6316,"Bronze chamber for Danae at Argos, by Akrisios","Argolid Bk2","Argos (Argolid)",['thalamos'],"['10.5.11','2.23.7']","Argos (Argolid)",NULL,NULL,NULL,NULL,NULL,NULL,NULL
22.501279,38.481828,"Athenian Treasury at Delphi","Phokis Bk10","Sanctuary of Pythian Apollo at Delphi",['thesauros'],['10.11.5'],NULL,https://pleiades.stoa.org/places/707804475,NULL,https://wikidata.org/wiki/Q478011,NULL,NULL,NULL,NULL
22.500741,38.482335,"Great altar in Apollo sanctuary at Delphi","Phokis Bk10","Sanctuary of Pythian Apollo at Delphi",['bomos'],"['10.14.7','4.17.4']",NULL,NULL,NULL,NULL,NULL,NULL,NULL,NULL
22.6,38.2,"Corinthian Gulf (Korinthia)","Corinthia Bk2","Corinthia Bk2",['kolpos'],"['10.37.3','10.38.12','10.38.9','2.1.5','2.12.2','2.5.2','7.1.1','7.23.5','7.25.11']",NULL,https://pleiades.stoa.org/places/570181,https://topostext.org/place/382226WCor,https://wikidata.org/wiki/Q209682,NULL,"Korinthiakos kolpos",NULL,NULL
15.15171,36.68882,"Pachynum (promontory)","Sicilia (island)","Sicilia (island)",['akra'],"['10.11.3','5.25.5']",NULL,https://pleiades.stoa.org/places/462405,NULL,https://wikidata.org/wiki/Q1034750,NULL,NULL,NULL,NULL
22.450621,38.428937,"temple of Apollo, Artemis, and Leto at Kirra","Phokis Bk10",Kirra,['naos'],['10.37.8'],Kirra,NULL,NULL,NULL,NULL,NULL,NULL,NULL
22.50151,38.48254,"Stoa of the Athenians at Delphi, built from spoils of the Peloponnesians","Phokis Bk10","Sanctuary of Pythian Apollo at Delphi",['stoa'],['10.11.6'],"Sanctuary of Pythian Apollo at Delphi",NULL,NULL,https://wikidata.org/wiki/Q7617753,NULL,NULL,NULL,NULL
15.29382,37.05963,Syracusae/Syrakousai,"Sicilia (island)","Sicilia (island)",['settlement'],"['1.2.3','1.23.3','10.28.6','2.22.9','5.7.2','5.7.3','5.8.8','6.12.2','6.12.4','6.15.6','6.2.6','6.9.5','7.16.5','8.42.8','8.54.3']",NULL,https://pleiades.stoa.org/places/462503,NULL,https://wikidata.org/wiki/Q4420718,NULL,NULL,NULL,NULL
23.0622,38.7234,Kynos,"Hellas (Europe)","Locris Opuntia region",['epineion'],['10.1.2'],NULL,https://pleiades.stoa.org/places/540896,NULL,https://wikidata.org/wiki/Q5200184,NULL,NULL,NULL,NULL
22.5084,38.48,"temple of Athena Pronoia at Delphi","Phokis Bk10","Delphi (polis)",['naos'],['10.8.6'],NULL,NULL,https://topostext.org/place/385225SAPr,https://wikidata.org/wiki/Q12013451,NULL,"fourth temple at Delphi entrance",NULL,NULL
26.10052,39.20874,"Lesbos (island)","Aegean Sea (Hellas)","Aegean Sea (Hellas)",['nesos'],"['10.24.1','3.2.1','4.35.10']",NULL,https://pleiades.stoa.org/places/550696,NULL,https://wikidata.org/wiki/Q128087,NULL,NULL,NULL,NULL
22.5056,38.4806,"Temenos of the hero Phylakos by Athena Pronoia at Delphi","Phokis Bk10","Delphi (polis)",['temenos'],['10.8.7'],"Delphi (polis)",NULL,NULL,NULL,NULL,NULL,NULL,NULL
25.1836,35.2052,Crete,NULL,"Hellas (Europe)",['nesos'],"['1.17.3','1.17.6','1.21.4','1.22.5','1.26.4','1.27.10','1.27.9','1.42.2','10.2.7','10.7.2','2.30.3','2.31.1','2.32.2','2.33.4','2.6.7','2.7.7','3.18.4','3.18.5','3.2.7','5.8.1','6.21.6','7.2.5','7.3.7','7.4.5','7.4.6','7.4.8','8.48.3','8.49.7','8.50.6','8.53.4','9.11.4','9.40.3']",NULL,https://pleiades.stoa.org/places/589748,https://topostext.org/place/352252IKre,https://wikidata.org/wiki/Q4752820,NULL,NULL,NULL,NULL
22.9154,38.58006,Abai,"Phokis Bk10","Phokis Bk10",['settlement'],"['10.1.2','10.3.2','10.35.1']",NULL,https://pleiades.stoa.org/places/540582,NULL,https://wikidata.org/wiki/Q304823,NULL,NULL,NULL,NULL
26.61011,40.35074,Aigospotamos,"Thrace (Europe)","Chersonesus (Thrace)","['battlefield','potamos']","['10.38.10','10.9.11','10.9.9','3.11.5','3.17.4','3.18.8','3.8.6','4.17.3','4.26.2','6.3.15','9.32.7','9.32.9']",NULL,https://pleiades.stoa.org/places/501336,NULL,https://wikidata.org/wiki/Q404513,NULL,NULL,NULL,NULL
14.882499999999999,38.5798,"Islands of Aiolos","Internum Mare","Tyrrhenum/Inferum Mare",['nesos'],['10.11.3'],NULL,https://pleiades.stoa.org/places/462076,NULL,https://wikidata.org/wiki/Q179883,NULL,"Aeolian Islands, Isles of Aeolus",NULL,NULL
23.87,38.53,"Euboea (island)","Hellas (Europe)","Hellas (Europe)",['nesos'],"['1.17.6','1.27.5','1.28.2','1.29.11','1.31.5','1.32.3','1.36.4','1.5.3','10.6.6','10.9.10','2.23.1','4.36.6','5.13.4','5.22.4','5.23.2','5.23.4','7.14.7','7.2.4','7.26.4','7.4.9','7.6.3','7.7.6','7.7.9','8.1.5','8.14.12','8.15.7','9.19.6','9.22.2','9.24.5','9.3.1']",NULL,https://pleiades.stoa.org/places/540775,NULL,https://wikidata.org/wiki/Q173096,NULL,NULL,NULL,NULL
22.50108,38.48264,"Delphic Oracle, Pytho (Delphi)","Phokis Bk10","Sanctuary of Pythian Apollo at Delphi",['manteion'],"['1.19.3','1.2.5','1.3.4','1.32.5','1.32.6','1.44.9','1.9.3','10.10.6','10.11.5','10.12.1','10.13.8','10.5.5','10.5.6','10.5.7','10.5.8','10.6.6','10.7.3','2.26.7','2.29.7','2.33.2','6.11.7','6.9.7','9.14.2','9.8.2']",NULL,NULL,NULL,https://wikidata.org/wiki/Q682558,NULL,NULL,NULL,NULL
23.573,37.952,"Salamis Sea Battle (Attica)","Attica Bk1","Salamis (island)",['battlefield'],"['10.14.5','3.11.3','3.16.6','8.10.9']",NULL,NULL,https://topostext.org/place/380236ASSB,https://wikidata.org/wiki/Q178850,NULL,NULL,NULL,NULL
22.50151,38.48254,"Tomb of Neoptolemos at Delphi, for which Polygnotos' work destined.","Phokis Bk10","Peribolos of Neoptolemus at Delphi",['mnema'],"['10.24.6','10.26.4']","Peribolos of Neoptolemus at Delphi",NULL,NULL,NULL,https://resource.manto.unh.edu/10113612,NULL,NULL,NULL
22.58105,38.67517,"plain of Tithronion","Phokis Bk10",Tithronion,['pedion'],['10.33.12'],Tithronion,NULL,NULL,NULL,NULL,NULL,NULL,NULL
31.033254529999997,39.64014749,"Asia Minor (Asia)","Asia (continent)","Asia (continent)","['major region']","['1.10.2','1.10.5','1.11.2','1.12.4','1.13.1','1.16.2','1.20.4','1.29.11','1.37.5','1.4.5','1.4.6','1.6.2','1.7.3','1.8.1','1.9.7','10.15.2','10.23.14','2.33.3','4.17.5','4.5.3','5.1.6','7.4.3','8.6.2']",NULL,https://pleiades.stoa.org/places/837,NULL,https://wikidata.org/wiki/Q51614,NULL,NULL,NULL,NULL
22.58105,38.67517,Tithronion,"Phokis Bk10","Phokis Bk10",['polis'],"['10.3.2','10.33.12']",NULL,https://pleiades.stoa.org/places/541153,NULL,https://wikidata.org/wiki/Q12885360,NULL,NULL,NULL,NULL
20.25,39.75,"Acheron river of Hades",Hades,Hades,"['mythical place','potamos']","['10.28.1','10.28.4']",Hades,NULL,NULL,https://wikidata.org/wiki/Q13081186,NULL,NULL,NULL,NULL
22.528,38.441,"Echedameia (Phokis)","Phokis Bk10","Phokis Bk10",['polis'],['10.3.2'],NULL,https://pleiades.stoa.org/places/543694,https://topostext.org/place/384225PEch,https://wikidata.org/wiki/Q16259799,NULL,NULL,NULL,NULL
22.5012215,38.4823167,"Temple of Apollo at Delphi","Phokis Bk10","Sanctuary of Pythian Apollo at Delphi",['naos'],"['1.43.8','10.13.8','10.14.5','10.19.4','10.24.4','10.5.13','4.5.4','9.37.5']",NULL,https://pleiades.stoa.org/places/464482219,NULL,https://wikidata.org/wiki/Q10751359,NULL,NULL,NULL,NULL
22.5,37.001,"Lakonia Bk3",NULL,Peloponnesos,['chora'],"['1.11.2','1.13.4','1.13.5','1.13.6','1.13.7','1.18.4','1.28.4','1.38.4','10.13.10','10.2.2','10.38.10','10.9.5','10.9.9','2.18.8','2.22.6','2.3.5','2.9.2','3.1.1','3.1.3','3.1.5','3.11.1','3.12.9','3.14.9','3.16.9','3.18.3','3.20.10','3.20.11','3.20.3','3.21.3','3.21.6','3.22.6','3.23.11','3.23.6','3.24.1','3.24.6','3.3.3','3.4.1','3.7.10','3.7.11','3.7.7','3.8.1','3.9.10','4.1.1','4.10.7','4.16.8','4.17.1','4.18.1','4.18.2','4.20.5','4.23.5','4.27.1','4.28.2','4.28.5','4.30.2','4.4.6','4.4.7','4.5.9','4.7.2','5.17.1','5.9.1','7.1.5','7.1.6','7.1.7','7.10.3','7.11.8','7.12.7','7.13.3','7.13.7','7.18.5','7.20.8','7.25.3','7.6.2','7.6.3','7.8.4','7.9.1','8.11.5','8.12.6','8.12.8','8.35.3','8.5.13','8.5.7','8.50.2','8.50.5','8.51.1','8.53.11','9.13.5','9.14.1','9.14.6']",NULL,https://pleiades.stoa.org/places/570406,https://topostext.org/place/370225RLak,https://wikidata.org/wiki/Q11931074,NULL,"Laconia Lacedaemonia",NULL,NULL
22.55716,37.71428,"Orneai (Argolid)","Argolid Bk2","Argolid Bk2",['polis'],"['10.18.5','2.25.5','2.25.6','8.27.1']",NULL,https://pleiades.stoa.org/places/570537,https://topostext.org/place/377225POrn,https://wikidata.org/wiki/Q7103538,NULL,NULL,NULL,NULL
22.756111,37.730833,Mycenae,"Argolid Bk2","Argolid Bk2",['settlement'],"['10.20.1','2.15.4','2.16.3','2.16.4','2.16.5','2.16.6','2.17.1','2.18.1','2.4.2','5.23.3','7.25.5','8.27.1','8.33.2','8.5.4','9.34.6']",NULL,https://pleiades.stoa.org/places/570491,NULL,https://wikidata.org/wiki/Q132564,NULL,NULL,NULL,NULL
28.088199999999997,36.0913,Lindos/Lindus,"Aegean Sea (Hellas)","Rhodes island",['polis'],['10.18.4'],NULL,https://pleiades.stoa.org/places/589913,NULL,https://wikidata.org/wiki/Q65122097,NULL,NULL,NULL,NULL
25.31,36.783,"tomb of Homer on Ios","Aegean Sea (Hellas)","Ios (island)",['taphos'],['10.24.2'],NULL,NULL,https://topostext.org/place/368253FPsa,https://wikidata.org/wiki/Q58344705,NULL,"Psaropyrgos tower",NULL,NULL
21.8313,38.3997,"Temple of Poseidon on the sea at Naupaktos","Aitolia region",Naupaktos,['naos'],['10.38.12'],Naupaktos,NULL,NULL,NULL,NULL,NULL,NULL,NULL
22.671,38.667,"Ledon (Phokis)","Phokis Bk10","Phokis Bk10",['polis'],"['10.2.2','10.3.2','10.33.1']",NULL,https://pleiades.stoa.org/places/540908,https://topostext.org/place/387227PLed,https://wikidata.org/wiki/Q3807754,NULL,NULL,NULL,NULL
22.704926,38.554265,Tronis,"Phokis Bk10","Phokis Bk10",['chora'],['10.4.10'],NULL,https://pleiades.stoa.org/places/541015,NULL,https://wikidata.org/wiki/Q17563248,NULL,Patronis,NULL,NULL
27.6022,40.2674,"Tomb of Memnon near Aisepos river in Hellespont, visited by Memnonides birds","Asia Minor (Asia)",Hellespontus,['mnema'],['10.31.6'],NULL,NULL,NULL,NULL,https://resource.manto.unh.edu/10274627,NULL,NULL,NULL
26.117749999999997,39.536211,"Fountain at Smintheion shrine in Troad, by tomb of Sibylla","Asia Minor (Asia)",Smintheion,['pege'],['10.12.6'],Smintheion,NULL,NULL,NULL,NULL,NULL,NULL,NULL
26.23873,39.9577,"Walls of Troy, destroyed by Epeios","Asia Minor (Asia)",Ilium,['teichos'],['10.26.2'],Ilium,NULL,NULL,NULL,NULL,NULL,NULL,NULL
22.50151,38.48254,"Second temple of Apollo at Delphi, of beeswax and feathers","Phokis Bk10","Sanctuary of Pythian Apollo at Delphi",['naos'],['10.5.9'],"Sanctuary of Pythian Apollo at Delphi",NULL,NULL,NULL,NULL,NULL,NULL,NULL
22.450621,38.428937,"Pipe carrying water of Pleistos river to Kirra","Phokis Bk10",Kirra,['aqueduct'],['10.37.7'],Kirra,NULL,NULL,NULL,NULL,NULL,NULL,NULL
23.2505528,38.1850025,"Kithairon (mountain)","Boiotia Bk9",Plataiis,['oros'],"['1.38.8','1.38.9','1.41.4','1.41.6','10.5.3','9.1.2','9.13.7','9.2.1','9.2.4','9.3.7','9.3.9']",NULL,https://pleiades.stoa.org/places/540714,NULL,https://wikidata.org/wiki/Q1147780,NULL,Cithaeron,NULL,NULL
23.848889,40.785833,Edones,"Thrace (Europe)","Thrace (Europe)",['chora'],"['1.29.4','10.33.2']",NULL,https://pleiades.stoa.org/places/501409,NULL,https://wikidata.org/wiki/Q3719711,NULL,NULL,NULL,NULL
27.535590000000003,37.83698,"Lethaios (river, Asia Minor)","Asia (continent)","Ionia (region)",['potamos'],"['1.35.6','10.32.6','5.21.10','6.17.3']",NULL,https://pleiades.stoa.org/places/599765,NULL,NULL,NULL,NULL,NULL,NULL
23.3484,37.5033,"Troizen (Troizenia)","Troizenia Bk2","Troizenia Bk2",['polis'],"['1.22.2','1.25.4','1.27.7','1.8.2','10.5.6','2.1.4','2.30.9','2.31.4','2.31.9','2.32.6','2.34.1','2.34.12','5.23.2','8.1.1']",NULL,https://pleiades.stoa.org/places/570756,https://topostext.org/place/375234PTro,https://wikidata.org/wiki/Q581494,NULL,Troezen,NULL,NULL
22.9154,38.58006,"theater of Abai","Phokis Bk10",Abai,['theatron'],['10.35.4'],Abai,NULL,NULL,NULL,NULL,NULL,NULL,NULL
22.5,42.5,"Macedonia (Europe)",Europe,"Hellas (Europe)","['major region']","['10.20.5','10.33.3','10.8.4','3.6.8','5.5.1','5.8.11','6.4.10','6.5.5','7.10.7','7.13.1','7.15.11','7.15.2','7.16.1','7.17.2','7.25.6','7.7.7','7.8.3','7.8.8','8.49.5','8.49.6','8.8.11','8.8.12','9.40.8','9.40.9']",NULL,https://pleiades.stoa.org/places/491656,https://topostext.org/place/408225RMak,https://wikidata.org/wiki/Q81734,NULL,NULL,NULL,NULL
22.905228,38.596346,"temple of Artemis at Hyampolis","Phokis Bk10",Hyampolis,['naos'],['10.35.7'],Hyampolis,NULL,NULL,NULL,NULL,NULL,NULL,NULL
23.1743,38.2647,"Leuktra (Boeotia)","Boiotia Bk9","Boiotia Bk9","['battlefield','settlement']","['1.13.4','1.13.5','1.29.11','1.3.4','10.11.5','3.6.1','6.3.3','7.6.8','8.27.8','8.6.2','8.8.10','9.1.8','9.13.3','9.13.4','9.13.5','9.14.1','9.14.3','9.16.5','9.6.4','9.6.5']",NULL,https://pleiades.stoa.org/places/540913,https://topostext.org/place/383231ULeu,https://wikidata.org/wiki/Q2606004,NULL,Leuctra,NULL,NULL
40.93640094,34.74942378,"Euphrates (river)","Asia (continent)","Asia (continent)",['potamos'],"['10.29.4','2.5.3','4.34.2']",NULL,https://pleiades.stoa.org/places/912849,NULL,https://wikidata.org/wiki/Q34589,NULL,NULL,NULL,NULL
23.34285,37.997,"Megara (Megarid)","Megarid Bk1","Megarid Bk1",['polis'],"['1.35.2','1.36.3','1.39.1','1.39.4','1.39.5','1.39.6','1.40.1','1.41.2','1.41.5','1.41.6','1.41.7','1.43.3','1.43.5','1.44.2','1.44.4','1.44.6','1.5.3','1.5.4','10.11.6','2.34.7','4.36.1','5.23.5','5.26.7','6.7.2','7.15.10','9.2.3']",NULL,https://pleiades.stoa.org/places/570468,https://topostext.org/place/380233PMeg,https://wikidata.org/wiki/Q42307600,NULL,NULL,NULL,NULL
24.019611,35.517333,Kydonia,Crete,Crete,['polis'],"['10.2.7','6.21.6','8.53.4']",NULL,https://pleiades.stoa.org/places/589886,NULL,https://wikidata.org/wiki/Q1481525,NULL,NULL,NULL,NULL
22.374,38.53,"Acropolis of Amphissa","Ozolian Lokris Bk10","Amphissa of Ozolian Locris",['acropolis'],['10.38.5'],"Amphissa of Ozolian Locris",NULL,NULL,https://wikidata.org/wiki/Q133963409,NULL,NULL,NULL,NULL
51.50000000000001,30.5,"Persia (Asia)","Asia (continent)","Asia (continent)","['major region']","['1.25.5','10.19.11','3.20.4','3.7.8','4.31.5','8.52.5']",NULL,https://pleiades.stoa.org/places/922698,NULL,https://wikidata.org/wiki/Q3746183,NULL,"Persis, Pars",NULL,NULL
22.4,38.8,"Malis region (Phthiotis)","Hellas (Europe)",Phthiotis,['chora'],"['1.23.4','10.23.13','10.8.2']",NULL,https://pleiades.stoa.org/places/540930,https://topostext.org/place/388224RMal,https://wikidata.org/wiki/Q11934734,NULL,NULL,NULL,NULL
22.811,38.658,"stoas at hieron of Athena Kranaia","Phokis Bk10","Sanctuary of Athena Kranaia above Elateia",['stoa'],['10.34.7'],"Sanctuary of Athena Kranaia above Elateia",NULL,NULL,NULL,NULL,NULL,NULL,NULL
22.782061,38.645635,"Tomb of Elatus, possibly","Phokis Bk10",Elateia,['mnema'],['10.34.6'],Elateia,NULL,NULL,NULL,https://resource.manto.unh.edu/10274691,NULL,NULL,NULL
22.7,38.6,"site on the sea where Onomarchos was killed by his soldiers","Phokis Bk10","Phokis Bk10","['mythic site']",['10.2.5'],"Phokis Bk10",NULL,NULL,NULL,NULL,NULL,NULL,NULL
22.50108,38.48264,"Pronaos of temple at Delphi, with useful sayings","Phokis Bk10","Delphic Oracle, Pytho (Delphi)",['pronaos'],['10.24.1'],"Delphic Oracle, Pytho (Delphi)",NULL,NULL,NULL,NULL,NULL,NULL,NULL
22.1976,38.345,"Grove of cypress and pine a little above Oiantheia with Artemis temple","Ozolian Lokris Bk10","Oiantheia/Euantheia (Phokis)",['alsos'],['10.38.9'],"Oiantheia/Euantheia (Phokis)",NULL,NULL,NULL,NULL,NULL,NULL,NULL
26.23873,39.9577,Ilium,"Asia Minor (Asia)",Troas,['settlement'],"['1.1.2','1.11.1','1.12.1','1.12.5','1.15.2','1.23.4','1.28.9','1.35.1','1.35.4','1.37.3','1.4.6','1.43.1','10.1.3','10.12.2','10.17.6','10.25.8','10.27.4','10.30.8','10.31.7','10.33.2','10.36.10','10.38.5','2.16.6','2.17.3','2.18.5','2.20.6','2.22.2','2.23.1','2.23.5','2.24.2','2.24.3','2.25.5','2.30.10','2.32.2','2.4.2','3.12.6','3.22.2','3.24.11','3.26.10','3.4.7','3.9.3','5.13.4','5.13.5','5.17.10','5.18.3','5.22.4','5.3.4','5.4.7','6.25.3','7.19.6','7.19.9','7.24.2','7.3.7','7.6.3','8.1.3','8.10.10','8.10.9','8.12.6','8.12.9','8.15.6','8.15.7','8.23.4','8.24.10','8.28.4','8.33.2','8.44.4','8.45.2','8.46.2','8.5.2','8.5.3','8.53.7','8.6.1','9.18.5','9.37.7','9.39.3','9.4.3','9.41.2','9.5.14','9.5.15']",NULL,https://pleiades.stoa.org/places/550595,NULL,https://wikidata.org/wiki/Q22647,NULL,"Troy, Troia, Ilion",NULL,NULL
24.010734,37.898159,Steiria,"Attica Bk1","Attica Bk1",['demos'],['10.35.8'],NULL,https://pleiades.stoa.org/places/580110,NULL,https://wikidata.org/wiki/Q2341881,NULL,NULL,NULL,NULL
27.4713446,37.6220196,"Adyta of the Underworld gods beyond the Maeander","Asia Minor (Asia)","Maeander (river)",['adyton'],['10.32.13'],"Maeander (river)",NULL,NULL,NULL,NULL,NULL,NULL,NULL
22.2,38.4,"Ozolian Lokris Bk10",NULL,"Hellas (Europe)",['chora'],"['10.20.2','10.38.1','10.38.4','10.38.8','3.9.9','4.24.7','6.19.5']",NULL,https://pleiades.stoa.org/places/540919,https://topostext.org/place/384222ROzo,https://wikidata.org/wiki/Q4894785,NULL,NULL,NULL,NULL
22.50151,38.48254,"Second temple of Apollo at Delphi, alternate version","Phokis Bk10","Sanctuary of Pythian Apollo at Delphi",['naos'],['10.5.10'],"Sanctuary of Pythian Apollo at Delphi",NULL,NULL,NULL,NULL,NULL,NULL,NULL
23.960195000000002,35.233106,"House of Karmanor in Tarra of Crete",Crete,Tarra,['oikia'],['10.16.5'],Tarra,NULL,NULL,NULL,NULL,NULL,NULL,NULL
22.66931,38.58344,"Temple of Athena at Tithorea","Phokis Bk10",Tithorea/Neon,['naos'],['10.32.10'],Tithorea/Neon,NULL,NULL,NULL,NULL,NULL,NULL,NULL
22.3933,37.6181,"Mantineia (Arkadia)","Arcadia Bk8","Arcadia Bk8",['polis'],"['1.29.13','1.3.4','10.13.6','10.20.1','2.25.1','2.8.6','6.11.4','6.4.11','8.10.1','8.10.2','8.11.1','8.11.5','8.11.6','8.12.2','8.12.6','8.12.7','8.27.14','8.3.4','8.49.2','8.5.11','8.5.5','8.50.2','8.6.4','8.7.1','8.8.11','8.8.12','8.8.4','8.8.7','8.8.9','8.9.7','8.9.8','9.14.4','9.15.5']",NULL,https://pleiades.stoa.org/places/570459,https://topostext.org/place/376224UMan,https://wikidata.org/wiki/Q1160195,NULL,Mantinea,NULL,NULL
26.75261,38.6684,Phocaea,"Asia Minor (Asia)","Ionia (region)",['polis'],"['10.8.6','7.5.4']",NULL,https://pleiades.stoa.org/places/550823,NULL,https://wikidata.org/wiki/Q428732,NULL,NULL,NULL,NULL
22.50151,38.48254,"Peribolos of Neoptolemus at Delphi","Phokis Bk10","Sanctuary of Pythian Apollo at Delphi",['peribolos'],['10.24.6'],"Sanctuary of Pythian Apollo at Delphi",NULL,NULL,NULL,NULL,NULL,NULL,NULL
29.576517,39.175719,"Meter Steunene","Asia Minor (Asia)",Phrygia,['spelaion'],"['10.32.3','8.4.3']",NULL,https://pleiades.stoa.org/places/609467,NULL,NULL,NULL,NULL,NULL,NULL
22.66931,38.58344,"Temple of Asklepios Archagetas near Tithorea","Phokis Bk10","Sanctuary of Asklepios near Tithorea",['naos'],['10.32.12'],"Sanctuary of Asklepios near Tithorea",NULL,NULL,NULL,NULL,NULL,NULL,NULL
22.905228,38.596346,Hyampolis,"Phokis Bk10","Phokis Bk10",['polis'],"['10.1.2','10.1.3','10.3.1','10.35.1','10.35.5']",NULL,https://pleiades.stoa.org/places/540820,NULL,https://wikidata.org/wiki/Q1534902,NULL,NULL,NULL,NULL
22.81,38.28,Boulis,"Phokis Bk10","Boiotia Bk9",['settlement'],"['10.37.2','10.37.3']",NULL,https://pleiades.stoa.org/places/540694,https://topostext.org/place/383228PBou,https://wikidata.org/wiki/Q895095,NULL,NULL,NULL,NULL
21.8388,38.3943,"Sanctuary of Asclepius in Naupaktos","Aitolia region",Naupaktos,"['Asclepieion','hieron']",['10.38.13'],NULL,NULL,https://topostext.org/place/384218SAsk,https://wikidata.org/wiki/Q134039989,NULL,NULL,NULL,NULL
22.5813,38.6424,"Adyton of Dionysos at Amphikleia without entrance or agalma","Phokis Bk10",Amphikleia,['adyton'],['10.33.11'],Amphikleia,NULL,NULL,NULL,NULL,NULL,NULL,NULL
27.339721999999995,37.941944,Ephesos,"Asia Minor (Asia)","Ionia (region)",['polis'],"['1.9.7','10.9.9','3.17.4','4.31.8','5.12.4','7.2.7','7.2.8','7.3.4','7.3.5','7.5.10']",NULL,https://pleiades.stoa.org/places/599612,NULL,https://wikidata.org/wiki/Q47611,NULL,"Ephesus, Arsinoeia",NULL,NULL
22.3557,38.4802,"Myonia/Myania (Phokis)","Phokis Bk10","Phokis Bk10",['polis'],"['10.38.8','6.19.5']",NULL,NULL,https://topostext.org/place/385224PMya,https://wikidata.org/wiki/Q2358920,NULL,NULL,NULL,NULL
48.24854,32.19202,"Susa/Seleucia ad Eulaeum","Asia (continent)","Asia (continent)",['settlement'],"['1.42.3','10.31.7','3.16.8','3.9.5','4.31.5','6.5.7']",NULL,https://pleiades.stoa.org/places/912936,NULL,https://wikidata.org/wiki/Q180773,NULL,NULL,NULL,NULL
23.154521,38.293384,Thespiai,"Boiotia Bk9","Boiotia Bk9",['polis'],"['10.20.1','9.14.2','9.20.2','9.23.2','9.26.6','9.26.7','9.27.4','9.27.5','9.29.3','9.31.7','9.32.5']",NULL,https://pleiades.stoa.org/places/541141,https://topostext.org/place/383232PThe,https://wikidata.org/wiki/Q1141295,NULL,NULL,NULL,NULL
15.885196,42.7752864,Histria,"Illyria (Europe)","Illyria (Europe)",['nesos'],['10.32.19'],"Adriaticum/Superum Mare",https://pleiades.stoa.org/places/197304,NULL,NULL,NULL,Istria,NULL,NULL
22.66931,38.58344,"Grove of Athena at Tithorea","Phokis Bk10",Tithorea/Neon,['alsos'],['10.32.10'],Tithorea/Neon,NULL,NULL,NULL,NULL,NULL,NULL,NULL
5.365307,43.299467,Massalia/Massilia,Europe,"Keltike (Europe)",['polis'],"['10.18.7','10.8.6']",NULL,https://pleiades.stoa.org/places/148127,NULL,https://wikidata.org/wiki/Q2566850,NULL,NULL,NULL,NULL
47.5259884,33.0958458,"Shaur/Choaspes?/Eulaeus?/Uknu? (river)","Asia (continent)","Asia (continent)",['potamos'],['10.31.7'],NULL,https://pleiades.stoa.org/places/912935,NULL,NULL,NULL,NULL,NULL,NULL
21.098477,39.208695,Phana,"Aitolia region","Aitolia region",['kome'],"['10.18.1','10.18.2']",NULL,NULL,NULL,https://wikidata.org/wiki/Q131911427,NULL,Phanai,NULL,NULL
29.5859461,39.1758167,"Penkalas (river)","Asia Minor (Asia)",Phrygia,['potamos'],"['10.32.3','8.4.3']",NULL,https://pleiades.stoa.org/places/609496,NULL,NULL,NULL,NULL,NULL,NULL
19.5,40.5,Chaonia,Europe,"Illyria (Europe)",['chora'],['10.12.10'],NULL,https://pleiades.stoa.org/places/481787,NULL,https://wikidata.org/wiki/Q1435268,NULL,NULL,NULL,NULL
22.50108,38.48264,"Sacred enclosure wall of Delphic sanctuary, pierced continuously with exits","Phokis Bk10","Delphic Oracle, Pytho (Delphi)",['peribolos'],['10.9.1'],"Delphic Oracle, Pytho (Delphi)",NULL,NULL,NULL,NULL,NULL,NULL,NULL
22.7,38.6,"Entry point to Phokis from the direction of Thessaly","Phokis Bk10","Phokis Bk10",['battlefield'],['10.1.11'],"Phokis Bk10",NULL,NULL,NULL,NULL,NULL,NULL,NULL
23.721800000000005,37.975183,"Bouleuterion (Athens Agora)","Athenai Bk1","Agora of Athens",['bouleuterion'],"['1.3.5','1.5.1','10.19.5']",NULL,NULL,https://topostext.org/place/380237BBol,https://wikidata.org/wiki/Q38278350,NULL,NULL,NULL,NULL
30.143760000000004,38.33261,"tomb of Mygdon in Phrygia, at border between Phrygians and Stektorênoi","Asia Minor (Asia)",Phrygia,['mnema'],['10.27.1'],NULL,NULL,NULL,NULL,https://resource.manto.unh.edu/10274104,NULL,NULL,NULL
22.88807,37.93277,Lechaion,"Corinthia Bk2","Corinthia Bk2",['limen'],"['10.37.3','2.1.5','2.2.3','2.3.2','2.3.4','7.6.7','8.1.2','9.14.6','9.15.4']",NULL,https://pleiades.stoa.org/places/570420,NULL,https://wikidata.org/wiki/Q1811299,NULL,NULL,NULL,NULL
22.68143,38.47571,"Schiste Hodos","Phokis Bk10","Phokis Bk10",['hodos'],"['10.35.8','10.5.3','10.5.4','9.2.4']",NULL,NULL,NULL,https://wikidata.org/wiki/Q12885060,NULL,"Cleft road of Oedipus",NULL,NULL
22.81,38.28,"Saunion spring at Boulis","Phokis Bk10",Boulis,['pege'],['10.37.3'],Boulis,NULL,NULL,NULL,NULL,NULL,NULL,NULL
22.6827,38.36754,Medeon,"Phokis Bk10","Phokis Bk10",['polis'],"['10.3.2','10.36.6']",NULL,https://pleiades.stoa.org/places/540939,NULL,https://wikidata.org/wiki/Q12771305,NULL,NULL,NULL,NULL
22.9,39.4,"Magnesia region (Magnesia)","Hellas (Europe)",Thessalia,['chora'],"['10.20.6','7.7.6']",NULL,https://pleiades.stoa.org/places/540923,https://topostext.org/place/397227RMag,https://wikidata.org/wiki/Q60790367,NULL,NULL,NULL,NULL
24.035919500000002,37.683423,"Tomb of Phrontis at Sounion","Attica Bk1",Sounion,['mnema'],['10.25.2'],Sounion,NULL,NULL,NULL,NULL,NULL,NULL,NULL
27.6022,40.2674,"Aisepos (river)","Asia Minor (Asia)",Hellespontus,['potamos'],['10.31.6'],NULL,https://pleiades.stoa.org/places/511141,NULL,https://wikidata.org/wiki/Q252710,NULL,NULL,NULL,NULL
28.1112899,38.5178164,"Hermus (river)","Asia Minor (Asia)","Lydia (province)",['battlefield'],"['10.4.6','3.9.6','4.34.2','5.13.7','7.27.12']",NULL,https://pleiades.stoa.org/places/550575,NULL,https://wikidata.org/wiki/Q1351474,NULL,NULL,NULL,NULL
22.5012215,38.4823167,"Inmost part of temple of Apollo at Delphi, entered by few","Phokis Bk10","Temple of Apollo at Delphi",['adyton'],['10.24.5'],"Temple of Apollo at Delphi",NULL,NULL,NULL,NULL,NULL,NULL,NULL
20.735953,39.023389,Nicopolis,"Hellas (Europe)","Epiros region",['polis'],"['10.38.4','10.8.4','10.8.5','5.23.3','7.18.8','7.18.9']",NULL,https://pleiades.stoa.org/places/531013,NULL,https://wikidata.org/wiki/Q943637,NULL,NULL,NULL,NULL
34.7425505,43.0786852,"Pontus Euxinus","Asia (continent)","Asia (continent)",['chora'],"['1.20.4','10.34.4','3.19.11','5.26.7','8.27.6']",NULL,https://pleiades.stoa.org/places/1224,NULL,https://wikidata.org/wiki/Q621672,NULL,NULL,NULL,NULL
22.66931,38.58344,"Enclosure of Isis near Tithorea","Phokis Bk10",Tithorea/Neon,"['hieron','peribolos']",['10.32.13'],Tithorea/Neon,NULL,NULL,https://wikidata.org/wiki/Q134304611,https://resource.manto.unh.edu/10274623,NULL,NULL,NULL
22.50151,38.48254,"Sanctuary of Pythian Apollo at Delphi","Phokis Bk10","Delphi (polis)",['hieron'],"['1.11.1','1.20.7','1.22.8','1.26.3','1.3.4','1.37.6','1.4.4','1.41.1','1.43.3','1.43.7','1.43.8','1.9.3','10.1.1','10.1.10','10.1.4','10.10.2','10.11.1','10.11.2','10.12.5','10.13.1','10.13.10','10.13.6','10.13.8','10.14.5','10.15.5','10.15.6','10.16.5','10.16.7','10.16.8','10.17.2','10.18.1','10.18.2','10.18.5','10.18.7','10.19.3','10.19.5','10.2.2','10.2.3','10.22.12','10.23.1','10.23.11','10.23.2','10.23.3','10.24.1','10.24.5','10.3.3','10.3.4','10.32.1','10.33.3','10.34.1','10.34.2','10.35.8','10.36.3','10.36.6','10.5.5','10.5.7','10.6.5','10.6.6','10.7.1','10.7.3','10.8.1','10.8.2','10.8.3','10.8.6','10.9.1','10.9.12','10.9.2','10.9.4','10.9.6','2.22.8','2.24.1','2.26.7','2.29.7','2.33.2','3.1.6','3.10.3','3.10.4','3.11.8','3.13.8','3.17.1','3.17.9','3.19.12','3.3.6','3.4.3','3.4.4','3.8.10','3.8.2','3.8.9','4.12.1','4.12.7','4.12.8','4.15.6','4.16.6','4.17.4','4.20.1','4.24.1','4.32.3','4.32.5','4.34.9','4.5.4','4.9.3','5.13.5','5.18.8','5.21.5','5.21.7','5.27.1','5.27.10','5.27.9','5.3.1','5.4.3','5.4.6','5.7.3','6.1.8','6.11.5','6.11.7','6.12.8','6.13.8','6.14.5','6.15.1','6.15.3','6.15.6','6.16.4','6.17.2','6.19.1','6.2.2','6.3.11','6.3.4','6.3.8','6.4.11','6.4.2','6.4.5','6.4.6','6.7.10','6.8.1','6.8.6','6.9.7','7.17.13','7.17.6','7.19.4','7.19.6','7.19.7','7.2.1','7.24.4','7.3.1','8.10.9','8.11.10','8.15.1','8.23.1','8.24.10','8.24.14','8.24.8','8.27.9','8.36.8','8.37.1','8.39.4','8.48.2','8.5.4','8.53.3','8.7.6','8.9.3','9.12.1','9.14.2','9.25.1','9.26.3','9.33.1','9.33.4','9.36.2','9.37.4','9.37.5','9.38.5','9.40.1','9.41.2','9.5.10','9.7.5']",NULL,https://pleiades.stoa.org/places/540726,https://topostext.org/place/385225SDel,https://wikidata.org/wiki/Q125925203,NULL,Pytho,NULL,NULL
22.374,38.53,"Amphissa of Ozolian Locris","Ozolian Lokris Bk10","Ozolian Lokris Bk10",['polis'],"['10.22.13','10.38.4','10.38.7','10.38.8','10.38.9','3.9.9','7.14.7']",NULL,https://pleiades.stoa.org/places/540630,https://topostext.org/place/385224PAmp,https://wikidata.org/wiki/Q38281545,NULL,NULL,NULL,NULL
31.2313,30.091800000000003,"Nilus (river)","Libya (Africa)","Egypt (region)",['potamos'],"['1.33.4','1.33.6','1.42.3','1.6.6','1.7.2','10.32.18','2.5.3','4.34.2','4.34.3','5.14.3','5.21.9','5.7.4','6.26.9','8.24.12','8.9.7','9.40.6']",NULL,https://pleiades.stoa.org/places/727172,NULL,https://wikidata.org/wiki/Q3392,NULL,NULL,NULL,NULL
22.5007273,38.48244975,"Theater at Delphi","Phokis Bk10","Sanctuary of Pythian Apollo at Delphi",['theatron'],['10.32.1'],NULL,https://pleiades.stoa.org/places/333036424,NULL,https://wikidata.org/wiki/Q10378966,NULL,NULL,NULL,NULL
26.15765,39.75135,"Antigoneia/(Col. Augusta) Alexandria Troas","Asia Minor (Asia)",Troas,['polis'],"['10.12.4','10.12.5','10.14.4']",NULL,https://pleiades.stoa.org/places/550434,NULL,https://wikidata.org/wiki/Q1393407,NULL,NULL,NULL,NULL
22.5703,37.6111,"Oinoe (Argolid)","Argolid Bk2","Argolid Bk2",['settlement'],"['10.10.4','2.25.2','2.25.3']",NULL,NULL,https://topostext.org/place/376226UOin,https://wikidata.org/wiki/Q30909902,NULL,Oenoe,NULL,NULL
21.8313,38.3997,Naupaktos,"Aitolia region","Aitolia region",['polis'],"['10.38.10','10.38.13','10.38.9','4.24.7','4.25.1','4.25.10','4.25.3','4.26.1','4.26.2','4.26.3','4.31.7','4.33.2','5.26.1','5.3.6','6.16.2','6.2.10','7.18.10','9.25.9','9.31.6','9.38.3']",NULL,https://pleiades.stoa.org/places/540960,https://topostext.org/place/384218UNau,https://wikidata.org/wiki/Q56398924,NULL,Naupactus,NULL,NULL
27.535590000000003,37.83698,"Aulai locality with cave near Lethaios river","Asia Minor (Asia)","Ionia (region)",['chorion'],['10.32.6'],NULL,NULL,NULL,NULL,NULL,NULL,NULL,NULL
12.486200000000002,41.8954,"Trajan's Forum in Rome","Italia (Europe)",Rome,['agora'],['10.5.11'],NULL,NULL,https://topostext.org/place/419125BMTr,https://wikidata.org/wiki/Q478642,NULL,NULL,NULL,NULL
22.450621,38.428937,"Plain above Kirra bare of trees","Phokis Bk10",Kirra,['pedion'],['10.37.5'],Kirra,NULL,NULL,NULL,NULL,NULL,NULL,NULL
22.50592,38.62687,"Baths at Lilaia","Phokis Bk10",Lilaia,['loutron'],['10.33.4'],Lilaia,NULL,NULL,NULL,NULL,NULL,NULL,NULL
22.649131,37.846299,"Phlious Bk2",NULL,Peloponnesos,['polis'],"['10.20.1','10.7.7','2.11.3','2.12.3','2.12.4','2.12.5','2.12.6','2.13.1','2.13.8','2.14.1','2.14.3','2.25.5','2.25.6','2.5.2']",NULL,https://pleiades.stoa.org/places/570602,NULL,https://wikidata.org/wiki/Q1412043,NULL,"Phleious Phlius",NULL,NULL
22.501642,38.48162,"Siphnian Treasury","Phokis Bk10","Sanctuary of Pythian Apollo at Delphi",['thesauros'],['10.11.2'],NULL,https://pleiades.stoa.org/places/333036425,NULL,https://wikidata.org/wiki/Q1754028,NULL,NULL,NULL,NULL
24.0002,38.144,"Marathon battlefield (Attica)","Attica Bk1","Marathon deme",['battlefield'],"['1.14.5','1.29.4','1.32.3','1.32.4','1.32.6','1.32.7','1.33.2','10.10.1','10.11.5','10.19.4','10.20.2','3.4.7','8.10.9']",NULL,NULL,https://topostext.org/place/381241LMaB,https://wikidata.org/wiki/Q31900,NULL,NULL,NULL,NULL
22.450621,38.428937,Kirra,"Phokis Bk10","Phokis Bk10","['epineion','settlement']","['10.1.2','10.37.4','10.37.5','10.37.6','10.37.8','10.38.1','10.8.8','2.9.6','7.19.7']",NULL,https://pleiades.stoa.org/places/540868,NULL,https://wikidata.org/wiki/Q56754242,NULL,NULL,NULL,NULL
34,50,"Hyperborea (Asia)",NULL,"Scythia (Europe)","['major region','mythical place']","['1.18.5','1.31.2','1.4.4','10.5.7','10.5.9','3.13.2','5.7.7','5.7.8']",NULL,NULL,NULL,https://wikidata.org/wiki/Q243333,NULL,"land of the Hyperboreans",NULL,NULL
22.626059,38.375439,"Sanctuary of Poseidon at harbor of Antikyra","Phokis Bk10",Antikyra,['hieron'],['10.36.8'],Antikyra,NULL,NULL,https://wikidata.org/wiki/Q134037313,NULL,NULL,NULL,NULL
22.434,38.8503,"Spercheios river bridges","Hellas (Europe)",Spercheios,['gephyra'],"['10.20.6','10.20.9','10.22.2']",NULL,NULL,NULL,NULL,NULL,NULL,NULL,NULL
31.1815439,37.1968531,"Eurymedon (river)","Asia Minor (Asia)",Cilicia,['battlefield'],['10.15.4'],NULL,https://pleiades.stoa.org/places/638836,NULL,https://wikidata.org/wiki/Q385473,NULL,NULL,NULL,NULL
22.8956,38.6366,"Oracle of Apollo at Abai","Phokis Bk10","Sanctuary of Apollo of Abai",['manteion'],"['10.35.1','4.32.5']","Sanctuary of Apollo of Abai",NULL,NULL,NULL,NULL,NULL,NULL,NULL
22.54128,38.70507,"Sanctuary of Demeter Thesmophoros at Drymaia","Phokis Bk10",Drymaia,['hieron'],['10.33.12'],Drymaia,NULL,NULL,https://wikidata.org/wiki/Q134037294,NULL,NULL,NULL,NULL
22.3557,38.4802,"temple of Poseidon in temenos above Myonia","Phokis Bk10","Myonia/Myania (Phokis)",['naos'],['10.38.8'],"Myonia/Myania (Phokis)",NULL,NULL,NULL,NULL,NULL,NULL,NULL
27.363816,37.9498235,"Sanctuary of Ephesian Artemis at Ephesus","Asia Minor (Asia)",Ephesos,['hieron'],"['10.26.6','10.38.6','4.31.8','5.19.2','6.3.15','6.3.16','7.2.7','7.5.4']",NULL,https://pleiades.stoa.org/places/873985034,https://topostext.org/place/379274SEph,https://wikidata.org/wiki/Q43018,https://resource.manto.unh.edu/10267644,NULL,NULL,NULL
19.92178,39.60733,"Corcyra (settlement)","Hellas (Europe)","Ionian Sea (Greece/Italy)",['polis'],"['1.11.6','10.9.3','2.3.9','2.5.2','5.22.4','6.25.1','6.9.9']",NULL,https://pleiades.stoa.org/places/530834,NULL,https://wikidata.org/wiki/Q3693378,NULL,Kerkyra,NULL,NULL
26.117749999999997,39.536211,"Tomb of Sibylla in grove of Smintheus in Troad","Asia Minor (Asia)",Smintheion,['mnema'],['10.12.6'],Smintheion,NULL,NULL,NULL,https://resource.manto.unh.edu/10270808,NULL,NULL,NULL
22.5813,38.6424,Amphikleia,"Phokis Bk10","Phokis Bk10",['polis'],"['10.3.2','10.33.12','10.33.9','10.34.1']",NULL,https://pleiades.stoa.org/places/540629,NULL,https://wikidata.org/wiki/Q474840,NULL,NULL,NULL,NULL
23.819776,40.901252,Myrkinos,"Macedonia (Europe)",Edones,['polis'],['10.33.2'],NULL,https://pleiades.stoa.org/places/501520,NULL,https://wikidata.org/wiki/Q6948303,NULL,"city in Edonian territory",NULL,NULL
22.44,38.39,"Krisaean Gulf (Phokis)","Phokis Bk10","Phokis Bk10",['kolpos'],"['10.13.10','10.8.8']",NULL,NULL,https://topostext.org/place/384224WKri,NULL,NULL,NULL,NULL,NULL
22.6222206,38.5348857,"Parnassian glen","Phokis Bk10","Parnassus (mountain)",['nape'],['10.6.1'],"Parnassus (mountain)",NULL,NULL,NULL,NULL,NULL,NULL,NULL
22.66931,38.58344,Tithorea/Neon,"Phokis Bk10","Phokis Bk10",['settlement'],"['10.1.1','10.2.4','10.3.2','10.32.10','10.32.11','10.32.12','10.32.14','10.32.17','10.32.19','10.32.8','10.32.9','10.33.1','2.29.3','2.4.3','9.17.4']",NULL,https://pleiades.stoa.org/places/541152,NULL,https://wikidata.org/wiki/Q56697763,NULL,NULL,NULL,NULL
22.626059,38.375439,Antikyra,"Phokis Bk10","Phokis Bk10",['polis'],"['10.1.2','10.3.1','10.36.5','10.36.6','10.36.7','10.37.2','10.37.3','7.7.9']",NULL,https://pleiades.stoa.org/places/540642,NULL,https://wikidata.org/wiki/Q4774674,NULL,NULL,NULL,NULL
23.0963,38.67349,"Atalante (island)","Aegean Sea (Hellas)","Locris Opuntia region",['nesos'],['10.20.4'],NULL,https://pleiades.stoa.org/places/540675,NULL,https://wikidata.org/wiki/Q370485,NULL,NULL,NULL,NULL
23.796,35.287,"Cretan mountains, site of Elyros",Crete,Crete,['oros'],['10.16.5'],NULL,NULL,NULL,NULL,NULL,NULL,NULL,NULL
22.0959,37.8914,Kleitor,"Arcadia Bk8","Arcadia Bk8",['polis'],"['10.9.9','5.7.1','6.8.5','6.9.2','8.17.6','8.19.4','8.21.3','8.21.4','8.25.2','8.4.5']",NULL,https://pleiades.stoa.org/places/570359,https://topostext.org/place/379221PKle,https://wikidata.org/wiki/Q2537130,NULL,Cleitor,NULL,NULL
33.90294,35.17926,Salamis/Konstantia,"Cyprus (island)","Cyprus (island)",['polis'],"['10.24.3','8.15.7']",NULL,https://pleiades.stoa.org/places/707617,NULL,https://wikidata.org/wiki/Q767089,NULL,NULL,NULL,NULL
8.895951167,40.06802462,"North part of Sardinia and part facing Italy","Internum Mare","Sardinia (island)",['chora'],['10.17.10'],"Sardinia (island)",NULL,NULL,NULL,NULL,NULL,NULL,NULL
23.3484,37.5033,"Antheia of Troizenia","Troizenia Bk2","Troizen (Troizenia)",['polis'],"['1.22.2','1.25.4','1.27.7','1.8.2','10.5.6','2.1.4','2.30.5','2.30.6','2.30.8','2.30.9','2.31.4','2.31.9','2.32.2','2.32.6','2.32.8','2.33.1','2.34.1','2.34.12','2.34.4','2.34.6','5.23.2','8.1.1']","Troizen (Troizenia)",https://pleiades.stoa.org/places/570756,NULL,https://wikidata.org/wiki/Q60790607,NULL,NULL,NULL,NULL
28.249999999999996,38.75,Mysia,"Asia (continent)","Asia Minor (Asia)",['chora'],"['1.36.6','10.28.8','9.18.4','9.5.14']",NULL,https://pleiades.stoa.org/places/550759,NULL,https://wikidata.org/wiki/Q622319,NULL,"Mysia hyper Kaikos",NULL,NULL
23.48041,37.52255,"Kalaureia (island)","Troizenia Bk2","Troizenia Bk2",['nesos'],"['1.8.2','1.8.3','10.5.6','2.33.2','2.33.5']",NULL,https://pleiades.stoa.org/places/570325,NULL,https://wikidata.org/wiki/Q1443132,NULL,NULL,NULL,NULL
22.9,37.67,"Argolid Bk2",NULL,Peloponnesos,['chora'],"['10.10.4','10.15.1','10.18.5','2.1.1','2.15.4','2.15.5','2.16.2','2.18.4','2.18.7','2.20.1','2.24.7','2.25.5','2.26.1','2.28.2','2.29.5','2.35.4','2.36.4','2.38.4','2.38.7','2.7.1','3.2.2','3.23.6','3.4.1','3.5.8','3.5.9','3.7.3','3.7.4','4.11.8','4.29.2','4.34.10','4.34.12','4.35.2','5.10.9','5.23.2','6.20.7','7.25.5','7.26.12','8.1.1','8.1.2','8.22.1','8.22.3','8.27.1','8.3.3','8.33.3','8.4.6','8.54.7','8.6.4','8.6.6','8.7.2']",NULL,https://pleiades.stoa.org/places/570104,https://topostext.org/place/374229RArg,https://wikidata.org/wiki/Q12649101,NULL,"Argolis region",NULL,NULL
20.64944,38.70819,Leucas,"Hellas (Europe)","Ionian Sea (Greece/Italy)",['polis'],['10.11.6'],NULL,https://pleiades.stoa.org/places/530974,NULL,https://wikidata.org/wiki/Q190138,NULL,NULL,NULL,NULL
22.54128,38.70507,Drymaia,"Phokis Bk10","Phokis Bk10",['polis'],"['10.3.2','10.33.12']",NULL,https://pleiades.stoa.org/places/540743,NULL,https://wikidata.org/wiki/Q11917777,NULL,NULL,NULL,NULL
36.4825754,35.2728339,"Orontes (river)","Asia (continent)","Syria (Asia)",['potamos'],"['10.20.5','6.2.7','8.20.2','8.29.3','8.33.3']",NULL,https://pleiades.stoa.org/places/658560,NULL,https://wikidata.org/wiki/Q188871,NULL,NULL,NULL,NULL
22.374,38.53,"Temple of Athena on acropolis of Amphissa","Ozolian Lokris Bk10","Amphissa of Ozolian Locris",['naos'],['10.38.5'],"Amphissa of Ozolian Locris",NULL,NULL,NULL,NULL,NULL,NULL,NULL
27.2774885,37.5292362,Miletus,"Asia Minor (Asia)","Ionia (region)",['polis'],"['1.35.6','10.33.2','2.5.3','5.1.5','7.2.11','7.2.4','7.2.5','7.24.5','7.5.10','7.5.4','8.24.11']",NULL,https://pleiades.stoa.org/places/599799,NULL,https://wikidata.org/wiki/Q169460,NULL,NULL,NULL,NULL
22.5056,38.4806,"Second temple at entry to Delphi polis, empty","Phokis Bk10","Delphi (polis)",['naos'],['10.8.6'],"Delphi (polis)",NULL,NULL,NULL,NULL,NULL,NULL,NULL
22.5011,38.48304,"Lesche of the Knidians","Phokis Bk10","Sanctuary of Pythian Apollo at Delphi",['oikema'],"['10.25.1','10.25.2']",NULL,NULL,https://topostext.org/place/385225BLKn,https://wikidata.org/wiki/Q3830889,NULL,NULL,NULL,NULL
22.757,38.385,"Sanctuary of Demeter Stiritis in Stiris","Phokis Bk10","Stiris (Phokis)",['hieron'],['10.35.10'],"Stiris (Phokis)",NULL,NULL,https://wikidata.org/wiki/Q134037522,NULL,NULL,NULL,NULL
22.663,38.4296,Ambrossos,"Phokis Bk10","Phokis Bk10",['polis'],"['10.3.2','10.36.1','10.36.3','10.36.4','4.31.5','9.13.3']",NULL,https://pleiades.stoa.org/places/540626,https://topostext.org/place/384227PAmb,https://wikidata.org/wiki/Q12872250,NULL,Ambryssus,NULL,NULL
22.905228,38.596346,"Well at Hyampolis, the only water source but rain","Phokis Bk10",Hyampolis,['phrear'],['10.35.6'],Hyampolis,NULL,NULL,NULL,NULL,NULL,NULL,NULL
22.6338,38.8679,"Maliac Gulf (Phthiotis)","Hellas (Europe)",Phthiotis,['kolpos'],"['1.4.3','10.1.2','10.20.8']",NULL,https://pleiades.stoa.org/places/540929,https://topostext.org/place/389226WMal,https://wikidata.org/wiki/Q549658,NULL,"Lamian Gulf",NULL,NULL
26.16276,39.69025,Kolonai,"Asia Minor (Asia)",Troas,['settlement'],['10.14.1'],NULL,https://pleiades.stoa.org/places/550661,NULL,https://wikidata.org/wiki/Q6427503,NULL,NULL,NULL,NULL
22.52073,38.51526,"Korykion Antron","Phokis Bk10","Parnassus (mountain)",['spelaion'],"['10.32.2','10.32.7','10.6.3']",NULL,https://pleiades.stoa.org/places/540883,NULL,https://wikidata.org/wiki/Q2261709,NULL,"Corycian cave",NULL,NULL
23.594,38.4361,Aulis,"Boiotia Bk9","Boiotia Bk9","['limen','settlement']","['1.35.3','10.26.3','3.9.10','3.9.3','3.9.4','8.28.4','8.28.5','9.19.6','9.19.7','9.19.8']",NULL,https://pleiades.stoa.org/places/579889,https://topostext.org/place/384236UAul,https://wikidata.org/wiki/Q2612265,NULL,"harbor on Boeotia-Chalkis border",NULL,NULL
22.5012215,38.4823167,"Altar of Poseidon inside temple of Apollo at Delphi","Phokis Bk10","Temple of Apollo at Delphi",['bomos'],['10.24.4'],"Temple of Apollo at Delphi",NULL,NULL,NULL,NULL,NULL,NULL,NULL
25.478129000000003,36.36399,"Thera island (Cyclades)","Aegean Sea (Hellas)","Cyclades region (Aegean)",['nesos'],"['10.15.6','3.1.8','3.15.6','7.2.2']",NULL,https://pleiades.stoa.org/places/599973,https://topostext.org/place/364255IThe,https://wikidata.org/wiki/Q129296,NULL,NULL,NULL,NULL
21.75,39.25,Dolopia,"Hellas (Europe)",Thessalia,['chora'],"['10.8.2','10.8.3']",NULL,https://pleiades.stoa.org/places/540737,NULL,https://wikidata.org/wiki/Q776988,NULL,NULL,NULL,NULL
22.4,38.7,Doris,"Hellas (Europe)","Hellas (Europe)",['chora'],"['10.37.2','10.8.4']",NULL,https://pleiades.stoa.org/places/540740,NULL,https://wikidata.org/wiki/Q130987,NULL,NULL,NULL,NULL
27.366012129999998,38.25857286,"Ionia (region)","Asia (continent)","Asia Minor (Asia)",['chora'],"['1.1.5','1.29.5','10.24.1','10.32.4','10.33.2','10.8.6','2.31.6','3.2.1','3.9.6','5.21.13','5.27.12','5.7.5','6.24.2','6.3.15','7.3.7','7.3.8','7.5.10','7.5.12','7.5.13','7.5.4','8.43.4','8.45.5','9.19.8','9.21.6','9.27.1','9.27.8','9.33.2','9.37.8']",NULL,https://pleiades.stoa.org/places/550597,NULL,https://wikidata.org/wiki/Q620874,NULL,NULL,NULL,NULL
22.50151,38.48254,"Stone of Cronus at Delphi","Phokis Bk10","Sanctuary of Pythian Apollo at Delphi",['petra'],['10.24.6'],"Sanctuary of Pythian Apollo at Delphi",NULL,NULL,https://wikidata.org/wiki/Q2786349,NULL,"Stone of Kronos",NULL,NULL
22.721,37.41,Thyreatis,"Argolid Bk2","Argolid Bk2","['chora','settlement']","['10.9.12','2.29.5','2.38.5','2.38.7','3.7.5','8.3.3','8.54.4']",NULL,https://pleiades.stoa.org/places/570736,NULL,https://wikidata.org/wiki/Q3036391,NULL,Thyrea,NULL,NULL
22.81,38.28,"Sanctuary of Dionysos at Boulis","Phokis Bk10",Boulis,['hieron'],['10.37.3'],Boulis,NULL,NULL,https://wikidata.org/wiki/Q134037536,NULL,NULL,NULL,NULL
26.1769,39.3692,"Methymna (Lesbos)","Aegean Sea (Hellas)","Lesbos (island)",['polis'],['10.19.3'],NULL,https://pleiades.stoa.org/places/550738,https://topostext.org/place/394262PMet,https://wikidata.org/wiki/Q38281278,NULL,NULL,NULL,NULL
22.663,38.4296,"Agora of the Ambrossians, not large","Phokis Bk10",Ambrossos,['agora'],['10.36.4'],Ambrossos,NULL,NULL,https://wikidata.org/wiki/Q133963424,NULL,NULL,NULL,NULL
26.689980000000002,40.34869,Lampsakos,"Asia Minor (Asia)","Mysia (Bithynia)",['polis'],"['10.38.11','6.18.2','6.18.4','9.31.2']",NULL,https://pleiades.stoa.org/places/501570,NULL,https://wikidata.org/wiki/Q1229422,NULL,"Lampsacus Pityoussa",NULL,NULL
22.5059,38.4815,"Gymnasium (Delphi)","Phokis Bk10","Delphi (polis)",['gymnasion'],"['10.8.8','10.8.9']",NULL,NULL,https://topostext.org/place/385225BDGy,https://wikidata.org/wiki/Q22668472,NULL,NULL,NULL,NULL
22.50151,38.48254,"Third temple of Apollo at Delphi, made of bronze","Phokis Bk10","Sanctuary of Pythian Apollo at Delphi",['naos'],['10.5.11'],"Sanctuary of Pythian Apollo at Delphi",NULL,NULL,NULL,NULL,NULL,NULL,NULL
26.050000000000004,39.816667,"Tenedos (island)","Aegean Sea (Hellas)","Aegean Sea (Hellas)",['nesos'],"['10.14.1','10.14.3']",NULL,https://pleiades.stoa.org/places/550912,NULL,https://wikidata.org/wiki/Q211817,NULL,NULL,https://imperium.ahlfeldt.se/places/41117,NULL
22.1976,38.345,"temple of Artemis in grove a little above Oiantheia","Ozolian Lokris Bk10","Grove of cypress and pine a little above Oiantheia with Artemis temple",['naos'],['10.38.9'],"Grove of cypress and pine a little above Oiantheia with Artemis temple",NULL,NULL,NULL,NULL,NULL,NULL,NULL
21.8313,38.3997,"Cave sacred to Aphrodite at Naupaktos, where women pray for a husband","Aitolia region",Naupaktos,['spelaion'],['10.38.12'],Naupaktos,NULL,NULL,NULL,NULL,NULL,NULL,NULL
23.727929999999997,37.9718,"Ogrylê, town in Sardinia founded by Athenians with Ogrylos","Internum Mare","Sardinia (island)",['polis'],['10.17.5'],NULL,NULL,NULL,NULL,NULL,NULL,NULL,NULL
23.960195000000002,35.233106,Tarra,Crete,Crete,['polis'],['10.16.5'],NULL,https://pleiades.stoa.org/places/590072,NULL,https://wikidata.org/wiki/Q354701,NULL,NULL,NULL,NULL
22.4,38.75,"Lokris Epiknemidia","Hellas (Europe)","Hellas (Europe)",['chora'],['10.13.4'],NULL,https://pleiades.stoa.org/places/540917,NULL,https://wikidata.org/wiki/Q130370851,NULL,"Epicnemedian Locris",NULL,NULL
22.374,38.53,"Tomb of Andraimon and his wife Gorgê at Amphissa","Ozolian Lokris Bk10","Amphissa of Ozolian Locris",['mnema'],['10.38.5'],"Amphissa of Ozolian Locris",NULL,NULL,NULL,https://resource.manto.unh.edu/10274747,NULL,NULL,NULL
22.7175,39.934167,Tempe,"Hellas (Europe)",Thessalia,['esbole'],['10.5.9'],NULL,https://pleiades.stoa.org/places/541131,NULL,https://wikidata.org/wiki/Q258540,NULL,NULL,NULL,NULL
21.5,38.6,"Aitolia region","Hellas (Europe)","Hellas (Europe)",['chora'],"['1.26.3','1.42.6','10.18.1','10.22.2','10.22.3','10.22.5','2.13.8','2.25.2','2.37.3','2.8.4','3.10.2','4.24.7','4.31.7','5.1.3','5.3.7','7.18.6','7.18.8','7.18.9','7.9.6','8.24.11','8.38.10']",NULL,https://pleiades.stoa.org/places/540591,https://topostext.org/place/386215RAit,https://wikidata.org/wiki/Q26857,NULL,Aetolia,NULL,NULL
15.29382,37.05963,"Sanctuary of Olympian Zeus at Syracuse","Sicilia (island)",Syracusae/Syrakousai,['hieron'],['10.28.6'],Syracusae/Syrakousai,NULL,NULL,https://wikidata.org/wiki/Q3983290,NULL,NULL,NULL,NULL
23.706200000000003,37.9373,"Temple of Demeter at Phaleron, half-burnt by Persians","Attica Bk1",Phaleron,['naos'],['10.35.2'],Phaleron,NULL,NULL,NULL,NULL,NULL,NULL,NULL
23.51,37.93,"Salamis (island)","Attica Bk1","Attica Bk1",['nesos'],"['1.14.5','1.25.6','1.3.2','1.35.2','1.35.3','1.35.4','1.36.1','1.36.2','1.40.5','10.31.1','2.29.10','2.8.6','4.36.6']",NULL,https://pleiades.stoa.org/places/580101,NULL,NULL,NULL,NULL,https://imperium.ahlfeldt.se/places/41417,NULL
21.8313,38.3997,"Sanctuary of Artemis Aitole at Naupaktos","Aitolia region",Naupaktos,['hieron'],['10.38.12'],Naupaktos,NULL,NULL,https://wikidata.org/wiki/Q134036845,NULL,NULL,NULL,NULL
22.500741,38.482335,"Treasury of the Sicyonians at Delphi, near Tarantine dedication","Phokis Bk10","Sanctuary of Pythian Apollo at Delphi",['thesauros'],"['10.11.1','10.11.2']",NULL,NULL,NULL,https://wikidata.org/wiki/Q22810175,NULL,NULL,NULL,NULL
22.7,38.6,"Phokis Bk10",NULL,"Hellas (Europe)",['chora'],"['1.20.6','10.1.1','10.1.2','10.1.4','10.17.13','10.23.10','10.30.4','10.33.7','10.34.2','10.35.1','10.35.8','10.37.2','10.38.1','10.4.1','10.4.2','10.5.3','10.8.2','2.29.2','2.29.3','2.4.3','3.5.3','3.9.10','4.31.5','6.19.5','7.14.7','7.15.5','7.18.9','7.3.10','7.7.9','8.1.5','8.4.4','9.17.4','9.36.3','9.40.12']",NULL,https://pleiades.stoa.org/places/541048,https://topostext.org/place/386227RPho,https://wikidata.org/wiki/Q2637650,NULL,"Phocis region",NULL,NULL
22.7,38.6,"Ledon hamlet on Kephissos river","Phokis Bk10","Phokis Bk10",['settlement'],['10.33.1'],"Phokis Bk10",NULL,NULL,NULL,NULL,"Ledon hamlet",NULL,NULL
21.61781634,32.54929268,Cyrenaica,"Libya (Africa)","Libya (Africa)",['chora'],"['10.15.6','4.26.2']",NULL,https://pleiades.stoa.org/places/373777,NULL,https://wikidata.org/wiki/Q165198,NULL,NULL,NULL,NULL
23.088,38.3787,"Haliartos (Boeotia)","Boiotia Bk9","Boiotia Bk9",['teichos'],"['1.27.5','10.35.2','3.5.3','3.5.5','7.3.1','9.16.6','9.18.4','9.32.5','9.33.1','9.33.3','9.33.4','9.34.7','9.34.8']",NULL,https://pleiades.stoa.org/places/540801,https://topostext.org/place/384231PHal,https://wikidata.org/wiki/Q359627,NULL,NULL,NULL,NULL
23.8189911,38.05199883,"Attica Bk1","Attica Bk1","Hellas (Europe)",['chora'],"['1.1.1','1.14.2','1.2.6','1.20.6','1.21.1','1.22.3','1.22.7','1.23.5','1.24.5','1.24.8','1.25.6','1.26.3','1.26.5','1.26.6','1.27.10','1.27.2','1.28.10','1.28.11','1.28.4','1.28.9','1.29.2','1.29.6','1.29.7','1.30.4','1.31.1','1.31.3','1.31.5','1.32.1','1.32.3','1.34.1','1.34.2','1.35.1','1.36.3','1.37.7','1.38.1','1.38.4','1.38.8','1.44.10','10.17.5','10.25.2','10.33.4','10.35.8','2.1.1','2.1.6','2.30.9','2.32.9','2.6.5','2.6.6','3.12.7','3.5.1','3.7.10','3.8.6','4.1.8','4.34.8','5.10.4','5.11.7','5.13.8','5.15.7','5.25.13','5.4.7','6.19.12','7.1.5','7.1.9','7.11.8','7.17.2','7.18.2','7.25.2','7.3.6','7.5.5','7.6.3','7.7.7','8.23.3','9.1.1','9.1.6','9.13.6','9.23.5']",NULL,https://pleiades.stoa.org/places/579888,NULL,https://wikidata.org/wiki/Q122443,NULL,NULL,NULL,NULL
14.08648465,37.53667612,"Sicilia (island)",NULL,"Roman empire",['nesos'],"['1.12.5','1.13.1','1.2.3','1.21.4','1.29.11','1.29.13','10.11.3','10.15.5','10.15.6','2.2.5','2.22.9','3.16.4','3.16.5','4.23.6','4.26.2','4.26.5','4.36.4','5.23.6','5.25.5','5.25.6','5.27.1','5.7.3','6.12.3','6.13.8','6.26.4','6.4.3','6.6.7','6.9.4','6.9.5','7.16.5','7.4.6','7.4.7','8.11.12','8.12.8','8.24.6','8.42.8','8.46.2','8.8.6','9.40.4']",NULL,https://pleiades.stoa.org/places/462492,NULL,https://wikidata.org/wiki/Q4951156,NULL,NULL,NULL,NULL
22.50151,38.48254,"Fourth temple of Apollo at Delphi, of stone, burned in 548 BCE","Phokis Bk10","Sanctuary of Pythian Apollo at Delphi",['naos'],['10.5.13'],"Sanctuary of Pythian Apollo at Delphi",NULL,NULL,NULL,NULL,NULL,NULL,NULL
22.3,37.5,"Arcadia Bk8","Arcadia Bk8",Peloponnesos,['chora'],"['10.20.1','10.28.8','10.32.3','2.24.5','3.20.8','3.5.4','3.6.8','3.7.3','3.8.7','4.22.7','4.29.11','4.31.4','5.10.9','5.5.8','5.7.1','6.12.8','6.8.2','7.14.1','7.25.11','7.25.5','7.7.4','7.8.6','8.1.1','8.1.6','8.10.1','8.10.6','8.11.3','8.17.1','8.22.6','8.23.3','8.24.4','8.27.4','8.27.5','8.3.4','8.34.4','8.35.10','8.35.5','8.36.6','8.4.1','8.42.3','8.43.2','8.47.6','8.5.4','8.51.8','8.6.4','8.7.4','8.8.12','9.36.6','9.9.2']",NULL,https://pleiades.stoa.org/places/570102,https://topostext.org/place/375223RArk,https://wikidata.org/wiki/Q12898802,NULL,"Arkadia region",NULL,NULL
22.50592,38.62687,Lilaia,"Phokis Bk10","Phokis Bk10",['polis'],"['10.3.1','10.33.3','10.33.4','10.33.5','10.33.9','9.24.1']",NULL,https://pleiades.stoa.org/places/540915,NULL,https://wikidata.org/wiki/Q1267602,NULL,NULL,NULL,NULL
22.905228,38.596346,"Bouleuterion of Hyampolis, a not-large building","Phokis Bk10",Hyampolis,['bouleuterion'],['10.35.6'],Hyampolis,NULL,NULL,NULL,NULL,NULL,NULL,NULL
22.96835,38.259722,Thisbe,"Boiotia Bk9","Boiotia Bk9",['polis'],"['10.37.2','9.32.2','9.32.3']",NULL,https://pleiades.stoa.org/places/541146,NULL,https://wikidata.org/wiki/Q57374186,NULL,NULL,NULL,NULL
23.25,38.35,"Boiotia Bk9",NULL,"Hellas (Europe)",['chora'],"['1.23.3','1.24.5','1.25.7','1.27.5','1.34.1','1.38.8','10.1.2','10.12.11','10.17.3','10.23.11','10.29.5','10.37.2','10.4.2','3.5.3','3.5.4','3.5.6','3.9.12','4.16.7','4.27.10','4.34.5','6.3.3','7.10.5','7.15.9','7.17.2','7.3.6','7.6.5','8.11.5','9.1.1','9.1.3','9.13.3','9.14.6','9.22.5','9.25.9','9.3.4','9.32.2','9.4.3','9.5.1','9.7.4','9.9.2']",NULL,https://pleiades.stoa.org/places/540689,https://topostext.org/place/384233RBoi,https://wikidata.org/wiki/Q187570,NULL,Boeotia,NULL,NULL
23.3178,38.3191,"Thebes (Boeotia)","Boiotia Bk9","Boiotia Bk9",['polis'],"['1.25.4','1.28.7','1.29.3','1.3.4','1.34.1','1.34.2','1.34.4','1.37.6','1.39.2','1.40.2','1.41.1','1.43.1','1.44.4','1.44.5','10.10.3','10.17.4','10.20.1','10.29.7','10.35.5','10.7.6','2.19.8','2.20.5','2.36.8','2.6.1','2.6.2','2.6.3','2.6.4','2.7.6','3.5.3','3.5.4','3.9.11','3.9.3','3.9.8','4.17.5','4.27.10','4.32.5','4.7.8','4.8.8','5.3.1','7.10.2','7.14.6','7.15.9','7.17.2','7.3.1','7.6.9','8.11.6','8.14.2','8.15.6','8.24.10','8.25.4','8.25.8','8.33.2','9.1.6','9.1.8','9.10.1','9.10.4','9.11.6','9.12.2','9.13.1','9.14.7','9.17.4','9.17.5','9.18.1','9.18.2','9.18.3','9.18.5','9.19.2','9.19.3','9.19.4','9.22.3','9.23.4','9.23.5','9.25.10','9.25.7','9.25.9','9.29.9','9.3.6','9.32.5','9.33.1','9.37.2','9.4.4','9.40.3','9.5.1','9.5.12','9.5.13','9.5.14','9.5.2','9.5.6','9.5.7','9.6.2','9.6.3','9.6.5','9.7.1','9.7.2','9.7.6','9.8.1','9.8.3','9.8.7','9.9.4']",NULL,https://pleiades.stoa.org/places/541138,https://topostext.org/place/383233PThe,https://wikidata.org/wiki/Q11225429,NULL,NULL,NULL,NULL
22.43,38.446,"Hippodrome of Delphi (Phokis)","Phokis Bk10","plain below Delphi with hippodrome",['hippodrome'],['10.37.4'],NULL,NULL,https://topostext.org/place/384224BHip,https://wikidata.org/wiki/Q106484612,NULL,NULL,NULL,NULL
27.789696999999997,37.316871,Mylasa,"Asia Minor (Asia)","Caria region",['settlement'],"['10.28.8','8.10.4']",NULL,https://pleiades.stoa.org/places/599809,NULL,https://wikidata.org/wiki/Q3857824,NULL,NULL,NULL,NULL
22.66931,38.58344,"Adyton of Isis near Tithorea, holiest of her shrines in Greece","Phokis Bk10","Enclosure of Isis near Tithorea",['adyton'],['10.32.13'],"Enclosure of Isis near Tithorea",NULL,NULL,NULL,NULL,NULL,NULL,NULL
14.93394,38.50554,"Lipara (island)","Internum Mare","Islands of Aiolos",['nesos'],"['10.11.3','10.11.4','10.16.7']",NULL,https://pleiades.stoa.org/places/462284,NULL,https://wikidata.org/wiki/Q499519,NULL,NULL,NULL,NULL
9.015757,38.984642,Nora,"Internum Mare","Sardinia (island)",['polis'],['10.17.5'],NULL,https://pleiades.stoa.org/places/471979,NULL,https://wikidata.org/wiki/Q677175,NULL,NULL,NULL,NULL
27.5,37.5,"Lycia region","Asia (continent)","Asia Minor (Asia)",['chora'],"['10.27.2','2.21.3','2.4.2','2.7.1','7.21.13','9.27.2']",NULL,https://pleiades.stoa.org/places/638965,NULL,https://wikidata.org/wiki/Q18927,NULL,Lykia,NULL,NULL
27.4713446,37.6220196,"Maeander (river)","Asia Minor (Asia)","Ionia (region)",['potamos'],"['1.29.7','10.32.13','2.5.3','2.7.9','4.34.1','4.34.2','5.14.3','7.2.11','8.24.11','8.41.3','8.7.3']",NULL,https://pleiades.stoa.org/places/599777,NULL,https://wikidata.org/wiki/Q211089,NULL,NULL,NULL,NULL
22.49799432,38.48262717,"Delphi Stadium - Delphi","Phokis Bk10","Sanctuary of Pythian Apollo at Delphi",['stadion'],['10.32.1'],NULL,https://pleiades.stoa.org/places/333036426,NULL,https://wikidata.org/wiki/Q21705214,NULL,NULL,NULL,NULL
21.856169,32.818736,Cyrene,"Libya (Africa)",Cyrenaica,['polis'],"['1.6.8','1.7.1','1.7.2','10.15.7','10.2.3','3.14.3','3.16.2','6.19.10']",NULL,https://pleiades.stoa.org/places/373778,NULL,https://wikidata.org/wiki/Q44112,NULL,NULL,NULL,NULL
22.782061,38.645635,"temple of Asklepios at Elateia","Phokis Bk10",Elateia,['naos'],['10.34.6'],Elateia,NULL,NULL,NULL,NULL,NULL,NULL,NULL
27.19292,38.00466,Klaros,"Asia Minor (Asia)","Ionia (region)",['hieron'],"['10.12.5','7.3.1','7.3.2','7.3.4','7.5.3','7.5.4','8.29.4']",NULL,https://pleiades.stoa.org/places/599719,NULL,https://wikidata.org/wiki/Q1933754,NULL,NULL,NULL,NULL
21.75,41.75,Paionia,"Macedonia (Europe)","Macedonia (Europe)",['chora'],['10.19.7'],NULL,https://pleiades.stoa.org/places/491680,NULL,https://wikidata.org/wiki/Q249561,NULL,NULL,NULL,NULL
