Lon,Lat,Name,Region,Part_of,Type,Passages,Location,Pleiades,ToposText,Wikidata,Manto,Altname,URL,Arachne
23.004,37.461,"Strouthos? cape (Argolid)","Argolid Bk2","Argolid Bk2",['akra'],['2.36.3'],NULL,https://pleiades.stoa.org/places/570694,https://topostext.org/place/373233LStr,NULL,NULL,NULL,NULL,NULL
23.3484,37.5033,"Theater of Troizen","Troizenia Bk2","Troizen (Troizenia)",['theatron'],['2.31.4'],"Troizen (Troizenia)",NULL,NULL,NULL,NULL,NULL,NULL,NULL
23.42372,37.74991,"Aiakeion in Aigina","Aigina island Bk2","Aigina polity","['hieron','peribolos']",['2.29.6'],"Aigina polity",NULL,NULL,https://wikidata.org/wiki/Q403346,NULL,NULL,NULL,NULL
23.58944,38.46276,Euripos,"Euboea (island)","Euboian Gulf",['settlement'],"['1.23.3','1.38.1','2.24.6','5.23.2','6.13.8','7.7.6','9.12.6','9.19.6','9.22.5','9.31.3']",NULL,https://pleiades.stoa.org/places/540783,NULL,https://wikidata.org/wiki/Q1137741,NULL,NULL,NULL,NULL
21.8,37.2,"Messenia Bk4",NULL,Peloponnesos,['chora'],"['2.18.7','2.18.8','3.1.4','3.13.1','3.14.4','3.2.6','3.26.6','3.26.7','3.3.2','3.7.5','4.1.2','4.12.1','4.12.7','4.14.3','4.14.4','4.14.7','4.15.8','4.16.9','4.17.1','4.18.2','4.19.4','4.19.5','4.2.5','4.20.2','4.21.1','4.23.1','4.24.4','4.28.2','4.29.11','4.3.10','4.3.2','4.3.3','4.3.4','4.3.5','4.30.1','4.31.1','4.34.9','4.36.7','4.4.2','4.4.3','4.5.8','4.5.9','4.6.4','4.7.1','4.7.4','5.6.3','8.1.1','8.1.2','8.27.15','8.35.2']",NULL,https://pleiades.stoa.org/places/570480,https://topostext.org/place/372218RMes,https://wikidata.org/wiki/Q1247159,NULL,NULL,NULL,NULL
23.42372,37.74991,"Aigina polity","Aigina island Bk2","Aigina island Bk2",['polis'],"['1.44.9','2.29.6','6.9.3','7.5.5']",NULL,https://pleiades.stoa.org/places/579853,https://topostext.org/place/378234PAig,https://wikidata.org/wiki/Q191082,NULL,"Aegina polis",NULL,NULL
21.533,38.372,Kalydonia,"Aitolia region","Aitolia region",['chora'],['2.25.2'],NULL,NULL,NULL,NULL,NULL,"territory of Kalydon, Calydonia",NULL,NULL
22.9,37.37,"Argolic Gulf (Argolid)","Argolid Bk2","Argolid Bk2",['kolpos'],"['2.25.9','8.1.1']",NULL,NULL,https://topostext.org/place/374229WArg,https://wikidata.org/wiki/Q648317,NULL,NULL,NULL,NULL
22.8802,37.9054,"Lerna spring near Corinth theater","Corinthia Bk2","Corinth (Corinthia)",['pege'],['2.4.5'],"Corinth (Corinthia)",NULL,NULL,NULL,NULL,NULL,NULL,NULL
22.8802,37.9054,"Sanctuary of Hera in Corinth","Corinthia Bk2","Corinth (Corinthia)",['hieron'],['2.3.11'],"Corinth (Corinthia)",NULL,NULL,https://wikidata.org/wiki/Q134037571,NULL,NULL,NULL,NULL
23.243591,37.385218,"Temple of Apollo in Hermione, no epithet","Hermionis Bk2",Hermione,['naos'],['2.35.2'],Hermione,NULL,NULL,NULL,NULL,NULL,NULL,NULL
22.649131,37.846299,"Sanctuary of Demeter at Phlious, not far from theater","Phlious Bk2","Phlious Bk2",['hieron'],['2.13.5'],"Phlious Bk2",NULL,NULL,https://wikidata.org/wiki/Q134037325,NULL,NULL,NULL,NULL
23.3484,37.5033,"Tent of Orestes at Troizen, building in front of the Apollo sanctuary","Troizenia Bk2","Troizen (Troizenia)",['oikema'],['2.31.8'],"Troizen (Troizenia)",NULL,NULL,NULL,NULL,NULL,NULL,NULL
22.80004,37.59918,"Chambers of the daughters of Proetus, on the sea near Tiryns","Argolid Bk2",Tiryns,['thalamos'],['2.25.9'],Tiryns,NULL,NULL,NULL,NULL,NULL,NULL,NULL
22.7195,37.6316,"Tomb of Helenus at Argos, local legend","Argolid Bk2","Argos (Argolid)",['mnema'],['2.23.5'],"Argos (Argolid)",NULL,NULL,NULL,https://resource.manto.unh.edu/10187136,NULL,NULL,NULL
22.7195,37.6316,"Deiras gates of Argos","Argolid Bk2","Argos (Argolid)",['pylai'],"['2.24.1','2.25.1']","Argos (Argolid)",NULL,https://topostext.org/place/376227FDei,NULL,NULL,NULL,NULL,NULL
26.23873,39.9577,"Court of Priam in Ilium","Asia Minor (Asia)",Ilium,['megaron'],['2.24.3'],Ilium,NULL,NULL,NULL,NULL,NULL,NULL,NULL
22.737804,37.581685,Temenion,"Argolid Bk2","Argolid Bk2",['settlement'],"['2.36.6','2.38.1','2.38.2']",NULL,https://pleiades.stoa.org/places/570710,NULL,https://wikidata.org/wiki/Q12160445,NULL,NULL,NULL,NULL
22.8802,37.9054,"Temple of Aphrodite Melaenis at Craneion, Corinth","Corinthia Bk2","Corinth (Corinthia)",['naos'],['2.2.4'],"Corinth (Corinthia)",NULL,NULL,NULL,NULL,NULL,NULL,NULL
35.01,13.01,"Aethiopia (Africa)","Libya (Africa)",NULL,"['major region']","['1.33.4','1.42.3','10.31.7','2.5.3','5.12.3','5.7.4','8.38.6','9.21.6']",NULL,https://pleiades.stoa.org/places/39274,NULL,https://wikidata.org/wiki/Q410453,NULL,NULL,NULL,NULL
23.243591,37.385218,"Temple of Aphrodite Pontia/Limenia in Hermione","Hermionis Bk2",Hermione,['naos'],['2.34.11'],Hermione,NULL,NULL,NULL,NULL,NULL,NULL,NULL
23.1602,37.6335,"Tomb of Melissa not far from Epidauros","Epidauria Bk2",Epidauros,['mnema'],['2.28.8'],Epidauros,NULL,NULL,NULL,NULL,NULL,NULL,NULL
22.87548,37.89174,"sanctuary of Aphrodite on Acrocorinth","Corinthia Bk2",Acrocorinth,['naos'],['2.5.1'],NULL,NULL,https://topostext.org/place/379229SAph,https://wikidata.org/wiki/Q57559776,NULL,NULL,NULL,NULL
22.7747,37.6919,"Argive Heraion (Argolid)","Argolid Bk2","Argolid Bk2",['hieron'],"['2.16.2','2.17.1','2.17.2','2.17.3','2.17.5','2.20.3','8.46.3','9.40.4']",NULL,https://pleiades.stoa.org/places/570289,https://topostext.org/place/377228SHer,https://wikidata.org/wiki/Q1607754,https://resource.manto.unh.edu/10159442,NULL,NULL,NULL
22.678,37.96,"Oak grove of the Eumenides on Sicyon - Titane road.","Sikyonia Bk2","road Sicyon to Titane, narrow, 60 stades",['alsos'],['2.11.4'],NULL,NULL,NULL,NULL,NULL,NULL,NULL,NULL
22.442503,38.790767,"Herakleia in Trachinia","Hellas (Europe)",Phthiotis,['polis'],"['10.20.9','10.21.1','10.22.1','10.22.13','10.23.12','2.23.5','7.14.1','7.15.2','7.15.3','7.15.9']",NULL,https://pleiades.stoa.org/places/541157,NULL,https://wikidata.org/wiki/Q1231448,NULL,NULL,NULL,NULL
23.3484,37.5033,"Tomb of Phaedra in Troizen","Troizenia Bk2","Troizen (Troizenia)",['mnema'],['2.32.4'],"Troizen (Troizenia)",NULL,NULL,NULL,https://resource.manto.unh.edu/10214946,NULL,NULL,NULL
22.585884,37.519836,"Hysiae (Argolis)","Argolid Bk2","Argolid Bk2",['settlement'],"['2.24.7','8.27.1','8.54.7','8.6.4']",NULL,https://pleiades.stoa.org/places/570306,NULL,https://wikidata.org/wiki/Q16575296,NULL,Hysiai,NULL,NULL
22.756111,37.730833,"Ruins of the city wall in Mycenae","Argolid Bk2",Mycenae,['teichos'],['2.16.5'],Mycenae,NULL,NULL,NULL,NULL,NULL,NULL,NULL
22.7195,37.6316,"Sanctuary of Athena Oxyderkes at Argos","Argolid Bk2","Ascent from Argos to Larisa citadel",['hieron'],['2.24.2'],"Ascent from Argos to Larisa citadel",NULL,NULL,https://wikidata.org/wiki/Q134037421,https://resource.manto.unh.edu/10187160,NULL,NULL,NULL
22.649131,37.846299,"Arantinos Lophos","Phlious Bk2","Phlious Bk2","['bounon','lophos']","['2.12.4','2.12.5']","Phlious Bk2",https://pleiades.stoa.org/places/573111,NULL,NULL,NULL,NULL,NULL,NULL
22.7145,37.9834,"Sicyon (Sikyonia)","Sikyonia Bk2","Sikyonia Bk2",['polis'],"['1.25.4','1.27.5','10.11.6','10.8.5','2.1.1','2.10.1','2.10.6','2.11.2','2.11.3','2.11.5','2.12.2','2.12.3','2.13.1','2.15.1','2.25.5','2.25.6','2.3.10','2.3.6','2.4.4','2.5.2','2.5.5','2.5.6','2.5.8','2.6.2','2.6.5','2.6.6','2.6.7','2.7.1','2.7.2','2.7.3','2.7.6','2.7.7','2.7.9','2.8.1','2.9.2','2.9.4','4.10.6','4.11.8','4.14.1','4.15.7','5.18.7','5.21.3','6.3.3','7.1.1','7.23.8','7.26.12','7.26.13','7.26.2','7.26.6','7.27.12','7.6.1','8.1.2']",NULL,https://pleiades.stoa.org/places/570668,https://topostext.org/place/380227PSik,https://wikidata.org/wiki/Q368628,NULL,Sikyon,NULL,NULL
22.7195,37.6316,"Memorial columns in Argos, near Artemis xoanon","Argolid Bk2","Argos (Argolid)",['kion'],['2.19.7'],"Argos (Argolid)",NULL,NULL,NULL,NULL,NULL,NULL,NULL
22.6746,37.4327,Neris,"Argolid Bk2",Thyreatis,['kome'],['2.38.6'],NULL,https://pleiades.stoa.org/places/570506,NULL,https://wikidata.org/wiki/Q48781611,NULL,NULL,NULL,NULL
26.84,37.73,"Samos (island)","Aegean Sea (Hellas)","Aegean Sea (Hellas)",['nesos'],"['10.12.5','2.13.2','7.2.8','7.4.1','7.4.2','7.4.3','7.4.4','9.11.5']",NULL,https://pleiades.stoa.org/places/599926,NULL,NULL,NULL,NULL,https://imperium.ahlfeldt.se/places/41142,NULL
23.3875,37.5767,"Methana hot baths","Troizenia Bk2","Methana peninsula",['loutron'],['2.34.1'],NULL,NULL,NULL,https://wikidata.org/wiki/Q115623838,NULL,NULL,NULL,NULL
12.4843457,41.89262,Rome,"Italia (Europe)","Roman empire",['polis'],"['10.34.4','10.36.6','10.8.6','2.1.2','2.21.6','4.35.10','5.25.8','6.9.3','7.10.11','7.10.12','7.12.2','7.12.7','7.12.8','7.12.9','7.13.5','7.14.1','7.14.3','7.14.5','7.22.5','7.22.9','7.8.6','7.9.1','7.9.4','7.9.6','8.17.4','9.27.3','9.27.4']",NULL,https://pleiades.stoa.org/places/423025,NULL,https://wikidata.org/wiki/Q18287233,NULL,Roma,NULL,NULL
25.3,38.1,"Aegean Sea (Hellas)",NULL,"Internum Mare",['thalassa'],"['1.1.1','1.1.2','1.1.3','1.1.5','1.12.5','1.13.2','1.17.3','1.22.4','1.23.3','1.26.5','1.27.9','1.28.11','1.31.1','1.32.7','1.33.2','1.34.1','1.35.5','1.38.1','1.38.4','1.4.3','1.4.5','1.8.1','1.9.7','2.12.2','2.22.1','2.26.9','2.29.10','2.29.6','2.30.7','2.34.6','2.34.8','2.36.4','2.36.6','2.36.7','2.37.1','2.37.2','2.38.1','2.38.4','2.5.3','4.34.12','5.21.10','5.23.2','6.16.5','8.14.12','9.11.5','9.15.5']",NULL,https://pleiades.stoa.org/places/560221,https://topostext.org/place/381253WAeg,https://wikidata.org/wiki/Q34575,NULL,NULL,NULL,NULL
22.7145,37.9834,"Plain in Sicyon, where the city Aigialea was found","Sikyonia Bk2","Sicyon (Sikyonia)",['pedion'],['2.5.6'],"Sicyon (Sikyonia)",NULL,NULL,NULL,NULL,NULL,NULL,NULL
22.7145,37.9834,"Houses of the exiles in Sicyon","Sikyonia Bk2","Sicyon (Sikyonia)",['oikia'],['2.8.3'],"Sicyon (Sikyonia)",NULL,NULL,NULL,NULL,NULL,NULL,NULL
27.453939999999996,38.5668,Sipylos,"Asia Minor (Asia)","Lydia (province)",['oros'],"['1.21.3','1.24.8','2.22.3','3.22.4','5.13.7','6.22.1','7.24.13','7.27.12','8.17.3','8.2.7','8.38.10']",NULL,https://pleiades.stoa.org/places/550884,NULL,https://wikidata.org/wiki/Q532698,NULL,"Mount Sipylus /Manisa Dağı",NULL,NULL
23.243591,37.385218,"Sanctuary of Demeter Thermasia in Hermione","Hermionis Bk2",Hermione,['hieron'],['2.34.12'],Hermione,NULL,NULL,https://wikidata.org/wiki/Q134037741,NULL,NULL,NULL,NULL
23.243591,37.385218,"Fountain in Hermione, built in Pausanias' time, water flowing from Leimon","Hermionis Bk2",Hermione,['pege'],['2.35.3'],Hermione,NULL,NULL,NULL,NULL,NULL,NULL,NULL
23.37572,38.17934,Eleutherai,"Attica Bk1","Attica Bk1",['polis'],"['1.38.8','1.38.9','2.6.3','9.1.1','9.1.6','9.2.3']",NULL,https://pleiades.stoa.org/places/540756,NULL,https://wikidata.org/wiki/Q1328318,NULL,NULL,NULL,NULL
22.7145,37.9834,"Peribolos of Aphodite at Sicyon","Sikyonia Bk2","Sicyon (Sikyonia)",['peribolos'],['2.10.4'],"Sicyon (Sikyonia)",NULL,NULL,NULL,NULL,NULL,NULL,NULL
23.42372,37.74991,"Temple of Apollo on Aigina","Aigina island Bk2","Aigina polity",['naos'],['2.30.1'],"Aigina polity",NULL,NULL,https://wikidata.org/wiki/Q619479,NULL,NULL,NULL,NULL
22.7214,37.6305,"Tomb of Cerdo in Argos at the agora","Argolid Bk2","Agora of Argos",['mnema'],['2.21.1'],"Agora of Argos",NULL,NULL,NULL,https://resource.manto.unh.edu/10185350,NULL,NULL,NULL
23.26405,37.442072,"Sanctuaries of Demeter and Kore at Eileioi","Hermionis Bk2",Eileoi,['hieron'],['2.34.6'],Eileoi,NULL,NULL,https://wikidata.org/wiki/Q134037766,NULL,NULL,NULL,NULL
23.3496,37.5868,"Methana (Troizenia)","Troizenia Bk2","Troizenia Bk2",['polisma'],"['2.34.1','2.34.2','2.34.3','2.34.4']",NULL,https://pleiades.stoa.org/places/570482,https://topostext.org/place/376234PMet,https://wikidata.org/wiki/Q107472458,NULL,NULL,NULL,NULL
22.649131,37.846299,"Sanctuary of Isis in Phlious","Phlious Bk2","Phlious Bk2",['hieron'],['2.13.7'],"Phlious Bk2",NULL,NULL,https://wikidata.org/wiki/Q134037333,NULL,NULL,NULL,NULL
23.075,37.597,"Asklepieion of Epidauros","Epidauria Bk2","Epidauria Bk2",['Asclepieion'],"['10.38.13','2.1.4','2.26.1','2.26.9','2.27.2','2.27.6','2.27.7','3.23.7','5.11.11']",NULL,https://pleiades.stoa.org/places/570127,https://topostext.org/place/376231SAsk,https://wikidata.org/wiki/Q7698713,NULL,"Asclepieion of Epidaurus",NULL,NULL
22.7195,37.6316,"Temple of Apollo Lykios at Argos","Argolid Bk2","Argos (Argolid)",['naos'],['2.19.7'],"Argos (Argolid)",NULL,NULL,NULL,NULL,NULL,NULL,NULL
22.78885,38.35274,Trachis,"Hellas (Europe)","Trachinia region",['polis'],"['10.3.2','2.23.5']",NULL,https://pleiades.stoa.org/places/541156,NULL,https://wikidata.org/wiki/Q16642266,NULL,NULL,NULL,NULL
22.677,37.645,"Charadros river, Argolid","Argolid Bk2","Argolid Bk2",['potamos'],['2.25.2'],NULL,https://pleiades.stoa.org/places/570173,NULL,https://wikidata.org/wiki/Q25238207,NULL,NULL,NULL,NULL
23.42372,37.74991,"Sanctuary of Asklepios in Aigina","Aigina island Bk2","Aigina polity",['hieron'],['2.30.1'],"Aigina polity",NULL,NULL,https://wikidata.org/wiki/Q134038110,NULL,NULL,NULL,NULL
23.235,37.3884,"Acherousian Lake at Hermione, behind Chthonia temple","Hermionis Bk2","Pron M.",['limne'],['2.35.10'],"Pron M.",NULL,NULL,NULL,NULL,NULL,NULL,NULL
22.7195,37.6316,"Sanctuary of Kephisos in Argos","Argolid Bk2","Argos (Argolid)",['hieron'],['2.20.6'],"Argos (Argolid)",NULL,NULL,https://wikidata.org/wiki/Q134037425,NULL,NULL,NULL,NULL
23.3484,37.5033,"Temple of Artemis Soteira in Troizen","Troizenia Bk2","Agora of Troizen",['naos'],['2.31.1'],"Agora of Troizen",NULL,NULL,NULL,NULL,NULL,NULL,NULL
23.075,37.597,"Epidoteion at the Asklepieion of Epidaurus","Epidauria Bk2","Asklepieion of Epidauros",['hieron'],['2.27.6'],"Asklepieion of Epidauros",NULL,https://topostext.org/place/376231SAEd,https://wikidata.org/wiki/Q111665977,NULL,NULL,NULL,NULL
22.715,37.638,"Temple of Athena in the Acropolis at Argos","Argolid Bk2","Larisa Citadel above Argos",['naos'],['2.24.3'],"Larisa Citadel above Argos",NULL,NULL,NULL,NULL,NULL,NULL,NULL
22.7145,37.9834,"Pyraia grove 10 stades left of Sicyon-Phlious road","Sikyonia Bk2","Sicyon (Sikyonia)",['alsos'],['2.11.3'],"Sicyon (Sikyonia)",https://pleiades.stoa.org/places/573491,NULL,NULL,NULL,NULL,NULL,NULL
23.086,37.599,"Reservoir at Apollo Maleatas sanctuary, Asklepieion","Epidauria Bk2","Apollo Maleatas sanctuary, Epidauros",['elytron'],['2.27.7'],"Apollo Maleatas sanctuary, Epidauros",NULL,NULL,NULL,NULL,NULL,NULL,NULL
22.9,37.67,"Kephisos river (Argolid)","Argolid Bk2","Argolid Bk2",['potamos'],"['2.15.5','2.20.6']","Argolid Bk2",https://pleiades.stoa.org/places/573283,NULL,NULL,NULL,Cephisus,NULL,NULL
30.17353,38.07289,Kelainai,"Asia Minor (Asia)",Phrygia,['settlement'],"['10.30.9','2.5.3']",NULL,https://pleiades.stoa.org/places/638751,NULL,https://wikidata.org/wiki/Q617518,NULL,"Celaenae, Apameia, Kibotos",NULL,NULL
24.94694372,35.06272017,"Gortyna/Gortyn (Crete)",Crete,Crete,['settlement'],"['2.15.1','8.53.4']",NULL,https://pleiades.stoa.org/places/589796,NULL,https://wikidata.org/wiki/Q1136193,NULL,NULL,NULL,NULL
22.62501,37.92049,"Altar to the winds at Titane","Corinthia Bk2",Titane,['bomos'],['2.12.1'],Titane,NULL,NULL,NULL,NULL,NULL,NULL,NULL
23.07308549,37.59734721,"Stadium of Asclepieion of Epidaurus","Epidauria Bk2","Asklepieion of Epidauros","['choma ges','stadion']","['2.27.5','9.23.1']",NULL,NULL,https://topostext.org/place/376231BASt,https://wikidata.org/wiki/Q22681278,NULL,NULL,https://imperium.ahlfeldt.se/places/24194,NULL
22.89353,37.91541,"Isthmian Gate (Corinth)","Corinthia Bk2","Corinth (Corinthia)",['pylai'],['2.2.4'],NULL,NULL,https://topostext.org/place/379229FIsG,NULL,NULL,NULL,NULL,NULL
22.8793472,37.9049161,"Fountain near the Agora of Corinth","Corinthia Bk2","Agora of Corinth",['pege'],['2.2.8'],"Agora of Corinth",NULL,NULL,NULL,NULL,NULL,NULL,NULL
22.8802,37.9054,"Temple of Zeus in Corinth, near the Gymnasium","Corinthia Bk2","Corinth (Corinthia)",['naos'],['2.4.5'],"Corinth (Corinthia)",NULL,NULL,NULL,NULL,NULL,NULL,NULL
23.243591,37.385218,"Stadium of Hermione, foundations","Hermionis Bk2",Hermione,['stadion'],['2.34.10'],Hermione,NULL,NULL,NULL,NULL,NULL,NULL,NULL
22.649131,37.846299,"Agora of Phlious","Phlious Bk2","Phlious Bk2",['agora'],['2.13.6'],"Phlious Bk2",NULL,NULL,https://wikidata.org/wiki/Q133963378,NULL,NULL,NULL,NULL
23.3484,37.5033,"Altar of the Muses and of Hypnos in Troizen, near the Mouseion","Troizenia Bk2","Troizen (Troizenia)",['bomos'],['2.31.3'],"Troizen (Troizenia)",NULL,NULL,NULL,NULL,NULL,NULL,NULL
22.7195,37.6316,"Argos (Argolid)","Argolid Bk2","Argolid Bk2",['polis'],"['1.13.7','1.13.8','1.14.2','1.25.4','1.27.10','1.33.1','1.41.1','1.43.7','1.43.8','10.10.5','10.35.1','10.8.5','2.13.1','2.15.1','2.15.2','2.15.4','2.16.1','2.16.2','2.16.3','2.18.1','2.18.5','2.18.7','2.18.8','2.19.3','2.20.4','2.20.5','2.20.8','2.21.7','2.22.4','2.22.6','2.22.8','2.23.1','2.23.5','2.24.5','2.25.1','2.25.2','2.25.5','2.25.7','2.25.8','2.28.4','2.30.10','2.34.4','2.34.5','2.35.2','2.36.6','2.38.1','2.4.2','2.6.6','2.8.6','3.1.4','3.1.5','3.9.1','4.1.1','4.1.2','4.10.6','4.12.3','4.14.1','4.14.8','4.15.7','4.17.5','4.3.3','4.35.2','4.8.8','6.13.7','6.2.2','6.9.3','7.1.5','7.1.6','7.1.7','7.14.1','7.17.1','7.20.8','7.23.10','7.4.4','7.6.3','8.24.8','8.27.1','8.5.7','8.54.5','9.25.1','9.36.6','9.36.7','9.5.12']",NULL,https://pleiades.stoa.org/places/570106,https://topostext.org/place/376227PArg,https://wikidata.org/wiki/Q13533353,NULL,NULL,NULL,NULL
22.6465,37.8446,"Anaktoron in Keleai","Phlious Bk2",Keleai,['megaron'],['2.14.4'],Keleai,NULL,NULL,NULL,NULL,NULL,NULL,NULL
22.7145,37.9834,"Inner room, of Apollo Karneios, in Sicyon","Sikyonia Bk2","Sicyon (Sikyonia)",['thalamos'],['2.10.2'],"Sicyon (Sikyonia)",NULL,NULL,NULL,NULL,NULL,NULL,NULL
23.074024,37.598698,"Place where suppliants sleep in Epidauros Asklepieion","Epidauria Bk2","Asklepieion of Epidauros",['oikema'],['2.27.2'],NULL,NULL,NULL,https://wikidata.org/wiki/Q38279704,NULL,Abaton,NULL,NULL
23.3484,37.5033,"Chrysoroa spring in Troizen","Troizenia Bk2","Troizen (Troizenia)","['hydor','pege']",['2.31.10'],"Troizen (Troizenia)",NULL,NULL,NULL,NULL,NULL,NULL,NULL
22.87741,37.9107,"Asklepieion at Lerna spring, Corinth","Corinthia Bk2","Corinth (Corinthia)",['Asclepieion'],['2.4.5'],NULL,https://pleiades.stoa.org/places/322517289,https://topostext.org/place/379229SAsk,https://wikidata.org/wiki/Q25461264,NULL,NULL,NULL,NULL
22.8793472,37.9049161,"Sanctuary of All the Gods in the Agora of Corinth","Corinthia Bk2","Agora of Corinth",['hieron'],['2.2.8'],"Agora of Corinth",NULL,NULL,https://wikidata.org/wiki/Q134037558,NULL,NULL,NULL,NULL
23.726464,37.971687,"Athenai Bk1","Attica Bk1","Attica Bk1",['polis'],"['1.1.2','1.1.5','1.14.1','1.14.5','1.14.7','1.15.2','1.17.6','1.18.4','1.18.8','1.19.1','1.2.1','1.2.4','1.2.5','1.20.4','1.20.5','1.20.6','1.20.7','1.22.3','1.23.9','1.25.5','1.25.8','1.26.2','1.26.3','1.26.6','1.27.10','1.27.2','1.27.3','1.27.5','1.27.6','1.27.8','1.28.4','1.28.8','1.29.12','1.29.2','1.3.2','1.30.1','1.30.2','1.32.3','1.32.6','1.33.1','1.33.2','1.34.3','1.35.3','1.36.3','1.37.5','1.37.6','1.37.7','1.39.4','1.40.5','1.41.4','1.41.9','1.8.5','10.10.1','10.18.7','10.2.3','10.21.6','10.23.14','10.3.1','10.34.8','10.35.8','10.37.6','10.4.3','10.4.9','10.8.5','2.1.4','2.14.4','2.18.9','2.26.2','2.27.2','2.3.8','2.31.7','2.33.4','2.33.5','2.6.5','3.12.7','3.3.7','3.4.2','3.5.2','3.6.4','3.6.5','3.8.6','3.9.6','4.13.7','4.15.1','4.17.5','4.2.6','4.26.8','4.5.10','4.5.2','5.10.4','5.11.6','5.12.4','5.19.3','5.21.1','5.26.6','5.6.5','6.17.9','6.20.14','6.22.7','7.1.2','7.1.3','7.10.4','7.11.6','7.2.2','7.2.7','7.20.6','7.24.5','7.25.2','7.25.4','7.7.8','7.9.6','8.11.6','8.23.3','8.37.3','8.8.6','9.1.4','9.14.7','9.15.4','9.15.5','9.26.6','9.3.2','9.30.1','9.32.5','9.35.3','9.39.1','9.6.2','9.7.1']",NULL,https://pleiades.stoa.org/places/579885,NULL,https://wikidata.org/wiki/Q844930,NULL,"Athens Athenae polis",NULL,NULL
22.8802,37.9054,"Precinct of Bellerophon in Craneion grove at Corinth","Corinthia Bk2","Corinth (Corinthia)",['temenos'],['2.2.4'],"Corinth (Corinthia)",NULL,NULL,NULL,NULL,NULL,NULL,NULL
22.7214,37.6305,"Delta locality of ancient Argos, in the Agora","Argolid Bk2","Agora of Argos",['chorion'],['2.21.1'],"Agora of Argos",NULL,NULL,NULL,NULL,NULL,NULL,NULL
23.42372,37.74991,"Temple of Aphrodite in Aigina, in the port","Aigina island Bk2","Aigina polity",['naos'],['2.29.6'],"Aigina polity",NULL,NULL,NULL,NULL,NULL,NULL,NULL
22.7195,37.6316,"House of Adrastos in Argos","Argolid Bk2","Koile road from Kylarabis gymnasium, Argos",['oikia'],['2.23.2'],"Koile road from Kylarabis gymnasium, Argos",NULL,NULL,NULL,NULL,NULL,NULL,NULL
22.9705599,37.6413788,"Altars of Zeus and Hera on mountain Arachnaion","Epidauria Bk2","Arachnaion (mountain)",['bomos'],['2.25.10'],"Arachnaion (mountain)",NULL,NULL,NULL,NULL,NULL,NULL,NULL
23.644609,37.937222,Peiraieus/Piraeus,"Attica Bk1","Attica Bk1","['demos','epineion','limen']","['1.1.2','1.1.3','1.2.2','1.20.5','1.25.5','1.25.8','1.26.3','1.28.11','1.29.10','1.29.16','2.8.6','3.5.1']",NULL,https://pleiades.stoa.org/places/580062,NULL,https://wikidata.org/wiki/Q13426467,NULL,NULL,NULL,NULL
22.714,37.984,"Agora of Sicyon","Sikyonia Bk2","Sicyon (Sikyonia)",['agora'],['2.7.6'],NULL,NULL,NULL,https://wikidata.org/wiki/Q133963422,NULL,NULL,NULL,NULL
22.7195,37.6316,"Cenotaph of the Argives from Trojan War, in Argos","Argolid Bk2","Argos (Argolid)",['cenotaph'],['2.20.6'],"Argos (Argolid)",NULL,NULL,NULL,NULL,NULL,NULL,NULL
23.075,37.597,"Sacred precinct and grove of Asclepius, Epidauros Asklepieion","Epidauria Bk2","Asklepieion of Epidauros","['alsos','peribolos']","['2.27.1','2.27.5']","Asklepieion of Epidauros",NULL,NULL,NULL,NULL,"Asklepieion sacred grove, Epidaurus",NULL,NULL
23.8792,38.1871,Aphidna,"Attica Bk1","Attica Bk1",['settlement'],"['1.17.5','1.41.3','1.41.4','2.22.6','3.18.4','3.18.5']",NULL,https://pleiades.stoa.org/places/579873,NULL,https://wikidata.org/wiki/Q618453,NULL,NULL,NULL,NULL
23.724870000000003,37.97154,"Temple of Athena Nike, Acropolis of Athens","Athenai Bk1","Athenian Acropolis (Athens)",['naos'],"['1.22.4','2.30.2']",NULL,NULL,https://topostext.org/place/380237SANi,https://wikidata.org/wiki/Q384813,NULL,"Athena Nike temple (Athens)",https://imperium.ahlfeldt.se/places/25117,NULL
26.75261,38.6684,"Temple of Athena at Phocaea, burned by Harpagos","Asia Minor (Asia)",Phocaea,['naos'],['2.31.6'],Phocaea,NULL,NULL,NULL,NULL,NULL,NULL,NULL
30.7,27.1,"Egypt (region)","Libya (Africa)","Roman empire","['major region']","['1.11.5','1.36.6','1.39.6','1.42.3','1.44.3','1.6.1','1.6.3','1.6.5','1.6.6','1.6.7','1.6.8','1.7.1','1.7.2','1.7.3','1.9.1','1.9.3','1.9.4','10.32.18','10.7.8','2.16.1','2.9.3','3.10.2','3.6.9','5.21.15','5.7.4','6.26.9','6.3.1','7.5.5','8.33.3']",NULL,https://pleiades.stoa.org/places/981503,NULL,https://wikidata.org/wiki/Q11768,NULL,NULL,NULL,NULL
22.45931,37.85932,Stymphalos,"Arcadia Bk8","Arcadia Bk8",['settlement'],"['2.24.6','5.10.9','6.7.10','8.13.5','8.22.1','8.22.2','8.22.3','8.22.6','8.22.7','8.22.8','8.23.1','8.4.6','9.11.6']",NULL,https://pleiades.stoa.org/places/570696,NULL,https://wikidata.org/wiki/Q2359730,NULL,NULL,NULL,NULL
21.2,38.95,"Amphilochia region (Aitolia)","Aitolia region","Aitolia region",['chora'],['2.18.5'],NULL,NULL,https://topostext.org/place/390212RAmp,https://wikidata.org/wiki/Q21234899,NULL,NULL,NULL,NULL
22.7145,37.9834,"Temple of Athena at Sicyon, built by Epopeus as victory offering","Sikyonia Bk2","Sicyon (Sikyonia)",['naos'],['2.6.3'],"Sicyon (Sikyonia)",NULL,NULL,NULL,NULL,NULL,NULL,NULL
22.7195,37.6316,"grave of Tantalus son of Thyestes, in Argos","Argolid Bk2","Agora of Argos",['taphos'],"['2.22.2','2.22.3']","Argos (Argolid)",NULL,NULL,NULL,NULL,NULL,NULL,NULL
22.7195,37.6316,"Temple of the Dioskouri Anaktes in Argos","Argolid Bk2","Argos (Argolid)",['naos'],['2.22.5'],"Argos (Argolid)",NULL,NULL,NULL,NULL,NULL,NULL,NULL
22.8745,37.528,"Walls of Asine, Argolid","Argolid Bk2","Asine (Argolid)",['teichos'],['2.36.5'],"Asine (Argolid)",NULL,NULL,NULL,NULL,NULL,NULL,NULL
22.7145,37.9834,"Tomb of Eupolis on road to Sicyon","Sikyonia Bk2","road Corinth to Sikyon",['mnema'],['2.7.3'],"Sicyon (Sikyonia)",NULL,NULL,NULL,NULL,NULL,NULL,NULL
23.3484,37.5033,"Sanctuary of the Muses in Troizen, Mouseion","Troizenia Bk2","Troizen (Troizenia)",['hieron'],['2.31.3'],"Troizen (Troizenia)",NULL,NULL,https://wikidata.org/wiki/Q134037955,https://resource.manto.unh.edu/10214799,NULL,NULL,NULL
23.1602,37.6335,"Acropolis of Epidaurus","Epidauria Bk2",Epidauros,['acropolis'],['2.29.1'],Epidauros,NULL,NULL,https://wikidata.org/wiki/Q133963416,NULL,NULL,NULL,NULL
22.7145,37.9834,Aigialeia,"Sikyonia Bk2","Sikyonia Bk2",['settlement'],"['2.5.8','2.6.2','2.7.7']","Sicyon (Sikyonia)",NULL,NULL,NULL,NULL,Aegialea,NULL,NULL
22.997,37.8656,"Loutra Helenes (Korinthia)","Corinthia Bk2","Corinthia Bk2","['hydor','loutron']",['2.2.3'],NULL,https://pleiades.stoa.org/places/570440,https://topostext.org/place/379230XLou,NULL,NULL,NULL,NULL,NULL
23.243591,37.385218,"Sanctuary of Tyche in Hermione","Hermionis Bk2",Hermione,['hieron'],['2.35.3'],Hermione,NULL,NULL,https://wikidata.org/wiki/Q134037728,NULL,NULL,NULL,NULL
23.3484,37.5033,"Temple of Athena Sthenias in the akropolis of Troizen","Troizenia Bk2","Acropolis of Troizen",['naos'],['2.32.5'],"Acropolis of Troizen",NULL,NULL,NULL,NULL,NULL,NULL,NULL
22.7145,37.9834,"log  in Apollo Lykios sanctuary in Sicyon, poison to wolves","Sikyonia Bk2","Sanctuary of Apollo Lykios at Sicyon, in ruins",['dendron'],['2.9.7'],"Sanctuary of Apollo Lykios at Sicyon, in ruins",NULL,NULL,NULL,NULL,NULL,NULL,NULL
23.4228,37.5022,"Temple of Ares near Genethlion, Troizen","Troizenia Bk2","Genethlion near Troizen",['naos'],['2.32.9'],"Genethlion near Troizen",NULL,NULL,NULL,NULL,NULL,NULL,NULL
22.99294,37.91574,"temple of Isthmian Poseidon at Isthmia","Corinthia Bk2","Isthmian Poseidon sanctuary at Isthmia",['naos'],['2.1.7'],NULL,NULL,NULL,https://wikidata.org/wiki/Q18385210,NULL,NULL,NULL,NULL
22.63419,37.60053,"Chaon (mountain)","Argolid Bk2","Argolid Bk2",['oros'],['2.24.6'],NULL,https://pleiades.stoa.org/places/570171,NULL,NULL,NULL,NULL,NULL,NULL
22.6465,37.8446,"Tomb of Aras in Keleai","Phlious Bk2",Keleai,['mnema'],"['2.12.4','2.14.4']",Keleai,NULL,NULL,NULL,https://resource.manto.unh.edu/10158670,NULL,NULL,NULL
22.7195,37.6316,"Road to Kylarabis Gymnasium, Argos","Argolid Bk2","Argos (Argolid)",['hodos'],['2.22.8'],"Argos (Argolid)",NULL,NULL,NULL,NULL,NULL,NULL,NULL
22.80004,37.59918,Tiryns,"Argolid Bk2","Argolid Bk2","['polis','settlement']","['1.32.6','2.16.2','2.16.5','2.17.5','2.25.8','5.2.2','5.23.3','7.25.6','8.14.2','8.27.1','8.33.3','8.46.3','9.11.1','9.36.5']",NULL,https://pleiades.stoa.org/places/570740,NULL,https://wikidata.org/wiki/Q217379,NULL,NULL,NULL,NULL
23.364,37.9764,"Nisaia (Megarid)","Megarid Bk1","Megarid Bk1","['battlefield','limen','settlement']","['1.19.4','1.39.4','1.44.3','10.15.1','2.34.7']",NULL,https://pleiades.stoa.org/places/570508,https://topostext.org/place/380234UNis,https://wikidata.org/wiki/Q2537089,NULL,NULL,NULL,NULL
23.3484,37.5033,"Myrtle tree in Hippolytus' temenos in Troizen","Troizenia Bk2","Troizen (Troizenia)",['dendron'],['2.32.3'],"Troizen (Troizenia)",NULL,NULL,NULL,https://resource.manto.unh.edu/10214937,NULL,NULL,NULL
23.3484,37.5033,"Temple of Aphrodite Kataskopia in Troizen","Troizenia Bk2","Troizen (Troizenia)",['naos'],['2.32.3'],"Troizen (Troizenia)",NULL,NULL,NULL,NULL,NULL,NULL,NULL
23.42372,37.74991,"Tomb of Phocus in Aigina","Aigina island Bk2","Aigina polity","['choma ges','krepis','mnema']",['2.29.9'],"Aigina polity",NULL,NULL,NULL,https://resource.manto.unh.edu/10191999,NULL,NULL,NULL
22.7145,37.9834,"Outer room, of Sleep, in Sicyon","Sikyonia Bk2","Sicyon (Sikyonia)",['oikema'],['2.10.2'],"Sicyon (Sikyonia)",NULL,NULL,NULL,NULL,NULL,NULL,NULL
23.9508185,37.7273205,Anaphlystos,"Attica Bk1","Attica Bk1",['demos'],['2.30.9'],NULL,https://pleiades.stoa.org/places/579866,NULL,https://wikidata.org/wiki/Q13422911,NULL,NULL,NULL,NULL
23.2236,37.3888,"summit of Kokkygion mountain, Hermionid","Hermionis Bk2","Kokkygion mountain",['koryphe'],['2.36.3'],"Kokkygion mountain",NULL,NULL,NULL,NULL,NULL,NULL,NULL
22.7214,37.6305,"Tomb of Talaus in Argos Agora","Argolid Bk2","Agora of Argos",['mnema'],['2.21.2'],"Agora of Argos",NULL,NULL,NULL,https://resource.manto.unh.edu/10185358,NULL,NULL,NULL
22.631257,37.692676,Lyrkeia,"Argolid Bk2","Argolid Bk2",['settlement'],"['2.25.4','2.25.5']",NULL,https://pleiades.stoa.org/places/570446,NULL,https://wikidata.org/wiki/Q16591866,NULL,NULL,NULL,NULL
22.9,37.67,"Tomb of Thyestes near the hero-shrine of Perseus","Argolid Bk2","road Mycenae to Argos",['mnema'],['2.18.1'],"Argolid Bk2",NULL,NULL,NULL,https://resource.manto.unh.edu/11289038,NULL,NULL,NULL
22.796,37.565,"Harbors in Nauplia","Argolid Bk2",Nauplia,['limen'],['2.38.2'],Nauplia,NULL,NULL,NULL,NULL,NULL,NULL,NULL
22.609,37.5475,"Kenchreai (Argolid)","Argolid Bk2","Argolid Bk2",['chorion'],"['2.24.7','7.6.7']",NULL,https://pleiades.stoa.org/places/570346,https://topostext.org/place/378229UKen,https://wikidata.org/wiki/Q16554749,NULL,Cenchreae,NULL,NULL
22.649131,37.846299,"Hill of Phlious acropolis","Phlious Bk2","Phlious Bk2",['lophos'],['2.12.4'],"Phlious Bk2",NULL,NULL,NULL,NULL,NULL,NULL,NULL
22.4502,37.0363,"Amyclae (Laconia)","Lakonia Bk3","Lakonia Bk3",['polisma'],"['2.16.4','2.16.6','3.1.3','3.10.8','3.16.2','3.18.6','3.18.7','3.19.6','3.2.6','3.20.3','3.20.6','4.14.2','4.18.3','5.11.4']",NULL,https://pleiades.stoa.org/places/570074,https://topostext.org/place/370224UAmy,https://wikidata.org/wiki/Q13074886,NULL,Amyklai,NULL,NULL
23.4803,37.5227,"Tomb of Demosthenes in Poseidon sanctuary at Kalaureia","Troizenia Bk2","Poseidon of Kalaureia (Poros)",['mnema'],['2.33.3'],"Poseidon of Kalaureia (Poros)",NULL,NULL,NULL,NULL,NULL,NULL,NULL
22.9,37.67,"Spring of river Amymone","Argolid Bk2","Argolid Bk2",['pege'],['2.37.4'],"Argolid Bk2",NULL,NULL,NULL,NULL,NULL,NULL,NULL
22.538294,38.796511,Thermopylae,"Hellas (Europe)",Phthiotis,"['esbole','teichos']","['1.1.3','1.3.5','1.4.1','1.4.2','1.4.3','1.4.4','10.20.1','10.20.2','10.20.3','10.20.6','10.20.9','10.21.1','10.21.2','10.21.6','10.22.12','10.22.5','10.22.7','10.22.8','2.16.5','3.12.9','3.14.1','3.4.7','3.4.8','3.5.5','4.35.9','7.15.3','7.24.4','7.6.3','7.6.7','8.51.4','8.52.2','8.6.3','9.15.2','9.32.9']",NULL,https://pleiades.stoa.org/places/541140,NULL,https://wikidata.org/wiki/Q194450,NULL,NULL,NULL,NULL
22.62501,37.92049,"Cypress trees in the Asclepieion in Titane","Corinthia Bk2","Asclepieion of Titane","['alsos kyparisson']",['2.11.6'],"Asclepieion of Titane",NULL,NULL,NULL,NULL,NULL,NULL,NULL
22.7145,37.9834,"Tomb of Xenodike on road to Sicyon","Sikyonia Bk2","road Corinth to Sikyon",['mnema'],['2.7.3'],"Sicyon (Sikyonia)",NULL,NULL,NULL,NULL,NULL,NULL,NULL
22.7195,37.6316,"Sanctuary of Eileithyia at Argos founded by Helen","Argolid Bk2","Argos (Argolid)",['hieron'],['2.22.6'],"Argos (Argolid)",NULL,NULL,https://wikidata.org/wiki/Q134037428,https://resource.manto.unh.edu/10187056,NULL,NULL,NULL
22.7214,37.6305,"Sanctuary of Artemis Peitho in Argos, in the Agora","Argolid Bk2","Agora of Argos",['hieron'],['2.21.1'],"Agora of Argos",NULL,NULL,https://wikidata.org/wiki/Q134037482,https://resource.manto.unh.edu/11289079,NULL,NULL,NULL
22.7145,37.9834,"Ypaithros in Sicyon","Sikyonia Bk2","Sicyon (Sikyonia)",['hypaithros'],['2.9.6'],"Sicyon (Sikyonia)",NULL,NULL,NULL,NULL,NULL,NULL,NULL
22.756167,37.730833,"Lion Gate at Mycenae","Argolid Bk2",Mycenae,['pylai'],['2.16.5'],NULL,https://pleiades.stoa.org/places/448885234,NULL,https://wikidata.org/wiki/Q1450403,NULL,NULL,NULL,NULL
22.8802,37.9054,"Fountain in Corinth, beside Artemis statue","Corinthia Bk2","Corinth (Corinthia)",['pege'],['2.3.5'],"Corinth (Corinthia)",NULL,NULL,NULL,NULL,NULL,NULL,NULL
26.5013,38.55674,"Mimas (mountain)","Asia Minor (Asia)","Ionia (region)",['oros'],"['10.9.9','2.1.5','7.4.1']",NULL,https://pleiades.stoa.org/places/550744,NULL,https://wikidata.org/wiki/Q31529408,NULL,NULL,NULL,NULL
23.243591,37.385218,"Leimon, place with spring near Hermione","Hermionis Bk2",Hermione,['chorion'],['2.35.3'],Hermione,NULL,NULL,NULL,NULL,NULL,NULL,NULL
23.1,37.6,"Heroon of Hyrnetho in Hyrnethion","Epidauria Bk2","Hyrnethion (Epidauria)",['heroon'],['2.28.7'],"Hyrnethion (Epidauria)",NULL,NULL,NULL,NULL,NULL,NULL,NULL
22.2,39.6,Thessalia,"Hellas (Europe)","Hellas (Europe)",['chora'],"['1.11.1','1.29.13','1.4.1','1.8.3','10.22.3','10.8.4','2.2.5','2.23.5','2.24.1','2.6.1','3.20.6','3.6.1','3.7.9','3.9.12','3.9.13','4.36.3','5.1.11','6.17.9','6.4.7','7.1.2','7.1.3','7.10.2','7.15.2','7.19.7','7.6.5','8.27.10','8.6.2','9.15.1','9.40.5','9.8.6']",NULL,https://pleiades.stoa.org/places/1332,NULL,https://wikidata.org/wiki/Q1247568,NULL,NULL,NULL,NULL
22.7195,37.6316,"Sanctuary of Baton in Argos","Argolid Bk2","Koile road from Kylarabis gymnasium, Argos",['hieron'],['2.23.2'],"Koile road from Kylarabis gymnasium, Argos",NULL,NULL,https://wikidata.org/wiki/Q134037474,NULL,NULL,NULL,NULL
22.9,37.67,"Spring of Amphiaraus near the lake Alkyonia, Lerna","Argolid Bk2","Argolid Bk2",['pege'],['2.37.5'],"Argolid Bk2",NULL,NULL,NULL,https://resource.manto.unh.edu/10192736,NULL,NULL,NULL
22.7195,37.6316,"Tomb of Kylarabis in Kylarabis gymnasium, Argos","Argolid Bk2","Gymnasium of Kylarabis in Argos",['mnema'],['2.22.9'],"Gymnasium of Kylarabis in Argos",NULL,NULL,NULL,https://resource.manto.unh.edu/11289095,NULL,NULL,NULL
23.7,37.8,"Saronic Gulf","Attica Bk1","Aegean Sea (Hellas)",['kolpos'],"['1.44.3','1.5.3','2.1.5','2.2.3','2.30.7','2.31.10','2.34.1','2.34.2']",NULL,https://pleiades.stoa.org/places/570654,https://topostext.org/place/378237WSar,https://wikidata.org/wiki/Q211779,NULL,NULL,NULL,NULL
21.630126,37.637849,Olympia,"Eleia Bk5 Bk6","Pisa (Eleia)",['hieron'],"['1.28.1','1.35.6','1.44.1','10.14.5','10.37.4','10.38.8','10.7.5','10.9.4','2.11.8','2.5.7','2.7.2','3.8.3','3.8.4','3.8.5','4.31.6','5.1.4','5.1.7','5.10.1','5.10.3','5.10.4','5.10.5','5.10.7','5.10.9','5.11.10','5.11.4','5.11.9','5.12.4','5.12.5','5.12.8','5.13.1','5.13.10','5.13.9','5.14.1','5.14.2','5.14.4','5.15.12','5.15.3','5.16.8','5.17.5','5.2.3','5.2.5','5.20.6','5.21.16','5.23.3','5.23.6','5.24.4','5.24.6','5.24.8','5.25.12','5.25.13','5.25.4','5.25.5','5.25.7','5.26.1','5.26.4','5.26.5','5.26.7','5.27.1','5.27.2','5.27.9','5.4.4','5.4.5','5.4.6','5.4.7','5.4.8','5.5.3','5.6.1','5.6.7','5.6.8','5.7.1','5.7.10','5.7.6','5.7.9','5.8.1','5.8.2','5.8.5','5.8.6','5.9.1','5.9.4','6.1.6','6.10.2','6.10.4','6.10.8','6.12.4','6.12.5','6.12.6','6.12.7','6.12.8','6.13.11','6.13.2','6.13.3','6.13.5','6.13.6','6.13.8','6.14.1','6.14.10','6.14.13','6.14.2','6.14.3','6.14.5','6.15.1','6.15.2','6.15.3','6.15.6','6.15.9','6.16.1','6.16.4','6.16.5','6.16.8','6.16.9','6.17.2','6.17.7','6.18.1','6.18.2','6.18.7','6.19.1','6.19.10','6.19.14','6.19.4','6.2.10','6.2.2','6.2.6','6.20.14','6.20.19','6.20.2','6.20.7','6.21.2','6.22.5','6.22.7','6.23.1','6.23.6','6.3.11','6.3.14','6.3.15','6.3.2','6.3.9','6.4.11','6.4.2','6.4.5','6.4.6','6.4.9','6.5.7','6.6.1','6.6.3','6.6.5','6.7.10','6.7.3','6.7.8','6.8.1','6.8.2','6.8.3','6.8.6','6.9.3','7.17.13','7.17.14','7.17.6','7.23.5','7.27.5','7.27.6','7.6.4','8.1.2','8.19.1','8.42.9','8.48.1','8.48.2','8.50.3','8.54.3','9.23.1','9.7.5']",NULL,https://pleiades.stoa.org/places/570531,NULL,https://wikidata.org/wiki/Q38888,https://resource.manto.unh.edu/10217933,"Sanctuary of Olympian Zeus in Pisatis",NULL,NULL
22.7195,37.6316,"Gateway near Kylarabis gymnasium, Argos","Argolid Bk2","Road to Kylarabis Gymnasium, Argos",['pylai'],"['2.22.8','2.22.9']","Road to Kylarabis Gymnasium, Argos",NULL,NULL,NULL,NULL,NULL,NULL,NULL
22.8802,37.9054,"Walls of Corinth","Corinthia Bk2","Corinth (Corinthia)",['teichos'],['2.5.5'],"Corinth (Corinthia)",NULL,NULL,NULL,NULL,NULL,NULL,NULL
23.243591,37.385218,"Promontory of Hermione","Hermionis Bk2",Hermione,['akra'],['2.34.9'],Hermione,NULL,NULL,NULL,NULL,NULL,NULL,NULL
22.55716,37.71428,"Sanctuary of Artemis in Orneai","Argolid Bk2","Orneai (Argolid)",['hieron'],['2.25.6'],"Orneai (Argolid)",NULL,NULL,https://wikidata.org/wiki/Q134037299,NULL,NULL,NULL,NULL
22.8802,37.9054,"Corinth (Corinthia)","Corinthia Bk2","Corinthia Bk2",['polis'],"['1.27.10','1.27.9','1.29.11','1.37.5','1.39.4','1.44.10','1.44.6','10.11.6','10.5.3','10.8.5','10.9.10','2.1.1','2.1.2','2.1.6','2.15.1','2.2.2','2.2.4','2.2.5','2.2.6','2.28.8','2.3.1','2.3.10','2.3.11','2.3.5','2.3.7','2.31.9','2.4.3','2.4.4','2.4.6','2.5.1','2.5.5','2.6.1','2.7.2','2.8.4','2.8.5','3.10.1','3.5.7','4.17.5','5.10.5','5.17.5','6.2.2','7.14.1','7.14.2','7.14.5','7.15.10','7.16.4','7.16.7','7.27.6','7.6.7','7.7.6','7.8.1','7.8.2','9.26.2','9.6.4','9.9.4']",NULL,https://pleiades.stoa.org/places/570182,https://topostext.org/place/379229PKor,https://wikidata.org/wiki/Q1363688,NULL,Korinthos,NULL,NULL
23.235,37.3884,"Place of Clymenus in Hermione, behind the temple of Demeter Chthonia","Hermionis Bk2","Pron M.",['chorion'],['2.35.10'],"Pron M.",NULL,NULL,NULL,NULL,NULL,NULL,NULL
22.7145,37.9834,"House of tyrant Nicocles at Sicyon","Sikyonia Bk2","Sicyon (Sikyonia)",['oikia'],['2.8.3'],"Sicyon (Sikyonia)",NULL,NULL,NULL,NULL,NULL,NULL,NULL
23.4975,37.7078,"Zeus Panhellenios sanctuary (Aigina)","Aigina island Bk2","Aigina island Bk2",['hieron'],['2.30.4'],NULL,https://pleiades.stoa.org/places/580139,https://topostext.org/place/377235SPan,https://wikidata.org/wiki/Q110302685,NULL,NULL,NULL,NULL
24.035919500000002,37.683423,Sounion,"Attica Bk1","Attica Bk1",['teichos'],['2.8.6'],NULL,https://pleiades.stoa.org/places/580107,NULL,https://wikidata.org/wiki/Q13465029,NULL,NULL,NULL,NULL
23.144,37.495,"Boleoi Lithoi","Hermionis Bk2",Philanorion,['horos'],['2.36.3'],Philanorion,https://pleiades.stoa.org/places/573147,NULL,https://wikidata.org/wiki/Q131318068,NULL,NULL,NULL,NULL
22.7214,37.6305,"Mound with Medusa's head, Argos agora","Argolid Bk2","Agora of Argos","['choma ges']",['2.21.5'],"Agora of Argos",NULL,NULL,NULL,NULL,NULL,NULL,NULL
23.243591,37.385218,"Sanctuary of Athena with collapsed roof on Hermione promontory","Hermionis Bk2",Hermione,['hieron'],['2.34.10'],Hermione,NULL,NULL,https://wikidata.org/wiki/Q134037731,NULL,NULL,NULL,NULL
22.7214,37.6305,"Tomb of Lynceus and Hypermestra in Argos Agora","Argolid Bk2","Agora of Argos",['mnema'],['2.21.2'],"Agora of Argos",NULL,NULL,NULL,https://resource.manto.unh.edu/10185357,NULL,NULL,NULL
22.7145,37.9834,"Altar of Isthmian Poseidon at Sicyon","Sikyonia Bk2","Sicyon (Sikyonia)",['bomos'],['2.9.6'],"Sicyon (Sikyonia)",NULL,NULL,NULL,NULL,NULL,NULL,NULL
22.9,37.67,Akte,"Argolid Bk2","Argolid Bk2",['chora'],['2.8.5'],"Argolid Bk2",https://pleiades.stoa.org/places/573068,NULL,https://wikidata.org/wiki/Q25044670,NULL,NULL,NULL,NULL
22.649131,37.846299,"Mantic House  in Phlious","Phlious Bk2","Phlious Bk2",['oikema'],['2.13.7'],"Phlious Bk2",NULL,NULL,NULL,NULL,NULL,NULL,NULL
22.8522,38.028187,"Heraion at Perachora, Corinthia","Corinthia Bk2","Corinthia Bk2",['hieron'],['2.3.11'],NULL,https://pleiades.stoa.org/places/570288,NULL,https://wikidata.org/wiki/Q2070087,https://resource.manto.unh.edu/9587624,NULL,NULL,NULL
23.235,37.3884,"Sanctuary of Hera on Pron mountain, Hermione","Hermionis Bk2","Pron M.",['hieron'],['2.36.2'],"Pron M.",NULL,NULL,https://wikidata.org/wiki/Q134037721,NULL,NULL,NULL,NULL
22.73761,38.00239,"Helisson river, Sikyonia","Sikyonia Bk2","Sikyonia Bk2",['potamos'],['2.12.2'],NULL,https://pleiades.stoa.org/places/570283,NULL,https://wikidata.org/wiki/Q3723337,NULL,NULL,NULL,NULL
22.973,37.928,"Isthmus of Corinth","Corinthia Bk2","Corinthia Bk2",['chora'],"['1.25.4','1.27.10','1.44.8','10.5.3','2.1.4','2.1.5','2.1.6','2.1.7','2.15.1','2.2.2','2.2.3','2.29.7','2.5.7','2.8.5','3.21.6','3.9.1','4.9.2','5.2.1','5.3.6','6.13.10','7.15.11','7.16.1','7.27.5','7.6.7','7.7.2','8.1.1','8.48.2','8.5.1','8.5.6']",NULL,https://pleiades.stoa.org/places/570317,https://topostext.org/place/379230LIst,https://wikidata.org/wiki/Q215200,NULL,NULL,NULL,NULL
22.7348,37.469,"Tract on the road from Anigraia to the sea","Argolid Bk2",Anigraia,['chora'],['2.38.4'],Anigraia,NULL,NULL,NULL,NULL,NULL,NULL,NULL
23.243591,37.385218,"Sea-shore in Hermione, at East","Hermionis Bk2",Hermione,['paralia'],['2.34.10'],Hermione,NULL,NULL,NULL,NULL,NULL,NULL,NULL
22.75372,37.81708,Kleonai,"Argolid Bk2",Peloponnesos,['polis'],"['2.15.1','2.15.2','5.2.1','7.25.6']",NULL,https://pleiades.stoa.org/places/570361,NULL,https://wikidata.org/wiki/Q1774167,NULL,Cleonae,NULL,NULL
22.7195,37.6316,"Building for the rites of Adonis in Argos","Argolid Bk2","Argos (Argolid)",['oikema'],['2.20.6'],"Argos (Argolid)",NULL,NULL,NULL,NULL,NULL,NULL,NULL
22.87732,37.9059,"Odeion (Corinth)","Corinthia Bk2","Corinth (Corinthia)",['Odeion'],['2.3.6'],NULL,NULL,https://topostext.org/place/379229BOde,https://wikidata.org/wiki/Q25461265,NULL,NULL,NULL,NULL
22.9925,37.8824,"Kenchreai (Korinthia)","Corinthia Bk2","Corinthia Bk2",['limen'],"['2.1.5','2.2.3']",NULL,https://pleiades.stoa.org/places/570347,https://topostext.org/place/379230HKen,https://wikidata.org/wiki/Q111565756,NULL,NULL,NULL,NULL
20.5,39.5,"Epiros region","Hellas (Europe)","Hellas (Europe)",['chora'],"['1.10.2','1.11.1','1.11.2','1.11.3','1.11.4','1.11.6','1.13.1','1.13.7','1.25.6','1.9.7','2.23.6','2.29.4','2.3.9','4.35.3','4.35.5','7.8.5','7.8.6']",NULL,https://pleiades.stoa.org/places/530871,https://topostext.org/place/395205REpe,https://wikidata.org/wiki/Q565751,NULL,Epeirus,NULL,NULL
22.7195,37.6316,"Asclepieion of Argos, most prominent","Argolid Bk2","Argos (Argolid)","['Asclepieion','hieron']",['2.23.4'],"Argos (Argolid)",NULL,NULL,https://wikidata.org/wiki/Q134037433,https://resource.manto.unh.edu/10187120,NULL,NULL,NULL
22.2,39.6,"Tomb of Lais in Thessaly","Hellas (Europe)",Thessalia,['mnema'],['2.2.5'],Thessalia,NULL,NULL,NULL,NULL,NULL,NULL,NULL
22.715,37.638,"Grave [only heads) of the sons  of Aegyptus, in Argos","Argolid Bk2","Larisa Citadel above Argos",['mnema'],['2.24.2'],"Larisa Citadel above Argos",NULL,NULL,NULL,https://resource.manto.unh.edu/10188422,NULL,NULL,NULL
22.31275269,37.25289778,Peloponnesos,"Hellas (Europe)","Hellas (Europe)","['major region']","['1.13.4','1.13.7','1.25.4','1.27.10','1.27.5','1.3.4','1.41.2','10.1.2','10.18.2','10.38.10','2.1.1','2.1.2','2.1.5','2.12.3','2.13.1','2.13.7','2.18.7','2.20.1','2.21.5','2.24.5','2.26.1','2.26.3','2.26.4','2.34.4','2.34.8','2.37.3','2.5.3','2.5.6','2.5.7','2.7.6','2.8.6','2.9.2','3.1.6','3.13.2','3.2.6','3.21.6','3.22.6','3.3.4','3.7.6','3.9.1','4.14.6','4.15.6','4.24.7','4.26.1','4.26.3','4.26.5','4.27.11','4.27.8','4.27.9','4.28.1','4.29.13','4.29.2','4.29.4','4.31.11','4.34.10','4.34.5','4.34.9','4.35.1','5.1.1','5.1.2','5.1.7','5.1.8','5.3.5','5.3.6','5.6.3','5.8.2','6.2.10','6.2.11','6.7.6','7.13.5','7.15.6','7.3.9','7.7.6','8.1.1','8.1.2','8.27.5','8.30.5','8.38.7','8.45.3','8.5.1','8.5.6','8.51.3','8.54.7','9.14.4','9.15.4','9.32.1','9.9.2']",NULL,https://pleiades.stoa.org/places/570577,NULL,https://wikidata.org/wiki/Q78967,NULL,Peloponnese,NULL,NULL
23.3484,37.5033,"Temple of Aphrodite Akraia at Troizen, over the temple of Isis","Troizenia Bk2","Troizen (Troizenia)",['naos'],['2.32.6'],"Troizen (Troizenia)",NULL,NULL,NULL,NULL,NULL,NULL,NULL
22.7214,37.6305,"Sanctuary of Apollo Lykios in Argos","Argolid Bk2","Argos (Argolid)",['hieron'],"['2.19.3','2.19.4','2.19.5','2.19.6','2.19.7','2.19.8','2.20.1','8.46.3']","Agora of Argos",NULL,NULL,https://wikidata.org/wiki/Q122194186,https://resource.manto.unh.edu/10185200,"Apollo Lykeios Lycius",NULL,NULL
22.5384,38.0446,Pellene,"Achaia Bk7","Achaia Bk7",['settlement'],"['1.25.2','10.9.10','2.7.4','2.8.5','3.1.4','3.26.2','7.17.14','7.26.12','7.26.13','7.26.14','7.27.1','7.27.11','7.27.12','7.27.4','7.27.5','7.27.6','7.27.7','7.27.8','7.27.9','7.6.1','7.7.1','7.7.3','8.15.5','8.15.8','8.27.14']",NULL,https://pleiades.stoa.org/places/570576,NULL,https://wikidata.org/wiki/Q2068130,NULL,NULL,NULL,NULL
23.1,37.6,"Hyrnethion (Epidauria)","Epidauria Bk2","Epidauria Bk2",['chorion'],"['2.28.3','2.28.6']",NULL,NULL,https://topostext.org/place/376231UHyr,https://wikidata.org/wiki/Q1641569,NULL,NULL,NULL,NULL
23.243591,37.385218,"Former city of Hermione, on promontory","Hermionis Bk2","Promontory of Hermione",['polis'],['2.34.10'],"Promontory of Hermione",NULL,NULL,NULL,NULL,NULL,NULL,NULL
22.756111,37.730833,"Tomb of Cassandra at Mycenae, contested by Amyclaeans","Argolid Bk2",Mycenae,['mnema'],['2.16.6'],Mycenae,NULL,NULL,NULL,https://resource.manto.unh.edu/10159516,NULL,NULL,NULL
23.725000000000005,37.975,"Diktys and Klymene altar, Athens","Athenai Bk1","Athenai Bk1",['bomos'],['2.18.1'],NULL,NULL,https://topostext.org/binder/JB1114,NULL,NULL,NULL,NULL,NULL
21.408,38.413,"Pleuron (Aitolia)","Aitolia region","Aitolia region",['polis'],['2.22.7'],NULL,NULL,https://topostext.org/place/384214PNPl,https://wikidata.org/wiki/Q1317636,NULL,NULL,NULL,NULL
23.2733,38.2213,"Plataea (Boeotia)","Boiotia Bk9",Plataiis,"['battlefield','polis']","['1.13.4','1.27.1','1.38.8','10.13.9','10.2.1','10.5.3','10.5.4','2.6.1','3.11.7','3.14.1','3.17.7','3.4.10','3.4.9','3.5.1','3.7.10','6.10.6','6.3.8','7.27.2','7.6.4','8.52.2','8.6.1','9.1.2','9.1.4','9.1.5','9.1.8','9.2.1','9.2.3','9.2.5','9.2.6','9.2.7','9.3.1','9.4.2','9.4.3','9.4.4','9.5.11','9.6.1','9.8.7']",NULL,https://pleiades.stoa.org/places/541063,https://topostext.org/place/382233PPla,https://wikidata.org/wiki/Q742538,NULL,Plataia,NULL,NULL
23.243591,37.385218,"Temple of Aphrodite in Hermione","Hermionis Bk2",Hermione,['naos'],['2.34.12'],Hermione,NULL,NULL,NULL,NULL,NULL,NULL,NULL
22.649131,37.846299,"Sanctuary of Dionysus at Phlius, near the Omphalos","Phlious Bk2","Phlious Bk2",['hieron'],['2.13.7'],"Phlious Bk2",NULL,NULL,https://wikidata.org/wiki/Q134037329,NULL,NULL,NULL,NULL
22.878721,37.906045,"Precinct of Isis Aegyptia on Acrocorinth ascent","Corinthia Bk2",Acrocorinth,['temenos'],['2.4.6'],Acrocorinth,NULL,NULL,NULL,NULL,NULL,NULL,NULL
22.7145,37.9834,"Sanctuary of Artemis and Apollo at Sicyon, made by Epopeus","Sikyonia Bk2","Sicyon (Sikyonia)",['hieron'],['2.11.1'],"Sicyon (Sikyonia)",NULL,NULL,https://wikidata.org/wiki/Q134037412,https://resource.manto.unh.edu/10159226,NULL,NULL,NULL
22.73333,37.63333,"Cave of Dionysos in Euboea, near Kaphereus cape","Euboea (island)","Euboea (island)",['spelaion'],['2.23.1'],NULL,NULL,NULL,NULL,NULL,NULL,NULL,NULL
22.756111,37.730833,"Persea fountain in the ruins of Mycenae","Argolid Bk2",Mycenae,['pege'],['2.16.6'],Mycenae,NULL,NULL,NULL,https://resource.manto.unh.edu/10159488,NULL,NULL,NULL
27.9212,36.3362,"Kamiros (Rhodes)","Aegean Sea (Hellas)","Rhodes island",['polis'],['2.37.4'],NULL,NULL,https://topostext.org/place/363279PKam,https://wikidata.org/wiki/Q1231539,NULL,NULL,NULL,NULL
22.7214,37.6305,"Temple of Athena Salpinx at Argos","Argolid Bk2","Sanctuary of Athena Salpinx, Argos",['naos'],['2.21.3'],"Sanctuary of Athena Salpinx, Argos",NULL,NULL,NULL,NULL,NULL,NULL,NULL
22.973,37.928,"Tomb of Neleus at the Isthmus, nonexistent","Corinthia Bk2","Isthmus of Corinth",['mnema'],['2.2.2'],"Isthmus of Corinth",NULL,NULL,NULL,NULL,NULL,NULL,NULL
22.7145,37.9834,"Acropolis of Sicyon","Sikyonia Bk2","Sicyon (Sikyonia)",['acropolis'],"['2.5.6','2.7.8']","Sicyon (Sikyonia)",NULL,NULL,https://wikidata.org/wiki/Q133963419,NULL,NULL,NULL,NULL
22.7182,37.5511,"Alkyonia lake, bottomless","Argolid Bk2","Lerna (Argolid)",['limne'],"['2.37.5','2.37.6']","Lerna (Argolid)",https://pleiades.stoa.org/places/573074,NULL,https://wikidata.org/wiki/Q115769195,NULL,NULL,NULL,NULL
22.7195,37.6316,"Temenos and temple of Dionysus Cresius in Argos","Argolid Bk2","Argos (Argolid)","['naos','temenos']",['2.23.7'],"Argos (Argolid)",NULL,NULL,NULL,NULL,NULL,NULL,NULL
22.429,37.464,"Tegea (Arkadia)","Arcadia Bk8",Tegeatis,['polis'],"['2.17.7','2.24.5','2.24.7','2.25.1','3.11.10','3.11.7','3.3.5','3.7.10','5.26.4','5.26.5','7.14.4','8.10.1','8.11.1','8.27.2','8.3.4','8.4.3','8.4.8','8.4.9','8.44.1','8.44.7','8.44.8','8.47.1','8.47.5','8.47.6','8.48.5','8.5.3','8.5.4','8.52.6','8.53.10','8.53.11','8.53.7','8.54.4','8.54.5','8.6.4']",NULL,https://pleiades.stoa.org/places/570707,https://topostext.org/place/375224PTeg,https://wikidata.org/wiki/Q645234,NULL,NULL,NULL,NULL
22.99537,37.914,"marble stadium at Isthmia","Corinthia Bk2","Isthmian Poseidon sanctuary at Isthmia",['stadion'],"['1.44.8','2.1.7']",NULL,NULL,https://topostext.org/place/379230BStI,NULL,NULL,NULL,NULL,NULL
22.6222206,38.5348857,"Parnassus (mountain)","Phokis Bk10","Phokis Bk10",['oros'],"['1.4.4','10.14.7','10.23.4','10.23.5','10.24.7','10.29.5','10.32.2','10.32.7','10.33.3','10.33.5','10.36.3','10.4.3','10.5.1','10.5.6','10.6.1','10.6.2','10.6.7','10.8.9','2.29.2','2.29.3','4.33.3','4.34.10','4.34.11','4.34.9','5.1.2','7.3.10','8.4.6']",NULL,https://pleiades.stoa.org/places/541012,NULL,https://wikidata.org/wiki/Q105261,NULL,NULL,NULL,NULL
23.075053,37.599482,"Stoa of Kotys (Epidauros Asklepieion)","Epidauria Bk2","Asklepieion of Epidauros",['stoa'],['2.27.6'],NULL,NULL,https://topostext.org/place/376231BSKo,NULL,NULL,NULL,NULL,NULL
23.075,37.597,"Temple of Egyptian Hygeia, Asklepios, Apollo at Epidauros, Asklepieion","Epidauria Bk2","Asklepieion of Epidauros",['naos'],['2.27.6'],"Asklepieion of Epidauros",NULL,NULL,NULL,NULL,NULL,NULL,NULL
22.7195,37.6316,"Sanctuary of the Horae in Argos","Argolid Bk2","Argos (Argolid)",['hieron'],['2.20.5'],"Argos (Argolid)",NULL,NULL,https://wikidata.org/wiki/Q134037441,NULL,NULL,NULL,NULL
22.62501,37.92049,"Sanctuary of Athena in Titane","Corinthia Bk2","Hill in Titane, where the sanctuary of Athena is located",['hieron'],['2.11.7'],"Hill in Titane, where the sanctuary of Athena is located",NULL,NULL,https://wikidata.org/wiki/Q134037303,https://resource.manto.unh.edu/11288955,NULL,NULL,NULL
22.7145,37.9834,"Sanctuary of Athena in the acropolis of Aigialea, Sicyon","Sikyonia Bk2","Acropolis of Sicyon",['hieron'],['2.5.6'],"Acropolis of Sicyon",NULL,NULL,https://wikidata.org/wiki/Q134037408,NULL,NULL,NULL,NULL
22.7108,37.8085,"Spring Adrasteia in Nemea","Argolid Bk2","Sanctuary of Nemean Zeus, Nemea",['pege'],['2.15.3'],"Sanctuary of Nemean Zeus, Nemea",NULL,NULL,NULL,https://resource.manto.unh.edu/10159402,NULL,NULL,NULL
22.70838,37.59848,"Sanctuary of the Dioskouroi on the road from Argos to Lerna","Argolid Bk2","Argolid Bk2",['hieron'],['2.36.6'],NULL,NULL,NULL,https://wikidata.org/wiki/Q134037353,https://resource.manto.unh.edu/11289350,NULL,NULL,NULL
22.7656,37.916,"Orneiai/Orneai near Sicyonia","Sikyonia Bk2",Peloponnesos,['settlement'],"['10.18.5','2.12.5']",NULL,https://pleiades.stoa.org/places/573417,https://topostext.org/place/379228XDor,https://wikidata.org/wiki/Q7103538,NULL,NULL,NULL,NULL
23.7,37.8,"Islet of Pelops where rain does not fall, off Methana","Troizenia Bk2","Saronic Gulf",['nesos'],['2.34.3'],"Saronic Gulf",NULL,NULL,https://wikidata.org/wiki/Q115623723,NULL,NULL,NULL,NULL
22.7214,37.6305,"Agora of Argos","Argolid Bk2","Argos (Argolid)",['agora'],['2.21.1'],NULL,NULL,https://topostext.org/place/376227XAgA,https://wikidata.org/wiki/Q38281281,NULL,NULL,NULL,NULL
22.8793472,37.9049161,"Temple of Hermes in the Agora of Corinth","Corinthia Bk2","Agora of Corinth",['naos'],['2.2.8'],"Agora of Corinth",NULL,NULL,NULL,NULL,NULL,NULL,NULL
22.7145,37.9834,"Altar of Athena at Sicyon, built by Epopeus","Sikyonia Bk2","Sicyon (Sikyonia)",['bomos'],['2.11.1'],"Sicyon (Sikyonia)",NULL,NULL,NULL,NULL,NULL,NULL,NULL
22.87694,37.90694,"theater of Corinth","Corinthia Bk2","Corinth (Corinthia)",['theatron'],['2.4.5'],NULL,NULL,https://topostext.org/place/379229BThe,https://wikidata.org/wiki/Q25451392,NULL,NULL,NULL,NULL
22.9,37.67,"Myrtion/Tithion M.","Epidauria Bk2","Epidauria Bk2",['oros'],"['2.26.4','2.27.7']","Argolid Bk2",https://pleiades.stoa.org/places/573382,NULL,https://wikidata.org/wiki/Q109941874,NULL,NULL,NULL,NULL
23.26278,37.34678,"Sanctuary of Demeter and the Child, in Bouporthmos","Hermionis Bk2","Bouporthmos (mountain)",['hieron'],['2.34.8'],"Bouporthmos (mountain)",NULL,NULL,https://wikidata.org/wiki/Q134037763,NULL,NULL,NULL,NULL
23.3484,37.5033,"Precinct of Hippolytus in Troizen","Troizenia Bk2","Troizen (Troizenia)",['temenos'],['2.32.1'],"Troizen (Troizenia)",NULL,NULL,NULL,https://resource.manto.unh.edu/10214902,NULL,NULL,NULL
23.075,37.597,"Sanctuary of Aphrodite at Epidauros, Asklepieion","Epidauria Bk2","Asklepieion of Epidauros",['hieron'],['2.27.5'],"Asklepieion of Epidauros",NULL,NULL,https://wikidata.org/wiki/Q134037653,NULL,NULL,NULL,NULL
23.243591,37.385218,"Temple of Apollo Pythaeus in Hermione","Hermionis Bk2",Hermione,['naos'],['2.35.2'],Hermione,NULL,NULL,NULL,NULL,NULL,NULL,NULL
23.3484,37.5033,"Stoa in the Agora of Troizen","Troizenia Bk2","Agora of Troizen",['stoa'],['2.31.7'],"Agora of Troizen",NULL,NULL,NULL,NULL,NULL,NULL,NULL
22.7195,37.6316,"Theater of Argos","Argolid Bk2","Argos (Argolid)",['theatron'],['2.20.8'],NULL,NULL,https://topostext.org/place/376227BThA,https://wikidata.org/wiki/Q24912661,NULL,NULL,NULL,NULL
23.235,37.3884,"Temple of Klymenos in Hermione, opposite the temple of Demeter Chthonia","Hermionis Bk2","Pron M.",['naos'],['2.35.9'],"Pron M.",NULL,NULL,NULL,https://resource.manto.unh.edu/10214963,NULL,NULL,NULL
22.756111,37.730833,"Walls of Mycenae","Argolid Bk2",Mycenae,['teichos'],['2.16.7'],Mycenae,NULL,NULL,NULL,NULL,NULL,NULL,NULL
24.924,34.932,"Asclepieion of Leben in Crete",Crete,Crete,['Asclepieion'],['2.26.9'],NULL,https://pleiades.stoa.org/places/589901,https://topostext.org/place/349249PLeb,https://wikidata.org/wiki/Q11931287,NULL,NULL,NULL,NULL
22.7145,37.9834,"Wall in Sicyon","Sikyonia Bk2","Sicyon (Sikyonia)",['teichos'],['2.8.3'],"Sicyon (Sikyonia)",NULL,NULL,NULL,NULL,NULL,NULL,NULL
29.750000000000004,38.75,Phrygia,"Asia (continent)","Asia Minor (Asia)",['chora'],"['10.36.1','2.5.3','8.4.3']",NULL,https://pleiades.stoa.org/places/609502,NULL,https://wikidata.org/wiki/Q32579,NULL,NULL,NULL,NULL
22.7108,37.8085,"Sanctuary of Nemean Zeus, Nemea","Argolid Bk2","Argolid Bk2",['hieron'],"['1.27.9','1.29.5','2.15.2','2.15.3','2.19.5','5.11.5','5.25.7','5.26.7','6.1.8','6.12.8','6.14.2','6.15.1','6.15.6','6.2.11','6.20.19','6.3.11','6.3.9','6.4.5','6.4.6','6.5.5','6.7.10','8.48.2']",NULL,https://pleiades.stoa.org/places/570504,https://topostext.org/place/378227SNem,https://wikidata.org/wiki/Q748108,NULL,NULL,NULL,NULL
23.243591,37.385218,"Temple of Athena on promontory of Hermione, on higher ground","Hermionis Bk2","Promontory of Hermione",['naos'],['2.34.10'],"Promontory of Hermione",NULL,NULL,NULL,NULL,NULL,NULL,NULL
22.7214,37.6305,"Pit beside Grave of Tantalus in Argos","Argolid Bk2","Agora of Argos",['bothros'],['2.22.3'],"Agora of Argos",NULL,NULL,NULL,NULL,NULL,NULL,NULL
22.8802,37.9054,"Temple of Apollo or Olympian Zeus, burned, on Corinth-Sicyon road","Corinthia Bk2","Corinth (Corinthia)",['naos'],['2.5.5'],"Corinth (Corinthia)",NULL,NULL,NULL,NULL,NULL,NULL,NULL
26.5,31.5,"Libya (Africa)",NULL,"Roman empire","['major region']","['1.44.3','1.6.5','10.13.5','2.13.8','2.21.6','2.28.1','4.23.10','4.26.2','5.15.11','5.25.5','8.11.11','9.16.1','9.21.5','9.33.7']",NULL,https://pleiades.stoa.org/places/716588,NULL,https://wikidata.org/wiki/Q2370577,NULL,NULL,NULL,NULL
23.337,37.53,"Phoibaia Limne","Troizenia Bk2","Troizenia Bk2",['limne'],"['2.30.7','2.32.10']",NULL,https://pleiades.stoa.org/places/573451,NULL,NULL,NULL,"Phoibaia Limen Phoebaea, Psiphaian Sea",NULL,NULL
26.0497905,39.8278355,Tenedos,"Aegean Sea (Hellas)","Aegean Sea (Hellas)",['settlement'],['2.5.4'],NULL,https://pleiades.stoa.org/places/550911,NULL,https://wikidata.org/wiki/Q211817,NULL,NULL,NULL,NULL
22.7145,37.9834,"Plain below Sicyon","Sikyonia Bk2","Sicyon (Sikyonia)",['pedion'],['2.11.2'],"Sicyon (Sikyonia)",NULL,NULL,NULL,NULL,NULL,NULL,NULL
24.8,37.2,"Cyclades region (Aegean)","Aegean Sea (Hellas)","Hellas (Europe)",['chora'],"['1.1.1','2.22.1','5.21.13','5.23.2']",NULL,https://pleiades.stoa.org/places/560353,https://topostext.org/place/372248RKyk,https://wikidata.org/wiki/Q171132,NULL,NULL,NULL,NULL
22.756111,37.730833,"Underground chambers of Atreus and sons in the ruins of Mycenae","Argolid Bk2",Mycenae,['oikema'],['2.16.6'],Mycenae,NULL,NULL,NULL,NULL,NULL,NULL,NULL
23.423,37.751,"Kryptos Limen","Aigina island Bk2","Aigina island Bk2",['limen'],"['2.29.10','2.29.11']",NULL,https://pleiades.stoa.org/places/579997,https://topostext.org/place/379234HKry,NULL,NULL,NULL,NULL,NULL
22.61272,37.27816,"Parnon (mountain)","Argolid Bk2","Argolid Bk2",['oros'],['2.38.7'],NULL,https://pleiades.stoa.org/places/570561,NULL,https://wikidata.org/wiki/Q602371,NULL,NULL,NULL,NULL
22.7195,37.6316,"Temple of Hekate at Argos","Argolid Bk2","Argos (Argolid)",['naos'],['2.22.7'],"Argos (Argolid)",NULL,NULL,NULL,NULL,NULL,NULL,NULL
23.14146,37.92753,"Pine tree of Theseus on coast just south of Krommyon","Corinthia Bk2",Krommyon,['peuke'],['2.1.3'],Krommyon,NULL,NULL,NULL,NULL,NULL,NULL,NULL
22.8802,37.9054,"Pillars around the spring Lerna in Corinth","Corinthia Bk2","Corinth (Corinthia)",['kion'],['2.4.5'],"Corinth (Corinthia)",NULL,NULL,NULL,NULL,NULL,NULL,NULL
23.07535,37.599135,"Sacred Fountain (Epidauros Asklepieion)","Epidauria Bk2","Asklepieion of Epidauros",['pege'],['2.27.5'],NULL,NULL,https://topostext.org/place/376231BAFt,NULL,NULL,NULL,NULL,NULL
22.4237,37.0821,Sparta,"Lakonia Bk3","Lakonia Bk3",['polis'],"['1.13.6','1.29.8','10.12.2','2.18.2','2.18.5','2.21.8','2.9.1','3.1.2','3.10.1','3.11.1','3.11.2','3.13.3','3.13.4','3.13.7','3.14.2','3.14.7','3.15.3','3.15.4','3.15.5','3.15.8','3.18.6','3.19.6','3.2.2','3.2.3','3.2.7','3.20.10','3.20.8','3.21.2','3.21.6','3.21.7','3.26.5','3.26.7','3.3.2','3.3.3','3.5.1','3.6.3','3.6.4','3.6.7','3.7.1','3.7.2','3.7.5','3.7.8','3.8.3','3.8.9','3.9.11','4.1.2','4.12.4','4.12.5','4.12.8','4.12.9','4.14.3','4.14.4','4.15.2','4.15.3','4.15.5','4.15.6','4.16.1','4.16.9','4.17.6','4.18.3','4.19.5','4.20.5','4.21.6','4.22.1','4.22.4','4.22.5','4.22.6','4.23.2','4.24.6','4.26.4','4.27.4','4.29.6','4.29.9','4.31.1','4.31.3','4.4.4','4.4.8','4.5.4','4.5.6','4.5.7','4.7.7','4.8.3','4.9.5','6.16.8','6.2.1','6.4.9','6.7.6','7.1.8','7.12.2','7.12.6','7.12.7','7.12.8','7.13.1','7.13.2','7.13.4','7.13.6','7.14.5','7.20.8','7.24.1','7.7.3','7.8.4','7.8.5','7.9.2','7.9.5','8.11.6','8.12.6','8.27.11','8.51.1','8.51.3','8.51.4','8.52.3','8.52.6','8.8.11','9.13.2','9.13.9','9.14.1','9.14.5','9.32.10','9.32.7']",NULL,https://pleiades.stoa.org/places/570685,https://topostext.org/place/371224PSpa,https://wikidata.org/wiki/Q5690,NULL,"Lacedaemon Lakedaimon",NULL,NULL
22.8802,37.9054,"Sanctuary of Capitoline Zeus in Corinth, above theater","Corinthia Bk2","Corinth (Corinthia)",['hieron'],['2.4.5'],"Corinth (Corinthia)",NULL,NULL,https://wikidata.org/wiki/Q134037589,NULL,NULL,NULL,NULL
22.7223,37.7867,"Mountains  on the road from Kleonai to Argos surrounding the pass called Tretos","Argolid Bk2","road Corinth to Argos via Tretos pass, vehicular",['oros'],['2.15.2'],"Tretos pass (Korinthia)",NULL,NULL,NULL,NULL,NULL,NULL,NULL
23.1602,37.6335,Epidauros,"Epidauria Bk2","Epidauria Bk2",['settlement'],"['1.25.4','2.10.3','2.25.10','2.25.7','2.26.1','2.26.2','2.26.3','2.26.4','2.26.7','2.26.8','2.26.9','2.28.3','2.28.4','2.28.8','2.29.1','2.29.2','2.29.5','2.30.5','5.11.11','8.1.1','9.23.1','9.7.5']",NULL,https://pleiades.stoa.org/places/570228,https://topostext.org/place/376232PEpi,https://wikidata.org/wiki/Q233576,NULL,"Epidaurus polis",NULL,NULL
22.9,37.67,"Plane tree on the spring of river Amymone","Argolid Bk2","Spring of river Amymone",['platanos'],['2.37.4'],"Spring of river Amymone",NULL,NULL,NULL,NULL,NULL,NULL,NULL
22.747,38.01,"Harbor of the Sicyonians","Sikyonia Bk2","Sikyonia Bk2",['limen'],['2.12.2'],NULL,NULL,NULL,NULL,NULL,NULL,NULL,NULL
23.42372,37.74991,"Temple of Hekate in Aigina","Aigina island Bk2","Aigina polity",['naos'],['2.30.2'],"Aigina polity",NULL,NULL,NULL,NULL,NULL,NULL,NULL
22.842,37.65,Midea,"Argolid Bk2","Argolid Bk2",['settlement'],"['2.16.2','2.25.9','6.20.7','8.27.1']",NULL,https://pleiades.stoa.org/places/570485,NULL,https://wikidata.org/wiki/Q502897,NULL,NULL,NULL,NULL
23.1602,37.6335,"Tomb of Procles, not far from Epidauros","Epidauria Bk2",Epidauros,['mnema'],['2.28.8'],Epidauros,NULL,NULL,NULL,NULL,NULL,NULL,NULL
23.602,38.464,Chalkis,"Euboea (island)","Euboea (island)","['chora','polis']","['1.23.3','1.34.2','2.22.7','4.23.7','9.18.1','9.19.3','9.31.3']",NULL,https://pleiades.stoa.org/places/540703,NULL,https://wikidata.org/wiki/Q21235810,NULL,Chalcis,NULL,NULL
22.796,37.565,"Canathus spring near Nauplia","Argolid Bk2",Nauplia,['pege'],['2.38.2'],Nauplia,NULL,NULL,https://wikidata.org/wiki/Q6360744,https://resource.manto.unh.edu/10191983,"Kanathos spring",NULL,NULL
22.6973,37.55,"Pontinos hill (Argolid)","Argolid Bk2","Argolid Bk2",['oros'],"['2.36.8','2.37.1','2.37.2']",NULL,https://pleiades.stoa.org/places/573475,https://topostext.org/place/376227LPon,https://wikidata.org/wiki/Q125936741,NULL,NULL,NULL,NULL
23.3484,37.5033,"Olive tree in the Agora in Troizen","Troizenia Bk2","Troizen (Troizenia)",['elaia'],['2.31.10'],"Troizen (Troizenia)",NULL,NULL,NULL,https://resource.manto.unh.edu/10214885,NULL,NULL,NULL
23.3484,37.5033,"Altars of Underworld Gods in the temple of Artemis in Troizen","Troizenia Bk2","Temple of Artemis Soteira in Troizen",['bomos'],['2.31.2'],"Temple of Artemis Soteira in Troizen",NULL,NULL,NULL,NULL,NULL,NULL,NULL
22.7195,37.6316,"Ascent from Argos to Larisa citadel","Argolid Bk2","Argos (Argolid)",['hodos'],['2.24.1'],"Argos (Argolid)",NULL,NULL,NULL,NULL,NULL,NULL,NULL
23.09367,37.61291,"Koryphos M.","Epidauria Bk2","Epidauria Bk2",['oros'],['2.28.2'],NULL,https://pleiades.stoa.org/places/570376,NULL,https://wikidata.org/wiki/Q24992917,NULL,NULL,NULL,NULL
23.1,37.6,"wild olives in Hyrnethion chorion in Epidaurus","Epidauria Bk2","Hyrnethion (Epidauria)",['elaia'],['2.28.3'],"Hyrnethion (Epidauria)",NULL,NULL,NULL,NULL,NULL,NULL,NULL
22.80004,37.59918,"Grove of Argus, at Sepeia near Tiryns","Argolid Bk2",Tiryns,['alsos'],"['2.20.8','3.4.1']",Tiryns,NULL,NULL,https://wikidata.org/wiki/Q106350076,NULL,NULL,NULL,NULL
23.14146,37.92753,"shore just below Crommyon","Corinthia Bk2",Krommyon,['paralia'],['2.1.3'],Krommyon,NULL,NULL,NULL,NULL,NULL,NULL,NULL
22.7195,37.6316,"Place on the wall in Argos, where Telessila placed the women in order to fight with the Lacedaemonians","Argolid Bk2","Walls of Argos",['teichos'],['2.20.9'],"Argos (Argolid)",NULL,NULL,NULL,NULL,NULL,NULL,NULL
22.87812,37.90562,"Glauke fountain (Corinth)","Corinthia Bk2","Corinth (Corinthia)",['pege'],['2.3.6'],NULL,NULL,https://topostext.org/place/379229WGLF,https://wikidata.org/wiki/Q22681295,https://resource.manto.unh.edu/10153083,NULL,NULL,NULL
22.9,37.67,Cheimarros,"Argolid Bk2","Argolid Bk2",['potamos'],['2.36.7'],"Argolid Bk2",https://pleiades.stoa.org/places/573171,NULL,NULL,NULL,NULL,NULL,NULL
23.42372,37.74991,"Aigina island Bk2",NULL,"Saronic Gulf",['nesos'],"['10.30.4','2.29.10','2.29.2','2.29.5','2.29.6','2.30.3','2.30.4','2.30.5','2.38.5','2.5.2','3.4.2','3.4.3','5.25.13','8.42.10']",NULL,https://pleiades.stoa.org/places/579844,NULL,https://wikidata.org/wiki/Q191082,NULL,Aegina,https://imperium.ahlfeldt.se/places/43633,NULL
23.42372,37.74991,"Temple of Artemis in Aigina","Aigina island Bk2","Aigina polity",['naos'],['2.30.1'],"Aigina polity",NULL,NULL,NULL,NULL,NULL,NULL,NULL
23.4228,37.5022,Kelenderis,"Troizenia Bk2","Troizenia Bk2",['limen'],['2.32.9'],NULL,https://pleiades.stoa.org/places/573281,NULL,NULL,NULL,NULL,NULL,NULL
22.12724177,37.41016271,"Megalopolis Theater","Arcadia Bk8","Megalopolis southern part beyond the Helisson",['theatron'],"['2.27.5','8.32.1','8.32.3']",NULL,NULL,https://topostext.org/place/374221BMTh,https://wikidata.org/wiki/Q22681531,NULL,NULL,https://imperium.ahlfeldt.se/places/24209,NULL
22.62501,37.92049,"Titane at road summit from Sicyon","Sikyonia Bk2",Titane,['koryphe'],['2.11.5'],Titane,NULL,NULL,NULL,NULL,NULL,NULL,NULL
22.8802,37.9054,"Temple of the Moirai (Fates) in Corinth, toward Acrocorinth","Corinthia Bk2","Corinth (Corinthia)",['naos'],['2.4.7'],"Corinth (Corinthia)",NULL,NULL,NULL,NULL,NULL,NULL,NULL
23.725000000000005,37.975,"Sanctuary of Perseus, Athens","Athenai Bk1","Athenai Bk1",['temenos'],['2.18.1'],NULL,NULL,https://topostext.org/binder/JB2407,NULL,NULL,NULL,NULL,NULL
22.796,37.565,"Sanctuary of Poseidon in Nauplia","Argolid Bk2",Nauplia,['hieron'],['2.38.2'],Nauplia,NULL,NULL,https://wikidata.org/wiki/Q134037527,NULL,NULL,NULL,NULL
22.74021,37.86195,"Apesas (mountain)","Corinthia Bk2","Corinthia Bk2",['oros'],['2.15.3'],NULL,https://pleiades.stoa.org/places/570090,NULL,https://wikidata.org/wiki/Q25069696,NULL,NULL,NULL,NULL
23.243591,37.385218,"Temple of Helios on Hermione promontory","Hermionis Bk2","Promontory of Hermione",['naos'],['2.34.10'],"Promontory of Hermione",NULL,NULL,NULL,NULL,NULL,NULL,NULL
22.78573,37.70559,"Euboia (mountain)","Argolid Bk2","Argolid Bk2",['oros'],"['2.17.1','2.17.2']",NULL,https://pleiades.stoa.org/places/570245,NULL,NULL,NULL,"Euboea hill",NULL,NULL
23.09367,37.61291,"Sanctuary of Artemis Coryphaea atop Mt. Koryphos","Epidauria Bk2","Koryphos M.",['hieron'],['2.28.2'],"Koryphos M.",NULL,NULL,https://wikidata.org/wiki/Q134037667,NULL,"Artemis Koryphaia sanctuary",NULL,NULL
22.88807,37.93277,"Sanctuary of Poseidon at Lechaion","Corinthia Bk2",Lechaion,['hieron'],['2.2.3'],Lechaion,NULL,NULL,https://wikidata.org/wiki/Q134037594,NULL,NULL,NULL,NULL
22.8745,37.528,"Sanctuary of Apollo Pythaeus in Asine, Argolid","Argolid Bk2","Asine (Argolid)",['hieron'],['2.36.5'],"Asine (Argolid)",NULL,NULL,https://wikidata.org/wiki/Q134037554,NULL,NULL,NULL,NULL
23.4803,37.5227,"Enclosure of Sanctuary of Poseidon in Kalaureia","Troizenia Bk2","Poseidon of Kalaureia (Poros)",['peribolos'],['2.33.3'],"Poseidon of Kalaureia (Poros)",NULL,NULL,NULL,NULL,NULL,NULL,NULL
23.26278,37.34678,"Bouporthmos (mountain)","Hermionis Bk2","Hermionis Bk2",['oros'],"['2.34.8','2.34.9']",NULL,https://pleiades.stoa.org/places/570165,NULL,https://wikidata.org/wiki/Q131360046,NULL,NULL,NULL,NULL
23.243591,37.385218,"Fountain in Hermione, ancient","Hermionis Bk2",Hermione,['pege'],['2.35.3'],Hermione,NULL,NULL,NULL,NULL,NULL,NULL,NULL
23.6559,37.9406,Munychia,"Attica Bk1",Peiraieus/Piraeus,['settlement'],"['1.1.4','1.25.5','1.26.3','2.8.6']",NULL,https://pleiades.stoa.org/places/116035285,NULL,https://wikidata.org/wiki/Q1611219,NULL,NULL,NULL,NULL
27.424112,37.037864,Halicarnassus/Halikarnassos,"Asia Minor (Asia)","Caria region",['polis'],"['2.30.9','3.11.3','8.16.4']",NULL,https://pleiades.stoa.org/places/599636,NULL,https://wikidata.org/wiki/Q5843680,NULL,NULL,NULL,NULL
23.3484,37.5033,"Sacred stone in front of the temple of Artemis Lykeia in Troizen","Troizenia Bk2","Troizen (Troizenia)",['petra'],['2.31.4'],"Troizen (Troizenia)",NULL,NULL,NULL,NULL,NULL,NULL,NULL
22.7195,37.6316,"Tomb/Cenotaph of Hyrnetho","Argolid Bk2","Argos (Argolid)",['cenotaph'],['2.23.3'],"Argos (Argolid)",NULL,NULL,NULL,NULL,NULL,NULL,NULL
22.4867,36.4018,"Tainaron cape sanctuary","Lakonia Bk3","Tainaron (promontory)","['hieron','settlement']","['2.33.2','3.25.9','4.24.5','7.25.3']",NULL,https://pleiades.stoa.org/places/570702,https://topostext.org/place/364225STai,https://wikidata.org/wiki/Q33119266,NULL,NULL,NULL,NULL
27.165609000000003,39.118873,"Asklepieion of Pergamon","Asia Minor (Asia)",Pergamum,['Asclepieion'],"['2.26.8','2.26.9','2.27.5','3.26.10']",NULL,https://pleiades.stoa.org/places/550459,NULL,https://wikidata.org/wiki/Q630373,NULL,NULL,NULL,NULL
22.7404143,37.4211067,"Tanaos (river)","Argolid Bk2","Argolid Bk2",['potamos'],['2.38.7'],NULL,https://pleiades.stoa.org/places/570704,NULL,NULL,NULL,"Tanos river",NULL,NULL
23.235,37.3884,"Echo Stoa in Hermione, on the right of the sanctuary of Demeter Chthonia","Hermionis Bk2","Pron M.",['stoa'],['2.35.10'],"Pron M.",NULL,NULL,NULL,NULL,NULL,NULL,NULL
22.7214,37.6305,"Memorial of Pyrrhus in Argos agora","Argolid Bk2","Agora of Argos",['mnema'],['2.21.4'],"Agora of Argos",NULL,NULL,NULL,NULL,NULL,NULL,NULL
22.7145,37.9834,"Heroon of Aratos at Sicyon","Sikyonia Bk2","Sicyon (Sikyonia)",['heroon'],['2.8.1'],"Sicyon (Sikyonia)",NULL,NULL,NULL,NULL,NULL,NULL,NULL
22.88059,37.90568,"Cave constructions in Peirene fountain in Corinth","Corinthia Bk2","Peirene fountain (Corinth)",['oikema'],['2.3.3'],"Peirene fountain (Corinth)",NULL,NULL,NULL,NULL,NULL,NULL,NULL
22.649131,37.846299,"Omphalos in Phlious, marking center of the Peloponnese","Phlious Bk2","Phlious Bk2",['petra'],['2.13.7'],"Phlious Bk2",NULL,NULL,NULL,NULL,NULL,NULL,NULL
22.7195,37.6316,"Tomb of Phoroneus in Argos","Argolid Bk2","Argos (Argolid)",['mnema'],['2.20.3'],"Argos (Argolid)",NULL,NULL,NULL,https://resource.manto.unh.edu/10185300,NULL,NULL,NULL
22.7195,37.6316,"Gymnasium of Kylarabis in Argos","Argolid Bk2","Argos (Argolid)",['gymnasion'],['2.22.8'],"Argos (Argolid)",NULL,NULL,https://wikidata.org/wiki/Q133054612,NULL,NULL,NULL,NULL
12.6726413,41.7211083,Aricia,"Italia (Europe)","Italia (Europe)",['polis'],['2.27.4'],NULL,https://pleiades.stoa.org/places/422844,NULL,https://wikidata.org/wiki/Q18043236,NULL,NULL,NULL,NULL
22.7195,37.6316,Deiras,"Argolid Bk2","Deiras gates of Argos",['chorion'],"['2.25.1','2.25.4']","Deiras gates of Argos",https://pleiades.stoa.org/places/573177,NULL,NULL,NULL,NULL,NULL,NULL
23.2593,37.3844,"Crescent-shaped shore on mainland after Hydra","Hermionis Bk2","Hermionis Bk2",['paralia'],['2.34.9'],NULL,NULL,NULL,NULL,NULL,NULL,NULL,NULL
22.4397,37.1884,"Sellasia (Lakonia)","Lakonia Bk3","Lakonia Bk3",['polis'],"['2.7.4','2.9.2','3.10.7','4.29.9','7.7.4','8.49.5']",NULL,https://pleiades.stoa.org/places/570662,https://topostext.org/place/372224PSel,https://wikidata.org/wiki/Q59431661,NULL,NULL,NULL,NULL
22.7145,37.9834,"Double building in Peribolos of Asklepios, Sicyon","Sikyonia Bk2","Sicyon (Sikyonia)",['oikema'],['2.10.2'],"Sicyon (Sikyonia)",NULL,NULL,NULL,NULL,NULL,NULL,NULL
22.649131,37.846299,"Theater of Phlious, under the temple of Asclepius","Phlious Bk2","Phlious Bk2",['theatron'],['2.13.5'],"Phlious Bk2",NULL,NULL,NULL,NULL,NULL,NULL,NULL
22.8802,37.9054,"Sanctuary of Athena Chalinitis in Corinth, not far from the grave of Medea's children!","Corinthia Bk2","Corinth (Corinthia)",['hieron'],['2.4.1'],"Corinth (Corinthia)",NULL,NULL,https://wikidata.org/wiki/Q134037564,NULL,NULL,NULL,NULL
23.3484,37.5033,"Sanctuary of Zeus Soter in Troizen","Troizenia Bk2","Troizen (Troizenia)",['hieron'],['2.31.10'],"Troizen (Troizenia)",NULL,NULL,https://wikidata.org/wiki/Q134037972,https://resource.manto.unh.edu/10214894,NULL,NULL,NULL
22.756111,37.730833,"Tomb of Atreus and those killed by Aegisthus at Mycenae","Argolid Bk2",Mycenae,['mnema'],['2.16.6'],Mycenae,NULL,NULL,NULL,https://resource.manto.unh.edu/10159493,NULL,NULL,NULL
22.7195,37.6316,"Tomb of Argus son of Zeus, in Argos","Argolid Bk2","Argos (Argolid)",['mnema'],['2.22.5'],"Argos (Argolid)",NULL,NULL,NULL,https://resource.manto.unh.edu/10187017,NULL,NULL,NULL
22.649131,37.846299,"Acropolis of Phlious","Phlious Bk2","Phlious Bk2",['acropolis'],['2.12.4'],"Phlious Bk2",NULL,NULL,https://wikidata.org/wiki/Q133963418,NULL,NULL,NULL,NULL
23.243591,37.385218,"Temple of the Graces on Hermione promontory","Hermionis Bk2","Promontory of Hermione",['naos'],['2.34.10'],"Promontory of Hermione",NULL,NULL,NULL,NULL,NULL,NULL,NULL
22.649131,37.846299,"Grove of cypress trees in Phlious acropolis","Phlious Bk2","Phlious Bk2","['alsos kyparisson']",['2.13.3'],"Phlious Bk2",NULL,NULL,NULL,NULL,NULL,NULL,NULL
22.7145,37.9834,"Cave at the gate of Sicyon","Sikyonia Bk2","Sicyon (Sikyonia)",['spelaion'],['2.7.4'],"Sicyon (Sikyonia)",NULL,NULL,NULL,NULL,NULL,NULL,NULL
23.601,38.023,"Rheitoi (river)","Attica Bk1","Attica Bk1",['potamos'],"['1.38.1','1.38.2','2.24.6']",NULL,https://pleiades.stoa.org/places/580098,NULL,https://wikidata.org/wiki/Q1785564,NULL,NULL,NULL,NULL
22.7195,37.6316,"Temple of Tyche at Argos","Argolid Bk2","Argos (Argolid)",['naos'],['2.20.3'],"Argos (Argolid)",NULL,NULL,NULL,NULL,NULL,NULL,NULL
22.7145,37.9834,"Stoa of Cleisthenes in Sicyon","Sikyonia Bk2","Sicyon (Sikyonia)",['stoa'],['2.9.6'],"Sicyon (Sikyonia)",NULL,NULL,NULL,NULL,NULL,NULL,NULL
22.727,37.7254,"Mysia (Argolid)","Argolid Bk2","Argolid Bk2",['chorion'],['2.18.3'],NULL,https://pleiades.stoa.org/places/570498,https://topostext.org/place/377227UMys,NULL,NULL,NULL,NULL,NULL
23.26405,37.442072,Eileoi,"Hermionis Bk2","Hermionis Bk2",['chorion'],['2.34.6'],NULL,https://pleiades.stoa.org/places/570207,NULL,https://wikidata.org/wiki/Q118744800,NULL,NULL,NULL,NULL
27.1383,38.41905,"Asclepieion of Smyrna, on the water, new in Pausanias's time","Asia Minor (Asia)","Smyrna (Ionia)",['Asclepieion'],"['2.26.9','7.5.9']","Smyrna (Ionia)",NULL,NULL,NULL,NULL,NULL,NULL,NULL
22.7145,37.9834,"Sanctuary of Hera at Sicyon","Sikyonia Bk2","Sicyon (Sikyonia)",['hieron'],['2.11.1'],"Sicyon (Sikyonia)",NULL,NULL,https://wikidata.org/wiki/Q134037357,https://resource.manto.unh.edu/10159228,NULL,NULL,NULL
24.58816,38.15888,"Kaphereus (promontory)","Euboea (island)","Euboea (island)",['akra'],"['2.23.1','4.36.6']",NULL,https://pleiades.stoa.org/places/540852,NULL,https://wikidata.org/wiki/Q1982478,NULL,NULL,NULL,NULL
22.8793472,37.9049161,"Temple of Tyche in the Agora of Corinth","Corinthia Bk2","Agora of Corinth",['naos'],['2.2.8'],"Agora of Corinth",NULL,NULL,NULL,NULL,NULL,NULL,NULL
12.5,42.5,"Italia (Europe)",NULL,Europe,"['major region']","['1.11.7','1.12.1','1.12.2','1.13.2','1.23.5','1.29.14','1.36.6','10.10.7','10.13.10','10.17.10','10.17.11','2.23.5','2.27.4','3.10.5','3.12.6','3.19.12','3.22.11','3.3.1','4.23.6','4.26.5','5.25.3','5.25.6','6.19.9','6.3.12','6.6.4','6.6.8','6.7.4','7.4.7','8.15.9','8.3.5']",NULL,https://pleiades.stoa.org/places/1052,NULL,https://wikidata.org/wiki/Q913582,NULL,Italy,NULL,NULL
23.1602,37.6335,"Enclosure of Artemis' sanctuary in Epidauros","Epidauria Bk2",Epidauros,['peribolos'],['2.30.7'],Epidauros,NULL,NULL,NULL,NULL,NULL,NULL,NULL
22.7145,37.9834,"Gymnasium at Sicyon","Sikyonia Bk2","Sicyon (Sikyonia)",['gymnasion'],['2.10.7'],"Sicyon (Sikyonia)",NULL,NULL,NULL,NULL,NULL,NULL,NULL
22.6973,37.55,"Sanctuary of Athena Saitis atop Pontinos","Argolid Bk2","Pontinos hill (Argolid)",['hieron'],['2.36.8'],"Pontinos hill (Argolid)",https://pleiades.stoa.org/places/275941309,NULL,https://wikidata.org/wiki/Q134040012,NULL,NULL,NULL,NULL
22.609,37.5475,"Polyandria of the Argives from battle of Hysiae","Argolid Bk2","Kenchreai (Argolid)",['polyandrion'],['2.24.7'],"Kenchreai (Argolid)",NULL,NULL,NULL,NULL,NULL,NULL,NULL
22.7214,37.6305,"Tomb of Hypermestra in Argos Agora","Argolid Bk2","Agora of Argos",['mnema'],['2.21.2'],"Agora of Argos",NULL,NULL,NULL,https://resource.manto.unh.edu/10185356,NULL,NULL,NULL
23.42372,37.74991,"Chōma in Aigina","Aigina island Bk2","Aigina polity","['choma ges']",['2.29.10'],"Aigina polity",NULL,NULL,NULL,NULL,NULL,NULL,NULL
22.8793472,37.9049161,"Agora of Corinth","Corinthia Bk2","Corinth (Corinthia)",['agora'],"['2.2.6','2.2.8','2.3.1','2.3.2','2.3.6']",NULL,https://pleiades.stoa.org/places/958275306,NULL,https://wikidata.org/wiki/Q125523468,NULL,NULL,NULL,NULL
22.8802,37.9054,"Teneatic Gate of Corinth","Corinthia Bk2","Corinth (Corinthia)",['pylai'],['2.5.4'],"Corinth (Corinthia)",NULL,NULL,NULL,NULL,NULL,NULL,NULL
22.8802,37.9054,"Sanctuary of Anagke and Bia in Corinth on way to Acrocorinth","Corinthia Bk2","Corinth (Corinthia)",['hieron'],['2.4.6'],"Corinth (Corinthia)",NULL,NULL,https://wikidata.org/wiki/Q134037585,NULL,NULL,NULL,NULL
22.67254,37.45614,Anthene,"Argolid Bk2","Argolid Bk2",['kome'],['2.38.6'],NULL,https://pleiades.stoa.org/places/570085,NULL,https://wikidata.org/wiki/Q16483470,NULL,Athene,NULL,NULL
23.243591,37.385218,"Gateway in Hermione for road to Mases","Hermionis Bk2",Hermione,['pylai'],['2.35.11'],Hermione,NULL,NULL,NULL,NULL,NULL,NULL,NULL
22.55716,37.71428,"Temple to all the gods at Orneae","Argolid Bk2","Orneai (Argolid)",['naos'],['2.25.6'],"Orneai (Argolid)",NULL,NULL,NULL,NULL,NULL,NULL,NULL
26.5,41,"Thrace (Europe)",NULL,Europe,"['major region']","['1.10.2','1.25.2','1.29.13','1.29.4','1.29.5','1.38.2','1.6.4','1.9.5','10.11.5','10.19.5','2.30.2','3.9.12','5.10.8','5.12.6','5.27.12','6.5.4','7.4.3','8.29.1','9.30.9']",NULL,https://pleiades.stoa.org/places/501638,https://topostext.org/place/410265RThr,https://wikidata.org/wiki/Q41741,NULL,Thracia,NULL,NULL
20.25,39.75,Hades,"Hellas (Europe)",Thesprotia,"['mythical place']","['10.28.5','10.28.7','2.31.2','2.37.5','2.5.1','3.24.11','4.33.7','8.18.3','8.48.6','9.30.4','9.31.5','9.33.2','9.5.8']",Thesprotia,NULL,NULL,https://wikidata.org/wiki/Q1521549,NULL,Underworld,NULL,NULL
22.7145,37.9834,"Sanctuary of Tyche Akraia at Sicyon Acropolis","Sikyonia Bk2","Sicyon (Sikyonia)",['hieron'],['2.7.5'],"Sicyon (Sikyonia)",NULL,NULL,https://wikidata.org/wiki/Q134037387,NULL,NULL,NULL,NULL
23.42372,37.74991,"Temple of Dionysus in Aigina","Aigina island Bk2","Aigina polity",['naos'],['2.30.1'],"Aigina polity",NULL,NULL,NULL,NULL,NULL,NULL,NULL
23.3484,37.5033,"Sanctuary of Aphrodite Nymphia, near the stone of Theseus, in the mountains from Troizen to Hermione","Troizenia Bk2","Troizen (Troizenia)",['hieron'],['2.32.7'],"Troizen (Troizenia)",NULL,NULL,https://wikidata.org/wiki/Q134037991,https://resource.manto.unh.edu/10214934,NULL,NULL,NULL
25.268194,37.397274,"Delos island","Aegean Sea (Hellas)","Cyclades region (Aegean)",['nesos'],"['1.18.5','1.19.6','1.29.1','1.31.2','2.27.1','2.33.2','3.23.3','3.23.4','4.33.2','4.36.6','4.4.1','5.19.10','5.7.8','8.33.2']",NULL,https://pleiades.stoa.org/places/599588,NULL,https://wikidata.org/wiki/Q173148,NULL,NULL,https://imperium.ahlfeldt.se/places/41356,NULL
23.3484,37.5033,"Tomb of Pitheus in Troizen","Troizenia Bk2","Troizen (Troizenia)",['mnema'],['2.31.3'],"Agora of Troizen",NULL,NULL,NULL,https://resource.manto.unh.edu/10214793,NULL,NULL,NULL
22.80004,37.59918,"City walls of Tiryns","Argolid Bk2",Tiryns,['teichos'],['2.16.5'],Tiryns,NULL,NULL,NULL,NULL,NULL,NULL,NULL
23.144,37.495,Philanorion,"Hermionis Bk2","Hermionis Bk2",['settlement'],['2.36.3'],NULL,https://pleiades.stoa.org/places/570601,NULL,https://wikidata.org/wiki/Q131911843,NULL,NULL,NULL,NULL
23.079283,37.596125,"Great Theater (Epidauros Asklepieion)","Epidauria Bk2","Asklepieion of Epidauros",['theatron'],"['2.27.5','2.29.11']",NULL,NULL,https://topostext.org/place/376231BGTh,https://wikidata.org/wiki/Q608198,NULL,NULL,NULL,NULL
22.8802,37.9054,"Tomb of Diogenes outside gate of Corinth","Corinthia Bk2","Corinth (Corinthia)",['mnema'],['2.2.4'],"Corinth (Corinthia)",NULL,NULL,NULL,NULL,NULL,NULL,NULL
22.7195,37.6316,"Sanctuary of Amphiaraus in Argos","Argolid Bk2","Koile road from Kylarabis gymnasium, Argos",['hieron'],['2.23.2'],"Koile road from Kylarabis gymnasium, Argos",NULL,NULL,https://wikidata.org/wiki/Q134037461,NULL,NULL,NULL,NULL
22.96886,39.366305,Iolkos,"Hellas (Europe)","Magnesia region (Magnesia)",['settlement'],"['2.3.10','2.3.11','2.3.9','4.2.5','4.3.6','4.36.1','8.11.2']",NULL,https://pleiades.stoa.org/places/540837,NULL,https://wikidata.org/wiki/Q662613,NULL,NULL,NULL,NULL
22.71145,37.98417,"Theater of Dionysos in Sicyon","Sikyonia Bk2","Sicyon (Sikyonia)",['theatron'],['2.7.5'],NULL,https://pleiades.stoa.org/places/542568395,https://topostext.org/place/380227BSTh,https://wikidata.org/wiki/Q38280194,NULL,"theater of Sikyon",NULL,NULL
22.7214,37.6305,"Temple within Apollo Lykios' sanctuary at Argos, built as anathema by Danaus","Argolid Bk2","Sanctuary of Apollo Lykios in Argos",['naos'],['2.19.3'],"Sanctuary of Apollo Lykios in Argos",NULL,NULL,NULL,NULL,NULL,NULL,NULL
26.23873,39.9577,"Altar of Zeus Herkeios in the court of Priam","Asia Minor (Asia)",Ilium,['bomos'],['2.24.3'],Ilium,NULL,NULL,NULL,NULL,NULL,NULL,NULL
23.3484,37.5033,"Spring of Hyllikos river on the mountains from Troizen to Hermione","Troizenia Bk2","Troizen (Troizenia)",['pege'],['2.32.7'],"Troizen (Troizenia)",NULL,NULL,NULL,NULL,NULL,NULL,NULL
23.3484,37.5033,"Temple of Poseidon Phytalmios at Troizen","Troizenia Bk2","Troizen (Troizenia)",['naos'],['2.32.8'],"Troizen (Troizenia)",NULL,NULL,NULL,NULL,NULL,NULL,NULL
22.7348,37.469,Anigraia,"Argolid Bk2","Eleia Bk5 Bk6","['chorion','esbole']","['2.38.4','2.38.5']",NULL,https://pleiades.stoa.org/places/570083,NULL,https://wikidata.org/wiki/Q125936806,NULL,NULL,NULL,NULL
22.635738,38.076814,Aristonautai,"Sikyonia Bk2","Sikyonia Bk2",['epineion'],"['2.12.2','7.26.14']",NULL,https://pleiades.stoa.org/places/570109,NULL,https://wikidata.org/wiki/Q16326973,NULL,NULL,NULL,NULL
22.9925,37.8824,"Temple of Aphrodite in Kenchreai","Corinthia Bk2","Kenchreai (Korinthia)",['naos'],['2.2.3'],"Kenchreai (Korinthia)",NULL,NULL,NULL,NULL,NULL,NULL,NULL
23.49567,37.70073,"Panhellenios (mountain)","Aigina island Bk2","Aigina island Bk2",['oros'],"['2.30.3','2.30.4']",NULL,https://pleiades.stoa.org/places/580055,NULL,https://wikidata.org/wiki/Q2031433,NULL,NULL,NULL,NULL
23.30295,37.32767,"Aperopia (island)","Hermionis Bk2","Aegean Sea (Hellas)",['nesos'],['2.34.9'],NULL,https://pleiades.stoa.org/places/570089,NULL,https://wikidata.org/wiki/Q1140015,NULL,NULL,NULL,NULL
26.5,31.5,"Libyan desert","Libya (Africa)","Libya (Africa)",['chora'],['2.21.6'],"Libya (Africa)",NULL,NULL,https://wikidata.org/wiki/Q181528,NULL,NULL,NULL,NULL
30.16017,38.08044,"Marsyas (river)","Asia Minor (Asia)",Phrygia,['potamos'],"['10.30.9','2.7.9']",NULL,https://pleiades.stoa.org/places/638986,NULL,NULL,NULL,NULL,NULL,NULL
22.7214,37.6305,"Tomb of Linus the poet at Argos","Argolid Bk2","Sanctuary of Apollo Lykios in Argos",['taphos'],['2.19.8'],"Sanctuary of Apollo Lykios in Argos",NULL,NULL,NULL,https://resource.manto.unh.edu/10185271,"Grave of Linos",NULL,NULL
23.074451,37.598626,"Temple of Asclepius in Epidauros Asklepieion","Epidauria Bk2","Asklepieion of Epidauros",['naos'],['2.27.2'],NULL,NULL,https://topostext.org/place/376231SAsT,https://wikidata.org/wiki/Q38279727,NULL,NULL,NULL,NULL
22.7195,37.6316,"Tomb of Sthenelos in the Kylarabis gymnasium, Argos","Argolid Bk2","Gymnasium of Kylarabis in Argos",['mnema'],['2.22.9'],"Gymnasium of Kylarabis in Argos",NULL,NULL,NULL,https://resource.manto.unh.edu/11289096,NULL,NULL,NULL
22.5,37.5,"Hellas (Europe)",Europe,Europe,"['major region']","['1.1.1','1.12.1','1.27.9','1.29.5','1.3.5','1.4.1','1.4.2','1.41.8','1.5.5','10.14.6','10.17.3','10.19.12','10.19.5','10.19.7','10.19.8','10.20.9','10.23.12','10.23.14','10.23.8','10.24.3','10.25.1','10.34.5','10.5.3','10.9.2','2.1.8','2.29.7','2.29.8','2.33.5','2.4.5','3.11.3','3.12.7','3.17.8','3.20.6','3.3.3','3.4.7','3.4.8','3.7.11','3.9.4','3.9.8','4.2.3','4.28.4','4.31.1','5.10.1','5.14.2','5.15.2','5.17.9','5.20.10','5.23.7','5.24.2','5.25.12','5.4.6','5.4.7','5.4.9','5.5.2','5.7.7','6.11.3','6.18.5','7.10.1','7.10.2','7.10.3','7.10.4','7.10.5','7.10.7','7.11.1','7.11.2','7.14.1','7.15.1','7.15.3','7.16.10','7.16.9','7.17.1','7.17.2','7.17.3','7.2.2','7.20.6','7.24.2','7.26.11','7.3.1','7.5.13','7.6.3','7.6.9','7.7.6','7.8.1','7.8.2','7.8.7','7.9.5','8.14.5','8.20.1','8.3.5','8.32.1','8.37.2','8.42.7','8.43.4','8.45.5','8.46.3','8.50.3','8.50.4','8.51.1','8.51.4','8.52.1','8.52.2','8.52.3','8.52.4','8.52.5','8.52.6','9.1.2','9.17.6','9.23.3','9.28.1','9.29.8','9.38.2','9.38.4','9.6.2']",NULL,https://pleiades.stoa.org/places/1001896,NULL,https://wikidata.org/wiki/Q11772,NULL,NULL,NULL,NULL
22.75372,37.81708,"Sanctuary of Athena in Kleonai","Argolid Bk2",Kleonai,['hieron'],['2.15.1'],Kleonai,NULL,NULL,https://wikidata.org/wiki/Q134037518,NULL,NULL,NULL,NULL
21.374,37.89,"Elis polis","Eleia Bk5 Bk6","Eleia Bk5 Bk6",['polis'],"['1.29.13','1.41.6','2.15.1','3.11.7','3.12.8','3.8.4','4.28.4','4.28.5','5.1.10','5.1.11','5.1.4','5.1.9','5.14.1','5.15.11','5.15.12','5.16.1','5.16.5','5.16.6','5.16.8','5.2.5','5.21.10','5.25.7','5.3.1','5.3.3','5.3.5','5.3.6','5.4.1','5.4.3','5.4.4','5.4.8','5.5.1','5.5.2','5.5.3','5.6.5','5.7.1','5.8.2','5.8.3','5.8.6','5.9.2','6.17.6','6.22.5','6.22.8','6.23.1','6.23.6','6.23.8','6.25.2','6.25.6','6.26.6','7.1.1','7.10.2','7.17.5','7.21.14','7.4.7','7.6.1','8.1.2','8.15.5','8.25.10','8.26.3','8.26.4']",NULL,https://pleiades.stoa.org/places/570220,https://topostext.org/place/378214PEli,https://wikidata.org/wiki/Q217667,NULL,NULL,NULL,NULL
22.2564576,38.7922475,"Oeta M.","Hellas (Europe)",Phthiotis,['oros'],"['1.1.3','1.4.2','10.20.1','10.22.1','10.22.8','10.24.1','2.23.5','3.4.8','5.1.2','7.14.1','7.15.4']",NULL,https://pleiades.stoa.org/places/540968,NULL,https://wikidata.org/wiki/Q132378,NULL,NULL,NULL,NULL
22.7145,37.9834,"Stazousa cave spring by the gate of Sicyon","Sikyonia Bk2","road Corinth to Sikyon","['pege','spelaion']",['2.7.4'],"Sicyon (Sikyonia)",NULL,NULL,NULL,NULL,NULL,NULL,NULL
22.7195,37.6316,"Bronze chamber for Danae at Argos, by Akrisios","Argolid Bk2","Argos (Argolid)",['thalamos'],"['10.5.11','2.23.7']","Argos (Argolid)",NULL,NULL,NULL,NULL,NULL,NULL,NULL
22.70838,37.59848,"Erasinos (river)","Argolid Bk2","Argolid Bk2",['potamos'],"['2.24.6','2.36.6','2.36.7','8.22.3']",NULL,https://pleiades.stoa.org/places/570233,NULL,https://wikidata.org/wiki/Q12877267,NULL,NULL,NULL,NULL
22.99435,37.91642,"Theater at Isthmian Poseidon sanctuary","Corinthia Bk2","Isthmian Poseidon sanctuary at Isthmia",['theatron'],['2.1.7'],NULL,NULL,https://topostext.org/place/379230BThI,https://wikidata.org/wiki/Q38283549,NULL,NULL,NULL,NULL
22.649131,37.846299,"Sanctuary of Apollo in Phlious near Omphalos","Phlious Bk2","Phlious Bk2",['hieron'],['2.13.7'],"Phlious Bk2",NULL,NULL,https://wikidata.org/wiki/Q134037321,NULL,NULL,NULL,NULL
23.075,37.597,"Sanctuary of Themis in Epidauros, Asklepieon","Epidauria Bk2","Asklepieion of Epidauros",['hieron'],['2.27.5'],"Asklepieion of Epidauros",NULL,NULL,https://wikidata.org/wiki/Q134037658,NULL,NULL,NULL,NULL
22.6,38.2,"Corinthian Gulf (Korinthia)","Corinthia Bk2","Corinthia Bk2",['kolpos'],"['10.37.3','10.38.12','10.38.9','2.1.5','2.12.2','2.5.2','7.1.1','7.23.5','7.25.11']",NULL,https://pleiades.stoa.org/places/570181,https://topostext.org/place/382226WCor,https://wikidata.org/wiki/Q209682,NULL,"Korinthiakos kolpos",NULL,NULL
22.7028,37.6328,"Cypress trees on Mt. Lykone","Argolid Bk2","Lykone (mountain)","['alsos kyparisson']",['2.24.5'],"Lykone (mountain)",NULL,NULL,NULL,NULL,NULL,NULL,NULL
22.7145,37.9834,"Sanctuary of Aphrodite at Sicyon","Sikyonia Bk2","Sicyon (Sikyonia)",['hieron'],['2.10.4'],"Sicyon (Sikyonia)",NULL,NULL,https://wikidata.org/wiki/Q134037404,https://resource.manto.unh.edu/10159017,NULL,NULL,NULL
22.7145,37.9834,"Paidizen enclosure with Herakles sanctuary at Sicyon","Sikyonia Bk2","Sicyon (Sikyonia)",['peribolos'],['2.10.1'],"Sicyon (Sikyonia)",NULL,NULL,NULL,NULL,NULL,NULL,NULL
22.992664,37.9158514,"Altar of the Cyclopes at Isthmia","Corinthia Bk2","Isthmian Poseidon sanctuary at Isthmia",['bomos'],['2.2.1'],"Isthmian Poseidon sanctuary at Isthmia",NULL,NULL,NULL,NULL,NULL,NULL,NULL
22.7145,37.9834,"Tomb of Lykos in Sicyonia, near Corinth border","Sikyonia Bk2","road Corinth to Sikyon","['choma ges','mnema']",['2.7.2'],"Sicyon (Sikyonia)",NULL,NULL,NULL,NULL,"Tomb of Lycus",NULL,NULL
22.7108,37.8085,"Altars inside Opheltes' tomb enclosure in Nemea","Argolid Bk2","Tomb of Opheltes in Nemea",['bomos'],['2.15.3'],"Tomb of Opheltes in Nemea",NULL,NULL,NULL,NULL,NULL,NULL,NULL
21.551425,38.144625,Dyme,"Achaia Bk7","Dymaean chora",['settlement'],"['2.7.4','2.9.2','5.9.1','7.17.5','7.17.6','7.17.7','7.17.8','7.18.1','7.6.1','7.7.3']",NULL,https://pleiades.stoa.org/places/570205,NULL,https://wikidata.org/wiki/Q1231662,NULL,NULL,NULL,NULL
23.42372,37.74991,"Rough stone on tomb of Phokos in Aigina","Aigina island Bk2","Aigina polity",['petra'],['2.29.9'],"Aigina polity",NULL,NULL,NULL,NULL,NULL,NULL,NULL
22.62501,37.92049,"Asclepieion of Titane","Corinthia Bk2",Titane,"['Asclepieion','hieron']",['2.11.5'],Titane,NULL,NULL,https://wikidata.org/wiki/Q134037306,https://resource.manto.unh.edu/10159247,NULL,NULL,NULL
23.0755,37.597007,"Greek Bath (Epidauros Asklepieion)","Epidauria Bk2","Asklepieion of Epidauros",['loutron'],['2.27.6'],NULL,NULL,https://topostext.org/place/376231GBtg,https://wikidata.org/wiki/Q38279743,NULL,NULL,NULL,NULL
22.8802,37.9054,"Sanctuary of Hera Bounaea in Corinth, toward Acrocorinth","Corinthia Bk2","Corinth (Corinthia)",['hieron'],['2.4.7'],"Corinth (Corinthia)",NULL,NULL,https://wikidata.org/wiki/Q134037576,https://resource.manto.unh.edu/10153214,NULL,NULL,NULL
23.3484,37.5033,"Temple of Artemis Lykeia in Troizen","Troizenia Bk2","Troizen (Troizenia)",['naos'],['2.31.2'],"Troizen (Troizenia)",NULL,NULL,NULL,NULL,NULL,NULL,NULL
22.649131,37.846299,"Temple of Demeter and Persephone at the Akropolis of Phliasia","Phlious Bk2","Phlious Bk2",['naos'],['2.13.5'],"Phlious Bk2",NULL,NULL,NULL,NULL,NULL,NULL,NULL
23.3484,37.5033,"Laurel in Troizen, sprouted from cleansing of Orestes","Troizenia Bk2","Troizen (Troizenia)",['dendron'],['2.31.8'],"Troizen (Troizenia)",NULL,NULL,NULL,NULL,NULL,NULL,NULL
22.9705599,37.6413788,"Arachnaion (mountain)","Epidauria Bk2","Epidauria Bk2",['oros'],['2.25.10'],NULL,https://pleiades.stoa.org/places/570098,NULL,https://wikidata.org/wiki/Q17521327,NULL,NULL,NULL,NULL
23.20032,37.29085,"Kolyergia Pr.","Hermionis Bk2","Hermionis Bk2",['akra'],['2.34.8'],NULL,https://pleiades.stoa.org/places/570369,NULL,https://wikidata.org/wiki/Q25117391,NULL,NULL,NULL,NULL
15.29382,37.05963,Syracusae/Syrakousai,"Sicilia (island)","Sicilia (island)",['settlement'],"['1.2.3','1.23.3','10.28.6','2.22.9','5.7.2','5.7.3','5.8.8','6.12.2','6.12.4','6.15.6','6.2.6','6.9.5','7.16.5','8.42.8','8.54.3']",NULL,https://pleiades.stoa.org/places/462503,NULL,https://wikidata.org/wiki/Q4420718,NULL,NULL,NULL,NULL
42.5,42.5,Colchis/Lazike,"Pontus Euxinus","Pontus Euxinus",['chora'],"['1.1.4','1.18.1','2.3.10','8.4.10']",NULL,https://pleiades.stoa.org/places/863770,NULL,https://wikidata.org/wiki/Q183150,NULL,NULL,NULL,NULL
23.142191,37.417868,Mases,"Hermionis Bk2","Hermionis Bk2",['settlement'],"['2.35.11','2.36.1','2.36.2','2.36.3']",NULL,https://pleiades.stoa.org/places/570463,NULL,https://wikidata.org/wiki/Q3561276,NULL,NULL,NULL,NULL
27.37404,36.686188,"Isthmus in Cnidos","Asia Minor (Asia)","Cherronesos of Knidos",['isthmos'],['2.1.5'],NULL,NULL,NULL,NULL,NULL,NULL,NULL,NULL
22.7195,37.6316,"Tomb of Sakadas in Argos","Argolid Bk2","Argos (Argolid)",['mnema'],['2.22.8'],"Argos (Argolid)",NULL,NULL,NULL,NULL,NULL,NULL,NULL
23.235,37.3884,"Chasm in Klymenes' chorion, Hermione, an entry to Hades","Hermionis Bk2","Pron M.",['barathron'],['2.35.10'],"Pron M.",NULL,NULL,NULL,NULL,NULL,NULL,NULL
22.656854,37.377923,Eua,"Argolid Bk2",Kynouriake,['kome'],['2.38.6'],NULL,https://pleiades.stoa.org/places/570241,NULL,https://wikidata.org/wiki/Q5405223,NULL,NULL,NULL,NULL
25.1836,35.2052,Crete,NULL,"Hellas (Europe)",['nesos'],"['1.17.3','1.17.6','1.21.4','1.22.5','1.26.4','1.27.10','1.27.9','1.42.2','10.2.7','10.7.2','2.30.3','2.31.1','2.32.2','2.33.4','2.6.7','2.7.7','3.18.4','3.18.5','3.2.7','5.8.1','6.21.6','7.2.5','7.3.7','7.4.5','7.4.6','7.4.8','8.48.3','8.49.7','8.50.6','8.53.4','9.11.4','9.40.3']",NULL,https://pleiades.stoa.org/places/589748,https://topostext.org/place/352252IKre,https://wikidata.org/wiki/Q4752820,NULL,NULL,NULL,NULL
35.92232,35.37806,Gabala,"Asia (continent)","Syria (Asia)",['settlement'],['2.1.8'],NULL,https://pleiades.stoa.org/places/668250,NULL,https://wikidata.org/wiki/Q127430262,NULL,NULL,NULL,NULL
30.986379999999997,36.990721,Pamphylia,"Asia (continent)","Asia Minor (Asia)",['chora'],"['2.28.6','7.3.7','8.28.3']",NULL,https://pleiades.stoa.org/places/639034,NULL,https://wikidata.org/wiki/Q585250,NULL,NULL,NULL,NULL
22.7145,37.9834,"Mass tomb of Sicyonians on the road to Sicyon","Sikyonia Bk2","road Corinth to Sikyon",['polyandrion'],['2.7.4'],"Sicyon (Sikyonia)",NULL,NULL,NULL,NULL,NULL,NULL,NULL
23.1782393,37.2149748,"Aristera Ins.","Hermionis Bk2","Aegean Sea (Hellas)",['nesos'],['2.34.8'],NULL,https://pleiades.stoa.org/places/570108,NULL,https://wikidata.org/wiki/Q587421,NULL,NULL,NULL,NULL
22.62501,37.92049,"Altar at the Asclepieion in Titane","Corinthia Bk2","Asclepieion of Titane",['bomos'],['2.11.7'],"Asclepieion of Titane",NULL,NULL,NULL,NULL,NULL,NULL,NULL
22.87904,37.90597,"Temple of Apollo leaving Corinth Agora","Corinthia Bk2","Agora of Corinth",['naos'],['2.3.6'],NULL,NULL,https://topostext.org/place/379229SApT,https://wikidata.org/wiki/Q3561843,NULL,NULL,NULL,NULL
23.87,38.53,"Euboea (island)","Hellas (Europe)","Hellas (Europe)",['nesos'],"['1.17.6','1.27.5','1.28.2','1.29.11','1.31.5','1.32.3','1.36.4','1.5.3','10.6.6','10.9.10','2.23.1','4.36.6','5.13.4','5.22.4','5.23.2','5.23.4','7.14.7','7.2.4','7.26.4','7.4.9','7.6.3','7.7.6','7.7.9','8.1.5','8.14.12','8.15.7','9.19.6','9.22.2','9.24.5','9.3.1']",NULL,https://pleiades.stoa.org/places/540775,NULL,https://wikidata.org/wiki/Q173096,NULL,NULL,NULL,NULL
22.50108,38.48264,"Delphic Oracle, Pytho (Delphi)","Phokis Bk10","Sanctuary of Pythian Apollo at Delphi",['manteion'],"['1.19.3','1.2.5','1.3.4','1.32.5','1.32.6','1.44.9','1.9.3','10.10.6','10.11.5','10.12.1','10.13.8','10.5.5','10.5.6','10.5.7','10.5.8','10.6.6','10.7.3','2.26.7','2.29.7','2.33.2','6.11.7','6.9.7','9.14.2','9.8.2']",NULL,NULL,NULL,https://wikidata.org/wiki/Q682558,NULL,NULL,NULL,NULL
23.243591,37.385218,"Temple of Sarapis at Hermione","Hermionis Bk2",Hermione,['naos'],['2.34.10'],Hermione,NULL,NULL,NULL,NULL,"Serapeum of Hermione",NULL,NULL
22.992664,37.9158514,"Isthmian Poseidon sanctuary at Isthmia","Corinthia Bk2","Isthmus of Corinth",['hieron'],"['2.1.7','6.12.7','6.12.8','6.14.2','6.15.1','6.15.3','6.15.6','6.17.2','6.20.19','6.3.9','6.4.11','6.4.6']",NULL,https://pleiades.stoa.org/places/570316,NULL,https://wikidata.org/wiki/Q16600469,NULL,NULL,NULL,NULL
22.973,37.928,"Pine trees of Sinis, at the beginning of Isthmus","Corinthia Bk2","Isthmus of Corinth",['peuke'],['2.1.4'],"Isthmus of Corinth",NULL,NULL,NULL,https://resource.manto.unh.edu/11288870,NULL,NULL,NULL
22.834379,37.798572,"Corinthia Bk2","Corinthia Bk2",Peloponnesos,['chora'],"['2.1.1','2.1.3','2.1.6','2.5.5']",NULL,https://pleiades.stoa.org/places/570180,NULL,https://wikidata.org/wiki/Q12899460,NULL,NULL,NULL,NULL
31.033254529999997,39.64014749,"Asia Minor (Asia)","Asia (continent)","Asia (continent)","['major region']","['1.10.2','1.10.5','1.11.2','1.12.4','1.13.1','1.16.2','1.20.4','1.29.11','1.37.5','1.4.5','1.4.6','1.6.2','1.7.3','1.8.1','1.9.7','10.15.2','10.23.14','2.33.3','4.17.5','4.5.3','5.1.6','7.4.3','8.6.2']",NULL,https://pleiades.stoa.org/places/837,NULL,https://wikidata.org/wiki/Q51614,NULL,NULL,NULL,NULL
22.656854,37.377923,"Sanctuary of Polemokrates in Eua","Argolid Bk2",Eua,['hieron'],['2.38.6'],Eua,NULL,NULL,https://wikidata.org/wiki/Q134037340,NULL,NULL,NULL,NULL
23.3484,37.5033,"Altar of the Themises at Troizen","Troizenia Bk2","Troizen (Troizenia)",['bomos'],['2.31.5'],"Troizen (Troizenia)",NULL,NULL,NULL,NULL,NULL,NULL,NULL
22.756111,37.730833,"Enclosure of Mycenae","Argolid Bk2",Mycenae,['peribolos'],['2.16.5'],Mycenae,NULL,NULL,NULL,NULL,NULL,NULL,NULL
23.1602,37.6335,"Sanctuary of Hera at the harbour in Epidaurus","Epidauria Bk2",Epidauros,['hieron'],['2.29.1'],Epidauros,NULL,NULL,https://wikidata.org/wiki/Q134037699,NULL,NULL,NULL,NULL
22.878721,37.906045,"Precinct of Sarapis in Canobus on ascent to Acrocorinth","Corinthia Bk2",Acrocorinth,['temenos'],['2.4.6'],Acrocorinth,NULL,NULL,NULL,NULL,NULL,NULL,NULL
22.7028,37.6328,"Summit of Mt. Lykone near Argos","Argolid Bk2","Lykone (mountain)",['koryphe'],['2.24.5'],"Lykone (mountain)",NULL,NULL,NULL,NULL,NULL,NULL,NULL
23.1542,37.5,"Sanctuary of Demeter in Didymoi of Hermione","Argolid Bk2","Didymoi (Argolid)",['hieron'],['2.36.3'],"Didymoi (Argolid)",NULL,NULL,https://wikidata.org/wiki/Q134037676,NULL,NULL,NULL,NULL
23.3484,37.5033,"Stadium of Hippolytus in Troizen","Troizenia Bk2","Troizen (Troizenia)",['stadion'],['2.32.3'],"Troizen (Troizenia)",NULL,NULL,NULL,NULL,NULL,NULL,NULL
22.548448,36.884856,Krokeai,"Lakonia Bk3","Lakonia Bk3",['settlement'],"['2.3.5','3.21.4','3.21.5']",NULL,https://pleiades.stoa.org/places/570385,NULL,https://wikidata.org/wiki/Q48781592,NULL,NULL,NULL,NULL
22.649131,37.846299,"Tomb of Aristias in the Agora of Phlious","Phlious Bk2","Phlious Bk2",['mnema'],['2.13.6'],"Agora of Phlious",NULL,NULL,NULL,NULL,NULL,NULL,NULL
23.243591,37.385218,"Sanctuary of Poseidon on promontory of Hermione","Hermionis Bk2","Promontory of Hermione",['hieron'],['2.34.9'],"Promontory of Hermione",NULL,NULL,https://wikidata.org/wiki/Q134037743,NULL,NULL,NULL,NULL
22.5,37.001,"Lakonia Bk3",NULL,Peloponnesos,['chora'],"['1.11.2','1.13.4','1.13.5','1.13.6','1.13.7','1.18.4','1.28.4','1.38.4','10.13.10','10.2.2','10.38.10','10.9.5','10.9.9','2.18.8','2.22.6','2.3.5','2.9.2','3.1.1','3.1.3','3.1.5','3.11.1','3.12.9','3.14.9','3.16.9','3.18.3','3.20.10','3.20.11','3.20.3','3.21.3','3.21.6','3.22.6','3.23.11','3.23.6','3.24.1','3.24.6','3.3.3','3.4.1','3.7.10','3.7.11','3.7.7','3.8.1','3.9.10','4.1.1','4.10.7','4.16.8','4.17.1','4.18.1','4.18.2','4.20.5','4.23.5','4.27.1','4.28.2','4.28.5','4.30.2','4.4.6','4.4.7','4.5.9','4.7.2','5.17.1','5.9.1','7.1.5','7.1.6','7.1.7','7.10.3','7.11.8','7.12.7','7.13.3','7.13.7','7.18.5','7.20.8','7.25.3','7.6.2','7.6.3','7.8.4','7.9.1','8.11.5','8.12.6','8.12.8','8.35.3','8.5.13','8.5.7','8.50.2','8.50.5','8.51.1','8.53.11','9.13.5','9.14.1','9.14.6']",NULL,https://pleiades.stoa.org/places/570406,https://topostext.org/place/370225RLak,https://wikidata.org/wiki/Q11931074,NULL,"Laconia Lacedaemonia",NULL,NULL
22.714,37.984,"Temple of Apollo in agora of Sicyon","Sikyonia Bk2","Agora of Sicyon",['naos'],['2.7.8'],"Agora of Sicyon",NULL,NULL,NULL,NULL,NULL,NULL,NULL
22.732834,37.513986,Genesion/Apobathmoi,"Argolid Bk2","Argolid Bk2",['chorion'],"['2.38.4','8.7.2']",NULL,https://pleiades.stoa.org/places/570257,NULL,https://wikidata.org/wiki/Q16571062,NULL,NULL,NULL,NULL
22.55716,37.71428,"Orneai (Argolid)","Argolid Bk2","Argolid Bk2",['polis'],"['10.18.5','2.25.5','2.25.6','8.27.1']",NULL,https://pleiades.stoa.org/places/570537,https://topostext.org/place/377225POrn,https://wikidata.org/wiki/Q7103538,NULL,NULL,NULL,NULL
23.42372,37.74991,"Enclosure of Hekate's temple in Aigina","Aigina island Bk2","Aigina polity",['peribolos'],['2.30.2'],"Aigina polity",NULL,NULL,NULL,NULL,NULL,NULL,NULL
22.7108,37.8085,"Enclosure of the temple of Nemeios Zeus in Nemea","Argolid Bk2","Sanctuary of Nemean Zeus, Nemea",['peribolos'],['2.15.3'],"Sanctuary of Nemean Zeus, Nemea",NULL,NULL,NULL,NULL,NULL,NULL,NULL
22.756111,37.730833,Mycenae,"Argolid Bk2","Argolid Bk2",['settlement'],"['10.20.1','2.15.4','2.16.3','2.16.4','2.16.5','2.16.6','2.17.1','2.18.1','2.4.2','5.23.3','7.25.5','8.27.1','8.33.2','8.5.4','9.34.6']",NULL,https://pleiades.stoa.org/places/570491,NULL,https://wikidata.org/wiki/Q132564,NULL,NULL,NULL,NULL
23.243591,37.385218,Hermione,"Hermionis Bk2","Hermionis Bk2",['polis'],"['2.32.7','2.34.11','2.34.12','2.34.4','2.34.5','2.34.6','2.34.8','2.35.4','2.35.9','3.14.5','4.34.9','5.23.2','8.1.1']",NULL,https://pleiades.stoa.org/places/570292,NULL,https://wikidata.org/wiki/Q58401924,NULL,Hermion,NULL,NULL
22.87585,37.88935,"Upper Peirene Fountain (Korinthia)","Corinthia Bk2","Corinth (Corinthia)",['pege'],['2.5.1'],NULL,NULL,https://topostext.org/place/379229WPei,NULL,https://resource.manto.unh.edu/10157781,NULL,NULL,NULL
22.7195,37.6316,"Tomb of the Maenad Choreia in Argos","Argolid Bk2","Argos (Argolid)",['mnema'],"['2.20.4','2.22.1']","Argos (Argolid)",NULL,NULL,NULL,https://resource.manto.unh.edu/10186959,NULL,NULL,NULL
22.7214,37.6305,"Sanctuary of Demeter Pelasgis at Argos in agora","Argolid Bk2","Agora of Argos",['hieron'],['2.22.1'],"Agora of Argos",NULL,NULL,https://wikidata.org/wiki/Q134037485,https://resource.manto.unh.edu/10186963,NULL,NULL,NULL
23.2534,37.3834,"Sanctuary of Demeter Thermasia on border of Hermione seawards","Hermionis Bk2","Hermionis Bk2",['hieron'],['2.34.6'],NULL,NULL,NULL,https://wikidata.org/wiki/Q134037756,NULL,NULL,NULL,NULL
22.756111,37.730833,"Tomb of Electra in Mycenae","Argolid Bk2",Mycenae,['mnema'],['2.16.7'],Mycenae,NULL,NULL,NULL,https://resource.manto.unh.edu/10159507,NULL,NULL,NULL
22.7214,37.6305,"Tomb of Gorgophone in Argos agora","Argolid Bk2","Agora of Argos",['mnema'],['2.21.7'],"Agora of Argos",NULL,NULL,NULL,https://resource.manto.unh.edu/10185383,NULL,NULL,NULL
23.243591,37.385218,"Temple of Isis in Hermione","Hermionis Bk2",Hermione,['naos'],['2.34.10'],Hermione,NULL,NULL,NULL,NULL,NULL,NULL,NULL
22.747,37.624,"Pyramid-shaped structure on Argos-Epidauros road, on the right","Argolid Bk2","road Argos to Epidaurus","['oikema','polyandrion']",['2.25.7'],NULL,NULL,NULL,NULL,NULL,"with Argive shields",NULL,NULL
22.7214,37.6305,"Temple of Hera Antheia at Argos agora","Argolid Bk2","Agora of Argos",['naos'],['2.22.1'],"Agora of Argos",NULL,NULL,NULL,NULL,NULL,NULL,NULL
22.7195,37.6316,"Tomb of Deianeira in Argos","Argolid Bk2","Argos (Argolid)",['mnema'],['2.23.5'],"Argos (Argolid)",NULL,NULL,NULL,https://resource.manto.unh.edu/10187127,NULL,NULL,NULL
23.581173,38.30019833,"Asopos (river)","Boiotia Bk9","Boiotia Bk9",['potamos'],"['2.5.2','2.6.1','2.6.4','5.14.3','9.1.1','9.1.2','9.3.7','9.4.4','9.8.1']",NULL,https://pleiades.stoa.org/places/540672,NULL,https://wikidata.org/wiki/Q2737429,NULL,NULL,NULL,NULL
27.453939999999996,38.5668,"Tomb of Tantalus son of Zeus on Mt. Sipylos","Asia Minor (Asia)",Sipylos,['mnema'],"['2.22.3','5.13.7']",Sipylos,NULL,NULL,NULL,https://resource.manto.unh.edu/10186979,NULL,NULL,NULL
22.9925,37.8824,"Sanctuary of Isis at Kenchreai harbor","Corinthia Bk2","Kenchreai (Korinthia)",['hieron'],['2.2.3'],"Kenchreai (Korinthia)",NULL,NULL,https://wikidata.org/wiki/Q134037640,NULL,NULL,NULL,NULL
22.7195,37.6316,"Tomb of the maenad Choreia at Argos","Argolid Bk2","Argos (Argolid)",['mnema'],['2.20.4'],"Argos (Argolid)",NULL,NULL,NULL,https://resource.manto.unh.edu/10185322,NULL,NULL,NULL
22.8947,37.9046,"Tomb of Lais at Craneion grove, Corinth","Corinthia Bk2",Kraneion,['mnema'],['2.2.4'],Kraneion,NULL,NULL,NULL,NULL,NULL,NULL,NULL
21.518,37.901,"Pylos (Eleia)","Eleia Bk5 Bk6","Eleia Bk5 Bk6",['settlement'],"['2.18.7','4.1.3','4.36.1','5.3.1','6.22.5','6.22.6','6.25.2','6.25.3']",NULL,https://pleiades.stoa.org/places/570639,https://topostext.org/place/373216PPyl,https://wikidata.org/wiki/Q7263101,NULL,NULL,NULL,NULL
24.506303000000003,37.154596,"Seriphos (settlement)","Aegean Sea (Hellas)","Cyclades region (Aegean)",['nesos'],['2.18.1'],NULL,https://pleiades.stoa.org/places/590043,NULL,https://wikidata.org/wiki/Q217214,NULL,NULL,NULL,NULL
22.992664,37.9158514,"Pine trees at Poseidon sanctuary (Isthmia)","Corinthia Bk2","Isthmian Poseidon sanctuary at Isthmia",['peuke'],['2.1.7'],"Isthmian Poseidon sanctuary at Isthmia",NULL,NULL,NULL,NULL,NULL,NULL,NULL
22.678,37.96,"Temple of the Eumenides on Sicyon-Titane road","Sikyonia Bk2","Oak grove of the Eumenides on Sicyon - Titane road.",['naos'],['2.11.4'],"Oak grove of the Eumenides on Sicyon - Titane road.",NULL,NULL,NULL,NULL,NULL,NULL,NULL
22.7145,37.9834,"Sanctuary of Dionysos at Sicyon","Sikyonia Bk2","Sicyon (Sikyonia)",['hieron'],['2.7.5'],"Sicyon (Sikyonia)",NULL,NULL,https://wikidata.org/wiki/Q134037382,https://resource.manto.unh.edu/10158747,NULL,NULL,NULL
22.6879,37.5961,"trees below Mt. Chaon","Argolid Bk2","springs of Erasinos below Mt. Chaon, Argolid","['hemera dendra']",['2.24.6'],"springs of Erasinos below Mt. Chaon, Argolid",NULL,NULL,NULL,NULL,NULL,NULL,NULL
22.62501,37.92049,"Four pits in Titane where secret rites are performed","Corinthia Bk2",Titane,['bothros'],['2.12.1'],Titane,NULL,NULL,NULL,NULL,NULL,NULL,NULL
23.3484,37.5033,"Troizen (Troizenia)","Troizenia Bk2","Troizenia Bk2",['polis'],"['1.22.2','1.25.4','1.27.7','1.8.2','10.5.6','2.1.4','2.30.9','2.31.4','2.31.9','2.32.6','2.34.1','2.34.12','5.23.2','8.1.1']",NULL,https://pleiades.stoa.org/places/570756,https://topostext.org/place/375234PTro,https://wikidata.org/wiki/Q581494,NULL,Troezen,NULL,NULL
22.7214,37.6305,"Temple of Asklepios at Argos agora","Argolid Bk2","Agora of Argos",['naos'],['2.21.1'],"Agora of Argos",NULL,NULL,NULL,NULL,NULL,NULL,NULL
22.6252,37.9313,"Gonousa fort (Korinthia)","Corinthia Bk2","Corinthia Bk2",['settlement'],"['2.4.4','5.18.7']",NULL,https://pleiades.stoa.org/places/573235,https://topostext.org/place/379226FGon,https://wikidata.org/wiki/Q5582063,NULL,NULL,NULL,NULL
22.737804,37.581685,"Tomb of Tēmenus in Tēmenion","Argolid Bk2",Temenion,['mnema'],['2.38.1'],Temenion,NULL,NULL,NULL,https://resource.manto.unh.edu/10191957,NULL,NULL,NULL
23.3484,37.5033,"Sanctuary of Apollo Thearios at Troizen, very ancient","Troizenia Bk2","Troizen (Troizenia)",['hieron'],['2.31.6'],"Troizen (Troizenia)",NULL,NULL,https://wikidata.org/wiki/Q134038017,https://resource.manto.unh.edu/10214846,NULL,NULL,NULL
22.7195,37.6316,"Sanctuary of Poseidon Prosklystios in Argos","Argolid Bk2","Argos (Argolid)",['hieron'],['2.22.4'],"Argos (Argolid)",NULL,NULL,https://wikidata.org/wiki/Q134037456,NULL,NULL,NULL,NULL
22.7747,37.6919,"Temple of Hera at the Argive Heraion","Argolid Bk2","Argive Heraion (Argolid)",['naos'],['2.17.7'],"Argive Heraion (Argolid)",NULL,NULL,NULL,NULL,NULL,NULL,NULL
40.93640094,34.74942378,"Euphrates (river)","Asia (continent)","Asia (continent)",['potamos'],"['10.29.4','2.5.3','4.34.2']",NULL,https://pleiades.stoa.org/places/912849,NULL,https://wikidata.org/wiki/Q34589,NULL,NULL,NULL,NULL
23.34285,37.997,"Megara (Megarid)","Megarid Bk1","Megarid Bk1",['polis'],"['1.35.2','1.36.3','1.39.1','1.39.4','1.39.5','1.39.6','1.40.1','1.41.2','1.41.5','1.41.6','1.41.7','1.43.3','1.43.5','1.44.2','1.44.4','1.44.6','1.5.3','1.5.4','10.11.6','2.34.7','4.36.1','5.23.5','5.26.7','6.7.2','7.15.10','9.2.3']",NULL,https://pleiades.stoa.org/places/570468,https://topostext.org/place/380233PMeg,https://wikidata.org/wiki/Q42307600,NULL,NULL,NULL,NULL
23.235,37.3884,"Pron M.","Hermionis Bk2",Hermione,['oros'],"['2.34.11','2.35.4','2.36.1','2.36.2']",NULL,https://pleiades.stoa.org/places/573481,NULL,https://wikidata.org/wiki/Q115795907,NULL,NULL,NULL,NULL
23.243591,37.385218,"Wall of Hermione","Hermionis Bk2",Hermione,['teichos'],['2.34.11'],Hermione,NULL,NULL,NULL,NULL,NULL,NULL,NULL
23.243591,37.385218,"Temple of Dionysus Melaenaegis in Hermione, near the temple of Demeter Thermasia","Hermionis Bk2",Hermione,['naos'],['2.35.1'],Hermione,NULL,NULL,NULL,NULL,NULL,NULL,NULL
23.235,37.3884,"Temple of Demeter Chthonia at Hermione","Hermionis Bk2","Sanctuary of Demeter Chthonia in Hermione",['naos'],"['2.35.10','2.35.6','2.35.8','3.14.5']","Sanctuary of Demeter Chthonia in Hermione",NULL,NULL,https://wikidata.org/wiki/Q115806034,NULL,NULL,NULL,NULL
22.8947,37.9046,Kraneion,"Corinthia Bk2","Corinth (Corinthia)",['alsos'],['2.2.4'],NULL,https://pleiades.stoa.org/places/570380,NULL,https://wikidata.org/wiki/Q124657249,NULL,NULL,NULL,NULL
22.78,37.68,"Prosymna? (Argolid)","Argolid Bk2","Argolid Bk2",['chora'],['2.17.2'],NULL,https://pleiades.stoa.org/places/573485,https://topostext.org/place/377226UPro,https://wikidata.org/wiki/Q20047246,NULL,NULL,NULL,NULL
22.992664,37.9158514,"Peribolos of the Poseidon Sanctuary in Isthmia","Corinthia Bk2","Isthmian Poseidon sanctuary at Isthmia",['peribolos'],['2.2.1'],"Isthmian Poseidon sanctuary at Isthmia",NULL,NULL,NULL,NULL,NULL,NULL,NULL
22.74,38.001,"Sanctuary of Poseidon before Helisson river on Sicyon Aristonautai road","Sikyonia Bk2","Sikyonia Bk2",['hieron'],['2.12.2'],NULL,NULL,NULL,https://wikidata.org/wiki/Q134037509,NULL,NULL,NULL,NULL
22.678,37.96,"Altar of the Fates in grove near Sicyon - Titane road","Sikyonia Bk2","Oak grove of the Eumenides on Sicyon - Titane road.",['bomos'],['2.11.4'],"Oak grove of the Eumenides on Sicyon - Titane road.",NULL,NULL,NULL,NULL,NULL,NULL,NULL
61.50000000000001,34.5,Ar(e)ia,"Asia (continent)","Asia (continent)",['chora'],['2.3.8'],NULL,https://pleiades.stoa.org/places/961881,NULL,https://wikidata.org/wiki/Q654243,NULL,NULL,NULL,NULL
22.7195,37.6316,"Sanctuary of Nemean Zeus at Argos","Argolid Bk2","Argos (Argolid)",['hieron'],['2.20.3'],"Argos (Argolid)",NULL,NULL,https://wikidata.org/wiki/Q134037465,NULL,NULL,NULL,NULL
22.737728,39.384163,Pherai,"Hellas (Europe)","Magnesia region (Magnesia)",['settlement'],"['1.13.2','2.10.7','2.23.5']",NULL,https://pleiades.stoa.org/places/541044,NULL,https://wikidata.org/wiki/Q1330631,NULL,NULL,NULL,NULL
26.23873,39.9577,Ilium,"Asia Minor (Asia)",Troas,['settlement'],"['1.1.2','1.11.1','1.12.1','1.12.5','1.15.2','1.23.4','1.28.9','1.35.1','1.35.4','1.37.3','1.4.6','1.43.1','10.1.3','10.12.2','10.17.6','10.25.8','10.27.4','10.30.8','10.31.7','10.33.2','10.36.10','10.38.5','2.16.6','2.17.3','2.18.5','2.20.6','2.22.2','2.23.1','2.23.5','2.24.2','2.24.3','2.25.5','2.30.10','2.32.2','2.4.2','3.12.6','3.22.2','3.24.11','3.26.10','3.4.7','3.9.3','5.13.4','5.13.5','5.17.10','5.18.3','5.22.4','5.3.4','5.4.7','6.25.3','7.19.6','7.19.9','7.24.2','7.3.7','7.6.3','8.1.3','8.10.10','8.10.9','8.12.6','8.12.9','8.15.6','8.15.7','8.23.4','8.24.10','8.28.4','8.33.2','8.44.4','8.45.2','8.46.2','8.5.2','8.5.3','8.53.7','8.6.1','9.18.5','9.37.7','9.39.3','9.4.3','9.41.2','9.5.14','9.5.15']",NULL,https://pleiades.stoa.org/places/550595,NULL,https://wikidata.org/wiki/Q22647,NULL,"Troy, Troia, Ilion",NULL,NULL
22.715,37.638,"Temple of Zeus Larisaios at Argos","Argolid Bk2","Larisa Citadel above Argos",['naos'],['2.24.3'],"Larisa Citadel above Argos",NULL,NULL,NULL,NULL,NULL,NULL,NULL
21.5286,38.5286,"Trichoneion (Aitolia)","Aitolia region","Aitolia region",['polis'],['2.37.3'],NULL,NULL,https://topostext.org/place/385215PTri,https://wikidata.org/wiki/Q59735737,NULL,Trikoneion,NULL,NULL
22.7214,37.6305,"Tomb of Pelasgos in Argos","Argolid Bk2","Agora of Argos",['mnema'],['2.22.1'],"Agora of Argos",NULL,NULL,NULL,https://resource.manto.unh.edu/10186971,NULL,NULL,NULL
22.839,38.9638,"Larisa Kremaste (Phthiotis)","Hellas (Europe)",Phthiotis,['settlement'],['2.24.1'],NULL,NULL,https://topostext.org/place/390228PLar,https://wikidata.org/wiki/Q11931175,NULL,NULL,NULL,NULL
22.7028,37.6328,"Lykone (mountain)","Argolid Bk2","Argolid Bk2",['oros'],['2.24.5'],NULL,https://pleiades.stoa.org/places/570443,NULL,https://wikidata.org/wiki/Q25018056,NULL,NULL,NULL,NULL
27.5,37.5,"Caria region","Asia (continent)","Asia Minor (Asia)",['chora'],"['1.1.3','1.29.7','2.30.9','2.5.3','2.7.1','3.26.10','4.35.11','4.5.3','5.24.7','6.13.3','7.3.1','8.45.5']",NULL,https://pleiades.stoa.org/places/599564,NULL,https://wikidata.org/wiki/Q193214,NULL,Karia,NULL,NULL
22.7195,37.6316,"Tomb of Likymnios on Kylarabis gymnasium road, Argos","Argolid Bk2","Road to Kylarabis Gymnasium, Argos",['mnema'],['2.22.8'],"Road to Kylarabis Gymnasium, Argos",NULL,NULL,NULL,https://resource.manto.unh.edu/10187083,NULL,NULL,NULL
30.7,27.1,"Prison in Aegypt, where Cleomenes was kept","Libya (Africa)","Egypt (region)",['oikema'],['2.9.3'],"Egypt (region)",NULL,NULL,NULL,NULL,NULL,NULL,NULL
22.62501,37.92049,"Enclosure for Asclepius in Titane","Corinthia Bk2","Asclepieion of Titane",['peribolos'],['2.11.6'],"Asclepieion of Titane",NULL,NULL,NULL,NULL,NULL,NULL,NULL
22.71145,37.98417,"Kosmeterion of Sicyon","Sikyonia Bk2","Theater of Dionysos in Sicyon",['oikema'],['2.7.5'],"Theater of Dionysos in Sicyon",NULL,NULL,NULL,NULL,NULL,NULL,NULL
22.99294,37.91574,"Pronaos of Poseidon temple at Isthmia","Corinthia Bk2","temple of Isthmian Poseidon at Isthmia",['pronaos'],['2.1.7'],"temple of Isthmian Poseidon at Isthmia",NULL,NULL,NULL,NULL,NULL,NULL,NULL
22.7145,37.9834,"Sanctuary of Herakles at Sicyon","Sikyonia Bk2","Sicyon (Sikyonia)",['hieron'],['2.10.1'],"Sicyon (Sikyonia)",NULL,NULL,https://wikidata.org/wiki/Q134037375,https://resource.manto.unh.edu/10159001,NULL,NULL,NULL
22.9427,37.5969,Lessa,"Epidauria Bk2","Epidauria Bk2",['kome'],"['2.25.10','2.26.1']",NULL,https://pleiades.stoa.org/places/570426,NULL,https://wikidata.org/wiki/Q12880025,NULL,NULL,NULL,NULL
22.649131,37.846299,"Temple of Asclepius in Phliasia, on the right as one goes down from the Akropolis at Phlious","Phlious Bk2","Phlious Bk2",['naos'],['2.13.5'],"Phlious Bk2",NULL,NULL,NULL,NULL,NULL,NULL,NULL
23.3178,38.3191,"Chasm that swallowed Amphiaraus, outside Thebes","Boiotia Bk9","Thebes (Boeotia)",['barathron'],['2.23.2'],"Thebes (Boeotia)",NULL,NULL,NULL,NULL,NULL,NULL,NULL
22.8802,37.9054,"Gymnasium in Corinth, near the theatre","Corinthia Bk2","Corinth (Corinthia)",['gymnasion'],['2.4.5'],"Corinth (Corinthia)",https://pleiades.stoa.org/places/100913712,https://topostext.org/place/379229BGym,https://wikidata.org/wiki/Q109428923,NULL,NULL,NULL,NULL
22.8745,37.528,"Asine (Argolid)","Argolid Bk2","Argolid Bk2",['polis'],"['2.36.4','2.36.5','4.34.10','4.34.12','4.34.9']",NULL,https://pleiades.stoa.org/places/570124,https://topostext.org/place/375229PAsi,https://wikidata.org/wiki/Q1154474,NULL,NULL,NULL,NULL
22.752,38.0035,"Temple of Hera on left of Titane to Sicyon road","Sikyonia Bk2","Sicyon (Sikyonia)",['naos'],['2.12.2'],NULL,NULL,NULL,NULL,NULL,NULL,NULL,NULL
23.3484,37.5033,"Temple of Apollo Platanistios, on the road from Troizen to Hermione","Troizenia Bk2","Troizen (Troizenia)",['naos'],['2.34.6'],"Troizen (Troizenia)",NULL,NULL,NULL,NULL,NULL,NULL,NULL
23.235,37.3884,"Place of Plouton in Hermione, behind the temple of Demeter Chthonia","Hermionis Bk2","Pron M.",['chorion'],['2.35.10'],"Pron M.",NULL,NULL,NULL,NULL,NULL,NULL,NULL
22.7108,37.8085,"Tomb of Opheltes in Nemea","Argolid Bk2","Sanctuary of Nemean Zeus, Nemea",['mnema'],['2.15.3'],"Sanctuary of Nemean Zeus, Nemea",NULL,NULL,NULL,https://resource.manto.unh.edu/10159399,NULL,NULL,NULL
22.7195,37.6316,"Sanctuary of Demeter Mysia in Argos, a little beyond Thyestes' tomb, on the left","Argolid Bk2","Argos (Argolid)",['hieron'],['2.18.3'],"Argos (Argolid)",NULL,NULL,https://wikidata.org/wiki/Q134037449,NULL,NULL,NULL,NULL
22.3933,37.6181,"Mantineia (Arkadia)","Arcadia Bk8","Arcadia Bk8",['polis'],"['1.29.13','1.3.4','10.13.6','10.20.1','2.25.1','2.8.6','6.11.4','6.4.11','8.10.1','8.10.2','8.11.1','8.11.5','8.11.6','8.12.2','8.12.6','8.12.7','8.27.14','8.3.4','8.49.2','8.5.11','8.5.5','8.50.2','8.6.4','8.7.1','8.8.11','8.8.12','8.8.4','8.8.7','8.8.9','8.9.7','8.9.8','9.14.4','9.15.5']",NULL,https://pleiades.stoa.org/places/570459,https://topostext.org/place/376224UMan,https://wikidata.org/wiki/Q1160195,NULL,Mantinea,NULL,NULL
22.878721,37.906045,"Precinct of Sarapis on ascent of Acrocorinth","Corinthia Bk2",Acrocorinth,['temenos'],['2.4.6'],Acrocorinth,NULL,NULL,NULL,NULL,NULL,NULL,NULL
22.6973,37.55,"Sacred grove at Pontinos mountain","Argolid Bk2","Pontinos hill (Argolid)",['alsos'],['2.36.8'],"Pontinos hill (Argolid)",https://pleiades.stoa.org/places/69536363,NULL,NULL,NULL,NULL,NULL,NULL
23.1602,37.6335,"Temple of Dionysos at Epidaurus [ We follow here the Loeb edition: Artemidos estin allos (and not alsos)]","Epidauria Bk2",Epidauros,['naos'],['2.29.1'],Epidauros,NULL,NULL,NULL,NULL,NULL,NULL,NULL
23.3484,37.5033,"Acropolis of Troizen","Troizenia Bk2","Troizen (Troizenia)",['acropolis'],['2.32.5'],"Troizen (Troizenia)",NULL,NULL,https://wikidata.org/wiki/Q133963415,NULL,NULL,NULL,NULL
23.42372,37.74991,"Stadium of Aigina, supporting the theater","Aigina island Bk2","Aigina polity",['stadion'],['2.29.11'],"Aigina polity",NULL,NULL,NULL,NULL,NULL,NULL,NULL
22.834379,37.798572,Tenea,"Corinthia Bk2","Corinthia Bk2",['polis'],['2.5.4'],NULL,https://pleiades.stoa.org/places/570711,NULL,https://wikidata.org/wiki/Q25535198,NULL,NULL,NULL,NULL
22.7145,37.9834,"Sanctuary of Artemis Pheraia at Sicyon","Sikyonia Bk2","Sicyon (Sikyonia)",['hieron'],['2.10.7'],"Sicyon (Sikyonia)",NULL,NULL,https://wikidata.org/wiki/Q134037361,NULL,NULL,NULL,NULL
22.7145,37.9834,"Stoa in Asclepieion of Sicyon","Sikyonia Bk2","Sicyon (Sikyonia)",['stoa'],['2.10.2'],"Sicyon (Sikyonia)",NULL,NULL,NULL,NULL,NULL,NULL,NULL
22.7145,37.9834,"House of Cleon at Sicyon","Sikyonia Bk2","Sicyon (Sikyonia)",['oikia'],['2.8.1'],"Sicyon (Sikyonia)",NULL,NULL,NULL,NULL,NULL,NULL,NULL
23.1602,37.6335,"Precinct of Asclepius in the city of Epidauros","Epidauria Bk2",Epidauros,['temenos'],['2.29.1'],Epidauros,NULL,NULL,NULL,NULL,NULL,NULL,NULL
22.7195,37.6316,"Kriterion in Argos","Argolid Bk2","Argos (Argolid)",['chorion'],['2.20.7'],"Argos (Argolid)",NULL,https://topostext.org/place/376227BKrN,NULL,NULL,NULL,NULL,NULL
22.6973,37.55,"House of Hippomedon, foundations only, at the top of mountain Pontinos","Argolid Bk2","Pontinos hill (Argolid)",['oikia'],['2.36.8'],"Pontinos hill (Argolid)",NULL,NULL,NULL,NULL,NULL,NULL,NULL
23.4767,37.4844,"Temple of Athena Apatouria on the island Sphairia","Troizenia Bk2","Sphairia? (Poros)",['naos'],['2.33.1'],"Sphairia? (Poros)",https://pleiades.stoa.org/places/603144223,NULL,https://wikidata.org/wiki/Q127271546,NULL,NULL,NULL,NULL
22.7223,37.7867,"Tretos pass (Korinthia)","Argolid Bk2","Argolid Bk2",['esbole'],"['2.15.2','2.15.4']",NULL,https://pleiades.stoa.org/places/573567,https://topostext.org/place/378227LTre,https://wikidata.org/wiki/Q123503112,NULL,NULL,NULL,NULL
13.82184,37.96884,Himera,"Sicilia (island)","Sicilia (island)",['settlement'],"['2.22.7','3.19.13','5.23.4','6.4.11']",NULL,https://pleiades.stoa.org/places/462244,NULL,https://wikidata.org/wiki/Q1111219,NULL,NULL,NULL,NULL
10.327986,36.857569,"Carthage, Carthago","Libya (Africa)","Libya (Africa)",['settlement'],"['2.1.2','5.25.6','8.30.9','8.43.4']",NULL,https://pleiades.stoa.org/places/314921,NULL,https://wikidata.org/wiki/Q6343,NULL,NULL,NULL,NULL
23.3484,37.5033,"House of Hippolytus in Troizen","Troizenia Bk2","Troizen (Troizenia)",['oikia'],['2.32.4'],"Troizen (Troizenia)",NULL,NULL,NULL,NULL,NULL,NULL,NULL
22.5324,37.3091,"Hermai (Lakonia)","Lakonia Bk3","Lakonia Bk3",['horos'],"['2.38.7','3.1.1','3.10.6']",NULL,https://pleiades.stoa.org/places/570291,https://topostext.org/place/373225SHer,https://wikidata.org/wiki/Q123501155,NULL,NULL,NULL,NULL
23.243591,37.385218,"Enclosures, large stones, in Hermione, dedicated to Demeter","Hermionis Bk2",Hermione,['peribolos'],['2.34.10'],Hermione,NULL,NULL,NULL,NULL,NULL,NULL,NULL
22.7145,37.9834,"Phobos, place in Sicyonia","Sikyonia Bk2","Sicyon (Sikyonia)",['chorion'],['2.7.7'],"Sicyon (Sikyonia)",NULL,NULL,NULL,NULL,NULL,NULL,NULL
23.235,37.3884,"Sanctuary of Demeter Chthonia in Hermione","Hermionis Bk2","Pron M.",['hieron'],"['2.35.10','2.35.4','2.35.6','2.35.8','2.35.9','3.14.5']","Pron M.",NULL,https://topostext.org/place/374232SDCh,https://wikidata.org/wiki/Q134040022,https://resource.manto.unh.edu/10214897,NULL,NULL,NULL
23.46048,37.32924,"Hydroussa/Hydrea (island)","Hermionis Bk2","Aegean Sea (Hellas)",['nesos'],['2.34.9'],NULL,https://pleiades.stoa.org/places/570299,NULL,https://wikidata.org/wiki/Q208319,NULL,NULL,NULL,NULL
22.7348,37.469,"Olive trees on n the road passing from Anigraia and going to the sea","Argolid Bk2",Anigraia,['elaia'],['2.38.4'],Anigraia,NULL,NULL,NULL,NULL,NULL,NULL,NULL
22.649131,37.846299,"Tombs of Aras's children on the Arantinos hill","Phlious Bk2","Arantinos Lophos",['mnema'],['2.12.5'],"Arantinos Lophos",NULL,NULL,NULL,https://resource.manto.unh.edu/10158689,NULL,NULL,NULL
35.92232,35.37806,"Sanctuary of Doto in Gabala","Asia (continent)",Gabala,['hieron'],['2.1.8'],Gabala,NULL,NULL,https://wikidata.org/wiki/Q134038499,https://resource.manto.unh.edu/10153097,NULL,NULL,NULL
23.42372,37.74991,"Altar/Tomb of Aiakos in Aigina","Aigina island Bk2","Aiakeion in Aigina",['bomos'],['2.29.8'],"Aiakeion in Aigina",NULL,NULL,NULL,NULL,NULL,NULL,NULL
23.3484,37.5033,"Rock of Theseus, on the mountains from Troizen to Hermione","Troizenia Bk2","Troizen (Troizenia)",['petra'],['2.32.7'],"Troizen (Troizenia)",NULL,NULL,NULL,NULL,NULL,NULL,NULL
22.9,37.67,"Phoronikon asty","Argolid Bk2","Argolid Bk2",['chorion'],['2.15.5'],"Argolid Bk2",https://pleiades.stoa.org/places/573460,NULL,NULL,NULL,NULL,NULL,NULL
23.3484,37.5033,"Sanctuary of Poseidon Phytalmios at Troizen, outside walls","Troizenia Bk2","Troizen (Troizenia)",['hieron'],['2.32.8'],"Troizen (Troizenia)",NULL,NULL,https://wikidata.org/wiki/Q134037925,NULL,NULL,NULL,NULL
22.649131,37.846299,Arantia,"Phlious Bk2","Phlious Bk2","['chora','polis']",['2.12.4'],"Phlious Bk2",https://pleiades.stoa.org/places/573110,NULL,NULL,NULL,Phlius,NULL,NULL
22.8802,37.9054,"Open-air fountain fed by Peirene spring in Corinth","Corinthia Bk2","Corinth (Corinthia)",['pege'],['2.3.3'],"Corinth (Corinthia)",NULL,NULL,NULL,NULL,NULL,NULL,NULL
22.7195,37.6316,"Sactuary of Zeus Soter in Argos","Argolid Bk2","Argos (Argolid)",['hieron'],['2.20.6'],"Argos (Argolid)",NULL,NULL,https://wikidata.org/wiki/Q134037470,NULL,NULL,NULL,NULL
23.3496,37.5868,"Sanctuary of Isis in Methana","Troizenia Bk2","Methana (Troizenia)",['hieron'],['2.34.1'],"Methana (Troizenia)",NULL,NULL,https://wikidata.org/wiki/Q134038051,NULL,NULL,NULL,NULL
22.09,38.252,"Aigion (Achaia)","Achaia Bk7","Achaia Bk7",['polis'],"['2.9.4','3.21.1','7.22.10','7.23.4','7.23.5','7.23.9','7.24.1','7.24.2','7.24.4','7.24.5','7.6.1','7.7.2']",NULL,https://pleiades.stoa.org/places/570049,https://topostext.org/place/383221PAig,https://wikidata.org/wiki/Q60790078,NULL,NULL,NULL,NULL
23.159,37.263,"Pityoussa (Spetses)","Hermionis Bk2","Aegean Sea (Hellas)",['nesos'],['2.34.8'],NULL,NULL,https://topostext.org/place/373233IPit,https://wikidata.org/wiki/Q368275,NULL,NULL,NULL,NULL
12.7092,41.7244,"Precinct of Artemis in Aricia, Italy","Italia (Europe)",Aricia,"['hieron','temenos']",['2.27.4'],NULL,NULL,https://topostext.org/place/417127SDiN,https://wikidata.org/wiki/Q18590113,https://resource.manto.unh.edu/11289217,"Diana Nemorensis sanctuary",NULL,NULL
22.7195,37.6316,"Stadium of Argos, going up to the Acropolis","Argolid Bk2","Ascent from Argos to Larisa citadel",['stadion'],['2.24.2'],"Ascent from Argos to Larisa citadel",NULL,NULL,NULL,NULL,NULL,NULL,NULL
22.41474,39.64147,Larissa,"Hellas (Europe)",Thessalia,['settlement'],"['1.13.2','2.16.2','2.24.1','9.30.9']",NULL,https://pleiades.stoa.org/places/540905,NULL,https://wikidata.org/wiki/Q178405,NULL,NULL,NULL,NULL
22.88807,37.93277,Lechaion,"Corinthia Bk2","Corinthia Bk2",['limen'],"['10.37.3','2.1.5','2.2.3','2.3.2','2.3.4','7.6.7','8.1.2','9.14.6','9.15.4']",NULL,https://pleiades.stoa.org/places/570420,NULL,https://wikidata.org/wiki/Q1811299,NULL,NULL,NULL,NULL
22.63734,37.8353,Araithyrea/Phliasion,"Phlious Bk2","Phlious Bk2",['chora'],"['2.12.5','2.12.6']",NULL,https://pleiades.stoa.org/places/573109,NULL,https://wikidata.org/wiki/Q16488711,NULL,NULL,NULL,NULL
22.9427,37.5969,"Temple of Athena at Lessa","Epidauria Bk2",Lessa,['naos'],['2.25.10'],Lessa,NULL,NULL,NULL,NULL,NULL,NULL,NULL
23.074008,37.598409,"Tholos (Epidauros Asklepieion)","Epidauria Bk2","Asklepieion of Epidauros",['oikema'],"['2.27.3','2.27.5']",NULL,https://pleiades.stoa.org/places/999238742,https://topostext.org/place/376231BTho,https://wikidata.org/wiki/Q38279699,NULL,NULL,NULL,NULL
22.9,37.67,"Phrixos river","Argolid Bk2","Argolid Bk2",['potamos'],"['2.36.6','2.38.1']","Argolid Bk2",https://pleiades.stoa.org/places/573461,NULL,NULL,NULL,NULL,NULL,NULL
22.8802,37.9054,"Bath of Eurycles in Corinth, near the Poseidon statue","Corinthia Bk2","Corinth (Corinthia)",['loutron'],['2.3.5'],"Corinth (Corinthia)",NULL,NULL,NULL,NULL,NULL,NULL,NULL
26.935000000000002,37.695,"Temple of Pythian Apollo at Samos, ancient","Aegean Sea (Hellas)","Samos polis",['naos'],['2.31.6'],"Samos polis",NULL,NULL,NULL,NULL,NULL,NULL,NULL
47.083,30.961,"Marsh of Euphrates river, reemerging as Nile south of Egypt","Libya (Africa)","Euphrates (river)",['helos'],['2.5.3'],NULL,NULL,NULL,NULL,NULL,NULL,NULL,NULL
23.2236,37.3888,"Kokkygion mountain","Hermionis Bk2","Hermionis Bk2",['oros'],"['2.36.1','2.36.2','2.36.3']",NULL,https://pleiades.stoa.org/places/573294,NULL,https://wikidata.org/wiki/Q115808938,NULL,Thornax,NULL,NULL
22.7747,37.6919,"Old temple of Hera, Argive Heraion","Argolid Bk2","Argive Heraion (Argolid)",['naos'],['2.17.7'],"Argive Heraion (Argolid)",NULL,NULL,NULL,NULL,NULL,NULL,NULL
22.7145,37.9834,"Sanctuary of Peitho at Sicyon (with no statue of Peitho)","Sikyonia Bk2","Sicyon (Sikyonia)",['hieron'],['2.7.7'],"Sicyon (Sikyonia)",NULL,NULL,https://wikidata.org/wiki/Q134037391,https://resource.manto.unh.edu/10158822,NULL,NULL,NULL
22.5703,37.6111,"Tomb of Oeneus in Oenoe","Argolid Bk2","Oinoe (Argolid)",['mnema'],['2.25.2'],"Oinoe (Argolid)",NULL,NULL,NULL,NULL,NULL,NULL,NULL
22.878721,37.906045,"Precinct of Isis Pelagia, on Acrocorinth ascent","Corinthia Bk2",Acrocorinth,['temenos'],['2.4.6'],Acrocorinth,NULL,NULL,NULL,NULL,NULL,NULL,NULL
22.7145,37.9834,"Temple of Apollo Karneios at Sicyon","Sikyonia Bk2","Sicyon (Sikyonia)",['naos'],['2.11.2'],"Sicyon (Sikyonia)",NULL,NULL,NULL,NULL,NULL,NULL,NULL
21.9195,37.1779,"Messene (Messenia)","Messenia Bk4","Messenia Bk4",['polis'],"['1.25.4','2.20.5','3.1.5','3.3.2','4.1.3','4.1.4','4.12.5','4.12.6','4.16.1','4.16.8','4.20.1','4.20.4','4.21.10','4.21.2','4.22.7','4.23.5','4.23.6','4.26.3','4.26.7','4.27.4','4.27.5','4.27.7','4.28.1','4.29.1','4.29.10','4.29.11','4.29.12','4.29.2','4.29.4','4.29.8','4.3.8','4.31.11','4.31.4','4.31.5','4.32.2','4.34.1','4.4.3','4.6.3','4.6.5','4.9.6','6.2.11','6.3.13','6.4.3','8.34.1','8.35.1','8.49.4','8.5.10','8.5.7','8.50.5','8.51.6','8.51.8','8.52.4','9.14.5','9.15.6']",NULL,https://pleiades.stoa.org/places/570479,https://topostext.org/place/372219PMes,https://wikidata.org/wiki/Q1022117,NULL,NULL,NULL,NULL
22.819,37.698,"Gorge into which the Asterion river disappears, beyond the Argive Heraion","Argolid Bk2","Asterion river (Argolid)",['charadra'],['2.17.2'],NULL,NULL,NULL,NULL,NULL,NULL,NULL,NULL
27.256115000000005,37.384829,"Didyma Apollo sanctuary","Asia Minor (Asia)","Ionia (region)","['hieron','settlement']","['1.16.3','2.10.5','5.13.11','5.7.5','7.2.6','7.5.4','8.46.3','9.10.2']",NULL,https://pleiades.stoa.org/places/599593,NULL,https://wikidata.org/wiki/Q671358,NULL,Branchidai,NULL,NULL
22.7186,37.55232,"Pontinos river","Argolid Bk2","Argolid Bk2",['potamos'],"['2.36.8','2.37.1']",NULL,https://pleiades.stoa.org/places/573474,NULL,NULL,NULL,NULL,NULL,NULL
23.136994,37.301493,Halieis,"Hermionis Bk2","Hermionis Bk2",['settlement'],['2.36.1'],NULL,https://pleiades.stoa.org/places/570274,NULL,https://wikidata.org/wiki/Q1571046,NULL,NULL,NULL,NULL
22.8802,37.9054,"Temple of the Mother of the Gods in Corinth, toward Acrocorinth","Corinthia Bk2","Corinth (Corinthia)",['naos'],['2.4.7'],"Corinth (Corinthia)",NULL,NULL,NULL,NULL,NULL,NULL,NULL
23.1542,37.5,"Sanctuary of Apollo in Didymoi of Hermione","Argolid Bk2","Didymoi (Argolid)",['hieron'],['2.36.3'],"Didymoi (Argolid)",NULL,NULL,https://wikidata.org/wiki/Q134037671,NULL,NULL,NULL,NULL
22.50151,38.48254,"Sanctuary of Pythian Apollo at Delphi","Phokis Bk10","Delphi (polis)",['hieron'],"['1.11.1','1.20.7','1.22.8','1.26.3','1.3.4','1.37.6','1.4.4','1.41.1','1.43.3','1.43.7','1.43.8','1.9.3','10.1.1','10.1.10','10.1.4','10.10.2','10.11.1','10.11.2','10.12.5','10.13.1','10.13.10','10.13.6','10.13.8','10.14.5','10.15.5','10.15.6','10.16.5','10.16.7','10.16.8','10.17.2','10.18.1','10.18.2','10.18.5','10.18.7','10.19.3','10.19.5','10.2.2','10.2.3','10.22.12','10.23.1','10.23.11','10.23.2','10.23.3','10.24.1','10.24.5','10.3.3','10.3.4','10.32.1','10.33.3','10.34.1','10.34.2','10.35.8','10.36.3','10.36.6','10.5.5','10.5.7','10.6.5','10.6.6','10.7.1','10.7.3','10.8.1','10.8.2','10.8.3','10.8.6','10.9.1','10.9.12','10.9.2','10.9.4','10.9.6','2.22.8','2.24.1','2.26.7','2.29.7','2.33.2','3.1.6','3.10.3','3.10.4','3.11.8','3.13.8','3.17.1','3.17.9','3.19.12','3.3.6','3.4.3','3.4.4','3.8.10','3.8.2','3.8.9','4.12.1','4.12.7','4.12.8','4.15.6','4.16.6','4.17.4','4.20.1','4.24.1','4.32.3','4.32.5','4.34.9','4.5.4','4.9.3','5.13.5','5.18.8','5.21.5','5.21.7','5.27.1','5.27.10','5.27.9','5.3.1','5.4.3','5.4.6','5.7.3','6.1.8','6.11.5','6.11.7','6.12.8','6.13.8','6.14.5','6.15.1','6.15.3','6.15.6','6.16.4','6.17.2','6.19.1','6.2.2','6.3.11','6.3.4','6.3.8','6.4.11','6.4.2','6.4.5','6.4.6','6.7.10','6.8.1','6.8.6','6.9.7','7.17.13','7.17.6','7.19.4','7.19.6','7.19.7','7.2.1','7.24.4','7.3.1','8.10.9','8.11.10','8.15.1','8.23.1','8.24.10','8.24.14','8.24.8','8.27.9','8.36.8','8.37.1','8.39.4','8.48.2','8.5.4','8.53.3','8.7.6','8.9.3','9.12.1','9.14.2','9.25.1','9.26.3','9.33.1','9.33.4','9.36.2','9.37.4','9.37.5','9.38.5','9.40.1','9.41.2','9.5.10','9.7.5']",NULL,https://pleiades.stoa.org/places/540726,https://topostext.org/place/385225SDel,https://wikidata.org/wiki/Q125925203,NULL,Pytho,NULL,NULL
22.562341,36.763663,Gythion,"Lakonia Bk3","Lakonia Bk3","['limen','polis']","['1.27.5','2.21.8','3.21.4','3.21.5','3.21.6','3.21.7','3.22.1','3.22.3','3.24.6','8.50.8']",NULL,https://pleiades.stoa.org/places/570268,NULL,https://wikidata.org/wiki/Q56398303,NULL,"Gytheion Gythium",NULL,NULL
23.3484,37.5033,"Temple of Isis in Troizen","Troizenia Bk2","Troizen (Troizenia)",['naos'],['2.32.6'],"Troizen (Troizenia)",NULL,NULL,NULL,NULL,NULL,NULL,NULL
31.2313,30.091800000000003,"Nilus (river)","Libya (Africa)","Egypt (region)",['potamos'],"['1.33.4','1.33.6','1.42.3','1.6.6','1.7.2','10.32.18','2.5.3','4.34.2','4.34.3','5.14.3','5.21.9','5.7.4','6.26.9','8.24.12','8.9.7','9.40.6']",NULL,https://pleiades.stoa.org/places/727172,NULL,https://wikidata.org/wiki/Q3392,NULL,NULL,NULL,NULL
22.5703,37.6111,"Oinoe (Argolid)","Argolid Bk2","Argolid Bk2",['settlement'],"['10.10.4','2.25.2','2.25.3']",NULL,NULL,https://topostext.org/place/376226UOin,https://wikidata.org/wiki/Q30909902,NULL,Oenoe,NULL,NULL
22.6834197,38.81072,Skarpheia,"Hellas (Europe)",Phthiotis,['settlement'],"['2.29.3','7.15.3','7.15.4','7.15.9']",NULL,https://pleiades.stoa.org/places/541103,NULL,https://wikidata.org/wiki/Q3475188,NULL,NULL,NULL,NULL
22.51475,37.6199,"Artemision (mountain)","Argolid Bk2","Argolid Bk2",['oros'],"['2.25.3','8.6.6','8.7.1']",NULL,https://pleiades.stoa.org/places/570121,NULL,https://wikidata.org/wiki/Q25105451,NULL,NULL,NULL,NULL
22.7195,37.6316,"Polyandrion of the Argives from Sicilian Expedition","Argolid Bk2","Argos (Argolid)",['mnema'],['2.22.9'],"Argos (Argolid)",NULL,NULL,NULL,NULL,NULL,NULL,NULL
22.7145,37.9834,"Temple of Dionysos by theater of Sicyon","Sikyonia Bk2","Sicyon (Sikyonia)",['naos'],['2.7.5'],"Sicyon (Sikyonia)",NULL,NULL,NULL,NULL,NULL,NULL,NULL
24.9195,35.0752,"Labyrinth of Knossos (Crete)",Crete,Crete,['labyrinth'],"['1.27.10','2.31.1']",NULL,NULL,https://topostext.org/place/351249CLab,https://wikidata.org/wiki/Q1091243,NULL,NULL,NULL,NULL
23.496,37.424,"Boukephala? cape (Hermionis)","Hermionis Bk2","Hermionis Bk2",['akra'],['2.34.8'],NULL,https://pleiades.stoa.org/places/570160,https://topostext.org/place/373233LBou,NULL,NULL,NULL,NULL,NULL
22.7214,37.6305,"Tomb of Epimenides in Argos","Argolid Bk2","Agora of Argos",['mnema'],['2.21.3'],"Agora of Argos",NULL,NULL,NULL,NULL,NULL,NULL,NULL
23.3484,37.5033,"Altar of Helios Eleutherios at Troizen, not far from the temple of Artemis Lykeia","Troizenia Bk2","Troizen (Troizenia)",['bomos'],['2.31.5'],"Troizen (Troizenia)",NULL,NULL,NULL,NULL,NULL,NULL,NULL
22.8802,37.9054,"Tomb of Medea's children by Corinth Odeion","Corinthia Bk2","Corinth (Corinthia)",['mnema'],['2.3.6'],"Corinth (Corinthia)",NULL,NULL,NULL,https://resource.manto.unh.edu/10153089,NULL,NULL,NULL
23.3484,37.5033,"Agora of Troizen","Troizenia Bk2","Troizen (Troizenia)",['agora'],['2.31.1'],"Troizen (Troizenia)",NULL,NULL,https://wikidata.org/wiki/Q133963475,NULL,NULL,NULL,NULL
23.0934,37.6127,"Kynortion M.","Epidauria Bk2","Epidauria Bk2",['oros'],['2.27.7'],NULL,https://pleiades.stoa.org/places/573318,NULL,NULL,NULL,NULL,NULL,NULL
22.649131,37.846299,"Phlious Bk2",NULL,Peloponnesos,['polis'],"['10.20.1','10.7.7','2.11.3','2.12.3','2.12.4','2.12.5','2.12.6','2.13.1','2.13.8','2.14.1','2.14.3','2.25.5','2.25.6','2.5.2']",NULL,https://pleiades.stoa.org/places/570602,NULL,https://wikidata.org/wiki/Q1412043,NULL,"Phleious Phlius",NULL,NULL
23.14146,37.92753,Krommyon,"Corinthia Bk2","Corinthia Bk2",['settlement'],['2.1.3'],NULL,https://pleiades.stoa.org/places/570386,NULL,https://wikidata.org/wiki/Q1789784,NULL,NULL,NULL,NULL
22.7188,37.6303,"Sanctuary of Aphrodite at Argos beyond theater","Argolid Bk2","Theater of Argos",['hieron'],['2.20.8'],NULL,NULL,NULL,https://wikidata.org/wiki/Q111427783,NULL,"Aphrodision of Argos",NULL,NULL
22.7195,37.6316,"Koile road from Kylarabis gymnasium, Argos","Argolid Bk2","Argos (Argolid)",['hodos'],"['2.23.1','2.23.3']","Argos (Argolid)",NULL,NULL,NULL,NULL,NULL,NULL,NULL
23.364,37.5606,"Methana peninsula","Troizenia Bk2","Troizenia Bk2",['isthmos'],['2.34.1'],NULL,NULL,NULL,https://wikidata.org/wiki/Q25017110,NULL,NULL,NULL,NULL
22.7195,37.6316,"tomb of Crotopus in Argos","Argolid Bk2","Argos (Argolid)",['mnema'],['2.23.7'],"Argos (Argolid)",NULL,NULL,NULL,https://resource.manto.unh.edu/10187145,NULL,NULL,NULL
22.7028,37.6328,"Sanctuary of Artemis Orthia on Mt. Lykone summit","Argolid Bk2","Lykone (mountain)",['hieron'],['2.24.5'],"Lykone (mountain)",NULL,NULL,https://wikidata.org/wiki/Q134037350,NULL,NULL,NULL,NULL
20.25,39.75,Kestrine/Kammania,"Hellas (Europe)",Thesprotia,['chora'],['2.23.6'],NULL,https://pleiades.stoa.org/places/530942,NULL,https://wikidata.org/wiki/Q21645767,NULL,NULL,NULL,NULL
22.737804,37.581685,"Sanctuary of Poseidon in Temenion","Argolid Bk2",Temenion,['hieron'],['2.38.1'],Temenion,NULL,NULL,https://wikidata.org/wiki/Q134037505,NULL,NULL,NULL,NULL
23.42372,37.74991,"Main harbor of Aigina","Aigina island Bk2","Aigina polity",['limen'],['2.29.6'],"Aigina polity",NULL,NULL,NULL,NULL,NULL,NULL,NULL
22.7145,37.9834,"Gate at Sikyon","Sikyonia Bk2","Sicyon (Sikyonia)",['pylai'],['2.7.4'],"Sicyon (Sikyonia)",NULL,NULL,NULL,NULL,"Sicyon gate",NULL,NULL
22.7747,37.6919,"Hill opposite the Heraion, 50 stades from Mycenae","Argolid Bk2","Argive Heraion (Argolid)",['oros'],['2.17.1'],"Argive Heraion (Argolid)",NULL,NULL,NULL,NULL,NULL,NULL,NULL
23.243591,37.385218,"Altar of Hestia in Hermione","Hermionis Bk2","Sanctuary of Hestia in Hermione",['bomos'],['2.35.1'],"Sanctuary of Hestia in Hermione",NULL,NULL,NULL,NULL,NULL,NULL,NULL
22.756111,37.730833,"Hero-shrine of Perseus on the road from Mycene to Argos","Argolid Bk2",Mycenae,['heroon'],['2.18.1'],Mycenae,NULL,NULL,NULL,https://resource.manto.unh.edu/11289037,NULL,NULL,NULL
22.450621,38.428937,Kirra,"Phokis Bk10","Phokis Bk10","['epineion','settlement']","['10.1.2','10.37.4','10.37.5','10.37.6','10.37.8','10.38.1','10.8.8','2.9.6','7.19.7']",NULL,https://pleiades.stoa.org/places/540868,NULL,https://wikidata.org/wiki/Q56754242,NULL,NULL,NULL,NULL
22.7145,37.9834,"Sanctuary of Apollo Lykios at Sicyon, in ruins","Sikyonia Bk2","Sicyon (Sikyonia)",['hieron'],['2.9.7'],"Sicyon (Sikyonia)",NULL,NULL,https://wikidata.org/wiki/Q134037416,NULL,NULL,NULL,NULL
23.3484,37.5033,"Sanctuary of Artemis Saronia on coast of Troizen","Troizenia Bk2","Troizen (Troizenia)",['hieron'],"['2.30.7','2.32.10']","Troizen (Troizenia)",NULL,NULL,https://wikidata.org/wiki/Q134037893,https://resource.manto.unh.edu/10192739,NULL,NULL,NULL
23.2236,37.3888,"Sanctuary of Zeus on Kokkygion mountain","Hermionis Bk2","Kokkygion mountain",['hieron'],['2.36.2'],"Kokkygion mountain",NULL,NULL,https://wikidata.org/wiki/Q134037716,NULL,NULL,NULL,NULL
22.9925,37.8824,"Sea wall of Kenchreai","Corinthia Bk2","Kenchreai (Korinthia)","['limen','teichos']",['2.2.3'],"Kenchreai (Korinthia)",NULL,NULL,NULL,NULL,NULL,NULL,NULL
22.442503,38.790767,"Tomb of Deianeira near Herakleia under Oita","Hellas (Europe)","Herakleia in Trachinia",['mnema'],['2.23.5'],"Herakleia in Trachinia",NULL,NULL,NULL,https://resource.manto.unh.edu/10187130,NULL,NULL,NULL
28.224399999999996,36.4408,"Rhodes island","Aegean Sea (Hellas)","Aegean Sea (Hellas)",['nesos'],"['1.6.6','1.6.7','2.33.4','2.7.1','3.19.10','3.19.9','4.24.2','4.24.3','4.31.5','4.32.3']",NULL,https://pleiades.stoa.org/places/590031,https://topostext.org/place/364282IRho,https://wikidata.org/wiki/Q43048,NULL,"Rhodos Rodos (island)",NULL,NULL
27.220140000000004,39.36331,Pindasus,"Asia Minor (Asia)",Mysia,['oros'],['2.26.8'],NULL,https://pleiades.stoa.org/places/550830,NULL,https://wikidata.org/wiki/Q4833452,NULL,NULL,NULL,NULL
22.7145,37.9834,"Sacred Gate of Sicyon","Sikyonia Bk2","Sicyon (Sikyonia)",['pylai'],['2.11.1'],"Sicyon (Sikyonia)",NULL,NULL,NULL,NULL,NULL,NULL,NULL
23.1542,37.5,"Sanctuary of Poseidon in Didymoi of Hermione","Argolid Bk2","Didymoi (Argolid)",['hieron'],['2.36.3'],"Didymoi (Argolid)",NULL,NULL,https://wikidata.org/wiki/Q134037680,NULL,NULL,NULL,NULL
23.15039,37.63644,"Temple of Artemis at Epidaurus","Epidauria Bk2",Epidauros,['naos'],['2.29.1'],NULL,NULL,https://topostext.org/place/376232SArT,https://wikidata.org/wiki/Q107433989,NULL,NULL,NULL,NULL
22.756111,37.730833,"Tomb of Eurymedon the charioteer in Mycenae","Argolid Bk2",Mycenae,['mnema'],['2.16.6'],Mycenae,NULL,NULL,NULL,https://resource.manto.unh.edu/10159504,NULL,NULL,NULL
23.1542,37.5,"Didymoi (Argolid)","Argolid Bk2","Hermionis Bk2",['chorion'],['2.36.3'],NULL,https://pleiades.stoa.org/places/570196,https://topostext.org/place/375232SDid,https://wikidata.org/wiki/Q125936606,NULL,NULL,NULL,NULL
23.243591,37.385218,"Sanctuary of Eileithyia at Hermione, by the road to Mases, inside the wall","Hermionis Bk2",Hermione,['hieron'],['2.35.11'],Hermione,NULL,NULL,https://wikidata.org/wiki/Q134037752,NULL,NULL,NULL,NULL
13.180165,38.153624,Hykkara?,"Sicilia (island)","Sicilia (island)",['settlement'],['2.2.5'],NULL,https://pleiades.stoa.org/places/462254,NULL,https://wikidata.org/wiki/Q728102,NULL,NULL,NULL,NULL
23.3484,37.5033,"Hippokrene fountain in Troizen","Troizenia Bk2","Troizen (Troizenia)",['pege'],['2.31.9'],"Troizen (Troizenia)",NULL,NULL,NULL,https://resource.manto.unh.edu/10214873,NULL,NULL,NULL
23.14146,37.92753,"Altar of Melikertes in Krommyon","Corinthia Bk2",Krommyon,['bomos'],['2.1.3'],Krommyon,NULL,NULL,NULL,NULL,NULL,NULL,NULL
19.92178,39.60733,"Corcyra (settlement)","Hellas (Europe)","Ionian Sea (Greece/Italy)",['polis'],"['1.11.6','10.9.3','2.3.9','2.5.2','5.22.4','6.25.1','6.9.9']",NULL,https://pleiades.stoa.org/places/530834,NULL,https://wikidata.org/wiki/Q3693378,NULL,Kerkyra,NULL,NULL
22.62501,37.92049,"Temple at the Asclepieion in Titane","Corinthia Bk2","Asclepieion of Titane",['naos'],['2.11.7'],"Asclepieion of Titane",NULL,NULL,NULL,NULL,NULL,NULL,NULL
22.1273,37.4124,"Megalopolis (Arkadia)","Arcadia Bk8","Arcadia Bk8",['polis'],"['2.7.4','4.29.7','4.33.3','5.7.1','6.12.8','7.12.3','7.16.4','7.16.6','7.6.8','7.7.4','7.9.4','8.12.2','8.26.5','8.26.8','8.27.1','8.27.11','8.27.13','8.27.14','8.27.15','8.27.5','8.27.8','8.28.7','8.30.1','8.30.2','8.30.3','8.30.7','8.33.1','8.34.1','8.35.1','8.35.3','8.35.5','8.38.3','8.44.1','8.44.4','8.49.2','8.49.4','8.49.7','8.50.4','8.51.8','8.52.4','9.14.4','9.7.1']",NULL,https://pleiades.stoa.org/places/570467,https://topostext.org/place/374221PMeg,https://wikidata.org/wiki/Q36024972,NULL,NULL,NULL,NULL
22.732834,37.513986,"Sanctuary of Poseidon Genesios at Genesion, by the sea","Argolid Bk2",Genesion/Apobathmoi,['hieron'],['2.38.4'],Genesion/Apobathmoi,NULL,NULL,https://wikidata.org/wiki/Q134037496,NULL,NULL,NULL,NULL
22.6879,37.5961,"springs of Erasinos below Mt. Chaon, Argolid","Argolid Bk2","Argolid Bk2",['pege'],['2.24.6'],NULL,NULL,NULL,NULL,NULL,NULL,NULL,NULL
23.2236,37.3888,"Temple of Apollo at foot of Mount Kokkyngion","Hermionis Bk2","Kokkygion mountain",['naos'],['2.36.2'],"Kokkygion mountain",NULL,NULL,NULL,NULL,NULL,NULL,NULL
23.3484,37.5033,"Sanctuary of Demeter Thesmophoros at Troizen","Troizenia Bk2","Troizen (Troizenia)",['hieron'],['2.32.8'],"Troizen (Troizenia)",NULL,NULL,https://wikidata.org/wiki/Q134037909,NULL,NULL,NULL,NULL
22.8802,37.9054,"Sacred enclosure [of Apollo] near Peirene fountain in Corinth","Corinthia Bk2","Corinth (Corinthia)",['peribolos'],['2.3.3'],"Corinth (Corinthia)",NULL,NULL,NULL,https://resource.manto.unh.edu/10153062,NULL,NULL,NULL
22.878721,37.906045,Acrocorinth,"Corinthia Bk2","Corinth (Corinthia)","['acropolis','teichos']","['2.1.6','2.4.6','2.5.1','2.5.3','7.7.6','7.8.3']",NULL,https://pleiades.stoa.org/places/570059,NULL,https://wikidata.org/wiki/Q420810,NULL,Akrokorinthos,NULL,NULL
22.973,37.928,"Grave of Melikertes at the Isthmus","Corinthia Bk2","Isthmus of Corinth",['mnema'],['2.1.3'],"Isthmus of Corinth",NULL,NULL,NULL,https://resource.manto.unh.edu/10153060,NULL,NULL,NULL
22.66931,38.58344,Tithorea/Neon,"Phokis Bk10","Phokis Bk10",['settlement'],"['10.1.1','10.2.4','10.3.2','10.32.10','10.32.11','10.32.12','10.32.14','10.32.17','10.32.19','10.32.8','10.32.9','10.33.1','2.29.3','2.4.3','9.17.4']",NULL,https://pleiades.stoa.org/places/541152,NULL,https://wikidata.org/wiki/Q56697763,NULL,NULL,NULL,NULL
23.086,37.599,"Apollo Maleatas sanctuary, Epidauros","Epidauria Bk2","Asklepieion of Epidauros",['hieron'],['2.27.7'],NULL,NULL,https://topostext.org/place/376231SApo,https://wikidata.org/wiki/Q619242,NULL,NULL,NULL,NULL
22.7214,37.6305,"Sanctuary of Athena Salpinx, Argos","Argolid Bk2","Agora of Argos",['hieron'],['2.21.3'],"Agora of Argos",NULL,NULL,https://wikidata.org/wiki/Q134037479,https://resource.manto.unh.edu/10185361,NULL,NULL,NULL
22.7214,37.6305,"Altar of Zeus Phyxios, in the Argos Agora","Argolid Bk2","Agora of Argos",['bomos'],['2.21.2'],"Agora of Argos",NULL,NULL,NULL,NULL,NULL,NULL,NULL
22.737804,37.581685,"Sanctuary of Aphrodite in Temenion","Argolid Bk2",Temenion,['hieron'],['2.38.1'],Temenion,NULL,NULL,https://wikidata.org/wiki/Q134037502,NULL,NULL,NULL,NULL
22.75372,37.81708,"Tomb of Eurytus and Cteatus in Kleonai","Argolid Bk2",Kleonai,['mnema'],['2.15.1'],Kleonai,NULL,NULL,https://wikidata.org/wiki/Q134037512,https://resource.manto.unh.edu/10158909,NULL,NULL,NULL
23.1602,37.6335,"Sanctuary of Aphrodite in Epidaurus","Epidauria Bk2",Epidauros,['hieron'],['2.29.1'],Epidauros,NULL,NULL,https://wikidata.org/wiki/Q134037695,NULL,NULL,NULL,NULL
22.649131,37.846299,"Sanctuary of Hebe on Phlious acropolis hill","Phlious Bk2","Phlious Bk2",['hieron'],['2.12.4'],"Phlious Bk2",NULL,NULL,https://wikidata.org/wiki/Q134037317,NULL,NULL,NULL,NULL
23.3484,37.5033,"Altar of Dionysus Saotes in Troizen","Troizenia Bk2","Troizen (Troizenia)",['bomos'],['2.31.5'],"Troizen (Troizenia)",NULL,NULL,NULL,NULL,NULL,NULL,NULL
22.7182,37.5511,"Lerna (Argolid)","Argolid Bk2","Argolid Bk2",['settlement'],"['2.15.5','2.24.2','2.36.6','2.36.7','2.38.1','2.38.4']",NULL,https://pleiades.stoa.org/places/570424,https://topostext.org/place/375227ULer,https://wikidata.org/wiki/Q1236078,NULL,NULL,NULL,NULL
23.3496,37.5868,"Agora of Methana","Troizenia Bk2","Methana (Troizenia)",['agora'],['2.34.1'],"Methana (Troizenia)",NULL,NULL,https://wikidata.org/wiki/Q133963472,NULL,NULL,NULL,NULL
23.074883,37.598346,"Temple of Artemis at Epidauros Asklepieion","Epidauria Bk2","Asklepieion of Epidauros",['naos'],['2.27.5'],NULL,NULL,https://topostext.org/place/376231SArT,https://wikidata.org/wiki/Q38279721,NULL,NULL,NULL,NULL
22.756111,37.730833,"Agamemnon's tomb in Mycenae","Argolid Bk2",Mycenae,['mnema'],"['2.16.6','2.16.7']",Mycenae,NULL,NULL,NULL,https://resource.manto.unh.edu/10159501,NULL,NULL,NULL
23.3484,37.5033,"Antheia of Troizenia","Troizenia Bk2","Troizen (Troizenia)",['polis'],"['1.22.2','1.25.4','1.27.7','1.8.2','10.5.6','2.1.4','2.30.5','2.30.6','2.30.8','2.30.9','2.31.4','2.31.9','2.32.2','2.32.6','2.32.8','2.33.1','2.34.1','2.34.12','2.34.4','2.34.6','5.23.2','8.1.1']","Troizen (Troizenia)",https://pleiades.stoa.org/places/570756,NULL,https://wikidata.org/wiki/Q60790607,NULL,NULL,NULL,NULL
23.243591,37.385218,"Sanctuary of Hestia in Hermione","Hermionis Bk2",Hermione,['hieron'],['2.35.1'],Hermione,NULL,NULL,https://wikidata.org/wiki/Q134037748,NULL,NULL,NULL,NULL
22.7195,37.6316,"Pit in Argos, in front of the temple of Apollo Lykios.","Argolid Bk2","Argos (Argolid)",['bothros'],['2.19.7'],"Argos (Argolid)",NULL,NULL,NULL,NULL,NULL,NULL,NULL
22.7214,37.6305,"Tomb of Linus son of Apollo at Argos","Argolid Bk2","Sanctuary of Apollo Lykios in Argos",['mnema'],['2.19.8'],"Sanctuary of Apollo Lykios in Argos",NULL,NULL,NULL,NULL,"Tomb of Linos son of Psamathe",NULL,NULL
22.7108,37.8085,"Grove of cypresses at Nemea, around the temple of Nemeios Zeus","Argolid Bk2","Sanctuary of Nemean Zeus, Nemea","['alsos kyparisson']",['2.15.2'],"Sanctuary of Nemean Zeus, Nemea",NULL,NULL,NULL,NULL,NULL,NULL,NULL
23.48041,37.52255,"Kalaureia (island)","Troizenia Bk2","Troizenia Bk2",['nesos'],"['1.8.2','1.8.3','10.5.6','2.33.2','2.33.5']",NULL,https://pleiades.stoa.org/places/570325,NULL,https://wikidata.org/wiki/Q1443132,NULL,NULL,NULL,NULL
22.9,37.67,"Argolid Bk2",NULL,Peloponnesos,['chora'],"['10.10.4','10.15.1','10.18.5','2.1.1','2.15.4','2.15.5','2.16.2','2.18.4','2.18.7','2.20.1','2.24.7','2.25.5','2.26.1','2.28.2','2.29.5','2.35.4','2.36.4','2.38.4','2.38.7','2.7.1','3.2.2','3.23.6','3.4.1','3.5.8','3.5.9','3.7.3','3.7.4','4.11.8','4.29.2','4.34.10','4.34.12','4.35.2','5.10.9','5.23.2','6.20.7','7.25.5','7.26.12','8.1.1','8.1.2','8.22.1','8.22.3','8.27.1','8.3.3','8.33.3','8.4.6','8.54.7','8.6.4','8.6.6','8.7.2']",NULL,https://pleiades.stoa.org/places/570104,https://topostext.org/place/374229RArg,https://wikidata.org/wiki/Q12649101,NULL,"Argolis region",NULL,NULL
22.819,37.698,"Asterion river (Argolid)","Argolid Bk2","Argolid Bk2",['potamos'],"['2.15.5','2.17.1','2.17.2']",NULL,https://pleiades.stoa.org/places/570133,https://topostext.org/place/378228WAst,https://wikidata.org/wiki/Q779106,NULL,NULL,NULL,NULL
23.538311,38.041096,"Telesterion at Eleusis","Attica Bk1","sanctuary of the Eleusinian Mysteries at Eleusis","['hieron','naos']","['1.14.2','1.2.5','1.26.3','1.35.2','1.36.3','1.37.4','1.38.1','1.38.5','1.38.7','1.38.8','1.39.1','1.39.2','1.39.4','2.14.1','2.14.2','2.30.4','4.1.5','4.14.1','4.15.7']",NULL,https://pleiades.stoa.org/places/579920,NULL,https://wikidata.org/wiki/Q11918833,NULL,"Temple of Demeter and Kore at Eleusis",NULL,NULL
23.833999999999996,37.905,Sphettos,"Attica Bk1","Attica Bk1",['demos'],['2.30.9'],NULL,https://pleiades.stoa.org/places/580109,NULL,https://wikidata.org/wiki/Q13446048,NULL,Sphettus,NULL,NULL
22.714,37.984,"Temple of Artemis Limnaia at Sicyon, on right entering Agora","Sikyonia Bk2","Agora of Sicyon",['naos'],['2.7.6'],"Agora of Sicyon",NULL,NULL,NULL,NULL,NULL,NULL,NULL
27.2774885,37.5292362,Miletus,"Asia Minor (Asia)","Ionia (region)",['polis'],"['1.35.6','10.33.2','2.5.3','5.1.5','7.2.11','7.2.4','7.2.5','7.24.5','7.5.10','7.5.4','8.24.11']",NULL,https://pleiades.stoa.org/places/599799,NULL,https://wikidata.org/wiki/Q169460,NULL,NULL,NULL,NULL
22.88059,37.90568,"Peirene fountain (Corinth)","Corinthia Bk2","Corinth (Corinthia)",['pege'],"['2.3.2','2.3.3']",NULL,NULL,https://topostext.org/place/379229WLPF,https://wikidata.org/wiki/Q3389191,https://resource.manto.unh.edu/10153046,NULL,NULL,NULL
23.243591,37.385218,"Temple of Apollo Horios at Hermione","Hermionis Bk2",Hermione,['naos'],['2.35.2'],Hermione,NULL,NULL,NULL,NULL,NULL,NULL,NULL
18.8746442,30.094815099999998,"Tritonis? L.","Libya (Africa)","Libya (Africa)",['limne'],"['2.21.5','2.21.6','8.26.6','9.33.7']",NULL,https://pleiades.stoa.org/places/364025,NULL,NULL,NULL,NULL,NULL,NULL
22.649131,37.846299,"Enclosure of the sanctuary of Demeter at the Akropolis in Phliasia","Phlious Bk2","Phlious Bk2",['peribolos'],['2.13.5'],"Phlious Bk2",NULL,NULL,NULL,NULL,NULL,NULL,NULL
22.7195,37.6316,"Sanctuary of Eileithyia near gate at Argos","Argolid Bk2","Argos (Argolid)",['hieron'],['2.18.3'],"Argos (Argolid)",NULL,NULL,https://wikidata.org/wiki/Q134037436,NULL,NULL,NULL,NULL
22.6973,37.55,"Grove of plane trees at Mt. Pontinos","Argolid Bk2","Pontinos hill (Argolid)","['alsos','platanos']",['2.37.1'],"Pontinos hill (Argolid)",NULL,NULL,NULL,NULL,NULL,NULL,NULL
23.1602,37.6335,"Walls of Epidaurus","Epidauria Bk2",Epidauros,['teichos'],['2.28.3'],Epidauros,NULL,NULL,NULL,NULL,NULL,NULL,NULL
22.7652,37.7009,"Eleutherion water","Argolid Bk2","Argolid Bk2",['hydor'],['2.17.1'],NULL,https://pleiades.stoa.org/places/573199,NULL,NULL,NULL,Kynadra?,NULL,NULL
23.25,38.35,Thebais,"Boiotia Bk9","Boiotia Bk9",['chora'],"['1.25.4','2.6.1','9.12.2','9.23.5','9.25.10','9.5.1','9.7.6']","Boiotia Bk9",NULL,NULL,NULL,NULL,Thebaid,NULL,NULL
22.62501,37.92049,Titane,"Corinthia Bk2","Corinthia Bk2",['settlement'],"['2.11.3','2.11.5','2.12.1','2.12.2','2.12.3','2.23.4','2.27.1','7.23.8']",NULL,https://pleiades.stoa.org/places/570741,NULL,https://wikidata.org/wiki/Q59637009,NULL,NULL,NULL,NULL
22.4677283,37.8502198,"Lake Stymphalia","Arcadia Bk8","Plain of Stymphalus",['limne'],"['2.3.5','8.22.3','8.22.4']",NULL,https://pleiades.stoa.org/places/324369908,NULL,https://wikidata.org/wiki/Q1251026,NULL,NULL,NULL,NULL
22.7182,37.5511,"Stone enclosure near the river Cheimarros, on the road from Argos to Lerna","Argolid Bk2","Lerna (Argolid)",['peribolos'],['2.36.7'],"Lerna (Argolid)",NULL,NULL,NULL,NULL,NULL,NULL,NULL
23.5331,37.7543,"Temple of Aphaia on Aigina","Aigina island Bk2","Aigina island Bk2",['hieron'],['2.30.3'],NULL,https://pleiades.stoa.org/places/579872,https://topostext.org/place/378235SAph,https://wikidata.org/wiki/Q596988,https://resource.manto.unh.edu/11312731,NULL,NULL,NULL
21.715312,32.760901,"Balagrae Asclepieion near Cyrene","Libya (Africa)",Cyrenaica,"['Asclepieion','hieron']",['2.26.9'],NULL,https://pleiades.stoa.org/places/373749,NULL,https://wikidata.org/wiki/Q35784,NULL,NULL,NULL,NULL
22.8802,37.9054,"Seats around the spring Lerna in Corinth","Corinthia Bk2","Corinth (Corinthia)",['thronos'],['2.4.5'],"Corinth (Corinthia)",NULL,NULL,NULL,NULL,NULL,NULL,NULL
22.7195,37.6316,"Temple of Apollo Deiradiotes in Argos","Argolid Bk2","Ascent from Argos to Larisa citadel","['manteion','naos']",['2.24.1'],"Ascent from Argos to Larisa citadel",https://pleiades.stoa.org/places/939076786,https://topostext.org/place/376227SApD,https://wikidata.org/wiki/Q38281150,NULL,NULL,NULL,NULL
22.7145,37.9834,"Sanctuary of Demeter in plain below Sicyon","Sikyonia Bk2","Sicyon (Sikyonia)",['hieron'],['2.11.2'],"Sicyon (Sikyonia)",NULL,NULL,https://wikidata.org/wiki/Q134037365,https://resource.manto.unh.edu/10159235,NULL,NULL,NULL
22.6465,37.8446,Keleai,"Phlious Bk2","Phlious Bk2",['chorion'],"['2.12.4','2.14.1','2.14.2','2.14.4']",NULL,https://pleiades.stoa.org/places/573280,NULL,https://wikidata.org/wiki/Q115380594,NULL,Celeae,NULL,NULL
22.7214,37.6305,"supposed tomb of Prometheus in Argos","Argolid Bk2","Sanctuary of Apollo Lykios in Argos",['mnema'],['2.19.8'],"Sanctuary of Apollo Lykios in Argos",NULL,NULL,NULL,https://resource.manto.unh.edu/10185284,NULL,NULL,NULL
22.649131,37.846299,"Temple of Hera in Phlious, on the left of Hebe's sanctuary","Phlious Bk2","Phlious Bk2",['naos'],['2.13.4'],"Phlious Bk2",NULL,NULL,NULL,NULL,NULL,NULL,NULL
22.715,37.638,"Larisa Citadel above Argos","Argolid Bk2","Argos (Argolid)",['acropolis'],"['2.24.1','2.24.2','2.24.3','2.25.10','2.25.4','3.17.1']",NULL,NULL,https://topostext.org/place/376227FLar,https://wikidata.org/wiki/Q1012861,NULL,NULL,NULL,NULL
23.3178,38.3209,"Cadmeia of Thebes","Boiotia Bk9","Thebes (Boeotia)","['acropolis','settlement']","['2.5.2','2.6.4','3.17.1','8.33.2','9.1.4','9.12.3','9.5.2','9.5.3','9.5.4','9.5.5','9.5.6','9.7.6']",NULL,https://pleiades.stoa.org/places/239936126,https://topostext.org/place/383233XCad,https://wikidata.org/wiki/Q1276854,NULL,NULL,NULL,NULL
22.7195,37.6316,"Altar of Helios in Argos, on the side of the river Inachos","Argolid Bk2","Argos (Argolid)",['bomos'],['2.18.3'],"Argos (Argolid)",NULL,NULL,NULL,NULL,NULL,NULL,NULL
27.366012129999998,38.25857286,"Ionia (region)","Asia (continent)","Asia Minor (Asia)",['chora'],"['1.1.5','1.29.5','10.24.1','10.32.4','10.33.2','10.8.6','2.31.6','3.2.1','3.9.6','5.21.13','5.27.12','5.7.5','6.24.2','6.3.15','7.3.7','7.3.8','7.5.10','7.5.12','7.5.13','7.5.4','8.43.4','8.45.5','9.19.8','9.21.6','9.27.1','9.27.8','9.33.2','9.37.8']",NULL,https://pleiades.stoa.org/places/550597,NULL,https://wikidata.org/wiki/Q620874,NULL,NULL,NULL,NULL
22.7348,37.469,"Argive and Spartan tombs from battle of 300 Champions, going up inland from Anigraia","Argolid Bk2",Anigraia,['polyandrion'],['2.38.5'],Anigraia,NULL,NULL,NULL,NULL,"Polyandria of the Argives and Spartans at Anigraia",NULL,NULL
22.63734,37.8353,"Springs of the River Asopos in Korinthia","Phlious Bk2","Asopos river (Korinthia)",['pege'],['2.12.6'],NULL,NULL,NULL,NULL,NULL,NULL,NULL,NULL
23.1602,37.6335,"Harbour at Epidaurus","Epidauria Bk2",Epidauros,['limen'],['2.29.1'],Epidauros,NULL,NULL,NULL,NULL,NULL,NULL,NULL
22.721,37.41,Thyreatis,"Argolid Bk2","Argolid Bk2","['chora','settlement']","['10.9.12','2.29.5','2.38.5','2.38.7','3.7.5','8.3.3','8.54.4']",NULL,https://pleiades.stoa.org/places/570736,NULL,https://wikidata.org/wiki/Q3036391,NULL,Thyrea,NULL,NULL
22.714,37.984,"Gymnasium of the Agora at Sicyon","Sikyonia Bk2","Agora of Sicyon",['gymnasion'],['2.10.1'],"Agora of Sicyon",NULL,NULL,NULL,NULL,NULL,NULL,NULL
22.649131,37.846299,"Building in memory of Kyathos in Phlious, next to the sanctuary of Apollo","Phlious Bk2","Phlious Bk2",['oikema'],['2.13.8'],"Phlious Bk2",NULL,NULL,NULL,NULL,NULL,NULL,NULL
21.374,37.89,"oikos of Amphion in Elis","Eleia Bk5 Bk6","Elis polis",['oikia'],['2.21.10'],"Elis polis",NULL,NULL,NULL,NULL,NULL,NULL,NULL
21.9,38.2,"Achaia Bk7",NULL,Peloponnesos,['chora'],"['2.18.8','2.5.6','3.2.1','5.1.1','5.24.4','5.9.1','6.26.10','7.1.1','7.1.3','7.1.4','7.27.12','7.7.2','8.1.2','8.15.8','8.27.14']",NULL,https://pleiades.stoa.org/places/570028,https://topostext.org/place/382219RAch,https://wikidata.org/wiki/Q2790451,NULL,Achaea,NULL,NULL
22.7214,37.6305,"Sanctuary of Leto in Argos, near trophy in the Agora","Argolid Bk2","Agora of Argos",['hieron'],"['2.21.8','2.22.1']","Agora of Argos",NULL,NULL,https://wikidata.org/wiki/Q134037491,NULL,NULL,NULL,NULL
22.7214,37.6305,"Altar of Zeus Hyetios in Argos","Argolid Bk2","Sanctuary of Apollo Lykios in Argos",['bomos'],['2.19.8'],"Sanctuary of Apollo Lykios in Argos",NULL,NULL,NULL,NULL,NULL,NULL,NULL
22.7195,37.6316,"underground building in Argos, base of bronze chamber","Argolid Bk2","Argos (Argolid)",['oikema'],['2.23.7'],"Argos (Argolid)",NULL,NULL,NULL,NULL,NULL,NULL,NULL
22.7145,37.9834,"Peribolos of Asklepios at Sicyon","Sikyonia Bk2","Sicyon (Sikyonia)",['peribolos'],['2.10.2'],"Sicyon (Sikyonia)",NULL,NULL,NULL,NULL,NULL,NULL,NULL
23.523,37.435,"Skyllaion (promontory)","Troizenia Bk2","Troizenia Bk2",['akra'],"['2.34.7','2.34.8']",NULL,https://pleiades.stoa.org/places/570679,NULL,https://wikidata.org/wiki/Q24924372,NULL,NULL,NULL,NULL
22.7145,37.9834,"Precinct of Roman emperors at Sicyon","Sikyonia Bk2","Sicyon (Sikyonia)",['temenos'],['2.8.1'],"Sicyon (Sikyonia)",NULL,NULL,NULL,NULL,NULL,NULL,NULL
22.80004,37.59918,"Residence of Proetus in Tiryns","Argolid Bk2",Tiryns,['oikia'],['2.16.2'],Tiryns,NULL,NULL,NULL,NULL,NULL,NULL,NULL
22.8802,37.9054,"Sanctuary of Eilethyia at Teneatic Gate of Corinth","Corinthia Bk2","Corinth (Corinthia)",['hieron'],['2.5.4'],"Corinth (Corinthia)",NULL,NULL,https://wikidata.org/wiki/Q134037581,NULL,NULL,NULL,NULL
22.710651,37.809667,"Temple of Zeus at Nemea","Argolid Bk2","Sanctuary of Nemean Zeus, Nemea",['naos'],['2.15.2'],NULL,https://pleiades.stoa.org/places/109791198,NULL,https://wikidata.org/wiki/Q27779887,NULL,NULL,NULL,NULL
23.3178,38.3191,"City walls of Thebes","Boiotia Bk9","Thebes (Boeotia)",['teichos'],['2.23.2'],"Thebes (Boeotia)",NULL,NULL,NULL,NULL,NULL,NULL,NULL
23.3484,37.5033,"Mountains between Troizen and Hermione","Troizenia Bk2","Troizen (Troizenia)",['oros'],['2.32.7'],"Troizen (Troizenia)",NULL,NULL,NULL,NULL,NULL,NULL,NULL
22.87635,37.89883,"sanctuary of Demeter below Acrocorinth","Corinthia Bk2","Corinth (Corinthia)",['hieron'],['2.4.7'],NULL,NULL,https://topostext.org/place/379229SDem,https://wikidata.org/wiki/Q60790987,NULL,NULL,NULL,NULL
23.26278,37.34678,"Sanctuary of Athena Promachoma in Bouporthmos","Hermionis Bk2","Bouporthmos (mountain)",['hieron'],['2.34.8'],"Bouporthmos (mountain)",NULL,NULL,https://wikidata.org/wiki/Q134037760,NULL,NULL,NULL,NULL
23.3484,37.5033,"Tomb of Hippolytus in Troizen","Troizenia Bk2","Troizen (Troizenia)",['mnema'],['2.32.4'],"Troizen (Troizenia)",NULL,NULL,NULL,https://resource.manto.unh.edu/10214944,NULL,NULL,NULL
23.28241,37.26444,"Trikrana (island)","Hermionis Bk2","Aegean Sea (Hellas)",['nesos'],['2.34.8'],NULL,https://pleiades.stoa.org/places/570752,NULL,https://wikidata.org/wiki/Q16523372,NULL,NULL,NULL,NULL
22.734,37.975,"Asopos river (Korinthia)","Corinthia Bk2","Corinthia Bk2",['potamos'],"['2.11.4','2.11.5','2.12.4','2.12.6','2.15.1','2.5.2','2.5.3','2.7.3','2.7.9']",NULL,https://pleiades.stoa.org/places/570131,https://topostext.org/place/378228WAso,https://wikidata.org/wiki/Q2866756,NULL,NULL,NULL,NULL
22.7223,37.7867,"Cave of Nemean Lion on the mountains on the road from Kleonai to Argos","Argolid Bk2","Tretos pass (Korinthia)",['spelaion'],['2.15.2'],"Tretos pass (Korinthia)",NULL,NULL,NULL,NULL,NULL,NULL,NULL
22.7145,37.9834,"Altars to Pan and Helios at Sicyon","Sikyonia Bk2","Sicyon (Sikyonia)",['bomos'],['2.11.1'],"Sicyon (Sikyonia)",NULL,NULL,NULL,NULL,NULL,NULL,NULL
22.992664,37.9158514,"Temple of Palaemon at Isthmia, on the left of the enclosure","Corinthia Bk2","Isthmian Poseidon sanctuary at Isthmia",['naos'],['2.2.1'],"Isthmian Poseidon sanctuary at Isthmia",NULL,NULL,NULL,NULL,NULL,NULL,NULL
22.71145,37.98417,"Skēnē of the theater in Sicyon","Sikyonia Bk2","Theater of Dionysos in Sicyon",['oikema'],['2.7.5'],"Theater of Dionysos in Sicyon",NULL,NULL,NULL,NULL,NULL,NULL,NULL
22.7195,37.6316,"Temple of Aphrodite Ourania in Argos","Argolid Bk2","Argos (Argolid)",['naos'],['2.23.8'],"Argos (Argolid)",NULL,NULL,NULL,NULL,"Temple of Heavenly Aphrodite, Argos",NULL,NULL
22.62501,37.92049,"Stoa in Asclepieion in Titane","Corinthia Bk2","Asclepieion of Titane",['stoa'],['2.11.8'],"Asclepieion of Titane",NULL,NULL,NULL,NULL,NULL,NULL,NULL
23.42372,37.74991,"Reefs while sailing into Aigina","Aigina island Bk2","Aigina polity",['petra'],['2.29.6'],"Aigina polity",NULL,NULL,NULL,NULL,NULL,NULL,NULL
22.8802,37.9054,"Bath of Hadrian at Corinth","Corinthia Bk2","Corinth (Corinthia)",['loutron'],['2.3.5'],"Corinth (Corinthia)",NULL,NULL,NULL,NULL,NULL,NULL,NULL
22.8802,37.9054,"Altars of Helios in Corinth, on way to Acrocorinth","Corinthia Bk2","Corinth (Corinthia)",['bomos'],['2.4.6'],"Corinth (Corinthia)",NULL,NULL,NULL,NULL,NULL,NULL,NULL
23.243591,37.385218,"Sanctuary of Artemis Iphigeneia in Hermione","Hermionis Bk2",Hermione,['hieron'],['2.35.1'],Hermione,NULL,NULL,https://wikidata.org/wiki/Q134037737,NULL,NULL,NULL,NULL
22.7145,37.9834,"Temple of Hera Prodromia at Sicyon","Sikyonia Bk2","Sicyon (Sikyonia)",['naos'],['2.11.2'],"Sicyon (Sikyonia)",NULL,NULL,NULL,NULL,NULL,NULL,NULL
23.4803,37.5227,"Poseidon of Kalaureia (Poros)","Troizenia Bk2","Kalaureia (island)",['hieron'],['2.33.2'],NULL,NULL,https://topostext.org/place/375235SKal,https://wikidata.org/wiki/Q38281326,NULL,NULL,NULL,NULL
23.3484,37.5033,"Walls of Troizen","Troizenia Bk2","Troizen (Troizenia)",['teichos'],['2.32.8'],"Troizen (Troizenia)",NULL,NULL,NULL,NULL,"city wall of Troezen",NULL,NULL
22.677,37.624,"Temple of Artemis below Lykone","Argolid Bk2","highway Argos toward Tegea",['naos'],['2.24.5'],NULL,NULL,NULL,NULL,NULL,NULL,NULL,NULL
22.84714,37.89019,"Hadrianic aqueduct (Korinthia)","Corinthia Bk2","Corinthia Bk2",['aqueduct'],"['2.3.5','8.22.3']",NULL,NULL,https://topostext.org/place/379229BHAq,https://wikidata.org/wiki/Q56295608,NULL,NULL,NULL,NULL
22.7195,37.6316,"Temple within the sanctuary of Demeter Mysia in Argos","Argolid Bk2","Argos (Argolid)",['naos'],['2.18.3'],"Argos (Argolid)",NULL,NULL,NULL,NULL,NULL,NULL,NULL
22.7145,37.9834,"Council house in Sicyon","Sikyonia Bk2","Sicyon (Sikyonia)",['bouleuterion'],['2.9.6'],"Sicyon (Sikyonia)",NULL,NULL,NULL,NULL,NULL,NULL,NULL
25.3,38.1,Halioussa,"Hermionis Bk2","Aegean Sea (Hellas)",['nesos'],['2.34.8'],"Aegean Sea (Hellas)",https://pleiades.stoa.org/places/573242,NULL,NULL,NULL,NULL,NULL,NULL
23.1602,37.6335,"Grove of Artemis in Epidauros","Epidauria Bk2",Epidauros,['alsos'],['2.30.7'],Epidauros,NULL,NULL,NULL,NULL,NULL,NULL,NULL
22.6973,37.55,"Temple in the sacred grove below Mt. Pontinos, with statue of Dionysos Saotes","Argolid Bk2","Pontinos hill (Argolid)",['naos'],['2.37.2'],"Pontinos hill (Argolid)",NULL,NULL,NULL,NULL,NULL,NULL,NULL
21.5,38.6,"Aitolia region","Hellas (Europe)","Hellas (Europe)",['chora'],"['1.26.3','1.42.6','10.18.1','10.22.2','10.22.3','10.22.5','2.13.8','2.25.2','2.37.3','2.8.4','3.10.2','4.24.7','4.31.7','5.1.3','5.3.7','7.18.6','7.18.8','7.18.9','7.9.6','8.24.11','8.38.10']",NULL,https://pleiades.stoa.org/places/540591,https://topostext.org/place/386215RAit,https://wikidata.org/wiki/Q26857,NULL,Aetolia,NULL,NULL
23.3484,37.5033,"Hypereia of Troizenia","Troizenia Bk2","Troizen (Troizenia)",['polis'],"['2.30.8','7.26.13']","Troizen (Troizenia)",https://pleiades.stoa.org/places/573257,NULL,https://wikidata.org/wiki/Q125966733,NULL,NULL,NULL,NULL
22.7195,37.6316,"Gate of Eileithyia in Argos","Argolid Bk2","Argos (Argolid)",['pylai'],['2.18.3'],"Argos (Argolid)",NULL,NULL,NULL,NULL,NULL,NULL,NULL
22.7195,37.6316,"Sanctuary of Demeter in Argos","Argolid Bk2","Argos (Argolid)",['hieron'],['2.21.4'],"Argos (Argolid)",NULL,NULL,https://wikidata.org/wiki/Q134037453,NULL,NULL,NULL,NULL
22.7195,37.6316,"Tomb of Eriphyle in Argos","Argolid Bk2","Koile road from Kylarabis gymnasium, Argos",['mnema'],['2.23.2'],"Koile road from Kylarabis gymnasium, Argos",NULL,NULL,NULL,https://resource.manto.unh.edu/10187110,NULL,NULL,NULL
23.42372,37.74991,"Theater of Aigina, not far from Kryptos Limen","Aigina island Bk2","Aigina polity",['theatron'],['2.29.11'],"Aigina polity",NULL,NULL,NULL,NULL,"Aegina theater",NULL,NULL
23.51,37.93,"Salamis (island)","Attica Bk1","Attica Bk1",['nesos'],"['1.14.5','1.25.6','1.3.2','1.35.2','1.35.3','1.35.4','1.36.1','1.36.2','1.40.5','10.31.1','2.29.10','2.8.6','4.36.6']",NULL,https://pleiades.stoa.org/places/580101,NULL,NULL,NULL,NULL,https://imperium.ahlfeldt.se/places/41417,NULL
22.87793,37.90487,"Temple of Octavia above Corinth Agora","Corinthia Bk2","Corinth (Corinthia)",['naos'],['2.3.1'],NULL,NULL,https://topostext.org/place/379229SOct,https://wikidata.org/wiki/Q25451391,NULL,"Temple E at Corinth (?)",NULL,NULL
22.973,37.928,"Tomb of Sisyphus at the Isthmus, nonexistent","Corinthia Bk2","Isthmus of Corinth",['mnema'],['2.2.2'],"Isthmus of Corinth",NULL,NULL,NULL,NULL,NULL,NULL,NULL
22.7,38.6,"Phokis Bk10",NULL,"Hellas (Europe)",['chora'],"['1.20.6','10.1.1','10.1.2','10.1.4','10.17.13','10.23.10','10.30.4','10.33.7','10.34.2','10.35.1','10.35.8','10.37.2','10.38.1','10.4.1','10.4.2','10.5.3','10.8.2','2.29.2','2.29.3','2.4.3','3.5.3','3.9.10','4.31.5','6.19.5','7.14.7','7.15.5','7.18.9','7.3.10','7.7.9','8.1.5','8.4.4','9.17.4','9.36.3','9.40.12']",NULL,https://pleiades.stoa.org/places/541048,https://topostext.org/place/386227RPho,https://wikidata.org/wiki/Q2637650,NULL,"Phocis region",NULL,NULL
22.09,38.252,"hero shrine of Aratos in Aigion","Achaia Bk7","Aigion (Achaia)",['heroon'],['2.9.4'],"Aigion (Achaia)",NULL,NULL,NULL,NULL,NULL,NULL,NULL
25.268194,37.397274,"Stream of Inopus in Delos","Aegean Sea (Hellas)","Delos island","['pege','potamos']",['2.5.3'],"Delos island",NULL,https://topostext.org/place/374253WIno,NULL,NULL,NULL,NULL,NULL
22.7145,37.9834,"sanctuary of Dioscuroi at Sicyon","Sikyonia Bk2","Sicyon (Sikyonia)",['hieron'],['2.7.5'],"Sicyon (Sikyonia)",NULL,NULL,https://wikidata.org/wiki/Q134037379,NULL,NULL,NULL,NULL
22.7747,37.6919,"Pronaos of Hera Temple, Argive Heraion","Argolid Bk2","Argive Heraion (Argolid)",['pronaos'],['2.17.3'],"Argive Heraion (Argolid)",NULL,NULL,NULL,NULL,NULL,NULL,NULL
22.7195,37.6316,"Temple of Dionysus in Argos","Argolid Bk2","Argos (Argolid)",['naos'],['2.23.1'],"Argos (Argolid)",NULL,NULL,NULL,NULL,NULL,NULL,NULL
22.9925,37.8824,"Sanctuary of Asclepius at Kenchreai harbor","Corinthia Bk2","Kenchreai (Korinthia)","['Asclepieion','hieron']",['2.2.3'],"Kenchreai (Korinthia)",NULL,NULL,https://wikidata.org/wiki/Q134037633,NULL,NULL,NULL,NULL
23.8189911,38.05199883,"Attica Bk1","Attica Bk1","Hellas (Europe)",['chora'],"['1.1.1','1.14.2','1.2.6','1.20.6','1.21.1','1.22.3','1.22.7','1.23.5','1.24.5','1.24.8','1.25.6','1.26.3','1.26.5','1.26.6','1.27.10','1.27.2','1.28.10','1.28.11','1.28.4','1.28.9','1.29.2','1.29.6','1.29.7','1.30.4','1.31.1','1.31.3','1.31.5','1.32.1','1.32.3','1.34.1','1.34.2','1.35.1','1.36.3','1.37.7','1.38.1','1.38.4','1.38.8','1.44.10','10.17.5','10.25.2','10.33.4','10.35.8','2.1.1','2.1.6','2.30.9','2.32.9','2.6.5','2.6.6','3.12.7','3.5.1','3.7.10','3.8.6','4.1.8','4.34.8','5.10.4','5.11.7','5.13.8','5.15.7','5.25.13','5.4.7','6.19.12','7.1.5','7.1.9','7.11.8','7.17.2','7.18.2','7.25.2','7.3.6','7.5.5','7.6.3','7.7.7','8.23.3','9.1.1','9.1.6','9.13.6','9.23.5']",NULL,https://pleiades.stoa.org/places/579888,NULL,https://wikidata.org/wiki/Q122443,NULL,NULL,NULL,NULL
22.7065,37.539,Amymone,"Argolid Bk2","Argolid Bk2",['potamos'],"['2.37.1','2.37.4','5.17.11']",NULL,https://pleiades.stoa.org/places/573086,NULL,https://wikidata.org/wiki/Q121886957,NULL,NULL,NULL,NULL
23.3484,37.5033,"Herakleios fountain at Troizen","Troizenia Bk2","Troizen (Troizenia)","['hydor','pege']",['2.32.4'],"Troizen (Troizenia)",NULL,NULL,NULL,https://resource.manto.unh.edu/10214951,NULL,NULL,NULL
14.08648465,37.53667612,"Sicilia (island)",NULL,"Roman empire",['nesos'],"['1.12.5','1.13.1','1.2.3','1.21.4','1.29.11','1.29.13','10.11.3','10.15.5','10.15.6','2.2.5','2.22.9','3.16.4','3.16.5','4.23.6','4.26.2','4.26.5','4.36.4','5.23.6','5.25.5','5.25.6','5.27.1','5.7.3','6.12.3','6.13.8','6.26.4','6.4.3','6.6.7','6.9.4','6.9.5','7.16.5','7.4.6','7.4.7','8.11.12','8.12.8','8.24.6','8.42.8','8.46.2','8.8.6','9.40.4']",NULL,https://pleiades.stoa.org/places/462492,NULL,https://wikidata.org/wiki/Q4951156,NULL,NULL,NULL,NULL
22.3,37.5,"Arcadia Bk8","Arcadia Bk8",Peloponnesos,['chora'],"['10.20.1','10.28.8','10.32.3','2.24.5','3.20.8','3.5.4','3.6.8','3.7.3','3.8.7','4.22.7','4.29.11','4.31.4','5.10.9','5.5.8','5.7.1','6.12.8','6.8.2','7.14.1','7.25.11','7.25.5','7.7.4','7.8.6','8.1.1','8.1.6','8.10.1','8.10.6','8.11.3','8.17.1','8.22.6','8.23.3','8.24.4','8.27.4','8.27.5','8.3.4','8.34.4','8.35.10','8.35.5','8.36.6','8.4.1','8.42.3','8.43.2','8.47.6','8.5.4','8.51.8','8.6.4','8.7.4','8.8.12','9.36.6','9.9.2']",NULL,https://pleiades.stoa.org/places/570102,https://topostext.org/place/375223RArk,https://wikidata.org/wiki/Q12898802,NULL,"Arkadia region",NULL,NULL
23.3484,37.5033,"Temple of Apollo Epibaterios in Troizen, Diomedes' offering","Troizenia Bk2","Troizen (Troizenia)",['naos'],['2.32.2'],"Troizen (Troizenia)",NULL,NULL,NULL,NULL,NULL,NULL,NULL
22.6465,37.8446,"Tomb of Dysaules in Keleai","Phlious Bk2",Keleai,['mnema'],['2.12.4'],Keleai,NULL,NULL,NULL,https://resource.manto.unh.edu/10158673,NULL,NULL,NULL
27.234320000000004,37.05332,Myndos,"Asia Minor (Asia)","Caria region",['settlement'],['2.30.9'],NULL,https://pleiades.stoa.org/places/599811,NULL,https://wikidata.org/wiki/Q18823111,NULL,NULL,NULL,NULL
22.62501,37.92049,"Hill in Titane, where the sanctuary of Athena is located","Corinthia Bk2",Titane,['lophos'],['2.12.1'],Titane,NULL,NULL,NULL,NULL,NULL,NULL,NULL
25.3,38.1,"Harbor on Halioussa island between Skyllaion and Hermione","Hermionis Bk2",Halioussa,['limen'],['2.34.8'],Halioussa,NULL,NULL,NULL,NULL,NULL,NULL,NULL
23.235,37.3884,"Temple of Ares in Hermione, next to the temple of Klymenos","Hermionis Bk2","Pron M.",['naos'],['2.35.10'],"Pron M.",NULL,NULL,NULL,NULL,NULL,NULL,NULL
22.7108,37.8085,"Tomb of Lykourgos at Nemea, earth mound","Argolid Bk2","Sanctuary of Nemean Zeus, Nemea","['choma ges','mnema']",['2.15.3'],"Sanctuary of Nemean Zeus, Nemea",NULL,NULL,NULL,https://resource.manto.unh.edu/10159400,NULL,NULL,NULL
23.7,37.8,"Sea at Eleusis","Attica Bk1","Saronic Gulf",['thalassa'],['2.24.6'],"Saronic Gulf",NULL,NULL,NULL,NULL,NULL,NULL,NULL
22.7145,37.9834,"Tomb of Epopeus at Sicyon","Sikyonia Bk2","Sicyon (Sikyonia)",['mnema'],['2.11.1'],"Sicyon (Sikyonia)",NULL,NULL,NULL,https://resource.manto.unh.edu/10159224,NULL,NULL,NULL
22.992664,37.9158514,"Adyton of Palaemon at Isthmia in the enclosure","Corinthia Bk2","Isthmian Poseidon sanctuary at Isthmia",['adyton'],['2.2.1'],"Isthmian Poseidon sanctuary at Isthmia",NULL,NULL,NULL,NULL,NULL,NULL,NULL
23.3178,38.3191,"Thebes (Boeotia)","Boiotia Bk9","Boiotia Bk9",['polis'],"['1.25.4','1.28.7','1.29.3','1.3.4','1.34.1','1.34.2','1.34.4','1.37.6','1.39.2','1.40.2','1.41.1','1.43.1','1.44.4','1.44.5','10.10.3','10.17.4','10.20.1','10.29.7','10.35.5','10.7.6','2.19.8','2.20.5','2.36.8','2.6.1','2.6.2','2.6.3','2.6.4','2.7.6','3.5.3','3.5.4','3.9.11','3.9.3','3.9.8','4.17.5','4.27.10','4.32.5','4.7.8','4.8.8','5.3.1','7.10.2','7.14.6','7.15.9','7.17.2','7.3.1','7.6.9','8.11.6','8.14.2','8.15.6','8.24.10','8.25.4','8.25.8','8.33.2','9.1.6','9.1.8','9.10.1','9.10.4','9.11.6','9.12.2','9.13.1','9.14.7','9.17.4','9.17.5','9.18.1','9.18.2','9.18.3','9.18.5','9.19.2','9.19.3','9.19.4','9.22.3','9.23.4','9.23.5','9.25.10','9.25.7','9.25.9','9.29.9','9.3.6','9.32.5','9.33.1','9.37.2','9.4.4','9.40.3','9.5.1','9.5.12','9.5.13','9.5.14','9.5.2','9.5.6','9.5.7','9.6.2','9.6.3','9.6.5','9.7.1','9.7.2','9.7.6','9.8.1','9.8.3','9.8.7','9.9.4']",NULL,https://pleiades.stoa.org/places/541138,https://topostext.org/place/383233PThe,https://wikidata.org/wiki/Q11225429,NULL,NULL,NULL,NULL
22.7195,37.6316,"Walls of Argos","Argolid Bk2","Argos (Argolid)",['teichos'],"['2.20.9','3.5.9']","Argos (Argolid)",NULL,NULL,NULL,NULL,NULL,NULL,NULL
22.796,37.565,Nauplia,"Argolid Bk2","Argolid Bk2",['settlement'],"['2.38.2','2.38.3','4.24.4','4.35.2']",NULL,https://pleiades.stoa.org/places/570501,NULL,https://wikidata.org/wiki/Q56399740,NULL,NULL,NULL,NULL
22.7195,37.6316,"Precinct of Asclepius in Argos","Argolid Bk2","Koile road from Kylarabis gymnasium, Argos",['temenos'],['2.23.2'],"Koile road from Kylarabis gymnasium, Argos",NULL,NULL,NULL,NULL,NULL,NULL,NULL
23.4767,37.4844,"Sphairia? (Poros)","Troizenia Bk2","Troizenia Bk2",['nesos'],['2.33.1'],NULL,https://pleiades.stoa.org/places/573531,https://topostext.org/place/375235ISph,https://wikidata.org/wiki/Q60791476,NULL,"Hiera island",NULL,NULL
21.738518,38.243265,Patrae,"Achaia Bk7","Achaia Bk7",['polis'],"['2.9.2','3.2.1','4.31.7','7.17.5','7.18.2','7.18.4','7.18.5','7.18.6','7.18.7','7.18.8','7.18.9','7.19.1','7.19.8','7.20.7','7.21.10','7.21.13','7.21.14','7.21.6','7.22.1','7.22.10','7.22.11','7.22.6','7.6.2','7.6.4','7.6.5']",NULL,https://pleiades.stoa.org/places/570567,NULL,https://wikidata.org/wiki/Q56398976,NULL,"Patras, Patrai",NULL,NULL
22.7195,37.6316,"Tomb of Danaus in Argos","Argolid Bk2","Argos (Argolid)",['mnema'],['2.20.6'],"Argos (Argolid)",NULL,NULL,NULL,https://resource.manto.unh.edu/10185336,NULL,NULL,NULL
21.5313,38.3714,Kalydon,"Aitolia region",Kalydonia,['polis'],"['1.27.9','2.25.2','3.10.2','5.1.3','7.18.8','7.18.9','7.21.1','7.21.10','7.21.5','8.4.10','8.45.2']",NULL,https://pleiades.stoa.org/places/540699,NULL,https://wikidata.org/wiki/Q750313,NULL,Calydon,NULL,NULL
27.5,37.5,"Lycia region","Asia (continent)","Asia Minor (Asia)",['chora'],"['10.27.2','2.21.3','2.4.2','2.7.1','7.21.13','9.27.2']",NULL,https://pleiades.stoa.org/places/638965,NULL,https://wikidata.org/wiki/Q18927,NULL,Lykia,NULL,NULL
22.51475,37.6199,"Sanctuary of Artemis on Mt. Artemision","Argolid Bk2","Artemision (mountain)",['hieron'],['2.25.3'],"Artemision (mountain)",NULL,NULL,https://wikidata.org/wiki/Q134034951,NULL,NULL,NULL,NULL
27.4713446,37.6220196,"Maeander (river)","Asia Minor (Asia)","Ionia (region)",['potamos'],"['1.29.7','10.32.13','2.5.3','2.7.9','4.34.1','4.34.2','5.14.3','7.2.11','8.24.11','8.41.3','8.7.3']",NULL,https://pleiades.stoa.org/places/599777,NULL,https://wikidata.org/wiki/Q211089,NULL,NULL,NULL,NULL
23.4228,37.5022,"Genethlion near Troizen","Troizenia Bk2",Kelenderis,['chorion'],['2.32.9'],Kelenderis,NULL,NULL,https://wikidata.org/wiki/Q134078080,NULL,NULL,NULL,NULL
22.8745,37.528,"Grave of Lysistratos by the sanctuary of Apollo Pythaeus in Asine","Argolid Bk2","Asine (Argolid)",['taphos'],['2.36.5'],"Asine (Argolid)",NULL,NULL,NULL,NULL,NULL,NULL,NULL
23.4767,37.4844,"Tomb of Sphaerus on Sphairia island of Troizenia","Troizenia Bk2","Sphairia? (Poros)",['mnema'],['2.33.1'],"Sphairia? (Poros)",NULL,NULL,NULL,https://resource.manto.unh.edu/10214880,NULL,NULL,NULL
22.7145,37.9834,"Sanctuary of Asklepios at Sicyon","Sikyonia Bk2","Sicyon (Sikyonia)",['hieron'],['2.10.2'],"Sicyon (Sikyonia)",NULL,NULL,https://wikidata.org/wiki/Q134037399,https://resource.manto.unh.edu/10159006,NULL,NULL,NULL
22.7747,37.6919,"Altar with dedications at Argive Heraion","Argolid Bk2","Argive Heraion (Argolid)",['bomos'],['2.17.6'],"Argive Heraion (Argolid)",NULL,NULL,NULL,NULL,NULL,NULL,NULL
23.970146000000003,38.1465515,"Marathon deme","Attica Bk1","Attica Bk1","['chora','demos']","['1.14.5','1.17.6','1.27.10','1.28.2','1.28.4','1.29.4','1.32.3','1.32.4','1.33.1','1.33.2','2.1.1','2.29.4','4.25.5','5.11.6','7.15.7','9.1.3','9.32.9','9.4.1','9.4.2']",NULL,https://pleiades.stoa.org/places/580021,NULL,https://wikidata.org/wiki/Q13423602,NULL,NULL,NULL,NULL
23.3484,37.5033,"Sanctuary of Pan Lyterios in Troizen, below the Acropolis","Troizenia Bk2","Troizen (Troizenia)",['hieron'],['2.32.6'],"Troizen (Troizenia)",NULL,NULL,https://wikidata.org/wiki/Q134037941,NULL,NULL,NULL,NULL
