BookID,Place,Links,Lat,Lon,Type,Description
3.1.1,Ἑρμᾶς,http://pleiades.stoa.org/places/570291,37.32399,22.543094,temple," - built|monument|Paus|37.3091 22.5324DAI3652686 Hermai border monuments"
3.1.1,Εὐρώταν,http://pleiades.stoa.org/places/570248,37.1615197,22.3334931,river," - "
3.1.1,θάλασσαν,http://topostext.org/place/367227WLac,36.66,22.71,NULL," - thalassaLakonian gulf"
3.1.1,Λακεδαιμόνιοι,http://pleiades.stoa.org/places/570406,37.07624042080912,22.46082645177671,region," - "
3.1.1,Λακωνικὴ,http://pleiades.stoa.org/places/570406,37.07624042080912,22.46082645177671,region," - "
3.1.2,ὄρος,http://pleiades.stoa.org/places/570706,36.9528148,22.3503405,mountain," - "
3.1.2,Σπάρτη,http://dare.ht.lu.se/places/21911,37.08149,22.42454,"theatre,temple,settlement,temple-2"," - "
3.1.3,"ἄγαλμα τοῦ Ἀπόλλωνος",http://arachne.dainst.org/entity/3586274,37.02692,22.43636,NULL," - "
3.1.3,Ἀμύκλαις,http://pleiades.stoa.org/places/570074,35.0133,24.76084,"settlement,port"," - "
3.1.3,Ἀμύκλας,http://pleiades.stoa.org/places/570074,35.0133,24.76084,"settlement,port"," - "
3.1.3,Λακωνικῇ,http://pleiades.stoa.org/places/570406,37.07624042080912,22.46082645177671,region," - "
3.1.3,πόλισμα,http://pleiades.stoa.org/places/570074,35.0133,24.76084,"settlement,port"," - "
3.1.4,Ἄργους,http://pleiades.stoa.org/places/570106,37.631561,22.719464,settlement," - "
3.1.4,Θαλάμαις,http://pleiades.stoa.org/places/570715,36.786208,22.325671,settlement," - "
3.1.4,Λακεδαιμόνιοί,http://pleiades.stoa.org/places/570406,37.07624042080912,22.46082645177671,region," - "
3.1.4,Μεσσηνίαν,http://pleiades.stoa.org/places/570480,37.06945533333334,21.9323415,region,NULL
3.1.4,Μεσσηνίας,http://pleiades.stoa.org/places/570480,37.06945533333334,21.9323415,region," - "
3.1.4,Μεσσηνίων,http://pleiades.stoa.org/places/570480,37.06945533333334,21.9323415,region," - "
3.1.4,Πελλάναν,http://pleiades.stoa.org/places/570576,38.0446,22.5384,settlement," - "
3.1.5,Ἄργος,http://dare.ht.lu.se/places/21779,37.631561,22.719464,settlement," - "
3.1.5,Λακεδαίμονι,http://pleiades.stoa.org/places/570406,37.07624042080912,22.46082645177671,region," - "
3.1.5,Μεσσήνη,http://dare.ht.lu.se/places/21909,37.175491,21.920439,"sanctuary,settlement,fort"," - "
3.1.6,Δελφοῖς,http://pleiades.stoa.org/places/540726,38.482289,22.501169,"sanctuary,settlement"," - "
3.1.6,Πελοπόννησον,http://pleiades.stoa.org/places/570577,37.25289777692308,22.312752688461543,"peninsula,region"," - "
3.1.7,Καλλίστην,http://pleiades.stoa.org/places/808255902,36.4,25.4,archipelago," - "
3.1.8,Θηραῖοι,http://pleiades.stoa.org/places/599973,36.36399,25.478129,"island,settlement"," - "
3.1.8,νήσῳ,http://pleiades.stoa.org/places/599973,36.36399,25.478129,"island,settlement"," - "
3.2.1,Αἰολίδα,http://pleiades.stoa.org/places/550406,38.846442875,26.950801749999997,region," - "
3.2.1,Ἀχαΐᾳ,http://pleiades.stoa.org/places/570028,38.102121472776034,22.224585911364017,region," - "
3.2.1,Ἰωνίας,http://pleiades.stoa.org/places/550597,38.258572855555556,27.36601213333333,region," - "
3.2.1,Λακεδαιμόνιοι,http://pleiades.stoa.org/places/570406,37.07624042080912,22.46082645177671,region," - "
3.2.1,Λέσβον,http://pleiades.stoa.org/places/550696,39.20874,26.10052,island," - "
3.2.1,Μυσῶν,http://pleiades.stoa.org/places/550710,38.75,28.25,"labeled feature"," - "
3.2.1,Πάτρας,http://pleiades.stoa.org/places/570567,38.243265,21.738518,settlement," - "
3.2.2,Ἀργεῖοι,http://pleiades.stoa.org/places/570104,37.6566371145232,22.92059272180843,region," - "
3.2.2,Ἀργείων,http://pleiades.stoa.org/places/570104,37.6566371145232,22.92059272180843,region," - "
3.2.2,Ἀργολίδα,http://pleiades.stoa.org/places/570104,37.6566371145232,22.92059272180843,region," - "
3.2.2,Κυνουρέας,http://pleiades.stoa.org/places/570395,37.25,22.75,region," - "
3.2.2,Κυνουρεῖς,http://pleiades.stoa.org/places/570395,37.25,22.75,region," - "
3.2.2,Κυνουριακῆς,http://pleiades.stoa.org/places/570395,37.25,22.75,region," - "
3.2.2,Λακεδαιμόνιοι,http://pleiades.stoa.org/places/570406,37.07624042080912,22.46082645177671,region," - "
3.2.2,Σπάρτῃ,http://pleiades.stoa.org/places/570685,37.08149,22.42454,"theatre,temple,settlement,temple-2"," - "
3.2.3,Ἀργείους,http://pleiades.stoa.org/places/570104,37.6566371145232,22.92059272180843,region," - "
3.2.3,Κυνουριακὴν,http://pleiades.stoa.org/places/570395,37.25,22.75,region," - "
3.2.3,Λακεδαιμονίοις,http://pleiades.stoa.org/places/570406,37.07624042080912,22.46082645177671,region," - "
3.2.3,Σπάρτῃ,http://pleiades.stoa.org/places/570685,37.08149,22.42454,"theatre,temple,settlement,temple-2"," - "
3.2.4,Κνωσσός,http://pleiades.stoa.org/places/589872,35.297847,25.163106,"settlement,architecturalcomplex"," - "
3.2.4,Κρῆτες,http://pleiades.stoa.org/places/589748,35.21984439173344,24.995769971494504,island," - "
3.2.4,Λακεδαιμονίοις,http://pleiades.stoa.org/places/570406,37.07624042080912,22.46082645177671,region," - "
3.2.5,Αἴγυν,http://pleiades.stoa.org/places/570052,37.246287,22.165456,settlement," - "
3.2.5,Αἰγῦται,http://pleiades.stoa.org/places/570052,37.246287,22.165456,settlement," - historical|Aigytai|proxyArchelaus enslaved them for pro-Arcadian sympathies"
3.2.5,Ἀρκάδων,http://pleiades.stoa.org/places/570102,37.567419268449626,22.165323097346306,region," - "
3.2.5,Λακεδαιμόνιοι,http://pleiades.stoa.org/places/570406,37.07624042080912,22.46082645177671,region," - "
3.2.5,Λακεδαιμονίων,http://pleiades.stoa.org/places/570406,37.07624042080912,22.46082645177671,region," - "
3.2.6,Ἀμυκλαιεῖς,http://pleiades.stoa.org/places/570074,35.0133,24.76084,"settlement,port"," - "
3.2.6,Ἀμυκλαιεῦσιν,http://pleiades.stoa.org/places/570074,35.0133,24.76084,"settlement,port"," - "
3.2.6,Ἀμύκλας,http://pleiades.stoa.org/places/570074,35.0133,24.76084,"settlement,port"," - "
3.2.6,"Ἀρτέμιδος ἱερῷ",http://topostext.org/place/371222SLim,37.1109,22.1714,NULL," - built|hieron|Artemis LimnatisOn border of Lakonia and Messenia"
3.2.6,Ἀχαιῶν,http://pleiades.stoa.org/places/570028,38.102121472776034,22.224585911364017,region," - "
3.2.6,Γεράνθρας,http://pleiades.stoa.org/places/570263,36.992193,22.706912,settlement," - "
3.2.6,Γερανθρᾶται,http://pleiades.stoa.org/places/570263,36.992193,22.706912,settlement," - "
3.2.6,Λακεδαιμόνιοι,http://pleiades.stoa.org/places/570406,37.07624042080912,22.46082645177671,region," - "
3.2.6,Λίμναις,http://topostext.org/place/371222ULim,37.1217,22.1918,NULL," - "
3.2.6,Μεσσηνίας,http://pleiades.stoa.org/places/570480,37.06945533333334,21.9323415,region," - "
3.2.6,Μεσσηνίων,http://pleiades.stoa.org/places/570480,37.06945533333334,21.9323415,region," - "
3.2.6,Πελοποννήσου,http://pleiades.stoa.org/places/570577,37.25289777692308,22.312752688461543,"peninsula,region"," - "
3.2.6,Φᾶριν,http://pleiades.stoa.org/places/570591,37.029321,22.2805645,settlement," - builtcontrolled by Achaians"
3.2.6,Φαρῖται,http://pleiades.stoa.org/places/570591,37.029321,22.2805645,settlement," - "
3.2.7,Ἀργείους,http://pleiades.stoa.org/places/570104,37.6566371145232,22.92059272180843,region," - "
3.2.7,Ἀχαιῶν,http://pleiades.stoa.org/places/570028,38.102121472776034,22.224585911364017,region," - "
3.2.7,Ἕλος,http://topostext.org/place/368226UHel,36.8432,22.6075,NULL," - "
3.2.7,Κρησὶ,http://pleiades.stoa.org/places/589748,35.21984439173344,24.995769971494504,island," - "
3.2.7,Κρῆτας,http://pleiades.stoa.org/places/589748,35.21984439173344,24.995769971494504,island," - "
3.2.7,Κρήτην,http://pleiades.stoa.org/places/589748,35.21984439173344,24.995769971494504,island," - "
3.2.7,Λακεδαιμόνιοι,http://pleiades.stoa.org/places/570406,37.07624042080912,22.46082645177671,region," - "
3.2.7,Σπάρτῃ,http://pleiades.stoa.org/places/570685,37.08149,22.42454,"theatre,temple,settlement,temple-2"," - "
3.3.1,Ζεφυρίῳ,http://pleiades.stoa.org/places/452495,38.03955,16.14501,cape," - "
3.3.1,Ἰταλίαν,http://pleiades.stoa.org/places/1052,42.5,12.5,region," - "
3.3.1,Κρότωνα,http://pleiades.stoa.org/places/452317,39.028864,17.205128,"city-wall,sanctuary,settlement"," - "
3.3.1,Λακεδαιμόνιοι,http://pleiades.stoa.org/places/570406,37.07624042080912,22.46082645177671,region," - "
3.3.1,Λοκροὺς,http://pleiades.stoa.org/places/452369,38.20782,16.23715,"stoa,townhouse,theatre,sanctuary,settlement"," - "
3.3.1,Μεσσήνιοι,http://pleiades.stoa.org/places/570480,37.06945533333334,21.9323415,region," - "
3.3.2,Λακεδαιμονίοις,http://pleiades.stoa.org/places/570406,37.07624042080912,22.46082645177671,region," - "
3.3.2,Λακεδαιμονίων,http://pleiades.stoa.org/places/570406,37.07624042080912,22.46082645177671,region," - "
3.3.2,Μεσσήνη,http://dare.ht.lu.se/places/21909,37.175491,21.920439,"sanctuary,settlement,fort"," - "
3.3.2,Μεσσηνίας,http://pleiades.stoa.org/places/570480,37.06945533333334,21.9323415,region," - "
3.3.2,Μεσσηνίους,http://pleiades.stoa.org/places/570480,37.06945533333334,21.9323415,region," - "
3.3.2,Σπάρτῃ,http://pleiades.stoa.org/places/570685,37.08149,22.42454,"theatre,temple,settlement,temple-2"," - "
3.3.3,Ἑλλάδα,http://pleiades.stoa.org/places/1001896,37.5,22.5,province," - "
3.3.3,Λακεδαίμονι,http://pleiades.stoa.org/places/570406,37.07624042080912,22.46082645177671,region," - "
3.3.3,Λακεδαιμονίων,http://pleiades.stoa.org/places/570406,37.07624042080912,22.46082645177671,region," - "
3.3.3,Σπάρτῃ,http://pleiades.stoa.org/places/570685,37.08149,22.42454,"theatre,temple,settlement,temple-2"," - "
3.3.4,Ἀργείων,http://pleiades.stoa.org/places/570104,37.6566371145232,22.92059272180843,region," - "
3.3.4,Λακεδαιμονίων,http://pleiades.stoa.org/places/570406,37.07624042080912,22.46082645177671,region," - "
3.3.4,Μεσσήνιοί,http://pleiades.stoa.org/places/570480,37.06945533333334,21.9323415,region," - "
3.3.4,Μεσσηνίους,http://pleiades.stoa.org/places/570480,37.06945533333334,21.9323415,region," - "
3.3.4,Πελοποννήσου,http://pleiades.stoa.org/places/570577,37.25289777692308,22.312752688461543,"peninsula,region"," - "
3.3.5,Λακεδαιμόνιοι,http://pleiades.stoa.org/places/570406,37.07624042080912,22.46082645177671,region," - "
3.3.5,Λακεδαιμόνιος,http://pleiades.stoa.org/places/570406,37.07624042080912,22.46082645177671,region," - "
3.3.5,Λακεδαιμονίων,http://pleiades.stoa.org/places/570406,37.07624042080912,22.46082645177671,region," - "
3.3.5,Μεσσήνιοι,http://pleiades.stoa.org/places/570480,37.06945533333334,21.9323415,region," - "
3.3.5,Τεγέαν,http://pleiades.stoa.org/places/570707,37.464,22.429,"theatre,church,settlement"," - "
3.3.5,Τεγεάτας,http://pleiades.stoa.org/places/570707,37.464,22.429,"theatre,church,settlement"," - "
3.3.5,Τεγεατῶν,http://pleiades.stoa.org/places/570707,37.464,22.429,"theatre,church,settlement"," - "
3.3.6,Δελφῶν,http://pleiades.stoa.org/places/540726,38.482289,22.501169,"sanctuary,settlement"," - "
3.3.6,Σπαρτιᾶται,http://pleiades.stoa.org/places/570685,37.08149,22.42454,"theatre,temple,settlement,temple-2"," - "
3.3.7,Ἀθηναίοις,http://pleiades.stoa.org/places/579885,37.971687,23.726464,settlement," - "
3.3.7,Ἀθήνας,http://pleiades.stoa.org/places/579885,37.971687,23.726464,settlement," - "
3.3.7,Λακεδαιμονίοις,http://pleiades.stoa.org/places/570406,37.07624042080912,22.46082645177671,region," - "
3.3.7,Σκῦρον,http://pleiades.stoa.org/places/541093,38.82754,24.6099,"island,settlement"," - "
3.3.7,Σκύρου,http://pleiades.stoa.org/places/541093,38.82754,24.6099,"island,settlement"," - "
3.3.8,Νικομηδεῦσιν,http://pleiades.stoa.org/places/511337,40.76445,29.923486,settlement," - "
3.3.8,Φασήλιδι,http://pleiades.stoa.org/places/639051,36.524579,30.551573,settlement," - "
3.3.9,Λακεδαιμονίων,http://pleiades.stoa.org/places/570406,37.07624042080912,22.46082645177671,region," - "
3.3.10,Λακεδαιμόνιοι,http://pleiades.stoa.org/places/570406,37.07624042080912,22.46082645177671,region," - "
3.4.1,Ἀργεῖοι,http://pleiades.stoa.org/places/570104,37.6566371145232,22.92059272180843,region," - "
3.4.1,Ἀργείων,http://pleiades.stoa.org/places/570104,37.6566371145232,22.92059272180843,region," - "
3.4.1,Ἀργολίδα,http://pleiades.stoa.org/places/570104,37.6566371145232,22.92059272180843,region," - "
3.4.1,Λακεδαίμονι,http://pleiades.stoa.org/places/570406,37.07624042080912,22.46082645177671,region," - "
3.4.1,Λακεδαιμονίων,http://pleiades.stoa.org/places/570406,37.07624042080912,22.46082645177671,region," - "
3.4.2,Ἀθηναῖοι,http://pleiades.stoa.org/places/579885,37.971687,23.726464,settlement," - "
3.4.2,Ἀθηναίοις,http://pleiades.stoa.org/places/579885,37.971687,23.726464,settlement," - "
3.4.2,Ἀθήνας,http://pleiades.stoa.org/places/579885,37.971687,23.726464,settlement," - "
3.4.2,Ἀθηνῶν,http://pleiades.stoa.org/places/579885,37.971687,23.726464,settlement," - "
3.4.2,Αἴγιναν,http://pleiades.stoa.org/places/579844,37.74991,23.42372,"island,settlement,temple-2"," - "
3.4.2,Αἰγινητῶν,http://pleiades.stoa.org/places/579853,37.74991,23.42372,"island,settlement,temple-2"," - "
3.4.2,Ἐλευσῖνι,http://pleiades.stoa.org/places/579910,38.041096,23.538311,"sanctuary,settlement"," - "
3.4.2,Ἕλλησιν,http://pleiades.stoa.org/places/1001896,37.5,22.5,province," - "
3.4.2,Ἰσαγόρου,http://pleiades.stoa.org/places/579885,37.971687,23.726464,settlement," - historical|Athenian|male|tyrant|proxyIsagoras the Athenian"
3.4.2,Λακεδαιμονίοις,http://pleiades.stoa.org/places/570406,37.07624042080912,22.46082645177671,region," - "
3.4.2,Ὀργάδος,http://topostext.org/place/381234RSOr,38.0918,23.3853,NULL," - chôra|orgasOrgas of the Eleusinian gods"
3.4.3,Αἰγίνῃ,http://pleiades.stoa.org/places/579844,37.74991,23.42372,"island,settlement,temple-2"," - "
3.4.3,Αἰγίνης,http://pleiades.stoa.org/places/579844,37.74991,23.42372,"island,settlement,temple-2"," - "
3.4.3,Δελφοῖς,http://pleiades.stoa.org/places/540726,38.482289,22.501169,"sanctuary,settlement"," - "
3.4.3,Λακεδαιμονίοις,http://pleiades.stoa.org/places/570406,37.07624042080912,22.46082645177671,region," - "
3.4.3,Λακεδαιμονίων,http://pleiades.stoa.org/places/570406,37.07624042080912,22.46082645177671,region," - "
3.4.4,Δελφοῖς,http://pleiades.stoa.org/places/540726,38.482289,22.501169,"sanctuary,settlement"," - "
3.4.4,Λακεδαιμόνιοι,http://pleiades.stoa.org/places/570406,37.07624042080912,22.46082645177671,region," - "
3.4.5,Ἀθηναῖοι,http://pleiades.stoa.org/places/579885,37.971687,23.726464,settlement," - "
3.4.5,Ἀργεῖοι,http://pleiades.stoa.org/places/570104,37.6566371145232,22.92059272180843,region," - "
3.4.5,Δελφοὶ,http://pleiades.stoa.org/places/540726,38.482289,22.501169,"sanctuary,settlement"," - "
3.4.5,Ὀργάδα,http://topostext.org/place/381234RSOr,38.0918,23.3853,NULL,NULL
3.4.6,"γῆν ἐπεργασαμένοις τὴν ἱεράν",http://topostext.org/place/381234RSOr,38.0918,23.3853,NULL," - gêSacred land of the twin goddesses"
3.4.6,Ἐλαιοῦντι,http://pleiades.stoa.org/places/501411,40.051661,26.220385,settlement," - "
3.4.6,Ἐλευσῖνι,http://pleiades.stoa.org/places/579910,38.041096,23.538311,"sanctuary,settlement"," - "
3.4.6,Μεγαρεῦσιν,http://dare.ht.lu.se/places/21951,37.2038,15.18273,"region,settlement"," - "
3.4.7,Ἑλλάδα,http://pleiades.stoa.org/places/1001896,37.5,22.5,province," - "
3.4.7,Ἑλλήνων,http://pleiades.stoa.org/places/1001896,37.5,22.5,province," - "
3.4.7,Θερμοπύλας,http://dare.ht.lu.se/places/21976,38.796511,22.538294,"shrine,pass,fort"," - "
3.4.7,Ἰλίῳ,http://pleiades.stoa.org/places/550595,39.9577,26.23873,settlement," - "
3.4.7,Λακεδαιμονίων,http://pleiades.stoa.org/places/570406,37.07624042080912,22.46082645177671,region," - "
3.4.7,Μαραθῶνι,http://topostext.org/place/381241LMaB,38.144,24.0002,NULL," - "
3.4.8,Ἀθηναίων,http://pleiades.stoa.org/places/579885,37.971687,23.726464,settlement," - "
3.4.8,Ἑλλάδα,http://pleiades.stoa.org/places/1001896,37.5,22.5,province," - "
3.4.8,Ἕλληνας,http://pleiades.stoa.org/places/1001896,37.5,22.5,province," - "
3.4.8,Θερμοπύλας,http://dare.ht.lu.se/places/21976,38.796511,22.538294,"shrine,pass,fort"," - "
3.4.8,Μήδοις,http://pleiades.stoa.org/places/903080,34.5,46.5,region," - "
3.4.8,Οἴτης,http://pleiades.stoa.org/places/540968,38.7922475,22.2564576,mountain," - "
3.4.8,Πέρσαις,http://pleiades.stoa.org/places/922698,30.5,51.5,unknown," - "
3.4.8,Τραχίνιος,http://topostext.org/place/388224RTra,38.75,22.4,NULL," - "
3.4.9,Ἑλλήσποντον,http://pleiades.stoa.org/places/501434,40.2,26.4,water-open," - "
3.4.9,Κῴαν,http://pleiades.stoa.org/places/599581,36.844,27.17,island," - "
3.4.9,Κῴοις,http://pleiades.stoa.org/places/599581,36.844,27.17,island," - "
3.4.9,Λακεδαιμονίους,http://pleiades.stoa.org/places/570406,37.07624042080912,22.46082645177671,region," - "
3.4.9,Πέρσης,http://pleiades.stoa.org/places/922698,30.5,51.5,unknown," - "
3.4.9,Πλάταιάν,http://dare.ht.lu.se/places/21988,38.221019,23.273866,settlement," - "
3.4.10,Αἰγινήτου,http://dare.ht.lu.se/places/21936,37.74991,23.42372,"island,settlement,temple-2"," - "
3.4.10,Κῶν,http://pleiades.stoa.org/places/599581,36.844,27.17,island," - "
3.4.10,Πλαταιᾶσι,http://pleiades.stoa.org/places/541063,38.221019,23.273866,settlement," - "
3.5.1,Ἀθηναίοις,http://pleiades.stoa.org/places/579885,37.971687,23.726464,settlement," - "
3.5.1,Ἀθηναίων,http://pleiades.stoa.org/places/579885,37.971687,23.726464,settlement," - "
3.5.1,Ἀττικὴν,http://pleiades.stoa.org/places/579888,38.051998833333336,23.818991099999998,region," - "
3.5.1,Πειραιᾶ,http://pleiades.stoa.org/places/580062,37.937222,23.644609,"theatre,region,settlement,fort"," - "
3.5.1,Πλαταιᾶσι,http://pleiades.stoa.org/places/541063,38.221019,23.273866,settlement," - "
3.5.1,Σπάρτῃ,http://pleiades.stoa.org/places/570685,37.08149,22.42454,"theatre,temple,settlement,temple-2"," - "
3.5.2,Ἀθηνῶν,http://pleiades.stoa.org/places/579885,37.971687,23.726464,settlement," - "
3.5.2,Λακεδαιμονίων,http://pleiades.stoa.org/places/570406,37.07624042080912,22.46082645177671,region," - "
3.5.3,Ἀθηναίων,http://pleiades.stoa.org/places/579885,37.971687,23.726464,settlement," - "
3.5.3,"Ἁλιαρτίων τεῖχος",http://topostext.org/place/384231PHal,38.3787,23.088,NULL," - "
3.5.3,Βοιωτίαν,http://pleiades.stoa.org/places/540689,38.34668803333333,23.184677533333332,region," - "
3.5.3,Θηβαίων,http://pleiades.stoa.org/places/541138,38.318092,23.255096,"sanctuary,settlement"," - "
3.5.3,Θήβας,http://pleiades.stoa.org/places/541138,38.318092,23.255096,"sanctuary,settlement"," - "
3.5.3,Λακεδαιμονίων,http://pleiades.stoa.org/places/570406,37.07624042080912,22.46082645177671,region," - "
3.5.3,Φωκέας,http://pleiades.stoa.org/places/541048,38.25,22.25,unknown," - "
3.5.3,Φωκίδα,http://pleiades.stoa.org/places/541048,38.25,22.25,unknown," - "
3.5.4,Ἀθηναίους,http://pleiades.stoa.org/places/579885,37.971687,23.726464,settlement," - "
3.5.4,Ἀρκαδίας,http://pleiades.stoa.org/places/570102,37.567419268449626,22.165323097346306,region," - "
3.5.4,Βοιωτίαν,http://pleiades.stoa.org/places/540689,38.34668803333333,23.184677533333332,region," - "
3.5.4,Θηβαῖοι,http://pleiades.stoa.org/places/541138,38.318092,23.255096,"sanctuary,settlement"," - "
3.5.4,Θήβας,http://pleiades.stoa.org/places/541138,38.318092,23.255096,"sanctuary,settlement"," - "
3.5.4,Λακεδαιμονίους,http://pleiades.stoa.org/places/570406,37.07624042080912,22.46082645177671,region," - "
3.5.4,Τεγεατῶν,http://pleiades.stoa.org/places/570707,37.464,22.429,"theatre,church,settlement"," - "
3.5.5,"Ἁλιαρτίων τείχει",http://topostext.org/place/384231PHal,38.3787,23.088,NULL," - "
3.5.5,Θερμοπύλαις,http://dare.ht.lu.se/places/21976,38.796511,22.538294,"shrine,pass,fort"," - "
3.5.5,Θηβαίους,http://pleiades.stoa.org/places/541138,38.318092,23.255096,"sanctuary,settlement"," - "
3.5.5,Λακεδαιμονίοις,http://pleiades.stoa.org/places/570406,37.07624042080912,22.46082645177671,region," - "
3.5.5,Σφακτηρίᾳ,http://pleiades.stoa.org/places/570686,36.930136,21.665725,island," - "
3.5.6,Ἀργεῖοι,http://pleiades.stoa.org/places/570104,37.6566371145232,22.92059272180843,region," - "
3.5.6,Βοιωτίαν,http://pleiades.stoa.org/places/540689,38.34668803333333,23.184677533333332,region," - "
3.5.6,ἱερὸν,http://topostext.org/place/375224SAth,37.4555,22.4203,NULL," - "
3.5.6,Λακεδαιμόνιοι,http://pleiades.stoa.org/places/570406,37.07624042080912,22.46082645177671,region," - "
3.5.6,Πελοποννησίοις,http://pleiades.stoa.org/places/570577,37.25289777692308,22.312752688461543,"peninsula,region"," - "
3.5.6,Τεγεᾶται,http://dare.ht.lu.se/places/21915,37.464,22.429,"theatre,church,settlement"," - "
3.5.7,Κορίνθῳ,http://dare.ht.lu.se/places/17070,37.906045,22.878721,"sanctuary,settlement,fort"," - "
3.5.7,Λακεδαιμονίων,http://pleiades.stoa.org/places/570406,37.07624042080912,22.46082645177671,region," - "
3.5.8,Ἀθηναίοις,http://pleiades.stoa.org/places/579885,37.971687,23.726464,settlement," - "
3.5.8,Ἀργεῖοι,http://pleiades.stoa.org/places/570104,37.6566371145232,22.92059272180843,region," - "
3.5.8,Ἀργείοις,http://dare.ht.lu.se/places/21779,37.631561,22.719464,settlement," - "
3.5.8,Ἀργολίδα,http://pleiades.stoa.org/places/570104,37.6566371145232,22.92059272180843,region," - "
3.5.8,Ἑλλήνων,http://pleiades.stoa.org/places/1001896,37.5,22.5,province," - "
3.5.8,Λακεδαιμονίοις,http://pleiades.stoa.org/places/570406,37.07624042080912,22.46082645177671,region," - "
3.5.8,Πελοποννησίων,http://pleiades.stoa.org/places/570577,37.25289777692308,22.312752688461543,"peninsula,region"," - "
3.5.8,Τεγεατῶν,http://pleiades.stoa.org/places/570707,37.464,22.429,"theatre,church,settlement"," - "
3.5.9,Ἀργείων,http://pleiades.stoa.org/places/570104,37.6566371145232,22.92059272180843,region," - "
3.5.9,Ἀργολίδος,http://pleiades.stoa.org/places/570104,37.6566371145232,22.92059272180843,region," - "
3.5.9,Ὀλυνθίους,http://pleiades.stoa.org/places/491678,40.296525,23.354208,"townhouse,villa,settlement"," - "
3.5.9,Ὄλυνθον,http://pleiades.stoa.org/places/491678,40.296525,23.354208,"townhouse,villa,settlement"," - "
3.5.9,Χαλκιδεῦσι,http://topostext.org/place/405233RCha,40.5,23.3,NULL," - "
3.6.1,Ἀθηναίων,http://pleiades.stoa.org/places/579885,37.971687,23.726464,settlement," - "
3.6.1,Βοιωτοῖς,http://pleiades.stoa.org/places/540689,38.34668803333333,23.184677533333332,region," - "
3.6.1,Δηλίῳ,http://topostext.org/place/383237UDel,38.34,23.6765,NULL," - "
3.6.1,Θεσσαλίᾳ,http://pleiades.stoa.org/places/1332,39.6,22.2,region," - "
3.6.1,Λεύκτροις,http://pleiades.stoa.org/places/540913,38.25422,23.18095,settlement," - "
3.6.3,Σπάρτῃ,http://pleiades.stoa.org/places/570685,37.08149,22.42454,"theatre,temple,settlement,temple-2"," - "
3.6.4,Ἀθηναίοις,http://pleiades.stoa.org/places/579885,37.971687,23.726464,settlement," - "
3.6.4,Ἀθήνας,http://pleiades.stoa.org/places/579885,37.971687,23.726464,settlement," - "
3.6.4,Αἰγυπτίων,http://pleiades.stoa.org/places/981503,19.211408766666665,30.567329633333333,region," - "
3.6.4,Λακεδαιμόνιοι,http://pleiades.stoa.org/places/570406,37.07624042080912,22.46082645177671,region," - "
3.6.4,Σπάρτῃ,http://pleiades.stoa.org/places/570685,37.08149,22.42454,"theatre,temple,settlement,temple-2"," - "
3.6.5,Ἀθηναίων,http://pleiades.stoa.org/places/579885,37.971687,23.726464,settlement," - "
3.6.5,Ἀθήνας,http://pleiades.stoa.org/places/579885,37.971687,23.726464,settlement," - "
3.6.5,Αἰγυπτίους,http://pleiades.stoa.org/places/981503,19.211408766666665,30.567329633333333,region," - "
3.6.5,Λακεδαιμόνιοι,http://pleiades.stoa.org/places/570406,37.07624042080912,22.46082645177671,region," - "
3.6.5,Λακεδαιμονίους,http://pleiades.stoa.org/places/570406,37.07624042080912,22.46082645177671,region," - "
3.6.5,Μακεδόσιν,http://pleiades.stoa.org/places/491656,41.25,21.75,unknown," - "
3.6.6,Ἀθηναίοις,http://pleiades.stoa.org/places/579885,37.971687,23.726464,settlement," - "
3.6.6,Μουσεῖον,http://topostext.org/place/380237LMus,37.9674,23.7215,NULL," - physicalMacedonian fortress"
3.6.7,Λακεδαιμόνιοι,http://pleiades.stoa.org/places/570406,37.07624042080912,22.46082645177671,region," - "
3.6.7,Σπάρτης,http://dare.ht.lu.se/places/21911,37.08149,22.42454,"theatre,temple,settlement,temple-2"," - "
3.6.8,Αἰγύπτιον,http://pleiades.stoa.org/places/981503,19.211408766666665,30.567329633333333,region," - "
3.6.8,Ἀρκαδίαν,http://pleiades.stoa.org/places/570102,37.567419268449626,22.165323097346306,region," - "
3.6.8,Λακεδαιμόνιοι,http://pleiades.stoa.org/places/570406,37.07624042080912,22.46082645177671,region," - "
3.6.8,Μακεδονίᾳ,http://pleiades.stoa.org/places/491656,41.25,21.75,unknown," - "
3.6.8,Σπαρτιατῶν,http://pleiades.stoa.org/places/570685,37.08149,22.42454,"theatre,temple,settlement,temple-2"," - "
3.6.9,Αἰγύπτῳ,http://pleiades.stoa.org/places/981503,19.211408766666665,30.567329633333333,region," - "
3.6.9,Σικυώνιον,http://pleiades.stoa.org/places/570668,37.98336,22.71135,settlement," - "
3.6.9,Σπαρτιᾶται,http://pleiades.stoa.org/places/570685,37.08149,22.42454,"theatre,temple,settlement,temple-2"," - "
3.7.1,Σπάρτῃ,http://pleiades.stoa.org/places/570685,37.08149,22.42454,"theatre,temple,settlement,temple-2"," - "
3.7.2,Ἀργείους,http://pleiades.stoa.org/places/570104,37.6566371145232,22.92059272180843,region," - "
3.7.2,Κυνουρεῦσιν,http://topostext.org/place/374227RKyn,37.424,22.693,NULL," - "
3.7.2,Λακεδαιμονίοις,http://pleiades.stoa.org/places/570406,37.07624042080912,22.46082645177671,region," - "
3.7.2,Σπάρτη,http://dare.ht.lu.se/places/21911,37.08149,22.42454,"theatre,temple,settlement,temple-2"," - "
3.7.3,Ἀργείοις,http://dare.ht.lu.se/places/21779,37.631561,22.719464,settlement," - "
3.7.3,Ἀργολίδα,http://pleiades.stoa.org/places/570104,37.6566371145232,22.92059272180843,region," - "
3.7.3,Ἀρκαδίας,http://pleiades.stoa.org/places/570102,37.567419268449626,22.165323097346306,region," - "
3.7.3,Λακεδαιμόνιοι,http://pleiades.stoa.org/places/570406,37.07624042080912,22.46082645177671,region," - "
3.7.3,Σπαρτιατῶν,http://pleiades.stoa.org/places/570685,37.08149,22.42454,"theatre,temple,settlement,temple-2"," - "
3.7.3,Τεγεάτας,http://pleiades.stoa.org/places/570707,37.464,22.429,"theatre,church,settlement"," - "
3.7.3,Τεγεατῶν,http://pleiades.stoa.org/places/570707,37.464,22.429,"theatre,church,settlement"," - "
3.7.4,Ἀργείοις,http://dare.ht.lu.se/places/21779,37.631561,22.719464,settlement," - "
3.7.4,Ἀργολίδα,http://pleiades.stoa.org/places/570104,37.6566371145232,22.92059272180843,region," - "
3.7.4,Ἀσιναῖοι,http://pleiades.stoa.org/places/570124,37.52659,22.87403,settlement," - "
3.7.4,"ἱερῷ τῆς Λιμνάδος",http://topostext.org/place/371222SLim,37.1109,22.1714,NULL," - "
3.7.4,Λακεδαιμονίοις,http://pleiades.stoa.org/places/570406,37.07624042080912,22.46082645177671,region," - "
3.7.4,Μεσσηνίων,http://pleiades.stoa.org/places/570480,37.06945533333334,21.9323415,region," - "
3.7.5,Ἀργείους,http://pleiades.stoa.org/places/570104,37.6566371145232,22.92059272180843,region," - "
3.7.5,Θυρεάτιδος,http://pleiades.stoa.org/places/570736,37.25,22.75,region," - "
3.7.5,Λακεδαιμονίοις,http://pleiades.stoa.org/places/570406,37.07624042080912,22.46082645177671,region," - "
3.7.5,Μεσσηνίαν,http://pleiades.stoa.org/places/570480,37.06945533333334,21.9323415,region,NULL
3.7.5,Σπάρτῃ,http://pleiades.stoa.org/places/570685,37.08149,22.42454,"theatre,temple,settlement,temple-2"," - "
3.7.6,Μεσσήνιοι,http://pleiades.stoa.org/places/570480,37.06945533333334,21.9323415,region," - "
3.7.6,Πελοποννήσου,http://pleiades.stoa.org/places/570577,37.25289777692308,22.312752688461543,"peninsula,region"," - "
3.7.6,Σπαρτιατῶν,http://pleiades.stoa.org/places/570685,37.08149,22.42454,"theatre,temple,settlement,temple-2"," - "
3.7.7,Λακεδαίμονι,http://pleiades.stoa.org/places/570406,37.07624042080912,22.46082645177671,region," - "
3.7.8,Ἀθηναίους,http://pleiades.stoa.org/places/579885,37.971687,23.726464,settlement," - "
3.7.8,Πέρσας,http://pleiades.stoa.org/places/922698,30.5,51.5,unknown," - "
3.7.8,Σπάρτῃ,http://pleiades.stoa.org/places/570685,37.08149,22.42454,"theatre,temple,settlement,temple-2"," - "
3.7.9,Ἀθηναίοις,http://pleiades.stoa.org/places/579885,37.971687,23.726464,settlement," - "
3.7.9,Ἀθηναίων,http://pleiades.stoa.org/places/579885,37.971687,23.726464,settlement," - "
3.7.9,Θεσσαλίαν,http://pleiades.stoa.org/places/1332,39.6,22.2,region," - "
3.7.9,Μυκάλῃ,http://pleiades.stoa.org/places/599805,37.66144,27.12558,mountain," - "
3.7.10,Ἀθηναίοις,http://pleiades.stoa.org/places/579885,37.971687,23.726464,settlement," - "
3.7.10,"Ἀθηνᾶν τὴν Ἀλέαν",http://topostext.org/place/375224SAth,37.4555,22.4203,NULL," - "
3.7.10,ἄστυ,http://pleiades.stoa.org/places/541063,38.221019,23.273866,settlement," - astycapture of asty of Plataia"
3.7.10,Ἀττικὴν,http://pleiades.stoa.org/places/579888,38.051998833333336,23.818991099999998,region," - "
3.7.10,Λακεδαίμονι,http://pleiades.stoa.org/places/570406,37.07624042080912,22.46082645177671,region," - "
3.7.10,Πλαταιέων,http://pleiades.stoa.org/places/541063,38.221019,23.273866,settlement," - "
3.7.10,Τεγέαν,http://pleiades.stoa.org/places/570707,37.464,22.429,"theatre,church,settlement"," - "
3.7.11,Ἀθηναίων,http://pleiades.stoa.org/places/579885,37.971687,23.726464,settlement," - "
3.7.11,Ἑλλάδα,http://pleiades.stoa.org/places/1001896,37.5,22.5,province," - "
3.7.11,Λακεδαίμονι,http://pleiades.stoa.org/places/570406,37.07624042080912,22.46082645177671,region," - "
3.7.11,Πελοποννησίων,http://pleiades.stoa.org/places/570577,37.25289777692308,22.312752688461543,"peninsula,region"," - "
3.8.1,Λακεδαίμονος,http://pleiades.stoa.org/places/570406,37.07624042080912,22.46082645177671,region," - "
3.8.2,Δελφούς,http://pleiades.stoa.org/places/540726,38.482289,22.501169,"sanctuary,settlement"," - "
3.8.2,Λακεδαιμονίων,http://pleiades.stoa.org/places/570406,37.07624042080912,22.46082645177671,region," - "
3.8.2,Σπαρτιᾶταί,http://pleiades.stoa.org/places/570685,37.08149,22.42454,"theatre,temple,settlement,temple-2"," - "
3.8.3,Ἠλείαν,http://topostext.org/place/378215REle,37.8,21.5,NULL," - "
3.8.3,Ἠλείοις,http://pleiades.stoa.org/places/570220,37.89131,21.37493,"theatre,settlement"," - "
3.8.3,Ἠλείους,http://topostext.org/place/378215REle,37.8,21.5,NULL," - "
3.8.3,Ἠλείων,http://topostext.org/place/378215REle,37.8,21.5,NULL," - "
3.8.3,"ἱεροῦ τοῦ Ὀλυμπίασιν",http://pleiades.stoa.org/places/570531,37.637849,21.630126,"palaistra,sanctuary,temple-2"," - "
3.8.3,Λακεδαιμόνιοι,http://pleiades.stoa.org/places/570406,37.07624042080912,22.46082645177671,region," - "
3.8.3,Λακεδαιμονίοις,http://pleiades.stoa.org/places/570406,37.07624042080912,22.46082645177671,region," - "
3.8.3,Λεπρεάτας,http://pleiades.stoa.org/places/570423,37.439599,21.724777,settlement," - "
3.8.3,Σπάρτης,http://dare.ht.lu.se/places/21911,37.08149,22.42454,"theatre,temple,settlement,temple-2"," - "
3.8.4,Ἀλφειοῦ,http://pleiades.stoa.org/places/570067,37.6125,21.451667,river," - "
3.8.4,Ἠλεῖος,http://pleiades.stoa.org/places/570220,37.89131,21.37493,"theatre,settlement"," - "
3.8.4,Ἠλείων,http://topostext.org/place/378215REle,37.8,21.5,NULL," - "
3.8.4,Λακεδαιμονίων,http://pleiades.stoa.org/places/570406,37.07624042080912,22.46082645177671,region," - "
3.8.4,Ὀλυμπίας,http://pleiades.stoa.org/places/570531,37.637849,21.630126,"palaistra,sanctuary,temple-2"," - "
3.8.5,Ἠλείαν,http://topostext.org/place/378215REle,37.8,21.5,NULL," - "
3.8.5,Ἠλεῖοι,http://dare.ht.lu.se/places/21944,37.89131,21.37493,"theatre,settlement"," - "
3.8.5,Ἠλείων,http://topostext.org/place/378215REle,37.8,21.5,NULL," - "
3.8.5,Λακεδαιμόνιοι,http://pleiades.stoa.org/places/570406,37.07624042080912,22.46082645177671,region," - "
3.8.5,Λακεδαιμονίους,http://pleiades.stoa.org/places/570406,37.07624042080912,22.46082645177671,region," - "
3.8.5,Λεπρεάταις,http://pleiades.stoa.org/places/570423,37.439599,21.724777,settlement," - "
3.8.5,Ὀλυμπίᾳ,http://pleiades.stoa.org/places/570531,37.637849,21.630126,"palaistra,sanctuary,temple-2",NULL
3.8.5,Σπαρτιάτην,http://pleiades.stoa.org/places/570685,37.08149,22.42454,"theatre,temple,settlement,temple-2"," - "
3.8.6,Ἀθηναίοις,http://pleiades.stoa.org/places/579885,37.971687,23.726464,settlement," - "
3.8.6,Ἀθηναίων,http://pleiades.stoa.org/places/579885,37.971687,23.726464,settlement," - "
3.8.6,Ἀθήνας,http://pleiades.stoa.org/places/579885,37.971687,23.726464,settlement," - "
3.8.6,"Αἰγὸς ποταμοῖς",http://pleiades.stoa.org/places/501336,40.35074,26.61011,settlement," - "
3.8.6,Ἀττικὴν,http://pleiades.stoa.org/places/579888,38.051998833333336,23.818991099999998,region," - "
3.8.6,Δεκελείᾳ,http://pleiades.stoa.org/places/579907,38.152799,23.794134,church," - "
3.8.6,Λακεδαιμόνιοι,http://pleiades.stoa.org/places/570406,37.07624042080912,22.46082645177671,region," - "
3.8.6,Σπαρτιατῶν,http://pleiades.stoa.org/places/570685,37.08149,22.42454,"theatre,temple,settlement,temple-2"," - "
3.8.7,Ἀρκαδίας,http://pleiades.stoa.org/places/570102,37.567419268449626,22.165323097346306,region," - "
3.8.7,Ἡραίᾳ,http://pleiades.stoa.org/places/570287,37.613569,21.863791,settlement," - "
3.8.7,Λακεδαιμονίους,http://pleiades.stoa.org/places/570406,37.07624042080912,22.46082645177671,region," - "
3.8.8,Ἀρκάδες,http://pleiades.stoa.org/places/570102,37.567419268449626,22.165323097346306,region," - "
3.8.8,Ἡραίας,http://pleiades.stoa.org/places/570287,37.613569,21.863791,settlement,NULL
3.8.8,Λακεδαιμονίοις,http://pleiades.stoa.org/places/570406,37.07624042080912,22.46082645177671,region," - "
3.8.9,Δελφῶν,http://pleiades.stoa.org/places/540726,38.482289,22.501169,"sanctuary,settlement"," - "
3.8.9,Σπάρτη,http://dare.ht.lu.se/places/21911,37.08149,22.42454,"theatre,temple,settlement,temple-2"," - "
3.8.10,Δελφούς,http://pleiades.stoa.org/places/540726,38.482289,22.501169,"sanctuary,settlement"," - "
3.8.10,Λακεδαιμόνιοι,http://pleiades.stoa.org/places/570406,37.07624042080912,22.46082645177671,region," - "
3.9.1,Ἀθηναίους,http://pleiades.stoa.org/places/579885,37.971687,23.726464,settlement," - "
3.9.1,Ἄργους,http://pleiades.stoa.org/places/570106,37.631561,22.719464,settlement," - "
3.9.1,Ἕλληνας,http://pleiades.stoa.org/places/1001896,37.5,22.5,province," - "
3.9.1,Ἰσθμοῦ,http://pleiades.stoa.org/places/570317,37.9510881,22.9602226,isthmus," - "
3.9.1,Λακεδαιμονίοις,http://pleiades.stoa.org/places/570406,37.07624042080912,22.46082645177671,region," - "
3.9.1,Πελοπόννησον,http://pleiades.stoa.org/places/570577,37.25289777692308,22.312752688461543,"peninsula,region"," - "
3.9.2,Ἀθηναίοις,http://pleiades.stoa.org/places/579885,37.971687,23.726464,settlement," - "
3.9.2,Κορίνθιοι,http://pleiades.stoa.org/places/570182,37.906045,22.878721,"sanctuary,settlement,fort"," - "
3.9.3,Ἀθηναίοις,http://pleiades.stoa.org/places/579885,37.971687,23.726464,settlement," - "
3.9.3,Αὐλίδα,http://pleiades.stoa.org/places/579889,38.4335,23.5925,settlement," - "
3.9.3,Θηβαῖοι,http://pleiades.stoa.org/places/541138,38.318092,23.255096,"sanctuary,settlement"," - "
3.9.3,Θηβαίοις,http://pleiades.stoa.org/places/541138,38.318092,23.255096,"sanctuary,settlement"," - "
3.9.3,Θήβας,http://pleiades.stoa.org/places/541138,38.318092,23.255096,"sanctuary,settlement"," - "
3.9.3,Πλαταιεῦσιν,http://pleiades.stoa.org/places/541063,38.221019,23.273866,settlement," - "
3.9.3,Τροίαν,http://pleiades.stoa.org/places/550595,39.9577,26.23873,settlement," - "
3.9.4,Ἑλλάδος,http://pleiades.stoa.org/places/1001896,37.5,22.5,province," - "
3.9.4,Θηβαῖοι,http://pleiades.stoa.org/places/541138,38.318092,23.255096,"sanctuary,settlement"," - "
3.9.4,ἱεροῦ,http://topostext.org/place/384236UAul,38.4335,23.5925,NULL," - "
3.9.4,Περσῶν,http://pleiades.stoa.org/places/922698,30.5,51.5,unknown," - "
3.9.5,Λυδία,http://pleiades.stoa.org/places/550701,38.624771249999995,27.9632845,region," - "
3.9.5,Σάρδεις,http://dare.ht.lu.se/places/21160,38.488333,28.040278,settlement," - "
3.9.5,Σοῦσα,http://dare.ht.lu.se/places/22221,32.19202,48.24854,settlement," - "
3.9.6,Ἀθήνας,http://pleiades.stoa.org/places/579885,37.971687,23.726464,settlement," - "
3.9.6,"Ἕρμου πεδίῳ",http://pleiades.stoa.org/places/550575,38.5178164,28.1112899,river," - battlefieldPlain of Hermos"
3.9.6,Ἰωνίαν,http://pleiades.stoa.org/places/550597,38.258572855555556,27.36601213333333,region," - "
3.9.6,Λακεδαιμόνιοι,http://pleiades.stoa.org/places/570406,37.07624042080912,22.46082645177671,region," - "
3.9.6,Περσῶν,http://pleiades.stoa.org/places/922698,30.5,51.5,unknown," - "
3.9.6,Σκύθας,http://pleiades.stoa.org/places/991379,42.5,27.5,province," - "
3.9.7,Λακεδαιμονίους,http://pleiades.stoa.org/places/570406,37.07624042080912,22.46082645177671,region," - "
3.9.8,Ἀθηναῖος,http://dare.ht.lu.se/places/10975,37.971687,23.726464,settlement," - "
3.9.8,Ἀργείων,http://pleiades.stoa.org/places/570104,37.6566371145232,22.92059272180843,region," - "
3.9.8,Ἑλλάδα,http://pleiades.stoa.org/places/1001896,37.5,22.5,province," - "
3.9.8,Ἑλλάδι,http://pleiades.stoa.org/places/1001896,37.5,22.5,province," - "
3.9.8,Θήβαις,http://dare.ht.lu.se/places/21952,38.318092,23.255096,"sanctuary,settlement"," - "
3.9.8,Κορινθίων,http://pleiades.stoa.org/places/570182,37.906045,22.878721,"sanctuary,settlement,fort"," - "
3.9.8,Λακεδαιμονίοις,http://pleiades.stoa.org/places/570406,37.07624042080912,22.46082645177671,region," - "
3.9.8,Λακεδαιμονίους,http://pleiades.stoa.org/places/570406,37.07624042080912,22.46082645177671,region," - "
3.9.8,Ῥόδιον,http://dare.ht.lu.se/places/22218,36.41451,28.15629,"island,settlement,temple-2,stadion"," - "
3.9.8,Σάρδεις,http://dare.ht.lu.se/places/21160,38.488333,28.040278,settlement," - "
3.9.9,Ἀμφίσσης,http://topostext.org/place/385224PAmp,38.53,22.374,NULL," - "
3.9.9,Θηβαίων,http://pleiades.stoa.org/places/541138,38.318092,23.255096,"sanctuary,settlement"," - "
3.9.9,Λοκρίδα,http://pleiades.stoa.org/places/540919,38.25,21.75,unknown," - "
3.9.9,Λοκροί,http://pleiades.stoa.org/places/540919,38.25,21.75,unknown," - "
3.9.9,Λοκροῖς,http://pleiades.stoa.org/places/540919,38.25,21.75,unknown," - "
3.9.9,Φωκέας,http://pleiades.stoa.org/places/541048,38.25,22.25,unknown," - "
3.9.9,Φωκεῖς,http://pleiades.stoa.org/places/541048,38.25,22.25,unknown," - "
3.9.10,Αὐλίδι,http://pleiades.stoa.org/places/579889,38.4335,23.5925,settlement," - "
3.9.10,Θηβαίοις,http://pleiades.stoa.org/places/541138,38.318092,23.255096,"sanctuary,settlement"," - "
3.9.10,Θηβαίους,http://pleiades.stoa.org/places/541138,38.318092,23.255096,"sanctuary,settlement"," - "
3.9.10,Λακεδαίμονα,http://pleiades.stoa.org/places/570406,37.07624042080912,22.46082645177671,region," - "
3.9.10,Λακεδαιμονίοις,http://pleiades.stoa.org/places/570406,37.07624042080912,22.46082645177671,region," - "
3.9.10,Λοκροὶ,http://pleiades.stoa.org/places/540919,38.25,21.75,unknown," - "
3.9.10,Φωκεῖς,http://pleiades.stoa.org/places/541048,38.25,22.25,unknown," - "
3.9.10,Φωκίδα,http://pleiades.stoa.org/places/541048,38.25,22.25,unknown," - "
3.9.11,Ἀθηναῖοι,http://pleiades.stoa.org/places/579885,37.971687,23.726464,settlement," - "
3.9.11,Θήβας,http://pleiades.stoa.org/places/541138,38.318092,23.255096,"sanctuary,settlement"," - "
3.9.11,Λακεδαιμόνιοι,http://pleiades.stoa.org/places/570406,37.07624042080912,22.46082645177671,region," - "
3.9.11,Λακεδαιμονίων,http://pleiades.stoa.org/places/570406,37.07624042080912,22.46082645177671,region," - "
3.9.11,Σπάρτην,http://dare.ht.lu.se/places/21911,37.08149,22.42454,"theatre,temple,settlement,temple-2"," - "
3.9.12,Ἀβύδου,http://dare.ht.lu.se/places/22863,40.19406,26.41122,settlement," - "
3.9.12,Ἀθηναίων,http://pleiades.stoa.org/places/579885,37.971687,23.726464,settlement," - "
3.9.12,Βοιωτίαν,http://pleiades.stoa.org/places/540689,38.34668803333333,23.184677533333332,region," - "
3.9.12,Θεσσαλίαν,http://pleiades.stoa.org/places/1332,39.6,22.2,region," - "
3.9.12,Θεσσαλοὶ,http://pleiades.stoa.org/places/1332,39.6,22.2,region," - "
3.9.12,Θηβαίους,http://pleiades.stoa.org/places/541138,38.318092,23.255096,"sanctuary,settlement"," - "
3.9.12,Θρᾴκην,http://topostext.org/place/410265RThr,41.0,26.5,NULL," - "
3.9.12,Λακεδαιμονίων,http://pleiades.stoa.org/places/570406,37.07624042080912,22.46082645177671,region," - "
3.9.12,Σηστὸν,http://dare.ht.lu.se/places/21216,40.21343,26.38916,settlement," - "
3.9.13,Βοιωτοί,http://pleiades.stoa.org/places/540689,38.34668803333333,23.184677533333332,region," - "
3.9.13,Βοιωτῶν,http://pleiades.stoa.org/places/540689,38.34668803333333,23.184677533333332,region," - "
3.9.13,Θεσσαλίαν,http://pleiades.stoa.org/places/1332,39.6,22.2,region," - "
3.9.13,Θηβαίους,http://pleiades.stoa.org/places/541138,38.318092,23.255096,"sanctuary,settlement"," - "
3.9.13,ἱερὸν,http://topostext.org/place/384230SAth,38.4128,22.9968,NULL," - "
3.9.13,Κορωνείᾳ,http://dare.ht.lu.se/places/23114,38.392613,22.956902,settlement," - "
3.10.1,Ἀθηναῖοι,http://pleiades.stoa.org/places/579885,37.971687,23.726464,settlement," - "
3.10.1,Ἀμυκλαιεῖς,http://pleiades.stoa.org/places/570074,35.0133,24.76084,"settlement,port"," - "
3.10.1,Ἀργείων,http://pleiades.stoa.org/places/570104,37.6566371145232,22.92059272180843,region," - "
3.10.1,Κορίνθιοι,http://pleiades.stoa.org/places/570182,37.906045,22.878721,"sanctuary,settlement,fort"," - "
3.10.1,Κόρινθον,http://dare.ht.lu.se/places/17070,37.906045,22.878721,"sanctuary,settlement,fort"," - "
3.10.1,Σπάρτην,http://dare.ht.lu.se/places/21911,37.08149,22.42454,"theatre,temple,settlement,temple-2"," - "
3.10.2,Αἰγυπτίων,http://pleiades.stoa.org/places/981503,19.211408766666665,30.567329633333333,region," - "
3.10.2,Αἴγυπτον,http://pleiades.stoa.org/places/981503,19.211408766666665,30.567329633333333,region," - "
3.10.2,Αἰγύπτῳ,http://pleiades.stoa.org/places/981503,19.211408766666665,30.567329633333333,region," - "
3.10.2,Αἰτωλίαν,http://pleiades.stoa.org/places/540591,38.51586100952381,21.759714990476194,region," - "
3.10.2,Αἰτωλοῖς,http://pleiades.stoa.org/places/540591,38.51586100952381,21.759714990476194,region," - "
3.10.2,Αἰτωλῶν,http://pleiades.stoa.org/places/540591,38.51586100952381,21.759714990476194,region," - "
3.10.2,Ἀκαρνᾶνας,http://pleiades.stoa.org/places/530767,38.672287499999996,21.317874500000002,region," - "
3.10.2,Ἀκαρνάνων,http://pleiades.stoa.org/places/530767,38.672287499999996,21.317874500000002,region," - "
3.10.2,Καλυδῶνα,http://dare.ht.lu.se/places/21986,38.372423,21.533106,"sanctuary,settlement"," - "
3.10.2,Λακεδαιμόνιοι,http://pleiades.stoa.org/places/570406,37.07624042080912,22.46082645177671,region," - "
3.10.3,Ἀθηναῖοί,http://dare.ht.lu.se/places/10975,37.971687,23.726464,settlement," - "
3.10.3,Δελφοῖς,http://pleiades.stoa.org/places/540726,38.482289,22.501169,"sanctuary,settlement"," - "
3.10.3,Θηβαίοις,http://pleiades.stoa.org/places/541138,38.318092,23.255096,"sanctuary,settlement"," - "
3.10.3,Θηβαίων,http://pleiades.stoa.org/places/541138,38.318092,23.255096,"sanctuary,settlement"," - "
3.10.3,Λακεδαιμόνιοί,http://pleiades.stoa.org/places/570406,37.07624042080912,22.46082645177671,region," - "
3.10.3,Φωκεῖς,http://pleiades.stoa.org/places/541048,38.25,22.25,unknown," - "
3.10.3,Φωκεῦσιν,http://pleiades.stoa.org/places/541048,38.25,22.25,unknown," - "
3.10.3,Φωκέων,http://pleiades.stoa.org/places/541048,38.25,22.25,unknown," - "
3.10.4,Δελφῶν,http://pleiades.stoa.org/places/540726,38.482289,22.501169,"sanctuary,settlement"," - "
3.10.4,Φωκεῖς,http://pleiades.stoa.org/places/541048,38.25,22.25,unknown," - "
3.10.4,Φωκέων,http://pleiades.stoa.org/places/541048,38.25,22.25,unknown," - "
3.10.5,Ἰταλίαν,http://pleiades.stoa.org/places/1052,42.5,12.5,region," - "
3.10.5,Λακεδαιμονίοις,http://pleiades.stoa.org/places/570406,37.07624042080912,22.46082645177671,region," - "
3.10.5,Μακεδόσιν,http://pleiades.stoa.org/places/491656,41.25,21.75,unknown," - "
3.10.5,Ταραντίνοις,http://dare.ht.lu.se/places/16562,40.476034,17.228553,"settlement,temple-2"," - "
3.10.6,ἄγαλμά,http://arachne.dainst.org/entity/3586275,37.049635,22.818732,NULL," - object|agalma|HeraklesLeft of the Skotitas-Sparta road"
3.10.6,Ἑρμῶν,http://topostext.org/place/373225SHer,37.324,22.5431,NULL," - "
3.10.6,Σκοτίταν,http://topostext.org/place/373225RSko,37.31,22.51,NULL," - chôrion|Paus|Q124607542full of oak forests"
3.10.6,τρόπαιον,http://arachne.dainst.org/entity/3586278,37.049635,22.818732,NULL," - built|tropaion|Herakles|PausTrophy erected by Herakles left of Skotitas-Sparta road, victory of Hippokoon"
3.10.7,Ἀχαιοὶ,http://pleiades.stoa.org/places/570028,38.102121472776034,22.224585911364017,region," - "
3.10.7,Κάρυαι,http://topostext.org/place/373225UKar,37.3308,22.444,NULL," - "
3.10.7,Καρύας,http://topostext.org/place/373225UKar,37.3308,22.444,NULL," - "
3.10.7,Λακεδαιμονίους,http://pleiades.stoa.org/places/570406,37.07624042080912,22.46082645177671,region," - "
3.10.7,Λακεδαιμονίων,http://pleiades.stoa.org/places/570406,37.07624042080912,22.46082645177671,region," - "
3.10.7,Σελλασίας,http://topostext.org/place/372224PSel,37.1884,22.4397,NULL," - "
3.10.8,ἀγάλματος,http://arachne.dainst.org/entity/3586274,37.02692,22.43636,NULL," - "
3.10.8,Ἀμυκλαῖον,http://topostext.org/place/370224UAmy,37.0363,22.4502,NULL," - built|hieronAmyklaion sanctuary of Apollo"
3.10.8,Ἀμύκλαις,http://pleiades.stoa.org/places/570074,35.0133,24.76084,"settlement,port"," - "
3.10.8,Θόρνακι,http://topostext.org/place/371224UTho,37.11868,22.41642,NULL," - "
3.10.8,Λακεδαιμονίοις,http://pleiades.stoa.org/places/570406,37.07624042080912,22.46082645177671,region," - "
3.11.1,Θόρνακος,http://topostext.org/place/371224UTho,37.11868,22.41642,NULL," - "
3.11.1,Λακεδαίμων,http://pleiades.stoa.org/places/570406,37.07624042080912,22.46082645177671,region," - "
3.11.1,Σπάρτη,http://dare.ht.lu.se/places/21911,37.08149,22.42454,"theatre,temple,settlement,temple-2"," - "
3.11.1,Σπαρτιάτας,http://dare.ht.lu.se/places/21911,37.08149,22.42454,"theatre,temple,settlement,temple-2"," - "
3.11.2,Ἀθηναίοις,http://pleiades.stoa.org/places/579885,37.971687,23.726464,settlement," - "
3.11.2,Λακεδαιμονίοις,http://pleiades.stoa.org/places/570406,37.07624042080912,22.46082645177671,region," - "
3.11.2,Λακεδαιμονίων,http://pleiades.stoa.org/places/570406,37.07624042080912,22.46082645177671,region," - "
3.11.2,Πλατανιστᾷ,http://topostext.org/place/371224SPla,37.0841,22.4191,NULL," - "
3.11.2,Σπάρτην,http://dare.ht.lu.se/places/21911,37.08149,22.42454,"theatre,temple,settlement,temple-2"," - "
3.11.3,Ἁλικαρνασσοῦ,http://dare.ht.lu.se/places/21187,37.037864,27.424112,"settlement,tomb,architecturalcomplex,port"," - "
3.11.3,"ἄλλοι καὶ",http://arachne.dainst.org/entity/3888126,37.07333,22.42972,NULL," - "
3.11.3,Ἑλλάδα,http://pleiades.stoa.org/places/1001896,37.5,22.5,province," - "
3.11.3,"ἐπὶ τῶν κιόνων Πέρσαι",http://arachne.dainst.org/entity/3888343,37.07333,22.42972,NULL," - "
3.11.3,Μηδικῶν,http://pleiades.stoa.org/places/903080,34.5,46.5,region," - "
3.11.3,πεποίηται,http://arachne.dainst.org/entity/3888127,37.07333,22.42972,NULL," - "
3.11.3,Σαλαμῖνα,http://topostext.org/place/380236ASSB,37.952,23.573,NULL,NULL
3.11.4,Ἑλλήνων,http://pleiades.stoa.org/places/1001896,37.5,22.5,province," - "
3.11.4,Ῥωμαίοις,http://dare.ht.lu.se/places/1438,41.89262,12.4843457,"settlement,urban"," - "
3.11.5,Ἀθηναίων,http://pleiades.stoa.org/places/579885,37.971687,23.726464,settlement," - "
3.11.5,"Αἰγὸς ποταμοὺς",http://dare.ht.lu.se/places/32292,40.35074,26.61011,settlement," - "
3.11.5,Κύπρον,http://pleiades.stoa.org/places/707498,35.040883529816504,33.27533716422018,island," - "
3.11.5,Λακεδαιμόνιοι,http://pleiades.stoa.org/places/570406,37.07624042080912,22.46082645177671,region," - "
3.11.5,"χαλκῆν εἰκόνα Ἀγίου",http://arachne.dainst.org/entity/3586279,37.07333,22.42972,NULL," - object|eikôn|Agias|Pausbronze portrait statue of Agias"
3.11.6,Ἄνδριον,http://pleiades.stoa.org/places/589693,37.8528,24.86222,"island,settlement-modern,settlement"," - "
3.11.6,Ἠλείῳ,http://dare.ht.lu.se/places/21944,37.89131,21.37493,"theatre,settlement"," - "
3.11.7,Ἀργείους,http://pleiades.stoa.org/places/570104,37.6566371145232,22.92059272180843,region," - "
3.11.7,Ἀρκάδων,http://pleiades.stoa.org/places/570102,37.567419268449626,22.165323097346306,region," - "
3.11.7,Διπαιεῖς,http://topostext.org/place/375223PDip,37.544,22.273,NULL," - "
3.11.7,Διπαιεῦσιν,http://topostext.org/place/375223PDip,37.544,22.273,NULL," - "
3.11.7,Ἤλιδος,http://dare.ht.lu.se/places/21944,37.89131,21.37493,"theatre,settlement"," - "
3.11.7,Λακεδαιμόνιοι,http://pleiades.stoa.org/places/570406,37.07624042080912,22.46082645177671,region," - "
3.11.7,Λακεδαιμονίοις,http://pleiades.stoa.org/places/570406,37.07624042080912,22.46082645177671,region," - "
3.11.7,Μαιναλίᾳ,http://topostext.org/place/377223LMai,37.653,22.262,NULL," - "
3.11.7,Μαντινέων,http://dare.ht.lu.se/places/21917,37.618138,22.393259,settlement," - "
3.11.7,Περσῶν,http://pleiades.stoa.org/places/922698,30.5,51.5,unknown," - "
3.11.7,Πλαταιᾶσιν,http://topostext.org/place/382233PPla,38.2213,23.2733,NULL," - "
3.11.7,Σπαρτιατῶν,http://pleiades.stoa.org/places/570685,37.08149,22.42454,"theatre,temple,settlement,temple-2"," - "
3.11.7,Τεγέᾳ,http://dare.ht.lu.se/places/21915,37.464,22.429,"theatre,church,settlement"," - "
3.11.7,Τεγεάτας,http://pleiades.stoa.org/places/570707,37.464,22.429,"theatre,church,settlement"," - "
3.11.8,Ἀθηναίους,http://pleiades.stoa.org/places/579885,37.971687,23.726464,settlement," - "
3.11.8,Ἀργείους,http://pleiades.stoa.org/places/570104,37.6566371145232,22.92059272180843,region," - "
3.11.8,Δελφοῖς,http://pleiades.stoa.org/places/540726,38.482289,22.501169,"sanctuary,settlement"," - "
3.11.8,Ἰθώμην,http://pleiades.stoa.org/places/570318,37.1857343,21.9249021,mountain,NULL
3.11.8,Λακεδαιμόνιοι,http://pleiades.stoa.org/places/570406,37.07624042080912,22.46082645177671,region," - "
3.11.8,Τανάγρᾳ,http://dare.ht.lu.se/places/22779,38.309371,23.587064,settlement," - "
3.11.9,ἀγάλματα,http://arachne.dainst.org/entity/3888344,37.07333,22.42972,NULL," - object|agalmain agora of Sparta"
3.11.9,Ἀπόλλωνος,http://arachne.dainst.org/entity/3888128,37.07333,22.42972,NULL," - "
3.11.9,Ἀρτέμιδος,http://arachne.dainst.org/entity/3888129,37.07333,22.42972,NULL," - "
3.11.9,Λακεδαιμονίοις,http://pleiades.stoa.org/places/570406,37.07624042080912,22.46082645177671,region," - "
3.11.9,Λητοῦς,http://arachne.dainst.org/entity/3888130,37.07333,22.42972,NULL," - object|agalmaAgora of Sparta"
3.11.9,Σπαρτιάταις,http://dare.ht.lu.se/places/21911,37.08149,22.42454,"theatre,temple,settlement,temple-2"," - "
3.11.9,Χορὸς,http://topostext.org/place/371224SCho,37.0815,22.42665,NULL," - "
3.11.10,ἀνδριὰς,http://arachne.dainst.org/entity/3586280,37.07333,22.42972,NULL," - "
3.11.10,εἰκὼν,http://arachne.dainst.org/entity/3586281,37.07333,22.42972,NULL," - object|eikôn|PausBeside the tomb of Orestes"
3.11.10,Λακεδαιμονίοις,http://pleiades.stoa.org/places/570406,37.07624042080912,22.46082645177671,region," - "
3.11.10,Σπαρτιατῶν,http://pleiades.stoa.org/places/570685,37.08149,22.42454,"theatre,temple,settlement,temple-2"," - "
3.11.10,Τεγέας,http://dare.ht.lu.se/places/21915,37.464,22.429,"theatre,church,settlement"," - "
3.11.11,Ἀργείων,http://pleiades.stoa.org/places/570104,37.6566371145232,22.92059272180843,region," - "
3.11.11,Ἑρμῆς,http://arachne.dainst.org/entity/3888125,37.07333,22.42972,NULL," - "
3.11.11,Λακεδαιμονίοις,http://pleiades.stoa.org/places/570406,37.07624042080912,22.46082645177671,region," - "
3.11.11,Λακεδαιμονίους,http://pleiades.stoa.org/places/570406,37.07624042080912,22.46082645177671,region," - "
3.12.3,Λακεδαιμονίοις,http://pleiades.stoa.org/places/570406,37.07624042080912,22.46082645177671,region," - "
3.12.4,ἄγαλμα,http://arachne.dainst.org/entity/3586282,37.07333,22.42972,NULL," - object|agalma|Athena Keleutheia|Pausset up by Odysseus"
3.12.4,Ἰνδικὴν,http://pleiades.stoa.org/places/50004,22.5,77.5,region," - "
3.12.4,Ἰνδοὺς,http://pleiades.stoa.org/places/50004,22.5,77.5,region," - "
3.12.5,τέμενος,http://topostext.org/place/371224SPoT,37.07593,22.4289,NULL," - "
3.12.6,ἄγαλμα,http://arachne.dainst.org/entity/3586283,37.07333,22.42972,NULL," - "
3.12.6,Ἑλλήνων,http://pleiades.stoa.org/places/1001896,37.5,22.5,province," - "
3.12.6,Ἴλιον,http://dare.ht.lu.se/places/21153,39.9577,26.23873,settlement," - "
3.12.6,Ἰταλίαν,http://pleiades.stoa.org/places/1052,42.5,12.5,region," - "
3.12.6,Τάραντα,http://dare.ht.lu.se/places/16562,40.476034,17.228553,"settlement,temple-2"," - "
3.12.6,Τροίαν,http://pleiades.stoa.org/places/550595,39.9577,26.23873,settlement," - "
3.12.7,Ἀθήναις,http://dare.ht.lu.se/places/10975,37.971687,23.726464,settlement," - "
3.12.7,Ἀθηναίων,http://pleiades.stoa.org/places/579885,37.971687,23.726464,settlement," - "
3.12.7,Αἰγιεῖς,http://dare.ht.lu.se/places/21941,38.252707,22.081952,settlement," - "
3.12.7,Ἀττικὴν,http://pleiades.stoa.org/places/579888,38.051998833333336,23.818991099999998,region," - "
3.12.7,Ἀχαιῶν,http://pleiades.stoa.org/places/570028,38.102121472776034,22.224585911364017,region," - "
3.12.7,Ἑλλάδα,http://pleiades.stoa.org/places/1001896,37.5,22.5,province," - "
3.12.7,Λακεδαιμονίοις,http://pleiades.stoa.org/places/570406,37.07624042080912,22.46082645177671,region," - "
3.12.8,Ἤλιδος,http://dare.ht.lu.se/places/21944,37.89131,21.37493,"theatre,settlement"," - "
3.12.8,Λακεδαιμονίοις,http://pleiades.stoa.org/places/570406,37.07624042080912,22.46082645177671,region," - "
3.12.9,Ἀμυκλαιεῖς,http://pleiades.stoa.org/places/570074,35.0133,24.76084,"settlement,port"," - "
3.12.9,Ἀρκάδος,http://pleiades.stoa.org/places/570102,37.567419268449626,22.165323097346306,region," - "
3.12.9,"γῆν τὴν Λακωνικὴν",http://pleiades.stoa.org/places/570406,37.07624042080912,22.46082645177671,region," - "
3.12.9,Θερμοπύλας,http://dare.ht.lu.se/places/21976,38.796511,22.538294,"shrine,pass,fort"," - "
3.12.9,Λακεδαιμονίων,http://pleiades.stoa.org/places/570406,37.07624042080912,22.46082645177671,region," - "
3.12.10,Λακεδαιμόνιοι,http://pleiades.stoa.org/places/570406,37.07624042080912,22.46082645177671,region," - "
3.12.10,Μιλησίου,http://dare.ht.lu.se/places/21166,37.5292362,27.2774885,"theatre,settlement,port"," - "
3.12.11,ἀγάλματα,http://arachne.dainst.org/entity/3888345,37.07333,22.42972,NULL," - object|agalmain circular building by Skias in Sparta"
3.12.11,Ἀργείοις,http://dare.ht.lu.se/places/21779,37.631561,22.719464,settlement," - "
3.12.11,Ἀφροδίτης,http://arachne.dainst.org/entity/3888132,37.07333,22.42972,NULL," - "
3.12.11,Διὸς,http://arachne.dainst.org/entity/3888131,37.07333,22.42972,NULL," - object|agalma|Zeus Olympios|Q34201in round building at Sparta"
3.12.11,Κνωσσίους,http://dare.ht.lu.se/places/22252,35.297847,25.163106,"settlement,architecturalcomplex"," - "
3.13.1,Μεσσηνίᾳ,http://pleiades.stoa.org/places/570480,37.06945533333334,21.9323415,region," - "
3.13.2,Θρᾷκα,http://topostext.org/place/410265RThr,41.0,26.5,NULL," - "
3.13.2,Λακεδαιμονίοις,http://pleiades.stoa.org/places/570406,37.07624042080912,22.46082645177671,region," - "
3.13.2,Μεσσηνίων,http://pleiades.stoa.org/places/570480,37.06945533333334,21.9323415,region," - "
3.13.2,"Ὀλυμπίας Ἀφροδίτης",http://arachne.dainst.org/entity/3888132,37.07333,22.42972,NULL," - object|agalmaopposite Olympian Aphrodite"
3.13.2,Πελοποννήσου,http://pleiades.stoa.org/places/570577,37.25289777692308,22.312752688461543,"peninsula,region"," - "
3.13.3,Σπάρτῃ,http://pleiades.stoa.org/places/570685,37.08149,22.42454,"theatre,temple,settlement,temple-2"," - "
3.13.3,Σπάρτης,http://dare.ht.lu.se/places/21911,37.08149,22.42454,"theatre,temple,settlement,temple-2"," - "
3.13.4,Ἀκαρνᾶνα,http://pleiades.stoa.org/places/530767,38.672287499999996,21.317874500000002,region," - "
3.13.4,Ἀκαρνανίας,http://pleiades.stoa.org/places/530767,38.672287499999996,21.317874500000002,region," - "
3.13.4,Ἀχαιῶν,http://pleiades.stoa.org/places/570028,38.102121472776034,22.224585911364017,region," - "
3.13.4,Λακεδαιμονίοις,http://pleiades.stoa.org/places/570406,37.07624042080912,22.46082645177671,region," - "
3.13.4,Σπάρτην,http://dare.ht.lu.se/places/21911,37.08149,22.42454,"theatre,temple,settlement,temple-2"," - "
3.13.5,Ἕλληνας,http://pleiades.stoa.org/places/1001896,37.5,22.5,province," - "
3.13.5,"Ἴδῃ τῇ Τρωικῇ",http://dare.ht.lu.se/places/41118,39.69936,26.85852,mountain," - "
3.13.5,"ἵππου τοῦ δουρείου",http://arachne.dainst.org/entity/4061190,39.95732,26.23909,NULL," - object|doureios hipposTrojan Horse"
3.13.6,ἄγαλμα,http://arachne.dainst.org/entity/3586287,37.07333,22.42972,NULL," - "
3.13.6,Καρνείου,http://arachne.dainst.org/entity/3586284,37.07333,22.42972,NULL," - object|Q671534Heroon of Karneios in Sparta"
3.13.7,ναός,http://topostext.org/place/371224SDiK,37.0851,22.428,NULL," - built|naos|Dionysos Kolonatas|Q117272549Temple of Dionysos Kolonatas"
3.13.7,Σπάρτην,http://dare.ht.lu.se/places/21911,37.08149,22.42454,"theatre,temple,settlement,temple-2"," - "
3.13.8,Δελφῶν,http://pleiades.stoa.org/places/540726,38.482289,22.501169,"sanctuary,settlement"," - "
3.13.8,Διονύσου,http://topostext.org/place/371224SDiK,37.0851,22.428,NULL," - built|naos|Q41680temple of Dionysos Kolonatas"
3.13.8,Εὐρώτα,http://pleiades.stoa.org/places/570248,37.1615197,22.3334931,river," - "
3.13.9,εἰκών,http://arachne.dainst.org/entity/3586286,37.07333,22.42972,NULL," - object|eikôn|PausPortrait of Hetoimokles on road on right from hill, Sparta"
3.13.9,ξόανον,http://arachne.dainst.org/entity/3586285,37.07333,22.42972,NULL," - "
3.14.1,Θερμοπύλαις,http://dare.ht.lu.se/places/21976,38.796511,22.538294,"shrine,pass,fort"," - "
3.14.1,Θερμοπυλῶν,http://dare.ht.lu.se/places/21976,38.796511,22.538294,"shrine,pass,fort"," - "
3.14.1,Μήδους,http://pleiades.stoa.org/places/903080,34.5,46.5,region," - "
3.14.1,Πλαταιᾶσι,http://pleiades.stoa.org/places/541063,38.221019,23.273866,settlement," - "
3.14.1,Σπαρτιατῶν,http://pleiades.stoa.org/places/570685,37.08149,22.42454,"theatre,temple,settlement,temple-2"," - "
3.14.2,"ἄκραν τὴν ἐς θάλασσαν ἐσέχουσαν",http://dare.ht.lu.se/places/41220,36.3856534,22.4831905,cape," - "
3.14.2,ἱερόν,http://topostext.org/place/371224SArI,37.0856,22.41533,NULL," - "
3.14.2,Κρητῶν,http://pleiades.stoa.org/places/589748,35.21984439173344,24.995769971494504,island," - "
3.14.2,Πιτανατῶν,http://topostext.org/place/371224DPit,37.0808,22.4038,NULL," - "
3.14.2,Σπάρτῃ,http://pleiades.stoa.org/places/570685,37.08149,22.42454,"theatre,temple,settlement,temple-2"," - "
3.14.3,Θηραίῳ,http://dare.ht.lu.se/places/23504,36.36399,25.478129,"island,settlement"," - "
3.14.3,Κυρήνην,http://dare.ht.lu.se/places/21126,32.818736,21.856169,settlement," - "
3.14.3,Λακεδαιμόνιος,http://pleiades.stoa.org/places/570406,37.07624042080912,22.46082645177671,region," - "
3.14.3,Λιβύων,http://pleiades.stoa.org/places/716588,31.5,26.5,region," - "
3.14.4,Μεσσηνίαν,http://pleiades.stoa.org/places/570480,37.06945533333334,21.9323415,region," - "
3.14.4,Μεσσηνίους,http://pleiades.stoa.org/places/570480,37.06945533333334,21.9323415,region," - "
3.14.4,ξόανον,http://arachne.dainst.org/entity/3586288,37.07333,22.42972,NULL," - "
3.14.5,Ἑρμιόνῃ,http://pleiades.stoa.org/places/570292,37.385218,23.243591,"settlement,port"," - "
3.14.5,Λακεδαιμόνιοι,http://pleiades.stoa.org/places/570406,37.07624042080912,22.46082645177671,region," - "
3.14.5,Σπαρτιάταις,http://dare.ht.lu.se/places/21911,37.08149,22.42454,"theatre,temple,settlement,temple-2"," - "
3.14.6,"ἄγαλμα ἀρχαῖον",http://arachne.dainst.org/entity/3586289,37.07333,22.42972,NULL," - object|agalma|HeraklesAncient agalma by Dromos at Sparta"
3.14.6,"Ἡρακλέους τὸ ἄγαλμα",http://arachne.dainst.org/entity/3586293,37.07333,22.42972,NULL," - "
3.14.6,Λακεδαιμόνιοι,http://pleiades.stoa.org/places/570406,37.07624042080912,22.46082645177671,region," - "
3.14.6,Σπαρτιάτου,http://dare.ht.lu.se/places/21911,37.08149,22.42454,"theatre,temple,settlement,temple-2"," - "
3.14.7,εἰσιν,http://arachne.dainst.org/entity/3888346,37.07333,22.42972,NULL," - object|statue|DioskouroiStatues of Dioscuri Apheterioi at beginning of Sparta racetrack"
3.14.7,ξόανον,http://arachne.dainst.org/entity/3586290,37.07333,22.42972,NULL," - object|Asklepios Agnitas|Paus|Q693222|xoanon|attributexoanon carved of Agnus Castus (chaste tree)"
3.14.7,Σπάρτῃ,http://pleiades.stoa.org/places/570685,37.08149,22.42454,"theatre,temple,settlement,temple-2"," - "
3.14.8,ἄγαλμα,http://arachne.dainst.org/entity/3586291,37.07333,22.42972,NULL," - "
3.14.8,"εἰκὼν Λυκούργου",http://arachne.dainst.org/entity/3586292,37.07333,22.42972,NULL," - object|eikôn|Lykourgos|PausPortrait statue of Lykourgos at other bridge to Platanista, Sparta"
3.14.8,Πλατανιστᾶς,http://topostext.org/place/371224SPla,37.0841,22.4191,NULL," - chôrion|platanoi|Paustall trees"
3.14.9,Ἑλλήνων,http://pleiades.stoa.org/places/1001896,37.5,22.5,province," - "
3.14.9,Θεράπνης,http://dare.ht.lu.se/places/22272,37.066091,22.454127,settlement," - "
3.14.9,Κολοφώνιοι,http://dare.ht.lu.se/places/21170,38.115556,27.142222,settlement," - "
3.14.9,Κολοφωνίους,http://dare.ht.lu.se/places/21170,38.115556,27.142222,settlement," - "
3.14.9,Λακεδαίμονι,http://pleiades.stoa.org/places/570406,37.07624042080912,22.46082645177671,region," - "
3.14.9,Φοιβαῖόν,http://topostext.org/place/371224SPho,37.069,22.44165,NULL,NULL
3.14.9,Φοιβαίῳ,http://topostext.org/place/371224SPho,37.069,22.44165,NULL," - "
3.14.10,Πλατανιστᾷ,http://topostext.org/place/371224SPla,37.0841,22.4191,NULL," - "
3.14.10,Φοιβαίῳ,http://topostext.org/place/371224SPho,37.069,22.44165,NULL," - "
3.15.1,Πλατανιστᾷ,http://topostext.org/place/371224SPla,37.0841,22.4191,NULL," - "
3.15.1,Σπαρτιατῶν,http://pleiades.stoa.org/places/570685,37.08149,22.42454,"theatre,temple,settlement,temple-2"," - "
3.15.2,Λακώνων,http://pleiades.stoa.org/places/570406,37.07624042080912,22.46082645177671,region," - "
3.15.3,"ἄγαλμα Ἡρακλέους",http://arachne.dainst.org/entity/3586293,37.07333,22.42972,NULL," - "
3.15.3,Σπάρτῃ,http://pleiades.stoa.org/places/570685,37.08149,22.42454,"theatre,temple,settlement,temple-2"," - "
3.15.4,Σπάρτην,http://dare.ht.lu.se/places/21911,37.08149,22.42454,"theatre,temple,settlement,temple-2"," - "
3.15.5,Σπάρτην,http://dare.ht.lu.se/places/21911,37.08149,22.42454,"theatre,temple,settlement,temple-2"," - "
3.15.6,Καλλίστη,http://dare.ht.lu.se/places/41498,36.36399,25.478129,"island,settlement"," - islandformerly Kalliste"
3.15.7,Ἀθηναίων,http://pleiades.stoa.org/places/579885,37.971687,23.726464,settlement," - "
3.15.7,"Ἄπτερον καλουμένην Νίκην",http://topostext.org/binder/JB0627,37.975374,23.723929,NULL," - object|agalma|Nike Apteros|opsisDAI:3586295   xoanon"
3.15.7,Λακεδαιμονίων,http://pleiades.stoa.org/places/570406,37.07624042080912,22.46082645177671,region," - "
3.15.7,"πέδας ἐστὶν ἔχων Ἐνυάλιος",http://arachne.dainst.org/entity/3586294,37.07333,22.42972,NULL," - object|agalma|Enyalios|Paus|xoanonancient agalma of Enyalios in fetters"
3.15.8,Σπάρτῃ,http://pleiades.stoa.org/places/570685,37.08149,22.42454,"theatre,temple,settlement,temple-2"," - "
3.15.9,Ἑλλήνων,http://pleiades.stoa.org/places/1001896,37.5,22.5,province," - "
3.15.9,Λακεδαιμονίοις,http://pleiades.stoa.org/places/570406,37.07624042080912,22.46082645177671,region," - "
3.15.10,"Ἀφροδίτης ξόανον ὡπλισμένης",http://arachne.dainst.org/entity/3586296,37.07333,22.42972,NULL," - object|xoanon|AphroditeArmed xoanon of Aphrodite"
3.15.11,ζῴδιον,http://arachne.dainst.org/entity/3586297,37.07333,22.42972,NULL," - object|zôidion|Aphrodite MorphoMorpho Aphrodite of cedar, in veil and fetters"
3.16.1,ἀγαλμάτων,http://arachne.dainst.org/entity/3888347,37.07333,22.42972,NULL," - object|agalma|Leukippides|Paustwo statues, one with modern face dedicated by Leukippis"
3.16.2,Ἀμύκλαις,http://pleiades.stoa.org/places/570074,35.0133,24.76084,"settlement,port"," - "
3.16.2,Ἀπόλλωνι,http://arachne.dainst.org/entity/3586274,37.02692,22.43636,NULL," - "
3.16.2,Κυρήνης,http://dare.ht.lu.se/places/21126,32.818736,21.856169,settlement," - "
3.16.2,Σπαρτιάτης,http://dare.ht.lu.se/places/21911,37.08149,22.42454,"theatre,temple,settlement,temple-2"," - "
3.16.3,ἀγάλματα,http://arachne.dainst.org/entity/3652687,37.07333,22.42972,NULL," - agalma|Dioskouroimiraculous images of Dioskouroi"
3.16.4,Ἐρυκίνην,http://dare.ht.lu.se/places/22637,38.03528,12.5919,"mountain,settlement"," - regional|chôra|proxyErykine"
3.16.4,Σικελίαν,http://pleiades.stoa.org/places/462492,37.53667611952188,14.08648464579389,island," - "
3.16.5,Ἐγεσταῖοι,http://dare.ht.lu.se/places/22636,37.939199,12.839871,settlement," - "
3.16.5,Σικελίαν,http://pleiades.stoa.org/places/462492,37.53667611952188,14.08648464579389,island," - "
3.16.6,Ἀρτεμισίῳ,http://topostext.org/place/390232SArt,39.0097,23.217,NULL," - "
3.16.6,Κλεωναίων,http://dare.ht.lu.se/places/21930,37.81708,22.75372,settlement," - "
3.16.6,Λακεδαιμόνιοι,http://pleiades.stoa.org/places/570406,37.07624042080912,22.46082645177671,region," - "
3.16.6,Λακεδαιμονίων,http://pleiades.stoa.org/places/570406,37.07624042080912,22.46082645177671,region," - "
3.16.6,Μήδους,http://pleiades.stoa.org/places/903080,34.5,46.5,region," - "
3.16.6,Σαλαμῖνι,http://topostext.org/place/380236ASSB,37.952,23.573,NULL," - "
3.16.7,Ἀθηναῖοι,http://pleiades.stoa.org/places/579885,37.971687,23.726464,settlement," - "
3.16.7,Βραυρῶνι,http://dare.ht.lu.se/places/22845,37.926189,23.9937505,"sanctuary,temple-2"," - "
3.16.7,Λακεδαιμόνιοι,http://pleiades.stoa.org/places/570406,37.07624042080912,22.46082645177671,region," - "
3.16.7,ξόανον,http://arachne.dainst.org/entity/3586298,37.07333,22.42972,NULL," - "
3.16.7,"Ὀρθίας ἱερόν",http://topostext.org/place/371224SArt,37.083,22.435,NULL," - "
3.16.7,Ταυρικῆς,http://pleiades.stoa.org/places/226778,44.883441823333335,34.27150174333333,"peninsula,region"," - "
3.16.8,ἄγαλμα,http://arachne.dainst.org/entity/3586299,38.5,28.05,NULL," - "
3.16.8,Ἀθηναίοις,http://pleiades.stoa.org/places/579885,37.971687,23.726464,settlement," - "
3.16.8,Βραυρῶνος,http://dare.ht.lu.se/places/22845,37.926189,23.9937505,"sanctuary,temple-2"," - "
3.16.8,Εὔξεινον,http://pleiades.stoa.org/places/1224,43.0786852,34.7425505,water-open," - "
3.16.8,Καππάδοκες,http://pleiades.stoa.org/places/991402,37.5,37.5,province," - "
3.16.8,Λαοδικεῖς,http://dare.ht.lu.se/places/21505,35.513994,35.782047,"settlement,port"," - "
3.16.8,Λυδῶν,http://pleiades.stoa.org/places/550701,38.624771249999995,27.9632845,region," - "
3.16.8,Μήδῳ,http://pleiades.stoa.org/places/903080,34.5,46.5,region," - "
3.16.8,Σοῦσα,http://dare.ht.lu.se/places/22221,32.19202,48.24854,settlement," - "
3.16.8,"Ταυρικῇ θεῷ",http://arachne.dainst.org/entity/3586298,37.07333,22.42972,NULL," - "
3.16.8,"τὸ γὰρ ἐκ",http://arachne.dainst.org/entity/3586028,37.926132,23.993808,NULL," - "
3.16.9,Λακεδαίμονι,http://pleiades.stoa.org/places/570406,37.07624042080912,22.46082645177671,region," - "
3.16.9,Λιμνᾶται,http://topostext.org/place/371222ULim,37.1217,22.1918,NULL," - "
3.16.9,ξόανον,http://arachne.dainst.org/entity/3586298,37.07333,22.42972,NULL," - "
3.16.9,Πιτάνης,http://topostext.org/place/371224DPit,37.0808,22.4038,NULL," - "
3.16.9,Σπαρτιατῶν,http://pleiades.stoa.org/places/570685,37.08149,22.42454,"theatre,temple,settlement,temple-2"," - "
3.16.10,ξόανον,http://arachne.dainst.org/entity/3586298,37.07333,22.42972,NULL," - "
3.16.11,Ταυρικῇ,http://pleiades.stoa.org/places/226778,44.883441823333335,34.27150174333333,"peninsula,region"," - "
3.17.1,Ἀργείοις,http://dare.ht.lu.se/places/21779,37.631561,22.719464,settlement," - "
3.17.1,Δελφῶν,http://pleiades.stoa.org/places/540726,38.482289,22.501169,"sanctuary,settlement"," - "
3.17.1,Θηβαίοις,http://pleiades.stoa.org/places/541138,38.318092,23.255096,"sanctuary,settlement"," - "
3.17.1,Καδμεία,http://topostext.org/place/383233XCad,38.3209,23.3178,NULL," - "
3.17.1,Λακεδαιμονίοις,http://pleiades.stoa.org/places/570406,37.07624042080912,22.46082645177671,region," - "
3.17.1,Λάρισα,http://topostext.org/place/376227FLar,37.638,22.715,NULL," - "
3.17.1,Ὀρθίας,http://topostext.org/place/371224SArt,37.083,22.435,NULL," - "
3.17.2,ἄγαλμα,http://arachne.dainst.org/entity/3586300,37.07333,22.42972,NULL," - "
3.17.2,Ἀφιδναίων,http://dare.ht.lu.se/places/22762,37.974359,23.362766,"unlocated,port,fort,church,settlement"," - "
3.17.2,ἱερὸν,http://topostext.org/place/371224SACh,37.08265,22.42338,NULL," - built|hieron|Athena Poliouchos|PausSanctuary of Athena Poliouchos at Sparta"
3.17.2,Λακεδαιμόνιοι,http://pleiades.stoa.org/places/570406,37.07624042080912,22.46082645177671,region," - "
3.17.2,ναὸν,http://topostext.org/place/371224SACh,37.08265,22.42338,NULL," - "
3.17.3,"Ἀθηνᾶς γένεσιν",http://arachne.dainst.org/entity/3586305,37.07333,22.42972,NULL," - object|sculpture|AthenaChalkioikos, Sparta"
3.17.3,"Ἀμφιτρίτη καὶ Ποσειδῶν",http://arachne.dainst.org/entity/3586306,37.07333,22.42972,NULL," - object|sculpture|AmphitriteChalkioikos, Sparta"
3.17.3,ἀπολύων,http://arachne.dainst.org/entity/3586303,37.07333,22.42972,NULL," - "
3.17.3,ἁρπαγή,http://arachne.dainst.org/entity/3586302,37.07333,22.42972,NULL," - "
3.17.3,"Περσεῖ δʼ ἐς Λιβύην",http://arachne.dainst.org/entity/3586304,37.07333,22.42972,NULL," - object|sculptureChalkioikos, Sparta"
3.17.3,πολλὰ,http://arachne.dainst.org/entity/3586301,37.07333,22.42972,NULL," - "
3.17.4,Ἀθηναίων,http://pleiades.stoa.org/places/579885,37.971687,23.726464,settlement," - "
3.17.4,"Αἰγὸς ποταμοῖς",http://pleiades.stoa.org/places/501336,40.35074,26.61011,settlement," - "
3.17.4,"δύο τοὺς ὄρνιθας καὶ ἴσας ἐπʼ αὐτοῖς Νίκας",http://arachne.dainst.org/entity/3586307,37.07333,22.42972,NULL," - object|sculptureTwo Eagles and Nike statues, for naval victories at Ephesos and Aigospotamoi, at western stoa of acropolis of Sparta"
3.17.4,Ἔφεσον,http://dare.ht.lu.se/places/21155,37.941944,27.339722,"theatre,settlement,temple-2,architecturalcomplex"," - "
3.17.5,Ἕλλησιν,http://pleiades.stoa.org/places/1001896,37.5,22.5,province," - "
3.17.5,Λακεδαιμόνιοι,http://pleiades.stoa.org/places/570406,37.07624042080912,22.46082645177671,region," - "
3.17.5,ξόανα,http://arachne.dainst.org/entity/3586308,37.07333,22.42972,NULL," - object|xoanon|Paus|Q693222Xoana of Aphrodite Areia, very ancient, in temple"
3.17.6,ἄγαλμα,http://arachne.dainst.org/entity/3586309,37.07333,22.42972,NULL," - "
3.17.6,"γυναικός ἐστιν εἰκών",http://arachne.dainst.org/entity/3586310,37.07333,22.42972,NULL," - object|eikônBy the Skênôma on Spartan acropolis"
3.17.6,Λακεδαιμόνιοι,http://pleiades.stoa.org/places/570406,37.07624042080912,22.46082645177671,region," - "
3.17.6,Ῥηγῖνον,http://pleiades.stoa.org/places/452416,38.111146,15.649244,"sanctuary,settlement,architecturalcomplex"," - "
3.17.7,Βυζαντίου,http://dare.ht.lu.se/places/5472,41.012379,28.975926,"urban,settlement"," - "
3.17.7,"δύο εἰκόνες Παυσανίου",http://arachne.dainst.org/entity/3652688,37.07333,22.42972,NULL," - object|eikôn|PausaniasTwo portraits of Pausanias  by altar at Chalkioikos, Sparta"
3.17.7,Πλάταιαν,http://dare.ht.lu.se/places/21988,38.221019,23.273866,settlement," - "
3.17.7,Χαλκίοικον,http://topostext.org/place/371224SACh,37.08265,22.42338,NULL," - "
3.17.8,Βυζαντίας,http://dare.ht.lu.se/places/5472,41.012379,28.975926,"urban,settlement"," - "
3.17.8,Ἑλλάδα,http://pleiades.stoa.org/places/1001896,37.5,22.5,province," - "
3.17.8,Ἑλλήνων,http://pleiades.stoa.org/places/1001896,37.5,22.5,province," - "
3.17.8,Ἑλλήσποντον,http://pleiades.stoa.org/places/501434,40.2,26.4,water-open," - "
3.17.8,Λακεδαιμονίων,http://pleiades.stoa.org/places/570406,37.07624042080912,22.46082645177671,region," - "
3.17.9,Ἀρκάδων,http://pleiades.stoa.org/places/570102,37.567419268449626,22.165323097346306,region," - "
3.17.9,Δελφῶν,http://pleiades.stoa.org/places/540726,38.482289,22.501169,"sanctuary,settlement"," - "
3.17.9,εἰκόνας,http://arachne.dainst.org/entity/3652688,37.07333,22.42972,NULL," - "
3.17.9,Λακεδαιμόνιοι,http://pleiades.stoa.org/places/570406,37.07624042080912,22.46082645177671,region," - "
3.17.9,Φιγαλίαν,http://dare.ht.lu.se/places/21947,37.3963,21.8391,settlement," - "
3.18.1,ἄγαλμα,http://arachne.dainst.org/entity/3586311,37.07333,22.42972,NULL," - "
3.18.1,"ἀνδριάντων τοῦ Παυσανίου",http://arachne.dainst.org/entity/4020518,37.07333,22.42972,NULL," - "
3.18.1,Θανάτου,http://arachne.dainst.org/entity/3888134,37.07333,22.42972,NULL," - object|agalma|Thanatos|Q199647with Aphrodite Ambologeras, Sparta"
3.18.1,Ὕπνου,http://arachne.dainst.org/entity/3888133,37.07333,22.42972,NULL," - "
3.18.2,Λακεδαιμονίων,http://pleiades.stoa.org/places/570406,37.07624042080912,22.46082645177671,region," - "
3.18.3,Ἀμμώνιοι,http://pleiades.stoa.org/places/716520,29.20514,25.54359,"oasis,settlement,temple-2"," - "
3.18.3,Ἀφυταῖοι,http://dare.ht.lu.se/places/31721,40.099366,23.436606,settlement," - "
3.18.3,Ἀφυταίους,http://dare.ht.lu.se/places/31721,40.099366,23.436606,settlement," - "
3.18.3,Ἄφυτιν,http://dare.ht.lu.se/places/31721,40.099366,23.436606,settlement,NULL
3.18.3,Ἑλλήνων,http://pleiades.stoa.org/places/1001896,37.5,22.5,province," - "
3.18.3,"ἐν Λιβύῃ μαντείῳ",http://pleiades.stoa.org/places/716520,29.20514,25.54359,"oasis,settlement,temple-2"," - "
3.18.3,Λακεδαίμονι,http://pleiades.stoa.org/places/570406,37.07624042080912,22.46082645177671,region," - "
3.18.3,Λακεδαιμόνιοι,http://pleiades.stoa.org/places/570406,37.07624042080912,22.46082645177671,region," - "
3.18.3,Λακεδαιμονίους,http://pleiades.stoa.org/places/570406,37.07624042080912,22.46082645177671,region," - "
3.18.3,Λιβύων,http://pleiades.stoa.org/places/716588,31.5,26.5,region," - "
3.18.3,Παλλήνῃ,http://topostext.org/place/400236LPal,40.06,23.41,NULL," - "
3.18.4,ἄγαλμα,http://arachne.dainst.org/entity/3586312,37.07333,22.42972,NULL," - "
3.18.4,Ἄφιδναν,http://dare.ht.lu.se/places/22762,37.974359,23.362766,"unlocated,port,fort,church,settlement"," - "
3.18.4,Κρησὶν,http://pleiades.stoa.org/places/991373,37.5,22.5,province," - "
3.18.4,Κρήτην,http://pleiades.stoa.org/places/589748,35.21984439173344,24.995769971494504,island," - "
3.18.5,Ἀθηναίων,http://pleiades.stoa.org/places/579885,37.971687,23.726464,settlement," - "
3.18.5,Ἄφιδναν,http://dare.ht.lu.se/places/22762,37.974359,23.362766,"unlocated,port,fort,church,settlement"," - "
3.18.5,Ἀφίδνῃ,http://dare.ht.lu.se/places/22762,37.974359,23.362766,"unlocated,port,fort,church,settlement"," - "
3.18.5,Θεσπρώτοις,http://topostext.org/place/394204RThp,39.4,20.4,NULL," - "
3.18.5,Κρήτην,http://pleiades.stoa.org/places/589748,35.21984439173344,24.995769971494504,island," - "
3.18.5,Λακεδαιμόνιοί,http://pleiades.stoa.org/places/570406,37.07624042080912,22.46082645177671,region," - "
3.18.6,Ἀμύκλας,http://pleiades.stoa.org/places/570074,35.0133,24.76084,"settlement,port"," - "
3.18.6,Σπάρτης,http://dare.ht.lu.se/places/21911,37.08149,22.42454,"theatre,temple,settlement,temple-2"," - "
3.18.6,Τίασα,http://topostext.org/place/373223WTia,37.064,22.449,NULL," - "
3.18.7,Ἀμύκλαις,http://pleiades.stoa.org/places/570074,35.0133,24.76084,"settlement,port"," - "
3.18.7,Μεσσηνίους,http://pleiades.stoa.org/places/570480,37.06945533333334,21.9323415,region," - "
3.18.7,στήλης,http://arachne.dainst.org/entity/3586313,37.02692,22.43636,NULL," - object|stêlêOlympic victor"
3.18.8,ἄγαλμα,http://arachne.dainst.org/entity/3888137,37.02692,22.43636,NULL," - "
3.18.8,ἄγαλμα,http://arachne.dainst.org/entity/3888135,37.02692,22.43636,NULL," - "
3.18.8,Αἰγινήτου,http://dare.ht.lu.se/places/21936,37.74991,23.42372,"island,settlement,temple-2"," - "
3.18.8,"Αἰγὸς ποταμοῖς",http://pleiades.stoa.org/places/501336,40.35074,26.61011,settlement," - "
3.18.8,Ἀργεῖος,http://dare.ht.lu.se/places/21779,37.631561,22.719464,settlement," - "
3.18.8,Ἄρτεμις,http://arachne.dainst.org/entity/3888136,37.02692,22.43636,NULL," - "
3.18.8,"Ἀφροδίτην παρὰ Ἀμυκλαίῳ",http://arachne.dainst.org/entity/3888142,37.02692,22.43636,NULL," - "
3.18.8,"γυναῖκα ἐποίησεν ἔχουσαν λύραν",http://arachne.dainst.org/entity/3888141,37.02692,22.43636,NULL," - "
3.18.8,δευτέρῳ,http://arachne.dainst.org/entity/3888139,37.02692,22.43636,NULL," - "
3.18.8,Πάριος,http://dare.ht.lu.se/places/29024,37.08579,25.150728,settlement," - "
3.18.8,"πρώτῳ τρίποδι",http://arachne.dainst.org/entity/3888138,37.02692,22.43636,NULL," - "
3.18.8,τρίποδες,http://arachne.dainst.org/entity/3888143,37.02692,22.43636,NULL,NULL
3.18.8,τρίτος,http://arachne.dainst.org/entity/3888140,37.02692,22.43636,NULL," - "
3.18.9,"ἄγαλμα δὲ Λευκοφρυήνης",http://arachne.dainst.org/entity/3586314,37.02692,22.43636,NULL," - "
3.18.9,θρόνον,http://arachne.dainst.org/entity/9407,37.036382,22.450422,NULL," - object|thronos|Paus|Q106363909Throne of Amyklaios"
3.18.9,Λακεδαιμονίων,http://pleiades.stoa.org/places/570406,37.07624042080912,22.46082645177671,region," - "
3.18.9,Μάγνητος,http://dare.ht.lu.se/places/21173,37.8507,27.52785,settlement," - "
3.18.9,Χάριτες,http://arachne.dainst.org/entity/4020519,37.02692,22.43636,NULL," - object|anathema|CharitesCharites, offering of Bathycles"
3.18.10,"ἔμπροσθεν αὐτόν, κατὰ ταὐτὰ δὲ καὶ ὀπίσω",http://arachne.dainst.org/entity/4030702,37.03639,22.450379,NULL," - object|supportsThrone supports, front and back, Amyklai"
3.18.10,μάχη,http://arachne.dainst.org/entity/3586318,37.02692,22.43636,NULL," - object|reliefAmyklai throne"
3.18.10,μονομαχία,http://arachne.dainst.org/entity/3586317,37.02692,22.43636,NULL," - object|relief|HeraklesAmyklai throne"
3.18.10,φέρουσι,http://arachne.dainst.org/entity/3586316,37.02692,22.43636,NULL," - object|reliefAmyklai throne"
3.18.11,"ἄγουσα Ἡρακλέα",http://arachne.dainst.org/entity/3586325,37.02692,22.43636,NULL," - "
3.18.11,ἁρπαγὴ,http://arachne.dainst.org/entity/3586324,37.02692,22.43636,NULL," - "
3.18.11,θρόνῳ,http://arachne.dainst.org/entity/9407,37.036382,22.450422,NULL," - "
3.18.11,μάχην,http://arachne.dainst.org/entity/3586322,37.02692,22.43636,NULL," - object|reliefAmyklai throne"
3.18.11,"παῖδα ἔτι ὄντα ἐς οὐρανόν",http://arachne.dainst.org/entity/3586326,37.02692,22.43636,NULL," - "
3.18.11,πεποίηκε,http://arachne.dainst.org/entity/3586319,37.02692,22.43636,NULL," - object|reliefAmyklai throne"
3.18.11,πεποίηται,http://arachne.dainst.org/entity/3586321,37.02692,22.43636,NULL," - "
3.18.11,πρὸς,http://arachne.dainst.org/entity/3586323,37.02692,22.43636,NULL," - object|reliefAmyklai throne"
3.18.11,χορός,http://arachne.dainst.org/entity/3586320,37.02692,22.43636,NULL," - "
3.18.12,ἐπείργασται,http://arachne.dainst.org/entity/3586330,37.02692,22.43636,NULL," - "
3.18.12,"Ἑρμῆς δὲ παρʼ Ἀλέξανδρον",http://arachne.dainst.org/entity/3586332,37.02692,22.43636,NULL," - "
3.18.12,Εὐήνῳ,http://pleiades.stoa.org/places/540780,38.3288971,21.5193991,river," - "
3.18.12,ἡρπασμένος,http://arachne.dainst.org/entity/3586327,37.02692,22.43636,NULL," - "
3.18.12,Θρᾷκα,http://topostext.org/place/410265RThr,41.0,26.5,NULL," - "
3.18.12,καταπαύουσιν,http://arachne.dainst.org/entity/3586333,37.02692,22.43636,NULL," - "
3.18.12,κομίζουσιν,http://arachne.dainst.org/entity/3586328,37.02692,22.43636,NULL," - "
3.18.12,μονομαχία,http://arachne.dainst.org/entity/3586329,37.02692,22.43636,NULL," - "
3.18.12,παραδίδωσι,http://arachne.dainst.org/entity/3586343,37.02692,22.43636,NULL," - "
3.18.12,τιμωρούμενος,http://arachne.dainst.org/entity/3586331,37.02692,22.43636,NULL," - "
3.18.13,ἀναιρεῖ,http://arachne.dainst.org/entity/3586340,37.02692,22.43636,NULL," - "
3.18.13,διώκοντα,http://arachne.dainst.org/entity/3586335,37.02692,22.43636,NULL," - "
3.18.13,"Ἥρα δὲ ἀφορᾷ πρὸς Ἰὼ τὴν Ἰνάχου βοῦν οὖσαν",http://arachne.dainst.org/entity/3586334,37.02692,22.43636,NULL," - "
3.18.13,"Ἡρακλῆς τὰς Γηρυόνου βοῦς",http://arachne.dainst.org/entity/3586358,37.02692,22.43636,NULL," - "
3.18.13,"ἵππος εἷς φέρων",http://arachne.dainst.org/entity/3586339,37.02692,22.43636,NULL," - "
3.18.13,"καθήμενός ἐστιν ἑκάτερος",http://arachne.dainst.org/entity/3586338,37.02692,22.43636,NULL," - "
3.18.13,πεποίηται,http://arachne.dainst.org/entity/3586336,37.02692,22.43636,NULL," - "
3.18.13,"ὡς ἀνήγαγε",http://arachne.dainst.org/entity/3586337,37.02692,22.43636,NULL," - "
3.18.14,"ἀνωτάτω δὲ χορὸς",http://arachne.dainst.org/entity/3586342,37.02692,22.43636,NULL," - "
3.18.14,θρόνον,http://arachne.dainst.org/entity/9407,37.036382,22.450422,NULL," - "
3.18.14,θρόνου,http://arachne.dainst.org/entity/9407,37.036382,22.450422,NULL," - "
3.18.14,Μάγνητες,http://dare.ht.lu.se/places/21173,37.8507,27.52785,settlement," - "
3.18.14,"πρὸς τοῖς ἄνω πέρασιν",http://arachne.dainst.org/entity/3586341,37.02692,22.43636,NULL," - "
3.18.15,ἄγχων,http://arachne.dainst.org/entity/3586348,37.02692,22.43636,NULL," - "
3.18.15,ἀπελαύνουσιν,http://arachne.dainst.org/entity/3586346,37.02692,22.43636,NULL," - "
3.18.15,ἀποκτείνων,http://arachne.dainst.org/entity/3586345,37.02692,22.43636,NULL," - "
3.18.15,Ἄρτεμις,http://arachne.dainst.org/entity/3888136,37.02692,22.43636,NULL," - "
3.18.15,ἡρπακότες,http://arachne.dainst.org/entity/3586347,37.02692,22.43636,NULL," - "
3.18.15,θήρα,http://arachne.dainst.org/entity/3586344,37.02692,22.43636,NULL," - "
3.18.15,Καλυδωνίου,http://pleiades.stoa.org/places/540699,38.372423,21.533106,"sanctuary,settlement"," - "
3.18.15,τοξεύει,http://arachne.dainst.org/entity/3586349,37.02692,22.43636,NULL," - "
3.18.16,Αἰγύπτιον,http://pleiades.stoa.org/places/981503,19.211408766666665,30.567329633333333,region," - "
3.18.16,"Ἄκαστος ἔθηκεν ἀγῶνα ἐπὶ πατρὶ",http://arachne.dainst.org/entity/3586354,37.02692,22.43636,NULL," - "
3.18.16,δεθείη,http://arachne.dainst.org/entity/3586353,37.02692,22.43636,NULL," - "
3.18.16,ζευγνύων,http://arachne.dainst.org/entity/3586356,37.02692,22.43636,NULL," - "
3.18.16,"Θησέως πρὸς Ταῦρον τὸν Μίνω",http://arachne.dainst.org/entity/3586351,37.02692,22.43636,NULL," - "
3.18.16,μάχη,http://arachne.dainst.org/entity/3586350,37.02692,22.43636,NULL," - "
3.18.16,"πρὸς Ἀχελῷον Ἡρακλέους πάλη",http://arachne.dainst.org/entity/3586352,37.02692,22.43636,NULL," - "
3.18.16,"τὰ ἐς",http://arachne.dainst.org/entity/3586355,37.02692,22.43636,NULL," - "
3.18.16,Τρῶες,http://dare.ht.lu.se/places/21153,39.9577,26.23873,settlement," - "
3.18.16,"Τρῶες ἐπιφέροντες χοὰς Ἕκτορι",http://arachne.dainst.org/entity/3586357,37.02692,22.43636,NULL," - "
3.19.1,ἄγαλμα,http://arachne.dainst.org/entity/3586274,37.02692,22.43636,NULL," - object|agalma|Apollo Amyklaios|Paushuge and ancient, not work of Bathykles"
3.19.1,θρόνου,http://arachne.dainst.org/entity/9407,37.036382,22.450422,NULL," - object|thronosThrone of Amyklaian Apollo"
3.19.3,ἄγαλμα,http://arachne.dainst.org/entity/3586359,37.02692,22.43636,NULL," - object|agalma|BirisAmyklai base"
3.19.4,Ἄρτεμις,http://arachne.dainst.org/entity/3888136,37.02692,22.43636,NULL," - "
3.19.4,ἔγραψεν,http://arachne.dainst.org/entity/3586360,41.89474,12.4839,NULL," - "
3.19.4,"πεποίηται δὲ ἐπὶ τοῦ βωμοῦ",http://arachne.dainst.org/entity/3586359,37.02692,22.43636,NULL," - object|reliefAmyklai altar/statue base"
3.19.4,"Ὑακίνθου τὸ ἄγαλμα",http://arachne.dainst.org/entity/3586359,37.02692,22.43636,NULL," - agalma|HyakinthosCarved altar/base for Apollo, with many reliefs"
3.19.5,"ἐπὶ τῷ βωμῷ",http://arachne.dainst.org/entity/3586362,37.02692,22.43636,NULL," - "
3.19.5,πεποίηται,http://arachne.dainst.org/entity/3586361,37.02692,22.43636,NULL," - object|reliefAmyklai altar"
3.19.6,ἄγαλμα,http://arachne.dainst.org/entity/3586363,37.02692,22.43636,NULL," - object|agalma|Alexandrain sanctuary near Amyklai"
3.19.6,Ἀμύκλαι,http://topostext.org/place/370224UAmy,37.0363,22.4502,NULL," - "
3.19.6,Ἀμυκλαιεῖς,http://pleiades.stoa.org/places/570074,35.0133,24.76084,"settlement,port"," - "
3.19.6,εἰκὼν,http://arachne.dainst.org/entity/3586364,37.02692,22.43636,NULL," - "
3.19.6,Θεράπνην,http://dare.ht.lu.se/places/22272,37.066091,22.454127,settlement," - "
3.19.6,"ἱερὸν Ἀλεξάνδρας",http://topostext.org/place/370224SAgA,37.024,22.4474,NULL," - built|hieron|Alexandra|PausSanctuary of Alexandra at Amyklai kômê."
3.19.6,πόλεως,http://pleiades.stoa.org/places/570685,37.08149,22.42454,"theatre,temple,settlement,temple-2"," - "
3.19.7,ἄγαλμα,http://arachne.dainst.org/entity/3586366,37.07333,22.42972,NULL," - object|agalma|Ares TheritasAgalma of Ares Theritas brought by Dioskouroi from Colchis"
3.19.7,Εὐρώταν,http://pleiades.stoa.org/places/570248,37.1615197,22.3334931,river," - "
3.19.7,Κόλχων,http://pleiades.stoa.org/places/863770,42.5,42.5,region," - "
3.19.7,ξόανόν,http://arachne.dainst.org/entity/3586365,37.07333,22.42972,NULL," - xoanon|Athena Aleaon Sparta-Therapne road"
3.19.8,Ἔλληνές,http://pleiades.stoa.org/places/1001896,37.5,22.5,province," - "
3.19.8,Κόλχων,http://pleiades.stoa.org/places/863770,42.5,42.5,region," - "
3.19.9,Θεράπνη,http://dare.ht.lu.se/places/22272,37.066091,22.454127,settlement," - "
3.19.9,Λακεδαιμονίοις,http://pleiades.stoa.org/places/570406,37.07624042080912,22.46082645177671,region," - "
3.19.9,"Μενελάου δέ ἐστιν ἐν αὐτῇ ναός",http://topostext.org/place/370225SMen,37.0658,22.4535,NULL," - "
3.19.9,Ῥόδιοι,http://pleiades.stoa.org/places/590030,36.41451,28.15629,"island,settlement,temple-2,stadion"," - "
3.19.9,Ῥόδον,http://dare.ht.lu.se/places/41162,36.41451,28.15629,"island,settlement,temple-2,stadion"," - "
3.19.10,Ἀργείαν,http://dare.ht.lu.se/places/21779,37.631561,22.719464,settlement," - "
3.19.10,Ῥοδίοις,http://dare.ht.lu.se/places/41162,36.41451,28.15629,"island,settlement,temple-2,stadion"," - "
3.19.10,Ῥόδον,http://dare.ht.lu.se/places/41162,36.41451,28.15629,"island,settlement,temple-2,stadion"," - "
3.19.11,ἄγαλμα,http://arachne.dainst.org/entity/3586367,45.256404,30.204699,NULL," - object|agalma|Achilleson Leuke island"
3.19.11,Εὐξείνῳ,http://pleiades.stoa.org/places/1224,43.0786852,34.7425505,water-open," - "
3.19.11,Ἱμεραίους,http://dare.ht.lu.se/places/22259,37.96884,13.82184,"temple,settlement,plaza"," - "
3.19.11,Ἴστρου,http://dare.ht.lu.se/places/16181,45.16291,29.647293,river," - "
3.19.11,Κροτωνιάτας,http://pleiades.stoa.org/places/452317,39.028864,17.205128,"city-wall,sanctuary,settlement"," - "
3.19.11,Λευκή,http://dare.ht.lu.se/places/41084,45.25471,30.20325,island," - "
3.19.12,Δελφούς,http://pleiades.stoa.org/places/540726,38.482289,22.501169,"sanctuary,settlement"," - "
3.19.12,Ἰταλίᾳ,http://pleiades.stoa.org/places/452346,38.25,16.25,region," - "
3.19.12,Κροτωνιάταις,http://pleiades.stoa.org/places/452317,39.028864,17.205128,"city-wall,sanctuary,settlement"," - "
3.19.12,Κροτωνιάτης,http://pleiades.stoa.org/places/452317,39.028864,17.205128,"city-wall,sanctuary,settlement"," - "
3.19.12,Λευκήν,http://dare.ht.lu.se/places/41084,45.25471,30.20325,island," - "
3.19.12,Λοκρούς,http://dare.ht.lu.se/places/16737,38.20782,16.23715,"stoa,townhouse,theatre,sanctuary,settlement"," - "
3.19.12,Ὀπουντίους,http://topostext.org/place/386231ROpu,38.6,23.1,NULL," - "
3.19.13,Ἱμέραν,http://dare.ht.lu.se/places/22259,37.96884,13.82184,"temple,settlement,plaza"," - "
3.19.13,Λευκῆς,http://pleiades.stoa.org/places/226677,45.25471,30.20325,island," - "
3.20.1,Θεράπνῃ,http://dare.ht.lu.se/places/22272,37.066091,22.454127,settlement," - "
3.20.1,Λακεδαιμονίων,http://pleiades.stoa.org/places/570406,37.07624042080912,22.46082645177671,region," - "
3.20.2,Ἀλεσίαις,http://dare.ht.lu.se/places/27399,37.043277,22.413455,settlement," - "
3.20.2,Ἀλεσίας,http://dare.ht.lu.se/places/27399,37.043277,22.413455,settlement," - built|chôrionfrom Poseidon Gaiouchos heading toward Taygetos"
3.20.2,Θεράπνης,http://dare.ht.lu.se/places/22272,37.066091,22.454127,settlement," - "
3.20.2,Ταΰγετον,http://dare.ht.lu.se/places/41218,36.9528148,22.3503405,mountain," - "
3.20.2,Φοιβαῖον,http://topostext.org/place/371224SPho,37.069,22.44165,NULL," - "
3.20.3,Ἀμύκλας,http://pleiades.stoa.org/places/570074,35.0133,24.76084,"settlement,port"," - "
3.20.3,Βρυσίαι,http://topostext.org/place/370235XAVa,36.979,22.478,NULL," - built|polisformer polis"
3.20.3,Λακωνικῇ,http://pleiades.stoa.org/places/570406,37.07624042080912,22.46082645177671,region," - "
3.20.3,Ταΰγετόν,http://dare.ht.lu.se/places/41218,36.9528148,22.3503405,mountain," - "
3.20.3,Ταϋγέτου,http://dare.ht.lu.se/places/41218,36.9528148,22.3503405,mountain," - "
3.20.3,Φᾶρις,http://dare.ht.lu.se/places/31043,37.029321,22.2805645,settlement," - "
3.20.4,Βρυσεῶν,http://topostext.org/place/370235XAVa,36.979,22.478,NULL," - "
3.20.4,Πέρσας,http://pleiades.stoa.org/places/922698,30.5,51.5,unknown," - "
3.20.4,Ταΰγετον,http://dare.ht.lu.se/places/41218,36.9528148,22.3503405,mountain," - "
3.20.4,Ταϋγέτου,http://dare.ht.lu.se/places/41218,36.9528148,22.3503405,mountain," - "
3.20.5,ἱερόν,http://topostext.org/place/370224SElD,37.01384,22.41979,NULL," - "
3.20.5,Λακεδαιμόνιοι,http://pleiades.stoa.org/places/570406,37.07624042080912,22.46082645177671,region," - "
3.20.5,ξόανον,http://arachne.dainst.org/entity/3586370,36.962066,22.331085,NULL," - "
3.20.5,Ταϋγέτου,http://dare.ht.lu.se/places/41218,36.9528148,22.3503405,mountain," - "
3.20.6,Ἀμύκλας,http://pleiades.stoa.org/places/570074,35.0133,24.76084,"settlement,port"," - "
3.20.6,Ἑλλάδος,http://pleiades.stoa.org/places/1001896,37.5,22.5,province," - "
3.20.6,Ἕλληνας,http://pleiades.stoa.org/places/1001896,37.5,22.5,province," - "
3.20.6,Ἕλος,http://topostext.org/place/368226UHel,36.8432,22.6075,NULL," - "
3.20.6,θαλάσσῃ,http://topostext.org/place/367227WLac,36.66,22.71,NULL," - "
3.20.6,Θεσσαλίᾳ,http://pleiades.stoa.org/places/1332,39.6,22.2,region," - "
3.20.6,Λακεδαιμονίων,http://pleiades.stoa.org/places/570406,37.07624042080912,22.46082645177671,region," - "
3.20.6,Μεσσηνίους,http://pleiades.stoa.org/places/570480,37.06945533333334,21.9323415,region," - "
3.20.7,ἄγαλμα,http://arachne.dainst.org/entity/3586372,36.962066,22.331085,NULL," - "
3.20.7,Ἐλευσίνιον,http://topostext.org/place/370224SElD,37.01384,22.41979,NULL," - "
3.20.7,Ἕλους,http://topostext.org/place/368226UHel,36.8432,22.6075,NULL,NULL
3.20.7,Λαπίθαιόν,http://topostext.org/place/370224ULap,36.9896,22.4301,NULL," - "
3.20.7,ξόανον,http://arachne.dainst.org/entity/3586371,36.832122,22.697582,NULL," - "
3.20.7,Ταϋγέτῳ,http://dare.ht.lu.se/places/41218,36.9528148,22.3503405,mountain," - "
3.20.8,ἄγαλμα,http://arachne.dainst.org/entity/3586373,37.07333,22.42972,NULL," - "
3.20.8,Ἀρκαδίας,http://pleiades.stoa.org/places/570102,37.567419268449626,22.165323097346306,region," - "
3.20.8,Πλατανιστᾷ,http://topostext.org/place/371224SPla,37.0841,22.4191,NULL," - "
3.20.8,Σπάρτης,http://dare.ht.lu.se/places/21911,37.08149,22.42454,"theatre,temple,settlement,temple-2"," - "
3.20.8,Σπαρτιᾶται,http://pleiades.stoa.org/places/570685,37.08149,22.42454,"theatre,temple,settlement,temple-2"," - "
3.20.9,"κίονες δὲ ἑπτὰ",http://arachne.dainst.org/entity/3652689,37.07333,22.42972,NULL," - object|kionesnear tomb of the Horse, columns representing planets"
3.20.10,ἄγαλμα,http://arachne.dainst.org/entity/3586374,37.07333,22.42972,NULL," - "
3.20.10,Ἰθάκην,http://topostext.org/place/383204UIth,38.453,20.643,NULL," - "
3.20.10,Λακεδαίμονι,http://pleiades.stoa.org/places/570406,37.07624042080912,22.46082645177671,region," - "
3.20.10,πόλεως,http://pleiades.stoa.org/places/570685,37.08149,22.42454,"theatre,temple,settlement,temple-2"," - "
3.20.11,"ἄγαλμα δὲ ἀνέθηκεν Αἰδοῦς",http://arachne.dainst.org/entity/3586374,37.07333,22.42972,NULL," - "
3.20.11,Λακεδαίμονα,http://pleiades.stoa.org/places/570406,37.07624042080912,22.46082645177671,region," - "
3.21.1,Αἰγίου,http://dare.ht.lu.se/places/21941,38.252707,22.081952,settlement," - "
3.21.1,Ἀχαιὸν,http://pleiades.stoa.org/places/570028,38.102121472776034,22.224585911364017,region," - "
3.21.1,Εὐρώτα,http://pleiades.stoa.org/places/570248,37.1615197,22.3334931,river," - "
3.21.1,Ἠλείων,http://topostext.org/place/378215REle,37.8,21.5,NULL," - "
3.21.2,Πελλάνα,http://topostext.org/place/372223PPel,37.2083,22.3244,NULL," - "
3.21.2,Πελλάναν,http://topostext.org/place/372223PPel,37.2083,22.3244,NULL," - "
3.21.2,Σπάρτης,http://dare.ht.lu.se/places/21911,37.08149,22.42454,"theatre,temple,settlement,temple-2"," - "
3.21.3,Βελεμίνα,http://topostext.org/place/373223UBel,37.2785,22.2869,NULL," - "
3.21.3,Εὐρώτα,http://pleiades.stoa.org/places/570248,37.1615197,22.3334931,river," - "
3.21.3,Λακωνικῆς,http://pleiades.stoa.org/places/570406,37.07624042080912,22.46082645177671,region," - "
3.21.3,Πελλάνας,http://topostext.org/place/372223PPel,37.2083,22.3244,NULL," - "
3.21.4,ἄγαλμα,http://arachne.dainst.org/entity/3586375,36.884856,22.548448,NULL," - "
3.21.4,Γύθιον,http://dare.ht.lu.se/places/21912,36.763663,22.562341,"settlement,port"," - "
3.21.4,Διόσκουροι,http://arachne.dainst.org/entity/3888349,36.884856,22.548448,NULL," - object|statue|Dioskouroi|Q190103Bronze statues at Krokeai quarries"
3.21.4,Κροκέαι,http://dare.ht.lu.se/places/28521,36.884856,22.548448,settlement," - "
3.21.4,Λακεδαιμονίοις,http://pleiades.stoa.org/places/570406,37.07624042080912,22.46082645177671,region," - "
3.21.5,"ἄγαλμα τοῦ θεοῦ",http://arachne.dainst.org/entity/3586376,36.815881,22.519226,NULL," - object|agalma|PoseidonAigiai at Lake of Poseidon"
3.21.5,Αἰγίας,http://topostext.org/place/368225UAig,36.7863,22.5129,NULL," - "
3.21.5,Γύθιον,http://dare.ht.lu.se/places/21912,36.763663,22.562341,"settlement,port"," - "
3.21.5,Κροκέας,http://dare.ht.lu.se/places/28521,36.884856,22.548448,settlement," - "
3.21.6,Αἰγιῶν,http://topostext.org/place/368225UAig,36.7863,22.5129,NULL," - "
3.21.6,Γύθιον,http://dare.ht.lu.se/places/21912,36.763663,22.562341,"settlement,port"," - "
3.21.6,θαλάσσῃ,http://topostext.org/place/367227WLac,36.66,22.71,NULL," - "
3.21.6,ἰσθμοῦ,http://pleiades.stoa.org/places/570317,37.9510881,22.9602226,isthmus," - "
3.21.6,Κορινθίων,http://pleiades.stoa.org/places/570182,37.906045,22.878721,"sanctuary,settlement,fort"," - "
3.21.6,Λακεδαιμονίων,http://pleiades.stoa.org/places/570406,37.07624042080912,22.46082645177671,region," - "
3.21.6,Λακωνικῆς,http://pleiades.stoa.org/places/570406,37.07624042080912,22.46082645177671,region," - "
3.21.6,Πελοπόννησος,http://pleiades.stoa.org/places/570577,37.25289777692308,22.312752688461543,"peninsula,region"," - "
3.21.6,Σπάρτῃ,http://pleiades.stoa.org/places/570685,37.08149,22.42454,"theatre,temple,settlement,temple-2"," - "
3.21.6,Φοινίκων,http://pleiades.stoa.org/places/678334,33.25,35.25,region," - "
3.21.7,Αἰγιῶν,http://topostext.org/place/368225UAig,36.7863,22.5129,NULL," - "
3.21.7,Ἀκριαὶ,http://topostext.org/place/368228UAkr,36.8,22.792,NULL," - "
3.21.7,Ἀλαγονία,http://topostext.org/place/370223UAla,36.9556,22.2612,NULL," - "
3.21.7,Ἀσωπὸς,http://topostext.org/place/367229UAso,36.6845,22.8426,NULL," - "
3.21.7,Βοιαὶ,http://dare.ht.lu.se/places/23295,36.5121752,23.06003809999993,settlement," - "
3.21.7,Βρασιαὶ,http://dare.ht.lu.se/places/31055,37.144402,22.890275,settlement," - "
3.21.7,Γερηνία,http://dare.ht.lu.se/places/27436,36.927195,22.208656,settlement," - "
3.21.7,Γερόνθραι,http://dare.ht.lu.se/places/27437,36.992193,22.706912,settlement," - "
3.21.7,Γύθιον,http://dare.ht.lu.se/places/21912,36.763663,22.562341,"settlement,port"," - "
3.21.7,Γυθίου,http://dare.ht.lu.se/places/21912,36.763663,22.562341,"settlement,port",NULL
3.21.7,"Ἐπίδαυρος ἡ Λιμηρὰ",http://dare.ht.lu.se/places/21913,36.731301,23.02637,settlement," - "
3.21.7,Ζάραξ,http://dare.ht.lu.se/places/31094,36.787,23.088,settlement," - "
3.21.7,Θαλάμαι,http://topostext.org/place/368223PTha,36.7862,22.3257,NULL," - "
3.21.7,Καινήπολις,http://dare.ht.lu.se/places/27451,36.460433,22.442714,settlement," - "
3.21.7,Λᾶς,http://dare.ht.lu.se/places/30995,36.7279,22.5047,settlement," - "
3.21.7,Λεῦκτρα,http://dare.ht.lu.se/places/31002,36.84279,22.26501,settlement," - "
3.21.7,Μαριός,http://dare.ht.lu.se/places/31012,37.042584,22.819373,settlement," - "
3.21.7,Οἴτυλός,http://dare.ht.lu.se/places/31027,36.705058,22.3848,settlement," - "
3.21.7,Πύρριχος,http://dare.ht.lu.se/places/31058,36.659054,22.432959,settlement," - "
3.21.7,Σπάρτην,http://dare.ht.lu.se/places/21911,37.08149,22.42454,"theatre,temple,settlement,temple-2"," - "
3.21.7,Ταινάρῳ,http://dare.ht.lu.se/places/41220,36.3856534,22.4831905,cape," - "
3.21.7,Τευθρώνη,http://dare.ht.lu.se/places/31077,36.621145,22.489063,settlement," - "
3.21.8,ἄγαλμα,http://arachne.dainst.org/entity/3586380,36.761727,22.564267,NULL," - "
3.21.8,ἄγαλμά,http://arachne.dainst.org/entity/3586379,36.761727,22.564267,NULL," - "
3.21.8,ἀγάλματα,http://arachne.dainst.org/entity/3888350,36.761727,22.564267,NULL," - object|agalma|Herakles|Apollo|PausIn agora of Gythion"
3.21.8,"Ἀπόλλων Κάρνειος",http://arachne.dainst.org/entity/3586378,36.761727,22.564267,NULL," - object|agalma|Apollo Karneios|PausElsewhere in Gythion"
3.21.8,Γυθεᾶται,http://pleiades.stoa.org/places/570268,36.763663,22.562341,"settlement,port"," - "
3.21.8,Διόνυσος,http://arachne.dainst.org/entity/3586377,36.761727,22.564267,NULL," - object|agalma|Dionysos|Q41680near Apollo and Herakles statues at Gythion"
3.21.9,ἄγαλμα,http://arachne.dainst.org/entity/3586382,36.761727,22.564267,NULL," - "
3.21.9,Γυθεᾶται,http://pleiades.stoa.org/places/570268,36.763663,22.562341,"settlement,port"," - "
3.21.9,θαλάσσῃ,http://topostext.org/place/367227WLac,36.66,22.71,NULL," - "
3.21.9,"ὃν δὲ",http://arachne.dainst.org/entity/3586381,36.761727,22.564267,NULL," - "
3.22.1,"ἀργὸς λίθος",http://arachne.dainst.org/entity/3586383,36.761727,22.564267,NULL," - object|lithosunworked stone of Zeus Kappotas near Gythion"
3.22.1,Γυθίου,http://dare.ht.lu.se/places/21912,36.763663,22.562341,"settlement,port",NULL
3.22.1,Κρανάη,http://dare.ht.lu.se/places/43559,36.75398,22.57391,island," - islandin front of Gythion"
3.22.2,ἄγαλμα,http://arachne.dainst.org/entity/3888145,36.761727,22.564267,NULL," - "
3.22.2,θεὰς,http://arachne.dainst.org/entity/3888351,36.761727,22.564267,NULL," - "
3.22.2,Ἴλιον,http://dare.ht.lu.se/places/21153,39.9577,26.23873,settlement," - "
3.22.2,Λαρύσιον,http://topostext.org/place/368228LLar,36.754,22.564,NULL," - oros|hieron|Dionysossacred to Dionysos, above Migonion"
3.22.2,Τροίας,http://dare.ht.lu.se/places/21153,39.9577,26.23873,settlement," - "
3.22.3,Γυθίου,http://dare.ht.lu.se/places/21912,36.763663,22.562341,"settlement,port",NULL
3.22.3,Ἕλους,http://topostext.org/place/368226UHel,36.8432,22.6075,NULL," - built|polis|ereipia80 stades beyond Trinasos"
3.22.3,Τρινασοῦ,http://topostext.org/place/368226FTri,36.796,22.602,NULL," - built|teichê|PausFortress on mainland 30 stades left from Gythion"
3.22.3,Τρινασοῦ,http://topostext.org/place/368226FTri,36.796,22.602,NULL," - built|teichêFortress on mainland 30 stades left from Gythion"
3.22.4,ἄγαλμα,http://arachne.dainst.org/entity/3586385,38.61202,27.42646,NULL," - "
3.22.4,ἄγαλμα,http://arachne.dainst.org/entity/3586384,36.789191,22.789944,NULL," - "
3.22.4,Ἀκρίαι,http://topostext.org/place/368228UAkr,36.8,22.792,NULL," - "
3.22.4,Ἀκρίας,http://topostext.org/place/368228UAkr,36.8,22.792,NULL," - built|proxyThose holding Akriai"
3.22.4,θαλάσσης,http://topostext.org/place/367227WLac,36.66,22.71,NULL," - "
3.22.4,Κοδδίνου,http://pleiades.stoa.org/places/550653,38.585627,27.503594,settlement," - "
3.22.4,Μαγνησί,http://dare.ht.lu.se/places/21172,37.8507,27.52785,settlement," - "
3.22.4,Μάγνητες,http://dare.ht.lu.se/places/21172,37.8507,27.52785,settlement," - "
3.22.4,Πελοποννησίοις,http://pleiades.stoa.org/places/570577,37.25289777692308,22.312752688461543,"peninsula,region"," - "
3.22.4,Σιπύλου,http://dare.ht.lu.se/places/41128,38.5668,27.45394,mountain," - "
3.22.5,Ἀκριᾶται,http://topostext.org/place/368228UAkr,36.8,22.792,NULL," - "
3.22.6,Ἀκριῶν,http://topostext.org/place/368228UAkr,36.8,22.792,NULL," - "
3.22.6,Γερόνθραι,http://dare.ht.lu.se/places/27437,36.992193,22.706912,settlement," - "
3.22.6,Γερόνθραις,http://dare.ht.lu.se/places/27437,36.992193,22.706912,settlement," - "
3.22.6,Γερόνθρας,http://dare.ht.lu.se/places/27437,36.992193,22.706912,settlement," - "
3.22.6,Γερονθρῶν,http://dare.ht.lu.se/places/27437,36.992193,22.706912,settlement," - "
3.22.6,Λακεδαίμονα,http://pleiades.stoa.org/places/570406,37.07624042080912,22.46082645177671,region," - "
3.22.6,Παλαιὰ,http://pleiades.stoa.org/places/570545,36.875634,22.802548,settlement," - built|kômêon Akriai-Geronthrai road"
3.22.6,Πελοπόννησον,http://pleiades.stoa.org/places/570577,37.25289777692308,22.312752688461543,"peninsula,region"," - "
3.22.7,ἀγάλματος,http://arachne.dainst.org/entity/3586386,36.99457,22.70505,NULL," - object|agalma|Apolloivory head, rest destroyed by fire"
3.22.8,Γερονθρῶν,http://dare.ht.lu.se/places/27437,36.992193,22.706912,settlement," - "
3.22.8,Γλυππία,http://dare.ht.lu.se/places/27438,37.174817,22.683334,settlement," - built|kômêBeyond Marios, also inland"
3.22.8,Μαριὸς,http://dare.ht.lu.se/places/31012,37.042584,22.819373,settlement," - "
3.22.8,Σελινοῦντα,http://topostext.org/place/370227USel,37.035,22.692,NULL," - built|kômê20 stadia from Geronthrai on road"
3.22.9,Ἀκριῶν,http://topostext.org/place/368228UAkr,36.8,22.792,NULL," - "
3.22.9,Ἀσωπὸς,http://topostext.org/place/367229UAso,36.6845,22.8426,NULL," - built|polis60 stades from Akriae on the sea"
3.22.9,Ῥωμαίων,http://dare.ht.lu.se/places/1438,41.89262,12.4843457,"settlement,urban"," - "
3.22.10,Ἀσκληπιεῖον,http://topostext.org/place/367229SHyp,36.7308,22.9017,NULL," - "
3.22.10,Ἀσωποῦ,http://topostext.org/place/367229UAso,36.6845,22.8426,NULL," - "
3.22.10,"ἱερὸν Ἀσκληπιοῦ",http://topostext.org/place/367229SHyp,36.7308,22.9017,NULL," - built|hieron|AsklepiosSanctuary of Asklepios in locality Hyperteleaton"
3.22.10,"Ὄνου γνάθον",http://topostext.org/place/365229LOno,36.466,22.933,NULL," - physical|akra200 stadia from Asopos"
3.22.10,Ὑπερτελέατον,http://pleiades.stoa.org/places/570302,36.732977,22.904198,temple," - chôrionsite of sanctuary of Asklepios"
3.22.11,Βοιαὶ,http://dare.ht.lu.se/places/23295,36.5121752,23.06003809999993,settlement," - built|polistoward the edge of the Boiatic gulf"
3.22.11,Ἤτιδος,http://topostext.org/place/368228PEti,36.489,23.066,NULL," - built|polisincorporated into Boiai"
3.22.11,Ἰταλίαν,http://pleiades.stoa.org/places/1052,42.5,12.5,region," - "
3.22.11,Σίδης,http://topostext.org/place/363233PSid,36.476,23.164,NULL," - built|polisincorporated in Boiai"
3.22.13,ἄγαλμα,http://arachne.dainst.org/entity/3586387,36.512414,23.05791,NULL," - "
3.22.13,Βοιατῶν,http://topostext.org/place/365231PBoi,36.517,23.062,NULL," - "
3.22.13,Βοιῶν,http://dare.ht.lu.se/places/23295,36.5121752,23.06003809999993,settlement," - "
3.22.13,Ἤτιδος,http://topostext.org/place/368228PEti,36.489,23.066,NULL," - built|polis|ereipiaruins of Etis less than 7 stadia from Boiai"
3.23.1,Βοιῶν,http://dare.ht.lu.se/places/23295,36.5121752,23.06003809999993,settlement," - "
3.23.1,Ἕλλησίν,http://pleiades.stoa.org/places/1001896,37.5,22.5,province," - "
3.23.1,"θεὸς ξόανον ὡπλισμένον",http://arachne.dainst.org/entity/3586388,36.25139,23.01806,NULL," - object|xoanon|Aphrodite Ourania|Pausarmed"
3.23.1,Κύθηρα,http://pleiades.stoa.org/places/570186,36.26229,22.97822,"island,settlement"," - "
3.23.1,Κύθηρα,http://pleiades.stoa.org/places/570400,36.26229,22.97822,"island,settlement"," - "
3.23.1,Κυθήροις,http://pleiades.stoa.org/places/570186,36.26229,22.97822,"island,settlement"," - "
3.23.1,"Ὄνου γνάθου",http://topostext.org/place/365229LOno,36.466,22.933,NULL," - "
3.23.1,Πλατανιστοῦντα,http://topostext.org/place/363230LPla,36.3852,22.9503,NULL," - "
3.23.1,Σκάνδειά,http://dare.ht.lu.se/places/31066,36.229899,23.073782,settlement," - "
3.23.1,Σκανδείας,http://dare.ht.lu.se/places/31066,36.229899,23.073782,settlement," - "
3.23.2,Βοιῶν,http://dare.ht.lu.se/places/23295,36.5121752,23.06003809999993,settlement," - "
3.23.2,Ἐπιδήλιον,http://topostext.org/place/368233UEpi,36.64,23.03,NULL," - built|sanctuary|Apollo|Paus100 stades after Cape Malea"
3.23.2,Μαλέας,http://dare.ht.lu.se/places/43582,36.43603,23.19975,cape," - "
3.23.2,Νύμφαιον,http://topostext.org/place/364232UNym,36.43,23.136,NULL," - "
3.23.2,"Ποσειδῶνος ἄγαλμα ὀρθὸν",http://arachne.dainst.org/entity/3586389,36.445281,23.158946,NULL," - object|agalma|Poseidon|Pausstanding"
3.23.3,"Ἀπόλλωνος ξόανον",http://arachne.dainst.org/entity/3586390,36.535521,23.151133,NULL," - object|xoanon|Apollo|Pausfrom Delos"
3.23.3,Δήλου,http://dare.ht.lu.se/places/22862,37.397274,25.268194,"architecturalcomplex,sanctuary,monument,island,settlement,plaza"," - "
3.23.3,Δήλῳ,http://dare.ht.lu.se/places/22686,37.397274,25.268194,"architecturalcomplex,sanctuary,monument,island,settlement,plaza"," - "
3.23.3,Ἕλλησιν,http://pleiades.stoa.org/places/1001896,37.5,22.5,province," - "
3.23.4,Βοιατῶν,http://topostext.org/place/365231PBoi,36.517,23.062,NULL," - "
3.23.4,Δηλίους,http://dare.ht.lu.se/places/22862,37.397274,25.268194,"architecturalcomplex,sanctuary,monument,island,settlement,plaza"," - "
3.23.4,Δῆλον,http://dare.ht.lu.se/places/22862,37.397274,25.268194,"architecturalcomplex,sanctuary,monument,island,settlement,plaza"," - builtflattened by Menophanes"
3.23.4,Δήλου,http://dare.ht.lu.se/places/22862,37.397274,25.268194,"architecturalcomplex,sanctuary,monument,island,settlement,plaza"," - builtunwalled"
3.23.4,Ἐπιδήλιον,http://topostext.org/place/368233UEpi,36.64,23.03,NULL," - "
3.23.4,ξόανον,http://arachne.dainst.org/entity/3586390,36.535521,23.151133,NULL," - "
3.23.5,Δῆλον,http://dare.ht.lu.se/places/22686,37.397274,25.268194,"architecturalcomplex,sanctuary,monument,island,settlement,plaza"," - "
3.23.5,Ῥωμαίων,http://dare.ht.lu.se/places/1438,41.89262,12.4843457,"settlement,urban"," - "
3.23.6,Ἀργολίδι,http://pleiades.stoa.org/places/570104,37.6566371145232,22.92059272180843,region," - "
3.23.6,Βοιαῶν,http://dare.ht.lu.se/places/23295,36.5121752,23.06003809999993,settlement," - builtborder of Boiai with Epidauros Limera"
3.23.6,Ἐπιδαυρίων,http://topostext.org/place/376232PEpi,37.6335,23.1602,NULL," - "
3.23.6,"Ἐπίδαυρός ἐστιν ἡ Λιμηρά",http://topostext.org/place/367230UEpi,36.731,23.026,NULL," - built|polis200 stadia from Epidelion"
3.23.6,Ἐπιδηλίου,http://topostext.org/place/368233UEpi,36.64,23.03,NULL," - "
3.23.6,Κῶν,http://pleiades.stoa.org/places/599581,36.844,27.17,island," - "
3.23.6,Λακεδαιμονίων,http://pleiades.stoa.org/places/570406,37.07624042080912,22.46082645177671,region," - "
3.23.6,Λακωνικῆς,http://pleiades.stoa.org/places/570406,37.07624042080912,22.46082645177671,region," - "
3.23.7,Ἐπιδαύρου,http://dare.ht.lu.se/places/22612,37.596111,23.079167,"theatre,sanctuary,settlement"," - "
3.23.9,Αἴτνῃ,http://dare.ht.lu.se/places/23686,37.751113,14.9958286,mountain," - "
3.23.10,"ἄγαλμα ὀρθὸν λίθου",http://arachne.dainst.org/entity/3586391,37.59669,23.07524,NULL," - object|agalma|AsklepiosStanding stone statue"
3.23.10,Βοιῶν,http://dare.ht.lu.se/places/23295,36.5121752,23.06003809999993,settlement," - "
3.23.10,"Ἐπίδαυρον τὴν Λιμηρὰν",http://topostext.org/place/367230UEpi,36.731,23.026,NULL," - "
3.23.11,Λακωνικὴ,http://pleiades.stoa.org/places/570406,37.07624042080912,22.46082645177671,region," - "
3.23.11,Μινῴα,http://dare.ht.lu.se/places/43580,36.68818,23.0502,cape," - "
3.24.1,"ἄγαλμα κιθάραν ἔχον",http://arachne.dainst.org/entity/3586392,36.786089,23.087935,NULL," - "
3.24.1,Ἐπιδαύρου,http://topostext.org/place/367230UEpi,36.731,23.026,NULL," - "
3.24.1,Ζάρακι,http://dare.ht.lu.se/places/31094,36.787,23.088,settlement," - "
3.24.1,Ζάραξ,http://dare.ht.lu.se/places/31094,36.787,23.088,settlement," - built|chôrionGood-harbor chorion"
3.24.1,Λακωνικῶν,http://pleiades.stoa.org/places/570406,37.07624042080912,22.46082645177671,region," - "
3.24.2,Ζάρακος,http://dare.ht.lu.se/places/31094,36.787,23.088,settlement," - "
3.24.2,Κυφάντων,http://topostext.org/place/370230PKyp,36.9683,22.9925,NULL," - built|ereipia|Pausnorth 100 stadia from Zarax by the sea, and turn inland 10 stades."
3.24.2,"λίθου δὲ τὸ ἄγαλμα",http://arachne.dainst.org/entity/3586393,36.974754,22.988269,NULL," - object|agalma|Asklepiosstone statue"
3.24.3,Βρασιαὶ,http://dare.ht.lu.se/places/31055,37.144402,22.890275,settlement," - built|polis|Paus200 stadia sail from Kyphanta"
3.24.3,Ἑλλήνων,http://pleiades.stoa.org/places/1001896,37.5,22.5,province," - "
3.24.3,Κυφάντων,http://topostext.org/place/370230PKyp,36.9683,22.9925,NULL," - "
3.24.4,Βρασιὰς,http://dare.ht.lu.se/places/31055,37.144402,22.890275,settlement," - "
3.24.4,Βρασιᾶται,http://topostext.org/place/371229PPra,37.145,22.8882,NULL," - "
3.24.4,Ὀρειάτας,http://pleiades.stoa.org/places/570629,37.144402,22.890275,settlement," - polisOreiatai old name"
3.24.5,ἄγαλμα,http://arachne.dainst.org/entity/3888146,37.149,22.882,NULL," - "
3.24.5,Βρασιαῖς,http://dare.ht.lu.se/places/31055,37.144402,22.890275,settlement," - "
3.24.5,"χαλκοῖ ποδιαίων ἑστήκασιν οὐ μείζονες",http://arachne.dainst.org/entity/3888352,37.149,22.882,NULL," - object|statuette|DioskouroiThree statues a foot high on promontory of Brasiai, Dioskouroi or Korybants"
3.24.6,ἄγαλμα,http://arachne.dainst.org/entity/3586394,36.727888,22.505241,NULL," - "
3.24.6,Γυθίου,http://dare.ht.lu.se/places/21912,36.763663,22.562341,"settlement,port",NULL
3.24.6,θαλάσσης,http://topostext.org/place/367227WLac,36.66,22.71,NULL," - "
3.24.6,Λακωνικὴν,http://pleiades.stoa.org/places/570406,37.07624042080912,22.46082645177671,region," - "
3.24.6,Λᾶς,http://dare.ht.lu.se/places/30995,36.7279,22.5047,settlement," - built|polis10 stadia from the sea, 40 stadia from Gythion"
3.24.6,Μακεδόνων,http://topostext.org/place/408225RMak,40.81,22.5,NULL," - "
3.24.6,τρόπαιον,http://arachne.dainst.org/entity/3586396,36.727888,22.505241,NULL," - built|tropaionTrophy in front of walls of Las, over Macedonians, time of Philip"
3.24.7,"ἄγαλμα ἀρχαῖον",http://arachne.dainst.org/entity/3586395,36.727888,22.505241,NULL," - "
3.24.7,Κόλχοι,http://pleiades.stoa.org/places/863770,42.5,42.5,region," - "
3.24.7,Κόλχοις,http://pleiades.stoa.org/places/863770,42.5,42.5,region," - "
3.24.7,Κόλχων,http://pleiades.stoa.org/places/863770,42.5,42.5,region," - "
3.24.7,Λακεδαιμονίων,http://pleiades.stoa.org/places/570406,37.07624042080912,22.46082645177671,region," - "
3.24.7,πόλεως,http://pleiades.stoa.org/places/570417,36.7279,22.5047,settlement," - built|polis|tx:PausLas"
3.24.8,Σπαρτιατῶν,http://pleiades.stoa.org/places/570685,37.08149,22.42454,"theatre,temple,settlement,temple-2"," - "
3.24.9,πόλεως,http://dare.ht.lu.se/places/30995,36.7279,22.5047,settlement," - "
3.24.9,Σμῆνος,http://topostext.org/place/368223WSme,36.727,22.501,NULL," - potamos5 stades distant from Las, springs on Taygetos"
3.24.9,Ταϋγέτῳ,http://dare.ht.lu.se/places/41218,36.9528148,22.3503405,mountain," - "
3.24.10,ἀνδριὰς,http://arachne.dainst.org/entity/3586397,36.69704,22.521276,NULL," - object|andriasportrait statue on mnema"
3.24.10,Ἀραΐνῳ,http://dare.ht.lu.se/places/27407,36.69704,22.521276,settlement," - "
3.24.11,Τροίαν,http://pleiades.stoa.org/places/550595,39.9577,26.23873,settlement," - "
3.25.1,Πύρριχος,http://dare.ht.lu.se/places/31058,36.659054,22.432959,settlement," - built|polis40 stades from the Skyras river, inland"
3.25.1,Σκύρας,http://topostext.org/place/367225WSky,36.68812,22.51748,NULL," - "
3.25.1,Σκύρου,http://pleiades.stoa.org/places/541093,38.82754,24.6099,"island,settlement"," - "
3.25.2,Μαλέᾳ,http://dare.ht.lu.se/places/43582,36.43603,23.19975,cape," - "
3.25.2,Μαλέαν,http://dare.ht.lu.se/places/43582,36.43603,23.19975,cape," - "
3.25.2,Μαλέας,http://dare.ht.lu.se/places/43582,36.43603,23.19975,cape," - "
3.25.3,ἀμφότερα,http://arachne.dainst.org/entity/3586399,36.656646,22.438765,NULL," - "
3.25.3,Θερμώδοντος,http://pleiades.stoa.org/places/857352,41.1939559,36.9424975,river," - potamos|mythicalriver of the Amazons"
3.25.3,ξόανα,http://arachne.dainst.org/entity/3586398,36.656646,22.438765,NULL," - "
3.25.3,Πυρρίχῳ,http://dare.ht.lu.se/places/31058,36.659054,22.432959,settlement," - "
3.25.4,ἄγαλμα,http://arachne.dainst.org/entity/3586400,36.39352,22.482276,NULL," - "
3.25.4,Ἀθηναῖον,http://dare.ht.lu.se/places/10975,37.971687,23.726464,settlement," - "
3.25.4,Ἀχίλλειός,http://topostext.org/place/363223HAcL,36.423,22.474,NULL," - "
3.25.4,Πυρρίχου,http://dare.ht.lu.se/places/31058,36.659054,22.432959,settlement," - "
3.25.4,Ταίναρον,http://dare.ht.lu.se/places/41220,36.3856534,22.4831905,cape," - "
3.25.4,Τευθρώνη,http://dare.ht.lu.se/places/31077,36.621145,22.489063,settlement," - "
3.25.4,Ψαμαθοῦς,http://topostext.org/place/364225UPsa,36.4372,22.4824,NULL," - "
3.25.5,Ἑλλήνων,http://pleiades.stoa.org/places/1001896,37.5,22.5,province," - "
3.25.5,Μιλήσιος,http://dare.ht.lu.se/places/21166,37.5292362,27.2774885,"theatre,settlement,port"," - "
3.25.5,Ταινάρῳ,http://dare.ht.lu.se/places/41220,36.3856534,22.4831905,cape," - "
3.25.7,"Ἀρίων ὁ κιθαρῳδὸς",http://arachne.dainst.org/entity/3586401,36.39352,22.482276,NULL," - object|statue|PausArion the kitharode on dolphin, bronze"
3.25.7,Ποροσελήνῃ,http://dare.ht.lu.se/places/27351,39.336684,26.654808,settlement," - "
3.25.7,Ταινάρῳ,http://dare.ht.lu.se/places/41220,36.3856534,22.4831905,cape," - "
3.25.8,Ταινάρῳ,http://dare.ht.lu.se/places/41220,36.3856534,22.4831905,cape," - "
3.25.9,"ἄγαλμα ὀρθὸν λίθου",http://arachne.dainst.org/entity/3586402,36.4018,22.4867,NULL," - object|agalma|Aphrodite|PausStanding agalma at temple of Aphrodite in Kainepolis"
3.25.9,Θυρίδες,http://dare.ht.lu.se/places/41219,36.46799,22.39224,cape," - "
3.25.9,Ἱππόλας,http://dare.ht.lu.se/places/27447,36.503959,22.362287,settlement," - built|polis|ereipia30 stadia from Kainepolis"
3.25.9,Καινήπολις,http://dare.ht.lu.se/places/27451,36.460433,22.442714,settlement," - built|polis|Paus40 stadia from Tainaron cape by sea"
3.25.9,μέγαρον,http://topostext.org/place/365224SDeK,36.462,22.4359,NULL," - "
3.25.9,Μέσσα,http://topostext.org/place/365224UMes,36.541,22.367,NULL," - "
3.25.9,ναός,http://topostext.org/place/365224SApK,36.4632,22.4352,NULL," - built|naos|AphroditeTemple of Aphrodite at Kainepolis"
3.25.9,Ταίναρον,http://dare.ht.lu.se/places/22614,36.401551,22.4866293,settlement," - built|polisSame as Kainepolis?"
3.25.9,Ταινάρου,http://dare.ht.lu.se/places/22614,36.401551,22.4866293,settlement," - "
3.25.9,"Ταινάρου δὲ τῆς ἄκρας",http://dare.ht.lu.se/places/41220,36.3856534,22.4831905,cape," - "
3.25.10,Ἀργεῖος,http://dare.ht.lu.se/places/21779,37.631561,22.719464,settlement," - "
3.25.10,ξόανον,http://arachne.dainst.org/entity/3586403,36.707275,22.38694,NULL," - "
3.25.10,Οἴτυλον,http://dare.ht.lu.se/places/31027,36.705058,22.3848,settlement," - built|polis|Paus150 stades from Messa harbor"
3.25.10,Οἰτύλῳ,http://dare.ht.lu.se/places/31027,36.705058,22.3848,settlement," - "
3.26.1,ἕτερον,http://arachne.dainst.org/entity/3586404,36.78502,22.32952,NULL," - object|agalma|Heliosbronze statue of Helios in open air"
3.26.1,Θαλάμας,http://topostext.org/place/368223PTha,36.7862,22.3257,NULL," - built80 stadia by road from Oitylos"
3.26.1,Θαλαμάταις,http://topostext.org/place/368223PTha,36.7862,22.3257,NULL," - "
3.26.1,Οἰτύλου,http://dare.ht.lu.se/places/31027,36.705058,22.3848,settlement," - "
3.26.1,Πασιφάης,http://arachne.dainst.org/entity/3586413,36.78502,22.32952,NULL," - object|agalma|Pasiphae|Pausbronze statue in open air at sanctuary of Ino, with Helios"
3.26.1,"χαλκοῦν δὲ καὶ τοῦτο",http://arachne.dainst.org/entity/3586405,36.78502,22.32952,NULL," - object|agalma|PausBronze statue covered with wreathes so impossible to see"
3.26.2,Θαλαμᾶται,http://topostext.org/place/368223PTha,36.7862,22.3257,NULL," - "
3.26.2,Θαλαμῶν,http://topostext.org/place/368223PTha,36.7862,22.3257,NULL," - "
3.26.2,Πελλάναν,http://pleiades.stoa.org/places/570576,38.0446,22.5384,settlement," - "
3.26.2,Πέφνος,http://dare.ht.lu.se/places/31039,36.812375,22.296786,settlement," - built|Paus20 stadia from Thalamai on the sea"
3.26.3,"ἀγάλματα Διοσκούρων χαλκᾶ",http://arachne.dainst.org/entity/3888353,36.815469,22.296324,NULL," - object|agalma|Dioskouroi|PausFoot-high statues in open air on the islet of Pephnos"
3.26.3,Λακεδαιμονίοις,http://pleiades.stoa.org/places/570406,37.07624042080912,22.46082645177671,region," - "
3.26.3,Μεσσήνιοι,http://pleiades.stoa.org/places/570480,37.06945533333334,21.9323415,region," - "
3.26.4,"Ἀσκληπιοῦ τε ἄγαλμα",http://arachne.dainst.org/entity/3586406,36.843766,22.266553,NULL," - object|agalma|Asklepiosstone statue"
3.26.4,Ἰνοῦς,http://arachne.dainst.org/entity/3586407,36.843766,22.266553,NULL," - object|agalma|Ino|Q223690elsewhere in Leuktra"
3.26.4,Λεῦκτρα,http://dare.ht.lu.se/places/31002,36.84279,22.26501,settlement," - "
3.26.4,Μεσσήνιοί,http://pleiades.stoa.org/places/570480,37.06945533333334,21.9323415,region," - "
3.26.4,Πέφνου,http://dare.ht.lu.se/places/31039,36.812375,22.296786,settlement," - "
3.26.5,ἄγαλμα,http://arachne.dainst.org/entity/3586408,36.843766,22.266553,NULL," - "
3.26.5,ἄγαλμα,http://arachne.dainst.org/entity/3586410,36.843766,22.266553,NULL," - "
3.26.5,Λακεδαιμονίων,http://pleiades.stoa.org/places/570406,37.07624042080912,22.46082645177671,region," - "
3.26.5,Λεύκτροις,http://dare.ht.lu.se/places/31002,36.84279,22.26501,settlement," - "
3.26.5,ξόανά,http://arachne.dainst.org/entity/3586409,36.843766,22.266553,NULL," - "
3.26.5,Σπάρτην,http://dare.ht.lu.se/places/21911,37.08149,22.42454,"theatre,temple,settlement,temple-2"," - "
3.26.6,ἄγαλμα,http://arachne.dainst.org/entity/3586411,36.843766,22.266553,NULL," - "
3.26.6,Λακεδαιμονίων,http://pleiades.stoa.org/places/570406,37.07624042080912,22.46082645177671,region," - "
3.26.6,Λεῦκτρα,http://dare.ht.lu.se/places/31002,36.84279,22.26501,settlement,NULL
3.26.6,Λεῦκτρα,http://dare.ht.lu.se/places/31002,36.84279,22.26501,settlement," - "
3.26.6,Μεσσηνίας,http://pleiades.stoa.org/places/570480,37.06945533333334,21.9323415,region," - "
3.26.6,Μεσσήνιοί,http://pleiades.stoa.org/places/570480,37.06945533333334,21.9323415,region," - "
3.26.6,"χώρᾳ τῆς Λευκτρικῆς",http://dare.ht.lu.se/places/31002,36.84279,22.26501,settlement," - chôraSeaside area of Leuktra"
3.26.7,Καρδαμύλη,http://dare.ht.lu.se/places/28512,36.884777,22.237649,settlement," - built|polisma8 stades from sea, 60 stadia from Leuktra"
3.26.7,Καρδαμύλη,http://dare.ht.lu.se/places/28512,36.884777,22.237649,settlement," - "
3.26.7,Λακεδαιμονίων,http://pleiades.stoa.org/places/570406,37.07624042080912,22.46082645177671,region," - "
3.26.7,Λεύκτρων,http://dare.ht.lu.se/places/31002,36.84279,22.26501,settlement," - built60 stades from Kardamyle"
3.26.7,Μεσσηνίας,http://pleiades.stoa.org/places/570480,37.06945533333334,21.9323415,region," - "
3.26.7,Σπάρτῃ,http://pleiades.stoa.org/places/570685,37.08149,22.42454,"theatre,temple,settlement,temple-2"," - "
3.26.7,Σπάρτην,http://dare.ht.lu.se/places/21911,37.08149,22.42454,"theatre,temple,settlement,temple-2"," - "
3.26.8,Γερηνίαν,http://topostext.org/place/369222UGer,36.934,22.195,NULL," - "
3.26.8,Μεσσηνίους,http://pleiades.stoa.org/places/570480,37.06945533333334,21.9323415,region," - "
3.26.8,Πύλος,http://topostext.org/place/370217XNes,37.027,21.695,NULL," - "
3.26.9,"ἄγαλμα δὲ τοῦ Μαχάονος χαλκοῦν",http://arachne.dainst.org/entity/3586412,36.931335,21.805801,NULL," - object|agalma|Machaonbronze statue, upright"
3.26.9,Γερηνίᾳ,http://topostext.org/place/369222UGer,36.934,22.195,NULL," - "
3.26.9,Μεσσήνιοι,http://pleiades.stoa.org/places/570480,37.06945533333334,21.9323415,region," - "
3.26.10,Ἀσκληπιεῖον,http://pleiades.stoa.org/places/550459,39.118873,27.165609,settlement," - built|hieron|Asklepios|opsisAsklepieion of Pergamon"
3.26.10,Ἴλιον,http://dare.ht.lu.se/places/21153,39.9577,26.23873,settlement," - "
3.26.10,"Καρικῆς ἠπείρου",http://pleiades.stoa.org/places/991381,37.213163833551015,28.088996902733474,province," - regional|êpeirosCoastal Caria"
3.26.10,Περγάμῳ,http://dare.ht.lu.se/places/21158,39.1325,27.184167,"theatre,sanctuary,settlement,temple-2"," - "
3.26.10,Σύρνον,http://dare.ht.lu.se/places/30798,36.720882,28.196786,settlement," - "
3.26.11,Ἀλαγονία,http://topostext.org/place/370223UAla,36.9556,22.2612,NULL," - "
3.26.11,Γερηνίας,http://topostext.org/place/369222UGer,36.934,22.195,NULL," - "
3.26.11,Καλάθιόν,http://pleiades.stoa.org/places/570324,36.92565,22.17928,mountain," - "
