BookID,Place,Links,Lat,Lon,Type,Description
7.1.1,Αἰγιαλεῖς,http://pleiades.stoa.org/places/570028,38.102121472776034,22.224585911364017,region," - "
7.1.1,Αἰγιαλὸς,http://pleiades.stoa.org/places/570028,38.102121472776034,22.224585911364017,region," - regional|t - archaion|nameAigialos"
7.1.1,Ἀχαΐαν,http://pleiades.stoa.org/places/570028,38.102121472776034,22.224585911364017,region," - "
7.1.1,ἐνοικούντων,http://pleiades.stoa.org/places/570028,38.102121472776034,22.224585911364017,region," - "
7.1.1,Ἠλείας,http://dare.ht.lu.se/places/21944,37.89131,21.37493,"theatre,settlement"," - "
7.1.1,θάλασσαν,http://pleiades.stoa.org/places/570181,38.175407050000004,22.395744800000003,water-open," - "
7.1.1,Σικυωνίᾳ,http://dare.ht.lu.se/places/21937,37.98336,22.71135,settlement," - "
7.1.1,Σικυωνίας,http://dare.ht.lu.se/places/21937,37.98336,22.71135,settlement," - "
7.1.1,Σικυωνίων,http://dare.ht.lu.se/places/21937,37.98336,22.71135,settlement," - historical|Sicyonians|proxy|f - logosNaming of Achaia"
7.1.1,χώρας,http://pleiades.stoa.org/places/570028,38.102121472776034,22.224585911364017,region," - "
7.1.2,Ἀθήνας,http://dare.ht.lu.se/places/10975,37.971687,23.726464,settlement," - "
7.1.2,Θεσσαλίας,http://pleiades.stoa.org/places/1332,39.6,22.2,region," - "
7.1.3,Ἀθηνῶν,http://dare.ht.lu.se/places/10975,37.971687,23.726464,settlement," - "
7.1.3,Αἰγιαλεῖς,http://pleiades.stoa.org/places/570028,38.102121472776034,22.224585911364017,region," - "
7.1.3,Αἰγιαλὸν,http://pleiades.stoa.org/places/570028,38.102121472776034,22.224585911364017,region," - regional|synopticlater name for aigialos"
7.1.3,Αἰγιαλοῦ,http://pleiades.stoa.org/places/570028,38.102121472776034,22.224585911364017,region," - "
7.1.3,Θεσσαλίαν,http://pleiades.stoa.org/places/1332,39.6,22.2,region," - "
7.1.4,Αἰγιαλεῖς,http://pleiades.stoa.org/places/570028,38.102121472776034,22.224585911364017,region," - "
7.1.4,Αἰγιαλέων,http://pleiades.stoa.org/places/570028,38.102121472776034,22.224585911364017,region," - "
7.1.4,Αἰγιαλόν,http://pleiades.stoa.org/places/570028,38.102121472776034,22.224585911364017,region," - "
7.1.4,Αἰγιαλῷ,http://pleiades.stoa.org/places/570028,38.102121472776034,22.224585911364017,region," - "
7.1.4,Ἑλίκην,http://dare.ht.lu.se/places/27442,38.22257,22.14015,settlement," - "
7.1.4,"τοὺς ἀνθρώπους",http://pleiades.stoa.org/places/570281,38.22257,22.14015,settlement," - "
7.1.5,Ἀθηναίοις,http://dare.ht.lu.se/places/10975,37.971687,23.726464,settlement," - "
7.1.5,Ἀθηναίων,http://dare.ht.lu.se/places/10975,37.971687,23.726464,settlement," - "
7.1.5,Ἄργους,http://dare.ht.lu.se/places/21779,37.631561,22.719464,settlement," - "
7.1.5,Ἀττικῇ,http://pleiades.stoa.org/places/579888,38.051998833333336,23.818991099999998,region," - "
7.1.5,Ἀχαιοῖς,http://pleiades.stoa.org/places/570028,38.102121472776034,22.224585911364017,region," - "
7.1.5,Ἀχαιῶν,http://pleiades.stoa.org/places/981502,37.5,22.5,province," - "
7.1.5,Ἐλευσινίων,http://dare.ht.lu.se/places/21987,38.041096,23.538311,"sanctuary,settlement"," - "
7.1.5,Λακεδαίμονος,http://pleiades.stoa.org/places/570406,37.07624042080912,22.46082645177671,region," - "
7.1.5,Ποταμίων,http://pleiades.stoa.org/places/580087,37.789855,24.055816,settlement," - "
7.1.6,Ἄργει,http://dare.ht.lu.se/places/21779,37.631561,22.719464,settlement," - "
7.1.6,Ἄργος,http://dare.ht.lu.se/places/21779,37.631561,22.719464,settlement," - "
7.1.6,Ἀχαιοῖς,http://pleiades.stoa.org/places/570028,38.102121472776034,22.224585911364017,region," - "
7.1.6,Ἀχαιούς,http://pleiades.stoa.org/places/570028,38.102121472776034,22.224585911364017,region," - "
7.1.6,Λακεδαίμονα,http://pleiades.stoa.org/places/570406,37.07624042080912,22.46082645177671,region," - "
7.1.6,Πελοποννησίων,http://pleiades.stoa.org/places/570577,37.25289777692308,22.312752688461543,"peninsula,region"," - "
7.1.6,Φθιώτιδος,http://pleiades.stoa.org/places/540585,38.9967985,22.55625075,region," - "
7.1.7,Ἄργει,http://dare.ht.lu.se/places/21779,37.631561,22.719464,settlement," - "
7.1.7,Ἀργείοις,http://pleiades.stoa.org/places/570106,37.631561,22.719464,settlement," - "
7.1.7,Ἄργους,http://dare.ht.lu.se/places/21779,37.631561,22.719464,settlement," - "
7.1.7,Ἀχαιοὺς,http://pleiades.stoa.org/places/570028,38.102121472776034,22.224585911364017,region," - "
7.1.7,Ἀχαιῶν,http://pleiades.stoa.org/places/981502,37.5,22.5,province," - "
7.1.7,Δαναοὶ,http://dare.ht.lu.se/places/21779,37.631561,22.719464,settlement," - "
7.1.7,Λακεδαίμονι,http://pleiades.stoa.org/places/570406,37.07624042080912,22.46082645177671,region," - "
7.1.7,Λακεδαίμονος,http://pleiades.stoa.org/places/570406,37.07624042080912,22.46082645177671,region," - "
7.1.7,"τοὺς ἀνθρώπους",http://dare.ht.lu.se/places/29009,37.59716,27.42788,settlement," - "
7.1.8,Ἀχαιοὶ,http://pleiades.stoa.org/places/981502,37.5,22.5,province," - "
7.1.8,Ἀχαιῶν,http://pleiades.stoa.org/places/981502,37.5,22.5,province," - "
7.1.8,"Δελφοῖς σφισιν",http://dare.ht.lu.se/places/21949,38.482289,22.501169,"sanctuary,settlement"," - "
7.1.8,Ἑλίκῃ,http://dare.ht.lu.se/places/27442,38.22257,22.14015,settlement," - "
7.1.8,Ἑλίκην,http://dare.ht.lu.se/places/27442,38.22257,22.14015,settlement," - "
7.1.8,Λακεδαιμόνιοι,http://pleiades.stoa.org/places/570406,37.07624042080912,22.46082645177671,region," - "
7.1.8,Λακεδαιμονίοις,http://pleiades.stoa.org/places/570406,37.07624042080912,22.46082645177671,region," - "
7.1.8,Σπάρτην,http://dare.ht.lu.se/places/21911,37.08149,22.42454,"theatre,temple,settlement,temple-2"," - "
7.1.9,Ἀθηναῖοι,http://dare.ht.lu.se/places/10975,37.971687,23.726464,settlement," - "
7.1.9,Ἀθηναίοις,http://dare.ht.lu.se/places/10975,37.971687,23.726464,settlement," - "
7.1.9,Ἀττικὴν,http://pleiades.stoa.org/places/579888,38.051998833333336,23.818991099999998,region," - "
7.2.1,Ἀθηναίων,http://dare.ht.lu.se/places/10975,37.971687,23.726464,settlement," - "
7.2.1,Δελφοῖς,http://dare.ht.lu.se/places/21949,38.482289,22.501169,"sanctuary,settlement"," - "
7.2.1,Ἴωνες,http://pleiades.stoa.org/places/550597,38.258572855555556,27.36601213333333,region," - "
7.2.2,Ἀθηναίοις,http://dare.ht.lu.se/places/10975,37.971687,23.726464,settlement," - historical|Athenians|proxyAthenian"
7.2.2,Ἀθηνῶν,http://dare.ht.lu.se/places/10975,37.971687,23.726464,settlement," - "
7.2.2,Ἑλλάδος,http://pleiades.stoa.org/places/1001896,37.5,22.5,province," - built|settlement|synopticHellas, Greece"
7.2.2,Θεσπιεῦσιν,http://dare.ht.lu.se/places/22837,38.293384,23.154521,settlement," - "
7.2.2,Θηβαῖος,http://pleiades.stoa.org/places/541138,38.318092,23.255096,"sanctuary,settlement"," - "
7.2.2,Καλλίστην,http://pleiades.stoa.org/places/808255902,36.4,25.4,archipelago," - "
7.2.2,Λακεδαιμονίους,http://pleiades.stoa.org/places/570406,37.07624042080912,22.46082645177671,region," - "
7.2.2,Λήμνου,http://dare.ht.lu.se/places/41115,39.916667,25.25,island," - "
7.2.2,νῆσον,http://topostext.org/place/364255IThe,36.406,25.454,NULL," - "
7.2.2,Σαρδὼ,http://pleiades.stoa.org/places/472014,40.06802462263924,8.895951166868167,island," - "
7.2.3,Ἀθηναῖοι,http://dare.ht.lu.se/places/10975,37.971687,23.726464,settlement," - "
7.2.3,Ἑλλήνων,http://pleiades.stoa.org/places/1001896,37.5,22.5,province," - "
7.2.3,Θηβαῖοί,http://dare.ht.lu.se/places/21952,38.318092,23.255096,"sanctuary,settlement"," - "
7.2.3,Μεσσήνιοι,http://pleiades.stoa.org/places/570480,37.06945533333334,21.9323415,region," - "
7.2.3,"Ὀρχομένιοι Μινύαι",http://dare.ht.lu.se/places/21918,37.724716,22.31536,settlement," - "
7.2.3,Πύλου,http://dare.ht.lu.se/places/23297,36.91198,21.69583,settlement," - "
7.2.4,Ἄβαντες,http://topostext.org/place/388238RAba,38.75,23.5,NULL," - "
7.2.4,Ἀθηναῖοι,http://dare.ht.lu.se/places/10975,37.971687,23.726464,settlement," - "
7.2.4,Ἀσίαν,http://pleiades.stoa.org/places/981509,37.5,27.5,province," - "
7.2.4,Δελφῶν,http://dare.ht.lu.se/places/21949,38.482289,22.501169,"sanctuary,settlement"," - "
7.2.4,Εὐβοίας,http://dare.ht.lu.se/places/41413,38.53,23.87,island," - "
7.2.4,Μίλητον,http://dare.ht.lu.se/places/21166,37.5292362,27.2774885,"theatre,settlement,port"," - "
7.2.4,Φωκεῖς,http://pleiades.stoa.org/places/541048,38.25,22.25,unknown," - "
7.2.4,Φωκεῦσι,http://pleiades.stoa.org/places/541048,38.25,22.25,unknown," - "
7.2.5,Ἀνακτορίαν,http://dare.ht.lu.se/places/21166,37.5292362,27.2774885,"theatre,settlement,port"," - built|settlementanaktoria is the old name for Miletus"
7.2.5,Κᾶρες,http://pleiades.stoa.org/places/991381,37.213163833551015,28.088996902733474,province," - historical|Carians|proxyCaria has two entries on. Pleiades. Which to choose?"
7.2.5,Κρησὶν,http://pleiades.stoa.org/places/589748,35.21984439173344,24.995769971494504,island," - "
7.2.5,Κρήτης,http://pleiades.stoa.org/places/589748,35.21984439173344,24.995769971494504,island," - "
7.2.5,Κρητῶν,http://pleiades.stoa.org/places/589748,35.21984439173344,24.995769971494504,island," - "
7.2.5,Μιλήσιοι,http://dare.ht.lu.se/places/21166,37.5292362,27.2774885,"theatre,settlement,port"," - "
7.2.5,Μίλητος,http://dare.ht.lu.se/places/21166,37.5292362,27.2774885,"theatre,settlement,port"," - "
7.2.6,Διδύμους,http://dare.ht.lu.se/places/22649,37.384829,27.256115,"sanctuary,temple-2"," - "
7.2.6,"ἱερὸν τὸ ἐν Διδύμοις",http://pleiades.stoa.org/places/599593,37.384829,27.256115,"sanctuary,temple-2"," - "
7.2.6,Μιλησίων,http://dare.ht.lu.se/places/21166,37.5292362,27.2774885,"theatre,settlement,port"," - "
7.2.7,Ἀθήνας,http://dare.ht.lu.se/places/10975,37.971687,23.726464,settlement," - "
7.2.7,"Ἐφεσίᾳ θεῷ,",http://dare.ht.lu.se/places/21155,37.941944,27.339722,"theatre,settlement,temple-2,architecturalcomplex"," - "
7.2.7,Ἔφεσον,http://dare.ht.lu.se/places/21155,37.941944,27.339722,"theatre,settlement,temple-2,architecturalcomplex"," - "
7.2.7,Θερμώδοντος,http://pleiades.stoa.org/places/857352,41.1939559,36.9424975,river," - "
7.2.7,ἱερὸν,http://dare.ht.lu.se/places/22847,37.9498235,27.363816,NULL," - "
7.2.7,"Καΰστρου δὲ τοῦ ποταμοῦ",http://pleiades.stoa.org/places/550492,38.0304732,27.4412386,river," - "
7.2.8,"ἄνω πόλιν",http://dare.ht.lu.se/places/21155,37.941944,27.339722,"theatre,settlement,temple-2,architecturalcomplex"," - built|settlementrefers to thge upper city of Ephesus"
7.2.8,Ἐφέσιοι,http://dare.ht.lu.se/places/21155,37.941944,27.339722,"theatre,settlement,temple-2,architecturalcomplex"," - "
7.2.8,Ἔφεσον,http://dare.ht.lu.se/places/21155,37.941944,27.339722,"theatre,settlement,temple-2,architecturalcomplex"," - "
7.2.8,ἱερὸν,http://dare.ht.lu.se/places/21155,37.941944,27.339722,"theatre,settlement,temple-2,architecturalcomplex"," - built|templethis refers to the Artemis Ephesia's temple in Ephesus"
7.2.8,"Καρικοῦ μοῖρα",http://pleiades.stoa.org/places/599564,37.038339,27.423638999999998,"labeled feature"," - "
7.2.8,Λέλεγας,http://dare.ht.lu.se/places/21155,37.941944,27.339722,"theatre,settlement,temple-2,architecturalcomplex"," - "
7.2.8,Λέλεγες,http://pleiades.stoa.org/places/550692,39.75,26.75,people," - "
7.2.8,Λυδοὺς,http://pleiades.stoa.org/places/550701,38.624771249999995,27.9632845,region," - "
7.2.8,Λυδῶν,http://pleiades.stoa.org/places/991385,37.5,27.5,province," - "
7.2.8,Σαμίους,http://pleiades.stoa.org/places/599926,37.73,26.84,"island,sanctuary,settlement,temple-2"," - "
7.2.8,Σάμον,http://dare.ht.lu.se/places/41142,37.73,26.84,"island,sanctuary,settlement,temple-2"," - "
7.2.9,ἐπίθημα,http://arachne.dainst.org/entity/3586730,37.95137,27.36849,NULL," - "
7.2.9,Ἐφέσιοι,http://dare.ht.lu.se/places/21155,37.941944,27.339722,"theatre,settlement,temple-2,architecturalcomplex"," - "
7.2.9,Κᾶρας,http://pleiades.stoa.org/places/991381,37.213163833551015,28.088996902733474,province," - "
7.2.9,Πριηνεῦσιν,http://dare.ht.lu.se/places/21167,37.66,27.298333,"theatre,settlement,temple-2"," - historical|proxypeople of Priene"
7.2.9,Σαμίων,http://dare.ht.lu.se/places/41142,37.73,26.84,"island,sanctuary,settlement,temple-2"," - "
7.2.9,"τοῦ Ἑλληνικοῦ",http://pleiades.stoa.org/places/1001896,37.5,22.5,province," - historical|Greeks|proxythere is no real lovcation for Hellas"
7.2.10,Θηβαῖοι,http://dare.ht.lu.se/places/21952,38.318092,23.255096,"sanctuary,settlement"," - "
7.2.10,Κᾶρας,http://pleiades.stoa.org/places/991381,37.213163833551015,28.088996902733474,province," - "
7.2.10,Μυοῦντα,http://dare.ht.lu.se/places/29009,37.59716,27.42788,settlement," - "
7.2.10,Μυοῦντος,http://dare.ht.lu.se/places/29009,37.59716,27.42788,settlement," - "
7.2.10,οἰκήτορες,http://dare.ht.lu.se/places/29009,37.59716,27.42788,settlement," - historical|proxypeople of Myus"
7.2.10,Πέρσου,http://pleiades.stoa.org/places/922698,30.5,51.5,unknown," - "
7.2.10,πόλιν.,http://dare.ht.lu.se/places/29009,37.59716,27.42788,settlement," - "
7.2.10,Πριηνεῖς,http://dare.ht.lu.se/places/21167,37.66,27.298333,"theatre,settlement,temple-2"," - historical|proxypeople of Priene"
7.2.10,Πριήνην,http://dare.ht.lu.se/places/21167,37.66,27.298333,"theatre,settlement,temple-2"," - "
7.2.11,ἀγάλματα,http://arachne.dainst.org/entity/3652702,37.529588,27.277295,NULL," - "
7.2.11,Ἀταρνείτας,http://pleiades.stoa.org/places/550469,39.09127,26.92073,settlement," - "
7.2.11,"θαλάσσης κόλπος",http://pleiades.stoa.org/places/599671,37.56397930542696,27.371919434374124,water-open," - physical|gulfgulf"
7.2.11,λίμνην,http://pleiades.stoa.org/places/599671,37.56397930542696,27.371919434374124,water-open," - "
7.2.11,Μαίανδρος,http://pleiades.stoa.org/places/599777,37.6220196,27.4713446,river," - "
7.2.11,Μίλητον,http://dare.ht.lu.se/places/21166,37.5292362,27.2774885,"theatre,settlement,port"," - "
7.2.11,Μυοῦντι,http://pleiades.stoa.org/places/599813,37.59716,27.42788,settlement," - "
7.2.11,"Μυουσίαν χώραν",http://dare.ht.lu.se/places/29009,37.59716,27.42788,settlement," - "
7.2.11,Μυούσιοι,http://dare.ht.lu.se/places/29009,37.59716,27.42788,settlement," - "
7.2.11,Μυουσίοις,http://dare.ht.lu.se/places/30310,36.135916,33.292029,settlement," - "
7.2.11,Περγάμῳ,http://pleiades.stoa.org/places/550812,39.1325,27.184167,"theatre,sanctuary,settlement,temple-2"," - "
7.2.11,πόλιν.,http://dare.ht.lu.se/places/29009,37.59716,27.42788,settlement," - "
7.2.11,"τοὺς ἀνθρώπους",http://dare.ht.lu.se/places/29009,37.59716,27.42788,settlement," - "
7.3.1,Ἁλιαρτίᾳ,http://pleiades.stoa.org/places/540801,38.379818,23.088416,settlement," - "
7.3.1,Ἀργείων,http://topostext.org/place/376227PArg,37.6316,22.7195,NULL," - historical|Argives|proxythere is no entry on Pleiades in Argos"
7.3.1,Δελφούς,http://dare.ht.lu.se/places/21949,38.482289,22.501169,"sanctuary,settlement"," - "
7.3.1,Θήβας,http://dare.ht.lu.se/places/21952,38.318092,23.255096,"sanctuary,settlement"," - "
7.3.1,"ἱερὸν τὸ ἐν Κλάρῳ",http://pleiades.stoa.org/places/599719,38.00466,27.19292,"sanctuary,temple-2"," - built|hieronthe dare entry doesn't have the temple registered as 'Apollo's temple'"
7.3.1,Κᾶρες,http://pleiades.stoa.org/places/991381,37.213163833551015,28.088996902733474,province," - historical|Carians|proxyCaria has two entries on. Pleiades. Which to choose?"
7.3.1,Καρῶν,http://pleiades.stoa.org/places/991381,37.213163833551015,28.088996902733474,province," - "
7.3.1,Κολοφώνιοι,http://dare.ht.lu.se/places/21170,38.115556,27.142222,settlement," - historical|proxythe people of Colophon"
7.3.1,Κρῆτας,http://pleiades.stoa.org/places/589748,35.21984439173344,24.995769971494504,island," - "
7.3.1,"πρώτους τοῦ Ἑλληνικοῦ",http://pleiades.stoa.org/places/1001896,37.5,22.5,province,NULL
7.3.1,"τῆς δὲ χώρας",http://pleiades.stoa.org/places/991381,37.213163833551015,28.088996902733474,province," - "
7.3.1,"τοῦ Ἑλληνικοῦ",http://pleiades.stoa.org/places/1001896,37.5,22.5,province," - historical|Greeks|proxythere is no real lovcation for Hellas"
7.3.2,Ἀσίαν,http://pleiades.stoa.org/places/981509,37.5,27.5,province," - "
7.3.2,Κᾶρας,http://pleiades.stoa.org/places/991381,37.213163833551015,28.088996902733474,province," - "
7.3.2,Κλάρον,http://dare.ht.lu.se/places/21476,38.00466,27.19292,"sanctuary,temple-2"," - "
7.3.2,"οἱ Κρῆτες",http://pleiades.stoa.org/places/589748,35.21984439173344,24.995769971494504,island," - "
7.3.3,Κολοφῶνι,http://dare.ht.lu.se/places/21170,38.115556,27.142222,settlement," - "
7.3.3,Νάξον,http://dare.ht.lu.se/places/41367,37.127,25.52001,island," - "
7.3.3,Νάξῳ,http://dare.ht.lu.se/places/41367,37.127,25.52001,island," - "
7.3.4,Ἔφεσον,http://dare.ht.lu.se/places/21155,37.941944,27.339722,"theatre,settlement,temple-2,architecturalcomplex"," - "
7.3.4,Κλάρον,http://dare.ht.lu.se/places/21476,38.00466,27.19292,"sanctuary,temple-2"," - "
7.3.4,Κολοφώνιοι,http://dare.ht.lu.se/places/21170,38.115556,27.142222,settlement," - historical|proxythe people of Colophon"
7.3.4,Κολοφωνίοις,http://dare.ht.lu.se/places/21170,38.115556,27.142222,settlement," - "
7.3.4,Κολοφωνίων,http://dare.ht.lu.se/places/21170,38.115556,27.142222,settlement," - "
7.3.4,Μακεδόσι,http://pleiades.stoa.org/places/981531,42.5,22.5,province," - "
7.3.4,Σμυρναίων,http://dare.ht.lu.se/places/21157,38.41905,27.1383,settlement," - "
7.3.5,"ἐπὶ θαλάσσῃ",http://dare.ht.lu.se/places/21477,38.077883,26.964722,settlement," - physical|coastthe coast outside Lebedos"
7.3.5,Ἐφέσῳ,http://dare.ht.lu.se/places/21155,37.941944,27.339722,"theatre,settlement,temple-2,architecturalcomplex"," - "
7.3.5,"Καλάοντα ποταμόν",http://pleiades.stoa.org/places/550608,38.25,27.25,river," - physical|riverriver close to Colophon"
7.3.5,Κᾶρες,http://pleiades.stoa.org/places/991381,37.213163833551015,28.088996902733474,province," - historical|Carians|proxyCaria has two entries on. Pleiades. Which to choose?"
7.3.5,Κολοφῶνος,http://dare.ht.lu.se/places/21170,38.115556,27.142222,settlement," - "
7.3.5,Λεβεδίοις,http://dare.ht.lu.se/places/21477,38.077883,26.964722,settlement," - "
7.3.5,Λέβεδον,http://dare.ht.lu.se/places/21477,38.077883,26.964722,settlement," - "
7.3.5,λουτρὰ,http://pleiades.stoa.org/places/599754,38.077883,26.964722,settlement," - "
7.3.6,Ἀθηναίων,http://dare.ht.lu.se/places/10975,37.971687,23.726464,settlement," - "
7.3.6,Ἀττικοῦ,http://pleiades.stoa.org/places/579888,38.051998833333336,23.818991099999998,region," - "
7.3.6,Βοιωτίας,http://pleiades.stoa.org/places/540689,38.34668803333333,23.184677533333332,region," - "
7.3.6,Βοιωτῶν,http://pleiades.stoa.org/places/540689,38.34668803333333,23.184677533333332,region," - "
7.3.6,Κᾶρες,http://pleiades.stoa.org/places/991381,37.213163833551015,28.088996902733474,province," - historical|Carians|proxyCaria has two entries on. Pleiades. Which to choose?"
7.3.6,"Ὀρχομένιοι Μινύαι",http://dare.ht.lu.se/places/21918,37.724716,22.31536,settlement," - "
7.3.6,Ὀρχομενίοις,http://dare.ht.lu.se/places/21918,37.724716,22.31536,settlement," - "
7.3.6,Τέων,http://dare.ht.lu.se/places/21169,38.177262,26.785014,settlement," - "
7.3.6,Τήιοι,http://dare.ht.lu.se/places/21169,38.177262,26.785014,settlement," - "
7.3.6,Τηίοις,http://dare.ht.lu.se/places/21169,38.177262,26.785014,settlement," - "
7.3.7,Ἑλληνικοῦ,http://pleiades.stoa.org/places/1001896,37.5,22.5,province," - "
7.3.7,Ἐρυθραῖοι,http://pleiades.stoa.org/places/550535,38.38122,26.48103,"settlement,port"," - historical|Erythraeans|proxyGeohack identifies this to modern day Çeşme"
7.3.7,Ἐρυθραίοις,http://pleiades.stoa.org/places/550535,38.38122,26.48103,"settlement,port"," - "
7.3.7,"Ἐρυθράς,",http://pleiades.stoa.org/places/550535,38.38122,26.48103,"settlement,port"," - "
7.3.7,Ἰλίου,http://dare.ht.lu.se/places/21153,39.9577,26.23873,settlement," - "
7.3.7,Ἰωνίᾳ,http://pleiades.stoa.org/places/550597,38.258572855555556,27.36601213333333,region," - "
7.3.7,Καρῶν,http://pleiades.stoa.org/places/991381,37.213163833551015,28.088996902733474,province," - "
7.3.7,Κρησὶ,http://pleiades.stoa.org/places/589748,35.21984439173344,24.995769971494504,island," - "
7.3.7,Κρήτης,http://pleiades.stoa.org/places/589748,35.21984439173344,24.995769971494504,island," - "
7.3.7,Κρητῶν,http://pleiades.stoa.org/places/589748,35.21984439173344,24.995769971494504,island," - "
7.3.7,Λύκιοι,http://pleiades.stoa.org/places/1001914,37.5,27.5,province," - "
7.3.7,Λυκίων,http://pleiades.stoa.org/places/1001914,37.5,27.5,province," - "
7.3.7,Πάμφυλοι,http://pleiades.stoa.org/places/639034,36.990721,30.98638,region," - "
7.3.7,Παμφύλων,http://pleiades.stoa.org/places/639034,36.990721,30.98638,region," - "
7.3.8,Ἀσίαν,http://pleiades.stoa.org/places/981509,37.5,27.5,province," - "
7.3.8,Ἴδῃ,http://pleiades.stoa.org/places/550592,39.69936,26.85852,mountain," - "
7.3.8,Ἰωνίαν,http://pleiades.stoa.org/places/550597,38.258572855555556,27.36601213333333,region," - "
7.3.8,Κλαζομενίοις,http://dare.ht.lu.se/places/21171,38.37322,26.78715,settlement," - "
7.3.8,Κολοφωνίας,http://dare.ht.lu.se/places/21170,38.115556,27.142222,settlement," - "
7.3.8,Κολοφωνίων,http://dare.ht.lu.se/places/21170,38.115556,27.142222,settlement," - "
7.3.8,Φωκαεῦσι,http://dare.ht.lu.se/places/21202,38.6684,26.75261,"settlement-modern,settlement"," - "
7.3.9,Κλαζομενὰς,http://pleiades.stoa.org/places/550651,38.364677125,26.774159524999998,settlement," - "
7.3.9,Κλαζομενὰς,http://pleiades.stoa.org/places/550650,38.37322,26.78715,settlement," - "
7.3.9,Κλαζομενίων,http://pleiades.stoa.org/places/550651,38.364677125,26.774159524999998,settlement," - "
7.3.9,Κλεωναῖοι,http://dare.ht.lu.se/places/21930,37.81708,22.75372,settlement," - "
7.3.9,Κολοφωνίας,http://dare.ht.lu.se/places/21170,38.115556,27.142222,settlement," - "
7.3.9,νῆσον,http://dare.ht.lu.se/places/41113,40.5009431,25.5302283,"island,sanctuary,settlement,temple-2"," - "
7.3.9,νῆσον,http://pleiades.stoa.org/places/550651,38.364677125,26.774159524999998,settlement," - "
7.3.9,Πελοπόννησον,http://pleiades.stoa.org/places/570577,37.25289777692308,22.312752688461543,"peninsula,region"," - "
7.3.9,Περσῶν,http://pleiades.stoa.org/places/922698,30.5,51.5,unknown," - regional|PersiansPersia"
7.3.9,Φλιοῦντος,http://dare.ht.lu.se/places/21932,37.846299,22.649131,settlement," - "
7.3.10,Ἀθηναίοις,http://dare.ht.lu.se/places/10975,37.971687,23.726464,settlement," - "
7.3.10,Ἀσίαν,http://pleiades.stoa.org/places/981509,37.5,27.5,province," - "
7.3.10,Ἐρυθραίων,http://pleiades.stoa.org/places/550535,38.38122,26.48103,"settlement,port"," - "
7.3.10,Κυμαίων,http://pleiades.stoa.org/places/550506,38.75953,26.936283,"amphitheatre,temple-2,port,sanctuary,tunnel,aqueduct,settlement,cistern"," - "
7.3.10,Πανιώνιον,http://dare.ht.lu.se/places/21474,37.703924,27.329993,sanctuary," - "
7.3.10,Παρνασσῷ,http://dare.ht.lu.se/places/41400,38.5348857,22.6222206,mountain," - "
7.3.10,Τέω,http://dare.ht.lu.se/places/21169,38.177262,26.785014,settlement," - "
7.3.10,Φωκαεῖς,http://dare.ht.lu.se/places/21202,38.6684,26.75261,"settlement-modern,settlement"," - "
7.3.10,Φωκίδος,http://pleiades.stoa.org/places/541048,38.25,22.25,unknown," - "
7.4.1,Λελέγων,http://pleiades.stoa.org/places/550692,39.75,26.75,people," - "
7.4.1,Μαιάνδρου,http://pleiades.stoa.org/places/599777,37.6220196,27.4713446,river," - "
7.4.1,Μίμαντος,http://dare.ht.lu.se/places/41131,38.55674,26.5013,mountain," - "
7.4.1,Μυκάλης,http://dare.ht.lu.se/places/41140,37.66144,27.12558,mountain," - "
7.4.1,Σάμιος,http://dare.ht.lu.se/places/21194,37.73,26.84,"island,sanctuary,settlement,temple-2"," - "
7.4.1,Σάμος,http://dare.ht.lu.se/places/41142,37.73,26.84,"island,sanctuary,settlement,temple-2"," - "
7.4.1,Χίος,http://dare.ht.lu.se/places/41343,38.414,26.053,island," - "
7.4.2,Ἀργείων,http://topostext.org/place/376227PArg,37.6316,22.7195,NULL," - historical|Argives|proxythere is no entry on Pleiades in Argos"
7.4.2,Ἐπιδαύριος,http://topostext.org/place/376232PEpi,37.6335,23.1602,NULL," - "
7.4.2,Ἐπιδαυρίους,http://dare.ht.lu.se/places/22612,37.596111,23.079167,"theatre,sanctuary,settlement"," - "
7.4.2,Ἐφέσιοι,http://dare.ht.lu.se/places/21155,37.941944,27.339722,"theatre,settlement,temple-2,architecturalcomplex"," - "
7.4.2,Καρῶν,http://pleiades.stoa.org/places/991381,37.213163833551015,28.088996902733474,province," - "
7.4.2,νῆσον,http://dare.ht.lu.se/places/41113,40.5009431,25.5302283,"island,sanctuary,settlement,temple-2"," - "
7.4.2,νήσου,http://dare.ht.lu.se/places/41142,37.73,26.84,"island,sanctuary,settlement,temple-2"," - "
7.4.2,οἰκοῦντες,http://dare.ht.lu.se/places/41142,37.73,26.84,"island,sanctuary,settlement,temple-2"," - "
7.4.2,Σαμίους,http://pleiades.stoa.org/places/599926,37.73,26.84,"island,sanctuary,settlement,temple-2"," - "
7.4.2,Σάμῳ,http://pleiades.stoa.org/places/599926,37.73,26.84,"island,sanctuary,settlement,temple-2"," - "
7.4.3,Ἀναίαν,http://dare.ht.lu.se/places/28929,37.79147,27.2703,settlement," - "
7.4.3,Δαρδανίας,http://dare.ht.lu.se/places/41113,40.5009431,25.5302283,"island,sanctuary,settlement,temple-2"," - physical|islanddardania is the old name for Samothrace"
7.4.3,Ἐφεσίους,http://dare.ht.lu.se/places/21155,37.941944,27.339722,"theatre,settlement,temple-2,architecturalcomplex"," - "
7.4.3,ἠπείρῳ,http://pleiades.stoa.org/places/837,39.64014749138555,31.033254534661616,"peninsula,region"," - "
7.4.3,Θρᾴκῃ,http://topostext.org/place/410265RThr,41.0,26.5,NULL," - "
7.4.3,νῆσον,http://dare.ht.lu.se/places/41113,40.5009431,25.5302283,"island,sanctuary,settlement,temple-2"," - "
7.4.3,Σαμίων,http://dare.ht.lu.se/places/41142,37.73,26.84,"island,sanctuary,settlement,temple-2"," - "
7.4.3,Σαμοθρᾴκην,http://dare.ht.lu.se/places/41113,40.5009431,25.5302283,"island,sanctuary,settlement,temple-2"," - "
7.4.3,Σάμῳ,http://dare.ht.lu.se/places/41142,37.73,26.84,"island,sanctuary,settlement,temple-2"," - "
7.4.4,ἄγαλμα,http://arachne.dainst.org/entity/3586731,37.671958,26.885545,NULL," - "
7.4.4,Αἰγινήτου,http://pleiades.stoa.org/places/579844,37.74991,23.42372,"island,settlement,temple-2"," - "
7.4.4,Ἄργους,http://dare.ht.lu.se/places/21779,37.631561,22.719464,settlement," - "
7.4.4,Ἡραίῳ,http://topostext.org/place/377269SHer,37.6718,26.8857,NULL," - "
7.4.4,ἱερὸν,http://topostext.org/place/377269SHer,37.6718,26.8857,NULL," - "
7.4.4,"Ἰμβράσῳ ποταμῷ",http://pleiades.stoa.org/places/599669,37.6656981,26.885425,river," - "
7.4.4,νήσῳ,http://topostext.org/place/377269PSam,37.695,26.935,NULL," - "
7.4.4,Σάμιοι,http://dare.ht.lu.se/places/41142,37.73,26.84,"island,sanctuary,settlement,temple-2"," - "
7.4.4,Σάμῳ,http://pleiades.stoa.org/places/599926,37.73,26.84,"island,sanctuary,settlement,temple-2"," - "
7.4.4,"τῷ ἀγάλματι",http://arachne.dainst.org/entity/3586731,37.671958,26.885545,NULL," - "
7.4.5,Ἀθήνῃσιν,http://dare.ht.lu.se/places/10975,37.971687,23.726464,settlement," - "
7.4.5,"Κρήτην,",http://pleiades.stoa.org/places/589748,35.21984439173344,24.995769971494504,island," - "
7.4.6,Ἴνυκον,http://pleiades.stoa.org/places/462261,38.00094,12.86027,settlement," - "
7.4.6,Κρῆτας,http://pleiades.stoa.org/places/589748,35.21984439173344,24.995769971494504,island," - "
7.4.6,Κρήτης,http://pleiades.stoa.org/places/589748,35.21984439173344,24.995769971494504,island," - "
7.4.6,Σικελοῖς,http://pleiades.stoa.org/places/462492,37.53667611952188,14.08648464579389,island," - "
7.4.6,Σικελῶν,http://pleiades.stoa.org/places/462492,37.53667611952188,14.08648464579389,island," - "
7.4.7,"ἄγαλμα ἐν Σάμῳ τῆς Ἥρας",http://arachne.dainst.org/entity/3586731,37.671958,26.885545,NULL," - object|agalmathe sculpture of Hera in Samos"
7.4.7,Ἠλείαν,http://dare.ht.lu.se/places/21944,37.89131,21.37493,"theatre,settlement"," - "
7.4.7,Ἰταλίας,http://pleiades.stoa.org/places/1052,42.5,12.5,region," - "
7.4.7,Σαμίους,http://pleiades.stoa.org/places/599926,37.73,26.84,"island,sanctuary,settlement,temple-2"," - "
7.4.7,Σικελίαν,http://pleiades.stoa.org/places/462492,37.53667611952188,14.08648464579389,island," - "
7.4.8,Κρήτης,http://pleiades.stoa.org/places/589748,35.21984439173344,24.995769971494504,island," - "
7.4.8,νῆσον,http://pleiades.stoa.org/places/550497,38.414,26.053,island," - "
7.4.8,Χίον,http://dare.ht.lu.se/places/41343,38.414,26.053,island," - "
7.4.9,Ἄβαντες,http://pleiades.stoa.org/places/540583,38.75,23.75,unknown," - "
7.4.9,Ἀβάντων,http://topostext.org/place/388238RAba,38.75,23.5,NULL," - "
7.4.9,Δελφῶν,http://dare.ht.lu.se/places/21949,38.482289,22.501169,"sanctuary,settlement"," - "
7.4.9,Εὐβοίᾳ,http://dare.ht.lu.se/places/41413,38.53,23.87,island," - "
7.4.9,Εὐβοίας,http://dare.ht.lu.se/places/41413,38.53,23.87,island," - "
7.4.9,Ἱστιαίας,http://pleiades.stoa.org/places/540817,38.93759,23.06593,settlement," - "
7.4.9,Κᾶρες,http://pleiades.stoa.org/places/991381,37.213163833551015,28.088996902733474,province," - historical|Carians|proxyCaria has two entries on. Pleiades. Which to choose?"
7.4.9,Καρῶν,http://pleiades.stoa.org/places/991381,37.213163833551015,28.088996902733474,province," - "
7.4.9,νῆσον,http://pleiades.stoa.org/places/550497,38.414,26.053,island," - "
7.4.9,νήσῳ,http://dare.ht.lu.se/places/41343,38.414,26.053,island," - "
7.4.10,Πανιώνιον,http://pleiades.stoa.org/places/599855,37.703924,27.329993,sanctuary," - "
7.4.10,Χῖοι,http://pleiades.stoa.org/places/550496,38.37641,26.1342335,settlement," - "
7.4.10,Χίοις,http://pleiades.stoa.org/places/550497,38.414,26.053,island," - "
7.4.10,Χίους,http://pleiades.stoa.org/places/550497,38.414,26.053,island," - "
7.5.1,Αἰολεῖς,http://pleiades.stoa.org/places/550406,38.846442875,26.950801749999997,region," - "
7.5.1,"δώδεκα πόλεσιν οὖσαν Αἰολέων",http://pleiades.stoa.org/places/550406,38.846442875,26.950801749999997,region," - regional12 cities"
7.5.1,Κολοφῶνος,http://pleiades.stoa.org/places/599577,38.115556,27.142222,settlement," - "
7.5.1,Πανιωνίῳ,http://pleiades.stoa.org/places/599855,37.703924,27.329993,sanctuary," - "
7.5.1,πόλεως,http://pleiades.stoa.org/places/550893,38.41905,27.1383,settlement," - "
7.5.1,"πόλιν ἣν καλοῦσιν ἀρχαίαν",http://pleiades.stoa.org/places/550893,38.41905,27.1383,settlement," - built|settlementarchaia polis was the old name for Smyrna"
7.5.1,Σμυρναίοις,http://pleiades.stoa.org/places/550893,38.41905,27.1383,settlement," - "
7.5.1,Σμύρναν,http://pleiades.stoa.org/places/550893,38.41905,27.1383,settlement," - "
7.5.2,πόλιν,http://pleiades.stoa.org/places/550893,38.41905,27.1383,settlement," - "
7.5.2,Σμυρναίους,http://dare.ht.lu.se/places/21157,38.41905,27.1383,settlement," - "
7.5.2,"τῷ ὄρει τῷ Πάγῳ",http://pleiades.stoa.org/places/550795,38.40537,27.14843,mountain," - "
7.5.3,Ἀθηναῖοί,http://dare.ht.lu.se/places/10975,37.971687,23.726464,settlement," - "
7.5.3,Κλάρον,http://dare.ht.lu.se/places/21476,38.00466,27.19292,"sanctuary,temple-2"," - "
7.5.3,Μέλητος,http://pleiades.stoa.org/places/550729,38.25,27.25,river," - "
7.5.3,Πάγον,http://pleiades.stoa.org/places/550795,38.40537,27.14843,mountain," - "
7.5.3,Ῥαμνοῦντι,http://dare.ht.lu.se/places/22843,38.222727,24.028009,"sanctuary,settlement"," - "
7.5.3,Σμυρναῖοι,http://dare.ht.lu.se/places/21157,38.41905,27.1383,settlement," - "
7.5.4,Βραγχίδαις,http://pleiades.stoa.org/places/599593,37.384829,27.256115,"sanctuary,temple-2"," - "
7.5.4,"ἐν Κλάρῳ τῇ Κολοφωνίων",http://dare.ht.lu.se/places/21476,38.00466,27.19292,"sanctuary,temple-2",NULL
7.5.4,Ἰωνίᾳ,http://pleiades.stoa.org/places/550597,38.258572855555556,27.36601213333333,region," - regionaltemples"
7.5.4,Κλάρῳ,http://pleiades.stoa.org/places/599719,38.00466,27.19292,"sanctuary,temple-2"," - "
7.5.4,Κολοφωνίων,http://dare.ht.lu.se/places/21170,38.115556,27.142222,settlement," - "
7.5.4,Μιλησίας,http://pleiades.stoa.org/places/599799,37.5292362,27.2774885,"theatre,settlement,port"," - "
7.5.4,Περσῶν,http://pleiades.stoa.org/places/922698,30.5,51.5,unknown," - regional|PersiansPersia"
7.5.4,"Σάμῳ τῆς Ἥρας",http://pleiades.stoa.org/places/599641,37.73,26.84,"island,sanctuary,settlement,temple-2"," - "
7.5.4,Φωκαίᾳ,http://pleiades.stoa.org/places/550823,38.6684,26.75261,"settlement-modern,settlement"," - "
7.5.5,ἀγάλματος,http://arachne.dainst.org/entity/3586732,37.66972,27.32944,NULL," - "
7.5.5,Αἰγιναίοις,http://pleiades.stoa.org/places/579853,37.74991,23.42372,"island,settlement,temple-2"," - "
7.5.5,Αἰγύπτιον,http://pleiades.stoa.org/places/981503,19.211408766666665,30.567329633333333,region," - "
7.5.5,Ἀττικῶν,http://pleiades.stoa.org/places/579888,38.051998833333336,23.818991099999998,region," - "
7.5.5,Ἐρυθραῖοι,http://pleiades.stoa.org/places/550535,38.38122,26.48103,"settlement,port"," - "
7.5.5,Ἐρυθραῖς,http://pleiades.stoa.org/places/550535,38.38122,26.48103,"settlement,port"," - "
7.5.5,Πριήνῃ,http://pleiades.stoa.org/places/599905,37.66,27.298333,"theatre,settlement,temple-2"," - "
7.5.5,Τύρου,http://dare.ht.lu.se/places/21116,33.268071,35.209358,"circus,settlement"," - "
7.5.5,Φοινίκης,http://pleiades.stoa.org/places/678334,33.25,35.25,region," - "
7.5.6,Ἐρυθραῖοι,http://pleiades.stoa.org/places/550535,38.38122,26.48103,"settlement,port"," - "
7.5.6,Μεσάτῃ,http://pleiades.stoa.org/places/550733,38.37715,26.31361,cape," - "
7.5.6,"νῆσον τὴν Χίων",http://pleiades.stoa.org/places/550497,38.414,26.053,island," - "
7.5.6,Χῖοι,http://pleiades.stoa.org/places/550497,38.414,26.053,island," - "
7.5.7,ἄνδρας,http://pleiades.stoa.org/places/550535,38.38122,26.48103,"settlement,port"," - "
7.5.7,γυναικῶν,http://pleiades.stoa.org/places/550535,38.38122,26.48103,"settlement,port"," - "
7.5.7,Ἐρυθραῖος,http://pleiades.stoa.org/places/550535,38.38122,26.48103,"settlement,port"," - "
7.5.7,Ἐρυθραίων,http://pleiades.stoa.org/places/550535,38.38122,26.48103,"settlement,port"," - "
7.5.8,Ἐρυθραῖοι,http://pleiades.stoa.org/places/550535,38.38122,26.48103,"settlement,port"," - "
7.5.8,"Θρᾳκίου γένους",http://topostext.org/place/410265RThr,41.0,26.5,NULL," - historical|proxy|Thracianswomen"
7.5.8,Θρᾴσσαις,http://pleiades.stoa.org/places/501638,40.288041,23.129408,unknown," - historical|Theracians|proxywomen"
7.5.9,ἄγαλμα,http://arachne.dainst.org/entity/3586733,38.38262,26.47786,NULL," - "
7.5.9,Ἐρυθραῖς,http://pleiades.stoa.org/places/550535,38.38122,26.48103,"settlement,port"," - "
7.5.9,Σμυρναίοις,http://dare.ht.lu.se/places/21157,38.41905,27.1383,settlement," - "
7.5.9,Χάρισί,http://arachne.dainst.org/entity/3888377,38.38262,26.47786,NULL," - object|agalma|Q184353Graces"
7.5.9,Ὥραις,http://arachne.dainst.org/entity/3888377,38.38262,26.47786,NULL," - object|agalma|Q201411Seasons, Horae"
7.5.10,"Ἄλης ποταμὸς",http://pleiades.stoa.org/places/857148,41.6767598,35.9295291,"settlement,river"," - "
7.5.10,"Ἐφεσία χώρα",http://pleiades.stoa.org/places/599612,37.941944,27.339722,"theatre,settlement,temple-2,architecturalcomplex"," - "
7.5.10,Ἰωνία,http://pleiades.stoa.org/places/550597,38.258572855555556,27.36601213333333,region," - "
7.5.10,Ἰωνίᾳ,http://pleiades.stoa.org/places/550597,38.258572855555556,27.36601213333333,region," - regionaltemples"
7.5.10,"Κέγχριον ποταμὸν",http://pleiades.stoa.org/places/599703,37.75,27.25,river," - "
7.5.10,Κολοφωνίων,http://dare.ht.lu.se/places/21170,38.115556,27.142222,settlement," - "
7.5.10,Μιλησίᾳ,http://pleiades.stoa.org/places/599799,37.5292362,27.2774885,"theatre,settlement,port"," - chôraMilesian territory"
7.5.10,"Πίονος τοῦ ὄρους",http://pleiades.stoa.org/places/599875,37.90124,27.34158,"labeled feature"," - "
7.5.11,Κλαζομενίοις,http://pleiades.stoa.org/places/550650,38.37322,26.78715,settlement," - "
7.5.11,Λεβεδίοις,http://dare.ht.lu.se/places/21477,38.077883,26.964722,settlement," - "
7.5.11,Μακρίᾳ,http://pleiades.stoa.org/places/599780,38.03588,26.87094,cape," - "
7.5.11,Τηίοις,http://dare.ht.lu.se/places/21169,38.177262,26.785014,settlement," - "
7.5.11,"Τηίοις ἐπὶ τῇ ἄκρᾳ λουτρὰ τῇ Μακρίᾳ",http://pleiades.stoa.org/places/550913,38.177262,26.785014,settlement," - "
7.5.12,Ἐρυθραίοις,http://pleiades.stoa.org/places/550535,38.38122,26.48103,"settlement,port"," - "
7.5.12,Ἰωνίᾳ,http://pleiades.stoa.org/places/550597,38.258572855555556,27.36601213333333,region," - "
7.5.12,"ποταμὸς Μέλης",http://pleiades.stoa.org/places/550729,38.25,27.25,river," - "
7.5.12,Σμυρναίοις,http://pleiades.stoa.org/places/550893,38.41905,27.1383,settlement," - "
7.5.12,Χαλκίδος,http://pleiades.stoa.org/places/550494,38.25,26.25,"labeled feature"," - physical|choraChalkis near Erythrai opposite Chios"
7.5.12,Χαλκίς,http://pleiades.stoa.org/places/550494,38.25,26.25,"labeled feature"," - physical|choraChalkis near Erythrai opposite Chios"
7.5.13,Ἑλλάδι,http://pleiades.stoa.org/places/1001896,37.5,22.5,province," - "
7.5.13,Ἡραῖον,http://topostext.org/place/377269SHer,37.6718,26.8857,NULL," - "
7.5.13,Ἰωνίᾳ,http://pleiades.stoa.org/places/550597,38.258572855555556,27.36601213333333,region," - "
7.5.13,Σαμίοις,http://pleiades.stoa.org/places/599925,37.73,26.84,"island,sanctuary,settlement,temple-2"," - "
7.5.13,Χίοις,http://dare.ht.lu.se/places/41343,38.414,26.053,island," - "
7.6.1,Αἰγαί,http://pleiades.stoa.org/places/491512,40.479304,22.324777,"settlement,tomb,cemetery"," - "
7.6.1,Αἴγειρα,http://pleiades.stoa.org/places/570043,38.12855,22.3782,settlement," - "
7.6.1,Αἴγιον,http://pleiades.stoa.org/places/570049,38.252707,22.081952,settlement," - "
7.6.1,Ἀχαιοὶ,http://pleiades.stoa.org/places/981502,37.5,22.5,province," - "
7.6.1,Βοῦρα,http://pleiades.stoa.org/places/570166,38.142006,22.231166,"settlement-modern,settlement"," - "
7.6.1,Δύμη,http://dare.ht.lu.se/places/21943,38.144625,21.551425,settlement," - built|settlement|polis1/12 Achaian cities"
7.6.1,Δύμη,http://pleiades.stoa.org/places/570205,38.144625,21.551425,settlement," - "
7.6.1,Ἑλίκη,http://pleiades.stoa.org/places/570281,38.22257,22.14015,settlement," - "
7.6.1,Ἑλληνικὸν,http://pleiades.stoa.org/places/1001896,37.5,22.5,province," - "
7.6.1,Ἤλιδος,http://pleiades.stoa.org/places/570220,37.89131,21.37493,"theatre,settlement"," - "
7.6.1,Κερύνεια,http://pleiades.stoa.org/places/570354,38.158659,22.143425,settlement," - "
7.6.1,Πελλήνη,http://pleiades.stoa.org/places/570576,38.0446,22.5384,settlement," - "
7.6.1,Ῥύπες,http://pleiades.stoa.org/places/570647,38.2198,22.01219,settlement," - "
7.6.1,Σικυωνίας,http://dare.ht.lu.se/places/21937,37.98336,22.71135,settlement," - "
7.6.1,Τρίτεια,http://dare.ht.lu.se/places/22832,38.41224,22.315807,"city-wall,settlement"," - "
7.6.1,Φαραὶ,http://pleiades.stoa.org/places/570590,38.093144,21.717095,settlement," - "
7.6.1,Ὤλενος,http://pleiades.stoa.org/places/570528,38.153707,21.640599,settlement," - "
7.6.2,Ἀσίαν,http://pleiades.stoa.org/places/981509,37.5,27.5,province," - "
7.6.2,Ἀχαιοῖς,http://pleiades.stoa.org/places/570028,38.102121472776034,22.224585911364017,region," - "
7.6.2,Ἀχαιῶν,http://pleiades.stoa.org/places/981502,37.5,22.5,province," - "
7.6.2,Λακεδαίμονος,http://pleiades.stoa.org/places/570406,37.07624042080912,22.46082645177671,region," - "
7.6.2,"τῇ πόλει",http://pleiades.stoa.org/places/570567,38.243265,21.738518,settlement," - "
7.6.3,Ἀθηναίοις,http://dare.ht.lu.se/places/10975,37.971687,23.726464,settlement," - "
7.6.3,Ἄργος,http://dare.ht.lu.se/places/21779,37.631561,22.719464,settlement," - "
7.6.3,Ἀττικός,http://pleiades.stoa.org/places/579888,38.051998833333336,23.818991099999998,region," - "
7.6.3,Ἀχαιοὶ,http://pleiades.stoa.org/places/981502,37.5,22.5,province," - "
7.6.3,Ἀχαιοῖς,http://pleiades.stoa.org/places/570028,38.102121472776034,22.224585911364017,region," - "
7.6.3,Ἑλλάδα,http://pleiades.stoa.org/places/1001896,37.5,22.5,province," - "
7.6.3,Εὐβοίᾳ,http://dare.ht.lu.se/places/41413,38.53,23.87,island," - "
7.6.3,Θερμοπύλας,http://dare.ht.lu.se/places/21976,38.796511,22.538294,"shrine,pass,fort"," - "
7.6.3,Ἴλιον,http://pleiades.stoa.org/places/550595,39.9577,26.23873,settlement," - "
7.6.3,Λακεδαίμονα,http://pleiades.stoa.org/places/570406,37.07624042080912,22.46082645177671,region," - "
7.6.3,Λακωνικὸς,http://pleiades.stoa.org/places/570406,37.07624042080912,22.46082645177671,region," - "
7.6.3,Σαλαμῖνι,http://pleiades.stoa.org/places/580100,37.947768,23.5314735,settlement," - "
7.6.3,"τοῦ Ἑλληνικοῦ",http://pleiades.stoa.org/places/1001896,37.5,22.5,province," - historical|Greeks|proxythere is no real lovcation for Hellas"
7.6.4,Ἀθηναίους,http://pleiades.stoa.org/places/579885,37.971687,23.726464,settlement," - "
7.6.4,Ἀχαιοὶ,http://pleiades.stoa.org/places/981502,37.5,22.5,province," - "
7.6.4,Ἀχαιοῖς,http://pleiades.stoa.org/places/570028,38.102121472776034,22.224585911364017,region," - "
7.6.4,Ἑλλήνων,http://pleiades.stoa.org/places/1001896,37.5,22.5,province," - "
7.6.4,Λακεδαιμονίους,http://pleiades.stoa.org/places/570406,37.07624042080912,22.46082645177671,region," - "
7.6.4,Λακεδαιμονίων,http://pleiades.stoa.org/places/570406,37.07624042080912,22.46082645177671,region," - "
7.6.4,Ὀλυμπίᾳ,http://dare.ht.lu.se/places/21945,37.637849,21.630126,"palaistra,sanctuary,temple-2"," - "
7.6.4,Πατρεῦσι,http://dare.ht.lu.se/places/21942,38.243265,21.738518,settlement," - "
7.6.4,Πλαταιᾶσι,http://pleiades.stoa.org/places/541063,38.221019,23.273866,settlement," - "
7.6.5,Ἀχαιοὶ,http://pleiades.stoa.org/places/981502,37.5,22.5,province," - "
7.6.5,Ἀχαιῶν,http://pleiades.stoa.org/places/981502,37.5,22.5,province," - "
7.6.5,Βοιωτοῖς,http://pleiades.stoa.org/places/540689,38.34668803333333,23.184677533333332,region," - "
7.6.5,Ἕλλησι,http://pleiades.stoa.org/places/1001896,37.5,22.5,province," - "
7.6.5,Θεσσαλίαν,http://pleiades.stoa.org/places/1332,39.6,22.2,region," - "
7.6.5,Λαμίᾳ,http://dare.ht.lu.se/places/22750,38.9046,22.43516,settlement," - "
7.6.5,Λάμιαν,http://pleiades.stoa.org/places/540902,38.9046,22.43516,settlement," - "
7.6.5,Μακεδόνων,http://pleiades.stoa.org/places/491656,41.25,21.75,unknown," - "
7.6.5,Πατρεῦσιν,http://dare.ht.lu.se/places/21942,38.243265,21.738518,settlement," - "
7.6.5,Χαιρωνείᾳ,http://dare.ht.lu.se/places/22857,38.493361,22.840365,settlement," - "
7.6.6,Ἑλλήνων,http://pleiades.stoa.org/places/1001896,37.5,22.5,province," - "
7.6.6,Ἕλλησι,http://pleiades.stoa.org/places/1001896,37.5,22.5,province," - "
7.6.6,"ἱεροῦ Περσικῆς Ἀρτέμιδος",http://pleiades.stoa.org/places/550456,38.495984,28.563504,sanctuary," - "
7.6.6,Λυδοὶ,http://pleiades.stoa.org/places/991385,37.5,27.5,province," - "
7.6.6,Λυδὸν,http://pleiades.stoa.org/places/550701,38.624771249999995,27.9632845,region," - "
7.6.6,Λυδῶν,http://pleiades.stoa.org/places/991385,37.5,27.5,province," - "
7.6.7,"Γαλατῶν στρατιὰν",http://pleiades.stoa.org/places/993,44.730982100000006,3.5988981583333333,region," - historical|Gaulsthe army of the Gauls"
7.6.7,"εἰ τὸν Κορινθίων ἰσθμὸν",http://pleiades.stoa.org/places/570317,37.9510881,22.9602226,isthmus," - "
7.6.7,Θερμοπύλας,http://dare.ht.lu.se/places/21976,38.796511,22.538294,"shrine,pass,fort"," - "
7.6.7,Κεγχρέαις,http://dare.ht.lu.se/places/21928,37.54184,22.58925,settlement," - "
7.6.7,Κορινθίων,http://dare.ht.lu.se/places/17070,37.906045,22.878721,"sanctuary,settlement,fort"," - "
7.6.7,Λέχαιον,http://dare.ht.lu.se/places/21933,37.93277,22.88807,"church,settlement,port"," - "
7.6.7,Πελοποννησίοις,http://pleiades.stoa.org/places/570577,37.25289777692308,22.312752688461543,"peninsula,region"," - "
7.6.8,Ἀρκάδες,http://pleiades.stoa.org/places/570102,37.567419268449626,22.165323097346306,region," - "
7.6.8,Ἀσίαν,http://pleiades.stoa.org/places/981509,37.5,27.5,province," - "
7.6.8,Γαλάται,http://dare.ht.lu.se/places/21976,38.796511,22.538294,"shrine,pass,fort"," - "
7.6.8,Ἑλλήνων,http://pleiades.stoa.org/places/1001896,37.5,22.5,province," - "
7.6.8,Λακεδαιμονίους,http://pleiades.stoa.org/places/570406,37.07624042080912,22.46082645177671,region," - "
7.6.8,Λεύκτροις,http://pleiades.stoa.org/places/570433,37.321324,22.138259,settlement," - "
7.6.8,"Μεγάλην πόλιν",http://topostext.org/place/374221PMeg,37.4124,22.1273,NULL," - "
7.6.8,Μεσσήνιοι,http://pleiades.stoa.org/places/570480,37.06945533333334,21.9323415,region," - "
7.6.8,Πελοποννησίων,http://pleiades.stoa.org/places/570577,37.25289777692308,22.312752688461543,"peninsula,region"," - "
7.6.8,"τοῦ Ἑλληνικοῦ",http://pleiades.stoa.org/places/1001896,37.5,22.5,province," - historical|Greeks|proxythere is no real lovcation for Hellas"
7.6.9,Ἀθηναίοις,http://dare.ht.lu.se/places/10975,37.971687,23.726464,settlement," - "
7.6.9,Ἑλληνικοῦ,http://pleiades.stoa.org/places/1001896,37.5,22.5,province," - "
7.6.9,Θηβαίοις,http://pleiades.stoa.org/places/541138,38.318092,23.255096,"sanctuary,settlement"," - "
7.6.9,Μακεδόνων,http://pleiades.stoa.org/places/491656,41.25,21.75,unknown," - "
7.7.1,Ἀχαιοὶ,http://pleiades.stoa.org/places/981502,37.5,22.5,province," - "
7.7.1,Ἀχαιοῖς,http://pleiades.stoa.org/places/570028,38.102121472776034,22.224585911364017,region," - "
7.7.1,Ἑλλήνων,http://pleiades.stoa.org/places/1001896,37.5,22.5,province," - "
7.7.1,Ἕλλησι,http://pleiades.stoa.org/places/1001896,37.5,22.5,province," - "
7.7.1,Πελλήνης,http://dare.ht.lu.se/places/21938,38.0446,22.5384,settlement," - "
7.7.2,Αἴγιόν,http://dare.ht.lu.se/places/21941,38.252707,22.081952,settlement," - "
7.7.2,Ἀχαΐᾳ,http://pleiades.stoa.org/places/570028,38.102121472776034,22.224585911364017,region," - "
7.7.2,Ἀχαιοὺς,http://pleiades.stoa.org/places/570028,38.102121472776034,22.224585911364017,region," - "
7.7.2,Ἀχαιῶν,http://pleiades.stoa.org/places/981502,37.5,22.5,province," - "
7.7.2,Ἑλίκην,http://dare.ht.lu.se/places/27442,38.22257,22.14015,settlement," - "
7.7.2,Ἑλλήνων,http://pleiades.stoa.org/places/1001896,37.5,22.5,province," - "
7.7.2,ἰσθμοῦ,http://pleiades.stoa.org/places/570317,37.9510881,22.9602226,isthmus," - "
7.7.2,Πελοποννησίων,http://pleiades.stoa.org/places/570577,37.25289777692308,22.312752688461543,"peninsula,region"," - "
7.7.2,Σικυώνιοι,http://dare.ht.lu.se/places/21937,37.98336,22.71135,settlement," - "
7.7.2,Σικυωνίους,http://dare.ht.lu.se/places/21937,37.98336,22.71135,settlement," - "
7.7.3,Ἀχαιοῖς,http://pleiades.stoa.org/places/570028,38.102121472776034,22.224585911364017,region," - "
7.7.3,Ἀχαιοὺς,http://pleiades.stoa.org/places/570028,38.102121472776034,22.224585911364017,region," - "
7.7.3,Ἀχαιῶν,http://pleiades.stoa.org/places/981502,37.5,22.5,province," - "
7.7.3,Δύμῃ,http://dare.ht.lu.se/places/21943,38.144625,21.551425,settlement," - "
7.7.3,Ἑλλήνων,http://pleiades.stoa.org/places/1001896,37.5,22.5,province," - "
7.7.3,Λακεδαιμόνιοι,http://pleiades.stoa.org/places/570406,37.07624042080912,22.46082645177671,region," - "
7.7.3,Πελλήνην,http://dare.ht.lu.se/places/21938,38.0446,22.5384,settlement," - "
7.7.3,Πελλήνης,http://dare.ht.lu.se/places/21938,38.0446,22.5384,settlement," - "
7.7.3,Σικυωνίων,http://dare.ht.lu.se/places/21937,37.98336,22.71135,settlement," - "
7.7.3,Σπάρτῃ,http://dare.ht.lu.se/places/21911,37.08149,22.42454,"theatre,temple,settlement,temple-2"," - "
7.7.4,Ἀρκάδων,http://pleiades.stoa.org/places/570102,37.567419268449626,22.165323097346306,region," - "
7.7.4,Ἀχαιοὺς,http://pleiades.stoa.org/places/570028,38.102121472776034,22.224585911364017,region," - "
7.7.4,Λακεδαιμονίοις,http://pleiades.stoa.org/places/570406,37.07624042080912,22.46082645177671,region," - "
7.7.4,Μακεδόνων,http://pleiades.stoa.org/places/491656,41.25,21.75,unknown," - "
7.7.4,Μεγάλην,http://pleiades.stoa.org/places/570467,37.414256,22.126238,settlement," - "
7.7.4,Σελλασίᾳ,http://dare.ht.lu.se/places/31064,37.166485,22.416414,settlement," - "
7.7.5,Ἕλλησιν,http://pleiades.stoa.org/places/1001896,37.5,22.5,province," - "
7.7.5,Μακεδόνων,http://pleiades.stoa.org/places/491656,41.25,21.75,unknown," - "
7.7.6,Ἀθηναίους,http://pleiades.stoa.org/places/579885,37.971687,23.726464,settlement," - "
7.7.6,Αἰτωλικὸν,http://pleiades.stoa.org/places/540591,38.51586100952381,21.759714990476194,region," - "
7.7.6,Αἰτωλῶν,http://pleiades.stoa.org/places/540591,38.51586100952381,21.759714990476194,region," - "
7.7.6,ἀκρόπολις,http://pleiades.stoa.org/places/570059,37.906045,22.878721,"sanctuary,settlement,fort",NULL
7.7.6,Βοιωτοῖς,http://pleiades.stoa.org/places/540689,38.34668803333333,23.184677533333332,region," - "
7.7.6,Ἑλλάδος,http://pleiades.stoa.org/places/1001896,37.5,22.5,province," - regionalHellas, Greece"
7.7.6,Ἑλλάδος,http://pleiades.stoa.org/places/1001896,37.5,22.5,province," - "
7.7.6,Ἑλληνικὸν,http://pleiades.stoa.org/places/1001896,37.5,22.5,province," - "
7.7.6,Εὐβοίᾳ,http://dare.ht.lu.se/places/41413,38.53,23.87,island," - "
7.7.6,Εὐρίπῳ,http://pleiades.stoa.org/places/540783,38.46276,23.58944,"bridge,settlement,water-open"," - "
7.7.6,Θεσσαλῶν,http://pleiades.stoa.org/places/1332,39.6,22.2,region," - "
7.7.6,Κορινθίων,http://dare.ht.lu.se/places/17070,37.906045,22.878721,"sanctuary,settlement,fort"," - "
7.7.6,Κόρινθος,http://dare.ht.lu.se/places/17070,37.906045,22.878721,"sanctuary,settlement,fort"," - "
7.7.6,Μαγνησίαν,http://pleiades.stoa.org/places/540923,39.75,22.75,unknown," - "
7.7.6,Πελοποννήσῳ,http://pleiades.stoa.org/places/570577,37.25289777692308,22.312752688461543,"peninsula,region"," - "
7.7.6,Πήλιον,http://dare.ht.lu.se/places/43546,39.43722,23.0465058,mountain," - "
7.7.6,Φωκεῦσι,http://pleiades.stoa.org/places/541048,38.25,22.25,unknown," - "
7.7.6,Χαλκὶς,http://dare.ht.lu.se/places/21971,38.464,23.602,settlement," - "
7.7.7,Ἀθηναῖοι,http://dare.ht.lu.se/places/10975,37.971687,23.726464,settlement," - "
7.7.7,Ἀθηναίοις,http://dare.ht.lu.se/places/10975,37.971687,23.726464,settlement," - "
7.7.7,Αἰτωλοῖς,http://pleiades.stoa.org/places/540591,38.51586100952381,21.759714990476194,region," - "
7.7.7,Ἀτθίδι,http://pleiades.stoa.org/places/579888,38.051998833333336,23.818991099999998,region," - "
7.7.7,Ἑλλήνων,http://pleiades.stoa.org/places/1001896,37.5,22.5,province," - "
7.7.7,Μακεδονίᾳ,http://pleiades.stoa.org/places/491656,41.25,21.75,unknown," - "
7.7.7,Ῥωμαῖοι,http://pleiades.stoa.org/places/423025,41.89262,12.4843457,"settlement,urban"," - "
7.7.7,Ῥωμαίους,http://pleiades.stoa.org/places/423025,41.89262,12.4843457,"settlement,urban"," - "
7.7.8,Ἀθηναίοις,http://dare.ht.lu.se/places/10975,37.971687,23.726464,settlement," - "
7.7.8,Ἀθηναίων,http://dare.ht.lu.se/places/10975,37.971687,23.726464,settlement," - "
7.7.8,Αἰτωλικοῦ,http://pleiades.stoa.org/places/540591,38.51586100952381,21.759714990476194,region," - "
7.7.8,Ἕλλησι,http://pleiades.stoa.org/places/1001896,37.5,22.5,province," - "
7.7.8,Ῥωμαῖοι,http://pleiades.stoa.org/places/423025,41.89262,12.4843457,"settlement,urban"," - "
7.7.8,Ῥωμαίων,http://pleiades.stoa.org/places/423025,41.89262,12.4843457,"settlement,urban"," - "
7.7.9,Ἀντίκυραν,http://pleiades.stoa.org/places/540642,38.375439,22.626059,"settlement,port"," - "
7.7.9,Ἑστίαιαν,http://pleiades.stoa.org/places/540817,38.93759,23.06593,settlement," - "
7.7.9,Εὐβοέων,http://dare.ht.lu.se/places/41413,38.53,23.87,island," - "
7.7.9,Ῥωμαίων,http://pleiades.stoa.org/places/423025,41.89262,12.4843457,"settlement,urban"," - "
7.7.9,Φωκίδι,http://pleiades.stoa.org/places/541048,38.25,22.25,unknown," - "
7.8.1,Ἀχαιοὺς,http://pleiades.stoa.org/places/570028,38.102121472776034,22.224585911364017,region," - "
7.8.1,Ἑλληνικόν,http://pleiades.stoa.org/places/1001896,37.5,22.5,province," - "
7.8.1,Ἐρέτριάν,http://topostext.org/place/384238PEre,38.3982,23.7905,NULL," - "
7.8.1,Κόρινθον,http://dare.ht.lu.se/places/17070,37.906045,22.878721,"sanctuary,settlement,fort"," - "
7.8.1,Μακεδόνων,http://pleiades.stoa.org/places/491656,41.25,21.75,unknown," - "
7.8.1,Ῥωμαίων,http://pleiades.stoa.org/places/423025,41.89262,12.4843457,"settlement,urban"," - "
7.8.2,Ἀχαιοὶ,http://pleiades.stoa.org/places/981502,37.5,22.5,province," - "
7.8.2,Ἑλληνίδας,http://pleiades.stoa.org/places/1001896,37.5,22.5,province," - "
7.8.2,Ἑλληνικῷ,http://pleiades.stoa.org/places/1001896,37.5,22.5,province," - "
7.8.2,Κόρινθον,http://dare.ht.lu.se/places/17070,37.906045,22.878721,"sanctuary,settlement,fort"," - "
7.8.2,Μακεδόνων,http://pleiades.stoa.org/places/491656,41.25,21.75,unknown," - "
7.8.2,Ῥωμαῖοι,http://pleiades.stoa.org/places/423025,41.89262,12.4843457,"settlement,urban"," - "
7.8.2,Ῥωμαίοις,http://pleiades.stoa.org/places/423025,41.89262,12.4843457,"settlement,urban"," - "
7.8.2,Ῥωμαίους,http://pleiades.stoa.org/places/423025,41.89262,12.4843457,"settlement,urban"," - "
7.8.3,Αἰτωλούς,http://pleiades.stoa.org/places/540591,38.51586100952381,21.759714990476194,region," - "
7.8.3,Ἀκροκορίνθου,http://dare.ht.lu.se/places/21934,37.906045,22.878721,"sanctuary,settlement,fort"," - "
7.8.3,Ἀχαιοὶ,http://pleiades.stoa.org/places/981502,37.5,22.5,province," - "
7.8.3,Ἀχαιῶν,http://pleiades.stoa.org/places/981502,37.5,22.5,province," - "
7.8.3,Κορίνθιοι,http://pleiades.stoa.org/places/570182,37.906045,22.878721,"sanctuary,settlement,fort"," - "
7.8.3,Μακεδονίαν,http://pleiades.stoa.org/places/491656,41.25,21.75,unknown," - "
7.8.3,Μακεδόνων,http://pleiades.stoa.org/places/491656,41.25,21.75,unknown," - "
7.8.3,Ῥωμαίοις,http://pleiades.stoa.org/places/423025,41.89262,12.4843457,"settlement,urban"," - "
7.8.3,Ῥωμαίων,http://pleiades.stoa.org/places/423025,41.89262,12.4843457,"settlement,urban"," - "
7.8.3,Σικυώνιοι,http://dare.ht.lu.se/places/21937,37.98336,22.71135,settlement," - "
7.8.3,Σύρων,http://pleiades.stoa.org/places/1306,37.5,37.5,unknown," - "
7.8.4,Αἰτωλοὺς,http://pleiades.stoa.org/places/540591,38.51586100952381,21.759714990476194,region," - "
7.8.4,Ἀχαιοὶ,http://pleiades.stoa.org/places/981502,37.5,22.5,province," - "
7.8.4,Λακεδαιμονίους,http://pleiades.stoa.org/places/570406,37.07624042080912,22.46082645177671,region," - "
7.8.4,Μακεδόσιν,http://pleiades.stoa.org/places/981531,42.5,22.5,province," - "
7.8.4,Ῥωμαίους,http://pleiades.stoa.org/places/423025,41.89262,12.4843457,"settlement,urban"," - "
7.8.4,Σπάρτῃ,http://dare.ht.lu.se/places/21911,37.08149,22.42454,"theatre,temple,settlement,temple-2"," - "
7.8.4,Σύρων,http://pleiades.stoa.org/places/1306,37.5,37.5,unknown," - "
7.8.5,Ἀχαιοὶ,http://pleiades.stoa.org/places/981502,37.5,22.5,province," - "
7.8.5,Ἀχαιῶν,http://pleiades.stoa.org/places/981502,37.5,22.5,province," - "
7.8.5,Ἠπειρωτῶν,http://pleiades.stoa.org/places/530871,39.577073022222216,20.590387322222224,region," - "
7.8.5,Σπάρτης,http://pleiades.stoa.org/places/570685,37.08149,22.42454,"theatre,temple,settlement,temple-2"," - "
7.8.6,Ἀχαιῶν,http://pleiades.stoa.org/places/981502,37.5,22.5,province," - "
7.8.6,Ἠπείρου,http://pleiades.stoa.org/places/530871,39.577073022222216,20.590387322222224,region," - "
7.8.6,Θεσσαλοῖς,http://pleiades.stoa.org/places/1332,39.6,22.2,region," - "
7.8.6,Λακεδαιμόνιοι,http://pleiades.stoa.org/places/570406,37.07624042080912,22.46082645177671,region," - "
7.8.6,Μακεδόσι,http://pleiades.stoa.org/places/981531,42.5,22.5,province," - "
7.8.6,Ῥωμαίοις,http://pleiades.stoa.org/places/423025,41.89262,12.4843457,"settlement,urban"," - "
7.8.6,Ῥώμης,http://pleiades.stoa.org/places/423025,41.89262,12.4843457,"settlement,urban"," - "
7.8.7,Ἑλλάδι,http://pleiades.stoa.org/places/1001896,37.5,22.5,province," - "
7.8.7,"Κυνὸς καλουμέναις κεφαλαῖ",http://pleiades.stoa.org/places/540719,39.378033,22.415199,hill," - "
7.8.7,Μακεδόνων,http://pleiades.stoa.org/places/491656,41.25,21.75,unknown," - "
7.8.7,Ῥωμαίους,http://pleiades.stoa.org/places/423025,41.89262,12.4843457,"settlement,urban"," - "
7.8.7,Ῥωμαίων,http://pleiades.stoa.org/places/423025,41.89262,12.4843457,"settlement,urban"," - "
7.8.8,Μακεδόνας,http://pleiades.stoa.org/places/491656,41.25,21.75,unknown," - "
7.8.8,Ῥωμαίων,http://pleiades.stoa.org/places/423025,41.89262,12.4843457,"settlement,urban"," - "
7.8.9,Μακεδόνες,http://pleiades.stoa.org/places/491656,41.25,21.75,unknown," - "
7.8.9,Μακεδόνων,http://pleiades.stoa.org/places/491656,41.25,21.75,unknown," - historical|Macedonians|proxyMacedonian empire"
7.8.9,Μυσία,http://pleiades.stoa.org/places/511328,40.25,27.75,"labeled feature"," - "
7.8.9,Περγάμου,http://pleiades.stoa.org/places/550812,39.1325,27.184167,"theatre,sanctuary,settlement,temple-2"," - "
7.8.9,Ῥωμαῖοί,http://pleiades.stoa.org/places/423025,41.89262,12.4843457,"settlement,urban"," - "
7.9.1,Ἀχαιούς,http://pleiades.stoa.org/places/570028,38.102121472776034,22.224585911364017,region," - "
7.9.1,Ἀχαιῶν,http://pleiades.stoa.org/places/981502,37.5,22.5,province," - "
7.9.1,Λακεδαίμονι,http://pleiades.stoa.org/places/570406,37.07624042080912,22.46082645177671,region," - "
7.9.1,Λακεδαιμονίων,http://pleiades.stoa.org/places/570406,37.07624042080912,22.46082645177671,region," - "
7.9.1,Ῥωμαίων,http://pleiades.stoa.org/places/423025,41.89262,12.4843457,"settlement,urban"," - "
7.9.1,"Ῥώμην,",http://pleiades.stoa.org/places/423025,41.89262,12.4843457,"settlement,urban"," - "
7.9.2,Ἀχαιοὶ,http://pleiades.stoa.org/places/981502,37.5,22.5,province," - "
7.9.2,Ἀχαιοῖς,http://pleiades.stoa.org/places/570028,38.102121472776034,22.224585911364017,region," - "
7.9.2,Ἀχαιοὺς,http://pleiades.stoa.org/places/570028,38.102121472776034,22.224585911364017,region," - "
7.9.2,Λακεδαιμόνιοι,http://pleiades.stoa.org/places/570406,37.07624042080912,22.46082645177671,region," - "
7.9.2,Λακεδαιμονίων,http://pleiades.stoa.org/places/570406,37.07624042080912,22.46082645177671,region," - "
7.9.2,Σπάρτῃ,http://dare.ht.lu.se/places/21911,37.08149,22.42454,"theatre,temple,settlement,temple-2"," - "
7.9.2,Σπάρτην,http://dare.ht.lu.se/places/21911,37.08149,22.42454,"theatre,temple,settlement,temple-2"," - "
7.9.3,Ἀχαιοῖς,http://pleiades.stoa.org/places/570028,38.102121472776034,22.224585911364017,region," - "
7.9.3,Ἀχαιούς,http://pleiades.stoa.org/places/570028,38.102121472776034,22.224585911364017,region," - "
7.9.3,Λακεδαιμονίοις,http://pleiades.stoa.org/places/570406,37.07624042080912,22.46082645177671,region," - "
7.9.3,Ῥωμαίων,http://pleiades.stoa.org/places/423025,41.89262,12.4843457,"settlement,urban"," - "
7.9.4,Ἀρκάδων,http://pleiades.stoa.org/places/570102,37.567419268449626,22.165323097346306,region," - "
7.9.4,Ἀχαιοῖς,http://pleiades.stoa.org/places/570028,38.102121472776034,22.224585911364017,region," - "
7.9.4,Ἀχαιοὺς,http://pleiades.stoa.org/places/570028,38.102121472776034,22.224585911364017,region," - "
7.9.4,Ἀχαιῶν,http://pleiades.stoa.org/places/981502,37.5,22.5,province," - "
7.9.4,Λακεδαιμονίοις,http://pleiades.stoa.org/places/570406,37.07624042080912,22.46082645177671,region," - "
7.9.4,Μεγαλοπολίτης,http://pleiades.stoa.org/places/570467,37.414256,22.126238,settlement," - "
7.9.4,Ῥωμαίοις,http://pleiades.stoa.org/places/423025,41.89262,12.4843457,"settlement,urban"," - "
7.9.4,Ῥωμαίους,http://pleiades.stoa.org/places/423025,41.89262,12.4843457,"settlement,urban"," - "
7.9.4,Ῥωμαίων,http://pleiades.stoa.org/places/423025,41.89262,12.4843457,"settlement,urban"," - "
7.9.4,Ῥώμην,http://pleiades.stoa.org/places/423025,41.89262,12.4843457,"settlement,urban"," - "
7.9.5,Ἀχαιοῖς,http://pleiades.stoa.org/places/570028,38.102121472776034,22.224585911364017,region," - "
7.9.5,Ἀχαιῶν,http://pleiades.stoa.org/places/981502,37.5,22.5,province," - "
7.9.5,Ἑλλάδα,http://pleiades.stoa.org/places/1001896,37.5,22.5,province," - "
7.9.5,Λακεδαιμονίοις,http://pleiades.stoa.org/places/570406,37.07624042080912,22.46082645177671,region," - "
7.9.5,Ῥωμαῖοι,http://pleiades.stoa.org/places/423025,41.89262,12.4843457,"settlement,urban"," - "
7.9.5,Σπάρτην,http://dare.ht.lu.se/places/21911,37.08149,22.42454,"theatre,temple,settlement,temple-2"," - "
7.9.5,Σπαρτιάταις,http://pleiades.stoa.org/places/570685,37.08149,22.42454,"theatre,temple,settlement,temple-2"," - "
7.9.6,Ἀθήνας,http://dare.ht.lu.se/places/10975,37.971687,23.726464,settlement," - "
7.9.6,Αἰτωλίαν,http://pleiades.stoa.org/places/540591,38.51586100952381,21.759714990476194,region," - "
7.9.6,Ἀχαιοῖς,http://pleiades.stoa.org/places/570028,38.102121472776034,22.224585911364017,region," - "
7.9.6,Ἀχαιοὺς,http://pleiades.stoa.org/places/570028,38.102121472776034,22.224585911364017,region," - "
7.9.6,Ἀχαιῶν,http://pleiades.stoa.org/places/981502,37.5,22.5,province," - "
7.9.6,Λακεδαιμονίοις,http://pleiades.stoa.org/places/570406,37.07624042080912,22.46082645177671,region," - "
7.9.6,Λακεδαιμονίων,http://pleiades.stoa.org/places/570406,37.07624042080912,22.46082645177671,region," - "
7.9.6,Μεσσηνίους,http://pleiades.stoa.org/places/570480,37.06945533333334,21.9323415,region," - "
7.9.6,Μεσσηνίων,http://pleiades.stoa.org/places/570480,37.06945533333334,21.9323415,region," - "
7.9.6,Ῥώμην,http://pleiades.stoa.org/places/423025,41.89262,12.4843457,"settlement,urban"," - "
7.9.7,Αἰτωλῶν,http://pleiades.stoa.org/places/540591,38.51586100952381,21.759714990476194,region," - "
7.9.7,Ἀχαιοὺς,http://pleiades.stoa.org/places/570028,38.102121472776034,22.224585911364017,region," - "
7.9.7,Ῥωμαίους,http://pleiades.stoa.org/places/423025,41.89262,12.4843457,"settlement,urban"," - "
7.9.7,Ῥωμαίων,http://pleiades.stoa.org/places/423025,41.89262,12.4843457,"settlement,urban"," - "
7.10.1,Ἀχαιοῖς,http://pleiades.stoa.org/places/570028,38.102121472776034,22.224585911364017,region," - "
7.10.1,Ἑλλάδα,http://pleiades.stoa.org/places/1001896,37.5,22.5,province," - "
7.10.1,Περσῶν,http://pleiades.stoa.org/places/922698,30.5,51.5,unknown," - regional|PersiansPersia"
7.10.1,Σαμίων,http://dare.ht.lu.se/places/41142,37.73,26.84,"island,sanctuary,settlement,temple-2"," - "
7.10.2,Ἀθηναίων,http://dare.ht.lu.se/places/10975,37.971687,23.726464,settlement," - "
7.10.2,Ἑλλάδα,http://pleiades.stoa.org/places/1001896,37.5,22.5,province," - "
7.10.2,Ἐρετρίᾳ,http://topostext.org/place/384238PEre,38.3982,23.7905,NULL," - "
7.10.2,Ἐρέτριαν,http://topostext.org/place/384238PEre,38.3982,23.7905,NULL," - "
7.10.2,Ἠλεῖος,http://dare.ht.lu.se/places/21944,37.89131,21.37493,"theatre,settlement"," - "
7.10.2,Ἦλιν,http://pleiades.stoa.org/places/570220,37.89131,21.37493,"theatre,settlement"," - "
7.10.2,Θεσσαλία,http://pleiades.stoa.org/places/1332,39.6,22.2,region," - "
7.10.2,Θήβαις,http://pleiades.stoa.org/places/541138,38.318092,23.255096,"sanctuary,settlement"," - "
7.10.2,Θήβας,http://dare.ht.lu.se/places/21952,38.318092,23.255096,"sanctuary,settlement"," - "
7.10.2,Λακεδαιμονίοις,http://pleiades.stoa.org/places/570406,37.07624042080912,22.46082645177671,region," - "
7.10.2,Πελοποννησίων,http://pleiades.stoa.org/places/570577,37.25289777692308,22.312752688461543,"peninsula,region"," - "
7.10.3,Ἑλλάδι,http://pleiades.stoa.org/places/1001896,37.5,22.5,province," - "
7.10.3,Ἕλλησιν,http://pleiades.stoa.org/places/1001896,37.5,22.5,province," - "
7.10.3,Λακεδαίμονα,http://pleiades.stoa.org/places/570406,37.07624042080912,22.46082645177671,region," - "
7.10.4,Ἀθηναίων,http://dare.ht.lu.se/places/10975,37.971687,23.726464,settlement," - "
7.10.4,Ἀθήνας,http://dare.ht.lu.se/places/10975,37.971687,23.726464,settlement," - "
7.10.4,Ἀθήνῃσιν,http://dare.ht.lu.se/places/10975,37.971687,23.726464,settlement," - "
7.10.4,Ἑλλάδα,http://pleiades.stoa.org/places/1001896,37.5,22.5,province," - "
7.10.4,Ἕλληνας,http://pleiades.stoa.org/places/1001896,37.5,22.5,province," - "
7.10.4,Ἕλλησιν,http://pleiades.stoa.org/places/1001896,37.5,22.5,province," - "
7.10.4,Λαμίᾳ,http://dare.ht.lu.se/places/22750,38.9046,22.43516,settlement," - "
7.10.4,Μακεδόνων,http://pleiades.stoa.org/places/491656,41.25,21.75,unknown," - "
7.10.5,Ἀθηναῖοι,http://dare.ht.lu.se/places/10975,37.971687,23.726464,settlement," - "
7.10.5,Ἀχαιὸς,http://pleiades.stoa.org/places/570028,38.102121472776034,22.224585911364017,region," - "
7.10.5,Ἀχαιοὺς,http://pleiades.stoa.org/places/570028,38.102121472776034,22.224585911364017,region," - "
7.10.5,Βοιωτοῖς,http://pleiades.stoa.org/places/540689,38.34668803333333,23.184677533333332,region," - "
7.10.5,Ἑλλάδα,http://pleiades.stoa.org/places/1001896,37.5,22.5,province," - "
7.10.5,Λαμίᾳ,http://dare.ht.lu.se/places/22750,38.9046,22.43516,settlement," - "
7.10.5,Μακεδόνων,http://pleiades.stoa.org/places/491656,41.25,21.75,unknown," - "
7.10.5,Μακεδόσιν,http://pleiades.stoa.org/places/981531,42.5,22.5,province," - "
7.10.5,Ῥωμαίοις,http://pleiades.stoa.org/places/423025,41.89262,12.4843457,"settlement,urban"," - "
7.10.5,Ῥωμαίων,http://pleiades.stoa.org/places/423025,41.89262,12.4843457,"settlement,urban"," - "
7.10.6,Ῥωμαίους,http://pleiades.stoa.org/places/423025,41.89262,12.4843457,"settlement,urban"," - "
7.10.6,Ῥωμαίων,http://pleiades.stoa.org/places/423025,41.89262,12.4843457,"settlement,urban"," - "
7.10.6,Σαπαίους,http://pleiades.stoa.org/places/501601,41.25,24.75,unknown," - "
7.10.6,Σαπαίων,http://pleiades.stoa.org/places/501601,41.25,24.75,unknown," - "
7.10.7,Ἀχαιῶν,http://pleiades.stoa.org/places/981502,37.5,22.5,province," - "
7.10.7,Ἑλλάδα,http://pleiades.stoa.org/places/1001896,37.5,22.5,province," - "
7.10.7,Μακεδονίᾳ,http://pleiades.stoa.org/places/491656,41.25,21.75,unknown," - "
7.10.7,Μακεδόνων,http://pleiades.stoa.org/places/491656,41.25,21.75,unknown," - "
7.10.7,Ῥωμαίοις,http://pleiades.stoa.org/places/423025,41.89262,12.4843457,"settlement,urban"," - "
7.10.7,Ῥωμαίων,http://pleiades.stoa.org/places/423025,41.89262,12.4843457,"settlement,urban"," - "
7.10.7,Σαπαίους,http://pleiades.stoa.org/places/501601,41.25,24.75,unknown," - "
7.10.8,Ἀχαιοὺς,http://pleiades.stoa.org/places/570028,38.102121472776034,22.224585911364017,region," - "
7.10.8,Ἀχαιῶν,http://pleiades.stoa.org/places/981502,37.5,22.5,province," - "
7.10.8,Ῥωμαίους,http://pleiades.stoa.org/places/423025,41.89262,12.4843457,"settlement,urban"," - "
7.10.9,Ἀχαιοῖς,http://pleiades.stoa.org/places/570028,38.102121472776034,22.224585911364017,region," - "
7.10.9,Ἀχαιῶν,http://pleiades.stoa.org/places/981502,37.5,22.5,province," - "
7.10.9,Μακεδόνων,http://pleiades.stoa.org/places/491656,41.25,21.75,unknown," - "
7.10.9,Ῥωμαίοις,http://pleiades.stoa.org/places/423025,41.89262,12.4843457,"settlement,urban"," - "
7.10.9,Ῥωμαῖος,http://pleiades.stoa.org/places/423025,41.89262,12.4843457,"settlement,urban"," - "
7.10.9,Ῥωμαίους,http://pleiades.stoa.org/places/423025,41.89262,12.4843457,"settlement,urban"," - "
7.10.10,Ἕλληνας,http://pleiades.stoa.org/places/1001896,37.5,22.5,province," - "
7.10.10,Ἑλλήνων,http://pleiades.stoa.org/places/1001896,37.5,22.5,province," - "
7.10.10,Μακεδονίαν,http://pleiades.stoa.org/places/491656,41.25,21.75,unknown," - "
7.10.10,Μακεδόνων,http://pleiades.stoa.org/places/491656,41.25,21.75,unknown," - "
7.10.10,Ῥωμαῖος,http://pleiades.stoa.org/places/423025,41.89262,12.4843457,"settlement,urban"," - "
7.10.10,Ῥωμαίων,http://pleiades.stoa.org/places/423025,41.89262,12.4843457,"settlement,urban"," - "
7.10.11,Ἀχαιῶν,http://pleiades.stoa.org/places/981502,37.5,22.5,province," - "
7.10.11,Ῥωμαῖοι,http://pleiades.stoa.org/places/423025,41.89262,12.4843457,"settlement,urban"," - "
7.10.11,Ῥώμην,http://pleiades.stoa.org/places/423025,41.89262,12.4843457,"settlement,urban"," - "
7.10.12,Ἀχαιῶν,http://pleiades.stoa.org/places/981502,37.5,22.5,province," - "
7.10.12,Ῥωμαίων,http://pleiades.stoa.org/places/423025,41.89262,12.4843457,"settlement,urban"," - "
7.10.12,Ῥώμην,http://pleiades.stoa.org/places/423025,41.89262,12.4843457,"settlement,urban"," - "
7.11.1,Ἀργείοις,http://pleiades.stoa.org/places/570106,37.631561,22.719464,settlement," - "
7.11.1,Ἀργείους,http://pleiades.stoa.org/places/570106,37.631561,22.719464,settlement," - "
7.11.1,Ἑλλάδα,http://pleiades.stoa.org/places/1001896,37.5,22.5,province," - "
7.11.1,Ἑλληνικὸν,http://pleiades.stoa.org/places/1001896,37.5,22.5,province," - "
7.11.1,Λακεδαιμονίοις,http://pleiades.stoa.org/places/570406,37.07624042080912,22.46082645177671,region," - "
7.11.1,Λακεδαιμονίους,http://pleiades.stoa.org/places/570406,37.07624042080912,22.46082645177671,region," - "
7.11.1,Ῥωμαῖοι,http://pleiades.stoa.org/places/423025,41.89262,12.4843457,"settlement,urban"," - "
7.11.2,Ἑλλάδος,http://pleiades.stoa.org/places/1001896,37.5,22.5,province," - "
7.11.3,Αἰτωλῶν,http://pleiades.stoa.org/places/540591,38.51586100952381,21.759714990476194,region," - "
7.11.3,Ἀχαιοὺς,http://pleiades.stoa.org/places/570028,38.102121472776034,22.224585911364017,region," - "
7.11.3,Ἀχαιῶν,http://pleiades.stoa.org/places/981502,37.5,22.5,province," - "
7.11.3,Πλευρῶνα,http://pleiades.stoa.org/places/540999,38.402823,21.414714,settlement," - "
7.11.3,Ῥωμαίους,http://pleiades.stoa.org/places/423025,41.89262,12.4843457,"settlement,urban"," - "
7.11.3,Ῥωμαίων,http://pleiades.stoa.org/places/423025,41.89262,12.4843457,"settlement,urban"," - "
7.11.4,Ἀθηναῖοι,http://dare.ht.lu.se/places/10975,37.971687,23.726464,settlement," - "
7.11.4,Ἀθηναίοις,http://dare.ht.lu.se/places/10975,37.971687,23.726464,settlement," - "
7.11.4,Ἀθηναίων,http://dare.ht.lu.se/places/10975,37.971687,23.726464,settlement," - "
7.11.4,Ἑλλήνων,http://pleiades.stoa.org/places/1001896,37.5,22.5,province," - "
7.11.4,Μακεδόνων,http://pleiades.stoa.org/places/491656,41.25,21.75,unknown," - "
7.11.4,Ῥωμαίων,http://pleiades.stoa.org/places/423025,41.89262,12.4843457,"settlement,urban"," - "
7.11.4,Σικυωνίοις,http://dare.ht.lu.se/places/21937,37.98336,22.71135,settlement," - "
7.11.4,Ὠρώπιοι,http://pleiades.stoa.org/places/580044,38.291099,23.846116,"temple-2,spring,port,sanctuary,settlement"," - "
7.11.4,Ὠρωπίους,http://pleiades.stoa.org/places/580044,38.291099,23.846116,"temple-2,spring,port,sanctuary,settlement"," - "
7.11.4,Ὠρωπὸν,http://pleiades.stoa.org/places/580044,38.291099,23.846116,"temple-2,spring,port,sanctuary,settlement"," - "
7.11.5,Ἀθηναῖοι,http://dare.ht.lu.se/places/10975,37.971687,23.726464,settlement," - "
7.11.5,Ἀθηναίοις,http://dare.ht.lu.se/places/10975,37.971687,23.726464,settlement," - "
7.11.5,Ἀθηναίους,http://pleiades.stoa.org/places/579885,37.971687,23.726464,settlement," - "
7.11.5,Ἀθηναίων,http://dare.ht.lu.se/places/10975,37.971687,23.726464,settlement," - "
7.11.5,Ῥωμαίων,http://pleiades.stoa.org/places/423025,41.89262,12.4843457,"settlement,urban"," - "
7.11.5,Σικυώνιοι,http://dare.ht.lu.se/places/21937,37.98336,22.71135,settlement," - "
7.11.5,Ὠρωπίοις,http://pleiades.stoa.org/places/580044,38.291099,23.846116,"temple-2,spring,port,sanctuary,settlement"," - "
7.11.5,Ὠρωπίων,http://pleiades.stoa.org/places/580044,38.291099,23.846116,"temple-2,spring,port,sanctuary,settlement"," - "
7.11.5,Ὠρωπὸν,http://pleiades.stoa.org/places/580044,38.291099,23.846116,"temple-2,spring,port,sanctuary,settlement"," - "
7.11.6,Ἀθηναῖοι,http://dare.ht.lu.se/places/10975,37.971687,23.726464,settlement," - "
7.11.6,Ἀθηναίων,http://dare.ht.lu.se/places/10975,37.971687,23.726464,settlement," - "
7.11.6,Ἀθήνας,http://dare.ht.lu.se/places/10975,37.971687,23.726464,settlement," - "
7.11.6,Ὠρωπίους,http://pleiades.stoa.org/places/580044,38.291099,23.846116,"temple-2,spring,port,sanctuary,settlement"," - "
7.11.7,Ἀθηναίων,http://dare.ht.lu.se/places/10975,37.971687,23.726464,settlement," - "
7.11.7,Ἀχαιοῖς,http://pleiades.stoa.org/places/570028,38.102121472776034,22.224585911364017,region," - "
7.11.7,Ἀχαιοὺς,http://pleiades.stoa.org/places/570028,38.102121472776034,22.224585911364017,region," - "
7.11.7,Ἀχαιῶν,http://pleiades.stoa.org/places/981502,37.5,22.5,province," - "
7.11.7,Λακεδαιμονίῳ,http://pleiades.stoa.org/places/570406,37.07624042080912,22.46082645177671,region," - "
7.11.7,Ρωμαίων,http://pleiades.stoa.org/places/423025,41.89262,12.4843457,"settlement,urban"," - "
7.11.7,Ὠρώπιοι,http://pleiades.stoa.org/places/580044,38.291099,23.846116,"temple-2,spring,port,sanctuary,settlement"," - "
7.11.8,Ἀθηναίους,http://pleiades.stoa.org/places/579885,37.971687,23.726464,settlement," - "
7.11.8,Ἀθηναίων,http://dare.ht.lu.se/places/10975,37.971687,23.726464,settlement," - "
7.11.8,Ἀττικὴν,http://pleiades.stoa.org/places/579888,38.051998833333336,23.818991099999998,region," - "
7.11.8,Ἀχαιοὺς,http://pleiades.stoa.org/places/570028,38.102121472776034,22.224585911364017,region," - "
7.11.8,Λακεδαίμονος,http://pleiades.stoa.org/places/570406,37.07624042080912,22.46082645177671,region," - "
7.11.8,Ὠρωπίοις,http://pleiades.stoa.org/places/580044,38.291099,23.846116,"temple-2,spring,port,sanctuary,settlement"," - "
7.11.8,Ὠρωπὸν,http://pleiades.stoa.org/places/580044,38.291099,23.846116,"temple-2,spring,port,sanctuary,settlement"," - "
7.12.1,Ἀχαιῶν,http://pleiades.stoa.org/places/981502,37.5,22.5,province," - "
7.12.1,Ὠρώπιοι,http://pleiades.stoa.org/places/580044,38.291099,23.846116,"temple-2,spring,port,sanctuary,settlement"," - "
7.12.2,Ἀθηναίων,http://dare.ht.lu.se/places/10975,37.971687,23.726464,settlement," - "
7.12.2,Ἀχαιοῖς,http://pleiades.stoa.org/places/570028,38.102121472776034,22.224585911364017,region," - "
7.12.2,Ἀχαιῶν,http://pleiades.stoa.org/places/981502,37.5,22.5,province," - "
7.12.2,Ῥώμην,http://pleiades.stoa.org/places/423025,41.89262,12.4843457,"settlement,urban"," - "
7.12.2,Σπάρτην,http://dare.ht.lu.se/places/21911,37.08149,22.42454,"theatre,temple,settlement,temple-2"," - "
7.12.3,Ἀχαιοὶ,http://pleiades.stoa.org/places/981502,37.5,22.5,province," - "
7.12.3,Ἀχαιῶν,http://pleiades.stoa.org/places/981502,37.5,22.5,province," - "
7.12.3,Μεγαλοπολίτῃ,http://pleiades.stoa.org/places/570467,37.414256,22.126238,settlement," - "
7.12.3,Ὠρωποῦ,http://pleiades.stoa.org/places/580044,38.291099,23.846116,"temple-2,spring,port,sanctuary,settlement"," - "
7.12.4,Ἀχαιοῖς,http://pleiades.stoa.org/places/570028,38.102121472776034,22.224585911364017,region," - "
7.12.4,Ἀχαιῶν,http://pleiades.stoa.org/places/981502,37.5,22.5,province," - "
7.12.4,Λακεδαιμόνιοι,http://pleiades.stoa.org/places/570406,37.07624042080912,22.46082645177671,region," - "
7.12.4,Ῥωμαίων,http://pleiades.stoa.org/places/423025,41.89262,12.4843457,"settlement,urban"," - "
7.12.4,Σπάρτης,http://pleiades.stoa.org/places/570685,37.08149,22.42454,"theatre,temple,settlement,temple-2"," - "
7.12.5,Ἀχαιοὶ,http://pleiades.stoa.org/places/981502,37.5,22.5,province," - "
7.12.5,Ἀχαιοὺς,http://pleiades.stoa.org/places/570028,38.102121472776034,22.224585911364017,region," - "
7.12.5,Ἀχαιῶν,http://pleiades.stoa.org/places/981502,37.5,22.5,province," - "
7.12.5,Λακεδαιμόνιοι,http://pleiades.stoa.org/places/570406,37.07624042080912,22.46082645177671,region," - "
7.12.5,Λακεδαιμονίοις,http://pleiades.stoa.org/places/570406,37.07624042080912,22.46082645177671,region," - "
7.12.5,Ῥωμαίους,http://pleiades.stoa.org/places/423025,41.89262,12.4843457,"settlement,urban"," - "
7.12.5,Ῥωμαίων,http://pleiades.stoa.org/places/423025,41.89262,12.4843457,"settlement,urban"," - "
7.12.6,Ἀχαιοῖς,http://pleiades.stoa.org/places/570028,38.102121472776034,22.224585911364017,region," - "
7.12.6,Ἀχαιοὺς,http://pleiades.stoa.org/places/570028,38.102121472776034,22.224585911364017,region," - "
7.12.6,Ἀχαιῶν,http://pleiades.stoa.org/places/981502,37.5,22.5,province," - "
7.12.6,Λακεδαιμόνιοι,http://pleiades.stoa.org/places/570406,37.07624042080912,22.46082645177671,region," - "
7.12.6,Λακεδαιμονίοις,http://pleiades.stoa.org/places/570406,37.07624042080912,22.46082645177671,region," - "
7.12.6,Σπάρτῃ,http://dare.ht.lu.se/places/21911,37.08149,22.42454,"theatre,temple,settlement,temple-2"," - "
7.12.7,Λακεδαίμονος,http://pleiades.stoa.org/places/570406,37.07624042080912,22.46082645177671,region," - "
7.12.7,Ῥωμαίων,http://pleiades.stoa.org/places/423025,41.89262,12.4843457,"settlement,urban"," - "
7.12.7,Ῥώμην,http://pleiades.stoa.org/places/423025,41.89262,12.4843457,"settlement,urban"," - "
7.12.7,Σπάρτῃ,http://dare.ht.lu.se/places/21911,37.08149,22.42454,"theatre,temple,settlement,temple-2"," - "
7.12.8,Ἀχαιοὺς,http://pleiades.stoa.org/places/570028,38.102121472776034,22.224585911364017,region," - "
7.12.8,Ἀχαιῶν,http://pleiades.stoa.org/places/981502,37.5,22.5,province," - "
7.12.8,Ῥώμην,http://pleiades.stoa.org/places/423025,41.89262,12.4843457,"settlement,urban"," - "
7.12.8,Σπάρτης,http://pleiades.stoa.org/places/570685,37.08149,22.42454,"theatre,temple,settlement,temple-2"," - "
7.12.8,Σπαρτιατῶν,http://pleiades.stoa.org/places/570685,37.08149,22.42454,"theatre,temple,settlement,temple-2"," - "
7.12.9,Ἀχαιοῖς,http://pleiades.stoa.org/places/570028,38.102121472776034,22.224585911364017,region," - "
7.12.9,Ἀχαιοὺς,http://pleiades.stoa.org/places/570028,38.102121472776034,22.224585911364017,region," - "
7.12.9,Λακεδαιμόνιοί,http://pleiades.stoa.org/places/570406,37.07624042080912,22.46082645177671,region," - "
7.12.9,Λακεδαιμονίοις,http://pleiades.stoa.org/places/570406,37.07624042080912,22.46082645177671,region," - "
7.12.9,Λακεδαιμονίους,http://pleiades.stoa.org/places/570406,37.07624042080912,22.46082645177671,region," - "
7.12.9,Ῥωμαίων,http://pleiades.stoa.org/places/423025,41.89262,12.4843457,"settlement,urban"," - "
7.12.9,Ῥώμης,http://pleiades.stoa.org/places/423025,41.89262,12.4843457,"settlement,urban"," - "
7.13.1,Ἀχαιοὶ,http://pleiades.stoa.org/places/981502,37.5,22.5,province," - "
7.13.1,Ἀχαιῶν,http://pleiades.stoa.org/places/981502,37.5,22.5,province," - "
7.13.1,Λακεδαιμονίοις,http://pleiades.stoa.org/places/570406,37.07624042080912,22.46082645177671,region," - "
7.13.1,Μακεδονίᾳ,http://pleiades.stoa.org/places/491656,41.25,21.75,unknown," - "
7.13.1,Μακεδονίαν,http://pleiades.stoa.org/places/491656,41.25,21.75,unknown," - "
7.13.1,Ῥωμαίοις,http://pleiades.stoa.org/places/423025,41.89262,12.4843457,"settlement,urban"," - "
7.13.1,Ῥωμαίων,http://pleiades.stoa.org/places/423025,41.89262,12.4843457,"settlement,urban"," - "
7.13.1,Σπάρτην,http://dare.ht.lu.se/places/21911,37.08149,22.42454,"theatre,temple,settlement,temple-2"," - "
7.13.2,Ἀσίαν,http://pleiades.stoa.org/places/981509,37.5,27.5,province," - "
7.13.2,Ἀχαιοῖς,http://pleiades.stoa.org/places/570028,38.102121472776034,22.224585911364017,region," - "
7.13.2,Ἀχαιῶν,http://pleiades.stoa.org/places/981502,37.5,22.5,province," - "
7.13.2,Λακεδαιμονίοις,http://pleiades.stoa.org/places/570406,37.07624042080912,22.46082645177671,region," - "
7.13.2,Ῥωμαίων,http://pleiades.stoa.org/places/423025,41.89262,12.4843457,"settlement,urban"," - "
7.13.2,Σπάρτην,http://dare.ht.lu.se/places/21911,37.08149,22.42454,"theatre,temple,settlement,temple-2"," - "
7.13.3,Ἀσίαν,http://pleiades.stoa.org/places/981509,37.5,27.5,province," - "
7.13.3,Ἀχαιοῖς,http://pleiades.stoa.org/places/570028,38.102121472776034,22.224585911364017,region," - "
7.13.3,Ἀχαιῶν,http://pleiades.stoa.org/places/981502,37.5,22.5,province," - "
7.13.3,Λακεδαίμονα,http://pleiades.stoa.org/places/570406,37.07624042080912,22.46082645177671,region," - "
7.13.3,Λακεδαιμόνιοι,http://pleiades.stoa.org/places/570406,37.07624042080912,22.46082645177671,region," - "
7.13.3,πόλιν.,http://dare.ht.lu.se/places/29009,37.59716,27.42788,settlement," - "
7.13.4,Ἀχαιοῖς,http://pleiades.stoa.org/places/570028,38.102121472776034,22.224585911364017,region," - "
7.13.4,Ἀχαιοὺς,http://pleiades.stoa.org/places/570028,38.102121472776034,22.224585911364017,region," - "
7.13.4,Σπάρτην,http://dare.ht.lu.se/places/21911,37.08149,22.42454,"theatre,temple,settlement,temple-2"," - "
7.13.4,Σπάρτης,http://pleiades.stoa.org/places/570685,37.08149,22.42454,"theatre,temple,settlement,temple-2"," - "
7.13.5,Ἀχαιοὶ,http://pleiades.stoa.org/places/981502,37.5,22.5,province," - "
7.13.5,Ἀχαιῶν,http://pleiades.stoa.org/places/981502,37.5,22.5,province," - "
7.13.5,Λακεδαιμονίοις,http://pleiades.stoa.org/places/570406,37.07624042080912,22.46082645177671,region," - "
7.13.5,Πελοποννήσου,http://pleiades.stoa.org/places/570577,37.25289777692308,22.312752688461543,"peninsula,region"," - "
7.13.5,Ῥώμης,http://pleiades.stoa.org/places/423025,41.89262,12.4843457,"settlement,urban"," - "
7.13.6,Ἀχαιοῖς,http://pleiades.stoa.org/places/570028,38.102121472776034,22.224585911364017,region," - "
7.13.6,Ἀχαιῶν,http://pleiades.stoa.org/places/981502,37.5,22.5,province," - "
7.13.6,Λακεδαιμονίους,http://pleiades.stoa.org/places/570406,37.07624042080912,22.46082645177671,region," - "
7.13.6,Σπάρτην,http://dare.ht.lu.se/places/21911,37.08149,22.42454,"theatre,temple,settlement,temple-2"," - "
7.13.6,Σπάρτης,http://pleiades.stoa.org/places/570685,37.08149,22.42454,"theatre,temple,settlement,temple-2"," - "
7.13.7,Ἀχαιῶν,http://pleiades.stoa.org/places/981502,37.5,22.5,province," - "
7.13.7,Ἴασον,http://pleiades.stoa.org/places/570335,37.332128,22.416759,settlement," - polismaIasos town on border between Achaeans and Laconia"
7.13.7,Λακεδαιμονίων,http://pleiades.stoa.org/places/570406,37.07624042080912,22.46082645177671,region," - "
7.13.7,Λακωνικῆς,http://pleiades.stoa.org/places/570406,37.07624042080912,22.46082645177671,region," - "
7.13.8,Ἀχαιοῖς,http://pleiades.stoa.org/places/570028,38.102121472776034,22.224585911364017,region," - "
7.13.8,Ἀχαιῶν,http://pleiades.stoa.org/places/981502,37.5,22.5,province," - "
7.13.8,Λακεδαιμονίοις,http://pleiades.stoa.org/places/570406,37.07624042080912,22.46082645177671,region," - "
7.13.8,Λακεδαιμονίων,http://pleiades.stoa.org/places/570406,37.07624042080912,22.46082645177671,region," - "
7.14.1,Ἄργος,http://dare.ht.lu.se/places/21779,37.631561,22.719464,settlement," - "
7.14.1,Ἀρκάδας,http://pleiades.stoa.org/places/570102,37.567419268449626,22.165323097346306,region," - "
7.14.1,Ἀχαιοῖς,http://pleiades.stoa.org/places/570028,38.102121472776034,22.224585911364017,region," - "
7.14.1,Ἀχαιῶν,http://pleiades.stoa.org/places/981502,37.5,22.5,province," - "
7.14.1,Ἑλλάδα,http://pleiades.stoa.org/places/1001896,37.5,22.5,province," - "
7.14.1,Ἡράκλειαν,http://pleiades.stoa.org/places/541157,38.790767,22.442503,settlement," - "
7.14.1,Κόρινθον,http://dare.ht.lu.se/places/17070,37.906045,22.878721,"sanctuary,settlement,fort"," - "
7.14.1,Λακεδαιμονίοις,http://pleiades.stoa.org/places/570406,37.07624042080912,22.46082645177671,region," - "
7.14.1,Λακεδαιμονίους,http://pleiades.stoa.org/places/570406,37.07624042080912,22.46082645177671,region," - "
7.14.1,Οἴτῃ,http://pleiades.stoa.org/places/540968,38.7922475,22.2564576,mountain," - "
7.14.1,Ὀρχομενίους,http://pleiades.stoa.org/places/570535,37.724716,22.31536,settlement," - "
7.14.1,Ῥωμαίων,http://pleiades.stoa.org/places/423025,41.89262,12.4843457,"settlement,urban"," - "
7.14.1,Ῥώμης,http://pleiades.stoa.org/places/423025,41.89262,12.4843457,"settlement,urban"," - "
7.14.2,Ἀχαιοὺς,http://pleiades.stoa.org/places/570028,38.102121472776034,22.224585911364017,region," - "
7.14.2,Ἀχαιῶν,http://pleiades.stoa.org/places/981502,37.5,22.5,province," - "
7.14.2,Κορίνθῳ,http://pleiades.stoa.org/places/570182,37.906045,22.878721,"sanctuary,settlement,fort"," - "
7.14.2,Λακεδαιμόνιον,http://pleiades.stoa.org/places/570406,37.07624042080912,22.46082645177671,region," - "
7.14.2,Ῥωμαίων,http://pleiades.stoa.org/places/423025,41.89262,12.4843457,"settlement,urban"," - "
7.14.2,Σπαρτιάτας,http://pleiades.stoa.org/places/570685,37.08149,22.42454,"theatre,temple,settlement,temple-2"," - "
7.14.3,Ἀχαιοὶ,http://pleiades.stoa.org/places/981502,37.5,22.5,province," - "
7.14.3,Ἀχαιοὺς,http://pleiades.stoa.org/places/570028,38.102121472776034,22.224585911364017,region," - "
7.14.3,Ἀχαιῶν,http://pleiades.stoa.org/places/981502,37.5,22.5,province," - "
7.14.3,Λακεδαιμονίων,http://pleiades.stoa.org/places/570406,37.07624042080912,22.46082645177671,region," - "
7.14.3,Ῥωμαίους,http://pleiades.stoa.org/places/423025,41.89262,12.4843457,"settlement,urban"," - "
7.14.3,Ῥωμαίων,http://pleiades.stoa.org/places/423025,41.89262,12.4843457,"settlement,urban"," - "
7.14.3,Ῥώμην,http://pleiades.stoa.org/places/423025,41.89262,12.4843457,"settlement,urban"," - "
7.14.4,Ἀρκάδων,http://pleiades.stoa.org/places/570102,37.567419268449626,22.165323097346306,region," - "
7.14.4,Ἀχαιούς,http://pleiades.stoa.org/places/570028,38.102121472776034,22.224585911364017,region," - "
7.14.4,Ἀχαιῶν,http://pleiades.stoa.org/places/981502,37.5,22.5,province," - "
7.14.4,Λακεδαιμονίων,http://pleiades.stoa.org/places/570406,37.07624042080912,22.46082645177671,region," - "
7.14.4,Ῥωμαίους,http://pleiades.stoa.org/places/423025,41.89262,12.4843457,"settlement,urban"," - "
7.14.4,Ῥωμαίων,http://pleiades.stoa.org/places/423025,41.89262,12.4843457,"settlement,urban"," - "
7.14.4,Τεγέᾳ,http://pleiades.stoa.org/places/570707,37.464,22.429,"theatre,church,settlement"," - "
7.14.5,Ἀχαιοὺς,http://pleiades.stoa.org/places/570028,38.102121472776034,22.224585911364017,region," - "
7.14.5,Ἀχαιῶν,http://pleiades.stoa.org/places/981502,37.5,22.5,province," - "
7.14.5,Κόρινθον,http://dare.ht.lu.se/places/17070,37.906045,22.878721,"sanctuary,settlement,fort"," - "
7.14.5,Ῥωμαίοις,http://pleiades.stoa.org/places/423025,41.89262,12.4843457,"settlement,urban"," - "
7.14.5,Ῥωμαίους,http://pleiades.stoa.org/places/423025,41.89262,12.4843457,"settlement,urban"," - "
7.14.5,Ῥώμην,http://pleiades.stoa.org/places/423025,41.89262,12.4843457,"settlement,urban"," - "
7.14.5,Σπάρτην,http://dare.ht.lu.se/places/21911,37.08149,22.42454,"theatre,temple,settlement,temple-2"," - "
7.14.6,Ἀχαιοὺς,http://pleiades.stoa.org/places/570028,38.102121472776034,22.224585911364017,region," - "
7.14.6,Θηβαῖοι,http://dare.ht.lu.se/places/21952,38.318092,23.255096,"sanctuary,settlement"," - "
7.14.6,Θήβαις,http://pleiades.stoa.org/places/541138,38.318092,23.255096,"sanctuary,settlement"," - "
7.14.7,Ἀμφισσεῦσι,http://pleiades.stoa.org/places/540630,38.41224,22.315807,"city-wall,settlement"," - "
7.14.7,Ἀμφισσέων,http://pleiades.stoa.org/places/540630,38.41224,22.315807,"city-wall,settlement"," - "
7.14.7,Εὐβοεῦσιν,http://pleiades.stoa.org/places/540775,38.53,23.87,island," - "
7.14.7,Εὐβοέων,http://dare.ht.lu.se/places/41413,38.53,23.87,island," - "
7.14.7,Θηβαῖοι,http://dare.ht.lu.se/places/21952,38.318092,23.255096,"sanctuary,settlement"," - "
7.14.7,Φωκεῦσιν,http://pleiades.stoa.org/places/541048,38.25,22.25,unknown," - "
7.14.7,Φωκίδα,http://pleiades.stoa.org/places/541048,38.25,22.25,unknown," - "
7.15.1,Ἀχαιοὺς,http://pleiades.stoa.org/places/570028,38.102121472776034,22.224585911364017,region," - "
7.15.1,Ἀχαιῶν,http://pleiades.stoa.org/places/981502,37.5,22.5,province," - "
7.15.1,Ἑλλάδα,http://pleiades.stoa.org/places/1001896,37.5,22.5,province," - "
7.15.1,Ῥωμαῖοι,http://pleiades.stoa.org/places/423025,41.89262,12.4843457,"settlement,urban"," - "
7.15.2,Ἀχαιοὶ,http://pleiades.stoa.org/places/981502,37.5,22.5,province," - "
7.15.2,Ἀχαιοὺς,http://pleiades.stoa.org/places/570028,38.102121472776034,22.224585911364017,region," - "
7.15.2,Ἡράκλειαν,http://pleiades.stoa.org/places/541157,38.790767,22.442503,settlement," - "
7.15.2,Θεσσαλίας,http://pleiades.stoa.org/places/1332,39.6,22.2,region," - "
7.15.2,Λακεδαιμονίους,http://pleiades.stoa.org/places/570406,37.07624042080912,22.46082645177671,region," - "
7.15.2,Λαμιακὸν,http://pleiades.stoa.org/places/540902,38.9046,22.43516,settlement," - "
7.15.2,Μακεδονίας,http://pleiades.stoa.org/places/491656,41.25,21.75,unknown," - "
7.15.2,Ῥωμαίων,http://pleiades.stoa.org/places/423025,41.89262,12.4843457,"settlement,urban"," - "
7.15.3,Ἀθηναίοις,http://dare.ht.lu.se/places/10975,37.971687,23.726464,settlement," - "
7.15.3,Ἀχαιοὺς,http://pleiades.stoa.org/places/570028,38.102121472776034,22.224585911364017,region," - "
7.15.3,Ἑλλήνων,http://pleiades.stoa.org/places/1001896,37.5,22.5,province," - "
7.15.3,Ἡρακλείας,http://pleiades.stoa.org/places/541157,38.790767,22.442503,settlement," - "
7.15.3,Θερμοπυλῶν,http://pleiades.stoa.org/places/541140,38.796511,22.538294,"shrine,pass,fort"," - "
7.15.3,Λακεδαιμονίοις,http://pleiades.stoa.org/places/570406,37.07624042080912,22.46082645177671,region," - "
7.15.3,Λοκρῶν,http://pleiades.stoa.org/places/540918,38.75,22.75,region," - "
7.15.3,Ῥωμαίους,http://pleiades.stoa.org/places/423025,41.89262,12.4843457,"settlement,urban"," - "
7.15.3,Σκάρφειαν,http://pleiades.stoa.org/places/541103,38.81072,22.68341970000006,settlement," - "
7.15.3,Σπερχειόν,http://pleiades.stoa.org/places/541112,38.75,22.25,river," - "
7.15.4,Ἀχαιοὺς,http://pleiades.stoa.org/places/570028,38.102121472776034,22.224585911364017,region," - "
7.15.4,Οἴτῃ,http://pleiades.stoa.org/places/540968,38.7922475,22.2564576,mountain," - "
7.15.4,Σκαρφείας,http://pleiades.stoa.org/places/541103,38.81072,22.68341970000006,settlement," - "
7.15.5,Ἀρκάδας,http://pleiades.stoa.org/places/570102,37.567419268449626,22.165323097346306,region," - "
7.15.5,Ἀρκάδων,http://pleiades.stoa.org/places/570102,37.567419268449626,22.165323097346306,region," - "
7.15.5,Ἀχαιῶν,http://pleiades.stoa.org/places/981502,37.5,22.5,province," - "
7.15.5,Ἐλατείας,http://pleiades.stoa.org/places/540755,38.645635,22.782061,"settlement-modern,settlement"," - "
7.15.5,Φωκεῦσιν,http://pleiades.stoa.org/places/541048,38.25,22.25,unknown," - "
7.15.5,Φωκέων,http://pleiades.stoa.org/places/541048,38.25,22.25,unknown," - "
7.15.6,Ἀρκάδας,http://pleiades.stoa.org/places/570102,37.567419268449626,22.165323097346306,region," - "
7.15.6,Ἕλληνας,http://pleiades.stoa.org/places/1001896,37.5,22.5,province," - "
7.15.6,Ἑλληνικῶν,http://pleiades.stoa.org/places/1001896,37.5,22.5,province," - "
7.15.6,Μακεδόνων,http://pleiades.stoa.org/places/491656,41.25,21.75,unknown," - "
7.15.6,Πελοπόννησον,http://pleiades.stoa.org/places/570577,37.25289777692308,22.312752688461543,"peninsula,region"," - "
7.15.6,Ῥωμαῖοι,http://pleiades.stoa.org/places/423025,41.89262,12.4843457,"settlement,urban"," - "
7.15.6,Ῥωμαίων,http://pleiades.stoa.org/places/423025,41.89262,12.4843457,"settlement,urban"," - "
7.15.6,Χαιρωνείᾳ,http://dare.ht.lu.se/places/22857,38.493361,22.840365,settlement," - "
7.15.6,Χαιρώνειαν,http://pleiades.stoa.org/places/540701,38.493361,22.840365,settlement," - "
7.15.7,Ἀθηναίων,http://dare.ht.lu.se/places/10975,37.971687,23.726464,settlement," - "
7.15.7,Ἀρκάδων,http://pleiades.stoa.org/places/570102,37.567419268449626,22.165323097346306,region," - "
7.15.7,Ἀχαιοῖς,http://pleiades.stoa.org/places/570028,38.102121472776034,22.224585911364017,region," - "
7.15.7,Ἀχαιῶν,http://pleiades.stoa.org/places/981502,37.5,22.5,province," - "
7.15.7,Μαραθῶνι,http://pleiades.stoa.org/places/580021,38.1465515,23.970146,settlement," - "
7.15.8,Ἀχαιῶν,http://pleiades.stoa.org/places/981502,37.5,22.5,province," - "
7.15.8,Μέγαρα,http://dare.ht.lu.se/places/21301,37.2038,15.18273,"region,settlement"," - "
7.15.8,Ῥωμαῖοι,http://pleiades.stoa.org/places/423025,41.89262,12.4843457,"settlement,urban"," - "
7.15.9,Ἀρκάδων,http://pleiades.stoa.org/places/570102,37.567419268449626,22.165323097346306,region," - "
7.15.9,Ἀχαιῶν,http://pleiades.stoa.org/places/981502,37.5,22.5,province," - "
7.15.9,Βοιωτίαν,http://pleiades.stoa.org/places/540689,38.34668803333333,23.184677533333332,region," - "
7.15.9,Ἡράκλειάν,http://pleiades.stoa.org/places/541157,38.790767,22.442503,settlement," - "
7.15.9,Θηβαῖοι,http://dare.ht.lu.se/places/21952,38.318092,23.255096,"sanctuary,settlement"," - "
7.15.9,Θήβας,http://dare.ht.lu.se/places/21952,38.318092,23.255096,"sanctuary,settlement"," - "
7.15.9,Σκάρφειαν,http://pleiades.stoa.org/places/541103,38.81072,22.68341970000006,settlement," - "
7.15.9,Χαιρώνειαν,http://pleiades.stoa.org/places/540701,38.493361,22.840365,settlement," - "
7.15.10,Ἀχαιῶν,http://pleiades.stoa.org/places/981502,37.5,22.5,province," - "
7.15.10,Θηβαίων,http://dare.ht.lu.se/places/21952,38.318092,23.255096,"sanctuary,settlement"," - "
7.15.10,Κόρινθον,http://dare.ht.lu.se/places/17070,37.906045,22.878721,"sanctuary,settlement,fort"," - "
7.15.10,Μεγάρων,http://topostext.org/place/380233PMeg,37.997,23.34285,NULL," - "
7.15.10,στρατός,http://topostext.org/place/380233PMeg,37.997,23.34285,NULL," - "
7.15.11,Ἀχαιοῖς,http://pleiades.stoa.org/places/570028,38.102121472776034,22.224585911364017,region," - "
7.15.11,Ἀχαιῶν,http://pleiades.stoa.org/places/981502,37.5,22.5,province," - "
7.15.11,ἰσθμόν,http://pleiades.stoa.org/places/570317,37.9510881,22.9602226,isthmus," - "
7.15.11,Μακεδονίᾳ,http://pleiades.stoa.org/places/491656,41.25,21.75,unknown," - "
7.15.11,Μεγαρεῖς,http://pleiades.stoa.org/places/570468,37.2038,15.18273,"region,settlement"," - "
7.15.11,Ῥωμαίοις,http://pleiades.stoa.org/places/423025,41.89262,12.4843457,"settlement,urban"," - "
7.16.1,Ἀχαιῶν,http://pleiades.stoa.org/places/981502,37.5,22.5,province," - "
7.16.1,ἰσθμῷ,http://pleiades.stoa.org/places/570317,37.9510881,22.9602226,isthmus," - "
7.16.1,Καΐκου,http://pleiades.stoa.org/places/550491,38.9471678,27.0057354,river," - "
7.16.1,Κρῆτες,http://pleiades.stoa.org/places/589748,35.21984439173344,24.995769971494504,island," - "
7.16.1,Λακεδαιμονίων,http://pleiades.stoa.org/places/570406,37.07624042080912,22.46082645177671,region," - "
7.16.1,Μακεδονίαν,http://pleiades.stoa.org/places/491656,41.25,21.75,unknown," - "
7.16.1,Περγάμου,http://pleiades.stoa.org/places/550812,39.1325,27.184167,"theatre,sanctuary,settlement,temple-2"," - "
7.16.1,Ῥωμαίων,http://pleiades.stoa.org/places/423025,41.89262,12.4843457,"settlement,urban"," - "
7.16.2,Ἀχαιοὶ,http://pleiades.stoa.org/places/981502,37.5,22.5,province," - "
7.16.2,Ἰταλίας,http://pleiades.stoa.org/places/1052,42.5,12.5,region," - historical|Italians|proxyItalian troops"
7.16.2,Ῥωμαίους,http://pleiades.stoa.org/places/423025,41.89262,12.4843457,"settlement,urban"," - "
7.16.2,Ῥωμαίων,http://pleiades.stoa.org/places/423025,41.89262,12.4843457,"settlement,urban"," - "
7.16.3,Ἀχαιοὺς,http://pleiades.stoa.org/places/570028,38.102121472776034,22.224585911364017,region," - "
7.16.3,Ἀχαιῶν,http://pleiades.stoa.org/places/981502,37.5,22.5,province," - "
7.16.3,Ῥωμαίων,http://pleiades.stoa.org/places/423025,41.89262,12.4843457,"settlement,urban"," - "
7.16.4,Ἀθηναίους,http://pleiades.stoa.org/places/579885,37.971687,23.726464,settlement," - "
7.16.4,Ἀχαιοὶ,http://pleiades.stoa.org/places/981502,37.5,22.5,province," - "
7.16.4,Ἀχαιοὺς,http://pleiades.stoa.org/places/570028,38.102121472776034,22.224585911364017,region," - "
7.16.4,Ἀχαιῶν,http://pleiades.stoa.org/places/981502,37.5,22.5,province," - "
7.16.4,Κόρινθον,http://dare.ht.lu.se/places/17070,37.906045,22.878721,"sanctuary,settlement,fort"," - "
7.16.4,Μεγάλης,http://dare.ht.lu.se/places/21914,37.414256,22.126238,settlement," - "
7.16.5,Ἀθηναῖοι,http://dare.ht.lu.se/places/10975,37.971687,23.726464,settlement," - "
7.16.5,Ἀθηναίων,http://dare.ht.lu.se/places/10975,37.971687,23.726464,settlement," - "
7.16.5,Ἀσινάρῳ,http://pleiades.stoa.org/places/462105,36.75,15.25,river," - "
7.16.5,Κατάνην,http://dare.ht.lu.se/places/16884,37.5024825,15.0878345,"amphitheatre,settlement"," - "
7.16.5,Σικελίᾳ,http://pleiades.stoa.org/places/462492,37.53667611952188,14.08648464579389,island," - "
7.16.5,Συρακούσας,http://pleiades.stoa.org/places/462503,37.05963,15.29382,settlement," - "
7.16.6,Ἀθηναίοις,http://dare.ht.lu.se/places/10975,37.971687,23.726464,settlement," - "
7.16.6,Ἀχαιοὺς,http://pleiades.stoa.org/places/570028,38.102121472776034,22.224585911364017,region," - "
7.16.6,Μεγαλοπολίταις,http://dare.ht.lu.se/places/21914,37.414256,22.126238,settlement," - "
7.16.7,Ἀχαιῶν,http://pleiades.stoa.org/places/981502,37.5,22.5,province," - "
7.16.7,Κορινθίων,http://dare.ht.lu.se/places/17070,37.906045,22.878721,"sanctuary,settlement,fort"," - "
7.16.7,Κόρινθον,http://dare.ht.lu.se/places/17070,37.906045,22.878721,"sanctuary,settlement,fort"," - "
7.16.8,Ἀχαιῶν,http://pleiades.stoa.org/places/981502,37.5,22.5,province," - "
7.16.8,"λάφυρα Κορίνθια",http://pleiades.stoa.org/places/550812,39.1325,27.184167,"theatre,sanctuary,settlement,temple-2"," - "
7.16.8,Περγαμηνοῖς,http://pleiades.stoa.org/places/550812,39.1325,27.184167,"theatre,sanctuary,settlement,temple-2"," - "
7.16.8,Ῥωμαῖοι,http://pleiades.stoa.org/places/423025,41.89262,12.4843457,"settlement,urban"," - "
7.16.9,Ἀχαιῶν,http://pleiades.stoa.org/places/981502,37.5,22.5,province," - "
7.16.9,Βοιωτοῖς,http://pleiades.stoa.org/places/540689,38.34668803333333,23.184677533333332,region," - "
7.16.9,Ἑλλάδι,http://pleiades.stoa.org/places/1001896,37.5,22.5,province," - "
7.16.9,Ἑλλάδος,http://pleiades.stoa.org/places/1001896,37.5,22.5,province," - "
7.16.9,Ῥωμαίων,http://pleiades.stoa.org/places/423025,41.89262,12.4843457,"settlement,urban"," - "
7.16.9,Φωκεῦσιν,http://pleiades.stoa.org/places/541048,38.25,22.25,unknown," - "
7.16.10,Ἀθήνῃσιν,http://dare.ht.lu.se/places/10975,37.971687,23.726464,settlement," - "
7.16.10,Ἀχαΐας,http://pleiades.stoa.org/places/570028,38.102121472776034,22.224585911364017,region," - "
7.16.10,Ἀχαιοὺς,http://pleiades.stoa.org/places/570028,38.102121472776034,22.224585911364017,region," - "
7.16.10,Ἀχαιῶν,http://pleiades.stoa.org/places/981502,37.5,22.5,province," - "
7.16.10,Βοιωτούς,http://pleiades.stoa.org/places/540689,38.34668803333333,23.184677533333332,region," - "
7.16.10,Ἑλλάδος,http://pleiades.stoa.org/places/1001896,37.5,22.5,province," - "
7.16.10,Ἕλληνας,http://pleiades.stoa.org/places/1001896,37.5,22.5,province," - historical|Greeks|proxythe Greek nation"
7.16.10,"Ἕλληνες,",http://pleiades.stoa.org/places/1001896,37.5,22.5,province," - "
7.16.10,Ἑλληνικοῦ,http://pleiades.stoa.org/places/1001896,37.5,22.5,province," - "
7.16.10,Εὐβοεῦσι,http://dare.ht.lu.se/places/41413,38.53,23.87,island," - "
7.16.10,Ἡρακλεώταις,http://pleiades.stoa.org/places/541157,38.790767,22.442503,settlement," - "
7.16.10,Λακεδαιμονίοις,http://pleiades.stoa.org/places/570406,37.07624042080912,22.46082645177671,region," - "
7.16.10,Ῥωμαῖοι,http://pleiades.stoa.org/places/423025,41.89262,12.4843457,"settlement,urban"," - "
7.16.10,Ῥωμαίων,http://pleiades.stoa.org/places/423025,41.89262,12.4843457,"settlement,urban"," - "
7.16.10,Σικυώνιος,http://topostext.org/place/380227PSik,37.9834,22.7145,NULL," - "
7.17.1,Ἄργος,http://dare.ht.lu.se/places/21779,37.631561,22.719464,settlement," - "
7.17.1,Ἑλλάς,http://pleiades.stoa.org/places/1001896,37.5,22.5,province," - "
7.17.2,Ἀττικόν,http://pleiades.stoa.org/places/579888,38.051998833333336,23.818991099999998,region," - "
7.17.2,Ἀχαιῶν,http://pleiades.stoa.org/places/981502,37.5,22.5,province," - "
7.17.2,Βοιωτίας,http://pleiades.stoa.org/places/540689,38.34668803333333,23.184677533333332,region," - "
7.17.2,ἔθνος,http://pleiades.stoa.org/places/579888,38.051998833333336,23.818991099999998,region," - "
7.17.2,Ἑλλάδος,http://pleiades.stoa.org/places/1001896,37.5,22.5,province," - regionalHellas, Greece"
7.17.2,Θηβαῖος,http://pleiades.stoa.org/places/541138,38.318092,23.255096,"sanctuary,settlement"," - "
7.17.2,Θήβας,http://dare.ht.lu.se/places/21952,38.318092,23.255096,"sanctuary,settlement"," - "
7.17.2,Λακεδαιμονίοις,http://pleiades.stoa.org/places/570406,37.07624042080912,22.46082645177671,region," - "
7.17.2,Μακεδονίας,http://pleiades.stoa.org/places/491656,41.25,21.75,unknown," - "
7.17.2,Μακεδόνων,http://pleiades.stoa.org/places/491656,41.25,21.75,unknown," - "
7.17.2,Πελοποννησίων,http://pleiades.stoa.org/places/570577,37.25289777692308,22.312752688461543,"peninsula,region"," - "
7.17.3,Ἑλλάδος,http://pleiades.stoa.org/places/1001896,37.5,22.5,province," - regionalHellas, Greece"
7.17.3,νῆσον,http://pleiades.stoa.org/places/472014,40.06802462263924,8.895951166868167,island," - "
7.17.3,Ῥωμαίων,http://pleiades.stoa.org/places/423025,41.89262,12.4843457,"settlement,urban"," - "
7.17.3,Σαρδὼ,http://pleiades.stoa.org/places/472014,40.06802462263924,8.895951166868167,island," - "
7.17.4,Ἑλληνικόν,http://pleiades.stoa.org/places/1001896,37.5,22.5,province," - "
7.17.4,Ἕλλησί,http://pleiades.stoa.org/places/1001896,37.5,22.5,province," - "
7.17.5,Ἀχαϊκῶν,http://pleiades.stoa.org/places/570028,38.102121472776034,22.224585911364017,region," - "
7.17.5,Ἀχαιοῖς,http://pleiades.stoa.org/places/570028,38.102121472776034,22.224585911364017,region," - "
7.17.5,Ἀχαιῶν,http://pleiades.stoa.org/places/981502,37.5,22.5,province," - "
7.17.5,Δύμη,http://dare.ht.lu.se/places/21943,38.144625,21.551425,settlement," - built|settlement|polis1/12 Achaian cities"
7.17.5,Ἠλείοις,http://dare.ht.lu.se/places/21944,37.89131,21.37493,"theatre,settlement"," - "
7.17.5,Λάρισος,http://pleiades.stoa.org/places/570415,38.130572873364734,21.413649227506795,river," - "
7.17.5,Λαρίσου,http://pleiades.stoa.org/places/570415,38.130572873364734,21.413649227506795,river," - "
7.17.5,Πατρεῦσιν,http://dare.ht.lu.se/places/21942,38.243265,21.738518,settlement," - "
7.17.5,Ῥωμαίων,http://pleiades.stoa.org/places/423025,41.89262,12.4843457,"settlement,urban"," - "
7.17.6,Δελφῶν,http://dare.ht.lu.se/places/21949,38.482289,22.501169,"sanctuary,settlement"," - "
7.17.6,Δυμαίῳ,http://pleiades.stoa.org/places/570205,38.144625,21.551425,settlement," - "
7.17.6,εἰκόνι,http://arachne.dainst.org/entity/3586536,37.638043,21.630599,NULL," - "
7.17.6,Ὀλυμπίᾳ,http://dare.ht.lu.se/places/21945,37.637849,21.630126,"palaistra,sanctuary,temple-2"," - "
7.17.6,Ὀλυμπίασιν,http://dare.ht.lu.se/places/21945,37.637849,21.630126,"palaistra,sanctuary,temple-2"," - "
7.17.6,Πάλεια·,http://pleiades.stoa.org/places/570205,38.144625,21.551425,settlement," - "
7.17.7,Ἁχαιὸς,http://pleiades.stoa.org/places/570028,38.102121472776034,22.224585911364017,region," - "
7.17.7,Δύμη,http://dare.ht.lu.se/places/21943,38.144625,21.551425,settlement," - built|settlement|polis1/12 Achaian cities"
7.17.7,Ἕλλησι,http://pleiades.stoa.org/places/1001896,37.5,22.5,province," - "
7.17.7,Πάλειαν,http://dare.ht.lu.se/places/21943,38.144625,21.551425,settlement," - "
7.17.8,Δυμαίων,http://dare.ht.lu.se/places/21943,38.144625,21.551425,settlement," - "
7.17.8,στήλη,http://arachne.dainst.org/entity/3586735,38.142661,21.551743,NULL," - "
7.17.9,ἄγαλμα,http://arachne.dainst.org/entity/3586736,38.142661,21.551743,NULL," - "
7.17.9,Δυμαίοις,http://pleiades.stoa.org/places/570205,38.144625,21.551425,settlement," - historical|Dymians|proxyThe people of Dyme"
7.17.9,Λυδίαν,http://pleiades.stoa.org/places/991385,37.5,27.5,province," - "
7.17.9,Λυδοῖς,http://pleiades.stoa.org/places/991385,37.5,27.5,province," - "
7.17.9,Λυδῶν,http://pleiades.stoa.org/places/991385,37.5,27.5,province," - "
7.17.9,Φρυγὸς,http://pleiades.stoa.org/places/609502,38.75,29.75,region," - "
7.17.10,Γαλατῶν,http://pleiades.stoa.org/places/993,44.730982100000006,3.5988981583333333,region," - "
7.17.10,Λυδῶν,http://pleiades.stoa.org/places/991385,37.5,27.5,province," - "
7.17.10,Πεσσινοῦντα,http://dare.ht.lu.se/places/21259,39.33149,31.58297,settlement," - "
7.17.11,Πεσσινοῦντα,http://dare.ht.lu.se/places/21259,39.33149,31.58297,settlement," - "
7.17.11,Σαγγαρίου,http://pleiades.stoa.org/places/511406,40.99129035,30.592850650000003,river," - "
7.17.13,Ἀχαιοὶ,http://pleiades.stoa.org/places/981502,37.5,22.5,province," - "
7.17.13,Ἀχαιῶν,http://pleiades.stoa.org/places/981502,37.5,22.5,province," - "
7.17.13,Δελφούς,http://dare.ht.lu.se/places/21949,38.482289,22.501169,"sanctuary,settlement"," - "
7.17.13,Ὀλύμπια,http://pleiades.stoa.org/places/570531,37.637849,21.630126,"palaistra,sanctuary,temple-2"," - "
7.17.13,Ὀλυμπίασιν,http://dare.ht.lu.se/places/21945,37.637849,21.630126,"palaistra,sanctuary,temple-2"," - "
7.17.14,Ἀχαιῶν,http://pleiades.stoa.org/places/981502,37.5,22.5,province," - "
7.17.14,Ὀλυμπίᾳ,http://dare.ht.lu.se/places/21945,37.637849,21.630126,"palaistra,sanctuary,temple-2"," - "
7.17.14,Ὀλύμπια,http://dare.ht.lu.se/places/21945,37.637849,21.630126,"palaistra,sanctuary,temple-2"," - built|sanctuary|regionalOlympia"
7.17.14,Ὀλυμπίαν,http://dare.ht.lu.se/places/21945,37.637849,21.630126,"palaistra,sanctuary,temple-2"," - "
7.17.14,Πελληνεὺς,http://pleiades.stoa.org/places/570576,38.0446,22.5384,settlement," - "
7.18.1,Ἀχαιῶν,http://pleiades.stoa.org/places/981502,37.5,22.5,province," - "
7.18.1,Δύμη,http://dare.ht.lu.se/places/21943,38.144625,21.551425,settlement," - built|settlement|polis1/12 Achaian cities"
7.18.1,Πεῖρος,http://pleiades.stoa.org/places/570572,38.25,21.75,river," - "
7.18.1,Πείρῳ,http://topostext.org/place/383218WPei,38.136,21.573,NULL," - "
7.18.1,Ὤλενον,http://dare.ht.lu.se/places/31028,38.153707,21.640599,settlement," - "
7.18.1,Ὤλενος,http://dare.ht.lu.se/places/31028,38.153707,21.640599,settlement," - "
7.18.1,Ὠλένῳ,http://dare.ht.lu.se/places/31028,38.153707,21.640599,settlement," - "
7.18.2,Ἀρόην,http://pleiades.stoa.org/places/570567,38.243265,21.738518,settlement," - "
7.18.2,Ἀττικῆς,http://pleiades.stoa.org/places/579888,38.051998833333336,23.818991099999998,region," - "
7.18.2,Γλαῦκος,http://pleiades.stoa.org/places/570264,38.25,21.75,river," - "
7.18.2,θάλασσαν,http://topostext.org/place/408187WIon,39.2,18.7,NULL," - thalassaIonian sea off Patras"
7.18.2,Πατρέων,http://dare.ht.lu.se/places/21942,38.243265,21.738518,settlement," - "
7.18.2,Πείρου,http://topostext.org/place/383218WPei,38.136,21.573,NULL," - "
7.18.3,Ἄνθειαν,http://topostext.org/place/383218UAnt,38.278,21.8016,NULL," - "
7.18.4,Ἀνθείας,http://topostext.org/place/383218UAnt,38.278,21.8016,NULL," - "
7.18.4,Ἀρόης,http://pleiades.stoa.org/places/570567,38.243265,21.738518,settlement," - "
7.18.4,Μεσάτει,http://topostext.org/place/381216XVou,38.2539,21.7815,NULL," - "
7.18.4,Μεσάτεως,http://topostext.org/place/381216XVou,38.2539,21.7815,NULL," - "
7.18.4,Μεσάτις,http://topostext.org/place/381216XVou,38.2539,21.7815,NULL," - "
7.18.4,Πατρεῖς,http://dare.ht.lu.se/places/21942,38.243265,21.738518,settlement," - "
7.18.4,Πατρεῦσιν,http://dare.ht.lu.se/places/21942,38.243265,21.738518,settlement," - "
7.18.5,Ἄνθειαν,http://topostext.org/place/383218UAnt,38.278,21.8016,NULL," - "
7.18.5,Ἀρόῃ,http://pleiades.stoa.org/places/570567,38.243265,21.738518,settlement," - "
7.18.5,Ἀχαιοῖς,http://pleiades.stoa.org/places/570028,38.102121472776034,22.224585911364017,region," - "
7.18.5,Ἀχαιῶν,http://pleiades.stoa.org/places/981502,37.5,22.5,province," - "
7.18.5,Λακεδαίμονος,http://pleiades.stoa.org/places/570406,37.07624042080912,22.46082645177671,region," - "
7.18.5,Μεσάτιν,http://topostext.org/place/381216XVou,38.2539,21.7815,NULL," - "
7.18.5,Πάτρας,http://dare.ht.lu.se/places/21942,38.243265,21.738518,settlement," - "
7.18.6,Αἰτωλίαν,http://pleiades.stoa.org/places/540591,38.51586100952381,21.759714990476194,region," - "
7.18.6,Αἰτωλῶν,http://pleiades.stoa.org/places/540591,38.51586100952381,21.759714990476194,region," - "
7.18.6,Ἄνθειαν,http://topostext.org/place/383218UAnt,38.278,21.8016,NULL," - "
7.18.6,Ἀργυρᾶν,http://topostext.org/place/383218UArg,38.2983,21.8194,NULL," - "
7.18.6,Ἀχαιῶν,http://pleiades.stoa.org/places/981502,37.5,22.5,province," - "
7.18.6,Βολίνην,http://topostext.org/place/383219UBol,38.3142,21.8551,NULL," - "
7.18.6,Μεσάτιν,http://topostext.org/place/381216XVou,38.2539,21.7815,NULL," - "
7.18.6,Πάτρας,http://dare.ht.lu.se/places/21942,38.243265,21.738518,settlement," - "
7.18.6,Πατρεῖς,http://dare.ht.lu.se/places/21942,38.243265,21.738518,settlement," - historical|Q12883286|proxythe people of Patrae"
7.18.7,Ἀχαιοὺς,http://pleiades.stoa.org/places/570028,38.102121472776034,22.224585911364017,region," - "
7.18.7,Ἀχαιῶν,http://pleiades.stoa.org/places/981502,37.5,22.5,province," - "
7.18.7,Πάτρας,http://dare.ht.lu.se/places/21942,38.243265,21.738518,settlement," - "
7.18.7,Πατρεῦσιν,http://dare.ht.lu.se/places/21942,38.243265,21.738518,settlement," - "
7.18.7,Ῥύπας,http://pleiades.stoa.org/places/570647,38.2198,22.01219,settlement," - "
7.18.7,Ῥυπῶν,http://pleiades.stoa.org/places/570647,38.2198,22.01219,settlement," - "
7.18.7,Ῥωμαῖοι,http://pleiades.stoa.org/places/423025,41.89262,12.4843457,"settlement,urban"," - "
7.18.8,ἄγαλμα,http://arachne.dainst.org/entity/3586737,38.24444,21.73444,NULL," - "
7.18.8,Αἰτωλίας,http://pleiades.stoa.org/places/540591,38.51586100952381,21.759714990476194,region," - "
7.18.8,Αἰτωλικόν,http://pleiades.stoa.org/places/540591,38.51586100952381,21.759714990476194,region," - "
7.18.8,Ἀκτίου,http://dare.ht.lu.se/places/21983,38.9509,20.7683,"shrine,monument"," - "
7.18.8,Καλυδῶνος,http://dare.ht.lu.se/places/21986,38.372423,21.533106,"sanctuary,settlement"," - "
7.18.8,Νικόπολιν,http://pleiades.stoa.org/places/531013,39.023389,20.735953,"villa,architecturalcomplex,theatre,city-wall,settlement"," - "
7.18.8,Πατρεῖς,http://dare.ht.lu.se/places/21942,38.243265,21.738518,settlement," - "
7.18.8,Πατρεῦσι,http://dare.ht.lu.se/places/21942,38.243265,21.738518,settlement," - "
7.18.9,ἄγαλμα,http://arachne.dainst.org/entity/3586737,38.24444,21.73444,NULL," - "
7.18.9,Αἰτωλίας,http://pleiades.stoa.org/places/540591,38.51586100952381,21.759714990476194,region," - "
7.18.9,Ἀκαρνάνων,http://pleiades.stoa.org/places/530767,38.672287499999996,21.317874500000002,region," - "
7.18.9,Καλυδωνίοις,http://dare.ht.lu.se/places/21986,38.372423,21.533106,"sanctuary,settlement"," - "
7.18.9,Καλυδῶνος,http://dare.ht.lu.se/places/21986,38.372423,21.533106,"sanctuary,settlement"," - "
7.18.9,Νικόπολιν,http://pleiades.stoa.org/places/531013,39.023389,20.735953,"villa,architecturalcomplex,theatre,city-wall,settlement"," - "
7.18.9,Πατρεῦσι,http://dare.ht.lu.se/places/21942,38.243265,21.738518,settlement," - "
7.18.9,Πατρέων,http://dare.ht.lu.se/places/21942,38.243265,21.738518,settlement," - "
7.18.9,Φωκέως,http://pleiades.stoa.org/places/541048,38.25,22.25,unknown," - "
7.18.10,Αἰγινήτου,http://pleiades.stoa.org/places/579844,37.74991,23.42372,"island,settlement,temple-2"," - "
7.18.10,Καλυδωνίοις,http://dare.ht.lu.se/places/21986,38.372423,21.533106,"sanctuary,settlement"," - "
7.18.10,Ναυπάκτιοι,http://topostext.org/place/384218UNau,38.3997,21.8313,NULL," - "
7.18.10,Σικυωνίου,http://topostext.org/place/380227PSik,37.9834,22.7145,NULL," - "
7.18.11,Πατρεῖς,http://dare.ht.lu.se/places/21942,38.243265,21.738518,settlement," - "
7.19.1,Ἄνθειαν,http://topostext.org/place/383218UAnt,38.278,21.8016,NULL," - "
7.19.1,Ἀρόην,http://pleiades.stoa.org/places/570567,38.243265,21.738518,settlement," - "
7.19.1,Ἴωνες,http://pleiades.stoa.org/places/570567,38.243265,21.738518,settlement," - "
7.19.1,Μεσάτιν,http://pleiades.stoa.org/places/570567,38.243265,21.738518,settlement,NULL
7.19.4,Ἀμείλιχος,http://pleiades.stoa.org/places/570069,38.25,21.75,river," - "
7.19.4,Δελφοῖς,http://dare.ht.lu.se/places/21949,38.482289,22.501169,"sanctuary,settlement"," - "
7.19.4,Πυθία,http://pleiades.stoa.org/places/540726,38.482289,22.501169,"sanctuary,settlement"," - "
7.19.6,Δαρδάνῳ,http://pleiades.stoa.org/places/501393,40.071124,26.385172,settlement," - "
7.19.6,Δελφῶν,http://dare.ht.lu.se/places/21949,38.482289,22.501169,"sanctuary,settlement"," - "
7.19.6,Ἑλλήνων,http://pleiades.stoa.org/places/1001896,37.5,22.5,province," - "
7.19.6,Ἰλίου,http://dare.ht.lu.se/places/21153,39.9577,26.23873,settlement," - "
7.19.7,Δελφοὺς,http://pleiades.stoa.org/places/540726,38.482289,22.501169,"sanctuary,settlement"," - "
7.19.7,Ἑλλήνων,http://pleiades.stoa.org/places/1001896,37.5,22.5,province," - "
7.19.7,Θεσσαλίαν,http://pleiades.stoa.org/places/1332,39.6,22.2,region," - "
7.19.7,Κίρραν,http://pleiades.stoa.org/places/540868,38.428937,22.450621,settlement," - "
7.19.8,Ἀρόῃ,http://pleiades.stoa.org/places/570567,38.243265,21.738518,settlement," - "
7.19.8,θάλασσαν,http://pleiades.stoa.org/places/570567,38.243265,21.738518,settlement," - physical|seathe sea off Aroe"
7.19.9,Θεσσαλῷ,http://pleiades.stoa.org/places/1332,39.6,22.2,region," - "
7.19.9,Ἴλιον,http://pleiades.stoa.org/places/550595,39.9577,26.23873,settlement," - "
7.19.9,Μείλιχος,http://pleiades.stoa.org/places/570069,38.25,21.75,river," - "
7.19.9,Ὠλένῳ,http://pleiades.stoa.org/places/570528,38.153707,21.640599,settlement," - "
7.19.10,Πατρεῖς,http://pleiades.stoa.org/places/570567,38.243265,21.738518,settlement," - "
7.20.1,Μείλιχον,http://pleiades.stoa.org/places/570069,38.25,21.75,river," - "
7.20.2,ἄγαλμα,http://arachne.dainst.org/entity/3586740,38.24444,21.73444,NULL," - "
7.20.3,ἄγαλμα,http://arachne.dainst.org/entity/3586741,38.24444,21.73444,NULL," - "
7.20.3,Ἀπόλλων,http://arachne.dainst.org/entity/3586742,38.24444,21.73444,NULL," - "
7.20.3,αὐτός,http://arachne.dainst.org/entity/3888184,38.24444,21.73444,NULL," - "
7.20.3,ἑστῶσα,http://arachne.dainst.org/entity/3586739,38.24444,21.73444,NULL," - agalma|AthenaAthena standing beside Zeus's throne"
7.20.3,Μητρὸς,http://arachne.dainst.org/entity/3586738,38.24444,21.73444,NULL," - object|agalmaAgalma of the Dindymene Mother in Patras"
7.20.5,ἄγαλμά,http://arachne.dainst.org/entity/3586743,38.24444,21.73444,NULL," - object|agalma|AthenaAthena open-air in agora of Patras"
7.20.5,Τρώεσσι,http://pleiades.stoa.org/places/550595,39.9577,26.23873,settlement," - "
7.20.6,Ἀθηναῖος,http://pleiades.stoa.org/places/579885,37.971687,23.726464,settlement," - "
7.20.6,Ἀθηναίους,http://pleiades.stoa.org/places/579885,37.971687,23.726464,settlement," - "
7.20.6,Ἀθήνῃσι,http://pleiades.stoa.org/places/579885,37.971687,23.726464,settlement," - "
7.20.6,Αἰτωλοῖς,http://pleiades.stoa.org/places/540591,38.51586100952381,21.759714990476194,region," - "
7.20.6,Ἀπόλλων,http://arachne.dainst.org/entity/3586744,38.24444,21.73444,NULL," - "
7.20.6,Ἀχαιῶν,http://pleiades.stoa.org/places/981502,37.5,22.5,province," - "
7.20.6,Γαλατῶν,http://pleiades.stoa.org/places/993,44.730982100000006,3.5988981583333333,region," - "
7.20.6,Ἕλλησι,http://pleiades.stoa.org/places/1001896,37.5,22.5,province," - "
7.20.6,Πατρεῖς,http://pleiades.stoa.org/places/570567,38.243265,21.738518,settlement," - "
7.20.6,τοῦ,http://topostext.org/place/380237BOde,37.9708,23.7245,NULL," - "
7.20.6,Ὠιδεῖον,http://topostext.org/place/380237BOde,37.9708,23.7245,NULL," - "
7.20.6,Ὠιδεῖον,http://topostext.org/place/382217BOde,38.2433,21.7383,NULL," - "
7.20.7,ἀνδριάντες,http://arachne.dainst.org/entity/3888378,38.24444,21.73444,NULL," - "
7.20.7,Πάτραις,http://pleiades.stoa.org/places/570567,38.243265,21.738518,settlement," - "
7.20.8,ἄγαλμα,http://arachne.dainst.org/entity/3586745,38.24444,21.73444,NULL," - object|Artemis Limnatis|xoanontaken fror Sparta"
7.20.8,Ἄργος,http://dare.ht.lu.se/places/21779,37.631561,22.719464,settlement," - "
7.20.8,Λακεδαίμονα,http://pleiades.stoa.org/places/570406,37.07624042080912,22.46082645177671,region," - "
7.20.8,Λακεδαίμονος,http://pleiades.stoa.org/places/570406,37.07624042080912,22.46082645177671,region," - "
7.20.8,Μεσόας,http://topostext.org/place/381216XVou,38.2539,21.7815,NULL," - "
7.20.8,ξόανον,http://arachne.dainst.org/entity/3586745,38.24444,21.73444,NULL," - object|xoanon|Q693222First in Mesoa"
7.20.8,Σπάρτης,http://pleiades.stoa.org/places/570685,37.08149,22.42454,"theatre,temple,settlement,temple-2"," - "
7.20.8,τέμενος,http://topostext.org/place/381216XVou,38.2539,21.7815,NULL," - built|settlementprecinct doesn't exist in the gazetteer"
7.20.9,ἄγαλμα,http://arachne.dainst.org/entity/3586746,38.24444,21.73444,NULL," - "
7.20.9,ἀγάλματα,http://arachne.dainst.org/entity/3586748,38.24444,21.73444,NULL," - "
7.20.9,Ἀθηνᾶ,http://arachne.dainst.org/entity/3586747,38.24444,21.73444,NULL," - "
7.20.9,Ἀφροδίτης,http://arachne.dainst.org/entity/3586749,38.24444,21.73444,NULL," - object|agalma|Q35500there is no sanctuary on gazetteer"
7.20.9,Πατρεῦσιν,http://dare.ht.lu.se/places/21942,38.243265,21.738518,settlement," - "
7.21.1,ἄγαλμα,http://arachne.dainst.org/entity/3586750,38.24444,21.73444,NULL," - "
7.21.1,Καλυδών,http://pleiades.stoa.org/places/540699,38.372423,21.533106,"sanctuary,settlement"," - "
7.21.1,Καλυδωνίων,http://pleiades.stoa.org/places/540699,38.372423,21.533106,"sanctuary,settlement"," - "
7.21.1,Καλυδῶνος,http://pleiades.stoa.org/places/540699,38.372423,21.533106,"sanctuary,settlement"," - "
7.21.2,Αἰτωλοῖς,http://pleiades.stoa.org/places/540591,38.51586100952381,21.759714990476194,region," - "
7.21.2,Ἀκαρνᾶσι,http://pleiades.stoa.org/places/530767,38.672287499999996,21.317874500000002,region," - "
7.21.2,Δωδώνῃ,http://pleiades.stoa.org/places/530843,39.54648,20.78784,"theatre,settlement"," - "
7.21.2,Καλυδώνιοι,http://pleiades.stoa.org/places/540699,38.372423,21.533106,"sanctuary,settlement"," - "
7.21.3,Δωδώνης,http://pleiades.stoa.org/places/530843,39.54648,20.78784,"theatre,settlement"," - "
7.21.4,Δωδώνης,http://pleiades.stoa.org/places/530843,39.54648,20.78784,"theatre,settlement"," - "
7.21.5,Καλυδῶνί,http://pleiades.stoa.org/places/540699,38.372423,21.533106,"sanctuary,settlement"," - "
7.21.6,ἀγάλματα,http://arachne.dainst.org/entity/3888380,38.24444,21.73444,NULL," - object|agalmaimages of Dionysus"
7.21.6,Ἀνθεύς,http://arachne.dainst.org/entity/3888192,38.24444,21.73444,NULL," - "
7.21.6,Ἀροεύς,http://arachne.dainst.org/entity/3888193,38.24444,21.73444,NULL," - "
7.21.6,Μεσατεὺς,http://arachne.dainst.org/entity/3888191,38.24444,21.73444,NULL," - "
7.21.6,Πατρεῦσι,http://pleiades.stoa.org/places/570567,38.243265,21.738518,settlement," - "
7.21.6,πόλεως,http://pleiades.stoa.org/places/570567,38.243265,21.738518,settlement," - "
7.21.7,ἄγαλμα,http://arachne.dainst.org/entity/3586751,38.24444,21.73444,NULL," - "
7.21.7,ἄγαλμά,http://arachne.dainst.org/entity/3586752,38.24444,21.73444,NULL," - object|agalmaPelagaios, Asphalios, Ippios"
7.21.9,Ἀθηναίοις,http://dare.ht.lu.se/places/10975,37.971687,23.726464,settlement," - historical|Athenians|proxyAthenian"
7.21.10,Ἀπόλλωνος,http://arachne.dainst.org/entity/3586755,38.24444,21.73444,NULL," - "
7.21.10,Ἄρεως,http://arachne.dainst.org/entity/3586754,38.24444,21.73444,NULL," - "
7.21.10,Ἀφροδίτης,http://arachne.dainst.org/entity/3586753,38.24444,21.73444,NULL," - "
7.21.10,λιμένος,http://pleiades.stoa.org/places/540699,38.372423,21.533106,"sanctuary,settlement"," - "
7.21.10,Πάτραις,http://pleiades.stoa.org/places/570567,38.243265,21.738518,settlement," - "
7.21.11,ἄγαλμα,http://arachne.dainst.org/entity/3888190,38.24444,21.73444,NULL," - "
7.21.11,ἀγάλματα,http://arachne.dainst.org/entity/3586757,38.24444,21.73444,NULL," - "
7.21.11,αὕτη,http://arachne.dainst.org/entity/3888188,38.24444,21.73444,NULL," - "
7.21.11,παῖς,http://arachne.dainst.org/entity/3888189,38.24444,21.73444,NULL," - "
7.21.11,τούτοις,http://arachne.dainst.org/entity/3586756,38.24444,21.73444,NULL," - "
7.21.13,Ἄργους,http://pleiades.stoa.org/places/570106,37.631561,22.719464,settlement," - "
7.21.13,Ἀρόην,http://pleiades.stoa.org/places/570567,38.243265,21.738518,settlement," - "
7.21.13,Κυανεῶν,http://pleiades.stoa.org/places/638948,36.247475,29.818226,"theatre,settlement"," - "
7.21.13,Λυκίᾳ,http://pleiades.stoa.org/places/638965,36.513688333333334,29.129618500000003,region," - "
7.21.13,Πάτραις,http://pleiades.stoa.org/places/570567,38.243265,21.738518,settlement," - "
7.21.13,Πατρεῖς,http://pleiades.stoa.org/places/570567,38.243265,21.738518,settlement," - "
7.21.13,χρηστήριον,http://pleiades.stoa.org/places/638948,36.247475,29.818226,"theatre,settlement"," - built|chresterion|Apolloclose to Kyaneai no entry in gazetteers"
7.21.14,Ἤλιδι,http://pleiades.stoa.org/places/570220,37.89131,21.37493,"theatre,settlement"," - "
7.21.14,Πάτραις,http://pleiades.stoa.org/places/570567,38.243265,21.738518,settlement," - "
7.21.14,Πατρεῦσιν,http://dare.ht.lu.se/places/21942,38.243265,21.738518,settlement," - "
7.22.1,Ἀχαιῶν,http://pleiades.stoa.org/places/981502,37.5,22.5,province," - "
7.22.1,Πάτρας,http://pleiades.stoa.org/places/570567,38.243265,21.738518,settlement," - "
7.22.1,Πατρέων,http://pleiades.stoa.org/places/570567,38.243265,21.738518,settlement," - "
7.22.1,Πεῖρος.,http://pleiades.stoa.org/places/570572,38.25,21.75,river," - "
7.22.1,Πίερος,http://pleiades.stoa.org/places/570572,38.25,21.75,river," - "
7.22.1,Φαραὶ,http://pleiades.stoa.org/places/570590,38.093144,21.717095,settlement," - "
7.22.1,Φαρὰς,http://pleiades.stoa.org/places/570590,38.093144,21.717095,settlement," - "
7.22.1,Φαρῶν,http://pleiades.stoa.org/places/570590,38.093144,21.717095,settlement," - "
7.22.1,Ὠλένου,http://pleiades.stoa.org/places/570528,38.153707,21.640599,settlement," - "
7.22.2,ἄγαλμα,http://arachne.dainst.org/entity/3586758,38.09127,21.71482,NULL," - "
7.22.2,Μεσσήνιον,http://pleiades.stoa.org/places/570480,37.06945533333334,21.9323415,region," - "
7.22.2,"Φαραῖς,",http://pleiades.stoa.org/places/570590,38.093144,21.717095,settlement," - "
7.22.3,ἀγάλματος,http://arachne.dainst.org/entity/3586758,38.09127,21.71482,NULL," - "
7.22.4,Ἕλλησι,http://pleiades.stoa.org/places/1001896,37.5,22.5,province," - "
7.22.4,ἱερὸν,http://pleiades.stoa.org/places/716526,31.38983,27.06176,settlement," - built|sanctuary|Apissanctuary of Apis in Egypt"
7.22.4,"τετράγωνοι λίθοι τριάκοντα",http://arachne.dainst.org/entity/3652703,38.09127,21.71482,NULL," - "
7.22.4,Φαραῖς,http://pleiades.stoa.org/places/570590,38.093144,21.717095,settlement," - "
7.22.4,Φαρεῖς,http://pleiades.stoa.org/places/570590,38.093144,21.717095,settlement," - "
7.22.5,ἀγάλματα,http://arachne.dainst.org/entity/3652704,41.89474,12.4839,NULL," - object|agalma|DioskouroiStatues from Pharae taken to Rome"
7.22.5,Ῥώμην,http://pleiades.stoa.org/places/423025,41.89262,12.4843457,"settlement,urban"," - "
7.22.5,Φαραῖς,http://pleiades.stoa.org/places/570590,38.093144,21.717095,settlement," - "
7.22.5,Φαρεῦσι,http://pleiades.stoa.org/places/570590,38.093144,21.717095,settlement," - "
7.22.6,Ἀχαιῶν,http://pleiades.stoa.org/places/981502,37.5,22.5,province," - "
7.22.6,γραφαῖς,http://arachne.dainst.org/entity/3586759,37.959,21.687,NULL," - graphêon tomb at Triteia"
7.22.6,Πάτρας,http://pleiades.stoa.org/places/570567,38.243265,21.738518,settlement," - "
7.22.6,Τρίτεια,http://pleiades.stoa.org/places/541166,38.41224,22.315807,"city-wall,settlement"," - built|settlement|Pauscity of Achaeans"
7.22.6,Τρίτειαν,http://pleiades.stoa.org/places/541166,38.41224,22.315807,"city-wall,settlement"," - "
7.22.6,Φαρῶν,http://pleiades.stoa.org/places/570590,38.093144,21.717095,settlement," - "
7.22.8,Κύμης,http://dare.ht.lu.se/places/16719,38.75953,26.936283,"amphitheatre,temple-2,port,sanctuary,tunnel,aqueduct,settlement,cistern"," - "
7.22.8,Τριτείας,http://pleiades.stoa.org/places/541166,38.41224,22.315807,"city-wall,settlement"," - "
7.22.9,ἄγαλμα,http://arachne.dainst.org/entity/3586761,37.959,21.687,NULL," - "
7.22.9,ἀγάλματα,http://arachne.dainst.org/entity/3586760,37.959,21.687,NULL," - "
7.22.9,ἀρχαῖον,http://arachne.dainst.org/entity/3586762,37.959,21.687,NULL," - agalma|Athenaancient Athena agalma from Triteia, taken to Rome"
7.22.9,Ἕλληνες,http://pleiades.stoa.org/places/1001896,37.5,22.5,province," - "
7.22.9,Ῥώμην,http://pleiades.stoa.org/places/423025,41.89262,12.4843457,"settlement,urban"," - "
7.22.9,Τριταιεῖς,http://pleiades.stoa.org/places/541166,38.41224,22.315807,"city-wall,settlement"," - "
7.22.9,Τριτείᾳ,http://pleiades.stoa.org/places/570755,37.959,21.687,settlement," - "
7.22.10,Αἴγιον,http://pleiades.stoa.org/places/570049,38.252707,22.081952,settlement," - "
7.22.10,ἄκρας,http://pleiades.stoa.org/places/570646,38.3099987,21.7850004,cape," - capecape near the harbour of Panormus"
7.22.10,Ἐρινεὸν,http://pleiades.stoa.org/places/570236,38.309763,21.993332,settlement," - "
7.22.10,Ἐρινεοῦ,http://pleiades.stoa.org/places/570236,38.309763,21.993332,settlement," - "
7.22.10,Πάνορμος,http://pleiades.stoa.org/places/570556,38.31667,21.81667,water-open," - "
7.22.10,Πανόρμου,http://pleiades.stoa.org/places/570555,38.31667,21.81667,"settlement,port"," - "
7.22.10,Πατρῶν,http://pleiades.stoa.org/places/570567,38.243265,21.738518,settlement," - "
7.22.10,Ῥίον,http://pleiades.stoa.org/places/570646,38.3099987,21.7850004,cape," - akrapromontory"
7.22.11,Μείλιχος,http://pleiades.stoa.org/places/570069,38.25,21.75,river," - "
7.22.11,Μειλίχου,http://pleiades.stoa.org/places/570069,38.25,21.75,river," - "
7.22.11,Πατρέων,http://pleiades.stoa.org/places/570567,38.243265,21.738518,settlement," - "
7.22.11,Χάραδρος,http://pleiades.stoa.org/places/570172,38.25,21.75,river," - "
7.23.1,Ἀργυρᾶς,http://topostext.org/place/383218UArg,38.2983,21.8194,NULL," - "
7.23.1,Σέλεμνος,http://pleiades.stoa.org/places/570657,38.25,21.75,river," - "
7.23.1,Χάραδρον,http://pleiades.stoa.org/places/570172,38.25,21.75,river," - "
7.23.2,Πατρέων,http://pleiades.stoa.org/places/570567,38.243265,21.738518,settlement," - "
7.23.3,Ἀργυρᾶς,http://topostext.org/place/383218UArg,38.2983,21.8194,NULL," - "
7.23.3,Σελέμνου,http://pleiades.stoa.org/places/570657,38.25,21.75,river," - "
7.23.4,Αἴγιον,http://pleiades.stoa.org/places/570049,38.252707,22.081952,settlement," - "
7.23.4,Ἀργυρᾶς,http://topostext.org/place/383218UArg,38.2983,21.8194,NULL," - "
7.23.4,Βολίνα,http://topostext.org/place/383219UBol,38.3142,21.8551,NULL," - "
7.23.4,Βολιναῖος,http://pleiades.stoa.org/places/570157,38.25,21.75,river," - "
7.23.4,Δρέπανον,http://pleiades.stoa.org/places/570203,38.25,21.75,cape," - "
7.23.4,ἐρείπια,http://topostext.org/place/382220URhy,38.2197,22.0299,NULL," - built|sanctuary|ruins|attribute|ereipiaruined"
7.23.4,Ῥυπῶν,http://pleiades.stoa.org/places/570647,38.2198,22.01219,settlement," - "
7.23.5,Αἰγιεῦσι,http://pleiades.stoa.org/places/570049,38.252707,22.081952,settlement," - "
7.23.5,Αἰγίου,http://pleiades.stoa.org/places/570049,38.252707,22.081952,settlement," - "
7.23.5,Εἰλείθυια,http://arachne.dainst.org/entity/3586763,38.24861,22.08194,NULL," - "
7.23.5,θάλασσαν,http://pleiades.stoa.org/places/570181,38.175407050000004,22.395744800000003,water-open," - "
7.23.5,Μειγανίτας,http://pleiades.stoa.org/places/570471,38.25,22.25,river," - "
7.23.5,Ὀλυμπίασιν,http://dare.ht.lu.se/places/21945,37.637849,21.630126,"palaistra,sanctuary,temple-2"," - "
7.23.5,Φοῖνιξ,http://pleiades.stoa.org/places/570606,38.25,21.75,river," - "
7.23.6,Μεσσηνίου,http://pleiades.stoa.org/places/570480,37.06945533333334,21.9323415,region," - "
7.23.7,ἀγάλματα,http://arachne.dainst.org/entity/3888195,38.24861,22.08194,NULL," - "
7.23.7,Ἀσκληπιοῦ,http://arachne.dainst.org/entity/3888194,38.24861,22.08194,NULL," - "
7.23.7,Ἑλλήνων,http://pleiades.stoa.org/places/1001896,37.5,22.5,province," - "
7.23.7,Μεσσήνιον,http://pleiades.stoa.org/places/570480,37.06945533333334,21.9323415,region," - historical|Messenian|proxyDamophon"
7.23.7,Σιδόνιος,http://pleiades.stoa.org/places/678393,33.560243,35.371208,settlement," - historical|Sidonian|proxy|PausA man of Sidon who talked to Pausanias"
7.23.8,ἄγαλμα,http://arachne.dainst.org/entity/3586162,37.920303,22.622652,NULL," - agalma|HygeiaHygeia at Titane Asklepieion"
7.23.8,Ἑλλήνων,http://pleiades.stoa.org/places/1001896,37.5,22.5,province," - "
7.23.8,Σικυωνίων,http://dare.ht.lu.se/places/21937,37.98336,22.71135,settlement," - "
7.23.8,Τιτάνῃ,http://pleiades.stoa.org/places/570741,37.92049,22.62501,settlement," - "
7.23.8,Φοινίκων,http://pleiades.stoa.org/places/678334,33.25,35.25,region," - "
7.23.9,ἄγαλμα,http://arachne.dainst.org/entity/3586765,38.24861,22.08194,NULL," - agalma|Dionysosbeardless"
7.23.9,ἄγαλμα,http://arachne.dainst.org/entity/3586764,38.24861,22.08194,NULL," - "
7.23.9,ἀγάλματα,http://arachne.dainst.org/entity/3652705,38.24861,22.08194,NULL," - "
7.23.9,ἀγάλματα,http://arachne.dainst.org/entity/3586766,38.24861,22.08194,NULL," - "
7.23.9,Αἰγιεῦσι,http://pleiades.stoa.org/places/570049,38.252707,22.081952,settlement," - "
7.23.9,ἀρχαιότερον,http://arachne.dainst.org/entity/3586767,38.24861,22.08194,NULL," - "
7.23.10,ἀγάλματα,http://arachne.dainst.org/entity/3586771,37.63333,22.73333,NULL," - "
7.23.10,Αἰγιεῖς,http://pleiades.stoa.org/places/570049,38.252707,22.081952,settlement," - "
7.23.10,Ἀργείων,http://topostext.org/place/376227PArg,37.6316,22.7195,NULL," - historical|Argives|proxythere is no entry on Pleiades in Argos"
7.23.10,Ἄργους,http://dare.ht.lu.se/places/21779,37.631561,22.719464,settlement," - "
7.23.10,Ἡρακλῆς,http://arachne.dainst.org/entity/3586769,37.63333,22.73333,NULL," - agalma|Heraklesat Aigion"
7.23.10,Ποσειδῶν,http://arachne.dainst.org/entity/3586768,37.63333,22.73333,NULL," - agalma|Poseidon|Q41127at Aigion"
7.23.11,ἀγάλμασιν,http://arachne.dainst.org/entity/3586770,37.63333,22.73333,NULL," - "
7.23.11,Ἀργείων,http://topostext.org/place/376227PArg,37.6316,22.7195,NULL," - historical|Argives|proxythere is no entry on Pleiades in Argos"
7.24.1,Αἰγιεῦσι,http://pleiades.stoa.org/places/570049,38.252707,22.081952,settlement," - "
7.24.1,εἴκασται,http://arachne.dainst.org/entity/3586772,38.24861,22.08194,NULL," - eikôn|ArtemisArtemis as archer in agora of Aigion"
7.24.1,Σπάρτῃ,http://dare.ht.lu.se/places/21911,37.08149,22.42454,"theatre,temple,settlement,temple-2"," - "
7.24.2,ἀγάλματα,http://arachne.dainst.org/entity/3586774,38.24861,22.08194,NULL," - "
7.24.2,Ἀθηνᾶς,http://arachne.dainst.org/entity/3586776,38.24861,22.08194,NULL," - "
7.24.2,Αἰγίῳ,http://pleiades.stoa.org/places/570049,38.252707,22.081952,settlement," - "
7.24.2,Διὸς,http://arachne.dainst.org/entity/3586773,38.24861,22.08194,NULL," - "
7.24.2,Ἑλλάδι,http://pleiades.stoa.org/places/1001896,37.5,22.5,province," - "
7.24.2,Ἴλιον,http://pleiades.stoa.org/places/550595,39.9577,26.23873,settlement," - "
7.24.3,ἄγαλμα,http://arachne.dainst.org/entity/3586775,38.24861,22.08194,NULL," - "
7.24.3,Αἰγιεῦσίν,http://pleiades.stoa.org/places/570049,38.252707,22.081952,settlement," - "
7.24.3,Ἀρεθούσῃ,http://pleiades.stoa.org/places/462101,37.057294,15.292958,spring," - "
7.24.3,Συρακούσαις,http://pleiades.stoa.org/places/462503,37.05963,15.29382,settlement," - "
7.24.4,ἀγάλματα,http://arachne.dainst.org/entity/3586777,38.24861,22.08194,NULL," - "
7.24.4,Αἰγιεῦσιν,http://pleiades.stoa.org/places/570049,38.252707,22.081952,settlement," - "
7.24.4,Αἴγιον,http://pleiades.stoa.org/places/570049,38.252707,22.081952,settlement," - "
7.24.4,Ἀργείου,http://pleiades.stoa.org/places/570106,37.631561,22.719464,settlement," - "
7.24.4,Δελφοὺς,http://pleiades.stoa.org/places/540726,38.482289,22.501169,"sanctuary,settlement"," - "
7.24.4,Θερμοπύλας,http://dare.ht.lu.se/places/21976,38.796511,22.538294,"shrine,pass,fort"," - "
7.24.4,οὗτος,http://arachne.dainst.org/entity/3586778,38.24861,22.08194,NULL," - agalma|Heraklesbeardless"
7.24.5,Ἀθήνας,http://dare.ht.lu.se/places/10975,37.971687,23.726464,settlement," - "
7.24.5,Ἀθηνῶν,http://dare.ht.lu.se/places/10975,37.971687,23.726464,settlement," - "
7.24.5,Αἰγίου,http://pleiades.stoa.org/places/570049,38.252707,22.081952,settlement," - "
7.24.5,Ἀχαιῶν,http://pleiades.stoa.org/places/981502,37.5,22.5,province," - "
7.24.5,Ἑλίκη,http://pleiades.stoa.org/places/570281,38.22257,22.14015,settlement," - "
7.24.5,Ἴωσιν,http://pleiades.stoa.org/places/570281,38.22257,22.14015,settlement," - historical|Ionians|proxy|Q465331Ionians"
7.24.5,Μιλησίοις,http://pleiades.stoa.org/places/599799,37.5292362,27.2774885,"theatre,settlement,port"," - "
7.24.5,Σελινοῦς,http://pleiades.stoa.org/places/570661,38.25,22.25,river," - "
7.24.5,Τέῳ,http://pleiades.stoa.org/places/550913,38.177262,26.785014,settlement," - "
7.24.6,Ἀχαιοῖς,http://pleiades.stoa.org/places/570028,38.102121472776034,22.224585911364017,region," - "
7.24.6,Ἑλίκην,http://pleiades.stoa.org/places/570281,38.22257,22.14015,settlement," - "
7.24.12,Ἑλίκῃ,http://dare.ht.lu.se/places/27442,38.22257,22.14015,settlement," - "
7.24.12,Ἑλίκην,http://pleiades.stoa.org/places/570281,38.22257,22.14015,settlement," - "
7.24.13,Ἑλίκης,http://pleiades.stoa.org/places/570281,38.22257,22.14015,settlement," - "
7.24.13,Σαλόη,http://pleiades.stoa.org/places/550860,38.75,27.25,lake," - "
7.24.13,Σιπύλῳ,http://pleiades.stoa.org/places/550884,38.5668,27.45394,mountain," - "
7.25.1,Ἀθηναίοις,http://dare.ht.lu.se/places/10975,37.971687,23.726464,settlement," - historical|Athenians|proxyAthenian"
7.25.1,"Ἄρειόν τε πάγον",http://topostext.org/place/380237LAre,37.972,23.723,NULL,NULL
7.25.1,βωμούς,http://topostext.org/binder/JB1376,37.975,23.725,NULL," - bomos|EumenidesAthens"
7.25.1,Δωδώνῃ,http://pleiades.stoa.org/places/530843,39.54648,20.78784,"theatre,settlement"," - "
7.25.1,Ἑλίκην,http://pleiades.stoa.org/places/570281,38.22257,22.14015,settlement," - "
7.25.1,Λακεδαιμονίους,http://pleiades.stoa.org/places/570406,37.07624042080912,22.46082645177671,region," - "
7.25.2,Ἀθηναίοις,http://dare.ht.lu.se/places/10975,37.971687,23.726464,settlement," - historical|Athenians|proxyAthenian"
7.25.2,Ἀθηναίων,http://dare.ht.lu.se/places/10975,37.971687,23.726464,settlement," - "
7.25.2,Ἀθήνας,http://dare.ht.lu.se/places/10975,37.971687,23.726464,settlement," - "
7.25.2,"Ἄρειον πάγον",http://topostext.org/place/380237LAre,37.972,23.723,NULL,NULL
7.25.2,"Ἀττικῆς,",http://pleiades.stoa.org/places/579888,38.051998833333336,23.818991099999998,region," - "
7.25.2,Δελφῶν,http://dare.ht.lu.se/places/21949,38.482289,22.501169,"sanctuary,settlement"," - historical|oracle|proxyThe oracle of Delphi"
7.25.2,Ἕλλησιν,http://pleiades.stoa.org/places/1001896,37.5,22.5,province," - "
7.25.2,Λακεδαιμονίων,http://pleiades.stoa.org/places/579885,37.971687,23.726464,settlement," - "
7.25.2,Πελοποννήσιοι,http://pleiades.stoa.org/places/579885,37.971687,23.726464,settlement," - "
7.25.2,Πελοποννησίων,http://pleiades.stoa.org/places/570577,37.25289777692308,22.312752688461543,"peninsula,region"," - "
7.25.3,Ἀθηναῖοι,http://dare.ht.lu.se/places/10975,37.971687,23.726464,settlement," - "
7.25.3,ἀκρόπολιν,http://topostext.org/place/380237SAkr,37.9717,23.7257,NULL," - "
7.25.3,Λακεδαίμονι,http://pleiades.stoa.org/places/570406,37.07624042080912,22.46082645177671,region," - "
7.25.3,Λακεδαιμονίοις,http://pleiades.stoa.org/places/570406,37.07624042080912,22.46082645177671,region," - "
7.25.3,Ταινάρῳ,http://pleiades.stoa.org/places/570702,36.401551,22.4866293,settlement," - "
7.25.4,Ἀθήνῃσιν,http://dare.ht.lu.se/places/10975,37.971687,23.726464,settlement," - "
7.25.4,Αἰγιεῖς,http://pleiades.stoa.org/places/570281,38.22257,22.14015,settlement," - historical|proxyPeople of Aegium"
7.25.4,Ἑλικαέων,http://pleiades.stoa.org/places/570281,38.22257,22.14015,settlement," - "
7.25.4,Ἑλίκης,http://pleiades.stoa.org/places/570281,38.22257,22.14015,settlement," - "
7.25.5,Ἀργείων,http://topostext.org/place/376227PArg,37.6316,22.7195,NULL," - historical|Argives|proxythere is no entry on Pleiades in Argos"
7.25.5,Ἀργολίδος,http://pleiades.stoa.org/places/570104,37.6566371145232,22.92059272180843,region," - "
7.25.5,Ἀρκαδίας,http://pleiades.stoa.org/places/570102,37.567419268449626,22.165323097346306,region," - "
7.25.5,Ἀχαιοὺς,http://pleiades.stoa.org/places/570028,38.102121472776034,22.224585911364017,region," - "
7.25.5,Ἑλίκην,http://dare.ht.lu.se/places/27442,38.22257,22.14015,settlement," - "
7.25.5,Κερύνειαν,http://pleiades.stoa.org/places/570354,38.158659,22.143425,settlement," - "
7.25.5,Κερυνίτης,http://pleiades.stoa.org/places/570355,38.25,22.25,river," - "
7.25.5,Μυκηναῖοι,http://pleiades.stoa.org/places/570491,37.730833,22.756111,"settlement,tomb"," - "
7.25.5,Μυκηναίοις,http://pleiades.stoa.org/places/570491,37.730833,22.756111,"settlement,tomb"," - "
7.25.6,Ἀθηναίους,http://pleiades.stoa.org/places/579885,37.971687,23.726464,settlement," - "
7.25.6,Κερύνεια,http://pleiades.stoa.org/places/570354,38.158659,22.143425,settlement," - "
7.25.6,Κερύνειαν,http://pleiades.stoa.org/places/570354,38.158659,22.143425,settlement," - "
7.25.6,Κλεωνὰς,http://pleiades.stoa.org/places/570361,37.81708,22.75372,settlement," - "
7.25.6,Μακεδονίαν,http://pleiades.stoa.org/places/491656,41.25,21.75,unknown," - "
7.25.6,Μυκηναῖοι,http://pleiades.stoa.org/places/570491,37.730833,22.756111,"settlement,tomb"," - "
7.25.6,Μυκηναίων,http://pleiades.stoa.org/places/570491,37.730833,22.756111,"settlement,tomb"," - "
7.25.6,Τίρυνθι,http://pleiades.stoa.org/places/570740,37.59918,22.80004,settlement," - "
7.25.7,ἀγάλμασι,http://arachne.dainst.org/entity/3652706,38.1604,22.1436,NULL," - "
7.25.7,εἰκόνες,http://arachne.dainst.org/entity/3652707,38.1604,22.1436,NULL," - "
7.25.7,Κερυνείᾳ,http://pleiades.stoa.org/places/570354,38.158659,22.143425,settlement," - "
7.25.8,ἀγάλματα,http://arachne.dainst.org/entity/3652708,38.142006,22.231166,NULL," - agalmadestroyed statues at Boura"
7.25.8,Βοῦρα,http://pleiades.stoa.org/places/570166,38.142006,22.231166,"settlement-modern,settlement"," - "
7.25.8,Βοῦραν,http://pleiades.stoa.org/places/570166,38.142006,22.231166,"settlement-modern,settlement"," - "
7.25.8,Ἑλίκην,http://dare.ht.lu.se/places/27442,38.22257,22.14015,settlement," - "
7.25.8,Κερυνείας,http://pleiades.stoa.org/places/570354,38.158659,22.143425,settlement," - "
7.25.9,ἀγάλματα,http://arachne.dainst.org/entity/3586780,38.142006,22.231166,NULL," - "
7.25.9,Ἀθηναίου,http://pleiades.stoa.org/places/579885,37.971687,23.726464,settlement," - "
7.25.9,Βούρας,http://pleiades.stoa.org/places/570166,38.142006,22.231166,"settlement-modern,settlement"," - "
7.25.9,Βουρέων,http://pleiades.stoa.org/places/570166,38.142006,22.231166,"settlement-modern,settlement"," - "
7.25.9,ἔργα,http://arachne.dainst.org/entity/3888196,38.142006,22.231166,NULL," - "
7.25.9,"τέ ἐστι",http://arachne.dainst.org/entity/3888197,38.142006,22.231166,NULL," - "
7.25.9,τῇ,http://arachne.dainst.org/entity/3586779,38.142006,22.231166,NULL," - "
7.25.10,ἀγάλματος,http://arachne.dainst.org/entity/3586781,38.142006,22.231166,NULL," - "
7.25.10,Βουραϊκὸς,http://pleiades.stoa.org/places/570167,38.25,22.25,river," - "
7.25.10,Βούρας,http://pleiades.stoa.org/places/570166,38.142006,22.231166,"settlement-modern,settlement"," - "
7.25.11,Ἀρκαδικοῦ,http://pleiades.stoa.org/places/570102,37.567419268449626,22.165323097346306,region," - "
7.25.11,Ἑλίκης,http://pleiades.stoa.org/places/570281,38.22257,22.14015,settlement," - "
7.25.11,θάλασσαν,http://pleiades.stoa.org/places/570181,38.175407050000004,22.395744800000003,water-open," - "
7.25.11,Κράθιδος,http://topostext.org/place/382223WKra,38.17,22.33,NULL," - "
7.25.11,Κρᾶθις,http://pleiades.stoa.org/places/570381,38.25,22.25,river," - "
7.25.11,Κρότωνι,http://pleiades.stoa.org/places/452317,39.028864,17.205128,"city-wall,sanctuary,settlement"," - "
7.25.11,ὄρους,http://topostext.org/place/378223LKra,37.996,22.249,NULL," - "
7.25.11,ποταμὸς,http://pleiades.stoa.org/places/452315,39.3801999,16.2544973,river," - "
7.25.12,Αἰγαὶ,http://pleiades.stoa.org/places/570040,38.1478,22.3484,settlement," - "
7.25.12,Αἰγαῖς,http://pleiades.stoa.org/places/570040,38.1478,22.3484,settlement," - "
7.25.12,Αἰγὰς,http://pleiades.stoa.org/places/570040,38.1478,22.3484,settlement," - "
7.25.12,Αἰγῶν,http://pleiades.stoa.org/places/570040,38.1478,22.3484,settlement,NULL
7.25.12,"Ἀχαϊκῇ Κράθιδι",http://pleiades.stoa.org/places/570381,38.25,22.25,river," - "
7.25.12,Ἀχαιῶν,http://pleiades.stoa.org/places/981502,37.5,22.5,province," - "
7.25.12,Ἑλίκῃ,http://dare.ht.lu.se/places/27442,38.22257,22.14015,settlement," - "
7.25.12,Ἑλίκην,http://dare.ht.lu.se/places/27442,38.22257,22.14015,settlement," - "
7.25.13,γραφήν,http://arachne.dainst.org/entity/3586782,38.1705,22.33439,NULL," - graphêOn tomb near Krathis road"
7.25.13,Κράθιδος,http://pleiades.stoa.org/places/570381,38.25,22.25,river," - "
7.25.13,ξόανον,http://arachne.dainst.org/entity/3586783,38.1705,22.33439,NULL," - "
7.26.1,Αἰγειράταις,http://pleiades.stoa.org/places/570043,38.12855,22.3782,settlement," - proxyThe Aigeiratai have nothing interesting by the sea"
7.26.1,Αἰγειρατῶν,http://pleiades.stoa.org/places/570043,38.12855,22.3782,settlement," - "
7.26.1,"ἄνω πόλιν",http://pleiades.stoa.org/places/570043,38.12855,22.3782,settlement," - built|polisAigeira upper city"
7.26.1,Βουραϊκήν,http://pleiades.stoa.org/places/570166,38.142006,22.231166,"settlement-modern,settlement"," - "
7.26.2,Σικυωνίων,http://dare.ht.lu.se/places/21937,37.98336,22.71135,settlement," - "
7.26.3,Σικυώνιοι,http://dare.ht.lu.se/places/21937,37.98336,22.71135,settlement," - "
7.26.3,Ὑπερησιεῦσιν,http://pleiades.stoa.org/places/570043,38.12855,22.3782,settlement," - "
7.26.4,ἄγαλμα,http://arachne.dainst.org/entity/3586784,38.14846,22.35426,NULL," - "
7.26.4,ἄγαλμα,http://arachne.dainst.org/entity/3586785,38.14846,22.35426,NULL," - agalma|Athena|xoanonivory, gilded xoanon"
7.26.4,Ἀθηναίου,http://pleiades.stoa.org/places/579885,37.971687,23.726464,settlement," - "
7.26.4,Αἴγειρα,http://pleiades.stoa.org/places/570043,38.12855,22.3782,settlement," - "
7.26.4,Αἴγειραν,http://pleiades.stoa.org/places/570043,38.12855,22.3782,settlement," - "
7.26.4,Ἑστίαιαν,http://pleiades.stoa.org/places/540817,38.93759,23.06593,settlement," - "
7.26.4,Εὐβοίᾳ,http://dare.ht.lu.se/places/41413,38.53,23.87,island," - "
7.26.4,Ὑπερησίας,http://topostext.org/place/394227WHyp,39.3842,22.7426,NULL," - "
7.26.4,Ὠρεὸν,http://pleiades.stoa.org/places/540988,38.93759,23.06593,settlement," - "
7.26.5,ἄγαλμα,http://arachne.dainst.org/entity/3586786,38.14846,22.35426,NULL," - "
7.26.5,ἄγαλμα,http://arachne.dainst.org/entity/3586787,38.14846,22.35426,NULL," - "
7.26.5,Αἰγειρᾶταί,http://pleiades.stoa.org/places/570043,38.12855,22.3782,settlement," - "
7.26.6,Αἰγείρᾳ,http://pleiades.stoa.org/places/570043,38.12855,22.3782,settlement," - "
7.26.6,Ἡρακλέα,http://arachne.dainst.org/entity/3586788,37.983516,22.713665,NULL," - "
7.26.6,ξόανον,http://arachne.dainst.org/entity/3888198,38.14846,22.35426,NULL," - object|xoanonancient"
7.26.6,ὁπόσα,http://arachne.dainst.org/entity/4020543,38.14846,22.35426,NULL," - "
7.26.6,Σικυῶνι,http://pleiades.stoa.org/places/570668,37.98336,22.71135,settlement," - "
7.26.6,Φλιασίου,http://pleiades.stoa.org/places/570602,37.846299,22.649131,settlement," - "
7.26.7,ἀγάλματα,http://arachne.dainst.org/entity/3652709,38.14846,22.35426,NULL," - "
7.26.7,Ἴσιδος,http://arachne.dainst.org/entity/3586790,38.14846,22.35426,NULL," - "
7.26.7,"λίθου καὶ ταῦτα Πεντελησίου",http://topostext.org/place/381239LPen,38.0807,23.8831,NULL," - material|Q673492|proxyPentelic marble"
7.26.7,Σαράπιδος,http://arachne.dainst.org/entity/3586789,38.14846,22.35426,NULL," - "
7.26.8,ἄγαλμα,http://arachne.dainst.org/entity/3586791,38.14846,22.35426,NULL," - "
7.26.8,Αἰγείρᾳ,http://pleiades.stoa.org/places/570043,38.12855,22.3782,settlement," - "
7.26.8,Ἔρως,http://arachne.dainst.org/entity/3586792,38.14846,22.35426,NULL," - agalma|Eros|Q121973|f - juxtapositionNature of Tyche, plays role in love"
7.26.9,Αἰγείρᾳ,http://pleiades.stoa.org/places/570043,38.12855,22.3782,settlement," - "
7.26.9,Αἰγειρατῶν,http://pleiades.stoa.org/places/570043,38.12855,22.3782,settlement," - "
7.26.9,Ἀχαιοῖς,http://pleiades.stoa.org/places/570028,38.102121472776034,22.224585911364017,region," - "
7.26.9,γέρων,http://arachne.dainst.org/entity/3888199,38.14846,22.35426,NULL," - "
7.26.9,γυναῖκες,http://arachne.dainst.org/entity/4020544,38.14846,22.35426,NULL," - "
7.26.9,ἐνδεδυκὼς,http://arachne.dainst.org/entity/3888200,38.14846,22.35426,NULL," - "
7.26.9,νεανίσκοι,http://arachne.dainst.org/entity/4020545,38.14846,22.35426,NULL," - "
7.26.9,τοῦτόν,http://arachne.dainst.org/entity/3888382,38.14846,22.35426,NULL," - "
7.26.10,Αἰγείρας,http://pleiades.stoa.org/places/570043,38.12855,22.3782,settlement," - "
7.26.10,Φελλόην,http://pleiades.stoa.org/places/570594,38.077545,22.413941,settlement," - "
7.26.11,ἄγαλμά,http://arachne.dainst.org/entity/3586793,38.054835,22.35059,NULL," - "
7.26.11,Αἰγείρας,http://pleiades.stoa.org/places/570043,38.12855,22.3782,settlement," - "
7.26.11,Ἕλλησι,http://pleiades.stoa.org/places/1001896,37.5,22.5,province," - "
7.26.11,"ἡ μὲν",http://arachne.dainst.org/entity/3586794,38.054835,22.35059,NULL," - agalma|Artemisat Pheloe"
7.26.11,Φελλόην,http://pleiades.stoa.org/places/570594,38.077545,22.413941,settlement," - "
7.26.12,Αἰγειρατῶν,http://pleiades.stoa.org/places/570043,38.12855,22.3782,settlement," - "
7.26.12,Ἀργείου,http://pleiades.stoa.org/places/570106,37.631561,22.719464,settlement," - "
7.26.12,Ἀργείων,http://topostext.org/place/376227PArg,37.6316,22.7195,NULL," - historical|Argives|proxythere is no entry on Pleiades in Argos"
7.26.12,Ἀργολίδος,http://pleiades.stoa.org/places/570104,37.6566371145232,22.92059272180843,region," - "
7.26.12,Ἀχαιῶν,http://pleiades.stoa.org/places/981502,37.5,22.5,province," - "
7.26.12,Πελληνεῖς,http://pleiades.stoa.org/places/570576,38.0446,22.5384,settlement," - "
7.26.12,Πελληνέων,http://pleiades.stoa.org/places/570576,38.0446,22.5384,settlement," - "
7.26.12,Σικυῶνος,http://pleiades.stoa.org/places/570668,37.98336,22.71135,settlement," - "
7.26.13,Αἰγείρας,http://pleiades.stoa.org/places/570043,38.12855,22.3782,settlement," - "
7.26.13,Πελλήνης,http://dare.ht.lu.se/places/21938,38.0446,22.5384,settlement," - "
7.26.13,Σικυωνίων,http://dare.ht.lu.se/places/21937,37.98336,22.71135,settlement," - "
7.26.14,Αἰγείρας,http://pleiades.stoa.org/places/570043,38.12855,22.3782,settlement," - "
7.26.14,Ἀριστοναῦται,http://pleiades.stoa.org/places/570109,38.076814,22.635738,settlement," - built|epineion|Pausport of Pellene"
7.26.14,Πελληνεῦσιν,http://pleiades.stoa.org/places/570576,38.0446,22.5384,settlement," - "
7.26.14,Πελλήνην,http://dare.ht.lu.se/places/21938,38.0446,22.5384,settlement," - "
7.27.1,ἄγαλμά,http://arachne.dainst.org/entity/3586795,38.043496,22.547808,NULL," - object|agalma|Pausimage of Hermes in Pellene"
7.27.1,Πελληνεῦσι,http://pleiades.stoa.org/places/570576,38.0446,22.5384,settlement," - "
7.27.2,ἄγαλμα,http://arachne.dainst.org/entity/3586796,38.043496,22.547808,NULL," - "
7.27.2,ἀγάλματα,http://arachne.dainst.org/entity/3586915,38.220833,23.273889,NULL," - object|agalmaAthena by Phidias at Pellene older than Plataea statue"
7.27.2,Ἀθηναίων,http://dare.ht.lu.se/places/10975,37.971687,23.726464,settlement," - "
7.27.2,ἀκροπόλει,http://topostext.org/place/380237SAkr,37.9717,23.7257,NULL," - "
7.27.2,αὐτὸν,http://arachne.dainst.org/entity/3586040,37.97945,23.71622,NULL," - agalmaAthena Parthenos in Athenian Acropolis"
7.27.2,Πελληνεῖς,http://pleiades.stoa.org/places/570576,38.0446,22.5384,settlement," - "
7.27.2,Πλαταιαῖς,http://pleiades.stoa.org/places/541063,38.221019,23.273866,settlement," - "
7.27.4,ἄγαλμα,http://arachne.dainst.org/entity/3586797,38.043496,22.547808,NULL," - "
7.27.4,θεὸς,http://arachne.dainst.org/entity/3586798,38.043496,22.547808,NULL," - "
7.27.4,Πελληνεῦσιν,http://pleiades.stoa.org/places/570576,38.0446,22.5384,settlement," - "
7.27.5,Ἰσθμίων,http://topostext.org/place/379230LIst,37.928,22.973,NULL," - built|settlementNot sure about the exact locationIt is where the Isthmus games were held"
7.27.5,Νεμέᾳ,http://pleiades.stoa.org/places/301013826,37.8073776,22.7147058,stadion," - built|settlement|stadiumNot sure about the exact locationIt is where the Nemea games were held"
7.27.5,Ὀλυμπίαν,http://dare.ht.lu.se/places/21945,37.637849,21.630126,"palaistra,sanctuary,temple-2"," - "
7.27.5,Ὀλυμπίασι,http://pleiades.stoa.org/places/570531,37.637849,21.630126,"palaistra,sanctuary,temple-2"," - built|sanctuaryNot sure about the exact locationIt is where the Olympic games were held"
7.27.5,Πελληνεῖς,http://pleiades.stoa.org/places/570576,38.0446,22.5384,settlement," - "
7.27.5,Πελληνεὺς,http://pleiades.stoa.org/places/570576,38.0446,22.5384,settlement," - "
7.27.5,"τὴν δὲ",http://arachne.dainst.org/entity/3586799,38.043496,22.547808,NULL," - eikônstone, at Pellene"
7.27.5,"τὴν μὲν",http://arachne.dainst.org/entity/3586800,37.638043,21.630599,NULL," - eikônat Olympia"
7.27.6,Θεσσαλοὶ,http://pleiades.stoa.org/places/1332,39.6,22.2,region," - "
7.27.6,Κορινθίου,http://pleiades.stoa.org/places/570182,37.906045,22.878721,"sanctuary,settlement,fort"," - "
7.27.6,Ὀλυμπίᾳ,http://pleiades.stoa.org/places/570531,37.637849,21.630126,"palaistra,sanctuary,temple-2"," - "
7.27.6,Πελληνεῦσιν,http://pleiades.stoa.org/places/570576,38.0446,22.5384,settlement," - "
7.27.6,Περσῶν,http://pleiades.stoa.org/places/922698,30.5,51.5,unknown," - regional|PersiansPersia"
7.27.6,Σκοτόεσσα,http://pleiades.stoa.org/places/541107,39.38533,22.5403,settlement," - "
7.27.6,Σκοτουσσαίου,http://pleiades.stoa.org/places/541107,39.38533,22.5403,settlement," - "
7.27.7,Πελληνεῖς,http://pleiades.stoa.org/places/570576,38.0446,22.5384,settlement," - "
7.27.7,Πελλήνῃ,http://pleiades.stoa.org/places/570576,38.0446,22.5384,settlement," - "
7.27.8,Πελληνεῦσιν,http://pleiades.stoa.org/places/570576,38.0446,22.5384,settlement," - "
7.27.9,Ἀργεῖον,http://pleiades.stoa.org/places/570106,37.631561,22.719464,settlement," - "
7.27.9,Ἀργείων,http://topostext.org/place/376227PArg,37.6316,22.7195,NULL," - "
7.27.9,Πελλήνης,http://pleiades.stoa.org/places/570576,38.0446,22.5384,settlement," - "
7.27.11,ἄγαλμα,http://arachne.dainst.org/entity/3586801,38.043496,22.547808,NULL," - "
7.27.11,Αἰγείρας,http://pleiades.stoa.org/places/570043,38.12855,22.3782,settlement," - "
7.27.11,Κριός,http://pleiades.stoa.org/places/570384,38.25,22.75,river," - "
7.27.11,Πελλήνην,http://dare.ht.lu.se/places/21938,38.0446,22.5384,settlement," - "
7.27.12,Ἀχαϊκῶν,http://pleiades.stoa.org/places/570028,38.102121472776034,22.224585911364017,region," - physical|riverAchaean rivers"
7.27.12,Ἕρμον,http://pleiades.stoa.org/places/550575,38.5178164,28.1112899,river," - "
7.27.12,Κριὸς,http://pleiades.stoa.org/places/550672,38.75,27.75,river," - physical|river|opsisKrios river, flowing from Mt. Sipylon to the Hermos"
7.27.12,Πελληνεῦσιν,http://pleiades.stoa.org/places/570576,38.0446,22.5384,settlement," - "
7.27.12,Σικυωνίαν,http://pleiades.stoa.org/places/570668,37.98336,22.71135,settlement," - physical|seaSicyonian sea"
7.27.12,Σικυωνίους,http://dare.ht.lu.se/places/21937,37.98336,22.71135,settlement," - "
7.27.12,Σιπύλου,http://pleiades.stoa.org/places/550884,38.5668,27.45394,mountain," - "
7.27.12,Σύθας,http://pleiades.stoa.org/places/570700,38.08036,22.62377,river," - "
