BookID,Place,Links,Lat,Lon,Type,Description
10.1.1,Αἰγινητῶν,http://dare.ht.lu.se/places/21936,37.74991,23.42372,"island,settlement,temple-2"," - "
10.1.1,Δελφούς,http://dare.ht.lu.se/places/21949,38.482289,22.501169,"sanctuary,settlement"," - "
10.1.1,Κορινθίου,http://dare.ht.lu.se/places/17070,37.906045,22.878721,"sanctuary,settlement,fort"," - "
10.1.1,Τιθορέαν,http://dare.ht.lu.se/places/22817,38.58344,22.66931,settlement," - "
10.1.1,Φωκίδι,http://pleiades.stoa.org/places/541048,38.25,22.25,unknown," - "
10.1.1,Φωκίδος,http://pleiades.stoa.org/places/541048,38.25,22.25,unknown," - "
10.1.2,Ἄβας,http://dare.ht.lu.se/places/23113,38.58006,22.9154,settlement," - "
10.1.2,Ἀντίκυραν,http://dare.ht.lu.se/places/22840,38.375439,22.626059,"settlement,port"," - "
10.1.2,Βοιωτίας,http://pleiades.stoa.org/places/540689,38.34668803333333,23.184677533333332,region," - "
10.1.2,Δελφῶν,http://dare.ht.lu.se/places/21949,38.482289,22.501169,"sanctuary,settlement"," - "
10.1.2,Ἐλατείας,http://dare.ht.lu.se/places/22815,38.645635,22.782061,"settlement-modern,settlement"," - "
10.1.2,Κίρραν,http://dare.ht.lu.se/places/29378,38.428937,22.450621,settlement," - "
10.1.2,Κῦνον,http://dare.ht.lu.se/places/29389,38.7234,23.0622,settlement," - built|epineionnaval station of the Opuntians"
10.1.2,"Λαμιακοῦ κόλπου",http://pleiades.stoa.org/places/540929,38.8678937,22.6337672,water-open," - physical|kolposLamian Gulf = Maliac gulf"
10.1.2,Λοκροὶ,http://pleiades.stoa.org/places/540919,38.25,21.75,unknown," - "
10.1.2,Ὀποῦντα,http://dare.ht.lu.se/places/23120,38.653678,22.999964,settlement," - "
10.1.2,Ὀπουντίων,http://dare.ht.lu.se/places/23120,38.653678,22.999964,settlement," - "
10.1.2,Πελοποννήσου,http://pleiades.stoa.org/places/570577,37.25289777692308,22.312752688461543,"peninsula,region"," - "
10.1.2,Σκαρφεῖς,http://dare.ht.lu.se/places/23301,38.81072,22.68341970000006,settlement," - "
10.1.2,Ὑάμπολιν,http://dare.ht.lu.se/places/23112,38.596346,22.905228,settlement," - "
10.1.2,Ὑποκνημίδιοι,http://pleiades.stoa.org/places/540917,38.75,22.75,unknown," - regional|Lokroi Epiknemidioi|proxyEpiknêmidian Lokrians"
10.1.2,Φωκεῖς,http://pleiades.stoa.org/places/541048,38.25,22.25,unknown," - "
10.1.2,Φωκίδα,http://pleiades.stoa.org/places/541048,38.25,22.25,unknown," - "
10.1.3,Ἕλληνας,http://pleiades.stoa.org/places/1001896,37.5,22.5,province," - "
10.1.3,Θεσσαλοὺς,http://pleiades.stoa.org/places/1332,39.6,22.2,region," - "
10.1.3,Θεσσαλῶν,http://pleiades.stoa.org/places/1332,39.6,22.2,region," - "
10.1.3,Ἰλίῳ,http://dare.ht.lu.se/places/21153,39.9577,26.23873,settlement," - "
10.1.3,Ὑάμπολιν,http://dare.ht.lu.se/places/23112,38.596346,22.905228,settlement," - "
10.1.3,Φωκεῖς,http://pleiades.stoa.org/places/541048,38.25,22.25,unknown," - "
10.1.3,Φωκεῦσίν,http://pleiades.stoa.org/places/541048,38.25,22.25,unknown," - "
10.1.3,Φωκέων,http://pleiades.stoa.org/places/541048,38.25,22.25,unknown," - "
10.1.4,Δελφοὺς,http://pleiades.stoa.org/places/540726,38.482289,22.501169,"sanctuary,settlement"," - "
10.1.4,Θεσσαλοὶ,http://pleiades.stoa.org/places/1332,39.6,22.2,region," - "
10.1.4,Θεσσαλῶν,http://pleiades.stoa.org/places/1332,39.6,22.2,region," - "
10.1.4,Φωκέας,http://pleiades.stoa.org/places/541048,38.25,22.25,unknown," - "
10.1.4,Φωκεῖς,http://pleiades.stoa.org/places/541048,38.25,22.25,unknown," - "
10.1.4,Φωκίδα,http://pleiades.stoa.org/places/541048,38.25,22.25,unknown," - "
10.1.5,Θεσσαλῶν,http://pleiades.stoa.org/places/1332,39.6,22.2,region," - "
10.1.5,Φωκεῖς,http://pleiades.stoa.org/places/541048,38.25,22.25,unknown," - "
10.1.6,Φωκέων,http://pleiades.stoa.org/places/541048,38.25,22.25,unknown," - "
10.1.7,Ἑλλήνων,http://pleiades.stoa.org/places/1001896,37.5,22.5,province," - "
10.1.7,Θεσσαλοὺς,http://pleiades.stoa.org/places/1332,39.6,22.2,region," - "
10.1.7,Θεσσαλῶν,http://pleiades.stoa.org/places/1332,39.6,22.2,region," - "
10.1.7,Φωκέας,http://pleiades.stoa.org/places/541048,38.25,22.25,unknown," - "
10.1.7,Φωκεῖς,http://pleiades.stoa.org/places/541048,38.25,22.25,unknown," - "
10.1.8,Ἀμβροσσεὺς,http://dare.ht.lu.se/places/25173,38.42845,22.66763,settlement," - "
10.1.8,Ἠλεῖος,http://dare.ht.lu.se/places/21944,37.89131,21.37493,"theatre,settlement"," - "
10.1.8,Ὑαμπολίτης,http://pleiades.stoa.org/places/540820,38.596346,22.905228,settlement," - "
10.1.8,Φωκεῦσι,http://pleiades.stoa.org/places/541048,38.25,22.25,unknown," - "
10.1.9,Φωκεῦσιν,http://pleiades.stoa.org/places/541048,38.25,22.25,unknown," - "
10.1.10,"ἄλλοι σφίσιν ἐστρατήγησαν",http://arachne.dainst.org/entity/3888415,38.482335,22.500741,NULL," - "
10.1.10,Ἀπόλλωνα,http://arachne.dainst.org/entity/3888255,38.482335,22.500741,NULL," - object|eikôn|Apolloat Delphi"
10.1.10,Ἀργείου,http://dare.ht.lu.se/places/21779,37.631561,22.719464,settlement," - "
10.1.10,Δελφοὺς,http://pleiades.stoa.org/places/540726,38.482289,22.501169,"sanctuary,settlement"," - "
10.1.10,Ἕλλησιν,http://pleiades.stoa.org/places/1001896,37.5,22.5,province," - "
10.1.10,"ἥρωας τῶν ἐπιχωρίων",http://arachne.dainst.org/entity/3888414,38.482335,22.500741,NULL," - "
10.1.10,Θεσσαλοῖς,http://pleiades.stoa.org/places/1332,39.6,22.2,region," - "
10.1.10,Τελλίαν,http://arachne.dainst.org/entity/3888254,38.482335,22.500741,NULL," - "
10.1.10,Φωκεῖς,http://pleiades.stoa.org/places/541048,38.25,22.25,unknown," - "
10.1.10,Φωκεῦσι,http://pleiades.stoa.org/places/541048,38.25,22.25,unknown," - "
10.1.11,Θεσσαλοῖς,http://pleiades.stoa.org/places/1332,39.6,22.2,region," - "
10.1.11,Θεσσαλούς,http://pleiades.stoa.org/places/1332,39.6,22.2,region," - "
10.1.11,Θεσσαλῶν,http://pleiades.stoa.org/places/1332,39.6,22.2,region," - "
10.1.11,Φωκεῦσιν,http://pleiades.stoa.org/places/541048,38.25,22.25,unknown," - "
10.1.11,Φωκέων,http://pleiades.stoa.org/places/541048,38.25,22.25,unknown," - "
10.2.1,Θεσσαλοὶ,http://pleiades.stoa.org/places/1332,39.6,22.2,region," - "
10.2.1,Μήδων,http://pleiades.stoa.org/places/903080,34.5,46.5,region," - regional|Medes|proxyarmy of the Medes"
10.2.1,Περσῶν,http://pleiades.stoa.org/places/922698,30.5,51.5,unknown," - "
10.2.1,Πλαταιᾶσι,http://dare.ht.lu.se/places/21988,38.221019,23.273866,settlement," - "
10.2.1,Φωκέας,http://pleiades.stoa.org/places/541048,38.25,22.25,unknown," - "
10.2.1,Φωκεῦσιν,http://pleiades.stoa.org/places/541048,38.25,22.25,unknown," - "
10.2.2,Ἀθηναίων,http://dare.ht.lu.se/places/10975,37.971687,23.726464,settlement," - "
10.2.2,Δελφοῖς,http://dare.ht.lu.se/places/21949,38.482289,22.501169,"sanctuary,settlement"," - "
10.2.2,Θηβαίων,http://dare.ht.lu.se/places/21952,38.318092,23.255096,"sanctuary,settlement"," - "
10.2.2,ἱερὸν,http://pleiades.stoa.org/places/540726,38.482289,22.501169,"sanctuary,settlement"," - "
10.2.2,Λακεδαίμονος,http://pleiades.stoa.org/places/570406,37.07624042080912,22.46082645177671,region," - "
10.2.2,Λέδων,http://dare.ht.lu.se/places/29395,38.654801,22.680539,settlement," - "
10.2.2,Φωκεῦσιν,http://pleiades.stoa.org/places/541048,38.25,22.25,unknown," - "
10.2.2,Φωκέων,http://pleiades.stoa.org/places/541048,38.25,22.25,unknown," - "
10.2.3,Ἀθήνῃσιν,http://dare.ht.lu.se/places/10975,37.971687,23.726464,settlement,NULL
10.2.3,Δελφοῖς,http://dare.ht.lu.se/places/21949,38.482289,22.501169,"sanctuary,settlement"," - "
10.2.3,Δελφῶν,http://dare.ht.lu.se/places/21949,38.482289,22.501169,"sanctuary,settlement"," - "
10.2.3,Κυρηναῖος,http://dare.ht.lu.se/places/21126,32.818736,21.856169,settlement," - "
10.2.3,Πρῶρος,http://dare.ht.lu.se/places/21126,32.818736,21.856169,settlement," - Q20852053|historical|male|athletePrôros the Kyrenaian (or Poros)"
10.2.3,Φωκεῖς,http://pleiades.stoa.org/places/541048,38.25,22.25,unknown," - "
10.2.3,Φωκέων,http://pleiades.stoa.org/places/541048,38.25,22.25,unknown," - "
10.2.4,Ἕλλησιν,http://pleiades.stoa.org/places/1001896,37.5,22.5,province," - "
10.2.4,Θηβαῖοί,http://dare.ht.lu.se/places/21952,38.318092,23.255096,"sanctuary,settlement"," - "
10.2.4,Θηβαίων,http://dare.ht.lu.se/places/21952,38.318092,23.255096,"sanctuary,settlement"," - "
10.2.4,Νεῶνα,http://dare.ht.lu.se/places/22817,38.58344,22.66931,settlement," - "
10.2.4,Φωκεῖς,http://pleiades.stoa.org/places/541048,38.25,22.25,unknown," - "
10.2.5,Θηβαίων,http://dare.ht.lu.se/places/21952,38.318092,23.255096,"sanctuary,settlement"," - "
10.2.5,Φωκεῖς,http://pleiades.stoa.org/places/541048,38.25,22.25,unknown," - "
10.2.6,Δελφῶν,http://dare.ht.lu.se/places/21949,38.482289,22.501169,"sanctuary,settlement"," - "
10.2.6,μίμημα,http://arachne.dainst.org/entity/3587008,38.482335,22.500741,NULL," - "
10.2.6,Φωκέων,http://pleiades.stoa.org/places/541048,38.25,22.25,unknown," - "
10.2.7,Κρήτην,http://pleiades.stoa.org/places/589748,35.21984439173344,24.995769971494504,island," - "
10.2.7,Κυδωνίᾳ,http://dare.ht.lu.se/places/23375,35.517333,24.019611,settlement," - "
10.2.7,Φωκεῦσι,http://pleiades.stoa.org/places/541048,38.25,22.25,unknown," - "
10.2.7,Φωκέων,http://pleiades.stoa.org/places/541048,38.25,22.25,unknown," - "
10.3.1,Ἀθήνῃσιν,http://dare.ht.lu.se/places/10975,37.971687,23.726464,settlement," - "
10.3.1,Ἀντίκυρα,http://dare.ht.lu.se/places/22840,38.375439,22.626059,"settlement,port"," - "
10.3.1,Δαυλίς,http://dare.ht.lu.se/places/22816,38.50665,22.72926,settlement," - "
10.3.1,Κυρηναῖος,http://dare.ht.lu.se/places/21126,32.818736,21.856169,settlement," - "
10.3.1,Λίλαια,http://dare.ht.lu.se/places/22755,38.62687,22.50592,settlement," - "
10.3.1,Πανοπεύς,http://dare.ht.lu.se/places/29426,38.49551,22.79418,settlement," - "
10.3.1,Παραποτάμιοι,http://dare.ht.lu.se/places/29427,38.554,22.806,settlement," - "
10.3.1,Ὑάμπολις,http://dare.ht.lu.se/places/23112,38.596346,22.905228,settlement," - "
10.3.1,Φωκέων,http://pleiades.stoa.org/places/541048,38.25,22.25,unknown," - "
10.3.2,Ἀβαίοις,http://dare.ht.lu.se/places/23113,38.58006,22.9154,settlement," - "
10.3.2,Ἄβας,http://dare.ht.lu.se/places/23113,38.58006,22.9154,settlement," - "
10.3.2,Ἄμβροσσος,http://dare.ht.lu.se/places/25173,38.42845,22.66763,settlement," - "
10.3.2,Ἀμφίκλειαν,http://dare.ht.lu.se/places/23121,38.6424,22.5813,settlement," - "
10.3.2,Δρυμαίαν,http://dare.ht.lu.se/places/29328,38.70507,22.54128,settlement," - "
10.3.2,Ἐλατείας,http://dare.ht.lu.se/places/22815,38.645635,22.782061,"settlement-modern,settlement"," - "
10.3.2,Ἐρωχὸν,http://dare.ht.lu.se/places/29340,38.623689,22.540903,settlement," - "
10.3.2,Ἐχεδάμεια,http://topostext.org/place/384225PEch,38.441,22.528,NULL," - "
10.3.2,Λέδων,http://dare.ht.lu.se/places/29395,38.654801,22.680539,settlement," - "
10.3.2,"Μεδεὼν ὁ Φωκικὸς",http://dare.ht.lu.se/places/25178,38.36754,22.6827,settlement," - "
10.3.2,Νεῶνας,http://dare.ht.lu.se/places/22817,38.58344,22.66931,settlement," - "
10.3.2,Στῖρις,http://dare.ht.lu.se/places/29466,38.385,22.757,settlement," - "
10.3.2,Τεθρώνιον,http://dare.ht.lu.se/places/29478,38.67517,22.58105,settlement," - "
10.3.2,"Τραχίς τε ἡ Φωκικὴ",http://dare.ht.lu.se/places/29479,38.35274,22.78885,settlement," - "
10.3.2,Φλυγόνιον,http://dare.ht.lu.se/places/29441,38.474777,22.740687,settlement," - "
10.3.2,Χαράδραν,http://dare.ht.lu.se/places/29321,38.640939,22.489574,settlement," - "
10.3.3,Ἀθηναῖοι,http://dare.ht.lu.se/places/10975,37.971687,23.726464,settlement," - "
10.3.3,Δελφοῖς,http://dare.ht.lu.se/places/21949,38.482289,22.501169,"sanctuary,settlement"," - "
10.3.3,Θηβαῖοι,http://dare.ht.lu.se/places/21952,38.318092,23.255096,"sanctuary,settlement"," - "
10.3.3,ἱεροῦ,http://pleiades.stoa.org/places/540726,38.482289,22.501169,"sanctuary,settlement"," - "
10.3.3,Μακεδόσι,http://pleiades.stoa.org/places/491656,41.25,21.75,unknown," - "
10.3.3,Φωκεῖς,http://pleiades.stoa.org/places/541048,38.25,22.25,unknown," - "
10.3.3,Φωκεῦσιν,http://pleiades.stoa.org/places/541048,38.25,22.25,unknown," - "
10.3.3,Χαιρωνείᾳ,http://dare.ht.lu.se/places/22857,38.493361,22.840365,settlement," - "
10.3.4,Γαλάτας,http://pleiades.stoa.org/places/993,44.730982100000006,3.5988981583333333,region," - "
10.3.4,Δελφοῖς,http://dare.ht.lu.se/places/21949,38.482289,22.501169,"sanctuary,settlement"," - "
10.3.4,Ἑλλήνων,http://pleiades.stoa.org/places/1001896,37.5,22.5,province," - "
10.3.4,Κραννῶνι,http://dare.ht.lu.se/places/22745,39.50051,22.30245,settlement," - "
10.3.4,Λάμιαν,http://dare.ht.lu.se/places/22750,38.9046,22.43516,settlement," - "
10.3.4,Μακεδόνων,http://pleiades.stoa.org/places/491656,41.25,21.75,unknown," - "
10.3.4,Φωκεῖς,http://pleiades.stoa.org/places/541048,38.25,22.25,unknown," - "
10.3.4,Χαιρωνείᾳ,http://dare.ht.lu.se/places/22857,38.493361,22.840365,settlement," - "
10.4.1,Ὀρχομενίας,http://dare.ht.lu.se/places/21975,38.495082,22.959486,settlement," - regionalOrchomenia region of Boiotia"
10.4.1,Πανοπέας,http://dare.ht.lu.se/places/29426,38.49551,22.79418,settlement," - "
10.4.1,Φωκεῖς,http://pleiades.stoa.org/places/541048,38.25,22.25,unknown," - "
10.4.1,Φωκέων,http://pleiades.stoa.org/places/541048,38.25,22.25,unknown," - "
10.4.1,Φωκίδα,http://pleiades.stoa.org/places/541048,38.25,22.25,unknown," - "
10.4.1,Χαιρωνείας,http://dare.ht.lu.se/places/22857,38.493361,22.840365,settlement," - "
10.4.2,Βοιωτίας,http://pleiades.stoa.org/places/540689,38.34668803333333,23.184677533333332,region," - "
10.4.2,Βοιωτῶν,http://pleiades.stoa.org/places/540689,38.34668803333333,23.184677533333332,region," - "
10.4.2,Πανοπεῖ,http://dare.ht.lu.se/places/29426,38.49551,22.79418,settlement," - "
10.4.2,Πανοπέων,http://dare.ht.lu.se/places/29426,38.49551,22.79418,settlement," - "
10.4.2,Φωκέων,http://pleiades.stoa.org/places/541048,38.25,22.25,unknown," - "
10.4.2,Φωκίδα,http://pleiades.stoa.org/places/541048,38.25,22.25,unknown," - "
10.4.3,Ἀθηναίοις,http://dare.ht.lu.se/places/10975,37.971687,23.726464,settlement," - "
10.4.3,Ἀθηνῶν,http://dare.ht.lu.se/places/10975,37.971687,23.726464,settlement," - "
10.4.3,Ἀττικαί,http://pleiades.stoa.org/places/579888,38.051998833333336,23.818991099999998,region," - "
10.4.3,Δελφῶν,http://dare.ht.lu.se/places/21949,38.482289,22.501169,"sanctuary,settlement"," - "
10.4.3,Πανοπέα,http://dare.ht.lu.se/places/29426,38.49551,22.79418,settlement," - "
10.4.3,Πανοπεῦσι,http://dare.ht.lu.se/places/29426,38.49551,22.79418,settlement," - "
10.4.3,Παρνασσὸν,http://dare.ht.lu.se/places/41400,38.5348857,22.6222206,mountain," - "
10.4.4,ἄγαλμα,http://arachne.dainst.org/entity/3587009,38.495757,22.795687,NULL," - "
10.4.4,Πανοπεῦσι,http://dare.ht.lu.se/places/29426,38.49551,22.79418,settlement," - "
10.4.6,Γάδειρα,http://dare.ht.lu.se/places/22428,36.528381,-6.294444,"arch,theatre,townhouse,settlement"," - "
10.4.6,Γαδείροις,http://dare.ht.lu.se/places/22428,36.528381,-6.294444,"arch,theatre,townhouse,settlement"," - "
10.4.6,Ἕρμῳ,http://pleiades.stoa.org/places/550575,38.5178164,28.1112899,river," - physical|potamosMagnesia toward the Hermos river"
10.4.6,Μάγνης,http://pleiades.stoa.org/places/550706,37.8507,27.52785,settlement," - "
10.4.7,Ἀνθηδονίου,http://dare.ht.lu.se/places/22835,38.498583,23.448834,settlement," - "
10.4.7,Δαυλίς,http://dare.ht.lu.se/places/22816,38.50665,22.72926,settlement," - "
10.4.7,Πανοπέως,http://dare.ht.lu.se/places/29426,38.49551,22.79418,settlement," - "
10.4.7,Φωκέων,http://pleiades.stoa.org/places/541048,38.25,22.25,unknown," - "
10.4.8,Δαυλίδι,http://dare.ht.lu.se/places/22816,38.50665,22.72926,settlement," - "
10.4.9,"ἄγαλμά ἐστιν ἀρχαῖον",http://arachne.dainst.org/entity/3587010,38.51667,22.73333,NULL," - "
10.4.9,Ἀθηνῶν,http://dare.ht.lu.se/places/10975,37.971687,23.726464,settlement," - "
10.4.9,Δαυλιεῦσι,http://dare.ht.lu.se/places/22816,38.50665,22.72926,settlement," - "
10.4.9,ξόανον,http://arachne.dainst.org/entity/3587011,38.51667,22.73333,NULL," - "
10.4.9,Φωκεῖς,http://pleiades.stoa.org/places/541048,38.25,22.25,unknown," - "
10.4.10,"Δαυλίας χώρα",http://dare.ht.lu.se/places/22816,38.50665,22.72926,settlement," - "
10.4.10,Τρωνίς,http://dare.ht.lu.se/places/29429,38.554265,22.704926,settlement," - chôraplace in Daulia"
10.4.10,Φωκεῖς,http://pleiades.stoa.org/places/541048,38.25,22.25,unknown," - "
10.5.1,"ἄκρα τοῦ Παρνασσοῦ",http://dare.ht.lu.se/places/41400,38.5348857,22.6222206,mountain," - "
10.5.1,Δαυλίδος,http://dare.ht.lu.se/places/22816,38.50665,22.72926,settlement," - "
10.5.1,Δελφῶν,http://dare.ht.lu.se/places/21949,38.482289,22.501169,"sanctuary,settlement"," - "
10.5.1,Φωκεῖς,http://pleiades.stoa.org/places/541048,38.25,22.25,unknown," - "
10.5.1,Φωκικόν,http://dare.ht.lu.se/places/36773,38.485096,22.760566,temple," - built|oikodomêmaLeft of road from Daulis, building where the Phocian cities meet"
10.5.2,Ἀθηνᾶς,http://arachne.dainst.org/entity/3888258,38.51667,22.73333,NULL," - "
10.5.2,"Διὸς δὲ ἄγαλμα",http://arachne.dainst.org/entity/3888256,38.51667,22.73333,NULL," - object|agalma|Zeus|PausIn Phokikon"
10.5.2,"ἡ μὲν",http://arachne.dainst.org/entity/3888257,38.51667,22.73333,NULL," - agalma|HeraHera on right of Zeus at Phokikon"
10.5.2,Φωκέων,http://pleiades.stoa.org/places/541048,38.25,22.25,unknown," - "
10.5.3,Ἑλλάδα,http://pleiades.stoa.org/places/1001896,37.5,22.5,province," - "
10.5.3,"ἐπὶ τῷ ἰσθμῷ χώρα",http://pleiades.stoa.org/places/570317,37.9510881,22.9602226,isthmus," - physical|chôraLand on the Isthmos of Corinth"
10.5.3,Θηβαίοις,http://dare.ht.lu.se/places/21952,38.318092,23.255096,"sanctuary,settlement"," - "
10.5.3,Κιθαιρῶνα,http://dare.ht.lu.se/places/41402,38.1850025,23.2505528,mountain," - "
10.5.3,Κόρινθος,http://dare.ht.lu.se/places/17070,37.906045,22.878721,"sanctuary,settlement,fort"," - "
10.5.3,Πλαταιίδα,http://dare.ht.lu.se/places/21988,38.221019,23.273866,settlement," - regionalPlatais"
10.5.3,Φωκὶς,http://pleiades.stoa.org/places/541048,38.25,22.25,unknown," - "
10.5.4,Πλαταιαῖς,http://dare.ht.lu.se/places/21988,38.221019,23.273866,settlement," - "
10.5.5,"Ἀπόλλωνος τὸ μαντεῖον",http://topostext.org/place/385225SDel,38.48264,22.50108,NULL," - "
10.5.5,Δελφούς,http://dare.ht.lu.se/places/21949,38.482289,22.501169,"sanctuary,settlement"," - "
10.5.5,Δελφοὺς,http://pleiades.stoa.org/places/540726,38.482289,22.501169,"sanctuary,settlement"," - "
10.5.6,Ἕλλησι,http://pleiades.stoa.org/places/1001896,37.5,22.5,province," - "
10.5.6,Καλαύρειαν,http://dare.ht.lu.se/places/41227,37.52255,23.48041,island," - "
10.5.6,μαντεῖον,http://topostext.org/place/385225SDel,38.48264,22.50108,NULL," - "
10.5.6,ὄρος,http://dare.ht.lu.se/places/41400,38.5348857,22.6222206,mountain," - physical|orosunnamed, mountain of Delphi"
10.5.6,Τροιζῆνος,http://dare.ht.lu.se/places/21926,37.50303,23.34845,settlement," - "
10.5.7,Δελφοῖς,http://dare.ht.lu.se/places/21949,38.482289,22.501169,"sanctuary,settlement"," - "
10.5.7,μαντεῖον,http://topostext.org/place/385225SDel,38.48264,22.50108,NULL," - "
10.5.9,Δελφοὶ,http://dare.ht.lu.se/places/21949,38.482289,22.501169,"sanctuary,settlement"," - "
10.5.9,Τέμπεσι,http://pleiades.stoa.org/places/541131,39.934167,22.7175,valley," - "
10.5.10,Ἀπτερεούς,http://dare.ht.lu.se/places/24879,35.462784,24.141374,settlement," - "
10.5.11,"ἱερὸν Χαλκιοίκου",http://topostext.org/place/371224SACh,37.08265,22.42338,NULL," - "
10.5.11,Λακεδαιμονίοις,http://topostext.org/place/371224PSpa,37.0821,22.4237,NULL," - "
10.5.11,Ῥωμαίοις,http://dare.ht.lu.se/places/1438,41.89262,12.4843457,"settlement,urban"," - "
10.5.13,Κορίνθιος,http://dare.ht.lu.se/places/17070,37.906045,22.878721,"sanctuary,settlement,fort"," - "
10.5.13,Κροτωνιάτης,http://dare.ht.lu.se/places/16739,39.028864,17.205128,"city-wall,sanctuary,settlement"," - "
10.5.13,"τὸν δʼ ἐφʼ ἡμῶν τῷ θεῷ ναὸν",http://pleiades.stoa.org/places/464482219,38.4823167,22.5012215,temple-2," - built|naos|Apollo|PausTemple of Apollo seen by Pausanias"
10.6.1,"τῷ τε ὄρει",http://dare.ht.lu.se/places/41400,38.5348857,22.6222206,mountain," - "
10.6.2,Λυκώρειαν,http://topostext.org/place/385225ULyk,38.4915,22.5152,NULL," - built|polisprecursor to Delphi"
10.6.2,"Παρνασσοῦ τὰ ἄκρα",http://dare.ht.lu.se/places/41400,38.5348857,22.6222206,mountain," - physical|akraHeights of Parnassos, site of Lykoreia"
10.6.3,Κωρύκιον,http://dare.ht.lu.se/places/36767,38.51526,22.52073,"sanctuary,cave"," - "
10.6.3,Λυκώρειαν,http://topostext.org/place/385225ULyk,38.4915,22.5152,NULL," - built|polisprecursor to Delphi"
10.6.5,Δελφοὺς,http://pleiades.stoa.org/places/540726,38.482289,22.501169,"sanctuary,settlement"," - "
10.6.5,Πυθώ,http://pleiades.stoa.org/places/540726,38.482289,22.501169,"sanctuary,settlement"," - hieronPytho"
10.6.5,Πυθὼ,http://pleiades.stoa.org/places/540726,38.482289,22.501169,"sanctuary,settlement"," - name|polisPytho as name of Delphi the polis"
10.6.5,Φωκέων,http://pleiades.stoa.org/places/541048,38.25,22.25,unknown," - "
10.6.6,Δελφοὶ,http://dare.ht.lu.se/places/21949,38.482289,22.501169,"sanctuary,settlement"," - "
10.6.6,Εὔβοιαν,http://dare.ht.lu.se/places/41413,38.53,23.87,island," - "
10.6.6,"θεοῦ τὸ ἱερόν",http://pleiades.stoa.org/places/540726,38.482289,22.501169,"sanctuary,settlement"," - "
10.6.7,Κρήσιοι,http://pleiades.stoa.org/places/589748,35.21984439173344,24.995769971494504,island," - "
10.6.7,Παρνησσοῖο,http://dare.ht.lu.se/places/41400,38.5348857,22.6222206,mountain," - "
10.7.1,Γαλατῶν,http://pleiades.stoa.org/places/993,44.730982100000006,3.5988981583333333,region," - "
10.7.1,Δελφοῖς,http://dare.ht.lu.se/places/21949,38.482289,22.501169,"sanctuary,settlement"," - "
10.7.1,Εὐβοεὺς,http://dare.ht.lu.se/places/41413,38.53,23.87,island," - "
10.7.1,Φωκεῦσι,http://pleiades.stoa.org/places/541048,38.25,22.25,unknown," - "
10.7.2,Κρήτης,http://pleiades.stoa.org/places/589748,35.21984439173344,24.995769971494504,island," - "
10.7.3,Δελφοὺς,http://pleiades.stoa.org/places/540726,38.482289,22.501169,"sanctuary,settlement"," - "
10.7.4,Ἀργεῖος,http://dare.ht.lu.se/places/21779,37.631561,22.719464,settlement," - "
10.7.4,Ἀρκὰς,http://pleiades.stoa.org/places/570102,37.567419268449626,22.165323097346306,region," - "
10.7.4,Κεφαλήν,http://topostext.org/place/382206IKep,38.2,20.59,NULL," - "
10.7.4,Κροτωνιάτης,http://dare.ht.lu.se/places/16739,39.028864,17.205128,"city-wall,sanctuary,settlement"," - "
10.7.5,Ὀλυμπίᾳ,http://dare.ht.lu.se/places/21945,37.637849,21.630126,"palaistra,sanctuary,temple-2"," - "
10.7.6,Ἀρκὰς,http://pleiades.stoa.org/places/570102,37.567419268449626,22.165323097346306,region," - "
10.7.6,Ἕλλησι,http://pleiades.stoa.org/places/1001896,37.5,22.5,province," - "
10.7.6,Θήβαις,http://dare.ht.lu.se/places/21952,38.318092,23.255096,"sanctuary,settlement",NULL
10.7.6,Σικυῶνος,http://dare.ht.lu.se/places/21937,37.98336,22.71135,settlement," - "
10.7.7,Ἡραιεὺς,http://dare.ht.lu.se/places/21920,37.613569,21.863791,settlement," - "
10.7.7,Θηβαίου,http://dare.ht.lu.se/places/21952,38.318092,23.255096,"sanctuary,settlement"," - "
10.7.7,Τεγεάτης,http://dare.ht.lu.se/places/21915,37.464,22.429,"theatre,church,settlement"," - "
10.7.7,Φλιοῦντος,http://dare.ht.lu.se/places/21932,37.846299,22.649131,settlement," - "
10.7.7,Φωκέως,http://pleiades.stoa.org/places/541048,38.25,22.25,unknown," - "
10.7.8,Αἰγύπτῳ,http://pleiades.stoa.org/places/981503,19.211408766666665,30.567329633333333,region," - "
10.7.8,Ἠλείων,http://pleiades.stoa.org/places/570220,37.89131,21.37493,"theatre,settlement"," - "
10.7.8,Θηβαῖος,http://dare.ht.lu.se/places/21952,38.318092,23.255096,"sanctuary,settlement"," - "
10.7.8,Λαρισαῖος,http://dare.ht.lu.se/places/21979,39.64147,22.41474,settlement," - "
10.7.8,Μακεδόνες,http://pleiades.stoa.org/places/491656,41.25,21.75,unknown," - "
10.7.8,Μακεδών,http://topostext.org/place/408225RMak,40.81,22.5,NULL," - "
10.8.1,Δελφοὺς,http://pleiades.stoa.org/places/540726,38.482289,22.501169,"sanctuary,settlement"," - "
10.8.1,Ἑλλήνων,http://pleiades.stoa.org/places/1001896,37.5,22.5,province," - "
10.8.2,Αἰνιᾶνας,http://pleiades.stoa.org/places/540611,38.75,22.25,unknown," - "
10.8.2,Δόλοπας,http://pleiades.stoa.org/places/540737,39.25,21.75,region," - "
10.8.2,Δωριεῖς,http://pleiades.stoa.org/places/540740,38.75,22.25,unknown," - "
10.8.2,Θεσσαλοὺς,http://pleiades.stoa.org/places/1332,39.6,22.2,region," - "
10.8.2,ἱερὸν,http://pleiades.stoa.org/places/540726,38.482289,22.501169,"sanctuary,settlement"," - "
10.8.2,Ἴωνας,http://pleiades.stoa.org/places/550597,38.258572855555556,27.36601213333333,region," - "
10.8.2,Κνήμιδι,http://dare.ht.lu.se/places/43636,38.73735,22.54475,mountain," - "
10.8.2,Λακεδαιμόνιοι,http://pleiades.stoa.org/places/570406,37.07624042080912,22.46082645177671,region," - "
10.8.2,Λοκροὺς,http://pleiades.stoa.org/places/540917,38.75,22.75,unknown," - "
10.8.2,Μάγνητας,http://pleiades.stoa.org/places/540923,39.75,22.75,unknown," - "
10.8.2,Μακεδόνες,http://pleiades.stoa.org/places/491656,41.25,21.75,unknown," - "
10.8.2,Μαλιέας,http://topostext.org/place/388224RMal,38.8,22.4,NULL," - "
10.8.2,Φθιώτας,http://pleiades.stoa.org/places/540585,38.9967985,22.55625075,region," - "
10.8.2,Φωκέας,http://pleiades.stoa.org/places/541048,38.25,22.25,unknown," - "
10.8.2,Φωκεῖς,http://pleiades.stoa.org/places/541048,38.25,22.25,unknown," - "
10.8.2,Φωκέων,http://pleiades.stoa.org/places/541048,38.25,22.25,unknown," - "
10.8.2,Φωκίδι,http://pleiades.stoa.org/places/541048,38.25,22.25,unknown," - "
10.8.3,Αἰνιᾶνας,http://pleiades.stoa.org/places/540611,38.75,22.25,unknown," - "
10.8.3,Ἀκτίῳ,http://dare.ht.lu.se/places/41195,38.923568,20.749775,cape," - "
10.8.3,Γαλατῶν,http://pleiades.stoa.org/places/993,44.730982100000006,3.5988981583333333,region," - "
10.8.3,Δελφοὺς,http://pleiades.stoa.org/places/540726,38.482289,22.501169,"sanctuary,settlement"," - "
10.8.3,Δολόπων,http://pleiades.stoa.org/places/540737,39.25,21.75,region," - regional|Dolopians|proxyextinct tribe"
10.8.3,Θεσσαλοῖς,http://pleiades.stoa.org/places/1332,39.6,22.2,region," - "
10.8.3,Μάγνητας,http://pleiades.stoa.org/places/540923,39.75,22.75,unknown," - "
10.8.3,Μαλιεῖς,http://topostext.org/place/388224RMal,38.8,22.4,NULL," - "
10.8.3,Νικοπολίταις,http://dare.ht.lu.se/places/21991,39.023389,20.735953,"villa,architecturalcomplex,theatre,city-wall,settlement"," - "
10.8.3,Νικοπολίτας,http://dare.ht.lu.se/places/21991,39.023389,20.735953,"villa,architecturalcomplex,theatre,city-wall,settlement"," - "
10.8.3,Φθιώτας,http://pleiades.stoa.org/places/540585,38.9967985,22.55625075,region," - "
10.8.3,Φωκεῖς,http://pleiades.stoa.org/places/541048,38.25,22.25,unknown," - "
10.8.4,Βοιωτῶν,http://pleiades.stoa.org/places/540689,38.34668803333333,23.184677533333332,region," - "
10.8.4,Δελφῶν,http://dare.ht.lu.se/places/21949,38.482289,22.501169,"sanctuary,settlement"," - "
10.8.4,Δωρίδος,http://pleiades.stoa.org/places/540740,38.75,22.25,unknown," - "
10.8.4,Θεσσαλίαν,http://pleiades.stoa.org/places/1332,39.6,22.2,region," - "
10.8.4,Θεσσαλῶν,http://pleiades.stoa.org/places/1332,39.6,22.2,region," - "
10.8.4,Μακεδονίας,http://pleiades.stoa.org/places/491656,41.25,21.75,unknown," - "
10.8.4,Νικοπόλεως,http://dare.ht.lu.se/places/21991,39.023389,20.735953,"villa,architecturalcomplex,theatre,city-wall,settlement"," - "
10.8.4,Φωκέων,http://pleiades.stoa.org/places/541048,38.25,22.25,unknown," - "
10.8.5,Ἀθῆναι,http://dare.ht.lu.se/places/10975,37.971687,23.726464,settlement," - "
10.8.5,Ἀθηναῖος,http://dare.ht.lu.se/places/10975,37.971687,23.726464,settlement," - "
10.8.5,Ἄργους,http://dare.ht.lu.se/places/21779,37.631561,22.719464,settlement," - "
10.8.5,Δελφοὶ,http://dare.ht.lu.se/places/21949,38.482289,22.501169,"sanctuary,settlement"," - "
10.8.5,Εὐβοεύς,http://dare.ht.lu.se/places/41413,38.53,23.87,island," - "
10.8.5,Κορίνθου,http://dare.ht.lu.se/places/17070,37.906045,22.878721,"sanctuary,settlement,fort"," - "
10.8.5,"Λοκροὶ οἵ τε καλούμενοι Ὀζόλαι",http://pleiades.stoa.org/places/540919,38.25,21.75,unknown," - "
10.8.5,Μεγαρεῦσίν,http://dare.ht.lu.se/places/21951,37.2038,15.18273,"region,settlement"," - "
10.8.5,Νικόπολις,http://dare.ht.lu.se/places/21991,39.023389,20.735953,"villa,architecturalcomplex,theatre,city-wall,settlement"," - "
10.8.5,"οἱ πέραν Εὐβοίας",http://pleiades.stoa.org/places/540918,38.75,22.75,region," - regional|Opuntian Lokrians|proxyLokrians across from Euboia"
10.8.5,Πελοποννησίων,http://pleiades.stoa.org/places/570577,37.25289777692308,22.312752688461543,"peninsula,region"," - "
10.8.5,Σικυῶνος,http://dare.ht.lu.se/places/21937,37.98336,22.71135,settlement," - "
10.8.6,ἀγαλμάτων,http://arachne.dainst.org/entity/3587012,38.482335,22.500741,NULL," - object|agalma|Athenain Athena Pronoia temple pronaos"
10.8.6,εἰκόνας,http://arachne.dainst.org/entity/3652727,38.482335,22.500741,NULL," - object|eikôn|emperors|PausIn third temple at entry to Delphi polis"
10.8.6,Ἰωνίᾳ,http://pleiades.stoa.org/places/550597,38.258572855555556,27.36601213333333,region," - "
10.8.6,Καρχηδονίων,http://dare.ht.lu.se/places/15897,36.857569,10.327986,"amphitheatre,cemetery,villa,theatre,port,church,settlement,circus,bath"," - "
10.8.6,Μασσαλιωτῶν,http://dare.ht.lu.se/places/176,43.299467,5.365307,settlement," - "
10.8.6,Μεσσαλιῶται,http://dare.ht.lu.se/places/176,43.299467,5.365307,settlement," - "
10.8.6,πόλιν,http://dare.ht.lu.se/places/21949,38.482289,22.501169,"sanctuary,settlement"," - "
10.8.6,Ῥώμῃ,http://dare.ht.lu.se/places/1438,41.89262,12.4843457,"settlement,urban"," - builtThe ruler in Rome"
10.8.6,τέταρτος,http://topostext.org/place/385225SAPr,38.48,22.5084,NULL," - "
10.8.6,Φωκαέων,http://dare.ht.lu.se/places/21202,38.6684,26.75261,"settlement-modern,settlement"," - "
10.8.6,Φωκαίας,http://dare.ht.lu.se/places/21202,38.6684,26.75261,"settlement-modern,settlement"," - "
10.8.7,Δελφῶν,http://dare.ht.lu.se/places/21949,38.482289,22.501169,"sanctuary,settlement"," - "
10.8.7,Μασσαλιωτῶν,http://dare.ht.lu.se/places/176,43.299467,5.365307,settlement," - "
10.8.7,Περσῶν,http://pleiades.stoa.org/places/922698,30.5,51.5,unknown," - "
10.8.7,"χρυσοῦ δὲ ἀσπίδα",http://arachne.dainst.org/entity/3587013,38.482335,22.500741,NULL," - "
10.8.8,γυμνασίου,http://topostext.org/place/385225BDGy,38.4815,22.5059,NULL," - built|gymnasion|PausGymnasium of Delphi"
10.8.8,Δελφῶν,http://dare.ht.lu.se/places/21949,38.482289,22.501169,"sanctuary,settlement"," - "
10.8.8,θάλασσαν,http://topostext.org/place/384224WKri,38.39,22.44,NULL," - physical|thalassathe sea at Kirra, mouth of Pleistos river"
10.8.8,Κίρραν,http://dare.ht.lu.se/places/29378,38.428937,22.450621,settlement," - "
10.8.8,Πλεῖστος,http://topostext.org/place/385225WPle,38.4672,22.4775,NULL," - physical|potamos3 stadia below the gymnasium of Delphi"
10.8.9,γυμνασίου,http://topostext.org/place/385225BDGy,38.4815,22.5059,NULL," - "
10.8.9,ἐπιχωρίαν,http://dare.ht.lu.se/places/21949,38.482289,22.501169,"sanctuary,settlement"," - "
10.8.9,Κασταλίης,http://pleiades.stoa.org/places/203037083,38.483082,22.505528,spring," - "
10.8.9,Παρνησσὸν,http://dare.ht.lu.se/places/41400,38.5348857,22.6222206,mountain," - "
10.8.9,"ὕδωρ τῆς Κασταλίας",http://pleiades.stoa.org/places/203037083,38.483082,22.505528,spring," - built|pêgê|Pauson right of Gymnasium-sanctuary road"
10.8.10,Κασταλίᾳ,http://pleiades.stoa.org/places/203037083,38.483082,22.505528,spring," - "
10.8.10,Κηφισοῦ,http://topostext.org/place/388228WKep,38.496,22.91,NULL," - "
10.8.10,"Κηφισοῦ τὴν πηγὴν",http://topostext.org/place/386225SKep,38.629,22.52,NULL," - physical|pêgêlegendary source of Kastalian spring"
10.8.10,Λιλαιεῖς,http://dare.ht.lu.se/places/22755,38.62687,22.50592,settlement," - "
10.9.1,Δελφοῖς,http://dare.ht.lu.se/places/21949,38.482289,22.501169,"sanctuary,settlement"," - "
10.9.2,ἀνδριὰς,http://arachne.dainst.org/entity/3587014,38.482335,22.500741,NULL," - object|andrias|PausAs you ascend into the temenos at Delphi"
10.9.2,Δελφοῖς,http://dare.ht.lu.se/places/21949,38.482289,22.501169,"sanctuary,settlement"," - "
10.9.2,Ἑλλάδι,http://pleiades.stoa.org/places/1001896,37.5,22.5,province," - "
10.9.2,Κροτωνιατῶν,http://dare.ht.lu.se/places/16739,39.028864,17.205128,"city-wall,sanctuary,settlement"," - "
10.9.2,Μήδου,http://pleiades.stoa.org/places/903080,34.5,46.5,region," - "
10.9.2,τέμενος,http://pleiades.stoa.org/places/540726,38.482289,22.501169,"sanctuary,settlement"," - "
10.9.3,Αἰγινήτου,http://dare.ht.lu.se/places/21936,37.74991,23.42372,"island,settlement,temple-2"," - "
10.9.3,Κορκύρᾳ,http://dare.ht.lu.se/places/21985,39.60733,19.92178,settlement," - "
10.9.3,Κορκυραίων,http://dare.ht.lu.se/places/21985,39.60733,19.92178,settlement," - "
10.9.3,"χαλκοῦς ταῦρος",http://arachne.dainst.org/entity/3587015,38.482335,22.500741,NULL," - "
10.9.4,Δελφοῖς,http://pleiades.stoa.org/places/540726,38.482289,22.501169,"sanctuary,settlement"," - "
10.9.4,Δελφούς,http://dare.ht.lu.se/places/21949,38.482289,22.501169,"sanctuary,settlement"," - "
10.9.4,"ἐν τῇ πόλει Κορκυραίοις",http://dare.ht.lu.se/places/21985,39.60733,19.92178,settlement," - "
10.9.4,Ὀλυμπίᾳ,http://dare.ht.lu.se/places/21945,37.637849,21.630126,"palaistra,sanctuary,temple-2"," - "
10.9.5,ἀναθήματα,http://arachne.dainst.org/entity/3888417,38.482335,22.500741,NULL," - object|anathêma|Paus|Q23641852next after bronze bull of the Korkyraians"
10.9.5,Ἀρκὰς,http://arachne.dainst.org/entity/3888262,38.482335,22.500741,NULL," - "
10.9.5,Λακεδαίμονι,http://pleiades.stoa.org/places/570406,37.07624042080912,22.46082645177671,region," - "
10.9.5,Λακεδαιμονίων,http://pleiades.stoa.org/places/570406,37.07624042080912,22.46082645177671,region," - "
10.9.5,Τεγεατῶν,http://dare.ht.lu.se/places/21915,37.464,22.429,"theatre,church,settlement"," - "
10.9.5,Τρίφυλος,http://arachne.dainst.org/entity/3888266,38.482335,22.500741,NULL," - "
10.9.6,ἀγάλματα,http://arachne.dainst.org/entity/3888417,38.482335,22.500741,NULL," - "
10.9.6,Ἀζᾶνα,http://arachne.dainst.org/entity/3888265,38.482335,22.500741,NULL," - "
10.9.6,Ἀπόλλωνα,http://arachne.dainst.org/entity/3888259,38.482335,22.500741,NULL," - "
10.9.6,Ἀπολλωνιάτης,http://pleiades.stoa.org/places/481728,40.720583,19.470413,settlement," - "
10.9.6,Ἀργεῖος,http://dare.ht.lu.se/places/21779,37.631561,22.719464,settlement," - "
10.9.6,Ἀφείδαντά,http://arachne.dainst.org/entity/3888264,38.482335,22.500741,NULL," - "
10.9.6,Δελφούς,http://pleiades.stoa.org/places/540726,38.482289,22.501169,"sanctuary,settlement"," - "
10.9.6,εἰκόνα,http://arachne.dainst.org/entity/3888262,38.482335,22.500741,NULL," - "
10.9.6,Ἔλατον,http://arachne.dainst.org/entity/3888263,38.482335,22.500741,NULL," - "
10.9.6,Ἔρασον,http://arachne.dainst.org/entity/3888267,38.482335,22.500741,NULL," - "
10.9.6,Καλλιστώ,http://arachne.dainst.org/entity/3888261,38.482335,22.500741,NULL," - "
10.9.6,Λακεδαιμονίους,http://pleiades.stoa.org/places/570406,37.07624042080912,22.46082645177671,region," - "
10.9.6,Νίκην,http://arachne.dainst.org/entity/3888260,38.482335,22.500741,NULL," - "
10.9.6,Σικυώνιος,http://dare.ht.lu.se/places/21937,37.98336,22.71135,settlement," - "
10.9.6,Τεγεᾶται,http://dare.ht.lu.se/places/21915,37.464,22.429,"theatre,church,settlement"," - "
10.9.6,Τρίφυλον,http://arachne.dainst.org/entity/3888266,38.482335,22.500741,NULL," - "
10.9.7,Ἀθηναίων,http://dare.ht.lu.se/places/10975,37.971687,23.726464,settlement," - "
10.9.7,ἀναθήματά,http://arachne.dainst.org/entity/4020549,38.482335,22.500741,NULL," - object|anathêma|Paus|Q24913811Opposite Tegean dedication, spoils of the Athenians"
10.9.7,Λακεδαιμονίων,http://pleiades.stoa.org/places/570406,37.07624042080912,22.46082645177671,region," - "
10.9.8,Ἀργείου,http://dare.ht.lu.se/places/21779,37.631561,22.719464,settlement," - "
10.9.8,Καλαυρείας,http://dare.ht.lu.se/places/41227,37.52255,23.48041,island," - "
10.9.8,Μεγαρεὺς,http://dare.ht.lu.se/places/21951,37.2038,15.18273,"region,settlement"," - "
10.9.8,Μεγαρέων,http://dare.ht.lu.se/places/21951,37.2038,15.18273,"region,settlement"," - "
10.9.8,Τροιζηνίων,http://dare.ht.lu.se/places/21926,37.50303,23.34845,settlement," - "
10.9.9,"Αἰγὸς ποταμοῖς",http://dare.ht.lu.se/places/32292,40.35074,26.61011,settlement," - "
10.9.9,Ἀρκάδες,http://pleiades.stoa.org/places/570102,37.567419268449626,22.165323097346306,region," - "
10.9.9,Βοιώτιος,http://pleiades.stoa.org/places/550488,38.327245,26.307181,settlement," - proxy|malepossible correction of Boiotios"
10.9.9,Ἐφέσου,http://dare.ht.lu.se/places/21155,37.941944,27.339722,"theatre,settlement,temple-2,architecturalcomplex",NULL
10.9.9,Κλείτορος,http://dare.ht.lu.se/places/21919,37.892704,22.103248,settlement," - "
10.9.9,Κνίδιος,http://dare.ht.lu.se/places/21190,36.686188,27.37404,settlement," - "
10.9.9,Λακεδαίμονος,http://pleiades.stoa.org/places/570406,37.07624042080912,22.46082645177671,region," - "
10.9.9,Μιλήσιος,http://dare.ht.lu.se/places/21166,37.5292362,27.2774885,"theatre,settlement,port"," - "
10.9.9,Μίμαντος,http://dare.ht.lu.se/places/41131,38.55674,26.5013,mountain," - "
10.9.9,Ῥόδιοι,http://dare.ht.lu.se/places/41162,36.41451,28.15629,"island,settlement,temple-2,stadion"," - "
10.9.9,Χῖοι,http://dare.ht.lu.se/places/22860,38.37641,26.1342335,settlement," - "
10.9.10,Ἀμβρακιώτης,http://dare.ht.lu.se/places/21984,39.04107,20.95316,settlement," - "
10.9.10,Ἀχαιὸς,http://pleiades.stoa.org/places/570028,38.102121472776034,22.224585911364017,region," - "
10.9.10,Ἐπιδαύρου,http://topostext.org/place/376232PEpi,37.6335,23.1602,NULL," - "
10.9.10,Ἐρετριέα,http://dare.ht.lu.se/places/21973,39.290562,22.607216,"settlement,temple-2"," - "
10.9.10,Ἑρμιόνος,http://dare.ht.lu.se/places/21925,37.385218,23.243591,"settlement,port"," - "
10.9.10,Εὐβοίας,http://dare.ht.lu.se/places/41413,38.53,23.87,island," - "
10.9.10,"ἐχόμενοι δὲ τούτων",http://arachne.dainst.org/entity/4020550,38.482335,22.500741,NULL," - "
10.9.10,Καρύστιον,http://dare.ht.lu.se/places/22781,38.0165,24.4204,settlement," - "
10.9.10,Κορίνθιον,http://dare.ht.lu.se/places/17070,37.906045,22.878721,"sanctuary,settlement,fort"," - "
10.9.10,Κορίνθιος,http://pleiades.stoa.org/places/570182,37.906045,22.878721,"sanctuary,settlement,fort"," - "
10.9.10,Κορίνθου,http://dare.ht.lu.se/places/17070,37.906045,22.878721,"sanctuary,settlement,fort"," - "
10.9.10,Λακεδαιμόνιοι,http://pleiades.stoa.org/places/570406,37.07624042080912,22.46082645177671,region," - "
10.9.10,Λευκάδος,http://dare.ht.lu.se/places/22789,38.70819,20.64944,"island,sanctuary,settlement"," - "
10.9.10,Μεγαρεὺς,http://dare.ht.lu.se/places/21951,37.2038,15.18273,"region,settlement"," - "
10.9.10,Μύνδιον,http://pleiades.stoa.org/places/570475,36.67581,24.38249,island," - male|proxy|scribal errorMalios in inscription FD III 1:56"
10.9.10,Πελλήνης,http://dare.ht.lu.se/places/21938,38.0446,22.5384,settlement,NULL
10.9.10,Σάμιον,http://dare.ht.lu.se/places/21194,37.73,26.84,"island,sanctuary,settlement,temple-2"," - "
10.9.10,Σικυώνιος,http://dare.ht.lu.se/places/21937,37.98336,22.71135,settlement," - "
10.9.10,"τοὺς δὲ ἐφεξῆς",http://arachne.dainst.org/entity/4020550,38.482335,22.500741,NULL," - object|eikônmore of group from Aigospotamoi"
10.9.10,τούτους,http://arachne.dainst.org/entity/4020550,38.482335,22.500741,NULL," - "
10.9.10,Τροιζήνιον,http://dare.ht.lu.se/places/21926,37.50303,23.34845,settlement," - "
10.9.10,Φωκεύς,http://pleiades.stoa.org/places/541048,38.25,22.25,unknown," - "
10.9.11,Ἀθηναῖοι,http://dare.ht.lu.se/places/10975,37.971687,23.726464,settlement," - "
10.9.11,Ἀθηναίοισι,http://dare.ht.lu.se/places/10975,37.971687,23.726464,settlement," - "
10.9.11,"Αἰγὸς ποταμοῖς",http://dare.ht.lu.se/places/32292,40.35074,26.61011,settlement," - "
10.9.12,Ἀργεῖοι,http://dare.ht.lu.se/places/21779,37.631561,22.719464,settlement," - "
10.9.12,Ἀργείου,http://dare.ht.lu.se/places/21779,37.631561,22.719464,settlement," - "
10.9.12,Ἀργείων,http://dare.ht.lu.se/places/21779,37.631561,22.719464,settlement," - "
10.9.12,Δελφούς,http://dare.ht.lu.se/places/21949,38.482289,22.501169,"sanctuary,settlement"," - "
10.9.12,Θυρέας,http://pleiades.stoa.org/places/570736,37.25,22.75,region," - "
10.9.12,Λακεδαιμονίων,http://pleiades.stoa.org/places/570406,37.07624042080912,22.46082645177671,region," - "
10.9.12,"χαλκοῦν ἵππον",http://arachne.dainst.org/entity/3587016,38.482335,22.500741,NULL," - object|statue|hippos|PausDedication by the Argives after Thurea"
10.10.1,Ἀθήνῃσιν,http://dare.ht.lu.se/places/10975,37.971687,23.726464,settlement," - "
10.10.1,Δελφῶν,http://dare.ht.lu.se/places/21949,38.482289,22.501169,"sanctuary,settlement"," - "
10.10.1,εἰκόνας,http://arachne.dainst.org/entity/4020551,38.482335,22.500741,NULL," - object|eikôn|Athena|PausStatue group, tithe from Marathon and later depictions."
10.10.1,"ἵππον τὸν δούρειον",http://arachne.dainst.org/entity/3587016,38.482335,22.500741,NULL," - object|statue|hipposTrojan horse of the Argives at Delphi"
10.10.1,Μαραθωνίου,http://topostext.org/place/381241LMaB,38.144,24.0002,NULL," - "
10.10.2,Αἰγύπτιον,http://pleiades.stoa.org/places/981503,19.211408766666665,30.567329633333333,region," - "
10.10.2,Ἀντίγονον,http://arachne.dainst.org/entity/4020551,38.482335,22.500741,NULL," - "
10.10.2,Δελφούς,http://dare.ht.lu.se/places/21949,38.482289,22.501169,"sanctuary,settlement"," - "
10.10.2,Μακεδόνας,http://pleiades.stoa.org/places/491656,41.25,21.75,unknown," - "
10.10.3,Ἀργείων,http://dare.ht.lu.se/places/21779,37.631561,22.719464,settlement," - "
10.10.3,ἡγεμόνες,http://arachne.dainst.org/entity/4020553,38.482335,22.500741,NULL," - object|anathêma|Adrastos|PausAt Delphi near the Trojan Horse Argive dedication"
10.10.3,Θήβας,http://dare.ht.lu.se/places/21952,38.318092,23.255096,"sanctuary,settlement"," - "
10.10.3,ἵππου,http://arachne.dainst.org/entity/3587016,38.482335,22.500741,NULL," - object|statue|hipposTrojan horse of the Argives"
10.10.4,Ἀθηναίων,http://dare.ht.lu.se/places/10975,37.971687,23.726464,settlement," - "
10.10.4,Ἀργείᾳ,http://pleiades.stoa.org/places/570104,37.6566371145232,22.92059272180843,region," - "
10.10.4,Ἀργεῖοι,http://dare.ht.lu.se/places/21779,37.631561,22.719464,settlement," - "
10.10.4,εἰκόνες,http://arachne.dainst.org/entity/4020554,38.482335,22.500741,NULL," - "
10.10.4,Ἑλλήνων,http://pleiades.stoa.org/places/1001896,37.5,22.5,province," - "
10.10.4,Λακεδαιμονίους,http://pleiades.stoa.org/places/570406,37.07624042080912,22.46082645177671,region," - "
10.10.4,Οἰνόῃ,http://topostext.org/place/376226UOin,37.6111,22.5703,NULL," - "
10.10.5,ἀνδριάντες,http://arachne.dainst.org/entity/3888418,38.482335,22.500741,NULL," - object|andrias|Argives|PausOpposite the statues of the Argive Epigonoi at Delphi"
10.10.5,Ἄργει,http://dare.ht.lu.se/places/21779,37.631561,22.719464,settlement," - "
10.10.5,Ἀργεῖοι,http://dare.ht.lu.se/places/21779,37.631561,22.719464,settlement," - "
10.10.5,Θηβαίοις,http://dare.ht.lu.se/places/21952,38.318092,23.255096,"sanctuary,settlement"," - "
10.10.5,Μεσσηνίων,http://pleiades.stoa.org/places/570480,37.06945533333334,21.9323415,region," - "
10.10.6,Ἀργείου,http://dare.ht.lu.se/places/21779,37.631561,22.719464,settlement," - "
10.10.6,Δελφῶν,http://dare.ht.lu.se/places/21949,38.482289,22.501169,"sanctuary,settlement"," - "
10.10.6,"ἵπποι οἱ χαλκοῖ καὶ αἰχμάλωτοι γυναῖκες",http://arachne.dainst.org/entity/3652728,38.482335,22.500741,NULL," - object|statue|hippos|Q24913820spoils of the Messapians"
10.10.6,Λακεδαιμόνιοι,http://pleiades.stoa.org/places/570406,37.07624042080912,22.46082645177671,region," - "
10.10.6,Μεσσαπίων,http://pleiades.stoa.org/places/442657,40.41225884615385,17.881511615384618,people," - "
10.10.6,Σπαρτιάτης,http://dare.ht.lu.se/places/21911,37.08149,22.42454,"theatre,temple,settlement,temple-2"," - "
10.10.6,Τάραντα,http://dare.ht.lu.se/places/16562,40.476034,17.228553,"settlement,temple-2"," - "
10.10.6,Ταραντίνων,http://dare.ht.lu.se/places/16562,40.476034,17.228553,"settlement,temple-2"," - "
10.10.7,Ἰταλίαν,http://pleiades.stoa.org/places/1052,42.5,12.5,region," - "
10.10.8,Τάραντα,http://dare.ht.lu.se/places/16562,40.476034,17.228553,"settlement,temple-2"," - "
10.10.8,Τάρας,http://pleiades.stoa.org/places/442811,40.75,17.25,river," - physical|potamosTaras the hero gives name to river"
10.11.1,ἀγάλματα,http://arachne.dainst.org/entity/3888419,38.482335,22.500741,NULL," - "
10.11.1,Δελφοὺς,http://pleiades.stoa.org/places/540726,38.482289,22.501169,"sanctuary,settlement"," - "
10.11.1,Κνίδιοι,http://dare.ht.lu.se/places/25172,36.686188,27.37404,settlement," - "
10.11.1,Κνίδου,http://dare.ht.lu.se/places/25172,36.686188,27.37404,settlement," - "
10.11.1,Σικυωνίων,http://dare.ht.lu.se/places/21937,37.98336,22.71135,settlement," - "
10.11.1,Ταραντίνων,http://dare.ht.lu.se/places/16562,40.476034,17.228553,"settlement,temple-2"," - "
10.11.2,Δελφούς,http://dare.ht.lu.se/places/21949,38.482289,22.501169,"sanctuary,settlement"," - "
10.11.2,θησαυρός,http://pleiades.stoa.org/places/333036425,38.48162,22.501642,treasury," - "
10.11.2,"Σιφνίοις ἡ νῆσος",http://dare.ht.lu.se/places/41504,36.9678,24.70109,island," - "
10.11.2,Σιφνίων,http://dare.ht.lu.se/places/41504,36.9678,24.70109,island," - "
10.11.3,Ἐλύμων,http://pleiades.stoa.org/places/462193,37.92541241361173,12.845251913294362,people," - historical|Elymoi|proxyElymoi in Sicilia"
10.11.3,Κνίδιον,http://pleiades.stoa.org/places/599575,36.686188,27.37404,settlement," - "
10.11.3,Κνιδίων,http://dare.ht.lu.se/places/25172,36.686188,27.37404,settlement," - "
10.11.3,Λιπαραῖοι,http://pleiades.stoa.org/places/462283,38.46708,14.95373,settlement," - "
10.11.3,"Παχύνῳ τῇ ἄκρᾳ",http://dare.ht.lu.se/places/41283,36.68882,15.15171,cape," - "
10.11.3,Σικελίᾳ,http://pleiades.stoa.org/places/462492,37.53667611952188,14.08648464579389,island," - "
10.11.3,Συρακούσιος,http://dare.ht.lu.se/places/16570,37.05963,15.29382,settlement," - "
10.11.3,Τυρρηνῶν,http://pleiades.stoa.org/places/413122,42.42102874792005,11.752744124826158,region," - "
10.11.3,Φοινίκων,http://pleiades.stoa.org/places/678334,33.25,35.25,region," - "
10.11.4,Διδύμας,http://dare.ht.lu.se/places/41244,38.55683,14.84577,island," - "
10.11.4,Ἱέρᾳ,http://dare.ht.lu.se/places/41246,38.38338,14.99105,island," - "
10.11.4,Ἱέραν,http://dare.ht.lu.se/places/41246,38.38338,14.99105,island," - "
10.11.4,Λιπάραν,http://pleiades.stoa.org/places/462283,38.46708,14.95373,settlement," - "
10.11.4,Στρογγύλῃ,http://dare.ht.lu.se/places/41245,38.79272,15.21394,island," - "
10.11.4,Στρογγύλην,http://dare.ht.lu.se/places/41245,38.79272,15.21394,island," - "
10.11.5,Ἀθηναίοις,http://dare.ht.lu.se/places/10975,37.971687,23.726464,settlement," - "
10.11.5,"Ἀθηναίων ἐστὶν ὡσαύτως",http://pleiades.stoa.org/places/707804475,38.481828,22.501279,treasury," - "
10.11.5,Δελφῶν,http://dare.ht.lu.se/places/21949,38.482289,22.501169,"sanctuary,settlement"," - "
10.11.5,Θηβαίοις,http://dare.ht.lu.se/places/21952,38.318092,23.255096,"sanctuary,settlement"," - "
10.11.5,Θρᾴκῃ,http://pleiades.stoa.org/places/1001889,42.5,27.5,province," - "
10.11.5,Κλεωναῖοι,http://dare.ht.lu.se/places/21930,37.81708,22.75372,settlement," - "
10.11.5,Κνιδίους,http://pleiades.stoa.org/places/599575,36.686188,27.37404,settlement," - "
10.11.5,Λεύκτροις,http://dare.ht.lu.se/places/22839,38.25422,23.18095,settlement," - battlefield|tx:371 BCEBattle of Leuktra"
10.11.5,Μαραθῶνα,http://topostext.org/place/381241LMaB,38.144,24.0002,NULL," - "
10.11.5,Ποτιδαιᾶται,http://dare.ht.lu.se/places/22703,40.1937,23.3278,settlement," - "
10.11.5,Συρακουσίων,http://dare.ht.lu.se/places/16570,37.05963,15.29382,settlement," - "
10.11.5,"τράγον χαλκοῦν",http://arachne.dainst.org/entity/3587017,38.482335,22.500741,NULL," - object|statue|tragos|PausGoat offered by the Kleonaians"
10.11.6,Ἀθηναῖοι,http://dare.ht.lu.se/places/10975,37.971687,23.726464,settlement," - "
10.11.6,Ἀμβρακίαν,http://dare.ht.lu.se/places/21984,39.04107,20.95316,settlement," - "
10.11.6,Ἀχαιῶν,http://pleiades.stoa.org/places/570028,38.102121472776034,22.224585911364017,region," - "
10.11.6,Ἠλείων,http://pleiades.stoa.org/places/570220,37.89131,21.37493,"theatre,settlement"," - "
10.11.6,Κόρινθον,http://dare.ht.lu.se/places/17070,37.906045,22.878721,"sanctuary,settlement,fort"," - "
10.11.6,Λακεδαιμονίων,http://pleiades.stoa.org/places/570406,37.07624042080912,22.46082645177671,region," - "
10.11.6,Λευκάδα,http://dare.ht.lu.se/places/22789,38.70819,20.64944,"island,sanctuary,settlement"," - "
10.11.6,Μέγαρα,http://dare.ht.lu.se/places/21951,37.2038,15.18273,"region,settlement"," - "
10.11.6,Πελληνέας,http://dare.ht.lu.se/places/21938,38.0446,22.5384,settlement," - "
10.11.6,Πελοποννησίων,http://pleiades.stoa.org/places/570577,37.25289777692308,22.312752688461543,"peninsula,region"," - "
10.11.6,Ῥίῳ,http://dare.ht.lu.se/places/41409,38.3099987,21.7850004,cape," - "
10.11.6,Σικυῶνά,http://dare.ht.lu.se/places/21937,37.98336,22.71135,settlement," - "
10.12.1,Δελφοὶ,http://dare.ht.lu.se/places/21949,38.482289,22.501169,"sanctuary,settlement"," - "
10.12.1,Ἕλληνες,http://pleiades.stoa.org/places/1001896,37.5,22.5,province," - "
10.12.1,Λιβύων,http://pleiades.stoa.org/places/716588,31.5,26.5,region," - "
10.12.2,Δήλιοι,http://dare.ht.lu.se/places/22862,37.397274,25.268194,"architecturalcomplex,sanctuary,monument,island,settlement,plaza"," - "
10.12.2,Ἑλλήνων,http://pleiades.stoa.org/places/1001896,37.5,22.5,province," - "
10.12.2,Ἴλιον,http://dare.ht.lu.se/places/21153,39.9577,26.23873,settlement," - "
10.12.2,Σπάρτῃ,http://dare.ht.lu.se/places/21911,37.08149,22.42454,"theatre,temple,settlement,temple-2"," - "
10.12.3,Ἀιδωνεύς,http://pleiades.stoa.org/places/550416,39.75,26.75,river," - "
10.12.3,Ἴδῃ,http://dare.ht.lu.se/places/41118,39.69936,26.85852,mountain," - "
10.12.3,Μάρπησσος,http://dare.ht.lu.se/places/29097,39.87918,26.520832,settlement," - "
10.12.4,Ἀϊδωνεῖ,http://pleiades.stoa.org/places/550416,39.75,26.75,river," - "
10.12.4,"Ἀλεξανδρείας τῆς ἐν τῇ Τρῳάδι",http://dare.ht.lu.se/places/21154,39.75135,26.15765,settlement," - built|polis240 stadia from Marpessos"
10.12.4,Ἴδη,http://dare.ht.lu.se/places/41118,39.69936,26.85852,mountain," - "
10.12.4,"Ἴδῃ τῇ Τρωικῇ",http://pleiades.stoa.org/places/550592,39.69936,26.85852,mountain," - "
10.12.4,Μάρπησσον,http://dare.ht.lu.se/places/29097,39.87918,26.520832,settlement," - "
10.12.4,Μάρπησσος,http://dare.ht.lu.se/places/29097,39.87918,26.520832,settlement," - "
10.12.4,Μαρπήσσου,http://dare.ht.lu.se/places/29097,39.87918,26.520832,settlement," - bul|polis|ruin|opsis60 inhabitants left"
10.12.5,Ἀλεξανδρείᾳ,http://dare.ht.lu.se/places/21154,39.75135,26.15765,settlement," - "
10.12.5,"Ἀπόλλωνος γενέσθαι τοῦ Σμινθέως",http://pleiades.stoa.org/places/550892,39.536211,26.11775,"sanctuary,settlement,temple-2"," - god|Apollo Smintheus|naos|proxyHerophile neokoros of Apollo Smintheus sanctuary"
10.12.5,Δελφούς,http://dare.ht.lu.se/places/21949,38.482289,22.501169,"sanctuary,settlement"," - "
10.12.5,Δῆλόν,http://dare.ht.lu.se/places/22686,37.397274,25.268194,"architecturalcomplex,sanctuary,monument,island,settlement,plaza"," - "
10.12.5,Κλάρον,http://dare.ht.lu.se/places/21476,38.00466,27.19292,"sanctuary,temple-2"," - "
10.12.5,Κολοφωνίων,http://dare.ht.lu.se/places/21170,38.115556,27.142222,settlement," - "
10.12.5,Σάμῳ,http://dare.ht.lu.se/places/41142,37.73,26.84,"island,sanctuary,settlement,temple-2"," - "
10.12.6,Τρῳάδι,http://pleiades.stoa.org/places/550944,39.90055031028392,26.331240828799153,region," - "
10.12.7,Ἀϊδωνέα,http://pleiades.stoa.org/places/550416,39.75,26.75,river," - "
10.12.7,Ἑλλήνων,http://pleiades.stoa.org/places/1001896,37.5,22.5,province," - "
10.12.7,Ἐρυθραῖοι,http://pleiades.stoa.org/places/550535,38.38122,26.48103,"settlement,port"," - "
10.12.7,Κώρυκόν,http://dare.ht.lu.se/places/43485,38.1997222,26.5880556,mountain," - "
10.12.7,Μάρπησσον,http://dare.ht.lu.se/places/29097,39.87918,26.520832,settlement," - "
10.12.8,Κυμαῖοι,http://dare.ht.lu.se/places/16719,38.75953,26.936283,"amphitheatre,temple-2,port,sanctuary,tunnel,aqueduct,settlement,cistern"," - "
10.12.8,Κυμαῖος,http://dare.ht.lu.se/places/16719,38.75953,26.936283,"amphitheatre,temple-2,port,sanctuary,tunnel,aqueduct,settlement,cistern"," - "
10.12.8,Κύμης,http://dare.ht.lu.se/places/16719,38.75953,26.936283,"amphitheatre,temple-2,port,sanctuary,tunnel,aqueduct,settlement,cistern"," - "
10.12.9,Βαβυλωνίαν,http://dare.ht.lu.se/places/22328,32.53617,44.42082,"settlement,urban"," - "
10.12.9,Παλαιστίνης,http://pleiades.stoa.org/places/687995,31.25,34.75,"labeled feature"," - "
10.12.10,Δωδωναίοις,http://dare.ht.lu.se/places/21999,39.54648,20.78784,"theatre,settlement"," - "
10.12.10,Χάοσι,http://pleiades.stoa.org/places/481787,40.5,19.5,region," - "
10.12.11,Ἀθηναίους,http://dare.ht.lu.se/places/10975,37.971687,23.726464,settlement," - "
10.12.11,Βοιωτίας,http://pleiades.stoa.org/places/540689,38.34668803333333,23.184677533333332,region," - "
10.12.11,Κύπριόν,http://pleiades.stoa.org/places/707498,35.040883529816504,33.27533716422018,island," - "
10.13.1,Δελφοὺς,http://pleiades.stoa.org/places/540726,38.482289,22.501169,"sanctuary,settlement"," - "
10.13.1,κεφαλὴν,http://arachne.dainst.org/entity/3587018,38.482335,22.500741,NULL," - object|statue|bison|PausBronze head of bison sent by Dropion king of the Paionians"
10.13.1,Παιονικῶν,http://pleiades.stoa.org/places/491680,41.75,21.75,unknown," - "
10.13.1,Παιόνων,http://pleiades.stoa.org/places/491680,41.75,21.75,unknown," - "
10.13.4,ἄγαλμα,http://arachne.dainst.org/entity/3888268,38.482335,22.500741,NULL," - "
10.13.4,Ἀθηνᾶς,http://arachne.dainst.org/entity/3888269,38.482335,22.500741,NULL," - "
10.13.4,ἀναθήματά,http://arachne.dainst.org/entity/3888422,38.482335,22.500741,NULL," - "
10.13.4,ἀνδριάς,http://arachne.dainst.org/entity/3587019,38.482335,22.500741,NULL," - object|andrias|Andreus|Pausdedication of the Andrians, opposite Paeonian bison head"
10.13.4,Ἀνδρίων,http://dare.ht.lu.se/places/39550,37.8528,24.86222,"island,settlement-modern,settlement"," - "
10.13.4,Ἀρτέμιδος,http://arachne.dainst.org/entity/3888270,38.482335,22.500741,NULL," - "
10.13.4,Δελφοὶ,http://dare.ht.lu.se/places/21949,38.482289,22.501169,"sanctuary,settlement"," - "
10.13.4,Θεσσαλῶν,http://pleiades.stoa.org/places/1332,39.6,22.2,region," - "
10.13.4,κεφαλῆς,http://arachne.dainst.org/entity/3587018,38.482335,22.500741,NULL,NULL
10.13.4,"Λοκροὶ σφᾶς οἱ Ἐπικνημίδιοι",http://pleiades.stoa.org/places/540917,38.75,22.75,unknown," - "
10.13.4,Φωκέων,http://pleiades.stoa.org/places/541048,38.25,22.25,unknown," - "
10.13.5,ἄγαλμα,http://arachne.dainst.org/entity/3587020,38.482335,22.500741,NULL," - "
10.13.5,"Ἀπόλλωνα ὃς εἰλημμένος ἐστὶ τῆς ἐλάφου",http://arachne.dainst.org/entity/3888424,38.482335,22.500741,NULL," - "
10.13.5,"Ἀχιλλέα τε ἐπὶ ἵππῳ",http://arachne.dainst.org/entity/3888423,38.482335,22.500741,NULL," - object|statue|Achillesoffering of the Pharsalians at Delphi"
10.13.5,"Δῖον οἰκοῦντες",http://dare.ht.lu.se/places/21904,40.177012,22.491299,"theatre,sanctuary,settlement"," - historical|Macedonians|proxyMacedonians living in Dion below Pieria"
10.13.5,Δίῳ,http://dare.ht.lu.se/places/21904,40.177012,22.491299,"theatre,sanctuary,settlement",NULL
10.13.5,Δωριεῖς,http://pleiades.stoa.org/places/540740,38.75,22.25,unknown," - "
10.13.5,Κορίνθιοι,http://dare.ht.lu.se/places/17070,37.906045,22.878721,"sanctuary,settlement,fort"," - "
10.13.5,Κυρηναῖοί,http://dare.ht.lu.se/places/21126,32.818736,21.856169,settlement," - historical|Cyrenaians|proxyCyrenaians of the Greek element in Libya"
10.13.5,Λιβύῃ,http://pleiades.stoa.org/places/716588,31.5,26.5,region," - "
10.13.5,Μακεδόνες,http://pleiades.stoa.org/places/491656,41.25,21.75,unknown," - "
10.13.5,Μακεδόνων,http://pleiades.stoa.org/places/491656,41.25,21.75,unknown," - "
10.13.5,"οἱ ἐν Φαρσάλῳ Θεσσαλοὶ",http://dare.ht.lu.se/places/21980,39.288053,22.385825,"settlement,tomb"," - historical|Thessalians|proxyThessalians in Pharsala"
10.13.5,Πιερίᾳ,http://pleiades.stoa.org/places/491696,40.13002811595563,22.424792491340284,"region,people"," - "
10.13.5,Φαρσάλιοι,http://dare.ht.lu.se/places/21980,39.288053,22.385825,"settlement,tomb"," - "
10.13.6,ἄγαλμα,http://arachne.dainst.org/entity/3888272,38.482335,22.500741,NULL," - "
10.13.6,ἄγαλμα,http://arachne.dainst.org/entity/3587021,38.482335,22.500741,NULL," - "
10.13.6,ἀνάθημα,http://arachne.dainst.org/entity/3587022,38.482335,22.500741,NULL," - "
10.13.6,Ἀρκάδων,http://pleiades.stoa.org/places/570102,37.567419268449626,22.165323097346306,region," - "
10.13.6,Δελφοὺς,http://pleiades.stoa.org/places/540726,38.482289,22.501169,"sanctuary,settlement"," - "
10.13.6,"Δία τε χαλκοῦν",http://arachne.dainst.org/entity/3888271,38.482335,22.500741,NULL," - object|agalma|Zeus|Q34201Phliasian offering, bronze Zeus"
10.13.6,"εἰκόνες χαλκαῖ",http://arachne.dainst.org/entity/3888413,38.482335,22.500741,NULL," - object|eikôn|PausBronze portrait statues offered by the Phocians after battle with Thessalians"
10.13.6,Θεσσαλίας,http://pleiades.stoa.org/places/1332,39.6,22.2,region," - "
10.13.6,Θηβαίων,http://dare.ht.lu.se/places/21952,38.318092,23.255096,"sanctuary,settlement"," - "
10.13.6,Λυδῶν,http://pleiades.stoa.org/places/550701,38.624771249999995,27.9632845,region," - "
10.13.6,Μαντινείας,http://dare.ht.lu.se/places/21917,37.618138,22.393259,settlement," - "
10.13.6,Φλιάσιοι,http://dare.ht.lu.se/places/21932,37.846299,22.649131,settlement," - "
10.13.6,Φωκεῦσιν,http://pleiades.stoa.org/places/541048,38.25,22.25,unknown," - "
10.13.6,Φωκέων,http://pleiades.stoa.org/places/541048,38.25,22.25,unknown," - "
10.13.7,ἀνάθημα,http://arachne.dainst.org/entity/4020555,38.482335,22.500741,NULL," - object|statue|Apollo|tripous|PausHerakles and Apollo battle over tripod"
10.13.7,Ἠλεῖος,http://dare.ht.lu.se/places/21944,37.89131,21.37493,"theatre,settlement"," - "
10.13.7,Θεσσαλοὺς,http://pleiades.stoa.org/places/1332,39.6,22.2,region," - "
10.13.7,Κορινθίους,http://dare.ht.lu.se/places/17070,37.906045,22.878721,"sanctuary,settlement,fort"," - historical|Corinthians|proxyDiyllos, Amyklaios, Chionis, sculptors"
10.13.7,Φωκέων,http://pleiades.stoa.org/places/541048,38.25,22.25,unknown," - "
10.13.8,Δελφούς,http://dare.ht.lu.se/places/21949,38.482289,22.501169,"sanctuary,settlement"," - "
10.13.8,Δελφῶν,http://dare.ht.lu.se/places/21949,38.482289,22.501169,"sanctuary,settlement"," - "
10.13.8,Κανωβεύς,http://dare.ht.lu.se/places/21706,31.320896,30.063645,settlement," - "
10.13.8,Τιρύνθιος,http://dare.ht.lu.se/places/22611,37.59918,22.80004,settlement," - "
10.13.9,Ἕλληνες,http://pleiades.stoa.org/places/1001896,37.5,22.5,province," - "
10.13.9,Πλαταιᾶσι,http://dare.ht.lu.se/places/21988,38.221019,23.273866,settlement," - "
10.13.9,Φωκέων,http://pleiades.stoa.org/places/541048,38.25,22.25,unknown," - "
10.13.9,"χρυσοῦν τρίποδα",http://arachne.dainst.org/entity/3587023,38.482335,22.500741,NULL," - object|tripousOffering of the Greeks after Plataia"
10.13.10,Αἰγινήτου,http://dare.ht.lu.se/places/21936,37.74991,23.42372,"island,settlement,temple-2"," - "
10.13.10,ἀναθήματα,http://arachne.dainst.org/entity/4020556,38.482335,22.500741,NULL," - object|eikôn|Pausfrom the Peuketians"
10.13.10,Ἀργείου,http://dare.ht.lu.se/places/21779,37.631561,22.719464,settlement," - "
10.13.10,Δελφοὺς,http://pleiades.stoa.org/places/540726,38.482289,22.501169,"sanctuary,settlement"," - "
10.13.10,Ἰαπύγων,http://pleiades.stoa.org/places/442618,40.75,16.75,people," - "
10.13.10,Ἰταλίαν,http://pleiades.stoa.org/places/1052,42.5,12.5,region," - "
10.13.10,Λακεδαίμονος,http://pleiades.stoa.org/places/570406,37.07624042080912,22.46082645177671,region," - "
10.13.10,"πελάγει τῷ Κρισαίῳ",http://topostext.org/place/384224WKri,38.39,22.44,NULL," - "
10.13.10,Πευκετίοις,http://pleiades.stoa.org/places/442714,40.939664,16.772940666666667,people," - "
10.13.10,Πευκετίων,http://pleiades.stoa.org/places/442714,40.939664,16.772940666666667,people," - "
10.13.10,Ταραντῖνοι,http://dare.ht.lu.se/places/16562,40.476034,17.228553,"settlement,temple-2"," - "
10.14.1,Κολῶναι,http://dare.ht.lu.se/places/29073,39.69025,26.16276,settlement," - built|polisCity opposite Tenedos"
10.14.1,Κολώναις,http://dare.ht.lu.se/places/29073,39.69025,26.16276,settlement," - "
10.14.1,Λεύκοφρυν,http://dare.ht.lu.se/places/41117,39.816667,26.05,island," - islandLeukophrys"
10.14.1,Τενεδίου,http://dare.ht.lu.se/places/27370,39.8278355,26.0497905,settlement," - "
10.14.1,Τρῳάδι,http://pleiades.stoa.org/places/550944,39.90055031028392,26.331240828799153,region," - "
10.14.3,Λεύκοφρυν,http://dare.ht.lu.se/places/41117,39.816667,26.05,island," - islandLeukophrys"
10.14.4,Ἀλεξάνδρειαν,http://dare.ht.lu.se/places/21154,39.75135,26.15765,settlement," - "
10.14.4,Ἕλληνες,http://pleiades.stoa.org/places/1001896,37.5,22.5,province," - "
10.14.4,Τενέδιοι,http://dare.ht.lu.se/places/41117,39.816667,26.05,island," - "
10.14.4,Τρῳάδι,http://pleiades.stoa.org/places/550944,39.90055031028392,26.331240828799153,region," - "
10.14.5,Ἀπόλλωνα,http://arachne.dainst.org/entity/3587024,38.482335,22.500741,NULL," - object|anathêma|Apollofrom spoils at Artemision and Salamis"
10.14.5,Ἀρτεμισίῳ,http://topostext.org/place/390232SArt,39.0097,23.217,NULL," - battlefieldArtemision naval battle 480 BCE"
10.14.5,Δελφοὺς,http://pleiades.stoa.org/places/540726,38.482289,22.501169,"sanctuary,settlement"," - "
10.14.5,Δία,http://arachne.dainst.org/entity/3586482,37.638043,21.630599,NULL," - object|anathêma|ZeusBronze Zeus, from victory over Xerxes"
10.14.5,Ἕλληνες,http://pleiades.stoa.org/places/1001896,37.5,22.5,province," - "
10.14.5,ναοῦ,http://pleiades.stoa.org/places/464482219,38.4823167,22.5012215,temple-2," - "
10.14.5,Ὀλυμπίαν,http://pleiades.stoa.org/places/570531,37.637849,21.630126,"palaistra,sanctuary,temple-2",NULL
10.14.5,Περσῆος,http://pleiades.stoa.org/places/922698,30.5,51.5,unknown," - "
10.14.5,Σαλαμῖνι,http://topostext.org/place/380236ASSB,37.952,23.573,NULL," - "
10.14.6,Ἑλλάδα,http://pleiades.stoa.org/places/1001896,37.5,22.5,province," - "
10.14.6,Μήδων,http://pleiades.stoa.org/places/903080,34.5,46.5,region," - regional|Medes|proxyarmy of the Medes"
10.14.6,Πέρσου,http://pleiades.stoa.org/places/922698,30.5,51.5,unknown," - "
10.14.7,ἀνάθημά,http://arachne.dainst.org/entity/3587025,38.482335,22.500741,NULL," - "
10.14.7,Δελφῶν,http://dare.ht.lu.se/places/21949,38.482289,22.501169,"sanctuary,settlement"," - "
10.14.7,Παρνασσοῦ,http://dare.ht.lu.se/places/41400,38.5348857,22.6222206,mountain," - "
10.15.1,Ἀθηναίους,http://dare.ht.lu.se/places/10975,37.971687,23.726464,settlement," - "
10.15.1,Ἀργολίδι,http://pleiades.stoa.org/places/570104,37.6566371145232,22.92059272180843,region," - "
10.15.1,βοῦς,http://arachne.dainst.org/entity/3587031,38.482335,22.500741,NULL," - object|bousPlataian offering from Mardonios"
10.15.1,Ἑλλήνων,http://pleiades.stoa.org/places/1001896,37.5,22.5,province," - "
10.15.1,Ἐπιδαύριοι,http://topostext.org/place/376232PEpi,37.6335,23.1602,NULL," - historical|Epidaurians|proxyEpidauros in the Argolid"
10.15.1,"Ἡρακλεωτῶν τῶν πρὸς τῷ Εὐξείνῳ",http://dare.ht.lu.se/places/21254,41.284722,31.414722,settlement," - "
10.15.1,Μεγαρεῖς,http://dare.ht.lu.se/places/21951,37.2038,15.18273,"region,settlement"," - "
10.15.1,Μήδων,http://pleiades.stoa.org/places/903080,34.5,46.5,region," - regional|Medes|proxyarmy of the Medes"
10.15.1,Νισαίᾳ,http://topostext.org/place/380234UNis,37.9764,23.364,NULL," - battlefieldMegarians defeated Athenians"
10.15.1,Πλαταιέων,http://dare.ht.lu.se/places/21988,38.221019,23.273866,settlement," - "
10.15.1,"τὸ δὲ",http://arachne.dainst.org/entity/3587028,38.482335,22.500741,NULL," - object|agalma|Apollo|PausMegarian spoil from the Athenians at Nisaia, by altar"
10.15.1,"τὸ δὲ",http://arachne.dainst.org/entity/3587030,38.482335,22.500741,NULL," - object|agalma|Apollo|Pausby Amphictyons from fines levied on the Phokians for working sacred land"
10.15.1,"τὸ ἕτερον",http://arachne.dainst.org/entity/3587027,38.482335,22.500741,NULL," - object|agalma|Apollo|PausEpidaurian spoils from the Persians, near altar"
10.15.1,"τὸ μὲν",http://arachne.dainst.org/entity/3587029,38.482335,22.500741,NULL," - object|agalma|Apollo|Pausdedication of Herakleiotes on the Euxine"
10.15.1,"Φρύνης δὲ εἰκόνα ἐπίχρυσον",http://arachne.dainst.org/entity/3587026,38.482335,22.500741,NULL," - object|eikôn|Phrunêby Praxiteles, offered by Phryne"
10.15.1,Φωκεῦσιν,http://pleiades.stoa.org/places/541048,38.25,22.25,unknown," - "
10.15.2,ἀγάλματα,http://arachne.dainst.org/entity/4020557,38.482335,22.500741,NULL," - object|agalma|PausStatue group dedicated by the Aitolians"
10.15.2,Αἰτωλῶν,http://pleiades.stoa.org/places/540591,38.51586100952381,21.759714990476194,region," - "
10.15.2,Ἀσίαν,http://pleiades.stoa.org/places/837,39.64014749138555,31.033254534661616,"peninsula,region"," - regionalGauls crossing to Asia"
10.15.2,Γαλάτας,http://pleiades.stoa.org/places/993,44.730982100000006,3.5988981583333333,region," - "
10.15.2,Δελφῶν,http://dare.ht.lu.se/places/21949,38.482289,22.501169,"sanctuary,settlement"," - "
10.15.3,Γαλατῶν,http://pleiades.stoa.org/places/993,44.730982100000006,3.5988981583333333,region," - "
10.15.3,Ἑλλησπόντου,http://pleiades.stoa.org/places/501434,40.2,26.4,water-open," - "
10.15.3,Περγάμῳ,http://dare.ht.lu.se/places/21158,39.1325,27.184167,"theatre,sanctuary,settlement,temple-2"," - builtWhere Attalos is king."
10.15.4,"ἄγαλμα ἐπίχρυσον",http://arachne.dainst.org/entity/3587032,38.482335,22.500741,NULL," - object|agalma|Athena|Pauson the palm tree, dedicated by Athenians from Eurymedon battle"
10.15.4,Ἀθηναῖοι,http://dare.ht.lu.se/places/10975,37.971687,23.726464,settlement," - "
10.15.4,"Ἀττικὴν ἵππον",http://pleiades.stoa.org/places/579888,38.051998833333336,23.818991099999998,region," - historical|Attic|cavalry|proxyAthenian cavalry, defeated by Pheraians"
10.15.4,Εὐρυμέδοντι,http://pleiades.stoa.org/places/638836,37.1968531,31.1815439,river," - "
10.15.4,"ἱππικοῦ δὲ ἡγεμόνας",http://arachne.dainst.org/entity/3652729,38.482335,22.500741,NULL," - object|statue|hippikon|PausPheraian dedication defeating Attic cavalry"
10.15.4,Φεραῖοι,http://dare.ht.lu.se/places/22809,39.384163,22.737728,"settlement,temple-2"," - "
10.15.5,"ἀγάλματος τούτου",http://arachne.dainst.org/entity/3587032,38.482335,22.500741,NULL," - "
10.15.5,Ἀθηναῖοι,http://dare.ht.lu.se/places/10975,37.971687,23.726464,settlement," - "
10.15.5,Ἀθηναίων,http://dare.ht.lu.se/places/10975,37.971687,23.726464,settlement," - "
10.15.5,Δελφούς,http://dare.ht.lu.se/places/21949,38.482289,22.501169,"sanctuary,settlement"," - "
10.15.5,Σικελίᾳ,http://pleiades.stoa.org/places/462492,37.53667611952188,14.08648464579389,island," - "
10.15.6,Ἀθηναίοις,http://dare.ht.lu.se/places/10975,37.971687,23.726464,settlement," - "
10.15.6,"Βάττον ἐπὶ ἅρματι",http://arachne.dainst.org/entity/4020558,38.482335,22.500741,NULL," - "
10.15.6,Δελφοῖς,http://dare.ht.lu.se/places/21949,38.482289,22.501169,"sanctuary,settlement"," - "
10.15.6,Θήρας,http://dare.ht.lu.se/places/41498,36.36399,25.478129,"island,settlement"," - "
10.15.6,Κνώσσιος,http://dare.ht.lu.se/places/22252,35.297847,25.163106,"settlement,architecturalcomplex"," - "
10.15.6,Κυρηναῖοι,http://dare.ht.lu.se/places/21126,32.818736,21.856169,settlement," - "
10.15.6,Λιβύην,http://pleiades.stoa.org/places/373777,32.5492926758593,21.61781634320689,region," - "
10.15.6,Σικελίαν,http://pleiades.stoa.org/places/462492,37.53667611952188,14.08648464579389,island," - "
10.15.7,Ἀπόλλωνα,http://arachne.dainst.org/entity/3587033,38.482335,22.500741,NULL," - object|statue|ApolloNear statue of Battos, from Phokian fine"
10.15.7,Κυρήνην,http://dare.ht.lu.se/places/21126,32.818736,21.856169,settlement," - "
10.15.7,Φωκέων,http://pleiades.stoa.org/places/541048,38.25,22.25,unknown," - "
10.16.1,Λυδῶν,http://pleiades.stoa.org/places/550701,38.624771249999995,27.9632845,region," - "
10.16.1,Χίου,http://dare.ht.lu.se/places/41343,38.414,26.053,island," - "
10.16.3,Δελφοὶ,http://dare.ht.lu.se/places/21949,38.482289,22.501169,"sanctuary,settlement"," - "
10.16.3,Δελφῶν,http://dare.ht.lu.se/places/21949,38.482289,22.501169,"sanctuary,settlement"," - "
10.16.4,Αἰτωλοί,http://pleiades.stoa.org/places/540591,38.51586100952381,21.759714990476194,region," - "
10.16.4,Αἰτωλῶν,http://pleiades.stoa.org/places/540591,38.51586100952381,21.759714990476194,region," - "
10.16.4,"ἀνάθημά ἐστιν ἐνταῦθα",http://arachne.dainst.org/entity/3587034,38.482335,22.500741,NULL," - object|anathêma|PausSpartan dedication, Hermione, work of Kalamis"
10.16.4,Γαλατῶν,http://pleiades.stoa.org/places/993,44.730982100000006,3.5988981583333333,region," - "
10.16.4,Λακεδαιμονίων,http://pleiades.stoa.org/places/570406,37.07624042080912,22.46082645177671,region," - "
10.16.4,στρατηγόν,http://arachne.dainst.org/entity/3587035,38.482335,22.500741,NULL," - object|anathêma|PausAitolians dedicated"
10.16.5,"αἶγα χαλκῆν",http://arachne.dainst.org/entity/3888426,38.482335,22.500741,NULL," - object|aix|PausBronze goat from Elyros"
10.16.5,Δελφούς,http://dare.ht.lu.se/places/21949,38.482289,22.501169,"sanctuary,settlement"," - "
10.16.5,Ἐλύριοί,http://dare.ht.lu.se/places/23372,35.287701,23.795528,settlement," - "
10.16.5,Ἔλυρος,http://dare.ht.lu.se/places/23372,35.287701,23.795528,settlement," - built|polisCity in Cretan mountains, sent bronze goat to Delphi"
10.16.5,Τάρρᾳ,http://dare.ht.lu.se/places/23370,35.233106,23.960195,settlement," - "
10.16.6,Ἀκαρνᾶνας,http://pleiades.stoa.org/places/530767,38.672287499999996,21.317874500000002,region," - "
10.16.6,Ἀπόλλωνά,http://arachne.dainst.org/entity/3888274,38.482335,22.500741,NULL," - "
10.16.6,Ἄρτεμιν,http://arachne.dainst.org/entity/3888273,38.482335,22.500741,NULL," - "
10.16.6,"βοῦν καὶ οὗτοι χαλκοῦν",http://arachne.dainst.org/entity/3587036,38.482335,22.500741,NULL," - object|bous|PausBronze cow to Apollo, spoils from Persians"
10.16.6,"ἔθνος τὸ Αἰτωλικὸν",http://pleiades.stoa.org/places/540591,38.51586100952381,21.759714990476194,region," - "
10.16.6,Καρύστιοι,http://dare.ht.lu.se/places/22781,38.0165,24.4204,settlement," - "
10.16.6,Πλαταιεῖς,http://dare.ht.lu.se/places/21988,38.221019,23.273866,settlement," - "
10.16.6,"στρατηγῶν δὲ εἰκόνας",http://arachne.dainst.org/entity/3888427,38.482335,22.500741,NULL," - object|eikôn|stratêgosspoils of the Akarnanians"
10.16.7,ἀγάλματα,http://arachne.dainst.org/entity/3652730,38.482335,22.500741,NULL," - object|agalma|Apollo20 agalmata, dedications of Liparaioi from Tyrrhenians"
10.16.7,Δελφοὺς,http://pleiades.stoa.org/places/540726,38.482289,22.501169,"sanctuary,settlement"," - "
10.16.7,Λιπαραῖοι,http://pleiades.stoa.org/places/462283,38.46708,14.95373,settlement," - "
10.16.7,Λιπαραίοις,http://pleiades.stoa.org/places/462283,38.46708,14.95373,settlement," - "
10.16.7,Λιπαραίους,http://pleiades.stoa.org/places/462283,38.46708,14.95373,settlement," - "
10.16.7,Λιπαραίων,http://pleiades.stoa.org/places/462283,38.46708,14.95373,settlement," - "
10.16.7,Τυρσηνούς,http://pleiades.stoa.org/places/1356,41.66419815387763,12.054731855280693,water-open," - "
10.16.7,Τυρσηνῶν,http://pleiades.stoa.org/places/1356,41.66419815387763,12.054731855280693,water-open," - "
10.16.8,"Ἀπόλλωνα ἀνέθηκε τὸν μικρόν",http://arachne.dainst.org/entity/3587037,38.482335,22.500741,NULL," - object|agalma|ApolloSmall offering of Echekratides of Larisa, first in Delphi"
10.16.8,Δελφοί,http://dare.ht.lu.se/places/21949,38.482289,22.501169,"sanctuary,settlement"," - "
10.16.8,Λαρισαῖος,http://dare.ht.lu.se/places/21979,39.64147,22.41474,settlement," - "
10.17.1,εἰκόνα,http://arachne.dainst.org/entity/3587038,38.482335,22.500741,NULL," - object|eikônbronze portrait of Sardos"
10.17.1,Ἑλλήνων,http://pleiades.stoa.org/places/1001896,37.5,22.5,province," - "
10.17.1,Ἰχνοῦσσαν,http://pleiades.stoa.org/places/472014,40.06802462263924,8.895951166868167,island," - island|alternate nameIchnoussa"
10.17.1,Σαρδὼ,http://pleiades.stoa.org/places/472014,40.06802462263924,8.895951166868167,island," - "
10.17.1,Σαρδώ,http://pleiades.stoa.org/places/472014,40.06802462263924,8.895951166868167,island," - islandbarbarians in Sardô"
10.17.2,Δελφούς,http://dare.ht.lu.se/places/21949,38.482289,22.501169,"sanctuary,settlement"," - "
10.17.2,Ἰχνοῦσσαν,http://pleiades.stoa.org/places/472014,40.06802462263924,8.895951166868167,island," - island|alternate nameIchnoussa"
10.17.2,Λίβυες,http://pleiades.stoa.org/places/716588,31.5,26.5,region," - "
10.17.2,Λίβυσι,http://pleiades.stoa.org/places/716588,31.5,26.5,region," - "
10.17.2,Λιβύων,http://pleiades.stoa.org/places/716588,31.5,26.5,region," - "
10.17.3,Βοιωτίᾳ,http://pleiades.stoa.org/places/540689,38.34668803333333,23.184677533333332,region," - "
10.17.3,Ἑλλάδι,http://pleiades.stoa.org/places/1001896,37.5,22.5,province," - "
10.17.3,Ἑλλάδος,http://pleiades.stoa.org/places/1001896,37.5,22.5,province," - "
10.17.3,Σαρδὼ,http://pleiades.stoa.org/places/472014,40.06802462263924,8.895951166868167,island," - "
10.17.4,Θήβαις,http://dare.ht.lu.se/places/21952,38.318092,23.255096,"sanctuary,settlement"," - "
10.17.4,Κρητῶν,http://pleiades.stoa.org/places/589748,35.21984439173344,24.995769971494504,island," - "
10.17.4,Σαρδὼ,http://pleiades.stoa.org/places/472014,40.06802462263924,8.895951166868167,island," - "
10.17.5,Ἀθηναῖοι,http://dare.ht.lu.se/places/10975,37.971687,23.726464,settlement," - "
10.17.5,Ἀττικῆς,http://pleiades.stoa.org/places/579888,38.051998833333336,23.818991099999998,region," - "
10.17.5,Θεσπιέων,http://dare.ht.lu.se/places/22837,38.293384,23.154521,settlement," - mythical|Thespians|proxywith Iolaus to Sardinia"
10.17.5,Ἴβηρες,http://pleiades.stoa.org/places/246423,41.5,0.5,people," - "
10.17.5,Νώρα,http://dare.ht.lu.se/places/22707,38.984642,9.015757,settlement," - built|polisfounded by Nôrax"
10.17.5,Ὀλβίαν,http://dare.ht.lu.se/places/16889,46.69238,31.9056,"settlement,cistern,port"," - built|polisin Sardinia, founded by Iolaus"
10.17.5,Σαρδοῖ,http://pleiades.stoa.org/places/472014,40.06802462263924,8.895951166868167,island," - "
10.17.5,Σαρδώ,http://pleiades.stoa.org/places/472014,40.06802462263924,8.895951166868167,island," - islandbarbarians in Sardô"
10.17.5,Σαρδὼ,http://pleiades.stoa.org/places/472014,40.06802462263924,8.895951166868167,island," - "
10.17.6,Ἕλλησι,http://pleiades.stoa.org/places/1001896,37.5,22.5,province," - "
10.17.6,Θόρσος,http://pleiades.stoa.org/places/472033,39.9673855,8.7362377,river," - physical|potamosriver dividing Greeks and barbarians on Sardinia"
10.17.6,Ἰλίου,http://dare.ht.lu.se/places/21153,39.9577,26.23873,settlement," - "
10.17.6,Σαρδὼ,http://pleiades.stoa.org/places/472014,40.06802462263924,8.895951166868167,island," - "
10.17.6,Τρωσὶν,http://dare.ht.lu.se/places/21153,39.9577,26.23873,settlement," - "
10.17.6,Τρώων,http://dare.ht.lu.se/places/21153,39.9577,26.23873,settlement," - "
10.17.7,Λίβυες,http://pleiades.stoa.org/places/716588,31.5,26.5,region," - "
10.17.7,Λίβυσι,http://pleiades.stoa.org/places/716588,31.5,26.5,region," - "
10.17.7,Τρῶες,http://dare.ht.lu.se/places/21153,39.9577,26.23873,settlement," - "
10.17.8,Ἑλλήνων,http://pleiades.stoa.org/places/1001896,37.5,22.5,province," - "
10.17.8,Κορσοί,http://pleiades.stoa.org/places/472063,42.103331615555554,9.200077440000001,island," - proxyCorsicans"
10.17.8,Κύρνος,http://pleiades.stoa.org/places/472063,42.103331615555554,9.200077440000001,island," - "
10.17.8,Λιβύων,http://pleiades.stoa.org/places/716588,31.5,26.5,region," - "
10.17.8,Σαρδοῖ,http://pleiades.stoa.org/places/472014,40.06802462263924,8.895951166868167,island," - "
10.17.8,Σαρδοῦς,http://pleiades.stoa.org/places/472014,40.06802462263924,8.895951166868167,island," - "
10.17.8,Σαρδώ,http://pleiades.stoa.org/places/472014,40.06802462263924,8.895951166868167,island," - islandbarbarians in Sardô"
10.17.9,Ἴβηρες,http://pleiades.stoa.org/places/246423,41.5,0.5,people," - "
10.17.9,Κάραλίν,http://dare.ht.lu.se/places/16177,39.218721,9.116991,"amphitheatre,bath,villa,settlement"," - "
10.17.9,Καρχηδόνιοι,http://dare.ht.lu.se/places/15897,36.857569,10.327986,"amphitheatre,cemetery,villa,theatre,port,church,settlement,circus,bath"," - "
10.17.9,Καρχηδονίων,http://dare.ht.lu.se/places/15897,36.857569,10.327986,"amphitheatre,cemetery,villa,theatre,port,church,settlement,circus,bath"," - "
10.17.9,Κύρνιοι,http://pleiades.stoa.org/places/472063,42.103331615555554,9.200077440000001,island," - historical|Corsicans|proxyKurnoi"
10.17.9,Κυρνίων,http://pleiades.stoa.org/places/472063,42.103331615555554,9.200077440000001,island," - "
10.17.9,Λίβυες,http://pleiades.stoa.org/places/716588,31.5,26.5,region," - "
10.17.9,Σαρδοῖ,http://pleiades.stoa.org/places/472014,40.06802462263924,8.895951166868167,island," - "
10.17.9,Σύλκους,http://dare.ht.lu.se/places/16886,39.071279,8.45288,"settlement,cemetery,port"," - "
10.17.10,Ἰταλίαν,http://pleiades.stoa.org/places/1052,42.5,12.5,region," - "
10.17.10,Σαρδὼ,http://pleiades.stoa.org/places/472014,40.06802462263924,8.895951166868167,island," - "
10.17.11,Ἰταλίας,http://pleiades.stoa.org/places/1052,42.5,12.5,region,NULL
10.17.11,Κύρνον,http://pleiades.stoa.org/places/472063,42.103331615555554,9.200077440000001,island,NULL
10.17.11,Κύρνου,http://pleiades.stoa.org/places/472063,42.103331615555554,9.200077440000001,island,NULL
10.17.11,Σαρδοῦς,http://pleiades.stoa.org/places/472014,40.06802462263924,8.895951166868167,island," - "
10.17.12,Αἰγιναίᾳ,http://dare.ht.lu.se/places/43633,37.74991,23.42372,"island,settlement,temple-2"," - "
10.17.12,"Αἰγιναίαν τέχνην",http://dare.ht.lu.se/places/43633,37.74991,23.42372,"island,settlement,temple-2"," - technê|Aeginetan|proxyAiginaian art"
10.17.13,Ἕλληνες,http://pleiades.stoa.org/places/1001896,37.5,22.5,province," - "
10.17.13,Σαρδοῦς,http://pleiades.stoa.org/places/472014,40.06802462263924,8.895951166868167,island," - "
10.17.13,Φωκίδα,http://pleiades.stoa.org/places/541048,38.25,22.25,unknown," - "
10.18.1,ἄγαλμα,http://arachne.dainst.org/entity/3587040,38.482335,22.500741,NULL," - "
10.18.1,Ἀθηναῖος,http://dare.ht.lu.se/places/10975,37.971687,23.726464,settlement," - "
10.18.1,Αἰτωλίᾳ,http://pleiades.stoa.org/places/540591,38.51586100952381,21.759714990476194,region," - "
10.18.1,Ἀχαιοὶ,http://pleiades.stoa.org/places/570028,38.102121472776034,22.224585911364017,region," - "
10.18.1,Δελφούς,http://dare.ht.lu.se/places/21949,38.482289,22.501169,"sanctuary,settlement"," - "
10.18.1,εἰκόνι,http://arachne.dainst.org/entity/3587038,38.482335,22.500741,NULL," - "
10.18.1,ἵππον,http://arachne.dainst.org/entity/3587039,38.482335,22.500741,NULL," - object|anathêma|hipposHorse dedicated by Kallias s. Lysimachides Athenian, from Persian spoils"
10.18.1,Πέρσας,http://pleiades.stoa.org/places/922698,30.5,51.5,unknown," - "
10.18.2,"γῆς Πέλοπος",http://pleiades.stoa.org/places/570577,37.25289777692308,22.312752688461543,"peninsula,region"," - Q192485|mythical|hero|gêLand of Pelops"
10.18.2,Πυθώ,http://pleiades.stoa.org/places/540726,38.482289,22.501169,"sanctuary,settlement"," - hieronPytho"
10.18.3,Ἀχαιοὶ,http://pleiades.stoa.org/places/570028,38.102121472776034,22.224585911364017,region," - "
10.18.4,Ἀβρακιῶται,http://dare.ht.lu.se/places/21984,39.04107,20.95316,settlement," - "
10.18.4,ἄγαλμα,http://arachne.dainst.org/entity/3587041,38.482335,22.500741,NULL," - object|agalma|Apollo|PausLindian dedication beside Athena statue"
10.18.4,Ἀμβρακιῶται,http://dare.ht.lu.se/places/21984,39.04107,20.95316,settlement," - "
10.18.4,Λίνδῳ,http://dare.ht.lu.se/places/22848,36.41451,28.15629,"island,settlement,temple-2,stadion"," - "
10.18.4,Μολοσσοὶ,http://pleiades.stoa.org/places/531003,39.271716,20.924639999999997,unknown," - "
10.18.4,Μολοσσοὺς,http://pleiades.stoa.org/places/531003,39.271716,20.924639999999997,unknown," - "
10.18.4,Μολοσσῶν,http://pleiades.stoa.org/places/531003,39.271716,20.924639999999997,unknown," - "
10.18.4,"παρὰ ταύτην τὴν Ἀθηνᾶν",http://arachne.dainst.org/entity/3587040,38.482335,22.500741,NULL," - "
10.18.4,Ῥόδιοι,http://dare.ht.lu.se/places/41162,36.41451,28.15629,"island,settlement,temple-2,stadion"," - "
10.18.4,"χαλκοῦν ὄνον",http://arachne.dainst.org/entity/3587042,38.482335,22.500741,NULL," - object|anathêma|onosAmbracians dedicated bronze donkey"
10.18.5,Ἀργολίδι,http://pleiades.stoa.org/places/570104,37.6566371145232,22.92059272180843,region," - "
10.18.5,Δελφοῖς,http://dare.ht.lu.se/places/21949,38.482289,22.501169,"sanctuary,settlement"," - "
10.18.5,Ὀρνεᾶται,http://topostext.org/place/377225POrn,37.71428,22.55716,NULL," - "
10.18.5,Σικυωνίους,http://dare.ht.lu.se/places/21937,37.98336,22.71135,settlement," - "
10.18.5,Σικυωνίων,http://dare.ht.lu.se/places/21937,37.98336,22.71135,settlement," - "
10.18.6,"Ἡρακλέους τὸ ἐς τὴν ὕδραν",http://arachne.dainst.org/entity/3888429,38.482335,22.500741,NULL," - object|anathêma|HeraklesHerakles and Hydra, iron, work and dedication of Tisagoras at Delphi"
10.18.6,λέοντός,http://arachne.dainst.org/entity/3587043,39.132126,27.183953,NULL," - "
10.18.6,Περγάμῳ,http://dare.ht.lu.se/places/21158,39.1325,27.184167,"theatre,sanctuary,settlement,temple-2"," - builtWhere Attalos is king."
10.18.6,"ὑὸς ἀγρίου κεφαλαί",http://arachne.dainst.org/entity/3593178,39.132126,27.183953,NULL," - object|opsisiron sculpture"
10.18.7,Ἀθηνῶν,http://dare.ht.lu.se/places/10975,37.971687,23.726464,settlement," - "
10.18.7,Αἰτωλοὶ,http://pleiades.stoa.org/places/540591,38.51586100952381,21.759714990476194,region," - "
10.18.7,Αἰτωλῶν,http://pleiades.stoa.org/places/540591,38.51586100952381,21.759714990476194,region," - "
10.18.7,Ἀπόλλων,http://arachne.dainst.org/entity/3587045,38.482335,22.500741,NULL," - object|Apollo|Q37340Near the lion, by Massaliots from sea-fight spoils with Carthage"
10.18.7,Γαλάται,http://pleiades.stoa.org/places/993,44.730982100000006,3.5988981583333333,region," - "
10.18.7,"Γοργίας ἐστίν εἰκών",http://arachne.dainst.org/entity/3587047,38.482335,22.500741,NULL," - object|eikôndedication of Gorgias from the Leontinoi"
10.18.7,Δελφούς,http://dare.ht.lu.se/places/21949,38.482289,22.501169,"sanctuary,settlement"," - "
10.18.7,Ἐλάτειαν,http://pleiades.stoa.org/places/540755,38.645635,22.782061,"settlement-modern,settlement"," - "
10.18.7,Καλλιέας,http://topostext.org/place/385222UKal,38.55,22.159,NULL," - built|polisKallieai ravaged by Gauls"
10.18.7,Καρχηδονίους,http://dare.ht.lu.se/places/15897,36.857569,10.327986,"amphitheatre,cemetery,villa,theatre,port,church,settlement,circus,bath"," - "
10.18.7,λέοντα,http://arachne.dainst.org/entity/3587044,38.482335,22.500741,NULL," - object|leôn|Pausdedication of Phocians after siege by Kassandros"
10.18.7,Λεοντίνων,http://dare.ht.lu.se/places/16883,37.279759,15.002988,settlement," - "
10.18.7,Μασσαλιωτῶν,http://dare.ht.lu.se/places/176,43.299467,5.365307,settlement," - "
10.18.7,"τρόπαιόν τε καὶ γυναικὸς ἄγαλμα ὡπλισμένης",http://arachne.dainst.org/entity/3587046,38.482335,22.500741,NULL," - object|agalma|tropaion|AitôliaAitolian dedication from Gauls"
10.18.7,Φωκέων,http://pleiades.stoa.org/places/541048,38.25,22.25,unknown," - "
10.19.1,"ἀνάθημά ἐστιν",http://arachne.dainst.org/entity/3587048,38.482335,22.500741,NULL," - object|anathêma|diver|Pausbeside Gorgias portrait"
10.19.1,Σκιωναῖος,http://dare.ht.lu.se/places/32403,39.939063,23.574785,settlement," - "
10.19.2,Δελφῶν,http://dare.ht.lu.se/places/21949,38.482289,22.501169,"sanctuary,settlement"," - "
10.19.2,εἰκών,http://arachne.dainst.org/entity/3587048,38.482335,22.500741,NULL," - objectHydna"
10.19.2,Πήλιον,http://dare.ht.lu.se/places/43546,39.43722,23.0465058,mountain," - "
10.19.3,Δελφούς,http://dare.ht.lu.se/places/21949,38.482289,22.501169,"sanctuary,settlement"," - "
10.19.3,Λέσβιον,http://dare.ht.lu.se/places/41123,39.20874,26.10052,island," - "
10.19.3,Μηθυμναῖοι,http://dare.ht.lu.se/places/22968,39.05495,26.489422,"settlement,aqueduct"," - "
10.19.3,Μηθύμνῃ,http://dare.ht.lu.se/places/22968,39.05495,26.489422,"settlement,aqueduct"," - "
10.19.3,"ξόανον μὲν τὸ ἐκ τῆς θαλάσσης",http://arachne.dainst.org/entity/3587050,39.36781,26.17639,NULL," - object|xoanon|Dionysos Phallênfound in sea, worshipped at Methymna"
10.19.3,χαλκοῦν,http://arachne.dainst.org/entity/3587049,38.482335,22.500741,NULL," - object|statue|Paus|material|chalkosBronze replica of Methymna xoanon"
10.19.4,Ἀθηναῖοι,http://dare.ht.lu.se/places/10975,37.971687,23.726464,settlement," - "
10.19.4,Ἀθηναῖος,http://dare.ht.lu.se/places/10975,37.971687,23.726464,settlement," - "
10.19.4,Αἰτωλοὶ,http://pleiades.stoa.org/places/540591,38.51586100952381,21.759714990476194,region," - "
10.19.4,Γαλατῶν,http://pleiades.stoa.org/places/993,44.730982100000006,3.5988981583333333,region," - "
10.19.4,Μαραθῶνι,http://topostext.org/place/381241LMaB,38.144,24.0002,NULL," - "
10.19.4,ναὸς,http://pleiades.stoa.org/places/464482219,38.4823167,22.5012215,temple-2," - "
10.19.4,"τὰ δὲ ἐν τοῖς ἀετοῖς",http://arachne.dainst.org/entity/4059984,38.5,22.25,NULL," - "
10.19.5,βουλευτήριον,http://topostext.org/place/380237BBol,37.975183,23.7218,NULL," - "
10.19.5,Γαλατῶν,http://pleiades.stoa.org/places/993,44.730982100000006,3.5988981583333333,region," - "
10.19.5,Δελφούς,http://dare.ht.lu.se/places/21949,38.482289,22.501169,"sanctuary,settlement"," - "
10.19.5,Ἑλλάδα,http://pleiades.stoa.org/places/1001896,37.5,22.5,province," - "
10.19.5,Ἕλλησιν,http://pleiades.stoa.org/places/1001896,37.5,22.5,province," - "
10.19.5,Θρᾴκης,http://topostext.org/place/410265RThr,41.0,26.5,NULL," - "
10.19.7,Ἑλλάδα,http://pleiades.stoa.org/places/1001896,37.5,22.5,province," - "
10.19.7,Θρᾷκας,http://topostext.org/place/410265RThr,41.0,26.5,NULL," - "
10.19.7,Ἰλλυριοὺς,http://pleiades.stoa.org/places/481866,41.5,19.5,unknown," - "
10.19.7,Μακεδόνας,http://pleiades.stoa.org/places/491656,41.25,21.75,unknown," - "
10.19.7,Μακεδόνων,http://pleiades.stoa.org/places/491656,41.25,21.75,unknown," - "
10.19.7,Παιονίαν,http://pleiades.stoa.org/places/491680,41.75,21.75,unknown," - "
10.19.7,Τριβαλλῶν,http://pleiades.stoa.org/places/207513,43.5,22.5,"labeled feature"," - historical|Triballoi|ethnosTriballoi"
10.19.8,Γαλάτας,http://pleiades.stoa.org/places/993,44.730982100000006,3.5988981583333333,region," - "
10.19.8,Γαλατῶν,http://pleiades.stoa.org/places/993,44.730982100000006,3.5988981583333333,region," - "
10.19.8,Ἑλλάδα,http://pleiades.stoa.org/places/1001896,37.5,22.5,province," - "
10.19.8,Ἑλλήνων,http://pleiades.stoa.org/places/1001896,37.5,22.5,province," - "
10.19.10,Γαλατῶν,http://pleiades.stoa.org/places/993,44.730982100000006,3.5988981583333333,region," - "
10.19.11,Γαλάται,http://pleiades.stoa.org/places/993,44.730982100000006,3.5988981583333333,region," - "
10.19.11,Γαλάταις,http://pleiades.stoa.org/places/993,44.730982100000006,3.5988981583333333,region," - Galatians|proxyGalatia"
10.19.11,Πέρσαις,http://pleiades.stoa.org/places/922698,30.5,51.5,unknown," - "
10.19.11,Περσῶν,http://pleiades.stoa.org/places/922698,30.5,51.5,unknown," - "
10.19.12,Γαλατῶν,http://pleiades.stoa.org/places/993,44.730982100000006,3.5988981583333333,region," - "
10.19.12,Ἑλλάδα,http://pleiades.stoa.org/places/1001896,37.5,22.5,province," - "
10.19.12,Ἑλλάδι,http://pleiades.stoa.org/places/1001896,37.5,22.5,province," - "
10.19.12,Ἕλλησι,http://pleiades.stoa.org/places/1001896,37.5,22.5,province," - "
10.19.12,Θεσσαλοὺς,http://pleiades.stoa.org/places/1332,39.6,22.2,region," - "
10.19.12,Θρᾷκας,http://topostext.org/place/410265RThr,41.0,26.5,NULL," - "
10.19.12,Μακεδόνας,http://pleiades.stoa.org/places/491656,41.25,21.75,unknown," - "
10.19.12,Μήδου,http://pleiades.stoa.org/places/903080,34.5,46.5,region," - "
10.19.12,Παίονας,http://pleiades.stoa.org/places/491680,41.75,21.75,unknown," - "
10.20.1,Ἀρκαδίᾳ,http://pleiades.stoa.org/places/570102,37.567419268449626,22.165323097346306,region," - "
10.20.1,Ἀρκάδων,http://pleiades.stoa.org/places/570102,37.567419268449626,22.165323097346306,region," - "
10.20.1,Βοιωτῶν,http://pleiades.stoa.org/places/540689,38.34668803333333,23.184677533333332,region," - "
10.20.1,Γαλατῶν,http://pleiades.stoa.org/places/993,44.730982100000006,3.5988981583333333,region," - "
10.20.1,Ἑλλήνων,http://pleiades.stoa.org/places/1001896,37.5,22.5,province," - "
10.20.1,Θεσπείας,http://dare.ht.lu.se/places/22837,38.293384,23.154521,settlement," - "
10.20.1,Θηβῶν,http://dare.ht.lu.se/places/21952,38.318092,23.255096,"sanctuary,settlement"," - "
10.20.1,Κορίνθιοι,http://dare.ht.lu.se/places/17070,37.906045,22.878721,"sanctuary,settlement,fort"," - "
10.20.1,Λακεδαιμόνιοι,http://pleiades.stoa.org/places/570406,37.07624042080912,22.46082645177671,region," - "
10.20.1,Μαντινείας,http://dare.ht.lu.se/places/21917,37.618138,22.393259,settlement,NULL
10.20.1,Μυκηνῶν,http://dare.ht.lu.se/places/21929,37.730833,22.756111,"settlement,tomb"," - "
10.20.1,Οἴτῃ,http://dare.ht.lu.se/places/41398,38.7922475,22.2564576,mountain," - physical|atraponpath on Oitê"
10.20.1,Ὀρχομενίων,http://dare.ht.lu.se/places/21918,37.724716,22.31536,settlement," - "
10.20.1,Πύλας,http://dare.ht.lu.se/places/21976,38.796511,22.538294,"shrine,pass,fort",NULL
10.20.1,Τεγεᾶται,http://dare.ht.lu.se/places/21915,37.464,22.429,"theatre,church,settlement"," - "
10.20.1,Φλιοῦντος,http://dare.ht.lu.se/places/21932,37.846299,22.649131,settlement," - "
10.20.1,Φωκέων,http://pleiades.stoa.org/places/541048,38.25,22.25,unknown," - "
10.20.2,Ἀθηναῖοι,http://dare.ht.lu.se/places/10975,37.971687,23.726464,settlement," - "
10.20.2,Θερμοπύλας,http://dare.ht.lu.se/places/21976,38.796511,22.538294,"shrine,pass,fort"," - "
10.20.2,Θεσπιέων,http://dare.ht.lu.se/places/22837,38.293384,23.154521,settlement," - mythical|Thespians|proxywith Iolaus to Sardinia"
10.20.2,Κνήμιδι,http://dare.ht.lu.se/places/43636,38.73735,22.54475,mountain," - "
10.20.2,Λακεδαιμονίων,http://pleiades.stoa.org/places/570406,37.07624042080912,22.46082645177671,region," - "
10.20.2,Λοκροὺς,http://pleiades.stoa.org/places/540917,38.75,22.75,unknown," - "
10.20.2,Λοκρῶν,http://pleiades.stoa.org/places/540919,38.25,21.75,unknown," - "
10.20.2,Μαραθῶνα,http://topostext.org/place/381241LMaB,38.144,24.0002,NULL," - "
10.20.2,Μυκηναίων,http://dare.ht.lu.se/places/21929,37.730833,22.756111,"settlement,tomb"," - "
10.20.2,Πυλῶν,http://dare.ht.lu.se/places/21976,38.796511,22.538294,"shrine,pass,fort"," - "
10.20.3,Βοιωτῶν,http://pleiades.stoa.org/places/540689,38.34668803333333,23.184677533333332,region," - "
10.20.3,Ἕλληνες,http://pleiades.stoa.org/places/1001896,37.5,22.5,province," - "
10.20.3,Θερμοπύλας,http://dare.ht.lu.se/places/21976,38.796511,22.538294,"shrine,pass,fort"," - "
10.20.3,Φωκέων,http://pleiades.stoa.org/places/541048,38.25,22.25,unknown," - "
10.20.4,Αἰτωλοὺς,http://pleiades.stoa.org/places/540591,38.51586100952381,21.759714990476194,region," - "
10.20.4,Αἰτωλῶν,http://pleiades.stoa.org/places/540591,38.51586100952381,21.759714990476194,region," - "
10.20.4,Ἀταλάντῃ,http://dare.ht.lu.se/places/43655,38.67349,23.0963,island," - "
10.20.4,Λοκροὺς,http://pleiades.stoa.org/places/540917,38.75,22.75,unknown," - "
10.20.4,Μεγαρεύς,http://topostext.org/place/380233PMeg,37.997,23.34285,NULL," - "
10.20.4,Μεγαρέων,http://dare.ht.lu.se/places/21951,37.2038,15.18273,"region,settlement"," - "
10.20.5,Ἀθηναίων,http://dare.ht.lu.se/places/10975,37.971687,23.726464,settlement," - "
10.20.5,Μακεδονίας,http://pleiades.stoa.org/places/491656,41.25,21.75,unknown," - "
10.20.5,Ὀρόντῃ,http://pleiades.stoa.org/places/658560,35.2728339,36.4825754,river," - "
10.20.6,Γαλατῶν,http://pleiades.stoa.org/places/993,44.730982100000006,3.5988981583333333,region," - "
10.20.6,Ἑλλήνων,http://pleiades.stoa.org/places/1001896,37.5,22.5,province," - "
10.20.6,Θερμοπύλας,http://dare.ht.lu.se/places/21976,38.796511,22.538294,"shrine,pass,fort"," - "
10.20.6,Μαγνησίαν,http://topostext.org/place/397227RMag,39.4,22.9,NULL," - "
10.20.6,Σπερχειόν,http://pleiades.stoa.org/places/541112,38.75,22.25,river," - "
10.20.6,Φθιῶτιν,http://pleiades.stoa.org/places/540585,38.9967985,22.55625075,region," - "
10.20.7,Γαλατῶν,http://pleiades.stoa.org/places/993,44.730982100000006,3.5988981583333333,region," - "
10.20.7,Ἕλλησι,http://pleiades.stoa.org/places/1001896,37.5,22.5,province," - "
10.20.7,Σπερχειὸς,http://pleiades.stoa.org/places/541112,38.75,22.25,river," - "
10.20.8,Ἕλληνες,http://pleiades.stoa.org/places/1001896,37.5,22.5,province," - "
10.20.8,"Μαλιακὸν κόλπον",http://pleiades.stoa.org/places/540929,38.8678937,22.6337672,water-open," - kolposMaliakon kolpon"
10.20.8,Σπερχειὸν,http://pleiades.stoa.org/places/541112,38.75,22.25,river,NULL
10.20.8,Σπερχειῷ,http://pleiades.stoa.org/places/541112,38.75,22.25,river," - "
10.20.9,Αἰτωλοὶ,http://pleiades.stoa.org/places/540591,38.51586100952381,21.759714990476194,region," - "
10.20.9,Γαλάται,http://pleiades.stoa.org/places/993,44.730982100000006,3.5988981583333333,region," - "
10.20.9,Ἑλλάδα,http://pleiades.stoa.org/places/1001896,37.5,22.5,province," - "
10.20.9,Ἡράκλειαν,http://dare.ht.lu.se/places/22751,38.790767,22.442503,settlement,NULL
10.20.9,Ἡρακλεώταις,http://dare.ht.lu.se/places/22751,38.790767,22.442503,settlement," - "
10.20.9,Ἡρακλεώτας,http://dare.ht.lu.se/places/22751,38.790767,22.442503,settlement," - "
10.20.9,Ἡρακλεωτῶν,http://dare.ht.lu.se/places/22751,38.790767,22.442503,settlement," - "
10.20.9,Θερμοπυλῶν,http://dare.ht.lu.se/places/21976,38.796511,22.538294,"shrine,pass,fort"," - "
10.21.1,Ἕλληνες,http://pleiades.stoa.org/places/1001896,37.5,22.5,province," - "
10.21.1,Ἡρακλείας,http://dare.ht.lu.se/places/22751,38.790767,22.442503,settlement," - "
10.21.1,Πύλας,http://dare.ht.lu.se/places/21976,38.796511,22.538294,"shrine,pass,fort",NULL
10.21.2,Γαλάται,http://pleiades.stoa.org/places/993,44.730982100000006,3.5988981583333333,region," - "
10.21.2,Πύλας,http://dare.ht.lu.se/places/21976,38.796511,22.538294,"shrine,pass,fort",NULL
10.21.3,Ἕλληνας,http://pleiades.stoa.org/places/1001896,37.5,22.5,province," - "
10.21.4,Ἀθηναῖοι,http://dare.ht.lu.se/places/10975,37.971687,23.726464,settlement," - "
10.21.5,Ἀθηναίων,http://dare.ht.lu.se/places/10975,37.971687,23.726464,settlement," - "
10.21.5,Γαλατῶν,http://pleiades.stoa.org/places/993,44.730982100000006,3.5988981583333333,region," - "
10.21.5,Ἕλληνας,http://pleiades.stoa.org/places/1001896,37.5,22.5,province," - "
10.21.6,Ἀθήνῃσι,http://dare.ht.lu.se/places/10975,37.971687,23.726464,settlement,NULL
10.21.6,Γαλάται,http://pleiades.stoa.org/places/993,44.730982100000006,3.5988981583333333,region," - "
10.21.6,Ἕλληνες,http://pleiades.stoa.org/places/1001896,37.5,22.5,province," - "
10.21.6,Θερμοπύλαις,http://dare.ht.lu.se/places/21976,38.796511,22.538294,"shrine,pass,fort"," - "
10.21.6,"στοᾷ τοῦ Ἐλευθερίου Διὸς",http://pleiades.stoa.org/places/649966334,37.975855,23.722014,stoa," - "
10.22.1,Γαλατῶν,http://pleiades.stoa.org/places/993,44.730982100000006,3.5988981583333333,region," - "
10.22.1,Ἑλλήνων,http://pleiades.stoa.org/places/1001896,37.5,22.5,province," - "
10.22.1,Ἡράκλειαν,http://dare.ht.lu.se/places/22751,38.790767,22.442503,settlement,NULL
10.22.1,"ἱερὸν Ἀθηνᾶς",http://dare.ht.lu.se/places/36760,38.787274,22.371895,sanctuary," - built|hieron|Athena|uncertainSanctuary of Athena above ruined city Trachis"
10.22.1,Οἴτην,http://dare.ht.lu.se/places/41398,38.7922475,22.2564576,mountain," - "
10.22.1,Τραχινίδος,http://topostext.org/place/388224RTra,38.75,22.4,NULL," - "
10.22.1,Τραχῖνος,http://topostext.org/place/388224RTra,38.75,22.4,NULL," - "
10.22.2,Αἰτωλίαν,http://pleiades.stoa.org/places/540591,38.51586100952381,21.759714990476194,region," - "
10.22.2,Αἰτωλοὺς,http://pleiades.stoa.org/places/540591,38.51586100952381,21.759714990476194,region," - "
10.22.2,Σπερχειοῦ,http://pleiades.stoa.org/places/541112,38.75,22.25,river," - "
10.22.3,Αἰτωλίαν,http://pleiades.stoa.org/places/540591,38.51586100952381,21.759714990476194,region," - "
10.22.3,Γαλάται,http://pleiades.stoa.org/places/993,44.730982100000006,3.5988981583333333,region," - "
10.22.3,Θεσσαλίας,http://pleiades.stoa.org/places/1332,39.6,22.2,region," - "
10.22.3,Καλλιέας,http://topostext.org/place/385222UKal,38.55,22.159,NULL," - built|polisKallieai ravaged by Gauls"
10.22.4,Γαλατῶν,http://pleiades.stoa.org/places/993,44.730982100000006,3.5988981583333333,region," - "
10.22.5,Αἰτωλίαν,http://pleiades.stoa.org/places/540591,38.51586100952381,21.759714990476194,region," - "
10.22.5,Αἰτωλοὶ,http://pleiades.stoa.org/places/540591,38.51586100952381,21.759714990476194,region," - "
10.22.5,Γαλάτας,http://pleiades.stoa.org/places/993,44.730982100000006,3.5988981583333333,region," - "
10.22.5,Θερμοπυλῶν,http://dare.ht.lu.se/places/21976,38.796511,22.538294,"shrine,pass,fort"," - "
10.22.5,Καλλιέων,http://topostext.org/place/385222UKal,38.55,22.159,NULL," - historical|Kallians|proxyKallians destroyed by Gauls"
10.22.6,Αἰτωλοὶ,http://pleiades.stoa.org/places/540591,38.51586100952381,21.759714990476194,region," - "
10.22.6,Αἰτωλοῖς,http://pleiades.stoa.org/places/540591,38.51586100952381,21.759714990476194,region," - "
10.22.6,Ἀχαιῶν,http://pleiades.stoa.org/places/570028,38.102121472776034,22.224585911364017,region," - "
10.22.6,Γαλατῶν,http://pleiades.stoa.org/places/993,44.730982100000006,3.5988981583333333,region," - "
10.22.6,Κάλλιον,http://topostext.org/place/385222UKal,38.55,22.159,NULL," - "
10.22.6,Πατρεῖς,http://dare.ht.lu.se/places/21942,38.243265,21.738518,settlement," - "
10.22.7,Θερμοπύλαις,http://dare.ht.lu.se/places/21976,38.796511,22.538294,"shrine,pass,fort"," - "
10.22.7,Καλλιεῦσι,http://topostext.org/place/385222UKal,38.55,22.159,NULL," - "
10.22.8,Αἰνιάνων,http://topostext.org/place/389221RAin,38.8374,22.0945,NULL," - "
10.22.8,Ἕλληνας,http://pleiades.stoa.org/places/1001896,37.5,22.5,province," - "
10.22.8,Ἕλλησι,http://pleiades.stoa.org/places/1001896,37.5,22.5,province," - "
10.22.8,Θερμοπύλαις,http://dare.ht.lu.se/places/21976,38.796511,22.538294,"shrine,pass,fort"," - "
10.22.8,Μῆδος,http://pleiades.stoa.org/places/903080,34.5,46.5,region," - "
10.22.8,Οἴτης,http://dare.ht.lu.se/places/41398,38.7922475,22.2564576,mountain," - "
10.22.8,Τραχῖνος,http://topostext.org/place/388224RTra,38.75,22.4,NULL," - "
10.22.9,Αἰνιᾶνες,http://topostext.org/place/389221RAin,38.8374,22.0945,NULL," - "
10.22.9,Ἡρακλεῶται,http://dare.ht.lu.se/places/22751,38.790767,22.442503,settlement," - "
10.22.10,Αἰνιάνων,http://topostext.org/place/389221RAin,38.8374,22.0945,NULL," - "
10.22.10,Ἡρακλεωτῶν,http://dare.ht.lu.se/places/22751,38.790767,22.442503,settlement," - "
10.22.11,Φωκέων,http://pleiades.stoa.org/places/541048,38.25,22.25,unknown," - "
10.22.12,Ἀθηναῖοι,http://dare.ht.lu.se/places/10975,37.971687,23.726464,settlement," - "
10.22.12,Δελφούς,http://dare.ht.lu.se/places/21949,38.482289,22.501169,"sanctuary,settlement"," - "
10.22.12,Θερμοπυλῶν,http://dare.ht.lu.se/places/21976,38.796511,22.538294,"shrine,pass,fort"," - "
10.22.13,Αἰτωλῶν,http://pleiades.stoa.org/places/540591,38.51586100952381,21.759714990476194,region," - "
10.22.13,Ἀμφίσσης,http://topostext.org/place/385224PAmp,38.53,22.374,NULL," - "
10.22.13,Ἑλλήνων,http://pleiades.stoa.org/places/1001896,37.5,22.5,province," - "
10.22.13,Ἡράκλειαν,http://dare.ht.lu.se/places/22751,38.790767,22.442503,settlement,NULL
10.22.13,Φωκεῖς,http://pleiades.stoa.org/places/541048,38.25,22.25,unknown," - "
10.23.1,Γαλατῶν,http://pleiades.stoa.org/places/993,44.730982100000006,3.5988981583333333,region," - "
10.23.1,Δελφοὺς,http://pleiades.stoa.org/places/540726,38.482289,22.501169,"sanctuary,settlement"," - "
10.23.1,Ἑλλήνων,http://pleiades.stoa.org/places/1001896,37.5,22.5,province," - "
10.23.2,Δελφοῖς,http://dare.ht.lu.se/places/21949,38.482289,22.501169,"sanctuary,settlement"," - "
10.23.3,Δελφούς,http://dare.ht.lu.se/places/21949,38.482289,22.501169,"sanctuary,settlement"," - "
10.23.3,Ἑλλήνων,http://pleiades.stoa.org/places/1001896,37.5,22.5,province," - "
10.23.3,Φωκεῖς,http://pleiades.stoa.org/places/541048,38.25,22.25,unknown," - "
10.23.3,Φωκέων,http://pleiades.stoa.org/places/541048,38.25,22.25,unknown," - "
10.23.4,Παρνασσοῦ,http://dare.ht.lu.se/places/41400,38.5348857,22.6222206,mountain," - "
10.23.5,Δελφῶν,http://dare.ht.lu.se/places/21949,38.482289,22.501169,"sanctuary,settlement"," - "
10.23.5,Ἕλληνες,http://pleiades.stoa.org/places/1001896,37.5,22.5,province," - "
10.23.5,Παρνασσοῦ,http://dare.ht.lu.se/places/41400,38.5348857,22.6222206,mountain," - "
10.23.5,Φωκεῖς,http://pleiades.stoa.org/places/541048,38.25,22.25,unknown," - "
10.23.6,Γαλατῶν,http://pleiades.stoa.org/places/993,44.730982100000006,3.5988981583333333,region," - "
10.23.6,Ἑλλήνων,http://pleiades.stoa.org/places/1001896,37.5,22.5,province," - "
10.23.8,Γαλάται,http://pleiades.stoa.org/places/993,44.730982100000006,3.5988981583333333,region," - "
10.23.8,Ἑλλάδα,http://pleiades.stoa.org/places/1001896,37.5,22.5,province," - "
10.23.8,Ἕλληνες,http://pleiades.stoa.org/places/1001896,37.5,22.5,province," - "
10.23.9,Γαλάται,http://pleiades.stoa.org/places/993,44.730982100000006,3.5988981583333333,region," - "
10.23.9,Ἕλλησι,http://pleiades.stoa.org/places/1001896,37.5,22.5,province," - "
10.23.9,Φωκεῖς,http://pleiades.stoa.org/places/541048,38.25,22.25,unknown," - "
10.23.9,Φωκέων,http://pleiades.stoa.org/places/541048,38.25,22.25,unknown," - "
10.23.10,Φωκίδι,http://pleiades.stoa.org/places/541048,38.25,22.25,unknown," - "
10.23.11,Ἀθηναίων,http://dare.ht.lu.se/places/10975,37.971687,23.726464,settlement," - "
10.23.11,Βοιωτίαν,http://pleiades.stoa.org/places/540689,38.34668803333333,23.184677533333332,region," - "
10.23.11,Βοιωτοί,http://pleiades.stoa.org/places/540689,38.34668803333333,23.184677533333332,region," - "
10.23.11,Δελφοῖς,http://dare.ht.lu.se/places/21949,38.482289,22.501169,"sanctuary,settlement"," - "
10.23.12,Αἰτωλοὶ,http://pleiades.stoa.org/places/540591,38.51586100952381,21.759714990476194,region," - "
10.23.12,Ἑλλάδι,http://pleiades.stoa.org/places/1001896,37.5,22.5,province," - "
10.23.12,Ἡρακλείᾳ,http://dare.ht.lu.se/places/22751,38.790767,22.442503,settlement," - "
10.23.13,Αἰτωλῶν,http://pleiades.stoa.org/places/540591,38.51586100952381,21.759714990476194,region," - "
10.23.13,Θεσσαλοὶ,http://pleiades.stoa.org/places/1332,39.6,22.2,region," - "
10.23.13,Μαλιεῖς,http://topostext.org/place/388224RMal,38.8,22.4,NULL," - "
10.23.13,Σπερχειόν,http://pleiades.stoa.org/places/541112,38.75,22.25,river," - "
10.23.13,Σπερχειοῦ,http://pleiades.stoa.org/places/541112,38.75,22.25,river," - "
10.23.14,Ἀθήνῃσιν,http://dare.ht.lu.se/places/10975,37.971687,23.726464,settlement," - "
10.23.14,Αἰγιεὺς,http://topostext.org/place/383221PAig,38.252,22.09,NULL," - "
10.23.14,Ἀσίαν,http://pleiades.stoa.org/places/837,39.64014749138555,31.033254534661616,"peninsula,region"," - regionalGauls crossing to Asia"
10.23.14,Ἑλλάδα,http://pleiades.stoa.org/places/1001896,37.5,22.5,province," - "
10.24.1,Ἀθηναῖός,http://dare.ht.lu.se/places/10975,37.971687,23.726464,settlement," - "
10.24.1,Αἰολέων,http://pleiades.stoa.org/places/550406,38.846442875,26.950801749999997,region," - "
10.24.1,Δελφοῖς,http://dare.ht.lu.se/places/21949,38.482289,22.501169,"sanctuary,settlement"," - "
10.24.1,Δελφοὺς,http://pleiades.stoa.org/places/540726,38.482289,22.501169,"sanctuary,settlement"," - "
10.24.1,Ἕλληνες,http://pleiades.stoa.org/places/1001896,37.5,22.5,province," - "
10.24.1,Ἰωνίας,http://pleiades.stoa.org/places/550597,38.258572855555556,27.36601213333333,region," - "
10.24.1,Λέσβῳ,http://dare.ht.lu.se/places/41123,39.20874,26.10052,island," - "
10.24.1,Λίνδιος,http://dare.ht.lu.se/places/22848,36.41451,28.15629,"island,settlement,temple-2,stadion"," - "
10.24.1,Μιλήσιος,http://dare.ht.lu.se/places/21166,37.5292362,27.2774885,"theatre,settlement,port"," - "
10.24.1,Μιτυληναῖος,http://topostext.org/place/391265PMyt,39.1114,26.5621,NULL," - "
10.24.1,Οἴτῃ,http://dare.ht.lu.se/places/41398,38.7922475,22.2564576,mountain," - physical|atraponpath on Oitê"
10.24.1,Πριηνεὺς,http://dare.ht.lu.se/places/21167,37.66,27.298333,"theatre,settlement,temple-2"," - "
10.24.1,Σπαρτιάτης,http://dare.ht.lu.se/places/21911,37.08149,22.42454,"theatre,temple,settlement,temple-2"," - "
10.24.2,εἰκόνα,http://arachne.dainst.org/entity/3587051,38.482335,22.500741,NULL," - eikôn|Homer|PausPortrait of Homer on stele"
10.24.2,Ἰῆται,http://dare.ht.lu.se/places/41350,36.7136,25.33603,island," - "
10.24.2,Ἴος,http://dare.ht.lu.se/places/41350,36.7136,25.33603,island," - "
10.24.2,"Ὁμήρου μνῆμα",http://topostext.org/place/368253FPsa,36.783,25.31,NULL," - built|mnêma|HomerTomb of Homer shown by citizens of Ios"
10.24.3,Ἑλλάδος,http://pleiades.stoa.org/places/1001896,37.5,22.5,province," - "
10.24.3,Κύπριοι,http://pleiades.stoa.org/places/707498,35.040883529816504,33.27533716422018,island," - "
10.24.3,Κύπρον,http://pleiades.stoa.org/places/707498,35.040883529816504,33.27533716422018,island,NULL
10.24.3,Κύπρῳ,http://pleiades.stoa.org/places/707498,35.040883529816504,33.27533716422018,island," - "
10.24.3,Σαλαμῖνος,http://dare.ht.lu.se/places/21562,35.17926,33.90294,settlement," - "
10.24.4,ἀγάλματα,http://arachne.dainst.org/entity/4020559,38.482335,22.500741,NULL," - "
10.24.4,ναῷ,http://pleiades.stoa.org/places/464482219,38.4823167,22.5012215,temple-2," - "
10.24.5,"Ἀπόλλωνος ἕτερον ἄγαλμα",http://arachne.dainst.org/entity/3587052,38.482335,22.500741,NULL," - object|agalma|Apollo|PausGold agalma of Apollo in deepest recess of temple."
10.24.5,Δελφοὺς,http://pleiades.stoa.org/places/540726,38.482289,22.501169,"sanctuary,settlement"," - "
10.24.6,Δελφοί,http://dare.ht.lu.se/places/21949,38.482289,22.501169,"sanctuary,settlement"," - "
10.24.7,Παρνασσὸν,http://dare.ht.lu.se/places/41400,38.5348857,22.6222206,mountain," - "
10.25.1,"γραφὰς ἔχον",http://arachne.dainst.org/entity/3587053,38.482335,22.500741,NULL," - object|graphê|PausPaintings in Knidian Lesche"
10.25.1,Δελφῶν,http://dare.ht.lu.se/places/21949,38.482289,22.501169,"sanctuary,settlement"," - "
10.25.1,Ἑλλάδα,http://pleiades.stoa.org/places/1001896,37.5,22.5,province," - "
10.25.1,Κνιδίων,http://dare.ht.lu.se/places/25172,36.686188,27.37404,settlement," - "
10.25.2,Ἀττικῇ,http://pleiades.stoa.org/places/579888,38.051998833333336,23.818991099999998,region," - "
10.25.2,Ἑλλήνων,http://pleiades.stoa.org/places/1001896,37.5,22.5,province," - "
10.25.2,"Ἴλιός τέ ἐστιν ἑαλωκυῖα",http://arachne.dainst.org/entity/3587053,38.482335,22.500741,NULL," - Q16327534|object|graphêIlioupersis of Polygnotos in Knidian Lesche"
10.25.2,Σούνιον,http://topostext.org/place/376240LSou,37.6498,24.0247,NULL," - "
10.25.5,Πυρραῖος,http://topostext.org/place/391262PPyr,39.155,26.286,NULL," - "
10.25.5,Τρῶες,http://dare.ht.lu.se/places/21153,39.9577,26.23873,settlement," - "
10.25.7,Ἀργεῖοι,http://dare.ht.lu.se/places/21779,37.631561,22.719464,settlement," - "
10.25.8,Ἑλλήνων,http://pleiades.stoa.org/places/1001896,37.5,22.5,province," - "
10.25.8,Ἴλιον,http://dare.ht.lu.se/places/21153,39.9577,26.23873,settlement," - "
10.25.9,Ἑλλήνων,http://pleiades.stoa.org/places/1001896,37.5,22.5,province," - "
10.25.10,"γραφὰς ἔν τε Ἀθήναις",http://arachne.dainst.org/entity/3586009,37.97945,23.71622,NULL," - object|graphê|Polyxena|opsisPainting of Polyxena at Athens"
10.25.10,"Περγάμῳ τῇ ὑπὲρ Καΐκου",http://arachne.dainst.org/entity/3587054,39.132126,27.183953,NULL," - "
10.26.1,Ἑλλήνων,http://pleiades.stoa.org/places/1001896,37.5,22.5,province," - "
10.26.3,Αὐλίδι,http://dare.ht.lu.se/places/31110,38.4335,23.5925,settlement," - mythicalWhere serpent appeared during rites, depicted on shield of Menelaus"
10.26.4,"γραφὴ πᾶσα",http://arachne.dainst.org/entity/3587053,38.482335,22.500741,NULL," - object|graphêIlioupersis painting destined for tomb of Neoptolemos"
10.26.6,"ἁρμοζούσας ἔγραψε γυναῖκας",http://arachne.dainst.org/entity/3586474,37.95137,27.36849,NULL," - "
10.26.6,"ἐν Ἀρτέμιδος τῆς Ἐφεσίας",http://dare.ht.lu.se/places/22847,37.9498235,27.363816,NULL," - "
10.26.6,Σάμιος,http://dare.ht.lu.se/places/21194,37.73,26.84,"island,sanctuary,settlement,temple-2"," - "
10.26.6,Φρύγα,http://pleiades.stoa.org/places/609502,38.75,29.75,region," - "
10.26.7,Ἑλλήνων,http://pleiades.stoa.org/places/1001896,37.5,22.5,province," - "
10.26.8,Χαλκιδεὺς,http://dare.ht.lu.se/places/21971,38.464,23.602,settlement," - "
10.26.9,Ἱμεραίου,http://dare.ht.lu.se/places/22259,37.96884,13.82184,"temple,settlement,plaza"," - Q332797|historical|poet|proxypoet of Himera [Stêsichoros]"
10.27.1,Στεκτορηνῶν,http://dare.ht.lu.se/places/21280,38.33261,30.143764,settlement," - "
10.27.1,Φρυγῶν,http://pleiades.stoa.org/places/609502,38.75,29.75,region," - "
10.27.2,Λυκίαν,http://pleiades.stoa.org/places/638965,36.513688333333334,29.129618500000003,region," - "
10.27.3,Ἕλλησιν,http://pleiades.stoa.org/places/1001896,37.5,22.5,province," - "
10.27.4,Θάσιος,http://dare.ht.lu.se/places/21903,40.78201,24.717535,"island,settlement"," - "
10.27.4,Ἰλίου,http://dare.ht.lu.se/places/21153,39.9577,26.23873,settlement," - "
10.28.1,"Ὀδυσσεὺς καταβεβηκὼς ἐς τὸν Ἅιδην",http://arachne.dainst.org/entity/3587055,38.482335,22.500741,NULL," - Q16330414|object|graphê|OdysseusLeft part of painting"
10.28.3,Θάσον,http://dare.ht.lu.se/places/41114,40.78201,24.717535,"island,settlement"," - "
10.28.3,Πάρου,http://dare.ht.lu.se/places/41422,37.03613,25.19093,island," - "
10.28.4,Αἴτνης,http://dare.ht.lu.se/places/23686,37.751113,14.9958286,mountain," - "
10.28.4,Κατάνῃ,http://dare.ht.lu.se/places/16884,37.5024825,15.0878345,"amphitheatre,settlement"," - "
10.28.5,Καταναίων,http://dare.ht.lu.se/places/16884,37.5024825,15.0878345,"amphitheatre,settlement"," - "
10.28.6,ἄγαλμα,http://arachne.dainst.org/entity/3587056,38.327031,23.536682,NULL," - "
10.28.6,Ἀθηναῖοί,http://dare.ht.lu.se/places/10975,37.971687,23.726464,settlement," - "
10.28.6,Δήλιον,http://topostext.org/place/383237UDel,38.34,23.6765,NULL," - "
10.28.6,Δηλίους,http://dare.ht.lu.se/places/22862,37.397274,25.268194,"architecturalcomplex,sanctuary,monument,island,settlement,plaza"," - "
10.28.6,Μῆδος,http://pleiades.stoa.org/places/903080,34.5,46.5,region," - "
10.28.6,Συρακούσαις,http://dare.ht.lu.se/places/16570,37.05963,15.29382,settlement," - "
10.28.6,Ταναγραίοις,http://dare.ht.lu.se/places/22779,38.309371,23.587064,settlement," - "
10.28.7,Δελφῶν,http://dare.ht.lu.se/places/21949,38.482289,22.501169,"sanctuary,settlement"," - "
10.28.8,Ἀρκαδίας,http://pleiades.stoa.org/places/570102,37.567419268449626,22.165323097346306,region," - "
10.28.8,Καρῶν,http://pleiades.stoa.org/places/991381,37.213163833551015,28.088996902733474,province," - "
10.28.8,Μυλάσοις,http://dare.ht.lu.se/places/21186,37.316871,27.789697,settlement," - "
10.28.8,Μυσίαν,http://pleiades.stoa.org/places/550759,39.13112815791898,27.184419878077563,"labeled feature"," - "
10.29.2,Ἰώνων,http://pleiades.stoa.org/places/550597,38.258572855555556,27.36601213333333,region," - "
10.29.4,Εὐφράτην,http://pleiades.stoa.org/places/912849,34.74942377777777,40.93640094444444,river," - "
10.29.4,Εὐφράτης,http://pleiades.stoa.org/places/912849,34.74942377777777,40.93640094444444,river," - potamosBridged at Zeugma by Dionysos"
10.29.4,Ζεῦγμά,http://dare.ht.lu.se/places/21500,37.056925,37.867771,"theatre,settlement"," - "
10.29.4,Ἰνδοὺς,http://pleiades.stoa.org/places/50004,22.5,77.5,region," - "
10.29.5,Βοιωτίᾳ,http://pleiades.stoa.org/places/540689,38.34668803333333,23.184677533333332,region," - "
10.29.5,Ἑλλήνων,http://pleiades.stoa.org/places/1001896,37.5,22.5,province," - "
10.29.5,Ὀρχομενοῦ,http://dare.ht.lu.se/places/21975,38.495082,22.959486,settlement," - "
10.29.5,Παρνασσοῦ,http://dare.ht.lu.se/places/41400,38.5348857,22.6222206,mountain," - "
10.29.7,Θηβῶν,http://dare.ht.lu.se/places/21952,38.318092,23.255096,"sanctuary,settlement"," - "
10.30.2,Μιλήτου,http://dare.ht.lu.se/places/28816,35.30686,25.574369,settlement," - "
10.30.4,Αἴγιναν,http://dare.ht.lu.se/places/43633,37.74991,23.42372,"island,settlement,temple-2"," - "
10.30.4,Αἰγίνης,http://dare.ht.lu.se/places/43633,37.74991,23.42372,"island,settlement,temple-2"," - "
10.30.4,Φωκίδα,http://pleiades.stoa.org/places/541048,38.25,22.25,unknown," - "
10.30.8,Τροίαν,http://dare.ht.lu.se/places/21153,39.9577,26.23873,settlement," - "
10.30.8,Φωκεῦσιν,http://pleiades.stoa.org/places/541048,38.25,22.25,unknown," - "
10.30.9,Γαλατῶν,http://pleiades.stoa.org/places/993,44.730982100000006,3.5988981583333333,region," - "
10.30.9,Κελαιναῖς,http://dare.ht.lu.se/places/21281,38.07289,30.17353,"settlement-modern,settlement"," - builtKelainai"
10.30.9,ποταμὸν,http://pleiades.stoa.org/places/638986,38.25,30.25,river," - "
10.30.9,Φρύγες,http://pleiades.stoa.org/places/609502,38.75,29.75,region," - "
10.31.1,Σαλαμῖνος,http://dare.ht.lu.se/places/41417,37.93,23.51,island," - "
10.31.2,Ἕλλησιν,http://pleiades.stoa.org/places/1001896,37.5,22.5,province," - "
10.31.3,Αἰτωλοὺς,http://pleiades.stoa.org/places/540591,38.51586100952381,21.759714990476194,region," - "
10.31.5,Θρᾷκά,http://topostext.org/place/410265RThr,41.0,26.5,NULL," - "
10.31.6,Αἰσήπου,http://pleiades.stoa.org/places/511141,40.25,27.75,river," - "
10.31.6,Ἑλλησπόντιοί,http://pleiades.stoa.org/places/501434,40.2,26.4,water-open," - "
10.31.7,Αἰθιοπίας,http://pleiades.stoa.org/places/334481,32.5,3.5,region," - "
10.31.7,Ἴλιον,http://dare.ht.lu.se/places/21153,39.9577,26.23873,settlement," - "
10.31.7,Σούσων,http://dare.ht.lu.se/places/22221,32.19202,48.24854,settlement," - builtSusa"
10.31.7,Φρύγες,http://pleiades.stoa.org/places/609502,38.75,29.75,region," - "
10.31.7,Χοάσπου,http://pleiades.stoa.org/places/912935,33.0958458,47.5259884,river," - "
10.31.8,Σκυθικοῖς,http://pleiades.stoa.org/places/1273,47.5,27.5,region," - "
10.31.10,Ἀρκάδας,http://pleiades.stoa.org/places/570102,37.567419268449626,22.165323097346306,region," - "
10.31.11,Ἐλευσῖνι,http://dare.ht.lu.se/places/22842,38.041096,23.538311,"sanctuary,settlement"," - "
10.31.11,Ἐλευσινίαν,http://topostext.org/place/380235SEle,38.0411,23.538,NULL," - Q26314|teletê|proxyEleusinian rite"
10.31.11,Ἑλλήνων,http://pleiades.stoa.org/places/1001896,37.5,22.5,province," - "
10.31.12,"Θασίου γραφή",http://arachne.dainst.org/entity/3587055,38.482335,22.500741,NULL," - object|graphêUnderworld painting"
10.32.1,ἄγαλμα,http://arachne.dainst.org/entity/3587057,38.482335,22.500741,NULL," - "
10.32.1,Δελφοῖς,http://dare.ht.lu.se/places/21949,38.482289,22.501169,"sanctuary,settlement"," - "
10.32.1,θέατρον,http://pleiades.stoa.org/places/333036424,38.4824497476,22.500727295,theatre," - built|theatron|Pausworth seeing, adjoining sacred enclosure"
10.32.1,Κνιδίων,http://dare.ht.lu.se/places/25172,36.686188,27.37404,settlement," - "
10.32.1,"πέτρας ὁποῖαι περὶ τὸν Παρνασσόν",http://dare.ht.lu.se/places/41400,38.5348857,22.6222206,mountain," - material|petra|proxystones common at Parnassos"
10.32.1,στάδιον,http://dare.ht.lu.se/places/24189,38.48262717024734,22.49799432003491,NULL," - built|stadion|Pausat highest point of the city, rebuilt in marble by Herodes"
10.32.2,"ἄκρα τοῦ Παρνασσοῦ",http://dare.ht.lu.se/places/41400,38.5348857,22.6222206,mountain," - "
10.32.2,Δελφῶν,http://dare.ht.lu.se/places/21949,38.482289,22.501169,"sanctuary,settlement"," - "
10.32.2,Κωρύκιον,http://dare.ht.lu.se/places/36767,38.51526,22.52073,"sanctuary,cave"," - "
10.32.3,"ἄγαλμα Μητρὸς",http://arachne.dainst.org/entity/3587058,39.200758,29.612442,NULL," - "
10.32.3,Ἀζάνων,http://topostext.org/place/378221RAza,37.83,22.13,NULL," - "
10.32.3,Ἀρκαδίας,http://pleiades.stoa.org/places/570102,37.567419268449626,22.165323097346306,region," - "
10.32.3,Ἕλλησι,http://pleiades.stoa.org/places/1001896,37.5,22.5,province," - "
10.32.3,Πεγκέλᾳ,http://pleiades.stoa.org/places/609496,39.1758167,29.5859461,river," - "
10.32.3,Στεῦνος,http://pleiades.stoa.org/places/609467,39.175719,29.576517,sanctuary," - "
10.32.3,Φρύγες,http://pleiades.stoa.org/places/609502,38.75,29.75,region," - "
10.32.4,Γαλατῶν,http://pleiades.stoa.org/places/993,44.730982100000006,3.5988981583333333,region," - "
10.32.4,Ἰωνίαν,http://pleiades.stoa.org/places/550597,38.258572855555556,27.36601213333333,region," - "
10.32.4,Ἰωνίας,http://pleiades.stoa.org/places/550597,38.258572855555556,27.36601213333333,region," - "
10.32.4,Λαοδικείας,http://dare.ht.lu.se/places/21162,37.83692,29.10786,"theatre,settlement"," - "
10.32.4,Φρύγες,http://pleiades.stoa.org/places/609502,38.75,29.75,region," - "
10.32.5,"ἀγάλματα οὐ μεγάλα",http://arachne.dainst.org/entity/3888430,37.83663,29.10819,NULL," - "
10.32.5,Ἀπόλλωνος,http://arachne.dainst.org/entity/3888276,37.83663,29.10819,NULL," - "
10.32.5,Ἑρμοῦ,http://arachne.dainst.org/entity/3888275,37.83663,29.10819,NULL," - "
10.32.5,Ἡρακλέους,http://arachne.dainst.org/entity/3888277,37.83663,29.10819,NULL," - "
10.32.6,"ἄγαλμα τοῦ Ἀπόλλωνος",http://arachne.dainst.org/entity/3587059,37.83333,27.41667,NULL," - object|agalma|Apolloin cave at Aulai by Lethaios river"
10.32.6,Ληθαίῳ,http://pleiades.stoa.org/places/599765,37.75,27.25,river," - "
10.32.6,Μάγνησιν,http://dare.ht.lu.se/places/21173,37.8507,27.52785,settlement," - "
10.32.7,Κωρύκιον,http://dare.ht.lu.se/places/36767,38.51526,22.52073,"sanctuary,cave"," - "
10.32.7,Κωρυκίου,http://dare.ht.lu.se/places/36767,38.51526,22.52073,"sanctuary,cave"," - "
10.32.7,Παρνασσὸν,http://dare.ht.lu.se/places/41400,38.5348857,22.6222206,mountain," - "
10.32.7,Παρνασσοῦ,http://dare.ht.lu.se/places/41400,38.5348857,22.6222206,mountain,NULL
10.32.8,Δελφῶν,http://dare.ht.lu.se/places/21949,38.482289,22.501169,"sanctuary,settlement"," - "
10.32.8,Μήδου,http://pleiades.stoa.org/places/903080,34.5,46.5,region," - "
10.32.8,Τιθορέα,http://dare.ht.lu.se/places/22817,38.58344,22.66931,settlement," - "
10.32.9,Νεῶνα,http://dare.ht.lu.se/places/22817,38.58344,22.66931,settlement," - "
10.32.9,Τιθορέᾳ,http://dare.ht.lu.se/places/22817,38.58344,22.66931,settlement," - "
10.32.9,Τιθορέαν,http://dare.ht.lu.se/places/22817,38.58344,22.66931,settlement," - "
10.32.9,Τιθορέας,http://dare.ht.lu.se/places/22817,38.58344,22.66931,settlement," - "
10.32.10,ἄγαλμα,http://arachne.dainst.org/entity/3587060,38.584509,22.667198,NULL," - "
10.32.10,Θηβαίους,http://dare.ht.lu.se/places/21952,38.318092,23.255096,"sanctuary,settlement"," - "
10.32.10,Τιθορέᾳ,http://dare.ht.lu.se/places/22817,38.58344,22.66931,settlement," - "
10.32.11,Τιθορέων,http://dare.ht.lu.se/places/22817,38.58344,22.66931,settlement," - "
10.32.12,ἄγαλμα,http://arachne.dainst.org/entity/3587061,38.584509,22.667198,NULL," - "
10.32.12,Τιθορέας,http://dare.ht.lu.se/places/22817,38.58344,22.66931,settlement," - "
10.32.12,Τιθορέων,http://dare.ht.lu.se/places/22817,38.58344,22.66931,settlement," - "
10.32.12,Φωκέων,http://pleiades.stoa.org/places/541048,38.25,22.25,unknown," - "
10.32.13,Αἰγυπτίᾳ,http://pleiades.stoa.org/places/981503,19.211408766666665,30.567329633333333,region," - "
10.32.13,Ἕλληνες,http://pleiades.stoa.org/places/1001896,37.5,22.5,province," - "
10.32.13,Μαιάνδρου,http://pleiades.stoa.org/places/599777,37.6220196,27.4713446,river," - "
10.32.13,Τιθορεεῖς,http://dare.ht.lu.se/places/22817,38.58344,22.66931,settlement," - "
10.32.14,Τιθορέων,http://dare.ht.lu.se/places/22817,38.58344,22.66931,settlement," - "
10.32.17,Τιθορέαν,http://dare.ht.lu.se/places/22817,38.58344,22.66931,settlement," - "
10.32.18,Αἰγυπτίους,http://pleiades.stoa.org/places/981503,19.211408766666665,30.567329633333333,region," - "
10.32.18,Αἴγυπτον,http://pleiades.stoa.org/places/981503,19.211408766666665,30.567329633333333,region," - "
10.32.18,Κόπτῳ,http://dare.ht.lu.se/places/22151,25.996402,32.815787,settlement," - "
10.32.18,Νεῖλος,http://pleiades.stoa.org/places/727172,19.211408766666665,30.567329633333333,river," - "
10.32.18,Ῥωμαῖον,http://pleiades.stoa.org/places/423025,41.89262,12.4843457,"settlement,urban"," - "
10.32.18,Φοίνικος,http://pleiades.stoa.org/places/678334,33.25,35.25,region," - "
10.32.19,Τιθορέων,http://dare.ht.lu.se/places/22817,38.58344,22.66931,settlement,NULL
10.32.19,"τὸ ἐκ τῆς νήσου τῆς Ἰστρίας",http://pleiades.stoa.org/places/197304,45.5,13.5,peninsula," - Q93165|material|elaionOlive oil from Istria"
10.32.19,"τοῦ Σικυωνίου",http://dare.ht.lu.se/places/21937,37.98336,22.71135,settlement," - Q93165|material|elaion|proxyOlive oil from Sicyon"
10.32.19,"τοῦ τε Ἀττικοῦ",http://pleiades.stoa.org/places/579888,38.051998833333336,23.818991099999998,region," - Q93165|material|elaion|proxyOlive oil from Attica"
10.33.1,Κηφισῷ,http://topostext.org/place/388228WKep,38.496,22.91,NULL," - "
10.33.1,Λεδόντιοι,http://dare.ht.lu.se/places/29395,38.654801,22.680539,settlement," - "
10.33.1,"Λέδοντος τῆς ἀρχαίας",http://topostext.org/place/387227PLed,38.667,22.671,NULL," - built|polis|ereipiaruins of ancient Ledon 40 stades up from site on Kephisos"
10.33.1,Λέδων,http://dare.ht.lu.se/places/29395,38.654801,22.680539,settlement," - "
10.33.1,Πανοπεῖς,http://dare.ht.lu.se/places/29426,38.49551,22.79418,settlement," - "
10.33.1,Τιθορέα,http://dare.ht.lu.se/places/22817,38.58344,22.66931,settlement," - "
10.33.1,Φωκέων,http://pleiades.stoa.org/places/541048,38.25,22.25,unknown," - "
10.33.2,Ἠδωνοῖς,http://pleiades.stoa.org/places/501409,40.785833,23.848889,people," - historical|Edones|proxyEdonoi (whose city was Myrkinos)"
10.33.2,Ἴλιον,http://dare.ht.lu.se/places/21153,39.9577,26.23873,settlement," - "
10.33.2,Ἰωνίαν,http://pleiades.stoa.org/places/550597,38.258572855555556,27.36601213333333,region," - "
10.33.2,Λεδοντίοις,http://dare.ht.lu.se/places/29395,38.654801,22.680539,settlement," - "
10.33.2,Μιλήσιοι,http://dare.ht.lu.se/places/21166,37.5292362,27.2774885,"theatre,settlement,port"," - "
10.33.2,πόλεως,http://dare.ht.lu.se/places/32366,40.901252,23.819776,settlement," - built|polis[Myrkinos] city in Edonian territory founded by Hestiaios"
10.33.3,"αὐτὸν ἀντὶ τῆς εὐεργεσίας ταύτης ἀνέθεσαν",http://arachne.dainst.org/entity/3587062,38.482335,22.500741,NULL," - object|statueStatue of Patron dedicated by Lilaians at Delphi"
10.33.3,Δελφούς,http://dare.ht.lu.se/places/21949,38.482289,22.501169,"sanctuary,settlement"," - "
10.33.3,Δελφῶν,http://dare.ht.lu.se/places/21949,38.482289,22.501169,"sanctuary,settlement"," - "
10.33.3,Λίλαια,http://dare.ht.lu.se/places/22755,38.62687,22.50592,settlement," - "
10.33.3,Λιλαιεῖς,http://dare.ht.lu.se/places/22755,38.62687,22.50592,settlement," - "
10.33.3,Μακεδόνας,http://pleiades.stoa.org/places/491656,41.25,21.75,unknown," - "
10.33.3,Μακεδονίας,http://pleiades.stoa.org/places/491656,41.25,21.75,unknown," - "
10.33.3,Παρνασσοῦ,http://dare.ht.lu.se/places/41400,38.5348857,22.6222206,mountain," - "
10.33.4,ἀγάλματα,http://arachne.dainst.org/entity/3587063,38.626,22.506,NULL," - "
10.33.4,"ἐργασίας τε τῆς Ἀττικῆς",http://pleiades.stoa.org/places/579888,38.051998833333336,23.818991099999998,region," - ergasia|attributeAttic workmanship for statues at Lilaia"
10.33.4,Λιλαίᾳ,http://dare.ht.lu.se/places/22755,38.62687,22.50592,settlement," - "
10.33.4,ὀρθὰ,http://arachne.dainst.org/entity/3587064,38.626,22.506,NULL," - "
10.33.5,Λίλαια,http://dare.ht.lu.se/places/22755,38.62687,22.50592,settlement," - "
10.33.5,Παρνασσός,http://dare.ht.lu.se/places/41400,38.5348857,22.6222206,mountain," - "
10.33.5,"ποταμὸς ἐνταῦθα ἔχει τὰς πηγάς",http://topostext.org/place/386225SKep,38.629,22.52,NULL," - "
10.33.6,Κηφισόν,http://topostext.org/place/388228WKep,38.496,22.91,NULL," - "
10.33.6,Χαράδρα,http://dare.ht.lu.se/places/29321,38.640939,22.489574,settlement," - "
10.33.6,Χαραδραίοις,http://dare.ht.lu.se/places/29321,38.640939,22.489574,settlement," - "
10.33.7,Κηφισὸν,http://topostext.org/place/388228WKep,38.496,22.91,NULL," - "
10.33.7,Παραποταμίους,http://dare.ht.lu.se/places/29427,38.554,22.806,settlement," - "
10.33.7,Φωκίδος,http://pleiades.stoa.org/places/541048,38.25,22.25,unknown," - "
10.33.8,Ἀθηναίων,http://dare.ht.lu.se/places/10975,37.971687,23.726464,settlement," - "
10.33.8,Βοιωτῶν,http://pleiades.stoa.org/places/540689,38.34668803333333,23.184677533333332,region," - "
10.33.8,Παραποτάμιοί,http://dare.ht.lu.se/places/29427,38.554,22.806,settlement," - "
10.33.8,Παραποταμίους,http://dare.ht.lu.se/places/29427,38.554,22.806,settlement," - "
10.33.8,Παραποταμίων,http://dare.ht.lu.se/places/29427,38.554,22.806,settlement," - "
10.33.8,πόλις,http://dare.ht.lu.se/places/29427,38.554,22.806,settlement," - polis|unlocated|logosNo  ruins, no record of location of the polis"
10.33.8,Φωκεῦσιν,http://pleiades.stoa.org/places/541048,38.25,22.25,unknown," - "
10.33.9,Ἀμφίκαιαν,http://pleiades.stoa.org/places/540629,38.6424,22.5813,settlement," - "
10.33.9,Ἀμφίκλειαν,http://dare.ht.lu.se/places/23121,38.6424,22.5813,settlement," - "
10.33.9,Λιλαίας,http://pleiades.stoa.org/places/540915,38.62687,22.50592,settlement," - "
10.33.9,Φωκεῦσιν,http://pleiades.stoa.org/places/541048,38.25,22.25,unknown," - "
10.33.11,Ἀμφικλειεῦσι,http://dare.ht.lu.se/places/23121,38.6424,22.5813,settlement," - "
10.33.11,Ἀμφικλειέων,http://dare.ht.lu.se/places/23121,38.6424,22.5813,settlement," - "
10.33.12,ἄγαλμα,http://arachne.dainst.org/entity/3587065,38.707452,22.558322,NULL," - object|agalma|Demeter Thesmophoros|Pausstone agalma"
10.33.12,Ἀμφικλείας,http://dare.ht.lu.se/places/23121,38.6424,22.5813,settlement," - "
10.33.12,Δρυμαία,http://dare.ht.lu.se/places/29328,38.70507,22.54128,settlement," - "
10.33.12,Δρυμαίαν,http://dare.ht.lu.se/places/29328,38.70507,22.54128,settlement," - "
10.33.12,Δρυμαίοις,http://dare.ht.lu.se/places/29328,38.70507,22.54128,settlement," - "
10.33.12,Κηφισὸν,http://topostext.org/place/388228WKep,38.496,22.91,NULL," - "
10.33.12,Τιθρωνεῦσιν,http://dare.ht.lu.se/places/29478,38.67517,22.58105,settlement," - "
10.33.12,Τιθρώνιον,http://dare.ht.lu.se/places/29478,38.67517,22.58105,settlement," - built|polis|Paus15 stadia from Amphikleia"
10.33.12,Τιθρωνίου,http://dare.ht.lu.se/places/29478,38.67517,22.58105,settlement," - "
10.34.1,Ἀμφίκλειαν,http://dare.ht.lu.se/places/23121,38.6424,22.5813,settlement," - "
10.34.1,Δελφούς,http://dare.ht.lu.se/places/21949,38.482289,22.501169,"sanctuary,settlement"," - "
10.34.1,Ἐλάτεια,http://dare.ht.lu.se/places/22815,38.645635,22.782061,"settlement-modern,settlement"," - "
10.34.1,"Ἐλατέων ἄστεως",http://dare.ht.lu.se/places/22815,38.645635,22.782061,"settlement-modern,settlement"," - built|astuAsty of the Elateians"
10.34.1,Κηφισὸν,http://topostext.org/place/388228WKep,38.496,22.91,NULL," - "
10.34.1,Κηφισός,http://topostext.org/place/388228WKep,38.496,22.91,NULL," - "
10.34.1,Φωκεῦσι,http://pleiades.stoa.org/places/541048,38.25,22.25,unknown," - "
10.34.2,Ἀρκάδες,http://pleiades.stoa.org/places/570102,37.567419268449626,22.165323097346306,region," - "
10.34.2,Δελφοῖς,http://dare.ht.lu.se/places/21949,38.482289,22.501169,"sanctuary,settlement"," - "
10.34.2,Ἐλατείας,http://dare.ht.lu.se/places/22815,38.645635,22.782061,"settlement-modern,settlement"," - "
10.34.2,Ἐλατεῦσι,http://dare.ht.lu.se/places/22815,38.645635,22.782061,"settlement-modern,settlement"," - "
10.34.2,ἱερὸν,http://pleiades.stoa.org/places/540726,38.482289,22.501169,"sanctuary,settlement"," - "
10.34.2,Μακεδόνων,http://pleiades.stoa.org/places/491656,41.25,21.75,unknown," - "
10.34.2,Ῥωμαῖοι,http://dare.ht.lu.se/places/1438,41.89262,12.4843457,"settlement,urban"," - "
10.34.2,Φωκίδι,http://pleiades.stoa.org/places/541048,38.25,22.25,unknown," - "
10.34.3,Ἐλατείᾳ,http://dare.ht.lu.se/places/22815,38.645635,22.782061,"settlement-modern,settlement"," - "
10.34.3,Ἐλάτειαν,http://pleiades.stoa.org/places/540755,38.645635,22.782061,"settlement-modern,settlement"," - "
10.34.3,Ἐλατεῦσι,http://dare.ht.lu.se/places/22815,38.645635,22.782061,"settlement-modern,settlement"," - "
10.34.3,Μακεδόνων,http://pleiades.stoa.org/places/491656,41.25,21.75,unknown," - "
10.34.3,Μακεδόσι,http://pleiades.stoa.org/places/491656,41.25,21.75,unknown," - "
10.34.3,Μῆδος,http://pleiades.stoa.org/places/903080,34.5,46.5,region," - "
10.34.3,Φωκέας,http://pleiades.stoa.org/places/541048,38.25,22.25,unknown," - "
10.34.3,Φωκέων,http://pleiades.stoa.org/places/541048,38.25,22.25,unknown," - "
10.34.4,Ἐλατεῖς,http://dare.ht.lu.se/places/22815,38.645635,22.782061,"settlement-modern,settlement"," - "
10.34.4,Ἐλατεῦσι,http://dare.ht.lu.se/places/22815,38.645635,22.782061,"settlement-modern,settlement"," - "
10.34.4,Μακεδόνων,http://pleiades.stoa.org/places/491656,41.25,21.75,unknown," - "
10.34.4,Πόντου,http://pleiades.stoa.org/places/1224,43.0786852,34.7425505,water-open," - "
10.34.4,Ῥωμαίου,http://dare.ht.lu.se/places/1438,41.89262,12.4843457,"settlement,urban"," - "
10.34.4,Ῥωμαίων,http://dare.ht.lu.se/places/1438,41.89262,12.4843457,"settlement,urban"," - "
10.34.4,Ῥώμης,http://dare.ht.lu.se/places/1438,41.89262,12.4843457,"settlement,urban"," - "
10.34.5,Ἐλατείᾳ,http://dare.ht.lu.se/places/22815,38.645635,22.782061,"settlement-modern,settlement"," - "
10.34.5,Ἐλάτειαν,http://pleiades.stoa.org/places/540755,38.645635,22.782061,"settlement-modern,settlement"," - "
10.34.5,Ἑλλάδα,http://pleiades.stoa.org/places/1001896,37.5,22.5,province," - "
10.34.5,"χαλκοῦς ἕστηκεν ἀνδριάς",http://arachne.dainst.org/entity/3587066,38.63333,22.76667,NULL," - "
10.34.6,"ἄγαλμα γένεια ἔχον",http://arachne.dainst.org/entity/3587068,38.63333,22.76667,NULL," - "
10.34.6,Ἀττικοῦ,http://pleiades.stoa.org/places/579888,38.051998833333336,23.818991099999998,region," - "
10.34.6,στήλῃ,http://arachne.dainst.org/entity/3587067,38.63333,22.76667,NULL," - "
10.34.6,"χαλκοῦν Ἀθηνᾶς ἄγαλμα ἀρχαῖον",http://arachne.dainst.org/entity/3587069,38.63333,22.76667,NULL," - object|agalma|Athena|Pausbronze Athena near theater"
10.34.7,Ἐλατείας,http://dare.ht.lu.se/places/22815,38.645635,22.782061,"settlement-modern,settlement"," - "
10.34.7,ἱερόν,http://topostext.org/place/387228SAth,38.658,22.811,NULL," - "
10.34.8,ἄγαλμα,http://arachne.dainst.org/entity/3587070,38.63333,22.76667,NULL," - "
10.34.8,Ἀθηναίων,http://dare.ht.lu.se/places/10975,37.971687,23.726464,settlement," - "
10.34.8,Ἀθήνῃσι,http://dare.ht.lu.se/places/10975,37.971687,23.726464,settlement," - "
10.34.8,ἀσπίδι,http://topostext.org/binder/JB0642,37.975374,23.723929,NULL," - object|aspis|opsisShield of Athena Parthenos, model for Athena Kranaia shield"
10.35.1,Ἄβαις,http://dare.ht.lu.se/places/23113,38.58006,22.9154,settlement," - "
10.35.1,Ἄβας,http://dare.ht.lu.se/places/23113,38.58006,22.9154,settlement," - "
10.35.1,Ἄργους,http://dare.ht.lu.se/places/21779,37.631561,22.719464,settlement," - "
10.35.1,Ἐλατείας,http://dare.ht.lu.se/places/22815,38.645635,22.782061,"settlement-modern,settlement"," - "
10.35.1,"Ἐλατέων ἄστεως",http://dare.ht.lu.se/places/22815,38.645635,22.782061,"settlement-modern,settlement"," - built|astuAsty of the Elateians"
10.35.1,Ὀποῦντα,http://dare.ht.lu.se/places/23120,38.653678,22.999964,settlement," - "
10.35.1,Ὀρχομενοῦ,http://dare.ht.lu.se/places/21975,38.495082,22.959486,settlement," - "
10.35.1,Ὑάμπολιν,http://dare.ht.lu.se/places/23112,38.596346,22.905228,settlement," - "
10.35.1,Φωκίδα,http://pleiades.stoa.org/places/541048,38.25,22.25,unknown," - "
10.35.2,Ἀβαίοις,http://dare.ht.lu.se/places/23113,38.58006,22.9154,settlement," - "
10.35.2,Ἄβαις,http://dare.ht.lu.se/places/23113,38.58006,22.9154,settlement," - "
10.35.2,Ἀθηναίοις,http://dare.ht.lu.se/places/10975,37.971687,23.726464,settlement," - "
10.35.2,Ἁλιαρτίᾳ,http://topostext.org/place/384231PHal,38.3787,23.088,NULL," - regionalHaliartia"
10.35.2,Ἑλλήνων,http://pleiades.stoa.org/places/1001896,37.5,22.5,province," - "
10.35.2,"ἐν Ἄβαις ἱερόν",http://topostext.org/place/386229SAba,38.6366,22.8956,NULL," - built|hieron|Apolloburned by Xerxes' army"
10.35.2,Ῥωμαῖοί,http://dare.ht.lu.se/places/1438,41.89262,12.4843457,"settlement,urban"," - "
10.35.2,Φαληρῷ,http://dare.ht.lu.se/places/31176,37.9373,23.7062,settlement," - "
10.35.3,Ἄβας,http://dare.ht.lu.se/places/23113,38.58006,22.9154,settlement," - "
10.35.3,Βοιωτίου,http://pleiades.stoa.org/places/540689,38.34668803333333,23.184677533333332,region," - "
10.35.3,"ἐν Ἄβαις ἱεροῦ",http://topostext.org/place/386229SAba,38.6366,22.8956,NULL," - "
10.35.3,Θηβαῖοι,http://dare.ht.lu.se/places/21952,38.318092,23.255096,"sanctuary,settlement"," - "
10.35.3,Μηδικῷ,http://pleiades.stoa.org/places/903080,34.5,46.5,region," - "
10.35.3,Φωκέων,http://pleiades.stoa.org/places/541048,38.25,22.25,unknown," - "
10.35.4,Ἀβαίοις,http://dare.ht.lu.se/places/23113,38.58006,22.9154,settlement," - "
10.35.4,Ἀβαίων,http://dare.ht.lu.se/places/23113,38.58006,22.9154,settlement," - "
10.35.4,"ἀγάλματα ἀρχαιότερα",http://arachne.dainst.org/entity/3888431,38.636,22.895,NULL," - object|agalma|PausAgalmata in smaller temple at Abai"
10.35.4,Ἀπόλλων,http://arachne.dainst.org/entity/3888278,38.636,22.895,NULL," - "
10.35.4,Ἄρτεμις,http://arachne.dainst.org/entity/3888279,38.636,22.895,NULL," - "
10.35.4,Λητώ,http://arachne.dainst.org/entity/3888280,38.636,22.895,NULL," - "
10.35.5,Θηβῶν,http://dare.ht.lu.se/places/21952,38.318092,23.255096,"sanctuary,settlement"," - "
10.35.5,Ὑάμπολιν,http://dare.ht.lu.se/places/23112,38.596346,22.905228,settlement," - "
10.35.5,Ὑάμπολις,http://dare.ht.lu.se/places/23112,38.596346,22.905228,settlement," - "
10.35.5,"Ὑάντων πόλις",http://dare.ht.lu.se/places/23112,38.596346,22.905228,settlement," - built|polislegendary early name"
10.35.8,Ἀθηναῖοι,http://dare.ht.lu.se/places/10975,37.971687,23.726464,settlement," - "
10.35.8,Ἀθηνῶν,http://dare.ht.lu.se/places/10975,37.971687,23.726464,settlement," - "
10.35.8,Ἀττικῆς,http://pleiades.stoa.org/places/579888,38.051998833333336,23.818991099999998,region," - "
10.35.8,Δαυλίδα,http://dare.ht.lu.se/places/22816,38.50665,22.72926,settlement," - "
10.35.8,Δελφοὺς,http://pleiades.stoa.org/places/540726,38.482289,22.501169,"sanctuary,settlement"," - "
10.35.8,Πανοπέως,http://dare.ht.lu.se/places/29426,38.49551,22.79418,settlement," - "
10.35.8,Στιρέων,http://dare.ht.lu.se/places/31193,37.898159,24.010734,settlement," - "
10.35.8,Στῖριν,http://dare.ht.lu.se/places/29466,38.385,22.757,settlement," - "
10.35.8,Φωκεῖς,http://pleiades.stoa.org/places/541048,38.25,22.25,unknown," - "
10.35.8,Φωκέων,http://pleiades.stoa.org/places/541048,38.25,22.25,unknown," - "
10.35.8,Φωκίδα,http://pleiades.stoa.org/places/541048,38.25,22.25,unknown," - "
10.35.8,Χαιρωνείας,http://dare.ht.lu.se/places/22857,38.493361,22.840365,settlement," - "
10.35.9,Στιρίταις,http://dare.ht.lu.se/places/29466,38.385,22.757,settlement," - "
10.35.10,ἄγαλμα,http://arachne.dainst.org/entity/3587071,38.408816,22.712495,NULL," - "
10.35.10,"ἄγαλμα ἀρχαῖόν",http://arachne.dainst.org/entity/3587072,38.408816,22.712495,NULL," - object|agalma|DemeterAncient statue with ribbons"
10.35.10,"λίθου δὲ τοῦ Πεντελῆσι",http://dare.ht.lu.se/places/41414,38.0814366,23.8827098,mountain," - "
10.35.10,Στῖρι,http://dare.ht.lu.se/places/29466,38.385,22.757,settlement," - "
10.36.1,Ἄμβροσσον,http://dare.ht.lu.se/places/25173,38.42845,22.66763,settlement," - "
10.36.1,Γαλάται,http://pleiades.stoa.org/places/993,44.730982100000006,3.5988981583333333,region," - "
10.36.1,"γῇ τῇ Ἀμβροσσέων",http://dare.ht.lu.se/places/25173,38.42845,22.66763,settlement," - "
10.36.1,Ἴωνες,http://pleiades.stoa.org/places/550597,38.258572855555556,27.36601213333333,region," - "
10.36.1,Φρυγίας,http://pleiades.stoa.org/places/609502,38.75,29.75,region," - "
10.36.3,Ἄμβροσσος,http://dare.ht.lu.se/places/25173,38.42845,22.66763,settlement," - "
10.36.3,Ἀμβρόσσῳ,http://dare.ht.lu.se/places/25173,38.42845,22.66763,settlement," - "
10.36.3,Δελφοί,http://dare.ht.lu.se/places/21949,38.482289,22.501169,"sanctuary,settlement"," - "
10.36.3,Θηβαῖοι,http://dare.ht.lu.se/places/21952,38.318092,23.255096,"sanctuary,settlement"," - "
10.36.3,Μακεδόνων,http://pleiades.stoa.org/places/491656,41.25,21.75,unknown," - "
10.36.3,Παρνασσόν,http://dare.ht.lu.se/places/41400,38.5348857,22.6222206,mountain," - "
10.36.4,Ἀμβροσσεῦσιν,http://topostext.org/place/384227PAmb,38.4296,22.663,NULL," - "
10.36.4,"ἀνδριάντων ἐν αὐτῇ λίθου",http://arachne.dainst.org/entity/3991283,38.428382,22.667134,NULL," - object|andrias|Pausbroken stone statues in agora of Ambrossos"
10.36.5,ἀγάλματι,http://arachne.dainst.org/entity/3587074,38.428382,22.667134,NULL," - object|agalma|Artemis Diktunnaia|Pausblack stone, Aigina work"
10.36.5,Αἰγιναία,http://topostext.org/place/378234PAig,37.75,23.425,NULL," - "
10.36.5,Ἀμβροσσεῖς,http://dare.ht.lu.se/places/25173,38.42845,22.66763,settlement," - "
10.36.5,Ἀντίκυρα,http://pleiades.stoa.org/places/540642,38.375439,22.626059,"settlement,port"," - "
10.36.5,Ἀντίκυραν,http://pleiades.stoa.org/places/540642,38.375439,22.626059,"settlement,port"," - "
10.36.5,Ἀντίκυραν,http://dare.ht.lu.se/places/22840,38.375439,22.626059,"settlement,port"," - "
10.36.5,ἱερόν,http://topostext.org/place/384227SDik,38.4156,22.6555,NULL," - "
10.36.5,"ἱεροῦ τῆς Δικτυνναίας",http://topostext.org/place/384227SDik,38.4156,22.6555,NULL," - "
10.36.5,Κυπάρισσον,http://dare.ht.lu.se/places/22840,38.375439,22.626059,"settlement,port"," - built|polispossible ancient name for Antikyra"
10.36.5,Φωκέων,http://pleiades.stoa.org/places/541048,38.25,22.25,unknown," - "
10.36.6,Ἀθηναίοις,http://dare.ht.lu.se/places/10975,37.971687,23.726464,settlement," - "
10.36.6,Ἀντικυρέας,http://pleiades.stoa.org/places/540642,38.375439,22.626059,"settlement,port"," - "
10.36.6,Δελφοῖς,http://dare.ht.lu.se/places/21949,38.482289,22.501169,"sanctuary,settlement"," - "
10.36.6,ἱερὸν,http://pleiades.stoa.org/places/540726,38.482289,22.501169,"sanctuary,settlement"," - "
10.36.6,Μακεδόνων,http://pleiades.stoa.org/places/491656,41.25,21.75,unknown," - "
10.36.6,"Μεδεῶνος τὰ ἐρείπια",http://dare.ht.lu.se/places/25178,38.36754,22.6827,settlement," - "
10.36.6,πόλις,http://pleiades.stoa.org/places/540642,38.375439,22.626059,"settlement,port"," - "
10.36.6,Ῥωμαῖος,http://pleiades.stoa.org/places/423025,41.89262,12.4843457,"settlement,urban"," - "
10.36.6,Ῥώμης,http://dare.ht.lu.se/places/1438,41.89262,12.4843457,"settlement,urban"," - "
10.36.6,Φωκέας,http://pleiades.stoa.org/places/541048,38.25,22.25,unknown," - "
10.36.7,Ἀντίκυραν,http://pleiades.stoa.org/places/540642,38.375439,22.626059,"settlement,port"," - "
10.36.8,ἄγαλμα,http://arachne.dainst.org/entity/3587075,38.38333,22.63333,NULL," - "
10.36.8,ἀνδριάντες,http://arachne.dainst.org/entity/3652731,38.38333,22.63333,NULL," - object|andrias|Pausbronze statues in agora"
10.36.8,Ἀντικυρεῦσι,http://pleiades.stoa.org/places/540642,38.375439,22.626059,"settlement,port"," - "
10.36.9,ἀνδριὰς,http://arachne.dainst.org/entity/3587076,38.38333,22.63333,NULL," - object|andriasbronze in ancient gymnasium of Antikyra"
10.36.9,Ἀντικυρέα,http://pleiades.stoa.org/places/540642,38.375439,22.626059,"settlement,port"," - "
10.36.9,Ἠλείων,http://pleiades.stoa.org/places/570220,37.89131,21.37493,"theatre,settlement"," - "
10.36.10,Ἰλίου,http://dare.ht.lu.se/places/21153,39.9577,26.23873,settlement," - "
10.36.10,Τρῳάδι,http://pleiades.stoa.org/places/550944,39.90055031028392,26.331240828799153,region," - "
10.37.1,ἄγαλμα,http://arachne.dainst.org/entity/3587077,38.38333,22.63333,NULL," - object|agalma|Artemis|PausAgalma of Artemis holding torch, with quiver and dog, by Praxiteles near Antikyra"
10.37.2,Ἀντικύρας,http://pleiades.stoa.org/places/540642,38.375439,22.626059,"settlement,port"," - "
10.37.2,Βοιωτίας,http://pleiades.stoa.org/places/540689,38.34668803333333,23.184677533333332,region," - "
10.37.2,Βούλιδος,http://topostext.org/place/383228PBou,38.28,22.81,NULL,NULL
10.37.2,Βοῦλιν,http://dare.ht.lu.se/places/29316,38.276455,22.802911,settlement," - "
10.37.2,Βούλιοι,http://dare.ht.lu.se/places/29316,38.276455,22.802911,settlement," - "
10.37.2,Δωρίδι,http://pleiades.stoa.org/places/540740,38.75,22.25,unknown," - "
10.37.2,Θίσβης,http://dare.ht.lu.se/places/21968,38.259722,22.96835,"church,settlement"," - "
10.37.2,Φωκέων,http://pleiades.stoa.org/places/541048,38.25,22.25,unknown," - "
10.37.2,Φωκίδι,http://pleiades.stoa.org/places/541048,38.25,22.25,unknown," - "
10.37.3,ἀγάλματα,http://arachne.dainst.org/entity/3587078,38.28,22.81,NULL," - object|agalma|Artemis|PausWooden agalma of Artemis at Boulis"
10.37.3,Ἀντικύρας,http://pleiades.stoa.org/places/540642,38.375439,22.626059,"settlement,port"," - "
10.37.3,Βούλιδι,http://dare.ht.lu.se/places/29316,38.276455,22.802911,settlement," - "
10.37.3,Βούλιοι,http://dare.ht.lu.se/places/29316,38.276455,22.802911,settlement," - "
10.37.3,Βουλίοις,http://dare.ht.lu.se/places/29316,38.276455,22.802911,settlement," - "
10.37.3,Βοῦλις,http://dare.ht.lu.se/places/29316,38.276455,22.802911,settlement," - "
10.37.3,εἰργασμένα,http://arachne.dainst.org/entity/3587079,38.28,22.81,NULL," - "
10.37.3,"Λέχαιον τὸ Κορινθίων",http://dare.ht.lu.se/places/21933,37.93277,22.88807,"church,settlement,port"," - "
10.37.4,Δελφῶν,http://dare.ht.lu.se/places/21949,38.482289,22.501169,"sanctuary,settlement"," - "
10.37.4,ἱππόδρομός,http://topostext.org/place/384224BHip,38.446,22.43,NULL," - built|hippodromos|Pausin plain below Delphi"
10.37.4,Κίρραν,http://dare.ht.lu.se/places/29378,38.428937,22.450621,settlement," - "
10.37.4,Ὀλυμπίᾳ,http://dare.ht.lu.se/places/21945,37.637849,21.630126,"palaistra,sanctuary,temple-2"," - "
10.37.5,Κίρρᾳ,http://dare.ht.lu.se/places/29378,38.428937,22.450621,settlement," - "
10.37.5,Κίρραν,http://dare.ht.lu.se/places/29378,38.428937,22.450621,settlement," - "
10.37.5,Κίρρας,http://dare.ht.lu.se/places/29378,38.428937,22.450621,settlement," - "
10.37.5,Κρῖσαν,http://dare.ht.lu.se/places/23293,38.4753859,22.468944599999986,settlement," - builtfor Pausanias the ancient name of Kirra?"
10.37.6,Ἀθηνῶν,http://dare.ht.lu.se/places/10975,37.971687,23.726464,settlement," - "
10.37.6,Κιρραίαν,http://dare.ht.lu.se/places/29378,38.428937,22.450621,settlement," - regional|territoryconsecrated to Apollo, made his temenos to adjoin the sea"
10.37.6,Κιρραίους,http://dare.ht.lu.se/places/29378,38.428937,22.450621,settlement," - "
10.37.6,Σικυωνίων,http://dare.ht.lu.se/places/21937,37.98336,22.71135,settlement," - "
10.37.7,Κιρραῖοι,http://dare.ht.lu.se/places/29378,38.428937,22.450621,settlement," - "
10.37.7,Κιρραίους,http://dare.ht.lu.se/places/29378,38.428937,22.450621,settlement," - "
10.37.7,Πλεῖστον,http://topostext.org/place/385225WPle,38.4672,22.4775,NULL," - "
10.37.7,Πλείστου,http://topostext.org/place/385225WPle,38.4672,22.4775,NULL," - "
10.37.8,ἀγάλματα,http://arachne.dainst.org/entity/3888432,38.430405,22.447983,NULL," - object|agalma|ApolloAgalmata in temple at Kirra"
10.37.8,Ἀπόλλωνος,http://arachne.dainst.org/entity/3888281,38.430405,22.447983,NULL," - object|agalma|ApolloIn temple at Kirra"
10.37.8,Ἀρτέμιδος,http://arachne.dainst.org/entity/3888282,38.430405,22.447983,NULL," - object|agalma|Artemis|god|Q39503in temple at Kirra"
10.37.8,Δελφῶν,http://dare.ht.lu.se/places/21949,38.482289,22.501169,"sanctuary,settlement"," - "
10.37.8,"ἐργασίας Ἀττικῆς",http://pleiades.stoa.org/places/579888,38.051998833333336,23.818991099999998,region," - attribute|ergasia|proxyAttic worksmanship of agalmata in Kirra"
10.37.8,"ἡ δὲ",http://arachne.dainst.org/entity/3587080,38.430405,22.447983,NULL," - "
10.37.8,Κίρρα,http://dare.ht.lu.se/places/29378,38.428937,22.450621,settlement," - "
10.37.8,Κιρραίων,http://dare.ht.lu.se/places/29378,38.428937,22.450621,settlement," - "
10.37.8,Λητοῦς,http://arachne.dainst.org/entity/3888283,38.430405,22.447983,NULL," - object|agalma|Letoin temple at Kirra"
10.38.1,"γῆ ἡ Λοκρῶν τῶν καλουμένων Ὀζολῶν",http://pleiades.stoa.org/places/540919,38.25,21.75,unknown," - "
10.38.1,Κίρραν,http://dare.ht.lu.se/places/29378,38.428937,22.450621,settlement," - "
10.38.1,Λοκρῶν,http://pleiades.stoa.org/places/540919,38.25,21.75,unknown," - "
10.38.1,Φωκίδι,http://pleiades.stoa.org/places/541048,38.25,22.25,unknown," - "
10.38.2,Εὐήνῳ,http://pleiades.stoa.org/places/540780,38.3288971,21.5193991,river," - "
10.38.4,Αἰτωλούς,http://pleiades.stoa.org/places/540591,38.51586100952381,21.759714990476194,region," - "
10.38.4,Ἄμφισσα,http://dare.ht.lu.se/places/22818,38.41224,22.315807,"city-wall,settlement"," - "
10.38.4,Ἄμφισσαν,http://dare.ht.lu.se/places/22818,38.41224,22.315807,"city-wall,settlement"," - "
10.38.4,Δελφῶν,http://dare.ht.lu.se/places/21949,38.482289,22.501169,"sanctuary,settlement"," - "
10.38.4,Λοκρῶν,http://pleiades.stoa.org/places/540919,38.25,21.75,unknown," - "
10.38.4,Νικοπόλεως,http://dare.ht.lu.se/places/21991,39.023389,20.735953,"villa,architecturalcomplex,theatre,city-wall,settlement"," - "
10.38.4,Ὀζολῶν,http://pleiades.stoa.org/places/540919,38.25,21.75,unknown," - "
10.38.4,Ῥωμαίων,http://dare.ht.lu.se/places/1438,41.89262,12.4843457,"settlement,urban"," - "
10.38.5,"ἄγαλμα ὀρθὸν",http://arachne.dainst.org/entity/3587081,38.525,22.37306,NULL," - object|agalma|Athena|Pausbronze agalma in temple of Athena, acropolis of Amphissa, brought from Ilion by Thoas"
10.38.5,Ἰλίου,http://dare.ht.lu.se/places/21153,39.9577,26.23873,settlement," - "
10.38.5,Τροίας,http://dare.ht.lu.se/places/21153,39.9577,26.23873,settlement," - "
10.38.6,"ἐν δὲ Ἀρτέμιδος τῆς Ἐφεσίας",http://dare.ht.lu.se/places/22847,37.9498235,27.363816,NULL," - "
10.38.6,Ἐφέσιοι,http://dare.ht.lu.se/places/21155,37.941944,27.339722,"theatre,settlement,temple-2,architecturalcomplex"," - "
10.38.6,Νύκτα,http://arachne.dainst.org/entity/3587082,37.95137,27.36849,NULL," - object|eikôn|Nux|opsisOn the stone parapet of the building with paintings at Ephesian Artemis sanctuary"
10.38.6,Σαμίους,http://dare.ht.lu.se/places/21194,37.73,26.84,"island,sanctuary,settlement,temple-2"," - "
10.38.7,ἄγαλμα,http://arachne.dainst.org/entity/3587081,38.525,22.37306,NULL," - "
10.38.7,Ἀμφισσεῖς,http://dare.ht.lu.se/places/22818,38.41224,22.315807,"city-wall,settlement"," - "
10.38.7,Ἀμφίσσῃ,http://topostext.org/place/385224PAmp,38.53,22.374,NULL," - "
10.38.8,Ἀμφίσσης,http://topostext.org/place/385224PAmp,38.53,22.374,NULL," - "
10.38.8,Λοκρῶν,http://pleiades.stoa.org/places/540919,38.25,21.75,unknown," - "
10.38.8,Μυᾶνες,http://topostext.org/place/385224PMya,38.4802,22.3557,NULL," - "
10.38.8,Μυονία,http://topostext.org/place/385224PMya,38.4802,22.3557,NULL," - "
10.38.8,Ὀλυμπίᾳ,http://dare.ht.lu.se/places/21945,37.637849,21.630126,"palaistra,sanctuary,temple-2"," - "
10.38.9,ἄγαλμα,http://arachne.dainst.org/entity/3587083,38.345,22.1976,NULL," - object|agalma|Artemis|Pausat grove/temple above Oiantheia"
10.38.9,Ἀμφίσσης,http://topostext.org/place/385224PAmp,38.53,22.374,NULL," - "
10.38.9,Ἀχαιῶν,http://pleiades.stoa.org/places/570028,38.102121472776034,22.224585911364017,region," - "
10.38.9,"γραφαὶ δὲ ἐπὶ τῶν τοίχων",http://arachne.dainst.org/entity/3587084,38.345,22.1976,NULL," - object|graphêFaded wall-paintings in temple of Artemis"
10.38.9,θαλάσσης,http://pleiades.stoa.org/places/570181,38.175407050000004,22.395744800000003,water-open," - "
10.38.9,Ναύπακτος,http://dare.ht.lu.se/places/22826,38.41224,22.315807,"city-wall,settlement"," - "
10.38.9,Οἰάνθεια,http://topostext.org/place/383222UOia,38.345,22.1976,NULL," - built|polis|PausOn the sea, bordering Naupaktos"
10.38.9,Οἰανθείᾳ,http://dare.ht.lu.se/places/22827,38.41224,22.315807,"city-wall,settlement"," - "
10.38.9,Πατρέων,http://dare.ht.lu.se/places/21942,38.243265,21.738518,settlement," - "
10.38.10,Ἀθηναῖοι,http://dare.ht.lu.se/places/10975,37.971687,23.726464,settlement," - "
10.38.10,Ἀθηναίων,http://dare.ht.lu.se/places/10975,37.971687,23.726464,settlement," - "
10.38.10,"Αἰγὸς ποταμοῖς",http://dare.ht.lu.se/places/32292,40.35074,26.61011,settlement," - "
10.38.10,Δωριεῖς,http://pleiades.stoa.org/places/540740,38.75,22.25,unknown," - "
10.38.10,Ἰθώμην,http://dare.ht.lu.se/places/43552,37.1857343,21.9249021,mountain," - "
10.38.10,Λακεδαίμονι,http://pleiades.stoa.org/places/570406,37.07624042080912,22.46082645177671,region," - "
10.38.10,Λακεδαιμόνιοι,http://pleiades.stoa.org/places/570406,37.07624042080912,22.46082645177671,region," - "
10.38.10,Λοκροὶ,http://pleiades.stoa.org/places/540919,38.25,21.75,unknown," - "
10.38.10,Λοκροὺς,http://pleiades.stoa.org/places/540917,38.75,22.75,unknown," - "
10.38.10,Μεσσηνίους,http://pleiades.stoa.org/places/570480,37.06945533333334,21.9323415,region," - "
10.38.10,Μεσσηνίων,http://pleiades.stoa.org/places/570480,37.06945533333334,21.9323415,region," - "
10.38.10,Ναύπακτον,http://dare.ht.lu.se/places/22826,38.41224,22.315807,"city-wall,settlement"," - "
10.38.10,Ναυπάκτου,http://dare.ht.lu.se/places/22826,38.41224,22.315807,"city-wall,settlement"," - "
10.38.10,Ναυπάκτῳ,http://dare.ht.lu.se/places/22826,38.41224,22.315807,"city-wall,settlement"," - "
10.38.10,Πελοπόννησον,http://pleiades.stoa.org/places/570577,37.25289777692308,22.312752688461543,"peninsula,region"," - "
10.38.11,Ἑλλήνων,http://pleiades.stoa.org/places/1001896,37.5,22.5,province," - "
10.38.11,Λαμψακηνοῦ,http://dare.ht.lu.se/places/21541,40.34869,26.68998,settlement," - "
10.38.11,Μιλησίου,http://dare.ht.lu.se/places/21166,37.5292362,27.2774885,"theatre,settlement,port"," - "
10.38.11,Ναυπάκτιον,http://dare.ht.lu.se/places/22826,38.41224,22.315807,"city-wall,settlement"," - "
10.38.12,"ἄγαλμα λευκοῦ λίθου",http://arachne.dainst.org/entity/3587086,38.39167,21.8275,NULL," - object|agalma|Artemis Aitolê|Pausmarble"
10.38.12,"ἄγαλμα ὀρθὸν",http://arachne.dainst.org/entity/3587085,38.39167,21.8275,NULL," - object|agalma|Poseidon|Pausstanding bronze statue"
10.38.12,θαλάσσῃ,http://pleiades.stoa.org/places/570181,38.175407050000004,22.395744800000003,water-open," - thalassaSea coast at Naupaktos"
10.38.13,Ἐπιδαύρῳ,http://topostext.org/place/376231SAsk,37.597,23.075,NULL," - "
10.38.13,ἱερὸν,http://topostext.org/place/384218SAsk,38.3919,21.8437,NULL," - built|hieron|Asklepiosat Naupaktos"
10.38.13,Ναύπακτον,http://dare.ht.lu.se/places/22826,38.41224,22.315807,"city-wall,settlement"," - "
