Identifier,Sort_order,Location,'Date',Geometry,Type
"1.1.1",1,"sail Sounion to Piraeus","165-07-01","{""type"": ""LineString"", ""coordinates"": [[24.09128309951706, 37.62286473797364], [24.010578478245577, 37.64900995736568], [23.95860484961003, 37.660148389501], [23.92192567457616, 37.667886893826434], [23.766019019846965, 37.79167783865617], [23.619394622136213, 37.92863707673138], [23.61836101632656, 37.93804875610131], [23.632650725432, 37.94069427986004], [23.64209804167382, 37.944617620401615]]}","mythic/historic site"
"1.35.1",236,"sail Sounion to Piraeus","21-02-166","{""type"": ""LineString"", ""coordinates"": [[24.09128309951706, 37.62286473797364], [24.010578478245577, 37.64900995736568], [23.95860484961003, 37.660148389501], [23.92192567457616, 37.667886893826434], [23.766019019846965, 37.79167783865617], [23.619394622136213, 37.92863707673138], [23.61836101632656, 37.93804875610131], [23.632650725432, 37.94069427986004], [23.64209804167382, 37.944617620401615]]}","mythic/historic site"
"1.3.5",16,"Bouleuterion (Athens Agora)","16-07-165","{""type"": ""Point"", ""coordinates"": [23.721800000000005, 37.975183]}","mythic/historic site"
"1.4.1",17,"Bouleuterion (Athens Agora)","17-07-165","{""type"": ""Point"", ""coordinates"": [23.721800000000005, 37.975183]}","mythic/historic site"
"1.4.2",18,"Bouleuterion (Athens Agora)","18-07-165","{""type"": ""Point"", ""coordinates"": [23.721800000000005, 37.975183]}","mythic/historic site"
"1.4.3",19,"Bouleuterion (Athens Agora)","19-07-165","{""type"": ""Point"", ""coordinates"": [23.721800000000005, 37.975183]}","mythic/historic site"
"1.4.4",20,"Bouleuterion (Athens Agora)","20-07-165","{""type"": ""Point"", ""coordinates"": [23.721800000000005, 37.975183]}","mythic/historic site"
"1.4.5",21,"Bouleuterion (Athens Agora)","21-07-165","{""type"": ""Point"", ""coordinates"": [23.721800000000005, 37.975183]}","mythic/historic site"
"1.4.6",22,"Bouleuterion (Athens Agora)","22-07-165","{""type"": ""Point"", ""coordinates"": [23.721800000000005, 37.975183]}","mythic/historic site"
"1.5.2",24,"Monument of the Eponymous Heroes in Agora of Athens","24-07-165","{""type"": ""Point"", ""coordinates"": [23.72239, 37.9751]}","mythic/historic site"
"1.5.3",25,"Monument of the Eponymous Heroes in Agora of Athens","25-07-165","{""type"": ""Point"", ""coordinates"": [23.72239, 37.9751]}","mythic/historic site"
"1.5.4",26,"Monument of the Eponymous Heroes in Agora of Athens","26-07-165","{""type"": ""Point"", ""coordinates"": [23.72239, 37.9751]}","mythic/historic site"
"1.5.5",27,"Monument of the Eponymous Heroes in Agora of Athens","27-07-165","{""type"": ""Point"", ""coordinates"": [23.72239, 37.9751]}","mythic/historic site"
"1.6.1",28,"Monument of the Eponymous Heroes in Agora of Athens","28-07-165","{""type"": ""Point"", ""coordinates"": [23.72239, 37.9751]}","mythic/historic site"
"1.6.2",29,"Monument of the Eponymous Heroes in Agora of Athens","29-07-165","{""type"": ""Point"", ""coordinates"": [23.72239, 37.9751]}","mythic/historic site"
"1.6.3",30,"Monument of the Eponymous Heroes in Agora of Athens","30-07-165","{""type"": ""Point"", ""coordinates"": [23.72239, 37.9751]}","mythic/historic site"
"1.6.4",31,"Monument of the Eponymous Heroes in Agora of Athens","31-07-165","{""type"": ""Point"", ""coordinates"": [23.72239, 37.9751]}","mythic/historic site"
"1.6.5",32,"Monument of the Eponymous Heroes in Agora of Athens","01-08-165","{""type"": ""Point"", ""coordinates"": [23.72239, 37.9751]}","mythic/historic site"
"1.6.6",33,"Monument of the Eponymous Heroes in Agora of Athens","02-08-165","{""type"": ""Point"", ""coordinates"": [23.72239, 37.9751]}","mythic/historic site"
"1.6.7",34,"Monument of the Eponymous Heroes in Agora of Athens","03-08-165","{""type"": ""Point"", ""coordinates"": [23.72239, 37.9751]}","mythic/historic site"
"1.6.8",35,"Monument of the Eponymous Heroes in Agora of Athens","04-08-165","{""type"": ""Point"", ""coordinates"": [23.72239, 37.9751]}","mythic/historic site"
"1.7.1",36,"Monument of the Eponymous Heroes in Agora of Athens","05-08-165","{""type"": ""Point"", ""coordinates"": [23.72239, 37.9751]}","mythic/historic site"
"1.7.2",37,"Monument of the Eponymous Heroes in Agora of Athens","06-08-165","{""type"": ""Point"", ""coordinates"": [23.72239, 37.9751]}","mythic/historic site"
"1.7.3",38,"Monument of the Eponymous Heroes in Agora of Athens","07-08-165","{""type"": ""Point"", ""coordinates"": [23.72239, 37.9751]}","mythic/historic site"
"1.8.1",39,"Monument of the Eponymous Heroes in Agora of Athens","08-08-165","{""type"": ""Point"", ""coordinates"": [23.72239, 37.9751]}","mythic/historic site"
"1.9.1",45,"Odeion of Agrippa (Athens Agora)","14-08-165","{""type"": ""Point"", ""coordinates"": [23.723135000000003, 37.975124]}","mythic/historic site"
"1.9.2",46,"Odeion of Agrippa (Athens Agora)","15-08-165","{""type"": ""Point"", ""coordinates"": [23.723135000000003, 37.975124]}","mythic/historic site"
"1.9.3",47,"Odeion of Agrippa (Athens Agora)","16-08-165","{""type"": ""Point"", ""coordinates"": [23.723135000000003, 37.975124]}","mythic/historic site"
"1.9.4",48,"Odeion of Agrippa (Athens Agora)","17-08-165","{""type"": ""Point"", ""coordinates"": [23.723135000000003, 37.975124]}","mythic/historic site"
"1.9.5",49,"Odeion of Agrippa (Athens Agora)","18-08-165","{""type"": ""Point"", ""coordinates"": [23.723135000000003, 37.975124]}","mythic/historic site"
"1.9.6",50,"Odeion of Agrippa (Athens Agora)","19-08-165","{""type"": ""Point"", ""coordinates"": [23.723135000000003, 37.975124]}","mythic/historic site"
"1.9.7",51,"Odeion of Agrippa (Athens Agora)","20-08-165","{""type"": ""Point"", ""coordinates"": [23.723135000000003, 37.975124]}","mythic/historic site"
"1.9.8",52,"Odeion of Agrippa (Athens Agora)","21-08-165","{""type"": ""Point"", ""coordinates"": [23.723135000000003, 37.975124]}","mythic/historic site"
"1.10.1",53,"Odeion of Agrippa (Athens Agora)","22-08-165","{""type"": ""Point"", ""coordinates"": [23.723135000000003, 37.975124]}","mythic/historic site"
"1.10.2",54,"Odeion of Agrippa (Athens Agora)","23-08-165","{""type"": ""Point"", ""coordinates"": [23.723135000000003, 37.975124]}","mythic/historic site"
"1.10.3",55,"Odeion of Agrippa (Athens Agora)","24-08-165","{""type"": ""Point"", ""coordinates"": [23.723135000000003, 37.975124]}","mythic/historic site"
"1.10.4",56,"Odeion of Agrippa (Athens Agora)","25-08-165","{""type"": ""Point"", ""coordinates"": [23.723135000000003, 37.975124]}","mythic/historic site"
"1.10.5",57,"Odeion of Agrippa (Athens Agora)","26-08-165","{""type"": ""Point"", ""coordinates"": [23.723135000000003, 37.975124]}","mythic/historic site"
"1.11.1",58,"Odeion of Agrippa (Athens Agora)","27-08-165","{""type"": ""Point"", ""coordinates"": [23.723135000000003, 37.975124]}","mythic/historic site"
"1.11.2",59,"Odeion of Agrippa (Athens Agora)","28-08-165","{""type"": ""Point"", ""coordinates"": [23.723135000000003, 37.975124]}","mythic/historic site"
"1.11.3",60,"Odeion of Agrippa (Athens Agora)","29-08-165","{""type"": ""Point"", ""coordinates"": [23.723135000000003, 37.975124]}","mythic/historic site"
"1.11.4",61,"Odeion of Agrippa (Athens Agora)","30-08-165","{""type"": ""Point"", ""coordinates"": [23.723135000000003, 37.975124]}","mythic/historic site"
"1.11.5",62,"Odeion of Agrippa (Athens Agora)","31-08-165","{""type"": ""Point"", ""coordinates"": [23.723135000000003, 37.975124]}","mythic/historic site"
"1.11.6",63,"Odeion of Agrippa (Athens Agora)","01-09-165","{""type"": ""Point"", ""coordinates"": [23.723135000000003, 37.975124]}","mythic/historic site"
"1.11.7",64,"Odeion of Agrippa (Athens Agora)","02-09-165","{""type"": ""Point"", ""coordinates"": [23.723135000000003, 37.975124]}","mythic/historic site"
"1.12.1",65,"Odeion of Agrippa (Athens Agora)","03-09-165","{""type"": ""Point"", ""coordinates"": [23.723135000000003, 37.975124]}","mythic/historic site"
"1.12.2",66,"Odeion of Agrippa (Athens Agora)","04-09-165","{""type"": ""Point"", ""coordinates"": [23.723135000000003, 37.975124]}","mythic/historic site"
"1.12.3",67,"Odeion of Agrippa (Athens Agora)","05-09-165","{""type"": ""Point"", ""coordinates"": [23.723135000000003, 37.975124]}","mythic/historic site"
"1.12.4",68,"Odeion of Agrippa (Athens Agora)","06-09-165","{""type"": ""Point"", ""coordinates"": [23.723135000000003, 37.975124]}","mythic/historic site"
"1.12.5",69,"Odeion of Agrippa (Athens Agora)","07-09-165","{""type"": ""Point"", ""coordinates"": [23.723135000000003, 37.975124]}","mythic/historic site"
"1.13.1",70,"Odeion of Agrippa (Athens Agora)","08-09-165","{""type"": ""Point"", ""coordinates"": [23.723135000000003, 37.975124]}","mythic/historic site"
"1.13.2",71,"Odeion of Agrippa (Athens Agora)","09-09-165","{""type"": ""Point"", ""coordinates"": [23.723135000000003, 37.975124]}","mythic/historic site"
"1.13.3",72,"Odeion of Agrippa (Athens Agora)","10-09-165","{""type"": ""Point"", ""coordinates"": [23.723135000000003, 37.975124]}","mythic/historic site"
"1.13.4",73,"Odeion of Agrippa (Athens Agora)","11-09-165","{""type"": ""Point"", ""coordinates"": [23.723135000000003, 37.975124]}","mythic/historic site"
"1.13.5",74,"Odeion of Agrippa (Athens Agora)","12-09-165","{""type"": ""Point"", ""coordinates"": [23.723135000000003, 37.975124]}","mythic/historic site"
"1.13.6",75,"Odeion of Agrippa (Athens Agora)","13-09-165","{""type"": ""Point"", ""coordinates"": [23.723135000000003, 37.975124]}","mythic/historic site"
"1.13.7",76,"Odeion of Agrippa (Athens Agora)","14-09-165","{""type"": ""Point"", ""coordinates"": [23.723135000000003, 37.975124]}","mythic/historic site"
"1.13.8",77,"Odeion of Agrippa (Athens Agora)","15-09-165","{""type"": ""Point"", ""coordinates"": [23.723135000000003, 37.975124]}","mythic/historic site"
"1.13.9",78,"Odeion of Agrippa (Athens Agora)","16-09-165","{""type"": ""Point"", ""coordinates"": [23.723135000000003, 37.975124]}","mythic/historic site"
"1.14.1",79,"Odeion of Agrippa (Athens Agora)","17-09-165","{""type"": ""Point"", ""coordinates"": [23.723135000000003, 37.975124]}","mythic/historic site"
"1.15.1",86,"Stoa Poikile (Athens)","24-09-165","{""type"": ""Point"", ""coordinates"": [23.722650000000005, 37.97635]}","mythic/historic site"
"1.15.2",87,"Stoa Poikile (Athens)","25-09-165","{""type"": ""Point"", ""coordinates"": [23.722650000000005, 37.97635]}","mythic/historic site"
"1.15.3",88,"Stoa Poikile (Athens)","26-09-165","{""type"": ""Point"", ""coordinates"": [23.722650000000005, 37.97635]}","mythic/historic site"
"1.15.4",89,"Stoa Poikile (Athens)","27-09-165","{""type"": ""Point"", ""coordinates"": [23.722650000000005, 37.97635]}","mythic/historic site"
"1.16.1",90,"Stoa Poikile (Athens)","28-09-165","{""type"": ""Point"", ""coordinates"": [23.722650000000005, 37.97635]}","mythic/historic site"
"1.16.2",91,"Stoa Poikile (Athens)","29-09-165","{""type"": ""Point"", ""coordinates"": [23.722650000000005, 37.97635]}","mythic/historic site"
"1.16.3",92,"Stoa Poikile (Athens)","30-09-165","{""type"": ""Point"", ""coordinates"": [23.722650000000005, 37.97635]}","mythic/historic site"
"1.20.5",118,"Odeion of Pericles (Athens)","26-10-165","{""type"": ""Point"", ""coordinates"": [23.728199999999998, 37.9706]}","mythic/historic site"
"1.20.6",119,"Odeion of Pericles (Athens)","27-10-165","{""type"": ""Point"", ""coordinates"": [23.728199999999998, 37.9706]}","mythic/historic site"
"1.20.7",120,"Odeion of Pericles (Athens)","28-10-165","{""type"": ""Point"", ""coordinates"": [23.728199999999998, 37.9706]}","mythic/historic site"
"1.25.3",156,"south wall of the Acropolis of Athens","03-12-165","{""type"": ""Point"", ""coordinates"": [23.7257, 37.9717]}","mythic/historic site"
"1.25.4",157,"south wall of the Acropolis of Athens","04-12-165","{""type"": ""Point"", ""coordinates"": [23.7257, 37.9717]}","mythic/historic site"
"1.25.5",158,"south wall of the Acropolis of Athens","05-12-165","{""type"": ""Point"", ""coordinates"": [23.7257, 37.9717]}","mythic/historic site"
"1.25.6",159,"south wall of the Acropolis of Athens","06-12-165","{""type"": ""Point"", ""coordinates"": [23.7257, 37.9717]}","mythic/historic site"
"1.25.7",160,"south wall of the Acropolis of Athens","07-12-165","{""type"": ""Point"", ""coordinates"": [23.7257, 37.9717]}","mythic/historic site"
"1.25.8",161,"south wall of the Acropolis of Athens","08-12-165","{""type"": ""Point"", ""coordinates"": [23.7257, 37.9717]}","mythic/historic site"
"1.26.1",162,"south wall of the Acropolis of Athens","09-12-165","{""type"": ""Point"", ""coordinates"": [23.7257, 37.9717]}","mythic/historic site"
"1.26.2",163,"south wall of the Acropolis of Athens","10-12-165","{""type"": ""Point"", ""coordinates"": [23.7257, 37.9717]}","mythic/historic site"
"1.26.3",164,"south wall of the Acropolis of Athens","11-12-165","{""type"": ""Point"", ""coordinates"": [23.7257, 37.9717]}","mythic/historic site"
"1.39.1",266,"road Eleusis to Megara","23-03-166","{""type"": ""GeometryCollection"", ""geometries"": [{""type"": ""LineString"", ""coordinates"": [[23.53982705243638, 38.047595247092005], [23.52526060641722, 38.049552847090865], [23.502396400579926, 38.03938801438548], [23.482876666075782, 38.02891528295672], [23.452584716116036, 38.02662540178687], [23.44420823243317, 38.020403763572375], [23.42626802843236, 38.00565116518223], [23.41044319860626, 37.99745156879213], [23.39922488213665, 37.99745533539301], [23.39049982150729, 37.99975221422801], [23.34398417373305, 37.99779776468709]]}]}","mythic/historic site"
"1.39.2",267,"road Eleusis to Megara","24-03-166","{""type"": ""GeometryCollection"", ""geometries"": [{""type"": ""LineString"", ""coordinates"": [[23.53982705243638, 38.047595247092005], [23.52526060641722, 38.049552847090865], [23.502396400579926, 38.03938801438548], [23.482876666075782, 38.02891528295672], [23.452584716116036, 38.02662540178687], [23.44420823243317, 38.020403763572375], [23.42626802843236, 38.00565116518223], [23.41044319860626, 37.99745156879213], [23.39922488213665, 37.99745533539301], [23.39049982150729, 37.99975221422801], [23.34398417373305, 37.99779776468709]]}]}","mythic/historic site"
"1.39.3",268,"road Eleusis to Megara","25-03-166","{""type"": ""GeometryCollection"", ""geometries"": [{""type"": ""LineString"", ""coordinates"": [[23.53982705243638, 38.047595247092005], [23.52526060641722, 38.049552847090865], [23.502396400579926, 38.03938801438548], [23.482876666075782, 38.02891528295672], [23.452584716116036, 38.02662540178687], [23.44420823243317, 38.020403763572375], [23.42626802843236, 38.00565116518223], [23.41044319860626, 37.99745156879213], [23.39922488213665, 37.99745533539301], [23.39049982150729, 37.99975221422801], [23.34398417373305, 37.99779776468709]]}]}","mythic/historic site"
"1.39.4",269,"road Eleusis to Megara","26-03-166","{""type"": ""GeometryCollection"", ""geometries"": [{""type"": ""LineString"", ""coordinates"": [[23.53982705243638, 38.047595247092005], [23.52526060641722, 38.049552847090865], [23.502396400579926, 38.03938801438548], [23.482876666075782, 38.02891528295672], [23.452584716116036, 38.02662540178687], [23.44420823243317, 38.020403763572375], [23.42626802843236, 38.00565116518223], [23.41044319860626, 37.99745156879213], [23.39922488213665, 37.99745533539301], [23.39049982150729, 37.99975221422801], [23.34398417373305, 37.99779776468709]]}]}","mythic/historic site"
"1.39.5",270,"road Eleusis to Megara","27-03-166","{""type"": ""GeometryCollection"", ""geometries"": [{""type"": ""LineString"", ""coordinates"": [[23.53982705243638, 38.047595247092005], [23.52526060641722, 38.049552847090865], [23.502396400579926, 38.03938801438548], [23.482876666075782, 38.02891528295672], [23.452584716116036, 38.02662540178687], [23.44420823243317, 38.020403763572375], [23.42626802843236, 38.00565116518223], [23.41044319860626, 37.99745156879213], [23.39922488213665, 37.99745533539301], [23.39049982150729, 37.99975221422801], [23.34398417373305, 37.99779776468709]]}]}","mythic/historic site"
"1.39.6",271,"road Eleusis to Megara","28-03-166","{""type"": ""GeometryCollection"", ""geometries"": [{""type"": ""LineString"", ""coordinates"": [[23.53982705243638, 38.047595247092005], [23.52526060641722, 38.049552847090865], [23.502396400579926, 38.03938801438548], [23.482876666075782, 38.02891528295672], [23.452584716116036, 38.02662540178687], [23.44420823243317, 38.020403763572375], [23.42626802843236, 38.00565116518223], [23.41044319860626, 37.99745156879213], [23.39922488213665, 37.99745533539301], [23.39049982150729, 37.99975221422801], [23.34398417373305, 37.99779776468709]]}]}","mythic/historic site"
"2.1.1",312,"Megarid-Corinthia border","08-05-166","{""type"": ""Point"", ""coordinates"": [23.17, 37.951]}","mythic/historic site"
"2.1.2",313,"Megarid-Corinthia border","09-05-166","{""type"": ""Point"", ""coordinates"": [23.17, 37.951]}","mythic/historic site"
"2.4.1",340,"Sanctuary of Athena Chalinitis in Corinth","05-06-166","{""type"": ""Point"", ""coordinates"": [22.8802, 37.9054]}","mythic/historic site"
"2.4.2",341,"Sanctuary of Athena Chalinitis in Corinth","06-06-166","{""type"": ""Point"", ""coordinates"": [22.8802, 37.9054]}","mythic/historic site"
"2.4.3",342,"Sanctuary of Athena Chalinitis in Corinth","07-06-166","{""type"": ""Point"", ""coordinates"": [22.8802, 37.9054]}","mythic/historic site"
"2.4.4",343,"Sanctuary of Athena Chalinitis in Corinth","08-06-166","{""type"": ""Point"", ""coordinates"": [22.8802, 37.9054]}","mythic/historic site"
"2.5.6",352,"Corinthia - Sikyonia border","17-06-166","{""type"": ""GeometryCollection"", ""geometries"": [{""type"": ""Polygon"", ""coordinates"": [[[22.753523301404158, 37.94270323795715], [22.817206413472263, 37.94270323795715], [22.817206413472263, 37.95544470099276], [22.753523301404158, 37.95544470099276], [22.753523301404158, 37.94270323795715]]]}]}","mythic/historic site"
"2.5.7",353,"Corinthia - Sikyonia border","18-06-166","{""type"": ""GeometryCollection"", ""geometries"": [{""type"": ""Polygon"", ""coordinates"": [[[22.753523301404158, 37.94270323795715], [22.817206413472263, 37.94270323795715], [22.817206413472263, 37.95544470099276], [22.753523301404158, 37.95544470099276], [22.753523301404158, 37.94270323795715]]]}]}","mythic/historic site"
"2.5.8",354,"Corinthia - Sikyonia border","19-06-166","{""type"": ""GeometryCollection"", ""geometries"": [{""type"": ""Polygon"", ""coordinates"": [[[22.753523301404158, 37.94270323795715], [22.817206413472263, 37.94270323795715], [22.817206413472263, 37.95544470099276], [22.753523301404158, 37.95544470099276], [22.753523301404158, 37.94270323795715]]]}]}","mythic/historic site"
"2.6.1",355,"Corinthia - Sikyonia border","20-06-166","{""type"": ""GeometryCollection"", ""geometries"": [{""type"": ""Polygon"", ""coordinates"": [[[22.753523301404158, 37.94270323795715], [22.817206413472263, 37.94270323795715], [22.817206413472263, 37.95544470099276], [22.753523301404158, 37.95544470099276], [22.753523301404158, 37.94270323795715]]]}]}","mythic/historic site"
"2.6.2",356,"Corinthia - Sikyonia border","21-06-166","{""type"": ""GeometryCollection"", ""geometries"": [{""type"": ""Polygon"", ""coordinates"": [[[22.753523301404158, 37.94270323795715], [22.817206413472263, 37.94270323795715], [22.817206413472263, 37.95544470099276], [22.753523301404158, 37.95544470099276], [22.753523301404158, 37.94270323795715]]]}]}","mythic/historic site"
"2.6.3",357,"Corinthia - Sikyonia border","22-06-166","{""type"": ""GeometryCollection"", ""geometries"": [{""type"": ""Polygon"", ""coordinates"": [[[22.753523301404158, 37.94270323795715], [22.817206413472263, 37.94270323795715], [22.817206413472263, 37.95544470099276], [22.753523301404158, 37.95544470099276], [22.753523301404158, 37.94270323795715]]]}]}","mythic/historic site"
"2.6.4",358,"Corinthia - Sikyonia border","23-06-166","{""type"": ""GeometryCollection"", ""geometries"": [{""type"": ""Polygon"", ""coordinates"": [[[22.753523301404158, 37.94270323795715], [22.817206413472263, 37.94270323795715], [22.817206413472263, 37.95544470099276], [22.753523301404158, 37.95544470099276], [22.753523301404158, 37.94270323795715]]]}]}","mythic/historic site"
"2.6.5",359,"Corinthia - Sikyonia border","24-06-166","{""type"": ""GeometryCollection"", ""geometries"": [{""type"": ""Polygon"", ""coordinates"": [[[22.753523301404158, 37.94270323795715], [22.817206413472263, 37.94270323795715], [22.817206413472263, 37.95544470099276], [22.753523301404158, 37.95544470099276], [22.753523301404158, 37.94270323795715]]]}]}","mythic/historic site"
"2.6.6",360,"Corinthia - Sikyonia border","25-06-166","{""type"": ""GeometryCollection"", ""geometries"": [{""type"": ""Polygon"", ""coordinates"": [[[22.753523301404158, 37.94270323795715], [22.817206413472263, 37.94270323795715], [22.817206413472263, 37.95544470099276], [22.753523301404158, 37.95544470099276], [22.753523301404158, 37.94270323795715]]]}]}","mythic/historic site"
"2.6.7",361,"Corinthia - Sikyonia border","26-06-166","{""type"": ""GeometryCollection"", ""geometries"": [{""type"": ""Polygon"", ""coordinates"": [[[22.753523301404158, 37.94270323795715], [22.817206413472263, 37.94270323795715], [22.817206413472263, 37.95544470099276], [22.753523301404158, 37.95544470099276], [22.753523301404158, 37.94270323795715]]]}]}","mythic/historic site"
"2.7.1",362,"Corinthia - Sikyonia border","27-06-166","{""type"": ""GeometryCollection"", ""geometries"": [{""type"": ""Polygon"", ""coordinates"": [[[22.753523301404158, 37.94270323795715], [22.817206413472263, 37.94270323795715], [22.817206413472263, 37.95544470099276], [22.753523301404158, 37.95544470099276], [22.753523301404158, 37.94270323795715]]]}]}","mythic/historic site"
"2.8.1",371,"Heroon of Aratos at Sikyon","06-07-166","{""type"": ""Point"", ""coordinates"": [22.7145, 37.9834]}","mythic/historic site"
"2.8.2",372,"Heroon of Aratos at Sikyon","07-07-166","{""type"": ""Point"", ""coordinates"": [22.7145, 37.9834]}","mythic/historic site"
"2.8.3",373,"Heroon of Aratos at Sikyon","08-07-166","{""type"": ""Point"", ""coordinates"": [22.7145, 37.9834]}","mythic/historic site"
"2.8.4",374,"Heroon of Aratos at Sikyon","09-07-166","{""type"": ""Point"", ""coordinates"": [22.7145, 37.9834]}","mythic/historic site"
"2.8.5",375,"Heroon of Aratos at Sikyon","10-07-166","{""type"": ""Point"", ""coordinates"": [22.7145, 37.9834]}","mythic/historic site"
"2.8.6",376,"Heroon of Aratos at Sikyon","11-07-166","{""type"": ""Point"", ""coordinates"": [22.7145, 37.9834]}","mythic/historic site"
"2.9.1",377,"Heroon of Aratos at Sikyon","12-07-166","{""type"": ""Point"", ""coordinates"": [22.7145, 37.9834]}","mythic/historic site"
"2.9.2",378,"Heroon of Aratos at Sikyon","13-07-166","{""type"": ""Point"", ""coordinates"": [22.7145, 37.9834]}","mythic/historic site"
"2.9.3",379,"Heroon of Aratos at Sikyon","14-07-166","{""type"": ""Point"", ""coordinates"": [22.7145, 37.9834]}","mythic/historic site"
"2.9.4",380,"Heroon of Aratos at Sikyon","15-07-166","{""type"": ""Point"", ""coordinates"": [22.7145, 37.9834]}","mythic/historic site"
"2.9.5",381,"Heroon of Aratos at Sikyon","16-07-166","{""type"": ""Point"", ""coordinates"": [22.7145, 37.9834]}","mythic/historic site"
"2.12.4",403,"Phlious","07-08-166","{""type"": ""Point"", ""coordinates"": [22.649131, 37.846299]}","mythic/historic site"
"2.12.5",404,"Phlious","08-08-166","{""type"": ""Point"", ""coordinates"": [22.649131, 37.846299]}","mythic/historic site"
"2.12.6",405,"Phlious","09-08-166","{""type"": ""Point"", ""coordinates"": [22.649131, 37.846299]}","mythic/historic site"
"2.13.1",406,"Phlious","10-08-166","{""type"": ""Point"", ""coordinates"": [22.649131, 37.846299]}","mythic/historic site"
"2.13.2",407,"Phlious","11-08-166","{""type"": ""Point"", ""coordinates"": [22.649131, 37.846299]}","mythic/historic site"
"2.15.5",422,"Mycenae","26-08-166","{""type"": ""Point"", ""coordinates"": [22.756111, 37.730833]}","mythic/historic site"
"2.16.1",423,"Mycenae","27-08-166","{""type"": ""Point"", ""coordinates"": [22.756111, 37.730833]}","mythic/historic site"
"2.16.2",424,"Mycenae","28-08-166","{""type"": ""Point"", ""coordinates"": [22.756111, 37.730833]}","mythic/historic site"
"2.16.3",425,"Mycenae","29-08-166","{""type"": ""Point"", ""coordinates"": [22.756111, 37.730833]}","mythic/historic site"
"2.16.4",426,"Mycenae","30-08-166","{""type"": ""Point"", ""coordinates"": [22.756111, 37.730833]}","mythic/historic site"
"2.16.5",427,"Mycenae","31-08-166","{""type"": ""Point"", ""coordinates"": [22.756111, 37.730833]}","mythic/historic site"
"2.16.6",428,"Mycenae","01-09-166","{""type"": ""Point"", ""coordinates"": [22.756111, 37.730833]}","mythic/historic site"
"2.16.7",429,"Mycenae","02-09-166","{""type"": ""Point"", ""coordinates"": [22.756111, 37.730833]}","mythic/historic site"
"2.18.4",440,"Gate of Eileithyia in Argos","13-09-166","{""type"": ""Point"", ""coordinates"": [22.7195, 37.6316]}","mythic/historic site"
"2.18.5",441,"Gate of Eileithyia in Argos","14-09-166","{""type"": ""Point"", ""coordinates"": [22.7195, 37.6316]}","mythic/historic site"
"2.18.6",442,"Gate of Eileithyia in Argos","15-09-166","{""type"": ""Point"", ""coordinates"": [22.7195, 37.6316]}","mythic/historic site"
"2.18.7",443,"Gate of Eileithyia in Argos","16-09-166","{""type"": ""Point"", ""coordinates"": [22.7195, 37.6316]}","mythic/historic site"
"2.18.8",444,"Gate of Eileithyia in Argos","17-09-166","{""type"": ""Point"", ""coordinates"": [22.7195, 37.6316]}","mythic/historic site"
"2.18.9",445,"Gate of Eileithyia in Argos","18-09-166","{""type"": ""Point"", ""coordinates"": [22.7195, 37.6316]}","mythic/historic site"
"2.19.1",446,"Gate of Eileithyia in Argos","19-09-166","{""type"": ""Point"", ""coordinates"": [22.7195, 37.6316]}","mythic/historic site"
"2.19.2",447,"Gate of Eileithyia in Argos","20-09-166","{""type"": ""Point"", ""coordinates"": [22.7195, 37.6316]}","mythic/historic site"
"2.26.2",509,"Asklepieion of Epidauros","21-11-166","{""type"": ""Point"", ""coordinates"": [23.075, 37.597]}","mythic/historic site"
"2.26.3",510,"Asklepieion of Epidauros","22-11-166","{""type"": ""Point"", ""coordinates"": [23.075, 37.597]}","mythic/historic site"
"2.26.4",511,"Asklepieion of Epidauros","23-11-166","{""type"": ""Point"", ""coordinates"": [23.075, 37.597]}","mythic/historic site"
"2.26.5",512,"Asklepieion of Epidauros","24-11-166","{""type"": ""Point"", ""coordinates"": [23.075, 37.597]}","mythic/historic site"
"2.26.6",513,"Asklepieion of Epidauros","25-11-166","{""type"": ""Point"", ""coordinates"": [23.075, 37.597]}","mythic/historic site"
"2.26.7",514,"Asklepieion of Epidauros","26-11-166","{""type"": ""Point"", ""coordinates"": [23.075, 37.597]}","mythic/historic site"
"2.26.8",515,"Asklepieion of Epidauros","27-11-166","{""type"": ""Point"", ""coordinates"": [23.075, 37.597]}","mythic/historic site"
"2.26.9",516,"Asklepieion of Epidauros","28-11-166","{""type"": ""Point"", ""coordinates"": [23.075, 37.597]}","mythic/historic site"
"2.26.10",517,"Asklepieion of Epidauros","29-11-166","{""type"": ""Point"", ""coordinates"": [23.075, 37.597]}","mythic/historic site"
"2.27.1",518,"Asklepieion of Epidauros","30-11-166","{""type"": ""Point"", ""coordinates"": [23.075, 37.597]}","mythic/historic site"
"2.27.2",519,"Asklepieion of Epidauros","01-12-166","{""type"": ""Point"", ""coordinates"": [23.075, 37.597]}","mythic/historic site"
"2.27.3",520,"Asklepieion of Epidauros","02-12-166","{""type"": ""Point"", ""coordinates"": [23.075, 37.597]}","mythic/historic site"
"2.27.4",521,"Asklepieion of Epidauros","03-12-166","{""type"": ""Point"", ""coordinates"": [23.075, 37.597]}","mythic/historic site"
"2.27.5",522,"Asklepieion of Epidauros","04-12-166","{""type"": ""Point"", ""coordinates"": [23.075, 37.597]}","mythic/historic site"
"2.27.6",523,"Asklepieion of Epidauros","05-12-166","{""type"": ""Point"", ""coordinates"": [23.075, 37.597]}","mythic/historic site"
"2.29.2",534,"Aigina island Bk2","16-12-166","{""type"": ""Point"", ""coordinates"": [23.42372, 37.74991]}","mythic/historic site"
"2.29.3",535,"Aigina island Bk2","17-12-166","{""type"": ""Point"", ""coordinates"": [23.42372, 37.74991]}","mythic/historic site"
"2.29.4",536,"Aigina island Bk2","18-12-166","{""type"": ""Point"", ""coordinates"": [23.42372, 37.74991]}","mythic/historic site"
"2.29.5",537,"Aigina island Bk2","19-12-166","{""type"": ""Point"", ""coordinates"": [23.42372, 37.74991]}","mythic/historic site"
"2.30.5",548,"Troizenia Bk2","30-12-166","{""type"": ""GeometryCollection"", ""geometries"": [{""type"": ""Polygon"", ""coordinates"": [[[23.19780778006509, 37.59809828850378], [23.163184886839673, 37.5384304367699], [23.178660270932284, 37.52491017417141], [23.282791245253804, 37.49203531759909], [23.350466377566704, 37.46200132121156], [23.344022835271062, 37.41288108636306], [23.417669773540837, 37.40313109413597], [23.574036098997823, 37.43534362846478], [23.535611609465747, 37.52554963514315], [23.38557373910379, 37.65854638850779], [23.19780778006509, 37.59809828850378]]]}]}","mythic/historic site"
"2.30.6",549,"Troizenia Bk2","31-12-166","{""type"": ""GeometryCollection"", ""geometries"": [{""type"": ""Polygon"", ""coordinates"": [[[23.19780778006509, 37.59809828850378], [23.163184886839673, 37.5384304367699], [23.178660270932284, 37.52491017417141], [23.282791245253804, 37.49203531759909], [23.350466377566704, 37.46200132121156], [23.344022835271062, 37.41288108636306], [23.417669773540837, 37.40313109413597], [23.574036098997823, 37.43534362846478], [23.535611609465747, 37.52554963514315], [23.38557373910379, 37.65854638850779], [23.19780778006509, 37.59809828850378]]]}]}","mythic/historic site"
"2.30.7",550,"Troizenia Bk2","01-01-167","{""type"": ""GeometryCollection"", ""geometries"": [{""type"": ""Polygon"", ""coordinates"": [[[23.19780778006509, 37.59809828850378], [23.163184886839673, 37.5384304367699], [23.178660270932284, 37.52491017417141], [23.282791245253804, 37.49203531759909], [23.350466377566704, 37.46200132121156], [23.344022835271062, 37.41288108636306], [23.417669773540837, 37.40313109413597], [23.574036098997823, 37.43534362846478], [23.535611609465747, 37.52554963514315], [23.38557373910379, 37.65854638850779], [23.19780778006509, 37.59809828850378]]]}]}","mythic/historic site"
"2.30.8",551,"Troizenia Bk2","02-01-167","{""type"": ""GeometryCollection"", ""geometries"": [{""type"": ""Polygon"", ""coordinates"": [[[23.19780778006509, 37.59809828850378], [23.163184886839673, 37.5384304367699], [23.178660270932284, 37.52491017417141], [23.282791245253804, 37.49203531759909], [23.350466377566704, 37.46200132121156], [23.344022835271062, 37.41288108636306], [23.417669773540837, 37.40313109413597], [23.574036098997823, 37.43534362846478], [23.535611609465747, 37.52554963514315], [23.38557373910379, 37.65854638850779], [23.19780778006509, 37.59809828850378]]]}]}","mythic/historic site"
"2.30.9",552,"Troizenia Bk2","03-01-167","{""type"": ""GeometryCollection"", ""geometries"": [{""type"": ""Polygon"", ""coordinates"": [[[23.19780778006509, 37.59809828850378], [23.163184886839673, 37.5384304367699], [23.178660270932284, 37.52491017417141], [23.282791245253804, 37.49203531759909], [23.350466377566704, 37.46200132121156], [23.344022835271062, 37.41288108636306], [23.417669773540837, 37.40313109413597], [23.574036098997823, 37.43534362846478], [23.535611609465747, 37.52554963514315], [23.38557373910379, 37.65854638850779], [23.19780778006509, 37.59809828850378]]]}]}","mythic/historic site"
"2.30.10",553,"Troizenia Bk2","04-01-167","{""type"": ""GeometryCollection"", ""geometries"": [{""type"": ""Polygon"", ""coordinates"": [[[23.19780778006509, 37.59809828850378], [23.163184886839673, 37.5384304367699], [23.178660270932284, 37.52491017417141], [23.282791245253804, 37.49203531759909], [23.350466377566704, 37.46200132121156], [23.344022835271062, 37.41288108636306], [23.417669773540837, 37.40313109413597], [23.574036098997823, 37.43534362846478], [23.535611609465747, 37.52554963514315], [23.38557373910379, 37.65854638850779], [23.19780778006509, 37.59809828850378]]]}]}","mythic/historic site"
"2.32.7",570,"road Troizen to Hermione","21-01-167","{""type"": ""GeometryCollection"", ""geometries"": [{""type"": ""LineString"", ""coordinates"": [[23.349909, 37.50281], [23.352082, 37.502236], [23.355121, 37.501736], [23.355475, 37.501358], [23.355976, 37.499868], [23.356525, 37.499514], [23.356745, 37.499001], [23.355793, 37.499331], [23.354743, 37.49916], [23.355524, 37.498989], [23.355573, 37.498599], [23.35506, 37.498867], [23.354718, 37.498635], [23.353925, 37.498647], [23.353546, 37.49822], [23.351361, 37.497451], [23.350714, 37.496743], [23.3508, 37.496499], [23.350116, 37.495266], [23.35058, 37.494912], [23.350641, 37.494448], [23.350275, 37.494045], [23.349201, 37.493801], [23.348285, 37.493789], [23.347748, 37.49352], [23.347296, 37.493142], [23.347284, 37.492739], [23.345392, 37.491738], [23.344916, 37.491005], [23.346234, 37.490639], [23.346197, 37.489663], [23.345673, 37.489467], [23.345392, 37.488881], [23.345904, 37.488747], [23.345355, 37.488271], [23.346014, 37.487758], [23.346014, 37.487209], [23.344354, 37.487465], [23.344037, 37.487148], [23.344903, 37.486757], [23.345074, 37.486452], [23.344025, 37.486], [23.344989, 37.485695], [23.344635, 37.48506], [23.345782, 37.484792], [23.344403, 37.483791], [23.344037, 37.483095], [23.341998, 37.481459], [23.341314, 37.480556], [23.342145, 37.479323], [23.342108, 37.478834], [23.342999, 37.478737], [23.343683, 37.478407], [23.344266, 37.477399], [23.343369, 37.476121], [23.343331, 37.475473], [23.342797, 37.474862], [23.341919, 37.473203], [23.342053, 37.472726], [23.337075, 37.471257], [23.33263, 37.470399], [23.329082, 37.467977], [23.326755, 37.467919], [23.324886, 37.46853], [23.322998, 37.46893], [23.321109, 37.468778], [23.316512, 37.468968], [23.314738, 37.469541], [23.311648, 37.469731], [23.31018, 37.470838], [23.310256, 37.472192], [23.308997, 37.473546], [23.308711, 37.474519], [23.305659, 37.47553], [23.30297, 37.475416], [23.300948, 37.474939], [23.297457, 37.475149], [23.29637, 37.475988], [23.295359, 37.477132], [23.294352, 37.47776], [23.292362, 37.478493], [23.291373, 37.478187], [23.290384, 37.47715], [23.289566, 37.475734], [23.289273, 37.473719], [23.288053, 37.471583], [23.286881, 37.470582], [23.285269, 37.469593], [23.284732, 37.469483], [23.284366, 37.469081], [23.284061, 37.46847], [23.284146, 37.467677], [23.283987, 37.467005], [23.283401, 37.467286], [23.281741, 37.467079], [23.280728, 37.466468], [23.280008, 37.465626], [23.27919, 37.464283], [23.278396, 37.463892], [23.277124, 37.462426], [23.277143, 37.460728], [23.277486, 37.45987], [23.27699, 37.457695], [23.275917, 37.454529], [23.274636, 37.451847], [23.274546, 37.448777], [23.272847, 37.447495], [23.271566, 37.445946], [23.271417, 37.445439], [23.267423, 37.443382], [23.266946, 37.441296], [23.263131, 37.438107], [23.261671, 37.434829], [23.261045, 37.431372], [23.257081, 37.428838], [23.256218, 37.42773], [23.255264, 37.425898], [23.255322, 37.424983], [23.253452, 37.424048], [23.253853, 37.422999], [23.253719, 37.42256], [23.252995, 37.421683], [23.253014, 37.420195], [23.251793, 37.419814], [23.250877, 37.419051], [23.25103, 37.418173], [23.250591, 37.417944], [23.250477, 37.417315], [23.249618, 37.416972], [23.249733, 37.415655], [23.249199, 37.415159], [23.249218, 37.41432], [23.249485, 37.413595], [23.249027, 37.413157], [23.249103, 37.412298], [23.248626, 37.411841], [23.248111, 37.410429], [23.247329, 37.409895], [23.245937, 37.407701], [23.245536, 37.406404], [23.245422, 37.403486], [23.244653, 37.40121], [23.242418, 37.398885], [23.241077, 37.397246], [23.241583, 37.395726], [23.24215, 37.393103], [23.243381, 37.389428], [23.243591, 37.385218]]}]}","mythic/historic site"
"2.34.4",582,"road Troizen to Hermione","02-02-167","{""type"": ""GeometryCollection"", ""geometries"": [{""type"": ""LineString"", ""coordinates"": [[23.349909, 37.50281], [23.352082, 37.502236], [23.355121, 37.501736], [23.355475, 37.501358], [23.355976, 37.499868], [23.356525, 37.499514], [23.356745, 37.499001], [23.355793, 37.499331], [23.354743, 37.49916], [23.355524, 37.498989], [23.355573, 37.498599], [23.35506, 37.498867], [23.354718, 37.498635], [23.353925, 37.498647], [23.353546, 37.49822], [23.351361, 37.497451], [23.350714, 37.496743], [23.3508, 37.496499], [23.350116, 37.495266], [23.35058, 37.494912], [23.350641, 37.494448], [23.350275, 37.494045], [23.349201, 37.493801], [23.348285, 37.493789], [23.347748, 37.49352], [23.347296, 37.493142], [23.347284, 37.492739], [23.345392, 37.491738], [23.344916, 37.491005], [23.346234, 37.490639], [23.346197, 37.489663], [23.345673, 37.489467], [23.345392, 37.488881], [23.345904, 37.488747], [23.345355, 37.488271], [23.346014, 37.487758], [23.346014, 37.487209], [23.344354, 37.487465], [23.344037, 37.487148], [23.344903, 37.486757], [23.345074, 37.486452], [23.344025, 37.486], [23.344989, 37.485695], [23.344635, 37.48506], [23.345782, 37.484792], [23.344403, 37.483791], [23.344037, 37.483095], [23.341998, 37.481459], [23.341314, 37.480556], [23.342145, 37.479323], [23.342108, 37.478834], [23.342999, 37.478737], [23.343683, 37.478407], [23.344266, 37.477399], [23.343369, 37.476121], [23.343331, 37.475473], [23.342797, 37.474862], [23.341919, 37.473203], [23.342053, 37.472726], [23.337075, 37.471257], [23.33263, 37.470399], [23.329082, 37.467977], [23.326755, 37.467919], [23.324886, 37.46853], [23.322998, 37.46893], [23.321109, 37.468778], [23.316512, 37.468968], [23.314738, 37.469541], [23.311648, 37.469731], [23.31018, 37.470838], [23.310256, 37.472192], [23.308997, 37.473546], [23.308711, 37.474519], [23.305659, 37.47553], [23.30297, 37.475416], [23.300948, 37.474939], [23.297457, 37.475149], [23.29637, 37.475988], [23.295359, 37.477132], [23.294352, 37.47776], [23.292362, 37.478493], [23.291373, 37.478187], [23.290384, 37.47715], [23.289566, 37.475734], [23.289273, 37.473719], [23.288053, 37.471583], [23.286881, 37.470582], [23.285269, 37.469593], [23.284732, 37.469483], [23.284366, 37.469081], [23.284061, 37.46847], [23.284146, 37.467677], [23.283987, 37.467005], [23.283401, 37.467286], [23.281741, 37.467079], [23.280728, 37.466468], [23.280008, 37.465626], [23.27919, 37.464283], [23.278396, 37.463892], [23.277124, 37.462426], [23.277143, 37.460728], [23.277486, 37.45987], [23.27699, 37.457695], [23.275917, 37.454529], [23.274636, 37.451847], [23.274546, 37.448777], [23.272847, 37.447495], [23.271566, 37.445946], [23.271417, 37.445439], [23.267423, 37.443382], [23.266946, 37.441296], [23.263131, 37.438107], [23.261671, 37.434829], [23.261045, 37.431372], [23.257081, 37.428838], [23.256218, 37.42773], [23.255264, 37.425898], [23.255322, 37.424983], [23.253452, 37.424048], [23.253853, 37.422999], [23.253719, 37.42256], [23.252995, 37.421683], [23.253014, 37.420195], [23.251793, 37.419814], [23.250877, 37.419051], [23.25103, 37.418173], [23.250591, 37.417944], [23.250477, 37.417315], [23.249618, 37.416972], [23.249733, 37.415655], [23.249199, 37.415159], [23.249218, 37.41432], [23.249485, 37.413595], [23.249027, 37.413157], [23.249103, 37.412298], [23.248626, 37.411841], [23.248111, 37.410429], [23.247329, 37.409895], [23.245937, 37.407701], [23.245536, 37.406404], [23.245422, 37.403486], [23.244653, 37.40121], [23.242418, 37.398885], [23.241077, 37.397246], [23.241583, 37.395726], [23.24215, 37.393103], [23.243381, 37.389428], [23.243591, 37.385218]]}]}","mythic/historic site"
"2.34.5",583,"road Troizen to Hermione","03-02-167","{""type"": ""GeometryCollection"", ""geometries"": [{""type"": ""LineString"", ""coordinates"": [[23.349909, 37.50281], [23.352082, 37.502236], [23.355121, 37.501736], [23.355475, 37.501358], [23.355976, 37.499868], [23.356525, 37.499514], [23.356745, 37.499001], [23.355793, 37.499331], [23.354743, 37.49916], [23.355524, 37.498989], [23.355573, 37.498599], [23.35506, 37.498867], [23.354718, 37.498635], [23.353925, 37.498647], [23.353546, 37.49822], [23.351361, 37.497451], [23.350714, 37.496743], [23.3508, 37.496499], [23.350116, 37.495266], [23.35058, 37.494912], [23.350641, 37.494448], [23.350275, 37.494045], [23.349201, 37.493801], [23.348285, 37.493789], [23.347748, 37.49352], [23.347296, 37.493142], [23.347284, 37.492739], [23.345392, 37.491738], [23.344916, 37.491005], [23.346234, 37.490639], [23.346197, 37.489663], [23.345673, 37.489467], [23.345392, 37.488881], [23.345904, 37.488747], [23.345355, 37.488271], [23.346014, 37.487758], [23.346014, 37.487209], [23.344354, 37.487465], [23.344037, 37.487148], [23.344903, 37.486757], [23.345074, 37.486452], [23.344025, 37.486], [23.344989, 37.485695], [23.344635, 37.48506], [23.345782, 37.484792], [23.344403, 37.483791], [23.344037, 37.483095], [23.341998, 37.481459], [23.341314, 37.480556], [23.342145, 37.479323], [23.342108, 37.478834], [23.342999, 37.478737], [23.343683, 37.478407], [23.344266, 37.477399], [23.343369, 37.476121], [23.343331, 37.475473], [23.342797, 37.474862], [23.341919, 37.473203], [23.342053, 37.472726], [23.337075, 37.471257], [23.33263, 37.470399], [23.329082, 37.467977], [23.326755, 37.467919], [23.324886, 37.46853], [23.322998, 37.46893], [23.321109, 37.468778], [23.316512, 37.468968], [23.314738, 37.469541], [23.311648, 37.469731], [23.31018, 37.470838], [23.310256, 37.472192], [23.308997, 37.473546], [23.308711, 37.474519], [23.305659, 37.47553], [23.30297, 37.475416], [23.300948, 37.474939], [23.297457, 37.475149], [23.29637, 37.475988], [23.295359, 37.477132], [23.294352, 37.47776], [23.292362, 37.478493], [23.291373, 37.478187], [23.290384, 37.47715], [23.289566, 37.475734], [23.289273, 37.473719], [23.288053, 37.471583], [23.286881, 37.470582], [23.285269, 37.469593], [23.284732, 37.469483], [23.284366, 37.469081], [23.284061, 37.46847], [23.284146, 37.467677], [23.283987, 37.467005], [23.283401, 37.467286], [23.281741, 37.467079], [23.280728, 37.466468], [23.280008, 37.465626], [23.27919, 37.464283], [23.278396, 37.463892], [23.277124, 37.462426], [23.277143, 37.460728], [23.277486, 37.45987], [23.27699, 37.457695], [23.275917, 37.454529], [23.274636, 37.451847], [23.274546, 37.448777], [23.272847, 37.447495], [23.271566, 37.445946], [23.271417, 37.445439], [23.267423, 37.443382], [23.266946, 37.441296], [23.263131, 37.438107], [23.261671, 37.434829], [23.261045, 37.431372], [23.257081, 37.428838], [23.256218, 37.42773], [23.255264, 37.425898], [23.255322, 37.424983], [23.253452, 37.424048], [23.253853, 37.422999], [23.253719, 37.42256], [23.252995, 37.421683], [23.253014, 37.420195], [23.251793, 37.419814], [23.250877, 37.419051], [23.25103, 37.418173], [23.250591, 37.417944], [23.250477, 37.417315], [23.249618, 37.416972], [23.249733, 37.415655], [23.249199, 37.415159], [23.249218, 37.41432], [23.249485, 37.413595], [23.249027, 37.413157], [23.249103, 37.412298], [23.248626, 37.411841], [23.248111, 37.410429], [23.247329, 37.409895], [23.245937, 37.407701], [23.245536, 37.406404], [23.245422, 37.403486], [23.244653, 37.40121], [23.242418, 37.398885], [23.241077, 37.397246], [23.241583, 37.395726], [23.24215, 37.393103], [23.243381, 37.389428], [23.243591, 37.385218]]}]}","mythic/historic site"
"2.34.6",584,"road Troizen to Hermione","04-02-167","{""type"": ""GeometryCollection"", ""geometries"": [{""type"": ""LineString"", ""coordinates"": [[23.349909, 37.50281], [23.352082, 37.502236], [23.355121, 37.501736], [23.355475, 37.501358], [23.355976, 37.499868], [23.356525, 37.499514], [23.356745, 37.499001], [23.355793, 37.499331], [23.354743, 37.49916], [23.355524, 37.498989], [23.355573, 37.498599], [23.35506, 37.498867], [23.354718, 37.498635], [23.353925, 37.498647], [23.353546, 37.49822], [23.351361, 37.497451], [23.350714, 37.496743], [23.3508, 37.496499], [23.350116, 37.495266], [23.35058, 37.494912], [23.350641, 37.494448], [23.350275, 37.494045], [23.349201, 37.493801], [23.348285, 37.493789], [23.347748, 37.49352], [23.347296, 37.493142], [23.347284, 37.492739], [23.345392, 37.491738], [23.344916, 37.491005], [23.346234, 37.490639], [23.346197, 37.489663], [23.345673, 37.489467], [23.345392, 37.488881], [23.345904, 37.488747], [23.345355, 37.488271], [23.346014, 37.487758], [23.346014, 37.487209], [23.344354, 37.487465], [23.344037, 37.487148], [23.344903, 37.486757], [23.345074, 37.486452], [23.344025, 37.486], [23.344989, 37.485695], [23.344635, 37.48506], [23.345782, 37.484792], [23.344403, 37.483791], [23.344037, 37.483095], [23.341998, 37.481459], [23.341314, 37.480556], [23.342145, 37.479323], [23.342108, 37.478834], [23.342999, 37.478737], [23.343683, 37.478407], [23.344266, 37.477399], [23.343369, 37.476121], [23.343331, 37.475473], [23.342797, 37.474862], [23.341919, 37.473203], [23.342053, 37.472726], [23.337075, 37.471257], [23.33263, 37.470399], [23.329082, 37.467977], [23.326755, 37.467919], [23.324886, 37.46853], [23.322998, 37.46893], [23.321109, 37.468778], [23.316512, 37.468968], [23.314738, 37.469541], [23.311648, 37.469731], [23.31018, 37.470838], [23.310256, 37.472192], [23.308997, 37.473546], [23.308711, 37.474519], [23.305659, 37.47553], [23.30297, 37.475416], [23.300948, 37.474939], [23.297457, 37.475149], [23.29637, 37.475988], [23.295359, 37.477132], [23.294352, 37.47776], [23.292362, 37.478493], [23.291373, 37.478187], [23.290384, 37.47715], [23.289566, 37.475734], [23.289273, 37.473719], [23.288053, 37.471583], [23.286881, 37.470582], [23.285269, 37.469593], [23.284732, 37.469483], [23.284366, 37.469081], [23.284061, 37.46847], [23.284146, 37.467677], [23.283987, 37.467005], [23.283401, 37.467286], [23.281741, 37.467079], [23.280728, 37.466468], [23.280008, 37.465626], [23.27919, 37.464283], [23.278396, 37.463892], [23.277124, 37.462426], [23.277143, 37.460728], [23.277486, 37.45987], [23.27699, 37.457695], [23.275917, 37.454529], [23.274636, 37.451847], [23.274546, 37.448777], [23.272847, 37.447495], [23.271566, 37.445946], [23.271417, 37.445439], [23.267423, 37.443382], [23.266946, 37.441296], [23.263131, 37.438107], [23.261671, 37.434829], [23.261045, 37.431372], [23.257081, 37.428838], [23.256218, 37.42773], [23.255264, 37.425898], [23.255322, 37.424983], [23.253452, 37.424048], [23.253853, 37.422999], [23.253719, 37.42256], [23.252995, 37.421683], [23.253014, 37.420195], [23.251793, 37.419814], [23.250877, 37.419051], [23.25103, 37.418173], [23.250591, 37.417944], [23.250477, 37.417315], [23.249618, 37.416972], [23.249733, 37.415655], [23.249199, 37.415159], [23.249218, 37.41432], [23.249485, 37.413595], [23.249027, 37.413157], [23.249103, 37.412298], [23.248626, 37.411841], [23.248111, 37.410429], [23.247329, 37.409895], [23.245937, 37.407701], [23.245536, 37.406404], [23.245422, 37.403486], [23.244653, 37.40121], [23.242418, 37.398885], [23.241077, 37.397246], [23.241583, 37.395726], [23.24215, 37.393103], [23.243381, 37.389428], [23.243591, 37.385218]]}]}","mythic/historic site"
"3.1.1",623,"Argolid - Lakonia border at the Hermai","15-03-167","{""type"": ""GeometryCollection"", ""geometries"": [{""type"": ""Polygon"", ""coordinates"": [[[22.527643966812064, 37.31460354773594], [22.53453084312804, 37.3070246533447], [22.538351342393554, 37.307297362478295], [22.530631002613234, 37.3160985404418], [22.527643966812064, 37.31460354773594]]]}]}","mythic/historic site"
"3.1.2",624,"Argolid - Lakonia border at the Hermai","16-03-167","{""type"": ""GeometryCollection"", ""geometries"": [{""type"": ""Polygon"", ""coordinates"": [[[22.527643966812064, 37.31460354773594], [22.53453084312804, 37.3070246533447], [22.538351342393554, 37.307297362478295], [22.530631002613234, 37.3160985404418], [22.527643966812064, 37.31460354773594]]]}]}","mythic/historic site"
"3.1.3",625,"Argolid - Lakonia border at the Hermai","17-03-167","{""type"": ""GeometryCollection"", ""geometries"": [{""type"": ""Polygon"", ""coordinates"": [[[22.527643966812064, 37.31460354773594], [22.53453084312804, 37.3070246533447], [22.538351342393554, 37.307297362478295], [22.530631002613234, 37.3160985404418], [22.527643966812064, 37.31460354773594]]]}]}","mythic/historic site"
"3.1.4",626,"Argolid - Lakonia border at the Hermai","18-03-167","{""type"": ""GeometryCollection"", ""geometries"": [{""type"": ""Polygon"", ""coordinates"": [[[22.527643966812064, 37.31460354773594], [22.53453084312804, 37.3070246533447], [22.538351342393554, 37.307297362478295], [22.530631002613234, 37.3160985404418], [22.527643966812064, 37.31460354773594]]]}]}","mythic/historic site"
"3.1.5",627,"Argolid - Lakonia border at the Hermai","19-03-167","{""type"": ""GeometryCollection"", ""geometries"": [{""type"": ""Polygon"", ""coordinates"": [[[22.527643966812064, 37.31460354773594], [22.53453084312804, 37.3070246533447], [22.538351342393554, 37.307297362478295], [22.530631002613234, 37.3160985404418], [22.527643966812064, 37.31460354773594]]]}]}","mythic/historic site"
"3.1.6",628,"Argolid - Lakonia border at the Hermai","20-03-167","{""type"": ""GeometryCollection"", ""geometries"": [{""type"": ""Polygon"", ""coordinates"": [[[22.527643966812064, 37.31460354773594], [22.53453084312804, 37.3070246533447], [22.538351342393554, 37.307297362478295], [22.530631002613234, 37.3160985404418], [22.527643966812064, 37.31460354773594]]]}]}","mythic/historic site"
"3.1.7",629,"Argolid - Lakonia border at the Hermai","21-03-167","{""type"": ""GeometryCollection"", ""geometries"": [{""type"": ""Polygon"", ""coordinates"": [[[22.527643966812064, 37.31460354773594], [22.53453084312804, 37.3070246533447], [22.538351342393554, 37.307297362478295], [22.530631002613234, 37.3160985404418], [22.527643966812064, 37.31460354773594]]]}]}","mythic/historic site"
"3.1.8",630,"Argolid - Lakonia border at the Hermai","22-03-167","{""type"": ""GeometryCollection"", ""geometries"": [{""type"": ""Polygon"", ""coordinates"": [[[22.527643966812064, 37.31460354773594], [22.53453084312804, 37.3070246533447], [22.538351342393554, 37.307297362478295], [22.530631002613234, 37.3160985404418], [22.527643966812064, 37.31460354773594]]]}]}","mythic/historic site"
"3.1.9",631,"Argolid - Lakonia border at the Hermai","23-03-167","{""type"": ""GeometryCollection"", ""geometries"": [{""type"": ""Polygon"", ""coordinates"": [[[22.527643966812064, 37.31460354773594], [22.53453084312804, 37.3070246533447], [22.538351342393554, 37.307297362478295], [22.530631002613234, 37.3160985404418], [22.527643966812064, 37.31460354773594]]]}]}","mythic/historic site"
"3.2.1",632,"Argolid - Lakonia border at the Hermai","24-03-167","{""type"": ""GeometryCollection"", ""geometries"": [{""type"": ""Polygon"", ""coordinates"": [[[22.527643966812064, 37.31460354773594], [22.53453084312804, 37.3070246533447], [22.538351342393554, 37.307297362478295], [22.530631002613234, 37.3160985404418], [22.527643966812064, 37.31460354773594]]]}]}","mythic/historic site"
"3.2.2",633,"Argolid - Lakonia border at the Hermai","25-03-167","{""type"": ""GeometryCollection"", ""geometries"": [{""type"": ""Polygon"", ""coordinates"": [[[22.527643966812064, 37.31460354773594], [22.53453084312804, 37.3070246533447], [22.538351342393554, 37.307297362478295], [22.530631002613234, 37.3160985404418], [22.527643966812064, 37.31460354773594]]]}]}","mythic/historic site"
"3.2.3",634,"Argolid - Lakonia border at the Hermai","26-03-167","{""type"": ""GeometryCollection"", ""geometries"": [{""type"": ""Polygon"", ""coordinates"": [[[22.527643966812064, 37.31460354773594], [22.53453084312804, 37.3070246533447], [22.538351342393554, 37.307297362478295], [22.530631002613234, 37.3160985404418], [22.527643966812064, 37.31460354773594]]]}]}","mythic/historic site"
"3.2.4",635,"Argolid - Lakonia border at the Hermai","27-03-167","{""type"": ""GeometryCollection"", ""geometries"": [{""type"": ""Polygon"", ""coordinates"": [[[22.527643966812064, 37.31460354773594], [22.53453084312804, 37.3070246533447], [22.538351342393554, 37.307297362478295], [22.530631002613234, 37.3160985404418], [22.527643966812064, 37.31460354773594]]]}]}","mythic/historic site"
"3.2.5",636,"Argolid - Lakonia border at the Hermai","28-03-167","{""type"": ""GeometryCollection"", ""geometries"": [{""type"": ""Polygon"", ""coordinates"": [[[22.527643966812064, 37.31460354773594], [22.53453084312804, 37.3070246533447], [22.538351342393554, 37.307297362478295], [22.530631002613234, 37.3160985404418], [22.527643966812064, 37.31460354773594]]]}]}","mythic/historic site"
"3.2.6",637,"Argolid - Lakonia border at the Hermai","29-03-167","{""type"": ""GeometryCollection"", ""geometries"": [{""type"": ""Polygon"", ""coordinates"": [[[22.527643966812064, 37.31460354773594], [22.53453084312804, 37.3070246533447], [22.538351342393554, 37.307297362478295], [22.530631002613234, 37.3160985404418], [22.527643966812064, 37.31460354773594]]]}]}","mythic/historic site"
"3.2.7",638,"Argolid - Lakonia border at the Hermai","30-03-167","{""type"": ""GeometryCollection"", ""geometries"": [{""type"": ""Polygon"", ""coordinates"": [[[22.527643966812064, 37.31460354773594], [22.53453084312804, 37.3070246533447], [22.538351342393554, 37.307297362478295], [22.530631002613234, 37.3160985404418], [22.527643966812064, 37.31460354773594]]]}]}","mythic/historic site"
"3.3.1",639,"Argolid - Lakonia border at the Hermai","31-03-167","{""type"": ""GeometryCollection"", ""geometries"": [{""type"": ""Polygon"", ""coordinates"": [[[22.527643966812064, 37.31460354773594], [22.53453084312804, 37.3070246533447], [22.538351342393554, 37.307297362478295], [22.530631002613234, 37.3160985404418], [22.527643966812064, 37.31460354773594]]]}]}","mythic/historic site"
"3.3.2",640,"Argolid - Lakonia border at the Hermai","01-04-167","{""type"": ""GeometryCollection"", ""geometries"": [{""type"": ""Polygon"", ""coordinates"": [[[22.527643966812064, 37.31460354773594], [22.53453084312804, 37.3070246533447], [22.538351342393554, 37.307297362478295], [22.530631002613234, 37.3160985404418], [22.527643966812064, 37.31460354773594]]]}]}","mythic/historic site"
"3.3.3",641,"Argolid - Lakonia border at the Hermai","02-04-167","{""type"": ""GeometryCollection"", ""geometries"": [{""type"": ""Polygon"", ""coordinates"": [[[22.527643966812064, 37.31460354773594], [22.53453084312804, 37.3070246533447], [22.538351342393554, 37.307297362478295], [22.530631002613234, 37.3160985404418], [22.527643966812064, 37.31460354773594]]]}]}","mythic/historic site"
"3.3.4",642,"Argolid - Lakonia border at the Hermai","03-04-167","{""type"": ""GeometryCollection"", ""geometries"": [{""type"": ""Polygon"", ""coordinates"": [[[22.527643966812064, 37.31460354773594], [22.53453084312804, 37.3070246533447], [22.538351342393554, 37.307297362478295], [22.530631002613234, 37.3160985404418], [22.527643966812064, 37.31460354773594]]]}]}","mythic/historic site"
"3.3.5",643,"Argolid - Lakonia border at the Hermai","04-04-167","{""type"": ""GeometryCollection"", ""geometries"": [{""type"": ""Polygon"", ""coordinates"": [[[22.527643966812064, 37.31460354773594], [22.53453084312804, 37.3070246533447], [22.538351342393554, 37.307297362478295], [22.530631002613234, 37.3160985404418], [22.527643966812064, 37.31460354773594]]]}]}","mythic/historic site"
"3.3.6",644,"Argolid - Lakonia border at the Hermai","05-04-167","{""type"": ""GeometryCollection"", ""geometries"": [{""type"": ""Polygon"", ""coordinates"": [[[22.527643966812064, 37.31460354773594], [22.53453084312804, 37.3070246533447], [22.538351342393554, 37.307297362478295], [22.530631002613234, 37.3160985404418], [22.527643966812064, 37.31460354773594]]]}]}","mythic/historic site"
"3.3.7",645,"Argolid - Lakonia border at the Hermai","06-04-167","{""type"": ""GeometryCollection"", ""geometries"": [{""type"": ""Polygon"", ""coordinates"": [[[22.527643966812064, 37.31460354773594], [22.53453084312804, 37.3070246533447], [22.538351342393554, 37.307297362478295], [22.530631002613234, 37.3160985404418], [22.527643966812064, 37.31460354773594]]]}]}","mythic/historic site"
"3.3.8",646,"Argolid - Lakonia border at the Hermai","07-04-167","{""type"": ""GeometryCollection"", ""geometries"": [{""type"": ""Polygon"", ""coordinates"": [[[22.527643966812064, 37.31460354773594], [22.53453084312804, 37.3070246533447], [22.538351342393554, 37.307297362478295], [22.530631002613234, 37.3160985404418], [22.527643966812064, 37.31460354773594]]]}]}","mythic/historic site"
"3.3.9",647,"Argolid - Lakonia border at the Hermai","08-04-167","{""type"": ""GeometryCollection"", ""geometries"": [{""type"": ""Polygon"", ""coordinates"": [[[22.527643966812064, 37.31460354773594], [22.53453084312804, 37.3070246533447], [22.538351342393554, 37.307297362478295], [22.530631002613234, 37.3160985404418], [22.527643966812064, 37.31460354773594]]]}]}","mythic/historic site"
"3.3.10",648,"Argolid - Lakonia border at the Hermai","09-04-167","{""type"": ""GeometryCollection"", ""geometries"": [{""type"": ""Polygon"", ""coordinates"": [[[22.527643966812064, 37.31460354773594], [22.53453084312804, 37.3070246533447], [22.538351342393554, 37.307297362478295], [22.530631002613234, 37.3160985404418], [22.527643966812064, 37.31460354773594]]]}]}","mythic/historic site"
"3.4.1",649,"Argolid - Lakonia border at the Hermai","10-04-167","{""type"": ""GeometryCollection"", ""geometries"": [{""type"": ""Polygon"", ""coordinates"": [[[22.527643966812064, 37.31460354773594], [22.53453084312804, 37.3070246533447], [22.538351342393554, 37.307297362478295], [22.530631002613234, 37.3160985404418], [22.527643966812064, 37.31460354773594]]]}]}","mythic/historic site"
"3.4.2",650,"Argolid - Lakonia border at the Hermai","11-04-167","{""type"": ""GeometryCollection"", ""geometries"": [{""type"": ""Polygon"", ""coordinates"": [[[22.527643966812064, 37.31460354773594], [22.53453084312804, 37.3070246533447], [22.538351342393554, 37.307297362478295], [22.530631002613234, 37.3160985404418], [22.527643966812064, 37.31460354773594]]]}]}","mythic/historic site"
"3.4.3",651,"Argolid - Lakonia border at the Hermai","12-04-167","{""type"": ""GeometryCollection"", ""geometries"": [{""type"": ""Polygon"", ""coordinates"": [[[22.527643966812064, 37.31460354773594], [22.53453084312804, 37.3070246533447], [22.538351342393554, 37.307297362478295], [22.530631002613234, 37.3160985404418], [22.527643966812064, 37.31460354773594]]]}]}","mythic/historic site"
"3.4.4",652,"Argolid - Lakonia border at the Hermai","13-04-167","{""type"": ""GeometryCollection"", ""geometries"": [{""type"": ""Polygon"", ""coordinates"": [[[22.527643966812064, 37.31460354773594], [22.53453084312804, 37.3070246533447], [22.538351342393554, 37.307297362478295], [22.530631002613234, 37.3160985404418], [22.527643966812064, 37.31460354773594]]]}]}","mythic/historic site"
"3.4.5",653,"Argolid - Lakonia border at the Hermai","14-04-167","{""type"": ""GeometryCollection"", ""geometries"": [{""type"": ""Polygon"", ""coordinates"": [[[22.527643966812064, 37.31460354773594], [22.53453084312804, 37.3070246533447], [22.538351342393554, 37.307297362478295], [22.530631002613234, 37.3160985404418], [22.527643966812064, 37.31460354773594]]]}]}","mythic/historic site"
"3.4.6",654,"Argolid - Lakonia border at the Hermai","15-04-167","{""type"": ""GeometryCollection"", ""geometries"": [{""type"": ""Polygon"", ""coordinates"": [[[22.527643966812064, 37.31460354773594], [22.53453084312804, 37.3070246533447], [22.538351342393554, 37.307297362478295], [22.530631002613234, 37.3160985404418], [22.527643966812064, 37.31460354773594]]]}]}","mythic/historic site"
"3.4.7",655,"Argolid - Lakonia border at the Hermai","16-04-167","{""type"": ""GeometryCollection"", ""geometries"": [{""type"": ""Polygon"", ""coordinates"": [[[22.527643966812064, 37.31460354773594], [22.53453084312804, 37.3070246533447], [22.538351342393554, 37.307297362478295], [22.530631002613234, 37.3160985404418], [22.527643966812064, 37.31460354773594]]]}]}","mythic/historic site"
"3.4.8",656,"Argolid - Lakonia border at the Hermai","17-04-167","{""type"": ""GeometryCollection"", ""geometries"": [{""type"": ""Polygon"", ""coordinates"": [[[22.527643966812064, 37.31460354773594], [22.53453084312804, 37.3070246533447], [22.538351342393554, 37.307297362478295], [22.530631002613234, 37.3160985404418], [22.527643966812064, 37.31460354773594]]]}]}","mythic/historic site"
"3.4.9",657,"Argolid - Lakonia border at the Hermai","18-04-167","{""type"": ""GeometryCollection"", ""geometries"": [{""type"": ""Polygon"", ""coordinates"": [[[22.527643966812064, 37.31460354773594], [22.53453084312804, 37.3070246533447], [22.538351342393554, 37.307297362478295], [22.530631002613234, 37.3160985404418], [22.527643966812064, 37.31460354773594]]]}]}","mythic/historic site"
"3.4.10",658,"Argolid - Lakonia border at the Hermai","19-04-167","{""type"": ""GeometryCollection"", ""geometries"": [{""type"": ""Polygon"", ""coordinates"": [[[22.527643966812064, 37.31460354773594], [22.53453084312804, 37.3070246533447], [22.538351342393554, 37.307297362478295], [22.530631002613234, 37.3160985404418], [22.527643966812064, 37.31460354773594]]]}]}","mythic/historic site"
"3.5.1",659,"Argolid - Lakonia border at the Hermai","20-04-167","{""type"": ""GeometryCollection"", ""geometries"": [{""type"": ""Polygon"", ""coordinates"": [[[22.527643966812064, 37.31460354773594], [22.53453084312804, 37.3070246533447], [22.538351342393554, 37.307297362478295], [22.530631002613234, 37.3160985404418], [22.527643966812064, 37.31460354773594]]]}]}","mythic/historic site"
"3.5.2",660,"Argolid - Lakonia border at the Hermai","21-04-167","{""type"": ""GeometryCollection"", ""geometries"": [{""type"": ""Polygon"", ""coordinates"": [[[22.527643966812064, 37.31460354773594], [22.53453084312804, 37.3070246533447], [22.538351342393554, 37.307297362478295], [22.530631002613234, 37.3160985404418], [22.527643966812064, 37.31460354773594]]]}]}","mythic/historic site"
"3.5.3",661,"Argolid - Lakonia border at the Hermai","22-04-167","{""type"": ""GeometryCollection"", ""geometries"": [{""type"": ""Polygon"", ""coordinates"": [[[22.527643966812064, 37.31460354773594], [22.53453084312804, 37.3070246533447], [22.538351342393554, 37.307297362478295], [22.530631002613234, 37.3160985404418], [22.527643966812064, 37.31460354773594]]]}]}","mythic/historic site"
"3.5.4",662,"Argolid - Lakonia border at the Hermai","23-04-167","{""type"": ""GeometryCollection"", ""geometries"": [{""type"": ""Polygon"", ""coordinates"": [[[22.527643966812064, 37.31460354773594], [22.53453084312804, 37.3070246533447], [22.538351342393554, 37.307297362478295], [22.530631002613234, 37.3160985404418], [22.527643966812064, 37.31460354773594]]]}]}","mythic/historic site"
"3.5.5",663,"Argolid - Lakonia border at the Hermai","24-04-167","{""type"": ""GeometryCollection"", ""geometries"": [{""type"": ""Polygon"", ""coordinates"": [[[22.527643966812064, 37.31460354773594], [22.53453084312804, 37.3070246533447], [22.538351342393554, 37.307297362478295], [22.530631002613234, 37.3160985404418], [22.527643966812064, 37.31460354773594]]]}]}","mythic/historic site"
"3.5.6",664,"Argolid - Lakonia border at the Hermai","25-04-167","{""type"": ""GeometryCollection"", ""geometries"": [{""type"": ""Polygon"", ""coordinates"": [[[22.527643966812064, 37.31460354773594], [22.53453084312804, 37.3070246533447], [22.538351342393554, 37.307297362478295], [22.530631002613234, 37.3160985404418], [22.527643966812064, 37.31460354773594]]]}]}","mythic/historic site"
"3.5.7",665,"Argolid - Lakonia border at the Hermai","26-04-167","{""type"": ""GeometryCollection"", ""geometries"": [{""type"": ""Polygon"", ""coordinates"": [[[22.527643966812064, 37.31460354773594], [22.53453084312804, 37.3070246533447], [22.538351342393554, 37.307297362478295], [22.530631002613234, 37.3160985404418], [22.527643966812064, 37.31460354773594]]]}]}","mythic/historic site"
"3.5.8",666,"Argolid - Lakonia border at the Hermai","27-04-167","{""type"": ""GeometryCollection"", ""geometries"": [{""type"": ""Polygon"", ""coordinates"": [[[22.527643966812064, 37.31460354773594], [22.53453084312804, 37.3070246533447], [22.538351342393554, 37.307297362478295], [22.530631002613234, 37.3160985404418], [22.527643966812064, 37.31460354773594]]]}]}","mythic/historic site"
"3.5.9",667,"Argolid - Lakonia border at the Hermai","28-04-167","{""type"": ""GeometryCollection"", ""geometries"": [{""type"": ""Polygon"", ""coordinates"": [[[22.527643966812064, 37.31460354773594], [22.53453084312804, 37.3070246533447], [22.538351342393554, 37.307297362478295], [22.530631002613234, 37.3160985404418], [22.527643966812064, 37.31460354773594]]]}]}","mythic/historic site"
"3.6.1",668,"Argolid - Lakonia border at the Hermai","29-04-167","{""type"": ""GeometryCollection"", ""geometries"": [{""type"": ""Polygon"", ""coordinates"": [[[22.527643966812064, 37.31460354773594], [22.53453084312804, 37.3070246533447], [22.538351342393554, 37.307297362478295], [22.530631002613234, 37.3160985404418], [22.527643966812064, 37.31460354773594]]]}]}","mythic/historic site"
"3.6.2",669,"Argolid - Lakonia border at the Hermai","30-04-167","{""type"": ""GeometryCollection"", ""geometries"": [{""type"": ""Polygon"", ""coordinates"": [[[22.527643966812064, 37.31460354773594], [22.53453084312804, 37.3070246533447], [22.538351342393554, 37.307297362478295], [22.530631002613234, 37.3160985404418], [22.527643966812064, 37.31460354773594]]]}]}","mythic/historic site"
"3.6.3",670,"Argolid - Lakonia border at the Hermai","01-05-167","{""type"": ""GeometryCollection"", ""geometries"": [{""type"": ""Polygon"", ""coordinates"": [[[22.527643966812064, 37.31460354773594], [22.53453084312804, 37.3070246533447], [22.538351342393554, 37.307297362478295], [22.530631002613234, 37.3160985404418], [22.527643966812064, 37.31460354773594]]]}]}","mythic/historic site"
"3.6.4",671,"Argolid - Lakonia border at the Hermai","02-05-167","{""type"": ""GeometryCollection"", ""geometries"": [{""type"": ""Polygon"", ""coordinates"": [[[22.527643966812064, 37.31460354773594], [22.53453084312804, 37.3070246533447], [22.538351342393554, 37.307297362478295], [22.530631002613234, 37.3160985404418], [22.527643966812064, 37.31460354773594]]]}]}","mythic/historic site"
"3.6.5",672,"Argolid - Lakonia border at the Hermai","03-05-167","{""type"": ""GeometryCollection"", ""geometries"": [{""type"": ""Polygon"", ""coordinates"": [[[22.527643966812064, 37.31460354773594], [22.53453084312804, 37.3070246533447], [22.538351342393554, 37.307297362478295], [22.530631002613234, 37.3160985404418], [22.527643966812064, 37.31460354773594]]]}]}","mythic/historic site"
"3.6.6",673,"Argolid - Lakonia border at the Hermai","04-05-167","{""type"": ""GeometryCollection"", ""geometries"": [{""type"": ""Polygon"", ""coordinates"": [[[22.527643966812064, 37.31460354773594], [22.53453084312804, 37.3070246533447], [22.538351342393554, 37.307297362478295], [22.530631002613234, 37.3160985404418], [22.527643966812064, 37.31460354773594]]]}]}","mythic/historic site"
"3.6.7",674,"Argolid - Lakonia border at the Hermai","05-05-167","{""type"": ""GeometryCollection"", ""geometries"": [{""type"": ""Polygon"", ""coordinates"": [[[22.527643966812064, 37.31460354773594], [22.53453084312804, 37.3070246533447], [22.538351342393554, 37.307297362478295], [22.530631002613234, 37.3160985404418], [22.527643966812064, 37.31460354773594]]]}]}","mythic/historic site"
"3.6.8",675,"Argolid - Lakonia border at the Hermai","06-05-167","{""type"": ""GeometryCollection"", ""geometries"": [{""type"": ""Polygon"", ""coordinates"": [[[22.527643966812064, 37.31460354773594], [22.53453084312804, 37.3070246533447], [22.538351342393554, 37.307297362478295], [22.530631002613234, 37.3160985404418], [22.527643966812064, 37.31460354773594]]]}]}","mythic/historic site"
"3.6.9",676,"Argolid - Lakonia border at the Hermai","07-05-167","{""type"": ""GeometryCollection"", ""geometries"": [{""type"": ""Polygon"", ""coordinates"": [[[22.527643966812064, 37.31460354773594], [22.53453084312804, 37.3070246533447], [22.538351342393554, 37.307297362478295], [22.530631002613234, 37.3160985404418], [22.527643966812064, 37.31460354773594]]]}]}","mythic/historic site"
"3.7.1",677,"Argolid - Lakonia border at the Hermai","08-05-167","{""type"": ""GeometryCollection"", ""geometries"": [{""type"": ""Polygon"", ""coordinates"": [[[22.527643966812064, 37.31460354773594], [22.53453084312804, 37.3070246533447], [22.538351342393554, 37.307297362478295], [22.530631002613234, 37.3160985404418], [22.527643966812064, 37.31460354773594]]]}]}","mythic/historic site"
"3.7.2",678,"Argolid - Lakonia border at the Hermai","09-05-167","{""type"": ""GeometryCollection"", ""geometries"": [{""type"": ""Polygon"", ""coordinates"": [[[22.527643966812064, 37.31460354773594], [22.53453084312804, 37.3070246533447], [22.538351342393554, 37.307297362478295], [22.530631002613234, 37.3160985404418], [22.527643966812064, 37.31460354773594]]]}]}","mythic/historic site"
"3.7.3",679,"Argolid - Lakonia border at the Hermai","10-05-167","{""type"": ""GeometryCollection"", ""geometries"": [{""type"": ""Polygon"", ""coordinates"": [[[22.527643966812064, 37.31460354773594], [22.53453084312804, 37.3070246533447], [22.538351342393554, 37.307297362478295], [22.530631002613234, 37.3160985404418], [22.527643966812064, 37.31460354773594]]]}]}","mythic/historic site"
"3.7.4",680,"Argolid - Lakonia border at the Hermai","11-05-167","{""type"": ""GeometryCollection"", ""geometries"": [{""type"": ""Polygon"", ""coordinates"": [[[22.527643966812064, 37.31460354773594], [22.53453084312804, 37.3070246533447], [22.538351342393554, 37.307297362478295], [22.530631002613234, 37.3160985404418], [22.527643966812064, 37.31460354773594]]]}]}","mythic/historic site"
"3.7.5",681,"Argolid - Lakonia border at the Hermai","12-05-167","{""type"": ""GeometryCollection"", ""geometries"": [{""type"": ""Polygon"", ""coordinates"": [[[22.527643966812064, 37.31460354773594], [22.53453084312804, 37.3070246533447], [22.538351342393554, 37.307297362478295], [22.530631002613234, 37.3160985404418], [22.527643966812064, 37.31460354773594]]]}]}","mythic/historic site"
"3.7.6",682,"Argolid - Lakonia border at the Hermai","13-05-167","{""type"": ""GeometryCollection"", ""geometries"": [{""type"": ""Polygon"", ""coordinates"": [[[22.527643966812064, 37.31460354773594], [22.53453084312804, 37.3070246533447], [22.538351342393554, 37.307297362478295], [22.530631002613234, 37.3160985404418], [22.527643966812064, 37.31460354773594]]]}]}","mythic/historic site"
"3.7.7",683,"Argolid - Lakonia border at the Hermai","14-05-167","{""type"": ""GeometryCollection"", ""geometries"": [{""type"": ""Polygon"", ""coordinates"": [[[22.527643966812064, 37.31460354773594], [22.53453084312804, 37.3070246533447], [22.538351342393554, 37.307297362478295], [22.530631002613234, 37.3160985404418], [22.527643966812064, 37.31460354773594]]]}]}","mythic/historic site"
"3.7.8",684,"Argolid - Lakonia border at the Hermai","15-05-167","{""type"": ""GeometryCollection"", ""geometries"": [{""type"": ""Polygon"", ""coordinates"": [[[22.527643966812064, 37.31460354773594], [22.53453084312804, 37.3070246533447], [22.538351342393554, 37.307297362478295], [22.530631002613234, 37.3160985404418], [22.527643966812064, 37.31460354773594]]]}]}","mythic/historic site"
"3.7.9",685,"Argolid - Lakonia border at the Hermai","16-05-167","{""type"": ""GeometryCollection"", ""geometries"": [{""type"": ""Polygon"", ""coordinates"": [[[22.527643966812064, 37.31460354773594], [22.53453084312804, 37.3070246533447], [22.538351342393554, 37.307297362478295], [22.530631002613234, 37.3160985404418], [22.527643966812064, 37.31460354773594]]]}]}","mythic/historic site"
"3.7.10",686,"Argolid - Lakonia border at the Hermai","17-05-167","{""type"": ""GeometryCollection"", ""geometries"": [{""type"": ""Polygon"", ""coordinates"": [[[22.527643966812064, 37.31460354773594], [22.53453084312804, 37.3070246533447], [22.538351342393554, 37.307297362478295], [22.530631002613234, 37.3160985404418], [22.527643966812064, 37.31460354773594]]]}]}","mythic/historic site"
"3.7.11",687,"Argolid - Lakonia border at the Hermai","18-05-167","{""type"": ""GeometryCollection"", ""geometries"": [{""type"": ""Polygon"", ""coordinates"": [[[22.527643966812064, 37.31460354773594], [22.53453084312804, 37.3070246533447], [22.538351342393554, 37.307297362478295], [22.530631002613234, 37.3160985404418], [22.527643966812064, 37.31460354773594]]]}]}","mythic/historic site"
"3.8.1",688,"Argolid - Lakonia border at the Hermai","19-05-167","{""type"": ""GeometryCollection"", ""geometries"": [{""type"": ""Polygon"", ""coordinates"": [[[22.527643966812064, 37.31460354773594], [22.53453084312804, 37.3070246533447], [22.538351342393554, 37.307297362478295], [22.530631002613234, 37.3160985404418], [22.527643966812064, 37.31460354773594]]]}]}","mythic/historic site"
"3.8.2",689,"Argolid - Lakonia border at the Hermai","20-05-167","{""type"": ""GeometryCollection"", ""geometries"": [{""type"": ""Polygon"", ""coordinates"": [[[22.527643966812064, 37.31460354773594], [22.53453084312804, 37.3070246533447], [22.538351342393554, 37.307297362478295], [22.530631002613234, 37.3160985404418], [22.527643966812064, 37.31460354773594]]]}]}","mythic/historic site"
"3.8.3",690,"Argolid - Lakonia border at the Hermai","21-05-167","{""type"": ""GeometryCollection"", ""geometries"": [{""type"": ""Polygon"", ""coordinates"": [[[22.527643966812064, 37.31460354773594], [22.53453084312804, 37.3070246533447], [22.538351342393554, 37.307297362478295], [22.530631002613234, 37.3160985404418], [22.527643966812064, 37.31460354773594]]]}]}","mythic/historic site"
"3.8.4",691,"Argolid - Lakonia border at the Hermai","22-05-167","{""type"": ""GeometryCollection"", ""geometries"": [{""type"": ""Polygon"", ""coordinates"": [[[22.527643966812064, 37.31460354773594], [22.53453084312804, 37.3070246533447], [22.538351342393554, 37.307297362478295], [22.530631002613234, 37.3160985404418], [22.527643966812064, 37.31460354773594]]]}]}","mythic/historic site"
"3.8.5",692,"Argolid - Lakonia border at the Hermai","23-05-167","{""type"": ""GeometryCollection"", ""geometries"": [{""type"": ""Polygon"", ""coordinates"": [[[22.527643966812064, 37.31460354773594], [22.53453084312804, 37.3070246533447], [22.538351342393554, 37.307297362478295], [22.530631002613234, 37.3160985404418], [22.527643966812064, 37.31460354773594]]]}]}","mythic/historic site"
"3.8.6",693,"Argolid - Lakonia border at the Hermai","24-05-167","{""type"": ""GeometryCollection"", ""geometries"": [{""type"": ""Polygon"", ""coordinates"": [[[22.527643966812064, 37.31460354773594], [22.53453084312804, 37.3070246533447], [22.538351342393554, 37.307297362478295], [22.530631002613234, 37.3160985404418], [22.527643966812064, 37.31460354773594]]]}]}","mythic/historic site"
"3.8.7",694,"Argolid - Lakonia border at the Hermai","25-05-167","{""type"": ""GeometryCollection"", ""geometries"": [{""type"": ""Polygon"", ""coordinates"": [[[22.527643966812064, 37.31460354773594], [22.53453084312804, 37.3070246533447], [22.538351342393554, 37.307297362478295], [22.530631002613234, 37.3160985404418], [22.527643966812064, 37.31460354773594]]]}]}","mythic/historic site"
"3.8.8",695,"Argolid - Lakonia border at the Hermai","26-05-167","{""type"": ""GeometryCollection"", ""geometries"": [{""type"": ""Polygon"", ""coordinates"": [[[22.527643966812064, 37.31460354773594], [22.53453084312804, 37.3070246533447], [22.538351342393554, 37.307297362478295], [22.530631002613234, 37.3160985404418], [22.527643966812064, 37.31460354773594]]]}]}","mythic/historic site"
"3.8.9",696,"Argolid - Lakonia border at the Hermai","27-05-167","{""type"": ""GeometryCollection"", ""geometries"": [{""type"": ""Polygon"", ""coordinates"": [[[22.527643966812064, 37.31460354773594], [22.53453084312804, 37.3070246533447], [22.538351342393554, 37.307297362478295], [22.530631002613234, 37.3160985404418], [22.527643966812064, 37.31460354773594]]]}]}","mythic/historic site"
"3.8.10",697,"Argolid - Lakonia border at the Hermai","28-05-167","{""type"": ""GeometryCollection"", ""geometries"": [{""type"": ""Polygon"", ""coordinates"": [[[22.527643966812064, 37.31460354773594], [22.53453084312804, 37.3070246533447], [22.538351342393554, 37.307297362478295], [22.530631002613234, 37.3160985404418], [22.527643966812064, 37.31460354773594]]]}]}","mythic/historic site"
"3.9.1",698,"Argolid - Lakonia border at the Hermai","29-05-167","{""type"": ""GeometryCollection"", ""geometries"": [{""type"": ""Polygon"", ""coordinates"": [[[22.527643966812064, 37.31460354773594], [22.53453084312804, 37.3070246533447], [22.538351342393554, 37.307297362478295], [22.530631002613234, 37.3160985404418], [22.527643966812064, 37.31460354773594]]]}]}","mythic/historic site"
"3.9.2",699,"Argolid - Lakonia border at the Hermai","30-05-167","{""type"": ""GeometryCollection"", ""geometries"": [{""type"": ""Polygon"", ""coordinates"": [[[22.527643966812064, 37.31460354773594], [22.53453084312804, 37.3070246533447], [22.538351342393554, 37.307297362478295], [22.530631002613234, 37.3160985404418], [22.527643966812064, 37.31460354773594]]]}]}","mythic/historic site"
"3.9.3",700,"Argolid - Lakonia border at the Hermai","31-05-167","{""type"": ""GeometryCollection"", ""geometries"": [{""type"": ""Polygon"", ""coordinates"": [[[22.527643966812064, 37.31460354773594], [22.53453084312804, 37.3070246533447], [22.538351342393554, 37.307297362478295], [22.530631002613234, 37.3160985404418], [22.527643966812064, 37.31460354773594]]]}]}","mythic/historic site"
"3.9.4",701,"Argolid - Lakonia border at the Hermai","01-06-167","{""type"": ""GeometryCollection"", ""geometries"": [{""type"": ""Polygon"", ""coordinates"": [[[22.527643966812064, 37.31460354773594], [22.53453084312804, 37.3070246533447], [22.538351342393554, 37.307297362478295], [22.530631002613234, 37.3160985404418], [22.527643966812064, 37.31460354773594]]]}]}","mythic/historic site"
"3.9.5",702,"Argolid - Lakonia border at the Hermai","02-06-167","{""type"": ""GeometryCollection"", ""geometries"": [{""type"": ""Polygon"", ""coordinates"": [[[22.527643966812064, 37.31460354773594], [22.53453084312804, 37.3070246533447], [22.538351342393554, 37.307297362478295], [22.530631002613234, 37.3160985404418], [22.527643966812064, 37.31460354773594]]]}]}","mythic/historic site"
"3.9.6",703,"Argolid - Lakonia border at the Hermai","03-06-167","{""type"": ""GeometryCollection"", ""geometries"": [{""type"": ""Polygon"", ""coordinates"": [[[22.527643966812064, 37.31460354773594], [22.53453084312804, 37.3070246533447], [22.538351342393554, 37.307297362478295], [22.530631002613234, 37.3160985404418], [22.527643966812064, 37.31460354773594]]]}]}","mythic/historic site"
"3.9.7",704,"Argolid - Lakonia border at the Hermai","04-06-167","{""type"": ""GeometryCollection"", ""geometries"": [{""type"": ""Polygon"", ""coordinates"": [[[22.527643966812064, 37.31460354773594], [22.53453084312804, 37.3070246533447], [22.538351342393554, 37.307297362478295], [22.530631002613234, 37.3160985404418], [22.527643966812064, 37.31460354773594]]]}]}","mythic/historic site"
"3.9.8",705,"Argolid - Lakonia border at the Hermai","05-06-167","{""type"": ""GeometryCollection"", ""geometries"": [{""type"": ""Polygon"", ""coordinates"": [[[22.527643966812064, 37.31460354773594], [22.53453084312804, 37.3070246533447], [22.538351342393554, 37.307297362478295], [22.530631002613234, 37.3160985404418], [22.527643966812064, 37.31460354773594]]]}]}","mythic/historic site"
"3.9.9",706,"Argolid - Lakonia border at the Hermai","06-06-167","{""type"": ""GeometryCollection"", ""geometries"": [{""type"": ""Polygon"", ""coordinates"": [[[22.527643966812064, 37.31460354773594], [22.53453084312804, 37.3070246533447], [22.538351342393554, 37.307297362478295], [22.530631002613234, 37.3160985404418], [22.527643966812064, 37.31460354773594]]]}]}","mythic/historic site"
"3.9.10",707,"Argolid - Lakonia border at the Hermai","07-06-167","{""type"": ""GeometryCollection"", ""geometries"": [{""type"": ""Polygon"", ""coordinates"": [[[22.527643966812064, 37.31460354773594], [22.53453084312804, 37.3070246533447], [22.538351342393554, 37.307297362478295], [22.530631002613234, 37.3160985404418], [22.527643966812064, 37.31460354773594]]]}]}","mythic/historic site"
"3.9.11",708,"Argolid - Lakonia border at the Hermai","08-06-167","{""type"": ""GeometryCollection"", ""geometries"": [{""type"": ""Polygon"", ""coordinates"": [[[22.527643966812064, 37.31460354773594], [22.53453084312804, 37.3070246533447], [22.538351342393554, 37.307297362478295], [22.530631002613234, 37.3160985404418], [22.527643966812064, 37.31460354773594]]]}]}","mythic/historic site"
"3.9.12",709,"Argolid - Lakonia border at the Hermai","09-06-167","{""type"": ""GeometryCollection"", ""geometries"": [{""type"": ""Polygon"", ""coordinates"": [[[22.527643966812064, 37.31460354773594], [22.53453084312804, 37.3070246533447], [22.538351342393554, 37.307297362478295], [22.530631002613234, 37.3160985404418], [22.527643966812064, 37.31460354773594]]]}]}","mythic/historic site"
"3.9.13",710,"Argolid - Lakonia border at the Hermai","10-06-167","{""type"": ""GeometryCollection"", ""geometries"": [{""type"": ""Polygon"", ""coordinates"": [[[22.527643966812064, 37.31460354773594], [22.53453084312804, 37.3070246533447], [22.538351342393554, 37.307297362478295], [22.530631002613234, 37.3160985404418], [22.527643966812064, 37.31460354773594]]]}]}","mythic/historic site"
"3.10.1",711,"Argolid - Lakonia border at the Hermai","11-06-167","{""type"": ""GeometryCollection"", ""geometries"": [{""type"": ""Polygon"", ""coordinates"": [[[22.527643966812064, 37.31460354773594], [22.53453084312804, 37.3070246533447], [22.538351342393554, 37.307297362478295], [22.530631002613234, 37.3160985404418], [22.527643966812064, 37.31460354773594]]]}]}","mythic/historic site"
"3.10.2",712,"Argolid - Lakonia border at the Hermai","12-06-167","{""type"": ""GeometryCollection"", ""geometries"": [{""type"": ""Polygon"", ""coordinates"": [[[22.527643966812064, 37.31460354773594], [22.53453084312804, 37.3070246533447], [22.538351342393554, 37.307297362478295], [22.530631002613234, 37.3160985404418], [22.527643966812064, 37.31460354773594]]]}]}","mythic/historic site"
"3.10.3",713,"Argolid - Lakonia border at the Hermai","13-06-167","{""type"": ""GeometryCollection"", ""geometries"": [{""type"": ""Polygon"", ""coordinates"": [[[22.527643966812064, 37.31460354773594], [22.53453084312804, 37.3070246533447], [22.538351342393554, 37.307297362478295], [22.530631002613234, 37.3160985404418], [22.527643966812064, 37.31460354773594]]]}]}","mythic/historic site"
"3.10.4",714,"Argolid - Lakonia border at the Hermai","14-06-167","{""type"": ""GeometryCollection"", ""geometries"": [{""type"": ""Polygon"", ""coordinates"": [[[22.527643966812064, 37.31460354773594], [22.53453084312804, 37.3070246533447], [22.538351342393554, 37.307297362478295], [22.530631002613234, 37.3160985404418], [22.527643966812064, 37.31460354773594]]]}]}","mythic/historic site"
"3.10.5",715,"Argolid - Lakonia border at the Hermai","15-06-167","{""type"": ""GeometryCollection"", ""geometries"": [{""type"": ""Polygon"", ""coordinates"": [[[22.527643966812064, 37.31460354773594], [22.53453084312804, 37.3070246533447], [22.538351342393554, 37.307297362478295], [22.530631002613234, 37.3160985404418], [22.527643966812064, 37.31460354773594]]]}]}","mythic/historic site"
"3.20.9",828,"Horse monument on Sparta-Arcadia road","06-10-167","{""type"": ""GeometryCollection"", ""geometries"": [{""type"": ""LineString"", ""coordinates"": [[22.43344902679246, 37.07854079336305], [22.428584411916518, 37.08882484486931], [22.41642287472453, 37.099495498536825], [22.402801953068746, 37.127813944193875], [22.38845133918261, 37.14448971548322], [22.379695032404868, 37.16116181103024], [22.35885731129673, 37.16532974986417], [22.354746602300025, 37.188911863492876], [22.323425601665463, 37.20813772657172], [22.315023461402035, 37.23503856465109], [22.270073899068166, 37.243200706000195], [22.243538171094087, 37.272961025226124], [22.211971985870605, 37.28730261421522]]}]}","mythic/historic site"
"3.20.10",829,"Statue of Aidos 30 stades north of Sparta","07-10-167","{""type"": ""GeometryCollection"", ""geometries"": [{""type"": ""LineString"", ""coordinates"": [[22.43344902679246, 37.07854079336305], [22.428584411916518, 37.08882484486931], [22.41642287472453, 37.099495498536825], [22.402801953068746, 37.127813944193875], [22.38845133918261, 37.14448971548322], [22.379695032404868, 37.16116181103024], [22.35885731129673, 37.16532974986417], [22.354746602300025, 37.188911863492876], [22.323425601665463, 37.20813772657172], [22.315023461402035, 37.23503856465109], [22.270073899068166, 37.243200706000195], [22.243538171094087, 37.272961025226124], [22.211971985870605, 37.28730261421522]]}]}","mythic/historic site"
"3.20.11",830,"Statue of Aidos 30 stades north of Sparta","08-10-167","{""type"": ""GeometryCollection"", ""geometries"": [{""type"": ""LineString"", ""coordinates"": [[22.43344902679246, 37.07854079336305], [22.428584411916518, 37.08882484486931], [22.41642287472453, 37.099495498536825], [22.402801953068746, 37.127813944193875], [22.38845133918261, 37.14448971548322], [22.379695032404868, 37.16116181103024], [22.35885731129673, 37.16532974986417], [22.354746602300025, 37.188911863492876], [22.323425601665463, 37.20813772657172], [22.315023461402035, 37.23503856465109], [22.270073899068166, 37.243200706000195], [22.243538171094087, 37.272961025226124], [22.211971985870605, 37.28730261421522]]}]}","mythic/historic site"
"4.1.1",896,"Choirios Nape","13-12-167","{""type"": ""GeometryCollection"", ""geometries"": [{""type"": ""Polygon"", ""coordinates"": [[[22.143588429711173, 36.94888471665877], [22.18624381440418, 36.95017414417967], [22.223199270082375, 36.95378608209073], [22.248155909035262, 36.960469507191235], [22.25775393867147, 36.96224967963566], [22.262659624143453, 36.98275144390442], [22.284975814421244, 36.99240306697337], [22.277683819340496, 36.9974822900312], [22.25528655397426, 36.98707795027782], [22.249117608796496, 36.96730110791651], [22.220231007097283, 36.9612590436016], [22.193853679994135, 36.956753242978635], [22.16522532799945, 36.956871930927164], [22.14004783897485, 36.95194522129127], [22.143588429711173, 36.94888471665877]]]}]}","mythic/historic site"
"4.1.2",897,"Choirios Nape","14-12-167","{""type"": ""GeometryCollection"", ""geometries"": [{""type"": ""Polygon"", ""coordinates"": [[[22.143588429711173, 36.94888471665877], [22.18624381440418, 36.95017414417967], [22.223199270082375, 36.95378608209073], [22.248155909035262, 36.960469507191235], [22.25775393867147, 36.96224967963566], [22.262659624143453, 36.98275144390442], [22.284975814421244, 36.99240306697337], [22.277683819340496, 36.9974822900312], [22.25528655397426, 36.98707795027782], [22.249117608796496, 36.96730110791651], [22.220231007097283, 36.9612590436016], [22.193853679994135, 36.956753242978635], [22.16522532799945, 36.956871930927164], [22.14004783897485, 36.95194522129127], [22.143588429711173, 36.94888471665877]]]}]}","mythic/historic site"
"4.1.3",898,"Choirios Nape","15-12-167","{""type"": ""GeometryCollection"", ""geometries"": [{""type"": ""Polygon"", ""coordinates"": [[[22.143588429711173, 36.94888471665877], [22.18624381440418, 36.95017414417967], [22.223199270082375, 36.95378608209073], [22.248155909035262, 36.960469507191235], [22.25775393867147, 36.96224967963566], [22.262659624143453, 36.98275144390442], [22.284975814421244, 36.99240306697337], [22.277683819340496, 36.9974822900312], [22.25528655397426, 36.98707795027782], [22.249117608796496, 36.96730110791651], [22.220231007097283, 36.9612590436016], [22.193853679994135, 36.956753242978635], [22.16522532799945, 36.956871930927164], [22.14004783897485, 36.95194522129127], [22.143588429711173, 36.94888471665877]]]}]}","mythic/historic site"
"4.1.4",899,"Choirios Nape","16-12-167","{""type"": ""GeometryCollection"", ""geometries"": [{""type"": ""Polygon"", ""coordinates"": [[[22.143588429711173, 36.94888471665877], [22.18624381440418, 36.95017414417967], [22.223199270082375, 36.95378608209073], [22.248155909035262, 36.960469507191235], [22.25775393867147, 36.96224967963566], [22.262659624143453, 36.98275144390442], [22.284975814421244, 36.99240306697337], [22.277683819340496, 36.9974822900312], [22.25528655397426, 36.98707795027782], [22.249117608796496, 36.96730110791651], [22.220231007097283, 36.9612590436016], [22.193853679994135, 36.956753242978635], [22.16522532799945, 36.956871930927164], [22.14004783897485, 36.95194522129127], [22.143588429711173, 36.94888471665877]]]}]}","mythic/historic site"
"4.1.5",900,"Choirios Nape","17-12-167","{""type"": ""GeometryCollection"", ""geometries"": [{""type"": ""Polygon"", ""coordinates"": [[[22.143588429711173, 36.94888471665877], [22.18624381440418, 36.95017414417967], [22.223199270082375, 36.95378608209073], [22.248155909035262, 36.960469507191235], [22.25775393867147, 36.96224967963566], [22.262659624143453, 36.98275144390442], [22.284975814421244, 36.99240306697337], [22.277683819340496, 36.9974822900312], [22.25528655397426, 36.98707795027782], [22.249117608796496, 36.96730110791651], [22.220231007097283, 36.9612590436016], [22.193853679994135, 36.956753242978635], [22.16522532799945, 36.956871930927164], [22.14004783897485, 36.95194522129127], [22.143588429711173, 36.94888471665877]]]}]}","mythic/historic site"
"4.1.6",901,"Choirios Nape","18-12-167","{""type"": ""GeometryCollection"", ""geometries"": [{""type"": ""Polygon"", ""coordinates"": [[[22.143588429711173, 36.94888471665877], [22.18624381440418, 36.95017414417967], [22.223199270082375, 36.95378608209073], [22.248155909035262, 36.960469507191235], [22.25775393867147, 36.96224967963566], [22.262659624143453, 36.98275144390442], [22.284975814421244, 36.99240306697337], [22.277683819340496, 36.9974822900312], [22.25528655397426, 36.98707795027782], [22.249117608796496, 36.96730110791651], [22.220231007097283, 36.9612590436016], [22.193853679994135, 36.956753242978635], [22.16522532799945, 36.956871930927164], [22.14004783897485, 36.95194522129127], [22.143588429711173, 36.94888471665877]]]}]}","mythic/historic site"
"4.1.7",902,"Choirios Nape","19-12-167","{""type"": ""GeometryCollection"", ""geometries"": [{""type"": ""Polygon"", ""coordinates"": [[[22.143588429711173, 36.94888471665877], [22.18624381440418, 36.95017414417967], [22.223199270082375, 36.95378608209073], [22.248155909035262, 36.960469507191235], [22.25775393867147, 36.96224967963566], [22.262659624143453, 36.98275144390442], [22.284975814421244, 36.99240306697337], [22.277683819340496, 36.9974822900312], [22.25528655397426, 36.98707795027782], [22.249117608796496, 36.96730110791651], [22.220231007097283, 36.9612590436016], [22.193853679994135, 36.956753242978635], [22.16522532799945, 36.956871930927164], [22.14004783897485, 36.95194522129127], [22.143588429711173, 36.94888471665877]]]}]}","mythic/historic site"
"4.1.8",903,"Choirios Nape","20-12-167","{""type"": ""GeometryCollection"", ""geometries"": [{""type"": ""Polygon"", ""coordinates"": [[[22.143588429711173, 36.94888471665877], [22.18624381440418, 36.95017414417967], [22.223199270082375, 36.95378608209073], [22.248155909035262, 36.960469507191235], [22.25775393867147, 36.96224967963566], [22.262659624143453, 36.98275144390442], [22.284975814421244, 36.99240306697337], [22.277683819340496, 36.9974822900312], [22.25528655397426, 36.98707795027782], [22.249117608796496, 36.96730110791651], [22.220231007097283, 36.9612590436016], [22.193853679994135, 36.956753242978635], [22.16522532799945, 36.956871930927164], [22.14004783897485, 36.95194522129127], [22.143588429711173, 36.94888471665877]]]}]}","mythic/historic site"
"4.1.9",904,"Choirios Nape","21-12-167","{""type"": ""GeometryCollection"", ""geometries"": [{""type"": ""Polygon"", ""coordinates"": [[[22.143588429711173, 36.94888471665877], [22.18624381440418, 36.95017414417967], [22.223199270082375, 36.95378608209073], [22.248155909035262, 36.960469507191235], [22.25775393867147, 36.96224967963566], [22.262659624143453, 36.98275144390442], [22.284975814421244, 36.99240306697337], [22.277683819340496, 36.9974822900312], [22.25528655397426, 36.98707795027782], [22.249117608796496, 36.96730110791651], [22.220231007097283, 36.9612590436016], [22.193853679994135, 36.956753242978635], [22.16522532799945, 36.956871930927164], [22.14004783897485, 36.95194522129127], [22.143588429711173, 36.94888471665877]]]}]}","mythic/historic site"
"4.2.1",905,"Choirios Nape","22-12-167","{""type"": ""GeometryCollection"", ""geometries"": [{""type"": ""Polygon"", ""coordinates"": [[[22.143588429711173, 36.94888471665877], [22.18624381440418, 36.95017414417967], [22.223199270082375, 36.95378608209073], [22.248155909035262, 36.960469507191235], [22.25775393867147, 36.96224967963566], [22.262659624143453, 36.98275144390442], [22.284975814421244, 36.99240306697337], [22.277683819340496, 36.9974822900312], [22.25528655397426, 36.98707795027782], [22.249117608796496, 36.96730110791651], [22.220231007097283, 36.9612590436016], [22.193853679994135, 36.956753242978635], [22.16522532799945, 36.956871930927164], [22.14004783897485, 36.95194522129127], [22.143588429711173, 36.94888471665877]]]}]}","mythic/historic site"
"4.2.2",906,"Choirios Nape","23-12-167","{""type"": ""GeometryCollection"", ""geometries"": [{""type"": ""Polygon"", ""coordinates"": [[[22.143588429711173, 36.94888471665877], [22.18624381440418, 36.95017414417967], [22.223199270082375, 36.95378608209073], [22.248155909035262, 36.960469507191235], [22.25775393867147, 36.96224967963566], [22.262659624143453, 36.98275144390442], [22.284975814421244, 36.99240306697337], [22.277683819340496, 36.9974822900312], [22.25528655397426, 36.98707795027782], [22.249117608796496, 36.96730110791651], [22.220231007097283, 36.9612590436016], [22.193853679994135, 36.956753242978635], [22.16522532799945, 36.956871930927164], [22.14004783897485, 36.95194522129127], [22.143588429711173, 36.94888471665877]]]}]}","mythic/historic site"
"4.2.3",907,"Choirios Nape","24-12-167","{""type"": ""GeometryCollection"", ""geometries"": [{""type"": ""Polygon"", ""coordinates"": [[[22.143588429711173, 36.94888471665877], [22.18624381440418, 36.95017414417967], [22.223199270082375, 36.95378608209073], [22.248155909035262, 36.960469507191235], [22.25775393867147, 36.96224967963566], [22.262659624143453, 36.98275144390442], [22.284975814421244, 36.99240306697337], [22.277683819340496, 36.9974822900312], [22.25528655397426, 36.98707795027782], [22.249117608796496, 36.96730110791651], [22.220231007097283, 36.9612590436016], [22.193853679994135, 36.956753242978635], [22.16522532799945, 36.956871930927164], [22.14004783897485, 36.95194522129127], [22.143588429711173, 36.94888471665877]]]}]}","mythic/historic site"
"4.2.4",908,"Choirios Nape","25-12-167","{""type"": ""GeometryCollection"", ""geometries"": [{""type"": ""Polygon"", ""coordinates"": [[[22.143588429711173, 36.94888471665877], [22.18624381440418, 36.95017414417967], [22.223199270082375, 36.95378608209073], [22.248155909035262, 36.960469507191235], [22.25775393867147, 36.96224967963566], [22.262659624143453, 36.98275144390442], [22.284975814421244, 36.99240306697337], [22.277683819340496, 36.9974822900312], [22.25528655397426, 36.98707795027782], [22.249117608796496, 36.96730110791651], [22.220231007097283, 36.9612590436016], [22.193853679994135, 36.956753242978635], [22.16522532799945, 36.956871930927164], [22.14004783897485, 36.95194522129127], [22.143588429711173, 36.94888471665877]]]}]}","mythic/historic site"
"4.2.5",909,"Choirios Nape","26-12-167","{""type"": ""GeometryCollection"", ""geometries"": [{""type"": ""Polygon"", ""coordinates"": [[[22.143588429711173, 36.94888471665877], [22.18624381440418, 36.95017414417967], [22.223199270082375, 36.95378608209073], [22.248155909035262, 36.960469507191235], [22.25775393867147, 36.96224967963566], [22.262659624143453, 36.98275144390442], [22.284975814421244, 36.99240306697337], [22.277683819340496, 36.9974822900312], [22.25528655397426, 36.98707795027782], [22.249117608796496, 36.96730110791651], [22.220231007097283, 36.9612590436016], [22.193853679994135, 36.956753242978635], [22.16522532799945, 36.956871930927164], [22.14004783897485, 36.95194522129127], [22.143588429711173, 36.94888471665877]]]}]}","mythic/historic site"
"4.2.6",910,"Choirios Nape","27-12-167","{""type"": ""GeometryCollection"", ""geometries"": [{""type"": ""Polygon"", ""coordinates"": [[[22.143588429711173, 36.94888471665877], [22.18624381440418, 36.95017414417967], [22.223199270082375, 36.95378608209073], [22.248155909035262, 36.960469507191235], [22.25775393867147, 36.96224967963566], [22.262659624143453, 36.98275144390442], [22.284975814421244, 36.99240306697337], [22.277683819340496, 36.9974822900312], [22.25528655397426, 36.98707795027782], [22.249117608796496, 36.96730110791651], [22.220231007097283, 36.9612590436016], [22.193853679994135, 36.956753242978635], [22.16522532799945, 36.956871930927164], [22.14004783897485, 36.95194522129127], [22.143588429711173, 36.94888471665877]]]}]}","mythic/historic site"
"4.2.7",911,"Choirios Nape","28-12-167","{""type"": ""GeometryCollection"", ""geometries"": [{""type"": ""Polygon"", ""coordinates"": [[[22.143588429711173, 36.94888471665877], [22.18624381440418, 36.95017414417967], [22.223199270082375, 36.95378608209073], [22.248155909035262, 36.960469507191235], [22.25775393867147, 36.96224967963566], [22.262659624143453, 36.98275144390442], [22.284975814421244, 36.99240306697337], [22.277683819340496, 36.9974822900312], [22.25528655397426, 36.98707795027782], [22.249117608796496, 36.96730110791651], [22.220231007097283, 36.9612590436016], [22.193853679994135, 36.956753242978635], [22.16522532799945, 36.956871930927164], [22.14004783897485, 36.95194522129127], [22.143588429711173, 36.94888471665877]]]}]}","mythic/historic site"
"4.3.1",912,"Choirios Nape","29-12-167","{""type"": ""GeometryCollection"", ""geometries"": [{""type"": ""Polygon"", ""coordinates"": [[[22.143588429711173, 36.94888471665877], [22.18624381440418, 36.95017414417967], [22.223199270082375, 36.95378608209073], [22.248155909035262, 36.960469507191235], [22.25775393867147, 36.96224967963566], [22.262659624143453, 36.98275144390442], [22.284975814421244, 36.99240306697337], [22.277683819340496, 36.9974822900312], [22.25528655397426, 36.98707795027782], [22.249117608796496, 36.96730110791651], [22.220231007097283, 36.9612590436016], [22.193853679994135, 36.956753242978635], [22.16522532799945, 36.956871930927164], [22.14004783897485, 36.95194522129127], [22.143588429711173, 36.94888471665877]]]}]}","mythic/historic site"
"4.3.2",913,"Choirios Nape","30-12-167","{""type"": ""GeometryCollection"", ""geometries"": [{""type"": ""Polygon"", ""coordinates"": [[[22.143588429711173, 36.94888471665877], [22.18624381440418, 36.95017414417967], [22.223199270082375, 36.95378608209073], [22.248155909035262, 36.960469507191235], [22.25775393867147, 36.96224967963566], [22.262659624143453, 36.98275144390442], [22.284975814421244, 36.99240306697337], [22.277683819340496, 36.9974822900312], [22.25528655397426, 36.98707795027782], [22.249117608796496, 36.96730110791651], [22.220231007097283, 36.9612590436016], [22.193853679994135, 36.956753242978635], [22.16522532799945, 36.956871930927164], [22.14004783897485, 36.95194522129127], [22.143588429711173, 36.94888471665877]]]}]}","mythic/historic site"
"4.3.3",914,"Choirios Nape","31-12-167","{""type"": ""GeometryCollection"", ""geometries"": [{""type"": ""Polygon"", ""coordinates"": [[[22.143588429711173, 36.94888471665877], [22.18624381440418, 36.95017414417967], [22.223199270082375, 36.95378608209073], [22.248155909035262, 36.960469507191235], [22.25775393867147, 36.96224967963566], [22.262659624143453, 36.98275144390442], [22.284975814421244, 36.99240306697337], [22.277683819340496, 36.9974822900312], [22.25528655397426, 36.98707795027782], [22.249117608796496, 36.96730110791651], [22.220231007097283, 36.9612590436016], [22.193853679994135, 36.956753242978635], [22.16522532799945, 36.956871930927164], [22.14004783897485, 36.95194522129127], [22.143588429711173, 36.94888471665877]]]}]}","mythic/historic site"
"4.3.4",915,"Choirios Nape","01-01-168","{""type"": ""GeometryCollection"", ""geometries"": [{""type"": ""Polygon"", ""coordinates"": [[[22.143588429711173, 36.94888471665877], [22.18624381440418, 36.95017414417967], [22.223199270082375, 36.95378608209073], [22.248155909035262, 36.960469507191235], [22.25775393867147, 36.96224967963566], [22.262659624143453, 36.98275144390442], [22.284975814421244, 36.99240306697337], [22.277683819340496, 36.9974822900312], [22.25528655397426, 36.98707795027782], [22.249117608796496, 36.96730110791651], [22.220231007097283, 36.9612590436016], [22.193853679994135, 36.956753242978635], [22.16522532799945, 36.956871930927164], [22.14004783897485, 36.95194522129127], [22.143588429711173, 36.94888471665877]]]}]}","mythic/historic site"
"4.3.5",916,"Choirios Nape","02-01-168","{""type"": ""GeometryCollection"", ""geometries"": [{""type"": ""Polygon"", ""coordinates"": [[[22.143588429711173, 36.94888471665877], [22.18624381440418, 36.95017414417967], [22.223199270082375, 36.95378608209073], [22.248155909035262, 36.960469507191235], [22.25775393867147, 36.96224967963566], [22.262659624143453, 36.98275144390442], [22.284975814421244, 36.99240306697337], [22.277683819340496, 36.9974822900312], [22.25528655397426, 36.98707795027782], [22.249117608796496, 36.96730110791651], [22.220231007097283, 36.9612590436016], [22.193853679994135, 36.956753242978635], [22.16522532799945, 36.956871930927164], [22.14004783897485, 36.95194522129127], [22.143588429711173, 36.94888471665877]]]}]}","mythic/historic site"
"4.3.6",917,"Choirios Nape","03-01-168","{""type"": ""GeometryCollection"", ""geometries"": [{""type"": ""Polygon"", ""coordinates"": [[[22.143588429711173, 36.94888471665877], [22.18624381440418, 36.95017414417967], [22.223199270082375, 36.95378608209073], [22.248155909035262, 36.960469507191235], [22.25775393867147, 36.96224967963566], [22.262659624143453, 36.98275144390442], [22.284975814421244, 36.99240306697337], [22.277683819340496, 36.9974822900312], [22.25528655397426, 36.98707795027782], [22.249117608796496, 36.96730110791651], [22.220231007097283, 36.9612590436016], [22.193853679994135, 36.956753242978635], [22.16522532799945, 36.956871930927164], [22.14004783897485, 36.95194522129127], [22.143588429711173, 36.94888471665877]]]}]}","mythic/historic site"
"4.3.7",918,"Choirios Nape","04-01-168","{""type"": ""GeometryCollection"", ""geometries"": [{""type"": ""Polygon"", ""coordinates"": [[[22.143588429711173, 36.94888471665877], [22.18624381440418, 36.95017414417967], [22.223199270082375, 36.95378608209073], [22.248155909035262, 36.960469507191235], [22.25775393867147, 36.96224967963566], [22.262659624143453, 36.98275144390442], [22.284975814421244, 36.99240306697337], [22.277683819340496, 36.9974822900312], [22.25528655397426, 36.98707795027782], [22.249117608796496, 36.96730110791651], [22.220231007097283, 36.9612590436016], [22.193853679994135, 36.956753242978635], [22.16522532799945, 36.956871930927164], [22.14004783897485, 36.95194522129127], [22.143588429711173, 36.94888471665877]]]}]}","mythic/historic site"
"4.3.8",919,"Choirios Nape","05-01-168","{""type"": ""GeometryCollection"", ""geometries"": [{""type"": ""Polygon"", ""coordinates"": [[[22.143588429711173, 36.94888471665877], [22.18624381440418, 36.95017414417967], [22.223199270082375, 36.95378608209073], [22.248155909035262, 36.960469507191235], [22.25775393867147, 36.96224967963566], [22.262659624143453, 36.98275144390442], [22.284975814421244, 36.99240306697337], [22.277683819340496, 36.9974822900312], [22.25528655397426, 36.98707795027782], [22.249117608796496, 36.96730110791651], [22.220231007097283, 36.9612590436016], [22.193853679994135, 36.956753242978635], [22.16522532799945, 36.956871930927164], [22.14004783897485, 36.95194522129127], [22.143588429711173, 36.94888471665877]]]}]}","mythic/historic site"
"4.3.9",920,"Choirios Nape","06-01-168","{""type"": ""GeometryCollection"", ""geometries"": [{""type"": ""Polygon"", ""coordinates"": [[[22.143588429711173, 36.94888471665877], [22.18624381440418, 36.95017414417967], [22.223199270082375, 36.95378608209073], [22.248155909035262, 36.960469507191235], [22.25775393867147, 36.96224967963566], [22.262659624143453, 36.98275144390442], [22.284975814421244, 36.99240306697337], [22.277683819340496, 36.9974822900312], [22.25528655397426, 36.98707795027782], [22.249117608796496, 36.96730110791651], [22.220231007097283, 36.9612590436016], [22.193853679994135, 36.956753242978635], [22.16522532799945, 36.956871930927164], [22.14004783897485, 36.95194522129127], [22.143588429711173, 36.94888471665877]]]}]}","mythic/historic site"
"4.3.10",921,"Choirios Nape","07-01-168","{""type"": ""GeometryCollection"", ""geometries"": [{""type"": ""Polygon"", ""coordinates"": [[[22.143588429711173, 36.94888471665877], [22.18624381440418, 36.95017414417967], [22.223199270082375, 36.95378608209073], [22.248155909035262, 36.960469507191235], [22.25775393867147, 36.96224967963566], [22.262659624143453, 36.98275144390442], [22.284975814421244, 36.99240306697337], [22.277683819340496, 36.9974822900312], [22.25528655397426, 36.98707795027782], [22.249117608796496, 36.96730110791651], [22.220231007097283, 36.9612590436016], [22.193853679994135, 36.956753242978635], [22.16522532799945, 36.956871930927164], [22.14004783897485, 36.95194522129127], [22.143588429711173, 36.94888471665877]]]}]}","mythic/historic site"
"4.4.1",922,"Choirios Nape","08-01-168","{""type"": ""GeometryCollection"", ""geometries"": [{""type"": ""Polygon"", ""coordinates"": [[[22.143588429711173, 36.94888471665877], [22.18624381440418, 36.95017414417967], [22.223199270082375, 36.95378608209073], [22.248155909035262, 36.960469507191235], [22.25775393867147, 36.96224967963566], [22.262659624143453, 36.98275144390442], [22.284975814421244, 36.99240306697337], [22.277683819340496, 36.9974822900312], [22.25528655397426, 36.98707795027782], [22.249117608796496, 36.96730110791651], [22.220231007097283, 36.9612590436016], [22.193853679994135, 36.956753242978635], [22.16522532799945, 36.956871930927164], [22.14004783897485, 36.95194522129127], [22.143588429711173, 36.94888471665877]]]}]}","mythic/historic site"
"4.4.2",923,"Choirios Nape","09-01-168","{""type"": ""GeometryCollection"", ""geometries"": [{""type"": ""Polygon"", ""coordinates"": [[[22.143588429711173, 36.94888471665877], [22.18624381440418, 36.95017414417967], [22.223199270082375, 36.95378608209073], [22.248155909035262, 36.960469507191235], [22.25775393867147, 36.96224967963566], [22.262659624143453, 36.98275144390442], [22.284975814421244, 36.99240306697337], [22.277683819340496, 36.9974822900312], [22.25528655397426, 36.98707795027782], [22.249117608796496, 36.96730110791651], [22.220231007097283, 36.9612590436016], [22.193853679994135, 36.956753242978635], [22.16522532799945, 36.956871930927164], [22.14004783897485, 36.95194522129127], [22.143588429711173, 36.94888471665877]]]}]}","mythic/historic site"
"4.4.3",924,"Choirios Nape","10-01-168","{""type"": ""GeometryCollection"", ""geometries"": [{""type"": ""Polygon"", ""coordinates"": [[[22.143588429711173, 36.94888471665877], [22.18624381440418, 36.95017414417967], [22.223199270082375, 36.95378608209073], [22.248155909035262, 36.960469507191235], [22.25775393867147, 36.96224967963566], [22.262659624143453, 36.98275144390442], [22.284975814421244, 36.99240306697337], [22.277683819340496, 36.9974822900312], [22.25528655397426, 36.98707795027782], [22.249117608796496, 36.96730110791651], [22.220231007097283, 36.9612590436016], [22.193853679994135, 36.956753242978635], [22.16522532799945, 36.956871930927164], [22.14004783897485, 36.95194522129127], [22.143588429711173, 36.94888471665877]]]}]}","mythic/historic site"
"4.4.4",925,"Choirios Nape","11-01-168","{""type"": ""GeometryCollection"", ""geometries"": [{""type"": ""Polygon"", ""coordinates"": [[[22.143588429711173, 36.94888471665877], [22.18624381440418, 36.95017414417967], [22.223199270082375, 36.95378608209073], [22.248155909035262, 36.960469507191235], [22.25775393867147, 36.96224967963566], [22.262659624143453, 36.98275144390442], [22.284975814421244, 36.99240306697337], [22.277683819340496, 36.9974822900312], [22.25528655397426, 36.98707795027782], [22.249117608796496, 36.96730110791651], [22.220231007097283, 36.9612590436016], [22.193853679994135, 36.956753242978635], [22.16522532799945, 36.956871930927164], [22.14004783897485, 36.95194522129127], [22.143588429711173, 36.94888471665877]]]}]}","mythic/historic site"
"4.4.5",926,"Choirios Nape","12-01-168","{""type"": ""GeometryCollection"", ""geometries"": [{""type"": ""Polygon"", ""coordinates"": [[[22.143588429711173, 36.94888471665877], [22.18624381440418, 36.95017414417967], [22.223199270082375, 36.95378608209073], [22.248155909035262, 36.960469507191235], [22.25775393867147, 36.96224967963566], [22.262659624143453, 36.98275144390442], [22.284975814421244, 36.99240306697337], [22.277683819340496, 36.9974822900312], [22.25528655397426, 36.98707795027782], [22.249117608796496, 36.96730110791651], [22.220231007097283, 36.9612590436016], [22.193853679994135, 36.956753242978635], [22.16522532799945, 36.956871930927164], [22.14004783897485, 36.95194522129127], [22.143588429711173, 36.94888471665877]]]}]}","mythic/historic site"
"4.4.6",927,"Choirios Nape","13-01-168","{""type"": ""GeometryCollection"", ""geometries"": [{""type"": ""Polygon"", ""coordinates"": [[[22.143588429711173, 36.94888471665877], [22.18624381440418, 36.95017414417967], [22.223199270082375, 36.95378608209073], [22.248155909035262, 36.960469507191235], [22.25775393867147, 36.96224967963566], [22.262659624143453, 36.98275144390442], [22.284975814421244, 36.99240306697337], [22.277683819340496, 36.9974822900312], [22.25528655397426, 36.98707795027782], [22.249117608796496, 36.96730110791651], [22.220231007097283, 36.9612590436016], [22.193853679994135, 36.956753242978635], [22.16522532799945, 36.956871930927164], [22.14004783897485, 36.95194522129127], [22.143588429711173, 36.94888471665877]]]}]}","mythic/historic site"
"4.4.7",928,"Choirios Nape","14-01-168","{""type"": ""GeometryCollection"", ""geometries"": [{""type"": ""Polygon"", ""coordinates"": [[[22.143588429711173, 36.94888471665877], [22.18624381440418, 36.95017414417967], [22.223199270082375, 36.95378608209073], [22.248155909035262, 36.960469507191235], [22.25775393867147, 36.96224967963566], [22.262659624143453, 36.98275144390442], [22.284975814421244, 36.99240306697337], [22.277683819340496, 36.9974822900312], [22.25528655397426, 36.98707795027782], [22.249117608796496, 36.96730110791651], [22.220231007097283, 36.9612590436016], [22.193853679994135, 36.956753242978635], [22.16522532799945, 36.956871930927164], [22.14004783897485, 36.95194522129127], [22.143588429711173, 36.94888471665877]]]}]}","mythic/historic site"
"4.4.8",929,"Choirios Nape","15-01-168","{""type"": ""GeometryCollection"", ""geometries"": [{""type"": ""Polygon"", ""coordinates"": [[[22.143588429711173, 36.94888471665877], [22.18624381440418, 36.95017414417967], [22.223199270082375, 36.95378608209073], [22.248155909035262, 36.960469507191235], [22.25775393867147, 36.96224967963566], [22.262659624143453, 36.98275144390442], [22.284975814421244, 36.99240306697337], [22.277683819340496, 36.9974822900312], [22.25528655397426, 36.98707795027782], [22.249117608796496, 36.96730110791651], [22.220231007097283, 36.9612590436016], [22.193853679994135, 36.956753242978635], [22.16522532799945, 36.956871930927164], [22.14004783897485, 36.95194522129127], [22.143588429711173, 36.94888471665877]]]}]}","mythic/historic site"
"4.5.1",930,"Choirios Nape","16-01-168","{""type"": ""GeometryCollection"", ""geometries"": [{""type"": ""Polygon"", ""coordinates"": [[[22.143588429711173, 36.94888471665877], [22.18624381440418, 36.95017414417967], [22.223199270082375, 36.95378608209073], [22.248155909035262, 36.960469507191235], [22.25775393867147, 36.96224967963566], [22.262659624143453, 36.98275144390442], [22.284975814421244, 36.99240306697337], [22.277683819340496, 36.9974822900312], [22.25528655397426, 36.98707795027782], [22.249117608796496, 36.96730110791651], [22.220231007097283, 36.9612590436016], [22.193853679994135, 36.956753242978635], [22.16522532799945, 36.956871930927164], [22.14004783897485, 36.95194522129127], [22.143588429711173, 36.94888471665877]]]}]}","mythic/historic site"
"4.5.2",931,"Choirios Nape","17-01-168","{""type"": ""GeometryCollection"", ""geometries"": [{""type"": ""Polygon"", ""coordinates"": [[[22.143588429711173, 36.94888471665877], [22.18624381440418, 36.95017414417967], [22.223199270082375, 36.95378608209073], [22.248155909035262, 36.960469507191235], [22.25775393867147, 36.96224967963566], [22.262659624143453, 36.98275144390442], [22.284975814421244, 36.99240306697337], [22.277683819340496, 36.9974822900312], [22.25528655397426, 36.98707795027782], [22.249117608796496, 36.96730110791651], [22.220231007097283, 36.9612590436016], [22.193853679994135, 36.956753242978635], [22.16522532799945, 36.956871930927164], [22.14004783897485, 36.95194522129127], [22.143588429711173, 36.94888471665877]]]}]}","mythic/historic site"
"4.5.3",932,"Choirios Nape","18-01-168","{""type"": ""GeometryCollection"", ""geometries"": [{""type"": ""Polygon"", ""coordinates"": [[[22.143588429711173, 36.94888471665877], [22.18624381440418, 36.95017414417967], [22.223199270082375, 36.95378608209073], [22.248155909035262, 36.960469507191235], [22.25775393867147, 36.96224967963566], [22.262659624143453, 36.98275144390442], [22.284975814421244, 36.99240306697337], [22.277683819340496, 36.9974822900312], [22.25528655397426, 36.98707795027782], [22.249117608796496, 36.96730110791651], [22.220231007097283, 36.9612590436016], [22.193853679994135, 36.956753242978635], [22.16522532799945, 36.956871930927164], [22.14004783897485, 36.95194522129127], [22.143588429711173, 36.94888471665877]]]}]}","mythic/historic site"
"4.5.4",933,"Choirios Nape","19-01-168","{""type"": ""GeometryCollection"", ""geometries"": [{""type"": ""Polygon"", ""coordinates"": [[[22.143588429711173, 36.94888471665877], [22.18624381440418, 36.95017414417967], [22.223199270082375, 36.95378608209073], [22.248155909035262, 36.960469507191235], [22.25775393867147, 36.96224967963566], [22.262659624143453, 36.98275144390442], [22.284975814421244, 36.99240306697337], [22.277683819340496, 36.9974822900312], [22.25528655397426, 36.98707795027782], [22.249117608796496, 36.96730110791651], [22.220231007097283, 36.9612590436016], [22.193853679994135, 36.956753242978635], [22.16522532799945, 36.956871930927164], [22.14004783897485, 36.95194522129127], [22.143588429711173, 36.94888471665877]]]}]}","mythic/historic site"
"4.5.5",934,"Choirios Nape","20-01-168","{""type"": ""GeometryCollection"", ""geometries"": [{""type"": ""Polygon"", ""coordinates"": [[[22.143588429711173, 36.94888471665877], [22.18624381440418, 36.95017414417967], [22.223199270082375, 36.95378608209073], [22.248155909035262, 36.960469507191235], [22.25775393867147, 36.96224967963566], [22.262659624143453, 36.98275144390442], [22.284975814421244, 36.99240306697337], [22.277683819340496, 36.9974822900312], [22.25528655397426, 36.98707795027782], [22.249117608796496, 36.96730110791651], [22.220231007097283, 36.9612590436016], [22.193853679994135, 36.956753242978635], [22.16522532799945, 36.956871930927164], [22.14004783897485, 36.95194522129127], [22.143588429711173, 36.94888471665877]]]}]}","mythic/historic site"
"4.5.6",935,"Choirios Nape","21-01-168","{""type"": ""GeometryCollection"", ""geometries"": [{""type"": ""Polygon"", ""coordinates"": [[[22.143588429711173, 36.94888471665877], [22.18624381440418, 36.95017414417967], [22.223199270082375, 36.95378608209073], [22.248155909035262, 36.960469507191235], [22.25775393867147, 36.96224967963566], [22.262659624143453, 36.98275144390442], [22.284975814421244, 36.99240306697337], [22.277683819340496, 36.9974822900312], [22.25528655397426, 36.98707795027782], [22.249117608796496, 36.96730110791651], [22.220231007097283, 36.9612590436016], [22.193853679994135, 36.956753242978635], [22.16522532799945, 36.956871930927164], [22.14004783897485, 36.95194522129127], [22.143588429711173, 36.94888471665877]]]}]}","mythic/historic site"
"4.5.7",936,"Choirios Nape","22-01-168","{""type"": ""GeometryCollection"", ""geometries"": [{""type"": ""Polygon"", ""coordinates"": [[[22.143588429711173, 36.94888471665877], [22.18624381440418, 36.95017414417967], [22.223199270082375, 36.95378608209073], [22.248155909035262, 36.960469507191235], [22.25775393867147, 36.96224967963566], [22.262659624143453, 36.98275144390442], [22.284975814421244, 36.99240306697337], [22.277683819340496, 36.9974822900312], [22.25528655397426, 36.98707795027782], [22.249117608796496, 36.96730110791651], [22.220231007097283, 36.9612590436016], [22.193853679994135, 36.956753242978635], [22.16522532799945, 36.956871930927164], [22.14004783897485, 36.95194522129127], [22.143588429711173, 36.94888471665877]]]}]}","mythic/historic site"
"4.5.8",937,"Choirios Nape","23-01-168","{""type"": ""GeometryCollection"", ""geometries"": [{""type"": ""Polygon"", ""coordinates"": [[[22.143588429711173, 36.94888471665877], [22.18624381440418, 36.95017414417967], [22.223199270082375, 36.95378608209073], [22.248155909035262, 36.960469507191235], [22.25775393867147, 36.96224967963566], [22.262659624143453, 36.98275144390442], [22.284975814421244, 36.99240306697337], [22.277683819340496, 36.9974822900312], [22.25528655397426, 36.98707795027782], [22.249117608796496, 36.96730110791651], [22.220231007097283, 36.9612590436016], [22.193853679994135, 36.956753242978635], [22.16522532799945, 36.956871930927164], [22.14004783897485, 36.95194522129127], [22.143588429711173, 36.94888471665877]]]}]}","mythic/historic site"
"4.5.9",938,"Choirios Nape","24-01-168","{""type"": ""GeometryCollection"", ""geometries"": [{""type"": ""Polygon"", ""coordinates"": [[[22.143588429711173, 36.94888471665877], [22.18624381440418, 36.95017414417967], [22.223199270082375, 36.95378608209073], [22.248155909035262, 36.960469507191235], [22.25775393867147, 36.96224967963566], [22.262659624143453, 36.98275144390442], [22.284975814421244, 36.99240306697337], [22.277683819340496, 36.9974822900312], [22.25528655397426, 36.98707795027782], [22.249117608796496, 36.96730110791651], [22.220231007097283, 36.9612590436016], [22.193853679994135, 36.956753242978635], [22.16522532799945, 36.956871930927164], [22.14004783897485, 36.95194522129127], [22.143588429711173, 36.94888471665877]]]}]}","mythic/historic site"
"4.5.10",939,"Choirios Nape","25-01-168","{""type"": ""GeometryCollection"", ""geometries"": [{""type"": ""Polygon"", ""coordinates"": [[[22.143588429711173, 36.94888471665877], [22.18624381440418, 36.95017414417967], [22.223199270082375, 36.95378608209073], [22.248155909035262, 36.960469507191235], [22.25775393867147, 36.96224967963566], [22.262659624143453, 36.98275144390442], [22.284975814421244, 36.99240306697337], [22.277683819340496, 36.9974822900312], [22.25528655397426, 36.98707795027782], [22.249117608796496, 36.96730110791651], [22.220231007097283, 36.9612590436016], [22.193853679994135, 36.956753242978635], [22.16522532799945, 36.956871930927164], [22.14004783897485, 36.95194522129127], [22.143588429711173, 36.94888471665877]]]}]}","mythic/historic site"
"4.6.1",940,"Choirios Nape","26-01-168","{""type"": ""GeometryCollection"", ""geometries"": [{""type"": ""Polygon"", ""coordinates"": [[[22.143588429711173, 36.94888471665877], [22.18624381440418, 36.95017414417967], [22.223199270082375, 36.95378608209073], [22.248155909035262, 36.960469507191235], [22.25775393867147, 36.96224967963566], [22.262659624143453, 36.98275144390442], [22.284975814421244, 36.99240306697337], [22.277683819340496, 36.9974822900312], [22.25528655397426, 36.98707795027782], [22.249117608796496, 36.96730110791651], [22.220231007097283, 36.9612590436016], [22.193853679994135, 36.956753242978635], [22.16522532799945, 36.956871930927164], [22.14004783897485, 36.95194522129127], [22.143588429711173, 36.94888471665877]]]}]}","mythic/historic site"
"4.6.2",941,"Choirios Nape","27-01-168","{""type"": ""GeometryCollection"", ""geometries"": [{""type"": ""Polygon"", ""coordinates"": [[[22.143588429711173, 36.94888471665877], [22.18624381440418, 36.95017414417967], [22.223199270082375, 36.95378608209073], [22.248155909035262, 36.960469507191235], [22.25775393867147, 36.96224967963566], [22.262659624143453, 36.98275144390442], [22.284975814421244, 36.99240306697337], [22.277683819340496, 36.9974822900312], [22.25528655397426, 36.98707795027782], [22.249117608796496, 36.96730110791651], [22.220231007097283, 36.9612590436016], [22.193853679994135, 36.956753242978635], [22.16522532799945, 36.956871930927164], [22.14004783897485, 36.95194522129127], [22.143588429711173, 36.94888471665877]]]}]}","mythic/historic site"
"4.6.3",942,"Choirios Nape","28-01-168","{""type"": ""GeometryCollection"", ""geometries"": [{""type"": ""Polygon"", ""coordinates"": [[[22.143588429711173, 36.94888471665877], [22.18624381440418, 36.95017414417967], [22.223199270082375, 36.95378608209073], [22.248155909035262, 36.960469507191235], [22.25775393867147, 36.96224967963566], [22.262659624143453, 36.98275144390442], [22.284975814421244, 36.99240306697337], [22.277683819340496, 36.9974822900312], [22.25528655397426, 36.98707795027782], [22.249117608796496, 36.96730110791651], [22.220231007097283, 36.9612590436016], [22.193853679994135, 36.956753242978635], [22.16522532799945, 36.956871930927164], [22.14004783897485, 36.95194522129127], [22.143588429711173, 36.94888471665877]]]}]}","mythic/historic site"
"4.6.4",943,"Choirios Nape","29-01-168","{""type"": ""GeometryCollection"", ""geometries"": [{""type"": ""Polygon"", ""coordinates"": [[[22.143588429711173, 36.94888471665877], [22.18624381440418, 36.95017414417967], [22.223199270082375, 36.95378608209073], [22.248155909035262, 36.960469507191235], [22.25775393867147, 36.96224967963566], [22.262659624143453, 36.98275144390442], [22.284975814421244, 36.99240306697337], [22.277683819340496, 36.9974822900312], [22.25528655397426, 36.98707795027782], [22.249117608796496, 36.96730110791651], [22.220231007097283, 36.9612590436016], [22.193853679994135, 36.956753242978635], [22.16522532799945, 36.956871930927164], [22.14004783897485, 36.95194522129127], [22.143588429711173, 36.94888471665877]]]}]}","mythic/historic site"
"4.6.5",944,"Choirios Nape","30-01-168","{""type"": ""GeometryCollection"", ""geometries"": [{""type"": ""Polygon"", ""coordinates"": [[[22.143588429711173, 36.94888471665877], [22.18624381440418, 36.95017414417967], [22.223199270082375, 36.95378608209073], [22.248155909035262, 36.960469507191235], [22.25775393867147, 36.96224967963566], [22.262659624143453, 36.98275144390442], [22.284975814421244, 36.99240306697337], [22.277683819340496, 36.9974822900312], [22.25528655397426, 36.98707795027782], [22.249117608796496, 36.96730110791651], [22.220231007097283, 36.9612590436016], [22.193853679994135, 36.956753242978635], [22.16522532799945, 36.956871930927164], [22.14004783897485, 36.95194522129127], [22.143588429711173, 36.94888471665877]]]}]}","mythic/historic site"
"4.6.6",945,"Choirios Nape","31-01-168","{""type"": ""GeometryCollection"", ""geometries"": [{""type"": ""Polygon"", ""coordinates"": [[[22.143588429711173, 36.94888471665877], [22.18624381440418, 36.95017414417967], [22.223199270082375, 36.95378608209073], [22.248155909035262, 36.960469507191235], [22.25775393867147, 36.96224967963566], [22.262659624143453, 36.98275144390442], [22.284975814421244, 36.99240306697337], [22.277683819340496, 36.9974822900312], [22.25528655397426, 36.98707795027782], [22.249117608796496, 36.96730110791651], [22.220231007097283, 36.9612590436016], [22.193853679994135, 36.956753242978635], [22.16522532799945, 36.956871930927164], [22.14004783897485, 36.95194522129127], [22.143588429711173, 36.94888471665877]]]}]}","mythic/historic site"
"4.7.1",946,"Choirios Nape","01-02-168","{""type"": ""GeometryCollection"", ""geometries"": [{""type"": ""Polygon"", ""coordinates"": [[[22.143588429711173, 36.94888471665877], [22.18624381440418, 36.95017414417967], [22.223199270082375, 36.95378608209073], [22.248155909035262, 36.960469507191235], [22.25775393867147, 36.96224967963566], [22.262659624143453, 36.98275144390442], [22.284975814421244, 36.99240306697337], [22.277683819340496, 36.9974822900312], [22.25528655397426, 36.98707795027782], [22.249117608796496, 36.96730110791651], [22.220231007097283, 36.9612590436016], [22.193853679994135, 36.956753242978635], [22.16522532799945, 36.956871930927164], [22.14004783897485, 36.95194522129127], [22.143588429711173, 36.94888471665877]]]}]}","mythic/historic site"
"4.7.2",947,"Choirios Nape","02-02-168","{""type"": ""GeometryCollection"", ""geometries"": [{""type"": ""Polygon"", ""coordinates"": [[[22.143588429711173, 36.94888471665877], [22.18624381440418, 36.95017414417967], [22.223199270082375, 36.95378608209073], [22.248155909035262, 36.960469507191235], [22.25775393867147, 36.96224967963566], [22.262659624143453, 36.98275144390442], [22.284975814421244, 36.99240306697337], [22.277683819340496, 36.9974822900312], [22.25528655397426, 36.98707795027782], [22.249117608796496, 36.96730110791651], [22.220231007097283, 36.9612590436016], [22.193853679994135, 36.956753242978635], [22.16522532799945, 36.956871930927164], [22.14004783897485, 36.95194522129127], [22.143588429711173, 36.94888471665877]]]}]}","mythic/historic site"
"4.7.3",948,"Choirios Nape","03-02-168","{""type"": ""GeometryCollection"", ""geometries"": [{""type"": ""Polygon"", ""coordinates"": [[[22.143588429711173, 36.94888471665877], [22.18624381440418, 36.95017414417967], [22.223199270082375, 36.95378608209073], [22.248155909035262, 36.960469507191235], [22.25775393867147, 36.96224967963566], [22.262659624143453, 36.98275144390442], [22.284975814421244, 36.99240306697337], [22.277683819340496, 36.9974822900312], [22.25528655397426, 36.98707795027782], [22.249117608796496, 36.96730110791651], [22.220231007097283, 36.9612590436016], [22.193853679994135, 36.956753242978635], [22.16522532799945, 36.956871930927164], [22.14004783897485, 36.95194522129127], [22.143588429711173, 36.94888471665877]]]}]}","mythic/historic site"
"4.7.4",949,"Choirios Nape","04-02-168","{""type"": ""GeometryCollection"", ""geometries"": [{""type"": ""Polygon"", ""coordinates"": [[[22.143588429711173, 36.94888471665877], [22.18624381440418, 36.95017414417967], [22.223199270082375, 36.95378608209073], [22.248155909035262, 36.960469507191235], [22.25775393867147, 36.96224967963566], [22.262659624143453, 36.98275144390442], [22.284975814421244, 36.99240306697337], [22.277683819340496, 36.9974822900312], [22.25528655397426, 36.98707795027782], [22.249117608796496, 36.96730110791651], [22.220231007097283, 36.9612590436016], [22.193853679994135, 36.956753242978635], [22.16522532799945, 36.956871930927164], [22.14004783897485, 36.95194522129127], [22.143588429711173, 36.94888471665877]]]}]}","mythic/historic site"
"4.7.5",950,"Choirios Nape","05-02-168","{""type"": ""GeometryCollection"", ""geometries"": [{""type"": ""Polygon"", ""coordinates"": [[[22.143588429711173, 36.94888471665877], [22.18624381440418, 36.95017414417967], [22.223199270082375, 36.95378608209073], [22.248155909035262, 36.960469507191235], [22.25775393867147, 36.96224967963566], [22.262659624143453, 36.98275144390442], [22.284975814421244, 36.99240306697337], [22.277683819340496, 36.9974822900312], [22.25528655397426, 36.98707795027782], [22.249117608796496, 36.96730110791651], [22.220231007097283, 36.9612590436016], [22.193853679994135, 36.956753242978635], [22.16522532799945, 36.956871930927164], [22.14004783897485, 36.95194522129127], [22.143588429711173, 36.94888471665877]]]}]}","mythic/historic site"
"4.7.6",951,"Choirios Nape","06-02-168","{""type"": ""GeometryCollection"", ""geometries"": [{""type"": ""Polygon"", ""coordinates"": [[[22.143588429711173, 36.94888471665877], [22.18624381440418, 36.95017414417967], [22.223199270082375, 36.95378608209073], [22.248155909035262, 36.960469507191235], [22.25775393867147, 36.96224967963566], [22.262659624143453, 36.98275144390442], [22.284975814421244, 36.99240306697337], [22.277683819340496, 36.9974822900312], [22.25528655397426, 36.98707795027782], [22.249117608796496, 36.96730110791651], [22.220231007097283, 36.9612590436016], [22.193853679994135, 36.956753242978635], [22.16522532799945, 36.956871930927164], [22.14004783897485, 36.95194522129127], [22.143588429711173, 36.94888471665877]]]}]}","mythic/historic site"
"4.7.7",952,"Choirios Nape","07-02-168","{""type"": ""GeometryCollection"", ""geometries"": [{""type"": ""Polygon"", ""coordinates"": [[[22.143588429711173, 36.94888471665877], [22.18624381440418, 36.95017414417967], [22.223199270082375, 36.95378608209073], [22.248155909035262, 36.960469507191235], [22.25775393867147, 36.96224967963566], [22.262659624143453, 36.98275144390442], [22.284975814421244, 36.99240306697337], [22.277683819340496, 36.9974822900312], [22.25528655397426, 36.98707795027782], [22.249117608796496, 36.96730110791651], [22.220231007097283, 36.9612590436016], [22.193853679994135, 36.956753242978635], [22.16522532799945, 36.956871930927164], [22.14004783897485, 36.95194522129127], [22.143588429711173, 36.94888471665877]]]}]}","mythic/historic site"
"4.7.8",953,"Choirios Nape","08-02-168","{""type"": ""GeometryCollection"", ""geometries"": [{""type"": ""Polygon"", ""coordinates"": [[[22.143588429711173, 36.94888471665877], [22.18624381440418, 36.95017414417967], [22.223199270082375, 36.95378608209073], [22.248155909035262, 36.960469507191235], [22.25775393867147, 36.96224967963566], [22.262659624143453, 36.98275144390442], [22.284975814421244, 36.99240306697337], [22.277683819340496, 36.9974822900312], [22.25528655397426, 36.98707795027782], [22.249117608796496, 36.96730110791651], [22.220231007097283, 36.9612590436016], [22.193853679994135, 36.956753242978635], [22.16522532799945, 36.956871930927164], [22.14004783897485, 36.95194522129127], [22.143588429711173, 36.94888471665877]]]}]}","mythic/historic site"
"4.7.9",954,"Choirios Nape","09-02-168","{""type"": ""GeometryCollection"", ""geometries"": [{""type"": ""Polygon"", ""coordinates"": [[[22.143588429711173, 36.94888471665877], [22.18624381440418, 36.95017414417967], [22.223199270082375, 36.95378608209073], [22.248155909035262, 36.960469507191235], [22.25775393867147, 36.96224967963566], [22.262659624143453, 36.98275144390442], [22.284975814421244, 36.99240306697337], [22.277683819340496, 36.9974822900312], [22.25528655397426, 36.98707795027782], [22.249117608796496, 36.96730110791651], [22.220231007097283, 36.9612590436016], [22.193853679994135, 36.956753242978635], [22.16522532799945, 36.956871930927164], [22.14004783897485, 36.95194522129127], [22.143588429711173, 36.94888471665877]]]}]}","mythic/historic site"
"4.7.10",955,"Choirios Nape","10-02-168","{""type"": ""GeometryCollection"", ""geometries"": [{""type"": ""Polygon"", ""coordinates"": [[[22.143588429711173, 36.94888471665877], [22.18624381440418, 36.95017414417967], [22.223199270082375, 36.95378608209073], [22.248155909035262, 36.960469507191235], [22.25775393867147, 36.96224967963566], [22.262659624143453, 36.98275144390442], [22.284975814421244, 36.99240306697337], [22.277683819340496, 36.9974822900312], [22.25528655397426, 36.98707795027782], [22.249117608796496, 36.96730110791651], [22.220231007097283, 36.9612590436016], [22.193853679994135, 36.956753242978635], [22.16522532799945, 36.956871930927164], [22.14004783897485, 36.95194522129127], [22.143588429711173, 36.94888471665877]]]}]}","mythic/historic site"
"4.7.11",956,"Choirios Nape","11-02-168","{""type"": ""GeometryCollection"", ""geometries"": [{""type"": ""Polygon"", ""coordinates"": [[[22.143588429711173, 36.94888471665877], [22.18624381440418, 36.95017414417967], [22.223199270082375, 36.95378608209073], [22.248155909035262, 36.960469507191235], [22.25775393867147, 36.96224967963566], [22.262659624143453, 36.98275144390442], [22.284975814421244, 36.99240306697337], [22.277683819340496, 36.9974822900312], [22.25528655397426, 36.98707795027782], [22.249117608796496, 36.96730110791651], [22.220231007097283, 36.9612590436016], [22.193853679994135, 36.956753242978635], [22.16522532799945, 36.956871930927164], [22.14004783897485, 36.95194522129127], [22.143588429711173, 36.94888471665877]]]}]}","mythic/historic site"
"4.8.1",957,"Choirios Nape","12-02-168","{""type"": ""GeometryCollection"", ""geometries"": [{""type"": ""Polygon"", ""coordinates"": [[[22.143588429711173, 36.94888471665877], [22.18624381440418, 36.95017414417967], [22.223199270082375, 36.95378608209073], [22.248155909035262, 36.960469507191235], [22.25775393867147, 36.96224967963566], [22.262659624143453, 36.98275144390442], [22.284975814421244, 36.99240306697337], [22.277683819340496, 36.9974822900312], [22.25528655397426, 36.98707795027782], [22.249117608796496, 36.96730110791651], [22.220231007097283, 36.9612590436016], [22.193853679994135, 36.956753242978635], [22.16522532799945, 36.956871930927164], [22.14004783897485, 36.95194522129127], [22.143588429711173, 36.94888471665877]]]}]}","mythic/historic site"
"4.8.2",958,"Choirios Nape","13-02-168","{""type"": ""GeometryCollection"", ""geometries"": [{""type"": ""Polygon"", ""coordinates"": [[[22.143588429711173, 36.94888471665877], [22.18624381440418, 36.95017414417967], [22.223199270082375, 36.95378608209073], [22.248155909035262, 36.960469507191235], [22.25775393867147, 36.96224967963566], [22.262659624143453, 36.98275144390442], [22.284975814421244, 36.99240306697337], [22.277683819340496, 36.9974822900312], [22.25528655397426, 36.98707795027782], [22.249117608796496, 36.96730110791651], [22.220231007097283, 36.9612590436016], [22.193853679994135, 36.956753242978635], [22.16522532799945, 36.956871930927164], [22.14004783897485, 36.95194522129127], [22.143588429711173, 36.94888471665877]]]}]}","mythic/historic site"
"4.8.3",959,"Choirios Nape","14-02-168","{""type"": ""GeometryCollection"", ""geometries"": [{""type"": ""Polygon"", ""coordinates"": [[[22.143588429711173, 36.94888471665877], [22.18624381440418, 36.95017414417967], [22.223199270082375, 36.95378608209073], [22.248155909035262, 36.960469507191235], [22.25775393867147, 36.96224967963566], [22.262659624143453, 36.98275144390442], [22.284975814421244, 36.99240306697337], [22.277683819340496, 36.9974822900312], [22.25528655397426, 36.98707795027782], [22.249117608796496, 36.96730110791651], [22.220231007097283, 36.9612590436016], [22.193853679994135, 36.956753242978635], [22.16522532799945, 36.956871930927164], [22.14004783897485, 36.95194522129127], [22.143588429711173, 36.94888471665877]]]}]}","mythic/historic site"
"4.8.4",960,"Choirios Nape","15-02-168","{""type"": ""GeometryCollection"", ""geometries"": [{""type"": ""Polygon"", ""coordinates"": [[[22.143588429711173, 36.94888471665877], [22.18624381440418, 36.95017414417967], [22.223199270082375, 36.95378608209073], [22.248155909035262, 36.960469507191235], [22.25775393867147, 36.96224967963566], [22.262659624143453, 36.98275144390442], [22.284975814421244, 36.99240306697337], [22.277683819340496, 36.9974822900312], [22.25528655397426, 36.98707795027782], [22.249117608796496, 36.96730110791651], [22.220231007097283, 36.9612590436016], [22.193853679994135, 36.956753242978635], [22.16522532799945, 36.956871930927164], [22.14004783897485, 36.95194522129127], [22.143588429711173, 36.94888471665877]]]}]}","mythic/historic site"
"4.8.5",961,"Choirios Nape","16-02-168","{""type"": ""GeometryCollection"", ""geometries"": [{""type"": ""Polygon"", ""coordinates"": [[[22.143588429711173, 36.94888471665877], [22.18624381440418, 36.95017414417967], [22.223199270082375, 36.95378608209073], [22.248155909035262, 36.960469507191235], [22.25775393867147, 36.96224967963566], [22.262659624143453, 36.98275144390442], [22.284975814421244, 36.99240306697337], [22.277683819340496, 36.9974822900312], [22.25528655397426, 36.98707795027782], [22.249117608796496, 36.96730110791651], [22.220231007097283, 36.9612590436016], [22.193853679994135, 36.956753242978635], [22.16522532799945, 36.956871930927164], [22.14004783897485, 36.95194522129127], [22.143588429711173, 36.94888471665877]]]}]}","mythic/historic site"
"4.8.6",962,"Choirios Nape","17-02-168","{""type"": ""GeometryCollection"", ""geometries"": [{""type"": ""Polygon"", ""coordinates"": [[[22.143588429711173, 36.94888471665877], [22.18624381440418, 36.95017414417967], [22.223199270082375, 36.95378608209073], [22.248155909035262, 36.960469507191235], [22.25775393867147, 36.96224967963566], [22.262659624143453, 36.98275144390442], [22.284975814421244, 36.99240306697337], [22.277683819340496, 36.9974822900312], [22.25528655397426, 36.98707795027782], [22.249117608796496, 36.96730110791651], [22.220231007097283, 36.9612590436016], [22.193853679994135, 36.956753242978635], [22.16522532799945, 36.956871930927164], [22.14004783897485, 36.95194522129127], [22.143588429711173, 36.94888471665877]]]}]}","mythic/historic site"
"4.8.7",963,"Choirios Nape","18-02-168","{""type"": ""GeometryCollection"", ""geometries"": [{""type"": ""Polygon"", ""coordinates"": [[[22.143588429711173, 36.94888471665877], [22.18624381440418, 36.95017414417967], [22.223199270082375, 36.95378608209073], [22.248155909035262, 36.960469507191235], [22.25775393867147, 36.96224967963566], [22.262659624143453, 36.98275144390442], [22.284975814421244, 36.99240306697337], [22.277683819340496, 36.9974822900312], [22.25528655397426, 36.98707795027782], [22.249117608796496, 36.96730110791651], [22.220231007097283, 36.9612590436016], [22.193853679994135, 36.956753242978635], [22.16522532799945, 36.956871930927164], [22.14004783897485, 36.95194522129127], [22.143588429711173, 36.94888471665877]]]}]}","mythic/historic site"
"4.8.8",964,"Choirios Nape","19-02-168","{""type"": ""GeometryCollection"", ""geometries"": [{""type"": ""Polygon"", ""coordinates"": [[[22.143588429711173, 36.94888471665877], [22.18624381440418, 36.95017414417967], [22.223199270082375, 36.95378608209073], [22.248155909035262, 36.960469507191235], [22.25775393867147, 36.96224967963566], [22.262659624143453, 36.98275144390442], [22.284975814421244, 36.99240306697337], [22.277683819340496, 36.9974822900312], [22.25528655397426, 36.98707795027782], [22.249117608796496, 36.96730110791651], [22.220231007097283, 36.9612590436016], [22.193853679994135, 36.956753242978635], [22.16522532799945, 36.956871930927164], [22.14004783897485, 36.95194522129127], [22.143588429711173, 36.94888471665877]]]}]}","mythic/historic site"
"4.8.9",965,"Choirios Nape","20-02-168","{""type"": ""GeometryCollection"", ""geometries"": [{""type"": ""Polygon"", ""coordinates"": [[[22.143588429711173, 36.94888471665877], [22.18624381440418, 36.95017414417967], [22.223199270082375, 36.95378608209073], [22.248155909035262, 36.960469507191235], [22.25775393867147, 36.96224967963566], [22.262659624143453, 36.98275144390442], [22.284975814421244, 36.99240306697337], [22.277683819340496, 36.9974822900312], [22.25528655397426, 36.98707795027782], [22.249117608796496, 36.96730110791651], [22.220231007097283, 36.9612590436016], [22.193853679994135, 36.956753242978635], [22.16522532799945, 36.956871930927164], [22.14004783897485, 36.95194522129127], [22.143588429711173, 36.94888471665877]]]}]}","mythic/historic site"
"4.8.10",966,"Choirios Nape","21-02-168","{""type"": ""GeometryCollection"", ""geometries"": [{""type"": ""Polygon"", ""coordinates"": [[[22.143588429711173, 36.94888471665877], [22.18624381440418, 36.95017414417967], [22.223199270082375, 36.95378608209073], [22.248155909035262, 36.960469507191235], [22.25775393867147, 36.96224967963566], [22.262659624143453, 36.98275144390442], [22.284975814421244, 36.99240306697337], [22.277683819340496, 36.9974822900312], [22.25528655397426, 36.98707795027782], [22.249117608796496, 36.96730110791651], [22.220231007097283, 36.9612590436016], [22.193853679994135, 36.956753242978635], [22.16522532799945, 36.956871930927164], [22.14004783897485, 36.95194522129127], [22.143588429711173, 36.94888471665877]]]}]}","mythic/historic site"
"4.8.11",967,"Choirios Nape","22-02-168","{""type"": ""GeometryCollection"", ""geometries"": [{""type"": ""Polygon"", ""coordinates"": [[[22.143588429711173, 36.94888471665877], [22.18624381440418, 36.95017414417967], [22.223199270082375, 36.95378608209073], [22.248155909035262, 36.960469507191235], [22.25775393867147, 36.96224967963566], [22.262659624143453, 36.98275144390442], [22.284975814421244, 36.99240306697337], [22.277683819340496, 36.9974822900312], [22.25528655397426, 36.98707795027782], [22.249117608796496, 36.96730110791651], [22.220231007097283, 36.9612590436016], [22.193853679994135, 36.956753242978635], [22.16522532799945, 36.956871930927164], [22.14004783897485, 36.95194522129127], [22.143588429711173, 36.94888471665877]]]}]}","mythic/historic site"
"4.8.12",968,"Choirios Nape","23-02-168","{""type"": ""GeometryCollection"", ""geometries"": [{""type"": ""Polygon"", ""coordinates"": [[[22.143588429711173, 36.94888471665877], [22.18624381440418, 36.95017414417967], [22.223199270082375, 36.95378608209073], [22.248155909035262, 36.960469507191235], [22.25775393867147, 36.96224967963566], [22.262659624143453, 36.98275144390442], [22.284975814421244, 36.99240306697337], [22.277683819340496, 36.9974822900312], [22.25528655397426, 36.98707795027782], [22.249117608796496, 36.96730110791651], [22.220231007097283, 36.9612590436016], [22.193853679994135, 36.956753242978635], [22.16522532799945, 36.956871930927164], [22.14004783897485, 36.95194522129127], [22.143588429711173, 36.94888471665877]]]}]}","mythic/historic site"
"4.8.13",969,"Choirios Nape","24-02-168","{""type"": ""GeometryCollection"", ""geometries"": [{""type"": ""Polygon"", ""coordinates"": [[[22.143588429711173, 36.94888471665877], [22.18624381440418, 36.95017414417967], [22.223199270082375, 36.95378608209073], [22.248155909035262, 36.960469507191235], [22.25775393867147, 36.96224967963566], [22.262659624143453, 36.98275144390442], [22.284975814421244, 36.99240306697337], [22.277683819340496, 36.9974822900312], [22.25528655397426, 36.98707795027782], [22.249117608796496, 36.96730110791651], [22.220231007097283, 36.9612590436016], [22.193853679994135, 36.956753242978635], [22.16522532799945, 36.956871930927164], [22.14004783897485, 36.95194522129127], [22.143588429711173, 36.94888471665877]]]}]}","mythic/historic site"
"4.9.1",970,"Choirios Nape","25-02-168","{""type"": ""GeometryCollection"", ""geometries"": [{""type"": ""Polygon"", ""coordinates"": [[[22.143588429711173, 36.94888471665877], [22.18624381440418, 36.95017414417967], [22.223199270082375, 36.95378608209073], [22.248155909035262, 36.960469507191235], [22.25775393867147, 36.96224967963566], [22.262659624143453, 36.98275144390442], [22.284975814421244, 36.99240306697337], [22.277683819340496, 36.9974822900312], [22.25528655397426, 36.98707795027782], [22.249117608796496, 36.96730110791651], [22.220231007097283, 36.9612590436016], [22.193853679994135, 36.956753242978635], [22.16522532799945, 36.956871930927164], [22.14004783897485, 36.95194522129127], [22.143588429711173, 36.94888471665877]]]}]}","mythic/historic site"
"4.9.2",971,"Choirios Nape","26-02-168","{""type"": ""GeometryCollection"", ""geometries"": [{""type"": ""Polygon"", ""coordinates"": [[[22.143588429711173, 36.94888471665877], [22.18624381440418, 36.95017414417967], [22.223199270082375, 36.95378608209073], [22.248155909035262, 36.960469507191235], [22.25775393867147, 36.96224967963566], [22.262659624143453, 36.98275144390442], [22.284975814421244, 36.99240306697337], [22.277683819340496, 36.9974822900312], [22.25528655397426, 36.98707795027782], [22.249117608796496, 36.96730110791651], [22.220231007097283, 36.9612590436016], [22.193853679994135, 36.956753242978635], [22.16522532799945, 36.956871930927164], [22.14004783897485, 36.95194522129127], [22.143588429711173, 36.94888471665877]]]}]}","mythic/historic site"
"4.9.3",972,"Choirios Nape","27-02-168","{""type"": ""GeometryCollection"", ""geometries"": [{""type"": ""Polygon"", ""coordinates"": [[[22.143588429711173, 36.94888471665877], [22.18624381440418, 36.95017414417967], [22.223199270082375, 36.95378608209073], [22.248155909035262, 36.960469507191235], [22.25775393867147, 36.96224967963566], [22.262659624143453, 36.98275144390442], [22.284975814421244, 36.99240306697337], [22.277683819340496, 36.9974822900312], [22.25528655397426, 36.98707795027782], [22.249117608796496, 36.96730110791651], [22.220231007097283, 36.9612590436016], [22.193853679994135, 36.956753242978635], [22.16522532799945, 36.956871930927164], [22.14004783897485, 36.95194522129127], [22.143588429711173, 36.94888471665877]]]}]}","mythic/historic site"
"4.9.4",973,"Choirios Nape","28-02-168","{""type"": ""GeometryCollection"", ""geometries"": [{""type"": ""Polygon"", ""coordinates"": [[[22.143588429711173, 36.94888471665877], [22.18624381440418, 36.95017414417967], [22.223199270082375, 36.95378608209073], [22.248155909035262, 36.960469507191235], [22.25775393867147, 36.96224967963566], [22.262659624143453, 36.98275144390442], [22.284975814421244, 36.99240306697337], [22.277683819340496, 36.9974822900312], [22.25528655397426, 36.98707795027782], [22.249117608796496, 36.96730110791651], [22.220231007097283, 36.9612590436016], [22.193853679994135, 36.956753242978635], [22.16522532799945, 36.956871930927164], [22.14004783897485, 36.95194522129127], [22.143588429711173, 36.94888471665877]]]}]}","mythic/historic site"
"4.9.5",974,"Choirios Nape","29-02-168","{""type"": ""GeometryCollection"", ""geometries"": [{""type"": ""Polygon"", ""coordinates"": [[[22.143588429711173, 36.94888471665877], [22.18624381440418, 36.95017414417967], [22.223199270082375, 36.95378608209073], [22.248155909035262, 36.960469507191235], [22.25775393867147, 36.96224967963566], [22.262659624143453, 36.98275144390442], [22.284975814421244, 36.99240306697337], [22.277683819340496, 36.9974822900312], [22.25528655397426, 36.98707795027782], [22.249117608796496, 36.96730110791651], [22.220231007097283, 36.9612590436016], [22.193853679994135, 36.956753242978635], [22.16522532799945, 36.956871930927164], [22.14004783897485, 36.95194522129127], [22.143588429711173, 36.94888471665877]]]}]}","mythic/historic site"
"4.9.6",975,"Choirios Nape","01-03-168","{""type"": ""GeometryCollection"", ""geometries"": [{""type"": ""Polygon"", ""coordinates"": [[[22.143588429711173, 36.94888471665877], [22.18624381440418, 36.95017414417967], [22.223199270082375, 36.95378608209073], [22.248155909035262, 36.960469507191235], [22.25775393867147, 36.96224967963566], [22.262659624143453, 36.98275144390442], [22.284975814421244, 36.99240306697337], [22.277683819340496, 36.9974822900312], [22.25528655397426, 36.98707795027782], [22.249117608796496, 36.96730110791651], [22.220231007097283, 36.9612590436016], [22.193853679994135, 36.956753242978635], [22.16522532799945, 36.956871930927164], [22.14004783897485, 36.95194522129127], [22.143588429711173, 36.94888471665877]]]}]}","mythic/historic site"
"4.9.7",976,"Choirios Nape","02-03-168","{""type"": ""GeometryCollection"", ""geometries"": [{""type"": ""Polygon"", ""coordinates"": [[[22.143588429711173, 36.94888471665877], [22.18624381440418, 36.95017414417967], [22.223199270082375, 36.95378608209073], [22.248155909035262, 36.960469507191235], [22.25775393867147, 36.96224967963566], [22.262659624143453, 36.98275144390442], [22.284975814421244, 36.99240306697337], [22.277683819340496, 36.9974822900312], [22.25528655397426, 36.98707795027782], [22.249117608796496, 36.96730110791651], [22.220231007097283, 36.9612590436016], [22.193853679994135, 36.956753242978635], [22.16522532799945, 36.956871930927164], [22.14004783897485, 36.95194522129127], [22.143588429711173, 36.94888471665877]]]}]}","mythic/historic site"
"4.9.8",977,"Choirios Nape","03-03-168","{""type"": ""GeometryCollection"", ""geometries"": [{""type"": ""Polygon"", ""coordinates"": [[[22.143588429711173, 36.94888471665877], [22.18624381440418, 36.95017414417967], [22.223199270082375, 36.95378608209073], [22.248155909035262, 36.960469507191235], [22.25775393867147, 36.96224967963566], [22.262659624143453, 36.98275144390442], [22.284975814421244, 36.99240306697337], [22.277683819340496, 36.9974822900312], [22.25528655397426, 36.98707795027782], [22.249117608796496, 36.96730110791651], [22.220231007097283, 36.9612590436016], [22.193853679994135, 36.956753242978635], [22.16522532799945, 36.956871930927164], [22.14004783897485, 36.95194522129127], [22.143588429711173, 36.94888471665877]]]}]}","mythic/historic site"
"4.9.9",978,"Choirios Nape","04-03-168","{""type"": ""GeometryCollection"", ""geometries"": [{""type"": ""Polygon"", ""coordinates"": [[[22.143588429711173, 36.94888471665877], [22.18624381440418, 36.95017414417967], [22.223199270082375, 36.95378608209073], [22.248155909035262, 36.960469507191235], [22.25775393867147, 36.96224967963566], [22.262659624143453, 36.98275144390442], [22.284975814421244, 36.99240306697337], [22.277683819340496, 36.9974822900312], [22.25528655397426, 36.98707795027782], [22.249117608796496, 36.96730110791651], [22.220231007097283, 36.9612590436016], [22.193853679994135, 36.956753242978635], [22.16522532799945, 36.956871930927164], [22.14004783897485, 36.95194522129127], [22.143588429711173, 36.94888471665877]]]}]}","mythic/historic site"
"4.9.10",979,"Choirios Nape","05-03-168","{""type"": ""GeometryCollection"", ""geometries"": [{""type"": ""Polygon"", ""coordinates"": [[[22.143588429711173, 36.94888471665877], [22.18624381440418, 36.95017414417967], [22.223199270082375, 36.95378608209073], [22.248155909035262, 36.960469507191235], [22.25775393867147, 36.96224967963566], [22.262659624143453, 36.98275144390442], [22.284975814421244, 36.99240306697337], [22.277683819340496, 36.9974822900312], [22.25528655397426, 36.98707795027782], [22.249117608796496, 36.96730110791651], [22.220231007097283, 36.9612590436016], [22.193853679994135, 36.956753242978635], [22.16522532799945, 36.956871930927164], [22.14004783897485, 36.95194522129127], [22.143588429711173, 36.94888471665877]]]}]}","mythic/historic site"
"4.10.1",980,"Choirios Nape","06-03-168","{""type"": ""GeometryCollection"", ""geometries"": [{""type"": ""Polygon"", ""coordinates"": [[[22.143588429711173, 36.94888471665877], [22.18624381440418, 36.95017414417967], [22.223199270082375, 36.95378608209073], [22.248155909035262, 36.960469507191235], [22.25775393867147, 36.96224967963566], [22.262659624143453, 36.98275144390442], [22.284975814421244, 36.99240306697337], [22.277683819340496, 36.9974822900312], [22.25528655397426, 36.98707795027782], [22.249117608796496, 36.96730110791651], [22.220231007097283, 36.9612590436016], [22.193853679994135, 36.956753242978635], [22.16522532799945, 36.956871930927164], [22.14004783897485, 36.95194522129127], [22.143588429711173, 36.94888471665877]]]}]}","mythic/historic site"
"4.10.2",981,"Choirios Nape","07-03-168","{""type"": ""GeometryCollection"", ""geometries"": [{""type"": ""Polygon"", ""coordinates"": [[[22.143588429711173, 36.94888471665877], [22.18624381440418, 36.95017414417967], [22.223199270082375, 36.95378608209073], [22.248155909035262, 36.960469507191235], [22.25775393867147, 36.96224967963566], [22.262659624143453, 36.98275144390442], [22.284975814421244, 36.99240306697337], [22.277683819340496, 36.9974822900312], [22.25528655397426, 36.98707795027782], [22.249117608796496, 36.96730110791651], [22.220231007097283, 36.9612590436016], [22.193853679994135, 36.956753242978635], [22.16522532799945, 36.956871930927164], [22.14004783897485, 36.95194522129127], [22.143588429711173, 36.94888471665877]]]}]}","mythic/historic site"
"4.10.3",982,"Choirios Nape","08-03-168","{""type"": ""GeometryCollection"", ""geometries"": [{""type"": ""Polygon"", ""coordinates"": [[[22.143588429711173, 36.94888471665877], [22.18624381440418, 36.95017414417967], [22.223199270082375, 36.95378608209073], [22.248155909035262, 36.960469507191235], [22.25775393867147, 36.96224967963566], [22.262659624143453, 36.98275144390442], [22.284975814421244, 36.99240306697337], [22.277683819340496, 36.9974822900312], [22.25528655397426, 36.98707795027782], [22.249117608796496, 36.96730110791651], [22.220231007097283, 36.9612590436016], [22.193853679994135, 36.956753242978635], [22.16522532799945, 36.956871930927164], [22.14004783897485, 36.95194522129127], [22.143588429711173, 36.94888471665877]]]}]}","mythic/historic site"
"4.10.4",983,"Choirios Nape","09-03-168","{""type"": ""GeometryCollection"", ""geometries"": [{""type"": ""Polygon"", ""coordinates"": [[[22.143588429711173, 36.94888471665877], [22.18624381440418, 36.95017414417967], [22.223199270082375, 36.95378608209073], [22.248155909035262, 36.960469507191235], [22.25775393867147, 36.96224967963566], [22.262659624143453, 36.98275144390442], [22.284975814421244, 36.99240306697337], [22.277683819340496, 36.9974822900312], [22.25528655397426, 36.98707795027782], [22.249117608796496, 36.96730110791651], [22.220231007097283, 36.9612590436016], [22.193853679994135, 36.956753242978635], [22.16522532799945, 36.956871930927164], [22.14004783897485, 36.95194522129127], [22.143588429711173, 36.94888471665877]]]}]}","mythic/historic site"
"4.10.5",984,"Choirios Nape","10-03-168","{""type"": ""GeometryCollection"", ""geometries"": [{""type"": ""Polygon"", ""coordinates"": [[[22.143588429711173, 36.94888471665877], [22.18624381440418, 36.95017414417967], [22.223199270082375, 36.95378608209073], [22.248155909035262, 36.960469507191235], [22.25775393867147, 36.96224967963566], [22.262659624143453, 36.98275144390442], [22.284975814421244, 36.99240306697337], [22.277683819340496, 36.9974822900312], [22.25528655397426, 36.98707795027782], [22.249117608796496, 36.96730110791651], [22.220231007097283, 36.9612590436016], [22.193853679994135, 36.956753242978635], [22.16522532799945, 36.956871930927164], [22.14004783897485, 36.95194522129127], [22.143588429711173, 36.94888471665877]]]}]}","mythic/historic site"
"4.10.6",985,"Choirios Nape","11-03-168","{""type"": ""GeometryCollection"", ""geometries"": [{""type"": ""Polygon"", ""coordinates"": [[[22.143588429711173, 36.94888471665877], [22.18624381440418, 36.95017414417967], [22.223199270082375, 36.95378608209073], [22.248155909035262, 36.960469507191235], [22.25775393867147, 36.96224967963566], [22.262659624143453, 36.98275144390442], [22.284975814421244, 36.99240306697337], [22.277683819340496, 36.9974822900312], [22.25528655397426, 36.98707795027782], [22.249117608796496, 36.96730110791651], [22.220231007097283, 36.9612590436016], [22.193853679994135, 36.956753242978635], [22.16522532799945, 36.956871930927164], [22.14004783897485, 36.95194522129127], [22.143588429711173, 36.94888471665877]]]}]}","mythic/historic site"
"4.10.7",986,"Choirios Nape","12-03-168","{""type"": ""GeometryCollection"", ""geometries"": [{""type"": ""Polygon"", ""coordinates"": [[[22.143588429711173, 36.94888471665877], [22.18624381440418, 36.95017414417967], [22.223199270082375, 36.95378608209073], [22.248155909035262, 36.960469507191235], [22.25775393867147, 36.96224967963566], [22.262659624143453, 36.98275144390442], [22.284975814421244, 36.99240306697337], [22.277683819340496, 36.9974822900312], [22.25528655397426, 36.98707795027782], [22.249117608796496, 36.96730110791651], [22.220231007097283, 36.9612590436016], [22.193853679994135, 36.956753242978635], [22.16522532799945, 36.956871930927164], [22.14004783897485, 36.95194522129127], [22.143588429711173, 36.94888471665877]]]}]}","mythic/historic site"
"4.11.1",987,"Choirios Nape","13-03-168","{""type"": ""GeometryCollection"", ""geometries"": [{""type"": ""Polygon"", ""coordinates"": [[[22.143588429711173, 36.94888471665877], [22.18624381440418, 36.95017414417967], [22.223199270082375, 36.95378608209073], [22.248155909035262, 36.960469507191235], [22.25775393867147, 36.96224967963566], [22.262659624143453, 36.98275144390442], [22.284975814421244, 36.99240306697337], [22.277683819340496, 36.9974822900312], [22.25528655397426, 36.98707795027782], [22.249117608796496, 36.96730110791651], [22.220231007097283, 36.9612590436016], [22.193853679994135, 36.956753242978635], [22.16522532799945, 36.956871930927164], [22.14004783897485, 36.95194522129127], [22.143588429711173, 36.94888471665877]]]}]}","mythic/historic site"
"4.11.2",988,"Choirios Nape","14-03-168","{""type"": ""GeometryCollection"", ""geometries"": [{""type"": ""Polygon"", ""coordinates"": [[[22.143588429711173, 36.94888471665877], [22.18624381440418, 36.95017414417967], [22.223199270082375, 36.95378608209073], [22.248155909035262, 36.960469507191235], [22.25775393867147, 36.96224967963566], [22.262659624143453, 36.98275144390442], [22.284975814421244, 36.99240306697337], [22.277683819340496, 36.9974822900312], [22.25528655397426, 36.98707795027782], [22.249117608796496, 36.96730110791651], [22.220231007097283, 36.9612590436016], [22.193853679994135, 36.956753242978635], [22.16522532799945, 36.956871930927164], [22.14004783897485, 36.95194522129127], [22.143588429711173, 36.94888471665877]]]}]}","mythic/historic site"
"4.11.3",989,"Choirios Nape","15-03-168","{""type"": ""GeometryCollection"", ""geometries"": [{""type"": ""Polygon"", ""coordinates"": [[[22.143588429711173, 36.94888471665877], [22.18624381440418, 36.95017414417967], [22.223199270082375, 36.95378608209073], [22.248155909035262, 36.960469507191235], [22.25775393867147, 36.96224967963566], [22.262659624143453, 36.98275144390442], [22.284975814421244, 36.99240306697337], [22.277683819340496, 36.9974822900312], [22.25528655397426, 36.98707795027782], [22.249117608796496, 36.96730110791651], [22.220231007097283, 36.9612590436016], [22.193853679994135, 36.956753242978635], [22.16522532799945, 36.956871930927164], [22.14004783897485, 36.95194522129127], [22.143588429711173, 36.94888471665877]]]}]}","mythic/historic site"
"4.11.4",990,"Choirios Nape","16-03-168","{""type"": ""GeometryCollection"", ""geometries"": [{""type"": ""Polygon"", ""coordinates"": [[[22.143588429711173, 36.94888471665877], [22.18624381440418, 36.95017414417967], [22.223199270082375, 36.95378608209073], [22.248155909035262, 36.960469507191235], [22.25775393867147, 36.96224967963566], [22.262659624143453, 36.98275144390442], [22.284975814421244, 36.99240306697337], [22.277683819340496, 36.9974822900312], [22.25528655397426, 36.98707795027782], [22.249117608796496, 36.96730110791651], [22.220231007097283, 36.9612590436016], [22.193853679994135, 36.956753242978635], [22.16522532799945, 36.956871930927164], [22.14004783897485, 36.95194522129127], [22.143588429711173, 36.94888471665877]]]}]}","mythic/historic site"
"4.11.5",991,"Choirios Nape","17-03-168","{""type"": ""GeometryCollection"", ""geometries"": [{""type"": ""Polygon"", ""coordinates"": [[[22.143588429711173, 36.94888471665877], [22.18624381440418, 36.95017414417967], [22.223199270082375, 36.95378608209073], [22.248155909035262, 36.960469507191235], [22.25775393867147, 36.96224967963566], [22.262659624143453, 36.98275144390442], [22.284975814421244, 36.99240306697337], [22.277683819340496, 36.9974822900312], [22.25528655397426, 36.98707795027782], [22.249117608796496, 36.96730110791651], [22.220231007097283, 36.9612590436016], [22.193853679994135, 36.956753242978635], [22.16522532799945, 36.956871930927164], [22.14004783897485, 36.95194522129127], [22.143588429711173, 36.94888471665877]]]}]}","mythic/historic site"
"4.11.6",992,"Choirios Nape","18-03-168","{""type"": ""GeometryCollection"", ""geometries"": [{""type"": ""Polygon"", ""coordinates"": [[[22.143588429711173, 36.94888471665877], [22.18624381440418, 36.95017414417967], [22.223199270082375, 36.95378608209073], [22.248155909035262, 36.960469507191235], [22.25775393867147, 36.96224967963566], [22.262659624143453, 36.98275144390442], [22.284975814421244, 36.99240306697337], [22.277683819340496, 36.9974822900312], [22.25528655397426, 36.98707795027782], [22.249117608796496, 36.96730110791651], [22.220231007097283, 36.9612590436016], [22.193853679994135, 36.956753242978635], [22.16522532799945, 36.956871930927164], [22.14004783897485, 36.95194522129127], [22.143588429711173, 36.94888471665877]]]}]}","mythic/historic site"
"4.11.7",993,"Choirios Nape","19-03-168","{""type"": ""GeometryCollection"", ""geometries"": [{""type"": ""Polygon"", ""coordinates"": [[[22.143588429711173, 36.94888471665877], [22.18624381440418, 36.95017414417967], [22.223199270082375, 36.95378608209073], [22.248155909035262, 36.960469507191235], [22.25775393867147, 36.96224967963566], [22.262659624143453, 36.98275144390442], [22.284975814421244, 36.99240306697337], [22.277683819340496, 36.9974822900312], [22.25528655397426, 36.98707795027782], [22.249117608796496, 36.96730110791651], [22.220231007097283, 36.9612590436016], [22.193853679994135, 36.956753242978635], [22.16522532799945, 36.956871930927164], [22.14004783897485, 36.95194522129127], [22.143588429711173, 36.94888471665877]]]}]}","mythic/historic site"
"4.11.8",994,"Choirios Nape","20-03-168","{""type"": ""GeometryCollection"", ""geometries"": [{""type"": ""Polygon"", ""coordinates"": [[[22.143588429711173, 36.94888471665877], [22.18624381440418, 36.95017414417967], [22.223199270082375, 36.95378608209073], [22.248155909035262, 36.960469507191235], [22.25775393867147, 36.96224967963566], [22.262659624143453, 36.98275144390442], [22.284975814421244, 36.99240306697337], [22.277683819340496, 36.9974822900312], [22.25528655397426, 36.98707795027782], [22.249117608796496, 36.96730110791651], [22.220231007097283, 36.9612590436016], [22.193853679994135, 36.956753242978635], [22.16522532799945, 36.956871930927164], [22.14004783897485, 36.95194522129127], [22.143588429711173, 36.94888471665877]]]}]}","mythic/historic site"
"4.12.1",995,"Choirios Nape","21-03-168","{""type"": ""GeometryCollection"", ""geometries"": [{""type"": ""Polygon"", ""coordinates"": [[[22.143588429711173, 36.94888471665877], [22.18624381440418, 36.95017414417967], [22.223199270082375, 36.95378608209073], [22.248155909035262, 36.960469507191235], [22.25775393867147, 36.96224967963566], [22.262659624143453, 36.98275144390442], [22.284975814421244, 36.99240306697337], [22.277683819340496, 36.9974822900312], [22.25528655397426, 36.98707795027782], [22.249117608796496, 36.96730110791651], [22.220231007097283, 36.9612590436016], [22.193853679994135, 36.956753242978635], [22.16522532799945, 36.956871930927164], [22.14004783897485, 36.95194522129127], [22.143588429711173, 36.94888471665877]]]}]}","mythic/historic site"
"4.12.2",996,"Choirios Nape","22-03-168","{""type"": ""GeometryCollection"", ""geometries"": [{""type"": ""Polygon"", ""coordinates"": [[[22.143588429711173, 36.94888471665877], [22.18624381440418, 36.95017414417967], [22.223199270082375, 36.95378608209073], [22.248155909035262, 36.960469507191235], [22.25775393867147, 36.96224967963566], [22.262659624143453, 36.98275144390442], [22.284975814421244, 36.99240306697337], [22.277683819340496, 36.9974822900312], [22.25528655397426, 36.98707795027782], [22.249117608796496, 36.96730110791651], [22.220231007097283, 36.9612590436016], [22.193853679994135, 36.956753242978635], [22.16522532799945, 36.956871930927164], [22.14004783897485, 36.95194522129127], [22.143588429711173, 36.94888471665877]]]}]}","mythic/historic site"
"4.12.3",997,"Choirios Nape","23-03-168","{""type"": ""GeometryCollection"", ""geometries"": [{""type"": ""Polygon"", ""coordinates"": [[[22.143588429711173, 36.94888471665877], [22.18624381440418, 36.95017414417967], [22.223199270082375, 36.95378608209073], [22.248155909035262, 36.960469507191235], [22.25775393867147, 36.96224967963566], [22.262659624143453, 36.98275144390442], [22.284975814421244, 36.99240306697337], [22.277683819340496, 36.9974822900312], [22.25528655397426, 36.98707795027782], [22.249117608796496, 36.96730110791651], [22.220231007097283, 36.9612590436016], [22.193853679994135, 36.956753242978635], [22.16522532799945, 36.956871930927164], [22.14004783897485, 36.95194522129127], [22.143588429711173, 36.94888471665877]]]}]}","mythic/historic site"
"4.12.4",998,"Choirios Nape","24-03-168","{""type"": ""GeometryCollection"", ""geometries"": [{""type"": ""Polygon"", ""coordinates"": [[[22.143588429711173, 36.94888471665877], [22.18624381440418, 36.95017414417967], [22.223199270082375, 36.95378608209073], [22.248155909035262, 36.960469507191235], [22.25775393867147, 36.96224967963566], [22.262659624143453, 36.98275144390442], [22.284975814421244, 36.99240306697337], [22.277683819340496, 36.9974822900312], [22.25528655397426, 36.98707795027782], [22.249117608796496, 36.96730110791651], [22.220231007097283, 36.9612590436016], [22.193853679994135, 36.956753242978635], [22.16522532799945, 36.956871930927164], [22.14004783897485, 36.95194522129127], [22.143588429711173, 36.94888471665877]]]}]}","mythic/historic site"
"4.12.5",999,"Choirios Nape","25-03-168","{""type"": ""GeometryCollection"", ""geometries"": [{""type"": ""Polygon"", ""coordinates"": [[[22.143588429711173, 36.94888471665877], [22.18624381440418, 36.95017414417967], [22.223199270082375, 36.95378608209073], [22.248155909035262, 36.960469507191235], [22.25775393867147, 36.96224967963566], [22.262659624143453, 36.98275144390442], [22.284975814421244, 36.99240306697337], [22.277683819340496, 36.9974822900312], [22.25528655397426, 36.98707795027782], [22.249117608796496, 36.96730110791651], [22.220231007097283, 36.9612590436016], [22.193853679994135, 36.956753242978635], [22.16522532799945, 36.956871930927164], [22.14004783897485, 36.95194522129127], [22.143588429711173, 36.94888471665877]]]}]}","mythic/historic site"
"4.12.6",1000,"Choirios Nape","26-03-168","{""type"": ""GeometryCollection"", ""geometries"": [{""type"": ""Polygon"", ""coordinates"": [[[22.143588429711173, 36.94888471665877], [22.18624381440418, 36.95017414417967], [22.223199270082375, 36.95378608209073], [22.248155909035262, 36.960469507191235], [22.25775393867147, 36.96224967963566], [22.262659624143453, 36.98275144390442], [22.284975814421244, 36.99240306697337], [22.277683819340496, 36.9974822900312], [22.25528655397426, 36.98707795027782], [22.249117608796496, 36.96730110791651], [22.220231007097283, 36.9612590436016], [22.193853679994135, 36.956753242978635], [22.16522532799945, 36.956871930927164], [22.14004783897485, 36.95194522129127], [22.143588429711173, 36.94888471665877]]]}]}","mythic/historic site"
"4.12.7",1001,"Choirios Nape","27-03-168","{""type"": ""GeometryCollection"", ""geometries"": [{""type"": ""Polygon"", ""coordinates"": [[[22.143588429711173, 36.94888471665877], [22.18624381440418, 36.95017414417967], [22.223199270082375, 36.95378608209073], [22.248155909035262, 36.960469507191235], [22.25775393867147, 36.96224967963566], [22.262659624143453, 36.98275144390442], [22.284975814421244, 36.99240306697337], [22.277683819340496, 36.9974822900312], [22.25528655397426, 36.98707795027782], [22.249117608796496, 36.96730110791651], [22.220231007097283, 36.9612590436016], [22.193853679994135, 36.956753242978635], [22.16522532799945, 36.956871930927164], [22.14004783897485, 36.95194522129127], [22.143588429711173, 36.94888471665877]]]}]}","mythic/historic site"
"4.12.8",1002,"Choirios Nape","28-03-168","{""type"": ""GeometryCollection"", ""geometries"": [{""type"": ""Polygon"", ""coordinates"": [[[22.143588429711173, 36.94888471665877], [22.18624381440418, 36.95017414417967], [22.223199270082375, 36.95378608209073], [22.248155909035262, 36.960469507191235], [22.25775393867147, 36.96224967963566], [22.262659624143453, 36.98275144390442], [22.284975814421244, 36.99240306697337], [22.277683819340496, 36.9974822900312], [22.25528655397426, 36.98707795027782], [22.249117608796496, 36.96730110791651], [22.220231007097283, 36.9612590436016], [22.193853679994135, 36.956753242978635], [22.16522532799945, 36.956871930927164], [22.14004783897485, 36.95194522129127], [22.143588429711173, 36.94888471665877]]]}]}","mythic/historic site"
"4.12.9",1003,"Choirios Nape","29-03-168","{""type"": ""GeometryCollection"", ""geometries"": [{""type"": ""Polygon"", ""coordinates"": [[[22.143588429711173, 36.94888471665877], [22.18624381440418, 36.95017414417967], [22.223199270082375, 36.95378608209073], [22.248155909035262, 36.960469507191235], [22.25775393867147, 36.96224967963566], [22.262659624143453, 36.98275144390442], [22.284975814421244, 36.99240306697337], [22.277683819340496, 36.9974822900312], [22.25528655397426, 36.98707795027782], [22.249117608796496, 36.96730110791651], [22.220231007097283, 36.9612590436016], [22.193853679994135, 36.956753242978635], [22.16522532799945, 36.956871930927164], [22.14004783897485, 36.95194522129127], [22.143588429711173, 36.94888471665877]]]}]}","mythic/historic site"
"4.12.10",1004,"Choirios Nape","30-03-168","{""type"": ""GeometryCollection"", ""geometries"": [{""type"": ""Polygon"", ""coordinates"": [[[22.143588429711173, 36.94888471665877], [22.18624381440418, 36.95017414417967], [22.223199270082375, 36.95378608209073], [22.248155909035262, 36.960469507191235], [22.25775393867147, 36.96224967963566], [22.262659624143453, 36.98275144390442], [22.284975814421244, 36.99240306697337], [22.277683819340496, 36.9974822900312], [22.25528655397426, 36.98707795027782], [22.249117608796496, 36.96730110791651], [22.220231007097283, 36.9612590436016], [22.193853679994135, 36.956753242978635], [22.16522532799945, 36.956871930927164], [22.14004783897485, 36.95194522129127], [22.143588429711173, 36.94888471665877]]]}]}","mythic/historic site"
"4.13.1",1005,"Choirios Nape","31-03-168","{""type"": ""GeometryCollection"", ""geometries"": [{""type"": ""Polygon"", ""coordinates"": [[[22.143588429711173, 36.94888471665877], [22.18624381440418, 36.95017414417967], [22.223199270082375, 36.95378608209073], [22.248155909035262, 36.960469507191235], [22.25775393867147, 36.96224967963566], [22.262659624143453, 36.98275144390442], [22.284975814421244, 36.99240306697337], [22.277683819340496, 36.9974822900312], [22.25528655397426, 36.98707795027782], [22.249117608796496, 36.96730110791651], [22.220231007097283, 36.9612590436016], [22.193853679994135, 36.956753242978635], [22.16522532799945, 36.956871930927164], [22.14004783897485, 36.95194522129127], [22.143588429711173, 36.94888471665877]]]}]}","mythic/historic site"
"4.13.2",1006,"Choirios Nape","01-04-168","{""type"": ""GeometryCollection"", ""geometries"": [{""type"": ""Polygon"", ""coordinates"": [[[22.143588429711173, 36.94888471665877], [22.18624381440418, 36.95017414417967], [22.223199270082375, 36.95378608209073], [22.248155909035262, 36.960469507191235], [22.25775393867147, 36.96224967963566], [22.262659624143453, 36.98275144390442], [22.284975814421244, 36.99240306697337], [22.277683819340496, 36.9974822900312], [22.25528655397426, 36.98707795027782], [22.249117608796496, 36.96730110791651], [22.220231007097283, 36.9612590436016], [22.193853679994135, 36.956753242978635], [22.16522532799945, 36.956871930927164], [22.14004783897485, 36.95194522129127], [22.143588429711173, 36.94888471665877]]]}]}","mythic/historic site"
"4.13.3",1007,"Choirios Nape","02-04-168","{""type"": ""GeometryCollection"", ""geometries"": [{""type"": ""Polygon"", ""coordinates"": [[[22.143588429711173, 36.94888471665877], [22.18624381440418, 36.95017414417967], [22.223199270082375, 36.95378608209073], [22.248155909035262, 36.960469507191235], [22.25775393867147, 36.96224967963566], [22.262659624143453, 36.98275144390442], [22.284975814421244, 36.99240306697337], [22.277683819340496, 36.9974822900312], [22.25528655397426, 36.98707795027782], [22.249117608796496, 36.96730110791651], [22.220231007097283, 36.9612590436016], [22.193853679994135, 36.956753242978635], [22.16522532799945, 36.956871930927164], [22.14004783897485, 36.95194522129127], [22.143588429711173, 36.94888471665877]]]}]}","mythic/historic site"
"4.13.4",1008,"Choirios Nape","03-04-168","{""type"": ""GeometryCollection"", ""geometries"": [{""type"": ""Polygon"", ""coordinates"": [[[22.143588429711173, 36.94888471665877], [22.18624381440418, 36.95017414417967], [22.223199270082375, 36.95378608209073], [22.248155909035262, 36.960469507191235], [22.25775393867147, 36.96224967963566], [22.262659624143453, 36.98275144390442], [22.284975814421244, 36.99240306697337], [22.277683819340496, 36.9974822900312], [22.25528655397426, 36.98707795027782], [22.249117608796496, 36.96730110791651], [22.220231007097283, 36.9612590436016], [22.193853679994135, 36.956753242978635], [22.16522532799945, 36.956871930927164], [22.14004783897485, 36.95194522129127], [22.143588429711173, 36.94888471665877]]]}]}","mythic/historic site"
"4.13.5",1009,"Choirios Nape","04-04-168","{""type"": ""GeometryCollection"", ""geometries"": [{""type"": ""Polygon"", ""coordinates"": [[[22.143588429711173, 36.94888471665877], [22.18624381440418, 36.95017414417967], [22.223199270082375, 36.95378608209073], [22.248155909035262, 36.960469507191235], [22.25775393867147, 36.96224967963566], [22.262659624143453, 36.98275144390442], [22.284975814421244, 36.99240306697337], [22.277683819340496, 36.9974822900312], [22.25528655397426, 36.98707795027782], [22.249117608796496, 36.96730110791651], [22.220231007097283, 36.9612590436016], [22.193853679994135, 36.956753242978635], [22.16522532799945, 36.956871930927164], [22.14004783897485, 36.95194522129127], [22.143588429711173, 36.94888471665877]]]}]}","mythic/historic site"
"4.13.6",1010,"Choirios Nape","05-04-168","{""type"": ""GeometryCollection"", ""geometries"": [{""type"": ""Polygon"", ""coordinates"": [[[22.143588429711173, 36.94888471665877], [22.18624381440418, 36.95017414417967], [22.223199270082375, 36.95378608209073], [22.248155909035262, 36.960469507191235], [22.25775393867147, 36.96224967963566], [22.262659624143453, 36.98275144390442], [22.284975814421244, 36.99240306697337], [22.277683819340496, 36.9974822900312], [22.25528655397426, 36.98707795027782], [22.249117608796496, 36.96730110791651], [22.220231007097283, 36.9612590436016], [22.193853679994135, 36.956753242978635], [22.16522532799945, 36.956871930927164], [22.14004783897485, 36.95194522129127], [22.143588429711173, 36.94888471665877]]]}]}","mythic/historic site"
"4.13.7",1011,"Choirios Nape","06-04-168","{""type"": ""GeometryCollection"", ""geometries"": [{""type"": ""Polygon"", ""coordinates"": [[[22.143588429711173, 36.94888471665877], [22.18624381440418, 36.95017414417967], [22.223199270082375, 36.95378608209073], [22.248155909035262, 36.960469507191235], [22.25775393867147, 36.96224967963566], [22.262659624143453, 36.98275144390442], [22.284975814421244, 36.99240306697337], [22.277683819340496, 36.9974822900312], [22.25528655397426, 36.98707795027782], [22.249117608796496, 36.96730110791651], [22.220231007097283, 36.9612590436016], [22.193853679994135, 36.956753242978635], [22.16522532799945, 36.956871930927164], [22.14004783897485, 36.95194522129127], [22.143588429711173, 36.94888471665877]]]}]}","mythic/historic site"
"4.14.1",1012,"Choirios Nape","07-04-168","{""type"": ""GeometryCollection"", ""geometries"": [{""type"": ""Polygon"", ""coordinates"": [[[22.143588429711173, 36.94888471665877], [22.18624381440418, 36.95017414417967], [22.223199270082375, 36.95378608209073], [22.248155909035262, 36.960469507191235], [22.25775393867147, 36.96224967963566], [22.262659624143453, 36.98275144390442], [22.284975814421244, 36.99240306697337], [22.277683819340496, 36.9974822900312], [22.25528655397426, 36.98707795027782], [22.249117608796496, 36.96730110791651], [22.220231007097283, 36.9612590436016], [22.193853679994135, 36.956753242978635], [22.16522532799945, 36.956871930927164], [22.14004783897485, 36.95194522129127], [22.143588429711173, 36.94888471665877]]]}]}","mythic/historic site"
"4.14.2",1013,"Choirios Nape","08-04-168","{""type"": ""GeometryCollection"", ""geometries"": [{""type"": ""Polygon"", ""coordinates"": [[[22.143588429711173, 36.94888471665877], [22.18624381440418, 36.95017414417967], [22.223199270082375, 36.95378608209073], [22.248155909035262, 36.960469507191235], [22.25775393867147, 36.96224967963566], [22.262659624143453, 36.98275144390442], [22.284975814421244, 36.99240306697337], [22.277683819340496, 36.9974822900312], [22.25528655397426, 36.98707795027782], [22.249117608796496, 36.96730110791651], [22.220231007097283, 36.9612590436016], [22.193853679994135, 36.956753242978635], [22.16522532799945, 36.956871930927164], [22.14004783897485, 36.95194522129127], [22.143588429711173, 36.94888471665877]]]}]}","mythic/historic site"
"4.14.3",1014,"Choirios Nape","09-04-168","{""type"": ""GeometryCollection"", ""geometries"": [{""type"": ""Polygon"", ""coordinates"": [[[22.143588429711173, 36.94888471665877], [22.18624381440418, 36.95017414417967], [22.223199270082375, 36.95378608209073], [22.248155909035262, 36.960469507191235], [22.25775393867147, 36.96224967963566], [22.262659624143453, 36.98275144390442], [22.284975814421244, 36.99240306697337], [22.277683819340496, 36.9974822900312], [22.25528655397426, 36.98707795027782], [22.249117608796496, 36.96730110791651], [22.220231007097283, 36.9612590436016], [22.193853679994135, 36.956753242978635], [22.16522532799945, 36.956871930927164], [22.14004783897485, 36.95194522129127], [22.143588429711173, 36.94888471665877]]]}]}","mythic/historic site"
"4.14.4",1015,"Choirios Nape","10-04-168","{""type"": ""GeometryCollection"", ""geometries"": [{""type"": ""Polygon"", ""coordinates"": [[[22.143588429711173, 36.94888471665877], [22.18624381440418, 36.95017414417967], [22.223199270082375, 36.95378608209073], [22.248155909035262, 36.960469507191235], [22.25775393867147, 36.96224967963566], [22.262659624143453, 36.98275144390442], [22.284975814421244, 36.99240306697337], [22.277683819340496, 36.9974822900312], [22.25528655397426, 36.98707795027782], [22.249117608796496, 36.96730110791651], [22.220231007097283, 36.9612590436016], [22.193853679994135, 36.956753242978635], [22.16522532799945, 36.956871930927164], [22.14004783897485, 36.95194522129127], [22.143588429711173, 36.94888471665877]]]}]}","mythic/historic site"
"4.14.5",1016,"Choirios Nape","11-04-168","{""type"": ""GeometryCollection"", ""geometries"": [{""type"": ""Polygon"", ""coordinates"": [[[22.143588429711173, 36.94888471665877], [22.18624381440418, 36.95017414417967], [22.223199270082375, 36.95378608209073], [22.248155909035262, 36.960469507191235], [22.25775393867147, 36.96224967963566], [22.262659624143453, 36.98275144390442], [22.284975814421244, 36.99240306697337], [22.277683819340496, 36.9974822900312], [22.25528655397426, 36.98707795027782], [22.249117608796496, 36.96730110791651], [22.220231007097283, 36.9612590436016], [22.193853679994135, 36.956753242978635], [22.16522532799945, 36.956871930927164], [22.14004783897485, 36.95194522129127], [22.143588429711173, 36.94888471665877]]]}]}","mythic/historic site"
"4.14.6",1017,"Choirios Nape","12-04-168","{""type"": ""GeometryCollection"", ""geometries"": [{""type"": ""Polygon"", ""coordinates"": [[[22.143588429711173, 36.94888471665877], [22.18624381440418, 36.95017414417967], [22.223199270082375, 36.95378608209073], [22.248155909035262, 36.960469507191235], [22.25775393867147, 36.96224967963566], [22.262659624143453, 36.98275144390442], [22.284975814421244, 36.99240306697337], [22.277683819340496, 36.9974822900312], [22.25528655397426, 36.98707795027782], [22.249117608796496, 36.96730110791651], [22.220231007097283, 36.9612590436016], [22.193853679994135, 36.956753242978635], [22.16522532799945, 36.956871930927164], [22.14004783897485, 36.95194522129127], [22.143588429711173, 36.94888471665877]]]}]}","mythic/historic site"
"4.14.7",1018,"Choirios Nape","13-04-168","{""type"": ""GeometryCollection"", ""geometries"": [{""type"": ""Polygon"", ""coordinates"": [[[22.143588429711173, 36.94888471665877], [22.18624381440418, 36.95017414417967], [22.223199270082375, 36.95378608209073], [22.248155909035262, 36.960469507191235], [22.25775393867147, 36.96224967963566], [22.262659624143453, 36.98275144390442], [22.284975814421244, 36.99240306697337], [22.277683819340496, 36.9974822900312], [22.25528655397426, 36.98707795027782], [22.249117608796496, 36.96730110791651], [22.220231007097283, 36.9612590436016], [22.193853679994135, 36.956753242978635], [22.16522532799945, 36.956871930927164], [22.14004783897485, 36.95194522129127], [22.143588429711173, 36.94888471665877]]]}]}","mythic/historic site"
"4.14.8",1019,"Choirios Nape","14-04-168","{""type"": ""GeometryCollection"", ""geometries"": [{""type"": ""Polygon"", ""coordinates"": [[[22.143588429711173, 36.94888471665877], [22.18624381440418, 36.95017414417967], [22.223199270082375, 36.95378608209073], [22.248155909035262, 36.960469507191235], [22.25775393867147, 36.96224967963566], [22.262659624143453, 36.98275144390442], [22.284975814421244, 36.99240306697337], [22.277683819340496, 36.9974822900312], [22.25528655397426, 36.98707795027782], [22.249117608796496, 36.96730110791651], [22.220231007097283, 36.9612590436016], [22.193853679994135, 36.956753242978635], [22.16522532799945, 36.956871930927164], [22.14004783897485, 36.95194522129127], [22.143588429711173, 36.94888471665877]]]}]}","mythic/historic site"
"4.15.1",1020,"Choirios Nape","15-04-168","{""type"": ""GeometryCollection"", ""geometries"": [{""type"": ""Polygon"", ""coordinates"": [[[22.143588429711173, 36.94888471665877], [22.18624381440418, 36.95017414417967], [22.223199270082375, 36.95378608209073], [22.248155909035262, 36.960469507191235], [22.25775393867147, 36.96224967963566], [22.262659624143453, 36.98275144390442], [22.284975814421244, 36.99240306697337], [22.277683819340496, 36.9974822900312], [22.25528655397426, 36.98707795027782], [22.249117608796496, 36.96730110791651], [22.220231007097283, 36.9612590436016], [22.193853679994135, 36.956753242978635], [22.16522532799945, 36.956871930927164], [22.14004783897485, 36.95194522129127], [22.143588429711173, 36.94888471665877]]]}]}","mythic/historic site"
"4.15.2",1021,"Choirios Nape","16-04-168","{""type"": ""GeometryCollection"", ""geometries"": [{""type"": ""Polygon"", ""coordinates"": [[[22.143588429711173, 36.94888471665877], [22.18624381440418, 36.95017414417967], [22.223199270082375, 36.95378608209073], [22.248155909035262, 36.960469507191235], [22.25775393867147, 36.96224967963566], [22.262659624143453, 36.98275144390442], [22.284975814421244, 36.99240306697337], [22.277683819340496, 36.9974822900312], [22.25528655397426, 36.98707795027782], [22.249117608796496, 36.96730110791651], [22.220231007097283, 36.9612590436016], [22.193853679994135, 36.956753242978635], [22.16522532799945, 36.956871930927164], [22.14004783897485, 36.95194522129127], [22.143588429711173, 36.94888471665877]]]}]}","mythic/historic site"
"4.15.3",1022,"Choirios Nape","17-04-168","{""type"": ""GeometryCollection"", ""geometries"": [{""type"": ""Polygon"", ""coordinates"": [[[22.143588429711173, 36.94888471665877], [22.18624381440418, 36.95017414417967], [22.223199270082375, 36.95378608209073], [22.248155909035262, 36.960469507191235], [22.25775393867147, 36.96224967963566], [22.262659624143453, 36.98275144390442], [22.284975814421244, 36.99240306697337], [22.277683819340496, 36.9974822900312], [22.25528655397426, 36.98707795027782], [22.249117608796496, 36.96730110791651], [22.220231007097283, 36.9612590436016], [22.193853679994135, 36.956753242978635], [22.16522532799945, 36.956871930927164], [22.14004783897485, 36.95194522129127], [22.143588429711173, 36.94888471665877]]]}]}","mythic/historic site"
"4.15.4",1023,"Choirios Nape","18-04-168","{""type"": ""GeometryCollection"", ""geometries"": [{""type"": ""Polygon"", ""coordinates"": [[[22.143588429711173, 36.94888471665877], [22.18624381440418, 36.95017414417967], [22.223199270082375, 36.95378608209073], [22.248155909035262, 36.960469507191235], [22.25775393867147, 36.96224967963566], [22.262659624143453, 36.98275144390442], [22.284975814421244, 36.99240306697337], [22.277683819340496, 36.9974822900312], [22.25528655397426, 36.98707795027782], [22.249117608796496, 36.96730110791651], [22.220231007097283, 36.9612590436016], [22.193853679994135, 36.956753242978635], [22.16522532799945, 36.956871930927164], [22.14004783897485, 36.95194522129127], [22.143588429711173, 36.94888471665877]]]}]}","mythic/historic site"
"4.15.5",1024,"Choirios Nape","19-04-168","{""type"": ""GeometryCollection"", ""geometries"": [{""type"": ""Polygon"", ""coordinates"": [[[22.143588429711173, 36.94888471665877], [22.18624381440418, 36.95017414417967], [22.223199270082375, 36.95378608209073], [22.248155909035262, 36.960469507191235], [22.25775393867147, 36.96224967963566], [22.262659624143453, 36.98275144390442], [22.284975814421244, 36.99240306697337], [22.277683819340496, 36.9974822900312], [22.25528655397426, 36.98707795027782], [22.249117608796496, 36.96730110791651], [22.220231007097283, 36.9612590436016], [22.193853679994135, 36.956753242978635], [22.16522532799945, 36.956871930927164], [22.14004783897485, 36.95194522129127], [22.143588429711173, 36.94888471665877]]]}]}","mythic/historic site"
"4.15.6",1025,"Choirios Nape","20-04-168","{""type"": ""GeometryCollection"", ""geometries"": [{""type"": ""Polygon"", ""coordinates"": [[[22.143588429711173, 36.94888471665877], [22.18624381440418, 36.95017414417967], [22.223199270082375, 36.95378608209073], [22.248155909035262, 36.960469507191235], [22.25775393867147, 36.96224967963566], [22.262659624143453, 36.98275144390442], [22.284975814421244, 36.99240306697337], [22.277683819340496, 36.9974822900312], [22.25528655397426, 36.98707795027782], [22.249117608796496, 36.96730110791651], [22.220231007097283, 36.9612590436016], [22.193853679994135, 36.956753242978635], [22.16522532799945, 36.956871930927164], [22.14004783897485, 36.95194522129127], [22.143588429711173, 36.94888471665877]]]}]}","mythic/historic site"
"4.15.7",1026,"Choirios Nape","21-04-168","{""type"": ""GeometryCollection"", ""geometries"": [{""type"": ""Polygon"", ""coordinates"": [[[22.143588429711173, 36.94888471665877], [22.18624381440418, 36.95017414417967], [22.223199270082375, 36.95378608209073], [22.248155909035262, 36.960469507191235], [22.25775393867147, 36.96224967963566], [22.262659624143453, 36.98275144390442], [22.284975814421244, 36.99240306697337], [22.277683819340496, 36.9974822900312], [22.25528655397426, 36.98707795027782], [22.249117608796496, 36.96730110791651], [22.220231007097283, 36.9612590436016], [22.193853679994135, 36.956753242978635], [22.16522532799945, 36.956871930927164], [22.14004783897485, 36.95194522129127], [22.143588429711173, 36.94888471665877]]]}]}","mythic/historic site"
"4.15.8",1027,"Choirios Nape","22-04-168","{""type"": ""GeometryCollection"", ""geometries"": [{""type"": ""Polygon"", ""coordinates"": [[[22.143588429711173, 36.94888471665877], [22.18624381440418, 36.95017414417967], [22.223199270082375, 36.95378608209073], [22.248155909035262, 36.960469507191235], [22.25775393867147, 36.96224967963566], [22.262659624143453, 36.98275144390442], [22.284975814421244, 36.99240306697337], [22.277683819340496, 36.9974822900312], [22.25528655397426, 36.98707795027782], [22.249117608796496, 36.96730110791651], [22.220231007097283, 36.9612590436016], [22.193853679994135, 36.956753242978635], [22.16522532799945, 36.956871930927164], [22.14004783897485, 36.95194522129127], [22.143588429711173, 36.94888471665877]]]}]}","mythic/historic site"
"4.16.1",1028,"Choirios Nape","23-04-168","{""type"": ""GeometryCollection"", ""geometries"": [{""type"": ""Polygon"", ""coordinates"": [[[22.143588429711173, 36.94888471665877], [22.18624381440418, 36.95017414417967], [22.223199270082375, 36.95378608209073], [22.248155909035262, 36.960469507191235], [22.25775393867147, 36.96224967963566], [22.262659624143453, 36.98275144390442], [22.284975814421244, 36.99240306697337], [22.277683819340496, 36.9974822900312], [22.25528655397426, 36.98707795027782], [22.249117608796496, 36.96730110791651], [22.220231007097283, 36.9612590436016], [22.193853679994135, 36.956753242978635], [22.16522532799945, 36.956871930927164], [22.14004783897485, 36.95194522129127], [22.143588429711173, 36.94888471665877]]]}]}","mythic/historic site"
"4.16.2",1029,"Choirios Nape","24-04-168","{""type"": ""GeometryCollection"", ""geometries"": [{""type"": ""Polygon"", ""coordinates"": [[[22.143588429711173, 36.94888471665877], [22.18624381440418, 36.95017414417967], [22.223199270082375, 36.95378608209073], [22.248155909035262, 36.960469507191235], [22.25775393867147, 36.96224967963566], [22.262659624143453, 36.98275144390442], [22.284975814421244, 36.99240306697337], [22.277683819340496, 36.9974822900312], [22.25528655397426, 36.98707795027782], [22.249117608796496, 36.96730110791651], [22.220231007097283, 36.9612590436016], [22.193853679994135, 36.956753242978635], [22.16522532799945, 36.956871930927164], [22.14004783897485, 36.95194522129127], [22.143588429711173, 36.94888471665877]]]}]}","mythic/historic site"
"4.16.3",1030,"Choirios Nape","25-04-168","{""type"": ""GeometryCollection"", ""geometries"": [{""type"": ""Polygon"", ""coordinates"": [[[22.143588429711173, 36.94888471665877], [22.18624381440418, 36.95017414417967], [22.223199270082375, 36.95378608209073], [22.248155909035262, 36.960469507191235], [22.25775393867147, 36.96224967963566], [22.262659624143453, 36.98275144390442], [22.284975814421244, 36.99240306697337], [22.277683819340496, 36.9974822900312], [22.25528655397426, 36.98707795027782], [22.249117608796496, 36.96730110791651], [22.220231007097283, 36.9612590436016], [22.193853679994135, 36.956753242978635], [22.16522532799945, 36.956871930927164], [22.14004783897485, 36.95194522129127], [22.143588429711173, 36.94888471665877]]]}]}","mythic/historic site"
"4.16.4",1031,"Choirios Nape","26-04-168","{""type"": ""GeometryCollection"", ""geometries"": [{""type"": ""Polygon"", ""coordinates"": [[[22.143588429711173, 36.94888471665877], [22.18624381440418, 36.95017414417967], [22.223199270082375, 36.95378608209073], [22.248155909035262, 36.960469507191235], [22.25775393867147, 36.96224967963566], [22.262659624143453, 36.98275144390442], [22.284975814421244, 36.99240306697337], [22.277683819340496, 36.9974822900312], [22.25528655397426, 36.98707795027782], [22.249117608796496, 36.96730110791651], [22.220231007097283, 36.9612590436016], [22.193853679994135, 36.956753242978635], [22.16522532799945, 36.956871930927164], [22.14004783897485, 36.95194522129127], [22.143588429711173, 36.94888471665877]]]}]}","mythic/historic site"
"4.16.5",1032,"Choirios Nape","27-04-168","{""type"": ""GeometryCollection"", ""geometries"": [{""type"": ""Polygon"", ""coordinates"": [[[22.143588429711173, 36.94888471665877], [22.18624381440418, 36.95017414417967], [22.223199270082375, 36.95378608209073], [22.248155909035262, 36.960469507191235], [22.25775393867147, 36.96224967963566], [22.262659624143453, 36.98275144390442], [22.284975814421244, 36.99240306697337], [22.277683819340496, 36.9974822900312], [22.25528655397426, 36.98707795027782], [22.249117608796496, 36.96730110791651], [22.220231007097283, 36.9612590436016], [22.193853679994135, 36.956753242978635], [22.16522532799945, 36.956871930927164], [22.14004783897485, 36.95194522129127], [22.143588429711173, 36.94888471665877]]]}]}","mythic/historic site"
"4.16.6",1033,"Choirios Nape","28-04-168","{""type"": ""GeometryCollection"", ""geometries"": [{""type"": ""Polygon"", ""coordinates"": [[[22.143588429711173, 36.94888471665877], [22.18624381440418, 36.95017414417967], [22.223199270082375, 36.95378608209073], [22.248155909035262, 36.960469507191235], [22.25775393867147, 36.96224967963566], [22.262659624143453, 36.98275144390442], [22.284975814421244, 36.99240306697337], [22.277683819340496, 36.9974822900312], [22.25528655397426, 36.98707795027782], [22.249117608796496, 36.96730110791651], [22.220231007097283, 36.9612590436016], [22.193853679994135, 36.956753242978635], [22.16522532799945, 36.956871930927164], [22.14004783897485, 36.95194522129127], [22.143588429711173, 36.94888471665877]]]}]}","mythic/historic site"
"4.16.7",1034,"Choirios Nape","29-04-168","{""type"": ""GeometryCollection"", ""geometries"": [{""type"": ""Polygon"", ""coordinates"": [[[22.143588429711173, 36.94888471665877], [22.18624381440418, 36.95017414417967], [22.223199270082375, 36.95378608209073], [22.248155909035262, 36.960469507191235], [22.25775393867147, 36.96224967963566], [22.262659624143453, 36.98275144390442], [22.284975814421244, 36.99240306697337], [22.277683819340496, 36.9974822900312], [22.25528655397426, 36.98707795027782], [22.249117608796496, 36.96730110791651], [22.220231007097283, 36.9612590436016], [22.193853679994135, 36.956753242978635], [22.16522532799945, 36.956871930927164], [22.14004783897485, 36.95194522129127], [22.143588429711173, 36.94888471665877]]]}]}","mythic/historic site"
"4.16.8",1035,"Choirios Nape","30-04-168","{""type"": ""GeometryCollection"", ""geometries"": [{""type"": ""Polygon"", ""coordinates"": [[[22.143588429711173, 36.94888471665877], [22.18624381440418, 36.95017414417967], [22.223199270082375, 36.95378608209073], [22.248155909035262, 36.960469507191235], [22.25775393867147, 36.96224967963566], [22.262659624143453, 36.98275144390442], [22.284975814421244, 36.99240306697337], [22.277683819340496, 36.9974822900312], [22.25528655397426, 36.98707795027782], [22.249117608796496, 36.96730110791651], [22.220231007097283, 36.9612590436016], [22.193853679994135, 36.956753242978635], [22.16522532799945, 36.956871930927164], [22.14004783897485, 36.95194522129127], [22.143588429711173, 36.94888471665877]]]}]}","mythic/historic site"
"4.16.9",1036,"Choirios Nape","01-05-168","{""type"": ""GeometryCollection"", ""geometries"": [{""type"": ""Polygon"", ""coordinates"": [[[22.143588429711173, 36.94888471665877], [22.18624381440418, 36.95017414417967], [22.223199270082375, 36.95378608209073], [22.248155909035262, 36.960469507191235], [22.25775393867147, 36.96224967963566], [22.262659624143453, 36.98275144390442], [22.284975814421244, 36.99240306697337], [22.277683819340496, 36.9974822900312], [22.25528655397426, 36.98707795027782], [22.249117608796496, 36.96730110791651], [22.220231007097283, 36.9612590436016], [22.193853679994135, 36.956753242978635], [22.16522532799945, 36.956871930927164], [22.14004783897485, 36.95194522129127], [22.143588429711173, 36.94888471665877]]]}]}","mythic/historic site"
"4.16.10",1037,"Choirios Nape","02-05-168","{""type"": ""GeometryCollection"", ""geometries"": [{""type"": ""Polygon"", ""coordinates"": [[[22.143588429711173, 36.94888471665877], [22.18624381440418, 36.95017414417967], [22.223199270082375, 36.95378608209073], [22.248155909035262, 36.960469507191235], [22.25775393867147, 36.96224967963566], [22.262659624143453, 36.98275144390442], [22.284975814421244, 36.99240306697337], [22.277683819340496, 36.9974822900312], [22.25528655397426, 36.98707795027782], [22.249117608796496, 36.96730110791651], [22.220231007097283, 36.9612590436016], [22.193853679994135, 36.956753242978635], [22.16522532799945, 36.956871930927164], [22.14004783897485, 36.95194522129127], [22.143588429711173, 36.94888471665877]]]}]}","mythic/historic site"
"4.17.1",1038,"Choirios Nape","03-05-168","{""type"": ""GeometryCollection"", ""geometries"": [{""type"": ""Polygon"", ""coordinates"": [[[22.143588429711173, 36.94888471665877], [22.18624381440418, 36.95017414417967], [22.223199270082375, 36.95378608209073], [22.248155909035262, 36.960469507191235], [22.25775393867147, 36.96224967963566], [22.262659624143453, 36.98275144390442], [22.284975814421244, 36.99240306697337], [22.277683819340496, 36.9974822900312], [22.25528655397426, 36.98707795027782], [22.249117608796496, 36.96730110791651], [22.220231007097283, 36.9612590436016], [22.193853679994135, 36.956753242978635], [22.16522532799945, 36.956871930927164], [22.14004783897485, 36.95194522129127], [22.143588429711173, 36.94888471665877]]]}]}","mythic/historic site"
"4.17.2",1039,"Choirios Nape","04-05-168","{""type"": ""GeometryCollection"", ""geometries"": [{""type"": ""Polygon"", ""coordinates"": [[[22.143588429711173, 36.94888471665877], [22.18624381440418, 36.95017414417967], [22.223199270082375, 36.95378608209073], [22.248155909035262, 36.960469507191235], [22.25775393867147, 36.96224967963566], [22.262659624143453, 36.98275144390442], [22.284975814421244, 36.99240306697337], [22.277683819340496, 36.9974822900312], [22.25528655397426, 36.98707795027782], [22.249117608796496, 36.96730110791651], [22.220231007097283, 36.9612590436016], [22.193853679994135, 36.956753242978635], [22.16522532799945, 36.956871930927164], [22.14004783897485, 36.95194522129127], [22.143588429711173, 36.94888471665877]]]}]}","mythic/historic site"
"4.17.3",1040,"Choirios Nape","05-05-168","{""type"": ""GeometryCollection"", ""geometries"": [{""type"": ""Polygon"", ""coordinates"": [[[22.143588429711173, 36.94888471665877], [22.18624381440418, 36.95017414417967], [22.223199270082375, 36.95378608209073], [22.248155909035262, 36.960469507191235], [22.25775393867147, 36.96224967963566], [22.262659624143453, 36.98275144390442], [22.284975814421244, 36.99240306697337], [22.277683819340496, 36.9974822900312], [22.25528655397426, 36.98707795027782], [22.249117608796496, 36.96730110791651], [22.220231007097283, 36.9612590436016], [22.193853679994135, 36.956753242978635], [22.16522532799945, 36.956871930927164], [22.14004783897485, 36.95194522129127], [22.143588429711173, 36.94888471665877]]]}]}","mythic/historic site"
"4.17.4",1041,"Choirios Nape","06-05-168","{""type"": ""GeometryCollection"", ""geometries"": [{""type"": ""Polygon"", ""coordinates"": [[[22.143588429711173, 36.94888471665877], [22.18624381440418, 36.95017414417967], [22.223199270082375, 36.95378608209073], [22.248155909035262, 36.960469507191235], [22.25775393867147, 36.96224967963566], [22.262659624143453, 36.98275144390442], [22.284975814421244, 36.99240306697337], [22.277683819340496, 36.9974822900312], [22.25528655397426, 36.98707795027782], [22.249117608796496, 36.96730110791651], [22.220231007097283, 36.9612590436016], [22.193853679994135, 36.956753242978635], [22.16522532799945, 36.956871930927164], [22.14004783897485, 36.95194522129127], [22.143588429711173, 36.94888471665877]]]}]}","mythic/historic site"
"4.17.5",1042,"Choirios Nape","07-05-168","{""type"": ""GeometryCollection"", ""geometries"": [{""type"": ""Polygon"", ""coordinates"": [[[22.143588429711173, 36.94888471665877], [22.18624381440418, 36.95017414417967], [22.223199270082375, 36.95378608209073], [22.248155909035262, 36.960469507191235], [22.25775393867147, 36.96224967963566], [22.262659624143453, 36.98275144390442], [22.284975814421244, 36.99240306697337], [22.277683819340496, 36.9974822900312], [22.25528655397426, 36.98707795027782], [22.249117608796496, 36.96730110791651], [22.220231007097283, 36.9612590436016], [22.193853679994135, 36.956753242978635], [22.16522532799945, 36.956871930927164], [22.14004783897485, 36.95194522129127], [22.143588429711173, 36.94888471665877]]]}]}","mythic/historic site"
"4.17.6",1043,"Choirios Nape","08-05-168","{""type"": ""GeometryCollection"", ""geometries"": [{""type"": ""Polygon"", ""coordinates"": [[[22.143588429711173, 36.94888471665877], [22.18624381440418, 36.95017414417967], [22.223199270082375, 36.95378608209073], [22.248155909035262, 36.960469507191235], [22.25775393867147, 36.96224967963566], [22.262659624143453, 36.98275144390442], [22.284975814421244, 36.99240306697337], [22.277683819340496, 36.9974822900312], [22.25528655397426, 36.98707795027782], [22.249117608796496, 36.96730110791651], [22.220231007097283, 36.9612590436016], [22.193853679994135, 36.956753242978635], [22.16522532799945, 36.956871930927164], [22.14004783897485, 36.95194522129127], [22.143588429711173, 36.94888471665877]]]}]}","mythic/historic site"
"4.17.7",1044,"Choirios Nape","09-05-168","{""type"": ""GeometryCollection"", ""geometries"": [{""type"": ""Polygon"", ""coordinates"": [[[22.143588429711173, 36.94888471665877], [22.18624381440418, 36.95017414417967], [22.223199270082375, 36.95378608209073], [22.248155909035262, 36.960469507191235], [22.25775393867147, 36.96224967963566], [22.262659624143453, 36.98275144390442], [22.284975814421244, 36.99240306697337], [22.277683819340496, 36.9974822900312], [22.25528655397426, 36.98707795027782], [22.249117608796496, 36.96730110791651], [22.220231007097283, 36.9612590436016], [22.193853679994135, 36.956753242978635], [22.16522532799945, 36.956871930927164], [22.14004783897485, 36.95194522129127], [22.143588429711173, 36.94888471665877]]]}]}","mythic/historic site"
"4.17.8",1045,"Choirios Nape","10-05-168","{""type"": ""GeometryCollection"", ""geometries"": [{""type"": ""Polygon"", ""coordinates"": [[[22.143588429711173, 36.94888471665877], [22.18624381440418, 36.95017414417967], [22.223199270082375, 36.95378608209073], [22.248155909035262, 36.960469507191235], [22.25775393867147, 36.96224967963566], [22.262659624143453, 36.98275144390442], [22.284975814421244, 36.99240306697337], [22.277683819340496, 36.9974822900312], [22.25528655397426, 36.98707795027782], [22.249117608796496, 36.96730110791651], [22.220231007097283, 36.9612590436016], [22.193853679994135, 36.956753242978635], [22.16522532799945, 36.956871930927164], [22.14004783897485, 36.95194522129127], [22.143588429711173, 36.94888471665877]]]}]}","mythic/historic site"
"4.17.9",1046,"Choirios Nape","11-05-168","{""type"": ""GeometryCollection"", ""geometries"": [{""type"": ""Polygon"", ""coordinates"": [[[22.143588429711173, 36.94888471665877], [22.18624381440418, 36.95017414417967], [22.223199270082375, 36.95378608209073], [22.248155909035262, 36.960469507191235], [22.25775393867147, 36.96224967963566], [22.262659624143453, 36.98275144390442], [22.284975814421244, 36.99240306697337], [22.277683819340496, 36.9974822900312], [22.25528655397426, 36.98707795027782], [22.249117608796496, 36.96730110791651], [22.220231007097283, 36.9612590436016], [22.193853679994135, 36.956753242978635], [22.16522532799945, 36.956871930927164], [22.14004783897485, 36.95194522129127], [22.143588429711173, 36.94888471665877]]]}]}","mythic/historic site"
"4.17.10",1047,"Choirios Nape","12-05-168","{""type"": ""GeometryCollection"", ""geometries"": [{""type"": ""Polygon"", ""coordinates"": [[[22.143588429711173, 36.94888471665877], [22.18624381440418, 36.95017414417967], [22.223199270082375, 36.95378608209073], [22.248155909035262, 36.960469507191235], [22.25775393867147, 36.96224967963566], [22.262659624143453, 36.98275144390442], [22.284975814421244, 36.99240306697337], [22.277683819340496, 36.9974822900312], [22.25528655397426, 36.98707795027782], [22.249117608796496, 36.96730110791651], [22.220231007097283, 36.9612590436016], [22.193853679994135, 36.956753242978635], [22.16522532799945, 36.956871930927164], [22.14004783897485, 36.95194522129127], [22.143588429711173, 36.94888471665877]]]}]}","mythic/historic site"
"4.17.11",1048,"Choirios Nape","13-05-168","{""type"": ""GeometryCollection"", ""geometries"": [{""type"": ""Polygon"", ""coordinates"": [[[22.143588429711173, 36.94888471665877], [22.18624381440418, 36.95017414417967], [22.223199270082375, 36.95378608209073], [22.248155909035262, 36.960469507191235], [22.25775393867147, 36.96224967963566], [22.262659624143453, 36.98275144390442], [22.284975814421244, 36.99240306697337], [22.277683819340496, 36.9974822900312], [22.25528655397426, 36.98707795027782], [22.249117608796496, 36.96730110791651], [22.220231007097283, 36.9612590436016], [22.193853679994135, 36.956753242978635], [22.16522532799945, 36.956871930927164], [22.14004783897485, 36.95194522129127], [22.143588429711173, 36.94888471665877]]]}]}","mythic/historic site"
"4.18.1",1049,"Choirios Nape","14-05-168","{""type"": ""GeometryCollection"", ""geometries"": [{""type"": ""Polygon"", ""coordinates"": [[[22.143588429711173, 36.94888471665877], [22.18624381440418, 36.95017414417967], [22.223199270082375, 36.95378608209073], [22.248155909035262, 36.960469507191235], [22.25775393867147, 36.96224967963566], [22.262659624143453, 36.98275144390442], [22.284975814421244, 36.99240306697337], [22.277683819340496, 36.9974822900312], [22.25528655397426, 36.98707795027782], [22.249117608796496, 36.96730110791651], [22.220231007097283, 36.9612590436016], [22.193853679994135, 36.956753242978635], [22.16522532799945, 36.956871930927164], [22.14004783897485, 36.95194522129127], [22.143588429711173, 36.94888471665877]]]}]}","mythic/historic site"
"4.18.2",1050,"Choirios Nape","15-05-168","{""type"": ""GeometryCollection"", ""geometries"": [{""type"": ""Polygon"", ""coordinates"": [[[22.143588429711173, 36.94888471665877], [22.18624381440418, 36.95017414417967], [22.223199270082375, 36.95378608209073], [22.248155909035262, 36.960469507191235], [22.25775393867147, 36.96224967963566], [22.262659624143453, 36.98275144390442], [22.284975814421244, 36.99240306697337], [22.277683819340496, 36.9974822900312], [22.25528655397426, 36.98707795027782], [22.249117608796496, 36.96730110791651], [22.220231007097283, 36.9612590436016], [22.193853679994135, 36.956753242978635], [22.16522532799945, 36.956871930927164], [22.14004783897485, 36.95194522129127], [22.143588429711173, 36.94888471665877]]]}]}","mythic/historic site"
"4.18.3",1051,"Choirios Nape","16-05-168","{""type"": ""GeometryCollection"", ""geometries"": [{""type"": ""Polygon"", ""coordinates"": [[[22.143588429711173, 36.94888471665877], [22.18624381440418, 36.95017414417967], [22.223199270082375, 36.95378608209073], [22.248155909035262, 36.960469507191235], [22.25775393867147, 36.96224967963566], [22.262659624143453, 36.98275144390442], [22.284975814421244, 36.99240306697337], [22.277683819340496, 36.9974822900312], [22.25528655397426, 36.98707795027782], [22.249117608796496, 36.96730110791651], [22.220231007097283, 36.9612590436016], [22.193853679994135, 36.956753242978635], [22.16522532799945, 36.956871930927164], [22.14004783897485, 36.95194522129127], [22.143588429711173, 36.94888471665877]]]}]}","mythic/historic site"
"4.18.4",1052,"Choirios Nape","17-05-168","{""type"": ""GeometryCollection"", ""geometries"": [{""type"": ""Polygon"", ""coordinates"": [[[22.143588429711173, 36.94888471665877], [22.18624381440418, 36.95017414417967], [22.223199270082375, 36.95378608209073], [22.248155909035262, 36.960469507191235], [22.25775393867147, 36.96224967963566], [22.262659624143453, 36.98275144390442], [22.284975814421244, 36.99240306697337], [22.277683819340496, 36.9974822900312], [22.25528655397426, 36.98707795027782], [22.249117608796496, 36.96730110791651], [22.220231007097283, 36.9612590436016], [22.193853679994135, 36.956753242978635], [22.16522532799945, 36.956871930927164], [22.14004783897485, 36.95194522129127], [22.143588429711173, 36.94888471665877]]]}]}","mythic/historic site"
"4.18.5",1053,"Choirios Nape","18-05-168","{""type"": ""GeometryCollection"", ""geometries"": [{""type"": ""Polygon"", ""coordinates"": [[[22.143588429711173, 36.94888471665877], [22.18624381440418, 36.95017414417967], [22.223199270082375, 36.95378608209073], [22.248155909035262, 36.960469507191235], [22.25775393867147, 36.96224967963566], [22.262659624143453, 36.98275144390442], [22.284975814421244, 36.99240306697337], [22.277683819340496, 36.9974822900312], [22.25528655397426, 36.98707795027782], [22.249117608796496, 36.96730110791651], [22.220231007097283, 36.9612590436016], [22.193853679994135, 36.956753242978635], [22.16522532799945, 36.956871930927164], [22.14004783897485, 36.95194522129127], [22.143588429711173, 36.94888471665877]]]}]}","mythic/historic site"
"4.18.6",1054,"Choirios Nape","19-05-168","{""type"": ""GeometryCollection"", ""geometries"": [{""type"": ""Polygon"", ""coordinates"": [[[22.143588429711173, 36.94888471665877], [22.18624381440418, 36.95017414417967], [22.223199270082375, 36.95378608209073], [22.248155909035262, 36.960469507191235], [22.25775393867147, 36.96224967963566], [22.262659624143453, 36.98275144390442], [22.284975814421244, 36.99240306697337], [22.277683819340496, 36.9974822900312], [22.25528655397426, 36.98707795027782], [22.249117608796496, 36.96730110791651], [22.220231007097283, 36.9612590436016], [22.193853679994135, 36.956753242978635], [22.16522532799945, 36.956871930927164], [22.14004783897485, 36.95194522129127], [22.143588429711173, 36.94888471665877]]]}]}","mythic/historic site"
"4.18.7",1055,"Choirios Nape","20-05-168","{""type"": ""GeometryCollection"", ""geometries"": [{""type"": ""Polygon"", ""coordinates"": [[[22.143588429711173, 36.94888471665877], [22.18624381440418, 36.95017414417967], [22.223199270082375, 36.95378608209073], [22.248155909035262, 36.960469507191235], [22.25775393867147, 36.96224967963566], [22.262659624143453, 36.98275144390442], [22.284975814421244, 36.99240306697337], [22.277683819340496, 36.9974822900312], [22.25528655397426, 36.98707795027782], [22.249117608796496, 36.96730110791651], [22.220231007097283, 36.9612590436016], [22.193853679994135, 36.956753242978635], [22.16522532799945, 36.956871930927164], [22.14004783897485, 36.95194522129127], [22.143588429711173, 36.94888471665877]]]}]}","mythic/historic site"
"4.19.1",1056,"Choirios Nape","21-05-168","{""type"": ""GeometryCollection"", ""geometries"": [{""type"": ""Polygon"", ""coordinates"": [[[22.143588429711173, 36.94888471665877], [22.18624381440418, 36.95017414417967], [22.223199270082375, 36.95378608209073], [22.248155909035262, 36.960469507191235], [22.25775393867147, 36.96224967963566], [22.262659624143453, 36.98275144390442], [22.284975814421244, 36.99240306697337], [22.277683819340496, 36.9974822900312], [22.25528655397426, 36.98707795027782], [22.249117608796496, 36.96730110791651], [22.220231007097283, 36.9612590436016], [22.193853679994135, 36.956753242978635], [22.16522532799945, 36.956871930927164], [22.14004783897485, 36.95194522129127], [22.143588429711173, 36.94888471665877]]]}]}","mythic/historic site"
"4.19.2",1057,"Choirios Nape","22-05-168","{""type"": ""GeometryCollection"", ""geometries"": [{""type"": ""Polygon"", ""coordinates"": [[[22.143588429711173, 36.94888471665877], [22.18624381440418, 36.95017414417967], [22.223199270082375, 36.95378608209073], [22.248155909035262, 36.960469507191235], [22.25775393867147, 36.96224967963566], [22.262659624143453, 36.98275144390442], [22.284975814421244, 36.99240306697337], [22.277683819340496, 36.9974822900312], [22.25528655397426, 36.98707795027782], [22.249117608796496, 36.96730110791651], [22.220231007097283, 36.9612590436016], [22.193853679994135, 36.956753242978635], [22.16522532799945, 36.956871930927164], [22.14004783897485, 36.95194522129127], [22.143588429711173, 36.94888471665877]]]}]}","mythic/historic site"
"4.19.3",1058,"Choirios Nape","23-05-168","{""type"": ""GeometryCollection"", ""geometries"": [{""type"": ""Polygon"", ""coordinates"": [[[22.143588429711173, 36.94888471665877], [22.18624381440418, 36.95017414417967], [22.223199270082375, 36.95378608209073], [22.248155909035262, 36.960469507191235], [22.25775393867147, 36.96224967963566], [22.262659624143453, 36.98275144390442], [22.284975814421244, 36.99240306697337], [22.277683819340496, 36.9974822900312], [22.25528655397426, 36.98707795027782], [22.249117608796496, 36.96730110791651], [22.220231007097283, 36.9612590436016], [22.193853679994135, 36.956753242978635], [22.16522532799945, 36.956871930927164], [22.14004783897485, 36.95194522129127], [22.143588429711173, 36.94888471665877]]]}]}","mythic/historic site"
"4.19.4",1059,"Choirios Nape","24-05-168","{""type"": ""GeometryCollection"", ""geometries"": [{""type"": ""Polygon"", ""coordinates"": [[[22.143588429711173, 36.94888471665877], [22.18624381440418, 36.95017414417967], [22.223199270082375, 36.95378608209073], [22.248155909035262, 36.960469507191235], [22.25775393867147, 36.96224967963566], [22.262659624143453, 36.98275144390442], [22.284975814421244, 36.99240306697337], [22.277683819340496, 36.9974822900312], [22.25528655397426, 36.98707795027782], [22.249117608796496, 36.96730110791651], [22.220231007097283, 36.9612590436016], [22.193853679994135, 36.956753242978635], [22.16522532799945, 36.956871930927164], [22.14004783897485, 36.95194522129127], [22.143588429711173, 36.94888471665877]]]}]}","mythic/historic site"
"4.19.5",1060,"Choirios Nape","25-05-168","{""type"": ""GeometryCollection"", ""geometries"": [{""type"": ""Polygon"", ""coordinates"": [[[22.143588429711173, 36.94888471665877], [22.18624381440418, 36.95017414417967], [22.223199270082375, 36.95378608209073], [22.248155909035262, 36.960469507191235], [22.25775393867147, 36.96224967963566], [22.262659624143453, 36.98275144390442], [22.284975814421244, 36.99240306697337], [22.277683819340496, 36.9974822900312], [22.25528655397426, 36.98707795027782], [22.249117608796496, 36.96730110791651], [22.220231007097283, 36.9612590436016], [22.193853679994135, 36.956753242978635], [22.16522532799945, 36.956871930927164], [22.14004783897485, 36.95194522129127], [22.143588429711173, 36.94888471665877]]]}]}","mythic/historic site"
"4.19.6",1061,"Choirios Nape","26-05-168","{""type"": ""GeometryCollection"", ""geometries"": [{""type"": ""Polygon"", ""coordinates"": [[[22.143588429711173, 36.94888471665877], [22.18624381440418, 36.95017414417967], [22.223199270082375, 36.95378608209073], [22.248155909035262, 36.960469507191235], [22.25775393867147, 36.96224967963566], [22.262659624143453, 36.98275144390442], [22.284975814421244, 36.99240306697337], [22.277683819340496, 36.9974822900312], [22.25528655397426, 36.98707795027782], [22.249117608796496, 36.96730110791651], [22.220231007097283, 36.9612590436016], [22.193853679994135, 36.956753242978635], [22.16522532799945, 36.956871930927164], [22.14004783897485, 36.95194522129127], [22.143588429711173, 36.94888471665877]]]}]}","mythic/historic site"
"4.20.1",1062,"Choirios Nape","27-05-168","{""type"": ""GeometryCollection"", ""geometries"": [{""type"": ""Polygon"", ""coordinates"": [[[22.143588429711173, 36.94888471665877], [22.18624381440418, 36.95017414417967], [22.223199270082375, 36.95378608209073], [22.248155909035262, 36.960469507191235], [22.25775393867147, 36.96224967963566], [22.262659624143453, 36.98275144390442], [22.284975814421244, 36.99240306697337], [22.277683819340496, 36.9974822900312], [22.25528655397426, 36.98707795027782], [22.249117608796496, 36.96730110791651], [22.220231007097283, 36.9612590436016], [22.193853679994135, 36.956753242978635], [22.16522532799945, 36.956871930927164], [22.14004783897485, 36.95194522129127], [22.143588429711173, 36.94888471665877]]]}]}","mythic/historic site"
"4.20.2",1063,"Choirios Nape","28-05-168","{""type"": ""GeometryCollection"", ""geometries"": [{""type"": ""Polygon"", ""coordinates"": [[[22.143588429711173, 36.94888471665877], [22.18624381440418, 36.95017414417967], [22.223199270082375, 36.95378608209073], [22.248155909035262, 36.960469507191235], [22.25775393867147, 36.96224967963566], [22.262659624143453, 36.98275144390442], [22.284975814421244, 36.99240306697337], [22.277683819340496, 36.9974822900312], [22.25528655397426, 36.98707795027782], [22.249117608796496, 36.96730110791651], [22.220231007097283, 36.9612590436016], [22.193853679994135, 36.956753242978635], [22.16522532799945, 36.956871930927164], [22.14004783897485, 36.95194522129127], [22.143588429711173, 36.94888471665877]]]}]}","mythic/historic site"
"4.20.3",1064,"Choirios Nape","29-05-168","{""type"": ""GeometryCollection"", ""geometries"": [{""type"": ""Polygon"", ""coordinates"": [[[22.143588429711173, 36.94888471665877], [22.18624381440418, 36.95017414417967], [22.223199270082375, 36.95378608209073], [22.248155909035262, 36.960469507191235], [22.25775393867147, 36.96224967963566], [22.262659624143453, 36.98275144390442], [22.284975814421244, 36.99240306697337], [22.277683819340496, 36.9974822900312], [22.25528655397426, 36.98707795027782], [22.249117608796496, 36.96730110791651], [22.220231007097283, 36.9612590436016], [22.193853679994135, 36.956753242978635], [22.16522532799945, 36.956871930927164], [22.14004783897485, 36.95194522129127], [22.143588429711173, 36.94888471665877]]]}]}","mythic/historic site"
"4.20.4",1065,"Choirios Nape","30-05-168","{""type"": ""GeometryCollection"", ""geometries"": [{""type"": ""Polygon"", ""coordinates"": [[[22.143588429711173, 36.94888471665877], [22.18624381440418, 36.95017414417967], [22.223199270082375, 36.95378608209073], [22.248155909035262, 36.960469507191235], [22.25775393867147, 36.96224967963566], [22.262659624143453, 36.98275144390442], [22.284975814421244, 36.99240306697337], [22.277683819340496, 36.9974822900312], [22.25528655397426, 36.98707795027782], [22.249117608796496, 36.96730110791651], [22.220231007097283, 36.9612590436016], [22.193853679994135, 36.956753242978635], [22.16522532799945, 36.956871930927164], [22.14004783897485, 36.95194522129127], [22.143588429711173, 36.94888471665877]]]}]}","mythic/historic site"
"4.20.5",1066,"Choirios Nape","31-05-168","{""type"": ""GeometryCollection"", ""geometries"": [{""type"": ""Polygon"", ""coordinates"": [[[22.143588429711173, 36.94888471665877], [22.18624381440418, 36.95017414417967], [22.223199270082375, 36.95378608209073], [22.248155909035262, 36.960469507191235], [22.25775393867147, 36.96224967963566], [22.262659624143453, 36.98275144390442], [22.284975814421244, 36.99240306697337], [22.277683819340496, 36.9974822900312], [22.25528655397426, 36.98707795027782], [22.249117608796496, 36.96730110791651], [22.220231007097283, 36.9612590436016], [22.193853679994135, 36.956753242978635], [22.16522532799945, 36.956871930927164], [22.14004783897485, 36.95194522129127], [22.143588429711173, 36.94888471665877]]]}]}","mythic/historic site"
"4.20.6",1067,"Choirios Nape","01-06-168","{""type"": ""GeometryCollection"", ""geometries"": [{""type"": ""Polygon"", ""coordinates"": [[[22.143588429711173, 36.94888471665877], [22.18624381440418, 36.95017414417967], [22.223199270082375, 36.95378608209073], [22.248155909035262, 36.960469507191235], [22.25775393867147, 36.96224967963566], [22.262659624143453, 36.98275144390442], [22.284975814421244, 36.99240306697337], [22.277683819340496, 36.9974822900312], [22.25528655397426, 36.98707795027782], [22.249117608796496, 36.96730110791651], [22.220231007097283, 36.9612590436016], [22.193853679994135, 36.956753242978635], [22.16522532799945, 36.956871930927164], [22.14004783897485, 36.95194522129127], [22.143588429711173, 36.94888471665877]]]}]}","mythic/historic site"
"4.20.7",1068,"Choirios Nape","02-06-168","{""type"": ""GeometryCollection"", ""geometries"": [{""type"": ""Polygon"", ""coordinates"": [[[22.143588429711173, 36.94888471665877], [22.18624381440418, 36.95017414417967], [22.223199270082375, 36.95378608209073], [22.248155909035262, 36.960469507191235], [22.25775393867147, 36.96224967963566], [22.262659624143453, 36.98275144390442], [22.284975814421244, 36.99240306697337], [22.277683819340496, 36.9974822900312], [22.25528655397426, 36.98707795027782], [22.249117608796496, 36.96730110791651], [22.220231007097283, 36.9612590436016], [22.193853679994135, 36.956753242978635], [22.16522532799945, 36.956871930927164], [22.14004783897485, 36.95194522129127], [22.143588429711173, 36.94888471665877]]]}]}","mythic/historic site"
"4.20.8",1069,"Choirios Nape","03-06-168","{""type"": ""GeometryCollection"", ""geometries"": [{""type"": ""Polygon"", ""coordinates"": [[[22.143588429711173, 36.94888471665877], [22.18624381440418, 36.95017414417967], [22.223199270082375, 36.95378608209073], [22.248155909035262, 36.960469507191235], [22.25775393867147, 36.96224967963566], [22.262659624143453, 36.98275144390442], [22.284975814421244, 36.99240306697337], [22.277683819340496, 36.9974822900312], [22.25528655397426, 36.98707795027782], [22.249117608796496, 36.96730110791651], [22.220231007097283, 36.9612590436016], [22.193853679994135, 36.956753242978635], [22.16522532799945, 36.956871930927164], [22.14004783897485, 36.95194522129127], [22.143588429711173, 36.94888471665877]]]}]}","mythic/historic site"
"4.20.9",1070,"Choirios Nape","04-06-168","{""type"": ""GeometryCollection"", ""geometries"": [{""type"": ""Polygon"", ""coordinates"": [[[22.143588429711173, 36.94888471665877], [22.18624381440418, 36.95017414417967], [22.223199270082375, 36.95378608209073], [22.248155909035262, 36.960469507191235], [22.25775393867147, 36.96224967963566], [22.262659624143453, 36.98275144390442], [22.284975814421244, 36.99240306697337], [22.277683819340496, 36.9974822900312], [22.25528655397426, 36.98707795027782], [22.249117608796496, 36.96730110791651], [22.220231007097283, 36.9612590436016], [22.193853679994135, 36.956753242978635], [22.16522532799945, 36.956871930927164], [22.14004783897485, 36.95194522129127], [22.143588429711173, 36.94888471665877]]]}]}","mythic/historic site"
"4.20.10",1071,"Choirios Nape","05-06-168","{""type"": ""GeometryCollection"", ""geometries"": [{""type"": ""Polygon"", ""coordinates"": [[[22.143588429711173, 36.94888471665877], [22.18624381440418, 36.95017414417967], [22.223199270082375, 36.95378608209073], [22.248155909035262, 36.960469507191235], [22.25775393867147, 36.96224967963566], [22.262659624143453, 36.98275144390442], [22.284975814421244, 36.99240306697337], [22.277683819340496, 36.9974822900312], [22.25528655397426, 36.98707795027782], [22.249117608796496, 36.96730110791651], [22.220231007097283, 36.9612590436016], [22.193853679994135, 36.956753242978635], [22.16522532799945, 36.956871930927164], [22.14004783897485, 36.95194522129127], [22.143588429711173, 36.94888471665877]]]}]}","mythic/historic site"
"4.21.1",1072,"Choirios Nape","06-06-168","{""type"": ""GeometryCollection"", ""geometries"": [{""type"": ""Polygon"", ""coordinates"": [[[22.143588429711173, 36.94888471665877], [22.18624381440418, 36.95017414417967], [22.223199270082375, 36.95378608209073], [22.248155909035262, 36.960469507191235], [22.25775393867147, 36.96224967963566], [22.262659624143453, 36.98275144390442], [22.284975814421244, 36.99240306697337], [22.277683819340496, 36.9974822900312], [22.25528655397426, 36.98707795027782], [22.249117608796496, 36.96730110791651], [22.220231007097283, 36.9612590436016], [22.193853679994135, 36.956753242978635], [22.16522532799945, 36.956871930927164], [22.14004783897485, 36.95194522129127], [22.143588429711173, 36.94888471665877]]]}]}","mythic/historic site"
"4.21.2",1073,"Choirios Nape","07-06-168","{""type"": ""GeometryCollection"", ""geometries"": [{""type"": ""Polygon"", ""coordinates"": [[[22.143588429711173, 36.94888471665877], [22.18624381440418, 36.95017414417967], [22.223199270082375, 36.95378608209073], [22.248155909035262, 36.960469507191235], [22.25775393867147, 36.96224967963566], [22.262659624143453, 36.98275144390442], [22.284975814421244, 36.99240306697337], [22.277683819340496, 36.9974822900312], [22.25528655397426, 36.98707795027782], [22.249117608796496, 36.96730110791651], [22.220231007097283, 36.9612590436016], [22.193853679994135, 36.956753242978635], [22.16522532799945, 36.956871930927164], [22.14004783897485, 36.95194522129127], [22.143588429711173, 36.94888471665877]]]}]}","mythic/historic site"
"4.21.3",1074,"Choirios Nape","08-06-168","{""type"": ""GeometryCollection"", ""geometries"": [{""type"": ""Polygon"", ""coordinates"": [[[22.143588429711173, 36.94888471665877], [22.18624381440418, 36.95017414417967], [22.223199270082375, 36.95378608209073], [22.248155909035262, 36.960469507191235], [22.25775393867147, 36.96224967963566], [22.262659624143453, 36.98275144390442], [22.284975814421244, 36.99240306697337], [22.277683819340496, 36.9974822900312], [22.25528655397426, 36.98707795027782], [22.249117608796496, 36.96730110791651], [22.220231007097283, 36.9612590436016], [22.193853679994135, 36.956753242978635], [22.16522532799945, 36.956871930927164], [22.14004783897485, 36.95194522129127], [22.143588429711173, 36.94888471665877]]]}]}","mythic/historic site"
"4.21.4",1075,"Choirios Nape","09-06-168","{""type"": ""GeometryCollection"", ""geometries"": [{""type"": ""Polygon"", ""coordinates"": [[[22.143588429711173, 36.94888471665877], [22.18624381440418, 36.95017414417967], [22.223199270082375, 36.95378608209073], [22.248155909035262, 36.960469507191235], [22.25775393867147, 36.96224967963566], [22.262659624143453, 36.98275144390442], [22.284975814421244, 36.99240306697337], [22.277683819340496, 36.9974822900312], [22.25528655397426, 36.98707795027782], [22.249117608796496, 36.96730110791651], [22.220231007097283, 36.9612590436016], [22.193853679994135, 36.956753242978635], [22.16522532799945, 36.956871930927164], [22.14004783897485, 36.95194522129127], [22.143588429711173, 36.94888471665877]]]}]}","mythic/historic site"
"4.21.5",1076,"Choirios Nape","10-06-168","{""type"": ""GeometryCollection"", ""geometries"": [{""type"": ""Polygon"", ""coordinates"": [[[22.143588429711173, 36.94888471665877], [22.18624381440418, 36.95017414417967], [22.223199270082375, 36.95378608209073], [22.248155909035262, 36.960469507191235], [22.25775393867147, 36.96224967963566], [22.262659624143453, 36.98275144390442], [22.284975814421244, 36.99240306697337], [22.277683819340496, 36.9974822900312], [22.25528655397426, 36.98707795027782], [22.249117608796496, 36.96730110791651], [22.220231007097283, 36.9612590436016], [22.193853679994135, 36.956753242978635], [22.16522532799945, 36.956871930927164], [22.14004783897485, 36.95194522129127], [22.143588429711173, 36.94888471665877]]]}]}","mythic/historic site"
"4.21.6",1077,"Choirios Nape","11-06-168","{""type"": ""GeometryCollection"", ""geometries"": [{""type"": ""Polygon"", ""coordinates"": [[[22.143588429711173, 36.94888471665877], [22.18624381440418, 36.95017414417967], [22.223199270082375, 36.95378608209073], [22.248155909035262, 36.960469507191235], [22.25775393867147, 36.96224967963566], [22.262659624143453, 36.98275144390442], [22.284975814421244, 36.99240306697337], [22.277683819340496, 36.9974822900312], [22.25528655397426, 36.98707795027782], [22.249117608796496, 36.96730110791651], [22.220231007097283, 36.9612590436016], [22.193853679994135, 36.956753242978635], [22.16522532799945, 36.956871930927164], [22.14004783897485, 36.95194522129127], [22.143588429711173, 36.94888471665877]]]}]}","mythic/historic site"
"4.21.7",1078,"Choirios Nape","12-06-168","{""type"": ""GeometryCollection"", ""geometries"": [{""type"": ""Polygon"", ""coordinates"": [[[22.143588429711173, 36.94888471665877], [22.18624381440418, 36.95017414417967], [22.223199270082375, 36.95378608209073], [22.248155909035262, 36.960469507191235], [22.25775393867147, 36.96224967963566], [22.262659624143453, 36.98275144390442], [22.284975814421244, 36.99240306697337], [22.277683819340496, 36.9974822900312], [22.25528655397426, 36.98707795027782], [22.249117608796496, 36.96730110791651], [22.220231007097283, 36.9612590436016], [22.193853679994135, 36.956753242978635], [22.16522532799945, 36.956871930927164], [22.14004783897485, 36.95194522129127], [22.143588429711173, 36.94888471665877]]]}]}","mythic/historic site"
"4.21.8",1079,"Choirios Nape","13-06-168","{""type"": ""GeometryCollection"", ""geometries"": [{""type"": ""Polygon"", ""coordinates"": [[[22.143588429711173, 36.94888471665877], [22.18624381440418, 36.95017414417967], [22.223199270082375, 36.95378608209073], [22.248155909035262, 36.960469507191235], [22.25775393867147, 36.96224967963566], [22.262659624143453, 36.98275144390442], [22.284975814421244, 36.99240306697337], [22.277683819340496, 36.9974822900312], [22.25528655397426, 36.98707795027782], [22.249117608796496, 36.96730110791651], [22.220231007097283, 36.9612590436016], [22.193853679994135, 36.956753242978635], [22.16522532799945, 36.956871930927164], [22.14004783897485, 36.95194522129127], [22.143588429711173, 36.94888471665877]]]}]}","mythic/historic site"
"4.21.9",1080,"Choirios Nape","14-06-168","{""type"": ""GeometryCollection"", ""geometries"": [{""type"": ""Polygon"", ""coordinates"": [[[22.143588429711173, 36.94888471665877], [22.18624381440418, 36.95017414417967], [22.223199270082375, 36.95378608209073], [22.248155909035262, 36.960469507191235], [22.25775393867147, 36.96224967963566], [22.262659624143453, 36.98275144390442], [22.284975814421244, 36.99240306697337], [22.277683819340496, 36.9974822900312], [22.25528655397426, 36.98707795027782], [22.249117608796496, 36.96730110791651], [22.220231007097283, 36.9612590436016], [22.193853679994135, 36.956753242978635], [22.16522532799945, 36.956871930927164], [22.14004783897485, 36.95194522129127], [22.143588429711173, 36.94888471665877]]]}]}","mythic/historic site"
"4.21.10",1081,"Choirios Nape","15-06-168","{""type"": ""GeometryCollection"", ""geometries"": [{""type"": ""Polygon"", ""coordinates"": [[[22.143588429711173, 36.94888471665877], [22.18624381440418, 36.95017414417967], [22.223199270082375, 36.95378608209073], [22.248155909035262, 36.960469507191235], [22.25775393867147, 36.96224967963566], [22.262659624143453, 36.98275144390442], [22.284975814421244, 36.99240306697337], [22.277683819340496, 36.9974822900312], [22.25528655397426, 36.98707795027782], [22.249117608796496, 36.96730110791651], [22.220231007097283, 36.9612590436016], [22.193853679994135, 36.956753242978635], [22.16522532799945, 36.956871930927164], [22.14004783897485, 36.95194522129127], [22.143588429711173, 36.94888471665877]]]}]}","mythic/historic site"
"4.21.11",1082,"Choirios Nape","16-06-168","{""type"": ""GeometryCollection"", ""geometries"": [{""type"": ""Polygon"", ""coordinates"": [[[22.143588429711173, 36.94888471665877], [22.18624381440418, 36.95017414417967], [22.223199270082375, 36.95378608209073], [22.248155909035262, 36.960469507191235], [22.25775393867147, 36.96224967963566], [22.262659624143453, 36.98275144390442], [22.284975814421244, 36.99240306697337], [22.277683819340496, 36.9974822900312], [22.25528655397426, 36.98707795027782], [22.249117608796496, 36.96730110791651], [22.220231007097283, 36.9612590436016], [22.193853679994135, 36.956753242978635], [22.16522532799945, 36.956871930927164], [22.14004783897485, 36.95194522129127], [22.143588429711173, 36.94888471665877]]]}]}","mythic/historic site"
"4.21.12",1083,"Choirios Nape","17-06-168","{""type"": ""GeometryCollection"", ""geometries"": [{""type"": ""Polygon"", ""coordinates"": [[[22.143588429711173, 36.94888471665877], [22.18624381440418, 36.95017414417967], [22.223199270082375, 36.95378608209073], [22.248155909035262, 36.960469507191235], [22.25775393867147, 36.96224967963566], [22.262659624143453, 36.98275144390442], [22.284975814421244, 36.99240306697337], [22.277683819340496, 36.9974822900312], [22.25528655397426, 36.98707795027782], [22.249117608796496, 36.96730110791651], [22.220231007097283, 36.9612590436016], [22.193853679994135, 36.956753242978635], [22.16522532799945, 36.956871930927164], [22.14004783897485, 36.95194522129127], [22.143588429711173, 36.94888471665877]]]}]}","mythic/historic site"
"4.22.1",1084,"Choirios Nape","18-06-168","{""type"": ""GeometryCollection"", ""geometries"": [{""type"": ""Polygon"", ""coordinates"": [[[22.143588429711173, 36.94888471665877], [22.18624381440418, 36.95017414417967], [22.223199270082375, 36.95378608209073], [22.248155909035262, 36.960469507191235], [22.25775393867147, 36.96224967963566], [22.262659624143453, 36.98275144390442], [22.284975814421244, 36.99240306697337], [22.277683819340496, 36.9974822900312], [22.25528655397426, 36.98707795027782], [22.249117608796496, 36.96730110791651], [22.220231007097283, 36.9612590436016], [22.193853679994135, 36.956753242978635], [22.16522532799945, 36.956871930927164], [22.14004783897485, 36.95194522129127], [22.143588429711173, 36.94888471665877]]]}]}","mythic/historic site"
"4.22.2",1085,"Choirios Nape","19-06-168","{""type"": ""GeometryCollection"", ""geometries"": [{""type"": ""Polygon"", ""coordinates"": [[[22.143588429711173, 36.94888471665877], [22.18624381440418, 36.95017414417967], [22.223199270082375, 36.95378608209073], [22.248155909035262, 36.960469507191235], [22.25775393867147, 36.96224967963566], [22.262659624143453, 36.98275144390442], [22.284975814421244, 36.99240306697337], [22.277683819340496, 36.9974822900312], [22.25528655397426, 36.98707795027782], [22.249117608796496, 36.96730110791651], [22.220231007097283, 36.9612590436016], [22.193853679994135, 36.956753242978635], [22.16522532799945, 36.956871930927164], [22.14004783897485, 36.95194522129127], [22.143588429711173, 36.94888471665877]]]}]}","mythic/historic site"
"4.22.3",1086,"Choirios Nape","20-06-168","{""type"": ""GeometryCollection"", ""geometries"": [{""type"": ""Polygon"", ""coordinates"": [[[22.143588429711173, 36.94888471665877], [22.18624381440418, 36.95017414417967], [22.223199270082375, 36.95378608209073], [22.248155909035262, 36.960469507191235], [22.25775393867147, 36.96224967963566], [22.262659624143453, 36.98275144390442], [22.284975814421244, 36.99240306697337], [22.277683819340496, 36.9974822900312], [22.25528655397426, 36.98707795027782], [22.249117608796496, 36.96730110791651], [22.220231007097283, 36.9612590436016], [22.193853679994135, 36.956753242978635], [22.16522532799945, 36.956871930927164], [22.14004783897485, 36.95194522129127], [22.143588429711173, 36.94888471665877]]]}]}","mythic/historic site"
"4.22.4",1087,"Choirios Nape","21-06-168","{""type"": ""GeometryCollection"", ""geometries"": [{""type"": ""Polygon"", ""coordinates"": [[[22.143588429711173, 36.94888471665877], [22.18624381440418, 36.95017414417967], [22.223199270082375, 36.95378608209073], [22.248155909035262, 36.960469507191235], [22.25775393867147, 36.96224967963566], [22.262659624143453, 36.98275144390442], [22.284975814421244, 36.99240306697337], [22.277683819340496, 36.9974822900312], [22.25528655397426, 36.98707795027782], [22.249117608796496, 36.96730110791651], [22.220231007097283, 36.9612590436016], [22.193853679994135, 36.956753242978635], [22.16522532799945, 36.956871930927164], [22.14004783897485, 36.95194522129127], [22.143588429711173, 36.94888471665877]]]}]}","mythic/historic site"
"4.22.5",1088,"Choirios Nape","22-06-168","{""type"": ""GeometryCollection"", ""geometries"": [{""type"": ""Polygon"", ""coordinates"": [[[22.143588429711173, 36.94888471665877], [22.18624381440418, 36.95017414417967], [22.223199270082375, 36.95378608209073], [22.248155909035262, 36.960469507191235], [22.25775393867147, 36.96224967963566], [22.262659624143453, 36.98275144390442], [22.284975814421244, 36.99240306697337], [22.277683819340496, 36.9974822900312], [22.25528655397426, 36.98707795027782], [22.249117608796496, 36.96730110791651], [22.220231007097283, 36.9612590436016], [22.193853679994135, 36.956753242978635], [22.16522532799945, 36.956871930927164], [22.14004783897485, 36.95194522129127], [22.143588429711173, 36.94888471665877]]]}]}","mythic/historic site"
"4.22.6",1089,"Choirios Nape","23-06-168","{""type"": ""GeometryCollection"", ""geometries"": [{""type"": ""Polygon"", ""coordinates"": [[[22.143588429711173, 36.94888471665877], [22.18624381440418, 36.95017414417967], [22.223199270082375, 36.95378608209073], [22.248155909035262, 36.960469507191235], [22.25775393867147, 36.96224967963566], [22.262659624143453, 36.98275144390442], [22.284975814421244, 36.99240306697337], [22.277683819340496, 36.9974822900312], [22.25528655397426, 36.98707795027782], [22.249117608796496, 36.96730110791651], [22.220231007097283, 36.9612590436016], [22.193853679994135, 36.956753242978635], [22.16522532799945, 36.956871930927164], [22.14004783897485, 36.95194522129127], [22.143588429711173, 36.94888471665877]]]}]}","mythic/historic site"
"4.22.7",1090,"Choirios Nape","24-06-168","{""type"": ""GeometryCollection"", ""geometries"": [{""type"": ""Polygon"", ""coordinates"": [[[22.143588429711173, 36.94888471665877], [22.18624381440418, 36.95017414417967], [22.223199270082375, 36.95378608209073], [22.248155909035262, 36.960469507191235], [22.25775393867147, 36.96224967963566], [22.262659624143453, 36.98275144390442], [22.284975814421244, 36.99240306697337], [22.277683819340496, 36.9974822900312], [22.25528655397426, 36.98707795027782], [22.249117608796496, 36.96730110791651], [22.220231007097283, 36.9612590436016], [22.193853679994135, 36.956753242978635], [22.16522532799945, 36.956871930927164], [22.14004783897485, 36.95194522129127], [22.143588429711173, 36.94888471665877]]]}]}","mythic/historic site"
"4.23.1",1091,"Choirios Nape","25-06-168","{""type"": ""GeometryCollection"", ""geometries"": [{""type"": ""Polygon"", ""coordinates"": [[[22.143588429711173, 36.94888471665877], [22.18624381440418, 36.95017414417967], [22.223199270082375, 36.95378608209073], [22.248155909035262, 36.960469507191235], [22.25775393867147, 36.96224967963566], [22.262659624143453, 36.98275144390442], [22.284975814421244, 36.99240306697337], [22.277683819340496, 36.9974822900312], [22.25528655397426, 36.98707795027782], [22.249117608796496, 36.96730110791651], [22.220231007097283, 36.9612590436016], [22.193853679994135, 36.956753242978635], [22.16522532799945, 36.956871930927164], [22.14004783897485, 36.95194522129127], [22.143588429711173, 36.94888471665877]]]}]}","mythic/historic site"
"4.23.2",1092,"Choirios Nape","26-06-168","{""type"": ""GeometryCollection"", ""geometries"": [{""type"": ""Polygon"", ""coordinates"": [[[22.143588429711173, 36.94888471665877], [22.18624381440418, 36.95017414417967], [22.223199270082375, 36.95378608209073], [22.248155909035262, 36.960469507191235], [22.25775393867147, 36.96224967963566], [22.262659624143453, 36.98275144390442], [22.284975814421244, 36.99240306697337], [22.277683819340496, 36.9974822900312], [22.25528655397426, 36.98707795027782], [22.249117608796496, 36.96730110791651], [22.220231007097283, 36.9612590436016], [22.193853679994135, 36.956753242978635], [22.16522532799945, 36.956871930927164], [22.14004783897485, 36.95194522129127], [22.143588429711173, 36.94888471665877]]]}]}","mythic/historic site"
"4.23.3",1093,"Choirios Nape","27-06-168","{""type"": ""GeometryCollection"", ""geometries"": [{""type"": ""Polygon"", ""coordinates"": [[[22.143588429711173, 36.94888471665877], [22.18624381440418, 36.95017414417967], [22.223199270082375, 36.95378608209073], [22.248155909035262, 36.960469507191235], [22.25775393867147, 36.96224967963566], [22.262659624143453, 36.98275144390442], [22.284975814421244, 36.99240306697337], [22.277683819340496, 36.9974822900312], [22.25528655397426, 36.98707795027782], [22.249117608796496, 36.96730110791651], [22.220231007097283, 36.9612590436016], [22.193853679994135, 36.956753242978635], [22.16522532799945, 36.956871930927164], [22.14004783897485, 36.95194522129127], [22.143588429711173, 36.94888471665877]]]}]}","mythic/historic site"
"4.23.4",1094,"Choirios Nape","28-06-168","{""type"": ""GeometryCollection"", ""geometries"": [{""type"": ""Polygon"", ""coordinates"": [[[22.143588429711173, 36.94888471665877], [22.18624381440418, 36.95017414417967], [22.223199270082375, 36.95378608209073], [22.248155909035262, 36.960469507191235], [22.25775393867147, 36.96224967963566], [22.262659624143453, 36.98275144390442], [22.284975814421244, 36.99240306697337], [22.277683819340496, 36.9974822900312], [22.25528655397426, 36.98707795027782], [22.249117608796496, 36.96730110791651], [22.220231007097283, 36.9612590436016], [22.193853679994135, 36.956753242978635], [22.16522532799945, 36.956871930927164], [22.14004783897485, 36.95194522129127], [22.143588429711173, 36.94888471665877]]]}]}","mythic/historic site"
"4.23.5",1095,"Choirios Nape","29-06-168","{""type"": ""GeometryCollection"", ""geometries"": [{""type"": ""Polygon"", ""coordinates"": [[[22.143588429711173, 36.94888471665877], [22.18624381440418, 36.95017414417967], [22.223199270082375, 36.95378608209073], [22.248155909035262, 36.960469507191235], [22.25775393867147, 36.96224967963566], [22.262659624143453, 36.98275144390442], [22.284975814421244, 36.99240306697337], [22.277683819340496, 36.9974822900312], [22.25528655397426, 36.98707795027782], [22.249117608796496, 36.96730110791651], [22.220231007097283, 36.9612590436016], [22.193853679994135, 36.956753242978635], [22.16522532799945, 36.956871930927164], [22.14004783897485, 36.95194522129127], [22.143588429711173, 36.94888471665877]]]}]}","mythic/historic site"
"4.23.6",1096,"Choirios Nape","30-06-168","{""type"": ""GeometryCollection"", ""geometries"": [{""type"": ""Polygon"", ""coordinates"": [[[22.143588429711173, 36.94888471665877], [22.18624381440418, 36.95017414417967], [22.223199270082375, 36.95378608209073], [22.248155909035262, 36.960469507191235], [22.25775393867147, 36.96224967963566], [22.262659624143453, 36.98275144390442], [22.284975814421244, 36.99240306697337], [22.277683819340496, 36.9974822900312], [22.25528655397426, 36.98707795027782], [22.249117608796496, 36.96730110791651], [22.220231007097283, 36.9612590436016], [22.193853679994135, 36.956753242978635], [22.16522532799945, 36.956871930927164], [22.14004783897485, 36.95194522129127], [22.143588429711173, 36.94888471665877]]]}]}","mythic/historic site"
"4.23.7",1097,"Choirios Nape","01-07-168","{""type"": ""GeometryCollection"", ""geometries"": [{""type"": ""Polygon"", ""coordinates"": [[[22.143588429711173, 36.94888471665877], [22.18624381440418, 36.95017414417967], [22.223199270082375, 36.95378608209073], [22.248155909035262, 36.960469507191235], [22.25775393867147, 36.96224967963566], [22.262659624143453, 36.98275144390442], [22.284975814421244, 36.99240306697337], [22.277683819340496, 36.9974822900312], [22.25528655397426, 36.98707795027782], [22.249117608796496, 36.96730110791651], [22.220231007097283, 36.9612590436016], [22.193853679994135, 36.956753242978635], [22.16522532799945, 36.956871930927164], [22.14004783897485, 36.95194522129127], [22.143588429711173, 36.94888471665877]]]}]}","mythic/historic site"
"4.23.8",1098,"Choirios Nape","02-07-168","{""type"": ""GeometryCollection"", ""geometries"": [{""type"": ""Polygon"", ""coordinates"": [[[22.143588429711173, 36.94888471665877], [22.18624381440418, 36.95017414417967], [22.223199270082375, 36.95378608209073], [22.248155909035262, 36.960469507191235], [22.25775393867147, 36.96224967963566], [22.262659624143453, 36.98275144390442], [22.284975814421244, 36.99240306697337], [22.277683819340496, 36.9974822900312], [22.25528655397426, 36.98707795027782], [22.249117608796496, 36.96730110791651], [22.220231007097283, 36.9612590436016], [22.193853679994135, 36.956753242978635], [22.16522532799945, 36.956871930927164], [22.14004783897485, 36.95194522129127], [22.143588429711173, 36.94888471665877]]]}]}","mythic/historic site"
"4.23.9",1099,"Choirios Nape","03-07-168","{""type"": ""GeometryCollection"", ""geometries"": [{""type"": ""Polygon"", ""coordinates"": [[[22.143588429711173, 36.94888471665877], [22.18624381440418, 36.95017414417967], [22.223199270082375, 36.95378608209073], [22.248155909035262, 36.960469507191235], [22.25775393867147, 36.96224967963566], [22.262659624143453, 36.98275144390442], [22.284975814421244, 36.99240306697337], [22.277683819340496, 36.9974822900312], [22.25528655397426, 36.98707795027782], [22.249117608796496, 36.96730110791651], [22.220231007097283, 36.9612590436016], [22.193853679994135, 36.956753242978635], [22.16522532799945, 36.956871930927164], [22.14004783897485, 36.95194522129127], [22.143588429711173, 36.94888471665877]]]}]}","mythic/historic site"
"4.23.10",1100,"Choirios Nape","04-07-168","{""type"": ""GeometryCollection"", ""geometries"": [{""type"": ""Polygon"", ""coordinates"": [[[22.143588429711173, 36.94888471665877], [22.18624381440418, 36.95017414417967], [22.223199270082375, 36.95378608209073], [22.248155909035262, 36.960469507191235], [22.25775393867147, 36.96224967963566], [22.262659624143453, 36.98275144390442], [22.284975814421244, 36.99240306697337], [22.277683819340496, 36.9974822900312], [22.25528655397426, 36.98707795027782], [22.249117608796496, 36.96730110791651], [22.220231007097283, 36.9612590436016], [22.193853679994135, 36.956753242978635], [22.16522532799945, 36.956871930927164], [22.14004783897485, 36.95194522129127], [22.143588429711173, 36.94888471665877]]]}]}","mythic/historic site"
"4.24.1",1101,"Choirios Nape","05-07-168","{""type"": ""GeometryCollection"", ""geometries"": [{""type"": ""Polygon"", ""coordinates"": [[[22.143588429711173, 36.94888471665877], [22.18624381440418, 36.95017414417967], [22.223199270082375, 36.95378608209073], [22.248155909035262, 36.960469507191235], [22.25775393867147, 36.96224967963566], [22.262659624143453, 36.98275144390442], [22.284975814421244, 36.99240306697337], [22.277683819340496, 36.9974822900312], [22.25528655397426, 36.98707795027782], [22.249117608796496, 36.96730110791651], [22.220231007097283, 36.9612590436016], [22.193853679994135, 36.956753242978635], [22.16522532799945, 36.956871930927164], [22.14004783897485, 36.95194522129127], [22.143588429711173, 36.94888471665877]]]}]}","mythic/historic site"
"4.24.2",1102,"Choirios Nape","06-07-168","{""type"": ""GeometryCollection"", ""geometries"": [{""type"": ""Polygon"", ""coordinates"": [[[22.143588429711173, 36.94888471665877], [22.18624381440418, 36.95017414417967], [22.223199270082375, 36.95378608209073], [22.248155909035262, 36.960469507191235], [22.25775393867147, 36.96224967963566], [22.262659624143453, 36.98275144390442], [22.284975814421244, 36.99240306697337], [22.277683819340496, 36.9974822900312], [22.25528655397426, 36.98707795027782], [22.249117608796496, 36.96730110791651], [22.220231007097283, 36.9612590436016], [22.193853679994135, 36.956753242978635], [22.16522532799945, 36.956871930927164], [22.14004783897485, 36.95194522129127], [22.143588429711173, 36.94888471665877]]]}]}","mythic/historic site"
"4.24.3",1103,"Choirios Nape","07-07-168","{""type"": ""GeometryCollection"", ""geometries"": [{""type"": ""Polygon"", ""coordinates"": [[[22.143588429711173, 36.94888471665877], [22.18624381440418, 36.95017414417967], [22.223199270082375, 36.95378608209073], [22.248155909035262, 36.960469507191235], [22.25775393867147, 36.96224967963566], [22.262659624143453, 36.98275144390442], [22.284975814421244, 36.99240306697337], [22.277683819340496, 36.9974822900312], [22.25528655397426, 36.98707795027782], [22.249117608796496, 36.96730110791651], [22.220231007097283, 36.9612590436016], [22.193853679994135, 36.956753242978635], [22.16522532799945, 36.956871930927164], [22.14004783897485, 36.95194522129127], [22.143588429711173, 36.94888471665877]]]}]}","mythic/historic site"
"4.24.4",1104,"Choirios Nape","08-07-168","{""type"": ""GeometryCollection"", ""geometries"": [{""type"": ""Polygon"", ""coordinates"": [[[22.143588429711173, 36.94888471665877], [22.18624381440418, 36.95017414417967], [22.223199270082375, 36.95378608209073], [22.248155909035262, 36.960469507191235], [22.25775393867147, 36.96224967963566], [22.262659624143453, 36.98275144390442], [22.284975814421244, 36.99240306697337], [22.277683819340496, 36.9974822900312], [22.25528655397426, 36.98707795027782], [22.249117608796496, 36.96730110791651], [22.220231007097283, 36.9612590436016], [22.193853679994135, 36.956753242978635], [22.16522532799945, 36.956871930927164], [22.14004783897485, 36.95194522129127], [22.143588429711173, 36.94888471665877]]]}]}","mythic/historic site"
"4.24.5",1105,"Choirios Nape","09-07-168","{""type"": ""GeometryCollection"", ""geometries"": [{""type"": ""Polygon"", ""coordinates"": [[[22.143588429711173, 36.94888471665877], [22.18624381440418, 36.95017414417967], [22.223199270082375, 36.95378608209073], [22.248155909035262, 36.960469507191235], [22.25775393867147, 36.96224967963566], [22.262659624143453, 36.98275144390442], [22.284975814421244, 36.99240306697337], [22.277683819340496, 36.9974822900312], [22.25528655397426, 36.98707795027782], [22.249117608796496, 36.96730110791651], [22.220231007097283, 36.9612590436016], [22.193853679994135, 36.956753242978635], [22.16522532799945, 36.956871930927164], [22.14004783897485, 36.95194522129127], [22.143588429711173, 36.94888471665877]]]}]}","mythic/historic site"
"4.24.6",1106,"Choirios Nape","10-07-168","{""type"": ""GeometryCollection"", ""geometries"": [{""type"": ""Polygon"", ""coordinates"": [[[22.143588429711173, 36.94888471665877], [22.18624381440418, 36.95017414417967], [22.223199270082375, 36.95378608209073], [22.248155909035262, 36.960469507191235], [22.25775393867147, 36.96224967963566], [22.262659624143453, 36.98275144390442], [22.284975814421244, 36.99240306697337], [22.277683819340496, 36.9974822900312], [22.25528655397426, 36.98707795027782], [22.249117608796496, 36.96730110791651], [22.220231007097283, 36.9612590436016], [22.193853679994135, 36.956753242978635], [22.16522532799945, 36.956871930927164], [22.14004783897485, 36.95194522129127], [22.143588429711173, 36.94888471665877]]]}]}","mythic/historic site"
"4.24.7",1107,"Choirios Nape","11-07-168","{""type"": ""GeometryCollection"", ""geometries"": [{""type"": ""Polygon"", ""coordinates"": [[[22.143588429711173, 36.94888471665877], [22.18624381440418, 36.95017414417967], [22.223199270082375, 36.95378608209073], [22.248155909035262, 36.960469507191235], [22.25775393867147, 36.96224967963566], [22.262659624143453, 36.98275144390442], [22.284975814421244, 36.99240306697337], [22.277683819340496, 36.9974822900312], [22.25528655397426, 36.98707795027782], [22.249117608796496, 36.96730110791651], [22.220231007097283, 36.9612590436016], [22.193853679994135, 36.956753242978635], [22.16522532799945, 36.956871930927164], [22.14004783897485, 36.95194522129127], [22.143588429711173, 36.94888471665877]]]}]}","mythic/historic site"
"4.25.1",1108,"Choirios Nape","12-07-168","{""type"": ""GeometryCollection"", ""geometries"": [{""type"": ""Polygon"", ""coordinates"": [[[22.143588429711173, 36.94888471665877], [22.18624381440418, 36.95017414417967], [22.223199270082375, 36.95378608209073], [22.248155909035262, 36.960469507191235], [22.25775393867147, 36.96224967963566], [22.262659624143453, 36.98275144390442], [22.284975814421244, 36.99240306697337], [22.277683819340496, 36.9974822900312], [22.25528655397426, 36.98707795027782], [22.249117608796496, 36.96730110791651], [22.220231007097283, 36.9612590436016], [22.193853679994135, 36.956753242978635], [22.16522532799945, 36.956871930927164], [22.14004783897485, 36.95194522129127], [22.143588429711173, 36.94888471665877]]]}]}","mythic/historic site"
"4.25.2",1109,"Choirios Nape","13-07-168","{""type"": ""GeometryCollection"", ""geometries"": [{""type"": ""Polygon"", ""coordinates"": [[[22.143588429711173, 36.94888471665877], [22.18624381440418, 36.95017414417967], [22.223199270082375, 36.95378608209073], [22.248155909035262, 36.960469507191235], [22.25775393867147, 36.96224967963566], [22.262659624143453, 36.98275144390442], [22.284975814421244, 36.99240306697337], [22.277683819340496, 36.9974822900312], [22.25528655397426, 36.98707795027782], [22.249117608796496, 36.96730110791651], [22.220231007097283, 36.9612590436016], [22.193853679994135, 36.956753242978635], [22.16522532799945, 36.956871930927164], [22.14004783897485, 36.95194522129127], [22.143588429711173, 36.94888471665877]]]}]}","mythic/historic site"
"4.25.3",1110,"Choirios Nape","14-07-168","{""type"": ""GeometryCollection"", ""geometries"": [{""type"": ""Polygon"", ""coordinates"": [[[22.143588429711173, 36.94888471665877], [22.18624381440418, 36.95017414417967], [22.223199270082375, 36.95378608209073], [22.248155909035262, 36.960469507191235], [22.25775393867147, 36.96224967963566], [22.262659624143453, 36.98275144390442], [22.284975814421244, 36.99240306697337], [22.277683819340496, 36.9974822900312], [22.25528655397426, 36.98707795027782], [22.249117608796496, 36.96730110791651], [22.220231007097283, 36.9612590436016], [22.193853679994135, 36.956753242978635], [22.16522532799945, 36.956871930927164], [22.14004783897485, 36.95194522129127], [22.143588429711173, 36.94888471665877]]]}]}","mythic/historic site"
"4.25.4",1111,"Choirios Nape","15-07-168","{""type"": ""GeometryCollection"", ""geometries"": [{""type"": ""Polygon"", ""coordinates"": [[[22.143588429711173, 36.94888471665877], [22.18624381440418, 36.95017414417967], [22.223199270082375, 36.95378608209073], [22.248155909035262, 36.960469507191235], [22.25775393867147, 36.96224967963566], [22.262659624143453, 36.98275144390442], [22.284975814421244, 36.99240306697337], [22.277683819340496, 36.9974822900312], [22.25528655397426, 36.98707795027782], [22.249117608796496, 36.96730110791651], [22.220231007097283, 36.9612590436016], [22.193853679994135, 36.956753242978635], [22.16522532799945, 36.956871930927164], [22.14004783897485, 36.95194522129127], [22.143588429711173, 36.94888471665877]]]}]}","mythic/historic site"
"4.25.5",1112,"Choirios Nape","16-07-168","{""type"": ""GeometryCollection"", ""geometries"": [{""type"": ""Polygon"", ""coordinates"": [[[22.143588429711173, 36.94888471665877], [22.18624381440418, 36.95017414417967], [22.223199270082375, 36.95378608209073], [22.248155909035262, 36.960469507191235], [22.25775393867147, 36.96224967963566], [22.262659624143453, 36.98275144390442], [22.284975814421244, 36.99240306697337], [22.277683819340496, 36.9974822900312], [22.25528655397426, 36.98707795027782], [22.249117608796496, 36.96730110791651], [22.220231007097283, 36.9612590436016], [22.193853679994135, 36.956753242978635], [22.16522532799945, 36.956871930927164], [22.14004783897485, 36.95194522129127], [22.143588429711173, 36.94888471665877]]]}]}","mythic/historic site"
"4.25.6",1113,"Choirios Nape","17-07-168","{""type"": ""GeometryCollection"", ""geometries"": [{""type"": ""Polygon"", ""coordinates"": [[[22.143588429711173, 36.94888471665877], [22.18624381440418, 36.95017414417967], [22.223199270082375, 36.95378608209073], [22.248155909035262, 36.960469507191235], [22.25775393867147, 36.96224967963566], [22.262659624143453, 36.98275144390442], [22.284975814421244, 36.99240306697337], [22.277683819340496, 36.9974822900312], [22.25528655397426, 36.98707795027782], [22.249117608796496, 36.96730110791651], [22.220231007097283, 36.9612590436016], [22.193853679994135, 36.956753242978635], [22.16522532799945, 36.956871930927164], [22.14004783897485, 36.95194522129127], [22.143588429711173, 36.94888471665877]]]}]}","mythic/historic site"
"4.25.7",1114,"Choirios Nape","18-07-168","{""type"": ""GeometryCollection"", ""geometries"": [{""type"": ""Polygon"", ""coordinates"": [[[22.143588429711173, 36.94888471665877], [22.18624381440418, 36.95017414417967], [22.223199270082375, 36.95378608209073], [22.248155909035262, 36.960469507191235], [22.25775393867147, 36.96224967963566], [22.262659624143453, 36.98275144390442], [22.284975814421244, 36.99240306697337], [22.277683819340496, 36.9974822900312], [22.25528655397426, 36.98707795027782], [22.249117608796496, 36.96730110791651], [22.220231007097283, 36.9612590436016], [22.193853679994135, 36.956753242978635], [22.16522532799945, 36.956871930927164], [22.14004783897485, 36.95194522129127], [22.143588429711173, 36.94888471665877]]]}]}","mythic/historic site"
"4.25.8",1115,"Choirios Nape","19-07-168","{""type"": ""GeometryCollection"", ""geometries"": [{""type"": ""Polygon"", ""coordinates"": [[[22.143588429711173, 36.94888471665877], [22.18624381440418, 36.95017414417967], [22.223199270082375, 36.95378608209073], [22.248155909035262, 36.960469507191235], [22.25775393867147, 36.96224967963566], [22.262659624143453, 36.98275144390442], [22.284975814421244, 36.99240306697337], [22.277683819340496, 36.9974822900312], [22.25528655397426, 36.98707795027782], [22.249117608796496, 36.96730110791651], [22.220231007097283, 36.9612590436016], [22.193853679994135, 36.956753242978635], [22.16522532799945, 36.956871930927164], [22.14004783897485, 36.95194522129127], [22.143588429711173, 36.94888471665877]]]}]}","mythic/historic site"
"4.25.9",1116,"Choirios Nape","20-07-168","{""type"": ""GeometryCollection"", ""geometries"": [{""type"": ""Polygon"", ""coordinates"": [[[22.143588429711173, 36.94888471665877], [22.18624381440418, 36.95017414417967], [22.223199270082375, 36.95378608209073], [22.248155909035262, 36.960469507191235], [22.25775393867147, 36.96224967963566], [22.262659624143453, 36.98275144390442], [22.284975814421244, 36.99240306697337], [22.277683819340496, 36.9974822900312], [22.25528655397426, 36.98707795027782], [22.249117608796496, 36.96730110791651], [22.220231007097283, 36.9612590436016], [22.193853679994135, 36.956753242978635], [22.16522532799945, 36.956871930927164], [22.14004783897485, 36.95194522129127], [22.143588429711173, 36.94888471665877]]]}]}","mythic/historic site"
"4.25.10",1117,"Choirios Nape","21-07-168","{""type"": ""GeometryCollection"", ""geometries"": [{""type"": ""Polygon"", ""coordinates"": [[[22.143588429711173, 36.94888471665877], [22.18624381440418, 36.95017414417967], [22.223199270082375, 36.95378608209073], [22.248155909035262, 36.960469507191235], [22.25775393867147, 36.96224967963566], [22.262659624143453, 36.98275144390442], [22.284975814421244, 36.99240306697337], [22.277683819340496, 36.9974822900312], [22.25528655397426, 36.98707795027782], [22.249117608796496, 36.96730110791651], [22.220231007097283, 36.9612590436016], [22.193853679994135, 36.956753242978635], [22.16522532799945, 36.956871930927164], [22.14004783897485, 36.95194522129127], [22.143588429711173, 36.94888471665877]]]}]}","mythic/historic site"
"4.26.1",1118,"Choirios Nape","22-07-168","{""type"": ""GeometryCollection"", ""geometries"": [{""type"": ""Polygon"", ""coordinates"": [[[22.143588429711173, 36.94888471665877], [22.18624381440418, 36.95017414417967], [22.223199270082375, 36.95378608209073], [22.248155909035262, 36.960469507191235], [22.25775393867147, 36.96224967963566], [22.262659624143453, 36.98275144390442], [22.284975814421244, 36.99240306697337], [22.277683819340496, 36.9974822900312], [22.25528655397426, 36.98707795027782], [22.249117608796496, 36.96730110791651], [22.220231007097283, 36.9612590436016], [22.193853679994135, 36.956753242978635], [22.16522532799945, 36.956871930927164], [22.14004783897485, 36.95194522129127], [22.143588429711173, 36.94888471665877]]]}]}","mythic/historic site"
"4.26.2",1119,"Choirios Nape","23-07-168","{""type"": ""GeometryCollection"", ""geometries"": [{""type"": ""Polygon"", ""coordinates"": [[[22.143588429711173, 36.94888471665877], [22.18624381440418, 36.95017414417967], [22.223199270082375, 36.95378608209073], [22.248155909035262, 36.960469507191235], [22.25775393867147, 36.96224967963566], [22.262659624143453, 36.98275144390442], [22.284975814421244, 36.99240306697337], [22.277683819340496, 36.9974822900312], [22.25528655397426, 36.98707795027782], [22.249117608796496, 36.96730110791651], [22.220231007097283, 36.9612590436016], [22.193853679994135, 36.956753242978635], [22.16522532799945, 36.956871930927164], [22.14004783897485, 36.95194522129127], [22.143588429711173, 36.94888471665877]]]}]}","mythic/historic site"
"4.26.3",1120,"Choirios Nape","24-07-168","{""type"": ""GeometryCollection"", ""geometries"": [{""type"": ""Polygon"", ""coordinates"": [[[22.143588429711173, 36.94888471665877], [22.18624381440418, 36.95017414417967], [22.223199270082375, 36.95378608209073], [22.248155909035262, 36.960469507191235], [22.25775393867147, 36.96224967963566], [22.262659624143453, 36.98275144390442], [22.284975814421244, 36.99240306697337], [22.277683819340496, 36.9974822900312], [22.25528655397426, 36.98707795027782], [22.249117608796496, 36.96730110791651], [22.220231007097283, 36.9612590436016], [22.193853679994135, 36.956753242978635], [22.16522532799945, 36.956871930927164], [22.14004783897485, 36.95194522129127], [22.143588429711173, 36.94888471665877]]]}]}","mythic/historic site"
"4.26.4",1121,"Choirios Nape","25-07-168","{""type"": ""GeometryCollection"", ""geometries"": [{""type"": ""Polygon"", ""coordinates"": [[[22.143588429711173, 36.94888471665877], [22.18624381440418, 36.95017414417967], [22.223199270082375, 36.95378608209073], [22.248155909035262, 36.960469507191235], [22.25775393867147, 36.96224967963566], [22.262659624143453, 36.98275144390442], [22.284975814421244, 36.99240306697337], [22.277683819340496, 36.9974822900312], [22.25528655397426, 36.98707795027782], [22.249117608796496, 36.96730110791651], [22.220231007097283, 36.9612590436016], [22.193853679994135, 36.956753242978635], [22.16522532799945, 36.956871930927164], [22.14004783897485, 36.95194522129127], [22.143588429711173, 36.94888471665877]]]}]}","mythic/historic site"
"4.26.5",1122,"Choirios Nape","26-07-168","{""type"": ""GeometryCollection"", ""geometries"": [{""type"": ""Polygon"", ""coordinates"": [[[22.143588429711173, 36.94888471665877], [22.18624381440418, 36.95017414417967], [22.223199270082375, 36.95378608209073], [22.248155909035262, 36.960469507191235], [22.25775393867147, 36.96224967963566], [22.262659624143453, 36.98275144390442], [22.284975814421244, 36.99240306697337], [22.277683819340496, 36.9974822900312], [22.25528655397426, 36.98707795027782], [22.249117608796496, 36.96730110791651], [22.220231007097283, 36.9612590436016], [22.193853679994135, 36.956753242978635], [22.16522532799945, 36.956871930927164], [22.14004783897485, 36.95194522129127], [22.143588429711173, 36.94888471665877]]]}]}","mythic/historic site"
"4.26.6",1123,"Choirios Nape","27-07-168","{""type"": ""GeometryCollection"", ""geometries"": [{""type"": ""Polygon"", ""coordinates"": [[[22.143588429711173, 36.94888471665877], [22.18624381440418, 36.95017414417967], [22.223199270082375, 36.95378608209073], [22.248155909035262, 36.960469507191235], [22.25775393867147, 36.96224967963566], [22.262659624143453, 36.98275144390442], [22.284975814421244, 36.99240306697337], [22.277683819340496, 36.9974822900312], [22.25528655397426, 36.98707795027782], [22.249117608796496, 36.96730110791651], [22.220231007097283, 36.9612590436016], [22.193853679994135, 36.956753242978635], [22.16522532799945, 36.956871930927164], [22.14004783897485, 36.95194522129127], [22.143588429711173, 36.94888471665877]]]}]}","mythic/historic site"
"4.26.7",1124,"Choirios Nape","28-07-168","{""type"": ""GeometryCollection"", ""geometries"": [{""type"": ""Polygon"", ""coordinates"": [[[22.143588429711173, 36.94888471665877], [22.18624381440418, 36.95017414417967], [22.223199270082375, 36.95378608209073], [22.248155909035262, 36.960469507191235], [22.25775393867147, 36.96224967963566], [22.262659624143453, 36.98275144390442], [22.284975814421244, 36.99240306697337], [22.277683819340496, 36.9974822900312], [22.25528655397426, 36.98707795027782], [22.249117608796496, 36.96730110791651], [22.220231007097283, 36.9612590436016], [22.193853679994135, 36.956753242978635], [22.16522532799945, 36.956871930927164], [22.14004783897485, 36.95194522129127], [22.143588429711173, 36.94888471665877]]]}]}","mythic/historic site"
"4.26.8",1125,"Choirios Nape","29-07-168","{""type"": ""GeometryCollection"", ""geometries"": [{""type"": ""Polygon"", ""coordinates"": [[[22.143588429711173, 36.94888471665877], [22.18624381440418, 36.95017414417967], [22.223199270082375, 36.95378608209073], [22.248155909035262, 36.960469507191235], [22.25775393867147, 36.96224967963566], [22.262659624143453, 36.98275144390442], [22.284975814421244, 36.99240306697337], [22.277683819340496, 36.9974822900312], [22.25528655397426, 36.98707795027782], [22.249117608796496, 36.96730110791651], [22.220231007097283, 36.9612590436016], [22.193853679994135, 36.956753242978635], [22.16522532799945, 36.956871930927164], [22.14004783897485, 36.95194522129127], [22.143588429711173, 36.94888471665877]]]}]}","mythic/historic site"
"4.27.1",1126,"Choirios Nape","30-07-168","{""type"": ""GeometryCollection"", ""geometries"": [{""type"": ""Polygon"", ""coordinates"": [[[22.143588429711173, 36.94888471665877], [22.18624381440418, 36.95017414417967], [22.223199270082375, 36.95378608209073], [22.248155909035262, 36.960469507191235], [22.25775393867147, 36.96224967963566], [22.262659624143453, 36.98275144390442], [22.284975814421244, 36.99240306697337], [22.277683819340496, 36.9974822900312], [22.25528655397426, 36.98707795027782], [22.249117608796496, 36.96730110791651], [22.220231007097283, 36.9612590436016], [22.193853679994135, 36.956753242978635], [22.16522532799945, 36.956871930927164], [22.14004783897485, 36.95194522129127], [22.143588429711173, 36.94888471665877]]]}]}","mythic/historic site"
"4.27.2",1127,"Choirios Nape","31-07-168","{""type"": ""GeometryCollection"", ""geometries"": [{""type"": ""Polygon"", ""coordinates"": [[[22.143588429711173, 36.94888471665877], [22.18624381440418, 36.95017414417967], [22.223199270082375, 36.95378608209073], [22.248155909035262, 36.960469507191235], [22.25775393867147, 36.96224967963566], [22.262659624143453, 36.98275144390442], [22.284975814421244, 36.99240306697337], [22.277683819340496, 36.9974822900312], [22.25528655397426, 36.98707795027782], [22.249117608796496, 36.96730110791651], [22.220231007097283, 36.9612590436016], [22.193853679994135, 36.956753242978635], [22.16522532799945, 36.956871930927164], [22.14004783897485, 36.95194522129127], [22.143588429711173, 36.94888471665877]]]}]}","mythic/historic site"
"4.27.3",1128,"Choirios Nape","01-08-168","{""type"": ""GeometryCollection"", ""geometries"": [{""type"": ""Polygon"", ""coordinates"": [[[22.143588429711173, 36.94888471665877], [22.18624381440418, 36.95017414417967], [22.223199270082375, 36.95378608209073], [22.248155909035262, 36.960469507191235], [22.25775393867147, 36.96224967963566], [22.262659624143453, 36.98275144390442], [22.284975814421244, 36.99240306697337], [22.277683819340496, 36.9974822900312], [22.25528655397426, 36.98707795027782], [22.249117608796496, 36.96730110791651], [22.220231007097283, 36.9612590436016], [22.193853679994135, 36.956753242978635], [22.16522532799945, 36.956871930927164], [22.14004783897485, 36.95194522129127], [22.143588429711173, 36.94888471665877]]]}]}","mythic/historic site"
"4.27.4",1129,"Choirios Nape","02-08-168","{""type"": ""GeometryCollection"", ""geometries"": [{""type"": ""Polygon"", ""coordinates"": [[[22.143588429711173, 36.94888471665877], [22.18624381440418, 36.95017414417967], [22.223199270082375, 36.95378608209073], [22.248155909035262, 36.960469507191235], [22.25775393867147, 36.96224967963566], [22.262659624143453, 36.98275144390442], [22.284975814421244, 36.99240306697337], [22.277683819340496, 36.9974822900312], [22.25528655397426, 36.98707795027782], [22.249117608796496, 36.96730110791651], [22.220231007097283, 36.9612590436016], [22.193853679994135, 36.956753242978635], [22.16522532799945, 36.956871930927164], [22.14004783897485, 36.95194522129127], [22.143588429711173, 36.94888471665877]]]}]}","mythic/historic site"
"4.27.5",1130,"Choirios Nape","03-08-168","{""type"": ""GeometryCollection"", ""geometries"": [{""type"": ""Polygon"", ""coordinates"": [[[22.143588429711173, 36.94888471665877], [22.18624381440418, 36.95017414417967], [22.223199270082375, 36.95378608209073], [22.248155909035262, 36.960469507191235], [22.25775393867147, 36.96224967963566], [22.262659624143453, 36.98275144390442], [22.284975814421244, 36.99240306697337], [22.277683819340496, 36.9974822900312], [22.25528655397426, 36.98707795027782], [22.249117608796496, 36.96730110791651], [22.220231007097283, 36.9612590436016], [22.193853679994135, 36.956753242978635], [22.16522532799945, 36.956871930927164], [22.14004783897485, 36.95194522129127], [22.143588429711173, 36.94888471665877]]]}]}","mythic/historic site"
"4.27.6",1131,"Choirios Nape","04-08-168","{""type"": ""GeometryCollection"", ""geometries"": [{""type"": ""Polygon"", ""coordinates"": [[[22.143588429711173, 36.94888471665877], [22.18624381440418, 36.95017414417967], [22.223199270082375, 36.95378608209073], [22.248155909035262, 36.960469507191235], [22.25775393867147, 36.96224967963566], [22.262659624143453, 36.98275144390442], [22.284975814421244, 36.99240306697337], [22.277683819340496, 36.9974822900312], [22.25528655397426, 36.98707795027782], [22.249117608796496, 36.96730110791651], [22.220231007097283, 36.9612590436016], [22.193853679994135, 36.956753242978635], [22.16522532799945, 36.956871930927164], [22.14004783897485, 36.95194522129127], [22.143588429711173, 36.94888471665877]]]}]}","mythic/historic site"
"4.27.7",1132,"Choirios Nape","05-08-168","{""type"": ""GeometryCollection"", ""geometries"": [{""type"": ""Polygon"", ""coordinates"": [[[22.143588429711173, 36.94888471665877], [22.18624381440418, 36.95017414417967], [22.223199270082375, 36.95378608209073], [22.248155909035262, 36.960469507191235], [22.25775393867147, 36.96224967963566], [22.262659624143453, 36.98275144390442], [22.284975814421244, 36.99240306697337], [22.277683819340496, 36.9974822900312], [22.25528655397426, 36.98707795027782], [22.249117608796496, 36.96730110791651], [22.220231007097283, 36.9612590436016], [22.193853679994135, 36.956753242978635], [22.16522532799945, 36.956871930927164], [22.14004783897485, 36.95194522129127], [22.143588429711173, 36.94888471665877]]]}]}","mythic/historic site"
"4.27.8",1133,"Choirios Nape","06-08-168","{""type"": ""GeometryCollection"", ""geometries"": [{""type"": ""Polygon"", ""coordinates"": [[[22.143588429711173, 36.94888471665877], [22.18624381440418, 36.95017414417967], [22.223199270082375, 36.95378608209073], [22.248155909035262, 36.960469507191235], [22.25775393867147, 36.96224967963566], [22.262659624143453, 36.98275144390442], [22.284975814421244, 36.99240306697337], [22.277683819340496, 36.9974822900312], [22.25528655397426, 36.98707795027782], [22.249117608796496, 36.96730110791651], [22.220231007097283, 36.9612590436016], [22.193853679994135, 36.956753242978635], [22.16522532799945, 36.956871930927164], [22.14004783897485, 36.95194522129127], [22.143588429711173, 36.94888471665877]]]}]}","mythic/historic site"
"4.27.9",1134,"Choirios Nape","07-08-168","{""type"": ""GeometryCollection"", ""geometries"": [{""type"": ""Polygon"", ""coordinates"": [[[22.143588429711173, 36.94888471665877], [22.18624381440418, 36.95017414417967], [22.223199270082375, 36.95378608209073], [22.248155909035262, 36.960469507191235], [22.25775393867147, 36.96224967963566], [22.262659624143453, 36.98275144390442], [22.284975814421244, 36.99240306697337], [22.277683819340496, 36.9974822900312], [22.25528655397426, 36.98707795027782], [22.249117608796496, 36.96730110791651], [22.220231007097283, 36.9612590436016], [22.193853679994135, 36.956753242978635], [22.16522532799945, 36.956871930927164], [22.14004783897485, 36.95194522129127], [22.143588429711173, 36.94888471665877]]]}]}","mythic/historic site"
"4.27.10",1135,"Choirios Nape","08-08-168","{""type"": ""GeometryCollection"", ""geometries"": [{""type"": ""Polygon"", ""coordinates"": [[[22.143588429711173, 36.94888471665877], [22.18624381440418, 36.95017414417967], [22.223199270082375, 36.95378608209073], [22.248155909035262, 36.960469507191235], [22.25775393867147, 36.96224967963566], [22.262659624143453, 36.98275144390442], [22.284975814421244, 36.99240306697337], [22.277683819340496, 36.9974822900312], [22.25528655397426, 36.98707795027782], [22.249117608796496, 36.96730110791651], [22.220231007097283, 36.9612590436016], [22.193853679994135, 36.956753242978635], [22.16522532799945, 36.956871930927164], [22.14004783897485, 36.95194522129127], [22.143588429711173, 36.94888471665877]]]}]}","mythic/historic site"
"4.27.11",1136,"Choirios Nape","09-08-168","{""type"": ""GeometryCollection"", ""geometries"": [{""type"": ""Polygon"", ""coordinates"": [[[22.143588429711173, 36.94888471665877], [22.18624381440418, 36.95017414417967], [22.223199270082375, 36.95378608209073], [22.248155909035262, 36.960469507191235], [22.25775393867147, 36.96224967963566], [22.262659624143453, 36.98275144390442], [22.284975814421244, 36.99240306697337], [22.277683819340496, 36.9974822900312], [22.25528655397426, 36.98707795027782], [22.249117608796496, 36.96730110791651], [22.220231007097283, 36.9612590436016], [22.193853679994135, 36.956753242978635], [22.16522532799945, 36.956871930927164], [22.14004783897485, 36.95194522129127], [22.143588429711173, 36.94888471665877]]]}]}","mythic/historic site"
"4.28.1",1137,"Choirios Nape","10-08-168","{""type"": ""GeometryCollection"", ""geometries"": [{""type"": ""Polygon"", ""coordinates"": [[[22.143588429711173, 36.94888471665877], [22.18624381440418, 36.95017414417967], [22.223199270082375, 36.95378608209073], [22.248155909035262, 36.960469507191235], [22.25775393867147, 36.96224967963566], [22.262659624143453, 36.98275144390442], [22.284975814421244, 36.99240306697337], [22.277683819340496, 36.9974822900312], [22.25528655397426, 36.98707795027782], [22.249117608796496, 36.96730110791651], [22.220231007097283, 36.9612590436016], [22.193853679994135, 36.956753242978635], [22.16522532799945, 36.956871930927164], [22.14004783897485, 36.95194522129127], [22.143588429711173, 36.94888471665877]]]}]}","mythic/historic site"
"4.28.2",1138,"Choirios Nape","11-08-168","{""type"": ""GeometryCollection"", ""geometries"": [{""type"": ""Polygon"", ""coordinates"": [[[22.143588429711173, 36.94888471665877], [22.18624381440418, 36.95017414417967], [22.223199270082375, 36.95378608209073], [22.248155909035262, 36.960469507191235], [22.25775393867147, 36.96224967963566], [22.262659624143453, 36.98275144390442], [22.284975814421244, 36.99240306697337], [22.277683819340496, 36.9974822900312], [22.25528655397426, 36.98707795027782], [22.249117608796496, 36.96730110791651], [22.220231007097283, 36.9612590436016], [22.193853679994135, 36.956753242978635], [22.16522532799945, 36.956871930927164], [22.14004783897485, 36.95194522129127], [22.143588429711173, 36.94888471665877]]]}]}","mythic/historic site"
"4.28.3",1139,"Choirios Nape","12-08-168","{""type"": ""GeometryCollection"", ""geometries"": [{""type"": ""Polygon"", ""coordinates"": [[[22.143588429711173, 36.94888471665877], [22.18624381440418, 36.95017414417967], [22.223199270082375, 36.95378608209073], [22.248155909035262, 36.960469507191235], [22.25775393867147, 36.96224967963566], [22.262659624143453, 36.98275144390442], [22.284975814421244, 36.99240306697337], [22.277683819340496, 36.9974822900312], [22.25528655397426, 36.98707795027782], [22.249117608796496, 36.96730110791651], [22.220231007097283, 36.9612590436016], [22.193853679994135, 36.956753242978635], [22.16522532799945, 36.956871930927164], [22.14004783897485, 36.95194522129127], [22.143588429711173, 36.94888471665877]]]}]}","mythic/historic site"
"4.28.4",1140,"Choirios Nape","13-08-168","{""type"": ""GeometryCollection"", ""geometries"": [{""type"": ""Polygon"", ""coordinates"": [[[22.143588429711173, 36.94888471665877], [22.18624381440418, 36.95017414417967], [22.223199270082375, 36.95378608209073], [22.248155909035262, 36.960469507191235], [22.25775393867147, 36.96224967963566], [22.262659624143453, 36.98275144390442], [22.284975814421244, 36.99240306697337], [22.277683819340496, 36.9974822900312], [22.25528655397426, 36.98707795027782], [22.249117608796496, 36.96730110791651], [22.220231007097283, 36.9612590436016], [22.193853679994135, 36.956753242978635], [22.16522532799945, 36.956871930927164], [22.14004783897485, 36.95194522129127], [22.143588429711173, 36.94888471665877]]]}]}","mythic/historic site"
"4.28.5",1141,"Choirios Nape","14-08-168","{""type"": ""GeometryCollection"", ""geometries"": [{""type"": ""Polygon"", ""coordinates"": [[[22.143588429711173, 36.94888471665877], [22.18624381440418, 36.95017414417967], [22.223199270082375, 36.95378608209073], [22.248155909035262, 36.960469507191235], [22.25775393867147, 36.96224967963566], [22.262659624143453, 36.98275144390442], [22.284975814421244, 36.99240306697337], [22.277683819340496, 36.9974822900312], [22.25528655397426, 36.98707795027782], [22.249117608796496, 36.96730110791651], [22.220231007097283, 36.9612590436016], [22.193853679994135, 36.956753242978635], [22.16522532799945, 36.956871930927164], [22.14004783897485, 36.95194522129127], [22.143588429711173, 36.94888471665877]]]}]}","mythic/historic site"
"4.28.6",1142,"Choirios Nape","15-08-168","{""type"": ""GeometryCollection"", ""geometries"": [{""type"": ""Polygon"", ""coordinates"": [[[22.143588429711173, 36.94888471665877], [22.18624381440418, 36.95017414417967], [22.223199270082375, 36.95378608209073], [22.248155909035262, 36.960469507191235], [22.25775393867147, 36.96224967963566], [22.262659624143453, 36.98275144390442], [22.284975814421244, 36.99240306697337], [22.277683819340496, 36.9974822900312], [22.25528655397426, 36.98707795027782], [22.249117608796496, 36.96730110791651], [22.220231007097283, 36.9612590436016], [22.193853679994135, 36.956753242978635], [22.16522532799945, 36.956871930927164], [22.14004783897485, 36.95194522129127], [22.143588429711173, 36.94888471665877]]]}]}","mythic/historic site"
"4.28.7",1143,"Choirios Nape","16-08-168","{""type"": ""GeometryCollection"", ""geometries"": [{""type"": ""Polygon"", ""coordinates"": [[[22.143588429711173, 36.94888471665877], [22.18624381440418, 36.95017414417967], [22.223199270082375, 36.95378608209073], [22.248155909035262, 36.960469507191235], [22.25775393867147, 36.96224967963566], [22.262659624143453, 36.98275144390442], [22.284975814421244, 36.99240306697337], [22.277683819340496, 36.9974822900312], [22.25528655397426, 36.98707795027782], [22.249117608796496, 36.96730110791651], [22.220231007097283, 36.9612590436016], [22.193853679994135, 36.956753242978635], [22.16522532799945, 36.956871930927164], [22.14004783897485, 36.95194522129127], [22.143588429711173, 36.94888471665877]]]}]}","mythic/historic site"
"4.28.8",1144,"Choirios Nape","17-08-168","{""type"": ""GeometryCollection"", ""geometries"": [{""type"": ""Polygon"", ""coordinates"": [[[22.143588429711173, 36.94888471665877], [22.18624381440418, 36.95017414417967], [22.223199270082375, 36.95378608209073], [22.248155909035262, 36.960469507191235], [22.25775393867147, 36.96224967963566], [22.262659624143453, 36.98275144390442], [22.284975814421244, 36.99240306697337], [22.277683819340496, 36.9974822900312], [22.25528655397426, 36.98707795027782], [22.249117608796496, 36.96730110791651], [22.220231007097283, 36.9612590436016], [22.193853679994135, 36.956753242978635], [22.16522532799945, 36.956871930927164], [22.14004783897485, 36.95194522129127], [22.143588429711173, 36.94888471665877]]]}]}","mythic/historic site"
"4.29.1",1145,"Choirios Nape","18-08-168","{""type"": ""GeometryCollection"", ""geometries"": [{""type"": ""Polygon"", ""coordinates"": [[[22.143588429711173, 36.94888471665877], [22.18624381440418, 36.95017414417967], [22.223199270082375, 36.95378608209073], [22.248155909035262, 36.960469507191235], [22.25775393867147, 36.96224967963566], [22.262659624143453, 36.98275144390442], [22.284975814421244, 36.99240306697337], [22.277683819340496, 36.9974822900312], [22.25528655397426, 36.98707795027782], [22.249117608796496, 36.96730110791651], [22.220231007097283, 36.9612590436016], [22.193853679994135, 36.956753242978635], [22.16522532799945, 36.956871930927164], [22.14004783897485, 36.95194522129127], [22.143588429711173, 36.94888471665877]]]}]}","mythic/historic site"
"4.29.2",1146,"Choirios Nape","19-08-168","{""type"": ""GeometryCollection"", ""geometries"": [{""type"": ""Polygon"", ""coordinates"": [[[22.143588429711173, 36.94888471665877], [22.18624381440418, 36.95017414417967], [22.223199270082375, 36.95378608209073], [22.248155909035262, 36.960469507191235], [22.25775393867147, 36.96224967963566], [22.262659624143453, 36.98275144390442], [22.284975814421244, 36.99240306697337], [22.277683819340496, 36.9974822900312], [22.25528655397426, 36.98707795027782], [22.249117608796496, 36.96730110791651], [22.220231007097283, 36.9612590436016], [22.193853679994135, 36.956753242978635], [22.16522532799945, 36.956871930927164], [22.14004783897485, 36.95194522129127], [22.143588429711173, 36.94888471665877]]]}]}","mythic/historic site"
"4.29.3",1147,"Choirios Nape","20-08-168","{""type"": ""GeometryCollection"", ""geometries"": [{""type"": ""Polygon"", ""coordinates"": [[[22.143588429711173, 36.94888471665877], [22.18624381440418, 36.95017414417967], [22.223199270082375, 36.95378608209073], [22.248155909035262, 36.960469507191235], [22.25775393867147, 36.96224967963566], [22.262659624143453, 36.98275144390442], [22.284975814421244, 36.99240306697337], [22.277683819340496, 36.9974822900312], [22.25528655397426, 36.98707795027782], [22.249117608796496, 36.96730110791651], [22.220231007097283, 36.9612590436016], [22.193853679994135, 36.956753242978635], [22.16522532799945, 36.956871930927164], [22.14004783897485, 36.95194522129127], [22.143588429711173, 36.94888471665877]]]}]}","mythic/historic site"
"4.29.4",1148,"Choirios Nape","21-08-168","{""type"": ""GeometryCollection"", ""geometries"": [{""type"": ""Polygon"", ""coordinates"": [[[22.143588429711173, 36.94888471665877], [22.18624381440418, 36.95017414417967], [22.223199270082375, 36.95378608209073], [22.248155909035262, 36.960469507191235], [22.25775393867147, 36.96224967963566], [22.262659624143453, 36.98275144390442], [22.284975814421244, 36.99240306697337], [22.277683819340496, 36.9974822900312], [22.25528655397426, 36.98707795027782], [22.249117608796496, 36.96730110791651], [22.220231007097283, 36.9612590436016], [22.193853679994135, 36.956753242978635], [22.16522532799945, 36.956871930927164], [22.14004783897485, 36.95194522129127], [22.143588429711173, 36.94888471665877]]]}]}","mythic/historic site"
"4.29.5",1149,"Choirios Nape","22-08-168","{""type"": ""GeometryCollection"", ""geometries"": [{""type"": ""Polygon"", ""coordinates"": [[[22.143588429711173, 36.94888471665877], [22.18624381440418, 36.95017414417967], [22.223199270082375, 36.95378608209073], [22.248155909035262, 36.960469507191235], [22.25775393867147, 36.96224967963566], [22.262659624143453, 36.98275144390442], [22.284975814421244, 36.99240306697337], [22.277683819340496, 36.9974822900312], [22.25528655397426, 36.98707795027782], [22.249117608796496, 36.96730110791651], [22.220231007097283, 36.9612590436016], [22.193853679994135, 36.956753242978635], [22.16522532799945, 36.956871930927164], [22.14004783897485, 36.95194522129127], [22.143588429711173, 36.94888471665877]]]}]}","mythic/historic site"
"4.29.6",1150,"Choirios Nape","23-08-168","{""type"": ""GeometryCollection"", ""geometries"": [{""type"": ""Polygon"", ""coordinates"": [[[22.143588429711173, 36.94888471665877], [22.18624381440418, 36.95017414417967], [22.223199270082375, 36.95378608209073], [22.248155909035262, 36.960469507191235], [22.25775393867147, 36.96224967963566], [22.262659624143453, 36.98275144390442], [22.284975814421244, 36.99240306697337], [22.277683819340496, 36.9974822900312], [22.25528655397426, 36.98707795027782], [22.249117608796496, 36.96730110791651], [22.220231007097283, 36.9612590436016], [22.193853679994135, 36.956753242978635], [22.16522532799945, 36.956871930927164], [22.14004783897485, 36.95194522129127], [22.143588429711173, 36.94888471665877]]]}]}","mythic/historic site"
"4.29.7",1151,"Choirios Nape","24-08-168","{""type"": ""GeometryCollection"", ""geometries"": [{""type"": ""Polygon"", ""coordinates"": [[[22.143588429711173, 36.94888471665877], [22.18624381440418, 36.95017414417967], [22.223199270082375, 36.95378608209073], [22.248155909035262, 36.960469507191235], [22.25775393867147, 36.96224967963566], [22.262659624143453, 36.98275144390442], [22.284975814421244, 36.99240306697337], [22.277683819340496, 36.9974822900312], [22.25528655397426, 36.98707795027782], [22.249117608796496, 36.96730110791651], [22.220231007097283, 36.9612590436016], [22.193853679994135, 36.956753242978635], [22.16522532799945, 36.956871930927164], [22.14004783897485, 36.95194522129127], [22.143588429711173, 36.94888471665877]]]}]}","mythic/historic site"
"4.29.8",1152,"Choirios Nape","25-08-168","{""type"": ""GeometryCollection"", ""geometries"": [{""type"": ""Polygon"", ""coordinates"": [[[22.143588429711173, 36.94888471665877], [22.18624381440418, 36.95017414417967], [22.223199270082375, 36.95378608209073], [22.248155909035262, 36.960469507191235], [22.25775393867147, 36.96224967963566], [22.262659624143453, 36.98275144390442], [22.284975814421244, 36.99240306697337], [22.277683819340496, 36.9974822900312], [22.25528655397426, 36.98707795027782], [22.249117608796496, 36.96730110791651], [22.220231007097283, 36.9612590436016], [22.193853679994135, 36.956753242978635], [22.16522532799945, 36.956871930927164], [22.14004783897485, 36.95194522129127], [22.143588429711173, 36.94888471665877]]]}]}","mythic/historic site"
"4.29.9",1153,"Choirios Nape","26-08-168","{""type"": ""GeometryCollection"", ""geometries"": [{""type"": ""Polygon"", ""coordinates"": [[[22.143588429711173, 36.94888471665877], [22.18624381440418, 36.95017414417967], [22.223199270082375, 36.95378608209073], [22.248155909035262, 36.960469507191235], [22.25775393867147, 36.96224967963566], [22.262659624143453, 36.98275144390442], [22.284975814421244, 36.99240306697337], [22.277683819340496, 36.9974822900312], [22.25528655397426, 36.98707795027782], [22.249117608796496, 36.96730110791651], [22.220231007097283, 36.9612590436016], [22.193853679994135, 36.956753242978635], [22.16522532799945, 36.956871930927164], [22.14004783897485, 36.95194522129127], [22.143588429711173, 36.94888471665877]]]}]}","mythic/historic site"
"4.29.10",1154,"Choirios Nape","27-08-168","{""type"": ""GeometryCollection"", ""geometries"": [{""type"": ""Polygon"", ""coordinates"": [[[22.143588429711173, 36.94888471665877], [22.18624381440418, 36.95017414417967], [22.223199270082375, 36.95378608209073], [22.248155909035262, 36.960469507191235], [22.25775393867147, 36.96224967963566], [22.262659624143453, 36.98275144390442], [22.284975814421244, 36.99240306697337], [22.277683819340496, 36.9974822900312], [22.25528655397426, 36.98707795027782], [22.249117608796496, 36.96730110791651], [22.220231007097283, 36.9612590436016], [22.193853679994135, 36.956753242978635], [22.16522532799945, 36.956871930927164], [22.14004783897485, 36.95194522129127], [22.143588429711173, 36.94888471665877]]]}]}","mythic/historic site"
"4.29.11",1155,"Choirios Nape","28-08-168","{""type"": ""GeometryCollection"", ""geometries"": [{""type"": ""Polygon"", ""coordinates"": [[[22.143588429711173, 36.94888471665877], [22.18624381440418, 36.95017414417967], [22.223199270082375, 36.95378608209073], [22.248155909035262, 36.960469507191235], [22.25775393867147, 36.96224967963566], [22.262659624143453, 36.98275144390442], [22.284975814421244, 36.99240306697337], [22.277683819340496, 36.9974822900312], [22.25528655397426, 36.98707795027782], [22.249117608796496, 36.96730110791651], [22.220231007097283, 36.9612590436016], [22.193853679994135, 36.956753242978635], [22.16522532799945, 36.956871930927164], [22.14004783897485, 36.95194522129127], [22.143588429711173, 36.94888471665877]]]}]}","mythic/historic site"
"4.29.12",1156,"Choirios Nape","29-08-168","{""type"": ""GeometryCollection"", ""geometries"": [{""type"": ""Polygon"", ""coordinates"": [[[22.143588429711173, 36.94888471665877], [22.18624381440418, 36.95017414417967], [22.223199270082375, 36.95378608209073], [22.248155909035262, 36.960469507191235], [22.25775393867147, 36.96224967963566], [22.262659624143453, 36.98275144390442], [22.284975814421244, 36.99240306697337], [22.277683819340496, 36.9974822900312], [22.25528655397426, 36.98707795027782], [22.249117608796496, 36.96730110791651], [22.220231007097283, 36.9612590436016], [22.193853679994135, 36.956753242978635], [22.16522532799945, 36.956871930927164], [22.14004783897485, 36.95194522129127], [22.143588429711173, 36.94888471665877]]]}]}","mythic/historic site"
"4.29.13",1157,"Choirios Nape","30-08-168","{""type"": ""GeometryCollection"", ""geometries"": [{""type"": ""Polygon"", ""coordinates"": [[[22.143588429711173, 36.94888471665877], [22.18624381440418, 36.95017414417967], [22.223199270082375, 36.95378608209073], [22.248155909035262, 36.960469507191235], [22.25775393867147, 36.96224967963566], [22.262659624143453, 36.98275144390442], [22.284975814421244, 36.99240306697337], [22.277683819340496, 36.9974822900312], [22.25528655397426, 36.98707795027782], [22.249117608796496, 36.96730110791651], [22.220231007097283, 36.9612590436016], [22.193853679994135, 36.956753242978635], [22.16522532799945, 36.956871930927164], [22.14004783897485, 36.95194522129127], [22.143588429711173, 36.94888471665877]]]}]}","mythic/historic site"
"4.35.1",1201,"Methone/Mothone (Messenian)","13-10-168","{""type"": ""Point"", ""coordinates"": [21.705, 36.817]}","mythic/historic site"
"4.35.2",1202,"Methone/Mothone (Messenian)","14-10-168","{""type"": ""Point"", ""coordinates"": [21.705, 36.817]}","mythic/historic site"
"4.35.3",1203,"Methone/Mothone (Messenian)","15-10-168","{""type"": ""Point"", ""coordinates"": [21.705, 36.817]}","mythic/historic site"
"4.35.4",1204,"Methone/Mothone (Messenian)","16-10-168","{""type"": ""Point"", ""coordinates"": [21.705, 36.817]}","mythic/historic site"
"4.35.5",1205,"Methone/Mothone (Messenian)","17-10-168","{""type"": ""Point"", ""coordinates"": [21.705, 36.817]}","mythic/historic site"
"4.35.6",1206,"Methone/Mothone (Messenian)","18-10-168","{""type"": ""Point"", ""coordinates"": [21.705, 36.817]}","mythic/historic site"
"4.35.7",1207,"Methone/Mothone (Messenian)","19-10-168","{""type"": ""Point"", ""coordinates"": [21.705, 36.817]}","mythic/historic site"
"4.35.8",1208,"Methone/Mothone (Messenian)","20-10-168","{""type"": ""Point"", ""coordinates"": [21.705, 36.817]}","mythic/historic site"
"4.35.9",1209,"Methone/Mothone (Messenian)","21-10-168","{""type"": ""Point"", ""coordinates"": [21.705, 36.817]}","mythic/historic site"
"4.35.10",1210,"Methone/Mothone (Messenian)","22-10-168","{""type"": ""Point"", ""coordinates"": [21.705, 36.817]}","mythic/historic site"
"4.35.11",1211,"Methone/Mothone (Messenian)","23-10-168","{""type"": ""Point"", ""coordinates"": [21.705, 36.817]}","mythic/historic site"
"5.1.1",1219,"Messenia-Eleia border at Neda river","31-10-168","{""type"": ""GeometryCollection"", ""geometries"": [{""type"": ""Polygon"", ""coordinates"": [[[21.679447516607297, 37.377855796409506], [21.69308574928442, 37.383549915396586], [21.70656257510359, 37.3919005637385], [21.73281320051933, 37.392128991291955], [21.736408366160447, 37.390560791808994], [21.765853660145467, 37.39367544934754], [21.7695169571287, 37.400983291326355], [21.733481582057408, 37.39813684282345], [21.704581740057193, 37.39765182548311], [21.676920510091378, 37.386169691588165], [21.679447516607297, 37.377855796409506]]]}]}","mythic/historic site"
"5.1.2",1220,"Messenia-Eleia border at Neda river","01-11-168","{""type"": ""GeometryCollection"", ""geometries"": [{""type"": ""Polygon"", ""coordinates"": [[[21.679447516607297, 37.377855796409506], [21.69308574928442, 37.383549915396586], [21.70656257510359, 37.3919005637385], [21.73281320051933, 37.392128991291955], [21.736408366160447, 37.390560791808994], [21.765853660145467, 37.39367544934754], [21.7695169571287, 37.400983291326355], [21.733481582057408, 37.39813684282345], [21.704581740057193, 37.39765182548311], [21.676920510091378, 37.386169691588165], [21.679447516607297, 37.377855796409506]]]}]}","mythic/historic site"
"5.1.3",1221,"Messenia-Eleia border at Neda river","02-11-168","{""type"": ""GeometryCollection"", ""geometries"": [{""type"": ""Polygon"", ""coordinates"": [[[21.679447516607297, 37.377855796409506], [21.69308574928442, 37.383549915396586], [21.70656257510359, 37.3919005637385], [21.73281320051933, 37.392128991291955], [21.736408366160447, 37.390560791808994], [21.765853660145467, 37.39367544934754], [21.7695169571287, 37.400983291326355], [21.733481582057408, 37.39813684282345], [21.704581740057193, 37.39765182548311], [21.676920510091378, 37.386169691588165], [21.679447516607297, 37.377855796409506]]]}]}","mythic/historic site"
"5.1.4",1222,"Messenia-Eleia border at Neda river","03-11-168","{""type"": ""GeometryCollection"", ""geometries"": [{""type"": ""Polygon"", ""coordinates"": [[[21.679447516607297, 37.377855796409506], [21.69308574928442, 37.383549915396586], [21.70656257510359, 37.3919005637385], [21.73281320051933, 37.392128991291955], [21.736408366160447, 37.390560791808994], [21.765853660145467, 37.39367544934754], [21.7695169571287, 37.400983291326355], [21.733481582057408, 37.39813684282345], [21.704581740057193, 37.39765182548311], [21.676920510091378, 37.386169691588165], [21.679447516607297, 37.377855796409506]]]}]}","mythic/historic site"
"5.1.5",1223,"Messenia-Eleia border at Neda river","04-11-168","{""type"": ""GeometryCollection"", ""geometries"": [{""type"": ""Polygon"", ""coordinates"": [[[21.679447516607297, 37.377855796409506], [21.69308574928442, 37.383549915396586], [21.70656257510359, 37.3919005637385], [21.73281320051933, 37.392128991291955], [21.736408366160447, 37.390560791808994], [21.765853660145467, 37.39367544934754], [21.7695169571287, 37.400983291326355], [21.733481582057408, 37.39813684282345], [21.704581740057193, 37.39765182548311], [21.676920510091378, 37.386169691588165], [21.679447516607297, 37.377855796409506]]]}]}","mythic/historic site"
"5.1.6",1224,"Messenia-Eleia border at Neda river","05-11-168","{""type"": ""GeometryCollection"", ""geometries"": [{""type"": ""Polygon"", ""coordinates"": [[[21.679447516607297, 37.377855796409506], [21.69308574928442, 37.383549915396586], [21.70656257510359, 37.3919005637385], [21.73281320051933, 37.392128991291955], [21.736408366160447, 37.390560791808994], [21.765853660145467, 37.39367544934754], [21.7695169571287, 37.400983291326355], [21.733481582057408, 37.39813684282345], [21.704581740057193, 37.39765182548311], [21.676920510091378, 37.386169691588165], [21.679447516607297, 37.377855796409506]]]}]}","mythic/historic site"
"5.1.7",1225,"Messenia-Eleia border at Neda river","06-11-168","{""type"": ""GeometryCollection"", ""geometries"": [{""type"": ""Polygon"", ""coordinates"": [[[21.679447516607297, 37.377855796409506], [21.69308574928442, 37.383549915396586], [21.70656257510359, 37.3919005637385], [21.73281320051933, 37.392128991291955], [21.736408366160447, 37.390560791808994], [21.765853660145467, 37.39367544934754], [21.7695169571287, 37.400983291326355], [21.733481582057408, 37.39813684282345], [21.704581740057193, 37.39765182548311], [21.676920510091378, 37.386169691588165], [21.679447516607297, 37.377855796409506]]]}]}","mythic/historic site"
"5.1.8",1226,"Messenia-Eleia border at Neda river","07-11-168","{""type"": ""GeometryCollection"", ""geometries"": [{""type"": ""Polygon"", ""coordinates"": [[[21.679447516607297, 37.377855796409506], [21.69308574928442, 37.383549915396586], [21.70656257510359, 37.3919005637385], [21.73281320051933, 37.392128991291955], [21.736408366160447, 37.390560791808994], [21.765853660145467, 37.39367544934754], [21.7695169571287, 37.400983291326355], [21.733481582057408, 37.39813684282345], [21.704581740057193, 37.39765182548311], [21.676920510091378, 37.386169691588165], [21.679447516607297, 37.377855796409506]]]}]}","mythic/historic site"
"5.1.9",1227,"Messenia-Eleia border at Neda river","08-11-168","{""type"": ""GeometryCollection"", ""geometries"": [{""type"": ""Polygon"", ""coordinates"": [[[21.679447516607297, 37.377855796409506], [21.69308574928442, 37.383549915396586], [21.70656257510359, 37.3919005637385], [21.73281320051933, 37.392128991291955], [21.736408366160447, 37.390560791808994], [21.765853660145467, 37.39367544934754], [21.7695169571287, 37.400983291326355], [21.733481582057408, 37.39813684282345], [21.704581740057193, 37.39765182548311], [21.676920510091378, 37.386169691588165], [21.679447516607297, 37.377855796409506]]]}]}","mythic/historic site"
"5.1.10",1228,"Messenia-Eleia border at Neda river","09-11-168","{""type"": ""GeometryCollection"", ""geometries"": [{""type"": ""Polygon"", ""coordinates"": [[[21.679447516607297, 37.377855796409506], [21.69308574928442, 37.383549915396586], [21.70656257510359, 37.3919005637385], [21.73281320051933, 37.392128991291955], [21.736408366160447, 37.390560791808994], [21.765853660145467, 37.39367544934754], [21.7695169571287, 37.400983291326355], [21.733481582057408, 37.39813684282345], [21.704581740057193, 37.39765182548311], [21.676920510091378, 37.386169691588165], [21.679447516607297, 37.377855796409506]]]}]}","mythic/historic site"
"5.1.11",1229,"Messenia-Eleia border at Neda river","10-11-168","{""type"": ""GeometryCollection"", ""geometries"": [{""type"": ""Polygon"", ""coordinates"": [[[21.679447516607297, 37.377855796409506], [21.69308574928442, 37.383549915396586], [21.70656257510359, 37.3919005637385], [21.73281320051933, 37.392128991291955], [21.736408366160447, 37.390560791808994], [21.765853660145467, 37.39367544934754], [21.7695169571287, 37.400983291326355], [21.733481582057408, 37.39813684282345], [21.704581740057193, 37.39765182548311], [21.676920510091378, 37.386169691588165], [21.679447516607297, 37.377855796409506]]]}]}","mythic/historic site"
"5.2.1",1230,"Messenia-Eleia border at Neda river","11-11-168","{""type"": ""GeometryCollection"", ""geometries"": [{""type"": ""Polygon"", ""coordinates"": [[[21.679447516607297, 37.377855796409506], [21.69308574928442, 37.383549915396586], [21.70656257510359, 37.3919005637385], [21.73281320051933, 37.392128991291955], [21.736408366160447, 37.390560791808994], [21.765853660145467, 37.39367544934754], [21.7695169571287, 37.400983291326355], [21.733481582057408, 37.39813684282345], [21.704581740057193, 37.39765182548311], [21.676920510091378, 37.386169691588165], [21.679447516607297, 37.377855796409506]]]}]}","mythic/historic site"
"5.2.2",1231,"Messenia-Eleia border at Neda river","12-11-168","{""type"": ""GeometryCollection"", ""geometries"": [{""type"": ""Polygon"", ""coordinates"": [[[21.679447516607297, 37.377855796409506], [21.69308574928442, 37.383549915396586], [21.70656257510359, 37.3919005637385], [21.73281320051933, 37.392128991291955], [21.736408366160447, 37.390560791808994], [21.765853660145467, 37.39367544934754], [21.7695169571287, 37.400983291326355], [21.733481582057408, 37.39813684282345], [21.704581740057193, 37.39765182548311], [21.676920510091378, 37.386169691588165], [21.679447516607297, 37.377855796409506]]]}]}","mythic/historic site"
"5.2.3",1232,"Messenia-Eleia border at Neda river","13-11-168","{""type"": ""GeometryCollection"", ""geometries"": [{""type"": ""Polygon"", ""coordinates"": [[[21.679447516607297, 37.377855796409506], [21.69308574928442, 37.383549915396586], [21.70656257510359, 37.3919005637385], [21.73281320051933, 37.392128991291955], [21.736408366160447, 37.390560791808994], [21.765853660145467, 37.39367544934754], [21.7695169571287, 37.400983291326355], [21.733481582057408, 37.39813684282345], [21.704581740057193, 37.39765182548311], [21.676920510091378, 37.386169691588165], [21.679447516607297, 37.377855796409506]]]}]}","mythic/historic site"
"5.2.4",1233,"Messenia-Eleia border at Neda river","14-11-168","{""type"": ""GeometryCollection"", ""geometries"": [{""type"": ""Polygon"", ""coordinates"": [[[21.679447516607297, 37.377855796409506], [21.69308574928442, 37.383549915396586], [21.70656257510359, 37.3919005637385], [21.73281320051933, 37.392128991291955], [21.736408366160447, 37.390560791808994], [21.765853660145467, 37.39367544934754], [21.7695169571287, 37.400983291326355], [21.733481582057408, 37.39813684282345], [21.704581740057193, 37.39765182548311], [21.676920510091378, 37.386169691588165], [21.679447516607297, 37.377855796409506]]]}]}","mythic/historic site"
"5.2.5",1234,"Messenia-Eleia border at Neda river","15-11-168","{""type"": ""GeometryCollection"", ""geometries"": [{""type"": ""Polygon"", ""coordinates"": [[[21.679447516607297, 37.377855796409506], [21.69308574928442, 37.383549915396586], [21.70656257510359, 37.3919005637385], [21.73281320051933, 37.392128991291955], [21.736408366160447, 37.390560791808994], [21.765853660145467, 37.39367544934754], [21.7695169571287, 37.400983291326355], [21.733481582057408, 37.39813684282345], [21.704581740057193, 37.39765182548311], [21.676920510091378, 37.386169691588165], [21.679447516607297, 37.377855796409506]]]}]}","mythic/historic site"
"5.3.1",1235,"Messenia-Eleia border at Neda river","16-11-168","{""type"": ""GeometryCollection"", ""geometries"": [{""type"": ""Polygon"", ""coordinates"": [[[21.679447516607297, 37.377855796409506], [21.69308574928442, 37.383549915396586], [21.70656257510359, 37.3919005637385], [21.73281320051933, 37.392128991291955], [21.736408366160447, 37.390560791808994], [21.765853660145467, 37.39367544934754], [21.7695169571287, 37.400983291326355], [21.733481582057408, 37.39813684282345], [21.704581740057193, 37.39765182548311], [21.676920510091378, 37.386169691588165], [21.679447516607297, 37.377855796409506]]]}]}","mythic/historic site"
"5.3.2",1236,"Messenia-Eleia border at Neda river","17-11-168","{""type"": ""GeometryCollection"", ""geometries"": [{""type"": ""Polygon"", ""coordinates"": [[[21.679447516607297, 37.377855796409506], [21.69308574928442, 37.383549915396586], [21.70656257510359, 37.3919005637385], [21.73281320051933, 37.392128991291955], [21.736408366160447, 37.390560791808994], [21.765853660145467, 37.39367544934754], [21.7695169571287, 37.400983291326355], [21.733481582057408, 37.39813684282345], [21.704581740057193, 37.39765182548311], [21.676920510091378, 37.386169691588165], [21.679447516607297, 37.377855796409506]]]}]}","mythic/historic site"
"5.3.3",1237,"Messenia-Eleia border at Neda river","18-11-168","{""type"": ""GeometryCollection"", ""geometries"": [{""type"": ""Polygon"", ""coordinates"": [[[21.679447516607297, 37.377855796409506], [21.69308574928442, 37.383549915396586], [21.70656257510359, 37.3919005637385], [21.73281320051933, 37.392128991291955], [21.736408366160447, 37.390560791808994], [21.765853660145467, 37.39367544934754], [21.7695169571287, 37.400983291326355], [21.733481582057408, 37.39813684282345], [21.704581740057193, 37.39765182548311], [21.676920510091378, 37.386169691588165], [21.679447516607297, 37.377855796409506]]]}]}","mythic/historic site"
"5.3.4",1238,"Messenia-Eleia border at Neda river","19-11-168","{""type"": ""GeometryCollection"", ""geometries"": [{""type"": ""Polygon"", ""coordinates"": [[[21.679447516607297, 37.377855796409506], [21.69308574928442, 37.383549915396586], [21.70656257510359, 37.3919005637385], [21.73281320051933, 37.392128991291955], [21.736408366160447, 37.390560791808994], [21.765853660145467, 37.39367544934754], [21.7695169571287, 37.400983291326355], [21.733481582057408, 37.39813684282345], [21.704581740057193, 37.39765182548311], [21.676920510091378, 37.386169691588165], [21.679447516607297, 37.377855796409506]]]}]}","mythic/historic site"
"5.3.5",1239,"Messenia-Eleia border at Neda river","20-11-168","{""type"": ""GeometryCollection"", ""geometries"": [{""type"": ""Polygon"", ""coordinates"": [[[21.679447516607297, 37.377855796409506], [21.69308574928442, 37.383549915396586], [21.70656257510359, 37.3919005637385], [21.73281320051933, 37.392128991291955], [21.736408366160447, 37.390560791808994], [21.765853660145467, 37.39367544934754], [21.7695169571287, 37.400983291326355], [21.733481582057408, 37.39813684282345], [21.704581740057193, 37.39765182548311], [21.676920510091378, 37.386169691588165], [21.679447516607297, 37.377855796409506]]]}]}","mythic/historic site"
"5.3.6",1240,"Messenia-Eleia border at Neda river","21-11-168","{""type"": ""GeometryCollection"", ""geometries"": [{""type"": ""Polygon"", ""coordinates"": [[[21.679447516607297, 37.377855796409506], [21.69308574928442, 37.383549915396586], [21.70656257510359, 37.3919005637385], [21.73281320051933, 37.392128991291955], [21.736408366160447, 37.390560791808994], [21.765853660145467, 37.39367544934754], [21.7695169571287, 37.400983291326355], [21.733481582057408, 37.39813684282345], [21.704581740057193, 37.39765182548311], [21.676920510091378, 37.386169691588165], [21.679447516607297, 37.377855796409506]]]}]}","mythic/historic site"
"5.3.7",1241,"Messenia-Eleia border at Neda river","22-11-168","{""type"": ""GeometryCollection"", ""geometries"": [{""type"": ""Polygon"", ""coordinates"": [[[21.679447516607297, 37.377855796409506], [21.69308574928442, 37.383549915396586], [21.70656257510359, 37.3919005637385], [21.73281320051933, 37.392128991291955], [21.736408366160447, 37.390560791808994], [21.765853660145467, 37.39367544934754], [21.7695169571287, 37.400983291326355], [21.733481582057408, 37.39813684282345], [21.704581740057193, 37.39765182548311], [21.676920510091378, 37.386169691588165], [21.679447516607297, 37.377855796409506]]]}]}","mythic/historic site"
"5.4.1",1242,"Messenia-Eleia border at Neda river","23-11-168","{""type"": ""GeometryCollection"", ""geometries"": [{""type"": ""Polygon"", ""coordinates"": [[[21.679447516607297, 37.377855796409506], [21.69308574928442, 37.383549915396586], [21.70656257510359, 37.3919005637385], [21.73281320051933, 37.392128991291955], [21.736408366160447, 37.390560791808994], [21.765853660145467, 37.39367544934754], [21.7695169571287, 37.400983291326355], [21.733481582057408, 37.39813684282345], [21.704581740057193, 37.39765182548311], [21.676920510091378, 37.386169691588165], [21.679447516607297, 37.377855796409506]]]}]}","mythic/historic site"
"5.4.2",1243,"Messenia-Eleia border at Neda river","24-11-168","{""type"": ""GeometryCollection"", ""geometries"": [{""type"": ""Polygon"", ""coordinates"": [[[21.679447516607297, 37.377855796409506], [21.69308574928442, 37.383549915396586], [21.70656257510359, 37.3919005637385], [21.73281320051933, 37.392128991291955], [21.736408366160447, 37.390560791808994], [21.765853660145467, 37.39367544934754], [21.7695169571287, 37.400983291326355], [21.733481582057408, 37.39813684282345], [21.704581740057193, 37.39765182548311], [21.676920510091378, 37.386169691588165], [21.679447516607297, 37.377855796409506]]]}]}","mythic/historic site"
"5.4.3",1244,"Messenia-Eleia border at Neda river","25-11-168","{""type"": ""GeometryCollection"", ""geometries"": [{""type"": ""Polygon"", ""coordinates"": [[[21.679447516607297, 37.377855796409506], [21.69308574928442, 37.383549915396586], [21.70656257510359, 37.3919005637385], [21.73281320051933, 37.392128991291955], [21.736408366160447, 37.390560791808994], [21.765853660145467, 37.39367544934754], [21.7695169571287, 37.400983291326355], [21.733481582057408, 37.39813684282345], [21.704581740057193, 37.39765182548311], [21.676920510091378, 37.386169691588165], [21.679447516607297, 37.377855796409506]]]}]}","mythic/historic site"
"5.4.4",1245,"Messenia-Eleia border at Neda river","26-11-168","{""type"": ""GeometryCollection"", ""geometries"": [{""type"": ""Polygon"", ""coordinates"": [[[21.679447516607297, 37.377855796409506], [21.69308574928442, 37.383549915396586], [21.70656257510359, 37.3919005637385], [21.73281320051933, 37.392128991291955], [21.736408366160447, 37.390560791808994], [21.765853660145467, 37.39367544934754], [21.7695169571287, 37.400983291326355], [21.733481582057408, 37.39813684282345], [21.704581740057193, 37.39765182548311], [21.676920510091378, 37.386169691588165], [21.679447516607297, 37.377855796409506]]]}]}","mythic/historic site"
"5.4.5",1246,"Messenia-Eleia border at Neda river","27-11-168","{""type"": ""GeometryCollection"", ""geometries"": [{""type"": ""Polygon"", ""coordinates"": [[[21.679447516607297, 37.377855796409506], [21.69308574928442, 37.383549915396586], [21.70656257510359, 37.3919005637385], [21.73281320051933, 37.392128991291955], [21.736408366160447, 37.390560791808994], [21.765853660145467, 37.39367544934754], [21.7695169571287, 37.400983291326355], [21.733481582057408, 37.39813684282345], [21.704581740057193, 37.39765182548311], [21.676920510091378, 37.386169691588165], [21.679447516607297, 37.377855796409506]]]}]}","mythic/historic site"
"5.4.6",1247,"Messenia-Eleia border at Neda river","28-11-168","{""type"": ""GeometryCollection"", ""geometries"": [{""type"": ""Polygon"", ""coordinates"": [[[21.679447516607297, 37.377855796409506], [21.69308574928442, 37.383549915396586], [21.70656257510359, 37.3919005637385], [21.73281320051933, 37.392128991291955], [21.736408366160447, 37.390560791808994], [21.765853660145467, 37.39367544934754], [21.7695169571287, 37.400983291326355], [21.733481582057408, 37.39813684282345], [21.704581740057193, 37.39765182548311], [21.676920510091378, 37.386169691588165], [21.679447516607297, 37.377855796409506]]]}]}","mythic/historic site"
"5.4.7",1248,"Messenia-Eleia border at Neda river","29-11-168","{""type"": ""GeometryCollection"", ""geometries"": [{""type"": ""Polygon"", ""coordinates"": [[[21.679447516607297, 37.377855796409506], [21.69308574928442, 37.383549915396586], [21.70656257510359, 37.3919005637385], [21.73281320051933, 37.392128991291955], [21.736408366160447, 37.390560791808994], [21.765853660145467, 37.39367544934754], [21.7695169571287, 37.400983291326355], [21.733481582057408, 37.39813684282345], [21.704581740057193, 37.39765182548311], [21.676920510091378, 37.386169691588165], [21.679447516607297, 37.377855796409506]]]}]}","mythic/historic site"
"5.4.8",1249,"Messenia-Eleia border at Neda river","30-11-168","{""type"": ""GeometryCollection"", ""geometries"": [{""type"": ""Polygon"", ""coordinates"": [[[21.679447516607297, 37.377855796409506], [21.69308574928442, 37.383549915396586], [21.70656257510359, 37.3919005637385], [21.73281320051933, 37.392128991291955], [21.736408366160447, 37.390560791808994], [21.765853660145467, 37.39367544934754], [21.7695169571287, 37.400983291326355], [21.733481582057408, 37.39813684282345], [21.704581740057193, 37.39765182548311], [21.676920510091378, 37.386169691588165], [21.679447516607297, 37.377855796409506]]]}]}","mythic/historic site"
"5.4.9",1250,"Messenia-Eleia border at Neda river","01-12-168","{""type"": ""GeometryCollection"", ""geometries"": [{""type"": ""Polygon"", ""coordinates"": [[[21.679447516607297, 37.377855796409506], [21.69308574928442, 37.383549915396586], [21.70656257510359, 37.3919005637385], [21.73281320051933, 37.392128991291955], [21.736408366160447, 37.390560791808994], [21.765853660145467, 37.39367544934754], [21.7695169571287, 37.400983291326355], [21.733481582057408, 37.39813684282345], [21.704581740057193, 37.39765182548311], [21.676920510091378, 37.386169691588165], [21.679447516607297, 37.377855796409506]]]}]}","mythic/historic site"
"5.5.1",1251,"Messenia-Eleia border at Neda river","02-12-168","{""type"": ""GeometryCollection"", ""geometries"": [{""type"": ""Polygon"", ""coordinates"": [[[21.679447516607297, 37.377855796409506], [21.69308574928442, 37.383549915396586], [21.70656257510359, 37.3919005637385], [21.73281320051933, 37.392128991291955], [21.736408366160447, 37.390560791808994], [21.765853660145467, 37.39367544934754], [21.7695169571287, 37.400983291326355], [21.733481582057408, 37.39813684282345], [21.704581740057193, 37.39765182548311], [21.676920510091378, 37.386169691588165], [21.679447516607297, 37.377855796409506]]]}]}","mythic/historic site"
"5.5.2",1252,"Messenia-Eleia border at Neda river","03-12-168","{""type"": ""GeometryCollection"", ""geometries"": [{""type"": ""Polygon"", ""coordinates"": [[[21.679447516607297, 37.377855796409506], [21.69308574928442, 37.383549915396586], [21.70656257510359, 37.3919005637385], [21.73281320051933, 37.392128991291955], [21.736408366160447, 37.390560791808994], [21.765853660145467, 37.39367544934754], [21.7695169571287, 37.400983291326355], [21.733481582057408, 37.39813684282345], [21.704581740057193, 37.39765182548311], [21.676920510091378, 37.386169691588165], [21.679447516607297, 37.377855796409506]]]}]}","mythic/historic site"
"5.6.1",1262,"road Samikon to Olympia","13-12-168","{""type"": ""GeometryCollection"", ""geometries"": [{""type"": ""LineString"", ""coordinates"": [[21.70236, 37.28606], [21.702445, 37.295748], [21.702204, 37.316357], [21.70227, 37.31996], [21.702733, 37.322802], [21.702006, 37.327529], [21.703097, 37.333974], [21.702832, 37.33642], [21.694206, 37.360646], [21.693349, 37.368323], [21.69117, 37.373019], [21.69134, 37.374373], [21.693011, 37.376129], [21.693688, 37.377821], [21.691509, 37.387044], [21.691958, 37.390095], [21.691231, 37.391516], [21.687067, 37.3934], [21.684026, 37.395185], [21.677515, 37.402258], [21.676523, 37.403679], [21.671665, 37.415974], [21.661586, 37.438251], [21.654818, 37.446605], [21.653126, 37.44953], [21.650134, 37.451208], [21.649024, 37.45221], [21.648441, 37.453415], [21.647128, 37.455094], [21.644042, 37.458287], [21.638754, 37.464849], [21.637155, 37.46788], [21.635054, 37.470111], [21.63353, 37.472007], [21.63273, 37.473717], [21.631708, 37.475242], [21.630908, 37.475372], [21.626799, 37.480001], [21.621557, 37.486323], [21.614781, 37.493939], [21.608603, 37.500398], [21.604364, 37.504483], [21.60153, 37.507905], [21.59696, 37.512424], [21.593947, 37.515028], [21.593182, 37.516866], [21.592211, 37.521998], [21.593644, 37.533318], [21.593219, 37.535932], [21.593448, 37.536504], [21.594085, 37.537027], [21.595785, 37.537942], [21.597288, 37.539658], [21.596863, 37.547746], [21.595131, 37.551226], [21.591585, 37.555867], [21.591585, 37.555867], [21.591553, 37.557877], [21.591095, 37.558612], [21.59067, 37.558743], [21.590719, 37.559396], [21.590245, 37.560083], [21.590278, 37.560932], [21.588644, 37.56438], [21.587566, 37.565834], [21.587288, 37.566439], [21.586618, 37.567076], [21.586454, 37.567942], [21.586095, 37.568465], [21.587451, 37.568302], [21.587337, 37.56938], [21.587631, 37.570377], [21.586732, 37.572109], [21.586961, 37.573155], [21.588824, 37.57407], [21.589036, 37.573792], [21.589902, 37.573874], [21.589935, 37.574201], [21.591536, 37.574626], [21.592435, 37.576031], [21.594478, 37.576554], [21.595866, 37.577779], [21.596765, 37.57938], [21.597762, 37.579495], [21.598775, 37.580606], [21.599919, 37.583106], [21.600066, 37.584119], [21.599232, 37.584805], [21.598546, 37.585067], [21.597615, 37.586488], [21.596406, 37.586734], [21.59603, 37.587518], [21.594853, 37.588237], [21.595098, 37.589103], [21.594347, 37.589936], [21.593938, 37.591031], [21.595213, 37.591587], [21.596291, 37.592681], [21.597778, 37.593041], [21.598252, 37.593923], [21.596536, 37.596293], [21.596651, 37.596505], [21.599559, 37.597927], [21.598857, 37.599103], [21.599461, 37.59974], [21.599298, 37.600672], [21.598579, 37.601195], [21.599968, 37.601963], [21.599755, 37.603776], [21.600049, 37.604512], [21.600932, 37.604708], [21.600883, 37.606995], [21.602533, 37.609806], [21.603857, 37.611571], [21.605082, 37.612747], [21.606635, 37.616097], [21.608154, 37.617486], [21.609445, 37.617486], [21.610425, 37.617927], [21.610556, 37.619365], [21.611651, 37.619332], [21.614167, 37.62028], [21.61585, 37.620231], [21.616635, 37.620901], [21.618367, 37.621211], [21.623939, 37.625133], [21.624217, 37.626048], [21.625736, 37.627094], [21.626096, 37.628287], [21.627419, 37.629986], [21.628547, 37.63064], [21.62822, 37.632486], [21.628528, 37.634528], [21.630421, 37.635427], [21.630536, 37.635866], [21.629753, 37.636933], [21.629131, 37.638593]]}]}","mythic/historic site"
"5.6.2",1263,"road Samikon to Olympia","14-12-168","{""type"": ""GeometryCollection"", ""geometries"": [{""type"": ""LineString"", ""coordinates"": [[21.70236, 37.28606], [21.702445, 37.295748], [21.702204, 37.316357], [21.70227, 37.31996], [21.702733, 37.322802], [21.702006, 37.327529], [21.703097, 37.333974], [21.702832, 37.33642], [21.694206, 37.360646], [21.693349, 37.368323], [21.69117, 37.373019], [21.69134, 37.374373], [21.693011, 37.376129], [21.693688, 37.377821], [21.691509, 37.387044], [21.691958, 37.390095], [21.691231, 37.391516], [21.687067, 37.3934], [21.684026, 37.395185], [21.677515, 37.402258], [21.676523, 37.403679], [21.671665, 37.415974], [21.661586, 37.438251], [21.654818, 37.446605], [21.653126, 37.44953], [21.650134, 37.451208], [21.649024, 37.45221], [21.648441, 37.453415], [21.647128, 37.455094], [21.644042, 37.458287], [21.638754, 37.464849], [21.637155, 37.46788], [21.635054, 37.470111], [21.63353, 37.472007], [21.63273, 37.473717], [21.631708, 37.475242], [21.630908, 37.475372], [21.626799, 37.480001], [21.621557, 37.486323], [21.614781, 37.493939], [21.608603, 37.500398], [21.604364, 37.504483], [21.60153, 37.507905], [21.59696, 37.512424], [21.593947, 37.515028], [21.593182, 37.516866], [21.592211, 37.521998], [21.593644, 37.533318], [21.593219, 37.535932], [21.593448, 37.536504], [21.594085, 37.537027], [21.595785, 37.537942], [21.597288, 37.539658], [21.596863, 37.547746], [21.595131, 37.551226], [21.591585, 37.555867], [21.591585, 37.555867], [21.591553, 37.557877], [21.591095, 37.558612], [21.59067, 37.558743], [21.590719, 37.559396], [21.590245, 37.560083], [21.590278, 37.560932], [21.588644, 37.56438], [21.587566, 37.565834], [21.587288, 37.566439], [21.586618, 37.567076], [21.586454, 37.567942], [21.586095, 37.568465], [21.587451, 37.568302], [21.587337, 37.56938], [21.587631, 37.570377], [21.586732, 37.572109], [21.586961, 37.573155], [21.588824, 37.57407], [21.589036, 37.573792], [21.589902, 37.573874], [21.589935, 37.574201], [21.591536, 37.574626], [21.592435, 37.576031], [21.594478, 37.576554], [21.595866, 37.577779], [21.596765, 37.57938], [21.597762, 37.579495], [21.598775, 37.580606], [21.599919, 37.583106], [21.600066, 37.584119], [21.599232, 37.584805], [21.598546, 37.585067], [21.597615, 37.586488], [21.596406, 37.586734], [21.59603, 37.587518], [21.594853, 37.588237], [21.595098, 37.589103], [21.594347, 37.589936], [21.593938, 37.591031], [21.595213, 37.591587], [21.596291, 37.592681], [21.597778, 37.593041], [21.598252, 37.593923], [21.596536, 37.596293], [21.596651, 37.596505], [21.599559, 37.597927], [21.598857, 37.599103], [21.599461, 37.59974], [21.599298, 37.600672], [21.598579, 37.601195], [21.599968, 37.601963], [21.599755, 37.603776], [21.600049, 37.604512], [21.600932, 37.604708], [21.600883, 37.606995], [21.602533, 37.609806], [21.603857, 37.611571], [21.605082, 37.612747], [21.606635, 37.616097], [21.608154, 37.617486], [21.609445, 37.617486], [21.610425, 37.617927], [21.610556, 37.619365], [21.611651, 37.619332], [21.614167, 37.62028], [21.61585, 37.620231], [21.616635, 37.620901], [21.618367, 37.621211], [21.623939, 37.625133], [21.624217, 37.626048], [21.625736, 37.627094], [21.626096, 37.628287], [21.627419, 37.629986], [21.628547, 37.63064], [21.62822, 37.632486], [21.628528, 37.634528], [21.630421, 37.635427], [21.630536, 37.635866], [21.629753, 37.636933], [21.629131, 37.638593]]}]}","mythic/historic site"
"5.6.3",1264,"road Samikon to Olympia","15-12-168","{""type"": ""GeometryCollection"", ""geometries"": [{""type"": ""LineString"", ""coordinates"": [[21.70236, 37.28606], [21.702445, 37.295748], [21.702204, 37.316357], [21.70227, 37.31996], [21.702733, 37.322802], [21.702006, 37.327529], [21.703097, 37.333974], [21.702832, 37.33642], [21.694206, 37.360646], [21.693349, 37.368323], [21.69117, 37.373019], [21.69134, 37.374373], [21.693011, 37.376129], [21.693688, 37.377821], [21.691509, 37.387044], [21.691958, 37.390095], [21.691231, 37.391516], [21.687067, 37.3934], [21.684026, 37.395185], [21.677515, 37.402258], [21.676523, 37.403679], [21.671665, 37.415974], [21.661586, 37.438251], [21.654818, 37.446605], [21.653126, 37.44953], [21.650134, 37.451208], [21.649024, 37.45221], [21.648441, 37.453415], [21.647128, 37.455094], [21.644042, 37.458287], [21.638754, 37.464849], [21.637155, 37.46788], [21.635054, 37.470111], [21.63353, 37.472007], [21.63273, 37.473717], [21.631708, 37.475242], [21.630908, 37.475372], [21.626799, 37.480001], [21.621557, 37.486323], [21.614781, 37.493939], [21.608603, 37.500398], [21.604364, 37.504483], [21.60153, 37.507905], [21.59696, 37.512424], [21.593947, 37.515028], [21.593182, 37.516866], [21.592211, 37.521998], [21.593644, 37.533318], [21.593219, 37.535932], [21.593448, 37.536504], [21.594085, 37.537027], [21.595785, 37.537942], [21.597288, 37.539658], [21.596863, 37.547746], [21.595131, 37.551226], [21.591585, 37.555867], [21.591585, 37.555867], [21.591553, 37.557877], [21.591095, 37.558612], [21.59067, 37.558743], [21.590719, 37.559396], [21.590245, 37.560083], [21.590278, 37.560932], [21.588644, 37.56438], [21.587566, 37.565834], [21.587288, 37.566439], [21.586618, 37.567076], [21.586454, 37.567942], [21.586095, 37.568465], [21.587451, 37.568302], [21.587337, 37.56938], [21.587631, 37.570377], [21.586732, 37.572109], [21.586961, 37.573155], [21.588824, 37.57407], [21.589036, 37.573792], [21.589902, 37.573874], [21.589935, 37.574201], [21.591536, 37.574626], [21.592435, 37.576031], [21.594478, 37.576554], [21.595866, 37.577779], [21.596765, 37.57938], [21.597762, 37.579495], [21.598775, 37.580606], [21.599919, 37.583106], [21.600066, 37.584119], [21.599232, 37.584805], [21.598546, 37.585067], [21.597615, 37.586488], [21.596406, 37.586734], [21.59603, 37.587518], [21.594853, 37.588237], [21.595098, 37.589103], [21.594347, 37.589936], [21.593938, 37.591031], [21.595213, 37.591587], [21.596291, 37.592681], [21.597778, 37.593041], [21.598252, 37.593923], [21.596536, 37.596293], [21.596651, 37.596505], [21.599559, 37.597927], [21.598857, 37.599103], [21.599461, 37.59974], [21.599298, 37.600672], [21.598579, 37.601195], [21.599968, 37.601963], [21.599755, 37.603776], [21.600049, 37.604512], [21.600932, 37.604708], [21.600883, 37.606995], [21.602533, 37.609806], [21.603857, 37.611571], [21.605082, 37.612747], [21.606635, 37.616097], [21.608154, 37.617486], [21.609445, 37.617486], [21.610425, 37.617927], [21.610556, 37.619365], [21.611651, 37.619332], [21.614167, 37.62028], [21.61585, 37.620231], [21.616635, 37.620901], [21.618367, 37.621211], [21.623939, 37.625133], [21.624217, 37.626048], [21.625736, 37.627094], [21.626096, 37.628287], [21.627419, 37.629986], [21.628547, 37.63064], [21.62822, 37.632486], [21.628528, 37.634528], [21.630421, 37.635427], [21.630536, 37.635866], [21.629753, 37.636933], [21.629131, 37.638593]]}]}","mythic/historic site"
"5.6.4",1265,"road Samikon to Olympia","16-12-168","{""type"": ""GeometryCollection"", ""geometries"": [{""type"": ""LineString"", ""coordinates"": [[21.70236, 37.28606], [21.702445, 37.295748], [21.702204, 37.316357], [21.70227, 37.31996], [21.702733, 37.322802], [21.702006, 37.327529], [21.703097, 37.333974], [21.702832, 37.33642], [21.694206, 37.360646], [21.693349, 37.368323], [21.69117, 37.373019], [21.69134, 37.374373], [21.693011, 37.376129], [21.693688, 37.377821], [21.691509, 37.387044], [21.691958, 37.390095], [21.691231, 37.391516], [21.687067, 37.3934], [21.684026, 37.395185], [21.677515, 37.402258], [21.676523, 37.403679], [21.671665, 37.415974], [21.661586, 37.438251], [21.654818, 37.446605], [21.653126, 37.44953], [21.650134, 37.451208], [21.649024, 37.45221], [21.648441, 37.453415], [21.647128, 37.455094], [21.644042, 37.458287], [21.638754, 37.464849], [21.637155, 37.46788], [21.635054, 37.470111], [21.63353, 37.472007], [21.63273, 37.473717], [21.631708, 37.475242], [21.630908, 37.475372], [21.626799, 37.480001], [21.621557, 37.486323], [21.614781, 37.493939], [21.608603, 37.500398], [21.604364, 37.504483], [21.60153, 37.507905], [21.59696, 37.512424], [21.593947, 37.515028], [21.593182, 37.516866], [21.592211, 37.521998], [21.593644, 37.533318], [21.593219, 37.535932], [21.593448, 37.536504], [21.594085, 37.537027], [21.595785, 37.537942], [21.597288, 37.539658], [21.596863, 37.547746], [21.595131, 37.551226], [21.591585, 37.555867], [21.591585, 37.555867], [21.591553, 37.557877], [21.591095, 37.558612], [21.59067, 37.558743], [21.590719, 37.559396], [21.590245, 37.560083], [21.590278, 37.560932], [21.588644, 37.56438], [21.587566, 37.565834], [21.587288, 37.566439], [21.586618, 37.567076], [21.586454, 37.567942], [21.586095, 37.568465], [21.587451, 37.568302], [21.587337, 37.56938], [21.587631, 37.570377], [21.586732, 37.572109], [21.586961, 37.573155], [21.588824, 37.57407], [21.589036, 37.573792], [21.589902, 37.573874], [21.589935, 37.574201], [21.591536, 37.574626], [21.592435, 37.576031], [21.594478, 37.576554], [21.595866, 37.577779], [21.596765, 37.57938], [21.597762, 37.579495], [21.598775, 37.580606], [21.599919, 37.583106], [21.600066, 37.584119], [21.599232, 37.584805], [21.598546, 37.585067], [21.597615, 37.586488], [21.596406, 37.586734], [21.59603, 37.587518], [21.594853, 37.588237], [21.595098, 37.589103], [21.594347, 37.589936], [21.593938, 37.591031], [21.595213, 37.591587], [21.596291, 37.592681], [21.597778, 37.593041], [21.598252, 37.593923], [21.596536, 37.596293], [21.596651, 37.596505], [21.599559, 37.597927], [21.598857, 37.599103], [21.599461, 37.59974], [21.599298, 37.600672], [21.598579, 37.601195], [21.599968, 37.601963], [21.599755, 37.603776], [21.600049, 37.604512], [21.600932, 37.604708], [21.600883, 37.606995], [21.602533, 37.609806], [21.603857, 37.611571], [21.605082, 37.612747], [21.606635, 37.616097], [21.608154, 37.617486], [21.609445, 37.617486], [21.610425, 37.617927], [21.610556, 37.619365], [21.611651, 37.619332], [21.614167, 37.62028], [21.61585, 37.620231], [21.616635, 37.620901], [21.618367, 37.621211], [21.623939, 37.625133], [21.624217, 37.626048], [21.625736, 37.627094], [21.626096, 37.628287], [21.627419, 37.629986], [21.628547, 37.63064], [21.62822, 37.632486], [21.628528, 37.634528], [21.630421, 37.635427], [21.630536, 37.635866], [21.629753, 37.636933], [21.629131, 37.638593]]}]}","mythic/historic site"
"5.6.5",1266,"road Samikon to Olympia","17-12-168","{""type"": ""GeometryCollection"", ""geometries"": [{""type"": ""LineString"", ""coordinates"": [[21.70236, 37.28606], [21.702445, 37.295748], [21.702204, 37.316357], [21.70227, 37.31996], [21.702733, 37.322802], [21.702006, 37.327529], [21.703097, 37.333974], [21.702832, 37.33642], [21.694206, 37.360646], [21.693349, 37.368323], [21.69117, 37.373019], [21.69134, 37.374373], [21.693011, 37.376129], [21.693688, 37.377821], [21.691509, 37.387044], [21.691958, 37.390095], [21.691231, 37.391516], [21.687067, 37.3934], [21.684026, 37.395185], [21.677515, 37.402258], [21.676523, 37.403679], [21.671665, 37.415974], [21.661586, 37.438251], [21.654818, 37.446605], [21.653126, 37.44953], [21.650134, 37.451208], [21.649024, 37.45221], [21.648441, 37.453415], [21.647128, 37.455094], [21.644042, 37.458287], [21.638754, 37.464849], [21.637155, 37.46788], [21.635054, 37.470111], [21.63353, 37.472007], [21.63273, 37.473717], [21.631708, 37.475242], [21.630908, 37.475372], [21.626799, 37.480001], [21.621557, 37.486323], [21.614781, 37.493939], [21.608603, 37.500398], [21.604364, 37.504483], [21.60153, 37.507905], [21.59696, 37.512424], [21.593947, 37.515028], [21.593182, 37.516866], [21.592211, 37.521998], [21.593644, 37.533318], [21.593219, 37.535932], [21.593448, 37.536504], [21.594085, 37.537027], [21.595785, 37.537942], [21.597288, 37.539658], [21.596863, 37.547746], [21.595131, 37.551226], [21.591585, 37.555867], [21.591585, 37.555867], [21.591553, 37.557877], [21.591095, 37.558612], [21.59067, 37.558743], [21.590719, 37.559396], [21.590245, 37.560083], [21.590278, 37.560932], [21.588644, 37.56438], [21.587566, 37.565834], [21.587288, 37.566439], [21.586618, 37.567076], [21.586454, 37.567942], [21.586095, 37.568465], [21.587451, 37.568302], [21.587337, 37.56938], [21.587631, 37.570377], [21.586732, 37.572109], [21.586961, 37.573155], [21.588824, 37.57407], [21.589036, 37.573792], [21.589902, 37.573874], [21.589935, 37.574201], [21.591536, 37.574626], [21.592435, 37.576031], [21.594478, 37.576554], [21.595866, 37.577779], [21.596765, 37.57938], [21.597762, 37.579495], [21.598775, 37.580606], [21.599919, 37.583106], [21.600066, 37.584119], [21.599232, 37.584805], [21.598546, 37.585067], [21.597615, 37.586488], [21.596406, 37.586734], [21.59603, 37.587518], [21.594853, 37.588237], [21.595098, 37.589103], [21.594347, 37.589936], [21.593938, 37.591031], [21.595213, 37.591587], [21.596291, 37.592681], [21.597778, 37.593041], [21.598252, 37.593923], [21.596536, 37.596293], [21.596651, 37.596505], [21.599559, 37.597927], [21.598857, 37.599103], [21.599461, 37.59974], [21.599298, 37.600672], [21.598579, 37.601195], [21.599968, 37.601963], [21.599755, 37.603776], [21.600049, 37.604512], [21.600932, 37.604708], [21.600883, 37.606995], [21.602533, 37.609806], [21.603857, 37.611571], [21.605082, 37.612747], [21.606635, 37.616097], [21.608154, 37.617486], [21.609445, 37.617486], [21.610425, 37.617927], [21.610556, 37.619365], [21.611651, 37.619332], [21.614167, 37.62028], [21.61585, 37.620231], [21.616635, 37.620901], [21.618367, 37.621211], [21.623939, 37.625133], [21.624217, 37.626048], [21.625736, 37.627094], [21.626096, 37.628287], [21.627419, 37.629986], [21.628547, 37.63064], [21.62822, 37.632486], [21.628528, 37.634528], [21.630421, 37.635427], [21.630536, 37.635866], [21.629753, 37.636933], [21.629131, 37.638593]]}]}","mythic/historic site"
"5.6.6",1267,"road Samikon to Olympia","18-12-168","{""type"": ""GeometryCollection"", ""geometries"": [{""type"": ""LineString"", ""coordinates"": [[21.70236, 37.28606], [21.702445, 37.295748], [21.702204, 37.316357], [21.70227, 37.31996], [21.702733, 37.322802], [21.702006, 37.327529], [21.703097, 37.333974], [21.702832, 37.33642], [21.694206, 37.360646], [21.693349, 37.368323], [21.69117, 37.373019], [21.69134, 37.374373], [21.693011, 37.376129], [21.693688, 37.377821], [21.691509, 37.387044], [21.691958, 37.390095], [21.691231, 37.391516], [21.687067, 37.3934], [21.684026, 37.395185], [21.677515, 37.402258], [21.676523, 37.403679], [21.671665, 37.415974], [21.661586, 37.438251], [21.654818, 37.446605], [21.653126, 37.44953], [21.650134, 37.451208], [21.649024, 37.45221], [21.648441, 37.453415], [21.647128, 37.455094], [21.644042, 37.458287], [21.638754, 37.464849], [21.637155, 37.46788], [21.635054, 37.470111], [21.63353, 37.472007], [21.63273, 37.473717], [21.631708, 37.475242], [21.630908, 37.475372], [21.626799, 37.480001], [21.621557, 37.486323], [21.614781, 37.493939], [21.608603, 37.500398], [21.604364, 37.504483], [21.60153, 37.507905], [21.59696, 37.512424], [21.593947, 37.515028], [21.593182, 37.516866], [21.592211, 37.521998], [21.593644, 37.533318], [21.593219, 37.535932], [21.593448, 37.536504], [21.594085, 37.537027], [21.595785, 37.537942], [21.597288, 37.539658], [21.596863, 37.547746], [21.595131, 37.551226], [21.591585, 37.555867], [21.591585, 37.555867], [21.591553, 37.557877], [21.591095, 37.558612], [21.59067, 37.558743], [21.590719, 37.559396], [21.590245, 37.560083], [21.590278, 37.560932], [21.588644, 37.56438], [21.587566, 37.565834], [21.587288, 37.566439], [21.586618, 37.567076], [21.586454, 37.567942], [21.586095, 37.568465], [21.587451, 37.568302], [21.587337, 37.56938], [21.587631, 37.570377], [21.586732, 37.572109], [21.586961, 37.573155], [21.588824, 37.57407], [21.589036, 37.573792], [21.589902, 37.573874], [21.589935, 37.574201], [21.591536, 37.574626], [21.592435, 37.576031], [21.594478, 37.576554], [21.595866, 37.577779], [21.596765, 37.57938], [21.597762, 37.579495], [21.598775, 37.580606], [21.599919, 37.583106], [21.600066, 37.584119], [21.599232, 37.584805], [21.598546, 37.585067], [21.597615, 37.586488], [21.596406, 37.586734], [21.59603, 37.587518], [21.594853, 37.588237], [21.595098, 37.589103], [21.594347, 37.589936], [21.593938, 37.591031], [21.595213, 37.591587], [21.596291, 37.592681], [21.597778, 37.593041], [21.598252, 37.593923], [21.596536, 37.596293], [21.596651, 37.596505], [21.599559, 37.597927], [21.598857, 37.599103], [21.599461, 37.59974], [21.599298, 37.600672], [21.598579, 37.601195], [21.599968, 37.601963], [21.599755, 37.603776], [21.600049, 37.604512], [21.600932, 37.604708], [21.600883, 37.606995], [21.602533, 37.609806], [21.603857, 37.611571], [21.605082, 37.612747], [21.606635, 37.616097], [21.608154, 37.617486], [21.609445, 37.617486], [21.610425, 37.617927], [21.610556, 37.619365], [21.611651, 37.619332], [21.614167, 37.62028], [21.61585, 37.620231], [21.616635, 37.620901], [21.618367, 37.621211], [21.623939, 37.625133], [21.624217, 37.626048], [21.625736, 37.627094], [21.626096, 37.628287], [21.627419, 37.629986], [21.628547, 37.63064], [21.62822, 37.632486], [21.628528, 37.634528], [21.630421, 37.635427], [21.630536, 37.635866], [21.629753, 37.636933], [21.629131, 37.638593]]}]}","mythic/historic site"
"5.6.7",1268,"road Samikon to Olympia","19-12-168","{""type"": ""GeometryCollection"", ""geometries"": [{""type"": ""LineString"", ""coordinates"": [[21.70236, 37.28606], [21.702445, 37.295748], [21.702204, 37.316357], [21.70227, 37.31996], [21.702733, 37.322802], [21.702006, 37.327529], [21.703097, 37.333974], [21.702832, 37.33642], [21.694206, 37.360646], [21.693349, 37.368323], [21.69117, 37.373019], [21.69134, 37.374373], [21.693011, 37.376129], [21.693688, 37.377821], [21.691509, 37.387044], [21.691958, 37.390095], [21.691231, 37.391516], [21.687067, 37.3934], [21.684026, 37.395185], [21.677515, 37.402258], [21.676523, 37.403679], [21.671665, 37.415974], [21.661586, 37.438251], [21.654818, 37.446605], [21.653126, 37.44953], [21.650134, 37.451208], [21.649024, 37.45221], [21.648441, 37.453415], [21.647128, 37.455094], [21.644042, 37.458287], [21.638754, 37.464849], [21.637155, 37.46788], [21.635054, 37.470111], [21.63353, 37.472007], [21.63273, 37.473717], [21.631708, 37.475242], [21.630908, 37.475372], [21.626799, 37.480001], [21.621557, 37.486323], [21.614781, 37.493939], [21.608603, 37.500398], [21.604364, 37.504483], [21.60153, 37.507905], [21.59696, 37.512424], [21.593947, 37.515028], [21.593182, 37.516866], [21.592211, 37.521998], [21.593644, 37.533318], [21.593219, 37.535932], [21.593448, 37.536504], [21.594085, 37.537027], [21.595785, 37.537942], [21.597288, 37.539658], [21.596863, 37.547746], [21.595131, 37.551226], [21.591585, 37.555867], [21.591585, 37.555867], [21.591553, 37.557877], [21.591095, 37.558612], [21.59067, 37.558743], [21.590719, 37.559396], [21.590245, 37.560083], [21.590278, 37.560932], [21.588644, 37.56438], [21.587566, 37.565834], [21.587288, 37.566439], [21.586618, 37.567076], [21.586454, 37.567942], [21.586095, 37.568465], [21.587451, 37.568302], [21.587337, 37.56938], [21.587631, 37.570377], [21.586732, 37.572109], [21.586961, 37.573155], [21.588824, 37.57407], [21.589036, 37.573792], [21.589902, 37.573874], [21.589935, 37.574201], [21.591536, 37.574626], [21.592435, 37.576031], [21.594478, 37.576554], [21.595866, 37.577779], [21.596765, 37.57938], [21.597762, 37.579495], [21.598775, 37.580606], [21.599919, 37.583106], [21.600066, 37.584119], [21.599232, 37.584805], [21.598546, 37.585067], [21.597615, 37.586488], [21.596406, 37.586734], [21.59603, 37.587518], [21.594853, 37.588237], [21.595098, 37.589103], [21.594347, 37.589936], [21.593938, 37.591031], [21.595213, 37.591587], [21.596291, 37.592681], [21.597778, 37.593041], [21.598252, 37.593923], [21.596536, 37.596293], [21.596651, 37.596505], [21.599559, 37.597927], [21.598857, 37.599103], [21.599461, 37.59974], [21.599298, 37.600672], [21.598579, 37.601195], [21.599968, 37.601963], [21.599755, 37.603776], [21.600049, 37.604512], [21.600932, 37.604708], [21.600883, 37.606995], [21.602533, 37.609806], [21.603857, 37.611571], [21.605082, 37.612747], [21.606635, 37.616097], [21.608154, 37.617486], [21.609445, 37.617486], [21.610425, 37.617927], [21.610556, 37.619365], [21.611651, 37.619332], [21.614167, 37.62028], [21.61585, 37.620231], [21.616635, 37.620901], [21.618367, 37.621211], [21.623939, 37.625133], [21.624217, 37.626048], [21.625736, 37.627094], [21.626096, 37.628287], [21.627419, 37.629986], [21.628547, 37.63064], [21.62822, 37.632486], [21.628528, 37.634528], [21.630421, 37.635427], [21.630536, 37.635866], [21.629753, 37.636933], [21.629131, 37.638593]]}]}","mythic/historic site"
"5.6.8",1269,"road Samikon to Olympia","20-12-168","{""type"": ""GeometryCollection"", ""geometries"": [{""type"": ""LineString"", ""coordinates"": [[21.70236, 37.28606], [21.702445, 37.295748], [21.702204, 37.316357], [21.70227, 37.31996], [21.702733, 37.322802], [21.702006, 37.327529], [21.703097, 37.333974], [21.702832, 37.33642], [21.694206, 37.360646], [21.693349, 37.368323], [21.69117, 37.373019], [21.69134, 37.374373], [21.693011, 37.376129], [21.693688, 37.377821], [21.691509, 37.387044], [21.691958, 37.390095], [21.691231, 37.391516], [21.687067, 37.3934], [21.684026, 37.395185], [21.677515, 37.402258], [21.676523, 37.403679], [21.671665, 37.415974], [21.661586, 37.438251], [21.654818, 37.446605], [21.653126, 37.44953], [21.650134, 37.451208], [21.649024, 37.45221], [21.648441, 37.453415], [21.647128, 37.455094], [21.644042, 37.458287], [21.638754, 37.464849], [21.637155, 37.46788], [21.635054, 37.470111], [21.63353, 37.472007], [21.63273, 37.473717], [21.631708, 37.475242], [21.630908, 37.475372], [21.626799, 37.480001], [21.621557, 37.486323], [21.614781, 37.493939], [21.608603, 37.500398], [21.604364, 37.504483], [21.60153, 37.507905], [21.59696, 37.512424], [21.593947, 37.515028], [21.593182, 37.516866], [21.592211, 37.521998], [21.593644, 37.533318], [21.593219, 37.535932], [21.593448, 37.536504], [21.594085, 37.537027], [21.595785, 37.537942], [21.597288, 37.539658], [21.596863, 37.547746], [21.595131, 37.551226], [21.591585, 37.555867], [21.591585, 37.555867], [21.591553, 37.557877], [21.591095, 37.558612], [21.59067, 37.558743], [21.590719, 37.559396], [21.590245, 37.560083], [21.590278, 37.560932], [21.588644, 37.56438], [21.587566, 37.565834], [21.587288, 37.566439], [21.586618, 37.567076], [21.586454, 37.567942], [21.586095, 37.568465], [21.587451, 37.568302], [21.587337, 37.56938], [21.587631, 37.570377], [21.586732, 37.572109], [21.586961, 37.573155], [21.588824, 37.57407], [21.589036, 37.573792], [21.589902, 37.573874], [21.589935, 37.574201], [21.591536, 37.574626], [21.592435, 37.576031], [21.594478, 37.576554], [21.595866, 37.577779], [21.596765, 37.57938], [21.597762, 37.579495], [21.598775, 37.580606], [21.599919, 37.583106], [21.600066, 37.584119], [21.599232, 37.584805], [21.598546, 37.585067], [21.597615, 37.586488], [21.596406, 37.586734], [21.59603, 37.587518], [21.594853, 37.588237], [21.595098, 37.589103], [21.594347, 37.589936], [21.593938, 37.591031], [21.595213, 37.591587], [21.596291, 37.592681], [21.597778, 37.593041], [21.598252, 37.593923], [21.596536, 37.596293], [21.596651, 37.596505], [21.599559, 37.597927], [21.598857, 37.599103], [21.599461, 37.59974], [21.599298, 37.600672], [21.598579, 37.601195], [21.599968, 37.601963], [21.599755, 37.603776], [21.600049, 37.604512], [21.600932, 37.604708], [21.600883, 37.606995], [21.602533, 37.609806], [21.603857, 37.611571], [21.605082, 37.612747], [21.606635, 37.616097], [21.608154, 37.617486], [21.609445, 37.617486], [21.610425, 37.617927], [21.610556, 37.619365], [21.611651, 37.619332], [21.614167, 37.62028], [21.61585, 37.620231], [21.616635, 37.620901], [21.618367, 37.621211], [21.623939, 37.625133], [21.624217, 37.626048], [21.625736, 37.627094], [21.626096, 37.628287], [21.627419, 37.629986], [21.628547, 37.63064], [21.62822, 37.632486], [21.628528, 37.634528], [21.630421, 37.635427], [21.630536, 37.635866], [21.629753, 37.636933], [21.629131, 37.638593]]}]}","mythic/historic site"
"5.7.1",1270,"Alpheios river crossing at Olympia","21-12-168","{""type"": ""Point"", ""coordinates"": [21.63, 37.633]}","mythic/historic site"
"5.7.2",1271,"Alpheios river crossing at Olympia","22-12-168","{""type"": ""Point"", ""coordinates"": [21.63, 37.633]}","mythic/historic site"
"5.7.3",1272,"Alpheios river crossing at Olympia","23-12-168","{""type"": ""Point"", ""coordinates"": [21.63, 37.633]}","mythic/historic site"
"5.7.4",1273,"Alpheios river crossing at Olympia","24-12-168","{""type"": ""Point"", ""coordinates"": [21.63, 37.633]}","mythic/historic site"
"5.7.5",1274,"Alpheios river crossing at Olympia","25-12-168","{""type"": ""Point"", ""coordinates"": [21.63, 37.633]}","mythic/historic site"
"5.7.6",1275,"Olympia","26-12-168","{""type"": ""Point"", ""coordinates"": [21.630126, 37.637849]}","mythic/historic site"
"5.7.7",1276,"Olympia","27-12-168","{""type"": ""Point"", ""coordinates"": [21.630126, 37.637849]}","mythic/historic site"
"5.7.8",1277,"Olympia","28-12-168","{""type"": ""Point"", ""coordinates"": [21.630126, 37.637849]}","mythic/historic site"
"5.7.9",1278,"Olympia","29-12-168","{""type"": ""Point"", ""coordinates"": [21.630126, 37.637849]}","mythic/historic site"
"5.7.10",1279,"Olympia","30-12-168","{""type"": ""Point"", ""coordinates"": [21.630126, 37.637849]}","mythic/historic site"
"5.8.1",1280,"Olympia","31-12-168","{""type"": ""Point"", ""coordinates"": [21.630126, 37.637849]}","mythic/historic site"
"5.8.2",1281,"Olympia","01-01-169","{""type"": ""Point"", ""coordinates"": [21.630126, 37.637849]}","mythic/historic site"
"5.8.3",1282,"Olympia","02-01-169","{""type"": ""Point"", ""coordinates"": [21.630126, 37.637849]}","mythic/historic site"
"5.8.4",1283,"Olympia","03-01-169","{""type"": ""Point"", ""coordinates"": [21.630126, 37.637849]}","mythic/historic site"
"5.8.5",1284,"Olympia","04-01-169","{""type"": ""Point"", ""coordinates"": [21.630126, 37.637849]}","mythic/historic site"
"5.8.6",1285,"Olympia","05-01-169","{""type"": ""Point"", ""coordinates"": [21.630126, 37.637849]}","mythic/historic site"
"5.8.7",1286,"Olympia","06-01-169","{""type"": ""Point"", ""coordinates"": [21.630126, 37.637849]}","mythic/historic site"
"5.8.8",1287,"Olympia","07-01-169","{""type"": ""Point"", ""coordinates"": [21.630126, 37.637849]}","mythic/historic site"
"5.8.9",1288,"Olympia","08-01-169","{""type"": ""Point"", ""coordinates"": [21.630126, 37.637849]}","mythic/historic site"
"5.8.10",1289,"Olympia","09-01-169","{""type"": ""Point"", ""coordinates"": [21.630126, 37.637849]}","mythic/historic site"
"5.8.11",1290,"Olympia","10-01-169","{""type"": ""Point"", ""coordinates"": [21.630126, 37.637849]}","mythic/historic site"
"5.9.1",1291,"Olympia","11-01-169","{""type"": ""Point"", ""coordinates"": [21.630126, 37.637849]}","mythic/historic site"
"5.9.2",1292,"Olympia","12-01-169","{""type"": ""Point"", ""coordinates"": [21.630126, 37.637849]}","mythic/historic site"
"5.9.3",1293,"Olympia","13-01-169","{""type"": ""Point"", ""coordinates"": [21.630126, 37.637849]}","mythic/historic site"
"5.9.4",1294,"Olympia","14-01-169","{""type"": ""Point"", ""coordinates"": [21.630126, 37.637849]}","mythic/historic site"
"5.9.5",1295,"Olympia","15-01-169","{""type"": ""Point"", ""coordinates"": [21.630126, 37.637849]}","mythic/historic site"
"5.9.6",1296,"Olympia","16-01-169","{""type"": ""Point"", ""coordinates"": [21.630126, 37.637849]}","mythic/historic site"
"5.15.4",1350,"Olympia","11-03-169","{""type"": ""Point"", ""coordinates"": [21.630126, 37.637849]}","mythic/historic site"
"6.1.1",1481,"Olympia","20-07-169","{""type"": ""Point"", ""coordinates"": [21.630126, 37.637849]}","mythic/historic site"
"6.1.2",1482,"Olympia","21-07-169","{""type"": ""Point"", ""coordinates"": [21.630126, 37.637849]}","mythic/historic site"
"6.1.3",1483,"Olympia","22-07-169","{""type"": ""Point"", ""coordinates"": [21.630126, 37.637849]}","mythic/historic site"
"6.1.4",1484,"Olympia","23-07-169","{""type"": ""Point"", ""coordinates"": [21.630126, 37.637849]}","mythic/historic site"
"6.1.5",1485,"Olympia","24-07-169","{""type"": ""Point"", ""coordinates"": [21.630126, 37.637849]}","mythic/historic site"
"6.1.6",1486,"Olympia","25-07-169","{""type"": ""Point"", ""coordinates"": [21.630126, 37.637849]}","mythic/historic site"
"6.1.7",1487,"Olympia","26-07-169","{""type"": ""Point"", ""coordinates"": [21.630126, 37.637849]}","mythic/historic site"
"6.1.8",1488,"Olympia","27-07-169","{""type"": ""Point"", ""coordinates"": [21.630126, 37.637849]}","mythic/historic site"
"6.2.1",1489,"Olympia","28-07-169","{""type"": ""Point"", ""coordinates"": [21.630126, 37.637849]}","mythic/historic site"
"6.2.2",1490,"Olympia","29-07-169","{""type"": ""Point"", ""coordinates"": [21.630126, 37.637849]}","mythic/historic site"
"6.2.3",1491,"Olympia","30-07-169","{""type"": ""Point"", ""coordinates"": [21.630126, 37.637849]}","mythic/historic site"
"6.2.4",1492,"Olympia","31-07-169","{""type"": ""Point"", ""coordinates"": [21.630126, 37.637849]}","mythic/historic site"
"6.2.5",1493,"Olympia","01-08-169","{""type"": ""Point"", ""coordinates"": [21.630126, 37.637849]}","mythic/historic site"
"6.2.10",1498,"Olympia","06-08-169","{""type"": ""Point"", ""coordinates"": [21.630126, 37.637849]}","mythic/historic site"
"6.2.11",1499,"Olympia","07-08-169","{""type"": ""Point"", ""coordinates"": [21.630126, 37.637849]}","mythic/historic site"
"6.3.1",1500,"Olympia","08-08-169","{""type"": ""Point"", ""coordinates"": [21.630126, 37.637849]}","mythic/historic site"
"6.3.2",1501,"Olympia","09-08-169","{""type"": ""Point"", ""coordinates"": [21.630126, 37.637849]}","mythic/historic site"
"6.3.3",1502,"Olympia","10-08-169","{""type"": ""Point"", ""coordinates"": [21.630126, 37.637849]}","mythic/historic site"
"6.3.4",1503,"Olympia","11-08-169","{""type"": ""Point"", ""coordinates"": [21.630126, 37.637849]}","mythic/historic site"
"6.3.5",1504,"Olympia","12-08-169","{""type"": ""Point"", ""coordinates"": [21.630126, 37.637849]}","mythic/historic site"
"6.3.6",1505,"Olympia","13-08-169","{""type"": ""Point"", ""coordinates"": [21.630126, 37.637849]}","mythic/historic site"
"6.3.7",1506,"Olympia","14-08-169","{""type"": ""Point"", ""coordinates"": [21.630126, 37.637849]}","mythic/historic site"
"6.3.8",1507,"Olympia","15-08-169","{""type"": ""Point"", ""coordinates"": [21.630126, 37.637849]}","mythic/historic site"
"6.3.9",1508,"Olympia","16-08-169","{""type"": ""Point"", ""coordinates"": [21.630126, 37.637849]}","mythic/historic site"
"6.3.10",1509,"Olympia","17-08-169","{""type"": ""Point"", ""coordinates"": [21.630126, 37.637849]}","mythic/historic site"
"6.3.11",1510,"Olympia","18-08-169","{""type"": ""Point"", ""coordinates"": [21.630126, 37.637849]}","mythic/historic site"
"6.3.12",1511,"Olympia","19-08-169","{""type"": ""Point"", ""coordinates"": [21.630126, 37.637849]}","mythic/historic site"
"6.3.13",1512,"Olympia","20-08-169","{""type"": ""Point"", ""coordinates"": [21.630126, 37.637849]}","mythic/historic site"
"6.3.14",1513,"Olympia","21-08-169","{""type"": ""Point"", ""coordinates"": [21.630126, 37.637849]}","mythic/historic site"
"6.3.15",1514,"Olympia","22-08-169","{""type"": ""Point"", ""coordinates"": [21.630126, 37.637849]}","mythic/historic site"
"6.3.16",1515,"Olympia","23-08-169","{""type"": ""Point"", ""coordinates"": [21.630126, 37.637849]}","mythic/historic site"
"6.4.1",1516,"Olympia","24-08-169","{""type"": ""Point"", ""coordinates"": [21.630126, 37.637849]}","mythic/historic site"
"6.4.2",1517,"Olympia","25-08-169","{""type"": ""Point"", ""coordinates"": [21.630126, 37.637849]}","mythic/historic site"
"6.4.3",1518,"Olympia","26-08-169","{""type"": ""Point"", ""coordinates"": [21.630126, 37.637849]}","mythic/historic site"
"6.4.4",1519,"Olympia","27-08-169","{""type"": ""Point"", ""coordinates"": [21.630126, 37.637849]}","mythic/historic site"
"6.4.5",1520,"Olympia","28-08-169","{""type"": ""Point"", ""coordinates"": [21.630126, 37.637849]}","mythic/historic site"
"6.4.6",1521,"Olympia","29-08-169","{""type"": ""Point"", ""coordinates"": [21.630126, 37.637849]}","mythic/historic site"
"6.4.7",1522,"Olympia","30-08-169","{""type"": ""Point"", ""coordinates"": [21.630126, 37.637849]}","mythic/historic site"
"6.4.8",1523,"Olympia","31-08-169","{""type"": ""Point"", ""coordinates"": [21.630126, 37.637849]}","mythic/historic site"
"6.4.9",1524,"Olympia","01-09-169","{""type"": ""Point"", ""coordinates"": [21.630126, 37.637849]}","mythic/historic site"
"6.4.10",1525,"Olympia","02-09-169","{""type"": ""Point"", ""coordinates"": [21.630126, 37.637849]}","mythic/historic site"
"6.4.11",1526,"Olympia","03-09-169","{""type"": ""Point"", ""coordinates"": [21.630126, 37.637849]}","mythic/historic site"
"6.5.1",1527,"Olympia","04-09-169","{""type"": ""Point"", ""coordinates"": [21.630126, 37.637849]}","mythic/historic site"
"6.5.2",1528,"Olympia","05-09-169","{""type"": ""Point"", ""coordinates"": [21.630126, 37.637849]}","mythic/historic site"
"6.5.3",1529,"Olympia","06-09-169","{""type"": ""Point"", ""coordinates"": [21.630126, 37.637849]}","mythic/historic site"
"6.5.4",1530,"Olympia","07-09-169","{""type"": ""Point"", ""coordinates"": [21.630126, 37.637849]}","mythic/historic site"
"6.5.5",1531,"Olympia","08-09-169","{""type"": ""Point"", ""coordinates"": [21.630126, 37.637849]}","mythic/historic site"
"6.5.6",1532,"Olympia","09-09-169","{""type"": ""Point"", ""coordinates"": [21.630126, 37.637849]}","mythic/historic site"
"6.5.7",1533,"Olympia","10-09-169","{""type"": ""Point"", ""coordinates"": [21.630126, 37.637849]}","mythic/historic site"
"6.5.8",1534,"Olympia","11-09-169","{""type"": ""Point"", ""coordinates"": [21.630126, 37.637849]}","mythic/historic site"
"6.5.9",1535,"Olympia","12-09-169","{""type"": ""Point"", ""coordinates"": [21.630126, 37.637849]}","mythic/historic site"
"6.6.1",1536,"Olympia","13-09-169","{""type"": ""Point"", ""coordinates"": [21.630126, 37.637849]}","mythic/historic site"
"6.6.2",1537,"Olympia","14-09-169","{""type"": ""Point"", ""coordinates"": [21.630126, 37.637849]}","mythic/historic site"
"6.6.3",1538,"Olympia","15-09-169","{""type"": ""Point"", ""coordinates"": [21.630126, 37.637849]}","mythic/historic site"
"6.6.4",1539,"Olympia","16-09-169","{""type"": ""Point"", ""coordinates"": [21.630126, 37.637849]}","mythic/historic site"
"6.6.5",1540,"Olympia","17-09-169","{""type"": ""Point"", ""coordinates"": [21.630126, 37.637849]}","mythic/historic site"
"6.6.6",1541,"Olympia","18-09-169","{""type"": ""Point"", ""coordinates"": [21.630126, 37.637849]}","mythic/historic site"
"6.6.7",1542,"Olympia","19-09-169","{""type"": ""Point"", ""coordinates"": [21.630126, 37.637849]}","mythic/historic site"
"6.6.8",1543,"Olympia","20-09-169","{""type"": ""Point"", ""coordinates"": [21.630126, 37.637849]}","mythic/historic site"
"6.6.9",1544,"Olympia","21-09-169","{""type"": ""Point"", ""coordinates"": [21.630126, 37.637849]}","mythic/historic site"
"6.6.10",1545,"Olympia","22-09-169","{""type"": ""Point"", ""coordinates"": [21.630126, 37.637849]}","mythic/historic site"
"6.6.11",1546,"Olympia","23-09-169","{""type"": ""Point"", ""coordinates"": [21.630126, 37.637849]}","mythic/historic site"
"6.7.1",1547,"Olympia","24-09-169","{""type"": ""Point"", ""coordinates"": [21.630126, 37.637849]}","mythic/historic site"
"6.7.2",1548,"Olympia","25-09-169","{""type"": ""Point"", ""coordinates"": [21.630126, 37.637849]}","mythic/historic site"
"6.7.3",1549,"Olympia","26-09-169","{""type"": ""Point"", ""coordinates"": [21.630126, 37.637849]}","mythic/historic site"
"6.7.4",1550,"Olympia","27-09-169","{""type"": ""Point"", ""coordinates"": [21.630126, 37.637849]}","mythic/historic site"
"6.7.5",1551,"Olympia","28-09-169","{""type"": ""Point"", ""coordinates"": [21.630126, 37.637849]}","mythic/historic site"
"6.7.6",1552,"Olympia","29-09-169","{""type"": ""Point"", ""coordinates"": [21.630126, 37.637849]}","mythic/historic site"
"6.7.7",1553,"Olympia","30-09-169","{""type"": ""Point"", ""coordinates"": [21.630126, 37.637849]}","mythic/historic site"
"6.7.8",1554,"Olympia","01-10-169","{""type"": ""Point"", ""coordinates"": [21.630126, 37.637849]}","mythic/historic site"
"6.7.9",1555,"Olympia","02-10-169","{""type"": ""Point"", ""coordinates"": [21.630126, 37.637849]}","mythic/historic site"
"6.7.10",1556,"Olympia","03-10-169","{""type"": ""Point"", ""coordinates"": [21.630126, 37.637849]}","mythic/historic site"
"6.8.1",1557,"Olympia","04-10-169","{""type"": ""Point"", ""coordinates"": [21.630126, 37.637849]}","mythic/historic site"
"6.8.2",1558,"Olympia","05-10-169","{""type"": ""Point"", ""coordinates"": [21.630126, 37.637849]}","mythic/historic site"
"6.8.3",1559,"Olympia","06-10-169","{""type"": ""Point"", ""coordinates"": [21.630126, 37.637849]}","mythic/historic site"
"6.8.4",1560,"Olympia","07-10-169","{""type"": ""Point"", ""coordinates"": [21.630126, 37.637849]}","mythic/historic site"
"6.8.5",1561,"Olympia","08-10-169","{""type"": ""Point"", ""coordinates"": [21.630126, 37.637849]}","mythic/historic site"
"6.8.6",1562,"Olympia","09-10-169","{""type"": ""Point"", ""coordinates"": [21.630126, 37.637849]}","mythic/historic site"
"6.9.1",1563,"Olympia","10-10-169","{""type"": ""Point"", ""coordinates"": [21.630126, 37.637849]}","mythic/historic site"
"6.9.2",1564,"Olympia","11-10-169","{""type"": ""Point"", ""coordinates"": [21.630126, 37.637849]}","mythic/historic site"
"6.9.3",1565,"Olympia","12-10-169","{""type"": ""Point"", ""coordinates"": [21.630126, 37.637849]}","mythic/historic site"
"6.9.4",1566,"Olympia","13-10-169","{""type"": ""Point"", ""coordinates"": [21.630126, 37.637849]}","mythic/historic site"
"6.9.5",1567,"Olympia","14-10-169","{""type"": ""Point"", ""coordinates"": [21.630126, 37.637849]}","mythic/historic site"
"6.9.6",1568,"Olympia","15-10-169","{""type"": ""Point"", ""coordinates"": [21.630126, 37.637849]}","mythic/historic site"
"6.9.7",1569,"Olympia","16-10-169","{""type"": ""Point"", ""coordinates"": [21.630126, 37.637849]}","mythic/historic site"
"6.9.8",1570,"Olympia","17-10-169","{""type"": ""Point"", ""coordinates"": [21.630126, 37.637849]}","mythic/historic site"
"6.9.9",1571,"Olympia","18-10-169","{""type"": ""Point"", ""coordinates"": [21.630126, 37.637849]}","mythic/historic site"
"6.10.1",1572,"Olympia","19-10-169","{""type"": ""Point"", ""coordinates"": [21.630126, 37.637849]}","mythic/historic site"
"6.10.2",1573,"Olympia","20-10-169","{""type"": ""Point"", ""coordinates"": [21.630126, 37.637849]}","mythic/historic site"
"6.10.3",1574,"Olympia","21-10-169","{""type"": ""Point"", ""coordinates"": [21.630126, 37.637849]}","mythic/historic site"
"6.10.4",1575,"Olympia","22-10-169","{""type"": ""Point"", ""coordinates"": [21.630126, 37.637849]}","mythic/historic site"
"6.10.5",1576,"Olympia","23-10-169","{""type"": ""Point"", ""coordinates"": [21.630126, 37.637849]}","mythic/historic site"
"6.10.6",1577,"Olympia","24-10-169","{""type"": ""Point"", ""coordinates"": [21.630126, 37.637849]}","mythic/historic site"
"6.10.7",1578,"Olympia","25-10-169","{""type"": ""Point"", ""coordinates"": [21.630126, 37.637849]}","mythic/historic site"
"6.10.8",1579,"Olympia","26-10-169","{""type"": ""Point"", ""coordinates"": [21.630126, 37.637849]}","mythic/historic site"
"6.10.9",1580,"Olympia","27-10-169","{""type"": ""Point"", ""coordinates"": [21.630126, 37.637849]}","mythic/historic site"
"6.11.1",1581,"Olympia","28-10-169","{""type"": ""Point"", ""coordinates"": [21.630126, 37.637849]}","mythic/historic site"
"6.11.2",1582,"Olympia","29-10-169","{""type"": ""Point"", ""coordinates"": [21.630126, 37.637849]}","mythic/historic site"
"6.11.3",1583,"Olympia","30-10-169","{""type"": ""Point"", ""coordinates"": [21.630126, 37.637849]}","mythic/historic site"
"6.11.4",1584,"Olympia","31-10-169","{""type"": ""Point"", ""coordinates"": [21.630126, 37.637849]}","mythic/historic site"
"6.11.5",1585,"Olympia","01-11-169","{""type"": ""Point"", ""coordinates"": [21.630126, 37.637849]}","mythic/historic site"
"6.11.6",1586,"Olympia","02-11-169","{""type"": ""Point"", ""coordinates"": [21.630126, 37.637849]}","mythic/historic site"
"6.11.7",1587,"Olympia","03-11-169","{""type"": ""Point"", ""coordinates"": [21.630126, 37.637849]}","mythic/historic site"
"6.11.8",1588,"Olympia","04-11-169","{""type"": ""Point"", ""coordinates"": [21.630126, 37.637849]}","mythic/historic site"
"6.11.9",1589,"Olympia","05-11-169","{""type"": ""Point"", ""coordinates"": [21.630126, 37.637849]}","mythic/historic site"
"6.12.1",1590,"Olympia","06-11-169","{""type"": ""Point"", ""coordinates"": [21.630126, 37.637849]}","mythic/historic site"
"6.12.2",1591,"Olympia","07-11-169","{""type"": ""Point"", ""coordinates"": [21.630126, 37.637849]}","mythic/historic site"
"6.12.3",1592,"Olympia","08-11-169","{""type"": ""Point"", ""coordinates"": [21.630126, 37.637849]}","mythic/historic site"
"6.12.4",1593,"Olympia","09-11-169","{""type"": ""Point"", ""coordinates"": [21.630126, 37.637849]}","mythic/historic site"
"6.12.5",1594,"Olympia","10-11-169","{""type"": ""Point"", ""coordinates"": [21.630126, 37.637849]}","mythic/historic site"
"6.12.6",1595,"Olympia","11-11-169","{""type"": ""Point"", ""coordinates"": [21.630126, 37.637849]}","mythic/historic site"
"6.12.7",1596,"Olympia","12-11-169","{""type"": ""Point"", ""coordinates"": [21.630126, 37.637849]}","mythic/historic site"
"6.12.8",1597,"Olympia","13-11-169","{""type"": ""Point"", ""coordinates"": [21.630126, 37.637849]}","mythic/historic site"
"6.12.9",1598,"Olympia","14-11-169","{""type"": ""Point"", ""coordinates"": [21.630126, 37.637849]}","mythic/historic site"
"6.13.1",1599,"Olympia","15-11-169","{""type"": ""Point"", ""coordinates"": [21.630126, 37.637849]}","mythic/historic site"
"6.13.2",1600,"Olympia","16-11-169","{""type"": ""Point"", ""coordinates"": [21.630126, 37.637849]}","mythic/historic site"
"6.13.3",1601,"Olympia","17-11-169","{""type"": ""Point"", ""coordinates"": [21.630126, 37.637849]}","mythic/historic site"
"6.13.4",1602,"Olympia","18-11-169","{""type"": ""Point"", ""coordinates"": [21.630126, 37.637849]}","mythic/historic site"
"6.13.5",1603,"Olympia","19-11-169","{""type"": ""Point"", ""coordinates"": [21.630126, 37.637849]}","mythic/historic site"
"6.13.6",1604,"Olympia","20-11-169","{""type"": ""Point"", ""coordinates"": [21.630126, 37.637849]}","mythic/historic site"
"6.13.7",1605,"Olympia","21-11-169","{""type"": ""Point"", ""coordinates"": [21.630126, 37.637849]}","mythic/historic site"
"6.13.8",1606,"Olympia","22-11-169","{""type"": ""Point"", ""coordinates"": [21.630126, 37.637849]}","mythic/historic site"
"6.13.9",1607,"Olympia","23-11-169","{""type"": ""Point"", ""coordinates"": [21.630126, 37.637849]}","mythic/historic site"
"6.13.10",1608,"Olympia","24-11-169","{""type"": ""Point"", ""coordinates"": [21.630126, 37.637849]}","mythic/historic site"
"6.13.11",1609,"Olympia","25-11-169","{""type"": ""Point"", ""coordinates"": [21.630126, 37.637849]}","mythic/historic site"
"6.14.1",1610,"Olympia","26-11-169","{""type"": ""Point"", ""coordinates"": [21.630126, 37.637849]}","mythic/historic site"
"6.14.2",1611,"Olympia","27-11-169","{""type"": ""Point"", ""coordinates"": [21.630126, 37.637849]}","mythic/historic site"
"6.14.3",1612,"Olympia","28-11-169","{""type"": ""Point"", ""coordinates"": [21.630126, 37.637849]}","mythic/historic site"
"6.14.4",1613,"Olympia","29-11-169","{""type"": ""Point"", ""coordinates"": [21.630126, 37.637849]}","mythic/historic site"
"6.14.5",1614,"Olympia","30-11-169","{""type"": ""Point"", ""coordinates"": [21.630126, 37.637849]}","mythic/historic site"
"6.14.6",1615,"Olympia","01-12-169","{""type"": ""Point"", ""coordinates"": [21.630126, 37.637849]}","mythic/historic site"
"6.14.7",1616,"Olympia","02-12-169","{""type"": ""Point"", ""coordinates"": [21.630126, 37.637849]}","mythic/historic site"
"6.14.8",1617,"Olympia","03-12-169","{""type"": ""Point"", ""coordinates"": [21.630126, 37.637849]}","mythic/historic site"
"6.14.9",1618,"Olympia","04-12-169","{""type"": ""Point"", ""coordinates"": [21.630126, 37.637849]}","mythic/historic site"
"6.14.10",1619,"Olympia","05-12-169","{""type"": ""Point"", ""coordinates"": [21.630126, 37.637849]}","mythic/historic site"
"6.14.11",1620,"Olympia","06-12-169","{""type"": ""Point"", ""coordinates"": [21.630126, 37.637849]}","mythic/historic site"
"6.14.12",1621,"Olympia","07-12-169","{""type"": ""Point"", ""coordinates"": [21.630126, 37.637849]}","mythic/historic site"
"6.14.13",1622,"Olympia","08-12-169","{""type"": ""Point"", ""coordinates"": [21.630126, 37.637849]}","mythic/historic site"
"6.15.1",1623,"Olympia","09-12-169","{""type"": ""Point"", ""coordinates"": [21.630126, 37.637849]}","mythic/historic site"
"6.15.2",1624,"Olympia","10-12-169","{""type"": ""Point"", ""coordinates"": [21.630126, 37.637849]}","mythic/historic site"
"6.15.3",1625,"Olympia","11-12-169","{""type"": ""Point"", ""coordinates"": [21.630126, 37.637849]}","mythic/historic site"
"6.15.4",1626,"Olympia","12-12-169","{""type"": ""Point"", ""coordinates"": [21.630126, 37.637849]}","mythic/historic site"
"6.15.5",1627,"Olympia","13-12-169","{""type"": ""Point"", ""coordinates"": [21.630126, 37.637849]}","mythic/historic site"
"6.15.6",1628,"Olympia","14-12-169","{""type"": ""Point"", ""coordinates"": [21.630126, 37.637849]}","mythic/historic site"
"6.15.7",1629,"Olympia","15-12-169","{""type"": ""Point"", ""coordinates"": [21.630126, 37.637849]}","mythic/historic site"
"6.15.8",1630,"Olympia","16-12-169","{""type"": ""Point"", ""coordinates"": [21.630126, 37.637849]}","mythic/historic site"
"6.15.9",1631,"Olympia","17-12-169","{""type"": ""Point"", ""coordinates"": [21.630126, 37.637849]}","mythic/historic site"
"6.15.10",1632,"Olympia","18-12-169","{""type"": ""Point"", ""coordinates"": [21.630126, 37.637849]}","mythic/historic site"
"6.16.1",1633,"Olympia","19-12-169","{""type"": ""Point"", ""coordinates"": [21.630126, 37.637849]}","mythic/historic site"
"6.16.2",1634,"Olympia","20-12-169","{""type"": ""Point"", ""coordinates"": [21.630126, 37.637849]}","mythic/historic site"
"6.16.3",1635,"Olympia","21-12-169","{""type"": ""Point"", ""coordinates"": [21.630126, 37.637849]}","mythic/historic site"
"6.16.4",1636,"Olympia","22-12-169","{""type"": ""Point"", ""coordinates"": [21.630126, 37.637849]}","mythic/historic site"
"6.16.5",1637,"Olympia","23-12-169","{""type"": ""Point"", ""coordinates"": [21.630126, 37.637849]}","mythic/historic site"
"6.16.6",1638,"Olympia","24-12-169","{""type"": ""Point"", ""coordinates"": [21.630126, 37.637849]}","mythic/historic site"
"6.16.7",1639,"Olympia","25-12-169","{""type"": ""Point"", ""coordinates"": [21.630126, 37.637849]}","mythic/historic site"
"6.16.8",1640,"Olympia","26-12-169","{""type"": ""Point"", ""coordinates"": [21.630126, 37.637849]}","mythic/historic site"
"6.16.9",1641,"Olympia","27-12-169","{""type"": ""Point"", ""coordinates"": [21.630126, 37.637849]}","mythic/historic site"
"6.17.1",1642,"Olympia","28-12-169","{""type"": ""Point"", ""coordinates"": [21.630126, 37.637849]}","mythic/historic site"
"6.17.2",1643,"Olympia","29-12-169","{""type"": ""Point"", ""coordinates"": [21.630126, 37.637849]}","mythic/historic site"
"6.17.3",1644,"Olympia","30-12-169","{""type"": ""Point"", ""coordinates"": [21.630126, 37.637849]}","mythic/historic site"
"6.17.4",1645,"Olympia","31-12-169","{""type"": ""Point"", ""coordinates"": [21.630126, 37.637849]}","mythic/historic site"
"6.17.5",1646,"Olympia","01-01-170","{""type"": ""Point"", ""coordinates"": [21.630126, 37.637849]}","mythic/historic site"
"6.17.6",1647,"Olympia","02-01-170","{""type"": ""Point"", ""coordinates"": [21.630126, 37.637849]}","mythic/historic site"
"6.17.7",1648,"Olympia","03-01-170","{""type"": ""Point"", ""coordinates"": [21.630126, 37.637849]}","mythic/historic site"
"6.17.8",1649,"Olympia","04-01-170","{""type"": ""Point"", ""coordinates"": [21.630126, 37.637849]}","mythic/historic site"
"6.17.9",1650,"Olympia","05-01-170","{""type"": ""Point"", ""coordinates"": [21.630126, 37.637849]}","mythic/historic site"
"6.18.1",1651,"Olympia","06-01-170","{""type"": ""Point"", ""coordinates"": [21.630126, 37.637849]}","mythic/historic site"
"6.18.2",1652,"Olympia","07-01-170","{""type"": ""Point"", ""coordinates"": [21.630126, 37.637849]}","mythic/historic site"
"6.18.3",1653,"Olympia","08-01-170","{""type"": ""Point"", ""coordinates"": [21.630126, 37.637849]}","mythic/historic site"
"6.18.4",1654,"Olympia","09-01-170","{""type"": ""Point"", ""coordinates"": [21.630126, 37.637849]}","mythic/historic site"
"6.18.5",1655,"Olympia","10-01-170","{""type"": ""Point"", ""coordinates"": [21.630126, 37.637849]}","mythic/historic site"
"6.18.6",1656,"Olympia","11-01-170","{""type"": ""Point"", ""coordinates"": [21.630126, 37.637849]}","mythic/historic site"
"6.18.7",1657,"Olympia","12-01-170","{""type"": ""Point"", ""coordinates"": [21.630126, 37.637849]}","mythic/historic site"
"6.25.5",1736,"Poseidon Satrapes monument in Elis","01-04-170","{""type"": ""Point"", ""coordinates"": [21.374, 37.89]}","mythic/historic site"
"6.25.6",1737,"Poseidon Satrapes monument in Elis","02-04-170","{""type"": ""Point"", ""coordinates"": [21.374, 37.89]}","mythic/historic site"
"7.1.1",1748,"Eleia - Achaia border at Larisos river","13-04-170","{""type"": ""GeometryCollection"", ""geometries"": [{""type"": ""Polygon"", ""coordinates"": [[[21.417484105225526, 38.10291174798513], [21.42525995805383, 38.09244438760399], [21.429829800275428, 38.095387083549724], [21.42206202659756, 38.10509343476093], [21.417484105225526, 38.10291174798513]]]}]}","mythic/historic site"
"7.1.2",1749,"Eleia - Achaia border at Larisos river","14-04-170","{""type"": ""GeometryCollection"", ""geometries"": [{""type"": ""Polygon"", ""coordinates"": [[[21.417484105225526, 38.10291174798513], [21.42525995805383, 38.09244438760399], [21.429829800275428, 38.095387083549724], [21.42206202659756, 38.10509343476093], [21.417484105225526, 38.10291174798513]]]}]}","mythic/historic site"
"7.1.3",1750,"Eleia - Achaia border at Larisos river","15-04-170","{""type"": ""GeometryCollection"", ""geometries"": [{""type"": ""Polygon"", ""coordinates"": [[[21.417484105225526, 38.10291174798513], [21.42525995805383, 38.09244438760399], [21.429829800275428, 38.095387083549724], [21.42206202659756, 38.10509343476093], [21.417484105225526, 38.10291174798513]]]}]}","mythic/historic site"
"7.1.4",1751,"Eleia - Achaia border at Larisos river","16-04-170","{""type"": ""GeometryCollection"", ""geometries"": [{""type"": ""Polygon"", ""coordinates"": [[[21.417484105225526, 38.10291174798513], [21.42525995805383, 38.09244438760399], [21.429829800275428, 38.095387083549724], [21.42206202659756, 38.10509343476093], [21.417484105225526, 38.10291174798513]]]}]}","mythic/historic site"
"7.1.5",1752,"Eleia - Achaia border at Larisos river","17-04-170","{""type"": ""GeometryCollection"", ""geometries"": [{""type"": ""Polygon"", ""coordinates"": [[[21.417484105225526, 38.10291174798513], [21.42525995805383, 38.09244438760399], [21.429829800275428, 38.095387083549724], [21.42206202659756, 38.10509343476093], [21.417484105225526, 38.10291174798513]]]}]}","mythic/historic site"
"7.1.6",1753,"Eleia - Achaia border at Larisos river","18-04-170","{""type"": ""GeometryCollection"", ""geometries"": [{""type"": ""Polygon"", ""coordinates"": [[[21.417484105225526, 38.10291174798513], [21.42525995805383, 38.09244438760399], [21.429829800275428, 38.095387083549724], [21.42206202659756, 38.10509343476093], [21.417484105225526, 38.10291174798513]]]}]}","mythic/historic site"
"7.1.7",1754,"Eleia - Achaia border at Larisos river","19-04-170","{""type"": ""GeometryCollection"", ""geometries"": [{""type"": ""Polygon"", ""coordinates"": [[[21.417484105225526, 38.10291174798513], [21.42525995805383, 38.09244438760399], [21.429829800275428, 38.095387083549724], [21.42206202659756, 38.10509343476093], [21.417484105225526, 38.10291174798513]]]}]}","mythic/historic site"
"7.1.8",1755,"Eleia - Achaia border at Larisos river","20-04-170","{""type"": ""GeometryCollection"", ""geometries"": [{""type"": ""Polygon"", ""coordinates"": [[[21.417484105225526, 38.10291174798513], [21.42525995805383, 38.09244438760399], [21.429829800275428, 38.095387083549724], [21.42206202659756, 38.10509343476093], [21.417484105225526, 38.10291174798513]]]}]}","mythic/historic site"
"7.1.9",1756,"Eleia - Achaia border at Larisos river","21-04-170","{""type"": ""GeometryCollection"", ""geometries"": [{""type"": ""Polygon"", ""coordinates"": [[[21.417484105225526, 38.10291174798513], [21.42525995805383, 38.09244438760399], [21.429829800275428, 38.095387083549724], [21.42206202659756, 38.10509343476093], [21.417484105225526, 38.10291174798513]]]}]}","mythic/historic site"
"7.2.1",1757,"Eleia - Achaia border at Larisos river","22-04-170","{""type"": ""GeometryCollection"", ""geometries"": [{""type"": ""Polygon"", ""coordinates"": [[[21.417484105225526, 38.10291174798513], [21.42525995805383, 38.09244438760399], [21.429829800275428, 38.095387083549724], [21.42206202659756, 38.10509343476093], [21.417484105225526, 38.10291174798513]]]}]}","mythic/historic site"
"7.2.2",1758,"Eleia - Achaia border at Larisos river","23-04-170","{""type"": ""GeometryCollection"", ""geometries"": [{""type"": ""Polygon"", ""coordinates"": [[[21.417484105225526, 38.10291174798513], [21.42525995805383, 38.09244438760399], [21.429829800275428, 38.095387083549724], [21.42206202659756, 38.10509343476093], [21.417484105225526, 38.10291174798513]]]}]}","mythic/historic site"
"7.2.3",1759,"Eleia - Achaia border at Larisos river","24-04-170","{""type"": ""GeometryCollection"", ""geometries"": [{""type"": ""Polygon"", ""coordinates"": [[[21.417484105225526, 38.10291174798513], [21.42525995805383, 38.09244438760399], [21.429829800275428, 38.095387083549724], [21.42206202659756, 38.10509343476093], [21.417484105225526, 38.10291174798513]]]}]}","mythic/historic site"
"7.2.4",1760,"Eleia - Achaia border at Larisos river","25-04-170","{""type"": ""GeometryCollection"", ""geometries"": [{""type"": ""Polygon"", ""coordinates"": [[[21.417484105225526, 38.10291174798513], [21.42525995805383, 38.09244438760399], [21.429829800275428, 38.095387083549724], [21.42206202659756, 38.10509343476093], [21.417484105225526, 38.10291174798513]]]}]}","mythic/historic site"
"7.2.5",1761,"Eleia - Achaia border at Larisos river","26-04-170","{""type"": ""GeometryCollection"", ""geometries"": [{""type"": ""Polygon"", ""coordinates"": [[[21.417484105225526, 38.10291174798513], [21.42525995805383, 38.09244438760399], [21.429829800275428, 38.095387083549724], [21.42206202659756, 38.10509343476093], [21.417484105225526, 38.10291174798513]]]}]}","mythic/historic site"
"7.2.6",1762,"Eleia - Achaia border at Larisos river","27-04-170","{""type"": ""GeometryCollection"", ""geometries"": [{""type"": ""Polygon"", ""coordinates"": [[[21.417484105225526, 38.10291174798513], [21.42525995805383, 38.09244438760399], [21.429829800275428, 38.095387083549724], [21.42206202659756, 38.10509343476093], [21.417484105225526, 38.10291174798513]]]}]}","mythic/historic site"
"7.2.7",1763,"Eleia - Achaia border at Larisos river","28-04-170","{""type"": ""GeometryCollection"", ""geometries"": [{""type"": ""Polygon"", ""coordinates"": [[[21.417484105225526, 38.10291174798513], [21.42525995805383, 38.09244438760399], [21.429829800275428, 38.095387083549724], [21.42206202659756, 38.10509343476093], [21.417484105225526, 38.10291174798513]]]}]}","mythic/historic site"
"7.2.8",1764,"Eleia - Achaia border at Larisos river","29-04-170","{""type"": ""GeometryCollection"", ""geometries"": [{""type"": ""Polygon"", ""coordinates"": [[[21.417484105225526, 38.10291174798513], [21.42525995805383, 38.09244438760399], [21.429829800275428, 38.095387083549724], [21.42206202659756, 38.10509343476093], [21.417484105225526, 38.10291174798513]]]}]}","mythic/historic site"
"7.2.9",1765,"Eleia - Achaia border at Larisos river","30-04-170","{""type"": ""GeometryCollection"", ""geometries"": [{""type"": ""Polygon"", ""coordinates"": [[[21.417484105225526, 38.10291174798513], [21.42525995805383, 38.09244438760399], [21.429829800275428, 38.095387083549724], [21.42206202659756, 38.10509343476093], [21.417484105225526, 38.10291174798513]]]}]}","mythic/historic site"
"7.2.10",1766,"Eleia - Achaia border at Larisos river","01-05-170","{""type"": ""GeometryCollection"", ""geometries"": [{""type"": ""Polygon"", ""coordinates"": [[[21.417484105225526, 38.10291174798513], [21.42525995805383, 38.09244438760399], [21.429829800275428, 38.095387083549724], [21.42206202659756, 38.10509343476093], [21.417484105225526, 38.10291174798513]]]}]}","mythic/historic site"
"7.2.11",1767,"Eleia - Achaia border at Larisos river","02-05-170","{""type"": ""GeometryCollection"", ""geometries"": [{""type"": ""Polygon"", ""coordinates"": [[[21.417484105225526, 38.10291174798513], [21.42525995805383, 38.09244438760399], [21.429829800275428, 38.095387083549724], [21.42206202659756, 38.10509343476093], [21.417484105225526, 38.10291174798513]]]}]}","mythic/historic site"
"7.3.1",1768,"Eleia - Achaia border at Larisos river","03-05-170","{""type"": ""GeometryCollection"", ""geometries"": [{""type"": ""Polygon"", ""coordinates"": [[[21.417484105225526, 38.10291174798513], [21.42525995805383, 38.09244438760399], [21.429829800275428, 38.095387083549724], [21.42206202659756, 38.10509343476093], [21.417484105225526, 38.10291174798513]]]}]}","mythic/historic site"
"7.3.2",1769,"Eleia - Achaia border at Larisos river","04-05-170","{""type"": ""GeometryCollection"", ""geometries"": [{""type"": ""Polygon"", ""coordinates"": [[[21.417484105225526, 38.10291174798513], [21.42525995805383, 38.09244438760399], [21.429829800275428, 38.095387083549724], [21.42206202659756, 38.10509343476093], [21.417484105225526, 38.10291174798513]]]}]}","mythic/historic site"
"7.3.3",1770,"Eleia - Achaia border at Larisos river","05-05-170","{""type"": ""GeometryCollection"", ""geometries"": [{""type"": ""Polygon"", ""coordinates"": [[[21.417484105225526, 38.10291174798513], [21.42525995805383, 38.09244438760399], [21.429829800275428, 38.095387083549724], [21.42206202659756, 38.10509343476093], [21.417484105225526, 38.10291174798513]]]}]}","mythic/historic site"
"7.3.4",1771,"Eleia - Achaia border at Larisos river","06-05-170","{""type"": ""GeometryCollection"", ""geometries"": [{""type"": ""Polygon"", ""coordinates"": [[[21.417484105225526, 38.10291174798513], [21.42525995805383, 38.09244438760399], [21.429829800275428, 38.095387083549724], [21.42206202659756, 38.10509343476093], [21.417484105225526, 38.10291174798513]]]}]}","mythic/historic site"
"7.3.5",1772,"Eleia - Achaia border at Larisos river","07-05-170","{""type"": ""GeometryCollection"", ""geometries"": [{""type"": ""Polygon"", ""coordinates"": [[[21.417484105225526, 38.10291174798513], [21.42525995805383, 38.09244438760399], [21.429829800275428, 38.095387083549724], [21.42206202659756, 38.10509343476093], [21.417484105225526, 38.10291174798513]]]}]}","mythic/historic site"
"7.3.6",1773,"Eleia - Achaia border at Larisos river","08-05-170","{""type"": ""GeometryCollection"", ""geometries"": [{""type"": ""Polygon"", ""coordinates"": [[[21.417484105225526, 38.10291174798513], [21.42525995805383, 38.09244438760399], [21.429829800275428, 38.095387083549724], [21.42206202659756, 38.10509343476093], [21.417484105225526, 38.10291174798513]]]}]}","mythic/historic site"
"7.3.7",1774,"Eleia - Achaia border at Larisos river","09-05-170","{""type"": ""GeometryCollection"", ""geometries"": [{""type"": ""Polygon"", ""coordinates"": [[[21.417484105225526, 38.10291174798513], [21.42525995805383, 38.09244438760399], [21.429829800275428, 38.095387083549724], [21.42206202659756, 38.10509343476093], [21.417484105225526, 38.10291174798513]]]}]}","mythic/historic site"
"7.3.8",1775,"Eleia - Achaia border at Larisos river","10-05-170","{""type"": ""GeometryCollection"", ""geometries"": [{""type"": ""Polygon"", ""coordinates"": [[[21.417484105225526, 38.10291174798513], [21.42525995805383, 38.09244438760399], [21.429829800275428, 38.095387083549724], [21.42206202659756, 38.10509343476093], [21.417484105225526, 38.10291174798513]]]}]}","mythic/historic site"
"7.3.9",1776,"Eleia - Achaia border at Larisos river","11-05-170","{""type"": ""GeometryCollection"", ""geometries"": [{""type"": ""Polygon"", ""coordinates"": [[[21.417484105225526, 38.10291174798513], [21.42525995805383, 38.09244438760399], [21.429829800275428, 38.095387083549724], [21.42206202659756, 38.10509343476093], [21.417484105225526, 38.10291174798513]]]}]}","mythic/historic site"
"7.3.10",1777,"Eleia - Achaia border at Larisos river","12-05-170","{""type"": ""GeometryCollection"", ""geometries"": [{""type"": ""Polygon"", ""coordinates"": [[[21.417484105225526, 38.10291174798513], [21.42525995805383, 38.09244438760399], [21.429829800275428, 38.095387083549724], [21.42206202659756, 38.10509343476093], [21.417484105225526, 38.10291174798513]]]}]}","mythic/historic site"
"7.4.1",1778,"Eleia - Achaia border at Larisos river","13-05-170","{""type"": ""GeometryCollection"", ""geometries"": [{""type"": ""Polygon"", ""coordinates"": [[[21.417484105225526, 38.10291174798513], [21.42525995805383, 38.09244438760399], [21.429829800275428, 38.095387083549724], [21.42206202659756, 38.10509343476093], [21.417484105225526, 38.10291174798513]]]}]}","mythic/historic site"
"7.4.2",1779,"Eleia - Achaia border at Larisos river","14-05-170","{""type"": ""GeometryCollection"", ""geometries"": [{""type"": ""Polygon"", ""coordinates"": [[[21.417484105225526, 38.10291174798513], [21.42525995805383, 38.09244438760399], [21.429829800275428, 38.095387083549724], [21.42206202659756, 38.10509343476093], [21.417484105225526, 38.10291174798513]]]}]}","mythic/historic site"
"7.4.3",1780,"Eleia - Achaia border at Larisos river","15-05-170","{""type"": ""GeometryCollection"", ""geometries"": [{""type"": ""Polygon"", ""coordinates"": [[[21.417484105225526, 38.10291174798513], [21.42525995805383, 38.09244438760399], [21.429829800275428, 38.095387083549724], [21.42206202659756, 38.10509343476093], [21.417484105225526, 38.10291174798513]]]}]}","mythic/historic site"
"7.4.4",1781,"Eleia - Achaia border at Larisos river","16-05-170","{""type"": ""GeometryCollection"", ""geometries"": [{""type"": ""Polygon"", ""coordinates"": [[[21.417484105225526, 38.10291174798513], [21.42525995805383, 38.09244438760399], [21.429829800275428, 38.095387083549724], [21.42206202659756, 38.10509343476093], [21.417484105225526, 38.10291174798513]]]}]}","mythic/historic site"
"7.4.5",1782,"Eleia - Achaia border at Larisos river","17-05-170","{""type"": ""GeometryCollection"", ""geometries"": [{""type"": ""Polygon"", ""coordinates"": [[[21.417484105225526, 38.10291174798513], [21.42525995805383, 38.09244438760399], [21.429829800275428, 38.095387083549724], [21.42206202659756, 38.10509343476093], [21.417484105225526, 38.10291174798513]]]}]}","mythic/historic site"
"7.4.6",1783,"Eleia - Achaia border at Larisos river","18-05-170","{""type"": ""GeometryCollection"", ""geometries"": [{""type"": ""Polygon"", ""coordinates"": [[[21.417484105225526, 38.10291174798513], [21.42525995805383, 38.09244438760399], [21.429829800275428, 38.095387083549724], [21.42206202659756, 38.10509343476093], [21.417484105225526, 38.10291174798513]]]}]}","mythic/historic site"
"7.4.7",1784,"Eleia - Achaia border at Larisos river","19-05-170","{""type"": ""GeometryCollection"", ""geometries"": [{""type"": ""Polygon"", ""coordinates"": [[[21.417484105225526, 38.10291174798513], [21.42525995805383, 38.09244438760399], [21.429829800275428, 38.095387083549724], [21.42206202659756, 38.10509343476093], [21.417484105225526, 38.10291174798513]]]}]}","mythic/historic site"
"7.4.8",1785,"Eleia - Achaia border at Larisos river","20-05-170","{""type"": ""GeometryCollection"", ""geometries"": [{""type"": ""Polygon"", ""coordinates"": [[[21.417484105225526, 38.10291174798513], [21.42525995805383, 38.09244438760399], [21.429829800275428, 38.095387083549724], [21.42206202659756, 38.10509343476093], [21.417484105225526, 38.10291174798513]]]}]}","mythic/historic site"
"7.4.9",1786,"Eleia - Achaia border at Larisos river","21-05-170","{""type"": ""GeometryCollection"", ""geometries"": [{""type"": ""Polygon"", ""coordinates"": [[[21.417484105225526, 38.10291174798513], [21.42525995805383, 38.09244438760399], [21.429829800275428, 38.095387083549724], [21.42206202659756, 38.10509343476093], [21.417484105225526, 38.10291174798513]]]}]}","mythic/historic site"
"7.4.10",1787,"Eleia - Achaia border at Larisos river","22-05-170","{""type"": ""GeometryCollection"", ""geometries"": [{""type"": ""Polygon"", ""coordinates"": [[[21.417484105225526, 38.10291174798513], [21.42525995805383, 38.09244438760399], [21.429829800275428, 38.095387083549724], [21.42206202659756, 38.10509343476093], [21.417484105225526, 38.10291174798513]]]}]}","mythic/historic site"
"7.5.1",1788,"Eleia - Achaia border at Larisos river","23-05-170","{""type"": ""GeometryCollection"", ""geometries"": [{""type"": ""Polygon"", ""coordinates"": [[[21.417484105225526, 38.10291174798513], [21.42525995805383, 38.09244438760399], [21.429829800275428, 38.095387083549724], [21.42206202659756, 38.10509343476093], [21.417484105225526, 38.10291174798513]]]}]}","mythic/historic site"
"7.5.2",1789,"Eleia - Achaia border at Larisos river","24-05-170","{""type"": ""GeometryCollection"", ""geometries"": [{""type"": ""Polygon"", ""coordinates"": [[[21.417484105225526, 38.10291174798513], [21.42525995805383, 38.09244438760399], [21.429829800275428, 38.095387083549724], [21.42206202659756, 38.10509343476093], [21.417484105225526, 38.10291174798513]]]}]}","mythic/historic site"
"7.5.3",1790,"Eleia - Achaia border at Larisos river","25-05-170","{""type"": ""GeometryCollection"", ""geometries"": [{""type"": ""Polygon"", ""coordinates"": [[[21.417484105225526, 38.10291174798513], [21.42525995805383, 38.09244438760399], [21.429829800275428, 38.095387083549724], [21.42206202659756, 38.10509343476093], [21.417484105225526, 38.10291174798513]]]}]}","mythic/historic site"
"7.5.4",1791,"Eleia - Achaia border at Larisos river","26-05-170","{""type"": ""GeometryCollection"", ""geometries"": [{""type"": ""Polygon"", ""coordinates"": [[[21.417484105225526, 38.10291174798513], [21.42525995805383, 38.09244438760399], [21.429829800275428, 38.095387083549724], [21.42206202659756, 38.10509343476093], [21.417484105225526, 38.10291174798513]]]}]}","mythic/historic site"
"7.5.5",1792,"Eleia - Achaia border at Larisos river","27-05-170","{""type"": ""GeometryCollection"", ""geometries"": [{""type"": ""Polygon"", ""coordinates"": [[[21.417484105225526, 38.10291174798513], [21.42525995805383, 38.09244438760399], [21.429829800275428, 38.095387083549724], [21.42206202659756, 38.10509343476093], [21.417484105225526, 38.10291174798513]]]}]}","mythic/historic site"
"7.5.6",1793,"Eleia - Achaia border at Larisos river","28-05-170","{""type"": ""GeometryCollection"", ""geometries"": [{""type"": ""Polygon"", ""coordinates"": [[[21.417484105225526, 38.10291174798513], [21.42525995805383, 38.09244438760399], [21.429829800275428, 38.095387083549724], [21.42206202659756, 38.10509343476093], [21.417484105225526, 38.10291174798513]]]}]}","mythic/historic site"
"7.5.7",1794,"Eleia - Achaia border at Larisos river","29-05-170","{""type"": ""GeometryCollection"", ""geometries"": [{""type"": ""Polygon"", ""coordinates"": [[[21.417484105225526, 38.10291174798513], [21.42525995805383, 38.09244438760399], [21.429829800275428, 38.095387083549724], [21.42206202659756, 38.10509343476093], [21.417484105225526, 38.10291174798513]]]}]}","mythic/historic site"
"7.5.8",1795,"Eleia - Achaia border at Larisos river","30-05-170","{""type"": ""GeometryCollection"", ""geometries"": [{""type"": ""Polygon"", ""coordinates"": [[[21.417484105225526, 38.10291174798513], [21.42525995805383, 38.09244438760399], [21.429829800275428, 38.095387083549724], [21.42206202659756, 38.10509343476093], [21.417484105225526, 38.10291174798513]]]}]}","mythic/historic site"
"7.5.9",1796,"Eleia - Achaia border at Larisos river","31-05-170","{""type"": ""GeometryCollection"", ""geometries"": [{""type"": ""Polygon"", ""coordinates"": [[[21.417484105225526, 38.10291174798513], [21.42525995805383, 38.09244438760399], [21.429829800275428, 38.095387083549724], [21.42206202659756, 38.10509343476093], [21.417484105225526, 38.10291174798513]]]}]}","mythic/historic site"
"7.5.10",1797,"Eleia - Achaia border at Larisos river","01-06-170","{""type"": ""GeometryCollection"", ""geometries"": [{""type"": ""Polygon"", ""coordinates"": [[[21.417484105225526, 38.10291174798513], [21.42525995805383, 38.09244438760399], [21.429829800275428, 38.095387083549724], [21.42206202659756, 38.10509343476093], [21.417484105225526, 38.10291174798513]]]}]}","mythic/historic site"
"7.5.11",1798,"Eleia - Achaia border at Larisos river","02-06-170","{""type"": ""GeometryCollection"", ""geometries"": [{""type"": ""Polygon"", ""coordinates"": [[[21.417484105225526, 38.10291174798513], [21.42525995805383, 38.09244438760399], [21.429829800275428, 38.095387083549724], [21.42206202659756, 38.10509343476093], [21.417484105225526, 38.10291174798513]]]}]}","mythic/historic site"
"7.5.12",1799,"Eleia - Achaia border at Larisos river","03-06-170","{""type"": ""GeometryCollection"", ""geometries"": [{""type"": ""Polygon"", ""coordinates"": [[[21.417484105225526, 38.10291174798513], [21.42525995805383, 38.09244438760399], [21.429829800275428, 38.095387083549724], [21.42206202659756, 38.10509343476093], [21.417484105225526, 38.10291174798513]]]}]}","mythic/historic site"
"7.5.13",1800,"Eleia - Achaia border at Larisos river","04-06-170","{""type"": ""GeometryCollection"", ""geometries"": [{""type"": ""Polygon"", ""coordinates"": [[[21.417484105225526, 38.10291174798513], [21.42525995805383, 38.09244438760399], [21.429829800275428, 38.095387083549724], [21.42206202659756, 38.10509343476093], [21.417484105225526, 38.10291174798513]]]}]}","mythic/historic site"
"7.6.1",1801,"Eleia - Achaia border at Larisos river","05-06-170","{""type"": ""GeometryCollection"", ""geometries"": [{""type"": ""Polygon"", ""coordinates"": [[[21.417484105225526, 38.10291174798513], [21.42525995805383, 38.09244438760399], [21.429829800275428, 38.095387083549724], [21.42206202659756, 38.10509343476093], [21.417484105225526, 38.10291174798513]]]}]}","mythic/historic site"
"7.6.2",1802,"Eleia - Achaia border at Larisos river","06-06-170","{""type"": ""GeometryCollection"", ""geometries"": [{""type"": ""Polygon"", ""coordinates"": [[[21.417484105225526, 38.10291174798513], [21.42525995805383, 38.09244438760399], [21.429829800275428, 38.095387083549724], [21.42206202659756, 38.10509343476093], [21.417484105225526, 38.10291174798513]]]}]}","mythic/historic site"
"7.6.3",1803,"Eleia - Achaia border at Larisos river","07-06-170","{""type"": ""GeometryCollection"", ""geometries"": [{""type"": ""Polygon"", ""coordinates"": [[[21.417484105225526, 38.10291174798513], [21.42525995805383, 38.09244438760399], [21.429829800275428, 38.095387083549724], [21.42206202659756, 38.10509343476093], [21.417484105225526, 38.10291174798513]]]}]}","mythic/historic site"
"7.6.4",1804,"Eleia - Achaia border at Larisos river","08-06-170","{""type"": ""GeometryCollection"", ""geometries"": [{""type"": ""Polygon"", ""coordinates"": [[[21.417484105225526, 38.10291174798513], [21.42525995805383, 38.09244438760399], [21.429829800275428, 38.095387083549724], [21.42206202659756, 38.10509343476093], [21.417484105225526, 38.10291174798513]]]}]}","mythic/historic site"
"7.6.5",1805,"Eleia - Achaia border at Larisos river","09-06-170","{""type"": ""GeometryCollection"", ""geometries"": [{""type"": ""Polygon"", ""coordinates"": [[[21.417484105225526, 38.10291174798513], [21.42525995805383, 38.09244438760399], [21.429829800275428, 38.095387083549724], [21.42206202659756, 38.10509343476093], [21.417484105225526, 38.10291174798513]]]}]}","mythic/historic site"
"7.6.6",1806,"Eleia - Achaia border at Larisos river","10-06-170","{""type"": ""GeometryCollection"", ""geometries"": [{""type"": ""Polygon"", ""coordinates"": [[[21.417484105225526, 38.10291174798513], [21.42525995805383, 38.09244438760399], [21.429829800275428, 38.095387083549724], [21.42206202659756, 38.10509343476093], [21.417484105225526, 38.10291174798513]]]}]}","mythic/historic site"
"7.6.7",1807,"Eleia - Achaia border at Larisos river","11-06-170","{""type"": ""GeometryCollection"", ""geometries"": [{""type"": ""Polygon"", ""coordinates"": [[[21.417484105225526, 38.10291174798513], [21.42525995805383, 38.09244438760399], [21.429829800275428, 38.095387083549724], [21.42206202659756, 38.10509343476093], [21.417484105225526, 38.10291174798513]]]}]}","mythic/historic site"
"7.6.8",1808,"Eleia - Achaia border at Larisos river","12-06-170","{""type"": ""GeometryCollection"", ""geometries"": [{""type"": ""Polygon"", ""coordinates"": [[[21.417484105225526, 38.10291174798513], [21.42525995805383, 38.09244438760399], [21.429829800275428, 38.095387083549724], [21.42206202659756, 38.10509343476093], [21.417484105225526, 38.10291174798513]]]}]}","mythic/historic site"
"7.6.9",1809,"Eleia - Achaia border at Larisos river","13-06-170","{""type"": ""GeometryCollection"", ""geometries"": [{""type"": ""Polygon"", ""coordinates"": [[[21.417484105225526, 38.10291174798513], [21.42525995805383, 38.09244438760399], [21.429829800275428, 38.095387083549724], [21.42206202659756, 38.10509343476093], [21.417484105225526, 38.10291174798513]]]}]}","mythic/historic site"
"7.7.1",1810,"Eleia - Achaia border at Larisos river","14-06-170","{""type"": ""GeometryCollection"", ""geometries"": [{""type"": ""Polygon"", ""coordinates"": [[[21.417484105225526, 38.10291174798513], [21.42525995805383, 38.09244438760399], [21.429829800275428, 38.095387083549724], [21.42206202659756, 38.10509343476093], [21.417484105225526, 38.10291174798513]]]}]}","mythic/historic site"
"7.7.2",1811,"Eleia - Achaia border at Larisos river","15-06-170","{""type"": ""GeometryCollection"", ""geometries"": [{""type"": ""Polygon"", ""coordinates"": [[[21.417484105225526, 38.10291174798513], [21.42525995805383, 38.09244438760399], [21.429829800275428, 38.095387083549724], [21.42206202659756, 38.10509343476093], [21.417484105225526, 38.10291174798513]]]}]}","mythic/historic site"
"7.7.3",1812,"Eleia - Achaia border at Larisos river","16-06-170","{""type"": ""GeometryCollection"", ""geometries"": [{""type"": ""Polygon"", ""coordinates"": [[[21.417484105225526, 38.10291174798513], [21.42525995805383, 38.09244438760399], [21.429829800275428, 38.095387083549724], [21.42206202659756, 38.10509343476093], [21.417484105225526, 38.10291174798513]]]}]}","mythic/historic site"
"7.7.4",1813,"Eleia - Achaia border at Larisos river","17-06-170","{""type"": ""GeometryCollection"", ""geometries"": [{""type"": ""Polygon"", ""coordinates"": [[[21.417484105225526, 38.10291174798513], [21.42525995805383, 38.09244438760399], [21.429829800275428, 38.095387083549724], [21.42206202659756, 38.10509343476093], [21.417484105225526, 38.10291174798513]]]}]}","mythic/historic site"
"7.7.5",1814,"Eleia - Achaia border at Larisos river","18-06-170","{""type"": ""GeometryCollection"", ""geometries"": [{""type"": ""Polygon"", ""coordinates"": [[[21.417484105225526, 38.10291174798513], [21.42525995805383, 38.09244438760399], [21.429829800275428, 38.095387083549724], [21.42206202659756, 38.10509343476093], [21.417484105225526, 38.10291174798513]]]}]}","mythic/historic site"
"7.7.6",1815,"Eleia - Achaia border at Larisos river","19-06-170","{""type"": ""GeometryCollection"", ""geometries"": [{""type"": ""Polygon"", ""coordinates"": [[[21.417484105225526, 38.10291174798513], [21.42525995805383, 38.09244438760399], [21.429829800275428, 38.095387083549724], [21.42206202659756, 38.10509343476093], [21.417484105225526, 38.10291174798513]]]}]}","mythic/historic site"
"7.7.7",1816,"Eleia - Achaia border at Larisos river","20-06-170","{""type"": ""GeometryCollection"", ""geometries"": [{""type"": ""Polygon"", ""coordinates"": [[[21.417484105225526, 38.10291174798513], [21.42525995805383, 38.09244438760399], [21.429829800275428, 38.095387083549724], [21.42206202659756, 38.10509343476093], [21.417484105225526, 38.10291174798513]]]}]}","mythic/historic site"
"7.7.8",1817,"Eleia - Achaia border at Larisos river","21-06-170","{""type"": ""GeometryCollection"", ""geometries"": [{""type"": ""Polygon"", ""coordinates"": [[[21.417484105225526, 38.10291174798513], [21.42525995805383, 38.09244438760399], [21.429829800275428, 38.095387083549724], [21.42206202659756, 38.10509343476093], [21.417484105225526, 38.10291174798513]]]}]}","mythic/historic site"
"7.7.9",1818,"Eleia - Achaia border at Larisos river","22-06-170","{""type"": ""GeometryCollection"", ""geometries"": [{""type"": ""Polygon"", ""coordinates"": [[[21.417484105225526, 38.10291174798513], [21.42525995805383, 38.09244438760399], [21.429829800275428, 38.095387083549724], [21.42206202659756, 38.10509343476093], [21.417484105225526, 38.10291174798513]]]}]}","mythic/historic site"
"7.8.1",1819,"Eleia - Achaia border at Larisos river","23-06-170","{""type"": ""GeometryCollection"", ""geometries"": [{""type"": ""Polygon"", ""coordinates"": [[[21.417484105225526, 38.10291174798513], [21.42525995805383, 38.09244438760399], [21.429829800275428, 38.095387083549724], [21.42206202659756, 38.10509343476093], [21.417484105225526, 38.10291174798513]]]}]}","mythic/historic site"
"7.8.2",1820,"Eleia - Achaia border at Larisos river","24-06-170","{""type"": ""GeometryCollection"", ""geometries"": [{""type"": ""Polygon"", ""coordinates"": [[[21.417484105225526, 38.10291174798513], [21.42525995805383, 38.09244438760399], [21.429829800275428, 38.095387083549724], [21.42206202659756, 38.10509343476093], [21.417484105225526, 38.10291174798513]]]}]}","mythic/historic site"
"7.8.3",1821,"Eleia - Achaia border at Larisos river","25-06-170","{""type"": ""GeometryCollection"", ""geometries"": [{""type"": ""Polygon"", ""coordinates"": [[[21.417484105225526, 38.10291174798513], [21.42525995805383, 38.09244438760399], [21.429829800275428, 38.095387083549724], [21.42206202659756, 38.10509343476093], [21.417484105225526, 38.10291174798513]]]}]}","mythic/historic site"
"7.8.4",1822,"Eleia - Achaia border at Larisos river","26-06-170","{""type"": ""GeometryCollection"", ""geometries"": [{""type"": ""Polygon"", ""coordinates"": [[[21.417484105225526, 38.10291174798513], [21.42525995805383, 38.09244438760399], [21.429829800275428, 38.095387083549724], [21.42206202659756, 38.10509343476093], [21.417484105225526, 38.10291174798513]]]}]}","mythic/historic site"
"7.8.5",1823,"Eleia - Achaia border at Larisos river","27-06-170","{""type"": ""GeometryCollection"", ""geometries"": [{""type"": ""Polygon"", ""coordinates"": [[[21.417484105225526, 38.10291174798513], [21.42525995805383, 38.09244438760399], [21.429829800275428, 38.095387083549724], [21.42206202659756, 38.10509343476093], [21.417484105225526, 38.10291174798513]]]}]}","mythic/historic site"
"7.8.6",1824,"Eleia - Achaia border at Larisos river","28-06-170","{""type"": ""GeometryCollection"", ""geometries"": [{""type"": ""Polygon"", ""coordinates"": [[[21.417484105225526, 38.10291174798513], [21.42525995805383, 38.09244438760399], [21.429829800275428, 38.095387083549724], [21.42206202659756, 38.10509343476093], [21.417484105225526, 38.10291174798513]]]}]}","mythic/historic site"
"7.8.7",1825,"Eleia - Achaia border at Larisos river","29-06-170","{""type"": ""GeometryCollection"", ""geometries"": [{""type"": ""Polygon"", ""coordinates"": [[[21.417484105225526, 38.10291174798513], [21.42525995805383, 38.09244438760399], [21.429829800275428, 38.095387083549724], [21.42206202659756, 38.10509343476093], [21.417484105225526, 38.10291174798513]]]}]}","mythic/historic site"
"7.8.8",1826,"Eleia - Achaia border at Larisos river","30-06-170","{""type"": ""GeometryCollection"", ""geometries"": [{""type"": ""Polygon"", ""coordinates"": [[[21.417484105225526, 38.10291174798513], [21.42525995805383, 38.09244438760399], [21.429829800275428, 38.095387083549724], [21.42206202659756, 38.10509343476093], [21.417484105225526, 38.10291174798513]]]}]}","mythic/historic site"
"7.8.9",1827,"Eleia - Achaia border at Larisos river","01-07-170","{""type"": ""GeometryCollection"", ""geometries"": [{""type"": ""Polygon"", ""coordinates"": [[[21.417484105225526, 38.10291174798513], [21.42525995805383, 38.09244438760399], [21.429829800275428, 38.095387083549724], [21.42206202659756, 38.10509343476093], [21.417484105225526, 38.10291174798513]]]}]}","mythic/historic site"
"7.9.1",1828,"Eleia - Achaia border at Larisos river","02-07-170","{""type"": ""GeometryCollection"", ""geometries"": [{""type"": ""Polygon"", ""coordinates"": [[[21.417484105225526, 38.10291174798513], [21.42525995805383, 38.09244438760399], [21.429829800275428, 38.095387083549724], [21.42206202659756, 38.10509343476093], [21.417484105225526, 38.10291174798513]]]}]}","mythic/historic site"
"7.9.2",1829,"Eleia - Achaia border at Larisos river","03-07-170","{""type"": ""GeometryCollection"", ""geometries"": [{""type"": ""Polygon"", ""coordinates"": [[[21.417484105225526, 38.10291174798513], [21.42525995805383, 38.09244438760399], [21.429829800275428, 38.095387083549724], [21.42206202659756, 38.10509343476093], [21.417484105225526, 38.10291174798513]]]}]}","mythic/historic site"
"7.9.3",1830,"Eleia - Achaia border at Larisos river","04-07-170","{""type"": ""GeometryCollection"", ""geometries"": [{""type"": ""Polygon"", ""coordinates"": [[[21.417484105225526, 38.10291174798513], [21.42525995805383, 38.09244438760399], [21.429829800275428, 38.095387083549724], [21.42206202659756, 38.10509343476093], [21.417484105225526, 38.10291174798513]]]}]}","mythic/historic site"
"7.9.4",1831,"Eleia - Achaia border at Larisos river","05-07-170","{""type"": ""GeometryCollection"", ""geometries"": [{""type"": ""Polygon"", ""coordinates"": [[[21.417484105225526, 38.10291174798513], [21.42525995805383, 38.09244438760399], [21.429829800275428, 38.095387083549724], [21.42206202659756, 38.10509343476093], [21.417484105225526, 38.10291174798513]]]}]}","mythic/historic site"
"7.9.5",1832,"Eleia - Achaia border at Larisos river","06-07-170","{""type"": ""GeometryCollection"", ""geometries"": [{""type"": ""Polygon"", ""coordinates"": [[[21.417484105225526, 38.10291174798513], [21.42525995805383, 38.09244438760399], [21.429829800275428, 38.095387083549724], [21.42206202659756, 38.10509343476093], [21.417484105225526, 38.10291174798513]]]}]}","mythic/historic site"
"7.9.6",1833,"Eleia - Achaia border at Larisos river","07-07-170","{""type"": ""GeometryCollection"", ""geometries"": [{""type"": ""Polygon"", ""coordinates"": [[[21.417484105225526, 38.10291174798513], [21.42525995805383, 38.09244438760399], [21.429829800275428, 38.095387083549724], [21.42206202659756, 38.10509343476093], [21.417484105225526, 38.10291174798513]]]}]}","mythic/historic site"
"7.9.7",1834,"Eleia - Achaia border at Larisos river","08-07-170","{""type"": ""GeometryCollection"", ""geometries"": [{""type"": ""Polygon"", ""coordinates"": [[[21.417484105225526, 38.10291174798513], [21.42525995805383, 38.09244438760399], [21.429829800275428, 38.095387083549724], [21.42206202659756, 38.10509343476093], [21.417484105225526, 38.10291174798513]]]}]}","mythic/historic site"
"7.10.1",1835,"Eleia - Achaia border at Larisos river","09-07-170","{""type"": ""GeometryCollection"", ""geometries"": [{""type"": ""Polygon"", ""coordinates"": [[[21.417484105225526, 38.10291174798513], [21.42525995805383, 38.09244438760399], [21.429829800275428, 38.095387083549724], [21.42206202659756, 38.10509343476093], [21.417484105225526, 38.10291174798513]]]}]}","mythic/historic site"
"7.10.2",1836,"Eleia - Achaia border at Larisos river","10-07-170","{""type"": ""GeometryCollection"", ""geometries"": [{""type"": ""Polygon"", ""coordinates"": [[[21.417484105225526, 38.10291174798513], [21.42525995805383, 38.09244438760399], [21.429829800275428, 38.095387083549724], [21.42206202659756, 38.10509343476093], [21.417484105225526, 38.10291174798513]]]}]}","mythic/historic site"
"7.10.3",1837,"Eleia - Achaia border at Larisos river","11-07-170","{""type"": ""GeometryCollection"", ""geometries"": [{""type"": ""Polygon"", ""coordinates"": [[[21.417484105225526, 38.10291174798513], [21.42525995805383, 38.09244438760399], [21.429829800275428, 38.095387083549724], [21.42206202659756, 38.10509343476093], [21.417484105225526, 38.10291174798513]]]}]}","mythic/historic site"
"7.10.4",1838,"Eleia - Achaia border at Larisos river","12-07-170","{""type"": ""GeometryCollection"", ""geometries"": [{""type"": ""Polygon"", ""coordinates"": [[[21.417484105225526, 38.10291174798513], [21.42525995805383, 38.09244438760399], [21.429829800275428, 38.095387083549724], [21.42206202659756, 38.10509343476093], [21.417484105225526, 38.10291174798513]]]}]}","mythic/historic site"
"7.10.5",1839,"Eleia - Achaia border at Larisos river","13-07-170","{""type"": ""GeometryCollection"", ""geometries"": [{""type"": ""Polygon"", ""coordinates"": [[[21.417484105225526, 38.10291174798513], [21.42525995805383, 38.09244438760399], [21.429829800275428, 38.095387083549724], [21.42206202659756, 38.10509343476093], [21.417484105225526, 38.10291174798513]]]}]}","mythic/historic site"
"7.10.6",1840,"Eleia - Achaia border at Larisos river","14-07-170","{""type"": ""GeometryCollection"", ""geometries"": [{""type"": ""Polygon"", ""coordinates"": [[[21.417484105225526, 38.10291174798513], [21.42525995805383, 38.09244438760399], [21.429829800275428, 38.095387083549724], [21.42206202659756, 38.10509343476093], [21.417484105225526, 38.10291174798513]]]}]}","mythic/historic site"
"7.10.7",1841,"Eleia - Achaia border at Larisos river","15-07-170","{""type"": ""GeometryCollection"", ""geometries"": [{""type"": ""Polygon"", ""coordinates"": [[[21.417484105225526, 38.10291174798513], [21.42525995805383, 38.09244438760399], [21.429829800275428, 38.095387083549724], [21.42206202659756, 38.10509343476093], [21.417484105225526, 38.10291174798513]]]}]}","mythic/historic site"
"7.10.8",1842,"Eleia - Achaia border at Larisos river","16-07-170","{""type"": ""GeometryCollection"", ""geometries"": [{""type"": ""Polygon"", ""coordinates"": [[[21.417484105225526, 38.10291174798513], [21.42525995805383, 38.09244438760399], [21.429829800275428, 38.095387083549724], [21.42206202659756, 38.10509343476093], [21.417484105225526, 38.10291174798513]]]}]}","mythic/historic site"
"7.10.9",1843,"Eleia - Achaia border at Larisos river","17-07-170","{""type"": ""GeometryCollection"", ""geometries"": [{""type"": ""Polygon"", ""coordinates"": [[[21.417484105225526, 38.10291174798513], [21.42525995805383, 38.09244438760399], [21.429829800275428, 38.095387083549724], [21.42206202659756, 38.10509343476093], [21.417484105225526, 38.10291174798513]]]}]}","mythic/historic site"
"7.10.10",1844,"Eleia - Achaia border at Larisos river","18-07-170","{""type"": ""GeometryCollection"", ""geometries"": [{""type"": ""Polygon"", ""coordinates"": [[[21.417484105225526, 38.10291174798513], [21.42525995805383, 38.09244438760399], [21.429829800275428, 38.095387083549724], [21.42206202659756, 38.10509343476093], [21.417484105225526, 38.10291174798513]]]}]}","mythic/historic site"
"7.10.11",1845,"Eleia - Achaia border at Larisos river","19-07-170","{""type"": ""GeometryCollection"", ""geometries"": [{""type"": ""Polygon"", ""coordinates"": [[[21.417484105225526, 38.10291174798513], [21.42525995805383, 38.09244438760399], [21.429829800275428, 38.095387083549724], [21.42206202659756, 38.10509343476093], [21.417484105225526, 38.10291174798513]]]}]}","mythic/historic site"
"7.10.12",1846,"Eleia - Achaia border at Larisos river","20-07-170","{""type"": ""GeometryCollection"", ""geometries"": [{""type"": ""Polygon"", ""coordinates"": [[[21.417484105225526, 38.10291174798513], [21.42525995805383, 38.09244438760399], [21.429829800275428, 38.095387083549724], [21.42206202659756, 38.10509343476093], [21.417484105225526, 38.10291174798513]]]}]}","mythic/historic site"
"7.11.1",1847,"Eleia - Achaia border at Larisos river","21-07-170","{""type"": ""GeometryCollection"", ""geometries"": [{""type"": ""Polygon"", ""coordinates"": [[[21.417484105225526, 38.10291174798513], [21.42525995805383, 38.09244438760399], [21.429829800275428, 38.095387083549724], [21.42206202659756, 38.10509343476093], [21.417484105225526, 38.10291174798513]]]}]}","mythic/historic site"
"7.11.2",1848,"Eleia - Achaia border at Larisos river","22-07-170","{""type"": ""GeometryCollection"", ""geometries"": [{""type"": ""Polygon"", ""coordinates"": [[[21.417484105225526, 38.10291174798513], [21.42525995805383, 38.09244438760399], [21.429829800275428, 38.095387083549724], [21.42206202659756, 38.10509343476093], [21.417484105225526, 38.10291174798513]]]}]}","mythic/historic site"
"7.11.3",1849,"Eleia - Achaia border at Larisos river","23-07-170","{""type"": ""GeometryCollection"", ""geometries"": [{""type"": ""Polygon"", ""coordinates"": [[[21.417484105225526, 38.10291174798513], [21.42525995805383, 38.09244438760399], [21.429829800275428, 38.095387083549724], [21.42206202659756, 38.10509343476093], [21.417484105225526, 38.10291174798513]]]}]}","mythic/historic site"
"7.11.4",1850,"Eleia - Achaia border at Larisos river","24-07-170","{""type"": ""GeometryCollection"", ""geometries"": [{""type"": ""Polygon"", ""coordinates"": [[[21.417484105225526, 38.10291174798513], [21.42525995805383, 38.09244438760399], [21.429829800275428, 38.095387083549724], [21.42206202659756, 38.10509343476093], [21.417484105225526, 38.10291174798513]]]}]}","mythic/historic site"
"7.11.5",1851,"Eleia - Achaia border at Larisos river","25-07-170","{""type"": ""GeometryCollection"", ""geometries"": [{""type"": ""Polygon"", ""coordinates"": [[[21.417484105225526, 38.10291174798513], [21.42525995805383, 38.09244438760399], [21.429829800275428, 38.095387083549724], [21.42206202659756, 38.10509343476093], [21.417484105225526, 38.10291174798513]]]}]}","mythic/historic site"
"7.11.6",1852,"Eleia - Achaia border at Larisos river","26-07-170","{""type"": ""GeometryCollection"", ""geometries"": [{""type"": ""Polygon"", ""coordinates"": [[[21.417484105225526, 38.10291174798513], [21.42525995805383, 38.09244438760399], [21.429829800275428, 38.095387083549724], [21.42206202659756, 38.10509343476093], [21.417484105225526, 38.10291174798513]]]}]}","mythic/historic site"
"7.11.7",1853,"Eleia - Achaia border at Larisos river","27-07-170","{""type"": ""GeometryCollection"", ""geometries"": [{""type"": ""Polygon"", ""coordinates"": [[[21.417484105225526, 38.10291174798513], [21.42525995805383, 38.09244438760399], [21.429829800275428, 38.095387083549724], [21.42206202659756, 38.10509343476093], [21.417484105225526, 38.10291174798513]]]}]}","mythic/historic site"
"7.11.8",1854,"Eleia - Achaia border at Larisos river","28-07-170","{""type"": ""GeometryCollection"", ""geometries"": [{""type"": ""Polygon"", ""coordinates"": [[[21.417484105225526, 38.10291174798513], [21.42525995805383, 38.09244438760399], [21.429829800275428, 38.095387083549724], [21.42206202659756, 38.10509343476093], [21.417484105225526, 38.10291174798513]]]}]}","mythic/historic site"
"7.12.1",1855,"Eleia - Achaia border at Larisos river","29-07-170","{""type"": ""GeometryCollection"", ""geometries"": [{""type"": ""Polygon"", ""coordinates"": [[[21.417484105225526, 38.10291174798513], [21.42525995805383, 38.09244438760399], [21.429829800275428, 38.095387083549724], [21.42206202659756, 38.10509343476093], [21.417484105225526, 38.10291174798513]]]}]}","mythic/historic site"
"7.12.2",1856,"Eleia - Achaia border at Larisos river","30-07-170","{""type"": ""GeometryCollection"", ""geometries"": [{""type"": ""Polygon"", ""coordinates"": [[[21.417484105225526, 38.10291174798513], [21.42525995805383, 38.09244438760399], [21.429829800275428, 38.095387083549724], [21.42206202659756, 38.10509343476093], [21.417484105225526, 38.10291174798513]]]}]}","mythic/historic site"
"7.12.3",1857,"Eleia - Achaia border at Larisos river","31-07-170","{""type"": ""GeometryCollection"", ""geometries"": [{""type"": ""Polygon"", ""coordinates"": [[[21.417484105225526, 38.10291174798513], [21.42525995805383, 38.09244438760399], [21.429829800275428, 38.095387083549724], [21.42206202659756, 38.10509343476093], [21.417484105225526, 38.10291174798513]]]}]}","mythic/historic site"
"7.12.4",1858,"Eleia - Achaia border at Larisos river","01-08-170","{""type"": ""GeometryCollection"", ""geometries"": [{""type"": ""Polygon"", ""coordinates"": [[[21.417484105225526, 38.10291174798513], [21.42525995805383, 38.09244438760399], [21.429829800275428, 38.095387083549724], [21.42206202659756, 38.10509343476093], [21.417484105225526, 38.10291174798513]]]}]}","mythic/historic site"
"7.12.5",1859,"Eleia - Achaia border at Larisos river","02-08-170","{""type"": ""GeometryCollection"", ""geometries"": [{""type"": ""Polygon"", ""coordinates"": [[[21.417484105225526, 38.10291174798513], [21.42525995805383, 38.09244438760399], [21.429829800275428, 38.095387083549724], [21.42206202659756, 38.10509343476093], [21.417484105225526, 38.10291174798513]]]}]}","mythic/historic site"
"7.12.6",1860,"Eleia - Achaia border at Larisos river","03-08-170","{""type"": ""GeometryCollection"", ""geometries"": [{""type"": ""Polygon"", ""coordinates"": [[[21.417484105225526, 38.10291174798513], [21.42525995805383, 38.09244438760399], [21.429829800275428, 38.095387083549724], [21.42206202659756, 38.10509343476093], [21.417484105225526, 38.10291174798513]]]}]}","mythic/historic site"
"7.12.7",1861,"Eleia - Achaia border at Larisos river","04-08-170","{""type"": ""GeometryCollection"", ""geometries"": [{""type"": ""Polygon"", ""coordinates"": [[[21.417484105225526, 38.10291174798513], [21.42525995805383, 38.09244438760399], [21.429829800275428, 38.095387083549724], [21.42206202659756, 38.10509343476093], [21.417484105225526, 38.10291174798513]]]}]}","mythic/historic site"
"7.12.8",1862,"Eleia - Achaia border at Larisos river","05-08-170","{""type"": ""GeometryCollection"", ""geometries"": [{""type"": ""Polygon"", ""coordinates"": [[[21.417484105225526, 38.10291174798513], [21.42525995805383, 38.09244438760399], [21.429829800275428, 38.095387083549724], [21.42206202659756, 38.10509343476093], [21.417484105225526, 38.10291174798513]]]}]}","mythic/historic site"
"7.12.9",1863,"Eleia - Achaia border at Larisos river","06-08-170","{""type"": ""GeometryCollection"", ""geometries"": [{""type"": ""Polygon"", ""coordinates"": [[[21.417484105225526, 38.10291174798513], [21.42525995805383, 38.09244438760399], [21.429829800275428, 38.095387083549724], [21.42206202659756, 38.10509343476093], [21.417484105225526, 38.10291174798513]]]}]}","mythic/historic site"
"7.13.1",1864,"Eleia - Achaia border at Larisos river","07-08-170","{""type"": ""GeometryCollection"", ""geometries"": [{""type"": ""Polygon"", ""coordinates"": [[[21.417484105225526, 38.10291174798513], [21.42525995805383, 38.09244438760399], [21.429829800275428, 38.095387083549724], [21.42206202659756, 38.10509343476093], [21.417484105225526, 38.10291174798513]]]}]}","mythic/historic site"
"7.13.2",1865,"Eleia - Achaia border at Larisos river","08-08-170","{""type"": ""GeometryCollection"", ""geometries"": [{""type"": ""Polygon"", ""coordinates"": [[[21.417484105225526, 38.10291174798513], [21.42525995805383, 38.09244438760399], [21.429829800275428, 38.095387083549724], [21.42206202659756, 38.10509343476093], [21.417484105225526, 38.10291174798513]]]}]}","mythic/historic site"
"7.13.3",1866,"Eleia - Achaia border at Larisos river","09-08-170","{""type"": ""GeometryCollection"", ""geometries"": [{""type"": ""Polygon"", ""coordinates"": [[[21.417484105225526, 38.10291174798513], [21.42525995805383, 38.09244438760399], [21.429829800275428, 38.095387083549724], [21.42206202659756, 38.10509343476093], [21.417484105225526, 38.10291174798513]]]}]}","mythic/historic site"
"7.13.4",1867,"Eleia - Achaia border at Larisos river","10-08-170","{""type"": ""GeometryCollection"", ""geometries"": [{""type"": ""Polygon"", ""coordinates"": [[[21.417484105225526, 38.10291174798513], [21.42525995805383, 38.09244438760399], [21.429829800275428, 38.095387083549724], [21.42206202659756, 38.10509343476093], [21.417484105225526, 38.10291174798513]]]}]}","mythic/historic site"
"7.13.5",1868,"Eleia - Achaia border at Larisos river","11-08-170","{""type"": ""GeometryCollection"", ""geometries"": [{""type"": ""Polygon"", ""coordinates"": [[[21.417484105225526, 38.10291174798513], [21.42525995805383, 38.09244438760399], [21.429829800275428, 38.095387083549724], [21.42206202659756, 38.10509343476093], [21.417484105225526, 38.10291174798513]]]}]}","mythic/historic site"
"7.13.6",1869,"Eleia - Achaia border at Larisos river","12-08-170","{""type"": ""GeometryCollection"", ""geometries"": [{""type"": ""Polygon"", ""coordinates"": [[[21.417484105225526, 38.10291174798513], [21.42525995805383, 38.09244438760399], [21.429829800275428, 38.095387083549724], [21.42206202659756, 38.10509343476093], [21.417484105225526, 38.10291174798513]]]}]}","mythic/historic site"
"7.13.7",1870,"Eleia - Achaia border at Larisos river","13-08-170","{""type"": ""GeometryCollection"", ""geometries"": [{""type"": ""Polygon"", ""coordinates"": [[[21.417484105225526, 38.10291174798513], [21.42525995805383, 38.09244438760399], [21.429829800275428, 38.095387083549724], [21.42206202659756, 38.10509343476093], [21.417484105225526, 38.10291174798513]]]}]}","mythic/historic site"
"7.13.8",1871,"Eleia - Achaia border at Larisos river","14-08-170","{""type"": ""GeometryCollection"", ""geometries"": [{""type"": ""Polygon"", ""coordinates"": [[[21.417484105225526, 38.10291174798513], [21.42525995805383, 38.09244438760399], [21.429829800275428, 38.095387083549724], [21.42206202659756, 38.10509343476093], [21.417484105225526, 38.10291174798513]]]}]}","mythic/historic site"
"7.14.1",1872,"Eleia - Achaia border at Larisos river","15-08-170","{""type"": ""GeometryCollection"", ""geometries"": [{""type"": ""Polygon"", ""coordinates"": [[[21.417484105225526, 38.10291174798513], [21.42525995805383, 38.09244438760399], [21.429829800275428, 38.095387083549724], [21.42206202659756, 38.10509343476093], [21.417484105225526, 38.10291174798513]]]}]}","mythic/historic site"
"7.14.2",1873,"Eleia - Achaia border at Larisos river","16-08-170","{""type"": ""GeometryCollection"", ""geometries"": [{""type"": ""Polygon"", ""coordinates"": [[[21.417484105225526, 38.10291174798513], [21.42525995805383, 38.09244438760399], [21.429829800275428, 38.095387083549724], [21.42206202659756, 38.10509343476093], [21.417484105225526, 38.10291174798513]]]}]}","mythic/historic site"
"7.14.3",1874,"Eleia - Achaia border at Larisos river","17-08-170","{""type"": ""GeometryCollection"", ""geometries"": [{""type"": ""Polygon"", ""coordinates"": [[[21.417484105225526, 38.10291174798513], [21.42525995805383, 38.09244438760399], [21.429829800275428, 38.095387083549724], [21.42206202659756, 38.10509343476093], [21.417484105225526, 38.10291174798513]]]}]}","mythic/historic site"
"7.14.4",1875,"Eleia - Achaia border at Larisos river","18-08-170","{""type"": ""GeometryCollection"", ""geometries"": [{""type"": ""Polygon"", ""coordinates"": [[[21.417484105225526, 38.10291174798513], [21.42525995805383, 38.09244438760399], [21.429829800275428, 38.095387083549724], [21.42206202659756, 38.10509343476093], [21.417484105225526, 38.10291174798513]]]}]}","mythic/historic site"
"7.14.5",1876,"Eleia - Achaia border at Larisos river","19-08-170","{""type"": ""GeometryCollection"", ""geometries"": [{""type"": ""Polygon"", ""coordinates"": [[[21.417484105225526, 38.10291174798513], [21.42525995805383, 38.09244438760399], [21.429829800275428, 38.095387083549724], [21.42206202659756, 38.10509343476093], [21.417484105225526, 38.10291174798513]]]}]}","mythic/historic site"
"7.14.6",1877,"Eleia - Achaia border at Larisos river","20-08-170","{""type"": ""GeometryCollection"", ""geometries"": [{""type"": ""Polygon"", ""coordinates"": [[[21.417484105225526, 38.10291174798513], [21.42525995805383, 38.09244438760399], [21.429829800275428, 38.095387083549724], [21.42206202659756, 38.10509343476093], [21.417484105225526, 38.10291174798513]]]}]}","mythic/historic site"
"7.14.7",1878,"Eleia - Achaia border at Larisos river","21-08-170","{""type"": ""GeometryCollection"", ""geometries"": [{""type"": ""Polygon"", ""coordinates"": [[[21.417484105225526, 38.10291174798513], [21.42525995805383, 38.09244438760399], [21.429829800275428, 38.095387083549724], [21.42206202659756, 38.10509343476093], [21.417484105225526, 38.10291174798513]]]}]}","mythic/historic site"
"7.15.1",1879,"Eleia - Achaia border at Larisos river","22-08-170","{""type"": ""GeometryCollection"", ""geometries"": [{""type"": ""Polygon"", ""coordinates"": [[[21.417484105225526, 38.10291174798513], [21.42525995805383, 38.09244438760399], [21.429829800275428, 38.095387083549724], [21.42206202659756, 38.10509343476093], [21.417484105225526, 38.10291174798513]]]}]}","mythic/historic site"
"7.15.2",1880,"Eleia - Achaia border at Larisos river","23-08-170","{""type"": ""GeometryCollection"", ""geometries"": [{""type"": ""Polygon"", ""coordinates"": [[[21.417484105225526, 38.10291174798513], [21.42525995805383, 38.09244438760399], [21.429829800275428, 38.095387083549724], [21.42206202659756, 38.10509343476093], [21.417484105225526, 38.10291174798513]]]}]}","mythic/historic site"
"7.15.3",1881,"Eleia - Achaia border at Larisos river","24-08-170","{""type"": ""GeometryCollection"", ""geometries"": [{""type"": ""Polygon"", ""coordinates"": [[[21.417484105225526, 38.10291174798513], [21.42525995805383, 38.09244438760399], [21.429829800275428, 38.095387083549724], [21.42206202659756, 38.10509343476093], [21.417484105225526, 38.10291174798513]]]}]}","mythic/historic site"
"7.15.4",1882,"Eleia - Achaia border at Larisos river","25-08-170","{""type"": ""GeometryCollection"", ""geometries"": [{""type"": ""Polygon"", ""coordinates"": [[[21.417484105225526, 38.10291174798513], [21.42525995805383, 38.09244438760399], [21.429829800275428, 38.095387083549724], [21.42206202659756, 38.10509343476093], [21.417484105225526, 38.10291174798513]]]}]}","mythic/historic site"
"7.15.5",1883,"Eleia - Achaia border at Larisos river","26-08-170","{""type"": ""GeometryCollection"", ""geometries"": [{""type"": ""Polygon"", ""coordinates"": [[[21.417484105225526, 38.10291174798513], [21.42525995805383, 38.09244438760399], [21.429829800275428, 38.095387083549724], [21.42206202659756, 38.10509343476093], [21.417484105225526, 38.10291174798513]]]}]}","mythic/historic site"
"7.15.6",1884,"Eleia - Achaia border at Larisos river","27-08-170","{""type"": ""GeometryCollection"", ""geometries"": [{""type"": ""Polygon"", ""coordinates"": [[[21.417484105225526, 38.10291174798513], [21.42525995805383, 38.09244438760399], [21.429829800275428, 38.095387083549724], [21.42206202659756, 38.10509343476093], [21.417484105225526, 38.10291174798513]]]}]}","mythic/historic site"
"7.15.7",1885,"Eleia - Achaia border at Larisos river","28-08-170","{""type"": ""GeometryCollection"", ""geometries"": [{""type"": ""Polygon"", ""coordinates"": [[[21.417484105225526, 38.10291174798513], [21.42525995805383, 38.09244438760399], [21.429829800275428, 38.095387083549724], [21.42206202659756, 38.10509343476093], [21.417484105225526, 38.10291174798513]]]}]}","mythic/historic site"
"7.15.8",1886,"Eleia - Achaia border at Larisos river","29-08-170","{""type"": ""GeometryCollection"", ""geometries"": [{""type"": ""Polygon"", ""coordinates"": [[[21.417484105225526, 38.10291174798513], [21.42525995805383, 38.09244438760399], [21.429829800275428, 38.095387083549724], [21.42206202659756, 38.10509343476093], [21.417484105225526, 38.10291174798513]]]}]}","mythic/historic site"
"7.15.9",1887,"Eleia - Achaia border at Larisos river","30-08-170","{""type"": ""GeometryCollection"", ""geometries"": [{""type"": ""Polygon"", ""coordinates"": [[[21.417484105225526, 38.10291174798513], [21.42525995805383, 38.09244438760399], [21.429829800275428, 38.095387083549724], [21.42206202659756, 38.10509343476093], [21.417484105225526, 38.10291174798513]]]}]}","mythic/historic site"
"7.15.10",1888,"Eleia - Achaia border at Larisos river","31-08-170","{""type"": ""GeometryCollection"", ""geometries"": [{""type"": ""Polygon"", ""coordinates"": [[[21.417484105225526, 38.10291174798513], [21.42525995805383, 38.09244438760399], [21.429829800275428, 38.095387083549724], [21.42206202659756, 38.10509343476093], [21.417484105225526, 38.10291174798513]]]}]}","mythic/historic site"
"7.15.11",1889,"Eleia - Achaia border at Larisos river","01-09-170","{""type"": ""GeometryCollection"", ""geometries"": [{""type"": ""Polygon"", ""coordinates"": [[[21.417484105225526, 38.10291174798513], [21.42525995805383, 38.09244438760399], [21.429829800275428, 38.095387083549724], [21.42206202659756, 38.10509343476093], [21.417484105225526, 38.10291174798513]]]}]}","mythic/historic site"
"7.16.1",1890,"Eleia - Achaia border at Larisos river","02-09-170","{""type"": ""GeometryCollection"", ""geometries"": [{""type"": ""Polygon"", ""coordinates"": [[[21.417484105225526, 38.10291174798513], [21.42525995805383, 38.09244438760399], [21.429829800275428, 38.095387083549724], [21.42206202659756, 38.10509343476093], [21.417484105225526, 38.10291174798513]]]}]}","mythic/historic site"
"7.16.2",1891,"Eleia - Achaia border at Larisos river","03-09-170","{""type"": ""GeometryCollection"", ""geometries"": [{""type"": ""Polygon"", ""coordinates"": [[[21.417484105225526, 38.10291174798513], [21.42525995805383, 38.09244438760399], [21.429829800275428, 38.095387083549724], [21.42206202659756, 38.10509343476093], [21.417484105225526, 38.10291174798513]]]}]}","mythic/historic site"
"7.16.3",1892,"Eleia - Achaia border at Larisos river","04-09-170","{""type"": ""GeometryCollection"", ""geometries"": [{""type"": ""Polygon"", ""coordinates"": [[[21.417484105225526, 38.10291174798513], [21.42525995805383, 38.09244438760399], [21.429829800275428, 38.095387083549724], [21.42206202659756, 38.10509343476093], [21.417484105225526, 38.10291174798513]]]}]}","mythic/historic site"
"7.16.4",1893,"Eleia - Achaia border at Larisos river","05-09-170","{""type"": ""GeometryCollection"", ""geometries"": [{""type"": ""Polygon"", ""coordinates"": [[[21.417484105225526, 38.10291174798513], [21.42525995805383, 38.09244438760399], [21.429829800275428, 38.095387083549724], [21.42206202659756, 38.10509343476093], [21.417484105225526, 38.10291174798513]]]}]}","mythic/historic site"
"7.16.5",1894,"Eleia - Achaia border at Larisos river","06-09-170","{""type"": ""GeometryCollection"", ""geometries"": [{""type"": ""Polygon"", ""coordinates"": [[[21.417484105225526, 38.10291174798513], [21.42525995805383, 38.09244438760399], [21.429829800275428, 38.095387083549724], [21.42206202659756, 38.10509343476093], [21.417484105225526, 38.10291174798513]]]}]}","mythic/historic site"
"7.16.6",1895,"Eleia - Achaia border at Larisos river","07-09-170","{""type"": ""GeometryCollection"", ""geometries"": [{""type"": ""Polygon"", ""coordinates"": [[[21.417484105225526, 38.10291174798513], [21.42525995805383, 38.09244438760399], [21.429829800275428, 38.095387083549724], [21.42206202659756, 38.10509343476093], [21.417484105225526, 38.10291174798513]]]}]}","mythic/historic site"
"7.16.7",1896,"Eleia - Achaia border at Larisos river","08-09-170","{""type"": ""GeometryCollection"", ""geometries"": [{""type"": ""Polygon"", ""coordinates"": [[[21.417484105225526, 38.10291174798513], [21.42525995805383, 38.09244438760399], [21.429829800275428, 38.095387083549724], [21.42206202659756, 38.10509343476093], [21.417484105225526, 38.10291174798513]]]}]}","mythic/historic site"
"7.16.8",1897,"Eleia - Achaia border at Larisos river","09-09-170","{""type"": ""GeometryCollection"", ""geometries"": [{""type"": ""Polygon"", ""coordinates"": [[[21.417484105225526, 38.10291174798513], [21.42525995805383, 38.09244438760399], [21.429829800275428, 38.095387083549724], [21.42206202659756, 38.10509343476093], [21.417484105225526, 38.10291174798513]]]}]}","mythic/historic site"
"7.16.9",1898,"Eleia - Achaia border at Larisos river","10-09-170","{""type"": ""GeometryCollection"", ""geometries"": [{""type"": ""Polygon"", ""coordinates"": [[[21.417484105225526, 38.10291174798513], [21.42525995805383, 38.09244438760399], [21.429829800275428, 38.095387083549724], [21.42206202659756, 38.10509343476093], [21.417484105225526, 38.10291174798513]]]}]}","mythic/historic site"
"7.16.10",1899,"Eleia - Achaia border at Larisos river","11-09-170","{""type"": ""GeometryCollection"", ""geometries"": [{""type"": ""Polygon"", ""coordinates"": [[[21.417484105225526, 38.10291174798513], [21.42525995805383, 38.09244438760399], [21.429829800275428, 38.095387083549724], [21.42206202659756, 38.10509343476093], [21.417484105225526, 38.10291174798513]]]}]}","mythic/historic site"
"7.17.1",1900,"Eleia - Achaia border at Larisos river","12-09-170","{""type"": ""GeometryCollection"", ""geometries"": [{""type"": ""Polygon"", ""coordinates"": [[[21.417484105225526, 38.10291174798513], [21.42525995805383, 38.09244438760399], [21.429829800275428, 38.095387083549724], [21.42206202659756, 38.10509343476093], [21.417484105225526, 38.10291174798513]]]}]}","mythic/historic site"
"7.17.2",1901,"Eleia - Achaia border at Larisos river","13-09-170","{""type"": ""GeometryCollection"", ""geometries"": [{""type"": ""Polygon"", ""coordinates"": [[[21.417484105225526, 38.10291174798513], [21.42525995805383, 38.09244438760399], [21.429829800275428, 38.095387083549724], [21.42206202659756, 38.10509343476093], [21.417484105225526, 38.10291174798513]]]}]}","mythic/historic site"
"7.17.3",1902,"Eleia - Achaia border at Larisos river","14-09-170","{""type"": ""GeometryCollection"", ""geometries"": [{""type"": ""Polygon"", ""coordinates"": [[[21.417484105225526, 38.10291174798513], [21.42525995805383, 38.09244438760399], [21.429829800275428, 38.095387083549724], [21.42206202659756, 38.10509343476093], [21.417484105225526, 38.10291174798513]]]}]}","mythic/historic site"
"7.17.4",1903,"Eleia - Achaia border at Larisos river","15-09-170","{""type"": ""GeometryCollection"", ""geometries"": [{""type"": ""Polygon"", ""coordinates"": [[[21.417484105225526, 38.10291174798513], [21.42525995805383, 38.09244438760399], [21.429829800275428, 38.095387083549724], [21.42206202659756, 38.10509343476093], [21.417484105225526, 38.10291174798513]]]}]}","mythic/historic site"
"8.1.1",2034,"Argolid - Arkadia border near Mt. Artemision","24-01-171","{""type"": ""GeometryCollection"", ""geometries"": [{""type"": ""Polygon"", ""coordinates"": [[[22.475774354441114, 37.654310963973046], [22.507440284004105, 37.571411550419754], [22.521537982781183, 37.57134643717862], [22.488651704535528, 37.65540068883523], [22.475774354441114, 37.654310963973046]]]}]}","mythic/historic site"
"8.1.2",2035,"Argolid - Arkadia border near Mt. Artemision","25-01-171","{""type"": ""GeometryCollection"", ""geometries"": [{""type"": ""Polygon"", ""coordinates"": [[[22.475774354441114, 37.654310963973046], [22.507440284004105, 37.571411550419754], [22.521537982781183, 37.57134643717862], [22.488651704535528, 37.65540068883523], [22.475774354441114, 37.654310963973046]]]}]}","mythic/historic site"
"8.1.3",2036,"Argolid - Arkadia border near Mt. Artemision","26-01-171","{""type"": ""GeometryCollection"", ""geometries"": [{""type"": ""Polygon"", ""coordinates"": [[[22.475774354441114, 37.654310963973046], [22.507440284004105, 37.571411550419754], [22.521537982781183, 37.57134643717862], [22.488651704535528, 37.65540068883523], [22.475774354441114, 37.654310963973046]]]}]}","mythic/historic site"
"8.1.4",2037,"Argolid - Arkadia border near Mt. Artemision","27-01-171","{""type"": ""GeometryCollection"", ""geometries"": [{""type"": ""Polygon"", ""coordinates"": [[[22.475774354441114, 37.654310963973046], [22.507440284004105, 37.571411550419754], [22.521537982781183, 37.57134643717862], [22.488651704535528, 37.65540068883523], [22.475774354441114, 37.654310963973046]]]}]}","mythic/historic site"
"8.1.5",2038,"Argolid - Arkadia border near Mt. Artemision","28-01-171","{""type"": ""GeometryCollection"", ""geometries"": [{""type"": ""Polygon"", ""coordinates"": [[[22.475774354441114, 37.654310963973046], [22.507440284004105, 37.571411550419754], [22.521537982781183, 37.57134643717862], [22.488651704535528, 37.65540068883523], [22.475774354441114, 37.654310963973046]]]}]}","mythic/historic site"
"8.1.6",2039,"Argolid - Arkadia border near Mt. Artemision","29-01-171","{""type"": ""GeometryCollection"", ""geometries"": [{""type"": ""Polygon"", ""coordinates"": [[[22.475774354441114, 37.654310963973046], [22.507440284004105, 37.571411550419754], [22.521537982781183, 37.57134643717862], [22.488651704535528, 37.65540068883523], [22.475774354441114, 37.654310963973046]]]}]}","mythic/historic site"
"8.2.1",2040,"Argolid - Arkadia border near Mt. Artemision","30-01-171","{""type"": ""GeometryCollection"", ""geometries"": [{""type"": ""Polygon"", ""coordinates"": [[[22.475774354441114, 37.654310963973046], [22.507440284004105, 37.571411550419754], [22.521537982781183, 37.57134643717862], [22.488651704535528, 37.65540068883523], [22.475774354441114, 37.654310963973046]]]}]}","mythic/historic site"
"8.2.2",2041,"Argolid - Arkadia border near Mt. Artemision","31-01-171","{""type"": ""GeometryCollection"", ""geometries"": [{""type"": ""Polygon"", ""coordinates"": [[[22.475774354441114, 37.654310963973046], [22.507440284004105, 37.571411550419754], [22.521537982781183, 37.57134643717862], [22.488651704535528, 37.65540068883523], [22.475774354441114, 37.654310963973046]]]}]}","mythic/historic site"
"8.2.3",2042,"Argolid - Arkadia border near Mt. Artemision","01-02-171","{""type"": ""GeometryCollection"", ""geometries"": [{""type"": ""Polygon"", ""coordinates"": [[[22.475774354441114, 37.654310963973046], [22.507440284004105, 37.571411550419754], [22.521537982781183, 37.57134643717862], [22.488651704535528, 37.65540068883523], [22.475774354441114, 37.654310963973046]]]}]}","mythic/historic site"
"8.2.4",2043,"Argolid - Arkadia border near Mt. Artemision","02-02-171","{""type"": ""GeometryCollection"", ""geometries"": [{""type"": ""Polygon"", ""coordinates"": [[[22.475774354441114, 37.654310963973046], [22.507440284004105, 37.571411550419754], [22.521537982781183, 37.57134643717862], [22.488651704535528, 37.65540068883523], [22.475774354441114, 37.654310963973046]]]}]}","mythic/historic site"
"8.2.5",2044,"Argolid - Arkadia border near Mt. Artemision","03-02-171","{""type"": ""GeometryCollection"", ""geometries"": [{""type"": ""Polygon"", ""coordinates"": [[[22.475774354441114, 37.654310963973046], [22.507440284004105, 37.571411550419754], [22.521537982781183, 37.57134643717862], [22.488651704535528, 37.65540068883523], [22.475774354441114, 37.654310963973046]]]}]}","mythic/historic site"
"8.2.6",2045,"Argolid - Arkadia border near Mt. Artemision","04-02-171","{""type"": ""GeometryCollection"", ""geometries"": [{""type"": ""Polygon"", ""coordinates"": [[[22.475774354441114, 37.654310963973046], [22.507440284004105, 37.571411550419754], [22.521537982781183, 37.57134643717862], [22.488651704535528, 37.65540068883523], [22.475774354441114, 37.654310963973046]]]}]}","mythic/historic site"
"8.2.7",2046,"Argolid - Arkadia border near Mt. Artemision","05-02-171","{""type"": ""GeometryCollection"", ""geometries"": [{""type"": ""Polygon"", ""coordinates"": [[[22.475774354441114, 37.654310963973046], [22.507440284004105, 37.571411550419754], [22.521537982781183, 37.57134643717862], [22.488651704535528, 37.65540068883523], [22.475774354441114, 37.654310963973046]]]}]}","mythic/historic site"
"8.3.1",2047,"Argolid - Arkadia border near Mt. Artemision","06-02-171","{""type"": ""GeometryCollection"", ""geometries"": [{""type"": ""Polygon"", ""coordinates"": [[[22.475774354441114, 37.654310963973046], [22.507440284004105, 37.571411550419754], [22.521537982781183, 37.57134643717862], [22.488651704535528, 37.65540068883523], [22.475774354441114, 37.654310963973046]]]}]}","mythic/historic site"
"8.3.2",2048,"Argolid - Arkadia border near Mt. Artemision","07-02-171","{""type"": ""GeometryCollection"", ""geometries"": [{""type"": ""Polygon"", ""coordinates"": [[[22.475774354441114, 37.654310963973046], [22.507440284004105, 37.571411550419754], [22.521537982781183, 37.57134643717862], [22.488651704535528, 37.65540068883523], [22.475774354441114, 37.654310963973046]]]}]}","mythic/historic site"
"8.3.3",2049,"Argolid - Arkadia border near Mt. Artemision","08-02-171","{""type"": ""GeometryCollection"", ""geometries"": [{""type"": ""Polygon"", ""coordinates"": [[[22.475774354441114, 37.654310963973046], [22.507440284004105, 37.571411550419754], [22.521537982781183, 37.57134643717862], [22.488651704535528, 37.65540068883523], [22.475774354441114, 37.654310963973046]]]}]}","mythic/historic site"
"8.3.4",2050,"Argolid - Arkadia border near Mt. Artemision","09-02-171","{""type"": ""GeometryCollection"", ""geometries"": [{""type"": ""Polygon"", ""coordinates"": [[[22.475774354441114, 37.654310963973046], [22.507440284004105, 37.571411550419754], [22.521537982781183, 37.57134643717862], [22.488651704535528, 37.65540068883523], [22.475774354441114, 37.654310963973046]]]}]}","mythic/historic site"
"8.3.5",2051,"Argolid - Arkadia border near Mt. Artemision","10-02-171","{""type"": ""GeometryCollection"", ""geometries"": [{""type"": ""Polygon"", ""coordinates"": [[[22.475774354441114, 37.654310963973046], [22.507440284004105, 37.571411550419754], [22.521537982781183, 37.57134643717862], [22.488651704535528, 37.65540068883523], [22.475774354441114, 37.654310963973046]]]}]}","mythic/historic site"
"8.3.6",2052,"Argolid - Arkadia border near Mt. Artemision","11-02-171","{""type"": ""GeometryCollection"", ""geometries"": [{""type"": ""Polygon"", ""coordinates"": [[[22.475774354441114, 37.654310963973046], [22.507440284004105, 37.571411550419754], [22.521537982781183, 37.57134643717862], [22.488651704535528, 37.65540068883523], [22.475774354441114, 37.654310963973046]]]}]}","mythic/historic site"
"8.3.7",2053,"Argolid - Arkadia border near Mt. Artemision","12-02-171","{""type"": ""GeometryCollection"", ""geometries"": [{""type"": ""Polygon"", ""coordinates"": [[[22.475774354441114, 37.654310963973046], [22.507440284004105, 37.571411550419754], [22.521537982781183, 37.57134643717862], [22.488651704535528, 37.65540068883523], [22.475774354441114, 37.654310963973046]]]}]}","mythic/historic site"
"8.4.1",2054,"Argolid - Arkadia border near Mt. Artemision","13-02-171","{""type"": ""GeometryCollection"", ""geometries"": [{""type"": ""Polygon"", ""coordinates"": [[[22.475774354441114, 37.654310963973046], [22.507440284004105, 37.571411550419754], [22.521537982781183, 37.57134643717862], [22.488651704535528, 37.65540068883523], [22.475774354441114, 37.654310963973046]]]}]}","mythic/historic site"
"8.4.2",2055,"Argolid - Arkadia border near Mt. Artemision","14-02-171","{""type"": ""GeometryCollection"", ""geometries"": [{""type"": ""Polygon"", ""coordinates"": [[[22.475774354441114, 37.654310963973046], [22.507440284004105, 37.571411550419754], [22.521537982781183, 37.57134643717862], [22.488651704535528, 37.65540068883523], [22.475774354441114, 37.654310963973046]]]}]}","mythic/historic site"
"8.4.3",2056,"Argolid - Arkadia border near Mt. Artemision","15-02-171","{""type"": ""GeometryCollection"", ""geometries"": [{""type"": ""Polygon"", ""coordinates"": [[[22.475774354441114, 37.654310963973046], [22.507440284004105, 37.571411550419754], [22.521537982781183, 37.57134643717862], [22.488651704535528, 37.65540068883523], [22.475774354441114, 37.654310963973046]]]}]}","mythic/historic site"
"8.4.4",2057,"Argolid - Arkadia border near Mt. Artemision","16-02-171","{""type"": ""GeometryCollection"", ""geometries"": [{""type"": ""Polygon"", ""coordinates"": [[[22.475774354441114, 37.654310963973046], [22.507440284004105, 37.571411550419754], [22.521537982781183, 37.57134643717862], [22.488651704535528, 37.65540068883523], [22.475774354441114, 37.654310963973046]]]}]}","mythic/historic site"
"8.4.5",2058,"Argolid - Arkadia border near Mt. Artemision","17-02-171","{""type"": ""GeometryCollection"", ""geometries"": [{""type"": ""Polygon"", ""coordinates"": [[[22.475774354441114, 37.654310963973046], [22.507440284004105, 37.571411550419754], [22.521537982781183, 37.57134643717862], [22.488651704535528, 37.65540068883523], [22.475774354441114, 37.654310963973046]]]}]}","mythic/historic site"
"8.4.6",2059,"Argolid - Arkadia border near Mt. Artemision","18-02-171","{""type"": ""GeometryCollection"", ""geometries"": [{""type"": ""Polygon"", ""coordinates"": [[[22.475774354441114, 37.654310963973046], [22.507440284004105, 37.571411550419754], [22.521537982781183, 37.57134643717862], [22.488651704535528, 37.65540068883523], [22.475774354441114, 37.654310963973046]]]}]}","mythic/historic site"
"8.4.7",2060,"Argolid - Arkadia border near Mt. Artemision","19-02-171","{""type"": ""GeometryCollection"", ""geometries"": [{""type"": ""Polygon"", ""coordinates"": [[[22.475774354441114, 37.654310963973046], [22.507440284004105, 37.571411550419754], [22.521537982781183, 37.57134643717862], [22.488651704535528, 37.65540068883523], [22.475774354441114, 37.654310963973046]]]}]}","mythic/historic site"
"8.4.8",2061,"Argolid - Arkadia border near Mt. Artemision","20-02-171","{""type"": ""GeometryCollection"", ""geometries"": [{""type"": ""Polygon"", ""coordinates"": [[[22.475774354441114, 37.654310963973046], [22.507440284004105, 37.571411550419754], [22.521537982781183, 37.57134643717862], [22.488651704535528, 37.65540068883523], [22.475774354441114, 37.654310963973046]]]}]}","mythic/historic site"
"8.4.9",2062,"Argolid - Arkadia border near Mt. Artemision","21-02-171","{""type"": ""GeometryCollection"", ""geometries"": [{""type"": ""Polygon"", ""coordinates"": [[[22.475774354441114, 37.654310963973046], [22.507440284004105, 37.571411550419754], [22.521537982781183, 37.57134643717862], [22.488651704535528, 37.65540068883523], [22.475774354441114, 37.654310963973046]]]}]}","mythic/historic site"
"8.4.10",2063,"Argolid - Arkadia border near Mt. Artemision","22-02-171","{""type"": ""GeometryCollection"", ""geometries"": [{""type"": ""Polygon"", ""coordinates"": [[[22.475774354441114, 37.654310963973046], [22.507440284004105, 37.571411550419754], [22.521537982781183, 37.57134643717862], [22.488651704535528, 37.65540068883523], [22.475774354441114, 37.654310963973046]]]}]}","mythic/historic site"
"8.5.1",2064,"Argolid - Arkadia border near Mt. Artemision","23-02-171","{""type"": ""GeometryCollection"", ""geometries"": [{""type"": ""Polygon"", ""coordinates"": [[[22.475774354441114, 37.654310963973046], [22.507440284004105, 37.571411550419754], [22.521537982781183, 37.57134643717862], [22.488651704535528, 37.65540068883523], [22.475774354441114, 37.654310963973046]]]}]}","mythic/historic site"
"8.5.2",2065,"Argolid - Arkadia border near Mt. Artemision","24-02-171","{""type"": ""GeometryCollection"", ""geometries"": [{""type"": ""Polygon"", ""coordinates"": [[[22.475774354441114, 37.654310963973046], [22.507440284004105, 37.571411550419754], [22.521537982781183, 37.57134643717862], [22.488651704535528, 37.65540068883523], [22.475774354441114, 37.654310963973046]]]}]}","mythic/historic site"
"8.5.3",2066,"Argolid - Arkadia border near Mt. Artemision","25-02-171","{""type"": ""GeometryCollection"", ""geometries"": [{""type"": ""Polygon"", ""coordinates"": [[[22.475774354441114, 37.654310963973046], [22.507440284004105, 37.571411550419754], [22.521537982781183, 37.57134643717862], [22.488651704535528, 37.65540068883523], [22.475774354441114, 37.654310963973046]]]}]}","mythic/historic site"
"8.5.4",2067,"Argolid - Arkadia border near Mt. Artemision","26-02-171","{""type"": ""GeometryCollection"", ""geometries"": [{""type"": ""Polygon"", ""coordinates"": [[[22.475774354441114, 37.654310963973046], [22.507440284004105, 37.571411550419754], [22.521537982781183, 37.57134643717862], [22.488651704535528, 37.65540068883523], [22.475774354441114, 37.654310963973046]]]}]}","mythic/historic site"
"8.5.5",2068,"Argolid - Arkadia border near Mt. Artemision","27-02-171","{""type"": ""GeometryCollection"", ""geometries"": [{""type"": ""Polygon"", ""coordinates"": [[[22.475774354441114, 37.654310963973046], [22.507440284004105, 37.571411550419754], [22.521537982781183, 37.57134643717862], [22.488651704535528, 37.65540068883523], [22.475774354441114, 37.654310963973046]]]}]}","mythic/historic site"
"8.5.6",2069,"Argolid - Arkadia border near Mt. Artemision","28-02-171","{""type"": ""GeometryCollection"", ""geometries"": [{""type"": ""Polygon"", ""coordinates"": [[[22.475774354441114, 37.654310963973046], [22.507440284004105, 37.571411550419754], [22.521537982781183, 37.57134643717862], [22.488651704535528, 37.65540068883523], [22.475774354441114, 37.654310963973046]]]}]}","mythic/historic site"
"8.5.7",2070,"Argolid - Arkadia border near Mt. Artemision","01-03-171","{""type"": ""GeometryCollection"", ""geometries"": [{""type"": ""Polygon"", ""coordinates"": [[[22.475774354441114, 37.654310963973046], [22.507440284004105, 37.571411550419754], [22.521537982781183, 37.57134643717862], [22.488651704535528, 37.65540068883523], [22.475774354441114, 37.654310963973046]]]}]}","mythic/historic site"
"8.5.8",2071,"Argolid - Arkadia border near Mt. Artemision","02-03-171","{""type"": ""GeometryCollection"", ""geometries"": [{""type"": ""Polygon"", ""coordinates"": [[[22.475774354441114, 37.654310963973046], [22.507440284004105, 37.571411550419754], [22.521537982781183, 37.57134643717862], [22.488651704535528, 37.65540068883523], [22.475774354441114, 37.654310963973046]]]}]}","mythic/historic site"
"8.5.9",2072,"Argolid - Arkadia border near Mt. Artemision","03-03-171","{""type"": ""GeometryCollection"", ""geometries"": [{""type"": ""Polygon"", ""coordinates"": [[[22.475774354441114, 37.654310963973046], [22.507440284004105, 37.571411550419754], [22.521537982781183, 37.57134643717862], [22.488651704535528, 37.65540068883523], [22.475774354441114, 37.654310963973046]]]}]}","mythic/historic site"
"8.5.10",2073,"Argolid - Arkadia border near Mt. Artemision","04-03-171","{""type"": ""GeometryCollection"", ""geometries"": [{""type"": ""Polygon"", ""coordinates"": [[[22.475774354441114, 37.654310963973046], [22.507440284004105, 37.571411550419754], [22.521537982781183, 37.57134643717862], [22.488651704535528, 37.65540068883523], [22.475774354441114, 37.654310963973046]]]}]}","mythic/historic site"
"8.5.11",2074,"Argolid - Arkadia border near Mt. Artemision","05-03-171","{""type"": ""GeometryCollection"", ""geometries"": [{""type"": ""Polygon"", ""coordinates"": [[[22.475774354441114, 37.654310963973046], [22.507440284004105, 37.571411550419754], [22.521537982781183, 37.57134643717862], [22.488651704535528, 37.65540068883523], [22.475774354441114, 37.654310963973046]]]}]}","mythic/historic site"
"8.5.12",2075,"Argolid - Arkadia border near Mt. Artemision","06-03-171","{""type"": ""GeometryCollection"", ""geometries"": [{""type"": ""Polygon"", ""coordinates"": [[[22.475774354441114, 37.654310963973046], [22.507440284004105, 37.571411550419754], [22.521537982781183, 37.57134643717862], [22.488651704535528, 37.65540068883523], [22.475774354441114, 37.654310963973046]]]}]}","mythic/historic site"
"8.5.13",2076,"Argolid - Arkadia border near Mt. Artemision","07-03-171","{""type"": ""GeometryCollection"", ""geometries"": [{""type"": ""Polygon"", ""coordinates"": [[[22.475774354441114, 37.654310963973046], [22.507440284004105, 37.571411550419754], [22.521537982781183, 37.57134643717862], [22.488651704535528, 37.65540068883523], [22.475774354441114, 37.654310963973046]]]}]}","mythic/historic site"
"8.6.1",2077,"Argolid - Arkadia border near Mt. Artemision","08-03-171","{""type"": ""GeometryCollection"", ""geometries"": [{""type"": ""Polygon"", ""coordinates"": [[[22.475774354441114, 37.654310963973046], [22.507440284004105, 37.571411550419754], [22.521537982781183, 37.57134643717862], [22.488651704535528, 37.65540068883523], [22.475774354441114, 37.654310963973046]]]}]}","mythic/historic site"
"8.6.2",2078,"Argolid - Arkadia border near Mt. Artemision","09-03-171","{""type"": ""GeometryCollection"", ""geometries"": [{""type"": ""Polygon"", ""coordinates"": [[[22.475774354441114, 37.654310963973046], [22.507440284004105, 37.571411550419754], [22.521537982781183, 37.57134643717862], [22.488651704535528, 37.65540068883523], [22.475774354441114, 37.654310963973046]]]}]}","mythic/historic site"
"8.6.3",2079,"Argolid - Arkadia border near Mt. Artemision","10-03-171","{""type"": ""GeometryCollection"", ""geometries"": [{""type"": ""Polygon"", ""coordinates"": [[[22.475774354441114, 37.654310963973046], [22.507440284004105, 37.571411550419754], [22.521537982781183, 37.57134643717862], [22.488651704535528, 37.65540068883523], [22.475774354441114, 37.654310963973046]]]}]}","mythic/historic site"
"8.27.1",2255,"Springs of the Bouphagos river at Bouphagion","02-09-171","{""type"": ""Point"", ""coordinates"": [21.983, 37.567]}","mythic/historic site"
"8.27.2",2256,"Springs of the Bouphagos river at Bouphagion","03-09-171","{""type"": ""Point"", ""coordinates"": [21.983, 37.567]}","mythic/historic site"
"8.27.3",2257,"Springs of the Bouphagos river at Bouphagion","04-09-171","{""type"": ""Point"", ""coordinates"": [21.983, 37.567]}","mythic/historic site"
"8.27.4",2258,"Springs of the Bouphagos river at Bouphagion","05-09-171","{""type"": ""Point"", ""coordinates"": [21.983, 37.567]}","mythic/historic site"
"8.27.5",2259,"Springs of the Bouphagos river at Bouphagion","06-09-171","{""type"": ""Point"", ""coordinates"": [21.983, 37.567]}","mythic/historic site"
"8.27.6",2260,"Springs of the Bouphagos river at Bouphagion","07-09-171","{""type"": ""Point"", ""coordinates"": [21.983, 37.567]}","mythic/historic site"
"8.27.7",2261,"Springs of the Bouphagos river at Bouphagion","08-09-171","{""type"": ""Point"", ""coordinates"": [21.983, 37.567]}","mythic/historic site"
"8.27.8",2262,"Springs of the Bouphagos river at Bouphagion","09-09-171","{""type"": ""Point"", ""coordinates"": [21.983, 37.567]}","mythic/historic site"
"8.27.9",2263,"Springs of the Bouphagos river at Bouphagion","10-09-171","{""type"": ""Point"", ""coordinates"": [21.983, 37.567]}","mythic/historic site"
"8.27.10",2264,"Springs of the Bouphagos river at Bouphagion","11-09-171","{""type"": ""Point"", ""coordinates"": [21.983, 37.567]}","mythic/historic site"
"8.27.11",2265,"Springs of the Bouphagos river at Bouphagion","12-09-171","{""type"": ""Point"", ""coordinates"": [21.983, 37.567]}","mythic/historic site"
"8.27.12",2266,"Springs of the Bouphagos river at Bouphagion","13-09-171","{""type"": ""Point"", ""coordinates"": [21.983, 37.567]}","mythic/historic site"
"8.27.13",2267,"Springs of the Bouphagos river at Bouphagion","14-09-171","{""type"": ""Point"", ""coordinates"": [21.983, 37.567]}","mythic/historic site"
"8.27.14",2268,"Springs of the Bouphagos river at Bouphagion","15-09-171","{""type"": ""Point"", ""coordinates"": [21.983, 37.567]}","mythic/historic site"
"8.27.15",2269,"Springs of the Bouphagos river at Bouphagion","16-09-171","{""type"": ""Point"", ""coordinates"": [21.983, 37.567]}","mythic/historic site"
"8.27.16",2270,"Springs of the Bouphagos river at Bouphagion","17-09-171","{""type"": ""Point"", ""coordinates"": [21.983, 37.567]}","mythic/historic site"
"8.27.17",2271,"Springs of the Bouphagos river at Bouphagion","18-09-171","{""type"": ""Point"", ""coordinates"": [21.983, 37.567]}","mythic/historic site"
"8.43.1",2395,"Pallantion (Arkadia)","20-01-172","{""type"": ""Point"", ""coordinates"": [22.334, 37.453]}","mythic/historic site"
"8.43.2",2396,"Pallantion (Arkadia)","21-01-172","{""type"": ""Point"", ""coordinates"": [22.334, 37.453]}","mythic/historic site"
"8.43.3",2397,"Pallantion (Arkadia)","22-01-172","{""type"": ""Point"", ""coordinates"": [22.334, 37.453]}","mythic/historic site"
"8.43.4",2398,"Pallantion (Arkadia)","23-01-172","{""type"": ""Point"", ""coordinates"": [22.334, 37.453]}","mythic/historic site"
"8.43.5",2399,"Pallantion (Arkadia)","24-01-172","{""type"": ""Point"", ""coordinates"": [22.334, 37.453]}","mythic/historic site"
"8.43.6",2400,"Pallantion (Arkadia)","25-01-172","{""type"": ""Point"", ""coordinates"": [22.334, 37.453]}","mythic/historic site"
"8.44.5",2405,"Pallantion (Arkadia)","30-01-172","{""type"": ""Point"", ""coordinates"": [22.334, 37.453]}","mythic/historic site"
"8.44.6",2406,"Pallantion (Arkadia)","31-01-172","{""type"": ""Point"", ""coordinates"": [22.334, 37.453]}","mythic/historic site"
"8.49.1",2435,"Theater of Tegea with statue base of Philopoemen","29-02-172","{""type"": ""Point"", ""coordinates"": [22.42935, 37.46417]}","mythic/historic site"
"8.49.2",2436,"Theater of Tegea with statue base of Philopoemen","01-03-172","{""type"": ""Point"", ""coordinates"": [22.42935, 37.46417]}","mythic/historic site"
"8.49.3",2437,"Theater of Tegea with statue base of Philopoemen","02-03-172","{""type"": ""Point"", ""coordinates"": [22.42935, 37.46417]}","mythic/historic site"
"8.49.4",2438,"Theater of Tegea with statue base of Philopoemen","03-03-172","{""type"": ""Point"", ""coordinates"": [22.42935, 37.46417]}","mythic/historic site"
"8.49.5",2439,"Theater of Tegea with statue base of Philopoemen","04-03-172","{""type"": ""Point"", ""coordinates"": [22.42935, 37.46417]}","mythic/historic site"
"8.49.6",2440,"Theater of Tegea with statue base of Philopoemen","05-03-172","{""type"": ""Point"", ""coordinates"": [22.42935, 37.46417]}","mythic/historic site"
"8.49.7",2441,"Theater of Tegea with statue base of Philopoemen","06-03-172","{""type"": ""Point"", ""coordinates"": [22.42935, 37.46417]}","mythic/historic site"
"8.50.1",2442,"Theater of Tegea with statue base of Philopoemen","07-03-172","{""type"": ""Point"", ""coordinates"": [22.42935, 37.46417]}","mythic/historic site"
"8.50.2",2443,"Theater of Tegea with statue base of Philopoemen","08-03-172","{""type"": ""Point"", ""coordinates"": [22.42935, 37.46417]}","mythic/historic site"
"8.50.3",2444,"Theater of Tegea with statue base of Philopoemen","09-03-172","{""type"": ""Point"", ""coordinates"": [22.42935, 37.46417]}","mythic/historic site"
"8.50.4",2445,"Theater of Tegea with statue base of Philopoemen","10-03-172","{""type"": ""Point"", ""coordinates"": [22.42935, 37.46417]}","mythic/historic site"
"8.50.5",2446,"Theater of Tegea with statue base of Philopoemen","11-03-172","{""type"": ""Point"", ""coordinates"": [22.42935, 37.46417]}","mythic/historic site"
"8.50.6",2447,"Theater of Tegea with statue base of Philopoemen","12-03-172","{""type"": ""Point"", ""coordinates"": [22.42935, 37.46417]}","mythic/historic site"
"8.50.7",2448,"Theater of Tegea with statue base of Philopoemen","13-03-172","{""type"": ""Point"", ""coordinates"": [22.42935, 37.46417]}","mythic/historic site"
"8.50.8",2449,"Theater of Tegea with statue base of Philopoemen","14-03-172","{""type"": ""Point"", ""coordinates"": [22.42935, 37.46417]}","mythic/historic site"
"8.50.9",2450,"Theater of Tegea with statue base of Philopoemen","15-03-172","{""type"": ""Point"", ""coordinates"": [22.42935, 37.46417]}","mythic/historic site"
"8.50.10",2451,"Theater of Tegea with statue base of Philopoemen","16-03-172","{""type"": ""Point"", ""coordinates"": [22.42935, 37.46417]}","mythic/historic site"
"8.51.1",2452,"Theater of Tegea with statue base of Philopoemen","17-03-172","{""type"": ""Point"", ""coordinates"": [22.42935, 37.46417]}","mythic/historic site"
"8.51.2",2453,"Theater of Tegea with statue base of Philopoemen","18-03-172","{""type"": ""Point"", ""coordinates"": [22.42935, 37.46417]}","mythic/historic site"
"8.51.3",2454,"Theater of Tegea with statue base of Philopoemen","19-03-172","{""type"": ""Point"", ""coordinates"": [22.42935, 37.46417]}","mythic/historic site"
"8.51.4",2455,"Theater of Tegea with statue base of Philopoemen","20-03-172","{""type"": ""Point"", ""coordinates"": [22.42935, 37.46417]}","mythic/historic site"
"8.51.5",2456,"Theater of Tegea with statue base of Philopoemen","21-03-172","{""type"": ""Point"", ""coordinates"": [22.42935, 37.46417]}","mythic/historic site"
"8.51.6",2457,"Theater of Tegea with statue base of Philopoemen","22-03-172","{""type"": ""Point"", ""coordinates"": [22.42935, 37.46417]}","mythic/historic site"
"8.51.7",2458,"Theater of Tegea with statue base of Philopoemen","23-03-172","{""type"": ""Point"", ""coordinates"": [22.42935, 37.46417]}","mythic/historic site"
"8.51.8",2459,"Theater of Tegea with statue base of Philopoemen","24-03-172","{""type"": ""Point"", ""coordinates"": [22.42935, 37.46417]}","mythic/historic site"
"8.52.1",2460,"Theater of Tegea with statue base of Philopoemen","25-03-172","{""type"": ""Point"", ""coordinates"": [22.42935, 37.46417]}","mythic/historic site"
"8.52.2",2461,"Theater of Tegea with statue base of Philopoemen","26-03-172","{""type"": ""Point"", ""coordinates"": [22.42935, 37.46417]}","mythic/historic site"
"8.52.3",2462,"Theater of Tegea with statue base of Philopoemen","27-03-172","{""type"": ""Point"", ""coordinates"": [22.42935, 37.46417]}","mythic/historic site"
"8.52.4",2463,"Theater of Tegea with statue base of Philopoemen","28-03-172","{""type"": ""Point"", ""coordinates"": [22.42935, 37.46417]}","mythic/historic site"
"8.52.5",2464,"Theater of Tegea with statue base of Philopoemen","29-03-172","{""type"": ""Point"", ""coordinates"": [22.42935, 37.46417]}","mythic/historic site"
"8.52.6",2465,"Theater of Tegea with statue base of Philopoemen","30-03-172","{""type"": ""Point"", ""coordinates"": [22.42935, 37.46417]}","mythic/historic site"
"9.1.1",2484,"Attica - Boeotia border near Eleutherai","18-04-172","{""type"": ""GeometryCollection"", ""geometries"": [{""type"": ""Polygon"", ""coordinates"": [[[23.3603862665492, 38.18482207882795], [23.360738922854182, 38.181444360594384], [23.377012617891893, 38.18186267517737], [23.37628639812212, 38.18558316965476], [23.3603862665492, 38.18482207882795]]]}]}","mythic/historic site"
"9.1.2",2485,"Attica - Boeotia border near Eleutherai","19-04-172","{""type"": ""GeometryCollection"", ""geometries"": [{""type"": ""Polygon"", ""coordinates"": [[[23.3603862665492, 38.18482207882795], [23.360738922854182, 38.181444360594384], [23.377012617891893, 38.18186267517737], [23.37628639812212, 38.18558316965476], [23.3603862665492, 38.18482207882795]]]}]}","mythic/historic site"
"9.1.3",2486,"Attica - Boeotia border near Eleutherai","20-04-172","{""type"": ""GeometryCollection"", ""geometries"": [{""type"": ""Polygon"", ""coordinates"": [[[23.3603862665492, 38.18482207882795], [23.360738922854182, 38.181444360594384], [23.377012617891893, 38.18186267517737], [23.37628639812212, 38.18558316965476], [23.3603862665492, 38.18482207882795]]]}]}","mythic/historic site"
"9.1.4",2487,"Attica - Boeotia border near Eleutherai","21-04-172","{""type"": ""GeometryCollection"", ""geometries"": [{""type"": ""Polygon"", ""coordinates"": [[[23.3603862665492, 38.18482207882795], [23.360738922854182, 38.181444360594384], [23.377012617891893, 38.18186267517737], [23.37628639812212, 38.18558316965476], [23.3603862665492, 38.18482207882795]]]}]}","mythic/historic site"
"9.1.5",2488,"Attica - Boeotia border near Eleutherai","22-04-172","{""type"": ""GeometryCollection"", ""geometries"": [{""type"": ""Polygon"", ""coordinates"": [[[23.3603862665492, 38.18482207882795], [23.360738922854182, 38.181444360594384], [23.377012617891893, 38.18186267517737], [23.37628639812212, 38.18558316965476], [23.3603862665492, 38.18482207882795]]]}]}","mythic/historic site"
"9.1.6",2489,"Attica - Boeotia border near Eleutherai","23-04-172","{""type"": ""GeometryCollection"", ""geometries"": [{""type"": ""Polygon"", ""coordinates"": [[[23.3603862665492, 38.18482207882795], [23.360738922854182, 38.181444360594384], [23.377012617891893, 38.18186267517737], [23.37628639812212, 38.18558316965476], [23.3603862665492, 38.18482207882795]]]}]}","mythic/historic site"
"9.1.7",2490,"Attica - Boeotia border near Eleutherai","24-04-172","{""type"": ""GeometryCollection"", ""geometries"": [{""type"": ""Polygon"", ""coordinates"": [[[23.3603862665492, 38.18482207882795], [23.360738922854182, 38.181444360594384], [23.377012617891893, 38.18186267517737], [23.37628639812212, 38.18558316965476], [23.3603862665492, 38.18482207882795]]]}]}","mythic/historic site"
"9.1.8",2491,"Attica - Boeotia border near Eleutherai","25-04-172","{""type"": ""GeometryCollection"", ""geometries"": [{""type"": ""Polygon"", ""coordinates"": [[[23.3603862665492, 38.18482207882795], [23.360738922854182, 38.181444360594384], [23.377012617891893, 38.18186267517737], [23.37628639812212, 38.18558316965476], [23.3603862665492, 38.18482207882795]]]}]}","mythic/historic site"
"9.5.1",2512,"Platais - Thebais border at Asopos river","16-05-172","{""type"": ""GeometryCollection"", ""geometries"": [{""type"": ""Polygon"", ""coordinates"": [[[23.282037585248275, 38.262346911330866], [23.28341770612292, 38.259214861874426], [23.29430988663492, 38.26282873800801], [23.29139528312203, 38.266562673068336], [23.282037585248275, 38.262346911330866]]]}]}","mythic/historic site"
"9.5.2",2513,"Platais - Thebais border at Asopos river","17-05-172","{""type"": ""GeometryCollection"", ""geometries"": [{""type"": ""Polygon"", ""coordinates"": [[[23.282037585248275, 38.262346911330866], [23.28341770612292, 38.259214861874426], [23.29430988663492, 38.26282873800801], [23.29139528312203, 38.266562673068336], [23.282037585248275, 38.262346911330866]]]}]}","mythic/historic site"
"9.5.3",2514,"Platais - Thebais border at Asopos river","18-05-172","{""type"": ""GeometryCollection"", ""geometries"": [{""type"": ""Polygon"", ""coordinates"": [[[23.282037585248275, 38.262346911330866], [23.28341770612292, 38.259214861874426], [23.29430988663492, 38.26282873800801], [23.29139528312203, 38.266562673068336], [23.282037585248275, 38.262346911330866]]]}]}","mythic/historic site"
"9.5.4",2515,"Platais - Thebais border at Asopos river","19-05-172","{""type"": ""GeometryCollection"", ""geometries"": [{""type"": ""Polygon"", ""coordinates"": [[[23.282037585248275, 38.262346911330866], [23.28341770612292, 38.259214861874426], [23.29430988663492, 38.26282873800801], [23.29139528312203, 38.266562673068336], [23.282037585248275, 38.262346911330866]]]}]}","mythic/historic site"
"9.5.5",2516,"Platais - Thebais border at Asopos river","20-05-172","{""type"": ""GeometryCollection"", ""geometries"": [{""type"": ""Polygon"", ""coordinates"": [[[23.282037585248275, 38.262346911330866], [23.28341770612292, 38.259214861874426], [23.29430988663492, 38.26282873800801], [23.29139528312203, 38.266562673068336], [23.282037585248275, 38.262346911330866]]]}]}","mythic/historic site"
"9.5.6",2517,"Platais - Thebais border at Asopos river","21-05-172","{""type"": ""GeometryCollection"", ""geometries"": [{""type"": ""Polygon"", ""coordinates"": [[[23.282037585248275, 38.262346911330866], [23.28341770612292, 38.259214861874426], [23.29430988663492, 38.26282873800801], [23.29139528312203, 38.266562673068336], [23.282037585248275, 38.262346911330866]]]}]}","mythic/historic site"
"9.5.7",2518,"Platais - Thebais border at Asopos river","22-05-172","{""type"": ""GeometryCollection"", ""geometries"": [{""type"": ""Polygon"", ""coordinates"": [[[23.282037585248275, 38.262346911330866], [23.28341770612292, 38.259214861874426], [23.29430988663492, 38.26282873800801], [23.29139528312203, 38.266562673068336], [23.282037585248275, 38.262346911330866]]]}]}","mythic/historic site"
"9.5.8",2519,"Platais - Thebais border at Asopos river","23-05-172","{""type"": ""GeometryCollection"", ""geometries"": [{""type"": ""Polygon"", ""coordinates"": [[[23.282037585248275, 38.262346911330866], [23.28341770612292, 38.259214861874426], [23.29430988663492, 38.26282873800801], [23.29139528312203, 38.266562673068336], [23.282037585248275, 38.262346911330866]]]}]}","mythic/historic site"
"9.5.9",2520,"Platais - Thebais border at Asopos river","24-05-172","{""type"": ""GeometryCollection"", ""geometries"": [{""type"": ""Polygon"", ""coordinates"": [[[23.282037585248275, 38.262346911330866], [23.28341770612292, 38.259214861874426], [23.29430988663492, 38.26282873800801], [23.29139528312203, 38.266562673068336], [23.282037585248275, 38.262346911330866]]]}]}","mythic/historic site"
"9.5.10",2521,"Platais - Thebais border at Asopos river","25-05-172","{""type"": ""GeometryCollection"", ""geometries"": [{""type"": ""Polygon"", ""coordinates"": [[[23.282037585248275, 38.262346911330866], [23.28341770612292, 38.259214861874426], [23.29430988663492, 38.26282873800801], [23.29139528312203, 38.266562673068336], [23.282037585248275, 38.262346911330866]]]}]}","mythic/historic site"
"9.5.11",2522,"Platais - Thebais border at Asopos river","26-05-172","{""type"": ""GeometryCollection"", ""geometries"": [{""type"": ""Polygon"", ""coordinates"": [[[23.282037585248275, 38.262346911330866], [23.28341770612292, 38.259214861874426], [23.29430988663492, 38.26282873800801], [23.29139528312203, 38.266562673068336], [23.282037585248275, 38.262346911330866]]]}]}","mythic/historic site"
"9.5.12",2523,"Platais - Thebais border at Asopos river","27-05-172","{""type"": ""GeometryCollection"", ""geometries"": [{""type"": ""Polygon"", ""coordinates"": [[[23.282037585248275, 38.262346911330866], [23.28341770612292, 38.259214861874426], [23.29430988663492, 38.26282873800801], [23.29139528312203, 38.266562673068336], [23.282037585248275, 38.262346911330866]]]}]}","mythic/historic site"
"9.5.13",2524,"Platais - Thebais border at Asopos river","28-05-172","{""type"": ""GeometryCollection"", ""geometries"": [{""type"": ""Polygon"", ""coordinates"": [[[23.282037585248275, 38.262346911330866], [23.28341770612292, 38.259214861874426], [23.29430988663492, 38.26282873800801], [23.29139528312203, 38.266562673068336], [23.282037585248275, 38.262346911330866]]]}]}","mythic/historic site"
"9.5.14",2525,"Platais - Thebais border at Asopos river","29-05-172","{""type"": ""GeometryCollection"", ""geometries"": [{""type"": ""Polygon"", ""coordinates"": [[[23.282037585248275, 38.262346911330866], [23.28341770612292, 38.259214861874426], [23.29430988663492, 38.26282873800801], [23.29139528312203, 38.266562673068336], [23.282037585248275, 38.262346911330866]]]}]}","mythic/historic site"
"9.5.15",2526,"Platais - Thebais border at Asopos river","30-05-172","{""type"": ""GeometryCollection"", ""geometries"": [{""type"": ""Polygon"", ""coordinates"": [[[23.282037585248275, 38.262346911330866], [23.28341770612292, 38.259214861874426], [23.29430988663492, 38.26282873800801], [23.29139528312203, 38.266562673068336], [23.282037585248275, 38.262346911330866]]]}]}","mythic/historic site"
"9.5.16",2527,"Platais - Thebais border at Asopos river","31-05-172","{""type"": ""GeometryCollection"", ""geometries"": [{""type"": ""Polygon"", ""coordinates"": [[[23.282037585248275, 38.262346911330866], [23.28341770612292, 38.259214861874426], [23.29430988663492, 38.26282873800801], [23.29139528312203, 38.266562673068336], [23.282037585248275, 38.262346911330866]]]}]}","mythic/historic site"
"9.6.1",2528,"Platais - Thebais border at Asopos river","01-06-172","{""type"": ""GeometryCollection"", ""geometries"": [{""type"": ""Polygon"", ""coordinates"": [[[23.282037585248275, 38.262346911330866], [23.28341770612292, 38.259214861874426], [23.29430988663492, 38.26282873800801], [23.29139528312203, 38.266562673068336], [23.282037585248275, 38.262346911330866]]]}]}","mythic/historic site"
"9.6.2",2529,"Platais - Thebais border at Asopos river","02-06-172","{""type"": ""GeometryCollection"", ""geometries"": [{""type"": ""Polygon"", ""coordinates"": [[[23.282037585248275, 38.262346911330866], [23.28341770612292, 38.259214861874426], [23.29430988663492, 38.26282873800801], [23.29139528312203, 38.266562673068336], [23.282037585248275, 38.262346911330866]]]}]}","mythic/historic site"
"9.6.3",2530,"Platais - Thebais border at Asopos river","03-06-172","{""type"": ""GeometryCollection"", ""geometries"": [{""type"": ""Polygon"", ""coordinates"": [[[23.282037585248275, 38.262346911330866], [23.28341770612292, 38.259214861874426], [23.29430988663492, 38.26282873800801], [23.29139528312203, 38.266562673068336], [23.282037585248275, 38.262346911330866]]]}]}","mythic/historic site"
"9.6.4",2531,"Platais - Thebais border at Asopos river","04-06-172","{""type"": ""GeometryCollection"", ""geometries"": [{""type"": ""Polygon"", ""coordinates"": [[[23.282037585248275, 38.262346911330866], [23.28341770612292, 38.259214861874426], [23.29430988663492, 38.26282873800801], [23.29139528312203, 38.266562673068336], [23.282037585248275, 38.262346911330866]]]}]}","mythic/historic site"
"9.6.5",2532,"Platais - Thebais border at Asopos river","05-06-172","{""type"": ""GeometryCollection"", ""geometries"": [{""type"": ""Polygon"", ""coordinates"": [[[23.282037585248275, 38.262346911330866], [23.28341770612292, 38.259214861874426], [23.29430988663492, 38.26282873800801], [23.29139528312203, 38.266562673068336], [23.282037585248275, 38.262346911330866]]]}]}","mythic/historic site"
"9.6.6",2533,"Platais - Thebais border at Asopos river","06-06-172","{""type"": ""GeometryCollection"", ""geometries"": [{""type"": ""Polygon"", ""coordinates"": [[[23.282037585248275, 38.262346911330866], [23.28341770612292, 38.259214861874426], [23.29430988663492, 38.26282873800801], [23.29139528312203, 38.266562673068336], [23.282037585248275, 38.262346911330866]]]}]}","mythic/historic site"
"9.7.1",2534,"Platais - Thebais border at Asopos river","07-06-172","{""type"": ""GeometryCollection"", ""geometries"": [{""type"": ""Polygon"", ""coordinates"": [[[23.282037585248275, 38.262346911330866], [23.28341770612292, 38.259214861874426], [23.29430988663492, 38.26282873800801], [23.29139528312203, 38.266562673068336], [23.282037585248275, 38.262346911330866]]]}]}","mythic/historic site"
"9.7.2",2535,"Platais - Thebais border at Asopos river","08-06-172","{""type"": ""GeometryCollection"", ""geometries"": [{""type"": ""Polygon"", ""coordinates"": [[[23.282037585248275, 38.262346911330866], [23.28341770612292, 38.259214861874426], [23.29430988663492, 38.26282873800801], [23.29139528312203, 38.266562673068336], [23.282037585248275, 38.262346911330866]]]}]}","mythic/historic site"
"9.7.3",2536,"Platais - Thebais border at Asopos river","09-06-172","{""type"": ""GeometryCollection"", ""geometries"": [{""type"": ""Polygon"", ""coordinates"": [[[23.282037585248275, 38.262346911330866], [23.28341770612292, 38.259214861874426], [23.29430988663492, 38.26282873800801], [23.29139528312203, 38.266562673068336], [23.282037585248275, 38.262346911330866]]]}]}","mythic/historic site"
"9.7.4",2537,"Platais - Thebais border at Asopos river","10-06-172","{""type"": ""GeometryCollection"", ""geometries"": [{""type"": ""Polygon"", ""coordinates"": [[[23.282037585248275, 38.262346911330866], [23.28341770612292, 38.259214861874426], [23.29430988663492, 38.26282873800801], [23.29139528312203, 38.266562673068336], [23.282037585248275, 38.262346911330866]]]}]}","mythic/historic site"
"9.7.5",2538,"Platais - Thebais border at Asopos river","11-06-172","{""type"": ""GeometryCollection"", ""geometries"": [{""type"": ""Polygon"", ""coordinates"": [[[23.282037585248275, 38.262346911330866], [23.28341770612292, 38.259214861874426], [23.29430988663492, 38.26282873800801], [23.29139528312203, 38.266562673068336], [23.282037585248275, 38.262346911330866]]]}]}","mythic/historic site"
"9.7.6",2539,"Platais - Thebais border at Asopos river","12-06-172","{""type"": ""GeometryCollection"", ""geometries"": [{""type"": ""Polygon"", ""coordinates"": [[[23.282037585248275, 38.262346911330866], [23.28341770612292, 38.259214861874426], [23.29430988663492, 38.26282873800801], [23.29139528312203, 38.266562673068336], [23.282037585248275, 38.262346911330866]]]}]}","mythic/historic site"
"9.12.3",2567,"Agora in the acropolis of Thebes","10-07-172","{""type"": ""Point"", ""coordinates"": [23.3178, 38.3209]}","mythic/historic site"
"9.12.4",2568,"Agora in the acropolis of Thebes","11-07-172","{""type"": ""Point"", ""coordinates"": [23.3178, 38.3209]}","mythic/historic site"
"9.12.5",2569,"Agora in the acropolis of Thebes","12-07-172","{""type"": ""Point"", ""coordinates"": [23.3178, 38.3209]}","mythic/historic site"
"9.12.6",2570,"Agora in the acropolis of Thebes","13-07-172","{""type"": ""Point"", ""coordinates"": [23.3178, 38.3209]}","mythic/historic site"
"9.13.1",2571,"Agora in the acropolis of Thebes","14-07-172","{""type"": ""Point"", ""coordinates"": [23.3178, 38.3209]}","mythic/historic site"
"9.13.2",2572,"Agora in the acropolis of Thebes","15-07-172","{""type"": ""Point"", ""coordinates"": [23.3178, 38.3209]}","mythic/historic site"
"9.13.3",2573,"Agora in the acropolis of Thebes","16-07-172","{""type"": ""Point"", ""coordinates"": [23.3178, 38.3209]}","mythic/historic site"
"9.13.4",2574,"Agora in the acropolis of Thebes","17-07-172","{""type"": ""Point"", ""coordinates"": [23.3178, 38.3209]}","mythic/historic site"
"9.13.5",2575,"Agora in the acropolis of Thebes","18-07-172","{""type"": ""Point"", ""coordinates"": [23.3178, 38.3209]}","mythic/historic site"
"9.13.6",2576,"Agora in the acropolis of Thebes","19-07-172","{""type"": ""Point"", ""coordinates"": [23.3178, 38.3209]}","mythic/historic site"
"9.13.7",2577,"Agora in the acropolis of Thebes","20-07-172","{""type"": ""Point"", ""coordinates"": [23.3178, 38.3209]}","mythic/historic site"
"9.13.8",2578,"Agora in the acropolis of Thebes","21-07-172","{""type"": ""Point"", ""coordinates"": [23.3178, 38.3209]}","mythic/historic site"
"9.13.9",2579,"Agora in the acropolis of Thebes","22-07-172","{""type"": ""Point"", ""coordinates"": [23.3178, 38.3209]}","mythic/historic site"
"9.13.10",2580,"Agora in the acropolis of Thebes","23-07-172","{""type"": ""Point"", ""coordinates"": [23.3178, 38.3209]}","mythic/historic site"
"9.13.11",2581,"Agora in the acropolis of Thebes","24-07-172","{""type"": ""Point"", ""coordinates"": [23.3178, 38.3209]}","mythic/historic site"
"9.13.12",2582,"Agora in the acropolis of Thebes","25-07-172","{""type"": ""Point"", ""coordinates"": [23.3178, 38.3209]}","mythic/historic site"
"9.14.1",2583,"Agora in the acropolis of Thebes","26-07-172","{""type"": ""Point"", ""coordinates"": [23.3178, 38.3209]}","mythic/historic site"
"9.14.2",2584,"Agora in the acropolis of Thebes","27-07-172","{""type"": ""Point"", ""coordinates"": [23.3178, 38.3209]}","mythic/historic site"
"9.14.3",2585,"Agora in the acropolis of Thebes","28-07-172","{""type"": ""Point"", ""coordinates"": [23.3178, 38.3209]}","mythic/historic site"
"9.14.4",2586,"Agora in the acropolis of Thebes","29-07-172","{""type"": ""Point"", ""coordinates"": [23.3178, 38.3209]}","mythic/historic site"
"9.14.5",2587,"Agora in the acropolis of Thebes","30-07-172","{""type"": ""Point"", ""coordinates"": [23.3178, 38.3209]}","mythic/historic site"
"9.14.6",2588,"Agora in the acropolis of Thebes","31-07-172","{""type"": ""Point"", ""coordinates"": [23.3178, 38.3209]}","mythic/historic site"
"9.14.7",2589,"Agora in the acropolis of Thebes","01-08-172","{""type"": ""Point"", ""coordinates"": [23.3178, 38.3209]}","mythic/historic site"
"9.15.1",2590,"Agora in the acropolis of Thebes","02-08-172","{""type"": ""Point"", ""coordinates"": [23.3178, 38.3209]}","mythic/historic site"
"9.15.2",2591,"Agora in the acropolis of Thebes","03-08-172","{""type"": ""Point"", ""coordinates"": [23.3178, 38.3209]}","mythic/historic site"
"9.15.3",2592,"Agora in the acropolis of Thebes","04-08-172","{""type"": ""Point"", ""coordinates"": [23.3178, 38.3209]}","mythic/historic site"
"9.15.4",2593,"Agora in the acropolis of Thebes","05-08-172","{""type"": ""Point"", ""coordinates"": [23.3178, 38.3209]}","mythic/historic site"
"9.15.5",2594,"Agora in the acropolis of Thebes","06-08-172","{""type"": ""Point"", ""coordinates"": [23.3178, 38.3209]}","mythic/historic site"
"9.15.6",2595,"Agora in the acropolis of Thebes","07-08-172","{""type"": ""Point"", ""coordinates"": [23.3178, 38.3209]}","mythic/historic site"
"9.25.2",2655,"Dragging of Antigonê, where sons of Oedipus fought","06-10-172","{""type"": ""Point"", ""coordinates"": [23.3178, 38.3191]}","mythic/historic site"
"9.28.1",2680,"road Thespiai to Grove of the Muses on Helikon","31-10-172","{""type"": ""GeometryCollection"", ""geometries"": [{""type"": ""LineString"", ""coordinates"": [[23.150335453048854, 38.294101559143144], [23.102174964384886, 38.314117530335295], [23.07943639120697, 38.322280299216715], [23.0611517808546, 38.32165923814202], [23.05473621691715, 38.32054906830817]]}]}","mythic/historic site"
"9.28.2",2681,"road Thespiai to Grove of the Muses on Helikon","01-11-172","{""type"": ""GeometryCollection"", ""geometries"": [{""type"": ""LineString"", ""coordinates"": [[23.150335453048854, 38.294101559143144], [23.102174964384886, 38.314117530335295], [23.07943639120697, 38.322280299216715], [23.0611517808546, 38.32165923814202], [23.05473621691715, 38.32054906830817]]}]}","mythic/historic site"
"9.28.3",2682,"road Thespiai to Grove of the Muses on Helikon","02-11-172","{""type"": ""GeometryCollection"", ""geometries"": [{""type"": ""LineString"", ""coordinates"": [[23.150335453048854, 38.294101559143144], [23.102174964384886, 38.314117530335295], [23.07943639120697, 38.322280299216715], [23.0611517808546, 38.32165923814202], [23.05473621691715, 38.32054906830817]]}]}","mythic/historic site"
"9.28.4",2683,"road Thespiai to Grove of the Muses on Helikon","03-11-172","{""type"": ""GeometryCollection"", ""geometries"": [{""type"": ""LineString"", ""coordinates"": [[23.150335453048854, 38.294101559143144], [23.102174964384886, 38.314117530335295], [23.07943639120697, 38.322280299216715], [23.0611517808546, 38.32165923814202], [23.05473621691715, 38.32054906830817]]}]}","mythic/historic site"
"9.34.6",2736,"Orchomenos (Boeotia)","26-12-172","{""type"": ""Point"", ""coordinates"": [22.959486, 38.495082]}","mythic/historic site"
"9.34.7",2737,"Orchomenos (Boeotia)","27-12-172","{""type"": ""Point"", ""coordinates"": [22.959486, 38.495082]}","mythic/historic site"
"9.34.8",2738,"Orchomenos (Boeotia)","28-12-172","{""type"": ""Point"", ""coordinates"": [22.959486, 38.495082]}","mythic/historic site"
"9.34.9",2739,"Orchomenos (Boeotia)","29-12-172","{""type"": ""Point"", ""coordinates"": [22.959486, 38.495082]}","mythic/historic site"
"9.34.10",2740,"Orchomenos (Boeotia)","30-12-172","{""type"": ""Point"", ""coordinates"": [22.959486, 38.495082]}","mythic/historic site"
"9.35.1",2741,"Orchomenos (Boeotia)","31-12-172","{""type"": ""Point"", ""coordinates"": [22.959486, 38.495082]}","mythic/historic site"
"9.35.2",2742,"Orchomenos (Boeotia)","01-01-173","{""type"": ""Point"", ""coordinates"": [22.959486, 38.495082]}","mythic/historic site"
"9.35.3",2743,"Orchomenos (Boeotia)","02-01-173","{""type"": ""Point"", ""coordinates"": [22.959486, 38.495082]}","mythic/historic site"
"9.35.4",2744,"Orchomenos (Boeotia)","03-01-173","{""type"": ""Point"", ""coordinates"": [22.959486, 38.495082]}","mythic/historic site"
"9.35.5",2745,"Orchomenos (Boeotia)","04-01-173","{""type"": ""Point"", ""coordinates"": [22.959486, 38.495082]}","mythic/historic site"
"9.35.6",2746,"Orchomenos (Boeotia)","05-01-173","{""type"": ""Point"", ""coordinates"": [22.959486, 38.495082]}","mythic/historic site"
"9.35.7",2747,"Orchomenos (Boeotia)","06-01-173","{""type"": ""Point"", ""coordinates"": [22.959486, 38.495082]}","mythic/historic site"
"9.36.1",2748,"Orchomenos (Boeotia)","07-01-173","{""type"": ""Point"", ""coordinates"": [22.959486, 38.495082]}","mythic/historic site"
"9.36.2",2749,"Orchomenos (Boeotia)","08-01-173","{""type"": ""Point"", ""coordinates"": [22.959486, 38.495082]}","mythic/historic site"
"9.36.3",2750,"Orchomenos (Boeotia)","09-01-173","{""type"": ""Point"", ""coordinates"": [22.959486, 38.495082]}","mythic/historic site"
"9.36.4",2751,"Orchomenos (Boeotia)","10-01-173","{""type"": ""Point"", ""coordinates"": [22.959486, 38.495082]}","mythic/historic site"
"9.36.5",2752,"Orchomenos (Boeotia)","11-01-173","{""type"": ""Point"", ""coordinates"": [22.959486, 38.495082]}","mythic/historic site"
"9.36.6",2753,"Orchomenos (Boeotia)","12-01-173","{""type"": ""Point"", ""coordinates"": [22.959486, 38.495082]}","mythic/historic site"
"9.36.7",2754,"Orchomenos (Boeotia)","13-01-173","{""type"": ""Point"", ""coordinates"": [22.959486, 38.495082]}","mythic/historic site"
"9.36.8",2755,"Orchomenos (Boeotia)","14-01-173","{""type"": ""Point"", ""coordinates"": [22.959486, 38.495082]}","mythic/historic site"
"9.37.1",2756,"Orchomenos (Boeotia)","15-01-173","{""type"": ""Point"", ""coordinates"": [22.959486, 38.495082]}","mythic/historic site"
"9.37.2",2757,"Orchomenos (Boeotia)","16-01-173","{""type"": ""Point"", ""coordinates"": [22.959486, 38.495082]}","mythic/historic site"
"9.37.3",2758,"Orchomenos (Boeotia)","17-01-173","{""type"": ""Point"", ""coordinates"": [22.959486, 38.495082]}","mythic/historic site"
"9.37.4",2759,"Orchomenos (Boeotia)","18-01-173","{""type"": ""Point"", ""coordinates"": [22.959486, 38.495082]}","mythic/historic site"
"9.37.5",2760,"Orchomenos (Boeotia)","19-01-173","{""type"": ""Point"", ""coordinates"": [22.959486, 38.495082]}","mythic/historic site"
"9.37.6",2761,"Orchomenos (Boeotia)","20-01-173","{""type"": ""Point"", ""coordinates"": [22.959486, 38.495082]}","mythic/historic site"
"9.37.7",2762,"Orchomenos (Boeotia)","21-01-173","{""type"": ""Point"", ""coordinates"": [22.959486, 38.495082]}","mythic/historic site"
"9.37.8",2763,"Orchomenos (Boeotia)","22-01-173","{""type"": ""Point"", ""coordinates"": [22.959486, 38.495082]}","mythic/historic site"
"9.38.10",2773,"Orchomenos (Boeotia)","01-02-173","{""type"": ""Point"", ""coordinates"": [22.959486, 38.495082]}","mythic/historic site"
"10.1.1",2807,"border Boiotia - Phokis at Chaironea","07-03-173","{""type"": ""GeometryCollection"", ""geometries"": [{""type"": ""Polygon"", ""coordinates"": [[[22.816987932397836, 38.504250343320365], [22.8182268893938, 38.49955405008339], [22.822928938451724, 38.50072097458943], [22.8210186478411, 38.504983837002214], [22.816987932397836, 38.504250343320365]]]}]}","mythic/historic site"
"10.1.2",2808,"border Boiotia - Phokis at Chaironea","08-03-173","{""type"": ""GeometryCollection"", ""geometries"": [{""type"": ""Polygon"", ""coordinates"": [[[22.816987932397836, 38.504250343320365], [22.8182268893938, 38.49955405008339], [22.822928938451724, 38.50072097458943], [22.8210186478411, 38.504983837002214], [22.816987932397836, 38.504250343320365]]]}]}","mythic/historic site"
"10.1.3",2809,"border Boiotia - Phokis at Chaironea","09-03-173","{""type"": ""GeometryCollection"", ""geometries"": [{""type"": ""Polygon"", ""coordinates"": [[[22.816987932397836, 38.504250343320365], [22.8182268893938, 38.49955405008339], [22.822928938451724, 38.50072097458943], [22.8210186478411, 38.504983837002214], [22.816987932397836, 38.504250343320365]]]}]}","mythic/historic site"
"10.1.4",2810,"border Boiotia - Phokis at Chaironea","10-03-173","{""type"": ""GeometryCollection"", ""geometries"": [{""type"": ""Polygon"", ""coordinates"": [[[22.816987932397836, 38.504250343320365], [22.8182268893938, 38.49955405008339], [22.822928938451724, 38.50072097458943], [22.8210186478411, 38.504983837002214], [22.816987932397836, 38.504250343320365]]]}]}","mythic/historic site"
"10.1.5",2811,"border Boiotia - Phokis at Chaironea","11-03-173","{""type"": ""GeometryCollection"", ""geometries"": [{""type"": ""Polygon"", ""coordinates"": [[[22.816987932397836, 38.504250343320365], [22.8182268893938, 38.49955405008339], [22.822928938451724, 38.50072097458943], [22.8210186478411, 38.504983837002214], [22.816987932397836, 38.504250343320365]]]}]}","mythic/historic site"
"10.1.6",2812,"border Boiotia - Phokis at Chaironea","12-03-173","{""type"": ""GeometryCollection"", ""geometries"": [{""type"": ""Polygon"", ""coordinates"": [[[22.816987932397836, 38.504250343320365], [22.8182268893938, 38.49955405008339], [22.822928938451724, 38.50072097458943], [22.8210186478411, 38.504983837002214], [22.816987932397836, 38.504250343320365]]]}]}","mythic/historic site"
"10.1.7",2813,"border Boiotia - Phokis at Chaironea","13-03-173","{""type"": ""GeometryCollection"", ""geometries"": [{""type"": ""Polygon"", ""coordinates"": [[[22.816987932397836, 38.504250343320365], [22.8182268893938, 38.49955405008339], [22.822928938451724, 38.50072097458943], [22.8210186478411, 38.504983837002214], [22.816987932397836, 38.504250343320365]]]}]}","mythic/historic site"
"10.1.8",2814,"border Boiotia - Phokis at Chaironea","14-03-173","{""type"": ""GeometryCollection"", ""geometries"": [{""type"": ""Polygon"", ""coordinates"": [[[22.816987932397836, 38.504250343320365], [22.8182268893938, 38.49955405008339], [22.822928938451724, 38.50072097458943], [22.8210186478411, 38.504983837002214], [22.816987932397836, 38.504250343320365]]]}]}","mythic/historic site"
"10.1.9",2815,"border Boiotia - Phokis at Chaironea","15-03-173","{""type"": ""GeometryCollection"", ""geometries"": [{""type"": ""Polygon"", ""coordinates"": [[[22.816987932397836, 38.504250343320365], [22.8182268893938, 38.49955405008339], [22.822928938451724, 38.50072097458943], [22.8210186478411, 38.504983837002214], [22.816987932397836, 38.504250343320365]]]}]}","mythic/historic site"
"10.1.10",2816,"border Boiotia - Phokis at Chaironea","16-03-173","{""type"": ""GeometryCollection"", ""geometries"": [{""type"": ""Polygon"", ""coordinates"": [[[22.816987932397836, 38.504250343320365], [22.8182268893938, 38.49955405008339], [22.822928938451724, 38.50072097458943], [22.8210186478411, 38.504983837002214], [22.816987932397836, 38.504250343320365]]]}]}","mythic/historic site"
"10.1.11",2817,"border Boiotia - Phokis at Chaironea","17-03-173","{""type"": ""GeometryCollection"", ""geometries"": [{""type"": ""Polygon"", ""coordinates"": [[[22.816987932397836, 38.504250343320365], [22.8182268893938, 38.49955405008339], [22.822928938451724, 38.50072097458943], [22.8210186478411, 38.504983837002214], [22.816987932397836, 38.504250343320365]]]}]}","mythic/historic site"
"10.2.1",2818,"border Boiotia - Phokis at Chaironea","18-03-173","{""type"": ""GeometryCollection"", ""geometries"": [{""type"": ""Polygon"", ""coordinates"": [[[22.816987932397836, 38.504250343320365], [22.8182268893938, 38.49955405008339], [22.822928938451724, 38.50072097458943], [22.8210186478411, 38.504983837002214], [22.816987932397836, 38.504250343320365]]]}]}","mythic/historic site"
"10.2.2",2819,"border Boiotia - Phokis at Chaironea","19-03-173","{""type"": ""GeometryCollection"", ""geometries"": [{""type"": ""Polygon"", ""coordinates"": [[[22.816987932397836, 38.504250343320365], [22.8182268893938, 38.49955405008339], [22.822928938451724, 38.50072097458943], [22.8210186478411, 38.504983837002214], [22.816987932397836, 38.504250343320365]]]}]}","mythic/historic site"
"10.2.3",2820,"border Boiotia - Phokis at Chaironea","20-03-173","{""type"": ""GeometryCollection"", ""geometries"": [{""type"": ""Polygon"", ""coordinates"": [[[22.816987932397836, 38.504250343320365], [22.8182268893938, 38.49955405008339], [22.822928938451724, 38.50072097458943], [22.8210186478411, 38.504983837002214], [22.816987932397836, 38.504250343320365]]]}]}","mythic/historic site"
"10.2.4",2821,"border Boiotia - Phokis at Chaironea","21-03-173","{""type"": ""GeometryCollection"", ""geometries"": [{""type"": ""Polygon"", ""coordinates"": [[[22.816987932397836, 38.504250343320365], [22.8182268893938, 38.49955405008339], [22.822928938451724, 38.50072097458943], [22.8210186478411, 38.504983837002214], [22.816987932397836, 38.504250343320365]]]}]}","mythic/historic site"
"10.2.5",2822,"border Boiotia - Phokis at Chaironea","22-03-173","{""type"": ""GeometryCollection"", ""geometries"": [{""type"": ""Polygon"", ""coordinates"": [[[22.816987932397836, 38.504250343320365], [22.8182268893938, 38.49955405008339], [22.822928938451724, 38.50072097458943], [22.8210186478411, 38.504983837002214], [22.816987932397836, 38.504250343320365]]]}]}","mythic/historic site"
"10.2.6",2823,"border Boiotia - Phokis at Chaironea","23-03-173","{""type"": ""GeometryCollection"", ""geometries"": [{""type"": ""Polygon"", ""coordinates"": [[[22.816987932397836, 38.504250343320365], [22.8182268893938, 38.49955405008339], [22.822928938451724, 38.50072097458943], [22.8210186478411, 38.504983837002214], [22.816987932397836, 38.504250343320365]]]}]}","mythic/historic site"
"10.2.7",2824,"border Boiotia - Phokis at Chaironea","24-03-173","{""type"": ""GeometryCollection"", ""geometries"": [{""type"": ""Polygon"", ""coordinates"": [[[22.816987932397836, 38.504250343320365], [22.8182268893938, 38.49955405008339], [22.822928938451724, 38.50072097458943], [22.8210186478411, 38.504983837002214], [22.816987932397836, 38.504250343320365]]]}]}","mythic/historic site"
"10.3.1",2825,"border Boiotia - Phokis at Chaironea","25-03-173","{""type"": ""GeometryCollection"", ""geometries"": [{""type"": ""Polygon"", ""coordinates"": [[[22.816987932397836, 38.504250343320365], [22.8182268893938, 38.49955405008339], [22.822928938451724, 38.50072097458943], [22.8210186478411, 38.504983837002214], [22.816987932397836, 38.504250343320365]]]}]}","mythic/historic site"
"10.3.2",2826,"border Boiotia - Phokis at Chaironea","26-03-173","{""type"": ""GeometryCollection"", ""geometries"": [{""type"": ""Polygon"", ""coordinates"": [[[22.816987932397836, 38.504250343320365], [22.8182268893938, 38.49955405008339], [22.822928938451724, 38.50072097458943], [22.8210186478411, 38.504983837002214], [22.816987932397836, 38.504250343320365]]]}]}","mythic/historic site"
"10.3.3",2827,"border Boiotia - Phokis at Chaironea","27-03-173","{""type"": ""GeometryCollection"", ""geometries"": [{""type"": ""Polygon"", ""coordinates"": [[[22.816987932397836, 38.504250343320365], [22.8182268893938, 38.49955405008339], [22.822928938451724, 38.50072097458943], [22.8210186478411, 38.504983837002214], [22.816987932397836, 38.504250343320365]]]}]}","mythic/historic site"
"10.3.4",2828,"border Boiotia - Phokis at Chaironea","28-03-173","{""type"": ""GeometryCollection"", ""geometries"": [{""type"": ""Polygon"", ""coordinates"": [[[22.816987932397836, 38.504250343320365], [22.8182268893938, 38.49955405008339], [22.822928938451724, 38.50072097458943], [22.8210186478411, 38.504983837002214], [22.816987932397836, 38.504250343320365]]]}]}","mythic/historic site"
"10.5.6",2844,"Entry to Delphi from Chaironea road","13-04-173","{""type"": ""GeometryCollection"", ""geometries"": [{""type"": ""Polygon"", ""coordinates"": [[[22.50908625671846, 38.4807561049775], [22.508670068724086, 38.47934011797474], [22.509390394099455, 38.47916468402025], [22.509790574863842, 38.48064332827158], [22.50908625671846, 38.4807561049775]]]}]}","mythic/historic site"
"10.5.7",2845,"Entry to Delphi from Chaironea road","14-04-173","{""type"": ""GeometryCollection"", ""geometries"": [{""type"": ""Polygon"", ""coordinates"": [[[22.50908625671846, 38.4807561049775], [22.508670068724086, 38.47934011797474], [22.509390394099455, 38.47916468402025], [22.509790574863842, 38.48064332827158], [22.50908625671846, 38.4807561049775]]]}]}","mythic/historic site"
"10.5.8",2846,"Entry to Delphi from Chaironea road","15-04-173","{""type"": ""GeometryCollection"", ""geometries"": [{""type"": ""Polygon"", ""coordinates"": [[[22.50908625671846, 38.4807561049775], [22.508670068724086, 38.47934011797474], [22.509390394099455, 38.47916468402025], [22.509790574863842, 38.48064332827158], [22.50908625671846, 38.4807561049775]]]}]}","mythic/historic site"
"10.5.9",2847,"Entry to Delphi from Chaironea road","16-04-173","{""type"": ""GeometryCollection"", ""geometries"": [{""type"": ""Polygon"", ""coordinates"": [[[22.50908625671846, 38.4807561049775], [22.508670068724086, 38.47934011797474], [22.509390394099455, 38.47916468402025], [22.509790574863842, 38.48064332827158], [22.50908625671846, 38.4807561049775]]]}]}","mythic/historic site"
"10.5.10",2848,"Entry to Delphi from Chaironea road","17-04-173","{""type"": ""GeometryCollection"", ""geometries"": [{""type"": ""Polygon"", ""coordinates"": [[[22.50908625671846, 38.4807561049775], [22.508670068724086, 38.47934011797474], [22.509390394099455, 38.47916468402025], [22.509790574863842, 38.48064332827158], [22.50908625671846, 38.4807561049775]]]}]}","mythic/historic site"
"10.5.11",2849,"Entry to Delphi from Chaironea road","18-04-173","{""type"": ""GeometryCollection"", ""geometries"": [{""type"": ""Polygon"", ""coordinates"": [[[22.50908625671846, 38.4807561049775], [22.508670068724086, 38.47934011797474], [22.509390394099455, 38.47916468402025], [22.509790574863842, 38.48064332827158], [22.50908625671846, 38.4807561049775]]]}]}","mythic/historic site"
"10.5.12",2850,"Entry to Delphi from Chaironea road","19-04-173","{""type"": ""GeometryCollection"", ""geometries"": [{""type"": ""Polygon"", ""coordinates"": [[[22.50908625671846, 38.4807561049775], [22.508670068724086, 38.47934011797474], [22.509390394099455, 38.47916468402025], [22.509790574863842, 38.48064332827158], [22.50908625671846, 38.4807561049775]]]}]}","mythic/historic site"
"10.5.13",2851,"Entry to Delphi from Chaironea road","20-04-173","{""type"": ""GeometryCollection"", ""geometries"": [{""type"": ""Polygon"", ""coordinates"": [[[22.50908625671846, 38.4807561049775], [22.508670068724086, 38.47934011797474], [22.509390394099455, 38.47916468402025], [22.509790574863842, 38.48064332827158], [22.50908625671846, 38.4807561049775]]]}]}","mythic/historic site"
"10.6.1",2852,"Entry to Delphi from Chaironea road","21-04-173","{""type"": ""GeometryCollection"", ""geometries"": [{""type"": ""Polygon"", ""coordinates"": [[[22.50908625671846, 38.4807561049775], [22.508670068724086, 38.47934011797474], [22.509390394099455, 38.47916468402025], [22.509790574863842, 38.48064332827158], [22.50908625671846, 38.4807561049775]]]}]}","mythic/historic site"
"10.6.2",2853,"Entry to Delphi from Chaironea road","22-04-173","{""type"": ""GeometryCollection"", ""geometries"": [{""type"": ""Polygon"", ""coordinates"": [[[22.50908625671846, 38.4807561049775], [22.508670068724086, 38.47934011797474], [22.509390394099455, 38.47916468402025], [22.509790574863842, 38.48064332827158], [22.50908625671846, 38.4807561049775]]]}]}","mythic/historic site"
"10.6.3",2854,"Entry to Delphi from Chaironea road","23-04-173","{""type"": ""GeometryCollection"", ""geometries"": [{""type"": ""Polygon"", ""coordinates"": [[[22.50908625671846, 38.4807561049775], [22.508670068724086, 38.47934011797474], [22.509390394099455, 38.47916468402025], [22.509790574863842, 38.48064332827158], [22.50908625671846, 38.4807561049775]]]}]}","mythic/historic site"
"10.6.4",2855,"Entry to Delphi from Chaironea road","24-04-173","{""type"": ""GeometryCollection"", ""geometries"": [{""type"": ""Polygon"", ""coordinates"": [[[22.50908625671846, 38.4807561049775], [22.508670068724086, 38.47934011797474], [22.509390394099455, 38.47916468402025], [22.509790574863842, 38.48064332827158], [22.50908625671846, 38.4807561049775]]]}]}","mythic/historic site"
"10.6.5",2856,"Entry to Delphi from Chaironea road","25-04-173","{""type"": ""GeometryCollection"", ""geometries"": [{""type"": ""Polygon"", ""coordinates"": [[[22.50908625671846, 38.4807561049775], [22.508670068724086, 38.47934011797474], [22.509390394099455, 38.47916468402025], [22.509790574863842, 38.48064332827158], [22.50908625671846, 38.4807561049775]]]}]}","mythic/historic site"
"10.6.6",2857,"Entry to Delphi from Chaironea road","26-04-173","{""type"": ""GeometryCollection"", ""geometries"": [{""type"": ""Polygon"", ""coordinates"": [[[22.50908625671846, 38.4807561049775], [22.508670068724086, 38.47934011797474], [22.509390394099455, 38.47916468402025], [22.509790574863842, 38.48064332827158], [22.50908625671846, 38.4807561049775]]]}]}","mythic/historic site"
"10.6.7",2858,"Entry to Delphi from Chaironea road","27-04-173","{""type"": ""GeometryCollection"", ""geometries"": [{""type"": ""Polygon"", ""coordinates"": [[[22.50908625671846, 38.4807561049775], [22.508670068724086, 38.47934011797474], [22.509390394099455, 38.47916468402025], [22.509790574863842, 38.48064332827158], [22.50908625671846, 38.4807561049775]]]}]}","mythic/historic site"
"10.7.1",2859,"Entry to Delphi from Chaironea road","28-04-173","{""type"": ""GeometryCollection"", ""geometries"": [{""type"": ""Polygon"", ""coordinates"": [[[22.50908625671846, 38.4807561049775], [22.508670068724086, 38.47934011797474], [22.509390394099455, 38.47916468402025], [22.509790574863842, 38.48064332827158], [22.50908625671846, 38.4807561049775]]]}]}","mythic/historic site"
"10.7.2",2860,"Entry to Delphi from Chaironea road","29-04-173","{""type"": ""GeometryCollection"", ""geometries"": [{""type"": ""Polygon"", ""coordinates"": [[[22.50908625671846, 38.4807561049775], [22.508670068724086, 38.47934011797474], [22.509390394099455, 38.47916468402025], [22.509790574863842, 38.48064332827158], [22.50908625671846, 38.4807561049775]]]}]}","mythic/historic site"
"10.7.3",2861,"Entry to Delphi from Chaironea road","30-04-173","{""type"": ""GeometryCollection"", ""geometries"": [{""type"": ""Polygon"", ""coordinates"": [[[22.50908625671846, 38.4807561049775], [22.508670068724086, 38.47934011797474], [22.509390394099455, 38.47916468402025], [22.509790574863842, 38.48064332827158], [22.50908625671846, 38.4807561049775]]]}]}","mythic/historic site"
"10.7.4",2862,"Entry to Delphi from Chaironea road","01-05-173","{""type"": ""GeometryCollection"", ""geometries"": [{""type"": ""Polygon"", ""coordinates"": [[[22.50908625671846, 38.4807561049775], [22.508670068724086, 38.47934011797474], [22.509390394099455, 38.47916468402025], [22.509790574863842, 38.48064332827158], [22.50908625671846, 38.4807561049775]]]}]}","mythic/historic site"
"10.7.5",2863,"Entry to Delphi from Chaironea road","02-05-173","{""type"": ""GeometryCollection"", ""geometries"": [{""type"": ""Polygon"", ""coordinates"": [[[22.50908625671846, 38.4807561049775], [22.508670068724086, 38.47934011797474], [22.509390394099455, 38.47916468402025], [22.509790574863842, 38.48064332827158], [22.50908625671846, 38.4807561049775]]]}]}","mythic/historic site"
"10.7.6",2864,"Entry to Delphi from Chaironea road","03-05-173","{""type"": ""GeometryCollection"", ""geometries"": [{""type"": ""Polygon"", ""coordinates"": [[[22.50908625671846, 38.4807561049775], [22.508670068724086, 38.47934011797474], [22.509390394099455, 38.47916468402025], [22.509790574863842, 38.48064332827158], [22.50908625671846, 38.4807561049775]]]}]}","mythic/historic site"
"10.7.7",2865,"Entry to Delphi from Chaironea road","04-05-173","{""type"": ""GeometryCollection"", ""geometries"": [{""type"": ""Polygon"", ""coordinates"": [[[22.50908625671846, 38.4807561049775], [22.508670068724086, 38.47934011797474], [22.509390394099455, 38.47916468402025], [22.509790574863842, 38.48064332827158], [22.50908625671846, 38.4807561049775]]]}]}","mythic/historic site"
"10.7.8",2866,"Entry to Delphi from Chaironea road","05-05-173","{""type"": ""GeometryCollection"", ""geometries"": [{""type"": ""Polygon"", ""coordinates"": [[[22.50908625671846, 38.4807561049775], [22.508670068724086, 38.47934011797474], [22.509390394099455, 38.47916468402025], [22.509790574863842, 38.48064332827158], [22.50908625671846, 38.4807561049775]]]}]}","mythic/historic site"
"10.8.1",2867,"Entry to Delphi from Chaironea road","06-05-173","{""type"": ""GeometryCollection"", ""geometries"": [{""type"": ""Polygon"", ""coordinates"": [[[22.50908625671846, 38.4807561049775], [22.508670068724086, 38.47934011797474], [22.509390394099455, 38.47916468402025], [22.509790574863842, 38.48064332827158], [22.50908625671846, 38.4807561049775]]]}]}","mythic/historic site"
"10.8.2",2868,"Entry to Delphi from Chaironea road","07-05-173","{""type"": ""GeometryCollection"", ""geometries"": [{""type"": ""Polygon"", ""coordinates"": [[[22.50908625671846, 38.4807561049775], [22.508670068724086, 38.47934011797474], [22.509390394099455, 38.47916468402025], [22.509790574863842, 38.48064332827158], [22.50908625671846, 38.4807561049775]]]}]}","mythic/historic site"
"10.8.3",2869,"Entry to Delphi from Chaironea road","08-05-173","{""type"": ""GeometryCollection"", ""geometries"": [{""type"": ""Polygon"", ""coordinates"": [[[22.50908625671846, 38.4807561049775], [22.508670068724086, 38.47934011797474], [22.509390394099455, 38.47916468402025], [22.509790574863842, 38.48064332827158], [22.50908625671846, 38.4807561049775]]]}]}","mythic/historic site"
"10.8.4",2870,"Entry to Delphi from Chaironea road","09-05-173","{""type"": ""GeometryCollection"", ""geometries"": [{""type"": ""Polygon"", ""coordinates"": [[[22.50908625671846, 38.4807561049775], [22.508670068724086, 38.47934011797474], [22.509390394099455, 38.47916468402025], [22.509790574863842, 38.48064332827158], [22.50908625671846, 38.4807561049775]]]}]}","mythic/historic site"
"10.8.5",2871,"Entry to Delphi from Chaironea road","10-05-173","{""type"": ""GeometryCollection"", ""geometries"": [{""type"": ""Polygon"", ""coordinates"": [[[22.50908625671846, 38.4807561049775], [22.508670068724086, 38.47934011797474], [22.509390394099455, 38.47916468402025], [22.509790574863842, 38.48064332827158], [22.50908625671846, 38.4807561049775]]]}]}","mythic/historic site"
"10.19.4",2969,"Temple of Apollo at Delphi","16-08-173","{""type"": ""Point"", ""coordinates"": [22.5012215, 38.4823167]}","mythic/historic site"
"10.19.5",2970,"Temple of Apollo at Delphi","17-08-173","{""type"": ""Point"", ""coordinates"": [22.5012215, 38.4823167]}","mythic/historic site"
"10.19.6",2971,"Temple of Apollo at Delphi","18-08-173","{""type"": ""Point"", ""coordinates"": [22.5012215, 38.4823167]}","mythic/historic site"
"10.19.7",2972,"Temple of Apollo at Delphi","19-08-173","{""type"": ""Point"", ""coordinates"": [22.5012215, 38.4823167]}","mythic/historic site"
"10.19.8",2973,"Temple of Apollo at Delphi","20-08-173","{""type"": ""Point"", ""coordinates"": [22.5012215, 38.4823167]}","mythic/historic site"
"10.19.9",2974,"Temple of Apollo at Delphi","21-08-173","{""type"": ""Point"", ""coordinates"": [22.5012215, 38.4823167]}","mythic/historic site"
"10.19.10",2975,"Temple of Apollo at Delphi","22-08-173","{""type"": ""Point"", ""coordinates"": [22.5012215, 38.4823167]}","mythic/historic site"
"10.19.11",2976,"Temple of Apollo at Delphi","23-08-173","{""type"": ""Point"", ""coordinates"": [22.5012215, 38.4823167]}","mythic/historic site"
"10.19.12",2977,"Temple of Apollo at Delphi","24-08-173","{""type"": ""Point"", ""coordinates"": [22.5012215, 38.4823167]}","mythic/historic site"
"10.20.1",2978,"Temple of Apollo at Delphi","25-08-173","{""type"": ""Point"", ""coordinates"": [22.5012215, 38.4823167]}","mythic/historic site"
"10.20.2",2979,"Temple of Apollo at Delphi","26-08-173","{""type"": ""Point"", ""coordinates"": [22.5012215, 38.4823167]}","mythic/historic site"
"10.20.3",2980,"Temple of Apollo at Delphi","27-08-173","{""type"": ""Point"", ""coordinates"": [22.5012215, 38.4823167]}","mythic/historic site"
"10.20.4",2981,"Temple of Apollo at Delphi","28-08-173","{""type"": ""Point"", ""coordinates"": [22.5012215, 38.4823167]}","mythic/historic site"
"10.20.5",2982,"Temple of Apollo at Delphi","29-08-173","{""type"": ""Point"", ""coordinates"": [22.5012215, 38.4823167]}","mythic/historic site"
"10.20.6",2983,"Temple of Apollo at Delphi","30-08-173","{""type"": ""Point"", ""coordinates"": [22.5012215, 38.4823167]}","mythic/historic site"
"10.20.7",2984,"Temple of Apollo at Delphi","31-08-173","{""type"": ""Point"", ""coordinates"": [22.5012215, 38.4823167]}","mythic/historic site"
"10.20.8",2985,"Temple of Apollo at Delphi","01-09-173","{""type"": ""Point"", ""coordinates"": [22.5012215, 38.4823167]}","mythic/historic site"
"10.20.9",2986,"Temple of Apollo at Delphi","02-09-173","{""type"": ""Point"", ""coordinates"": [22.5012215, 38.4823167]}","mythic/historic site"
"10.21.1",2987,"Temple of Apollo at Delphi","03-09-173","{""type"": ""Point"", ""coordinates"": [22.5012215, 38.4823167]}","mythic/historic site"
"10.21.2",2988,"Temple of Apollo at Delphi","04-09-173","{""type"": ""Point"", ""coordinates"": [22.5012215, 38.4823167]}","mythic/historic site"
"10.21.3",2989,"Temple of Apollo at Delphi","05-09-173","{""type"": ""Point"", ""coordinates"": [22.5012215, 38.4823167]}","mythic/historic site"
"10.21.4",2990,"Temple of Apollo at Delphi","06-09-173","{""type"": ""Point"", ""coordinates"": [22.5012215, 38.4823167]}","mythic/historic site"
"10.21.5",2991,"Temple of Apollo at Delphi","07-09-173","{""type"": ""Point"", ""coordinates"": [22.5012215, 38.4823167]}","mythic/historic site"
"10.21.6",2992,"Temple of Apollo at Delphi","08-09-173","{""type"": ""Point"", ""coordinates"": [22.5012215, 38.4823167]}","mythic/historic site"
"10.21.7",2993,"Temple of Apollo at Delphi","09-09-173","{""type"": ""Point"", ""coordinates"": [22.5012215, 38.4823167]}","mythic/historic site"
"10.22.1",2994,"Temple of Apollo at Delphi","10-09-173","{""type"": ""Point"", ""coordinates"": [22.5012215, 38.4823167]}","mythic/historic site"
"10.22.2",2995,"Temple of Apollo at Delphi","11-09-173","{""type"": ""Point"", ""coordinates"": [22.5012215, 38.4823167]}","mythic/historic site"
"10.22.3",2996,"Temple of Apollo at Delphi","12-09-173","{""type"": ""Point"", ""coordinates"": [22.5012215, 38.4823167]}","mythic/historic site"
"10.22.4",2997,"Temple of Apollo at Delphi","13-09-173","{""type"": ""Point"", ""coordinates"": [22.5012215, 38.4823167]}","mythic/historic site"
"10.22.5",2998,"Temple of Apollo at Delphi","14-09-173","{""type"": ""Point"", ""coordinates"": [22.5012215, 38.4823167]}","mythic/historic site"
"10.22.6",2999,"Temple of Apollo at Delphi","15-09-173","{""type"": ""Point"", ""coordinates"": [22.5012215, 38.4823167]}","mythic/historic site"
"10.22.7",3000,"Temple of Apollo at Delphi","16-09-173","{""type"": ""Point"", ""coordinates"": [22.5012215, 38.4823167]}","mythic/historic site"
"10.22.8",3001,"Temple of Apollo at Delphi","17-09-173","{""type"": ""Point"", ""coordinates"": [22.5012215, 38.4823167]}","mythic/historic site"
"10.22.9",3002,"Temple of Apollo at Delphi","18-09-173","{""type"": ""Point"", ""coordinates"": [22.5012215, 38.4823167]}","mythic/historic site"
"10.22.10",3003,"Temple of Apollo at Delphi","19-09-173","{""type"": ""Point"", ""coordinates"": [22.5012215, 38.4823167]}","mythic/historic site"
"10.22.11",3004,"Temple of Apollo at Delphi","20-09-173","{""type"": ""Point"", ""coordinates"": [22.5012215, 38.4823167]}","mythic/historic site"
"10.22.12",3005,"Temple of Apollo at Delphi","21-09-173","{""type"": ""Point"", ""coordinates"": [22.5012215, 38.4823167]}","mythic/historic site"
"10.22.13",3006,"Temple of Apollo at Delphi","22-09-173","{""type"": ""Point"", ""coordinates"": [22.5012215, 38.4823167]}","mythic/historic site"
"10.23.1",3007,"Temple of Apollo at Delphi","23-09-173","{""type"": ""Point"", ""coordinates"": [22.5012215, 38.4823167]}","mythic/historic site"
"10.23.2",3008,"Temple of Apollo at Delphi","24-09-173","{""type"": ""Point"", ""coordinates"": [22.5012215, 38.4823167]}","mythic/historic site"
"10.23.3",3009,"Temple of Apollo at Delphi","25-09-173","{""type"": ""Point"", ""coordinates"": [22.5012215, 38.4823167]}","mythic/historic site"
"10.23.4",3010,"Temple of Apollo at Delphi","26-09-173","{""type"": ""Point"", ""coordinates"": [22.5012215, 38.4823167]}","mythic/historic site"
"10.23.5",3011,"Temple of Apollo at Delphi","27-09-173","{""type"": ""Point"", ""coordinates"": [22.5012215, 38.4823167]}","mythic/historic site"
"10.23.6",3012,"Temple of Apollo at Delphi","28-09-173","{""type"": ""Point"", ""coordinates"": [22.5012215, 38.4823167]}","mythic/historic site"
"10.23.7",3013,"Temple of Apollo at Delphi","29-09-173","{""type"": ""Point"", ""coordinates"": [22.5012215, 38.4823167]}","mythic/historic site"
"10.23.8",3014,"Temple of Apollo at Delphi","30-09-173","{""type"": ""Point"", ""coordinates"": [22.5012215, 38.4823167]}","mythic/historic site"
"10.23.9",3015,"Temple of Apollo at Delphi","01-10-173","{""type"": ""Point"", ""coordinates"": [22.5012215, 38.4823167]}","mythic/historic site"
"10.23.10",3016,"Temple of Apollo at Delphi","02-10-173","{""type"": ""Point"", ""coordinates"": [22.5012215, 38.4823167]}","mythic/historic site"
"10.23.11",3017,"Temple of Apollo at Delphi","03-10-173","{""type"": ""Point"", ""coordinates"": [22.5012215, 38.4823167]}","mythic/historic site"
"10.23.12",3018,"Temple of Apollo at Delphi","04-10-173","{""type"": ""Point"", ""coordinates"": [22.5012215, 38.4823167]}","mythic/historic site"
"10.23.13",3019,"Temple of Apollo at Delphi","05-10-173","{""type"": ""Point"", ""coordinates"": [22.5012215, 38.4823167]}","mythic/historic site"
"10.23.14",3020,"Temple of Apollo at Delphi","06-10-173","{""type"": ""Point"", ""coordinates"": [22.5012215, 38.4823167]}","mythic/historic site"
"10.24.1",3021,"Temple of Apollo at Delphi","07-10-173","{""type"": ""Point"", ""coordinates"": [22.5012215, 38.4823167]}","mythic/historic site"
"10.24.2",3022,"Temple of Apollo at Delphi","08-10-173","{""type"": ""Point"", ""coordinates"": [22.5012215, 38.4823167]}","mythic/historic site"
"10.24.3",3023,"Temple of Apollo at Delphi","09-10-173","{""type"": ""Point"", ""coordinates"": [22.5012215, 38.4823167]}","mythic/historic site"
"10.24.4",3024,"Temple of Apollo at Delphi","10-10-173","{""type"": ""Point"", ""coordinates"": [22.5012215, 38.4823167]}","mythic/historic site"
"10.24.5",3025,"Temple of Apollo at Delphi","11-10-173","{""type"": ""Point"", ""coordinates"": [22.5012215, 38.4823167]}","mythic/historic site"
"10.38.1",3158,"Phokis - Ozolian Lokris border near Kirrha","21-02-174","{""type"": ""GeometryCollection"", ""geometries"": [{""type"": ""Polygon"", ""coordinates"": [[[22.407177372995932, 38.44348485380624], [22.412533235492276, 38.4420744559491], [22.427052110015097, 38.4854827778494], [22.421288322513192, 38.48740115732366], [22.407177372995932, 38.44348485380624]]]}]}","mythic/historic site"
"10.38.2",3159,"Phokis - Ozolian Lokris border near Kirrha","22-02-174","{""type"": ""GeometryCollection"", ""geometries"": [{""type"": ""Polygon"", ""coordinates"": [[[22.407177372995932, 38.44348485380624], [22.412533235492276, 38.4420744559491], [22.427052110015097, 38.4854827778494], [22.421288322513192, 38.48740115732366], [22.407177372995932, 38.44348485380624]]]}]}","mythic/historic site"
"10.38.3",3160,"Phokis - Ozolian Lokris border near Kirrha","23-02-174","{""type"": ""GeometryCollection"", ""geometries"": [{""type"": ""Polygon"", ""coordinates"": [[[22.407177372995932, 38.44348485380624], [22.412533235492276, 38.4420744559491], [22.427052110015097, 38.4854827778494], [22.421288322513192, 38.48740115732366], [22.407177372995932, 38.44348485380624]]]}]}","mythic/historic site"