Serial,NAME,Work_CITED,WorkWD,Author,WORK_TYPE,TEXT_EN,Passages,LOGOS_USE,Greek_URL,NARRATIVE_LOC,GEOMETRY
1,"Acusilaus, genealogy on Sparton as father of Myceneus and eponym of Sparta","Acusilaus, genealogy",,Acusilaus,history,,2.16.4,R-paraphrase,,Mycenae,"{""type"": ""Point"", ""coordinates"": [22.756111, 37.730833]}"
2,"Aeschylus, Choephoroi (1050) on Semnai with snakes in their hair","Aeschylus, Choephoroi",Q11688406,Aeschylus (tragedian),tragedy,"CHORUS: And you have done well. Therefore do not yoke your tongue to an ill-omened speech, nor let your lips give vent to evil forebodings, since you have freed the whole realm of Argos by lopping off the heads of two serpents with a fortunate stroke.
ORESTES: Ah, ah! You handmaidens, look at them there: like Gorgons, wrapped in sable garments, entwined with swarming snakes! I can stay no longer.",1.28.6,R-reference,https://scaife.perseus.org/reader/urn:cts:greekLit:tlg0085.tlg006.1st1K-grc1:1043-1053,Semnai Theai shrine at the Areius Pagus,"{""type"": ""Point"", ""coordinates"": [23.72372, 37.97242]}"
3,"Aeschylus, Glaucus Pontius on Glaucus the sea divinity",Glaucus Pontius of Aeschylus,Q86686264,Aeschylus (tragedian),tragedy,lost,9.22.7,R-reference,,Anthedon,"{""type"": ""Point"", ""coordinates"": [23.448834, 38.498583]}"
4,"Aeschylus, Glaucus Pontius on word daulos, shaggy",Glaucus Pontius of Aeschylus,Q86686264,Aeschylus (tragedian),tragedy,lost,10.4.7,R-reference,,Daulis,"{""type"": ""Point"", ""coordinates"": [22.72926, 38.50665]}"
5,"Aeschylus, lost play fr. 168 on the Inachos as an Argive river",lost play of Aeschylus,,Aeschylus (tragedian),tragedy,,8.6.6,R-reference,,road Argolid to Arcadia over Mt. Artemision,"{""type"": ""GeometryCollection"", ""geometries"": [{""type"": ""LineString"", ""coordinates"": [[22.722986929290897, 37.63880433989959], [22.681987076319217, 37.64700602838603], [22.61034522796956, 37.61692874388939], [22.523598170629327, 37.60291130695133], [22.498566681447443, 37.6094075208329], [22.46191342493512, 37.616518696940474], [22.444974976141026, 37.61575511381926], [22.422252666781333, 37.61139163127332], [22.40242228770444, 37.606918795948346], [22.392644809132378, 37.61804583965916]]}]}"
6,"Aeschylus, lost play on Egyptian account of Artemis as daughter of Demeter",lost play of Aeschylus,,Aeschylus (tragedian),tragedy,,8.37.6,R-reference,,Sanctuary of Despoina at Lykosoura,"{""type"": ""Point"", ""coordinates"": [22.03143, 37.38957]}"
7,"Aeschylus, Seven Against Thebes (passim) as Argive source",Aeschylus' Seven Against Thebes,Q506546,Aeschylus (tragedian),tragedy,,2.20.5,R-reference,,Argos (Argolid),"{""type"": ""Point"", ""coordinates"": [22.7195, 37.6316]}"
8,"Aeschylus, statement on his vision with Dionysus",Aeschylus' account of learning to write tragedies,,Aeschylus (tragedian),history,lost,1.21.2,R-paraphrase,,Theater of Dionysus Eleuthereus,"{""type"": ""Point"", ""coordinates"": [23.72775, 37.970278]}"
9,Aeschylus's obituary on the battle of Marathon,Aeschylus's obituary,,Aeschylus (tragedian),elegiac poem,lost,1.14.5,R-paraphrase,,"Temple of Eukleia, Athens","{""type"": ""Point"", ""coordinates"": [23.726464, 37.971687]}"
10,"Alcaeus, Proemium to Apollo: citing Castalia as daughter of Cephisus",Proemium to Apollo by Alcaeus,,Alcaeus of Mytilene,hymn,lost,10.8.10,R-paraphrase,,Castalian spring,"{""type"": ""Point"", ""coordinates"": [22.505528, 38.483082]}"
11,"Hymn to Hermes by Alcaeus (fr. 308c Campbell, fr.7 Bergk)on cattle of Apollo",Hymn to Hermes by Alcaeus,,Alcaeus of Mytilene,hymn,,7.20.4,R-paraphrase,,Sanctuary of Apollo in agora of Patrae,"{""type"": ""Point"", ""coordinates"": [21.7404, 38.2434]}"
12,Alcman on Cleta and Phaenna as the Graces,poem by Alcman,,Alcman,poem (unspecified),lost,3.18.6,R-paraphrase,,road Sparta to Amyclae,"{""type"": ""GeometryCollection"", ""geometries"": [{""type"": ""LineString"", ""coordinates"": [[22.425842220333095, 37.079933014569335], [22.432357985380776, 37.069073679259006], [22.438873750428456, 37.03660192623954], [22.447983833072612, 37.03595859102401], [22.449933794133955, 37.036286289547576]]}]}"
13,Alcman on the Dioscouri capturing Athens with Theseus absent,Song by Alcman on the Dioscouri,,Alcman,hymn,lost,1.41.4,R-paraphrase,,temple of Apollo Agraios and Artemis Agrotera in Megara,"{""type"": ""Point"", ""coordinates"": [23.34285, 37.997]}"
14,Alcman on the Dioscouri on Pephnos rock,Song by Alcman on the Dioscouri,,Alcman,hymn,lost,3.26.2,R-reference,,Pephnos,"{""type"": ""Point"", ""coordinates"": [22.296786, 36.812375]}"
15,Alexandros of Pleuron on Theseus as father of Iphigeneia (agreeing with the Argives),poem by Alexandros of Pleuron,,Alexander of Pleuron,epic poem,lost,2.22.7,R-reference,,Sanctuary of Eileithyia at Argos founded by Helen,"{""type"": ""Point"", ""coordinates"": [22.7195, 37.6316]}"
16,Anaximenes' account of his saving the Lampsacenes from Alexander,History of Greece by Anaximenes,,Anaximenes of Lampsacus,history,,6.18.3,R-paraphrase,,Olympia,"{""type"": ""Point"", ""coordinates"": [21.630126, 37.637849]}"
17,"Anaximenes?, poem on Alexander the Great: Pausanias opines Anaximenes not the author",epic poem on deeds of Alexander the Great,,Anaximenes of Lampsacus,epic poem,,6.18.6,R-reference,,Olympia,"{""type"": ""Point"", ""coordinates"": [21.630126, 37.637849]}"
18,"Anaximenes, ascribed to Theopompus: on his character",scurrilous history by Anaximenes he ascribed to Theopompus,,Anaximenes of Lampsacus,history,,6.18.5,R-reference,,Olympia,"{""type"": ""Point"", ""coordinates"": [21.630126, 37.637849]}"
19,"Androtion, Atthis on death of Dorieus",Atthis of Androtion,Q118551032,Androtion,history,lost,6.7.6,R-paraphrase,,Olympia,"{""type"": ""Point"", ""coordinates"": [21.630126, 37.637849]}"
20,"Androtion, Atthis on origin of the name Amphictyons",Atthis of Androtion,Q118551032,Androtion,history,lost,10.8.1,R-paraphrase,,Entry to Delphi from Chaironea road,"{""type"": ""GeometryCollection"", ""geometries"": [{""type"": ""Polygon"", ""coordinates"": [[[22.50908625671846, 38.4807561049775], [22.508670068724086, 38.47934011797474], [22.509390394099455, 38.47916468402025], [22.509790574863842, 38.48064332827158], [22.50908625671846, 38.4807561049775]]]}]}"
21,"Antimachus, Thebais (fr. 6A Davies): on Adrastus fleeing Thebes with Areion","Antimachus, Thebais",,Antimachus of Colophon,epic poem,,8.25.8,R-quotation,,Sanctuary of Demeter Erinys in Onkeion on the Ladon,"{""type"": ""Point"", ""coordinates"": [21.87884, 37.710489]}"
22,"Antimachus, Thebais fr. 32 on Earth as mother of Areion","Antimachus, Thebais",,Antimachus of Colophon,epic poem,,8.25.8,R-quotation,,Sanctuary of Demeter Erinys in Onkeion on the Ladon,"{""type"": ""Point"", ""coordinates"": [21.87884, 37.710489]}"
23,"Antimachus, Thebais fr. 33 Wyss on Adrastus third to tame Areion","Antimachus, Thebais",,Antimachus of Colophon,epic poem,,8.25.10,R-quotation,,Sanctuary of Demeter Erinys in Onkeion on the Ladon,"{""type"": ""Point"", ""coordinates"": [21.87884, 37.710489]}"
24,"Antimachus, Thebais fr. 35 Wyss on Demeter Erinys","Antimachus, Thebais",,Antimachus of Colophon,epic poem,,8.25.4,R-quotation,,Sanctuary of Demeter Erinys in Onkeion on the Ladon,"{""type"": ""Point"", ""coordinates"": [21.87884, 37.710489]}"
25,"Antimachus, Thebais on Charites","Antimachus, Thebais",,Antimachus of Colophon,epic poem,lost,9.35.5,R-paraphrase,,Orchomenos (Boeotia),"{""type"": ""Point"", ""coordinates"": [22.959486, 38.495082]}"
26,"Antiochos, Sikeliot history on founding of Lipara",Sikeliot history by Antiochos,,Antiochus of Syracuse,history,lost,10.11.3,R-reference,,Sikyonian Treasury at Delphi,"{""type"": ""Point"", ""coordinates"": [22.500741, 38.482335]}"
27,Oracles of Clarian Apollo on moving site of Smyrna,Oracles of Clarian Apollo,,Apollo,prophecy,"“Thrice, yes, four times blest will those men be Who shall dwell in Pagus beyond the sacred Meles.”",7.5.3,R-quotation,,Eleia - Achaia border at Larisos river,"{""type"": ""GeometryCollection"", ""geometries"": [{""type"": ""Polygon"", ""coordinates"": [[[21.417484105225526, 38.10291174798513], [21.42525995805383, 38.09244438760399], [21.429829800275428, 38.095387083549724], [21.42206202659756, 38.10509343476093], [21.417484105225526, 38.10291174798513]]]}]}"
28,"Apollonius, Argonautica 1.115-1.117 on descent of Phlias",Argonautica of Apollonius of Rhodes,Q739529,Apollonius Rhodius,epic poem,"§ 1.115  After them came Phlias from Araethyrea, where he dwelt in affluence by the favour of his father Dionysus, in his home by the springs of Asopus.",2.12.6,R-quotation,https://scaife.perseus.org/reader/urn:cts:greekLit:tlg0001.tlg001.perseus-grc2:1.115-1.117/,Phlious,"{""type"": ""Point"", ""coordinates"": [22.649131, 37.846299]}"
29,Arcadian common decision to found Megalopolis doesn't list Tritaia,Arcadian common decision to found Megalopolis,,Arcadians,decree,,6.12.8,R-reference,,Olympia,"{""type"": ""Point"", ""coordinates"": [21.630126, 37.637849]}"
30,Archilochus on stone of Tantalus fr. 91.15 (Page),poem by Archilochus mentioning stone of Tantalus,,Archilochus,lyric poem,neither let the stone of Tantalos hang over this island,10.31.12,R-reference,https://stephanus.tlg.uci.edu/Iris/inst/browser.jsp#doc=tlg&aid=0232&wid=001&st=13920&et=13934&hl=%7B%22hl%22%3A%5B%7B%22start%22%3A13920%2C%22end%22%3A13934%2C%22color%22%3A%22HI1%22%2C%22backToStartSnippet%22%3Afalse%2C%22forwardToEndSnippet%22%3Afalse%2C%22outOfSnippet%22%3Afalse%7D%5D%7D&type=browser,Lesche of the Knidians,"{""type"": ""Point"", ""coordinates"": [22.5011, 38.48304]}"
31,"Pausanias 1.24.6: Aristeas, poem on Hyperboreans, describes Arimaspi and griffins",poem by Aristeas of Proconnesus on Hyperboreans,,Aristeas,epic poem,"These griffins, Aris­teas of Pro­con­nesus says in his poem, fight for the gold with the Ari­maspi be­yond the Isse­dones. The gold which the griffins guard, he says, comes out of the earth; the Ari­maspi are men all born with one eye; griffins are beasts like li­ons, but with the beak and wings of an ea­gle. I will say no more about the griffins.",1.24.6,R-paraphrase,https://scaife.perseus.org/reader/urn:cts:greekLit:tlg0525.tlg001.perseus-eng2:1.24.6,Parthenon of Athens,"{""type"": ""Point"", ""coordinates"": [23.72658434, 37.97155767]}"
32,"Aristeas, poem on the Hyperboreans, visits Issedones (Paus. 5.7.9)",poem by Aristeas of Proconnesus on Hyperboreans,,Aristeas,epic poem,"And Aris­teas of Pro­con­nesus — for he too made men­tion of the Hy­per­bore­ans — may per­haps have learnt even more about them from the Isse­dones, to whom he says in his poem that he came.",5.7.9,R-reference,https://scaife.perseus.org/reader/urn:cts:greekLit:tlg0525.tlg001.perseus-eng2:5.7.9,Olympia,"{""type"": ""Point"", ""coordinates"": [21.630126, 37.637849]}"
33,"Aristophanes, Aves 148-150: calling Lepreon a town of Elis",Aves (Birds) of Aristophanes,Q1164079,Aristophanes,comedy,"Oh, no. Not a sea-port, where some fine morning the Salaminian galley can appear, bringing a process-server along. Have you no Greek town you can propose to us?<br>Epops: Why not choose Lepreum in Elis for your settlement?<br>Euelpides: By Zeus! I could not look at Lepreum without disgust, because of Melanthius.",5.5.3,R-reference,https://scaife.perseus.org/reader/urn:cts:greekLit:tlg0019.tlg006.perseus-grc2:148-152/,Lepreon,"{""type"": ""Point"", ""coordinates"": [21.724777, 37.439599]}"
34,"Asius, Genealogies fr. 1 West on Amphion and Zethus as sons of Antiope",Genealogies of Asius,,Asius of Samos,epic poem,,2.6.4,R-quotation,,Corinthia - Sikyonia border,"{""type"": ""GeometryCollection"", ""geometries"": [{""type"": ""Polygon"", ""coordinates"": [[[22.753523301404158, 37.94270323795715], [22.817206413472263, 37.94270323795715], [22.817206413472263, 37.95544470099276], [22.753523301404158, 37.95544470099276], [22.753523301404158, 37.94270323795715]]]}]}"
35,"Asius, Genealogies fr. 11 West on Sicyon as son of Metion",Genealogies of Asius,,Asius of Samos,epic poem,,2.6.5,R-paraphrase,,Corinthia - Sikyonia border,"{""type"": ""GeometryCollection"", ""geometries"": [{""type"": ""Polygon"", ""coordinates"": [[[22.753523301404158, 37.94270323795715], [22.817206413472263, 37.94270323795715], [22.817206413472263, 37.95544470099276], [22.753523301404158, 37.95544470099276], [22.753523301404158, 37.94270323795715]]]}]}"
36,"Asius, Genealogies fr. 3 West on Ptous as son of Athamas",Genealogies of Asius,,Asius of Samos,epic poem,,9.23.6,R-paraphrase,,Apollo Ptoios sanct. (Boeotia),"{""type"": ""Point"", ""coordinates"": [23.25193, 38.45915]}"
37,"Asius, Genealogies fr. 4 West on Alcmene as daughter of Amphiaraus and Eriphyle",Genealogies of Asius,,Asius of Samos,epic poem,,5.17.8,R-paraphrase,,Temple of Hera at Olympia,"{""type"": ""Point"", ""coordinates"": [21.62976, 37.63887]}"
38,"Asius, Genealogies fr. 5 West on Panopeus and Crisus as sons of Phocus",Genealogies of Asius,,Asius of Samos,epic poem,,2.29.4,R-paraphrase,,Aigina island Bk2,"{""type"": ""Point"", ""coordinates"": [23.42372, 37.74991]}"
39,"Asius, Genealogies fr. 6 West on Thestius as son of Agenor son of Pleuron",Genealogies of Asius,,Asius of Samos,epic poem,,3.13.8,R-paraphrase,,Heroon of Pleuron at Sparta,"{""type"": ""Point"", ""coordinates"": [22.4237, 37.0821]}"
40,"Asius, Genealogies fr. 7 West on Astypalaea and Europe as daughters of Phoenix",Genealogies of Asius,,Asius of Samos,epic poem,,7.4.1,R-paraphrase,,Eleia - Achaia border at Larisos river,"{""type"": ""GeometryCollection"", ""geometries"": [{""type"": ""Polygon"", ""coordinates"": [[[21.417484105225526, 38.10291174798513], [21.42525995805383, 38.09244438760399], [21.429829800275428, 38.095387083549724], [21.42206202659756, 38.10509343476093], [21.417484105225526, 38.10291174798513]]]}]}"
41,"Asius, Genealogies fr. 8 West on Pelasgus as king",Genealogies of Asius,,Asius of Samos,epic poem,,8.1.4,R-quotation,,Argolid - Arkadia border near Mt. Artemision,"{""type"": ""GeometryCollection"", ""geometries"": [{""type"": ""Polygon"", ""coordinates"": [[[22.475774354441114, 37.654310963973046], [22.507440284004105, 37.571411550419754], [22.521537982781183, 37.57134643717862], [22.488651704535528, 37.65540068883523], [22.475774354441114, 37.654310963973046]]]}]}"
42,"Asius, Genealogies of Asius on children of Polycaon and Messene",Genealogies of Asius,,Asius of Samos,epic poem,lost,4.2.1,R-reference,,Choirios Nape,"{""type"": ""GeometryCollection"", ""geometries"": [{""type"": ""Polygon"", ""coordinates"": [[[22.143588429711173, 36.94888471665877], [22.18624381440418, 36.95017414417967], [22.223199270082375, 36.95378608209073], [22.248155909035262, 36.960469507191235], [22.25775393867147, 36.96224967963566], [22.262659624143453, 36.98275144390442], [22.284975814421244, 36.99240306697337], [22.277683819340496, 36.9974822900312], [22.25528655397426, 36.98707795027782], [22.249117608796496, 36.96730110791651], [22.220231007097283, 36.9612590436016], [22.193853679994135, 36.956753242978635], [22.16522532799945, 36.956871930927164], [22.14004783897485, 36.95194522129127], [22.143588429711173, 36.94888471665877]]]}]}"
43,"Bacis, Oracles on grave of Phocus and Antiope",Oracles of Bacis,,Bacis of Boeotia,prophecy,lost,10.32.11,R-paraphrase,,Tithorea/Neon,"{""type"": ""Point"", ""coordinates"": [22.66931, 38.58344]}"
44,"Bacis, Oracles on refounding of Messene",Oracles of Bacis,,Bacis of Boeotia,prophecy,"“Then indeed shall the bright bloom of Sparta perish and Messene again shall be inhabited for all time.” <br>I have discovered that Bacis also told in what manner Eira would be captured, and this too is one of his oracles: “The men of Messene o'ercome by the thunder's roll and spouting rain.”",4.27.4,R-quotation,,Choirios Nape,"{""type"": ""GeometryCollection"", ""geometries"": [{""type"": ""Polygon"", ""coordinates"": [[[22.143588429711173, 36.94888471665877], [22.18624381440418, 36.95017414417967], [22.223199270082375, 36.95378608209073], [22.248155909035262, 36.960469507191235], [22.25775393867147, 36.96224967963566], [22.262659624143453, 36.98275144390442], [22.284975814421244, 36.99240306697337], [22.277683819340496, 36.9974822900312], [22.25528655397426, 36.98707795027782], [22.249117608796496, 36.96730110791651], [22.220231007097283, 36.9612590436016], [22.193853679994135, 36.956753242978635], [22.16522532799945, 36.956871930927164], [22.14004783897485, 36.95194522129127], [22.143588429711173, 36.94888471665877]]]}]}"
45,"Bacis, Oracles on the name of Tithorea",Oracles of Bacis,,Bacis of Boeotia,prophecy,lost,10.32.8,R-reference,,road Delphi to Tithorea over Parnassos,"{""type"": ""GeometryCollection"", ""geometries"": [{""type"": ""LineString"", ""coordinates"": [[22.49757320861943, 38.63427591700432], [22.492173394107937, 38.61668885455731], [22.497622239309806, 38.60880543271463], [22.486962431315987, 38.59318981517825], [22.491630055951788, 38.582891191523885], [22.508528560545216, 38.56801710182717], [22.529823208333568, 38.54161058383144], [22.537227832824442, 38.52209786355664], [22.526055024698763, 38.500052115470965], [22.505416159440102, 38.48110508114104], [22.496980827020536, 38.47716952238588], [22.497730532685978, 38.47509837924886]]}]}"
46,"Bacis, Oracles predicting Persian invasion",Oracles of Bacis,,Bacis of Boeotia,prophecy,,10.14.6,R-reference,,Sanctuary of Pythian Apollo at Delphi,"{""type"": ""Point"", ""coordinates"": [22.50151, 38.48254]}"
47,"Boeo, Hymn on Hyperboreans at Delphi",Hymn of Boeo at Delphi,,Boeo,hymn,"lost “Here in truth a mindful oracle was built By the sons of the Hyperboreans, Pagasus and divine Agyieus.” After enumerating others also of the Hyperboreans, at the end of the hymn she names Olen: “And Olen, who became the first prophet of Phoebus, And first fashioned a song of ancient verses.”",10.5.7,R-quotation,,Entry to Delphi from Chaironea road,"{""type"": ""GeometryCollection"", ""geometries"": [{""type"": ""Polygon"", ""coordinates"": [[[22.50908625671846, 38.4807561049775], [22.508670068724086, 38.47934011797474], [22.509390394099455, 38.47916468402025], [22.509790574863842, 38.48064332827158], [22.50908625671846, 38.4807561049775]]]}]}"
48,"Callinus, lost work on Homer as author of the Thebais",lost work of Callinus,,Callinus,poem (unspecified),,9.9.5,R-paraphrase,,Electran Gate (Thebes),"{""type"": ""Point"", ""coordinates"": [23.3201, 38.3175]}"
49,"Callippus, History of Boeotian Orchomenos quoting Chersias's poetry",History of Boeotian Orchomenos by Callippus,,Callippus of Corinth,history,lost,9.38.10,R-reference,,Orchomenos (Boeotia),"{""type"": ""Point"", ""coordinates"": [22.959486, 38.495082]}"
50,"Callippus, History of Boeotian Orchomenos quoting Hegesinus",History of Boeotian Orchomenos by Callippus,,Callippus of Corinth,history,lost,9.29.2,R-reference,,"Askre, Askra","{""type"": ""Point"", ""coordinates"": [23.074249, 38.327032]}"
51,Naupaktia fr. 9 West: Jason moves to Corcyra,Naupaktia,Q3337166,Carcinus of Naupactus,epic poem,,2.3.9,R-paraphrase,,Glauke fountain (Corinth),"{""type"": ""Point"", ""coordinates"": [22.87812, 37.90562]}"
52,Naupaktia on children of Polycaon,Naupaktia,Q3337166,Carcinus of Naupactus,epic poem,lost,4.2.1,R-reference,,Choirios Nape,"{""type"": ""GeometryCollection"", ""geometries"": [{""type"": ""Polygon"", ""coordinates"": [[[22.143588429711173, 36.94888471665877], [22.18624381440418, 36.95017414417967], [22.223199270082375, 36.95378608209073], [22.248155909035262, 36.960469507191235], [22.25775393867147, 36.96224967963566], [22.262659624143453, 36.98275144390442], [22.284975814421244, 36.99240306697337], [22.277683819340496, 36.9974822900312], [22.25528655397426, 36.98707795027782], [22.249117608796496, 36.96730110791651], [22.220231007097283, 36.9612590436016], [22.193853679994135, 36.956753242978635], [22.16522532799945, 36.956871930927164], [22.14004783897485, 36.95194522129127], [22.143588429711173, 36.94888471665877]]]}]}"
53,Naupaktia: Naupaktia and its authorship,Naupaktia,Q3337166,Carcinus of Naupactus,epic poem,lost,10.38.11,R-reference,,Naupaktos,"{""type"": ""Point"", ""coordinates"": [21.8313, 38.3997]}"
54,Charon son of Pythes on author of the Naupactia,work of Charon son of Pythes,,Charon of Lampsacus,literary criticism,lost,10.38.11,R-paraphrase,,Naupaktos,"{""type"": ""Point"", ""coordinates"": [21.8313, 38.3997]}"
55,Chersias epigram on tomb of Hesiod at Orchomenos: Chersias' epigram on Hesiod,epigram by Chersias on tomb of Hesiod at Orchomenos,,Chersias,epigram,"(lost): Elegiac verses are inscribed on the tomb: <br>“Ascra rich in corn was his native land, but when Hesiod died, <br>The land of the horse-striking Minyans holds his bones, <br>Whose fame will rise very high in Greece <br>When men are judged by the touchstone of artistry.",9.38.4,R-quotation,,Tomb of Hesiod in Orchomenos with inscription,"{""type"": ""Point"", ""coordinates"": [22.959486, 38.495082]}"
56,"Chersias of Orchomenos fr. 1 West: epic poem of Chersias on parentage of Aspledon, quoted by Callippus",poem by Chersias of Orchomenos,,Chersias,epic poem,To Poseidon and glorious Mideia was born Aspledon in the spacious city.,9.38.9,R-quotation,,Kephisian lake,"{""type"": ""Point"", ""coordinates"": [23.0687, 38.4471]}"
57,Alope of Choerilus on genealogy of Cercyon and Triptolemus,Alope of Choerilus,,Choerilus,tragedy,lost,1.14.3,R-paraphrase,,City Eleusinion at Athens,"{""type"": ""Point"", ""coordinates"": [23.7247805, 37.9728361]}"
58,"Cinaethon, Genealogies fr. 2 West on Jason and Medea's children Medeus and Eriopis",Genealogies of Cinaethon,,Cinaethon of Sparta,epic poem,,2.3.9,R-paraphrase,,Glauke fountain (Corinth),"{""type"": ""Point"", ""coordinates"": [22.87812, 37.90562]}"
59,"Cinaethon, Genealogies fr. 4 West on Erigone",Genealogies of Cinaethon,,Cinaethon of Sparta,epic poem,,2.18.6,R-reference,,Gate of Eileithyia in Argos,"{""type"": ""Point"", ""coordinates"": [22.7195, 37.6316]}"
60,"Cinaethon, Genealogies omits children of Polycaon",Genealogies of Cinaethon,,Cinaethon of Sparta,epic poem,lost,4.2.1,R-reference,,Choirios Nape,"{""type"": ""GeometryCollection"", ""geometries"": [{""type"": ""Polygon"", ""coordinates"": [[[22.143588429711173, 36.94888471665877], [22.18624381440418, 36.95017414417967], [22.223199270082375, 36.95378608209073], [22.248155909035262, 36.960469507191235], [22.25775393867147, 36.96224967963566], [22.262659624143453, 36.98275144390442], [22.284975814421244, 36.99240306697337], [22.277683819340496, 36.9974822900312], [22.25528655397426, 36.98707795027782], [22.249117608796496, 36.96730110791651], [22.220231007097283, 36.9612590436016], [22.193853679994135, 36.956753242978635], [22.16522532799945, 36.956871930927164], [22.14004783897485, 36.95194522129127], [22.143588429711173, 36.94888471665877]]]}]}"
61,"Cinaethon, Genealogieson Rhadamanthys as son of Hephaestus",Genealogies of Cinaethon,,Cinaethon of Sparta,epic poem,lost,8.53.5,R-paraphrase,,"Monument to Apollo Agyieus, Tegea","{""type"": ""Point"", ""coordinates"": [22.429, 37.464]}"
62,"Cleitodemus, Atthis on gold at Delphi stripped by crows",Atthis of Cleitodemus,,Cleidemus,history,lost,10.15.5,R-paraphrase,,Sanctuary of Pythian Apollo at Delphi,"{""type"": ""Point"", ""coordinates"": [22.50151, 38.48254]}"
63,"Corinna, Hymns fr.654 COL.ii-iv PMG): on Tanagra as daughter of Asopus",Hymns of Corinna,,Corinna,lyric poem,,9.20.1,R-paraphrase,,Delion sanctuary (Boeotia),"{""type"": ""Point"", ""coordinates"": [23.6765, 38.34]}"
64,"Creophylus, Heracleia fr. 2 West on location of Oechalia near Eretria",Heracleia of Creophylus,Q3403804,Creophylus of Samos,epic poem,"lost, attributed by him to capture of Oechalia)):",4.2.3,R-reference,,Choirios Nape,"{""type"": ""GeometryCollection"", ""geometries"": [{""type"": ""Polygon"", ""coordinates"": [[[22.143588429711173, 36.94888471665877], [22.18624381440418, 36.95017414417967], [22.223199270082375, 36.95378608209073], [22.248155909035262, 36.960469507191235], [22.25775393867147, 36.96224967963566], [22.262659624143453, 36.98275144390442], [22.284975814421244, 36.99240306697337], [22.277683819340496, 36.9974822900312], [22.25528655397426, 36.98707795027782], [22.249117608796496, 36.96730110791651], [22.220231007097283, 36.9612590436016], [22.193853679994135, 36.956753242978635], [22.16522532799945, 36.956871930927164], [22.14004783897485, 36.95194522129127], [22.143588429711173, 36.94888471665877]]]}]}"
65,"Ctesias, Indica on mantichoras",Ctesias' Indica,Q17056177,Ctesias,history,(lost):,9.21.4,R-paraphrase,,Temple of Dionysos at Tanagra,"{""type"": ""Point"", ""coordinates"": [23.5841, 38.3074]}"
66,Sibylline oracles on Athenian defeat at Aegospotami,Sibylline oracles,,Delphic Sibyl,prophecy,"And then on the Athenians will be laid grievous troubles By Zeus the high-thunderer, whose might is the greatest, On the war-ships battle and fighting, As they are destroyed by treacherous tricks, through the baseness of the captains.",10.9.11,R-quotation,,Sanctuary of Pythian Apollo at Delphi,"{""type"": ""Point"", ""coordinates"": [22.50151, 38.48254]}"
67,Sibylline oracles on drawn battle at Thyrea,Sibylline oracles,,Delphic Sibyl,prophecy,lost,10.9.12,R-paraphrase,,Sanctuary of Pythian Apollo at Delphi,"{""type"": ""Point"", ""coordinates"": [22.50151, 38.48254]}"
68,Sibylline oracles on older and younger Philip of Macedon,Sibylline oracles,,Delphic Sibyl,prophecy,,7.8.8,R-quotation,,Eleia - Achaia border at Larisos river,"{""type"": ""GeometryCollection"", ""geometries"": [{""type"": ""Polygon"", ""coordinates"": [[[21.417484105225526, 38.10291174798513], [21.42525995805383, 38.09244438760399], [21.429829800275428, 38.095387083549724], [21.42206202659756, 38.10509343476093], [21.417484105225526, 38.10291174798513]]]}]}"
69,Oracle of Dionysus from unlocated oracle in Thrace,Oracle of Dionysus from unlocated oracle in Thrace,,Dionysus,prophecy,,9.30.9,R-reference,,,
70,Elean Olympic victor lists on Ladas the runner,Elean lists of Olympic victors,,Eleans,epigram,lost,3.21.1,R-paraphrase,,"Tomb of Ladas, near Eurotas","{""type"": ""Point"", ""coordinates"": [22.373, 37.157]}"
71,Elean Olympic victor lists on Lichas of Sparta,Elean lists of Olympic victors,,Eleans,epigram,lost,6.2.3,R-paraphrase,,Olympia,"{""type"": ""Point"", ""coordinates"": [21.630126, 37.637849]}"
72,Elean Olympic victor lists on sons of Pheidolas with one victory,Elean lists of Olympic victors,,Eleans,epigram,lost,6.13.10,R-paraphrase,,Olympia,"{""type"": ""Point"", ""coordinates"": [21.630126, 37.637849]}"
73,"Elean Olympic victor lists: Elean list of Olympiads not including 8th, 34th, 104th",Elean lists of Olympic victors,,Eleans,epigram,lost,6.22.3,R-paraphrase,,Pisa (Eleia),"{""type"": ""Point"", ""coordinates"": [21.653, 37.6395]}"
74,Elean Olympic victor lists: Elean Olympic victor lists for 211th Olympiad,Elean lists of Olympic victors,,Eleans,epigram,lost,10.36.9,R-reference,,Antikyra,"{""type"": ""Point"", ""coordinates"": [22.626059, 38.375439]}"
75,Elean Olympic victors: on Iphitus as son of Iphitus,Elean lists of Olympic victors,,Eleans,epigram,lost,5.4.6,R-paraphrase,,Messenia-Eleia border at Neda river,"{""type"": ""GeometryCollection"", ""geometries"": [{""type"": ""Polygon"", ""coordinates"": [[[21.679447516607297, 37.377855796409506], [21.69308574928442, 37.383549915396586], [21.70656257510359, 37.3919005637385], [21.73281320051933, 37.392128991291955], [21.736408366160447, 37.390560791808994], [21.765853660145467, 37.39367544934754], [21.7695169571287, 37.400983291326355], [21.733481582057408, 37.39813684282345], [21.704581740057193, 37.39765182548311], [21.676920510091378, 37.386169691588165], [21.679447516607297, 37.377855796409506]]]}]}"
76,Epimenides fr. 7 Fowler on Styx as mother of Echidna to Peiras,verses of Epimenides,,Epimenides of Crete,prophecy,,8.18.2,R-paraphrase,,Styx river (Achaia),"{""type"": ""Point"", ""coordinates"": [22.21, 37.98]}"
77,Verses by Erato at Lykosoura,"Verses by Erato, mantis at Lykosoura",,Erato,epic poem,,8.37.12,R-reference,,"Sanctuary of Pan above Despoina sanctuary, Lykosoura","{""type"": ""Point"", ""coordinates"": [22.03143, 37.38957]}"
78,Euclus verse oracles on Homer's birth,verse oracles of Euclus,,Euclus of Cyprus,prophecy,"“And then in sea-girt Cyprus there will be a mighty singer, <br>Whom Themisto, lady fair, shall bear in the fields, <br>A man of renown, far from rich Salamis. <br>Leaving Cyprus, tossed and wetted by the waves, <br>The first and only poet to sing of the woes of spacious Greece, <br>For ever shall he be deathless and ageless.”",10.24.3,R-quotation,,Temple of Apollo at Delphi,"{""type"": ""Point"", ""coordinates"": [22.5012215, 38.4823167]}"
79,Euclus verse oracles predict Persian invasion,verse oracles of Euclus,,Euclus of Cyprus,prophecy,lost,10.14.6,R-reference,,Sanctuary of Pythian Apollo at Delphi,"{""type"": ""Point"", ""coordinates"": [22.50151, 38.48254]}"
80,"Eumelus Corinthiaca fr. 15, 19 on prehistory of Corinth/Ephyraea",Corinthiaca of Eumelus,Q115209579,Eumelus of Corinth,epic poem,,2.1.1,R-paraphrase,,Megarid-Corinthia border,"{""type"": ""Point"", ""coordinates"": [23.17, 37.951]}"
81,"Eumelus Corinthiaca fr. 23, 17, 20, 18 West)) on Helius' gift of Ephyraea to Aeetes",Corinthiaca of Eumelus,Q115209579,Eumelus of Corinth,epic poem,,2.3.10,R-paraphrase,,Glauke fountain (Corinth),"{""type"": ""Point"", ""coordinates"": [22.87812, 37.90562]}"
82,Eumelus Corinthiaca fr. 24 West on tombs of Neleus and Sisyphus,Corinthiaca of Eumelus,Q115209579,Eumelus of Corinth,epic poem,,2.2.2,R-paraphrase,,Isthmian Poseidon sanctuary at Isthmia,"{""type"": ""Point"", ""coordinates"": [22.992664, 37.9158514]}"
83,Eumelus Corinthiaca: Ephyraea was renamed after Corinthus son of Marathon,Corinthiaca of Eumelus,Q115209579,Eumelus of Corinth,epic poem,,2.1.1,R-reference,,Megarid-Corinthia border,"{""type"": ""Point"", ""coordinates"": [23.17, 37.951]}"
84,"Eumelus, Hymn to Apollo on authorship of Chest of Cypselus inscriptions",Hymn to Apollo by Eumelus,,Eumelus of Corinth,hymn,lost,5.19.10,R-reference,,Temple of Hera at Olympia,"{""type"": ""Point"", ""coordinates"": [21.62976, 37.63887]}"
85,"Eumelus, Hymn to Apollo on Messenian chorus to Delos",Hymn to Apollo by Eumelus,,Eumelus of Corinth,hymn,lost,4.4.1,R-reference,,Choirios Nape,"{""type"": ""GeometryCollection"", ""geometries"": [{""type"": ""Polygon"", ""coordinates"": [[[22.143588429711173, 36.94888471665877], [22.18624381440418, 36.95017414417967], [22.223199270082375, 36.95378608209073], [22.248155909035262, 36.960469507191235], [22.25775393867147, 36.96224967963566], [22.262659624143453, 36.98275144390442], [22.284975814421244, 36.99240306697337], [22.277683819340496, 36.9974822900312], [22.25528655397426, 36.98707795027782], [22.249117608796496, 36.96730110791651], [22.220231007097283, 36.9612590436016], [22.193853679994135, 36.956753242978635], [22.16522532799945, 36.956871930927164], [22.14004783897485, 36.95194522129127], [22.143588429711173, 36.94888471665877]]]}]}"
86,"Eumelus, Hymn to Apollo on Muses at Ithome",Hymn to Apollo by Eumelus,,Eumelus of Corinth,hymn,lost (fr. 1 Campbell),4.33.2,R-quotation,,Temenos of Zeus on summit of Ithome,"{""type"": ""Point"", ""coordinates"": [21.925, 37.186]}"
87,Euphemos the Carian: account of satyr-like creatures by Euphemus the Carian,Travel account of Euphemos the Carian,,Euphemus of Caria,history,lost,1.23.5,R-paraphrase,,Athenian Acropolis (Athens),"{""type"": ""Point"", ""coordinates"": [23.7257, 37.9717]}"
88,Euphorion of Chalcis on fate of Laodice,poem by Euphorion of Chalcis,,Euphorion of Chalcis,epic poem,lost,10.26.8,R-reference,,Lesche of the Knidians,"{""type"": ""Point"", ""coordinates"": [22.5011, 38.48304]}"
89,Euphorion of Chalcis on Theseus as father of Iphigeneia (agreeing with the Argives),poem by Euphorion of Chalcis,,Euphorion of Chalcis,epic poem,lost,2.22.7,R-reference,,Sanctuary of Eileithyia at Argos founded by Helen,"{""type"": ""Point"", ""coordinates"": [22.7195, 37.6316]}"
90,Gitiadas hymn to Athena on Athena Poliouchos of Sparta,Dorian hymn of Gitiadas to Athena,,Gitiadas,hymn,lost,3.17.1,R-reference,,Sanctuary of Eileithyia near Orthia sanctuary in Sparta,"{""type"": ""Point"", ""coordinates"": [22.4237, 37.0821]}"
91,Hecataeus fr. 29A Fowler on Heracles and Auge at Tegea,work of Hecataeus on rape of Auge,,Hecataeus of Miletus,epic poem,,8.4.9,R-paraphrase,,Argolid - Arkadia border near Mt. Artemision,"{""type"": ""GeometryCollection"", ""geometries"": [{""type"": ""Polygon"", ""coordinates"": [[[22.475774354441114, 37.654310963973046], [22.507440284004105, 37.571411550419754], [22.521537982781183, 37.57134643717862], [22.488651704535528, 37.65540068883523], [22.475774354441114, 37.654310963973046]]]}]}"
92,Hecataeus on location of Oechalia in Eretria,histories of Hecataeus,,Hecataeus of Miletus,history,lost,4.2.3,R-paraphrase,,Choirios Nape,"{""type"": ""GeometryCollection"", ""geometries"": [{""type"": ""Polygon"", ""coordinates"": [[[22.143588429711173, 36.94888471665877], [22.18624381440418, 36.95017414417967], [22.223199270082375, 36.95378608209073], [22.248155909035262, 36.960469507191235], [22.25775393867147, 36.96224967963566], [22.262659624143453, 36.98275144390442], [22.284975814421244, 36.99240306697337], [22.277683819340496, 36.9974822900312], [22.25528655397426, 36.98707795027782], [22.249117608796496, 36.96730110791651], [22.220231007097283, 36.9612590436016], [22.193853679994135, 36.956753242978635], [22.16522532799945, 36.956871930927164], [22.14004783897485, 36.95194522129127], [22.143588429711173, 36.94888471665877]]]}]}"
93,Hecataeus says Hound of Hades at Tainaron was a poisonous serpent,work of Hecataeus on Heracles,,Hecataeus of Miletus,epic poem,,3.25.5,O-Nature,,Tainaron (promontory),"{""type"": ""Point"", ""coordinates"": [22.4831905, 36.3856534]}"
94,Hecataeus: Heracles seduces Auge in Tegea,work of Hecataeus on rape of Auge,,Hecataeus of Miletus,epic poem,,8.4.9,,,Argolid - Arkadia border near Mt. Artemision,"{""type"": ""GeometryCollection"", ""geometries"": [{""type"": ""Polygon"", ""coordinates"": [[[22.475774354441114, 37.654310963973046], [22.507440284004105, 37.571411550419754], [22.521537982781183, 37.57134643717862], [22.488651704535528, 37.65540068883523], [22.475774354441114, 37.654310963973046]]]}]}"
95,"Hegesinus, Atthis fr. 1 West on founding of Ascra, quoted by Callippus",Atthis of Hegesinus,Q106619730,Hegesinus,dithyramb,"The first to sacrifice on Helicon to the Muses and to call the mountain sacred to the Muses were, they say, Ephialtes and Otus, who also founded Ascra. To this also Hegesinus alludes in his poem Atthis: “And again with Ascra lay Poseidon Earth-shaker, Who when the year revolved bore him a son Oeoclus, who first with the children of Aloeus founded Ascra, which lies at the foot of Helicon, rich in springs.”",9.29.1,R-quotation,,"Askre, Askra","{""type"": ""Point"", ""coordinates"": [23.074249, 38.327032]}"
96,Hegias/Agias of Troezen on Antiope betraying Themiscyra for love of Theseus,poem of Hegias/Agias of Troezen,,Hegias of Troezen,history,lost,1.2.1,R-paraphrase,,road Phaleron to Athens,"{""type"": ""GeometryCollection"", ""geometries"": [{""type"": ""LineString"", ""coordinates"": [[23.68658880803406, 37.94037408093416], [23.72920614293062, 37.969424204333635]]}]}"
97,Hellanicus fr. 132 Fowler on Polyxenus as son of Medea and Jason,history of Hellanicus,,Hellanicus of Mytilene,history,,2.3.8,R-paraphrase,,Glauke fountain (Corinth),"{""type"": ""Point"", ""coordinates"": [22.87812, 37.90562]}"
98,Hellanicus fr.155 Fowler on children of Pylades and Electra,history of Hellanicus,,Hellanicus of Mytilene,history,,2.16.7,R-paraphrase,,Mycenae,"{""type"": ""Point"", ""coordinates"": [22.756111, 37.730833]}"
99,"Hermesianax, elegies on Attis as son of Calaus",elegiac verses of Hermesianax,,Hermesianax,elegiac poem,lost,7.17.9,R-paraphrase,,Sanctuary of Dindymene Mother and Attes at Dyme,"{""type"": ""Point"", ""coordinates"": [21.551425, 38.144625]}"
100,"Hermesianax, elegies on cork bark",elegiac verses of Hermesianax,,Hermesianax,elegiac poem,,8.12.1,R-paraphrase,,Pelagos oak forest 30 stades from Mantineia on Tegea road,"{""type"": ""Point"", ""coordinates"": [22.416, 37.578]}"
101,"Hermesianax, elegies on Olenus as small town",elegiac verses of Hermesianax,,Hermesianax,elegiac poem,lost,7.18.1,R-reference,,Olenos,"{""type"": ""Point"", ""coordinates"": [21.640599, 38.153707]}"
102,"Hermesianax, elegies on the Graces and Persuasion",elegiac verses of Hermesianax,,Hermesianax,elegiac poem,lost,9.35.5,R-reference,,Orchomenos (Boeotia),"{""type"": ""Point"", ""coordinates"": [22.959486, 38.495082]}"
103,Herodotus (unknown): on something unintelligible near Drymaia,Histories of Herodotus,Q746583,Herodotus,history,,10.33.12,R-reference,,Drymaia,"{""type"": ""Point"", ""coordinates"": [22.54128, 38.70507]}"
104,Herodotus 1.1-2 on Io in Egypt,Histories of Herodotus,Q746583,Herodotus,history,"1.1 Those of the Persians who have knowledge of history declare that the Phoenicians first began the quarrel. These, they say, came from that which is called the Erythraean Sea to this of ours; and having settled in the land where they continue even now to dwell, set themselves forthwith to make long voyages by sea. And conveying merchandise of Egypt and of Assyria they arrived at other places and also at Argos; now Argos was at that time in all points the first of the States within that land which is now called Hellas; — the Phoenicians arrived then at this land of Argos, and began to dispose of their ship's cargo: and on the fifth or sixth day after they had arrived, when their goods had been almost all sold, there came down to the sea a great company of women, and among them the daughter of the king; and her name, as the Hellenes also agree, was Io the daughter of Inachos. These standing near to the stern of the ship were buying of the wares such as pleased them most, when of a sudden the Phoenicians, passing the word from one to another, made a rush upon them; and the greater part of the women escaped by flight, but Io and certain others were carried off. So they put them on board their ship, and forthwith departed, sailing away to Egypt. In this manner the Persians report that Io came to Egypt, not agreeing therein with the Hellenes, and this they say was the first beginning of wrongs. Then after this, they say, certain Hellenes (but the name of the people they are not able to report) put in to the city of Tyre in Phoenicia and carried off the king's daughter Europa; — these would doubtless be Cretans; — and so they were quits for the former injury. After this however the Hellenes, they say, were the authors of the second wrong; for they sailed in to Aia of Colchis and to the river Phasis with a ship of war, and from thence, after they had done the other business for which they came, they carried off the king's daughter Medea: and the king of Colchis sent a herald to the land of Hellas and demanded satisfaction for the rape and to have his daughter back; but they answered that, as the Barbarians had given them no satisfaction for the rape of Io the Argive, so neither would they give satisfaction to the Barbarians for this",2.16.1,R-reference,https://scaife.perseus.org/reader/urn:cts:greekLit:tlg0016.tlg001.perseus-grc2:1.1-1.2,Mycenae,"{""type"": ""Point"", ""coordinates"": [22.756111, 37.730833]}"
105,Herodotus 1.24 on Arion and the dolphin,Histories of Herodotus,Q746583,Herodotus,history,"This is the tale told by the Corinthians and Lesbians alike, and there is at Tainaron a votive offering of Arion of no great size, namely a bronze figure of a man upon a dolphin's back.",3.25.7,R-reference,https://scaife.perseus.org/reader/urn:cts:greekLit:tlg0016.tlg001.perseus-grc2:1.24,Tainaron (promontory),"{""type"": ""Point"", ""coordinates"": [22.4831905, 36.3856534]}"
106,Herodotus 1.65 on Labotas king of Sparta as ward of Lycurgus,Histories of Herodotus,Q746583,Herodotus,history,"Lycurgos, a man of the Spartans who was held in high repute, came to the Oracle at Delphi, and as he entered the megaron, straightway the Pythian prophetess said as follows: ""Lo, thou art come, O Lycurgos, to this rich shrine of my temple, Loved thou by Zeus and by all who possess the Olympian abodes. Whether to call thee a god, I doubt, in my voices prophetic, God or a man, but rather a god I think, O Lycurgos."" Some say in addition to this that the Pythian prophetess also set forth to him the order of things which is now established for the Spartans; but the Lacedemonians themselves say that Lycurgos having become guardian of Leobotes his brother's son, who was king of the Spartans, brought in these things from Crete. For as soon as he became guardian, he changed all the prevailing laws, and took measures that they should not transgress his institutions: and after this Lycurgos established that which appertained to war, namely Enomoties and Triecads and Common Meals, and in addition to this the Ephors and the Senate.",3.2.3,R-paraphrase,https://scaife.perseus.org/reader/urn:cts:greekLit:tlg0016.tlg001.perseus-grc2:1.65,Argolid - Lakonia border at the Hermai,"{""type"": ""GeometryCollection"", ""geometries"": [{""type"": ""Polygon"", ""coordinates"": [[[22.527643966812064, 37.31460354773594], [22.53453084312804, 37.3070246533447], [22.538351342393554, 37.307297362478295], [22.530631002613234, 37.3160985404418], [22.527643966812064, 37.31460354773594]]]}]}"
107,Herodotus 1.68 on finding bones of Orestes at Tegea,Histories of Herodotus,Q746583,Herodotus,history,"...He then thus told him of that which he had seen; and the other, having thought upon that which was told, conjectured that this was Orestes according to the saying of the Oracle, forming his conjecture in the following manner: — whereas he saw that the smith had two pairs of bellows, he concluded that these were the winds spoken of, and that the anvil and the hammer were the stroke and the stroke in, and that the iron which was being wrought was the trouble laid upon trouble, making comparison by the thought that iron has been discovered for the evil of mankind. Having thus conjectured he came back to Sparta and declared the whole matter to the Lacedemonians;...",3.3.6,R-uncited paraphrase,https://scaife.perseus.org/reader/urn:cts:greekLit:tlg0016.tlg001.perseus-grc2:1.68,Argolid - Lakonia border at the Hermai,"{""type"": ""GeometryCollection"", ""geometries"": [{""type"": ""Polygon"", ""coordinates"": [[[22.527643966812064, 37.31460354773594], [22.53453084312804, 37.3070246533447], [22.538351342393554, 37.307297362478295], [22.530631002613234, 37.3160985404418], [22.527643966812064, 37.31460354773594]]]}]}"
108,Herodotus 2.156 on Aeschylus giving Egyptian version that Artemis is the child of Demeter,Histories of Herodotus,Q746583,Herodotus,history,"And the Egyptians, when they say that it is floating, add this story, namely that in this island, which formerly was not floating, Leto, being one of the eight gods who came into existence first, and dwelling in the city of Buto where she has this oracle, received Apollo from Isis as a charge and preserved him, concealing him in the island which is said now to be a floating island, at that time when Typhon came after him seeking everywhere and desiring to find the son of Osiris. Now they say that Apollo and Artemis are children of Dionysos and of Isis, and that Leto became their nurse and preserver; and in the Egyptian tongue Apollo is Oros, Demeter is Isis, and Artemis is Bubastis. From this story and from no other Aeschylus the son of Euphorion took this which I shall say, wherein he differs from all the preceding poets; he represented namely that Artemis was the daughter of Demeter. For this reason then, they say, it became a floating island. Such is the story which they tell;",8.37.6,R-uncited paraphrase,https://scaife.perseus.org/reader/urn:cts:greekLit:tlg0016.tlg001.perseus-grc2:2.156,Sanctuary of Despoina at Lykosoura,"{""type"": ""Point"", ""coordinates"": [22.03143, 37.38957]}"
109,Herodotus 4.103 on sacrifices to Iphigeneia,Histories of Herodotus,Q746583,Herodotus,history,"Among these, the Tauri have the following customs: all ship-wrecked men, and any Greeks whom they capture in their sea-raids, they sacrifice to the Virgin goddess[*] as I will describe: after the first rites of sacrifice, they strike the victim on the head with a club;according to some, they then place the head on a pole and throw the body off the cliff on which their temple stands; others agree as to the head, but say that the body is buried, not thrown off the cliff. The Tauri themselves say that this deity to whom they sacrifice is Agamemnon's daughter Iphigenia.As for enemies whom they defeat, each cuts his enemy's head off and carries it away to his house, where he places it on a tall pole and stands it high above the dwelling, above the smoke-vent for the most part. These heads, they say, are set up to guard the whole house. The Tauri live by plundering and war.",1.43.1,R-paraphrase,https://scaife.perseus.org/reader/urn:cts:greekLit:tlg0016.tlg001.perseus-grc2:4.103?right=perseus-eng2,hero shrine of Iphigeneia in Megara,"{""type"": ""Point"", ""coordinates"": [23.34285, 37.997]}"
110,Herodotus 4.184-4.185 on Nasamones,Histories of Herodotus,Q746583,Herodotus,history,"From the Garamantians at a distance again of ten days' journey there is another hill of salt and spring of water, and men dwell round it called Atarantians, who alone of all men about whom we know are nameless; for while all taken together have the name Atarantians, each separate man of them has no name given to him. These utter curses against the Sun when he is at his height, and moreover revile him with all manner of foul terms, because he oppresses them by his burning heat, both themselves and their land. After this at a distance of ten days' journey there is another hill of salt and spring of water, and men dwell round it. Near this salt hill is a mountain named Atlas, which is small in circuit and rounded on every side; and so exceedingly lofty is it said to be, that it is not possible to see its summits, for clouds never leave them either in the summer or in the winter. This the natives say is the pillar of the heaven. After this mountain these men got their name, for they are called Atlantians; and it is said that they neither eat anything that has life nor have any dreams.As far as these Atlantians I am able to mention in order the names of those who are settled in the belt of sand; but for the parts beyond these I can do so no more. However, the belt extends as far as the Pillars of Heracles and also in the parts outside them: and there is a mine of salt in it at a distance of ten days' journey from the Atlantians, and men dwelling there; and these all have their houses built of the lumps of salt, since these parts of Libya which we have now reached are without rain; for if it rained, the walls being made of salt would not be able to last: and the salt is dug up there both white and purple in colour. Above the sand-belt, in the parts which are in the direction of the South Wind and towards the interior of Libya, the country is uninhabited, without water and without wild beasts, rainless and treeless, and there is no trace of moisture in it.",1.33.5,R-reference,https://scaife.perseus.org/reader/urn:cts:greekLit:tlg0016.tlg001.perseus-grc2:4.184-4.185,Sanctuary and temple of Nemesis at Rhamnous,"{""type"": ""Point"", ""coordinates"": [24.0268, 38.2176]}"
111,Herodotus 4.52 on bitter spring of the Hypanis river,Histories of Herodotus,Q746583,Herodotus,history,"§ 4.52  The third river is the Hypanis, which starts from Scythia and flows from a great lake round which feed white wild horses; and this lake is rightly called ""Mother of Hypanis."" From this then the river Hypanis takes its rise and for a distance of five days' sail it flows shallow and with sweet water still; but from this point on towards the sea for four days' sail it is very bitter, for there flows into it the water of a bitter spring, which is so exceedingly bitter that, small as it is, it changes the water of the Hypanis by mingling with it, though that is a river to which few are equal in greatness. This spring is on the border between the lands of the agricultural Scythians and of the Alazonians, and the name of the spring and of the place from which it flows is in Scythian Exampaios, and in the Hellenic tongue Hierai Hodoi. Now the Tyras and the Hypanis approach one another in their windings in the land of the Alazonians, but after this each turns off and widens the space between them as they flow.",4.35.11,R-paraphrase,https://scaife.perseus.org/reader/urn:cts:greekLit:tlg0016.tlg001.perseus-grc2:4.52,Methone/Mothone (Messenian),"{""type"": ""Point"", ""coordinates"": [21.705, 36.817]}"
112,Herodotus 5.66 on Athenian tribes,Histories of Herodotus,Q746583,Herodotus,history,"... and then Cleisthenes was being worsted in the struggle, he made common cause with the people. After this he caused the Athenians to be in ten tribes, who were formerly in four; and he changed the names by which they were called after the sons of Ion, namely Geleon, Aigicoreus, Argades, and Hoples, and invented for them names taken from other heroes, all native Athenians except Ajax, whom he added as a neighbour and ally, although he was no Athenian",1.5.1,R-reference,https://scaife.perseus.org/reader/urn:cts:greekLit:tlg0016.tlg001.perseus-grc2:5.66,Tholos (Athens Agora),"{""type"": ""Point"", ""coordinates"": [23.721934, 37.974874]}"
113,Herodotus 5.85 on Damia and Auxesia,Histories of Herodotus,Q746583,Herodotus,history,"The Athenians then report that in one single trireme were despatched those of their citizens who were sent by the State after this demand; who having come to Aigina, attempted to tear up from off their pedestals the images, (alleging that they were made of wood which belonged to the Athenians), in order to carry them back with them: but not being able to get hold of them in this manner (say the Athenians) they threw ropes round them and were pulling them, when suddenly, as they pulled, thunder came on and an earthquake at the same time with the thunder; and the crew of the trireme who were pulling were made beside themselves by these, and being brought to this condition they killed one another as if they were enemies, until at last but one of the whole number was left; and he returned alone to Phaleron.",2.30.4,R-paraphrase,https://scaife.perseus.org/reader/urn:cts:greekLit:tlg0016.tlg001.perseus-grc2:5.85,Zeus Panhellenios sanctuary (Aigina),"{""type"": ""Point"", ""coordinates"": [23.4975, 37.7078]}"
114,Herodotus 6.118: Datis returning stolen agalma to Delion,Histories of Herodotus,Q746583,Herodotus,history,"Datis, however, as he was going with his army to Asia, when he had come to Myconos saw a vision in his sleep; and of what nature the vision was it is not reported, but as soon as day dawned he caused a search to be made of the ships, and finding in a Phoenician ship a statue of Apollo overlaid with gold, he inquired from whence it had been carried off. Then having been informed from what sanctuary it came, he sailed in his own ship to Delos: and finding that the Delians had returned then to the island, he deposited the statue in the sanctuary and charged the men of Delos to convey it back to Delion in the territory of the Thebans, which is situated by the sea-coast just opposite Chalkis. Datis having given this charge sailed away: the Delians however did not convey the statue back, but after an interval of twenty years the Thebans themselves brought it to Delion by reason of an oracle.",10.28.6,R-uncited paraphrase,https://scaife.perseus.org/reader/urn:cts:greekLit:tlg0016.tlg001.perseus-grc2:6.118,Lesche of the Knidians,"{""type"": ""Point"", ""coordinates"": [22.5011, 38.48304]}"
115,Herodotus 6.77 on oracle regarding Telesilla,Histories of Herodotus,Q746583,Herodotus,history,"Being informed of this, the Argives came to the rescue towards the sea; and when they had got near Tiryns and were at the place which is called Sepeia, they encamped opposite to the Lacedemonians leaving no very wide space between the armies. There the Argives were not afraid of the open fighting, but only lest they should be conquered by craft; for to this they thought referred the oracle which the Pythian prophetess gave in common to these and to the Milesians, saying as follows: ""But when the female at length shall conquer the male in the battle, Conquer and drive him forth, and glory shall gain among Argives, Then many wives of the Argives shall tear both cheeks in their mourning; So that a man shall say some time, of the men that came after, 'Quelled by the spear it perished, the three-coiled terrible serpent,' The conjunction of all these things caused fear to the Argives, and with a view to this they resolved to make use of the enemy's herald; and having so resolved they proceeded to do as follows: — whenever the Spartan herald proclaimed anything to the Lacedemonians, the Argives also did that same thing.",2.20.10,R-quotation,https://scaife.perseus.org/reader/urn:cts:greekLit:tlg0016.tlg001.perseus-grc2:6.77,Sanctuary of Aphrodite at Argos beyond theater,"{""type"": ""Point"", ""coordinates"": [22.7188, 37.6303]}"
116,Herodotus 7.170 on dating Micythus of Rhegion and thus Glaucus and Dionysius of Argos,Histories of Herodotus,Q746583,Herodotus,history,"For the story goes that Minos, having come to Sicania, which is now called Sicily, in search of Daidalos, died there by a violent death; and after a time the Cretans, urged thereto by a god, all except the men of Polichne and Praisos, came with a great armament to Sicania and besieged for seven years the city of Camicos, which in my time was occupied by the Agrigentines; and at last not being able either to capture it or to remain before it, because they were hard pressed by famine, they departed and went away. And when, as they sailed, they came to be off the coast of Iapygia, a great storm seized them and cast them away upon the coast; and their vessels being dashed to pieces, they, since they saw no longer any way of coming to Crete, founded there the city of Hyria; and there they stayed and were changed so that they became instead of Cretans, Messapians of Iapygia, and instead of islanders, dwellers on the mainland: then from the city of Hyria they founded those other settlements which the Tarentines long afterwards endeavoured to destroy and suffer great disaster in that enterprise, so that this in fact proved to be the greatest slaughter of Hellenes that is known to us, and not only of the Tarentines themselves but of those citizens of Rhegion who were compelled by Mikythos the son of Choiros to go to the assistance of the Tarentines, and of whom there were slain in this manner three thousand men: of the Tarentines themselves however, who were slain there, there was no numbering made. This Mikythos, who was a servant of Anaxilaos, had been left by him in charge of Rhegion; and he it was who after being driven out of Rhegion took up his abode at Tegea of the Arcadians and dedicated those many statues at Olympia.",5.26.4,R-paraphrase,https://scaife.perseus.org/reader/urn:cts:greekLit:tlg0016.tlg001.perseus-grc2:7.170,Altis sacred grove (Olympia),"{""type"": ""Point"", ""coordinates"": [21.62975, 37.63754]}"
117,Herodotus 7.203 on Locrian contingent at Thermopylae against the Persians,Histories of Herodotus,Q746583,Herodotus,history,"In addition to these the Locrians of Opus had been summoned to come in their full force, and of the Phokians a thousand: for the Hellenes had of themselves sent a summons to them, saying by messengers that they had come as forerunners of the others, that the rest of the allies were to be expected every day, that their sea was safely guarded, being watched by the Athenians and the Aeginetans and by those who had been appointed to serve in the fleet, and that they need fear nothing: for he was not a god, they said, who was coming to attack Hellas, but a man; and there was no mortal, nor would be any, with those fortunes evil had not been mingled at his very birth, and the greatest evils for the greatest men; therefore he also who was marching against them, being mortal, would be destined to fail of his expectation. They accordingly, hearing this, came to the assistance of the others at Trachis.",10.20.2,R-paraphrase,https://scaife.perseus.org/reader/urn:cts:greekLit:tlg0016.tlg001.perseus-grc2:7.203,Temple of Apollo at Delphi,"{""type"": ""Point"", ""coordinates"": [22.5012215, 38.4823167]}"
118,Herodotus 8.135 on Mys at Apollo Ptous sanctuary,Histories of Herodotus,Q746583,Herodotus,history,"After this a thing which to me is a very great marvel is said by the Thebans to have come to pass: — it seems that this man Mys of Europos, as he journeyed round to all the Oracles, came also to the sacred enclosure of the Ptoan Apollo. This sanctuary is called ""Ptoon,"" and belongs to the Thebans, and it lies above the lake Copais at the foot of the mountains, close to the town of Acraiphia. When the man called Mys came to this sanctuary with three men chosen from the citizens in his company, who were sent by the public authority to write down that which the god should utter in his divination, forthwith it is said the prophet of the god began to give the oracle in a Barbarian tongue; and while those of the Thebans who accompanied him were full of wonder, hearing a Barbarian instead of the Hellenic tongue, and did not know what to make of the matter before them, it is said that the man of Europos, Mys, snatched from them the tablet which they bore and wrote upon it that which was being spoken by the prophet; and he said that the prophet was giving his answer in the Carian tongue: and then when he had written it, he went away and departed to Thessaly.",9.23.6,R-uncited paraphrase,https://scaife.perseus.org/reader/urn:cts:greekLit:tlg0016.tlg001.perseus-grc2:8.135,Apollo Ptoios sanct. (Boeotia),"{""type"": ""Point"", ""coordinates"": [23.25193, 38.45915]}"
119,Herodotus 8.32 on the name of Tithorea,Histories of Herodotus,Q746583,Herodotus,history,"When however from Doris they entered Phokis, they did not indeed capture the Phokians themselves; for some of them had gone up to the heights of Parnassos, — and that summit of Parnassos is very convenient to receive a large number, which lies by itself near the city of Neon, the name of it being Tithorea, — to this, I say, some of them had carried up their goods and gone up themselves; but most of them had conveyed their goods out to the Ozolian Locrians, to the city of Amphissa, which is situated above the Crissaian plain. The Barbarians however overran the whole land of Phokis, for so the Thessalians led their army, and all that they came to as they marched they burned or cut down, and delivered to the flames both the cities and the sanctuaries:",10.32.8,R-reference,https://scaife.perseus.org/reader/urn:cts:greekLit:tlg0016.tlg001.perseus-grc2:8.32,road Delphi to Tithorea over Parnassos,"{""type"": ""GeometryCollection"", ""geometries"": [{""type"": ""LineString"", ""coordinates"": [[22.49757320861943, 38.63427591700432], [22.492173394107937, 38.61668885455731], [22.497622239309806, 38.60880543271463], [22.486962431315987, 38.59318981517825], [22.491630055951788, 38.582891191523885], [22.508528560545216, 38.56801710182717], [22.529823208333568, 38.54161058383144], [22.537227832824442, 38.52209786355664], [22.526055024698763, 38.500052115470965], [22.505416159440102, 38.48110508114104], [22.496980827020536, 38.47716952238588], [22.497730532685978, 38.47509837924886]]}]}"
120,"Herodotus 8.33, 8.34 on Parapotamioi and the Persians",Histories of Herodotus,Q746583,Herodotus,history,"For they laid everything waste, proceeding this way by the river Kephisos, and they destroyed the city of Drymos by fire, and also the following, namely Charadra, Erochos, Tethronion, Amphikaia, Neon, Pedieis, Triteis, Elateia, Hyampolis, Parapotamioi and Abai, at which last-named place there was a sanctuary of Apollo, wealthy and furnished with treasuries and votive offerings in abundance; and there was then, as there is even now, the seat of an Oracle there: this sanctuary they plundered and burnt. Some also of the Phokians they pursued and captured upon the mountains, and some women they did to death by repeated outrage.Passing by Parapotamioi the Barbarians came to Panopeus, and from this point onwards their army was separated and went different ways.",10.33.8,R-reference,https://scaife.perseus.org/reader/urn:cts:greekLit:tlg0016.tlg001.perseus-grc2:8.33-8.34,Parapotamioi,"{""type"": ""Point"", ""coordinates"": [22.806, 38.554]}"
121,Herodotus 8.55 on the Erechtheum,Histories of Herodotus,Q746583,Herodotus,history,"I will tell why I have mentioned this. In that acropolis is a shrine of Erechtheus, called the “Earthborn,” and in the shrine are an olive tree and a pool of salt water. The story among the Athenians is that they were set there by Poseidon and Athena as tokens when they contended for the land. It happened that the olive tree was burnt by the barbarians with the rest of the sacred precinct, but on the day after its burning, when the Athenians ordered by the king to sacrifice went up to the sacred precinct, they saw a shoot of about a cubit's length sprung from the stump, and they reported this.",1.26.6,R-uncited paraphrase,https://scaife.perseus.org/reader/urn:cts:greekLit:tlg0016.tlg001.perseus-grc2:8.55/,Athenian Acropolis (Athens),"{""type"": ""Point"", ""coordinates"": [23.7257, 37.9717]}"
122,Herodotus 1.5.3-4 on Greek affairs,Histories of Herodotus,Q746583,Herodotus,history,"These are the stories of the Persians and the Phoenicians. For my part, I shall not say that this or that story is true, but I shall identify the one who I myself know did the Greeks unjust deeds, and thus proceed with my history, and speak of small and great cities of men alike. For many states that were once great have now become small; and those that were great in my time were small before. Knowing therefore that human prosperity never continues in the same place, I shall mention both alike.",1.26.4,R-uncited paraphrase,https://scaife.perseus.org/reader/urn:cts:greekLit:tlg0016.tlg001.perseus-grc2:1.5.3-1.5.4,,
123,Herodotus 1.5.3 Pausanias (1.26.4) echoes proso expression,Histories of Herodotus,Q746583,Herodotus,history,"Her. 1.5.3 These are the stories of the Persians and the Phoenicians. For my part, I shall not say that this or that story is true, but I shall identify the one who I myself know did the Greeks unjust deeds, and thus proceed with my history, and speak of small and great cities of men alike.
Pausanias 1.26.4 Near the statue of Olympiodorus stands a bronze image of Artemis surnamed Leucophryne, dedicated by the sons of Themistocles; for the Magnesians, whose city the King had given him to rule, hold Artemis Leucophryne in honor.
But my narrative must not loiter, as my task is a general description of all Greece.",1.26.4,R-uncited paraphrase,,Athenian Acropolis (Athens),"{""type"": ""Point"", ""coordinates"": [23.7257, 37.9717]}"
124,Herodotus 9.84 on burial of Mardonius,Histories of Herodotus,Q746583,Herodotus,history,"The body of Mardonios however had disappeared on the day after the battle, taken by whom I am not able with certainty to say, but I have heard the names of many men of various cities who are said to have buried Mardonios, and I know that many received gifts from Artontes the son of Mardonios for having done this: who he was however who took up and buried the body of Mardonios I am not able for certain to discover, but Dionysophanes an Ephesian is reported with some show of reason to have been he who buried Mardonios. Such was the manner of Mardonius' burial.",9.2.2,R-uncited paraphrase,https://scaife.perseus.org/reader/urn:cts:greekLit:tlg0016.tlg001.perseus-grc2:9.84/,so-called mnema of Mardonios on road from Plataea,"{""type"": ""GeometryCollection"", ""geometries"": [{""type"": ""LineString"", ""coordinates"": [[23.378785289877243, 38.1775923414086], [23.37578682280636, 38.177283674073664], [23.372788355734286, 38.18014581194029], [23.371967346893342, 38.18171713394398], [23.370146849861044, 38.18171713387105], [23.365135078033944, 38.18508413831401], [23.357849717263264, 38.18958468758538], [23.34364771197599, 38.19583849615219], [23.345662180811757, 38.20161685452106], [23.335793424447814, 38.21240759201444], [23.32098707851125, 38.2086878831017], [23.300238049510483, 38.21311985501271], [23.27898540330031, 38.216127110820025], [23.27386897101914, 38.22038220352388]]}]}"
125,Herodotus 5.69 on Athenian tribes,Histories of Herodotus,Q746583,Herodotus,history,"This is what the SicyonianCleisthenes had done, and the Athenian Cleisthenes, following the lead of his grandfather and namesake, decided out of contempt, I imagine, for the Ionians, that his tribes should not be the same as theirs.
When he had drawn into his own party the Athenian people, which was then debarred from all rights, he gave the tribes new names and increased their number, making ten tribe-wardens in place of four, and assigning ten districts to each tribe. When he had won over the people, he was stronger by far than the rival faction.",1.5.1,R-reference,https://scaife.perseus.org/reader/urn:cts:greekLit:tlg0016.tlg001.perseus-grc2:5.69,Tholos (Athens Agora),"{""type"": ""Point"", ""coordinates"": [23.721934, 37.974874]}"
126,"Herophanes of Troezen, on Europs",lost work of Herophanes of Troezen,,Herophanes of Troezen,poem (unspecified),,2.34.4,R-paraphrase,,road Troizen to Hermione,"{""type"": ""GeometryCollection"", ""geometries"": [{""type"": ""LineString"", ""coordinates"": [[23.349909, 37.50281], [23.352082, 37.502236], [23.355121, 37.501736], [23.355475, 37.501358], [23.355976, 37.499868], [23.356525, 37.499514], [23.356745, 37.499001], [23.355793, 37.499331], [23.354743, 37.49916], [23.355524, 37.498989], [23.355573, 37.498599], [23.35506, 37.498867], [23.354718, 37.498635], [23.353925, 37.498647], [23.353546, 37.49822], [23.351361, 37.497451], [23.350714, 37.496743], [23.3508, 37.496499], [23.350116, 37.495266], [23.35058, 37.494912], [23.350641, 37.494448], [23.350275, 37.494045], [23.349201, 37.493801], [23.348285, 37.493789], [23.347748, 37.49352], [23.347296, 37.493142], [23.347284, 37.492739], [23.345392, 37.491738], [23.344916, 37.491005], [23.346234, 37.490639], [23.346197, 37.489663], [23.345673, 37.489467], [23.345392, 37.488881], [23.345904, 37.488747], [23.345355, 37.488271], [23.346014, 37.487758], [23.346014, 37.487209], [23.344354, 37.487465], [23.344037, 37.487148], [23.344903, 37.486757], [23.345074, 37.486452], [23.344025, 37.486], [23.344989, 37.485695], [23.344635, 37.48506], [23.345782, 37.484792], [23.344403, 37.483791], [23.344037, 37.483095], [23.341998, 37.481459], [23.341314, 37.480556], [23.342145, 37.479323], [23.342108, 37.478834], [23.342999, 37.478737], [23.343683, 37.478407], [23.344266, 37.477399], [23.343369, 37.476121], [23.343331, 37.475473], [23.342797, 37.474862], [23.341919, 37.473203], [23.342053, 37.472726], [23.337075, 37.471257], [23.33263, 37.470399], [23.329082, 37.467977], [23.326755, 37.467919], [23.324886, 37.46853], [23.322998, 37.46893], [23.321109, 37.468778], [23.316512, 37.468968], [23.314738, 37.469541], [23.311648, 37.469731], [23.31018, 37.470838], [23.310256, 37.472192], [23.308997, 37.473546], [23.308711, 37.474519], [23.305659, 37.47553], [23.30297, 37.475416], [23.300948, 37.474939], [23.297457, 37.475149], [23.29637, 37.475988], [23.295359, 37.477132], [23.294352, 37.47776], [23.292362, 37.478493], [23.291373, 37.478187], [23.290384, 37.47715], [23.289566, 37.475734], [23.289273, 37.473719], [23.288053, 37.471583], [23.286881, 37.470582], [23.285269, 37.469593], [23.284732, 37.469483], [23.284366, 37.469081], [23.284061, 37.46847], [23.284146, 37.467677], [23.283987, 37.467005], [23.283401, 37.467286], [23.281741, 37.467079], [23.280728, 37.466468], [23.280008, 37.465626], [23.27919, 37.464283], [23.278396, 37.463892], [23.277124, 37.462426], [23.277143, 37.460728], [23.277486, 37.45987], [23.27699, 37.457695], [23.275917, 37.454529], [23.274636, 37.451847], [23.274546, 37.448777], [23.272847, 37.447495], [23.271566, 37.445946], [23.271417, 37.445439], [23.267423, 37.443382], [23.266946, 37.441296], [23.263131, 37.438107], [23.261671, 37.434829], [23.261045, 37.431372], [23.257081, 37.428838], [23.256218, 37.42773], [23.255264, 37.425898], [23.255322, 37.424983], [23.253452, 37.424048], [23.253853, 37.422999], [23.253719, 37.42256], [23.252995, 37.421683], [23.253014, 37.420195], [23.251793, 37.419814], [23.250877, 37.419051], [23.25103, 37.418173], [23.250591, 37.417944], [23.250477, 37.417315], [23.249618, 37.416972], [23.249733, 37.415655], [23.249199, 37.415159], [23.249218, 37.41432], [23.249485, 37.413595], [23.249027, 37.413157], [23.249103, 37.412298], [23.248626, 37.411841], [23.248111, 37.410429], [23.247329, 37.409895], [23.245937, 37.407701], [23.245536, 37.406404], [23.245422, 37.403486], [23.244653, 37.40121], [23.242418, 37.398885], [23.241077, 37.397246], [23.241583, 37.395726], [23.24215, 37.393103], [23.243381, 37.389428], [23.243591, 37.385218]]}]}"
127,Elegy on tomb of Herophile at Smintheion: epitaph of Herophile at Sminthion,Elegy on tomb of Herophile at Smintheion,,Herophile,elegiac poem,lost,10.12.6,R-quotation,,"Stone sticking from the earth, where priestess sang prophecies, Delphi","{""type"": ""Point"", ""coordinates"": [22.50108, 38.48264]}"
128,Hymn to Apollo by Herophile: Herophile's self description,Hymn to Apollo by Herophile,,Herophile,hymn,lost,10.12.2,R-paraphrase,,"Stone sticking from the earth, where priestess sang prophecies, Delphi","{""type"": ""Point"", ""coordinates"": [22.50108, 38.48264]}"
129,Oracles of Herophile: Herophile's account of her divine birth,Oracles of Herophile,,Herophile,prophecy,lost,10.12.3,R-quotation,,"Stone sticking from the earth, where priestess sang prophecies, Delphi","{""type"": ""Point"", ""coordinates"": [22.50108, 38.48264]}"
130,Oracles of Herophile: Oracle of Herophile predicting Trojan War,Oracles of Herophile,,Herophile,prophecy,lost,10.12.2,R-paraphrase,,"Stone sticking from the earth, where priestess sang prophecies, Delphi","{""type"": ""Point"", ""coordinates"": [22.50108, 38.48264]}"
131,Eoaeae/Catalogue of Women fr.43 (Most) on Eteocles,Catalogue of Women,,Hesiod,epic poem,,9.34.9,R-reference,,Orchomenos (Boeotia),"{""type"": ""Point"", ""coordinates"": [22.959486, 38.495082]}"
132,Eoaeae/Catalogue of Women not listing Achilles as suitor of Helen,Catalogue of Women,,Hesiod,epic poem,lost,3.24.10,R-reference,,Tomb of Las at Arainon,"{""type"": ""Point"", ""coordinates"": [22.521276, 36.69704]}"
133,Great Eoeae fr. 190 Most on parentage of Chairon,"Great Eoeae, maybe by Hesiod",Q6808400,Hesiod,epic poem,"Phylas wedded a daughter of famous Iolaus, <br>Leipephilene, like in form to the Olympian goddesses; She bore him in the halls a son Hippotes, <br>And lovely Thero, like to the moonbeams. <br>Thero, falling into the embrace of Apollo, <br>Bore mighty Chaeron, tamer of horses.",9.40.5,R-quotation,,Chaironea (Boeotia),"{""type"": ""Point"", ""coordinates"": [22.8416, 38.4944]}"
134,Great Eoeae fr. 197a Most) on Alcathus killed by Oenomaus,"Great Eoeae, maybe by Hesiod",Q6808400,Hesiod,epic poem,,6.21.10,R-paraphrase,,Tomb of the suitors of Hippodameia,"{""type"": ""Point"", ""coordinates"": [21.671, 37.645]}"
135,Great Eoeae fr.185 Most on Mycene as daugher of Inachus and wife of Arestor,"Great Eoeae, maybe by Hesiod",Q6808400,Hesiod,epic poem,,2.16.4,R-paraphrase,,Mycenae,"{""type"": ""Point"", ""coordinates"": [22.756111, 37.730833]}"
136,Great Eoeae fr.195 Most on Hyettos,"Great Eoeae, maybe by Hesiod",Q6808400,Hesiod,epic poem,"“And Hyettus killed Molurus, the dear son of Arisbas, <br>In the halls, because of his wife's bed; <br>Leaving his home he fled from horse-breeding Argos, <br>And reached Minyan Orchomenus, and the hero <br>Welcomed him, and bestowed on him a portion of his possessions, as was fitting.”",9.36.7,R-quotation,,Orchomenos (Boeotia),"{""type"": ""Point"", ""coordinates"": [22.959486, 38.495082]}"
137,Great Eoeae fr.196 Most on Epidaurus as son of Argus,"Great Eoeae, maybe by Hesiod",Q6808400,Hesiod,epic poem,,2.26.2,R-paraphrase,,Asklepieion of Epidauros,"{""type"": ""Point"", ""coordinates"": [23.075, 37.597]}"
138,Great Eoeae on Peirene as daughter of Oebalus,"Great Eoeae, maybe by Hesiod",Q6808400,Hesiod,epic poem,,2.2.3,R-paraphrase,,Kenchreai (Korinthia),"{""type"": ""Point"", ""coordinates"": [22.9925, 37.8824]}"
139,Hesiod fr. 170 Most (Eoeae?): Hesiod makes Sicyon the son of Erechtheus,lost poems of Hesiod,,Hesiod,epic poem,,2.6.5,R-paraphrase,,Corinthia - Sikyonia border,"{""type"": ""GeometryCollection"", ""geometries"": [{""type"": ""Polygon"", ""coordinates"": [[[22.753523301404158, 37.94270323795715], [22.817206413472263, 37.94270323795715], [22.817206413472263, 37.95544470099276], [22.753523301404158, 37.95544470099276], [22.753523301404158, 37.94270323795715]]]}]}"
140,Hesiod fr. 53B Most (Eoeae?) on Asclepius as son of Arsinoe,lost poems of Hesiod,,Hesiod,epic poem,,2.26.7,R-quotation,,Asklepieion of Epidauros,"{""type"": ""Point"", ""coordinates"": [23.075, 37.597]}"
141,"Hesiod, Eoeae fr. 189B (Most): Children of Polycaon by Messene","Hesiod, Eoeae",Q1233074,Hesiod,didactic poem,"As I was extremely anxious to learn what children were born to Polycaon by Messene, I read the poem called Eoeae and the epic Naupactia, and in addition to these all the genealogies of Cinaethon and Asius. However, they made no reference to this matter, although I know that the Great Eoeae says that Polycaon, the son of Butes, married Euaichme, the daughter of Hyllus, son of Heracles, but it omits all reference to the husband of Messene and to Messene herself.",4.2.1,R-reference,https://scaife.perseus.org/reader/urn:cts:greekLit:tlg0525.tlg001.perseus-grc2:4.2.1,Choirios Nape,"{""type"": ""GeometryCollection"", ""geometries"": [{""type"": ""Polygon"", ""coordinates"": [[[22.143588429711173, 36.94888471665877], [22.18624381440418, 36.95017414417967], [22.223199270082375, 36.95378608209073], [22.248155909035262, 36.960469507191235], [22.25775393867147, 36.96224967963566], [22.262659624143453, 36.98275144390442], [22.284975814421244, 36.99240306697337], [22.277683819340496, 36.9974822900312], [22.25528655397426, 36.98707795027782], [22.249117608796496, 36.96730110791651], [22.220231007097283, 36.9612590436016], [22.193853679994135, 36.956753242978635], [22.16522532799945, 36.956871930927164], [22.14004783897485, 36.95194522129127], [22.143588429711173, 36.94888471665877]]]}]}"
142,"Hesiod, Eoeae on Iphigenia as Hecate","Hesiod, Eoeae",Q1233074,Hesiod,didactic poem,4.103,1.43.1,R-paraphrase,,hero shrine of Iphigeneia in Megara,"{""type"": ""Point"", ""coordinates"": [23.34285, 37.997]}"
143,"Hesiod, Eoeae on killing of Meleager by Apollo","Hesiod, Eoeae",Q1233074,Hesiod,didactic poem,lost,10.31.3,R-paraphrase,,Lesche of the Knidians,"{""type"": ""Point"", ""coordinates"": [22.5011, 38.48304]}"
144,"Hesiod, Eoeae on Phaethon the son of Cephalus and Hemera","Hesiod, Eoeae",Q1233074,Hesiod,didactic poem,lost,1.3.1,R-paraphrase,,Royal Stoa (Athens Agora),"{""type"": ""Point"", ""coordinates"": [23.722336, 37.976123]}"
145,"Hesiod, lost, on plotting mischief",lost poems of Hesiod,,Hesiod,epic poem,,2.9.5,R-paraphrase,,Heroon of Aratos at Sikyon,"{""type"": ""Point"", ""coordinates"": [22.7145, 37.9834]}"
146,"Hesiod, Theogony 116 on Chaos as firstborn","Hesiod, Theogony",Q156498,Hesiod,didactic poem,"Verily at the first Chaos came to be, but next wide-bosomed Earth, the ever-sure foundations of all the deathless ones who hold the peaks of snowy Olympus, and dim Tartarus in the depth of the wide-pathed Earth, and Eros (Love), fairest among the deathless gods, who unnerves the limbs and overcomes the mind and wise counsels of all gods and all men within them. From Chaos came forth Erebus and black Night; but of Night were born Aether and Day, whom she conceived and bare from union in love with Erebus. And Earth first bare starry Heaven, equal to herself, to cover her on every side, and to be an ever-sure abiding-place for the blessed gods. And she brought forth the long Ourea (Mountains), graceful haunts of the goddess-Nymphs who dwell amongst the glens of the mountains. She bare also the fruitless deep with his raging swell, Pontus, without sweet union of love.",9.27.2,R-paraphrase,https://scaife.perseus.org/reader/urn:cts:greekLit:tlg0020.tlg001.perseus-grc2:115-135,sanctuary of Eros at Thespiai,"{""type"": ""Point"", ""coordinates"": [23.154521, 38.293384]}"
147,"Hesiod, Theogony 185 using the name Erinyes","Hesiod, Theogony",Q156498,Hesiod,didactic poem,"And Heaven came, bringing on night and longing for love, and he lay about Earth spreading himself full upon her. Then the son from his ambush stretched forth his left hand and in his right took the great long sickle with jagged teeth, and swiftly lopped off his own father's members and cast them away to fall behind him. And not vainly did they fall from his hand; for all the bloody drops that gushed forth Earth received, and as the seasons moved round she bare the strong Erinyes and the great Giants with gleaming armour, holding long spears in their hands and the Nymphs whom they call Meliae all over the boundless earth.",1.28.6,R-reference,https://scaife.perseus.org/reader/urn:cts:greekLit:tlg0020.tlg001.perseus-eng2:175-200,Semnai Theai shrine at the Areius Pagus,"{""type"": ""Point"", ""coordinates"": [23.72372, 37.97242]}"
148,"Hesiod, Theogony 383-404, on Styx as daughter of Ocean and wife of Pallas","Hesiod, Theogony",Q156498,Hesiod,didactic poem,"And Styx the daughter of Ocean was joined to Pallas and bare Zelus (Emulation) and trim-ankled Nike (Victory) in the house. Also she brought forth Cratos (Strength) and Bia (Force), wonderful children. These have no house apart from Zeus, nor any dwelling nor path except that wherein God leads them, but they dwell always with Zeus the loud-thunderer. For so did Styx the deathless daughter of Ocean plan on that day when the Olympian Asteropetes (Lightener) called all the deathless gods to great Olympus, and said that whosoever of the gods would fight with him against the Titans, he would not cast him out from his rights, but each should have the office which he had before amongst the deathless gods. And he declared that he who was without office and rights as is just. So deathless Styx came first to Olympus with her children through the wit of her dear father. And Zeus honoured her, and gave her very great gifts, for her he appointed to be the great oath of the gods, and her children to live with him always. And as he promised, so he performed fully unto them all. But he himself mightily reigns and rules.",8.18.1,R-paraphrase,https://scaife.perseus.org/reader/urn:cts:greekLit:tlg0020.tlg001.perseus-grc2:386-403,Styx river (Achaia),"{""type"": ""Point"", ""coordinates"": [22.21, 37.98]}"
149,"Hesiod, Theogony 901 on Horai as daughters of Zeus","Hesiod, Theogony",Q156498,Hesiod,didactic poem,"Next he married bright Themis who bore the Horae (Hours), and Eunomia (Order), Dikë (Justice), and blooming Eirene (Peace), who mind the works of mortal men, and the Moerae (Fates) to whom wise Zeus gave the greatest honor,",5.11.7,R-reference,https://scaife.perseus.org/reader/urn:cts:greekLit:tlg0020.tlg001.perseus-eng2:901-905?q=901&qk=form&right=perseus-grc2,Temple of Zeus at Olympia,"{""type"": ""Point"", ""coordinates"": [21.63042, 37.63794]}"
150,"Hesiod, Theogony 907 on the Graces as daughters of Zeus and Eurynome","Hesiod, Theogony",Q156498,Hesiod,didactic poem,"And Eurynome, the daughter of Ocean, beautiful in form, bare him three fair-cheeked Charites (Graces), Aglaea, and Euphrosyne, and lovely Thaleia, from whose eyes as they glanced flowed love that unnerves the limbs: and beautiful is their glance beneath their brows.",9.35.5,R-paraphrase,https://scaife.perseus.org/reader/urn:cts:greekLit:tlg0020.tlg001.perseus-grc2:900-915,Orchomenos (Boeotia),"{""type"": ""Point"", ""coordinates"": [22.959486, 38.495082]}"
151,"Hesiod, Theogony 984-991 on Phaethon (Ehoiai mentioned by Pausanias but passage appears in Theogony))","Hesiod, Theogony",Q156498,Hesiod,didactic poem,"And Eos bore to Tithonus brazen-crested Memnon, king of the Ethiopians, and the Lord Emathion. And to Cephalus she bore a splendid son, strong Phaethon, a man like the gods, whom, when he was a young boy in the tender flower of glorious youth with childish thoughts, laughter-loving Aphrodite seized and caught up and made a keeper of her shrine by night, a divine spirit.",1.3.1,R-paraphrase,https://scaife.perseus.org/reader/urn:cts:greekLit:tlg0020.tlg001.perseus-grc2:984-991/,Royal Stoa (Athens Agora),"{""type"": ""Point"", ""coordinates"": [23.722336, 37.976123]}"
152,"Hesiod, Works and Days 11, Boeotian version beginning with Strifes","Hesiod, Works and Days",Q667285,Hesiod,didactic poem,"So, after all, there was not one kind of Strife alone, but all over the earth there are two. As for the one, a man would praise her when he came to understand her; but the other is blameworthy: and they are wholly different in nature. For one fosters evil war and battle, being cruel: her no man loves; but perforce, through the will of the deathless gods, men pay harsh Strife her honour due. But the other is the elder daughter of dark Night, and the son of Cronos who sits above and dwells in the aether, set her in the roots of the earth: and she is far kinder to men. She stirs up even the shiftless to toil; for a man grows eager to work when he considers his neighbour, a rich man who hastens to plough and plant and put his house in good order; and neighbour vies with is neighbour as he hurries after wealth. This Strife is wholesome for men. And potter is angry with potter, and craftsman with craftsman, and beggar is jealous of beggar, and minstrel of minstrel.",9.31.4,R-paraphrase,https://scaife.perseus.org/reader/urn:cts:greekLit:tlg0020.tlg002.perseus-eng2:10-60,Grove of the Muses on Mt. Helikon,"{""type"": ""Point"", ""coordinates"": [23.0587, 38.3208]}"
153,"Hesiod, Works and Days 60 - 105 on Pandora as first woman","Hesiod, Works and Days",Q667285,Hesiod,didactic poem,"So said the father of men and gods, and laughed aloud. And he bade famous Hephaestus make haste and mix earth with water and to put in it the voice and strength of human kind, and fashion a sweet, lovely maiden-shape, like to the immortal goddesses in face; and Athene to teach her needlework and the weaving of the varied web; and golden Aphrodite to shed grace upon her head and cruel longing and cares that weary the limbs. And he charged Hermes the guide, the Slayer of Argus, to put in her a shameless mind and a deceitful nature. So he ordered. And they obeyed the lord Zeus the son of Cronos. Forthwith the famous Lame God moulded clay in the likeness of a modest maid, as the son of Cronos purposed. And the goddess bright-eyed Athene girded and clothed her, and the divine Graces and queenly Persuasion put necklaces of gold upon her, and the rich-haired Horae crowned her head with spring flowers. And Pallas Athene bedecked her form with all manners of finery. Also the Guide, the Slayer of Argus, contrived within her lies and crafty words and a deceitful nature at the will of loud thundering Zeus, and the Herald of the gods put speech in her. And he called this woman Pandora (All Endowed), because all they who dwelt on Olympus gave each a gift, a plague to men who eat bread.But when he had finished the sheer, hopeless snare, the Father sent glorious Argus-Slayer, the swift messenger of the gods, to take it to Epimetheus as a gift. And Epimetheus did not think on what Prometheus had said to him, bidding him never take a gift of Olympian Zeus, but to send it back for fear it might prove to be something harmful to men. But he took the gift, and afterwards, when the evil thing was already his, he understood. For ere this the tribes of men lived on earth remote and free from ills and hard toil and heavy sicknesses which bring the Fates upon men; for in misery men grow old quickly. But the woman took off the great lid of the jar[*] with her hands
and scattered, all these and her thought caused sorrow and mischief to men. Only Hope remained there in an unbreakable home within under the rim of the great jar, and did not fly out at the door; for ere that, the lid of the jar stopped her, by the will of Aegis-holding Zeus who gathers the clouds. But the rest, countless plagues, wander amongst men; for earth is full of evils, and the sea is full. Of themselves diseases come upon men continually by day and by night, bringing mischief to mortals silently; for wise Zeus took away speech from them.",1.24.7,R-reference,https://scaife.perseus.org/reader/urn:cts:greekLit:tlg0020.tlg002.perseus-eng2:55-105,Parthenon of Athens,"{""type"": ""Point"", ""coordinates"": [23.72658434, 37.97155767]}"
154,"Mantica ascribed to Hesiod on interpretation of omens, read by Pausanias",Mantica ascribed to Hesiod,,Hesiod,didactic poem,lost,9.31.5,R-reference,,Grove of the Muses on Mt. Helikon,"{""type"": ""Point"", ""coordinates"": [23.0587, 38.3208]}"
155,"Hesiod, Theogony  776, 785 on Styx as daughter of Ocean and wife of Pallas","Hesiod, Theogony",Q156498,Hesiod,didactic poem,"And there dwells the goddess loathed by the deathless gods, terrible Styx, eldest daughter of backflowing[*]Ocean. She lives apart from the gods in her glorious house vaulted over with great rocks and propped up to heaven all round with silver pillars.
Rarely does the daughter of Thaumas, swift-footed Iris, come to her with a message over the sea's wide back. But when strife and quarrel arise among the deathless gods, and when any one of them who live in the house of Olympus lies, then Zeus sends Iris to bring in a golden jug the great oath of the gods
from far away, the famous cold water which trickles down from a high and beetling rock. Far under the wide-pathed earth a branch of Oceanus flows through the dark night out of the holy stream, and a tenth part of his water is allotted to her.
With nine silver-swirling streams he winds about the earth and the sea's wide back, and then falls into the main[*]; but the tenth flows out from a rock, a sore trouble to the gods. For whoever of the deathless gods that hold the peaks of snowy Olympus pours a libation of her water and is forsworn,
must lie breathless until a full year is completed, and never come near to taste ambrosia and nectar, but lie spiritless and voiceless on a strewn bed: and a heavy trance overshadows him. But when he has spent a long year in his sickness,
another penance more hard follows after the first. For nine years he is cut off from the eternal gods and never joins their councils or their feasts, nine full years. But in the tenth year he comes again to join the assemblies of the deathless gods who live in the house of Olympus.",8.18.1,R-reference,https://scaife.perseus.org/reader/urn:cts:greekLit:tlg0020.tlg001.perseus-eng2:775-800,Styx river (Achaia),"{""type"": ""Point"", ""coordinates"": [22.21, 37.98]}"
156,Hieronymus of Cardia on Lysimachus' despoiling Epeirot graves,histories of Hieronymus of Cardia,,Hieronymus of Cardia,history,lost,1.9.8,R-paraphrase,,Odeion of Agrippa (Athens Agora),"{""type"": ""Point"", ""coordinates"": [23.723135000000003, 37.975124]}"
157,"Hieronymus of Cardia, Histories on the death of Pyrrhus",histories of Hieronymus of Cardia,,Hieronymus of Cardia,history,,1.13.9,R-reference,,Odeion of Agrippa (Athens Agora),"{""type"": ""Point"", ""coordinates"": [23.723135000000003, 37.975124]}"
158,Elegy by Hippias on memorial of the Messenians,Elegy by Hippias on memorial of the Messenians,,Hippias,elegiac poem,,5.25.4,R-reference,,,
159,"Homer, Iliad 13.610-655 on bronze axe of Peisander and bronze arrow of Meriones",Homer's Iliad,Q8275,Homer,epic poem,"But the son of Atreus drew his silver-studded sword, and leapt upon Peisander; and he from beneath his shield grasped a goodly axe of fine bronze, set on a haft of olive-wood, long and well-polished; and at the one moment they set each upon the other. Peisander verily smote Menelaus upon the horn of his helmet with crest of horse-hair —on the topmost part beneath the very plume; but Menelaus smote him as he came against him, on the forehead above the base of the nose; and the bones crashed loudly, and the two eyeballs, all bloody, fell before his feet in the dust, and he bowed and fell; and Menelaus set his foot upon his breast, and despoiled him of his arms, and exulted, saying: “ln such wise of a surety shall ye leave the ships of the Danaans, drivers of swift horses, ye overweening Trojans, insatiate of the dread din of battle. Aye, and of other despite and shame lack ye naught, wherewith ye have done despite unto me, ye evil dogs,1 and had no fear at heart of the grievous wrath of Zeus, that thundereth aloud, the god of hospitality, who shall some day destroy your high city. For ye bare forth wantonly over sea my wedded wife and therewithal much treasure, when it was with her that ye had found entertainment; and now again ye are full fain to fling consuming fire on the sea-faring ships, and to slay the Achaean warriors. Nay, but ye shall be stayed from your fighting, how eager soever ye be! Father Zeus, in sooth men say that in wisdom thou art above all others, both men and gods, yet it is from thee that all these things come; in such wise now dost thou shew favour to men of wantonness, even the Trojans, whose might is always froward,nor can they ever have their fill of the din of evil war. Of all things is there satiety, of sleep, and love, and of sweet song, and the goodly dance; of these things verily a man would rather have his fill than of war; but the Trojans are insatiate of battle.”
With this peerless Menelaus stripped from the body the bloody armour and gave it to his comrades, and himself went back again, and mingled with the foremost fighters. Then there leapt forth against him the son of king Pylaemenes, even Harpalion, that followed his dear father to Troy unto the war, but came not back again to his dear native land. He then thrust with his spear full upon the shield of the son of Atreus, from nigh at hand, yet availed not to drive the bronze clean through, and back he shrank into the throng of his comrades, avoiding fate, glancing warily on every side, lest some man should wound his flesh with the bronze. But as he drew back, Meriones let fly at him a bronze-tipped arrow, and smote him on the right buttock, and the arrow passed clean through even to the bladder beneath the bone. And sitting down where he was in the arms of his dear comrades he breathed forth his life, and lay stretched out like a worm on the earth; and the black blood flowed forth and wetted the ground.",3.3.8,R-reference,https://www.perseus.tufts.edu/hopper/text?doc=Hom.+Il.+13.610&fromdoc=Perseus%3Atext%3A1999.01.0134,Argolid - Lakonia border at the Hermai,"{""type"": ""GeometryCollection"", ""geometries"": [{""type"": ""Polygon"", ""coordinates"": [[[22.527643966812064, 37.31460354773594], [22.53453084312804, 37.3070246533447], [22.538351342393554, 37.307297362478295], [22.530631002613234, 37.3160985404418], [22.527643966812064, 37.31460354773594]]]}]}"
160,"Homer, Catalogue 2.498 on Graia/Tanagra",Homer's Ship Catalogue (Iliad Book 2),Q1233048,Homer,epic poem,"and Arcesilaus and Prothoenor and Clonius; these were they that dwelt in Hyria and rocky Aulis and Schoenus and Scolus and Eteonus with its many ridges, Thespeia, Graea, and spacious Mycalessus; and that dwelt about Harma and Eilesium and Erythrae;",9.20.2,R-quotation,https://scaife.perseus.org/reader/urn:cts:greekLit:tlg0012.tlg001.perseus-grc2:2.495-2.505,Tanagra (Boeotia),"{""type"": ""Point"", ""coordinates"": [23.5841, 38.3074]}"
161,"Homer, Iliad Catalogue 2.519 naming Delphi as Pytho",Homer's Ship Catalogue (Iliad Book 2),Q1233048,Homer,epic poem,"And of the Phocians Schedius and Epistrophus were captains, sons of great-souled Iphitus, son of Naubolus; these were they that held Cyparissus and rocky Pytho, and sacred Crisa and Daulis and Panopeus;",10.6.5,R-reference,https://scaife.perseus.org/reader/urn:cts:greekLit:tlg0012.tlg001.perseus-eng3:2.511,Entry to Delphi from Chaironea road,"{""type"": ""GeometryCollection"", ""geometries"": [{""type"": ""Polygon"", ""coordinates"": [[[22.50908625671846, 38.4807561049775], [22.508670068724086, 38.47934011797474], [22.509390394099455, 38.47916468402025], [22.509790574863842, 38.48064332827158], [22.50908625671846, 38.4807561049775]]]}]}"
162,"Homer, Iliad Catalogue 2.519 on Kyparissos",Homer's Ship Catalogue (Iliad Book 2),Q1233048,Homer,epic poem,"for he lay with her in secret. And with these were ranged thirty hollow ships. And of the Phocians Schedius and Epistrophus were captains, sons of great-souled Iphitus, son of Naubolus; these were they that held Cyparissus and rocky Pytho,and sacred Crisa and Daulis and Panopeus; and that dwelt about Anemoreia and Hyampolis, and that lived beside the goodly river Cephisus, and that held Lilaea by the springs of Cephisus. With these followed forty black ships.",10.36.5,R-reference,https://scaife.perseus.org/reader/urn:cts:greekLit:tlg0012.tlg001.perseus-eng3:2.511,sanctuary of Artemis Diktynnaia near Ambrossos,"{""type"": ""Point"", ""coordinates"": [22.6555, 38.4156]}"
163,"Homer, Catalogue 2.519-523 as source for names of Phocian cities",Homer's Ship Catalogue (Iliad Book 2),Q1233048,Homer,epic poem,"And of the Phocians Schedius and Epistrophus were captains, sons of great-souled Iphitus, son of Naubolus; these were they that held Cyparissus and rocky Pytho, and sacred Crisa and Daulis and Panopeus; and that dwelt about Anemoreia and Hyampolis, and that lived beside the goodly river Cephisus, and that held Lilaea by the springs of Cephisus. With these followed forty black ships.",10.3.1,R-reference,https://scaife.perseus.org/reader/urn:cts:greekLit:tlg0012.tlg001.perseus-eng3:2.459-2.511,border Boiotia - Phokis at Chaironea,"{""type"": ""GeometryCollection"", ""geometries"": [{""type"": ""Polygon"", ""coordinates"": [[[22.816987932397836, 38.504250343320365], [22.8182268893938, 38.49955405008339], [22.822928938451724, 38.50072097458943], [22.8210186478411, 38.504983837002214], [22.816987932397836, 38.504250343320365]]]}]}"
164,"Homer, Iliad Catalogue 2.560 on Diomedes as commander of the Troezenians",Homer's Ship Catalogue (Iliad Book 2),Q1233048,Homer,epic poem,"And they that held Argos and Tiryns, famed for its walls,<br>§ 2.560  and Hermione and Asine, that enfold the deep gulf, Troezen and Eionae and vine-clad Epidaurus, and the youths of the Achaeans that held Aegina and Mases,—these again had as leaders Diomedes, good at the war-cry, and Sthenelus, dear son of glorious Capaneus.",2.30.10,R-paraphrase,https://scaife.perseus.org/reader/urn:cts:greekLit:tlg0012.tlg001.perseus-grc2:2.560-2.568/,Troizenia Bk2,"{""type"": ""GeometryCollection"", ""geometries"": [{""type"": ""Polygon"", ""coordinates"": [[[23.19780778006509, 37.59809828850378], [23.163184886839673, 37.5384304367699], [23.178660270932284, 37.52491017417141], [23.282791245253804, 37.49203531759909], [23.350466377566704, 37.46200132121156], [23.344022835271062, 37.41288108636306], [23.417669773540837, 37.40313109413597], [23.574036098997823, 37.43534362846478], [23.535611609465747, 37.52554963514315], [23.38557373910379, 37.65854638850779], [23.19780778006509, 37.59809828850378]]]}]}"
165,"Homer, Iliad Catalogue 2.563 on Mases as city",Homer's Ship Catalogue (Iliad Book 2),Q1233048,Homer,epic poem,"and Hermione and Asine, that enfold the deep gulf, Troezen and Eionae and vine-clad Epidaurus, and the youths of the Achaeans that held Aegina and Mases,—these again had as leaders Diomedes, good at the war-cry, and Sthenelus, dear son of glorious Capaneus.",2.36.2,R-paraphrase,https://scaife.perseus.org/reader/urn:cts:greekLit:tlg0012.tlg001.perseus-grc2:2.562/,Kokkygion mountain,"{""type"": ""Point"", ""coordinates"": [23.2236, 37.3888]}"
166,"Homer, Iliad Catalogue 2.569-580 on Orneae and Araethyrea among Agammemnon's subjects",Homer's Ship Catalogue (Iliad Book 2),Q1233048,Homer,epic poem,"And with them came a third, Euryalus, a godlike warrior, son of king Mecisteus, son of Talaus; but leader over them all was Diomedes, good at the war-cry. And with these there followed eighty black ships. And they that held Mycenae, the well-built citadel, and wealthy Corinth, and well-built Cleonae, and dwelt in Orneiae and lovely Araethyrea and Sicyon, wherein at the first Adrastus was king; and they that held Hyperesia and steep Gonoessa and Pellene,",2.12.5,R-quotation,https://scaife.perseus.org/reader/urn:cts:greekLit:tlg0012.tlg001.perseus-eng3:2.546-2.581,Phlious,"{""type"": ""Point"", ""coordinates"": [22.649131, 37.846299]}"
167,"Homer, Iliad Catalogue 2.571 leaves out Lyrcea in the Ship Catalogue, mentions Orneae",Homer's Ship Catalogue (Iliad Book 2),Q1233048,Homer,epic poem,"and wealthy Corinth, and well-built Cleonae, and dwelt in Orneiae and lovely Araethyrea and Sicyon, wherein at the first Adrastus was king; and they that held Hyperesia and steep Gonoessa and Pellene,",2.25.5,R-paraphrase,https://scaife.perseus.org/reader/urn:cts:greekLit:tlg0012.tlg001.perseus-grc2:2.570-2.575/,Lyrkeia,"{""type"": ""Point"", ""coordinates"": [22.631257, 37.692676]}"
168,"Homer, Iliad Catalogue 2.574 on Hyperesia as earlier name of Aigeira",Homer's Ship Catalogue (Iliad Book 2),Q1233048,Homer,epic poem,"and wealthy Corinth, and well-built Cleonae, and dwelt in Orneiae and lovely Araethyrea and Sicyon, wherein at the first Adrastus was king; and they that held Hyperesia and steep Gonoessa and Pellene,and that dwelt about Aegium and throughout all Aegialus, and about broad Helice,",7.26.2,R-paraphrase,https://scaife.perseus.org/reader/urn:cts:greekLit:tlg0012.tlg001.perseus-eng3:2.546-2.581,Aigeira (Achaia),"{""type"": ""Point"", ""coordinates"": [22.3777, 38.1286]}"
169,"Homer, Iliad Catalogue 2.574: Homer's Ship Catalog mentioning Donoessa/Gonoessa",Homer's Ship Catalogue (Iliad Book 2),Q1233048,Homer,epic poem,"and wealthy Corinth, and well-built Cleonae, and dwelt in Orneiae and lovely Araethyrea and Sicyon, wherein at the first Adrastus was king; and they that held Hyperesia and steep Gonoessa and Pellene,and that dwelt about Aegium and throughout all Aegialus, and about broad Helice,",7.26.13,R-quotation,https://scaife.perseus.org/reader/urn:cts:greekLit:tlg0012.tlg001.perseus-eng3:2.546-2.581,"road port of the Aigeiratai to Aristonautai, 120 stades","{""type"": ""GeometryCollection"", ""geometries"": [{""type"": ""LineString"", ""coordinates"": [[22.355316744116493, 38.14892582708933], [22.374218656725873, 38.14172678763529], [22.389530623170145, 38.135073488446835], [22.414620471975752, 38.12852268904018], [22.432256090989455, 38.13428101338792], [22.455109410054007, 38.127109914822455], [22.493587084530986, 38.132843558419694], [22.54163559432473, 38.1036882043949], [22.621924781721646, 38.078416436290155]]}]}"
170,"Homer, Iliad Catalogue 2.575 on Helike and Aigialeus",Homer's Ship Catalogue (Iliad Book 2),Q1233048,Homer,epic poem,"and wealthy Corinth, and well-built Cleonae, and dwelt in Orneiae and lovely Araethyrea and Sicyon, wherein at the first Adrastus was king; and they that held Hyperesia and steep Gonoessa and Pellene, and that dwelt about Aegium and throughout all Aegialus, and about broad Helice,—of these was the son of Atreus, lord Agamemnon, captain, with an hundred ships. With him followed most people by far and goodliest; and among them he himself did on his gleaming bronze, a king all-glorious, and was pre-eminent among all the warriors, for that he was noblest, and led a people far the most in number.",7.1.4,R-quotation,https://scaife.perseus.org/reader/urn:cts:greekLit:tlg0012.tlg001.perseus-grc2:2.575?right=perseus-eng3,Eleia - Achaia border at Larisos river,"{""type"": ""GeometryCollection"", ""geometries"": [{""type"": ""Polygon"", ""coordinates"": [[[21.417484105225526, 38.10291174798513], [21.42525995805383, 38.09244438760399], [21.429829800275428, 38.095387083549724], [21.42206202659756, 38.10509343476093], [21.417484105225526, 38.10291174798513]]]}]}"
171,"Homer, Ιliad Catalogue 2.583 on Pharis or Pharae",Homer's Ship Catalogue (Iliad Book 2),Q1233048,Homer,epic poem,"for that he was noblest, and led a people far the most in number. And they that held the hollow land of Lacedaemon with its many ravines, and Pharis and Sparta and Messe, the haunt of doves, and that dwelt in Bryseiae and lovely Augeiae, and that held Amyclae and Helus, a citadel hard by the sea, and that held Laas, and dwelt about Oetylus,—these were led by Agamemnon's brother, even Menelaus, good at the war-cry, with sixty ships; and they were marshalled apart.",4.16.8,R-paraphrase,https://scaife.perseus.org/reader/urn:cts:greekLit:tlg0012.tlg001.perseus-eng3:2.546-2.581,Choirios Nape,"{""type"": ""GeometryCollection"", ""geometries"": [{""type"": ""Polygon"", ""coordinates"": [[[22.143588429711173, 36.94888471665877], [22.18624381440418, 36.95017414417967], [22.223199270082375, 36.95378608209073], [22.248155909035262, 36.960469507191235], [22.25775393867147, 36.96224967963566], [22.262659624143453, 36.98275144390442], [22.284975814421244, 36.99240306697337], [22.277683819340496, 36.9974822900312], [22.25528655397426, 36.98707795027782], [22.249117608796496, 36.96730110791651], [22.220231007097283, 36.9612590436016], [22.193853679994135, 36.956753242978635], [22.16522532799945, 36.956871930927164], [22.14004783897485, 36.95194522129127], [22.143588429711173, 36.94888471665877]]]}]}"
172,"Homer, Iliad Catalogue 2.584 on Helos",Homer's Ship Catalogue (Iliad Book 2),Q1233048,Homer,epic poem,"for that he was noblest, and led a people far the most in number. And they that held the hollow land of Lacedaemon with its many ravines, and Pharis and Sparta and Messe, the haunt of doves, and that dwelt in Bryseiae and lovely Augeiae, and that held Amyclae and Helus, a citadel hard by the sea, and that held Laas, and dwelt about Oetylus,—these were led by Agamemnon's brother, even Menelaus, good at the war-cry, with sixty ships; and they were marshalled apart. And himself he moved among them, confident in his zeal, urging his men to battle;",3.20.6,R-quotation,https://scaife.perseus.org/reader/urn:cts:greekLit:tlg0012.tlg001.perseus-grc2:2.580-2.590,"Eleusinian Demeter sanctuary on Taygetus, Lakonia","{""type"": ""Point"", ""coordinates"": [22.41979, 37.01384]}"
173,"Homer, Iliad Catalogue 2.592 on Pylos and other cities but not Messene",Homer's Ship Catalogue (Iliad Book 2),Q1233048,Homer,epic poem,"to get him requital for his strivings and groanings for Helen's sake. And they that dwelt in Pylos and lovely Arene and Thryum, the ford of Alpheius, and fair-founded Aepy, and that had their abodes in Cyparisseis and Amphigeneia and Pteleos and Helus and Dorium,where the Muses met Thamyris the Thracian and made an end of his singing, even as he was journeying from Oechalia, from the house of Eurytus the Oechalian: for he vaunted with boasting that he would conquer, were the Muses themselves to sing against him, the daughters of Zeus that beareth the aegis; but they in their wrath maimed him, and took from him his wondrous song, and made him forget his minstrelsy;—all these folk again had as leader the horseman, Nestor of Gerenia.",4.1.3,R-paraphrase,https://scaife.perseus.org/reader/urn:cts:greekLit:tlg0012.tlg002.perseus-grc2:11.620-11.626/,Choirios Nape,"{""type"": ""GeometryCollection"", ""geometries"": [{""type"": ""Polygon"", ""coordinates"": [[[22.143588429711173, 36.94888471665877], [22.18624381440418, 36.95017414417967], [22.223199270082375, 36.95378608209073], [22.248155909035262, 36.960469507191235], [22.25775393867147, 36.96224967963566], [22.262659624143453, 36.98275144390442], [22.284975814421244, 36.99240306697337], [22.277683819340496, 36.9974822900312], [22.25528655397426, 36.98707795027782], [22.249117608796496, 36.96730110791651], [22.220231007097283, 36.9612590436016], [22.193853679994135, 36.956753242978635], [22.16522532799945, 36.956871930927164], [22.14004783897485, 36.95194522129127], [22.143588429711173, 36.94888471665877]]]}]}"
174,"Homer, Iliad Catalogue 2.602 on Phliasians not listed with the Arcadians",Homer's Ship Catalogue (Iliad Book 2),Q1233048,Homer,epic poem,"And they that held Arcadia beneath the steep mountain of Cyllene, beside the tomb of Aepytus, where are warriors that fight in close combat; and they that dwelt in Pheneos and Orchomenus, rich in flocks, and Rhipe and Stratia and wind-swept Enispe; and that held Tegea and lovely Mantineia; and that held Stymphalus and dwelt in Parrhasia, —all these were led by the son of Ancaeus, Lord Agapenor, with sixty ships; and on each ship embarked full many Arcadian warriors well-skilled in fight. For of himself had the king of men, Agamemnon, given them benched ships wherewith to cross over the wine-dark sea, even the son of Atreus, for with matters of seafaring had they naught to do.",2.12.3,R-paraphrase,https://scaife.perseus.org/reader/urn:cts:greekLit:tlg0012.tlg001.perseus-eng3:2.581-2.615,straight road Sikyon to Phlious,"{""type"": ""LineString"", ""coordinates"": [[22.726396, 37.982321], [22.725522, 37.980813], [22.726492, 37.978791], [22.725143, 37.977837], [22.722838, 37.975635], [22.722692, 37.975022], [22.721875, 37.974774], [22.717733, 37.972515], [22.71467, 37.972355], [22.709941, 37.972698], [22.706137, 37.972176], [22.703123, 37.972236], [22.701318, 37.972042], [22.696395, 37.968804], [22.693337, 37.969252], [22.691337, 37.969864], [22.69004, 37.96967], [22.689204, 37.969878], [22.688548, 37.96958], [22.686907, 37.969341], [22.685027, 37.967984], [22.684907, 37.967506], [22.682729, 37.965283], [22.682297, 37.964418], [22.681387, 37.963598], [22.681208, 37.962971], [22.679179, 37.96233], [22.678209, 37.960733], [22.677642, 37.960241], [22.677791, 37.959823], [22.678761, 37.959346], [22.679283, 37.9586], [22.678492, 37.956909], [22.678291, 37.954856], [22.678014, 37.953768], [22.678654, 37.953233], [22.67885, 37.952424], [22.679582, 37.952304], [22.680357, 37.951528], [22.680715, 37.950947], [22.680924, 37.950081], [22.681519, 37.94971], [22.68149, 37.949147], [22.68086, 37.948622], [22.681089, 37.947275], [22.681815, 37.94507], [22.681289, 37.94464], [22.679914, 37.944249], [22.678664, 37.943552], [22.678473, 37.942902], [22.676687, 37.941604], [22.67537, 37.939704], [22.670598, 37.938412], [22.669432, 37.936944], [22.666705, 37.935778], [22.663979, 37.935006], [22.663721, 37.93324], [22.662795, 37.932333], [22.658422, 37.930538], [22.657601, 37.929325], [22.656771, 37.9273], [22.656711, 37.926569], [22.656995, 37.925615], [22.657189, 37.923929], [22.656457, 37.923183], [22.655756, 37.922139], [22.655577, 37.921273], [22.65592, 37.920139], [22.655935, 37.919364], [22.655339, 37.918767], [22.654622, 37.91735], [22.654787, 37.916305], [22.654533, 37.914843], [22.654682, 37.91186], [22.65513, 37.910875], [22.655428, 37.908682], [22.655354, 37.907503], [22.655518, 37.905847], [22.654891, 37.904549], [22.654115, 37.90446], [22.652519, 37.90252], [22.651504, 37.900477], [22.651504, 37.900477], [22.649207, 37.898492], [22.648625, 37.896807], [22.648103, 37.896165], [22.64779, 37.894181], [22.648297, 37.892227], [22.648625, 37.891898], [22.649058, 37.88972], [22.649416, 37.889168], [22.651415, 37.88887], [22.651576, 37.888178], [22.651343, 37.887106], [22.650667, 37.886593], [22.65104, 37.884378], [22.650644, 37.882117], [22.651273, 37.881278], [22.652042, 37.879157], [22.652532, 37.875987], [22.653814, 37.874518], [22.653255, 37.873702], [22.652252, 37.873119], [22.652066, 37.871628], [22.65153, 37.870882], [22.651343, 37.869227], [22.650737, 37.868597], [22.650947, 37.867268], [22.650667, 37.866756], [22.650201, 37.866429], [22.650084, 37.86594], [22.650364, 37.865334], [22.649455, 37.864028], [22.648499, 37.863679], [22.648313, 37.862746], [22.647241, 37.860648], [22.645143, 37.858317], [22.644863, 37.856103], [22.6447, 37.850159], [22.645585, 37.846779]]}"
175,"Homer, Iliad Catalogue 2.603-614 on Arcadians in borrowed ships",Homer's Ship Catalogue (Iliad Book 2),Q1233048,Homer,epic poem,"and they that dwelt in Pheneos and Orchomenus, rich in flocks, and Rhipe and Stratia and wind-swept Enispe; and that held Tegea and lovely Mantineia; and that held Stymphalus and dwelt in Parrhasia, —all these were led by the son of Ancaeus, Lord Agapenor, with sixty ships; and on each ship embarked full many Arcadian warriors well-skilled in fight. For of himself had the king of men, Agamemnon, given them benched ships wherewith to cross over the wine-dark sea, even the son of Atreus, for with matters of seafaring had they naught to do.",8.1.3,R-paraphrase,https://scaife.perseus.org/reader/urn:cts:greekLit:tlg0012.tlg001.perseus-grc2:2.605-2.615?right=perseus-eng3,Argolid - Arkadia border near Mt. Artemision,"{""type"": ""GeometryCollection"", ""geometries"": [{""type"": ""Polygon"", ""coordinates"": [[[22.475774354441114, 37.654310963973046], [22.507440284004105, 37.571411550419754], [22.521537982781183, 37.57134643717862], [22.488651704535528, 37.65540068883523], [22.475774354441114, 37.654310963973046]]]}]}"
176,"Homer, Iliad Catalogue 2.604 on tomb of Aepytus",Homer's Ship Catalogue (Iliad Book 2),Q1233048,Homer,epic poem,"and took from him his wondrous song, and made him forget his minstrelsy;—all these folk again had as leader the horseman, Nestor of Gerenia. And with him were ranged ninety hollow ships. And they that held Arcadia beneath the steep mountain of Cyllene, beside the tomb of Aepytus, where are warriors that fight in close combat; and they that dwelt in Pheneos and Orchomenus, rich in flocks,",8.16.3,R-paraphrase,https://scaife.perseus.org/reader/urn:cts:greekLit:tlg0012.tlg001.perseus-grc2:2.604-2.610/?right=perseus-eng3,Tomb of Aipytos on Mt. Sepia,"{""type"": ""Point"", ""coordinates"": [22.396, 37.86]}"
177,"Homer, Iliad Catalogue 2.606: Enispe, Stratie, and Rhipe inhabitable islands in Ladon",Homer's Iliad,Q8275,Homer,epic poem,"and they that dwelt in Pheneos and Orchomenus, rich in flocks, and Rhipe and Stratia and wind-swept Enispe; and that held Tegea and lovely Mantineia; and that held Stymphalus and dwelt in Parrhasia, —all these were led by the son of Ancaeus, Lord Agapenor,with sixty ships; and on each ship embarked full many Arcadian warriors well-skilled in fight.",8.25.12,D-hodology,https://scaife.perseus.org/reader/urn:cts:greekLit:tlg0012.tlg001.perseus-eng3:2.581-2.615,Korakon Nesos,"{""type"": ""Point"", ""coordinates"": [21.8225, 37.5949]}"
178,"Homer, Iliad Catalogue 2.615-24 on Elean commanders",Homer's Ship Catalogue (Iliad Book 2),Q1233048,Homer,epic poem,"And they that dwelt in Buprasium and goodly Elis, all that part thereof that Hyrmine and Myrsinus on the seaboard and the rock of Olen and Alesium enclose between them—these again had four leaders, and ten swift ships followed each one, and many Epeians embarked thereon. Of these some were led by Amphimachus and Thalpius, of the blood of Actor, sons, the one of Cteatus and the other of Eurytus; and of some was the son of Amarynceus captain, even mighty Diores; and of the fourth company godlike Polyxeinus was captain, son of king Agasthenes, Augeias' son.",5.3.4,R-paraphrase,https://scaife.perseus.org/reader/urn:cts:greekLit:tlg0012.tlg001.perseus-grc2:2.620-2.624?right=perseus-eng3,Messenia-Eleia border at Neda river,"{""type"": ""GeometryCollection"", ""geometries"": [{""type"": ""Polygon"", ""coordinates"": [[[21.679447516607297, 37.377855796409506], [21.69308574928442, 37.383549915396586], [21.70656257510359, 37.3919005637385], [21.73281320051933, 37.392128991291955], [21.736408366160447, 37.390560791808994], [21.765853660145467, 37.39367544934754], [21.7695169571287, 37.400983291326355], [21.733481582057408, 37.39813684282345], [21.704581740057193, 37.39765182548311], [21.676920510091378, 37.386169691588165], [21.679447516607297, 37.377855796409506]]]}]}"
179,"Homer, Iliad Catalogue 2.729 on stepped Ithome",Homer's Ship Catalogue (Iliad Book 2),Q1233048,Homer,epic poem,"yet full soon were the Argives beside their ships to bethink them of king Philoctetes. Howbeit neither were these men leaderless, though they longed for their leader; but Medon marshalled them, the bastard son of Oileus, whom Rhene bare to Oileus, sacker of cities. And they that held Tricca and Ithome of the crags, and Oechalia, city of Oechalian Eurytus, these again were led by the two sons of Asclepius, the skilled leeches Podaleirius and Machaon. And with these were ranged thirty hollow ships. And they that held Ormenium and the fountain Hypereia,",4.9.2,R-quotation,https://scaife.perseus.org/reader/urn:cts:greekLit:tlg0012.tlg001.perseus-grc2:2.729-2.735/?right=perseus-eng3,Choirios Nape,"{""type"": ""GeometryCollection"", ""geometries"": [{""type"": ""Polygon"", ""coordinates"": [[[22.143588429711173, 36.94888471665877], [22.18624381440418, 36.95017414417967], [22.223199270082375, 36.95378608209073], [22.248155909035262, 36.960469507191235], [22.25775393867147, 36.96224967963566], [22.262659624143453, 36.98275144390442], [22.284975814421244, 36.99240306697337], [22.277683819340496, 36.9974822900312], [22.25528655397426, 36.98707795027782], [22.249117608796496, 36.96730110791651], [22.220231007097283, 36.9612590436016], [22.193853679994135, 36.956753242978635], [22.16522532799945, 36.956871930927164], [22.14004783897485, 36.95194522129127], [22.143588429711173, 36.94888471665877]]]}]}"
180,"Homer, Iliad, Catalogue 2.749-59 on Styx waters flowing into Titaresios river",Homer's Ship Catalogue (Iliad Book 2),Q1233048,Homer,epic poem,"Not alone was he, but with him was Leonteus, scion of Ares, the son of Caeneus' son, Coronus, high of heart. And with them there followed forty black ships. And Gouneus led from Cyphus two and twenty ships, and with him followed the Enienes and the Peraebi, staunch in fight, that had set their dwellings about wintry Dodona, and dwelt in the ploughland about lovely Titaressus, that poureth his fair-flowing streams into Peneius; yet doth he not mingle with the silver eddies of Peneius, but floweth on over his waters like unto olive oil; for that he is a branch of the water of Styx, the dread river of oath. And the Magnetes had as captain Prothous, son of Tenthredon. These were they that dwelt about Peneius and Pelion, covered with waving forests. Of these was swift Prothous captain; and with him there followed forty black ships.",8.18.2,R-paraphrase,https://scaife.perseus.org/reader/urn:cts:greekLit:tlg0012.tlg001.perseus-grc2:2.748-2.755,Styx river (Achaia),"{""type"": ""Point"", ""coordinates"": [22.21, 37.98]}"
181,"Homer, Iliad 1.148-164 on Achilles' coming to Troy",Homer's Iliad,Q8275,Homer,epic poem,"Glaring from beneath his brows spoke to him swift-footed Achilles: “Ah me, clothed in shamelessness, thinking of profit, how shall any man of the Achaeans obey your words with a ready heart<br>either to go on a journey or to fight against men with force? It was not on account of the Trojan spearmen that I came here to fight, since they have done no wrong to me. Never have they driven off my cattle or my horses, nor ever in deep-soiled Phthia, nurse of men,<br>did they lay waste the harvest, for many things lie between us—shadowy mountains and sounding sea. But you, shameless one, we followed, so that you might rejoice, seeking to win recompense for Menelaus and for yourself, dog-face, from the Trojans. This you disregard, and take no heed of.<br> And now you threaten that you will yourself take my prize away from me, for which I toiled so much, which the sons of the Achaeans gave to me. Never have I prize like yours, whenever the Achaeans sack a well-inhabited citadel of the Trojans.",3.24.11,R-paraphrase,https://scaife.perseus.org/reader/urn:cts:greekLit:tlg0012.tlg001.perseus-grc2:1.148-1.165,Tomb of Las at Arainon,"{""type"": ""Point"", ""coordinates"": [22.521276, 36.69704]}"
182,"Homer, Iliad 1.262-265 on friendship of Theseus and Peirithous",Homer's Iliad,Q8275,Homer,epic poem,"Such warriors have I never since seen, nor shall I see,<br>as Peirithous was and Dryas, shepherd of the people,<br> and Caeneus and Exadius and godlike Polyphemus,<br> and Theseus, son of Aegeus, a man like the immortals.<br>",10.29.10,R-quotation,https://scaife.perseus.org/reader/urn:cts:greekLit:tlg0012.tlg001.perseus-grc2:1.262-1.265,Lesche of the Knidians,"{""type"": ""Point"", ""coordinates"": [22.5011, 38.48304]}"
183,"Homer, Iliad 10.220-10.227 on two spies sent to Trojan camp",Homer's Iliad,Q8275,Homer,epic poem,"“Nestor, my heart and proud spirit urge me to enter the camp of the foemen that are near, even of the Trojans; howbeit if some other man were to follow with me, greater comfort would there be, and greater confidence. When two go together, one discerneth before the other<br>how profit may be had; whereas if one alone perceive aught, yet is his wit the shorter, and but slender his device.” So spake he, and many there were that were fain to follow Diomedes.",4.28.7,R-paraphrase,https://scaife.perseus.org/reader/urn:cts:greekLit:tlg0012.tlg001.perseus-eng3:10.220-10.240?right=perseus-grc2,Choirios Nape,"{""type"": ""GeometryCollection"", ""geometries"": [{""type"": ""Polygon"", ""coordinates"": [[[22.143588429711173, 36.94888471665877], [22.18624381440418, 36.95017414417967], [22.223199270082375, 36.95378608209073], [22.248155909035262, 36.960469507191235], [22.25775393867147, 36.96224967963566], [22.262659624143453, 36.98275144390442], [22.284975814421244, 36.99240306697337], [22.277683819340496, 36.9974822900312], [22.25528655397426, 36.98707795027782], [22.249117608796496, 36.96730110791651], [22.220231007097283, 36.9612590436016], [22.193853679994135, 36.956753242978635], [22.16522532799945, 36.956871930927164], [22.14004783897485, 36.95194522129127], [22.143588429711173, 36.94888471665877]]]}]}"
184,"Homer, Iliad 10.565-599 on cursing of Meleager, allegedly fatally",Homer's Iliad,Q8275,Homer,epic poem,"By her side lay Meleager nursing his bitter anger, wroth because of his mother's curses; for she prayed instantly to the gods, being grieved for her brother's slaying; and furthermore instantly beat with her hands upon the all-nurturing earth, calling upon Hades and dread Persephone, the while she knelt and made the folds of her bosom wet with tears, that they should bring death upon her son; and the Erinys that walketh in darkness heard her from Erebus, even she of the ungentle heart. Now anon was the din of the foemen risen about their gates, and the noise of the battering of walls, and to Meleager the elders of the Aetolians made prayer, sending to him the best of the priests of the gods, that he should come forth and succour them, and they promised him a mighty gift; they bade him, where the plain of lovely Calydon was fattest, there choose a fair tract of fifty acres, the half of it vineland,and the half clear plough-land, to be cut from out the plain. And earnestly the old horseman Oeneus besought him, standing upon the threshold of his high-roofed chamber, and shaking the jointed doors, in prayer to his son, and earnestly too did his sisters and his honoured mother beseech him<br>—but he denied them yet more—and earnestly his companions that were truest and dearest to him of all; yet not even so could they persuade the heart in his breast, until at the last his chamber was being hotly battered, and the Curetes were mounting upon the walls and firing the great city. Then verily his fair-girdled wife besought Meleager with wailing, and told him all the woes that come on men whose city is taken; the men are slain and the city is wasted by fire, and their children and low-girdled women are led captive of strangers. Then was his spirit stirred, as he heard the evil tale, and he went his way and did on his body his gleaming armour. Thus did he ward from the Aetolians the day of evil, yielding to his own spirit; and to him thereafter they paid not the gifts, many and gracious; yet even so did he ward from them evil.",10.31.3,R-paraphrase,https://scaife.perseus.org/reader/urn:cts:greekLit:tlg0012.tlg001.perseus-grc2:9.565-9.605,Lesche of the Knidians,"{""type"": ""Point"", ""coordinates"": [22.5011, 38.48304]}"
185,"Homer, Iliad 11.235-245 on 100 cattle as bride gift of Iphidamas",Homer's Iliad,Q8275,Homer,epic poem,"and put his weight into the thrust, trusting in his heavy hand; howbeit he pierced not the flashing girdle, for long ere that the spear-point struck the silver, and was bent like lead. Then wide-ruling Agamemnon seized the spear in his hand and drew it toward him furiously like a lion, and pulled it from the hand of Iphidamas,<br>and smote him on the neck with his sword and loosed his limbs. So there he fell, and slept a sleep of bronze, unhappy youth, far from his wedded wife, bearing aid to his townsfolk—far from the bride of whom he had known no joy, yet much had he given for her; first he gave an hundred kine, and thereafter promised a thousand,<br> goats and sheep together, which were herded for him in flocks past counting",4.36.4,R-paraphrase,https://scaife.perseus.org/reader/urn:cts:greekLit:tlg0012.tlg001.perseus-grc2:11.235-11.245,Koryphasion Pr.,"{""type"": ""Point"", ""coordinates"": [21.65716, 36.95811]}"
186,"Homer, Iliad 11.593 on Nestor tending to wounded Machaon",Homer's Iliad,Q8275,Homer,epic poem,"and turned and stood when he had reached the throng of his comrades. So fought they like unto blazing fire; but the mares of Neleus, all bathed in sweat, bare Nestor forth from the battle, and bare also Machaon, shepherd of the host. And swift-footed goodly Achilles beheld and marked him, or Achilles was standing by the stern of his ship, huge of hull, gazing upon the utter toil of battle and the tearful rout. And forthwith he spake to his comrade Patroclus, calling to him from beside the ship; and he heard, and came forth from the hut like unto Ares; and this to him was the beginning of evil. Then the valiant son of Menoetius spake the first: Wherefore dost thou call me, Achilles? What need hast thou of me? And in answer to him spake Achilles, swift of foot: Goodly son of Menoetius, dear to this heart of mine, now methinks will the Achaeans be standing about my knees in prayer,for need has come upon them that may no longer be borne. Yet go now, Patroclus, dear to Zeus, and ask Nestor who it is that he bringeth wounded from out the war. Of a truth from behind he seemeth in all things like Machaon, son of Asclepius, but I saw not the eyes of the man,for the horses darted by me, speeding eagerly onward. <br> At sight of him the old man sprang from his bright chair, and took him by the hand and led him in, and bade him be seated. But Patroclus from over against him refused, and spake, saying: “I may not sit, old sir, fostered of Zeus, nor wilt thou persuade me. Revered and to be dreaded is he who sent me forth to learn<br>who it is that thou bringest home wounded. But even of myself I know, and behold Machaon, shepherd of the host. And now will I go back again a messenger, to bear word to Achilles. Well knowest thou, old sir, fostered of Zeus, of what sort is he, dread man; lightly would he blame even one in whom was no blame. and Eurymedon the squire loosed old Nestor's horses from the car, and the twain dried the sweat from their tunics standing in the breeze by the shore of the sea; and thereafter they went into the hut and sate them down on chairs. And for them fair-tressed Hecamede mixed a potion,
625
she that old Nestor had taken from out of Tenedos, when Achilles sacked it, the daughter of great-hearted Arsinous; for the Achaeans had chosen her out for him, for that in counsel he was ever best of all. She first drew before the twain a table, fair, with feet of cyanus, and well-polished, and set thereon
630
a basket of bronze, and therewith an onion, a relish for their drink, and pale honey, and ground meal of sacred barley; and beside them a beauteous cup, that the old man had brought from home, studded with bosses of gold; four were the handles thereof, and about each
635
twain doves were feeding, while below were two supports.[*] Another man could scarce have availed to lift that cup from the table, when it was full, but old Nestor would raise it right easily. Therein the woman, like to the goddesses, mixed a potion for them with Pramnian wine, and on this she grated cheese of goat's milk
640
with a brazen grater, and sprinkled thereover white barley meal; and she bade them drink, when she had made ready the potion. Then when the twain had drunk, and sent from them parching thirst, they took delight in tales, speaking each to the other; and lo, Patroclus stood at the doors, a godlike man.
645
At sight of him the old man sprang from his bright chair, and took him by the hand and led him in, and bade him be seated. But Patroclus from over against him refused, and spake, saying:
I may not sit, old sir, fostered of Zeus, nor wilt thou persuade me. Revered and to be dreaded is he who sent me forth to learn
650
who it is that thou bringest home wounded. But even of myself I know, and behold Machaon, shepherd of the host. And now will I go back again a messenger, to bear word to Achilles. Well knowest thou, old sir, fostered of Zeus, of what sort is he, dread man; lightly would he blame even one in whom was no blame.”<br> Then made answer the horseman Nestor of Gerenia: “Wherefore now doth Achilles thus have pity for the sons of the Achaeans, as many as have been smitten with missiles? Nor knoweth he at all what grief hath arisen throughout the camp; for the best men lie among the ships smitten by darts or wounded with spear-thrusts.",4.3.2,R-reference,https://scaife.perseus.org/reader/urn:cts:greekLit:tlg0012.tlg001.perseus-eng3:11.575-11.616,Choirios Nape,"{""type"": ""GeometryCollection"", ""geometries"": [{""type"": ""Polygon"", ""coordinates"": [[[22.143588429711173, 36.94888471665877], [22.18624381440418, 36.95017414417967], [22.223199270082375, 36.95378608209073], [22.248155909035262, 36.960469507191235], [22.25775393867147, 36.96224967963566], [22.262659624143453, 36.98275144390442], [22.284975814421244, 36.99240306697337], [22.277683819340496, 36.9974822900312], [22.25528655397426, 36.98707795027782], [22.249117608796496, 36.96730110791651], [22.220231007097283, 36.9612590436016], [22.193853679994135, 36.956753242978635], [22.16522532799945, 36.956871930927164], [22.14004783897485, 36.95194522129127], [22.143588429711173, 36.94888471665877]]]}]}"
187,"Homer, Iliad 11.682, Homer calls Pylos the city of Neleus",Homer's Iliad,Q8275,Homer,epic poem,"and chestnut horses an hundred and fifty, all mares, and many of them had foals at the teat. These then we drave into Neleian Pylos by night into the citadel, and Neleus was glad at heart for that much spoil had fallen to me when going as a stripling into war.",4.36.1,R-reference,https://scaife.perseus.org/reader/urn:cts:greekLit:tlg0012.tlg002.perseus-grc2:3.4?right=perseus-eng3,Koryphasion Pr.,"{""type"": ""Point"", ""coordinates"": [21.65716, 36.95811]}"
188,"Homer, Iliad 11.722-23 on Arene",Homer's Iliad,Q8275,Homer,epic poem,"Howbeit even so I was pre-eminent among our horsemen, on foot though I was, for so did Athene order the fight. There is a river Minyeïus that empties into the sea hard by Arene, where we waited for bright Dawn, we the horsemen of the Pylians, and the throngs of footmen flowed ever after.",5.6.2,R-quotation,https://scaife.perseus.org/reader/urn:cts:greekLit:tlg0012.tlg001.perseus-grc2:11.722-11.725?right=perseus-eng3,road Samikon to Olympia,"{""type"": ""GeometryCollection"", ""geometries"": [{""type"": ""LineString"", ""coordinates"": [[21.70236, 37.28606], [21.702445, 37.295748], [21.702204, 37.316357], [21.70227, 37.31996], [21.702733, 37.322802], [21.702006, 37.327529], [21.703097, 37.333974], [21.702832, 37.33642], [21.694206, 37.360646], [21.693349, 37.368323], [21.69117, 37.373019], [21.69134, 37.374373], [21.693011, 37.376129], [21.693688, 37.377821], [21.691509, 37.387044], [21.691958, 37.390095], [21.691231, 37.391516], [21.687067, 37.3934], [21.684026, 37.395185], [21.677515, 37.402258], [21.676523, 37.403679], [21.671665, 37.415974], [21.661586, 37.438251], [21.654818, 37.446605], [21.653126, 37.44953], [21.650134, 37.451208], [21.649024, 37.45221], [21.648441, 37.453415], [21.647128, 37.455094], [21.644042, 37.458287], [21.638754, 37.464849], [21.637155, 37.46788], [21.635054, 37.470111], [21.63353, 37.472007], [21.63273, 37.473717], [21.631708, 37.475242], [21.630908, 37.475372], [21.626799, 37.480001], [21.621557, 37.486323], [21.614781, 37.493939], [21.608603, 37.500398], [21.604364, 37.504483], [21.60153, 37.507905], [21.59696, 37.512424], [21.593947, 37.515028], [21.593182, 37.516866], [21.592211, 37.521998], [21.593644, 37.533318], [21.593219, 37.535932], [21.593448, 37.536504], [21.594085, 37.537027], [21.595785, 37.537942], [21.597288, 37.539658], [21.596863, 37.547746], [21.595131, 37.551226], [21.591585, 37.555867], [21.591585, 37.555867], [21.591553, 37.557877], [21.591095, 37.558612], [21.59067, 37.558743], [21.590719, 37.559396], [21.590245, 37.560083], [21.590278, 37.560932], [21.588644, 37.56438], [21.587566, 37.565834], [21.587288, 37.566439], [21.586618, 37.567076], [21.586454, 37.567942], [21.586095, 37.568465], [21.587451, 37.568302], [21.587337, 37.56938], [21.587631, 37.570377], [21.586732, 37.572109], [21.586961, 37.573155], [21.588824, 37.57407], [21.589036, 37.573792], [21.589902, 37.573874], [21.589935, 37.574201], [21.591536, 37.574626], [21.592435, 37.576031], [21.594478, 37.576554], [21.595866, 37.577779], [21.596765, 37.57938], [21.597762, 37.579495], [21.598775, 37.580606], [21.599919, 37.583106], [21.600066, 37.584119], [21.599232, 37.584805], [21.598546, 37.585067], [21.597615, 37.586488], [21.596406, 37.586734], [21.59603, 37.587518], [21.594853, 37.588237], [21.595098, 37.589103], [21.594347, 37.589936], [21.593938, 37.591031], [21.595213, 37.591587], [21.596291, 37.592681], [21.597778, 37.593041], [21.598252, 37.593923], [21.596536, 37.596293], [21.596651, 37.596505], [21.599559, 37.597927], [21.598857, 37.599103], [21.599461, 37.59974], [21.599298, 37.600672], [21.598579, 37.601195], [21.599968, 37.601963], [21.599755, 37.603776], [21.600049, 37.604512], [21.600932, 37.604708], [21.600883, 37.606995], [21.602533, 37.609806], [21.603857, 37.611571], [21.605082, 37.612747], [21.606635, 37.616097], [21.608154, 37.617486], [21.609445, 37.617486], [21.610425, 37.617927], [21.610556, 37.619365], [21.611651, 37.619332], [21.614167, 37.62028], [21.61585, 37.620231], [21.616635, 37.620901], [21.618367, 37.621211], [21.623939, 37.625133], [21.624217, 37.626048], [21.625736, 37.627094], [21.626096, 37.628287], [21.627419, 37.629986], [21.628547, 37.63064], [21.62822, 37.632486], [21.628528, 37.634528], [21.630421, 37.635427], [21.630536, 37.635866], [21.629753, 37.636933], [21.629131, 37.638593]]}]}"
189,"Homer, Iliad 12.314 on armor of Phorcys",Homer's Iliad,Q8275,Homer,epic poem,"and clean through passed the point of bronze, and came out beneath the base of the shoulder. And he fell with a thud, and upon him his armour clanged. And Aias in his turn smote wise-hearted Phorcys, son of Phaenops, full upon the belly as he bestrode Hippothous, and he brake the plate of his corselet,<br>and the bronze let forth the bowels there-through; and he fell in the dust and clutched the earth in his palm. Thereat the foremost fighters and glorious Hector gave ground, and the Argives shouted aloud, and drew off the dead, even Phorcys and Hippothous, and set them to strip the armour from their shoulders.",10.26.6,R-reference,https://scaife.perseus.org/reader/urn:cts:greekLit:tlg0012.tlg001.perseus-eng3:17.300-17.330?right=perseus-grc2,Lesche of the Knidians,"{""type"": ""Point"", ""coordinates"": [22.5011, 38.48304]}"
190,"Homer, Iliad 13.301 on the Phlegyans",Homer's Iliad,Q8275,Homer,epic poem,"So spake he, and Meriones, the peer of swift Ares, speedily took from the hut a spear of bronze, and followed Idomeneus with high thought of battle. And even as Ares, the bane of mortals, goeth forth to war, and with him followeth Rout [Phobos], his son, valiant alike and fearless,<br>that turneth to flight a warrior, were he never so staunch of heart—these twain arm themselves and go forth from Thrace to join the Ephyri or the great-hearted Phlegyes, yet they hearken not to both sides, but give glory to one or the other; even in such wise did Meriones and Idomeneus, leaders of men,<br>go forth into the fight, harnessed in flaming bronze.",9.36.3,R-quotation,https://scaife.perseus.org/reader/urn:cts:greekLit:tlg0012.tlg001.perseus-grc2:13.300-13.310,Orchomenos (Boeotia),"{""type"": ""Point"", ""coordinates"": [22.959486, 38.495082]}"
191,"Homer, Iliad 13.389 on Acheroid, white poplar beside Thesprotian Acheron",Homer's Iliad,Q8275,Homer,epic poem,"But Asius came to bear aid to Othryoneus,on foot in front of his horses;on foot in front of his horses; and these twain the squire that was his charioteer ever drave so that their breath smote upon the shoulders of Asius. And he was ever fain of heart to cast at Idomeneus; but the other was too quick for him, and smote him with a cast of his spear on the throat beneath the chin, and drave the bronze clean through. And he fell as an oak falls, or a poplar ,<br>or a tall pine that among the mountains shipwrights fell with whetted axes to be a ship's timber; even so before his horses and chariot Asius lay out-stretched, moaning aloud and clutching at the bloody dust. And the charioteer, stricken with terror, kept not the wits that afore he had,",5.14.2,R-paraphrase,https://scaife.perseus.org/reader/urn:cts:greekLit:tlg0012.tlg001.perseus-grc2:16.480-16.490?right=perseus-eng3,Great altar of Zeus at Olympia,"{""type"": ""Point"", ""coordinates"": [21.6307, 37.6385]}"
192,"Homer, Iliad 13.40 ff on Poseidon as ally of the Greeks at Troy",Homer's Iliad,Q8275,Homer,epic poem,"Hector, son of Priam, with loud shouts and cries, and they deemed that they would take the ships of the Achaeans, and slay thereby all the bravest. Howbeit Poseidon, the Enfolder and Shaker of Earth, set him to urge on the Argives, when he had come forth from the deep sea, in the likeness of Calchas, both in form and untiring voice.",6.25.3,R-paraphrase,https://scaife.perseus.org/reader/urn:cts:greekLit:tlg0012.tlg001.perseus-eng3:13.32-13.59,Sanctuary of Hades at Elis,"{""type"": ""Point"", ""coordinates"": [21.374, 37.89]}"
193,"Homer, Iliad 13.715 on the Opuntian Locrians as archers and slingers",Homer's Iliad,Q8275,Homer,epic poem,"But the Locrians followed not with the great-hearted son of Oileus, for their hearts abode not steadfast in close fight, seeing they had no brazen helms with thick plumes of horse-hair,neither round shields, nor spears of ash, but trusting in bows and well-twisted slings of sheep's wool had they followed with him to Ilios; with these thereafter they shot thick and fast, and sought to break the battalions of the Trojans.",1.23.4,R-paraphrase,https://scaife.perseus.org/reader/urn:cts:greekLit:tlg0012.tlg001.perseus-eng3:13.673-13.723,Athenian Acropolis (Athens),"{""type"": ""Point"", ""coordinates"": [23.7257, 37.9717]}"
194,"Homer, Iliad 14.114 on burial site of Tydeus at Thebes",Homer's Iliad,Q8275,Homer,epic poem,"Then among them spake also Diomedes, good at the war-cry:<br>Near by is that man; not long shall we seek him, if so be ye are minded to give ear, and be no wise vexed and wroth, each one of you, for that in years I am the youngest among you. Nay, but of a goodly father do I too declare that I am come by lineage, even of Tydeus, whom in Thebes the heaped-up earth covereth.<br>For to Portheus were born three peerless sons, and they dwelt in Pleuron and steep Calydon, even Agrius and Melas, and the third was the horseman Oeneus, that was father to my father, and in valour was pre-eminent among them. He verily abode there, but my father went wandering to Argos, and there was settled,",9.18.2,R-quotation,https://scaife.perseus.org/reader/urn:cts:greekLit:tlg0012.tlg001.perseus-grc2:14.110-14.120,highway Thebes to Chalkis,"{""type"": ""GeometryCollection"", ""geometries"": [{""type"": ""LineString"", ""coordinates"": [[23.317595983450758, 38.32229014767111], [23.317868, 38.324122], [23.318897, 38.325428], [23.320307, 38.326708], [23.326053, 38.327714], [23.33142, 38.329098], [23.36313, 38.344983], [23.405477, 38.358228], [23.405477, 38.358228], [23.419276, 38.371977], [23.426363, 38.372264], [23.428954, 38.373325], [23.433688, 38.374202], [23.440666, 38.375059], [23.458307, 38.375101], [23.481719, 38.379099], [23.486372, 38.382792], [23.492534, 38.385588], [23.495066, 38.389256], [23.499147, 38.392062], [23.503866, 38.394676], [23.507691, 38.396079], [23.512888, 38.398662], [23.515864, 38.400673], [23.522645, 38.406642], [23.523486, 38.409444], [23.522393, 38.410537], [23.520852, 38.411629], [23.520123, 38.41247], [23.520011, 38.413871], [23.521132, 38.415524], [23.521048, 38.417682], [23.526092, 38.425892], [23.526064, 38.42777], [23.526876, 38.42903], [23.528109, 38.429815], [23.528611, 38.429934], [23.529507, 38.428963], [23.529794, 38.427827], [23.530322, 38.427942], [23.529485, 38.430398], [23.52999, 38.4336], [23.531045, 38.435402], [23.533926, 38.438111], [23.535269, 38.440693], [23.53574, 38.441003], [23.536578, 38.44121], [23.537071, 38.440728], [23.538138, 38.441049], [23.538919, 38.441106], [23.539631, 38.440659], [23.540778, 38.440234], [23.541226, 38.440268], [23.542647, 38.440825], [23.542511, 38.441081], [23.541621, 38.441013], [23.541237, 38.441336], [23.541248, 38.441665], [23.541883, 38.443252], [23.542879, 38.444193], [23.543317, 38.444314], [23.543405, 38.444697], [23.544587, 38.445222], [23.544751, 38.44566], [23.545835, 38.44577], [23.546743, 38.44612], [23.547838, 38.446207], [23.55064, 38.446952], [23.552995, 38.449393], [23.552567, 38.454353], [23.558827, 38.462135], [23.562726, 38.464717], [23.580025387029, 38.46513283286], [23.589052, 38.4628931]]}]}"
195,"Homer, Iliad 14.230 on Sleep and Death as siblings",Homer's Iliad,Q8275,Homer,epic poem,"and so came to Lemnos, the city of godlike Thoas. There she met Sleep, the brother of Death; and she clasped him by the hand, and spake and addressed him: “Sleep, lord of all gods and of all men, if ever thou didst hearken to word of mine, so do thou even now obey and I will owe thee thanks all my days.",3.18.1,R-reference,https://scaife.perseus.org/reader/urn:cts:greekLit:tlg0012.tlg001.perseus-grc2:14.230-14.236,Athena Chalkioikos sanctuary on acropolis of Sparta,"{""type"": ""Point"", ""coordinates"": [22.42338, 37.08265]}"
196,"Homer, Iliad 14.269 on Charites",Homer's Iliad,Q8275,Homer,epic poem,"And Hera said, ""Sleep, why do you take such notions as those into your head? Do you think Zeus will be as anxious to help the Trojans, as he was about his own son? Come, I will marry you to one of the youngest of the Graces [kharites], and she shall be your own - Pasithea, whom you have always wanted to marry.""<br>Sleep was pleased when he heard this, and answered, ""Then swear it to me by the dread waters of the river Styx; lay one hand on the bounteous earth, and the other on the sheen of the sea, so that all the gods who dwell down below with Kronos may be our witnesses, and see that you really do give me one of the youngest of the Graces [kharites] - Pasithea, whom I have always wanted to marry.""",9.35.4,R-paraphrase,https://scaife.perseus.org/reader/urn:cts:greekLit:tlg0012.tlg001.perseus-grc2:14.260-14.270,Orchomenos (Boeotia),"{""type"": ""Point"", ""coordinates"": [22.959486, 38.495082]}"
197,"Homer, Iliad 14.275 on the Hypnos and the Grace Pasithea",Homer's Iliad,Q8275,Homer,epic poem,"So spake she, and Sleep waxed glad, and made answer saying: “Come now, swear to me by the inviolable water of Styx, and with one hand lay thou hold of the bounteous earth, and with the other of the shimmering sea, that one and all they may be witnesses betwixt us twain, even the gods that are below with Cronos,<br>that verily thou wilt give me one of the youthful Graces, even Pasithea, that myself I long for all my days.” So spake he, and the goddess, white-armed Hera, failed not to hearken, but sware as he bade, and invoked by name all the gods below Tartarus, that are called Titans.",9.35.4,R-quotation,https://scaife.perseus.org/reader/urn:cts:greekLit:tlg0012.tlg001.perseus-grc2:14.270,Orchomenos (Boeotia),"{""type"": ""Point"", ""coordinates"": [22.959486, 38.495082]}"
198,"Homer, Iliad 14.279 on the Titans",Homer's Iliad,Q8275,Homer,epic poem,"Come now, swear to me by the inviolable water of Styx, and with one hand lay thou hold of the bounteous earth, and with the other of the shimmering sea, that one and all they may be witnesses betwixt us twain, even the gods that are below with Cronos,<br> that verily thou wilt give me one of the youthful Graces, even Pasithea, that myself I long for all my days.So spake he, and the goddess, white-armed Hera, failed not to hearken, but sware as he bade, and invoked by name all the gods below Tartarus, that are called Titans.",8.37.5,R-paraphrase,https://scaife.perseus.org/reader/urn:cts:greekLit:tlg0012.tlg001.perseus-grc2:14.270-14.280,Sanctuary of Despoina at Lykosoura,"{""type"": ""Point"", ""coordinates"": [22.03143, 37.38957]}"
199,"Homer, Iliad 14.381 on the wounded arming the unwounded",Homer's Iliad,Q8275,Homer,epic poem,"Nay, come, even as I shall bid, let us all obey. In the shields that are best in the host and largest let us harness ourselves, and our heads let us cover with helms all-gleaming, and in our hands take the longest spears, and so go forth. And I will lead the way, nor, methinks, will Hector, son of Priam, longer abide, how eager soever he be. And whoso is a man, staunch in fight, but hath a small shield on his shoulder, let him give it to a worser man, and himself harness him in a large shield.” So spake he, and they readily hearkened to him, and obeyed. And the kings themselves, albeit they were wounded, set them in array,<br> even the son of Tydeus, and Odysseus, and Atreus' son Agamemnon. And going throughout all the host, they made exchange of battle-gear. In good armour did the good warrior harness him, and to the worse they gave the worse. Then when they had clothed their bodies in gleaming bronze, they set forth, and Poseidon, the Shaker of Earth, led them,<br>bearing in his strong hand a dread sword, long of edge, like unto the lightning, wherewith it is not permitted that any should mingle in dreadful war, but terror holds men aloof therefrom.",4.28.8,R-paraphrase,https://scaife.perseus.org/reader/urn:cts:greekLit:tlg0012.tlg001.perseus-eng3:14.352-14.378,Choirios Nape,"{""type"": ""GeometryCollection"", ""geometries"": [{""type"": ""Polygon"", ""coordinates"": [[[22.143588429711173, 36.94888471665877], [22.18624381440418, 36.95017414417967], [22.223199270082375, 36.95378608209073], [22.248155909035262, 36.960469507191235], [22.25775393867147, 36.96224967963566], [22.262659624143453, 36.98275144390442], [22.284975814421244, 36.99240306697337], [22.277683819340496, 36.9974822900312], [22.25528655397426, 36.98707795027782], [22.249117608796496, 36.96730110791651], [22.220231007097283, 36.9612590436016], [22.193853679994135, 36.956753242978635], [22.16522532799945, 36.956871930927164], [22.14004783897485, 36.95194522129127], [22.143588429711173, 36.94888471665877]]]}]}"
200,"Homer, Iliad 14.490 on Hermes as protector of flocks",Homer's Iliad,Q8275,Homer,epic poem,"Howbeit Peneleos thrust and smote Ilioneus, son of Phorbas, rich in herds, whom Hermes loved above all the Trojans and gave him wealth;",2.3.4,R-quotation,https://scaife.perseus.org/reader/urn:cts:greekLit:tlg0012.tlg001.perseus-grc2:14.490-14.491/,road Corinth to Lechaion,"{""type"": ""GeometryCollection"", ""geometries"": [{""type"": ""LineString"", ""coordinates"": [[22.880169895888542, 37.90664102077308], [22.87968076672726, 37.90843324308641], [22.881993002937747, 37.93269305291041], [22.88572477211312, 37.93380246905144]]}]}"
201,"Homer, Iliad 15.36 on swearing by down-flowing Styx",Homer's Iliad,Q8275,Homer,epic poem,"to horse-pasturing Argos, albeit after he had laboured sore. Of these things will I mind thee yet again, that thou mayest cease from thy beguilings, to the end that thou mayest see whether they anywise avail thee, the dalliance and the couch, wherein thou didst lie with me when thou hadst come forth from among the gods, and didst beguile me.” So spake he, and the ox-eyed, queenly Hera shuddered;<br>and she spake and addressed him with winged words: “Hereto now be Earth my witness and the broad Heaven above, and the down-flowing water of Styx, which is the greatest and most dread oath for the blessed gods, and thine own sacred head, and the couch of us twain, couch of our wedded love,<br> whereby I verily would never forswear myself —not by my will doth Poseidon, the Shaker of Earth, work harm to the Trojans and Hector, and give succour to their foes. Nay, I ween, it is his own soul that urgeth and biddeth him on, and he hath seen the Achaeans sore-bested by their ships and taken pity upon them.",8.18.2,R-quotation,https://scaife.perseus.org/reader/urn:cts:greekLit:tlg0012.tlg001.perseus-grc2:15.36-15.44,Styx river (Achaia),"{""type"": ""Point"", ""coordinates"": [22.21, 37.98]}"
202,"Homer, Iliad 15.419 on death of Caletor, brother of Procleia",Homer's Iliad,Q8275,Homer,epic poem,"but Hector made straight for glorious Aias. They twain were labouring in the toil of war about the same ship, nor might the one drive back the other and burn the ship with fire, nor the other thrust him in back, now that a god had brought him nigh. Then did glorious Aias cast his spear and smite upon the breast Caletor, son of Clytius, as he was bearing fire against the ship; and he fell with a thud, and the torch dropped from out his hand. But Hector, when his eyes beheld his cousin fallen in the dust in front of the black ship, called to the Trojans and Lycians with a loud shout:",10.14.2,R-paraphrase,https://scaife.perseus.org/reader/urn:cts:greekLit:tlg0012.tlg001.perseus-eng3:15.405,Sanctuary of Pythian Apollo at Delphi,"{""type"": ""Point"", ""coordinates"": [22.50151, 38.48254]}"
203,"Homer, Iliad 15.518: Homer's Iliad mentioning Kyllene after omitting it from Ship Catalog",Homer's Iliad,Q8275,Homer,epic poem,"Then Hector slew Schedius, son of Perimedes, a leader of the Phocians, and Aias slew Laodamas, the leader of the footmen, the glorious son of Antenor; and Polydamas laid low Otus of Cyllene, comrade of Phyleus' son, captain of the great-souled Epeians.",6.26.4,R-quotation,https://scaife.perseus.org/reader/urn:cts:greekLit:tlg0012.tlg001.perseus-grc2:15.514-15.520/,Kyllene,"{""type"": ""Point"", ""coordinates"": [21.1449975, 37.9346907]}"
204,"Homer, Iliad 16.125 on military stratagems: armor of Achilles",Homer's Iliad,Q8275,Homer,epic poem,"But Achilles smote both his thighs and spake to Patroclus: “Up now, Zeus-born Patroclus, master of horsemen. Lo, I see by the ships the rush of consuming fire. Let it not be that they take the ships and there be no more escaping! Do on my armour with all haste, and I will gather the host.”<br>So spake he, and Patroclus arrayed him in gleaming bronze. The greaves first he set about his legs; beautiful they were, and fitted with silver ankle-pieces; next he did on about his chest the corselet of the swift-footed son of Aeacus, richly-wrought, and spangled with stars.<br>And about his shoulders he cast the silver-studded sword of bronze, and thereafter the shield, great and sturdy; and upon his mighty head he set the well-wrought helmet with horse-hair crest, and terribly did the plume nod from above; and he took two valorous spears, that fitted his grasp.<br>Only the spear of the peerless son of Aeacus he took not, the spear heavy and huge and strong; this none other of the Achaeans could wield, but Achilles alone was skilled to wield it, even the Pelian spear of ash, that Cheiron had given to his dear father from the peak of Pelion, to be for the slaying of warriors.",4.28.7,R-paraphrase,https://scaife.perseus.org/reader/urn:cts:greekLit:tlg0012.tlg001.perseus-eng3:16.112,Choirios Nape,"{""type"": ""GeometryCollection"", ""geometries"": [{""type"": ""Polygon"", ""coordinates"": [[[22.143588429711173, 36.94888471665877], [22.18624381440418, 36.95017414417967], [22.223199270082375, 36.95378608209073], [22.248155909035262, 36.960469507191235], [22.25775393867147, 36.96224967963566], [22.262659624143453, 36.98275144390442], [22.284975814421244, 36.99240306697337], [22.277683819340496, 36.9974822900312], [22.25528655397426, 36.98707795027782], [22.249117608796496, 36.96730110791651], [22.220231007097283, 36.9612590436016], [22.193853679994135, 36.956753242978635], [22.16522532799945, 36.956871930927164], [22.14004783897485, 36.95194522129127], [22.143588429711173, 36.94888471665877]]]}]}"
205,"Homer, Iliad 16.187 on Eileithyia",Homer's Iliad,Q8275,Homer,epic poem,"<br>even Hermes the helper,and she gave him a goodly son, Eudorus, pre-eminent in speed of foot and as a warrior. But when at length Eileithyia, goddess of child-birth, had brought him to the light, and he saw the rays of the sun, then her did the stalwart and mighty Echecles, son of Actor,<br>lead to his home<br>",8.32.4,R-paraphrase,https://scaife.perseus.org/reader/urn:cts:greekLit:tlg0012.tlg001.perseus-grc2:19.103?right=perseus-eng3,Megalopolis (Arkadia),"{""type"": ""Point"", ""coordinates"": [22.1273, 37.4124]}"
206,"Homer, Iliad 17.304-318 on Schedius",Homer's Iliad,Q8275,Homer,epic poem,"but Aias, looking steadily at him, avoided the spear of bronze albeit by a little, and Hector smote Schedius, son of great-souled Iphitus, far the best of the Phocians, that dwelt in a house in famous Panopeus, and was king over many men. Him Hector smote beneath the midst of the collar-bone,and clean through passed the point of bronze, and came out beneath the base of the shoulder. And he fell with a thud, and upon him his armour clanged. And Aias in his turn smote wise-hearted Phorcys, son of Phaenops, full upon the belly as he bestrode Hippothous, and he brake the plate of his corselet, and the bronze let forth the bowels there-through; and he fell in the dust and clutched the earth in his palm. Thereat the foremost fighters and glorious Hector gave ground, and the Argives shouted aloud, and drew off the dead, even Phorcys and Hippothous, and set them to strip the armour from their shoulders.",10.4.2,R-paraphrase,https://scaife.perseus.org/reader/urn:cts:greekLit:tlg0012.tlg001.perseus-grc2:17.304-17.318/,Panopeos/Phanotis,"{""type"": ""Point"", ""coordinates"": [22.79418, 38.49551]}"
207,"Homer, Iliad 18.140 on the Old Man of the Sea",Homer's Iliad,Q8275,Homer,epic poem,"On this she left her brave son, and as she turned away she said to the sea-nymphs her sisters, ""Dive into the bosom of the sea and go to the house of the old sea-god my father. Tell him everything; as for me, I will go to the cunning workman Hephaistos on high Olympus, and ask him to provide my son with a suit of splendid armor.""",3.21.9,R-quotation,https://scaife.perseus.org/reader/urn:cts:greekLit:tlg0012.tlg001.perseus-grc2:18.138-18.145?right=perseus-eng4,Gythion,"{""type"": ""Point"", ""coordinates"": [22.562341, 36.763663]}"
208,"Homer, Iliad 18.382-87 on Charites",Homer's Iliad,Q8275,Homer,epic poem,"They were finished all but the ears of cunning workmanship which yet remained to be fixed to them: these he was now fixing, and he was hammering at the rivets. While he was thus at work silver-footed Thetis came to the house. Kharis, of graceful head-dress, wife to the far-famed lame god, came towards her as soon as she saw her, and took her hand in her own, saying, ""Why have you come to our house, Thetis, honored and ever welcome - for you do not visit us often? Come inside and let me set refreshment before you.""<br>The goddess led the way as she spoke, and bade Thetis sit on a richly decorated seat inlaid with silver; there was a footstool also under her feet. Then she called Hephaistos and said, ""Hephaistos, come here, Thetis wants you""; and the far-famed lame god answered, ""Then it is indeed an august and honored goddess who has come here; she it was that took care of me when I was suffering from the heavy fall which I had through my cruel mother's anger - for she would have got rid of me because I was lame",9.35.4,R-reference,https://scaife.perseus.org/reader/urn:cts:greekLit:tlg0012.tlg001.perseus-grc2:18.382-18.387,Orchomenos (Boeotia),"{""type"": ""Point"", ""coordinates"": [22.959486, 38.495082]}"
209,"Homer, Iliad 18.398 on Eurynome daughter of Ocean with Thetis rescuing Hephaestus",Homer's Iliad,Q8275,Homer,epic poem,"even she that saved me when pain was come upon me after I had fallen afar through the will of my shameless mother, that was fain to hide me away by reason of my lameness. Then had I suffered woes in heart, had not Eurynome and Thetis received me into their bosom—Eurynome, daughter of backward-flowing Oceanus.<br>With them then for nine years' space I forged much cunning handiwork, brooches, and spiral arm-bands, and rosettes and necklaces, within their hollow cave; and round about me flowed, murmuring with foam, the stream of Oceanus, a flood unspeakable. Neither did any other know thereof, either of gods or of mortal men,<br> but Thetis knew and Eurynome, even they that saved me. And now is Thetis come to my house; wherefore it verily behoveth me to pay unto fair-tressed Thetis the full price for the saving of my life. But do thou set before her fair entertainment, while I put aside my bellows and all my tools.”",8.41.5,R-paraphrase,https://scaife.perseus.org/reader/urn:cts:greekLit:tlg0012.tlg001.perseus-grc2:18.395-18.410,Sanctuary of Eurynome at confluence of Lymax and Neda rivers,"{""type"": ""Point"", ""coordinates"": [21.8683, 37.3966]}"
210,"Homer, Iliad 18.398-399 on Eurynome daughter of Ocean",Homer's Iliad,Q8275,Homer,epic poem,"Then had I suffered woes in heart, had not Eurynome and Thetis received me into their bosom—Eurynome, daughter of backward-flowing Oceanus.",8.41.5,R-paraphrase,https://scaife.perseus.org/reader/urn:cts:greekLit:tlg0012.tlg001.perseus-grc2:18.398-18.399,Sanctuary of Eurynome at confluence of Lymax and Neda rivers,"{""type"": ""Point"", ""coordinates"": [21.8683, 37.3966]}"
211,"Homer, Iliad 18.569-70 on Linos song",Homer's Iliad,Q8275,Homer,epic poem,"And maidens and youths in childish glee were bearing the honey-sweet fruit in wicker baskets.<br>And in their midst a boy made pleasant music with a clear-toned lyre,<br>and thereto sang sweetly the Linos-song <br>with his delicate voice; and his fellows beating the earth in unison therewith followed on with bounding feet mid dance and shoutings.",9.29.7,R-quotation,https://scaife.perseus.org/reader/urn:cts:greekLit:tlg0012.tlg001.perseus-grc2:18.569-18.575,Grove of the Muses on Mt. Helikon,"{""type"": ""Point"", ""coordinates"": [23.0587, 38.3208]}"
212,"Homer, Iliad 18.590-606 on shield of Achilles",Homer's Iliad,Q8275,Homer,epic poem,"Howbeit these shrank from fastening on the lions, but stood hard by and barked and sprang aside. Therein also the famed god of the two strong arms wrought a pasture in a fair dell, a great pasture of white-fleeced sheep, and folds, and roofed huts, and pens.<br>Therein furthermore the famed god of the two strong arms cunningly wrought a dancing-floor like unto that which in wide Cnosus Daedalus fashioned of old for fair-tressed Ariadne. There were youths dancing and maidens of the price of many cattle, holding their hands upon the wrists one of the other.<br> Of these the maidens were clad in fine linen, while the youths wore well-woven tunics faintly glistening with oil; and the maidens had fair chaplets, and the youths had daggers of gold hanging from silver baldrics. Now would they run round with cunning feet<br>§ 18.600  exceeding lightly, as when a potter sitteth by his wheel that is fitted between his hands and maketh trial of it whether it will run; and now again would they run in rows toward each other. And a great company stood around the lovely dance, taking joy therein;<br>§ 18.605  and two tumblers whirled up and down through the midst of them as leaders in the dance.",8.16.3,R-paraphrase,https://scaife.perseus.org/reader/urn:cts:greekLit:tlg0012.tlg001.perseus-grc2:18.595-18.606,Tomb of Aipytos on Mt. Sepia,"{""type"": ""Point"", ""coordinates"": [22.396, 37.86]}"
213,"Homer, Iliad 18.591-92 on Ariadne's dance",Homer's Iliad,Q8275,Homer,epic poem,"Therein furthermore the famed god of the two strong arms cunningly wrought a dancing-floor like unto that which in wide Cnosus Daedalus fashioned of old for fair-tressed Ariadne. There were youths dancing and maidens of the price of many cattle, holding their hands upon the wrists one of the other.",9.40.3,R-reference,https://scaife.perseus.org/reader/urn:cts:greekLit:tlg0012.tlg001.perseus-grc2:18.590-18.600,Trophonius oracle (Boeotia),"{""type"": ""Point"", ""coordinates"": [22.875, 38.4312]}"
214,"Homer, Iliad 18.592 on Daedalus making images for Minos",Homer's Iliad,Q8275,Homer,epic poem,"Howbeit these shrank from fastening on the lions, but stood hard by and barked and sprang aside. Therein also the famed god of the two strong arms wrought a pasture in a fair dell, a great pasture of white-fleeced sheep, and folds, and roofed huts, and pens.<br>Therein furthermore the famed god of the two strong arms cunningly wrought a dancing-floor like unto that which in wide Cnosus Daedalus fashioned of old for fair-tressed Ariadne. There were youths dancing and maidens of the price of many cattle, holding their hands upon the wrists one of the other.",7.4.5,R-paraphrase,https://scaife.perseus.org/reader/urn:cts:greekLit:tlg0012.tlg001.perseus-grc2:18.585-18.595/?right=perseus-eng3,Eleia - Achaia border at Larisos river,"{""type"": ""GeometryCollection"", ""geometries"": [{""type"": ""Polygon"", ""coordinates"": [[[21.417484105225526, 38.10291174798513], [21.42525995805383, 38.09244438760399], [21.429829800275428, 38.095387083549724], [21.42206202659756, 38.10509343476093], [21.417484105225526, 38.10291174798513]]]}]}"
215,"Homer, Iliad 19.115 on birth of Eurystheus and pregnancy length",Homer's Iliad,Q8275,Homer,epic poem,"even one of the race of those men who are of me by blood.’ But with crafty mind the queenly Hera spake unto him:‘Thou wilt play the cheat, and not bring thy word to fulfilment. Nay, come, Olympian, swear me now a mighty oath that in very truth that man shall be lord of all them that dwell round about,<br>whoso this day shall fall between a woman's feet, even one of those men who are of the blood of thy stock.’ So spake she; howbeit Zeus in no wise marked her craftiness, but sware a great oath, and therewithal was blinded sore. But Hera darted down and left the peak of Olympus,<br> and swiftly came to Achaean Argos, where she knew was the stately wife of Sthenelus, son of Perseus, that bare a son in her womb, and lo, the seventh month was come. This child Hera brought forth to the light even before the full tale of the months, but stayed Alcmene's bearing, and held back the Eileithyiae.<br> And herself spake to Zeus, son of Cronos, to bear him word: ‘Father Zeus, lord of the bright lightning, a word will I speak for thy heeding. Lo, even now, is born a valiant man that shall be lord over the Argives, even Eurystheus, son of Sthenelus, the son of Perseus, of thine own lineage; not unmeet is it that he be lord over the Argives.’",3.7.7,R-paraphrase,https://scaife.perseus.org/reader/urn:cts:greekLit:tlg0012.tlg001.perseus-grc2:19.111-19.120/,Argolid - Lakonia border at the Hermai,"{""type"": ""GeometryCollection"", ""geometries"": [{""type"": ""Polygon"", ""coordinates"": [[[22.527643966812064, 37.31460354773594], [22.53453084312804, 37.3070246533447], [22.538351342393554, 37.307297362478295], [22.530631002613234, 37.3160985404418], [22.527643966812064, 37.31460354773594]]]}]}"
216,"Homer, Iliad 19.132-33, on Heracles",Homer's Iliad,Q8275,Homer,epic poem,"19.132 ff<br>So said he, and whirling her in his hand flung her from the starry heaven, and quickly she came to the tilled fields of men. At thought of her would he ever groan, whenso he beheld his dear son in unseemly travail beneath Eurystheus' tasks. Even so I also, what time great Hector of the flashing helm<br>135 was making havoc of the Argives at the sterns of the ships, could not forget Ate, of whom at the first I was made blind. Howbeit seeing I was blinded, and Zeus robbed me of my wits, fain am I to make amends and to give requital past counting. Nay, rouse thee for battle, and rouse withal the rest of thy people.<br>",8.32.4,R-paraphrase,https://scaife.perseus.org/reader/urn:cts:greekLit:tlg0012.tlg001.perseus-grc2:19.132-19.33?right=perseus-eng3,Megalopolis (Arkadia),"{""type"": ""Point"", ""coordinates"": [22.1273, 37.4124]}"
217,"Homer, Iliad 19.266 on oath-sacrifice of a boar by Agamemnon",Homer's Iliad,Q8275,Homer,epic poem,"take vengeance on men, whosoever hath sworn a false oath, that never laid I hand upon the girl Briseis either by way of a lover's embrace or anywise else, but she ever abode untouched in my huts. And if aught of this oath be false, may the gods give me woes<br>§ 19.265  full many, even all that they are wont to give to him whoso sinneth against them in his swearing.” He spake, and cut the boar's throat with the pitiless bronze, and the body Talthybius whirled and flung into the great gulf of the grey sea, to be food for the fishes; but Achilles uprose, and spake among the war-loving Argives:<br>“Father Zeus, great in good sooth is the blindness thou sendest upon men. Never would the son of Atreus have utterly roused the wrath within my breast, nor led off the girl ruthlessly in my despite, but mayhap it was the good pleasure of Zeus that on many of the Achaeans death should come.",5.24.11,R-quotation,https://scaife.perseus.org/reader/urn:cts:greekLit:tlg0012.tlg001.perseus-grc2:19.260-19.275?right=perseus-eng3,Altis sacred grove (Olympia),"{""type"": ""Point"", ""coordinates"": [21.62975, 37.63754]}"
218,"Homer, Iliad 19.327 on name of Neoptolemus",Homer's Iliad,Q8275,Homer,epic poem,"Naught more grievous than this could I suffer, not though I should hear of the death of mine own father, who now haply in Phthia is shedding round tears for lack of a son like me, while I in a land of alien folk<br>§ 19.325  for the sake of abhorred Helen am warring with the men of Troy; nay, nor though it were he that in Scyrus is reared for me, my son well-beloved —if so be godlike Neoptolemus still liveth. For until now the heart in my breast had hope that I alone should perish far from horse-pasturing Argos,<br>§ 19.330  here in the land of Troy, but that thou shouldest return to Phthia, that so thou mightest take my child in thy swift, black ship from Scyrus, and show him all things—my possessions, my slaves, and my great high-roofed house.",10.26.4,R-reference,https://scaife.perseus.org/reader/urn:cts:greekLit:tlg0012.tlg001.perseus-eng3:19.309-19.335/,Lesche of the Knidians,"{""type"": ""Point"", ""coordinates"": [22.5011, 38.48304]}"
219,"Homer, Iliad 2.100-108 on the sceptre of Agamemnon",Homer's Iliad,Q8275,Homer,epic poem,"Then among them lord Agamemnon uprose, bearing in his hands the sceptre which Hephaestus had wrought with toil. Hephaestus gave it to king Zeus, son of Cronos, and Zeus gave it to the messenger Argeïphontes; and Hermes, the lord, gave it to Pelops, driver of horses,<br>105 and Pelops in turn gave it to Atreus, shepherd of the host; and Atreus at his death left it to Thyestes, rich in flocks, and Thyestes again left it to Agamemnon to bear, that so he might be lord of many isles and of all Argos.<br>",9.40.11,R-paraphrase,https://scaife.perseus.org/reader/urn:cts:greekLit:tlg0012.tlg001.perseus-grc2:2.100-2.110,Chaironea (Boeotia),"{""type"": ""Point"", ""coordinates"": [22.8416, 38.4944]}"
220,"Homer, Iliad 2.117 on Zeus levelling strongholds",Homer's Iliad,Q8275,Homer,epic poem,"So, I ween, must be the good pleasure of Zeus, supreme in might, who hath laid low the heads of many cities, yea, and shall yet lay low, for his power is above all. A shameful thing is this even for the hearing of men that are yet to be,",2.7.1,R-quotation,https://scaife.perseus.org/reader/urn:cts:greekLit:tlg0012.tlg001.perseus-eng3:2.109,Corinthia - Sikyonia border,"{""type"": ""GeometryCollection"", ""geometries"": [{""type"": ""Polygon"", ""coordinates"": [[[22.753523301404158, 37.94270323795715], [22.817206413472263, 37.94270323795715], [22.817206413472263, 37.95544470099276], [22.753523301404158, 37.95544470099276], [22.753523301404158, 37.94270323795715]]]}]}"
221,"Homer, Iliad 2.307 on plane tree (platanos) at Aulis",Homer's Iliad,Q8275,Homer,epic poem,"and we round about a spring were offering to the immortals upon the holy altars hecatombs that bring fulfillment, beneath a fair plane-tree from whence flowed the bright water; then appeared a great portent: a serpent, blood-red on the back, terrible, whom the Olympian himself had sent forth to the light, <br>310 glided from beneath the altar and darted to the plane-tree. Now upon this were the younglings of a sparrow, tender little ones, on the topmost bough, cowering beneath the leaves, eight in all, and the mother that bare them was the ninth, Then the serpent devoured them as they twittered piteously, <br>315 and the mother fluttered around them, wailing for her dear little ones; howbeit he coiled himself and caught her by the wing as she screamed about him. But when he had devoured the sparrow's little ones and the mother with them, the god, who had brought him to the light, made him to be unseen; for the son of crooked-counselling Cronos turned him to stone;<br>320 and we stood there and marveled at what was wrought. So, when the dread portent brake in upon the hecatombs of the gods, then straightway did Calchas prophesy, and address our gathering, saying: 'Why are ye thus silent, ye long-haired Achaeans? To us hath Zeus the counsellor shewed this great sign, <br>325 late in coming, late in fulfillment, the fame whereof shall never perish. Even as this serpent devoured the sparrow's little ones and the mother with them—the eight, and the mother that bare them was the ninth—so shall we war there for so many years, but in the tenth shall we take the broad-wayed city.' On this wise spake Calchas,",9.19.7,R-reference,https://scaife.perseus.org/reader/urn:cts:greekLit:tlg0012.tlg001.perseus-grc2:2.300-2.330,Aulis,"{""type"": ""Point"", ""coordinates"": [23.594, 38.4361]}"
222,"Homer, Iliad 2.502 on Copae",Homer's Iliad,Q8275,Homer,epic poem,"and they had Eleon, Hyle, and Peteon; Ocalea and the strong fortress of Medeon; Copae, Eutresis, and Thisbe the haunt of doves; Coronea, and the pastures of Haliartus; Plataea and Glisas;<br>505 the fortress of Thebes the less; holy Onchestos with its famous grove of Poseidon; Arne rich in vineyards; Midea, sacred Nisa, and Anthedon upon the sea.",9.24.1,R-reference,https://scaife.perseus.org/reader/urn:cts:greekLit:tlg0012.tlg001.perseus-grc2:2.500-2.510,Kephisian lake,"{""type"": ""Point"", ""coordinates"": [23.0687, 38.4471]}"
223,"Homer, Iliad 2.506 on Onchestian grove",Homer's Iliad,Q8275,Homer,epic poem,"and that held Eleon and Hyle and Peteon, Ocalea and Medeon, the well-built citadel, Copae, Eutresis, and Thisbe, the haunt of doves; that dwelt in Coroneia and grassy Haliartus, and that held Plataea and dwelt in Glisas;<br>that held lower Thebe, the well-built citadel, and holy Onchestus, the bright grove of Poseidon; and that held Arne, rich in vines, and Mideia and sacred Nisa and Anthedon on the seaboard.",9.26.5,R-reference,https://scaife.perseus.org/reader/urn:cts:greekLit:tlg0012.tlg001.perseus-eng4:2.480,Onchestos (Boeotia),"{""type"": ""Point"", ""coordinates"": [23.1453, 38.3622]}"
224,"Homer, Iliad 2.507 on ancient place names, Eleon",Homer's Iliad,Q8275,Homer,epic poem,"and that held Eleon and Hyle and Peteon, Ocalea and Medeon, the well-built citadel, Copae, Eutresis, and Thisbe, the haunt of doves; that dwelt in Coroneia and grassy Haliartus, and that held Plataea and dwelt in Glisas;<br>that held lower Thebe, the well-built citadel, and holy Onchestus, the bright grove of Poseidon; and that held Arne, rich in vines, and Mideia and sacred Nisa and Anthedon on the seaboard.",9.40.6,R-reference,https://scaife.perseus.org/reader/urn:cts:greekLit:tlg0012.tlg001.perseus-grc2:2.505-2.510,Chaironea (Boeotia),"{""type"": ""Point"", ""coordinates"": [22.8416, 38.4944]}"
225,"Homer, Iliad 2.520 on Krisa rather than Kirra",Homer's Iliad,Q8275,Homer,epic poem,"and sacred Crisa and Daulis and Panopeus; and that dwelt about Anemoreia and Hyampolis, and that lived beside the goodly river Cephisus, and that held Lilaea by the springs of Cephisus. With these followed forty black ships.",10.37.5,R-reference,https://scaife.perseus.org/reader/urn:cts:greekLit:tlg0012.tlg001.perseus-eng3:2.459-2.530?right=perseus-grc2,Kirra,"{""type"": ""Point"", ""coordinates"": [22.450621, 38.428937]}"
226,"Homer, Iliad 2.522 on Parapotamioi",Homer's Iliad,Q8275,Homer,epic poem,"and sacred Crisa and Daulis and Panopeus; and that dwelt about Anemoreia and Hyampolis, and that lived beside the goodly river Cephisus, and that held Lilaea by the springs of Cephisus. With these followed forty black ships.",10.33.7,R-quotation,https://scaife.perseus.org/reader/urn:cts:greekLit:tlg0012.tlg001.perseus-eng3:2.459-2.530?right=perseus-grc2,Parapotamioi,"{""type"": ""Point"", ""coordinates"": [22.806, 38.554]}"
227,"Homer, Iliad 2.569-2.580 on Catalogue of ships",Homer's Iliad,Q8275,Homer,epic poem,"οἳ δὲ Μυκήνας εἶχον ἐϋκτίμενον πτολίεθρον<br>ἀφνειόν τε Κόρινθον ἐϋκτιμένας τε Κλεωνάς,<br>Ὀρνειάς τʼ ἐνέμοντο Ἀραιθυρέην τʼ ἐρατεινὴν<br>καὶ Σικυῶνʼ, ὅθʼ ἄρʼ Ἄδρηστος πρῶτʼ ἐμβασίλευεν,<br>οἵ θʼ Ὑπερησίην τε καὶ αἰπεινὴν Γονόεσσαν<br>Πελλήνην τʼ εἶχον ἠδʼ Αἴγιον ἀμφενέμοντο<br>Αἰγιαλόν τʼ ἀνὰ πάντα καὶ ἀμφʼ Ἑλίκην εὐρεῖαν,<br>
τῶν ἑκατὸν νηῶν ἦρχε κρείων Ἀγαμέμνων<br>Ἀτρεΐδης· ἅμα τῷ γε πολὺ πλεῖστοι καὶ ἄριστοι<br>λαοὶ ἕποντʼ· ἐν δʼ αὐτὸς ἐδύσετο νώροπα χαλκὸν<br>κυδιόων, πᾶσιν δὲ μετέπρεπεν ἡρώεσσιν<br>οὕνεκʼ ἄριστος ἔην πολὺ δὲ πλείστους ἄγε λαούς.<br>",2.4.2,R-reference,https://scaife.perseus.org/reader/urn:cts:greekLit:tlg0012.tlg001.perseus-grc2:2.569-2.580/,Sanctuary of Athena Chalinitis in Corinth,"{""type"": ""Point"", ""coordinates"": [22.8802, 37.9054]}"
228,"Homer, Iliad 2.583 on name of Aegiae or Augeae",Homer's Iliad,Q8275,Homer,epic poem,"And they that held the hollow land of Lacedaemon with its many ravines, and Pharis and Sparta and Messe, the haunt of doves, and that dwelt in Bryseiae and lovely Augeiae, and that held Amyclae and Helus, a citadel hard by the sea, and that held Laas, and dwelt about Oetylus,—these were led by Agamemnon's brother, even Menelaus, good at the war-cry, with sixty ships;",3.21.5,R-reference,https://scaife.perseus.org/reader/urn:cts:greekLit:tlg0012.tlg001.perseus-eng3:2.581-2.615?right=perseus-grc2,Aigiai (Lakonia),"{""type"": ""Point"", ""coordinates"": [22.5129, 36.7863]}"
229,"Homer, Iliad 2.594 on misfortune of Thamyris at Dorium",Homer's Iliad,Q8275,Homer,epic poem,"And they that dwelt in Pylos and lovely Arene and Thryum, the ford of Alpheius, and fair-founded Aepy, and that had their abodes in Cyparisseis and Amphigeneia and Pteleos and Helus and Dorium,<br>§ 2.595  where the Muses met Thamyris the Thracian and made an end of his singing, even as he was journeying from Oechalia, from the house of Eurytus the Oechalian: for he vaunted with boasting that he would conquer, were the Muses themselves to sing against him, the daughters of Zeus that beareth the aegis; but they in their wrath maimed him, and took from him his wondrous song, and made him forget his minstrelsy;",4.33.7,R-paraphrase,https://scaife.perseus.org/reader/urn:cts:greekLit:tlg0012.tlg001.perseus-grc2:2.590-2.600?right=perseus-eng3,Dorion,"{""type"": ""Point"", ""coordinates"": [21.88255, 37.26708]}"
230,"Homer, Iliad 2.605 on Orchomenus",Homer's Iliad,Q8275,Homer,epic poem,"and they that dwelt in Pheneos and Orchomenus, rich in flocks, and Rhipe and Stratia and wind-swept Enispe; and that held Tegea and lovely Mantineia; and that held Stymphalus and dwelt in Parrhasia, —all these were led by the son of Ancaeus, Lord Agapenor, with sixty ships;",8.3.3,R-quotation,https://scaife.perseus.org/reader/urn:cts:greekLit:tlg0012.tlg001.perseus-grc2:2.606,Argolid - Arkadia border near Mt. Artemision,"{""type"": ""GeometryCollection"", ""geometries"": [{""type"": ""Polygon"", ""coordinates"": [[[22.475774354441114, 37.654310963973046], [22.507440284004105, 37.571411550419754], [22.521537982781183, 37.57134643717862], [22.488651704535528, 37.65540068883523], [22.475774354441114, 37.654310963973046]]]}]}"
231,"Homer, Iliad 2.606 on Enispe, Stratie and Rhipe in Arcadia",Homer's Iliad,Q8275,Homer,epic poem,"and they that dwelt in Pheneos and Orchomenus, rich in flocks, and Rhipe and Stratia and wind-swept Enispe; and that held Tegea and lovely Mantineia; and that held Stymphalus and dwelt in Parrhasia, —all these were led by the son of Ancaeus, Lord Agapenor, with sixty ships;",8.25.12,R-quotation,https://scaife.perseus.org/reader/urn:cts:greekLit:tlg0012.tlg001.perseus-grc2:2.606,Korakon Nesos,"{""type"": ""Point"", ""coordinates"": [21.8225, 37.5949]}"
232,"Homer, Iliad 2.661 on Licymnius killed by Tleptolemus",Homer's Iliad,Q8275,Homer,epic poem,"But when Tlepolemus had grown to manhood in the well-fenced palace, forthwith he slew his own father's dear uncle, Licymnius, scion of Ares, who was then waxing old. So he straightway built him ships, and when he had gathered together much people, went forth in flight over the sea, for that the other sons and grandsons of mighty Heracles threatened him. But he came to Rhodes in his wanderings, suffering woes, and there his people settled in three divisions by tribes, and were loved of Zeus that is king among gods and men;",2.22.8,R-paraphrase,https://scaife.perseus.org/reader/urn:cts:greekLit:tlg0012.tlg001.perseus-grc2:2.660-2.665/,"Road to Kylarabis Gymnasium, Argos","{""type"": ""Point"", ""coordinates"": [22.7195, 37.6316]}"
233,"Homer, Iliad 2.724 on ophis as dragon guide to Mantineia",Homer's Iliad,Q8275,Homer,epic poem,"even she, the comeliest of the daughters of Pelias. And they that dwelt in Methone and Thaumacia, and that held Meliboea and rugged Olizon, these with their seven ships were led by Philoctetes, well-skilled in archery, and on each ship embarked fifty oarsmen well skilled to fight amain with the bow. But Philoctetes lay suffering grievous pains in an island, even in sacred Lemnos, where the sons of the Achaeans had left him in anguish with an evil wound from a deadly water-snake. There he lay suffering;",8.8.5,R-paraphrase,https://scaife.perseus.org/reader/urn:cts:greekLit:tlg0012.tlg001.perseus-grc2:2.720-2.300,Mantineia (Arkadia),"{""type"": ""Point"", ""coordinates"": [22.3933, 37.6181]}"
234,"Homer, Iliad 2.741 on Peirithous as son of Zeus",Homer's Iliad,Q8275,Homer,epic poem,"these again had as leader Polypoetes, staunch in fight, son of Peirithous, whom immortal Zeus begat— even him whom glorious Hippodameia conceived to Peirithous on the day when he got him vengeance on the shaggy centaurs, and thrust them forth from Pelium, and drave them to the Aethices.",5.10.8,R-paraphrase,https://scaife.perseus.org/reader/urn:cts:greekLit:tlg0012.tlg001.perseus-grc2:2.735-2.750?right=perseus-eng3,Temple of Zeus at Olympia,"{""type"": ""Point"", ""coordinates"": [21.63042, 37.63794]}"
235,"Homer, Iliad 20.131 on avoiding meeting gods face to face",Homer's Iliad,Q8275,Homer,epic poem,"But if Achilles learn not this from some voice of the gods,<br>§ 20.130  he shall have dread hereafter when some god shall come against him in battle; for hard are the gods to look upon when they appear in manifest presence.” Then Poseidon, the Shaker of Earth, answered her: “Hera, be not thou wroth beyond what is wise; thou needest not at all. I verily were not fain to make gods clash with gods in strife.",10.32.18,R-paraphrase,https://scaife.perseus.org/reader/urn:cts:greekLit:tlg0012.tlg001.perseus-eng3:20.110-20.140/,Enclosure of Isis near Tithorea,"{""type"": ""Point"", ""coordinates"": [22.66931, 38.58344]}"
236,"Homer, Iliad 20.234 on Ganymedes carried off to be winebearer to Zeus",Homer's Iliad,Q8275,Homer,epic poem,"And Erichthonius begat Tros to be king among the Trojans, and from Tros again three peerless sons were born, Ilus, and Assaracus, and godlike Ganymedes that was born the fairest of mortal men; wherefore the gods caught him up on high to be cupbearer to Zeus by reason of his beauty, that he might dwell with the immortals.",5.24.5,R-paraphrase,https://scaife.perseus.org/reader/urn:cts:greekLit:tlg0012.tlg001.perseus-grc2:20.230-20.240,Altis sacred grove (Olympia),"{""type"": ""Point"", ""coordinates"": [21.62975, 37.63754]}"
237,"Homer, Iliad 2.575, references in Homer to Helice and Heliconian Poseidon",Homer's Iliad,Q8275,Homer,epic poem,"and they that held Hyperesia and steep Gonoessa and Pellene,<br>and that dwelt about Aegium and throughout all Aegialus, and about broad Helice,—of these was the son of Atreus, lord Agamemnon, captain, with an hundred ships. With him followed most people by far and goodliest; and among them he himself did on his gleaming bronze, a king all-glorious, and was pre-eminent among all the warriors, for that he was noblest, and led a people far the most in number.",7.24.6,R-reference,https://scaife.perseus.org/reader/urn:cts:greekLit:tlg0012.tlg001.perseus-grc2:20.404?right=perseus-eng3,Helike,"{""type"": ""Point"", ""coordinates"": [22.14015, 38.22257]}"
238,"Homer, Odyssey 21.15-21.17 on Messene as region not city",Homer's Iliad,Q8275,Homer,epic poem,They two had met one another in Messene in the house of wise Ortilochus.,4.1.4,R-quotation,https://scaife.perseus.org/reader/urn:cts:greekLit:tlg0012.tlg002.perseus-grc2:21.15-21.17,Choirios Nape,"{""type"": ""GeometryCollection"", ""geometries"": [{""type"": ""Polygon"", ""coordinates"": [[[22.143588429711173, 36.94888471665877], [22.18624381440418, 36.95017414417967], [22.223199270082375, 36.95378608209073], [22.248155909035262, 36.960469507191235], [22.25775393867147, 36.96224967963566], [22.262659624143453, 36.98275144390442], [22.284975814421244, 36.99240306697337], [22.277683819340496, 36.9974822900312], [22.25528655397426, 36.98707795027782], [22.249117608796496, 36.96730110791651], [22.220231007097283, 36.9612590436016], [22.193853679994135, 36.956753242978635], [22.16522532799945, 36.956871930927164], [22.14004783897485, 36.95194522129127], [22.143588429711173, 36.94888471665877]]]}]}"
239,"Homer, Iliad 21.446 on Apollo tending cows",Homer's Iliad,Q8275,Homer,epic poem,"But unto Apollo spake the lord Poseidon, the Shaker of Earth: “Phoebus, wherefore do we twain stand aloof? It beseemeth not, seeing others have begun. Nay, it were the more shameful, if without fighting we should fare back to Olympus, to the house of Zeus with threshold of bronze. Begin, since thou art the younger; it were not meet for me, seeing I am the elder-born and know the more. Fool, how witless is the heart thou hast! Neither rememberest thou all the woes that we twain alone of all the gods endured at Ilios, what time we came at the bidding of Zeus and served the lordly Laomedon for a year's space at a fixed wage, and he was our taskmaster and laid on us his commands. I verily built for the Trojans round about their city a wall, wide and exceeding fair, that the city might never be broken; and thou, Phoebus, didst herd the sleek kine of shambling gait amid the spurs of wooded Ida, the many-ridged.<br> But when at length the glad seasons were bringing to its end the term of our hire, then did dread Laomedon defraud us twain of all hire, and send us away with a threatening word. He threatened that he would bind together our feet and our hands above, and would sell us into isles that lie afar.",7.20.4,R-quotation,https://scaife.perseus.org/reader/urn:cts:greekLit:tlg0012.tlg001.perseus-grc2:21.446-21.4555?right=perseus-eng3,Sanctuary of Apollo in agora of Patrae,"{""type"": ""Point"", ""coordinates"": [21.7404, 38.2434]}"
240,"Homer, Iliad 21.481-486 on Artemis",Homer's Iliad,Q8275,Homer,epic poem,"How now art thou fain, thou bold and shameless thing, to stand forth against me? No easy foe I tell thee, am I, that thou shouldst vie with me in might, albeit thou bearest the bow, since it was against women that Zeus made thee a lion, and granted thee to slay whomsoever of them thou wilt.",4.30.5,R-reference,https://scaife.perseus.org/reader/urn:cts:greekLit:tlg0012.tlg001.perseus-grc2:21.480-21.485?right=perseus-eng3,Pherai (Messenia),"{""type"": ""Point"", ""coordinates"": [22.113, 37.046]}"
241,"Homer, Iliad 21.185-199 on Achelous and the Ocean",Homer's Iliad,Q8275,Homer,epic poem,"And Achilles leapt upon his breast and despoiled him of his arms, and exulted saying:
Lie as thou art! Hard is it to strive with the children of the mighty son of Cronos, albeit for one begotten of a River. Thou verily declarest that thy birth is from the wide-flowing River, whereas I avow me to be of the lineage of great Zeus. The father that begat me is one that is lord among the many Myrmidons, even Peleus, son of Aeacus; and Aeacus was begotten of Zeus. Wherefore as Zeus is mightier than rivers that murmur seaward, so mightier too is the seed of Zeus than the seed of a river. For lo, hard beside thee is a great River, if so be he can avail thee aught; but it may not be that one should fight with Zeus the son of Cronos. With him doth not even king Achelous vie, nor the great might of deep-flowing Ocean, from whom all rivers flow and every sea, and all the springs and deep wells; howbeit even he hath fear of the lightning of great Zeus, and his dread thunder, whenso it crasheth from heaven.",8.38.10,R-reference,https://scaife.perseus.org/reader/urn:cts:greekLit:tlg0012.tlg001.perseus-grc2:21.85-21.99,Theisoa near Lykaion,"{""type"": ""Point"", ""coordinates"": [21.9636, 37.5069]}"
242,"Homer, Iliad 22.355-360 on Achilles to die at hands of Paris and Apollo",Homer's Iliad,Q8275,Homer,epic poem,"Then even in dying spake unto him Hector of the flashing helm: “Verily I know thee well, and forbode what shall be, neither was it to be that I should persuade thee; of a truth the heart in thy breast is of iron. Bethink thee now lest haply I bring the wrath of the gods upon thee on the day when Paris and Phoebus Apollo shall slay thee,<br> valorous though thou art, at the Scaean gate.” Even as he thus spake the end of death enfolded him and his soul fleeting from his limbs was gone to Hades, bewailing her fate, leaving manliness and youth.",1.13.9,R-paraphrase,https://scaife.perseus.org/reader/urn:cts:greekLit:tlg0012.tlg001.perseus-eng3:22.355-22.360,Odeion of Agrippa (Athens Agora),"{""type"": ""Point"", ""coordinates"": [23.723135000000003, 37.975124]}"
243,"Homer, Iliad 23.140-149 on offering cut hair to river god",Homer's Iliad,Q8275,Homer,epic poem,"Then again swift-footed goodly Achilles took other counsel; he took his stand apart from the fire and shore off a golden lock, the rich growth whereof he had nursed for the river Spercheus, and his heart mightily moved, he spake, with a look over the wine-dark sea: “Spercheus, to no purpose did my father Peleus vow to thee<br>that when I had come home thither to my dear native land, I would shear my hair to thee and offer a holy hecatomb, and on the selfsame spot would sacrifice fifty rams, males without blemish, into thy waters, where is thy demesne and thy fragrant altar. So vowed that old man, but thou didst not fulfill for him his desire.",1.37.3,R-paraphrase,https://scaife.perseus.org/reader/urn:cts:greekLit:tlg0012.tlg001.perseus-grc2:23.140-23.149,Kephisos R. (Attica),"{""type"": ""MultiLineString"", ""coordinates"": [[[23.673672200000002, 37.9547322], [23.6731862, 37.9534146], [23.6730495, 37.9530622], [23.6729311, 37.9527047], [23.672776, 37.9520196], [23.6725227, 37.9500893], [23.6724599, 37.949157], [23.672452, 37.9481917], [23.6724421, 37.9458242], [23.6724342, 37.9453478], [23.6724374, 37.9446808], [23.672438400000004, 37.9442445], [23.672431200000002, 37.9441327], [23.672423600000002, 37.9440358], [23.6724121, 37.9439298], [23.672368, 37.9436776], [23.6723207, 37.9434638], [23.6722849, 37.9433117], [23.672236900000005, 37.9431422], [23.6721471, 37.9428722], [23.672080400000002, 37.9427193], [23.672000400000005, 37.9425379]], [[23.6747285, 37.9573866], [23.6746061, 37.9570709], [23.673672200000002, 37.9547322]], [[23.675043000000002, 37.9581622], [23.6747285, 37.9573866]], [[23.676118400000004, 37.9696159], [23.6767851, 37.9686807], [23.6780451, 37.9670085], [23.6782007, 37.9667057], [23.6782778, 37.9664628], [23.678326999999996, 37.9662125], [23.6783286, 37.9659604], [23.6783091, 37.9658294], [23.678278800000005, 37.9657165], [23.6781568, 37.9653018], [23.6769987, 37.9626583], [23.6763369, 37.9611426], [23.675862399999996, 37.9600472], [23.6755849, 37.959409], [23.675319700000003, 37.9588013], [23.675178000000002, 37.9584917], [23.675043000000002, 37.9581622]], [[23.6771709, 37.9765264], [23.6768689, 37.9760948], [23.6764098, 37.9754579], [23.675965599999998, 37.9748608], [23.6756742, 37.9744427], [23.6754423, 37.9741131], [23.6753109, 37.9739154], [23.6751759, 37.9736757], [23.6750432, 37.9733834], [23.6749536, 37.9731469], [23.674942, 37.9730999], [23.674888400000004, 37.972883], [23.674854000000003, 37.9726226], [23.6748385, 37.9723354], [23.6748568, 37.9719749], [23.6749477, 37.9715586], [23.675051400000005, 37.9712836], [23.675180300000005, 37.9710108], [23.675309599999995, 37.9707787], [23.675586499999998, 37.9703862], [23.676118400000004, 37.9696159]], [[23.6928288, 37.994835], [23.691629200000005, 37.9938058], [23.690678399999996, 37.9929499], [23.689457, 37.9918676], [23.688955300000003, 37.9914175], [23.6885546, 37.9910342], [23.6875086, 37.9901009], [23.6870562, 37.9897125], [23.6859896, 37.9887521], [23.68576, 37.9884834], [23.6855001, 37.988111], [23.684605599999998, 37.9868552], [23.6841667, 37.9862486], [23.683226399999995, 37.9849475], [23.6827915, 37.9843354], [23.6815006, 37.9825182], [23.6808725, 37.9816775], [23.6801511, 37.9806492], [23.679142599999995, 37.9792691], [23.6788076, 37.9788035], [23.6781974, 37.9779423], [23.6777148, 37.9772808], [23.6771709, 37.9765264]], [[23.6943806, 37.9962245], [23.6940771, 37.9959833], [23.6939465, 37.9958795], [23.693043, 37.9950352], [23.6928288, 37.994835]], [[23.698590199999998, 37.9988201], [23.6982294, 37.998657], [23.696995, 37.9980971], [23.696549900000004, 37.9978498], [23.6958614, 37.9973751], [23.6946987, 37.9964821], [23.694653399999996, 37.9964501], [23.6943806, 37.9962245]], [[23.705223100000005, 38.0016021], [23.7049421, 38.001462], [23.7046428, 38.0013209], [23.703994300000005, 38.0010788], [23.702447, 38.0005007], [23.700803099999998, 37.9998202], [23.698590199999998, 37.9988201]], [[23.709321299999996, 38.0046078], [23.709014200000002, 38.0044302], [23.7086174, 38.0041535], [23.7073594, 38.0030769], [23.707134299999996, 38.0028904], [23.706903000000004, 38.0027087], [23.7066655, 38.002532], [23.706422, 38.0023604], [23.7057937, 38.0019501], [23.7055183, 38.0017767], [23.705223100000005, 38.0016021]], [[23.7183025, 38.0131522], [23.7181698, 38.0124892], [23.718113100000004, 38.0120622], [23.7180083, 38.0110062], [23.7179759, 38.0108814], [23.717856200000003, 38.0105923], [23.7175091, 38.0100959], [23.7173925, 38.0099754], [23.7172736, 38.0098657], [23.717231599999998, 38.0098315], [23.7171448, 38.0097608], [23.7170161, 38.0096686], [23.7168827, 38.0095804], [23.7165243, 38.0093612], [23.716292699999997, 38.0092196], [23.7153472, 38.008669], [23.7149453, 38.0084409], [23.7136846, 38.0072822], [23.7122487, 38.0059408], [23.7118659, 38.0056725], [23.7112133, 38.0053249], [23.7097218, 38.0047819], [23.709321299999996, 38.0046078]], [[23.718688199999995, 38.0144679], [23.7185757, 38.0141646], [23.7184798, 38.01384], [23.7183723, 38.0134262], [23.7183025, 38.0131522]], [[23.718893, 38.0149248], [23.7188538, 38.0148509], [23.718688199999995, 38.0144679]], [[23.719890999999997, 38.0164081], [23.7197483, 38.0162061], [23.7194901, 38.0158284], [23.7192668, 38.0155089], [23.7190554, 38.0151786], [23.718893, 38.0149248]], [[23.723989099999997, 38.0199915], [23.7237126, 38.0196356], [23.7231798, 38.0190099], [23.722901199999995, 38.0187476], [23.7223339, 38.0182934], [23.721520700000003, 38.0177156], [23.720678900000003, 38.0171009], [23.7201865, 38.0166702], [23.719890999999997, 38.0164081]], [[23.7240329, 38.020575], [23.724046, 38.0205147], [23.7240537, 38.0202415], [23.723989099999997, 38.0199915]], [[23.723743500000005, 38.0219311], [23.723763, 38.0218365], [23.7239336, 38.0210494], [23.7240329, 38.020575]], [[23.729992700000004, 38.0341667], [23.729840799999998, 38.0337026], [23.7297281, 38.0333454], [23.729461799999996, 38.0325335], [23.729273999999997, 38.032012], [23.729156100000004, 38.0317393], [23.729021, 38.0315248], [23.728819099999996, 38.0312394], [23.7286055, 38.0309539], [23.7282548, 38.0304532], [23.7281028, 38.0302287], [23.7278824, 38.0298726], [23.7276832, 38.0294072], [23.727549200000002, 38.0291087], [23.7274009, 38.0287425], [23.727191700000002, 38.0282535], [23.7270659, 38.02793], [23.726848199999996, 38.0274313], [23.726715199999997, 38.0271066], [23.726543700000004, 38.0266777], [23.7264243, 38.0264466], [23.7262727, 38.0261802], [23.7260062, 38.0257416], [23.725823200000004, 38.0254311], [23.7256884, 38.0252008], [23.7254749, 38.0248423], [23.725274, 38.0244778], [23.7251367, 38.0242355], [23.7248672, 38.0238049], [23.724681600000004, 38.0235426], [23.723927599999996, 38.0224488], [23.7238159, 38.0222768], [23.723755, 38.0221008], [23.723743500000005, 38.0219311]], [[23.7344391, 38.0437423], [23.734403099999998, 38.043623], [23.7343561, 38.0434557], [23.734311, 38.0431657], [23.734191, 38.0423062], [23.734031000000005, 38.0412998], [23.7339526, 38.0407509], [23.7338837, 38.0402399], [23.7338235, 38.0398086], [23.7337822, 38.0395946], [23.733710900000002, 38.0394317], [23.733346, 38.038839], [23.732960900000002, 38.0382563], [23.7325563, 38.0376273], [23.7323131, 38.0372488], [23.732127899999995, 38.0370369], [23.7319213, 38.0368167], [23.7315996, 38.036506], [23.731348, 38.0362731], [23.7309141, 38.0358384], [23.7306059, 38.03551], [23.730425, 38.0352972], [23.730338299999996, 38.0351449], [23.7302607, 38.034952], [23.7301733, 38.034679], [23.729992700000004, 38.0341667]], [[23.736143999999996, 38.046905], [23.7366915, 38.0467538], [23.7370089, 38.0466539], [23.737108599999996, 38.0466072], [23.7371702, 38.0465609], [23.7372827, 38.0464219], [23.73729, 38.0462981], [23.7372754, 38.046082], [23.7372481, 38.0459918], [23.737126900000003, 38.0457276], [23.7370213, 38.0455622], [23.7368042, 38.0452921], [23.7366193, 38.045121], [23.736431200000002, 38.0449933], [23.736127, 38.044811], [23.735469199999997, 38.0444439], [23.7347153, 38.0440367], [23.734611699999995, 38.0439529], [23.7345252, 38.0438665], [23.7344391, 38.0437423]], [[23.735461600000004, 38.0478169], [23.735325199999995, 38.0476485], [23.735288699999998, 38.0475313], [23.735292, 38.0474237], [23.7353216, 38.0472622], [23.7354429, 38.0471624], [23.7355588, 38.0470889], [23.736143999999996, 38.046905]], [[23.7372922, 38.0499167], [23.7372318, 38.0496083], [23.7372632, 38.0493604], [23.7373021, 38.0491199], [23.7373358, 38.0488731], [23.737352000000005, 38.0485995], [23.737318799999997, 38.0484117], [23.7372655, 38.0483213], [23.7371919, 38.0482511], [23.7370209, 38.0481941], [23.7368579, 38.0481915], [23.736562999999997, 38.0482181], [23.7363693, 38.0482081], [23.736174600000002, 38.0481617], [23.73597, 38.0480847], [23.735740699999997, 38.0479725], [23.735461600000004, 38.0478169]], [[23.7463074, 38.0591344], [23.746173099999996, 38.0590654], [23.7460392, 38.0589317], [23.7455215, 38.0584565], [23.7453526, 38.0582411], [23.7450307, 38.0578652], [23.7446954, 38.0575653], [23.7444887, 38.0573821], [23.744234000000002, 38.0571703], [23.7440169, 38.0568915], [23.7438183, 38.0564502], [23.7436118, 38.0559855], [23.7434508, 38.0556307], [23.7433514, 38.0554074], [23.7432725, 38.0553355], [23.743147500000003, 38.0553187], [23.7429303, 38.0553251], [23.7426061, 38.0553488], [23.7423617, 38.0553652], [23.742142999999995, 38.0553446], [23.741947300000003, 38.0552938], [23.7417018, 38.0551751], [23.7415801, 38.0550518], [23.741526500000003, 38.0549649], [23.741524799999997, 38.0548583], [23.741585, 38.0547074], [23.7416247, 38.0544269], [23.741678400000005, 38.0540611], [23.741689500000003, 38.0537452], [23.7417213, 38.0534912], [23.7418022, 38.0532608], [23.7417544, 38.053102], [23.741668800000003, 38.0529534], [23.7415436, 38.0528857], [23.7413715, 38.0528581], [23.741007200000002, 38.0529983], [23.7407015, 38.0530777], [23.7404895, 38.0531117], [23.7402764, 38.0530742], [23.740050100000005, 38.0529635], [23.739890699999997, 38.0528546], [23.7395841, 38.0526014], [23.739444799999998, 38.0523728], [23.739287999999995, 38.0521854], [23.7390616, 38.0519934], [23.738812, 38.0518471], [23.7385159, 38.0517099], [23.7381907, 38.0515682], [23.737912, 38.0513305], [23.7376856, 38.0511019], [23.7374534, 38.0508916], [23.737296600000004, 38.0505075], [23.7372376, 38.0502796], [23.7372627, 38.0500637], [23.7372922, 38.0499167]], [[23.746996800000005, 38.0617027], [23.747025, 38.0616467], [23.746960700000002, 38.0613003], [23.747025, 38.0609962], [23.7471431, 38.0605907], [23.7472262, 38.0601072], [23.747204799999995, 38.0597566], [23.747093099999997, 38.0594666], [23.7469821, 38.0593447], [23.746746100000003, 38.0592391], [23.7463074, 38.0591344]], [[23.7470137, 38.0620305], [23.7469455, 38.0618048], [23.746996800000005, 38.0617027]], [[23.7475991, 38.0635726], [23.7470137, 38.0620305]], [[23.7679851, 38.0789949], [23.767556, 38.0789443], [23.7670156, 38.0790216], [23.766457699999997, 38.0790723], [23.765889099999995, 38.0791145], [23.7655076, 38.0789398], [23.765266800000003, 38.0789541], [23.764902000000003, 38.078878], [23.7644622, 38.0786838], [23.7641725, 38.0784558], [23.763915, 38.0782024], [23.763968600000002, 38.0778815], [23.7640008, 38.0775521], [23.763861300000002, 38.0772143], [23.763464400000004, 38.0769525], [23.7629494, 38.0767667], [23.7624344, 38.0765809], [23.7619194, 38.0762768], [23.7615546, 38.0760235], [23.7610397, 38.0759559], [23.760696300000003, 38.0759559], [23.7604818, 38.0756603], [23.760342299999998, 38.0753563], [23.7604174, 38.0750353], [23.7603959, 38.0746975], [23.7602565, 38.0745708], [23.759655600000002, 38.074537], [23.7589261, 38.0745961], [23.758057, 38.0746384], [23.758026799999996, 38.0744524], [23.758003400000003, 38.074309], [23.7580678, 38.0736502], [23.758153599999996, 38.0728985], [23.7579176, 38.0725184], [23.7575528, 38.0722988], [23.7568125, 38.0721046], [23.756329700000002, 38.0719525], [23.756007799999995, 38.0717076], [23.7556967, 38.071336], [23.7555787, 38.0709559], [23.755664499999998, 38.0705589], [23.7554285, 38.0702042], [23.7549993, 38.0697903], [23.754302, 38.0693173], [23.753744100000002, 38.0690301], [23.7533042, 38.0689034], [23.7529608, 38.0686078], [23.7528214, 38.068177], [23.752993, 38.06778], [23.7530789, 38.0674928], [23.7529287, 38.0673577], [23.752630200000002, 38.0673763], [23.7522635, 38.0674084], [23.7518772, 38.0673155], [23.7515209, 38.0671915], [23.751396, 38.0670804], [23.7511433, 38.0667595], [23.7509689, 38.0665717], [23.7507913, 38.0664416], [23.750562199999997, 38.0663554], [23.750107000000003, 38.0662343], [23.749757, 38.0661527], [23.7494752, 38.0661092], [23.7493825, 38.0660631], [23.7492562, 38.0659622], [23.7491139, 38.0657851], [23.7487471, 38.0651694], [23.748724599999996, 38.065017], [23.7487799, 38.0646903], [23.7487804, 38.0645486], [23.7487417, 38.0643244], [23.7486513, 38.0642074], [23.7484888, 38.0641219], [23.7483966, 38.0641084], [23.7482652, 38.064138], [23.7481241, 38.0641348], [23.7479464, 38.0640746], [23.747827899999997, 38.0639208], [23.7476644, 38.0637597], [23.7475991, 38.0635726]], [[23.8241954, 38.1159802], [23.8237663, 38.1159634], [23.823476599999996, 38.1159634], [23.8231408, 38.1159102], [23.8231225, 38.1157692], [23.8232835, 38.1155582], [23.8234551, 38.1153556], [23.8236482, 38.1151446], [23.8235592, 38.1149563], [23.8234304, 38.114855], [23.823226600000005, 38.1147706], [23.8228436, 38.1146634], [23.822421900000002, 38.1145849], [23.822143, 38.1144836], [23.821982, 38.1142726], [23.8218029, 38.1140725], [23.821660200000004, 38.1139518], [23.8213737, 38.1138277], [23.8210594, 38.1136479], [23.8206549, 38.113431], [23.8203942, 38.1131668], [23.820268700000003, 38.1126291], [23.8202118, 38.1123649], [23.820054100000004, 38.1121901], [23.8197934, 38.1120863], [23.8194854, 38.1120973], [23.8192065, 38.1121732], [23.8188632, 38.1122154], [23.818473700000002, 38.1122298], [23.818237700000005, 38.1122129], [23.8181014, 38.1120804], [23.818015599999995, 38.1118271], [23.817929799999998, 38.1116077], [23.8177045, 38.1115232], [23.817390099999997, 38.1115629], [23.8170822, 38.111557], [23.816767800000004, 38.1114701], [23.8165211, 38.1113181], [23.816417000000005, 38.1110843], [23.8163848, 38.1106538], [23.8164385, 38.1103836], [23.8165211, 38.1101616], [23.8164782, 38.1099168], [23.8162239, 38.1098771], [23.8157915, 38.1099506], [23.8154804, 38.109883], [23.815108099999996, 38.1097589], [23.814890299999995, 38.1096551], [23.8146435, 38.1095116], [23.8144751, 38.1093115], [23.8142787, 38.1090557], [23.8140856, 38.1088194], [23.8137316, 38.1084648], [23.813506300000004, 38.1082791], [23.8132488, 38.108068], [23.8129516, 38.1079186], [23.8125868, 38.1078173], [23.8121255, 38.1077413], [23.8117467, 38.1076712], [23.8115032, 38.1075556], [23.8112961, 38.1073842], [23.8111277, 38.1071757], [23.8110601, 38.106979], [23.810902399999996, 38.1069056], [23.810741399999998, 38.1069056], [23.810602, 38.1069393], [23.8103659, 38.1070575], [23.8102372, 38.1071841], [23.8100012, 38.1073108], [23.8098831, 38.107353], [23.8096793, 38.107353], [23.8095259, 38.1072914], [23.8094754, 38.1071166], [23.8094722, 38.1068524], [23.8093327, 38.1065653], [23.8091182, 38.1063036], [23.808925099999996, 38.1060166], [23.8086493, 38.1056561], [23.8084347, 38.1054113], [23.8081987, 38.1052087], [23.807938000000004, 38.1050373], [23.807734200000002, 38.1049022], [23.807640800000005, 38.1047106], [23.807533500000005, 38.104432], [23.807508799999997, 38.1042353], [23.807412299999996, 38.1041002], [23.8072331, 38.104069], [23.8068898, 38.1041027], [23.8066752, 38.1041027], [23.806482099999997, 38.1042294], [23.806385500000005, 38.1044826], [23.8062461, 38.1046008], [23.8060851, 38.1046768], [23.8057815, 38.1046912], [23.8054307, 38.1046599], [23.8050444, 38.1046852], [23.804744, 38.1047866], [23.804314900000005, 38.1050736], [23.8040681, 38.1052931], [23.803778400000002, 38.105521], [23.8036175, 38.105673], [23.8034533, 38.1057718], [23.803271, 38.1057633], [23.803152900000004, 38.1056873], [23.803005999999996, 38.1055126], [23.8028311, 38.1052399], [23.8025553, 38.1048541], [23.802212, 38.1045586], [23.801857999999996, 38.1043644], [23.8014825, 38.1042125], [23.801107, 38.1040014], [23.800667100000002, 38.1037904], [23.8003345, 38.1035877], [23.8000738, 38.103467], [23.7997766, 38.1033598], [23.7994239, 38.1033503], [23.798941100000004, 38.1034094], [23.7985624, 38.1034237], [23.7982727, 38.1033562], [23.7980367, 38.1031873], [23.7978006, 38.1029256], [23.7975786, 38.1027087], [23.797328600000004, 38.1025373], [23.797031400000005, 38.1024638], [23.796763199999997, 38.1023034], [23.7967707, 38.102132], [23.7966312, 38.1019969], [23.7962589, 38.1018559], [23.795969200000002, 38.1017969], [23.7956366, 38.1018137], [23.7953255, 38.1019319], [23.7950144, 38.1021261], [23.7947998, 38.1023119], [23.7945101, 38.1024216], [23.794252599999997, 38.1024132], [23.793941499999995, 38.1023203], [23.793669999999995, 38.1020223], [23.793480100000004, 38.1016449], [23.793319199999996, 38.1012987], [23.7930893, 38.1009849], [23.7928318, 38.1008498], [23.7923812, 38.1006978], [23.7918909, 38.100675], [23.791472499999998, 38.1007088], [23.7911613, 38.1007341], [23.7907536, 38.1008017], [23.7904071, 38.1008751], [23.7900563, 38.1008692], [23.7898277, 38.1007654], [23.7895842, 38.1005653], [23.7893878, 38.1003939], [23.7891947, 38.1002335], [23.7890156, 38.1001684], [23.7887366, 38.1002107], [23.7882753, 38.1002782], [23.787878300000003, 38.1004217], [23.787620800000003, 38.1004471], [23.787317200000004, 38.1004361], [23.787167, 38.100301], [23.7870522, 38.100008], [23.7869202, 38.0997269], [23.7868558, 38.0994905], [23.7865479, 38.0993326], [23.7860973, 38.0993748], [23.785818400000004, 38.0994592], [23.7855501, 38.0994846], [23.785321599999996, 38.0995074], [23.7852358, 38.0994061], [23.7851929, 38.0991359], [23.7851929, 38.0988319], [23.785185400000003, 38.0985221], [23.785174599999998, 38.0981843], [23.784989, 38.0976668], [23.7847637, 38.0972108], [23.784687399999996, 38.0970874], [23.7846671, 38.0970546], [23.7845706, 38.0968984], [23.7844904, 38.0967091], [23.784409700000005, 38.0965185], [23.784302400000005, 38.0960963], [23.7842165, 38.0958261], [23.784146999999997, 38.0957213], [23.7840878, 38.095632], [23.783769199999995, 38.0953727], [23.7835621, 38.0952013], [23.7835203, 38.0951778], [23.783261700000004, 38.0950325], [23.782972, 38.0948552], [23.7827038, 38.094661], [23.7824892, 38.0944921], [23.7823068, 38.0942979], [23.7821781, 38.0941375], [23.7821352, 38.0940192], [23.782102999999996, 38.0939264], [23.7820922, 38.093749], [23.7821244, 38.0935548], [23.7821579, 38.0933252], [23.782136499999996, 38.0930466], [23.7820721, 38.0927595], [23.7819434, 38.0925738], [23.7816, 38.0924387], [23.7812245, 38.0922951], [23.7811172, 38.0920756], [23.7812889, 38.0919574], [23.7813962, 38.0918054], [23.781256700000004, 38.091341], [23.781160200000002, 38.0911045], [23.7810314, 38.0909356], [23.7807095, 38.0909019], [23.7802804, 38.0909019], [23.779851200000003, 38.0909441], [23.7794114, 38.0908259], [23.7791646, 38.0906992], [23.7790466, 38.0904459], [23.7787676, 38.0902263], [23.7785423, 38.090049], [23.7783385, 38.0898126], [23.777877099999998, 38.0897366], [23.7774265, 38.0896859], [23.7770081, 38.0896437], [23.7766219, 38.0895593], [23.7760854, 38.0894917], [23.7756241, 38.0894073], [23.775398800000005, 38.0891708], [23.7751091, 38.0888162], [23.7748623, 38.0886051], [23.7745834, 38.0881998], [23.7743688, 38.0880646], [23.7740469, 38.0880393], [23.77365, 38.0880393], [23.7731672, 38.0878873], [23.7729633, 38.0877353], [23.7726522, 38.0875242], [23.7722338, 38.0873891], [23.771793899999995, 38.0870767], [23.771633, 38.0868149], [23.771579299999996, 38.0864096], [23.771708099999998, 38.0860549], [23.7718046, 38.0856073], [23.771793899999995, 38.0852864], [23.7716651, 38.0849655], [23.7714935, 38.0846784], [23.7712574, 38.0843406], [23.7710107, 38.0842224], [23.770603, 38.0841042], [23.7702167, 38.0839944], [23.769927099999997, 38.0837326], [23.7697983, 38.0834455], [23.7697447, 38.0831584], [23.7698949, 38.0829219], [23.769916300000002, 38.0825926], [23.769884200000003, 38.082221], [23.7697125, 38.0820099], [23.7694979, 38.0818325], [23.769261900000004, 38.0816045], [23.7689078, 38.0815369], [23.7685001, 38.0816298], [23.768049499999996, 38.0816298], [23.767792000000004, 38.08152], [23.767641800000003, 38.0813174], [23.7677062, 38.08114], [23.7680388, 38.0808613], [23.768317700000004, 38.0806586], [23.7684036, 38.0802026], [23.7685001, 38.0799155], [23.7683821, 38.0795945], [23.768210499999995, 38.0792314], [23.7679851, 38.0789949]], [[23.832295300000002, 38.1210344], [23.831995299999996, 38.1207577], [23.8314449, 38.1202319], [23.831112299999997, 38.1199871], [23.830697100000002, 38.1197871], [23.8303076, 38.1196748], [23.8299536, 38.1196326], [23.829503000000003, 38.1196157], [23.8292809, 38.1195845], [23.8290631, 38.1194131], [23.828969699999995, 38.1191878], [23.828776599999998, 38.1190105], [23.8285266, 38.1188814], [23.828301300000003, 38.1187716], [23.8281329, 38.1185632], [23.8280009, 38.1183581], [23.8277112, 38.1182568], [23.8272284, 38.1182568], [23.8267671, 38.118147], [23.826498900000004, 38.1180204], [23.826341199999998, 38.1178119], [23.826330400000003, 38.1175503], [23.8261341, 38.1174127], [23.8256867, 38.1174321], [23.8253541, 38.1173814], [23.825136300000004, 38.1172101], [23.825021499999995, 38.116951], [23.8249539, 38.1166614], [23.8247104, 38.1163685], [23.8244314, 38.1161237], [23.8241954, 38.1159802]]]}"
244,"Homer, Iliad 23.290-295 on racing with borrowed mares",Homer's Iliad,Q8275,Homer,epic poem,"and after him upsprang Tydeus' son, mighty Diomedes, and led beneath the yoke the horses of Tros, even them that on a time he had taken from Aeneas, albeit Apollo snatched away Aeneas' self; and after him uprose Atreus' son, fair-haired Menelaus, sprung from Zeus, and led beneath the yoke swift steeds, Aethe, Agamemnon's mare, and his own horse Podargus.",5.8.3,R-paraphrase,https://scaife.perseus.org/reader/urn:cts:greekLit:tlg0012.tlg001.perseus-grc2:23.293-23.300?right=perseus-eng3,Olympia,"{""type"": ""Point"", ""coordinates"": [21.630126, 37.637849]}"
245,"Homer, Iliad 23.346-348 on Arion",Homer's Iliad,Q8275,Homer,epic poem,"Τhere is no man that shall catch thee by a burst of speed, neither pass thee by, nay, not though in pursuit he were driving goodly Arion, the swift horse of Adrastus, that was of heavenly stock, or those of Laomedon, the goodly breed of this land.",8.25.8,R-quotation,https://scaife.perseus.org/reader/urn:cts:greekLit:tlg0012.tlg001.perseus-grc2:23.346-23.447,Sanctuary of Demeter Erinys in Onkeion on the Ladon,"{""type"": ""Point"", ""coordinates"": [21.87884, 37.710489]}"
246,"Homer, Iliad 23.581-600 on swearing by Poseidon as inventor of horsemanship",Homer's Iliad,Q8275,Homer,epic poem,"Antilochus, fostered of Zeus, up, come thou hither and, as is the appointed way, stand thou before thy horses and chariot, and take in hand the slender lash with which aforetime thou wast wont to drive, and laying thy hand on thy horses swear by him that holdeth and shaketh the earth that not of thine own will didst thou hinder my chariot by guile.Then in turn wise Antilochus answered him:Bear with me, now, for far younger am I than thou, king Menelaus, and thou art the elder and the better man. Thou knowest of what sort are the transgressions of a man that he is young,for hasty is he of purpose and but slender is his wit. Wherefore let thy heart be patient; the mare that I have won will I give thee of my self. Aye, and if thou shouldst ask some other goodlier thing from out my house, forthwith were I fain to give it thee out of hand, rather than all my days be cast out of thy heart, thou nurtured of Zeus,and be a sinner in the eyes of the gods. So spake the son of great-souled Nestor, and led up the mare, and gave her into the hands of Menelaus. And his heart was gladdened even as the corn when with the dew upon the ears it waxeth ripe, what time the fields are bristling.",7.21.8,R-quotation,https://scaife.perseus.org/reader/urn:cts:greekLit:tlg0012.tlg001.perseus-grc2:23.581-23.600,Temple of Poseidon at harbor of Patrae,"{""type"": ""Point"", ""coordinates"": [21.738518, 38.243265]}"
247,"Homer, Iliad 23.677-680 on Thebes as place Oedipus died",Homer's Iliad,Q8275,Homer,epic poem,"Euryalus alone uprose to face him, a godlike man,<br> son of king Mecisteus, son of Talaus, <br>who on a time had come to Thebes for the burial of Oedipus, <br> when he had fallen, and there had worsted all the sons of Cadmus.""",1.28.7,R-paraphrase,https://scaife.perseus.org/reader/urn:cts:greekLit:tlg0012.tlg001.perseus-grc2:23.677-23.680,Semnai Theai shrine at the Areius Pagus,"{""type"": ""Point"", ""coordinates"": [23.72372, 37.97242]}"
248,"Homer, Iliad 23.785-797 on generation of Odysseus",Homer's Iliad,Q8275,Homer,epic poem,"Then Antilochus bare away the last prize, smiling the while, and spake among the Argives, saying: “Among you all that know it well, will I declare, my friends, that even to this day the immortals shew honour to older men. For Aias is but a little older than I,<br>whereas Odysseus is of an earlier generation and of earlier men—a green old age is his, men say—yet hard were he for any other Achaean to contend with in running, save only for Achilles.” So spake he, and gave glory to the son of Peleus, swift of foot. And Achilles made answer, and spake to him, saying:<br> “Antilochus, not in vain shall thy word of praise be spoken; nay, I will add to thy prize a half-talent of gold.” So saying, he set it in his hands, and Antilochus received it gladly.",3.24.11,R-paraphrase,https://scaife.perseus.org/reader/urn:cts:greekLit:tlg0012.tlg001.perseus-grc2:23.785-23.797,Tomb of Las at Arainon,"{""type"": ""Point"", ""coordinates"": [22.521276, 36.69704]}"
249,"Homer, Iliad 24.25-49 on Achilles as lion",Homer's Iliad,Q8275,Homer,epic poem,"And the thing was pleasing unto all the rest, yet not unto Hera or Poseidon or the flashing-eyed maiden, but they continued even as when at the first sacred Ilios became hateful in their eyes and Priam and his folk, by reason of the sin of Alexander, for that he put reproach upon those goddesses when they came to his steading,and gave precedence to her who furthered his fatal lustfulness. But when at length the twelfth morn thereafter was come, then among the immortals spake Phoebus Apollo: Cruel are ye, O ye gods, and workers of bane. Hath Hector then never burned for you thighs of bulls and goats without blemish? Him now have ye not the heart to save, a corpse though he be, for his wife to look upon and his mother and his child, and his father Priam and his people, who would forthwith burn him in the fire and pay him funeral rites. Nay, it is the ruthless, Achilles, O ye gods, that ye are fain to succour, him whose mind is nowise right, neither the purpose in his breast one that may be bent; but his heart is set on cruelty, even as a lion that at the bidding of his great might and lordly spirit goeth forth against the flocks of men to win him a feast; even so hath Achilles lost all pity, neither is shame in his heart,
the which harmeth men greatly and profiteth them withal. Lo, it may be that a man hath lost one dearer even than was this—a brother, that the selfsame mother bare, or haply a son; yet verily when he hath wept and wailed for him he maketh an end; for an enduring soul have the Fates given unto men.",3.19.8,R-reference,https://scaife.perseus.org/reader/urn:cts:greekLit:tlg0012.tlg001.perseus-grc2:24.25-24.50,Sanctuary of Ares Theritas on Sparta-Therapne road,"{""type"": ""GeometryCollection"", ""geometries"": [{""type"": ""LineString"", ""coordinates"": [[22.425897079509355, 37.08021007156721], [22.437197495981707, 37.077128801611806], [22.4452784879621, 37.07913199732445], [22.449580812446897, 37.0756656254936], [22.45344754257954, 37.06596117616844], [22.508980547230863, 37.06512965502711]]}]}"
250,"Homer, Iliad 24.525-535 on Zeus's jars of good and evil",Homer's Iliad,Q8275,Homer,epic poem,"<br>For on this wise have the gods spun the thread for wretched mortals, that they should live in pain; and themselves are sorrowless. For two urns are set upon the floor of Zeus of gifts that he giveth, the one of ills, the other of blessings. To whomsoever Zeus, that hurleth the thunderbolt, giveth a mingled lot,<br> that man meeteth now with evil, now with good; but to whomsoever he giveth but of the baneful, him he maketh to be reviled of man, and direful madness driveth him over the face of the sacred earth, and he wandereth honoured neither of gods nor mortals. Even so unto Peleus did the gods give glorious gifts from his birth",8.24.14,R-paraphrase,https://scaife.perseus.org/reader/urn:cts:greekLit:tlg0012.tlg001.perseus-grc2:24.520-24.535,Psophis,"{""type"": ""Point"", ""coordinates"": [21.892903, 37.871725]}"
251,"Homer, Iliad 24.605-610 on death of all of Niobe's children",Homer's Iliad,Q8275,Homer,epic poem,"The sons Apollo slew with shafts from his silver bow, being wroth against Niobe, and the daughters the archer Artemis, for that Niobe had matched her with fair-cheeked Leto, saying that the goddess had borne but twain, while herself was mother to many; wherefore they, for all they were but twain, destroyed them all.<br>For nine days' space they lay in their blood, nor was there any to bury them, for the son of Cronos turned the folk to stones; howbeit on the tenth day the gods of heaven buried them; and Niobe bethought her of meat, for she was wearied with the shedding of tears. And now somewhere amid the rocks, on the lonely mountains, on Sipylus, where, men say, are the couching-places of goddesses, even of the nymphs that range swiftly in the dance about Achelous, there, albeit a stone, she broodeth over her woes sent by the gods.",2.21.10,R-quotation,https://scaife.perseus.org/reader/urn:cts:greekLit:tlg0012.tlg001.perseus-grc2:24.605-24.610/,Sanctuary of Leto in Argos,"{""type"": ""Point"", ""coordinates"": [22.7214, 37.6305]}"
252,"Homer, Iliad 24.614-617: on Achelous and Niobe",Homer's Iliad,Q8275,Homer,epic poem,"And now somewhere amid the rocks, on the lonely mountains, on Sipylus, where, men say, are the couching-places of goddesses, even of the nymphs that range swiftly in the dance about Achelous, there, albeit a stone, she broodeth over her woes sent by the gods.",8.38.10,R-reference,https://scaife.perseus.org/reader/urn:cts:greekLit:tlg0012.tlg001.perseus-grc2:24.614-24.618,Theisoa near Lykaion,"{""type"": ""Point"", ""coordinates"": [21.9636, 37.5069]}"
253,"Homer, Iliad 3.141-149 on names of Helen's serving women",Homer's Iliad,Q8275,Homer,epic poem,"and straightway she veiled herself with shining linen, and went forth from her chamber, letting fall round tears, not alone, for with her followed two handmaids as well, Aethra, daughter of Pittheus, and ox-eyed Clymene;<br>and with speed they came to the place where were the Scaean gates. And they that were about Priam and Panthous and Thymoetes and Lampus and Clytius and Hicetaon, scion of Ares, and Ucalegon and Antenor, men of prudence both, sat as elders of the people at the Scaean gates.",10.25.4,R-reference,https://scaife.perseus.org/reader/urn:cts:greekLit:tlg0012.tlg001.perseus-grc2:3.141-3.149/,Lesche of the Knidians,"{""type"": ""Point"", ""coordinates"": [22.5011, 38.48304]}"
254,"Homer, Iliad 3.200-208 on hospitality of Antenor to Menelaus",Homer's Iliad,Q8275,Homer,epic poem,"“This again is Laertes' son, Odysseus of many wiles, that was reared in the land of Ithaca, rugged though it be, and he knoweth all manner of craft and cunning devices.” Then to her again made answer Antenor, the wise: “Lady, this verily is a true word that thou hast spoken,<br> for erstwhile on a time goodly Odysseus came hither also on an embassy concerning thee, together with Menelaus, dear to Ares; and it was I that gave them entertainment and welcomed them in my halls, and came to know the form and stature of them both and their cunning devices.",10.26.7,R-paraphrase,https://scaife.perseus.org/reader/urn:cts:greekLit:tlg0012.tlg001.perseus-grc2:3.200-3.208,Lesche of the Knidians,"{""type"": ""Point"", ""coordinates"": [22.5011, 38.48304]}"
255,"Homer, Iliad 3.441-450 on Cranae",Homer's Iliad,Q8275,Homer,epic poem,"But come, let us take our joy, couched together in love; for never yet hath desire so encompassed my soul—nay, not when at the first I snatched thee from lovely Lacedaemon and sailed with thee on my seafaring ships,<br>and on the isle of Cranae had dalliance with thee on the couch of love—as now I love thee, and sweet desire layeth hold of me.” He spake, and led the way to the couch, and with him followed his wife. Thus the twain were couched upon the corded bed; but the son of Atreus ranged through the throng like a wild beast, if anywhere he might have sight of godlike Alexander.",3.22.1,R-paraphrase,https://scaife.perseus.org/reader/urn:cts:greekLit:tlg0012.tlg001.perseus-grc2:3.441-3.450/,Sanctuary of Aphrodite Migonitis on mainland opposite Kranae island,"{""type"": ""Point"", ""coordinates"": [22.562341, 36.763663]}"
256,"Homer, Iliad 4.190-194 on Asclepius as divine father of mortal Machaon",Homer's Iliad,Q8275,Homer,epic poem,"But the leech shall search the wound and lay thereon simples that shall make thee cease from dark pains.” Therewith he spake to Talthybius, the godlike herald: “Talthybius, make haste to call hither Machaon, son of Asclepius, the peerless leech,",2.26.10,R-quotation,https://scaife.perseus.org/reader/urn:cts:greekLit:tlg0012.tlg001.perseus-grc2:4.192-4.195/,Asklepieion of Epidauros,"{""type"": ""Point"", ""coordinates"": [23.075, 37.597]}"
257,"Homer, Iliad 4.2-5 on Hebe, in duel of Menelaus and Paris",Homer's Iliad,Q8275,Homer,epic poem,"Now the gods, seated by the side of Zeus, were holding assembly on the golden floor, and in their midst the queenly Hebe poured them nectar, and they with golden goblets pledged one the other as they looked forth upon the city of the Trojans",2.13.3,R-paraphrase,https://scaife.perseus.org/reader/urn:cts:greekLit:tlg0012.tlg001.perseus-grc2:4.1-4.10,Sanctuary of Hebe on Phlious acropolis hill,"{""type"": ""Point"", ""coordinates"": [22.649131, 37.846299]}"
258,"Homer, Iliad 5.111-5.132 on Diomedes and Athena",Homer's Iliad,Q8275,Homer,epic poem,"And thereat Diomedes, good at the war-cry, made prayer: Hear me, child of Zeus that beareth the aegis, unwearied one! If ever with kindly thought thou stoodest by my father's side amid the fury of battle, even so do thou now be likewise kind to me, Athene. Grant that I may slay this man, and that he come within the cast of my spear, that hath smitten me or ever I was ware of him, and boasteth over me,
and declareth that not for long shall I behold the bright light of the sun.
So spake he in prayer, and Pallas Athene heard him, and made his limbs light, his feet and his hands above; and she drew near to his side and spake to him winged words: Be of good courage now, Diomedes, to fight against the Trojans,
for in thy breast have I put the might of thy father, the dauntless might, such as the horseman Tydeus, wielder of the shield, was wont to have. And the mist moreover have I taken from thine eyes that afore was upon them, to the end that thou mayest well discern both god and man. Wherefore now if any god come hither to make trial of thee, do not thou in any wise fight face to face with any other immortal gods, save only if Aphrodite, daughter of Zeus, shall enter the battle, her do thou smite with a thrust of the sharp bronze.",2.24.2,R-reference,https://scaife.perseus.org/reader/urn:cts:greekLit:tlg0012.tlg001.perseus-grc2:5.111-5.132/,Larisa Citadel above Argos,"{""type"": ""Point"", ""coordinates"": [22.715, 37.638]}"
259,"Homer, Iliad 5.330-340 on Athena and Enyo",Homer's Iliad,Q8275,Homer,epic poem,"He the while had gone in pursuit of Cypris with his pitiless bronze,<br> discerning that she was a weakling goddess,<br> and not one of those that lord it in the battle of warriors,<br>—no Athene she, nor Enyo, sacker of cities. <br>But when he had come upon her as he pursued her through the great throng,<br> then the son of great-souled Tydeus thrust with his sharp spear and leapt upon her, and wounded the surface of her delicate hand, <br> and forthwith through the ambrosial raiment that the Graces themselves had wrought for her the spear pierced the flesh upon the wrist above the palm and forth flowed the immortal blood of the goddess,",4.30.5,R-reference,https://scaife.perseus.org/reader/urn:cts:greekLit:tlg0012.tlg001.perseus-grc2:5.333-5.335?right=perseus-eng3,Pherai (Messenia),"{""type"": ""Point"", ""coordinates"": [22.113, 37.046]}"
260,"Homer, Iliad 5.388-404 on wounding of Hades at Pylos",Homer's Iliad,Q8275,Homer,epic poem,"and then would Ares, insatiate of war, have perished, had not the stepmother of the sons of Aloeus, the beauteous Eëriboea brought tidings unto Hermes; and he stole forth Ares, that was now sore distressed, for his grievous bonds were overpowering him. So suffered Hera, when the mighty son of Amphitryon smote her on the right breast with a three-barbed arrow; then upon her too came pain that might in no wise be assuaged. And so suffered monstrous Hades even as the rest a bitter arrow, when this same man, the son of Zeus that beareth the aegis, smote him in Pylos amid the dead, and gave him over to pains. But he went to the house of Zeus and to high Olympus with grief at heart, pierced through with pains; for into his mighty shoulder had the shaft been driven, and distressed his soul. But Paeëon spread thereon simples that slay pain, and healed him; for verily he was in no wise of mortal mould. Rash man, worker of violence, that recked not of his evil deeds, seeing that with his arrows he vexed the gods that hold Olympus.",6.25.3,R-quotation,https://scaife.perseus.org/reader/urn:cts:greekLit:tlg0012.tlg001.perseus-grc2:5.381-5.415,Sanctuary of Hades at Elis,"{""type"": ""Point"", ""coordinates"": [21.374, 37.89]}"
261,"Homer, Iliad 5.426-430 on Aphrodite",Homer's Iliad,Q8275,Homer,epic poem,"So spake she, but the father of men and gods smiled<br>, and calling to him golden Aphrodite, said:<br>Not unto thee, my child, are given works of war; <br>nay, follow thou after the lovely works of marriage,<br>and all these things shall be the business of swift Ares and Athene.",4.30.5,R-reference,https://scaife.perseus.org/reader/urn:cts:greekLit:tlg0012.tlg001.perseus-grc2:5.426-5.532?right=perseus-eng3,Pherai (Messenia),"{""type"": ""Point"", ""coordinates"": [22.113, 37.046]}"
262,"Homer, Iliad 5.541-5.553 on sons of Diocles",Homer's Iliad,Q8275,Homer,epic poem,"Then Aeneas slew two champions of the Danaans, the sons of Diocles, Crethon and Orsilochus, whose father dwelt in well-built Pheme, a man rich in substance, and in lineage was he sprung from the river<br>Alpheius that flows in broad stream through the land of the Pylians, and that begat Orsilochus to be king over many men. And Orsilochus begat greatsouled Diocles, and of Diocles were born twin sons, Crethon and Orsilochus, well skilled in all manner of fighting.<br> Now when the twain had reached manhood, they followed with the Argives on the black ships to Ilios famed for its horses, seeking to win recompense for the sons of Atreus, Agamemnon and Menelaus; but their own selves in that land did the doom of death enfold.",4.30.2,R-paraphrase,https://scaife.perseus.org/reader/urn:cts:greekLit:tlg0012.tlg001.perseus-grc2:5.541-5.555?right=perseus-eng4,road Abia to Pherae in Messenia,"{""type"": ""GeometryCollection"", ""geometries"": [{""type"": ""LineString"", ""coordinates"": [[22.142378072192486, 36.96441871169009], [22.152484165786348, 36.97981322247706], [22.15201254809375, 36.98773283787604], [22.156796099061523, 36.9955895556196], [22.1543706366011, 37.01477573461517], [22.14359080343499, 37.02650252693094], [22.113676766396253, 37.04453105844743]]}]}"
263,"Homer, Iliad 5.541-560 on Alpheius flowing through land of Pylians",Homer's Iliad,Q8275,Homer,epic poem,"and he fell with a thud, and upon him his armour clanged. Then Aeneas slew two champions of the Danaans, the sons of Diocles, Crethon and Orsilochus, whose father dwelt in well-built Pheme, a man rich in substance, and in lineage was he sprung from the river<br>Alpheius that flows in broad stream through the land of the Pylians, and that begat Orsilochus to be king over many men. And Orsilochus begat greatsouled Diocles, and of Diocles were born twin sons, Crethon and Orsilochus, well skilled in all manner of fighting.",6.22.6,R-quotation,https://scaife.perseus.org/reader/urn:cts:greekLit:tlg0012.tlg001.perseus-grc2:5.541-5.560,Pylos (Eleia),"{""type"": ""Point"", ""coordinates"": [21.518, 37.901]}"
264,"Homer, Iliad 5.707-710 on lake Kefisis",Homer's Iliad,Q8275,Homer,epic poem,"and Oresbius with flashing taslet, he that dwelt in Hyle on the border of the Cephisian mere, having great care of his wealth;",9.38.7,R-quotation,https://scaife.perseus.org/reader/urn:cts:greekLit:tlg0012.tlg001.perseus-grc2:5.705-5.710,Kephisian lake,"{""type"": ""Point"", ""coordinates"": [23.0687, 38.4471]}"
265,"Homer, Iliad 5.749 on Horae as daughters of Zeus entrusted with the sky",Homer's Iliad,Q8275,Homer,epic poem,"Then she stepped upon the flaming car and grasped her spear, heavy and huge and strong, wherewith she vanquisheth the ranks of men—of warriors with whom she is wroth, she, the daughter of the mighty sire. And Hera swiftly touched the horses with the lash, and self-bidden groaned upon their hinges the gates of heaven which the Horae had in their keeping,<br>to whom are entrusted great heaven and Olympus, whether to throw open the thick cloud or shut it to. There through the gate they drave their horses patient of the goad; and they found the son of Cronos as he sat apart from the other gods on the topmost peak of many-ridged Olympus.",5.11.7,R-paraphrase,https://scaife.perseus.org/reader/urn:cts:greekLit:tlg0012.tlg001.perseus-grc2:5.745-5.760?right=perseus-eng3,Temple of Zeus at Olympia,"{""type"": ""Point"", ""coordinates"": [21.63042, 37.63794]}"
266,"Homer, Iliad 6.155-164 on Bellerophontes as subject to Proetus",Homer's Iliad,Q8275,Homer,epic poem,"and Glaucus begat peerless Bellerophon. To him the gods granted beauty and lovely manliness; but Proetus in his heart devised against him evil, and drave him, seeing he was mightier far, from the land of the Argives; for Zeus had made them subject to his sceptre.<br> Now the wife of Proetus, fair Anteia, lusted madly for Bellerophon, to lie with him in secret love, but could in no wise prevail upon wise-hearted Bellerophon, for that his heart was upright. So she made a tale of lies, and spake to king Proetus: “Either die thyself, Proetus, or slay Bellerophon,",2.4.2,R-paraphrase,https://scaife.perseus.org/reader/urn:cts:greekLit:tlg0012.tlg001.perseus-grc2:6.155-6.160/,Sanctuary of Athena Chalinitis in Corinth,"{""type"": ""Point"", ""coordinates"": [22.8802, 37.9054]}"
267,"Homer, Iliad 6.178-185 on Chimera",Homer's Iliad,Q8275,Homer,epic poem,"When he had received the wicked written signs [sêmata] he first commanded Bellerophon to kill that savage monster, the Chimaera, who was not a human being, but a goddess, for she had the head of a lion and the tail of a serpent, while her body was that of a goat, and she breathed forth flames of fire; but Bellerophon slew her, for he was guided by signs from heaven. He next fought the far-famed Solymoi, and this, he said, was the hardest of all his battles.",3.25.6,R-reference,https://scaife.perseus.org/reader/urn:cts:greekLit:tlg0012.tlg001.perseus-grc2:6.180-6.185,Tainaron (promontory),"{""type"": ""Point"", ""coordinates"": [22.4831905, 36.3856534]}"
268,"Homer, Iliad 6.405-410 on those who glory in their strength",Homer's Iliad,Q8275,Homer,epic poem,"but Andromache came close to his side weeping, and clasped his hand and spake to him, saying: “Ah, my husband, this prowess of thine will be thy doom, neither hast thou any pity for thine infant child nor for hapless me that soon shall be thy widow; for soon will the Achaeans<br>all set upon thee and slay thee.",6.5.8,R-paraphrase,https://scaife.perseus.org/reader/urn:cts:greekLit:tlg0012.tlg001.perseus-grc2:6.400-6.410,Olympia,"{""type"": ""Point"", ""coordinates"": [21.630126, 37.637849]}"
269,"Homer, Iliad 7.206-245 on the duel of Ajax and Hector",Homer's Iliad,Q8275,Homer,epic poem,"So they spake, and Aias arrayed him in gleaming bronze. But when he had clothed about his flesh all his armour, then sped he in such wise as huge Ares goeth forth when he enters into battle amid warriors whom the son of Cronos<br> hath brought together to contend in the fury of soul-devouring strife. Even in such wise sprang forth huge Aias, the bulwark of the Achaeans, with a smile on his grim face; and he went with long strides of his feet beneath him, brandishing his far-shadowing spear. Then were the Argives glad as they looked upon him,<br>but upon the Trojans crept dread trembling on the limbs of every man, and Hector's own heart beat fast within his breast. Howbeit in no wise could he any more flee or shrink back into the throng of the host, seeing he had made challenge to fight. So Aias drew near, bearing his shield that was like a city wall,<br> a shield of bronze with sevenfold bull's-hide, the which Tychius had wrought with toil, he that was far best of workers in hide, having his home in Hyle, who had made him his flashing shield of seven hides of sturdy bulls, and thereover had wrought an eighth layer of bronze. This Telamonian Aias bare before his breast,<br> and he came and stood close by Hector, and spake threatening:<br>Hector, now verily shalt thou know of a surety, man to man, what manner of chieftains there be likewise among the Danaans, even after Achilles, breaker of the ranks of men, the lion-hearted. Howbeit he abideth amid his beaked seafaring ships<br> in utter wrath against Agamemnon, Atreus' son, shepherd of the host; yet are we such as to face thee, yea, full many of us. But begin thou war and battle.<br>To him then made answer great Hector of the flashing helm:<br>Aias, sprung from Zeus, thou son of Telamon, captain of the host,<br> in no wise make thou trial of me as of some puny boy or a woman that knoweth not deeds of war. Nay, full well know I battles and slayings of men. I know well how to wield to right, and well how to wield to left my shield of seasoned hide, which I deem a sturdy thing to wield in fight;<br> and I know how to charge into the mellay of chariots drawn by swift mares; and I know how in close fight to tread the measure of furious Ares. Yet am I not minded to smite thee, being such a one as thou art, by spying thee at unawares; but rather openly, if so be I may hit thee.",5.19.2,R-reference,https://scaife.perseus.org/reader/urn:cts:greekLit:tlg0012.tlg001.perseus-grc2:7.206-7.250?right=perseus-eng3,Temple of Hera at Olympia,"{""type"": ""Point"", ""coordinates"": [21.62976, 37.63887]}"
270,"Homer, Iliad 8.200-8.204 on Aegae of Achaea, where Poseidon honored",Homer's Iliad,Q8275,Homer,epic poem,"Then said she to the mighty god of Poseidon, ""What now, wide ruling lord of the earthquake? Can you find no compassion in your heart for the dying Danaans, who bring you many a welcome offering to Helike and to Aigai? Wish them well then.",7.25.12,R-quotation,https://scaife.perseus.org/reader/urn:cts:greekLit:tlg0012.tlg001.perseus-grc2:8.200-8.204?right=perseus-eng4,Krathis river (Achaia),"{""type"": ""LineString"", ""coordinates"": [[22.2376007, 38.0768163], [22.237523, 38.077487], [22.2373463, 38.078433], [22.2369926, 38.0793918], [22.237505, 38.0810824], [22.2376919, 38.0814228], [22.2378585, 38.0815835], [22.2379886, 38.0817569], [22.238726, 38.0818909], [22.2392033, 38.0818938], [22.239673, 38.0819732], [22.2402697, 38.0821026], [22.2406834, 38.0824047], [22.2412431, 38.0831599], [22.242059, 38.0836954], [22.2430636, 38.0842864], [22.2437331, 38.084675], [22.2441424, 38.0852236], [22.2445363, 38.0858935], [22.2446727, 38.0864052], [22.2447296, 38.0870112], [22.2450246, 38.0870998], [22.2455128, 38.0870534], [22.2460834, 38.0870402], [22.2463337, 38.0872016], [22.2463274, 38.0876417], [22.2468172, 38.0881673], [22.2470374, 38.0887889], [22.2471114, 38.089764], [22.2469615, 38.0905794], [22.2469505, 38.0915204], [22.2467681, 38.0922043], [22.2473796, 38.0930233], [22.2479911, 38.0938508], [22.2475566, 38.0942561], [22.2469317, 38.0950076], [22.2463496, 38.0953706], [22.2459205, 38.0958435], [22.2462316, 38.0970846], [22.2457193, 38.0975722], [22.2454632, 38.0979595], [22.2454216, 38.0983975], [22.2458669, 38.0988914], [22.2467466, 38.0989928], [22.2471167, 38.0990899], [22.2473045, 38.0995922], [22.2475673, 38.1003099], [22.2479348, 38.1005758], [22.2487958, 38.100808], [22.2494395, 38.101838], [22.2503193, 38.1022939], [22.251006, 38.1027583], [22.2517463, 38.1034421], [22.2525295, 38.1041091], [22.2543962, 38.1048942], [22.2556837, 38.105291], [22.2576363, 38.1053206], [22.2592671, 38.1050631], [22.2602971, 38.1051222], [22.2613915, 38.1058398], [22.2623141, 38.1062618], [22.2627862, 38.1069879], [22.2635213, 38.1074217], [22.2636016, 38.1074691], [22.2637947, 38.1078279], [22.2640951, 38.1080769], [22.2643204, 38.1088156], [22.2650929, 38.1092756], [22.2657205, 38.1094149], [22.2660049, 38.1096893], [22.2663482, 38.1104322], [22.2664233, 38.1112764], [22.2668524, 38.1120192], [22.2673943, 38.1124835], [22.2682794, 38.112703], [22.2689231, 38.1129688], [22.2691699, 38.1134964], [22.2702964, 38.1146191], [22.2704681, 38.1152944], [22.2721847, 38.1161048], [22.2728713, 38.1167801], [22.2739013, 38.1174553], [22.2744792, 38.1175745], [22.2742931, 38.1182172], [22.2741016, 38.118525], [22.2743784, 38.118765], [22.2752704, 38.1188555], [22.275879, 38.1189848], [22.2761348, 38.1194179], [22.2762521, 38.1201484], [22.2759199, 38.1206592], [22.2750356, 38.1211588], [22.274176, 38.1216779], [22.2741575, 38.1220373], [22.2744163, 38.1225872], [22.2744691, 38.1238206], [22.2749498, 38.1251523], [22.2750993, 38.1255994], [22.2753177, 38.1262527], [22.2760537, 38.1268781], [22.276368, 38.1277399], [22.2769287, 38.1281266], [22.277089, 38.1284541], [22.2765837, 38.1291079], [22.276471, 38.1295011], [22.2761964, 38.1300502], [22.2764395, 38.1305121], [22.2771228, 38.1310675], [22.2774789, 38.1318486], [22.2777236, 38.1323395], [22.2788654, 38.1330562], [22.2794843, 38.133274], [22.2802218, 38.1332673], [22.2803113, 38.1332665], [22.2807002, 38.133321], [22.2809042, 38.1335111], [22.28084, 38.1339031], [22.2807897, 38.1340658], [22.2807387, 38.1342306], [22.2807369, 38.1344961], [22.2810565, 38.1348421], [22.2815614, 38.1350927], [22.2818321, 38.1351785], [22.2819478, 38.1353647], [22.2815583, 38.1358709], [22.2816894, 38.136123], [22.281718, 38.1366077], [22.281229, 38.1371505], [22.2807139, 38.1382813], [22.280977, 38.1392315], [22.2806055, 38.1404586], [22.2807209, 38.1412748], [22.281065, 38.1417414], [22.2820048, 38.1425082], [22.282714, 38.1432261], [22.2831193, 38.1442428], [22.2836437, 38.145016], [22.2838775, 38.1453608], [22.2839572, 38.1459861], [22.2841884, 38.1463307], [22.2844143, 38.1464364], [22.2845495, 38.1465693], [22.2846598, 38.1466778], [22.284731, 38.1470433], [22.2847318, 38.1472553], [22.2848042, 38.1474778], [22.2848692, 38.1477098], [22.2848643, 38.1481733], [22.2843542, 38.1484911], [22.2839733, 38.1487907], [22.2835415, 38.1490528], [22.283605, 38.1494865], [22.2839856, 38.1499826], [22.284389, 38.1503224], [22.2852618, 38.1505101], [22.285747, 38.150917], [22.2863028, 38.1513163], [22.286748, 38.151794], [22.2873883, 38.1519613], [22.2896923, 38.1526164], [22.2922653, 38.15311], [22.2947858, 38.1536763], [22.2964268, 38.1536801], [22.2968281, 38.1534778], [22.2980884, 38.1534399], [22.2987694, 38.1530507], [22.2992032, 38.1530433], [22.3002339, 38.1532867], [22.3016257, 38.1532494], [22.3020704, 38.1533342], [22.30234, 38.1534863], [22.3026165, 38.153853], [22.3030767, 38.1544495], [22.3031137, 38.1550236], [22.3030701, 38.1552728], [22.3032743, 38.1555195], [22.3036344, 38.1555591], [22.3039605, 38.1554342], [22.304586, 38.1556208], [22.3051486, 38.1557575], [22.3058369, 38.1562142], [22.3065389, 38.1567995], [22.3069237, 38.1572989], [22.3074615, 38.1575858], [22.3078547, 38.1576484], [22.3082057, 38.1575591], [22.3086326, 38.1575506], [22.3091226, 38.1578235], [22.3095598, 38.1583118], [22.3101391, 38.1590615], [22.3104723, 38.159697], [22.3109242, 38.1600188], [22.3113953, 38.1601565], [22.3124643, 38.1602299], [22.3134531, 38.1602088], [22.3140197, 38.1601457], [22.3144625, 38.1602784], [22.3150599, 38.1605125], [22.3159642, 38.1605852], [22.3165248, 38.1606851], [22.3170553, 38.1609331], [22.3174422, 38.1611934], [22.3176796, 38.1613002], [22.3178974, 38.161248], [22.318211, 38.1610172], [22.318547, 38.160958], [22.3188312, 38.1610562], [22.3201985, 38.1613026], [22.3213194, 38.1616189], [22.3217921, 38.162018], [22.3220239, 38.1624975], [22.3221287, 38.163076], [22.3222292, 38.1634297], [22.3227752, 38.1641642], [22.3239167, 38.1650474], [22.3253229, 38.1660159], [22.3269106, 38.1670584], [22.3279202, 38.1674629], [22.3292319, 38.1681095]]}"
271,"Homer, Iliad 8.362-369 on Heracles, Cerberus, and river Styx in Underworld",Homer's Iliad,Q8275,Homer,epic poem,"He forgets how often I saved his son when he was worn out by the labors [athloi] Eurystheus had laid on him. He would weep till his cry came up to heaven, and then Zeus would send me down to help him; if I had had the sense to foresee all this, when Eurystheus sent him to the house of Hades, to fetch the hell-hound from Erebos, he would never have come back alive out of the deep waters of the river Styx.",3.25.6,R-quotation,https://scaife.perseus.org/reader/urn:cts:greekLit:tlg0012.tlg001.perseus-grc2:8.362-8.369,Tainaron (promontory),"{""type"": ""Point"", ""coordinates"": [22.4831905, 36.3856534]}"
272,"Homer, Iliad 8.355-8.369",Homer's Iliad,Q8275,Homer,epic poem,"See how they perish and come to a bad end before the onset of but a single man. Hektor the son of Priam rages with intolerable fury, and has already done great mischief.""Athena answered, ""Would, indeed, this man might die in his own land, and fall by the hands of the Achaeans; but my father Zeus is mad with spleen, ever foiling me, ever headstrong and unjust. He forgets how often I saved his son when he was worn out by the labors [athloi] Eurystheus had laid on him. He would weep till his cry came up to heaven, and then Zeus would send me down to help him; if I had had the sense to foresee all this, when Eurystheus sent him to the house of Hades, to fetch the hell-hound from Erebos, he would never have come back alive out of the deep waters of the river Styx.",3.25.6,R-reference,https://scaife.perseus.org/reader/urn:cts:greekLit:tlg0012.tlg001.perseus-eng4:8.355-8.369,Tainaron (promontory),"{""type"": ""Point"", ""coordinates"": [22.4831905, 36.3856534]}"
273,"Homer, Iliad 8.515 on manning walls of Troy with old/young men",Homer's Iliad,Q8275,Homer,epic poem,"as he leapt upon his ship; that so others may dread to bring tearful war against the horse-taming Trojans. And let heralds, dear to Zeus, make proclamation throughout the city that stripling boys and old men of hoary temples gather them round the city upon the battlement builded of the gods;<br> and for the women folk, let them build each one a great fire in her halls; and let a diligent watch be kept, lest an ambush enter the city while the host is afield. Thus be it, great-hearted Trojans, even as I proclaim; of counsel, good and sound for this present, be this enough;",4.28.8,R-paraphrase,https://scaife.perseus.org/reader/urn:cts:greekLit:tlg0012.tlg001.perseus-grc2:8.512-8.524,Choirios Nape,"{""type"": ""GeometryCollection"", ""geometries"": [{""type"": ""Polygon"", ""coordinates"": [[[22.143588429711173, 36.94888471665877], [22.18624381440418, 36.95017414417967], [22.223199270082375, 36.95378608209073], [22.248155909035262, 36.960469507191235], [22.25775393867147, 36.96224967963566], [22.262659624143453, 36.98275144390442], [22.284975814421244, 36.99240306697337], [22.277683819340496, 36.9974822900312], [22.25528655397426, 36.98707795027782], [22.249117608796496, 36.96730110791651], [22.220231007097283, 36.9612590436016], [22.193853679994135, 36.956753242978635], [22.16522532799945, 36.956871930927164], [22.14004783897485, 36.95194522129127], [22.143588429711173, 36.94888471665877]]]}]}"
274,"Homer, Iliad 9.120-9.130 on tripods that have not felt fire",Homer's Iliad,Q8275,Homer,epic poem,"I am minded to make amends and to give requital past counting. In the midst of you all let me name the glorious gifts; seven tripods that the fire hath not touched, and ten talents of gold and twenty gleaming cauldrons, and twelve strong horses, winners in the race, that have won prizes by their fleetness.<br>Not without booty were a man, nor unpossessed of precious gold, whoso had wealth as great as the prizes my single-hooved steeds have won me. And I will give seven women skilled in goodly handiwork, women of Lesbos, whom on the day when himself took well-built Lesbos I chose me from out the spoil and that in beauty surpass all women folk.",4.32.1,R-quotation,https://scaife.perseus.org/reader/urn:cts:greekLit:tlg0012.tlg001.perseus-grc2:9.120-9.130/,Hierothesion at Messene,"{""type"": ""Point"", ""coordinates"": [21.9195, 37.1779]}"
275,"Homer, Iliad 9.150 on Enope",Homer's Iliad,Q8275,Homer,epic poem,"Chrysothemis, and Laodice, and Iphianassa;<br>of these let him lead<br> to the house of Peleus which one he will, without gifts of wooing,<br> and I will furthermore give a dower full rich, such as no man ever yet gave with his daughter.<br> And seven well-peopled cities will I give him,<br>Cardamyle, Enope, and grassy Hire, <br>and sacred Pherae and Antheia with deep meadows, <br>and fair Aepeia and vine-clad Pedasus.<br> All are nigh to the sea, on the uttermost border of sandy Pylos,<br> and in them dwell men rich in flocks and rich in kine<br>",3.26.8,R-reference,https://scaife.perseus.org/reader/urn:cts:greekLit:tlg0012.tlg001.perseus-grc2:9.145-9.154/,Gerenia (Messenia),"{""type"": ""Point"", ""coordinates"": [22.195, 36.934]}"
276,"Homer, Iliad 9.145-154 on Hire as city promised to Achilles",Homer's Iliad,Q8275,Homer,epic poem,"Chrysothemis, and Laodice, and Iphianassa;<br>of these let him lead<br> to the house of Peleus which one he will, without gifts of wooing,<br> and I will furthermore give a dower full rich, such as no man ever yet gave with his daughter.<br> And seven well-peopled cities will I give him,<br>Cardamyle, Enope, and grassy Hire, <br>and sacred Pherae and Antheia with deep meadows, <br>and fair Aepeia and vine-clad Pedasus.<br> All are nigh to the sea, on the uttermost border of sandy Pylos,<br> and in them dwell men rich in flocks and rich in kine<br>",4.30.1,R-paraphrase,https://scaife.perseus.org/reader/urn:cts:greekLit:tlg0012.tlg001.perseus-grc2:9.145-9.154/,Abia,"{""type"": ""Point"", ""coordinates"": [22.142494, 36.964322]}"
277,"Homer, Iliad 9.149-152 on city of Thuria as Antheia",Homer's Iliad,Q8275,Homer,epic poem,"And seven well-peopled cities will I give him, <br>150 Cardamyle Enope, and grassy Hire, and sacred Pherae and Antheia with deep meadows, and fair Aepeia and vine-clad Pedasus. All are nigh to the sea, on the uttermost border of sandy Pylos, and in them dwell men rich in flocks and rich in kine, <br>155 men that shall honour him with gifts as though he were a god, and beneath his sceptre shall bring his ordinances to prosperous fulfillment.",4.31.1,R-reference,https://scaife.perseus.org/reader/urn:cts:greekLit:tlg0012.tlg001.perseus-grc2:9.149-9.152/,road Pherai through Thouria to Pamisos springs,"{""type"": ""GeometryCollection"", ""geometries"": [{""type"": ""LineString"", ""coordinates"": [[22.114203634034737, 37.044042273866964], [22.08413492244904, 37.04509489919093], [22.04450076959253, 37.08690426061656], [22.05100094767255, 37.113137239486164], [22.026900254113542, 37.167626251023094], [22.022416732183586, 37.171581376011275]]}]}"
278,"Homer, Iliad 9.378-387 on wealth of Minyan Orchomenos",Homer's Iliad,Q8275,Homer,epic poem,"Hateful in my eyes are his gifts, I count them at a hair's worth. Not though he gave me ten times, aye twenty times all that now he hath,<br>and if yet other should be added thereto I care not whence, not though it were all the wealth that goeth in to Orchomenus, or to Thebes of Egypt, where treasures in greatest store are laid up in men's houses,—Thebes which is a city of an hundred gates wherefrom sally forth through each two hundred warriors with horses and cars;<br>—nay, not though he gave gifts in number as sand and dust; not even so shall Agamemnon any more persuade my soul, until he hath paid the full price of all the despite that stings my heart.",9.38.8,R-quotation,https://scaife.perseus.org/reader/urn:cts:greekLit:tlg0012.tlg001.perseus-grc2:9.378-9.397/,Kephisian lake,"{""type"": ""Point"", ""coordinates"": [23.0687, 38.4471]}"
279,"Homer, Iliad 9.453-463 on Zeus Catachthonius ruling under the earth",Homer's Iliad,Q8275,Homer,epic poem,"but my father was ware thereof forthwith and cursed me mightily, and invoked the dire Erinyes that never should there sit upon his knees a dear child begotten of me; and the gods fulfilled his curse, even Zeus of the nether world and dread Persephone. Then I took counsel to slay him with the sharp sword, but some one of the immortals stayed mine anger, bringing to my mind the voice of the people and the many revilings of men, to the end that I should not be called a father-slayer amid the Achaeans. Then might the heart in my breast in no wise be any more stayed to linger in the halls of my angered father.",2.24.4,R-quotation,https://scaife.perseus.org/reader/urn:cts:greekLit:tlg0012.tlg001.perseus-grc2:9.455-9.458/,Larisa Citadel above Argos,"{""type"": ""Point"", ""coordinates"": [22.715, 37.638]}"
280,"Homer, Iliad 9.668 on Achilles capturing Skyros island",Homer's Iliad,Q8275,Homer,epic poem,"and by his side lay a woman that he had brought from Lesbos,even the daughter of Phorbas, fair-cheeked Diomede. And Patroclus laid him down on the opposite side, and by him in like manner lay fair-girdled Iphis, whom goodly Achilles had given him when he took steep Scyrus, the city of Enyeus.",1.22.6,R-paraphrase,https://scaife.perseus.org/reader/urn:cts:greekLit:tlg0012.tlg001.perseus-grc2:9.663-9.670,Propylaia (Athens),"{""type"": ""Point"", ""coordinates"": [23.72522, 37.97176]}"
281,"Homer, Iliad 3.121-124 on hospitality of Antenor to Menelaus",Homer's Iliad,Q8275,Homer,epic poem,"But Iris went as a messenger to white-armed Helen, in the likeness of her husband's sister, the wife of Antenor's son, even her that lord Helicaon, Antenor's son, had to wife, Laodice, the comeliest of the daughters of Priam.",10.26.7,R-paraphrase,https://scaife.perseus.org/reader/urn:cts:greekLit:tlg0012.tlg001.perseus-grc2:3.115-3.125,Lesche of the Knidians,"{""type"": ""Point"", ""coordinates"": [22.5011, 38.48304]}"
282,"Homer, lost poem on names of daughters of Celeus",lost poem of Homer,,Homer,poem (unspecified),,1.38.3,R-reference,,Tomb of Eumolpos on Sacred Way near Eleusis,"{""type"": ""Point"", ""coordinates"": [23.601, 38.023]}"
283,"Homer, Odyssey 1.52 on Atlas",Homer's Odyssey,Q35160,Homer,epic poem,"on a sea-girt island, where the sea's navel is.<br>The island is forested, and on it a goddess makes her home,<br>the daughter of malign Atlas, he who knows the depths<br>of every sea and by himself holds the tall pillars<br>that hold apart heaven and earth.",9.20.3,R-quotation,https://scaife.perseus.org/reader/urn:cts:greekLit:tlg0012.tlg002.perseus-grc2:1.48-1.62,Tanagra (Boeotia),"{""type"": ""Point"", ""coordinates"": [23.5841, 38.3074]}"
284,"Homer, Odyssey 10.1-4 on Isles of Aeolus",Homer's Odyssey,Q35160,Homer,epic poem,"We reached the island of Aeolia. There lived <br>Aeolus Hippotades, dear to gods immortal,<br>on a floating island, a wall of unbreakable bronze all around it,<br> and the smooth rock ran sheer up.",10.11.3,R-reference,https://scaife.perseus.org/reader/urn:cts:greekLit:tlg0012.tlg002.perseus-grc2:10.1-10.4/,Sikyonian Treasury at Delphi,"{""type"": ""Point"", ""coordinates"": [22.500741, 38.482335]}"
285,"Homer, Odyssey 10.115, 9.288 on cruelty of Laestrygonians and Cyclopes",Homer's Odyssey,Q35160,Homer,epic poem,"But, with the ones here, I escaped sheer destruction.'<br>“So said I, but with a ruthless heart, he answered me nothing,<br>instead, he sprang up and threw his hands upon my comrades,<br>grabbed two at once and dashed them, like puppies,<br>to the ground. Brain flowed out on the ground and wet the earth.<br>He cut through them, limb from limb, and prepared dinner.<br>He ate, like a mountain-bred lion, and left nothing,<br>entrails, flesh, and marrowy bones.<br>We held our hands up to Zeus and wailed, when we saw<br>",10.22.7,R-reference,,Temple of Apollo at Delphi,"{""type"": ""Point"", ""coordinates"": [22.5012215, 38.4823167]}"
286,"Homer, Odyssey 10.118-124 on giants (Laestrygonians)",Homer's Odyssey,Q35160,Homer,epic poem,"and as they heard it the mighty Laestrygonians came thronging from all sides,<br>120 a host past counting, not like men but like the Giants. They hurled at us from the cliffs with rocks huge as a man could lift, and at once there rose throughout the ships a dreadful din, alike from men that were dying and from ships that were being crushed.",8.29.2,R-paraphrase,https://scaife.perseus.org/reader/urn:cts:greekLit:tlg0012.tlg002.perseus-eng3:10.120?right=perseus-grc2,Bathos,"{""type"": ""Point"", ""coordinates"": [22.0708, 37.4506]}"
287,"Homer, Odyssey 10.345-10.374 on Odysseus, Circe, and her handmaids for chest of Cypselus scene",Homer's Odyssey,Q35160,Homer,epic poem,"“So I spoke, and she straightway swore the oath to do me no harm, as I bade her. But when she had sworn, and made an end of the oath, then I went up to the beautiful bed of Circe. “But her handmaids meanwhile were busied in the halls, four maidens who are her serving-women in the house. Children are they of the springs and groves, and of the sacred rivers that flow forth to the sea, and of them one threw upon chairs fair rugs of purple above, and spread beneath them a linen cloth; another drew up before the chairs tables<br>355 of silver, and set upon them golden baskets; and the third mixed sweet, honey-hearted wine in a bowl of silver, and served out golden cups; and the fourth brought water, and kindled a great fire beneath a large cauldron, and the water grew warm. But when the water boiled in the bright bronze, she set me in a bath, and bathed me with water from out the great cauldron, mixing it to my liking, and pouring it over my head and shoulders, till she took from my limbs soul-consuming weariness. But when she had bathed me, and anointed me richly with oil,and had cast about me a fair cloak and a tunic, she brought me into the hall, and made me sit upon a silver-studded chair—a beautiful chair, richly wrought, and beneath was a foot-stool for the feet. Then a handmaid brought water for the hands in a fair pitcher of gold, and poured it over a silver basin for me to wash, and beside me drew up a polished table. And the grave housewife brought and set before me bread, and therewith meats in abundance, granting freely of her store. Then she bade me eat, but my heart inclined not thereto. Rather, I sat with other thoughts, and my spirit boded ill.",5.19.7,R-reference,https://scaife.perseus.org/reader/urn:cts:greekLit:tlg0012.tlg002.perseus-grc2:10.345-10.374?right=perseus-eng3,Temple of Hera at Olympia,"{""type"": ""Point"", ""coordinates"": [21.62976, 37.63887]}"
288,"Homer, Odyssey 12.39-54 on Sirens",Homer's Odyssey,Q35160,Homer,epic poem,"First you will come to the Sirens who enchant all who come near them. If any one unwarily draws in too close and hears the singing of the Sirens, his wife and children will never welcome him home again, for they sit in a green field and warble him to death with the sweetness of their song. There is a great heap of dead men's bones lying all around, with the flesh still rotting off them. Therefore pass these Sirens by, and stop your men's ears with wax that none of them may hear; but if you like you can listen yourself, for you may get the men to bind you as you stand upright on a cross-piece half way up the mast, and they must lash the rope's ends to the mast itself, that you may have the pleasure of listening. If you beg and pray the men to unloose you, then they must bind you faster.",10.5.12,R-reference,https://scaife.perseus.org/reader/urn:cts:greekLit:tlg0012.tlg002.perseus-grc2:12.35-12.55,Entry to Delphi from Chaironea road,"{""type"": ""GeometryCollection"", ""geometries"": [{""type"": ""Polygon"", ""coordinates"": [[[22.50908625671846, 38.4807561049775], [22.508670068724086, 38.47934011797474], [22.509390394099455, 38.47916468402025], [22.509790574863842, 38.48064332827158], [22.50908625671846, 38.4807561049775]]]}]}"
289,"Homer, Odyssey 10.510-10.520 on rivers of Thesprotia and the Underworld",Homer's Odyssey,Q35160,Homer,epic poem,"tall poplars and willows losing their fruit.<br>Land your ship at that spot, by deep-eddying Ocean,<br>but go yourself to the dank house of Hades.<br>There Pyriphlegethus and Cocytus, which is a branch<br>of the water of the Styx, flow into Acheron,<br>and there is a rock and the junction of two roaring rivers.<br>Then draw near there, hero, as I bid you,<br>and dig a pit a cubit's length this way and that,<br>and pour a libation to all the dead about it,<br>first with milk and honey, thereafter with sweet wine,",1.17.5,R-paraphrase,,Theseion of Athens,"{""type"": ""Point"", ""coordinates"": [23.725000000000005, 37.975]}"
290,"Homer, Odyssey 11.260-265 on Homer distinguishing upper and lower city of Thebes",Homer's Odyssey,Q35160,Homer,epic poem,"""Next to her I saw Antiope, daughter to Asopos, who could boast of having slept in the arms of even Zeus himself, and who bore him two sons Amphion and Zethos. These founded Thebes with its seven gates, and built a wall all round it; for strong though they were they could not hold Thebes till they had walled it.",2.6.4,,https://scaife.perseus.org/reader/urn:cts:greekLit:tlg0012.tlg002.perseus-grc2:11.260-11.265,Corinthia - Sikyonia border,"{""type"": ""GeometryCollection"", ""geometries"": [{""type"": ""Polygon"", ""coordinates"": [[[22.753523301404158, 37.94270323795715], [22.817206413472263, 37.94270323795715], [22.817206413472263, 37.95544470099276], [22.753523301404158, 37.95544470099276], [22.753523301404158, 37.94270323795715]]]}]}"
291,"Homer, Odyssey 11.262 on Amphion and Zethus as founders of Thebes",Homer's Odyssey,Q35160,Homer,epic poem,"“Then after her I saw Antiope, daughter of Asopus, <br>who boasted that she'd slept even in the arms of Zeus, <br>and bore two sons, Amphion and Zethus, <br>who were first to found the seat of seven-gated Thebes, <br>and walled it, since they could not live in spacious Thebes<br>without a wall, even mighty as they were.",2.6.4,R-paraphrase,https://scaife.perseus.org/reader/urn:cts:greekLit:tlg0012.tlg002.perseus-grc2:11.260-11.264/,Corinthia - Sikyonia border,"{""type"": ""GeometryCollection"", ""geometries"": [{""type"": ""Polygon"", ""coordinates"": [[[22.753523301404158, 37.94270323795715], [22.817206413472263, 37.94270323795715], [22.817206413472263, 37.95544470099276], [22.753523301404158, 37.95544470099276], [22.753523301404158, 37.94270323795715]]]}]}"
292,"Homer, Odyssey 11.263-65 on founding of Thebes",Homer's Odyssey,Q35160,Homer,epic poem,"Then after her I saw Antiope, daughter of Asopus,<br>who boasted that she'd slept even in the arms of Zeus,<br>and bore two sons, Amphion and Zethus,<br>who were first to found the seat of seven-gated Thebes,<br>and walled it, since they could not live in spacious Thebes<br>without a wall, even mighty as they were.<br>“Then after her I saw Alcmene, wife of Amphitryon,<br>who bore bold-spirited lion-hearted Heracles,<br>and mixed in great Zeus' arms,<br>and Megara, high-spirited Creon's daughter,",9.5.7,R-quotation,https://scaife.perseus.org/reader/urn:cts:greekLit:tlg0012.tlg002.perseus-grc2:11.260-11.270,Platais - Thebais border at Asopos river,"{""type"": ""GeometryCollection"", ""geometries"": [{""type"": ""Polygon"", ""coordinates"": [[[23.282037585248275, 38.262346911330866], [23.28341770612292, 38.259214861874426], [23.29430988663492, 38.26282873800801], [23.29139528312203, 38.266562673068336], [23.282037585248275, 38.262346911330866]]]}]}"
293,"Homer, Odyssey 11.271-281 on the children of Oedipus",Homer's Odyssey,Q35160,Homer,epic poem,"“I saw Oedipus' mother, beautiful Epicaste,<br>who in ignorance of mind did a monstrous deed<br>and married her own son, who'd killed his own father<br>and married her, and the gods at once made this well known to men.<br>But while he suffered sorrows and ruled in much-loved Thebes<br>over the Cadmeans through the fatal plans of gods,<br>she came to the house Hades, the mighty Gatekeeper,<br>having fastened a noose high from a lofty rafter,<br>hung by her own sorrow. She left behind for Oedipus<br>so many sorrows, all that the Avengers of a mother make happen.",9.5.10,R-quotation,https://scaife.perseus.org/reader/urn:cts:greekLit:tlg0012.tlg002.perseus-grc2:11.270-11.275,Platais - Thebais border at Asopos river,"{""type"": ""GeometryCollection"", ""geometries"": [{""type"": ""Polygon"", ""coordinates"": [[[23.282037585248275, 38.262346911330866], [23.28341770612292, 38.259214861874426], [23.29430988663492, 38.26282873800801], [23.29139528312203, 38.266562673068336], [23.282037585248275, 38.262346911330866]]]}]}"
294,"Homer, Odyssey 11.305-11.320 on the death of the children of Iphimedeia on Naxos",Homer's Odyssey,Q35160,Homer,epic poem,"""After her I saw Iphimedeia wife of Aloeus who boasted the embrace of Poseidon. She bore two sons Otus and Ephialtes, but both were short lived. They were the finest children that were ever born in this world, and the best looking, Orion only excepted; for at nine years old they were nine fathoms high, and measured nine cubits round the chest. They threatened to make war with the gods in Olympus, and tried to set Mount Ossa on the top of Mount Olympus, and Mount Pelion on the top of Ossa, that they might scale heaven itself, and they would have done it too if they had been grown up, but Apollo, son of Leto, killed both of them, before they had got so much as a sign of hair upon their cheeks or chin.",9.22.6,R-reference,https://scaife.perseus.org/reader/urn:cts:greekLit:tlg0012.tlg002.perseus-eng3:11.271-11.321,Anthedon,"{""type"": ""Point"", ""coordinates"": [23.448834, 38.498583]}"
295,"Homer, Odyssey 11.326-29 on Maera, daughter of Atlas",Homer's Odyssey,Q35160,Homer,epic poem,"“And Maera and Clymene I saw, and hateful Eriphyle, who took precious gold as the price of the life of her own lord. But I cannot tell or name all the wives and daughters of heroes that I saw;",8.48.6,R-paraphrase,https://scaife.perseus.org/reader/urn:cts:greekLit:tlg0012.tlg002.perseus-eng3:11.326-11.329/?right=perseus-grc2,Agora of Tegea,"{""type"": ""Point"", ""coordinates"": [22.4295, 37.46475]}"
296,"Homer, Odyssey 11.326-11.329 on necklace of Eriphyle",Homer's Odyssey,Q35160,Homer,epic poem,"I saw Maera and Clymene and loathsome Eriphyle,<br>who accepted precious gold for her beloved husband's life.<br>I couldn't name or tell the story of them all,<br>all the heroes' wives and daughters that I saw,",9.41.3,R-quotation,https://scaife.perseus.org/reader/urn:cts:greekLit:tlg0012.tlg002.perseus-grc2:11.325-11.330,Chaironea (Boeotia),"{""type"": ""Point"", ""coordinates"": [22.8416, 38.4944]}"
297,"Homer, Odyssey 11.576-578 on size of Tityos",Homer's Odyssey,Q35160,Homer,epic poem,"""And I saw Tityus son of Gaia stretched upon the plain and covering some nine acres of ground. Two vultures on either side of him were digging their beaks into his liver, and he kept on trying to beat them off with his hands, but could not; for he had violated Zeus’ mistress Leto as she was going through Panopeus on her way to Pytho.",10.4.5,R-quotation,https://scaife.perseus.org/reader/urn:cts:greekLit:tlg0012.tlg002.perseus-grc2:11.575-11.585,"Tomb of Tityos, earth mound at ravine of Panopeos","{""type"": ""Point"", ""coordinates"": [22.79418, 38.49551]}"
298,"Homer, Odyssey 11.576-11.584 describing Panopeus",Homer's Odyssey,Q35160,Homer,epic poem,"“I also saw Tityus, Gaea's most glorious son,<br>lying on the ground. He sprawled over nine acres,<br>and two vultures, one on each side, sat and tore at his liver<br>and dove into his bowels, and he couldn't repel them with his hands.<br> For he'd assaulted Leto, Zeus's glorious spouse,<br>as she went to Pytho through fine-lawned Panopeus.<br>“I even beheld one who had hard sorrows, Tantalus,<br>standing in a pool that dashed against his chin.<br>He thirsted and tried to drink, but had nothing to take,",10.4.2,R-reference,https://scaife.perseus.org/reader/urn:cts:greekLit:tlg0012.tlg002.perseus-grc2:11.575-11.585,Panopeos/Phanotis,"{""type"": ""Point"", ""coordinates"": [22.79418, 38.49551]}"
299,"Homer, Odyssey 11.601-11.604 on Hebe as wife of Heracles",Homer's Odyssey,Q35160,Homer,epic poem,"“After him I caught sight of mighty Heracles,<br>a phantom. He himself delights among the gods immortal,<br>in their festivities, and has for his wife fair-ankled Hebe,<br>daughter of great Zeus and golden-sandaled Hera.",2.13.3,R-paraphrase,https://scaife.perseus.org/reader/urn:cts:greekLit:tlg0012.tlg002.perseus-grc2:11.600-11.605,Sanctuary of Hebe on Phlious acropolis hill,"{""type"": ""Point"", ""coordinates"": [22.649131, 37.846299]}"
300,"Homer, Odyssey 11.630-635 on friendship of Theseus and Peirithous",Homer's Odyssey,Q35160,Homer,epic poem,"And I would still have seen earlier men, whom I really wanted to,<br>Theseus and Peirithous, glorious children of gods,<br>but before that countless tribes of dead ones gathered<br>with an awful sound. Green terror seized me,<br>lest illustrious Persephone send to me out of Hades",10.29.10,R-quotation,https://scaife.perseus.org/reader/urn:cts:greekLit:tlg0012.tlg002.perseus-grc2:11.625-11.635,Lesche of the Knidians,"{""type"": ""Point"", ""coordinates"": [22.5011, 38.48304]}"
301,"Homer, Odyssey 11.625-635 on Odysseus wanting to see Theseus in Hades",Homer's Odyssey,Q35160,Homer,epic poem,"I fetched him and brought him up out of Hades,<br>and Hermes and bright-eyed Athena guided me.'<br>“So saying, he went back into the house of Hades,<br>but I stayed in place where I was, in hope that someone<br>of the hero men, those who'd died before, would still come.<br>And I would still have seen earlier men, whom I really wanted to,<br>Thesus and Perithous, glorious children of gods,<br>but before that countless tribes of dead ones gathered<br>with an awful sound. Green terror seized me,<br>lest illustrious Persephone send to me out of Hades",3.24.11,R-paraphrase,https://scaife.perseus.org/reader/urn:cts:greekLit:tlg0012.tlg002.perseus-grc2:11.625-11.635,Tomb of Las at Arainon,"{""type"": ""Point"", ""coordinates"": [22.521276, 36.69704]}"
302,"Homer, Odyssey 11.90-151 on Teiresias",Homer's Odyssey,Q35160,Homer,epic poem,"“Then there came up the spirit of the Theban Teiresias, bearing his golden staff in his hand, and he knew me and spoke to me: ‘Son of Laertes, sprung from Zeus, Odysseus of many devices, what now, hapless man? Why hast thou left the light of the sun and come hither to behold the dead and a region where is no joy?<br> Nay, give place from the pit and draw back thy sharp sword, that I may drink of the blood and tell thee sooth. “So he spoke, and I gave place and thrust my silver-studded sword into its sheath, and when he had drunk the dark blood, then the blameless seer spoke to me and said:“‘Thou askest of thy honey-sweet return, glorious Odysseus, but this shall a god make grievous unto thee; for I think not that thou shalt elude the Earth-shaker, seeing that he has laid up wrath in his heart against thee, angered that thou didst blind his dear son. Yet even so ye may reach home, though in evil plight, if thou wilt curb thine own spirit and that of thy comrades, as soon as thou shalt bring thy well-built ship to the island Thrinacia, escaping from the violet sea, and ye find grazing there the kine and goodly flocks of Helios, who over sees and overhears all things. If thou leavest these unharmed and heedest thy homeward way, verily ye may yet reach Ithaca, though in evil plight. But if thou harmest them, then I foresee ruin for thy ship and thy comrades, and even if thou shalt thyself escape, late shalt thou come home and in evil case, after losing all thy comrades, in a ship that is another's, and thou shalt find woes in thy house—proud men that devour thy livelihood, wooing thy godlike wife, and offering wooers' gifts. Yet verily on their violent deeds shalt thou take vengeance when thou comest. But when thou hast slain the wooers in thy halls, whether by guile or openly with the sharp sword, then do thou go forth, taking a shapely oar, until thou comest to men that know naught of the sea and eat not of food mingled with salt, aye, and they know naught of ships with purple cheeks, or of shapely oars that are as wings unto ships. And I will tell thee a sign right manifest, which will not escape thee. When another wayfarer, on meeting thee, shall say that thou hast a winnowing-fan on thy stout shoulder, then do thou fix in the earth thy shapely oar and make goodly offerings to lord Poseidon—a ram, and a bull, and a boar that mates with sows—and depart for thy home and offer sacred hecatombs to the immortal gods who hold broad heaven, to each one in due order. And death shall come to thee thyself far from the sea,a death so gentle, that shall lay thee low when thou art overcome with sleek old age, and thy people shall dwell in prosperity around thee. In this have I told thee sooth.’ “So he spoke, and I made answer and said: ‘Teiresias, of all this, I ween, the gods themselves have spun the thread. But come, tell me this, and declare it truly. I see here the spirit of my dead mother; she sits in silence near the blood, and deigns not to look upon the face of her own son or to speak to him. Tell me, prince, how she may recognize that I am he?’ “So I spoke, and he straightway made answer, and said: ‘Easy is the word that I shall say and put in thy mind. Whomsoever of those that are dead and gone thou shalt suffer to draw near the blood, he will tell thee sooth; but whomsoever thou refusest, he surely will go back again.’“So saying the spirit of the prince, Teiresias, went back into the house of Hades, when he had declared his prophecies;",9.33.2,R-reference,https://scaife.perseus.org/reader/urn:cts:greekLit:tlg0012.tlg002.perseus-grc2:11.90-11.151,Tilphousa spring past Haliartos,"{""type"": ""Point"", ""coordinates"": [22.9908, 38.3663]}"
303,"Homer, Odyssey 13.104 on Naiad Nymphs",Homer's Odyssey,Q35160,Homer,epic poem,"At the head of this harbor there is a large olive tree, and at no distance a fine overarching cavern sacred to the nymphs who are called Naiads. There are mixing-bowls within it and wine-jars of stone, and the bees hive there.",8.4.2,R-reference,https://scaife.perseus.org/reader/urn:cts:greekLit:tlg0012.tlg002.perseus-grc2:13.103-13.106,Argolid - Arkadia border near Mt. Artemision,"{""type"": ""GeometryCollection"", ""geometries"": [{""type"": ""Polygon"", ""coordinates"": [[[22.475774354441114, 37.654310963973046], [22.507440284004105, 37.571411550419754], [22.521537982781183, 37.57134643717862], [22.488651704535528, 37.65540068883523], [22.475774354441114, 37.654310963973046]]]}]}"
304,"Homer, Odyssey 15.459 on necklaces with amber",Homer's Odyssey,Q35160,Homer,epic poem,"A man, very shrewd one, came to my father's house,<br>holding a golden necklace he'd strung at intervals with amber.",9.41.4,R-quotation,https://scaife.perseus.org/reader/urn:cts:greekLit:tlg0012.tlg002.perseus-grc2:15.455-15.460,Chaironea (Boeotia),"{""type"": ""Point"", ""coordinates"": [22.8416, 38.4944]}"
305,"Homer, Odyssey 18.295-18.296 on Eurymachus' gold/amber necklace",Homer's Odyssey,Q35160,Homer,epic poem,"To Eurymachus, another brought a richly-worked chain,<br>a golden one, strung with amber, like the sun.",9.41.5,R-quotation,https://scaife.perseus.org/reader/urn:cts:greekLit:tlg0012.tlg002.perseus-grc2:18.290-18.297,Chaironea (Boeotia),"{""type"": ""Point"", ""coordinates"": [22.8416, 38.4944]}"
306,"Homer, Odyssey 18.328 on hanging out at the club (lesche)",Homer's Odyssey,Q35160,Homer,epic poem,"And you will not go to the smith's house to sleep, Nor yet to the Lesche, but you make long speeches here.",10.25.1,R-quotation,https://scaife.perseus.org/reader/urn:cts:greekLit:tlg0012.tlg002.perseus-grc2:18.328-18.329,Lesche of the Knidians,"{""type"": ""Point"", ""coordinates"": [22.5011, 38.48304]}"
307,"Homer, Odyssey 19.178 on laws of Minos perhaps applicable to Lycurgus",Homer's Odyssey,Q35160,Homer,epic poem,"one language is mixed with another. There are Achaeans in it,<br>great-hearted Eteocretans in it, Cydonians in it,<br>streaming-haired Dorians, and divine Pelasgians.<br>Cnossos is among them, a great city, where Minos,<br>great Zeus's intimate, ruled as king nine years,<br>the father of my father, great-hearted Deucalion.<br>Deucalion fathered me and lord Idomeneus,<br>but Idomeneus went in the curved ships to Ilium<br>with the Atreidae. I had the famed name Aethon,<br>and was younger in age. He was older and better.",3.2.4,R-quotation,https://scaife.perseus.org/reader/urn:cts:greekLit:tlg0012.tlg002.perseus-grc2:19.175-19.185,Argolid - Lakonia border at the Hermai,"{""type"": ""GeometryCollection"", ""geometries"": [{""type"": ""Polygon"", ""coordinates"": [[[22.527643966812064, 37.31460354773594], [22.53453084312804, 37.3070246533447], [22.538351342393554, 37.307297362478295], [22.530631002613234, 37.3160985404418], [22.527643966812064, 37.31460354773594]]]}]}"
308,"Homer, Odyssey 19.55 etc. on use of ivory as royal decor but showing no awareness of elephants",Homer's Odyssey,Q35160,Homer,epic poem,"<br>Prudent Penelope came out of her chamber,<br>like Artemis or golden Aphrodite.<br>They set a chair for her beside the fire, where she used to sit,<br>inlaid with ivory and silver, that the woodworker<br>Icmalius made, and under it he'd set a footstool for feet,<br>growing out of it, on which a big fleece had been thrown.",1.12.4,R-reference,https://scaife.perseus.org/reader/urn:cts:greekLit:tlg0012.tlg002.perseus-grc2:19.53-19.60,Odeion of Agrippa (Athens Agora),"{""type"": ""Point"", ""coordinates"": [23.723135000000003, 37.975124]}"
309,"Homer, Odyssey 2.120 on Mycene",Homer's Odyssey,Q35160,Homer,epic poem,"and cunning wiles, such as none we've ever heard of, not even<br>of the ancients, who were fair-haired Achaean women of old,<br>  Tyro, Alcmene, and fair-crowned Mycene,<br>none of whom knew thoughts like those of Penelope,",2.16.4,R-quotation,https://scaife.perseus.org/reader/urn:cts:greekLit:tlg0012.tlg002.perseus-grc2:2.118-2.121,Mycenae,"{""type"": ""Point"", ""coordinates"": [22.756111, 37.730833]}"
310,"Homer, Odyssey 21.18 on Messenian ethnos",Homer's Odyssey,Q35160,Homer,epic poem,"The two had met each other in Messene,<br>in the house of skilled Ortilochus. Yes indeed, Odysseus<br>had gone there after a debt that the whole kingdom owed him,<br>for Messenian men had taken sheep from Ithaca, three hundred<br>of them, and their shepherds, in ships with many oarlocks.",4.1.3,R-quotation,https://scaife.perseus.org/reader/urn:cts:greekLit:tlg0012.tlg002.perseus-grc2:21.18-21.20/,Choirios Nape,"{""type"": ""GeometryCollection"", ""geometries"": [{""type"": ""Polygon"", ""coordinates"": [[[22.143588429711173, 36.94888471665877], [22.18624381440418, 36.95017414417967], [22.223199270082375, 36.95378608209073], [22.248155909035262, 36.960469507191235], [22.25775393867147, 36.96224967963566], [22.262659624143453, 36.98275144390442], [22.284975814421244, 36.99240306697337], [22.277683819340496, 36.9974822900312], [22.25528655397426, 36.98707795027782], [22.249117608796496, 36.96730110791651], [22.220231007097283, 36.9612590436016], [22.193853679994135, 36.956753242978635], [22.16522532799945, 36.956871930927164], [22.14004783897485, 36.95194522129127], [22.143588429711173, 36.94888471665877]]]}]}"
311,"Homer, Odyssey 24.10 on epithet Akakesios",Homer's Odyssey,Q35160,Homer,epic poem,"Hermes Akaketa [gracious?] led them down the moldy ways.<br>They went, past the streams of Ocean, and the White Rock [Leukada],<br>and past the gates of the Sun, and the kingdom of dreams,<br>they went. They came down quickly to an asphodel meadow,
where dwell the souls and shadows of them that can labor no more.",8.3.2,R-reference,,Argolid - Arkadia border near Mt. Artemision,"{""type"": ""GeometryCollection"", ""geometries"": [{""type"": ""Polygon"", ""coordinates"": [[[22.475774354441114, 37.654310963973046], [22.507440284004105, 37.571411550419754], [22.521537982781183, 37.57134643717862], [22.488651704535528, 37.65540068883523], [22.475774354441114, 37.654310963973046]]]}]}"
312,"Homer, Odyssey 24.1-24.22 on Hermes",Homer's Odyssey,Q35160,Homer,epic poem,"Meanwhile Cyllenian Hermes called forth the spirits of the wooers. He held in his hands his wand, a fair wand of gold, wherewith he lulls to sleep the eyes of whom he will, while others again he wakens even out of slumber;<br> with this he roused and led the spirits, and they followed gibbering. And as in the innermost recess of a wondrous cave bats flit about gibbering, when one has fallen from off the rock from the chain in which they cling to one another, so these went with him gibbering, and<br>10 Hermes, the Helper, led them down the dank ways. Past the streams of Oceanus they went, past the rock Leucas, past the gates of the sun and the land of dreams, and quickly came to the mead of asphodel, where the spirits dwell, phantoms of men who have done with toils.",8.32.4,R-paraphrase,https://scaife.perseus.org/reader/urn:cts:greekLit:tlg0012.tlg002.perseus-eng3:24.1-24.22?right=perseus-grc2,Megalopolis (Arkadia),"{""type"": ""Point"", ""coordinates"": [22.1273, 37.4124]}"
313,"Homer, Odyssey 3.276-3.303 Nestor on the fate of Phrontis",Homer's Odyssey,Q35160,Homer,epic poem,"Now we sailed together on our way from Troy,<br>Atreides and I, with friendly feelings toward each other,<br>but when we reached the cape of Athens, sacred Sunium,<br>there Phoebus Apollo attacked with his gentle darts<br> and killed Menelaus' steersman<br>as he held in his hands the steering oar of the running ship,<br>Phrontis Onetorides, who surpassed the tribes of men<br>in steering a ship when storm winds blow.<br>So he stopped there, though eager for the way,<br>§ OD.3.285  to bury his comrade and perform funeral rites over him.",10.25.2,R-paraphrase,,Lesche of the Knidians,"{""type"": ""Point"", ""coordinates"": [22.5011, 38.48304]}"
314,"Homer, Odyssey 3.488-3.489 on Pherae not Messene",Homer's Odyssey,Q35160,Homer,epic poem,"Then they reached Pherai where Diokles lived, who was son to Ortilokhos and grandson to Alpheus.",4.1.4,R-quotation,https://scaife.perseus.org/reader/urn:cts:greekLit:tlg0012.tlg002.perseus-grc2:3.488-3.489?right=perseus-eng3,Choirios Nape,"{""type"": ""GeometryCollection"", ""geometries"": [{""type"": ""Polygon"", ""coordinates"": [[[22.143588429711173, 36.94888471665877], [22.18624381440418, 36.95017414417967], [22.223199270082375, 36.95378608209073], [22.248155909035262, 36.960469507191235], [22.25775393867147, 36.96224967963566], [22.262659624143453, 36.98275144390442], [22.284975814421244, 36.99240306697337], [22.277683819340496, 36.9974822900312], [22.25528655397426, 36.98707795027782], [22.249117608796496, 36.96730110791651], [22.220231007097283, 36.9612590436016], [22.193853679994135, 36.956753242978635], [22.16522532799945, 36.956871930927164], [22.14004783897485, 36.95194522129127], [22.143588429711173, 36.94888471665877]]]}]}"
315,"Homer, Odyssey 4.242 on fake deserter as spy [confusing post-Homeric Sinon and Odysseus?)",Homer's Odyssey,Q35160,Homer,epic poem,"I couldn't name and tell them all,<br>so many are the trials of steadfast Odysseus,<br>but what a thing this was the mighty man dared and did<br>in the Trojan kingdom where you Achaeans suffered sorrows!<br>He disfigured himself with grievous blows,<br>§ OD.4.245  threw a cloth around his shoulders, and disguised as a servant<br>entered the broad-streeted city of the enemy men,<br>then concealed himself as a different man, and pretended to be<br>a beggar, he who was no such thing at the Achaean ships.<br>He entered the Trojan city like that, and everyone ignored him.<br>§ OD.4.250  I alone recognized him, such as he was,<br>and I questioned him, but he eluded me with cunning.<br>But when at last I'd bathed him and anointed him with olive oil,<br>dressed clothing about him, and swore a great oath<br>not to make him known among the Trojans as Odysseus<br>before he reached his huts and swift ships,<br>right then he told me in detail the Achaeans' intent.<br>He then killed many of the Trojans with sharp bronze,<br>went back among the Argives, and brought back much information.<br>Then the rest of the Trojan women shrieked loudly, but my heart<br>rejoiced, since by now my heart had changed about going<br>back home and I regretted my mad blindness, that Aphrodite gave me,<br>when she led me there from my beloved fatherland,<br>and I deserted my daughter, my bedroom, and my husband,<br>who lacked nothing in either looks or wits.”",4.28.7,R-paraphrase,,Choirios Nape,"{""type"": ""GeometryCollection"", ""geometries"": [{""type"": ""Polygon"", ""coordinates"": [[[22.143588429711173, 36.94888471665877], [22.18624381440418, 36.95017414417967], [22.223199270082375, 36.95378608209073], [22.248155909035262, 36.960469507191235], [22.25775393867147, 36.96224967963566], [22.262659624143453, 36.98275144390442], [22.284975814421244, 36.99240306697337], [22.277683819340496, 36.9974822900312], [22.25528655397426, 36.98707795027782], [22.249117608796496, 36.96730110791651], [22.220231007097283, 36.9612590436016], [22.193853679994135, 36.956753242978635], [22.16522532799945, 36.956871930927164], [22.14004783897485, 36.95194522129127], [22.143588429711173, 36.94888471665877]]]}]}"
316,"Homer, Odyssey 4.384-393 on Menelaus and Proteus",Homer's Odyssey,Q35160,Homer,epic poem,"There is an old immortal who lives under the sea hereabouts and whose name is Proteus. He is an Egyptian, and people say he is my father; he is Poseidon's head man and knows every inch of ground all over the bottom of the sea. If you can snare him and hold him tight, he will tell you about your voyage, what courses you are to take, and how you are to sail the sea so as to reach your home [nostos]. He will also tell you, if you so will, all that has been going on at your house both good and bad, while you have been away on your long and dangerous journey.’",3.18.16,R-reference,https://scaife.perseus.org/reader/urn:cts:greekLit:tlg0012.tlg002.perseus-grc2:4.384-4.393,Throne at Amyclae,"{""type"": ""Point"", ""coordinates"": [22.4502, 37.0363]}"
317,"Homer, Odyssey 4.472-480 on ancient place names",Homer's Odyssey,Q35160,Homer,epic poem,"""Then,’ he said, ‘if you would finish your voyage and get home quickly, you must offer sacrifices to Zeus and to the rest of the gods before embarking; for it is decreed that you shall not get back to your friends, and to your own house, till you have returned to the heaven-fed stream of Egypt, and offered holy hecatombs to the immortal gods that reign in heaven. When you have done this they will let you finish your voyage.’<br>",9.40.6,R-reference,https://scaife.perseus.org/reader/urn:cts:greekLit:tlg0012.tlg002.perseus-grc2:4.4707-4.480,Chaironea (Boeotia),"{""type"": ""Point"", ""coordinates"": [22.8416, 38.4944]}"
318,"Homer, Odyssey 4.561 on Rhadamanthys in the Elysian plain",Homer's Odyssey,Q35160,Homer,epic poem,"'The son of Laertes, who has a house in Ithaca,<br>whom I saw shedding thick tears on an island,<br>in the palace of nymph Calypso, who holds him back<br>by force. He's unable to reach his fatherland,<br>for he hasn't oared ships or comrades at his side<br>§ to convoy him on the broad back of the sea.<br>But it's not ordained for you, Zeus-nurtured Menelaus,<br>to meet your fate and die in horse-grazing Argos,<br>but to the Elysian plain and the limits of the earth<br>the immortals will send you, where blond Rhadamanthus is,<br> there where life is easiest for men,<br>no snow, and not much winter, and never rain,<br>but always gusts of clearly blowing West Wind<br>Ocean sends up to cool off men,<br>because you have Helen and are a son-in-law of Zeus to them.",8.53.5,R-paraphrase,https://scaife.perseus.org/reader/urn:cts:greekLit:tlg0012.tlg002.perseus-grc2:4.561-4.569,"Monument to Apollo Agyieus, Tegea","{""type"": ""Point"", ""coordinates"": [22.429, 37.464]}"
319,"Homer, Odyssey 5.272 on the Bear constellation",Homer's Odyssey,Q35160,Homer,epic poem,"Then he sat and steered skillfully with the steering oar,<br>and sleep didn't fall upon his eyelids<br>as he looked at the Pleiades, and late setting Bootes,<br>and the Bear, which they also call the Wagon as another name,<br>that turns in its place and watches Orion,<br>§ OD.5.275  and is the only one without a share of Ocean's baths.<br>For the goddess divine, Calypso, had bid him keep it<br>on his left hand as he sailed the sea.",8.3.7,R-quotation,https://scaife.perseus.org/reader/urn:cts:greekLit:tlg0012.tlg002.perseus-eng3:5.262,Argolid - Arkadia border near Mt. Artemision,"{""type"": ""GeometryCollection"", ""geometries"": [{""type"": ""Polygon"", ""coordinates"": [[[22.475774354441114, 37.654310963973046], [22.507440284004105, 37.571411550419754], [22.521537982781183, 37.57134643717862], [22.488651704535528, 37.65540068883523], [22.475774354441114, 37.654310963973046]]]}]}"
320,"Homer, Odyssey 6.103 on Artemis on Erymanthos and Taygetos [text gap]",Homer's Odyssey,Q35160,Homer,epic poem,"They threw off their head-gear and fell to playing at ball, and white-armed Nausicaa was leader in the song.[*] And even as Artemis, the archer, roves over the mountains, along the ridges of lofty Taygetus or Erymanthus, joying in the pursuit of boars and swift deer,and with her sport the wood-nymphs, the daughters of Zeus who bears the aegis, and Leto is glad at heart—high above them all Artemis holds her head and brows, and easily may she be known, though all are fair—so amid her handmaidens shone the maid unwed.",8.24.2,R-paraphrase,https://scaife.perseus.org/reader/urn:cts:greekLit:tlg0012.tlg002.perseus-grc2:6.90-6.115,Psophis,"{""type"": ""Point"", ""coordinates"": [21.892903, 37.871725]}"
321,"Homer, Odyssey 6.163 on a palm tree in Delos",Homer's Odyssey,Q35160,Homer,epic poem,"I never yet saw any one so beautiful, neither man nor woman, and am lost in admiration as I behold you. I can only compare you to a young palm tree which I saw when I was at Delos growing near the altar of Apollo - for I was there, too, with many people after me, when I was on that journey which has been the source of all my troubles. Never yet did such a young plant shoot out of the ground as that was, and I admired and wondered at it exactly as I now admire and wonder at yourself.",8.43.3,R-reference,https://scaife.perseus.org/reader/urn:cts:greekLit:tlg0012.tlg002.perseus-eng3:6.162-6.170/?right=perseus-grc2,Pallantion (Arkadia),"{""type"": ""Point"", ""coordinates"": [22.334, 37.453]}"
322,"Homer, Odyssey 6.85 ff on Nausicaa doing laundry",Homer's Odyssey,Q35160,Homer,epic poem,"When they reached the water side they went to the washing-cisterns, through which there ran at all times enough pure water to wash any quantity of linen, no matter how dirty. Here they unharnessed the mules and turned them out to feed on the sweet juicy herbage that grew by the water side. They took the clothes out of the wagon, put them in the water, and vied with one another in treading them in the pits to get the dirt out. After they had washed them and got them quite clean, they laid them out by the sea side, where the waves had raised a high beach of shingle, and set about washing themselves and anointing themselves with olive oil. Then they got their dinner by the side of the stream, and waited for the sun to finish drying the clothes.",1.22.6,R-paraphrase,,Propylaia (Athens),"{""type"": ""Point"", ""coordinates"": [23.72522, 37.97176]}"
323,"Homer, Odyssey 7.205-206 on  giants (the Cyclopes)",Homer's Odyssey,Q35160,Homer,epic poem,"They come and sit at our feasts just like one of our selves, and if any solitary wayfarer happens to stumble upon some one or other of them, they affect no concealment, for we are as near of kin to the gods as the Cyclopes and the savage giants are.""",8.29.2,R-paraphrase,https://scaife.perseus.org/reader/urn:cts:greekLit:tlg0012.tlg002.perseus-eng3:7.206?right=perseus-grc2,Bathos,"{""type"": ""Point"", ""coordinates"": [22.0708, 37.4506]}"
324,"Homer, Odyssey 7.55-60 on giants",Homer's Odyssey,Q35160,Homer,epic poem,"They both descend originally from Poseidon, who was father to Nausithoos by Periboia, a woman of great beauty. Periboia was the youngest daughter of Eurymedon, who at one time reigned over the giants, but he ruined his ill-fated people and lost his own life to boot.",8.29.2,R-quotation,https://scaife.perseus.org/reader/urn:cts:greekLit:tlg0012.tlg002.perseus-eng3:7.59?right=perseus-grc2,Bathos,"{""type"": ""Point"", ""coordinates"": [22.0708, 37.4506]}"
325,"Homer, Odyssey 8.43 on poets supported by kings",Homer's Odyssey,Q35160,Homer,epic poem,"Then, when they were got together, Alkinoos spoke: ""Hear me,"" said he, ""aldermen and town councilors of the Phaeacians, that I may speak even as I am minded. This stranger, whoever he may be, has found his way to my house from somewhere or other either East or West. He wants an escort and wishes to have the matter settled. Let us then get one ready for him, as we have done for others before him; indeed, no one who ever yet came to my house has been able to complain of me for not speeding on his way soon enough. Let us draw a ship into the sea - one that has never yet made a voyage - and man her with two and fifty of our choicest [krînô] young sailors in the dêmos. Then when you have made fast your oars each by his own seat, leave the ship and come to my house to prepare a feast. I will provide you with everything. I am giving these instructions to the young men who will form the crew, for as regards you aldermen and town councilors, you will join me in entertaining our guest in the cloisters. I can take no excuses, and we will have Demodokos to sing to us; for there is no bard like him whatever he may choose to sing about."" Alkinoos then led the way, and the others followed after, while a servant went to fetch Demodokos.",1.2.3,R-paraphrase,https://scaife.perseus.org/reader/urn:cts:greekLit:tlg0012.tlg002.perseus-grc2:8.24-8.48,road Piraeus to Athens,"{""type"": ""GeometryCollection"", ""geometries"": [{""type"": ""LineString"", ""coordinates"": [[23.651200847204137, 37.94756121516629], [23.652374353234453, 37.94839046164596], [23.665291521796778, 37.95232527430065], [23.680945107599793, 37.957452975216086], [23.688954934445462, 37.96061626238817], [23.698937244530754, 37.969126334790005], [23.718845998411386, 37.97848892791123]]}]}"
326,"Homer, Odyssey 3.267 on poets supported by kings",Homer's Odyssey,Q35160,Homer,epic poem,"At first she would have nothing to do with his wicked scheme,<br> for she was of a good natural disposition;<br> moreover there was a singer with her, to whom Agamemnon had given strict orders on<br>setting out for Troy, that he was to keep guard over his wife; <br>but when heaven had counseled her destruction, <br>Aigisthos led this bard off to a desert island <br>and left him there for crows and seagulls to batten upon -<br> after which she went willingly enough to the house of Aigisthos. <br>Then he offered many burnt sacrifices to the gods,<br>and decorated many temples with tapestries and gilding,<br>for he had succeeded far beyond his expectations.",1.2.3,R-paraphrase,https://scaife.perseus.org/reader/urn:cts:greekLit:tlg0012.tlg002.perseus-grc2:3.264-3.276,road Piraeus to Athens,"{""type"": ""GeometryCollection"", ""geometries"": [{""type"": ""LineString"", ""coordinates"": [[23.651200847204137, 37.94756121516629], [23.652374353234453, 37.94839046164596], [23.665291521796778, 37.95232527430065], [23.680945107599793, 37.957452975216086], [23.688954934445462, 37.96061626238817], [23.698937244530754, 37.969126334790005], [23.718845998411386, 37.97848892791123]]}]}"
327,Homer: Pausanias opines there was no city Messene before battle of Leuctra,Homer's Odyssey,Q35160,Homer,epic poem,,4.1.3,O-Inquiry,,Choirios Nape,"{""type"": ""GeometryCollection"", ""geometries"": [{""type"": ""Polygon"", ""coordinates"": [[[22.143588429711173, 36.94888471665877], [22.18624381440418, 36.95017414417967], [22.223199270082375, 36.95378608209073], [22.248155909035262, 36.960469507191235], [22.25775393867147, 36.96224967963566], [22.262659624143453, 36.98275144390442], [22.284975814421244, 36.99240306697337], [22.277683819340496, 36.9974822900312], [22.25528655397426, 36.98707795027782], [22.249117608796496, 36.96730110791651], [22.220231007097283, 36.9612590436016], [22.193853679994135, 36.956753242978635], [22.16522532799945, 36.956871930927164], [22.14004783897485, 36.95194522129127], [22.143588429711173, 36.94888471665877]]]}]}"
328,Homeric Hymn to Apollo 282 and name Crisa,Homeric Hymn to Apollo,Q3798932,Homer,hymn,"Further yet you went, far-shooting Apollo, until you came to the town of the presumptuous Phlegyae who dwell on this earth in a lovely glade near the Cephisian lake, caring not for Zeus. And thence you went speeding swiftly to the mountain ridge, and came to Crisa beneath snowy Parnassus, a foothill turned towards the west: a cliff hangs over if from above, and a hollow, rugged glade runs under. There the lord Phoebus Apollo resolved to make his lovely temple, and thus he said: ""In this place I am minded to build a glorious temple to be an oracle for men, and here they will always bring perfect hecatombs, both they who dwell in rich Peloponnesus and the men of Europe and from all the wave-washed isles, coming to question me. And I will deliver to them all counsel that cannot fail, answering them in my rich temple.""",10.37.5,R-reference,https://scaife.perseus.org/reader/urn:cts:greekLit:tlg0013.tlg003.perseus-eng2:275-295,Kirra,"{""type"": ""Point"", ""coordinates"": [22.450621, 38.428937]}"
329,Homeric Hymn to Demeter 154 on Eumolpus as manly,Homeric Hymn to Demeter,Q3798927,Homer,hymn,"now I will teach you clearly, telling you the names of men who have great power and honor here and are chief among the people, guarding our city's coif of towers by their wisdom and true judgements: there is wise Triptolemus and Dioclus and Polyxeinus and blameless Eumolpus and Dolichus and our own brave father. All these have wives who manage in the house",1.38.2,R-reference,https://scaife.perseus.org/reader/urn:cts:greekLit:tlg0013.tlg002.perseus-eng2:145-160?q=%CE%95%CF%85&qk=form,Tomb of Eumolpos on Sacred Way near Eleusis,"{""type"": ""Point"", ""coordinates"": [23.601, 38.023]}"
330,Homeric Hymn to Apollo 3.230 on grove at Onchestos,Homeric Hymn to Demeter,Q3798927,Homer,hymn,"And further still you went, O far-shooting Apollo, and came to Onchestus, Poseidon's bright grove: there the new-broken colt distressed with drawing the trim chariot gets spirit again, and the skilled driver springs from his car and goes on his way. Then the horses for a while rattle the empty car, being rid of guidance; and if they break the chariot in the woody grove, men look after the horses, but tilt the chariot and leave it there; for this was the rite from the very first. And the drivers pray to the lord of the shrine; but the chariot falls to the lot of the god.",9.26.5,R-reference,https://scaife.perseus.org/reader/urn:cts:greekLit:tlg0013.tlg003.perseus-grc2:225-235,Onchestos (Boeotia),"{""type"": ""Point"", ""coordinates"": [23.1453, 38.3622]}"
331,Homeric Hymn to Demeter 420: Homer's Hymn to Demeter first to mention Tyche as daughter of Ocean,Homeric Hymn to Demeter,Q3798927,Homer,hymn,"From my father Zeus, and left, taking me under the depths of the earth,<br>And will go through every detail, as you ask me.<br>We were all playing in a lovely meadow ---<br>Leucippe, Phaeno, Electra and Ianthe,<br>Melite, Iache, Rhodeia and Callirhoe, Melobosis, Tyche, and Okyrhoe with a face like a flower,<br>Chryse, Ianeira, Akaste and Admete,<br>Rhodope, Pluto and lovely Calypso,<br>Styx, Urania and beauteous Galaxaure,<br>And war-rousing Pallas and arrow-pouring Artemis ---",4.30.4,R-quotation,https://scaife.perseus.org/reader/urn:cts:greekLit:tlg0013.tlg002.perseus-grc2:419-425,Pherai (Messenia),"{""type"": ""Point"", ""coordinates"": [22.113, 37.046]}"
332,Homeric Hymn to Demeter 474 on who (not Dysaules) she taught the mysteries,Homeric Hymn to Demeter,Q3798927,Homer,hymn,"So she spoke – and fair-garlanded Demeter did not disobey him.<br>At once she sent up the fruit of the fields with rich clods.<br>The whole wide earth with leaves and flowers<br>Was filled; and she went to law-making kings<br>And revealed to Triptolemos, horse-driving Diocles,<br>Mighty Eumolpus, and to Celeus leader of the people,<br>The performance of her rites, and declared her celebrations to everyone,<br>To Triptolemos and Polyxenes, and as well to Diocles<br>The holy things, which it is unlawful to transgress or find out,<br>Or speak of; for the great reverence of the gods checks their tongue.",2.14.3,R-quotation,https://scaife.perseus.org/reader/urn:cts:greekLit:tlg0013.tlg002.perseus-grc2:470-480,Keleai,"{""type"": ""Point"", ""coordinates"": [22.6465, 37.8446]}"
333,Homeric Hymn to Demeter 474: Dysaules is not a brother of Keleos,Homeric Hymn to Demeter,Q3798927,Homer,hymn,"Then she went, and to the kings who deal justice, Triptolemus and Diocles, the horse-driver, and to doughty Eumolpus and Celeus, leader of the people, she showed the conduct of her rites and taught them all her mysteries, to Triptolemus and Polyxeinus and Diocles also, —awful mysteries which no one may in any way transgress or pry into or utter, for deep awe of the gods checks the voice.",2.14.2,,https://scaife.perseus.org/reader/urn:cts:greekLit:tlg0013.tlg002.perseus-eng2:470-480,Keleai,"{""type"": ""Point"", ""coordinates"": [22.6465, 37.8446]}"
334,Thebaid fr. 4 (Davies))on Death of Parthenopaeus,Thebaid,Q478880,Homer,epic poem,,9.18.6,R-reference,,highway Thebes to Chalkis,"{""type"": ""GeometryCollection"", ""geometries"": [{""type"": ""LineString"", ""coordinates"": [[23.317595983450758, 38.32229014767111], [23.317868, 38.324122], [23.318897, 38.325428], [23.320307, 38.326708], [23.326053, 38.327714], [23.33142, 38.329098], [23.36313, 38.344983], [23.405477, 38.358228], [23.405477, 38.358228], [23.419276, 38.371977], [23.426363, 38.372264], [23.428954, 38.373325], [23.433688, 38.374202], [23.440666, 38.375059], [23.458307, 38.375101], [23.481719, 38.379099], [23.486372, 38.382792], [23.492534, 38.385588], [23.495066, 38.389256], [23.499147, 38.392062], [23.503866, 38.394676], [23.507691, 38.396079], [23.512888, 38.398662], [23.515864, 38.400673], [23.522645, 38.406642], [23.523486, 38.409444], [23.522393, 38.410537], [23.520852, 38.411629], [23.520123, 38.41247], [23.520011, 38.413871], [23.521132, 38.415524], [23.521048, 38.417682], [23.526092, 38.425892], [23.526064, 38.42777], [23.526876, 38.42903], [23.528109, 38.429815], [23.528611, 38.429934], [23.529507, 38.428963], [23.529794, 38.427827], [23.530322, 38.427942], [23.529485, 38.430398], [23.52999, 38.4336], [23.531045, 38.435402], [23.533926, 38.438111], [23.535269, 38.440693], [23.53574, 38.441003], [23.536578, 38.44121], [23.537071, 38.440728], [23.538138, 38.441049], [23.538919, 38.441106], [23.539631, 38.440659], [23.540778, 38.440234], [23.541226, 38.440268], [23.542647, 38.440825], [23.542511, 38.441081], [23.541621, 38.441013], [23.541237, 38.441336], [23.541248, 38.441665], [23.541883, 38.443252], [23.542879, 38.444193], [23.543317, 38.444314], [23.543405, 38.444697], [23.544587, 38.445222], [23.544751, 38.44566], [23.545835, 38.44577], [23.546743, 38.44612], [23.547838, 38.446207], [23.55064, 38.446952], [23.552995, 38.449393], [23.552567, 38.454353], [23.558827, 38.462135], [23.562726, 38.464717], [23.580025387029, 38.46513283286], [23.589052, 38.4628931]]}]}"
335,Thebaid:: Thebaid as next best after Iliad and Odyssey,Thebaid,Q478880,Homer,epic poem,,9.9.5,R-reference,,Electran Gate (Thebes),"{""type"": ""Point"", ""coordinates"": [23.3201, 38.3175]}"
336,"Homer, Iliad 16.680 on Sleep and Death as siblings",Homer's Iliad,Q8275,Homer,epic poem,"Then Zeus lord of the storm-cloud said to Apollo, ""Dear Phoebus, go, I pray you, and take Sarpedon out of range of the weapons; cleanse the black blood from off him, and then bear him a long way off where you may wash him in the river, anoint him with ambrosia, and clothe him in immortal raiment; this done, commit him to the arms of the two fleet messengers, Death, and Sleep, who will carry him straightway to the fertile district [dêmos] of Lycia, where his brothers and kinsmen will give him a funeral, and will raise both mound and pillar to his memory, in due honor to the dead.""",3.18.1,R-reference,https://scaife.perseus.org/reader/urn:cts:greekLit:tlg0012.tlg001.perseus-eng3:16.619-16.698,Athena Chalkioikos sanctuary on acropolis of Sparta,"{""type"": ""Point"", ""coordinates"": [22.42338, 37.08265]}"
337,"Homer, Iliad 16.292 on military stratagems: armor of Achilles",Homer's Iliad,Q8275,Homer,epic poem,"for upon them all had Patroclus sent panic, when he slew their leader that was pre-eminent in fight. From out the ships then he drave them, and quenched the blazing fire. And half-burnt the ship was left there, but the Trojans were driven in rout with a wondrous din, and the Danaans poured in among the hollow ships, and a ceaseless din arose.",4.28.7,R-paraphrase,https://scaife.perseus.org/reader/urn:cts:greekLit:tlg0012.tlg001.perseus-eng3:16.284,Choirios Nape,"{""type"": ""GeometryCollection"", ""geometries"": [{""type"": ""Polygon"", ""coordinates"": [[[22.143588429711173, 36.94888471665877], [22.18624381440418, 36.95017414417967], [22.223199270082375, 36.95378608209073], [22.248155909035262, 36.960469507191235], [22.25775393867147, 36.96224967963566], [22.262659624143453, 36.98275144390442], [22.284975814421244, 36.99240306697337], [22.277683819340496, 36.9974822900312], [22.25528655397426, 36.98707795027782], [22.249117608796496, 36.96730110791651], [22.220231007097283, 36.9612590436016], [22.193853679994135, 36.956753242978635], [22.16522532799945, 36.956871930927164], [22.14004783897485, 36.95194522129127], [22.143588429711173, 36.94888471665877]]]}]}"
338,"Homer, Iliad 9.291-295 on city of Thuria as Antheia",Homer's Iliad,Q8275,Homer,epic poem,"And seven well-peopled cities will he give thee,<br> Cardamyle, Enope, and grassy Hire, and <br>sacred Pherae, and Antheia, with deep meadows, <br>and fair Aipeia, and vine-clad Pedasus.",4.31.1,R-reference,https://scaife.perseus.org/reader/urn:cts:greekLit:tlg0012.tlg001.perseus-grc2:9.291-9.295/,road Pherai through Thouria to Pamisos springs,"{""type"": ""GeometryCollection"", ""geometries"": [{""type"": ""LineString"", ""coordinates"": [[22.114203634034737, 37.044042273866964], [22.08413492244904, 37.04509489919093], [22.04450076959253, 37.08690426061656], [22.05100094767255, 37.113137239486164], [22.026900254113542, 37.167626251023094], [22.022416732183586, 37.171581376011275]]}]}"
339,"Homer, Iliad Od. 3.4, Homer calls Pylos the city of Neleus",Homer's Odyssey,Q35160,Homer,epic poem,"Ἠέλιος δʼ ἀνόρουσε, λιπὼν περικαλλέα λίμνην,
οὐρανὸν ἐς πολύχαλκον, ἵνʼ ἀθανάτοισι φαείνοι
καὶ θνητοῖσι βροτοῖσιν ἐπὶ ζείδωρον ἄρουραν·
οἱ δὲ Πύλον, Νηλῆος ἐυκτίμενον πτολίεθρον,
ἷξον· τοὶ δʼ ἐπὶ θινὶ θαλάσσης ἱερὰ ῥέζον,
ταύρους παμμέλανας, ἐνοσίχθονι κυανοχαίτῃ.",4.36.1,R-reference,,Koryphasion Pr.,"{""type"": ""Point"", ""coordinates"": [21.65716, 36.95811]}"
340,"Homer, Iliad (passim) glorifies Achilles as Rhianus does Aristomenes",Homer's Iliad,Q8275,Homer,epic poem,"In answer to him spoke swift-footed Achilles: <br>Take heart, and speak out whatever oracle you know; <br>for by Apollo, dear to Zeus, to whom you, Calchas, pray when you reveal oracles to the Danaans, no one, while I live and have sight on the earth, shall lay heavy hands on you beside the hollow ships, no one of the whole host of the Danaans, <br>not even if you name Agamemnon, who now claims to be far the best of the Achaeans. ",4.6.3,R-paraphrase,https://scaife.perseus.org/reader/urn:cts:greekLit:tlg0012.tlg001.perseus-grc2:1.83-1.92/,Choirios Nape,"{""type"": ""GeometryCollection"", ""geometries"": [{""type"": ""Polygon"", ""coordinates"": [[[22.143588429711173, 36.94888471665877], [22.18624381440418, 36.95017414417967], [22.223199270082375, 36.95378608209073], [22.248155909035262, 36.960469507191235], [22.25775393867147, 36.96224967963566], [22.262659624143453, 36.98275144390442], [22.284975814421244, 36.99240306697337], [22.277683819340496, 36.9974822900312], [22.25528655397426, 36.98707795027782], [22.249117608796496, 36.96730110791651], [22.220231007097283, 36.9612590436016], [22.193853679994135, 36.956753242978635], [22.16522532799945, 36.956871930927164], [22.14004783897485, 36.95194522129127], [22.143588429711173, 36.94888471665877]]]}]}"
341,"Homer, Iliad 14.318 on Peirithous as son of Zeus",Homer's Iliad,Q8275,Homer,epic poem,"Then in answer spake to her Zeus, the cloud-gatherer. Hera, thither mayest thou go even hereafter. But for us twain, come, let us take our joy couched together in love;for never yet did desire for goddess or mortal woman so shed itself about me and overmaster the heart within my breast—nay, not when I was seized with love of the wife of Ixion, who bare Peirithous, the peer of the gods in counsel; nor of Danaë of the fair ankles, daughter of Acrisius,",5.10.8,R-paraphrase,https://scaife.perseus.org/reader/urn:cts:greekLit:tlg0012.tlg001.perseus-eng3:14.270-14.350/,Temple of Zeus at Olympia,"{""type"": ""Point"", ""coordinates"": [21.63042, 37.63794]}"
342,"Homer, Iliad 16.482 on Acheroid, white poplar beside Thesprotian Acheron",Homer's Iliad,Q8275,Homer,epic poem,"But Patroclus in turn rushed on with the bronze, and not in vain did the shaft speed from his hand, but smote his foe where the midriff is set close about the throbbing heart. And he fell as an oak falls, or a poplar, or a tall pine, that among the mountains shipwrights fell with whetted axes to be a ship's timber;",5.14.2,R-paraphrase,https://scaife.perseus.org/reader/urn:cts:greekLit:tlg0012.tlg001.perseus-grc2:16.480-16.490,Great altar of Zeus at Olympia,"{""type"": ""Point"", ""coordinates"": [21.6307, 37.6385]}"
343,"Homer, Iliad 5.265-66 on Ganymedes carried off to be winebearer to Zeus",Homer's Iliad,Q8275,Homer,epic poem,"If so be Athene, rich in counsel, shall vouchsafe me this glory, to slay them both, then do thou hold here these swift horses, binding the reins taut to the chariot rim; but be mindful to rush upon the horses of Aeneas and drive them forth from the Trojans to the host of the well-greaved Achaeans. For they are of that stock wherefrom Zeus, whose voice is borne afar, gave to Tros recompense for his son Ganymedes, for that they were the best of all horses that are beneath the dawn and the sun. Of this stock the king of men Anchises stole a breed, putting his mares to them while Laomedon knew naught thereof.",5.24.5,R-paraphrase,https://scaife.perseus.org/reader/urn:cts:greekLit:tlg0012.tlg001.perseus-grc2:5.265-5.270?right=perseus-eng3,Altis sacred grove (Olympia),"{""type"": ""Point"", ""coordinates"": [21.62975, 37.63754]}"
344,"Homer, Iliad 20.401-410 references in Homer to Helice and Heliconian Poseidon",Homer's Iliad,Q8275,Homer,epic poem,"Hippodamas thereafter, as he leapt down from his car and fled before him, he smote upon the back with a thrust of his spear. And as he breathed forth his spirit he gave a bellowing cry, even as a bull that is dragged belloweth, when young men drag him about the altar of the Helikonian;for in such doth the Shaker of Earth delight; even so bellowed Hippodamas, as his lordly spirit left his bones. But Achilles with his spear went on after godlike Polydorus, son of Priam. Him would his father nowise suffer to fight, for that among his children he was the youngest born and was dearest in his eyes; and in swiftness of foot he surpassed all.",7.24.6,R-reference,https://scaife.perseus.org/reader/urn:cts:greekLit:tlg0012.tlg001.perseus-eng3:20.390-20.419,Helike,"{""type"": ""Point"", ""coordinates"": [22.14015, 38.22257]}"
345,"Homer, Iliad 8.203,references in Homer to Helice and Heliconian Poseidon",Homer's Iliad,Q8275,Homer,epic poem,"So spake he vauntingly, and queenly Hera had indignation thereat; she shook herself on her throne and made high Olympus to quake,<br>and to the mighty god Poseidon she spake, saying:<br>Ah me, thou Shaker of Earth, wide of sway, not even hath the heart in thy breast pity of the Danaans that are perishing. Yet in thine honour do they bring to Helice and Aegae offerings many and gracious and hitherto thou didst wish them victory. For did we but will, all we that are aiders of the Danaans, to drive back the Trojans and to withhold Zeus whose voice is borne afar, then, in vexation of spirit, would he sit alone there upon Ida.<br>Then, his heart sore troubled, the lord, the Shaker of Earth, spake to her:<br>Hera, reckless in speech, what a word hast thou spoken!<br>",7.24.6,R-reference,https://scaife.perseus.org/reader/urn:cts:greekLit:tlg0012.tlg001.perseus-eng3:8.198-8.210?right=perseus-grc2,Helike,"{""type"": ""Point"", ""coordinates"": [22.14015, 38.22257]}"
346,"Homer, Iliad 8.363-365 on Heracles",Homer's Iliad,Q8275,Homer,epic poem,"<br>Then once again the Olympian aroused might in the hearts of the Trojans; and they thrust the Achaeans straight toward the deep ditch; and amid the foremost went Hector exulting in his might. And even as a hound pursueth with swift feet after a wild boar or a lion, and snatcheth at him from behind<br> either at flank or buttock, and watcheth for him as he wheeleth;",8.32.4,R-paraphrase,https://scaife.perseus.org/reader/urn:cts:greekLit:tlg0012.tlg001.perseus-eng3:8.292-8.345,Megalopolis (Arkadia),"{""type"": ""Point"", ""coordinates"": [22.1273, 37.4124]}"
347,"Homer, Iliad 19.103 on Eileithyia",Homer's Iliad,Q8275,Homer,epic poem,"Ζeus verily spake vauntingly among all the gods: ‘Hearken unto me, all ye gods and goddesses, that I may speak what the heart in my breast biddeth me. This day shall Eileithyia, the goddess of childbirth, bring to the light a man that shall be the lord of all them that dwell round about, even one of the race of those men who are of me by blood.’",8.32.4,R-paraphrase,https://scaife.perseus.org/reader/urn:cts:greekLit:tlg0012.tlg001.perseus-eng3:19.74-19.114,Megalopolis (Arkadia),"{""type"": ""Point"", ""coordinates"": [22.1273, 37.4124]}"
348,"Homer, Odyssey, 10.50-10.64 on Isles of Aeolus",Homer's Odyssey,Q35160,Homer,epic poem,"awoke and pondered in my noble heart<br>whether to throw myself from the ship and perish in the sea<br>or submit in silence and stay still among the living.<br>But I submitted and stayed, covered myself, and lay<br>in the ship. The ships were borne by the evil windstorm<br>to the island of Aeolia, as my comrades groaned.<br>“We went ashore there and drew water,<br>and my comrades soon took dinner beside our swift ships.<br>Then after they partook of food and drink,<br>I then took a herald and comrade with me<br>and went to Aeolus' famous home. I came upon him<br>dining beside his wife and his children.<br>We came into the house and sat on the threshold<br>by the doorposts. They were amazed at heart and asked:<br>'Why have you come, Odysseus? What cruel divinity assailed you?",10.11.3,R-reference,https://scaife.perseus.org/reader/urn:cts:greekLit:tlg0012.tlg002.perseus-grc2:10.50-10.64,Sikyonian Treasury at Delphi,"{""type"": ""Point"", ""coordinates"": [22.500741, 38.482335]}"
349,"Homer, Odyssey 9.295 on cruelty of Laestrygonians and Cyclopes",Homer's Odyssey,Q35160,Homer,epic poem,"§ OD.9.295  his reckless deeds, and helplessness took hold of our hearts.<br>Then after the Cyclops had filled his great stomach,<br>eating human meat and drinking unmixed milk on top of it,<br>he lay inside the cave and stretched out among the sheep.<br>I planned in my great-hearted heart",10.22.7,R-reference,,Temple of Apollo at Delphi,"{""type"": ""Point"", ""coordinates"": [22.5012215, 38.4823167]}"
350,"Homer, Odyssey 10.115 on cruelty of Laestrygonians and Cyclopes",Homer's Odyssey,Q35160,Homer,epic poem,"<br>§ OD.10.110  who their king was and over whom he ruled.<br>She very quickly pointed out her father's high-roofed house.<br>But when they entered the famous house, they found a woman,<br>as big as a mountain peak, and they shrank from the sight of her.<br>She immediately called from assembly famous Antiphates,<br>§ OD.10.115  her husband, who devised wretched destruction for them.<br>At once he seized one of my comrades and prepared him for dinner.<br>The other two jumped up and came in flight to the ships.<br>Then he made a cry throughout the city, and the mighty<br>Laestrygonians heard, and stalked from one place and other,<br>§ OD.10.120  countless ones, not like men, but like Giants.<br>They threw from the rocks with boulders big as a man can carry,<br>and at once an evil din arose throughout the ships,<br>of ships being smashed and men being killed.<br>Piercing them like fish, they carried off their gruesome meal.",10.22.7,R-reference,,Temple of Apollo at Delphi,"{""type"": ""Point"", ""coordinates"": [22.5012215, 38.4823167]}"
351,"Homer, Odyssey 11.506 on name of Neoptolemus",Homer's Odyssey,Q35160,Homer,epic poem,"‘Verily of noble Peleus have I heard naught, but as touching thy dear son, Neoptolemus, I will tell thee all the truth, as thou biddest me. I it was, myself, who brought him from Scyros in my shapely, hollow ship to join the host of the well-greaved Archaeans.",10.26.4,R-reference,https://scaife.perseus.org/reader/urn:cts:greekLit:tlg0012.tlg002.perseus-grc2:11.500-11.510,Lesche of the Knidians,"{""type"": ""Point"", ""coordinates"": [22.5011, 38.48304]}"
352,"Homer, Odyssey 8.493 on Epeus, maker of Wooden Horse",Homer's Odyssey,Q35160,Homer,epic poem,"with such a sense of order [kosmos] do you sing the return of the Achaeans with all their sufferings and adventures. If you were not there yourself, you must have heard it all from some one who was. Now, however, change your song and tell us of the construction [kosmos] of the wooden horse which Epeios made with the assistance of Athena, and which Odysseus got by stratagem into the fort of Troy after freighting it with the men who afterwards sacked the city. If you will sing this tale aright I will tell all the world how magnificently heaven has endowed you.""",2.29.4,R-paraphrase,https://scaife.perseus.org/reader/urn:cts:greekLit:tlg0012.tlg002.perseus-grc2:11.520-11.525/,Aigina island Bk2,"{""type"": ""Point"", ""coordinates"": [23.42372, 37.74991]}"
353,"Homer, Odyssey 11.524 on Epeus, maker of Wooden Horse",Homer's Odyssey,Q35160,Homer,epic poem,"I cannot name every single one of those whom he slew while fighting on the side of the Argives, but will only say how he killed that valiant hero Eurypylos son of Telephus, who was the handsomest man I ever saw except Memnon; many others also of the Ceteians fell around him by reason of a woman's bribes. Moreover, when all the bravest of the Argives went inside the horse that Epeios had made, and it was left to me to settle when we should either open the door of our ambuscade, or close it, though all the other leaders and chief men among the Danaans were drying their eyes and quaking in every limb, I never once saw him turn pale nor wipe a tear from his cheek; he was all the time urging me to break out from the horse - grasping the handle of his sword and his bronze-shod spear, and breathing fury against the foe.",2.29.4,R-paraphrase,https://scaife.perseus.org/reader/urn:cts:greekLit:tlg0012.tlg002.perseus-grc2:11.517-11.532,Aigina island Bk2,"{""type"": ""Point"", ""coordinates"": [23.42372, 37.74991]}"
354,"Homer, Odyssey 11.620-626 on Hound of Hades",Homer's Odyssey,Q35160,Homer,epic poem,"I was the son of Zeus Cronion, but had immeasurable<br>misery, for I was made subject to a very much worse man,<br>who laid hard trials upon me.<br>He even sent me here once, to fetch the dog, for he thought<br>there'd never be any trial more difficult than that for me.<br>I fetched him and brought him up out of Hades,<br>and Hermes and bright-eyed Athena guided me.'",3.25.6,R-reference,https://scaife.perseus.org/reader/urn:cts:greekLit:tlg0012.tlg002.perseus-grc2:11.620-11.626,Tainaron (promontory),"{""type"": ""Point"", ""coordinates"": [22.4831905, 36.3856534]}"
355,"Homer, Odyssey 14.258-261 on ancient place names",Homer's Odyssey,Q35160,Homer,epic poem,"On the fifth day we reached the river Aigyptos;<br> there I stationed my ships in the river, <br>bidding my men <br>stay by them and keep guard over them <br>while I sent out scouts to reconnoiter from every point of vantage.",9.40.6,R-reference,https://scaife.perseus.org/reader/urn:cts:greekLit:tlg0012.tlg002.perseus-grc2:14.258-14.261/,Chaironea (Boeotia),"{""type"": ""Point"", ""coordinates"": [22.8416, 38.4944]}"
356,"Homer, Odyssey 4.581-585 on ancient place names",Homer's Odyssey,Q35160,Homer,epic poem,"Od. 4.581 I again stationed my ships in the heaven-fed stream of Egypt, and offered hecatombs that were full and sufficient. When I had thus appeased heaven's anger, I raised a tomb to the memory of Agamemnon that his kleos might be inextinguishable, after which I had a quick passage home, for the gods sent me a fair wind.",9.40.6,R-reference,https://scaife.perseus.org/reader/urn:cts:greekLit:tlg0012.tlg002.perseus-grc2:4.581-4.585,Chaironea (Boeotia),"{""type"": ""Point"", ""coordinates"": [22.8416, 38.4944]}"
357,"Hyperochus, History of Cumaeon the Cumaean Sibyl",History of Cumae by Hyperochus,,Hyperochus of Cumae,history,lost,10.12.8,R-paraphrase,,"Stone sticking from the earth, where priestess sang prophecies, Delphi","{""type"": ""Point"", ""coordinates"": [22.50108, 38.48264]}"
358,"Ibycus, lost poems on Pelops as father of Sicyon",Lost Poems of Ibycus,,Ibycus,poem (unspecified),,2.6.5,R-paraphrase,,Corinthia - Sikyonia border,"{""type"": ""GeometryCollection"", ""geometries"": [{""type"": ""Polygon"", ""coordinates"": [[[22.753523301404158, 37.94270323795715], [22.817206413472263, 37.94270323795715], [22.817206413472263, 37.95544470099276], [22.753523301404158, 37.95544470099276], [22.753523301404158, 37.94270323795715]]]}]}"
359,Hymn to Kairos by Ion of Chios fr. 74 PMG as youngest child of Zeus,Hymn to Kairos by Ion of Chios,,Ion of Chios,hymn,,5.14.9,R-paraphrase,,Altis sacred grove (Olympia),"{""type"": ""Point"", ""coordinates"": [21.62975, 37.63754]}"
360,Ion of Chios history fr. 1 Fowler on Achaians and Ionians,historical work by Ion of Chios,,Ion of Chios,history,,7.4.10,R-paraphrase,,Eleia - Achaia border at Larisos river,"{""type"": ""GeometryCollection"", ""geometries"": [{""type"": ""Polygon"", ""coordinates"": [[[21.417484105225526, 38.10291174798513], [21.42525995805383, 38.09244438760399], [21.429829800275428, 38.095387083549724], [21.42206202659756, 38.10509343476093], [21.417484105225526, 38.10291174798513]]]}]}"
361,"Ion of Chios history fr. 1 Fowler on Poseidon as father of Chios, Agelus and Melas",historical work by Ion of Chios,,Ion of Chios,history,,7.4.8,R-paraphrase,,Eleia - Achaia border at Larisos river,"{""type"": ""GeometryCollection"", ""geometries"": [{""type"": ""Polygon"", ""coordinates"": [[[21.417484105225526, 38.10291174798513], [21.42525995805383, 38.09244438760399], [21.429829800275428, 38.095387083549724], [21.42206202659756, 38.10509343476093], [21.417484105225526, 38.10291174798513]]]}]}"
362,Hexameter oracles of Amphiaraus reported by Iophon,Hexameter oracles of Amphiaraus reported by Iophon,,Iophon the Knossian,prophecy,,1.34.4,R-reference,,,
363,"Lesches, Iliupersis on Aethra in the Greek camp",Iliupersis of Lesches,,Lesches,epic poem,lost,10.25.8,R-paraphrase,,Lesche of the Knidians,"{""type"": ""Point"", ""coordinates"": [22.5011, 38.48304]}"
364,"Lesches, Iliupersis on death of Astyanax",Iliupersis of Lesches,,Lesches,epic poem,lost,10.25.9,R-paraphrase,,Lesche of the Knidians,"{""type"": ""Point"", ""coordinates"": [22.5011, 38.48304]}"
365,"Lesches, Iliupersis on death of Astynous",Iliupersis of Lesches,,Lesches,epic poem,lost,10.26.4,R-reference,,Lesche of the Knidians,"{""type"": ""Point"", ""coordinates"": [22.5011, 38.48304]}"
366,"Lesches, Iliupersis on death of Axion and Agenor",Iliupersis of Lesches,,Lesches,epic poem,lost,10.27.2,R-paraphrase,,Lesche of the Knidians,"{""type"": ""Point"", ""coordinates"": [22.5011, 38.48304]}"
367,"Lesches, Iliupersis on death of Coroebus by Diomedes",Iliupersis of Lesches,,Lesches,epic poem,lost,10.27.1,R-paraphrase,,Lesche of the Knidians,"{""type"": ""Point"", ""coordinates"": [22.5011, 38.48304]}"
368,"Lesches, Iliupersis on death of Eioneus and Admetus",Iliupersis of Lesches,,Lesches,epic poem,lost,10.27.1,R-paraphrase,,Lesche of the Knidians,"{""type"": ""Point"", ""coordinates"": [22.5011, 38.48304]}"
369,"Lesches, Iliupersis on death of Priam",Iliupersis of Lesches,,Lesches,epic poem,lost,10.27.2,R-paraphrase,,Lesche of the Knidians,"{""type"": ""Point"", ""coordinates"": [22.5011, 38.48304]}"
370,"Lesches, Iliupersis on Eurydice as wife of Aeneas",Iliupersis of Lesches,,Lesches,epic poem,lost,10.26.1,R-reference,,Lesche of the Knidians,"{""type"": ""Point"", ""coordinates"": [22.5011, 38.48304]}"
371,"Lesches, Iliupersis on Helicaon and Laodice",Iliupersis of Lesches,,Lesches,epic poem,lost,10.26.8,R-paraphrase,,Lesche of the Knidians,"{""type"": ""Point"", ""coordinates"": [22.5011, 38.48304]}"
372,"Lesches, Iliupersis on wounding of Lycomedes",Iliupersis of Lesches,,Lesches,epic poem,lost,10.25.6,R-paraphrase,,Lesche of the Knidians,"{""type"": ""Point"", ""coordinates"": [22.5011, 38.48304]}"
373,"Lesches, Iliupersis on wounding of Meges",Iliupersis of Lesches,,Lesches,epic poem,lost,10.24.5,R-paraphrase,,Temple of Apollo at Delphi,"{""type"": ""Point"", ""coordinates"": [22.5012215, 38.4823167]}"
374,Linus (spurious?) on Styx as daughter of Ocean,Poems of Linus (spurious?),,Linus the poet,poem (unspecified),lost,8.18.2,R-paraphrase,,Styx river (Achaia),"{""type"": ""Point"", ""coordinates"": [22.21, 37.98]}"
375,Linus (spurious?) on Styx as wife of Pallas,Poems of Linus (spurious?),,Linus the poet,poem (unspecified),lost,8.18.1,R-reference,,Styx river (Achaia),"{""type"": ""Point"", ""coordinates"": [22.21, 37.98]}"
376,"Lyceas, history of Argos on Biton carrying bull to Nemean Zeus",Lyceas' poem on history of Argos,,Lyceas of Argos,history,lost,2.19.5,R-paraphrase,,Sanctuary of Apollo Lykios in Argos,"{""type"": ""Point"", ""coordinates"": [22.7214, 37.6305]}"
377,"Lyceas, history of Argos on coffin of Ariadne",Lyceas' poem on history of Argos,,Lyceas of Argos,history,lost,2.23.8,R-paraphrase,,Temenos and temple of Dionysus Cresius in Argos,"{""type"": ""Point"", ""coordinates"": [22.7195, 37.6316]}"
378,"Lyceas, history of Argos on image of Zeus Mechaneus",Lyceas' poem on history of Argos,,Lyceas of Argos,history,lost,2.22.2,R-paraphrase,,"grave of Tantalus son of Thyestes, in Argos","{""type"": ""Point"", ""coordinates"": [22.7195, 37.6316]}"
379,"Lyceas, history of Argos on Pyrrhus' death",Lyceas' poem on history of Argos,,Lyceas of Argos,history,,1.13.8,R-paraphrase,,Odeion of Agrippa (Athens Agora),"{""type"": ""Point"", ""coordinates"": [23.723135000000003, 37.975124]}"
380,Ode to Opis and Hecaerge on Achaeia,Ode to Opis and Hecaerge,,Melanopus of Cumae,Ode,lost,5.7.8,R-paraphrase,,Olympia,"{""type"": ""Point"", ""coordinates"": [21.630126, 37.637849]}"
381,Mimnermus on the elder Muses as daughters of Uranus,Mimnermos' poem on battle of Smyrnaeans and Lydians,,Mimnermus,elegiac poem,,9.29.4,R-paraphrase,,Grove of the Muses on Mt. Helikon,"{""type"": ""Point"", ""coordinates"": [23.0587, 38.3208]}"
382,"Moero of Byzantion, lost poem on Amphion and Hermes",lost poem of Moero of Byzantion,,Moero,poem (unspecified),,9.5.8,R-paraphrase,,Platais - Thebais border at Asopos river,"{""type"": ""GeometryCollection"", ""geometries"": [{""type"": ""Polygon"", ""coordinates"": [[[23.282037585248275, 38.262346911330866], [23.28341770612292, 38.259214861874426], [23.29430988663492, 38.26282873800801], [23.29139528312203, 38.266562673068336], [23.282037585248275, 38.262346911330866]]]}]}"
383,Musaeus (possibly) on Triptolemus,verses possibly by Musaeus,,Musaeus of Athens,hymn,lost,1.14.3,R-paraphrase,,City Eleusinion at Athens,"{""type"": ""Point"", ""coordinates"": [23.7247805, 37.9728361]}"
384,Musaeus oracle on Athenian defeat at Aegospotami,Oracles of Musaeus,,Musaeus of Athens,prophecy,"For on the Athenians comes a wild rain Through the baseness of their leaders, but some consolation will there be For the defeat; they shall not escape the notice of the city, but shall pay the penalty.",10.9.11,R-quotation,,Sanctuary of Pythian Apollo at Delphi,"{""type"": ""Point"", ""coordinates"": [22.50151, 38.48254]}"
385,"Musaeus, Eumolpia on Poseidon at Delphi",Eumolpia of Musaeus,Q88209119,Musaeus of Athens,epic poem,"Forthwith the voice of the Chthonian uttered a wise word, And with her Pyrcon, servant of the renowned Earth-shaker.",10.5.6,R-quotation,,Entry to Delphi from Chaironea road,"{""type"": ""GeometryCollection"", ""geometries"": [{""type"": ""Polygon"", ""coordinates"": [[[22.50908625671846, 38.4807561049775], [22.508670068724086, 38.47934011797474], [22.509390394099455, 38.47916468402025], [22.509790574863842, 38.48064332827158], [22.50908625671846, 38.4807561049775]]]}]}"
386,"Musaeus, Hymn to Demeter on Phlias, son of Earth",Hymn of Musaeus to Demeter made for the Lycomedae,,Musaeus of Athens,hymn,lost,4.1.5,R-reference,,Choirios Nape,"{""type"": ""GeometryCollection"", ""geometries"": [{""type"": ""Polygon"", ""coordinates"": [[[22.143588429711173, 36.94888471665877], [22.18624381440418, 36.95017414417967], [22.223199270082375, 36.95378608209073], [22.248155909035262, 36.960469507191235], [22.25775393867147, 36.96224967963566], [22.262659624143453, 36.98275144390442], [22.284975814421244, 36.99240306697337], [22.277683819340496, 36.9974822900312], [22.25528655397426, 36.98707795027782], [22.249117608796496, 36.96730110791651], [22.220231007097283, 36.9612590436016], [22.193853679994135, 36.956753242978635], [22.16522532799945, 36.956871930927164], [22.14004783897485, 36.95194522129127], [22.143588429711173, 36.94888471665877]]]}]}"
387,"Myron of Priene's History of the First Messenian War: Myron's history of first Messenian war, introducing Aristodemus",Myron of Priene's History of the First Messenian War,,Myron of Priene,history,,4.6.1,R-paraphrase,,Choirios Nape,"{""type"": ""GeometryCollection"", ""geometries"": [{""type"": ""Polygon"", ""coordinates"": [[[22.143588429711173, 36.94888471665877], [22.18624381440418, 36.95017414417967], [22.223199270082375, 36.95378608209073], [22.248155909035262, 36.960469507191235], [22.25775393867147, 36.96224967963566], [22.262659624143453, 36.98275144390442], [22.284975814421244, 36.99240306697337], [22.277683819340496, 36.9974822900312], [22.25528655397426, 36.98707795027782], [22.249117608796496, 36.96730110791651], [22.220231007097283, 36.9612590436016], [22.193853679994135, 36.956753242978635], [22.16522532799945, 36.956871930927164], [22.14004783897485, 36.95194522129127], [22.143588429711173, 36.94888471665877]]]}]}"
388,"Olen, Hymn to Achaeia",Hymn to Achaeia by Olen,,Olen,hymn,lost,5.7.8,R-paraphrase,,Olympia,"{""type"": ""Point"", ""coordinates"": [21.630126, 37.637849]}"
389,"Olen, Hymn to Eileithyia calls Eileithyia Eulinus, older than Cronus",Hymn to Eileithyia by Olen,,Olen,hymn,lost,8.21.3,R-paraphrase,,Kleitor,"{""type"": ""Point"", ""coordinates"": [22.0959, 37.8914]}"
390,"Olen, Hymn to Eileithyia, on Eros",Hymn to Eileithyia by Olen,,Olen,hymn,lost,9.27.2,R-paraphrase,,sanctuary of Eros at Thespiai,"{""type"": ""Point"", ""coordinates"": [23.154521, 38.293384]}"
391,"Olen, Hymn to Hera",Hymn to Hera by Olen,,Olen,hymn,lost,2.13.3,R-paraphrase,,Sanctuary of Hebe on Phlious acropolis hill,"{""type"": ""Point"", ""coordinates"": [22.649131, 37.846299]}"
392,Onomacritus on Idaean Heracles at Megalopolis,verses of Onomacritus,,Onomacritus,poem (unspecified),lost,8.31.3,R-paraphrase,,Peribolos of Great Goddesses Demeter and Korê at Megalopolis,"{""type"": ""Point"", ""coordinates"": [22.1273, 37.4124]}"
393,Onomacritus on Musaeus and gift of flight from Boreas,verses of Onomacritus,,Onomacritus,poem (unspecified),lost,1.22.7,R-paraphrase,,Propylaia (Athens),"{""type"": ""Point"", ""coordinates"": [23.72522, 37.97176]}"
394,Onomacritus on names of the Charites,verses of Onomacritus,,Onomacritus,poem (unspecified),lost,9.35.5,R-reference,,Orchomenos (Boeotia),"{""type"": ""Point"", ""coordinates"": [22.959486, 38.495082]}"
395,"Onomacritus: composing orgia for Dionysus tormented by Titans, names borrowed from Homer",verses of Onomacritus,,Onomacritus,poem (unspecified),lost,8.37.5,R-paraphrase,,Sanctuary of Despoina at Lykosoura,"{""type"": ""Point"", ""coordinates"": [22.03143, 37.38957]}"
396,Orpheus hymn fr.382 PEG on Triptolemus,hymns of Orpheus,,Orpheus,hymn,,1.14.3,R-paraphrase,,City Eleusinion at Athens,"{""type"": ""Point"", ""coordinates"": [23.7247805, 37.9728361]}"
397,Orphic hymn (25/26 to Ge?) referring to beans,hymns of Orpheus,,Orpheus,hymn,"(lost, except) Fumigation: every kind of seed, except beans and aromatics. <br>O Goddess, Earth, of Gods and men the source, endu'd with fertile, all destroying force; <br>All-parent, bounding, whose prolific pow'rs, produce a store of beauteous fruits and flow'rs, <br>All-various maid, th' eternal world's strong base immortal, blessed, crown'd with ev'ry grace;",1.37.4,R-reference,,Kephisos R. (Attica),"{""type"": ""MultiLineString"", ""coordinates"": [[[23.673672200000002, 37.9547322], [23.6731862, 37.9534146], [23.6730495, 37.9530622], [23.6729311, 37.9527047], [23.672776, 37.9520196], [23.6725227, 37.9500893], [23.6724599, 37.949157], [23.672452, 37.9481917], [23.6724421, 37.9458242], [23.6724342, 37.9453478], [23.6724374, 37.9446808], [23.672438400000004, 37.9442445], [23.672431200000002, 37.9441327], [23.672423600000002, 37.9440358], [23.6724121, 37.9439298], [23.672368, 37.9436776], [23.6723207, 37.9434638], [23.6722849, 37.9433117], [23.672236900000005, 37.9431422], [23.6721471, 37.9428722], [23.672080400000002, 37.9427193], [23.672000400000005, 37.9425379]], [[23.6747285, 37.9573866], [23.6746061, 37.9570709], [23.673672200000002, 37.9547322]], [[23.675043000000002, 37.9581622], [23.6747285, 37.9573866]], [[23.676118400000004, 37.9696159], [23.6767851, 37.9686807], [23.6780451, 37.9670085], [23.6782007, 37.9667057], [23.6782778, 37.9664628], [23.678326999999996, 37.9662125], [23.6783286, 37.9659604], [23.6783091, 37.9658294], [23.678278800000005, 37.9657165], [23.6781568, 37.9653018], [23.6769987, 37.9626583], [23.6763369, 37.9611426], [23.675862399999996, 37.9600472], [23.6755849, 37.959409], [23.675319700000003, 37.9588013], [23.675178000000002, 37.9584917], [23.675043000000002, 37.9581622]], [[23.6771709, 37.9765264], [23.6768689, 37.9760948], [23.6764098, 37.9754579], [23.675965599999998, 37.9748608], [23.6756742, 37.9744427], [23.6754423, 37.9741131], [23.6753109, 37.9739154], [23.6751759, 37.9736757], [23.6750432, 37.9733834], [23.6749536, 37.9731469], [23.674942, 37.9730999], [23.674888400000004, 37.972883], [23.674854000000003, 37.9726226], [23.6748385, 37.9723354], [23.6748568, 37.9719749], [23.6749477, 37.9715586], [23.675051400000005, 37.9712836], [23.675180300000005, 37.9710108], [23.675309599999995, 37.9707787], [23.675586499999998, 37.9703862], [23.676118400000004, 37.9696159]], [[23.6928288, 37.994835], [23.691629200000005, 37.9938058], [23.690678399999996, 37.9929499], [23.689457, 37.9918676], [23.688955300000003, 37.9914175], [23.6885546, 37.9910342], [23.6875086, 37.9901009], [23.6870562, 37.9897125], [23.6859896, 37.9887521], [23.68576, 37.9884834], [23.6855001, 37.988111], [23.684605599999998, 37.9868552], [23.6841667, 37.9862486], [23.683226399999995, 37.9849475], [23.6827915, 37.9843354], [23.6815006, 37.9825182], [23.6808725, 37.9816775], [23.6801511, 37.9806492], [23.679142599999995, 37.9792691], [23.6788076, 37.9788035], [23.6781974, 37.9779423], [23.6777148, 37.9772808], [23.6771709, 37.9765264]], [[23.6943806, 37.9962245], [23.6940771, 37.9959833], [23.6939465, 37.9958795], [23.693043, 37.9950352], [23.6928288, 37.994835]], [[23.698590199999998, 37.9988201], [23.6982294, 37.998657], [23.696995, 37.9980971], [23.696549900000004, 37.9978498], [23.6958614, 37.9973751], [23.6946987, 37.9964821], [23.694653399999996, 37.9964501], [23.6943806, 37.9962245]], [[23.705223100000005, 38.0016021], [23.7049421, 38.001462], [23.7046428, 38.0013209], [23.703994300000005, 38.0010788], [23.702447, 38.0005007], [23.700803099999998, 37.9998202], [23.698590199999998, 37.9988201]], [[23.709321299999996, 38.0046078], [23.709014200000002, 38.0044302], [23.7086174, 38.0041535], [23.7073594, 38.0030769], [23.707134299999996, 38.0028904], [23.706903000000004, 38.0027087], [23.7066655, 38.002532], [23.706422, 38.0023604], [23.7057937, 38.0019501], [23.7055183, 38.0017767], [23.705223100000005, 38.0016021]], [[23.7183025, 38.0131522], [23.7181698, 38.0124892], [23.718113100000004, 38.0120622], [23.7180083, 38.0110062], [23.7179759, 38.0108814], [23.717856200000003, 38.0105923], [23.7175091, 38.0100959], [23.7173925, 38.0099754], [23.7172736, 38.0098657], [23.717231599999998, 38.0098315], [23.7171448, 38.0097608], [23.7170161, 38.0096686], [23.7168827, 38.0095804], [23.7165243, 38.0093612], [23.716292699999997, 38.0092196], [23.7153472, 38.008669], [23.7149453, 38.0084409], [23.7136846, 38.0072822], [23.7122487, 38.0059408], [23.7118659, 38.0056725], [23.7112133, 38.0053249], [23.7097218, 38.0047819], [23.709321299999996, 38.0046078]], [[23.718688199999995, 38.0144679], [23.7185757, 38.0141646], [23.7184798, 38.01384], [23.7183723, 38.0134262], [23.7183025, 38.0131522]], [[23.718893, 38.0149248], [23.7188538, 38.0148509], [23.718688199999995, 38.0144679]], [[23.719890999999997, 38.0164081], [23.7197483, 38.0162061], [23.7194901, 38.0158284], [23.7192668, 38.0155089], [23.7190554, 38.0151786], [23.718893, 38.0149248]], [[23.723989099999997, 38.0199915], [23.7237126, 38.0196356], [23.7231798, 38.0190099], [23.722901199999995, 38.0187476], [23.7223339, 38.0182934], [23.721520700000003, 38.0177156], [23.720678900000003, 38.0171009], [23.7201865, 38.0166702], [23.719890999999997, 38.0164081]], [[23.7240329, 38.020575], [23.724046, 38.0205147], [23.7240537, 38.0202415], [23.723989099999997, 38.0199915]], [[23.723743500000005, 38.0219311], [23.723763, 38.0218365], [23.7239336, 38.0210494], [23.7240329, 38.020575]], [[23.729992700000004, 38.0341667], [23.729840799999998, 38.0337026], [23.7297281, 38.0333454], [23.729461799999996, 38.0325335], [23.729273999999997, 38.032012], [23.729156100000004, 38.0317393], [23.729021, 38.0315248], [23.728819099999996, 38.0312394], [23.7286055, 38.0309539], [23.7282548, 38.0304532], [23.7281028, 38.0302287], [23.7278824, 38.0298726], [23.7276832, 38.0294072], [23.727549200000002, 38.0291087], [23.7274009, 38.0287425], [23.727191700000002, 38.0282535], [23.7270659, 38.02793], [23.726848199999996, 38.0274313], [23.726715199999997, 38.0271066], [23.726543700000004, 38.0266777], [23.7264243, 38.0264466], [23.7262727, 38.0261802], [23.7260062, 38.0257416], [23.725823200000004, 38.0254311], [23.7256884, 38.0252008], [23.7254749, 38.0248423], [23.725274, 38.0244778], [23.7251367, 38.0242355], [23.7248672, 38.0238049], [23.724681600000004, 38.0235426], [23.723927599999996, 38.0224488], [23.7238159, 38.0222768], [23.723755, 38.0221008], [23.723743500000005, 38.0219311]], [[23.7344391, 38.0437423], [23.734403099999998, 38.043623], [23.7343561, 38.0434557], [23.734311, 38.0431657], [23.734191, 38.0423062], [23.734031000000005, 38.0412998], [23.7339526, 38.0407509], [23.7338837, 38.0402399], [23.7338235, 38.0398086], [23.7337822, 38.0395946], [23.733710900000002, 38.0394317], [23.733346, 38.038839], [23.732960900000002, 38.0382563], [23.7325563, 38.0376273], [23.7323131, 38.0372488], [23.732127899999995, 38.0370369], [23.7319213, 38.0368167], [23.7315996, 38.036506], [23.731348, 38.0362731], [23.7309141, 38.0358384], [23.7306059, 38.03551], [23.730425, 38.0352972], [23.730338299999996, 38.0351449], [23.7302607, 38.034952], [23.7301733, 38.034679], [23.729992700000004, 38.0341667]], [[23.736143999999996, 38.046905], [23.7366915, 38.0467538], [23.7370089, 38.0466539], [23.737108599999996, 38.0466072], [23.7371702, 38.0465609], [23.7372827, 38.0464219], [23.73729, 38.0462981], [23.7372754, 38.046082], [23.7372481, 38.0459918], [23.737126900000003, 38.0457276], [23.7370213, 38.0455622], [23.7368042, 38.0452921], [23.7366193, 38.045121], [23.736431200000002, 38.0449933], [23.736127, 38.044811], [23.735469199999997, 38.0444439], [23.7347153, 38.0440367], [23.734611699999995, 38.0439529], [23.7345252, 38.0438665], [23.7344391, 38.0437423]], [[23.735461600000004, 38.0478169], [23.735325199999995, 38.0476485], [23.735288699999998, 38.0475313], [23.735292, 38.0474237], [23.7353216, 38.0472622], [23.7354429, 38.0471624], [23.7355588, 38.0470889], [23.736143999999996, 38.046905]], [[23.7372922, 38.0499167], [23.7372318, 38.0496083], [23.7372632, 38.0493604], [23.7373021, 38.0491199], [23.7373358, 38.0488731], [23.737352000000005, 38.0485995], [23.737318799999997, 38.0484117], [23.7372655, 38.0483213], [23.7371919, 38.0482511], [23.7370209, 38.0481941], [23.7368579, 38.0481915], [23.736562999999997, 38.0482181], [23.7363693, 38.0482081], [23.736174600000002, 38.0481617], [23.73597, 38.0480847], [23.735740699999997, 38.0479725], [23.735461600000004, 38.0478169]], [[23.7463074, 38.0591344], [23.746173099999996, 38.0590654], [23.7460392, 38.0589317], [23.7455215, 38.0584565], [23.7453526, 38.0582411], [23.7450307, 38.0578652], [23.7446954, 38.0575653], [23.7444887, 38.0573821], [23.744234000000002, 38.0571703], [23.7440169, 38.0568915], [23.7438183, 38.0564502], [23.7436118, 38.0559855], [23.7434508, 38.0556307], [23.7433514, 38.0554074], [23.7432725, 38.0553355], [23.743147500000003, 38.0553187], [23.7429303, 38.0553251], [23.7426061, 38.0553488], [23.7423617, 38.0553652], [23.742142999999995, 38.0553446], [23.741947300000003, 38.0552938], [23.7417018, 38.0551751], [23.7415801, 38.0550518], [23.741526500000003, 38.0549649], [23.741524799999997, 38.0548583], [23.741585, 38.0547074], [23.7416247, 38.0544269], [23.741678400000005, 38.0540611], [23.741689500000003, 38.0537452], [23.7417213, 38.0534912], [23.7418022, 38.0532608], [23.7417544, 38.053102], [23.741668800000003, 38.0529534], [23.7415436, 38.0528857], [23.7413715, 38.0528581], [23.741007200000002, 38.0529983], [23.7407015, 38.0530777], [23.7404895, 38.0531117], [23.7402764, 38.0530742], [23.740050100000005, 38.0529635], [23.739890699999997, 38.0528546], [23.7395841, 38.0526014], [23.739444799999998, 38.0523728], [23.739287999999995, 38.0521854], [23.7390616, 38.0519934], [23.738812, 38.0518471], [23.7385159, 38.0517099], [23.7381907, 38.0515682], [23.737912, 38.0513305], [23.7376856, 38.0511019], [23.7374534, 38.0508916], [23.737296600000004, 38.0505075], [23.7372376, 38.0502796], [23.7372627, 38.0500637], [23.7372922, 38.0499167]], [[23.746996800000005, 38.0617027], [23.747025, 38.0616467], [23.746960700000002, 38.0613003], [23.747025, 38.0609962], [23.7471431, 38.0605907], [23.7472262, 38.0601072], [23.747204799999995, 38.0597566], [23.747093099999997, 38.0594666], [23.7469821, 38.0593447], [23.746746100000003, 38.0592391], [23.7463074, 38.0591344]], [[23.7470137, 38.0620305], [23.7469455, 38.0618048], [23.746996800000005, 38.0617027]], [[23.7475991, 38.0635726], [23.7470137, 38.0620305]], [[23.7679851, 38.0789949], [23.767556, 38.0789443], [23.7670156, 38.0790216], [23.766457699999997, 38.0790723], [23.765889099999995, 38.0791145], [23.7655076, 38.0789398], [23.765266800000003, 38.0789541], [23.764902000000003, 38.078878], [23.7644622, 38.0786838], [23.7641725, 38.0784558], [23.763915, 38.0782024], [23.763968600000002, 38.0778815], [23.7640008, 38.0775521], [23.763861300000002, 38.0772143], [23.763464400000004, 38.0769525], [23.7629494, 38.0767667], [23.7624344, 38.0765809], [23.7619194, 38.0762768], [23.7615546, 38.0760235], [23.7610397, 38.0759559], [23.760696300000003, 38.0759559], [23.7604818, 38.0756603], [23.760342299999998, 38.0753563], [23.7604174, 38.0750353], [23.7603959, 38.0746975], [23.7602565, 38.0745708], [23.759655600000002, 38.074537], [23.7589261, 38.0745961], [23.758057, 38.0746384], [23.758026799999996, 38.0744524], [23.758003400000003, 38.074309], [23.7580678, 38.0736502], [23.758153599999996, 38.0728985], [23.7579176, 38.0725184], [23.7575528, 38.0722988], [23.7568125, 38.0721046], [23.756329700000002, 38.0719525], [23.756007799999995, 38.0717076], [23.7556967, 38.071336], [23.7555787, 38.0709559], [23.755664499999998, 38.0705589], [23.7554285, 38.0702042], [23.7549993, 38.0697903], [23.754302, 38.0693173], [23.753744100000002, 38.0690301], [23.7533042, 38.0689034], [23.7529608, 38.0686078], [23.7528214, 38.068177], [23.752993, 38.06778], [23.7530789, 38.0674928], [23.7529287, 38.0673577], [23.752630200000002, 38.0673763], [23.7522635, 38.0674084], [23.7518772, 38.0673155], [23.7515209, 38.0671915], [23.751396, 38.0670804], [23.7511433, 38.0667595], [23.7509689, 38.0665717], [23.7507913, 38.0664416], [23.750562199999997, 38.0663554], [23.750107000000003, 38.0662343], [23.749757, 38.0661527], [23.7494752, 38.0661092], [23.7493825, 38.0660631], [23.7492562, 38.0659622], [23.7491139, 38.0657851], [23.7487471, 38.0651694], [23.748724599999996, 38.065017], [23.7487799, 38.0646903], [23.7487804, 38.0645486], [23.7487417, 38.0643244], [23.7486513, 38.0642074], [23.7484888, 38.0641219], [23.7483966, 38.0641084], [23.7482652, 38.064138], [23.7481241, 38.0641348], [23.7479464, 38.0640746], [23.747827899999997, 38.0639208], [23.7476644, 38.0637597], [23.7475991, 38.0635726]], [[23.8241954, 38.1159802], [23.8237663, 38.1159634], [23.823476599999996, 38.1159634], [23.8231408, 38.1159102], [23.8231225, 38.1157692], [23.8232835, 38.1155582], [23.8234551, 38.1153556], [23.8236482, 38.1151446], [23.8235592, 38.1149563], [23.8234304, 38.114855], [23.823226600000005, 38.1147706], [23.8228436, 38.1146634], [23.822421900000002, 38.1145849], [23.822143, 38.1144836], [23.821982, 38.1142726], [23.8218029, 38.1140725], [23.821660200000004, 38.1139518], [23.8213737, 38.1138277], [23.8210594, 38.1136479], [23.8206549, 38.113431], [23.8203942, 38.1131668], [23.820268700000003, 38.1126291], [23.8202118, 38.1123649], [23.820054100000004, 38.1121901], [23.8197934, 38.1120863], [23.8194854, 38.1120973], [23.8192065, 38.1121732], [23.8188632, 38.1122154], [23.818473700000002, 38.1122298], [23.818237700000005, 38.1122129], [23.8181014, 38.1120804], [23.818015599999995, 38.1118271], [23.817929799999998, 38.1116077], [23.8177045, 38.1115232], [23.817390099999997, 38.1115629], [23.8170822, 38.111557], [23.816767800000004, 38.1114701], [23.8165211, 38.1113181], [23.816417000000005, 38.1110843], [23.8163848, 38.1106538], [23.8164385, 38.1103836], [23.8165211, 38.1101616], [23.8164782, 38.1099168], [23.8162239, 38.1098771], [23.8157915, 38.1099506], [23.8154804, 38.109883], [23.815108099999996, 38.1097589], [23.814890299999995, 38.1096551], [23.8146435, 38.1095116], [23.8144751, 38.1093115], [23.8142787, 38.1090557], [23.8140856, 38.1088194], [23.8137316, 38.1084648], [23.813506300000004, 38.1082791], [23.8132488, 38.108068], [23.8129516, 38.1079186], [23.8125868, 38.1078173], [23.8121255, 38.1077413], [23.8117467, 38.1076712], [23.8115032, 38.1075556], [23.8112961, 38.1073842], [23.8111277, 38.1071757], [23.8110601, 38.106979], [23.810902399999996, 38.1069056], [23.810741399999998, 38.1069056], [23.810602, 38.1069393], [23.8103659, 38.1070575], [23.8102372, 38.1071841], [23.8100012, 38.1073108], [23.8098831, 38.107353], [23.8096793, 38.107353], [23.8095259, 38.1072914], [23.8094754, 38.1071166], [23.8094722, 38.1068524], [23.8093327, 38.1065653], [23.8091182, 38.1063036], [23.808925099999996, 38.1060166], [23.8086493, 38.1056561], [23.8084347, 38.1054113], [23.8081987, 38.1052087], [23.807938000000004, 38.1050373], [23.807734200000002, 38.1049022], [23.807640800000005, 38.1047106], [23.807533500000005, 38.104432], [23.807508799999997, 38.1042353], [23.807412299999996, 38.1041002], [23.8072331, 38.104069], [23.8068898, 38.1041027], [23.8066752, 38.1041027], [23.806482099999997, 38.1042294], [23.806385500000005, 38.1044826], [23.8062461, 38.1046008], [23.8060851, 38.1046768], [23.8057815, 38.1046912], [23.8054307, 38.1046599], [23.8050444, 38.1046852], [23.804744, 38.1047866], [23.804314900000005, 38.1050736], [23.8040681, 38.1052931], [23.803778400000002, 38.105521], [23.8036175, 38.105673], [23.8034533, 38.1057718], [23.803271, 38.1057633], [23.803152900000004, 38.1056873], [23.803005999999996, 38.1055126], [23.8028311, 38.1052399], [23.8025553, 38.1048541], [23.802212, 38.1045586], [23.801857999999996, 38.1043644], [23.8014825, 38.1042125], [23.801107, 38.1040014], [23.800667100000002, 38.1037904], [23.8003345, 38.1035877], [23.8000738, 38.103467], [23.7997766, 38.1033598], [23.7994239, 38.1033503], [23.798941100000004, 38.1034094], [23.7985624, 38.1034237], [23.7982727, 38.1033562], [23.7980367, 38.1031873], [23.7978006, 38.1029256], [23.7975786, 38.1027087], [23.797328600000004, 38.1025373], [23.797031400000005, 38.1024638], [23.796763199999997, 38.1023034], [23.7967707, 38.102132], [23.7966312, 38.1019969], [23.7962589, 38.1018559], [23.795969200000002, 38.1017969], [23.7956366, 38.1018137], [23.7953255, 38.1019319], [23.7950144, 38.1021261], [23.7947998, 38.1023119], [23.7945101, 38.1024216], [23.794252599999997, 38.1024132], [23.793941499999995, 38.1023203], [23.793669999999995, 38.1020223], [23.793480100000004, 38.1016449], [23.793319199999996, 38.1012987], [23.7930893, 38.1009849], [23.7928318, 38.1008498], [23.7923812, 38.1006978], [23.7918909, 38.100675], [23.791472499999998, 38.1007088], [23.7911613, 38.1007341], [23.7907536, 38.1008017], [23.7904071, 38.1008751], [23.7900563, 38.1008692], [23.7898277, 38.1007654], [23.7895842, 38.1005653], [23.7893878, 38.1003939], [23.7891947, 38.1002335], [23.7890156, 38.1001684], [23.7887366, 38.1002107], [23.7882753, 38.1002782], [23.787878300000003, 38.1004217], [23.787620800000003, 38.1004471], [23.787317200000004, 38.1004361], [23.787167, 38.100301], [23.7870522, 38.100008], [23.7869202, 38.0997269], [23.7868558, 38.0994905], [23.7865479, 38.0993326], [23.7860973, 38.0993748], [23.785818400000004, 38.0994592], [23.7855501, 38.0994846], [23.785321599999996, 38.0995074], [23.7852358, 38.0994061], [23.7851929, 38.0991359], [23.7851929, 38.0988319], [23.785185400000003, 38.0985221], [23.785174599999998, 38.0981843], [23.784989, 38.0976668], [23.7847637, 38.0972108], [23.784687399999996, 38.0970874], [23.7846671, 38.0970546], [23.7845706, 38.0968984], [23.7844904, 38.0967091], [23.784409700000005, 38.0965185], [23.784302400000005, 38.0960963], [23.7842165, 38.0958261], [23.784146999999997, 38.0957213], [23.7840878, 38.095632], [23.783769199999995, 38.0953727], [23.7835621, 38.0952013], [23.7835203, 38.0951778], [23.783261700000004, 38.0950325], [23.782972, 38.0948552], [23.7827038, 38.094661], [23.7824892, 38.0944921], [23.7823068, 38.0942979], [23.7821781, 38.0941375], [23.7821352, 38.0940192], [23.782102999999996, 38.0939264], [23.7820922, 38.093749], [23.7821244, 38.0935548], [23.7821579, 38.0933252], [23.782136499999996, 38.0930466], [23.7820721, 38.0927595], [23.7819434, 38.0925738], [23.7816, 38.0924387], [23.7812245, 38.0922951], [23.7811172, 38.0920756], [23.7812889, 38.0919574], [23.7813962, 38.0918054], [23.781256700000004, 38.091341], [23.781160200000002, 38.0911045], [23.7810314, 38.0909356], [23.7807095, 38.0909019], [23.7802804, 38.0909019], [23.779851200000003, 38.0909441], [23.7794114, 38.0908259], [23.7791646, 38.0906992], [23.7790466, 38.0904459], [23.7787676, 38.0902263], [23.7785423, 38.090049], [23.7783385, 38.0898126], [23.777877099999998, 38.0897366], [23.7774265, 38.0896859], [23.7770081, 38.0896437], [23.7766219, 38.0895593], [23.7760854, 38.0894917], [23.7756241, 38.0894073], [23.775398800000005, 38.0891708], [23.7751091, 38.0888162], [23.7748623, 38.0886051], [23.7745834, 38.0881998], [23.7743688, 38.0880646], [23.7740469, 38.0880393], [23.77365, 38.0880393], [23.7731672, 38.0878873], [23.7729633, 38.0877353], [23.7726522, 38.0875242], [23.7722338, 38.0873891], [23.771793899999995, 38.0870767], [23.771633, 38.0868149], [23.771579299999996, 38.0864096], [23.771708099999998, 38.0860549], [23.7718046, 38.0856073], [23.771793899999995, 38.0852864], [23.7716651, 38.0849655], [23.7714935, 38.0846784], [23.7712574, 38.0843406], [23.7710107, 38.0842224], [23.770603, 38.0841042], [23.7702167, 38.0839944], [23.769927099999997, 38.0837326], [23.7697983, 38.0834455], [23.7697447, 38.0831584], [23.7698949, 38.0829219], [23.769916300000002, 38.0825926], [23.769884200000003, 38.082221], [23.7697125, 38.0820099], [23.7694979, 38.0818325], [23.769261900000004, 38.0816045], [23.7689078, 38.0815369], [23.7685001, 38.0816298], [23.768049499999996, 38.0816298], [23.767792000000004, 38.08152], [23.767641800000003, 38.0813174], [23.7677062, 38.08114], [23.7680388, 38.0808613], [23.768317700000004, 38.0806586], [23.7684036, 38.0802026], [23.7685001, 38.0799155], [23.7683821, 38.0795945], [23.768210499999995, 38.0792314], [23.7679851, 38.0789949]], [[23.832295300000002, 38.1210344], [23.831995299999996, 38.1207577], [23.8314449, 38.1202319], [23.831112299999997, 38.1199871], [23.830697100000002, 38.1197871], [23.8303076, 38.1196748], [23.8299536, 38.1196326], [23.829503000000003, 38.1196157], [23.8292809, 38.1195845], [23.8290631, 38.1194131], [23.828969699999995, 38.1191878], [23.828776599999998, 38.1190105], [23.8285266, 38.1188814], [23.828301300000003, 38.1187716], [23.8281329, 38.1185632], [23.8280009, 38.1183581], [23.8277112, 38.1182568], [23.8272284, 38.1182568], [23.8267671, 38.118147], [23.826498900000004, 38.1180204], [23.826341199999998, 38.1178119], [23.826330400000003, 38.1175503], [23.8261341, 38.1174127], [23.8256867, 38.1174321], [23.8253541, 38.1173814], [23.825136300000004, 38.1172101], [23.825021499999995, 38.116951], [23.8249539, 38.1166614], [23.8247104, 38.1163685], [23.8244314, 38.1161237], [23.8241954, 38.1159802]]]}"
398,"Orpheus, Hymn on Eros",hymns of Orpheus,,Orpheus,hymn,lost,9.27.2,R-reference,,sanctuary of Eros at Thespiai,"{""type"": ""Point"", ""coordinates"": [23.154521, 38.293384]}"
399,"Pamphos, Hymns on Artemis as Ariste and Kalliste",Hymns of Pamphos,,Pamphus,hymn,lost,1.29.2,R-reference,,Sanctuary of Artemis on road to Academy Athens,"{""type"": ""GeometryCollection"", ""geometries"": [{""type"": ""LineString"", ""coordinates"": [[23.719350034965515, 37.97820220183486], [23.71847133646384, 37.97899159165412], [23.717654017644207, 37.980131689045834], [23.71192116631093, 37.98707224784849], [23.711828483307528, 37.9875418411241], [23.710177910280407, 37.99103927869085]]}]}"
400,"Pamphos, Hymns on Artemis as Calliste",Hymns of Pamphos,,Pamphus,hymn,lost,8.35.8,R-paraphrase,,"road Tricoloni to Methydrion, 137 stades","{""type"": ""GeometryCollection"", ""geometries"": [{""type"": ""LineString"", ""coordinates"": [[22.17048435483744, 37.47247866252886], [22.165064584745068, 37.48065383866947], [22.167382933133126, 37.49001200239853], [22.174709098150174, 37.58103164209153], [22.17174540681239, 37.6415215874311]]}]}"
401,"Pamphos, Hymns on daughters of Celeus Diogeneia, Pammerope, Saesara",Hymns of Pamphos,,Pamphus,hymn,lost,1.38.3,R-reference,,Tomb of Eumolpos on Sacred Way near Eleusis,"{""type"": ""Point"", ""coordinates"": [23.601, 38.023]}"
402,"Pamphos, Hymns on Demeter at Anthion well, with daughters of Celeus",Hymns of Pamphos,,Pamphus,hymn,lost,1.39.1,R-paraphrase,,road Eleusis to Megara,"{""type"": ""GeometryCollection"", ""geometries"": [{""type"": ""LineString"", ""coordinates"": [[23.53982705243638, 38.047595247092005], [23.52526060641722, 38.049552847090865], [23.502396400579926, 38.03938801438548], [23.482876666075782, 38.02891528295672], [23.452584716116036, 38.02662540178687], [23.44420823243317, 38.020403763572375], [23.42626802843236, 38.00565116518223], [23.41044319860626, 37.99745156879213], [23.39922488213665, 37.99745533539301], [23.39049982150729, 37.99975221422801], [23.34398417373305, 37.99779776468709]]}]}"
403,"Pamphos, Hymns on epithet Hippios for Poseidon",Hymns of Pamphos,,Pamphus,hymn,lost,7.21.9,R-paraphrase,,Temple of Poseidon at harbor of Patrae,"{""type"": ""Point"", ""coordinates"": [21.738518, 38.243265]}"
404,"Pamphos, Hymns on Eros in hymn for Lycomidae",Hymns of Pamphos,,Pamphus,hymn,lost,9.27.2,R-reference,,sanctuary of Eros at Thespiai,"{""type"": ""Point"", ""coordinates"": [23.154521, 38.293384]}"
405,"Pamphos, Hymns on Kore and narcissus flowers",Hymns of Pamphos,,Pamphus,hymn,lost,9.31.9,R-paraphrase,,Spring of Narkissos in Donakôn of Thespiai,"{""type"": ""Point"", ""coordinates"": [23.101469, 38.272393]}"
406,"Pamphos, Hymns on Linus at Oetolinus, name Sappho learned from him",Hymns of Pamphos,,Pamphus,hymn,lost,9.29.8,R-paraphrase,,Grove of the Muses on Mt. Helikon,"{""type"": ""Point"", ""coordinates"": [23.0587, 38.3208]}"
407,"Pamphos, Hymns on Persephone as real name of Kore",Hymns of Pamphos,,Pamphus,hymn,lost,8.37.9,R-paraphrase,,Sanctuary of Despoina at Lykosoura,"{""type"": ""Point"", ""coordinates"": [22.03143, 37.38957]}"
408,"Pamphos, Hymns: Pamphos first to sing about the Charites (Graces)",Hymns of Pamphos,,Pamphus,hymn,lost,9.35.4,R-reference,,Orchomenos (Boeotia),"{""type"": ""Point"", ""coordinates"": [22.959486, 38.495082]}"
409,"Pamphus, Hymns on surnames of Artemis",Hymns of Pamphos,,Pamphus,hymn,,1.29.2,O-Source,,Sanctuary of Artemis on road to Academy Athens,"{""type"": ""GeometryCollection"", ""geometries"": [{""type"": ""LineString"", ""coordinates"": [[23.719350034965515, 37.97820220183486], [23.71847133646384, 37.97899159165412], [23.717654017644207, 37.980131689045834], [23.71192116631093, 37.98707224784849], [23.711828483307528, 37.9875418411241], [23.710177910280407, 37.99103927869085]]}]}"
410,Panyassis on Castalia as daughter of Achelous,Panyassis' poem on Heracles,,Panyassis,epic poem,"Crossing with swift feet snowy Parnassus he reached the immortal water of Castalia, daughter of Achelous.",10.8.9,R-quotation,,Castalian spring,"{""type"": ""Point"", ""coordinates"": [22.505528, 38.483082]}"
411,Panyassis on Heracles killing his children by Megara,Panyassis' poem on Heracles,,Panyassis,epic poem,lost,9.11.2,R-reference,,Tomb of the children of Herakles in Thebes,"{""type"": ""Point"", ""coordinates"": [23.3178, 38.3191]}"
412,Panyassis on Theseus and Peirithous in Hades,Panyassis' poem on Heracles,,Panyassis,epic poem,lost,10.29.9,R-paraphrase,,Lesche of the Knidians,"{""type"": ""Point"", ""coordinates"": [22.5011, 38.48304]}"
413,Peisander Heracleia fr. 2 West on many-headed hydra,Poem of Peisander on Heracles,,Peisander of Kamiros,epic poem,,2.37.4,R-paraphrase,,Sacred grove at Pontinos mountain,"{""type"": ""Point"", ""coordinates"": [22.6973, 37.55]}"
414,Peisander Heracleia fr. 4 West on rattling Stymphalian birds,Poem of Peisander on Heracles,,Peisander of Kamiros,epic poem,,8.22.4,R-paraphrase,,Stymphalos,"{""type"": ""Point"", ""coordinates"": [22.45931, 37.85932]}"
415,Hymn to Zeus sung by Peleiades at Dodona,Hymn to Zeus sung by Peleiades at Dodona,,Peleiades,epic poem,lost,10.12.10,R-quotation,,"Stone sticking from the earth, where priestess sang prophecies, Delphi","{""type"": ""Point"", ""coordinates"": [22.50108, 38.48264]}"
416,Phaennis oracle predicting Gallic invasion,Oracles of Phaennis,,Phaennis,prophecy,"Then verily, having crossed the narrow strait of the Hellespont, The devastating host of the Gauls shall pipe; and lawlessly They shall ravage Asia; and much worse shall God do To those who dwell by the shores of the sea For a short while. For right soon the son of Cronos Shall raise them a helper, the dear son of a bull reared by Zeus, Who on all the Gauls shall bring a day of destruction.",10.15.2,R-quotation,,Sanctuary of Pythian Apollo at Delphi,"{""type"": ""Point"", ""coordinates"": [22.50151, 38.48254]}"
417,Phemonoe oracle on Apollo's killing of the Python,Oracles of Phemonoe at Delphi,,Phemonoe,prophecy,At close quarters a grievous arrow shall Phoebus shoot At the spoiler of Parnassus; and of his blood-guilt The Cretans shall cleanse his hands; but the renown shall never die.,10.6.7,R-quotation,,Entry to Delphi from Chaironea road,"{""type"": ""GeometryCollection"", ""geometries"": [{""type"": ""Polygon"", ""coordinates"": [[[22.50908625671846, 38.4807561049775], [22.508670068724086, 38.47934011797474], [22.509390394099455, 38.47916468402025], [22.509790574863842, 38.48064332827158], [22.50908625671846, 38.4807561049775]]]}]}"
418,Philistus' history of Sicily on Dionysius,Philistus' history of Sicily,,Philistus,history,lost,1.13.9,R-reference,,Odeion of Agrippa (Athens Agora),"{""type"": ""Point"", ""coordinates"": [23.723135000000003, 37.975124]}"
419,Philistus' history of Sicily on religiosity of people of Hyblaia Gereatis,Philistus' history of Sicily,,Philistus,history,lost,5.23.6,R-paraphrase,,Altis sacred grove (Olympia),"{""type"": ""Point"", ""coordinates"": [21.62975, 37.63754]}"
420,Philistus' history of Sicily on surrender of Demosthenes and Nicias,Philistus' history of Sicily,,Philistus,history,lost,1.29.12,R-paraphrase,,"Demosion Sema war graves, Athens","{""type"": ""Point"", ""coordinates"": [23.7168, 37.9816]}"
421,"Philistus, history on why Nicias is not inscribed on the cenotaph",Philistus' history of Sicily,,Philistus,history,,1.29.12,O-Comparison,,"Demosion Sema war graves, Athens","{""type"": ""Point"", ""coordinates"": [23.7168, 37.9816]}"
422,Phoenix of Colophon poem lamenting conquest of Colophon (1.9.7):,Lament on Fall of Colophon by Phoenix,,Phoenix of Colophon,poem (unspecified),"[lost] He founded also the modern city of Ephesus as far as the coast, bringing to it as settlers people of Lebedos and Colophon, after destroying their cities, so that the iambic poet Phoenix composed a lament for the capture of Colophon.",1.9.7,R-reference,,Odeion of Agrippa (Athens Agora),"{""type"": ""Point"", ""coordinates"": [23.723135000000003, 37.975124]}"
423,"Phrynichos, Pleurôniai on death of Meleager",Pleurôniai of Phrynichos,Q106809984,Phrynichus,tragedy,lost,10.31.4,R-quotation,,Lesche of the Knidians,"{""type"": ""Point"", ""coordinates"": [22.5011, 38.48304]}"
424,"Pindar, Olympian 10.45: using the name Altis",Olympian odes of Pindar,Q18146776,Pindar,epinikion ode,"But the brave son of Zeus gathered the entire army and all the spoils together in Pisa
and measured out a sacred precinct for his supreme father. He enclosed the Altis all around and marked it off in the open, and he made the encircling area a resting-place for feasting, honoring the stream of the Alpheus
along with the twelve ruling gods.
And he called it the Hill of Cronus;",5.10.1,R-quotation,https://scaife.perseus.org/reader/urn:cts:greekLit:tlg0525.tlg001.perseus-eng2:1.26.6,Altis sacred grove (Olympia),"{""type"": ""Point"", ""coordinates"": [21.62975, 37.63754]}"
425,"Pindar, Olympian 6.40-6.50 on Iamus son of Apollo",Olympian odes of Pindar,Q18146776,Pindar,epinikion ode,"The golden-haired god sent gentle-minded Eleithuia and the Fates to help her.<br>3 From her womb and her sweet birth-pangs Iamus came right away into the light. In her distress,<br>she left him on the ground. But by the will of the gods, two gray-eyed serpents nurtured him with the harmless venom of bees, caring for him. And when the king had driven back from rocky Pytho, he questioned everyone in the household about the child whom Evadne had borne. For he said that he was begotten by Phoebus,
and that he would be, for men on earth, a prophet above all mortals, and that his race would never fail.",6.2.5,R-quotation,https://scaife.perseus.org/reader/urn:cts:greekLit:tlg0033.tlg001.perseus-grc2:6.22-6.71,Olympia,"{""type"": ""Point"", ""coordinates"": [21.630126, 37.637849]}"
426,"Pindar ode fr.  290, Schnell-Maehler) on Thebe and Zeus",Odes of Pindar,,Pindar,epinikion ode,,5.22.6,R-paraphrase,,Altis sacred grove (Olympia),"{""type"": ""Point"", ""coordinates"": [21.62975, 37.63754]}"
427,Pindar ode fr. 156 (Schnell-Maehler) on Silenus at Malea,Odes of Pindar,,Pindar,epinikion ode,,3.25.2,R-quotation,,Pyrrichos,"{""type"": ""Point"", ""coordinates"": [22.432959, 36.659054]}"
428,Pindar ode fr. 174 Snell-Maehler on foundation of Ephesian Artemis cult by Amazons,Odes of Pindar,,Pindar,epinikion ode,,7.2.7,R-paraphrase,,Eleia - Achaia border at Larisos river,"{""type"": ""GeometryCollection"", ""geometries"": [{""type"": ""Polygon"", ""coordinates"": [[[21.417484105225526, 38.10291174798513], [21.42525995805383, 38.09244438760399], [21.429829800275428, 38.095387083549724], [21.42206202659756, 38.10509343476093], [21.417484105225526, 38.10291174798513]]]}]}"
429,Pindar ode on Antiope the Amazon carried off by Theseus and Peirithous,Odes of Pindar,,Pindar,epinikion ode,lost,1.2.1,R-paraphrase,,road Phaleron to Athens,"{""type"": ""GeometryCollection"", ""geometries"": [{""type"": ""LineString"", ""coordinates"": [[23.68658880803406, 37.94037408093416], [23.72920614293062, 37.969424204333635]]}]}"
430,Pindar ode on bronze temple at Delphi,Odes of Pindar,,Pindar,epinikion ode,lost,10.5.12,R-paraphrase,,Entry to Delphi from Chaironea road,"{""type"": ""GeometryCollection"", ""geometries"": [{""type"": ""Polygon"", ""coordinates"": [[[22.50908625671846, 38.4807561049775], [22.508670068724086, 38.47934011797474], [22.509390394099455, 38.47916468402025], [22.509790574863842, 38.48064332827158], [22.50908625671846, 38.4807561049775]]]}]}"
431,Pindar ode on Glaucus from Anthedon,Odes of Pindar,,Pindar,epinikion ode,lost,9.22.7,R-reference,,Anthedon,"{""type"": ""Point"", ""coordinates"": [23.448834, 38.498583]}"
432,"Pindar ode on Sacadas of Argos, implying small size",Odes of Pindar,,Pindar,epinikion ode,lost,9.30.2,R-paraphrase,,Grove of the Muses on Mt. Helikon,"{""type"": ""Point"", ""coordinates"": [23.0587, 38.3208]}"
433,Pindar ode on Theseus carrying off Helen,Odes of Pindar,,Pindar,epinikion ode,lost,1.41.5,R-paraphrase,,temple of Apollo Agraios and Artemis Agrotera in Megara,"{""type"": ""Point"", ""coordinates"": [23.34285, 37.997]}"
434,Pindar hymn to Aphaea on Aigina,Pindar's Hymn to Aphaea,,Pindar,hymn,lost,2.30.3,R-reference,,Temple of Aphaia on Aigina,"{""type"": ""Point"", ""coordinates"": [23.5331, 37.7543]}"
435,Pindar ode: Pindar's songs to Apollo,Odes of Pindar,,Pindar,epinikion ode,lost,10.24.5,R-reference,,Temple of Apollo at Delphi,"{""type"": ""Point"", ""coordinates"": [22.5012215, 38.4823167]}"
436,Pindar ode: Posthumous hymn of Pindar to Persephone,Odes of Pindar,,Pindar,epinikion ode,lost,9.23.3,R-paraphrase,,Tomb of Pindar at the hippodrome of Thebes,"{""type"": ""Point"", ""coordinates"": [23.3178, 38.3191]}"
437,Pindar Pythian 4.74 supporting Delphic omphalos as center of the earth,Odes of Pindar,,Pindar,epinikion ode,"There was a divine prophecy that Pelias would be killed by the illustrious descendants of Aeolus, either at their hands or through their unflinching counsels; and an oracle came to him that chilled his shrewd spirit, spoken beside the central navel of well-wooded mother earth:",10.16.3,R-reference,,Sanctuary of Pythian Apollo at Delphi,"{""type"": ""Point"", ""coordinates"": [22.50151, 38.48254]}"
438,Pindar Pythian 4.88 on killing of Otus and Ephialtes by Apollo on Naxos,Odes of Pindar,,Pindar,epinikion ode,"They did not recognize him. Nevertheless, one of the awed onlookers said even this: ""Surely this is not Apollo, nor Ares, the husband of Aphrodite, with his bronze chariot. And they say that the sons of Iphimedeia — Otus and you, bold lord Ephialtes — died in splendid Naxos. [90] And indeed Tityus was hunted down by the swift arrow of Artemis, which she sped from her unconquerable quiver, so that men might desire to touch only the loves that are within their reach.""",9.22.6,R-paraphrase,https://scaife.perseus.org/reader/urn:cts:greekLit:tlg0033.tlg002.perseus-grc2:4.80-4.95,Anthedon,"{""type"": ""Point"", ""coordinates"": [23.448834, 38.498583]}"
439,"Pindar, hymn to Ammon, sent to Libya",Pindar's hymn to Ammon,,Pindar,hymn,,9.16.1,R-reference,,Temple of Ammon in Thebes,"{""type"": ""Point"", ""coordinates"": [23.3178, 38.3191]}"
440,"Pindar, Hymn to Tyche fr.41 Schroeder making Tyche one of the Fates",Pindar's Hymn to Tyche,,Pindar,hymn,,7.26.8,R-paraphrase,,Building sacred to Tyche at Aigeira,"{""type"": ""Point"", ""coordinates"": [22.3777, 38.1286]}"
441,"Pindar, Hymn to Tyche on Tyche as Pherepolis",Pindar's Hymn to Tyche,,Pindar,hymn,lost,4.30.6,R-reference,,Pherai (Messenia),"{""type"": ""Point"", ""coordinates"": [22.113, 37.046]}"
442,"Pindar, Nemean Odes 1.1 on Artemis and Alpheius",Pindar's Nemean Odes,Q27214182,Pindar,epinikion ode,"§ 1.1  Nemean 1: For Chromius of Aetna Chariot Race ?476 B.C.<br>Sacred place where Alpheus breathed again; Ortygia, scion of renowned Syracuse, bed of Artemis, sister of Delos! From you sweet-voiced [5] song rushes out to give great praise for storm-footed horses, by the grace of Aetnaean Zeus.",5.14.6,R-reference,https://scaife.perseus.org/reader/urn:cts:greekLit:tlg0033.tlg003.perseus-eng2:1.1-1.1,Altis sacred grove (Olympia),"{""type"": ""Point"", ""coordinates"": [21.62975, 37.63754]}"
443,"Pindar, Nemean Odes 1.52 on our misfortunes versus those of others",Pindar's Nemean Odes,Q27214182,Pindar,epinikion ode,"for she herself leapt to her feet from her bed, unrobed as she was, and tried to ward off the violent attack of the monsters. And swiftly the chiefs of the Cadmeans rushed in together in their bronze armor, and Amphitryon came brandishing a sword bared from its scabbard, stricken with sharp distress. For each man alike is oppressed by his own trouble, but the heart recovers quickly from someone else's grief.",10.22.9,R-paraphrase,https://scaife.perseus.org/reader/urn:cts:greekLit:tlg0033.tlg003.perseus-grc2:1.50-1.60,Temple of Apollo at Delphi,"{""type"": ""Point"", ""coordinates"": [22.5012215, 38.4823167]}"
444,"Pindar, Nemean Odes 10.61 on sharp eyesight of Lynceus",Pindar's Nemean Odes,Q27214182,Pindar,epinikion ode,"and his brother Polydeuces came to Pamphaes to receive a hospitable welcome, it is no wonder that it is innate in their race to be good athletes; since the Dioscuri, guardians of spacious Sparta, along with Hermes and Heracles, administer the flourishing institution of the games, and they care very much for just men. Indeed, the race of the gods is trustworthy. [55] Changing places in alternation, the Dioscuri spend one day beside their dear father Zeus, and the other beneath the depths of the earth in the hollows of Therapne, each fulfilling an equal destiny, since Polydeuces preferred this life to being wholly a god and living in heaven, when Castor was killed in battle. For Idas, angered for some reason about his cattle, stabbed him with the point of his bronze spear. Looking out from Taygetus, Lynceus saw them seated in the hollow of an oak; for that man had the sharpest eye of all who live on earth. He and Idas at once reached the spot with swift feet, and quickly contrived a mighty deed; [65] and these sons of Aphareus themselves suffered terribly by the devising of Zeus.",4.2.7,R-paraphrase,https://scaife.perseus.org/reader/urn:cts:greekLit:tlg0033.tlg003.perseus-eng2:10.60-10.61?right=perseus-grc2,Choirios Nape,"{""type"": ""GeometryCollection"", ""geometries"": [{""type"": ""Polygon"", ""coordinates"": [[[22.143588429711173, 36.94888471665877], [22.18624381440418, 36.95017414417967], [22.223199270082375, 36.95378608209073], [22.248155909035262, 36.960469507191235], [22.25775393867147, 36.96224967963566], [22.262659624143453, 36.98275144390442], [22.284975814421244, 36.99240306697337], [22.277683819340496, 36.9974822900312], [22.25528655397426, 36.98707795027782], [22.249117608796496, 36.96730110791651], [22.220231007097283, 36.9612590436016], [22.193853679994135, 36.956753242978635], [22.16522532799945, 36.956871930927164], [22.14004783897485, 36.95194522129127], [22.143588429711173, 36.94888471665877]]]}]}"
445,"Treatise on rhetoric (?) allegedly by Pittheus, published at Epidaurus","Treatise on rhetoric (?) allegedly by Pittheus, published at Epidaurus",,Pittheus,handbook,,2.31.3,R-reference,,Troizen,
446,"Plato, Protagoras 343a: Plato's list of the seven sages",Plato's Protagoras,Q520328,Plato,philosophical dialogue,"Hence this very truth has been observed by certain persons both in our day and in former times—that the Spartan cult is much more the pursuit of wisdom than of athletics; for they know that a man's ability to utter such remarks is to be ascribed to his perfect education. Such men were Thales of Miletus, Pittacus of Mytilene, Bias of Priene, Solon of our city, Cleobulus of Lindus, Myson of Chen, and, last of the traditional seven, Chilon of Sparta. All these were enthusiasts, lovers and disciples of the Spartan culture; and you can recognize that character in their wisdom by the short, memorable sayings that fell from each of them they assembled together [343b] and dedicated these as the first-fruits of their lore to Apollo in his Delphic temple, inscribing there those maxims which are on every tongue—“Know thyself” and “Nothing overmuch.” To what intent do I say this? To show how the ancient philosophy had this style of laconic brevity; and so it was that the saying of Pittacus was privately handed about with high approbation among the sages—that it is hard to be good.",10.24.1,R-paraphrase,https://scaife.perseus.org/reader/urn:cts:greekLit:tlg0059.tlg022.perseus-eng2:343,Temple of Apollo at Delphi,"{""type"": ""Point"", ""coordinates"": [22.5012215, 38.4823167]}"
447,"Plato, Republic 491e on bad education ruining souls",Plato's Republic,Q123397,Plato,philosophical dialogue,"shall we not similarly affirm that the best endowed souls become worse than the others under a bad education? Or do you suppose that great crimes and unmixed wickedness spring from a slight nature1 and not from a vigorous one corrupted by its nurture, while a weak nature will never be the cause of anything great, either for good or evil?” “No,” he said, “that is the case.”",7.17.3,R-paraphrase,,Eleia - Achaia border at Larisos river,"{""type"": ""GeometryCollection"", ""geometries"": [{""type"": ""Polygon"", ""coordinates"": [[[21.417484105225526, 38.10291174798513], [21.42525995805383, 38.09244438760399], [21.429829800275428, 38.095387083549724], [21.42206202659756, 38.10509343476093], [21.417484105225526, 38.10291174798513]]]}]}"
448,"Plato, Republic on immortality of the soul",Plato's Republic,Q123397,Plato,philosophical dialogue,"I know that the Chaldaeans and Indian sages were the first to say that the soul of man is immortal, and have been followed by some of the Greeks, particularly by Plato the son of Ariston.",4.32.4,R-reference,https://scaife.perseus.org/reader/urn:cts:greekLit:tlg0525.tlg001.perseus-eng2:4.32.4,Tomb or cenotaph of Aristomenes in Messene,"{""type"": ""Point"", ""coordinates"": [21.9188, 37.1716]}"
449,"Plato, Republic on Nero as ruined by perverted education",Plato's Republic,Q123397,Plato,philosophical dialogue,"When I considered this act of Nero it struck me how true is the remark of Plato, the son of Ariston, who says that the greatest and most daring crimes are committed, not by ordinary men, but by a noble soul ruined by a perverted education.",7.17.3,O-Ethics,https://scaife.perseus.org/reader/urn:cts:greekLit:tlg0525.tlg001.perseus-eng2:7.17.3,Eleia - Achaia border at Larisos river,"{""type"": ""GeometryCollection"", ""geometries"": [{""type"": ""Polygon"", ""coordinates"": [[[21.417484105225526, 38.10291174798513], [21.42525995805383, 38.09244438760399], [21.429829800275428, 38.095387083549724], [21.42206202659756, 38.10509343476093], [21.417484105225526, 38.10291174798513]]]}]}"
450,Polybius' Histories:,Polybius' Histories,Q250816,Polybius,history,,8.30.8,R-reference,,Bouleuterion of Megalopolis left of portrait of Polybios,"{""type"": ""Point"", ""coordinates"": [22.1273, 37.4124]}"
451,Polybius' Histories: Description of Polybius' histories and life,Polybius' Histories,Q250816,Polybius,history,"This Polybius wrote also a history of the Romans, including how they went to war with Carthage, what the cause of the war was, and how at last, not before great dangers had been run, Scipio . . . whom they name Carthaginian, because he put an end to the war and razed Carthage to the ground. Whenever the Romans obeyed the advice of Polybius, things went well with them, but they say that whenever they would not listen to his instructions they made mistakes. All the Greek cities that were members of the Achaean League got permission from the Romans that Polybius should draw up constitutions for them and frame laws.",8.30.8,R-paraphrase,https://scaife.perseus.org/reader/urn:cts:greekLit:tlg0525.tlg001.perseus-eng2:8.30.8-8.30.9,Bouleuterion of Megalopolis left of portrait of Polybios,"{""type"": ""Point"", ""coordinates"": [22.1273, 37.4124]}"
452,"Polymnastus of Colophon on Thales, saying he was from Gortys",poem of Polymnastus of Colophon on Thales,,Polymnestus of Colophon,lyric poem,lost,1.14.4,R-paraphrase,,City Eleusinion at Athens,"{""type"": ""Point"", ""coordinates"": [23.7247805, 37.9728361]}"
453,Praxilla (fr. 753 PMG): on Carneus as son of Europa and Zeus,lost poem of Praxilla,,Praxilla,poem (unspecified),,3.13.5,R-paraphrase,,Heroon of Karneios in Sparta near Skias,"{""type"": ""Point"", ""coordinates"": [22.4237, 37.0821]}"
454,"Procles of Carthage, lost work on Medusa near Lake Tritonis",lost work of Procles of Carthage,,Procles of Carthage,history,,2.21.6,R-paraphrase,,Agora of Argos,"{""type"": ""Point"", ""coordinates"": [22.7214, 37.6305]}"
455,"Procles of Carthage, lost work: Procles' comparison of Alexander to Pyrrhus",lost work of Procles of Carthage,,Procles of Carthage,history,,4.35.4,R-paraphrase,,Methone/Mothone (Messenian),"{""type"": ""Point"", ""coordinates"": [21.705, 36.817]}"
456,"Prodicus?, Minyad fr. 4 West:  on Thamyris punished in Hades for boast",Minyad of Prodicus of Phocaea or someone else,Q6871244,Prodicus of Phocaea,epic poem,,4.33.7,R-paraphrase,,Dorion,"{""type"": ""Point"", ""coordinates"": [21.88255, 37.26708]}"
457,"Prodicus?, Minyad fr.3 West on punishment of Amphion",Minyad of Prodicus of Phocaea or someone else,Q6871244,Prodicus of Phocaea,epic poem,,9.5.9,R-reference,,Platais - Thebais border at Asopos river,"{""type"": ""GeometryCollection"", ""geometries"": [{""type"": ""Polygon"", ""coordinates"": [[[23.282037585248275, 38.262346911330866], [23.28341770612292, 38.259214861874426], [23.29430988663492, 38.26282873800801], [23.29139528312203, 38.266562673068336], [23.282037585248275, 38.262346911330866]]]}]}"
458,"Prodicus?, Minyad on killing of Meleager by Apollo",Minyad of Prodicus of Phocaea or someone else,Q6871244,Prodicus of Phocaea,epic poem,,10.31.3,R-paraphrase,,Lesche of the Knidians,"{""type"": ""Point"", ""coordinates"": [22.5011, 38.48304]}"
459,"Prodicus?, Minyad on Theseus and Peirithous in Hades",Minyad of Prodicus of Phocaea or someone else,Q6871244,Prodicus of Phocaea,epic poem,"Then the boat on which embark the dead, that the old ferryman, Charon, used to steer, they found not within its moorings.",10.28.2,R-quotation,,Lesche of the Knidians,"{""type"": ""Point"", ""coordinates"": [22.5011, 38.48304]}"
460,"Prodicus?, Minyad with no reference to Eurynomos in Hades",Minyad of Prodicus of Phocaea or someone else,Q6871244,Prodicus of Phocaea,epic poem,,10.28.7,R-reference,,Lesche of the Knidians,"{""type"": ""Point"", ""coordinates"": [22.5011, 38.48304]}"
461,Oracle of Apollo at Delphi on Arcadian acorn eaters,Oracles of Apollo at Delphi,,Pythia,prophecy,"“In Arcadia are many men who eat acorns, <br>Who will prevent you; though I do not grudge it you.”",8.1.6,R-quotation,,Argolid - Arkadia border near Mt. Artemision,"{""type"": ""GeometryCollection"", ""geometries"": [{""type"": ""Polygon"", ""coordinates"": [[[22.475774354441114, 37.654310963973046], [22.507440284004105, 37.571411550419754], [22.521537982781183, 37.57134643717862], [22.488651704535528, 37.65540068883523], [22.475774354441114, 37.654310963973046]]]}]}"
462,Oracle of Apollo at Delphi on bones of Arcas,Oracles of Apollo at Delphi,,Pythia,prophecy,"“Maenalia is storm-swept, where lies <br>Arcas, from whom all Arcadians are named, <br>In a place where meet three, four, even five roads; <br>Thither I bid you go, and with kind heart <br>Take up Arcas and bring him back to your lovely city. <br>There make Arcas a precinct and sacrifices.”",8.9.3,R-quotation,,temple of Hera by the theater of Mantineia,"{""type"": ""Point"", ""coordinates"": [22.3933, 37.6181]}"
463,Oracle of Apollo at Delphi on capture of Kirra,Oracles of Apollo at Delphi,,Pythia,prophecy,"You will not take and throw down the tower of this city,Until on my precinct shall dash the wave Of blue-eyed Amphitrite, roaring over the winedark sea.",10.37.6,R-quotation,,Kirra,"{""type"": ""Point"", ""coordinates"": [22.450621, 38.428937]}"
464,Oracle of Apollo at Delphi on capturing Keressos,Oracles of Apollo at Delphi,,Pythia,prophecy,,9.14.3,R-quotation,,Agora in the acropolis of Thebes,"{""type"": ""Point"", ""coordinates"": [23.3178, 38.3209]}"
465,Oracle of Apollo at Delphi on Cleomedes of Astypalaea as hero,Oracles of Apollo at Delphi,,Pythia,prophecy,Last of heroes is Cleomedes of Astypalaea; Honor him with sacrifices as being no longer a mortal.”,6.9.7,R-quotation,,Olympia,"{""type"": ""Point"", ""coordinates"": [21.630126, 37.637849]}"
466,Oracle of Apollo at Delphi on Erginos' child-bearing,Oracles of Apollo at Delphi,,Pythia,prophecy,"“Erginus, son of Clymenus Presboniades, <br>Late thou camest seeking offspring, but even now <br>To the old plough-tree put a new tip.”",9.37.4,R-quotation,,Orchomenos (Boeotia),"{""type"": ""Point"", ""coordinates"": [22.959486, 38.495082]}"
467,Oracle of Apollo at Delphi on lame kingship of Sparta,Oracles of Apollo at Delphi,,Pythia,prophecy,,3.8.9,R-quotation,,Argolid - Lakonia border at the Hermai,"{""type"": ""GeometryCollection"", ""geometries"": [{""type"": ""Polygon"", ""coordinates"": [[[22.527643966812064, 37.31460354773594], [22.53453084312804, 37.3070246533447], [22.538351342393554, 37.307297362478295], [22.530631002613234, 37.3160985404418], [22.527643966812064, 37.31460354773594]]]}]}"
468,Oracle of Apollo at Delphi on Philip II of Macedon's death,Oracles of Apollo at Delphi,,Pythia,prophecy,“The bull is crowned; the consummation is at hand; the sacrificer is ready.”,8.7.6,R-quotation,,Philippion spring near Nestane,"{""type"": ""Point"", ""coordinates"": [22.461269, 37.616101]}"
469,Oracle of Apollo at Delphi on statue of Theagenes of Thasos,Oracles of Apollo at Delphi,,Pythia,prophecy,“But you have forgotten your great Theagenes.”,6.11.8,R-quotation,,Olympia,"{""type"": ""Point"", ""coordinates"": [21.630126, 37.637849]}"
470,Oracle of Apollo at Delphi rejecting Persian spoils offered by Themistocles,Oracles of Apollo at Delphi,,Pythia,prophecy,The splendid beauty of the Persian's spoils Set not within my temple. Despatch them home speedily.,10.14.5,R-quotation,,Sanctuary of Pythian Apollo at Delphi,"{""type"": ""Point"", ""coordinates"": [22.50151, 38.48254]}"
471,Oracle of Apollo at Delphi to Achaeans on capturing Phana,Oracles of Apollo at Delphi,,Pythia,prophecy,"Dwellers in the land of Pelops and in Achaia, who to Pytho Have come to inquire how ye shall take a city, Come, consider what daily ration, Drunk by the folk, saves the city which has so drunk. For so ye may take the towered village of Phana.",10.18.1,R-quotation,,Sanctuary of Pythian Apollo at Delphi,"{""type"": ""Point"", ""coordinates"": [22.50151, 38.48254]}"
472,Oracle of Apollo at Delphi to Homer on his motherland of Ios,Oracles of Apollo at Delphi,,Pythia,prophecy,"“Blessed and unhappy, for to be both wast thou born. Thou seekest thy father-land; but no father-land hast thou, only a mother-land.The island of Ios is the father-land of thy mother, which will receive thee When thou hast died; but be on thy guard against the riddle of the young children.”",10.24.2,R-quotation,,Temple of Apollo at Delphi,"{""type"": ""Point"", ""coordinates"": [22.5012215, 38.4823167]}"
473,Oracle of Apollo at Delphi to the Phocians on Thessalian invasion,Oracles of Apollo at Delphi,,Pythia,prophecy,"I will match in fight mortal and immortal, And to both will I give victory, but more to the mortal.",10.1.4,R-quotation,,border Boiotia - Phokis at Chaironea,"{""type"": ""GeometryCollection"", ""geometries"": [{""type"": ""Polygon"", ""coordinates"": [[[22.816987932397836, 38.504250343320365], [22.8182268893938, 38.49955405008339], [22.822928938451724, 38.50072097458943], [22.8210186478411, 38.504983837002214], [22.816987932397836, 38.504250343320365]]]}]}"
474,Oracle of Apollo at Delphi: giving Medon the kingship of Athens,Oracles of Apollo at Delphi,,Pythia,prophecy,,7.2.1,R-paraphrase,,Eleia - Achaia border at Larisos river,"{""type"": ""GeometryCollection"", ""geometries"": [{""type"": ""Polygon"", ""coordinates"": [[[21.417484105225526, 38.10291174798513], [21.42525995805383, 38.09244438760399], [21.429829800275428, 38.095387083549724], [21.42206202659756, 38.10509343476093], [21.417484105225526, 38.10291174798513]]]}]}"
475,Oracle of Apollo at Delphi on bringing bones of Hector to Thebes,Oracles of Apollo at Delphi,,Pythia,prophecy,"There is also at Thebes the grave of Hector, the son of Priam. It is near the spring called the Fountain of Oedipus, and the Thebans say that they brought Hector's bones from Troy because of the following oracle: “Ye Thebans who dwell in the city of Cadmus, If you wish blameless wealth for the country in which you live, Bring to your homes the bones of Hector, Priam's son, From Asia, and reverence him as a hero, according to the bidding of Zeus.”",9.18.5,R-quotation,,highway Thebes to Chalkis,"{""type"": ""GeometryCollection"", ""geometries"": [{""type"": ""LineString"", ""coordinates"": [[23.317595983450758, 38.32229014767111], [23.317868, 38.324122], [23.318897, 38.325428], [23.320307, 38.326708], [23.326053, 38.327714], [23.33142, 38.329098], [23.36313, 38.344983], [23.405477, 38.358228], [23.405477, 38.358228], [23.419276, 38.371977], [23.426363, 38.372264], [23.428954, 38.373325], [23.433688, 38.374202], [23.440666, 38.375059], [23.458307, 38.375101], [23.481719, 38.379099], [23.486372, 38.382792], [23.492534, 38.385588], [23.495066, 38.389256], [23.499147, 38.392062], [23.503866, 38.394676], [23.507691, 38.396079], [23.512888, 38.398662], [23.515864, 38.400673], [23.522645, 38.406642], [23.523486, 38.409444], [23.522393, 38.410537], [23.520852, 38.411629], [23.520123, 38.41247], [23.520011, 38.413871], [23.521132, 38.415524], [23.521048, 38.417682], [23.526092, 38.425892], [23.526064, 38.42777], [23.526876, 38.42903], [23.528109, 38.429815], [23.528611, 38.429934], [23.529507, 38.428963], [23.529794, 38.427827], [23.530322, 38.427942], [23.529485, 38.430398], [23.52999, 38.4336], [23.531045, 38.435402], [23.533926, 38.438111], [23.535269, 38.440693], [23.53574, 38.441003], [23.536578, 38.44121], [23.537071, 38.440728], [23.538138, 38.441049], [23.538919, 38.441106], [23.539631, 38.440659], [23.540778, 38.440234], [23.541226, 38.440268], [23.542647, 38.440825], [23.542511, 38.441081], [23.541621, 38.441013], [23.541237, 38.441336], [23.541248, 38.441665], [23.541883, 38.443252], [23.542879, 38.444193], [23.543317, 38.444314], [23.543405, 38.444697], [23.544587, 38.445222], [23.544751, 38.44566], [23.545835, 38.44577], [23.546743, 38.44612], [23.547838, 38.446207], [23.55064, 38.446952], [23.552995, 38.449393], [23.552567, 38.454353], [23.558827, 38.462135], [23.562726, 38.464717], [23.580025387029, 38.46513283286], [23.589052, 38.4628931]]}]}"
476,Oracles of Apollo at Delphi confirming Dionysus dwelt in Athens in time of Icarius,Oracles of Apollo at Delphi,,Pythia,prophecy,,1.2.5,R-paraphrase,,"Poulytion's House, Athens","{""type"": ""Point"", ""coordinates"": [23.718611, 37.978333]}"
477,"Rhianos, Messenian War confined to 2nd Messenian War",Epic poem by Rhianos on Messenian War,,Rhianus,epic poem,lost,4.6.2,R-reference,,Choirios Nape,"{""type"": ""GeometryCollection"", ""geometries"": [{""type"": ""Polygon"", ""coordinates"": [[[22.143588429711173, 36.94888471665877], [22.18624381440418, 36.95017414417967], [22.223199270082375, 36.95378608209073], [22.248155909035262, 36.960469507191235], [22.25775393867147, 36.96224967963566], [22.262659624143453, 36.98275144390442], [22.284975814421244, 36.99240306697337], [22.277683819340496, 36.9974822900312], [22.25528655397426, 36.98707795027782], [22.249117608796496, 36.96730110791651], [22.220231007097283, 36.9612590436016], [22.193853679994135, 36.956753242978635], [22.16522532799945, 36.956871930927164], [22.14004783897485, 36.95194522129127], [22.143588429711173, 36.94888471665877]]]}]}"
478,"Rhianos, Messenian War glorifying Aristomenes",Epic poem by Rhianos on Messenian War,,Rhianus,epic poem,lost,4.6.3,R-paraphrase,,Choirios Nape,"{""type"": ""GeometryCollection"", ""geometries"": [{""type"": ""Polygon"", ""coordinates"": [[[22.143588429711173, 36.94888471665877], [22.18624381440418, 36.95017414417967], [22.223199270082375, 36.95378608209073], [22.248155909035262, 36.960469507191235], [22.25775393867147, 36.96224967963566], [22.262659624143453, 36.98275144390442], [22.284975814421244, 36.99240306697337], [22.277683819340496, 36.9974822900312], [22.25528655397426, 36.98707795027782], [22.249117608796496, 36.96730110791651], [22.220231007097283, 36.9612590436016], [22.193853679994135, 36.956753242978635], [22.16522532799945, 36.956871930927164], [22.14004783897485, 36.95194522129127], [22.143588429711173, 36.94888471665877]]]}]}"
479,"Rhianos, Messenian War on length of siege of Mt. Eira",Epic poem by Rhianos on Messenian War,,Rhianus,epic poem,lost,4.17.11,R-quotation,,Choirios Nape,"{""type"": ""GeometryCollection"", ""geometries"": [{""type"": ""Polygon"", ""coordinates"": [[[22.143588429711173, 36.94888471665877], [22.18624381440418, 36.95017414417967], [22.223199270082375, 36.95378608209073], [22.248155909035262, 36.960469507191235], [22.25775393867147, 36.96224967963566], [22.262659624143453, 36.98275144390442], [22.284975814421244, 36.99240306697337], [22.277683819340496, 36.9974822900312], [22.25528655397426, 36.98707795027782], [22.249117608796496, 36.96730110791651], [22.220231007097283, 36.9612590436016], [22.193853679994135, 36.956753242978635], [22.16522532799945, 36.956871930927164], [22.14004783897485, 36.95194522129127], [22.143588429711173, 36.94888471665877]]]}]}"
480,"Rhianos, Messenian War on Leotychides of Sparta as king; Pausanias disagrees",Epic poem by Rhianos on Messenian War,,Rhianus,epic poem,lost,4.15.2,R-paraphrase,,Choirios Nape,"{""type"": ""GeometryCollection"", ""geometries"": [{""type"": ""Polygon"", ""coordinates"": [[[22.143588429711173, 36.94888471665877], [22.18624381440418, 36.95017414417967], [22.223199270082375, 36.95378608209073], [22.248155909035262, 36.960469507191235], [22.25775393867147, 36.96224967963566], [22.262659624143453, 36.98275144390442], [22.284975814421244, 36.99240306697337], [22.277683819340496, 36.9974822900312], [22.25528655397426, 36.98707795027782], [22.249117608796496, 36.96730110791651], [22.220231007097283, 36.9612590436016], [22.193853679994135, 36.956753242978635], [22.16522532799945, 36.956871930927164], [22.14004783897485, 36.95194522129127], [22.143588429711173, 36.94888471665877]]]}]}"
481,"Rhianos, Messenian War on Messenian war",Epic poem by Rhianos on Messenian War,,Rhianus,epic poem,lost,4.6.1,R-reference,,Choirios Nape,"{""type"": ""GeometryCollection"", ""geometries"": [{""type"": ""Polygon"", ""coordinates"": [[[22.143588429711173, 36.94888471665877], [22.18624381440418, 36.95017414417967], [22.223199270082375, 36.95378608209073], [22.248155909035262, 36.960469507191235], [22.25775393867147, 36.96224967963566], [22.262659624143453, 36.98275144390442], [22.284975814421244, 36.99240306697337], [22.277683819340496, 36.9974822900312], [22.25528655397426, 36.98707795027782], [22.249117608796496, 36.96730110791651], [22.220231007097283, 36.9612590436016], [22.193853679994135, 36.956753242978635], [22.16522532799945, 36.956871930927164], [22.14004783897485, 36.95194522129127], [22.143588429711173, 36.94888471665877]]]}]}"
482,"Rhianos, Messenian War on oak forest of Lycus",Epic poem by Rhianos on Messenian War,,Rhianus,epic poem,(By rugged Elaion above Lykos's wood,4.1.6,R-quotation,,Choirios Nape,"{""type"": ""GeometryCollection"", ""geometries"": [{""type"": ""Polygon"", ""coordinates"": [[[22.143588429711173, 36.94888471665877], [22.18624381440418, 36.95017414417967], [22.223199270082375, 36.95378608209073], [22.248155909035262, 36.960469507191235], [22.25775393867147, 36.96224967963566], [22.262659624143453, 36.98275144390442], [22.284975814421244, 36.99240306697337], [22.277683819340496, 36.9974822900312], [22.25528655397426, 36.98707795027782], [22.249117608796496, 36.96730110791651], [22.220231007097283, 36.9612590436016], [22.193853679994135, 36.956753242978635], [22.16522532799945, 36.956871930927164], [22.14004783897485, 36.95194522129127], [22.143588429711173, 36.94888471665877]]]}]}"
483,Sappho on gold not rusting,"Sappho, poems",,Sappho,lyric poem,,8.18.5,R-reference,,Styx river (Achaia),"{""type"": ""Point"", ""coordinates"": [22.21, 37.98]}"
484,Sappho wrote many conflicting things about Eros,"Sappho, poems",,Sappho,lyric poem,Sappho the Lesbian sang many inconsistent things about Eros,9.27.3,R-reference,,sanctuary of Eros at Thespiai,"{""type"": ""Point"", ""coordinates"": [23.154521, 38.293384]}"
485,Sappho on Adonis and Oetolinus,"Sappho, poems",,Sappho,lyric poem,lost,9.29.8,R-reference,,Grove of the Muses on Mt. Helikon,"{""type"": ""Point"", ""coordinates"": [23.0587, 38.3208]}"
486,Sayings of the Seven Sages on Temple at Delphi,Epigrams of the Seven Sages at Delphi,,Seven Sages,epigram,"(lost): “Know thyself,” and “Nothing in excess.”",10.24.1,R-quotation,,Temple of Apollo at Delphi,"{""type"": ""Point"", ""coordinates"": [22.5012215, 38.4823167]}"
487,"Simonides epigram to Pausanias the Spartan general, at Delphi",Simonides epigram to Pausanias on tripod at Delphi,,Simonides of Ceos,epigram,"I, Pausanias, the leader of the Greeks, dedicated this monument to Phoebus,  when I destroyed the army of the Medes. [on tripod, lost, not mentioned by P. at Delphi]",3.8.2,R-reference,,Argolid - Lakonia border at the Hermai,"{""type"": ""GeometryCollection"", ""geometries"": [{""type"": ""Polygon"", ""coordinates"": [[[22.527643966812064, 37.31460354773594], [22.53453084312804, 37.3070246533447], [22.538351342393554, 37.307297362478295], [22.530631002613234, 37.3160985404418], [22.527643966812064, 37.31460354773594]]]}]}"
488,Simonides epigram names Polygnotus son of Aglaophon as painter of Iliupersis,Epigram of Simonides on Polygnotus,,Simonides of Ceos,elegiac poem,"Polygnotus, a Thasian by birth, son of Aglaophon, <br>Painted a picture of Troy's acropolis being sacked.",10.27.4,R-quotation,,Lesche of the Knidians,"{""type"": ""Point"", ""coordinates"": [22.5011, 38.48304]}"
489,Simonides' epigram on Philon of Corcyra,Simonides' epigram on Philon,,Simonides of Ceos,elegiac poem,"“My fatherland is Corcyra, and my name is Philon; I am the son of Glaucus, and I won two Olympic victories for boxing.”",6.9.9,R-quotation,,Olympia,"{""type"": ""Point"", ""coordinates"": [21.630126, 37.637849]}"
490,"Sophocles, Oedipus at Colonus 1763 on death of Oedipus at Kolonos","Sophocles, Oedipus at Colonus",Q294001,Sophocles,tragedy,"THESEUS:<br>Children, Oedipus forbade me <br>Either to approach that place,<br>Or to tell any person<br>About the holy tomb he occupies.<br>And he said if this all went well,<br>I would always hold my country without any grief.<br>The divinity heard us,<br>As did the all-seeing Oath [Horkos] of Zeus.",1.28.7,R-reference,https://scaife.perseus.org/reader/urn:cts:greekLit:tlg0011.tlg007.perseus-grc2:1760-1768/,Semnai Theai shrine at the Areius Pagus,"{""type"": ""Point"", ""coordinates"": [23.72372, 37.97242]}"
491,Stesichorus fr. 236 Campbell on Artemis killing Actaeon,Poem of Stesichorus on Actaeon,,Stesichorus,epic poem,,9.2.3,R-paraphrase,,"Bed of Aktaion, on the road from Eleutherae to Plataea","{""type"": ""GeometryCollection"", ""geometries"": [{""type"": ""LineString"", ""coordinates"": [[23.378785289877243, 38.1775923414086], [23.37578682280636, 38.177283674073664], [23.372788355734286, 38.18014581194029], [23.371967346893342, 38.18171713394398], [23.370146849861044, 38.18171713387105], [23.365135078033944, 38.18508413831401], [23.357849717263264, 38.18958468758538], [23.34364771197599, 38.19583849615219], [23.345662180811757, 38.20161685452106], [23.335793424447814, 38.21240759201444], [23.32098707851125, 38.2086878831017], [23.300238049510483, 38.21311985501271], [23.27898540330031, 38.216127110820025], [23.27386897101914, 38.22038220352388]]}]}"
492,Stesichorus on Heracles killing his children with Megara,Poem of Stesichorus regarding the children of Heracles,,Stesichorus,epic poem,lost,9.11.2,R-reference,,Tomb of the children of Herakles in Thebes,"{""type"": ""Point"", ""coordinates"": [23.3178, 38.3191]}"
493,Stesichorus on Theseus as father of Iphigeneia (agreeing with the Argives),poem of Stesichorus mentioning Theseus and Iphigeneia,,Stesichorus,poem (unspecified),lost,2.22.7,R-reference,,Sanctuary of Eileithyia at Argos founded by Helen,"{""type"": ""Point"", ""coordinates"": [22.7195, 37.6316]}"
494,"Stesichorus says Artemis wrapped deerskin around Actaeon, to not marry Semele",Poem of Stesichorus on Actaeon,,Stesichorus,epic poem,,9.2.3,R-paraphrase,,"Bed of Aktaion, on the road from Eleutherae to Plataea","{""type"": ""GeometryCollection"", ""geometries"": [{""type"": ""LineString"", ""coordinates"": [[23.378785289877243, 38.1775923414086], [23.37578682280636, 38.177283674073664], [23.372788355734286, 38.18014581194029], [23.371967346893342, 38.18171713394398], [23.370146849861044, 38.18171713387105], [23.365135078033944, 38.18508413831401], [23.357849717263264, 38.18958468758538], [23.34364771197599, 38.19583849615219], [23.345662180811757, 38.20161685452106], [23.335793424447814, 38.21240759201444], [23.32098707851125, 38.2086878831017], [23.300238049510483, 38.21311985501271], [23.27898540330031, 38.216127110820025], [23.27386897101914, 38.22038220352388]]}]}"
495,"Stesichorus, Geryoneid on Pallantion",Geryoneid of Stesichorus,Q60791378,Stesichorus,epic poem,lost,8.3.2,R-reference,,Argolid - Arkadia border near Mt. Artemision,"{""type"": ""GeometryCollection"", ""geometries"": [{""type"": ""Polygon"", ""coordinates"": [[[22.475774354441114, 37.654310963973046], [22.507440284004105, 37.571411550419754], [22.521537982781183, 37.57134643717862], [22.488651704535528, 37.65540068883523], [22.475774354441114, 37.654310963973046]]]}]}"
496,"Stesichorus, Iliupersis mentioning Medusa daughter of Priam",Iliupersis of Stesichorus,Q18613325,Stesichorus,epic poem,lost,10.26.9,R-reference,,Lesche of the Knidians,"{""type"": ""Point"", ""coordinates"": [22.5011, 38.48304]}"
497,"Stesichorus, Iliupersis on Apollo bringing Hecuba to Lycia",Iliupersis of Stesichorus,Q18613325,Stesichorus,epic poem,lost,10.27.2,R-paraphrase,,Lesche of the Knidians,"{""type"": ""Point"", ""coordinates"": [22.5011, 38.48304]}"
498,"Stesichorus, Iliupersis on Clymene the captive",Iliupersis of Stesichorus,Q18613325,Stesichorus,epic poem,lost,10.26.1,R-reference,,Lesche of the Knidians,"{""type"": ""Point"", ""coordinates"": [22.5011, 38.48304]}"
499,"Stesichorus, Nostoi on Aristomache wife of Critolaus",Nostoi of Stesichorus,Q1999875,Stesichorus,epic poem,lost,10.26.1,R-reference,,Lesche of the Knidians,"{""type"": ""Point"", ""coordinates"": [22.5011, 38.48304]}"
500,"Stesichorus, Nostoi: Nostoi with no mention of Eurynomus in Hades",Nostoi of Stesichorus,Q1999875,Stesichorus,epic poem,,10.28.7,R-reference,,Lesche of the Knidians,"{""type"": ""Point"", ""coordinates"": [22.5011, 38.48304]}"
501,"Stesichorus, Palinode on Helen of Troy",Palinode of Stesichorus,Q3721371,Stesichorus,epic poem,lost,3.19.13,R-paraphrase,,Menelaion (Lakonia),"{""type"": ""Point"", ""coordinates"": [22.4535, 37.0658]}"
502,Telesilla fr. 719 PMG on Pittheus and the Argives,poems of Telesilla,,Telesilla,hymn,,2.35.2,R-paraphrase,,Hermione,"{""type"": ""Point"", ""coordinates"": [23.243591, 37.385218]}"
503,Telesilla fr. 720 PMG mentioning Artemis Koryphaia sanctuary,poems of Telesilla,,Telesilla,hymn,,2.28.2,R-reference,,Koryphos M.,"{""type"": ""Point"", ""coordinates"": [23.09367, 37.61291]}"
504,Theopompus on Archidamus of Sparta as bribe-taker,historical works of Theopompus,,Theopompus,history,"To help in a war with Thebes the Phocians hired with its wealth independent mercenaries, but they here also aided publicly by the Lacedaemonians and Athenians, the latter calling to mind some old service rendered by the Phocians, the former, too, pretending to be friends when their real reason was, I think, hatred of the Thebans. Theopompus, son of Damasistratus, said that Archidamus himself had a share of the Delphic money, and further that Deinicha the wife of Archidamus, receiving a bribe from the chief men of the Phocians, made Archidamus more ready to bring them reinforcements.",3.10.3,R-paraphrase,https://scaife.perseus.org/reader/urn:cts:greekLit:tlg0525.tlg001.perseus-eng2:3.10.3,Argolid - Lakonia border at the Hermai,"{""type"": ""GeometryCollection"", ""geometries"": [{""type"": ""Polygon"", ""coordinates"": [[[22.527643966812064, 37.31460354773594], [22.53453084312804, 37.3070246533447], [22.538351342393554, 37.307297362478295], [22.530631002613234, 37.3160985404418], [22.527643966812064, 37.31460354773594]]]}]}"
505,"Thucydides, History 3.101 on the Myonians of Locris","Thucydides, History of the Peloponnesian War",Q639493,Thucydides,history,"And when the army was collected at Delphi, Eurylochus sent a herald to the Ozolian Locrians; for the road to Naupactus lay through their territory, and he also wished to induce them to revolt from Athens. Of the Locrians the people of Amphissa co-operated with him chiefly, these being afraid on account of their enmity to the Phocians; and after these had taken the lead in giving him hostages they persuaded the rest, who were afraid of the invading army, to do likewise—first their neighbours the Myoneans, who held the country from which Locris was most difficult of access, then the Ipneans, Messapians, Tritaeeans, Chalaeans, Tolophonians, Hessians and Oeantheans. All these tribes also took part in the expedition. The Olpaeans gave hostages, but did not take the field with the others; and the Hyaeans refused to give hostages until a village of theirs, Polis by name, was taken.",6.19.5,R-reference,https://scaife.perseus.org/reader/urn:cts:greekLit:tlg0003.tlg001.1st1K-eng1:3.101,Sikyonian Treasury at Olympia,"{""type"": ""Point"", ""coordinates"": [21.63066, 37.63905]}"
506,"Pausanias 8.50.3: Timotheus, Persians, quoted to praise Philopoemen",Persians of Timotheus,Q20552834,Timotheus of Miletus,nomos,“Who to Greece gives the great and glorious jewel of freedom”,8.50.3,R-quotation,,Theater of Tegea with statue base of Philopoemen,"{""type"": ""Point"", ""coordinates"": [22.42935, 37.46417]}"
507,"Trophonius oracle, shield of Aristomenes, on Leuctra",hexameter oracle of Trophonius on shield of Aristomenes,,Trophonius,prophecy,"“Or ever ye join battle with the foe, set up a trophy and deck it with my shield, which impetuous Aristomenes the Messenian placed in my temple. And I will destroy the host of foemen bearing shields.”",4.32.5,R-quotation,,Tomb or cenotaph of Aristomenes in Messene,"{""type"": ""Point"", ""coordinates"": [21.9188, 37.1716]}"
508,"Tyrtaeus not recording names of Spartan kings, but 19 years' fighting",Poems of Tyrtaeus,,Tyrtaeus,elegiac poem,lost,4.15.2,R-quotation,,Choirios Nape,"{""type"": ""GeometryCollection"", ""geometries"": [{""type"": ""Polygon"", ""coordinates"": [[[22.143588429711173, 36.94888471665877], [22.18624381440418, 36.95017414417967], [22.223199270082375, 36.95378608209073], [22.248155909035262, 36.960469507191235], [22.25775393867147, 36.96224967963566], [22.262659624143453, 36.98275144390442], [22.284975814421244, 36.99240306697337], [22.277683819340496, 36.9974822900312], [22.25528655397426, 36.98707795027782], [22.249117608796496, 36.96730110791651], [22.220231007097283, 36.9612590436016], [22.193853679994135, 36.956753242978635], [22.16522532799945, 36.956871930927164], [22.14004783897485, 36.95194522129127], [22.143588429711173, 36.94888471665877]]]}]}"
509,Tyrtaeus on harsh Spartan treatment of Messenians,Poems of Tyrtaeus,,Tyrtaeus,elegiac poem,lost,4.14.5,R-quotation,,Choirios Nape,"{""type"": ""GeometryCollection"", ""geometries"": [{""type"": ""Polygon"", ""coordinates"": [[[22.143588429711173, 36.94888471665877], [22.18624381440418, 36.95017414417967], [22.223199270082375, 36.95378608209073], [22.248155909035262, 36.960469507191235], [22.25775393867147, 36.96224967963566], [22.262659624143453, 36.98275144390442], [22.284975814421244, 36.99240306697337], [22.277683819340496, 36.9974822900312], [22.25528655397426, 36.98707795027782], [22.249117608796496, 36.96730110791651], [22.220231007097283, 36.9612590436016], [22.193853679994135, 36.956753242978635], [22.16522532799945, 36.956871930927164], [22.14004783897485, 36.95194522129127], [22.143588429711173, 36.94888471665877]]]}]}"
510,Tyrtaeus on Spartan victory after 20 years,Poems of Tyrtaeus,,Tyrtaeus,elegiac poem,lost,4.13.6,R-quotation,,Choirios Nape,"{""type"": ""GeometryCollection"", ""geometries"": [{""type"": ""Polygon"", ""coordinates"": [[[22.143588429711173, 36.94888471665877], [22.18624381440418, 36.95017414417967], [22.223199270082375, 36.95378608209073], [22.248155909035262, 36.960469507191235], [22.25775393867147, 36.96224967963566], [22.262659624143453, 36.98275144390442], [22.284975814421244, 36.99240306697337], [22.277683819340496, 36.9974822900312], [22.25528655397426, 36.98707795027782], [22.249117608796496, 36.96730110791651], [22.220231007097283, 36.9612590436016], [22.193853679994135, 36.956753242978635], [22.16522532799945, 36.956871930927164], [22.14004783897485, 36.95194522129127], [22.143588429711173, 36.94888471665877]]]}]}"
511,Tyrtaeus on Theopompus of Sparta and conquest of Messenia,Poems of Tyrtaeus,,Tyrtaeus,elegiac poem,lost,4.6.5,R-quotation,,Choirios Nape,"{""type"": ""GeometryCollection"", ""geometries"": [{""type"": ""Polygon"", ""coordinates"": [[[22.143588429711173, 36.94888471665877], [22.18624381440418, 36.95017414417967], [22.223199270082375, 36.95378608209073], [22.248155909035262, 36.960469507191235], [22.25775393867147, 36.96224967963566], [22.262659624143453, 36.98275144390442], [22.284975814421244, 36.99240306697337], [22.277683819340496, 36.9974822900312], [22.25528655397426, 36.98707795027782], [22.249117608796496, 36.96730110791651], [22.220231007097283, 36.9612590436016], [22.193853679994135, 36.956753242978635], [22.16522532799945, 36.956871930927164], [22.14004783897485, 36.95194522129127], [22.143588429711173, 36.94888471665877]]]}]}"
512,Tyrtaeus: Aristomenes active in Second Messenian War,Poems of Tyrtaeus,,Tyrtaeus,elegiac poem,,4.6.5,N-forward reference,,Choirios Nape,"{""type"": ""GeometryCollection"", ""geometries"": [{""type"": ""Polygon"", ""coordinates"": [[[22.143588429711173, 36.94888471665877], [22.18624381440418, 36.95017414417967], [22.223199270082375, 36.95378608209073], [22.248155909035262, 36.960469507191235], [22.25775393867147, 36.96224967963566], [22.262659624143453, 36.98275144390442], [22.284975814421244, 36.99240306697337], [22.277683819340496, 36.9974822900312], [22.25528655397426, 36.98707795027782], [22.249117608796496, 36.96730110791651], [22.220231007097283, 36.9612590436016], [22.193853679994135, 36.956753242978635], [22.16522532799945, 36.956871930927164], [22.14004783897485, 36.95194522129127], [22.143588429711173, 36.94888471665877]]]}]}"
513,Cypria (fr. 15 West)): on Hilaera and Phoebe as daughters of Apollo,Cypria,Q1075630,unknown,epic poem,,3.16.1,R-paraphrase,,Sanctuary of Hilaeira and Phoibe (Leukippides) in Sparta,"{""type"": ""Point"", ""coordinates"": [22.4237, 37.0821]}"
514,Cypria (fr.22 West) on Polydora the wife of Protesilaus,Cypria,Q1075630,unknown,epic poem,(lost),4.2.7,R-paraphrase,,Choirios Nape,"{""type"": ""GeometryCollection"", ""geometries"": [{""type"": ""Polygon"", ""coordinates"": [[[22.143588429711173, 36.94888471665877], [22.18624381440418, 36.95017414417967], [22.223199270082375, 36.95378608209073], [22.248155909035262, 36.960469507191235], [22.25775393867147, 36.96224967963566], [22.262659624143453, 36.98275144390442], [22.284975814421244, 36.99240306697337], [22.277683819340496, 36.9974822900312], [22.25528655397426, 36.98707795027782], [22.249117608796496, 36.96730110791651], [22.220231007097283, 36.9612590436016], [22.193853679994135, 36.956753242978635], [22.16522532799945, 36.956871930927164], [22.14004783897485, 36.95194522129127], [22.143588429711173, 36.94888471665877]]]}]}"
515,Cypria on Eurydice as wife of Aeneas,Cypria,Q1075630,unknown,epic poem,lost,10.26.1,R-reference,,Lesche of the Knidians,"{""type"": ""Point"", ""coordinates"": [22.5011, 38.48304]}"
516,Cypria on name of Neoptolemus or Pyrrus,Cypria,Q1075630,unknown,epic poem,lost,10.26.4,R-paraphrase,,Lesche of the Knidians,"{""type"": ""Point"", ""coordinates"": [22.5011, 38.48304]}"
517,Cypria on the murder of Palamedes by Odysseus and Diomedes,Cypria,Q1075630,unknown,epic poem,lost,10.31.2,R-paraphrase,,Lesche of the Knidians,"{""type"": ""Point"", ""coordinates"": [22.5011, 38.48304]}"
518,Little Iliad fr. 7 West on Machaon killed by Eurypylus,Little Iliad,Q2087365,unknown,epic poem,,3.26.9,R-paraphrase,,Gerenia (Messenia),"{""type"": ""Point"", ""coordinates"": [22.195, 36.934]}"
519,Little Iliad on Deinome as woman at Troy,Little Iliad,Q2087365,unknown,epic poem,,10.26.2,R-reference,,Lesche of the Knidians,"{""type"": ""Point"", ""coordinates"": [22.5011, 38.48304]}"
520,Memoirs on Pyrrhus: Pausanias refers to reading about the deeds of Pyrrhus,Memoirs on Pyrrhus,,unknown,history,,1.12.2,R-reference,,Odeion of Agrippa (Athens Agora),"{""type"": ""Point"", ""coordinates"": [23.723135000000003, 37.975124]}"
521,Oedipodea (fr.2 (Davies)): on Euryganeia as mother of Oedipus' children,Oedipodea,Q1725880,unknown,epic poem,,9.5.11,R-reference,,Platais - Thebais border at Asopos river,"{""type"": ""GeometryCollection"", ""geometries"": [{""type"": ""Polygon"", ""coordinates"": [[[23.282037585248275, 38.262346911330866], [23.28341770612292, 38.259214861874426], [23.29430988663492, 38.26282873800801], [23.29139528312203, 38.266562673068336], [23.282037585248275, 38.262346911330866]]]}]}"
522,Europea poem says Amphion learned harping from Hermes,"poem on Europa, author unknown to Pausanias",,unknown,poem (unspecified),lost,9.5.8,R-paraphrase,,Platais - Thebais border at Asopos river,"{""type"": ""GeometryCollection"", ""geometries"": [{""type"": ""Polygon"", ""coordinates"": [[[23.282037585248275, 38.262346911330866], [23.28341770612292, 38.259214861874426], [23.29430988663492, 38.26282873800801], [23.29139528312203, 38.266562673068336], [23.282037585248275, 38.262346911330866]]]}]}"
523,Thesprotis (Telegony fr. 3 West): on fate of Penelope,Thesprotis,Q18692166,unknown,epic poem,,8.12.5,R-paraphrase,,Stadium of Ladas near Mantineia,"{""type"": ""Point"", ""coordinates"": [22.3154, 37.7247]}"
524,Thesprotis on Penelope and Odysseus remaining together,Thesprotis,Q18692166,unknown,epic poem,,8.12.5,,,Stadium of Ladas near Mantineia,"{""type"": ""Point"", ""coordinates"": [22.3154, 37.7247]}"
525,"Pythian games victors' list, on Parapotamioi as city",List of Pythian games victors,,unknown,history,,10.33.8,R-reference,,Parapotamioi,"{""type"": ""Point"", ""coordinates"": [22.806, 38.554]}"
526,elegiac verses on Coroebus and Psamathe on his tomb,elegiac verses on Coroebus and Psamathe on his tomb,,unknown,elegiac poem,,1.43.8,R-reference,,Megara,
527,bronze hydria with Mystery texts,bronze hydria with Mystery texts,,unknown,ritual text,,4.26.8,R-reference,,,
528,"Writings to be read at Great Mysteries of Pheneus, contained in Petroma rock","Writings to be read at Great Mysteries of Pheneus, contained in Petroma rock",,unknown,ritual text,,8.15.2,R-reference,,Pheneus,
529,unidentified work quoting Epaminondas replying to Agesilaus,unidentified work quoting Epaminondas,,unknown author,history,"Later on, when Epaminondas had come to Sparta as an envoy, what time the Lacedemonians said they were concluding with the Greeks the peace called the Peace of Antalcidas, Agesilaus asked him whether they would allow each Boeotian city to swear to the peace separately. He replied: “No, Spartans, not before we see your perioikoi taking the oath city by city.”",9.13.2,R-quotation,,Agora in the acropolis of Thebes,"{""type"": ""Point"", ""coordinates"": [23.3178, 38.3209]}"
530,Xenocleia oracle on Heracles and the tripod,Oracles of Xenocleia at Delphi,,Xenokleia,prophecy,"Then there was another Heracles, of Tiryns, not the Canopian.",10.13.8,R-quotation,,Sanctuary of Pythian Apollo at Delphi,"{""type"": ""Point"", ""coordinates"": [22.50151, 38.48254]}"
531,"Xenophon, Hellenica on the Theban-Spartan wars and Leuctra",Xenophon's Hellenica,Q674638,Xenophon,history,"Xenophon among others has written a history of the whole war — the taking of the Cadmea (5/2/8ff), the defeat of the Lacedemonians at Leuctra (6.4.8 ff), how the Boeotians invaded the Peloponnesus, and the contingent sent to the Lacedemonians from the Athenians.",1.3.4,R-reference,,Stoa of Zeus Eleutherios (Athens Agora),"{""type"": ""Point"", ""coordinates"": [23.722163, 37.975843]}"
532,Zeus oracle at Dodona on not killing suppliant Spartans,oracles of Zeus at Dodona,,Zeus,prophecy,"“Consider the Areopagus, and the smoking altars <br>Of the Eumenides, where the Lacedemonians are to be thy suppliants, <br>When hard-pressed in war. Kill them not with the sword, <br>And wrong not suppliants. For suppliants are sacred and holy.”",7.25.1,R-quotation,,Helike,"{""type"": ""Point"", ""coordinates"": [22.14015, 38.22257]}"
533,"Gorgon shield on Zeus temple at Olympia, spoils from Battle of Tanagra",gold shield with Gorgon Medusa on Zeus temple at Olympia (5.10.4),,,,"“The temple has a golden shield; from Tanagra. The Lacedemonians and their allies dedicated it, a gift taken from the Argives, Athenians and Ionians, The tithe offered for victory in war.”",5.10.4,R-quotation,,Temple of Zeus at Olympia,"{""type"": ""Point"", ""coordinates"": [21.63042, 37.63794]}"
534,"inscribed altar of Moeragetes (Zeus), label",inscribed altar of Moeragetes,,,,“to the Moiragetes (bringer of fate).”,5.15.5,R-quotation,,Hippodrome (Olympia),"{""type"": ""Point"", ""coordinates"": [21.6336, 37.637]}"
535,"inscribed base to Aphrodite Symmachia, Mantineia, on Nicippe","inscribed base of vanished agalma of Aphrodite Symmachia, Mantineia (8.9.6)",,,,,8.9.6,R-reference,,"Temple of Aphrodite Symmachia at Mantineia, behind theater","{""type"": ""Point"", ""coordinates"": [22.3933, 37.6181]}"
536,"Inscribed brass heart, Lernaean mysteries not by Philammon",Brass heart plaque with text related to Lernaean mysteries (2.37.3),,,,,2.37.2,R-paraphrase,,Sacred grove at Pontinos mountain,"{""type"": ""Point"", ""coordinates"": [22.6973, 37.55]}"
537,inscribed tablet denouncing treachery of Aristocrates,"inscribed tablet in sanctuary of Lycaean Zeus, on Aristocrates",,,,"“Truly time hath declared justice upon an unjust king <br>And with the help of Zeus<> hath easily declared the betrayer of Messene. <br>Hard it is for a man forsworn to hide from God. <br>Hail, king Zeus, and keep Arcadia safe.”",4.22.7,R-quotation,,Choirios Nape,"{""type"": ""GeometryCollection"", ""geometries"": [{""type"": ""Polygon"", ""coordinates"": [[[22.143588429711173, 36.94888471665877], [22.18624381440418, 36.95017414417967], [22.223199270082375, 36.95378608209073], [22.248155909035262, 36.960469507191235], [22.25775393867147, 36.96224967963566], [22.262659624143453, 36.98275144390442], [22.284975814421244, 36.99240306697337], [22.277683819340496, 36.9974822900312], [22.25528655397426, 36.98707795027782], [22.249117608796496, 36.96730110791651], [22.220231007097283, 36.9612590436016], [22.193853679994135, 36.956753242978635], [22.16522532799945, 36.956871930927164], [22.14004783897485, 36.95194522129127], [22.143588429711173, 36.94888471665877]]]}]}"
538,Iphitus inscription at Olympia: on Iphitus as son of Haemus,Iphitus inscription at Olympia,,,,,5.4.6,R-paraphrase,,Messenia-Eleia border at Neda river,"{""type"": ""GeometryCollection"", ""geometries"": [{""type"": ""Polygon"", ""coordinates"": [[[21.679447516607297, 37.377855796409506], [21.69308574928442, 37.383549915396586], [21.70656257510359, 37.3919005637385], [21.73281320051933, 37.392128991291955], [21.736408366160447, 37.390560791808994], [21.765853660145467, 37.39367544934754], [21.7695169571287, 37.400983291326355], [21.733481582057408, 37.39813684282345], [21.704581740057193, 37.39765182548311], [21.676920510091378, 37.386169691588165], [21.679447516607297, 37.377855796409506]]]}]}"
539,"Phidias, Inscription on chryselephantine Zeus statue at Olympia, naming Phidias as artist",Olympian Zeus statue by Phidias at Olympia (5.11.1),,,,"“Pheidias, son of Charmides, an Athenian, made me.”",5.10.2,R-quotation,,Temple of Zeus at Olympia,"{""type"": ""Point"", ""coordinates"": [21.63042, 37.63794]}"
540,Simonides' epigram on Philon on Philon of Corcyra,Simonides' epigram on Philon,,,,"“My fatherland is Corcyra, and my name is Philon; I am the son of Glaucus, and I won two Olympic victories for boxing.”",6.9.9,R-quotation,,Olympia,"{""type"": ""Point"", ""coordinates"": [21.630126, 37.637849]}"
541,"Elegiac verses inscribed at statue of Zeus Horkios, Olympia",Bronze tablet with verses to inspire fear of Zeus Horkios,,,,lost,5.24.10,R-reference,,Altis sacred grove (Olympia),"{""type"": ""Point"", ""coordinates"": [21.62975, 37.63754]}"
542,Apollonia dedication at Olympia on tithe from Thronion,"Marble base with Statues: Zeus, Thetis, Hemera, etc., dedication of Apollonia at Olympia (5.22.2-3)",,,,"“As memorials of Apollonia have we been dedicated, which on the Ionian Sea Phoebus founded, he of the unshorn locks. The Apollonians, after taking the land of Abantis, set up here These images with heaven's help, tithe from Thronium.”",5.22.3,R-quotation,,Altis sacred grove (Olympia),"{""type"": ""Point"", ""coordinates"": [21.62975, 37.63754]}"
543,"Athenian tithe inscription from Marathon, Delphi","Athenian tithe from Marathon: Athena, Apollo, Miltiades, tribal heroes Delphi (10.10.1)",,,,lost,10.10.1,R-paraphrase,,Sanctuary of Pythian Apollo at Delphi,"{""type"": ""Point"", ""coordinates"": [22.50151, 38.48254]}"
544,"Athenian tithe inscription from sea battle near Rion, Delphi:","Athenian tithe, shields and rams from sea battle near Rion, Delphi (10.11.6)",,,,,10.11.6,R-paraphrase,,Athenian Treasury at Delphi,"{""type"": ""Point"", ""coordinates"": [22.501279, 38.481828]}"
545,bronze shields in Stoa Poikile from Scioneans,"bronze shields, spoils from Scionians and Sphacteria, Stoa Poikile",,,,,1.15.4,R-paraphrase,,Stoa Poikile (Athens),"{""type"": ""Point"", ""coordinates"": [23.722650000000005, 37.97635]}"
546,"Bronze Statues, daughters of Proetus?, Sicyon","Bronze Statues, daughters of Proetus?, Sicyon (2.9.8)",,,,,2.9.8,R-artwork label,,Sanctuary of Apollo Lykios at Sikyon,"{""type"": ""Point"", ""coordinates"": [22.7145, 37.9834]}"
547,Byzes epigram on Naxos names Byzes as inventor of marble roof tiles,"images on Naxos by Byzes, father of Euergus",,,,"“To the offspring of Leto was I dedicated by Euergus, A Naxian, son of Byzes, who first made tiles of stone.”",5.10.3,R-quotation,,Temple of Zeus at Olympia,"{""type"": ""Point"", ""coordinates"": [21.63042, 37.63794]}"
548,chest of Cypselus: labeling Apollo and the Muses,"chest of Cypselus in Hera temple, Olympia (5.17.5-11; 5.18.1-8; 5.19.1-9)",,,,"“This is Leto's son, prince Apollo, far-shooting; <br>Around him are the Muses, a graceful choir, whom he is leading.”",5.18.4,R-quotation,,Temple of Hera at Olympia,"{""type"": ""Point"", ""coordinates"": [21.62976, 37.63887]}"
549,chest of Cypselus: on Atlas,"chest of Cypselus in Hera temple, Olympia (5.17.5-11; 5.18.1-8; 5.19.1-9)",,,,"“Here is Atlas holding heaven, but he will let go the apples.”",5.18.4,R-quotation,,Temple of Hera at Olympia,"{""type"": ""Point"", ""coordinates"": [21.62976, 37.63887]}"
550,chest of Cypselus: on Hermes and judgement of Paris,"chest of Cypselus in Hera temple, Olympia (5.17.5-11; 5.18.1-8; 5.19.1-9)",,,,"“Here is Hermes, who is showing to Alexander, that he may arbitrate Concerning their beauty, Hera, Athena and Aphrodite.”",5.19.5,R-quotation,,Temple of Hera at Olympia,"{""type"": ""Point"", ""coordinates"": [21.62976, 37.63887]}"
551,chest of Cypselus: on Idas and Marpessa,"chest of Cypselus in Hera temple, Olympia (5.17.5-11; 5.18.1-8; 5.19.1-9)",,,,"“Idas brings back, not against her will, Fair-ankled Marpessa, daughter of Evenus, whom Apollo carried off.”",5.18.2,R-quotation,,Temple of Hera at Olympia,"{""type"": ""Point"", ""coordinates"": [21.62976, 37.63887]}"
552,"chest of Cypselus: on Iphidamas, Coon, and Agamemnon","chest of Cypselus in Hera temple, Olympia (5.17.5-11; 5.18.1-8; 5.19.1-9)",,,,"inscription above the corpse of Iphidamas runs: “Iphidamas, and this is Coon fighting for him.” The inscription on the shield of Agamemnon runs: “This is the Phobos of mortals: he who holds him is Agamemnon.”",5.19.4,R-quotation,,Temple of Hera at Olympia,"{""type"": ""Point"", ""coordinates"": [21.62976, 37.63887]}"
553,chest of Cypselus: on marriage of Jason and Medea,"chest of Cypselus in Hera temple, Olympia (5.17.5-11; 5.18.1-8; 5.19.1-9)",,,,"“Jason weds Medeia, as Aphrodite bids.”",5.18.2,R-quotation,,Temple of Hera at Olympia,"{""type"": ""Point"", ""coordinates"": [21.62976, 37.63887]}"
554,chest of Cypselus: on the Dioscuri carrying off Helen and Aethra,"chest of Cypselus in Hera temple, Olympia (5.17.5-11; 5.18.1-8; 5.19.1-9)",,,,"“The sons of Tyndareus are carrying off Helen, and are dragging Aethra from Athens.”",5.19.3,R-quotation,,Temple of Hera at Olympia,"{""type"": ""Point"", ""coordinates"": [21.62976, 37.63887]}"
555,"Endoeus, inscription on statue of Athena, naming Callias as dedicator, Endoeus as sculptor","Seated statue of Athena by Endoeus, Athens (1.26.4)",,,,,1.26.4,R-paraphrase,,Athenian Acropolis (Athens),"{""type"": ""Point"", ""coordinates"": [23.7257, 37.9717]}"
556,Epidaurus Cure inscriptions on Halieis,cure inscriptions on six stelai at Epidauros Asklepieion,,,,,2.36.1,R-reference,,road Hermione to Mases,"{""type"": ""GeometryCollection"", ""geometries"": [{""type"": ""LineString"", ""coordinates"": [[23.24294977042001, 37.38663320029521], [23.23516041086492, 37.39091457171442], [23.23060483616797, 37.39145179904037], [23.228641853432464, 37.39441770439508], [23.226478024038954, 37.39566912790208], [23.197904106300314, 37.39079456941582], [23.18336368278699, 37.391372524122104], [23.17685676172667, 37.38757840866596], [23.158488134123246, 37.386423202065316], [23.141783949333842, 37.413602484868136]]}]}"
557,"epigram on house of Amphitryon in Thebes, on builders",epigram on house of Amphitryon in Thebes,,,,"(lost): “When Amphitryon was about to bring hither his bride Alcmena, he chose this as a chamber for himself. <br>Anchasian Trophonius and Agamedes made it.”",9.11.1,R-quotation,,"House of Amphitryon in Thebes, in ruins, left of the Electra gate","{""type"": ""Point"", ""coordinates"": [23.3178, 38.3191]}"
558,Epigram on Oinopion's tomb in Chios,Epigram on Oinopion's tomb in Chios,,,,,7.5.12,R-reference,,Eleia - Achaia border at Larisos river,"{""type"": ""GeometryCollection"", ""geometries"": [{""type"": ""Polygon"", ""coordinates"": [[[21.417484105225526, 38.10291174798513], [21.42525995805383, 38.09244438760399], [21.429829800275428, 38.095387083549724], [21.42206202659756, 38.10509343476093], [21.417484105225526, 38.10291174798513]]]}]}"
559,"Hadrian, benefaction inscription, Athens: Hadrian as eponymous hero",Inscription listing Hadrian's benefactions in Pantheon of Athens (1.5.5),,,,,1.5.5,O-Politics,,Monument of the Eponymous Heroes in Agora of Athens,"{""type"": ""Point"", ""coordinates"": [23.72239, 37.9751]}"
560,Inscription on chariot statue of Cleosthenes of Epidamnus,Chariot and team of Cleosthenes of Epidamnus at Olympia (6.10.6-8),,,,"“Cleosthenes, son of Pontis, a native of Epidamnus, dedicated me <br>After winning with his horses a victory in the glorious games of Zeus.”",6.10.7,R-quotation,,Olympia,"{""type"": ""Point"", ""coordinates"": [21.630126, 37.637849]}"
561,inscription on Eros altar at the Academy that Charmus was first to dedicate,inscription of Eros altar at the Academy (1.30.1),,,,,1.30.1,R-paraphrase,,"Eros at the Academy altar, Athens","{""type"": ""Point"", ""coordinates"": [23.707, 37.992]}"
562,"inscription on Tomb of Coroebus of Elis, first Olympic victor",inscription on Tomb of Coroebus on Heraea Elis border,,,,,8.26.4,R-paraphrase,,"Tomb of Coroebus, Eleian border with Heraia","{""type"": ""Point"", ""coordinates"": [21.798, 37.599]}"
563,"inscription on Tomb of Phytalus, Athens, on welcoming Demeter","inscription on Tomb of Phytalus, Athens",,,,"“Hero and king, Phytalus here welcome gave to Demeter,August goddess, when first she created fruit of the harvest; Sacred fig is the name which mortal men have assigned it. Whence Phytalus and his race have gotten honours immortal.”",1.37.2,R-quotation,,Tomb of Phytalos at his house on Sacred Way,"{""type"": ""Point"", ""coordinates"": [23.682, 37.992]}"
564,Inscriptions on Sicyonian Treasury at Olympia giving weight of bronze,Inscriptions on Sicyonian Treasury at Olympia,,,,,6.19.4,R-paraphrase,,Sikyonian Treasury at Olympia,"{""type"": ""Point"", ""coordinates"": [21.63066, 37.63905]}"
565,"Micon, painting naming daughters of Pelias",Painting by Micon naming Pelias's daughter Asteropeia and Antinoë (8.11.3),,,,,8.11.3,R-reference,,Tombs of the daughters of Pelias near Mantineia,"{""type"": ""Point"", ""coordinates"": [22.40816, 37.60256]}"
566,"painting, battle of Mantinea: labels","painting, battle of Mantinea, Kerameikos/Agora (1.3.4)",,,,,8.11.6,R-artwork label,,Pelagos oak forest 30 stades from Mantineia on Tegea road,"{""type"": ""Point"", ""coordinates"": [22.416, 37.578]}"
567,"Polygnotus, Painting of Odysseus in the underworld","Painting: Odysseus in the underworld, Delphi (10.28.1 - 31, 12)",,,,lost,10.29.1,R-artwork label,,Lesche of the Knidians,"{""type"": ""Point"", ""coordinates"": [22.5011, 38.48304]}"
568,Pillar of Oenomaus bronze inscription identifying it as from house of Oenomaus,"Pillar of Oenomaus, wooden, with bronze inscription",,,,"“Stranger, I am a remnant of a famous house, <br>I, who once was a pillar in the house of Oenomaus; <br>Now by Cronus' son I lie with these bands upon me, <br>A precious thing, and the baleful flame of fire consumed me not.”",5.20.7,R-quotation,,House of Oenomaus at Olympia (foundations),"{""type"": ""Point"", ""coordinates"": [21.62975, 37.63754]}"
569,Pyrrhus dedication of Celtic spoils to Athena Itonia,Pyrrhus' dedication to Athena Itonia in Thessaly,,,,,1.13.2,R-quotation,,Odeion of Agrippa (Athens Agora),"{""type"": ""Point"", ""coordinates"": [23.723135000000003, 37.975124]}"
570,Pyrrhus dedication of Macedonian spoils to Zeus at Dodona,Pyrrhus' dedication of Macedonian spoils at Dodona,,,,,1.13.3,R-quotation,,Odeion of Agrippa (Athens Agora),"{""type"": ""Point"", ""coordinates"": [23.723135000000003, 37.975124]}"
571,Pausanias 8.37.2 Tablet at Lykosoura with information on the ritual,Notice board on wall of stoa at Lykosoura regarding the rite,,,,"In the portico by the Mistress there is, between the reliefs I have mentioned, a tablet with descriptions[*] of the mysteries.",8.37.2,D-Ritual,,Sanctuary of Despoina at Lykosoura,"{""type"": ""Point"", ""coordinates"": [22.03143, 37.38957]}"
572,"Relief stele of Polybios with inscription, at Megalopolis agora","Relief stele of Polybios with inscription, Megalopolis (8.30.8-9)",,,,,8.30.8,R-paraphrase,,Bouleuterion of Megalopolis left of portrait of Polybios,"{""type"": ""Point"", ""coordinates"": [22.1273, 37.4124]}"
573,"Relief stele: horse, Olympia: sons of Pheidolas claiming two Olympic victories","Relief stele: horse, Olympia (6.13.10)",,,,“The swift Lycus by one victory at the Isthmus and two here <br>Crowned the house of the sons of Pheidolas.” <br>But the inscription is at variance with the Elean records of Olympic victors. These records give a victory to the sons of Pheidolas at the sixty-eighth Olympiad [508 BCE] but at no other.,6.13.10,R-quotation,,Olympia,"{""type"": ""Point"", ""coordinates"": [21.630126, 37.637849]}"
574,"Shield of Cydias in Zeus Eleutherios stoa, Athens from Gallic War, Athens","Shield of Cydias in Zeus Eleutherios stoa, Athens",,,,"Here hang I, yearning for the still youthful bloom of Cydias, The shield of a glorious man, an offering to Zeus. I was the very first through which at this battle he thrust his left arm, When furious Ares was at his peak against the Gaul.",10.21.5,R-quotation,,Temple of Apollo at Delphi,"{""type"": ""Point"", ""coordinates"": [22.5012215, 38.4823167]}"
575,Six Zanes at Olympia as fine of Callippus for bribery (5.21.5-7),Six Zanes at Olympia as fine of Callippus 5.21.5-7),,,,,5.21.6,R-paraphrase,,Altis sacred grove (Olympia),"{""type"": ""Point"", ""coordinates"": [21.62975, 37.63754]}"
576,Six Zanes erected at Olympia as fine of Eupolus,Six Zanes erected at Olympia as fine of Eupolus (5.21.3),,,,,5.21.4,R-paraphrase,,Altis sacred grove (Olympia),"{""type"": ""Point"", ""coordinates"": [21.62975, 37.63754]}"
577,Standing statue: Demeter in Athens with inscription naming Praxiteles,"Standing statue: Demeter in group with Kore and Iakchos, Athens (1.2.4)",,,,,1.2.4,R-artwork label,,Pompeion (Athens),"{""type"": ""Point"", ""coordinates"": [23.7188, 37.9782]}"
578,"statue epigram: Agemachos, Olympia shows Argos at birthplace","Portrait statue: Agemachos (athlete), Olympia (6.13.7)",,,,,6.13.7,R-paraphrase,,Olympia,"{""type"": ""Point"", ""coordinates"": [21.630126, 37.637849]}"
579,"statue epigram: Agesarchus, Olympia saying Tritaeans are Arcadians","Portrait statue: Agesarchos (athlete), Olympia (6.12.8-9)",,,,,6.12.8,R-paraphrase,,Olympia,"{""type"": ""Point"", ""coordinates"": [21.630126, 37.637849]}"
580,"statue epigram: Aristeides, Olympia, victor of horse-course race","Portrait statue: Aristeides (athlete), Olympia (6.16.4)",,,,,6.16.4,R-paraphrase,,Olympia,"{""type"": ""Point"", ""coordinates"": [21.630126, 37.637849]}"
581,"statue epigram: Chaireas, Olympia with patronymic and artist","Portrait statue: Chaireas (athlete), Olympia (6.3.1)",,,,,6.3.1,R-paraphrase,,Olympia,"{""type"": ""Point"", ""coordinates"": [21.630126, 37.637849]}"
582,"Statue epigram: Cheilon, Olympia","Portrait statue: Cheilon (athlete), Olympia (6.4.6-7)",,,,,6.4.6,R-paraphrase,,Olympia,"{""type"": ""Point"", ""coordinates"": [21.630126, 37.637849]}"
583,Statue epigram: Cynisca at Olympia as unique in Sparta,"Statue on marble base: Cynisca with horse chariot and chariot harness, Olympia (6.1.6)",,,,,3.8.2,R-reference,,Argolid - Lakonia border at the Hermai,"{""type"": ""GeometryCollection"", ""geometries"": [{""type"": ""Polygon"", ""coordinates"": [[[22.527643966812064, 37.31460354773594], [22.53453084312804, 37.3070246533447], [22.538351342393554, 37.307297362478295], [22.530631002613234, 37.3160985404418], [22.527643966812064, 37.31460354773594]]]}]}"
584,"statue epigram: Damarchos, Olympia not turning into wolf","Portrait statue: Damarchos (athlete), Olympia (6.8.2)",,,,,6.8.2,R-quotation,,Olympia,"{""type"": ""Point"", ""coordinates"": [21.630126, 37.637849]}"
585,statue epigram: Damaretos and Theopompus at Olympia,"Portrait statue: Damaretos (athlete), Olympia (6.10.4-5)",,,,"“Eutelidas and Chrysothemis made these works, Argives, who learnt their art from those who lived before.”",6.10.5,R-quotation,,Olympia,"{""type"": ""Point"", ""coordinates"": [21.630126, 37.637849]}"
586,"statue epigram: Epameinondas as oikistes, Thebes","Portrait statue of Epameinondas with elegiac verse, Thebes (9.12.6; 9.15.6)",,,,"On the statue of Epaminondas is an inscription in elegiac verse relating among other things that he founded Messene, and that through him the Greeks won freedom. The elegiac verses are these: “By my counsels was Sparta shorn of her glory, And holy Messene received at last her children. By the arms of Thebes was Megalopolis encircled with walls, And all Greece won independence and freedom.”",9.15.6,R-quotation,,Agora in the acropolis of Thebes,"{""type"": ""Point"", ""coordinates"": [23.3178, 38.3209]}"
587,"statue epigram: Eperastos, saying he is seer of the Clytidae","Portrait statue: Eperastos (athlete), Olympia (6.17.5-6)",,,,"“Of the stock of the sacred-tongued Clytidae I boast to be, Their soothsayer, the scion of the god-like Melampodidae.”",6.17.6,R-quotation,,Olympia,"{""type"": ""Point"", ""coordinates"": [21.630126, 37.637849]}"
588,"statue epigram: Eupolemos, Olympia, listing victories","Portrait statue: Eupolemos (athlete), Olympia (6.3.7)",,,,,6.3.7,R-paraphrase,,Olympia,"{""type"": ""Point"", ""coordinates"": [21.630126, 37.637849]}"
589,"statue epigram: Gnathon, Olympia","Portrait statue: Gnathon (athlete), Olympia (6.7.9)",,,,,6.7.9,R-paraphrase,,Olympia,"{""type"": ""Point"", ""coordinates"": [21.630126, 37.637849]}"
590,"Statue epigram: inscription by Cleoetas on statue in Athens, on inventing the hysplex at Olympia","Statue: man with helmet (general), Acropolis of Athens (1.24.3)",,,,"“Who first invented the method of starting the horses at Olympia, He made me, Cleoetas the son of Aristocles.”",6.20.14,R-quotation,,Hippodrome (Olympia),"{""type"": ""Point"", ""coordinates"": [21.6336, 37.637]}"
591,"statue epigram: Lysander, Olympia: two inscriptions by the Samians","Portrait statue: Lysandros (general, politician), Olympia (6.3.14)",,,,"“In the much-seen precinct of Zeus, ruler on high, I stand, dedicated at public expense by the Samians.”  “Deathless glory by thy achievements, for fatherland and for Aristocritus, Lysander, hast thou won, and art famed for valour.”",6.3.14,R-quotation,,Olympia,"{""type"": ""Point"", ""coordinates"": [21.630126, 37.637849]}"
592,"statue epigram: Molpion, Olympia:","Portrait statue: Molpion, Olympia (6.4.8)",,,,,6.4.8,R-paraphrase,,Olympia,"{""type"": ""Point"", ""coordinates"": [21.630126, 37.637849]}"
593,"statue epigram: Oibotas, Olympia: on Dyme as Paleia","Portrait statue: Oibotas (athlete), Olympia (6.3.8; 7.17.6-7,13-14)",,,,"“This Oebotas, an Achaean, the son of Oenias, by winning the foot-race, Added to the renown of his fatherland Paleia.”",7.17.6,R-quotation,,Dyme,"{""type"": ""Point"", ""coordinates"": [21.551425, 38.144625]}"
594,"statue epigram: Pantarces, Olympia dedicated by Achaeans","Honorific portrait of Pantarces the Elean diplomat, Olympia (6.15.2)",,,,,6.15.2,R-paraphrase,,Olympia,"{""type"": ""Point"", ""coordinates"": [21.630126, 37.637849]}"
595,Statue epigram: Philopoimen at Tegea,lost bronze statue of Philopoimen at theater of Tegea (8.49.1; 8.52.6),,,,,8.52.6,R-quotation,,Theater of Tegea with statue base of Philopoemen,"{""type"": ""Point"", ""coordinates"": [22.42935, 37.46417]}"
596,Statue epigram: Polycles of Sparta,"Statue Group: Polykles (athlete) and two youths, Olympia (6.1.7-8)",,,,,6.1.8,R-paraphrase,,Olympia,"{""type"": ""Point"", ""coordinates"": [21.630126, 37.637849]}"
597,"Statue epigram: Poseidon Hippios, Pheneos, instructions of Odysseus","Statue: Poseidon Hippios, Pheneos (8.14.5)",,,,"On the base of the image the people of Pheneus pointed out to me writing, purporting to be instructions of Odysseus to those tending his mares.",8.14.6,R-paraphrase,,Pheneos acropolis,"{""type"": ""Point"", ""coordinates"": [22.307, 37.9117]}"
598,"statue epigram: Samian boxer, Olympia, by his coach, praising Samians","Portrait statue of unnamed Samian boxer, Olympia (6.2.9)",,,,,6.2.9,R-paraphrase,,Altis sacred grove (Olympia),"{""type"": ""Point"", ""coordinates"": [21.62975, 37.63754]}"
599,"statue epigram: the Lydian Adrastos, who fought in Lamian War against Leonnatus","Portrait statue of the Lydian Adrastos, Lydia ((7.6.6))",,,,,7.6.6,R-paraphrase,,Eleia - Achaia border at Larisos river,"{""type"": ""GeometryCollection"", ""geometries"": [{""type"": ""Polygon"", ""coordinates"": [[[21.417484105225526, 38.10291174798513], [21.42525995805383, 38.09244438760399], [21.429829800275428, 38.095387083549724], [21.42206202659756, 38.10509343476093], [21.417484105225526, 38.10291174798513]]]}]}"
600,"statue epigram: Timon, Olympia on Elean boycott of the Isthmian games","Portrait statue of Timon (pentathlete), Olympia (5.2.5; 6.16.2)",,,,“But from going to the land of Sisyphus he was hindered by a quarrel <br>About the baleful death of the Molionids.” The inscription on his statue adds that he joined the Aetolians in their expedition against the Thessalians and became leader of the garrison at Naupactus because of his friendship with the Aetolians.,6.16.2,R-paraphrase,,Olympia,"{""type"": ""Point"", ""coordinates"": [21.630126, 37.637849]}"
601,"Statue epigram: unnamed man, erected by Ptolemy I, Olympia calling himself Macedonian","Statue: unnamed man, erected by Ptolemy I, Olympia (6.3.1)",,,,,6.3.1,R-paraphrase,,Olympia,"{""type"": ""Point"", ""coordinates"": [21.630126, 37.637849]}"
602,"statue epigram: Xenodamos, Antikyra on his Olympic victory in Pankration","Portrait statue: Xenodamos (athlete), Antikyra (10.36.8)",,,,lost,10.36.9,R-paraphrase,,Antikyra,"{""type"": ""Point"", ""coordinates"": [22.626059, 38.375439]}"
603,statue epigram: Xenodikos at Olympia,Standing statue of Xenodikos at Olympia (6.14.12),,,,,6.14.12,R-paraphrase,,Olympia,"{""type"": ""Point"", ""coordinates"": [21.630126, 37.637849]}"
604,Statue of the Athenian Methapos: on Lycus son of Pandion,"Statue of the Athenian Methapos, hut of the Lycomidae (4.1.7)",,,,,4.1.7,R-quotation,,Choirios Nape,"{""type"": ""GeometryCollection"", ""geometries"": [{""type"": ""Polygon"", ""coordinates"": [[[22.143588429711173, 36.94888471665877], [22.18624381440418, 36.95017414417967], [22.223199270082375, 36.95378608209073], [22.248155909035262, 36.960469507191235], [22.25775393867147, 36.96224967963566], [22.262659624143453, 36.98275144390442], [22.284975814421244, 36.99240306697337], [22.277683819340496, 36.9974822900312], [22.25528655397426, 36.98707795027782], [22.249117608796496, 36.96730110791651], [22.220231007097283, 36.9612590436016], [22.193853679994135, 36.956753242978635], [22.16522532799945, 36.956871930927164], [22.14004783897485, 36.95194522129127], [22.143588429711173, 36.94888471665877]]]}]}"
605,Statue: Caesar Augustus or Orestes at Argive Heraion,"Portrait statue: Caesar Augustus (politician) or Orestes ?, Argos (2.17.3)",,,,,2.17.3,R-paraphrase,,Argive Heraion (Argolid),"{""type"": ""Point"", ""coordinates"": [22.7747, 37.6919]}"
606,Stele for Hippolytus at Epidaurus dedicating 20 horses to Asclepius,stele honoring Hippolytus at the Asclepieion of Epidaurus,,,,,2.27.4,R-paraphrase,,Asklepieion of Epidauros,"{""type"": ""Point"", ""coordinates"": [23.075, 37.597]}"
607,"Stele listing Chionis' victories at Olympia, clearly much later than Chionis",Stele listing Chionis' victories at Olympia (6.13.2),,,,,6.13.2,R-paraphrase,,Olympia,"{""type"": ""Point"", ""coordinates"": [21.630126, 37.637849]}"
608,"stele of Deinosthenes of Lacedaimon, Olympia, with distance to Sparta","portrait statue and stele of Deinosthenes of Lacedaimon, Olympia (6.16.8)",,,,"Deinosthenes the Lacedemonian won an Olympic victory in the men's foot-race, and he dedicated in the Altis a slab by the side of his statue. The inscription declares that the distance from Olympia to another slab at Lacedemon is six hundred and sixty stades.",6.16.8,R-paraphrase,,Olympia,"{""type"": ""Point"", ""coordinates"": [21.630126, 37.637849]}"
609,Stele of Pythocritus the flautist at Olympia,"Relief stele of Pythocritus the flautist, Olympia (6.14.9-10)",,,,,6.14.10,R-quotation,,Olympia,"{""type"": ""Point"", ""coordinates"": [21.630126, 37.637849]}"
610,"agalma of Asclepius, Epidauros naming Thrasymedes the artist","agalma of Asclepius, Epidauros (2.27.2; 5.11.11)",,,,,2.27.2,R-paraphrase,,Asklepieion of Epidauros,"{""type"": ""Point"", ""coordinates"": [23.075, 37.597]}"
611,Bronze chariot with Hieron I Olympia by Onatas at Olympia,"Bronze chariot with Hieron I as charioteer, youths (two) and horse, Olympia (6.12.1; 8.42.8-9)",,,,,8.42.9,R-quotation,,Sacred cave of Demeter Melaina on Mt. Elaion,"{""type"": ""Point"", ""coordinates"": [21.8204, 37.4432]}"
612,Tripod of Echembrotus to Heracles at Thebes on Aulodia victory at 1st Pythiad in Delphi,Tripod of Echembrotus to Heracles at Thebes (10.7.6),,,,"Echembrotus of Arcadia dedicated this pleasant gift to Heracles When he won a victory at the games of the  Amphictyons, Singing for the Greeks tunes and lamentations.",10.7.6,R-quotation,,Entry to Delphi from Chaironea road,"{""type"": ""GeometryCollection"", ""geometries"": [{""type"": ""Polygon"", ""coordinates"": [[[22.50908625671846, 38.4807561049775], [22.508670068724086, 38.47934011797474], [22.509390394099455, 38.47916468402025], [22.509790574863842, 38.48064332827158], [22.50908625671846, 38.4807561049775]]]}]}"
613,Herm of Aphrodite Ourania in Kepoi: inscription,"Herm of Aphrodite Ourania in Kepoi near temple, Athens (1.19.2)",,,,,1.19.2,R-paraphrase,,"Gardens, location, Athens","{""type"": ""Point"", ""coordinates"": [23.7329, 37.9686]}"
614,"ivory horn of Amaltheia at Sicyonian treasury, by Miltiades","ivory horn of Amaltheia at Sicyonian treasury, Olympia",,,,“To Olympian Zeus was I dedicated by the men of Chersonesus After they had taken the fortress of Aratus. Their leader was Miltiades.”,6.19.6,R-quotation,,Sikyonian Treasury at Olympia,"{""type"": ""Point"", ""coordinates"": [21.63066, 37.63905]}"
615,Polygnotus Iliupersis painting labels,Iliupersis of Polygnotus,,,,lost,10.25.3,R-artwork label,,Lesche of the Knidians,"{""type"": ""Point"", ""coordinates"": [22.5011, 38.48304]}"
616,Peplos of Laodice at Athena Alea on her Cypriot origin,Peplos of Laodice at Athena Alea,,,,"“This is the peplos of Laodice; she offered it to her Athena, <br>Sending it to her broad fatherland from divine Cyprus.",8.5.3,R-quotation,,Argolid - Arkadia border near Mt. Artemision,"{""type"": ""GeometryCollection"", ""geometries"": [{""type"": ""Polygon"", ""coordinates"": [[[22.475774354441114, 37.654310963973046], [22.507440284004105, 37.571411550419754], [22.521537982781183, 37.57134643717862], [22.488651704535528, 37.65540068883523], [22.475774354441114, 37.654310963973046]]]}]}"
617,Relief of Polybius at Lykosoura: Praise of Polybius,"Relief of Polybius the statesman-historian, Despoina at Lykosoura (8.37.2)",,,,,8.37.2,R-paraphrase,,Sanctuary of Despoina at Lykosoura,"{""type"": ""Point"", ""coordinates"": [22.03143, 37.38957]}"
