Lon,Lat,Name,Region,Part_of,Type,Passages,Location,Pleiades,ToposText,Wikidata,Manto,Altname,URL,Arachne
22.42338,37.08265,"Athena Chalkioikos sanctuary on acropolis of Sparta","Lakonia Bk3","Acropolis of Sparta",['hieron'],"['10.5.11','3.17.2','3.17.7','4.15.5']",NULL,NULL,https://topostext.org/place/371224SACh,https://wikidata.org/wiki/Q57302774,https://resource.manto.unh.edu/10150378,NULL,NULL,NULL
22.4237,37.0821,"Sanctuary of Diktynna in Sparta","Lakonia Bk3",Sparta,['hieron'],['3.12.8'],Sparta,NULL,NULL,https://wikidata.org/wiki/Q124616433,NULL,NULL,NULL,NULL
22.4237,37.0821,"Heroon of Oiolykos son of Thera by Poikile clubhouse at Sparta","Lakonia Bk3",Sparta,['heroon'],['3.15.8'],Sparta,NULL,NULL,https://wikidata.org/wiki/Q124616574,NULL,NULL,NULL,NULL
23.136,36.43,"Cave near sea at Nymphaion in Lakonia","Lakonia Bk3","Nymphaion (Lakonia)",['spelaion'],['3.23.2'],"Nymphaion (Lakonia)",NULL,NULL,NULL,NULL,NULL,NULL,NULL
22.17928,36.92565,"Sanctuary of Klaia at Mt. Kalathion","Lakonia Bk3","Kalathion (mountain)",['hieron'],['3.26.11'],"Kalathion (mountain)",NULL,NULL,https://wikidata.org/wiki/Q124616485,NULL,NULL,NULL,NULL
23.026,36.731,"Epidaurus Limera (Laconia)","Lakonia Bk3","Lakonia Bk3",['polis'],"['3.21.7','3.23.10','3.23.6','3.24.1']",NULL,https://pleiades.stoa.org/places/570229,https://topostext.org/place/367230UEpi,https://wikidata.org/wiki/Q12877135,NULL,"Epidauros Limera",NULL,NULL
21.8,37.2,"Messenia Bk4",NULL,Peloponnesos,['chora'],"['2.18.7','2.18.8','3.1.4','3.13.1','3.14.4','3.2.6','3.26.6','3.26.7','3.3.2','3.7.5','4.1.2','4.12.1','4.12.7','4.14.3','4.14.4','4.14.7','4.15.8','4.16.9','4.17.1','4.18.2','4.19.4','4.19.5','4.2.5','4.20.2','4.21.1','4.23.1','4.24.4','4.28.2','4.29.11','4.3.10','4.3.2','4.3.3','4.3.4','4.3.5','4.30.1','4.31.1','4.34.9','4.36.7','4.4.2','4.4.3','4.5.8','4.5.9','4.6.4','4.7.1','4.7.4','5.6.3','8.1.1','8.1.2','8.27.15','8.35.2']",NULL,https://pleiades.stoa.org/places/570480,https://topostext.org/place/372218RMes,https://wikidata.org/wiki/Q1247159,NULL,NULL,NULL,NULL
22.4237,37.0821,"Phrouria guardhouses? at Sparta","Lakonia Bk3",Sparta,['oikema'],['3.12.8'],Sparta,NULL,NULL,NULL,NULL,NULL,NULL,NULL
22.438,36.726,"Hypsoi unlocated site on Spartan SW border","Lakonia Bk3","Lakonia Bk3",['chorion'],['3.24.8'],NULL,https://pleiades.stoa.org/places/573258,NULL,https://wikidata.org/wiki/Q60790115,NULL,NULL,NULL,NULL
22.4237,37.0821,"Sanctuary of the Great Mother at Sparta","Lakonia Bk3",Sparta,['hieron'],['3.12.9'],Sparta,NULL,NULL,https://wikidata.org/wiki/Q124616437,NULL,NULL,NULL,NULL
26.858519999999995,39.69936,"Ida (mountain)","Asia Minor (Asia)",Troas,['oros'],"['10.12.3','10.12.4','3.13.5','6.4.9','7.3.8']",NULL,https://pleiades.stoa.org/places/550592,NULL,https://wikidata.org/wiki/Q1127771,NULL,NULL,NULL,NULL
22.5047,36.7279,"Las polis","Lakonia Bk3","Lakonia Bk3",['polis'],"['3.21.7','3.24.6','3.24.7','3.24.9']",NULL,https://pleiades.stoa.org/places/570417,NULL,https://wikidata.org/wiki/Q7142558,NULL,"La in Lakonia",NULL,NULL
22.819373,37.042584,"Springs at Marios, by grove, at Artemis sanctuary","Lakonia Bk3",Marios,['pege'],['3.22.8'],Marios,NULL,NULL,NULL,NULL,NULL,NULL,NULL
22.3503405,36.9528148,Dereion,"Lakonia Bk3","Taygetos (mountain)",['settlement'],['3.20.7'],"Taygetos (mountain)",https://pleiades.stoa.org/places/573183,NULL,https://wikidata.org/wiki/Q60792061,NULL,NULL,NULL,NULL
23.088,36.787,"Temple of Apollo at Zarax","Lakonia Bk3",Zarax,['naos'],['3.24.1'],Zarax,NULL,NULL,https://wikidata.org/wiki/Q124616399,NULL,NULL,NULL,NULL
22.8802,37.9054,"Temple of Zeus Olympios at Corinth","Corinthia Bk2","Corinth (Corinthia)",['naos'],['3.9.2'],"Corinth (Corinthia)",NULL,NULL,https://wikidata.org/wiki/Q124616407,NULL,NULL,NULL,NULL
22.17928,36.92565,"Cave next to Klaia sanctuary on Kalathion mountain","Lakonia Bk3","Kalathion (mountain)",['spelaion'],['3.26.11'],"Kalathion (mountain)",NULL,NULL,NULL,NULL,NULL,NULL,NULL
22.4237,37.0821,"Heroon of Amphilochus at Sparta","Lakonia Bk3",Sparta,['heroon'],['3.15.8'],Sparta,NULL,NULL,https://wikidata.org/wiki/Q124616571,NULL,NULL,NULL,NULL
22.4237,37.0821,"Temple of Aphrodite Areia behind Chalkioikos in Sparta","Lakonia Bk3","Acropolis of Sparta",['naos'],['3.17.5'],"Acropolis of Sparta",NULL,NULL,https://wikidata.org/wiki/Q124616507,NULL,NULL,NULL,NULL
22.706912,36.992193,"Agora of Geronthrai","Lakonia Bk3",Geronthrai,['agora'],['3.22.7'],Geronthrai,NULL,NULL,https://wikidata.org/wiki/Q124606123,NULL,NULL,NULL,NULL
22.4237,37.0821,"Trophy raised by Polydeukes not far from Asklepios sanctuary","Lakonia Bk3",Sparta,['tropaion'],['3.14.7'],Sparta,NULL,NULL,https://wikidata.org/wiki/Q124616491,NULL,NULL,NULL,NULL
27.453939999999996,38.5668,Sipylos,"Asia Minor (Asia)","Lydia (province)",['oros'],"['1.21.3','1.24.8','2.22.3','3.22.4','5.13.7','6.22.1','7.24.13','7.27.12','8.17.3','8.2.7','8.38.10']",NULL,https://pleiades.stoa.org/places/550884,NULL,https://wikidata.org/wiki/Q532698,NULL,"Mount Sipylus /Manisa Dağı",NULL,NULL
22.706912,36.992193,"Grove of Ares at Geronthrai","Lakonia Bk3",Geronthrai,['alsos'],"['3.22.6','3.22.7']",Geronthrai,NULL,NULL,https://wikidata.org/wiki/Q124616360,NULL,NULL,NULL,NULL
22.792,36.8,"Akriai (Lakonia)","Lakonia Bk3","Lakonia Bk3",['polis'],"['3.21.7','3.22.4','3.22.6','3.22.9','6.21.10']",NULL,https://pleiades.stoa.org/places/570058,https://topostext.org/place/368228UAkr,https://wikidata.org/wiki/Q25858222,NULL,NULL,NULL,NULL
23.026,36.731,"Sanctuary of Asklepios at Epidauros Limera","Lakonia Bk3","Epidaurus Limera (Laconia)",['hieron'],['3.23.10'],"Epidaurus Limera (Laconia)",NULL,NULL,https://wikidata.org/wiki/Q124616354,NULL,NULL,NULL,NULL
17.228553,40.476034,Taras/Tarentum/Neptunia,"Italia (Europe)","Italia (Europe)",['polis'],"['1.12.5','1.13.1','10.10.6','10.10.8','3.12.6']",NULL,https://pleiades.stoa.org/places/442810,NULL,https://wikidata.org/wiki/Q3981082,NULL,NULL,NULL,NULL
23.075,37.597,"Asklepieion of Epidauros","Epidauria Bk2","Epidauria Bk2",['Asclepieion'],"['10.38.13','2.1.4','2.26.1','2.26.9','2.27.2','2.27.6','2.27.7','3.23.7','5.11.11']",NULL,https://pleiades.stoa.org/places/570127,https://topostext.org/place/376231SAsk,https://wikidata.org/wiki/Q7698713,NULL,"Asclepieion of Epidaurus",NULL,NULL
22.44165,37.069,"Temple of Dioscuroi at Phoibaion of Sparta","Lakonia Bk3","Phoibaion (Sparta)",['naos'],['3.20.2'],"Phoibaion (Sparta)",NULL,NULL,https://wikidata.org/wiki/Q124616512,NULL,NULL,NULL,NULL
17.129,39.081,Croton,"Italia (Europe)","Italia (Europe)",['polis'],"['3.3.1','6.14.5','6.14.8','7.25.11']",NULL,https://pleiades.stoa.org/places/452317,NULL,https://wikidata.org/wiki/Q13526919,NULL,NULL,NULL,NULL
23.02,36.5,"Boiatikos Kolpos","Lakonia Bk3","Lakonia Bk3",['kolpos'],['3.22.11'],NULL,https://pleiades.stoa.org/places/573144,NULL,NULL,NULL,NULL,NULL,NULL
23.19975,36.43603,"Malea Pr.","Lakonia Bk3","Lakonia Bk3",['akra'],"['3.23.2','3.25.2']",NULL,https://pleiades.stoa.org/places/570455,NULL,https://wikidata.org/wiki/Q1471621,NULL,NULL,NULL,NULL
22.432959,36.659054,"Apollo Amazonios cult in territory of Pyrrichos","Lakonia Bk3",Pyrrichos,['hieron'],['3.25.3'],Pyrrichos,NULL,NULL,https://wikidata.org/wiki/Q124616479,https://resource.manto.unh.edu/10151037,NULL,NULL,NULL
22.933,36.466,"Tomb of Kinados at Onougnathos","Lakonia Bk3","Onougnathos cape (Lakonia)",['mnema'],['3.22.10'],"Onougnathos cape (Lakonia)",NULL,NULL,https://wikidata.org/wiki/Q124616333,https://resource.manto.unh.edu/10149793,NULL,NULL,NULL
22.41533,37.0856,"Issorion Artemis shrine (Sparta)","Lakonia Bk3",Sparta,['hieron'],['3.14.2'],NULL,NULL,https://topostext.org/place/371224SArI,https://wikidata.org/wiki/Q134040007,https://resource.manto.unh.edu/10150395,NULL,NULL,NULL
22.34995,36.95354,"Taleton Akra","Lakonia Bk3","Taygetos (mountain)",['akra'],"['3.20.4','3.20.5']",NULL,https://pleiades.stoa.org/places/573541,NULL,NULL,NULL,NULL,NULL,NULL
22.4237,37.0821,"Temple of Athena Ophthalmitis at Sparta","Lakonia Bk3",Sparta,['naos'],['3.18.2'],Sparta,NULL,NULL,https://wikidata.org/wiki/Q124616508,NULL,NULL,NULL,NULL
22.933,36.466,"Sanctuary of Athena at Onougnathos promontory","Lakonia Bk3","Onougnathos cape (Lakonia)",['hieron'],['3.22.10'],"Onougnathos cape (Lakonia)",NULL,NULL,https://wikidata.org/wiki/Q124616470,https://resource.manto.unh.edu/10149801,NULL,NULL,NULL
22.4237,37.0821,"Sanctuary of Hera Aigophagos at Sparta","Lakonia Bk3",Sparta,['hieron'],['3.15.9'],Sparta,NULL,NULL,https://wikidata.org/wiki/Q124616456,https://resource.manto.unh.edu/10150610,NULL,NULL,NULL
22.4237,37.0821,"Sanctuary of Artemis Aiginaia in Sparta","Lakonia Bk3",Sparta,['hieron'],['3.14.2'],Sparta,NULL,NULL,https://wikidata.org/wiki/Q124616442,NULL,NULL,NULL,NULL
22.4237,37.0821,"Tomb of Tyndareus in Sparta","Lakonia Bk3","Acropolis of Sparta",['mnema'],['3.17.4'],"Acropolis of Sparta",NULL,NULL,https://wikidata.org/wiki/Q124616331,https://resource.manto.unh.edu/10150385,NULL,NULL,NULL
22.478,36.979,"Bryseai (Lakonia)","Lakonia Bk3","Lakonia Bk3",['polis'],"['3.20.3','3.20.4']",NULL,https://pleiades.stoa.org/places/573155,https://topostext.org/place/370235XAVa,https://wikidata.org/wiki/Q29015947,NULL,NULL,NULL,NULL
22.4237,37.0821,"Asklepieion at Sparta near Booneta","Lakonia Bk3",Sparta,['Asclepieion'],['3.15.10'],Sparta,NULL,NULL,https://wikidata.org/wiki/Q124616349,NULL,NULL,NULL,NULL
22.4237,37.0821,"Sanctuary of Helen in Sparta","Lakonia Bk3",Sparta,['hieron'],['3.15.3'],Sparta,NULL,NULL,https://wikidata.org/wiki/Q124616452,NULL,NULL,NULL,NULL
22.562341,36.763663,"Acropolis of Gythion","Lakonia Bk3",Gythion,['acropolis'],['3.21.9'],Gythion,NULL,NULL,https://wikidata.org/wiki/Q124616546,NULL,NULL,NULL,NULL
23.794134,38.152799,Dekeleia,"Attica Bk1","Attica Bk1",['demos'],['3.8.6'],NULL,https://pleiades.stoa.org/places/579907,NULL,https://wikidata.org/wiki/Q1006561,NULL,NULL,NULL,NULL
22.42659,37.08188,"Altar of Augustus in agora of Sparta","Lakonia Bk3","Agora of Sparta",['bomos'],['3.11.5'],"Agora of Sparta",NULL,NULL,https://wikidata.org/wiki/Q124616535,NULL,NULL,NULL,NULL
21.925,37.186,"Ithome Mt. (Messenia)","Messenia Bk4","Messenia Bk4","['oros','settlement']","['1.29.8','10.38.10','3.11.8','4.1.3','4.10.1','4.11.2','4.11.4','4.12.2','4.12.5','4.12.9','4.13.6','4.14.2','4.15.1','4.20.4','4.23.6','4.24.6','4.24.7','4.26.3','4.26.7','4.29.2','4.29.5','4.3.9','4.31.4','4.33.1','4.9.1','4.9.2','4.9.4','6.3.13','8.50.5']",NULL,https://pleiades.stoa.org/places/570318,https://topostext.org/place/372219LIth,https://wikidata.org/wiki/Q602538,NULL,NULL,NULL,NULL
22.7195,37.6316,"Argos (Argolid)","Argolid Bk2","Argolid Bk2",['polis'],"['1.13.7','1.13.8','1.14.2','1.25.4','1.27.10','1.33.1','1.41.1','1.43.7','1.43.8','10.10.5','10.35.1','10.8.5','2.13.1','2.15.1','2.15.2','2.15.4','2.16.1','2.16.2','2.16.3','2.18.1','2.18.5','2.18.7','2.18.8','2.19.3','2.20.4','2.20.5','2.20.8','2.21.7','2.22.4','2.22.6','2.22.8','2.23.1','2.23.5','2.24.5','2.25.1','2.25.2','2.25.5','2.25.7','2.25.8','2.28.4','2.30.10','2.34.4','2.34.5','2.35.2','2.36.6','2.38.1','2.4.2','2.6.6','2.8.6','3.1.4','3.1.5','3.9.1','4.1.1','4.1.2','4.10.6','4.12.3','4.14.1','4.14.8','4.15.7','4.17.5','4.3.3','4.35.2','4.8.8','6.13.7','6.2.2','6.9.3','7.1.5','7.1.6','7.1.7','7.14.1','7.17.1','7.20.8','7.23.10','7.4.4','7.6.3','8.24.8','8.27.1','8.5.7','8.54.5','9.25.1','9.36.6','9.36.7','9.5.12']",NULL,https://pleiades.stoa.org/places/570106,https://topostext.org/place/376227PArg,https://wikidata.org/wiki/Q13533353,NULL,NULL,NULL,NULL
22.4237,37.0821,"Heroon of Teleclus at Sparta, near Asklepieion","Lakonia Bk3",Sparta,['heroon'],['3.15.10'],Sparta,NULL,NULL,https://wikidata.org/wiki/Q124616569,NULL,NULL,NULL,NULL
22.42665,37.0815,"sanctuary of Apollo near Choros, Sparta","Lakonia Bk3","Choros (Sparta)",['hieron'],['3.11.9'],"Choros (Sparta)",NULL,NULL,https://wikidata.org/wiki/Q124616591,NULL,NULL,NULL,NULL
23.436606,40.099366,Aphytis,"Macedonia (Europe)","Chalcidike region (Chalkidike)",['settlement'],['3.18.3'],NULL,https://pleiades.stoa.org/places/491525,NULL,https://wikidata.org/wiki/Q4779776,NULL,NULL,NULL,NULL
22.4237,37.0821,"Sanctuary of Arsinoe at Sparta","Lakonia Bk3",Sparta,['hieron'],['3.12.8'],Sparta,NULL,NULL,https://wikidata.org/wiki/Q124616432,NULL,NULL,NULL,NULL
23.7215,37.9674,"Mouseion Hill (Athens)","Athenai Bk1","Athenai Bk1",['lophos'],"['1.25.8','1.28.10','3.6.6']",NULL,https://pleiades.stoa.org/places/968858713,https://topostext.org/place/380237LMus,https://wikidata.org/wiki/Q2088161,NULL,NULL,NULL,NULL
22.4237,37.0821,"Theomêlida, place in Sparta with tombs of Agiad kings","Lakonia Bk3",Sparta,['chorion'],['3.14.2'],Sparta,NULL,NULL,https://wikidata.org/wiki/Q124616413,NULL,NULL,NULL,NULL
23.2733,38.2213,"City walls of Plataea","Boiotia Bk9","Plataea (Boeotia)",['teichos'],"['3.9.3','9.1.6']","Plataea (Boeotia)",NULL,NULL,NULL,NULL,NULL,NULL,NULL
30.551573,36.524579,Phaselis,"Asia Minor (Asia)","Lycia region",['settlement'],"['1.37.4','3.3.8']",NULL,https://pleiades.stoa.org/places/639051,NULL,https://wikidata.org/wiki/Q595329,NULL,NULL,NULL,NULL
23.726464,37.971687,"Athenai Bk1","Attica Bk1","Attica Bk1",['polis'],"['1.1.2','1.1.5','1.14.1','1.14.5','1.14.7','1.15.2','1.17.6','1.18.4','1.18.8','1.19.1','1.2.1','1.2.4','1.2.5','1.20.4','1.20.5','1.20.6','1.20.7','1.22.3','1.23.9','1.25.5','1.25.8','1.26.2','1.26.3','1.26.6','1.27.10','1.27.2','1.27.3','1.27.5','1.27.6','1.27.8','1.28.4','1.28.8','1.29.12','1.29.2','1.3.2','1.30.1','1.30.2','1.32.3','1.32.6','1.33.1','1.33.2','1.34.3','1.35.3','1.36.3','1.37.5','1.37.6','1.37.7','1.39.4','1.40.5','1.41.4','1.41.9','1.8.5','10.10.1','10.18.7','10.2.3','10.21.6','10.23.14','10.3.1','10.34.8','10.35.8','10.37.6','10.4.3','10.4.9','10.8.5','2.1.4','2.14.4','2.18.9','2.26.2','2.27.2','2.3.8','2.31.7','2.33.4','2.33.5','2.6.5','3.12.7','3.3.7','3.4.2','3.5.2','3.6.4','3.6.5','3.8.6','3.9.6','4.13.7','4.15.1','4.17.5','4.2.6','4.26.8','4.5.10','4.5.2','5.10.4','5.11.6','5.12.4','5.19.3','5.21.1','5.26.6','5.6.5','6.17.9','6.20.14','6.22.7','7.1.2','7.1.3','7.10.4','7.11.6','7.2.2','7.2.7','7.20.6','7.24.5','7.25.2','7.25.4','7.7.8','7.9.6','8.11.6','8.23.3','8.37.3','8.8.6','9.1.4','9.14.7','9.15.4','9.15.5','9.26.6','9.3.2','9.30.1','9.32.5','9.35.3','9.39.1','9.6.2','9.7.1']",NULL,https://pleiades.stoa.org/places/579885,NULL,https://wikidata.org/wiki/Q844930,NULL,"Athens Athenae polis",NULL,NULL
22.413455,37.043277,"Heroon of Lakedaimon son of Taygete at Alesiai","Lakonia Bk3",Alesiai,['heroon'],['3.20.2'],Alesiai,NULL,NULL,https://wikidata.org/wiki/Q124616580,NULL,NULL,NULL,NULL
22.4237,37.0821,"Clubhouse of the Krotani near tomb of Agiad kings in Sparta","Lakonia Bk3",Sparta,['lesche'],['3.14.2'],Sparta,NULL,NULL,https://wikidata.org/wiki/Q124616532,NULL,NULL,NULL,NULL
22.4237,37.0821,"Grave of Lathria and Anaxandra at Sparta","Lakonia Bk3","Sanctuary of Lykourgos in Sparta",['taphos'],['3.16.6'],"Sanctuary of Lykourgos in Sparta",NULL,NULL,https://wikidata.org/wiki/Q124616326,https://resource.manto.unh.edu/10150341,NULL,NULL,NULL
22.4191,37.0841,"Platanista grove (Lakonia)","Lakonia Bk3","Lakonia Bk3",['alsos'],"['3.11.2','3.14.10','3.14.8','3.15.1','3.20.8']",NULL,NULL,https://topostext.org/place/371224SPla,https://wikidata.org/wiki/Q3391805,NULL,NULL,NULL,NULL
22.683334,37.174817,Glyppia,"Lakonia Bk3","Lakonia Bk3",['kome'],['3.22.8'],NULL,https://pleiades.stoa.org/places/570265,NULL,https://wikidata.org/wiki/Q48781593,NULL,NULL,NULL,NULL
22.26501,36.84279,"Acropolis of Leuktra","Lakonia Bk3","Leuktra (Lakonia)",['acropolis'],['3.26.5'],"Leuktra (Lakonia)",NULL,NULL,https://wikidata.org/wiki/Q124616550,NULL,NULL,NULL,NULL
22.2612,36.9556,"Sanctuary of Artemis at Alagonia","Lakonia Bk3","Alagonia (Messenia)",['hieron'],['3.26.11'],"Alagonia (Messenia)",NULL,NULL,https://wikidata.org/wiki/Q124616483,NULL,NULL,NULL,NULL
22.4237,37.0821,"Monument of the Iamidai  at Sparta","Lakonia Bk3",Sparta,['mnema'],['3.12.8'],Sparta,NULL,NULL,https://wikidata.org/wiki/Q124616313,NULL,NULL,NULL,NULL
22.521276,36.69704,Arainon,"Lakonia Bk3","Lakonia Bk3",['chorion'],['3.24.10'],NULL,https://pleiades.stoa.org/places/570099,NULL,https://wikidata.org/wiki/Q124607848,NULL,NULL,NULL,NULL
22.562341,36.763663,"Sanctuary of Ammon at Gythion","Lakonia Bk3",Gythion,['hieron'],['3.21.8'],Gythion,NULL,NULL,https://wikidata.org/wiki/Q124616467,NULL,NULL,NULL,NULL
22.5,37.001,Kynosoura,"Lakonia Bk3","Lakonia Bk3",['settlement'],['3.16.9'],"Lakonia Bk3",https://pleiades.stoa.org/places/573320,NULL,https://wikidata.org/wiki/Q60791980,NULL,NULL,NULL,NULL
23.644609,37.937222,Peiraieus/Piraeus,"Attica Bk1","Attica Bk1","['demos','epineion','limen']","['1.1.2','1.1.3','1.2.2','1.20.5','1.25.5','1.25.8','1.26.3','1.28.11','1.29.10','1.29.16','2.8.6','3.5.1']",NULL,https://pleiades.stoa.org/places/580062,NULL,https://wikidata.org/wiki/Q13426467,NULL,NULL,NULL,NULL
23.8792,38.1871,Aphidna,"Attica Bk1","Attica Bk1",['settlement'],"['1.17.5','1.41.3','1.41.4','2.22.6','3.18.4','3.18.5']",NULL,https://pleiades.stoa.org/places/579873,NULL,https://wikidata.org/wiki/Q618453,NULL,NULL,NULL,NULL
30.7,27.1,"Egypt (region)","Libya (Africa)","Roman empire","['major region']","['1.11.5','1.36.6','1.39.6','1.42.3','1.44.3','1.6.1','1.6.3','1.6.5','1.6.6','1.6.7','1.6.8','1.7.1','1.7.2','1.7.3','1.9.1','1.9.3','1.9.4','10.32.18','10.7.8','2.16.1','2.9.3','3.10.2','3.6.9','5.21.15','5.7.4','6.26.9','6.3.1','7.5.5','8.33.3']",NULL,https://pleiades.stoa.org/places/981503,NULL,https://wikidata.org/wiki/Q11768,NULL,NULL,NULL,NULL
22.5047,36.7279,"Knakadion M.","Lakonia Bk3","Las polis",['oros'],"['3.24.6','3.24.8']","Las polis",https://pleiades.stoa.org/places/573292,NULL,https://wikidata.org/wiki/Q124613900,NULL,NULL,NULL,NULL
22.792,36.8,"City wall of Akriai toward the harbor","Lakonia Bk3","Akriai (Lakonia)",['teichos'],['3.22.5'],"Akriai (Lakonia)",NULL,NULL,NULL,NULL,NULL,NULL,NULL
22.42659,37.08188,"Tomb of Epimenides the Cretan at Sparta","Lakonia Bk3","Ancient Ephoreia in Sparta",['mnema'],['3.11.11'],"Ancient Ephoreia in Sparta",NULL,NULL,https://wikidata.org/wiki/Q124616310,NULL,NULL,NULL,NULL
29.647292999999998,45.16291,"Danube/Istros/Hister (river)",Europe,Europe,['potamos'],"['1.9.6','3.19.11','4.34.2','8.25.13','8.28.2','8.38.3']",NULL,https://pleiades.stoa.org/places/226577,NULL,https://wikidata.org/wiki/Q1653,NULL,NULL,NULL,NULL
23.062,36.517,"Boiai (Lakonia)","Lakonia Bk3","Lakonia Bk3",['polis'],"['1.27.5','3.21.7','3.22.11','3.22.13','3.23.1','3.23.10','3.23.2','3.23.6']",NULL,https://pleiades.stoa.org/places/570156,https://topostext.org/place/365231PBoi,https://wikidata.org/wiki/Q11909406,NULL,NULL,NULL,NULL
22.489063,36.621145,Teuthrone,"Lakonia Bk3","Lakonia Bk3",['polis'],"['3.21.7','3.25.4']",NULL,https://pleiades.stoa.org/places/570714,NULL,https://wikidata.org/wiki/Q48781583,NULL,NULL,NULL,NULL
22.562341,36.763663,"Spring of Asklepios at Gythion","Lakonia Bk3",Gythion,['pege'],['3.21.8'],Gythion,NULL,NULL,NULL,NULL,NULL,NULL,NULL
22.8426,36.6845,"City of the Parakyparissian Achaians, near Asopus","Lakonia Bk3","Asopos (Lakonia)",['polis'],['3.22.9'],"Asopos (Lakonia)",NULL,NULL,https://wikidata.org/wiki/Q124616581,NULL,NULL,NULL,NULL
22.42659,37.08188,"Sanctuary of  Ge (Earth) near  the Choros at  Sparta","Lakonia Bk3","Agora of Sparta",['hieron'],['3.11.9'],"Agora of Sparta",NULL,NULL,https://wikidata.org/wiki/Q124616593,NULL,NULL,NULL,NULL
22.4237,37.0821,"Theater of Sparta","Lakonia Bk3",Sparta,['theatron'],['3.14.1'],Sparta,NULL,NULL,https://wikidata.org/wiki/Q28599124,NULL,NULL,NULL,NULL
25.163105999999996,35.297847,"Knosos/Col. Iulia Nobilis Cnosos",Crete,Crete,['polis'],"['1.18.5','1.27.10','3.2.4','5.10.9','6.4.11','8.53.8']",NULL,https://pleiades.stoa.org/places/589872,NULL,https://wikidata.org/wiki/Q173527,NULL,NULL,NULL,NULL
27.184167,39.1325,Pergamum,"Asia Minor (Asia)",Mysia,['settlement'],"['1.10.4','1.11.2','1.4.5','1.4.6','10.15.3','10.18.6','3.26.10','5.13.3','5.13.8','7.16.1','7.16.8','7.2.11','8.4.9']",NULL,https://pleiades.stoa.org/places/550812,NULL,https://wikidata.org/wiki/Q18986,NULL,NULL,NULL,NULL
22.195,36.934,"Gerenia (Messenia)","Lakonia Bk3","Messenia Bk4",['polis'],"['3.21.7','3.26.11','3.26.8','3.26.9','4.1.1','4.3.2','4.3.9']",NULL,https://pleiades.stoa.org/places/570261,https://topostext.org/place/369222UGer,https://wikidata.org/wiki/Q5550565,NULL,NULL,NULL,NULL
22.165456,37.246287,Aigys,"Lakonia Bk3",Aigytis,['settlement'],"['3.2.5','8.27.4']",NULL,https://pleiades.stoa.org/places/570052,NULL,https://wikidata.org/wiki/Q15872679,NULL,NULL,NULL,NULL
22.4237,37.0821,"Heroon of Athenodoros in Sparta","Lakonia Bk3",Sparta,['heroon'],['3.16.4'],Sparta,NULL,NULL,https://wikidata.org/wiki/Q124616575,NULL,NULL,NULL,NULL
23.538,38.0411,"sanctuary of the Eleusinian Mysteries at Eleusis","Attica Bk1","Eleusis (Attica)",['hieron'],"['1.38.7','10.31.11','3.4.2','3.4.6','8.15.1','8.31.7']",NULL,https://pleiades.stoa.org/places/579910,https://topostext.org/place/380235SEle,https://wikidata.org/wiki/Q94299853,NULL,NULL,NULL,NULL
23.6765,38.34,"Delion sanctuary (Boeotia)","Boiotia Bk9",Tanagraia,"['battlefield','hieron']","['1.29.13','10.28.6','3.6.1','9.20.1','9.6.3']",NULL,https://pleiades.stoa.org/places/540725,https://topostext.org/place/383237UDel,https://wikidata.org/wiki/Q1184284,NULL,NULL,NULL,NULL
30.20325,45.25471,"Leuke island in Black Sea","Pontus Euxinus","Pontus Euxinus",['nesos'],"['3.19.11','3.19.12','3.19.13']",NULL,https://pleiades.stoa.org/places/226677,NULL,https://wikidata.org/wiki/Q1821510,NULL,"Isle of Achilles",NULL,NULL
22.4237,37.0821,"Heroon of Lelex in Sparta","Lakonia Bk3",Sparta,['heroon'],['3.12.5'],Sparta,NULL,NULL,https://wikidata.org/wiki/Q124606222,NULL,NULL,NULL,NULL
22.373,37.157,"Tomb of Ladas, near Eurotas","Lakonia Bk3","road Sparta to Arcadia via Pellana and Belemina",['mnema'],['3.21.1'],NULL,NULL,NULL,NULL,NULL,NULL,NULL,NULL
27.17,36.844,"Kos/Cos (island)","Aegean Sea (Hellas)","Aegean Sea (Hellas)",['nesos'],"['3.23.6','3.4.10']",NULL,https://pleiades.stoa.org/places/599581,NULL,NULL,NULL,NULL,https://imperium.ahlfeldt.se/places/41156,NULL
22.819373,37.042584,"Sanctuary of All the Gods at Marios","Lakonia Bk3",Marios,['hieron'],['3.22.8'],Marios,NULL,NULL,https://wikidata.org/wiki/Q124616471,NULL,NULL,NULL,NULL
22.3257,36.7862,"Sacred spring at Sanctuary of Ino","Lakonia Bk3","Oracular sanctuary of Ino on Oitylos-Thalamai road",['pege'],['3.26.1'],"Oracular sanctuary of Ino on Oitylos-Thalamai road",NULL,NULL,NULL,NULL,NULL,NULL,NULL
22.5047,36.7279,"Apollo Karneios by Knakadion Mt., Las","Lakonia Bk3","Knakadion M.",['hieron'],['3.24.8'],"Las polis",NULL,NULL,https://wikidata.org/wiki/Q124616401,NULL,NULL,NULL,NULL
22.4237,37.0821,"Sanctuary of Athena near Dromos of Sparta","Lakonia Bk3",Sparta,['hieron'],['3.15.6'],Sparta,NULL,NULL,https://wikidata.org/wiki/Q124616455,https://resource.manto.unh.edu/10150590,NULL,NULL,NULL
22.296786,36.812375,Pephnos,"Lakonia Bk3","Lakonia Bk3",['settlement'],"['3.26.2','3.26.4']",NULL,https://pleiades.stoa.org/places/570581,NULL,https://wikidata.org/wiki/Q16617755,NULL,NULL,NULL,NULL
25.478129000000003,36.36399,"Thera polis","Aegean Sea (Hellas)","Thera island (Cyclades)",['polis'],['3.1.8'],NULL,https://pleiades.stoa.org/places/599971,NULL,https://wikidata.org/wiki/Q433004,NULL,NULL,NULL,NULL
22.4237,37.0821,"Temple of Aphrodite with armed xoanon in Sparta","Lakonia Bk3",Sparta,['naos'],['3.15.10'],Sparta,NULL,NULL,https://wikidata.org/wiki/Q124616503,NULL,NULL,NULL,NULL
22.786,36.7945,"harbor of Akriai","Lakonia Bk3","Akriai (Lakonia)",['limen'],['3.22.5'],NULL,NULL,NULL,https://wikidata.org/wiki/Q124616408,NULL,NULL,NULL,NULL
22.195,36.934,"Machaon's tomb, in Gerenia","Messenia Bk4","Gerenia (Messenia)",['mnema'],"['3.26.9','4.3.2']","Gerenia (Messenia)",NULL,NULL,https://wikidata.org/wiki/Q116846185,https://resource.manto.unh.edu/10113618,NULL,NULL,NULL
22.42659,37.08188,"Agora of Sparta","Lakonia Bk3",Sparta,['agora'],['3.11.2'],NULL,NULL,NULL,https://wikidata.org/wiki/Q124606127,NULL,NULL,NULL,NULL
22.4502,37.0363,"Amyclae (Laconia)","Lakonia Bk3","Lakonia Bk3",['polisma'],"['2.16.4','2.16.6','3.1.3','3.10.8','3.16.2','3.18.6','3.18.7','3.19.6','3.2.6','3.20.3','3.20.6','4.14.2','4.18.3','5.11.4']",NULL,https://pleiades.stoa.org/places/570074,https://topostext.org/place/370224UAmy,https://wikidata.org/wiki/Q13074886,NULL,Amyklai,NULL,NULL
22.538294,38.796511,Thermopylae,"Hellas (Europe)",Phthiotis,"['esbole','teichos']","['1.1.3','1.3.5','1.4.1','1.4.2','1.4.3','1.4.4','10.20.1','10.20.2','10.20.3','10.20.6','10.20.9','10.21.1','10.21.2','10.21.6','10.22.12','10.22.5','10.22.7','10.22.8','2.16.5','3.12.9','3.14.1','3.4.7','3.4.8','3.5.5','4.35.9','7.15.3','7.24.4','7.6.3','7.6.7','8.51.4','8.52.2','8.6.3','9.15.2','9.32.9']",NULL,https://pleiades.stoa.org/places/541140,NULL,https://wikidata.org/wiki/Q194450,NULL,NULL,NULL,NULL
22.5047,36.7279,"Shrine of Dionysos on Ilios Mt. near Las","Lakonia Bk3","Ilios M.",['naos'],['3.24.8'],"Las polis",NULL,NULL,https://wikidata.org/wiki/Q124616402,NULL,NULL,NULL,NULL
22.4831905,36.3856534,"Cave at Tainaron with no outlet below ground","Lakonia Bk3","Tainaron (promontory)",['spelaion'],['3.25.5'],"Tainaron (promontory)",NULL,NULL,NULL,NULL,NULL,NULL,NULL
22.607,36.7923,"Trinasos three islands opposite fort of Trinasos","Lakonia Bk3","Lakonia Bk3",['nesos'],['3.22.3'],NULL,NULL,NULL,NULL,NULL,NULL,NULL,NULL
30.551573,36.524579,"Sanctuary of Athena at Phaselis","Asia Minor (Asia)",Phaselis,['hieron'],['3.3.8'],Phaselis,NULL,NULL,https://wikidata.org/wiki/Q124616490,https://resource.manto.unh.edu/10146654,NULL,NULL,NULL
22.4237,37.0821,"Sanctuary of Agnitas (Asklepios) on right of the Dromos at Sparta","Lakonia Bk3",Sparta,['hieron'],['3.14.7'],Sparta,NULL,NULL,https://wikidata.org/wiki/Q124616449,NULL,NULL,NULL,NULL
22.890275,37.144402,"Sanctuary of Asklepios at Brasiai","Lakonia Bk3","Brasiae (Laconia)",['Asclepieion'],['3.24.5'],"Brasiae (Laconia)",NULL,NULL,https://wikidata.org/wiki/Q124616355,NULL,NULL,NULL,NULL
22.3584897,40.0862269,"Ouranos (home of the gods)","Hellas (Europe)","Olympos (mountain in Greece)","['mythical place']","['1.20.3','1.26.6','10.30.2','3.18.11','3.19.4','3.19.5','5.11.7','9.37.8']","Olympos (mountain in Greece)",NULL,NULL,https://wikidata.org/wiki/Q70054479,NULL,"Heaven Olympus sky",NULL,NULL
22.2,39.6,Thessalia,"Hellas (Europe)","Hellas (Europe)",['chora'],"['1.11.1','1.29.13','1.4.1','1.8.3','10.22.3','10.8.4','2.2.5','2.23.5','2.24.1','2.6.1','3.20.6','3.6.1','3.7.9','3.9.12','3.9.13','4.36.3','5.1.11','6.17.9','6.4.7','7.1.2','7.1.3','7.10.2','7.15.2','7.19.7','7.6.5','8.27.10','8.6.2','9.15.1','9.40.5','9.8.6']",NULL,https://pleiades.stoa.org/places/1332,NULL,https://wikidata.org/wiki/Q1247568,NULL,NULL,NULL,NULL
22.4237,37.0821,"Heroon of Aulon the Arcadian at Sparta","Lakonia Bk3",Sparta,['heroon'],['3.12.9'],Sparta,NULL,NULL,https://wikidata.org/wiki/Q124616555,NULL,NULL,NULL,NULL
25.268194,37.397274,"Delos (settlement)","Aegean Sea (Hellas)","Delos island",['polis'],"['3.23.3','3.23.4','3.23.5','4.36.6','8.33.2','9.34.6']",NULL,https://pleiades.stoa.org/places/599587,NULL,https://wikidata.org/wiki/Q131911921,NULL,NULL,NULL,NULL
22.427,37.093,"channel to the sea to drain Eurotas plain","Lakonia Bk3","Eurotas (river)",['potamos'],['3.1.1'],NULL,NULL,NULL,NULL,NULL,NULL,NULL,NULL
21.630126,37.637849,Olympia,"Eleia Bk5 Bk6","Pisa (Eleia)",['hieron'],"['1.28.1','1.35.6','1.44.1','10.14.5','10.37.4','10.38.8','10.7.5','10.9.4','2.11.8','2.5.7','2.7.2','3.8.3','3.8.4','3.8.5','4.31.6','5.1.4','5.1.7','5.10.1','5.10.3','5.10.4','5.10.5','5.10.7','5.10.9','5.11.10','5.11.4','5.11.9','5.12.4','5.12.5','5.12.8','5.13.1','5.13.10','5.13.9','5.14.1','5.14.2','5.14.4','5.15.12','5.15.3','5.16.8','5.17.5','5.2.3','5.2.5','5.20.6','5.21.16','5.23.3','5.23.6','5.24.4','5.24.6','5.24.8','5.25.12','5.25.13','5.25.4','5.25.5','5.25.7','5.26.1','5.26.4','5.26.5','5.26.7','5.27.1','5.27.2','5.27.9','5.4.4','5.4.5','5.4.6','5.4.7','5.4.8','5.5.3','5.6.1','5.6.7','5.6.8','5.7.1','5.7.10','5.7.6','5.7.9','5.8.1','5.8.2','5.8.5','5.8.6','5.9.1','5.9.4','6.1.6','6.10.2','6.10.4','6.10.8','6.12.4','6.12.5','6.12.6','6.12.7','6.12.8','6.13.11','6.13.2','6.13.3','6.13.5','6.13.6','6.13.8','6.14.1','6.14.10','6.14.13','6.14.2','6.14.3','6.14.5','6.15.1','6.15.2','6.15.3','6.15.6','6.15.9','6.16.1','6.16.4','6.16.5','6.16.8','6.16.9','6.17.2','6.17.7','6.18.1','6.18.2','6.18.7','6.19.1','6.19.10','6.19.14','6.19.4','6.2.10','6.2.2','6.2.6','6.20.14','6.20.19','6.20.2','6.20.7','6.21.2','6.22.5','6.22.7','6.23.1','6.23.6','6.3.11','6.3.14','6.3.15','6.3.2','6.3.9','6.4.11','6.4.2','6.4.5','6.4.6','6.4.9','6.5.7','6.6.1','6.6.3','6.6.5','6.7.10','6.7.3','6.7.8','6.8.1','6.8.2','6.8.3','6.8.6','6.9.3','7.17.13','7.17.14','7.17.6','7.23.5','7.27.5','7.27.6','7.6.4','8.1.2','8.19.1','8.42.9','8.48.1','8.48.2','8.50.3','8.54.3','9.23.1','9.7.5']",NULL,https://pleiades.stoa.org/places/570531,NULL,https://wikidata.org/wiki/Q38888,https://resource.manto.unh.edu/10217933,"Sanctuary of Olympian Zeus in Pisatis",NULL,NULL
22.4237,37.0821,"Tomb of Eurybiades in Lykourgos sanctuary in Sparta","Lakonia Bk3","Sanctuary of Lykourgos in Sparta",['mnema'],['3.16.6'],"Sanctuary of Lykourgos in Sparta",NULL,NULL,https://wikidata.org/wiki/Q124616328,NULL,NULL,NULL,NULL
26.858519999999995,39.69936,"Grove of Apollo on Mt. Ida near Troy","Asia Minor (Asia)","Ida (mountain)",['alsos'],['3.13.5'],"Ida (mountain)",NULL,NULL,NULL,NULL,NULL,NULL,NULL
22.3244,37.2083,"Sanctuary of Asklepios at Pellana","Lakonia Bk3","Pellana (Lakonia)",['hieron'],['3.21.2'],"Pellana (Lakonia)",NULL,NULL,https://wikidata.org/wiki/Q124616351,NULL,NULL,NULL,NULL
22.8802,37.9054,"Corinth (Corinthia)","Corinthia Bk2","Corinthia Bk2",['polis'],"['1.27.10','1.27.9','1.29.11','1.37.5','1.39.4','1.44.10','1.44.6','10.11.6','10.5.3','10.8.5','10.9.10','2.1.1','2.1.2','2.1.6','2.15.1','2.2.2','2.2.4','2.2.5','2.2.6','2.28.8','2.3.1','2.3.10','2.3.11','2.3.5','2.3.7','2.31.9','2.4.3','2.4.4','2.4.6','2.5.1','2.5.5','2.6.1','2.7.2','2.8.4','2.8.5','3.10.1','3.5.7','4.17.5','5.10.5','5.17.5','6.2.2','7.14.1','7.14.2','7.14.5','7.15.10','7.16.4','7.16.7','7.27.6','7.6.7','7.7.6','7.8.1','7.8.2','9.26.2','9.6.4','9.9.4']",NULL,https://pleiades.stoa.org/places/570182,https://topostext.org/place/379229PKor,https://wikidata.org/wiki/Q1363688,NULL,Korinthos,NULL,NULL
14.9958286,37.751113,"Aetna (mountain)","Sicilia (island)","Sicilia (island)",['oros'],"['10.28.4','3.23.9']",NULL,https://pleiades.stoa.org/places/462077,NULL,https://wikidata.org/wiki/Q16990,NULL,NULL,NULL,NULL
22.4237,37.0821,"Tomb of Orestes near sanctuary of the Fates at Sparta","Lakonia Bk3",Sparta,['taphos'],['3.11.10'],Sparta,NULL,NULL,https://wikidata.org/wiki/Q124616308,https://resource.manto.unh.edu/10146665,NULL,NULL,NULL
22.4237,37.0821,"Sanctuary of Morpho in Aphrodite temple of Sparta","Lakonia Bk3","Temple of Aphrodite with armed xoanon in Sparta",['hieron'],['3.15.10'],"Temple of Aphrodite with armed xoanon in Sparta",NULL,NULL,NULL,NULL,NULL,NULL,NULL
23.062,36.517,"Border of the Boiatai, with sanctuary of Apollo","Lakonia Bk3","Boiai (Lakonia)",['horos'],['3.23.2'],"Boiai (Lakonia)",NULL,NULL,https://wikidata.org/wiki/Q124616551,NULL,NULL,NULL,NULL
22.4237,37.0821,"Dorkeia fountain near Heroon of Dorkeus in Sparta","Lakonia Bk3",Sparta,['krene'],['3.15.2'],Sparta,NULL,NULL,NULL,https://resource.manto.unh.edu/10150575,NULL,NULL,NULL
22.4831905,36.3856534,"Temple fashioned like a cave on Tainaron promontory","Lakonia Bk3","Tainaron (promontory)",['naos'],['3.25.4'],"Tainaron (promontory)",NULL,NULL,https://wikidata.org/wiki/Q124616405,NULL,NULL,NULL,NULL
22.4237,37.0821,"House of Menelaus at Sparta by statue of Herakles","Lakonia Bk3",Sparta,['oikia'],['3.14.6'],Sparta,NULL,NULL,https://wikidata.org/wiki/Q124616338,NULL,NULL,NULL,NULL
22.515967,37.288734,Karyai,"Lakonia Bk3","Lakonia Bk3",['settlement'],"['3.10.7','4.16.9']",NULL,https://pleiades.stoa.org/places/570334,NULL,https://wikidata.org/wiki/Q59148716,NULL,NULL,NULL,NULL
22.2869,37.2785,"Belemina (Lakonia)","Lakonia Bk3","Lakonia Bk3",['settlement'],"['3.21.3','8.27.4','8.35.3','8.35.4']",NULL,https://pleiades.stoa.org/places/570151,https://topostext.org/place/373223UBel,https://wikidata.org/wiki/Q16537117,NULL,Belmina,NULL,NULL
22.973,37.928,"Isthmus of Corinth","Corinthia Bk2","Corinthia Bk2",['chora'],"['1.25.4','1.27.10','1.44.8','10.5.3','2.1.4','2.1.5','2.1.6','2.1.7','2.15.1','2.2.2','2.2.3','2.29.7','2.5.7','2.8.5','3.21.6','3.9.1','4.9.2','5.2.1','5.3.6','6.13.10','7.15.11','7.16.1','7.27.5','7.6.7','7.7.2','8.1.1','8.48.2','8.5.1','8.5.6']",NULL,https://pleiades.stoa.org/places/570317,https://topostext.org/place/379230LIst,https://wikidata.org/wiki/Q215200,NULL,NULL,NULL,NULL
22.4237,37.0821,"Heroon of Oibalos at Sparta","Lakonia Bk3",Sparta,['heroon'],['3.15.10'],Sparta,NULL,NULL,https://wikidata.org/wiki/Q124616568,NULL,NULL,NULL,NULL
22.5047,36.7279,"Gymnasium of Las","Lakonia Bk3","Las polis",['gymnasion'],['3.24.7'],"Las polis",NULL,NULL,https://wikidata.org/wiki/Q124616348,NULL,NULL,NULL,NULL
22.792,36.8,"Tomb of Nikokles at Akriai","Lakonia Bk3","Akriai (Lakonia)",['mnema'],['3.22.5'],"Akriai (Lakonia)",NULL,NULL,https://wikidata.org/wiki/Q124616334,NULL,NULL,NULL,NULL
22.26501,36.84279,"Athena Sanctuary in acropolis of Leuktra","Lakonia Bk3","Leuktra (Lakonia)",['hieron'],['3.26.5'],"Leuktra (Lakonia)",NULL,NULL,https://wikidata.org/wiki/Q124616486,NULL,NULL,NULL,NULL
22.706912,36.992193,"Acropolis of Geronthrai","Lakonia Bk3",Geronthrai,['acropolis'],['3.22.7'],Geronthrai,NULL,NULL,https://wikidata.org/wiki/Q124616547,NULL,NULL,NULL,NULL
22.4237,37.0821,"Sanctuary of Hilaeira and Phoibe (Leukippides) in Sparta","Lakonia Bk3",Sparta,['hieron'],['3.16.1'],Sparta,NULL,NULL,https://wikidata.org/wiki/Q124616457,https://resource.manto.unh.edu/10150333,NULL,NULL,NULL
22.42659,37.08188,"Archive of the Bidiaians near agora of Sparta","Lakonia Bk3","Agora of Sparta",['oikema'],['3.12.4'],"Agora of Sparta",NULL,NULL,NULL,NULL,NULL,NULL,NULL
22.31275269,37.25289778,Peloponnesos,"Hellas (Europe)","Hellas (Europe)","['major region']","['1.13.4','1.13.7','1.25.4','1.27.10','1.27.5','1.3.4','1.41.2','10.1.2','10.18.2','10.38.10','2.1.1','2.1.2','2.1.5','2.12.3','2.13.1','2.13.7','2.18.7','2.20.1','2.21.5','2.24.5','2.26.1','2.26.3','2.26.4','2.34.4','2.34.8','2.37.3','2.5.3','2.5.6','2.5.7','2.7.6','2.8.6','2.9.2','3.1.6','3.13.2','3.2.6','3.21.6','3.22.6','3.3.4','3.7.6','3.9.1','4.14.6','4.15.6','4.24.7','4.26.1','4.26.3','4.26.5','4.27.11','4.27.8','4.27.9','4.28.1','4.29.13','4.29.2','4.29.4','4.31.11','4.34.10','4.34.5','4.34.9','4.35.1','5.1.1','5.1.2','5.1.7','5.1.8','5.3.5','5.3.6','5.6.3','5.8.2','6.2.10','6.2.11','6.7.6','7.13.5','7.15.6','7.3.9','7.7.6','8.1.1','8.1.2','8.27.5','8.30.5','8.38.7','8.45.3','8.5.1','8.5.6','8.51.3','8.54.7','9.14.4','9.15.4','9.32.1','9.9.2']",NULL,https://pleiades.stoa.org/places/570577,NULL,https://wikidata.org/wiki/Q78967,NULL,Peloponnese,NULL,NULL
22.4237,37.0821,"Tomb of Pausanias opposite theater of Sparta","Lakonia Bk3",Sparta,['mnema'],['3.14.1'],Sparta,NULL,NULL,https://wikidata.org/wiki/Q124616271,NULL,NULL,NULL,NULL
22.5047,36.7279,"Asia mountain above Las","Lakonia Bk3","Las polis",['oros'],['3.24.6'],"Las polis",https://pleiades.stoa.org/places/573123,NULL,NULL,NULL,NULL,NULL,NULL
23.5841,38.3074,"Tanagra (Boeotia)","Boiotia Bk9",Tanagraia,['polis'],"['1.29.6','1.29.9','1.34.1','3.11.8','5.10.4','9.20.1','9.20.3','9.22.1','9.22.2','9.22.3','9.22.4']",NULL,https://pleiades.stoa.org/places/580114,https://topostext.org/place/383236PTan,https://wikidata.org/wiki/Q56259452,NULL,NULL,NULL,NULL
22.4237,37.0821,"Sanctuary of Athena Axiopoinos at Sparta","Lakonia Bk3",Sparta,['hieron'],['3.15.6'],Sparta,NULL,NULL,https://wikidata.org/wiki/Q124616454,https://resource.manto.unh.edu/10150590,NULL,NULL,NULL
22.3503405,36.9528148,"Springs of the river Smenos on Taygetos","Lakonia Bk3","Taygetos (mountain)",['pege'],['3.24.9'],"Taygetos (mountain)",NULL,NULL,NULL,NULL,NULL,NULL,NULL
22.5384,38.0446,Pellene,"Achaia Bk7","Achaia Bk7",['settlement'],"['1.25.2','10.9.10','2.7.4','2.8.5','3.1.4','3.26.2','7.17.14','7.26.12','7.26.13','7.26.14','7.27.1','7.27.11','7.27.12','7.27.4','7.27.5','7.27.6','7.27.7','7.27.8','7.27.9','7.6.1','7.7.1','7.7.3','8.15.5','8.15.8','8.27.14']",NULL,https://pleiades.stoa.org/places/570576,NULL,https://wikidata.org/wiki/Q2068130,NULL,NULL,NULL,NULL
23.062,36.517,"Agora of Boiai","Lakonia Bk3","Boiai (Lakonia)",['agora'],['3.22.13'],"Boiai (Lakonia)",NULL,NULL,https://wikidata.org/wiki/Q124606122,NULL,NULL,NULL,NULL
22.5047,36.7279,"Temple of Athena Asia  on Asia Mt. above Las","Lakonia Bk3","Las polis",['naos'],['3.24.7'],"Las polis",NULL,NULL,https://wikidata.org/wiki/Q124616400,NULL,NULL,NULL,NULL
22.9925,36.9683,"Kyphanta (Lakonia)","Lakonia Bk3","Lakonia Bk3",['settlement'],"['3.24.2','3.24.3']",NULL,https://pleiades.stoa.org/places/570398,https://topostext.org/place/370230PKyp,https://wikidata.org/wiki/Q16549019,NULL,NULL,NULL,NULL
23.2733,38.2213,"Plataea (Boeotia)","Boiotia Bk9",Plataiis,"['battlefield','polis']","['1.13.4','1.27.1','1.38.8','10.13.9','10.2.1','10.5.3','10.5.4','2.6.1','3.11.7','3.14.1','3.17.7','3.4.10','3.4.9','3.5.1','3.7.10','6.10.6','6.3.8','7.27.2','7.6.4','8.52.2','8.6.1','9.1.2','9.1.4','9.1.5','9.1.8','9.2.1','9.2.3','9.2.5','9.2.6','9.2.7','9.3.1','9.4.2','9.4.3','9.4.4','9.5.11','9.6.1','9.8.7']",NULL,https://pleiades.stoa.org/places/541063,https://topostext.org/place/382233PPla,https://wikidata.org/wiki/Q742538,NULL,Plataia,NULL,NULL
25.2666,37.4004,"Sanctuary of Delian Apollo on Delos","Aegean Sea (Hellas)","Delos island",['hieron'],"['1.18.5','1.29.1','10.12.5','3.23.3','3.23.5','8.33.2','8.48.3','9.12.6','9.34.6']",NULL,https://pleiades.stoa.org/places/599506,NULL,https://wikidata.org/wiki/Q106802906,NULL,NULL,NULL,NULL
22.17928,36.92565,"Kalathion (mountain)","Lakonia Bk3","Gerenia (Messenia)",['oros'],['3.26.11'],NULL,https://pleiades.stoa.org/places/570324,NULL,https://wikidata.org/wiki/Q25053388,NULL,NULL,NULL,NULL
33.27533716,35.04088353,"Cyprus (island)","Internum Mare","Internum Mare",['nesos'],"['1.29.13','1.6.6','1.6.8','1.9.1','1.9.2','10.24.3','3.11.5','8.15.7','8.5.2','8.5.3','9.19.1','9.41.2']",NULL,https://pleiades.stoa.org/places/707498,NULL,https://wikidata.org/wiki/Q644636,NULL,NULL,NULL,NULL
22.4237,37.0821,"Temple of Zeus Kosmetas on acropolis of Sparta","Lakonia Bk3","South Stoa on Sparta acropolis",['naos'],['3.17.4'],"South Stoa on Sparta acropolis",NULL,NULL,https://wikidata.org/wiki/Q124616506,NULL,NULL,NULL,NULL
22.3503405,36.9528148,Euoras,"Lakonia Bk3","Taygetos (mountain)",['chorion'],"['3.20.4','3.20.5']","Taygetos (mountain)",https://pleiades.stoa.org/places/573222,NULL,NULL,NULL,NULL,NULL,NULL
22.449,37.064,"Tiasa river (Lakonia)","Lakonia Bk3","Lakonia Bk3",['potamos'],['3.18.6'],NULL,https://pleiades.stoa.org/places/570738,https://topostext.org/place/373223WTia,https://wikidata.org/wiki/Q124615228,NULL,NULL,NULL,NULL
22.706912,36.992193,Geronthrai,"Lakonia Bk3","Lakonia Bk3",['polis'],"['3.2.6','3.21.7','3.22.6','3.22.8']",NULL,https://pleiades.stoa.org/places/570263,NULL,https://wikidata.org/wiki/Q15890352,NULL,NULL,NULL,NULL
22.429,37.464,"Tegea (Arkadia)","Arcadia Bk8",Tegeatis,['polis'],"['2.17.7','2.24.5','2.24.7','2.25.1','3.11.10','3.11.7','3.3.5','3.7.10','5.26.4','5.26.5','7.14.4','8.10.1','8.11.1','8.27.2','8.3.4','8.4.3','8.4.8','8.4.9','8.44.1','8.44.7','8.44.8','8.47.1','8.47.5','8.47.6','8.48.5','8.5.3','8.5.4','8.52.6','8.53.10','8.53.11','8.53.7','8.54.4','8.54.5','8.6.4']",NULL,https://pleiades.stoa.org/places/570707,https://topostext.org/place/375224PTeg,https://wikidata.org/wiki/Q645234,NULL,NULL,NULL,NULL
22.42665,37.0815,"Sanctuary of Poseidon Asphalios near agora of Sparta","Lakonia Bk3","Choros (Sparta)",['hieron'],['3.11.9'],"Choros (Sparta)",NULL,NULL,https://wikidata.org/wiki/Q124616428,NULL,NULL,NULL,NULL
22.4237,37.0821,"Poikile clubhouse (lesche) in Sparta","Lakonia Bk3",Sparta,['lesche'],['3.15.8'],Sparta,NULL,NULL,https://wikidata.org/wiki/Q124616534,NULL,NULL,NULL,NULL
22.362287,36.503959,"Sanctuary of Athena Hippolaitis at Hippola","Lakonia Bk3",Hippola,['hieron'],['3.25.9'],Hippola,NULL,NULL,https://wikidata.org/wiki/Q124616481,NULL,NULL,NULL,NULL
22.362287,36.503959,Hippola,"Lakonia Bk3","Lakonia Bk3",['polis'],['3.25.9'],NULL,https://pleiades.stoa.org/places/570294,NULL,https://wikidata.org/wiki/Q60790133,NULL,NULL,NULL,NULL
22.237649,36.884777,"Apollo Karneios cult at Kardamyle","Lakonia Bk3",Kardamyle,['hieron'],['3.26.7'],Kardamyle,NULL,NULL,https://wikidata.org/wiki/Q124616487,NULL,NULL,NULL,NULL
22.09,38.252,"Tomb of Talthybius at agora of Aigion","Achaia Bk7","Agora of Aigion",['mnema'],"['3.12.7','7.24.1']","Agora of Aigion",NULL,NULL,https://wikidata.org/wiki/Q124616311,https://resource.manto.unh.edu/10150685,NULL,NULL,NULL
23.062,36.517,"Temple of Apollo at Boiai","Lakonia Bk3","Boiai (Lakonia)",['naos'],['3.22.13'],"Boiai (Lakonia)",NULL,NULL,https://wikidata.org/wiki/Q124616516,NULL,NULL,NULL,NULL
23.3853,38.0918,"Sacred Orgas region (Attica)","Attica Bk1","Attica Bk1",['chora'],"['3.4.2','3.4.5','3.4.6']",NULL,NULL,https://topostext.org/place/381234RSOr,https://wikidata.org/wiki/Q20639198,NULL,NULL,NULL,NULL
22.4237,37.0821,"Heroon of Aigeus son of  Oeolycus in Sparta","Lakonia Bk3",Sparta,['heroon'],['3.15.8'],Sparta,NULL,NULL,https://wikidata.org/wiki/Q124616570,NULL,NULL,NULL,NULL
22.4237,37.0821,"Sanctuary of Maron and Alpheios at Sparta","Lakonia Bk3",Sparta,['hieron'],['3.12.9'],Sparta,NULL,NULL,https://wikidata.org/wiki/Q124616435,NULL,NULL,NULL,NULL
22.562341,36.763663,"Agora of Gythion","Lakonia Bk3",Gythion,['agora'],['3.21.8'],Gythion,NULL,NULL,https://wikidata.org/wiki/Q124606124,NULL,NULL,NULL,NULL
22.413455,37.043277,Alesiai,"Lakonia Bk3","Lakonia Bk3",['chorion'],['3.20.2'],NULL,https://pleiades.stoa.org/places/570063,NULL,https://wikidata.org/wiki/Q124615475,NULL,NULL,NULL,NULL
22.4237,37.0821,"Sanctuary of Athena Ergane on acropolis of Sparta","Lakonia Bk3","Acropolis of Sparta",['hieron'],['3.17.4'],"Acropolis of Sparta",NULL,NULL,https://wikidata.org/wiki/Q124616461,NULL,NULL,NULL,NULL
22.9019,36.7236,"Hyperteleaton Asclepius sanctuary","Lakonia Bk3","Lakonia Bk3",['hieron'],['3.22.10'],NULL,https://pleiades.stoa.org/places/570302,https://topostext.org/place/367229SHyp,https://wikidata.org/wiki/Q60792068,NULL,NULL,NULL,NULL
22.4237,37.0821,"Heroon of Alkon  at Sparta","Lakonia Bk3",Sparta,['heroon'],['3.14.7'],Sparta,NULL,NULL,https://wikidata.org/wiki/Q124616559,NULL,NULL,NULL,NULL
22.4237,37.0821,"Heroon of Amphiaraus son of Oecles at Sparta","Lakonia Bk3",Sparta,['heroon'],['3.12.5'],Sparta,NULL,NULL,https://wikidata.org/wiki/Q124616552,NULL,NULL,NULL,NULL
22.602,36.796,"Trinasos (Lakonia)","Lakonia Bk3","Lakonia Bk3",['teichos'],['3.22.3'],NULL,https://pleiades.stoa.org/places/570753,https://topostext.org/place/368226FTri,https://wikidata.org/wiki/Q60792067,NULL,NULL,NULL,NULL
22.4237,37.0821,"Western stoa on acropolis of Sparta","Lakonia Bk3","Acropolis of Sparta",['stoa'],['3.17.4'],"Acropolis of Sparta",NULL,NULL,https://wikidata.org/wiki/Q124616420,NULL,NULL,NULL,NULL
22.548448,36.884856,"Quarries at Krokeai","Lakonia Bk3",Krokeai,['lithotomia'],['3.21.4'],Krokeai,NULL,NULL,https://wikidata.org/wiki/Q124616493,NULL,NULL,NULL,NULL
22.44165,37.069,"Sanctuary of Gaiouchos Poseidon near Phoibaion of Sparta","Lakonia Bk3","Phoibaion (Sparta)",['hieron'],['3.20.2'],"Phoibaion (Sparta)",NULL,NULL,https://wikidata.org/wiki/Q124616466,NULL,NULL,NULL,NULL
28.196786,36.720882,Syrnos,"Asia Minor (Asia)","Caria region",['settlement'],['3.26.10'],NULL,https://pleiades.stoa.org/places/599953,NULL,https://wikidata.org/wiki/Q65066296,NULL,NULL,NULL,NULL
22.4502,37.0363,"Tomb of Agamemnon with agalma, at Amyclae","Lakonia Bk3","Amyclae (Laconia)",['mnema'],['3.19.6'],"Amyclae (Laconia)",NULL,NULL,https://wikidata.org/wiki/Q124616332,https://resource.manto.unh.edu/10149905,NULL,NULL,NULL
22.273,37.5448,"Dipaia (Arkadia)","Arcadia Bk8","Arcadia Bk8","['battlefield','polis','polisma']","['3.11.7','8.27.3','8.30.1','8.45.2','8.8.6']",NULL,https://pleiades.stoa.org/places/570199,https://topostext.org/place/375223PDip,https://wikidata.org/wiki/Q1227119,NULL,NULL,NULL,NULL
22.9968,38.4128,"Athena Itonia sanctuary in Boeotia","Boiotia Bk9","Boiotia Bk9",['hieron'],"['3.9.13','9.34.1','9.34.5']",NULL,https://pleiades.stoa.org/places/540678,https://topostext.org/place/384230SAth,https://wikidata.org/wiki/Q13574897,https://resource.manto.unh.edu/10785268,NULL,NULL,NULL
28.040278,38.488333,Sardis/Hyde?,"Asia Minor (Asia)","Lydia (province)",['settlement'],"['3.9.5','3.9.8','4.24.2','5.6.5']",NULL,https://pleiades.stoa.org/places/550867,NULL,https://wikidata.org/wiki/Q232615,NULL,NULL,NULL,NULL
22.4237,37.0821,Sparta,"Lakonia Bk3","Lakonia Bk3",['polis'],"['1.13.6','1.29.8','10.12.2','2.18.2','2.18.5','2.21.8','2.9.1','3.1.2','3.10.1','3.11.1','3.11.2','3.13.3','3.13.4','3.13.7','3.14.2','3.14.7','3.15.3','3.15.4','3.15.5','3.15.8','3.18.6','3.19.6','3.2.2','3.2.3','3.2.7','3.20.10','3.20.8','3.21.2','3.21.6','3.21.7','3.26.5','3.26.7','3.3.2','3.3.3','3.5.1','3.6.3','3.6.4','3.6.7','3.7.1','3.7.2','3.7.5','3.7.8','3.8.3','3.8.9','3.9.11','4.1.2','4.12.4','4.12.5','4.12.8','4.12.9','4.14.3','4.14.4','4.15.2','4.15.3','4.15.5','4.15.6','4.16.1','4.16.9','4.17.6','4.18.3','4.19.5','4.20.5','4.21.6','4.22.1','4.22.4','4.22.5','4.22.6','4.23.2','4.24.6','4.26.4','4.27.4','4.29.6','4.29.9','4.31.1','4.31.3','4.4.4','4.4.8','4.5.4','4.5.6','4.5.7','4.7.7','4.8.3','4.9.5','6.16.8','6.2.1','6.4.9','6.7.6','7.1.8','7.12.2','7.12.6','7.12.7','7.12.8','7.13.1','7.13.2','7.13.4','7.13.6','7.14.5','7.20.8','7.24.1','7.7.3','7.8.4','7.8.5','7.9.2','7.9.5','8.11.6','8.12.6','8.27.11','8.51.1','8.51.3','8.51.4','8.52.3','8.52.6','8.8.11','9.13.2','9.13.9','9.14.1','9.14.5','9.32.10','9.32.7']",NULL,https://pleiades.stoa.org/places/570685,https://topostext.org/place/371224PSpa,https://wikidata.org/wiki/Q5690,NULL,"Lacedaemon Lakedaimon",NULL,NULL
22.4831,36.3862,"Spring at Tainaron, formerly showing visions of harbors","Lakonia Bk3","Tainaron cape sanctuary",['pege'],['3.25.8'],NULL,NULL,NULL,NULL,NULL,NULL,NULL,NULL
22.42659,37.08188,"Tomb of Aphareus son of Perieres","Lakonia Bk3","Ancient Ephoreia in Sparta",['mnema'],['3.11.11'],"Ancient Ephoreia in Sparta",NULL,NULL,https://wikidata.org/wiki/Q124616309,https://resource.manto.unh.edu/10151172,NULL,NULL,NULL
22.4237,37.0821,"Sanctuary of Herakles at Sparta","Lakonia Bk3",Sparta,['hieron'],['3.15.3'],Sparta,NULL,NULL,https://wikidata.org/wiki/Q124616453,NULL,NULL,NULL,NULL
22.9925,36.9683,"Sacred cave of Asklepios at Kyphanta","Lakonia Bk3","Kyphanta (Lakonia)",['spelaion'],['3.24.2'],"Kyphanta (Lakonia)",NULL,NULL,https://wikidata.org/wiki/Q124616421,NULL,NULL,NULL,NULL
21.5193991,38.3288971,"Euenos (river)","Aitolia region","Aitolia region",['potamos'],"['10.38.2','3.18.12']",NULL,https://pleiades.stoa.org/places/540780,NULL,https://wikidata.org/wiki/Q522489,NULL,NULL,NULL,NULL
23.164,36.476,"Side (Lakonia)","Lakonia Bk3","Lakonia Bk3",['polis'],['3.22.11'],NULL,https://pleiades.stoa.org/places/570669,https://topostext.org/place/363233PSid,https://wikidata.org/wiki/Q16631417,NULL,NULL,NULL,NULL
22.237649,36.884777,"Sanctuary of Athena at Kardamyle","Lakonia Bk3",Kardamyle,['hieron'],['3.26.7'],Kardamyle,NULL,NULL,https://wikidata.org/wiki/Q124616488,NULL,NULL,NULL,NULL
22.57391,36.75398,"Kranae (island)","Lakonia Bk3",Gythion,['nesos'],['3.22.1'],NULL,https://pleiades.stoa.org/places/570379,NULL,https://wikidata.org/wiki/Q5181876,NULL,NULL,NULL,NULL
22.4237,37.0821,"Sanctuary of Apollo Maleates at Sparta","Lakonia Bk3",Sparta,['hieron'],['3.12.8'],Sparta,NULL,NULL,https://wikidata.org/wiki/Q124616431,NULL,NULL,NULL,NULL
22.42665,37.0815,"Choros (Sparta)","Lakonia Bk3",Sparta,['oikema'],['3.11.9'],NULL,NULL,https://topostext.org/place/371224SCho,NULL,NULL,NULL,NULL,NULL
23.3,40.5,"Chalcidike region (Chalkidike)","Macedonia (Europe)","Macedonia (Europe)",['chora'],['3.5.9'],NULL,NULL,https://topostext.org/place/405233RCha,https://wikidata.org/wiki/Q204728,NULL,NULL,NULL,NULL
22.1714,37.1109,"Sanctuary of Artemis Limnatis beween Lakonia and Messenia","Lakonia Bk3","Limnai (Messenia)",['hieron'],"['3.2.6','3.7.4','4.31.3','4.4.2']",NULL,NULL,https://topostext.org/place/371222SLim,https://wikidata.org/wiki/Q107161014,NULL,NULL,NULL,NULL
22.80004,37.59918,"Grove of Argus, at Sepeia near Tiryns","Argolid Bk2",Tiryns,['alsos'],"['2.20.8','3.4.1']",Tiryns,NULL,NULL,https://wikidata.org/wiki/Q106350076,NULL,NULL,NULL,NULL
22.42972,37.07333,"Round building by the Skias in Sparta","Lakonia Bk3",Sparta,['oikema'],['3.12.11'],NULL,NULL,NULL,NULL,NULL,NULL,NULL,NULL
16.14501,38.03955,"Zephyrium Pr.","Italia (Europe)","Italia (Europe)",['akra'],"['3.3.1','6.19.6','6.6.4']",NULL,https://pleiades.stoa.org/places/452495,NULL,NULL,NULL,NULL,NULL,NULL
22.4203,37.4555,"Athena Alea sanctuary near Tegea","Arcadia Bk8","Tegea (Arkadia)",['hieron'],"['3.5.6','3.7.10','8.4.8','8.41.8','8.45.4']",NULL,https://pleiades.stoa.org/places/372843530,https://topostext.org/place/375224SAth,https://wikidata.org/wiki/Q3983230,https://resource.manto.unh.edu/9614063,NULL,NULL,NULL
25.150727999999997,37.08579,Paros,"Aegean Sea (Hellas)","Paros (island)",['polis'],"['1.32.4','10.28.3','3.18.8','8.47.1','9.22.6']",NULL,https://pleiades.stoa.org/places/599867,NULL,https://wikidata.org/wiki/Q65040323,NULL,NULL,NULL,NULL
22.26501,36.84279,"Temple of Kassandra/Alexandra in Leuktra","Lakonia Bk3","Leuktra (Lakonia)",['naos'],['3.26.5'],"Leuktra (Lakonia)",NULL,NULL,https://wikidata.org/wiki/Q124616406,NULL,NULL,NULL,NULL
23.42372,37.74991,"Aigina island Bk2",NULL,"Saronic Gulf",['nesos'],"['10.30.4','2.29.10','2.29.2','2.29.5','2.29.6','2.30.3','2.30.4','2.30.5','2.38.5','2.5.2','3.4.2','3.4.3','5.25.13','8.42.10']",NULL,https://pleiades.stoa.org/places/579844,NULL,https://wikidata.org/wiki/Q191082,NULL,Aegina,https://imperium.ahlfeldt.se/places/43633,NULL
22.562341,36.763663,"Kastorides gates of Gythion","Lakonia Bk3",Gythion,['pylai'],['3.21.9'],Gythion,NULL,NULL,NULL,NULL,NULL,NULL,NULL
23.026,36.731,"Acropolis of Epidauros Limera","Lakonia Bk3","Epidaurus Limera (Laconia)",['acropolis'],['3.23.10'],"Epidaurus Limera (Laconia)",NULL,NULL,https://wikidata.org/wiki/Q124616549,NULL,NULL,NULL,NULL
22.562341,36.763663,"Sanctuary of Demeter at Gythion","Lakonia Bk3",Gythion,['hieron'],['3.21.8'],Gythion,NULL,NULL,https://wikidata.org/wiki/Q124616468,NULL,NULL,NULL,NULL
22.42659,37.08188,"Ancient Ephoreia in Sparta","Lakonia Bk3","Agora of Sparta",['oikema'],['3.11.11'],"Agora of Sparta",NULL,NULL,NULL,NULL,NULL,NULL,NULL
23.062,36.517,"Temple of Asklepios at Boiai","Lakonia Bk3","Boiai (Lakonia)",['naos'],['3.22.13'],"Boiai (Lakonia)",NULL,NULL,https://wikidata.org/wiki/Q124616357,NULL,NULL,NULL,NULL
22.562341,36.763663,"Temple of Asklepios in Gythion","Lakonia Bk3",Gythion,['naos'],['3.21.8'],Gythion,NULL,NULL,https://wikidata.org/wiki/Q124616356,NULL,NULL,NULL,NULL
12.839871000000002,37.939199,Egesta,"Sicilia (island)","Sicilia (island)",['polis'],['3.16.5'],NULL,https://pleiades.stoa.org/places/462487,NULL,https://wikidata.org/wiki/Q692847,NULL,Segesta,NULL,NULL
22.4237,37.0821,"Tomb of Eukosmos son of Lykourgos in Sparta","Lakonia Bk3","Sanctuary of Lykourgos in Sparta",['taphos'],['3.16.6'],"Sanctuary of Lykourgos in Sparta",NULL,NULL,https://wikidata.org/wiki/Q124616327,NULL,NULL,NULL,NULL
23.026,36.731,"Harbor of Epidauros Limera","Lakonia Bk3","Epidaurus Limera (Laconia)",['limen'],['3.23.10'],"Epidaurus Limera (Laconia)",NULL,NULL,https://wikidata.org/wiki/Q124616409,NULL,NULL,NULL,NULL
22.42659,37.08188,"Persian stoa in Sparta","Lakonia Bk3","Agora of Sparta",['stoa'],['3.11.3'],"Agora of Sparta",NULL,NULL,https://wikidata.org/wiki/Q28721313,NULL,NULL,NULL,NULL
23.9937505,37.926189,"Sanctuary of Artemis Brauronia in Attica","Attica Bk1","Attica Bk1",['hieron'],"['1.33.1','3.16.7','3.16.8','8.46.3']",NULL,https://pleiades.stoa.org/places/579879,NULL,https://wikidata.org/wiki/Q475497,NULL,NULL,NULL,NULL
22.3503405,36.9528148,"Taygetos (mountain)","Lakonia Bk3","Lakonia Bk3",['oros'],"['3.1.2','3.20.2','3.20.3','3.20.4','3.20.5','3.20.7','3.24.9','4.7.2','8.24.4']",NULL,https://pleiades.stoa.org/places/570706,NULL,https://wikidata.org/wiki/Q515809,NULL,NULL,NULL,NULL
22.3244,37.2083,Lankia,"Lakonia Bk3","Pellana (Lakonia)",['pege'],['3.21.2'],"Pellana (Lakonia)",https://pleiades.stoa.org/places/573331,NULL,NULL,NULL,"Lancia spring near Pellana",NULL,NULL
22.09,36.83,"Messenian gulf","Messenia Bk4","Messenia Bk4",['kolpos'],"['3.26.2','4.34.4']",NULL,https://pleiades.stoa.org/places/570123,https://topostext.org/place/368221WMes,https://wikidata.org/wiki/Q1474634,NULL,"Asinaean gulf Coronaeus sinus",NULL,NULL
21.05,38.6917,Akarnania,"Hellas (Europe)","Hellas (Europe)",['chora'],"['1.28.3','3.13.4','4.25.5','7.18.9']",NULL,https://pleiades.stoa.org/places/530767,NULL,https://wikidata.org/wiki/Q416070,NULL,Acarnania,NULL,NULL
22.4237,37.0821,"Altar in sanctuary of Lykourgos in Sparta","Lakonia Bk3","Sanctuary of Lykourgos in Sparta",['bomos'],['3.16.6'],"Sanctuary of Lykourgos in Sparta",NULL,NULL,https://wikidata.org/wiki/Q124616539,NULL,NULL,NULL,NULL
22.8426,36.6845,"Sanctuary of Asklepios Philolaus above Asopos","Lakonia Bk3","Asopos (Lakonia)",['hieron'],['3.22.9'],"Asopos (Lakonia)",NULL,NULL,https://wikidata.org/wiki/Q124616353,NULL,NULL,NULL,NULL
22.4535,37.0658,"Tomb of Menelaus and Helen at Menelaion","Lakonia Bk3","Menelaion (Lakonia)",['taphos'],['3.19.9'],"Menelaion (Lakonia)",NULL,NULL,NULL,NULL,NULL,NULL,NULL
22.42665,37.0815,"Sanctuary of Athena Agoraia at Sparta","Lakonia Bk3","Choros (Sparta)",['hieron'],['3.11.9'],"Choros (Sparta)",NULL,NULL,https://wikidata.org/wiki/Q124616592,NULL,NULL,NULL,NULL
22.4237,37.0821,"Tomb of Kynortas in Sparta near the Skias","Lakonia Bk3","Skias of Sparta",['taphos'],['3.13.1'],"Skias of Sparta",NULL,NULL,https://wikidata.org/wiki/Q124616317,https://resource.manto.unh.edu/10151175,NULL,NULL,NULL
27.424112,37.037864,Halicarnassus/Halikarnassos,"Asia Minor (Asia)","Caria region",['polis'],"['2.30.9','3.11.3','8.16.4']",NULL,https://pleiades.stoa.org/places/599636,NULL,https://wikidata.org/wiki/Q5843680,NULL,NULL,NULL,NULL
22.4237,37.0821,"Sanctuary of Earth Gasêpton at Sparta","Lakonia Bk3",Sparta,['hieron'],['3.12.8'],Sparta,NULL,NULL,https://wikidata.org/wiki/Q124616434,NULL,NULL,NULL,NULL
26.4,40.2,Hellespontus,"Asia (continent)","Asia Minor (Asia)",['strait'],"['1.29.10','1.29.13','1.6.5','10.15.3','3.17.8','3.4.9','9.27.1']",NULL,https://pleiades.stoa.org/places/501434,NULL,https://wikidata.org/wiki/Q6514,NULL,NULL,NULL,NULL
22.4867,36.4018,"Tainaron cape sanctuary","Lakonia Bk3","Tainaron (promontory)","['hieron','settlement']","['2.33.2','3.25.9','4.24.5','7.25.3']",NULL,https://pleiades.stoa.org/places/570702,https://topostext.org/place/364225STai,https://wikidata.org/wiki/Q33119266,NULL,NULL,NULL,NULL
27.165609000000003,39.118873,"Asklepieion of Pergamon","Asia Minor (Asia)",Pergamum,['Asclepieion'],"['2.26.8','2.26.9','2.27.5','3.26.10']",NULL,https://pleiades.stoa.org/places/550459,NULL,https://wikidata.org/wiki/Q630373,NULL,NULL,NULL,NULL
23.066,36.489,"Etis (Lakonia)","Lakonia Bk3","Lakonia Bk3",['polis'],"['3.22.11','3.22.13','8.12.8']",NULL,https://pleiades.stoa.org/places/573215,https://topostext.org/place/368228PEti,https://wikidata.org/wiki/Q16652109,NULL,NULL,NULL,NULL
21.665725,36.930136,"Sphakteria (island)","Messenia Bk4","Messenia Bk4",['nesos'],"['1.13.5','1.15.4','3.5.5','4.26.1','4.26.2','4.36.6','6.22.6']",NULL,https://pleiades.stoa.org/places/570686,NULL,https://wikidata.org/wiki/Q1303524,NULL,NULL,NULL,NULL
22.4237,37.0821,"Temple of Hipposthenes in Sparta","Lakonia Bk3",Sparta,['naos'],['3.15.7'],Sparta,NULL,NULL,https://wikidata.org/wiki/Q124616504,NULL,NULL,NULL,NULL
22.4237,37.0821,"Heroon of Chilon at Sparta","Lakonia Bk3",Sparta,['heroon'],['3.16.4'],Sparta,NULL,NULL,https://wikidata.org/wiki/Q124616577,NULL,NULL,NULL,NULL
22.4831905,36.3856534,"Tainaron (promontory)","Lakonia Bk3","Lakonia Bk3",['akra'],"['3.14.2','3.21.7','3.25.4','3.25.5','3.25.7','3.25.8','3.25.9']",NULL,https://pleiades.stoa.org/places/570703,NULL,https://wikidata.org/wiki/Q849911,NULL,NULL,NULL,NULL
22.501,36.727,"Smenos river (Lakonia)","Lakonia Bk3","Lakonia Bk3",['potamos'],['3.24.9'],NULL,NULL,https://topostext.org/place/368223WSme,NULL,NULL,NULL,NULL,NULL
26.411220000000004,40.19406,Abydos,"Asia Minor (Asia)",Troas,['polis'],['3.9.12'],NULL,https://pleiades.stoa.org/places/501325,NULL,https://wikidata.org/wiki/Q336446,NULL,NULL,NULL,NULL
22.4237,37.0821,"City gates of Sparta from Chiton","Lakonia Bk3","city walls of Sparta",['pylai'],['3.16.4'],Sparta,NULL,NULL,NULL,NULL,NULL,NULL,NULL
23.062,36.517,"Temple of Sarapis at Boiai","Lakonia Bk3","Boiai (Lakonia)",['naos'],['3.22.13'],"Boiai (Lakonia)",NULL,NULL,https://wikidata.org/wiki/Q124616518,NULL,NULL,NULL,NULL
22.4397,37.1884,"Sellasia (Lakonia)","Lakonia Bk3","Lakonia Bk3",['polis'],"['2.7.4','2.9.2','3.10.7','4.29.9','7.7.4','8.49.5']",NULL,https://pleiades.stoa.org/places/570662,https://topostext.org/place/372224PSel,https://wikidata.org/wiki/Q59431661,NULL,NULL,NULL,NULL
23.0502,36.68818,"Minoa (promontory)","Lakonia Bk3","Lakonia Bk3",['akra'],['3.23.11'],NULL,https://pleiades.stoa.org/places/570487,NULL,https://wikidata.org/wiki/Q654616,NULL,NULL,NULL,NULL
22.9503,36.3852,"Platanistos cape (Kythera)","Aegean Sea (Hellas)","Cythera island",['akra'],['3.23.1'],NULL,https://pleiades.stoa.org/places/570618,https://topostext.org/place/363230LPla,NULL,NULL,NULL,NULL,NULL
22.432959,36.659054,"Agora of Pyrrichos","Lakonia Bk3",Pyrrichos,['agora'],['3.25.3'],Pyrrichos,NULL,NULL,https://wikidata.org/wiki/Q124606126,NULL,NULL,NULL,NULL
22.4301,36.9896,"Lapithaion (Lakonia)","Lakonia Bk3","Lakonia Bk3",['chorion'],['3.20.7'],NULL,https://pleiades.stoa.org/places/570413,https://topostext.org/place/370224ULap,https://wikidata.org/wiki/Q60792059,NULL,NULL,NULL,NULL
22.5047,36.7279,"Las ancient city on summit of Asia Mt.","Lakonia Bk3","Asia mountain above Las",['polis'],['3.24.6'],"Asia mountain above Las",NULL,NULL,https://wikidata.org/wiki/Q124616582,NULL,NULL,NULL,NULL
22.8426,36.6845,"Gymnasium of Asopos with huge human bones they honor","Lakonia Bk3","Asopos (Lakonia)",['gymnasion'],['3.22.9'],"Asopos (Lakonia)",NULL,NULL,https://wikidata.org/wiki/Q124616347,NULL,NULL,NULL,NULL
22.42665,37.0815,"Sanctuary of Hera at agora of Sparta","Lakonia Bk3","Choros (Sparta)",['hieron'],['3.11.9'],"Choros (Sparta)",NULL,NULL,https://wikidata.org/wiki/Q124616594,NULL,NULL,NULL,NULL
24.8279,37.8186,"Andros polis","Aegean Sea (Hellas)","Andros (island)",['polis'],"['3.11.6','6.14.13']",NULL,https://pleiades.stoa.org/places/589692,https://topostext.org/place/378248PAnd,https://wikidata.org/wiki/Q62944263,NULL,NULL,https://imperium.ahlfeldt.se/places/39550,NULL
12.5,42.5,"Italia (Europe)",NULL,Europe,"['major region']","['1.11.7','1.12.1','1.12.2','1.13.2','1.23.5','1.29.14','1.36.6','10.10.7','10.13.10','10.17.10','10.17.11','2.23.5','2.27.4','3.10.5','3.12.6','3.19.12','3.22.11','3.3.1','4.23.6','4.26.5','5.25.3','5.25.6','6.19.9','6.3.12','6.6.4','6.6.8','6.7.4','7.4.7','8.15.9','8.3.5']",NULL,https://pleiades.stoa.org/places/1052,NULL,https://wikidata.org/wiki/Q913582,NULL,Italy,NULL,NULL
22.4237,37.0821,"Dromos (race course) of Sparta near tombs of Agiads","Lakonia Bk3",Sparta,['stadion'],['3.14.6'],Sparta,NULL,NULL,https://wikidata.org/wiki/Q124616533,NULL,NULL,NULL,NULL
22.4237,37.0821,"Heroon of Astrabakos at Sanctuary of Lykourgos in Sparta","Lakonia Bk3","Sanctuary of Lykourgos in Sparta",['heroon'],['3.16.6'],"Sanctuary of Lykourgos in Sparta",NULL,NULL,https://wikidata.org/wiki/Q124616579,NULL,NULL,NULL,NULL
22.4237,37.0821,"Tomb of Talthybius near the Hellenion at Sparta","Lakonia Bk3",Sparta,['mnema'],"['3.12.7','7.24.1']",Sparta,NULL,NULL,https://wikidata.org/wiki/Q124616312,https://resource.manto.unh.edu/10150683,NULL,NULL,NULL
23.066,36.489,"Sanctuary of Asklepios and Hygieia in ruins of Etis","Lakonia Bk3","Etis (Lakonia)",['Asclepieion'],['3.22.13'],"Etis (Lakonia)",NULL,NULL,https://wikidata.org/wiki/Q124616352,NULL,NULL,NULL,NULL
26.5,41,"Thrace (Europe)",NULL,Europe,"['major region']","['1.10.2','1.25.2','1.29.13','1.29.4','1.29.5','1.38.2','1.6.4','1.9.5','10.11.5','10.19.5','2.30.2','3.9.12','5.10.8','5.12.6','5.27.12','6.5.4','7.4.3','8.29.1','9.30.9']",NULL,https://pleiades.stoa.org/places/501638,https://topostext.org/place/410265RThr,https://wikidata.org/wiki/Q41741,NULL,Thracia,NULL,NULL
20.25,39.75,Hades,"Hellas (Europe)",Thesprotia,"['mythical place']","['10.28.5','10.28.7','2.31.2','2.37.5','2.5.1','3.24.11','4.33.7','8.18.3','8.48.6','9.30.4','9.31.5','9.33.2','9.5.8']",Thesprotia,NULL,NULL,https://wikidata.org/wiki/Q1521549,NULL,Underworld,NULL,NULL
22.4502,37.0363,"Tomb of Hyakinthos at Amyklai","Lakonia Bk3","Sanctuary of Apollo at Amyklai",['mnema'],['3.1.3'],"Sanctuary of Apollo at Amyklai",NULL,NULL,https://wikidata.org/wiki/Q124616307,https://resource.manto.unh.edu/10127961,NULL,NULL,NULL
22.3257,36.7862,"Oracular sanctuary of Ino on Oitylos-Thalamai road","Lakonia Bk3","Thalamai (Lakonia/Messenia)",['hieron'],['3.26.1'],"Thalamai (Lakonia/Messenia)",NULL,NULL,https://wikidata.org/wiki/Q124616482,https://resource.manto.unh.edu/10151084,NULL,NULL,NULL
22.819373,37.042584,"Sanctuary of Artemis with springs at Marios","Lakonia Bk3",Marios,['hieron'],['3.22.8'],Marios,NULL,NULL,https://wikidata.org/wiki/Q124616472,NULL,NULL,NULL,NULL
22.4237,37.0821,"Temple of Thetis in sanctuary at Sparta","Lakonia Bk3",Sparta,['naos'],['3.14.4'],Sparta,NULL,NULL,https://wikidata.org/wiki/Q124616502,NULL,NULL,NULL,NULL
20.638399,38.44193,"Ithaca (island)","Hellas (Europe)","Ionian Sea (Greece/Italy)",['nesos'],"['3.20.10','4.1.3','8.14.6']",NULL,https://pleiades.stoa.org/places/530906,https://topostext.org/place/383204UIth,https://wikidata.org/wiki/Q187471,NULL,NULL,NULL,NULL
22.3244,37.2083,"Pellanis spring at Pellana","Lakonia Bk3","Pellana (Lakonia)",['pege'],['3.21.2'],"Pellana (Lakonia)",NULL,NULL,NULL,NULL,NULL,NULL,NULL
25.268194,37.397274,"Delos island","Aegean Sea (Hellas)","Cyclades region (Aegean)",['nesos'],"['1.18.5','1.19.6','1.29.1','1.31.2','2.27.1','2.33.2','3.23.3','3.23.4','4.33.2','4.36.6','4.4.1','5.19.10','5.7.8','8.33.2']",NULL,https://pleiades.stoa.org/places/599588,NULL,https://wikidata.org/wiki/Q173148,NULL,NULL,https://imperium.ahlfeldt.se/places/41356,NULL
22.428,37.0851,"Temple of Dionysus Colonatas in Sparta","Lakonia Bk3",Sparta,['naos'],"['3.13.7','3.13.8']",NULL,NULL,https://topostext.org/place/371224SDiK,https://wikidata.org/wiki/Q117272549,NULL,NULL,NULL,NULL
22.3257,36.7862,"Temple in sanctuary of Ino near Thalamai","Lakonia Bk3","Oracular sanctuary of Ino on Oitylos-Thalamai road",['naos'],['3.26.1'],"Oracular sanctuary of Ino on Oitylos-Thalamai road",NULL,NULL,NULL,NULL,NULL,NULL,NULL
22.42659,37.08188,"Sanctuary of Zeus Agoraios at Sparta","Lakonia Bk3","Agora of Sparta",['hieron'],['3.11.9'],"Agora of Sparta",NULL,NULL,https://wikidata.org/wiki/Q124616429,NULL,NULL,NULL,NULL
22.4237,37.0821,"Tomb of Tainaros at Sparta","Lakonia Bk3",Sparta,['mnema'],['3.14.2'],Sparta,NULL,NULL,https://wikidata.org/wiki/Q124616296,https://resource.manto.unh.edu/10150393,NULL,NULL,NULL
22.4237,37.0821,"Sanctuary of Zeus Euanemos","Lakonia Bk3","Kolôna in Sparta, opposite Zeus Amboulios",['hieron'],['3.13.8'],"Kolôna in Sparta, opposite Zeus Amboulios",NULL,NULL,https://wikidata.org/wiki/Q124616441,NULL,NULL,NULL,NULL
21.695,37.027,"Pylos/Palace of Nestor (Messenia)","Messenia Bk4","Messenia Bk4",['polis'],"['3.26.8','9.36.8','9.41.4']",NULL,https://pleiades.stoa.org/places/156116232,https://topostext.org/place/370217XNes,https://wikidata.org/wiki/Q2047396,NULL,NULL,NULL,NULL
22.4237,37.0821,"Hill in Sparta near Kolonos","Lakonia Bk3",Sparta,['lophos'],['3.13.8'],Sparta,NULL,NULL,NULL,NULL,NULL,NULL,NULL
22.562341,36.763663,"Sanctuary of Aphrodite Migonitis on mainland opposite Kranae island","Lakonia Bk3",Gythion,['hieron'],['3.22.1'],Gythion,NULL,NULL,https://wikidata.org/wiki/Q124616469,https://resource.manto.unh.edu/10146676,NULL,NULL,NULL
30.20325,45.25471,"Temple of Achilles on Leuke island","Pontus Euxinus","Leuke island in Black Sea",['naos'],['3.19.11'],"Leuke island in Black Sea",NULL,NULL,https://wikidata.org/wiki/Q124616510,NULL,NULL,NULL,NULL
22.4289,37.07593,"Poseidon Tainarios (Sparta)","Lakonia Bk3",Sparta,['temenos'],['3.12.5'],NULL,https://pleiades.stoa.org/places/469183604,https://topostext.org/place/371224SPoT,NULL,NULL,NULL,NULL,NULL
22.4237,37.0821,"Tomb of Theopompos son of Nikandros in Sparta","Lakonia Bk3","Sanctuary of Lykourgos in Sparta",['mnema'],['3.16.6'],"Sanctuary of Lykourgos in Sparta",NULL,NULL,https://wikidata.org/wiki/Q124616330,NULL,NULL,NULL,NULL
23.217,39.0097,"Artemision (Euboea)","Euboea (island)","Euboea (island)",['battlefield'],"['1.14.5','10.14.5','3.16.6']",NULL,https://pleiades.stoa.org/places/540667,https://topostext.org/place/390232SArt,https://wikidata.org/wiki/Q105317807,NULL,NULL,NULL,NULL
23.0291,36.2295,"Cythera polis","Aegean Sea (Hellas)","Cythera island",['polis'],"['1.27.5','3.23.1']",NULL,https://pleiades.stoa.org/places/570400,https://topostext.org/place/363230PKyt,https://wikidata.org/wiki/Q11855334,NULL,Kythera,NULL,NULL
22.442714,36.460433,"Aphrodite temple (Kainepolis)","Lakonia Bk3",Kainepolis,['naos'],['3.25.9'],Kainepolis,NULL,https://topostext.org/place/365224SApK,NULL,NULL,NULL,NULL,NULL
22.4237,37.0821,"Sanctuary of Poseidon Genethlios at Sparta","Lakonia Bk3",Sparta,['hieron'],['3.15.10'],Sparta,NULL,NULL,https://wikidata.org/wiki/Q124616451,NULL,NULL,NULL,NULL
24.6099,38.82754,"Scyrus (island)","Aegean Sea (Hellas)","Aegean Sea (Hellas)",['nesos'],"['1.17.6','3.25.1','3.3.7']",NULL,https://pleiades.stoa.org/places/541093,NULL,https://wikidata.org/wiki/Q208566,NULL,NULL,NULL,NULL
22.42659,37.08188,"Sanctuary of Athena Xenia at Sparta","Lakonia Bk3","Agora of Sparta",['hieron'],['3.11.11'],"Agora of Sparta",NULL,NULL,https://wikidata.org/wiki/Q124616588,NULL,NULL,NULL,NULL
22.4237,37.0821,"Tomb of Polemarchos in Sparta","Lakonia Bk3",Sparta,['mnema'],['3.3.3'],Sparta,NULL,NULL,https://wikidata.org/wiki/Q124616337,NULL,NULL,NULL,NULL
22.4502,37.0363,"Sanctuary of Apollo at Amyklai","Lakonia Bk3","Amyclae (Laconia)",['hieron'],['3.18.9'],"Amyclae (Laconia)",https://pleiades.stoa.org/places/73644851,NULL,https://wikidata.org/wiki/Q13074886,NULL,"Amyclae Apollo sanctuary",NULL,NULL
77.5,22.5,India,"Asia (continent)","Asia (continent)",['chora'],"['3.12.4','5.12.3','9.21.5']",NULL,https://pleiades.stoa.org/places/50004,NULL,https://wikidata.org/wiki/Q17055962,NULL,NULL,NULL,NULL
22.5,37.5,"Hellas (Europe)",Europe,Europe,"['major region']","['1.1.1','1.12.1','1.27.9','1.29.5','1.3.5','1.4.1','1.4.2','1.41.8','1.5.5','10.14.6','10.17.3','10.19.12','10.19.5','10.19.7','10.19.8','10.20.9','10.23.12','10.23.14','10.23.8','10.24.3','10.25.1','10.34.5','10.5.3','10.9.2','2.1.8','2.29.7','2.29.8','2.33.5','2.4.5','3.11.3','3.12.7','3.17.8','3.20.6','3.3.3','3.4.7','3.4.8','3.7.11','3.9.4','3.9.8','4.2.3','4.28.4','4.31.1','5.10.1','5.14.2','5.15.2','5.17.9','5.20.10','5.23.7','5.24.2','5.25.12','5.4.6','5.4.7','5.4.9','5.5.2','5.7.7','6.11.3','6.18.5','7.10.1','7.10.2','7.10.3','7.10.4','7.10.5','7.10.7','7.11.1','7.11.2','7.14.1','7.15.1','7.15.3','7.16.10','7.16.9','7.17.1','7.17.2','7.17.3','7.2.2','7.20.6','7.24.2','7.26.11','7.3.1','7.5.13','7.6.3','7.6.9','7.7.6','7.8.1','7.8.2','7.8.7','7.9.5','8.14.5','8.20.1','8.3.5','8.32.1','8.37.2','8.42.7','8.43.4','8.45.5','8.46.3','8.50.3','8.50.4','8.51.1','8.51.4','8.52.1','8.52.2','8.52.3','8.52.4','8.52.5','8.52.6','9.1.2','9.17.6','9.23.3','9.28.1','9.29.8','9.38.2','9.38.4','9.6.2']",NULL,https://pleiades.stoa.org/places/1001896,NULL,https://wikidata.org/wiki/Q11772,NULL,NULL,NULL,NULL
21.374,37.89,"Elis polis","Eleia Bk5 Bk6","Eleia Bk5 Bk6",['polis'],"['1.29.13','1.41.6','2.15.1','3.11.7','3.12.8','3.8.4','4.28.4','4.28.5','5.1.10','5.1.11','5.1.4','5.1.9','5.14.1','5.15.11','5.15.12','5.16.1','5.16.5','5.16.6','5.16.8','5.2.5','5.21.10','5.25.7','5.3.1','5.3.3','5.3.5','5.3.6','5.4.1','5.4.3','5.4.4','5.4.8','5.5.1','5.5.2','5.5.3','5.6.5','5.7.1','5.8.2','5.8.3','5.8.6','5.9.2','6.17.6','6.22.5','6.22.8','6.23.1','6.23.6','6.23.8','6.25.2','6.25.6','6.26.6','7.1.1','7.10.2','7.17.5','7.21.14','7.4.7','7.6.1','8.1.2','8.15.5','8.25.10','8.26.3','8.26.4']",NULL,https://pleiades.stoa.org/places/570220,https://topostext.org/place/378214PEli,https://wikidata.org/wiki/Q217667,NULL,NULL,NULL,NULL
22.2564576,38.7922475,"Oeta M.","Hellas (Europe)",Phthiotis,['oros'],"['1.1.3','1.4.2','10.20.1','10.22.1','10.22.8','10.24.1','2.23.5','3.4.8','5.1.2','7.14.1','7.15.4']",NULL,https://pleiades.stoa.org/places/540968,NULL,https://wikidata.org/wiki/Q132378,NULL,NULL,NULL,NULL
22.4237,37.0821,"Altar of Zeus Amboulios and Athena Amboulia at Sparta","Lakonia Bk3",Sparta,['bomos'],['3.13.6'],Sparta,NULL,NULL,https://wikidata.org/wiki/Q124616537,NULL,NULL,NULL,NULL
22.41642,37.11868,"Thornax? Ekklesies (Lakonia)","Lakonia Bk3","Lakonia Bk3",['settlement'],"['3.10.8','3.11.1']",NULL,NULL,https://topostext.org/place/371224UTho,NULL,NULL,NULL,NULL,NULL
22.4237,37.0821,"Sebrion locality near Dorkeia spring in Sparta","Lakonia Bk3",Sparta,['chorion'],['3.15.2'],Sparta,NULL,NULL,https://wikidata.org/wiki/Q124616414,NULL,NULL,NULL,NULL
29.923486000000004,40.76445,"temple of Asklepios at Nikomedeia","Asia Minor (Asia)",Nicomedia,['naos'],['3.3.8'],Nicomedia,NULL,NULL,NULL,NULL,NULL,NULL,NULL
22.693,37.424,Kynouriake,"Lakonia Bk3",Peloponnesos,['chora'],"['3.2.2','3.2.3']",NULL,https://pleiades.stoa.org/places/570395,https://topostext.org/place/374227RKyn,https://wikidata.org/wiki/Q1431487,NULL,"Cynuria, Kynouria",NULL,NULL
22.3244,37.2083,"Pellana (Lakonia)","Lakonia Bk3","Lakonia Bk3",['polis'],"['3.21.2','3.21.3','6.8.5']",NULL,https://pleiades.stoa.org/places/570575,https://topostext.org/place/372223PPel,https://wikidata.org/wiki/Q2010159,NULL,NULL,NULL,NULL
22.4237,37.0821,"Sanctuary of Ammon  in Sparta","Lakonia Bk3",Sparta,['hieron'],['3.18.3'],Sparta,NULL,NULL,https://wikidata.org/wiki/Q124616463,NULL,NULL,NULL,NULL
22.39224,36.46799,Thyrides,"Lakonia Bk3","Lakonia Bk3",['akra'],['3.25.9'],NULL,https://pleiades.stoa.org/places/570737,NULL,NULL,NULL,NULL,NULL,NULL
22.4237,37.0821,"Tomb of Idas and Lynkeas at Sparta near Skias","Lakonia Bk3","Skias of Sparta",['taphos'],['3.13.1'],"Skias of Sparta",NULL,NULL,https://wikidata.org/wiki/Q124616315,https://resource.manto.unh.edu/10151187,NULL,NULL,NULL
22.4191,37.0841,"Stoa beside Platanista near Sparta","Lakonia Bk3","Platanista grove (Lakonia)",['stoa'],['3.15.1'],"Platanista grove (Lakonia)",NULL,NULL,https://wikidata.org/wiki/Q124616418,NULL,NULL,NULL,NULL
22.706912,36.992193,"Temple of Ares in Geronthrai","Lakonia Bk3",Geronthrai,['naos'],['3.22.6'],Geronthrai,NULL,NULL,https://wikidata.org/wiki/Q124616520,NULL,NULL,NULL,NULL
22.4237,37.0821,"Sanctuary of Zeus Tropaios at Sparta","Lakonia Bk3",Sparta,['hieron'],['3.12.9'],Sparta,NULL,NULL,https://wikidata.org/wiki/Q124616438,https://resource.manto.unh.edu/11260552,NULL,NULL,NULL
22.4824,36.4372,"Psamathous (Lakonia)","Lakonia Bk3","Lakonia Bk3",['limen'],['3.25.4'],NULL,https://pleiades.stoa.org/places/570635,https://topostext.org/place/364225UPsa,https://wikidata.org/wiki/Q16622813,NULL,NULL,NULL,NULL
22.97822,36.26229,"Cythera island","Aegean Sea (Hellas)","Aegean Sea (Hellas)",['nesos'],['3.23.1'],NULL,https://pleiades.stoa.org/places/570186,NULL,https://wikidata.org/wiki/Q207239,NULL,Kythera,NULL,NULL
22.4237,37.0821,"Heroon of Dorkeus a little way from Heroon of Enarsphoros in Sparta","Lakonia Bk3",Sparta,['heroon'],['3.15.1'],Sparta,NULL,NULL,https://wikidata.org/wiki/Q124616561,NULL,NULL,NULL,NULL
22.5129,36.7863,"Lake of Poseidon at Aigiai","Lakonia Bk3","Aigiai (Lakonia)",['limne'],['3.21.5'],"Aigiai (Lakonia)",NULL,NULL,https://wikidata.org/wiki/Q124616496,NULL,NULL,NULL,NULL
26.10052,39.20874,"Lesbos (island)","Aegean Sea (Hellas)","Aegean Sea (Hellas)",['nesos'],"['10.24.1','3.2.1','4.35.10']",NULL,https://pleiades.stoa.org/places/550696,NULL,https://wikidata.org/wiki/Q128087,NULL,NULL,NULL,NULL
22.562341,36.763663,"Stone of Zeus Kappotas near Gythion","Lakonia Bk3",Gythion,['petra'],['3.22.1'],Gythion,NULL,NULL,NULL,NULL,NULL,NULL,NULL
25.1836,35.2052,Crete,NULL,"Hellas (Europe)",['nesos'],"['1.17.3','1.17.6','1.21.4','1.22.5','1.26.4','1.27.10','1.27.9','1.42.2','10.2.7','10.7.2','2.30.3','2.31.1','2.32.2','2.33.4','2.6.7','2.7.7','3.18.4','3.18.5','3.2.7','5.8.1','6.21.6','7.2.5','7.3.7','7.4.5','7.4.6','7.4.8','8.48.3','8.49.7','8.50.6','8.53.4','9.11.4','9.40.3']",NULL,https://pleiades.stoa.org/places/589748,https://topostext.org/place/352252IKre,https://wikidata.org/wiki/Q4752820,NULL,NULL,NULL,NULL
23.026,36.731,"Temple of Athena at Epidauros Limera","Lakonia Bk3","Acropolis of Epidauros Limera",['naos'],['3.23.10'],"Acropolis of Epidauros Limera",NULL,NULL,https://wikidata.org/wiki/Q124616398,NULL,NULL,NULL,NULL
22.5,37.001,Messoa,"Lakonia Bk3","Lakonia Bk3",['settlement'],['3.16.9'],"Lakonia Bk3",https://pleiades.stoa.org/places/573375,NULL,https://wikidata.org/wiki/Q60791981,NULL,NULL,NULL,NULL
26.61011,40.35074,Aigospotamos,"Thrace (Europe)","Chersonesus (Thrace)","['battlefield','potamos']","['10.38.10','10.9.11','10.9.9','3.11.5','3.17.4','3.18.8','3.8.6','4.17.3','4.26.2','6.3.15','9.32.7','9.32.9']",NULL,https://pleiades.stoa.org/places/501336,NULL,https://wikidata.org/wiki/Q404513,NULL,NULL,NULL,NULL
22.4237,37.0821,"Heroon of Enarsphoros behind Stoa by Platanista in Sparta","Lakonia Bk3",Sparta,['heroon'],['3.15.1'],Sparta,NULL,NULL,https://wikidata.org/wiki/Q124616562,NULL,NULL,NULL,NULL
25.4,36.4,"Santorini Archipelago","Aegean Sea (Hellas)","Cyclades region (Aegean)",['nesos'],"['3.1.7','7.2.2']",NULL,https://pleiades.stoa.org/places/808255902,NULL,NULL,NULL,NULL,NULL,NULL
23.026,36.731,"Zeus Savior shrine at Epidauros Limera","Lakonia Bk3","Harbor of Epidauros Limera",['hieron'],['3.23.10'],"Harbor of Epidauros Limera",NULL,NULL,https://wikidata.org/wiki/Q124616476,NULL,NULL,NULL,NULL
22.432959,36.659054,"Well in agora of Pyrrichos, given by Silenos","Lakonia Bk3","Agora of Pyrrichos",['phrear'],['3.25.3'],"Agora of Pyrrichos",NULL,NULL,https://wikidata.org/wiki/Q124616344,NULL,NULL,NULL,NULL
26.220385,40.051661,Elaious,"Thrace (Europe)","Chersonesus (Thrace)",['settlement'],"['1.34.2','3.4.6']",NULL,https://pleiades.stoa.org/places/501411,NULL,https://wikidata.org/wiki/Q1234913,NULL,NULL,NULL,NULL
23.573,37.952,"Salamis Sea Battle (Attica)","Attica Bk1","Salamis (island)",['battlefield'],"['10.14.5','3.11.3','3.16.6','8.10.9']",NULL,NULL,https://topostext.org/place/380236ASSB,https://wikidata.org/wiki/Q178850,NULL,NULL,NULL,NULL
22.9925,36.9683,"fountain of cold water at Asclepius cave of Kyphanta","Lakonia Bk3","Sacred cave of Asklepios at Kyphanta",['pege'],['3.24.2'],"Sacred cave of Asklepios at Kyphanta",NULL,NULL,NULL,https://resource.manto.unh.edu/11288847,NULL,NULL,NULL
34.27150174,44.88344182,"Taurike Chersonesos","Pontus Euxinus","Pontus Euxinus",['chora'],"['3.16.11','3.16.7']",NULL,https://pleiades.stoa.org/places/226778,NULL,https://wikidata.org/wiki/Q7835,NULL,NULL,NULL,NULL
22.3848,36.705058,"Sanctuary of Sarapis at Oitylos","Lakonia Bk3",Oitylos,['hieron'],['3.25.10'],Oitylos,NULL,NULL,https://wikidata.org/wiki/Q124616478,NULL,NULL,NULL,NULL
37.5,37.5,Cappadocia,"Asia (continent)","Asia Minor (Asia)",['chora'],['3.16.8'],NULL,https://pleiades.stoa.org/places/991402,NULL,https://wikidata.org/wiki/Q217265,NULL,NULL,NULL,NULL
22.4237,37.0821,"Altar of Apollo Akritas at Sparta","Lakonia Bk3",Sparta,['bomos'],['3.12.8'],Sparta,NULL,NULL,https://wikidata.org/wiki/Q124616536,NULL,NULL,NULL,NULL
22.4237,37.0821,"Heroon of Kleodaios at Sparta","Lakonia Bk3",Sparta,['heroon'],['3.15.10'],Sparta,NULL,NULL,https://wikidata.org/wiki/Q124616567,NULL,NULL,NULL,NULL
22.548448,36.884856,Krokeai,"Lakonia Bk3","Lakonia Bk3",['settlement'],"['2.3.5','3.21.4','3.21.5']",NULL,https://pleiades.stoa.org/places/570385,NULL,https://wikidata.org/wiki/Q48781592,NULL,NULL,NULL,NULL
22.819373,37.042584,"Grove with springs surrounding Sanctuary of All the Gods at Marios","Lakonia Bk3",Marios,['alsos'],['3.22.8'],Marios,NULL,NULL,https://wikidata.org/wiki/Q124616361,NULL,NULL,NULL,NULL
22.792,36.8,"Temple of the Mother of the Gods at Akriai","Lakonia Bk3","Akriai (Lakonia)",['naos'],['3.22.4'],"Akriai (Lakonia)",NULL,NULL,https://wikidata.org/wiki/Q124616519,NULL,NULL,NULL,NULL
22.890275,37.144402,"Dionysos' Garden, plain by Brasiai","Lakonia Bk3","Brasiae (Laconia)",['pedion'],['3.24.4'],"Brasiae (Laconia)",NULL,NULL,https://wikidata.org/wiki/Q124616583,NULL,NULL,NULL,NULL
22.4502,37.0363,"Throne at Amyclae","Lakonia Bk3","Amyclae (Laconia)",['thronos'],"['3.18.9','3.19.1','5.11.4']","Amyclae (Laconia)",NULL,NULL,https://wikidata.org/wiki/Q106363909,NULL,NULL,NULL,NULL
22.5,37.001,"Lakonia Bk3",NULL,Peloponnesos,['chora'],"['1.11.2','1.13.4','1.13.5','1.13.6','1.13.7','1.18.4','1.28.4','1.38.4','10.13.10','10.2.2','10.38.10','10.9.5','10.9.9','2.18.8','2.22.6','2.3.5','2.9.2','3.1.1','3.1.3','3.1.5','3.11.1','3.12.9','3.14.9','3.16.9','3.18.3','3.20.10','3.20.11','3.20.3','3.21.3','3.21.6','3.22.6','3.23.11','3.23.6','3.24.1','3.24.6','3.3.3','3.4.1','3.7.10','3.7.11','3.7.7','3.8.1','3.9.10','4.1.1','4.10.7','4.16.8','4.17.1','4.18.1','4.18.2','4.20.5','4.23.5','4.27.1','4.28.2','4.28.5','4.30.2','4.4.6','4.4.7','4.5.9','4.7.2','5.17.1','5.9.1','7.1.5','7.1.6','7.1.7','7.10.3','7.11.8','7.12.7','7.13.3','7.13.7','7.18.5','7.20.8','7.25.3','7.6.2','7.6.3','7.8.4','7.9.1','8.11.5','8.12.6','8.12.8','8.35.3','8.5.13','8.5.7','8.50.2','8.50.5','8.51.1','8.53.11','9.13.5','9.14.1','9.14.6']",NULL,https://pleiades.stoa.org/places/570406,https://topostext.org/place/370225RLak,https://wikidata.org/wiki/Q11931074,NULL,"Laconia Lacedaemonia",NULL,NULL
22.3503405,36.9528148,Harpleia,"Lakonia Bk3","Taygetos (mountain)",['settlement'],['3.20.7'],"Taygetos (mountain)",https://pleiades.stoa.org/places/573244,NULL,https://wikidata.org/wiki/Q60792060,NULL,NULL,NULL,NULL
22.4191,37.0841,"Two bridges over moat at Platanistas at Sparta","Lakonia Bk3","Platanista grove (Lakonia)",['gephyra'],"['3.14.10','3.14.8']","Platanista grove (Lakonia)",NULL,NULL,NULL,NULL,NULL,NULL,NULL
22.2612,36.9556,"Sanctuary of Dionysos at Alagonia","Lakonia Bk3","Alagonia (Messenia)",['hieron'],['3.26.11'],"Alagonia (Messenia)",NULL,NULL,https://wikidata.org/wiki/Q124616484,NULL,NULL,NULL,NULL
23.243591,37.385218,Hermione,"Hermionis Bk2","Hermionis Bk2",['polis'],"['2.32.7','2.34.11','2.34.12','2.34.4','2.34.5','2.34.6','2.34.8','2.35.4','2.35.9','3.14.5','4.34.9','5.23.2','8.1.1']",NULL,https://pleiades.stoa.org/places/570292,NULL,https://wikidata.org/wiki/Q58401924,NULL,Hermion,NULL,NULL
22.4237,37.0821,"Temple of Artemis at Sparta near the Phrouria","Lakonia Bk3",Sparta,['naos'],['3.12.8'],Sparta,NULL,NULL,https://wikidata.org/wiki/Q124616499,NULL,NULL,NULL,NULL
22.2805645,37.029321,Pharis,"Lakonia Bk3","Lakonia Bk3",['settlement'],"['3.2.6','3.20.3','4.16.8','4.31.1']",NULL,https://pleiades.stoa.org/places/570591,NULL,https://wikidata.org/wiki/Q16566337,NULL,NULL,NULL,NULL
23.354208,40.296525,Olynthos,"Macedonia (Europe)","Chalcidike region (Chalkidike)",['settlement'],"['1.29.7','3.5.9','6.17.5']",NULL,https://pleiades.stoa.org/places/491678,NULL,https://wikidata.org/wiki/Q1141669,NULL,NULL,NULL,NULL
22.478,36.979,"Temple of Dionysos at Brysiai","Lakonia Bk3","Bryseai (Lakonia)",['naos'],['3.20.3'],"Bryseai (Lakonia)",NULL,NULL,https://wikidata.org/wiki/Q124616513,NULL,NULL,NULL,NULL
22.4237,37.0821,"Sanctuary of Kastor built over his tomb in Sparta","Lakonia Bk3",Sparta,['hieron'],['3.13.1'],Sparta,NULL,NULL,https://wikidata.org/wiki/Q124616439,NULL,NULL,NULL,NULL
23.088,36.787,Zarax,"Lakonia Bk3","Lakonia Bk3",['polis'],"['1.38.4','3.21.7','3.24.1','3.24.2']",NULL,https://pleiades.stoa.org/places/570761,NULL,https://wikidata.org/wiki/Q11955563,NULL,NULL,NULL,NULL
21.657,37.671,"Cave of Pholus the centaur","Eleia Bk5 Bk6","Pholoe Mt. (Eleia)","['mythical place','spelaion']",['3.18.10'],"Pholoe Mt. (Eleia)",NULL,NULL,NULL,NULL,NULL,NULL,NULL
16.23715,38.20782,"Lokroi Epizephyrioi","Italia (Europe)","Italia (Europe)",['polis'],"['3.3.1','6.6.4']",NULL,https://pleiades.stoa.org/places/452369,NULL,https://wikidata.org/wiki/Q3836325,NULL,NULL,NULL,NULL
22.706912,36.992193,"Springs of drinking water around agora of Geronthrai","Lakonia Bk3",Geronthrai,['pege'],['3.22.7'],Geronthrai,NULL,NULL,NULL,NULL,NULL,NULL,NULL
22.890275,37.144402,"Sanctuary of Achilles at Brasiai","Lakonia Bk3","Brasiae (Laconia)",['hieron'],['3.24.5'],"Brasiae (Laconia)",NULL,NULL,https://wikidata.org/wiki/Q124616477,NULL,NULL,NULL,NULL
22.4237,37.0821,"Acropolis of Sparta","Lakonia Bk3",Sparta,['acropolis'],['3.17.1'],Sparta,NULL,NULL,https://wikidata.org/wiki/Q38281363,NULL,NULL,NULL,NULL
22.5,42.5,"Macedonia (Europe)",Europe,"Hellas (Europe)","['major region']","['10.20.5','10.33.3','10.8.4','3.6.8','5.5.1','5.8.11','6.4.10','6.5.5','7.10.7','7.13.1','7.15.11','7.15.2','7.16.1','7.17.2','7.25.6','7.7.7','7.8.3','7.8.8','8.49.5','8.49.6','8.8.11','8.8.12','9.40.8','9.40.9']",NULL,https://pleiades.stoa.org/places/491656,https://topostext.org/place/408225RMak,https://wikidata.org/wiki/Q81734,NULL,NULL,NULL,NULL
22.237649,36.884777,Kardamyle,"Lakonia Bk3","Lakonia Bk3",['settlement'],['3.26.7'],NULL,https://pleiades.stoa.org/places/570330,NULL,https://wikidata.org/wiki/Q16542973,NULL,NULL,NULL,NULL
26.95080175,38.84644288,Aeolis,"Asia (continent)","Asia Minor (Asia)",['chora'],"['3.2.1','5.24.6','7.5.1']",NULL,https://pleiades.stoa.org/places/550406,NULL,https://wikidata.org/wiki/Q255325,NULL,NULL,NULL,NULL
22.4237,37.0821,"Temple of Kore the Savior at Sparta","Lakonia Bk3",Sparta,['naos'],['3.13.2'],Sparta,NULL,NULL,https://wikidata.org/wiki/Q124616500,NULL,NULL,NULL,NULL
23.1743,38.2647,"Leuktra (Boeotia)","Boiotia Bk9","Boiotia Bk9","['battlefield','settlement']","['1.13.4','1.13.5','1.29.11','1.3.4','10.11.5','3.6.1','6.3.3','7.6.8','8.27.8','8.6.2','8.8.10','9.1.8','9.13.3','9.13.4','9.13.5','9.14.1','9.14.3','9.16.5','9.6.4','9.6.5']",NULL,https://pleiades.stoa.org/places/540913,https://topostext.org/place/383231ULeu,https://wikidata.org/wiki/Q2606004,NULL,Leuctra,NULL,NULL
22.51748,36.68812,"Altar of Zeus south of Skyras river","Lakonia Bk3","Skyras river (Lakonia)",['bomos'],['3.25.1'],NULL,NULL,NULL,NULL,NULL,NULL,NULL,NULL
22.4237,37.0821,"Sanctuary of Asklepios at Sparta near club of the Krotanoi","Lakonia Bk3",Sparta,['hieron'],['3.14.2'],Sparta,NULL,NULL,https://wikidata.org/wiki/Q124616350,NULL,NULL,NULL,NULL
22.4474,37.024,"Agamemnon/Alexandra sanctuary (Lakonia)","Lakonia Bk3","Amyclae (Laconia)",['hieron'],['3.19.6'],NULL,NULL,https://topostext.org/place/370224SAgA,https://wikidata.org/wiki/Q111081967,NULL,NULL,NULL,NULL
23.235,37.3884,"Temple of Demeter Chthonia at Hermione","Hermionis Bk2","Sanctuary of Demeter Chthonia in Hermione",['naos'],"['2.35.10','2.35.6','2.35.8','3.14.5']","Sanctuary of Demeter Chthonia in Hermione",NULL,NULL,https://wikidata.org/wiki/Q115806034,NULL,NULL,NULL,NULL
51.50000000000001,30.5,"Persia (Asia)","Asia (continent)","Asia (continent)","['major region']","['1.25.5','10.19.11','3.20.4','3.7.8','4.31.5','8.52.5']",NULL,https://pleiades.stoa.org/places/922698,NULL,https://wikidata.org/wiki/Q3746183,NULL,"Persis, Pars",NULL,NULL
22.5047,36.7279,"Temple of Diktynne Artemis on promontory near Las","Lakonia Bk3","Las polis",['naos'],['3.24.9'],"Las polis",NULL,NULL,https://wikidata.org/wiki/Q124616404,NULL,NULL,NULL,NULL
22.4237,37.0821,"House of Hippokoon at Sparta","Lakonia Bk3",Sparta,['oikia'],['3.15.4'],Sparta,NULL,NULL,https://wikidata.org/wiki/Q124616339,NULL,NULL,NULL,NULL
22.489063,36.621145,"Naia spring at Teuthrone","Lakonia Bk3",Teuthrone,['pege'],['3.25.4'],Teuthrone,NULL,NULL,https://wikidata.org/wiki/Q124616544,NULL,NULL,NULL,NULL
36.9424975,41.1939559,"Thermodon (river)","Pontus Euxinus","Pontus Euxinus",['potamos'],"['1.2.1','3.25.3','7.2.7']",NULL,https://pleiades.stoa.org/places/857352,NULL,https://wikidata.org/wiki/Q684421,NULL,NULL,NULL,NULL
26.23873,39.9577,Ilium,"Asia Minor (Asia)",Troas,['settlement'],"['1.1.2','1.11.1','1.12.1','1.12.5','1.15.2','1.23.4','1.28.9','1.35.1','1.35.4','1.37.3','1.4.6','1.43.1','10.1.3','10.12.2','10.17.6','10.25.8','10.27.4','10.30.8','10.31.7','10.33.2','10.36.10','10.38.5','2.16.6','2.17.3','2.18.5','2.20.6','2.22.2','2.23.1','2.23.5','2.24.2','2.24.3','2.25.5','2.30.10','2.32.2','2.4.2','3.12.6','3.22.2','3.24.11','3.26.10','3.4.7','3.9.3','5.13.4','5.13.5','5.17.10','5.18.3','5.22.4','5.3.4','5.4.7','6.25.3','7.19.6','7.19.9','7.24.2','7.3.7','7.6.3','8.1.3','8.10.10','8.10.9','8.12.6','8.12.9','8.15.6','8.15.7','8.23.4','8.24.10','8.28.4','8.33.2','8.44.4','8.45.2','8.46.2','8.5.2','8.5.3','8.53.7','8.6.1','9.18.5','9.37.7','9.39.3','9.4.3','9.41.2','9.5.14','9.5.15']",NULL,https://pleiades.stoa.org/places/550595,NULL,https://wikidata.org/wiki/Q22647,NULL,"Troy, Troia, Ilion",NULL,NULL
22.4237,37.0821,"Hellenion in Sparta","Lakonia Bk3",Sparta,['chorion'],['3.12.7'],Sparta,NULL,NULL,https://wikidata.org/wiki/Q124616412,NULL,NULL,NULL,NULL
22.4237,37.0821,"Sanctuary of Thetis at Sparta","Lakonia Bk3",Sparta,['hieron'],['3.14.4'],Sparta,NULL,NULL,https://wikidata.org/wiki/Q124616444,NULL,NULL,NULL,NULL
22.4237,37.0821,"Two gymnasia by the Dromos at Sparta, one dedicated by Eurykles","Asia (continent)","Dromos (race course) of Sparta near tombs of Agiads",['gymnasion'],['3.14.6'],"Dromos (race course) of Sparta near tombs of Agiads",NULL,NULL,https://wikidata.org/wiki/Q124616345,NULL,NULL,NULL,NULL
22.4237,37.0821,"Tomb of Oionos beside Herakleion sanctuary in Sparta","Lakonia Bk3",Sparta,['mnema'],['3.15.5'],Sparta,NULL,NULL,https://wikidata.org/wiki/Q124616325,https://resource.manto.unh.edu/10150585,NULL,NULL,NULL
22.2,38.4,"Ozolian Lokris Bk10",NULL,"Hellas (Europe)",['chora'],"['10.20.2','10.38.1','10.38.4','10.38.8','3.9.9','4.24.7','6.19.5']",NULL,https://pleiades.stoa.org/places/540919,https://topostext.org/place/384222ROzo,https://wikidata.org/wiki/Q4894785,NULL,NULL,NULL,NULL
27.5,37.5,"Caria region","Asia (continent)","Asia Minor (Asia)",['chora'],"['1.1.3','1.29.7','2.30.9','2.5.3','2.7.1','3.26.10','4.35.11','4.5.3','5.24.7','6.13.3','7.3.1','8.45.5']",NULL,https://pleiades.stoa.org/places/599564,NULL,https://wikidata.org/wiki/Q193214,NULL,Karia,NULL,NULL
22.4237,37.0821,"Royal tombs of the Eurypontids at Sparta by city wall","Lakonia Bk3",Sparta,['taphos'],['3.12.8'],Sparta,NULL,NULL,https://wikidata.org/wiki/Q124616314,NULL,NULL,NULL,NULL
22.51748,36.68812,"Ancient sanctuary just south of Skyras river","Lakonia Bk3","Skyras river (Lakonia)",['hieron'],['3.25.1'],NULL,NULL,NULL,NULL,NULL,NULL,NULL,NULL
21.842,37.4075,Phigaleia,"Arcadia Bk8","Arcadia Bk8","['chora','polis']","['3.17.9','4.24.1','5.5.4','6.6.1','8.3.1','8.3.2','8.30.4','8.39.1','8.39.2','8.39.3','8.39.4','8.39.5','8.41.2','8.41.4','8.41.7','8.41.9','8.42.1','8.42.11','8.42.6','8.5.7']",NULL,https://pleiades.stoa.org/places/570598,https://topostext.org/place/374218PPhi,https://wikidata.org/wiki/Q7623270,NULL,"Phigalia Phialia",NULL,NULL
22.51,37.31,"Skotitas region (Lakonia)","Lakonia Bk3","Lakonia Bk3",['chorion'],['3.10.6'],NULL,https://pleiades.stoa.org/places/570678,https://topostext.org/place/373225RSko,https://wikidata.org/wiki/Q124607542,NULL,NULL,NULL,NULL
22.4237,37.0821,"Tombs of the Agiad kings near Theomelida in Sparta","Lakonia Bk3",Sparta,['taphos'],['3.14.2'],Sparta,NULL,NULL,https://wikidata.org/wiki/Q124616322,NULL,NULL,NULL,NULL
22.5129,36.7863,"Temple of Poseidon at Lake of Poseidon at Aigiai","Lakonia Bk3","Aigiai (Lakonia)",['naos'],['3.21.5'],"Aigiai (Lakonia)",NULL,NULL,https://wikidata.org/wiki/Q124616514,NULL,NULL,NULL,NULL
22.296786,36.812375,"Pephnos islet, birthplace of Dioskouroi","Lakonia Bk3",Pephnos,['nesos'],['3.26.2'],Pephnos,NULL,NULL,NULL,NULL,NULL,NULL,NULL
22.4237,37.0821,"Altar of the Chalkioikos at Sparta","Lakonia Bk3","Acropolis of Sparta",['bomos'],['3.17.7'],"Acropolis of Sparta",NULL,NULL,NULL,NULL,NULL,NULL,NULL
23.136,36.43,"Nymphaion (Lakonia)","Lakonia Bk3","Lakonia Bk3",['limen'],['3.23.2'],NULL,https://pleiades.stoa.org/places/570511,https://topostext.org/place/364232UNym,https://wikidata.org/wiki/Q60792072,NULL,NULL,NULL,NULL
22.4237,37.0821,"Heroon of Hippolytos at Sparta","Lakonia Bk3",Sparta,['heroon'],['3.12.9'],Sparta,NULL,NULL,https://wikidata.org/wiki/Q124616556,NULL,NULL,NULL,NULL
27.9632845,38.62477125,"Sanctuary of Artemis Anaiitis in Lydia","Asia Minor (Asia)",Lydia/Maionia,['hieron'],['3.16.8'],Lydia/Maionia,NULL,NULL,https://wikidata.org/wiki/Q124616459,https://resource.manto.unh.edu/10150364,NULL,NULL,NULL
23.59246,38.43335,"Altar of Artemis at Aulis","Boiotia Bk9","temple of Artemis at Aulis",['bomos'],['3.9.4'],"temple of Artemis at Aulis",NULL,NULL,NULL,NULL,NULL,NULL,NULL
22.4237,37.0821,"Tomb of Leonidas in Sparta","Lakonia Bk3",Sparta,['mnema'],['3.14.1'],Sparta,NULL,NULL,https://wikidata.org/wiki/Q124616321,NULL,NULL,NULL,NULL
27.339721999999995,37.941944,Ephesos,"Asia Minor (Asia)","Ionia (region)",['polis'],"['1.9.7','10.9.9','3.17.4','4.31.8','5.12.4','7.2.7','7.2.8','7.3.4','7.3.5','7.5.10']",NULL,https://pleiades.stoa.org/places/599612,NULL,https://wikidata.org/wiki/Q47611,NULL,"Ephesus, Arsinoeia",NULL,NULL
22.4191,37.0841,"ring of plane trees at Platanistas, Sparta","Lakonia Bk3","Platanista grove (Lakonia)",['platanos'],['3.14.8'],"Platanista grove (Lakonia)",NULL,NULL,NULL,NULL,NULL,NULL,NULL
22.4237,37.0821,"Stoas in quadrangle at Sparta, ancient market","Lakonia Bk3",Sparta,['stoa'],['3.13.6'],Sparta,NULL,NULL,https://wikidata.org/wiki/Q124616417,NULL,NULL,NULL,NULL
48.24854,32.19202,"Susa/Seleucia ad Eulaeum","Asia (continent)","Asia (continent)",['settlement'],"['1.42.3','10.31.7','3.16.8','3.9.5','4.31.5','6.5.7']",NULL,https://pleiades.stoa.org/places/912936,NULL,https://wikidata.org/wiki/Q180773,NULL,NULL,NULL,NULL
22.8426,36.6845,"Asopos (Lakonia)","Lakonia Bk3","Lakonia Bk3",['polis'],"['3.21.7','3.22.10','3.22.9']",NULL,https://pleiades.stoa.org/places/570129,https://topostext.org/place/367229UAso,https://wikidata.org/wiki/Q12874174,NULL,NULL,NULL,NULL
22.4237,37.0821,"Heroon of Kadmos son of Agenor  in Sparta","Lakonia Bk3",Sparta,['heroon'],['3.15.8'],Sparta,NULL,NULL,https://wikidata.org/wiki/Q124616572,NULL,NULL,NULL,NULL
22.527,36.696,"Promontory with temple of Diktynne and Smenos river to left","Lakonia Bk3","Lakonia Bk3",['akra'],['3.24.9'],NULL,NULL,NULL,NULL,NULL,NULL,NULL,NULL
27.12558,37.66144,"Mycale (mountain)","Asia Minor (Asia)","Ionia (region)",['oros'],"['1.25.1','3.7.9','5.7.5','7.4.1','8.52.3']",NULL,https://pleiades.stoa.org/places/599805,NULL,https://wikidata.org/wiki/Q1330828,NULL,NULL,NULL,NULL
13.82184,37.96884,Himera,"Sicilia (island)","Sicilia (island)",['settlement'],"['2.22.7','3.19.13','5.23.4','6.4.11']",NULL,https://pleiades.stoa.org/places/462244,NULL,https://wikidata.org/wiki/Q1111219,NULL,NULL,NULL,NULL
23.026,36.731,"olive trees around altars of Asclepius at Epidaurus Limera","Lakonia Bk3","Altars of Asclepius at shore of Epidauros Limera",['elaia'],['3.23.7'],"Altars of Asclepius at shore of Epidauros Limera",NULL,NULL,NULL,NULL,NULL,NULL,NULL
22.5324,37.3091,"Hermai (Lakonia)","Lakonia Bk3","Lakonia Bk3",['horos'],"['2.38.7','3.1.1','3.10.6']",NULL,https://pleiades.stoa.org/places/570291,https://topostext.org/place/373225SHer,https://wikidata.org/wiki/Q123501155,NULL,NULL,NULL,NULL
22.569,36.755,Migonion,"Lakonia Bk3",Gythion,['topos'],"['3.22.1','3.22.2']",NULL,https://pleiades.stoa.org/places/573377,NULL,https://wikidata.org/wiki/Q110372255,NULL,NULL,NULL,NULL
22.237649,36.884777,"Temenos of the Daughters of Nereus near Kardamyle","Lakonia Bk3",Kardamyle,['temenos'],['3.26.7'],Kardamyle,NULL,NULL,https://wikidata.org/wiki/Q124616359,NULL,NULL,NULL,NULL
22.51,37.31,"Sanctuary of Zeus Skotitas in Lakonia","Lakonia Bk3","Skotitas region (Lakonia)",['hieron'],['3.10.6'],"Skotitas region (Lakonia)",NULL,NULL,https://wikidata.org/wiki/Q124616585,NULL,NULL,NULL,NULL
22.4237,37.0821,"Heroon of Karneios in Sparta near Skias","Lakonia Bk3","Skias of Sparta",['oikia'],['3.13.3'],"Skias of Sparta",NULL,NULL,https://wikidata.org/wiki/Q124616557,NULL,NULL,NULL,NULL
23.235,37.3884,"Sanctuary of Demeter Chthonia in Hermione","Hermionis Bk2","Pron M.",['hieron'],"['2.35.10','2.35.4','2.35.6','2.35.8','2.35.9','3.14.5']","Pron M.",NULL,https://topostext.org/place/374232SDCh,https://wikidata.org/wiki/Q134040022,https://resource.manto.unh.edu/10214897,NULL,NULL,NULL
22.442714,36.460433,Kainepolis,"Lakonia Bk3","Lakonia Bk3",['polis'],"['3.21.7','3.25.9']",NULL,https://pleiades.stoa.org/places/570322,NULL,https://wikidata.org/wiki/Q29788547,NULL,NULL,NULL,NULL
22.2612,36.9556,"Alagonia (Messenia)","Lakonia Bk3","Messenia Bk4",['polisma'],"['3.21.7','3.26.11']",NULL,NULL,https://topostext.org/place/370223UAla,https://wikidata.org/wiki/Q3773354,NULL,NULL,NULL,NULL
22.454127,37.066091,Therapne,"Lakonia Bk3","Lakonia Bk3",['demos'],"['3.14.9','3.19.6','3.19.9','3.20.1','3.20.2']",NULL,https://pleiades.stoa.org/places/570723,NULL,https://wikidata.org/wiki/Q15940498,NULL,NULL,NULL,NULL
22.435,37.083,"Artemis Ortheia sanctuary in Sparta","Lakonia Bk3",Sparta,['hieron'],"['3.16.7','3.17.1','8.23.1']",NULL,NULL,https://topostext.org/place/371224SArt,https://wikidata.org/wiki/Q550466,https://resource.manto.unh.edu/10150351,NULL,https://imperium.ahlfeldt.se/places/22844,NULL
22.42659,37.08188,"Sanctuary of Hestia near the Moirai at Sparta","Lakonia Bk3","Agora of Sparta",['hieron'],['3.11.11'],"Agora of Sparta",NULL,NULL,https://wikidata.org/wiki/Q124616589,NULL,NULL,NULL,NULL
22.4237,37.0821,"Sanctuary of Olympian Zeus at Sparta","Lakonia Bk3",Sparta,['hieron'],['3.14.5'],Sparta,NULL,NULL,https://wikidata.org/wiki/Q124616445,NULL,NULL,NULL,NULL
22.09,38.252,"Aigion (Achaia)","Achaia Bk7","Achaia Bk7",['polis'],"['2.9.4','3.21.1','7.22.10','7.23.4','7.23.5','7.23.9','7.24.1','7.24.2','7.24.4','7.24.5','7.6.1','7.7.2']",NULL,https://pleiades.stoa.org/places/570049,https://topostext.org/place/383221PAig,https://wikidata.org/wiki/Q60790078,NULL,NULL,NULL,NULL
22.4237,37.0821,"Skias of Sparta","Lakonia Bk3",Sparta,['oikema'],"['3.12.10','3.12.11','3.13.1']",Sparta,NULL,NULL,https://wikidata.org/wiki/Q107360820,NULL,NULL,NULL,NULL
21.863791,37.613569,"Heraia (Arcadia)","Arcadia Bk8","Arcadia Bk8",['polis'],"['3.8.7','3.8.8','5.7.1','6.17.4','8.25.12','8.26.1','8.26.2','8.26.3','8.26.5','8.26.8','8.27.17','8.3.4']",NULL,https://pleiades.stoa.org/places/570287,NULL,https://wikidata.org/wiki/Q3562285,NULL,Heraea,NULL,NULL
22.4237,37.0821,"Sanctuary of the Dioskouroi and the Graces at Sparta","Lakonia Bk3",Sparta,['hieron'],['3.14.6'],Sparta,NULL,NULL,https://wikidata.org/wiki/Q124616448,NULL,NULL,NULL,NULL
23.026,36.731,"Altars of Asclepius at shore of Epidauros Limera","Lakonia Bk3","Epidaurus Limera (Laconia)",['bomos'],['3.23.7'],"Epidaurus Limera (Laconia)",NULL,NULL,https://wikidata.org/wiki/Q124616541,NULL,"Altars of Asklepios",NULL,NULL
23.026,36.731,"Sanctuary of Aphrodite at Epidauros Limera","Lakonia Bk3","Epidaurus Limera (Laconia)",['hieron'],['3.23.10'],"Epidaurus Limera (Laconia)",NULL,NULL,https://wikidata.org/wiki/Q124616474,NULL,NULL,NULL,NULL
23.03,36.64,"Epidelion (Lakonia)","Lakonia Bk3","Lakonia Bk3",['hieron'],"['3.23.2','3.23.4','3.23.6']",NULL,NULL,https://topostext.org/place/368233UEpi,https://wikidata.org/wiki/Q60792070,NULL,NULL,NULL,NULL
22.195,36.934,Enopa,"Lakonia Bk3","Lakonia Bk3",['polis'],['3.26.8'],"Gerenia (Messenia)",https://pleiades.stoa.org/places/573205,NULL,https://wikidata.org/wiki/Q16652092,NULL,NULL,NULL,NULL
28.1112899,38.5178164,"Hermus (river)","Asia Minor (Asia)","Lydia (province)",['battlefield'],"['10.4.6','3.9.6','4.34.2','5.13.7','7.27.12']",NULL,https://pleiades.stoa.org/places/550575,NULL,https://wikidata.org/wiki/Q1351474,NULL,NULL,NULL,NULL
22.3848,36.705058,Oitylos,"Lakonia Bk3","Lakonia Bk3",['polis'],"['3.21.7','3.25.10','3.26.1']",NULL,https://pleiades.stoa.org/places/570527,NULL,https://wikidata.org/wiki/Q11921115,NULL,NULL,NULL,NULL
22.4237,37.0821,"Heroon of Sebros, son of Hippokoon, by heroon of Dorkeus in Sparta","Lakonia Bk3",Sparta,['heroon'],['3.15.1'],Sparta,NULL,NULL,https://wikidata.org/wiki/Q124616565,NULL,NULL,NULL,NULL
21.9195,37.1779,"Messene (Messenia)","Messenia Bk4","Messenia Bk4",['polis'],"['1.25.4','2.20.5','3.1.5','3.3.2','4.1.3','4.1.4','4.12.5','4.12.6','4.16.1','4.16.8','4.20.1','4.20.4','4.21.10','4.21.2','4.22.7','4.23.5','4.23.6','4.26.3','4.26.7','4.27.4','4.27.5','4.27.7','4.28.1','4.29.1','4.29.10','4.29.11','4.29.12','4.29.2','4.29.4','4.29.8','4.3.8','4.31.11','4.31.4','4.31.5','4.32.2','4.34.1','4.4.3','4.6.3','4.6.5','4.9.6','6.2.11','6.3.13','6.4.3','8.34.1','8.35.1','8.49.4','8.5.10','8.5.7','8.50.5','8.51.6','8.51.8','8.52.4','9.14.5','9.15.6']",NULL,https://pleiades.stoa.org/places/570479,https://topostext.org/place/372219PMes,https://wikidata.org/wiki/Q1022117,NULL,NULL,NULL,NULL
22.367,36.541,"Messa (Lakonia)","Lakonia Bk3","Lakonia Bk3",['polis'],['3.25.9'],NULL,https://pleiades.stoa.org/places/570478,https://topostext.org/place/365224UMes,https://wikidata.org/wiki/Q16606539,NULL,NULL,NULL,NULL
34.7425505,43.0786852,"Pontus Euxinus","Asia (continent)","Asia (continent)",['chora'],"['1.20.4','10.34.4','3.19.11','5.26.7','8.27.6']",NULL,https://pleiades.stoa.org/places/1224,NULL,https://wikidata.org/wiki/Q621672,NULL,NULL,NULL,NULL
22.438,36.726,"Sanctuary of Asklepios and Artemis Daphnaia at Hypsoi","Lakonia Bk3","Hypsoi unlocated site on Spartan SW border",['hieron'],['3.24.8'],"Hypsoi unlocated site on Spartan SW border",NULL,NULL,https://wikidata.org/wiki/Q134037238,NULL,NULL,NULL,NULL
22.50151,38.48254,"Sanctuary of Pythian Apollo at Delphi","Phokis Bk10","Delphi (polis)",['hieron'],"['1.11.1','1.20.7','1.22.8','1.26.3','1.3.4','1.37.6','1.4.4','1.41.1','1.43.3','1.43.7','1.43.8','1.9.3','10.1.1','10.1.10','10.1.4','10.10.2','10.11.1','10.11.2','10.12.5','10.13.1','10.13.10','10.13.6','10.13.8','10.14.5','10.15.5','10.15.6','10.16.5','10.16.7','10.16.8','10.17.2','10.18.1','10.18.2','10.18.5','10.18.7','10.19.3','10.19.5','10.2.2','10.2.3','10.22.12','10.23.1','10.23.11','10.23.2','10.23.3','10.24.1','10.24.5','10.3.3','10.3.4','10.32.1','10.33.3','10.34.1','10.34.2','10.35.8','10.36.3','10.36.6','10.5.5','10.5.7','10.6.5','10.6.6','10.7.1','10.7.3','10.8.1','10.8.2','10.8.3','10.8.6','10.9.1','10.9.12','10.9.2','10.9.4','10.9.6','2.22.8','2.24.1','2.26.7','2.29.7','2.33.2','3.1.6','3.10.3','3.10.4','3.11.8','3.13.8','3.17.1','3.17.9','3.19.12','3.3.6','3.4.3','3.4.4','3.8.10','3.8.2','3.8.9','4.12.1','4.12.7','4.12.8','4.15.6','4.16.6','4.17.4','4.20.1','4.24.1','4.32.3','4.32.5','4.34.9','4.5.4','4.9.3','5.13.5','5.18.8','5.21.5','5.21.7','5.27.1','5.27.10','5.27.9','5.3.1','5.4.3','5.4.6','5.7.3','6.1.8','6.11.5','6.11.7','6.12.8','6.13.8','6.14.5','6.15.1','6.15.3','6.15.6','6.16.4','6.17.2','6.19.1','6.2.2','6.3.11','6.3.4','6.3.8','6.4.11','6.4.2','6.4.5','6.4.6','6.7.10','6.8.1','6.8.6','6.9.7','7.17.13','7.17.6','7.19.4','7.19.6','7.19.7','7.2.1','7.24.4','7.3.1','8.10.9','8.11.10','8.15.1','8.23.1','8.24.10','8.24.14','8.24.8','8.27.9','8.36.8','8.37.1','8.39.4','8.48.2','8.5.4','8.53.3','8.7.6','8.9.3','9.12.1','9.14.2','9.25.1','9.26.3','9.33.1','9.33.4','9.36.2','9.37.4','9.37.5','9.38.5','9.40.1','9.41.2','9.5.10','9.7.5']",NULL,https://pleiades.stoa.org/places/540726,https://topostext.org/place/385225SDel,https://wikidata.org/wiki/Q125925203,NULL,Pytho,NULL,NULL
22.562341,36.763663,Gythion,"Lakonia Bk3","Lakonia Bk3","['limen','polis']","['1.27.5','2.21.8','3.21.4','3.21.5','3.21.6','3.21.7','3.22.1','3.22.3','3.24.6','8.50.8']",NULL,https://pleiades.stoa.org/places/570268,NULL,https://wikidata.org/wiki/Q56398303,NULL,"Gytheion Gythium",NULL,NULL
22.374,38.53,"Amphissa of Ozolian Locris","Ozolian Lokris Bk10","Ozolian Lokris Bk10",['polis'],"['10.22.13','10.38.4','10.38.7','10.38.8','10.38.9','3.9.9','7.14.7']",NULL,https://pleiades.stoa.org/places/540630,https://topostext.org/place/385224PAmp,https://wikidata.org/wiki/Q38281545,NULL,NULL,NULL,NULL
22.4237,37.0821,"Sanctuary of Athena Keleutheia at Sparta","Lakonia Bk3",Sparta,['hieron'],['3.12.4'],Sparta,NULL,NULL,https://wikidata.org/wiki/Q124616430,NULL,NULL,NULL,NULL
22.4237,37.0821,"Tomb of Eumedes son of Hippothoon in Sparta","Lakonia Bk3",Sparta,['mnema'],['3.14.6'],Sparta,NULL,NULL,https://wikidata.org/wiki/Q124616323,https://resource.manto.unh.edu/10150406,NULL,NULL,NULL
22.988,36.547,"Aphroditia (Lakonia)","Lakonia Bk3","Lakonia Bk3",['settlement'],"['3.22.11','8.12.8']",NULL,https://pleiades.stoa.org/places/573101,https://topostext.org/place/365230UAph,https://wikidata.org/wiki/Q15223793,NULL,"Aphrodisias Laconia",NULL,NULL
22.4237,37.0821,"city walls of Sparta","Lakonia Bk3",Sparta,['teichos'],"['3.12.8','3.15.3','8.51.3']",Sparta,NULL,NULL,NULL,NULL,NULL,NULL,NULL
22.432959,36.659054,"sanctuary of Artemis Astrateia","Lakonia Bk3",Pyrrichos,['hieron'],['3.25.3'],Pyrrichos,NULL,NULL,https://wikidata.org/wiki/Q124616480,NULL,NULL,NULL,NULL
26.654808000000003,39.336684,Poroselene,"Asia Minor (Asia)",Aeolis,['settlement'],['3.25.7'],NULL,https://pleiades.stoa.org/places/550841,NULL,https://wikidata.org/wiki/Q6011695,NULL,Pordoselene,NULL,NULL
22.1918,37.1217,"Limnai (Messenia)","Lakonia Bk3","Messenia Bk4",['chorion'],"['3.2.6','4.31.3']",NULL,NULL,https://topostext.org/place/371222ULim,https://wikidata.org/wiki/Q48781604,NULL,NULL,NULL,NULL
22.4237,37.0821,"Sanctuary of Hera Hypercheiria at Sparta","Lakonia Bk3",Sparta,['hieron'],['3.13.8'],Sparta,NULL,NULL,https://wikidata.org/wiki/Q124616440,NULL,NULL,NULL,NULL
22.4237,37.0821,"Limnaion locality at Sparta","Lakonia Bk3",Sparta,['chorion'],['3.16.7'],Sparta,NULL,NULL,https://wikidata.org/wiki/Q124616415,NULL,NULL,NULL,NULL
22.802548,36.875634,"Palaia (Laconia)","Lakonia Bk3","Lakonia Bk3",['kome'],['3.22.6'],NULL,https://pleiades.stoa.org/places/570545,NULL,https://wikidata.org/wiki/Q48781617,NULL,"Pleiai Palaea",NULL,NULL
22.521276,36.69704,"Tomb of Las at Arainon","Lakonia Bk3",Arainon,['taphos'],"['3.24.10','3.25.1']",Arainon,NULL,NULL,https://wikidata.org/wiki/Q124616335,https://resource.manto.unh.edu/10149904,NULL,NULL,NULL
22.5129,36.7863,"Aigiai (Lakonia)","Lakonia Bk3","Lakonia Bk3",['polisma'],"['3.21.5','3.21.6','3.21.7']",NULL,https://pleiades.stoa.org/places/570044,https://topostext.org/place/368225UAig,https://wikidata.org/wiki/Q60790659,NULL,NULL,NULL,NULL
22.4237,37.0821,"Sanctuary of the Muses at Sparta","Lakonia Bk3","Acropolis of Sparta",['hieron'],['3.17.5'],"Acropolis of Sparta",NULL,NULL,https://wikidata.org/wiki/Q124616462,NULL,NULL,NULL,NULL
22.4237,37.0821,"Sanctuary of Lykourgos in Sparta","Lakonia Bk3",Sparta,['hieron'],['3.16.6'],Sparta,NULL,NULL,https://wikidata.org/wiki/Q124616458,NULL,NULL,NULL,NULL
23.026,36.731,"Water of Ino near Epidauros Limera","Lakonia Bk3","Epidaurus Limera (Laconia)",['pege'],['3.23.8'],"Epidaurus Limera (Laconia)",https://pleiades.stoa.org/places/573265,NULL,https://wikidata.org/wiki/Q124616542,NULL,NULL,NULL,NULL
24.0002,38.144,"Marathon battlefield (Attica)","Attica Bk1","Marathon deme",['battlefield'],"['1.14.5','1.29.4','1.32.3','1.32.4','1.32.6','1.32.7','1.33.2','10.10.1','10.11.5','10.19.4','10.20.2','3.4.7','8.10.9']",NULL,NULL,https://topostext.org/place/381241LMaB,https://wikidata.org/wiki/Q31900,NULL,NULL,NULL,NULL
22.3503405,36.9528148,Therai,"Lakonia Bk3","Lakonia Bk3",['chorion'],['3.20.5'],"Taygetos (mountain)",https://pleiades.stoa.org/places/573554,NULL,NULL,NULL,NULL,NULL,NULL
34,50,"Hyperborea (Asia)",NULL,"Scythia (Europe)","['major region','mythical place']","['1.18.5','1.31.2','1.4.4','10.5.7','10.5.9','3.13.2','5.7.7','5.7.8']",NULL,NULL,NULL,https://wikidata.org/wiki/Q243333,NULL,"land of the Hyperboreans",NULL,NULL
22.4535,37.0658,"Menelaion (Lakonia)","Lakonia Bk3","Lakonia Bk3",['naos'],['3.19.9'],NULL,https://pleiades.stoa.org/places/570477,https://topostext.org/place/370225SMen,https://wikidata.org/wiki/Q23069794,NULL,NULL,NULL,NULL
22.43737,37.04008,"Plain near Phellia river","Lakonia Bk3",Phellia,['pedion'],['3.20.3'],Phellia,NULL,NULL,NULL,NULL,NULL,NULL,NULL
22.4191,37.0841,"Heroon of Alkimos in Sparta","Lakonia Bk3","Platanista grove (Lakonia)",['heroon'],['3.15.1'],"Platanista grove (Lakonia)",NULL,NULL,https://wikidata.org/wiki/Q124616560,NULL,NULL,NULL,NULL
28.224399999999996,36.4408,"Rhodes island","Aegean Sea (Hellas)","Aegean Sea (Hellas)",['nesos'],"['1.6.6','1.6.7','2.33.4','2.7.1','3.19.10','3.19.9','4.24.2','4.24.3','4.31.5','4.32.3']",NULL,https://pleiades.stoa.org/places/590031,https://topostext.org/place/364282IRho,https://wikidata.org/wiki/Q43048,NULL,"Rhodos Rodos (island)",NULL,NULL
22.09,38.252,"Agora of Aigion","Achaia Bk7","Aigion (Achaia)",['agora'],"['3.12.7','7.23.9','7.24.1']","Aigion (Achaia)",NULL,NULL,https://wikidata.org/wiki/Q124606121,NULL,NULL,NULL,NULL
22.4237,37.0821,"Kolôna in Sparta, opposite Zeus Amboulios","Lakonia Bk3",Sparta,['agora'],['3.13.7'],Sparta,NULL,NULL,https://wikidata.org/wiki/Q124616494,NULL,NULL,NULL,NULL
22.442714,36.460433,"Demeter megaron Kainepolis (Lakonia)","Lakonia Bk3",Kainepolis,['oikema'],['3.25.9'],Kainepolis,NULL,https://topostext.org/place/365224SDeK,NULL,NULL,NULL,NULL,NULL
22.4237,37.0821,"Tomb of Castor in Sparta","Lakonia Bk3",Sparta,['mnema'],['3.13.1'],Sparta,NULL,NULL,https://wikidata.org/wiki/Q124616316,https://resource.manto.unh.edu/10151177,NULL,NULL,NULL
22.44165,37.069,"Phoibaion (Sparta)","Lakonia Bk3",Sparta,['hieron'],"['3.14.10','3.14.9','3.20.2']",NULL,NULL,https://topostext.org/place/371224SPho,https://wikidata.org/wiki/Q124615381,NULL,NULL,NULL,NULL
22.4237,37.0821,"Sanctuary of Sarapis at Sparta","Lakonia Bk3",Sparta,['hieron'],['3.14.5'],Sparta,NULL,NULL,https://wikidata.org/wiki/Q124616446,NULL,NULL,NULL,NULL
22.4237,37.0821,"Temple in sanctuary of Lykourgos in Sparta","Lakonia Bk3","Sanctuary of Lykourgos in Sparta",['naos'],['3.16.6'],"Sanctuary of Lykourgos in Sparta",NULL,NULL,https://wikidata.org/wiki/Q124616505,NULL,NULL,NULL,NULL
23.073782,36.229899,Skandeia,"Aegean Sea (Hellas)","Cythera island",['epineion'],['3.23.1'],NULL,https://pleiades.stoa.org/places/570673,NULL,https://wikidata.org/wiki/Q3475000,NULL,NULL,NULL,NULL
22.933,36.466,"Onougnathos cape (Lakonia)","Lakonia Bk3","Lakonia Bk3",['akra'],"['3.22.10','3.23.1']",NULL,https://pleiades.stoa.org/places/570533,https://topostext.org/place/365229LOno,https://wikidata.org/wiki/Q96408,NULL,NULL,NULL,NULL
22.4237,37.0821,"Booneta in Sparta","Lakonia Bk3",Sparta,['oikia'],"['3.12.1','3.12.3','3.15.10']",Sparta,NULL,NULL,https://wikidata.org/wiki/Q122079936,NULL,NULL,NULL,NULL
22.4038,37.0808,"Pitane (Lakonia)","Lakonia Bk3","Lakonia Bk3",['demos'],"['3.14.2','3.16.9']",NULL,NULL,https://topostext.org/place/371224DPit,https://wikidata.org/wiki/Q60791979,NULL,NULL,NULL,NULL
22.43737,37.04008,Phellia,"Lakonia Bk3","Lakonia Bk3",['potamos'],['3.20.3'],NULL,https://pleiades.stoa.org/places/573446,NULL,NULL,NULL,NULL,NULL,NULL
22.26501,36.84279,"Grove of Eros at Leuktra with temple","Lakonia Bk3","Leuktra (Lakonia)",['alsos'],['3.26.5'],"Leuktra (Lakonia)",NULL,NULL,https://wikidata.org/wiki/Q124616362,NULL,NULL,NULL,NULL
23.062,36.517,"Temple of Isis at Boiai","Lakonia Bk3","Boiai (Lakonia)",['naos'],['3.22.13'],"Boiai (Lakonia)",NULL,NULL,https://wikidata.org/wiki/Q124616517,NULL,NULL,NULL,NULL
22.4237,37.0821,"Hill near Teleclus heroon, Booneta, Sparta","Lakonia Bk3",Sparta,['lophos'],['3.15.10'],Sparta,NULL,NULL,NULL,NULL,NULL,NULL,NULL
22.4237,37.0821,"Skênôma, place right of Chalkioikos in Sparta","Lakonia Bk3","Acropolis of Sparta",['agora'],['3.17.6'],"Acropolis of Sparta",NULL,NULL,https://wikidata.org/wiki/Q124616495,NULL,NULL,NULL,NULL
22.4502,37.0363,"Statue base of Amyklaion Apollo","Lakonia Bk3","Sanctuary of Apollo at Amyklai",['bathron'],['3.19.3'],"Sanctuary of Apollo at Amyklai",NULL,NULL,NULL,NULL,NULL,NULL,NULL
22.9,37.67,"Argolid Bk2",NULL,Peloponnesos,['chora'],"['10.10.4','10.15.1','10.18.5','2.1.1','2.15.4','2.15.5','2.16.2','2.18.4','2.18.7','2.20.1','2.24.7','2.25.5','2.26.1','2.28.2','2.29.5','2.35.4','2.36.4','2.38.4','2.38.7','2.7.1','3.2.2','3.23.6','3.4.1','3.5.8','3.5.9','3.7.3','3.7.4','4.11.8','4.29.2','4.34.10','4.34.12','4.35.2','5.10.9','5.23.2','6.20.7','7.25.5','7.26.12','8.1.1','8.1.2','8.22.1','8.22.3','8.27.1','8.3.3','8.33.3','8.4.6','8.54.7','8.6.4','8.6.6','8.7.2']",NULL,https://pleiades.stoa.org/places/570104,https://topostext.org/place/374229RArg,https://wikidata.org/wiki/Q12649101,NULL,"Argolis region",NULL,NULL
22.4237,37.0821,"Chalkioikos temple in sanctuary of Athena Poliouchos in Sparta","Lakonia Bk3","Acropolis of Sparta",['naos'],['3.17.5'],"Acropolis of Sparta",NULL,NULL,https://wikidata.org/wiki/Q57302774,NULL,NULL,NULL,NULL
22.8426,36.6845,"Temple of the Emperors at Asopos","Lakonia Bk3","Asopos (Lakonia)",['naos'],['3.22.9'],"Asopos (Lakonia)",NULL,NULL,https://wikidata.org/wiki/Q124616397,NULL,NULL,NULL,NULL
22.4237,37.0821,"Aliteion in Sparta","Lakonia Bk3",Sparta,['chorion'],['3.18.2'],Sparta,https://pleiades.stoa.org/places/573072,NULL,https://wikidata.org/wiki/Q124616416,NULL,NULL,NULL,NULL
22.42659,37.08188,"Offices of the Ephors and Nomophylakes and Bidiaioi, at agora of Sparta","Lakonia Bk3","Agora of Sparta",['oikema'],['3.11.2'],"Agora of Sparta",NULL,NULL,NULL,NULL,NULL,NULL,NULL
22.4237,37.0821,"South Stoa on Sparta acropolis","Lakonia Bk3","Acropolis of Sparta",['stoa'],['3.17.4'],"Acropolis of Sparta",NULL,NULL,https://wikidata.org/wiki/Q124616419,NULL,NULL,NULL,NULL
22.890275,37.144402,"Burial of Semele at Brasiai","Lakonia Bk3","Brasiae (Laconia)",['taphos'],['3.24.3'],"Brasiae (Laconia)",NULL,NULL,https://wikidata.org/wiki/Q124616336,NULL,NULL,NULL,NULL
42.5,42.5,"Sanctuary of Athena Asia in Colchis","Pontus Euxinus",Colchis/Lazike,['hieron'],['3.24.7'],Colchis/Lazike,NULL,NULL,NULL,https://resource.manto.unh.edu/11288853,NULL,NULL,NULL
22.435,37.083,"Altar of Orthia at Sparta","Lakonia Bk3","Artemis Ortheia sanctuary in Sparta",['bomos'],['3.16.10'],"Artemis Ortheia sanctuary in Sparta",NULL,NULL,https://wikidata.org/wiki/Q124616538,NULL,NULL,NULL,NULL
23.594,38.4361,Aulis,"Boiotia Bk9","Boiotia Bk9","['limen','settlement']","['1.35.3','10.26.3','3.9.10','3.9.3','3.9.4','8.28.4','8.28.5','9.19.6','9.19.7','9.19.8']",NULL,https://pleiades.stoa.org/places/579889,https://topostext.org/place/384236UAul,https://wikidata.org/wiki/Q2612265,NULL,"harbor on Boeotia-Chalkis border",NULL,NULL
22.8921,37.1462,"Promontory at Brasiai with small statues of Dioskouroi?","Lakonia Bk3","Brasiae (Laconia)",['akra'],['3.24.5'],NULL,NULL,NULL,NULL,NULL,NULL,NULL,NULL
26.38916,40.21343,Sestos,"Thrace (Europe)","Chersonesus (Thrace)",['polis'],['3.9.12'],NULL,https://pleiades.stoa.org/places/501609,NULL,https://wikidata.org/wiki/Q593737,NULL,NULL,NULL,NULL
22.715,37.638,"Larisa Citadel above Argos","Argolid Bk2","Argos (Argolid)",['acropolis'],"['2.24.1','2.24.2','2.24.3','2.25.10','2.25.4','3.17.1']",NULL,NULL,https://topostext.org/place/376227FLar,https://wikidata.org/wiki/Q1012861,NULL,NULL,NULL,NULL
23.3178,38.3209,"Cadmeia of Thebes","Boiotia Bk9","Thebes (Boeotia)","['acropolis','settlement']","['2.5.2','2.6.4','3.17.1','8.33.2','9.1.4','9.12.3','9.5.2','9.5.3','9.5.4','9.5.5','9.5.6','9.7.6']",NULL,https://pleiades.stoa.org/places/239936126,https://topostext.org/place/383233XCad,https://wikidata.org/wiki/Q1276854,NULL,NULL,NULL,NULL
25.478129000000003,36.36399,"Thera island (Cyclades)","Aegean Sea (Hellas)","Cyclades region (Aegean)",['nesos'],"['10.15.6','3.1.8','3.15.6','7.2.2']",NULL,https://pleiades.stoa.org/places/599973,https://topostext.org/place/364255IThe,https://wikidata.org/wiki/Q129296,NULL,NULL,NULL,NULL
27.165609000000003,39.118873,"temple in Asklepieion at Pergamon","Asia Minor (Asia)","Asklepieion of Pergamon",['naos'],['3.26.10'],"Asklepieion of Pergamon",NULL,NULL,NULL,NULL,NULL,NULL,NULL
22.890275,37.144402,"Cave at Brasiai where Ino nursed Dionysos","Lakonia Bk3","Brasiae (Laconia)",['spelaion'],['3.24.4'],"Brasiae (Laconia)",NULL,NULL,https://wikidata.org/wiki/Q124616422,NULL,NULL,NULL,NULL
27.366012129999998,38.25857286,"Ionia (region)","Asia (continent)","Asia Minor (Asia)",['chora'],"['1.1.5','1.29.5','10.24.1','10.32.4','10.33.2','10.8.6','2.31.6','3.2.1','3.9.6','5.21.13','5.27.12','5.7.5','6.24.2','6.3.15','7.3.7','7.3.8','7.5.10','7.5.12','7.5.13','7.5.4','8.43.4','8.45.5','9.19.8','9.21.6','9.27.1','9.27.8','9.33.2','9.37.8']",NULL,https://pleiades.stoa.org/places/550597,NULL,https://wikidata.org/wiki/Q620874,NULL,NULL,NULL,NULL
22.721,37.41,Thyreatis,"Argolid Bk2","Argolid Bk2","['chora','settlement']","['10.9.12','2.29.5','2.38.5','2.38.7','3.7.5','8.3.3','8.54.4']",NULL,https://pleiades.stoa.org/places/570736,NULL,https://wikidata.org/wiki/Q3036391,NULL,Thyrea,NULL,NULL
22.71,36.66,"Laconian Gulf (Lakonia)","Lakonia Bk3","Lakonia Bk3",['kolpos'],"['3.1.1','3.20.6','3.21.6','3.21.9','3.22.4','3.24.6']",NULL,NULL,https://topostext.org/place/367227WLac,https://wikidata.org/wiki/Q589877,NULL,NULL,NULL,NULL
22.706912,36.992193,"Temple of Apollo on acropolis of Geronthrai","Lakonia Bk3","Acropolis of Geronthrai",['naos'],['3.22.7'],"Acropolis of Geronthrai",NULL,NULL,https://wikidata.org/wiki/Q124616396,NULL,NULL,NULL,NULL
22.4237,37.0821,"House of Phormio and the Dioskouroi in Sparta","Lakonia Bk3",Sparta,['oikia'],['3.16.2'],Sparta,NULL,NULL,https://wikidata.org/wiki/Q124616340,NULL,NULL,NULL,NULL
21.9,38.2,"Achaia Bk7",NULL,Peloponnesos,['chora'],"['2.18.8','2.5.6','3.2.1','5.1.1','5.24.4','5.9.1','6.26.10','7.1.1','7.1.3','7.1.4','7.27.12','7.7.2','8.1.2','8.15.8','8.27.14']",NULL,https://pleiades.stoa.org/places/570028,https://topostext.org/place/382219RAch,https://wikidata.org/wiki/Q2790451,NULL,Achaea,NULL,NULL
22.564,36.754,"Larysion Mt. (Lakonia)","Lakonia Bk3","Lakonia Bk3",['oros'],['3.22.2'],NULL,https://pleiades.stoa.org/places/570416,https://topostext.org/place/368228LLar,https://wikidata.org/wiki/Q16328367,NULL,NULL,NULL,NULL
22.42659,37.08188,"Bouleuterion of the Senate of Sparta","Lakonia Bk3","Agora of Sparta",['bouleuterion'],['3.11.2'],"Agora of Sparta",NULL,NULL,NULL,NULL,NULL,NULL,NULL
22.2693,37.4845,"Mainalos Mt. (Arkadia)","Arcadia Bk8","Arcadia Bk8",['oros'],"['3.11.7','5.27.1','6.6.1','6.6.3','6.8.5','8.27.2','8.3.4','8.36.5','8.36.8','8.9.3']",NULL,https://pleiades.stoa.org/places/570449,https://topostext.org/place/377223LMai,https://wikidata.org/wiki/Q112302501,NULL,Mainaleon,NULL,NULL
22.97822,36.26229,"Sanctuary of Heavenly Aphrodite at Kythera","Aegean Sea (Hellas)","Cythera island",['hieron'],['3.23.1'],NULL,NULL,NULL,https://wikidata.org/wiki/Q134037625,NULL,NULL,NULL,NULL
22.51748,36.68812,"Skyras river (Lakonia)","Lakonia Bk3","Lakonia Bk3",['potamos'],['3.25.1'],NULL,https://pleiades.stoa.org/places/573526,https://topostext.org/place/367225WSky,NULL,NULL,NULL,NULL,NULL
27.9632845,38.62477125,Lydia/Maionia,"Asia (continent)","Asia Minor (Asia)",['chora'],"['1.35.7','3.9.5','7.2.8']",NULL,https://pleiades.stoa.org/places/550701,NULL,https://wikidata.org/wiki/Q620765,NULL,NULL,NULL,NULL
22.4237,37.0821,"Sanctuary of Poseidon Hippokourios at Sparta","Lakonia Bk3",Sparta,['hieron'],['3.14.2'],Sparta,NULL,NULL,https://wikidata.org/wiki/Q124616443,NULL,NULL,NULL,NULL
29.923486000000004,40.76445,Nicomedia,"Asia Minor (Asia)","Bithynia (region)",['polis'],"['3.3.8','5.12.7']",NULL,https://pleiades.stoa.org/places/511337,NULL,https://wikidata.org/wiki/Q209349,NULL,NULL,NULL,NULL
22.3848,36.705058,"Agora of Oitylos","Lakonia Bk3",Oitylos,['agora'],['3.25.10'],Oitylos,NULL,NULL,https://wikidata.org/wiki/Q124606125,NULL,NULL,NULL,NULL
22.4237,37.0821,"Sanctuary of Eileithyia near Orthia sanctuary in Sparta","Lakonia Bk3",Sparta,['hieron'],['3.17.1'],Sparta,NULL,NULL,https://wikidata.org/wiki/Q124616460,NULL,NULL,NULL,NULL
22.51,37.31,"Tropaion of Heracles on Parnon","Lakonia Bk3","Skotitas region (Lakonia)",['tropaion'],['3.10.6'],"Skotitas region (Lakonia)",NULL,NULL,NULL,NULL,NULL,NULL,https://arachne.dainst.org/entity/3586278
22.4237,37.0821,"Hero shrine by temple of Dionysos Kolonatas at Sparta","Lakonia Bk3","Kolôna in Sparta, opposite Zeus Amboulios",['temenos'],['3.13.7'],"Kolôna in Sparta, opposite Zeus Amboulios",NULL,NULL,https://wikidata.org/wiki/Q124616358,NULL,NULL,NULL,NULL
22.4237,37.0821,"Sanctuary of Eileithyia, Apollo Karneios, and Artemis Hegemone at Sparta beyond Dromos","Lakonia Bk3",Sparta,['hieron'],['3.14.6'],Sparta,NULL,NULL,https://wikidata.org/wiki/Q124616447,NULL,NULL,NULL,NULL
22.5,37.001,"Sanctuary of the Fates near agora of Sparta","Lakonia Bk3","Lakonia Bk3",['hieron'],['3.11.10'],"Lakonia Bk3",NULL,NULL,https://wikidata.org/wiki/Q124616587,NULL,NULL,NULL,NULL
23.088,36.787,"harbor of Zarax","Lakonia Bk3",Zarax,['limen'],['3.24.1'],Zarax,NULL,NULL,https://wikidata.org/wiki/Q124616410,NULL,NULL,NULL,NULL
22.4545,37.1083,"Temenos of Zeus Messapeus, in plain outside Sparta","Lakonia Bk3","Lakonia Bk3",['temenos'],['3.20.3'],NULL,NULL,https://topostext.org/place/371224SZMe,NULL,https://resource.manto.unh.edu/10146667,NULL,NULL,NULL
22.42659,37.08188,"Temple of Augustus in agora of Sparta","Lakonia Bk3","Agora of Sparta",['naos'],['3.11.4'],"Agora of Sparta",NULL,NULL,https://wikidata.org/wiki/Q124616497,NULL,NULL,NULL,NULL
22.4237,37.0821,"Heroon of Pleuron at Sparta","Lakonia Bk3","Kolôna in Sparta, opposite Zeus Amboulios",['heroon'],['3.13.8'],"Kolôna in Sparta, opposite Zeus Amboulios",NULL,NULL,https://wikidata.org/wiki/Q124616558,NULL,NULL,NULL,NULL
22.1918,37.1217,"Lakonike-Messenia border territory","Messenia Bk4","Limnai (Messenia)",['horos'],['3.2.6'],"Limnai (Messenia)",NULL,NULL,NULL,NULL,NULL,NULL,NULL
21.5,38.6,"Aitolia region","Hellas (Europe)","Hellas (Europe)",['chora'],"['1.26.3','1.42.6','10.18.1','10.22.2','10.22.3','10.22.5','2.13.8','2.25.2','2.37.3','2.8.4','3.10.2','4.24.7','4.31.7','5.1.3','5.3.7','7.18.6','7.18.8','7.18.9','7.9.6','8.24.11','8.38.10']",NULL,https://pleiades.stoa.org/places/540591,https://topostext.org/place/386215RAit,https://wikidata.org/wiki/Q26857,NULL,Aetolia,NULL,NULL
22.42659,37.08188,"Sanctuary of Zeus Xenios at Sparta","Lakonia Bk3","Agora of Sparta",['hieron'],['3.11.11'],"Agora of Sparta",NULL,NULL,https://wikidata.org/wiki/Q124616590,NULL,NULL,NULL,NULL
22.41979,37.01384,"Eleusinian Demeter sanctuary on Taygetus, Lakonia","Lakonia Bk3","Taygetos (mountain)",['hieron'],"['3.20.5','3.20.7']",NULL,https://pleiades.stoa.org/places/570216,https://topostext.org/place/370224SElD,https://wikidata.org/wiki/Q79104156,https://resource.manto.unh.edu/10146629,NULL,NULL,NULL
22.68,36.853,"Helos (Lakonia)","Lakonia Bk3","Lakonia Bk3",['polisma'],"['3.2.7','3.20.6','3.20.7','3.22.3']",NULL,NULL,https://topostext.org/place/368226UHel,https://wikidata.org/wiki/Q56670610,NULL,NULL,NULL,NULL
22.4237,37.0821,"Cult of Demeter Chthonia at Sparta","Lakonia Bk3",Sparta,['cult'],['3.14.5'],Sparta,NULL,NULL,NULL,https://resource.manto.unh.edu/10150401,NULL,NULL,NULL
22.42659,37.08188,"Temple of Julius Caesar in agora of Sparta","Lakonia Bk3","Agora of Sparta",['naos'],['3.11.4'],"Agora of Sparta",NULL,NULL,https://wikidata.org/wiki/Q124616498,NULL,NULL,NULL,NULL
22.956902,38.392613,"Koroneia (Boeotia)","Boiotia Bk9","Boiotia Bk9",['polis'],"['3.9.13','4.34.5','9.32.5','9.34.1','9.34.3','9.34.4','9.34.5','9.34.7','9.34.8','9.6.4']",NULL,https://pleiades.stoa.org/places/540717,NULL,https://wikidata.org/wiki/Q593295,NULL,Coronea,NULL,NULL
22.4237,37.0821,"Cenotaph of Brasidas near Agora of Sparta","Lakonia Bk3",Sparta,['taphos'],['3.14.1'],Sparta,NULL,NULL,https://wikidata.org/wiki/Q124616318,NULL,NULL,NULL,NULL
22.3257,36.7862,"Thalamai (Lakonia/Messenia)","Lakonia Bk3","Lakonia Bk3",['polis'],"['3.1.4','3.21.7','3.26.1','3.26.2']",NULL,https://pleiades.stoa.org/places/570715,https://topostext.org/place/368223PTha,https://wikidata.org/wiki/Q16643340,NULL,NULL,NULL,NULL
22.819373,37.042584,Marios,"Lakonia Bk3","Lakonia Bk3",['polis'],"['3.21.7','3.22.8']",NULL,https://pleiades.stoa.org/places/570461,NULL,https://wikidata.org/wiki/Q48781575,NULL,NULL,NULL,NULL
22.890275,37.144402,"Brasiae (Laconia)","Lakonia Bk3","Lakonia Bk3",['polis'],"['3.21.7','3.24.3','3.24.4','3.24.5']",NULL,https://pleiades.stoa.org/places/570629,https://topostext.org/place/371229PPra,https://wikidata.org/wiki/Q4957784,NULL,"Prasiai Oreiatai",NULL,NULL
22.7,38.6,"Phokis Bk10",NULL,"Hellas (Europe)",['chora'],"['1.20.6','10.1.1','10.1.2','10.1.4','10.17.13','10.23.10','10.30.4','10.33.7','10.34.2','10.35.1','10.35.8','10.37.2','10.38.1','10.4.1','10.4.2','10.5.3','10.8.2','2.29.2','2.29.3','2.4.3','3.5.3','3.9.10','4.31.5','6.19.5','7.14.7','7.15.5','7.18.9','7.3.10','7.7.9','8.1.5','8.4.4','9.17.4','9.36.3','9.40.12']",NULL,https://pleiades.stoa.org/places/541048,https://topostext.org/place/386227RPho,https://wikidata.org/wiki/Q2637650,NULL,"Phocis region",NULL,NULL
22.5047,36.7279,"Galakô fountain near Las  polis","Lakonia Bk3","Las polis",['krene'],['3.24.7'],"Las polis",https://pleiades.stoa.org/places/573228,NULL,NULL,NULL,NULL,NULL,NULL
22.8426,36.6845,"Sanctuary of Athena Kyparissia on the acropolis of Asopos","Lakonia Bk3","Asopos (Lakonia)",['hieron'],['3.22.9'],"Asopos (Lakonia)",NULL,NULL,https://wikidata.org/wiki/Q124616473,NULL,NULL,NULL,NULL
22.4237,37.0821,"Temple of Argive Hera at Sparta","Lakonia Bk3","Hill in Sparta near Kolonos",['naos'],['3.13.8'],"Hill in Sparta near Kolonos",NULL,NULL,https://wikidata.org/wiki/Q124616501,NULL,NULL,NULL,NULL
23.088,38.3787,"Haliartos (Boeotia)","Boiotia Bk9","Boiotia Bk9",['teichos'],"['1.27.5','10.35.2','3.5.3','3.5.5','7.3.1','9.16.6','9.18.4','9.32.5','9.33.1','9.33.3','9.33.4','9.34.7','9.34.8']",NULL,https://pleiades.stoa.org/places/540801,https://topostext.org/place/384231PHal,https://wikidata.org/wiki/Q359627,NULL,NULL,NULL,NULL
23.8189911,38.05199883,"Attica Bk1","Attica Bk1","Hellas (Europe)",['chora'],"['1.1.1','1.14.2','1.2.6','1.20.6','1.21.1','1.22.3','1.22.7','1.23.5','1.24.5','1.24.8','1.25.6','1.26.3','1.26.5','1.26.6','1.27.10','1.27.2','1.28.10','1.28.11','1.28.4','1.28.9','1.29.2','1.29.6','1.29.7','1.30.4','1.31.1','1.31.3','1.31.5','1.32.1','1.32.3','1.34.1','1.34.2','1.35.1','1.36.3','1.37.7','1.38.1','1.38.4','1.38.8','1.44.10','10.17.5','10.25.2','10.33.4','10.35.8','2.1.1','2.1.6','2.30.9','2.32.9','2.6.5','2.6.6','3.12.7','3.5.1','3.7.10','3.8.6','4.1.8','4.34.8','5.10.4','5.11.7','5.13.8','5.15.7','5.25.13','5.4.7','6.19.12','7.1.5','7.1.9','7.11.8','7.17.2','7.18.2','7.25.2','7.3.6','7.5.5','7.6.3','7.7.7','8.23.3','9.1.1','9.1.6','9.13.6','9.23.5']",NULL,https://pleiades.stoa.org/places/579888,NULL,https://wikidata.org/wiki/Q122443,NULL,NULL,NULL,NULL
14.08648465,37.53667612,"Sicilia (island)",NULL,"Roman empire",['nesos'],"['1.12.5','1.13.1','1.2.3','1.21.4','1.29.11','1.29.13','10.11.3','10.15.5','10.15.6','2.2.5','2.22.9','3.16.4','3.16.5','4.23.6','4.26.2','4.26.5','4.36.4','5.23.6','5.25.5','5.25.6','5.27.1','5.7.3','6.12.3','6.13.8','6.26.4','6.4.3','6.6.7','6.9.4','6.9.5','7.16.5','7.4.6','7.4.7','8.11.12','8.12.8','8.24.6','8.42.8','8.46.2','8.8.6','9.40.4']",NULL,https://pleiades.stoa.org/places/462492,NULL,https://wikidata.org/wiki/Q4951156,NULL,NULL,NULL,NULL
22.3,37.5,"Arcadia Bk8","Arcadia Bk8",Peloponnesos,['chora'],"['10.20.1','10.28.8','10.32.3','2.24.5','3.20.8','3.5.4','3.6.8','3.7.3','3.8.7','4.22.7','4.29.11','4.31.4','5.10.9','5.5.8','5.7.1','6.12.8','6.8.2','7.14.1','7.25.11','7.25.5','7.7.4','7.8.6','8.1.1','8.1.6','8.10.1','8.10.6','8.11.3','8.17.1','8.22.6','8.23.3','8.24.4','8.27.4','8.27.5','8.3.4','8.34.4','8.35.10','8.35.5','8.36.6','8.4.1','8.42.3','8.43.2','8.47.6','8.5.4','8.51.8','8.6.4','8.7.4','8.8.12','9.36.6','9.9.2']",NULL,https://pleiades.stoa.org/places/570102,https://topostext.org/place/375223RArk,https://wikidata.org/wiki/Q12898802,NULL,"Arkadia region",NULL,NULL
22.692,37.035,"Selinous (Lakonia)","Lakonia Bk3","Lakonia Bk3",['kome'],['3.22.8'],NULL,NULL,https://topostext.org/place/370227USel,https://wikidata.org/wiki/Q40648366,NULL,NULL,NULL,NULL
22.515967,37.288734,"Sanctuary of Artemis Karyatis at Karyai","Lakonia Bk3",Karyai,['hieron'],['3.10.7'],Karyai,NULL,NULL,https://wikidata.org/wiki/Q124616586,NULL,NULL,NULL,NULL
22.562341,36.763663,"Temple of Athena on acropolis of Gythion","Lakonia Bk3","Acropolis of Gythion",['naos'],['3.21.9'],"Acropolis of Gythion",NULL,NULL,https://wikidata.org/wiki/Q124616515,NULL,NULL,NULL,NULL
22.474,36.423,"Achilleios harbor (Lakonia)","Lakonia Bk3","Tainaron (promontory)",['limen'],['3.25.4'],NULL,https://pleiades.stoa.org/places/570031,https://topostext.org/place/363223HAcL,https://wikidata.org/wiki/Q48781616,NULL,NULL,NULL,NULL
22.195,36.934,"Sanctuary of Machaon in Rodon locality of Gerenia","Lakonia Bk3","Gerenia (Messenia)",['hieron'],['3.26.9'],"Gerenia (Messenia)",NULL,NULL,https://wikidata.org/wiki/Q124616489,NULL,NULL,NULL,NULL
23.25,38.35,"Boiotia Bk9",NULL,"Hellas (Europe)",['chora'],"['1.23.3','1.24.5','1.25.7','1.27.5','1.34.1','1.38.8','10.1.2','10.12.11','10.17.3','10.23.11','10.29.5','10.37.2','10.4.2','3.5.3','3.5.4','3.5.6','3.9.12','4.16.7','4.27.10','4.34.5','6.3.3','7.10.5','7.15.9','7.17.2','7.3.6','7.6.5','8.11.5','9.1.1','9.1.3','9.13.3','9.14.6','9.22.5','9.25.9','9.3.4','9.32.2','9.4.3','9.5.1','9.7.4','9.9.2']",NULL,https://pleiades.stoa.org/places/540689,https://topostext.org/place/384233RBoi,https://wikidata.org/wiki/Q187570,NULL,Boeotia,NULL,NULL
35.782047,35.513994,Laodicea,"Asia (continent)","Syria (Asia)",['polis'],['3.16.8'],NULL,https://pleiades.stoa.org/places/668290,NULL,https://wikidata.org/wiki/Q11931162,NULL,NULL,NULL,NULL
22.8426,36.6845,"Acropolis of Asopos","Lakonia Bk3","Asopos (Lakonia)",['acropolis'],['3.22.9'],"Asopos (Lakonia)",NULL,NULL,https://wikidata.org/wiki/Q124616548,NULL,NULL,NULL,NULL
23.3178,38.3191,"Thebes (Boeotia)","Boiotia Bk9","Boiotia Bk9",['polis'],"['1.25.4','1.28.7','1.29.3','1.3.4','1.34.1','1.34.2','1.34.4','1.37.6','1.39.2','1.40.2','1.41.1','1.43.1','1.44.4','1.44.5','10.10.3','10.17.4','10.20.1','10.29.7','10.35.5','10.7.6','2.19.8','2.20.5','2.36.8','2.6.1','2.6.2','2.6.3','2.6.4','2.7.6','3.5.3','3.5.4','3.9.11','3.9.3','3.9.8','4.17.5','4.27.10','4.32.5','4.7.8','4.8.8','5.3.1','7.10.2','7.14.6','7.15.9','7.17.2','7.3.1','7.6.9','8.11.6','8.14.2','8.15.6','8.24.10','8.25.4','8.25.8','8.33.2','9.1.6','9.1.8','9.10.1','9.10.4','9.11.6','9.12.2','9.13.1','9.14.7','9.17.4','9.17.5','9.18.1','9.18.2','9.18.3','9.18.5','9.19.2','9.19.3','9.19.4','9.22.3','9.23.4','9.23.5','9.25.10','9.25.7','9.25.9','9.29.9','9.3.6','9.32.5','9.33.1','9.37.2','9.4.4','9.40.3','9.5.1','9.5.12','9.5.13','9.5.14','9.5.2','9.5.6','9.5.7','9.6.2','9.6.3','9.6.5','9.7.1','9.7.2','9.7.6','9.8.1','9.8.3','9.8.7','9.9.4']",NULL,https://pleiades.stoa.org/places/541138,https://topostext.org/place/383233PThe,https://wikidata.org/wiki/Q11225429,NULL,NULL,NULL,NULL
22.4237,37.0821,"Heroon of Kyniska at Sparta","Lakonia Bk3",Sparta,['heroon'],['3.15.1'],Sparta,NULL,NULL,https://wikidata.org/wiki/Q124616563,NULL,NULL,NULL,NULL
22.7195,37.6316,"Walls of Argos","Argolid Bk2","Argos (Argolid)",['teichos'],"['2.20.9','3.5.9']","Argos (Argolid)",NULL,NULL,NULL,NULL,NULL,NULL,NULL
25.543589999999995,29.205140000000004,"Ammon oracle in Egypt","Libya (Africa)","Egypt (region)",['manteion'],"['3.18.3','5.15.11','6.8.3','8.11.11']",NULL,https://pleiades.stoa.org/places/716520,https://topostext.org/place/292255SAmm,https://wikidata.org/wiki/Q958997,NULL,NULL,NULL,NULL
23.41,40.06,"Pallene (Chalkidike)","Macedonia (Europe)","Chalcidike region (Chalkidike)",['chora'],"['3.18.3','8.29.1']",NULL,https://pleiades.stoa.org/places/491682,https://topostext.org/place/400236LPal,https://wikidata.org/wiki/Q2625955,NULL,Phlegra,NULL,NULL
22.4237,37.0821,"Chitôn building in Sparta","Lakonia Bk3",Sparta,['oikema'],"['3.16.2','3.16.4']",Sparta,NULL,NULL,https://wikidata.org/wiki/Q124616341,NULL,NULL,NULL,NULL
22.427,37.093,"plain of the Eurotas","Lakonia Bk3","Lakonia Bk3",['pedion'],['3.1.1'],NULL,NULL,NULL,NULL,NULL,NULL,NULL,NULL
21.738518,38.243265,Patrae,"Achaia Bk7","Achaia Bk7",['polis'],"['2.9.2','3.2.1','4.31.7','7.17.5','7.18.2','7.18.4','7.18.5','7.18.6','7.18.7','7.18.8','7.18.9','7.19.1','7.19.8','7.20.7','7.21.10','7.21.13','7.21.14','7.21.6','7.22.1','7.22.10','7.22.11','7.22.6','7.6.2','7.6.4','7.6.5']",NULL,https://pleiades.stoa.org/places/570567,NULL,https://wikidata.org/wiki/Q56398976,NULL,"Patras, Patrai",NULL,NULL
22.454127,37.066091,"Messeis spring at Therapne","Lakonia Bk3",Therapne,['pege'],['3.20.1'],Therapne,https://pleiades.stoa.org/places/573374,NULL,NULL,https://resource.manto.unh.edu/10146589,NULL,NULL,NULL
21.5313,38.3714,Kalydon,"Aitolia region",Kalydonia,['polis'],"['1.27.9','2.25.2','3.10.2','5.1.3','7.18.8','7.18.9','7.21.1','7.21.10','7.21.5','8.4.10','8.45.2']",NULL,https://pleiades.stoa.org/places/540699,NULL,https://wikidata.org/wiki/Q750313,NULL,Calydon,NULL,NULL
22.367,36.541,"Harbor of Messa","Lakonia Bk3","Messa (Lakonia)",['limen'],['3.25.9'],"Messa (Lakonia)",NULL,NULL,https://wikidata.org/wiki/Q124616411,NULL,NULL,NULL,NULL
22.792,36.8,"Gymnasium of Akriai","Lakonia Bk3","Akriai (Lakonia)",['gymnasion'],['3.22.5'],"Akriai (Lakonia)",NULL,NULL,https://wikidata.org/wiki/Q124616346,NULL,NULL,NULL,NULL
22.4237,37.0821,"Tomb of Alkman in Sparta","Lakonia Bk3",Sparta,['mnema'],['3.15.2'],Sparta,NULL,NULL,https://wikidata.org/wiki/Q124616324,NULL,NULL,NULL,NULL
22.26501,36.84279,"Leuktra (Lakonia)","Lakonia Bk3","Lakonia Bk3",['polis'],"['3.21.7','3.26.4','3.26.5','3.26.6','3.26.7']",NULL,https://pleiades.stoa.org/places/570431,NULL,https://wikidata.org/wiki/Q11931799,NULL,Leuktron,NULL,NULL
21.856169,32.818736,Cyrene,"Libya (Africa)",Cyrenaica,['polis'],"['1.6.8','1.7.1','1.7.2','10.15.7','10.2.3','3.14.3','3.16.2','6.19.10']",NULL,https://pleiades.stoa.org/places/373778,NULL,https://wikidata.org/wiki/Q44112,NULL,NULL,NULL,NULL
22.432959,36.659054,Pyrrichos,"Lakonia Bk3","Lakonia Bk3",['polis'],"['3.21.7','3.25.1','3.25.3','3.25.4']",NULL,https://pleiades.stoa.org/places/570642,NULL,https://wikidata.org/wiki/Q7263760,NULL,NULL,NULL,NULL
22.4502,37.0363,"Altar to Hyacinthus at statue base of Apollo Amyklaios","Lakonia Bk3","Sanctuary of Apollo at Amyklai",['bomos'],['3.19.3'],"Sanctuary of Apollo at Amyklai",NULL,NULL,https://wikidata.org/wiki/Q124616540,NULL,NULL,NULL,NULL
28.224399999999996,36.4408,"Sanctuary of Helene Dendritis on Rhodes","Aegean Sea (Hellas)","Rhodes island",['hieron'],['3.19.10'],"Rhodes island",NULL,NULL,https://wikidata.org/wiki/Q124616465,NULL,NULL,NULL,NULL
