Lon,Lat,Name,Region,Part_of,Type,Passages,Location,Pleiades,ToposText,Wikidata,Manto,Altname,URL,Arachne
22.096,37.533,"mountainous area between Thyraion and Hypsous","Arcadia Bk8","Arcadia Bk8",['chora'],['8.35.7'],NULL,NULL,NULL,NULL,NULL,NULL,NULL,NULL
21.863791,37.613569,"Temple of Dionysos Auxites at Heraia","Arcadia Bk8","Heraia (Arcadia)",['naos'],['8.26.1'],"Heraia (Arcadia)",NULL,NULL,NULL,NULL,NULL,NULL,NULL
22.45,37.625,"Dance of Maira at Argon Pedion","Arcadia Bk8","Argon Pedion",['chorion'],['8.8.1'],"Argon Pedion",NULL,NULL,NULL,NULL,NULL,NULL,NULL
22.4203,37.4555,"Temple of Athena Alea at Tegea","Arcadia Bk8","Athena Alea sanctuary near Tegea",['naos'],['8.47.2'],"Athena Alea sanctuary near Tegea",NULL,NULL,NULL,NULL,NULL,NULL,NULL
22.429,37.464,"Phylaktris hill near Tegea","Arcadia Bk8","Tegea (Arkadia)",['lophos'],['8.48.4'],"Tegea (Arkadia)",NULL,NULL,NULL,NULL,NULL,NULL,NULL
22.123,37.428,"Aminios (river)","Arcadia Bk8","Arcadia Bk8",['potamos'],['8.29.5'],NULL,https://pleiades.stoa.org/places/570070,NULL,NULL,NULL,NULL,NULL,NULL
22.1273,37.4124,"Sacred precinct right of temple of Artemis Agrotera at Megalopolis","Arcadia Bk8","Hill east of stadium of Megalopolis with Agrotera temple",['temenos'],['8.32.4'],"Hill east of stadium of Megalopolis with Agrotera temple",NULL,NULL,NULL,NULL,NULL,NULL,NULL
21.8,37.2,"Messenia Bk4",NULL,Peloponnesos,['chora'],"['2.18.7','2.18.8','3.1.4','3.13.1','3.14.4','3.2.6','3.26.6','3.26.7','3.3.2','3.7.5','4.1.2','4.12.1','4.12.7','4.14.3','4.14.4','4.14.7','4.15.8','4.16.9','4.17.1','4.18.2','4.19.4','4.19.5','4.2.5','4.20.2','4.21.1','4.23.1','4.24.4','4.28.2','4.29.11','4.3.10','4.3.2','4.3.3','4.3.4','4.3.5','4.30.1','4.31.1','4.34.9','4.36.7','4.4.2','4.4.3','4.5.8','4.5.9','4.6.4','4.7.1','4.7.4','5.6.3','8.1.1','8.1.2','8.27.15','8.35.2']",NULL,https://pleiades.stoa.org/places/570480,https://topostext.org/place/372218RMes,https://wikidata.org/wiki/Q1247159,NULL,NULL,NULL,NULL
22.3933,37.6181,"Sanctuary of Athena Alea at Mantineia","Arcadia Bk8","Mantineia (Arkadia)",['hieron'],['8.9.6'],"Mantineia (Arkadia)",NULL,NULL,https://wikidata.org/wiki/Q134037178,NULL,NULL,NULL,NULL
22.1121,37.9719,"Artemis Hemerasia temple (Lousoi)","Arcadia Bk8",Lousoi,['hieron'],['8.18.8'],NULL,NULL,https://topostext.org/place/380221SLou,https://wikidata.org/wiki/Q4500696,https://resource.manto.unh.edu/10210634,NULL,NULL,NULL
21.963136,37.43148,Melpeia,"Arcadia Bk8","Arcadia Bk8",['chorion'],['8.38.11'],NULL,https://pleiades.stoa.org/places/570476,NULL,https://wikidata.org/wiki/Q12880498,NULL,NULL,NULL,NULL
22.9,37.37,"Argolic Gulf (Argolid)","Argolid Bk2","Argolid Bk2",['kolpos'],"['2.25.9','8.1.1']",NULL,NULL,https://topostext.org/place/374229WArg,https://wikidata.org/wiki/Q648317,NULL,NULL,NULL,NULL
21.99466129,37.45059329,"Lykaion Hippodrome","Arcadia Bk8","Lykaion (mountain)",['hippodrome'],['8.38.5'],NULL,NULL,NULL,NULL,NULL,NULL,https://imperium.ahlfeldt.se/places/24530,NULL
21.892903,37.871725,"Tomb of Alkmaion at Psophis","Arcadia Bk8",Psophis,"['oikema','taphos']",['8.24.7'],Psophis,NULL,NULL,NULL,https://resource.manto.unh.edu/10214296,NULL,NULL,NULL
22.165174,37.480046,"Grove of trees around hieron of Poseidon at Trikolonoi","Arcadia Bk8",Trikolonoi,['alsos'],['8.35.6'],Trikolonoi,NULL,NULL,NULL,NULL,NULL,NULL,NULL
20.638399,38.44193,"Mainland opposite Ithakê, where Odysseus raised cattle","Hellas (Europe)","Ithaca (island)",['epeiros'],['8.14.6'],"Ithaca (island)",NULL,NULL,NULL,NULL,NULL,NULL,NULL
22.0453,37.5399,"Asclepius sanctuary and temple of Gortys in Arcadia","Arcadia Bk8",Gortys,"['Asclepieion','naos']","['5.7.1','8.28.1']",NULL,NULL,https://topostext.org/place/375220SAsk,NULL,NULL,NULL,NULL,NULL
22.42534,37.64991,Melangeia,"Arcadia Bk8","Arcadia Bk8","['chorion','hydor']","['8.6.4','8.6.5']",NULL,https://pleiades.stoa.org/places/570473,https://topostext.org/place/376224UMel,https://wikidata.org/wiki/Q6811232,NULL,NULL,NULL,NULL
-7.9149035,31.0597925,"Atlas Mons/Atlas Montes","Libya (Africa)","Libya (Africa)",['oros'],"['1.33.5','1.33.6','8.43.3']",NULL,https://pleiades.stoa.org/places/846,NULL,https://wikidata.org/wiki/Q130135,NULL,NULL,https://imperium.ahlfeldt.se/places/44459,NULL
25.382250000000003,36.39633,"Hiera/Automate (island)","Aegean Sea (Hellas)","Cyclades region (Aegean)",['nesos'],['8.33.4'],NULL,https://pleiades.stoa.org/places/599645,NULL,https://wikidata.org/wiki/Q1419053,NULL,NULL,NULL,NULL
22.429,37.464,"Many altars at Zeus Klarios high place in Tegea","Arcadia Bk8","Tegea (Arkadia)",['bomos'],['8.53.9'],"Tegea (Arkadia)",NULL,NULL,NULL,NULL,NULL,NULL,NULL
21.8204,37.4432,"Elaion mountain, Arcadia","Arcadia Bk8","Arcadia Bk8",['oros'],"['8.41.7','8.42.1','8.42.3']",NULL,https://pleiades.stoa.org/places/573197,NULL,https://wikidata.org/wiki/Q24896427,NULL,NULL,NULL,NULL
22.026,37.527,"Gortynios/Lousios river (Arkadia)","Arcadia Bk8","Arcadia Bk8",['potamos'],"['5.7.1','8.28.2','8.28.3','8.4.8']",NULL,https://pleiades.stoa.org/places/570266,https://topostext.org/place/375220WGor,https://wikidata.org/wiki/Q1872337,NULL,NULL,NULL,NULL
22.733,37.395,"Thyrea? (Arkadia)","Arcadia Bk8","Arcadia Bk8",['settlement'],['8.54.4'],NULL,NULL,https://topostext.org/place/374227PThy,https://wikidata.org/wiki/Q3036391,NULL,NULL,NULL,NULL
21.892903,37.871725,"Phegia, former name of Psophis","Arcadia Bk8",Psophis,['settlement'],['8.24.8'],Psophis,NULL,NULL,NULL,NULL,NULL,NULL,NULL
21.9725313,37.4563114,"Grove of Apollo Parrasios on Mt. Lykaion","Arcadia Bk8","Lykaion (mountain)",['alsos'],['8.38.2'],"Lykaion (mountain)",NULL,NULL,NULL,NULL,NULL,NULL,NULL
22.1273,37.4124,"Sanctuary of Aphrodite at Megalopolis, in peribolos of Great Goddesses","Arcadia Bk8","Peribolos of Great Goddesses Demeter and Korê at Megalopolis",['hieron'],['8.31.5'],"Peribolos of Great Goddesses Demeter and Korê at Megalopolis",NULL,NULL,https://wikidata.org/wiki/Q134037013,NULL,NULL,NULL,NULL
35.01,13.01,"Aethiopia (Africa)","Libya (Africa)",NULL,"['major region']","['1.33.4','1.42.3','10.31.7','2.5.3','5.12.3','5.7.4','8.38.6','9.21.6']",NULL,https://pleiades.stoa.org/places/39274,NULL,https://wikidata.org/wiki/Q410453,NULL,NULL,NULL,NULL
22.305,37.533,Mainalos,"Arcadia Bk8","Arcadia Bk8",['polis'],"['5.27.1','6.6.1','6.6.3','6.8.5','8.27.3','8.3.4','8.36.5','8.36.8','8.9.3','8.9.4']",NULL,https://pleiades.stoa.org/places/570451,NULL,https://wikidata.org/wiki/Q11936450,NULL,NULL,NULL,NULL
22.03088,37.3896,"Temple of Despoina in her shrine at Lykosoura","Arcadia Bk8","Sanctuary of Despoina at Lykosoura",['naos'],['8.37.1'],NULL,NULL,https://topostext.org/place/374220SDeT,NULL,NULL,NULL,NULL,NULL
22.45931,37.85932,"temple in sanctuary of Artemis Stymphalia","Arcadia Bk8",Stymphalos,['naos'],['8.22.7'],Stymphalos,NULL,NULL,NULL,NULL,NULL,NULL,NULL
22.03143,37.38957,"Sanctuary of Athena at Lykosoura","Arcadia Bk8","Sanctuary of Pan above Despoina sanctuary, Lykosoura",['hieron'],['8.37.12'],"Sanctuary of Pan above Despoina sanctuary, Lykosoura",NULL,NULL,https://wikidata.org/wiki/Q134036921,NULL,NULL,NULL,NULL
22.7747,37.6919,"Argive Heraion (Argolid)","Argolid Bk2","Argolid Bk2",['hieron'],"['2.16.2','2.17.1','2.17.2','2.17.3','2.17.5','2.20.3','8.46.3','9.40.4']",NULL,https://pleiades.stoa.org/places/570289,https://topostext.org/place/377228SHer,https://wikidata.org/wiki/Q1607754,https://resource.manto.unh.edu/10159442,NULL,NULL,NULL
22.03143,37.38957,"stoa beside temple of Despoina at Lykosoura","Arcadia Bk8","Sanctuary of Despoina at Lykosoura",['stoa'],['8.37.2'],"Sanctuary of Despoina at Lykosoura",NULL,NULL,NULL,NULL,NULL,NULL,NULL
22.585884,37.519836,"Hysiae (Argolis)","Argolid Bk2","Argolid Bk2",['settlement'],"['2.24.7','8.27.1','8.54.7','8.6.4']",NULL,https://pleiades.stoa.org/places/570306,NULL,https://wikidata.org/wiki/Q16575296,NULL,Hysiai,NULL,NULL
22.7145,37.9834,"Sicyon (Sikyonia)","Sikyonia Bk2","Sikyonia Bk2",['polis'],"['1.25.4','1.27.5','10.11.6','10.8.5','2.1.1','2.10.1','2.10.6','2.11.2','2.11.3','2.11.5','2.12.2','2.12.3','2.13.1','2.15.1','2.25.5','2.25.6','2.3.10','2.3.6','2.4.4','2.5.2','2.5.5','2.5.6','2.5.8','2.6.2','2.6.5','2.6.6','2.6.7','2.7.1','2.7.2','2.7.3','2.7.6','2.7.7','2.7.9','2.8.1','2.9.2','2.9.4','4.10.6','4.11.8','4.14.1','4.15.7','5.18.7','5.21.3','6.3.3','7.1.1','7.23.8','7.26.12','7.26.13','7.26.2','7.26.6','7.27.12','7.6.1','8.1.2']",NULL,https://pleiades.stoa.org/places/570668,https://topostext.org/place/380227PSik,https://wikidata.org/wiki/Q368628,NULL,Sikyon,NULL,NULL
22.1273,37.4124,"Sanctuary of Zeus Soter at Megalopolis","Arcadia Bk8","Megalopolis (Arkadia)",['hieron'],['8.30.10'],"Megalopolis (Arkadia)",NULL,https://topostext.org/place/374221SZSo,https://wikidata.org/wiki/Q134040000,NULL,NULL,NULL,NULL
33.44156,36.65168,Bithynion/Claudiopolis/Hadriana,"Asia Minor (Asia)",Cilicia,['polis'],['8.9.7'],NULL,https://pleiades.stoa.org/places/844879,NULL,https://wikidata.org/wiki/Q65088749,NULL,NULL,NULL,NULL
22.03143,37.38957,"Olive and oak (prinos) grown from one root","Arcadia Bk8","Grove of Despoina at Lykosoura",['elaia'],['8.37.10'],"Grove of Despoina at Lykosoura",NULL,NULL,NULL,NULL,NULL,NULL,NULL
32.01361653,51.80271567,"Borysthenes (river)",Europe,"Scythia (Europe)",['potamos'],['8.28.2'],NULL,https://pleiades.stoa.org/places/226544,NULL,https://wikidata.org/wiki/Q40855,NULL,NULL,NULL,NULL
22.307,37.9117,"Tomb of Iphikles on hill at Pheneos","Arcadia Bk8",Pheneos,['mnema'],['8.14.9'],Pheneos,NULL,NULL,NULL,https://resource.manto.unh.edu/10160023,NULL,NULL,NULL
22.142,37.278,"Springs of the Karnion river in Aigytis","Arcadia Bk8","Karnion (river)",['pege'],['8.34.5'],Aigytis,NULL,NULL,NULL,NULL,NULL,NULL,NULL
21.891,37.8678,Aroanios,"Arcadia Bk8","Arcadia Bk8",['potamos'],['8.24.3'],NULL,https://pleiades.stoa.org/places/570113,NULL,https://wikidata.org/wiki/Q19822828,NULL,"Aroanius by Psophis",NULL,NULL
31.3343727,47.5349319,"Hypanis (river)",Europe,"Scythia (Europe)",['potamos'],"['4.35.11','8.28.2']",NULL,https://pleiades.stoa.org/places/226630,NULL,https://wikidata.org/wiki/Q188940,NULL,NULL,NULL,NULL
22.307,37.9117,"Tomb of Myrtilos at Pheneos","Arcadia Bk8",Pheneos,['mnema'],['8.14.10'],Pheneos,NULL,NULL,NULL,https://resource.manto.unh.edu/10160045,NULL,NULL,NULL
22.1273,37.4124,"Bathyllos spring, Megalopolis","Arcadia Bk8","Megalopolis (Arkadia)",['pege'],['8.31.9'],"Megalopolis (Arkadia)",https://pleiades.stoa.org/places/573140,NULL,NULL,NULL,NULL,NULL,NULL
12.4843457,41.89262,Rome,"Italia (Europe)","Roman empire",['polis'],"['10.34.4','10.36.6','10.8.6','2.1.2','2.21.6','4.35.10','5.25.8','6.9.3','7.10.11','7.10.12','7.12.2','7.12.7','7.12.8','7.12.9','7.13.5','7.14.1','7.14.3','7.14.5','7.22.5','7.22.9','7.8.6','7.9.1','7.9.4','7.9.6','8.17.4','9.27.3','9.27.4']",NULL,https://pleiades.stoa.org/places/423025,NULL,https://wikidata.org/wiki/Q18287233,NULL,Roma,NULL,NULL
22.429,37.464,"Common Hearth of the Arkadians at Tegea","Arcadia Bk8","Tegea (Arkadia)",['hestia'],['8.53.9'],"Tegea (Arkadia)",NULL,NULL,NULL,NULL,NULL,NULL,NULL
25.3,38.1,"Aegean Sea (Hellas)",NULL,"Internum Mare",['thalassa'],"['1.1.1','1.1.2','1.1.3','1.1.5','1.12.5','1.13.2','1.17.3','1.22.4','1.23.3','1.26.5','1.27.9','1.28.11','1.31.1','1.32.7','1.33.2','1.34.1','1.35.5','1.38.1','1.38.4','1.4.3','1.4.5','1.8.1','1.9.7','2.12.2','2.22.1','2.26.9','2.29.10','2.29.6','2.30.7','2.34.6','2.34.8','2.36.4','2.36.6','2.36.7','2.37.1','2.37.2','2.38.1','2.38.4','2.5.3','4.34.12','5.21.10','5.23.2','6.16.5','8.14.12','9.11.5','9.15.5']",NULL,https://pleiades.stoa.org/places/560221,https://topostext.org/place/381253WAeg,https://wikidata.org/wiki/Q34575,NULL,NULL,NULL,NULL
20.78784,39.54648,"Zeus sanctuary at Dodona","Hellas (Europe)","Epiros region",['hieron'],"['1.13.3','1.17.5','1.36.4','7.21.2','7.21.3','7.21.4','7.25.1','8.11.12','8.23.5','8.28.6','9.25.8','9.8.1']",NULL,https://pleiades.stoa.org/places/530843,NULL,https://wikidata.org/wiki/Q382317,NULL,NULL,NULL,NULL
21.863791,37.613569,"Tracks along the Alpheios river at Heraia","Arcadia Bk8","Heraia (Arcadia)","['dromos','hemera dendra']",['8.26.1'],"Heraia (Arcadia)",NULL,NULL,NULL,NULL,NULL,NULL,NULL
22.23977,37.73637,"Knakalos (mountain)","Arcadia Bk8",Kaphyai,['oros'],['8.23.4'],NULL,https://pleiades.stoa.org/places/570363,NULL,NULL,NULL,NULL,NULL,NULL
27.453939999999996,38.5668,Sipylos,"Asia Minor (Asia)","Lydia (province)",['oros'],"['1.21.3','1.24.8','2.22.3','3.22.4','5.13.7','6.22.1','7.24.13','7.27.12','8.17.3','8.2.7','8.38.10']",NULL,https://pleiades.stoa.org/places/550884,NULL,https://wikidata.org/wiki/Q532698,NULL,"Mount Sipylus /Manisa Dağı",NULL,NULL
22.1273,37.4124,"Tower of the city wall of Megalopolis","Arcadia Bk8","Megalopolis (Arkadia)",['pyrgos'],['8.27.13'],"Megalopolis (Arkadia)",NULL,NULL,NULL,NULL,NULL,NULL,NULL
22.1273,37.4124,"Altar of Ares and former hieron near sanctuary of Aphrodite in Megalopolis","Arcadia Bk8","Megalopolis (Arkadia)",['bomos'],['8.32.3'],"Megalopolis (Arkadia)",NULL,NULL,NULL,NULL,NULL,NULL,NULL
22.307,37.9117,"Pheneos acropolis","Arcadia Bk8",Pheneos,['acropolis'],['8.14.4'],Pheneos,NULL,NULL,https://wikidata.org/wiki/Q133963410,NULL,NULL,NULL,NULL
21.87884,37.710489,"Sanctuary of Asclepius the Child by Ladon river","Arcadia Bk8",Onkeion,"['Asclepieion','hieron']",['8.25.11'],Onkeion,NULL,NULL,https://wikidata.org/wiki/Q134036689,https://resource.manto.unh.edu/10767668,NULL,NULL,NULL
22.3,37.5,Malous,"Arcadia Bk8","Arcadia Bk8",['potamos'],['8.35.1'],"Arcadia Bk8",https://pleiades.stoa.org/places/573356,NULL,NULL,NULL,"Malus river",NULL,NULL
22.561,37.503,"border of Tegea and the Argives between Parthenion and Hysiai","Arcadia Bk8","Parthenion (mountain)",['horos'],['8.54.7'],NULL,NULL,NULL,NULL,NULL,NULL,NULL,NULL
22.3969,37.9397,"Summit of Mt. Kyllene","Arcadia Bk8","Kyllene Mt.",['koryphe'],['8.17.1'],NULL,NULL,NULL,NULL,NULL,NULL,NULL,NULL
21.1067,38.3388,"Achelous river (Aitolia)","Aitolia region","Aitolia region",['potamos'],"['1.34.3','4.34.1','5.1.8','8.24.11','8.24.9','8.38.10']",NULL,https://pleiades.stoa.org/places/530768,https://topostext.org/place/383211WAch,https://wikidata.org/wiki/Q203923,NULL,NULL,NULL,NULL
34.8077584,36.9507186,"Cydnus (river)","Asia Minor (Asia)",Cilicia,['potamos'],['8.28.3'],NULL,https://pleiades.stoa.org/places/648615,NULL,https://wikidata.org/wiki/Q1768771,NULL,NULL,NULL,NULL
22.45931,37.85932,"Sanctuary of Artemis Stymphalia, ancient, at Stymphalos","Arcadia Bk8",Stymphalos,['hieron'],['8.22.7'],Stymphalos,NULL,NULL,https://wikidata.org/wiki/Q134037251,NULL,NULL,NULL,NULL
22.42155,37.58607,"Mantineia battlefield 362 BCE","Arcadia Bk8","Mantineia (Arkadia)",['battlefield'],"['1.3.4','8.11.5','8.11.7']","Epaminondas tomb (Arkadia)",NULL,NULL,NULL,NULL,NULL,NULL,NULL
14.258433000000002,37.062775,Gela,"Sicilia (island)","Sicilia (island)",['polis'],"['8.46.2','9.40.4']",NULL,https://pleiades.stoa.org/places/462214,NULL,https://wikidata.org/wiki/Q58008539,NULL,NULL,NULL,NULL
22.283,37.405,"City walls of Asea, on acropolis hill, traces only","Arcadia Bk8","Acropolis of Asea with wall traces on hill",['teichos'],['8.44.3'],"Acropolis of Asea with wall traces on hill",NULL,NULL,NULL,NULL,NULL,NULL,NULL
23.718611,37.978333,Kerameikos,"Athenai Bk1","Athenai Bk1",['demos'],"['1.14.6','1.2.4','1.20.6','1.3.1','8.9.8']",NULL,https://pleiades.stoa.org/places/97294452,NULL,https://wikidata.org/wiki/Q630974,NULL,NULL,NULL,NULL
22.03143,37.38957,"Common altar of all the gods at Despoina sanctuary, Lykosoura","Arcadia Bk8","Sanctuary of Despoina at Lykosoura",['bomos'],['8.37.10'],"Sanctuary of Despoina at Lykosoura",NULL,NULL,NULL,NULL,NULL,NULL,NULL
22.1316,37.8869,"Kleitor river junction with Aroanios","Arcadia Bk8","Arcadia Bk8",['potamos'],['8.21.1'],NULL,NULL,NULL,NULL,NULL,NULL,NULL,NULL
22.3933,37.6181,"Sanctuary of Zeus Charmon, near Mantineia, 1 stade from tomb of Epameinondas","Arcadia Bk8","Mantineia (Arkadia)",['hieron'],['8.12.1'],"Mantineia (Arkadia)",NULL,NULL,https://wikidata.org/wiki/Q134037161,NULL,NULL,NULL,NULL
22.25133,37.42096,"Boreion (mountain)","Arcadia Bk8",Mainalia,['oros'],['8.44.4'],NULL,https://pleiades.stoa.org/places/570158,NULL,https://wikidata.org/wiki/Q112301773,NULL,NULL,NULL,NULL
22.21,37.98,"Styx river (Achaia)","Arcadia Bk8","Achaia Bk7",['hydor'],"['8.17.6','8.18.2','8.18.4','8.19.3']",NULL,NULL,https://topostext.org/place/380222WSty,https://wikidata.org/wiki/Q542758,NULL,NULL,NULL,NULL
27.298333,37.66,Priene,"Asia Minor (Asia)","Ionia (region)",['polis'],"['7.2.10','7.5.5','8.24.11']",NULL,https://pleiades.stoa.org/places/599905,NULL,https://wikidata.org/wiki/Q142819,NULL,NULL,NULL,NULL
22.456205,37.757857,"Sanctuary of Athena Alea at Alea","Arcadia Bk8",Alea,['hieron'],['8.23.1'],Alea,NULL,NULL,https://wikidata.org/wiki/Q134037242,NULL,NULL,NULL,NULL
24.94694372,35.06272017,"Gortyna/Gortyn (Crete)",Crete,Crete,['settlement'],"['2.15.1','8.53.4']",NULL,https://pleiades.stoa.org/places/589796,NULL,https://wikidata.org/wiki/Q1136193,NULL,NULL,NULL,NULL
22.0959,37.8914,"Sanctuary of Demeter at Kleitor","Arcadia Bk8",Kleitor,['hieron'],['8.21.3'],Kleitor,NULL,NULL,https://wikidata.org/wiki/Q134036980,NULL,NULL,NULL,NULL
21.8,37.2,"Megale Taphros","Messenia Bk4","Messenia Bk4",['battlefield'],"['4.22.6','4.6.2','8.5.13']","Messenia Bk4",NULL,NULL,NULL,NULL,"Great Trench, Great Foss",NULL,NULL
23.706200000000003,37.9373,Phaleron,"Attica Bk1","Attica Bk1",['demos'],"['1.1.2','1.1.4','1.1.5','1.28.9','1.36.4','10.35.2','8.10.4']",NULL,https://pleiades.stoa.org/places/580072,NULL,https://wikidata.org/wiki/Q534927,NULL,NULL,NULL,NULL
22.1273,37.4124,"Tomb of Aristodêmos, mound on Megalopolis-Mainalos road","Arcadia Bk8","road Megalopolis to Mainalos","['choma ges','mnema']",['8.36.5'],"Megalopolis (Arkadia)",NULL,NULL,NULL,NULL,NULL,NULL,NULL
22.3933,37.6181,"Spring of the Meliastai 7 stades from Mantineia","Arcadia Bk8","Mantineia (Arkadia)",['pege'],['8.6.5'],"Mantineia (Arkadia)",NULL,NULL,NULL,NULL,NULL,NULL,NULL
22.3,37.5,Dipoinai/Dipoina,"Arcadia Bk8",Tripolis,['settlement'],"['8.27.4','8.27.7']","Arcadia Bk8",https://pleiades.stoa.org/places/573187,NULL,https://wikidata.org/wiki/Q48781570,NULL,NULL,NULL,NULL
21.87884,37.710489,Onkeion,"Arcadia Bk8",Thelpousa,['settlement'],['8.25.4'],Thelpousa,https://pleiades.stoa.org/places/573410,NULL,https://wikidata.org/wiki/Q29652920,NULL,NULL,NULL,NULL
21.925,37.186,"Ithome Mt. (Messenia)","Messenia Bk4","Messenia Bk4","['oros','settlement']","['1.29.8','10.38.10','3.11.8','4.1.3','4.10.1','4.11.2','4.11.4','4.12.2','4.12.5','4.12.9','4.13.6','4.14.2','4.15.1','4.20.4','4.23.6','4.24.6','4.24.7','4.26.3','4.26.7','4.29.2','4.29.5','4.3.9','4.31.4','4.33.1','4.9.1','4.9.2','4.9.4','6.3.13','8.50.5']",NULL,https://pleiades.stoa.org/places/570318,https://topostext.org/place/372219LIth,https://wikidata.org/wiki/Q602538,NULL,NULL,NULL,NULL
22.7195,37.6316,"Argos (Argolid)","Argolid Bk2","Argolid Bk2",['polis'],"['1.13.7','1.13.8','1.14.2','1.25.4','1.27.10','1.33.1','1.41.1','1.43.7','1.43.8','10.10.5','10.35.1','10.8.5','2.13.1','2.15.1','2.15.2','2.15.4','2.16.1','2.16.2','2.16.3','2.18.1','2.18.5','2.18.7','2.18.8','2.19.3','2.20.4','2.20.5','2.20.8','2.21.7','2.22.4','2.22.6','2.22.8','2.23.1','2.23.5','2.24.5','2.25.1','2.25.2','2.25.5','2.25.7','2.25.8','2.28.4','2.30.10','2.34.4','2.34.5','2.35.2','2.36.6','2.38.1','2.4.2','2.6.6','2.8.6','3.1.4','3.1.5','3.9.1','4.1.1','4.1.2','4.10.6','4.12.3','4.14.1','4.14.8','4.15.7','4.17.5','4.3.3','4.35.2','4.8.8','6.13.7','6.2.2','6.9.3','7.1.5','7.1.6','7.1.7','7.14.1','7.17.1','7.20.8','7.23.10','7.4.4','7.6.3','8.24.8','8.27.1','8.5.7','8.54.5','9.25.1','9.36.6','9.36.7','9.5.12']",NULL,https://pleiades.stoa.org/places/570106,https://topostext.org/place/376227PArg,https://wikidata.org/wiki/Q13533353,NULL,NULL,NULL,NULL
21.87884,37.710489,"Temple of Apollo Onkaiatos beside the Ladon","Arcadia Bk8",Onkeion,['naos'],['8.25.11'],Onkeion,NULL,NULL,NULL,NULL,NULL,NULL,NULL
22.1273,37.4124,"Spring near the sanctuary of Asklepios Pais in Megalopolis","Arcadia Bk8","Megalopolis (Arkadia)",['pege'],['8.32.5'],"Megalopolis (Arkadia)",NULL,NULL,NULL,NULL,NULL,NULL,NULL
27.37404,36.686188,Knidos,"Asia Minor (Asia)","Cherronesos of Knidos",['polis'],"['1.1.3','1.2.2','10.11.1','10.11.3','5.24.7','6.3.16','8.30.2']",NULL,https://pleiades.stoa.org/places/599576,NULL,https://wikidata.org/wiki/Q690575,NULL,Cnidus,https://imperium.ahlfeldt.se/places/21190,NULL
24.116,37.678,"Helena (island)","Attica Bk1","Attica Bk1",['nesos'],"['1.35.1','8.14.12']",NULL,https://pleiades.stoa.org/places/579945,NULL,https://wikidata.org/wiki/Q618600,NULL,NULL,NULL,NULL
22.141115,37.468145,Zoitia,"Arcadia Bk8",Eutresia,['settlement'],"['8.27.3','8.35.6','8.35.7']",NULL,https://pleiades.stoa.org/places/570765,NULL,https://wikidata.org/wiki/Q8073335,NULL,NULL,NULL,NULL
22.549,37.489,"Parthenion (mountain)","Argolid Bk2","Argolid Bk2",['oros'],"['1.28.4','8.48.7','8.54.6','8.54.7','8.6.4']",NULL,https://pleiades.stoa.org/places/573428,https://topostext.org/place/373228LPar,NULL,NULL,NULL,NULL,NULL
25.2666,37.4004,"palm tree at Delos","Aegean Sea (Hellas)","Sanctuary of Delian Apollo on Delos","['palm tree']",['8.48.3'],"Sanctuary of Delian Apollo on Delos",NULL,NULL,NULL,https://resource.manto.unh.edu/11293240,NULL,NULL,NULL
23.71553,37.9613,"Sikelia hill (Athens)","Athenai Bk1","Athenai Bk1",['lophos'],['8.11.12'],NULL,https://pleiades.stoa.org/places/585959,https://topostext.org/place/380237LSik,https://wikidata.org/wiki/Q25163830,NULL,NULL,NULL,NULL
22.03143,37.38957,"Altar of Demeter before temple at Lykosoura","Arcadia Bk8","Sanctuary of Despoina at Lykosoura",['bomos'],['8.37.2'],"Sanctuary of Despoina at Lykosoura",NULL,NULL,NULL,NULL,NULL,NULL,NULL
21.9915,37.4483,"Hagno spring on Mt. Lykaion","Arcadia Bk8","Lykaion (mountain)",['pege'],"['8.38.3','8.38.4']",NULL,https://pleiades.stoa.org/places/573238,NULL,NULL,https://resource.manto.unh.edu/10214854,NULL,NULL,NULL
21.892903,37.871725,"heroons of Promachos and Echephron at Psophis, inconspicuous","Arcadia Bk8",Psophis,['heroon'],['8.24.7'],Psophis,NULL,NULL,NULL,NULL,NULL,NULL,NULL
22.0939,37.6291,"Theisoa (Orchomenia)","Arcadia Bk8","Orchomenos (Arcadia)",['settlement'],"['8.27.4','8.27.7','8.28.3','8.28.4','8.38.9']",NULL,https://pleiades.stoa.org/places/570721,NULL,https://wikidata.org/wiki/Q16327480,NULL,NULL,NULL,NULL
23.726464,37.971687,"Athenai Bk1","Attica Bk1","Attica Bk1",['polis'],"['1.1.2','1.1.5','1.14.1','1.14.5','1.14.7','1.15.2','1.17.6','1.18.4','1.18.8','1.19.1','1.2.1','1.2.4','1.2.5','1.20.4','1.20.5','1.20.6','1.20.7','1.22.3','1.23.9','1.25.5','1.25.8','1.26.2','1.26.3','1.26.6','1.27.10','1.27.2','1.27.3','1.27.5','1.27.6','1.27.8','1.28.4','1.28.8','1.29.12','1.29.2','1.3.2','1.30.1','1.30.2','1.32.3','1.32.6','1.33.1','1.33.2','1.34.3','1.35.3','1.36.3','1.37.5','1.37.6','1.37.7','1.39.4','1.40.5','1.41.4','1.41.9','1.8.5','10.10.1','10.18.7','10.2.3','10.21.6','10.23.14','10.3.1','10.34.8','10.35.8','10.37.6','10.4.3','10.4.9','10.8.5','2.1.4','2.14.4','2.18.9','2.26.2','2.27.2','2.3.8','2.31.7','2.33.4','2.33.5','2.6.5','3.12.7','3.3.7','3.4.2','3.5.2','3.6.4','3.6.5','3.8.6','3.9.6','4.13.7','4.15.1','4.17.5','4.2.6','4.26.8','4.5.10','4.5.2','5.10.4','5.11.6','5.12.4','5.19.3','5.21.1','5.26.6','5.6.5','6.17.9','6.20.14','6.22.7','7.1.2','7.1.3','7.10.4','7.11.6','7.2.2','7.2.7','7.20.6','7.24.5','7.25.2','7.25.4','7.7.8','7.9.6','8.11.6','8.23.3','8.37.3','8.8.6','9.1.4','9.14.7','9.15.4','9.15.5','9.26.6','9.3.2','9.30.1','9.32.5','9.35.3','9.39.1','9.6.2','9.7.1']",NULL,https://pleiades.stoa.org/places/579885,NULL,https://wikidata.org/wiki/Q844930,NULL,"Athens Athenae polis",NULL,NULL
22.2023,37.3688,Pegai,"Arcadia Bk8","Alpheios river (Eleia)",['pege'],"['8.44.4','8.54.3']",NULL,https://pleiades.stoa.org/places/573430,NULL,NULL,NULL,"Springs of the Alpheius",NULL,NULL
22.1099,38.030042,Kynaitha,"Achaia Bk7","Achaia Bk7",['polis'],"['5.22.1','8.19.1','8.19.3']",NULL,https://pleiades.stoa.org/places/570392,NULL,https://wikidata.org/wiki/Q5199870,NULL,Cynaethae,NULL,NULL
27.0057354,38.9471678,"Caicus (river)","Asia Minor (Asia)",Aeolis,['potamos'],"['1.10.4','5.13.3','5.24.6','7.16.1','8.4.9','8.45.7','9.18.4','9.5.14']",NULL,https://pleiades.stoa.org/places/550491,NULL,https://wikidata.org/wiki/Q1737602,NULL,NULL,NULL,NULL
2.1918495,36.607058,"Mauretania (Africa)","Libya (Africa)","Roman empire","['major region']","['1.33.5','8.43.3']",NULL,https://pleiades.stoa.org/places/1119,NULL,https://wikidata.org/wiki/Q309272,NULL,NULL,NULL,NULL
22.062,37.39,Daseai,"Arcadia Bk8",Parrasia,['polis'],"['8.27.4','8.3.3','8.36.9']",NULL,https://pleiades.stoa.org/places/570188,NULL,https://wikidata.org/wiki/Q5226539,NULL,NULL,NULL,NULL
35.234167,31.776667000000003,"Ierusalem/Hierosolyma/Col. Aelia Capitolina","Asia (continent)",Iudaea,['settlement'],['8.16.5'],NULL,https://pleiades.stoa.org/places/687928,NULL,https://wikidata.org/wiki/Q1218,NULL,NULL,NULL,NULL
37.5,37.5,"Ancient daphne laurel at Daphne? in Syria","Asia (continent)","Antioch on the Orontes",['dendron'],['8.23.5'],NULL,NULL,NULL,NULL,https://resource.manto.unh.edu/10526317,NULL,NULL,NULL
22.203,37.542,"Sanctuary of Artemis Kalliste atop tomb of Kallisto near Trikolonoi","Arcadia Bk8","Tomb of Kallisto",['hieron'],['8.35.8'],"Tomb of Kallisto",NULL,NULL,https://wikidata.org/wiki/Q134037073,https://resource.manto.unh.edu/10769845,NULL,NULL,NULL
44.42082,32.53617,"Sanctuary of Bel at Babylon","Asia (continent)","Babylon, Babylon",['hieron'],['8.33.3'],"Babylon, Babylon",NULL,NULL,NULL,NULL,NULL,NULL,NULL
30.7,27.1,"Egypt (region)","Libya (Africa)","Roman empire","['major region']","['1.11.5','1.36.6','1.39.6','1.42.3','1.44.3','1.6.1','1.6.3','1.6.5','1.6.6','1.6.7','1.6.8','1.7.1','1.7.2','1.7.3','1.9.1','1.9.3','1.9.4','10.32.18','10.7.8','2.16.1','2.9.3','3.10.2','3.6.9','5.21.15','5.7.4','6.26.9','6.3.1','7.5.5','8.33.3']",NULL,https://pleiades.stoa.org/places/981503,NULL,https://wikidata.org/wiki/Q11768,NULL,NULL,NULL,NULL
22.31536,37.724716,"Sanctuary of Poseidon at Orchomenos","Arcadia Bk8","Orchomenos (Arcadia)",['hieron'],['8.13.2'],"Orchomenos (Arcadia)",NULL,NULL,https://wikidata.org/wiki/Q134037117,NULL,NULL,NULL,NULL
22.45931,37.85932,Stymphalos,"Arcadia Bk8","Arcadia Bk8",['settlement'],"['2.24.6','5.10.9','6.7.10','8.13.5','8.22.1','8.22.2','8.22.3','8.22.6','8.22.7','8.22.8','8.23.1','8.4.6','9.11.6']",NULL,https://pleiades.stoa.org/places/570696,NULL,https://wikidata.org/wiki/Q2359730,NULL,NULL,NULL,NULL
22.14707,37.35051,"Theious (river)","Arcadia Bk8","Arcadia Bk8",['potamos'],['8.35.3'],NULL,https://pleiades.stoa.org/places/570719,NULL,NULL,NULL,NULL,NULL,NULL
23.72658434,37.97155767,"Parthenon of Athens","Athenai Bk1","Athenian Acropolis (Athens)",['naos'],"['1.1.2','1.24.3','1.24.4','1.24.7','1.24.8','1.37.1','8.41.9']",NULL,https://pleiades.stoa.org/places/168254096,NULL,https://wikidata.org/wiki/Q10288,NULL,NULL,NULL,NULL
22.0762,37.405,"Makareia (Arkadia)","Arcadia Bk8",Parrasia,['settlement'],"['8.27.4','8.3.3','8.36.9']",NULL,https://pleiades.stoa.org/places/570452,https://topostext.org/place/374221UMak,https://wikidata.org/wiki/Q11934483,NULL,"Makaria, Macaria",NULL,NULL
22.3933,37.6181,"City walls of Mantineia","Arcadia Bk8","Mantineia (Arkadia)",['teichos'],['8.8.7'],"Mantineia (Arkadia)",NULL,NULL,NULL,NULL,NULL,NULL,NULL
29.647292999999998,45.16291,"Danube/Istros/Hister (river)",Europe,Europe,['potamos'],"['1.9.6','3.19.11','4.34.2','8.25.13','8.28.2','8.38.3']",NULL,https://pleiades.stoa.org/places/226577,NULL,https://wikidata.org/wiki/Q1653,NULL,NULL,NULL,NULL
22.0708,37.4506,"Olympias spring at Bathos","Arcadia Bk8",Bathos,['pege'],['8.29.1'],Bathos,NULL,NULL,NULL,https://resource.manto.unh.edu/10214446,NULL,NULL,NULL
22.305,37.533,"Stadium for horse-racing at Mainalos","Arcadia Bk8",Mainalos,['hippodrome'],['8.36.8'],Mainalos,NULL,NULL,NULL,NULL,NULL,NULL,NULL
22.124,37.418,"Paraibasion polyandrion","Arcadia Bk8","road Gortys to Megalopolis","['mnema','polyandrion']",['8.28.7'],NULL,https://pleiades.stoa.org/places/958446605,NULL,NULL,NULL,NULL,NULL,NULL
22.093167,37.332507,Kromoi,"Arcadia Bk8",Kromitis,['polis'],"['8.27.4','8.3.4','8.34.6']",NULL,https://pleiades.stoa.org/places/570388,NULL,https://wikidata.org/wiki/Q11916188,NULL,"Kromon Kromna Cromi",NULL,NULL
21.842,37.4075,"Hot baths 12 stadia from Phigaleia near Lymax confluence","Arcadia Bk8",Phigaleia,['loutron'],['8.41.4'],Phigaleia,NULL,NULL,NULL,NULL,NULL,NULL,NULL
22.1302,37.8248,"Tragos (river)","Arcadia Bk8","Arcadia Bk8",['potamos'],['8.23.2'],NULL,https://pleiades.stoa.org/places/570745,NULL,https://wikidata.org/wiki/Q24888109,NULL,NULL,NULL,NULL
22.305,37.533,"Traces of temple of Athena at Mainalos","Arcadia Bk8",Mainalos,['naos'],['8.36.8'],Mainalos,NULL,NULL,NULL,NULL,NULL,NULL,NULL
22.3154,37.7247,"Deep ravine between Orchomenos and Mt. Trachy draining plain","Arcadia Bk8","Orchomenos (Arcadia)",['charadra'],['8.13.4'],NULL,NULL,NULL,NULL,NULL,NULL,NULL,NULL
25.163105999999996,35.297847,"Knosos/Col. Iulia Nobilis Cnosos",Crete,Crete,['polis'],"['1.18.5','1.27.10','3.2.4','5.10.9','6.4.11','8.53.8']",NULL,https://pleiades.stoa.org/places/589872,NULL,https://wikidata.org/wiki/Q173527,NULL,NULL,NULL,NULL
22.1273,37.4124,"altars in precinct of Zeus Lykaios at Megalopolis","Arcadia Bk8","Sanctuary of Zeus Lykaios in agora of Megalopolis",['bomos'],['8.30.2'],"Megalopolis (Arkadia)",NULL,NULL,NULL,NULL,NULL,NULL,NULL
27.184167,39.1325,Pergamum,"Asia Minor (Asia)",Mysia,['settlement'],"['1.10.4','1.11.2','1.4.5','1.4.6','10.15.3','10.18.6','3.26.10','5.13.3','5.13.8','7.16.1','7.16.8','7.2.11','8.4.9']",NULL,https://pleiades.stoa.org/places/550812,NULL,https://wikidata.org/wiki/Q18986,NULL,NULL,NULL,NULL
22.165456,37.246287,Aigys,"Lakonia Bk3",Aigytis,['settlement'],"['3.2.5','8.27.4']",NULL,https://pleiades.stoa.org/places/570052,NULL,https://wikidata.org/wiki/Q15872679,NULL,NULL,NULL,NULL
21.87884,37.710489,"temple of Demeter Lousia","Arcadia Bk8",Onkeion,['naos'],['8.25.6'],Onkeion,NULL,NULL,NULL,NULL,NULL,NULL,NULL
22.0959,37.8914,"Sanctuary of the Great Gods or Dioskouroi  at Kleitor","Arcadia Bk8",Kleitor,['hieron'],['8.21.4'],Kleitor,NULL,https://topostext.org/place/379221SDiK,https://wikidata.org/wiki/Q134039995,NULL,NULL,NULL,NULL
23.538,38.0411,"sanctuary of the Eleusinian Mysteries at Eleusis","Attica Bk1","Eleusis (Attica)",['hieron'],"['1.38.7','10.31.11','3.4.2','3.4.6','8.15.1','8.31.7']",NULL,https://pleiades.stoa.org/places/579910,https://topostext.org/place/380235SEle,https://wikidata.org/wiki/Q94299853,NULL,NULL,NULL,NULL
21.9482,37.2679,"Karneiasion/Karnasion grove (Messenia)","Messenia Bk4","Messenia Bk4",['alsos'],"['4.33.4','4.33.5','8.35.1']",NULL,https://pleiades.stoa.org/places/570331,https://topostext.org/place/373219SKar,https://wikidata.org/wiki/Q28000806,NULL,"Carnasian grove",NULL,NULL
22.1273,37.414,"Agora of Megalopolis","Arcadia Bk8","North section of Megalopolis city",['agora'],"['8.30.2','8.30.7']",NULL,NULL,NULL,https://wikidata.org/wiki/Q133963420,NULL,NULL,NULL,NULL
22.3,37.5,Stratie,"Arcadia Bk8","Arcadia Bk8",['nesos'],['8.25.12'],"Arcadia Bk8",https://pleiades.stoa.org/places/573535,NULL,https://wikidata.org/wiki/Q3563487,NULL,NULL,NULL,NULL
22.0275,37.3894,"City walls of Lykosoura, above sanctuary of Despoina","Arcadia Bk8","Lykosoura polis",['teichos'],['8.38.1'],NULL,NULL,NULL,NULL,NULL,NULL,NULL,NULL
22.1273,37.4124,"Temenos of Boreas right of the Megalopolis-Mainalos road","Arcadia Bk8","Megalopolis (Arkadia)",['temenos'],['8.36.6'],"Megalopolis (Arkadia)",NULL,NULL,NULL,NULL,NULL,NULL,NULL
22.1356,37.8279,Mesoboa,"Arcadia Bk8","Arcadia Bk8",['settlement'],['8.25.2'],NULL,https://pleiades.stoa.org/places/573371,NULL,https://wikidata.org/wiki/Q29654248,NULL,NULL,NULL,NULL
22.80004,37.59918,Tiryns,"Argolid Bk2","Argolid Bk2","['polis','settlement']","['1.32.6','2.16.2','2.16.5','2.17.5','2.25.8','5.2.2','5.23.3','7.25.6','8.14.2','8.27.1','8.33.3','8.46.3','9.11.1','9.36.5']",NULL,https://pleiades.stoa.org/places/570740,NULL,https://wikidata.org/wiki/Q217379,NULL,NULL,NULL,NULL
23.890649999999997,40.788754,Eion,"Thrace (Europe)","Thrace (Europe)",['settlement'],['8.8.9'],NULL,https://pleiades.stoa.org/places/501410,NULL,https://wikidata.org/wiki/Q1268859,NULL,NULL,NULL,NULL
22.307,37.9117,"Swallow-hole (katavothra) below mountains of Pheneos","Arcadia Bk8",Pheneos,['barathron'],['8.14.1'],Pheneos,NULL,NULL,NULL,NULL,NULL,NULL,NULL
22.959486,38.495082,"Orchomenos (Boeotia)","Boiotia Bk9","Boiotia Bk9",['polis'],"['10.29.5','10.35.1','10.4.1','4.27.10','8.33.2','9.15.3','9.24.3','9.34.6','9.36.1','9.36.2','9.36.6','9.36.7','9.36.8','9.37.8','9.38.3','9.38.4','9.38.6','9.38.8','9.9.2']",NULL,https://pleiades.stoa.org/places/540987,NULL,https://wikidata.org/wiki/Q543895,NULL,"Minyan Orchomenus",NULL,NULL
22.0959,37.8914,"Sanctuary of Asklepios at Kleitor","Arcadia Bk8",Kleitor,['hieron'],['8.21.3'],Kleitor,NULL,NULL,https://wikidata.org/wiki/Q134036985,NULL,NULL,NULL,NULL
21.863791,37.613569,"Building for Orgia of Dionysos at Heraia","Arcadia Bk8","Heraia (Arcadia)",['oikema'],['8.26.1'],"Heraia (Arcadia)",NULL,NULL,NULL,NULL,NULL,NULL,NULL
27.142222,38.115556,Colophon,"Asia Minor (Asia)","Ionia (region)",['polis'],"['1.14.4','1.9.7','7.3.3','7.3.4','7.3.5','7.3.8','7.3.9','7.5.1','7.5.10','8.28.3','9.32.6','9.33.2']",NULL,https://pleiades.stoa.org/places/599577,NULL,https://wikidata.org/wiki/Q1142488,NULL,NULL,NULL,NULL
21.8204,37.4432,"Sacred cave of Demeter Melaina on Mt. Elaion","Arcadia Bk8","Elaion mountain, Arcadia","['hieron','spelaion']","['8.42.1','8.42.11','8.42.12','8.42.13','8.42.3','8.42.6']","Elaion mountain, Arcadia",NULL,NULL,https://wikidata.org/wiki/Q60970010,NULL,NULL,NULL,NULL
22.171,37.642,"Methydrion (Arkadia)","Arcadia Bk8","Arcadia Bk8",['settlement'],"['8.12.2','8.27.4','8.27.7','8.3.3','8.35.5','8.35.9','8.36.1','8.36.2','8.36.4']",NULL,https://pleiades.stoa.org/places/570484,https://topostext.org/place/376222PMet,https://wikidata.org/wiki/Q60790161,NULL,NULL,NULL,NULL
21.86,37.767,"Sanctuary of Kaousian Asklepios","Arcadia Bk8",Kaous,"['Asclepieion','hieron']","['8.25.1','8.25.2']",Kaous,NULL,NULL,https://wikidata.org/wiki/Q134036855,NULL,NULL,NULL,NULL
22.168781,37.327556,Malea,"Arcadia Bk8",Aigytis,['settlement'],['8.27.4'],NULL,https://pleiades.stoa.org/places/570454,NULL,https://wikidata.org/wiki/Q11934700,NULL,NULL,NULL,NULL
22.1099,38.030042,"Sanctuary of Dionysos at Kynaitha","Arcadia Bk8",Kynaitha,['hieron'],['8.19.2'],Kynaitha,NULL,NULL,https://wikidata.org/wiki/Q134036992,NULL,NULL,NULL,NULL
21.7850004,38.3099987,"Rhion Pr.","Achaia Bk7","Achaia Bk7",['akra'],"['10.11.6','7.22.10','8.5.6']",NULL,https://pleiades.stoa.org/places/570646,NULL,https://wikidata.org/wiki/Q24990480,NULL,Rion,NULL,NULL
21.842,37.4075,"oak grove near cave of Demeter near Phigaleia","Arcadia Bk8",Phigaleia,['alsos'],['8.42.12'],Phigaleia,NULL,NULL,NULL,NULL,NULL,NULL,NULL
22.262624,37.766264,"Sanctuary of Artemis Knakalesia at Kaphyai","Arcadia Bk8",Kaphyai,['hieron'],['8.23.3'],Kaphyai,NULL,NULL,https://wikidata.org/wiki/Q134037097,NULL,NULL,NULL,NULL
22.40816,37.60256,"Sanctuary of Poseidon Hippios near Mantineia","Arcadia Bk8","highway Mantineia to Tegea",['hieron'],"['8.10.2','8.10.3','8.10.5','8.11.1','8.5.5']",NULL,NULL,https://topostext.org/place/376224SPos,https://wikidata.org/wiki/Q17574778,https://resource.manto.unh.edu/10151068,NULL,NULL,NULL
21.90262,37.44921,"Kotilion (mountain)","Arcadia Bk8","Arcadia Bk8",['oros'],"['8.41.10','8.41.7']",NULL,https://pleiades.stoa.org/places/570377,NULL,https://wikidata.org/wiki/Q15209931,NULL,NULL,NULL,NULL
26.8857,37.6718,"Vitex plant in Heraion of Samos","Aegean Sea (Hellas)","Heraion of Samos",['dendron'],"['7.4.4','8.23.5']","Heraion of Samos",NULL,NULL,NULL,NULL,lygos,NULL,NULL
22.77,37.4,"Thyreatic gulf E of the Argolid","Argolid Bk2","Argolid Bk2",['kolpos'],['8.3.3'],NULL,NULL,NULL,NULL,NULL,NULL,NULL,NULL
21.9725313,37.4563114,"Kerausion M.","Arcadia Bk8","Lykaion (mountain)",['oros'],['8.41.3'],"Lykaion (mountain)",https://pleiades.stoa.org/places/573285,NULL,https://wikidata.org/wiki/Q133810034,NULL,NULL,NULL,NULL
22.165741,37.390614,Haimoniai,"Arcadia Bk8","road Megalopolis to Pallantion and Tegea",['settlement'],"['8.3.3','8.44.1','8.44.2']",NULL,https://pleiades.stoa.org/places/570271,NULL,https://wikidata.org/wiki/Q39081796,NULL,Haemoniae,NULL,NULL
22.538294,38.796511,Thermopylae,"Hellas (Europe)",Phthiotis,"['esbole','teichos']","['1.1.3','1.3.5','1.4.1','1.4.2','1.4.3','1.4.4','10.20.1','10.20.2','10.20.3','10.20.6','10.20.9','10.21.1','10.21.2','10.21.6','10.22.12','10.22.5','10.22.7','10.22.8','2.16.5','3.12.9','3.14.1','3.4.7','3.4.8','3.5.5','4.35.9','7.15.3','7.24.4','7.6.3','7.6.7','8.51.4','8.52.2','8.6.3','9.15.2','9.32.9']",NULL,https://pleiades.stoa.org/places/541140,NULL,https://wikidata.org/wiki/Q194450,NULL,NULL,NULL,NULL
22.293,37.436,"Soumetia (Arkadia)","Arcadia Bk8","Arcadia Bk8",['polis'],"['8.27.3','8.3.4','8.36.8']",NULL,https://pleiades.stoa.org/places/573529,https://topostext.org/place/375223USou,https://wikidata.org/wiki/Q39081737,NULL,"Sumetia Soumatia Soumetion",NULL,NULL
25.547900000000002,39.917,Chryse,"Aegean Sea (Hellas)","Lemnos island",['nesos'],['8.33.4'],NULL,https://pleiades.stoa.org/places/554214,NULL,NULL,NULL,NULL,NULL,NULL
22.4295,37.46475,"Altar of Zeus Teleios in Tegea","Arcadia Bk8","Agora of Tegea",['bomos'],['8.48.6'],"Agora of Tegea",NULL,NULL,NULL,NULL,NULL,NULL,NULL
22.291,37.41,"Springs of the Eurotas river by the road from Asea to Tegea","Arcadia Bk8","Eurotas (river)",['pege'],['8.44.3'],NULL,NULL,NULL,NULL,NULL,NULL,NULL,NULL
24.01,37.01,"Myrtoan Sea (Cyclades)","Aegean Sea (Hellas)","Aegean Sea (Hellas)",['thalassa'],['8.14.12'],NULL,NULL,https://topostext.org/place/370240WMyr,https://wikidata.org/wiki/Q840427,NULL,NULL,NULL,NULL
22.1273,37.414,"Aristandreion stoa in agora of Megalopolis","Arcadia Bk8","Agora of Megalopolis",['stoa'],['8.30.10'],"Agora of Megalopolis",NULL,NULL,NULL,NULL,NULL,NULL,NULL
22.262624,37.766264,"Temple of Artemis Kondyleatis","Arcadia Bk8","Grove of Artemis at Kondylea near Kaphyai",['naos'],['8.23.6'],"Grove of Artemis at Kondylea near Kaphyai",NULL,NULL,NULL,NULL,NULL,NULL,NULL
22.2,39.6,Thessalia,"Hellas (Europe)","Hellas (Europe)",['chora'],"['1.11.1','1.29.13','1.4.1','1.8.3','10.22.3','10.8.4','2.2.5','2.23.5','2.24.1','2.6.1','3.20.6','3.6.1','3.7.9','3.9.12','3.9.13','4.36.3','5.1.11','6.17.9','6.4.7','7.1.2','7.1.3','7.10.2','7.15.2','7.19.7','7.6.5','8.27.10','8.6.2','9.15.1','9.40.5','9.8.6']",NULL,https://pleiades.stoa.org/places/1332,NULL,https://wikidata.org/wiki/Q1247568,NULL,NULL,NULL,NULL
22.45,37.625,"Arnê fountain 12 stades from Mantinea","Arcadia Bk8","Argon Pedion","['krene','pege']","['8.8.1','8.8.2','8.8.4']","Argon Pedion",https://pleiades.stoa.org/places/573120,NULL,NULL,https://resource.manto.unh.edu/10152170,NULL,NULL,NULL
21.89626,37.4323,"Sanctuaries of Artemis Kotilaia and Aphrodite near Bassae","Arcadia Bk8",Kotilon,['naos'],['8.41.10'],NULL,NULL,https://topostext.org/place/374219SArt,https://wikidata.org/wiki/Q38282420,NULL,NULL,NULL,NULL
22.3933,37.6181,"Zeus Soter sanctuary at Mantineia","Arcadia Bk8","Mantineia (Arkadia)",['hieron'],['8.9.2'],"Mantineia (Arkadia)",NULL,NULL,https://wikidata.org/wiki/Q134037169,NULL,NULL,NULL,NULL
25.268194,37.397274,"Delos (settlement)","Aegean Sea (Hellas)","Delos island",['polis'],"['3.23.3','3.23.4','3.23.5','4.36.6','8.33.2','9.34.6']",NULL,https://pleiades.stoa.org/places/599587,NULL,https://wikidata.org/wiki/Q131911921,NULL,NULL,NULL,NULL
21.630126,37.637849,Olympia,"Eleia Bk5 Bk6","Pisa (Eleia)",['hieron'],"['1.28.1','1.35.6','1.44.1','10.14.5','10.37.4','10.38.8','10.7.5','10.9.4','2.11.8','2.5.7','2.7.2','3.8.3','3.8.4','3.8.5','4.31.6','5.1.4','5.1.7','5.10.1','5.10.3','5.10.4','5.10.5','5.10.7','5.10.9','5.11.10','5.11.4','5.11.9','5.12.4','5.12.5','5.12.8','5.13.1','5.13.10','5.13.9','5.14.1','5.14.2','5.14.4','5.15.12','5.15.3','5.16.8','5.17.5','5.2.3','5.2.5','5.20.6','5.21.16','5.23.3','5.23.6','5.24.4','5.24.6','5.24.8','5.25.12','5.25.13','5.25.4','5.25.5','5.25.7','5.26.1','5.26.4','5.26.5','5.26.7','5.27.1','5.27.2','5.27.9','5.4.4','5.4.5','5.4.6','5.4.7','5.4.8','5.5.3','5.6.1','5.6.7','5.6.8','5.7.1','5.7.10','5.7.6','5.7.9','5.8.1','5.8.2','5.8.5','5.8.6','5.9.1','5.9.4','6.1.6','6.10.2','6.10.4','6.10.8','6.12.4','6.12.5','6.12.6','6.12.7','6.12.8','6.13.11','6.13.2','6.13.3','6.13.5','6.13.6','6.13.8','6.14.1','6.14.10','6.14.13','6.14.2','6.14.3','6.14.5','6.15.1','6.15.2','6.15.3','6.15.6','6.15.9','6.16.1','6.16.4','6.16.5','6.16.8','6.16.9','6.17.2','6.17.7','6.18.1','6.18.2','6.18.7','6.19.1','6.19.10','6.19.14','6.19.4','6.2.10','6.2.2','6.2.6','6.20.14','6.20.19','6.20.2','6.20.7','6.21.2','6.22.5','6.22.7','6.23.1','6.23.6','6.3.11','6.3.14','6.3.15','6.3.2','6.3.9','6.4.11','6.4.2','6.4.5','6.4.6','6.4.9','6.5.7','6.6.1','6.6.3','6.6.5','6.7.10','6.7.3','6.7.8','6.8.1','6.8.2','6.8.3','6.8.6','6.9.3','7.17.13','7.17.14','7.17.6','7.23.5','7.27.5','7.27.6','7.6.4','8.1.2','8.19.1','8.42.9','8.48.1','8.48.2','8.50.3','8.54.3','9.23.1','9.7.5']",NULL,https://pleiades.stoa.org/places/570531,NULL,https://wikidata.org/wiki/Q38888,https://resource.manto.unh.edu/10217933,"Sanctuary of Olympian Zeus in Pisatis",NULL,NULL
22.203,37.542,"Tomb of Kallisto","Arcadia Bk8","road Tricoloni to Methydrion, 137 stades","['choma ges','hemera dendra','taphos']","['8.3.7','8.35.8']",NULL,NULL,NULL,NULL,https://resource.manto.unh.edu/10137217,NULL,NULL,NULL
22.39,37.42,"Manthourikon plain right of Chôma","Arcadia Bk8","Arcadia Bk8",['pedion'],['8.44.7'],NULL,NULL,NULL,NULL,NULL,NULL,NULL,NULL
21.90262,37.44921,Kotilon,"Arcadia Bk8","Kotilion (mountain)",['chorion'],['8.41.10'],"Kotilion (mountain)",https://pleiades.stoa.org/places/573306,NULL,NULL,NULL,NULL,NULL,NULL
39.728451,41.005877,Trapezus,"Pontus Euxinus","Pontus Euxinus",['polis'],['8.27.6'],NULL,https://pleiades.stoa.org/places/857359,NULL,https://wikidata.org/wiki/Q45301,NULL,"Trapezous of Pontos",NULL,NULL
22.1273,37.4124,"Sanctuary of Asklepios in Megalopolis, in temenos by Artemis Agrotera","Arcadia Bk8","Sacred precinct right of temple of Artemis Agrotera at Megalopolis",['hieron'],['8.32.4'],"Sacred precinct right of temple of Artemis Agrotera at Megalopolis",NULL,NULL,https://wikidata.org/wiki/Q134037005,NULL,NULL,NULL,NULL
22.45,37.455,"Garates (river)","Arcadia Bk8","Tegea (Arkadia)",['potamos'],['8.54.4'],NULL,https://pleiades.stoa.org/places/570253,NULL,NULL,NULL,NULL,NULL,NULL
22.12724177,37.41016271,"Perpetual spring in theater of Megalopolis","Arcadia Bk8","Megalopolis Theater",['pege'],['8.32.1'],"Megalopolis Theater",NULL,NULL,NULL,NULL,NULL,NULL,NULL
22.3933,37.6181,"Half-Temple of Leto and children at Mantineia","Arcadia Bk8","Double temple of Asklepios and Leto and her children at Mantineia",['naos'],['8.9.1'],"Double temple of Asklepios and Leto and her children at Mantineia",NULL,NULL,NULL,NULL,NULL,NULL,NULL
21.983,37.567,"Springs of the Bouphagos river at Bouphagion","Arcadia Bk8",Bouphagion,['pege'],"['8.26.8','8.27.17']",NULL,NULL,NULL,NULL,NULL,NULL,NULL,NULL
22.2542,37.4355,"Artemis Lykoatis sanctuary exc. (Arkadia)","Arcadia Bk8","Arcadia Bk8",['hieron'],['8.36.7'],NULL,NULL,https://topostext.org/place/374223XAPa,https://wikidata.org/wiki/Q134040003,NULL,NULL,NULL,NULL
22.249,37.996,"Krathis Mt. (Achaia)","Achaia Bk7","Achaia Bk7",['oros'],"['7.25.11','8.15.8','8.15.9']",NULL,https://pleiades.stoa.org/places/570382,https://topostext.org/place/378223LKra,https://wikidata.org/wiki/Q101048087,NULL,NULL,NULL,NULL
22.041,37.534,Gortys,"Arcadia Bk8",Kynouriake,['settlement'],"['5.7.1','8.27.4','8.27.7','8.28.1','8.28.2','8.4.8']",NULL,https://pleiades.stoa.org/places/570267,NULL,https://wikidata.org/wiki/Q1538431,NULL,NULL,NULL,NULL
22.1273,37.4124,"Sanctuary of Athena Polias at Megalopolis","Arcadia Bk8","Megalopolis (Arkadia)",['hieron'],['8.31.9'],"Megalopolis (Arkadia)",NULL,NULL,https://wikidata.org/wiki/Q134037019,NULL,NULL,NULL,NULL
22.3969,37.9397,"Kyllene Mt.","Arcadia Bk8","Arcadia Bk8",['oros'],"['8.15.4','8.17.1','8.17.3','8.17.4','8.17.5','8.4.4','8.4.6']",NULL,https://pleiades.stoa.org/places/570391,https://topostext.org/place/379224LKyl,https://wikidata.org/wiki/Q1232572,NULL,NULL,NULL,NULL
-2.422,53.826,"Britannia/Albion (island)",NULL,"Roman empire",['nesos'],"['1.33.4','8.43.4']",NULL,https://pleiades.stoa.org/places/20419,NULL,https://wikidata.org/wiki/Q185103,NULL,NULL,NULL,NULL
22.4295,37.46475,"Temple of Aphrodite in agora of Tegea, called in brick","Arcadia Bk8","Agora of Tegea",['naos'],['8.48.1'],"Agora of Tegea",NULL,NULL,NULL,NULL,NULL,NULL,NULL
22.2869,37.2785,"Belemina (Lakonia)","Lakonia Bk3","Lakonia Bk3",['settlement'],"['3.21.3','8.27.4','8.35.3','8.35.4']",NULL,https://pleiades.stoa.org/places/570151,https://topostext.org/place/373223UBel,https://wikidata.org/wiki/Q16537117,NULL,Belmina,NULL,NULL
22.461269,37.616101,"Sanctuary of Demeter near Nestanê","Arcadia Bk8",Nestane,['hieron'],['8.8.1'],Nestane,NULL,NULL,https://wikidata.org/wiki/Q134037254,NULL,NULL,NULL,NULL
20.749775,38.923568,"Actium Pr.","Aitolia region",Akarnania,['akra'],"['10.8.3','8.8.12']",NULL,NULL,NULL,https://wikidata.org/wiki/Q216551,NULL,NULL,https://imperium.ahlfeldt.se/places/41195,NULL
22.973,37.928,"Isthmus of Corinth","Corinthia Bk2","Corinthia Bk2",['chora'],"['1.25.4','1.27.10','1.44.8','10.5.3','2.1.4','2.1.5','2.1.6','2.1.7','2.15.1','2.2.2','2.2.3','2.29.7','2.5.7','2.8.5','3.21.6','3.9.1','4.9.2','5.2.1','5.3.6','6.13.10','7.15.11','7.16.1','7.27.5','7.6.7','7.7.2','8.1.1','8.48.2','8.5.1','8.5.6']",NULL,https://pleiades.stoa.org/places/570317,https://topostext.org/place/379230LIst,https://wikidata.org/wiki/Q215200,NULL,NULL,NULL,NULL
30.59285065,40.99129035,"Sangarius (river)","Asia (continent)","Asia Minor (Asia)",['potamos'],"['1.4.5','7.17.11','8.9.7']",NULL,https://pleiades.stoa.org/places/511406,NULL,https://wikidata.org/wiki/Q217466,NULL,NULL,NULL,NULL
22.03143,37.38957,"Altar of Poseidon Hippios at Lykosoura","Arcadia Bk8","Sanctuary of Despoina at Lykosoura",['bomos'],['8.37.10'],"Sanctuary of Despoina at Lykosoura",NULL,NULL,NULL,NULL,NULL,NULL,NULL
22.25133,37.42096,"summit of Mt. Voreion","Arcadia Bk8","Boreion (mountain)",['koryphe'],['8.44.4'],"Boreion (mountain)",NULL,NULL,NULL,NULL,NULL,NULL,NULL
22.1273,37.4124,"Sanctuary of Kore at Megalopolis, right of Great Goddesses temple","Arcadia Bk8","Peribolos of Great Goddesses Demeter and Korê at Megalopolis",['hieron'],['8.31.8'],"Peribolos of Great Goddesses Demeter and Korê at Megalopolis",NULL,NULL,https://wikidata.org/wiki/Q134036995,NULL,NULL,NULL,NULL
21.9725313,37.4563114,"Lykaion (mountain)","Arcadia Bk8",Parrasia,['oros'],"['4.20.2','4.22.2','4.23.2','8.2.1','8.27.4','8.36.3','8.38.10','8.38.2','8.38.3','8.38.5','8.38.6','8.38.9','8.41.3']",NULL,https://pleiades.stoa.org/places/570441,NULL,https://wikidata.org/wiki/Q1878690,NULL,Olympus,NULL,NULL
21.87884,37.710489,"Sanctuary of Demeter Erinys in Onkeion on the Ladon","Arcadia Bk8",Onkeion,['hieron'],['8.25.4'],Onkeion,NULL,NULL,https://wikidata.org/wiki/Q134036680,https://resource.manto.unh.edu/10764746,NULL,NULL,NULL
14.058,40.848,"Sanctuary of Apollo at Cumae in Campania","Italia (Europe)","Cumae/Kyme (Campanian)",['hieron'],"['10.12.8','8.24.5']","Cumae/Kyme (Campanian)",NULL,NULL,https://wikidata.org/wiki/Q134036730,https://resource.manto.unh.edu/11321544,NULL,NULL,NULL
22.1273,37.4124,"Hill east of stadium of Megalopolis with Agrotera temple","Arcadia Bk8","Megalopolis (Arkadia)",['lophos'],['8.32.4'],"Megalopolis (Arkadia)",NULL,NULL,NULL,NULL,NULL,NULL,NULL
22.42935,37.46417,"Theater of Tegea not far from agora","Arcadia Bk8","Tegea (Arkadia)",['theatron'],['8.49.1'],NULL,NULL,NULL,https://wikidata.org/wiki/Q17581805,NULL,NULL,NULL,NULL
21.864,37.532,"Tritonis fountain at Alipheira","Arcadia Bk8",Alipheira,['krene'],['8.26.6'],Alipheira,NULL,NULL,NULL,https://resource.manto.unh.edu/10214404,NULL,NULL,NULL
12.5919,38.03528,Eryx,"Sicilia (island)","Sicilia (island)",['chora'],['8.24.6'],NULL,https://pleiades.stoa.org/places/462201,NULL,https://wikidata.org/wiki/Q2275983,NULL,NULL,NULL,NULL
22.17,37.496,"Krounoi spring above Trikolonoi","Arcadia Bk8","road Tricoloni to Methydrion, 137 stades",['pege'],['8.35.8'],NULL,https://pleiades.stoa.org/places/573313,NULL,NULL,NULL,NULL,NULL,NULL
22.08013,37.5684,"Hypsous Mountain","Arcadia Bk8","Arcadia Bk8",['oros'],['8.35.7'],NULL,https://pleiades.stoa.org/places/570304,NULL,NULL,NULL,NULL,NULL,NULL
22.323,37.932,"Temple of Apollo Pythios on Pheneos-Pellênê road","Arcadia Bk8","Sanctuary of Apollo Pythios near Pheneus",['naos'],['8.15.5'],"Sanctuary of Apollo Pythios near Pheneus",NULL,NULL,NULL,NULL,NULL,NULL,NULL
22.31275269,37.25289778,Peloponnesos,"Hellas (Europe)","Hellas (Europe)","['major region']","['1.13.4','1.13.7','1.25.4','1.27.10','1.27.5','1.3.4','1.41.2','10.1.2','10.18.2','10.38.10','2.1.1','2.1.2','2.1.5','2.12.3','2.13.1','2.13.7','2.18.7','2.20.1','2.21.5','2.24.5','2.26.1','2.26.3','2.26.4','2.34.4','2.34.8','2.37.3','2.5.3','2.5.6','2.5.7','2.7.6','2.8.6','2.9.2','3.1.6','3.13.2','3.2.6','3.21.6','3.22.6','3.3.4','3.7.6','3.9.1','4.14.6','4.15.6','4.24.7','4.26.1','4.26.3','4.26.5','4.27.11','4.27.8','4.27.9','4.28.1','4.29.13','4.29.2','4.29.4','4.31.11','4.34.10','4.34.5','4.34.9','4.35.1','5.1.1','5.1.2','5.1.7','5.1.8','5.3.5','5.3.6','5.6.3','5.8.2','6.2.10','6.2.11','6.7.6','7.13.5','7.15.6','7.3.9','7.7.6','8.1.1','8.1.2','8.27.5','8.30.5','8.38.7','8.45.3','8.5.1','8.5.6','8.51.3','8.54.7','9.14.4','9.15.4','9.32.1','9.9.2']",NULL,https://pleiades.stoa.org/places/570577,NULL,https://wikidata.org/wiki/Q78967,NULL,Peloponnese,NULL,NULL
23.848889,40.785833,"Strymon (river)","Thrace (Europe)","Thrace (Europe)",['potamos'],['8.8.9'],NULL,https://pleiades.stoa.org/places/501629,NULL,https://wikidata.org/wiki/Q204127,NULL,NULL,NULL,NULL
34.89592,36.91242,"Tarsus/Antiochia ad Cydnum","Asia Minor (Asia)",Cilicia,['polis'],['8.28.3'],NULL,https://pleiades.stoa.org/places/648789,NULL,https://wikidata.org/wiki/Q134287,NULL,NULL,NULL,NULL
22.1273,37.4124,"Spring on Skoleitas hill flowing to Helisson river","Arcadia Bk8","Megalopolis (Arkadia)",['pege'],['8.30.7'],"Megalopolis (Arkadia)",NULL,NULL,NULL,NULL,NULL,NULL,NULL
22.03143,37.38957,"Temple of Artemis Hegemone at Lykosoura","Arcadia Bk8","Sanctuary of Despoina at Lykosoura",['naos'],['8.37.1'],"Sanctuary of Despoina at Lykosoura",NULL,NULL,NULL,NULL,NULL,NULL,NULL
22.7214,37.6305,"Sanctuary of Apollo Lykios in Argos","Argolid Bk2","Argos (Argolid)",['hieron'],"['2.19.3','2.19.4','2.19.5','2.19.6','2.19.7','2.19.8','2.20.1','8.46.3']","Agora of Argos",NULL,NULL,https://wikidata.org/wiki/Q122194186,https://resource.manto.unh.edu/10185200,"Apollo Lykeios Lycius",NULL,NULL
22.5384,38.0446,Pellene,"Achaia Bk7","Achaia Bk7",['settlement'],"['1.25.2','10.9.10','2.7.4','2.8.5','3.1.4','3.26.2','7.17.14','7.26.12','7.26.13','7.26.14','7.27.1','7.27.11','7.27.12','7.27.4','7.27.5','7.27.6','7.27.7','7.27.8','7.27.9','7.6.1','7.7.1','7.7.3','8.15.5','8.15.8','8.27.14']",NULL,https://pleiades.stoa.org/places/570576,NULL,https://wikidata.org/wiki/Q2068130,NULL,NULL,NULL,NULL
12.486,41.891,"Canal of Orontes river dug by Roman emperor","Asia (continent)","Syria (Asia)",['barathron'],['8.29.3'],NULL,NULL,NULL,NULL,NULL,NULL,NULL,NULL
22.1273,37.4124,"Peribolos of Great Goddesses Demeter and Korê at Megalopolis","Arcadia Bk8","Megalopolis (Arkadia)","['hieron','peribolos']",['8.31.1'],"Megalopolis (Arkadia)",NULL,NULL,https://wikidata.org/wiki/Q134309142,https://resource.manto.unh.edu/10769645,"Megalai Theai precinct at Megale Polis",NULL,NULL
23.2733,38.2213,"Plataea (Boeotia)","Boiotia Bk9",Plataiis,"['battlefield','polis']","['1.13.4','1.27.1','1.38.8','10.13.9','10.2.1','10.5.3','10.5.4','2.6.1','3.11.7','3.14.1','3.17.7','3.4.10','3.4.9','3.5.1','3.7.10','6.10.6','6.3.8','7.27.2','7.6.4','8.52.2','8.6.1','9.1.2','9.1.4','9.1.5','9.1.8','9.2.1','9.2.3','9.2.5','9.2.6','9.2.7','9.3.1','9.4.2','9.4.3','9.4.4','9.5.11','9.6.1','9.8.7']",NULL,https://pleiades.stoa.org/places/541063,https://topostext.org/place/382233PPla,https://wikidata.org/wiki/Q742538,NULL,Plataia,NULL,NULL
22.549,37.489,"Temenos of Telephos on Mt. Parthenion, on Tegea-Argos highway","Arcadia Bk8","Parthenion (mountain)",['temenos'],['8.54.6'],"Parthenion (mountain)",NULL,NULL,NULL,NULL,NULL,NULL,NULL
22.138,37.432,"Sanctuary of Artemis Skiatis in Skias, ruined","Arcadia Bk8",Skiadis,['hieron'],['8.35.5'],Skiadis,NULL,NULL,https://wikidata.org/wiki/Q134037043,NULL,NULL,NULL,NULL
-2.422,53.826,"Genunia part of Brittania",Europe,"Britannia/Albion (island)",['chora'],['8.43.4'],"Britannia/Albion (island)",NULL,NULL,https://wikidata.org/wiki/Q20108167,NULL,NULL,NULL,NULL
22.782061,38.645635,Elateia,"Phokis Bk10","Phokis Bk10",['settlement'],"['1.20.6','1.26.3','10.1.2','10.18.7','10.3.2','10.34.1','10.34.2','10.34.3','10.34.5','10.34.7','10.35.1','7.15.5','8.4.4']",NULL,https://pleiades.stoa.org/places/540755,NULL,https://wikidata.org/wiki/Q1235347,NULL,NULL,NULL,NULL
22.1273,37.4124,"Temple of Aphrodite in Peribolos of Great Goddesses at Megalopolis","Arcadia Bk8","Sanctuary of Aphrodite at Megalopolis, in peribolos of Great Goddesses",['naos'],['8.31.5'],"Sanctuary of Aphrodite at Megalopolis, in peribolos of Great Goddesses",NULL,NULL,NULL,NULL,NULL,NULL,NULL
25.2666,37.4004,"Sanctuary of Delian Apollo on Delos","Aegean Sea (Hellas)","Delos island",['hieron'],"['1.18.5','1.29.1','10.12.5','3.23.3','3.23.5','8.33.2','8.48.3','9.12.6','9.34.6']",NULL,https://pleiades.stoa.org/places/599506,NULL,https://wikidata.org/wiki/Q106802906,NULL,NULL,NULL,NULL
33.27533716,35.04088353,"Cyprus (island)","Internum Mare","Internum Mare",['nesos'],"['1.29.13','1.6.6','1.6.8','1.9.1','1.9.2','10.24.3','3.11.5','8.15.7','8.5.2','8.5.3','9.19.1','9.41.2']",NULL,https://pleiades.stoa.org/places/707498,NULL,https://wikidata.org/wiki/Q644636,NULL,NULL,NULL,NULL
22.1305,37.4123,"Helisson (river)","Arcadia Bk8","Arcadia Bk8",['potamos'],"['5.7.1','8.29.5','8.3.3','8.30.1','8.30.2','8.31.9','8.32.1','8.32.5','8.35.9']",NULL,https://pleiades.stoa.org/places/570284,NULL,https://wikidata.org/wiki/Q15137556,NULL,NULL,NULL,NULL
15.005324750000002,40.42064875,Oenotri,"Italia (Europe)","Italia (Europe)",['chora'],['8.3.5'],NULL,https://pleiades.stoa.org/places/452395,NULL,https://wikidata.org/wiki/Q922562,NULL,NULL,NULL,NULL
21.630126,37.637849,"Theatron at Olympia, where crowd stood in honor of Themistocles","Eleia Bk5 Bk6",Olympia,['theatron'],['8.50.3'],Olympia,NULL,NULL,NULL,NULL,NULL,NULL,NULL
27.5,47.50000000000001,"Scythia (Europe)","Asia (continent)","Asia (continent)","['major region']","['1.43.1','10.31.8','8.43.3']",NULL,https://pleiades.stoa.org/places/1273,NULL,https://wikidata.org/wiki/Q845909,NULL,NULL,NULL,NULL
22.429,37.464,"Tegea (Arkadia)","Arcadia Bk8",Tegeatis,['polis'],"['2.17.7','2.24.5','2.24.7','2.25.1','3.11.10','3.11.7','3.3.5','3.7.10','5.26.4','5.26.5','7.14.4','8.10.1','8.11.1','8.27.2','8.3.4','8.4.3','8.4.8','8.4.9','8.44.1','8.44.7','8.44.8','8.47.1','8.47.5','8.47.6','8.48.5','8.5.3','8.5.4','8.52.6','8.53.10','8.53.11','8.53.7','8.54.4','8.54.5','8.6.4']",NULL,https://pleiades.stoa.org/places/570707,https://topostext.org/place/375224PTeg,https://wikidata.org/wiki/Q645234,NULL,NULL,NULL,NULL
22.1063,37.9698,Lousoi,"Arcadia Bk8","Achaia Bk7",['chorion'],"['8.18.7','8.18.8','8.19.1']",NULL,https://pleiades.stoa.org/places/570438,https://topostext.org/place/380221PLou,https://wikidata.org/wiki/Q1572206,NULL,NULL,NULL,NULL
22.6222206,38.5348857,"Parnassus (mountain)","Phokis Bk10","Phokis Bk10",['oros'],"['1.4.4','10.14.7','10.23.4','10.23.5','10.24.7','10.29.5','10.32.2','10.32.7','10.33.3','10.33.5','10.36.3','10.4.3','10.5.1','10.5.6','10.6.1','10.6.2','10.6.7','10.8.9','2.29.2','2.29.3','4.33.3','4.34.10','4.34.11','4.34.9','5.1.2','7.3.10','8.4.6']",NULL,https://pleiades.stoa.org/places/541012,NULL,https://wikidata.org/wiki/Q105261,NULL,NULL,NULL,NULL
12.4871093,41.8893064,"Palatinus Mons","Italia (Europe)","Italia (Europe)",['polis'],['8.43.2'],NULL,https://pleiades.stoa.org/places/971691208,NULL,https://wikidata.org/wiki/Q200642,NULL,NULL,NULL,NULL
22.1273,37.4124,"Temple of the Good God left of Megalopolis-Mainalos road","Arcadia Bk8","Megalopolis (Arkadia)",['naos'],['8.36.5'],"Megalopolis (Arkadia)",NULL,NULL,NULL,NULL,"Agathos Theos temple near Megalopolis",NULL,NULL
22.3933,37.6181,"Sanctuary of the Dioskouroi at Mantineia","Arcadia Bk8","Mantineia (Arkadia)",['hieron'],['8.9.2'],"Mantineia (Arkadia)",NULL,NULL,https://wikidata.org/wiki/Q134037156,NULL,NULL,NULL,NULL
33.54804,35.073103,Golgoi,"Cyprus (island)","Cyprus (island)",['chorion'],['8.5.2'],NULL,https://pleiades.stoa.org/places/707512,NULL,https://wikidata.org/wiki/Q3561710,NULL,NULL,NULL,NULL
22.2209,37.7284,"common border of Megalopolis, Orchomenos and Kaphyai","Arcadia Bk8","Arcadia Bk8",['horos'],['8.36.4'],NULL,NULL,NULL,NULL,NULL,NULL,NULL,NULL
22.3704,37.8498,"Trikrena M.","Arcadia Bk8","Arcadia Bk8",['oros'],"['8.16.1','8.16.2']",NULL,https://pleiades.stoa.org/places/573569,NULL,https://wikidata.org/wiki/Q15119978,NULL,NULL,NULL,NULL
26.8857,37.6718,"Heraion of Samos","Aegean Sea (Hellas)","Samos (island)",['hieron'],"['6.3.15','6.3.16','7.4.4','7.5.13','7.5.4','8.23.5']",NULL,https://pleiades.stoa.org/places/599641,https://topostext.org/place/377269SHer,https://wikidata.org/wiki/Q841207,NULL,"Heraeum of Samos",NULL,NULL
22.307,37.9117,"Unnamed mountain on road to Pheneos, at border with Orchemenos and Kaphyai","Arcadia Bk8",Pheneos,['oros'],['8.13.6'],Pheneos,NULL,NULL,NULL,NULL,NULL,NULL,NULL
21.995,37.449,"Sanctuary of Pan on Mt. Lykaion","Arcadia Bk8","Lykaion (mountain)",['hieron'],['8.38.5'],NULL,NULL,NULL,https://wikidata.org/wiki/Q134036905,NULL,NULL,NULL,NULL
42.5,27.5,"Arabia (Asia)","Asia (continent)","Asia (continent)","['major region']","['8.22.4','8.22.6','9.21.5','9.28.3']",NULL,https://pleiades.stoa.org/places/981506,NULL,https://wikidata.org/wiki/Q2859371,NULL,NULL,NULL,NULL
22.3933,37.6181,"Tomb of Arkas by altar of Hera at Mantineia","Arcadia Bk8","Mantineia (Arkadia)",['mnema'],['8.9.3'],"Mantineia (Arkadia)",NULL,NULL,NULL,https://resource.manto.unh.edu/10152225,NULL,NULL,NULL
22.311,37.686,"Tomb of Anchises at foot of Mt. Anchisia","Arcadia Bk8","Anchisia Mt. (Argolid)",['mnema'],['8.12.8'],NULL,NULL,NULL,NULL,https://resource.manto.unh.edu/10158710,NULL,NULL,NULL
21.892903,37.871725,"Temple of Erymanthos beside Erymanthos river at Psophis","Arcadia Bk8",Psophis,['naos'],['8.24.12'],Psophis,NULL,NULL,NULL,NULL,NULL,NULL,NULL
22.142,37.278,Skirtonion,"Arcadia Bk8",Aigytis,['settlement'],['8.27.4'],Aigytis,https://pleiades.stoa.org/places/573519,NULL,https://wikidata.org/wiki/Q60791650,NULL,NULL,NULL,NULL
23.723000000000003,37.972,"Areios Pagos","Athenai Bk1","Athenai Bk1","['dikasterion','lophos']","['1.28.5','1.28.6','1.29.1','7.25.1','7.25.2','8.34.4']",NULL,NULL,https://topostext.org/place/380237LAre,https://wikidata.org/wiki/Q202487,NULL,"Areopagus Areos Pagos",NULL,NULL
21.657,37.671,"Pholoe Mt. (Eleia)","Eleia Bk5 Bk6","Eleia Bk5 Bk6",['oros'],"['6.21.5','8.24.4','8.27.17']",NULL,https://pleiades.stoa.org/places/570607,https://topostext.org/place/378218LPho,https://wikidata.org/wiki/Q2354090,NULL,NULL,NULL,NULL
22.3933,37.6181,"Megaron of Dionysos near the spring of the Meliastai","Arcadia Bk8","Spring of the Meliastai 7 stades from Mantineia",['megaron'],['8.6.5'],"Spring of the Meliastai 7 stades from Mantineia",NULL,NULL,NULL,NULL,NULL,NULL,NULL
22.45931,37.85932,"sanctuaries of Hera at Old Stymphalos, of Hera Pais, Teleia, and Chera","Arcadia Bk8",Stymphalos,['hieron'],['8.22.2'],Stymphalos,NULL,NULL,NULL,NULL,NULL,NULL,NULL
31.448700000000002,36.7744,"Melas river of Pamphylia","Asia Minor (Asia)",Pamphylia,['potamos'],['8.28.3'],NULL,https://pleiades.stoa.org/places/638993,https://topostext.org/place/368314WMel,NULL,NULL,NULL,NULL,NULL
29.750000000000004,38.75,Phrygia,"Asia (continent)","Asia Minor (Asia)",['chora'],"['10.36.1','2.5.3','8.4.3']",NULL,https://pleiades.stoa.org/places/609502,NULL,https://wikidata.org/wiki/Q32579,NULL,NULL,NULL,NULL
22.1273,37.4124,"Sanctuary of Aphrodite near Megalopolis theater","Arcadia Bk8","Megalopolis (Arkadia)",['hieron'],"['8.32.2','8.32.3']","Megalopolis (Arkadia)",NULL,NULL,https://wikidata.org/wiki/Q134037016,NULL,NULL,NULL,NULL
22.7108,37.8085,"Sanctuary of Nemean Zeus, Nemea","Argolid Bk2","Argolid Bk2",['hieron'],"['1.27.9','1.29.5','2.15.2','2.15.3','2.19.5','5.11.5','5.25.7','5.26.7','6.1.8','6.12.8','6.14.2','6.15.1','6.15.6','6.2.11','6.20.19','6.3.11','6.3.9','6.4.5','6.4.6','6.5.5','6.7.10','8.48.2']",NULL,https://pleiades.stoa.org/places/570504,https://topostext.org/place/378227SNem,https://wikidata.org/wiki/Q748108,NULL,NULL,NULL,NULL
26.5,31.5,"Libya (Africa)",NULL,"Roman empire","['major region']","['1.44.3','1.6.5','10.13.5','2.13.8','2.21.6','2.28.1','4.23.10','4.26.2','5.15.11','5.25.5','8.11.11','9.16.1','9.21.5','9.33.7']",NULL,https://pleiades.stoa.org/places/716588,NULL,https://wikidata.org/wiki/Q2370577,NULL,NULL,NULL,NULL
4.080556,51.98166700000001,"Rhenus/Rhine (river)",Europe,Europe,['potamos'],"['4.34.1','4.34.2','8.28.2']",NULL,https://pleiades.stoa.org/places/109277,NULL,https://wikidata.org/wiki/Q584,NULL,NULL,NULL,NULL
22.394,37.446,"Sanctuary of Ares Aphneios on Mt. Kresion","Arcadia Bk8","Kresion M.",['hieron'],['8.44.7'],"Kresion M.",NULL,NULL,https://wikidata.org/wiki/Q134037186,NULL,NULL,NULL,NULL
22.0959,37.8914,"Small mountains surrounding Kleitor (on level ground)","Arcadia Bk8",Kleitor,['oros'],['8.21.3'],Kleitor,NULL,NULL,NULL,NULL,NULL,NULL,NULL
25.2666,37.4004,"Olive tree on Delos, ancient","Aegean Sea (Hellas)","Sanctuary of Delian Apollo on Delos",['elaia'],['8.23.5'],"Sanctuary of Delian Apollo on Delos",NULL,NULL,NULL,https://resource.manto.unh.edu/10526315,NULL,NULL,NULL
21.863791,37.613569,"Temple of Dionysos Polites at Heraia, on Alpheios river","Arcadia Bk8","Heraia (Arcadia)",['naos'],['8.26.1'],"Heraia (Arcadia)",NULL,NULL,NULL,NULL,NULL,NULL,NULL
22.45931,37.85932,"Stymphalos river which disappears in katavothra","Arcadia Bk8",Stymphalos,['potamos'],['8.22.3'],Stymphalos,NULL,NULL,NULL,NULL,NULL,NULL,NULL
12.5919,38.03528,"Sanctuary of Erykine at Eryx in Sicily","Sicilia (island)",Eryx,['hieron'],['8.24.6'],Eryx,NULL,NULL,https://wikidata.org/wiki/Q134036724,https://resource.manto.unh.edu/11304196,NULL,NULL,NULL
22.273,37.5448,"Dipaia (Arkadia)","Arcadia Bk8","Arcadia Bk8","['battlefield','polis','polisma']","['3.11.7','8.27.3','8.30.1','8.45.2','8.8.6']",NULL,https://pleiades.stoa.org/places/570199,https://topostext.org/place/375223PDip,https://wikidata.org/wiki/Q1227119,NULL,NULL,NULL,NULL
22.138,37.432,Skiadis,"Arcadia Bk8","Arcadia Bk8",['chorion'],['8.35.5'],NULL,https://pleiades.stoa.org/places/573515,NULL,https://wikidata.org/wiki/Q7534977,NULL,NULL,NULL,NULL
22.45,37.625,"Exit from the Argon Pedion, 10 stades","Arcadia Bk8","Argon Pedion",['esbole'],['8.8.1'],"Argon Pedion",NULL,NULL,NULL,NULL,NULL,NULL,NULL
22.0779,37.4177,"Alpheios crossing between Basilis and Thoknia","Arcadia Bk8","Alpheios river (Eleia)",['diabese'],['8.29.5'],NULL,NULL,NULL,NULL,NULL,NULL,NULL,NULL
22.4237,37.0821,Sparta,"Lakonia Bk3","Lakonia Bk3",['polis'],"['1.13.6','1.29.8','10.12.2','2.18.2','2.18.5','2.21.8','2.9.1','3.1.2','3.10.1','3.11.1','3.11.2','3.13.3','3.13.4','3.13.7','3.14.2','3.14.7','3.15.3','3.15.4','3.15.5','3.15.8','3.18.6','3.19.6','3.2.2','3.2.3','3.2.7','3.20.10','3.20.8','3.21.2','3.21.6','3.21.7','3.26.5','3.26.7','3.3.2','3.3.3','3.5.1','3.6.3','3.6.4','3.6.7','3.7.1','3.7.2','3.7.5','3.7.8','3.8.3','3.8.9','3.9.11','4.1.2','4.12.4','4.12.5','4.12.8','4.12.9','4.14.3','4.14.4','4.15.2','4.15.3','4.15.5','4.15.6','4.16.1','4.16.9','4.17.6','4.18.3','4.19.5','4.20.5','4.21.6','4.22.1','4.22.4','4.22.5','4.22.6','4.23.2','4.24.6','4.26.4','4.27.4','4.29.6','4.29.9','4.31.1','4.31.3','4.4.4','4.4.8','4.5.4','4.5.6','4.5.7','4.7.7','4.8.3','4.9.5','6.16.8','6.2.1','6.4.9','6.7.6','7.1.8','7.12.2','7.12.6','7.12.7','7.12.8','7.13.1','7.13.2','7.13.4','7.13.6','7.14.5','7.20.8','7.24.1','7.7.3','7.8.4','7.8.5','7.9.2','7.9.5','8.11.6','8.12.6','8.27.11','8.51.1','8.51.3','8.51.4','8.52.3','8.52.6','8.8.11','9.13.2','9.13.9','9.14.1','9.14.5','9.32.10','9.32.7']",NULL,https://pleiades.stoa.org/places/570685,https://topostext.org/place/371224PSpa,https://wikidata.org/wiki/Q5690,NULL,"Lacedaemon Lakedaimon",NULL,NULL
23.1602,37.6335,Epidauros,"Epidauria Bk2","Epidauria Bk2",['settlement'],"['1.25.4','2.10.3','2.25.10','2.25.7','2.26.1','2.26.2','2.26.3','2.26.4','2.26.7','2.26.8','2.26.9','2.28.3','2.28.4','2.28.8','2.29.1','2.29.2','2.29.5','2.30.5','5.11.11','8.1.1','9.23.1','9.7.5']",NULL,https://pleiades.stoa.org/places/570228,https://topostext.org/place/376232PEpi,https://wikidata.org/wiki/Q233576,NULL,"Epidaurus polis",NULL,NULL
14.18724,37.18419,Omphake,"Sicilia (island)","Sicilia (island)",['polisma'],"['8.46.2','9.40.4']",NULL,https://pleiades.stoa.org/places/462399,NULL,https://wikidata.org/wiki/Q23640647,NULL,NULL,NULL,NULL
21.9636,37.5069,"Theisoa near Lykaion","Arcadia Bk8",Theisoaia,['settlement'],"['8.27.4','8.27.7','8.28.3','8.28.4','8.38.3','8.38.9']",NULL,https://pleiades.stoa.org/places/570720,https://topostext.org/place/375220PThe,https://wikidata.org/wiki/Q15054733,NULL,"Thisoa by Mt. Lykaion",NULL,NULL
21.66,36.9517,"Pylos/Koryphasion cape (Messenia)","Messenia Bk4","Messenia Bk4",['chora'],"['4.2.5','4.3.7','4.31.11','4.36.1','4.36.2','4.36.5','4.36.7','7.2.3','8.1.1']",NULL,https://pleiades.stoa.org/places/570640,https://topostext.org/place/370217UPyl,https://wikidata.org/wiki/Q7263152,NULL,NULL,NULL,NULL
22.47,37.38,"Artemis Knakeatis temple near Tegea","Arcadia Bk8",Tegeatis,['naos'],['8.53.11'],NULL,NULL,https://topostext.org/place/374225SArt,https://wikidata.org/wiki/Q98147673,NULL,NULL,NULL,NULL
22.429,37.464,"House of Aleus at Tegea","Arcadia Bk8","Tegea (Arkadia)",['oikia'],['8.53.10'],"Tegea (Arkadia)",NULL,NULL,NULL,NULL,NULL,NULL,NULL
22.842,37.65,Midea,"Argolid Bk2","Argolid Bk2",['settlement'],"['2.16.2','2.25.9','6.20.7','8.27.1']",NULL,https://pleiades.stoa.org/places/570485,NULL,https://wikidata.org/wiki/Q502897,NULL,NULL,NULL,NULL
21.87884,37.710489,"Grove of Onkaian Apollo","Arcadia Bk8",Onkeion,['alsos'],['8.25.9'],Onkeion,NULL,NULL,NULL,https://resource.manto.unh.edu/10214347,NULL,NULL,NULL
22.3933,37.6181,"Oikos in Gymnasium of Mantineia for Antinous","Arcadia Bk8","Mantineia (Arkadia)",['oikia'],['8.9.8'],"Mantineia (Arkadia)",NULL,NULL,NULL,NULL,NULL,NULL,NULL
21.653,37.6395,"Pisa (Eleia)","Eleia Bk5 Bk6","Eleia Bk5 Bk6","['chora','polis']","['5.1.6','5.1.7','5.10.2','5.13.4','5.16.5','5.22.6','5.3.1','6.21.1','6.21.4','6.21.5','6.22.1','6.22.3','8.20.2','8.54.3']",NULL,https://pleiades.stoa.org/places/570612,https://topostext.org/place/376217PPis,https://wikidata.org/wiki/Q922329,NULL,NULL,NULL,NULL
21.9399,37.8503,Seirai,"Arcadia Bk8","road Caphyae to Psophis",['horos'],"['8.23.9','8.24.3']",NULL,https://pleiades.stoa.org/places/573509,NULL,https://wikidata.org/wiki/Q60791679,NULL,NULL,NULL,NULL
22.0722,37.8653,"Summit of mountain 30 stades from Kleitor, likely Ag. Athanasios hill (1050m)","Arcadia Bk8","Arcadia Bk8",['koryphe'],['8.21.4'],NULL,NULL,NULL,NULL,NULL,NULL,NULL,NULL
22.24829,37.65507,"Ostrakina mountain","Arcadia Bk8","Arcadia Bk8",['oros'],"['8.12.2','8.12.3']",NULL,https://pleiades.stoa.org/places/573421,NULL,https://wikidata.org/wiki/Q24992937,NULL,NULL,NULL,NULL
22.31536,37.724716,"Graves of piled stone under city, of Orchomenos war dead","Arcadia Bk8","Orchomenos (Arcadia)","['choma ges']",['8.13.3'],"Orchomenos (Arcadia)",NULL,NULL,NULL,NULL,NULL,NULL,NULL
22.429,37.464,"Tomb of Leukone not far from city of Tegea","Arcadia Bk8","Tegea (Arkadia)",['mnema'],['8.44.8'],"Tegea (Arkadia)",NULL,NULL,NULL,https://resource.manto.unh.edu/10266914,NULL,NULL,NULL
22.728648,37.500864,Dine,"Argolid Bk2","Argolid Bk2",['pege'],['8.7.2'],NULL,https://pleiades.stoa.org/places/570197,NULL,https://wikidata.org/wiki/Q66813871,NULL,NULL,NULL,NULL
22.4203,37.4555,"Athena Alea sanctuary near Tegea","Arcadia Bk8","Tegea (Arkadia)",['hieron'],"['3.5.6','3.7.10','8.4.8','8.41.8','8.45.4']",NULL,https://pleiades.stoa.org/places/372843530,https://topostext.org/place/375224SAth,https://wikidata.org/wiki/Q3983230,https://resource.manto.unh.edu/9614063,NULL,NULL,NULL
25.150727999999997,37.08579,Paros,"Aegean Sea (Hellas)","Paros (island)",['polis'],"['1.32.4','10.28.3','3.18.8','8.47.1','9.22.6']",NULL,https://pleiades.stoa.org/places/599867,NULL,https://wikidata.org/wiki/Q65040323,NULL,NULL,NULL,NULL
22.49503,37.60963,Prinos,"Arcadia Bk8","Mantineia (Arkadia)",['esbole'],['8.6.4'],NULL,https://pleiades.stoa.org/places/570630,NULL,NULL,NULL,NULL,NULL,NULL
23.42372,37.74991,"Aigina island Bk2",NULL,"Saronic Gulf",['nesos'],"['10.30.4','2.29.10','2.29.2','2.29.5','2.29.6','2.30.3','2.30.4','2.30.5','2.38.5','2.5.2','3.4.2','3.4.3','5.25.13','8.42.10']",NULL,https://pleiades.stoa.org/places/579844,NULL,https://wikidata.org/wiki/Q191082,NULL,Aegina,https://imperium.ahlfeldt.se/places/43633,NULL
22.8416,38.4944,"Chaironea (Boeotia)","Boiotia Bk9","Boiotia Bk9",['battlefield'],"['1.18.8','1.20.6','1.25.3','1.27.5','1.29.13','1.41.8','10.3.3','10.3.4','10.35.8','10.4.1','4.28.2','5.20.10','5.4.9','6.4.7','7.15.6','7.15.9','7.6.5','8.27.10','8.6.2','9.1.8','9.29.8','9.40.5','9.40.6','9.41.7','9.6.5']",NULL,https://pleiades.stoa.org/places/540701,https://topostext.org/place/385228PCha,https://wikidata.org/wiki/Q13574678,NULL,NULL,NULL,NULL
22.1273,37.4124,"House for Alexander near Thersilion of Megalopolis, private property now","Arcadia Bk8","Megalopolis southern part beyond the Helisson",['oikia'],['8.32.1'],"Megalopolis (Arkadia)",NULL,NULL,NULL,NULL,NULL,NULL,NULL
22.45,37.625,"Argon Pedion","Arcadia Bk8","Mantineia (Arkadia)",['pedion'],"['8.7.1','8.7.4','8.8.1']",NULL,https://pleiades.stoa.org/places/570105,NULL,https://wikidata.org/wiki/Q70091883,NULL,NULL,NULL,NULL
22.12724177,37.41016271,"Megalopolis Theater","Arcadia Bk8","Megalopolis southern part beyond the Helisson",['theatron'],"['2.27.5','8.32.1','8.32.3']",NULL,NULL,https://topostext.org/place/374221BMTh,https://wikidata.org/wiki/Q22681531,NULL,NULL,https://imperium.ahlfeldt.se/places/24209,NULL
22.2869,37.2785,"Hermaion by Belemina on Megalopolis-Lakedaimonia border","Arcadia Bk8","Belemina (Lakonia)",['horos'],['8.35.3'],"Belemina (Lakonia)",https://pleiades.stoa.org/places/573250,NULL,NULL,NULL,NULL,NULL,NULL
22.03143,37.38957,"Stoa in hieron of Pan at Lykosoura","Arcadia Bk8","Sanctuary of Despoina at Lykosoura",['stoa'],['8.37.11'],"Sanctuary of Despoina at Lykosoura",NULL,NULL,NULL,NULL,NULL,NULL,NULL
22.33313,37.84092,"Swallowhole under Skiathis","Arcadia Bk8","Plain of Pheneatis",['barathron'],"['8.14.1','8.14.2','8.14.4']",NULL,NULL,NULL,NULL,NULL,"Barathron of Pheneus",NULL,NULL
22.139365,37.484682,Paroria,"Arcadia Bk8",Eutresia,['settlement'],"['8.27.3','8.35.6','8.35.7']",NULL,https://pleiades.stoa.org/places/570562,NULL,https://wikidata.org/wiki/Q3605950,NULL,NULL,NULL,NULL
22.429,37.464,"Monument to Apollo Agyieus, Tegea","Arcadia Bk8","Tegea (Arkadia)",['monument'],"['8.53.1','8.53.6']","Tegea (Arkadia)",NULL,NULL,NULL,NULL,NULL,NULL,NULL
22.1273,37.4124,"Philippeion stoa in Megalopolis","Arcadia Bk8","Megalopolis (Arkadia)",['stoa'],['8.30.6'],"Megalopolis (Arkadia)",NULL,https://topostext.org/place/374221BPhi,NULL,NULL,NULL,NULL,NULL
23.9937505,37.926189,"Sanctuary of Artemis Brauronia in Attica","Attica Bk1","Attica Bk1",['hieron'],"['1.33.1','3.16.7','3.16.8','8.46.3']",NULL,https://pleiades.stoa.org/places/579879,NULL,https://wikidata.org/wiki/Q475497,NULL,NULL,NULL,NULL
22.3503405,36.9528148,"Taygetos (mountain)","Lakonia Bk3","Lakonia Bk3",['oros'],"['3.1.2','3.20.2','3.20.3','3.20.4','3.20.5','3.20.7','3.24.9','4.7.2','8.24.4']",NULL,https://pleiades.stoa.org/places/570706,NULL,https://wikidata.org/wiki/Q515809,NULL,NULL,NULL,NULL
22.168,37.652,"Maloitas (river)","Arcadia Bk8","Arcadia Bk8",['potamos'],"['8.36.1','8.36.2']",NULL,https://pleiades.stoa.org/places/570457,NULL,NULL,NULL,NULL,NULL,NULL
22.3969,37.9397,"temple of Hermes on summit of Kyllene, ruined","Arcadia Bk8","Kyllene Mt.",['naos'],['8.17.1'],"Kyllene Mt.",NULL,NULL,NULL,NULL,NULL,NULL,NULL
21.8368,37.6593,Pedion,"Arcadia Bk8","Arcadia Bk8",['horos'],['8.25.12'],NULL,https://pleiades.stoa.org/places/570569,NULL,NULL,NULL,NULL,NULL,NULL
22.258258,37.278823,"Temple of Athena near Athenaion","Arcadia Bk8","road Megalopolis to Pallantion and Tegea",['naos'],['8.44.2'],NULL,NULL,NULL,NULL,NULL,NULL,NULL,NULL
22.1828,37.8367,"Springs of the Ladon near Lykouria","Arcadia Bk8","Ladon river",['pege'],"['8.20.1','8.25.2']",NULL,NULL,NULL,NULL,NULL,"springs near Kleitoria",NULL,NULL
22.209,37.579,Anemosa,"Arcadia Bk8","Arcadia Bk8",['chorion'],['8.35.9'],NULL,https://pleiades.stoa.org/places/570080,NULL,https://wikidata.org/wiki/Q48781590,NULL,NULL,NULL,NULL
22.34,37.456,"Pallantic Plain","Arcadia Bk8","Pallantion (Arkadia)",['pedion'],['8.44.5'],NULL,NULL,NULL,NULL,NULL,NULL,NULL,NULL
32.898,24.0811,Syene,"Libya (Africa)","Egypt (region)",['settlement'],"['1.33.4','5.7.4','6.26.2','8.38.6']",NULL,https://pleiades.stoa.org/places/786123,NULL,https://wikidata.org/wiki/Q29888,NULL,NULL,NULL,NULL
27.424112,37.037864,Halicarnassus/Halikarnassos,"Asia Minor (Asia)","Caria region",['polis'],"['2.30.9','3.11.3','8.16.4']",NULL,https://pleiades.stoa.org/places/599636,NULL,https://wikidata.org/wiki/Q5843680,NULL,NULL,NULL,NULL
22.377,37.675,Maira,"Arcadia Bk8","road Mantineia to Orchomenos via Maera",['kome'],['8.12.7'],NULL,NULL,NULL,https://wikidata.org/wiki/Q15217538,NULL,Maera,NULL,NULL
22.461269,37.616101,Nestane,"Arcadia Bk8","Mantineia (Arkadia)",['kome'],"['8.7.4','8.8.1']",NULL,https://pleiades.stoa.org/places/570507,NULL,https://wikidata.org/wiki/Q60791907,NULL,NULL,NULL,NULL
23.066,36.489,"Etis (Lakonia)","Lakonia Bk3","Lakonia Bk3",['polis'],"['3.22.11','3.22.13','8.12.8']",NULL,https://pleiades.stoa.org/places/573215,https://topostext.org/place/368228PEti,https://wikidata.org/wiki/Q16652109,NULL,NULL,NULL,NULL
21.892903,37.871725,"Cypress trees maidens around tomb of Alkmaion at Psophis","Arcadia Bk8",Psophis,"['alsos kyparisson']",['8.24.7'],Psophis,NULL,NULL,NULL,NULL,NULL,NULL,NULL
22.429,37.464,"Temple of Aphrodite Paphia at Tegea","Arcadia Bk8","Tegea (Arkadia)",['naos'],['8.53.7'],"Tegea (Arkadia)",NULL,NULL,NULL,NULL,NULL,NULL,NULL
22.285257,37.371704,Eutaia,"Arcadia Bk8",Mainalia,['settlement'],['8.27.3'],NULL,https://pleiades.stoa.org/places/570249,NULL,https://wikidata.org/wiki/Q16565409,NULL,NULL,NULL,NULL
22.3933,37.6181,"Temple of Aphrodite Symmachia at Mantineia, behind theater","Arcadia Bk8","Mantineia (Arkadia)",['naos'],['8.9.6'],"Mantineia (Arkadia)",NULL,NULL,NULL,NULL,NULL,NULL,NULL
20.638399,38.44193,"Hall of Odysseus at Ithake","Hellas (Europe)","Ithaca (island)","['megaron','oikia']","['8.12.6','9.41.4']","Ithaca (island)",NULL,NULL,NULL,NULL,NULL,NULL,NULL
22.248299,37.65507,"Thaumasion (mountain)","Arcadia Bk8","Arcadia Bk8",['oros'],"['8.36.2','8.36.3']",NULL,https://pleiades.stoa.org/places/573551,NULL,NULL,NULL,NULL,NULL,NULL
22.1741,37.5395,Ptolederma,"Arcadia Bk8",Eutresia,['settlement'],['8.27.3'],Eutresia,https://pleiades.stoa.org/places/573487,NULL,https://wikidata.org/wiki/Q39081810,NULL,NULL,NULL,NULL
21.842,37.4075,"Altar in front of sacred cave of Demeter Melaina near Phigaleia","Arcadia Bk8",Phigaleia,['bomos'],['8.42.11'],Phigaleia,NULL,NULL,NULL,NULL,NULL,NULL,NULL
22.0235,37.5017,"Raiteai, at confluence of Gortynios with Alpheios river","Arcadia Bk8","Alpheios river (Eleia)",['chorion'],['8.28.3'],NULL,https://pleiades.stoa.org/places/573497,NULL,https://wikidata.org/wiki/Q60791754,NULL,NULL,NULL,NULL
22.262624,37.766264,"Grove of Artemis at Kondylea near Kaphyai","Arcadia Bk8",Kondylea,['alsos'],['8.23.6'],Kondylea,NULL,NULL,NULL,NULL,NULL,NULL,NULL
22.1273,37.4124,"Second hill behind Philippeion of Megalopolis","Arcadia Bk8","Megalopolis (Arkadia)",['lophos'],['8.31.9'],"Megalopolis (Arkadia)",NULL,NULL,NULL,NULL,NULL,NULL,NULL
22.4397,37.1884,"Sellasia (Lakonia)","Lakonia Bk3","Lakonia Bk3",['polis'],"['2.7.4','2.9.2','3.10.7','4.29.9','7.7.4','8.49.5']",NULL,https://pleiades.stoa.org/places/570662,https://topostext.org/place/372224PSel,https://wikidata.org/wiki/Q59431661,NULL,NULL,NULL,NULL
22.3933,37.6181,"temple of Hera by the theater of Mantineia","Arcadia Bk8","Mantineia (Arkadia)",['naos'],['8.9.2'],"Mantineia (Arkadia)",NULL,NULL,NULL,NULL,NULL,NULL,NULL
32.573711,34.707147,Palaipaphos,"Cyprus (island)","Cyprus (island)",['polis'],"['8.5.2','8.53.7']",NULL,https://pleiades.stoa.org/places/707596,NULL,https://wikidata.org/wiki/Q22988494,NULL,NULL,NULL,NULL
22.429,37.464,"High place of Zeus Klarios at Tegea, with altars","Arcadia Bk8","Tegea (Arkadia)",['chorion'],['8.53.9'],"Tegea (Arkadia)",NULL,NULL,NULL,NULL,NULL,NULL,NULL
22.236,37.42,"Peraithea (Arkadia)","Arcadia Bk8",Mainalia,['settlement'],"['8.27.3','8.3.4','8.36.7']",NULL,https://pleiades.stoa.org/places/570583,https://topostext.org/place/374222UPer,https://wikidata.org/wiki/Q39081772,NULL,NULL,NULL,NULL
21.705,36.817,"Methone/Mothone (Messenian)","Messenia Bk4","Messenia Bk4",['settlement'],"['4.24.4','4.27.8','4.3.10','4.35.1','4.35.2','4.35.7','4.35.8','4.36.1','8.1.1']",NULL,https://pleiades.stoa.org/places/570483,NULL,https://wikidata.org/wiki/Q60790706,NULL,NULL,NULL,NULL
21.1449975,37.9346907,Kyllene,"Eleia Bk5 Bk6","Eleia Bk5 Bk6",['epineion'],"['4.23.1','4.23.3','4.23.5','6.26.4','6.26.5','8.14.12','8.5.8','8.54.3']",NULL,https://pleiades.stoa.org/places/570390,NULL,https://wikidata.org/wiki/Q56650616,NULL,NULL,NULL,NULL
22.061019,37.298673,Gatheai,"Arcadia Bk8",Kromitis,['settlement'],['8.34.5'],NULL,https://pleiades.stoa.org/places/570255,NULL,https://wikidata.org/wiki/Q60791914,NULL,NULL,NULL,NULL
27.453939999999996,38.5668,"Acheloos (Mt. Sipylus)","Asia Minor (Asia)",Sipylos,['potamos'],['8.38.10'],Sipylos,https://pleiades.stoa.org/places/554173,NULL,NULL,NULL,NULL,NULL,NULL
22.283,37.405,"Asea (Arkadia)","Arcadia Bk8","Arcadia Bk8",['polis'],"['8.27.3','8.3.4','8.44.3','8.44.4','8.54.2']",NULL,https://pleiades.stoa.org/places/570122,https://topostext.org/place/374223PAse,https://wikidata.org/wiki/Q60791566,NULL,NULL,NULL,NULL
21.842,37.4075,"Agora of Phigaleia","Arcadia Bk8",Phigaleia,['agora'],['8.40.1'],Phigaleia,NULL,NULL,https://wikidata.org/wiki/Q133963447,NULL,NULL,NULL,NULL
22.262624,37.766264,Kaphyai,"Arcadia Bk8","Arcadia Bk8",['polis'],"['8.13.4','8.23.3','8.23.6','8.23.8']",NULL,https://pleiades.stoa.org/places/570329,NULL,https://wikidata.org/wiki/Q2365548,NULL,Caphyae,NULL,NULL
21.8225,37.5949,"Korakon Nesos","Arcadia Bk8","Arcadia Bk8",['nesos'],['8.25.12'],NULL,https://pleiades.stoa.org/places/573300,NULL,NULL,NULL,NULL,NULL,NULL
29.539811999999998,40.769562,Libyssa,"Asia Minor (Asia)","Bithynia (region)",['settlement'],['8.11.11'],NULL,https://pleiades.stoa.org/places/511305,NULL,https://wikidata.org/wiki/Q65088659,NULL,NULL,NULL,NULL
22.307,37.9117,"Spring at midpoint of Kaphyai-Pheneos road/ravine","Arcadia Bk8",Pheneos,['pege'],['8.13.6'],Pheneos,NULL,NULL,NULL,NULL,NULL,NULL,NULL
12.432028,44.952389,"Padus/Eridanus (river)","Italia (Europe)","Italia (Europe)",['potamos'],"['1.19.5','1.30.3','1.4.1','5.14.3','8.25.13']",NULL,https://pleiades.stoa.org/places/393469,NULL,https://wikidata.org/wiki/Q643,NULL,NULL,NULL,NULL
30.879299,27.808099000000002,Antinoopolis,"Libya (Africa)","Egypt (region)",['polis'],['8.9.7'],NULL,https://pleiades.stoa.org/places/756518,NULL,https://wikidata.org/wiki/Q124281,NULL,NULL,NULL,NULL
22.1273,37.414,"Sanctuary of Zeus Lykaios in agora of Megalopolis","Arcadia Bk8","Agora of Megalopolis","['hieron','peribolos']",['8.30.2'],"Agora of Megalopolis",NULL,NULL,https://wikidata.org/wiki/Q134037038,NULL,NULL,NULL,NULL
22.327,37.746,"Orchomenion plain, mostly a lake, downhill from Orchomenos","Arcadia Bk8","Arcadia Bk8",['pedion'],['8.13.4'],NULL,NULL,NULL,NULL,NULL,NULL,NULL,NULL
22.43409,37.65988,"Grove of Demeter on Mt. Alesion near Mantineia","Arcadia Bk8","Alesion (mountain)",['alsos'],['8.10.1'],"Alesion (mountain)",NULL,NULL,NULL,NULL,NULL,NULL,NULL
22.236,37.42,"Sanctuary of Pan at Peraithea","Arcadia Bk8","Peraithea (Arkadia)",['hieron'],['8.36.7'],"Peraithea (Arkadia)",NULL,NULL,https://wikidata.org/wiki/Q134037087,NULL,NULL,NULL,NULL
22.31536,37.724716,"Orchomenos (Arcadia)","Arcadia Bk8","Arcadia Bk8",['polis'],"['7.14.1','8.12.5','8.12.8','8.13.4','8.23.2','8.27.4']",NULL,https://pleiades.stoa.org/places/570535,NULL,https://wikidata.org/wiki/Q1855083,NULL,NULL,NULL,NULL
22.3,37.5,Enispe,"Arcadia Bk8","Arcadia Bk8",['settlement'],['8.25.12'],"Arcadia Bk8",https://pleiades.stoa.org/places/573203,NULL,https://wikidata.org/wiki/Q3359923,NULL,NULL,NULL,NULL
22.3777,38.1286,"Aigeira (Achaia)","Achaia Bk7","Achaia Bk7",['polis'],"['7.26.1','7.26.10','7.26.11','7.26.12','7.26.13','7.26.14','7.26.4','7.26.6','7.26.8','7.26.9','7.27.11','7.6.1','8.15.5','8.15.8']",NULL,https://pleiades.stoa.org/places/570043,https://topostext.org/place/381224PAig,https://wikidata.org/wiki/Q18363976,NULL,NULL,NULL,NULL
22.1273,37.4124,"Gate called Toward the Swamp in city wall of Megalopolis","Arcadia Bk8","Megalopolis (Arkadia)",['pylai'],['8.36.5'],"Megalopolis (Arkadia)",NULL,NULL,NULL,NULL,NULL,NULL,NULL
21.8489331,37.9816702,"Erymanthos M.","Achaia Bk7","Achaia Bk7",['oros'],"['1.27.9','5.7.1','8.24.4']",NULL,https://pleiades.stoa.org/places/570238,NULL,https://wikidata.org/wiki/Q1363703,NULL,NULL,NULL,NULL
22.307,37.9117,Pheneos,"Arcadia Bk8","Arcadia Bk8",['polis'],"['5.27.8','6.1.3','8.13.5','8.13.6','8.14.1','8.14.2','8.14.5','8.14.9','8.15.5','8.16.1','8.17.6','8.19.3','8.19.4','8.20.1']",NULL,https://pleiades.stoa.org/places/570595,https://topostext.org/place/379223PPhe,https://wikidata.org/wiki/Q12885741,NULL,"Pheneus polis",NULL,NULL
21.93,37.8179,"Sanctuary of Aphrodite Erykine near Psophis","Arcadia Bk8","Arcadia Bk8",['hieron'],['8.24.6'],NULL,NULL,https://topostext.org/place/378219SAph,https://wikidata.org/wiki/Q110983687,https://resource.manto.unh.edu/10214291,NULL,NULL,NULL
32.641,25.684,"Diospolis Magna/Thebai","Libya (Africa)","Egypt (region)",['settlement'],"['1.42.3','8.33.2']",NULL,https://pleiades.stoa.org/places/786017,NULL,https://wikidata.org/wiki/Q101583,NULL,NULL,NULL,NULL
22.2099,37.6671,"Cave of Rhea toward summit of Thaumasion mountain","Arcadia Bk8","Thaumasion (mountain)",['spelaion'],['8.36.3'],NULL,NULL,NULL,NULL,NULL,NULL,NULL,NULL
22.249,37.439,Lykoa,"Arcadia Bk8",Mainalia,['polis'],"['8.3.4','8.30.1','8.36.7']",NULL,https://pleiades.stoa.org/places/570442,NULL,https://wikidata.org/wiki/Q11934312,NULL,"Lykaia (Mainaleia)",NULL,NULL
22.266,37.364,"Chasm where joint flow of Alpheios and Eurotas disappears","Arcadia Bk8","Arcadia Bk8",['barathron'],['8.44.4'],NULL,NULL,NULL,NULL,NULL,NULL,NULL,NULL
12.5,42.5,"Italia (Europe)",NULL,Europe,"['major region']","['1.11.7','1.12.1','1.12.2','1.13.2','1.23.5','1.29.14','1.36.6','10.10.7','10.13.10','10.17.10','10.17.11','2.23.5','2.27.4','3.10.5','3.12.6','3.19.12','3.22.11','3.3.1','4.23.6','4.26.5','5.25.3','5.25.6','6.19.9','6.3.12','6.6.4','6.6.8','6.7.4','7.4.7','8.15.9','8.3.5']",NULL,https://pleiades.stoa.org/places/1052,NULL,https://wikidata.org/wiki/Q913582,NULL,Italy,NULL,NULL
22.3933,37.6181,"Sanctuary of Aphrodite Melainis near Mantineia","Arcadia Bk8","Mantineia (Arkadia)",['hieron'],['8.6.5'],"Mantineia (Arkadia)",NULL,NULL,https://wikidata.org/wiki/Q134037173,NULL,NULL,NULL,NULL
22.1946,37.4323,"Elaphos (river)","Arcadia Bk8","Arcadia Bk8",['potamos'],['8.36.7'],NULL,https://pleiades.stoa.org/places/570214,NULL,NULL,NULL,NULL,NULL,NULL
22.0959,37.8914,"Sanctuary of Eileithyia at Kleitor, conspicuous","Arcadia Bk8",Kleitor,['hieron'],['8.21.3'],Kleitor,NULL,NULL,https://wikidata.org/wiki/Q134036989,NULL,NULL,NULL,NULL
21.97,37.5,"Acheloos river (Arcadia)","Arcadia Bk8",Theisoaia,['potamos'],"['8.38.10','8.38.9']",Theisoaia,https://pleiades.stoa.org/places/573050,NULL,NULL,NULL,NULL,NULL,NULL
12.4843457,41.89262,"sanctuary of Bacchus at Rome, in imperial gardens","Italia (Europe)",Rome,['hieron'],['8.46.5'],"Imperial gardens at Rome",NULL,NULL,https://wikidata.org/wiki/Q134036721,NULL,NULL,NULL,NULL
20.78784,39.54648,"Oak tree at Dodona","Hellas (Europe)","Zeus sanctuary at Dodona",['drys'],['8.23.5'],"Zeus sanctuary at Dodona",NULL,NULL,NULL,https://resource.manto.unh.edu/9616507,"Hiera Phegos",NULL,NULL
22.262624,37.766264,Kondylea,"Arcadia Bk8",Kaphyai,['chorion'],"['8.23.6','8.23.7']",Kaphyai,https://pleiades.stoa.org/places/573297,NULL,https://wikidata.org/wiki/Q125937085,NULL,"Condylea Kondylia",NULL,NULL
22.3546,37.8252,"Skiathis M.","Arcadia Bk8","Arcadia Bk8",['oros'],['8.14.1'],NULL,https://pleiades.stoa.org/places/573516,NULL,https://wikidata.org/wiki/Q117842465,NULL,NULL,NULL,NULL
22.149,37.863,"Aroanios river","Arcadia Bk8","Arcadia Bk8",['potamos'],"['8.21.1','8.21.2','8.24.3']",NULL,https://pleiades.stoa.org/places/570114,https://topostext.org/place/378218WAro,https://wikidata.org/wiki/Q3555039,NULL,Aroanius,NULL,NULL
22.1273,37.4124,"Sanctuary of Asklepios the Child in Megalopolis, below hill of Artemis Agrotera et al","Arcadia Bk8","Megalopolis (Arkadia)",['hieron'],['8.32.5'],"Megalopolis (Arkadia)",NULL,NULL,https://wikidata.org/wiki/Q134037008,https://resource.manto.unh.edu/10769651,NULL,NULL,NULL
26.5,41,"Thrace (Europe)",NULL,Europe,"['major region']","['1.10.2','1.25.2','1.29.13','1.29.4','1.29.5','1.38.2','1.6.4','1.9.5','10.11.5','10.19.5','2.30.2','3.9.12','5.10.8','5.12.6','5.27.12','6.5.4','7.4.3','8.29.1','9.30.9']",NULL,https://pleiades.stoa.org/places/501638,https://topostext.org/place/410265RThr,https://wikidata.org/wiki/Q41741,NULL,Thracia,NULL,NULL
20.25,39.75,Hades,"Hellas (Europe)",Thesprotia,"['mythical place']","['10.28.5','10.28.7','2.31.2','2.37.5','2.5.1','3.24.11','4.33.7','8.18.3','8.48.6','9.30.4','9.31.5','9.33.2','9.5.8']",Thesprotia,NULL,NULL,https://wikidata.org/wiki/Q1521549,NULL,Underworld,NULL,NULL
22.42155,37.58607,"Epaminondas tomb (Arkadia)","Arcadia Bk8","Mantineia battlefield 362 BCE",['mnema'],"['8.11.7','8.11.8','8.12.1']",NULL,NULL,https://topostext.org/place/376224GTEp,https://wikidata.org/wiki/Q107162062,NULL,NULL,NULL,NULL
21.691,37.385,"Neda river (Messenia)","Messenia Bk4","Messenia Bk4",['potamos'],"['4.20.1','4.20.2','4.20.3','4.20.5','4.20.6','4.33.1','4.36.7','5.6.3','8.38.3','8.41.2','8.41.3','8.41.4']",NULL,https://pleiades.stoa.org/places/570502,https://topostext.org/place/373218WNed,https://wikidata.org/wiki/Q1641987,NULL,NULL,NULL,NULL
27.424112,37.037864,"Mausoleum at Halicarnassus","Asia Minor (Asia)",Halicarnassus/Halikarnassos,['taphos'],['8.16.4'],NULL,https://pleiades.stoa.org/places/461581651,NULL,https://wikidata.org/wiki/Q45368,NULL,NULL,https://imperium.ahlfeldt.se/places/43739,NULL
22.4295,37.46475,"Sanctuary with temple of Eileithyia in agora of Tegea","Arcadia Bk8","Agora of Tegea","['hieron','naos']","['8.48.7','8.48.8']","Agora of Tegea",NULL,NULL,https://wikidata.org/wiki/Q134037225,https://resource.manto.unh.edu/10267003,NULL,NULL,NULL
20.638399,38.44193,"Ithaca (island)","Hellas (Europe)","Ionian Sea (Greece/Italy)",['nesos'],"['3.20.10','4.1.3','8.14.6']",NULL,https://pleiades.stoa.org/places/530906,https://topostext.org/place/383204UIth,https://wikidata.org/wiki/Q187471,NULL,NULL,NULL,NULL
12.4843457,41.89262,"Imperial gardens at Rome","Italia (Europe)",Rome,['kepos'],['8.46.5'],Rome,NULL,NULL,NULL,NULL,NULL,NULL,NULL
22.40816,37.60256,"Tombs of the daughters of Pelias 5 stades left from Poseidon Hippios near Mantineia","Arcadia Bk8","Mantineia (Arkadia)",['mnema'],['8.11.1'],NULL,NULL,NULL,NULL,https://resource.manto.unh.edu/10153021,NULL,NULL,NULL
21.859,37.682,"Ladon river","Eleia Bk5 Bk6","Eleia Bk5 Bk6",['potamos'],"['5.7.1','8.20.1','8.20.4','8.21.1','8.23.8','8.25.1','8.25.11','8.25.12','8.25.13','8.25.2','8.25.3','8.25.4','8.25.6','8.26.3','8.43.2']",NULL,https://pleiades.stoa.org/places/570408,https://topostext.org/place/378218WLad,https://wikidata.org/wiki/Q1462727,NULL,NULL,NULL,NULL
25.268194,37.397274,"Delos island","Aegean Sea (Hellas)","Cyclades region (Aegean)",['nesos'],"['1.18.5','1.19.6','1.29.1','1.31.2','2.27.1','2.33.2','3.23.3','3.23.4','4.33.2','4.36.6','4.4.1','5.19.10','5.7.8','8.33.2']",NULL,https://pleiades.stoa.org/places/599588,NULL,https://wikidata.org/wiki/Q173148,NULL,NULL,https://imperium.ahlfeldt.se/places/41356,NULL
23.7257,37.9717,"Olive Tree by Athena Polias temple, Athens Acropolis","Athenai Bk1","Temple of Pandrosos, Athenian Acropolis",['elaia'],"['1.27.2','8.23.5']","Temple of Pandrosos, Athenian Acropolis",NULL,https://topostext.org/binder/JB2249,NULL,https://resource.manto.unh.edu/9619257,NULL,NULL,NULL
21.87884,37.710489,"Agora of Thelpousa on edge of surviving city","Arcadia Bk8",Thelpousa,['agora'],['8.25.3'],Thelpousa,NULL,NULL,https://wikidata.org/wiki/Q133963449,NULL,NULL,NULL,NULL
22.2911,37.85989,"Swallow-hole under Oryxis","Arcadia Bk8","Plain of Pheneatis",['barathron'],"['8.14.1','8.14.2','8.14.4','8.20.1']",NULL,NULL,NULL,NULL,NULL,"barathron on Pheneus plain",NULL,NULL
22.549,37.489,"Sanctuary of Pan on Mt. Parthenion where Pan appeared to Philippides","Arcadia Bk8","Parthenion (mountain)",['hieron'],['8.54.6'],"Parthenion (mountain)",NULL,NULL,https://wikidata.org/wiki/Q134036676,NULL,NULL,NULL,NULL
22.394,37.446,"Kresion M.","Arcadia Bk8","Manthourikon plain right of Chôma",['oros'],['8.44.7'],NULL,https://pleiades.stoa.org/places/573308,NULL,https://wikidata.org/wiki/Q106462887,NULL,NULL,NULL,NULL
22.31536,37.724716,"ancient city wall of Orchomenos on mountain","Arcadia Bk8","Orchomenos (Arcadia)",['teichos'],['8.13.2'],"Orchomenos (Arcadia)",NULL,NULL,NULL,NULL,NULL,NULL,NULL
23.34285,37.997,"City walls of Megara","Megarid Bk1","Megara (Megarid)",['teichos'],['8.50.4'],"Megara (Megarid)",NULL,NULL,NULL,NULL,NULL,NULL,NULL
22.03143,37.38957,"Megaron right of temple of Despoina at Lykosoura","Arcadia Bk8","Sanctuary of Despoina at Lykosoura",['megaron'],['8.37.10'],"Sanctuary of Despoina at Lykosoura",NULL,NULL,NULL,NULL,NULL,NULL,NULL
22.3933,37.6181,"Theater of Mantineia","Arcadia Bk8","Mantineia (Arkadia)",['theatron'],['8.9.2'],"Mantineia (Arkadia)",NULL,NULL,NULL,NULL,NULL,NULL,NULL
22.96886,39.366305,Iolkos,"Hellas (Europe)","Magnesia region (Magnesia)",['settlement'],"['2.3.10','2.3.11','2.3.9','4.2.5','4.3.6','4.36.1','8.11.2']",NULL,https://pleiades.stoa.org/places/540837,NULL,https://wikidata.org/wiki/Q662613,NULL,NULL,NULL,NULL
22.2156,37.3545,"Oresthasion (Arkadia)","Arcadia Bk8","Arcadia Bk8",['polis'],"['8.27.3','8.3.1','8.3.2','8.39.4','8.44.2']",NULL,https://pleiades.stoa.org/places/570536,https://topostext.org/place/373222POre,https://wikidata.org/wiki/Q7101662,NULL,NULL,NULL,NULL
20.3414,39.284192,"Cheimerion? Pr.","Epiros region","Epiros region",['akra'],['8.7.2'],NULL,https://pleiades.stoa.org/places/530833,NULL,https://wikidata.org/wiki/Q5089691,NULL,NULL,NULL,NULL
22.307,37.9117,"Sanctuary of Artemis Eurippa at Pheneos","Arcadia Bk8",Pheneos,['hieron'],['8.14.5'],Pheneos,NULL,NULL,https://wikidata.org/wiki/Q134037105,https://resource.manto.unh.edu/10159950,NULL,NULL,NULL
21.02,38.45,"Echinades (islands)","Aitolia region",Akarnania,['nesos'],"['4.34.1','8.1.2','8.24.11','8.38.10']",NULL,https://pleiades.stoa.org/places/530852,NULL,https://wikidata.org/wiki/Q767387,NULL,NULL,NULL,NULL
22.1273,37.4124,"Small grove of trees behind temple of Zeus Philios in Megalopolis","Arcadia Bk8","Peribolos of Great Goddesses Demeter and Korê at Megalopolis",['alsos'],['8.31.5'],"Peribolos of Great Goddesses Demeter and Korê at Megalopolis",NULL,NULL,NULL,NULL,NULL,NULL,NULL
22.1273,37.4124,"Temple of Tyche behind Archive stoa in Megalopolis","Arcadia Bk8","Megalopolis (Arkadia)",['naos'],['8.30.7'],"Megalopolis (Arkadia)",NULL,NULL,NULL,NULL,NULL,NULL,NULL
21.97,37.5,Theisoaia,"Arcadia Bk8",Kynouriake,['chora'],['8.38.9'],NULL,NULL,NULL,NULL,NULL,"Theisoan territory",NULL,NULL
22.3933,37.6181,"Altars of Helios, where Arkas is buried","Arcadia Bk8","Mantineia (Arkadia)",['chorion'],['8.9.4'],"Mantineia (Arkadia)",NULL,NULL,NULL,NULL,NULL,NULL,NULL
28.224399999999996,36.4408,"Rhodes polis","Aegean Sea (Hellas)","Rhodes island",['polis'],"['6.14.2','6.7.4','6.7.6','8.43.4']","Rhodes island",https://pleiades.stoa.org/places/590030,NULL,https://wikidata.org/wiki/Q13533316,NULL,NULL,NULL,NULL
22.03143,37.38957,"Altar of Great Mother before temple at Lykosoura","Arcadia Bk8","Sanctuary of Despoina at Lykosoura",['bomos'],['8.37.2'],"Sanctuary of Despoina at Lykosoura",NULL,NULL,NULL,NULL,NULL,NULL,NULL
22.142,37.278,"Sanctuary of Apollo Kereatas in Aigytis, above Karnion springs","Arcadia Bk8",Aigytis,['hieron'],['8.34.5'],Aigytis,NULL,NULL,https://wikidata.org/wiki/Q134037048,NULL,NULL,NULL,NULL
22.36595,37.89153,"Geronteion mountain, border of Pheneos with Stymphalos","Arcadia Bk8","Arcadia Bk8",['oros'],"['8.16.1','8.22.1']",NULL,https://pleiades.stoa.org/places/570262,NULL,https://wikidata.org/wiki/Q131295278,NULL,NULL,NULL,NULL
27.19174,37.99515,"Hales (river)","Asia Minor (Asia)","Ionia (region)",['potamos'],['8.28.3'],NULL,https://pleiades.stoa.org/places/599635,NULL,NULL,NULL,NULL,NULL,NULL
22.70838,37.59848,"Swallow-hole (katavothra) of Stymphalos river","Arcadia Bk8","Plain of Stymphalus",['barathron'],"['8.22.3','8.22.8']",NULL,NULL,NULL,NULL,NULL,NULL,NULL,NULL
22.1273,37.4124,"North section of Megalopolis city","Arcadia Bk8","Megalopolis (Arkadia)",['topos'],['8.30.2'],"Megalopolis (Arkadia)",NULL,NULL,NULL,NULL,NULL,NULL,NULL
22.307,37.9117,"Temple of Hermes at Pheneos","Arcadia Bk8",Pheneos,['naos'],['8.14.10'],Pheneos,NULL,NULL,NULL,NULL,NULL,NULL,NULL
31.390552,36.768137,Side,"Asia Minor (Asia)",Cilicia,['polis'],['8.28.3'],NULL,https://pleiades.stoa.org/places/639105,NULL,https://wikidata.org/wiki/Q152405,NULL,NULL,NULL,NULL
22.1273,37.4124,"First of two hills behind Philippeion stoa of Megalopolis","Arcadia Bk8","Megalopolis (Arkadia)",['lophos'],['8.31.9'],"Megalopolis (Arkadia)",NULL,NULL,NULL,NULL,NULL,NULL,NULL
22.429,37.464,"City walls of Tegea (facing Lakonia)","Arcadia Bk8","Tegea (Arkadia)",['teichos'],['8.53.11'],"Tegea (Arkadia)",NULL,NULL,NULL,NULL,NULL,NULL,NULL
44.42082,32.53617,"Babylon, Babylon","Asia (continent)","Asia (continent)",['settlement'],"['1.10.4','1.16.1','1.16.3','4.23.10','4.31.5','8.33.3']",NULL,https://pleiades.stoa.org/places/893951,NULL,https://wikidata.org/wiki/Q5684,NULL,NULL,NULL,NULL
22.45931,37.85932,"Plain of Stymphalus","Arcadia Bk8",Stymphalos,['pedion'],['8.22.8'],Stymphalos,NULL,NULL,NULL,NULL,NULL,NULL,NULL
21.87884,37.710489,"Tomb of Trygon, nurse of Asklepios, at Onkeion","Arcadia Bk8","Sanctuary of Asclepius the Child by Ladon river",['mnema'],['8.25.11'],"Sanctuary of Asclepius the Child by Ladon river",NULL,NULL,NULL,https://resource.manto.unh.edu/10214383,NULL,NULL,NULL
22.5,37.5,"Hellas (Europe)",Europe,Europe,"['major region']","['1.1.1','1.12.1','1.27.9','1.29.5','1.3.5','1.4.1','1.4.2','1.41.8','1.5.5','10.14.6','10.17.3','10.19.12','10.19.5','10.19.7','10.19.8','10.20.9','10.23.12','10.23.14','10.23.8','10.24.3','10.25.1','10.34.5','10.5.3','10.9.2','2.1.8','2.29.7','2.29.8','2.33.5','2.4.5','3.11.3','3.12.7','3.17.8','3.20.6','3.3.3','3.4.7','3.4.8','3.7.11','3.9.4','3.9.8','4.2.3','4.28.4','4.31.1','5.10.1','5.14.2','5.15.2','5.17.9','5.20.10','5.23.7','5.24.2','5.25.12','5.4.6','5.4.7','5.4.9','5.5.2','5.7.7','6.11.3','6.18.5','7.10.1','7.10.2','7.10.3','7.10.4','7.10.5','7.10.7','7.11.1','7.11.2','7.14.1','7.15.1','7.15.3','7.16.10','7.16.9','7.17.1','7.17.2','7.17.3','7.2.2','7.20.6','7.24.2','7.26.11','7.3.1','7.5.13','7.6.3','7.6.9','7.7.6','7.8.1','7.8.2','7.8.7','7.9.5','8.14.5','8.20.1','8.3.5','8.32.1','8.37.2','8.42.7','8.43.4','8.45.5','8.46.3','8.50.3','8.50.4','8.51.1','8.51.4','8.52.1','8.52.2','8.52.3','8.52.4','8.52.5','8.52.6','9.1.2','9.17.6','9.23.3','9.28.1','9.29.8','9.38.2','9.38.4','9.6.2']",NULL,https://pleiades.stoa.org/places/1001896,NULL,https://wikidata.org/wiki/Q11772,NULL,NULL,NULL,NULL
21.374,37.89,"Elis polis","Eleia Bk5 Bk6","Eleia Bk5 Bk6",['polis'],"['1.29.13','1.41.6','2.15.1','3.11.7','3.12.8','3.8.4','4.28.4','4.28.5','5.1.10','5.1.11','5.1.4','5.1.9','5.14.1','5.15.11','5.15.12','5.16.1','5.16.5','5.16.6','5.16.8','5.2.5','5.21.10','5.25.7','5.3.1','5.3.3','5.3.5','5.3.6','5.4.1','5.4.3','5.4.4','5.4.8','5.5.1','5.5.2','5.5.3','5.6.5','5.7.1','5.8.2','5.8.3','5.8.6','5.9.2','6.17.6','6.22.5','6.22.8','6.23.1','6.23.6','6.23.8','6.25.2','6.25.6','6.26.6','7.1.1','7.10.2','7.17.5','7.21.14','7.4.7','7.6.1','8.1.2','8.15.5','8.25.10','8.26.3','8.26.4']",NULL,https://pleiades.stoa.org/places/570220,https://topostext.org/place/378214PEli,https://wikidata.org/wiki/Q217667,NULL,NULL,NULL,NULL
35.93815,36.11705,"Seleukeia Pieria","Asia (continent)","Syria (Asia)",['polis'],['8.33.3'],NULL,https://pleiades.stoa.org/places/658483,NULL,https://wikidata.org/wiki/Q1605894,NULL,"Hydatos Potamoi Seleuceia on the Orontes",NULL,NULL
22.03143,37.38957,"Altar of Despoina before temple at Lykosoura","Arcadia Bk8","Sanctuary of Despoina at Lykosoura",['bomos'],['8.37.2'],"Sanctuary of Despoina at Lykosoura",NULL,NULL,NULL,NULL,NULL,NULL,NULL
25.249999999999996,39.916667,"Lemnos island","Aegean Sea (Hellas)","Aegean Sea (Hellas)",['nesos'],"['7.2.2','8.33.4','8.8.5']",NULL,https://pleiades.stoa.org/places/550693,NULL,https://wikidata.org/wiki/Q192483,NULL,NULL,NULL,NULL
22.70838,37.59848,"Erasinos (river)","Argolid Bk2","Argolid Bk2",['potamos'],"['2.24.6','2.36.6','2.36.7','8.22.3']",NULL,https://pleiades.stoa.org/places/570233,NULL,https://wikidata.org/wiki/Q12877267,NULL,NULL,NULL,NULL
22.355,37.977,Porinas,"Arcadia Bk8","road Pheneos toward Pellene and Aigeira",['horos'],['8.15.8'],NULL,https://pleiades.stoa.org/places/573476,NULL,NULL,NULL,NULL,NULL,NULL
29.904133,31.195370999999998,Alexandria,"Libya (Africa)","Egypt (region)",['polis'],"['1.18.4','5.21.9','8.33.3']",NULL,https://pleiades.stoa.org/places/727070,NULL,https://wikidata.org/wiki/Q87,NULL,NULL,NULL,NULL
21.863791,37.613569,"Temple of Hera at Heraia","Arcadia Bk8","Heraia (Arcadia)",['naos'],['8.26.2'],"Heraia (Arcadia)",NULL,NULL,NULL,NULL,NULL,NULL,NULL
22.262624,37.766264,"Tomb of Aristokrates on Orchomenos-Kaphyai road","Arcadia Bk8",Kaphyai,['mnema'],['8.13.5'],Kaphyai,NULL,NULL,NULL,NULL,NULL,NULL,NULL
22.585884,37.519836,"Pass into Arkadia via Hysiai in Argolis","Argolid Bk2","highway Argos toward Tegea",['esbole'],['8.6.4'],"Hysiae (Argolis)",NULL,NULL,NULL,NULL,NULL,NULL,NULL
22.2652,37.4329,Triodoi,"Arcadia Bk8","Arcadia Bk8",['chorion'],['8.36.8'],NULL,https://pleiades.stoa.org/places/573570,NULL,NULL,NULL,NULL,NULL,NULL
21.97,37.5,Naliphos,"Arcadia Bk8",Theisoaia,['potamos'],['8.38.9'],Theisoaia,https://pleiades.stoa.org/places/573384,NULL,NULL,NULL,NULL,NULL,NULL
22.136,37.442,"Charisiai? (Arkadia)","Arcadia Bk8","Arcadia Bk8",['polis'],"['8.27.3','8.3.4','8.35.5']",NULL,https://pleiades.stoa.org/places/573167,https://topostext.org/place/375222UCha,https://wikidata.org/wiki/Q5074395,NULL,NULL,NULL,NULL
21.1067,38.3388,"Delta of the Achelous river, new land","Aitolia region","Achelous river (Aitolia)",['chora'],['8.24.9'],"Achelous river (Aitolia)",NULL,NULL,NULL,NULL,NULL,NULL,NULL
21.9465,37.7837,"Sanctuary of Eleusinian Demeter near Thelpousa, on Ladon river","Arcadia Bk8",Thaliades,['hieron'],['8.25.2'],Thaliades,NULL,NULL,https://wikidata.org/wiki/Q134036889,NULL,NULL,NULL,NULL
15.29382,37.05963,Syracusae/Syrakousai,"Sicilia (island)","Sicilia (island)",['settlement'],"['1.2.3','1.23.3','10.28.6','2.22.9','5.7.2','5.7.3','5.8.8','6.12.2','6.12.4','6.15.6','6.2.6','6.9.5','7.16.5','8.42.8','8.54.3']",NULL,https://pleiades.stoa.org/places/462503,NULL,https://wikidata.org/wiki/Q4420718,NULL,NULL,NULL,NULL
42.5,42.5,Colchis/Lazike,"Pontus Euxinus","Pontus Euxinus",['chora'],"['1.1.4','1.18.1','2.3.10','8.4.10']",NULL,https://pleiades.stoa.org/places/863770,NULL,https://wikidata.org/wiki/Q183150,NULL,NULL,NULL,NULL
22.4743,37.6679,"Klimax pass? (Argolid)","Argolid Bk2","Argolid Bk2",['esbole'],['8.6.4'],NULL,https://pleiades.stoa.org/places/570362,https://topostext.org/place/377225LKli,NULL,NULL,NULL,NULL,NULL
32.573711,34.707147,Paphos,"Cyprus (island)","Cyprus (island)",['polis'],['8.5.2'],NULL,https://pleiades.stoa.org/places/707586,NULL,https://wikidata.org/wiki/Q12065255,NULL,"Nea Paphos",NULL,NULL
22.429,37.464,"Sanctuary of Artemis Hegemone in Tegea","Arcadia Bk8","Tegea (Arkadia)",['hieron'],['8.47.6'],"Tegea (Arkadia)",NULL,NULL,https://wikidata.org/wiki/Q134037218,NULL,NULL,NULL,NULL
25.1836,35.2052,Crete,NULL,"Hellas (Europe)",['nesos'],"['1.17.3','1.17.6','1.21.4','1.22.5','1.26.4','1.27.10','1.27.9','1.42.2','10.2.7','10.7.2','2.30.3','2.31.1','2.32.2','2.33.4','2.6.7','2.7.7','3.18.4','3.18.5','3.2.7','5.8.1','6.21.6','7.2.5','7.3.7','7.4.5','7.4.6','7.4.8','8.48.3','8.49.7','8.50.6','8.53.4','9.11.4','9.40.3']",NULL,https://pleiades.stoa.org/places/589748,https://topostext.org/place/352252IKre,https://wikidata.org/wiki/Q4752820,NULL,NULL,NULL,NULL
22.1273,37.4124,"Megalopolis southern part beyond the Helisson","Arcadia Bk8","Megalopolis (Arkadia)",['topos'],['8.32.1'],"Megalopolis (Arkadia)",NULL,NULL,NULL,NULL,"moira to the south",NULL,NULL
21.864,37.532,"long ridge 10 stadia S of Alpheios, with road to Alipheira","Arcadia Bk8","Arcadia Bk8",['oros'],['8.26.5'],NULL,NULL,NULL,NULL,NULL,NULL,NULL,NULL
14.121868999999998,40.827957,"artificial island off Dikearchia with thermal springs","Italia (Europe)",Dikaiarcheia/Puteoli,['nesos'],['8.7.3'],Dikaiarcheia/Puteoli,NULL,NULL,NULL,NULL,NULL,NULL,NULL
30.986379999999997,36.990721,Pamphylia,"Asia (continent)","Asia Minor (Asia)",['chora'],"['2.28.6','7.3.7','8.28.3']",NULL,https://pleiades.stoa.org/places/639034,NULL,https://wikidata.org/wiki/Q585250,NULL,NULL,NULL,NULL
22.0308,37.4378,"Sanctuary of Apollo Parrasios east of Mt. Lykaion","Arcadia Bk8","Lykaion (mountain)",['hieron'],['8.38.8'],NULL,NULL,NULL,https://wikidata.org/wiki/Q134036909,NULL,NULL,NULL,NULL
22.181,37.611,"Plain of Polos","Arcadia Bk8","road Tricoloni to Methydrion, 137 stades",['pedion'],['8.35.10'],NULL,https://pleiades.stoa.org/places/573471,NULL,NULL,NULL,"Polou, Polus plain",NULL,NULL
22.456205,37.757857,"Sanctuary of Ephesian Artemis at Alea","Arcadia Bk8",Alea,['hieron'],['8.23.1'],Alea,NULL,NULL,https://wikidata.org/wiki/Q134037246,NULL,NULL,NULL,NULL
22.077856,37.41772,Thoknia,"Arcadia Bk8",Parrasia,['polis'],"['8.29.5','8.3.2']",NULL,https://pleiades.stoa.org/places/570730,NULL,https://wikidata.org/wiki/Q60790111,NULL,NULL,NULL,NULL
22.40816,37.60256,"Old sanctuary of Poseidon Hippios outside Mantineia","Arcadia Bk8","Sanctuary of Poseidon Hippios near Mantineia",['hieron'],['8.10.2'],"Sanctuary of Poseidon Hippios near Mantineia",NULL,NULL,NULL,https://resource.manto.unh.edu/10152984,NULL,NULL,NULL
22.51475,37.6199,"Springs of the Inachos river on Mt. Artemision","Arcadia Bk8","Artemision (mountain)","['hydor','pege']",['8.6.6'],"Artemision (mountain)",NULL,NULL,NULL,NULL,NULL,NULL,NULL
22.1273,37.4124,"Temple of Zeus Philios at Megalopolis, in peribolos of Great Goddesses","Arcadia Bk8","Peribolos of Great Goddesses Demeter and Korê at Megalopolis",['naos'],['8.31.4'],"Peribolos of Great Goddesses Demeter and Korê at Megalopolis",NULL,NULL,NULL,NULL,NULL,NULL,NULL
23.87,38.53,"Euboea (island)","Hellas (Europe)","Hellas (Europe)",['nesos'],"['1.17.6','1.27.5','1.28.2','1.29.11','1.31.5','1.32.3','1.36.4','1.5.3','10.6.6','10.9.10','2.23.1','4.36.6','5.13.4','5.22.4','5.23.2','5.23.4','7.14.7','7.2.4','7.26.4','7.4.9','7.6.3','7.7.6','7.7.9','8.1.5','8.14.12','8.15.7','9.19.6','9.22.2','9.24.5','9.3.1']",NULL,https://pleiades.stoa.org/places/540775,NULL,https://wikidata.org/wiki/Q173096,NULL,NULL,NULL,NULL
22.165174,37.480046,Trikolonoi,"Arcadia Bk8",Eutresia,['polis'],"['8.27.3','8.3.4','8.35.5','8.35.6','8.35.8','8.35.9','8.36.1']",NULL,https://pleiades.stoa.org/places/570750,NULL,https://wikidata.org/wiki/Q16331632,NULL,NULL,NULL,NULL
23.573,37.952,"Salamis Sea Battle (Attica)","Attica Bk1","Salamis (island)",['battlefield'],"['10.14.5','3.11.3','3.16.6','8.10.9']",NULL,NULL,https://topostext.org/place/380236ASSB,https://wikidata.org/wiki/Q178850,NULL,NULL,NULL,NULL
21.86,37.767,Kaous,"Arcadia Bk8","road Psophis to Thelpousa",['kome'],"['8.25.1','8.25.2']",NULL,https://pleiades.stoa.org/places/573271,NULL,https://wikidata.org/wiki/Q16329953,NULL,NULL,NULL,NULL
22.3933,37.6181,"Small plain on Mantineia-Orchomenos road","Arcadia Bk8","Mantineia (Arkadia)",['pedion'],['8.12.7'],"Mantineia (Arkadia)",NULL,NULL,NULL,NULL,NULL,NULL,NULL
31.033254529999997,39.64014749,"Asia Minor (Asia)","Asia (continent)","Asia (continent)","['major region']","['1.10.2','1.10.5','1.11.2','1.12.4','1.13.1','1.16.2','1.20.4','1.29.11','1.37.5','1.4.5','1.4.6','1.6.2','1.7.3','1.8.1','1.9.7','10.15.2','10.23.14','2.33.3','4.17.5','4.5.3','5.1.6','7.4.3','8.6.2']",NULL,https://pleiades.stoa.org/places/837,NULL,https://wikidata.org/wiki/Q51614,NULL,NULL,NULL,NULL
22.3484,38.1478,"Aigai (Achaia)","Achaia Bk7","Achaia Bk7",['settlement'],"['7.25.12','8.15.9']",NULL,https://pleiades.stoa.org/places/570040,NULL,https://wikidata.org/wiki/Q16737279,NULL,NULL,NULL,NULL
22.456205,37.757857,Alea,"Arcadia Bk8","Arcadia Bk8",['settlement'],"['8.23.1','8.27.3']",NULL,https://pleiades.stoa.org/places/570062,NULL,https://wikidata.org/wiki/Q3609405,NULL,NULL,NULL,NULL
21.995,37.449,"Stadium in front of hippodrome near Pan sanctuary on Mt. Lykaion","Arcadia Bk8","Sanctuary of Pan on Mt. Lykaion",['stadion'],['8.38.5'],"Sanctuary of Pan on Mt. Lykaion",NULL,NULL,NULL,NULL,NULL,NULL,NULL
21.9725313,37.4563114,"Springs of the Neda on Mt. Kerausion","Arcadia Bk8","Kerausion M.",['pege'],['8.41.3'],"Kerausion M.",NULL,NULL,NULL,NULL,NULL,NULL,NULL
22.31536,37.724716,"Large cedar tree near Arcadian Orchomenos","Arcadia Bk8","Orchomenos (Arcadia)",['dendron'],['8.13.2'],"Orchomenos (Arcadia)",NULL,NULL,NULL,NULL,NULL,NULL,NULL
22.5,37.001,"Lakonia Bk3",NULL,Peloponnesos,['chora'],"['1.11.2','1.13.4','1.13.5','1.13.6','1.13.7','1.18.4','1.28.4','1.38.4','10.13.10','10.2.2','10.38.10','10.9.5','10.9.9','2.18.8','2.22.6','2.3.5','2.9.2','3.1.1','3.1.3','3.1.5','3.11.1','3.12.9','3.14.9','3.16.9','3.18.3','3.20.10','3.20.11','3.20.3','3.21.3','3.21.6','3.22.6','3.23.11','3.23.6','3.24.1','3.24.6','3.3.3','3.4.1','3.7.10','3.7.11','3.7.7','3.8.1','3.9.10','4.1.1','4.10.7','4.16.8','4.17.1','4.18.1','4.18.2','4.20.5','4.23.5','4.27.1','4.28.2','4.28.5','4.30.2','4.4.6','4.4.7','4.5.9','4.7.2','5.17.1','5.9.1','7.1.5','7.1.6','7.1.7','7.10.3','7.11.8','7.12.7','7.13.3','7.13.7','7.18.5','7.20.8','7.25.3','7.6.2','7.6.3','7.8.4','7.9.1','8.11.5','8.12.6','8.12.8','8.35.3','8.5.13','8.5.7','8.50.2','8.50.5','8.51.1','8.53.11','9.13.5','9.14.1','9.14.6']",NULL,https://pleiades.stoa.org/places/570406,https://topostext.org/place/370225RLak,https://wikidata.org/wiki/Q11931074,NULL,"Laconia Lacedaemonia",NULL,NULL
22.3933,37.6181,"Stadium of Mantineia on Tegea highway","Arcadia Bk8","Mantineia (Arkadia)",['stadion'],['8.10.1'],"Mantineia (Arkadia)",NULL,NULL,NULL,NULL,NULL,NULL,NULL
20.892091,37.787178,"Acropolis of Zacynthus called Psophis","Hellas (Europe)",Zakythos/Zacynthus,['acropolis'],['8.24.3'],Zakythos/Zacynthus,NULL,NULL,NULL,NULL,NULL,NULL,NULL
22.732834,37.513986,Genesion/Apobathmoi,"Argolid Bk2","Argolid Bk2",['chorion'],"['2.38.4','8.7.2']",NULL,https://pleiades.stoa.org/places/570257,NULL,https://wikidata.org/wiki/Q16571062,NULL,NULL,NULL,NULL
22.1273,37.4124,"Temple of Poseidon Epoptes on Helisson river, near Megalopolis","Arcadia Bk8","Megalopolis (Arkadia)",['naos'],['8.30.1'],"Megalopolis (Arkadia)",NULL,NULL,NULL,NULL,NULL,NULL,NULL
22.12741,37.41064,"Thersilion bouleuterion of Megalopolis","Arcadia Bk8","Megalopolis southern part beyond the Helisson",['bouleuterion'],['8.32.1'],NULL,NULL,https://topostext.org/place/374221BThB,https://wikidata.org/wiki/Q135476815,NULL,NULL,NULL,NULL
27.217489999999998,38.55733,"Tantalus lake in Lydia","Asia Minor (Asia)","Lydia (province)",['limne'],"['5.13.7','8.17.3']",NULL,NULL,NULL,NULL,NULL,NULL,NULL,NULL
22.55716,37.71428,"Orneai (Argolid)","Argolid Bk2","Argolid Bk2",['polis'],"['10.18.5','2.25.5','2.25.6','8.27.1']",NULL,https://pleiades.stoa.org/places/570537,https://topostext.org/place/377225POrn,https://wikidata.org/wiki/Q7103538,NULL,NULL,NULL,NULL
22.241203,38.014421,Nonakris,"Arcadia Bk8",Tripolis,['polisma'],"['8.17.6','8.18.4','8.18.7','8.27.4']",NULL,https://pleiades.stoa.org/places/570510,NULL,https://wikidata.org/wiki/Q7049180,NULL,NULL,NULL,NULL
22.3,37.5,Tripolis,"Arcadia Bk8","Arcadia Bk8","['chora','settlement']",['8.27.4'],"Arcadia Bk8",https://pleiades.stoa.org/places/573572,NULL,https://wikidata.org/wiki/Q7843689,NULL,NULL,NULL,NULL
22.756111,37.730833,Mycenae,"Argolid Bk2","Argolid Bk2",['settlement'],"['10.20.1','2.15.4','2.16.3','2.16.4','2.16.5','2.16.6','2.17.1','2.18.1','2.4.2','5.23.3','7.25.5','8.27.1','8.33.2','8.5.4','9.34.6']",NULL,https://pleiades.stoa.org/places/570491,NULL,https://wikidata.org/wiki/Q132564,NULL,NULL,NULL,NULL
22.429,37.464,"Fountain north of the temple of Athena Alea at Tegea","Arcadia Bk8","Tegea (Arkadia)",['pege'],['8.47.4'],"Tegea (Arkadia)",NULL,NULL,NULL,NULL,NULL,NULL,NULL
35.234167,31.776667000000003,"tomb of Helenê at Jerusalem","Asia (continent)","Ierusalem/Hierosolyma/Col. Aelia Capitolina",['mnema'],['8.16.5'],"Ierusalem/Hierosolyma/Col. Aelia Capitolina",NULL,NULL,NULL,NULL,NULL,NULL,NULL
22.03143,37.38957,"Grove of Despoina at Lykosoura","Arcadia Bk8","Sanctuary of Despoina at Lykosoura","['alsos','toichos']",['8.37.10'],"Sanctuary of Despoina at Lykosoura",NULL,NULL,NULL,NULL,NULL,NULL,NULL
22.4203,37.4555,"Altar of Athena Alea at Tegea with relief decoration","Arcadia Bk8","Athena Alea sanctuary near Tegea",['bomos'],['8.47.3'],"Athena Alea sanctuary near Tegea",NULL,NULL,NULL,NULL,NULL,NULL,NULL
23.243591,37.385218,Hermione,"Hermionis Bk2","Hermionis Bk2",['polis'],"['2.32.7','2.34.11','2.34.12','2.34.4','2.34.5','2.34.6','2.34.8','2.35.4','2.35.9','3.14.5','4.34.9','5.23.2','8.1.1']",NULL,https://pleiades.stoa.org/places/570292,NULL,https://wikidata.org/wiki/Q58401924,NULL,Hermion,NULL,NULL
22.429,37.464,"Altar of Kore in Tegea, near Paphian Aphrodite","Arcadia Bk8","Tegea (Arkadia)",['bomos'],['8.53.7'],"Tegea (Arkadia)",NULL,NULL,NULL,NULL,NULL,NULL,NULL
22.1751,37.6359,"High hill between Maloitas and Mylaon rivers, site of Methydrion","Arcadia Bk8","Arcadia Bk8",['lophos'],['8.36.1'],NULL,NULL,NULL,NULL,NULL,NULL,NULL,NULL
27.257012000000003,36.875681,"Kos (settlement)","Aegean Sea (Hellas)","Kos/Cos (island)",['settlement'],"['6.14.12','8.43.4']",NULL,https://pleiades.stoa.org/places/599728,NULL,https://wikidata.org/wiki/Q187027,NULL,NULL,NULL,NULL
22.3933,37.6181,"Agora of Mantineia","Arcadia Bk8","Mantineia (Arkadia)",['agora'],['8.9.9'],"Mantineia (Arkadia)",NULL,NULL,https://wikidata.org/wiki/Q133963460,NULL,NULL,NULL,NULL
21.9725313,37.4563114,Kretea,"Arcadia Bk8","Lykaion (mountain)",['chora'],['8.38.2'],"Lykaion (mountain)",https://pleiades.stoa.org/places/573309,NULL,https://wikidata.org/wiki/Q5184729,NULL,"Cretea (Arcadia)",NULL,NULL
22.081,37.555,"Hypsous (Arkadia)","Arcadia Bk8","Arcadia Bk8",['settlement'],"['8.3.3','8.35.7']",NULL,https://pleiades.stoa.org/places/570303,https://topostext.org/place/376221UHyp,https://wikidata.org/wiki/Q12885662,NULL,NULL,NULL,NULL
22.1302,37.8248,"Reunos near Nasoi, source of river Tragos","Arcadia Bk8","Arcadia Bk8",['chorion'],['8.23.2'],NULL,NULL,NULL,NULL,NULL,NULL,NULL,NULL
22.1273,37.4124,"Spring sacred to Dionysos near stadium of Megalopolis","Arcadia Bk8","Megalopolis (Arkadia)",['pege'],['8.32.3'],"Megalopolis (Arkadia)",NULL,NULL,NULL,NULL,NULL,NULL,NULL
22.165174,37.480046,"Sanctuary of Poseidon at Trikolonoi, on hill","Arcadia Bk8",Trikolonoi,['hieron'],['8.35.6'],Trikolonoi,NULL,NULL,https://wikidata.org/wiki/Q134037065,NULL,NULL,NULL,NULL
22.1741,37.5395,Knauson,"Arcadia Bk8",Eutresia,['settlement'],['8.27.3'],Eutresia,https://pleiades.stoa.org/places/573293,NULL,https://wikidata.org/wiki/Q39081812,NULL,NULL,NULL,NULL
22.31536,37.724716,"Sanctuary of Aphrodite at Orchomenos, Arkadia","Arcadia Bk8","Orchomenos (Arcadia)",['hieron'],['8.13.2'],"Orchomenos (Arcadia)",NULL,NULL,https://wikidata.org/wiki/Q134037113,NULL,NULL,NULL,NULL
15.885196,42.7752864,"Adriaticum/Superum Mare",NULL,"Internum Mare",['thalassa'],['8.54.3'],NULL,https://pleiades.stoa.org/places/1004,NULL,https://wikidata.org/wiki/Q13924,NULL,NULL,NULL,NULL
22.19618,37.62492,Phalanthon,"Arcadia Bk8","Phalanthon Mons",['polis'],['8.35.9'],"Phalanthon Mons",https://pleiades.stoa.org/places/573443,NULL,https://wikidata.org/wiki/Q16331956,NULL,NULL,NULL,NULL
21.997485,37.549082,Bouphagion,"Arcadia Bk8","Arcadia Bk8",['settlement'],['8.26.8'],NULL,https://pleiades.stoa.org/places/570164,NULL,https://wikidata.org/wiki/Q60791755,NULL,NULL,NULL,NULL
22.1273,37.4124,"Bouleuterion of Megalopolis left of portrait of Polybios","Arcadia Bk8","Megalopolis (Arkadia)",['bouleuterion'],['8.30.9'],"Megalopolis (Arkadia)",NULL,NULL,NULL,NULL,NULL,NULL,NULL
16.2544973,39.3801999,"Crathis/Crater (river)","Italia (Europe)","Italia (Europe)",['potamos'],"['7.25.11','8.15.9']",NULL,https://pleiades.stoa.org/places/452315,NULL,https://wikidata.org/wiki/Q660005,NULL,NULL,NULL,NULL
22.262624,37.766264,"Plain of Kaphyai","Arcadia Bk8",Kaphyai,['pedion'],"['8.23.2','8.23.3']",Kaphyai,NULL,NULL,NULL,NULL,NULL,NULL,NULL
22.15,37.45,Parrasia,"Arcadia Bk8","Arcadia Bk8",['chora'],"['8.27.2','8.27.4','8.38.3']",NULL,https://pleiades.stoa.org/places/570564,NULL,https://wikidata.org/wiki/Q7139774,NULL,Parrhasia,NULL,NULL
23.3484,37.5033,"Troizen (Troizenia)","Troizenia Bk2","Troizenia Bk2",['polis'],"['1.22.2','1.25.4','1.27.7','1.8.2','10.5.6','2.1.4','2.30.9','2.31.4','2.31.9','2.32.6','2.34.1','2.34.12','5.23.2','8.1.1']",NULL,https://pleiades.stoa.org/places/570756,https://topostext.org/place/375234PTro,https://wikidata.org/wiki/Q581494,NULL,Troezen,NULL,NULL
21.842,37.4075,"Polyandrion of the Oresthasians in agora of Phigaleia","Arcadia Bk8","Agora of Phigaleia",['polyandrion'],['8.41.1'],"Agora of Phigaleia",NULL,NULL,NULL,NULL,NULL,NULL,NULL
22.307,37.9117,"Stadium of Pheneos below acropolis","Arcadia Bk8",Pheneos,['stadion'],['8.14.9'],Pheneos,NULL,NULL,NULL,NULL,NULL,NULL,NULL
22.5,42.5,"Macedonia (Europe)",Europe,"Hellas (Europe)","['major region']","['10.20.5','10.33.3','10.8.4','3.6.8','5.5.1','5.8.11','6.4.10','6.5.5','7.10.7','7.13.1','7.15.11','7.15.2','7.16.1','7.17.2','7.25.6','7.7.7','7.8.3','7.8.8','8.49.5','8.49.6','8.8.11','8.8.12','9.40.8','9.40.9']",NULL,https://pleiades.stoa.org/places/491656,https://topostext.org/place/408225RMak,https://wikidata.org/wiki/Q81734,NULL,NULL,NULL,NULL
22.141115,37.468145,"temple of Demeter and Artemis at Zoitia","Arcadia Bk8",Zoitia,['naos'],['8.35.7'],Zoitia,NULL,NULL,NULL,NULL,NULL,NULL,NULL
22.31536,37.724716,"Agora of ancient Orchomenos in ruins on summit of mountain","Arcadia Bk8","Orchomenos (Arcadia)",['agora'],['8.13.2'],"Orchomenos (Arcadia)",NULL,NULL,https://wikidata.org/wiki/Q133963457,NULL,NULL,NULL,NULL
22.19618,37.62492,"Phalanthon Mons","Arcadia Bk8","Arcadia Bk8",['oros'],['8.35.9'],NULL,https://pleiades.stoa.org/places/570588,NULL,https://wikidata.org/wiki/Q122149223,NULL,NULL,https://imperium.ahlfeldt.se/places/43556,NULL
21.845,37.658,"Touthoa (river)","Arcadia Bk8","Arcadia Bk8",['potamos'],['8.25.12'],NULL,https://pleiades.stoa.org/places/570743,NULL,NULL,NULL,NULL,NULL,NULL
22.429,37.464,"temple of Demeter and Kore Karpophoroi at Tegea","Arcadia Bk8","Tegea (Arkadia)",['naos'],['8.53.7'],"Tegea (Arkadia)",NULL,NULL,NULL,NULL,NULL,NULL,NULL
23.1743,38.2647,"Leuktra (Boeotia)","Boiotia Bk9","Boiotia Bk9","['battlefield','settlement']","['1.13.4','1.13.5','1.29.11','1.3.4','10.11.5','3.6.1','6.3.3','7.6.8','8.27.8','8.6.2','8.8.10','9.1.8','9.13.3','9.13.4','9.13.5','9.14.1','9.14.3','9.16.5','9.6.4','9.6.5']",NULL,https://pleiades.stoa.org/places/540913,https://topostext.org/place/383231ULeu,https://wikidata.org/wiki/Q2606004,NULL,Leuctra,NULL,NULL
21.864,37.532,"Altar of Zeus Lecheates (of childbed) in Alipheira","Arcadia Bk8",Alipheira,['bomos'],['8.26.6'],Alipheira,NULL,NULL,NULL,NULL,NULL,NULL,NULL
24.019611,35.517333,Kydonia,Crete,Crete,['polis'],"['10.2.7','6.21.6','8.53.4']",NULL,https://pleiades.stoa.org/places/589886,NULL,https://wikidata.org/wiki/Q1481525,NULL,NULL,NULL,NULL
21.892903,37.871725,Psophis,"Arcadia Bk8","Arcadia Bk8",['polis'],"['8.24.1','8.24.10','8.24.13','8.24.2','8.24.3','8.24.7','8.24.8','8.25.1']",NULL,https://pleiades.stoa.org/places/570638,NULL,https://wikidata.org/wiki/Q1187304,NULL,NULL,NULL,NULL
22.1273,37.4124,"Sanctuary of the Muses, Apollo, Hermes, ruins, in Megalopolis","Arcadia Bk8","Megalopolis (Arkadia)",['hieron'],['8.32.2'],"Megalopolis (Arkadia)",NULL,NULL,https://wikidata.org/wiki/Q134037032,NULL,NULL,NULL,NULL
27.789696999999997,37.316871,"Sanctuary of Osogoa at Mylasa in Caria","Asia Minor (Asia)",Mylasa,['hieron'],['8.10.4'],Mylasa,NULL,NULL,https://wikidata.org/wiki/Q134038481,NULL,NULL,NULL,NULL
22.1273,37.4124,"Sanctuary of the Maniai, 7 stadia from Megalopolis left of the Messene highway","Arcadia Bk8","Megalopolis (Arkadia)",['hieron'],['8.34.1'],"Megalopolis (Arkadia)",NULL,NULL,https://wikidata.org/wiki/Q134037001,NULL,NULL,NULL,NULL
51.50000000000001,30.5,"Persia (Asia)","Asia (continent)","Asia (continent)","['major region']","['1.25.5','10.19.11','3.20.4','3.7.8','4.31.5','8.52.5']",NULL,https://pleiades.stoa.org/places/922698,NULL,https://wikidata.org/wiki/Q3746183,NULL,"Persis, Pars",NULL,NULL
21.842,37.4075,"Temple of Dionysos Akratophoros at Phigaleia","Arcadia Bk8",Phigaleia,['naos'],['8.39.6'],Phigaleia,NULL,NULL,NULL,NULL,NULL,NULL,NULL
22.13,37.83,"Azania region (Arkadia)","Arcadia Bk8","Arcadia Bk8",['chora'],['8.4.3'],NULL,https://pleiades.stoa.org/places/570143,https://topostext.org/place/378221RAza,https://wikidata.org/wiki/Q60791680,NULL,NULL,NULL,NULL
22.262624,37.766264,"Stream inside dyke at Kaphyai, flowing into swallow-hole","Arcadia Bk8",Kaphyai,['pege'],['8.23.2'],Kaphyai,NULL,NULL,NULL,NULL,NULL,NULL,NULL
22.4,37.569,"Phoizôn tomb of Areithos on Tegea-Mantineia road","Arcadia Bk8","highway Mantineia to Tegea",['mnema'],['8.11.4'],NULL,NULL,NULL,NULL,https://resource.manto.unh.edu/10153054,"tomb of Korynetos",NULL,NULL
27.453939999999996,38.5668,"Niobe rock on Mt. Sipylus (seen by Paus 1.21.3","Asia Minor (Asia)",Sipylos,['petra'],"['1.21.3','8.2.7']",Sipylos,NULL,NULL,NULL,NULL,NULL,NULL,NULL
22.19903,37.98841,"Aroania (mountain)","Arcadia Bk8","Achaia Bk7",['oros'],['8.18.7'],NULL,https://pleiades.stoa.org/places/570112,NULL,https://wikidata.org/wiki/Q630782,NULL,NULL,NULL,NULL
22.03143,37.38957,"Altar of Ares at sanctuary of Pan in Lykosoura","Arcadia Bk8","Sanctuary of Pan above Despoina sanctuary, Lykosoura",['bomos'],['8.37.12'],"Sanctuary of Pan above Despoina sanctuary, Lykosoura",NULL,NULL,NULL,NULL,NULL,NULL,NULL
22.307,37.9117,"Temple of Athena Tritonia on acropolis of Pheneos","Arcadia Bk8","Pheneos acropolis",['naos'],['8.14.4'],"Pheneos acropolis",NULL,NULL,NULL,NULL,NULL,NULL,NULL
26.23873,39.9577,Ilium,"Asia Minor (Asia)",Troas,['settlement'],"['1.1.2','1.11.1','1.12.1','1.12.5','1.15.2','1.23.4','1.28.9','1.35.1','1.35.4','1.37.3','1.4.6','1.43.1','10.1.3','10.12.2','10.17.6','10.25.8','10.27.4','10.30.8','10.31.7','10.33.2','10.36.10','10.38.5','2.16.6','2.17.3','2.18.5','2.20.6','2.22.2','2.23.1','2.23.5','2.24.2','2.24.3','2.25.5','2.30.10','2.32.2','2.4.2','3.12.6','3.22.2','3.24.11','3.26.10','3.4.7','3.9.3','5.13.4','5.13.5','5.17.10','5.18.3','5.22.4','5.3.4','5.4.7','6.25.3','7.19.6','7.19.9','7.24.2','7.3.7','7.6.3','8.1.3','8.10.10','8.10.9','8.12.6','8.12.9','8.15.6','8.15.7','8.23.4','8.24.10','8.28.4','8.33.2','8.44.4','8.45.2','8.46.2','8.5.2','8.5.3','8.53.7','8.6.1','9.18.5','9.37.7','9.39.3','9.4.3','9.41.2','9.5.14','9.5.15']",NULL,https://pleiades.stoa.org/places/550595,NULL,https://wikidata.org/wiki/Q22647,NULL,"Troy, Troia, Ilion",NULL,NULL
22.0708,37.4506,Bathos,"Arcadia Bk8","Arcadia Bk8",['chorion'],"['8.29.1','8.29.2','8.29.5']",NULL,https://pleiades.stoa.org/places/573139,NULL,https://wikidata.org/wiki/Q60791682,NULL,NULL,NULL,NULL
22.1273,37.4124,"City walls of Megalopolis","Arcadia Bk8","Megalopolis (Arkadia)",['teichos'],['8.30.7'],"Megalopolis (Arkadia)",NULL,NULL,NULL,NULL,NULL,NULL,NULL
22.262624,37.766264,"Sanctuary of Poseidon at Kaphyai","Arcadia Bk8",Kaphyai,['hieron'],['8.23.3'],Kaphyai,NULL,NULL,https://wikidata.org/wiki/Q134037100,NULL,NULL,NULL,NULL
22.139,39.726,"Titaresios (river)","Hellas (Europe)",Thessalia,['potamos'],['8.18.2'],NULL,https://pleiades.stoa.org/places/541151,NULL,https://wikidata.org/wiki/Q687260,NULL,NULL,NULL,NULL
14.08648465,37.53667612,Sicani,"Sicilia (island)","Sicilia (island)",['chora'],"['5.25.6','8.24.2']","Sicilia (island)",https://pleiades.stoa.org/places/462491,NULL,https://wikidata.org/wiki/Q952123,NULL,NULL,NULL,NULL
22.43,37.46,"Foundations of sanctuaries on Tegea-Lakonia road 2 stadia outside Tegea","Arcadia Bk8","road Tegea to Laconia",['hieron'],['8.53.11'],NULL,NULL,NULL,NULL,NULL,NULL,NULL,NULL
43.1609,36.34773,Nineveh/Ninos,"Asia (continent)",Assyria,['settlement'],['8.33.2'],NULL,https://pleiades.stoa.org/places/874621,NULL,https://wikidata.org/wiki/Q5680,NULL,NULL,NULL,NULL
21.9465,37.7837,Thaliades,"Arcadia Bk8","Arcadia Bk8",['settlement'],['8.25.2'],NULL,https://pleiades.stoa.org/places/570716,NULL,https://wikidata.org/wiki/Q7709649,NULL,NULL,NULL,NULL
22.1099,38.030042,"altas of the gods in agora of Kynaitha","Arcadia Bk8",Kynaitha,['bomos'],['8.19.1'],Kynaitha,NULL,NULL,NULL,NULL,NULL,NULL,NULL
27.5,37.5,"Caria region","Asia (continent)","Asia Minor (Asia)",['chora'],"['1.1.3','1.29.7','2.30.9','2.5.3','2.7.1','3.26.10','4.35.11','4.5.3','5.24.7','6.13.3','7.3.1','8.45.5']",NULL,https://pleiades.stoa.org/places/599564,NULL,https://wikidata.org/wiki/Q193214,NULL,Karia,NULL,NULL
22.429,37.464,"Tomb of Echemos at Tegea","Arcadia Bk8","Tegea (Arkadia)",['mnema'],['8.53.10'],"Tegea (Arkadia)",NULL,NULL,NULL,https://resource.manto.unh.edu/10267719,NULL,NULL,NULL
21.842,37.4075,Phigaleia,"Arcadia Bk8","Arcadia Bk8","['chora','polis']","['3.17.9','4.24.1','5.5.4','6.6.1','8.3.1','8.3.2','8.30.4','8.39.1','8.39.2','8.39.3','8.39.4','8.39.5','8.41.2','8.41.4','8.41.7','8.41.9','8.42.1','8.42.11','8.42.6','8.5.7']",NULL,https://pleiades.stoa.org/places/570598,https://topostext.org/place/374218PPhi,https://wikidata.org/wiki/Q7623270,NULL,"Phigalia Phialia",NULL,NULL
22.549,37.489,"pass into Arkadia by Mt. Parthenion into Tegea","Arcadia Bk8","Parthenion (mountain)",['esbole'],['8.6.4'],"Parthenion (mountain)",NULL,NULL,NULL,NULL,NULL,NULL,NULL
21.985,37.841,"Paos (Achaia)","Arcadia Bk8","road Caphyae to Psophis",['kome'],['8.23.9'],NULL,NULL,https://topostext.org/place/379220PPao,https://wikidata.org/wiki/Q26958616,NULL,NULL,NULL,NULL
21.98855,37.44658,"Zeus Lykaios altar, Mt. Lykaion","Arcadia Bk8","Arcadia Bk8","['bomos','choma ges']","['8.2.3','8.38.7']",NULL,https://pleiades.stoa.org/places/535233377,https://topostext.org/place/375220SZLA,https://wikidata.org/wiki/Q124820762,NULL,"Zeus Lycaeus altar",NULL,NULL
15.29293,37.0570712,"Ortygia (island)","Sicilia (island)",Syracusae/Syrakousai,['nesos'],"['5.7.2','5.7.3','8.54.3']",NULL,https://pleiades.stoa.org/places/462402,NULL,https://wikidata.org/wiki/Q1233234,NULL,NULL,NULL,NULL
21.4517,37.6125,"Springs of the Alpheios a little away from the Asea-Tegea road","Arcadia Bk8","Alpheios river (Eleia)",['pege'],['8.44.3'],NULL,NULL,NULL,NULL,NULL,NULL,NULL,NULL
22.147091,37.65657,"Temple of Poseidon Hippios at Methydrion","Arcadia Bk8","Methydrion (Arkadia)",['naos'],['8.36.2'],NULL,NULL,https://topostext.org/place/377221SPet,NULL,NULL,NULL,NULL,NULL
22.45931,37.85932,"spring of Stymphalos","Arcadia Bk8",Stymphalos,['pege'],['8.4.6'],Stymphalos,NULL,NULL,NULL,https://resource.manto.unh.edu/10149388,NULL,NULL,NULL
22.4295,37.46475,"Tomb of Tegeates son of Lykaon in agora of Tegea","Arcadia Bk8","Agora of Tegea",['mnema'],['8.48.6'],"Agora of Tegea",NULL,NULL,NULL,https://resource.manto.unh.edu/10266993,NULL,NULL,NULL
22.3933,37.6181,"Mantineia (Arkadia)","Arcadia Bk8","Arcadia Bk8",['polis'],"['1.29.13','1.3.4','10.13.6','10.20.1','2.25.1','2.8.6','6.11.4','6.4.11','8.10.1','8.10.2','8.11.1','8.11.5','8.11.6','8.12.2','8.12.6','8.12.7','8.27.14','8.3.4','8.49.2','8.5.11','8.5.5','8.50.2','8.6.4','8.7.1','8.8.11','8.8.12','8.8.4','8.8.7','8.8.9','8.9.7','8.9.8','9.14.4','9.15.5']",NULL,https://pleiades.stoa.org/places/570459,https://topostext.org/place/376224UMan,https://wikidata.org/wiki/Q1160195,NULL,Mantinea,NULL,NULL
21.9847,37.40493,"Nomia (mountain)","Arcadia Bk8","Arcadia Bk8",['oros'],['8.38.11'],NULL,https://pleiades.stoa.org/places/570509,NULL,NULL,NULL,NULL,NULL,NULL
21.87884,37.710489,Thelpousa,"Arcadia Bk8","Arcadia Bk8","['chora','polis']","['8.24.4','8.25.1','8.25.11','8.25.2','8.25.3','8.25.4']",NULL,https://pleiades.stoa.org/places/570722,NULL,https://wikidata.org/wiki/Q1142954,NULL,Telphousa,NULL,NULL
22.377,37.675,"Tomb of Maera at Maira north of Ptolis","Arcadia Bk8",Maira,['mnema'],['8.12.7'],Maira,NULL,NULL,NULL,https://resource.manto.unh.edu/10158742,NULL,NULL,NULL
22.3933,37.6181,"Sanctuary of Zeus Epidôtos at Mantineia","Arcadia Bk8","Mantineia (Arkadia)",['hieron'],['8.9.2'],"Mantineia (Arkadia)",NULL,NULL,https://wikidata.org/wiki/Q134037166,NULL,NULL,NULL,NULL
21.9005,37.4295,"temple of Apollo Epikourios at Bassai","Arcadia Bk8",Bassai,['naos'],"['8.30.4','8.41.10','8.41.7','8.41.9']",NULL,https://pleiades.stoa.org/places/570148,https://topostext.org/place/374219SBas,https://wikidata.org/wiki/Q38278862,NULL,NULL,NULL,NULL
29.576517,39.175719,"Meter Steunene","Asia Minor (Asia)",Phrygia,['spelaion'],"['10.32.3','8.4.3']",NULL,https://pleiades.stoa.org/places/609467,NULL,NULL,NULL,NULL,NULL,NULL
22.244,37.393,Athenaion,"Arcadia Bk8","Arcadia Bk8",['chorion'],"['8.44.2','8.44.3']",NULL,https://pleiades.stoa.org/places/570137,NULL,https://wikidata.org/wiki/Q60791625,NULL,NULL,NULL,NULL
22.3704,37.8498,"three springs sacred to Hermes at Trikrêna mountains","Arcadia Bk8","Trikrena M.",['pege'],['8.16.1'],"Trikrena M.",NULL,NULL,NULL,NULL,NULL,NULL,NULL
27.55568,40.591686,Proconnesus,"Asia Minor (Asia)",Hellespontus,['polis'],['8.46.4'],NULL,https://pleiades.stoa.org/places/511378,NULL,https://wikidata.org/wiki/Q950908,NULL,NULL,NULL,NULL
22.138259,37.321324,Leuktron,"Arcadia Bk8",Aigytis,['settlement'],['8.27.4'],NULL,https://pleiades.stoa.org/places/570433,NULL,https://wikidata.org/wiki/Q60790807,NULL,NULL,NULL,NULL
21.41364923,38.13057287,"Larisos (river)","Eleia Bk5 Bk6","Eleia Bk5 Bk6","['horos','potamos']","['6.26.10','7.17.5','8.49.7']",NULL,https://pleiades.stoa.org/places/570415,NULL,https://wikidata.org/wiki/Q3362574,NULL,NULL,NULL,NULL
22.156,37.617,"Mylaon river","Arcadia Bk8","Arcadia Bk8",['potamos'],"['8.36.1','8.36.2']",NULL,https://pleiades.stoa.org/places/573381,NULL,NULL,NULL,NULL,NULL,NULL
21.681159,37.248527,Kyparissia,"Messenia Bk4","Messenia Bk4",['polis'],"['4.33.6','4.36.7','8.1.1']",NULL,https://pleiades.stoa.org/places/570397,NULL,https://wikidata.org/wiki/Q1026705,NULL,NULL,NULL,NULL
22.441,37.333,"Tegea border with Lakonia on Alpheios river","Arcadia Bk8","Alpheios river (Eleia)",['horos'],['8.54.1'],NULL,NULL,NULL,NULL,NULL,NULL,NULL,NULL
22.450723,37.331323,"Spring near Phylake feeding Alpheios river","Arcadia Bk8",Phylake,['pege'],"['5.7.1','8.54.1']",Phylake,NULL,NULL,NULL,NULL,NULL,NULL,NULL
23.736029999999996,37.96393,"Elysian Fields (Mythic)",Hades,Hades,['pedion'],['8.53.5'],NULL,NULL,https://topostext.org/place/000000GEly,https://wikidata.org/wiki/Q157128,NULL,NULL,NULL,NULL
21.86685,37.52893,"Temple of Athena at Alipheira","Arcadia Bk8",Alipheira,"['hieron','naos']",['8.26.6'],NULL,NULL,https://topostext.org/place/375219SAtA,https://wikidata.org/wiki/Q38279559,NULL,NULL,NULL,NULL
22.3933,37.6181,"Common Hearth in Mantineia, round, tomb of Antinoê","Arcadia Bk8","Mantineia (Arkadia)","['hestia','mnema']",['8.9.5'],"Mantineia (Arkadia)",NULL,NULL,NULL,https://resource.manto.unh.edu/10152237,NULL,NULL,NULL
23.726443,37.972,"salt water cistern in the Erechtheion","Athenai Bk1","Erechtheion, Athens",['phrear'],"['1.26.5','8.10.4']","Erechtheion, Athens",NULL,NULL,NULL,NULL,"wave kyma",NULL,NULL
22.142,37.278,Aigytis,"Arcadia Bk8","Arcadia Bk8",['chora'],"['8.27.4','8.34.5']",NULL,https://pleiades.stoa.org/places/570053,NULL,https://wikidata.org/wiki/Q131903788,NULL,NULL,NULL,NULL
22.24829,37.65507,"Cave of Alkimedon, hero, on Mt. Ostrakina","Arcadia Bk8","Ostrakina mountain",['spelaion'],['8.12.2'],"Ostrakina mountain",NULL,NULL,NULL,NULL,NULL,NULL,NULL
22.334,37.453,"Sanctuary of Demeter and Korê at Pallantion","Arcadia Bk8","Pallantion (Arkadia)",['hieron'],['8.44.5'],"Pallantion (Arkadia)",NULL,NULL,https://wikidata.org/wiki/Q134037128,NULL,NULL,NULL,NULL
21.863791,37.613569,"Baths by Alpheios at Heraia","Arcadia Bk8","Heraia (Arcadia)",['loutron'],['8.26.1'],"Heraia (Arcadia)",NULL,NULL,NULL,NULL,NULL,NULL,NULL
27.12558,37.66144,"Mycale (mountain)","Asia Minor (Asia)","Ionia (region)",['oros'],"['1.25.1','3.7.9','5.7.5','7.4.1','8.52.3']",NULL,https://pleiades.stoa.org/places/599805,NULL,https://wikidata.org/wiki/Q1330828,NULL,NULL,NULL,NULL
22.3154,37.7247,"Stadium of Ladas near Mantineia","Arcadia Bk8","road Mantineia to Orchomenos via Maera",['stadion'],['8.12.5'],NULL,NULL,NULL,NULL,NULL,NULL,NULL,NULL
10.327986,36.857569,"Carthage, Carthago","Libya (Africa)","Libya (Africa)",['settlement'],"['2.1.2','5.25.6','8.30.9','8.43.4']",NULL,https://pleiades.stoa.org/places/314921,NULL,https://wikidata.org/wiki/Q6343,NULL,NULL,NULL,NULL
22.1273,37.4124,"Temple of Herakles and Hermes by stadium of Megalopolis, vanished except for altar","Arcadia Bk8","Megalopolis (Arkadia)",['naos'],['8.32.3'],"Megalopolis (Arkadia)",NULL,NULL,NULL,NULL,NULL,NULL,NULL
22.1741,37.5395,Eutresia,"Arcadia Bk8","Arcadia Bk8",['chora'],['8.27.3'],NULL,https://pleiades.stoa.org/places/570250,NULL,https://wikidata.org/wiki/Q61465857,NULL,NULL,NULL,NULL
22.461269,37.616101,"Philippion spring near Nestane","Arcadia Bk8",Nestane,['pege'],['8.7.4'],Nestane,NULL,NULL,NULL,NULL,NULL,NULL,NULL
21.456,37.632,"Mouths of Alpheios","Eleia Bk5 Bk6","Eleia Bk5 Bk6",['horos'],['8.1.2'],NULL,NULL,NULL,NULL,NULL,NULL,NULL,NULL
22.3933,37.6181,"Heroon of Podares in agora of Mantineia","Arcadia Bk8","Agora of Mantineia",['heroon'],['8.9.9'],"Agora of Mantineia",NULL,NULL,NULL,NULL,NULL,NULL,NULL
22.5,37.5,"all Greek rivers","Hellas (Europe)","Hellas (Europe)",['potamos'],['8.20.1'],"Hellas (Europe)",NULL,NULL,NULL,NULL,NULL,NULL,NULL
29.5859461,39.1758167,"Penkalas (river)","Asia Minor (Asia)",Phrygia,['potamos'],"['10.32.3','8.4.3']",NULL,https://pleiades.stoa.org/places/609496,NULL,NULL,NULL,NULL,NULL,NULL
22.3993,37.5625,Skope,"Arcadia Bk8","Mantineia battlefield 362 BCE",['battlefield'],['8.11.7'],NULL,https://pleiades.stoa.org/places/573523,https://topostext.org/place/376224FSko,NULL,NULL,"Skopi tower",NULL,NULL
22.1273,37.4124,"Hermaion called At the Mistress, marking border of Messenia and Megalopolis","Arcadia Bk8","road Megalopolis to Carnasion",['horos'],['8.35.2'],NULL,NULL,NULL,NULL,https://resource.manto.unh.edu/10214526,"Hermaion by Despoina",NULL,NULL
22.1273,37.4124,"Temple of the Great Goddesses in Megalopolis","Arcadia Bk8","Peribolos of Great Goddesses Demeter and Korê at Megalopolis",['naos'],"['8.31.1','8.31.8']","Peribolos of Great Goddesses Demeter and Korê at Megalopolis",NULL,NULL,NULL,NULL,NULL,NULL,NULL
22.435,37.083,"Artemis Ortheia sanctuary in Sparta","Lakonia Bk3",Sparta,['hieron'],"['3.16.7','3.17.1','8.23.1']",NULL,NULL,https://topostext.org/place/371224SArt,https://wikidata.org/wiki/Q550466,https://resource.manto.unh.edu/10150351,NULL,https://imperium.ahlfeldt.se/places/22844,NULL
21.842,37.4075,"Sanctuary of Artemis Soteira at Phigaleia, on hill","Arcadia Bk8",Phigaleia,['hieron'],['8.39.5'],Phigaleia,NULL,NULL,https://wikidata.org/wiki/Q134036848,NULL,NULL,NULL,NULL
22.127148,37.513321,Thyraion,"Arcadia Bk8","Arcadia Bk8",['polis'],"['8.3.3','8.35.7']",NULL,https://pleiades.stoa.org/places/570735,NULL,https://wikidata.org/wiki/Q7799665,NULL,NULL,NULL,NULL
21.87884,37.710489,"Temple of Asklepios at Thelpousa","Arcadia Bk8",Thelpousa,['naos'],['8.25.3'],Thelpousa,NULL,NULL,NULL,NULL,NULL,NULL,NULL
22.3,37.5,Lykaia,"Arcadia Bk8",Kynouriake,['settlement'],['8.27.3'],"Arcadia Bk8",https://pleiades.stoa.org/places/573347,NULL,https://wikidata.org/wiki/Q11934313,NULL,NULL,NULL,NULL
21.859,37.682,"Ladon river crossing 50 stadia N of Nasoi","Arcadia Bk8","Ladon river",['diabese'],['8.23.8'],"Ladon river",NULL,NULL,NULL,NULL,NULL,NULL,NULL
22.0385,37.3935,"Akakesion (Arkadia)","Arcadia Bk8",Parrasia,['polis'],"['8.27.4','8.3.2','8.36.10','8.37.1']",NULL,https://pleiades.stoa.org/places/573061,https://topostext.org/place/368228UAkk,https://wikidata.org/wiki/Q48781557,NULL,NULL,NULL,NULL
22.115,37.342,"Karnion (river)","Arcadia Bk8","Arcadia Bk8",['potamos'],['8.34.5'],NULL,https://pleiades.stoa.org/places/570332,NULL,https://wikidata.org/wiki/Q15145507,NULL,NULL,NULL,NULL
22.262624,37.766264,"Menelais, large, handsome plane tree at spring near Kaphyai","Arcadia Bk8","Menelais spring a little above Kaphyai",['platanos'],"['8.23.4','8.23.5']","Menelais spring a little above Kaphyai",NULL,NULL,NULL,https://resource.manto.unh.edu/10526308,NULL,NULL,NULL
21.97,37.5,Kelados,"Arcadia Bk8",Theisoaia,['potamos'],['8.38.9'],Theisoaia,https://pleiades.stoa.org/places/573279,NULL,NULL,NULL,NULL,NULL,NULL
22.88807,37.93277,Lechaion,"Corinthia Bk2","Corinthia Bk2",['limen'],"['10.37.3','2.1.5','2.2.3','2.3.2','2.3.4','7.6.7','8.1.2','9.14.6','9.15.4']",NULL,https://pleiades.stoa.org/places/570420,NULL,https://wikidata.org/wiki/Q1811299,NULL,NULL,NULL,NULL
21.863791,37.613569,"Heraia (Arcadia)","Arcadia Bk8","Arcadia Bk8",['polis'],"['3.8.7','3.8.8','5.7.1','6.17.4','8.25.12','8.26.1','8.26.2','8.26.3','8.26.5','8.26.8','8.27.17','8.3.4']",NULL,https://pleiades.stoa.org/places/570287,NULL,https://wikidata.org/wiki/Q3562285,NULL,Heraea,NULL,NULL
22.1932,37.4326,Paliskios,"Arcadia Bk8","road Megalopolis to Mainalos",['topos'],['8.36.7'],NULL,https://pleiades.stoa.org/places/573424,NULL,https://wikidata.org/wiki/Q112336192,NULL,NULL,NULL,NULL
21.918,37.582,"Melaineai (Arkadia)","Arcadia Bk8","road Heraia to Megalopolis",['settlement'],"['5.7.1','8.26.8','8.3.3']",NULL,https://pleiades.stoa.org/places/573363,https://topostext.org/place/376219UMel,https://wikidata.org/wiki/Q11936409,NULL,NULL,NULL,NULL
22.45,37.625,"Plain below Argon Pedion","Arcadia Bk8","Argon Pedion",['pedion'],['8.8.1'],"Argon Pedion",NULL,NULL,NULL,NULL,NULL,NULL,NULL
21.8683,37.3966,"Lymax-Neda confluence","Arcadia Bk8","Arcadia Bk8",['confluence'],['8.41.4'],NULL,NULL,NULL,NULL,NULL,NULL,NULL,NULL
23.72641,37.97209,"Zeus Hypatos altar, Athens","Athenai Bk1","Athenai Bk1",['bomos'],"['1.26.5','8.2.3']",NULL,NULL,https://topostext.org/binder/JB3005,NULL,NULL,NULL,NULL,NULL
22.3,37.5,Kalliai/Kallia,"Arcadia Bk8",Tripolis,"['kome','settlement']","['8.27.4','8.27.7']",Tripolis,https://pleiades.stoa.org/places/573270,NULL,https://wikidata.org/wiki/Q48781569,NULL,NULL,NULL,NULL
22.2579,37.7644,"Ravine outside Orchomenos","Arcadia Bk8","Arcadia Bk8",['charadra'],['8.23.2'],NULL,NULL,NULL,NULL,NULL,NULL,NULL,NULL
22.041285,37.597441,"Sanctuary of Aphrodite at Teuthis","Arcadia Bk8",Teuthis,['hieron'],['8.28.6'],Teuthis,NULL,NULL,https://wikidata.org/wiki/Q134036925,NULL,NULL,NULL,NULL
21.8683,37.3966,"Sanctuary of Eurynome at confluence of Lymax and Neda rivers","Arcadia Bk8","Lymax-Neda confluence",['hieron'],['8.41.4'],"Lymax-Neda confluence",NULL,NULL,https://wikidata.org/wiki/Q134036861,https://resource.manto.unh.edu/10769882,NULL,NULL,NULL
17.11536173,36.58019793,"Internum Mare",NULL,"Roman empire",['thalassa'],"['4.35.9','8.24.12']",NULL,https://pleiades.stoa.org/places/1043,NULL,https://wikidata.org/wiki/Q4918,NULL,"Mediterranean Sea",NULL,NULL
21.9195,37.1779,"Messene (Messenia)","Messenia Bk4","Messenia Bk4",['polis'],"['1.25.4','2.20.5','3.1.5','3.3.2','4.1.3','4.1.4','4.12.5','4.12.6','4.16.1','4.16.8','4.20.1','4.20.4','4.21.10','4.21.2','4.22.7','4.23.5','4.23.6','4.26.3','4.26.7','4.27.4','4.27.5','4.27.7','4.28.1','4.29.1','4.29.10','4.29.11','4.29.12','4.29.2','4.29.4','4.29.8','4.3.8','4.31.11','4.31.4','4.31.5','4.32.2','4.34.1','4.4.3','4.6.3','4.6.5','4.9.6','6.2.11','6.3.13','6.4.3','8.34.1','8.35.1','8.49.4','8.5.10','8.5.7','8.50.5','8.51.6','8.51.8','8.52.4','9.14.5','9.15.6']",NULL,https://pleiades.stoa.org/places/570479,https://topostext.org/place/372219PMes,https://wikidata.org/wiki/Q1022117,NULL,NULL,NULL,NULL
34.7425505,43.0786852,"Pontus Euxinus","Asia (continent)","Asia (continent)",['chora'],"['1.20.4','10.34.4','3.19.11','5.26.7','8.27.6']",NULL,https://pleiades.stoa.org/places/1224,NULL,https://wikidata.org/wiki/Q621672,NULL,NULL,NULL,NULL
27.256115000000005,37.384829,"Didyma Apollo sanctuary","Asia Minor (Asia)","Ionia (region)","['hieron','settlement']","['1.16.3','2.10.5','5.13.11','5.7.5','7.2.6','7.5.4','8.46.3','9.10.2']",NULL,https://pleiades.stoa.org/places/599593,NULL,https://wikidata.org/wiki/Q671358,NULL,Branchidai,NULL,NULL
15.292958,37.057294,"Arethusae spring in Ortygia, Syracuse","Sicilia (island)",Syracusae/Syrakousai,['pege'],"['5.7.2','5.7.3','7.24.3','8.54.3']",NULL,https://pleiades.stoa.org/places/462101,https://topostext.org/place/371153WAre,https://wikidata.org/wiki/Q3747483,NULL,NULL,NULL,NULL
22.493,37.3346,Symbola,"Arcadia Bk8","Alpheios river (Eleia)",['chorion'],"['8.54.1','8.54.2']",NULL,https://pleiades.stoa.org/places/573539,NULL,NULL,NULL,NULL,NULL,NULL
22.093167,37.332507,Kromitis,"Arcadia Bk8",Aigytis,['chora'],"['8.34.5','8.34.6']",Kromoi,https://pleiades.stoa.org/places/573310,NULL,NULL,NULL,NULL,NULL,NULL
22.2522179,37.839724,"Oryxis (mountain)","Arcadia Bk8","Arcadia Bk8",['oros'],['8.14.1'],NULL,https://pleiades.stoa.org/places/570540,NULL,https://wikidata.org/wiki/Q27044139,NULL,Oryx,NULL,NULL
22.50151,38.48254,"Sanctuary of Pythian Apollo at Delphi","Phokis Bk10","Delphi (polis)",['hieron'],"['1.11.1','1.20.7','1.22.8','1.26.3','1.3.4','1.37.6','1.4.4','1.41.1','1.43.3','1.43.7','1.43.8','1.9.3','10.1.1','10.1.10','10.1.4','10.10.2','10.11.1','10.11.2','10.12.5','10.13.1','10.13.10','10.13.6','10.13.8','10.14.5','10.15.5','10.15.6','10.16.5','10.16.7','10.16.8','10.17.2','10.18.1','10.18.2','10.18.5','10.18.7','10.19.3','10.19.5','10.2.2','10.2.3','10.22.12','10.23.1','10.23.11','10.23.2','10.23.3','10.24.1','10.24.5','10.3.3','10.3.4','10.32.1','10.33.3','10.34.1','10.34.2','10.35.8','10.36.3','10.36.6','10.5.5','10.5.7','10.6.5','10.6.6','10.7.1','10.7.3','10.8.1','10.8.2','10.8.3','10.8.6','10.9.1','10.9.12','10.9.2','10.9.4','10.9.6','2.22.8','2.24.1','2.26.7','2.29.7','2.33.2','3.1.6','3.10.3','3.10.4','3.11.8','3.13.8','3.17.1','3.17.9','3.19.12','3.3.6','3.4.3','3.4.4','3.8.10','3.8.2','3.8.9','4.12.1','4.12.7','4.12.8','4.15.6','4.16.6','4.17.4','4.20.1','4.24.1','4.32.3','4.32.5','4.34.9','4.5.4','4.9.3','5.13.5','5.18.8','5.21.5','5.21.7','5.27.1','5.27.10','5.27.9','5.3.1','5.4.3','5.4.6','5.7.3','6.1.8','6.11.5','6.11.7','6.12.8','6.13.8','6.14.5','6.15.1','6.15.3','6.15.6','6.16.4','6.17.2','6.19.1','6.2.2','6.3.11','6.3.4','6.3.8','6.4.11','6.4.2','6.4.5','6.4.6','6.7.10','6.8.1','6.8.6','6.9.7','7.17.13','7.17.6','7.19.4','7.19.6','7.19.7','7.2.1','7.24.4','7.3.1','8.10.9','8.11.10','8.15.1','8.23.1','8.24.10','8.24.14','8.24.8','8.27.9','8.36.8','8.37.1','8.39.4','8.48.2','8.5.4','8.53.3','8.7.6','8.9.3','9.12.1','9.14.2','9.25.1','9.26.3','9.33.1','9.33.4','9.36.2','9.37.4','9.37.5','9.38.5','9.40.1','9.41.2','9.5.10','9.7.5']",NULL,https://pleiades.stoa.org/places/540726,https://topostext.org/place/385225SDel,https://wikidata.org/wiki/Q125925203,NULL,Pytho,NULL,NULL
22.562341,36.763663,Gythion,"Lakonia Bk3","Lakonia Bk3","['limen','polis']","['1.27.5','2.21.8','3.21.4','3.21.5','3.21.6','3.21.7','3.22.1','3.22.3','3.24.6','8.50.8']",NULL,https://pleiades.stoa.org/places/570268,NULL,https://wikidata.org/wiki/Q56398303,NULL,"Gytheion Gythium",NULL,NULL
31.2313,30.091800000000003,"Nilus (river)","Libya (Africa)","Egypt (region)",['potamos'],"['1.33.4','1.33.6','1.42.3','1.6.6','1.7.2','10.32.18','2.5.3','4.34.2','4.34.3','5.14.3','5.21.9','5.7.4','6.26.9','8.24.12','8.9.7','9.40.6']",NULL,https://pleiades.stoa.org/places/727172,NULL,https://wikidata.org/wiki/Q3392,NULL,NULL,NULL,NULL
22.05,37.39,"Akakesion hill above Akakesion polis","Arcadia Bk8","Akakesion (Arkadia)",['lophos'],['8.36.9'],NULL,https://pleiades.stoa.org/places/573060,NULL,NULL,NULL,NULL,NULL,NULL
22.51475,37.6199,"Temple of Artemis at Mt. Artemision","Arcadia Bk8","Artemision (mountain)",['naos'],['8.6.6'],"Artemision (mountain)",NULL,NULL,NULL,NULL,NULL,NULL,NULL
22.51475,37.6199,"Artemision (mountain)","Argolid Bk2","Argolid Bk2",['oros'],"['2.25.3','8.6.6','8.7.1']",NULL,https://pleiades.stoa.org/places/570121,NULL,https://wikidata.org/wiki/Q25105451,NULL,NULL,NULL,NULL
22.988,36.547,"Aphroditia (Lakonia)","Lakonia Bk3","Lakonia Bk3",['settlement'],"['3.22.11','8.12.8']",NULL,https://pleiades.stoa.org/places/573101,https://topostext.org/place/365230UAph,https://wikidata.org/wiki/Q15223793,NULL,"Aphrodisias Laconia",NULL,NULL
22.4237,37.0821,"city walls of Sparta","Lakonia Bk3",Sparta,['teichos'],"['3.12.8','3.15.3','8.51.3']",Sparta,NULL,NULL,NULL,NULL,NULL,NULL,NULL
23.7257,37.9717,"Athenian Acropolis (Athens)","Athenai Bk1","Athenai Bk1","['acropolis','hieron','teichos']","['1.18.2','1.21.3','1.21.4','1.22.1','1.22.4','1.22.8','1.23.7','1.24.1','1.24.3','1.25.1','1.25.7','1.25.8','1.26.3','1.26.6','1.27.10','1.27.3','1.27.8','1.28.3','1.30.1','1.5.4','4.36.6','5.11.10','5.21.1','6.8.6','7.25.3','7.27.2','8.10.4','8.23.5','9.35.3','9.35.7','9.4.1']",NULL,https://pleiades.stoa.org/places/638356144,https://topostext.org/place/380237SAkr,https://wikidata.org/wiki/Q131013,NULL,"Acropolis of Athens",NULL,NULL
22.40816,37.60256,"New temple of Poseidon Hippios built around the old hieron","Arcadia Bk8","Sanctuary of Poseidon Hippios near Mantineia",['naos'],['8.10.2'],"Sanctuary of Poseidon Hippios near Mantineia",NULL,NULL,NULL,NULL,NULL,NULL,NULL
22.3933,37.6181,"Gymnasium of Mantineia","Arcadia Bk8","Mantineia (Arkadia)",['gymnasion'],['8.9.8'],"Mantineia (Arkadia)",NULL,NULL,NULL,NULL,NULL,NULL,NULL
22.3933,37.6181,"Ruins of ancient Mantineia, on mountain on Mantineia-Orchomenos road","Arcadia Bk8","Mantineia (Arkadia)",['ereipia'],['8.12.7'],"Mantineia (Arkadia)",NULL,NULL,NULL,NULL,NULL,NULL,NULL
22.31536,37.724716,"Spring at Orchomenos still in use","Arcadia Bk8","Orchomenos (Arcadia)",['pege'],['8.13.2'],"Orchomenos (Arcadia)",NULL,NULL,NULL,NULL,NULL,NULL,NULL
22.1099,38.030042,"plane tree above Alyssus spring near Kynaitha","Arcadia Bk8","Alysson spring of cold water 2 stadia from Kynaitha",['platanos'],['8.19.2'],"Alysson spring of cold water 2 stadia from Kynaitha",NULL,NULL,NULL,NULL,NULL,NULL,NULL
22.4295,37.46475,"Agora of Tegea","Arcadia Bk8","Tegea (Arkadia)",['agora'],['8.48.4'],NULL,NULL,NULL,https://wikidata.org/wiki/Q133963444,NULL,NULL,NULL,NULL
21.9912,37.7685,Halous,"Arcadia Bk8","Arcadia Bk8",['settlement'],['8.25.2'],NULL,https://pleiades.stoa.org/places/570277,NULL,https://wikidata.org/wiki/Q7105324,NULL,Oryx,NULL,NULL
22.15,37.45,Akontion,"Arcadia Bk8",Parrasia,['settlement'],['8.27.4'],Parrasia,https://pleiades.stoa.org/places/573066,NULL,https://wikidata.org/wiki/Q39081791,NULL,NULL,NULL,NULL
24.0002,38.144,"Marathon battlefield (Attica)","Attica Bk1","Marathon deme",['battlefield'],"['1.14.5','1.29.4','1.32.3','1.32.4','1.32.6','1.32.7','1.33.2','10.10.1','10.11.5','10.19.4','10.20.2','3.4.7','8.10.9']",NULL,NULL,https://topostext.org/place/381241LMaB,https://wikidata.org/wiki/Q31900,NULL,NULL,NULL,NULL
21.963136,37.43148,"Sanctuary of Pan Nomios at Melpeia, in the Nomian mountains","Arcadia Bk8",Melpeia,['hieron'],['8.38.11'],Melpeia,NULL,NULL,https://wikidata.org/wiki/Q134036900,https://resource.manto.unh.edu/10769879,NULL,NULL,NULL
22.3289,37.4526,"Ancient acropolis of Pallantion","Arcadia Bk8","Pallantion (Arkadia)","['acropolis','lophos']",['8.44.5'],NULL,NULL,NULL,https://wikidata.org/wiki/Q133963408,NULL,NULL,NULL,NULL
22.3933,37.6181,"Double temple of Asklepios and Leto and her children at Mantineia","Arcadia Bk8","Mantineia (Arkadia)",['naos'],['8.9.1'],"Mantineia (Arkadia)",NULL,NULL,NULL,NULL,NULL,NULL,NULL
21.97,37.5,Nous,"Arcadia Bk8",Theisoaia,['potamos'],['8.38.9'],Theisoaia,https://pleiades.stoa.org/places/573391,NULL,NULL,NULL,NULL,NULL,NULL
22.1273,37.4124,"Sanctuary built for Hermes, Apollo, et al in Peribolos of Great Goddesses, Megalopolis","Arcadia Bk8","Megalopolis (Arkadia)",['hieron'],['8.31.7'],"Megalopolis (Arkadia)",NULL,NULL,https://wikidata.org/wiki/Q134037029,NULL,NULL,NULL,NULL
22.0722,37.8653,"Temple of Athena Koria on summit 30 stades from Kleitor","Arcadia Bk8","Summit of mountain 30 stades from Kleitor, likely Ag. Athanasios hill (1050m)",['naos'],['8.21.4'],NULL,NULL,https://topostext.org/place/379221SAtK,NULL,NULL,NULL,NULL,NULL
21.842,37.4075,"city walls of Phigaleia","Arcadia Bk8",Phigaleia,['teichos'],['8.39.5'],Phigaleia,NULL,NULL,NULL,NULL,NULL,NULL,NULL
22.393,37.633,Ptolis,"Arcadia Bk8","Mantineia (Arkadia)",['polis'],"['8.12.7','8.8.4']",NULL,https://pleiades.stoa.org/places/573488,NULL,https://wikidata.org/wiki/Q60791931,NULL,NULL,NULL,NULL
22.444,37.3308,"Karyai (Arkadia)","Arcadia Bk8","Arcadia Bk8",['chorion'],"['8.13.6','8.14.1']",NULL,https://pleiades.stoa.org/places/573275,https://topostext.org/place/373225UKar,https://wikidata.org/wiki/Q59148716,NULL,NULL,NULL,NULL
22.0959,37.8914,"river-crossing of the Kleitor, near Kleitoria","Arcadia Bk8",Kleitor,['diabese'],['8.21.1'],Kleitor,NULL,NULL,NULL,NULL,NULL,NULL,NULL
21.4517,37.6125,"Temple of the Mother of the Gods near Alpheios springs","Arcadia Bk8","Arcadia Bk8",['naos'],['8.44.3'],NULL,NULL,NULL,NULL,NULL,NULL,NULL,NULL
21.9725313,37.4563114,"Grove around Sanctuary of Pan on Mt. Lykaion","Arcadia Bk8","Lykaion (mountain)",['alsos'],['8.38.5'],"Lykaion (mountain)",NULL,NULL,NULL,NULL,NULL,NULL,NULL
22.1273,37.4124,"ruined temple of Dionysos at far end of stadium in Megalopolis","Arcadia Bk8","Megalopolis (Arkadia)",['naos'],['8.32.3'],"Megalopolis (Arkadia)",NULL,NULL,NULL,NULL,NULL,NULL,NULL
7.5,52.49999999999999,"Germania (Europe)",Europe,Europe,"['major region']",['8.43.6'],NULL,https://pleiades.stoa.org/places/20468,NULL,https://wikidata.org/wiki/Q62646,NULL,NULL,NULL,NULL
22.1273,37.4124,"Megalopolis (Arkadia)","Arcadia Bk8","Arcadia Bk8",['polis'],"['2.7.4','4.29.7','4.33.3','5.7.1','6.12.8','7.12.3','7.16.4','7.16.6','7.6.8','7.7.4','7.9.4','8.12.2','8.26.5','8.26.8','8.27.1','8.27.11','8.27.13','8.27.14','8.27.15','8.27.5','8.27.8','8.28.7','8.30.1','8.30.2','8.30.3','8.30.7','8.33.1','8.34.1','8.35.1','8.35.3','8.35.5','8.38.3','8.44.1','8.44.4','8.49.2','8.49.4','8.49.7','8.50.4','8.51.8','8.52.4','9.14.4','9.7.1']",NULL,https://pleiades.stoa.org/places/570467,https://topostext.org/place/374221PMeg,https://wikidata.org/wiki/Q36024972,NULL,NULL,NULL,NULL
22.43409,37.65988,"Alesion (mountain)","Arcadia Bk8","Arcadia Bk8",['oros'],"['8.10.1','8.10.2','9.14.3']",NULL,https://pleiades.stoa.org/places/570064,https://topostext.org/place/378223LAle,https://wikidata.org/wiki/Q25094274,NULL,NULL,NULL,NULL
22.456205,37.757857,"Temple of Dionysos at Alea","Arcadia Bk8",Alea,['naos'],['8.23.1'],Alea,NULL,NULL,NULL,NULL,NULL,NULL,NULL
22.1273,37.4124,"Gymnasium just west of Agora of Megalopolis","Arcadia Bk8","Megalopolis (Arkadia)",['gymnasion'],['8.31.8'],"Megalopolis (Arkadia)",NULL,NULL,NULL,NULL,NULL,NULL,NULL
22.307,37.9117,"Temple of Demeter Thesmia near Pheneos","Arcadia Bk8",Pheneos,['naos'],['8.15.4'],Pheneos,NULL,NULL,NULL,NULL,NULL,NULL,NULL
22.3,37.5,Skyros,"Arcadia Bk8","Arcadia Bk8",['potamos'],['8.35.1'],"Arcadia Bk8",https://pleiades.stoa.org/places/573527,NULL,NULL,NULL,NULL,NULL,NULL
22.25,37.75,"Ophis (river)","Arcadia Bk8","Arcadia Bk8",['potamos'],"['8.8.4','8.8.7']",NULL,https://pleiades.stoa.org/places/570534,NULL,https://wikidata.org/wiki/Q106042343,NULL,NULL,NULL,NULL
-6.5,52.49999999999999,Brigantes,Europe,"Britannia/Albion (island)",['chora'],['8.43.4'],NULL,https://pleiades.stoa.org/places/79354,NULL,https://wikidata.org/wiki/Q500393,NULL,NULL,NULL,NULL
22.068131,37.444881,"Sanctuary of Eleusinian Demeter at Basilis","Arcadia Bk8",Basilis,['hieron'],['8.29.5'],Basilis,NULL,NULL,https://wikidata.org/wiki/Q134036937,NULL,NULL,NULL,NULL
22.45,37.625,"Swallow-hole in the Argon Pedion below Nestane","Arcadia Bk8","Argon Pedion",['barathron'],['8.7.1'],"Argon Pedion",NULL,NULL,NULL,NULL,NULL,NULL,NULL
22.19903,37.98841,"Cave in Aroania Mt.","Arcadia Bk8","Aroania (mountain)",['spelaion'],['8.18.7'],"Aroania (mountain)",NULL,NULL,NULL,NULL,NULL,NULL,NULL
12.547642999999999,42.072946,"Tiberis/Tiber (river)","Italia (Europe)","Italia (Europe)",['potamos'],['8.43.2'],NULL,https://pleiades.stoa.org/places/423080,NULL,https://wikidata.org/wiki/Q13712,NULL,NULL,NULL,NULL
22.03143,37.38957,"Temple in sanctuary of Pan at Lykosoura","Arcadia Bk8","Sanctuary of Pan above Despoina sanctuary, Lykosoura",['naos'],['8.37.12'],"Sanctuary of Pan above Despoina sanctuary, Lykosoura",NULL,NULL,NULL,NULL,"Aphrodite temple at Lykosoura",NULL,NULL
22.0959,37.8914,Kleitor,"Arcadia Bk8","Arcadia Bk8",['polis'],"['10.9.9','5.7.1','6.8.5','6.9.2','8.17.6','8.19.4','8.21.3','8.21.4','8.25.2','8.4.5']",NULL,https://pleiades.stoa.org/places/570359,https://topostext.org/place/379221PKle,https://wikidata.org/wiki/Q2537130,NULL,Cleitor,NULL,NULL
16.85395764,39.07471639,Bruttii,"Italia (Europe)","Italia (Europe)",['chora'],['8.15.9'],NULL,https://pleiades.stoa.org/places/452275,NULL,https://wikidata.org/wiki/Q994847,NULL,NULL,NULL,NULL
22.3933,37.6181,"Temple of Antinous at Mantineia, newest","Arcadia Bk8","Mantineia (Arkadia)",['naos'],['8.9.7'],"Mantineia (Arkadia)",NULL,NULL,NULL,NULL,NULL,NULL,NULL
33.90294,35.17926,Salamis/Konstantia,"Cyprus (island)","Cyprus (island)",['polis'],"['10.24.3','8.15.7']",NULL,https://pleiades.stoa.org/places/707617,NULL,https://wikidata.org/wiki/Q767089,NULL,NULL,NULL,NULL
22.1273,37.414,"Temple of Hermes Akakêsios in agora of Megalopolis","Arcadia Bk8","Agora of Megalopolis",['naos'],['8.30.6'],"Agora of Megalopolis",NULL,NULL,NULL,NULL,NULL,NULL,NULL
22.283,37.405,"Acropolis of Asea with wall traces on hill","Arcadia Bk8","Asea (Arkadia)",['acropolis'],['8.44.3'],NULL,NULL,NULL,NULL,NULL,NULL,NULL,NULL
22.15,37.45,Prosenses/Proseis,"Arcadia Bk8",Parrasia,['chora'],['8.27.4'],Parrasia,https://pleiades.stoa.org/places/573484,NULL,https://wikidata.org/wiki/Q48781562,NULL,NULL,NULL,NULL
21.4517,37.6125,"Malous river crossing","Arcadia Bk8","Arcadia Bk8",['diabese'],['8.35.1'],NULL,NULL,NULL,NULL,NULL,NULL,NULL,NULL
22.041285,37.597441,"Sanctuary of Artemis at Teuthis","Arcadia Bk8",Teuthis,['hieron'],['8.28.6'],Teuthis,NULL,NULL,https://wikidata.org/wiki/Q134036928,NULL,NULL,NULL,NULL
23.3484,37.5033,"Antheia of Troizenia","Troizenia Bk2","Troizen (Troizenia)",['polis'],"['1.22.2','1.25.4','1.27.7','1.8.2','10.5.6','2.1.4','2.30.5','2.30.6','2.30.8','2.30.9','2.31.4','2.31.9','2.32.2','2.32.6','2.32.8','2.33.1','2.34.1','2.34.12','2.34.4','2.34.6','5.23.2','8.1.1']","Troizen (Troizenia)",https://pleiades.stoa.org/places/570756,NULL,https://wikidata.org/wiki/Q60790607,NULL,NULL,NULL,NULL
22.249,37.996,"Sanctuary of Artemis Pyronia on Mt. Krathis","Arcadia Bk8","Krathis Mt. (Achaia)",['hieron'],['8.15.9'],"Krathis Mt. (Achaia)",NULL,NULL,https://wikidata.org/wiki/Q134037091,NULL,NULL,NULL,NULL
36.7,36,"Syria (Asia)","Asia (continent)","Asia (continent)","['major region']","['1.20.7','1.25.8','1.42.3','1.5.5','1.6.4','1.6.8','6.2.7','8.23.5','8.29.3','8.29.4','8.43.4','8.51.4']",NULL,https://pleiades.stoa.org/places/1306,NULL,https://wikidata.org/wiki/Q13415123,NULL,NULL,NULL,NULL
22.429,37.464,"Temple of Apollo at Tegea, with gilt agalma","Arcadia Bk8","Tegea (Arkadia)",['naos'],['8.53.7'],"Tegea (Arkadia)",NULL,NULL,NULL,NULL,NULL,NULL,NULL
22.030087,37.389509,"Lykosoura polis","Arcadia Bk8",Parrasia,['polis'],"['8.10.10','8.2.1','8.38.1','8.38.11','8.39.1','8.4.5']",NULL,https://pleiades.stoa.org/places/570444,NULL,https://wikidata.org/wiki/Q1878714,NULL,Lycosura,NULL,NULL
21.798,37.599,"Tomb of Coroebus, Eleian border with Heraia","Eleia Bk5 Bk6","road Heraea to Elis border","['horos','mnema']","['6.21.3','8.26.3','8.26.4']",NULL,NULL,NULL,NULL,https://resource.manto.unh.edu/10268842,NULL,NULL,NULL
22.1273,37.4124,"Stadium beyond Aphrodite sanctuary, near theater of Megalopolis","Arcadia Bk8","Megalopolis (Arkadia)",['stadion'],['8.32.3'],"Megalopolis (Arkadia)",NULL,NULL,NULL,NULL,NULL,NULL,NULL
22.9,37.67,"Argolid Bk2",NULL,Peloponnesos,['chora'],"['10.10.4','10.15.1','10.18.5','2.1.1','2.15.4','2.15.5','2.16.2','2.18.4','2.18.7','2.20.1','2.24.7','2.25.5','2.26.1','2.28.2','2.29.5','2.35.4','2.36.4','2.38.4','2.38.7','2.7.1','3.2.2','3.23.6','3.4.1','3.5.8','3.5.9','3.7.3','3.7.4','4.11.8','4.29.2','4.34.10','4.34.12','4.35.2','5.10.9','5.23.2','6.20.7','7.25.5','7.26.12','8.1.1','8.1.2','8.22.1','8.22.3','8.27.1','8.3.3','8.33.3','8.4.6','8.54.7','8.6.4','8.6.6','8.7.2']",NULL,https://pleiades.stoa.org/places/570104,https://topostext.org/place/374229RArg,https://wikidata.org/wiki/Q12649101,NULL,"Argolis region",NULL,NULL
22.1295,37.8879,"Kleitor (river)","Arcadia Bk8","Arcadia Bk8",['potamos'],['8.21.1'],NULL,https://pleiades.stoa.org/places/570360,NULL,https://wikidata.org/wiki/Q26985005,NULL,NULL,NULL,NULL
22.4203,37.4555,"Earth stadium near Temple of Athena Alea, Tegea","Arcadia Bk8","Athena Alea sanctuary near Tegea","['choma ges','stadion']",['8.47.4'],"Athena Alea sanctuary near Tegea",NULL,NULL,NULL,NULL,NULL,NULL,NULL
22.03143,37.38957,"Megaron up and to the right from temple of Despoina at Lykosoura","Arcadia Bk8","Sanctuary of Despoina at Lykosoura",['megaron'],['8.37.8'],"Sanctuary of Despoina at Lykosoura",NULL,NULL,NULL,NULL,NULL,NULL,NULL
36.4825754,35.2728339,"Orontes (river)","Asia (continent)","Syria (Asia)",['potamos'],"['10.20.5','6.2.7','8.20.2','8.29.3','8.33.3']",NULL,https://pleiades.stoa.org/places/658560,NULL,https://wikidata.org/wiki/Q188871,NULL,NULL,NULL,NULL
22.1273,37.4124,"Temple of Artemis Agrotera at Megalopolis","Arcadia Bk8","Hill east of stadium of Megalopolis with Agrotera temple",['naos'],['8.32.4'],"Hill east of stadium of Megalopolis with Agrotera temple",NULL,NULL,NULL,NULL,NULL,NULL,NULL
27.2774885,37.5292362,Miletus,"Asia Minor (Asia)","Ionia (region)",['polis'],"['1.35.6','10.33.2','2.5.3','5.1.5','7.2.11','7.2.4','7.2.5','7.24.5','7.5.10','7.5.4','8.24.11']",NULL,https://pleiades.stoa.org/places/599799,NULL,https://wikidata.org/wiki/Q169460,NULL,NULL,NULL,NULL
22.1946,37.4323,"torrent-bed crossing near Peraetheis, of Elaphos?","Arcadia Bk8","Arcadia Bk8",['diabese'],['8.36.7'],NULL,NULL,NULL,NULL,NULL,NULL,NULL,NULL
22.0607,37.4563,"Trapezous (Arkadia)","Arcadia Bk8",Parrasia,['polis'],"['8.29.1','8.3.3','8.31.5','8.5.4']",NULL,https://pleiades.stoa.org/places/570746,https://topostext.org/place/375221PTra,https://wikidata.org/wiki/Q7835586,NULL,NULL,NULL,NULL
18.8746442,30.094815099999998,"Tritonis? L.","Libya (Africa)","Libya (Africa)",['limne'],"['2.21.5','2.21.6','8.26.6','9.33.7']",NULL,https://pleiades.stoa.org/places/364025,NULL,NULL,NULL,NULL,NULL,NULL
22.042889,37.483688,Brenthe,"Arcadia Bk8","road Gortys to Megalopolis",['polis'],['8.28.7'],NULL,https://pleiades.stoa.org/places/570168,NULL,https://wikidata.org/wiki/Q12874732,NULL,NULL,NULL,NULL
22.3289,37.4526,"Sanctuary of Katharoi Theoi at Pallantion","Arcadia Bk8","Ancient acropolis of Pallantion",['hieron'],['8.44.5'],"Ancient acropolis of Pallantion",NULL,NULL,https://wikidata.org/wiki/Q134037124,NULL,NULL,NULL,NULL
22.171428,37.288997,Phalaisiai,"Arcadia Bk8","Arcadia Bk8",['settlement'],['8.35.3'],NULL,https://pleiades.stoa.org/places/570587,NULL,https://wikidata.org/wiki/Q60791911,NULL,NULL,NULL,NULL
22.24,37.448,"Mainalion Pedion","Arcadia Bk8",Mainalia,['pedion'],['8.36.7'],NULL,https://pleiades.stoa.org/places/570450,NULL,NULL,NULL,NULL,NULL,NULL
21.90262,37.44921,Bassai,"Arcadia Bk8","Kotilion (mountain)",['chorion'],"['8.30.4','8.41.7']","Kotilion (mountain)",NULL,NULL,https://wikidata.org/wiki/Q464923,NULL,Bassae,NULL,NULL
22.2503,37.4217,"Athena-Poseidon temple on Mt. Boreion, Arcadia","Arcadia Bk8","Boreion (mountain)",['hieron'],['8.44.4'],NULL,NULL,https://topostext.org/place/374223SAth,https://wikidata.org/wiki/Q111082690,https://resource.manto.unh.edu/10217900,NULL,NULL,NULL
22.323,37.932,"Sanctuary of Apollo Pythios near Pheneus","Arcadia Bk8","road Pheneos toward Pellene and Aigeira",['hieron'],"['8.15.5','8.15.6']",NULL,NULL,NULL,https://wikidata.org/wiki/Q134037120,https://resource.manto.unh.edu/10185273,NULL,NULL,NULL
22.1273,37.414,"Myropolis stoa in agora of Megalopolis, built from Spartan spoils","Arcadia Bk8","Agora of Megalopolis",['stoa'],['8.30.7'],"Agora of Megalopolis",NULL,NULL,NULL,NULL,NULL,NULL,NULL
21.863791,37.613569,"Temple of Pan at Heraia","Arcadia Bk8","Heraia (Arcadia)",['naos'],['8.26.2'],"Heraia (Arcadia)",NULL,NULL,NULL,NULL,NULL,NULL,NULL
23.72641,37.97209,"Poseidon spring on the Akropolis, Athens","Athenai Bk1","Athenian Acropolis (Athens)",['pege'],"['1.26.5','8.10.4']",NULL,NULL,https://topostext.org/binder/JB2510,NULL,https://resource.manto.unh.edu/9619251,NULL,NULL,NULL
22.1844,37.8378,Lykouria,"Arcadia Bk8","Arcadia Bk8","['chorion','horos']","['8.19.4','8.20.1']",NULL,https://pleiades.stoa.org/places/570445,NULL,https://wikidata.org/wiki/Q107521119,NULL,NULL,NULL,NULL
22.4677283,37.8502198,"Lake Stymphalia","Arcadia Bk8","Plain of Stymphalus",['limne'],"['2.3.5','8.22.3','8.22.4']",NULL,https://pleiades.stoa.org/places/324369908,NULL,https://wikidata.org/wiki/Q1251026,NULL,NULL,NULL,NULL
23.594,38.4361,Aulis,"Boiotia Bk9","Boiotia Bk9","['limen','settlement']","['1.35.3','10.26.3','3.9.10','3.9.3','3.9.4','8.28.4','8.28.5','9.19.6','9.19.7','9.19.8']",NULL,https://pleiades.stoa.org/places/579889,https://topostext.org/place/384236UAul,https://wikidata.org/wiki/Q2612265,NULL,"harbor on Boeotia-Chalkis border",NULL,NULL
21.864,37.532,Alipheira,"Arcadia Bk8",Kynouriake,"['polis','polisma']","['8.26.5','8.27.4','8.3.4']",NULL,https://pleiades.stoa.org/places/570065,NULL,https://wikidata.org/wiki/Q38281053,NULL,NULL,NULL,NULL
23.3178,38.3209,"Cadmeia of Thebes","Boiotia Bk9","Thebes (Boeotia)","['acropolis','settlement']","['2.5.2','2.6.4','3.17.1','8.33.2','9.1.4','9.12.3','9.5.2','9.5.3','9.5.4','9.5.5','9.5.6','9.7.6']",NULL,https://pleiades.stoa.org/places/239936126,https://topostext.org/place/383233XCad,https://wikidata.org/wiki/Q1276854,NULL,NULL,NULL,NULL
22.394,37.634,"mountain in plain of Mantineia-Orchomenos road, site of Ptolis/Archaia Mantineia","Arcadia Bk8","Arcadia Bk8",['oros'],['8.12.7'],NULL,NULL,NULL,NULL,NULL,NULL,NULL,NULL
21.87,37.711,"Arsen (river)","Arcadia Bk8","road Psophis to Thelpousa",['potamos'],['8.25.1'],NULL,https://pleiades.stoa.org/places/570115,NULL,https://wikidata.org/wiki/Q25014828,NULL,NULL,NULL,NULL
22.2182,37.3874,"Aphrodision (Arkadia)","Arcadia Bk8","road Megalopolis to Pallantion and Tegea",['chorion'],['8.44.2'],NULL,https://pleiades.stoa.org/places/570093,https://topostext.org/place/374222UAph,https://wikidata.org/wiki/Q60791607,NULL,NULL,NULL,NULL
27.366012129999998,38.25857286,"Ionia (region)","Asia (continent)","Asia Minor (Asia)",['chora'],"['1.1.5','1.29.5','10.24.1','10.32.4','10.33.2','10.8.6','2.31.6','3.2.1','3.9.6','5.21.13','5.27.12','5.7.5','6.24.2','6.3.15','7.3.7','7.3.8','7.5.10','7.5.12','7.5.13','7.5.4','8.43.4','8.45.5','9.19.8','9.21.6','9.27.1','9.27.8','9.33.2','9.37.8']",NULL,https://pleiades.stoa.org/places/550597,NULL,https://wikidata.org/wiki/Q620874,NULL,NULL,NULL,NULL
22.721,37.41,Thyreatis,"Argolid Bk2","Argolid Bk2","['chora','settlement']","['10.9.12','2.29.5','2.38.5','2.38.7','3.7.5','8.3.3','8.54.4']",NULL,https://pleiades.stoa.org/places/570736,NULL,https://wikidata.org/wiki/Q3036391,NULL,Thyrea,NULL,NULL
22.429,37.464,"Eryma sanctuary of Athena Poliatis at Tegea","Arcadia Bk8","Tegea (Arkadia)",['hieron'],['8.47.5'],"Tegea (Arkadia)",NULL,NULL,https://wikidata.org/wiki/Q134037213,https://resource.manto.unh.edu/10769981,NULL,NULL,NULL
22.3,37.5,"Racetracks of Atalante near Schoinous","Arcadia Bk8","Arcadia Bk8",['dromos'],['8.35.10'],"Arcadia Bk8",NULL,NULL,NULL,NULL,NULL,NULL,NULL
22.02354,37.50335,"Springs of the Gortynios/Lousios river","Arcadia Bk8","Gortynios/Lousios river (Arkadia)",['pege'],"['8.28.2','8.28.3']",NULL,NULL,NULL,NULL,NULL,NULL,NULL,NULL
22.2156,37.3545,"Sanctuary of Artemis Hiereia at Oresthasion, only columns","Arcadia Bk8","Oresthasion (Arkadia)",['hieron'],['8.44.2'],"Oresthasion (Arkadia)",NULL,NULL,https://wikidata.org/wiki/Q134037077,NULL,NULL,NULL,NULL
22.378,37.463,"Leukônios fountain on Pallantion to Tegea road","Arcadia Bk8","road Megalopolis to Pallantion and Tegea",['pege'],['8.44.8'],NULL,NULL,NULL,NULL,https://resource.manto.unh.edu/10266911,NULL,NULL,NULL
22.217753,37.612883,Helisson,"Arcadia Bk8","Arcadia Bk8","['kome','polis']","['8.27.3','8.27.7','8.29.5','8.3.3','8.30.1','8.30.7','8.36.5']",NULL,https://pleiades.stoa.org/places/570282,NULL,https://wikidata.org/wiki/Q5706174,NULL,NULL,NULL,NULL
21.9,38.2,"Achaia Bk7",NULL,Peloponnesos,['chora'],"['2.18.8','2.5.6','3.2.1','5.1.1','5.24.4','5.9.1','6.26.10','7.1.1','7.1.3','7.1.4','7.27.12','7.7.2','8.1.2','8.15.8','8.27.14']",NULL,https://pleiades.stoa.org/places/570028,https://topostext.org/place/382219RAch,https://wikidata.org/wiki/Q2790451,NULL,Achaea,NULL,NULL
22.0273,37.834,Skotane,"Arcadia Bk8","Arcadia Bk8",['settlement'],['8.23.8'],NULL,https://pleiades.stoa.org/places/573525,NULL,https://wikidata.org/wiki/Q60791560,NULL,NULL,NULL,NULL
22.3933,37.6181,"Round altar on highway marking border Mantineia-Tegea","Arcadia Bk8","Arcadia Bk8",['horos'],['8.11.1'],NULL,NULL,NULL,NULL,NULL,NULL,NULL,NULL
22.2693,37.4845,"Mainalos Mt. (Arkadia)","Arcadia Bk8","Arcadia Bk8",['oros'],"['3.11.7','5.27.1','6.6.1','6.6.3','6.8.5','8.27.2','8.3.4','8.36.5','8.36.8','8.9.3']",NULL,https://pleiades.stoa.org/places/570449,https://topostext.org/place/377223LMai,https://wikidata.org/wiki/Q112302501,NULL,Mainaleon,NULL,NULL
22.036,37.396,"Plataniston (river)","Arcadia Bk8",Parrasia,['potamos'],['8.39.1'],NULL,https://pleiades.stoa.org/places/570617,NULL,https://wikidata.org/wiki/Q20108668,NULL,NULL,NULL,NULL
22.262624,37.766264,"Menelais spring a little above Kaphyai","Arcadia Bk8",Kaphyai,['pege'],['8.23.4'],Kaphyai,NULL,NULL,NULL,https://resource.manto.unh.edu/10214253,NULL,NULL,NULL
22.305,37.533,"Stadium for athletic events at Mainalos","Arcadia Bk8",Mainalos,['stadion'],['8.36.8'],Mainalos,NULL,NULL,NULL,NULL,NULL,NULL,NULL
22.3933,37.6181,"Altar of Hera at Mantineia","Arcadia Bk8","Mantineia (Arkadia)",['bomos'],['8.9.3'],"Mantineia (Arkadia)",NULL,NULL,NULL,NULL,NULL,NULL,NULL
21.864,37.532,"plain between Heraia and Aliphera, 10 stades wide","Arcadia Bk8","Arcadia Bk8",['pedion'],['8.26.5'],NULL,NULL,NULL,NULL,NULL,NULL,NULL,NULL
22.307,37.9117,"Ravine in which the Kaphyai-Pheneos road runs","Arcadia Bk8",Pheneos,['charadra'],['8.13.6'],Pheneos,NULL,NULL,NULL,NULL,NULL,NULL,NULL
22.1273,37.4124,"Oikema in peribolos of Great Goddesses in Megalopolis","Arcadia Bk8","Peribolos of Great Goddesses Demeter and Korê at Megalopolis",['oikema'],['8.31.7'],"Peribolos of Great Goddesses Demeter and Korê at Megalopolis",NULL,NULL,NULL,NULL,NULL,NULL,NULL
27.184167,39.1325,"Tomb of Auge in Pergamon, mound with krepis, bronze statue","Asia Minor (Asia)",Pergamum,"['choma ges','mnema']",['8.4.9'],Pergamum,NULL,NULL,NULL,https://resource.manto.unh.edu/10149875,NULL,NULL,NULL
22.262624,37.766264,"Lake in Orchomenian plain, by road to Kaphyai","Arcadia Bk8",Kaphyai,['limne'],['8.13.4'],Kaphyai,NULL,NULL,NULL,NULL,NULL,NULL,NULL
22.307,37.9117,"Sanctuary of Eleusinian Demeter at Pheneos","Arcadia Bk8",Pheneos,['hieron'],['8.15.1'],Pheneos,NULL,NULL,https://wikidata.org/wiki/Q134037109,NULL,NULL,NULL,NULL
22.1099,38.030042,"Alysson spring of cold water 2 stadia from Kynaitha","Arcadia Bk8",Kynaitha,['pege'],"['8.19.2','8.19.3']",Kynaitha,https://pleiades.stoa.org/places/573081,NULL,NULL,NULL,"Alyssos spring",NULL,NULL
22.082,37.81,Nasoi,"Arcadia Bk8","Arcadia Bk8",['settlement'],['8.25.2'],NULL,https://pleiades.stoa.org/places/570500,NULL,https://wikidata.org/wiki/Q6967679,NULL,NULL,NULL,NULL
22.18,37.621,Schoinous,"Arcadia Bk8","road Tricoloni to Methydrion, 137 stades",['settlement'],['8.35.10'],NULL,https://pleiades.stoa.org/places/573507,NULL,https://wikidata.org/wiki/Q60791216,NULL,NULL,NULL,NULL
22.061019,37.298673,"Gatheatas (river)","Arcadia Bk8","Arcadia Bk8",['potamos'],['8.34.5'],NULL,https://pleiades.stoa.org/places/570256,NULL,NULL,NULL,NULL,NULL,NULL
22.45,37.625,"Philip's tent on mountain above Argon Pedion","Arcadia Bk8","Argon Pedion",['oikema'],['8.7.4'],"Argon Pedion",NULL,NULL,NULL,NULL,NULL,NULL,NULL
22.3933,37.6181,"Sanctuary of Demeter and Kore at Mantineia","Arcadia Bk8","Mantineia (Arkadia)",['hieron'],['8.9.2'],"Mantineia (Arkadia)",NULL,NULL,https://wikidata.org/wiki/Q134037182,NULL,NULL,NULL,NULL
21.9885,37.4458,"Zeus Lykaios precinct on Mt. Lykaion","Arcadia Bk8","Lykaion (mountain)",['temenos'],"['4.22.7','8.38.6']",NULL,https://pleiades.stoa.org/places/570764,https://topostext.org/place/375220SLyk,https://wikidata.org/wiki/Q111046342,https://resource.manto.unh.edu/1047382,NULL,NULL,NULL
22.1273,37.4124,"Archive stoa of Megalopolis with six rooms","Arcadia Bk8","Megalopolis (Arkadia)",['stoa'],['8.30.6'],"Megalopolis (Arkadia)",NULL,NULL,NULL,NULL,NULL,NULL,NULL
33.54804,35.073103,"Shrine of Aphrodite at Golgoi in Cyprus","Cyprus (island)",Golgoi,['hieron'],['8.5.2'],Golgoi,https://pleiades.stoa.org/places/707470,NULL,https://wikidata.org/wiki/Q134040033,NULL,NULL,NULL,NULL
22.1273,37.4124,"Columns only remainder of Temple of Mother of the Gods at Megalopolis","Arcadia Bk8","Megalopolis (Arkadia)",['naos'],['8.30.4'],"Megalopolis (Arkadia)",NULL,NULL,NULL,NULL,NULL,NULL,NULL
22.307,37.9117,"Petrôma stone cult site at Pheneos","Arcadia Bk8",Pheneos,['petra'],"['8.15.1','8.15.2']",Pheneos,NULL,NULL,NULL,NULL,NULL,NULL,NULL
22.139,37.414,"Temple and grove of Demeter in the Swamp, on Megalopolis-Mainalos road","Arcadia Bk8","road Megalopolis to Mainalos","['alsos','naos']",['8.36.6'],NULL,NULL,NULL,NULL,NULL,NULL,NULL,NULL
22.03143,37.38957,"Sanctuary of Pan above Despoina sanctuary, Lykosoura","Arcadia Bk8","Sanctuary of Despoina at Lykosoura","['hieron','manteion']",['8.37.11'],"Sanctuary of Despoina at Lykosoura",NULL,NULL,https://wikidata.org/wiki/Q134036916,https://resource.manto.unh.edu/10214795,NULL,NULL,NULL
36.165318,36.200663,"Antioch on the Orontes","Asia (continent)","Syria (Asia)",['polis'],"['6.2.7','8.29.3']",NULL,https://pleiades.stoa.org/places/658381,NULL,https://wikidata.org/wiki/Q200441,NULL,Theoupolis,NULL,NULL
22.333,37.677,"Anchisia Mt. (Argolid)","Arcadia Bk8","Argolid Bk2",['oros'],"['8.12.8','8.12.9','8.13.1']",NULL,https://pleiades.stoa.org/places/570078,https://topostext.org/place/378223LAnc,NULL,NULL,NULL,NULL,NULL
22.84714,37.89019,"Hadrianic aqueduct (Korinthia)","Corinthia Bk2","Corinthia Bk2",['aqueduct'],"['2.3.5','8.22.3']",NULL,NULL,https://topostext.org/place/379229BHAq,https://wikidata.org/wiki/Q56295608,NULL,NULL,NULL,NULL
22.429,37.464,"Temple of Hermes Aipytos at Tegea","Arcadia Bk8","Tegea (Arkadia)",['naos'],['8.47.4'],"Tegea (Arkadia)",NULL,NULL,NULL,NULL,NULL,NULL,NULL
27.453939999999996,38.5668,Saloe,"Asia Minor (Asia)",Sipylos,['limne'],"['7.24.13','8.17.3']",Sipylos,https://pleiades.stoa.org/places/550860,NULL,NULL,NULL,NULL,NULL,NULL
21.79369,37.88094,"Springs of the Erymanthos river on Mt. Lampeia","Arcadia Bk8","Lampeia (mountain)",['pege'],['8.24.4'],"Lampeia (mountain)",NULL,NULL,NULL,NULL,NULL,NULL,NULL
22.334,37.453,"Temple of Pallas at Pallantion","Arcadia Bk8","Pallantion (Arkadia)",['naos'],['8.44.5'],"Pallantion (Arkadia)",NULL,NULL,NULL,NULL,NULL,NULL,NULL
22.03143,37.38957,"Sanctuary of Despoina at Lykosoura","Arcadia Bk8","Lykosoura polis",['hieron'],"['8.27.6','8.36.9','8.37.1','8.37.5','8.37.7','8.38.2']",NULL,NULL,https://topostext.org/place/374220SLyk,https://wikidata.org/wiki/Q38281257,https://resource.manto.unh.edu/10214639,NULL,NULL,NULL
21.5,38.6,"Aitolia region","Hellas (Europe)","Hellas (Europe)",['chora'],"['1.26.3','1.42.6','10.18.1','10.22.2','10.22.3','10.22.5','2.13.8','2.25.2','2.37.3','2.8.4','3.10.2','4.24.7','4.31.7','5.1.3','5.3.7','7.18.6','7.18.8','7.18.9','7.9.6','8.24.11','8.38.10']",NULL,https://pleiades.stoa.org/places/540591,https://topostext.org/place/386215RAit,https://wikidata.org/wiki/Q26857,NULL,Aetolia,NULL,NULL
22.429,37.464,"Two sanctuaries of Dionysos at Tegea, near Paphian Aphrodite","Arcadia Bk8","Tegea (Arkadia)",['hieron'],['8.53.7'],"Tegea (Arkadia)",NULL,NULL,https://wikidata.org/wiki/Q134037222,NULL,NULL,NULL,NULL
27.649640999999995,37.250317,Passala,"Asia Minor (Asia)","Caria region",['epineion'],['8.10.4'],NULL,https://pleiades.stoa.org/places/599870,NULL,https://wikidata.org/wiki/Q65068769,NULL,"port of Mylasa",NULL,NULL
26.5621,39.1114,"Mytilene (Lesbos)","Aegean Sea (Hellas)","Lesbos (island)",['polis'],['8.30.2'],NULL,https://pleiades.stoa.org/places/550763,https://topostext.org/place/391265PMyt,https://wikidata.org/wiki/Q42295059,NULL,NULL,NULL,NULL
22.262624,37.766264,"Swallow-hole katavothra of Kaphyai","Arcadia Bk8",Kaphyai,['barathron'],['8.23.2'],Kaphyai,NULL,NULL,NULL,NULL,NULL,NULL,NULL
22.041285,37.597441,Teuthis,"Arcadia Bk8","Orchomenos (Arcadia)",['settlement'],"['8.27.4','8.27.7','8.28.4','8.28.6']",NULL,https://pleiades.stoa.org/places/570713,NULL,https://wikidata.org/wiki/Q7707085,NULL,NULL,NULL,NULL
22.334,37.453,"Pallantion (Arkadia)","Arcadia Bk8","Arcadia Bk8",['polis'],"['5.1.8','8.11.5','8.27.3','8.27.7','8.3.1','8.3.2','8.43.1','8.43.2','8.44.1','8.44.5']",NULL,https://pleiades.stoa.org/places/570548,https://topostext.org/place/375223PPal,https://wikidata.org/wiki/Q11939941,NULL,NULL,NULL,NULL
22.429,37.464,"tomb of Maera in Tegeatis","Arcadia Bk8",Tegeatis,['taphos'],['8.12.7'],"Tegea (Arkadia)",NULL,NULL,NULL,https://resource.manto.unh.edu/10158753,NULL,NULL,NULL
22.7,38.6,"Phokis Bk10",NULL,"Hellas (Europe)",['chora'],"['1.20.6','10.1.1','10.1.2','10.1.4','10.17.13','10.23.10','10.30.4','10.33.7','10.34.2','10.35.1','10.35.8','10.37.2','10.38.1','10.4.1','10.4.2','10.5.3','10.8.2','2.29.2','2.29.3','2.4.3','3.5.3','3.9.10','4.31.5','6.19.5','7.14.7','7.15.5','7.18.9','7.3.10','7.7.9','8.1.5','8.4.4','9.17.4','9.36.3','9.40.12']",NULL,https://pleiades.stoa.org/places/541048,https://topostext.org/place/386227RPho,https://wikidata.org/wiki/Q2637650,NULL,"Phocis region",NULL,NULL
33.487926,35.25725,"Sanctuary of Aphrodite Paphia in Cyprus","Cyprus (island)",Palaipaphos,['hieron'],"['8.24.6','8.5.2']",NULL,https://pleiades.stoa.org/places/707471,NULL,https://wikidata.org/wiki/Q53556453,https://resource.manto.unh.edu/10150572,NULL,NULL,NULL
21.90262,37.44921,"Spring on Mt. Kotilion","Arcadia Bk8","Kotilion (mountain)",['pege'],['8.41.10'],"Kotilion (mountain)",NULL,NULL,NULL,NULL,NULL,NULL,NULL
22.4295,37.46475,"Altar of Earth (Ge) at Tegea","Arcadia Bk8","Agora of Tegea",['bomos'],['8.48.8'],"Agora of Tegea",NULL,NULL,NULL,NULL,NULL,NULL,NULL
23.3496,39.188,"Sepias cape (Magnesia)","Hellas (Europe)","Magnesia region (Magnesia)",['akra'],['8.27.14'],NULL,NULL,https://topostext.org/place/391232LSep,https://wikidata.org/wiki/Q60790477,NULL,NULL,NULL,NULL
22.1099,38.030042,"Platanos tree above spring at Kynaitha","Arcadia Bk8",Kynaitha,['platanos'],['8.19.2'],Kynaitha,NULL,NULL,NULL,NULL,NULL,NULL,NULL
23.8189911,38.05199883,"Attica Bk1","Attica Bk1","Hellas (Europe)",['chora'],"['1.1.1','1.14.2','1.2.6','1.20.6','1.21.1','1.22.3','1.22.7','1.23.5','1.24.5','1.24.8','1.25.6','1.26.3','1.26.5','1.26.6','1.27.10','1.27.2','1.28.10','1.28.11','1.28.4','1.28.9','1.29.2','1.29.6','1.29.7','1.30.4','1.31.1','1.31.3','1.31.5','1.32.1','1.32.3','1.34.1','1.34.2','1.35.1','1.36.3','1.37.7','1.38.1','1.38.4','1.38.8','1.44.10','10.17.5','10.25.2','10.33.4','10.35.8','2.1.1','2.1.6','2.30.9','2.32.9','2.6.5','2.6.6','3.12.7','3.5.1','3.7.10','3.8.6','4.1.8','4.34.8','5.10.4','5.11.7','5.13.8','5.15.7','5.25.13','5.4.7','6.19.12','7.1.5','7.1.9','7.11.8','7.17.2','7.18.2','7.25.2','7.3.6','7.5.5','7.6.3','7.7.7','8.23.3','9.1.1','9.1.6','9.13.6','9.23.5']",NULL,https://pleiades.stoa.org/places/579888,NULL,https://wikidata.org/wiki/Q122443,NULL,NULL,NULL,NULL
22.262624,37.766264,"Earthen dyke in plain of Kaphyai","Arcadia Bk8",Kaphyai,"['choma ges']",['8.23.2'],Kaphyai,NULL,NULL,NULL,NULL,NULL,NULL,NULL
22.1099,38.030042,"Agora of the Kynaithans","Arcadia Bk8",Kynaitha,['agora'],['8.19.1'],Kynaitha,NULL,NULL,https://wikidata.org/wiki/Q133963453,NULL,NULL,NULL,NULL
22.1273,37.4124,"Altar of Herakles and Hermes by stadium of Megalopolis","Arcadia Bk8","Megalopolis (Arkadia)",['bomos'],['8.32.3'],"Megalopolis (Arkadia)",NULL,NULL,NULL,NULL,NULL,NULL,NULL
21.842,37.4075,"Gymnasium of Phigaleia","Arcadia Bk8",Phigaleia,['gymnasion'],['8.39.6'],Phigaleia,NULL,NULL,NULL,NULL,NULL,NULL,NULL
14.08648465,37.53667612,"Sicilia (island)",NULL,"Roman empire",['nesos'],"['1.12.5','1.13.1','1.2.3','1.21.4','1.29.11','1.29.13','10.11.3','10.15.5','10.15.6','2.2.5','2.22.9','3.16.4','3.16.5','4.23.6','4.26.2','4.26.5','4.36.4','5.23.6','5.25.5','5.25.6','5.27.1','5.7.3','6.12.3','6.13.8','6.26.4','6.4.3','6.6.7','6.9.4','6.9.5','7.16.5','7.4.6','7.4.7','8.11.12','8.12.8','8.24.6','8.42.8','8.46.2','8.8.6','9.40.4']",NULL,https://pleiades.stoa.org/places/462492,NULL,https://wikidata.org/wiki/Q4951156,NULL,NULL,NULL,NULL
22.3,37.5,"Arcadia Bk8","Arcadia Bk8",Peloponnesos,['chora'],"['10.20.1','10.28.8','10.32.3','2.24.5','3.20.8','3.5.4','3.6.8','3.7.3','3.8.7','4.22.7','4.29.11','4.31.4','5.10.9','5.5.8','5.7.1','6.12.8','6.8.2','7.14.1','7.25.11','7.25.5','7.7.4','7.8.6','8.1.1','8.1.6','8.10.1','8.10.6','8.11.3','8.17.1','8.22.6','8.23.3','8.24.4','8.27.4','8.27.5','8.3.4','8.34.4','8.35.10','8.35.5','8.36.6','8.4.1','8.42.3','8.43.2','8.47.6','8.5.4','8.51.8','8.6.4','8.7.4','8.8.12','9.36.6','9.9.2']",NULL,https://pleiades.stoa.org/places/570102,https://topostext.org/place/375223RArk,https://wikidata.org/wiki/Q12898802,NULL,"Arkadia region",NULL,NULL
22.068131,37.444881,Basilis,"Arcadia Bk8","Arcadia Bk8",['settlement'],['8.29.5'],NULL,https://pleiades.stoa.org/places/570147,NULL,https://wikidata.org/wiki/Q4867451,NULL,NULL,NULL,NULL
22.1,37.3,Nymphas,"Arcadia Bk8","Arcadia Bk8",['settlement'],['8.34.6'],NULL,https://pleiades.stoa.org/places/573392,NULL,https://wikidata.org/wiki/Q131911345,NULL,NULL,NULL,NULL
22.079,37.4133,"Helisson junction with Alpheios","Arcadia Bk8","Arcadia Bk8",['potamos'],['8.30.1'],NULL,NULL,NULL,NULL,NULL,NULL,NULL,NULL
22.450723,37.331323,Phylake,"Arcadia Bk8",Tegeatis,['demos'],"['8.45.1','8.54.1','8.54.2']",NULL,https://pleiades.stoa.org/places/570610,NULL,https://wikidata.org/wiki/Q60790436,NULL,NULL,NULL,NULL
22.3,37.5,Rhipe,"Arcadia Bk8","Arcadia Bk8",['settlement'],['8.25.12'],"Arcadia Bk8",https://pleiades.stoa.org/places/573502,NULL,https://wikidata.org/wiki/Q3563475,NULL,NULL,NULL,NULL
23.25,38.35,"Boiotia Bk9",NULL,"Hellas (Europe)",['chora'],"['1.23.3','1.24.5','1.25.7','1.27.5','1.34.1','1.38.8','10.1.2','10.12.11','10.17.3','10.23.11','10.29.5','10.37.2','10.4.2','3.5.3','3.5.4','3.5.6','3.9.12','4.16.7','4.27.10','4.34.5','6.3.3','7.10.5','7.15.9','7.17.2','7.3.6','7.6.5','8.11.5','9.1.1','9.1.3','9.13.3','9.14.6','9.22.5','9.25.9','9.3.4','9.32.2','9.4.3','9.5.1','9.7.4','9.9.2']",NULL,https://pleiades.stoa.org/places/540689,https://topostext.org/place/384233RBoi,https://wikidata.org/wiki/Q187570,NULL,Boeotia,NULL,NULL
23.706865,35.279609,Katre?,Crete,Crete,['polis'],['8.53.4'],NULL,https://pleiades.stoa.org/places/589856,NULL,https://wikidata.org/wiki/Q65078139,NULL,NULL,NULL,NULL
21.864,37.532,"Sanctuary of Asklepios at Alipheira","Arcadia Bk8",Alipheira,"['Asclepieion','hieron']",['8.26.6'],Alipheira,https://pleiades.stoa.org/places/218039420,NULL,https://wikidata.org/wiki/Q134039992,NULL,NULL,NULL,NULL
21.79369,37.88094,"Lampeia (mountain)","Arcadia Bk8","Arcadia Bk8",['oros'],['8.24.4'],NULL,https://pleiades.stoa.org/places/570410,NULL,https://wikidata.org/wiki/Q15148035,NULL,NULL,NULL,NULL
23.3178,38.3191,"Thebes (Boeotia)","Boiotia Bk9","Boiotia Bk9",['polis'],"['1.25.4','1.28.7','1.29.3','1.3.4','1.34.1','1.34.2','1.34.4','1.37.6','1.39.2','1.40.2','1.41.1','1.43.1','1.44.4','1.44.5','10.10.3','10.17.4','10.20.1','10.29.7','10.35.5','10.7.6','2.19.8','2.20.5','2.36.8','2.6.1','2.6.2','2.6.3','2.6.4','2.7.6','3.5.3','3.5.4','3.9.11','3.9.3','3.9.8','4.17.5','4.27.10','4.32.5','4.7.8','4.8.8','5.3.1','7.10.2','7.14.6','7.15.9','7.17.2','7.3.1','7.6.9','8.11.6','8.14.2','8.15.6','8.24.10','8.25.4','8.25.8','8.33.2','9.1.6','9.1.8','9.10.1','9.10.4','9.11.6','9.12.2','9.13.1','9.14.7','9.17.4','9.17.5','9.18.1','9.18.2','9.18.3','9.18.5','9.19.2','9.19.3','9.19.4','9.22.3','9.23.4','9.23.5','9.25.10','9.25.7','9.25.9','9.29.9','9.3.6','9.32.5','9.33.1','9.37.2','9.4.4','9.40.3','9.5.1','9.5.12','9.5.13','9.5.14','9.5.2','9.5.6','9.5.7','9.6.2','9.6.3','9.6.5','9.7.1','9.7.2','9.7.6','9.8.1','9.8.3','9.8.7','9.9.4']",NULL,https://pleiades.stoa.org/places/541138,https://topostext.org/place/383233PThe,https://wikidata.org/wiki/Q11225429,NULL,NULL,NULL,NULL
22.416,37.578,"Pelagos oak forest 30 stades from Mantineia on Tegea road","Arcadia Bk8","road Megalopolis to Pallantion and Tegea","['chorion','drymos']","['8.11.1','8.11.10','8.11.5']",NULL,NULL,NULL,https://wikidata.org/wiki/Q125995646,NULL,NULL,NULL,NULL
21.842,37.4075,"Temple of the Mother of the Gods at Phigaleia","Arcadia Bk8",Phigaleia,['naos'],['8.30.5'],Phigaleia,NULL,NULL,NULL,NULL,NULL,NULL,NULL
25.543589999999995,29.205140000000004,"Ammon oracle in Egypt","Libya (Africa)","Egypt (region)",['manteion'],"['3.18.3','5.15.11','6.8.3','8.11.11']",NULL,https://pleiades.stoa.org/places/716520,https://topostext.org/place/292255SAmm,https://wikidata.org/wiki/Q958997,NULL,NULL,NULL,NULL
23.41,40.06,"Pallene (Chalkidike)","Macedonia (Europe)","Chalcidike region (Chalkidike)",['chora'],"['3.18.3','8.29.1']",NULL,https://pleiades.stoa.org/places/491682,https://topostext.org/place/400236LPal,https://wikidata.org/wiki/Q2625955,NULL,Phlegra,NULL,NULL
21.8204,37.603,"River crossing of the Ladon, 15 stadia west of Heraia","Arcadia Bk8","road Heraea to Elis border",['diabese'],['8.26.3'],NULL,NULL,NULL,NULL,NULL,NULL,NULL,NULL
27.789696999999997,37.316871,Mylasa,"Asia Minor (Asia)","Caria region",['settlement'],"['10.28.8','8.10.4']",NULL,https://pleiades.stoa.org/places/599809,NULL,https://wikidata.org/wiki/Q3857824,NULL,NULL,NULL,NULL
20.25,39.75,"Styx (river of the Underworld)","Arcadia Bk8",Hades,"['hydor','mythical place']",['8.18.3'],Hades,NULL,NULL,https://wikidata.org/wiki/Q8843276,NULL,NULL,NULL,NULL
21.87884,37.710489,"Sanctuary of  the Twelve Gods in Thelpousa","Arcadia Bk8",Thelpousa,['hieron'],['8.25.3'],Thelpousa,NULL,NULL,https://wikidata.org/wiki/Q134036865,NULL,NULL,NULL,NULL
22.4192,38.0483,"Chelydorea (mountain)","Arcadia Bk8","Achaia Bk7","['horos','oros']",['8.17.5'],NULL,https://pleiades.stoa.org/places/573169,NULL,https://wikidata.org/wiki/Q25017940,NULL,NULL,NULL,NULL
20.25,39.75,"Tartarus (underworld)",Hades,Hades,"['mythical place']",['8.37.5'],Hades,NULL,NULL,https://wikidata.org/wiki/Q101322,NULL,NULL,NULL,NULL
22.36505,37.72491,"Trachy (mountain)","Arcadia Bk8","Orchomenos (Arcadia)",['oros'],['8.13.4'],NULL,https://pleiades.stoa.org/places/570744,NULL,https://wikidata.org/wiki/Q16331617,NULL,NULL,NULL,NULL
21.5313,38.3714,Kalydon,"Aitolia region",Kalydonia,['polis'],"['1.27.9','2.25.2','3.10.2','5.1.3','7.18.8','7.18.9','7.21.1','7.21.10','7.21.5','8.4.10','8.45.2']",NULL,https://pleiades.stoa.org/places/540699,NULL,https://wikidata.org/wiki/Q750313,NULL,Calydon,NULL,NULL
27.4713446,37.6220196,"Maeander (river)","Asia Minor (Asia)","Ionia (region)",['potamos'],"['1.29.7','10.32.13','2.5.3','2.7.9','4.34.1','4.34.2','5.14.3','7.2.11','8.24.11','8.41.3','8.7.3']",NULL,https://pleiades.stoa.org/places/599777,NULL,https://wikidata.org/wiki/Q211089,NULL,NULL,NULL,NULL
22.1273,37.4124,"Skoleitas hill inside walls of Megalopolis","Arcadia Bk8","Megalopolis (Arkadia)",['lophos'],['8.30.7'],"Megalopolis (Arkadia)",NULL,NULL,NULL,NULL,NULL,NULL,NULL
22.4237,37.0821,"House of Nabis in Sparta","Lakonia Bk3",Sparta,['oikia'],['8.51.2'],Sparta,NULL,NULL,NULL,NULL,NULL,NULL,NULL
22.323,37.932,"Marble altar at Apollo Pythios sanctuary near Pheneos","Arcadia Bk8","Sanctuary of Apollo Pythios near Pheneus",['bomos'],['8.15.5'],"Sanctuary of Apollo Pythios near Pheneus",NULL,NULL,NULL,NULL,NULL,NULL,NULL
14.121868999999998,40.827957,Dikaiarcheia/Puteoli,"Italia (Europe)",Campania,['settlement'],"['4.35.11','8.7.3']",NULL,https://pleiades.stoa.org/places/432815,NULL,https://wikidata.org/wiki/Q72425,NULL,NULL,NULL,NULL
22.39466,37.61055,"Horse-racing area by walls of Mantineia on highway to Tegea","Arcadia Bk8","Mantineia (Arkadia)","['chorion','hippodrome']",['8.10.1'],NULL,NULL,NULL,NULL,NULL,"Mantineia hippodrome",NULL,NULL
12.486899999999999,41.8944,"Forum of Augustus in Rome","Italia (Europe)",Rome,['agora'],['8.46.4'],NULL,NULL,https://topostext.org/place/419125SFAu,https://wikidata.org/wiki/Q770797,NULL,NULL,NULL,NULL
27.19292,38.00466,Klaros,"Asia Minor (Asia)","Ionia (region)",['hieron'],"['10.12.5','7.3.1','7.3.2','7.3.4','7.5.3','7.5.4','8.29.4']",NULL,https://pleiades.stoa.org/places/599719,NULL,https://wikidata.org/wiki/Q1933754,NULL,NULL,NULL,NULL
