Lon,Lat,Name,Region,Part_of,Type,Passages,Location,Pleiades,ToposText,Wikidata,Manto,Altname,URL,Arachne
23.3178,38.3191,"sanctuary of Lysian Dionysos in Thebes near theater","Boiotia Bk9","Thebes (Boeotia)",['hieron'],['9.16.6'],"Thebes (Boeotia)",NULL,NULL,https://wikidata.org/wiki/Q134037823,NULL,"santuary of Dionysus Lysius",NULL,NULL
22.956902,38.392613,"Sanctuary of Hera below agora of Korôneia","Boiotia Bk9","Koroneia (Boeotia)",['hieron'],['9.34.3'],"Koroneia (Boeotia)",NULL,NULL,https://wikidata.org/wiki/Q134037607,NULL,NULL,NULL,NULL
23.58944,38.46276,Euripos,"Euboea (island)","Euboian Gulf",['settlement'],"['1.23.3','1.38.1','2.24.6','5.23.2','6.13.8','7.7.6','9.12.6','9.19.6','9.22.5','9.31.3']",NULL,https://pleiades.stoa.org/places/540783,NULL,https://wikidata.org/wiki/Q1137741,NULL,NULL,NULL,NULL
23.110281,38.20809,"Mountain by the sea west of Kreusis","Boiotia Bk9",Kreusis,['oros'],['9.32.2'],Kreusis,NULL,NULL,NULL,NULL,NULL,NULL,NULL
23.288,38.566,"mountains above Larymna with wild pigs","Boiotia Bk9","Boiotia Bk9",['oros'],['9.23.7'],NULL,NULL,NULL,NULL,NULL,NULL,NULL,NULL
23.103304,38.55756,Hyettos,"Boiotia Bk9","Boiotia Bk9",['kome'],"['9.24.3','9.24.4','9.36.6']",NULL,https://pleiades.stoa.org/places/540823,NULL,https://wikidata.org/wiki/Q12872650,NULL,NULL,NULL,NULL
23.088,38.3787,"Tomb of Lysandros the Lakedaimonian at Haliartos","Boiotia Bk9","Haliartos (Boeotia)",['mnema'],['9.32.5'],"Haliartos (Boeotia)",NULL,NULL,NULL,NULL,NULL,NULL,NULL
23.219541,38.451533,"Temple of Dionysos at Akraiphnion","Boiotia Bk9",Akraiphnion,['naos'],['9.23.5'],Akraiphnion,NULL,NULL,NULL,NULL,NULL,NULL,NULL
8.895951167,40.06802462,"Sardinia (island)","Internum Mare","Internum Mare",['nesos'],"['1.29.5','10.17.1','10.17.10','10.17.11','10.17.13','10.17.2','10.17.3','10.17.4','10.17.5','10.17.6','10.17.8','10.17.9','4.23.5','7.17.3','7.2.2','9.23.1']",NULL,https://pleiades.stoa.org/places/472014,NULL,https://wikidata.org/wiki/Q3760293,NULL,NULL,NULL,NULL
22.9968,38.4128,"Altar of Iodama at Itonian Athena sanctuary, Boeotia","Boiotia Bk9","Athena Itonia sanctuary in Boeotia",['bomos'],['9.34.2'],"Athena Itonia sanctuary in Boeotia",NULL,NULL,NULL,NULL,NULL,NULL,NULL
23.3244,38.3248,"Ismenos river (Boeotia)","Boiotia Bk9","Boiotia Bk9",['potamos'],"['9.10.2','9.10.6']",NULL,NULL,https://topostext.org/place/383233WIsm,https://wikidata.org/wiki/Q2422308,NULL,NULL,NULL,NULL
22.87352,38.431063,"Spring of Lêthê at Lebadeia","Boiotia Bk9",Lebadeia,['pege'],['9.39.8'],Lebadeia,NULL,NULL,NULL,NULL,NULL,NULL,NULL
23.1,38.6,"Locris Opuntia region","Hellas (Europe)","Hellas (Europe)",['chora'],"['7.15.3','9.24.5']",NULL,https://pleiades.stoa.org/places/540918,https://topostext.org/place/386231ROpu,https://wikidata.org/wiki/Q3354839,NULL,"Opountian Lokris",NULL,NULL
35.01,13.01,"Aethiopia (Africa)","Libya (Africa)",NULL,"['major region']","['1.33.4','1.42.3','10.31.7','2.5.3','5.12.3','5.7.4','8.38.6','9.21.6']",NULL,https://pleiades.stoa.org/places/39274,NULL,https://wikidata.org/wiki/Q410453,NULL,NULL,NULL,NULL
23.2285,38.4686,"Ptoon mountain","Boiotia Bk9","Boiotia Bk9",['oros'],"['9.23.5','9.23.7']",NULL,NULL,https://topostext.org/place/385232LPto,https://wikidata.org/wiki/Q1275456,NULL,"Mt. Ptoion",NULL,NULL
23.3178,38.3191,"Burial mound of Zethos and Amphion in Thebes","Boiotia Bk9","Thebes (Boeotia)","['choma ges','mnema']",['9.17.4'],"Thebes (Boeotia)",NULL,https://topostext.org/place/383233GAaZ,https://wikidata.org/wiki/Q106526021,https://resource.manto.unh.edu/10158815,NULL,NULL,NULL
23.25,38.35,"first altar of Hermes, built by Amphion","Boiotia Bk9","Boiotia Bk9","['bomos','mythical place']",['9.5.8'],"Boiotia Bk9",NULL,NULL,NULL,NULL,NULL,NULL,NULL
22.7747,37.6919,"Argive Heraion (Argolid)","Argolid Bk2","Argolid Bk2",['hieron'],"['2.16.2','2.17.1','2.17.2','2.17.3','2.17.5','2.20.3','8.46.3','9.40.4']",NULL,https://pleiades.stoa.org/places/570289,https://topostext.org/place/377228SHer,https://wikidata.org/wiki/Q1607754,https://resource.manto.unh.edu/10159442,NULL,NULL,NULL
22.87352,38.431063,"Mountain above grove of Trophonios","Boiotia Bk9",Lebadeia,['oros'],['9.39.4'],Lebadeia,NULL,NULL,NULL,NULL,NULL,NULL,NULL
23.3178,38.3191,"Tomb of Linos in Thebes, vanished","Boiotia Bk9","Thebes (Boeotia)",['mnema'],['9.29.9'],"Thebes (Boeotia)",NULL,NULL,NULL,NULL,NULL,NULL,NULL
23.3405,38.2224,"Hysiai (Boeotia)","Boiotia Bk9","Boiotia Bk9",['settlement'],"['9.1.6','9.2.1']",NULL,NULL,https://topostext.org/place/382233PHys,https://wikidata.org/wiki/Q17627339,NULL,NULL,NULL,NULL
23.2733,38.2213,"temple in hieron of Athena Areia at Plataea","Boiotia Bk9","Sanctuary of Athena Areia in Plataea",['naos'],['9.4.2'],"Sanctuary of Athena Areia in Plataea",NULL,NULL,NULL,NULL,NULL,NULL,NULL
26.84,37.73,"Samos (island)","Aegean Sea (Hellas)","Aegean Sea (Hellas)",['nesos'],"['10.12.5','2.13.2','7.2.8','7.4.1','7.4.2','7.4.3','7.4.4','9.11.5']",NULL,https://pleiades.stoa.org/places/599926,NULL,NULL,NULL,NULL,https://imperium.ahlfeldt.se/places/41142,NULL
23.154521,38.293384,"Agora of Thespiai","Boiotia Bk9",Thespiai,['agora'],['9.27.5'],Thespiai,NULL,NULL,https://wikidata.org/wiki/Q133963437,NULL,NULL,NULL,NULL
12.4843457,41.89262,Rome,"Italia (Europe)","Roman empire",['polis'],"['10.34.4','10.36.6','10.8.6','2.1.2','2.21.6','4.35.10','5.25.8','6.9.3','7.10.11','7.10.12','7.12.2','7.12.7','7.12.8','7.12.9','7.13.5','7.14.1','7.14.3','7.14.5','7.22.5','7.22.9','7.8.6','7.9.1','7.9.4','7.9.6','8.17.4','9.27.3','9.27.4']",NULL,https://pleiades.stoa.org/places/423025,NULL,https://wikidata.org/wiki/Q18287233,NULL,Roma,NULL,NULL
25.3,38.1,"Aegean Sea (Hellas)",NULL,"Internum Mare",['thalassa'],"['1.1.1','1.1.2','1.1.3','1.1.5','1.12.5','1.13.2','1.17.3','1.22.4','1.23.3','1.26.5','1.27.9','1.28.11','1.31.1','1.32.7','1.33.2','1.34.1','1.35.5','1.38.1','1.38.4','1.4.3','1.4.5','1.8.1','1.9.7','2.12.2','2.22.1','2.26.9','2.29.10','2.29.6','2.30.7','2.34.6','2.34.8','2.36.4','2.36.6','2.36.7','2.37.1','2.37.2','2.38.1','2.38.4','2.5.3','4.34.12','5.21.10','5.23.2','6.16.5','8.14.12','9.11.5','9.15.5']",NULL,https://pleiades.stoa.org/places/560221,https://topostext.org/place/381253WAeg,https://wikidata.org/wiki/Q34575,NULL,NULL,NULL,NULL
20.78784,39.54648,"Zeus sanctuary at Dodona","Hellas (Europe)","Epiros region",['hieron'],"['1.13.3','1.17.5','1.36.4','7.21.2','7.21.3','7.21.4','7.25.1','8.11.12','8.23.5','8.28.6','9.25.8','9.8.1']",NULL,https://pleiades.stoa.org/places/530843,NULL,https://wikidata.org/wiki/Q382317,NULL,NULL,NULL,NULL
22.4992,40.1663,"Helikôn river in Pieria becomes Baphyra","Macedonia (Europe)",Pieria,['potamos'],['9.30.8'],NULL,NULL,NULL,NULL,NULL,NULL,NULL,NULL
27.14843,38.40537,"Sanctuary of the Nemeses on Mt. Pagos, Smyrna","Asia Minor (Asia)","Pagos M.",['hieron'],"['7.5.2','9.35.6']","Pagos M.",NULL,NULL,NULL,NULL,NULL,NULL,NULL
23.3178,38.3209,"Place where the Muses sang, in agora of Thebes","Boiotia Bk9","Agora in the acropolis of Thebes",['chorion'],['9.12.3'],"Agora in the acropolis of Thebes",NULL,NULL,NULL,NULL,NULL,NULL,NULL
23.37572,38.17934,Eleutherai,"Attica Bk1","Attica Bk1",['polis'],"['1.38.8','1.38.9','2.6.3','9.1.1','9.1.6','9.2.3']",NULL,https://pleiades.stoa.org/places/540756,NULL,https://wikidata.org/wiki/Q1328318,NULL,NULL,NULL,NULL
23.3405,38.2224,"temple of Apollo at Hysiai half-finished","Boiotia Bk9","Hysiai (Boeotia)",['naos'],['9.2.1'],"Hysiai (Boeotia)",NULL,NULL,NULL,NULL,NULL,NULL,NULL
23.297,38.195,"road Megara to Plataea on Mt. Cithaeron","Boiotia Bk9","Megarid Bk1",['hodos'],['9.2.3'],NULL,NULL,NULL,NULL,NULL,NULL,NULL,NULL
23.3178,38.3209,"Agora in the acropolis of Thebes","Boiotia Bk9","Cadmeia of Thebes",['agora'],['9.12.3'],"Cadmeia of Thebes",NULL,NULL,https://wikidata.org/wiki/Q133969619,NULL,NULL,NULL,NULL
23.154521,38.293384,"Sanctuary of Heracles at Thespiai","Boiotia Bk9",Thespiai,['hieron'],"['9.27.6','9.27.8']",Thespiai,https://pleiades.stoa.org/places/571386563,NULL,https://wikidata.org/wiki/Q134040018,https://resource.manto.unh.edu/10774937,NULL,NULL,NULL
23.1896,38.6583,Halai,"Boiotia Bk9","Locris Opuntia region",['polisma'],['9.24.5'],NULL,https://pleiades.stoa.org/places/540800,NULL,https://wikidata.org/wiki/Q15632345,NULL,NULL,NULL,NULL
23.5841,38.3074,"City walls of Tanagra","Boiotia Bk9","Tanagra (Boeotia)",['teichos'],['9.22.1'],"Tanagra (Boeotia)",NULL,NULL,NULL,NULL,NULL,NULL,NULL
22.9908,38.3663,"Tilphousa spring past Haliartos","Boiotia Bk9","Boiotia Bk9",['pege'],['9.33.1'],NULL,NULL,NULL,https://wikidata.org/wiki/Q2433728,https://resource.manto.unh.edu/11302886,NULL,NULL,NULL
14.258433000000002,37.062775,Gela,"Sicilia (island)","Sicilia (island)",['polis'],"['8.46.2','9.40.4']",NULL,https://pleiades.stoa.org/places/462214,NULL,https://wikidata.org/wiki/Q58008539,NULL,NULL,NULL,NULL
22.999964,38.653678,Opous,"Boiotia Bk9","Locris Opuntia region",['polis'],"['10.1.2','10.35.1','9.23.7']",NULL,https://pleiades.stoa.org/places/540986,NULL,https://wikidata.org/wiki/Q771434,NULL,NULL,NULL,NULL
26.2536135,37.6136166,"Grave mound of Ikaros, not large, on promontory of Ikaria","Aegean Sea (Hellas)","promontory of Ikaria island on which Ikaros was buried",['taphos'],['9.11.5'],"promontory of Ikaria island on which Ikaros was buried",NULL,NULL,NULL,https://resource.manto.unh.edu/10152208,NULL,NULL,NULL
22.876,38.3642,"Petra? spring on Libethrion mountain, breast-shaped","Boiotia Bk9","Leibethrion Mountain (Boeotia",['pege'],['9.34.4'],"Leibethrion Mountain (Boeotia",NULL,NULL,NULL,NULL,NULL,NULL,NULL
23.3178,38.3191,"Sanctuary of Ammon in Thebes","Boiotia Bk9","Thebes (Boeotia)",['hieron'],['9.16.1'],"Thebes (Boeotia)",NULL,NULL,https://wikidata.org/wiki/Q134037883,NULL,NULL,NULL,NULL
22.5,42.5,"Trophy of Karanos against Kisseus, near Olympos","Macedonia (Europe)","Macedonia (Europe)",['tropaion'],['9.40.8'],"Macedonia (Europe)",NULL,NULL,NULL,NULL,NULL,NULL,NULL
23.393,38.3633,"Sanctuary of Athena Telchinia in Teumessos","Boiotia Bk9","Teumessos (Boeotia)",['hieron'],['9.19.1'],"Teumessos (Boeotia)",NULL,NULL,https://wikidata.org/wiki/Q134038085,https://resource.manto.unh.edu/10360306,NULL,NULL,NULL
23.594,38.4361,"palm trees before sanctuary of Artemis at Aulis","Boiotia Bk9",Aulis,"['palm tree']",['9.19.8'],Aulis,NULL,NULL,NULL,NULL,NULL,NULL,NULL
23.07308549,37.59734721,"Stadium of Asclepieion of Epidaurus","Epidauria Bk2","Asklepieion of Epidauros","['choma ges','stadion']","['2.27.5','9.23.1']",NULL,NULL,https://topostext.org/place/376231BASt,https://wikidata.org/wiki/Q22681278,NULL,NULL,https://imperium.ahlfeldt.se/places/24194,NULL
23.1453,38.3622,"Grove of Onchestian Poseidon","Boiotia Bk9","Onchestos (Boeotia)",['alsos'],['9.26.5'],"Onchestos (Boeotia)",NULL,NULL,NULL,https://resource.manto.unh.edu/10774932,NULL,NULL,NULL
23.3178,38.3191,"Tombs of the children of Amphion, in Thebes","Boiotia Bk9","Thebes (Boeotia)",['mnema'],"['9.16.7','9.17.2']","Thebes (Boeotia)",NULL,NULL,NULL,https://resource.manto.unh.edu/11291930,NULL,NULL,NULL
22.53438,40.02458,"Tomb of Orpheus near Libêthra","Macedonia (Europe)",Leibethra,['mnema'],['9.30.9'],Leibethra,NULL,NULL,NULL,https://resource.manto.unh.edu/10784751,NULL,NULL,NULL
22.7195,37.6316,"Argos (Argolid)","Argolid Bk2","Argolid Bk2",['polis'],"['1.13.7','1.13.8','1.14.2','1.25.4','1.27.10','1.33.1','1.41.1','1.43.7','1.43.8','10.10.5','10.35.1','10.8.5','2.13.1','2.15.1','2.15.2','2.15.4','2.16.1','2.16.2','2.16.3','2.18.1','2.18.5','2.18.7','2.18.8','2.19.3','2.20.4','2.20.5','2.20.8','2.21.7','2.22.4','2.22.6','2.22.8','2.23.1','2.23.5','2.24.5','2.25.1','2.25.2','2.25.5','2.25.7','2.25.8','2.28.4','2.30.10','2.34.4','2.34.5','2.35.2','2.36.6','2.38.1','2.4.2','2.6.6','2.8.6','3.1.4','3.1.5','3.9.1','4.1.1','4.1.2','4.10.6','4.12.3','4.14.1','4.14.8','4.15.7','4.17.5','4.3.3','4.35.2','4.8.8','6.13.7','6.2.2','6.9.3','7.1.5','7.1.6','7.1.7','7.14.1','7.17.1','7.20.8','7.23.10','7.4.4','7.6.3','8.24.8','8.27.1','8.5.7','8.54.5','9.25.1','9.36.6','9.36.7','9.5.12']",NULL,https://pleiades.stoa.org/places/570106,https://topostext.org/place/376227PArg,https://wikidata.org/wiki/Q13533353,NULL,NULL,NULL,NULL
23.488,38.464,"Messapion? Mt. (Boeotia)","Boiotia Bk9","Boiotia Bk9",['oros'],['9.22.5'],NULL,NULL,https://topostext.org/place/385235LMes,https://wikidata.org/wiki/Q25019011,NULL,NULL,NULL,NULL
22.956902,38.392613,"Altar of Hermes Epimêlios (of the flocks?) in agora of Korôneia","Boiotia Bk9","Koroneia (Boeotia)",['bomos'],['9.34.3'],"Koroneia (Boeotia)",NULL,NULL,NULL,NULL,NULL,NULL,NULL
22.959486,38.495082,"Tomb of Minyas at Orchomenos","Boiotia Bk9","Orchomenos (Boeotia)",['mnema'],['9.38.3'],"Orchomenos (Boeotia)",NULL,NULL,NULL,https://resource.manto.unh.edu/10785784,NULL,NULL,NULL
23.3178,38.3191,"Homoloides gate Thebes - Homolôides pulai","Boiotia Bk9","Thebes (Boeotia)",['pylai'],['9.8.5'],"Thebes (Boeotia)",NULL,NULL,https://wikidata.org/wiki/Q135495756,NULL,NULL,NULL,NULL
23.2733,38.2213,"City walls of Plataea","Boiotia Bk9","Plataea (Boeotia)",['teichos'],"['3.9.3','9.1.6']","Plataea (Boeotia)",NULL,NULL,NULL,NULL,NULL,NULL,NULL
23.110281,38.20809,"mountain of Thisbe, west of Kreusis","Boiotia Bk9",Kreusis,['oros'],['9.32.2'],Kreusis,NULL,NULL,NULL,NULL,NULL,NULL,NULL
23.7,38.36,"Euboian Gulf","Boiotia Bk9","Aegean Sea (Hellas)",['thalassa'],['9.20.1'],NULL,NULL,NULL,https://wikidata.org/wiki/Q266636,NULL,"Sea off Tanagraia",NULL,NULL
23.726464,37.971687,"Athenai Bk1","Attica Bk1","Attica Bk1",['polis'],"['1.1.2','1.1.5','1.14.1','1.14.5','1.14.7','1.15.2','1.17.6','1.18.4','1.18.8','1.19.1','1.2.1','1.2.4','1.2.5','1.20.4','1.20.5','1.20.6','1.20.7','1.22.3','1.23.9','1.25.5','1.25.8','1.26.2','1.26.3','1.26.6','1.27.10','1.27.2','1.27.3','1.27.5','1.27.6','1.27.8','1.28.4','1.28.8','1.29.12','1.29.2','1.3.2','1.30.1','1.30.2','1.32.3','1.32.6','1.33.1','1.33.2','1.34.3','1.35.3','1.36.3','1.37.5','1.37.6','1.37.7','1.39.4','1.40.5','1.41.4','1.41.9','1.8.5','10.10.1','10.18.7','10.2.3','10.21.6','10.23.14','10.3.1','10.34.8','10.35.8','10.37.6','10.4.3','10.4.9','10.8.5','2.1.4','2.14.4','2.18.9','2.26.2','2.27.2','2.3.8','2.31.7','2.33.4','2.33.5','2.6.5','3.12.7','3.3.7','3.4.2','3.5.2','3.6.4','3.6.5','3.8.6','3.9.6','4.13.7','4.15.1','4.17.5','4.2.6','4.26.8','4.5.10','4.5.2','5.10.4','5.11.6','5.12.4','5.19.3','5.21.1','5.26.6','5.6.5','6.17.9','6.20.14','6.22.7','7.1.2','7.1.3','7.10.4','7.11.6','7.2.2','7.2.7','7.20.6','7.24.5','7.25.2','7.25.4','7.7.8','7.9.6','8.11.6','8.23.3','8.37.3','8.8.6','9.1.4','9.14.7','9.15.4','9.15.5','9.26.6','9.3.2','9.30.1','9.32.5','9.35.3','9.39.1','9.6.2','9.7.1']",NULL,https://pleiades.stoa.org/places/579885,NULL,https://wikidata.org/wiki/Q844930,NULL,"Athens Athenae polis",NULL,NULL
23.160772,38.493128,"Sanctuary of Dionysos at Kopai","Boiotia Bk9",Kopai,['hieron'],['9.24.1'],Kopai,NULL,NULL,https://wikidata.org/wiki/Q134037703,NULL,NULL,NULL,NULL
23.160772,38.493128,Kopai,"Boiotia Bk9","Boiotia Bk9",['polisma'],"['9.24.1','9.24.3']",NULL,https://pleiades.stoa.org/places/540878,NULL,https://wikidata.org/wiki/Q5168569,NULL,NULL,NULL,NULL
27.0057354,38.9471678,"Caicus (river)","Asia Minor (Asia)",Aeolis,['potamos'],"['1.10.4','5.13.3','5.24.6','7.16.1','8.4.9','8.45.7','9.18.4','9.5.14']",NULL,https://pleiades.stoa.org/places/550491,NULL,https://wikidata.org/wiki/Q1737602,NULL,NULL,NULL,NULL
23.3143,38.3183,"Dirke river","Boiotia Bk9","Thebes (Boeotia)",['potamos'],['9.25.3'],NULL,NULL,https://topostext.org/place/383233WDir,https://wikidata.org/wiki/Q106226259,NULL,NULL,NULL,NULL
23.3012,38.2446,"Greek trophy at Plataia battlefield","Boiotia Bk9",Plataiis,['tropaion'],['9.2.6'],NULL,NULL,https://topostext.org/place/382233LPlB,NULL,NULL,NULL,NULL,NULL
23.19,38.33,"Sanctuary of Herakles Hippodetos - Horse-binder in Teneric plain","Boiotia Bk9","Tenerikon Pedion",['hieron'],['9.26.1'],"Tenerikon Pedion",NULL,NULL,https://wikidata.org/wiki/Q134037713,https://resource.manto.unh.edu/10774929,NULL,NULL,NULL
23.3178,38.3191,"Pyre of the children of Amphion, Thebes","Boiotia Bk9","Thebes (Boeotia)","['mythic site']",['9.17.2'],"Thebes (Boeotia)",NULL,NULL,NULL,NULL,NULL,NULL,NULL
22.45931,37.85932,Stymphalos,"Arcadia Bk8","Arcadia Bk8",['settlement'],"['2.24.6','5.10.9','6.7.10','8.13.5','8.22.1','8.22.2','8.22.3','8.22.6','8.22.7','8.22.8','8.23.1','8.4.6','9.11.6']",NULL,https://pleiades.stoa.org/places/570696,NULL,https://wikidata.org/wiki/Q2359730,NULL,NULL,NULL,NULL
22.959486,38.495082,"Heroon of Actaeon in Orchomenos","Boiotia Bk9","Orchomenos (Boeotia)",['heroon'],['9.38.5'],"Orchomenos (Boeotia)",NULL,NULL,NULL,NULL,NULL,NULL,NULL
23.19,38.33,"Tenerikon Pedion","Boiotia Bk9","Boiotia Bk9",['pedion'],"['1.38.9','9.26.1']",NULL,https://pleiades.stoa.org/places/541132,NULL,https://wikidata.org/wiki/Q106880398,NULL,"Teneric Plain",NULL,NULL
23.219541,38.451533,Akraiphnion,"Boiotia Bk9","Boiotia Bk9",['polis'],"['9.23.5','9.23.6','9.24.1','9.40.2']",NULL,https://pleiades.stoa.org/places/540617,NULL,https://wikidata.org/wiki/Q15394073,NULL,Akraiphiai,NULL,NULL
27.184167,39.1325,"Pythion of Pergamon","Asia Minor (Asia)",Pergamum,['hieron'],['9.35.7'],Pergamum,NULL,NULL,https://wikidata.org/wiki/Q134038469,NULL,NULL,NULL,NULL
23.3178,38.3191,"Oracle-observatory of Teiresias in Thebes","Boiotia Bk9","Thebes (Boeotia)",['manteion'],['9.16.1'],"Thebes (Boeotia)",NULL,NULL,NULL,NULL,NULL,NULL,NULL
23.2733,38.2213,"gates of Plataea","Boiotia Bk9","Plataea (Boeotia)",['pylai'],['9.1.7'],"Plataea (Boeotia)",NULL,NULL,NULL,NULL,NULL,NULL,NULL
23.110281,38.20809,Kreusis,"Boiotia Bk9","Boiotia Bk9",['epineion'],"['9.32.1','9.32.2']",NULL,https://pleiades.stoa.org/places/540888,NULL,https://wikidata.org/wiki/Q16553547,NULL,NULL,NULL,NULL
19.5,41.5,"Illyria (Europe)",Europe,Europe,"['major region']","['1.4.1','10.19.7','4.35.5','4.35.6','4.35.7','9.5.13','9.5.3','9.8.6']",NULL,https://pleiades.stoa.org/places/481866,NULL,https://wikidata.org/wiki/Q32047,NULL,"Illyrii Illyrians",NULL,NULL
23.5841,38.3074,"Gymnasium of Tanagra","Boiotia Bk9","Tanagra (Boeotia)",['gymnasion'],['9.22.3'],"Tanagra (Boeotia)",NULL,NULL,NULL,NULL,NULL,NULL,NULL
23.3178,38.3191,"Gymnasium of Iolaus at Thebes","Boiotia Bk9","Thebes (Boeotia)",['gymnasion'],['9.23.1'],"Thebes (Boeotia)",NULL,NULL,NULL,NULL,NULL,NULL,NULL
25.19914,37.08093,"ancient Parian marble quarries at Marathi","Aegean Sea (Hellas)","Paros (island)",['lithotomia'],['9.35.7'],NULL,NULL,https://topostext.org/place/371252QLyc,https://wikidata.org/wiki/Q125967911,NULL,NULL,https://imperium.ahlfeldt.se/places/43462,NULL
23.726464,37.971687,"Before entry to the Acropolis","Athenai Bk1","Athenai Bk1",['esodos'],"['1.22.8','9.35.3']","Athenai Bk1",NULL,NULL,NULL,NULL,NULL,NULL,NULL
23.448834,38.498583,"Tombs of the children of Iphimedeia and Alôeus outside Anthedon","Boiotia Bk9",Anthedon,['mnema'],['9.22.6'],Anthedon,NULL,NULL,NULL,https://resource.manto.unh.edu/10210653,NULL,NULL,NULL
23.3178,38.3191,"Stadium of Herakles near Herakleion of Thebes","Boiotia Bk9","Thebes (Boeotia)",['stadion'],['9.11.7'],"Thebes (Boeotia)",NULL,NULL,NULL,NULL,NULL,NULL,NULL
23.6765,38.34,"Delion sanctuary (Boeotia)","Boiotia Bk9",Tanagraia,"['battlefield','hieron']","['1.29.13','10.28.6','3.6.1','9.20.1','9.6.3']",NULL,https://pleiades.stoa.org/places/540725,https://topostext.org/place/383237UDel,https://wikidata.org/wiki/Q1184284,NULL,NULL,NULL,NULL
22.876,38.3642,"Leibethrion Mountain (Boeotia","Boiotia Bk9","Boiotia Bk9",['oros'],['9.34.4'],NULL,NULL,https://topostext.org/place/383229LLei,https://wikidata.org/wiki/Q106298445,NULL,Libethrion,NULL,NULL
22.87352,38.431063,"Cave with springs of Herkyna river at Lebadeia","Boiotia Bk9",Lebadeia,['spelaion'],['9.39.3'],Lebadeia,NULL,NULL,NULL,NULL,NULL,NULL,NULL
23.2733,38.2213,"temple of Hera at Plataea","Boiotia Bk9","Plataea (Boeotia)",['naos'],['9.2.7'],"Plataea (Boeotia)",NULL,NULL,NULL,NULL,NULL,NULL,NULL
23.044957,38.585688,"Sanctuary of the Nymphs at cold spring at Kyrtones","Boiotia Bk9",Kyrtones,['hieron'],['9.24.4'],Kyrtones,NULL,NULL,https://wikidata.org/wiki/Q134037644,NULL,NULL,NULL,NULL
23.3116,38.2999,"Enclosure with columns right of Potniai-Thebes road where earth gaped for Amphiaraus","Boiotia Bk9","Potniai (Boeotia)","['kion','peribolos']",['9.8.3'],"Potniai (Boeotia)",NULL,NULL,NULL,NULL,NULL,NULL,NULL
22.80004,37.59918,Tiryns,"Argolid Bk2","Argolid Bk2","['polis','settlement']","['1.32.6','2.16.2','2.16.5','2.17.5','2.25.8','5.2.2','5.23.3','7.25.6','8.14.2','8.27.1','8.33.3','8.46.3','9.11.1','9.36.5']",NULL,https://pleiades.stoa.org/places/570740,NULL,https://wikidata.org/wiki/Q217379,NULL,NULL,NULL,NULL
22.959486,38.495082,"Orchomenos (Boeotia)","Boiotia Bk9","Boiotia Bk9",['polis'],"['10.29.5','10.35.1','10.4.1','4.27.10','8.33.2','9.15.3','9.24.3','9.34.6','9.36.1','9.36.2','9.36.6','9.36.7','9.36.8','9.37.8','9.38.3','9.38.4','9.38.6','9.38.8','9.9.2']",NULL,https://pleiades.stoa.org/places/540987,NULL,https://wikidata.org/wiki/Q543895,NULL,"Minyan Orchomenus",NULL,NULL
23.3178,38.3191,"Altar of Apollo Spodios in Thebes, beyond the Sôphronistêr stone","Boiotia Bk9","Thebes (Boeotia)",['bomos'],['9.11.7'],"Thebes (Boeotia)",NULL,NULL,NULL,NULL,NULL,NULL,NULL
23.00169,38.385259,Alalkomenai,"Boiotia Bk9","Boiotia Bk9",['settlement'],"['9.3.4','9.33.5','9.33.6','9.34.1']",NULL,https://pleiades.stoa.org/places/540619,NULL,https://wikidata.org/wiki/Q1044061,NULL,NULL,NULL,NULL
27.142222,38.115556,Colophon,"Asia Minor (Asia)","Ionia (region)",['polis'],"['1.14.4','1.9.7','7.3.3','7.3.4','7.3.5','7.3.8','7.3.9','7.5.1','7.5.10','8.28.3','9.32.6','9.33.2']",NULL,https://pleiades.stoa.org/places/599577,NULL,https://wikidata.org/wiki/Q1142488,NULL,NULL,NULL,NULL
23.3178,38.3191,"House of Kadmos at Thebes, became Demeter sanctuary","Boiotia Bk9","Thebes (Boeotia)",['oikia'],['9.16.5'],"Thebes (Boeotia)",NULL,NULL,NULL,NULL,NULL,NULL,NULL
23.7225,37.975,"Prytanikon at Athens","Athenai Bk1","Athenai Bk1",['prytaneion'],"['1.18.3','1.18.4','9.32.8']",NULL,https://pleiades.stoa.org/places/720198157,NULL,https://wikidata.org/wiki/Q20616418,NULL,NULL,NULL,NULL
22.875,38.4312,"Retaining wall around the oracle of Trophonios, white marble","Boiotia Bk9","Trophonius oracle (Boeotia)",['peribolos'],['9.39.9'],"Trophonius oracle (Boeotia)",NULL,NULL,NULL,NULL,NULL,NULL,NULL
29.314279,36.26018,"temple of Apollo at Patara","Asia Minor (Asia)",Patara,['naos'],['9.41.1'],Patara,NULL,NULL,NULL,NULL,NULL,NULL,NULL
22.491299,40.177012,Dion,"Macedonia (Europe)",Pieria,['polis'],"['10.13.5','9.30.11','9.30.7']",NULL,https://pleiades.stoa.org/places/491572,NULL,https://wikidata.org/wiki/Q9207638,NULL,NULL,NULL,NULL
23.4069,38.3824,"Thermodon (river in Boeotia)","Boiotia Bk9","Boiotia Bk9",['potamos'],['9.19.3'],NULL,https://pleiades.stoa.org/places/543884,NULL,https://wikidata.org/wiki/Q60791109,NULL,NULL,NULL,NULL
23.3178,38.3191,"Temple of Artemis Eukleia in Thebes","Boiotia Bk9","Thebes (Boeotia)",['naos'],['9.17.1'],"Thebes (Boeotia)",NULL,NULL,NULL,NULL,NULL,NULL,NULL
23.3116,38.2999,"river flowing beside Grove of Demeter and Kore at Potniai","Boiotia Bk9","Potniai (Boeotia)",['potamos'],['9.8.1'],"Potniai (Boeotia)",NULL,NULL,NULL,NULL,NULL,NULL,NULL
23.3178,38.3191,"sanctuary of Aphrodite in Thebes (presumed)","Boiotia Bk9","Thebes (Boeotia)",['hieron'],['9.16.3'],"Thebes (Boeotia)",NULL,NULL,NULL,NULL,NULL,NULL,NULL
22.538294,38.796511,Thermopylae,"Hellas (Europe)",Phthiotis,"['esbole','teichos']","['1.1.3','1.3.5','1.4.1','1.4.2','1.4.3','1.4.4','10.20.1','10.20.2','10.20.3','10.20.6','10.20.9','10.21.1','10.21.2','10.21.6','10.22.12','10.22.5','10.22.7','10.22.8','2.16.5','3.12.9','3.14.1','3.4.7','3.4.8','3.5.5','4.35.9','7.15.3','7.24.4','7.6.3','7.6.7','8.51.4','8.52.2','8.6.3','9.15.2','9.32.9']",NULL,https://pleiades.stoa.org/places/541140,NULL,https://wikidata.org/wiki/Q194450,NULL,NULL,NULL,NULL
22.9908,38.3663,"Tomb of Teiresias by Tilphousê spring past Haliartos","Boiotia Bk9","Tilphousa spring past Haliartos",['mnema'],['9.33.1'],"Tilphousa spring past Haliartos",NULL,NULL,NULL,https://resource.manto.unh.edu/10268903,NULL,NULL,NULL
33.1438299,34.712174,Amathous,"Cyprus (island)","Cyprus (island)",['polis'],"['9.41.2','9.41.3']",NULL,https://pleiades.stoa.org/places/707462,NULL,https://wikidata.org/wiki/Q2343313,NULL,NULL,NULL,NULL
23.2,38.477,"Athamantian Plain between Akraiphnion and Kopais","Boiotia Bk9","Boiotia Bk9",['pedion'],"['9.24.1','9.24.3']",NULL,NULL,NULL,NULL,NULL,NULL,NULL,NULL
23.3178,38.3191,"Sanctuary of Demeter Thesmophoros in Thebes","Boiotia Bk9","Thebes (Boeotia)",['hieron'],"['9.16.5','9.6.5']","Thebes (Boeotia)",NULL,NULL,https://wikidata.org/wiki/Q134037808,NULL,NULL,NULL,NULL
27.041,38.9416,"Tomb (stone) of Thersandros in agora of Elaia","Asia Minor (Asia)",Elaea,['mnema'],['9.5.14'],Elaea,NULL,NULL,NULL,NULL,NULL,NULL,NULL
23.288,38.566,"Larymna (Boeotia)","Boiotia Bk9","Boiotia Bk9",['polis'],['9.23.7'],NULL,https://pleiades.stoa.org/places/540906,NULL,https://wikidata.org/wiki/Q13580770,NULL,NULL,NULL,NULL
23.3116,38.2999,"temple of Dionysos Aigobolos at Potniai","Boiotia Bk9","Potniai (Boeotia)",['naos'],['9.8.2'],"Potniai (Boeotia)",NULL,NULL,NULL,NULL,NULL,NULL,NULL
22.3584897,40.0862269,"Ouranos (home of the gods)","Hellas (Europe)","Olympos (mountain in Greece)","['mythical place']","['1.20.3','1.26.6','10.30.2','3.18.11','3.19.4','3.19.5','5.11.7','9.37.8']","Olympos (mountain in Greece)",NULL,NULL,https://wikidata.org/wiki/Q70054479,NULL,"Heaven Olympus sky",NULL,NULL
22.2,39.6,Thessalia,"Hellas (Europe)","Hellas (Europe)",['chora'],"['1.11.1','1.29.13','1.4.1','1.8.3','10.22.3','10.8.4','2.2.5','2.23.5','2.24.1','2.6.1','3.20.6','3.6.1','3.7.9','3.9.12','3.9.13','4.36.3','5.1.11','6.17.9','6.4.7','7.1.2','7.1.3','7.10.2','7.15.2','7.19.7','7.6.5','8.27.10','8.6.2','9.15.1','9.40.5','9.8.6']",NULL,https://pleiades.stoa.org/places/1332,NULL,https://wikidata.org/wiki/Q1247568,NULL,NULL,NULL,NULL
25.268194,37.397274,"Delos (settlement)","Aegean Sea (Hellas)","Delos island",['polis'],"['3.23.3','3.23.4','3.23.5','4.36.6','8.33.2','9.34.6']",NULL,https://pleiades.stoa.org/places/599587,NULL,https://wikidata.org/wiki/Q131911921,NULL,NULL,NULL,NULL
21.630126,37.637849,Olympia,"Eleia Bk5 Bk6","Pisa (Eleia)",['hieron'],"['1.28.1','1.35.6','1.44.1','10.14.5','10.37.4','10.38.8','10.7.5','10.9.4','2.11.8','2.5.7','2.7.2','3.8.3','3.8.4','3.8.5','4.31.6','5.1.4','5.1.7','5.10.1','5.10.3','5.10.4','5.10.5','5.10.7','5.10.9','5.11.10','5.11.4','5.11.9','5.12.4','5.12.5','5.12.8','5.13.1','5.13.10','5.13.9','5.14.1','5.14.2','5.14.4','5.15.12','5.15.3','5.16.8','5.17.5','5.2.3','5.2.5','5.20.6','5.21.16','5.23.3','5.23.6','5.24.4','5.24.6','5.24.8','5.25.12','5.25.13','5.25.4','5.25.5','5.25.7','5.26.1','5.26.4','5.26.5','5.26.7','5.27.1','5.27.2','5.27.9','5.4.4','5.4.5','5.4.6','5.4.7','5.4.8','5.5.3','5.6.1','5.6.7','5.6.8','5.7.1','5.7.10','5.7.6','5.7.9','5.8.1','5.8.2','5.8.5','5.8.6','5.9.1','5.9.4','6.1.6','6.10.2','6.10.4','6.10.8','6.12.4','6.12.5','6.12.6','6.12.7','6.12.8','6.13.11','6.13.2','6.13.3','6.13.5','6.13.6','6.13.8','6.14.1','6.14.10','6.14.13','6.14.2','6.14.3','6.14.5','6.15.1','6.15.2','6.15.3','6.15.6','6.15.9','6.16.1','6.16.4','6.16.5','6.16.8','6.16.9','6.17.2','6.17.7','6.18.1','6.18.2','6.18.7','6.19.1','6.19.10','6.19.14','6.19.4','6.2.10','6.2.2','6.2.6','6.20.14','6.20.19','6.20.2','6.20.7','6.21.2','6.22.5','6.22.7','6.23.1','6.23.6','6.3.11','6.3.14','6.3.15','6.3.2','6.3.9','6.4.11','6.4.2','6.4.5','6.4.6','6.4.9','6.5.7','6.6.1','6.6.3','6.6.5','6.7.10','6.7.3','6.7.8','6.8.1','6.8.2','6.8.3','6.8.6','6.9.3','7.17.13','7.17.14','7.17.6','7.23.5','7.27.5','7.27.6','7.6.4','8.1.2','8.19.1','8.42.9','8.48.1','8.48.2','8.50.3','8.54.3','9.23.1','9.7.5']",NULL,https://pleiades.stoa.org/places/570531,NULL,https://wikidata.org/wiki/Q38888,https://resource.manto.unh.edu/10217933,"Sanctuary of Olympian Zeus in Pisatis",NULL,NULL
23.37572,38.17934,"spring of Aktaion on Megara-Plataia road","Boiotia Bk9",Eleutherai,['pege'],['9.2.3'],Eleutherai,NULL,NULL,NULL,NULL,NULL,NULL,NULL
22.875,38.4312,"Chasm at Oracle of Trophonios above Lebadeia","Boiotia Bk9","Trophonius oracle (Boeotia)",['barathron'],['9.39.9'],"Trophonius oracle (Boeotia)",NULL,NULL,NULL,NULL,NULL,NULL,NULL
21.63291462,37.6391184,"Olympia Stadium","Eleia Bk5 Bk6",Olympia,"['choma ges','stadion']","['5.14.9','5.16.3','5.21.15','5.21.2','5.22.1','6.19.15','6.20.10','6.20.8','6.20.9','9.23.1']",NULL,NULL,https://topostext.org/place/376216BOSt,https://wikidata.org/wiki/Q4357227,NULL,NULL,https://imperium.ahlfeldt.se/places/24219,NULL
22.8606,38.4305,"Zeus Basileus temple at Lebadeia (Boeotia)","Boiotia Bk9",Lebadeia,['naos'],['9.39.4'],NULL,https://pleiades.stoa.org/places/474652024,https://topostext.org/place/384229SZeu,https://wikidata.org/wiki/Q106497024,NULL,NULL,NULL,NULL
27.579599999999996,39.6262,"Tomb of founder Pionis in Pioniai polisma beyond Kaikos, seen by Pausanias","Asia Minor (Asia)",Pioniai,['mnema'],['9.18.4'],NULL,NULL,NULL,NULL,NULL,NULL,NULL,NULL
23.3178,38.3191,"Sanctuary of the Dindymean Mother outside Thebes","Boiotia Bk9","Thebes (Boeotia)",['hieron'],['9.25.3'],"Thebes (Boeotia)",NULL,NULL,https://wikidata.org/wiki/Q134037852,NULL,NULL,NULL,NULL
22.8802,37.9054,"Corinth (Corinthia)","Corinthia Bk2","Corinthia Bk2",['polis'],"['1.27.10','1.27.9','1.29.11','1.37.5','1.39.4','1.44.10','1.44.6','10.11.6','10.5.3','10.8.5','10.9.10','2.1.1','2.1.2','2.1.6','2.15.1','2.2.2','2.2.4','2.2.5','2.2.6','2.28.8','2.3.1','2.3.10','2.3.11','2.3.5','2.3.7','2.31.9','2.4.3','2.4.4','2.4.6','2.5.1','2.5.5','2.6.1','2.7.2','2.8.4','2.8.5','3.10.1','3.5.7','4.17.5','5.10.5','5.17.5','6.2.2','7.14.1','7.14.2','7.14.5','7.15.10','7.16.4','7.16.7','7.27.6','7.6.7','7.7.6','7.8.1','7.8.2','9.26.2','9.6.4','9.9.4']",NULL,https://pleiades.stoa.org/places/570182,https://topostext.org/place/379229PKor,https://wikidata.org/wiki/Q1363688,NULL,Korinthos,NULL,NULL
22.42479249,40.13002812,Pieria,"Macedonia (Europe)","Macedonia (Europe)",['oros'],"['10.13.5','9.30.7','9.30.8','9.30.9']",NULL,https://pleiades.stoa.org/places/491696,NULL,https://wikidata.org/wiki/Q7800388,NULL,NULL,NULL,NULL
23.58944,38.46276,"North Euboean gulf and coast","Euboea (island)",Euripos,"['paralia','thalassa']","['9.22.5','9.22.6']",Euripos,NULL,NULL,NULL,NULL,NULL,NULL,NULL
23.396935,38.391809,"wood of wild and tame trees at grave of Promachus near Glisas","Boiotia Bk9","Grave mound of Promachus and other Argives near Glisas","['dendron','hemera dendra','hyle']",['9.19.2'],"Grave mound of Promachus and other Argives near Glisas",NULL,NULL,NULL,NULL,NULL,NULL,NULL
22.959486,38.495082,"Sanctuary of Dionysos at Orchomenos","Boiotia Bk9","Orchomenos (Boeotia)",['hieron'],['9.38.1'],"Orchomenos (Boeotia)",NULL,NULL,https://wikidata.org/wiki/Q134037616,NULL,NULL,NULL,NULL
23.3178,38.3191,"Krenaian gate, Thebes - Krênaias pulas","Boiotia Bk9","Thebes (Boeotia)",['pylai'],['9.8.5'],"Thebes (Boeotia)",NULL,NULL,NULL,NULL,NULL,NULL,NULL
23.594,38.4361,"hill near Aulis where Agamemnon pitched his tent","Boiotia Bk9",Aulis,"['lophos','mythic site']",['9.19.7'],Aulis,NULL,NULL,NULL,NULL,NULL,NULL,NULL
23.2733,38.2213,"Altar of Zeus Eleutherios at Plataea","Boiotia Bk9","Plataea (Boeotia)",['bomos'],['9.2.5'],"Plataea (Boeotia)",NULL,NULL,NULL,NULL,NULL,NULL,NULL
23.3178,38.3191,"altar of Ammon, temple of Ammon, Thebes","Boiotia Bk9","Sanctuary of Ammon in Thebes",['bomos'],['9.16.1'],"Sanctuary of Ammon in Thebes",NULL,NULL,NULL,NULL,NULL,NULL,NULL
23.1536,38.5584,"Olmones (Boeotia)","Boiotia Bk9","Boiotia Bk9",['polis'],"['9.24.3','9.34.10']",NULL,https://pleiades.stoa.org/places/540980,https://topostext.org/place/385231UOlm,https://wikidata.org/wiki/Q12872591,NULL,Almones,NULL,NULL
23.3178,38.3191,"House of Cadmus in Thebes","Boiotia Bk9","Thebes (Boeotia)",['oikia'],['9.12.3'],"Thebes (Boeotia)",NULL,NULL,NULL,NULL,NULL,NULL,NULL
22.82514,38.35217,Termessos,"Boiotia Bk9","Helicon mountain",['potamos'],['9.29.5'],"Helicon mountain",NULL,https://topostext.org/place/383231WPer,https://wikidata.org/wiki/Q60791088,NULL,Permessos,NULL,NULL
27.1383,38.41905,"Smyrna (Ionia)","Asia Minor (Asia)","Ionia (region)",['polis'],"['4.30.6','5.8.7','7.5.1','7.5.2','9.11.7']",NULL,https://pleiades.stoa.org/places/550893,NULL,https://wikidata.org/wiki/Q1379299,NULL,NULL,NULL,NULL
22.31275269,37.25289778,Peloponnesos,"Hellas (Europe)","Hellas (Europe)","['major region']","['1.13.4','1.13.7','1.25.4','1.27.10','1.27.5','1.3.4','1.41.2','10.1.2','10.18.2','10.38.10','2.1.1','2.1.2','2.1.5','2.12.3','2.13.1','2.13.7','2.18.7','2.20.1','2.21.5','2.24.5','2.26.1','2.26.3','2.26.4','2.34.4','2.34.8','2.37.3','2.5.3','2.5.6','2.5.7','2.7.6','2.8.6','2.9.2','3.1.6','3.13.2','3.2.6','3.21.6','3.22.6','3.3.4','3.7.6','3.9.1','4.14.6','4.15.6','4.24.7','4.26.1','4.26.3','4.26.5','4.27.11','4.27.8','4.27.9','4.28.1','4.29.13','4.29.2','4.29.4','4.31.11','4.34.10','4.34.5','4.34.9','4.35.1','5.1.1','5.1.2','5.1.7','5.1.8','5.3.5','5.3.6','5.6.3','5.8.2','6.2.10','6.2.11','6.7.6','7.13.5','7.15.6','7.3.9','7.7.6','8.1.1','8.1.2','8.27.5','8.30.5','8.38.7','8.45.3','8.5.1','8.5.6','8.51.3','8.54.7','9.14.4','9.15.4','9.32.1','9.9.2']",NULL,https://pleiades.stoa.org/places/570577,NULL,https://wikidata.org/wiki/Q78967,NULL,Peloponnese,NULL,NULL
25.190929999999998,37.03613,"Paros (island)","Aegean Sea (Hellas)","Cyclades region (Aegean)",['nesos'],"['1.32.4','10.28.3','5.20.2','9.20.4','9.22.6']",NULL,https://pleiades.stoa.org/places/599868,NULL,NULL,NULL,NULL,https://imperium.ahlfeldt.se/places/41422,NULL
23.5841,38.3074,"Tanagra (Boeotia)","Boiotia Bk9",Tanagraia,['polis'],"['1.29.6','1.29.9','1.34.1','3.11.8','5.10.4','9.20.1','9.20.3','9.22.1','9.22.2','9.22.3','9.22.4']",NULL,https://pleiades.stoa.org/places/580114,https://topostext.org/place/383236PTan,https://wikidata.org/wiki/Q56259452,NULL,NULL,NULL,NULL
22.959486,38.495082,"Temple of Herakles 7 stades from Orchomenos","Boiotia Bk9","Orchomenos (Boeotia)",['naos'],['9.38.6'],"Orchomenos (Boeotia)",NULL,NULL,NULL,NULL,NULL,NULL,NULL
23.2733,38.2213,"Plataea (Boeotia)","Boiotia Bk9",Plataiis,"['battlefield','polis']","['1.13.4','1.27.1','1.38.8','10.13.9','10.2.1','10.5.3','10.5.4','2.6.1','3.11.7','3.14.1','3.17.7','3.4.10','3.4.9','3.5.1','3.7.10','6.10.6','6.3.8','7.27.2','7.6.4','8.52.2','8.6.1','9.1.2','9.1.4','9.1.5','9.1.8','9.2.1','9.2.3','9.2.5','9.2.6','9.2.7','9.3.1','9.4.2','9.4.3','9.4.4','9.5.11','9.6.1','9.8.7']",NULL,https://pleiades.stoa.org/places/541063,https://topostext.org/place/382233PPla,https://wikidata.org/wiki/Q742538,NULL,Plataia,NULL,NULL
23.5848,38.30671,"Theater in Tanagra","Boiotia Bk9","sacred district of Tanagra",['theatron'],['9.22.2'],NULL,NULL,NULL,NULL,NULL,NULL,NULL,NULL
25.2666,37.4004,"Sanctuary of Delian Apollo on Delos","Aegean Sea (Hellas)","Delos island",['hieron'],"['1.18.5','1.29.1','10.12.5','3.23.3','3.23.5','8.33.2','8.48.3','9.12.6','9.34.6']",NULL,https://pleiades.stoa.org/places/599506,NULL,https://wikidata.org/wiki/Q106802906,NULL,NULL,NULL,NULL
33.27533716,35.04088353,"Cyprus (island)","Internum Mare","Internum Mare",['nesos'],"['1.29.13','1.6.6','1.6.8','1.9.1','1.9.2','10.24.3','3.11.5','8.15.7','8.5.2','8.5.3','9.19.1','9.41.2']",NULL,https://pleiades.stoa.org/places/707498,NULL,https://wikidata.org/wiki/Q644636,NULL,NULL,NULL,NULL
22.05617,39.361587,Arne,"Hellas (Europe)",Thessalia,['polis'],['9.40.5'],NULL,https://pleiades.stoa.org/places/540663,NULL,https://wikidata.org/wiki/Q56290700,NULL,NULL,NULL,NULL
22.87352,38.431063,"sacred site, the Hunt of Kore, above Lebadeia","Boiotia Bk9",Lebadeia,"['mythic site']",['9.39.4'],Lebadeia,NULL,NULL,NULL,NULL,NULL,NULL,NULL
23.101469,38.272393,"Spring of Narkissos in Donakôn of Thespiai","Boiotia Bk9",Donakon,['pege'],['9.31.7'],Donakon,NULL,NULL,NULL,https://resource.manto.unh.edu/10785221,NULL,NULL,NULL
27.1383,38.41905,"Odeion in Smyrna","Asia Minor (Asia)","Smyrna (Ionia)",['Odeion'],['9.35.6'],"Smyrna (Ionia)",NULL,NULL,NULL,NULL,NULL,NULL,NULL
27.1383,38.4191,"Sanctuary of Klêdones (utterances) outside Smyrna","Asia Minor (Asia)","Smyrna (Ionia)",['hieron'],['9.11.7'],NULL,NULL,NULL,https://wikidata.org/wiki/Q134038465,NULL,NULL,NULL,NULL
23.3178,38.3191,"tomb of Androkleia and Alkis in sanctuary of Artemis Eukleia at Thebes","Boiotia Bk9","Thebes (Boeotia)",['mnema'],['9.17.1'],"Thebes (Boeotia)",NULL,NULL,NULL,NULL,NULL,NULL,NULL
23.5841,38.3074,"Temple of Aphrodite in Tanagra","Boiotia Bk9","sacred district of Tanagra",['naos'],['9.22.1'],"sacred district of Tanagra",NULL,NULL,NULL,NULL,NULL,NULL,NULL
23.08241,38.59375,"Grove of wild trees below Korseia","Boiotia Bk9",Korseia,"['alsos','prinos']",['9.24.5'],Korseia,NULL,NULL,NULL,NULL,NULL,NULL,NULL
23.185,38.3719,"Mountain of the Sphinx (Phikion?)","Boiotia Bk9","Boiotia Bk9",['oros'],['9.26.2'],NULL,NULL,NULL,https://wikidata.org/wiki/Q106300311,NULL,NULL,NULL,NULL
23.3178,38.3191,"Tomb of Menoeceus son of Creon in Thebes","Boiotia Bk9","Thebes (Boeotia)",['mnema'],['9.25.1'],"Thebes (Boeotia)",NULL,NULL,NULL,https://resource.manto.unh.edu/10214578,NULL,NULL,NULL
27.041,38.9416,"Agora of Elaia, near Kaikos plain","Asia Minor (Asia)",Elaea,['agora'],['9.5.14'],Elaea,NULL,NULL,https://wikidata.org/wiki/Q133963440,NULL,NULL,NULL,NULL
23.2733,38.2213,"Sanctuary of Athena Areia in Plataea","Boiotia Bk9","Plataea (Boeotia)",['hieron'],['9.4.1'],"Plataea (Boeotia)",NULL,NULL,https://wikidata.org/wiki/Q134037769,NULL,NULL,NULL,NULL
42.5,27.5,"Arabia (Asia)","Asia (continent)","Asia (continent)","['major region']","['8.22.4','8.22.6','9.21.5','9.28.3']",NULL,https://pleiades.stoa.org/places/981506,NULL,https://wikidata.org/wiki/Q2859371,NULL,NULL,NULL,NULL
23.572,38.46,"coast near Mykalessos","Boiotia Bk9","Boiotia Bk9",['paralia'],['9.13.5'],NULL,NULL,NULL,NULL,NULL,NULL,NULL,NULL
22.87352,38.431063,"Spring of Mnêmosunê (Memory) at Lebadeia","Boiotia Bk9",Lebadeia,['pege'],['9.39.8'],Lebadeia,NULL,NULL,NULL,NULL,NULL,NULL,NULL
27.67181,37.37015,Europos,"Asia Minor (Asia)","Caria region",['polis'],['9.23.6'],NULL,https://pleiades.stoa.org/places/599616,NULL,https://wikidata.org/wiki/Q1375099,NULL,Euromos,NULL,NULL
23.3178,38.3191,"chamber of Harmonia","Boiotia Bk9","Thebes (Boeotia)",['thalamos'],['9.12.3'],"Thebes (Boeotia)",NULL,NULL,NULL,NULL,NULL,NULL,NULL
26.5,31.5,"Libya (Africa)",NULL,"Roman empire","['major region']","['1.44.3','1.6.5','10.13.5','2.13.8','2.21.6','2.28.1','4.23.10','4.26.2','5.15.11','5.25.5','8.11.11','9.16.1','9.21.5','9.33.7']",NULL,https://pleiades.stoa.org/places/716588,NULL,https://wikidata.org/wiki/Q2370577,NULL,NULL,NULL,NULL
22.2,39.6,"Homole mountain","Hellas (Europe)",Thessalia,['oros'],"['9.8.6','9.8.7']",Thessalia,NULL,https://topostext.org/place/398226LHom,https://wikidata.org/wiki/Q106557752,NULL,NULL,NULL,NULL
22.87352,38.431063,"Temple with statues of Kronos, Zeus, and Hera above Lebadeia","Boiotia Bk9",Lebadeia,['naos'],['9.39.4'],Lebadeia,NULL,NULL,NULL,NULL,NULL,NULL,NULL
26.48103,38.38122,Erythrai,"Asia Minor (Asia)","Ionia (region)",['polis'],"['7.3.7','7.5.5','7.5.9','9.27.1']",NULL,https://pleiades.stoa.org/places/550535,NULL,https://wikidata.org/wiki/Q723091,NULL,NULL,NULL,NULL
23.3178,38.3191,"sanctuary of Artemis Eukleia in Thebes","Boiotia Bk9","Thebes (Boeotia)",['hieron'],['9.17.1'],"Thebes (Boeotia)",NULL,NULL,https://wikidata.org/wiki/Q134037792,https://resource.manto.unh.edu/10772048,NULL,NULL,NULL
22.9968,38.4128,"Athena Itonia sanctuary in Boeotia","Boiotia Bk9","Boiotia Bk9",['hieron'],"['3.9.13','9.34.1','9.34.5']",NULL,https://pleiades.stoa.org/places/540678,https://topostext.org/place/384230SAth,https://wikidata.org/wiki/Q13574897,https://resource.manto.unh.edu/10785268,NULL,NULL,NULL
23.3178,38.3191,"temple of Lysian Dionysos in Thebes near theater","Boiotia Bk9","sanctuary of Lysian Dionysos in Thebes near theater",['naos'],['9.16.6'],"sanctuary of Lysian Dionysos in Thebes near theater",NULL,NULL,NULL,NULL,NULL,NULL,NULL
22.4237,37.0821,Sparta,"Lakonia Bk3","Lakonia Bk3",['polis'],"['1.13.6','1.29.8','10.12.2','2.18.2','2.18.5','2.21.8','2.9.1','3.1.2','3.10.1','3.11.1','3.11.2','3.13.3','3.13.4','3.13.7','3.14.2','3.14.7','3.15.3','3.15.4','3.15.5','3.15.8','3.18.6','3.19.6','3.2.2','3.2.3','3.2.7','3.20.10','3.20.8','3.21.2','3.21.6','3.21.7','3.26.5','3.26.7','3.3.2','3.3.3','3.5.1','3.6.3','3.6.4','3.6.7','3.7.1','3.7.2','3.7.5','3.7.8','3.8.3','3.8.9','3.9.11','4.1.2','4.12.4','4.12.5','4.12.8','4.12.9','4.14.3','4.14.4','4.15.2','4.15.3','4.15.5','4.15.6','4.16.1','4.16.9','4.17.6','4.18.3','4.19.5','4.20.5','4.21.6','4.22.1','4.22.4','4.22.5','4.22.6','4.23.2','4.24.6','4.26.4','4.27.4','4.29.6','4.29.9','4.31.1','4.31.3','4.4.4','4.4.8','4.5.4','4.5.6','4.5.7','4.7.7','4.8.3','4.9.5','6.16.8','6.2.1','6.4.9','6.7.6','7.1.8','7.12.2','7.12.6','7.12.7','7.12.8','7.13.1','7.13.2','7.13.4','7.13.6','7.14.5','7.20.8','7.24.1','7.7.3','7.8.4','7.8.5','7.9.2','7.9.5','8.11.6','8.12.6','8.27.11','8.51.1','8.51.3','8.51.4','8.52.3','8.52.6','8.8.11','9.13.2','9.13.9','9.14.1','9.14.5','9.32.10','9.32.7']",NULL,https://pleiades.stoa.org/places/570685,https://topostext.org/place/371224PSpa,https://wikidata.org/wiki/Q5690,NULL,"Lacedaemon Lakedaimon",NULL,NULL
23.1602,37.6335,Epidauros,"Epidauria Bk2","Epidauria Bk2",['settlement'],"['1.25.4','2.10.3','2.25.10','2.25.7','2.26.1','2.26.2','2.26.3','2.26.4','2.26.7','2.26.8','2.26.9','2.28.3','2.28.4','2.28.8','2.29.1','2.29.2','2.29.5','2.30.5','5.11.11','8.1.1','9.23.1','9.7.5']",NULL,https://pleiades.stoa.org/places/570228,https://topostext.org/place/376232PEpi,https://wikidata.org/wiki/Q233576,NULL,"Epidaurus polis",NULL,NULL
14.18724,37.18419,Omphake,"Sicilia (island)","Sicilia (island)",['polisma'],"['8.46.2','9.40.4']",NULL,https://pleiades.stoa.org/places/462399,NULL,https://wikidata.org/wiki/Q23640647,NULL,NULL,NULL,NULL
23.3178,38.3191,"Sanctuary of Ismenian Apollo (Boeotia)","Boiotia Bk9","Thebes (Boeotia)","['hieron','manteion','naos']","['4.32.5','9.10.2','9.10.3','9.10.4','9.10.5','9.9.2']","Thebes (Boeotia)",NULL,https://topostext.org/place/383233SIsm,https://wikidata.org/wiki/Q106526588,https://resource.manto.unh.edu/10771991,NULL,NULL,NULL
23.602,38.464,Chalkis,"Euboea (island)","Euboea (island)","['chora','polis']","['1.23.3','1.34.2','2.22.7','4.23.7','9.18.1','9.19.3','9.31.3']",NULL,https://pleiades.stoa.org/places/540703,NULL,https://wikidata.org/wiki/Q21235810,NULL,Chalcis,NULL,NULL
23.3178,38.3191,"Ogygian gate of Thebes","Boiotia Bk9","Thebes (Boeotia)",['pylai'],['9.8.5'],"Thebes (Boeotia)",NULL,NULL,NULL,NULL,NULL,NULL,NULL
23.3178,38.3191,"Entry to Ismenian Apollo sanctuary","Boiotia Bk9","Sanctuary of Ismenian Apollo (Boeotia)",['esodos'],['9.10.2'],"Sanctuary of Ismenian Apollo (Boeotia)",NULL,NULL,NULL,NULL,NULL,NULL,NULL
23.3116,38.2999,"Grove of Demeter and Kore at Potniai","Boiotia Bk9","Potniai (Boeotia)",['alsos'],['9.8.1'],"Potniai (Boeotia)",NULL,NULL,NULL,NULL,NULL,NULL,NULL
31.1353595,29.9801725,"Great Pyramid","Libya (Africa)","Egypt (region)",['oikema'],['9.36.5'],NULL,https://pleiades.stoa.org/places/704360201,NULL,https://wikidata.org/wiki/Q37200,NULL,NULL,NULL,NULL
22.959486,38.495082,"spring worth seeing at Orchomenos","Boiotia Bk9","Orchomenos (Boeotia)",['pege'],['9.38.2'],"Orchomenos (Boeotia)",NULL,NULL,NULL,NULL,NULL,NULL,NULL
25.150727999999997,37.08579,Paros,"Aegean Sea (Hellas)","Paros (island)",['polis'],"['1.32.4','10.28.3','3.18.8','8.47.1','9.22.6']",NULL,https://pleiades.stoa.org/places/599867,NULL,https://wikidata.org/wiki/Q65040323,NULL,NULL,NULL,NULL
23.3178,38.3191,"Lower city of Thebes, Boeotia","Boiotia Bk9","Thebes (Boeotia)",['polis'],['9.7.6'],"Thebes (Boeotia)",NULL,NULL,NULL,NULL,NULL,NULL,NULL
22.8416,38.4944,"Chaironea (Boeotia)","Boiotia Bk9","Boiotia Bk9",['battlefield'],"['1.18.8','1.20.6','1.25.3','1.27.5','1.29.13','1.41.8','10.3.3','10.3.4','10.35.8','10.4.1','4.28.2','5.20.10','5.4.9','6.4.7','7.15.6','7.15.9','7.6.5','8.27.10','8.6.2','9.1.8','9.29.8','9.40.5','9.40.6','9.41.7','9.6.5']",NULL,https://pleiades.stoa.org/places/540701,https://topostext.org/place/385228PCha,https://wikidata.org/wiki/Q13574678,NULL,NULL,NULL,NULL
23.630098,38.387159,Graia,"Boiotia Bk9","Boiotia Bk9",['polis'],['9.20.2'],NULL,https://pleiades.stoa.org/places/540796,NULL,https://wikidata.org/wiki/Q15616542,NULL,NULL,NULL,NULL
22.9968,38.4128,"Phalaros river flowing into Kopaic Lake","Boiotia Bk9","Athena Itonia sanctuary in Boeotia",['potamos'],['9.34.5'],"Athena Itonia sanctuary in Boeotia",NULL,NULL,NULL,NULL,NULL,NULL,NULL
20.25,39.75,"Aornon place in Thesprotia with oracle of the dead","Hellas (Europe)",Thesprotia,"['mythic site']",['9.30.6'],Thesprotia,NULL,NULL,NULL,NULL,NULL,NULL,NULL
23.403247,38.317722,"unfinished temple of Demeter and Kore in ruins of Skôlos","Boiotia Bk9",Skolos,['naos'],['9.4.4'],Skolos,NULL,NULL,NULL,NULL,NULL,NULL,NULL
23.5841,38.3074,"Temple of Apollo in Tanagra, with Artemis and Leto","Boiotia Bk9","sacred district of Tanagra",['naos'],['9.22.1'],"sacred district of Tanagra",NULL,NULL,NULL,NULL,NULL,NULL,NULL
22.9166,38.4151,"Laphystion mountain","Boiotia Bk9","Boiotia Bk9",['oros'],"['9.34.5','9.34.6','9.34.7']",NULL,NULL,https://topostext.org/place/384229LLap,https://wikidata.org/wiki/Q24888313,NULL,NULL,NULL,NULL
22.956902,38.392613,"Agora of Korôneia","Boiotia Bk9","Koroneia (Boeotia)",['agora'],['9.34.3'],"Koroneia (Boeotia)",NULL,NULL,https://wikidata.org/wiki/Q133963434,NULL,NULL,NULL,NULL
22.87352,38.431063,"Sanctuary of Apollo at Lebadeia","Boiotia Bk9",Lebadeia,['hieron'],['9.39.4'],Lebadeia,NULL,NULL,https://wikidata.org/wiki/Q134037543,NULL,NULL,NULL,NULL
23.448834,38.498583,"Sanctuary and grove of the Kabeiri in Anthedon","Boiotia Bk9",Anthedon,['alsos'],['9.22.5'],Anthedon,NULL,NULL,NULL,NULL,NULL,NULL,NULL
23.3116,38.2999,"halls (megara), grove of Demeter and Kore at Potniai","Boiotia Bk9","Grove of Demeter and Kore at Potniai",['megaron'],['9.8.1'],"Grove of Demeter and Kore at Potniai",NULL,NULL,NULL,NULL,NULL,NULL,NULL
23.00169,38.385259,"oak tree used for Daidalon","Boiotia Bk9","oak forest near Alalkomenai",['drys'],['9.3.4'],"oak forest near Alalkomenai",NULL,NULL,NULL,NULL,NULL,NULL,NULL
23.3154,38.3215,"Neistian gate of Thebes","Boiotia Bk9","Thebes (Boeotia)",['pylai'],"['9.25.1','9.25.4','9.8.4']",NULL,NULL,https://topostext.org/place/383233FNei,https://wikidata.org/wiki/Q106526386,NULL,"Neistan gate",NULL,NULL
23.396935,38.391809,Glisas,"Boiotia Bk9","Boiotia Bk9",['settlement'],"['1.44.4','9.19.2','9.19.3','9.5.13','9.8.6','9.9.4']",NULL,https://pleiades.stoa.org/places/540791,NULL,https://wikidata.org/wiki/Q11924352,NULL,NULL,NULL,NULL
23.5841,38.3074,"Stoa by the theater in Tanagra","Boiotia Bk9","sacred district of Tanagra",['stoa'],['9.22.2'],"sacred district of Tanagra",NULL,NULL,NULL,NULL,NULL,NULL,NULL
26.4,40.2,Hellespontus,"Asia (continent)","Asia Minor (Asia)",['strait'],"['1.29.10','1.29.13','1.6.5','10.15.3','3.17.8','3.4.9','9.27.1']",NULL,https://pleiades.stoa.org/places/501434,NULL,https://wikidata.org/wiki/Q6514,NULL,NULL,NULL,NULL
23.074249,38.327032,"Askre, Askra","Boiotia Bk9","Boiotia Bk9",['settlement'],"['9.29.1','9.29.2','9.38.4']",NULL,https://pleiades.stoa.org/places/540670,NULL,https://wikidata.org/wiki/Q936920,NULL,NULL,NULL,NULL
23.3178,38.3191,"Place where Hera suckled Herakles in Thebes","Boiotia Bk9","Dragging of Antigonê, where sons of Oedipus fought",['chorion'],['9.25.2'],"Dragging of Antigonê, where sons of Oedipus fought",NULL,NULL,NULL,NULL,NULL,NULL,NULL
20.638399,38.44193,"Hall of Odysseus at Ithake","Hellas (Europe)","Ithaca (island)","['megaron','oikia']","['8.12.6','9.41.4']","Ithaca (island)",NULL,NULL,NULL,NULL,NULL,NULL,NULL
23.2733,38.2213,"Sanctuary of Eleusinian Demeter at Plataea","Boiotia Bk9","Plataea (Boeotia)",['hieron'],['9.4.3'],"Plataea (Boeotia)",NULL,NULL,https://wikidata.org/wiki/Q134037774,NULL,NULL,NULL,NULL
23.3178,38.3191,"temple of Ismenian Apollo, Thebes","Boiotia Bk9","Thebes (Boeotia)",['naos'],['9.10.2'],"Thebes (Boeotia)",NULL,NULL,NULL,NULL,NULL,NULL,NULL
22.96835,38.259722,"Plain of Thisbe","Boiotia Bk9",Thisbe,['pedion'],['9.32.3'],Thisbe,NULL,NULL,NULL,NULL,NULL,NULL,NULL
26.2536135,37.6136166,"Ikaros (island)","Aegean Sea (Hellas)","Aegean Sea (Hellas)",['nesos'],['9.11.5'],NULL,https://pleiades.stoa.org/places/599667,NULL,https://wikidata.org/wiki/Q209576,NULL,NULL,NULL,NULL
22.9141,38.3799,"Herakles Charops sanct. (Boeotia)","Boiotia Bk9","Boiotia Bk9",['hieron'],['9.34.5'],NULL,NULL,https://topostext.org/place/384229SHer,https://wikidata.org/wiki/Q134040016,NULL,NULL,NULL,NULL
23.0674,38.6067,"mountain beyond Kyrtones","Boiotia Bk9","Locris Opuntia region",['oros'],['9.24.5'],NULL,NULL,NULL,NULL,NULL,NULL,NULL,NULL
34.75,31.249999999999996,Palaestina,"Asia (continent)","Syria (Asia)",['chora'],"['1.14.7','10.12.9','9.19.8']",NULL,https://pleiades.stoa.org/places/687995,NULL,https://wikidata.org/wiki/Q23792,NULL,Palestine,NULL,NULL
23.3178,38.3191,"Theater at Thebes near Proetid gate","Boiotia Bk9","Thebes (Boeotia)",['theatron'],['9.16.6'],"Thebes (Boeotia)",NULL,NULL,NULL,NULL,NULL,NULL,NULL
22.87352,38.431063,"Sanctuary of Demeter Europe at grove of Trophonios Lebadeia","Boiotia Bk9",Lebadeia,['hieron'],['9.39.4'],Lebadeia,NULL,NULL,https://wikidata.org/wiki/Q134037546,NULL,NULL,NULL,NULL
23.0687,38.4471,"Kephisian lake","Boiotia Bk9","Boiotia Bk9",['limne'],"['9.13.3','9.24.1','9.24.2','9.34.5','9.38.6','9.38.7']",NULL,https://pleiades.stoa.org/places/540715,https://topostext.org/place/384231WCop,https://wikidata.org/wiki/Q1234240,NULL,"Kopaic lake Kephisis Cephissis Copais lake",NULL,NULL
23.3178,38.3191,"House of Lykos in Thebes","Boiotia Bk9","Thebes (Boeotia)",['oikia'],['9.16.7'],"Thebes (Boeotia)",NULL,NULL,NULL,NULL,"House of Lycus in Thebes",NULL,NULL
23.2733,38.2213,"tombs of the Athenians and Lakedaimonians at Plataea","Boiotia Bk9","Plataea (Boeotia)","['mnema','polyandrion']",['9.2.5'],"Plataea (Boeotia)",NULL,NULL,NULL,NULL,NULL,NULL,NULL
23.154521,38.293384,"sanctuary of Eros at Thespiai","Boiotia Bk9",Thespiai,['hieron'],['9.27.1'],Thespiai,NULL,NULL,https://wikidata.org/wiki/Q134037691,NULL,NULL,NULL,NULL
22.956902,38.392613,"Altar of the Winds in agora of Korôneia","Boiotia Bk9","Koroneia (Boeotia)",['bomos'],['9.34.3'],"Koroneia (Boeotia)",NULL,NULL,NULL,NULL,NULL,NULL,NULL
23.2733,38.2213,"Heroon of Plataea at Plataia","Boiotia Bk9","Plataea (Boeotia)",['heroon'],['9.2.7'],"Plataea (Boeotia)",NULL,NULL,NULL,NULL,NULL,NULL,NULL
23.3178,38.3191,"Tomb of Semêlê","Boiotia Bk9","Thebes (Boeotia)",['mnema'],['9.16.7'],"Thebes (Boeotia)",NULL,NULL,NULL,https://resource.manto.unh.edu/10158677,NULL,NULL,NULL
23.3178,38.3191,"Tomb of Pindar at the hippodrome of Thebes","Boiotia Bk9","Thebes (Boeotia)",['mnema'],['9.23.2'],"Thebes (Boeotia)",NULL,NULL,NULL,NULL,NULL,NULL,NULL
22.9166,38.4151,"Temenos of Zeus Laphystios","Boiotia Bk9","Laphystion mountain",['temenos'],['9.34.5'],"Laphystion mountain",NULL,NULL,NULL,https://resource.manto.unh.edu/10785504,NULL,NULL,NULL
27.041,38.9416,Elaea,"Asia Minor (Asia)",Aeolis,['polis'],['9.5.14'],NULL,https://pleiades.stoa.org/places/550523,NULL,https://wikidata.org/wiki/Q779669,NULL,NULL,NULL,NULL
23.3178,38.3191,"Heroon of Iolaus at stadium of Thebes","Boiotia Bk9","Thebes (Boeotia)",['heroon'],['9.23.1'],"Thebes (Boeotia)",NULL,NULL,NULL,NULL,NULL,NULL,NULL
26.5,41,"Thrace (Europe)",NULL,Europe,"['major region']","['1.10.2','1.25.2','1.29.13','1.29.4','1.29.5','1.38.2','1.6.4','1.9.5','10.11.5','10.19.5','2.30.2','3.9.12','5.10.8','5.12.6','5.27.12','6.5.4','7.4.3','8.29.1','9.30.9']",NULL,https://pleiades.stoa.org/places/501638,https://topostext.org/place/410265RThr,https://wikidata.org/wiki/Q41741,NULL,Thracia,NULL,NULL
20.25,39.75,Hades,"Hellas (Europe)",Thesprotia,"['mythical place']","['10.28.5','10.28.7','2.31.2','2.37.5','2.5.1','3.24.11','4.33.7','8.18.3','8.48.6','9.30.4','9.31.5','9.33.2','9.5.8']",Thesprotia,NULL,NULL,https://wikidata.org/wiki/Q1521549,NULL,Underworld,NULL,NULL
19.001,30.14,"Triton river of Libya, flowing from Tritonis lake","Libya (Africa)","Libya (Africa)",['potamos'],['9.33.7'],NULL,NULL,https://topostext.org/place/000000WTri,NULL,NULL,NULL,NULL,NULL
20.25,39.75,Thesprotia,"Hellas (Europe)","Epiros region",['chora'],"['1.17.4','1.17.5','1.18.4','1.6.8','4.34.3','4.35.3','5.14.2','5.22.3','5.23.2','6.14.9','9.30.6','9.36.3']",NULL,https://pleiades.stoa.org/places/531117,https://topostext.org/place/394204RThp,https://wikidata.org/wiki/Q2551754,NULL,NULL,NULL,NULL
22.84827,38.49486,"Theban polyandrion at Chaironeia","Boiotia Bk9","Chaironea (Boeotia)",['polyandrion'],['9.40.10'],NULL,NULL,https://topostext.org/place/385228ALoC,https://wikidata.org/wiki/Q56952437,NULL,"Lion of Chaeronea",NULL,NULL
23.116,38.207,"Oeroe (river)","Boiotia Bk9","Boiotia Bk9",['potamos'],['9.4.4'],NULL,https://pleiades.stoa.org/places/540967,NULL,https://wikidata.org/wiki/Q25019614,NULL,NULL,NULL,NULL
22.959486,38.495082,"Tomb of Hesiod in Orchomenos with inscription","Boiotia Bk9","Orchomenos (Boeotia)",['mnema'],['9.38.4'],"Orchomenos (Boeotia)",NULL,NULL,NULL,NULL,NULL,NULL,NULL
21.695,37.027,"Pylos/Palace of Nestor (Messenia)","Messenia Bk4","Messenia Bk4",['polis'],"['3.26.8','9.36.8','9.41.4']",NULL,https://pleiades.stoa.org/places/156116232,https://topostext.org/place/370217XNes,https://wikidata.org/wiki/Q2047396,NULL,NULL,NULL,NULL
23.3116,38.2999,"Potniai (Boeotia)","Boiotia Bk9","Boiotia Bk9",['polis'],"['9.8.1','9.8.2','9.8.3']",NULL,https://pleiades.stoa.org/places/541070,https://topostext.org/place/383233PPot,https://wikidata.org/wiki/Q3400070,NULL,NULL,NULL,NULL
27.184167,39.1325,"Chamber of Attalos at Pergamon","Asia Minor (Asia)",Pergamum,['thalamos'],['9.35.6'],Pergamum,NULL,NULL,NULL,NULL,NULL,NULL,NULL
23.1453,38.3622,"Temple of Onchestian Poseidon at Onchestos","Boiotia Bk9","Onchestos (Boeotia)",['naos'],['9.26.5'],"Onchestos (Boeotia)",https://pleiades.stoa.org/places/162490152,NULL,NULL,NULL,NULL,NULL,NULL
23.4032,38.2358,"Erythrai (Boeotia)","Boiotia Bk9","Boiotia Bk9",['polisma'],"['6.21.11','9.2.1']",NULL,https://pleiades.stoa.org/places/540771,https://topostext.org/place/382234PEry,https://wikidata.org/wiki/Q56399414,NULL,NULL,NULL,NULL
22.87352,38.431063,"Temple of Herkyna at Lebadeia","Boiotia Bk9",Lebadeia,['naos'],['9.39.3'],Lebadeia,NULL,NULL,NULL,NULL,NULL,NULL,NULL
23.545847,38.415804,Mykalessos,"Boiotia Bk9","Boiotia Bk9",['polis'],"['1.23.3','9.19.4','9.19.5','9.19.8','9.20.2']",NULL,https://pleiades.stoa.org/places/540953,NULL,https://wikidata.org/wiki/Q1529070,NULL,NULL,NULL,NULL
23.3178,38.3191,"Dragging of Antigonê, where sons of Oedipus fought","Boiotia Bk9","Thebes (Boeotia)","['mythic site']",['9.25.2'],"Thebes (Boeotia)",NULL,NULL,NULL,NULL,NULL,NULL,NULL
23.3178,38.3191,"Hypsistan gate of Thebes","Boiotia Bk9","Thebes (Boeotia)",['pylai'],['9.8.5'],"Thebes (Boeotia)",NULL,NULL,NULL,NULL,NULL,NULL,NULL
77.5,22.5,India,"Asia (continent)","Asia (continent)",['chora'],"['3.12.4','5.12.3','9.21.5']",NULL,https://pleiades.stoa.org/places/50004,NULL,https://wikidata.org/wiki/Q17055962,NULL,NULL,NULL,NULL
22.5,37.5,"Hellas (Europe)",Europe,Europe,"['major region']","['1.1.1','1.12.1','1.27.9','1.29.5','1.3.5','1.4.1','1.4.2','1.41.8','1.5.5','10.14.6','10.17.3','10.19.12','10.19.5','10.19.7','10.19.8','10.20.9','10.23.12','10.23.14','10.23.8','10.24.3','10.25.1','10.34.5','10.5.3','10.9.2','2.1.8','2.29.7','2.29.8','2.33.5','2.4.5','3.11.3','3.12.7','3.17.8','3.20.6','3.3.3','3.4.7','3.4.8','3.7.11','3.9.4','3.9.8','4.2.3','4.28.4','4.31.1','5.10.1','5.14.2','5.15.2','5.17.9','5.20.10','5.23.7','5.24.2','5.25.12','5.4.6','5.4.7','5.4.9','5.5.2','5.7.7','6.11.3','6.18.5','7.10.1','7.10.2','7.10.3','7.10.4','7.10.5','7.10.7','7.11.1','7.11.2','7.14.1','7.15.1','7.15.3','7.16.10','7.16.9','7.17.1','7.17.2','7.17.3','7.2.2','7.20.6','7.24.2','7.26.11','7.3.1','7.5.13','7.6.3','7.6.9','7.7.6','7.8.1','7.8.2','7.8.7','7.9.5','8.14.5','8.20.1','8.3.5','8.32.1','8.37.2','8.42.7','8.43.4','8.45.5','8.46.3','8.50.3','8.50.4','8.51.1','8.51.4','8.52.1','8.52.2','8.52.3','8.52.4','8.52.5','8.52.6','9.1.2','9.17.6','9.23.3','9.28.1','9.29.8','9.38.2','9.38.4','9.6.2']",NULL,https://pleiades.stoa.org/places/1001896,NULL,https://wikidata.org/wiki/Q11772,NULL,NULL,NULL,NULL
22.994538,38.371064,Tilphosaion?,"Phokis Bk10","Phokis Bk10",['oros'],"['9.33.1','9.33.3']",NULL,https://pleiades.stoa.org/places/541148,NULL,https://wikidata.org/wiki/Q15696676,NULL,NULL,NULL,NULL
23.288,38.566,"Harbor of Larymna, deep close in (agchibathês).","Boiotia Bk9","Larymna (Boeotia)",['limen'],['9.23.7'],"Larymna (Boeotia)",NULL,NULL,NULL,NULL,NULL,NULL,NULL
23.00169,38.385259,"temple of Athena on flat ground near Alalkomenai","Boiotia Bk9",Alalkomenai,['naos'],['9.33.5'],Alalkomenai,NULL,NULL,NULL,NULL,NULL,NULL,NULL
23.5841,38.3074,"Temple of Dionysos at Tanagra","Boiotia Bk9","Sanctuary of Dionysos in Tanagra",['naos'],['9.20.4'],"Sanctuary of Dionysos in Tanagra",NULL,NULL,NULL,NULL,NULL,NULL,NULL
22.96835,38.259722,"Sanctuary of Herakles at Thisbe","Boiotia Bk9",Thisbe,['hieron'],['9.32.2'],Thisbe,NULL,NULL,https://wikidata.org/wiki/Q134037621,NULL,NULL,NULL,NULL
23.59246,38.43335,"temple of Artemis at Aulis","Boiotia Bk9",Aulis,['naos'],"['9.19.6','9.19.7']",NULL,NULL,NULL,https://wikidata.org/wiki/Q2612265,NULL,NULL,NULL,NULL
23.160772,38.493128,"Sanctuary of Sarapis at Kopai","Boiotia Bk9",Kopai,['naos'],['9.24.1'],Kopai,NULL,NULL,NULL,NULL,NULL,NULL,NULL
23.154521,38.293384,"Temple of the Muses in Thespiai","Boiotia Bk9",Thespiai,['naos'],['9.27.5'],Thespiai,NULL,NULL,NULL,NULL,NULL,NULL,NULL
23.486691,38.388352,Harma,"Boiotia Bk9","Boiotia Bk9",['polis'],"['1.34.2','9.19.4','9.19.8']",NULL,https://pleiades.stoa.org/places/540805,NULL,https://wikidata.org/wiki/Q57401086,NULL,NULL,NULL,NULL
23.052885,38.189977,"Herakleion of Tiphai/Siphai","Boiotia Bk9",Siphai/Tipha,['hieron'],['9.32.4'],Siphai/Tipha,NULL,NULL,https://wikidata.org/wiki/Q134037648,NULL,NULL,NULL,NULL
22.571,40.033,"Sys river (Pieria)","Macedonia (Europe)",Pieria,['potamos'],['9.30.11'],NULL,https://pleiades.stoa.org/places/491735,https://topostext.org/place/403228WSys,NULL,NULL,NULL,NULL,NULL
23.088,38.3787,"Sanctuary of the Praxidikai in Haliartos","Boiotia Bk9","Haliartos (Boeotia)",['hieron'],['9.33.3'],"Haliartos (Boeotia)",NULL,NULL,https://wikidata.org/wiki/Q134037663,NULL,NULL,NULL,NULL
22.82514,38.35217,"Helicon mountain","Boiotia Bk9","Boiotia Bk9","['hemera dendra','oros']","['9.26.6','9.28.1','9.29.1','9.29.5','9.30.1','9.31.1','9.31.2','9.31.3','9.31.4','9.31.7']",NULL,https://pleiades.stoa.org/places/540808,NULL,https://wikidata.org/wiki/Q215516,NULL,Helikon,NULL,NULL
25.1836,35.2052,Crete,NULL,"Hellas (Europe)",['nesos'],"['1.17.3','1.17.6','1.21.4','1.22.5','1.26.4','1.27.10','1.27.9','1.42.2','10.2.7','10.7.2','2.30.3','2.31.1','2.32.2','2.33.4','2.6.7','2.7.7','3.18.4','3.18.5','3.2.7','5.8.1','6.21.6','7.2.5','7.3.7','7.4.5','7.4.6','7.4.8','8.48.3','8.49.7','8.50.6','8.53.4','9.11.4','9.40.3']",NULL,https://pleiades.stoa.org/places/589748,https://topostext.org/place/352252IKre,https://wikidata.org/wiki/Q4752820,NULL,NULL,NULL,NULL
22.876,38.3642,"Libethrias spring on Libethrion mountain","Boiotia Bk9","Leibethrion Mountain (Boeotia",['pege'],['9.34.4'],NULL,NULL,NULL,NULL,NULL,NULL,NULL,NULL
22.82514,38.35217,"Spring of Aganippê on Helikôn","Boiotia Bk9","Helicon mountain",['pege'],['9.29.5'],"Helicon mountain",NULL,NULL,NULL,https://resource.manto.unh.edu/10267665,NULL,NULL,NULL
26.61011,40.35074,Aigospotamos,"Thrace (Europe)","Chersonesus (Thrace)","['battlefield','potamos']","['10.38.10','10.9.11','10.9.9','3.11.5','3.17.4','3.18.8','3.8.6','4.17.3','4.26.2','6.3.15','9.32.7','9.32.9']",NULL,https://pleiades.stoa.org/places/501336,NULL,https://wikidata.org/wiki/Q404513,NULL,NULL,NULL,NULL
22.961,38.5004,"Springs of the Melas river at Orchomenos","Boiotia Bk9","Orchomenos (Boeotia)",['pege'],['9.38.6'],NULL,NULL,https://topostext.org/place/385230WMeS,https://wikidata.org/wiki/Q106391783,NULL,NULL,NULL,NULL
23.3178,38.3191,"Tomb of Amphion at Thebes","Boiotia Bk9","Burial mound of Zethos and Amphion in Thebes",['mnema'],['9.17.7'],"Burial mound of Zethos and Amphion in Thebes",NULL,NULL,NULL,NULL,NULL,NULL,NULL
22.8416,38.4944,"Summit of Petrachos mountain","Boiotia Bk9","Petrachos cliff above Chairôneia",['koryphe'],['9.41.6'],"Petrachos cliff above Chairôneia",NULL,NULL,NULL,NULL,NULL,NULL,NULL
23.3178,38.3191,"Oidipodian spring near Thebes","Boiotia Bk9","Thebes (Boeotia)",['pege'],['9.18.5'],"Thebes (Boeotia)",NULL,NULL,NULL,https://resource.manto.unh.edu/10185198,NULL,NULL,NULL
23.87,38.53,"Euboea (island)","Hellas (Europe)","Hellas (Europe)",['nesos'],"['1.17.6','1.27.5','1.28.2','1.29.11','1.31.5','1.32.3','1.36.4','1.5.3','10.6.6','10.9.10','2.23.1','4.36.6','5.13.4','5.22.4','5.23.2','5.23.4','7.14.7','7.2.4','7.26.4','7.4.9','7.6.3','7.7.6','7.7.9','8.1.5','8.14.12','8.15.7','9.19.6','9.22.2','9.24.5','9.3.1']",NULL,https://pleiades.stoa.org/places/540775,NULL,https://wikidata.org/wiki/Q173096,NULL,NULL,NULL,NULL
22.50108,38.48264,"Delphic Oracle, Pytho (Delphi)","Phokis Bk10","Sanctuary of Pythian Apollo at Delphi",['manteion'],"['1.19.3','1.2.5','1.3.4','1.32.5','1.32.6','1.44.9','1.9.3','10.10.6','10.11.5','10.12.1','10.13.8','10.5.5','10.5.6','10.5.7','10.5.8','10.6.6','10.7.3','2.26.7','2.29.7','2.33.2','6.11.7','6.9.7','9.14.2','9.8.2']",NULL,NULL,NULL,https://wikidata.org/wiki/Q682558,NULL,NULL,NULL,NULL
23.3178,38.3191,"Polyandrion of the Thebans agains Alexander III, outside the gate of Thebes","Boiotia Bk9","Thebes (Boeotia)",['mnema'],['9.10.1'],"Thebes (Boeotia)",NULL,NULL,NULL,NULL,NULL,NULL,NULL
23.044957,38.585688,"Temple and grove of Apollo in Kyrtones","Boiotia Bk9",Kyrtones,['alsos'],['9.24.4'],Kyrtones,NULL,NULL,NULL,NULL,NULL,NULL,NULL
22.87352,38.431063,"Herkyna river","Boiotia Bk9",Lebadeia,['potamos'],"['9.39.2','9.39.3','9.39.5','9.39.7']",Lebadeia,NULL,https://topostext.org/place/384229WHer,https://wikidata.org/wiki/Q106496258,NULL,NULL,NULL,NULL
23.5841,38.3074,"Sanctuary of Hermes Promachos in Tanagra","Boiotia Bk9","sacred district of Tanagra",['hieron'],"['9.22.1','9.22.2']","sacred district of Tanagra",NULL,NULL,https://wikidata.org/wiki/Q134038175,https://resource.manto.unh.edu/10773537,NULL,NULL,NULL
23.088,38.3787,"roofless, empty temples in Haliartos","Boiotia Bk9","Haliartos (Boeotia)",['naos'],['9.33.3'],"Haliartos (Boeotia)",NULL,NULL,NULL,NULL,NULL,NULL,NULL
22.5012215,38.4823167,"Temple of Apollo at Delphi","Phokis Bk10","Sanctuary of Pythian Apollo at Delphi",['naos'],"['1.43.8','10.13.8','10.14.5','10.19.4','10.24.4','10.5.13','4.5.4','9.37.5']",NULL,https://pleiades.stoa.org/places/464482219,NULL,https://wikidata.org/wiki/Q10751359,NULL,NULL,NULL,NULL
23.088,38.3787,"Lophis river in Haliartia","Boiotia Bk9","Haliartos (Boeotia)",['potamos'],['9.33.4'],"Haliartos (Boeotia)",NULL,NULL,https://wikidata.org/wiki/Q60791086,NULL,NULL,NULL,NULL
22.5,37.001,"Lakonia Bk3",NULL,Peloponnesos,['chora'],"['1.11.2','1.13.4','1.13.5','1.13.6','1.13.7','1.18.4','1.28.4','1.38.4','10.13.10','10.2.2','10.38.10','10.9.5','10.9.9','2.18.8','2.22.6','2.3.5','2.9.2','3.1.1','3.1.3','3.1.5','3.11.1','3.12.9','3.14.9','3.16.9','3.18.3','3.20.10','3.20.11','3.20.3','3.21.3','3.21.6','3.22.6','3.23.11','3.23.6','3.24.1','3.24.6','3.3.3','3.4.1','3.7.10','3.7.11','3.7.7','3.8.1','3.9.10','4.1.1','4.10.7','4.16.8','4.17.1','4.18.1','4.18.2','4.20.5','4.23.5','4.27.1','4.28.2','4.28.5','4.30.2','4.4.6','4.4.7','4.5.9','4.7.2','5.17.1','5.9.1','7.1.5','7.1.6','7.1.7','7.10.3','7.11.8','7.12.7','7.13.3','7.13.7','7.18.5','7.20.8','7.25.3','7.6.2','7.6.3','7.8.4','7.9.1','8.11.5','8.12.6','8.12.8','8.35.3','8.5.13','8.5.7','8.50.2','8.50.5','8.51.1','8.53.11','9.13.5','9.14.1','9.14.6']",NULL,https://pleiades.stoa.org/places/570406,https://topostext.org/place/370225RLak,https://wikidata.org/wiki/Q11931074,NULL,"Laconia Lacedaemonia",NULL,NULL
23.403247,38.317722,Skolos,"Boiotia Bk9","Boiotia Bk9",['settlement'],['9.4.4'],NULL,https://pleiades.stoa.org/places/541106,NULL,https://wikidata.org/wiki/Q12884533,NULL,NULL,NULL,NULL
23.396935,38.391809,"Grave mound of Promachus and other Argives near Glisas","Boiotia Bk9",Glisas,"['choma ges','mnema']",['9.19.2'],Glisas,NULL,NULL,NULL,https://resource.manto.unh.edu/10185301,NULL,NULL,NULL
22.756111,37.730833,Mycenae,"Argolid Bk2","Argolid Bk2",['settlement'],"['10.20.1','2.15.4','2.16.3','2.16.4','2.16.5','2.16.6','2.17.1','2.18.1','2.4.2','5.23.3','7.25.5','8.27.1','8.33.2','8.5.4','9.34.6']",NULL,https://pleiades.stoa.org/places/570491,NULL,https://wikidata.org/wiki/Q132564,NULL,NULL,NULL,NULL
23.255,38.318,"Kabeirion of Thebes","Boiotia Bk9","Thebes (Boeotia)",['hieron'],"['9.25.10','9.25.5','9.25.6','9.25.7','9.25.9','9.26.1','9.26.6']",NULL,https://pleiades.stoa.org/places/540844,https://topostext.org/place/383233SKab,https://wikidata.org/wiki/Q15206356,https://resource.manto.unh.edu/10214638,NULL,NULL,NULL
23.08241,38.59375,Korseia,"Boiotia Bk9","Boiotia Bk9",['polisma'],['9.24.5'],NULL,https://pleiades.stoa.org/places/540882,NULL,https://wikidata.org/wiki/Q13580762,NULL,NULL,NULL,NULL
23.545847,38.415804,"Sanctuary of Demeter Mykalêsia between Mykalessos and the sea.","Boiotia Bk9",Mykalessos,['hieron'],['9.19.5'],Mykalessos,https://pleiades.stoa.org/places/543678,NULL,https://wikidata.org/wiki/Q134040027,https://resource.manto.unh.edu/10773521,NULL,NULL,NULL
25.738816,35.257679,Olous,Crete,Crete,['polis'],['9.40.3'],NULL,https://pleiades.stoa.org/places/589959,NULL,https://wikidata.org/wiki/Q2215268,NULL,NULL,NULL,NULL
23.581173,38.30019833,"Asopos (river)","Boiotia Bk9","Boiotia Bk9",['potamos'],"['2.5.2','2.6.1','2.6.4','5.14.3','9.1.1','9.1.2','9.3.7','9.4.4','9.8.1']",NULL,https://pleiades.stoa.org/places/540672,NULL,https://wikidata.org/wiki/Q2737429,NULL,NULL,NULL,NULL
23.3178,38.3191,"Sanctuary of Zeus Hypsistos at Thebes","Boiotia Bk9","Thebes (Boeotia)",['hieron'],['9.8.5'],"Thebes (Boeotia)",NULL,NULL,https://wikidata.org/wiki/Q134037867,https://resource.manto.unh.edu/10771941,NULL,NULL,NULL
23.034484,38.512851,Aspledon,"Boiotia Bk9","Boiotia Bk9",['polis'],['9.38.9'],NULL,https://pleiades.stoa.org/places/540673,https://topostext.org/place/385230UAsp,https://wikidata.org/wiki/Q12874125,NULL,NULL,NULL,NULL
26.2536135,37.6136166,"promontory of Ikaria island on which Ikaros was buried","Aegean Sea (Hellas)","Ikaros (island)",['akra'],['9.11.5'],"Ikaros (island)",NULL,NULL,NULL,NULL,NULL,NULL,NULL
23.2505528,38.1850025,"Kithairon (mountain)","Boiotia Bk9",Plataiis,['oros'],"['1.38.8','1.38.9','1.41.4','1.41.6','10.5.3','9.1.2','9.13.7','9.2.1','9.2.4','9.3.7','9.3.9']",NULL,https://pleiades.stoa.org/places/540714,NULL,https://wikidata.org/wiki/Q1147780,NULL,Cithaeron,NULL,NULL
23.3178,38.3191,"House of Amphitryon in Thebes, in ruins, left of the Electra gate","Boiotia Bk9","Thebes (Boeotia)",['oikia'],['9.11.1'],"Thebes (Boeotia)",NULL,NULL,NULL,NULL,NULL,NULL,NULL
23.25,38.35,"disputed border between Thebes and Plataea","Boiotia Bk9","Boiotia Bk9",['horos'],['9.6.1'],"Boiotia Bk9",NULL,NULL,NULL,NULL,NULL,NULL,NULL
22.5,42.5,"Macedonia (Europe)",Europe,"Hellas (Europe)","['major region']","['10.20.5','10.33.3','10.8.4','3.6.8','5.5.1','5.8.11','6.4.10','6.5.5','7.10.7','7.13.1','7.15.11','7.15.2','7.16.1','7.17.2','7.25.6','7.7.7','7.8.3','7.8.8','8.49.5','8.49.6','8.8.11','8.8.12','9.40.8','9.40.9']",NULL,https://pleiades.stoa.org/places/491656,https://topostext.org/place/408225RMak,https://wikidata.org/wiki/Q81734,NULL,NULL,NULL,NULL
22.875,38.4312,"Trophonius oracle (Boeotia)","Boiotia Bk9","Boiotia Bk9",['hieron'],"['4.16.7','9.37.7','9.39.2']",NULL,https://pleiades.stoa.org/places/373984234,https://topostext.org/place/384229STro,https://wikidata.org/wiki/Q12880663,NULL,NULL,NULL,NULL
23.1743,38.2647,"Leuktra (Boeotia)","Boiotia Bk9","Boiotia Bk9","['battlefield','settlement']","['1.13.4','1.13.5','1.29.11','1.3.4','10.11.5','3.6.1','6.3.3','7.6.8','8.27.8','8.6.2','8.8.10','9.1.8','9.13.3','9.13.4','9.13.5','9.14.1','9.14.3','9.16.5','9.6.4','9.6.5']",NULL,https://pleiades.stoa.org/places/540913,https://topostext.org/place/383231ULeu,https://wikidata.org/wiki/Q2606004,NULL,Leuctra,NULL,NULL
23.448834,38.498583,"Temple of Demeter and the Child in Anthedon","Boiotia Bk9",Anthedon,['naos'],['9.22.5'],Anthedon,NULL,NULL,NULL,NULL,NULL,NULL,NULL
23.34285,37.997,"Megara (Megarid)","Megarid Bk1","Megarid Bk1",['polis'],"['1.35.2','1.36.3','1.39.1','1.39.4','1.39.5','1.39.6','1.40.1','1.41.2','1.41.5','1.41.6','1.41.7','1.43.3','1.43.5','1.44.2','1.44.4','1.44.6','1.5.3','1.5.4','10.11.6','2.34.7','4.36.1','5.23.5','5.26.7','6.7.2','7.15.10','9.2.3']",NULL,https://pleiades.stoa.org/places/570468,https://topostext.org/place/380233PMeg,https://wikidata.org/wiki/Q42307600,NULL,NULL,NULL,NULL
26.333333,37.5,"Ikarion Mare","Aegean Sea (Hellas)","Aegean Sea (Hellas)",['thalassa'],['9.11.5'],NULL,https://pleiades.stoa.org/places/599668,NULL,https://wikidata.org/wiki/Q1640853,NULL,NULL,NULL,NULL
22.959486,38.495082,"Sanctuary of the Graces (Charitôn) at Orchomenos","Boiotia Bk9","Orchomenos (Boeotia)",['hieron'],['9.38.1'],"Orchomenos (Boeotia)",NULL,NULL,https://wikidata.org/wiki/Q134037611,https://resource.manto.unh.edu/10785780,NULL,NULL,NULL
26.23873,39.9577,Ilium,"Asia Minor (Asia)",Troas,['settlement'],"['1.1.2','1.11.1','1.12.1','1.12.5','1.15.2','1.23.4','1.28.9','1.35.1','1.35.4','1.37.3','1.4.6','1.43.1','10.1.3','10.12.2','10.17.6','10.25.8','10.27.4','10.30.8','10.31.7','10.33.2','10.36.10','10.38.5','2.16.6','2.17.3','2.18.5','2.20.6','2.22.2','2.23.1','2.23.5','2.24.2','2.24.3','2.25.5','2.30.10','2.32.2','2.4.2','3.12.6','3.22.2','3.24.11','3.26.10','3.4.7','3.9.3','5.13.4','5.13.5','5.17.10','5.18.3','5.22.4','5.3.4','5.4.7','6.25.3','7.19.6','7.19.9','7.24.2','7.3.7','7.6.3','8.1.3','8.10.10','8.10.9','8.12.6','8.12.9','8.15.6','8.15.7','8.23.4','8.24.10','8.28.4','8.33.2','8.44.4','8.45.2','8.46.2','8.5.2','8.5.3','8.53.7','8.6.1','9.18.5','9.37.7','9.39.3','9.4.3','9.41.2','9.5.14','9.5.15']",NULL,https://pleiades.stoa.org/places/550595,NULL,https://wikidata.org/wiki/Q22647,NULL,"Troy, Troia, Ilion",NULL,NULL
23.2505528,38.1850025,"Sphrangidion cave/oracle of Kithaironidai Nymphs on Kithairôn Mt.","Boiotia Bk9","Kithairon (mountain)",['spelaion'],['9.3.9'],"Kithairon (mountain)",NULL,NULL,NULL,NULL,NULL,NULL,NULL
23.3178,38.3191,"Fountain of Ares - Krênê Areôs Thebes, beyond the Ismenion","Boiotia Bk9","Thebes (Boeotia)",['pege'],['9.10.5'],"Thebes (Boeotia)",NULL,NULL,NULL,https://resource.manto.unh.edu/9612938,NULL,NULL,NULL
22.875,38.4312,"Pit of Agamedes in grove of Trophonios, Lebadeia","Boiotia Bk9","Trophonius oracle (Boeotia)",['bothros'],"['9.37.7','9.39.6']","Trophonius oracle (Boeotia)",NULL,NULL,NULL,NULL,NULL,NULL,NULL
23.0687,38.4471,"Athenai on Kephisian lake","Boiotia Bk9","Kephisian lake",['polisma'],['9.24.2'],"Kephisian lake",NULL,NULL,https://wikidata.org/wiki/Q60791218,NULL,NULL,NULL,NULL
22.4992,40.1663,"Baphyras river (Pieria)","Macedonia (Europe)",Pieria,['potamos'],['9.30.8'],NULL,NULL,https://topostext.org/place/402225WBap,NULL,NULL,NULL,NULL,NULL
22.8416,38.4944,"Petrachos cliff above Chairôneia","Boiotia Bk9","Chaironea (Boeotia)",['kremnos'],['9.41.6'],"Chaironea (Boeotia)",NULL,NULL,NULL,NULL,NULL,NULL,NULL
22.42479249,40.13002812,"Mountain of Pieria above Dion","Macedonia (Europe)",Pieria,['oros'],['9.30.7'],Pieria,NULL,NULL,NULL,NULL,NULL,NULL,NULL
22.3933,37.6181,"Mantineia (Arkadia)","Arcadia Bk8","Arcadia Bk8",['polis'],"['1.29.13','1.3.4','10.13.6','10.20.1','2.25.1','2.8.6','6.11.4','6.4.11','8.10.1','8.10.2','8.11.1','8.11.5','8.11.6','8.12.2','8.12.6','8.12.7','8.27.14','8.3.4','8.49.2','8.5.11','8.5.5','8.50.2','8.6.4','8.7.1','8.8.11','8.8.12','8.8.4','8.8.7','8.8.9','8.9.7','8.9.8','9.14.4','9.15.5']",NULL,https://pleiades.stoa.org/places/570459,https://topostext.org/place/376224UMan,https://wikidata.org/wiki/Q1160195,NULL,Mantinea,NULL,NULL
23.5841,38.3074,"Tomb of Orion in Tanagra","Boiotia Bk9","Tanagra (Boeotia)",['mnema'],['9.20.3'],"Tanagra (Boeotia)",NULL,NULL,NULL,https://resource.manto.unh.edu/10192025,NULL,NULL,NULL
22.96835,38.259722,"Plain between coastal mountains of Thisbe","Boiotia Bk9",Thisbe,['pedion'],['9.32.2'],Thisbe,NULL,NULL,NULL,NULL,NULL,NULL,NULL
23.3178,38.3191,"stadium of Thebes, earth bank near Proetid gate","Boiotia Bk9","Thebes (Boeotia)","['choma ges','stadion']",['9.23.1'],"Thebes (Boeotia)",NULL,NULL,NULL,NULL,NULL,NULL,NULL
23.044957,38.585688,"spring at Kyrtones with sanctuary and cold water","Boiotia Bk9",Kyrtones,['pege'],['9.24.4'],Kyrtones,NULL,NULL,NULL,NULL,NULL,NULL,NULL
23.2733,38.2213,"pronaos of temple of Athena Areia, Plataea","Boiotia Bk9","temple in hieron of Athena Areia at Plataea",['pronaos'],['9.4.2'],"temple in hieron of Athena Areia at Plataea",NULL,NULL,NULL,NULL,NULL,NULL,NULL
23.3178,38.3191,"Plain of Thebes","Boiotia Bk9","Thebes (Boeotia)",['pedion'],['9.1.6'],"Thebes (Boeotia)",NULL,NULL,NULL,NULL,NULL,NULL,NULL
23.3178,38.3191,"Gymnasium of the Herakleion in Thebes","Boiotia Bk9","Thebes (Boeotia)",['gymnasion'],['9.11.7'],"Thebes (Boeotia)",NULL,NULL,NULL,NULL,NULL,NULL,NULL
23.154521,38.293384,Thespiai,"Boiotia Bk9","Boiotia Bk9",['polis'],"['10.20.1','9.14.2','9.20.2','9.23.2','9.26.6','9.26.7','9.27.4','9.27.5','9.29.3','9.31.7','9.32.5']",NULL,https://pleiades.stoa.org/places/541141,https://topostext.org/place/383232PThe,https://wikidata.org/wiki/Q1141295,NULL,NULL,NULL,NULL
23.0587,38.3208,"Grove of the Muses on Mt. Helikon","Boiotia Bk9","Helicon mountain",['alsos'],"['9.29.5','9.31.3']",NULL,https://pleiades.stoa.org/places/540951,https://topostext.org/place/383231SMus,https://wikidata.org/wiki/Q7912361,https://resource.manto.unh.edu/10774951,NULL,NULL,NULL
23.160772,38.493128,"Sanctuary of Demeter at Kopai","Boiotia Bk9",Kopai,['hieron'],['9.24.1'],Kopai,NULL,NULL,https://wikidata.org/wiki/Q134037709,NULL,NULL,NULL,NULL
23.882709800000004,38.0814366,"Pentelikon/Brilessos (mountain)","Attica Bk1","Attica Bk1",['oros'],"['1.19.6','1.32.1','1.32.2','5.6.6','9.11.6','9.25.3']",NULL,https://pleiades.stoa.org/places/580065,https://topostext.org/place/381239LPen,https://wikidata.org/wiki/Q1125206,NULL,NULL,NULL,NULL
23.3178,38.3191,"Chamber of Semele in Thebes","Boiotia Bk9","Thebes (Boeotia)",['thalamos'],['9.12.4'],"Thebes (Boeotia)",NULL,NULL,NULL,NULL,NULL,NULL,NULL
33.1438299,34.712174,"Sanctuary of Aphrodite and Adonis at Amathous","Cyprus (island)",Amathous,['hieron'],['9.41.2'],Amathous,NULL,NULL,https://wikidata.org/wiki/Q134038490,https://resource.manto.unh.edu/10786055,NULL,NULL,NULL
23.412,38.4,"Mt. Hypatos above Glisas","Boiotia Bk9","Boiotia Bk9",['oros'],['9.19.3'],NULL,NULL,NULL,https://wikidata.org/wiki/Q25069937,NULL,NULL,NULL,NULL
23.031,38.319,"Hippokrene spring on Helikon","Boiotia Bk9","Helicon mountain",['pege'],['9.31.3'],NULL,NULL,https://topostext.org/place/383230WHip,https://wikidata.org/wiki/Q195848,https://resource.manto.unh.edu/9878338,NULL,NULL,NULL
22.9747,38.49312,"Treasury of Minyas (Orchomenos)","Boiotia Bk9","Orchomenos (Boeotia)",['thesauros'],"['9.36.4','9.36.5','9.38.2']",NULL,NULL,https://topostext.org/place/385230GMin,https://wikidata.org/wiki/Q1792894,NULL,NULL,NULL,NULL
23.3116,38.2999,"well at Potniai that causes madness in local horses","Boiotia Bk9","Potniai (Boeotia)",['phrear'],['9.8.2'],"Potniai (Boeotia)",NULL,NULL,NULL,NULL,NULL,NULL,NULL
22.87352,38.431063,"House sacred to Agathos Daimon and Agathe Tyche at Lebadeia","Boiotia Bk9",Lebadeia,['oikema'],['9.39.5'],Lebadeia,NULL,NULL,NULL,NULL,NULL,NULL,NULL
22.315807,38.41224,Molykreion,"Aitolia region","Aitolia region",['settlement'],"['5.3.6','9.31.6']",NULL,https://pleiades.stoa.org/places/540948,NULL,https://wikidata.org/wiki/Q16608474,NULL,NULL,NULL,NULL
23.052885,38.189977,Siphai/Tipha,"Boiotia Bk9","Boiotia Bk9",['polisma'],['9.32.4'],NULL,https://pleiades.stoa.org/places/541102,NULL,https://wikidata.org/wiki/Q3561270,NULL,NULL,NULL,NULL
23.3178,38.3191,"Altar for Dionysos at chamber of Semele in Thebes","Boiotia Bk9","Thebes (Boeotia)",['bomos'],['9.12.4'],"Thebes (Boeotia)",NULL,NULL,NULL,NULL,NULL,NULL,NULL
22.41474,39.64147,Larissa,"Hellas (Europe)",Thessalia,['settlement'],"['1.13.2','2.16.2','2.24.1','9.30.9']",NULL,https://pleiades.stoa.org/places/540905,NULL,https://wikidata.org/wiki/Q178405,NULL,NULL,NULL,NULL
23.3178,38.3191,"House of Pindar in ruins outside Thebes","Boiotia Bk9","Thebes (Boeotia)",['oikia'],['9.25.3'],"Thebes (Boeotia)",NULL,NULL,NULL,NULL,NULL,NULL,NULL
23.00169,38.385259,"Triton small winter torrent by temple of Athena, Alalkomenai","Boiotia Bk9",Alalkomenai,['potamos'],['9.33.7'],Alalkomenai,NULL,NULL,NULL,NULL,NULL,NULL,NULL
22.88807,37.93277,Lechaion,"Corinthia Bk2","Corinthia Bk2",['limen'],"['10.37.3','2.1.5','2.2.3','2.3.2','2.3.4','7.6.7','8.1.2','9.14.6','9.15.4']",NULL,https://pleiades.stoa.org/places/570420,NULL,https://wikidata.org/wiki/Q1811299,NULL,NULL,NULL,NULL
23.252,38.503,"Melas river (Boeotia)","Boiotia Bk9","Boiotia Bk9",['potamos'],['9.38.6'],NULL,NULL,https://topostext.org/place/385233WMel,https://wikidata.org/wiki/Q25018061,NULL,NULL,NULL,NULL
25.520010000000003,37.127,"Naxos (island)","Aegean Sea (Hellas)","Cyclades region (Aegean)",['nesos'],"['1.27.5','7.3.3','9.22.6']",NULL,https://pleiades.stoa.org/places/599822,NULL,https://wikidata.org/wiki/Q96575378,NULL,NULL,https://imperium.ahlfeldt.se/places/41367,NULL
22.68143,38.47571,"Schiste Hodos","Phokis Bk10","Phokis Bk10",['hodos'],"['10.35.8','10.5.3','10.5.4','9.2.4']",NULL,NULL,NULL,https://wikidata.org/wiki/Q12885060,NULL,"Cleft road of Oedipus",NULL,NULL
23.074926,38.326979,"Keressos, Keressos","Boiotia Bk9","Boiotia Bk9",['chorion'],"['9.14.2','9.14.3','9.14.4']",NULL,https://pleiades.stoa.org/places/525018437,NULL,https://wikidata.org/wiki/Q106298096,NULL,NULL,NULL,NULL
22.3584897,40.0862269,"Olympos (mountain in Greece)","Macedonia (Europe)",Pieria,['oros'],"['6.5.5','9.30.11','9.30.9','9.40.8']",NULL,https://pleiades.stoa.org/places/491677,NULL,https://wikidata.org/wiki/Q80344,NULL,NULL,NULL,NULL
22.824,38.499,"Trophies set up by Romans and Sulla in territory of Chaironeia","Boiotia Bk9","Chaironea (Boeotia)",['tropaion'],['9.40.7'],NULL,NULL,NULL,NULL,NULL,NULL,NULL,NULL
23.0687,38.4471,"Eleusis on Kephisian lake","Boiotia Bk9","Kephisian lake",['polisma'],['9.24.2'],"Kephisian lake",NULL,NULL,https://wikidata.org/wiki/Q60791219,NULL,NULL,NULL,NULL
23.3201,38.3175,"Electran Gate (Thebes)","Boiotia Bk9","Thebes (Boeotia)",['pylai'],"['9.10.1','9.10.2','9.11.1','9.8.4','9.8.7']",NULL,NULL,https://topostext.org/place/383233FEle,https://wikidata.org/wiki/Q106526347,NULL,NULL,NULL,NULL
21.9195,37.1779,"Messene (Messenia)","Messenia Bk4","Messenia Bk4",['polis'],"['1.25.4','2.20.5','3.1.5','3.3.2','4.1.3','4.1.4','4.12.5','4.12.6','4.16.1','4.16.8','4.20.1','4.20.4','4.21.10','4.21.2','4.22.7','4.23.5','4.23.6','4.26.3','4.26.7','4.27.4','4.27.5','4.27.7','4.28.1','4.29.1','4.29.10','4.29.11','4.29.12','4.29.2','4.29.4','4.29.8','4.3.8','4.31.11','4.31.4','4.31.5','4.32.2','4.34.1','4.4.3','4.6.3','4.6.5','4.9.6','6.2.11','6.3.13','6.4.3','8.34.1','8.35.1','8.49.4','8.5.10','8.5.7','8.50.5','8.51.6','8.51.8','8.52.4','9.14.5','9.15.6']",NULL,https://pleiades.stoa.org/places/570479,https://topostext.org/place/372219PMes,https://wikidata.org/wiki/Q1022117,NULL,NULL,NULL,NULL
23.2581,38.5013,"Chasm of Heracles in Copaic lake","Boiotia Bk9","Kephisian lake",['barathron'],"['9.38.7','9.38.8']",NULL,NULL,https://topostext.org/place/385233CChH,https://wikidata.org/wiki/Q106514994,NULL,NULL,NULL,NULL
27.256115000000005,37.384829,"Didyma Apollo sanctuary","Asia Minor (Asia)","Ionia (region)","['hieron','settlement']","['1.16.3','2.10.5','5.13.11','5.7.5','7.2.6','7.5.4','8.46.3','9.10.2']",NULL,https://pleiades.stoa.org/places/599593,NULL,https://wikidata.org/wiki/Q671358,NULL,Branchidai,NULL,NULL
22.50151,38.48254,"Sanctuary of Pythian Apollo at Delphi","Phokis Bk10","Delphi (polis)",['hieron'],"['1.11.1','1.20.7','1.22.8','1.26.3','1.3.4','1.37.6','1.4.4','1.41.1','1.43.3','1.43.7','1.43.8','1.9.3','10.1.1','10.1.10','10.1.4','10.10.2','10.11.1','10.11.2','10.12.5','10.13.1','10.13.10','10.13.6','10.13.8','10.14.5','10.15.5','10.15.6','10.16.5','10.16.7','10.16.8','10.17.2','10.18.1','10.18.2','10.18.5','10.18.7','10.19.3','10.19.5','10.2.2','10.2.3','10.22.12','10.23.1','10.23.11','10.23.2','10.23.3','10.24.1','10.24.5','10.3.3','10.3.4','10.32.1','10.33.3','10.34.1','10.34.2','10.35.8','10.36.3','10.36.6','10.5.5','10.5.7','10.6.5','10.6.6','10.7.1','10.7.3','10.8.1','10.8.2','10.8.3','10.8.6','10.9.1','10.9.12','10.9.2','10.9.4','10.9.6','2.22.8','2.24.1','2.26.7','2.29.7','2.33.2','3.1.6','3.10.3','3.10.4','3.11.8','3.13.8','3.17.1','3.17.9','3.19.12','3.3.6','3.4.3','3.4.4','3.8.10','3.8.2','3.8.9','4.12.1','4.12.7','4.12.8','4.15.6','4.16.6','4.17.4','4.20.1','4.24.1','4.32.3','4.32.5','4.34.9','4.5.4','4.9.3','5.13.5','5.18.8','5.21.5','5.21.7','5.27.1','5.27.10','5.27.9','5.3.1','5.4.3','5.4.6','5.7.3','6.1.8','6.11.5','6.11.7','6.12.8','6.13.8','6.14.5','6.15.1','6.15.3','6.15.6','6.16.4','6.17.2','6.19.1','6.2.2','6.3.11','6.3.4','6.3.8','6.4.11','6.4.2','6.4.5','6.4.6','6.7.10','6.8.1','6.8.6','6.9.7','7.17.13','7.17.6','7.19.4','7.19.6','7.19.7','7.2.1','7.24.4','7.3.1','8.10.9','8.11.10','8.15.1','8.23.1','8.24.10','8.24.14','8.24.8','8.27.9','8.36.8','8.37.1','8.39.4','8.48.2','8.5.4','8.53.3','8.7.6','8.9.3','9.12.1','9.14.2','9.25.1','9.26.3','9.33.1','9.33.4','9.36.2','9.37.4','9.37.5','9.38.5','9.40.1','9.41.2','9.5.10','9.7.5']",NULL,https://pleiades.stoa.org/places/540726,https://topostext.org/place/385225SDel,https://wikidata.org/wiki/Q125925203,NULL,Pytho,NULL,NULL
31.2313,30.091800000000003,"Nilus (river)","Libya (Africa)","Egypt (region)",['potamos'],"['1.33.4','1.33.6','1.42.3','1.6.6','1.7.2','10.32.18','2.5.3','4.34.2','4.34.3','5.14.3','5.21.9','5.7.4','6.26.9','8.24.12','8.9.7','9.40.6']",NULL,https://pleiades.stoa.org/places/727172,NULL,https://wikidata.org/wiki/Q3392,NULL,NULL,NULL,NULL
21.8313,38.3997,Naupaktos,"Aitolia region","Aitolia region",['polis'],"['10.38.10','10.38.13','10.38.9','4.24.7','4.25.1','4.25.10','4.25.3','4.26.1','4.26.2','4.26.3','4.31.7','4.33.2','5.26.1','5.3.6','6.16.2','6.2.10','7.18.10','9.25.9','9.31.6','9.38.3']",NULL,https://pleiades.stoa.org/places/540960,https://topostext.org/place/384218UNau,https://wikidata.org/wiki/Q56398924,NULL,Naupactus,NULL,NULL
22.9968,38.4128,"Temple in sanctuary of Itonian Athena","Boiotia Bk9","Athena Itonia sanctuary in Boeotia",['naos'],['9.34.1'],"Athena Itonia sanctuary in Boeotia",NULL,NULL,NULL,NULL,NULL,NULL,NULL
22.42479249,40.13002812,"Column with Orpheus' remains in stone hydria uphill from Dion","Macedonia (Europe)","Mountain of Pieria above Dion","['kion','taphos']",['9.30.7'],"Mountain of Pieria above Dion",NULL,NULL,NULL,NULL,NULL,NULL,NULL
26.5,41,"tomb of Orpheus in Thrace","Thrace (Europe)","Thrace (Europe)",['mnema'],['9.30.6'],"Thrace (Europe)",NULL,NULL,NULL,https://resource.manto.unh.edu/10785215,NULL,NULL,NULL
23.25193,38.45915,"Apollo Ptoios sanct. (Boeotia)","Boiotia Bk9","Ptoon mountain","['hieron','manteion']","['4.32.5','9.23.6']",NULL,https://pleiades.stoa.org/places/541078,https://topostext.org/place/385233SPto,https://wikidata.org/wiki/Q94522462,https://resource.manto.unh.edu/10055555,NULL,NULL,NULL
23.7257,37.9717,"Athenian Acropolis (Athens)","Athenai Bk1","Athenai Bk1","['acropolis','hieron','teichos']","['1.18.2','1.21.3','1.21.4','1.22.1','1.22.4','1.22.8','1.23.7','1.24.1','1.24.3','1.25.1','1.25.7','1.25.8','1.26.3','1.26.6','1.27.10','1.27.3','1.27.8','1.28.3','1.30.1','1.5.4','4.36.6','5.11.10','5.21.1','6.8.6','7.25.3','7.27.2','8.10.4','8.23.5','9.35.3','9.35.7','9.4.1']",NULL,https://pleiades.stoa.org/places/638356144,https://topostext.org/place/380237SAkr,https://wikidata.org/wiki/Q131013,NULL,"Acropolis of Athens",NULL,NULL
23.2733,38.2213,"mnêma of Lêitos in Plataea","Boiotia Bk9","Plataea (Boeotia)",['mnema'],['9.4.3'],"Plataea (Boeotia)",NULL,NULL,NULL,https://resource.manto.unh.edu/10771865,NULL,NULL,NULL
23.00169,38.385259,"oak forest near Alalkomenai","Boiotia Bk9",Alalkomenai,['drymos'],['9.3.4'],Alalkomenai,NULL,NULL,NULL,NULL,NULL,NULL,NULL
23.3178,38.3191,"Temple of Ammon in Thebes","Boiotia Bk9","Sanctuary of Ammon in Thebes",['naos'],['9.16.1'],"Sanctuary of Ammon in Thebes",NULL,NULL,NULL,NULL,NULL,NULL,NULL
23.3405,38.2224,"sacred well at Hysiai","Boiotia Bk9","Hysiai (Boeotia)","['manteion','phrear']",['9.2.1'],"Hysiai (Boeotia)",NULL,NULL,NULL,NULL,NULL,NULL,NULL
23.1453,38.3622,"Onchestos (Boeotia)","Boiotia Bk9","Boiotia Bk9",['polis'],"['1.39.5','1.42.1','9.26.5']",NULL,https://pleiades.stoa.org/places/540984,https://topostext.org/place/384232UOnc,https://wikidata.org/wiki/Q3063303,NULL,NULL,NULL,NULL
35.25,33.25,Phoenice,"Asia (continent)","Asia (continent)",['chora'],"['1.6.4','5.12.4','5.25.12','7.5.5','9.28.2']",NULL,https://pleiades.stoa.org/places/991410,NULL,https://wikidata.org/wiki/Q41642,NULL,Phoenicia,NULL,NULL
23.3178,38.3191,"Chamber of Alkmene at house of Amphitryon at Thebes","Boiotia Bk9","House of Amphitryon in Thebes, in ruins, left of the Electra gate",['thalamos'],['9.11.1'],"House of Amphitryon in Thebes, in ruins, left of the Electra gate",NULL,NULL,NULL,NULL,NULL,NULL,NULL
27.0670163,40.4259096,Parion,"Asia Minor (Asia)",Hellespontus,['polis'],['9.27.1'],NULL,https://pleiades.stoa.org/places/511354,NULL,https://wikidata.org/wiki/Q1411652,NULL,Parium,NULL,NULL
22.53438,40.02458,Leibethra,"Macedonia (Europe)",Pieria,['polis'],"['9.30.11','9.30.9']",NULL,https://pleiades.stoa.org/places/491650,NULL,https://wikidata.org/wiki/Q1753318,NULL,Libethra,NULL,NULL
23.154521,38.293384,"Sanctuary of Aphrodite Melainis in Thespiai","Boiotia Bk9",Thespiai,['hieron'],['9.27.5'],Thespiai,NULL,NULL,https://wikidata.org/wiki/Q134037686,NULL,NULL,NULL,NULL
23.101469,38.272393,Donakon,"Boiotia Bk9",Thespiai,['settlement'],['9.31.7'],NULL,https://pleiades.stoa.org/places/540738,NULL,https://wikidata.org/wiki/Q106559913,NULL,NULL,NULL,NULL
23.3178,38.3191,"Tomb of the children of Herakles in Thebes","Boiotia Bk9","Thebes (Boeotia)",['mnema'],['9.11.2'],"Thebes (Boeotia)",NULL,NULL,NULL,https://resource.manto.unh.edu/10152167,NULL,NULL,NULL
29.314279,36.26018,Patara,"Asia Minor (Asia)","Lycia region",['settlement'],['9.41.1'],NULL,https://pleiades.stoa.org/places/639042,NULL,https://wikidata.org/wiki/Q233121,NULL,Arsinoe,https://imperium.ahlfeldt.se/places/21460,NULL
23.448834,38.498583,"Glaukos' Leap, by the sea at Anthedon","Boiotia Bk9",Anthedon,"['mythic site']",['9.22.6'],Anthedon,NULL,NULL,NULL,NULL,NULL,NULL,NULL
23.31964,38.31696,"Sanctuary of Heracles at Thebes","Boiotia Bk9","Thebes (Boeotia)",['hieron'],"['9.11.4','9.11.6','9.11.7']",NULL,NULL,https://topostext.org/place/383233SHer,https://wikidata.org/wiki/Q106526554,https://resource.manto.unh.edu/10772006,"Herakleion of Thebes",NULL,NULL
23.088,38.3787,"Heroon of Kekrops son of Pandion at Haliartos","Boiotia Bk9","Haliartos (Boeotia)",['heroon'],['9.33.1'],"Haliartos (Boeotia)",NULL,NULL,NULL,NULL,NULL,NULL,NULL
23.3178,38.3191,"spring where Kadmos killed the dragon","Boiotia Bk9","Thebes (Boeotia)",['pege'],['9.10.1'],"Thebes (Boeotia)",NULL,NULL,NULL,NULL,NULL,NULL,NULL
23.2505528,38.1850025,"Wooden altar on summit of Kithairon for Daidala","Boiotia Bk9","Kithairon (mountain)",['bomos'],['9.3.7'],"Kithairon (mountain)",NULL,NULL,NULL,NULL,NULL,NULL,NULL
23.3178,38.3191,"Tomb of Kaanthos - Taphos Kaanthos  Thebes","Boiotia Bk9","Thebes (Boeotia)",['mnema'],['9.10.5'],"Thebes (Boeotia)",NULL,NULL,NULL,https://resource.manto.unh.edu/10151114,NULL,NULL,NULL
22.1273,37.4124,"Megalopolis (Arkadia)","Arcadia Bk8","Arcadia Bk8",['polis'],"['2.7.4','4.29.7','4.33.3','5.7.1','6.12.8','7.12.3','7.16.4','7.16.6','7.6.8','7.7.4','7.9.4','8.12.2','8.26.5','8.26.8','8.27.1','8.27.11','8.27.13','8.27.14','8.27.15','8.27.5','8.27.8','8.28.7','8.30.1','8.30.2','8.30.3','8.30.7','8.33.1','8.34.1','8.35.1','8.35.3','8.35.5','8.38.3','8.44.1','8.44.4','8.49.2','8.49.4','8.49.7','8.50.4','8.51.8','8.52.4','9.14.4','9.7.1']",NULL,https://pleiades.stoa.org/places/570467,https://topostext.org/place/374221PMeg,https://wikidata.org/wiki/Q36024972,NULL,NULL,NULL,NULL
22.43409,37.65988,"Alesion (mountain)","Arcadia Bk8","Arcadia Bk8",['oros'],"['8.10.1','8.10.2','9.14.3']",NULL,https://pleiades.stoa.org/places/570064,https://topostext.org/place/378223LAle,https://wikidata.org/wiki/Q25094274,NULL,NULL,NULL,NULL
22.66931,38.58344,Tithorea/Neon,"Phokis Bk10","Phokis Bk10",['settlement'],"['10.1.1','10.2.4','10.3.2','10.32.10','10.32.11','10.32.12','10.32.14','10.32.17','10.32.19','10.32.8','10.32.9','10.33.1','2.29.3','2.4.3','9.17.4']",NULL,https://pleiades.stoa.org/places/541152,NULL,https://wikidata.org/wiki/Q56697763,NULL,NULL,NULL,NULL
23.3178,38.3191,"Place where Kadmos sowed the dragon's teeth, outside gates of Thebes","Boiotia Bk9","Thebes (Boeotia)",['chorion'],['9.10.1'],"Thebes (Boeotia)",NULL,NULL,NULL,NULL,NULL,NULL,NULL
20.53396,39.23622,Nekromanteion,"Hellas (Europe)",Thesprotia,['manteion'],['9.30.6'],NULL,https://pleiades.stoa.org/places/531011,NULL,https://wikidata.org/wiki/Q12881666,NULL,NULL,NULL,NULL
23.044957,38.585688,Kyrtones,"Boiotia Bk9","Boiotia Bk9",['polisma'],"['9.24.4','9.24.5']",NULL,https://pleiades.stoa.org/places/540898,NULL,https://wikidata.org/wiki/Q13580763,NULL,NULL,NULL,NULL
23.00169,38.385259,"Small mountain rising over Alalkomenai","Boiotia Bk9",Alalkomenai,['oros'],['9.33.5'],Alalkomenai,NULL,NULL,NULL,NULL,NULL,NULL,NULL
23.5841,38.3074,"sanctuary of Hermes Kriophoros in Tanagra","Boiotia Bk9","sacred district of Tanagra",['hieron'],['9.22.1'],"sacred district of Tanagra",NULL,NULL,https://wikidata.org/wiki/Q134038228,NULL,NULL,NULL,NULL
28.249999999999996,38.75,Mysia,"Asia (continent)","Asia Minor (Asia)",['chora'],"['1.36.6','10.28.8','9.18.4','9.5.14']",NULL,https://pleiades.stoa.org/places/550759,NULL,https://wikidata.org/wiki/Q622319,NULL,"Mysia hyper Kaikos",NULL,NULL
23.174,38.657,"sea at Halai","Boiotia Bk9","Boiotia Bk9",['thalassa'],['9.24.5'],NULL,NULL,NULL,NULL,NULL,"north Euboean gulf",NULL,NULL
23.393,38.3633,"Teumessos (Boeotia)","Boiotia Bk9","Boiotia Bk9",['settlement'],"['9.19.1','9.19.2','9.19.3']",NULL,https://pleiades.stoa.org/places/541133,https://topostext.org/place/384234UTeu,https://wikidata.org/wiki/Q15627845,NULL,NULL,NULL,NULL
23.1884,38.0834,"Pagai (Megarid)","Megarid Bk1","Megarid Bk1",['demos'],"['1.41.8','1.44.4','9.19.2']",NULL,https://pleiades.stoa.org/places/570543,NULL,https://wikidata.org/wiki/Q935675,NULL,Pegai,NULL,NULL
23.5841,38.3074,"sea coast of Tanagraia","Boiotia Bk9",Tanagraia,['paralia'],"['9.20.1','9.20.4']","Tanagra (Boeotia)",NULL,NULL,NULL,NULL,NULL,NULL,NULL
18.8746442,30.094815099999998,"Tritonis? L.","Libya (Africa)","Libya (Africa)",['limne'],"['2.21.5','2.21.6','8.26.6','9.33.7']",NULL,https://pleiades.stoa.org/places/364025,NULL,NULL,NULL,NULL,NULL,NULL
23.154521,38.293384,"Theater in Thespiai","Boiotia Bk9",Thespiai,['theatron'],['9.27.5'],Thespiai,NULL,NULL,NULL,NULL,NULL,NULL,NULL
22.663,38.4296,Ambrossos,"Phokis Bk10","Phokis Bk10",['polis'],"['10.3.2','10.36.1','10.36.3','10.36.4','4.31.5','9.13.3']",NULL,https://pleiades.stoa.org/places/540626,https://topostext.org/place/384227PAmb,https://wikidata.org/wiki/Q12872250,NULL,Ambryssus,NULL,NULL
23.110281,38.20809,"sail Peloponnese to Creusis","Boiotia Bk9",Kreusis,['paraplous'],['9.32.1'],Kreusis,NULL,NULL,NULL,NULL,NULL,NULL,NULL
23.309,38.239,"Gargaphia spring (Boeotia)","Boiotia Bk9","Boiotia Bk9",['pege'],['9.4.3'],NULL,NULL,https://topostext.org/place/382233WGar,https://wikidata.org/wiki/Q4952634,NULL,NULL,NULL,NULL
23.1884,38.0834,"hero shrine of Aigialeos, Pagai","Megarid Bk1","Pagai (Megarid)","['heroon','mnema']","['1.44.4','9.19.2']","Pagai (Megarid)",NULL,NULL,https://wikidata.org/wiki/Q124644670,NULL,"tomb of Aegialeus, Pegai",NULL,NULL
22.8416,38.4944,"priest's house in Chaironeia","Boiotia Bk9","Chaironea (Boeotia)",['oikema'],['9.40.12'],"Chaironea (Boeotia)",NULL,NULL,NULL,NULL,NULL,NULL,NULL
23.25,38.35,Thebais,"Boiotia Bk9","Boiotia Bk9",['chora'],"['1.25.4','2.6.1','9.12.2','9.23.5','9.25.10','9.5.1','9.7.6']","Boiotia Bk9",NULL,NULL,NULL,NULL,Thebaid,NULL,NULL
23.103304,38.55756,"Temple of Herakles in Hyettos","Boiotia Bk9",Hyettos,['naos'],['9.24.3'],Hyettos,NULL,NULL,NULL,NULL,NULL,NULL,NULL
22.82514,38.35217,"Lamos river, small, atop Helikôn","Boiotia Bk9","Helicon mountain",['potamos'],['9.31.7'],"Helicon mountain",NULL,NULL,NULL,NULL,NULL,NULL,NULL
23.2505528,38.1850025,"Pass through Kithairon","Boiotia Bk9","Kithairon (mountain)",['esbole'],['9.13.7'],"Kithairon (mountain)",NULL,NULL,NULL,NULL,NULL,NULL,NULL
23.3178,38.3191,"Tomb of Melanippos on the road to Chalkis","Boiotia Bk9","Thebes (Boeotia)",['mnema'],['9.18.1'],"Thebes (Boeotia)",NULL,NULL,NULL,https://resource.manto.unh.edu/10159996,NULL,NULL,NULL
23.594,38.4361,Aulis,"Boiotia Bk9","Boiotia Bk9","['limen','settlement']","['1.35.3','10.26.3','3.9.10','3.9.3','3.9.4','8.28.4','8.28.5','9.19.6','9.19.7','9.19.8']",NULL,https://pleiades.stoa.org/places/579889,https://topostext.org/place/384236UAul,https://wikidata.org/wiki/Q2612265,NULL,"harbor on Boeotia-Chalkis border",NULL,NULL
23.5841,38.3074,"Sanctuary of Dionysos in Tanagra","Boiotia Bk9","sacred district of Tanagra",['hieron'],['9.22.1'],"sacred district of Tanagra",NULL,NULL,https://wikidata.org/wiki/Q134038210,NULL,NULL,NULL,NULL
23.3178,38.3209,"Cadmeia of Thebes","Boiotia Bk9","Thebes (Boeotia)","['acropolis','settlement']","['2.5.2','2.6.4','3.17.1','8.33.2','9.1.4','9.12.3','9.5.2','9.5.3','9.5.4','9.5.5','9.5.6','9.7.6']",NULL,https://pleiades.stoa.org/places/239936126,https://topostext.org/place/383233XCad,https://wikidata.org/wiki/Q1276854,NULL,NULL,NULL,NULL
27.366012129999998,38.25857286,"Ionia (region)","Asia (continent)","Asia Minor (Asia)",['chora'],"['1.1.5','1.29.5','10.24.1','10.32.4','10.33.2','10.8.6','2.31.6','3.2.1','3.9.6','5.21.13','5.27.12','5.7.5','6.24.2','6.3.15','7.3.7','7.3.8','7.5.10','7.5.12','7.5.13','7.5.4','8.43.4','8.45.5','9.19.8','9.21.6','9.27.1','9.27.8','9.33.2','9.37.8']",NULL,https://pleiades.stoa.org/places/550597,NULL,https://wikidata.org/wiki/Q620874,NULL,NULL,NULL,NULL
23.27,38.312,"Grove of Demeter Kabeiraia and Kore outside Thebes","Boiotia Bk9","road Thebes Neistan gate to Onchestos via Kabeireion",['alsos'],['9.25.5'],NULL,NULL,NULL,NULL,NULL,NULL,NULL,NULL
22.96835,38.259722,"Dike in plain of Thisbe to manage floods","Boiotia Bk9",Thisbe,"['choma ges']",['9.32.3'],Thisbe,https://pleiades.stoa.org/places/541337,NULL,NULL,NULL,NULL,NULL,NULL
23.052885,38.189977,"sail Argo anchorage in front of Tiphai","Boiotia Bk9",Siphai/Tipha,['paraplous'],['9.32.4'],Siphai/Tipha,NULL,NULL,NULL,NULL,NULL,NULL,NULL
20.5,41.5,Encheleioi,"Epiros region","Epiros region",['chora'],['9.5.3'],NULL,https://pleiades.stoa.org/places/481829,NULL,https://wikidata.org/wiki/Q1265876,NULL,NULL,NULL,NULL
26.689980000000002,40.34869,Lampsakos,"Asia Minor (Asia)","Mysia (Bithynia)",['polis'],"['10.38.11','6.18.2','6.18.4','9.31.2']",NULL,https://pleiades.stoa.org/places/501570,NULL,https://wikidata.org/wiki/Q1229422,NULL,"Lampsacus Pityoussa",NULL,NULL
22.82514,38.35217,"Spring on Helikôn, same as Hippou Krênê?","Boiotia Bk9","Helicon mountain",['pege'],['9.31.4'],"Helicon mountain",NULL,NULL,NULL,NULL,NULL,NULL,NULL
27.579568,39.626196,Pioniai,"Asia Minor (Asia)",Mysia,['polisma'],['9.18.4'],NULL,https://pleiades.stoa.org/places/550832,NULL,https://wikidata.org/wiki/Q16737855,NULL,NULL,NULL,NULL
23.3178,38.3191,"place at Thebes where the cow of Cadmus rested","Boiotia Bk9","Thebes (Boeotia)",['chorion'],['9.12.2'],"Thebes (Boeotia)",NULL,NULL,NULL,NULL,NULL,NULL,NULL
23.3178,38.3191,"ancient wall of Thebes","Boiotia Bk9","Thebes (Boeotia)",['teichos'],['9.7.4'],"Thebes (Boeotia)",NULL,NULL,NULL,NULL,NULL,NULL,NULL
23.3178,38.3191,"Sanctuary of Tyche in Thebes","Boiotia Bk9","Thebes (Boeotia)",['hieron'],['9.16.1'],"Thebes (Boeotia)",NULL,NULL,https://wikidata.org/wiki/Q134037839,NULL,NULL,NULL,NULL
22.87352,38.431063,"Grove of Trophonios at Lebadeia","Boiotia Bk9",Lebadeia,['alsos'],['9.39.9'],Lebadeia,NULL,NULL,NULL,NULL,NULL,NULL,NULL
23.5841,38.3074,"Temple of Themis in Tanagra","Boiotia Bk9","sacred district of Tanagra",['naos'],['9.22.1'],"sacred district of Tanagra",NULL,NULL,NULL,NULL,NULL,NULL,NULL
23.3178,38.3191,"Proetid gate of Thebes","Boiotia Bk9","Thebes (Boeotia)",['pylai'],"['9.16.6','9.18.1','9.23.1','9.8.4']","Thebes (Boeotia)",NULL,https://topostext.org/place/383233FPro,https://wikidata.org/wiki/Q106526373,NULL,NULL,NULL,NULL
23.3178,38.3191,"Pomegranate tree roia on mnêma of Menoikeus at Thebes","Boiotia Bk9","Tomb of Menoeceus son of Creon in Thebes",['dendron'],['9.25.1'],"Tomb of Menoeceus son of Creon in Thebes",NULL,NULL,NULL,NULL,NULL,NULL,NULL
22.87352,38.431063,"Tomb of Arkesilaus on Herkyna river at Lebadeia","Boiotia Bk9",Lebadeia,['mnema'],['9.39.3'],Lebadeia,NULL,NULL,NULL,https://resource.manto.unh.edu/10786033,NULL,NULL,NULL
23.288,38.566,"Temple of Dionysos in Larymna","Boiotia Bk9","Larymna (Boeotia)",['naos'],['9.23.7'],"Larymna (Boeotia)",NULL,NULL,NULL,NULL,NULL,NULL,NULL
23.25,38.35,Alexiarous,"Boiotia Bk9","Boiotia Bk9",['settlement'],"['9.25.7','9.25.8']","Boiotia Bk9",https://pleiades.stoa.org/places/543621,NULL,https://wikidata.org/wiki/Q131904099,NULL,NULL,NULL,NULL
22.956902,38.392613,"Koroneia (Boeotia)","Boiotia Bk9","Boiotia Bk9",['polis'],"['3.9.13','4.34.5','9.32.5','9.34.1','9.34.3','9.34.4','9.34.5','9.34.7','9.34.8','9.6.4']",NULL,https://pleiades.stoa.org/places/540717,NULL,https://wikidata.org/wiki/Q593295,NULL,Coronea,NULL,NULL
23.448834,38.498583,Anthedon,"Boiotia Bk9","Boiotia Bk9",['polis'],"['6.10.1','9.22.5','9.22.6','9.26.2']",NULL,https://pleiades.stoa.org/places/540639,NULL,https://wikidata.org/wiki/Q2857905,NULL,NULL,NULL,NULL
23.3178,38.3191,"Hippodrome of Thebes","Boiotia Bk9","Thebes (Boeotia)",['hippodrome'],['9.23.2'],"Thebes (Boeotia)",NULL,NULL,NULL,NULL,NULL,NULL,NULL
23.5841,38.3074,"sacred district of Tanagra","Boiotia Bk9","Tanagra (Boeotia)",['chora'],['9.22.2'],"Tanagra (Boeotia)",NULL,NULL,NULL,NULL,NULL,NULL,NULL
22.875,38.4312,"Temple in grove of Trophonios at Libadeia","Boiotia Bk9","Trophonius oracle (Boeotia)",['naos'],['9.39.4'],"Trophonius oracle (Boeotia)",NULL,NULL,NULL,NULL,NULL,NULL,NULL
23.044957,38.585688,"Small grove of cultivated trees by spring at Kyrtones","Boiotia Bk9",Kyrtones,"['alsos','hemera dendra']",['9.24.4'],Kyrtones,NULL,NULL,NULL,NULL,NULL,NULL,NULL
22.7,38.6,"Phokis Bk10",NULL,"Hellas (Europe)",['chora'],"['1.20.6','10.1.1','10.1.2','10.1.4','10.17.13','10.23.10','10.30.4','10.33.7','10.34.2','10.35.1','10.35.8','10.37.2','10.38.1','10.4.1','10.4.2','10.5.3','10.8.2','2.29.2','2.29.3','2.4.3','3.5.3','3.9.10','4.31.5','6.19.5','7.14.7','7.15.5','7.18.9','7.3.10','7.7.9','8.1.5','8.4.4','9.17.4','9.36.3','9.40.12']",NULL,https://pleiades.stoa.org/places/541048,https://topostext.org/place/386227RPho,https://wikidata.org/wiki/Q2637650,NULL,"Phocis region",NULL,NULL
23.088,38.3787,"Haliartos (Boeotia)","Boiotia Bk9","Boiotia Bk9",['teichos'],"['1.27.5','10.35.2','3.5.3','3.5.5','7.3.1','9.16.6','9.18.4','9.32.5','9.33.1','9.33.3','9.33.4','9.34.7','9.34.8']",NULL,https://pleiades.stoa.org/places/540801,https://topostext.org/place/384231PHal,https://wikidata.org/wiki/Q359627,NULL,NULL,NULL,NULL
23.8189911,38.05199883,"Attica Bk1","Attica Bk1","Hellas (Europe)",['chora'],"['1.1.1','1.14.2','1.2.6','1.20.6','1.21.1','1.22.3','1.22.7','1.23.5','1.24.5','1.24.8','1.25.6','1.26.3','1.26.5','1.26.6','1.27.10','1.27.2','1.28.10','1.28.11','1.28.4','1.28.9','1.29.2','1.29.6','1.29.7','1.30.4','1.31.1','1.31.3','1.31.5','1.32.1','1.32.3','1.34.1','1.34.2','1.35.1','1.36.3','1.37.7','1.38.1','1.38.4','1.38.8','1.44.10','10.17.5','10.25.2','10.33.4','10.35.8','2.1.1','2.1.6','2.30.9','2.32.9','2.6.5','2.6.6','3.12.7','3.5.1','3.7.10','3.8.6','4.1.8','4.34.8','5.10.4','5.11.7','5.13.8','5.15.7','5.25.13','5.4.7','6.19.12','7.1.5','7.1.9','7.11.8','7.17.2','7.18.2','7.25.2','7.3.6','7.5.5','7.6.3','7.7.7','8.23.3','9.1.1','9.1.6','9.13.6','9.23.5']",NULL,https://pleiades.stoa.org/places/579888,NULL,https://wikidata.org/wiki/Q122443,NULL,NULL,NULL,NULL
23.3178,38.3191,"Altar of Athena Onga at Thebes","Boiotia Bk9","Thebes (Boeotia)",['bomos'],['9.12.2'],"Thebes (Boeotia)",NULL,NULL,NULL,https://resource.manto.unh.edu/11305298,NULL,NULL,NULL
23.5841,38.3074,"Tomb of Corinna the poet in Tanagra","Boiotia Bk9","Tanagra (Boeotia)",['mnema'],['9.22.3'],"Tanagra (Boeotia)",NULL,NULL,NULL,NULL,NULL,NULL,NULL
14.08648465,37.53667612,"Sicilia (island)",NULL,"Roman empire",['nesos'],"['1.12.5','1.13.1','1.2.3','1.21.4','1.29.11','1.29.13','10.11.3','10.15.5','10.15.6','2.2.5','2.22.9','3.16.4','3.16.5','4.23.6','4.26.2','4.26.5','4.36.4','5.23.6','5.25.5','5.25.6','5.27.1','5.7.3','6.12.3','6.13.8','6.26.4','6.4.3','6.6.7','6.9.4','6.9.5','7.16.5','7.4.6','7.4.7','8.11.12','8.12.8','8.24.6','8.42.8','8.46.2','8.8.6','9.40.4']",NULL,https://pleiades.stoa.org/places/462492,NULL,https://wikidata.org/wiki/Q4951156,NULL,NULL,NULL,NULL
22.5,42.5,"Pierion, mountain named for Pieros in Macedonia","Macedonia (Europe)","Macedonia (Europe)",['oros'],['9.29.3'],"Macedonia (Europe)",NULL,NULL,NULL,NULL,NULL,NULL,NULL
22.3,37.5,"Arcadia Bk8","Arcadia Bk8",Peloponnesos,['chora'],"['10.20.1','10.28.8','10.32.3','2.24.5','3.20.8','3.5.4','3.6.8','3.7.3','3.8.7','4.22.7','4.29.11','4.31.4','5.10.9','5.5.8','5.7.1','6.12.8','6.8.2','7.14.1','7.25.11','7.25.5','7.7.4','7.8.6','8.1.1','8.1.6','8.10.1','8.10.6','8.11.3','8.17.1','8.22.6','8.23.3','8.24.4','8.27.4','8.27.5','8.3.4','8.34.4','8.35.10','8.35.5','8.36.6','8.4.1','8.42.3','8.43.2','8.47.6','8.5.4','8.51.8','8.6.4','8.7.4','8.8.12','9.36.6','9.9.2']",NULL,https://pleiades.stoa.org/places/570102,https://topostext.org/place/375223RArk,https://wikidata.org/wiki/Q12898802,NULL,"Arkadia region",NULL,NULL
22.66931,38.58344,"Tomb of Phokos near Tithorea","Phokis Bk10",Tithorea/Neon,['mnema'],['9.17.5'],Tithorea/Neon,NULL,NULL,NULL,https://resource.manto.unh.edu/10274614,NULL,NULL,NULL
22.50592,38.62687,Lilaia,"Phokis Bk10","Phokis Bk10",['polis'],"['10.3.1','10.33.3','10.33.4','10.33.5','10.33.9','9.24.1']",NULL,https://pleiades.stoa.org/places/540915,NULL,https://wikidata.org/wiki/Q1267602,NULL,NULL,NULL,NULL
22.96835,38.259722,Thisbe,"Boiotia Bk9","Boiotia Bk9",['polis'],"['10.37.2','9.32.2','9.32.3']",NULL,https://pleiades.stoa.org/places/541146,NULL,https://wikidata.org/wiki/Q57374186,NULL,NULL,NULL,NULL
23.25,38.35,"Boiotia Bk9",NULL,"Hellas (Europe)",['chora'],"['1.23.3','1.24.5','1.25.7','1.27.5','1.34.1','1.38.8','10.1.2','10.12.11','10.17.3','10.23.11','10.29.5','10.37.2','10.4.2','3.5.3','3.5.4','3.5.6','3.9.12','4.16.7','4.27.10','4.34.5','6.3.3','7.10.5','7.15.9','7.17.2','7.3.6','7.6.5','8.11.5','9.1.1','9.1.3','9.13.3','9.14.6','9.22.5','9.25.9','9.3.4','9.32.2','9.4.3','9.5.1','9.7.4','9.9.2']",NULL,https://pleiades.stoa.org/places/540689,https://topostext.org/place/384233RBoi,https://wikidata.org/wiki/Q187570,NULL,Boeotia,NULL,NULL
23.448834,38.498583,"Sanctuary of Dionysos just outside Anthedon","Boiotia Bk9",Anthedon,['hieron'],['9.22.6'],Anthedon,NULL,NULL,https://wikidata.org/wiki/Q134038126,NULL,NULL,NULL,NULL
23.3178,38.3191,"Thebes (Boeotia)","Boiotia Bk9","Boiotia Bk9",['polis'],"['1.25.4','1.28.7','1.29.3','1.3.4','1.34.1','1.34.2','1.34.4','1.37.6','1.39.2','1.40.2','1.41.1','1.43.1','1.44.4','1.44.5','10.10.3','10.17.4','10.20.1','10.29.7','10.35.5','10.7.6','2.19.8','2.20.5','2.36.8','2.6.1','2.6.2','2.6.3','2.6.4','2.7.6','3.5.3','3.5.4','3.9.11','3.9.3','3.9.8','4.17.5','4.27.10','4.32.5','4.7.8','4.8.8','5.3.1','7.10.2','7.14.6','7.15.9','7.17.2','7.3.1','7.6.9','8.11.6','8.14.2','8.15.6','8.24.10','8.25.4','8.25.8','8.33.2','9.1.6','9.1.8','9.10.1','9.10.4','9.11.6','9.12.2','9.13.1','9.14.7','9.17.4','9.17.5','9.18.1','9.18.2','9.18.3','9.18.5','9.19.2','9.19.3','9.19.4','9.22.3','9.23.4','9.23.5','9.25.10','9.25.7','9.25.9','9.29.9','9.3.6','9.32.5','9.33.1','9.37.2','9.4.4','9.40.3','9.5.1','9.5.12','9.5.13','9.5.14','9.5.2','9.5.6','9.5.7','9.6.2','9.6.3','9.6.5','9.7.1','9.7.2','9.7.6','9.8.1','9.8.3','9.8.7','9.9.4']",NULL,https://pleiades.stoa.org/places/541138,https://topostext.org/place/383233PThe,https://wikidata.org/wiki/Q11225429,NULL,NULL,NULL,NULL
23.2733,38.2213,"Common grave monument of the Greeks at Plataea","Boiotia Bk9","Plataea (Boeotia)",['mnema'],['9.2.5'],"Plataea (Boeotia)",NULL,NULL,NULL,NULL,NULL,NULL,NULL
23.594,38.4361,"Spring where the plane tree grew, at Aulis","Boiotia Bk9",Aulis,['pege'],['9.19.7'],Aulis,NULL,NULL,NULL,NULL,NULL,NULL,NULL
27.5,37.5,"Lycia region","Asia (continent)","Asia Minor (Asia)",['chora'],"['10.27.2','2.21.3','2.4.2','2.7.1','7.21.13','9.27.2']",NULL,https://pleiades.stoa.org/places/638965,NULL,https://wikidata.org/wiki/Q18927,NULL,Lykia,NULL,NULL
22.87352,38.431063,Lebadeia,"Boiotia Bk9","Boiotia Bk9",['polis'],"['1.34.2','4.16.7','4.32.5','4.32.6','9.37.7','9.39.1','9.40.1','9.40.2','9.40.6']",NULL,https://pleiades.stoa.org/places/540907,NULL,https://wikidata.org/wiki/Q11931280,NULL,NULL,NULL,NULL
23.4114,38.3999,"Zeus Hypatos sanctuary On Mt. Hypatos in Boeotia","Boiotia Bk9","Mt. Hypatos above Glisas",['naos'],['9.19.3'],NULL,https://pleiades.stoa.org/places/541179,https://topostext.org/place/384234SZeu,https://wikidata.org/wiki/Q106355998,NULL,NULL,NULL,NULL
23.3178,38.3191,"Stones that followed Amphion, beside his tomb","Boiotia Bk9","Tomb of Amphion at Thebes",['petra'],['9.17.7'],"Tomb of Amphion at Thebes",NULL,NULL,NULL,NULL,NULL,NULL,NULL
23.970146000000003,38.1465515,"Marathon deme","Attica Bk1","Attica Bk1","['chora','demos']","['1.14.5','1.17.6','1.27.10','1.28.2','1.28.4','1.29.4','1.32.3','1.32.4','1.33.1','1.33.2','2.1.1','2.29.4','4.25.5','5.11.6','7.15.7','9.1.3','9.32.9','9.4.1','9.4.2']",NULL,https://pleiades.stoa.org/places/580021,NULL,https://wikidata.org/wiki/Q13423602,NULL,NULL,NULL,NULL
