{
  "type": "FeatureCollection",
  "features": [
    {
      "type": "Feature",
      "geometry": {
        "type": "Point",
        "coordinates": [
          21.374,
          37.89
        ]
      },
      "properties": {
        "name": "Baths at Elis near Maltho gymnasium",
        "region": "Eleia Bk5 Bk6",
        "part of": "Elis polis",
        "location": "Elis polis",
        "type": [
          "bath"
        ],
        "passages": [
          "6.23.8"
        ]
      }
    },
    {
      "type": "Feature",
      "geometry": {
        "type": "Point",
        "coordinates": [
          26.23873,
          39.9577
        ]
      },
      "properties": {
        "name": "Ilium",
        "region": "Asia Minor (Asia)",
        "part of": "Troas",
        "altname": "Troy, Troia, Ilion",
        "Wikidata": "https://wikidata.org/wiki/Q22647",
        "type": [
          "settlement"
        ],
        "passages": [
          "1.1.2",
          "1.11.1",
          "1.12.1",
          "1.12.5",
          "1.15.2",
          "1.23.4",
          "1.28.9",
          "1.35.1",
          "1.35.4",
          "1.37.3",
          "1.4.6",
          "1.43.1",
          "10.1.3",
          "10.12.2",
          "10.17.6",
          "10.25.8",
          "10.27.4",
          "10.30.8",
          "10.31.7",
          "10.33.2",
          "10.36.10",
          "10.38.5",
          "2.16.6",
          "2.17.3",
          "2.18.5",
          "2.20.6",
          "2.22.2",
          "2.23.1",
          "2.23.5",
          "2.24.2",
          "2.24.3",
          "2.25.5",
          "2.30.10",
          "2.32.2",
          "2.4.2",
          "3.12.6",
          "3.22.2",
          "3.24.11",
          "3.26.10",
          "3.4.7",
          "3.9.3",
          "5.13.4",
          "5.13.5",
          "5.17.10",
          "5.18.3",
          "5.22.4",
          "5.3.4",
          "5.4.7",
          "6.25.3",
          "7.19.6",
          "7.19.9",
          "7.24.2",
          "7.3.7",
          "7.6.3",
          "8.1.3",
          "8.10.10",
          "8.10.9",
          "8.12.6",
          "8.12.9",
          "8.15.6",
          "8.15.7",
          "8.23.4",
          "8.24.10",
          "8.28.4",
          "8.33.2",
          "8.44.4",
          "8.45.2",
          "8.46.2",
          "8.5.2",
          "8.5.3",
          "8.53.7",
          "8.6.1",
          "9.18.5",
          "9.37.7",
          "9.39.3",
          "9.4.3",
          "9.41.2",
          "9.5.14",
          "9.5.15"
        ],
        "Pleiades": "https://pleiades.stoa.org/places/550595"
      }
    },
    {
      "type": "Feature",
      "geometry": {
        "type": "Point",
        "coordinates": [
          21.374,
          37.89
        ]
      },
      "properties": {
        "name": "Elis polis",
        "region": "Eleia Bk5 Bk6",
        "part of": "Eleia Bk5 Bk6",
        "altname": "on plains road, few houses left",
        "Wikidata": "https://wikidata.org/wiki/Q217667",
        "type": [
          "polis"
        ],
        "passages": [
          "1.29.13",
          "1.41.6",
          "2.15.1",
          "3.11.7",
          "3.12.8",
          "3.8.4",
          "4.28.4",
          "4.28.5",
          "5.1.10",
          "5.1.11",
          "5.1.4",
          "5.1.9",
          "5.14.1",
          "5.15.11",
          "5.15.12",
          "5.16.1",
          "5.16.5",
          "5.16.6",
          "5.16.8",
          "5.2.5",
          "5.21.10",
          "5.25.7",
          "5.3.1",
          "5.3.3",
          "5.3.5",
          "5.3.6",
          "5.4.1",
          "5.4.3",
          "5.4.4",
          "5.4.8",
          "5.5.1",
          "5.5.2",
          "5.5.3",
          "5.6.5",
          "5.7.1",
          "5.8.2",
          "5.8.3",
          "5.8.6",
          "5.9.2",
          "6.17.6",
          "6.22.5",
          "6.22.8",
          "6.23.1",
          "6.23.6",
          "6.23.8",
          "6.25.2",
          "6.25.6",
          "6.26.6",
          "7.1.1",
          "7.10.2",
          "7.17.5",
          "7.21.14",
          "7.4.7",
          "7.6.1",
          "8.1.2",
          "8.15.5",
          "8.25.10",
          "8.26.3",
          "8.26.4"
        ],
        "Pleiades": "https://pleiades.stoa.org/places/570220",
        "ToposText": "https://topostext.org/place/378214PEli"
      }
    },
    {
      "type": "Feature",
      "geometry": {
        "type": "Point",
        "coordinates": [
          21.374,
          37.89
        ]
      },
      "properties": {
        "name": "Elis polis",
        "region": "Eleia Bk5 Bk6",
        "part of": "Eleia Bk5 Bk6",
        "altname": "on plains road, few houses left",
        "Wikidata": "https://wikidata.org/wiki/Q217667",
        "type": [
          "polis"
        ],
        "passages": [
          "1.29.13",
          "1.41.6",
          "2.15.1",
          "3.11.7",
          "3.12.8",
          "3.8.4",
          "4.28.4",
          "4.28.5",
          "5.1.10",
          "5.1.11",
          "5.1.4",
          "5.1.9",
          "5.14.1",
          "5.15.11",
          "5.15.12",
          "5.16.1",
          "5.16.5",
          "5.16.6",
          "5.16.8",
          "5.2.5",
          "5.21.10",
          "5.25.7",
          "5.3.1",
          "5.3.3",
          "5.3.5",
          "5.3.6",
          "5.4.1",
          "5.4.3",
          "5.4.4",
          "5.4.8",
          "5.5.1",
          "5.5.2",
          "5.5.3",
          "5.6.5",
          "5.7.1",
          "5.8.2",
          "5.8.3",
          "5.8.6",
          "5.9.2",
          "6.17.6",
          "6.22.5",
          "6.22.8",
          "6.23.1",
          "6.23.6",
          "6.23.8",
          "6.25.2",
          "6.25.6",
          "6.26.6",
          "7.1.1",
          "7.10.2",
          "7.17.5",
          "7.21.14",
          "7.4.7",
          "7.6.1",
          "8.1.2",
          "8.15.5",
          "8.25.10",
          "8.26.3",
          "8.26.4"
        ],
        "Pleiades": "https://pleiades.stoa.org/places/570220",
        "ToposText": "https://topostext.org/place/378214PEli"
      }
    },
    {
      "type": "Feature",
      "geometry": {
        "type": "Point",
        "coordinates": [
          21.374,
          37.89
        ]
      },
      "properties": {
        "name": "Elis polis",
        "region": "Eleia Bk5 Bk6",
        "part of": "Eleia Bk5 Bk6",
        "altname": "on plains road, few houses left",
        "Wikidata": "https://wikidata.org/wiki/Q217667",
        "type": [
          "polis"
        ],
        "passages": [
          "1.29.13",
          "1.41.6",
          "2.15.1",
          "3.11.7",
          "3.12.8",
          "3.8.4",
          "4.28.4",
          "4.28.5",
          "5.1.10",
          "5.1.11",
          "5.1.4",
          "5.1.9",
          "5.14.1",
          "5.15.11",
          "5.15.12",
          "5.16.1",
          "5.16.5",
          "5.16.6",
          "5.16.8",
          "5.2.5",
          "5.21.10",
          "5.25.7",
          "5.3.1",
          "5.3.3",
          "5.3.5",
          "5.3.6",
          "5.4.1",
          "5.4.3",
          "5.4.4",
          "5.4.8",
          "5.5.1",
          "5.5.2",
          "5.5.3",
          "5.6.5",
          "5.7.1",
          "5.8.2",
          "5.8.3",
          "5.8.6",
          "5.9.2",
          "6.17.6",
          "6.22.5",
          "6.22.8",
          "6.23.1",
          "6.23.6",
          "6.23.8",
          "6.25.2",
          "6.25.6",
          "6.26.6",
          "7.1.1",
          "7.10.2",
          "7.17.5",
          "7.21.14",
          "7.4.7",
          "7.6.1",
          "8.1.2",
          "8.15.5",
          "8.25.10",
          "8.26.3",
          "8.26.4"
        ],
        "Pleiades": "https://pleiades.stoa.org/places/570220",
        "ToposText": "https://topostext.org/place/378214PEli"
      }
    },
    {
      "type": "Feature",
      "geometry": {
        "type": "Point",
        "coordinates": [
          21.374,
          37.89
        ]
      },
      "properties": {
        "name": "Elis polis",
        "region": "Eleia Bk5 Bk6",
        "part of": "Eleia Bk5 Bk6",
        "altname": "on plains road, few houses left",
        "Wikidata": "https://wikidata.org/wiki/Q217667",
        "type": [
          "polis"
        ],
        "passages": [
          "1.29.13",
          "1.41.6",
          "2.15.1",
          "3.11.7",
          "3.12.8",
          "3.8.4",
          "4.28.4",
          "4.28.5",
          "5.1.10",
          "5.1.11",
          "5.1.4",
          "5.1.9",
          "5.14.1",
          "5.15.11",
          "5.15.12",
          "5.16.1",
          "5.16.5",
          "5.16.6",
          "5.16.8",
          "5.2.5",
          "5.21.10",
          "5.25.7",
          "5.3.1",
          "5.3.3",
          "5.3.5",
          "5.3.6",
          "5.4.1",
          "5.4.3",
          "5.4.4",
          "5.4.8",
          "5.5.1",
          "5.5.2",
          "5.5.3",
          "5.6.5",
          "5.7.1",
          "5.8.2",
          "5.8.3",
          "5.8.6",
          "5.9.2",
          "6.17.6",
          "6.22.5",
          "6.22.8",
          "6.23.1",
          "6.23.6",
          "6.23.8",
          "6.25.2",
          "6.25.6",
          "6.26.6",
          "7.1.1",
          "7.10.2",
          "7.17.5",
          "7.21.14",
          "7.4.7",
          "7.6.1",
          "8.1.2",
          "8.15.5",
          "8.25.10",
          "8.26.3",
          "8.26.4"
        ],
        "Pleiades": "https://pleiades.stoa.org/places/570220",
        "ToposText": "https://topostext.org/place/378214PEli"
      }
    },
    {
      "type": "Feature",
      "geometry": {
        "type": "Point",
        "coordinates": [
          21.374,
          37.89
        ]
      },
      "properties": {
        "name": "Elis polis",
        "region": "Eleia Bk5 Bk6",
        "part of": "Eleia Bk5 Bk6",
        "altname": "on plains road, few houses left",
        "Wikidata": "https://wikidata.org/wiki/Q217667",
        "type": [
          "polis"
        ],
        "passages": [
          "1.29.13",
          "1.41.6",
          "2.15.1",
          "3.11.7",
          "3.12.8",
          "3.8.4",
          "4.28.4",
          "4.28.5",
          "5.1.10",
          "5.1.11",
          "5.1.4",
          "5.1.9",
          "5.14.1",
          "5.15.11",
          "5.15.12",
          "5.16.1",
          "5.16.5",
          "5.16.6",
          "5.16.8",
          "5.2.5",
          "5.21.10",
          "5.25.7",
          "5.3.1",
          "5.3.3",
          "5.3.5",
          "5.3.6",
          "5.4.1",
          "5.4.3",
          "5.4.4",
          "5.4.8",
          "5.5.1",
          "5.5.2",
          "5.5.3",
          "5.6.5",
          "5.7.1",
          "5.8.2",
          "5.8.3",
          "5.8.6",
          "5.9.2",
          "6.17.6",
          "6.22.5",
          "6.22.8",
          "6.23.1",
          "6.23.6",
          "6.23.8",
          "6.25.2",
          "6.25.6",
          "6.26.6",
          "7.1.1",
          "7.10.2",
          "7.17.5",
          "7.21.14",
          "7.4.7",
          "7.6.1",
          "8.1.2",
          "8.15.5",
          "8.25.10",
          "8.26.3",
          "8.26.4"
        ],
        "Pleiades": "https://pleiades.stoa.org/places/570220",
        "ToposText": "https://topostext.org/place/378214PEli"
      }
    },
    {
      "type": "Feature",
      "geometry": {
        "type": "Point",
        "coordinates": [
          21.374,
          37.89
        ]
      },
      "properties": {
        "name": "Elis polis",
        "region": "Eleia Bk5 Bk6",
        "part of": "Eleia Bk5 Bk6",
        "altname": "on plains road, few houses left",
        "Wikidata": "https://wikidata.org/wiki/Q217667",
        "type": [
          "polis"
        ],
        "passages": [
          "1.29.13",
          "1.41.6",
          "2.15.1",
          "3.11.7",
          "3.12.8",
          "3.8.4",
          "4.28.4",
          "4.28.5",
          "5.1.10",
          "5.1.11",
          "5.1.4",
          "5.1.9",
          "5.14.1",
          "5.15.11",
          "5.15.12",
          "5.16.1",
          "5.16.5",
          "5.16.6",
          "5.16.8",
          "5.2.5",
          "5.21.10",
          "5.25.7",
          "5.3.1",
          "5.3.3",
          "5.3.5",
          "5.3.6",
          "5.4.1",
          "5.4.3",
          "5.4.4",
          "5.4.8",
          "5.5.1",
          "5.5.2",
          "5.5.3",
          "5.6.5",
          "5.7.1",
          "5.8.2",
          "5.8.3",
          "5.8.6",
          "5.9.2",
          "6.17.6",
          "6.22.5",
          "6.22.8",
          "6.23.1",
          "6.23.6",
          "6.23.8",
          "6.25.2",
          "6.25.6",
          "6.26.6",
          "7.1.1",
          "7.10.2",
          "7.17.5",
          "7.21.14",
          "7.4.7",
          "7.6.1",
          "8.1.2",
          "8.15.5",
          "8.25.10",
          "8.26.3",
          "8.26.4"
        ],
        "Pleiades": "https://pleiades.stoa.org/places/570220",
        "ToposText": "https://topostext.org/place/378214PEli"
      }
    },
    {
      "type": "Feature",
      "geometry": {
        "type": "Point",
        "coordinates": [
          21.374,
          37.89
        ]
      },
      "properties": {
        "name": "Elis polis",
        "region": "Eleia Bk5 Bk6",
        "part of": "Eleia Bk5 Bk6",
        "altname": "on plains road, few houses left",
        "Wikidata": "https://wikidata.org/wiki/Q217667",
        "type": [
          "polis"
        ],
        "passages": [
          "1.29.13",
          "1.41.6",
          "2.15.1",
          "3.11.7",
          "3.12.8",
          "3.8.4",
          "4.28.4",
          "4.28.5",
          "5.1.10",
          "5.1.11",
          "5.1.4",
          "5.1.9",
          "5.14.1",
          "5.15.11",
          "5.15.12",
          "5.16.1",
          "5.16.5",
          "5.16.6",
          "5.16.8",
          "5.2.5",
          "5.21.10",
          "5.25.7",
          "5.3.1",
          "5.3.3",
          "5.3.5",
          "5.3.6",
          "5.4.1",
          "5.4.3",
          "5.4.4",
          "5.4.8",
          "5.5.1",
          "5.5.2",
          "5.5.3",
          "5.6.5",
          "5.7.1",
          "5.8.2",
          "5.8.3",
          "5.8.6",
          "5.9.2",
          "6.17.6",
          "6.22.5",
          "6.22.8",
          "6.23.1",
          "6.23.6",
          "6.23.8",
          "6.25.2",
          "6.25.6",
          "6.26.6",
          "7.1.1",
          "7.10.2",
          "7.17.5",
          "7.21.14",
          "7.4.7",
          "7.6.1",
          "8.1.2",
          "8.15.5",
          "8.25.10",
          "8.26.3",
          "8.26.4"
        ],
        "Pleiades": "https://pleiades.stoa.org/places/570220",
        "ToposText": "https://topostext.org/place/378214PEli"
      }
    },
    {
      "type": "Feature",
      "geometry": {
        "type": "Point",
        "coordinates": [
          21.374,
          37.89
        ]
      },
      "properties": {
        "name": "Elis polis",
        "region": "Eleia Bk5 Bk6",
        "part of": "Eleia Bk5 Bk6",
        "altname": "on plains road, few houses left",
        "Wikidata": "https://wikidata.org/wiki/Q217667",
        "type": [
          "polis"
        ],
        "passages": [
          "1.29.13",
          "1.41.6",
          "2.15.1",
          "3.11.7",
          "3.12.8",
          "3.8.4",
          "4.28.4",
          "4.28.5",
          "5.1.10",
          "5.1.11",
          "5.1.4",
          "5.1.9",
          "5.14.1",
          "5.15.11",
          "5.15.12",
          "5.16.1",
          "5.16.5",
          "5.16.6",
          "5.16.8",
          "5.2.5",
          "5.21.10",
          "5.25.7",
          "5.3.1",
          "5.3.3",
          "5.3.5",
          "5.3.6",
          "5.4.1",
          "5.4.3",
          "5.4.4",
          "5.4.8",
          "5.5.1",
          "5.5.2",
          "5.5.3",
          "5.6.5",
          "5.7.1",
          "5.8.2",
          "5.8.3",
          "5.8.6",
          "5.9.2",
          "6.17.6",
          "6.22.5",
          "6.22.8",
          "6.23.1",
          "6.23.6",
          "6.23.8",
          "6.25.2",
          "6.25.6",
          "6.26.6",
          "7.1.1",
          "7.10.2",
          "7.17.5",
          "7.21.14",
          "7.4.7",
          "7.6.1",
          "8.1.2",
          "8.15.5",
          "8.25.10",
          "8.26.3",
          "8.26.4"
        ],
        "Pleiades": "https://pleiades.stoa.org/places/570220",
        "ToposText": "https://topostext.org/place/378214PEli"
      }
    },
    {
      "type": "Feature",
      "geometry": {
        "type": "Point",
        "coordinates": [
          21.374,
          37.89
        ]
      },
      "properties": {
        "name": "Elis polis",
        "region": "Eleia Bk5 Bk6",
        "part of": "Eleia Bk5 Bk6",
        "altname": "on plains road, few houses left",
        "Wikidata": "https://wikidata.org/wiki/Q217667",
        "type": [
          "polis"
        ],
        "passages": [
          "1.29.13",
          "1.41.6",
          "2.15.1",
          "3.11.7",
          "3.12.8",
          "3.8.4",
          "4.28.4",
          "4.28.5",
          "5.1.10",
          "5.1.11",
          "5.1.4",
          "5.1.9",
          "5.14.1",
          "5.15.11",
          "5.15.12",
          "5.16.1",
          "5.16.5",
          "5.16.6",
          "5.16.8",
          "5.2.5",
          "5.21.10",
          "5.25.7",
          "5.3.1",
          "5.3.3",
          "5.3.5",
          "5.3.6",
          "5.4.1",
          "5.4.3",
          "5.4.4",
          "5.4.8",
          "5.5.1",
          "5.5.2",
          "5.5.3",
          "5.6.5",
          "5.7.1",
          "5.8.2",
          "5.8.3",
          "5.8.6",
          "5.9.2",
          "6.17.6",
          "6.22.5",
          "6.22.8",
          "6.23.1",
          "6.23.6",
          "6.23.8",
          "6.25.2",
          "6.25.6",
          "6.26.6",
          "7.1.1",
          "7.10.2",
          "7.17.5",
          "7.21.14",
          "7.4.7",
          "7.6.1",
          "8.1.2",
          "8.15.5",
          "8.25.10",
          "8.26.3",
          "8.26.4"
        ],
        "Pleiades": "https://pleiades.stoa.org/places/570220",
        "ToposText": "https://topostext.org/place/378214PEli"
      }
    },
    {
      "type": "Feature",
      "geometry": {
        "type": "Point",
        "coordinates": [
          22.50108,
          38.48264
        ]
      },
      "properties": {
        "name": "Delphic Oracle, Pytho (Delphi)",
        "region": "Phokis Bk10",
        "part of": "Sanctuary of Pythian Apollo at Delphi",
        "Wikidata": "https://wikidata.org/wiki/Q682558",
        "type": [
          "oracle manteion"
        ],
        "passages": [
          "1.19.3",
          "1.2.5",
          "1.3.4",
          "1.32.5",
          "1.32.6",
          "1.44.9",
          "1.9.3",
          "10.10.6",
          "10.11.5",
          "10.12.1",
          "10.13.8",
          "10.5.5",
          "10.5.6",
          "10.5.7",
          "10.5.8",
          "10.6.6",
          "10.7.3",
          "2.26.7",
          "2.29.7",
          "2.33.2",
          "6.11.7",
          "6.9.7",
          "9.14.2",
          "9.8.2"
        ]
      }
    },
    {
      "type": "Feature",
      "geometry": {
        "type": "Point",
        "coordinates": [
          22.50108,
          38.48264
        ]
      },
      "properties": {
        "name": "Delphic Oracle, Pytho (Delphi)",
        "region": "Phokis Bk10",
        "part of": "Sanctuary of Pythian Apollo at Delphi",
        "Wikidata": "https://wikidata.org/wiki/Q682558",
        "type": [
          "oracle manteion"
        ],
        "passages": [
          "1.19.3",
          "1.2.5",
          "1.3.4",
          "1.32.5",
          "1.32.6",
          "1.44.9",
          "1.9.3",
          "10.10.6",
          "10.11.5",
          "10.12.1",
          "10.13.8",
          "10.5.5",
          "10.5.6",
          "10.5.7",
          "10.5.8",
          "10.6.6",
          "10.7.3",
          "2.26.7",
          "2.29.7",
          "2.33.2",
          "6.11.7",
          "6.9.7",
          "9.14.2",
          "9.8.2"
        ]
      }
    },
    {
      "type": "Feature",
      "geometry": {
        "type": "Point",
        "coordinates": [
          19.92178,
          39.60733
        ]
      },
      "properties": {
        "name": "Corcyra (settlement)",
        "region": "Hellas (Europe)",
        "part of": "Ionian Sea (Greece/Italy)",
        "altname": "Kerkyra",
        "Wikidata": "https://wikidata.org/wiki/Q3693378",
        "type": [
          "polis"
        ],
        "passages": [
          "1.11.6",
          "10.9.3",
          "2.3.9",
          "2.5.2",
          "5.22.4",
          "6.25.1",
          "6.9.9"
        ],
        "Pleiades": "https://pleiades.stoa.org/places/530834"
      }
    },
    {
      "type": "Feature",
      "geometry": {
        "type": "Point",
        "coordinates": [
          19.92178,
          39.60733
        ]
      },
      "properties": {
        "name": "Corcyra (settlement)",
        "region": "Hellas (Europe)",
        "part of": "Ionian Sea (Greece/Italy)",
        "altname": "Kerkyra",
        "Wikidata": "https://wikidata.org/wiki/Q3693378",
        "type": [
          "polis"
        ],
        "passages": [
          "1.11.6",
          "10.9.3",
          "2.3.9",
          "2.5.2",
          "5.22.4",
          "6.25.1",
          "6.9.9"
        ],
        "Pleiades": "https://pleiades.stoa.org/places/530834"
      }
    },
    {
      "type": "Feature",
      "geometry": {
        "type": "Point",
        "coordinates": [
          21.73,
          37.641
        ]
      },
      "properties": {
        "name": "Temple of Asklepios Demainetos, 40 stades beyond Sauros gully, ruined",
        "region": "Eleia Bk5 Bk6",
        "part of": "Eleia Bk5 Bk6",
        "altname": "unlocated, 40 stades west of Sauros ridge on height above Alpheios",
        "Wikidata": "https://wikidata.org/wiki/Q107031185",
        "type": [
          "Asclepieion",
          "temple"
        ],
        "passages": [
          "6.21.4"
        ]
      }
    },
    {
      "type": "Feature",
      "geometry": {
        "type": "Point",
        "coordinates": [
          29.318359999999995,
          36.355934
        ]
      },
      "properties": {
        "name": "Xanthos",
        "region": "Asia Minor (Asia)",
        "part of": "Lycia region",
        "Wikidata": "https://wikidata.org/wiki/Q464936",
        "type": [
          "polis"
        ],
        "passages": [
          "6.13.3"
        ],
        "Pleiades": "https://pleiades.stoa.org/places/639166"
      }
    },
    {
      "type": "Feature",
      "geometry": {
        "type": "Point",
        "coordinates": [
          16.824063,
          40.383868
        ]
      },
      "properties": {
        "name": "City Walls of Metapontion",
        "region": "Italia (Europe)",
        "part of": "Metapontum",
        "location": "Metapontum",
        "type": [
          "city walls"
        ],
        "passages": [
          "6.19.11"
        ]
      }
    },
    {
      "type": "Feature",
      "geometry": {
        "type": "Point",
        "coordinates": [
          22.6337672,
          38.8678937
        ]
      },
      "properties": {
        "name": "Phthiotis",
        "region": "Hellas (Europe)",
        "part of": "Hellas (Europe)",
        "Wikidata": "https://wikidata.org/wiki/Q2089144",
        "type": [
          "chora/region"
        ],
        "passages": [
          "10.20.6",
          "6.11.5",
          "7.1.6"
        ],
        "Pleiades": "https://pleiades.stoa.org/places/541052"
      }
    },
    {
      "type": "Feature",
      "geometry": {
        "type": "Point",
        "coordinates": [
          35.238333,
          31.928332999999995
        ]
      },
      "properties": {
        "name": "Tomb of Silenos in Judaea",
        "region": "Asia (continent)",
        "part of": "Iudaea",
        "location": "Iudaea",
        "Wikidata": "https://wikidata.org/wiki/Q136487340",
        "type": [
          "tomb mnema"
        ],
        "passages": [
          "6.24.8"
        ]
      }
    },
    {
      "type": "Feature",
      "geometry": {
        "type": "Point",
        "coordinates": [
          27.366012129999998,
          38.25857286
        ]
      },
      "properties": {
        "name": "Ionia (region)",
        "region": "Asia (continent)",
        "part of": "Asia Minor (Asia)",
        "Wikidata": "https://wikidata.org/wiki/Q620874",
        "type": [
          "chora/region"
        ],
        "passages": [
          "1.1.5",
          "1.29.5",
          "10.24.1",
          "10.32.4",
          "10.33.2",
          "10.8.6",
          "2.31.6",
          "3.2.1",
          "3.9.6",
          "5.21.13",
          "5.27.12",
          "5.7.5",
          "6.24.2",
          "6.3.15",
          "7.3.7",
          "7.3.8",
          "7.5.10",
          "7.5.12",
          "7.5.13",
          "7.5.4",
          "8.43.4",
          "8.45.5",
          "9.19.8",
          "9.21.6",
          "9.27.1",
          "9.27.8",
          "9.33.2",
          "9.37.8"
        ],
        "Pleiades": "https://pleiades.stoa.org/places/550597"
      }
    },
    {
      "type": "Feature",
      "geometry": {
        "type": "Point",
        "coordinates": [
          27.366012129999998,
          38.25857286
        ]
      },
      "properties": {
        "name": "Ionia (region)",
        "region": "Asia (continent)",
        "part of": "Asia Minor (Asia)",
        "Wikidata": "https://wikidata.org/wiki/Q620874",
        "type": [
          "chora/region"
        ],
        "passages": [
          "1.1.5",
          "1.29.5",
          "10.24.1",
          "10.32.4",
          "10.33.2",
          "10.8.6",
          "2.31.6",
          "3.2.1",
          "3.9.6",
          "5.21.13",
          "5.27.12",
          "5.7.5",
          "6.24.2",
          "6.3.15",
          "7.3.7",
          "7.3.8",
          "7.5.10",
          "7.5.12",
          "7.5.13",
          "7.5.4",
          "8.43.4",
          "8.45.5",
          "9.19.8",
          "9.21.6",
          "9.27.1",
          "9.27.8",
          "9.33.2",
          "9.37.8"
        ],
        "Pleiades": "https://pleiades.stoa.org/places/550597"
      }
    },
    {
      "type": "Feature",
      "geometry": {
        "type": "Point",
        "coordinates": [
          21.3746,
          37.8917
        ]
      },
      "properties": {
        "name": "open-air space of the agora of Elis",
        "region": "Eleia Bk5 Bk6",
        "part of": "Agora of Elis",
        "location": "Agora of Elis",
        "type": [
          "open air"
        ],
        "passages": [
          "6.24.3"
        ]
      }
    },
    {
      "type": "Feature",
      "geometry": {
        "type": "Point",
        "coordinates": [
          22.3557,
          38.4802
        ]
      },
      "properties": {
        "name": "Myonia/Myania (Phokis)",
        "region": "Phokis Bk10",
        "part of": "Phokis Bk10",
        "Wikidata": "https://wikidata.org/wiki/Q2358920",
        "type": [
          "polis"
        ],
        "passages": [
          "10.38.8",
          "6.19.5"
        ],
        "ToposText": "https://topostext.org/place/385224PMya"
      }
    },
    {
      "type": "Feature",
      "geometry": {
        "type": "Point",
        "coordinates": [
          22.9,
          37.67
        ]
      },
      "properties": {
        "name": "Argolid Bk2",
        "region": "",
        "part of": "Peloponnesos",
        "altname": "Argolis region",
        "Wikidata": "https://wikidata.org/wiki/Q12649101",
        "type": [
          "chora/region"
        ],
        "passages": [
          "10.10.4",
          "10.15.1",
          "10.18.5",
          "2.1.1",
          "2.15.4",
          "2.15.5",
          "2.16.2",
          "2.18.4",
          "2.18.7",
          "2.20.1",
          "2.24.7",
          "2.25.5",
          "2.26.1",
          "2.28.2",
          "2.29.5",
          "2.35.4",
          "2.36.4",
          "2.38.4",
          "2.38.7",
          "2.7.1",
          "3.2.2",
          "3.23.6",
          "3.4.1",
          "3.5.8",
          "3.5.9",
          "3.7.3",
          "3.7.4",
          "4.11.8",
          "4.29.2",
          "4.34.10",
          "4.34.12",
          "4.35.2",
          "5.10.9",
          "5.23.2",
          "6.20.7",
          "7.25.5",
          "7.26.12",
          "8.1.1",
          "8.1.2",
          "8.22.1",
          "8.22.3",
          "8.27.1",
          "8.3.3",
          "8.33.3",
          "8.4.6",
          "8.54.7",
          "8.6.4",
          "8.6.6",
          "8.7.2"
        ],
        "Pleiades": "https://pleiades.stoa.org/places/570104",
        "ToposText": "https://topostext.org/place/374229RArg"
      }
    },
    {
      "type": "Feature",
      "geometry": {
        "type": "Point",
        "coordinates": [
          21.6336,
          37.637
        ]
      },
      "properties": {
        "name": "starting line for horse-racing at Olympia",
        "region": "Eleia Bk5 Bk6",
        "part of": "Hippodrome (Olympia)",
        "location": "Hippodrome (Olympia)",
        "altname": "Aphesis at Olympia",
        "type": [
          "starting line"
        ],
        "passages": [
          "5.15.5",
          "6.20.10"
        ]
      }
    },
    {
      "type": "Feature",
      "geometry": {
        "type": "Point",
        "coordinates": [
          21.374,
          37.89
        ]
      },
      "properties": {
        "name": "Temple of Hades at Elis",
        "region": "Eleia Bk5 Bk6",
        "part of": "Sanctuary of Hades at Elis",
        "location": "Sanctuary of Hades at Elis",
        "type": [
          "temple"
        ],
        "passages": [
          "6.25.2"
        ]
      }
    },
    {
      "type": "Feature",
      "geometry": {
        "type": "Point",
        "coordinates": [
          21.599,
          37.533
        ]
      },
      "properties": {
        "name": "Samikon/Samia (Triphylia)",
        "region": "Eleia Bk5 Bk6",
        "part of": "Triphylia",
        "Wikidata": "https://wikidata.org/wiki/Q3558588",
        "type": [
          "polis"
        ],
        "passages": [
          "5.5.11",
          "5.5.3",
          "5.5.7",
          "5.6.1",
          "5.6.2",
          "5.6.3",
          "6.25.6"
        ],
        "Pleiades": "https://pleiades.stoa.org/places/570653",
        "ToposText": "https://topostext.org/place/375216USam"
      }
    },
    {
      "type": "Feature",
      "geometry": {
        "type": "Point",
        "coordinates": [
          19.470413,
          40.720583
        ]
      },
      "properties": {
        "name": "Apollonia",
        "region": "Europe",
        "part of": "Illyria (Europe)",
        "Wikidata": "https://wikidata.org/wiki/Q505703",
        "type": [
          "polis"
        ],
        "passages": [
          "5.22.3",
          "5.22.4",
          "6.14.13"
        ],
        "Pleiades": "https://pleiades.stoa.org/places/481728"
      }
    },
    {
      "type": "Feature",
      "geometry": {
        "type": "Point",
        "coordinates": [
          15.29382,
          37.05963
        ]
      },
      "properties": {
        "name": "Syracusae/Syrakousai",
        "region": "Sicilia (island)",
        "part of": "Sicilia (island)",
        "Wikidata": "https://wikidata.org/wiki/Q4420718",
        "type": [
          "settlement"
        ],
        "passages": [
          "1.2.3",
          "1.23.3",
          "10.28.6",
          "2.22.9",
          "5.7.2",
          "5.7.3",
          "5.8.8",
          "6.12.2",
          "6.12.4",
          "6.15.6",
          "6.2.6",
          "6.9.5",
          "7.16.5",
          "8.42.8",
          "8.54.3"
        ],
        "Pleiades": "https://pleiades.stoa.org/places/462503"
      }
    },
    {
      "type": "Feature",
      "geometry": {
        "type": "Point",
        "coordinates": [
          15.29382,
          37.05963
        ]
      },
      "properties": {
        "name": "Syracusae/Syrakousai",
        "region": "Sicilia (island)",
        "part of": "Sicilia (island)",
        "Wikidata": "https://wikidata.org/wiki/Q4420718",
        "type": [
          "settlement"
        ],
        "passages": [
          "1.2.3",
          "1.23.3",
          "10.28.6",
          "2.22.9",
          "5.7.2",
          "5.7.3",
          "5.8.8",
          "6.12.2",
          "6.12.4",
          "6.15.6",
          "6.2.6",
          "6.9.5",
          "7.16.5",
          "8.42.8",
          "8.54.3"
        ],
        "Pleiades": "https://pleiades.stoa.org/places/462503"
      }
    },
    {
      "type": "Feature",
      "geometry": {
        "type": "Point",
        "coordinates": [
          15.29382,
          37.05963
        ]
      },
      "properties": {
        "name": "Syracusae/Syrakousai",
        "region": "Sicilia (island)",
        "part of": "Sicilia (island)",
        "Wikidata": "https://wikidata.org/wiki/Q4420718",
        "type": [
          "settlement"
        ],
        "passages": [
          "1.2.3",
          "1.23.3",
          "10.28.6",
          "2.22.9",
          "5.7.2",
          "5.7.3",
          "5.8.8",
          "6.12.2",
          "6.12.4",
          "6.15.6",
          "6.2.6",
          "6.9.5",
          "7.16.5",
          "8.42.8",
          "8.54.3"
        ],
        "Pleiades": "https://pleiades.stoa.org/places/462503"
      }
    },
    {
      "type": "Feature",
      "geometry": {
        "type": "Point",
        "coordinates": [
          15.29382,
          37.05963
        ]
      },
      "properties": {
        "name": "Syracusae/Syrakousai",
        "region": "Sicilia (island)",
        "part of": "Sicilia (island)",
        "Wikidata": "https://wikidata.org/wiki/Q4420718",
        "type": [
          "settlement"
        ],
        "passages": [
          "1.2.3",
          "1.23.3",
          "10.28.6",
          "2.22.9",
          "5.7.2",
          "5.7.3",
          "5.8.8",
          "6.12.2",
          "6.12.4",
          "6.15.6",
          "6.2.6",
          "6.9.5",
          "7.16.5",
          "8.42.8",
          "8.54.3"
        ],
        "Pleiades": "https://pleiades.stoa.org/places/462503"
      }
    },
    {
      "type": "Feature",
      "geometry": {
        "type": "Point",
        "coordinates": [
          15.29382,
          37.05963
        ]
      },
      "properties": {
        "name": "Syracusae/Syrakousai",
        "region": "Sicilia (island)",
        "part of": "Sicilia (island)",
        "Wikidata": "https://wikidata.org/wiki/Q4420718",
        "type": [
          "settlement"
        ],
        "passages": [
          "1.2.3",
          "1.23.3",
          "10.28.6",
          "2.22.9",
          "5.7.2",
          "5.7.3",
          "5.8.8",
          "6.12.2",
          "6.12.4",
          "6.15.6",
          "6.2.6",
          "6.9.5",
          "7.16.5",
          "8.42.8",
          "8.54.3"
        ],
        "Pleiades": "https://pleiades.stoa.org/places/462503"
      }
    },
    {
      "type": "Feature",
      "geometry": {
        "type": "Point",
        "coordinates": [
          21.630126,
          37.637849
        ]
      },
      "properties": {
        "name": "Tomb of Oinomaos across the Kladeus at Olympia",
        "region": "Eleia Bk5 Bk6",
        "part of": "Olympia",
        "location": "Olympia",
        "Wikidata": "https://wikidata.org/wiki/Q107031179",
        "type": [
          "tomb mnema"
        ],
        "passages": [
          "6.21.3"
        ],
        "Manto": "https://resource.manto.unh.edu/10268833"
      }
    },
    {
      "type": "Feature",
      "geometry": {
        "type": "Point",
        "coordinates": [
          16.824063,
          40.383868
        ]
      },
      "properties": {
        "name": "theater of Metapontum",
        "region": "Italia (Europe)",
        "part of": "Metapontum",
        "location": "Metapontum",
        "altname": "Metapontion theater",
        "Wikidata": "https://wikidata.org/wiki/Q50572394",
        "type": [
          "theater"
        ],
        "passages": [
          "6.19.11"
        ]
      }
    },
    {
      "type": "Feature",
      "geometry": {
        "type": "Point",
        "coordinates": [
          21.627,
          37.64
        ]
      },
      "properties": {
        "name": "Ruined buildings beyond tomb of Oinomaos, his stables",
        "region": "Eleia Bk5 Bk6",
        "part of": "Eleia Bk5 Bk6",
        "type": [
          "ruins"
        ],
        "passages": [
          "6.21.3"
        ]
      }
    },
    {
      "type": "Feature",
      "geometry": {
        "type": "Point",
        "coordinates": [
          15.002988,
          37.279759
        ]
      },
      "properties": {
        "name": "Leontini, Lentini",
        "region": "Sicilia (island)",
        "part of": "Sicilia (island)",
        "Wikidata": "https://wikidata.org/wiki/Q3830644",
        "type": [
          "polis"
        ],
        "passages": [
          "6.17.9"
        ],
        "Pleiades": "https://pleiades.stoa.org/places/462279"
      }
    },
    {
      "type": "Feature",
      "geometry": {
        "type": "Point",
        "coordinates": [
          21.71145,
          37.635009
        ]
      },
      "properties": {
        "name": "Pointy hill of Phrixa opposite Leukyianias river",
        "region": "Eleia Bk5 Bk6",
        "part of": "Phrixa",
        "location": "Phrixa",
        "type": [
          "hill"
        ],
        "passages": [
          "6.21.6"
        ]
      }
    },
    {
      "type": "Feature",
      "geometry": {
        "type": "Point",
        "coordinates": [
          23.8189911,
          38.05199883
        ]
      },
      "properties": {
        "name": "Attica Bk1",
        "region": "Attica Bk1",
        "part of": "Hellas (Europe)",
        "Wikidata": "https://wikidata.org/wiki/Q122443",
        "type": [
          "chora/region"
        ],
        "passages": [
          "1.1.1",
          "1.14.2",
          "1.2.6",
          "1.20.6",
          "1.21.1",
          "1.22.3",
          "1.22.7",
          "1.23.5",
          "1.24.5",
          "1.24.8",
          "1.25.6",
          "1.26.3",
          "1.26.5",
          "1.26.6",
          "1.27.10",
          "1.27.2",
          "1.28.10",
          "1.28.11",
          "1.28.4",
          "1.28.9",
          "1.29.2",
          "1.29.6",
          "1.29.7",
          "1.30.4",
          "1.31.1",
          "1.31.3",
          "1.31.5",
          "1.32.1",
          "1.32.3",
          "1.34.1",
          "1.34.2",
          "1.35.1",
          "1.36.3",
          "1.37.7",
          "1.38.1",
          "1.38.4",
          "1.38.8",
          "1.44.10",
          "10.17.5",
          "10.25.2",
          "10.33.4",
          "10.35.8",
          "2.1.1",
          "2.1.6",
          "2.30.9",
          "2.32.9",
          "2.6.5",
          "2.6.6",
          "3.12.7",
          "3.5.1",
          "3.7.10",
          "3.8.6",
          "4.1.8",
          "4.34.8",
          "5.10.4",
          "5.11.7",
          "5.13.8",
          "5.15.7",
          "5.25.13",
          "5.4.7",
          "6.19.12",
          "7.1.5",
          "7.1.9",
          "7.11.8",
          "7.17.2",
          "7.18.2",
          "7.25.2",
          "7.3.6",
          "7.5.5",
          "7.6.3",
          "7.7.7",
          "8.23.3",
          "9.1.1",
          "9.1.6",
          "9.13.6",
          "9.23.5"
        ],
        "Pleiades": "https://pleiades.stoa.org/places/579888"
      }
    },
    {
      "type": "Feature",
      "geometry": {
        "type": "Point",
        "coordinates": [
          21.707,
          37.649
        ]
      },
      "properties": {
        "name": "Tomb of the Horses of Marmax by the Parthenias river",
        "region": "Eleia Bk5 Bk6",
        "part of": "Parthenias (river)",
        "location": "Parthenias (river)",
        "Wikidata": "https://wikidata.org/wiki/Q107040555",
        "type": [
          "tomb mnema"
        ],
        "passages": [
          "6.21.7",
          "6.21.8"
        ],
        "Manto": "https://resource.manto.unh.edu/10268883"
      }
    },
    {
      "type": "Feature",
      "geometry": {
        "type": "Point",
        "coordinates": [
          21.707,
          37.649
        ]
      },
      "properties": {
        "name": "Tomb of the Horses of Marmax by the Parthenias river",
        "region": "Eleia Bk5 Bk6",
        "part of": "Parthenias (river)",
        "location": "Parthenias (river)",
        "Wikidata": "https://wikidata.org/wiki/Q107040555",
        "type": [
          "tomb mnema"
        ],
        "passages": [
          "6.21.7",
          "6.21.8"
        ],
        "Manto": "https://resource.manto.unh.edu/10268883"
      }
    },
    {
      "type": "Feature",
      "geometry": {
        "type": "Point",
        "coordinates": [
          22.7145,
          37.9834
        ]
      },
      "properties": {
        "name": "Sicyon (Sikyonia)",
        "region": "Sikyonia Bk2",
        "part of": "Sikyonia Bk2",
        "altname": "Sikyon",
        "Wikidata": "https://wikidata.org/wiki/Q368628",
        "type": [
          "polis"
        ],
        "passages": [
          "1.25.4",
          "1.27.5",
          "10.11.6",
          "10.8.5",
          "2.1.1",
          "2.10.1",
          "2.10.6",
          "2.11.2",
          "2.11.3",
          "2.11.5",
          "2.12.2",
          "2.12.3",
          "2.13.1",
          "2.15.1",
          "2.25.5",
          "2.25.6",
          "2.3.10",
          "2.3.6",
          "2.4.4",
          "2.5.2",
          "2.5.5",
          "2.5.6",
          "2.5.8",
          "2.6.2",
          "2.6.5",
          "2.6.6",
          "2.6.7",
          "2.7.1",
          "2.7.2",
          "2.7.3",
          "2.7.6",
          "2.7.7",
          "2.7.9",
          "2.8.1",
          "2.9.2",
          "2.9.4",
          "4.10.6",
          "4.11.8",
          "4.14.1",
          "4.15.7",
          "5.18.7",
          "5.21.3",
          "6.3.3",
          "7.1.1",
          "7.23.8",
          "7.26.12",
          "7.26.13",
          "7.26.2",
          "7.26.6",
          "7.27.12",
          "7.6.1",
          "8.1.2"
        ],
        "Pleiades": "https://pleiades.stoa.org/places/570668",
        "ToposText": "https://topostext.org/place/380227PSik"
      }
    },
    {
      "type": "Feature",
      "geometry": {
        "type": "Point",
        "coordinates": [
          26.331240830000002,
          39.90055031
        ]
      },
      "properties": {
        "name": "Troas",
        "region": "Asia (continent)",
        "part of": "Asia Minor (Asia)",
        "Wikidata": "https://wikidata.org/wiki/Q2454671",
        "type": [
          "chora/region"
        ],
        "passages": [
          "1.4.6",
          "10.12.6",
          "10.14.1",
          "10.14.4",
          "10.36.10",
          "4.2.7",
          "5.25.6",
          "6.4.9"
        ],
        "Pleiades": "https://pleiades.stoa.org/places/550944"
      }
    },
    {
      "type": "Feature",
      "geometry": {
        "type": "Point",
        "coordinates": [
          21.6311,
          37.639
        ]
      },
      "properties": {
        "name": "Treasury buildings (Olympia)",
        "region": "Eleia Bk5 Bk6",
        "part of": "Treasury terrace north of the Heraion, Olympia",
        "location": "Treasury terrace north of the Heraion, Olympia",
        "Wikidata": "https://wikidata.org/wiki/Q7836783",
        "type": [
          "treasury"
        ],
        "passages": [
          "6.19.1"
        ],
        "ToposText": "https://topostext.org/place/376216BOTr"
      }
    },
    {
      "type": "Feature",
      "geometry": {
        "type": "Point",
        "coordinates": [
          21.576,
          37.685
        ]
      },
      "properties": {
        "name": "Kytherios river (Eleia)",
        "region": "Eleia Bk5 Bk6",
        "part of": "Eleia Bk5 Bk6",
        "altname": "Kytheros",
        "Wikidata": "https://wikidata.org/wiki/Q211852",
        "type": [
          "river"
        ],
        "passages": [
          "6.22.7"
        ],
        "Pleiades": "https://pleiades.stoa.org/places/570399",
        "ToposText": "https://topostext.org/place/378218WKyt"
      }
    },
    {
      "type": "Feature",
      "geometry": {
        "type": "Point",
        "coordinates": [
          21.6336,
          37.637
        ]
      },
      "properties": {
        "name": "tomb of native at hippodrome of Olympia",
        "region": "Eleia Bk5 Bk6",
        "part of": "Hippodrome (Olympia)",
        "location": "Hippodrome (Olympia)",
        "type": [
          "tomb mnema"
        ],
        "passages": [
          "6.20.16"
        ]
      }
    },
    {
      "type": "Feature",
      "geometry": {
        "type": "Point",
        "coordinates": [
          21.63754,
          37.64094
        ]
      },
      "properties": {
        "name": "Sanctuary of Demeter Chamyne at Olympia",
        "region": "Eleia Bk5 Bk6",
        "part of": "Olympia",
        "Wikidata": "https://wikidata.org/wiki/Q97446599",
        "type": [
          "hieron"
        ],
        "passages": [
          "6.21.1"
        ],
        "Manto": "https://resource.manto.unh.edu/10268821",
        "Pleiades": "https://pleiades.stoa.org/places/469444289",
        "ToposText": "https://topostext.org/place/376216SDCh"
      }
    },
    {
      "type": "Feature",
      "geometry": {
        "type": "Point",
        "coordinates": [
          22.992664,
          37.9158514
        ]
      },
      "properties": {
        "name": "Isthmian Poseidon sanctuary at Isthmia",
        "region": "Corinthia Bk2",
        "part of": "Isthmus of Corinth",
        "Wikidata": "https://wikidata.org/wiki/Q16600469",
        "type": [
          "hieron"
        ],
        "passages": [
          "2.1.7",
          "6.12.7",
          "6.12.8",
          "6.14.2",
          "6.15.1",
          "6.15.3",
          "6.15.6",
          "6.17.2",
          "6.20.19",
          "6.3.9",
          "6.4.11",
          "6.4.6"
        ],
        "Pleiades": "https://pleiades.stoa.org/places/570316"
      }
    },
    {
      "type": "Feature",
      "geometry": {
        "type": "Point",
        "coordinates": [
          22.992664,
          37.9158514
        ]
      },
      "properties": {
        "name": "Isthmian Poseidon sanctuary at Isthmia",
        "region": "Corinthia Bk2",
        "part of": "Isthmus of Corinth",
        "Wikidata": "https://wikidata.org/wiki/Q16600469",
        "type": [
          "hieron"
        ],
        "passages": [
          "2.1.7",
          "6.12.7",
          "6.12.8",
          "6.14.2",
          "6.15.1",
          "6.15.3",
          "6.15.6",
          "6.17.2",
          "6.20.19",
          "6.3.9",
          "6.4.11",
          "6.4.6"
        ],
        "Pleiades": "https://pleiades.stoa.org/places/570316"
      }
    },
    {
      "type": "Feature",
      "geometry": {
        "type": "Point",
        "coordinates": [
          22.992664,
          37.9158514
        ]
      },
      "properties": {
        "name": "Isthmian Poseidon sanctuary at Isthmia",
        "region": "Corinthia Bk2",
        "part of": "Isthmus of Corinth",
        "Wikidata": "https://wikidata.org/wiki/Q16600469",
        "type": [
          "hieron"
        ],
        "passages": [
          "2.1.7",
          "6.12.7",
          "6.12.8",
          "6.14.2",
          "6.15.1",
          "6.15.3",
          "6.15.6",
          "6.17.2",
          "6.20.19",
          "6.3.9",
          "6.4.11",
          "6.4.6"
        ],
        "Pleiades": "https://pleiades.stoa.org/places/570316"
      }
    },
    {
      "type": "Feature",
      "geometry": {
        "type": "Point",
        "coordinates": [
          22.992664,
          37.9158514
        ]
      },
      "properties": {
        "name": "Isthmian Poseidon sanctuary at Isthmia",
        "region": "Corinthia Bk2",
        "part of": "Isthmus of Corinth",
        "Wikidata": "https://wikidata.org/wiki/Q16600469",
        "type": [
          "hieron"
        ],
        "passages": [
          "2.1.7",
          "6.12.7",
          "6.12.8",
          "6.14.2",
          "6.15.1",
          "6.15.3",
          "6.15.6",
          "6.17.2",
          "6.20.19",
          "6.3.9",
          "6.4.11",
          "6.4.6"
        ],
        "Pleiades": "https://pleiades.stoa.org/places/570316"
      }
    },
    {
      "type": "Feature",
      "geometry": {
        "type": "Point",
        "coordinates": [
          22.992664,
          37.9158514
        ]
      },
      "properties": {
        "name": "Isthmian Poseidon sanctuary at Isthmia",
        "region": "Corinthia Bk2",
        "part of": "Isthmus of Corinth",
        "Wikidata": "https://wikidata.org/wiki/Q16600469",
        "type": [
          "hieron"
        ],
        "passages": [
          "2.1.7",
          "6.12.7",
          "6.12.8",
          "6.14.2",
          "6.15.1",
          "6.15.3",
          "6.15.6",
          "6.17.2",
          "6.20.19",
          "6.3.9",
          "6.4.11",
          "6.4.6"
        ],
        "Pleiades": "https://pleiades.stoa.org/places/570316"
      }
    },
    {
      "type": "Feature",
      "geometry": {
        "type": "Point",
        "coordinates": [
          22.992664,
          37.9158514
        ]
      },
      "properties": {
        "name": "Isthmian Poseidon sanctuary at Isthmia",
        "region": "Corinthia Bk2",
        "part of": "Isthmus of Corinth",
        "Wikidata": "https://wikidata.org/wiki/Q16600469",
        "type": [
          "hieron"
        ],
        "passages": [
          "2.1.7",
          "6.12.7",
          "6.12.8",
          "6.14.2",
          "6.15.1",
          "6.15.3",
          "6.15.6",
          "6.17.2",
          "6.20.19",
          "6.3.9",
          "6.4.11",
          "6.4.6"
        ],
        "Pleiades": "https://pleiades.stoa.org/places/570316"
      }
    },
    {
      "type": "Feature",
      "geometry": {
        "type": "Point",
        "coordinates": [
          22.992664,
          37.9158514
        ]
      },
      "properties": {
        "name": "Isthmian Poseidon sanctuary at Isthmia",
        "region": "Corinthia Bk2",
        "part of": "Isthmus of Corinth",
        "Wikidata": "https://wikidata.org/wiki/Q16600469",
        "type": [
          "hieron"
        ],
        "passages": [
          "2.1.7",
          "6.12.7",
          "6.12.8",
          "6.14.2",
          "6.15.1",
          "6.15.3",
          "6.15.6",
          "6.17.2",
          "6.20.19",
          "6.3.9",
          "6.4.11",
          "6.4.6"
        ],
        "Pleiades": "https://pleiades.stoa.org/places/570316"
      }
    },
    {
      "type": "Feature",
      "geometry": {
        "type": "Point",
        "coordinates": [
          22.992664,
          37.9158514
        ]
      },
      "properties": {
        "name": "Isthmian Poseidon sanctuary at Isthmia",
        "region": "Corinthia Bk2",
        "part of": "Isthmus of Corinth",
        "Wikidata": "https://wikidata.org/wiki/Q16600469",
        "type": [
          "hieron"
        ],
        "passages": [
          "2.1.7",
          "6.12.7",
          "6.12.8",
          "6.14.2",
          "6.15.1",
          "6.15.3",
          "6.15.6",
          "6.17.2",
          "6.20.19",
          "6.3.9",
          "6.4.11",
          "6.4.6"
        ],
        "Pleiades": "https://pleiades.stoa.org/places/570316"
      }
    },
    {
      "type": "Feature",
      "geometry": {
        "type": "Point",
        "coordinates": [
          22.992664,
          37.9158514
        ]
      },
      "properties": {
        "name": "Isthmian Poseidon sanctuary at Isthmia",
        "region": "Corinthia Bk2",
        "part of": "Isthmus of Corinth",
        "Wikidata": "https://wikidata.org/wiki/Q16600469",
        "type": [
          "hieron"
        ],
        "passages": [
          "2.1.7",
          "6.12.7",
          "6.12.8",
          "6.14.2",
          "6.15.1",
          "6.15.3",
          "6.15.6",
          "6.17.2",
          "6.20.19",
          "6.3.9",
          "6.4.11",
          "6.4.6"
        ],
        "Pleiades": "https://pleiades.stoa.org/places/570316"
      }
    },
    {
      "type": "Feature",
      "geometry": {
        "type": "Point",
        "coordinates": [
          22.992664,
          37.9158514
        ]
      },
      "properties": {
        "name": "Isthmian Poseidon sanctuary at Isthmia",
        "region": "Corinthia Bk2",
        "part of": "Isthmus of Corinth",
        "Wikidata": "https://wikidata.org/wiki/Q16600469",
        "type": [
          "hieron"
        ],
        "passages": [
          "2.1.7",
          "6.12.7",
          "6.12.8",
          "6.14.2",
          "6.15.1",
          "6.15.3",
          "6.15.6",
          "6.17.2",
          "6.20.19",
          "6.3.9",
          "6.4.11",
          "6.4.6"
        ],
        "Pleiades": "https://pleiades.stoa.org/places/570316"
      }
    },
    {
      "type": "Feature",
      "geometry": {
        "type": "Point",
        "coordinates": [
          22.992664,
          37.9158514
        ]
      },
      "properties": {
        "name": "Isthmian Poseidon sanctuary at Isthmia",
        "region": "Corinthia Bk2",
        "part of": "Isthmus of Corinth",
        "Wikidata": "https://wikidata.org/wiki/Q16600469",
        "type": [
          "hieron"
        ],
        "passages": [
          "2.1.7",
          "6.12.7",
          "6.12.8",
          "6.14.2",
          "6.15.1",
          "6.15.3",
          "6.15.6",
          "6.17.2",
          "6.20.19",
          "6.3.9",
          "6.4.11",
          "6.4.6"
        ],
        "Pleiades": "https://pleiades.stoa.org/places/570316"
      }
    },
    {
      "type": "Feature",
      "geometry": {
        "type": "Point",
        "coordinates": [
          25.3905,
          35.3186
        ]
      },
      "properties": {
        "name": "Chersonesos (Crete)",
        "region": "Crete",
        "part of": "Crete",
        "Wikidata": "https://wikidata.org/wiki/Q5092564",
        "type": [
          "settlement"
        ],
        "passages": [
          "6.16.5"
        ],
        "ToposText": "https://topostext.org/place/353254PChe"
      }
    },
    {
      "type": "Feature",
      "geometry": {
        "type": "Point",
        "coordinates": [
          27.257012000000003,
          36.875681
        ]
      },
      "properties": {
        "name": "Kos (settlement)",
        "region": "Aegean Sea (Hellas)",
        "part of": "Kos",
        "Wikidata": "https://wikidata.org/wiki/Q187027",
        "type": [
          "settlement"
        ],
        "passages": [
          "6.14.12",
          "8.43.4"
        ],
        "Pleiades": "https://pleiades.stoa.org/places/599728"
      }
    },
    {
      "type": "Feature",
      "geometry": {
        "type": "Point",
        "coordinates": [
          28.621536,
          36.825909
        ]
      },
      "properties": {
        "name": "Caunus",
        "region": "Asia Minor (Asia)",
        "part of": "Caria region",
        "Wikidata": "https://wikidata.org/wiki/Q608095",
        "type": [
          "polis"
        ],
        "passages": [
          "6.7.6"
        ],
        "Pleiades": "https://pleiades.stoa.org/places/638796"
      }
    },
    {
      "type": "Feature",
      "geometry": {
        "type": "Point",
        "coordinates": [
          21.1449975,
          37.9346907
        ]
      },
      "properties": {
        "name": "Kyllene",
        "region": "Eleia Bk5 Bk6",
        "part of": "Eleia Bk5 Bk6",
        "altname": "port of Elis",
        "Wikidata": "https://wikidata.org/wiki/Q56650616",
        "type": [
          "port epineion"
        ],
        "passages": [
          "4.23.1",
          "4.23.3",
          "4.23.5",
          "6.26.4",
          "6.26.5",
          "8.14.12",
          "8.5.8",
          "8.54.3"
        ],
        "Pleiades": "https://pleiades.stoa.org/places/570390"
      }
    },
    {
      "type": "Feature",
      "geometry": {
        "type": "Point",
        "coordinates": [
          21.1449975,
          37.9346907
        ]
      },
      "properties": {
        "name": "Kyllene",
        "region": "Eleia Bk5 Bk6",
        "part of": "Eleia Bk5 Bk6",
        "altname": "port of Elis",
        "Wikidata": "https://wikidata.org/wiki/Q56650616",
        "type": [
          "port epineion"
        ],
        "passages": [
          "4.23.1",
          "4.23.3",
          "4.23.5",
          "6.26.4",
          "6.26.5",
          "8.14.12",
          "8.5.8",
          "8.54.3"
        ],
        "Pleiades": "https://pleiades.stoa.org/places/570390"
      }
    },
    {
      "type": "Feature",
      "geometry": {
        "type": "Point",
        "coordinates": [
          21.788,
          37.601
        ]
      },
      "properties": {
        "name": "Ridge of Sauros by the Erymanthos river",
        "region": "Eleia Bk5 Bk6",
        "part of": "Eleia Bk5 Bk6",
        "type": [
          "ridge"
        ],
        "passages": [
          "6.21.3"
        ]
      }
    },
    {
      "type": "Feature",
      "geometry": {
        "type": "Point",
        "coordinates": [
          39,
          19.5
        ]
      },
      "properties": {
        "name": "Erythraeum Mare",
        "region": "",
        "part of": "Ocean River",
        "altname": "Arabicus Sinus, Red Sea",
        "Wikidata": "https://wikidata.org/wiki/Q1363807",
        "type": [
          "sea"
        ],
        "passages": [
          "1.33.4",
          "6.26.9"
        ],
        "Pleiades": "https://pleiades.stoa.org/places/39290"
      }
    },
    {
      "type": "Feature",
      "geometry": {
        "type": "Point",
        "coordinates": [
          22.3,
          37.5
        ]
      },
      "properties": {
        "name": "Arcadia Bk8",
        "region": "Arcadia Bk8",
        "part of": "Peloponnesos",
        "altname": "Arkadia region",
        "Wikidata": "https://wikidata.org/wiki/Q12898802",
        "type": [
          "chora/region"
        ],
        "passages": [
          "10.20.1",
          "10.28.8",
          "10.32.3",
          "2.24.5",
          "3.20.8",
          "3.5.4",
          "3.6.8",
          "3.7.3",
          "3.8.7",
          "4.22.7",
          "4.29.11",
          "4.31.4",
          "5.10.9",
          "5.5.8",
          "5.7.1",
          "6.12.8",
          "6.8.2",
          "7.14.1",
          "7.25.11",
          "7.25.5",
          "7.7.4",
          "7.8.6",
          "8.1.1",
          "8.1.6",
          "8.10.1",
          "8.10.6",
          "8.11.3",
          "8.17.1",
          "8.22.6",
          "8.23.3",
          "8.24.4",
          "8.27.4",
          "8.27.5",
          "8.3.4",
          "8.34.4",
          "8.35.10",
          "8.35.5",
          "8.36.6",
          "8.4.1",
          "8.42.3",
          "8.43.2",
          "8.47.6",
          "8.5.4",
          "8.51.8",
          "8.6.4",
          "8.7.4",
          "8.8.12",
          "9.36.6",
          "9.9.2"
        ],
        "Pleiades": "https://pleiades.stoa.org/places/570102",
        "ToposText": "https://topostext.org/place/375223RArk"
      }
    },
    {
      "type": "Feature",
      "geometry": {
        "type": "Point",
        "coordinates": [
          22.3,
          37.5
        ]
      },
      "properties": {
        "name": "Arcadia Bk8",
        "region": "Arcadia Bk8",
        "part of": "Peloponnesos",
        "altname": "Arkadia region",
        "Wikidata": "https://wikidata.org/wiki/Q12898802",
        "type": [
          "chora/region"
        ],
        "passages": [
          "10.20.1",
          "10.28.8",
          "10.32.3",
          "2.24.5",
          "3.20.8",
          "3.5.4",
          "3.6.8",
          "3.7.3",
          "3.8.7",
          "4.22.7",
          "4.29.11",
          "4.31.4",
          "5.10.9",
          "5.5.8",
          "5.7.1",
          "6.12.8",
          "6.8.2",
          "7.14.1",
          "7.25.11",
          "7.25.5",
          "7.7.4",
          "7.8.6",
          "8.1.1",
          "8.1.6",
          "8.10.1",
          "8.10.6",
          "8.11.3",
          "8.17.1",
          "8.22.6",
          "8.23.3",
          "8.24.4",
          "8.27.4",
          "8.27.5",
          "8.3.4",
          "8.34.4",
          "8.35.10",
          "8.35.5",
          "8.36.6",
          "8.4.1",
          "8.42.3",
          "8.43.2",
          "8.47.6",
          "8.5.4",
          "8.51.8",
          "8.6.4",
          "8.7.4",
          "8.8.12",
          "9.36.6",
          "9.9.2"
        ],
        "Pleiades": "https://pleiades.stoa.org/places/570102",
        "ToposText": "https://topostext.org/place/375223RArk"
      }
    },
    {
      "type": "Feature",
      "geometry": {
        "type": "Point",
        "coordinates": [
          24.771,
          41.0916
        ]
      },
      "properties": {
        "name": "Nestos river (Drama)",
        "region": "Thrace (Europe)",
        "part of": "Thrace (Europe)",
        "Wikidata": "https://wikidata.org/wiki/Q193904",
        "type": [
          "river"
        ],
        "passages": [
          "6.5.4"
        ],
        "Pleiades": "https://pleiades.stoa.org/places/501524",
        "ToposText": "https://topostext.org/place/418238WNes"
      }
    },
    {
      "type": "Feature",
      "geometry": {
        "type": "Point",
        "coordinates": [
          21.3746,
          37.8917
        ]
      },
      "properties": {
        "name": "Temple-like tomb, possibly of Oxylos, in Agora of Elis",
        "region": "Eleia Bk5 Bk6",
        "part of": "Agora of Elis",
        "location": "Agora of Elis",
        "Wikidata": "https://wikidata.org/wiki/Q136487401",
        "type": [
          "tomb mnema"
        ],
        "passages": [
          "6.24.9"
        ],
        "Manto": "https://resource.manto.unh.edu/10268980"
      }
    },
    {
      "type": "Feature",
      "geometry": {
        "type": "Point",
        "coordinates": [
          21.374,
          37.89
        ]
      },
      "properties": {
        "name": "Ancient temple in agora of Elis, dedicated to the Roman emperors, with no statue and with roof collapsed.",
        "region": "Eleia Bk5 Bk6",
        "part of": "Elis polis",
        "location": "Elis polis",
        "Wikidata": "https://wikidata.org/wiki/Q107031203",
        "type": [
          "temple"
        ],
        "passages": [
          "6.24.10"
        ]
      }
    },
    {
      "type": "Feature",
      "geometry": {
        "type": "Point",
        "coordinates": [
          23.25,
          38.35
        ]
      },
      "properties": {
        "name": "Boiotia Bk9",
        "region": "",
        "part of": "Hellas (Europe)",
        "altname": "Boeotia",
        "Wikidata": "https://wikidata.org/wiki/Q187570",
        "type": [
          "chora/region"
        ],
        "passages": [
          "1.23.3",
          "1.24.5",
          "1.25.7",
          "1.27.5",
          "1.34.1",
          "1.38.8",
          "10.1.2",
          "10.12.11",
          "10.17.3",
          "10.23.11",
          "10.29.5",
          "10.37.2",
          "10.4.2",
          "3.5.3",
          "3.5.4",
          "3.5.6",
          "3.9.12",
          "4.16.7",
          "4.27.10",
          "4.34.5",
          "6.3.3",
          "7.10.5",
          "7.15.9",
          "7.17.2",
          "7.3.6",
          "7.6.5",
          "8.11.5",
          "9.1.1",
          "9.1.3",
          "9.13.3",
          "9.14.6",
          "9.22.5",
          "9.25.9",
          "9.3.4",
          "9.32.2",
          "9.4.3",
          "9.5.1",
          "9.7.4",
          "9.9.2"
        ],
        "Pleiades": "https://pleiades.stoa.org/places/540689",
        "ToposText": "https://topostext.org/place/384233RBoi"
      }
    },
    {
      "type": "Feature",
      "geometry": {
        "type": "Point",
        "coordinates": [
          21.631431,
          37.63907
        ]
      },
      "properties": {
        "name": "Treasury of the Selinountines at Olympia",
        "region": "Eleia Bk5 Bk6",
        "part of": "Treasury terrace north of the Heraion, Olympia",
        "Wikidata": "https://wikidata.org/wiki/Q106956847",
        "type": [
          "treasury"
        ],
        "passages": [
          "6.19.10",
          "6.19.11"
        ]
      }
    },
    {
      "type": "Feature",
      "geometry": {
        "type": "Point",
        "coordinates": [
          21.631431,
          37.63907
        ]
      },
      "properties": {
        "name": "Treasury of the Selinountines at Olympia",
        "region": "Eleia Bk5 Bk6",
        "part of": "Treasury terrace north of the Heraion, Olympia",
        "Wikidata": "https://wikidata.org/wiki/Q106956847",
        "type": [
          "treasury"
        ],
        "passages": [
          "6.19.10",
          "6.19.11"
        ]
      }
    },
    {
      "type": "Feature",
      "geometry": {
        "type": "Point",
        "coordinates": [
          21.8313,
          38.3997
        ]
      },
      "properties": {
        "name": "Naupaktos",
        "region": "Aitolia region",
        "part of": "Aitolia region",
        "altname": "Naupactus",
        "Wikidata": "https://wikidata.org/wiki/Q56398924",
        "type": [
          "polis"
        ],
        "passages": [
          "10.38.10",
          "10.38.13",
          "10.38.9",
          "4.24.7",
          "4.25.1",
          "4.25.10",
          "4.25.3",
          "4.26.1",
          "4.26.2",
          "4.26.3",
          "4.31.7",
          "4.33.2",
          "5.26.1",
          "5.3.6",
          "6.16.2",
          "6.2.10",
          "7.18.10",
          "9.25.9",
          "9.31.6",
          "9.38.3"
        ],
        "Pleiades": "https://pleiades.stoa.org/places/540960",
        "ToposText": "https://topostext.org/place/384218UNau"
      }
    },
    {
      "type": "Feature",
      "geometry": {
        "type": "Point",
        "coordinates": [
          21.8313,
          38.3997
        ]
      },
      "properties": {
        "name": "Naupaktos",
        "region": "Aitolia region",
        "part of": "Aitolia region",
        "altname": "Naupactus",
        "Wikidata": "https://wikidata.org/wiki/Q56398924",
        "type": [
          "polis"
        ],
        "passages": [
          "10.38.10",
          "10.38.13",
          "10.38.9",
          "4.24.7",
          "4.25.1",
          "4.25.10",
          "4.25.3",
          "4.26.1",
          "4.26.2",
          "4.26.3",
          "4.31.7",
          "4.33.2",
          "5.26.1",
          "5.3.6",
          "6.16.2",
          "6.2.10",
          "7.18.10",
          "9.25.9",
          "9.31.6",
          "9.38.3"
        ],
        "Pleiades": "https://pleiades.stoa.org/places/540960",
        "ToposText": "https://topostext.org/place/384218UNau"
      }
    },
    {
      "type": "Feature",
      "geometry": {
        "type": "Point",
        "coordinates": [
          21.62975,
          37.63754
        ]
      },
      "properties": {
        "name": "Altis sacred grove (Olympia)",
        "region": "Eleia Bk5 Bk6",
        "part of": "Olympia",
        "Wikidata": "https://wikidata.org/wiki/Q2400346",
        "type": [
          "grove"
        ],
        "passages": [
          "5.10.1",
          "5.11.10",
          "5.13.1",
          "5.15.1",
          "5.15.2",
          "5.15.3",
          "5.15.4",
          "5.15.7",
          "5.15.8",
          "5.20.10",
          "5.20.4",
          "5.20.5",
          "5.20.9",
          "5.21.1",
          "5.21.17",
          "5.22.1",
          "5.24.4",
          "5.24.8",
          "5.25.1",
          "5.25.5",
          "5.27.10",
          "5.27.11",
          "5.27.3",
          "5.27.4",
          "6.11.9",
          "6.14.6",
          "6.14.9",
          "6.16.8",
          "6.17.1",
          "6.19.1",
          "6.2.3",
          "6.2.8",
          "6.20.7",
          "6.7.3"
        ],
        "ToposText": "https://topostext.org/place/376216SAlt"
      }
    },
    {
      "type": "Feature",
      "geometry": {
        "type": "Point",
        "coordinates": [
          21.62975,
          37.63754
        ]
      },
      "properties": {
        "name": "Altis sacred grove (Olympia)",
        "region": "Eleia Bk5 Bk6",
        "part of": "Olympia",
        "Wikidata": "https://wikidata.org/wiki/Q2400346",
        "type": [
          "grove"
        ],
        "passages": [
          "5.10.1",
          "5.11.10",
          "5.13.1",
          "5.15.1",
          "5.15.2",
          "5.15.3",
          "5.15.4",
          "5.15.7",
          "5.15.8",
          "5.20.10",
          "5.20.4",
          "5.20.5",
          "5.20.9",
          "5.21.1",
          "5.21.17",
          "5.22.1",
          "5.24.4",
          "5.24.8",
          "5.25.1",
          "5.25.5",
          "5.27.10",
          "5.27.11",
          "5.27.3",
          "5.27.4",
          "6.11.9",
          "6.14.6",
          "6.14.9",
          "6.16.8",
          "6.17.1",
          "6.19.1",
          "6.2.3",
          "6.2.8",
          "6.20.7",
          "6.7.3"
        ],
        "ToposText": "https://topostext.org/place/376216SAlt"
      }
    },
    {
      "type": "Feature",
      "geometry": {
        "type": "Point",
        "coordinates": [
          21.62975,
          37.63754
        ]
      },
      "properties": {
        "name": "Altis sacred grove (Olympia)",
        "region": "Eleia Bk5 Bk6",
        "part of": "Olympia",
        "Wikidata": "https://wikidata.org/wiki/Q2400346",
        "type": [
          "grove"
        ],
        "passages": [
          "5.10.1",
          "5.11.10",
          "5.13.1",
          "5.15.1",
          "5.15.2",
          "5.15.3",
          "5.15.4",
          "5.15.7",
          "5.15.8",
          "5.20.10",
          "5.20.4",
          "5.20.5",
          "5.20.9",
          "5.21.1",
          "5.21.17",
          "5.22.1",
          "5.24.4",
          "5.24.8",
          "5.25.1",
          "5.25.5",
          "5.27.10",
          "5.27.11",
          "5.27.3",
          "5.27.4",
          "6.11.9",
          "6.14.6",
          "6.14.9",
          "6.16.8",
          "6.17.1",
          "6.19.1",
          "6.2.3",
          "6.2.8",
          "6.20.7",
          "6.7.3"
        ],
        "ToposText": "https://topostext.org/place/376216SAlt"
      }
    },
    {
      "type": "Feature",
      "geometry": {
        "type": "Point",
        "coordinates": [
          21.62975,
          37.63754
        ]
      },
      "properties": {
        "name": "Altis sacred grove (Olympia)",
        "region": "Eleia Bk5 Bk6",
        "part of": "Olympia",
        "Wikidata": "https://wikidata.org/wiki/Q2400346",
        "type": [
          "grove"
        ],
        "passages": [
          "5.10.1",
          "5.11.10",
          "5.13.1",
          "5.15.1",
          "5.15.2",
          "5.15.3",
          "5.15.4",
          "5.15.7",
          "5.15.8",
          "5.20.10",
          "5.20.4",
          "5.20.5",
          "5.20.9",
          "5.21.1",
          "5.21.17",
          "5.22.1",
          "5.24.4",
          "5.24.8",
          "5.25.1",
          "5.25.5",
          "5.27.10",
          "5.27.11",
          "5.27.3",
          "5.27.4",
          "6.11.9",
          "6.14.6",
          "6.14.9",
          "6.16.8",
          "6.17.1",
          "6.19.1",
          "6.2.3",
          "6.2.8",
          "6.20.7",
          "6.7.3"
        ],
        "ToposText": "https://topostext.org/place/376216SAlt"
      }
    },
    {
      "type": "Feature",
      "geometry": {
        "type": "Point",
        "coordinates": [
          21.62975,
          37.63754
        ]
      },
      "properties": {
        "name": "Altis sacred grove (Olympia)",
        "region": "Eleia Bk5 Bk6",
        "part of": "Olympia",
        "Wikidata": "https://wikidata.org/wiki/Q2400346",
        "type": [
          "grove"
        ],
        "passages": [
          "5.10.1",
          "5.11.10",
          "5.13.1",
          "5.15.1",
          "5.15.2",
          "5.15.3",
          "5.15.4",
          "5.15.7",
          "5.15.8",
          "5.20.10",
          "5.20.4",
          "5.20.5",
          "5.20.9",
          "5.21.1",
          "5.21.17",
          "5.22.1",
          "5.24.4",
          "5.24.8",
          "5.25.1",
          "5.25.5",
          "5.27.10",
          "5.27.11",
          "5.27.3",
          "5.27.4",
          "6.11.9",
          "6.14.6",
          "6.14.9",
          "6.16.8",
          "6.17.1",
          "6.19.1",
          "6.2.3",
          "6.2.8",
          "6.20.7",
          "6.7.3"
        ],
        "ToposText": "https://topostext.org/place/376216SAlt"
      }
    },
    {
      "type": "Feature",
      "geometry": {
        "type": "Point",
        "coordinates": [
          21.62975,
          37.63754
        ]
      },
      "properties": {
        "name": "Altis sacred grove (Olympia)",
        "region": "Eleia Bk5 Bk6",
        "part of": "Olympia",
        "Wikidata": "https://wikidata.org/wiki/Q2400346",
        "type": [
          "grove"
        ],
        "passages": [
          "5.10.1",
          "5.11.10",
          "5.13.1",
          "5.15.1",
          "5.15.2",
          "5.15.3",
          "5.15.4",
          "5.15.7",
          "5.15.8",
          "5.20.10",
          "5.20.4",
          "5.20.5",
          "5.20.9",
          "5.21.1",
          "5.21.17",
          "5.22.1",
          "5.24.4",
          "5.24.8",
          "5.25.1",
          "5.25.5",
          "5.27.10",
          "5.27.11",
          "5.27.3",
          "5.27.4",
          "6.11.9",
          "6.14.6",
          "6.14.9",
          "6.16.8",
          "6.17.1",
          "6.19.1",
          "6.2.3",
          "6.2.8",
          "6.20.7",
          "6.7.3"
        ],
        "ToposText": "https://topostext.org/place/376216SAlt"
      }
    },
    {
      "type": "Feature",
      "geometry": {
        "type": "Point",
        "coordinates": [
          21.62975,
          37.63754
        ]
      },
      "properties": {
        "name": "Altis sacred grove (Olympia)",
        "region": "Eleia Bk5 Bk6",
        "part of": "Olympia",
        "Wikidata": "https://wikidata.org/wiki/Q2400346",
        "type": [
          "grove"
        ],
        "passages": [
          "5.10.1",
          "5.11.10",
          "5.13.1",
          "5.15.1",
          "5.15.2",
          "5.15.3",
          "5.15.4",
          "5.15.7",
          "5.15.8",
          "5.20.10",
          "5.20.4",
          "5.20.5",
          "5.20.9",
          "5.21.1",
          "5.21.17",
          "5.22.1",
          "5.24.4",
          "5.24.8",
          "5.25.1",
          "5.25.5",
          "5.27.10",
          "5.27.11",
          "5.27.3",
          "5.27.4",
          "6.11.9",
          "6.14.6",
          "6.14.9",
          "6.16.8",
          "6.17.1",
          "6.19.1",
          "6.2.3",
          "6.2.8",
          "6.20.7",
          "6.7.3"
        ],
        "ToposText": "https://topostext.org/place/376216SAlt"
      }
    },
    {
      "type": "Feature",
      "geometry": {
        "type": "Point",
        "coordinates": [
          21.62975,
          37.63754
        ]
      },
      "properties": {
        "name": "Altis sacred grove (Olympia)",
        "region": "Eleia Bk5 Bk6",
        "part of": "Olympia",
        "Wikidata": "https://wikidata.org/wiki/Q2400346",
        "type": [
          "grove"
        ],
        "passages": [
          "5.10.1",
          "5.11.10",
          "5.13.1",
          "5.15.1",
          "5.15.2",
          "5.15.3",
          "5.15.4",
          "5.15.7",
          "5.15.8",
          "5.20.10",
          "5.20.4",
          "5.20.5",
          "5.20.9",
          "5.21.1",
          "5.21.17",
          "5.22.1",
          "5.24.4",
          "5.24.8",
          "5.25.1",
          "5.25.5",
          "5.27.10",
          "5.27.11",
          "5.27.3",
          "5.27.4",
          "6.11.9",
          "6.14.6",
          "6.14.9",
          "6.16.8",
          "6.17.1",
          "6.19.1",
          "6.2.3",
          "6.2.8",
          "6.20.7",
          "6.7.3"
        ],
        "ToposText": "https://topostext.org/place/376216SAlt"
      }
    },
    {
      "type": "Feature",
      "geometry": {
        "type": "Point",
        "coordinates": [
          21.62975,
          37.63754
        ]
      },
      "properties": {
        "name": "Altis sacred grove (Olympia)",
        "region": "Eleia Bk5 Bk6",
        "part of": "Olympia",
        "Wikidata": "https://wikidata.org/wiki/Q2400346",
        "type": [
          "grove"
        ],
        "passages": [
          "5.10.1",
          "5.11.10",
          "5.13.1",
          "5.15.1",
          "5.15.2",
          "5.15.3",
          "5.15.4",
          "5.15.7",
          "5.15.8",
          "5.20.10",
          "5.20.4",
          "5.20.5",
          "5.20.9",
          "5.21.1",
          "5.21.17",
          "5.22.1",
          "5.24.4",
          "5.24.8",
          "5.25.1",
          "5.25.5",
          "5.27.10",
          "5.27.11",
          "5.27.3",
          "5.27.4",
          "6.11.9",
          "6.14.6",
          "6.14.9",
          "6.16.8",
          "6.17.1",
          "6.19.1",
          "6.2.3",
          "6.2.8",
          "6.20.7",
          "6.7.3"
        ],
        "ToposText": "https://topostext.org/place/376216SAlt"
      }
    },
    {
      "type": "Feature",
      "geometry": {
        "type": "Point",
        "coordinates": [
          21.62975,
          37.63754
        ]
      },
      "properties": {
        "name": "Altis sacred grove (Olympia)",
        "region": "Eleia Bk5 Bk6",
        "part of": "Olympia",
        "Wikidata": "https://wikidata.org/wiki/Q2400346",
        "type": [
          "grove"
        ],
        "passages": [
          "5.10.1",
          "5.11.10",
          "5.13.1",
          "5.15.1",
          "5.15.2",
          "5.15.3",
          "5.15.4",
          "5.15.7",
          "5.15.8",
          "5.20.10",
          "5.20.4",
          "5.20.5",
          "5.20.9",
          "5.21.1",
          "5.21.17",
          "5.22.1",
          "5.24.4",
          "5.24.8",
          "5.25.1",
          "5.25.5",
          "5.27.10",
          "5.27.11",
          "5.27.3",
          "5.27.4",
          "6.11.9",
          "6.14.6",
          "6.14.9",
          "6.16.8",
          "6.17.1",
          "6.19.1",
          "6.2.3",
          "6.2.8",
          "6.20.7",
          "6.7.3"
        ],
        "ToposText": "https://topostext.org/place/376216SAlt"
      }
    },
    {
      "type": "Feature",
      "geometry": {
        "type": "Point",
        "coordinates": [
          21.374,
          37.89
        ]
      },
      "properties": {
        "name": "Sanctuary of Hades at Elis",
        "region": "Eleia Bk5 Bk6",
        "part of": "Elis polis",
        "location": "Elis polis",
        "Wikidata": "https://wikidata.org/wiki/Q107031204",
        "type": [
          "hieron"
        ],
        "passages": [
          "6.25.2"
        ],
        "ToposText": "https://topostext.org/place/379214STHa"
      }
    },
    {
      "type": "Feature",
      "geometry": {
        "type": "Point",
        "coordinates": [
          21.631,
          37.641
        ]
      },
      "properties": {
        "name": "summit of Kronion Mt. at Olympia",
        "region": "Eleia Bk5 Bk6",
        "part of": "Kronion",
        "location": "Kronion",
        "type": [
          "summit"
        ],
        "passages": [
          "6.20.1"
        ]
      }
    },
    {
      "type": "Feature",
      "geometry": {
        "type": "Point",
        "coordinates": [
          21.788,
          37.601
        ]
      },
      "properties": {
        "name": "Tomb of Sauros by Erymanthos river",
        "region": "Eleia Bk5 Bk6",
        "part of": "Ridge of Sauros by the Erymanthos river",
        "location": "Ridge of Sauros by the Erymanthos river",
        "Wikidata": "https://wikidata.org/wiki/Q107031186",
        "type": [
          "tomb mnema"
        ],
        "passages": [
          "6.21.3"
        ],
        "Manto": "https://resource.manto.unh.edu/10268842"
      }
    },
    {
      "type": "Feature",
      "geometry": {
        "type": "Point",
        "coordinates": [
          21.6308,
          37.6422
        ]
      },
      "properties": {
        "name": "Altars at sanctuary of Aphrodite Ourania at Olympia",
        "region": "Eleia Bk5 Bk6",
        "part of": "Sanctuary of Aphrodite Ourania at Olympia",
        "location": "Sanctuary of Aphrodite Ourania at Olympia",
        "type": [
          "altar"
        ],
        "passages": [
          "6.20.6"
        ]
      }
    },
    {
      "type": "Feature",
      "geometry": {
        "type": "Point",
        "coordinates": [
          15.601,
          38.2155
        ]
      },
      "properties": {
        "name": "Strait of Messina",
        "region": "Sicilia (island)",
        "part of": "Sicilia (island)",
        "altname": "Sikelikos Porthmos",
        "Wikidata": "https://wikidata.org/wiki/Q134705",
        "type": [
          "strait"
        ],
        "passages": [
          "4.26.3",
          "5.25.2",
          "5.25.3",
          "5.26.5",
          "6.2.10",
          "6.4.3"
        ],
        "Pleiades": "https://pleiades.stoa.org/places/462494"
      }
    },
    {
      "type": "Feature",
      "geometry": {
        "type": "Point",
        "coordinates": [
          15.601,
          38.2155
        ]
      },
      "properties": {
        "name": "Strait of Messina",
        "region": "Sicilia (island)",
        "part of": "Sicilia (island)",
        "altname": "Sikelikos Porthmos",
        "Wikidata": "https://wikidata.org/wiki/Q134705",
        "type": [
          "strait"
        ],
        "passages": [
          "4.26.3",
          "5.25.2",
          "5.25.3",
          "5.26.5",
          "6.2.10",
          "6.4.3"
        ],
        "Pleiades": "https://pleiades.stoa.org/places/462494"
      }
    },
    {
      "type": "Feature",
      "geometry": {
        "type": "Point",
        "coordinates": [
          21.63291462,
          37.6391184
        ]
      },
      "properties": {
        "name": "Olympia Stadium",
        "region": "Eleia Bk5 Bk6",
        "part of": "Olympia",
        "Wikidata": "https://wikidata.org/wiki/Q4357227",
        "type": [
          "mound/dike",
          "stadium"
        ],
        "passages": [
          "5.14.9",
          "5.16.3",
          "5.21.15",
          "5.21.2",
          "5.22.1",
          "6.19.15",
          "6.20.10",
          "6.20.8",
          "6.20.9",
          "9.23.1"
        ],
        "ToposText": "https://topostext.org/place/376216BOSt",
        "URL": "https://imperium.ahlfeldt.se/places/24219"
      }
    },
    {
      "type": "Feature",
      "geometry": {
        "type": "Point",
        "coordinates": [
          21.63291462,
          37.6391184
        ]
      },
      "properties": {
        "name": "Olympia Stadium",
        "region": "Eleia Bk5 Bk6",
        "part of": "Olympia",
        "Wikidata": "https://wikidata.org/wiki/Q4357227",
        "type": [
          "mound/dike",
          "stadium"
        ],
        "passages": [
          "5.14.9",
          "5.16.3",
          "5.21.15",
          "5.21.2",
          "5.22.1",
          "6.19.15",
          "6.20.10",
          "6.20.8",
          "6.20.9",
          "9.23.1"
        ],
        "ToposText": "https://topostext.org/place/376216BOSt",
        "URL": "https://imperium.ahlfeldt.se/places/24219"
      }
    },
    {
      "type": "Feature",
      "geometry": {
        "type": "Point",
        "coordinates": [
          21.63291462,
          37.6391184
        ]
      },
      "properties": {
        "name": "Olympia Stadium",
        "region": "Eleia Bk5 Bk6",
        "part of": "Olympia",
        "Wikidata": "https://wikidata.org/wiki/Q4357227",
        "type": [
          "mound/dike",
          "stadium"
        ],
        "passages": [
          "5.14.9",
          "5.16.3",
          "5.21.15",
          "5.21.2",
          "5.22.1",
          "6.19.15",
          "6.20.10",
          "6.20.8",
          "6.20.9",
          "9.23.1"
        ],
        "ToposText": "https://topostext.org/place/376216BOSt",
        "URL": "https://imperium.ahlfeldt.se/places/24219"
      }
    },
    {
      "type": "Feature",
      "geometry": {
        "type": "Point",
        "coordinates": [
          21.63291462,
          37.6391184
        ]
      },
      "properties": {
        "name": "Olympia Stadium",
        "region": "Eleia Bk5 Bk6",
        "part of": "Olympia",
        "Wikidata": "https://wikidata.org/wiki/Q4357227",
        "type": [
          "mound/dike",
          "stadium"
        ],
        "passages": [
          "5.14.9",
          "5.16.3",
          "5.21.15",
          "5.21.2",
          "5.22.1",
          "6.19.15",
          "6.20.10",
          "6.20.8",
          "6.20.9",
          "9.23.1"
        ],
        "ToposText": "https://topostext.org/place/376216BOSt",
        "URL": "https://imperium.ahlfeldt.se/places/24219"
      }
    },
    {
      "type": "Feature",
      "geometry": {
        "type": "Point",
        "coordinates": [
          21.863791,
          37.613569
        ]
      },
      "properties": {
        "name": "Heraia (Arcadia)",
        "region": "Arcadia Bk8",
        "part of": "Arcadia Bk8",
        "altname": "Heraea",
        "Wikidata": "https://wikidata.org/wiki/Q3562285",
        "type": [
          "polis"
        ],
        "passages": [
          "3.8.7",
          "3.8.8",
          "5.7.1",
          "6.17.4",
          "8.25.12",
          "8.26.1",
          "8.26.2",
          "8.26.3",
          "8.26.5",
          "8.26.8",
          "8.27.17",
          "8.3.4"
        ],
        "Pleiades": "https://pleiades.stoa.org/places/570287"
      }
    },
    {
      "type": "Feature",
      "geometry": {
        "type": "Point",
        "coordinates": [
          21.6336,
          37.637
        ]
      },
      "properties": {
        "name": "Stoa of Agnaptus at Olympia",
        "region": "Eleia Bk5 Bk6",
        "part of": "Hippodrome (Olympia)",
        "location": "Hippodrome (Olympia)",
        "Wikidata": "https://wikidata.org/wiki/Q107031177",
        "type": [
          "stoa"
        ],
        "passages": [
          "5.15.6",
          "6.20.10",
          "6.20.13"
        ],
        "ToposText": "https://topostext.org/place/376216BSAg"
      }
    },
    {
      "type": "Feature",
      "geometry": {
        "type": "Point",
        "coordinates": [
          21.6336,
          37.637
        ]
      },
      "properties": {
        "name": "Stoa of Agnaptus at Olympia",
        "region": "Eleia Bk5 Bk6",
        "part of": "Hippodrome (Olympia)",
        "location": "Hippodrome (Olympia)",
        "Wikidata": "https://wikidata.org/wiki/Q107031177",
        "type": [
          "stoa"
        ],
        "passages": [
          "5.15.6",
          "6.20.10",
          "6.20.13"
        ],
        "ToposText": "https://topostext.org/place/376216BSAg"
      }
    },
    {
      "type": "Feature",
      "geometry": {
        "type": "Point",
        "coordinates": [
          24.862219999999997,
          37.8528
        ]
      },
      "properties": {
        "name": "Sanctuary of Dionysos at Andros",
        "region": "Aegean Sea (Hellas)",
        "part of": "Andros (island)",
        "location": "Andros (island)",
        "Wikidata": "https://wikidata.org/wiki/Q134038418",
        "type": [
          "hieron"
        ],
        "passages": [
          "6.26.2"
        ]
      }
    },
    {
      "type": "Feature",
      "geometry": {
        "type": "Point",
        "coordinates": [
          12.5,
          42.5
        ]
      },
      "properties": {
        "name": "Italia (Europe)",
        "region": "",
        "part of": "Europe",
        "altname": "Italy: primarily south Italy",
        "Wikidata": "https://wikidata.org/wiki/Q913582",
        "type": [
          "major region"
        ],
        "passages": [
          "1.11.7",
          "1.12.1",
          "1.12.2",
          "1.13.2",
          "1.23.5",
          "1.29.14",
          "1.36.6",
          "10.10.7",
          "10.13.10",
          "10.17.10",
          "10.17.11",
          "2.23.5",
          "2.27.4",
          "3.10.5",
          "3.12.6",
          "3.19.12",
          "3.22.11",
          "3.3.1",
          "4.23.6",
          "4.26.5",
          "5.25.3",
          "5.25.6",
          "6.19.9",
          "6.3.12",
          "6.6.4",
          "6.6.8",
          "6.7.4",
          "7.4.7",
          "8.15.9",
          "8.3.5"
        ],
        "Pleiades": "https://pleiades.stoa.org/places/1052"
      }
    },
    {
      "type": "Feature",
      "geometry": {
        "type": "Point",
        "coordinates": [
          12.5,
          42.5
        ]
      },
      "properties": {
        "name": "Italia (Europe)",
        "region": "",
        "part of": "Europe",
        "altname": "Italy: primarily south Italy",
        "Wikidata": "https://wikidata.org/wiki/Q913582",
        "type": [
          "major region"
        ],
        "passages": [
          "1.11.7",
          "1.12.1",
          "1.12.2",
          "1.13.2",
          "1.23.5",
          "1.29.14",
          "1.36.6",
          "10.10.7",
          "10.13.10",
          "10.17.10",
          "10.17.11",
          "2.23.5",
          "2.27.4",
          "3.10.5",
          "3.12.6",
          "3.19.12",
          "3.22.11",
          "3.3.1",
          "4.23.6",
          "4.26.5",
          "5.25.3",
          "5.25.6",
          "6.19.9",
          "6.3.12",
          "6.6.4",
          "6.6.8",
          "6.7.4",
          "7.4.7",
          "8.15.9",
          "8.3.5"
        ],
        "Pleiades": "https://pleiades.stoa.org/places/1052"
      }
    },
    {
      "type": "Feature",
      "geometry": {
        "type": "Point",
        "coordinates": [
          12.5,
          42.5
        ]
      },
      "properties": {
        "name": "Italia (Europe)",
        "region": "",
        "part of": "Europe",
        "altname": "Italy: primarily south Italy",
        "Wikidata": "https://wikidata.org/wiki/Q913582",
        "type": [
          "major region"
        ],
        "passages": [
          "1.11.7",
          "1.12.1",
          "1.12.2",
          "1.13.2",
          "1.23.5",
          "1.29.14",
          "1.36.6",
          "10.10.7",
          "10.13.10",
          "10.17.10",
          "10.17.11",
          "2.23.5",
          "2.27.4",
          "3.10.5",
          "3.12.6",
          "3.19.12",
          "3.22.11",
          "3.3.1",
          "4.23.6",
          "4.26.5",
          "5.25.3",
          "5.25.6",
          "6.19.9",
          "6.3.12",
          "6.6.4",
          "6.6.8",
          "6.7.4",
          "7.4.7",
          "8.15.9",
          "8.3.5"
        ],
        "Pleiades": "https://pleiades.stoa.org/places/1052"
      }
    },
    {
      "type": "Feature",
      "geometry": {
        "type": "Point",
        "coordinates": [
          12.5,
          42.5
        ]
      },
      "properties": {
        "name": "Italia (Europe)",
        "region": "",
        "part of": "Europe",
        "altname": "Italy: primarily south Italy",
        "Wikidata": "https://wikidata.org/wiki/Q913582",
        "type": [
          "major region"
        ],
        "passages": [
          "1.11.7",
          "1.12.1",
          "1.12.2",
          "1.13.2",
          "1.23.5",
          "1.29.14",
          "1.36.6",
          "10.10.7",
          "10.13.10",
          "10.17.10",
          "10.17.11",
          "2.23.5",
          "2.27.4",
          "3.10.5",
          "3.12.6",
          "3.19.12",
          "3.22.11",
          "3.3.1",
          "4.23.6",
          "4.26.5",
          "5.25.3",
          "5.25.6",
          "6.19.9",
          "6.3.12",
          "6.6.4",
          "6.6.8",
          "6.7.4",
          "7.4.7",
          "8.15.9",
          "8.3.5"
        ],
        "Pleiades": "https://pleiades.stoa.org/places/1052"
      }
    },
    {
      "type": "Feature",
      "geometry": {
        "type": "Point",
        "coordinates": [
          12.5,
          42.5
        ]
      },
      "properties": {
        "name": "Italia (Europe)",
        "region": "",
        "part of": "Europe",
        "altname": "Italy: primarily south Italy",
        "Wikidata": "https://wikidata.org/wiki/Q913582",
        "type": [
          "major region"
        ],
        "passages": [
          "1.11.7",
          "1.12.1",
          "1.12.2",
          "1.13.2",
          "1.23.5",
          "1.29.14",
          "1.36.6",
          "10.10.7",
          "10.13.10",
          "10.17.10",
          "10.17.11",
          "2.23.5",
          "2.27.4",
          "3.10.5",
          "3.12.6",
          "3.19.12",
          "3.22.11",
          "3.3.1",
          "4.23.6",
          "4.26.5",
          "5.25.3",
          "5.25.6",
          "6.19.9",
          "6.3.12",
          "6.6.4",
          "6.6.8",
          "6.7.4",
          "7.4.7",
          "8.15.9",
          "8.3.5"
        ],
        "Pleiades": "https://pleiades.stoa.org/places/1052"
      }
    },
    {
      "type": "Feature",
      "geometry": {
        "type": "Point",
        "coordinates": [
          21.653,
          37.6395
        ]
      },
      "properties": {
        "name": "City walls of Pisa, completely vanished",
        "region": "Eleia Bk5 Bk6",
        "part of": "Pisa (Eleia)",
        "location": "Pisa (Eleia)",
        "type": [
          "city walls"
        ],
        "passages": [
          "6.22.1"
        ]
      }
    },
    {
      "type": "Feature",
      "geometry": {
        "type": "Point",
        "coordinates": [
          17.129,
          39.081
        ]
      },
      "properties": {
        "name": "Croton",
        "region": "Italia (Europe)",
        "part of": "Italia (Europe)",
        "Wikidata": "https://wikidata.org/wiki/Q13526919",
        "type": [
          "polis"
        ],
        "passages": [
          "3.3.1",
          "6.14.5",
          "6.14.8",
          "7.25.11"
        ],
        "Pleiades": "https://pleiades.stoa.org/places/452317"
      }
    },
    {
      "type": "Feature",
      "geometry": {
        "type": "Point",
        "coordinates": [
          17.129,
          39.081
        ]
      },
      "properties": {
        "name": "Croton",
        "region": "Italia (Europe)",
        "part of": "Italia (Europe)",
        "Wikidata": "https://wikidata.org/wiki/Q13526919",
        "type": [
          "polis"
        ],
        "passages": [
          "3.3.1",
          "6.14.5",
          "6.14.8",
          "7.25.11"
        ],
        "Pleiades": "https://pleiades.stoa.org/places/452317"
      }
    },
    {
      "type": "Feature",
      "geometry": {
        "type": "Point",
        "coordinates": [
          16.4908,
          39.71569
        ]
      },
      "properties": {
        "name": "Sybaris",
        "region": "Italia (Europe)",
        "part of": "Italia (Europe)",
        "Wikidata": "https://wikidata.org/wiki/Q220583",
        "type": [
          "polis"
        ],
        "passages": [
          "5.8.9",
          "6.19.9"
        ],
        "Pleiades": "https://pleiades.stoa.org/places/573537"
      }
    },
    {
      "type": "Feature",
      "geometry": {
        "type": "Point",
        "coordinates": [
          21.6311,
          37.639
        ]
      },
      "properties": {
        "name": "Treasury of the Epidamnians I",
        "region": "Eleia Bk5 Bk6",
        "part of": "Treasury terrace north of the Heraion, Olympia",
        "location": "Treasury terrace north of the Heraion, Olympia",
        "Wikidata": "https://wikidata.org/wiki/Q106956826",
        "type": [
          "treasury"
        ],
        "passages": [
          "6.19.8"
        ]
      }
    },
    {
      "type": "Feature",
      "geometry": {
        "type": "Point",
        "coordinates": [
          21.6747,
          37.6488
        ]
      },
      "properties": {
        "name": "Harpina (Eleia)",
        "region": "Eleia Bk5 Bk6",
        "part of": "Eleia Bk5 Bk6",
        "Wikidata": "https://wikidata.org/wiki/Q5663572",
        "type": [
          "polis"
        ],
        "passages": [
          "6.21.8"
        ],
        "ToposText": "https://topostext.org/place/376217UHar"
      }
    },
    {
      "type": "Feature",
      "geometry": {
        "type": "Point",
        "coordinates": [
          15.649244000000001,
          38.111146
        ]
      },
      "properties": {
        "name": "Rhegion",
        "region": "Italia (Europe)",
        "part of": "Italia (Europe)",
        "Wikidata": "https://wikidata.org/wiki/Q3429952",
        "type": [
          "polis"
        ],
        "passages": [
          "4.23.6",
          "4.26.2",
          "5.25.2",
          "5.26.4",
          "5.26.5",
          "5.27.8",
          "6.6.4"
        ],
        "Pleiades": "https://pleiades.stoa.org/places/452416"
      }
    },
    {
      "type": "Feature",
      "geometry": {
        "type": "Point",
        "coordinates": [
          21.6308,
          37.6422
        ]
      },
      "properties": {
        "name": "Sanctuary of Aphrodite Ourania at Olympia",
        "region": "Eleia Bk5 Bk6",
        "part of": "Olympia",
        "altname": "ruins near Eileithyia temple",
        "Wikidata": "https://wikidata.org/wiki/Q107031180",
        "type": [
          "hieron"
        ],
        "passages": [
          "6.20.6"
        ],
        "ToposText": "https://topostext.org/place/376216SApO"
      }
    },
    {
      "type": "Feature",
      "geometry": {
        "type": "Point",
        "coordinates": [
          21.630126,
          37.637849
        ]
      },
      "properties": {
        "name": "Sanctuary of Sosipolis at Olympia",
        "region": "Eleia Bk5 Bk6",
        "part of": "Olympia",
        "location": "Olympia",
        "Wikidata": "https://wikidata.org/wiki/Q134036768",
        "type": [
          "hieron"
        ],
        "passages": [
          "6.20.5"
        ]
      }
    },
    {
      "type": "Feature",
      "geometry": {
        "type": "Point",
        "coordinates": [
          22.7108,
          37.8085
        ]
      },
      "properties": {
        "name": "Sanctuary of Nemean Zeus, Nemea",
        "region": "Argolid Bk2",
        "part of": "Argolid Bk2",
        "altname": "in valley between Phlius and Cleonae",
        "Wikidata": "https://wikidata.org/wiki/Q748108",
        "type": [
          "hieron"
        ],
        "passages": [
          "1.27.9",
          "1.29.5",
          "2.15.2",
          "2.15.3",
          "2.19.5",
          "5.11.5",
          "5.25.7",
          "5.26.7",
          "6.1.8",
          "6.12.8",
          "6.14.2",
          "6.15.1",
          "6.15.6",
          "6.2.11",
          "6.20.19",
          "6.3.11",
          "6.3.9",
          "6.4.5",
          "6.4.6",
          "6.5.5",
          "6.7.10",
          "8.48.2"
        ],
        "Pleiades": "https://pleiades.stoa.org/places/570504",
        "ToposText": "https://topostext.org/place/378227SNem"
      }
    },
    {
      "type": "Feature",
      "geometry": {
        "type": "Point",
        "coordinates": [
          22.7108,
          37.8085
        ]
      },
      "properties": {
        "name": "Sanctuary of Nemean Zeus, Nemea",
        "region": "Argolid Bk2",
        "part of": "Argolid Bk2",
        "altname": "in valley between Phlius and Cleonae",
        "Wikidata": "https://wikidata.org/wiki/Q748108",
        "type": [
          "hieron"
        ],
        "passages": [
          "1.27.9",
          "1.29.5",
          "2.15.2",
          "2.15.3",
          "2.19.5",
          "5.11.5",
          "5.25.7",
          "5.26.7",
          "6.1.8",
          "6.12.8",
          "6.14.2",
          "6.15.1",
          "6.15.6",
          "6.2.11",
          "6.20.19",
          "6.3.11",
          "6.3.9",
          "6.4.5",
          "6.4.6",
          "6.5.5",
          "6.7.10",
          "8.48.2"
        ],
        "Pleiades": "https://pleiades.stoa.org/places/570504",
        "ToposText": "https://topostext.org/place/378227SNem"
      }
    },
    {
      "type": "Feature",
      "geometry": {
        "type": "Point",
        "coordinates": [
          22.7108,
          37.8085
        ]
      },
      "properties": {
        "name": "Sanctuary of Nemean Zeus, Nemea",
        "region": "Argolid Bk2",
        "part of": "Argolid Bk2",
        "altname": "in valley between Phlius and Cleonae",
        "Wikidata": "https://wikidata.org/wiki/Q748108",
        "type": [
          "hieron"
        ],
        "passages": [
          "1.27.9",
          "1.29.5",
          "2.15.2",
          "2.15.3",
          "2.19.5",
          "5.11.5",
          "5.25.7",
          "5.26.7",
          "6.1.8",
          "6.12.8",
          "6.14.2",
          "6.15.1",
          "6.15.6",
          "6.2.11",
          "6.20.19",
          "6.3.11",
          "6.3.9",
          "6.4.5",
          "6.4.6",
          "6.5.5",
          "6.7.10",
          "8.48.2"
        ],
        "Pleiades": "https://pleiades.stoa.org/places/570504",
        "ToposText": "https://topostext.org/place/378227SNem"
      }
    },
    {
      "type": "Feature",
      "geometry": {
        "type": "Point",
        "coordinates": [
          22.7108,
          37.8085
        ]
      },
      "properties": {
        "name": "Sanctuary of Nemean Zeus, Nemea",
        "region": "Argolid Bk2",
        "part of": "Argolid Bk2",
        "altname": "in valley between Phlius and Cleonae",
        "Wikidata": "https://wikidata.org/wiki/Q748108",
        "type": [
          "hieron"
        ],
        "passages": [
          "1.27.9",
          "1.29.5",
          "2.15.2",
          "2.15.3",
          "2.19.5",
          "5.11.5",
          "5.25.7",
          "5.26.7",
          "6.1.8",
          "6.12.8",
          "6.14.2",
          "6.15.1",
          "6.15.6",
          "6.2.11",
          "6.20.19",
          "6.3.11",
          "6.3.9",
          "6.4.5",
          "6.4.6",
          "6.5.5",
          "6.7.10",
          "8.48.2"
        ],
        "Pleiades": "https://pleiades.stoa.org/places/570504",
        "ToposText": "https://topostext.org/place/378227SNem"
      }
    },
    {
      "type": "Feature",
      "geometry": {
        "type": "Point",
        "coordinates": [
          22.7108,
          37.8085
        ]
      },
      "properties": {
        "name": "Sanctuary of Nemean Zeus, Nemea",
        "region": "Argolid Bk2",
        "part of": "Argolid Bk2",
        "altname": "in valley between Phlius and Cleonae",
        "Wikidata": "https://wikidata.org/wiki/Q748108",
        "type": [
          "hieron"
        ],
        "passages": [
          "1.27.9",
          "1.29.5",
          "2.15.2",
          "2.15.3",
          "2.19.5",
          "5.11.5",
          "5.25.7",
          "5.26.7",
          "6.1.8",
          "6.12.8",
          "6.14.2",
          "6.15.1",
          "6.15.6",
          "6.2.11",
          "6.20.19",
          "6.3.11",
          "6.3.9",
          "6.4.5",
          "6.4.6",
          "6.5.5",
          "6.7.10",
          "8.48.2"
        ],
        "Pleiades": "https://pleiades.stoa.org/places/570504",
        "ToposText": "https://topostext.org/place/378227SNem"
      }
    },
    {
      "type": "Feature",
      "geometry": {
        "type": "Point",
        "coordinates": [
          22.7108,
          37.8085
        ]
      },
      "properties": {
        "name": "Sanctuary of Nemean Zeus, Nemea",
        "region": "Argolid Bk2",
        "part of": "Argolid Bk2",
        "altname": "in valley between Phlius and Cleonae",
        "Wikidata": "https://wikidata.org/wiki/Q748108",
        "type": [
          "hieron"
        ],
        "passages": [
          "1.27.9",
          "1.29.5",
          "2.15.2",
          "2.15.3",
          "2.19.5",
          "5.11.5",
          "5.25.7",
          "5.26.7",
          "6.1.8",
          "6.12.8",
          "6.14.2",
          "6.15.1",
          "6.15.6",
          "6.2.11",
          "6.20.19",
          "6.3.11",
          "6.3.9",
          "6.4.5",
          "6.4.6",
          "6.5.5",
          "6.7.10",
          "8.48.2"
        ],
        "Pleiades": "https://pleiades.stoa.org/places/570504",
        "ToposText": "https://topostext.org/place/378227SNem"
      }
    },
    {
      "type": "Feature",
      "geometry": {
        "type": "Point",
        "coordinates": [
          22.7108,
          37.8085
        ]
      },
      "properties": {
        "name": "Sanctuary of Nemean Zeus, Nemea",
        "region": "Argolid Bk2",
        "part of": "Argolid Bk2",
        "altname": "in valley between Phlius and Cleonae",
        "Wikidata": "https://wikidata.org/wiki/Q748108",
        "type": [
          "hieron"
        ],
        "passages": [
          "1.27.9",
          "1.29.5",
          "2.15.2",
          "2.15.3",
          "2.19.5",
          "5.11.5",
          "5.25.7",
          "5.26.7",
          "6.1.8",
          "6.12.8",
          "6.14.2",
          "6.15.1",
          "6.15.6",
          "6.2.11",
          "6.20.19",
          "6.3.11",
          "6.3.9",
          "6.4.5",
          "6.4.6",
          "6.5.5",
          "6.7.10",
          "8.48.2"
        ],
        "Pleiades": "https://pleiades.stoa.org/places/570504",
        "ToposText": "https://topostext.org/place/378227SNem"
      }
    },
    {
      "type": "Feature",
      "geometry": {
        "type": "Point",
        "coordinates": [
          22.7108,
          37.8085
        ]
      },
      "properties": {
        "name": "Sanctuary of Nemean Zeus, Nemea",
        "region": "Argolid Bk2",
        "part of": "Argolid Bk2",
        "altname": "in valley between Phlius and Cleonae",
        "Wikidata": "https://wikidata.org/wiki/Q748108",
        "type": [
          "hieron"
        ],
        "passages": [
          "1.27.9",
          "1.29.5",
          "2.15.2",
          "2.15.3",
          "2.19.5",
          "5.11.5",
          "5.25.7",
          "5.26.7",
          "6.1.8",
          "6.12.8",
          "6.14.2",
          "6.15.1",
          "6.15.6",
          "6.2.11",
          "6.20.19",
          "6.3.11",
          "6.3.9",
          "6.4.5",
          "6.4.6",
          "6.5.5",
          "6.7.10",
          "8.48.2"
        ],
        "Pleiades": "https://pleiades.stoa.org/places/570504",
        "ToposText": "https://topostext.org/place/378227SNem"
      }
    },
    {
      "type": "Feature",
      "geometry": {
        "type": "Point",
        "coordinates": [
          22.7108,
          37.8085
        ]
      },
      "properties": {
        "name": "Sanctuary of Nemean Zeus, Nemea",
        "region": "Argolid Bk2",
        "part of": "Argolid Bk2",
        "altname": "in valley between Phlius and Cleonae",
        "Wikidata": "https://wikidata.org/wiki/Q748108",
        "type": [
          "hieron"
        ],
        "passages": [
          "1.27.9",
          "1.29.5",
          "2.15.2",
          "2.15.3",
          "2.19.5",
          "5.11.5",
          "5.25.7",
          "5.26.7",
          "6.1.8",
          "6.12.8",
          "6.14.2",
          "6.15.1",
          "6.15.6",
          "6.2.11",
          "6.20.19",
          "6.3.11",
          "6.3.9",
          "6.4.5",
          "6.4.6",
          "6.5.5",
          "6.7.10",
          "8.48.2"
        ],
        "Pleiades": "https://pleiades.stoa.org/places/570504",
        "ToposText": "https://topostext.org/place/378227SNem"
      }
    },
    {
      "type": "Feature",
      "geometry": {
        "type": "Point",
        "coordinates": [
          22.7108,
          37.8085
        ]
      },
      "properties": {
        "name": "Sanctuary of Nemean Zeus, Nemea",
        "region": "Argolid Bk2",
        "part of": "Argolid Bk2",
        "altname": "in valley between Phlius and Cleonae",
        "Wikidata": "https://wikidata.org/wiki/Q748108",
        "type": [
          "hieron"
        ],
        "passages": [
          "1.27.9",
          "1.29.5",
          "2.15.2",
          "2.15.3",
          "2.19.5",
          "5.11.5",
          "5.25.7",
          "5.26.7",
          "6.1.8",
          "6.12.8",
          "6.14.2",
          "6.15.1",
          "6.15.6",
          "6.2.11",
          "6.20.19",
          "6.3.11",
          "6.3.9",
          "6.4.5",
          "6.4.6",
          "6.5.5",
          "6.7.10",
          "8.48.2"
        ],
        "Pleiades": "https://pleiades.stoa.org/places/570504",
        "ToposText": "https://topostext.org/place/378227SNem"
      }
    },
    {
      "type": "Feature",
      "geometry": {
        "type": "Point",
        "coordinates": [
          22.7108,
          37.8085
        ]
      },
      "properties": {
        "name": "Sanctuary of Nemean Zeus, Nemea",
        "region": "Argolid Bk2",
        "part of": "Argolid Bk2",
        "altname": "in valley between Phlius and Cleonae",
        "Wikidata": "https://wikidata.org/wiki/Q748108",
        "type": [
          "hieron"
        ],
        "passages": [
          "1.27.9",
          "1.29.5",
          "2.15.2",
          "2.15.3",
          "2.19.5",
          "5.11.5",
          "5.25.7",
          "5.26.7",
          "6.1.8",
          "6.12.8",
          "6.14.2",
          "6.15.1",
          "6.15.6",
          "6.2.11",
          "6.20.19",
          "6.3.11",
          "6.3.9",
          "6.4.5",
          "6.4.6",
          "6.5.5",
          "6.7.10",
          "8.48.2"
        ],
        "Pleiades": "https://pleiades.stoa.org/places/570504",
        "ToposText": "https://topostext.org/place/378227SNem"
      }
    },
    {
      "type": "Feature",
      "geometry": {
        "type": "Point",
        "coordinates": [
          22.7108,
          37.8085
        ]
      },
      "properties": {
        "name": "Sanctuary of Nemean Zeus, Nemea",
        "region": "Argolid Bk2",
        "part of": "Argolid Bk2",
        "altname": "in valley between Phlius and Cleonae",
        "Wikidata": "https://wikidata.org/wiki/Q748108",
        "type": [
          "hieron"
        ],
        "passages": [
          "1.27.9",
          "1.29.5",
          "2.15.2",
          "2.15.3",
          "2.19.5",
          "5.11.5",
          "5.25.7",
          "5.26.7",
          "6.1.8",
          "6.12.8",
          "6.14.2",
          "6.15.1",
          "6.15.6",
          "6.2.11",
          "6.20.19",
          "6.3.11",
          "6.3.9",
          "6.4.5",
          "6.4.6",
          "6.5.5",
          "6.7.10",
          "8.48.2"
        ],
        "Pleiades": "https://pleiades.stoa.org/places/570504",
        "ToposText": "https://topostext.org/place/378227SNem"
      }
    },
    {
      "type": "Feature",
      "geometry": {
        "type": "Point",
        "coordinates": [
          22.7108,
          37.8085
        ]
      },
      "properties": {
        "name": "Sanctuary of Nemean Zeus, Nemea",
        "region": "Argolid Bk2",
        "part of": "Argolid Bk2",
        "altname": "in valley between Phlius and Cleonae",
        "Wikidata": "https://wikidata.org/wiki/Q748108",
        "type": [
          "hieron"
        ],
        "passages": [
          "1.27.9",
          "1.29.5",
          "2.15.2",
          "2.15.3",
          "2.19.5",
          "5.11.5",
          "5.25.7",
          "5.26.7",
          "6.1.8",
          "6.12.8",
          "6.14.2",
          "6.15.1",
          "6.15.6",
          "6.2.11",
          "6.20.19",
          "6.3.11",
          "6.3.9",
          "6.4.5",
          "6.4.6",
          "6.5.5",
          "6.7.10",
          "8.48.2"
        ],
        "Pleiades": "https://pleiades.stoa.org/places/570504",
        "ToposText": "https://topostext.org/place/378227SNem"
      }
    },
    {
      "type": "Feature",
      "geometry": {
        "type": "Point",
        "coordinates": [
          21.374,
          37.89
        ]
      },
      "properties": {
        "name": "Poseidon Satrapes monument in Elis",
        "region": "Eleia Bk5 Bk6",
        "part of": "Elis polis",
        "location": "Elis polis",
        "type": [
          "mythic/historic site"
        ],
        "passages": [
          "6.25.5",
          "6.25.6"
        ]
      }
    },
    {
      "type": "Feature",
      "geometry": {
        "type": "Point",
        "coordinates": [
          21.374,
          37.89
        ]
      },
      "properties": {
        "name": "Poseidon Satrapes monument in Elis",
        "region": "Eleia Bk5 Bk6",
        "part of": "Elis polis",
        "location": "Elis polis",
        "type": [
          "mythic/historic site"
        ],
        "passages": [
          "6.25.5",
          "6.25.6"
        ]
      }
    },
    {
      "type": "Feature",
      "geometry": {
        "type": "Point",
        "coordinates": [
          24.019611,
          35.517333
        ]
      },
      "properties": {
        "name": "Kydonia",
        "region": "Crete",
        "part of": "Crete",
        "Wikidata": "https://wikidata.org/wiki/Q1481525",
        "type": [
          "polis"
        ],
        "passages": [
          "10.2.7",
          "6.21.6",
          "8.53.4"
        ],
        "Pleiades": "https://pleiades.stoa.org/places/589886"
      }
    },
    {
      "type": "Feature",
      "geometry": {
        "type": "Point",
        "coordinates": [
          21.5735,
          37.6875
        ]
      },
      "properties": {
        "name": "Herakleia (Eleia)",
        "region": "Eleia Bk5 Bk6",
        "part of": "Eleia Bk5 Bk6",
        "Wikidata": "https://wikidata.org/wiki/Q26721041",
        "type": [
          "village kome"
        ],
        "passages": [
          "6.22.7"
        ],
        "ToposText": "https://topostext.org/place/377216PHer"
      }
    },
    {
      "type": "Feature",
      "geometry": {
        "type": "Point",
        "coordinates": [
          24.717535,
          40.78201
        ]
      },
      "properties": {
        "name": "Agora of Thasos",
        "region": "Aegean Sea (Hellas)",
        "part of": "Thasos polis",
        "location": "Thasos polis",
        "Wikidata": "https://wikidata.org/wiki/Q133963470",
        "type": [
          "agora"
        ],
        "passages": [
          "6.11.2"
        ]
      }
    },
    {
      "type": "Feature",
      "geometry": {
        "type": "Point",
        "coordinates": [
          21.72,
          37.647
        ]
      },
      "properties": {
        "name": "Leukyanias river (Eleia)",
        "region": "Eleia Bk5 Bk6",
        "part of": "Eleia Bk5 Bk6",
        "Wikidata": "https://wikidata.org/wiki/Q15148039",
        "type": [
          "river"
        ],
        "passages": [
          "6.21.5"
        ],
        "ToposText": "https://topostext.org/place/378218WLeu"
      }
    },
    {
      "type": "Feature",
      "geometry": {
        "type": "Point",
        "coordinates": [
          21.63076,
          37.64235
        ]
      },
      "properties": {
        "name": "Eileithyia temple at Olympia",
        "region": "Eleia Bk5 Bk6",
        "part of": "Olympia",
        "altname": "On north edge of Kronion between hill and treasuries",
        "Wikidata": "https://wikidata.org/wiki/Q107010633",
        "type": [
          "hieron"
        ],
        "passages": [
          "6.20.2",
          "6.20.3",
          "6.20.6"
        ],
        "ToposText": "https://topostext.org/place/376216SEil"
      }
    },
    {
      "type": "Feature",
      "geometry": {
        "type": "Point",
        "coordinates": [
          21.63076,
          37.64235
        ]
      },
      "properties": {
        "name": "Eileithyia temple at Olympia",
        "region": "Eleia Bk5 Bk6",
        "part of": "Olympia",
        "altname": "On north edge of Kronion between hill and treasuries",
        "Wikidata": "https://wikidata.org/wiki/Q107010633",
        "type": [
          "hieron"
        ],
        "passages": [
          "6.20.2",
          "6.20.3",
          "6.20.6"
        ],
        "ToposText": "https://topostext.org/place/376216SEil"
      }
    },
    {
      "type": "Feature",
      "geometry": {
        "type": "Point",
        "coordinates": [
          21.63076,
          37.64235
        ]
      },
      "properties": {
        "name": "Eileithyia temple at Olympia",
        "region": "Eleia Bk5 Bk6",
        "part of": "Olympia",
        "altname": "On north edge of Kronion between hill and treasuries",
        "Wikidata": "https://wikidata.org/wiki/Q107010633",
        "type": [
          "hieron"
        ],
        "passages": [
          "6.20.2",
          "6.20.3",
          "6.20.6"
        ],
        "ToposText": "https://topostext.org/place/376216SEil"
      }
    },
    {
      "type": "Feature",
      "geometry": {
        "type": "Point",
        "coordinates": [
          12.8249,
          37.58406
        ]
      },
      "properties": {
        "name": "Selinus in Sicily",
        "region": "Sicilia (island)",
        "part of": "Sicilia (island)",
        "altname": "Selinous Selinunte",
        "Wikidata": "https://wikidata.org/wiki/Q952173",
        "type": [
          "polis"
        ],
        "passages": [
          "6.19.10",
          "6.19.11"
        ],
        "Pleiades": "https://pleiades.stoa.org/places/462489"
      }
    },
    {
      "type": "Feature",
      "geometry": {
        "type": "Point",
        "coordinates": [
          12.8249,
          37.58406
        ]
      },
      "properties": {
        "name": "Selinus in Sicily",
        "region": "Sicilia (island)",
        "part of": "Sicilia (island)",
        "altname": "Selinous Selinunte",
        "Wikidata": "https://wikidata.org/wiki/Q952173",
        "type": [
          "polis"
        ],
        "passages": [
          "6.19.10",
          "6.19.11"
        ],
        "Pleiades": "https://pleiades.stoa.org/places/462489"
      }
    },
    {
      "type": "Feature",
      "geometry": {
        "type": "Point",
        "coordinates": [
          20.4375,
          38.2226
        ]
      },
      "properties": {
        "name": "Pale (Kefallenia)",
        "region": "Hellas (Europe)",
        "part of": "Kephallania (Kefallenia)",
        "Wikidata": "https://wikidata.org/wiki/Q2047660",
        "type": [
          "polis"
        ],
        "passages": [
          "6.15.7"
        ],
        "ToposText": "https://topostext.org/place/382204UPal"
      }
    },
    {
      "type": "Feature",
      "geometry": {
        "type": "Point",
        "coordinates": [
          21.627,
          37.64
        ]
      },
      "properties": {
        "name": "Kladeos river (Eleia)",
        "region": "Eleia Bk5 Bk6",
        "part of": "Eleia Bk5 Bk6",
        "Wikidata": "https://wikidata.org/wiki/Q647970",
        "type": [
          "river"
        ],
        "passages": [
          "5.15.7",
          "6.20.6",
          "6.21.3"
        ],
        "Pleiades": "https://pleiades.stoa.org/places/570358",
        "ToposText": "https://topostext.org/place/378218WKla"
      }
    },
    {
      "type": "Feature",
      "geometry": {
        "type": "Point",
        "coordinates": [
          21.627,
          37.64
        ]
      },
      "properties": {
        "name": "Kladeos river (Eleia)",
        "region": "Eleia Bk5 Bk6",
        "part of": "Eleia Bk5 Bk6",
        "Wikidata": "https://wikidata.org/wiki/Q647970",
        "type": [
          "river"
        ],
        "passages": [
          "5.15.7",
          "6.20.6",
          "6.21.3"
        ],
        "Pleiades": "https://pleiades.stoa.org/places/570358",
        "ToposText": "https://topostext.org/place/378218WKla"
      }
    },
    {
      "type": "Feature",
      "geometry": {
        "type": "Point",
        "coordinates": [
          22.1273,
          37.4124
        ]
      },
      "properties": {
        "name": "Megalopolis (Arkadia)",
        "region": "Arcadia Bk8",
        "part of": "Arcadia Bk8",
        "Wikidata": "https://wikidata.org/wiki/Q36024972",
        "type": [
          "polis"
        ],
        "passages": [
          "2.7.4",
          "4.29.7",
          "4.33.3",
          "5.7.1",
          "6.12.8",
          "7.12.3",
          "7.16.4",
          "7.16.6",
          "7.6.8",
          "7.7.4",
          "7.9.4",
          "8.12.2",
          "8.26.5",
          "8.26.8",
          "8.27.1",
          "8.27.11",
          "8.27.13",
          "8.27.14",
          "8.27.15",
          "8.27.5",
          "8.27.8",
          "8.28.7",
          "8.30.1",
          "8.30.2",
          "8.30.3",
          "8.30.7",
          "8.33.1",
          "8.34.1",
          "8.35.1",
          "8.35.3",
          "8.35.5",
          "8.38.3",
          "8.44.1",
          "8.44.4",
          "8.49.2",
          "8.49.4",
          "8.49.7",
          "8.50.4",
          "8.51.8",
          "8.52.4",
          "9.14.4",
          "9.7.1"
        ],
        "Pleiades": "https://pleiades.stoa.org/places/570467",
        "ToposText": "https://topostext.org/place/374221PMeg"
      }
    },
    {
      "type": "Feature",
      "geometry": {
        "type": "Point",
        "coordinates": [
          21.6758,
          37.6047
        ]
      },
      "properties": {
        "name": "Makistos",
        "region": "Eleia Bk5 Bk6",
        "part of": "Eleia Bk5 Bk6",
        "Wikidata": "https://wikidata.org/wiki/Q111086985",
        "type": [
          "polis"
        ],
        "passages": [
          "6.22.4"
        ],
        "Pleiades": "https://pleiades.stoa.org/places/570453"
      }
    },
    {
      "type": "Feature",
      "geometry": {
        "type": "Point",
        "coordinates": [
          36.7,
          36
        ]
      },
      "properties": {
        "name": "Syria (Asia)",
        "region": "Asia (continent)",
        "part of": "Asia (continent)",
        "altname": "region around Antioch, for Pausanias",
        "Wikidata": "https://wikidata.org/wiki/Q13415123",
        "type": [
          "major region"
        ],
        "passages": [
          "1.20.7",
          "1.25.8",
          "1.42.3",
          "1.5.5",
          "1.6.4",
          "1.6.8",
          "6.2.7",
          "8.23.5",
          "8.29.3",
          "8.29.4",
          "8.43.4",
          "8.51.4"
        ],
        "Pleiades": "https://pleiades.stoa.org/places/1306"
      }
    },
    {
      "type": "Feature",
      "geometry": {
        "type": "Point",
        "coordinates": [
          21.374,
          37.89
        ]
      },
      "properties": {
        "name": "Menios",
        "region": "Eleia Bk5 Bk6",
        "part of": "Elis polis",
        "location": "Elis polis",
        "Wikidata": "https://wikidata.org/wiki/Q107477417",
        "type": [
          "river"
        ],
        "passages": [
          "5.1.10",
          "6.26.1"
        ],
        "Pleiades": "https://pleiades.stoa.org/places/573369"
      }
    },
    {
      "type": "Feature",
      "geometry": {
        "type": "Point",
        "coordinates": [
          25.3767,
          37.1065
        ]
      },
      "properties": {
        "name": "Naxos island polis",
        "region": "Aegean Sea (Hellas)",
        "part of": "Cyclades region (Aegean)",
        "Wikidata": "https://wikidata.org/wiki/Q96575378",
        "type": [
          "polis"
        ],
        "passages": [
          "5.10.3",
          "6.16.5"
        ],
        "Pleiades": "https://pleiades.stoa.org/places/599821"
      }
    },
    {
      "type": "Feature",
      "geometry": {
        "type": "Point",
        "coordinates": [
          26.5,
          41
        ]
      },
      "properties": {
        "name": "Teichos Aratou, fort in Thracian Chersonnese",
        "region": "Thrace (Europe)",
        "part of": "Thrace (Europe)",
        "location": "Thrace (Europe)",
        "type": [
          "fortification"
        ],
        "passages": [
          "6.19.6"
        ]
      }
    },
    {
      "type": "Feature",
      "geometry": {
        "type": "Point",
        "coordinates": [
          21.1449975,
          37.9346907
        ]
      },
      "properties": {
        "name": "Sanctuary of Asklepios at Kyllene",
        "region": "Eleia Bk5 Bk6",
        "part of": "Kyllene",
        "location": "Kyllene",
        "Wikidata": "https://wikidata.org/wiki/Q107031273",
        "type": [
          "Asclepieion"
        ],
        "passages": [
          "6.26.5"
        ]
      }
    },
    {
      "type": "Feature",
      "geometry": {
        "type": "Point",
        "coordinates": [
          -2.910335,
          37.969207
        ]
      },
      "properties": {
        "name": "Baetis/Certis (river)",
        "region": "Europe",
        "part of": "Iberi (Spain)",
        "Wikidata": "https://wikidata.org/wiki/Q14309",
        "type": [
          "river"
        ],
        "passages": [
          "6.19.3"
        ],
        "Pleiades": "https://pleiades.stoa.org/places/256010"
      }
    },
    {
      "type": "Feature",
      "geometry": {
        "type": "Point",
        "coordinates": [
          21.3746,
          37.8917
        ]
      },
      "properties": {
        "name": "Agora of Elis",
        "region": "Eleia Bk5 Bk6",
        "part of": "Elis polis",
        "Wikidata": "https://wikidata.org/wiki/Q106996940",
        "type": [
          "agora"
        ],
        "passages": [
          "6.24.1",
          "6.24.2",
          "6.24.3",
          "6.24.5",
          "6.24.9",
          "6.26.1"
        ],
        "ToposText": "https://topostext.org/place/379214XEAg"
      }
    },
    {
      "type": "Feature",
      "geometry": {
        "type": "Point",
        "coordinates": [
          21.3746,
          37.8917
        ]
      },
      "properties": {
        "name": "Agora of Elis",
        "region": "Eleia Bk5 Bk6",
        "part of": "Elis polis",
        "Wikidata": "https://wikidata.org/wiki/Q106996940",
        "type": [
          "agora"
        ],
        "passages": [
          "6.24.1",
          "6.24.2",
          "6.24.3",
          "6.24.5",
          "6.24.9",
          "6.26.1"
        ],
        "ToposText": "https://topostext.org/place/379214XEAg"
      }
    },
    {
      "type": "Feature",
      "geometry": {
        "type": "Point",
        "coordinates": [
          21.3746,
          37.8917
        ]
      },
      "properties": {
        "name": "Agora of Elis",
        "region": "Eleia Bk5 Bk6",
        "part of": "Elis polis",
        "Wikidata": "https://wikidata.org/wiki/Q106996940",
        "type": [
          "agora"
        ],
        "passages": [
          "6.24.1",
          "6.24.2",
          "6.24.3",
          "6.24.5",
          "6.24.9",
          "6.26.1"
        ],
        "ToposText": "https://topostext.org/place/379214XEAg"
      }
    },
    {
      "type": "Feature",
      "geometry": {
        "type": "Point",
        "coordinates": [
          21.3746,
          37.8917
        ]
      },
      "properties": {
        "name": "Agora of Elis",
        "region": "Eleia Bk5 Bk6",
        "part of": "Elis polis",
        "Wikidata": "https://wikidata.org/wiki/Q106996940",
        "type": [
          "agora"
        ],
        "passages": [
          "6.24.1",
          "6.24.2",
          "6.24.3",
          "6.24.5",
          "6.24.9",
          "6.26.1"
        ],
        "ToposText": "https://topostext.org/place/379214XEAg"
      }
    },
    {
      "type": "Feature",
      "geometry": {
        "type": "Point",
        "coordinates": [
          21.3746,
          37.8917
        ]
      },
      "properties": {
        "name": "Agora of Elis",
        "region": "Eleia Bk5 Bk6",
        "part of": "Elis polis",
        "Wikidata": "https://wikidata.org/wiki/Q106996940",
        "type": [
          "agora"
        ],
        "passages": [
          "6.24.1",
          "6.24.2",
          "6.24.3",
          "6.24.5",
          "6.24.9",
          "6.26.1"
        ],
        "ToposText": "https://topostext.org/place/379214XEAg"
      }
    },
    {
      "type": "Feature",
      "geometry": {
        "type": "Point",
        "coordinates": [
          21.3746,
          37.8917
        ]
      },
      "properties": {
        "name": "Agora of Elis",
        "region": "Eleia Bk5 Bk6",
        "part of": "Elis polis",
        "Wikidata": "https://wikidata.org/wiki/Q106996940",
        "type": [
          "agora"
        ],
        "passages": [
          "6.24.1",
          "6.24.2",
          "6.24.3",
          "6.24.5",
          "6.24.9",
          "6.26.1"
        ],
        "ToposText": "https://topostext.org/place/379214XEAg"
      }
    },
    {
      "type": "Feature",
      "geometry": {
        "type": "Point",
        "coordinates": [
          21.374,
          37.89
        ]
      },
      "properties": {
        "name": "Tetragonon gymnasium of Elis",
        "region": "Eleia Bk5 Bk6",
        "part of": "Elis polis",
        "location": "Elis polis",
        "Wikidata": "https://wikidata.org/wiki/Q107041213",
        "type": [
          "gymnasium"
        ],
        "passages": [
          "6.23.4"
        ]
      }
    },
    {
      "type": "Feature",
      "geometry": {
        "type": "Point",
        "coordinates": [
          21.4313,
          37.6729
        ]
      },
      "properties": {
        "name": "Lake with 3 stadia diameter beyond Letrinoi",
        "region": "Eleia Bk5 Bk6",
        "part of": "Letrinoi (Eleia)",
        "location": "Letrinoi (Eleia)",
        "type": [
          "lake"
        ],
        "passages": [
          "6.22.11"
        ]
      }
    },
    {
      "type": "Feature",
      "geometry": {
        "type": "Point",
        "coordinates": [
          39,
          19.5
        ]
      },
      "properties": {
        "name": "Sakaia",
        "region": "Erythraeum Mare",
        "part of": "Erythraeum Mare",
        "location": "Erythraeum Mare",
        "altname": "Sacaea: unlocated island connected with Seres",
        "type": [
          "island"
        ],
        "passages": [
          "6.26.9"
        ]
      }
    },
    {
      "type": "Feature",
      "geometry": {
        "type": "Point",
        "coordinates": [
          21.63291462,
          37.6391184
        ]
      },
      "properties": {
        "name": "tomb of Endymion at Olympia",
        "region": "Eleia Bk5 Bk6",
        "part of": "Olympia Stadium",
        "location": "Olympia Stadium",
        "altname": "(while Heracleians of the Latmos believe his tomb is on mount Latmos)",
        "Wikidata": "https://wikidata.org/wiki/Q107031178",
        "type": [
          "tomb mnema"
        ],
        "passages": [
          "5.1.5",
          "6.20.9"
        ],
        "Manto": "https://resource.manto.unh.edu/10214996"
      }
    },
    {
      "type": "Feature",
      "geometry": {
        "type": "Point",
        "coordinates": [
          21.7208,
          37.6487
        ]
      },
      "properties": {
        "name": "Sanctuary of Dionysos Leukyanites, near Leukyanias river, Elis",
        "region": "Eleia Bk5 Bk6",
        "part of": "Eleia Bk5 Bk6",
        "altname": "unlocated, by Leukyanias river",
        "Wikidata": "https://wikidata.org/wiki/Q107031183",
        "type": [
          "hieron"
        ],
        "passages": [
          "6.21.5"
        ]
      }
    },
    {
      "type": "Feature",
      "geometry": {
        "type": "Point",
        "coordinates": [
          22.5403,
          39.38533
        ]
      },
      "properties": {
        "name": "Theater of Skotoussa in Thessaly",
        "region": "Hellas (Europe)",
        "part of": "Skotoussa (Thessaly)",
        "location": "Skotoussa (Thessaly)",
        "type": [
          "theater"
        ],
        "passages": [
          "6.5.2"
        ]
      }
    },
    {
      "type": "Feature",
      "geometry": {
        "type": "Point",
        "coordinates": [
          21.856169,
          32.818736
        ]
      },
      "properties": {
        "name": "Cyrene",
        "region": "Libya (Africa)",
        "part of": "Cyrenaica",
        "Wikidata": "https://wikidata.org/wiki/Q44112",
        "type": [
          "polis"
        ],
        "passages": [
          "1.6.8",
          "1.7.1",
          "1.7.2",
          "10.15.7",
          "10.2.3",
          "3.14.3",
          "3.16.2",
          "6.19.10"
        ],
        "Pleiades": "https://pleiades.stoa.org/places/373778"
      }
    },
    {
      "type": "Feature",
      "geometry": {
        "type": "Point",
        "coordinates": [
          48.24854,
          32.19202
        ]
      },
      "properties": {
        "name": "Susa/Seleucia ad Eulaeum",
        "region": "Asia (continent)",
        "part of": "Asia (continent)",
        "Wikidata": "https://wikidata.org/wiki/Q180773",
        "type": [
          "settlement"
        ],
        "passages": [
          "1.42.3",
          "10.31.7",
          "3.16.8",
          "3.9.5",
          "4.31.5",
          "6.5.7"
        ],
        "Pleiades": "https://pleiades.stoa.org/places/912936"
      }
    },
    {
      "type": "Feature",
      "geometry": {
        "type": "Point",
        "coordinates": [
          42.5,
          12.5
        ]
      },
      "properties": {
        "name": "Abasa",
        "region": "Asia (continent)",
        "part of": "Erythraeum Mare",
        "altname": "Abasenoi?: remote island near Seria island of the Seres",
        "Wikidata": "https://wikidata.org/wiki/Q124435307",
        "type": [
          "island"
        ],
        "passages": [
          "6.26.9"
        ],
        "Pleiades": "https://pleiades.stoa.org/places/39262"
      }
    },
    {
      "type": "Feature",
      "geometry": {
        "type": "Point",
        "coordinates": [
          21.62845,
          37.63929
        ]
      },
      "properties": {
        "name": "Houses for athletes at Olympia, adjoining the gymnasium",
        "region": "Eleia Bk5 Bk6",
        "part of": "Gymnasium (Olympia)",
        "location": "Gymnasium (Olympia)",
        "type": [
          "house"
        ],
        "passages": [
          "6.21.2"
        ]
      }
    },
    {
      "type": "Feature",
      "geometry": {
        "type": "Point",
        "coordinates": [
          21.374,
          37.89
        ]
      },
      "properties": {
        "name": "Stoa in Sanctuary of Tyche at Elis",
        "region": "Eleia Bk5 Bk6",
        "part of": "Sanctuary of Tyche in Elis",
        "location": "Sanctuary of Tyche in Elis",
        "type": [
          "stoa"
        ],
        "passages": [
          "6.25.4"
        ]
      }
    },
    {
      "type": "Feature",
      "geometry": {
        "type": "Point",
        "coordinates": [
          21.374,
          37.89
        ]
      },
      "properties": {
        "name": "Plethrion weigh-in spot in gymnasium of Elis",
        "region": "Eleia Bk5 Bk6",
        "part of": "Gymnasium of Elis",
        "type": [
          "gymnasium"
        ],
        "passages": [
          "6.23.2"
        ]
      }
    },
    {
      "type": "Feature",
      "geometry": {
        "type": "Point",
        "coordinates": [
          23.4032,
          38.2358
        ]
      },
      "properties": {
        "name": "Erythrai (Boeotia)",
        "region": "Boiotia Bk9",
        "part of": "Boiotia Bk9",
        "Wikidata": "https://wikidata.org/wiki/Q56399414",
        "type": [
          "polisma"
        ],
        "passages": [
          "6.21.11",
          "9.2.1"
        ],
        "Pleiades": "https://pleiades.stoa.org/places/540771",
        "ToposText": "https://topostext.org/place/382234PEry"
      }
    },
    {
      "type": "Feature",
      "geometry": {
        "type": "Point",
        "coordinates": [
          21.3746,
          37.8917
        ]
      },
      "properties": {
        "name": "Altars to Zeus by columns of south stoa of Elis agora",
        "region": "Eleia Bk5 Bk6",
        "part of": "Agora of Elis",
        "location": "Agora of Elis",
        "type": [
          "altar"
        ],
        "passages": [
          "6.24.3"
        ]
      }
    },
    {
      "type": "Feature",
      "geometry": {
        "type": "Point",
        "coordinates": [
          21.63066,
          37.63905
        ]
      },
      "properties": {
        "name": "Dorian chamber of Sicyonian treasury at Olympia",
        "region": "Eleia Bk5 Bk6",
        "part of": "Sicyonian Treasury at Olympia",
        "location": "Sicyonian Treasury at Olympia",
        "type": [
          "treasury"
        ],
        "passages": [
          "6.19.2"
        ]
      }
    },
    {
      "type": "Feature",
      "geometry": {
        "type": "Point",
        "coordinates": [
          23.354208,
          40.296525
        ]
      },
      "properties": {
        "name": "Olynthos",
        "region": "Macedonia (Europe)",
        "part of": "Chalcidike region (Chalkidike)",
        "Wikidata": "https://wikidata.org/wiki/Q1141669",
        "type": [
          "settlement"
        ],
        "passages": [
          "1.29.7",
          "3.5.9",
          "6.17.5"
        ],
        "Pleiades": "https://pleiades.stoa.org/places/491678"
      }
    },
    {
      "type": "Feature",
      "geometry": {
        "type": "Point",
        "coordinates": [
          21.31578,
          38.67111
        ]
      },
      "properties": {
        "name": "Stratos",
        "region": "Aitolia region",
        "part of": "Aitolia region",
        "Wikidata": "https://wikidata.org/wiki/Q25408797",
        "type": [
          "settlement"
        ],
        "passages": [
          "6.2.1"
        ],
        "Pleiades": "https://pleiades.stoa.org/places/531104"
      }
    },
    {
      "type": "Feature",
      "geometry": {
        "type": "Point",
        "coordinates": [
          17.946867,
          40.641136
        ]
      },
      "properties": {
        "name": "Brundisium/Brentesion",
        "region": "Italia (Europe)",
        "part of": "Italia (Europe)",
        "Wikidata": "https://wikidata.org/wiki/Q103155084",
        "type": [
          "settlement"
        ],
        "passages": [
          "6.19.9"
        ],
        "Pleiades": "https://pleiades.stoa.org/places/442509"
      }
    },
    {
      "type": "Feature",
      "geometry": {
        "type": "Point",
        "coordinates": [
          21.63076,
          37.64235
        ]
      },
      "properties": {
        "name": "Altar of Eileithyia in forepart of temple, Olympia",
        "region": "Eleia Bk5 Bk6",
        "part of": "Eileithyia temple at Olympia",
        "type": [
          "altar"
        ],
        "passages": [
          "6.20.3"
        ]
      }
    },
    {
      "type": "Feature",
      "geometry": {
        "type": "Point",
        "coordinates": [
          21.62975,
          37.63754
        ]
      },
      "properties": {
        "name": "Stele showing distance to Lakedaimon from Olympia, 660 stadia, by stele of Deinosthenes in Altis",
        "region": "Eleia Bk5 Bk6",
        "part of": "Altis sacred grove (Olympia)",
        "location": "Altis sacred grove (Olympia)",
        "type": [
          "stele"
        ],
        "passages": [
          "6.16.8"
        ]
      }
    },
    {
      "type": "Feature",
      "geometry": {
        "type": "Point",
        "coordinates": [
          21.6336,
          37.637
        ]
      },
      "properties": {
        "name": "Ship's prow at Olympia hippodrome",
        "region": "Eleia Bk5 Bk6",
        "part of": "Hippodrome (Olympia)",
        "location": "Hippodrome (Olympia)",
        "type": [
          "stele"
        ],
        "passages": [
          "6.20.10"
        ]
      }
    },
    {
      "type": "Feature",
      "geometry": {
        "type": "Point",
        "coordinates": [
          21.62976,
          37.63887
        ]
      },
      "properties": {
        "name": "Temple of Hera at Olympia",
        "region": "Eleia Bk5 Bk6",
        "part of": "Altis sacred grove (Olympia)",
        "altname": "Heraion of Olympia",
        "Wikidata": "https://wikidata.org/wiki/Q633572",
        "type": [
          "temple"
        ],
        "passages": [
          "5.13.8",
          "5.15.7",
          "5.16.1",
          "5.17.1",
          "5.17.3",
          "5.20.1",
          "5.20.4",
          "5.27.11",
          "6.1.3",
          "6.19.1",
          "6.19.12",
          "6.19.8"
        ],
        "Pleiades": "https://pleiades.stoa.org/places/584889481",
        "ToposText": "https://topostext.org/place/376216SOHe"
      }
    },
    {
      "type": "Feature",
      "geometry": {
        "type": "Point",
        "coordinates": [
          21.62976,
          37.63887
        ]
      },
      "properties": {
        "name": "Temple of Hera at Olympia",
        "region": "Eleia Bk5 Bk6",
        "part of": "Altis sacred grove (Olympia)",
        "altname": "Heraion of Olympia",
        "Wikidata": "https://wikidata.org/wiki/Q633572",
        "type": [
          "temple"
        ],
        "passages": [
          "5.13.8",
          "5.15.7",
          "5.16.1",
          "5.17.1",
          "5.17.3",
          "5.20.1",
          "5.20.4",
          "5.27.11",
          "6.1.3",
          "6.19.1",
          "6.19.12",
          "6.19.8"
        ],
        "Pleiades": "https://pleiades.stoa.org/places/584889481",
        "ToposText": "https://topostext.org/place/376216SOHe"
      }
    },
    {
      "type": "Feature",
      "geometry": {
        "type": "Point",
        "coordinates": [
          21.62976,
          37.63887
        ]
      },
      "properties": {
        "name": "Temple of Hera at Olympia",
        "region": "Eleia Bk5 Bk6",
        "part of": "Altis sacred grove (Olympia)",
        "altname": "Heraion of Olympia",
        "Wikidata": "https://wikidata.org/wiki/Q633572",
        "type": [
          "temple"
        ],
        "passages": [
          "5.13.8",
          "5.15.7",
          "5.16.1",
          "5.17.1",
          "5.17.3",
          "5.20.1",
          "5.20.4",
          "5.27.11",
          "6.1.3",
          "6.19.1",
          "6.19.12",
          "6.19.8"
        ],
        "Pleiades": "https://pleiades.stoa.org/places/584889481",
        "ToposText": "https://topostext.org/place/376216SOHe"
      }
    },
    {
      "type": "Feature",
      "geometry": {
        "type": "Point",
        "coordinates": [
          21.62976,
          37.63887
        ]
      },
      "properties": {
        "name": "Temple of Hera at Olympia",
        "region": "Eleia Bk5 Bk6",
        "part of": "Altis sacred grove (Olympia)",
        "altname": "Heraion of Olympia",
        "Wikidata": "https://wikidata.org/wiki/Q633572",
        "type": [
          "temple"
        ],
        "passages": [
          "5.13.8",
          "5.15.7",
          "5.16.1",
          "5.17.1",
          "5.17.3",
          "5.20.1",
          "5.20.4",
          "5.27.11",
          "6.1.3",
          "6.19.1",
          "6.19.12",
          "6.19.8"
        ],
        "Pleiades": "https://pleiades.stoa.org/places/584889481",
        "ToposText": "https://topostext.org/place/376216SOHe"
      }
    },
    {
      "type": "Feature",
      "geometry": {
        "type": "Point",
        "coordinates": [
          22.4237,
          37.0821
        ]
      },
      "properties": {
        "name": "Sparta",
        "region": "Lakonia Bk3",
        "part of": "Lakonia Bk3",
        "altname": "Lacedaemon Lakedaimon",
        "Wikidata": "https://wikidata.org/wiki/Q5690",
        "type": [
          "polis"
        ],
        "passages": [
          "1.13.6",
          "1.29.8",
          "10.12.2",
          "2.18.2",
          "2.18.5",
          "2.21.8",
          "2.9.1",
          "3.1.2",
          "3.10.1",
          "3.11.1",
          "3.11.2",
          "3.13.3",
          "3.13.4",
          "3.13.7",
          "3.14.2",
          "3.14.7",
          "3.15.3",
          "3.15.4",
          "3.15.5",
          "3.15.8",
          "3.18.6",
          "3.19.6",
          "3.2.2",
          "3.2.3",
          "3.2.7",
          "3.20.10",
          "3.20.8",
          "3.21.2",
          "3.21.6",
          "3.21.7",
          "3.26.5",
          "3.26.7",
          "3.3.2",
          "3.3.3",
          "3.5.1",
          "3.6.3",
          "3.6.4",
          "3.6.7",
          "3.7.1",
          "3.7.2",
          "3.7.5",
          "3.7.8",
          "3.8.3",
          "3.8.9",
          "3.9.11",
          "4.1.2",
          "4.12.4",
          "4.12.5",
          "4.12.8",
          "4.12.9",
          "4.14.3",
          "4.14.4",
          "4.15.2",
          "4.15.3",
          "4.15.5",
          "4.15.6",
          "4.16.1",
          "4.16.9",
          "4.17.6",
          "4.18.3",
          "4.19.5",
          "4.20.5",
          "4.21.6",
          "4.22.1",
          "4.22.4",
          "4.22.5",
          "4.22.6",
          "4.23.2",
          "4.24.6",
          "4.26.4",
          "4.27.4",
          "4.29.6",
          "4.29.9",
          "4.31.1",
          "4.31.3",
          "4.4.4",
          "4.4.8",
          "4.5.4",
          "4.5.6",
          "4.5.7",
          "4.7.7",
          "4.8.3",
          "4.9.5",
          "6.16.8",
          "6.2.1",
          "6.4.9",
          "6.7.6",
          "7.1.8",
          "7.12.2",
          "7.12.6",
          "7.12.7",
          "7.12.8",
          "7.13.1",
          "7.13.2",
          "7.13.4",
          "7.13.6",
          "7.14.5",
          "7.20.8",
          "7.24.1",
          "7.7.3",
          "7.8.4",
          "7.8.5",
          "7.9.2",
          "7.9.5",
          "8.11.6",
          "8.12.6",
          "8.27.11",
          "8.51.1",
          "8.51.3",
          "8.51.4",
          "8.52.3",
          "8.52.6",
          "8.8.11",
          "9.13.2",
          "9.13.9",
          "9.14.1",
          "9.14.5",
          "9.32.10",
          "9.32.7"
        ],
        "Pleiades": "https://pleiades.stoa.org/places/570685",
        "ToposText": "https://topostext.org/place/371224PSpa"
      }
    },
    {
      "type": "Feature",
      "geometry": {
        "type": "Point",
        "coordinates": [
          22.4237,
          37.0821
        ]
      },
      "properties": {
        "name": "Sparta",
        "region": "Lakonia Bk3",
        "part of": "Lakonia Bk3",
        "altname": "Lacedaemon Lakedaimon",
        "Wikidata": "https://wikidata.org/wiki/Q5690",
        "type": [
          "polis"
        ],
        "passages": [
          "1.13.6",
          "1.29.8",
          "10.12.2",
          "2.18.2",
          "2.18.5",
          "2.21.8",
          "2.9.1",
          "3.1.2",
          "3.10.1",
          "3.11.1",
          "3.11.2",
          "3.13.3",
          "3.13.4",
          "3.13.7",
          "3.14.2",
          "3.14.7",
          "3.15.3",
          "3.15.4",
          "3.15.5",
          "3.15.8",
          "3.18.6",
          "3.19.6",
          "3.2.2",
          "3.2.3",
          "3.2.7",
          "3.20.10",
          "3.20.8",
          "3.21.2",
          "3.21.6",
          "3.21.7",
          "3.26.5",
          "3.26.7",
          "3.3.2",
          "3.3.3",
          "3.5.1",
          "3.6.3",
          "3.6.4",
          "3.6.7",
          "3.7.1",
          "3.7.2",
          "3.7.5",
          "3.7.8",
          "3.8.3",
          "3.8.9",
          "3.9.11",
          "4.1.2",
          "4.12.4",
          "4.12.5",
          "4.12.8",
          "4.12.9",
          "4.14.3",
          "4.14.4",
          "4.15.2",
          "4.15.3",
          "4.15.5",
          "4.15.6",
          "4.16.1",
          "4.16.9",
          "4.17.6",
          "4.18.3",
          "4.19.5",
          "4.20.5",
          "4.21.6",
          "4.22.1",
          "4.22.4",
          "4.22.5",
          "4.22.6",
          "4.23.2",
          "4.24.6",
          "4.26.4",
          "4.27.4",
          "4.29.6",
          "4.29.9",
          "4.31.1",
          "4.31.3",
          "4.4.4",
          "4.4.8",
          "4.5.4",
          "4.5.6",
          "4.5.7",
          "4.7.7",
          "4.8.3",
          "4.9.5",
          "6.16.8",
          "6.2.1",
          "6.4.9",
          "6.7.6",
          "7.1.8",
          "7.12.2",
          "7.12.6",
          "7.12.7",
          "7.12.8",
          "7.13.1",
          "7.13.2",
          "7.13.4",
          "7.13.6",
          "7.14.5",
          "7.20.8",
          "7.24.1",
          "7.7.3",
          "7.8.4",
          "7.8.5",
          "7.9.2",
          "7.9.5",
          "8.11.6",
          "8.12.6",
          "8.27.11",
          "8.51.1",
          "8.51.3",
          "8.51.4",
          "8.52.3",
          "8.52.6",
          "8.8.11",
          "9.13.2",
          "9.13.9",
          "9.14.1",
          "9.14.5",
          "9.32.10",
          "9.32.7"
        ],
        "Pleiades": "https://pleiades.stoa.org/places/570685",
        "ToposText": "https://topostext.org/place/371224PSpa"
      }
    },
    {
      "type": "Feature",
      "geometry": {
        "type": "Point",
        "coordinates": [
          22.4237,
          37.0821
        ]
      },
      "properties": {
        "name": "Sparta",
        "region": "Lakonia Bk3",
        "part of": "Lakonia Bk3",
        "altname": "Lacedaemon Lakedaimon",
        "Wikidata": "https://wikidata.org/wiki/Q5690",
        "type": [
          "polis"
        ],
        "passages": [
          "1.13.6",
          "1.29.8",
          "10.12.2",
          "2.18.2",
          "2.18.5",
          "2.21.8",
          "2.9.1",
          "3.1.2",
          "3.10.1",
          "3.11.1",
          "3.11.2",
          "3.13.3",
          "3.13.4",
          "3.13.7",
          "3.14.2",
          "3.14.7",
          "3.15.3",
          "3.15.4",
          "3.15.5",
          "3.15.8",
          "3.18.6",
          "3.19.6",
          "3.2.2",
          "3.2.3",
          "3.2.7",
          "3.20.10",
          "3.20.8",
          "3.21.2",
          "3.21.6",
          "3.21.7",
          "3.26.5",
          "3.26.7",
          "3.3.2",
          "3.3.3",
          "3.5.1",
          "3.6.3",
          "3.6.4",
          "3.6.7",
          "3.7.1",
          "3.7.2",
          "3.7.5",
          "3.7.8",
          "3.8.3",
          "3.8.9",
          "3.9.11",
          "4.1.2",
          "4.12.4",
          "4.12.5",
          "4.12.8",
          "4.12.9",
          "4.14.3",
          "4.14.4",
          "4.15.2",
          "4.15.3",
          "4.15.5",
          "4.15.6",
          "4.16.1",
          "4.16.9",
          "4.17.6",
          "4.18.3",
          "4.19.5",
          "4.20.5",
          "4.21.6",
          "4.22.1",
          "4.22.4",
          "4.22.5",
          "4.22.6",
          "4.23.2",
          "4.24.6",
          "4.26.4",
          "4.27.4",
          "4.29.6",
          "4.29.9",
          "4.31.1",
          "4.31.3",
          "4.4.4",
          "4.4.8",
          "4.5.4",
          "4.5.6",
          "4.5.7",
          "4.7.7",
          "4.8.3",
          "4.9.5",
          "6.16.8",
          "6.2.1",
          "6.4.9",
          "6.7.6",
          "7.1.8",
          "7.12.2",
          "7.12.6",
          "7.12.7",
          "7.12.8",
          "7.13.1",
          "7.13.2",
          "7.13.4",
          "7.13.6",
          "7.14.5",
          "7.20.8",
          "7.24.1",
          "7.7.3",
          "7.8.4",
          "7.8.5",
          "7.9.2",
          "7.9.5",
          "8.11.6",
          "8.12.6",
          "8.27.11",
          "8.51.1",
          "8.51.3",
          "8.51.4",
          "8.52.3",
          "8.52.6",
          "8.8.11",
          "9.13.2",
          "9.13.9",
          "9.14.1",
          "9.14.5",
          "9.32.10",
          "9.32.7"
        ],
        "Pleiades": "https://pleiades.stoa.org/places/570685",
        "ToposText": "https://topostext.org/place/371224PSpa"
      }
    },
    {
      "type": "Feature",
      "geometry": {
        "type": "Point",
        "coordinates": [
          22.4237,
          37.0821
        ]
      },
      "properties": {
        "name": "Sparta",
        "region": "Lakonia Bk3",
        "part of": "Lakonia Bk3",
        "altname": "Lacedaemon Lakedaimon",
        "Wikidata": "https://wikidata.org/wiki/Q5690",
        "type": [
          "polis"
        ],
        "passages": [
          "1.13.6",
          "1.29.8",
          "10.12.2",
          "2.18.2",
          "2.18.5",
          "2.21.8",
          "2.9.1",
          "3.1.2",
          "3.10.1",
          "3.11.1",
          "3.11.2",
          "3.13.3",
          "3.13.4",
          "3.13.7",
          "3.14.2",
          "3.14.7",
          "3.15.3",
          "3.15.4",
          "3.15.5",
          "3.15.8",
          "3.18.6",
          "3.19.6",
          "3.2.2",
          "3.2.3",
          "3.2.7",
          "3.20.10",
          "3.20.8",
          "3.21.2",
          "3.21.6",
          "3.21.7",
          "3.26.5",
          "3.26.7",
          "3.3.2",
          "3.3.3",
          "3.5.1",
          "3.6.3",
          "3.6.4",
          "3.6.7",
          "3.7.1",
          "3.7.2",
          "3.7.5",
          "3.7.8",
          "3.8.3",
          "3.8.9",
          "3.9.11",
          "4.1.2",
          "4.12.4",
          "4.12.5",
          "4.12.8",
          "4.12.9",
          "4.14.3",
          "4.14.4",
          "4.15.2",
          "4.15.3",
          "4.15.5",
          "4.15.6",
          "4.16.1",
          "4.16.9",
          "4.17.6",
          "4.18.3",
          "4.19.5",
          "4.20.5",
          "4.21.6",
          "4.22.1",
          "4.22.4",
          "4.22.5",
          "4.22.6",
          "4.23.2",
          "4.24.6",
          "4.26.4",
          "4.27.4",
          "4.29.6",
          "4.29.9",
          "4.31.1",
          "4.31.3",
          "4.4.4",
          "4.4.8",
          "4.5.4",
          "4.5.6",
          "4.5.7",
          "4.7.7",
          "4.8.3",
          "4.9.5",
          "6.16.8",
          "6.2.1",
          "6.4.9",
          "6.7.6",
          "7.1.8",
          "7.12.2",
          "7.12.6",
          "7.12.7",
          "7.12.8",
          "7.13.1",
          "7.13.2",
          "7.13.4",
          "7.13.6",
          "7.14.5",
          "7.20.8",
          "7.24.1",
          "7.7.3",
          "7.8.4",
          "7.8.5",
          "7.9.2",
          "7.9.5",
          "8.11.6",
          "8.12.6",
          "8.27.11",
          "8.51.1",
          "8.51.3",
          "8.51.4",
          "8.52.3",
          "8.52.6",
          "8.8.11",
          "9.13.2",
          "9.13.9",
          "9.14.1",
          "9.14.5",
          "9.32.10",
          "9.32.7"
        ],
        "Pleiades": "https://pleiades.stoa.org/places/570685",
        "ToposText": "https://topostext.org/place/371224PSpa"
      }
    },
    {
      "type": "Feature",
      "geometry": {
        "type": "Point",
        "coordinates": [
          21.62845,
          37.63929
        ]
      },
      "properties": {
        "name": "Trophy from Arcadians on crepis of gymnasium at Olympia",
        "region": "Eleia Bk5 Bk6",
        "part of": "Gymnasium (Olympia)",
        "location": "Gymnasium (Olympia)",
        "type": [
          "trophy"
        ],
        "passages": [
          "6.21.2"
        ]
      }
    },
    {
      "type": "Feature",
      "geometry": {
        "type": "Point",
        "coordinates": [
          14.08648465,
          37.53667612
        ]
      },
      "properties": {
        "name": "Sicilia (island)",
        "region": "",
        "part of": "Roman empire",
        "Wikidata": "https://wikidata.org/wiki/Q4951156",
        "type": [
          "island"
        ],
        "passages": [
          "1.12.5",
          "1.13.1",
          "1.2.3",
          "1.21.4",
          "1.29.11",
          "1.29.13",
          "10.11.3",
          "10.15.5",
          "10.15.6",
          "2.2.5",
          "2.22.9",
          "3.16.4",
          "3.16.5",
          "4.23.6",
          "4.26.2",
          "4.26.5",
          "4.36.4",
          "5.23.6",
          "5.25.5",
          "5.25.6",
          "5.27.1",
          "5.7.3",
          "6.12.3",
          "6.13.8",
          "6.26.4",
          "6.4.3",
          "6.6.7",
          "6.9.4",
          "6.9.5",
          "7.16.5",
          "7.4.6",
          "7.4.7",
          "8.11.12",
          "8.12.8",
          "8.24.6",
          "8.42.8",
          "8.46.2",
          "8.8.6",
          "9.40.4"
        ],
        "Pleiades": "https://pleiades.stoa.org/places/462492"
      }
    },
    {
      "type": "Feature",
      "geometry": {
        "type": "Point",
        "coordinates": [
          14.08648465,
          37.53667612
        ]
      },
      "properties": {
        "name": "Sicilia (island)",
        "region": "",
        "part of": "Roman empire",
        "Wikidata": "https://wikidata.org/wiki/Q4951156",
        "type": [
          "island"
        ],
        "passages": [
          "1.12.5",
          "1.13.1",
          "1.2.3",
          "1.21.4",
          "1.29.11",
          "1.29.13",
          "10.11.3",
          "10.15.5",
          "10.15.6",
          "2.2.5",
          "2.22.9",
          "3.16.4",
          "3.16.5",
          "4.23.6",
          "4.26.2",
          "4.26.5",
          "4.36.4",
          "5.23.6",
          "5.25.5",
          "5.25.6",
          "5.27.1",
          "5.7.3",
          "6.12.3",
          "6.13.8",
          "6.26.4",
          "6.4.3",
          "6.6.7",
          "6.9.4",
          "6.9.5",
          "7.16.5",
          "7.4.6",
          "7.4.7",
          "8.11.12",
          "8.12.8",
          "8.24.6",
          "8.42.8",
          "8.46.2",
          "8.8.6",
          "9.40.4"
        ],
        "Pleiades": "https://pleiades.stoa.org/places/462492"
      }
    },
    {
      "type": "Feature",
      "geometry": {
        "type": "Point",
        "coordinates": [
          14.08648465,
          37.53667612
        ]
      },
      "properties": {
        "name": "Sicilia (island)",
        "region": "",
        "part of": "Roman empire",
        "Wikidata": "https://wikidata.org/wiki/Q4951156",
        "type": [
          "island"
        ],
        "passages": [
          "1.12.5",
          "1.13.1",
          "1.2.3",
          "1.21.4",
          "1.29.11",
          "1.29.13",
          "10.11.3",
          "10.15.5",
          "10.15.6",
          "2.2.5",
          "2.22.9",
          "3.16.4",
          "3.16.5",
          "4.23.6",
          "4.26.2",
          "4.26.5",
          "4.36.4",
          "5.23.6",
          "5.25.5",
          "5.25.6",
          "5.27.1",
          "5.7.3",
          "6.12.3",
          "6.13.8",
          "6.26.4",
          "6.4.3",
          "6.6.7",
          "6.9.4",
          "6.9.5",
          "7.16.5",
          "7.4.6",
          "7.4.7",
          "8.11.12",
          "8.12.8",
          "8.24.6",
          "8.42.8",
          "8.46.2",
          "8.8.6",
          "9.40.4"
        ],
        "Pleiades": "https://pleiades.stoa.org/places/462492"
      }
    },
    {
      "type": "Feature",
      "geometry": {
        "type": "Point",
        "coordinates": [
          14.08648465,
          37.53667612
        ]
      },
      "properties": {
        "name": "Sicilia (island)",
        "region": "",
        "part of": "Roman empire",
        "Wikidata": "https://wikidata.org/wiki/Q4951156",
        "type": [
          "island"
        ],
        "passages": [
          "1.12.5",
          "1.13.1",
          "1.2.3",
          "1.21.4",
          "1.29.11",
          "1.29.13",
          "10.11.3",
          "10.15.5",
          "10.15.6",
          "2.2.5",
          "2.22.9",
          "3.16.4",
          "3.16.5",
          "4.23.6",
          "4.26.2",
          "4.26.5",
          "4.36.4",
          "5.23.6",
          "5.25.5",
          "5.25.6",
          "5.27.1",
          "5.7.3",
          "6.12.3",
          "6.13.8",
          "6.26.4",
          "6.4.3",
          "6.6.7",
          "6.9.4",
          "6.9.5",
          "7.16.5",
          "7.4.6",
          "7.4.7",
          "8.11.12",
          "8.12.8",
          "8.24.6",
          "8.42.8",
          "8.46.2",
          "8.8.6",
          "9.40.4"
        ],
        "Pleiades": "https://pleiades.stoa.org/places/462492"
      }
    },
    {
      "type": "Feature",
      "geometry": {
        "type": "Point",
        "coordinates": [
          14.08648465,
          37.53667612
        ]
      },
      "properties": {
        "name": "Sicilia (island)",
        "region": "",
        "part of": "Roman empire",
        "Wikidata": "https://wikidata.org/wiki/Q4951156",
        "type": [
          "island"
        ],
        "passages": [
          "1.12.5",
          "1.13.1",
          "1.2.3",
          "1.21.4",
          "1.29.11",
          "1.29.13",
          "10.11.3",
          "10.15.5",
          "10.15.6",
          "2.2.5",
          "2.22.9",
          "3.16.4",
          "3.16.5",
          "4.23.6",
          "4.26.2",
          "4.26.5",
          "4.36.4",
          "5.23.6",
          "5.25.5",
          "5.25.6",
          "5.27.1",
          "5.7.3",
          "6.12.3",
          "6.13.8",
          "6.26.4",
          "6.4.3",
          "6.6.7",
          "6.9.4",
          "6.9.5",
          "7.16.5",
          "7.4.6",
          "7.4.7",
          "8.11.12",
          "8.12.8",
          "8.24.6",
          "8.42.8",
          "8.46.2",
          "8.8.6",
          "9.40.4"
        ],
        "Pleiades": "https://pleiades.stoa.org/places/462492"
      }
    },
    {
      "type": "Feature",
      "geometry": {
        "type": "Point",
        "coordinates": [
          14.08648465,
          37.53667612
        ]
      },
      "properties": {
        "name": "Sicilia (island)",
        "region": "",
        "part of": "Roman empire",
        "Wikidata": "https://wikidata.org/wiki/Q4951156",
        "type": [
          "island"
        ],
        "passages": [
          "1.12.5",
          "1.13.1",
          "1.2.3",
          "1.21.4",
          "1.29.11",
          "1.29.13",
          "10.11.3",
          "10.15.5",
          "10.15.6",
          "2.2.5",
          "2.22.9",
          "3.16.4",
          "3.16.5",
          "4.23.6",
          "4.26.2",
          "4.26.5",
          "4.36.4",
          "5.23.6",
          "5.25.5",
          "5.25.6",
          "5.27.1",
          "5.7.3",
          "6.12.3",
          "6.13.8",
          "6.26.4",
          "6.4.3",
          "6.6.7",
          "6.9.4",
          "6.9.5",
          "7.16.5",
          "7.4.6",
          "7.4.7",
          "8.11.12",
          "8.12.8",
          "8.24.6",
          "8.42.8",
          "8.46.2",
          "8.8.6",
          "9.40.4"
        ],
        "Pleiades": "https://pleiades.stoa.org/places/462492"
      }
    },
    {
      "type": "Feature",
      "geometry": {
        "type": "Point",
        "coordinates": [
          14.08648465,
          37.53667612
        ]
      },
      "properties": {
        "name": "Sicilia (island)",
        "region": "",
        "part of": "Roman empire",
        "Wikidata": "https://wikidata.org/wiki/Q4951156",
        "type": [
          "island"
        ],
        "passages": [
          "1.12.5",
          "1.13.1",
          "1.2.3",
          "1.21.4",
          "1.29.11",
          "1.29.13",
          "10.11.3",
          "10.15.5",
          "10.15.6",
          "2.2.5",
          "2.22.9",
          "3.16.4",
          "3.16.5",
          "4.23.6",
          "4.26.2",
          "4.26.5",
          "4.36.4",
          "5.23.6",
          "5.25.5",
          "5.25.6",
          "5.27.1",
          "5.7.3",
          "6.12.3",
          "6.13.8",
          "6.26.4",
          "6.4.3",
          "6.6.7",
          "6.9.4",
          "6.9.5",
          "7.16.5",
          "7.4.6",
          "7.4.7",
          "8.11.12",
          "8.12.8",
          "8.24.6",
          "8.42.8",
          "8.46.2",
          "8.8.6",
          "9.40.4"
        ],
        "Pleiades": "https://pleiades.stoa.org/places/462492"
      }
    },
    {
      "type": "Feature",
      "geometry": {
        "type": "Point",
        "coordinates": [
          21.798,
          37.599
        ]
      },
      "properties": {
        "name": "Tomb of Coroebus, Eleian border with Heraia",
        "region": "Eleia Bk5 Bk6",
        "part of": "road Heraea to Elis border",
        "altname": "east of Erymanthus river, on Heraia-Elis road",
        "Wikidata": "https://wikidata.org/wiki/Q136487527",
        "type": [
          "border",
          "tomb mnema"
        ],
        "passages": [
          "6.21.3",
          "8.26.3",
          "8.26.4"
        ],
        "Manto": "https://resource.manto.unh.edu/10268842"
      }
    },
    {
      "type": "Feature",
      "geometry": {
        "type": "Point",
        "coordinates": [
          23.1743,
          38.2647
        ]
      },
      "properties": {
        "name": "Leuktra (Boeotia)",
        "region": "Boiotia Bk9",
        "part of": "Boiotia Bk9",
        "altname": "Leuctra",
        "Wikidata": "https://wikidata.org/wiki/Q2606004",
        "type": [
          "battlefield",
          "settlement"
        ],
        "passages": [
          "1.13.4",
          "1.13.5",
          "1.29.11",
          "1.3.4",
          "10.11.5",
          "3.6.1",
          "6.3.3",
          "7.6.8",
          "8.27.8",
          "8.6.2",
          "8.8.10",
          "9.1.8",
          "9.13.3",
          "9.13.4",
          "9.13.5",
          "9.14.1",
          "9.14.3",
          "9.16.5",
          "9.6.4",
          "9.6.5"
        ],
        "Pleiades": "https://pleiades.stoa.org/places/540913",
        "ToposText": "https://topostext.org/place/383231ULeu"
      }
    },
    {
      "type": "Feature",
      "geometry": {
        "type": "Point",
        "coordinates": [
          22.0959,
          37.8914
        ]
      },
      "properties": {
        "name": "Kleitor",
        "region": "Arcadia Bk8",
        "part of": "Arcadia Bk8",
        "altname": "Cleitor",
        "Wikidata": "https://wikidata.org/wiki/Q2537130",
        "type": [
          "polis"
        ],
        "passages": [
          "10.9.9",
          "5.7.1",
          "6.8.5",
          "6.9.2",
          "8.17.6",
          "8.19.4",
          "8.21.3",
          "8.21.4",
          "8.25.2",
          "8.4.5"
        ],
        "Pleiades": "https://pleiades.stoa.org/places/570359",
        "ToposText": "https://topostext.org/place/379221PKle"
      }
    },
    {
      "type": "Feature",
      "geometry": {
        "type": "Point",
        "coordinates": [
          22.0959,
          37.8914
        ]
      },
      "properties": {
        "name": "Kleitor",
        "region": "Arcadia Bk8",
        "part of": "Arcadia Bk8",
        "altname": "Cleitor",
        "Wikidata": "https://wikidata.org/wiki/Q2537130",
        "type": [
          "polis"
        ],
        "passages": [
          "10.9.9",
          "5.7.1",
          "6.8.5",
          "6.9.2",
          "8.17.6",
          "8.19.4",
          "8.21.3",
          "8.21.4",
          "8.25.2",
          "8.4.5"
        ],
        "Pleiades": "https://pleiades.stoa.org/places/570359",
        "ToposText": "https://topostext.org/place/379221PKle"
      }
    },
    {
      "type": "Feature",
      "geometry": {
        "type": "Point",
        "coordinates": [
          21.63066,
          37.63905
        ]
      },
      "properties": {
        "name": "Sicyonian Treasury at Olympia",
        "region": "Eleia Bk5 Bk6",
        "part of": "Treasury terrace north of the Heraion, Olympia",
        "Wikidata": "https://wikidata.org/wiki/Q2231808",
        "type": [
          "treasury"
        ],
        "passages": [
          "5.14.9",
          "6.19.1",
          "6.19.4",
          "6.19.7"
        ]
      }
    },
    {
      "type": "Feature",
      "geometry": {
        "type": "Point",
        "coordinates": [
          21.63066,
          37.63905
        ]
      },
      "properties": {
        "name": "Sicyonian Treasury at Olympia",
        "region": "Eleia Bk5 Bk6",
        "part of": "Treasury terrace north of the Heraion, Olympia",
        "Wikidata": "https://wikidata.org/wiki/Q2231808",
        "type": [
          "treasury"
        ],
        "passages": [
          "5.14.9",
          "6.19.1",
          "6.19.4",
          "6.19.7"
        ]
      }
    },
    {
      "type": "Feature",
      "geometry": {
        "type": "Point",
        "coordinates": [
          21.63066,
          37.63905
        ]
      },
      "properties": {
        "name": "Sicyonian Treasury at Olympia",
        "region": "Eleia Bk5 Bk6",
        "part of": "Treasury terrace north of the Heraion, Olympia",
        "Wikidata": "https://wikidata.org/wiki/Q2231808",
        "type": [
          "treasury"
        ],
        "passages": [
          "5.14.9",
          "6.19.1",
          "6.19.4",
          "6.19.7"
        ]
      }
    },
    {
      "type": "Feature",
      "geometry": {
        "type": "Point",
        "coordinates": [
          21.6336,
          37.637
        ]
      },
      "properties": {
        "name": "Hippodrome (Olympia)",
        "region": "Eleia Bk5 Bk6",
        "part of": "Olympia",
        "Wikidata": "https://wikidata.org/wiki/Q19602775",
        "type": [
          "hippodrome",
          "mound/dike"
        ],
        "passages": [
          "5.15.5",
          "6.20.10",
          "6.20.15",
          "6.21.1"
        ],
        "ToposText": "https://topostext.org/place/376216BOHi"
      }
    },
    {
      "type": "Feature",
      "geometry": {
        "type": "Point",
        "coordinates": [
          21.6336,
          37.637
        ]
      },
      "properties": {
        "name": "Hippodrome (Olympia)",
        "region": "Eleia Bk5 Bk6",
        "part of": "Olympia",
        "Wikidata": "https://wikidata.org/wiki/Q19602775",
        "type": [
          "hippodrome",
          "mound/dike"
        ],
        "passages": [
          "5.15.5",
          "6.20.10",
          "6.20.15",
          "6.21.1"
        ],
        "ToposText": "https://topostext.org/place/376216BOHi"
      }
    },
    {
      "type": "Feature",
      "geometry": {
        "type": "Point",
        "coordinates": [
          21.6336,
          37.637
        ]
      },
      "properties": {
        "name": "Hippodrome (Olympia)",
        "region": "Eleia Bk5 Bk6",
        "part of": "Olympia",
        "Wikidata": "https://wikidata.org/wiki/Q19602775",
        "type": [
          "hippodrome",
          "mound/dike"
        ],
        "passages": [
          "5.15.5",
          "6.20.10",
          "6.20.15",
          "6.21.1"
        ],
        "ToposText": "https://topostext.org/place/376216BOHi"
      }
    },
    {
      "type": "Feature",
      "geometry": {
        "type": "Point",
        "coordinates": [
          21.63176,
          37.63888
        ]
      },
      "properties": {
        "name": "Hidden entrance to stadium at Olympia",
        "region": "Eleia Bk5 Bk6",
        "part of": "Olympia Stadium",
        "type": [
          "entry"
        ],
        "passages": [
          "6.20.8"
        ]
      }
    },
    {
      "type": "Feature",
      "geometry": {
        "type": "Point",
        "coordinates": [
          26.1342335,
          38.37641
        ]
      },
      "properties": {
        "name": "Chios (polity)",
        "region": "Aegean Sea (Hellas)",
        "part of": "Aegean Sea (Hellas)",
        "Wikidata": "https://wikidata.org/wiki/Q748832",
        "type": [
          "polis"
        ],
        "passages": [
          "10.9.9",
          "6.15.2",
          "6.9.3",
          "7.4.10"
        ],
        "Pleiades": "https://pleiades.stoa.org/places/550496"
      }
    },
    {
      "type": "Feature",
      "geometry": {
        "type": "Point",
        "coordinates": [
          26.1342335,
          38.37641
        ]
      },
      "properties": {
        "name": "Chios (polity)",
        "region": "Aegean Sea (Hellas)",
        "part of": "Aegean Sea (Hellas)",
        "Wikidata": "https://wikidata.org/wiki/Q748832",
        "type": [
          "polis"
        ],
        "passages": [
          "10.9.9",
          "6.15.2",
          "6.9.3",
          "7.4.10"
        ],
        "Pleiades": "https://pleiades.stoa.org/places/550496"
      }
    },
    {
      "type": "Feature",
      "geometry": {
        "type": "Point",
        "coordinates": [
          21.6336,
          37.637
        ]
      },
      "properties": {
        "name": "Tomb of Dameon and his horse at Olympia, perhaps Taraxippos",
        "region": "Eleia Bk5 Bk6",
        "part of": "Hippodrome (Olympia)",
        "location": "Hippodrome (Olympia)",
        "Wikidata": "https://wikidata.org/wiki/Q136487449",
        "type": [
          "tomb mnema"
        ],
        "passages": [
          "6.20.16"
        ]
      }
    },
    {
      "type": "Feature",
      "geometry": {
        "type": "Point",
        "coordinates": [
          21.631,
          37.641
        ]
      },
      "properties": {
        "name": "Kronion",
        "region": "Eleia Bk5 Bk6",
        "part of": "Olympia",
        "altname": "Kronion hill, Olympia",
        "Wikidata": "https://wikidata.org/wiki/Q1250184",
        "type": [
          "mountain oros"
        ],
        "passages": [
          "5.21.2",
          "6.19.1",
          "6.20.1",
          "6.20.2"
        ],
        "Pleiades": "https://pleiades.stoa.org/places/573311",
        "ToposText": "https://topostext.org/place/368228LKro"
      }
    },
    {
      "type": "Feature",
      "geometry": {
        "type": "Point",
        "coordinates": [
          21.631,
          37.641
        ]
      },
      "properties": {
        "name": "Kronion",
        "region": "Eleia Bk5 Bk6",
        "part of": "Olympia",
        "altname": "Kronion hill, Olympia",
        "Wikidata": "https://wikidata.org/wiki/Q1250184",
        "type": [
          "mountain oros"
        ],
        "passages": [
          "5.21.2",
          "6.19.1",
          "6.20.1",
          "6.20.2"
        ],
        "Pleiades": "https://pleiades.stoa.org/places/573311",
        "ToposText": "https://topostext.org/place/368228LKro"
      }
    },
    {
      "type": "Feature",
      "geometry": {
        "type": "Point",
        "coordinates": [
          21.631,
          37.641
        ]
      },
      "properties": {
        "name": "Kronion",
        "region": "Eleia Bk5 Bk6",
        "part of": "Olympia",
        "altname": "Kronion hill, Olympia",
        "Wikidata": "https://wikidata.org/wiki/Q1250184",
        "type": [
          "mountain oros"
        ],
        "passages": [
          "5.21.2",
          "6.19.1",
          "6.20.1",
          "6.20.2"
        ],
        "Pleiades": "https://pleiades.stoa.org/places/573311",
        "ToposText": "https://topostext.org/place/368228LKro"
      }
    },
    {
      "type": "Feature",
      "geometry": {
        "type": "Point",
        "coordinates": [
          21.630126,
          37.637849
        ]
      },
      "properties": {
        "name": "Olympia",
        "region": "Eleia Bk5 Bk6",
        "part of": "Pisa (Eleia)",
        "altname": "Sanctuary of Olympian Zeus in Pisatis",
        "Wikidata": "https://wikidata.org/wiki/Q38888",
        "type": [
          "hieron"
        ],
        "passages": [
          "1.28.1",
          "1.35.6",
          "1.44.1",
          "10.14.5",
          "10.37.4",
          "10.38.8",
          "10.7.5",
          "10.9.4",
          "2.11.8",
          "2.5.7",
          "2.7.2",
          "3.8.3",
          "3.8.4",
          "3.8.5",
          "4.31.6",
          "5.1.4",
          "5.1.7",
          "5.10.1",
          "5.10.3",
          "5.10.4",
          "5.10.5",
          "5.10.7",
          "5.10.9",
          "5.11.10",
          "5.11.4",
          "5.11.9",
          "5.12.4",
          "5.12.5",
          "5.12.8",
          "5.13.1",
          "5.13.10",
          "5.13.9",
          "5.14.1",
          "5.14.2",
          "5.14.4",
          "5.15.12",
          "5.15.3",
          "5.16.8",
          "5.17.5",
          "5.2.3",
          "5.2.5",
          "5.20.6",
          "5.21.16",
          "5.23.3",
          "5.23.6",
          "5.24.4",
          "5.24.6",
          "5.24.8",
          "5.25.12",
          "5.25.13",
          "5.25.4",
          "5.25.5",
          "5.25.7",
          "5.26.1",
          "5.26.4",
          "5.26.5",
          "5.26.7",
          "5.27.1",
          "5.27.2",
          "5.27.9",
          "5.4.4",
          "5.4.5",
          "5.4.6",
          "5.4.7",
          "5.4.8",
          "5.5.3",
          "5.6.1",
          "5.6.7",
          "5.6.8",
          "5.7.1",
          "5.7.10",
          "5.7.6",
          "5.7.9",
          "5.8.1",
          "5.8.2",
          "5.8.5",
          "5.8.6",
          "5.9.1",
          "5.9.4",
          "6.1.6",
          "6.10.2",
          "6.10.4",
          "6.10.8",
          "6.12.4",
          "6.12.5",
          "6.12.6",
          "6.12.7",
          "6.12.8",
          "6.13.11",
          "6.13.2",
          "6.13.3",
          "6.13.5",
          "6.13.6",
          "6.13.8",
          "6.14.1",
          "6.14.10",
          "6.14.13",
          "6.14.2",
          "6.14.3",
          "6.14.5",
          "6.15.1",
          "6.15.2",
          "6.15.3",
          "6.15.6",
          "6.15.9",
          "6.16.1",
          "6.16.4",
          "6.16.5",
          "6.16.8",
          "6.16.9",
          "6.17.2",
          "6.17.7",
          "6.18.1",
          "6.18.2",
          "6.18.7",
          "6.19.1",
          "6.19.10",
          "6.19.14",
          "6.19.4",
          "6.2.10",
          "6.2.2",
          "6.2.6",
          "6.20.14",
          "6.20.19",
          "6.20.2",
          "6.20.7",
          "6.21.2",
          "6.22.5",
          "6.22.7",
          "6.23.1",
          "6.23.6",
          "6.3.11",
          "6.3.14",
          "6.3.15",
          "6.3.2",
          "6.3.9",
          "6.4.11",
          "6.4.2",
          "6.4.5",
          "6.4.6",
          "6.4.9",
          "6.5.7",
          "6.6.1",
          "6.6.3",
          "6.6.5",
          "6.7.10",
          "6.7.3",
          "6.7.8",
          "6.8.1",
          "6.8.2",
          "6.8.3",
          "6.8.6",
          "6.9.3",
          "7.17.13",
          "7.17.14",
          "7.17.6",
          "7.23.5",
          "7.27.5",
          "7.27.6",
          "7.6.4",
          "8.1.2",
          "8.19.1",
          "8.42.9",
          "8.48.1",
          "8.48.2",
          "8.50.3",
          "8.54.3",
          "9.23.1",
          "9.7.5"
        ],
        "Manto": "https://resource.manto.unh.edu/10217933",
        "Pleiades": "https://pleiades.stoa.org/places/570531"
      }
    },
    {
      "type": "Feature",
      "geometry": {
        "type": "Point",
        "coordinates": [
          21.630126,
          37.637849
        ]
      },
      "properties": {
        "name": "Olympia",
        "region": "Eleia Bk5 Bk6",
        "part of": "Pisa (Eleia)",
        "altname": "Sanctuary of Olympian Zeus in Pisatis",
        "Wikidata": "https://wikidata.org/wiki/Q38888",
        "type": [
          "hieron"
        ],
        "passages": [
          "1.28.1",
          "1.35.6",
          "1.44.1",
          "10.14.5",
          "10.37.4",
          "10.38.8",
          "10.7.5",
          "10.9.4",
          "2.11.8",
          "2.5.7",
          "2.7.2",
          "3.8.3",
          "3.8.4",
          "3.8.5",
          "4.31.6",
          "5.1.4",
          "5.1.7",
          "5.10.1",
          "5.10.3",
          "5.10.4",
          "5.10.5",
          "5.10.7",
          "5.10.9",
          "5.11.10",
          "5.11.4",
          "5.11.9",
          "5.12.4",
          "5.12.5",
          "5.12.8",
          "5.13.1",
          "5.13.10",
          "5.13.9",
          "5.14.1",
          "5.14.2",
          "5.14.4",
          "5.15.12",
          "5.15.3",
          "5.16.8",
          "5.17.5",
          "5.2.3",
          "5.2.5",
          "5.20.6",
          "5.21.16",
          "5.23.3",
          "5.23.6",
          "5.24.4",
          "5.24.6",
          "5.24.8",
          "5.25.12",
          "5.25.13",
          "5.25.4",
          "5.25.5",
          "5.25.7",
          "5.26.1",
          "5.26.4",
          "5.26.5",
          "5.26.7",
          "5.27.1",
          "5.27.2",
          "5.27.9",
          "5.4.4",
          "5.4.5",
          "5.4.6",
          "5.4.7",
          "5.4.8",
          "5.5.3",
          "5.6.1",
          "5.6.7",
          "5.6.8",
          "5.7.1",
          "5.7.10",
          "5.7.6",
          "5.7.9",
          "5.8.1",
          "5.8.2",
          "5.8.5",
          "5.8.6",
          "5.9.1",
          "5.9.4",
          "6.1.6",
          "6.10.2",
          "6.10.4",
          "6.10.8",
          "6.12.4",
          "6.12.5",
          "6.12.6",
          "6.12.7",
          "6.12.8",
          "6.13.11",
          "6.13.2",
          "6.13.3",
          "6.13.5",
          "6.13.6",
          "6.13.8",
          "6.14.1",
          "6.14.10",
          "6.14.13",
          "6.14.2",
          "6.14.3",
          "6.14.5",
          "6.15.1",
          "6.15.2",
          "6.15.3",
          "6.15.6",
          "6.15.9",
          "6.16.1",
          "6.16.4",
          "6.16.5",
          "6.16.8",
          "6.16.9",
          "6.17.2",
          "6.17.7",
          "6.18.1",
          "6.18.2",
          "6.18.7",
          "6.19.1",
          "6.19.10",
          "6.19.14",
          "6.19.4",
          "6.2.10",
          "6.2.2",
          "6.2.6",
          "6.20.14",
          "6.20.19",
          "6.20.2",
          "6.20.7",
          "6.21.2",
          "6.22.5",
          "6.22.7",
          "6.23.1",
          "6.23.6",
          "6.3.11",
          "6.3.14",
          "6.3.15",
          "6.3.2",
          "6.3.9",
          "6.4.11",
          "6.4.2",
          "6.4.5",
          "6.4.6",
          "6.4.9",
          "6.5.7",
          "6.6.1",
          "6.6.3",
          "6.6.5",
          "6.7.10",
          "6.7.3",
          "6.7.8",
          "6.8.1",
          "6.8.2",
          "6.8.3",
          "6.8.6",
          "6.9.3",
          "7.17.13",
          "7.17.14",
          "7.17.6",
          "7.23.5",
          "7.27.5",
          "7.27.6",
          "7.6.4",
          "8.1.2",
          "8.19.1",
          "8.42.9",
          "8.48.1",
          "8.48.2",
          "8.50.3",
          "8.54.3",
          "9.23.1",
          "9.7.5"
        ],
        "Manto": "https://resource.manto.unh.edu/10217933",
        "Pleiades": "https://pleiades.stoa.org/places/570531"
      }
    },
    {
      "type": "Feature",
      "geometry": {
        "type": "Point",
        "coordinates": [
          21.630126,
          37.637849
        ]
      },
      "properties": {
        "name": "Olympia",
        "region": "Eleia Bk5 Bk6",
        "part of": "Pisa (Eleia)",
        "altname": "Sanctuary of Olympian Zeus in Pisatis",
        "Wikidata": "https://wikidata.org/wiki/Q38888",
        "type": [
          "hieron"
        ],
        "passages": [
          "1.28.1",
          "1.35.6",
          "1.44.1",
          "10.14.5",
          "10.37.4",
          "10.38.8",
          "10.7.5",
          "10.9.4",
          "2.11.8",
          "2.5.7",
          "2.7.2",
          "3.8.3",
          "3.8.4",
          "3.8.5",
          "4.31.6",
          "5.1.4",
          "5.1.7",
          "5.10.1",
          "5.10.3",
          "5.10.4",
          "5.10.5",
          "5.10.7",
          "5.10.9",
          "5.11.10",
          "5.11.4",
          "5.11.9",
          "5.12.4",
          "5.12.5",
          "5.12.8",
          "5.13.1",
          "5.13.10",
          "5.13.9",
          "5.14.1",
          "5.14.2",
          "5.14.4",
          "5.15.12",
          "5.15.3",
          "5.16.8",
          "5.17.5",
          "5.2.3",
          "5.2.5",
          "5.20.6",
          "5.21.16",
          "5.23.3",
          "5.23.6",
          "5.24.4",
          "5.24.6",
          "5.24.8",
          "5.25.12",
          "5.25.13",
          "5.25.4",
          "5.25.5",
          "5.25.7",
          "5.26.1",
          "5.26.4",
          "5.26.5",
          "5.26.7",
          "5.27.1",
          "5.27.2",
          "5.27.9",
          "5.4.4",
          "5.4.5",
          "5.4.6",
          "5.4.7",
          "5.4.8",
          "5.5.3",
          "5.6.1",
          "5.6.7",
          "5.6.8",
          "5.7.1",
          "5.7.10",
          "5.7.6",
          "5.7.9",
          "5.8.1",
          "5.8.2",
          "5.8.5",
          "5.8.6",
          "5.9.1",
          "5.9.4",
          "6.1.6",
          "6.10.2",
          "6.10.4",
          "6.10.8",
          "6.12.4",
          "6.12.5",
          "6.12.6",
          "6.12.7",
          "6.12.8",
          "6.13.11",
          "6.13.2",
          "6.13.3",
          "6.13.5",
          "6.13.6",
          "6.13.8",
          "6.14.1",
          "6.14.10",
          "6.14.13",
          "6.14.2",
          "6.14.3",
          "6.14.5",
          "6.15.1",
          "6.15.2",
          "6.15.3",
          "6.15.6",
          "6.15.9",
          "6.16.1",
          "6.16.4",
          "6.16.5",
          "6.16.8",
          "6.16.9",
          "6.17.2",
          "6.17.7",
          "6.18.1",
          "6.18.2",
          "6.18.7",
          "6.19.1",
          "6.19.10",
          "6.19.14",
          "6.19.4",
          "6.2.10",
          "6.2.2",
          "6.2.6",
          "6.20.14",
          "6.20.19",
          "6.20.2",
          "6.20.7",
          "6.21.2",
          "6.22.5",
          "6.22.7",
          "6.23.1",
          "6.23.6",
          "6.3.11",
          "6.3.14",
          "6.3.15",
          "6.3.2",
          "6.3.9",
          "6.4.11",
          "6.4.2",
          "6.4.5",
          "6.4.6",
          "6.4.9",
          "6.5.7",
          "6.6.1",
          "6.6.3",
          "6.6.5",
          "6.7.10",
          "6.7.3",
          "6.7.8",
          "6.8.1",
          "6.8.2",
          "6.8.3",
          "6.8.6",
          "6.9.3",
          "7.17.13",
          "7.17.14",
          "7.17.6",
          "7.23.5",
          "7.27.5",
          "7.27.6",
          "7.6.4",
          "8.1.2",
          "8.19.1",
          "8.42.9",
          "8.48.1",
          "8.48.2",
          "8.50.3",
          "8.54.3",
          "9.23.1",
          "9.7.5"
        ],
        "Manto": "https://resource.manto.unh.edu/10217933",
        "Pleiades": "https://pleiades.stoa.org/places/570531"
      }
    },
    {
      "type": "Feature",
      "geometry": {
        "type": "Point",
        "coordinates": [
          21.630126,
          37.637849
        ]
      },
      "properties": {
        "name": "Olympia",
        "region": "Eleia Bk5 Bk6",
        "part of": "Pisa (Eleia)",
        "altname": "Sanctuary of Olympian Zeus in Pisatis",
        "Wikidata": "https://wikidata.org/wiki/Q38888",
        "type": [
          "hieron"
        ],
        "passages": [
          "1.28.1",
          "1.35.6",
          "1.44.1",
          "10.14.5",
          "10.37.4",
          "10.38.8",
          "10.7.5",
          "10.9.4",
          "2.11.8",
          "2.5.7",
          "2.7.2",
          "3.8.3",
          "3.8.4",
          "3.8.5",
          "4.31.6",
          "5.1.4",
          "5.1.7",
          "5.10.1",
          "5.10.3",
          "5.10.4",
          "5.10.5",
          "5.10.7",
          "5.10.9",
          "5.11.10",
          "5.11.4",
          "5.11.9",
          "5.12.4",
          "5.12.5",
          "5.12.8",
          "5.13.1",
          "5.13.10",
          "5.13.9",
          "5.14.1",
          "5.14.2",
          "5.14.4",
          "5.15.12",
          "5.15.3",
          "5.16.8",
          "5.17.5",
          "5.2.3",
          "5.2.5",
          "5.20.6",
          "5.21.16",
          "5.23.3",
          "5.23.6",
          "5.24.4",
          "5.24.6",
          "5.24.8",
          "5.25.12",
          "5.25.13",
          "5.25.4",
          "5.25.5",
          "5.25.7",
          "5.26.1",
          "5.26.4",
          "5.26.5",
          "5.26.7",
          "5.27.1",
          "5.27.2",
          "5.27.9",
          "5.4.4",
          "5.4.5",
          "5.4.6",
          "5.4.7",
          "5.4.8",
          "5.5.3",
          "5.6.1",
          "5.6.7",
          "5.6.8",
          "5.7.1",
          "5.7.10",
          "5.7.6",
          "5.7.9",
          "5.8.1",
          "5.8.2",
          "5.8.5",
          "5.8.6",
          "5.9.1",
          "5.9.4",
          "6.1.6",
          "6.10.2",
          "6.10.4",
          "6.10.8",
          "6.12.4",
          "6.12.5",
          "6.12.6",
          "6.12.7",
          "6.12.8",
          "6.13.11",
          "6.13.2",
          "6.13.3",
          "6.13.5",
          "6.13.6",
          "6.13.8",
          "6.14.1",
          "6.14.10",
          "6.14.13",
          "6.14.2",
          "6.14.3",
          "6.14.5",
          "6.15.1",
          "6.15.2",
          "6.15.3",
          "6.15.6",
          "6.15.9",
          "6.16.1",
          "6.16.4",
          "6.16.5",
          "6.16.8",
          "6.16.9",
          "6.17.2",
          "6.17.7",
          "6.18.1",
          "6.18.2",
          "6.18.7",
          "6.19.1",
          "6.19.10",
          "6.19.14",
          "6.19.4",
          "6.2.10",
          "6.2.2",
          "6.2.6",
          "6.20.14",
          "6.20.19",
          "6.20.2",
          "6.20.7",
          "6.21.2",
          "6.22.5",
          "6.22.7",
          "6.23.1",
          "6.23.6",
          "6.3.11",
          "6.3.14",
          "6.3.15",
          "6.3.2",
          "6.3.9",
          "6.4.11",
          "6.4.2",
          "6.4.5",
          "6.4.6",
          "6.4.9",
          "6.5.7",
          "6.6.1",
          "6.6.3",
          "6.6.5",
          "6.7.10",
          "6.7.3",
          "6.7.8",
          "6.8.1",
          "6.8.2",
          "6.8.3",
          "6.8.6",
          "6.9.3",
          "7.17.13",
          "7.17.14",
          "7.17.6",
          "7.23.5",
          "7.27.5",
          "7.27.6",
          "7.6.4",
          "8.1.2",
          "8.19.1",
          "8.42.9",
          "8.48.1",
          "8.48.2",
          "8.50.3",
          "8.54.3",
          "9.23.1",
          "9.7.5"
        ],
        "Manto": "https://resource.manto.unh.edu/10217933",
        "Pleiades": "https://pleiades.stoa.org/places/570531"
      }
    },
    {
      "type": "Feature",
      "geometry": {
        "type": "Point",
        "coordinates": [
          21.630126,
          37.637849
        ]
      },
      "properties": {
        "name": "Olympia",
        "region": "Eleia Bk5 Bk6",
        "part of": "Pisa (Eleia)",
        "altname": "Sanctuary of Olympian Zeus in Pisatis",
        "Wikidata": "https://wikidata.org/wiki/Q38888",
        "type": [
          "hieron"
        ],
        "passages": [
          "1.28.1",
          "1.35.6",
          "1.44.1",
          "10.14.5",
          "10.37.4",
          "10.38.8",
          "10.7.5",
          "10.9.4",
          "2.11.8",
          "2.5.7",
          "2.7.2",
          "3.8.3",
          "3.8.4",
          "3.8.5",
          "4.31.6",
          "5.1.4",
          "5.1.7",
          "5.10.1",
          "5.10.3",
          "5.10.4",
          "5.10.5",
          "5.10.7",
          "5.10.9",
          "5.11.10",
          "5.11.4",
          "5.11.9",
          "5.12.4",
          "5.12.5",
          "5.12.8",
          "5.13.1",
          "5.13.10",
          "5.13.9",
          "5.14.1",
          "5.14.2",
          "5.14.4",
          "5.15.12",
          "5.15.3",
          "5.16.8",
          "5.17.5",
          "5.2.3",
          "5.2.5",
          "5.20.6",
          "5.21.16",
          "5.23.3",
          "5.23.6",
          "5.24.4",
          "5.24.6",
          "5.24.8",
          "5.25.12",
          "5.25.13",
          "5.25.4",
          "5.25.5",
          "5.25.7",
          "5.26.1",
          "5.26.4",
          "5.26.5",
          "5.26.7",
          "5.27.1",
          "5.27.2",
          "5.27.9",
          "5.4.4",
          "5.4.5",
          "5.4.6",
          "5.4.7",
          "5.4.8",
          "5.5.3",
          "5.6.1",
          "5.6.7",
          "5.6.8",
          "5.7.1",
          "5.7.10",
          "5.7.6",
          "5.7.9",
          "5.8.1",
          "5.8.2",
          "5.8.5",
          "5.8.6",
          "5.9.1",
          "5.9.4",
          "6.1.6",
          "6.10.2",
          "6.10.4",
          "6.10.8",
          "6.12.4",
          "6.12.5",
          "6.12.6",
          "6.12.7",
          "6.12.8",
          "6.13.11",
          "6.13.2",
          "6.13.3",
          "6.13.5",
          "6.13.6",
          "6.13.8",
          "6.14.1",
          "6.14.10",
          "6.14.13",
          "6.14.2",
          "6.14.3",
          "6.14.5",
          "6.15.1",
          "6.15.2",
          "6.15.3",
          "6.15.6",
          "6.15.9",
          "6.16.1",
          "6.16.4",
          "6.16.5",
          "6.16.8",
          "6.16.9",
          "6.17.2",
          "6.17.7",
          "6.18.1",
          "6.18.2",
          "6.18.7",
          "6.19.1",
          "6.19.10",
          "6.19.14",
          "6.19.4",
          "6.2.10",
          "6.2.2",
          "6.2.6",
          "6.20.14",
          "6.20.19",
          "6.20.2",
          "6.20.7",
          "6.21.2",
          "6.22.5",
          "6.22.7",
          "6.23.1",
          "6.23.6",
          "6.3.11",
          "6.3.14",
          "6.3.15",
          "6.3.2",
          "6.3.9",
          "6.4.11",
          "6.4.2",
          "6.4.5",
          "6.4.6",
          "6.4.9",
          "6.5.7",
          "6.6.1",
          "6.6.3",
          "6.6.5",
          "6.7.10",
          "6.7.3",
          "6.7.8",
          "6.8.1",
          "6.8.2",
          "6.8.3",
          "6.8.6",
          "6.9.3",
          "7.17.13",
          "7.17.14",
          "7.17.6",
          "7.23.5",
          "7.27.5",
          "7.27.6",
          "7.6.4",
          "8.1.2",
          "8.19.1",
          "8.42.9",
          "8.48.1",
          "8.48.2",
          "8.50.3",
          "8.54.3",
          "9.23.1",
          "9.7.5"
        ],
        "Manto": "https://resource.manto.unh.edu/10217933",
        "Pleiades": "https://pleiades.stoa.org/places/570531"
      }
    },
    {
      "type": "Feature",
      "geometry": {
        "type": "Point",
        "coordinates": [
          21.630126,
          37.637849
        ]
      },
      "properties": {
        "name": "Olympia",
        "region": "Eleia Bk5 Bk6",
        "part of": "Pisa (Eleia)",
        "altname": "Sanctuary of Olympian Zeus in Pisatis",
        "Wikidata": "https://wikidata.org/wiki/Q38888",
        "type": [
          "hieron"
        ],
        "passages": [
          "1.28.1",
          "1.35.6",
          "1.44.1",
          "10.14.5",
          "10.37.4",
          "10.38.8",
          "10.7.5",
          "10.9.4",
          "2.11.8",
          "2.5.7",
          "2.7.2",
          "3.8.3",
          "3.8.4",
          "3.8.5",
          "4.31.6",
          "5.1.4",
          "5.1.7",
          "5.10.1",
          "5.10.3",
          "5.10.4",
          "5.10.5",
          "5.10.7",
          "5.10.9",
          "5.11.10",
          "5.11.4",
          "5.11.9",
          "5.12.4",
          "5.12.5",
          "5.12.8",
          "5.13.1",
          "5.13.10",
          "5.13.9",
          "5.14.1",
          "5.14.2",
          "5.14.4",
          "5.15.12",
          "5.15.3",
          "5.16.8",
          "5.17.5",
          "5.2.3",
          "5.2.5",
          "5.20.6",
          "5.21.16",
          "5.23.3",
          "5.23.6",
          "5.24.4",
          "5.24.6",
          "5.24.8",
          "5.25.12",
          "5.25.13",
          "5.25.4",
          "5.25.5",
          "5.25.7",
          "5.26.1",
          "5.26.4",
          "5.26.5",
          "5.26.7",
          "5.27.1",
          "5.27.2",
          "5.27.9",
          "5.4.4",
          "5.4.5",
          "5.4.6",
          "5.4.7",
          "5.4.8",
          "5.5.3",
          "5.6.1",
          "5.6.7",
          "5.6.8",
          "5.7.1",
          "5.7.10",
          "5.7.6",
          "5.7.9",
          "5.8.1",
          "5.8.2",
          "5.8.5",
          "5.8.6",
          "5.9.1",
          "5.9.4",
          "6.1.6",
          "6.10.2",
          "6.10.4",
          "6.10.8",
          "6.12.4",
          "6.12.5",
          "6.12.6",
          "6.12.7",
          "6.12.8",
          "6.13.11",
          "6.13.2",
          "6.13.3",
          "6.13.5",
          "6.13.6",
          "6.13.8",
          "6.14.1",
          "6.14.10",
          "6.14.13",
          "6.14.2",
          "6.14.3",
          "6.14.5",
          "6.15.1",
          "6.15.2",
          "6.15.3",
          "6.15.6",
          "6.15.9",
          "6.16.1",
          "6.16.4",
          "6.16.5",
          "6.16.8",
          "6.16.9",
          "6.17.2",
          "6.17.7",
          "6.18.1",
          "6.18.2",
          "6.18.7",
          "6.19.1",
          "6.19.10",
          "6.19.14",
          "6.19.4",
          "6.2.10",
          "6.2.2",
          "6.2.6",
          "6.20.14",
          "6.20.19",
          "6.20.2",
          "6.20.7",
          "6.21.2",
          "6.22.5",
          "6.22.7",
          "6.23.1",
          "6.23.6",
          "6.3.11",
          "6.3.14",
          "6.3.15",
          "6.3.2",
          "6.3.9",
          "6.4.11",
          "6.4.2",
          "6.4.5",
          "6.4.6",
          "6.4.9",
          "6.5.7",
          "6.6.1",
          "6.6.3",
          "6.6.5",
          "6.7.10",
          "6.7.3",
          "6.7.8",
          "6.8.1",
          "6.8.2",
          "6.8.3",
          "6.8.6",
          "6.9.3",
          "7.17.13",
          "7.17.14",
          "7.17.6",
          "7.23.5",
          "7.27.5",
          "7.27.6",
          "7.6.4",
          "8.1.2",
          "8.19.1",
          "8.42.9",
          "8.48.1",
          "8.48.2",
          "8.50.3",
          "8.54.3",
          "9.23.1",
          "9.7.5"
        ],
        "Manto": "https://resource.manto.unh.edu/10217933",
        "Pleiades": "https://pleiades.stoa.org/places/570531"
      }
    },
    {
      "type": "Feature",
      "geometry": {
        "type": "Point",
        "coordinates": [
          21.630126,
          37.637849
        ]
      },
      "properties": {
        "name": "Olympia",
        "region": "Eleia Bk5 Bk6",
        "part of": "Pisa (Eleia)",
        "altname": "Sanctuary of Olympian Zeus in Pisatis",
        "Wikidata": "https://wikidata.org/wiki/Q38888",
        "type": [
          "hieron"
        ],
        "passages": [
          "1.28.1",
          "1.35.6",
          "1.44.1",
          "10.14.5",
          "10.37.4",
          "10.38.8",
          "10.7.5",
          "10.9.4",
          "2.11.8",
          "2.5.7",
          "2.7.2",
          "3.8.3",
          "3.8.4",
          "3.8.5",
          "4.31.6",
          "5.1.4",
          "5.1.7",
          "5.10.1",
          "5.10.3",
          "5.10.4",
          "5.10.5",
          "5.10.7",
          "5.10.9",
          "5.11.10",
          "5.11.4",
          "5.11.9",
          "5.12.4",
          "5.12.5",
          "5.12.8",
          "5.13.1",
          "5.13.10",
          "5.13.9",
          "5.14.1",
          "5.14.2",
          "5.14.4",
          "5.15.12",
          "5.15.3",
          "5.16.8",
          "5.17.5",
          "5.2.3",
          "5.2.5",
          "5.20.6",
          "5.21.16",
          "5.23.3",
          "5.23.6",
          "5.24.4",
          "5.24.6",
          "5.24.8",
          "5.25.12",
          "5.25.13",
          "5.25.4",
          "5.25.5",
          "5.25.7",
          "5.26.1",
          "5.26.4",
          "5.26.5",
          "5.26.7",
          "5.27.1",
          "5.27.2",
          "5.27.9",
          "5.4.4",
          "5.4.5",
          "5.4.6",
          "5.4.7",
          "5.4.8",
          "5.5.3",
          "5.6.1",
          "5.6.7",
          "5.6.8",
          "5.7.1",
          "5.7.10",
          "5.7.6",
          "5.7.9",
          "5.8.1",
          "5.8.2",
          "5.8.5",
          "5.8.6",
          "5.9.1",
          "5.9.4",
          "6.1.6",
          "6.10.2",
          "6.10.4",
          "6.10.8",
          "6.12.4",
          "6.12.5",
          "6.12.6",
          "6.12.7",
          "6.12.8",
          "6.13.11",
          "6.13.2",
          "6.13.3",
          "6.13.5",
          "6.13.6",
          "6.13.8",
          "6.14.1",
          "6.14.10",
          "6.14.13",
          "6.14.2",
          "6.14.3",
          "6.14.5",
          "6.15.1",
          "6.15.2",
          "6.15.3",
          "6.15.6",
          "6.15.9",
          "6.16.1",
          "6.16.4",
          "6.16.5",
          "6.16.8",
          "6.16.9",
          "6.17.2",
          "6.17.7",
          "6.18.1",
          "6.18.2",
          "6.18.7",
          "6.19.1",
          "6.19.10",
          "6.19.14",
          "6.19.4",
          "6.2.10",
          "6.2.2",
          "6.2.6",
          "6.20.14",
          "6.20.19",
          "6.20.2",
          "6.20.7",
          "6.21.2",
          "6.22.5",
          "6.22.7",
          "6.23.1",
          "6.23.6",
          "6.3.11",
          "6.3.14",
          "6.3.15",
          "6.3.2",
          "6.3.9",
          "6.4.11",
          "6.4.2",
          "6.4.5",
          "6.4.6",
          "6.4.9",
          "6.5.7",
          "6.6.1",
          "6.6.3",
          "6.6.5",
          "6.7.10",
          "6.7.3",
          "6.7.8",
          "6.8.1",
          "6.8.2",
          "6.8.3",
          "6.8.6",
          "6.9.3",
          "7.17.13",
          "7.17.14",
          "7.17.6",
          "7.23.5",
          "7.27.5",
          "7.27.6",
          "7.6.4",
          "8.1.2",
          "8.19.1",
          "8.42.9",
          "8.48.1",
          "8.48.2",
          "8.50.3",
          "8.54.3",
          "9.23.1",
          "9.7.5"
        ],
        "Manto": "https://resource.manto.unh.edu/10217933",
        "Pleiades": "https://pleiades.stoa.org/places/570531"
      }
    },
    {
      "type": "Feature",
      "geometry": {
        "type": "Point",
        "coordinates": [
          21.630126,
          37.637849
        ]
      },
      "properties": {
        "name": "Olympia",
        "region": "Eleia Bk5 Bk6",
        "part of": "Pisa (Eleia)",
        "altname": "Sanctuary of Olympian Zeus in Pisatis",
        "Wikidata": "https://wikidata.org/wiki/Q38888",
        "type": [
          "hieron"
        ],
        "passages": [
          "1.28.1",
          "1.35.6",
          "1.44.1",
          "10.14.5",
          "10.37.4",
          "10.38.8",
          "10.7.5",
          "10.9.4",
          "2.11.8",
          "2.5.7",
          "2.7.2",
          "3.8.3",
          "3.8.4",
          "3.8.5",
          "4.31.6",
          "5.1.4",
          "5.1.7",
          "5.10.1",
          "5.10.3",
          "5.10.4",
          "5.10.5",
          "5.10.7",
          "5.10.9",
          "5.11.10",
          "5.11.4",
          "5.11.9",
          "5.12.4",
          "5.12.5",
          "5.12.8",
          "5.13.1",
          "5.13.10",
          "5.13.9",
          "5.14.1",
          "5.14.2",
          "5.14.4",
          "5.15.12",
          "5.15.3",
          "5.16.8",
          "5.17.5",
          "5.2.3",
          "5.2.5",
          "5.20.6",
          "5.21.16",
          "5.23.3",
          "5.23.6",
          "5.24.4",
          "5.24.6",
          "5.24.8",
          "5.25.12",
          "5.25.13",
          "5.25.4",
          "5.25.5",
          "5.25.7",
          "5.26.1",
          "5.26.4",
          "5.26.5",
          "5.26.7",
          "5.27.1",
          "5.27.2",
          "5.27.9",
          "5.4.4",
          "5.4.5",
          "5.4.6",
          "5.4.7",
          "5.4.8",
          "5.5.3",
          "5.6.1",
          "5.6.7",
          "5.6.8",
          "5.7.1",
          "5.7.10",
          "5.7.6",
          "5.7.9",
          "5.8.1",
          "5.8.2",
          "5.8.5",
          "5.8.6",
          "5.9.1",
          "5.9.4",
          "6.1.6",
          "6.10.2",
          "6.10.4",
          "6.10.8",
          "6.12.4",
          "6.12.5",
          "6.12.6",
          "6.12.7",
          "6.12.8",
          "6.13.11",
          "6.13.2",
          "6.13.3",
          "6.13.5",
          "6.13.6",
          "6.13.8",
          "6.14.1",
          "6.14.10",
          "6.14.13",
          "6.14.2",
          "6.14.3",
          "6.14.5",
          "6.15.1",
          "6.15.2",
          "6.15.3",
          "6.15.6",
          "6.15.9",
          "6.16.1",
          "6.16.4",
          "6.16.5",
          "6.16.8",
          "6.16.9",
          "6.17.2",
          "6.17.7",
          "6.18.1",
          "6.18.2",
          "6.18.7",
          "6.19.1",
          "6.19.10",
          "6.19.14",
          "6.19.4",
          "6.2.10",
          "6.2.2",
          "6.2.6",
          "6.20.14",
          "6.20.19",
          "6.20.2",
          "6.20.7",
          "6.21.2",
          "6.22.5",
          "6.22.7",
          "6.23.1",
          "6.23.6",
          "6.3.11",
          "6.3.14",
          "6.3.15",
          "6.3.2",
          "6.3.9",
          "6.4.11",
          "6.4.2",
          "6.4.5",
          "6.4.6",
          "6.4.9",
          "6.5.7",
          "6.6.1",
          "6.6.3",
          "6.6.5",
          "6.7.10",
          "6.7.3",
          "6.7.8",
          "6.8.1",
          "6.8.2",
          "6.8.3",
          "6.8.6",
          "6.9.3",
          "7.17.13",
          "7.17.14",
          "7.17.6",
          "7.23.5",
          "7.27.5",
          "7.27.6",
          "7.6.4",
          "8.1.2",
          "8.19.1",
          "8.42.9",
          "8.48.1",
          "8.48.2",
          "8.50.3",
          "8.54.3",
          "9.23.1",
          "9.7.5"
        ],
        "Manto": "https://resource.manto.unh.edu/10217933",
        "Pleiades": "https://pleiades.stoa.org/places/570531"
      }
    },
    {
      "type": "Feature",
      "geometry": {
        "type": "Point",
        "coordinates": [
          21.630126,
          37.637849
        ]
      },
      "properties": {
        "name": "Olympia",
        "region": "Eleia Bk5 Bk6",
        "part of": "Pisa (Eleia)",
        "altname": "Sanctuary of Olympian Zeus in Pisatis",
        "Wikidata": "https://wikidata.org/wiki/Q38888",
        "type": [
          "hieron"
        ],
        "passages": [
          "1.28.1",
          "1.35.6",
          "1.44.1",
          "10.14.5",
          "10.37.4",
          "10.38.8",
          "10.7.5",
          "10.9.4",
          "2.11.8",
          "2.5.7",
          "2.7.2",
          "3.8.3",
          "3.8.4",
          "3.8.5",
          "4.31.6",
          "5.1.4",
          "5.1.7",
          "5.10.1",
          "5.10.3",
          "5.10.4",
          "5.10.5",
          "5.10.7",
          "5.10.9",
          "5.11.10",
          "5.11.4",
          "5.11.9",
          "5.12.4",
          "5.12.5",
          "5.12.8",
          "5.13.1",
          "5.13.10",
          "5.13.9",
          "5.14.1",
          "5.14.2",
          "5.14.4",
          "5.15.12",
          "5.15.3",
          "5.16.8",
          "5.17.5",
          "5.2.3",
          "5.2.5",
          "5.20.6",
          "5.21.16",
          "5.23.3",
          "5.23.6",
          "5.24.4",
          "5.24.6",
          "5.24.8",
          "5.25.12",
          "5.25.13",
          "5.25.4",
          "5.25.5",
          "5.25.7",
          "5.26.1",
          "5.26.4",
          "5.26.5",
          "5.26.7",
          "5.27.1",
          "5.27.2",
          "5.27.9",
          "5.4.4",
          "5.4.5",
          "5.4.6",
          "5.4.7",
          "5.4.8",
          "5.5.3",
          "5.6.1",
          "5.6.7",
          "5.6.8",
          "5.7.1",
          "5.7.10",
          "5.7.6",
          "5.7.9",
          "5.8.1",
          "5.8.2",
          "5.8.5",
          "5.8.6",
          "5.9.1",
          "5.9.4",
          "6.1.6",
          "6.10.2",
          "6.10.4",
          "6.10.8",
          "6.12.4",
          "6.12.5",
          "6.12.6",
          "6.12.7",
          "6.12.8",
          "6.13.11",
          "6.13.2",
          "6.13.3",
          "6.13.5",
          "6.13.6",
          "6.13.8",
          "6.14.1",
          "6.14.10",
          "6.14.13",
          "6.14.2",
          "6.14.3",
          "6.14.5",
          "6.15.1",
          "6.15.2",
          "6.15.3",
          "6.15.6",
          "6.15.9",
          "6.16.1",
          "6.16.4",
          "6.16.5",
          "6.16.8",
          "6.16.9",
          "6.17.2",
          "6.17.7",
          "6.18.1",
          "6.18.2",
          "6.18.7",
          "6.19.1",
          "6.19.10",
          "6.19.14",
          "6.19.4",
          "6.2.10",
          "6.2.2",
          "6.2.6",
          "6.20.14",
          "6.20.19",
          "6.20.2",
          "6.20.7",
          "6.21.2",
          "6.22.5",
          "6.22.7",
          "6.23.1",
          "6.23.6",
          "6.3.11",
          "6.3.14",
          "6.3.15",
          "6.3.2",
          "6.3.9",
          "6.4.11",
          "6.4.2",
          "6.4.5",
          "6.4.6",
          "6.4.9",
          "6.5.7",
          "6.6.1",
          "6.6.3",
          "6.6.5",
          "6.7.10",
          "6.7.3",
          "6.7.8",
          "6.8.1",
          "6.8.2",
          "6.8.3",
          "6.8.6",
          "6.9.3",
          "7.17.13",
          "7.17.14",
          "7.17.6",
          "7.23.5",
          "7.27.5",
          "7.27.6",
          "7.6.4",
          "8.1.2",
          "8.19.1",
          "8.42.9",
          "8.48.1",
          "8.48.2",
          "8.50.3",
          "8.54.3",
          "9.23.1",
          "9.7.5"
        ],
        "Manto": "https://resource.manto.unh.edu/10217933",
        "Pleiades": "https://pleiades.stoa.org/places/570531"
      }
    },
    {
      "type": "Feature",
      "geometry": {
        "type": "Point",
        "coordinates": [
          21.630126,
          37.637849
        ]
      },
      "properties": {
        "name": "Olympia",
        "region": "Eleia Bk5 Bk6",
        "part of": "Pisa (Eleia)",
        "altname": "Sanctuary of Olympian Zeus in Pisatis",
        "Wikidata": "https://wikidata.org/wiki/Q38888",
        "type": [
          "hieron"
        ],
        "passages": [
          "1.28.1",
          "1.35.6",
          "1.44.1",
          "10.14.5",
          "10.37.4",
          "10.38.8",
          "10.7.5",
          "10.9.4",
          "2.11.8",
          "2.5.7",
          "2.7.2",
          "3.8.3",
          "3.8.4",
          "3.8.5",
          "4.31.6",
          "5.1.4",
          "5.1.7",
          "5.10.1",
          "5.10.3",
          "5.10.4",
          "5.10.5",
          "5.10.7",
          "5.10.9",
          "5.11.10",
          "5.11.4",
          "5.11.9",
          "5.12.4",
          "5.12.5",
          "5.12.8",
          "5.13.1",
          "5.13.10",
          "5.13.9",
          "5.14.1",
          "5.14.2",
          "5.14.4",
          "5.15.12",
          "5.15.3",
          "5.16.8",
          "5.17.5",
          "5.2.3",
          "5.2.5",
          "5.20.6",
          "5.21.16",
          "5.23.3",
          "5.23.6",
          "5.24.4",
          "5.24.6",
          "5.24.8",
          "5.25.12",
          "5.25.13",
          "5.25.4",
          "5.25.5",
          "5.25.7",
          "5.26.1",
          "5.26.4",
          "5.26.5",
          "5.26.7",
          "5.27.1",
          "5.27.2",
          "5.27.9",
          "5.4.4",
          "5.4.5",
          "5.4.6",
          "5.4.7",
          "5.4.8",
          "5.5.3",
          "5.6.1",
          "5.6.7",
          "5.6.8",
          "5.7.1",
          "5.7.10",
          "5.7.6",
          "5.7.9",
          "5.8.1",
          "5.8.2",
          "5.8.5",
          "5.8.6",
          "5.9.1",
          "5.9.4",
          "6.1.6",
          "6.10.2",
          "6.10.4",
          "6.10.8",
          "6.12.4",
          "6.12.5",
          "6.12.6",
          "6.12.7",
          "6.12.8",
          "6.13.11",
          "6.13.2",
          "6.13.3",
          "6.13.5",
          "6.13.6",
          "6.13.8",
          "6.14.1",
          "6.14.10",
          "6.14.13",
          "6.14.2",
          "6.14.3",
          "6.14.5",
          "6.15.1",
          "6.15.2",
          "6.15.3",
          "6.15.6",
          "6.15.9",
          "6.16.1",
          "6.16.4",
          "6.16.5",
          "6.16.8",
          "6.16.9",
          "6.17.2",
          "6.17.7",
          "6.18.1",
          "6.18.2",
          "6.18.7",
          "6.19.1",
          "6.19.10",
          "6.19.14",
          "6.19.4",
          "6.2.10",
          "6.2.2",
          "6.2.6",
          "6.20.14",
          "6.20.19",
          "6.20.2",
          "6.20.7",
          "6.21.2",
          "6.22.5",
          "6.22.7",
          "6.23.1",
          "6.23.6",
          "6.3.11",
          "6.3.14",
          "6.3.15",
          "6.3.2",
          "6.3.9",
          "6.4.11",
          "6.4.2",
          "6.4.5",
          "6.4.6",
          "6.4.9",
          "6.5.7",
          "6.6.1",
          "6.6.3",
          "6.6.5",
          "6.7.10",
          "6.7.3",
          "6.7.8",
          "6.8.1",
          "6.8.2",
          "6.8.3",
          "6.8.6",
          "6.9.3",
          "7.17.13",
          "7.17.14",
          "7.17.6",
          "7.23.5",
          "7.27.5",
          "7.27.6",
          "7.6.4",
          "8.1.2",
          "8.19.1",
          "8.42.9",
          "8.48.1",
          "8.48.2",
          "8.50.3",
          "8.54.3",
          "9.23.1",
          "9.7.5"
        ],
        "Manto": "https://resource.manto.unh.edu/10217933",
        "Pleiades": "https://pleiades.stoa.org/places/570531"
      }
    },
    {
      "type": "Feature",
      "geometry": {
        "type": "Point",
        "coordinates": [
          21.630126,
          37.637849
        ]
      },
      "properties": {
        "name": "Olympia",
        "region": "Eleia Bk5 Bk6",
        "part of": "Pisa (Eleia)",
        "altname": "Sanctuary of Olympian Zeus in Pisatis",
        "Wikidata": "https://wikidata.org/wiki/Q38888",
        "type": [
          "hieron"
        ],
        "passages": [
          "1.28.1",
          "1.35.6",
          "1.44.1",
          "10.14.5",
          "10.37.4",
          "10.38.8",
          "10.7.5",
          "10.9.4",
          "2.11.8",
          "2.5.7",
          "2.7.2",
          "3.8.3",
          "3.8.4",
          "3.8.5",
          "4.31.6",
          "5.1.4",
          "5.1.7",
          "5.10.1",
          "5.10.3",
          "5.10.4",
          "5.10.5",
          "5.10.7",
          "5.10.9",
          "5.11.10",
          "5.11.4",
          "5.11.9",
          "5.12.4",
          "5.12.5",
          "5.12.8",
          "5.13.1",
          "5.13.10",
          "5.13.9",
          "5.14.1",
          "5.14.2",
          "5.14.4",
          "5.15.12",
          "5.15.3",
          "5.16.8",
          "5.17.5",
          "5.2.3",
          "5.2.5",
          "5.20.6",
          "5.21.16",
          "5.23.3",
          "5.23.6",
          "5.24.4",
          "5.24.6",
          "5.24.8",
          "5.25.12",
          "5.25.13",
          "5.25.4",
          "5.25.5",
          "5.25.7",
          "5.26.1",
          "5.26.4",
          "5.26.5",
          "5.26.7",
          "5.27.1",
          "5.27.2",
          "5.27.9",
          "5.4.4",
          "5.4.5",
          "5.4.6",
          "5.4.7",
          "5.4.8",
          "5.5.3",
          "5.6.1",
          "5.6.7",
          "5.6.8",
          "5.7.1",
          "5.7.10",
          "5.7.6",
          "5.7.9",
          "5.8.1",
          "5.8.2",
          "5.8.5",
          "5.8.6",
          "5.9.1",
          "5.9.4",
          "6.1.6",
          "6.10.2",
          "6.10.4",
          "6.10.8",
          "6.12.4",
          "6.12.5",
          "6.12.6",
          "6.12.7",
          "6.12.8",
          "6.13.11",
          "6.13.2",
          "6.13.3",
          "6.13.5",
          "6.13.6",
          "6.13.8",
          "6.14.1",
          "6.14.10",
          "6.14.13",
          "6.14.2",
          "6.14.3",
          "6.14.5",
          "6.15.1",
          "6.15.2",
          "6.15.3",
          "6.15.6",
          "6.15.9",
          "6.16.1",
          "6.16.4",
          "6.16.5",
          "6.16.8",
          "6.16.9",
          "6.17.2",
          "6.17.7",
          "6.18.1",
          "6.18.2",
          "6.18.7",
          "6.19.1",
          "6.19.10",
          "6.19.14",
          "6.19.4",
          "6.2.10",
          "6.2.2",
          "6.2.6",
          "6.20.14",
          "6.20.19",
          "6.20.2",
          "6.20.7",
          "6.21.2",
          "6.22.5",
          "6.22.7",
          "6.23.1",
          "6.23.6",
          "6.3.11",
          "6.3.14",
          "6.3.15",
          "6.3.2",
          "6.3.9",
          "6.4.11",
          "6.4.2",
          "6.4.5",
          "6.4.6",
          "6.4.9",
          "6.5.7",
          "6.6.1",
          "6.6.3",
          "6.6.5",
          "6.7.10",
          "6.7.3",
          "6.7.8",
          "6.8.1",
          "6.8.2",
          "6.8.3",
          "6.8.6",
          "6.9.3",
          "7.17.13",
          "7.17.14",
          "7.17.6",
          "7.23.5",
          "7.27.5",
          "7.27.6",
          "7.6.4",
          "8.1.2",
          "8.19.1",
          "8.42.9",
          "8.48.1",
          "8.48.2",
          "8.50.3",
          "8.54.3",
          "9.23.1",
          "9.7.5"
        ],
        "Manto": "https://resource.manto.unh.edu/10217933",
        "Pleiades": "https://pleiades.stoa.org/places/570531"
      }
    },
    {
      "type": "Feature",
      "geometry": {
        "type": "Point",
        "coordinates": [
          21.630126,
          37.637849
        ]
      },
      "properties": {
        "name": "Olympia",
        "region": "Eleia Bk5 Bk6",
        "part of": "Pisa (Eleia)",
        "altname": "Sanctuary of Olympian Zeus in Pisatis",
        "Wikidata": "https://wikidata.org/wiki/Q38888",
        "type": [
          "hieron"
        ],
        "passages": [
          "1.28.1",
          "1.35.6",
          "1.44.1",
          "10.14.5",
          "10.37.4",
          "10.38.8",
          "10.7.5",
          "10.9.4",
          "2.11.8",
          "2.5.7",
          "2.7.2",
          "3.8.3",
          "3.8.4",
          "3.8.5",
          "4.31.6",
          "5.1.4",
          "5.1.7",
          "5.10.1",
          "5.10.3",
          "5.10.4",
          "5.10.5",
          "5.10.7",
          "5.10.9",
          "5.11.10",
          "5.11.4",
          "5.11.9",
          "5.12.4",
          "5.12.5",
          "5.12.8",
          "5.13.1",
          "5.13.10",
          "5.13.9",
          "5.14.1",
          "5.14.2",
          "5.14.4",
          "5.15.12",
          "5.15.3",
          "5.16.8",
          "5.17.5",
          "5.2.3",
          "5.2.5",
          "5.20.6",
          "5.21.16",
          "5.23.3",
          "5.23.6",
          "5.24.4",
          "5.24.6",
          "5.24.8",
          "5.25.12",
          "5.25.13",
          "5.25.4",
          "5.25.5",
          "5.25.7",
          "5.26.1",
          "5.26.4",
          "5.26.5",
          "5.26.7",
          "5.27.1",
          "5.27.2",
          "5.27.9",
          "5.4.4",
          "5.4.5",
          "5.4.6",
          "5.4.7",
          "5.4.8",
          "5.5.3",
          "5.6.1",
          "5.6.7",
          "5.6.8",
          "5.7.1",
          "5.7.10",
          "5.7.6",
          "5.7.9",
          "5.8.1",
          "5.8.2",
          "5.8.5",
          "5.8.6",
          "5.9.1",
          "5.9.4",
          "6.1.6",
          "6.10.2",
          "6.10.4",
          "6.10.8",
          "6.12.4",
          "6.12.5",
          "6.12.6",
          "6.12.7",
          "6.12.8",
          "6.13.11",
          "6.13.2",
          "6.13.3",
          "6.13.5",
          "6.13.6",
          "6.13.8",
          "6.14.1",
          "6.14.10",
          "6.14.13",
          "6.14.2",
          "6.14.3",
          "6.14.5",
          "6.15.1",
          "6.15.2",
          "6.15.3",
          "6.15.6",
          "6.15.9",
          "6.16.1",
          "6.16.4",
          "6.16.5",
          "6.16.8",
          "6.16.9",
          "6.17.2",
          "6.17.7",
          "6.18.1",
          "6.18.2",
          "6.18.7",
          "6.19.1",
          "6.19.10",
          "6.19.14",
          "6.19.4",
          "6.2.10",
          "6.2.2",
          "6.2.6",
          "6.20.14",
          "6.20.19",
          "6.20.2",
          "6.20.7",
          "6.21.2",
          "6.22.5",
          "6.22.7",
          "6.23.1",
          "6.23.6",
          "6.3.11",
          "6.3.14",
          "6.3.15",
          "6.3.2",
          "6.3.9",
          "6.4.11",
          "6.4.2",
          "6.4.5",
          "6.4.6",
          "6.4.9",
          "6.5.7",
          "6.6.1",
          "6.6.3",
          "6.6.5",
          "6.7.10",
          "6.7.3",
          "6.7.8",
          "6.8.1",
          "6.8.2",
          "6.8.3",
          "6.8.6",
          "6.9.3",
          "7.17.13",
          "7.17.14",
          "7.17.6",
          "7.23.5",
          "7.27.5",
          "7.27.6",
          "7.6.4",
          "8.1.2",
          "8.19.1",
          "8.42.9",
          "8.48.1",
          "8.48.2",
          "8.50.3",
          "8.54.3",
          "9.23.1",
          "9.7.5"
        ],
        "Manto": "https://resource.manto.unh.edu/10217933",
        "Pleiades": "https://pleiades.stoa.org/places/570531"
      }
    },
    {
      "type": "Feature",
      "geometry": {
        "type": "Point",
        "coordinates": [
          21.630126,
          37.637849
        ]
      },
      "properties": {
        "name": "Olympia",
        "region": "Eleia Bk5 Bk6",
        "part of": "Pisa (Eleia)",
        "altname": "Sanctuary of Olympian Zeus in Pisatis",
        "Wikidata": "https://wikidata.org/wiki/Q38888",
        "type": [
          "hieron"
        ],
        "passages": [
          "1.28.1",
          "1.35.6",
          "1.44.1",
          "10.14.5",
          "10.37.4",
          "10.38.8",
          "10.7.5",
          "10.9.4",
          "2.11.8",
          "2.5.7",
          "2.7.2",
          "3.8.3",
          "3.8.4",
          "3.8.5",
          "4.31.6",
          "5.1.4",
          "5.1.7",
          "5.10.1",
          "5.10.3",
          "5.10.4",
          "5.10.5",
          "5.10.7",
          "5.10.9",
          "5.11.10",
          "5.11.4",
          "5.11.9",
          "5.12.4",
          "5.12.5",
          "5.12.8",
          "5.13.1",
          "5.13.10",
          "5.13.9",
          "5.14.1",
          "5.14.2",
          "5.14.4",
          "5.15.12",
          "5.15.3",
          "5.16.8",
          "5.17.5",
          "5.2.3",
          "5.2.5",
          "5.20.6",
          "5.21.16",
          "5.23.3",
          "5.23.6",
          "5.24.4",
          "5.24.6",
          "5.24.8",
          "5.25.12",
          "5.25.13",
          "5.25.4",
          "5.25.5",
          "5.25.7",
          "5.26.1",
          "5.26.4",
          "5.26.5",
          "5.26.7",
          "5.27.1",
          "5.27.2",
          "5.27.9",
          "5.4.4",
          "5.4.5",
          "5.4.6",
          "5.4.7",
          "5.4.8",
          "5.5.3",
          "5.6.1",
          "5.6.7",
          "5.6.8",
          "5.7.1",
          "5.7.10",
          "5.7.6",
          "5.7.9",
          "5.8.1",
          "5.8.2",
          "5.8.5",
          "5.8.6",
          "5.9.1",
          "5.9.4",
          "6.1.6",
          "6.10.2",
          "6.10.4",
          "6.10.8",
          "6.12.4",
          "6.12.5",
          "6.12.6",
          "6.12.7",
          "6.12.8",
          "6.13.11",
          "6.13.2",
          "6.13.3",
          "6.13.5",
          "6.13.6",
          "6.13.8",
          "6.14.1",
          "6.14.10",
          "6.14.13",
          "6.14.2",
          "6.14.3",
          "6.14.5",
          "6.15.1",
          "6.15.2",
          "6.15.3",
          "6.15.6",
          "6.15.9",
          "6.16.1",
          "6.16.4",
          "6.16.5",
          "6.16.8",
          "6.16.9",
          "6.17.2",
          "6.17.7",
          "6.18.1",
          "6.18.2",
          "6.18.7",
          "6.19.1",
          "6.19.10",
          "6.19.14",
          "6.19.4",
          "6.2.10",
          "6.2.2",
          "6.2.6",
          "6.20.14",
          "6.20.19",
          "6.20.2",
          "6.20.7",
          "6.21.2",
          "6.22.5",
          "6.22.7",
          "6.23.1",
          "6.23.6",
          "6.3.11",
          "6.3.14",
          "6.3.15",
          "6.3.2",
          "6.3.9",
          "6.4.11",
          "6.4.2",
          "6.4.5",
          "6.4.6",
          "6.4.9",
          "6.5.7",
          "6.6.1",
          "6.6.3",
          "6.6.5",
          "6.7.10",
          "6.7.3",
          "6.7.8",
          "6.8.1",
          "6.8.2",
          "6.8.3",
          "6.8.6",
          "6.9.3",
          "7.17.13",
          "7.17.14",
          "7.17.6",
          "7.23.5",
          "7.27.5",
          "7.27.6",
          "7.6.4",
          "8.1.2",
          "8.19.1",
          "8.42.9",
          "8.48.1",
          "8.48.2",
          "8.50.3",
          "8.54.3",
          "9.23.1",
          "9.7.5"
        ],
        "Manto": "https://resource.manto.unh.edu/10217933",
        "Pleiades": "https://pleiades.stoa.org/places/570531"
      }
    },
    {
      "type": "Feature",
      "geometry": {
        "type": "Point",
        "coordinates": [
          21.630126,
          37.637849
        ]
      },
      "properties": {
        "name": "Olympia",
        "region": "Eleia Bk5 Bk6",
        "part of": "Pisa (Eleia)",
        "altname": "Sanctuary of Olympian Zeus in Pisatis",
        "Wikidata": "https://wikidata.org/wiki/Q38888",
        "type": [
          "hieron"
        ],
        "passages": [
          "1.28.1",
          "1.35.6",
          "1.44.1",
          "10.14.5",
          "10.37.4",
          "10.38.8",
          "10.7.5",
          "10.9.4",
          "2.11.8",
          "2.5.7",
          "2.7.2",
          "3.8.3",
          "3.8.4",
          "3.8.5",
          "4.31.6",
          "5.1.4",
          "5.1.7",
          "5.10.1",
          "5.10.3",
          "5.10.4",
          "5.10.5",
          "5.10.7",
          "5.10.9",
          "5.11.10",
          "5.11.4",
          "5.11.9",
          "5.12.4",
          "5.12.5",
          "5.12.8",
          "5.13.1",
          "5.13.10",
          "5.13.9",
          "5.14.1",
          "5.14.2",
          "5.14.4",
          "5.15.12",
          "5.15.3",
          "5.16.8",
          "5.17.5",
          "5.2.3",
          "5.2.5",
          "5.20.6",
          "5.21.16",
          "5.23.3",
          "5.23.6",
          "5.24.4",
          "5.24.6",
          "5.24.8",
          "5.25.12",
          "5.25.13",
          "5.25.4",
          "5.25.5",
          "5.25.7",
          "5.26.1",
          "5.26.4",
          "5.26.5",
          "5.26.7",
          "5.27.1",
          "5.27.2",
          "5.27.9",
          "5.4.4",
          "5.4.5",
          "5.4.6",
          "5.4.7",
          "5.4.8",
          "5.5.3",
          "5.6.1",
          "5.6.7",
          "5.6.8",
          "5.7.1",
          "5.7.10",
          "5.7.6",
          "5.7.9",
          "5.8.1",
          "5.8.2",
          "5.8.5",
          "5.8.6",
          "5.9.1",
          "5.9.4",
          "6.1.6",
          "6.10.2",
          "6.10.4",
          "6.10.8",
          "6.12.4",
          "6.12.5",
          "6.12.6",
          "6.12.7",
          "6.12.8",
          "6.13.11",
          "6.13.2",
          "6.13.3",
          "6.13.5",
          "6.13.6",
          "6.13.8",
          "6.14.1",
          "6.14.10",
          "6.14.13",
          "6.14.2",
          "6.14.3",
          "6.14.5",
          "6.15.1",
          "6.15.2",
          "6.15.3",
          "6.15.6",
          "6.15.9",
          "6.16.1",
          "6.16.4",
          "6.16.5",
          "6.16.8",
          "6.16.9",
          "6.17.2",
          "6.17.7",
          "6.18.1",
          "6.18.2",
          "6.18.7",
          "6.19.1",
          "6.19.10",
          "6.19.14",
          "6.19.4",
          "6.2.10",
          "6.2.2",
          "6.2.6",
          "6.20.14",
          "6.20.19",
          "6.20.2",
          "6.20.7",
          "6.21.2",
          "6.22.5",
          "6.22.7",
          "6.23.1",
          "6.23.6",
          "6.3.11",
          "6.3.14",
          "6.3.15",
          "6.3.2",
          "6.3.9",
          "6.4.11",
          "6.4.2",
          "6.4.5",
          "6.4.6",
          "6.4.9",
          "6.5.7",
          "6.6.1",
          "6.6.3",
          "6.6.5",
          "6.7.10",
          "6.7.3",
          "6.7.8",
          "6.8.1",
          "6.8.2",
          "6.8.3",
          "6.8.6",
          "6.9.3",
          "7.17.13",
          "7.17.14",
          "7.17.6",
          "7.23.5",
          "7.27.5",
          "7.27.6",
          "7.6.4",
          "8.1.2",
          "8.19.1",
          "8.42.9",
          "8.48.1",
          "8.48.2",
          "8.50.3",
          "8.54.3",
          "9.23.1",
          "9.7.5"
        ],
        "Manto": "https://resource.manto.unh.edu/10217933",
        "Pleiades": "https://pleiades.stoa.org/places/570531"
      }
    },
    {
      "type": "Feature",
      "geometry": {
        "type": "Point",
        "coordinates": [
          21.630126,
          37.637849
        ]
      },
      "properties": {
        "name": "Olympia",
        "region": "Eleia Bk5 Bk6",
        "part of": "Pisa (Eleia)",
        "altname": "Sanctuary of Olympian Zeus in Pisatis",
        "Wikidata": "https://wikidata.org/wiki/Q38888",
        "type": [
          "hieron"
        ],
        "passages": [
          "1.28.1",
          "1.35.6",
          "1.44.1",
          "10.14.5",
          "10.37.4",
          "10.38.8",
          "10.7.5",
          "10.9.4",
          "2.11.8",
          "2.5.7",
          "2.7.2",
          "3.8.3",
          "3.8.4",
          "3.8.5",
          "4.31.6",
          "5.1.4",
          "5.1.7",
          "5.10.1",
          "5.10.3",
          "5.10.4",
          "5.10.5",
          "5.10.7",
          "5.10.9",
          "5.11.10",
          "5.11.4",
          "5.11.9",
          "5.12.4",
          "5.12.5",
          "5.12.8",
          "5.13.1",
          "5.13.10",
          "5.13.9",
          "5.14.1",
          "5.14.2",
          "5.14.4",
          "5.15.12",
          "5.15.3",
          "5.16.8",
          "5.17.5",
          "5.2.3",
          "5.2.5",
          "5.20.6",
          "5.21.16",
          "5.23.3",
          "5.23.6",
          "5.24.4",
          "5.24.6",
          "5.24.8",
          "5.25.12",
          "5.25.13",
          "5.25.4",
          "5.25.5",
          "5.25.7",
          "5.26.1",
          "5.26.4",
          "5.26.5",
          "5.26.7",
          "5.27.1",
          "5.27.2",
          "5.27.9",
          "5.4.4",
          "5.4.5",
          "5.4.6",
          "5.4.7",
          "5.4.8",
          "5.5.3",
          "5.6.1",
          "5.6.7",
          "5.6.8",
          "5.7.1",
          "5.7.10",
          "5.7.6",
          "5.7.9",
          "5.8.1",
          "5.8.2",
          "5.8.5",
          "5.8.6",
          "5.9.1",
          "5.9.4",
          "6.1.6",
          "6.10.2",
          "6.10.4",
          "6.10.8",
          "6.12.4",
          "6.12.5",
          "6.12.6",
          "6.12.7",
          "6.12.8",
          "6.13.11",
          "6.13.2",
          "6.13.3",
          "6.13.5",
          "6.13.6",
          "6.13.8",
          "6.14.1",
          "6.14.10",
          "6.14.13",
          "6.14.2",
          "6.14.3",
          "6.14.5",
          "6.15.1",
          "6.15.2",
          "6.15.3",
          "6.15.6",
          "6.15.9",
          "6.16.1",
          "6.16.4",
          "6.16.5",
          "6.16.8",
          "6.16.9",
          "6.17.2",
          "6.17.7",
          "6.18.1",
          "6.18.2",
          "6.18.7",
          "6.19.1",
          "6.19.10",
          "6.19.14",
          "6.19.4",
          "6.2.10",
          "6.2.2",
          "6.2.6",
          "6.20.14",
          "6.20.19",
          "6.20.2",
          "6.20.7",
          "6.21.2",
          "6.22.5",
          "6.22.7",
          "6.23.1",
          "6.23.6",
          "6.3.11",
          "6.3.14",
          "6.3.15",
          "6.3.2",
          "6.3.9",
          "6.4.11",
          "6.4.2",
          "6.4.5",
          "6.4.6",
          "6.4.9",
          "6.5.7",
          "6.6.1",
          "6.6.3",
          "6.6.5",
          "6.7.10",
          "6.7.3",
          "6.7.8",
          "6.8.1",
          "6.8.2",
          "6.8.3",
          "6.8.6",
          "6.9.3",
          "7.17.13",
          "7.17.14",
          "7.17.6",
          "7.23.5",
          "7.27.5",
          "7.27.6",
          "7.6.4",
          "8.1.2",
          "8.19.1",
          "8.42.9",
          "8.48.1",
          "8.48.2",
          "8.50.3",
          "8.54.3",
          "9.23.1",
          "9.7.5"
        ],
        "Manto": "https://resource.manto.unh.edu/10217933",
        "Pleiades": "https://pleiades.stoa.org/places/570531"
      }
    },
    {
      "type": "Feature",
      "geometry": {
        "type": "Point",
        "coordinates": [
          21.630126,
          37.637849
        ]
      },
      "properties": {
        "name": "Olympia",
        "region": "Eleia Bk5 Bk6",
        "part of": "Pisa (Eleia)",
        "altname": "Sanctuary of Olympian Zeus in Pisatis",
        "Wikidata": "https://wikidata.org/wiki/Q38888",
        "type": [
          "hieron"
        ],
        "passages": [
          "1.28.1",
          "1.35.6",
          "1.44.1",
          "10.14.5",
          "10.37.4",
          "10.38.8",
          "10.7.5",
          "10.9.4",
          "2.11.8",
          "2.5.7",
          "2.7.2",
          "3.8.3",
          "3.8.4",
          "3.8.5",
          "4.31.6",
          "5.1.4",
          "5.1.7",
          "5.10.1",
          "5.10.3",
          "5.10.4",
          "5.10.5",
          "5.10.7",
          "5.10.9",
          "5.11.10",
          "5.11.4",
          "5.11.9",
          "5.12.4",
          "5.12.5",
          "5.12.8",
          "5.13.1",
          "5.13.10",
          "5.13.9",
          "5.14.1",
          "5.14.2",
          "5.14.4",
          "5.15.12",
          "5.15.3",
          "5.16.8",
          "5.17.5",
          "5.2.3",
          "5.2.5",
          "5.20.6",
          "5.21.16",
          "5.23.3",
          "5.23.6",
          "5.24.4",
          "5.24.6",
          "5.24.8",
          "5.25.12",
          "5.25.13",
          "5.25.4",
          "5.25.5",
          "5.25.7",
          "5.26.1",
          "5.26.4",
          "5.26.5",
          "5.26.7",
          "5.27.1",
          "5.27.2",
          "5.27.9",
          "5.4.4",
          "5.4.5",
          "5.4.6",
          "5.4.7",
          "5.4.8",
          "5.5.3",
          "5.6.1",
          "5.6.7",
          "5.6.8",
          "5.7.1",
          "5.7.10",
          "5.7.6",
          "5.7.9",
          "5.8.1",
          "5.8.2",
          "5.8.5",
          "5.8.6",
          "5.9.1",
          "5.9.4",
          "6.1.6",
          "6.10.2",
          "6.10.4",
          "6.10.8",
          "6.12.4",
          "6.12.5",
          "6.12.6",
          "6.12.7",
          "6.12.8",
          "6.13.11",
          "6.13.2",
          "6.13.3",
          "6.13.5",
          "6.13.6",
          "6.13.8",
          "6.14.1",
          "6.14.10",
          "6.14.13",
          "6.14.2",
          "6.14.3",
          "6.14.5",
          "6.15.1",
          "6.15.2",
          "6.15.3",
          "6.15.6",
          "6.15.9",
          "6.16.1",
          "6.16.4",
          "6.16.5",
          "6.16.8",
          "6.16.9",
          "6.17.2",
          "6.17.7",
          "6.18.1",
          "6.18.2",
          "6.18.7",
          "6.19.1",
          "6.19.10",
          "6.19.14",
          "6.19.4",
          "6.2.10",
          "6.2.2",
          "6.2.6",
          "6.20.14",
          "6.20.19",
          "6.20.2",
          "6.20.7",
          "6.21.2",
          "6.22.5",
          "6.22.7",
          "6.23.1",
          "6.23.6",
          "6.3.11",
          "6.3.14",
          "6.3.15",
          "6.3.2",
          "6.3.9",
          "6.4.11",
          "6.4.2",
          "6.4.5",
          "6.4.6",
          "6.4.9",
          "6.5.7",
          "6.6.1",
          "6.6.3",
          "6.6.5",
          "6.7.10",
          "6.7.3",
          "6.7.8",
          "6.8.1",
          "6.8.2",
          "6.8.3",
          "6.8.6",
          "6.9.3",
          "7.17.13",
          "7.17.14",
          "7.17.6",
          "7.23.5",
          "7.27.5",
          "7.27.6",
          "7.6.4",
          "8.1.2",
          "8.19.1",
          "8.42.9",
          "8.48.1",
          "8.48.2",
          "8.50.3",
          "8.54.3",
          "9.23.1",
          "9.7.5"
        ],
        "Manto": "https://resource.manto.unh.edu/10217933",
        "Pleiades": "https://pleiades.stoa.org/places/570531"
      }
    },
    {
      "type": "Feature",
      "geometry": {
        "type": "Point",
        "coordinates": [
          21.630126,
          37.637849
        ]
      },
      "properties": {
        "name": "Olympia",
        "region": "Eleia Bk5 Bk6",
        "part of": "Pisa (Eleia)",
        "altname": "Sanctuary of Olympian Zeus in Pisatis",
        "Wikidata": "https://wikidata.org/wiki/Q38888",
        "type": [
          "hieron"
        ],
        "passages": [
          "1.28.1",
          "1.35.6",
          "1.44.1",
          "10.14.5",
          "10.37.4",
          "10.38.8",
          "10.7.5",
          "10.9.4",
          "2.11.8",
          "2.5.7",
          "2.7.2",
          "3.8.3",
          "3.8.4",
          "3.8.5",
          "4.31.6",
          "5.1.4",
          "5.1.7",
          "5.10.1",
          "5.10.3",
          "5.10.4",
          "5.10.5",
          "5.10.7",
          "5.10.9",
          "5.11.10",
          "5.11.4",
          "5.11.9",
          "5.12.4",
          "5.12.5",
          "5.12.8",
          "5.13.1",
          "5.13.10",
          "5.13.9",
          "5.14.1",
          "5.14.2",
          "5.14.4",
          "5.15.12",
          "5.15.3",
          "5.16.8",
          "5.17.5",
          "5.2.3",
          "5.2.5",
          "5.20.6",
          "5.21.16",
          "5.23.3",
          "5.23.6",
          "5.24.4",
          "5.24.6",
          "5.24.8",
          "5.25.12",
          "5.25.13",
          "5.25.4",
          "5.25.5",
          "5.25.7",
          "5.26.1",
          "5.26.4",
          "5.26.5",
          "5.26.7",
          "5.27.1",
          "5.27.2",
          "5.27.9",
          "5.4.4",
          "5.4.5",
          "5.4.6",
          "5.4.7",
          "5.4.8",
          "5.5.3",
          "5.6.1",
          "5.6.7",
          "5.6.8",
          "5.7.1",
          "5.7.10",
          "5.7.6",
          "5.7.9",
          "5.8.1",
          "5.8.2",
          "5.8.5",
          "5.8.6",
          "5.9.1",
          "5.9.4",
          "6.1.6",
          "6.10.2",
          "6.10.4",
          "6.10.8",
          "6.12.4",
          "6.12.5",
          "6.12.6",
          "6.12.7",
          "6.12.8",
          "6.13.11",
          "6.13.2",
          "6.13.3",
          "6.13.5",
          "6.13.6",
          "6.13.8",
          "6.14.1",
          "6.14.10",
          "6.14.13",
          "6.14.2",
          "6.14.3",
          "6.14.5",
          "6.15.1",
          "6.15.2",
          "6.15.3",
          "6.15.6",
          "6.15.9",
          "6.16.1",
          "6.16.4",
          "6.16.5",
          "6.16.8",
          "6.16.9",
          "6.17.2",
          "6.17.7",
          "6.18.1",
          "6.18.2",
          "6.18.7",
          "6.19.1",
          "6.19.10",
          "6.19.14",
          "6.19.4",
          "6.2.10",
          "6.2.2",
          "6.2.6",
          "6.20.14",
          "6.20.19",
          "6.20.2",
          "6.20.7",
          "6.21.2",
          "6.22.5",
          "6.22.7",
          "6.23.1",
          "6.23.6",
          "6.3.11",
          "6.3.14",
          "6.3.15",
          "6.3.2",
          "6.3.9",
          "6.4.11",
          "6.4.2",
          "6.4.5",
          "6.4.6",
          "6.4.9",
          "6.5.7",
          "6.6.1",
          "6.6.3",
          "6.6.5",
          "6.7.10",
          "6.7.3",
          "6.7.8",
          "6.8.1",
          "6.8.2",
          "6.8.3",
          "6.8.6",
          "6.9.3",
          "7.17.13",
          "7.17.14",
          "7.17.6",
          "7.23.5",
          "7.27.5",
          "7.27.6",
          "7.6.4",
          "8.1.2",
          "8.19.1",
          "8.42.9",
          "8.48.1",
          "8.48.2",
          "8.50.3",
          "8.54.3",
          "9.23.1",
          "9.7.5"
        ],
        "Manto": "https://resource.manto.unh.edu/10217933",
        "Pleiades": "https://pleiades.stoa.org/places/570531"
      }
    },
    {
      "type": "Feature",
      "geometry": {
        "type": "Point",
        "coordinates": [
          21.630126,
          37.637849
        ]
      },
      "properties": {
        "name": "Olympia",
        "region": "Eleia Bk5 Bk6",
        "part of": "Pisa (Eleia)",
        "altname": "Sanctuary of Olympian Zeus in Pisatis",
        "Wikidata": "https://wikidata.org/wiki/Q38888",
        "type": [
          "hieron"
        ],
        "passages": [
          "1.28.1",
          "1.35.6",
          "1.44.1",
          "10.14.5",
          "10.37.4",
          "10.38.8",
          "10.7.5",
          "10.9.4",
          "2.11.8",
          "2.5.7",
          "2.7.2",
          "3.8.3",
          "3.8.4",
          "3.8.5",
          "4.31.6",
          "5.1.4",
          "5.1.7",
          "5.10.1",
          "5.10.3",
          "5.10.4",
          "5.10.5",
          "5.10.7",
          "5.10.9",
          "5.11.10",
          "5.11.4",
          "5.11.9",
          "5.12.4",
          "5.12.5",
          "5.12.8",
          "5.13.1",
          "5.13.10",
          "5.13.9",
          "5.14.1",
          "5.14.2",
          "5.14.4",
          "5.15.12",
          "5.15.3",
          "5.16.8",
          "5.17.5",
          "5.2.3",
          "5.2.5",
          "5.20.6",
          "5.21.16",
          "5.23.3",
          "5.23.6",
          "5.24.4",
          "5.24.6",
          "5.24.8",
          "5.25.12",
          "5.25.13",
          "5.25.4",
          "5.25.5",
          "5.25.7",
          "5.26.1",
          "5.26.4",
          "5.26.5",
          "5.26.7",
          "5.27.1",
          "5.27.2",
          "5.27.9",
          "5.4.4",
          "5.4.5",
          "5.4.6",
          "5.4.7",
          "5.4.8",
          "5.5.3",
          "5.6.1",
          "5.6.7",
          "5.6.8",
          "5.7.1",
          "5.7.10",
          "5.7.6",
          "5.7.9",
          "5.8.1",
          "5.8.2",
          "5.8.5",
          "5.8.6",
          "5.9.1",
          "5.9.4",
          "6.1.6",
          "6.10.2",
          "6.10.4",
          "6.10.8",
          "6.12.4",
          "6.12.5",
          "6.12.6",
          "6.12.7",
          "6.12.8",
          "6.13.11",
          "6.13.2",
          "6.13.3",
          "6.13.5",
          "6.13.6",
          "6.13.8",
          "6.14.1",
          "6.14.10",
          "6.14.13",
          "6.14.2",
          "6.14.3",
          "6.14.5",
          "6.15.1",
          "6.15.2",
          "6.15.3",
          "6.15.6",
          "6.15.9",
          "6.16.1",
          "6.16.4",
          "6.16.5",
          "6.16.8",
          "6.16.9",
          "6.17.2",
          "6.17.7",
          "6.18.1",
          "6.18.2",
          "6.18.7",
          "6.19.1",
          "6.19.10",
          "6.19.14",
          "6.19.4",
          "6.2.10",
          "6.2.2",
          "6.2.6",
          "6.20.14",
          "6.20.19",
          "6.20.2",
          "6.20.7",
          "6.21.2",
          "6.22.5",
          "6.22.7",
          "6.23.1",
          "6.23.6",
          "6.3.11",
          "6.3.14",
          "6.3.15",
          "6.3.2",
          "6.3.9",
          "6.4.11",
          "6.4.2",
          "6.4.5",
          "6.4.6",
          "6.4.9",
          "6.5.7",
          "6.6.1",
          "6.6.3",
          "6.6.5",
          "6.7.10",
          "6.7.3",
          "6.7.8",
          "6.8.1",
          "6.8.2",
          "6.8.3",
          "6.8.6",
          "6.9.3",
          "7.17.13",
          "7.17.14",
          "7.17.6",
          "7.23.5",
          "7.27.5",
          "7.27.6",
          "7.6.4",
          "8.1.2",
          "8.19.1",
          "8.42.9",
          "8.48.1",
          "8.48.2",
          "8.50.3",
          "8.54.3",
          "9.23.1",
          "9.7.5"
        ],
        "Manto": "https://resource.manto.unh.edu/10217933",
        "Pleiades": "https://pleiades.stoa.org/places/570531"
      }
    },
    {
      "type": "Feature",
      "geometry": {
        "type": "Point",
        "coordinates": [
          21.630126,
          37.637849
        ]
      },
      "properties": {
        "name": "Olympia",
        "region": "Eleia Bk5 Bk6",
        "part of": "Pisa (Eleia)",
        "altname": "Sanctuary of Olympian Zeus in Pisatis",
        "Wikidata": "https://wikidata.org/wiki/Q38888",
        "type": [
          "hieron"
        ],
        "passages": [
          "1.28.1",
          "1.35.6",
          "1.44.1",
          "10.14.5",
          "10.37.4",
          "10.38.8",
          "10.7.5",
          "10.9.4",
          "2.11.8",
          "2.5.7",
          "2.7.2",
          "3.8.3",
          "3.8.4",
          "3.8.5",
          "4.31.6",
          "5.1.4",
          "5.1.7",
          "5.10.1",
          "5.10.3",
          "5.10.4",
          "5.10.5",
          "5.10.7",
          "5.10.9",
          "5.11.10",
          "5.11.4",
          "5.11.9",
          "5.12.4",
          "5.12.5",
          "5.12.8",
          "5.13.1",
          "5.13.10",
          "5.13.9",
          "5.14.1",
          "5.14.2",
          "5.14.4",
          "5.15.12",
          "5.15.3",
          "5.16.8",
          "5.17.5",
          "5.2.3",
          "5.2.5",
          "5.20.6",
          "5.21.16",
          "5.23.3",
          "5.23.6",
          "5.24.4",
          "5.24.6",
          "5.24.8",
          "5.25.12",
          "5.25.13",
          "5.25.4",
          "5.25.5",
          "5.25.7",
          "5.26.1",
          "5.26.4",
          "5.26.5",
          "5.26.7",
          "5.27.1",
          "5.27.2",
          "5.27.9",
          "5.4.4",
          "5.4.5",
          "5.4.6",
          "5.4.7",
          "5.4.8",
          "5.5.3",
          "5.6.1",
          "5.6.7",
          "5.6.8",
          "5.7.1",
          "5.7.10",
          "5.7.6",
          "5.7.9",
          "5.8.1",
          "5.8.2",
          "5.8.5",
          "5.8.6",
          "5.9.1",
          "5.9.4",
          "6.1.6",
          "6.10.2",
          "6.10.4",
          "6.10.8",
          "6.12.4",
          "6.12.5",
          "6.12.6",
          "6.12.7",
          "6.12.8",
          "6.13.11",
          "6.13.2",
          "6.13.3",
          "6.13.5",
          "6.13.6",
          "6.13.8",
          "6.14.1",
          "6.14.10",
          "6.14.13",
          "6.14.2",
          "6.14.3",
          "6.14.5",
          "6.15.1",
          "6.15.2",
          "6.15.3",
          "6.15.6",
          "6.15.9",
          "6.16.1",
          "6.16.4",
          "6.16.5",
          "6.16.8",
          "6.16.9",
          "6.17.2",
          "6.17.7",
          "6.18.1",
          "6.18.2",
          "6.18.7",
          "6.19.1",
          "6.19.10",
          "6.19.14",
          "6.19.4",
          "6.2.10",
          "6.2.2",
          "6.2.6",
          "6.20.14",
          "6.20.19",
          "6.20.2",
          "6.20.7",
          "6.21.2",
          "6.22.5",
          "6.22.7",
          "6.23.1",
          "6.23.6",
          "6.3.11",
          "6.3.14",
          "6.3.15",
          "6.3.2",
          "6.3.9",
          "6.4.11",
          "6.4.2",
          "6.4.5",
          "6.4.6",
          "6.4.9",
          "6.5.7",
          "6.6.1",
          "6.6.3",
          "6.6.5",
          "6.7.10",
          "6.7.3",
          "6.7.8",
          "6.8.1",
          "6.8.2",
          "6.8.3",
          "6.8.6",
          "6.9.3",
          "7.17.13",
          "7.17.14",
          "7.17.6",
          "7.23.5",
          "7.27.5",
          "7.27.6",
          "7.6.4",
          "8.1.2",
          "8.19.1",
          "8.42.9",
          "8.48.1",
          "8.48.2",
          "8.50.3",
          "8.54.3",
          "9.23.1",
          "9.7.5"
        ],
        "Manto": "https://resource.manto.unh.edu/10217933",
        "Pleiades": "https://pleiades.stoa.org/places/570531"
      }
    },
    {
      "type": "Feature",
      "geometry": {
        "type": "Point",
        "coordinates": [
          21.630126,
          37.637849
        ]
      },
      "properties": {
        "name": "Olympia",
        "region": "Eleia Bk5 Bk6",
        "part of": "Pisa (Eleia)",
        "altname": "Sanctuary of Olympian Zeus in Pisatis",
        "Wikidata": "https://wikidata.org/wiki/Q38888",
        "type": [
          "hieron"
        ],
        "passages": [
          "1.28.1",
          "1.35.6",
          "1.44.1",
          "10.14.5",
          "10.37.4",
          "10.38.8",
          "10.7.5",
          "10.9.4",
          "2.11.8",
          "2.5.7",
          "2.7.2",
          "3.8.3",
          "3.8.4",
          "3.8.5",
          "4.31.6",
          "5.1.4",
          "5.1.7",
          "5.10.1",
          "5.10.3",
          "5.10.4",
          "5.10.5",
          "5.10.7",
          "5.10.9",
          "5.11.10",
          "5.11.4",
          "5.11.9",
          "5.12.4",
          "5.12.5",
          "5.12.8",
          "5.13.1",
          "5.13.10",
          "5.13.9",
          "5.14.1",
          "5.14.2",
          "5.14.4",
          "5.15.12",
          "5.15.3",
          "5.16.8",
          "5.17.5",
          "5.2.3",
          "5.2.5",
          "5.20.6",
          "5.21.16",
          "5.23.3",
          "5.23.6",
          "5.24.4",
          "5.24.6",
          "5.24.8",
          "5.25.12",
          "5.25.13",
          "5.25.4",
          "5.25.5",
          "5.25.7",
          "5.26.1",
          "5.26.4",
          "5.26.5",
          "5.26.7",
          "5.27.1",
          "5.27.2",
          "5.27.9",
          "5.4.4",
          "5.4.5",
          "5.4.6",
          "5.4.7",
          "5.4.8",
          "5.5.3",
          "5.6.1",
          "5.6.7",
          "5.6.8",
          "5.7.1",
          "5.7.10",
          "5.7.6",
          "5.7.9",
          "5.8.1",
          "5.8.2",
          "5.8.5",
          "5.8.6",
          "5.9.1",
          "5.9.4",
          "6.1.6",
          "6.10.2",
          "6.10.4",
          "6.10.8",
          "6.12.4",
          "6.12.5",
          "6.12.6",
          "6.12.7",
          "6.12.8",
          "6.13.11",
          "6.13.2",
          "6.13.3",
          "6.13.5",
          "6.13.6",
          "6.13.8",
          "6.14.1",
          "6.14.10",
          "6.14.13",
          "6.14.2",
          "6.14.3",
          "6.14.5",
          "6.15.1",
          "6.15.2",
          "6.15.3",
          "6.15.6",
          "6.15.9",
          "6.16.1",
          "6.16.4",
          "6.16.5",
          "6.16.8",
          "6.16.9",
          "6.17.2",
          "6.17.7",
          "6.18.1",
          "6.18.2",
          "6.18.7",
          "6.19.1",
          "6.19.10",
          "6.19.14",
          "6.19.4",
          "6.2.10",
          "6.2.2",
          "6.2.6",
          "6.20.14",
          "6.20.19",
          "6.20.2",
          "6.20.7",
          "6.21.2",
          "6.22.5",
          "6.22.7",
          "6.23.1",
          "6.23.6",
          "6.3.11",
          "6.3.14",
          "6.3.15",
          "6.3.2",
          "6.3.9",
          "6.4.11",
          "6.4.2",
          "6.4.5",
          "6.4.6",
          "6.4.9",
          "6.5.7",
          "6.6.1",
          "6.6.3",
          "6.6.5",
          "6.7.10",
          "6.7.3",
          "6.7.8",
          "6.8.1",
          "6.8.2",
          "6.8.3",
          "6.8.6",
          "6.9.3",
          "7.17.13",
          "7.17.14",
          "7.17.6",
          "7.23.5",
          "7.27.5",
          "7.27.6",
          "7.6.4",
          "8.1.2",
          "8.19.1",
          "8.42.9",
          "8.48.1",
          "8.48.2",
          "8.50.3",
          "8.54.3",
          "9.23.1",
          "9.7.5"
        ],
        "Manto": "https://resource.manto.unh.edu/10217933",
        "Pleiades": "https://pleiades.stoa.org/places/570531"
      }
    },
    {
      "type": "Feature",
      "geometry": {
        "type": "Point",
        "coordinates": [
          21.630126,
          37.637849
        ]
      },
      "properties": {
        "name": "Olympia",
        "region": "Eleia Bk5 Bk6",
        "part of": "Pisa (Eleia)",
        "altname": "Sanctuary of Olympian Zeus in Pisatis",
        "Wikidata": "https://wikidata.org/wiki/Q38888",
        "type": [
          "hieron"
        ],
        "passages": [
          "1.28.1",
          "1.35.6",
          "1.44.1",
          "10.14.5",
          "10.37.4",
          "10.38.8",
          "10.7.5",
          "10.9.4",
          "2.11.8",
          "2.5.7",
          "2.7.2",
          "3.8.3",
          "3.8.4",
          "3.8.5",
          "4.31.6",
          "5.1.4",
          "5.1.7",
          "5.10.1",
          "5.10.3",
          "5.10.4",
          "5.10.5",
          "5.10.7",
          "5.10.9",
          "5.11.10",
          "5.11.4",
          "5.11.9",
          "5.12.4",
          "5.12.5",
          "5.12.8",
          "5.13.1",
          "5.13.10",
          "5.13.9",
          "5.14.1",
          "5.14.2",
          "5.14.4",
          "5.15.12",
          "5.15.3",
          "5.16.8",
          "5.17.5",
          "5.2.3",
          "5.2.5",
          "5.20.6",
          "5.21.16",
          "5.23.3",
          "5.23.6",
          "5.24.4",
          "5.24.6",
          "5.24.8",
          "5.25.12",
          "5.25.13",
          "5.25.4",
          "5.25.5",
          "5.25.7",
          "5.26.1",
          "5.26.4",
          "5.26.5",
          "5.26.7",
          "5.27.1",
          "5.27.2",
          "5.27.9",
          "5.4.4",
          "5.4.5",
          "5.4.6",
          "5.4.7",
          "5.4.8",
          "5.5.3",
          "5.6.1",
          "5.6.7",
          "5.6.8",
          "5.7.1",
          "5.7.10",
          "5.7.6",
          "5.7.9",
          "5.8.1",
          "5.8.2",
          "5.8.5",
          "5.8.6",
          "5.9.1",
          "5.9.4",
          "6.1.6",
          "6.10.2",
          "6.10.4",
          "6.10.8",
          "6.12.4",
          "6.12.5",
          "6.12.6",
          "6.12.7",
          "6.12.8",
          "6.13.11",
          "6.13.2",
          "6.13.3",
          "6.13.5",
          "6.13.6",
          "6.13.8",
          "6.14.1",
          "6.14.10",
          "6.14.13",
          "6.14.2",
          "6.14.3",
          "6.14.5",
          "6.15.1",
          "6.15.2",
          "6.15.3",
          "6.15.6",
          "6.15.9",
          "6.16.1",
          "6.16.4",
          "6.16.5",
          "6.16.8",
          "6.16.9",
          "6.17.2",
          "6.17.7",
          "6.18.1",
          "6.18.2",
          "6.18.7",
          "6.19.1",
          "6.19.10",
          "6.19.14",
          "6.19.4",
          "6.2.10",
          "6.2.2",
          "6.2.6",
          "6.20.14",
          "6.20.19",
          "6.20.2",
          "6.20.7",
          "6.21.2",
          "6.22.5",
          "6.22.7",
          "6.23.1",
          "6.23.6",
          "6.3.11",
          "6.3.14",
          "6.3.15",
          "6.3.2",
          "6.3.9",
          "6.4.11",
          "6.4.2",
          "6.4.5",
          "6.4.6",
          "6.4.9",
          "6.5.7",
          "6.6.1",
          "6.6.3",
          "6.6.5",
          "6.7.10",
          "6.7.3",
          "6.7.8",
          "6.8.1",
          "6.8.2",
          "6.8.3",
          "6.8.6",
          "6.9.3",
          "7.17.13",
          "7.17.14",
          "7.17.6",
          "7.23.5",
          "7.27.5",
          "7.27.6",
          "7.6.4",
          "8.1.2",
          "8.19.1",
          "8.42.9",
          "8.48.1",
          "8.48.2",
          "8.50.3",
          "8.54.3",
          "9.23.1",
          "9.7.5"
        ],
        "Manto": "https://resource.manto.unh.edu/10217933",
        "Pleiades": "https://pleiades.stoa.org/places/570531"
      }
    },
    {
      "type": "Feature",
      "geometry": {
        "type": "Point",
        "coordinates": [
          21.630126,
          37.637849
        ]
      },
      "properties": {
        "name": "Olympia",
        "region": "Eleia Bk5 Bk6",
        "part of": "Pisa (Eleia)",
        "altname": "Sanctuary of Olympian Zeus in Pisatis",
        "Wikidata": "https://wikidata.org/wiki/Q38888",
        "type": [
          "hieron"
        ],
        "passages": [
          "1.28.1",
          "1.35.6",
          "1.44.1",
          "10.14.5",
          "10.37.4",
          "10.38.8",
          "10.7.5",
          "10.9.4",
          "2.11.8",
          "2.5.7",
          "2.7.2",
          "3.8.3",
          "3.8.4",
          "3.8.5",
          "4.31.6",
          "5.1.4",
          "5.1.7",
          "5.10.1",
          "5.10.3",
          "5.10.4",
          "5.10.5",
          "5.10.7",
          "5.10.9",
          "5.11.10",
          "5.11.4",
          "5.11.9",
          "5.12.4",
          "5.12.5",
          "5.12.8",
          "5.13.1",
          "5.13.10",
          "5.13.9",
          "5.14.1",
          "5.14.2",
          "5.14.4",
          "5.15.12",
          "5.15.3",
          "5.16.8",
          "5.17.5",
          "5.2.3",
          "5.2.5",
          "5.20.6",
          "5.21.16",
          "5.23.3",
          "5.23.6",
          "5.24.4",
          "5.24.6",
          "5.24.8",
          "5.25.12",
          "5.25.13",
          "5.25.4",
          "5.25.5",
          "5.25.7",
          "5.26.1",
          "5.26.4",
          "5.26.5",
          "5.26.7",
          "5.27.1",
          "5.27.2",
          "5.27.9",
          "5.4.4",
          "5.4.5",
          "5.4.6",
          "5.4.7",
          "5.4.8",
          "5.5.3",
          "5.6.1",
          "5.6.7",
          "5.6.8",
          "5.7.1",
          "5.7.10",
          "5.7.6",
          "5.7.9",
          "5.8.1",
          "5.8.2",
          "5.8.5",
          "5.8.6",
          "5.9.1",
          "5.9.4",
          "6.1.6",
          "6.10.2",
          "6.10.4",
          "6.10.8",
          "6.12.4",
          "6.12.5",
          "6.12.6",
          "6.12.7",
          "6.12.8",
          "6.13.11",
          "6.13.2",
          "6.13.3",
          "6.13.5",
          "6.13.6",
          "6.13.8",
          "6.14.1",
          "6.14.10",
          "6.14.13",
          "6.14.2",
          "6.14.3",
          "6.14.5",
          "6.15.1",
          "6.15.2",
          "6.15.3",
          "6.15.6",
          "6.15.9",
          "6.16.1",
          "6.16.4",
          "6.16.5",
          "6.16.8",
          "6.16.9",
          "6.17.2",
          "6.17.7",
          "6.18.1",
          "6.18.2",
          "6.18.7",
          "6.19.1",
          "6.19.10",
          "6.19.14",
          "6.19.4",
          "6.2.10",
          "6.2.2",
          "6.2.6",
          "6.20.14",
          "6.20.19",
          "6.20.2",
          "6.20.7",
          "6.21.2",
          "6.22.5",
          "6.22.7",
          "6.23.1",
          "6.23.6",
          "6.3.11",
          "6.3.14",
          "6.3.15",
          "6.3.2",
          "6.3.9",
          "6.4.11",
          "6.4.2",
          "6.4.5",
          "6.4.6",
          "6.4.9",
          "6.5.7",
          "6.6.1",
          "6.6.3",
          "6.6.5",
          "6.7.10",
          "6.7.3",
          "6.7.8",
          "6.8.1",
          "6.8.2",
          "6.8.3",
          "6.8.6",
          "6.9.3",
          "7.17.13",
          "7.17.14",
          "7.17.6",
          "7.23.5",
          "7.27.5",
          "7.27.6",
          "7.6.4",
          "8.1.2",
          "8.19.1",
          "8.42.9",
          "8.48.1",
          "8.48.2",
          "8.50.3",
          "8.54.3",
          "9.23.1",
          "9.7.5"
        ],
        "Manto": "https://resource.manto.unh.edu/10217933",
        "Pleiades": "https://pleiades.stoa.org/places/570531"
      }
    },
    {
      "type": "Feature",
      "geometry": {
        "type": "Point",
        "coordinates": [
          21.630126,
          37.637849
        ]
      },
      "properties": {
        "name": "Olympia",
        "region": "Eleia Bk5 Bk6",
        "part of": "Pisa (Eleia)",
        "altname": "Sanctuary of Olympian Zeus in Pisatis",
        "Wikidata": "https://wikidata.org/wiki/Q38888",
        "type": [
          "hieron"
        ],
        "passages": [
          "1.28.1",
          "1.35.6",
          "1.44.1",
          "10.14.5",
          "10.37.4",
          "10.38.8",
          "10.7.5",
          "10.9.4",
          "2.11.8",
          "2.5.7",
          "2.7.2",
          "3.8.3",
          "3.8.4",
          "3.8.5",
          "4.31.6",
          "5.1.4",
          "5.1.7",
          "5.10.1",
          "5.10.3",
          "5.10.4",
          "5.10.5",
          "5.10.7",
          "5.10.9",
          "5.11.10",
          "5.11.4",
          "5.11.9",
          "5.12.4",
          "5.12.5",
          "5.12.8",
          "5.13.1",
          "5.13.10",
          "5.13.9",
          "5.14.1",
          "5.14.2",
          "5.14.4",
          "5.15.12",
          "5.15.3",
          "5.16.8",
          "5.17.5",
          "5.2.3",
          "5.2.5",
          "5.20.6",
          "5.21.16",
          "5.23.3",
          "5.23.6",
          "5.24.4",
          "5.24.6",
          "5.24.8",
          "5.25.12",
          "5.25.13",
          "5.25.4",
          "5.25.5",
          "5.25.7",
          "5.26.1",
          "5.26.4",
          "5.26.5",
          "5.26.7",
          "5.27.1",
          "5.27.2",
          "5.27.9",
          "5.4.4",
          "5.4.5",
          "5.4.6",
          "5.4.7",
          "5.4.8",
          "5.5.3",
          "5.6.1",
          "5.6.7",
          "5.6.8",
          "5.7.1",
          "5.7.10",
          "5.7.6",
          "5.7.9",
          "5.8.1",
          "5.8.2",
          "5.8.5",
          "5.8.6",
          "5.9.1",
          "5.9.4",
          "6.1.6",
          "6.10.2",
          "6.10.4",
          "6.10.8",
          "6.12.4",
          "6.12.5",
          "6.12.6",
          "6.12.7",
          "6.12.8",
          "6.13.11",
          "6.13.2",
          "6.13.3",
          "6.13.5",
          "6.13.6",
          "6.13.8",
          "6.14.1",
          "6.14.10",
          "6.14.13",
          "6.14.2",
          "6.14.3",
          "6.14.5",
          "6.15.1",
          "6.15.2",
          "6.15.3",
          "6.15.6",
          "6.15.9",
          "6.16.1",
          "6.16.4",
          "6.16.5",
          "6.16.8",
          "6.16.9",
          "6.17.2",
          "6.17.7",
          "6.18.1",
          "6.18.2",
          "6.18.7",
          "6.19.1",
          "6.19.10",
          "6.19.14",
          "6.19.4",
          "6.2.10",
          "6.2.2",
          "6.2.6",
          "6.20.14",
          "6.20.19",
          "6.20.2",
          "6.20.7",
          "6.21.2",
          "6.22.5",
          "6.22.7",
          "6.23.1",
          "6.23.6",
          "6.3.11",
          "6.3.14",
          "6.3.15",
          "6.3.2",
          "6.3.9",
          "6.4.11",
          "6.4.2",
          "6.4.5",
          "6.4.6",
          "6.4.9",
          "6.5.7",
          "6.6.1",
          "6.6.3",
          "6.6.5",
          "6.7.10",
          "6.7.3",
          "6.7.8",
          "6.8.1",
          "6.8.2",
          "6.8.3",
          "6.8.6",
          "6.9.3",
          "7.17.13",
          "7.17.14",
          "7.17.6",
          "7.23.5",
          "7.27.5",
          "7.27.6",
          "7.6.4",
          "8.1.2",
          "8.19.1",
          "8.42.9",
          "8.48.1",
          "8.48.2",
          "8.50.3",
          "8.54.3",
          "9.23.1",
          "9.7.5"
        ],
        "Manto": "https://resource.manto.unh.edu/10217933",
        "Pleiades": "https://pleiades.stoa.org/places/570531"
      }
    },
    {
      "type": "Feature",
      "geometry": {
        "type": "Point",
        "coordinates": [
          21.630126,
          37.637849
        ]
      },
      "properties": {
        "name": "Olympia",
        "region": "Eleia Bk5 Bk6",
        "part of": "Pisa (Eleia)",
        "altname": "Sanctuary of Olympian Zeus in Pisatis",
        "Wikidata": "https://wikidata.org/wiki/Q38888",
        "type": [
          "hieron"
        ],
        "passages": [
          "1.28.1",
          "1.35.6",
          "1.44.1",
          "10.14.5",
          "10.37.4",
          "10.38.8",
          "10.7.5",
          "10.9.4",
          "2.11.8",
          "2.5.7",
          "2.7.2",
          "3.8.3",
          "3.8.4",
          "3.8.5",
          "4.31.6",
          "5.1.4",
          "5.1.7",
          "5.10.1",
          "5.10.3",
          "5.10.4",
          "5.10.5",
          "5.10.7",
          "5.10.9",
          "5.11.10",
          "5.11.4",
          "5.11.9",
          "5.12.4",
          "5.12.5",
          "5.12.8",
          "5.13.1",
          "5.13.10",
          "5.13.9",
          "5.14.1",
          "5.14.2",
          "5.14.4",
          "5.15.12",
          "5.15.3",
          "5.16.8",
          "5.17.5",
          "5.2.3",
          "5.2.5",
          "5.20.6",
          "5.21.16",
          "5.23.3",
          "5.23.6",
          "5.24.4",
          "5.24.6",
          "5.24.8",
          "5.25.12",
          "5.25.13",
          "5.25.4",
          "5.25.5",
          "5.25.7",
          "5.26.1",
          "5.26.4",
          "5.26.5",
          "5.26.7",
          "5.27.1",
          "5.27.2",
          "5.27.9",
          "5.4.4",
          "5.4.5",
          "5.4.6",
          "5.4.7",
          "5.4.8",
          "5.5.3",
          "5.6.1",
          "5.6.7",
          "5.6.8",
          "5.7.1",
          "5.7.10",
          "5.7.6",
          "5.7.9",
          "5.8.1",
          "5.8.2",
          "5.8.5",
          "5.8.6",
          "5.9.1",
          "5.9.4",
          "6.1.6",
          "6.10.2",
          "6.10.4",
          "6.10.8",
          "6.12.4",
          "6.12.5",
          "6.12.6",
          "6.12.7",
          "6.12.8",
          "6.13.11",
          "6.13.2",
          "6.13.3",
          "6.13.5",
          "6.13.6",
          "6.13.8",
          "6.14.1",
          "6.14.10",
          "6.14.13",
          "6.14.2",
          "6.14.3",
          "6.14.5",
          "6.15.1",
          "6.15.2",
          "6.15.3",
          "6.15.6",
          "6.15.9",
          "6.16.1",
          "6.16.4",
          "6.16.5",
          "6.16.8",
          "6.16.9",
          "6.17.2",
          "6.17.7",
          "6.18.1",
          "6.18.2",
          "6.18.7",
          "6.19.1",
          "6.19.10",
          "6.19.14",
          "6.19.4",
          "6.2.10",
          "6.2.2",
          "6.2.6",
          "6.20.14",
          "6.20.19",
          "6.20.2",
          "6.20.7",
          "6.21.2",
          "6.22.5",
          "6.22.7",
          "6.23.1",
          "6.23.6",
          "6.3.11",
          "6.3.14",
          "6.3.15",
          "6.3.2",
          "6.3.9",
          "6.4.11",
          "6.4.2",
          "6.4.5",
          "6.4.6",
          "6.4.9",
          "6.5.7",
          "6.6.1",
          "6.6.3",
          "6.6.5",
          "6.7.10",
          "6.7.3",
          "6.7.8",
          "6.8.1",
          "6.8.2",
          "6.8.3",
          "6.8.6",
          "6.9.3",
          "7.17.13",
          "7.17.14",
          "7.17.6",
          "7.23.5",
          "7.27.5",
          "7.27.6",
          "7.6.4",
          "8.1.2",
          "8.19.1",
          "8.42.9",
          "8.48.1",
          "8.48.2",
          "8.50.3",
          "8.54.3",
          "9.23.1",
          "9.7.5"
        ],
        "Manto": "https://resource.manto.unh.edu/10217933",
        "Pleiades": "https://pleiades.stoa.org/places/570531"
      }
    },
    {
      "type": "Feature",
      "geometry": {
        "type": "Point",
        "coordinates": [
          21.630126,
          37.637849
        ]
      },
      "properties": {
        "name": "Olympia",
        "region": "Eleia Bk5 Bk6",
        "part of": "Pisa (Eleia)",
        "altname": "Sanctuary of Olympian Zeus in Pisatis",
        "Wikidata": "https://wikidata.org/wiki/Q38888",
        "type": [
          "hieron"
        ],
        "passages": [
          "1.28.1",
          "1.35.6",
          "1.44.1",
          "10.14.5",
          "10.37.4",
          "10.38.8",
          "10.7.5",
          "10.9.4",
          "2.11.8",
          "2.5.7",
          "2.7.2",
          "3.8.3",
          "3.8.4",
          "3.8.5",
          "4.31.6",
          "5.1.4",
          "5.1.7",
          "5.10.1",
          "5.10.3",
          "5.10.4",
          "5.10.5",
          "5.10.7",
          "5.10.9",
          "5.11.10",
          "5.11.4",
          "5.11.9",
          "5.12.4",
          "5.12.5",
          "5.12.8",
          "5.13.1",
          "5.13.10",
          "5.13.9",
          "5.14.1",
          "5.14.2",
          "5.14.4",
          "5.15.12",
          "5.15.3",
          "5.16.8",
          "5.17.5",
          "5.2.3",
          "5.2.5",
          "5.20.6",
          "5.21.16",
          "5.23.3",
          "5.23.6",
          "5.24.4",
          "5.24.6",
          "5.24.8",
          "5.25.12",
          "5.25.13",
          "5.25.4",
          "5.25.5",
          "5.25.7",
          "5.26.1",
          "5.26.4",
          "5.26.5",
          "5.26.7",
          "5.27.1",
          "5.27.2",
          "5.27.9",
          "5.4.4",
          "5.4.5",
          "5.4.6",
          "5.4.7",
          "5.4.8",
          "5.5.3",
          "5.6.1",
          "5.6.7",
          "5.6.8",
          "5.7.1",
          "5.7.10",
          "5.7.6",
          "5.7.9",
          "5.8.1",
          "5.8.2",
          "5.8.5",
          "5.8.6",
          "5.9.1",
          "5.9.4",
          "6.1.6",
          "6.10.2",
          "6.10.4",
          "6.10.8",
          "6.12.4",
          "6.12.5",
          "6.12.6",
          "6.12.7",
          "6.12.8",
          "6.13.11",
          "6.13.2",
          "6.13.3",
          "6.13.5",
          "6.13.6",
          "6.13.8",
          "6.14.1",
          "6.14.10",
          "6.14.13",
          "6.14.2",
          "6.14.3",
          "6.14.5",
          "6.15.1",
          "6.15.2",
          "6.15.3",
          "6.15.6",
          "6.15.9",
          "6.16.1",
          "6.16.4",
          "6.16.5",
          "6.16.8",
          "6.16.9",
          "6.17.2",
          "6.17.7",
          "6.18.1",
          "6.18.2",
          "6.18.7",
          "6.19.1",
          "6.19.10",
          "6.19.14",
          "6.19.4",
          "6.2.10",
          "6.2.2",
          "6.2.6",
          "6.20.14",
          "6.20.19",
          "6.20.2",
          "6.20.7",
          "6.21.2",
          "6.22.5",
          "6.22.7",
          "6.23.1",
          "6.23.6",
          "6.3.11",
          "6.3.14",
          "6.3.15",
          "6.3.2",
          "6.3.9",
          "6.4.11",
          "6.4.2",
          "6.4.5",
          "6.4.6",
          "6.4.9",
          "6.5.7",
          "6.6.1",
          "6.6.3",
          "6.6.5",
          "6.7.10",
          "6.7.3",
          "6.7.8",
          "6.8.1",
          "6.8.2",
          "6.8.3",
          "6.8.6",
          "6.9.3",
          "7.17.13",
          "7.17.14",
          "7.17.6",
          "7.23.5",
          "7.27.5",
          "7.27.6",
          "7.6.4",
          "8.1.2",
          "8.19.1",
          "8.42.9",
          "8.48.1",
          "8.48.2",
          "8.50.3",
          "8.54.3",
          "9.23.1",
          "9.7.5"
        ],
        "Manto": "https://resource.manto.unh.edu/10217933",
        "Pleiades": "https://pleiades.stoa.org/places/570531"
      }
    },
    {
      "type": "Feature",
      "geometry": {
        "type": "Point",
        "coordinates": [
          21.630126,
          37.637849
        ]
      },
      "properties": {
        "name": "Olympia",
        "region": "Eleia Bk5 Bk6",
        "part of": "Pisa (Eleia)",
        "altname": "Sanctuary of Olympian Zeus in Pisatis",
        "Wikidata": "https://wikidata.org/wiki/Q38888",
        "type": [
          "hieron"
        ],
        "passages": [
          "1.28.1",
          "1.35.6",
          "1.44.1",
          "10.14.5",
          "10.37.4",
          "10.38.8",
          "10.7.5",
          "10.9.4",
          "2.11.8",
          "2.5.7",
          "2.7.2",
          "3.8.3",
          "3.8.4",
          "3.8.5",
          "4.31.6",
          "5.1.4",
          "5.1.7",
          "5.10.1",
          "5.10.3",
          "5.10.4",
          "5.10.5",
          "5.10.7",
          "5.10.9",
          "5.11.10",
          "5.11.4",
          "5.11.9",
          "5.12.4",
          "5.12.5",
          "5.12.8",
          "5.13.1",
          "5.13.10",
          "5.13.9",
          "5.14.1",
          "5.14.2",
          "5.14.4",
          "5.15.12",
          "5.15.3",
          "5.16.8",
          "5.17.5",
          "5.2.3",
          "5.2.5",
          "5.20.6",
          "5.21.16",
          "5.23.3",
          "5.23.6",
          "5.24.4",
          "5.24.6",
          "5.24.8",
          "5.25.12",
          "5.25.13",
          "5.25.4",
          "5.25.5",
          "5.25.7",
          "5.26.1",
          "5.26.4",
          "5.26.5",
          "5.26.7",
          "5.27.1",
          "5.27.2",
          "5.27.9",
          "5.4.4",
          "5.4.5",
          "5.4.6",
          "5.4.7",
          "5.4.8",
          "5.5.3",
          "5.6.1",
          "5.6.7",
          "5.6.8",
          "5.7.1",
          "5.7.10",
          "5.7.6",
          "5.7.9",
          "5.8.1",
          "5.8.2",
          "5.8.5",
          "5.8.6",
          "5.9.1",
          "5.9.4",
          "6.1.6",
          "6.10.2",
          "6.10.4",
          "6.10.8",
          "6.12.4",
          "6.12.5",
          "6.12.6",
          "6.12.7",
          "6.12.8",
          "6.13.11",
          "6.13.2",
          "6.13.3",
          "6.13.5",
          "6.13.6",
          "6.13.8",
          "6.14.1",
          "6.14.10",
          "6.14.13",
          "6.14.2",
          "6.14.3",
          "6.14.5",
          "6.15.1",
          "6.15.2",
          "6.15.3",
          "6.15.6",
          "6.15.9",
          "6.16.1",
          "6.16.4",
          "6.16.5",
          "6.16.8",
          "6.16.9",
          "6.17.2",
          "6.17.7",
          "6.18.1",
          "6.18.2",
          "6.18.7",
          "6.19.1",
          "6.19.10",
          "6.19.14",
          "6.19.4",
          "6.2.10",
          "6.2.2",
          "6.2.6",
          "6.20.14",
          "6.20.19",
          "6.20.2",
          "6.20.7",
          "6.21.2",
          "6.22.5",
          "6.22.7",
          "6.23.1",
          "6.23.6",
          "6.3.11",
          "6.3.14",
          "6.3.15",
          "6.3.2",
          "6.3.9",
          "6.4.11",
          "6.4.2",
          "6.4.5",
          "6.4.6",
          "6.4.9",
          "6.5.7",
          "6.6.1",
          "6.6.3",
          "6.6.5",
          "6.7.10",
          "6.7.3",
          "6.7.8",
          "6.8.1",
          "6.8.2",
          "6.8.3",
          "6.8.6",
          "6.9.3",
          "7.17.13",
          "7.17.14",
          "7.17.6",
          "7.23.5",
          "7.27.5",
          "7.27.6",
          "7.6.4",
          "8.1.2",
          "8.19.1",
          "8.42.9",
          "8.48.1",
          "8.48.2",
          "8.50.3",
          "8.54.3",
          "9.23.1",
          "9.7.5"
        ],
        "Manto": "https://resource.manto.unh.edu/10217933",
        "Pleiades": "https://pleiades.stoa.org/places/570531"
      }
    },
    {
      "type": "Feature",
      "geometry": {
        "type": "Point",
        "coordinates": [
          21.630126,
          37.637849
        ]
      },
      "properties": {
        "name": "Olympia",
        "region": "Eleia Bk5 Bk6",
        "part of": "Pisa (Eleia)",
        "altname": "Sanctuary of Olympian Zeus in Pisatis",
        "Wikidata": "https://wikidata.org/wiki/Q38888",
        "type": [
          "hieron"
        ],
        "passages": [
          "1.28.1",
          "1.35.6",
          "1.44.1",
          "10.14.5",
          "10.37.4",
          "10.38.8",
          "10.7.5",
          "10.9.4",
          "2.11.8",
          "2.5.7",
          "2.7.2",
          "3.8.3",
          "3.8.4",
          "3.8.5",
          "4.31.6",
          "5.1.4",
          "5.1.7",
          "5.10.1",
          "5.10.3",
          "5.10.4",
          "5.10.5",
          "5.10.7",
          "5.10.9",
          "5.11.10",
          "5.11.4",
          "5.11.9",
          "5.12.4",
          "5.12.5",
          "5.12.8",
          "5.13.1",
          "5.13.10",
          "5.13.9",
          "5.14.1",
          "5.14.2",
          "5.14.4",
          "5.15.12",
          "5.15.3",
          "5.16.8",
          "5.17.5",
          "5.2.3",
          "5.2.5",
          "5.20.6",
          "5.21.16",
          "5.23.3",
          "5.23.6",
          "5.24.4",
          "5.24.6",
          "5.24.8",
          "5.25.12",
          "5.25.13",
          "5.25.4",
          "5.25.5",
          "5.25.7",
          "5.26.1",
          "5.26.4",
          "5.26.5",
          "5.26.7",
          "5.27.1",
          "5.27.2",
          "5.27.9",
          "5.4.4",
          "5.4.5",
          "5.4.6",
          "5.4.7",
          "5.4.8",
          "5.5.3",
          "5.6.1",
          "5.6.7",
          "5.6.8",
          "5.7.1",
          "5.7.10",
          "5.7.6",
          "5.7.9",
          "5.8.1",
          "5.8.2",
          "5.8.5",
          "5.8.6",
          "5.9.1",
          "5.9.4",
          "6.1.6",
          "6.10.2",
          "6.10.4",
          "6.10.8",
          "6.12.4",
          "6.12.5",
          "6.12.6",
          "6.12.7",
          "6.12.8",
          "6.13.11",
          "6.13.2",
          "6.13.3",
          "6.13.5",
          "6.13.6",
          "6.13.8",
          "6.14.1",
          "6.14.10",
          "6.14.13",
          "6.14.2",
          "6.14.3",
          "6.14.5",
          "6.15.1",
          "6.15.2",
          "6.15.3",
          "6.15.6",
          "6.15.9",
          "6.16.1",
          "6.16.4",
          "6.16.5",
          "6.16.8",
          "6.16.9",
          "6.17.2",
          "6.17.7",
          "6.18.1",
          "6.18.2",
          "6.18.7",
          "6.19.1",
          "6.19.10",
          "6.19.14",
          "6.19.4",
          "6.2.10",
          "6.2.2",
          "6.2.6",
          "6.20.14",
          "6.20.19",
          "6.20.2",
          "6.20.7",
          "6.21.2",
          "6.22.5",
          "6.22.7",
          "6.23.1",
          "6.23.6",
          "6.3.11",
          "6.3.14",
          "6.3.15",
          "6.3.2",
          "6.3.9",
          "6.4.11",
          "6.4.2",
          "6.4.5",
          "6.4.6",
          "6.4.9",
          "6.5.7",
          "6.6.1",
          "6.6.3",
          "6.6.5",
          "6.7.10",
          "6.7.3",
          "6.7.8",
          "6.8.1",
          "6.8.2",
          "6.8.3",
          "6.8.6",
          "6.9.3",
          "7.17.13",
          "7.17.14",
          "7.17.6",
          "7.23.5",
          "7.27.5",
          "7.27.6",
          "7.6.4",
          "8.1.2",
          "8.19.1",
          "8.42.9",
          "8.48.1",
          "8.48.2",
          "8.50.3",
          "8.54.3",
          "9.23.1",
          "9.7.5"
        ],
        "Manto": "https://resource.manto.unh.edu/10217933",
        "Pleiades": "https://pleiades.stoa.org/places/570531"
      }
    },
    {
      "type": "Feature",
      "geometry": {
        "type": "Point",
        "coordinates": [
          21.630126,
          37.637849
        ]
      },
      "properties": {
        "name": "Olympia",
        "region": "Eleia Bk5 Bk6",
        "part of": "Pisa (Eleia)",
        "altname": "Sanctuary of Olympian Zeus in Pisatis",
        "Wikidata": "https://wikidata.org/wiki/Q38888",
        "type": [
          "hieron"
        ],
        "passages": [
          "1.28.1",
          "1.35.6",
          "1.44.1",
          "10.14.5",
          "10.37.4",
          "10.38.8",
          "10.7.5",
          "10.9.4",
          "2.11.8",
          "2.5.7",
          "2.7.2",
          "3.8.3",
          "3.8.4",
          "3.8.5",
          "4.31.6",
          "5.1.4",
          "5.1.7",
          "5.10.1",
          "5.10.3",
          "5.10.4",
          "5.10.5",
          "5.10.7",
          "5.10.9",
          "5.11.10",
          "5.11.4",
          "5.11.9",
          "5.12.4",
          "5.12.5",
          "5.12.8",
          "5.13.1",
          "5.13.10",
          "5.13.9",
          "5.14.1",
          "5.14.2",
          "5.14.4",
          "5.15.12",
          "5.15.3",
          "5.16.8",
          "5.17.5",
          "5.2.3",
          "5.2.5",
          "5.20.6",
          "5.21.16",
          "5.23.3",
          "5.23.6",
          "5.24.4",
          "5.24.6",
          "5.24.8",
          "5.25.12",
          "5.25.13",
          "5.25.4",
          "5.25.5",
          "5.25.7",
          "5.26.1",
          "5.26.4",
          "5.26.5",
          "5.26.7",
          "5.27.1",
          "5.27.2",
          "5.27.9",
          "5.4.4",
          "5.4.5",
          "5.4.6",
          "5.4.7",
          "5.4.8",
          "5.5.3",
          "5.6.1",
          "5.6.7",
          "5.6.8",
          "5.7.1",
          "5.7.10",
          "5.7.6",
          "5.7.9",
          "5.8.1",
          "5.8.2",
          "5.8.5",
          "5.8.6",
          "5.9.1",
          "5.9.4",
          "6.1.6",
          "6.10.2",
          "6.10.4",
          "6.10.8",
          "6.12.4",
          "6.12.5",
          "6.12.6",
          "6.12.7",
          "6.12.8",
          "6.13.11",
          "6.13.2",
          "6.13.3",
          "6.13.5",
          "6.13.6",
          "6.13.8",
          "6.14.1",
          "6.14.10",
          "6.14.13",
          "6.14.2",
          "6.14.3",
          "6.14.5",
          "6.15.1",
          "6.15.2",
          "6.15.3",
          "6.15.6",
          "6.15.9",
          "6.16.1",
          "6.16.4",
          "6.16.5",
          "6.16.8",
          "6.16.9",
          "6.17.2",
          "6.17.7",
          "6.18.1",
          "6.18.2",
          "6.18.7",
          "6.19.1",
          "6.19.10",
          "6.19.14",
          "6.19.4",
          "6.2.10",
          "6.2.2",
          "6.2.6",
          "6.20.14",
          "6.20.19",
          "6.20.2",
          "6.20.7",
          "6.21.2",
          "6.22.5",
          "6.22.7",
          "6.23.1",
          "6.23.6",
          "6.3.11",
          "6.3.14",
          "6.3.15",
          "6.3.2",
          "6.3.9",
          "6.4.11",
          "6.4.2",
          "6.4.5",
          "6.4.6",
          "6.4.9",
          "6.5.7",
          "6.6.1",
          "6.6.3",
          "6.6.5",
          "6.7.10",
          "6.7.3",
          "6.7.8",
          "6.8.1",
          "6.8.2",
          "6.8.3",
          "6.8.6",
          "6.9.3",
          "7.17.13",
          "7.17.14",
          "7.17.6",
          "7.23.5",
          "7.27.5",
          "7.27.6",
          "7.6.4",
          "8.1.2",
          "8.19.1",
          "8.42.9",
          "8.48.1",
          "8.48.2",
          "8.50.3",
          "8.54.3",
          "9.23.1",
          "9.7.5"
        ],
        "Manto": "https://resource.manto.unh.edu/10217933",
        "Pleiades": "https://pleiades.stoa.org/places/570531"
      }
    },
    {
      "type": "Feature",
      "geometry": {
        "type": "Point",
        "coordinates": [
          21.630126,
          37.637849
        ]
      },
      "properties": {
        "name": "Olympia",
        "region": "Eleia Bk5 Bk6",
        "part of": "Pisa (Eleia)",
        "altname": "Sanctuary of Olympian Zeus in Pisatis",
        "Wikidata": "https://wikidata.org/wiki/Q38888",
        "type": [
          "hieron"
        ],
        "passages": [
          "1.28.1",
          "1.35.6",
          "1.44.1",
          "10.14.5",
          "10.37.4",
          "10.38.8",
          "10.7.5",
          "10.9.4",
          "2.11.8",
          "2.5.7",
          "2.7.2",
          "3.8.3",
          "3.8.4",
          "3.8.5",
          "4.31.6",
          "5.1.4",
          "5.1.7",
          "5.10.1",
          "5.10.3",
          "5.10.4",
          "5.10.5",
          "5.10.7",
          "5.10.9",
          "5.11.10",
          "5.11.4",
          "5.11.9",
          "5.12.4",
          "5.12.5",
          "5.12.8",
          "5.13.1",
          "5.13.10",
          "5.13.9",
          "5.14.1",
          "5.14.2",
          "5.14.4",
          "5.15.12",
          "5.15.3",
          "5.16.8",
          "5.17.5",
          "5.2.3",
          "5.2.5",
          "5.20.6",
          "5.21.16",
          "5.23.3",
          "5.23.6",
          "5.24.4",
          "5.24.6",
          "5.24.8",
          "5.25.12",
          "5.25.13",
          "5.25.4",
          "5.25.5",
          "5.25.7",
          "5.26.1",
          "5.26.4",
          "5.26.5",
          "5.26.7",
          "5.27.1",
          "5.27.2",
          "5.27.9",
          "5.4.4",
          "5.4.5",
          "5.4.6",
          "5.4.7",
          "5.4.8",
          "5.5.3",
          "5.6.1",
          "5.6.7",
          "5.6.8",
          "5.7.1",
          "5.7.10",
          "5.7.6",
          "5.7.9",
          "5.8.1",
          "5.8.2",
          "5.8.5",
          "5.8.6",
          "5.9.1",
          "5.9.4",
          "6.1.6",
          "6.10.2",
          "6.10.4",
          "6.10.8",
          "6.12.4",
          "6.12.5",
          "6.12.6",
          "6.12.7",
          "6.12.8",
          "6.13.11",
          "6.13.2",
          "6.13.3",
          "6.13.5",
          "6.13.6",
          "6.13.8",
          "6.14.1",
          "6.14.10",
          "6.14.13",
          "6.14.2",
          "6.14.3",
          "6.14.5",
          "6.15.1",
          "6.15.2",
          "6.15.3",
          "6.15.6",
          "6.15.9",
          "6.16.1",
          "6.16.4",
          "6.16.5",
          "6.16.8",
          "6.16.9",
          "6.17.2",
          "6.17.7",
          "6.18.1",
          "6.18.2",
          "6.18.7",
          "6.19.1",
          "6.19.10",
          "6.19.14",
          "6.19.4",
          "6.2.10",
          "6.2.2",
          "6.2.6",
          "6.20.14",
          "6.20.19",
          "6.20.2",
          "6.20.7",
          "6.21.2",
          "6.22.5",
          "6.22.7",
          "6.23.1",
          "6.23.6",
          "6.3.11",
          "6.3.14",
          "6.3.15",
          "6.3.2",
          "6.3.9",
          "6.4.11",
          "6.4.2",
          "6.4.5",
          "6.4.6",
          "6.4.9",
          "6.5.7",
          "6.6.1",
          "6.6.3",
          "6.6.5",
          "6.7.10",
          "6.7.3",
          "6.7.8",
          "6.8.1",
          "6.8.2",
          "6.8.3",
          "6.8.6",
          "6.9.3",
          "7.17.13",
          "7.17.14",
          "7.17.6",
          "7.23.5",
          "7.27.5",
          "7.27.6",
          "7.6.4",
          "8.1.2",
          "8.19.1",
          "8.42.9",
          "8.48.1",
          "8.48.2",
          "8.50.3",
          "8.54.3",
          "9.23.1",
          "9.7.5"
        ],
        "Manto": "https://resource.manto.unh.edu/10217933",
        "Pleiades": "https://pleiades.stoa.org/places/570531"
      }
    },
    {
      "type": "Feature",
      "geometry": {
        "type": "Point",
        "coordinates": [
          21.630126,
          37.637849
        ]
      },
      "properties": {
        "name": "Olympia",
        "region": "Eleia Bk5 Bk6",
        "part of": "Pisa (Eleia)",
        "altname": "Sanctuary of Olympian Zeus in Pisatis",
        "Wikidata": "https://wikidata.org/wiki/Q38888",
        "type": [
          "hieron"
        ],
        "passages": [
          "1.28.1",
          "1.35.6",
          "1.44.1",
          "10.14.5",
          "10.37.4",
          "10.38.8",
          "10.7.5",
          "10.9.4",
          "2.11.8",
          "2.5.7",
          "2.7.2",
          "3.8.3",
          "3.8.4",
          "3.8.5",
          "4.31.6",
          "5.1.4",
          "5.1.7",
          "5.10.1",
          "5.10.3",
          "5.10.4",
          "5.10.5",
          "5.10.7",
          "5.10.9",
          "5.11.10",
          "5.11.4",
          "5.11.9",
          "5.12.4",
          "5.12.5",
          "5.12.8",
          "5.13.1",
          "5.13.10",
          "5.13.9",
          "5.14.1",
          "5.14.2",
          "5.14.4",
          "5.15.12",
          "5.15.3",
          "5.16.8",
          "5.17.5",
          "5.2.3",
          "5.2.5",
          "5.20.6",
          "5.21.16",
          "5.23.3",
          "5.23.6",
          "5.24.4",
          "5.24.6",
          "5.24.8",
          "5.25.12",
          "5.25.13",
          "5.25.4",
          "5.25.5",
          "5.25.7",
          "5.26.1",
          "5.26.4",
          "5.26.5",
          "5.26.7",
          "5.27.1",
          "5.27.2",
          "5.27.9",
          "5.4.4",
          "5.4.5",
          "5.4.6",
          "5.4.7",
          "5.4.8",
          "5.5.3",
          "5.6.1",
          "5.6.7",
          "5.6.8",
          "5.7.1",
          "5.7.10",
          "5.7.6",
          "5.7.9",
          "5.8.1",
          "5.8.2",
          "5.8.5",
          "5.8.6",
          "5.9.1",
          "5.9.4",
          "6.1.6",
          "6.10.2",
          "6.10.4",
          "6.10.8",
          "6.12.4",
          "6.12.5",
          "6.12.6",
          "6.12.7",
          "6.12.8",
          "6.13.11",
          "6.13.2",
          "6.13.3",
          "6.13.5",
          "6.13.6",
          "6.13.8",
          "6.14.1",
          "6.14.10",
          "6.14.13",
          "6.14.2",
          "6.14.3",
          "6.14.5",
          "6.15.1",
          "6.15.2",
          "6.15.3",
          "6.15.6",
          "6.15.9",
          "6.16.1",
          "6.16.4",
          "6.16.5",
          "6.16.8",
          "6.16.9",
          "6.17.2",
          "6.17.7",
          "6.18.1",
          "6.18.2",
          "6.18.7",
          "6.19.1",
          "6.19.10",
          "6.19.14",
          "6.19.4",
          "6.2.10",
          "6.2.2",
          "6.2.6",
          "6.20.14",
          "6.20.19",
          "6.20.2",
          "6.20.7",
          "6.21.2",
          "6.22.5",
          "6.22.7",
          "6.23.1",
          "6.23.6",
          "6.3.11",
          "6.3.14",
          "6.3.15",
          "6.3.2",
          "6.3.9",
          "6.4.11",
          "6.4.2",
          "6.4.5",
          "6.4.6",
          "6.4.9",
          "6.5.7",
          "6.6.1",
          "6.6.3",
          "6.6.5",
          "6.7.10",
          "6.7.3",
          "6.7.8",
          "6.8.1",
          "6.8.2",
          "6.8.3",
          "6.8.6",
          "6.9.3",
          "7.17.13",
          "7.17.14",
          "7.17.6",
          "7.23.5",
          "7.27.5",
          "7.27.6",
          "7.6.4",
          "8.1.2",
          "8.19.1",
          "8.42.9",
          "8.48.1",
          "8.48.2",
          "8.50.3",
          "8.54.3",
          "9.23.1",
          "9.7.5"
        ],
        "Manto": "https://resource.manto.unh.edu/10217933",
        "Pleiades": "https://pleiades.stoa.org/places/570531"
      }
    },
    {
      "type": "Feature",
      "geometry": {
        "type": "Point",
        "coordinates": [
          21.630126,
          37.637849
        ]
      },
      "properties": {
        "name": "Olympia",
        "region": "Eleia Bk5 Bk6",
        "part of": "Pisa (Eleia)",
        "altname": "Sanctuary of Olympian Zeus in Pisatis",
        "Wikidata": "https://wikidata.org/wiki/Q38888",
        "type": [
          "hieron"
        ],
        "passages": [
          "1.28.1",
          "1.35.6",
          "1.44.1",
          "10.14.5",
          "10.37.4",
          "10.38.8",
          "10.7.5",
          "10.9.4",
          "2.11.8",
          "2.5.7",
          "2.7.2",
          "3.8.3",
          "3.8.4",
          "3.8.5",
          "4.31.6",
          "5.1.4",
          "5.1.7",
          "5.10.1",
          "5.10.3",
          "5.10.4",
          "5.10.5",
          "5.10.7",
          "5.10.9",
          "5.11.10",
          "5.11.4",
          "5.11.9",
          "5.12.4",
          "5.12.5",
          "5.12.8",
          "5.13.1",
          "5.13.10",
          "5.13.9",
          "5.14.1",
          "5.14.2",
          "5.14.4",
          "5.15.12",
          "5.15.3",
          "5.16.8",
          "5.17.5",
          "5.2.3",
          "5.2.5",
          "5.20.6",
          "5.21.16",
          "5.23.3",
          "5.23.6",
          "5.24.4",
          "5.24.6",
          "5.24.8",
          "5.25.12",
          "5.25.13",
          "5.25.4",
          "5.25.5",
          "5.25.7",
          "5.26.1",
          "5.26.4",
          "5.26.5",
          "5.26.7",
          "5.27.1",
          "5.27.2",
          "5.27.9",
          "5.4.4",
          "5.4.5",
          "5.4.6",
          "5.4.7",
          "5.4.8",
          "5.5.3",
          "5.6.1",
          "5.6.7",
          "5.6.8",
          "5.7.1",
          "5.7.10",
          "5.7.6",
          "5.7.9",
          "5.8.1",
          "5.8.2",
          "5.8.5",
          "5.8.6",
          "5.9.1",
          "5.9.4",
          "6.1.6",
          "6.10.2",
          "6.10.4",
          "6.10.8",
          "6.12.4",
          "6.12.5",
          "6.12.6",
          "6.12.7",
          "6.12.8",
          "6.13.11",
          "6.13.2",
          "6.13.3",
          "6.13.5",
          "6.13.6",
          "6.13.8",
          "6.14.1",
          "6.14.10",
          "6.14.13",
          "6.14.2",
          "6.14.3",
          "6.14.5",
          "6.15.1",
          "6.15.2",
          "6.15.3",
          "6.15.6",
          "6.15.9",
          "6.16.1",
          "6.16.4",
          "6.16.5",
          "6.16.8",
          "6.16.9",
          "6.17.2",
          "6.17.7",
          "6.18.1",
          "6.18.2",
          "6.18.7",
          "6.19.1",
          "6.19.10",
          "6.19.14",
          "6.19.4",
          "6.2.10",
          "6.2.2",
          "6.2.6",
          "6.20.14",
          "6.20.19",
          "6.20.2",
          "6.20.7",
          "6.21.2",
          "6.22.5",
          "6.22.7",
          "6.23.1",
          "6.23.6",
          "6.3.11",
          "6.3.14",
          "6.3.15",
          "6.3.2",
          "6.3.9",
          "6.4.11",
          "6.4.2",
          "6.4.5",
          "6.4.6",
          "6.4.9",
          "6.5.7",
          "6.6.1",
          "6.6.3",
          "6.6.5",
          "6.7.10",
          "6.7.3",
          "6.7.8",
          "6.8.1",
          "6.8.2",
          "6.8.3",
          "6.8.6",
          "6.9.3",
          "7.17.13",
          "7.17.14",
          "7.17.6",
          "7.23.5",
          "7.27.5",
          "7.27.6",
          "7.6.4",
          "8.1.2",
          "8.19.1",
          "8.42.9",
          "8.48.1",
          "8.48.2",
          "8.50.3",
          "8.54.3",
          "9.23.1",
          "9.7.5"
        ],
        "Manto": "https://resource.manto.unh.edu/10217933",
        "Pleiades": "https://pleiades.stoa.org/places/570531"
      }
    },
    {
      "type": "Feature",
      "geometry": {
        "type": "Point",
        "coordinates": [
          21.630126,
          37.637849
        ]
      },
      "properties": {
        "name": "Olympia",
        "region": "Eleia Bk5 Bk6",
        "part of": "Pisa (Eleia)",
        "altname": "Sanctuary of Olympian Zeus in Pisatis",
        "Wikidata": "https://wikidata.org/wiki/Q38888",
        "type": [
          "hieron"
        ],
        "passages": [
          "1.28.1",
          "1.35.6",
          "1.44.1",
          "10.14.5",
          "10.37.4",
          "10.38.8",
          "10.7.5",
          "10.9.4",
          "2.11.8",
          "2.5.7",
          "2.7.2",
          "3.8.3",
          "3.8.4",
          "3.8.5",
          "4.31.6",
          "5.1.4",
          "5.1.7",
          "5.10.1",
          "5.10.3",
          "5.10.4",
          "5.10.5",
          "5.10.7",
          "5.10.9",
          "5.11.10",
          "5.11.4",
          "5.11.9",
          "5.12.4",
          "5.12.5",
          "5.12.8",
          "5.13.1",
          "5.13.10",
          "5.13.9",
          "5.14.1",
          "5.14.2",
          "5.14.4",
          "5.15.12",
          "5.15.3",
          "5.16.8",
          "5.17.5",
          "5.2.3",
          "5.2.5",
          "5.20.6",
          "5.21.16",
          "5.23.3",
          "5.23.6",
          "5.24.4",
          "5.24.6",
          "5.24.8",
          "5.25.12",
          "5.25.13",
          "5.25.4",
          "5.25.5",
          "5.25.7",
          "5.26.1",
          "5.26.4",
          "5.26.5",
          "5.26.7",
          "5.27.1",
          "5.27.2",
          "5.27.9",
          "5.4.4",
          "5.4.5",
          "5.4.6",
          "5.4.7",
          "5.4.8",
          "5.5.3",
          "5.6.1",
          "5.6.7",
          "5.6.8",
          "5.7.1",
          "5.7.10",
          "5.7.6",
          "5.7.9",
          "5.8.1",
          "5.8.2",
          "5.8.5",
          "5.8.6",
          "5.9.1",
          "5.9.4",
          "6.1.6",
          "6.10.2",
          "6.10.4",
          "6.10.8",
          "6.12.4",
          "6.12.5",
          "6.12.6",
          "6.12.7",
          "6.12.8",
          "6.13.11",
          "6.13.2",
          "6.13.3",
          "6.13.5",
          "6.13.6",
          "6.13.8",
          "6.14.1",
          "6.14.10",
          "6.14.13",
          "6.14.2",
          "6.14.3",
          "6.14.5",
          "6.15.1",
          "6.15.2",
          "6.15.3",
          "6.15.6",
          "6.15.9",
          "6.16.1",
          "6.16.4",
          "6.16.5",
          "6.16.8",
          "6.16.9",
          "6.17.2",
          "6.17.7",
          "6.18.1",
          "6.18.2",
          "6.18.7",
          "6.19.1",
          "6.19.10",
          "6.19.14",
          "6.19.4",
          "6.2.10",
          "6.2.2",
          "6.2.6",
          "6.20.14",
          "6.20.19",
          "6.20.2",
          "6.20.7",
          "6.21.2",
          "6.22.5",
          "6.22.7",
          "6.23.1",
          "6.23.6",
          "6.3.11",
          "6.3.14",
          "6.3.15",
          "6.3.2",
          "6.3.9",
          "6.4.11",
          "6.4.2",
          "6.4.5",
          "6.4.6",
          "6.4.9",
          "6.5.7",
          "6.6.1",
          "6.6.3",
          "6.6.5",
          "6.7.10",
          "6.7.3",
          "6.7.8",
          "6.8.1",
          "6.8.2",
          "6.8.3",
          "6.8.6",
          "6.9.3",
          "7.17.13",
          "7.17.14",
          "7.17.6",
          "7.23.5",
          "7.27.5",
          "7.27.6",
          "7.6.4",
          "8.1.2",
          "8.19.1",
          "8.42.9",
          "8.48.1",
          "8.48.2",
          "8.50.3",
          "8.54.3",
          "9.23.1",
          "9.7.5"
        ],
        "Manto": "https://resource.manto.unh.edu/10217933",
        "Pleiades": "https://pleiades.stoa.org/places/570531"
      }
    },
    {
      "type": "Feature",
      "geometry": {
        "type": "Point",
        "coordinates": [
          21.630126,
          37.637849
        ]
      },
      "properties": {
        "name": "Olympia",
        "region": "Eleia Bk5 Bk6",
        "part of": "Pisa (Eleia)",
        "altname": "Sanctuary of Olympian Zeus in Pisatis",
        "Wikidata": "https://wikidata.org/wiki/Q38888",
        "type": [
          "hieron"
        ],
        "passages": [
          "1.28.1",
          "1.35.6",
          "1.44.1",
          "10.14.5",
          "10.37.4",
          "10.38.8",
          "10.7.5",
          "10.9.4",
          "2.11.8",
          "2.5.7",
          "2.7.2",
          "3.8.3",
          "3.8.4",
          "3.8.5",
          "4.31.6",
          "5.1.4",
          "5.1.7",
          "5.10.1",
          "5.10.3",
          "5.10.4",
          "5.10.5",
          "5.10.7",
          "5.10.9",
          "5.11.10",
          "5.11.4",
          "5.11.9",
          "5.12.4",
          "5.12.5",
          "5.12.8",
          "5.13.1",
          "5.13.10",
          "5.13.9",
          "5.14.1",
          "5.14.2",
          "5.14.4",
          "5.15.12",
          "5.15.3",
          "5.16.8",
          "5.17.5",
          "5.2.3",
          "5.2.5",
          "5.20.6",
          "5.21.16",
          "5.23.3",
          "5.23.6",
          "5.24.4",
          "5.24.6",
          "5.24.8",
          "5.25.12",
          "5.25.13",
          "5.25.4",
          "5.25.5",
          "5.25.7",
          "5.26.1",
          "5.26.4",
          "5.26.5",
          "5.26.7",
          "5.27.1",
          "5.27.2",
          "5.27.9",
          "5.4.4",
          "5.4.5",
          "5.4.6",
          "5.4.7",
          "5.4.8",
          "5.5.3",
          "5.6.1",
          "5.6.7",
          "5.6.8",
          "5.7.1",
          "5.7.10",
          "5.7.6",
          "5.7.9",
          "5.8.1",
          "5.8.2",
          "5.8.5",
          "5.8.6",
          "5.9.1",
          "5.9.4",
          "6.1.6",
          "6.10.2",
          "6.10.4",
          "6.10.8",
          "6.12.4",
          "6.12.5",
          "6.12.6",
          "6.12.7",
          "6.12.8",
          "6.13.11",
          "6.13.2",
          "6.13.3",
          "6.13.5",
          "6.13.6",
          "6.13.8",
          "6.14.1",
          "6.14.10",
          "6.14.13",
          "6.14.2",
          "6.14.3",
          "6.14.5",
          "6.15.1",
          "6.15.2",
          "6.15.3",
          "6.15.6",
          "6.15.9",
          "6.16.1",
          "6.16.4",
          "6.16.5",
          "6.16.8",
          "6.16.9",
          "6.17.2",
          "6.17.7",
          "6.18.1",
          "6.18.2",
          "6.18.7",
          "6.19.1",
          "6.19.10",
          "6.19.14",
          "6.19.4",
          "6.2.10",
          "6.2.2",
          "6.2.6",
          "6.20.14",
          "6.20.19",
          "6.20.2",
          "6.20.7",
          "6.21.2",
          "6.22.5",
          "6.22.7",
          "6.23.1",
          "6.23.6",
          "6.3.11",
          "6.3.14",
          "6.3.15",
          "6.3.2",
          "6.3.9",
          "6.4.11",
          "6.4.2",
          "6.4.5",
          "6.4.6",
          "6.4.9",
          "6.5.7",
          "6.6.1",
          "6.6.3",
          "6.6.5",
          "6.7.10",
          "6.7.3",
          "6.7.8",
          "6.8.1",
          "6.8.2",
          "6.8.3",
          "6.8.6",
          "6.9.3",
          "7.17.13",
          "7.17.14",
          "7.17.6",
          "7.23.5",
          "7.27.5",
          "7.27.6",
          "7.6.4",
          "8.1.2",
          "8.19.1",
          "8.42.9",
          "8.48.1",
          "8.48.2",
          "8.50.3",
          "8.54.3",
          "9.23.1",
          "9.7.5"
        ],
        "Manto": "https://resource.manto.unh.edu/10217933",
        "Pleiades": "https://pleiades.stoa.org/places/570531"
      }
    },
    {
      "type": "Feature",
      "geometry": {
        "type": "Point",
        "coordinates": [
          21.630126,
          37.637849
        ]
      },
      "properties": {
        "name": "Olympia",
        "region": "Eleia Bk5 Bk6",
        "part of": "Pisa (Eleia)",
        "altname": "Sanctuary of Olympian Zeus in Pisatis",
        "Wikidata": "https://wikidata.org/wiki/Q38888",
        "type": [
          "hieron"
        ],
        "passages": [
          "1.28.1",
          "1.35.6",
          "1.44.1",
          "10.14.5",
          "10.37.4",
          "10.38.8",
          "10.7.5",
          "10.9.4",
          "2.11.8",
          "2.5.7",
          "2.7.2",
          "3.8.3",
          "3.8.4",
          "3.8.5",
          "4.31.6",
          "5.1.4",
          "5.1.7",
          "5.10.1",
          "5.10.3",
          "5.10.4",
          "5.10.5",
          "5.10.7",
          "5.10.9",
          "5.11.10",
          "5.11.4",
          "5.11.9",
          "5.12.4",
          "5.12.5",
          "5.12.8",
          "5.13.1",
          "5.13.10",
          "5.13.9",
          "5.14.1",
          "5.14.2",
          "5.14.4",
          "5.15.12",
          "5.15.3",
          "5.16.8",
          "5.17.5",
          "5.2.3",
          "5.2.5",
          "5.20.6",
          "5.21.16",
          "5.23.3",
          "5.23.6",
          "5.24.4",
          "5.24.6",
          "5.24.8",
          "5.25.12",
          "5.25.13",
          "5.25.4",
          "5.25.5",
          "5.25.7",
          "5.26.1",
          "5.26.4",
          "5.26.5",
          "5.26.7",
          "5.27.1",
          "5.27.2",
          "5.27.9",
          "5.4.4",
          "5.4.5",
          "5.4.6",
          "5.4.7",
          "5.4.8",
          "5.5.3",
          "5.6.1",
          "5.6.7",
          "5.6.8",
          "5.7.1",
          "5.7.10",
          "5.7.6",
          "5.7.9",
          "5.8.1",
          "5.8.2",
          "5.8.5",
          "5.8.6",
          "5.9.1",
          "5.9.4",
          "6.1.6",
          "6.10.2",
          "6.10.4",
          "6.10.8",
          "6.12.4",
          "6.12.5",
          "6.12.6",
          "6.12.7",
          "6.12.8",
          "6.13.11",
          "6.13.2",
          "6.13.3",
          "6.13.5",
          "6.13.6",
          "6.13.8",
          "6.14.1",
          "6.14.10",
          "6.14.13",
          "6.14.2",
          "6.14.3",
          "6.14.5",
          "6.15.1",
          "6.15.2",
          "6.15.3",
          "6.15.6",
          "6.15.9",
          "6.16.1",
          "6.16.4",
          "6.16.5",
          "6.16.8",
          "6.16.9",
          "6.17.2",
          "6.17.7",
          "6.18.1",
          "6.18.2",
          "6.18.7",
          "6.19.1",
          "6.19.10",
          "6.19.14",
          "6.19.4",
          "6.2.10",
          "6.2.2",
          "6.2.6",
          "6.20.14",
          "6.20.19",
          "6.20.2",
          "6.20.7",
          "6.21.2",
          "6.22.5",
          "6.22.7",
          "6.23.1",
          "6.23.6",
          "6.3.11",
          "6.3.14",
          "6.3.15",
          "6.3.2",
          "6.3.9",
          "6.4.11",
          "6.4.2",
          "6.4.5",
          "6.4.6",
          "6.4.9",
          "6.5.7",
          "6.6.1",
          "6.6.3",
          "6.6.5",
          "6.7.10",
          "6.7.3",
          "6.7.8",
          "6.8.1",
          "6.8.2",
          "6.8.3",
          "6.8.6",
          "6.9.3",
          "7.17.13",
          "7.17.14",
          "7.17.6",
          "7.23.5",
          "7.27.5",
          "7.27.6",
          "7.6.4",
          "8.1.2",
          "8.19.1",
          "8.42.9",
          "8.48.1",
          "8.48.2",
          "8.50.3",
          "8.54.3",
          "9.23.1",
          "9.7.5"
        ],
        "Manto": "https://resource.manto.unh.edu/10217933",
        "Pleiades": "https://pleiades.stoa.org/places/570531"
      }
    },
    {
      "type": "Feature",
      "geometry": {
        "type": "Point",
        "coordinates": [
          21.630126,
          37.637849
        ]
      },
      "properties": {
        "name": "Olympia",
        "region": "Eleia Bk5 Bk6",
        "part of": "Pisa (Eleia)",
        "altname": "Sanctuary of Olympian Zeus in Pisatis",
        "Wikidata": "https://wikidata.org/wiki/Q38888",
        "type": [
          "hieron"
        ],
        "passages": [
          "1.28.1",
          "1.35.6",
          "1.44.1",
          "10.14.5",
          "10.37.4",
          "10.38.8",
          "10.7.5",
          "10.9.4",
          "2.11.8",
          "2.5.7",
          "2.7.2",
          "3.8.3",
          "3.8.4",
          "3.8.5",
          "4.31.6",
          "5.1.4",
          "5.1.7",
          "5.10.1",
          "5.10.3",
          "5.10.4",
          "5.10.5",
          "5.10.7",
          "5.10.9",
          "5.11.10",
          "5.11.4",
          "5.11.9",
          "5.12.4",
          "5.12.5",
          "5.12.8",
          "5.13.1",
          "5.13.10",
          "5.13.9",
          "5.14.1",
          "5.14.2",
          "5.14.4",
          "5.15.12",
          "5.15.3",
          "5.16.8",
          "5.17.5",
          "5.2.3",
          "5.2.5",
          "5.20.6",
          "5.21.16",
          "5.23.3",
          "5.23.6",
          "5.24.4",
          "5.24.6",
          "5.24.8",
          "5.25.12",
          "5.25.13",
          "5.25.4",
          "5.25.5",
          "5.25.7",
          "5.26.1",
          "5.26.4",
          "5.26.5",
          "5.26.7",
          "5.27.1",
          "5.27.2",
          "5.27.9",
          "5.4.4",
          "5.4.5",
          "5.4.6",
          "5.4.7",
          "5.4.8",
          "5.5.3",
          "5.6.1",
          "5.6.7",
          "5.6.8",
          "5.7.1",
          "5.7.10",
          "5.7.6",
          "5.7.9",
          "5.8.1",
          "5.8.2",
          "5.8.5",
          "5.8.6",
          "5.9.1",
          "5.9.4",
          "6.1.6",
          "6.10.2",
          "6.10.4",
          "6.10.8",
          "6.12.4",
          "6.12.5",
          "6.12.6",
          "6.12.7",
          "6.12.8",
          "6.13.11",
          "6.13.2",
          "6.13.3",
          "6.13.5",
          "6.13.6",
          "6.13.8",
          "6.14.1",
          "6.14.10",
          "6.14.13",
          "6.14.2",
          "6.14.3",
          "6.14.5",
          "6.15.1",
          "6.15.2",
          "6.15.3",
          "6.15.6",
          "6.15.9",
          "6.16.1",
          "6.16.4",
          "6.16.5",
          "6.16.8",
          "6.16.9",
          "6.17.2",
          "6.17.7",
          "6.18.1",
          "6.18.2",
          "6.18.7",
          "6.19.1",
          "6.19.10",
          "6.19.14",
          "6.19.4",
          "6.2.10",
          "6.2.2",
          "6.2.6",
          "6.20.14",
          "6.20.19",
          "6.20.2",
          "6.20.7",
          "6.21.2",
          "6.22.5",
          "6.22.7",
          "6.23.1",
          "6.23.6",
          "6.3.11",
          "6.3.14",
          "6.3.15",
          "6.3.2",
          "6.3.9",
          "6.4.11",
          "6.4.2",
          "6.4.5",
          "6.4.6",
          "6.4.9",
          "6.5.7",
          "6.6.1",
          "6.6.3",
          "6.6.5",
          "6.7.10",
          "6.7.3",
          "6.7.8",
          "6.8.1",
          "6.8.2",
          "6.8.3",
          "6.8.6",
          "6.9.3",
          "7.17.13",
          "7.17.14",
          "7.17.6",
          "7.23.5",
          "7.27.5",
          "7.27.6",
          "7.6.4",
          "8.1.2",
          "8.19.1",
          "8.42.9",
          "8.48.1",
          "8.48.2",
          "8.50.3",
          "8.54.3",
          "9.23.1",
          "9.7.5"
        ],
        "Manto": "https://resource.manto.unh.edu/10217933",
        "Pleiades": "https://pleiades.stoa.org/places/570531"
      }
    },
    {
      "type": "Feature",
      "geometry": {
        "type": "Point",
        "coordinates": [
          21.630126,
          37.637849
        ]
      },
      "properties": {
        "name": "Olympia",
        "region": "Eleia Bk5 Bk6",
        "part of": "Pisa (Eleia)",
        "altname": "Sanctuary of Olympian Zeus in Pisatis",
        "Wikidata": "https://wikidata.org/wiki/Q38888",
        "type": [
          "hieron"
        ],
        "passages": [
          "1.28.1",
          "1.35.6",
          "1.44.1",
          "10.14.5",
          "10.37.4",
          "10.38.8",
          "10.7.5",
          "10.9.4",
          "2.11.8",
          "2.5.7",
          "2.7.2",
          "3.8.3",
          "3.8.4",
          "3.8.5",
          "4.31.6",
          "5.1.4",
          "5.1.7",
          "5.10.1",
          "5.10.3",
          "5.10.4",
          "5.10.5",
          "5.10.7",
          "5.10.9",
          "5.11.10",
          "5.11.4",
          "5.11.9",
          "5.12.4",
          "5.12.5",
          "5.12.8",
          "5.13.1",
          "5.13.10",
          "5.13.9",
          "5.14.1",
          "5.14.2",
          "5.14.4",
          "5.15.12",
          "5.15.3",
          "5.16.8",
          "5.17.5",
          "5.2.3",
          "5.2.5",
          "5.20.6",
          "5.21.16",
          "5.23.3",
          "5.23.6",
          "5.24.4",
          "5.24.6",
          "5.24.8",
          "5.25.12",
          "5.25.13",
          "5.25.4",
          "5.25.5",
          "5.25.7",
          "5.26.1",
          "5.26.4",
          "5.26.5",
          "5.26.7",
          "5.27.1",
          "5.27.2",
          "5.27.9",
          "5.4.4",
          "5.4.5",
          "5.4.6",
          "5.4.7",
          "5.4.8",
          "5.5.3",
          "5.6.1",
          "5.6.7",
          "5.6.8",
          "5.7.1",
          "5.7.10",
          "5.7.6",
          "5.7.9",
          "5.8.1",
          "5.8.2",
          "5.8.5",
          "5.8.6",
          "5.9.1",
          "5.9.4",
          "6.1.6",
          "6.10.2",
          "6.10.4",
          "6.10.8",
          "6.12.4",
          "6.12.5",
          "6.12.6",
          "6.12.7",
          "6.12.8",
          "6.13.11",
          "6.13.2",
          "6.13.3",
          "6.13.5",
          "6.13.6",
          "6.13.8",
          "6.14.1",
          "6.14.10",
          "6.14.13",
          "6.14.2",
          "6.14.3",
          "6.14.5",
          "6.15.1",
          "6.15.2",
          "6.15.3",
          "6.15.6",
          "6.15.9",
          "6.16.1",
          "6.16.4",
          "6.16.5",
          "6.16.8",
          "6.16.9",
          "6.17.2",
          "6.17.7",
          "6.18.1",
          "6.18.2",
          "6.18.7",
          "6.19.1",
          "6.19.10",
          "6.19.14",
          "6.19.4",
          "6.2.10",
          "6.2.2",
          "6.2.6",
          "6.20.14",
          "6.20.19",
          "6.20.2",
          "6.20.7",
          "6.21.2",
          "6.22.5",
          "6.22.7",
          "6.23.1",
          "6.23.6",
          "6.3.11",
          "6.3.14",
          "6.3.15",
          "6.3.2",
          "6.3.9",
          "6.4.11",
          "6.4.2",
          "6.4.5",
          "6.4.6",
          "6.4.9",
          "6.5.7",
          "6.6.1",
          "6.6.3",
          "6.6.5",
          "6.7.10",
          "6.7.3",
          "6.7.8",
          "6.8.1",
          "6.8.2",
          "6.8.3",
          "6.8.6",
          "6.9.3",
          "7.17.13",
          "7.17.14",
          "7.17.6",
          "7.23.5",
          "7.27.5",
          "7.27.6",
          "7.6.4",
          "8.1.2",
          "8.19.1",
          "8.42.9",
          "8.48.1",
          "8.48.2",
          "8.50.3",
          "8.54.3",
          "9.23.1",
          "9.7.5"
        ],
        "Manto": "https://resource.manto.unh.edu/10217933",
        "Pleiades": "https://pleiades.stoa.org/places/570531"
      }
    },
    {
      "type": "Feature",
      "geometry": {
        "type": "Point",
        "coordinates": [
          21.630126,
          37.637849
        ]
      },
      "properties": {
        "name": "Olympia",
        "region": "Eleia Bk5 Bk6",
        "part of": "Pisa (Eleia)",
        "altname": "Sanctuary of Olympian Zeus in Pisatis",
        "Wikidata": "https://wikidata.org/wiki/Q38888",
        "type": [
          "hieron"
        ],
        "passages": [
          "1.28.1",
          "1.35.6",
          "1.44.1",
          "10.14.5",
          "10.37.4",
          "10.38.8",
          "10.7.5",
          "10.9.4",
          "2.11.8",
          "2.5.7",
          "2.7.2",
          "3.8.3",
          "3.8.4",
          "3.8.5",
          "4.31.6",
          "5.1.4",
          "5.1.7",
          "5.10.1",
          "5.10.3",
          "5.10.4",
          "5.10.5",
          "5.10.7",
          "5.10.9",
          "5.11.10",
          "5.11.4",
          "5.11.9",
          "5.12.4",
          "5.12.5",
          "5.12.8",
          "5.13.1",
          "5.13.10",
          "5.13.9",
          "5.14.1",
          "5.14.2",
          "5.14.4",
          "5.15.12",
          "5.15.3",
          "5.16.8",
          "5.17.5",
          "5.2.3",
          "5.2.5",
          "5.20.6",
          "5.21.16",
          "5.23.3",
          "5.23.6",
          "5.24.4",
          "5.24.6",
          "5.24.8",
          "5.25.12",
          "5.25.13",
          "5.25.4",
          "5.25.5",
          "5.25.7",
          "5.26.1",
          "5.26.4",
          "5.26.5",
          "5.26.7",
          "5.27.1",
          "5.27.2",
          "5.27.9",
          "5.4.4",
          "5.4.5",
          "5.4.6",
          "5.4.7",
          "5.4.8",
          "5.5.3",
          "5.6.1",
          "5.6.7",
          "5.6.8",
          "5.7.1",
          "5.7.10",
          "5.7.6",
          "5.7.9",
          "5.8.1",
          "5.8.2",
          "5.8.5",
          "5.8.6",
          "5.9.1",
          "5.9.4",
          "6.1.6",
          "6.10.2",
          "6.10.4",
          "6.10.8",
          "6.12.4",
          "6.12.5",
          "6.12.6",
          "6.12.7",
          "6.12.8",
          "6.13.11",
          "6.13.2",
          "6.13.3",
          "6.13.5",
          "6.13.6",
          "6.13.8",
          "6.14.1",
          "6.14.10",
          "6.14.13",
          "6.14.2",
          "6.14.3",
          "6.14.5",
          "6.15.1",
          "6.15.2",
          "6.15.3",
          "6.15.6",
          "6.15.9",
          "6.16.1",
          "6.16.4",
          "6.16.5",
          "6.16.8",
          "6.16.9",
          "6.17.2",
          "6.17.7",
          "6.18.1",
          "6.18.2",
          "6.18.7",
          "6.19.1",
          "6.19.10",
          "6.19.14",
          "6.19.4",
          "6.2.10",
          "6.2.2",
          "6.2.6",
          "6.20.14",
          "6.20.19",
          "6.20.2",
          "6.20.7",
          "6.21.2",
          "6.22.5",
          "6.22.7",
          "6.23.1",
          "6.23.6",
          "6.3.11",
          "6.3.14",
          "6.3.15",
          "6.3.2",
          "6.3.9",
          "6.4.11",
          "6.4.2",
          "6.4.5",
          "6.4.6",
          "6.4.9",
          "6.5.7",
          "6.6.1",
          "6.6.3",
          "6.6.5",
          "6.7.10",
          "6.7.3",
          "6.7.8",
          "6.8.1",
          "6.8.2",
          "6.8.3",
          "6.8.6",
          "6.9.3",
          "7.17.13",
          "7.17.14",
          "7.17.6",
          "7.23.5",
          "7.27.5",
          "7.27.6",
          "7.6.4",
          "8.1.2",
          "8.19.1",
          "8.42.9",
          "8.48.1",
          "8.48.2",
          "8.50.3",
          "8.54.3",
          "9.23.1",
          "9.7.5"
        ],
        "Manto": "https://resource.manto.unh.edu/10217933",
        "Pleiades": "https://pleiades.stoa.org/places/570531"
      }
    },
    {
      "type": "Feature",
      "geometry": {
        "type": "Point",
        "coordinates": [
          21.630126,
          37.637849
        ]
      },
      "properties": {
        "name": "Olympia",
        "region": "Eleia Bk5 Bk6",
        "part of": "Pisa (Eleia)",
        "altname": "Sanctuary of Olympian Zeus in Pisatis",
        "Wikidata": "https://wikidata.org/wiki/Q38888",
        "type": [
          "hieron"
        ],
        "passages": [
          "1.28.1",
          "1.35.6",
          "1.44.1",
          "10.14.5",
          "10.37.4",
          "10.38.8",
          "10.7.5",
          "10.9.4",
          "2.11.8",
          "2.5.7",
          "2.7.2",
          "3.8.3",
          "3.8.4",
          "3.8.5",
          "4.31.6",
          "5.1.4",
          "5.1.7",
          "5.10.1",
          "5.10.3",
          "5.10.4",
          "5.10.5",
          "5.10.7",
          "5.10.9",
          "5.11.10",
          "5.11.4",
          "5.11.9",
          "5.12.4",
          "5.12.5",
          "5.12.8",
          "5.13.1",
          "5.13.10",
          "5.13.9",
          "5.14.1",
          "5.14.2",
          "5.14.4",
          "5.15.12",
          "5.15.3",
          "5.16.8",
          "5.17.5",
          "5.2.3",
          "5.2.5",
          "5.20.6",
          "5.21.16",
          "5.23.3",
          "5.23.6",
          "5.24.4",
          "5.24.6",
          "5.24.8",
          "5.25.12",
          "5.25.13",
          "5.25.4",
          "5.25.5",
          "5.25.7",
          "5.26.1",
          "5.26.4",
          "5.26.5",
          "5.26.7",
          "5.27.1",
          "5.27.2",
          "5.27.9",
          "5.4.4",
          "5.4.5",
          "5.4.6",
          "5.4.7",
          "5.4.8",
          "5.5.3",
          "5.6.1",
          "5.6.7",
          "5.6.8",
          "5.7.1",
          "5.7.10",
          "5.7.6",
          "5.7.9",
          "5.8.1",
          "5.8.2",
          "5.8.5",
          "5.8.6",
          "5.9.1",
          "5.9.4",
          "6.1.6",
          "6.10.2",
          "6.10.4",
          "6.10.8",
          "6.12.4",
          "6.12.5",
          "6.12.6",
          "6.12.7",
          "6.12.8",
          "6.13.11",
          "6.13.2",
          "6.13.3",
          "6.13.5",
          "6.13.6",
          "6.13.8",
          "6.14.1",
          "6.14.10",
          "6.14.13",
          "6.14.2",
          "6.14.3",
          "6.14.5",
          "6.15.1",
          "6.15.2",
          "6.15.3",
          "6.15.6",
          "6.15.9",
          "6.16.1",
          "6.16.4",
          "6.16.5",
          "6.16.8",
          "6.16.9",
          "6.17.2",
          "6.17.7",
          "6.18.1",
          "6.18.2",
          "6.18.7",
          "6.19.1",
          "6.19.10",
          "6.19.14",
          "6.19.4",
          "6.2.10",
          "6.2.2",
          "6.2.6",
          "6.20.14",
          "6.20.19",
          "6.20.2",
          "6.20.7",
          "6.21.2",
          "6.22.5",
          "6.22.7",
          "6.23.1",
          "6.23.6",
          "6.3.11",
          "6.3.14",
          "6.3.15",
          "6.3.2",
          "6.3.9",
          "6.4.11",
          "6.4.2",
          "6.4.5",
          "6.4.6",
          "6.4.9",
          "6.5.7",
          "6.6.1",
          "6.6.3",
          "6.6.5",
          "6.7.10",
          "6.7.3",
          "6.7.8",
          "6.8.1",
          "6.8.2",
          "6.8.3",
          "6.8.6",
          "6.9.3",
          "7.17.13",
          "7.17.14",
          "7.17.6",
          "7.23.5",
          "7.27.5",
          "7.27.6",
          "7.6.4",
          "8.1.2",
          "8.19.1",
          "8.42.9",
          "8.48.1",
          "8.48.2",
          "8.50.3",
          "8.54.3",
          "9.23.1",
          "9.7.5"
        ],
        "Manto": "https://resource.manto.unh.edu/10217933",
        "Pleiades": "https://pleiades.stoa.org/places/570531"
      }
    },
    {
      "type": "Feature",
      "geometry": {
        "type": "Point",
        "coordinates": [
          21.630126,
          37.637849
        ]
      },
      "properties": {
        "name": "Olympia",
        "region": "Eleia Bk5 Bk6",
        "part of": "Pisa (Eleia)",
        "altname": "Sanctuary of Olympian Zeus in Pisatis",
        "Wikidata": "https://wikidata.org/wiki/Q38888",
        "type": [
          "hieron"
        ],
        "passages": [
          "1.28.1",
          "1.35.6",
          "1.44.1",
          "10.14.5",
          "10.37.4",
          "10.38.8",
          "10.7.5",
          "10.9.4",
          "2.11.8",
          "2.5.7",
          "2.7.2",
          "3.8.3",
          "3.8.4",
          "3.8.5",
          "4.31.6",
          "5.1.4",
          "5.1.7",
          "5.10.1",
          "5.10.3",
          "5.10.4",
          "5.10.5",
          "5.10.7",
          "5.10.9",
          "5.11.10",
          "5.11.4",
          "5.11.9",
          "5.12.4",
          "5.12.5",
          "5.12.8",
          "5.13.1",
          "5.13.10",
          "5.13.9",
          "5.14.1",
          "5.14.2",
          "5.14.4",
          "5.15.12",
          "5.15.3",
          "5.16.8",
          "5.17.5",
          "5.2.3",
          "5.2.5",
          "5.20.6",
          "5.21.16",
          "5.23.3",
          "5.23.6",
          "5.24.4",
          "5.24.6",
          "5.24.8",
          "5.25.12",
          "5.25.13",
          "5.25.4",
          "5.25.5",
          "5.25.7",
          "5.26.1",
          "5.26.4",
          "5.26.5",
          "5.26.7",
          "5.27.1",
          "5.27.2",
          "5.27.9",
          "5.4.4",
          "5.4.5",
          "5.4.6",
          "5.4.7",
          "5.4.8",
          "5.5.3",
          "5.6.1",
          "5.6.7",
          "5.6.8",
          "5.7.1",
          "5.7.10",
          "5.7.6",
          "5.7.9",
          "5.8.1",
          "5.8.2",
          "5.8.5",
          "5.8.6",
          "5.9.1",
          "5.9.4",
          "6.1.6",
          "6.10.2",
          "6.10.4",
          "6.10.8",
          "6.12.4",
          "6.12.5",
          "6.12.6",
          "6.12.7",
          "6.12.8",
          "6.13.11",
          "6.13.2",
          "6.13.3",
          "6.13.5",
          "6.13.6",
          "6.13.8",
          "6.14.1",
          "6.14.10",
          "6.14.13",
          "6.14.2",
          "6.14.3",
          "6.14.5",
          "6.15.1",
          "6.15.2",
          "6.15.3",
          "6.15.6",
          "6.15.9",
          "6.16.1",
          "6.16.4",
          "6.16.5",
          "6.16.8",
          "6.16.9",
          "6.17.2",
          "6.17.7",
          "6.18.1",
          "6.18.2",
          "6.18.7",
          "6.19.1",
          "6.19.10",
          "6.19.14",
          "6.19.4",
          "6.2.10",
          "6.2.2",
          "6.2.6",
          "6.20.14",
          "6.20.19",
          "6.20.2",
          "6.20.7",
          "6.21.2",
          "6.22.5",
          "6.22.7",
          "6.23.1",
          "6.23.6",
          "6.3.11",
          "6.3.14",
          "6.3.15",
          "6.3.2",
          "6.3.9",
          "6.4.11",
          "6.4.2",
          "6.4.5",
          "6.4.6",
          "6.4.9",
          "6.5.7",
          "6.6.1",
          "6.6.3",
          "6.6.5",
          "6.7.10",
          "6.7.3",
          "6.7.8",
          "6.8.1",
          "6.8.2",
          "6.8.3",
          "6.8.6",
          "6.9.3",
          "7.17.13",
          "7.17.14",
          "7.17.6",
          "7.23.5",
          "7.27.5",
          "7.27.6",
          "7.6.4",
          "8.1.2",
          "8.19.1",
          "8.42.9",
          "8.48.1",
          "8.48.2",
          "8.50.3",
          "8.54.3",
          "9.23.1",
          "9.7.5"
        ],
        "Manto": "https://resource.manto.unh.edu/10217933",
        "Pleiades": "https://pleiades.stoa.org/places/570531"
      }
    },
    {
      "type": "Feature",
      "geometry": {
        "type": "Point",
        "coordinates": [
          21.630126,
          37.637849
        ]
      },
      "properties": {
        "name": "Olympia",
        "region": "Eleia Bk5 Bk6",
        "part of": "Pisa (Eleia)",
        "altname": "Sanctuary of Olympian Zeus in Pisatis",
        "Wikidata": "https://wikidata.org/wiki/Q38888",
        "type": [
          "hieron"
        ],
        "passages": [
          "1.28.1",
          "1.35.6",
          "1.44.1",
          "10.14.5",
          "10.37.4",
          "10.38.8",
          "10.7.5",
          "10.9.4",
          "2.11.8",
          "2.5.7",
          "2.7.2",
          "3.8.3",
          "3.8.4",
          "3.8.5",
          "4.31.6",
          "5.1.4",
          "5.1.7",
          "5.10.1",
          "5.10.3",
          "5.10.4",
          "5.10.5",
          "5.10.7",
          "5.10.9",
          "5.11.10",
          "5.11.4",
          "5.11.9",
          "5.12.4",
          "5.12.5",
          "5.12.8",
          "5.13.1",
          "5.13.10",
          "5.13.9",
          "5.14.1",
          "5.14.2",
          "5.14.4",
          "5.15.12",
          "5.15.3",
          "5.16.8",
          "5.17.5",
          "5.2.3",
          "5.2.5",
          "5.20.6",
          "5.21.16",
          "5.23.3",
          "5.23.6",
          "5.24.4",
          "5.24.6",
          "5.24.8",
          "5.25.12",
          "5.25.13",
          "5.25.4",
          "5.25.5",
          "5.25.7",
          "5.26.1",
          "5.26.4",
          "5.26.5",
          "5.26.7",
          "5.27.1",
          "5.27.2",
          "5.27.9",
          "5.4.4",
          "5.4.5",
          "5.4.6",
          "5.4.7",
          "5.4.8",
          "5.5.3",
          "5.6.1",
          "5.6.7",
          "5.6.8",
          "5.7.1",
          "5.7.10",
          "5.7.6",
          "5.7.9",
          "5.8.1",
          "5.8.2",
          "5.8.5",
          "5.8.6",
          "5.9.1",
          "5.9.4",
          "6.1.6",
          "6.10.2",
          "6.10.4",
          "6.10.8",
          "6.12.4",
          "6.12.5",
          "6.12.6",
          "6.12.7",
          "6.12.8",
          "6.13.11",
          "6.13.2",
          "6.13.3",
          "6.13.5",
          "6.13.6",
          "6.13.8",
          "6.14.1",
          "6.14.10",
          "6.14.13",
          "6.14.2",
          "6.14.3",
          "6.14.5",
          "6.15.1",
          "6.15.2",
          "6.15.3",
          "6.15.6",
          "6.15.9",
          "6.16.1",
          "6.16.4",
          "6.16.5",
          "6.16.8",
          "6.16.9",
          "6.17.2",
          "6.17.7",
          "6.18.1",
          "6.18.2",
          "6.18.7",
          "6.19.1",
          "6.19.10",
          "6.19.14",
          "6.19.4",
          "6.2.10",
          "6.2.2",
          "6.2.6",
          "6.20.14",
          "6.20.19",
          "6.20.2",
          "6.20.7",
          "6.21.2",
          "6.22.5",
          "6.22.7",
          "6.23.1",
          "6.23.6",
          "6.3.11",
          "6.3.14",
          "6.3.15",
          "6.3.2",
          "6.3.9",
          "6.4.11",
          "6.4.2",
          "6.4.5",
          "6.4.6",
          "6.4.9",
          "6.5.7",
          "6.6.1",
          "6.6.3",
          "6.6.5",
          "6.7.10",
          "6.7.3",
          "6.7.8",
          "6.8.1",
          "6.8.2",
          "6.8.3",
          "6.8.6",
          "6.9.3",
          "7.17.13",
          "7.17.14",
          "7.17.6",
          "7.23.5",
          "7.27.5",
          "7.27.6",
          "7.6.4",
          "8.1.2",
          "8.19.1",
          "8.42.9",
          "8.48.1",
          "8.48.2",
          "8.50.3",
          "8.54.3",
          "9.23.1",
          "9.7.5"
        ],
        "Manto": "https://resource.manto.unh.edu/10217933",
        "Pleiades": "https://pleiades.stoa.org/places/570531"
      }
    },
    {
      "type": "Feature",
      "geometry": {
        "type": "Point",
        "coordinates": [
          21.630126,
          37.637849
        ]
      },
      "properties": {
        "name": "Olympia",
        "region": "Eleia Bk5 Bk6",
        "part of": "Pisa (Eleia)",
        "altname": "Sanctuary of Olympian Zeus in Pisatis",
        "Wikidata": "https://wikidata.org/wiki/Q38888",
        "type": [
          "hieron"
        ],
        "passages": [
          "1.28.1",
          "1.35.6",
          "1.44.1",
          "10.14.5",
          "10.37.4",
          "10.38.8",
          "10.7.5",
          "10.9.4",
          "2.11.8",
          "2.5.7",
          "2.7.2",
          "3.8.3",
          "3.8.4",
          "3.8.5",
          "4.31.6",
          "5.1.4",
          "5.1.7",
          "5.10.1",
          "5.10.3",
          "5.10.4",
          "5.10.5",
          "5.10.7",
          "5.10.9",
          "5.11.10",
          "5.11.4",
          "5.11.9",
          "5.12.4",
          "5.12.5",
          "5.12.8",
          "5.13.1",
          "5.13.10",
          "5.13.9",
          "5.14.1",
          "5.14.2",
          "5.14.4",
          "5.15.12",
          "5.15.3",
          "5.16.8",
          "5.17.5",
          "5.2.3",
          "5.2.5",
          "5.20.6",
          "5.21.16",
          "5.23.3",
          "5.23.6",
          "5.24.4",
          "5.24.6",
          "5.24.8",
          "5.25.12",
          "5.25.13",
          "5.25.4",
          "5.25.5",
          "5.25.7",
          "5.26.1",
          "5.26.4",
          "5.26.5",
          "5.26.7",
          "5.27.1",
          "5.27.2",
          "5.27.9",
          "5.4.4",
          "5.4.5",
          "5.4.6",
          "5.4.7",
          "5.4.8",
          "5.5.3",
          "5.6.1",
          "5.6.7",
          "5.6.8",
          "5.7.1",
          "5.7.10",
          "5.7.6",
          "5.7.9",
          "5.8.1",
          "5.8.2",
          "5.8.5",
          "5.8.6",
          "5.9.1",
          "5.9.4",
          "6.1.6",
          "6.10.2",
          "6.10.4",
          "6.10.8",
          "6.12.4",
          "6.12.5",
          "6.12.6",
          "6.12.7",
          "6.12.8",
          "6.13.11",
          "6.13.2",
          "6.13.3",
          "6.13.5",
          "6.13.6",
          "6.13.8",
          "6.14.1",
          "6.14.10",
          "6.14.13",
          "6.14.2",
          "6.14.3",
          "6.14.5",
          "6.15.1",
          "6.15.2",
          "6.15.3",
          "6.15.6",
          "6.15.9",
          "6.16.1",
          "6.16.4",
          "6.16.5",
          "6.16.8",
          "6.16.9",
          "6.17.2",
          "6.17.7",
          "6.18.1",
          "6.18.2",
          "6.18.7",
          "6.19.1",
          "6.19.10",
          "6.19.14",
          "6.19.4",
          "6.2.10",
          "6.2.2",
          "6.2.6",
          "6.20.14",
          "6.20.19",
          "6.20.2",
          "6.20.7",
          "6.21.2",
          "6.22.5",
          "6.22.7",
          "6.23.1",
          "6.23.6",
          "6.3.11",
          "6.3.14",
          "6.3.15",
          "6.3.2",
          "6.3.9",
          "6.4.11",
          "6.4.2",
          "6.4.5",
          "6.4.6",
          "6.4.9",
          "6.5.7",
          "6.6.1",
          "6.6.3",
          "6.6.5",
          "6.7.10",
          "6.7.3",
          "6.7.8",
          "6.8.1",
          "6.8.2",
          "6.8.3",
          "6.8.6",
          "6.9.3",
          "7.17.13",
          "7.17.14",
          "7.17.6",
          "7.23.5",
          "7.27.5",
          "7.27.6",
          "7.6.4",
          "8.1.2",
          "8.19.1",
          "8.42.9",
          "8.48.1",
          "8.48.2",
          "8.50.3",
          "8.54.3",
          "9.23.1",
          "9.7.5"
        ],
        "Manto": "https://resource.manto.unh.edu/10217933",
        "Pleiades": "https://pleiades.stoa.org/places/570531"
      }
    },
    {
      "type": "Feature",
      "geometry": {
        "type": "Point",
        "coordinates": [
          21.630126,
          37.637849
        ]
      },
      "properties": {
        "name": "Olympia",
        "region": "Eleia Bk5 Bk6",
        "part of": "Pisa (Eleia)",
        "altname": "Sanctuary of Olympian Zeus in Pisatis",
        "Wikidata": "https://wikidata.org/wiki/Q38888",
        "type": [
          "hieron"
        ],
        "passages": [
          "1.28.1",
          "1.35.6",
          "1.44.1",
          "10.14.5",
          "10.37.4",
          "10.38.8",
          "10.7.5",
          "10.9.4",
          "2.11.8",
          "2.5.7",
          "2.7.2",
          "3.8.3",
          "3.8.4",
          "3.8.5",
          "4.31.6",
          "5.1.4",
          "5.1.7",
          "5.10.1",
          "5.10.3",
          "5.10.4",
          "5.10.5",
          "5.10.7",
          "5.10.9",
          "5.11.10",
          "5.11.4",
          "5.11.9",
          "5.12.4",
          "5.12.5",
          "5.12.8",
          "5.13.1",
          "5.13.10",
          "5.13.9",
          "5.14.1",
          "5.14.2",
          "5.14.4",
          "5.15.12",
          "5.15.3",
          "5.16.8",
          "5.17.5",
          "5.2.3",
          "5.2.5",
          "5.20.6",
          "5.21.16",
          "5.23.3",
          "5.23.6",
          "5.24.4",
          "5.24.6",
          "5.24.8",
          "5.25.12",
          "5.25.13",
          "5.25.4",
          "5.25.5",
          "5.25.7",
          "5.26.1",
          "5.26.4",
          "5.26.5",
          "5.26.7",
          "5.27.1",
          "5.27.2",
          "5.27.9",
          "5.4.4",
          "5.4.5",
          "5.4.6",
          "5.4.7",
          "5.4.8",
          "5.5.3",
          "5.6.1",
          "5.6.7",
          "5.6.8",
          "5.7.1",
          "5.7.10",
          "5.7.6",
          "5.7.9",
          "5.8.1",
          "5.8.2",
          "5.8.5",
          "5.8.6",
          "5.9.1",
          "5.9.4",
          "6.1.6",
          "6.10.2",
          "6.10.4",
          "6.10.8",
          "6.12.4",
          "6.12.5",
          "6.12.6",
          "6.12.7",
          "6.12.8",
          "6.13.11",
          "6.13.2",
          "6.13.3",
          "6.13.5",
          "6.13.6",
          "6.13.8",
          "6.14.1",
          "6.14.10",
          "6.14.13",
          "6.14.2",
          "6.14.3",
          "6.14.5",
          "6.15.1",
          "6.15.2",
          "6.15.3",
          "6.15.6",
          "6.15.9",
          "6.16.1",
          "6.16.4",
          "6.16.5",
          "6.16.8",
          "6.16.9",
          "6.17.2",
          "6.17.7",
          "6.18.1",
          "6.18.2",
          "6.18.7",
          "6.19.1",
          "6.19.10",
          "6.19.14",
          "6.19.4",
          "6.2.10",
          "6.2.2",
          "6.2.6",
          "6.20.14",
          "6.20.19",
          "6.20.2",
          "6.20.7",
          "6.21.2",
          "6.22.5",
          "6.22.7",
          "6.23.1",
          "6.23.6",
          "6.3.11",
          "6.3.14",
          "6.3.15",
          "6.3.2",
          "6.3.9",
          "6.4.11",
          "6.4.2",
          "6.4.5",
          "6.4.6",
          "6.4.9",
          "6.5.7",
          "6.6.1",
          "6.6.3",
          "6.6.5",
          "6.7.10",
          "6.7.3",
          "6.7.8",
          "6.8.1",
          "6.8.2",
          "6.8.3",
          "6.8.6",
          "6.9.3",
          "7.17.13",
          "7.17.14",
          "7.17.6",
          "7.23.5",
          "7.27.5",
          "7.27.6",
          "7.6.4",
          "8.1.2",
          "8.19.1",
          "8.42.9",
          "8.48.1",
          "8.48.2",
          "8.50.3",
          "8.54.3",
          "9.23.1",
          "9.7.5"
        ],
        "Manto": "https://resource.manto.unh.edu/10217933",
        "Pleiades": "https://pleiades.stoa.org/places/570531"
      }
    },
    {
      "type": "Feature",
      "geometry": {
        "type": "Point",
        "coordinates": [
          21.630126,
          37.637849
        ]
      },
      "properties": {
        "name": "Olympia",
        "region": "Eleia Bk5 Bk6",
        "part of": "Pisa (Eleia)",
        "altname": "Sanctuary of Olympian Zeus in Pisatis",
        "Wikidata": "https://wikidata.org/wiki/Q38888",
        "type": [
          "hieron"
        ],
        "passages": [
          "1.28.1",
          "1.35.6",
          "1.44.1",
          "10.14.5",
          "10.37.4",
          "10.38.8",
          "10.7.5",
          "10.9.4",
          "2.11.8",
          "2.5.7",
          "2.7.2",
          "3.8.3",
          "3.8.4",
          "3.8.5",
          "4.31.6",
          "5.1.4",
          "5.1.7",
          "5.10.1",
          "5.10.3",
          "5.10.4",
          "5.10.5",
          "5.10.7",
          "5.10.9",
          "5.11.10",
          "5.11.4",
          "5.11.9",
          "5.12.4",
          "5.12.5",
          "5.12.8",
          "5.13.1",
          "5.13.10",
          "5.13.9",
          "5.14.1",
          "5.14.2",
          "5.14.4",
          "5.15.12",
          "5.15.3",
          "5.16.8",
          "5.17.5",
          "5.2.3",
          "5.2.5",
          "5.20.6",
          "5.21.16",
          "5.23.3",
          "5.23.6",
          "5.24.4",
          "5.24.6",
          "5.24.8",
          "5.25.12",
          "5.25.13",
          "5.25.4",
          "5.25.5",
          "5.25.7",
          "5.26.1",
          "5.26.4",
          "5.26.5",
          "5.26.7",
          "5.27.1",
          "5.27.2",
          "5.27.9",
          "5.4.4",
          "5.4.5",
          "5.4.6",
          "5.4.7",
          "5.4.8",
          "5.5.3",
          "5.6.1",
          "5.6.7",
          "5.6.8",
          "5.7.1",
          "5.7.10",
          "5.7.6",
          "5.7.9",
          "5.8.1",
          "5.8.2",
          "5.8.5",
          "5.8.6",
          "5.9.1",
          "5.9.4",
          "6.1.6",
          "6.10.2",
          "6.10.4",
          "6.10.8",
          "6.12.4",
          "6.12.5",
          "6.12.6",
          "6.12.7",
          "6.12.8",
          "6.13.11",
          "6.13.2",
          "6.13.3",
          "6.13.5",
          "6.13.6",
          "6.13.8",
          "6.14.1",
          "6.14.10",
          "6.14.13",
          "6.14.2",
          "6.14.3",
          "6.14.5",
          "6.15.1",
          "6.15.2",
          "6.15.3",
          "6.15.6",
          "6.15.9",
          "6.16.1",
          "6.16.4",
          "6.16.5",
          "6.16.8",
          "6.16.9",
          "6.17.2",
          "6.17.7",
          "6.18.1",
          "6.18.2",
          "6.18.7",
          "6.19.1",
          "6.19.10",
          "6.19.14",
          "6.19.4",
          "6.2.10",
          "6.2.2",
          "6.2.6",
          "6.20.14",
          "6.20.19",
          "6.20.2",
          "6.20.7",
          "6.21.2",
          "6.22.5",
          "6.22.7",
          "6.23.1",
          "6.23.6",
          "6.3.11",
          "6.3.14",
          "6.3.15",
          "6.3.2",
          "6.3.9",
          "6.4.11",
          "6.4.2",
          "6.4.5",
          "6.4.6",
          "6.4.9",
          "6.5.7",
          "6.6.1",
          "6.6.3",
          "6.6.5",
          "6.7.10",
          "6.7.3",
          "6.7.8",
          "6.8.1",
          "6.8.2",
          "6.8.3",
          "6.8.6",
          "6.9.3",
          "7.17.13",
          "7.17.14",
          "7.17.6",
          "7.23.5",
          "7.27.5",
          "7.27.6",
          "7.6.4",
          "8.1.2",
          "8.19.1",
          "8.42.9",
          "8.48.1",
          "8.48.2",
          "8.50.3",
          "8.54.3",
          "9.23.1",
          "9.7.5"
        ],
        "Manto": "https://resource.manto.unh.edu/10217933",
        "Pleiades": "https://pleiades.stoa.org/places/570531"
      }
    },
    {
      "type": "Feature",
      "geometry": {
        "type": "Point",
        "coordinates": [
          21.630126,
          37.637849
        ]
      },
      "properties": {
        "name": "Olympia",
        "region": "Eleia Bk5 Bk6",
        "part of": "Pisa (Eleia)",
        "altname": "Sanctuary of Olympian Zeus in Pisatis",
        "Wikidata": "https://wikidata.org/wiki/Q38888",
        "type": [
          "hieron"
        ],
        "passages": [
          "1.28.1",
          "1.35.6",
          "1.44.1",
          "10.14.5",
          "10.37.4",
          "10.38.8",
          "10.7.5",
          "10.9.4",
          "2.11.8",
          "2.5.7",
          "2.7.2",
          "3.8.3",
          "3.8.4",
          "3.8.5",
          "4.31.6",
          "5.1.4",
          "5.1.7",
          "5.10.1",
          "5.10.3",
          "5.10.4",
          "5.10.5",
          "5.10.7",
          "5.10.9",
          "5.11.10",
          "5.11.4",
          "5.11.9",
          "5.12.4",
          "5.12.5",
          "5.12.8",
          "5.13.1",
          "5.13.10",
          "5.13.9",
          "5.14.1",
          "5.14.2",
          "5.14.4",
          "5.15.12",
          "5.15.3",
          "5.16.8",
          "5.17.5",
          "5.2.3",
          "5.2.5",
          "5.20.6",
          "5.21.16",
          "5.23.3",
          "5.23.6",
          "5.24.4",
          "5.24.6",
          "5.24.8",
          "5.25.12",
          "5.25.13",
          "5.25.4",
          "5.25.5",
          "5.25.7",
          "5.26.1",
          "5.26.4",
          "5.26.5",
          "5.26.7",
          "5.27.1",
          "5.27.2",
          "5.27.9",
          "5.4.4",
          "5.4.5",
          "5.4.6",
          "5.4.7",
          "5.4.8",
          "5.5.3",
          "5.6.1",
          "5.6.7",
          "5.6.8",
          "5.7.1",
          "5.7.10",
          "5.7.6",
          "5.7.9",
          "5.8.1",
          "5.8.2",
          "5.8.5",
          "5.8.6",
          "5.9.1",
          "5.9.4",
          "6.1.6",
          "6.10.2",
          "6.10.4",
          "6.10.8",
          "6.12.4",
          "6.12.5",
          "6.12.6",
          "6.12.7",
          "6.12.8",
          "6.13.11",
          "6.13.2",
          "6.13.3",
          "6.13.5",
          "6.13.6",
          "6.13.8",
          "6.14.1",
          "6.14.10",
          "6.14.13",
          "6.14.2",
          "6.14.3",
          "6.14.5",
          "6.15.1",
          "6.15.2",
          "6.15.3",
          "6.15.6",
          "6.15.9",
          "6.16.1",
          "6.16.4",
          "6.16.5",
          "6.16.8",
          "6.16.9",
          "6.17.2",
          "6.17.7",
          "6.18.1",
          "6.18.2",
          "6.18.7",
          "6.19.1",
          "6.19.10",
          "6.19.14",
          "6.19.4",
          "6.2.10",
          "6.2.2",
          "6.2.6",
          "6.20.14",
          "6.20.19",
          "6.20.2",
          "6.20.7",
          "6.21.2",
          "6.22.5",
          "6.22.7",
          "6.23.1",
          "6.23.6",
          "6.3.11",
          "6.3.14",
          "6.3.15",
          "6.3.2",
          "6.3.9",
          "6.4.11",
          "6.4.2",
          "6.4.5",
          "6.4.6",
          "6.4.9",
          "6.5.7",
          "6.6.1",
          "6.6.3",
          "6.6.5",
          "6.7.10",
          "6.7.3",
          "6.7.8",
          "6.8.1",
          "6.8.2",
          "6.8.3",
          "6.8.6",
          "6.9.3",
          "7.17.13",
          "7.17.14",
          "7.17.6",
          "7.23.5",
          "7.27.5",
          "7.27.6",
          "7.6.4",
          "8.1.2",
          "8.19.1",
          "8.42.9",
          "8.48.1",
          "8.48.2",
          "8.50.3",
          "8.54.3",
          "9.23.1",
          "9.7.5"
        ],
        "Manto": "https://resource.manto.unh.edu/10217933",
        "Pleiades": "https://pleiades.stoa.org/places/570531"
      }
    },
    {
      "type": "Feature",
      "geometry": {
        "type": "Point",
        "coordinates": [
          21.630126,
          37.637849
        ]
      },
      "properties": {
        "name": "Olympia",
        "region": "Eleia Bk5 Bk6",
        "part of": "Pisa (Eleia)",
        "altname": "Sanctuary of Olympian Zeus in Pisatis",
        "Wikidata": "https://wikidata.org/wiki/Q38888",
        "type": [
          "hieron"
        ],
        "passages": [
          "1.28.1",
          "1.35.6",
          "1.44.1",
          "10.14.5",
          "10.37.4",
          "10.38.8",
          "10.7.5",
          "10.9.4",
          "2.11.8",
          "2.5.7",
          "2.7.2",
          "3.8.3",
          "3.8.4",
          "3.8.5",
          "4.31.6",
          "5.1.4",
          "5.1.7",
          "5.10.1",
          "5.10.3",
          "5.10.4",
          "5.10.5",
          "5.10.7",
          "5.10.9",
          "5.11.10",
          "5.11.4",
          "5.11.9",
          "5.12.4",
          "5.12.5",
          "5.12.8",
          "5.13.1",
          "5.13.10",
          "5.13.9",
          "5.14.1",
          "5.14.2",
          "5.14.4",
          "5.15.12",
          "5.15.3",
          "5.16.8",
          "5.17.5",
          "5.2.3",
          "5.2.5",
          "5.20.6",
          "5.21.16",
          "5.23.3",
          "5.23.6",
          "5.24.4",
          "5.24.6",
          "5.24.8",
          "5.25.12",
          "5.25.13",
          "5.25.4",
          "5.25.5",
          "5.25.7",
          "5.26.1",
          "5.26.4",
          "5.26.5",
          "5.26.7",
          "5.27.1",
          "5.27.2",
          "5.27.9",
          "5.4.4",
          "5.4.5",
          "5.4.6",
          "5.4.7",
          "5.4.8",
          "5.5.3",
          "5.6.1",
          "5.6.7",
          "5.6.8",
          "5.7.1",
          "5.7.10",
          "5.7.6",
          "5.7.9",
          "5.8.1",
          "5.8.2",
          "5.8.5",
          "5.8.6",
          "5.9.1",
          "5.9.4",
          "6.1.6",
          "6.10.2",
          "6.10.4",
          "6.10.8",
          "6.12.4",
          "6.12.5",
          "6.12.6",
          "6.12.7",
          "6.12.8",
          "6.13.11",
          "6.13.2",
          "6.13.3",
          "6.13.5",
          "6.13.6",
          "6.13.8",
          "6.14.1",
          "6.14.10",
          "6.14.13",
          "6.14.2",
          "6.14.3",
          "6.14.5",
          "6.15.1",
          "6.15.2",
          "6.15.3",
          "6.15.6",
          "6.15.9",
          "6.16.1",
          "6.16.4",
          "6.16.5",
          "6.16.8",
          "6.16.9",
          "6.17.2",
          "6.17.7",
          "6.18.1",
          "6.18.2",
          "6.18.7",
          "6.19.1",
          "6.19.10",
          "6.19.14",
          "6.19.4",
          "6.2.10",
          "6.2.2",
          "6.2.6",
          "6.20.14",
          "6.20.19",
          "6.20.2",
          "6.20.7",
          "6.21.2",
          "6.22.5",
          "6.22.7",
          "6.23.1",
          "6.23.6",
          "6.3.11",
          "6.3.14",
          "6.3.15",
          "6.3.2",
          "6.3.9",
          "6.4.11",
          "6.4.2",
          "6.4.5",
          "6.4.6",
          "6.4.9",
          "6.5.7",
          "6.6.1",
          "6.6.3",
          "6.6.5",
          "6.7.10",
          "6.7.3",
          "6.7.8",
          "6.8.1",
          "6.8.2",
          "6.8.3",
          "6.8.6",
          "6.9.3",
          "7.17.13",
          "7.17.14",
          "7.17.6",
          "7.23.5",
          "7.27.5",
          "7.27.6",
          "7.6.4",
          "8.1.2",
          "8.19.1",
          "8.42.9",
          "8.48.1",
          "8.48.2",
          "8.50.3",
          "8.54.3",
          "9.23.1",
          "9.7.5"
        ],
        "Manto": "https://resource.manto.unh.edu/10217933",
        "Pleiades": "https://pleiades.stoa.org/places/570531"
      }
    },
    {
      "type": "Feature",
      "geometry": {
        "type": "Point",
        "coordinates": [
          21.630126,
          37.637849
        ]
      },
      "properties": {
        "name": "Olympia",
        "region": "Eleia Bk5 Bk6",
        "part of": "Pisa (Eleia)",
        "altname": "Sanctuary of Olympian Zeus in Pisatis",
        "Wikidata": "https://wikidata.org/wiki/Q38888",
        "type": [
          "hieron"
        ],
        "passages": [
          "1.28.1",
          "1.35.6",
          "1.44.1",
          "10.14.5",
          "10.37.4",
          "10.38.8",
          "10.7.5",
          "10.9.4",
          "2.11.8",
          "2.5.7",
          "2.7.2",
          "3.8.3",
          "3.8.4",
          "3.8.5",
          "4.31.6",
          "5.1.4",
          "5.1.7",
          "5.10.1",
          "5.10.3",
          "5.10.4",
          "5.10.5",
          "5.10.7",
          "5.10.9",
          "5.11.10",
          "5.11.4",
          "5.11.9",
          "5.12.4",
          "5.12.5",
          "5.12.8",
          "5.13.1",
          "5.13.10",
          "5.13.9",
          "5.14.1",
          "5.14.2",
          "5.14.4",
          "5.15.12",
          "5.15.3",
          "5.16.8",
          "5.17.5",
          "5.2.3",
          "5.2.5",
          "5.20.6",
          "5.21.16",
          "5.23.3",
          "5.23.6",
          "5.24.4",
          "5.24.6",
          "5.24.8",
          "5.25.12",
          "5.25.13",
          "5.25.4",
          "5.25.5",
          "5.25.7",
          "5.26.1",
          "5.26.4",
          "5.26.5",
          "5.26.7",
          "5.27.1",
          "5.27.2",
          "5.27.9",
          "5.4.4",
          "5.4.5",
          "5.4.6",
          "5.4.7",
          "5.4.8",
          "5.5.3",
          "5.6.1",
          "5.6.7",
          "5.6.8",
          "5.7.1",
          "5.7.10",
          "5.7.6",
          "5.7.9",
          "5.8.1",
          "5.8.2",
          "5.8.5",
          "5.8.6",
          "5.9.1",
          "5.9.4",
          "6.1.6",
          "6.10.2",
          "6.10.4",
          "6.10.8",
          "6.12.4",
          "6.12.5",
          "6.12.6",
          "6.12.7",
          "6.12.8",
          "6.13.11",
          "6.13.2",
          "6.13.3",
          "6.13.5",
          "6.13.6",
          "6.13.8",
          "6.14.1",
          "6.14.10",
          "6.14.13",
          "6.14.2",
          "6.14.3",
          "6.14.5",
          "6.15.1",
          "6.15.2",
          "6.15.3",
          "6.15.6",
          "6.15.9",
          "6.16.1",
          "6.16.4",
          "6.16.5",
          "6.16.8",
          "6.16.9",
          "6.17.2",
          "6.17.7",
          "6.18.1",
          "6.18.2",
          "6.18.7",
          "6.19.1",
          "6.19.10",
          "6.19.14",
          "6.19.4",
          "6.2.10",
          "6.2.2",
          "6.2.6",
          "6.20.14",
          "6.20.19",
          "6.20.2",
          "6.20.7",
          "6.21.2",
          "6.22.5",
          "6.22.7",
          "6.23.1",
          "6.23.6",
          "6.3.11",
          "6.3.14",
          "6.3.15",
          "6.3.2",
          "6.3.9",
          "6.4.11",
          "6.4.2",
          "6.4.5",
          "6.4.6",
          "6.4.9",
          "6.5.7",
          "6.6.1",
          "6.6.3",
          "6.6.5",
          "6.7.10",
          "6.7.3",
          "6.7.8",
          "6.8.1",
          "6.8.2",
          "6.8.3",
          "6.8.6",
          "6.9.3",
          "7.17.13",
          "7.17.14",
          "7.17.6",
          "7.23.5",
          "7.27.5",
          "7.27.6",
          "7.6.4",
          "8.1.2",
          "8.19.1",
          "8.42.9",
          "8.48.1",
          "8.48.2",
          "8.50.3",
          "8.54.3",
          "9.23.1",
          "9.7.5"
        ],
        "Manto": "https://resource.manto.unh.edu/10217933",
        "Pleiades": "https://pleiades.stoa.org/places/570531"
      }
    },
    {
      "type": "Feature",
      "geometry": {
        "type": "Point",
        "coordinates": [
          21.630126,
          37.637849
        ]
      },
      "properties": {
        "name": "Olympia",
        "region": "Eleia Bk5 Bk6",
        "part of": "Pisa (Eleia)",
        "altname": "Sanctuary of Olympian Zeus in Pisatis",
        "Wikidata": "https://wikidata.org/wiki/Q38888",
        "type": [
          "hieron"
        ],
        "passages": [
          "1.28.1",
          "1.35.6",
          "1.44.1",
          "10.14.5",
          "10.37.4",
          "10.38.8",
          "10.7.5",
          "10.9.4",
          "2.11.8",
          "2.5.7",
          "2.7.2",
          "3.8.3",
          "3.8.4",
          "3.8.5",
          "4.31.6",
          "5.1.4",
          "5.1.7",
          "5.10.1",
          "5.10.3",
          "5.10.4",
          "5.10.5",
          "5.10.7",
          "5.10.9",
          "5.11.10",
          "5.11.4",
          "5.11.9",
          "5.12.4",
          "5.12.5",
          "5.12.8",
          "5.13.1",
          "5.13.10",
          "5.13.9",
          "5.14.1",
          "5.14.2",
          "5.14.4",
          "5.15.12",
          "5.15.3",
          "5.16.8",
          "5.17.5",
          "5.2.3",
          "5.2.5",
          "5.20.6",
          "5.21.16",
          "5.23.3",
          "5.23.6",
          "5.24.4",
          "5.24.6",
          "5.24.8",
          "5.25.12",
          "5.25.13",
          "5.25.4",
          "5.25.5",
          "5.25.7",
          "5.26.1",
          "5.26.4",
          "5.26.5",
          "5.26.7",
          "5.27.1",
          "5.27.2",
          "5.27.9",
          "5.4.4",
          "5.4.5",
          "5.4.6",
          "5.4.7",
          "5.4.8",
          "5.5.3",
          "5.6.1",
          "5.6.7",
          "5.6.8",
          "5.7.1",
          "5.7.10",
          "5.7.6",
          "5.7.9",
          "5.8.1",
          "5.8.2",
          "5.8.5",
          "5.8.6",
          "5.9.1",
          "5.9.4",
          "6.1.6",
          "6.10.2",
          "6.10.4",
          "6.10.8",
          "6.12.4",
          "6.12.5",
          "6.12.6",
          "6.12.7",
          "6.12.8",
          "6.13.11",
          "6.13.2",
          "6.13.3",
          "6.13.5",
          "6.13.6",
          "6.13.8",
          "6.14.1",
          "6.14.10",
          "6.14.13",
          "6.14.2",
          "6.14.3",
          "6.14.5",
          "6.15.1",
          "6.15.2",
          "6.15.3",
          "6.15.6",
          "6.15.9",
          "6.16.1",
          "6.16.4",
          "6.16.5",
          "6.16.8",
          "6.16.9",
          "6.17.2",
          "6.17.7",
          "6.18.1",
          "6.18.2",
          "6.18.7",
          "6.19.1",
          "6.19.10",
          "6.19.14",
          "6.19.4",
          "6.2.10",
          "6.2.2",
          "6.2.6",
          "6.20.14",
          "6.20.19",
          "6.20.2",
          "6.20.7",
          "6.21.2",
          "6.22.5",
          "6.22.7",
          "6.23.1",
          "6.23.6",
          "6.3.11",
          "6.3.14",
          "6.3.15",
          "6.3.2",
          "6.3.9",
          "6.4.11",
          "6.4.2",
          "6.4.5",
          "6.4.6",
          "6.4.9",
          "6.5.7",
          "6.6.1",
          "6.6.3",
          "6.6.5",
          "6.7.10",
          "6.7.3",
          "6.7.8",
          "6.8.1",
          "6.8.2",
          "6.8.3",
          "6.8.6",
          "6.9.3",
          "7.17.13",
          "7.17.14",
          "7.17.6",
          "7.23.5",
          "7.27.5",
          "7.27.6",
          "7.6.4",
          "8.1.2",
          "8.19.1",
          "8.42.9",
          "8.48.1",
          "8.48.2",
          "8.50.3",
          "8.54.3",
          "9.23.1",
          "9.7.5"
        ],
        "Manto": "https://resource.manto.unh.edu/10217933",
        "Pleiades": "https://pleiades.stoa.org/places/570531"
      }
    },
    {
      "type": "Feature",
      "geometry": {
        "type": "Point",
        "coordinates": [
          21.630126,
          37.637849
        ]
      },
      "properties": {
        "name": "Olympia",
        "region": "Eleia Bk5 Bk6",
        "part of": "Pisa (Eleia)",
        "altname": "Sanctuary of Olympian Zeus in Pisatis",
        "Wikidata": "https://wikidata.org/wiki/Q38888",
        "type": [
          "hieron"
        ],
        "passages": [
          "1.28.1",
          "1.35.6",
          "1.44.1",
          "10.14.5",
          "10.37.4",
          "10.38.8",
          "10.7.5",
          "10.9.4",
          "2.11.8",
          "2.5.7",
          "2.7.2",
          "3.8.3",
          "3.8.4",
          "3.8.5",
          "4.31.6",
          "5.1.4",
          "5.1.7",
          "5.10.1",
          "5.10.3",
          "5.10.4",
          "5.10.5",
          "5.10.7",
          "5.10.9",
          "5.11.10",
          "5.11.4",
          "5.11.9",
          "5.12.4",
          "5.12.5",
          "5.12.8",
          "5.13.1",
          "5.13.10",
          "5.13.9",
          "5.14.1",
          "5.14.2",
          "5.14.4",
          "5.15.12",
          "5.15.3",
          "5.16.8",
          "5.17.5",
          "5.2.3",
          "5.2.5",
          "5.20.6",
          "5.21.16",
          "5.23.3",
          "5.23.6",
          "5.24.4",
          "5.24.6",
          "5.24.8",
          "5.25.12",
          "5.25.13",
          "5.25.4",
          "5.25.5",
          "5.25.7",
          "5.26.1",
          "5.26.4",
          "5.26.5",
          "5.26.7",
          "5.27.1",
          "5.27.2",
          "5.27.9",
          "5.4.4",
          "5.4.5",
          "5.4.6",
          "5.4.7",
          "5.4.8",
          "5.5.3",
          "5.6.1",
          "5.6.7",
          "5.6.8",
          "5.7.1",
          "5.7.10",
          "5.7.6",
          "5.7.9",
          "5.8.1",
          "5.8.2",
          "5.8.5",
          "5.8.6",
          "5.9.1",
          "5.9.4",
          "6.1.6",
          "6.10.2",
          "6.10.4",
          "6.10.8",
          "6.12.4",
          "6.12.5",
          "6.12.6",
          "6.12.7",
          "6.12.8",
          "6.13.11",
          "6.13.2",
          "6.13.3",
          "6.13.5",
          "6.13.6",
          "6.13.8",
          "6.14.1",
          "6.14.10",
          "6.14.13",
          "6.14.2",
          "6.14.3",
          "6.14.5",
          "6.15.1",
          "6.15.2",
          "6.15.3",
          "6.15.6",
          "6.15.9",
          "6.16.1",
          "6.16.4",
          "6.16.5",
          "6.16.8",
          "6.16.9",
          "6.17.2",
          "6.17.7",
          "6.18.1",
          "6.18.2",
          "6.18.7",
          "6.19.1",
          "6.19.10",
          "6.19.14",
          "6.19.4",
          "6.2.10",
          "6.2.2",
          "6.2.6",
          "6.20.14",
          "6.20.19",
          "6.20.2",
          "6.20.7",
          "6.21.2",
          "6.22.5",
          "6.22.7",
          "6.23.1",
          "6.23.6",
          "6.3.11",
          "6.3.14",
          "6.3.15",
          "6.3.2",
          "6.3.9",
          "6.4.11",
          "6.4.2",
          "6.4.5",
          "6.4.6",
          "6.4.9",
          "6.5.7",
          "6.6.1",
          "6.6.3",
          "6.6.5",
          "6.7.10",
          "6.7.3",
          "6.7.8",
          "6.8.1",
          "6.8.2",
          "6.8.3",
          "6.8.6",
          "6.9.3",
          "7.17.13",
          "7.17.14",
          "7.17.6",
          "7.23.5",
          "7.27.5",
          "7.27.6",
          "7.6.4",
          "8.1.2",
          "8.19.1",
          "8.42.9",
          "8.48.1",
          "8.48.2",
          "8.50.3",
          "8.54.3",
          "9.23.1",
          "9.7.5"
        ],
        "Manto": "https://resource.manto.unh.edu/10217933",
        "Pleiades": "https://pleiades.stoa.org/places/570531"
      }
    },
    {
      "type": "Feature",
      "geometry": {
        "type": "Point",
        "coordinates": [
          21.630126,
          37.637849
        ]
      },
      "properties": {
        "name": "Olympia",
        "region": "Eleia Bk5 Bk6",
        "part of": "Pisa (Eleia)",
        "altname": "Sanctuary of Olympian Zeus in Pisatis",
        "Wikidata": "https://wikidata.org/wiki/Q38888",
        "type": [
          "hieron"
        ],
        "passages": [
          "1.28.1",
          "1.35.6",
          "1.44.1",
          "10.14.5",
          "10.37.4",
          "10.38.8",
          "10.7.5",
          "10.9.4",
          "2.11.8",
          "2.5.7",
          "2.7.2",
          "3.8.3",
          "3.8.4",
          "3.8.5",
          "4.31.6",
          "5.1.4",
          "5.1.7",
          "5.10.1",
          "5.10.3",
          "5.10.4",
          "5.10.5",
          "5.10.7",
          "5.10.9",
          "5.11.10",
          "5.11.4",
          "5.11.9",
          "5.12.4",
          "5.12.5",
          "5.12.8",
          "5.13.1",
          "5.13.10",
          "5.13.9",
          "5.14.1",
          "5.14.2",
          "5.14.4",
          "5.15.12",
          "5.15.3",
          "5.16.8",
          "5.17.5",
          "5.2.3",
          "5.2.5",
          "5.20.6",
          "5.21.16",
          "5.23.3",
          "5.23.6",
          "5.24.4",
          "5.24.6",
          "5.24.8",
          "5.25.12",
          "5.25.13",
          "5.25.4",
          "5.25.5",
          "5.25.7",
          "5.26.1",
          "5.26.4",
          "5.26.5",
          "5.26.7",
          "5.27.1",
          "5.27.2",
          "5.27.9",
          "5.4.4",
          "5.4.5",
          "5.4.6",
          "5.4.7",
          "5.4.8",
          "5.5.3",
          "5.6.1",
          "5.6.7",
          "5.6.8",
          "5.7.1",
          "5.7.10",
          "5.7.6",
          "5.7.9",
          "5.8.1",
          "5.8.2",
          "5.8.5",
          "5.8.6",
          "5.9.1",
          "5.9.4",
          "6.1.6",
          "6.10.2",
          "6.10.4",
          "6.10.8",
          "6.12.4",
          "6.12.5",
          "6.12.6",
          "6.12.7",
          "6.12.8",
          "6.13.11",
          "6.13.2",
          "6.13.3",
          "6.13.5",
          "6.13.6",
          "6.13.8",
          "6.14.1",
          "6.14.10",
          "6.14.13",
          "6.14.2",
          "6.14.3",
          "6.14.5",
          "6.15.1",
          "6.15.2",
          "6.15.3",
          "6.15.6",
          "6.15.9",
          "6.16.1",
          "6.16.4",
          "6.16.5",
          "6.16.8",
          "6.16.9",
          "6.17.2",
          "6.17.7",
          "6.18.1",
          "6.18.2",
          "6.18.7",
          "6.19.1",
          "6.19.10",
          "6.19.14",
          "6.19.4",
          "6.2.10",
          "6.2.2",
          "6.2.6",
          "6.20.14",
          "6.20.19",
          "6.20.2",
          "6.20.7",
          "6.21.2",
          "6.22.5",
          "6.22.7",
          "6.23.1",
          "6.23.6",
          "6.3.11",
          "6.3.14",
          "6.3.15",
          "6.3.2",
          "6.3.9",
          "6.4.11",
          "6.4.2",
          "6.4.5",
          "6.4.6",
          "6.4.9",
          "6.5.7",
          "6.6.1",
          "6.6.3",
          "6.6.5",
          "6.7.10",
          "6.7.3",
          "6.7.8",
          "6.8.1",
          "6.8.2",
          "6.8.3",
          "6.8.6",
          "6.9.3",
          "7.17.13",
          "7.17.14",
          "7.17.6",
          "7.23.5",
          "7.27.5",
          "7.27.6",
          "7.6.4",
          "8.1.2",
          "8.19.1",
          "8.42.9",
          "8.48.1",
          "8.48.2",
          "8.50.3",
          "8.54.3",
          "9.23.1",
          "9.7.5"
        ],
        "Manto": "https://resource.manto.unh.edu/10217933",
        "Pleiades": "https://pleiades.stoa.org/places/570531"
      }
    },
    {
      "type": "Feature",
      "geometry": {
        "type": "Point",
        "coordinates": [
          21.630126,
          37.637849
        ]
      },
      "properties": {
        "name": "Olympia",
        "region": "Eleia Bk5 Bk6",
        "part of": "Pisa (Eleia)",
        "altname": "Sanctuary of Olympian Zeus in Pisatis",
        "Wikidata": "https://wikidata.org/wiki/Q38888",
        "type": [
          "hieron"
        ],
        "passages": [
          "1.28.1",
          "1.35.6",
          "1.44.1",
          "10.14.5",
          "10.37.4",
          "10.38.8",
          "10.7.5",
          "10.9.4",
          "2.11.8",
          "2.5.7",
          "2.7.2",
          "3.8.3",
          "3.8.4",
          "3.8.5",
          "4.31.6",
          "5.1.4",
          "5.1.7",
          "5.10.1",
          "5.10.3",
          "5.10.4",
          "5.10.5",
          "5.10.7",
          "5.10.9",
          "5.11.10",
          "5.11.4",
          "5.11.9",
          "5.12.4",
          "5.12.5",
          "5.12.8",
          "5.13.1",
          "5.13.10",
          "5.13.9",
          "5.14.1",
          "5.14.2",
          "5.14.4",
          "5.15.12",
          "5.15.3",
          "5.16.8",
          "5.17.5",
          "5.2.3",
          "5.2.5",
          "5.20.6",
          "5.21.16",
          "5.23.3",
          "5.23.6",
          "5.24.4",
          "5.24.6",
          "5.24.8",
          "5.25.12",
          "5.25.13",
          "5.25.4",
          "5.25.5",
          "5.25.7",
          "5.26.1",
          "5.26.4",
          "5.26.5",
          "5.26.7",
          "5.27.1",
          "5.27.2",
          "5.27.9",
          "5.4.4",
          "5.4.5",
          "5.4.6",
          "5.4.7",
          "5.4.8",
          "5.5.3",
          "5.6.1",
          "5.6.7",
          "5.6.8",
          "5.7.1",
          "5.7.10",
          "5.7.6",
          "5.7.9",
          "5.8.1",
          "5.8.2",
          "5.8.5",
          "5.8.6",
          "5.9.1",
          "5.9.4",
          "6.1.6",
          "6.10.2",
          "6.10.4",
          "6.10.8",
          "6.12.4",
          "6.12.5",
          "6.12.6",
          "6.12.7",
          "6.12.8",
          "6.13.11",
          "6.13.2",
          "6.13.3",
          "6.13.5",
          "6.13.6",
          "6.13.8",
          "6.14.1",
          "6.14.10",
          "6.14.13",
          "6.14.2",
          "6.14.3",
          "6.14.5",
          "6.15.1",
          "6.15.2",
          "6.15.3",
          "6.15.6",
          "6.15.9",
          "6.16.1",
          "6.16.4",
          "6.16.5",
          "6.16.8",
          "6.16.9",
          "6.17.2",
          "6.17.7",
          "6.18.1",
          "6.18.2",
          "6.18.7",
          "6.19.1",
          "6.19.10",
          "6.19.14",
          "6.19.4",
          "6.2.10",
          "6.2.2",
          "6.2.6",
          "6.20.14",
          "6.20.19",
          "6.20.2",
          "6.20.7",
          "6.21.2",
          "6.22.5",
          "6.22.7",
          "6.23.1",
          "6.23.6",
          "6.3.11",
          "6.3.14",
          "6.3.15",
          "6.3.2",
          "6.3.9",
          "6.4.11",
          "6.4.2",
          "6.4.5",
          "6.4.6",
          "6.4.9",
          "6.5.7",
          "6.6.1",
          "6.6.3",
          "6.6.5",
          "6.7.10",
          "6.7.3",
          "6.7.8",
          "6.8.1",
          "6.8.2",
          "6.8.3",
          "6.8.6",
          "6.9.3",
          "7.17.13",
          "7.17.14",
          "7.17.6",
          "7.23.5",
          "7.27.5",
          "7.27.6",
          "7.6.4",
          "8.1.2",
          "8.19.1",
          "8.42.9",
          "8.48.1",
          "8.48.2",
          "8.50.3",
          "8.54.3",
          "9.23.1",
          "9.7.5"
        ],
        "Manto": "https://resource.manto.unh.edu/10217933",
        "Pleiades": "https://pleiades.stoa.org/places/570531"
      }
    },
    {
      "type": "Feature",
      "geometry": {
        "type": "Point",
        "coordinates": [
          21.630126,
          37.637849
        ]
      },
      "properties": {
        "name": "Olympia",
        "region": "Eleia Bk5 Bk6",
        "part of": "Pisa (Eleia)",
        "altname": "Sanctuary of Olympian Zeus in Pisatis",
        "Wikidata": "https://wikidata.org/wiki/Q38888",
        "type": [
          "hieron"
        ],
        "passages": [
          "1.28.1",
          "1.35.6",
          "1.44.1",
          "10.14.5",
          "10.37.4",
          "10.38.8",
          "10.7.5",
          "10.9.4",
          "2.11.8",
          "2.5.7",
          "2.7.2",
          "3.8.3",
          "3.8.4",
          "3.8.5",
          "4.31.6",
          "5.1.4",
          "5.1.7",
          "5.10.1",
          "5.10.3",
          "5.10.4",
          "5.10.5",
          "5.10.7",
          "5.10.9",
          "5.11.10",
          "5.11.4",
          "5.11.9",
          "5.12.4",
          "5.12.5",
          "5.12.8",
          "5.13.1",
          "5.13.10",
          "5.13.9",
          "5.14.1",
          "5.14.2",
          "5.14.4",
          "5.15.12",
          "5.15.3",
          "5.16.8",
          "5.17.5",
          "5.2.3",
          "5.2.5",
          "5.20.6",
          "5.21.16",
          "5.23.3",
          "5.23.6",
          "5.24.4",
          "5.24.6",
          "5.24.8",
          "5.25.12",
          "5.25.13",
          "5.25.4",
          "5.25.5",
          "5.25.7",
          "5.26.1",
          "5.26.4",
          "5.26.5",
          "5.26.7",
          "5.27.1",
          "5.27.2",
          "5.27.9",
          "5.4.4",
          "5.4.5",
          "5.4.6",
          "5.4.7",
          "5.4.8",
          "5.5.3",
          "5.6.1",
          "5.6.7",
          "5.6.8",
          "5.7.1",
          "5.7.10",
          "5.7.6",
          "5.7.9",
          "5.8.1",
          "5.8.2",
          "5.8.5",
          "5.8.6",
          "5.9.1",
          "5.9.4",
          "6.1.6",
          "6.10.2",
          "6.10.4",
          "6.10.8",
          "6.12.4",
          "6.12.5",
          "6.12.6",
          "6.12.7",
          "6.12.8",
          "6.13.11",
          "6.13.2",
          "6.13.3",
          "6.13.5",
          "6.13.6",
          "6.13.8",
          "6.14.1",
          "6.14.10",
          "6.14.13",
          "6.14.2",
          "6.14.3",
          "6.14.5",
          "6.15.1",
          "6.15.2",
          "6.15.3",
          "6.15.6",
          "6.15.9",
          "6.16.1",
          "6.16.4",
          "6.16.5",
          "6.16.8",
          "6.16.9",
          "6.17.2",
          "6.17.7",
          "6.18.1",
          "6.18.2",
          "6.18.7",
          "6.19.1",
          "6.19.10",
          "6.19.14",
          "6.19.4",
          "6.2.10",
          "6.2.2",
          "6.2.6",
          "6.20.14",
          "6.20.19",
          "6.20.2",
          "6.20.7",
          "6.21.2",
          "6.22.5",
          "6.22.7",
          "6.23.1",
          "6.23.6",
          "6.3.11",
          "6.3.14",
          "6.3.15",
          "6.3.2",
          "6.3.9",
          "6.4.11",
          "6.4.2",
          "6.4.5",
          "6.4.6",
          "6.4.9",
          "6.5.7",
          "6.6.1",
          "6.6.3",
          "6.6.5",
          "6.7.10",
          "6.7.3",
          "6.7.8",
          "6.8.1",
          "6.8.2",
          "6.8.3",
          "6.8.6",
          "6.9.3",
          "7.17.13",
          "7.17.14",
          "7.17.6",
          "7.23.5",
          "7.27.5",
          "7.27.6",
          "7.6.4",
          "8.1.2",
          "8.19.1",
          "8.42.9",
          "8.48.1",
          "8.48.2",
          "8.50.3",
          "8.54.3",
          "9.23.1",
          "9.7.5"
        ],
        "Manto": "https://resource.manto.unh.edu/10217933",
        "Pleiades": "https://pleiades.stoa.org/places/570531"
      }
    },
    {
      "type": "Feature",
      "geometry": {
        "type": "Point",
        "coordinates": [
          21.630126,
          37.637849
        ]
      },
      "properties": {
        "name": "Olympia",
        "region": "Eleia Bk5 Bk6",
        "part of": "Pisa (Eleia)",
        "altname": "Sanctuary of Olympian Zeus in Pisatis",
        "Wikidata": "https://wikidata.org/wiki/Q38888",
        "type": [
          "hieron"
        ],
        "passages": [
          "1.28.1",
          "1.35.6",
          "1.44.1",
          "10.14.5",
          "10.37.4",
          "10.38.8",
          "10.7.5",
          "10.9.4",
          "2.11.8",
          "2.5.7",
          "2.7.2",
          "3.8.3",
          "3.8.4",
          "3.8.5",
          "4.31.6",
          "5.1.4",
          "5.1.7",
          "5.10.1",
          "5.10.3",
          "5.10.4",
          "5.10.5",
          "5.10.7",
          "5.10.9",
          "5.11.10",
          "5.11.4",
          "5.11.9",
          "5.12.4",
          "5.12.5",
          "5.12.8",
          "5.13.1",
          "5.13.10",
          "5.13.9",
          "5.14.1",
          "5.14.2",
          "5.14.4",
          "5.15.12",
          "5.15.3",
          "5.16.8",
          "5.17.5",
          "5.2.3",
          "5.2.5",
          "5.20.6",
          "5.21.16",
          "5.23.3",
          "5.23.6",
          "5.24.4",
          "5.24.6",
          "5.24.8",
          "5.25.12",
          "5.25.13",
          "5.25.4",
          "5.25.5",
          "5.25.7",
          "5.26.1",
          "5.26.4",
          "5.26.5",
          "5.26.7",
          "5.27.1",
          "5.27.2",
          "5.27.9",
          "5.4.4",
          "5.4.5",
          "5.4.6",
          "5.4.7",
          "5.4.8",
          "5.5.3",
          "5.6.1",
          "5.6.7",
          "5.6.8",
          "5.7.1",
          "5.7.10",
          "5.7.6",
          "5.7.9",
          "5.8.1",
          "5.8.2",
          "5.8.5",
          "5.8.6",
          "5.9.1",
          "5.9.4",
          "6.1.6",
          "6.10.2",
          "6.10.4",
          "6.10.8",
          "6.12.4",
          "6.12.5",
          "6.12.6",
          "6.12.7",
          "6.12.8",
          "6.13.11",
          "6.13.2",
          "6.13.3",
          "6.13.5",
          "6.13.6",
          "6.13.8",
          "6.14.1",
          "6.14.10",
          "6.14.13",
          "6.14.2",
          "6.14.3",
          "6.14.5",
          "6.15.1",
          "6.15.2",
          "6.15.3",
          "6.15.6",
          "6.15.9",
          "6.16.1",
          "6.16.4",
          "6.16.5",
          "6.16.8",
          "6.16.9",
          "6.17.2",
          "6.17.7",
          "6.18.1",
          "6.18.2",
          "6.18.7",
          "6.19.1",
          "6.19.10",
          "6.19.14",
          "6.19.4",
          "6.2.10",
          "6.2.2",
          "6.2.6",
          "6.20.14",
          "6.20.19",
          "6.20.2",
          "6.20.7",
          "6.21.2",
          "6.22.5",
          "6.22.7",
          "6.23.1",
          "6.23.6",
          "6.3.11",
          "6.3.14",
          "6.3.15",
          "6.3.2",
          "6.3.9",
          "6.4.11",
          "6.4.2",
          "6.4.5",
          "6.4.6",
          "6.4.9",
          "6.5.7",
          "6.6.1",
          "6.6.3",
          "6.6.5",
          "6.7.10",
          "6.7.3",
          "6.7.8",
          "6.8.1",
          "6.8.2",
          "6.8.3",
          "6.8.6",
          "6.9.3",
          "7.17.13",
          "7.17.14",
          "7.17.6",
          "7.23.5",
          "7.27.5",
          "7.27.6",
          "7.6.4",
          "8.1.2",
          "8.19.1",
          "8.42.9",
          "8.48.1",
          "8.48.2",
          "8.50.3",
          "8.54.3",
          "9.23.1",
          "9.7.5"
        ],
        "Manto": "https://resource.manto.unh.edu/10217933",
        "Pleiades": "https://pleiades.stoa.org/places/570531"
      }
    },
    {
      "type": "Feature",
      "geometry": {
        "type": "Point",
        "coordinates": [
          21.630126,
          37.637849
        ]
      },
      "properties": {
        "name": "Olympia",
        "region": "Eleia Bk5 Bk6",
        "part of": "Pisa (Eleia)",
        "altname": "Sanctuary of Olympian Zeus in Pisatis",
        "Wikidata": "https://wikidata.org/wiki/Q38888",
        "type": [
          "hieron"
        ],
        "passages": [
          "1.28.1",
          "1.35.6",
          "1.44.1",
          "10.14.5",
          "10.37.4",
          "10.38.8",
          "10.7.5",
          "10.9.4",
          "2.11.8",
          "2.5.7",
          "2.7.2",
          "3.8.3",
          "3.8.4",
          "3.8.5",
          "4.31.6",
          "5.1.4",
          "5.1.7",
          "5.10.1",
          "5.10.3",
          "5.10.4",
          "5.10.5",
          "5.10.7",
          "5.10.9",
          "5.11.10",
          "5.11.4",
          "5.11.9",
          "5.12.4",
          "5.12.5",
          "5.12.8",
          "5.13.1",
          "5.13.10",
          "5.13.9",
          "5.14.1",
          "5.14.2",
          "5.14.4",
          "5.15.12",
          "5.15.3",
          "5.16.8",
          "5.17.5",
          "5.2.3",
          "5.2.5",
          "5.20.6",
          "5.21.16",
          "5.23.3",
          "5.23.6",
          "5.24.4",
          "5.24.6",
          "5.24.8",
          "5.25.12",
          "5.25.13",
          "5.25.4",
          "5.25.5",
          "5.25.7",
          "5.26.1",
          "5.26.4",
          "5.26.5",
          "5.26.7",
          "5.27.1",
          "5.27.2",
          "5.27.9",
          "5.4.4",
          "5.4.5",
          "5.4.6",
          "5.4.7",
          "5.4.8",
          "5.5.3",
          "5.6.1",
          "5.6.7",
          "5.6.8",
          "5.7.1",
          "5.7.10",
          "5.7.6",
          "5.7.9",
          "5.8.1",
          "5.8.2",
          "5.8.5",
          "5.8.6",
          "5.9.1",
          "5.9.4",
          "6.1.6",
          "6.10.2",
          "6.10.4",
          "6.10.8",
          "6.12.4",
          "6.12.5",
          "6.12.6",
          "6.12.7",
          "6.12.8",
          "6.13.11",
          "6.13.2",
          "6.13.3",
          "6.13.5",
          "6.13.6",
          "6.13.8",
          "6.14.1",
          "6.14.10",
          "6.14.13",
          "6.14.2",
          "6.14.3",
          "6.14.5",
          "6.15.1",
          "6.15.2",
          "6.15.3",
          "6.15.6",
          "6.15.9",
          "6.16.1",
          "6.16.4",
          "6.16.5",
          "6.16.8",
          "6.16.9",
          "6.17.2",
          "6.17.7",
          "6.18.1",
          "6.18.2",
          "6.18.7",
          "6.19.1",
          "6.19.10",
          "6.19.14",
          "6.19.4",
          "6.2.10",
          "6.2.2",
          "6.2.6",
          "6.20.14",
          "6.20.19",
          "6.20.2",
          "6.20.7",
          "6.21.2",
          "6.22.5",
          "6.22.7",
          "6.23.1",
          "6.23.6",
          "6.3.11",
          "6.3.14",
          "6.3.15",
          "6.3.2",
          "6.3.9",
          "6.4.11",
          "6.4.2",
          "6.4.5",
          "6.4.6",
          "6.4.9",
          "6.5.7",
          "6.6.1",
          "6.6.3",
          "6.6.5",
          "6.7.10",
          "6.7.3",
          "6.7.8",
          "6.8.1",
          "6.8.2",
          "6.8.3",
          "6.8.6",
          "6.9.3",
          "7.17.13",
          "7.17.14",
          "7.17.6",
          "7.23.5",
          "7.27.5",
          "7.27.6",
          "7.6.4",
          "8.1.2",
          "8.19.1",
          "8.42.9",
          "8.48.1",
          "8.48.2",
          "8.50.3",
          "8.54.3",
          "9.23.1",
          "9.7.5"
        ],
        "Manto": "https://resource.manto.unh.edu/10217933",
        "Pleiades": "https://pleiades.stoa.org/places/570531"
      }
    },
    {
      "type": "Feature",
      "geometry": {
        "type": "Point",
        "coordinates": [
          21.630126,
          37.637849
        ]
      },
      "properties": {
        "name": "Olympia",
        "region": "Eleia Bk5 Bk6",
        "part of": "Pisa (Eleia)",
        "altname": "Sanctuary of Olympian Zeus in Pisatis",
        "Wikidata": "https://wikidata.org/wiki/Q38888",
        "type": [
          "hieron"
        ],
        "passages": [
          "1.28.1",
          "1.35.6",
          "1.44.1",
          "10.14.5",
          "10.37.4",
          "10.38.8",
          "10.7.5",
          "10.9.4",
          "2.11.8",
          "2.5.7",
          "2.7.2",
          "3.8.3",
          "3.8.4",
          "3.8.5",
          "4.31.6",
          "5.1.4",
          "5.1.7",
          "5.10.1",
          "5.10.3",
          "5.10.4",
          "5.10.5",
          "5.10.7",
          "5.10.9",
          "5.11.10",
          "5.11.4",
          "5.11.9",
          "5.12.4",
          "5.12.5",
          "5.12.8",
          "5.13.1",
          "5.13.10",
          "5.13.9",
          "5.14.1",
          "5.14.2",
          "5.14.4",
          "5.15.12",
          "5.15.3",
          "5.16.8",
          "5.17.5",
          "5.2.3",
          "5.2.5",
          "5.20.6",
          "5.21.16",
          "5.23.3",
          "5.23.6",
          "5.24.4",
          "5.24.6",
          "5.24.8",
          "5.25.12",
          "5.25.13",
          "5.25.4",
          "5.25.5",
          "5.25.7",
          "5.26.1",
          "5.26.4",
          "5.26.5",
          "5.26.7",
          "5.27.1",
          "5.27.2",
          "5.27.9",
          "5.4.4",
          "5.4.5",
          "5.4.6",
          "5.4.7",
          "5.4.8",
          "5.5.3",
          "5.6.1",
          "5.6.7",
          "5.6.8",
          "5.7.1",
          "5.7.10",
          "5.7.6",
          "5.7.9",
          "5.8.1",
          "5.8.2",
          "5.8.5",
          "5.8.6",
          "5.9.1",
          "5.9.4",
          "6.1.6",
          "6.10.2",
          "6.10.4",
          "6.10.8",
          "6.12.4",
          "6.12.5",
          "6.12.6",
          "6.12.7",
          "6.12.8",
          "6.13.11",
          "6.13.2",
          "6.13.3",
          "6.13.5",
          "6.13.6",
          "6.13.8",
          "6.14.1",
          "6.14.10",
          "6.14.13",
          "6.14.2",
          "6.14.3",
          "6.14.5",
          "6.15.1",
          "6.15.2",
          "6.15.3",
          "6.15.6",
          "6.15.9",
          "6.16.1",
          "6.16.4",
          "6.16.5",
          "6.16.8",
          "6.16.9",
          "6.17.2",
          "6.17.7",
          "6.18.1",
          "6.18.2",
          "6.18.7",
          "6.19.1",
          "6.19.10",
          "6.19.14",
          "6.19.4",
          "6.2.10",
          "6.2.2",
          "6.2.6",
          "6.20.14",
          "6.20.19",
          "6.20.2",
          "6.20.7",
          "6.21.2",
          "6.22.5",
          "6.22.7",
          "6.23.1",
          "6.23.6",
          "6.3.11",
          "6.3.14",
          "6.3.15",
          "6.3.2",
          "6.3.9",
          "6.4.11",
          "6.4.2",
          "6.4.5",
          "6.4.6",
          "6.4.9",
          "6.5.7",
          "6.6.1",
          "6.6.3",
          "6.6.5",
          "6.7.10",
          "6.7.3",
          "6.7.8",
          "6.8.1",
          "6.8.2",
          "6.8.3",
          "6.8.6",
          "6.9.3",
          "7.17.13",
          "7.17.14",
          "7.17.6",
          "7.23.5",
          "7.27.5",
          "7.27.6",
          "7.6.4",
          "8.1.2",
          "8.19.1",
          "8.42.9",
          "8.48.1",
          "8.48.2",
          "8.50.3",
          "8.54.3",
          "9.23.1",
          "9.7.5"
        ],
        "Manto": "https://resource.manto.unh.edu/10217933",
        "Pleiades": "https://pleiades.stoa.org/places/570531"
      }
    },
    {
      "type": "Feature",
      "geometry": {
        "type": "Point",
        "coordinates": [
          21.630126,
          37.637849
        ]
      },
      "properties": {
        "name": "Olympia",
        "region": "Eleia Bk5 Bk6",
        "part of": "Pisa (Eleia)",
        "altname": "Sanctuary of Olympian Zeus in Pisatis",
        "Wikidata": "https://wikidata.org/wiki/Q38888",
        "type": [
          "hieron"
        ],
        "passages": [
          "1.28.1",
          "1.35.6",
          "1.44.1",
          "10.14.5",
          "10.37.4",
          "10.38.8",
          "10.7.5",
          "10.9.4",
          "2.11.8",
          "2.5.7",
          "2.7.2",
          "3.8.3",
          "3.8.4",
          "3.8.5",
          "4.31.6",
          "5.1.4",
          "5.1.7",
          "5.10.1",
          "5.10.3",
          "5.10.4",
          "5.10.5",
          "5.10.7",
          "5.10.9",
          "5.11.10",
          "5.11.4",
          "5.11.9",
          "5.12.4",
          "5.12.5",
          "5.12.8",
          "5.13.1",
          "5.13.10",
          "5.13.9",
          "5.14.1",
          "5.14.2",
          "5.14.4",
          "5.15.12",
          "5.15.3",
          "5.16.8",
          "5.17.5",
          "5.2.3",
          "5.2.5",
          "5.20.6",
          "5.21.16",
          "5.23.3",
          "5.23.6",
          "5.24.4",
          "5.24.6",
          "5.24.8",
          "5.25.12",
          "5.25.13",
          "5.25.4",
          "5.25.5",
          "5.25.7",
          "5.26.1",
          "5.26.4",
          "5.26.5",
          "5.26.7",
          "5.27.1",
          "5.27.2",
          "5.27.9",
          "5.4.4",
          "5.4.5",
          "5.4.6",
          "5.4.7",
          "5.4.8",
          "5.5.3",
          "5.6.1",
          "5.6.7",
          "5.6.8",
          "5.7.1",
          "5.7.10",
          "5.7.6",
          "5.7.9",
          "5.8.1",
          "5.8.2",
          "5.8.5",
          "5.8.6",
          "5.9.1",
          "5.9.4",
          "6.1.6",
          "6.10.2",
          "6.10.4",
          "6.10.8",
          "6.12.4",
          "6.12.5",
          "6.12.6",
          "6.12.7",
          "6.12.8",
          "6.13.11",
          "6.13.2",
          "6.13.3",
          "6.13.5",
          "6.13.6",
          "6.13.8",
          "6.14.1",
          "6.14.10",
          "6.14.13",
          "6.14.2",
          "6.14.3",
          "6.14.5",
          "6.15.1",
          "6.15.2",
          "6.15.3",
          "6.15.6",
          "6.15.9",
          "6.16.1",
          "6.16.4",
          "6.16.5",
          "6.16.8",
          "6.16.9",
          "6.17.2",
          "6.17.7",
          "6.18.1",
          "6.18.2",
          "6.18.7",
          "6.19.1",
          "6.19.10",
          "6.19.14",
          "6.19.4",
          "6.2.10",
          "6.2.2",
          "6.2.6",
          "6.20.14",
          "6.20.19",
          "6.20.2",
          "6.20.7",
          "6.21.2",
          "6.22.5",
          "6.22.7",
          "6.23.1",
          "6.23.6",
          "6.3.11",
          "6.3.14",
          "6.3.15",
          "6.3.2",
          "6.3.9",
          "6.4.11",
          "6.4.2",
          "6.4.5",
          "6.4.6",
          "6.4.9",
          "6.5.7",
          "6.6.1",
          "6.6.3",
          "6.6.5",
          "6.7.10",
          "6.7.3",
          "6.7.8",
          "6.8.1",
          "6.8.2",
          "6.8.3",
          "6.8.6",
          "6.9.3",
          "7.17.13",
          "7.17.14",
          "7.17.6",
          "7.23.5",
          "7.27.5",
          "7.27.6",
          "7.6.4",
          "8.1.2",
          "8.19.1",
          "8.42.9",
          "8.48.1",
          "8.48.2",
          "8.50.3",
          "8.54.3",
          "9.23.1",
          "9.7.5"
        ],
        "Manto": "https://resource.manto.unh.edu/10217933",
        "Pleiades": "https://pleiades.stoa.org/places/570531"
      }
    },
    {
      "type": "Feature",
      "geometry": {
        "type": "Point",
        "coordinates": [
          21.630126,
          37.637849
        ]
      },
      "properties": {
        "name": "Olympia",
        "region": "Eleia Bk5 Bk6",
        "part of": "Pisa (Eleia)",
        "altname": "Sanctuary of Olympian Zeus in Pisatis",
        "Wikidata": "https://wikidata.org/wiki/Q38888",
        "type": [
          "hieron"
        ],
        "passages": [
          "1.28.1",
          "1.35.6",
          "1.44.1",
          "10.14.5",
          "10.37.4",
          "10.38.8",
          "10.7.5",
          "10.9.4",
          "2.11.8",
          "2.5.7",
          "2.7.2",
          "3.8.3",
          "3.8.4",
          "3.8.5",
          "4.31.6",
          "5.1.4",
          "5.1.7",
          "5.10.1",
          "5.10.3",
          "5.10.4",
          "5.10.5",
          "5.10.7",
          "5.10.9",
          "5.11.10",
          "5.11.4",
          "5.11.9",
          "5.12.4",
          "5.12.5",
          "5.12.8",
          "5.13.1",
          "5.13.10",
          "5.13.9",
          "5.14.1",
          "5.14.2",
          "5.14.4",
          "5.15.12",
          "5.15.3",
          "5.16.8",
          "5.17.5",
          "5.2.3",
          "5.2.5",
          "5.20.6",
          "5.21.16",
          "5.23.3",
          "5.23.6",
          "5.24.4",
          "5.24.6",
          "5.24.8",
          "5.25.12",
          "5.25.13",
          "5.25.4",
          "5.25.5",
          "5.25.7",
          "5.26.1",
          "5.26.4",
          "5.26.5",
          "5.26.7",
          "5.27.1",
          "5.27.2",
          "5.27.9",
          "5.4.4",
          "5.4.5",
          "5.4.6",
          "5.4.7",
          "5.4.8",
          "5.5.3",
          "5.6.1",
          "5.6.7",
          "5.6.8",
          "5.7.1",
          "5.7.10",
          "5.7.6",
          "5.7.9",
          "5.8.1",
          "5.8.2",
          "5.8.5",
          "5.8.6",
          "5.9.1",
          "5.9.4",
          "6.1.6",
          "6.10.2",
          "6.10.4",
          "6.10.8",
          "6.12.4",
          "6.12.5",
          "6.12.6",
          "6.12.7",
          "6.12.8",
          "6.13.11",
          "6.13.2",
          "6.13.3",
          "6.13.5",
          "6.13.6",
          "6.13.8",
          "6.14.1",
          "6.14.10",
          "6.14.13",
          "6.14.2",
          "6.14.3",
          "6.14.5",
          "6.15.1",
          "6.15.2",
          "6.15.3",
          "6.15.6",
          "6.15.9",
          "6.16.1",
          "6.16.4",
          "6.16.5",
          "6.16.8",
          "6.16.9",
          "6.17.2",
          "6.17.7",
          "6.18.1",
          "6.18.2",
          "6.18.7",
          "6.19.1",
          "6.19.10",
          "6.19.14",
          "6.19.4",
          "6.2.10",
          "6.2.2",
          "6.2.6",
          "6.20.14",
          "6.20.19",
          "6.20.2",
          "6.20.7",
          "6.21.2",
          "6.22.5",
          "6.22.7",
          "6.23.1",
          "6.23.6",
          "6.3.11",
          "6.3.14",
          "6.3.15",
          "6.3.2",
          "6.3.9",
          "6.4.11",
          "6.4.2",
          "6.4.5",
          "6.4.6",
          "6.4.9",
          "6.5.7",
          "6.6.1",
          "6.6.3",
          "6.6.5",
          "6.7.10",
          "6.7.3",
          "6.7.8",
          "6.8.1",
          "6.8.2",
          "6.8.3",
          "6.8.6",
          "6.9.3",
          "7.17.13",
          "7.17.14",
          "7.17.6",
          "7.23.5",
          "7.27.5",
          "7.27.6",
          "7.6.4",
          "8.1.2",
          "8.19.1",
          "8.42.9",
          "8.48.1",
          "8.48.2",
          "8.50.3",
          "8.54.3",
          "9.23.1",
          "9.7.5"
        ],
        "Manto": "https://resource.manto.unh.edu/10217933",
        "Pleiades": "https://pleiades.stoa.org/places/570531"
      }
    },
    {
      "type": "Feature",
      "geometry": {
        "type": "Point",
        "coordinates": [
          21.630126,
          37.637849
        ]
      },
      "properties": {
        "name": "Olympia",
        "region": "Eleia Bk5 Bk6",
        "part of": "Pisa (Eleia)",
        "altname": "Sanctuary of Olympian Zeus in Pisatis",
        "Wikidata": "https://wikidata.org/wiki/Q38888",
        "type": [
          "hieron"
        ],
        "passages": [
          "1.28.1",
          "1.35.6",
          "1.44.1",
          "10.14.5",
          "10.37.4",
          "10.38.8",
          "10.7.5",
          "10.9.4",
          "2.11.8",
          "2.5.7",
          "2.7.2",
          "3.8.3",
          "3.8.4",
          "3.8.5",
          "4.31.6",
          "5.1.4",
          "5.1.7",
          "5.10.1",
          "5.10.3",
          "5.10.4",
          "5.10.5",
          "5.10.7",
          "5.10.9",
          "5.11.10",
          "5.11.4",
          "5.11.9",
          "5.12.4",
          "5.12.5",
          "5.12.8",
          "5.13.1",
          "5.13.10",
          "5.13.9",
          "5.14.1",
          "5.14.2",
          "5.14.4",
          "5.15.12",
          "5.15.3",
          "5.16.8",
          "5.17.5",
          "5.2.3",
          "5.2.5",
          "5.20.6",
          "5.21.16",
          "5.23.3",
          "5.23.6",
          "5.24.4",
          "5.24.6",
          "5.24.8",
          "5.25.12",
          "5.25.13",
          "5.25.4",
          "5.25.5",
          "5.25.7",
          "5.26.1",
          "5.26.4",
          "5.26.5",
          "5.26.7",
          "5.27.1",
          "5.27.2",
          "5.27.9",
          "5.4.4",
          "5.4.5",
          "5.4.6",
          "5.4.7",
          "5.4.8",
          "5.5.3",
          "5.6.1",
          "5.6.7",
          "5.6.8",
          "5.7.1",
          "5.7.10",
          "5.7.6",
          "5.7.9",
          "5.8.1",
          "5.8.2",
          "5.8.5",
          "5.8.6",
          "5.9.1",
          "5.9.4",
          "6.1.6",
          "6.10.2",
          "6.10.4",
          "6.10.8",
          "6.12.4",
          "6.12.5",
          "6.12.6",
          "6.12.7",
          "6.12.8",
          "6.13.11",
          "6.13.2",
          "6.13.3",
          "6.13.5",
          "6.13.6",
          "6.13.8",
          "6.14.1",
          "6.14.10",
          "6.14.13",
          "6.14.2",
          "6.14.3",
          "6.14.5",
          "6.15.1",
          "6.15.2",
          "6.15.3",
          "6.15.6",
          "6.15.9",
          "6.16.1",
          "6.16.4",
          "6.16.5",
          "6.16.8",
          "6.16.9",
          "6.17.2",
          "6.17.7",
          "6.18.1",
          "6.18.2",
          "6.18.7",
          "6.19.1",
          "6.19.10",
          "6.19.14",
          "6.19.4",
          "6.2.10",
          "6.2.2",
          "6.2.6",
          "6.20.14",
          "6.20.19",
          "6.20.2",
          "6.20.7",
          "6.21.2",
          "6.22.5",
          "6.22.7",
          "6.23.1",
          "6.23.6",
          "6.3.11",
          "6.3.14",
          "6.3.15",
          "6.3.2",
          "6.3.9",
          "6.4.11",
          "6.4.2",
          "6.4.5",
          "6.4.6",
          "6.4.9",
          "6.5.7",
          "6.6.1",
          "6.6.3",
          "6.6.5",
          "6.7.10",
          "6.7.3",
          "6.7.8",
          "6.8.1",
          "6.8.2",
          "6.8.3",
          "6.8.6",
          "6.9.3",
          "7.17.13",
          "7.17.14",
          "7.17.6",
          "7.23.5",
          "7.27.5",
          "7.27.6",
          "7.6.4",
          "8.1.2",
          "8.19.1",
          "8.42.9",
          "8.48.1",
          "8.48.2",
          "8.50.3",
          "8.54.3",
          "9.23.1",
          "9.7.5"
        ],
        "Manto": "https://resource.manto.unh.edu/10217933",
        "Pleiades": "https://pleiades.stoa.org/places/570531"
      }
    },
    {
      "type": "Feature",
      "geometry": {
        "type": "Point",
        "coordinates": [
          21.630126,
          37.637849
        ]
      },
      "properties": {
        "name": "Olympia",
        "region": "Eleia Bk5 Bk6",
        "part of": "Pisa (Eleia)",
        "altname": "Sanctuary of Olympian Zeus in Pisatis",
        "Wikidata": "https://wikidata.org/wiki/Q38888",
        "type": [
          "hieron"
        ],
        "passages": [
          "1.28.1",
          "1.35.6",
          "1.44.1",
          "10.14.5",
          "10.37.4",
          "10.38.8",
          "10.7.5",
          "10.9.4",
          "2.11.8",
          "2.5.7",
          "2.7.2",
          "3.8.3",
          "3.8.4",
          "3.8.5",
          "4.31.6",
          "5.1.4",
          "5.1.7",
          "5.10.1",
          "5.10.3",
          "5.10.4",
          "5.10.5",
          "5.10.7",
          "5.10.9",
          "5.11.10",
          "5.11.4",
          "5.11.9",
          "5.12.4",
          "5.12.5",
          "5.12.8",
          "5.13.1",
          "5.13.10",
          "5.13.9",
          "5.14.1",
          "5.14.2",
          "5.14.4",
          "5.15.12",
          "5.15.3",
          "5.16.8",
          "5.17.5",
          "5.2.3",
          "5.2.5",
          "5.20.6",
          "5.21.16",
          "5.23.3",
          "5.23.6",
          "5.24.4",
          "5.24.6",
          "5.24.8",
          "5.25.12",
          "5.25.13",
          "5.25.4",
          "5.25.5",
          "5.25.7",
          "5.26.1",
          "5.26.4",
          "5.26.5",
          "5.26.7",
          "5.27.1",
          "5.27.2",
          "5.27.9",
          "5.4.4",
          "5.4.5",
          "5.4.6",
          "5.4.7",
          "5.4.8",
          "5.5.3",
          "5.6.1",
          "5.6.7",
          "5.6.8",
          "5.7.1",
          "5.7.10",
          "5.7.6",
          "5.7.9",
          "5.8.1",
          "5.8.2",
          "5.8.5",
          "5.8.6",
          "5.9.1",
          "5.9.4",
          "6.1.6",
          "6.10.2",
          "6.10.4",
          "6.10.8",
          "6.12.4",
          "6.12.5",
          "6.12.6",
          "6.12.7",
          "6.12.8",
          "6.13.11",
          "6.13.2",
          "6.13.3",
          "6.13.5",
          "6.13.6",
          "6.13.8",
          "6.14.1",
          "6.14.10",
          "6.14.13",
          "6.14.2",
          "6.14.3",
          "6.14.5",
          "6.15.1",
          "6.15.2",
          "6.15.3",
          "6.15.6",
          "6.15.9",
          "6.16.1",
          "6.16.4",
          "6.16.5",
          "6.16.8",
          "6.16.9",
          "6.17.2",
          "6.17.7",
          "6.18.1",
          "6.18.2",
          "6.18.7",
          "6.19.1",
          "6.19.10",
          "6.19.14",
          "6.19.4",
          "6.2.10",
          "6.2.2",
          "6.2.6",
          "6.20.14",
          "6.20.19",
          "6.20.2",
          "6.20.7",
          "6.21.2",
          "6.22.5",
          "6.22.7",
          "6.23.1",
          "6.23.6",
          "6.3.11",
          "6.3.14",
          "6.3.15",
          "6.3.2",
          "6.3.9",
          "6.4.11",
          "6.4.2",
          "6.4.5",
          "6.4.6",
          "6.4.9",
          "6.5.7",
          "6.6.1",
          "6.6.3",
          "6.6.5",
          "6.7.10",
          "6.7.3",
          "6.7.8",
          "6.8.1",
          "6.8.2",
          "6.8.3",
          "6.8.6",
          "6.9.3",
          "7.17.13",
          "7.17.14",
          "7.17.6",
          "7.23.5",
          "7.27.5",
          "7.27.6",
          "7.6.4",
          "8.1.2",
          "8.19.1",
          "8.42.9",
          "8.48.1",
          "8.48.2",
          "8.50.3",
          "8.54.3",
          "9.23.1",
          "9.7.5"
        ],
        "Manto": "https://resource.manto.unh.edu/10217933",
        "Pleiades": "https://pleiades.stoa.org/places/570531"
      }
    },
    {
      "type": "Feature",
      "geometry": {
        "type": "Point",
        "coordinates": [
          21.630126,
          37.637849
        ]
      },
      "properties": {
        "name": "Olympia",
        "region": "Eleia Bk5 Bk6",
        "part of": "Pisa (Eleia)",
        "altname": "Sanctuary of Olympian Zeus in Pisatis",
        "Wikidata": "https://wikidata.org/wiki/Q38888",
        "type": [
          "hieron"
        ],
        "passages": [
          "1.28.1",
          "1.35.6",
          "1.44.1",
          "10.14.5",
          "10.37.4",
          "10.38.8",
          "10.7.5",
          "10.9.4",
          "2.11.8",
          "2.5.7",
          "2.7.2",
          "3.8.3",
          "3.8.4",
          "3.8.5",
          "4.31.6",
          "5.1.4",
          "5.1.7",
          "5.10.1",
          "5.10.3",
          "5.10.4",
          "5.10.5",
          "5.10.7",
          "5.10.9",
          "5.11.10",
          "5.11.4",
          "5.11.9",
          "5.12.4",
          "5.12.5",
          "5.12.8",
          "5.13.1",
          "5.13.10",
          "5.13.9",
          "5.14.1",
          "5.14.2",
          "5.14.4",
          "5.15.12",
          "5.15.3",
          "5.16.8",
          "5.17.5",
          "5.2.3",
          "5.2.5",
          "5.20.6",
          "5.21.16",
          "5.23.3",
          "5.23.6",
          "5.24.4",
          "5.24.6",
          "5.24.8",
          "5.25.12",
          "5.25.13",
          "5.25.4",
          "5.25.5",
          "5.25.7",
          "5.26.1",
          "5.26.4",
          "5.26.5",
          "5.26.7",
          "5.27.1",
          "5.27.2",
          "5.27.9",
          "5.4.4",
          "5.4.5",
          "5.4.6",
          "5.4.7",
          "5.4.8",
          "5.5.3",
          "5.6.1",
          "5.6.7",
          "5.6.8",
          "5.7.1",
          "5.7.10",
          "5.7.6",
          "5.7.9",
          "5.8.1",
          "5.8.2",
          "5.8.5",
          "5.8.6",
          "5.9.1",
          "5.9.4",
          "6.1.6",
          "6.10.2",
          "6.10.4",
          "6.10.8",
          "6.12.4",
          "6.12.5",
          "6.12.6",
          "6.12.7",
          "6.12.8",
          "6.13.11",
          "6.13.2",
          "6.13.3",
          "6.13.5",
          "6.13.6",
          "6.13.8",
          "6.14.1",
          "6.14.10",
          "6.14.13",
          "6.14.2",
          "6.14.3",
          "6.14.5",
          "6.15.1",
          "6.15.2",
          "6.15.3",
          "6.15.6",
          "6.15.9",
          "6.16.1",
          "6.16.4",
          "6.16.5",
          "6.16.8",
          "6.16.9",
          "6.17.2",
          "6.17.7",
          "6.18.1",
          "6.18.2",
          "6.18.7",
          "6.19.1",
          "6.19.10",
          "6.19.14",
          "6.19.4",
          "6.2.10",
          "6.2.2",
          "6.2.6",
          "6.20.14",
          "6.20.19",
          "6.20.2",
          "6.20.7",
          "6.21.2",
          "6.22.5",
          "6.22.7",
          "6.23.1",
          "6.23.6",
          "6.3.11",
          "6.3.14",
          "6.3.15",
          "6.3.2",
          "6.3.9",
          "6.4.11",
          "6.4.2",
          "6.4.5",
          "6.4.6",
          "6.4.9",
          "6.5.7",
          "6.6.1",
          "6.6.3",
          "6.6.5",
          "6.7.10",
          "6.7.3",
          "6.7.8",
          "6.8.1",
          "6.8.2",
          "6.8.3",
          "6.8.6",
          "6.9.3",
          "7.17.13",
          "7.17.14",
          "7.17.6",
          "7.23.5",
          "7.27.5",
          "7.27.6",
          "7.6.4",
          "8.1.2",
          "8.19.1",
          "8.42.9",
          "8.48.1",
          "8.48.2",
          "8.50.3",
          "8.54.3",
          "9.23.1",
          "9.7.5"
        ],
        "Manto": "https://resource.manto.unh.edu/10217933",
        "Pleiades": "https://pleiades.stoa.org/places/570531"
      }
    },
    {
      "type": "Feature",
      "geometry": {
        "type": "Point",
        "coordinates": [
          21.630126,
          37.637849
        ]
      },
      "properties": {
        "name": "Olympia",
        "region": "Eleia Bk5 Bk6",
        "part of": "Pisa (Eleia)",
        "altname": "Sanctuary of Olympian Zeus in Pisatis",
        "Wikidata": "https://wikidata.org/wiki/Q38888",
        "type": [
          "hieron"
        ],
        "passages": [
          "1.28.1",
          "1.35.6",
          "1.44.1",
          "10.14.5",
          "10.37.4",
          "10.38.8",
          "10.7.5",
          "10.9.4",
          "2.11.8",
          "2.5.7",
          "2.7.2",
          "3.8.3",
          "3.8.4",
          "3.8.5",
          "4.31.6",
          "5.1.4",
          "5.1.7",
          "5.10.1",
          "5.10.3",
          "5.10.4",
          "5.10.5",
          "5.10.7",
          "5.10.9",
          "5.11.10",
          "5.11.4",
          "5.11.9",
          "5.12.4",
          "5.12.5",
          "5.12.8",
          "5.13.1",
          "5.13.10",
          "5.13.9",
          "5.14.1",
          "5.14.2",
          "5.14.4",
          "5.15.12",
          "5.15.3",
          "5.16.8",
          "5.17.5",
          "5.2.3",
          "5.2.5",
          "5.20.6",
          "5.21.16",
          "5.23.3",
          "5.23.6",
          "5.24.4",
          "5.24.6",
          "5.24.8",
          "5.25.12",
          "5.25.13",
          "5.25.4",
          "5.25.5",
          "5.25.7",
          "5.26.1",
          "5.26.4",
          "5.26.5",
          "5.26.7",
          "5.27.1",
          "5.27.2",
          "5.27.9",
          "5.4.4",
          "5.4.5",
          "5.4.6",
          "5.4.7",
          "5.4.8",
          "5.5.3",
          "5.6.1",
          "5.6.7",
          "5.6.8",
          "5.7.1",
          "5.7.10",
          "5.7.6",
          "5.7.9",
          "5.8.1",
          "5.8.2",
          "5.8.5",
          "5.8.6",
          "5.9.1",
          "5.9.4",
          "6.1.6",
          "6.10.2",
          "6.10.4",
          "6.10.8",
          "6.12.4",
          "6.12.5",
          "6.12.6",
          "6.12.7",
          "6.12.8",
          "6.13.11",
          "6.13.2",
          "6.13.3",
          "6.13.5",
          "6.13.6",
          "6.13.8",
          "6.14.1",
          "6.14.10",
          "6.14.13",
          "6.14.2",
          "6.14.3",
          "6.14.5",
          "6.15.1",
          "6.15.2",
          "6.15.3",
          "6.15.6",
          "6.15.9",
          "6.16.1",
          "6.16.4",
          "6.16.5",
          "6.16.8",
          "6.16.9",
          "6.17.2",
          "6.17.7",
          "6.18.1",
          "6.18.2",
          "6.18.7",
          "6.19.1",
          "6.19.10",
          "6.19.14",
          "6.19.4",
          "6.2.10",
          "6.2.2",
          "6.2.6",
          "6.20.14",
          "6.20.19",
          "6.20.2",
          "6.20.7",
          "6.21.2",
          "6.22.5",
          "6.22.7",
          "6.23.1",
          "6.23.6",
          "6.3.11",
          "6.3.14",
          "6.3.15",
          "6.3.2",
          "6.3.9",
          "6.4.11",
          "6.4.2",
          "6.4.5",
          "6.4.6",
          "6.4.9",
          "6.5.7",
          "6.6.1",
          "6.6.3",
          "6.6.5",
          "6.7.10",
          "6.7.3",
          "6.7.8",
          "6.8.1",
          "6.8.2",
          "6.8.3",
          "6.8.6",
          "6.9.3",
          "7.17.13",
          "7.17.14",
          "7.17.6",
          "7.23.5",
          "7.27.5",
          "7.27.6",
          "7.6.4",
          "8.1.2",
          "8.19.1",
          "8.42.9",
          "8.48.1",
          "8.48.2",
          "8.50.3",
          "8.54.3",
          "9.23.1",
          "9.7.5"
        ],
        "Manto": "https://resource.manto.unh.edu/10217933",
        "Pleiades": "https://pleiades.stoa.org/places/570531"
      }
    },
    {
      "type": "Feature",
      "geometry": {
        "type": "Point",
        "coordinates": [
          21.630126,
          37.637849
        ]
      },
      "properties": {
        "name": "Olympia",
        "region": "Eleia Bk5 Bk6",
        "part of": "Pisa (Eleia)",
        "altname": "Sanctuary of Olympian Zeus in Pisatis",
        "Wikidata": "https://wikidata.org/wiki/Q38888",
        "type": [
          "hieron"
        ],
        "passages": [
          "1.28.1",
          "1.35.6",
          "1.44.1",
          "10.14.5",
          "10.37.4",
          "10.38.8",
          "10.7.5",
          "10.9.4",
          "2.11.8",
          "2.5.7",
          "2.7.2",
          "3.8.3",
          "3.8.4",
          "3.8.5",
          "4.31.6",
          "5.1.4",
          "5.1.7",
          "5.10.1",
          "5.10.3",
          "5.10.4",
          "5.10.5",
          "5.10.7",
          "5.10.9",
          "5.11.10",
          "5.11.4",
          "5.11.9",
          "5.12.4",
          "5.12.5",
          "5.12.8",
          "5.13.1",
          "5.13.10",
          "5.13.9",
          "5.14.1",
          "5.14.2",
          "5.14.4",
          "5.15.12",
          "5.15.3",
          "5.16.8",
          "5.17.5",
          "5.2.3",
          "5.2.5",
          "5.20.6",
          "5.21.16",
          "5.23.3",
          "5.23.6",
          "5.24.4",
          "5.24.6",
          "5.24.8",
          "5.25.12",
          "5.25.13",
          "5.25.4",
          "5.25.5",
          "5.25.7",
          "5.26.1",
          "5.26.4",
          "5.26.5",
          "5.26.7",
          "5.27.1",
          "5.27.2",
          "5.27.9",
          "5.4.4",
          "5.4.5",
          "5.4.6",
          "5.4.7",
          "5.4.8",
          "5.5.3",
          "5.6.1",
          "5.6.7",
          "5.6.8",
          "5.7.1",
          "5.7.10",
          "5.7.6",
          "5.7.9",
          "5.8.1",
          "5.8.2",
          "5.8.5",
          "5.8.6",
          "5.9.1",
          "5.9.4",
          "6.1.6",
          "6.10.2",
          "6.10.4",
          "6.10.8",
          "6.12.4",
          "6.12.5",
          "6.12.6",
          "6.12.7",
          "6.12.8",
          "6.13.11",
          "6.13.2",
          "6.13.3",
          "6.13.5",
          "6.13.6",
          "6.13.8",
          "6.14.1",
          "6.14.10",
          "6.14.13",
          "6.14.2",
          "6.14.3",
          "6.14.5",
          "6.15.1",
          "6.15.2",
          "6.15.3",
          "6.15.6",
          "6.15.9",
          "6.16.1",
          "6.16.4",
          "6.16.5",
          "6.16.8",
          "6.16.9",
          "6.17.2",
          "6.17.7",
          "6.18.1",
          "6.18.2",
          "6.18.7",
          "6.19.1",
          "6.19.10",
          "6.19.14",
          "6.19.4",
          "6.2.10",
          "6.2.2",
          "6.2.6",
          "6.20.14",
          "6.20.19",
          "6.20.2",
          "6.20.7",
          "6.21.2",
          "6.22.5",
          "6.22.7",
          "6.23.1",
          "6.23.6",
          "6.3.11",
          "6.3.14",
          "6.3.15",
          "6.3.2",
          "6.3.9",
          "6.4.11",
          "6.4.2",
          "6.4.5",
          "6.4.6",
          "6.4.9",
          "6.5.7",
          "6.6.1",
          "6.6.3",
          "6.6.5",
          "6.7.10",
          "6.7.3",
          "6.7.8",
          "6.8.1",
          "6.8.2",
          "6.8.3",
          "6.8.6",
          "6.9.3",
          "7.17.13",
          "7.17.14",
          "7.17.6",
          "7.23.5",
          "7.27.5",
          "7.27.6",
          "7.6.4",
          "8.1.2",
          "8.19.1",
          "8.42.9",
          "8.48.1",
          "8.48.2",
          "8.50.3",
          "8.54.3",
          "9.23.1",
          "9.7.5"
        ],
        "Manto": "https://resource.manto.unh.edu/10217933",
        "Pleiades": "https://pleiades.stoa.org/places/570531"
      }
    },
    {
      "type": "Feature",
      "geometry": {
        "type": "Point",
        "coordinates": [
          21.630126,
          37.637849
        ]
      },
      "properties": {
        "name": "Olympia",
        "region": "Eleia Bk5 Bk6",
        "part of": "Pisa (Eleia)",
        "altname": "Sanctuary of Olympian Zeus in Pisatis",
        "Wikidata": "https://wikidata.org/wiki/Q38888",
        "type": [
          "hieron"
        ],
        "passages": [
          "1.28.1",
          "1.35.6",
          "1.44.1",
          "10.14.5",
          "10.37.4",
          "10.38.8",
          "10.7.5",
          "10.9.4",
          "2.11.8",
          "2.5.7",
          "2.7.2",
          "3.8.3",
          "3.8.4",
          "3.8.5",
          "4.31.6",
          "5.1.4",
          "5.1.7",
          "5.10.1",
          "5.10.3",
          "5.10.4",
          "5.10.5",
          "5.10.7",
          "5.10.9",
          "5.11.10",
          "5.11.4",
          "5.11.9",
          "5.12.4",
          "5.12.5",
          "5.12.8",
          "5.13.1",
          "5.13.10",
          "5.13.9",
          "5.14.1",
          "5.14.2",
          "5.14.4",
          "5.15.12",
          "5.15.3",
          "5.16.8",
          "5.17.5",
          "5.2.3",
          "5.2.5",
          "5.20.6",
          "5.21.16",
          "5.23.3",
          "5.23.6",
          "5.24.4",
          "5.24.6",
          "5.24.8",
          "5.25.12",
          "5.25.13",
          "5.25.4",
          "5.25.5",
          "5.25.7",
          "5.26.1",
          "5.26.4",
          "5.26.5",
          "5.26.7",
          "5.27.1",
          "5.27.2",
          "5.27.9",
          "5.4.4",
          "5.4.5",
          "5.4.6",
          "5.4.7",
          "5.4.8",
          "5.5.3",
          "5.6.1",
          "5.6.7",
          "5.6.8",
          "5.7.1",
          "5.7.10",
          "5.7.6",
          "5.7.9",
          "5.8.1",
          "5.8.2",
          "5.8.5",
          "5.8.6",
          "5.9.1",
          "5.9.4",
          "6.1.6",
          "6.10.2",
          "6.10.4",
          "6.10.8",
          "6.12.4",
          "6.12.5",
          "6.12.6",
          "6.12.7",
          "6.12.8",
          "6.13.11",
          "6.13.2",
          "6.13.3",
          "6.13.5",
          "6.13.6",
          "6.13.8",
          "6.14.1",
          "6.14.10",
          "6.14.13",
          "6.14.2",
          "6.14.3",
          "6.14.5",
          "6.15.1",
          "6.15.2",
          "6.15.3",
          "6.15.6",
          "6.15.9",
          "6.16.1",
          "6.16.4",
          "6.16.5",
          "6.16.8",
          "6.16.9",
          "6.17.2",
          "6.17.7",
          "6.18.1",
          "6.18.2",
          "6.18.7",
          "6.19.1",
          "6.19.10",
          "6.19.14",
          "6.19.4",
          "6.2.10",
          "6.2.2",
          "6.2.6",
          "6.20.14",
          "6.20.19",
          "6.20.2",
          "6.20.7",
          "6.21.2",
          "6.22.5",
          "6.22.7",
          "6.23.1",
          "6.23.6",
          "6.3.11",
          "6.3.14",
          "6.3.15",
          "6.3.2",
          "6.3.9",
          "6.4.11",
          "6.4.2",
          "6.4.5",
          "6.4.6",
          "6.4.9",
          "6.5.7",
          "6.6.1",
          "6.6.3",
          "6.6.5",
          "6.7.10",
          "6.7.3",
          "6.7.8",
          "6.8.1",
          "6.8.2",
          "6.8.3",
          "6.8.6",
          "6.9.3",
          "7.17.13",
          "7.17.14",
          "7.17.6",
          "7.23.5",
          "7.27.5",
          "7.27.6",
          "7.6.4",
          "8.1.2",
          "8.19.1",
          "8.42.9",
          "8.48.1",
          "8.48.2",
          "8.50.3",
          "8.54.3",
          "9.23.1",
          "9.7.5"
        ],
        "Manto": "https://resource.manto.unh.edu/10217933",
        "Pleiades": "https://pleiades.stoa.org/places/570531"
      }
    },
    {
      "type": "Feature",
      "geometry": {
        "type": "Point",
        "coordinates": [
          21.630126,
          37.637849
        ]
      },
      "properties": {
        "name": "Olympia",
        "region": "Eleia Bk5 Bk6",
        "part of": "Pisa (Eleia)",
        "altname": "Sanctuary of Olympian Zeus in Pisatis",
        "Wikidata": "https://wikidata.org/wiki/Q38888",
        "type": [
          "hieron"
        ],
        "passages": [
          "1.28.1",
          "1.35.6",
          "1.44.1",
          "10.14.5",
          "10.37.4",
          "10.38.8",
          "10.7.5",
          "10.9.4",
          "2.11.8",
          "2.5.7",
          "2.7.2",
          "3.8.3",
          "3.8.4",
          "3.8.5",
          "4.31.6",
          "5.1.4",
          "5.1.7",
          "5.10.1",
          "5.10.3",
          "5.10.4",
          "5.10.5",
          "5.10.7",
          "5.10.9",
          "5.11.10",
          "5.11.4",
          "5.11.9",
          "5.12.4",
          "5.12.5",
          "5.12.8",
          "5.13.1",
          "5.13.10",
          "5.13.9",
          "5.14.1",
          "5.14.2",
          "5.14.4",
          "5.15.12",
          "5.15.3",
          "5.16.8",
          "5.17.5",
          "5.2.3",
          "5.2.5",
          "5.20.6",
          "5.21.16",
          "5.23.3",
          "5.23.6",
          "5.24.4",
          "5.24.6",
          "5.24.8",
          "5.25.12",
          "5.25.13",
          "5.25.4",
          "5.25.5",
          "5.25.7",
          "5.26.1",
          "5.26.4",
          "5.26.5",
          "5.26.7",
          "5.27.1",
          "5.27.2",
          "5.27.9",
          "5.4.4",
          "5.4.5",
          "5.4.6",
          "5.4.7",
          "5.4.8",
          "5.5.3",
          "5.6.1",
          "5.6.7",
          "5.6.8",
          "5.7.1",
          "5.7.10",
          "5.7.6",
          "5.7.9",
          "5.8.1",
          "5.8.2",
          "5.8.5",
          "5.8.6",
          "5.9.1",
          "5.9.4",
          "6.1.6",
          "6.10.2",
          "6.10.4",
          "6.10.8",
          "6.12.4",
          "6.12.5",
          "6.12.6",
          "6.12.7",
          "6.12.8",
          "6.13.11",
          "6.13.2",
          "6.13.3",
          "6.13.5",
          "6.13.6",
          "6.13.8",
          "6.14.1",
          "6.14.10",
          "6.14.13",
          "6.14.2",
          "6.14.3",
          "6.14.5",
          "6.15.1",
          "6.15.2",
          "6.15.3",
          "6.15.6",
          "6.15.9",
          "6.16.1",
          "6.16.4",
          "6.16.5",
          "6.16.8",
          "6.16.9",
          "6.17.2",
          "6.17.7",
          "6.18.1",
          "6.18.2",
          "6.18.7",
          "6.19.1",
          "6.19.10",
          "6.19.14",
          "6.19.4",
          "6.2.10",
          "6.2.2",
          "6.2.6",
          "6.20.14",
          "6.20.19",
          "6.20.2",
          "6.20.7",
          "6.21.2",
          "6.22.5",
          "6.22.7",
          "6.23.1",
          "6.23.6",
          "6.3.11",
          "6.3.14",
          "6.3.15",
          "6.3.2",
          "6.3.9",
          "6.4.11",
          "6.4.2",
          "6.4.5",
          "6.4.6",
          "6.4.9",
          "6.5.7",
          "6.6.1",
          "6.6.3",
          "6.6.5",
          "6.7.10",
          "6.7.3",
          "6.7.8",
          "6.8.1",
          "6.8.2",
          "6.8.3",
          "6.8.6",
          "6.9.3",
          "7.17.13",
          "7.17.14",
          "7.17.6",
          "7.23.5",
          "7.27.5",
          "7.27.6",
          "7.6.4",
          "8.1.2",
          "8.19.1",
          "8.42.9",
          "8.48.1",
          "8.48.2",
          "8.50.3",
          "8.54.3",
          "9.23.1",
          "9.7.5"
        ],
        "Manto": "https://resource.manto.unh.edu/10217933",
        "Pleiades": "https://pleiades.stoa.org/places/570531"
      }
    },
    {
      "type": "Feature",
      "geometry": {
        "type": "Point",
        "coordinates": [
          21.630126,
          37.637849
        ]
      },
      "properties": {
        "name": "Olympia",
        "region": "Eleia Bk5 Bk6",
        "part of": "Pisa (Eleia)",
        "altname": "Sanctuary of Olympian Zeus in Pisatis",
        "Wikidata": "https://wikidata.org/wiki/Q38888",
        "type": [
          "hieron"
        ],
        "passages": [
          "1.28.1",
          "1.35.6",
          "1.44.1",
          "10.14.5",
          "10.37.4",
          "10.38.8",
          "10.7.5",
          "10.9.4",
          "2.11.8",
          "2.5.7",
          "2.7.2",
          "3.8.3",
          "3.8.4",
          "3.8.5",
          "4.31.6",
          "5.1.4",
          "5.1.7",
          "5.10.1",
          "5.10.3",
          "5.10.4",
          "5.10.5",
          "5.10.7",
          "5.10.9",
          "5.11.10",
          "5.11.4",
          "5.11.9",
          "5.12.4",
          "5.12.5",
          "5.12.8",
          "5.13.1",
          "5.13.10",
          "5.13.9",
          "5.14.1",
          "5.14.2",
          "5.14.4",
          "5.15.12",
          "5.15.3",
          "5.16.8",
          "5.17.5",
          "5.2.3",
          "5.2.5",
          "5.20.6",
          "5.21.16",
          "5.23.3",
          "5.23.6",
          "5.24.4",
          "5.24.6",
          "5.24.8",
          "5.25.12",
          "5.25.13",
          "5.25.4",
          "5.25.5",
          "5.25.7",
          "5.26.1",
          "5.26.4",
          "5.26.5",
          "5.26.7",
          "5.27.1",
          "5.27.2",
          "5.27.9",
          "5.4.4",
          "5.4.5",
          "5.4.6",
          "5.4.7",
          "5.4.8",
          "5.5.3",
          "5.6.1",
          "5.6.7",
          "5.6.8",
          "5.7.1",
          "5.7.10",
          "5.7.6",
          "5.7.9",
          "5.8.1",
          "5.8.2",
          "5.8.5",
          "5.8.6",
          "5.9.1",
          "5.9.4",
          "6.1.6",
          "6.10.2",
          "6.10.4",
          "6.10.8",
          "6.12.4",
          "6.12.5",
          "6.12.6",
          "6.12.7",
          "6.12.8",
          "6.13.11",
          "6.13.2",
          "6.13.3",
          "6.13.5",
          "6.13.6",
          "6.13.8",
          "6.14.1",
          "6.14.10",
          "6.14.13",
          "6.14.2",
          "6.14.3",
          "6.14.5",
          "6.15.1",
          "6.15.2",
          "6.15.3",
          "6.15.6",
          "6.15.9",
          "6.16.1",
          "6.16.4",
          "6.16.5",
          "6.16.8",
          "6.16.9",
          "6.17.2",
          "6.17.7",
          "6.18.1",
          "6.18.2",
          "6.18.7",
          "6.19.1",
          "6.19.10",
          "6.19.14",
          "6.19.4",
          "6.2.10",
          "6.2.2",
          "6.2.6",
          "6.20.14",
          "6.20.19",
          "6.20.2",
          "6.20.7",
          "6.21.2",
          "6.22.5",
          "6.22.7",
          "6.23.1",
          "6.23.6",
          "6.3.11",
          "6.3.14",
          "6.3.15",
          "6.3.2",
          "6.3.9",
          "6.4.11",
          "6.4.2",
          "6.4.5",
          "6.4.6",
          "6.4.9",
          "6.5.7",
          "6.6.1",
          "6.6.3",
          "6.6.5",
          "6.7.10",
          "6.7.3",
          "6.7.8",
          "6.8.1",
          "6.8.2",
          "6.8.3",
          "6.8.6",
          "6.9.3",
          "7.17.13",
          "7.17.14",
          "7.17.6",
          "7.23.5",
          "7.27.5",
          "7.27.6",
          "7.6.4",
          "8.1.2",
          "8.19.1",
          "8.42.9",
          "8.48.1",
          "8.48.2",
          "8.50.3",
          "8.54.3",
          "9.23.1",
          "9.7.5"
        ],
        "Manto": "https://resource.manto.unh.edu/10217933",
        "Pleiades": "https://pleiades.stoa.org/places/570531"
      }
    },
    {
      "type": "Feature",
      "geometry": {
        "type": "Point",
        "coordinates": [
          21.630126,
          37.637849
        ]
      },
      "properties": {
        "name": "Olympia",
        "region": "Eleia Bk5 Bk6",
        "part of": "Pisa (Eleia)",
        "altname": "Sanctuary of Olympian Zeus in Pisatis",
        "Wikidata": "https://wikidata.org/wiki/Q38888",
        "type": [
          "hieron"
        ],
        "passages": [
          "1.28.1",
          "1.35.6",
          "1.44.1",
          "10.14.5",
          "10.37.4",
          "10.38.8",
          "10.7.5",
          "10.9.4",
          "2.11.8",
          "2.5.7",
          "2.7.2",
          "3.8.3",
          "3.8.4",
          "3.8.5",
          "4.31.6",
          "5.1.4",
          "5.1.7",
          "5.10.1",
          "5.10.3",
          "5.10.4",
          "5.10.5",
          "5.10.7",
          "5.10.9",
          "5.11.10",
          "5.11.4",
          "5.11.9",
          "5.12.4",
          "5.12.5",
          "5.12.8",
          "5.13.1",
          "5.13.10",
          "5.13.9",
          "5.14.1",
          "5.14.2",
          "5.14.4",
          "5.15.12",
          "5.15.3",
          "5.16.8",
          "5.17.5",
          "5.2.3",
          "5.2.5",
          "5.20.6",
          "5.21.16",
          "5.23.3",
          "5.23.6",
          "5.24.4",
          "5.24.6",
          "5.24.8",
          "5.25.12",
          "5.25.13",
          "5.25.4",
          "5.25.5",
          "5.25.7",
          "5.26.1",
          "5.26.4",
          "5.26.5",
          "5.26.7",
          "5.27.1",
          "5.27.2",
          "5.27.9",
          "5.4.4",
          "5.4.5",
          "5.4.6",
          "5.4.7",
          "5.4.8",
          "5.5.3",
          "5.6.1",
          "5.6.7",
          "5.6.8",
          "5.7.1",
          "5.7.10",
          "5.7.6",
          "5.7.9",
          "5.8.1",
          "5.8.2",
          "5.8.5",
          "5.8.6",
          "5.9.1",
          "5.9.4",
          "6.1.6",
          "6.10.2",
          "6.10.4",
          "6.10.8",
          "6.12.4",
          "6.12.5",
          "6.12.6",
          "6.12.7",
          "6.12.8",
          "6.13.11",
          "6.13.2",
          "6.13.3",
          "6.13.5",
          "6.13.6",
          "6.13.8",
          "6.14.1",
          "6.14.10",
          "6.14.13",
          "6.14.2",
          "6.14.3",
          "6.14.5",
          "6.15.1",
          "6.15.2",
          "6.15.3",
          "6.15.6",
          "6.15.9",
          "6.16.1",
          "6.16.4",
          "6.16.5",
          "6.16.8",
          "6.16.9",
          "6.17.2",
          "6.17.7",
          "6.18.1",
          "6.18.2",
          "6.18.7",
          "6.19.1",
          "6.19.10",
          "6.19.14",
          "6.19.4",
          "6.2.10",
          "6.2.2",
          "6.2.6",
          "6.20.14",
          "6.20.19",
          "6.20.2",
          "6.20.7",
          "6.21.2",
          "6.22.5",
          "6.22.7",
          "6.23.1",
          "6.23.6",
          "6.3.11",
          "6.3.14",
          "6.3.15",
          "6.3.2",
          "6.3.9",
          "6.4.11",
          "6.4.2",
          "6.4.5",
          "6.4.6",
          "6.4.9",
          "6.5.7",
          "6.6.1",
          "6.6.3",
          "6.6.5",
          "6.7.10",
          "6.7.3",
          "6.7.8",
          "6.8.1",
          "6.8.2",
          "6.8.3",
          "6.8.6",
          "6.9.3",
          "7.17.13",
          "7.17.14",
          "7.17.6",
          "7.23.5",
          "7.27.5",
          "7.27.6",
          "7.6.4",
          "8.1.2",
          "8.19.1",
          "8.42.9",
          "8.48.1",
          "8.48.2",
          "8.50.3",
          "8.54.3",
          "9.23.1",
          "9.7.5"
        ],
        "Manto": "https://resource.manto.unh.edu/10217933",
        "Pleiades": "https://pleiades.stoa.org/places/570531"
      }
    },
    {
      "type": "Feature",
      "geometry": {
        "type": "Point",
        "coordinates": [
          21.630126,
          37.637849
        ]
      },
      "properties": {
        "name": "Olympia",
        "region": "Eleia Bk5 Bk6",
        "part of": "Pisa (Eleia)",
        "altname": "Sanctuary of Olympian Zeus in Pisatis",
        "Wikidata": "https://wikidata.org/wiki/Q38888",
        "type": [
          "hieron"
        ],
        "passages": [
          "1.28.1",
          "1.35.6",
          "1.44.1",
          "10.14.5",
          "10.37.4",
          "10.38.8",
          "10.7.5",
          "10.9.4",
          "2.11.8",
          "2.5.7",
          "2.7.2",
          "3.8.3",
          "3.8.4",
          "3.8.5",
          "4.31.6",
          "5.1.4",
          "5.1.7",
          "5.10.1",
          "5.10.3",
          "5.10.4",
          "5.10.5",
          "5.10.7",
          "5.10.9",
          "5.11.10",
          "5.11.4",
          "5.11.9",
          "5.12.4",
          "5.12.5",
          "5.12.8",
          "5.13.1",
          "5.13.10",
          "5.13.9",
          "5.14.1",
          "5.14.2",
          "5.14.4",
          "5.15.12",
          "5.15.3",
          "5.16.8",
          "5.17.5",
          "5.2.3",
          "5.2.5",
          "5.20.6",
          "5.21.16",
          "5.23.3",
          "5.23.6",
          "5.24.4",
          "5.24.6",
          "5.24.8",
          "5.25.12",
          "5.25.13",
          "5.25.4",
          "5.25.5",
          "5.25.7",
          "5.26.1",
          "5.26.4",
          "5.26.5",
          "5.26.7",
          "5.27.1",
          "5.27.2",
          "5.27.9",
          "5.4.4",
          "5.4.5",
          "5.4.6",
          "5.4.7",
          "5.4.8",
          "5.5.3",
          "5.6.1",
          "5.6.7",
          "5.6.8",
          "5.7.1",
          "5.7.10",
          "5.7.6",
          "5.7.9",
          "5.8.1",
          "5.8.2",
          "5.8.5",
          "5.8.6",
          "5.9.1",
          "5.9.4",
          "6.1.6",
          "6.10.2",
          "6.10.4",
          "6.10.8",
          "6.12.4",
          "6.12.5",
          "6.12.6",
          "6.12.7",
          "6.12.8",
          "6.13.11",
          "6.13.2",
          "6.13.3",
          "6.13.5",
          "6.13.6",
          "6.13.8",
          "6.14.1",
          "6.14.10",
          "6.14.13",
          "6.14.2",
          "6.14.3",
          "6.14.5",
          "6.15.1",
          "6.15.2",
          "6.15.3",
          "6.15.6",
          "6.15.9",
          "6.16.1",
          "6.16.4",
          "6.16.5",
          "6.16.8",
          "6.16.9",
          "6.17.2",
          "6.17.7",
          "6.18.1",
          "6.18.2",
          "6.18.7",
          "6.19.1",
          "6.19.10",
          "6.19.14",
          "6.19.4",
          "6.2.10",
          "6.2.2",
          "6.2.6",
          "6.20.14",
          "6.20.19",
          "6.20.2",
          "6.20.7",
          "6.21.2",
          "6.22.5",
          "6.22.7",
          "6.23.1",
          "6.23.6",
          "6.3.11",
          "6.3.14",
          "6.3.15",
          "6.3.2",
          "6.3.9",
          "6.4.11",
          "6.4.2",
          "6.4.5",
          "6.4.6",
          "6.4.9",
          "6.5.7",
          "6.6.1",
          "6.6.3",
          "6.6.5",
          "6.7.10",
          "6.7.3",
          "6.7.8",
          "6.8.1",
          "6.8.2",
          "6.8.3",
          "6.8.6",
          "6.9.3",
          "7.17.13",
          "7.17.14",
          "7.17.6",
          "7.23.5",
          "7.27.5",
          "7.27.6",
          "7.6.4",
          "8.1.2",
          "8.19.1",
          "8.42.9",
          "8.48.1",
          "8.48.2",
          "8.50.3",
          "8.54.3",
          "9.23.1",
          "9.7.5"
        ],
        "Manto": "https://resource.manto.unh.edu/10217933",
        "Pleiades": "https://pleiades.stoa.org/places/570531"
      }
    },
    {
      "type": "Feature",
      "geometry": {
        "type": "Point",
        "coordinates": [
          21.630126,
          37.637849
        ]
      },
      "properties": {
        "name": "Olympia",
        "region": "Eleia Bk5 Bk6",
        "part of": "Pisa (Eleia)",
        "altname": "Sanctuary of Olympian Zeus in Pisatis",
        "Wikidata": "https://wikidata.org/wiki/Q38888",
        "type": [
          "hieron"
        ],
        "passages": [
          "1.28.1",
          "1.35.6",
          "1.44.1",
          "10.14.5",
          "10.37.4",
          "10.38.8",
          "10.7.5",
          "10.9.4",
          "2.11.8",
          "2.5.7",
          "2.7.2",
          "3.8.3",
          "3.8.4",
          "3.8.5",
          "4.31.6",
          "5.1.4",
          "5.1.7",
          "5.10.1",
          "5.10.3",
          "5.10.4",
          "5.10.5",
          "5.10.7",
          "5.10.9",
          "5.11.10",
          "5.11.4",
          "5.11.9",
          "5.12.4",
          "5.12.5",
          "5.12.8",
          "5.13.1",
          "5.13.10",
          "5.13.9",
          "5.14.1",
          "5.14.2",
          "5.14.4",
          "5.15.12",
          "5.15.3",
          "5.16.8",
          "5.17.5",
          "5.2.3",
          "5.2.5",
          "5.20.6",
          "5.21.16",
          "5.23.3",
          "5.23.6",
          "5.24.4",
          "5.24.6",
          "5.24.8",
          "5.25.12",
          "5.25.13",
          "5.25.4",
          "5.25.5",
          "5.25.7",
          "5.26.1",
          "5.26.4",
          "5.26.5",
          "5.26.7",
          "5.27.1",
          "5.27.2",
          "5.27.9",
          "5.4.4",
          "5.4.5",
          "5.4.6",
          "5.4.7",
          "5.4.8",
          "5.5.3",
          "5.6.1",
          "5.6.7",
          "5.6.8",
          "5.7.1",
          "5.7.10",
          "5.7.6",
          "5.7.9",
          "5.8.1",
          "5.8.2",
          "5.8.5",
          "5.8.6",
          "5.9.1",
          "5.9.4",
          "6.1.6",
          "6.10.2",
          "6.10.4",
          "6.10.8",
          "6.12.4",
          "6.12.5",
          "6.12.6",
          "6.12.7",
          "6.12.8",
          "6.13.11",
          "6.13.2",
          "6.13.3",
          "6.13.5",
          "6.13.6",
          "6.13.8",
          "6.14.1",
          "6.14.10",
          "6.14.13",
          "6.14.2",
          "6.14.3",
          "6.14.5",
          "6.15.1",
          "6.15.2",
          "6.15.3",
          "6.15.6",
          "6.15.9",
          "6.16.1",
          "6.16.4",
          "6.16.5",
          "6.16.8",
          "6.16.9",
          "6.17.2",
          "6.17.7",
          "6.18.1",
          "6.18.2",
          "6.18.7",
          "6.19.1",
          "6.19.10",
          "6.19.14",
          "6.19.4",
          "6.2.10",
          "6.2.2",
          "6.2.6",
          "6.20.14",
          "6.20.19",
          "6.20.2",
          "6.20.7",
          "6.21.2",
          "6.22.5",
          "6.22.7",
          "6.23.1",
          "6.23.6",
          "6.3.11",
          "6.3.14",
          "6.3.15",
          "6.3.2",
          "6.3.9",
          "6.4.11",
          "6.4.2",
          "6.4.5",
          "6.4.6",
          "6.4.9",
          "6.5.7",
          "6.6.1",
          "6.6.3",
          "6.6.5",
          "6.7.10",
          "6.7.3",
          "6.7.8",
          "6.8.1",
          "6.8.2",
          "6.8.3",
          "6.8.6",
          "6.9.3",
          "7.17.13",
          "7.17.14",
          "7.17.6",
          "7.23.5",
          "7.27.5",
          "7.27.6",
          "7.6.4",
          "8.1.2",
          "8.19.1",
          "8.42.9",
          "8.48.1",
          "8.48.2",
          "8.50.3",
          "8.54.3",
          "9.23.1",
          "9.7.5"
        ],
        "Manto": "https://resource.manto.unh.edu/10217933",
        "Pleiades": "https://pleiades.stoa.org/places/570531"
      }
    },
    {
      "type": "Feature",
      "geometry": {
        "type": "Point",
        "coordinates": [
          21.630126,
          37.637849
        ]
      },
      "properties": {
        "name": "Olympia",
        "region": "Eleia Bk5 Bk6",
        "part of": "Pisa (Eleia)",
        "altname": "Sanctuary of Olympian Zeus in Pisatis",
        "Wikidata": "https://wikidata.org/wiki/Q38888",
        "type": [
          "hieron"
        ],
        "passages": [
          "1.28.1",
          "1.35.6",
          "1.44.1",
          "10.14.5",
          "10.37.4",
          "10.38.8",
          "10.7.5",
          "10.9.4",
          "2.11.8",
          "2.5.7",
          "2.7.2",
          "3.8.3",
          "3.8.4",
          "3.8.5",
          "4.31.6",
          "5.1.4",
          "5.1.7",
          "5.10.1",
          "5.10.3",
          "5.10.4",
          "5.10.5",
          "5.10.7",
          "5.10.9",
          "5.11.10",
          "5.11.4",
          "5.11.9",
          "5.12.4",
          "5.12.5",
          "5.12.8",
          "5.13.1",
          "5.13.10",
          "5.13.9",
          "5.14.1",
          "5.14.2",
          "5.14.4",
          "5.15.12",
          "5.15.3",
          "5.16.8",
          "5.17.5",
          "5.2.3",
          "5.2.5",
          "5.20.6",
          "5.21.16",
          "5.23.3",
          "5.23.6",
          "5.24.4",
          "5.24.6",
          "5.24.8",
          "5.25.12",
          "5.25.13",
          "5.25.4",
          "5.25.5",
          "5.25.7",
          "5.26.1",
          "5.26.4",
          "5.26.5",
          "5.26.7",
          "5.27.1",
          "5.27.2",
          "5.27.9",
          "5.4.4",
          "5.4.5",
          "5.4.6",
          "5.4.7",
          "5.4.8",
          "5.5.3",
          "5.6.1",
          "5.6.7",
          "5.6.8",
          "5.7.1",
          "5.7.10",
          "5.7.6",
          "5.7.9",
          "5.8.1",
          "5.8.2",
          "5.8.5",
          "5.8.6",
          "5.9.1",
          "5.9.4",
          "6.1.6",
          "6.10.2",
          "6.10.4",
          "6.10.8",
          "6.12.4",
          "6.12.5",
          "6.12.6",
          "6.12.7",
          "6.12.8",
          "6.13.11",
          "6.13.2",
          "6.13.3",
          "6.13.5",
          "6.13.6",
          "6.13.8",
          "6.14.1",
          "6.14.10",
          "6.14.13",
          "6.14.2",
          "6.14.3",
          "6.14.5",
          "6.15.1",
          "6.15.2",
          "6.15.3",
          "6.15.6",
          "6.15.9",
          "6.16.1",
          "6.16.4",
          "6.16.5",
          "6.16.8",
          "6.16.9",
          "6.17.2",
          "6.17.7",
          "6.18.1",
          "6.18.2",
          "6.18.7",
          "6.19.1",
          "6.19.10",
          "6.19.14",
          "6.19.4",
          "6.2.10",
          "6.2.2",
          "6.2.6",
          "6.20.14",
          "6.20.19",
          "6.20.2",
          "6.20.7",
          "6.21.2",
          "6.22.5",
          "6.22.7",
          "6.23.1",
          "6.23.6",
          "6.3.11",
          "6.3.14",
          "6.3.15",
          "6.3.2",
          "6.3.9",
          "6.4.11",
          "6.4.2",
          "6.4.5",
          "6.4.6",
          "6.4.9",
          "6.5.7",
          "6.6.1",
          "6.6.3",
          "6.6.5",
          "6.7.10",
          "6.7.3",
          "6.7.8",
          "6.8.1",
          "6.8.2",
          "6.8.3",
          "6.8.6",
          "6.9.3",
          "7.17.13",
          "7.17.14",
          "7.17.6",
          "7.23.5",
          "7.27.5",
          "7.27.6",
          "7.6.4",
          "8.1.2",
          "8.19.1",
          "8.42.9",
          "8.48.1",
          "8.48.2",
          "8.50.3",
          "8.54.3",
          "9.23.1",
          "9.7.5"
        ],
        "Manto": "https://resource.manto.unh.edu/10217933",
        "Pleiades": "https://pleiades.stoa.org/places/570531"
      }
    },
    {
      "type": "Feature",
      "geometry": {
        "type": "Point",
        "coordinates": [
          21.630126,
          37.637849
        ]
      },
      "properties": {
        "name": "Olympia",
        "region": "Eleia Bk5 Bk6",
        "part of": "Pisa (Eleia)",
        "altname": "Sanctuary of Olympian Zeus in Pisatis",
        "Wikidata": "https://wikidata.org/wiki/Q38888",
        "type": [
          "hieron"
        ],
        "passages": [
          "1.28.1",
          "1.35.6",
          "1.44.1",
          "10.14.5",
          "10.37.4",
          "10.38.8",
          "10.7.5",
          "10.9.4",
          "2.11.8",
          "2.5.7",
          "2.7.2",
          "3.8.3",
          "3.8.4",
          "3.8.5",
          "4.31.6",
          "5.1.4",
          "5.1.7",
          "5.10.1",
          "5.10.3",
          "5.10.4",
          "5.10.5",
          "5.10.7",
          "5.10.9",
          "5.11.10",
          "5.11.4",
          "5.11.9",
          "5.12.4",
          "5.12.5",
          "5.12.8",
          "5.13.1",
          "5.13.10",
          "5.13.9",
          "5.14.1",
          "5.14.2",
          "5.14.4",
          "5.15.12",
          "5.15.3",
          "5.16.8",
          "5.17.5",
          "5.2.3",
          "5.2.5",
          "5.20.6",
          "5.21.16",
          "5.23.3",
          "5.23.6",
          "5.24.4",
          "5.24.6",
          "5.24.8",
          "5.25.12",
          "5.25.13",
          "5.25.4",
          "5.25.5",
          "5.25.7",
          "5.26.1",
          "5.26.4",
          "5.26.5",
          "5.26.7",
          "5.27.1",
          "5.27.2",
          "5.27.9",
          "5.4.4",
          "5.4.5",
          "5.4.6",
          "5.4.7",
          "5.4.8",
          "5.5.3",
          "5.6.1",
          "5.6.7",
          "5.6.8",
          "5.7.1",
          "5.7.10",
          "5.7.6",
          "5.7.9",
          "5.8.1",
          "5.8.2",
          "5.8.5",
          "5.8.6",
          "5.9.1",
          "5.9.4",
          "6.1.6",
          "6.10.2",
          "6.10.4",
          "6.10.8",
          "6.12.4",
          "6.12.5",
          "6.12.6",
          "6.12.7",
          "6.12.8",
          "6.13.11",
          "6.13.2",
          "6.13.3",
          "6.13.5",
          "6.13.6",
          "6.13.8",
          "6.14.1",
          "6.14.10",
          "6.14.13",
          "6.14.2",
          "6.14.3",
          "6.14.5",
          "6.15.1",
          "6.15.2",
          "6.15.3",
          "6.15.6",
          "6.15.9",
          "6.16.1",
          "6.16.4",
          "6.16.5",
          "6.16.8",
          "6.16.9",
          "6.17.2",
          "6.17.7",
          "6.18.1",
          "6.18.2",
          "6.18.7",
          "6.19.1",
          "6.19.10",
          "6.19.14",
          "6.19.4",
          "6.2.10",
          "6.2.2",
          "6.2.6",
          "6.20.14",
          "6.20.19",
          "6.20.2",
          "6.20.7",
          "6.21.2",
          "6.22.5",
          "6.22.7",
          "6.23.1",
          "6.23.6",
          "6.3.11",
          "6.3.14",
          "6.3.15",
          "6.3.2",
          "6.3.9",
          "6.4.11",
          "6.4.2",
          "6.4.5",
          "6.4.6",
          "6.4.9",
          "6.5.7",
          "6.6.1",
          "6.6.3",
          "6.6.5",
          "6.7.10",
          "6.7.3",
          "6.7.8",
          "6.8.1",
          "6.8.2",
          "6.8.3",
          "6.8.6",
          "6.9.3",
          "7.17.13",
          "7.17.14",
          "7.17.6",
          "7.23.5",
          "7.27.5",
          "7.27.6",
          "7.6.4",
          "8.1.2",
          "8.19.1",
          "8.42.9",
          "8.48.1",
          "8.48.2",
          "8.50.3",
          "8.54.3",
          "9.23.1",
          "9.7.5"
        ],
        "Manto": "https://resource.manto.unh.edu/10217933",
        "Pleiades": "https://pleiades.stoa.org/places/570531"
      }
    },
    {
      "type": "Feature",
      "geometry": {
        "type": "Point",
        "coordinates": [
          21.630126,
          37.637849
        ]
      },
      "properties": {
        "name": "Olympia",
        "region": "Eleia Bk5 Bk6",
        "part of": "Pisa (Eleia)",
        "altname": "Sanctuary of Olympian Zeus in Pisatis",
        "Wikidata": "https://wikidata.org/wiki/Q38888",
        "type": [
          "hieron"
        ],
        "passages": [
          "1.28.1",
          "1.35.6",
          "1.44.1",
          "10.14.5",
          "10.37.4",
          "10.38.8",
          "10.7.5",
          "10.9.4",
          "2.11.8",
          "2.5.7",
          "2.7.2",
          "3.8.3",
          "3.8.4",
          "3.8.5",
          "4.31.6",
          "5.1.4",
          "5.1.7",
          "5.10.1",
          "5.10.3",
          "5.10.4",
          "5.10.5",
          "5.10.7",
          "5.10.9",
          "5.11.10",
          "5.11.4",
          "5.11.9",
          "5.12.4",
          "5.12.5",
          "5.12.8",
          "5.13.1",
          "5.13.10",
          "5.13.9",
          "5.14.1",
          "5.14.2",
          "5.14.4",
          "5.15.12",
          "5.15.3",
          "5.16.8",
          "5.17.5",
          "5.2.3",
          "5.2.5",
          "5.20.6",
          "5.21.16",
          "5.23.3",
          "5.23.6",
          "5.24.4",
          "5.24.6",
          "5.24.8",
          "5.25.12",
          "5.25.13",
          "5.25.4",
          "5.25.5",
          "5.25.7",
          "5.26.1",
          "5.26.4",
          "5.26.5",
          "5.26.7",
          "5.27.1",
          "5.27.2",
          "5.27.9",
          "5.4.4",
          "5.4.5",
          "5.4.6",
          "5.4.7",
          "5.4.8",
          "5.5.3",
          "5.6.1",
          "5.6.7",
          "5.6.8",
          "5.7.1",
          "5.7.10",
          "5.7.6",
          "5.7.9",
          "5.8.1",
          "5.8.2",
          "5.8.5",
          "5.8.6",
          "5.9.1",
          "5.9.4",
          "6.1.6",
          "6.10.2",
          "6.10.4",
          "6.10.8",
          "6.12.4",
          "6.12.5",
          "6.12.6",
          "6.12.7",
          "6.12.8",
          "6.13.11",
          "6.13.2",
          "6.13.3",
          "6.13.5",
          "6.13.6",
          "6.13.8",
          "6.14.1",
          "6.14.10",
          "6.14.13",
          "6.14.2",
          "6.14.3",
          "6.14.5",
          "6.15.1",
          "6.15.2",
          "6.15.3",
          "6.15.6",
          "6.15.9",
          "6.16.1",
          "6.16.4",
          "6.16.5",
          "6.16.8",
          "6.16.9",
          "6.17.2",
          "6.17.7",
          "6.18.1",
          "6.18.2",
          "6.18.7",
          "6.19.1",
          "6.19.10",
          "6.19.14",
          "6.19.4",
          "6.2.10",
          "6.2.2",
          "6.2.6",
          "6.20.14",
          "6.20.19",
          "6.20.2",
          "6.20.7",
          "6.21.2",
          "6.22.5",
          "6.22.7",
          "6.23.1",
          "6.23.6",
          "6.3.11",
          "6.3.14",
          "6.3.15",
          "6.3.2",
          "6.3.9",
          "6.4.11",
          "6.4.2",
          "6.4.5",
          "6.4.6",
          "6.4.9",
          "6.5.7",
          "6.6.1",
          "6.6.3",
          "6.6.5",
          "6.7.10",
          "6.7.3",
          "6.7.8",
          "6.8.1",
          "6.8.2",
          "6.8.3",
          "6.8.6",
          "6.9.3",
          "7.17.13",
          "7.17.14",
          "7.17.6",
          "7.23.5",
          "7.27.5",
          "7.27.6",
          "7.6.4",
          "8.1.2",
          "8.19.1",
          "8.42.9",
          "8.48.1",
          "8.48.2",
          "8.50.3",
          "8.54.3",
          "9.23.1",
          "9.7.5"
        ],
        "Manto": "https://resource.manto.unh.edu/10217933",
        "Pleiades": "https://pleiades.stoa.org/places/570531"
      }
    },
    {
      "type": "Feature",
      "geometry": {
        "type": "Point",
        "coordinates": [
          21.630126,
          37.637849
        ]
      },
      "properties": {
        "name": "Olympia",
        "region": "Eleia Bk5 Bk6",
        "part of": "Pisa (Eleia)",
        "altname": "Sanctuary of Olympian Zeus in Pisatis",
        "Wikidata": "https://wikidata.org/wiki/Q38888",
        "type": [
          "hieron"
        ],
        "passages": [
          "1.28.1",
          "1.35.6",
          "1.44.1",
          "10.14.5",
          "10.37.4",
          "10.38.8",
          "10.7.5",
          "10.9.4",
          "2.11.8",
          "2.5.7",
          "2.7.2",
          "3.8.3",
          "3.8.4",
          "3.8.5",
          "4.31.6",
          "5.1.4",
          "5.1.7",
          "5.10.1",
          "5.10.3",
          "5.10.4",
          "5.10.5",
          "5.10.7",
          "5.10.9",
          "5.11.10",
          "5.11.4",
          "5.11.9",
          "5.12.4",
          "5.12.5",
          "5.12.8",
          "5.13.1",
          "5.13.10",
          "5.13.9",
          "5.14.1",
          "5.14.2",
          "5.14.4",
          "5.15.12",
          "5.15.3",
          "5.16.8",
          "5.17.5",
          "5.2.3",
          "5.2.5",
          "5.20.6",
          "5.21.16",
          "5.23.3",
          "5.23.6",
          "5.24.4",
          "5.24.6",
          "5.24.8",
          "5.25.12",
          "5.25.13",
          "5.25.4",
          "5.25.5",
          "5.25.7",
          "5.26.1",
          "5.26.4",
          "5.26.5",
          "5.26.7",
          "5.27.1",
          "5.27.2",
          "5.27.9",
          "5.4.4",
          "5.4.5",
          "5.4.6",
          "5.4.7",
          "5.4.8",
          "5.5.3",
          "5.6.1",
          "5.6.7",
          "5.6.8",
          "5.7.1",
          "5.7.10",
          "5.7.6",
          "5.7.9",
          "5.8.1",
          "5.8.2",
          "5.8.5",
          "5.8.6",
          "5.9.1",
          "5.9.4",
          "6.1.6",
          "6.10.2",
          "6.10.4",
          "6.10.8",
          "6.12.4",
          "6.12.5",
          "6.12.6",
          "6.12.7",
          "6.12.8",
          "6.13.11",
          "6.13.2",
          "6.13.3",
          "6.13.5",
          "6.13.6",
          "6.13.8",
          "6.14.1",
          "6.14.10",
          "6.14.13",
          "6.14.2",
          "6.14.3",
          "6.14.5",
          "6.15.1",
          "6.15.2",
          "6.15.3",
          "6.15.6",
          "6.15.9",
          "6.16.1",
          "6.16.4",
          "6.16.5",
          "6.16.8",
          "6.16.9",
          "6.17.2",
          "6.17.7",
          "6.18.1",
          "6.18.2",
          "6.18.7",
          "6.19.1",
          "6.19.10",
          "6.19.14",
          "6.19.4",
          "6.2.10",
          "6.2.2",
          "6.2.6",
          "6.20.14",
          "6.20.19",
          "6.20.2",
          "6.20.7",
          "6.21.2",
          "6.22.5",
          "6.22.7",
          "6.23.1",
          "6.23.6",
          "6.3.11",
          "6.3.14",
          "6.3.15",
          "6.3.2",
          "6.3.9",
          "6.4.11",
          "6.4.2",
          "6.4.5",
          "6.4.6",
          "6.4.9",
          "6.5.7",
          "6.6.1",
          "6.6.3",
          "6.6.5",
          "6.7.10",
          "6.7.3",
          "6.7.8",
          "6.8.1",
          "6.8.2",
          "6.8.3",
          "6.8.6",
          "6.9.3",
          "7.17.13",
          "7.17.14",
          "7.17.6",
          "7.23.5",
          "7.27.5",
          "7.27.6",
          "7.6.4",
          "8.1.2",
          "8.19.1",
          "8.42.9",
          "8.48.1",
          "8.48.2",
          "8.50.3",
          "8.54.3",
          "9.23.1",
          "9.7.5"
        ],
        "Manto": "https://resource.manto.unh.edu/10217933",
        "Pleiades": "https://pleiades.stoa.org/places/570531"
      }
    },
    {
      "type": "Feature",
      "geometry": {
        "type": "Point",
        "coordinates": [
          21.630126,
          37.637849
        ]
      },
      "properties": {
        "name": "Olympia",
        "region": "Eleia Bk5 Bk6",
        "part of": "Pisa (Eleia)",
        "altname": "Sanctuary of Olympian Zeus in Pisatis",
        "Wikidata": "https://wikidata.org/wiki/Q38888",
        "type": [
          "hieron"
        ],
        "passages": [
          "1.28.1",
          "1.35.6",
          "1.44.1",
          "10.14.5",
          "10.37.4",
          "10.38.8",
          "10.7.5",
          "10.9.4",
          "2.11.8",
          "2.5.7",
          "2.7.2",
          "3.8.3",
          "3.8.4",
          "3.8.5",
          "4.31.6",
          "5.1.4",
          "5.1.7",
          "5.10.1",
          "5.10.3",
          "5.10.4",
          "5.10.5",
          "5.10.7",
          "5.10.9",
          "5.11.10",
          "5.11.4",
          "5.11.9",
          "5.12.4",
          "5.12.5",
          "5.12.8",
          "5.13.1",
          "5.13.10",
          "5.13.9",
          "5.14.1",
          "5.14.2",
          "5.14.4",
          "5.15.12",
          "5.15.3",
          "5.16.8",
          "5.17.5",
          "5.2.3",
          "5.2.5",
          "5.20.6",
          "5.21.16",
          "5.23.3",
          "5.23.6",
          "5.24.4",
          "5.24.6",
          "5.24.8",
          "5.25.12",
          "5.25.13",
          "5.25.4",
          "5.25.5",
          "5.25.7",
          "5.26.1",
          "5.26.4",
          "5.26.5",
          "5.26.7",
          "5.27.1",
          "5.27.2",
          "5.27.9",
          "5.4.4",
          "5.4.5",
          "5.4.6",
          "5.4.7",
          "5.4.8",
          "5.5.3",
          "5.6.1",
          "5.6.7",
          "5.6.8",
          "5.7.1",
          "5.7.10",
          "5.7.6",
          "5.7.9",
          "5.8.1",
          "5.8.2",
          "5.8.5",
          "5.8.6",
          "5.9.1",
          "5.9.4",
          "6.1.6",
          "6.10.2",
          "6.10.4",
          "6.10.8",
          "6.12.4",
          "6.12.5",
          "6.12.6",
          "6.12.7",
          "6.12.8",
          "6.13.11",
          "6.13.2",
          "6.13.3",
          "6.13.5",
          "6.13.6",
          "6.13.8",
          "6.14.1",
          "6.14.10",
          "6.14.13",
          "6.14.2",
          "6.14.3",
          "6.14.5",
          "6.15.1",
          "6.15.2",
          "6.15.3",
          "6.15.6",
          "6.15.9",
          "6.16.1",
          "6.16.4",
          "6.16.5",
          "6.16.8",
          "6.16.9",
          "6.17.2",
          "6.17.7",
          "6.18.1",
          "6.18.2",
          "6.18.7",
          "6.19.1",
          "6.19.10",
          "6.19.14",
          "6.19.4",
          "6.2.10",
          "6.2.2",
          "6.2.6",
          "6.20.14",
          "6.20.19",
          "6.20.2",
          "6.20.7",
          "6.21.2",
          "6.22.5",
          "6.22.7",
          "6.23.1",
          "6.23.6",
          "6.3.11",
          "6.3.14",
          "6.3.15",
          "6.3.2",
          "6.3.9",
          "6.4.11",
          "6.4.2",
          "6.4.5",
          "6.4.6",
          "6.4.9",
          "6.5.7",
          "6.6.1",
          "6.6.3",
          "6.6.5",
          "6.7.10",
          "6.7.3",
          "6.7.8",
          "6.8.1",
          "6.8.2",
          "6.8.3",
          "6.8.6",
          "6.9.3",
          "7.17.13",
          "7.17.14",
          "7.17.6",
          "7.23.5",
          "7.27.5",
          "7.27.6",
          "7.6.4",
          "8.1.2",
          "8.19.1",
          "8.42.9",
          "8.48.1",
          "8.48.2",
          "8.50.3",
          "8.54.3",
          "9.23.1",
          "9.7.5"
        ],
        "Manto": "https://resource.manto.unh.edu/10217933",
        "Pleiades": "https://pleiades.stoa.org/places/570531"
      }
    },
    {
      "type": "Feature",
      "geometry": {
        "type": "Point",
        "coordinates": [
          21.630126,
          37.637849
        ]
      },
      "properties": {
        "name": "Olympia",
        "region": "Eleia Bk5 Bk6",
        "part of": "Pisa (Eleia)",
        "altname": "Sanctuary of Olympian Zeus in Pisatis",
        "Wikidata": "https://wikidata.org/wiki/Q38888",
        "type": [
          "hieron"
        ],
        "passages": [
          "1.28.1",
          "1.35.6",
          "1.44.1",
          "10.14.5",
          "10.37.4",
          "10.38.8",
          "10.7.5",
          "10.9.4",
          "2.11.8",
          "2.5.7",
          "2.7.2",
          "3.8.3",
          "3.8.4",
          "3.8.5",
          "4.31.6",
          "5.1.4",
          "5.1.7",
          "5.10.1",
          "5.10.3",
          "5.10.4",
          "5.10.5",
          "5.10.7",
          "5.10.9",
          "5.11.10",
          "5.11.4",
          "5.11.9",
          "5.12.4",
          "5.12.5",
          "5.12.8",
          "5.13.1",
          "5.13.10",
          "5.13.9",
          "5.14.1",
          "5.14.2",
          "5.14.4",
          "5.15.12",
          "5.15.3",
          "5.16.8",
          "5.17.5",
          "5.2.3",
          "5.2.5",
          "5.20.6",
          "5.21.16",
          "5.23.3",
          "5.23.6",
          "5.24.4",
          "5.24.6",
          "5.24.8",
          "5.25.12",
          "5.25.13",
          "5.25.4",
          "5.25.5",
          "5.25.7",
          "5.26.1",
          "5.26.4",
          "5.26.5",
          "5.26.7",
          "5.27.1",
          "5.27.2",
          "5.27.9",
          "5.4.4",
          "5.4.5",
          "5.4.6",
          "5.4.7",
          "5.4.8",
          "5.5.3",
          "5.6.1",
          "5.6.7",
          "5.6.8",
          "5.7.1",
          "5.7.10",
          "5.7.6",
          "5.7.9",
          "5.8.1",
          "5.8.2",
          "5.8.5",
          "5.8.6",
          "5.9.1",
          "5.9.4",
          "6.1.6",
          "6.10.2",
          "6.10.4",
          "6.10.8",
          "6.12.4",
          "6.12.5",
          "6.12.6",
          "6.12.7",
          "6.12.8",
          "6.13.11",
          "6.13.2",
          "6.13.3",
          "6.13.5",
          "6.13.6",
          "6.13.8",
          "6.14.1",
          "6.14.10",
          "6.14.13",
          "6.14.2",
          "6.14.3",
          "6.14.5",
          "6.15.1",
          "6.15.2",
          "6.15.3",
          "6.15.6",
          "6.15.9",
          "6.16.1",
          "6.16.4",
          "6.16.5",
          "6.16.8",
          "6.16.9",
          "6.17.2",
          "6.17.7",
          "6.18.1",
          "6.18.2",
          "6.18.7",
          "6.19.1",
          "6.19.10",
          "6.19.14",
          "6.19.4",
          "6.2.10",
          "6.2.2",
          "6.2.6",
          "6.20.14",
          "6.20.19",
          "6.20.2",
          "6.20.7",
          "6.21.2",
          "6.22.5",
          "6.22.7",
          "6.23.1",
          "6.23.6",
          "6.3.11",
          "6.3.14",
          "6.3.15",
          "6.3.2",
          "6.3.9",
          "6.4.11",
          "6.4.2",
          "6.4.5",
          "6.4.6",
          "6.4.9",
          "6.5.7",
          "6.6.1",
          "6.6.3",
          "6.6.5",
          "6.7.10",
          "6.7.3",
          "6.7.8",
          "6.8.1",
          "6.8.2",
          "6.8.3",
          "6.8.6",
          "6.9.3",
          "7.17.13",
          "7.17.14",
          "7.17.6",
          "7.23.5",
          "7.27.5",
          "7.27.6",
          "7.6.4",
          "8.1.2",
          "8.19.1",
          "8.42.9",
          "8.48.1",
          "8.48.2",
          "8.50.3",
          "8.54.3",
          "9.23.1",
          "9.7.5"
        ],
        "Manto": "https://resource.manto.unh.edu/10217933",
        "Pleiades": "https://pleiades.stoa.org/places/570531"
      }
    },
    {
      "type": "Feature",
      "geometry": {
        "type": "Point",
        "coordinates": [
          21.630126,
          37.637849
        ]
      },
      "properties": {
        "name": "Olympia",
        "region": "Eleia Bk5 Bk6",
        "part of": "Pisa (Eleia)",
        "altname": "Sanctuary of Olympian Zeus in Pisatis",
        "Wikidata": "https://wikidata.org/wiki/Q38888",
        "type": [
          "hieron"
        ],
        "passages": [
          "1.28.1",
          "1.35.6",
          "1.44.1",
          "10.14.5",
          "10.37.4",
          "10.38.8",
          "10.7.5",
          "10.9.4",
          "2.11.8",
          "2.5.7",
          "2.7.2",
          "3.8.3",
          "3.8.4",
          "3.8.5",
          "4.31.6",
          "5.1.4",
          "5.1.7",
          "5.10.1",
          "5.10.3",
          "5.10.4",
          "5.10.5",
          "5.10.7",
          "5.10.9",
          "5.11.10",
          "5.11.4",
          "5.11.9",
          "5.12.4",
          "5.12.5",
          "5.12.8",
          "5.13.1",
          "5.13.10",
          "5.13.9",
          "5.14.1",
          "5.14.2",
          "5.14.4",
          "5.15.12",
          "5.15.3",
          "5.16.8",
          "5.17.5",
          "5.2.3",
          "5.2.5",
          "5.20.6",
          "5.21.16",
          "5.23.3",
          "5.23.6",
          "5.24.4",
          "5.24.6",
          "5.24.8",
          "5.25.12",
          "5.25.13",
          "5.25.4",
          "5.25.5",
          "5.25.7",
          "5.26.1",
          "5.26.4",
          "5.26.5",
          "5.26.7",
          "5.27.1",
          "5.27.2",
          "5.27.9",
          "5.4.4",
          "5.4.5",
          "5.4.6",
          "5.4.7",
          "5.4.8",
          "5.5.3",
          "5.6.1",
          "5.6.7",
          "5.6.8",
          "5.7.1",
          "5.7.10",
          "5.7.6",
          "5.7.9",
          "5.8.1",
          "5.8.2",
          "5.8.5",
          "5.8.6",
          "5.9.1",
          "5.9.4",
          "6.1.6",
          "6.10.2",
          "6.10.4",
          "6.10.8",
          "6.12.4",
          "6.12.5",
          "6.12.6",
          "6.12.7",
          "6.12.8",
          "6.13.11",
          "6.13.2",
          "6.13.3",
          "6.13.5",
          "6.13.6",
          "6.13.8",
          "6.14.1",
          "6.14.10",
          "6.14.13",
          "6.14.2",
          "6.14.3",
          "6.14.5",
          "6.15.1",
          "6.15.2",
          "6.15.3",
          "6.15.6",
          "6.15.9",
          "6.16.1",
          "6.16.4",
          "6.16.5",
          "6.16.8",
          "6.16.9",
          "6.17.2",
          "6.17.7",
          "6.18.1",
          "6.18.2",
          "6.18.7",
          "6.19.1",
          "6.19.10",
          "6.19.14",
          "6.19.4",
          "6.2.10",
          "6.2.2",
          "6.2.6",
          "6.20.14",
          "6.20.19",
          "6.20.2",
          "6.20.7",
          "6.21.2",
          "6.22.5",
          "6.22.7",
          "6.23.1",
          "6.23.6",
          "6.3.11",
          "6.3.14",
          "6.3.15",
          "6.3.2",
          "6.3.9",
          "6.4.11",
          "6.4.2",
          "6.4.5",
          "6.4.6",
          "6.4.9",
          "6.5.7",
          "6.6.1",
          "6.6.3",
          "6.6.5",
          "6.7.10",
          "6.7.3",
          "6.7.8",
          "6.8.1",
          "6.8.2",
          "6.8.3",
          "6.8.6",
          "6.9.3",
          "7.17.13",
          "7.17.14",
          "7.17.6",
          "7.23.5",
          "7.27.5",
          "7.27.6",
          "7.6.4",
          "8.1.2",
          "8.19.1",
          "8.42.9",
          "8.48.1",
          "8.48.2",
          "8.50.3",
          "8.54.3",
          "9.23.1",
          "9.7.5"
        ],
        "Manto": "https://resource.manto.unh.edu/10217933",
        "Pleiades": "https://pleiades.stoa.org/places/570531"
      }
    },
    {
      "type": "Feature",
      "geometry": {
        "type": "Point",
        "coordinates": [
          35.01,
          13.01
        ]
      },
      "properties": {
        "name": "Table of the Sun, mythical Ethiopian place/ritual",
        "region": "Libya (Africa)",
        "part of": "Aethiopia (Africa)",
        "location": "Aethiopia (Africa)",
        "type": [
          "mythical place"
        ],
        "passages": [
          "6.26.2"
        ]
      }
    },
    {
      "type": "Feature",
      "geometry": {
        "type": "Point",
        "coordinates": [
          27.5,
          37.5
        ]
      },
      "properties": {
        "name": "Caria region",
        "region": "Asia (continent)",
        "part of": "Asia Minor (Asia)",
        "altname": "Karia",
        "Wikidata": "https://wikidata.org/wiki/Q193214",
        "type": [
          "chora/region"
        ],
        "passages": [
          "1.1.3",
          "1.29.7",
          "2.30.9",
          "2.5.3",
          "2.7.1",
          "3.26.10",
          "4.35.11",
          "4.5.3",
          "5.24.7",
          "6.13.3",
          "7.3.1",
          "8.45.5"
        ],
        "Pleiades": "https://pleiades.stoa.org/places/599564"
      }
    },
    {
      "type": "Feature",
      "geometry": {
        "type": "Point",
        "coordinates": [
          21.518,
          37.901
        ]
      },
      "properties": {
        "name": "Pylos (Eleia)",
        "region": "Eleia Bk5 Bk6",
        "part of": "Eleia Bk5 Bk6",
        "Wikidata": "https://wikidata.org/wiki/Q7263101",
        "type": [
          "settlement"
        ],
        "passages": [
          "2.18.7",
          "4.1.3",
          "4.36.1",
          "5.3.1",
          "6.22.5",
          "6.22.6",
          "6.25.2",
          "6.25.3"
        ],
        "Pleiades": "https://pleiades.stoa.org/places/570639",
        "ToposText": "https://topostext.org/place/373216PPyl"
      }
    },
    {
      "type": "Feature",
      "geometry": {
        "type": "Point",
        "coordinates": [
          21.518,
          37.901
        ]
      },
      "properties": {
        "name": "Pylos (Eleia)",
        "region": "Eleia Bk5 Bk6",
        "part of": "Eleia Bk5 Bk6",
        "Wikidata": "https://wikidata.org/wiki/Q7263101",
        "type": [
          "settlement"
        ],
        "passages": [
          "2.18.7",
          "4.1.3",
          "4.36.1",
          "5.3.1",
          "6.22.5",
          "6.22.6",
          "6.25.2",
          "6.25.3"
        ],
        "Pleiades": "https://pleiades.stoa.org/places/570639",
        "ToposText": "https://topostext.org/place/373216PPyl"
      }
    },
    {
      "type": "Feature",
      "geometry": {
        "type": "Point",
        "coordinates": [
          21.518,
          37.901
        ]
      },
      "properties": {
        "name": "Pylos (Eleia)",
        "region": "Eleia Bk5 Bk6",
        "part of": "Eleia Bk5 Bk6",
        "Wikidata": "https://wikidata.org/wiki/Q7263101",
        "type": [
          "settlement"
        ],
        "passages": [
          "2.18.7",
          "4.1.3",
          "4.36.1",
          "5.3.1",
          "6.22.5",
          "6.22.6",
          "6.25.2",
          "6.25.3"
        ],
        "Pleiades": "https://pleiades.stoa.org/places/570639",
        "ToposText": "https://topostext.org/place/373216PPyl"
      }
    },
    {
      "type": "Feature",
      "geometry": {
        "type": "Point",
        "coordinates": [
          21.518,
          37.901
        ]
      },
      "properties": {
        "name": "Pylos (Eleia)",
        "region": "Eleia Bk5 Bk6",
        "part of": "Eleia Bk5 Bk6",
        "Wikidata": "https://wikidata.org/wiki/Q7263101",
        "type": [
          "settlement"
        ],
        "passages": [
          "2.18.7",
          "4.1.3",
          "4.36.1",
          "5.3.1",
          "6.22.5",
          "6.22.6",
          "6.25.2",
          "6.25.3"
        ],
        "Pleiades": "https://pleiades.stoa.org/places/570639",
        "ToposText": "https://topostext.org/place/373216PPyl"
      }
    },
    {
      "type": "Feature",
      "geometry": {
        "type": "Point",
        "coordinates": [
          22.973,
          37.928
        ]
      },
      "properties": {
        "name": "Isthmus of Corinth",
        "region": "Corinthia Bk2",
        "part of": "Corinthia Bk2",
        "Wikidata": "https://wikidata.org/wiki/Q215200",
        "type": [
          "chora/region"
        ],
        "passages": [
          "1.25.4",
          "1.27.10",
          "1.44.8",
          "10.5.3",
          "2.1.4",
          "2.1.5",
          "2.1.6",
          "2.1.7",
          "2.15.1",
          "2.2.2",
          "2.2.3",
          "2.29.7",
          "2.5.7",
          "2.8.5",
          "3.21.6",
          "3.9.1",
          "4.9.2",
          "5.2.1",
          "5.3.6",
          "6.13.10",
          "7.15.11",
          "7.16.1",
          "7.27.5",
          "7.6.7",
          "7.7.2",
          "8.1.1",
          "8.48.2",
          "8.5.1",
          "8.5.6"
        ],
        "Pleiades": "https://pleiades.stoa.org/places/570317",
        "ToposText": "https://topostext.org/place/379230LIst"
      }
    },
    {
      "type": "Feature",
      "geometry": {
        "type": "Point",
        "coordinates": [
          21.842,
          37.4075
        ]
      },
      "properties": {
        "name": "Phigaleia",
        "region": "Arcadia Bk8",
        "part of": "Arcadia Bk8",
        "altname": "Phigalia Phialia",
        "Wikidata": "https://wikidata.org/wiki/Q7623270",
        "type": [
          "chora/region",
          "polis"
        ],
        "passages": [
          "3.17.9",
          "4.24.1",
          "5.5.4",
          "6.6.1",
          "8.3.1",
          "8.3.2",
          "8.30.4",
          "8.39.1",
          "8.39.2",
          "8.39.3",
          "8.39.4",
          "8.39.5",
          "8.41.2",
          "8.41.4",
          "8.41.7",
          "8.41.9",
          "8.42.1",
          "8.42.11",
          "8.42.6",
          "8.5.7"
        ],
        "Pleiades": "https://pleiades.stoa.org/places/570598",
        "ToposText": "https://topostext.org/place/374218PPhi"
      }
    },
    {
      "type": "Feature",
      "geometry": {
        "type": "Point",
        "coordinates": [
          21.374,
          37.89
        ]
      },
      "properties": {
        "name": "Memorial of Achilles at gymnasium of Elis",
        "region": "Eleia Bk5 Bk6",
        "part of": "Gymnasium of Elis",
        "location": "Gymnasium of Elis",
        "altname": "empty, per an oracle",
        "Wikidata": "https://wikidata.org/wiki/Q107031198",
        "type": [
          "cenotaph",
          "tomb mnema"
        ],
        "passages": [
          "6.23.3",
          "6.24.1"
        ]
      }
    },
    {
      "type": "Feature",
      "geometry": {
        "type": "Point",
        "coordinates": [
          21.374,
          37.89
        ]
      },
      "properties": {
        "name": "Memorial of Achilles at gymnasium of Elis",
        "region": "Eleia Bk5 Bk6",
        "part of": "Gymnasium of Elis",
        "location": "Gymnasium of Elis",
        "altname": "empty, per an oracle",
        "Wikidata": "https://wikidata.org/wiki/Q107031198",
        "type": [
          "cenotaph",
          "tomb mnema"
        ],
        "passages": [
          "6.23.3",
          "6.24.1"
        ]
      }
    },
    {
      "type": "Feature",
      "geometry": {
        "type": "Point",
        "coordinates": [
          12.4843457,
          41.89262
        ]
      },
      "properties": {
        "name": "Rome",
        "region": "Italia (Europe)",
        "part of": "Roman empire",
        "altname": "Roma",
        "Wikidata": "https://wikidata.org/wiki/Q18287233",
        "type": [
          "polis"
        ],
        "passages": [
          "10.34.4",
          "10.36.6",
          "10.8.6",
          "2.1.2",
          "2.21.6",
          "4.35.10",
          "5.25.8",
          "6.9.3",
          "7.10.11",
          "7.10.12",
          "7.12.2",
          "7.12.7",
          "7.12.8",
          "7.12.9",
          "7.13.5",
          "7.14.1",
          "7.14.3",
          "7.14.5",
          "7.22.5",
          "7.22.9",
          "7.8.6",
          "7.9.1",
          "7.9.4",
          "7.9.6",
          "8.17.4",
          "9.27.3",
          "9.27.4"
        ],
        "Pleiades": "https://pleiades.stoa.org/places/423025"
      }
    },
    {
      "type": "Feature",
      "geometry": {
        "type": "Point",
        "coordinates": [
          21.374,
          37.89
        ]
      },
      "properties": {
        "name": "Altar of Idaean Herakles Parastates at gymnasium of Elis",
        "region": "Eleia Bk5 Bk6",
        "part of": "Elis polis",
        "location": "Elis polis",
        "Wikidata": "https://wikidata.org/wiki/Q107040815",
        "type": [
          "altar"
        ],
        "passages": [
          "6.23.1",
          "6.23.3"
        ]
      }
    },
    {
      "type": "Feature",
      "geometry": {
        "type": "Point",
        "coordinates": [
          21.374,
          37.89
        ]
      },
      "properties": {
        "name": "Altar of Idaean Herakles Parastates at gymnasium of Elis",
        "region": "Eleia Bk5 Bk6",
        "part of": "Elis polis",
        "location": "Elis polis",
        "Wikidata": "https://wikidata.org/wiki/Q107040815",
        "type": [
          "altar"
        ],
        "passages": [
          "6.23.1",
          "6.23.3"
        ]
      }
    },
    {
      "type": "Feature",
      "geometry": {
        "type": "Point",
        "coordinates": [
          26.5,
          41
        ]
      },
      "properties": {
        "name": "Thrace (Europe)",
        "region": "",
        "part of": "Europe",
        "altname": "Thracia",
        "Wikidata": "https://wikidata.org/wiki/Q41741",
        "type": [
          "major region"
        ],
        "passages": [
          "1.10.2",
          "1.25.2",
          "1.29.13",
          "1.29.4",
          "1.29.5",
          "1.38.2",
          "1.6.4",
          "1.9.5",
          "10.11.5",
          "10.19.5",
          "2.30.2",
          "3.9.12",
          "5.10.8",
          "5.12.6",
          "5.27.12",
          "6.5.4",
          "7.4.3",
          "8.29.1",
          "9.30.9"
        ],
        "Pleiades": "https://pleiades.stoa.org/places/501638",
        "ToposText": "https://topostext.org/place/410265RThr"
      }
    },
    {
      "type": "Feature",
      "geometry": {
        "type": "Point",
        "coordinates": [
          21.6336,
          37.637
        ]
      },
      "properties": {
        "name": "Taraxippos of Olympia at hippodrome, round altar",
        "region": "Eleia Bk5 Bk6",
        "part of": "Hippodrome (Olympia)",
        "location": "Hippodrome (Olympia)",
        "Wikidata": "https://wikidata.org/wiki/Q107031181",
        "type": [
          "altar"
        ],
        "passages": [
          "6.20.15",
          "6.20.19"
        ]
      }
    },
    {
      "type": "Feature",
      "geometry": {
        "type": "Point",
        "coordinates": [
          21.6336,
          37.637
        ]
      },
      "properties": {
        "name": "Taraxippos of Olympia at hippodrome, round altar",
        "region": "Eleia Bk5 Bk6",
        "part of": "Hippodrome (Olympia)",
        "location": "Hippodrome (Olympia)",
        "Wikidata": "https://wikidata.org/wiki/Q107031181",
        "type": [
          "altar"
        ],
        "passages": [
          "6.20.15",
          "6.20.19"
        ]
      }
    },
    {
      "type": "Feature",
      "geometry": {
        "type": "Point",
        "coordinates": [
          36.4825754,
          35.2728339
        ]
      },
      "properties": {
        "name": "Orontes (river)",
        "region": "Asia (continent)",
        "part of": "Syria (Asia)",
        "Wikidata": "https://wikidata.org/wiki/Q188871",
        "type": [
          "river"
        ],
        "passages": [
          "10.20.5",
          "6.2.7",
          "8.20.2",
          "8.29.3",
          "8.33.3"
        ],
        "Pleiades": "https://pleiades.stoa.org/places/658560"
      }
    },
    {
      "type": "Feature",
      "geometry": {
        "type": "Point",
        "coordinates": [
          24.28409,
          41.01316
        ]
      },
      "properties": {
        "name": "Krenides/Philippi/Col. Augusta Iulia Philippensis",
        "region": "Thrace (Europe)",
        "part of": "Thrace (Europe)",
        "Wikidata": "https://wikidata.org/wiki/Q379652",
        "type": [
          "polis"
        ],
        "passages": [
          "6.4.10"
        ],
        "Pleiades": "https://pleiades.stoa.org/places/501482"
      }
    },
    {
      "type": "Feature",
      "geometry": {
        "type": "Point",
        "coordinates": [
          21.374,
          37.89
        ]
      },
      "properties": {
        "name": "Peribolos of Hades at sanctuary in Elis",
        "region": "Eleia Bk5 Bk6",
        "part of": "Sanctuary of Hades at Elis",
        "location": "Sanctuary of Hades at Elis",
        "type": [
          "enclosure"
        ],
        "passages": [
          "6.25.2"
        ]
      }
    },
    {
      "type": "Feature",
      "geometry": {
        "type": "Point",
        "coordinates": [
          21.666,
          37.642
        ]
      },
      "properties": {
        "name": "Sanctuary of Artemis Kordax east of Pisa",
        "region": "Eleia Bk5 Bk6",
        "part of": "Road Erymanthus border to Olympia",
        "altname": "unlocated, between Tomb of the Suitors of Hippodameia and Pisa",
        "Wikidata": "https://wikidata.org/wiki/Q107031253",
        "type": [
          "hieron"
        ],
        "passages": [
          "6.22.1"
        ],
        "Manto": "https://resource.manto.unh.edu/10268940"
      }
    },
    {
      "type": "Feature",
      "geometry": {
        "type": "Point",
        "coordinates": [
          21.4313,
          37.6729
        ]
      },
      "properties": {
        "name": "Temple of Artemis Alpheiaia at Letrinoi",
        "region": "Eleia Bk5 Bk6",
        "part of": "Letrinoi (Eleia)",
        "location": "Letrinoi (Eleia)",
        "Wikidata": "https://wikidata.org/wiki/Q107031188",
        "type": [
          "temple"
        ],
        "passages": [
          "6.22.8"
        ],
        "Manto": "https://resource.manto.unh.edu/11259217"
      }
    },
    {
      "type": "Feature",
      "geometry": {
        "type": "Point",
        "coordinates": [
          22.50151,
          38.48254
        ]
      },
      "properties": {
        "name": "Sanctuary of Pythian Apollo at Delphi",
        "region": "Phokis Bk10",
        "part of": "Delphi (polis)",
        "altname": "Pytho: distinct from the polis of the Delphians",
        "Wikidata": "https://wikidata.org/wiki/Q125925203",
        "type": [
          "hieron"
        ],
        "passages": [
          "1.11.1",
          "1.20.7",
          "1.22.8",
          "1.26.3",
          "1.3.4",
          "1.37.6",
          "1.4.4",
          "1.41.1",
          "1.43.3",
          "1.43.7",
          "1.43.8",
          "1.9.3",
          "10.1.1",
          "10.1.10",
          "10.1.4",
          "10.10.2",
          "10.11.1",
          "10.11.2",
          "10.12.5",
          "10.13.1",
          "10.13.10",
          "10.13.6",
          "10.13.8",
          "10.14.5",
          "10.15.5",
          "10.15.6",
          "10.16.5",
          "10.16.7",
          "10.16.8",
          "10.17.2",
          "10.18.1",
          "10.18.2",
          "10.18.5",
          "10.18.7",
          "10.19.3",
          "10.19.5",
          "10.2.2",
          "10.2.3",
          "10.22.12",
          "10.23.1",
          "10.23.11",
          "10.23.2",
          "10.23.3",
          "10.24.1",
          "10.24.5",
          "10.3.3",
          "10.3.4",
          "10.32.1",
          "10.33.3",
          "10.34.1",
          "10.34.2",
          "10.35.8",
          "10.36.3",
          "10.36.6",
          "10.5.5",
          "10.5.7",
          "10.6.5",
          "10.6.6",
          "10.7.1",
          "10.7.3",
          "10.8.1",
          "10.8.2",
          "10.8.3",
          "10.8.6",
          "10.9.1",
          "10.9.12",
          "10.9.2",
          "10.9.4",
          "10.9.6",
          "2.22.8",
          "2.24.1",
          "2.26.7",
          "2.29.7",
          "2.33.2",
          "3.1.6",
          "3.10.3",
          "3.10.4",
          "3.11.8",
          "3.13.8",
          "3.17.1",
          "3.17.9",
          "3.19.12",
          "3.3.6",
          "3.4.3",
          "3.4.4",
          "3.8.10",
          "3.8.2",
          "3.8.9",
          "4.12.1",
          "4.12.7",
          "4.12.8",
          "4.15.6",
          "4.16.6",
          "4.17.4",
          "4.20.1",
          "4.24.1",
          "4.32.3",
          "4.32.5",
          "4.34.9",
          "4.5.4",
          "4.9.3",
          "5.13.5",
          "5.18.8",
          "5.21.5",
          "5.21.7",
          "5.27.1",
          "5.27.10",
          "5.27.9",
          "5.3.1",
          "5.4.3",
          "5.4.6",
          "5.7.3",
          "6.1.8",
          "6.11.5",
          "6.11.7",
          "6.12.8",
          "6.13.8",
          "6.14.5",
          "6.15.1",
          "6.15.3",
          "6.15.6",
          "6.16.4",
          "6.17.2",
          "6.19.1",
          "6.2.2",
          "6.3.11",
          "6.3.4",
          "6.3.8",
          "6.4.11",
          "6.4.2",
          "6.4.5",
          "6.4.6",
          "6.7.10",
          "6.8.1",
          "6.8.6",
          "6.9.7",
          "7.17.13",
          "7.17.6",
          "7.19.4",
          "7.19.6",
          "7.19.7",
          "7.2.1",
          "7.24.4",
          "7.3.1",
          "8.10.9",
          "8.11.10",
          "8.15.1",
          "8.23.1",
          "8.24.10",
          "8.24.14",
          "8.24.8",
          "8.27.9",
          "8.36.8",
          "8.37.1",
          "8.39.4",
          "8.48.2",
          "8.5.4",
          "8.53.3",
          "8.7.6",
          "8.9.3",
          "9.12.1",
          "9.14.2",
          "9.25.1",
          "9.26.3",
          "9.33.1",
          "9.33.4",
          "9.36.2",
          "9.37.4",
          "9.37.5",
          "9.38.5",
          "9.40.1",
          "9.41.2",
          "9.5.10",
          "9.7.5"
        ],
        "Pleiades": "https://pleiades.stoa.org/places/540726",
        "ToposText": "https://topostext.org/place/385225SDel"
      }
    },
    {
      "type": "Feature",
      "geometry": {
        "type": "Point",
        "coordinates": [
          22.50151,
          38.48254
        ]
      },
      "properties": {
        "name": "Sanctuary of Pythian Apollo at Delphi",
        "region": "Phokis Bk10",
        "part of": "Delphi (polis)",
        "altname": "Pytho: distinct from the polis of the Delphians",
        "Wikidata": "https://wikidata.org/wiki/Q125925203",
        "type": [
          "hieron"
        ],
        "passages": [
          "1.11.1",
          "1.20.7",
          "1.22.8",
          "1.26.3",
          "1.3.4",
          "1.37.6",
          "1.4.4",
          "1.41.1",
          "1.43.3",
          "1.43.7",
          "1.43.8",
          "1.9.3",
          "10.1.1",
          "10.1.10",
          "10.1.4",
          "10.10.2",
          "10.11.1",
          "10.11.2",
          "10.12.5",
          "10.13.1",
          "10.13.10",
          "10.13.6",
          "10.13.8",
          "10.14.5",
          "10.15.5",
          "10.15.6",
          "10.16.5",
          "10.16.7",
          "10.16.8",
          "10.17.2",
          "10.18.1",
          "10.18.2",
          "10.18.5",
          "10.18.7",
          "10.19.3",
          "10.19.5",
          "10.2.2",
          "10.2.3",
          "10.22.12",
          "10.23.1",
          "10.23.11",
          "10.23.2",
          "10.23.3",
          "10.24.1",
          "10.24.5",
          "10.3.3",
          "10.3.4",
          "10.32.1",
          "10.33.3",
          "10.34.1",
          "10.34.2",
          "10.35.8",
          "10.36.3",
          "10.36.6",
          "10.5.5",
          "10.5.7",
          "10.6.5",
          "10.6.6",
          "10.7.1",
          "10.7.3",
          "10.8.1",
          "10.8.2",
          "10.8.3",
          "10.8.6",
          "10.9.1",
          "10.9.12",
          "10.9.2",
          "10.9.4",
          "10.9.6",
          "2.22.8",
          "2.24.1",
          "2.26.7",
          "2.29.7",
          "2.33.2",
          "3.1.6",
          "3.10.3",
          "3.10.4",
          "3.11.8",
          "3.13.8",
          "3.17.1",
          "3.17.9",
          "3.19.12",
          "3.3.6",
          "3.4.3",
          "3.4.4",
          "3.8.10",
          "3.8.2",
          "3.8.9",
          "4.12.1",
          "4.12.7",
          "4.12.8",
          "4.15.6",
          "4.16.6",
          "4.17.4",
          "4.20.1",
          "4.24.1",
          "4.32.3",
          "4.32.5",
          "4.34.9",
          "4.5.4",
          "4.9.3",
          "5.13.5",
          "5.18.8",
          "5.21.5",
          "5.21.7",
          "5.27.1",
          "5.27.10",
          "5.27.9",
          "5.3.1",
          "5.4.3",
          "5.4.6",
          "5.7.3",
          "6.1.8",
          "6.11.5",
          "6.11.7",
          "6.12.8",
          "6.13.8",
          "6.14.5",
          "6.15.1",
          "6.15.3",
          "6.15.6",
          "6.16.4",
          "6.17.2",
          "6.19.1",
          "6.2.2",
          "6.3.11",
          "6.3.4",
          "6.3.8",
          "6.4.11",
          "6.4.2",
          "6.4.5",
          "6.4.6",
          "6.7.10",
          "6.8.1",
          "6.8.6",
          "6.9.7",
          "7.17.13",
          "7.17.6",
          "7.19.4",
          "7.19.6",
          "7.19.7",
          "7.2.1",
          "7.24.4",
          "7.3.1",
          "8.10.9",
          "8.11.10",
          "8.15.1",
          "8.23.1",
          "8.24.10",
          "8.24.14",
          "8.24.8",
          "8.27.9",
          "8.36.8",
          "8.37.1",
          "8.39.4",
          "8.48.2",
          "8.5.4",
          "8.53.3",
          "8.7.6",
          "8.9.3",
          "9.12.1",
          "9.14.2",
          "9.25.1",
          "9.26.3",
          "9.33.1",
          "9.33.4",
          "9.36.2",
          "9.37.4",
          "9.37.5",
          "9.38.5",
          "9.40.1",
          "9.41.2",
          "9.5.10",
          "9.7.5"
        ],
        "Pleiades": "https://pleiades.stoa.org/places/540726",
        "ToposText": "https://topostext.org/place/385225SDel"
      }
    },
    {
      "type": "Feature",
      "geometry": {
        "type": "Point",
        "coordinates": [
          22.50151,
          38.48254
        ]
      },
      "properties": {
        "name": "Sanctuary of Pythian Apollo at Delphi",
        "region": "Phokis Bk10",
        "part of": "Delphi (polis)",
        "altname": "Pytho: distinct from the polis of the Delphians",
        "Wikidata": "https://wikidata.org/wiki/Q125925203",
        "type": [
          "hieron"
        ],
        "passages": [
          "1.11.1",
          "1.20.7",
          "1.22.8",
          "1.26.3",
          "1.3.4",
          "1.37.6",
          "1.4.4",
          "1.41.1",
          "1.43.3",
          "1.43.7",
          "1.43.8",
          "1.9.3",
          "10.1.1",
          "10.1.10",
          "10.1.4",
          "10.10.2",
          "10.11.1",
          "10.11.2",
          "10.12.5",
          "10.13.1",
          "10.13.10",
          "10.13.6",
          "10.13.8",
          "10.14.5",
          "10.15.5",
          "10.15.6",
          "10.16.5",
          "10.16.7",
          "10.16.8",
          "10.17.2",
          "10.18.1",
          "10.18.2",
          "10.18.5",
          "10.18.7",
          "10.19.3",
          "10.19.5",
          "10.2.2",
          "10.2.3",
          "10.22.12",
          "10.23.1",
          "10.23.11",
          "10.23.2",
          "10.23.3",
          "10.24.1",
          "10.24.5",
          "10.3.3",
          "10.3.4",
          "10.32.1",
          "10.33.3",
          "10.34.1",
          "10.34.2",
          "10.35.8",
          "10.36.3",
          "10.36.6",
          "10.5.5",
          "10.5.7",
          "10.6.5",
          "10.6.6",
          "10.7.1",
          "10.7.3",
          "10.8.1",
          "10.8.2",
          "10.8.3",
          "10.8.6",
          "10.9.1",
          "10.9.12",
          "10.9.2",
          "10.9.4",
          "10.9.6",
          "2.22.8",
          "2.24.1",
          "2.26.7",
          "2.29.7",
          "2.33.2",
          "3.1.6",
          "3.10.3",
          "3.10.4",
          "3.11.8",
          "3.13.8",
          "3.17.1",
          "3.17.9",
          "3.19.12",
          "3.3.6",
          "3.4.3",
          "3.4.4",
          "3.8.10",
          "3.8.2",
          "3.8.9",
          "4.12.1",
          "4.12.7",
          "4.12.8",
          "4.15.6",
          "4.16.6",
          "4.17.4",
          "4.20.1",
          "4.24.1",
          "4.32.3",
          "4.32.5",
          "4.34.9",
          "4.5.4",
          "4.9.3",
          "5.13.5",
          "5.18.8",
          "5.21.5",
          "5.21.7",
          "5.27.1",
          "5.27.10",
          "5.27.9",
          "5.3.1",
          "5.4.3",
          "5.4.6",
          "5.7.3",
          "6.1.8",
          "6.11.5",
          "6.11.7",
          "6.12.8",
          "6.13.8",
          "6.14.5",
          "6.15.1",
          "6.15.3",
          "6.15.6",
          "6.16.4",
          "6.17.2",
          "6.19.1",
          "6.2.2",
          "6.3.11",
          "6.3.4",
          "6.3.8",
          "6.4.11",
          "6.4.2",
          "6.4.5",
          "6.4.6",
          "6.7.10",
          "6.8.1",
          "6.8.6",
          "6.9.7",
          "7.17.13",
          "7.17.6",
          "7.19.4",
          "7.19.6",
          "7.19.7",
          "7.2.1",
          "7.24.4",
          "7.3.1",
          "8.10.9",
          "8.11.10",
          "8.15.1",
          "8.23.1",
          "8.24.10",
          "8.24.14",
          "8.24.8",
          "8.27.9",
          "8.36.8",
          "8.37.1",
          "8.39.4",
          "8.48.2",
          "8.5.4",
          "8.53.3",
          "8.7.6",
          "8.9.3",
          "9.12.1",
          "9.14.2",
          "9.25.1",
          "9.26.3",
          "9.33.1",
          "9.33.4",
          "9.36.2",
          "9.37.4",
          "9.37.5",
          "9.38.5",
          "9.40.1",
          "9.41.2",
          "9.5.10",
          "9.7.5"
        ],
        "Pleiades": "https://pleiades.stoa.org/places/540726",
        "ToposText": "https://topostext.org/place/385225SDel"
      }
    },
    {
      "type": "Feature",
      "geometry": {
        "type": "Point",
        "coordinates": [
          22.50151,
          38.48254
        ]
      },
      "properties": {
        "name": "Sanctuary of Pythian Apollo at Delphi",
        "region": "Phokis Bk10",
        "part of": "Delphi (polis)",
        "altname": "Pytho: distinct from the polis of the Delphians",
        "Wikidata": "https://wikidata.org/wiki/Q125925203",
        "type": [
          "hieron"
        ],
        "passages": [
          "1.11.1",
          "1.20.7",
          "1.22.8",
          "1.26.3",
          "1.3.4",
          "1.37.6",
          "1.4.4",
          "1.41.1",
          "1.43.3",
          "1.43.7",
          "1.43.8",
          "1.9.3",
          "10.1.1",
          "10.1.10",
          "10.1.4",
          "10.10.2",
          "10.11.1",
          "10.11.2",
          "10.12.5",
          "10.13.1",
          "10.13.10",
          "10.13.6",
          "10.13.8",
          "10.14.5",
          "10.15.5",
          "10.15.6",
          "10.16.5",
          "10.16.7",
          "10.16.8",
          "10.17.2",
          "10.18.1",
          "10.18.2",
          "10.18.5",
          "10.18.7",
          "10.19.3",
          "10.19.5",
          "10.2.2",
          "10.2.3",
          "10.22.12",
          "10.23.1",
          "10.23.11",
          "10.23.2",
          "10.23.3",
          "10.24.1",
          "10.24.5",
          "10.3.3",
          "10.3.4",
          "10.32.1",
          "10.33.3",
          "10.34.1",
          "10.34.2",
          "10.35.8",
          "10.36.3",
          "10.36.6",
          "10.5.5",
          "10.5.7",
          "10.6.5",
          "10.6.6",
          "10.7.1",
          "10.7.3",
          "10.8.1",
          "10.8.2",
          "10.8.3",
          "10.8.6",
          "10.9.1",
          "10.9.12",
          "10.9.2",
          "10.9.4",
          "10.9.6",
          "2.22.8",
          "2.24.1",
          "2.26.7",
          "2.29.7",
          "2.33.2",
          "3.1.6",
          "3.10.3",
          "3.10.4",
          "3.11.8",
          "3.13.8",
          "3.17.1",
          "3.17.9",
          "3.19.12",
          "3.3.6",
          "3.4.3",
          "3.4.4",
          "3.8.10",
          "3.8.2",
          "3.8.9",
          "4.12.1",
          "4.12.7",
          "4.12.8",
          "4.15.6",
          "4.16.6",
          "4.17.4",
          "4.20.1",
          "4.24.1",
          "4.32.3",
          "4.32.5",
          "4.34.9",
          "4.5.4",
          "4.9.3",
          "5.13.5",
          "5.18.8",
          "5.21.5",
          "5.21.7",
          "5.27.1",
          "5.27.10",
          "5.27.9",
          "5.3.1",
          "5.4.3",
          "5.4.6",
          "5.7.3",
          "6.1.8",
          "6.11.5",
          "6.11.7",
          "6.12.8",
          "6.13.8",
          "6.14.5",
          "6.15.1",
          "6.15.3",
          "6.15.6",
          "6.16.4",
          "6.17.2",
          "6.19.1",
          "6.2.2",
          "6.3.11",
          "6.3.4",
          "6.3.8",
          "6.4.11",
          "6.4.2",
          "6.4.5",
          "6.4.6",
          "6.7.10",
          "6.8.1",
          "6.8.6",
          "6.9.7",
          "7.17.13",
          "7.17.6",
          "7.19.4",
          "7.19.6",
          "7.19.7",
          "7.2.1",
          "7.24.4",
          "7.3.1",
          "8.10.9",
          "8.11.10",
          "8.15.1",
          "8.23.1",
          "8.24.10",
          "8.24.14",
          "8.24.8",
          "8.27.9",
          "8.36.8",
          "8.37.1",
          "8.39.4",
          "8.48.2",
          "8.5.4",
          "8.53.3",
          "8.7.6",
          "8.9.3",
          "9.12.1",
          "9.14.2",
          "9.25.1",
          "9.26.3",
          "9.33.1",
          "9.33.4",
          "9.36.2",
          "9.37.4",
          "9.37.5",
          "9.38.5",
          "9.40.1",
          "9.41.2",
          "9.5.10",
          "9.7.5"
        ],
        "Pleiades": "https://pleiades.stoa.org/places/540726",
        "ToposText": "https://topostext.org/place/385225SDel"
      }
    },
    {
      "type": "Feature",
      "geometry": {
        "type": "Point",
        "coordinates": [
          22.50151,
          38.48254
        ]
      },
      "properties": {
        "name": "Sanctuary of Pythian Apollo at Delphi",
        "region": "Phokis Bk10",
        "part of": "Delphi (polis)",
        "altname": "Pytho: distinct from the polis of the Delphians",
        "Wikidata": "https://wikidata.org/wiki/Q125925203",
        "type": [
          "hieron"
        ],
        "passages": [
          "1.11.1",
          "1.20.7",
          "1.22.8",
          "1.26.3",
          "1.3.4",
          "1.37.6",
          "1.4.4",
          "1.41.1",
          "1.43.3",
          "1.43.7",
          "1.43.8",
          "1.9.3",
          "10.1.1",
          "10.1.10",
          "10.1.4",
          "10.10.2",
          "10.11.1",
          "10.11.2",
          "10.12.5",
          "10.13.1",
          "10.13.10",
          "10.13.6",
          "10.13.8",
          "10.14.5",
          "10.15.5",
          "10.15.6",
          "10.16.5",
          "10.16.7",
          "10.16.8",
          "10.17.2",
          "10.18.1",
          "10.18.2",
          "10.18.5",
          "10.18.7",
          "10.19.3",
          "10.19.5",
          "10.2.2",
          "10.2.3",
          "10.22.12",
          "10.23.1",
          "10.23.11",
          "10.23.2",
          "10.23.3",
          "10.24.1",
          "10.24.5",
          "10.3.3",
          "10.3.4",
          "10.32.1",
          "10.33.3",
          "10.34.1",
          "10.34.2",
          "10.35.8",
          "10.36.3",
          "10.36.6",
          "10.5.5",
          "10.5.7",
          "10.6.5",
          "10.6.6",
          "10.7.1",
          "10.7.3",
          "10.8.1",
          "10.8.2",
          "10.8.3",
          "10.8.6",
          "10.9.1",
          "10.9.12",
          "10.9.2",
          "10.9.4",
          "10.9.6",
          "2.22.8",
          "2.24.1",
          "2.26.7",
          "2.29.7",
          "2.33.2",
          "3.1.6",
          "3.10.3",
          "3.10.4",
          "3.11.8",
          "3.13.8",
          "3.17.1",
          "3.17.9",
          "3.19.12",
          "3.3.6",
          "3.4.3",
          "3.4.4",
          "3.8.10",
          "3.8.2",
          "3.8.9",
          "4.12.1",
          "4.12.7",
          "4.12.8",
          "4.15.6",
          "4.16.6",
          "4.17.4",
          "4.20.1",
          "4.24.1",
          "4.32.3",
          "4.32.5",
          "4.34.9",
          "4.5.4",
          "4.9.3",
          "5.13.5",
          "5.18.8",
          "5.21.5",
          "5.21.7",
          "5.27.1",
          "5.27.10",
          "5.27.9",
          "5.3.1",
          "5.4.3",
          "5.4.6",
          "5.7.3",
          "6.1.8",
          "6.11.5",
          "6.11.7",
          "6.12.8",
          "6.13.8",
          "6.14.5",
          "6.15.1",
          "6.15.3",
          "6.15.6",
          "6.16.4",
          "6.17.2",
          "6.19.1",
          "6.2.2",
          "6.3.11",
          "6.3.4",
          "6.3.8",
          "6.4.11",
          "6.4.2",
          "6.4.5",
          "6.4.6",
          "6.7.10",
          "6.8.1",
          "6.8.6",
          "6.9.7",
          "7.17.13",
          "7.17.6",
          "7.19.4",
          "7.19.6",
          "7.19.7",
          "7.2.1",
          "7.24.4",
          "7.3.1",
          "8.10.9",
          "8.11.10",
          "8.15.1",
          "8.23.1",
          "8.24.10",
          "8.24.14",
          "8.24.8",
          "8.27.9",
          "8.36.8",
          "8.37.1",
          "8.39.4",
          "8.48.2",
          "8.5.4",
          "8.53.3",
          "8.7.6",
          "8.9.3",
          "9.12.1",
          "9.14.2",
          "9.25.1",
          "9.26.3",
          "9.33.1",
          "9.33.4",
          "9.36.2",
          "9.37.4",
          "9.37.5",
          "9.38.5",
          "9.40.1",
          "9.41.2",
          "9.5.10",
          "9.7.5"
        ],
        "Pleiades": "https://pleiades.stoa.org/places/540726",
        "ToposText": "https://topostext.org/place/385225SDel"
      }
    },
    {
      "type": "Feature",
      "geometry": {
        "type": "Point",
        "coordinates": [
          22.50151,
          38.48254
        ]
      },
      "properties": {
        "name": "Sanctuary of Pythian Apollo at Delphi",
        "region": "Phokis Bk10",
        "part of": "Delphi (polis)",
        "altname": "Pytho: distinct from the polis of the Delphians",
        "Wikidata": "https://wikidata.org/wiki/Q125925203",
        "type": [
          "hieron"
        ],
        "passages": [
          "1.11.1",
          "1.20.7",
          "1.22.8",
          "1.26.3",
          "1.3.4",
          "1.37.6",
          "1.4.4",
          "1.41.1",
          "1.43.3",
          "1.43.7",
          "1.43.8",
          "1.9.3",
          "10.1.1",
          "10.1.10",
          "10.1.4",
          "10.10.2",
          "10.11.1",
          "10.11.2",
          "10.12.5",
          "10.13.1",
          "10.13.10",
          "10.13.6",
          "10.13.8",
          "10.14.5",
          "10.15.5",
          "10.15.6",
          "10.16.5",
          "10.16.7",
          "10.16.8",
          "10.17.2",
          "10.18.1",
          "10.18.2",
          "10.18.5",
          "10.18.7",
          "10.19.3",
          "10.19.5",
          "10.2.2",
          "10.2.3",
          "10.22.12",
          "10.23.1",
          "10.23.11",
          "10.23.2",
          "10.23.3",
          "10.24.1",
          "10.24.5",
          "10.3.3",
          "10.3.4",
          "10.32.1",
          "10.33.3",
          "10.34.1",
          "10.34.2",
          "10.35.8",
          "10.36.3",
          "10.36.6",
          "10.5.5",
          "10.5.7",
          "10.6.5",
          "10.6.6",
          "10.7.1",
          "10.7.3",
          "10.8.1",
          "10.8.2",
          "10.8.3",
          "10.8.6",
          "10.9.1",
          "10.9.12",
          "10.9.2",
          "10.9.4",
          "10.9.6",
          "2.22.8",
          "2.24.1",
          "2.26.7",
          "2.29.7",
          "2.33.2",
          "3.1.6",
          "3.10.3",
          "3.10.4",
          "3.11.8",
          "3.13.8",
          "3.17.1",
          "3.17.9",
          "3.19.12",
          "3.3.6",
          "3.4.3",
          "3.4.4",
          "3.8.10",
          "3.8.2",
          "3.8.9",
          "4.12.1",
          "4.12.7",
          "4.12.8",
          "4.15.6",
          "4.16.6",
          "4.17.4",
          "4.20.1",
          "4.24.1",
          "4.32.3",
          "4.32.5",
          "4.34.9",
          "4.5.4",
          "4.9.3",
          "5.13.5",
          "5.18.8",
          "5.21.5",
          "5.21.7",
          "5.27.1",
          "5.27.10",
          "5.27.9",
          "5.3.1",
          "5.4.3",
          "5.4.6",
          "5.7.3",
          "6.1.8",
          "6.11.5",
          "6.11.7",
          "6.12.8",
          "6.13.8",
          "6.14.5",
          "6.15.1",
          "6.15.3",
          "6.15.6",
          "6.16.4",
          "6.17.2",
          "6.19.1",
          "6.2.2",
          "6.3.11",
          "6.3.4",
          "6.3.8",
          "6.4.11",
          "6.4.2",
          "6.4.5",
          "6.4.6",
          "6.7.10",
          "6.8.1",
          "6.8.6",
          "6.9.7",
          "7.17.13",
          "7.17.6",
          "7.19.4",
          "7.19.6",
          "7.19.7",
          "7.2.1",
          "7.24.4",
          "7.3.1",
          "8.10.9",
          "8.11.10",
          "8.15.1",
          "8.23.1",
          "8.24.10",
          "8.24.14",
          "8.24.8",
          "8.27.9",
          "8.36.8",
          "8.37.1",
          "8.39.4",
          "8.48.2",
          "8.5.4",
          "8.53.3",
          "8.7.6",
          "8.9.3",
          "9.12.1",
          "9.14.2",
          "9.25.1",
          "9.26.3",
          "9.33.1",
          "9.33.4",
          "9.36.2",
          "9.37.4",
          "9.37.5",
          "9.38.5",
          "9.40.1",
          "9.41.2",
          "9.5.10",
          "9.7.5"
        ],
        "Pleiades": "https://pleiades.stoa.org/places/540726",
        "ToposText": "https://topostext.org/place/385225SDel"
      }
    },
    {
      "type": "Feature",
      "geometry": {
        "type": "Point",
        "coordinates": [
          22.50151,
          38.48254
        ]
      },
      "properties": {
        "name": "Sanctuary of Pythian Apollo at Delphi",
        "region": "Phokis Bk10",
        "part of": "Delphi (polis)",
        "altname": "Pytho: distinct from the polis of the Delphians",
        "Wikidata": "https://wikidata.org/wiki/Q125925203",
        "type": [
          "hieron"
        ],
        "passages": [
          "1.11.1",
          "1.20.7",
          "1.22.8",
          "1.26.3",
          "1.3.4",
          "1.37.6",
          "1.4.4",
          "1.41.1",
          "1.43.3",
          "1.43.7",
          "1.43.8",
          "1.9.3",
          "10.1.1",
          "10.1.10",
          "10.1.4",
          "10.10.2",
          "10.11.1",
          "10.11.2",
          "10.12.5",
          "10.13.1",
          "10.13.10",
          "10.13.6",
          "10.13.8",
          "10.14.5",
          "10.15.5",
          "10.15.6",
          "10.16.5",
          "10.16.7",
          "10.16.8",
          "10.17.2",
          "10.18.1",
          "10.18.2",
          "10.18.5",
          "10.18.7",
          "10.19.3",
          "10.19.5",
          "10.2.2",
          "10.2.3",
          "10.22.12",
          "10.23.1",
          "10.23.11",
          "10.23.2",
          "10.23.3",
          "10.24.1",
          "10.24.5",
          "10.3.3",
          "10.3.4",
          "10.32.1",
          "10.33.3",
          "10.34.1",
          "10.34.2",
          "10.35.8",
          "10.36.3",
          "10.36.6",
          "10.5.5",
          "10.5.7",
          "10.6.5",
          "10.6.6",
          "10.7.1",
          "10.7.3",
          "10.8.1",
          "10.8.2",
          "10.8.3",
          "10.8.6",
          "10.9.1",
          "10.9.12",
          "10.9.2",
          "10.9.4",
          "10.9.6",
          "2.22.8",
          "2.24.1",
          "2.26.7",
          "2.29.7",
          "2.33.2",
          "3.1.6",
          "3.10.3",
          "3.10.4",
          "3.11.8",
          "3.13.8",
          "3.17.1",
          "3.17.9",
          "3.19.12",
          "3.3.6",
          "3.4.3",
          "3.4.4",
          "3.8.10",
          "3.8.2",
          "3.8.9",
          "4.12.1",
          "4.12.7",
          "4.12.8",
          "4.15.6",
          "4.16.6",
          "4.17.4",
          "4.20.1",
          "4.24.1",
          "4.32.3",
          "4.32.5",
          "4.34.9",
          "4.5.4",
          "4.9.3",
          "5.13.5",
          "5.18.8",
          "5.21.5",
          "5.21.7",
          "5.27.1",
          "5.27.10",
          "5.27.9",
          "5.3.1",
          "5.4.3",
          "5.4.6",
          "5.7.3",
          "6.1.8",
          "6.11.5",
          "6.11.7",
          "6.12.8",
          "6.13.8",
          "6.14.5",
          "6.15.1",
          "6.15.3",
          "6.15.6",
          "6.16.4",
          "6.17.2",
          "6.19.1",
          "6.2.2",
          "6.3.11",
          "6.3.4",
          "6.3.8",
          "6.4.11",
          "6.4.2",
          "6.4.5",
          "6.4.6",
          "6.7.10",
          "6.8.1",
          "6.8.6",
          "6.9.7",
          "7.17.13",
          "7.17.6",
          "7.19.4",
          "7.19.6",
          "7.19.7",
          "7.2.1",
          "7.24.4",
          "7.3.1",
          "8.10.9",
          "8.11.10",
          "8.15.1",
          "8.23.1",
          "8.24.10",
          "8.24.14",
          "8.24.8",
          "8.27.9",
          "8.36.8",
          "8.37.1",
          "8.39.4",
          "8.48.2",
          "8.5.4",
          "8.53.3",
          "8.7.6",
          "8.9.3",
          "9.12.1",
          "9.14.2",
          "9.25.1",
          "9.26.3",
          "9.33.1",
          "9.33.4",
          "9.36.2",
          "9.37.4",
          "9.37.5",
          "9.38.5",
          "9.40.1",
          "9.41.2",
          "9.5.10",
          "9.7.5"
        ],
        "Pleiades": "https://pleiades.stoa.org/places/540726",
        "ToposText": "https://topostext.org/place/385225SDel"
      }
    },
    {
      "type": "Feature",
      "geometry": {
        "type": "Point",
        "coordinates": [
          22.50151,
          38.48254
        ]
      },
      "properties": {
        "name": "Sanctuary of Pythian Apollo at Delphi",
        "region": "Phokis Bk10",
        "part of": "Delphi (polis)",
        "altname": "Pytho: distinct from the polis of the Delphians",
        "Wikidata": "https://wikidata.org/wiki/Q125925203",
        "type": [
          "hieron"
        ],
        "passages": [
          "1.11.1",
          "1.20.7",
          "1.22.8",
          "1.26.3",
          "1.3.4",
          "1.37.6",
          "1.4.4",
          "1.41.1",
          "1.43.3",
          "1.43.7",
          "1.43.8",
          "1.9.3",
          "10.1.1",
          "10.1.10",
          "10.1.4",
          "10.10.2",
          "10.11.1",
          "10.11.2",
          "10.12.5",
          "10.13.1",
          "10.13.10",
          "10.13.6",
          "10.13.8",
          "10.14.5",
          "10.15.5",
          "10.15.6",
          "10.16.5",
          "10.16.7",
          "10.16.8",
          "10.17.2",
          "10.18.1",
          "10.18.2",
          "10.18.5",
          "10.18.7",
          "10.19.3",
          "10.19.5",
          "10.2.2",
          "10.2.3",
          "10.22.12",
          "10.23.1",
          "10.23.11",
          "10.23.2",
          "10.23.3",
          "10.24.1",
          "10.24.5",
          "10.3.3",
          "10.3.4",
          "10.32.1",
          "10.33.3",
          "10.34.1",
          "10.34.2",
          "10.35.8",
          "10.36.3",
          "10.36.6",
          "10.5.5",
          "10.5.7",
          "10.6.5",
          "10.6.6",
          "10.7.1",
          "10.7.3",
          "10.8.1",
          "10.8.2",
          "10.8.3",
          "10.8.6",
          "10.9.1",
          "10.9.12",
          "10.9.2",
          "10.9.4",
          "10.9.6",
          "2.22.8",
          "2.24.1",
          "2.26.7",
          "2.29.7",
          "2.33.2",
          "3.1.6",
          "3.10.3",
          "3.10.4",
          "3.11.8",
          "3.13.8",
          "3.17.1",
          "3.17.9",
          "3.19.12",
          "3.3.6",
          "3.4.3",
          "3.4.4",
          "3.8.10",
          "3.8.2",
          "3.8.9",
          "4.12.1",
          "4.12.7",
          "4.12.8",
          "4.15.6",
          "4.16.6",
          "4.17.4",
          "4.20.1",
          "4.24.1",
          "4.32.3",
          "4.32.5",
          "4.34.9",
          "4.5.4",
          "4.9.3",
          "5.13.5",
          "5.18.8",
          "5.21.5",
          "5.21.7",
          "5.27.1",
          "5.27.10",
          "5.27.9",
          "5.3.1",
          "5.4.3",
          "5.4.6",
          "5.7.3",
          "6.1.8",
          "6.11.5",
          "6.11.7",
          "6.12.8",
          "6.13.8",
          "6.14.5",
          "6.15.1",
          "6.15.3",
          "6.15.6",
          "6.16.4",
          "6.17.2",
          "6.19.1",
          "6.2.2",
          "6.3.11",
          "6.3.4",
          "6.3.8",
          "6.4.11",
          "6.4.2",
          "6.4.5",
          "6.4.6",
          "6.7.10",
          "6.8.1",
          "6.8.6",
          "6.9.7",
          "7.17.13",
          "7.17.6",
          "7.19.4",
          "7.19.6",
          "7.19.7",
          "7.2.1",
          "7.24.4",
          "7.3.1",
          "8.10.9",
          "8.11.10",
          "8.15.1",
          "8.23.1",
          "8.24.10",
          "8.24.14",
          "8.24.8",
          "8.27.9",
          "8.36.8",
          "8.37.1",
          "8.39.4",
          "8.48.2",
          "8.5.4",
          "8.53.3",
          "8.7.6",
          "8.9.3",
          "9.12.1",
          "9.14.2",
          "9.25.1",
          "9.26.3",
          "9.33.1",
          "9.33.4",
          "9.36.2",
          "9.37.4",
          "9.37.5",
          "9.38.5",
          "9.40.1",
          "9.41.2",
          "9.5.10",
          "9.7.5"
        ],
        "Pleiades": "https://pleiades.stoa.org/places/540726",
        "ToposText": "https://topostext.org/place/385225SDel"
      }
    },
    {
      "type": "Feature",
      "geometry": {
        "type": "Point",
        "coordinates": [
          22.50151,
          38.48254
        ]
      },
      "properties": {
        "name": "Sanctuary of Pythian Apollo at Delphi",
        "region": "Phokis Bk10",
        "part of": "Delphi (polis)",
        "altname": "Pytho: distinct from the polis of the Delphians",
        "Wikidata": "https://wikidata.org/wiki/Q125925203",
        "type": [
          "hieron"
        ],
        "passages": [
          "1.11.1",
          "1.20.7",
          "1.22.8",
          "1.26.3",
          "1.3.4",
          "1.37.6",
          "1.4.4",
          "1.41.1",
          "1.43.3",
          "1.43.7",
          "1.43.8",
          "1.9.3",
          "10.1.1",
          "10.1.10",
          "10.1.4",
          "10.10.2",
          "10.11.1",
          "10.11.2",
          "10.12.5",
          "10.13.1",
          "10.13.10",
          "10.13.6",
          "10.13.8",
          "10.14.5",
          "10.15.5",
          "10.15.6",
          "10.16.5",
          "10.16.7",
          "10.16.8",
          "10.17.2",
          "10.18.1",
          "10.18.2",
          "10.18.5",
          "10.18.7",
          "10.19.3",
          "10.19.5",
          "10.2.2",
          "10.2.3",
          "10.22.12",
          "10.23.1",
          "10.23.11",
          "10.23.2",
          "10.23.3",
          "10.24.1",
          "10.24.5",
          "10.3.3",
          "10.3.4",
          "10.32.1",
          "10.33.3",
          "10.34.1",
          "10.34.2",
          "10.35.8",
          "10.36.3",
          "10.36.6",
          "10.5.5",
          "10.5.7",
          "10.6.5",
          "10.6.6",
          "10.7.1",
          "10.7.3",
          "10.8.1",
          "10.8.2",
          "10.8.3",
          "10.8.6",
          "10.9.1",
          "10.9.12",
          "10.9.2",
          "10.9.4",
          "10.9.6",
          "2.22.8",
          "2.24.1",
          "2.26.7",
          "2.29.7",
          "2.33.2",
          "3.1.6",
          "3.10.3",
          "3.10.4",
          "3.11.8",
          "3.13.8",
          "3.17.1",
          "3.17.9",
          "3.19.12",
          "3.3.6",
          "3.4.3",
          "3.4.4",
          "3.8.10",
          "3.8.2",
          "3.8.9",
          "4.12.1",
          "4.12.7",
          "4.12.8",
          "4.15.6",
          "4.16.6",
          "4.17.4",
          "4.20.1",
          "4.24.1",
          "4.32.3",
          "4.32.5",
          "4.34.9",
          "4.5.4",
          "4.9.3",
          "5.13.5",
          "5.18.8",
          "5.21.5",
          "5.21.7",
          "5.27.1",
          "5.27.10",
          "5.27.9",
          "5.3.1",
          "5.4.3",
          "5.4.6",
          "5.7.3",
          "6.1.8",
          "6.11.5",
          "6.11.7",
          "6.12.8",
          "6.13.8",
          "6.14.5",
          "6.15.1",
          "6.15.3",
          "6.15.6",
          "6.16.4",
          "6.17.2",
          "6.19.1",
          "6.2.2",
          "6.3.11",
          "6.3.4",
          "6.3.8",
          "6.4.11",
          "6.4.2",
          "6.4.5",
          "6.4.6",
          "6.7.10",
          "6.8.1",
          "6.8.6",
          "6.9.7",
          "7.17.13",
          "7.17.6",
          "7.19.4",
          "7.19.6",
          "7.19.7",
          "7.2.1",
          "7.24.4",
          "7.3.1",
          "8.10.9",
          "8.11.10",
          "8.15.1",
          "8.23.1",
          "8.24.10",
          "8.24.14",
          "8.24.8",
          "8.27.9",
          "8.36.8",
          "8.37.1",
          "8.39.4",
          "8.48.2",
          "8.5.4",
          "8.53.3",
          "8.7.6",
          "8.9.3",
          "9.12.1",
          "9.14.2",
          "9.25.1",
          "9.26.3",
          "9.33.1",
          "9.33.4",
          "9.36.2",
          "9.37.4",
          "9.37.5",
          "9.38.5",
          "9.40.1",
          "9.41.2",
          "9.5.10",
          "9.7.5"
        ],
        "Pleiades": "https://pleiades.stoa.org/places/540726",
        "ToposText": "https://topostext.org/place/385225SDel"
      }
    },
    {
      "type": "Feature",
      "geometry": {
        "type": "Point",
        "coordinates": [
          22.50151,
          38.48254
        ]
      },
      "properties": {
        "name": "Sanctuary of Pythian Apollo at Delphi",
        "region": "Phokis Bk10",
        "part of": "Delphi (polis)",
        "altname": "Pytho: distinct from the polis of the Delphians",
        "Wikidata": "https://wikidata.org/wiki/Q125925203",
        "type": [
          "hieron"
        ],
        "passages": [
          "1.11.1",
          "1.20.7",
          "1.22.8",
          "1.26.3",
          "1.3.4",
          "1.37.6",
          "1.4.4",
          "1.41.1",
          "1.43.3",
          "1.43.7",
          "1.43.8",
          "1.9.3",
          "10.1.1",
          "10.1.10",
          "10.1.4",
          "10.10.2",
          "10.11.1",
          "10.11.2",
          "10.12.5",
          "10.13.1",
          "10.13.10",
          "10.13.6",
          "10.13.8",
          "10.14.5",
          "10.15.5",
          "10.15.6",
          "10.16.5",
          "10.16.7",
          "10.16.8",
          "10.17.2",
          "10.18.1",
          "10.18.2",
          "10.18.5",
          "10.18.7",
          "10.19.3",
          "10.19.5",
          "10.2.2",
          "10.2.3",
          "10.22.12",
          "10.23.1",
          "10.23.11",
          "10.23.2",
          "10.23.3",
          "10.24.1",
          "10.24.5",
          "10.3.3",
          "10.3.4",
          "10.32.1",
          "10.33.3",
          "10.34.1",
          "10.34.2",
          "10.35.8",
          "10.36.3",
          "10.36.6",
          "10.5.5",
          "10.5.7",
          "10.6.5",
          "10.6.6",
          "10.7.1",
          "10.7.3",
          "10.8.1",
          "10.8.2",
          "10.8.3",
          "10.8.6",
          "10.9.1",
          "10.9.12",
          "10.9.2",
          "10.9.4",
          "10.9.6",
          "2.22.8",
          "2.24.1",
          "2.26.7",
          "2.29.7",
          "2.33.2",
          "3.1.6",
          "3.10.3",
          "3.10.4",
          "3.11.8",
          "3.13.8",
          "3.17.1",
          "3.17.9",
          "3.19.12",
          "3.3.6",
          "3.4.3",
          "3.4.4",
          "3.8.10",
          "3.8.2",
          "3.8.9",
          "4.12.1",
          "4.12.7",
          "4.12.8",
          "4.15.6",
          "4.16.6",
          "4.17.4",
          "4.20.1",
          "4.24.1",
          "4.32.3",
          "4.32.5",
          "4.34.9",
          "4.5.4",
          "4.9.3",
          "5.13.5",
          "5.18.8",
          "5.21.5",
          "5.21.7",
          "5.27.1",
          "5.27.10",
          "5.27.9",
          "5.3.1",
          "5.4.3",
          "5.4.6",
          "5.7.3",
          "6.1.8",
          "6.11.5",
          "6.11.7",
          "6.12.8",
          "6.13.8",
          "6.14.5",
          "6.15.1",
          "6.15.3",
          "6.15.6",
          "6.16.4",
          "6.17.2",
          "6.19.1",
          "6.2.2",
          "6.3.11",
          "6.3.4",
          "6.3.8",
          "6.4.11",
          "6.4.2",
          "6.4.5",
          "6.4.6",
          "6.7.10",
          "6.8.1",
          "6.8.6",
          "6.9.7",
          "7.17.13",
          "7.17.6",
          "7.19.4",
          "7.19.6",
          "7.19.7",
          "7.2.1",
          "7.24.4",
          "7.3.1",
          "8.10.9",
          "8.11.10",
          "8.15.1",
          "8.23.1",
          "8.24.10",
          "8.24.14",
          "8.24.8",
          "8.27.9",
          "8.36.8",
          "8.37.1",
          "8.39.4",
          "8.48.2",
          "8.5.4",
          "8.53.3",
          "8.7.6",
          "8.9.3",
          "9.12.1",
          "9.14.2",
          "9.25.1",
          "9.26.3",
          "9.33.1",
          "9.33.4",
          "9.36.2",
          "9.37.4",
          "9.37.5",
          "9.38.5",
          "9.40.1",
          "9.41.2",
          "9.5.10",
          "9.7.5"
        ],
        "Pleiades": "https://pleiades.stoa.org/places/540726",
        "ToposText": "https://topostext.org/place/385225SDel"
      }
    },
    {
      "type": "Feature",
      "geometry": {
        "type": "Point",
        "coordinates": [
          22.50151,
          38.48254
        ]
      },
      "properties": {
        "name": "Sanctuary of Pythian Apollo at Delphi",
        "region": "Phokis Bk10",
        "part of": "Delphi (polis)",
        "altname": "Pytho: distinct from the polis of the Delphians",
        "Wikidata": "https://wikidata.org/wiki/Q125925203",
        "type": [
          "hieron"
        ],
        "passages": [
          "1.11.1",
          "1.20.7",
          "1.22.8",
          "1.26.3",
          "1.3.4",
          "1.37.6",
          "1.4.4",
          "1.41.1",
          "1.43.3",
          "1.43.7",
          "1.43.8",
          "1.9.3",
          "10.1.1",
          "10.1.10",
          "10.1.4",
          "10.10.2",
          "10.11.1",
          "10.11.2",
          "10.12.5",
          "10.13.1",
          "10.13.10",
          "10.13.6",
          "10.13.8",
          "10.14.5",
          "10.15.5",
          "10.15.6",
          "10.16.5",
          "10.16.7",
          "10.16.8",
          "10.17.2",
          "10.18.1",
          "10.18.2",
          "10.18.5",
          "10.18.7",
          "10.19.3",
          "10.19.5",
          "10.2.2",
          "10.2.3",
          "10.22.12",
          "10.23.1",
          "10.23.11",
          "10.23.2",
          "10.23.3",
          "10.24.1",
          "10.24.5",
          "10.3.3",
          "10.3.4",
          "10.32.1",
          "10.33.3",
          "10.34.1",
          "10.34.2",
          "10.35.8",
          "10.36.3",
          "10.36.6",
          "10.5.5",
          "10.5.7",
          "10.6.5",
          "10.6.6",
          "10.7.1",
          "10.7.3",
          "10.8.1",
          "10.8.2",
          "10.8.3",
          "10.8.6",
          "10.9.1",
          "10.9.12",
          "10.9.2",
          "10.9.4",
          "10.9.6",
          "2.22.8",
          "2.24.1",
          "2.26.7",
          "2.29.7",
          "2.33.2",
          "3.1.6",
          "3.10.3",
          "3.10.4",
          "3.11.8",
          "3.13.8",
          "3.17.1",
          "3.17.9",
          "3.19.12",
          "3.3.6",
          "3.4.3",
          "3.4.4",
          "3.8.10",
          "3.8.2",
          "3.8.9",
          "4.12.1",
          "4.12.7",
          "4.12.8",
          "4.15.6",
          "4.16.6",
          "4.17.4",
          "4.20.1",
          "4.24.1",
          "4.32.3",
          "4.32.5",
          "4.34.9",
          "4.5.4",
          "4.9.3",
          "5.13.5",
          "5.18.8",
          "5.21.5",
          "5.21.7",
          "5.27.1",
          "5.27.10",
          "5.27.9",
          "5.3.1",
          "5.4.3",
          "5.4.6",
          "5.7.3",
          "6.1.8",
          "6.11.5",
          "6.11.7",
          "6.12.8",
          "6.13.8",
          "6.14.5",
          "6.15.1",
          "6.15.3",
          "6.15.6",
          "6.16.4",
          "6.17.2",
          "6.19.1",
          "6.2.2",
          "6.3.11",
          "6.3.4",
          "6.3.8",
          "6.4.11",
          "6.4.2",
          "6.4.5",
          "6.4.6",
          "6.7.10",
          "6.8.1",
          "6.8.6",
          "6.9.7",
          "7.17.13",
          "7.17.6",
          "7.19.4",
          "7.19.6",
          "7.19.7",
          "7.2.1",
          "7.24.4",
          "7.3.1",
          "8.10.9",
          "8.11.10",
          "8.15.1",
          "8.23.1",
          "8.24.10",
          "8.24.14",
          "8.24.8",
          "8.27.9",
          "8.36.8",
          "8.37.1",
          "8.39.4",
          "8.48.2",
          "8.5.4",
          "8.53.3",
          "8.7.6",
          "8.9.3",
          "9.12.1",
          "9.14.2",
          "9.25.1",
          "9.26.3",
          "9.33.1",
          "9.33.4",
          "9.36.2",
          "9.37.4",
          "9.37.5",
          "9.38.5",
          "9.40.1",
          "9.41.2",
          "9.5.10",
          "9.7.5"
        ],
        "Pleiades": "https://pleiades.stoa.org/places/540726",
        "ToposText": "https://topostext.org/place/385225SDel"
      }
    },
    {
      "type": "Feature",
      "geometry": {
        "type": "Point",
        "coordinates": [
          22.50151,
          38.48254
        ]
      },
      "properties": {
        "name": "Sanctuary of Pythian Apollo at Delphi",
        "region": "Phokis Bk10",
        "part of": "Delphi (polis)",
        "altname": "Pytho: distinct from the polis of the Delphians",
        "Wikidata": "https://wikidata.org/wiki/Q125925203",
        "type": [
          "hieron"
        ],
        "passages": [
          "1.11.1",
          "1.20.7",
          "1.22.8",
          "1.26.3",
          "1.3.4",
          "1.37.6",
          "1.4.4",
          "1.41.1",
          "1.43.3",
          "1.43.7",
          "1.43.8",
          "1.9.3",
          "10.1.1",
          "10.1.10",
          "10.1.4",
          "10.10.2",
          "10.11.1",
          "10.11.2",
          "10.12.5",
          "10.13.1",
          "10.13.10",
          "10.13.6",
          "10.13.8",
          "10.14.5",
          "10.15.5",
          "10.15.6",
          "10.16.5",
          "10.16.7",
          "10.16.8",
          "10.17.2",
          "10.18.1",
          "10.18.2",
          "10.18.5",
          "10.18.7",
          "10.19.3",
          "10.19.5",
          "10.2.2",
          "10.2.3",
          "10.22.12",
          "10.23.1",
          "10.23.11",
          "10.23.2",
          "10.23.3",
          "10.24.1",
          "10.24.5",
          "10.3.3",
          "10.3.4",
          "10.32.1",
          "10.33.3",
          "10.34.1",
          "10.34.2",
          "10.35.8",
          "10.36.3",
          "10.36.6",
          "10.5.5",
          "10.5.7",
          "10.6.5",
          "10.6.6",
          "10.7.1",
          "10.7.3",
          "10.8.1",
          "10.8.2",
          "10.8.3",
          "10.8.6",
          "10.9.1",
          "10.9.12",
          "10.9.2",
          "10.9.4",
          "10.9.6",
          "2.22.8",
          "2.24.1",
          "2.26.7",
          "2.29.7",
          "2.33.2",
          "3.1.6",
          "3.10.3",
          "3.10.4",
          "3.11.8",
          "3.13.8",
          "3.17.1",
          "3.17.9",
          "3.19.12",
          "3.3.6",
          "3.4.3",
          "3.4.4",
          "3.8.10",
          "3.8.2",
          "3.8.9",
          "4.12.1",
          "4.12.7",
          "4.12.8",
          "4.15.6",
          "4.16.6",
          "4.17.4",
          "4.20.1",
          "4.24.1",
          "4.32.3",
          "4.32.5",
          "4.34.9",
          "4.5.4",
          "4.9.3",
          "5.13.5",
          "5.18.8",
          "5.21.5",
          "5.21.7",
          "5.27.1",
          "5.27.10",
          "5.27.9",
          "5.3.1",
          "5.4.3",
          "5.4.6",
          "5.7.3",
          "6.1.8",
          "6.11.5",
          "6.11.7",
          "6.12.8",
          "6.13.8",
          "6.14.5",
          "6.15.1",
          "6.15.3",
          "6.15.6",
          "6.16.4",
          "6.17.2",
          "6.19.1",
          "6.2.2",
          "6.3.11",
          "6.3.4",
          "6.3.8",
          "6.4.11",
          "6.4.2",
          "6.4.5",
          "6.4.6",
          "6.7.10",
          "6.8.1",
          "6.8.6",
          "6.9.7",
          "7.17.13",
          "7.17.6",
          "7.19.4",
          "7.19.6",
          "7.19.7",
          "7.2.1",
          "7.24.4",
          "7.3.1",
          "8.10.9",
          "8.11.10",
          "8.15.1",
          "8.23.1",
          "8.24.10",
          "8.24.14",
          "8.24.8",
          "8.27.9",
          "8.36.8",
          "8.37.1",
          "8.39.4",
          "8.48.2",
          "8.5.4",
          "8.53.3",
          "8.7.6",
          "8.9.3",
          "9.12.1",
          "9.14.2",
          "9.25.1",
          "9.26.3",
          "9.33.1",
          "9.33.4",
          "9.36.2",
          "9.37.4",
          "9.37.5",
          "9.38.5",
          "9.40.1",
          "9.41.2",
          "9.5.10",
          "9.7.5"
        ],
        "Pleiades": "https://pleiades.stoa.org/places/540726",
        "ToposText": "https://topostext.org/place/385225SDel"
      }
    },
    {
      "type": "Feature",
      "geometry": {
        "type": "Point",
        "coordinates": [
          22.50151,
          38.48254
        ]
      },
      "properties": {
        "name": "Sanctuary of Pythian Apollo at Delphi",
        "region": "Phokis Bk10",
        "part of": "Delphi (polis)",
        "altname": "Pytho: distinct from the polis of the Delphians",
        "Wikidata": "https://wikidata.org/wiki/Q125925203",
        "type": [
          "hieron"
        ],
        "passages": [
          "1.11.1",
          "1.20.7",
          "1.22.8",
          "1.26.3",
          "1.3.4",
          "1.37.6",
          "1.4.4",
          "1.41.1",
          "1.43.3",
          "1.43.7",
          "1.43.8",
          "1.9.3",
          "10.1.1",
          "10.1.10",
          "10.1.4",
          "10.10.2",
          "10.11.1",
          "10.11.2",
          "10.12.5",
          "10.13.1",
          "10.13.10",
          "10.13.6",
          "10.13.8",
          "10.14.5",
          "10.15.5",
          "10.15.6",
          "10.16.5",
          "10.16.7",
          "10.16.8",
          "10.17.2",
          "10.18.1",
          "10.18.2",
          "10.18.5",
          "10.18.7",
          "10.19.3",
          "10.19.5",
          "10.2.2",
          "10.2.3",
          "10.22.12",
          "10.23.1",
          "10.23.11",
          "10.23.2",
          "10.23.3",
          "10.24.1",
          "10.24.5",
          "10.3.3",
          "10.3.4",
          "10.32.1",
          "10.33.3",
          "10.34.1",
          "10.34.2",
          "10.35.8",
          "10.36.3",
          "10.36.6",
          "10.5.5",
          "10.5.7",
          "10.6.5",
          "10.6.6",
          "10.7.1",
          "10.7.3",
          "10.8.1",
          "10.8.2",
          "10.8.3",
          "10.8.6",
          "10.9.1",
          "10.9.12",
          "10.9.2",
          "10.9.4",
          "10.9.6",
          "2.22.8",
          "2.24.1",
          "2.26.7",
          "2.29.7",
          "2.33.2",
          "3.1.6",
          "3.10.3",
          "3.10.4",
          "3.11.8",
          "3.13.8",
          "3.17.1",
          "3.17.9",
          "3.19.12",
          "3.3.6",
          "3.4.3",
          "3.4.4",
          "3.8.10",
          "3.8.2",
          "3.8.9",
          "4.12.1",
          "4.12.7",
          "4.12.8",
          "4.15.6",
          "4.16.6",
          "4.17.4",
          "4.20.1",
          "4.24.1",
          "4.32.3",
          "4.32.5",
          "4.34.9",
          "4.5.4",
          "4.9.3",
          "5.13.5",
          "5.18.8",
          "5.21.5",
          "5.21.7",
          "5.27.1",
          "5.27.10",
          "5.27.9",
          "5.3.1",
          "5.4.3",
          "5.4.6",
          "5.7.3",
          "6.1.8",
          "6.11.5",
          "6.11.7",
          "6.12.8",
          "6.13.8",
          "6.14.5",
          "6.15.1",
          "6.15.3",
          "6.15.6",
          "6.16.4",
          "6.17.2",
          "6.19.1",
          "6.2.2",
          "6.3.11",
          "6.3.4",
          "6.3.8",
          "6.4.11",
          "6.4.2",
          "6.4.5",
          "6.4.6",
          "6.7.10",
          "6.8.1",
          "6.8.6",
          "6.9.7",
          "7.17.13",
          "7.17.6",
          "7.19.4",
          "7.19.6",
          "7.19.7",
          "7.2.1",
          "7.24.4",
          "7.3.1",
          "8.10.9",
          "8.11.10",
          "8.15.1",
          "8.23.1",
          "8.24.10",
          "8.24.14",
          "8.24.8",
          "8.27.9",
          "8.36.8",
          "8.37.1",
          "8.39.4",
          "8.48.2",
          "8.5.4",
          "8.53.3",
          "8.7.6",
          "8.9.3",
          "9.12.1",
          "9.14.2",
          "9.25.1",
          "9.26.3",
          "9.33.1",
          "9.33.4",
          "9.36.2",
          "9.37.4",
          "9.37.5",
          "9.38.5",
          "9.40.1",
          "9.41.2",
          "9.5.10",
          "9.7.5"
        ],
        "Pleiades": "https://pleiades.stoa.org/places/540726",
        "ToposText": "https://topostext.org/place/385225SDel"
      }
    },
    {
      "type": "Feature",
      "geometry": {
        "type": "Point",
        "coordinates": [
          22.50151,
          38.48254
        ]
      },
      "properties": {
        "name": "Sanctuary of Pythian Apollo at Delphi",
        "region": "Phokis Bk10",
        "part of": "Delphi (polis)",
        "altname": "Pytho: distinct from the polis of the Delphians",
        "Wikidata": "https://wikidata.org/wiki/Q125925203",
        "type": [
          "hieron"
        ],
        "passages": [
          "1.11.1",
          "1.20.7",
          "1.22.8",
          "1.26.3",
          "1.3.4",
          "1.37.6",
          "1.4.4",
          "1.41.1",
          "1.43.3",
          "1.43.7",
          "1.43.8",
          "1.9.3",
          "10.1.1",
          "10.1.10",
          "10.1.4",
          "10.10.2",
          "10.11.1",
          "10.11.2",
          "10.12.5",
          "10.13.1",
          "10.13.10",
          "10.13.6",
          "10.13.8",
          "10.14.5",
          "10.15.5",
          "10.15.6",
          "10.16.5",
          "10.16.7",
          "10.16.8",
          "10.17.2",
          "10.18.1",
          "10.18.2",
          "10.18.5",
          "10.18.7",
          "10.19.3",
          "10.19.5",
          "10.2.2",
          "10.2.3",
          "10.22.12",
          "10.23.1",
          "10.23.11",
          "10.23.2",
          "10.23.3",
          "10.24.1",
          "10.24.5",
          "10.3.3",
          "10.3.4",
          "10.32.1",
          "10.33.3",
          "10.34.1",
          "10.34.2",
          "10.35.8",
          "10.36.3",
          "10.36.6",
          "10.5.5",
          "10.5.7",
          "10.6.5",
          "10.6.6",
          "10.7.1",
          "10.7.3",
          "10.8.1",
          "10.8.2",
          "10.8.3",
          "10.8.6",
          "10.9.1",
          "10.9.12",
          "10.9.2",
          "10.9.4",
          "10.9.6",
          "2.22.8",
          "2.24.1",
          "2.26.7",
          "2.29.7",
          "2.33.2",
          "3.1.6",
          "3.10.3",
          "3.10.4",
          "3.11.8",
          "3.13.8",
          "3.17.1",
          "3.17.9",
          "3.19.12",
          "3.3.6",
          "3.4.3",
          "3.4.4",
          "3.8.10",
          "3.8.2",
          "3.8.9",
          "4.12.1",
          "4.12.7",
          "4.12.8",
          "4.15.6",
          "4.16.6",
          "4.17.4",
          "4.20.1",
          "4.24.1",
          "4.32.3",
          "4.32.5",
          "4.34.9",
          "4.5.4",
          "4.9.3",
          "5.13.5",
          "5.18.8",
          "5.21.5",
          "5.21.7",
          "5.27.1",
          "5.27.10",
          "5.27.9",
          "5.3.1",
          "5.4.3",
          "5.4.6",
          "5.7.3",
          "6.1.8",
          "6.11.5",
          "6.11.7",
          "6.12.8",
          "6.13.8",
          "6.14.5",
          "6.15.1",
          "6.15.3",
          "6.15.6",
          "6.16.4",
          "6.17.2",
          "6.19.1",
          "6.2.2",
          "6.3.11",
          "6.3.4",
          "6.3.8",
          "6.4.11",
          "6.4.2",
          "6.4.5",
          "6.4.6",
          "6.7.10",
          "6.8.1",
          "6.8.6",
          "6.9.7",
          "7.17.13",
          "7.17.6",
          "7.19.4",
          "7.19.6",
          "7.19.7",
          "7.2.1",
          "7.24.4",
          "7.3.1",
          "8.10.9",
          "8.11.10",
          "8.15.1",
          "8.23.1",
          "8.24.10",
          "8.24.14",
          "8.24.8",
          "8.27.9",
          "8.36.8",
          "8.37.1",
          "8.39.4",
          "8.48.2",
          "8.5.4",
          "8.53.3",
          "8.7.6",
          "8.9.3",
          "9.12.1",
          "9.14.2",
          "9.25.1",
          "9.26.3",
          "9.33.1",
          "9.33.4",
          "9.36.2",
          "9.37.4",
          "9.37.5",
          "9.38.5",
          "9.40.1",
          "9.41.2",
          "9.5.10",
          "9.7.5"
        ],
        "Pleiades": "https://pleiades.stoa.org/places/540726",
        "ToposText": "https://topostext.org/place/385225SDel"
      }
    },
    {
      "type": "Feature",
      "geometry": {
        "type": "Point",
        "coordinates": [
          22.50151,
          38.48254
        ]
      },
      "properties": {
        "name": "Sanctuary of Pythian Apollo at Delphi",
        "region": "Phokis Bk10",
        "part of": "Delphi (polis)",
        "altname": "Pytho: distinct from the polis of the Delphians",
        "Wikidata": "https://wikidata.org/wiki/Q125925203",
        "type": [
          "hieron"
        ],
        "passages": [
          "1.11.1",
          "1.20.7",
          "1.22.8",
          "1.26.3",
          "1.3.4",
          "1.37.6",
          "1.4.4",
          "1.41.1",
          "1.43.3",
          "1.43.7",
          "1.43.8",
          "1.9.3",
          "10.1.1",
          "10.1.10",
          "10.1.4",
          "10.10.2",
          "10.11.1",
          "10.11.2",
          "10.12.5",
          "10.13.1",
          "10.13.10",
          "10.13.6",
          "10.13.8",
          "10.14.5",
          "10.15.5",
          "10.15.6",
          "10.16.5",
          "10.16.7",
          "10.16.8",
          "10.17.2",
          "10.18.1",
          "10.18.2",
          "10.18.5",
          "10.18.7",
          "10.19.3",
          "10.19.5",
          "10.2.2",
          "10.2.3",
          "10.22.12",
          "10.23.1",
          "10.23.11",
          "10.23.2",
          "10.23.3",
          "10.24.1",
          "10.24.5",
          "10.3.3",
          "10.3.4",
          "10.32.1",
          "10.33.3",
          "10.34.1",
          "10.34.2",
          "10.35.8",
          "10.36.3",
          "10.36.6",
          "10.5.5",
          "10.5.7",
          "10.6.5",
          "10.6.6",
          "10.7.1",
          "10.7.3",
          "10.8.1",
          "10.8.2",
          "10.8.3",
          "10.8.6",
          "10.9.1",
          "10.9.12",
          "10.9.2",
          "10.9.4",
          "10.9.6",
          "2.22.8",
          "2.24.1",
          "2.26.7",
          "2.29.7",
          "2.33.2",
          "3.1.6",
          "3.10.3",
          "3.10.4",
          "3.11.8",
          "3.13.8",
          "3.17.1",
          "3.17.9",
          "3.19.12",
          "3.3.6",
          "3.4.3",
          "3.4.4",
          "3.8.10",
          "3.8.2",
          "3.8.9",
          "4.12.1",
          "4.12.7",
          "4.12.8",
          "4.15.6",
          "4.16.6",
          "4.17.4",
          "4.20.1",
          "4.24.1",
          "4.32.3",
          "4.32.5",
          "4.34.9",
          "4.5.4",
          "4.9.3",
          "5.13.5",
          "5.18.8",
          "5.21.5",
          "5.21.7",
          "5.27.1",
          "5.27.10",
          "5.27.9",
          "5.3.1",
          "5.4.3",
          "5.4.6",
          "5.7.3",
          "6.1.8",
          "6.11.5",
          "6.11.7",
          "6.12.8",
          "6.13.8",
          "6.14.5",
          "6.15.1",
          "6.15.3",
          "6.15.6",
          "6.16.4",
          "6.17.2",
          "6.19.1",
          "6.2.2",
          "6.3.11",
          "6.3.4",
          "6.3.8",
          "6.4.11",
          "6.4.2",
          "6.4.5",
          "6.4.6",
          "6.7.10",
          "6.8.1",
          "6.8.6",
          "6.9.7",
          "7.17.13",
          "7.17.6",
          "7.19.4",
          "7.19.6",
          "7.19.7",
          "7.2.1",
          "7.24.4",
          "7.3.1",
          "8.10.9",
          "8.11.10",
          "8.15.1",
          "8.23.1",
          "8.24.10",
          "8.24.14",
          "8.24.8",
          "8.27.9",
          "8.36.8",
          "8.37.1",
          "8.39.4",
          "8.48.2",
          "8.5.4",
          "8.53.3",
          "8.7.6",
          "8.9.3",
          "9.12.1",
          "9.14.2",
          "9.25.1",
          "9.26.3",
          "9.33.1",
          "9.33.4",
          "9.36.2",
          "9.37.4",
          "9.37.5",
          "9.38.5",
          "9.40.1",
          "9.41.2",
          "9.5.10",
          "9.7.5"
        ],
        "Pleiades": "https://pleiades.stoa.org/places/540726",
        "ToposText": "https://topostext.org/place/385225SDel"
      }
    },
    {
      "type": "Feature",
      "geometry": {
        "type": "Point",
        "coordinates": [
          22.50151,
          38.48254
        ]
      },
      "properties": {
        "name": "Sanctuary of Pythian Apollo at Delphi",
        "region": "Phokis Bk10",
        "part of": "Delphi (polis)",
        "altname": "Pytho: distinct from the polis of the Delphians",
        "Wikidata": "https://wikidata.org/wiki/Q125925203",
        "type": [
          "hieron"
        ],
        "passages": [
          "1.11.1",
          "1.20.7",
          "1.22.8",
          "1.26.3",
          "1.3.4",
          "1.37.6",
          "1.4.4",
          "1.41.1",
          "1.43.3",
          "1.43.7",
          "1.43.8",
          "1.9.3",
          "10.1.1",
          "10.1.10",
          "10.1.4",
          "10.10.2",
          "10.11.1",
          "10.11.2",
          "10.12.5",
          "10.13.1",
          "10.13.10",
          "10.13.6",
          "10.13.8",
          "10.14.5",
          "10.15.5",
          "10.15.6",
          "10.16.5",
          "10.16.7",
          "10.16.8",
          "10.17.2",
          "10.18.1",
          "10.18.2",
          "10.18.5",
          "10.18.7",
          "10.19.3",
          "10.19.5",
          "10.2.2",
          "10.2.3",
          "10.22.12",
          "10.23.1",
          "10.23.11",
          "10.23.2",
          "10.23.3",
          "10.24.1",
          "10.24.5",
          "10.3.3",
          "10.3.4",
          "10.32.1",
          "10.33.3",
          "10.34.1",
          "10.34.2",
          "10.35.8",
          "10.36.3",
          "10.36.6",
          "10.5.5",
          "10.5.7",
          "10.6.5",
          "10.6.6",
          "10.7.1",
          "10.7.3",
          "10.8.1",
          "10.8.2",
          "10.8.3",
          "10.8.6",
          "10.9.1",
          "10.9.12",
          "10.9.2",
          "10.9.4",
          "10.9.6",
          "2.22.8",
          "2.24.1",
          "2.26.7",
          "2.29.7",
          "2.33.2",
          "3.1.6",
          "3.10.3",
          "3.10.4",
          "3.11.8",
          "3.13.8",
          "3.17.1",
          "3.17.9",
          "3.19.12",
          "3.3.6",
          "3.4.3",
          "3.4.4",
          "3.8.10",
          "3.8.2",
          "3.8.9",
          "4.12.1",
          "4.12.7",
          "4.12.8",
          "4.15.6",
          "4.16.6",
          "4.17.4",
          "4.20.1",
          "4.24.1",
          "4.32.3",
          "4.32.5",
          "4.34.9",
          "4.5.4",
          "4.9.3",
          "5.13.5",
          "5.18.8",
          "5.21.5",
          "5.21.7",
          "5.27.1",
          "5.27.10",
          "5.27.9",
          "5.3.1",
          "5.4.3",
          "5.4.6",
          "5.7.3",
          "6.1.8",
          "6.11.5",
          "6.11.7",
          "6.12.8",
          "6.13.8",
          "6.14.5",
          "6.15.1",
          "6.15.3",
          "6.15.6",
          "6.16.4",
          "6.17.2",
          "6.19.1",
          "6.2.2",
          "6.3.11",
          "6.3.4",
          "6.3.8",
          "6.4.11",
          "6.4.2",
          "6.4.5",
          "6.4.6",
          "6.7.10",
          "6.8.1",
          "6.8.6",
          "6.9.7",
          "7.17.13",
          "7.17.6",
          "7.19.4",
          "7.19.6",
          "7.19.7",
          "7.2.1",
          "7.24.4",
          "7.3.1",
          "8.10.9",
          "8.11.10",
          "8.15.1",
          "8.23.1",
          "8.24.10",
          "8.24.14",
          "8.24.8",
          "8.27.9",
          "8.36.8",
          "8.37.1",
          "8.39.4",
          "8.48.2",
          "8.5.4",
          "8.53.3",
          "8.7.6",
          "8.9.3",
          "9.12.1",
          "9.14.2",
          "9.25.1",
          "9.26.3",
          "9.33.1",
          "9.33.4",
          "9.36.2",
          "9.37.4",
          "9.37.5",
          "9.38.5",
          "9.40.1",
          "9.41.2",
          "9.5.10",
          "9.7.5"
        ],
        "Pleiades": "https://pleiades.stoa.org/places/540726",
        "ToposText": "https://topostext.org/place/385225SDel"
      }
    },
    {
      "type": "Feature",
      "geometry": {
        "type": "Point",
        "coordinates": [
          22.50151,
          38.48254
        ]
      },
      "properties": {
        "name": "Sanctuary of Pythian Apollo at Delphi",
        "region": "Phokis Bk10",
        "part of": "Delphi (polis)",
        "altname": "Pytho: distinct from the polis of the Delphians",
        "Wikidata": "https://wikidata.org/wiki/Q125925203",
        "type": [
          "hieron"
        ],
        "passages": [
          "1.11.1",
          "1.20.7",
          "1.22.8",
          "1.26.3",
          "1.3.4",
          "1.37.6",
          "1.4.4",
          "1.41.1",
          "1.43.3",
          "1.43.7",
          "1.43.8",
          "1.9.3",
          "10.1.1",
          "10.1.10",
          "10.1.4",
          "10.10.2",
          "10.11.1",
          "10.11.2",
          "10.12.5",
          "10.13.1",
          "10.13.10",
          "10.13.6",
          "10.13.8",
          "10.14.5",
          "10.15.5",
          "10.15.6",
          "10.16.5",
          "10.16.7",
          "10.16.8",
          "10.17.2",
          "10.18.1",
          "10.18.2",
          "10.18.5",
          "10.18.7",
          "10.19.3",
          "10.19.5",
          "10.2.2",
          "10.2.3",
          "10.22.12",
          "10.23.1",
          "10.23.11",
          "10.23.2",
          "10.23.3",
          "10.24.1",
          "10.24.5",
          "10.3.3",
          "10.3.4",
          "10.32.1",
          "10.33.3",
          "10.34.1",
          "10.34.2",
          "10.35.8",
          "10.36.3",
          "10.36.6",
          "10.5.5",
          "10.5.7",
          "10.6.5",
          "10.6.6",
          "10.7.1",
          "10.7.3",
          "10.8.1",
          "10.8.2",
          "10.8.3",
          "10.8.6",
          "10.9.1",
          "10.9.12",
          "10.9.2",
          "10.9.4",
          "10.9.6",
          "2.22.8",
          "2.24.1",
          "2.26.7",
          "2.29.7",
          "2.33.2",
          "3.1.6",
          "3.10.3",
          "3.10.4",
          "3.11.8",
          "3.13.8",
          "3.17.1",
          "3.17.9",
          "3.19.12",
          "3.3.6",
          "3.4.3",
          "3.4.4",
          "3.8.10",
          "3.8.2",
          "3.8.9",
          "4.12.1",
          "4.12.7",
          "4.12.8",
          "4.15.6",
          "4.16.6",
          "4.17.4",
          "4.20.1",
          "4.24.1",
          "4.32.3",
          "4.32.5",
          "4.34.9",
          "4.5.4",
          "4.9.3",
          "5.13.5",
          "5.18.8",
          "5.21.5",
          "5.21.7",
          "5.27.1",
          "5.27.10",
          "5.27.9",
          "5.3.1",
          "5.4.3",
          "5.4.6",
          "5.7.3",
          "6.1.8",
          "6.11.5",
          "6.11.7",
          "6.12.8",
          "6.13.8",
          "6.14.5",
          "6.15.1",
          "6.15.3",
          "6.15.6",
          "6.16.4",
          "6.17.2",
          "6.19.1",
          "6.2.2",
          "6.3.11",
          "6.3.4",
          "6.3.8",
          "6.4.11",
          "6.4.2",
          "6.4.5",
          "6.4.6",
          "6.7.10",
          "6.8.1",
          "6.8.6",
          "6.9.7",
          "7.17.13",
          "7.17.6",
          "7.19.4",
          "7.19.6",
          "7.19.7",
          "7.2.1",
          "7.24.4",
          "7.3.1",
          "8.10.9",
          "8.11.10",
          "8.15.1",
          "8.23.1",
          "8.24.10",
          "8.24.14",
          "8.24.8",
          "8.27.9",
          "8.36.8",
          "8.37.1",
          "8.39.4",
          "8.48.2",
          "8.5.4",
          "8.53.3",
          "8.7.6",
          "8.9.3",
          "9.12.1",
          "9.14.2",
          "9.25.1",
          "9.26.3",
          "9.33.1",
          "9.33.4",
          "9.36.2",
          "9.37.4",
          "9.37.5",
          "9.38.5",
          "9.40.1",
          "9.41.2",
          "9.5.10",
          "9.7.5"
        ],
        "Pleiades": "https://pleiades.stoa.org/places/540726",
        "ToposText": "https://topostext.org/place/385225SDel"
      }
    },
    {
      "type": "Feature",
      "geometry": {
        "type": "Point",
        "coordinates": [
          22.50151,
          38.48254
        ]
      },
      "properties": {
        "name": "Sanctuary of Pythian Apollo at Delphi",
        "region": "Phokis Bk10",
        "part of": "Delphi (polis)",
        "altname": "Pytho: distinct from the polis of the Delphians",
        "Wikidata": "https://wikidata.org/wiki/Q125925203",
        "type": [
          "hieron"
        ],
        "passages": [
          "1.11.1",
          "1.20.7",
          "1.22.8",
          "1.26.3",
          "1.3.4",
          "1.37.6",
          "1.4.4",
          "1.41.1",
          "1.43.3",
          "1.43.7",
          "1.43.8",
          "1.9.3",
          "10.1.1",
          "10.1.10",
          "10.1.4",
          "10.10.2",
          "10.11.1",
          "10.11.2",
          "10.12.5",
          "10.13.1",
          "10.13.10",
          "10.13.6",
          "10.13.8",
          "10.14.5",
          "10.15.5",
          "10.15.6",
          "10.16.5",
          "10.16.7",
          "10.16.8",
          "10.17.2",
          "10.18.1",
          "10.18.2",
          "10.18.5",
          "10.18.7",
          "10.19.3",
          "10.19.5",
          "10.2.2",
          "10.2.3",
          "10.22.12",
          "10.23.1",
          "10.23.11",
          "10.23.2",
          "10.23.3",
          "10.24.1",
          "10.24.5",
          "10.3.3",
          "10.3.4",
          "10.32.1",
          "10.33.3",
          "10.34.1",
          "10.34.2",
          "10.35.8",
          "10.36.3",
          "10.36.6",
          "10.5.5",
          "10.5.7",
          "10.6.5",
          "10.6.6",
          "10.7.1",
          "10.7.3",
          "10.8.1",
          "10.8.2",
          "10.8.3",
          "10.8.6",
          "10.9.1",
          "10.9.12",
          "10.9.2",
          "10.9.4",
          "10.9.6",
          "2.22.8",
          "2.24.1",
          "2.26.7",
          "2.29.7",
          "2.33.2",
          "3.1.6",
          "3.10.3",
          "3.10.4",
          "3.11.8",
          "3.13.8",
          "3.17.1",
          "3.17.9",
          "3.19.12",
          "3.3.6",
          "3.4.3",
          "3.4.4",
          "3.8.10",
          "3.8.2",
          "3.8.9",
          "4.12.1",
          "4.12.7",
          "4.12.8",
          "4.15.6",
          "4.16.6",
          "4.17.4",
          "4.20.1",
          "4.24.1",
          "4.32.3",
          "4.32.5",
          "4.34.9",
          "4.5.4",
          "4.9.3",
          "5.13.5",
          "5.18.8",
          "5.21.5",
          "5.21.7",
          "5.27.1",
          "5.27.10",
          "5.27.9",
          "5.3.1",
          "5.4.3",
          "5.4.6",
          "5.7.3",
          "6.1.8",
          "6.11.5",
          "6.11.7",
          "6.12.8",
          "6.13.8",
          "6.14.5",
          "6.15.1",
          "6.15.3",
          "6.15.6",
          "6.16.4",
          "6.17.2",
          "6.19.1",
          "6.2.2",
          "6.3.11",
          "6.3.4",
          "6.3.8",
          "6.4.11",
          "6.4.2",
          "6.4.5",
          "6.4.6",
          "6.7.10",
          "6.8.1",
          "6.8.6",
          "6.9.7",
          "7.17.13",
          "7.17.6",
          "7.19.4",
          "7.19.6",
          "7.19.7",
          "7.2.1",
          "7.24.4",
          "7.3.1",
          "8.10.9",
          "8.11.10",
          "8.15.1",
          "8.23.1",
          "8.24.10",
          "8.24.14",
          "8.24.8",
          "8.27.9",
          "8.36.8",
          "8.37.1",
          "8.39.4",
          "8.48.2",
          "8.5.4",
          "8.53.3",
          "8.7.6",
          "8.9.3",
          "9.12.1",
          "9.14.2",
          "9.25.1",
          "9.26.3",
          "9.33.1",
          "9.33.4",
          "9.36.2",
          "9.37.4",
          "9.37.5",
          "9.38.5",
          "9.40.1",
          "9.41.2",
          "9.5.10",
          "9.7.5"
        ],
        "Pleiades": "https://pleiades.stoa.org/places/540726",
        "ToposText": "https://topostext.org/place/385225SDel"
      }
    },
    {
      "type": "Feature",
      "geometry": {
        "type": "Point",
        "coordinates": [
          22.50151,
          38.48254
        ]
      },
      "properties": {
        "name": "Sanctuary of Pythian Apollo at Delphi",
        "region": "Phokis Bk10",
        "part of": "Delphi (polis)",
        "altname": "Pytho: distinct from the polis of the Delphians",
        "Wikidata": "https://wikidata.org/wiki/Q125925203",
        "type": [
          "hieron"
        ],
        "passages": [
          "1.11.1",
          "1.20.7",
          "1.22.8",
          "1.26.3",
          "1.3.4",
          "1.37.6",
          "1.4.4",
          "1.41.1",
          "1.43.3",
          "1.43.7",
          "1.43.8",
          "1.9.3",
          "10.1.1",
          "10.1.10",
          "10.1.4",
          "10.10.2",
          "10.11.1",
          "10.11.2",
          "10.12.5",
          "10.13.1",
          "10.13.10",
          "10.13.6",
          "10.13.8",
          "10.14.5",
          "10.15.5",
          "10.15.6",
          "10.16.5",
          "10.16.7",
          "10.16.8",
          "10.17.2",
          "10.18.1",
          "10.18.2",
          "10.18.5",
          "10.18.7",
          "10.19.3",
          "10.19.5",
          "10.2.2",
          "10.2.3",
          "10.22.12",
          "10.23.1",
          "10.23.11",
          "10.23.2",
          "10.23.3",
          "10.24.1",
          "10.24.5",
          "10.3.3",
          "10.3.4",
          "10.32.1",
          "10.33.3",
          "10.34.1",
          "10.34.2",
          "10.35.8",
          "10.36.3",
          "10.36.6",
          "10.5.5",
          "10.5.7",
          "10.6.5",
          "10.6.6",
          "10.7.1",
          "10.7.3",
          "10.8.1",
          "10.8.2",
          "10.8.3",
          "10.8.6",
          "10.9.1",
          "10.9.12",
          "10.9.2",
          "10.9.4",
          "10.9.6",
          "2.22.8",
          "2.24.1",
          "2.26.7",
          "2.29.7",
          "2.33.2",
          "3.1.6",
          "3.10.3",
          "3.10.4",
          "3.11.8",
          "3.13.8",
          "3.17.1",
          "3.17.9",
          "3.19.12",
          "3.3.6",
          "3.4.3",
          "3.4.4",
          "3.8.10",
          "3.8.2",
          "3.8.9",
          "4.12.1",
          "4.12.7",
          "4.12.8",
          "4.15.6",
          "4.16.6",
          "4.17.4",
          "4.20.1",
          "4.24.1",
          "4.32.3",
          "4.32.5",
          "4.34.9",
          "4.5.4",
          "4.9.3",
          "5.13.5",
          "5.18.8",
          "5.21.5",
          "5.21.7",
          "5.27.1",
          "5.27.10",
          "5.27.9",
          "5.3.1",
          "5.4.3",
          "5.4.6",
          "5.7.3",
          "6.1.8",
          "6.11.5",
          "6.11.7",
          "6.12.8",
          "6.13.8",
          "6.14.5",
          "6.15.1",
          "6.15.3",
          "6.15.6",
          "6.16.4",
          "6.17.2",
          "6.19.1",
          "6.2.2",
          "6.3.11",
          "6.3.4",
          "6.3.8",
          "6.4.11",
          "6.4.2",
          "6.4.5",
          "6.4.6",
          "6.7.10",
          "6.8.1",
          "6.8.6",
          "6.9.7",
          "7.17.13",
          "7.17.6",
          "7.19.4",
          "7.19.6",
          "7.19.7",
          "7.2.1",
          "7.24.4",
          "7.3.1",
          "8.10.9",
          "8.11.10",
          "8.15.1",
          "8.23.1",
          "8.24.10",
          "8.24.14",
          "8.24.8",
          "8.27.9",
          "8.36.8",
          "8.37.1",
          "8.39.4",
          "8.48.2",
          "8.5.4",
          "8.53.3",
          "8.7.6",
          "8.9.3",
          "9.12.1",
          "9.14.2",
          "9.25.1",
          "9.26.3",
          "9.33.1",
          "9.33.4",
          "9.36.2",
          "9.37.4",
          "9.37.5",
          "9.38.5",
          "9.40.1",
          "9.41.2",
          "9.5.10",
          "9.7.5"
        ],
        "Pleiades": "https://pleiades.stoa.org/places/540726",
        "ToposText": "https://topostext.org/place/385225SDel"
      }
    },
    {
      "type": "Feature",
      "geometry": {
        "type": "Point",
        "coordinates": [
          22.50151,
          38.48254
        ]
      },
      "properties": {
        "name": "Sanctuary of Pythian Apollo at Delphi",
        "region": "Phokis Bk10",
        "part of": "Delphi (polis)",
        "altname": "Pytho: distinct from the polis of the Delphians",
        "Wikidata": "https://wikidata.org/wiki/Q125925203",
        "type": [
          "hieron"
        ],
        "passages": [
          "1.11.1",
          "1.20.7",
          "1.22.8",
          "1.26.3",
          "1.3.4",
          "1.37.6",
          "1.4.4",
          "1.41.1",
          "1.43.3",
          "1.43.7",
          "1.43.8",
          "1.9.3",
          "10.1.1",
          "10.1.10",
          "10.1.4",
          "10.10.2",
          "10.11.1",
          "10.11.2",
          "10.12.5",
          "10.13.1",
          "10.13.10",
          "10.13.6",
          "10.13.8",
          "10.14.5",
          "10.15.5",
          "10.15.6",
          "10.16.5",
          "10.16.7",
          "10.16.8",
          "10.17.2",
          "10.18.1",
          "10.18.2",
          "10.18.5",
          "10.18.7",
          "10.19.3",
          "10.19.5",
          "10.2.2",
          "10.2.3",
          "10.22.12",
          "10.23.1",
          "10.23.11",
          "10.23.2",
          "10.23.3",
          "10.24.1",
          "10.24.5",
          "10.3.3",
          "10.3.4",
          "10.32.1",
          "10.33.3",
          "10.34.1",
          "10.34.2",
          "10.35.8",
          "10.36.3",
          "10.36.6",
          "10.5.5",
          "10.5.7",
          "10.6.5",
          "10.6.6",
          "10.7.1",
          "10.7.3",
          "10.8.1",
          "10.8.2",
          "10.8.3",
          "10.8.6",
          "10.9.1",
          "10.9.12",
          "10.9.2",
          "10.9.4",
          "10.9.6",
          "2.22.8",
          "2.24.1",
          "2.26.7",
          "2.29.7",
          "2.33.2",
          "3.1.6",
          "3.10.3",
          "3.10.4",
          "3.11.8",
          "3.13.8",
          "3.17.1",
          "3.17.9",
          "3.19.12",
          "3.3.6",
          "3.4.3",
          "3.4.4",
          "3.8.10",
          "3.8.2",
          "3.8.9",
          "4.12.1",
          "4.12.7",
          "4.12.8",
          "4.15.6",
          "4.16.6",
          "4.17.4",
          "4.20.1",
          "4.24.1",
          "4.32.3",
          "4.32.5",
          "4.34.9",
          "4.5.4",
          "4.9.3",
          "5.13.5",
          "5.18.8",
          "5.21.5",
          "5.21.7",
          "5.27.1",
          "5.27.10",
          "5.27.9",
          "5.3.1",
          "5.4.3",
          "5.4.6",
          "5.7.3",
          "6.1.8",
          "6.11.5",
          "6.11.7",
          "6.12.8",
          "6.13.8",
          "6.14.5",
          "6.15.1",
          "6.15.3",
          "6.15.6",
          "6.16.4",
          "6.17.2",
          "6.19.1",
          "6.2.2",
          "6.3.11",
          "6.3.4",
          "6.3.8",
          "6.4.11",
          "6.4.2",
          "6.4.5",
          "6.4.6",
          "6.7.10",
          "6.8.1",
          "6.8.6",
          "6.9.7",
          "7.17.13",
          "7.17.6",
          "7.19.4",
          "7.19.6",
          "7.19.7",
          "7.2.1",
          "7.24.4",
          "7.3.1",
          "8.10.9",
          "8.11.10",
          "8.15.1",
          "8.23.1",
          "8.24.10",
          "8.24.14",
          "8.24.8",
          "8.27.9",
          "8.36.8",
          "8.37.1",
          "8.39.4",
          "8.48.2",
          "8.5.4",
          "8.53.3",
          "8.7.6",
          "8.9.3",
          "9.12.1",
          "9.14.2",
          "9.25.1",
          "9.26.3",
          "9.33.1",
          "9.33.4",
          "9.36.2",
          "9.37.4",
          "9.37.5",
          "9.38.5",
          "9.40.1",
          "9.41.2",
          "9.5.10",
          "9.7.5"
        ],
        "Pleiades": "https://pleiades.stoa.org/places/540726",
        "ToposText": "https://topostext.org/place/385225SDel"
      }
    },
    {
      "type": "Feature",
      "geometry": {
        "type": "Point",
        "coordinates": [
          22.50151,
          38.48254
        ]
      },
      "properties": {
        "name": "Sanctuary of Pythian Apollo at Delphi",
        "region": "Phokis Bk10",
        "part of": "Delphi (polis)",
        "altname": "Pytho: distinct from the polis of the Delphians",
        "Wikidata": "https://wikidata.org/wiki/Q125925203",
        "type": [
          "hieron"
        ],
        "passages": [
          "1.11.1",
          "1.20.7",
          "1.22.8",
          "1.26.3",
          "1.3.4",
          "1.37.6",
          "1.4.4",
          "1.41.1",
          "1.43.3",
          "1.43.7",
          "1.43.8",
          "1.9.3",
          "10.1.1",
          "10.1.10",
          "10.1.4",
          "10.10.2",
          "10.11.1",
          "10.11.2",
          "10.12.5",
          "10.13.1",
          "10.13.10",
          "10.13.6",
          "10.13.8",
          "10.14.5",
          "10.15.5",
          "10.15.6",
          "10.16.5",
          "10.16.7",
          "10.16.8",
          "10.17.2",
          "10.18.1",
          "10.18.2",
          "10.18.5",
          "10.18.7",
          "10.19.3",
          "10.19.5",
          "10.2.2",
          "10.2.3",
          "10.22.12",
          "10.23.1",
          "10.23.11",
          "10.23.2",
          "10.23.3",
          "10.24.1",
          "10.24.5",
          "10.3.3",
          "10.3.4",
          "10.32.1",
          "10.33.3",
          "10.34.1",
          "10.34.2",
          "10.35.8",
          "10.36.3",
          "10.36.6",
          "10.5.5",
          "10.5.7",
          "10.6.5",
          "10.6.6",
          "10.7.1",
          "10.7.3",
          "10.8.1",
          "10.8.2",
          "10.8.3",
          "10.8.6",
          "10.9.1",
          "10.9.12",
          "10.9.2",
          "10.9.4",
          "10.9.6",
          "2.22.8",
          "2.24.1",
          "2.26.7",
          "2.29.7",
          "2.33.2",
          "3.1.6",
          "3.10.3",
          "3.10.4",
          "3.11.8",
          "3.13.8",
          "3.17.1",
          "3.17.9",
          "3.19.12",
          "3.3.6",
          "3.4.3",
          "3.4.4",
          "3.8.10",
          "3.8.2",
          "3.8.9",
          "4.12.1",
          "4.12.7",
          "4.12.8",
          "4.15.6",
          "4.16.6",
          "4.17.4",
          "4.20.1",
          "4.24.1",
          "4.32.3",
          "4.32.5",
          "4.34.9",
          "4.5.4",
          "4.9.3",
          "5.13.5",
          "5.18.8",
          "5.21.5",
          "5.21.7",
          "5.27.1",
          "5.27.10",
          "5.27.9",
          "5.3.1",
          "5.4.3",
          "5.4.6",
          "5.7.3",
          "6.1.8",
          "6.11.5",
          "6.11.7",
          "6.12.8",
          "6.13.8",
          "6.14.5",
          "6.15.1",
          "6.15.3",
          "6.15.6",
          "6.16.4",
          "6.17.2",
          "6.19.1",
          "6.2.2",
          "6.3.11",
          "6.3.4",
          "6.3.8",
          "6.4.11",
          "6.4.2",
          "6.4.5",
          "6.4.6",
          "6.7.10",
          "6.8.1",
          "6.8.6",
          "6.9.7",
          "7.17.13",
          "7.17.6",
          "7.19.4",
          "7.19.6",
          "7.19.7",
          "7.2.1",
          "7.24.4",
          "7.3.1",
          "8.10.9",
          "8.11.10",
          "8.15.1",
          "8.23.1",
          "8.24.10",
          "8.24.14",
          "8.24.8",
          "8.27.9",
          "8.36.8",
          "8.37.1",
          "8.39.4",
          "8.48.2",
          "8.5.4",
          "8.53.3",
          "8.7.6",
          "8.9.3",
          "9.12.1",
          "9.14.2",
          "9.25.1",
          "9.26.3",
          "9.33.1",
          "9.33.4",
          "9.36.2",
          "9.37.4",
          "9.37.5",
          "9.38.5",
          "9.40.1",
          "9.41.2",
          "9.5.10",
          "9.7.5"
        ],
        "Pleiades": "https://pleiades.stoa.org/places/540726",
        "ToposText": "https://topostext.org/place/385225SDel"
      }
    },
    {
      "type": "Feature",
      "geometry": {
        "type": "Point",
        "coordinates": [
          22.50151,
          38.48254
        ]
      },
      "properties": {
        "name": "Sanctuary of Pythian Apollo at Delphi",
        "region": "Phokis Bk10",
        "part of": "Delphi (polis)",
        "altname": "Pytho: distinct from the polis of the Delphians",
        "Wikidata": "https://wikidata.org/wiki/Q125925203",
        "type": [
          "hieron"
        ],
        "passages": [
          "1.11.1",
          "1.20.7",
          "1.22.8",
          "1.26.3",
          "1.3.4",
          "1.37.6",
          "1.4.4",
          "1.41.1",
          "1.43.3",
          "1.43.7",
          "1.43.8",
          "1.9.3",
          "10.1.1",
          "10.1.10",
          "10.1.4",
          "10.10.2",
          "10.11.1",
          "10.11.2",
          "10.12.5",
          "10.13.1",
          "10.13.10",
          "10.13.6",
          "10.13.8",
          "10.14.5",
          "10.15.5",
          "10.15.6",
          "10.16.5",
          "10.16.7",
          "10.16.8",
          "10.17.2",
          "10.18.1",
          "10.18.2",
          "10.18.5",
          "10.18.7",
          "10.19.3",
          "10.19.5",
          "10.2.2",
          "10.2.3",
          "10.22.12",
          "10.23.1",
          "10.23.11",
          "10.23.2",
          "10.23.3",
          "10.24.1",
          "10.24.5",
          "10.3.3",
          "10.3.4",
          "10.32.1",
          "10.33.3",
          "10.34.1",
          "10.34.2",
          "10.35.8",
          "10.36.3",
          "10.36.6",
          "10.5.5",
          "10.5.7",
          "10.6.5",
          "10.6.6",
          "10.7.1",
          "10.7.3",
          "10.8.1",
          "10.8.2",
          "10.8.3",
          "10.8.6",
          "10.9.1",
          "10.9.12",
          "10.9.2",
          "10.9.4",
          "10.9.6",
          "2.22.8",
          "2.24.1",
          "2.26.7",
          "2.29.7",
          "2.33.2",
          "3.1.6",
          "3.10.3",
          "3.10.4",
          "3.11.8",
          "3.13.8",
          "3.17.1",
          "3.17.9",
          "3.19.12",
          "3.3.6",
          "3.4.3",
          "3.4.4",
          "3.8.10",
          "3.8.2",
          "3.8.9",
          "4.12.1",
          "4.12.7",
          "4.12.8",
          "4.15.6",
          "4.16.6",
          "4.17.4",
          "4.20.1",
          "4.24.1",
          "4.32.3",
          "4.32.5",
          "4.34.9",
          "4.5.4",
          "4.9.3",
          "5.13.5",
          "5.18.8",
          "5.21.5",
          "5.21.7",
          "5.27.1",
          "5.27.10",
          "5.27.9",
          "5.3.1",
          "5.4.3",
          "5.4.6",
          "5.7.3",
          "6.1.8",
          "6.11.5",
          "6.11.7",
          "6.12.8",
          "6.13.8",
          "6.14.5",
          "6.15.1",
          "6.15.3",
          "6.15.6",
          "6.16.4",
          "6.17.2",
          "6.19.1",
          "6.2.2",
          "6.3.11",
          "6.3.4",
          "6.3.8",
          "6.4.11",
          "6.4.2",
          "6.4.5",
          "6.4.6",
          "6.7.10",
          "6.8.1",
          "6.8.6",
          "6.9.7",
          "7.17.13",
          "7.17.6",
          "7.19.4",
          "7.19.6",
          "7.19.7",
          "7.2.1",
          "7.24.4",
          "7.3.1",
          "8.10.9",
          "8.11.10",
          "8.15.1",
          "8.23.1",
          "8.24.10",
          "8.24.14",
          "8.24.8",
          "8.27.9",
          "8.36.8",
          "8.37.1",
          "8.39.4",
          "8.48.2",
          "8.5.4",
          "8.53.3",
          "8.7.6",
          "8.9.3",
          "9.12.1",
          "9.14.2",
          "9.25.1",
          "9.26.3",
          "9.33.1",
          "9.33.4",
          "9.36.2",
          "9.37.4",
          "9.37.5",
          "9.38.5",
          "9.40.1",
          "9.41.2",
          "9.5.10",
          "9.7.5"
        ],
        "Pleiades": "https://pleiades.stoa.org/places/540726",
        "ToposText": "https://topostext.org/place/385225SDel"
      }
    },
    {
      "type": "Feature",
      "geometry": {
        "type": "Point",
        "coordinates": [
          22.50151,
          38.48254
        ]
      },
      "properties": {
        "name": "Sanctuary of Pythian Apollo at Delphi",
        "region": "Phokis Bk10",
        "part of": "Delphi (polis)",
        "altname": "Pytho: distinct from the polis of the Delphians",
        "Wikidata": "https://wikidata.org/wiki/Q125925203",
        "type": [
          "hieron"
        ],
        "passages": [
          "1.11.1",
          "1.20.7",
          "1.22.8",
          "1.26.3",
          "1.3.4",
          "1.37.6",
          "1.4.4",
          "1.41.1",
          "1.43.3",
          "1.43.7",
          "1.43.8",
          "1.9.3",
          "10.1.1",
          "10.1.10",
          "10.1.4",
          "10.10.2",
          "10.11.1",
          "10.11.2",
          "10.12.5",
          "10.13.1",
          "10.13.10",
          "10.13.6",
          "10.13.8",
          "10.14.5",
          "10.15.5",
          "10.15.6",
          "10.16.5",
          "10.16.7",
          "10.16.8",
          "10.17.2",
          "10.18.1",
          "10.18.2",
          "10.18.5",
          "10.18.7",
          "10.19.3",
          "10.19.5",
          "10.2.2",
          "10.2.3",
          "10.22.12",
          "10.23.1",
          "10.23.11",
          "10.23.2",
          "10.23.3",
          "10.24.1",
          "10.24.5",
          "10.3.3",
          "10.3.4",
          "10.32.1",
          "10.33.3",
          "10.34.1",
          "10.34.2",
          "10.35.8",
          "10.36.3",
          "10.36.6",
          "10.5.5",
          "10.5.7",
          "10.6.5",
          "10.6.6",
          "10.7.1",
          "10.7.3",
          "10.8.1",
          "10.8.2",
          "10.8.3",
          "10.8.6",
          "10.9.1",
          "10.9.12",
          "10.9.2",
          "10.9.4",
          "10.9.6",
          "2.22.8",
          "2.24.1",
          "2.26.7",
          "2.29.7",
          "2.33.2",
          "3.1.6",
          "3.10.3",
          "3.10.4",
          "3.11.8",
          "3.13.8",
          "3.17.1",
          "3.17.9",
          "3.19.12",
          "3.3.6",
          "3.4.3",
          "3.4.4",
          "3.8.10",
          "3.8.2",
          "3.8.9",
          "4.12.1",
          "4.12.7",
          "4.12.8",
          "4.15.6",
          "4.16.6",
          "4.17.4",
          "4.20.1",
          "4.24.1",
          "4.32.3",
          "4.32.5",
          "4.34.9",
          "4.5.4",
          "4.9.3",
          "5.13.5",
          "5.18.8",
          "5.21.5",
          "5.21.7",
          "5.27.1",
          "5.27.10",
          "5.27.9",
          "5.3.1",
          "5.4.3",
          "5.4.6",
          "5.7.3",
          "6.1.8",
          "6.11.5",
          "6.11.7",
          "6.12.8",
          "6.13.8",
          "6.14.5",
          "6.15.1",
          "6.15.3",
          "6.15.6",
          "6.16.4",
          "6.17.2",
          "6.19.1",
          "6.2.2",
          "6.3.11",
          "6.3.4",
          "6.3.8",
          "6.4.11",
          "6.4.2",
          "6.4.5",
          "6.4.6",
          "6.7.10",
          "6.8.1",
          "6.8.6",
          "6.9.7",
          "7.17.13",
          "7.17.6",
          "7.19.4",
          "7.19.6",
          "7.19.7",
          "7.2.1",
          "7.24.4",
          "7.3.1",
          "8.10.9",
          "8.11.10",
          "8.15.1",
          "8.23.1",
          "8.24.10",
          "8.24.14",
          "8.24.8",
          "8.27.9",
          "8.36.8",
          "8.37.1",
          "8.39.4",
          "8.48.2",
          "8.5.4",
          "8.53.3",
          "8.7.6",
          "8.9.3",
          "9.12.1",
          "9.14.2",
          "9.25.1",
          "9.26.3",
          "9.33.1",
          "9.33.4",
          "9.36.2",
          "9.37.4",
          "9.37.5",
          "9.38.5",
          "9.40.1",
          "9.41.2",
          "9.5.10",
          "9.7.5"
        ],
        "Pleiades": "https://pleiades.stoa.org/places/540726",
        "ToposText": "https://topostext.org/place/385225SDel"
      }
    },
    {
      "type": "Feature",
      "geometry": {
        "type": "Point",
        "coordinates": [
          22.50151,
          38.48254
        ]
      },
      "properties": {
        "name": "Sanctuary of Pythian Apollo at Delphi",
        "region": "Phokis Bk10",
        "part of": "Delphi (polis)",
        "altname": "Pytho: distinct from the polis of the Delphians",
        "Wikidata": "https://wikidata.org/wiki/Q125925203",
        "type": [
          "hieron"
        ],
        "passages": [
          "1.11.1",
          "1.20.7",
          "1.22.8",
          "1.26.3",
          "1.3.4",
          "1.37.6",
          "1.4.4",
          "1.41.1",
          "1.43.3",
          "1.43.7",
          "1.43.8",
          "1.9.3",
          "10.1.1",
          "10.1.10",
          "10.1.4",
          "10.10.2",
          "10.11.1",
          "10.11.2",
          "10.12.5",
          "10.13.1",
          "10.13.10",
          "10.13.6",
          "10.13.8",
          "10.14.5",
          "10.15.5",
          "10.15.6",
          "10.16.5",
          "10.16.7",
          "10.16.8",
          "10.17.2",
          "10.18.1",
          "10.18.2",
          "10.18.5",
          "10.18.7",
          "10.19.3",
          "10.19.5",
          "10.2.2",
          "10.2.3",
          "10.22.12",
          "10.23.1",
          "10.23.11",
          "10.23.2",
          "10.23.3",
          "10.24.1",
          "10.24.5",
          "10.3.3",
          "10.3.4",
          "10.32.1",
          "10.33.3",
          "10.34.1",
          "10.34.2",
          "10.35.8",
          "10.36.3",
          "10.36.6",
          "10.5.5",
          "10.5.7",
          "10.6.5",
          "10.6.6",
          "10.7.1",
          "10.7.3",
          "10.8.1",
          "10.8.2",
          "10.8.3",
          "10.8.6",
          "10.9.1",
          "10.9.12",
          "10.9.2",
          "10.9.4",
          "10.9.6",
          "2.22.8",
          "2.24.1",
          "2.26.7",
          "2.29.7",
          "2.33.2",
          "3.1.6",
          "3.10.3",
          "3.10.4",
          "3.11.8",
          "3.13.8",
          "3.17.1",
          "3.17.9",
          "3.19.12",
          "3.3.6",
          "3.4.3",
          "3.4.4",
          "3.8.10",
          "3.8.2",
          "3.8.9",
          "4.12.1",
          "4.12.7",
          "4.12.8",
          "4.15.6",
          "4.16.6",
          "4.17.4",
          "4.20.1",
          "4.24.1",
          "4.32.3",
          "4.32.5",
          "4.34.9",
          "4.5.4",
          "4.9.3",
          "5.13.5",
          "5.18.8",
          "5.21.5",
          "5.21.7",
          "5.27.1",
          "5.27.10",
          "5.27.9",
          "5.3.1",
          "5.4.3",
          "5.4.6",
          "5.7.3",
          "6.1.8",
          "6.11.5",
          "6.11.7",
          "6.12.8",
          "6.13.8",
          "6.14.5",
          "6.15.1",
          "6.15.3",
          "6.15.6",
          "6.16.4",
          "6.17.2",
          "6.19.1",
          "6.2.2",
          "6.3.11",
          "6.3.4",
          "6.3.8",
          "6.4.11",
          "6.4.2",
          "6.4.5",
          "6.4.6",
          "6.7.10",
          "6.8.1",
          "6.8.6",
          "6.9.7",
          "7.17.13",
          "7.17.6",
          "7.19.4",
          "7.19.6",
          "7.19.7",
          "7.2.1",
          "7.24.4",
          "7.3.1",
          "8.10.9",
          "8.11.10",
          "8.15.1",
          "8.23.1",
          "8.24.10",
          "8.24.14",
          "8.24.8",
          "8.27.9",
          "8.36.8",
          "8.37.1",
          "8.39.4",
          "8.48.2",
          "8.5.4",
          "8.53.3",
          "8.7.6",
          "8.9.3",
          "9.12.1",
          "9.14.2",
          "9.25.1",
          "9.26.3",
          "9.33.1",
          "9.33.4",
          "9.36.2",
          "9.37.4",
          "9.37.5",
          "9.38.5",
          "9.40.1",
          "9.41.2",
          "9.5.10",
          "9.7.5"
        ],
        "Pleiades": "https://pleiades.stoa.org/places/540726",
        "ToposText": "https://topostext.org/place/385225SDel"
      }
    },
    {
      "type": "Feature",
      "geometry": {
        "type": "Point",
        "coordinates": [
          18.7,
          39.2
        ]
      },
      "properties": {
        "name": "Ionian Sea (Greece/Italy)",
        "region": "Hellas (Europe)",
        "part of": "Internum Mare",
        "Wikidata": "https://wikidata.org/wiki/Q37495",
        "type": [
          "sea"
        ],
        "passages": [
          "1.12.1",
          "1.4.1",
          "4.35.5",
          "4.35.7",
          "4.36.7",
          "5.22.3",
          "5.25.3",
          "5.5.3",
          "5.7.3",
          "6.14.13",
          "7.18.2"
        ],
        "Pleiades": "https://pleiades.stoa.org/places/1046",
        "ToposText": "https://topostext.org/place/408187WIon"
      }
    },
    {
      "type": "Feature",
      "geometry": {
        "type": "Point",
        "coordinates": [
          21.41364923,
          38.13057287
        ]
      },
      "properties": {
        "name": "Larisos (river)",
        "region": "Eleia Bk5 Bk6",
        "part of": "Eleia Bk5 Bk6",
        "altname": "border between Eleia and Achaia",
        "Wikidata": "https://wikidata.org/wiki/Q3362574",
        "type": [
          "border",
          "river"
        ],
        "passages": [
          "6.26.10",
          "7.17.5",
          "8.49.7"
        ],
        "Pleiades": "https://pleiades.stoa.org/places/570415"
      }
    },
    {
      "type": "Feature",
      "geometry": {
        "type": "Point",
        "coordinates": [
          22.3584897,
          40.0862269
        ]
      },
      "properties": {
        "name": "Olympos (mountain in Greece)",
        "region": "Macedonia (Europe)",
        "part of": "Pieria",
        "Wikidata": "https://wikidata.org/wiki/Q80344",
        "type": [
          "mountain oros"
        ],
        "passages": [
          "6.5.5",
          "9.30.11",
          "9.30.9",
          "9.40.8"
        ],
        "Pleiades": "https://pleiades.stoa.org/places/491677"
      }
    },
    {
      "type": "Feature",
      "geometry": {
        "type": "Point",
        "coordinates": [
          27.951332,
          37.042418
        ]
      },
      "properties": {
        "name": "Keramos",
        "region": "Asia Minor (Asia)",
        "part of": "Caria region",
        "Wikidata": "https://wikidata.org/wiki/Q1054607",
        "type": [
          "demos"
        ],
        "passages": [
          "6.13.3"
        ],
        "Pleiades": "https://pleiades.stoa.org/places/599707"
      }
    },
    {
      "type": "Feature",
      "geometry": {
        "type": "Point",
        "coordinates": [
          22.307,
          37.9117
        ]
      },
      "properties": {
        "name": "Pheneos",
        "region": "Arcadia Bk8",
        "part of": "Arcadia Bk8",
        "altname": "Pheneus polis",
        "Wikidata": "https://wikidata.org/wiki/Q12885741",
        "type": [
          "polis"
        ],
        "passages": [
          "5.27.8",
          "6.1.3",
          "8.13.5",
          "8.13.6",
          "8.14.1",
          "8.14.2",
          "8.14.5",
          "8.14.9",
          "8.15.5",
          "8.16.1",
          "8.17.6",
          "8.19.3",
          "8.19.4",
          "8.20.1"
        ],
        "Pleiades": "https://pleiades.stoa.org/places/570595",
        "ToposText": "https://topostext.org/place/379223PPhe"
      }
    },
    {
      "type": "Feature",
      "geometry": {
        "type": "Point",
        "coordinates": [
          -6.411900000000001,
          36.93672
        ]
      },
      "properties": {
        "name": "Tartessos",
        "region": "Europe",
        "part of": "Iberi (Spain)",
        "Wikidata": "https://wikidata.org/wiki/Q320416",
        "type": [
          "settlement"
        ],
        "passages": [
          "6.19.3"
        ],
        "Pleiades": "https://pleiades.stoa.org/places/256468"
      }
    },
    {
      "type": "Feature",
      "geometry": {
        "type": "Point",
        "coordinates": [
          26.337061,
          39.490601
        ]
      },
      "properties": {
        "name": "Assos/Apollonia",
        "region": "Asia Minor (Asia)",
        "part of": "Aeolis",
        "Wikidata": "https://wikidata.org/wiki/Q744631",
        "type": [
          "settlement"
        ],
        "passages": [
          "6.4.9"
        ],
        "Pleiades": "https://pleiades.stoa.org/places/550463"
      }
    },
    {
      "type": "Feature",
      "geometry": {
        "type": "Point",
        "coordinates": [
          21.374,
          37.89
        ]
      },
      "properties": {
        "name": "Acropolis of Elis",
        "region": "Eleia Bk5 Bk6",
        "part of": "Elis polis",
        "location": "Elis polis",
        "Wikidata": "https://wikidata.org/wiki/Q106997152",
        "type": [
          "acropolis"
        ],
        "passages": [
          "6.26.3"
        ],
        "ToposText": "https://topostext.org/place/379214XElA"
      }
    },
    {
      "type": "Feature",
      "geometry": {
        "type": "Point",
        "coordinates": [
          21.6336,
          37.637
        ]
      },
      "properties": {
        "name": "Altar of unbaked brick by hippodrome starting line at Olympia",
        "region": "Eleia Bk5 Bk6",
        "part of": "Hippodrome (Olympia)",
        "location": "Hippodrome (Olympia)",
        "altname": "rebuilt and plastered at each Olympiad, mid-prow",
        "type": [
          "altar"
        ],
        "passages": [
          "6.20.11"
        ]
      }
    },
    {
      "type": "Feature",
      "geometry": {
        "type": "Point",
        "coordinates": [
          21.6311,
          37.639
        ]
      },
      "properties": {
        "name": "Treasury of the Cyrenaeans at Olympia",
        "region": "Eleia Bk5 Bk6",
        "part of": "Treasury terrace north of the Heraion, Olympia",
        "location": "Treasury terrace north of the Heraion, Olympia",
        "type": [
          "treasury"
        ],
        "passages": [
          "6.19.10"
        ]
      }
    },
    {
      "type": "Feature",
      "geometry": {
        "type": "Point",
        "coordinates": [
          21.724777,
          37.439599
        ]
      },
      "properties": {
        "name": "Lepreon",
        "region": "Eleia Bk5 Bk6",
        "part of": "Triphylia",
        "Wikidata": "https://wikidata.org/wiki/Q5860679",
        "type": [
          "polis"
        ],
        "passages": [
          "5.5.3",
          "5.5.4",
          "5.5.5",
          "5.5.6",
          "6.15.1",
          "6.3.4",
          "6.3.9"
        ],
        "Pleiades": "https://pleiades.stoa.org/places/570423"
      }
    },
    {
      "type": "Feature",
      "geometry": {
        "type": "Point",
        "coordinates": [
          21.724777,
          37.439599
        ]
      },
      "properties": {
        "name": "Lepreon",
        "region": "Eleia Bk5 Bk6",
        "part of": "Triphylia",
        "Wikidata": "https://wikidata.org/wiki/Q5860679",
        "type": [
          "polis"
        ],
        "passages": [
          "5.5.3",
          "5.5.4",
          "5.5.5",
          "5.5.6",
          "6.15.1",
          "6.3.4",
          "6.3.9"
        ],
        "Pleiades": "https://pleiades.stoa.org/places/570423"
      }
    },
    {
      "type": "Feature",
      "geometry": {
        "type": "Point",
        "coordinates": [
          21.724777,
          37.439599
        ]
      },
      "properties": {
        "name": "Lepreon",
        "region": "Eleia Bk5 Bk6",
        "part of": "Triphylia",
        "Wikidata": "https://wikidata.org/wiki/Q5860679",
        "type": [
          "polis"
        ],
        "passages": [
          "5.5.3",
          "5.5.4",
          "5.5.5",
          "5.5.6",
          "6.15.1",
          "6.3.4",
          "6.3.9"
        ],
        "Pleiades": "https://pleiades.stoa.org/places/570423"
      }
    },
    {
      "type": "Feature",
      "geometry": {
        "type": "Point",
        "coordinates": [
          21.374,
          37.89
        ]
      },
      "properties": {
        "name": "Street of Silence in Elis",
        "region": "Eleia Bk5 Bk6",
        "part of": "Elis polis",
        "location": "Elis polis",
        "type": [
          "road hodos"
        ],
        "passages": [
          "6.23.8"
        ]
      }
    },
    {
      "type": "Feature",
      "geometry": {
        "type": "Point",
        "coordinates": [
          21.5377,
          37.8442
        ]
      },
      "properties": {
        "name": "Ladon/Selleis (river)",
        "region": "Arcadia Bk8",
        "part of": "Arcadia Bk8",
        "Wikidata": "https://wikidata.org/wiki/Q15135283",
        "type": [
          "river"
        ],
        "passages": [
          "6.22.5"
        ],
        "Pleiades": "https://pleiades.stoa.org/places/570409"
      }
    },
    {
      "type": "Feature",
      "geometry": {
        "type": "Point",
        "coordinates": [
          21.9,
          38.2
        ]
      },
      "properties": {
        "name": "Achaia Bk7",
        "region": "",
        "part of": "Peloponnesos",
        "altname": "Achaea",
        "Wikidata": "https://wikidata.org/wiki/Q2790451",
        "type": [
          "chora/region"
        ],
        "passages": [
          "2.18.8",
          "2.5.6",
          "3.2.1",
          "5.1.1",
          "5.24.4",
          "5.9.1",
          "6.26.10",
          "7.1.1",
          "7.1.3",
          "7.1.4",
          "7.27.12",
          "7.7.2",
          "8.1.2",
          "8.15.8",
          "8.27.14"
        ],
        "Pleiades": "https://pleiades.stoa.org/places/570028",
        "ToposText": "https://topostext.org/place/382219RAch"
      }
    },
    {
      "type": "Feature",
      "geometry": {
        "type": "Point",
        "coordinates": [
          21.374,
          37.89
        ]
      },
      "properties": {
        "name": "Open-air temenos of Aphrodite next to her temple, at Elis",
        "region": "Eleia Bk5 Bk6",
        "part of": "Elis polis",
        "location": "Elis polis",
        "type": [
          "temenos"
        ],
        "passages": [
          "6.25.1"
        ]
      }
    },
    {
      "type": "Feature",
      "geometry": {
        "type": "Point",
        "coordinates": [
          29.885661,
          31.213931
        ]
      },
      "properties": {
        "name": "Pharos",
        "region": "Libya (Africa)",
        "part of": "Egypt (region)",
        "Wikidata": "https://wikidata.org/wiki/Q43244",
        "type": [
          "polis"
        ],
        "passages": [
          "5.7.4",
          "6.23.6"
        ],
        "Pleiades": "https://pleiades.stoa.org/places/727197"
      }
    },
    {
      "type": "Feature",
      "geometry": {
        "type": "Point",
        "coordinates": [
          -2.910335,
          37.969207
        ]
      },
      "properties": {
        "name": "Tartessos river",
        "region": "Europe",
        "part of": "Iberi (Spain)",
        "location": "Baetis/Certis (river)",
        "type": [
          "river"
        ],
        "passages": [
          "6.19.3"
        ],
        "Pleiades": "https://pleiades.stoa.org/places/261259"
      }
    },
    {
      "type": "Feature",
      "geometry": {
        "type": "Point",
        "coordinates": [
          21.62845,
          37.63929
        ]
      },
      "properties": {
        "name": "Gymnasium (Olympia)",
        "region": "Eleia Bk5 Bk6",
        "part of": "Olympia",
        "Wikidata": "https://wikidata.org/wiki/Q25461278",
        "type": [
          "gymnasium"
        ],
        "passages": [
          "5.15.8",
          "5.21.17",
          "6.21.2",
          "6.6.3"
        ],
        "Pleiades": "https://pleiades.stoa.org/places/728329643",
        "ToposText": "https://topostext.org/place/376216BOGy"
      }
    },
    {
      "type": "Feature",
      "geometry": {
        "type": "Point",
        "coordinates": [
          21.62845,
          37.63929
        ]
      },
      "properties": {
        "name": "Gymnasium (Olympia)",
        "region": "Eleia Bk5 Bk6",
        "part of": "Olympia",
        "Wikidata": "https://wikidata.org/wiki/Q25461278",
        "type": [
          "gymnasium"
        ],
        "passages": [
          "5.15.8",
          "5.21.17",
          "6.21.2",
          "6.6.3"
        ],
        "Pleiades": "https://pleiades.stoa.org/places/728329643",
        "ToposText": "https://topostext.org/place/376216BOGy"
      }
    },
    {
      "type": "Feature",
      "geometry": {
        "type": "Point",
        "coordinates": [
          21.3746,
          37.8917
        ]
      },
      "properties": {
        "name": "south stoa of Elis agora, Doric, three sections divided by columns",
        "region": "Eleia Bk5 Bk6",
        "part of": "Agora of Elis",
        "location": "Agora of Elis",
        "altname": "Doric, three sections divided by columns",
        "type": [
          "stoa"
        ],
        "passages": [
          "6.24.2"
        ]
      }
    },
    {
      "type": "Feature",
      "geometry": {
        "type": "Point",
        "coordinates": [
          27.833862,
          37.859752
        ]
      },
      "properties": {
        "name": "Tralles",
        "region": "Asia Minor (Asia)",
        "part of": "Ionia (region)",
        "altname": "Dia/Seleuceia ad Maeandrum/Kaisareia",
        "Wikidata": "https://wikidata.org/wiki/Q462630",
        "type": [
          "polis"
        ],
        "passages": [
          "6.14.2"
        ],
        "Pleiades": "https://pleiades.stoa.org/places/599987"
      }
    },
    {
      "type": "Feature",
      "geometry": {
        "type": "Point",
        "coordinates": [
          21.374,
          37.89
        ]
      },
      "properties": {
        "name": "Xystos of Elis",
        "region": "Eleia Bk5 Bk6",
        "part of": "Gymnasium of Elis",
        "type": [
          "enclosure"
        ],
        "passages": [
          "6.23.1"
        ]
      }
    },
    {
      "type": "Feature",
      "geometry": {
        "type": "Point",
        "coordinates": [
          21.63066,
          37.63905
        ]
      },
      "properties": {
        "name": "Ionic chamber in Sicyonian treasury at Olympia",
        "region": "Eleia Bk5 Bk6",
        "part of": "Sicyonian Treasury at Olympia",
        "location": "Sicyonian Treasury at Olympia",
        "type": [
          "treasury"
        ],
        "passages": [
          "6.19.2"
        ]
      }
    },
    {
      "type": "Feature",
      "geometry": {
        "type": "Point",
        "coordinates": [
          22.792,
          36.8
        ]
      },
      "properties": {
        "name": "Akriai (Lakonia)",
        "region": "Lakonia Bk3",
        "part of": "Lakonia Bk3",
        "altname": "on the sea",
        "Wikidata": "https://wikidata.org/wiki/Q25858222",
        "type": [
          "polis"
        ],
        "passages": [
          "3.21.7",
          "3.22.4",
          "3.22.6",
          "3.22.9",
          "6.21.10"
        ],
        "Pleiades": "https://pleiades.stoa.org/places/570058",
        "ToposText": "https://topostext.org/place/368228UAkr"
      }
    },
    {
      "type": "Feature",
      "geometry": {
        "type": "Point",
        "coordinates": [
          21.705,
          37.6378
        ]
      },
      "properties": {
        "name": "Sanctuary of Athena Kydonia at Phrixa",
        "region": "Eleia Bk5 Bk6",
        "part of": "Eleia Bk5 Bk6",
        "Wikidata": "https://wikidata.org/wiki/Q107031182",
        "type": [
          "hieron",
          "temple"
        ],
        "passages": [
          "6.21.6"
        ]
      }
    },
    {
      "type": "Feature",
      "geometry": {
        "type": "Point",
        "coordinates": [
          21.3746,
          37.8917
        ]
      },
      "properties": {
        "name": "part of Korkuraike stoa facing away from Agora of Elis",
        "region": "Eleia Bk5 Bk6",
        "part of": "Korkyraike stoa at Agora of Elis",
        "location": "Korkyraike stoa at Agora of Elis",
        "type": [
          "stoa"
        ],
        "passages": [
          "6.24.5"
        ]
      }
    },
    {
      "type": "Feature",
      "geometry": {
        "type": "Point",
        "coordinates": [
          21.374,
          37.89
        ]
      },
      "properties": {
        "name": "Sanctuary of the Graces at Elis",
        "region": "Eleia Bk5 Bk6",
        "part of": "Elis polis",
        "location": "Elis polis",
        "Wikidata": "https://wikidata.org/wiki/Q107031200",
        "type": [
          "hieron"
        ],
        "passages": [
          "6.24.6"
        ]
      }
    },
    {
      "type": "Feature",
      "geometry": {
        "type": "Point",
        "coordinates": [
          16.4927745,
          39.71705745
        ]
      },
      "properties": {
        "name": "Thurii (Italy)",
        "region": "Italia (Europe)",
        "part of": "Italia (Europe)",
        "Wikidata": "https://wikidata.org/wiki/Q602564",
        "type": [
          "polis"
        ],
        "passages": [
          "6.7.4"
        ],
        "Pleiades": "https://pleiades.stoa.org/places/452457"
      }
    },
    {
      "type": "Feature",
      "geometry": {
        "type": "Point",
        "coordinates": [
          27.363816,
          37.9498235
        ]
      },
      "properties": {
        "name": "Sanctuary of Ephesian Artemis at Ephesus",
        "region": "Asia Minor (Asia)",
        "part of": "Ephesos",
        "Wikidata": "https://wikidata.org/wiki/Q43018",
        "type": [
          "hieron"
        ],
        "passages": [
          "10.26.6",
          "10.38.6",
          "4.31.8",
          "5.19.2",
          "6.3.15",
          "6.3.16",
          "7.2.7",
          "7.5.4"
        ],
        "Manto": "https://resource.manto.unh.edu/10267644",
        "Pleiades": "https://pleiades.stoa.org/places/873985034",
        "ToposText": "https://topostext.org/place/379274SEph"
      }
    },
    {
      "type": "Feature",
      "geometry": {
        "type": "Point",
        "coordinates": [
          27.363816,
          37.9498235
        ]
      },
      "properties": {
        "name": "Sanctuary of Ephesian Artemis at Ephesus",
        "region": "Asia Minor (Asia)",
        "part of": "Ephesos",
        "Wikidata": "https://wikidata.org/wiki/Q43018",
        "type": [
          "hieron"
        ],
        "passages": [
          "10.26.6",
          "10.38.6",
          "4.31.8",
          "5.19.2",
          "6.3.15",
          "6.3.16",
          "7.2.7",
          "7.5.4"
        ],
        "Manto": "https://resource.manto.unh.edu/10267644",
        "Pleiades": "https://pleiades.stoa.org/places/873985034",
        "ToposText": "https://topostext.org/place/379274SEph"
      }
    },
    {
      "type": "Feature",
      "geometry": {
        "type": "Point",
        "coordinates": [
          24.420400000000004,
          38.0165
        ]
      },
      "properties": {
        "name": "Island of Glaukos on territory of Karystos",
        "region": "Euboea (island)",
        "part of": "Karystos",
        "location": "Karystos",
        "altname": "Glaukonnesos",
        "type": [
          "island"
        ],
        "passages": [
          "6.10.3"
        ],
        "Pleiades": "https://pleiades.stoa.org/places/573234"
      }
    },
    {
      "type": "Feature",
      "geometry": {
        "type": "Point",
        "coordinates": [
          21.6336,
          37.637
        ]
      },
      "properties": {
        "name": "Taraxippos of Olympia at hippodrome, round altar",
        "region": "Eleia Bk5 Bk6",
        "part of": "Hippodrome (Olympia)",
        "location": "Hippodrome (Olympia)",
        "type": [
          "altar"
        ],
        "passages": [
          "6.20.19"
        ]
      }
    },
    {
      "type": "Feature",
      "geometry": {
        "type": "Point",
        "coordinates": [
          17.205128,
          39.028864
        ]
      },
      "properties": {
        "name": "Temple of Hera Lacinia",
        "region": "Italia (Europe)",
        "part of": "Italia (Europe)",
        "Wikidata": "https://wikidata.org/wiki/Q3621968",
        "type": [
          "hieron"
        ],
        "passages": [
          "6.13.1"
        ],
        "Pleiades": "https://pleiades.stoa.org/places/452332"
      }
    },
    {
      "type": "Feature",
      "geometry": {
        "type": "Point",
        "coordinates": [
          21.5873,
          37.6522
        ]
      },
      "properties": {
        "name": "spring joining the Kytherios river",
        "region": "Eleia Bk5 Bk6",
        "part of": "Eleia Bk5 Bk6",
        "type": [
          "spring pege"
        ],
        "passages": [
          "6.22.7"
        ]
      }
    },
    {
      "type": "Feature",
      "geometry": {
        "type": "Point",
        "coordinates": [
          27.184167,
          39.1325
        ]
      },
      "properties": {
        "name": "Tomb of Silenos at Pergamon",
        "region": "Asia Minor (Asia)",
        "part of": "Pergamum",
        "location": "Pergamum",
        "Wikidata": "https://wikidata.org/wiki/Q136487368",
        "type": [
          "tomb mnema"
        ],
        "passages": [
          "6.24.8"
        ]
      }
    },
    {
      "type": "Feature",
      "geometry": {
        "type": "Point",
        "coordinates": [
          22.2,
          39.6
        ]
      },
      "properties": {
        "name": "Thessalia",
        "region": "Hellas (Europe)",
        "part of": "Hellas (Europe)",
        "Wikidata": "https://wikidata.org/wiki/Q1247568",
        "type": [
          "chora/region"
        ],
        "passages": [
          "1.11.1",
          "1.29.13",
          "1.4.1",
          "1.8.3",
          "10.22.3",
          "10.8.4",
          "2.2.5",
          "2.23.5",
          "2.24.1",
          "2.6.1",
          "3.20.6",
          "3.6.1",
          "3.7.9",
          "3.9.12",
          "3.9.13",
          "4.36.3",
          "5.1.11",
          "6.17.9",
          "6.4.7",
          "7.1.2",
          "7.1.3",
          "7.10.2",
          "7.15.2",
          "7.19.7",
          "7.6.5",
          "8.27.10",
          "8.6.2",
          "9.15.1",
          "9.40.5",
          "9.8.6"
        ],
        "Pleiades": "https://pleiades.stoa.org/places/1332"
      }
    },
    {
      "type": "Feature",
      "geometry": {
        "type": "Point",
        "coordinates": [
          22.2,
          39.6
        ]
      },
      "properties": {
        "name": "Thessalia",
        "region": "Hellas (Europe)",
        "part of": "Hellas (Europe)",
        "Wikidata": "https://wikidata.org/wiki/Q1247568",
        "type": [
          "chora/region"
        ],
        "passages": [
          "1.11.1",
          "1.29.13",
          "1.4.1",
          "1.8.3",
          "10.22.3",
          "10.8.4",
          "2.2.5",
          "2.23.5",
          "2.24.1",
          "2.6.1",
          "3.20.6",
          "3.6.1",
          "3.7.9",
          "3.9.12",
          "3.9.13",
          "4.36.3",
          "5.1.11",
          "6.17.9",
          "6.4.7",
          "7.1.2",
          "7.1.3",
          "7.10.2",
          "7.15.2",
          "7.19.7",
          "7.6.5",
          "8.27.10",
          "8.6.2",
          "9.15.1",
          "9.40.5",
          "9.8.6"
        ],
        "Pleiades": "https://pleiades.stoa.org/places/1332"
      }
    },
    {
      "type": "Feature",
      "geometry": {
        "type": "Point",
        "coordinates": [
          21.9195,
          37.1779
        ]
      },
      "properties": {
        "name": "Messene (Messenia)",
        "region": "Messenia Bk4",
        "part of": "Messenia Bk4",
        "Wikidata": "https://wikidata.org/wiki/Q1022117",
        "type": [
          "polis"
        ],
        "passages": [
          "1.25.4",
          "2.20.5",
          "3.1.5",
          "3.3.2",
          "4.1.3",
          "4.1.4",
          "4.12.5",
          "4.12.6",
          "4.16.1",
          "4.16.8",
          "4.20.1",
          "4.20.4",
          "4.21.10",
          "4.21.2",
          "4.22.7",
          "4.23.5",
          "4.23.6",
          "4.26.3",
          "4.26.7",
          "4.27.4",
          "4.27.5",
          "4.27.7",
          "4.28.1",
          "4.29.1",
          "4.29.10",
          "4.29.11",
          "4.29.12",
          "4.29.2",
          "4.29.4",
          "4.29.8",
          "4.3.8",
          "4.31.11",
          "4.31.4",
          "4.31.5",
          "4.32.2",
          "4.34.1",
          "4.4.3",
          "4.6.3",
          "4.6.5",
          "4.9.6",
          "6.2.11",
          "6.3.13",
          "6.4.3",
          "8.34.1",
          "8.35.1",
          "8.49.4",
          "8.5.10",
          "8.5.7",
          "8.50.5",
          "8.51.6",
          "8.51.8",
          "8.52.4",
          "9.14.5",
          "9.15.6"
        ],
        "Pleiades": "https://pleiades.stoa.org/places/570479",
        "ToposText": "https://topostext.org/place/372219PMes"
      }
    },
    {
      "type": "Feature",
      "geometry": {
        "type": "Point",
        "coordinates": [
          21.9195,
          37.1779
        ]
      },
      "properties": {
        "name": "Messene (Messenia)",
        "region": "Messenia Bk4",
        "part of": "Messenia Bk4",
        "Wikidata": "https://wikidata.org/wiki/Q1022117",
        "type": [
          "polis"
        ],
        "passages": [
          "1.25.4",
          "2.20.5",
          "3.1.5",
          "3.3.2",
          "4.1.3",
          "4.1.4",
          "4.12.5",
          "4.12.6",
          "4.16.1",
          "4.16.8",
          "4.20.1",
          "4.20.4",
          "4.21.10",
          "4.21.2",
          "4.22.7",
          "4.23.5",
          "4.23.6",
          "4.26.3",
          "4.26.7",
          "4.27.4",
          "4.27.5",
          "4.27.7",
          "4.28.1",
          "4.29.1",
          "4.29.10",
          "4.29.11",
          "4.29.12",
          "4.29.2",
          "4.29.4",
          "4.29.8",
          "4.3.8",
          "4.31.11",
          "4.31.4",
          "4.31.5",
          "4.32.2",
          "4.34.1",
          "4.4.3",
          "4.6.3",
          "4.6.5",
          "4.9.6",
          "6.2.11",
          "6.3.13",
          "6.4.3",
          "8.34.1",
          "8.35.1",
          "8.49.4",
          "8.5.10",
          "8.5.7",
          "8.50.5",
          "8.51.6",
          "8.51.8",
          "8.52.4",
          "9.14.5",
          "9.15.6"
        ],
        "Pleiades": "https://pleiades.stoa.org/places/570479",
        "ToposText": "https://topostext.org/place/372219PMes"
      }
    },
    {
      "type": "Feature",
      "geometry": {
        "type": "Point",
        "coordinates": [
          21.9195,
          37.1779
        ]
      },
      "properties": {
        "name": "Messene (Messenia)",
        "region": "Messenia Bk4",
        "part of": "Messenia Bk4",
        "Wikidata": "https://wikidata.org/wiki/Q1022117",
        "type": [
          "polis"
        ],
        "passages": [
          "1.25.4",
          "2.20.5",
          "3.1.5",
          "3.3.2",
          "4.1.3",
          "4.1.4",
          "4.12.5",
          "4.12.6",
          "4.16.1",
          "4.16.8",
          "4.20.1",
          "4.20.4",
          "4.21.10",
          "4.21.2",
          "4.22.7",
          "4.23.5",
          "4.23.6",
          "4.26.3",
          "4.26.7",
          "4.27.4",
          "4.27.5",
          "4.27.7",
          "4.28.1",
          "4.29.1",
          "4.29.10",
          "4.29.11",
          "4.29.12",
          "4.29.2",
          "4.29.4",
          "4.29.8",
          "4.3.8",
          "4.31.11",
          "4.31.4",
          "4.31.5",
          "4.32.2",
          "4.34.1",
          "4.4.3",
          "4.6.3",
          "4.6.5",
          "4.9.6",
          "6.2.11",
          "6.3.13",
          "6.4.3",
          "8.34.1",
          "8.35.1",
          "8.49.4",
          "8.5.10",
          "8.5.7",
          "8.50.5",
          "8.51.6",
          "8.51.8",
          "8.52.4",
          "9.14.5",
          "9.15.6"
        ],
        "Pleiades": "https://pleiades.stoa.org/places/570479",
        "ToposText": "https://topostext.org/place/372219PMes"
      }
    },
    {
      "type": "Feature",
      "geometry": {
        "type": "Point",
        "coordinates": [
          16.23715,
          38.20782
        ]
      },
      "properties": {
        "name": "Lokroi Epizephyrioi",
        "region": "Italia (Europe)",
        "part of": "Italia (Europe)",
        "Wikidata": "https://wikidata.org/wiki/Q3836325",
        "type": [
          "polis"
        ],
        "passages": [
          "3.3.1",
          "6.6.4"
        ],
        "Pleiades": "https://pleiades.stoa.org/places/452369"
      }
    },
    {
      "type": "Feature",
      "geometry": {
        "type": "Point",
        "coordinates": [
          21.6311,
          37.639
        ]
      },
      "properties": {
        "name": "Treasury of the Byzantines at Olympia",
        "region": "Eleia Bk5 Bk6",
        "part of": "Treasury terrace north of the Heraion, Olympia",
        "location": "Treasury terrace north of the Heraion, Olympia",
        "Wikidata": "https://wikidata.org/wiki/Q106956846",
        "type": [
          "treasury"
        ],
        "passages": [
          "6.19.9"
        ]
      }
    },
    {
      "type": "Feature",
      "geometry": {
        "type": "Point",
        "coordinates": [
          21.374,
          37.89
        ]
      },
      "properties": {
        "name": "street Gymnasium to Elis agora",
        "region": "Eleia Bk5 Bk6",
        "part of": "Elis polis",
        "location": "Elis polis",
        "type": [
          "road hodos"
        ],
        "passages": [
          "6.24.1"
        ]
      }
    },
    {
      "type": "Feature",
      "geometry": {
        "type": "Point",
        "coordinates": [
          21.62914,
          37.63705
        ]
      },
      "properties": {
        "name": "Leonidaion (Olympia)",
        "region": "Eleia Bk5 Bk6",
        "part of": "Olympia",
        "Wikidata": "https://wikidata.org/wiki/Q3271682",
        "type": [
          "building"
        ],
        "passages": [
          "5.15.1",
          "5.15.2",
          "5.15.3",
          "5.15.4",
          "6.17.1"
        ],
        "ToposText": "https://topostext.org/place/376216BOLe"
      }
    },
    {
      "type": "Feature",
      "geometry": {
        "type": "Point",
        "coordinates": [
          24.862219999999997,
          37.8528
        ]
      },
      "properties": {
        "name": "Andros (island)",
        "region": "Aegean Sea (Hellas)",
        "part of": "Cyclades region (Aegean)",
        "Wikidata": "https://wikidata.org/wiki/Q175741",
        "type": [
          "island"
        ],
        "passages": [
          "6.14.13"
        ],
        "Pleiades": "https://pleiades.stoa.org/places/589693"
      }
    },
    {
      "type": "Feature",
      "geometry": {
        "type": "Point",
        "coordinates": [
          21.374,
          37.89
        ]
      },
      "properties": {
        "name": "Gymnasium of Elis",
        "region": "Eleia Bk5 Bk6",
        "part of": "Elis polis",
        "location": "Elis polis",
        "Wikidata": "https://wikidata.org/wiki/Q107031194",
        "type": [
          "gymnasium"
        ],
        "passages": [
          "5.21.17",
          "6.23.1",
          "6.23.2",
          "6.23.3"
        ],
        "ToposText": "https://topostext.org/place/379214BElG"
      }
    },
    {
      "type": "Feature",
      "geometry": {
        "type": "Point",
        "coordinates": [
          21.374,
          37.89
        ]
      },
      "properties": {
        "name": "Gymnasium of Elis",
        "region": "Eleia Bk5 Bk6",
        "part of": "Elis polis",
        "location": "Elis polis",
        "Wikidata": "https://wikidata.org/wiki/Q107031194",
        "type": [
          "gymnasium"
        ],
        "passages": [
          "5.21.17",
          "6.23.1",
          "6.23.2",
          "6.23.3"
        ],
        "ToposText": "https://topostext.org/place/379214BElG"
      }
    },
    {
      "type": "Feature",
      "geometry": {
        "type": "Point",
        "coordinates": [
          21.374,
          37.89
        ]
      },
      "properties": {
        "name": "Gymnasium of Elis",
        "region": "Eleia Bk5 Bk6",
        "part of": "Elis polis",
        "location": "Elis polis",
        "Wikidata": "https://wikidata.org/wiki/Q107031194",
        "type": [
          "gymnasium"
        ],
        "passages": [
          "5.21.17",
          "6.23.1",
          "6.23.2",
          "6.23.3"
        ],
        "ToposText": "https://topostext.org/place/379214BElG"
      }
    },
    {
      "type": "Feature",
      "geometry": {
        "type": "Point",
        "coordinates": [
          21.705,
          37.6378
        ]
      },
      "properties": {
        "name": "Altar of Athena Kydonia still intact for Pausanias",
        "region": "Eleia Bk5 Bk6",
        "part of": "Sanctuary of Athena Kydonia at Phrixa",
        "location": "Sanctuary of Athena Kydonia at Phrixa",
        "type": [
          "altar"
        ],
        "passages": [
          "6.21.6"
        ]
      }
    },
    {
      "type": "Feature",
      "geometry": {
        "type": "Point",
        "coordinates": [
          24.973629999999996,
          40.93119
        ]
      },
      "properties": {
        "name": "Abdera",
        "region": "Thrace (Europe)",
        "part of": "Thrace (Europe)",
        "Wikidata": "https://wikidata.org/wiki/Q38280948",
        "type": [
          "polis"
        ],
        "passages": [
          "6.14.12",
          "6.5.4"
        ],
        "Pleiades": "https://pleiades.stoa.org/places/501323"
      }
    },
    {
      "type": "Feature",
      "geometry": {
        "type": "Point",
        "coordinates": [
          24.973629999999996,
          40.93119
        ]
      },
      "properties": {
        "name": "Abdera",
        "region": "Thrace (Europe)",
        "part of": "Thrace (Europe)",
        "Wikidata": "https://wikidata.org/wiki/Q38280948",
        "type": [
          "polis"
        ],
        "passages": [
          "6.14.12",
          "6.5.4"
        ],
        "Pleiades": "https://pleiades.stoa.org/places/501323"
      }
    },
    {
      "type": "Feature",
      "geometry": {
        "type": "Point",
        "coordinates": [
          21.6336,
          37.637
        ]
      },
      "properties": {
        "name": "Stalls ? at the hippodrome",
        "region": "Eleia Bk5 Bk6",
        "part of": "Hippodrome (Olympia)",
        "location": "Hippodrome (Olympia)",
        "type": [
          "building"
        ],
        "passages": [
          "6.20.11"
        ]
      }
    },
    {
      "type": "Feature",
      "geometry": {
        "type": "Point",
        "coordinates": [
          21.3746,
          37.8917
        ]
      },
      "properties": {
        "name": "Hellanodikaion in agora of Elis",
        "region": "Eleia Bk5 Bk6",
        "part of": "Agora of Elis",
        "location": "Agora of Elis",
        "Wikidata": "https://wikidata.org/wiki/Q107031195",
        "type": [
          "building"
        ],
        "passages": [
          "6.24.1",
          "6.24.3"
        ]
      }
    },
    {
      "type": "Feature",
      "geometry": {
        "type": "Point",
        "coordinates": [
          21.3746,
          37.8917
        ]
      },
      "properties": {
        "name": "Hellanodikaion in agora of Elis",
        "region": "Eleia Bk5 Bk6",
        "part of": "Agora of Elis",
        "location": "Agora of Elis",
        "Wikidata": "https://wikidata.org/wiki/Q107031195",
        "type": [
          "building"
        ],
        "passages": [
          "6.24.1",
          "6.24.3"
        ]
      }
    },
    {
      "type": "Feature",
      "geometry": {
        "type": "Point",
        "coordinates": [
          21.653,
          37.6395
        ]
      },
      "properties": {
        "name": "Pisa (Eleia)",
        "region": "Eleia Bk5 Bk6",
        "part of": "Eleia Bk5 Bk6",
        "Wikidata": "https://wikidata.org/wiki/Q922329",
        "type": [
          "chora/region",
          "polis"
        ],
        "passages": [
          "5.1.6",
          "5.1.7",
          "5.10.2",
          "5.13.4",
          "5.16.5",
          "5.22.6",
          "5.3.1",
          "6.21.1",
          "6.21.4",
          "6.21.5",
          "6.22.1",
          "6.22.3",
          "8.20.2",
          "8.54.3"
        ],
        "Pleiades": "https://pleiades.stoa.org/places/570612",
        "ToposText": "https://topostext.org/place/376217PPis"
      }
    },
    {
      "type": "Feature",
      "geometry": {
        "type": "Point",
        "coordinates": [
          21.653,
          37.6395
        ]
      },
      "properties": {
        "name": "Pisa (Eleia)",
        "region": "Eleia Bk5 Bk6",
        "part of": "Eleia Bk5 Bk6",
        "Wikidata": "https://wikidata.org/wiki/Q922329",
        "type": [
          "chora/region",
          "polis"
        ],
        "passages": [
          "5.1.6",
          "5.1.7",
          "5.10.2",
          "5.13.4",
          "5.16.5",
          "5.22.6",
          "5.3.1",
          "6.21.1",
          "6.21.4",
          "6.21.5",
          "6.22.1",
          "6.22.3",
          "8.20.2",
          "8.54.3"
        ],
        "Pleiades": "https://pleiades.stoa.org/places/570612",
        "ToposText": "https://topostext.org/place/376217PPis"
      }
    },
    {
      "type": "Feature",
      "geometry": {
        "type": "Point",
        "coordinates": [
          21.653,
          37.6395
        ]
      },
      "properties": {
        "name": "Pisa (Eleia)",
        "region": "Eleia Bk5 Bk6",
        "part of": "Eleia Bk5 Bk6",
        "Wikidata": "https://wikidata.org/wiki/Q922329",
        "type": [
          "chora/region",
          "polis"
        ],
        "passages": [
          "5.1.6",
          "5.1.7",
          "5.10.2",
          "5.13.4",
          "5.16.5",
          "5.22.6",
          "5.3.1",
          "6.21.1",
          "6.21.4",
          "6.21.5",
          "6.22.1",
          "6.22.3",
          "8.20.2",
          "8.54.3"
        ],
        "Pleiades": "https://pleiades.stoa.org/places/570612",
        "ToposText": "https://topostext.org/place/376217PPis"
      }
    },
    {
      "type": "Feature",
      "geometry": {
        "type": "Point",
        "coordinates": [
          21.653,
          37.6395
        ]
      },
      "properties": {
        "name": "Pisa (Eleia)",
        "region": "Eleia Bk5 Bk6",
        "part of": "Eleia Bk5 Bk6",
        "Wikidata": "https://wikidata.org/wiki/Q922329",
        "type": [
          "chora/region",
          "polis"
        ],
        "passages": [
          "5.1.6",
          "5.1.7",
          "5.10.2",
          "5.13.4",
          "5.16.5",
          "5.22.6",
          "5.3.1",
          "6.21.1",
          "6.21.4",
          "6.21.5",
          "6.22.1",
          "6.22.3",
          "8.20.2",
          "8.54.3"
        ],
        "Pleiades": "https://pleiades.stoa.org/places/570612",
        "ToposText": "https://topostext.org/place/376217PPis"
      }
    },
    {
      "type": "Feature",
      "geometry": {
        "type": "Point",
        "coordinates": [
          21.653,
          37.6395
        ]
      },
      "properties": {
        "name": "Pisa (Eleia)",
        "region": "Eleia Bk5 Bk6",
        "part of": "Eleia Bk5 Bk6",
        "Wikidata": "https://wikidata.org/wiki/Q922329",
        "type": [
          "chora/region",
          "polis"
        ],
        "passages": [
          "5.1.6",
          "5.1.7",
          "5.10.2",
          "5.13.4",
          "5.16.5",
          "5.22.6",
          "5.3.1",
          "6.21.1",
          "6.21.4",
          "6.21.5",
          "6.22.1",
          "6.22.3",
          "8.20.2",
          "8.54.3"
        ],
        "Pleiades": "https://pleiades.stoa.org/places/570612",
        "ToposText": "https://topostext.org/place/376217PPis"
      }
    },
    {
      "type": "Feature",
      "geometry": {
        "type": "Point",
        "coordinates": [
          22.45931,
          37.85932
        ]
      },
      "properties": {
        "name": "Stymphalos",
        "region": "Arcadia Bk8",
        "part of": "Arcadia Bk8",
        "Wikidata": "https://wikidata.org/wiki/Q2359730",
        "type": [
          "settlement"
        ],
        "passages": [
          "2.24.6",
          "5.10.9",
          "6.7.10",
          "8.13.5",
          "8.22.1",
          "8.22.2",
          "8.22.3",
          "8.22.6",
          "8.22.7",
          "8.22.8",
          "8.23.1",
          "8.4.6",
          "9.11.6"
        ],
        "Pleiades": "https://pleiades.stoa.org/places/570696"
      }
    },
    {
      "type": "Feature",
      "geometry": {
        "type": "Point",
        "coordinates": [
          21.5735,
          37.6875
        ]
      },
      "properties": {
        "name": "Sanctuary of the Nymphs Ionides by spring of the Kytherios",
        "region": "Eleia Bk5 Bk6",
        "part of": "Herakleia (Eleia)",
        "location": "Herakleia (Eleia)",
        "altname": "healing spring",
        "Wikidata": "https://wikidata.org/wiki/Q107031254",
        "type": [
          "hieron"
        ],
        "passages": [
          "6.22.7"
        ],
        "Manto": "https://resource.manto.unh.edu/11308487"
      }
    },
    {
      "type": "Feature",
      "geometry": {
        "type": "Point",
        "coordinates": [
          13.82184,
          37.96884
        ]
      },
      "properties": {
        "name": "Himera",
        "region": "Sicilia (island)",
        "part of": "Sicilia (island)",
        "Wikidata": "https://wikidata.org/wiki/Q1111219",
        "type": [
          "settlement"
        ],
        "passages": [
          "2.22.7",
          "3.19.13",
          "5.23.4",
          "6.4.11"
        ],
        "Pleiades": "https://pleiades.stoa.org/places/462244"
      }
    },
    {
      "type": "Feature",
      "geometry": {
        "type": "Point",
        "coordinates": [
          25.1836,
          35.2052
        ]
      },
      "properties": {
        "name": "Crete",
        "region": "",
        "part of": "Hellas (Europe)",
        "altname": "island",
        "Wikidata": "https://wikidata.org/wiki/Q4752820",
        "type": [
          "island"
        ],
        "passages": [
          "1.17.3",
          "1.17.6",
          "1.21.4",
          "1.22.5",
          "1.26.4",
          "1.27.10",
          "1.27.9",
          "1.42.2",
          "10.2.7",
          "10.7.2",
          "2.30.3",
          "2.31.1",
          "2.32.2",
          "2.33.4",
          "2.6.7",
          "2.7.7",
          "3.18.4",
          "3.18.5",
          "3.2.7",
          "5.8.1",
          "6.21.6",
          "7.2.5",
          "7.3.7",
          "7.4.5",
          "7.4.6",
          "7.4.8",
          "8.48.3",
          "8.49.7",
          "8.50.6",
          "8.53.4",
          "9.11.4",
          "9.40.3"
        ],
        "Pleiades": "https://pleiades.stoa.org/places/589748",
        "ToposText": "https://topostext.org/place/352252IKre"
      }
    },
    {
      "type": "Feature",
      "geometry": {
        "type": "Point",
        "coordinates": [
          21.374,
          37.89
        ]
      },
      "properties": {
        "name": "building for Thyia festival 8 stades from Elis",
        "region": "Eleia Bk5 Bk6",
        "part of": "Elis polis",
        "location": "Elis polis",
        "Wikidata": "https://wikidata.org/wiki/Q107031205",
        "type": [
          "building"
        ],
        "passages": [
          "6.26.1"
        ]
      }
    },
    {
      "type": "Feature",
      "geometry": {
        "type": "Point",
        "coordinates": [
          27.453939999999996,
          38.5668
        ]
      },
      "properties": {
        "name": "Sipylos",
        "region": "Asia Minor (Asia)",
        "part of": "Lydia (province)",
        "altname": "Mount Sipylus /Manisa Dağı",
        "Wikidata": "https://wikidata.org/wiki/Q532698",
        "type": [
          "mountain oros"
        ],
        "passages": [
          "1.21.3",
          "1.24.8",
          "2.22.3",
          "3.22.4",
          "5.13.7",
          "6.22.1",
          "7.24.13",
          "7.27.12",
          "8.17.3",
          "8.2.7",
          "8.38.10"
        ],
        "Pleiades": "https://pleiades.stoa.org/places/550884"
      }
    },
    {
      "type": "Feature",
      "geometry": {
        "type": "Point",
        "coordinates": [
          36.165318,
          36.200663
        ]
      },
      "properties": {
        "name": "Antioch on the Orontes",
        "region": "Asia (continent)",
        "part of": "Syria (Asia)",
        "altname": "Theoupolis: major city of Syria",
        "Wikidata": "https://wikidata.org/wiki/Q200441",
        "type": [
          "polis"
        ],
        "passages": [
          "6.2.7",
          "8.29.3"
        ],
        "Pleiades": "https://pleiades.stoa.org/places/658381"
      }
    },
    {
      "type": "Feature",
      "geometry": {
        "type": "Point",
        "coordinates": [
          21.374,
          37.89
        ]
      },
      "properties": {
        "name": "Sanctuary of Dionysos at Elis with theater",
        "region": "Eleia Bk5 Bk6",
        "part of": "Elis polis",
        "location": "Elis polis",
        "Wikidata": "https://wikidata.org/wiki/Q107002764",
        "type": [
          "hieron"
        ],
        "passages": [
          "6.26.1"
        ]
      }
    },
    {
      "type": "Feature",
      "geometry": {
        "type": "Point",
        "coordinates": [
          21.62845,
          37.63929
        ]
      },
      "properties": {
        "name": "Retaining wall of gymnasium at Olympia",
        "region": "Eleia Bk5 Bk6",
        "part of": "Gymnasium (Olympia)",
        "location": "Gymnasium (Olympia)",
        "type": [
          "fortification"
        ],
        "passages": [
          "6.21.2"
        ]
      }
    },
    {
      "type": "Feature",
      "geometry": {
        "type": "Point",
        "coordinates": [
          21.374,
          37.89
        ]
      },
      "properties": {
        "name": "small building for Sosipolis on left of Tyche in Elis",
        "region": "Eleia Bk5 Bk6",
        "part of": "Elis polis",
        "location": "Elis polis",
        "type": [
          "building"
        ],
        "passages": [
          "6.25.4"
        ]
      }
    },
    {
      "type": "Feature",
      "geometry": {
        "type": "Point",
        "coordinates": [
          23.448834,
          38.498583
        ]
      },
      "properties": {
        "name": "Anthedon",
        "region": "Boiotia Bk9",
        "part of": "Boiotia Bk9",
        "Wikidata": "https://wikidata.org/wiki/Q2857905",
        "type": [
          "polis"
        ],
        "passages": [
          "6.10.1",
          "9.22.5",
          "9.22.6",
          "9.26.2"
        ],
        "Pleiades": "https://pleiades.stoa.org/places/540639"
      }
    },
    {
      "type": "Feature",
      "geometry": {
        "type": "Point",
        "coordinates": [
          21.374,
          37.89
        ]
      },
      "properties": {
        "name": "Palaistra of Maltho gymnasium of Elis",
        "region": "Eleia Bk5 Bk6",
        "part of": "Maltho gymnasium at Elis",
        "location": "Maltho gymnasium at Elis",
        "type": [
          "palaistra"
        ],
        "passages": [
          "6.23.5"
        ]
      }
    },
    {
      "type": "Feature",
      "geometry": {
        "type": "Point",
        "coordinates": [
          22.3933,
          37.6181
        ]
      },
      "properties": {
        "name": "Mantineia (Arkadia)",
        "region": "Arcadia Bk8",
        "part of": "Arcadia Bk8",
        "altname": "Mantinea",
        "Wikidata": "https://wikidata.org/wiki/Q1160195",
        "type": [
          "polis"
        ],
        "passages": [
          "1.29.13",
          "1.3.4",
          "10.13.6",
          "10.20.1",
          "2.25.1",
          "2.8.6",
          "6.11.4",
          "6.4.11",
          "8.10.1",
          "8.10.2",
          "8.11.1",
          "8.11.5",
          "8.11.6",
          "8.12.2",
          "8.12.6",
          "8.12.7",
          "8.27.14",
          "8.3.4",
          "8.49.2",
          "8.5.11",
          "8.5.5",
          "8.50.2",
          "8.6.4",
          "8.7.1",
          "8.8.11",
          "8.8.12",
          "8.8.4",
          "8.8.7",
          "8.8.9",
          "8.9.7",
          "8.9.8",
          "9.14.4",
          "9.15.5"
        ],
        "Pleiades": "https://pleiades.stoa.org/places/570459",
        "ToposText": "https://topostext.org/place/376224UMan"
      }
    },
    {
      "type": "Feature",
      "geometry": {
        "type": "Point",
        "coordinates": [
          22.3933,
          37.6181
        ]
      },
      "properties": {
        "name": "Mantineia (Arkadia)",
        "region": "Arcadia Bk8",
        "part of": "Arcadia Bk8",
        "altname": "Mantinea",
        "Wikidata": "https://wikidata.org/wiki/Q1160195",
        "type": [
          "polis"
        ],
        "passages": [
          "1.29.13",
          "1.3.4",
          "10.13.6",
          "10.20.1",
          "2.25.1",
          "2.8.6",
          "6.11.4",
          "6.4.11",
          "8.10.1",
          "8.10.2",
          "8.11.1",
          "8.11.5",
          "8.11.6",
          "8.12.2",
          "8.12.6",
          "8.12.7",
          "8.27.14",
          "8.3.4",
          "8.49.2",
          "8.5.11",
          "8.5.5",
          "8.50.2",
          "8.6.4",
          "8.7.1",
          "8.8.11",
          "8.8.12",
          "8.8.4",
          "8.8.7",
          "8.8.9",
          "8.9.7",
          "8.9.8",
          "9.14.4",
          "9.15.5"
        ],
        "Pleiades": "https://pleiades.stoa.org/places/570459",
        "ToposText": "https://topostext.org/place/376224UMan"
      }
    },
    {
      "type": "Feature",
      "geometry": {
        "type": "Point",
        "coordinates": [
          25.3,
          38.1
        ]
      },
      "properties": {
        "name": "Aegean Sea (Hellas)",
        "region": "",
        "part of": "Internum Mare",
        "Wikidata": "https://wikidata.org/wiki/Q34575",
        "type": [
          "sea"
        ],
        "passages": [
          "1.1.1",
          "1.1.2",
          "1.1.3",
          "1.1.5",
          "1.12.5",
          "1.13.2",
          "1.17.3",
          "1.22.4",
          "1.23.3",
          "1.26.5",
          "1.27.9",
          "1.28.11",
          "1.31.1",
          "1.32.7",
          "1.33.2",
          "1.34.1",
          "1.35.5",
          "1.38.1",
          "1.38.4",
          "1.4.3",
          "1.4.5",
          "1.8.1",
          "1.9.7",
          "2.12.2",
          "2.22.1",
          "2.26.9",
          "2.29.10",
          "2.29.6",
          "2.30.7",
          "2.34.6",
          "2.34.8",
          "2.36.4",
          "2.36.6",
          "2.36.7",
          "2.37.1",
          "2.37.2",
          "2.38.1",
          "2.38.4",
          "2.5.3",
          "4.34.12",
          "5.21.10",
          "5.23.2",
          "6.16.5",
          "8.14.12",
          "9.11.5",
          "9.15.5"
        ],
        "Pleiades": "https://pleiades.stoa.org/places/560221",
        "ToposText": "https://topostext.org/place/381253WAeg"
      }
    },
    {
      "type": "Feature",
      "geometry": {
        "type": "Point",
        "coordinates": [
          12.4843457,
          41.89262
        ]
      },
      "properties": {
        "name": "Temple of Peace in Rome",
        "region": "Italia (Europe)",
        "part of": "Rome",
        "location": "Rome",
        "Wikidata": "https://wikidata.org/wiki/Q1456939",
        "type": [
          "temple"
        ],
        "passages": [
          "6.9.3"
        ],
        "ToposText": "https://topostext.org/place/419125SPax"
      }
    },
    {
      "type": "Feature",
      "geometry": {
        "type": "Point",
        "coordinates": [
          16.578476,
          38.445422
        ]
      },
      "properties": {
        "name": "Kaulonia",
        "region": "Italia (Europe)",
        "part of": "Italia (Europe)",
        "Wikidata": "https://wikidata.org/wiki/Q1292498",
        "type": [
          "polis"
        ],
        "passages": [
          "6.3.12"
        ],
        "Pleiades": "https://pleiades.stoa.org/places/452352"
      }
    },
    {
      "type": "Feature",
      "geometry": {
        "type": "Point",
        "coordinates": [
          21.687,
          37.959
        ]
      },
      "properties": {
        "name": "Tritaia (Achaia)",
        "region": "Achaia Bk7",
        "part of": "Achaia Bk7",
        "altname": "Tritia, Triteia",
        "Wikidata": "https://wikidata.org/wiki/Q16737926",
        "type": [
          "polis"
        ],
        "passages": [
          "6.12.8",
          "6.12.9",
          "7.22.6",
          "7.22.7",
          "7.22.8",
          "7.22.9",
          "7.6.1"
        ],
        "Pleiades": "https://pleiades.stoa.org/places/570755"
      }
    },
    {
      "type": "Feature",
      "geometry": {
        "type": "Point",
        "coordinates": [
          21.687,
          37.959
        ]
      },
      "properties": {
        "name": "Tritaia (Achaia)",
        "region": "Achaia Bk7",
        "part of": "Achaia Bk7",
        "altname": "Tritia, Triteia",
        "Wikidata": "https://wikidata.org/wiki/Q16737926",
        "type": [
          "polis"
        ],
        "passages": [
          "6.12.8",
          "6.12.9",
          "7.22.6",
          "7.22.7",
          "7.22.8",
          "7.22.9",
          "7.6.1"
        ],
        "Pleiades": "https://pleiades.stoa.org/places/570755"
      }
    },
    {
      "type": "Feature",
      "geometry": {
        "type": "Point",
        "coordinates": [
          27.37404,
          36.686188
        ]
      },
      "properties": {
        "name": "Knidos",
        "region": "Asia Minor (Asia)",
        "part of": "Cherronesos of Knidos",
        "altname": "Cnidus: city at tip of Carian chersonnese",
        "Wikidata": "https://wikidata.org/wiki/Q690575",
        "type": [
          "polis"
        ],
        "passages": [
          "1.1.3",
          "1.2.2",
          "10.11.1",
          "10.11.3",
          "5.24.7",
          "6.3.16",
          "8.30.2"
        ],
        "Pleiades": [
          "https://pleiades.stoa.org/places/599575",
          "https://pleiades.stoa.org/places/599576"
        ],
        "URL": "https://imperium.ahlfeldt.se/places/21190"
      }
    },
    {
      "type": "Feature",
      "geometry": {
        "type": "Point",
        "coordinates": [
          21.6336,
          37.637
        ]
      },
      "properties": {
        "name": "altar at hippodrome of Olympia",
        "region": "Eleia Bk5 Bk6",
        "part of": "Hippodrome (Olympia)",
        "location": "Hippodrome (Olympia)",
        "type": [
          "altar"
        ],
        "passages": [
          "6.20.12"
        ]
      }
    },
    {
      "type": "Feature",
      "geometry": {
        "type": "Point",
        "coordinates": [
          27.535590000000003,
          37.83698
        ]
      },
      "properties": {
        "name": "Lethaios",
        "region": "Asia (continent)",
        "part of": "Ionia (region)",
        "altname": "Lethaeus: river of Magnesia in Asia Minor",
        "Wikidata": "https://wikidata.org/wiki/Q136447885",
        "type": [
          "river"
        ],
        "passages": [
          "1.35.6",
          "10.32.6",
          "5.21.10",
          "6.17.3"
        ],
        "Pleiades": "https://pleiades.stoa.org/places/599765",
        "ToposText": "https://topostext.org/place/378275WLet"
      }
    },
    {
      "type": "Feature",
      "geometry": {
        "type": "Point",
        "coordinates": [
          23.795769,
          40.592218
        ]
      },
      "properties": {
        "name": "Stageira",
        "region": "Macedonia (Europe)",
        "part of": "Chalcidike region (Chalkidike)",
        "Wikidata": "https://wikidata.org/wiki/Q846127",
        "type": [
          "polis"
        ],
        "passages": [
          "6.4.8"
        ],
        "Pleiades": "https://pleiades.stoa.org/places/501625"
      }
    },
    {
      "type": "Feature",
      "geometry": {
        "type": "Point",
        "coordinates": [
          21.657,
          37.671
        ]
      },
      "properties": {
        "name": "Pholoe Mt. (Eleia)",
        "region": "Eleia Bk5 Bk6",
        "part of": "Eleia Bk5 Bk6",
        "Wikidata": "https://wikidata.org/wiki/Q2354090",
        "type": [
          "mountain oros"
        ],
        "passages": [
          "6.21.5",
          "8.24.4",
          "8.27.17"
        ],
        "Pleiades": "https://pleiades.stoa.org/places/570607",
        "ToposText": "https://topostext.org/place/378218LPho"
      }
    },
    {
      "type": "Feature",
      "geometry": {
        "type": "Point",
        "coordinates": [
          21.63291462,
          37.6391184
        ]
      },
      "properties": {
        "name": "starting line at the stadium of Olympia",
        "region": "Eleia Bk5 Bk6",
        "part of": "Olympia Stadium",
        "location": "Olympia Stadium",
        "type": [
          "starting line"
        ],
        "passages": [
          "6.20.9"
        ]
      }
    },
    {
      "type": "Feature",
      "geometry": {
        "type": "Point",
        "coordinates": [
          22.8802,
          37.9054
        ]
      },
      "properties": {
        "name": "Corinth (Corinthia)",
        "region": "Corinthia Bk2",
        "part of": "Corinthia Bk2",
        "altname": "Korinthos",
        "Wikidata": "https://wikidata.org/wiki/Q1363688",
        "type": [
          "polis"
        ],
        "passages": [
          "1.27.10",
          "1.27.9",
          "1.29.11",
          "1.37.5",
          "1.39.4",
          "1.44.10",
          "1.44.6",
          "10.11.6",
          "10.5.3",
          "10.8.5",
          "10.9.10",
          "2.1.1",
          "2.1.2",
          "2.1.6",
          "2.15.1",
          "2.2.2",
          "2.2.4",
          "2.2.5",
          "2.2.6",
          "2.28.8",
          "2.3.1",
          "2.3.10",
          "2.3.11",
          "2.3.5",
          "2.3.7",
          "2.31.9",
          "2.4.3",
          "2.4.4",
          "2.4.6",
          "2.5.1",
          "2.5.5",
          "2.6.1",
          "2.7.2",
          "2.8.4",
          "2.8.5",
          "3.10.1",
          "3.5.7",
          "4.17.5",
          "5.10.5",
          "5.17.5",
          "6.2.2",
          "7.14.1",
          "7.14.2",
          "7.14.5",
          "7.15.10",
          "7.16.4",
          "7.16.7",
          "7.27.6",
          "7.6.7",
          "7.7.6",
          "7.8.1",
          "7.8.2",
          "9.26.2",
          "9.6.4",
          "9.9.4"
        ],
        "Pleiades": "https://pleiades.stoa.org/places/570182",
        "ToposText": "https://topostext.org/place/379229PKor"
      }
    },
    {
      "type": "Feature",
      "geometry": {
        "type": "Point",
        "coordinates": [
          15.75,
          38.25
        ]
      },
      "properties": {
        "name": "Kaikinos? (river)",
        "region": "Italia (Europe)",
        "part of": "Italia (Europe)",
        "type": [
          "river"
        ],
        "passages": [
          "6.6.4"
        ],
        "Pleiades": "https://pleiades.stoa.org/places/452348"
      }
    },
    {
      "type": "Feature",
      "geometry": {
        "type": "Point",
        "coordinates": [
          26.689980000000002,
          40.34869
        ]
      },
      "properties": {
        "name": "Lampsakos",
        "region": "Asia Minor (Asia)",
        "part of": "Mysia (Bithynia)",
        "altname": "Lampsacus Pityoussa",
        "Wikidata": "https://wikidata.org/wiki/Q1229422",
        "type": [
          "polis"
        ],
        "passages": [
          "10.38.11",
          "6.18.2",
          "6.18.4",
          "9.31.2"
        ],
        "Pleiades": "https://pleiades.stoa.org/places/501570"
      }
    },
    {
      "type": "Feature",
      "geometry": {
        "type": "Point",
        "coordinates": [
          26.689980000000002,
          40.34869
        ]
      },
      "properties": {
        "name": "Lampsakos",
        "region": "Asia Minor (Asia)",
        "part of": "Mysia (Bithynia)",
        "altname": "Lampsacus Pityoussa",
        "Wikidata": "https://wikidata.org/wiki/Q1229422",
        "type": [
          "polis"
        ],
        "passages": [
          "10.38.11",
          "6.18.2",
          "6.18.4",
          "9.31.2"
        ],
        "Pleiades": "https://pleiades.stoa.org/places/501570"
      }
    },
    {
      "type": "Feature",
      "geometry": {
        "type": "Point",
        "coordinates": [
          21.374,
          37.89
        ]
      },
      "properties": {
        "name": "Hieros Dromos, sacred running track of Elis",
        "region": "Eleia Bk5 Bk6",
        "part of": "Elis polis",
        "location": "Elis polis",
        "type": [
          "dromos"
        ],
        "passages": [
          "6.23.2"
        ]
      }
    },
    {
      "type": "Feature",
      "geometry": {
        "type": "Point",
        "coordinates": [
          16.1315,
          39.03644
        ]
      },
      "properties": {
        "name": "temenos and temple or heroon of Hero at Temesa",
        "region": "Italia (Europe)",
        "part of": "Temesa/Tempsa",
        "location": "Temesa/Tempsa",
        "altname": "Temple of Polites at Temesa: in legend recounted by Pausanias about crew member of Odysseus",
        "type": [
          "temenos",
          "temple"
        ],
        "passages": [
          "6.6.11",
          "6.6.8"
        ],
        "Pleiades": "https://pleiades.stoa.org/places/456116"
      }
    },
    {
      "type": "Feature",
      "geometry": {
        "type": "Point",
        "coordinates": [
          16.1315,
          39.03644
        ]
      },
      "properties": {
        "name": "temenos and temple or heroon of Hero at Temesa",
        "region": "Italia (Europe)",
        "part of": "Temesa/Tempsa",
        "location": "Temesa/Tempsa",
        "altname": "Temple of Polites at Temesa: in legend recounted by Pausanias about crew member of Odysseus",
        "type": [
          "temenos",
          "temple"
        ],
        "passages": [
          "6.6.11",
          "6.6.8"
        ],
        "Pleiades": "https://pleiades.stoa.org/places/456116"
      }
    },
    {
      "type": "Feature",
      "geometry": {
        "type": "Point",
        "coordinates": [
          21.1449975,
          37.9346907
        ]
      },
      "properties": {
        "name": "Sanctuary of Aphrodite at Kyllene",
        "region": "Eleia Bk5 Bk6",
        "part of": "Kyllene",
        "location": "Kyllene",
        "Wikidata": "https://wikidata.org/wiki/Q134036741",
        "type": [
          "hieron"
        ],
        "passages": [
          "6.26.5"
        ]
      }
    },
    {
      "type": "Feature",
      "geometry": {
        "type": "Point",
        "coordinates": [
          21.374,
          37.89
        ]
      },
      "properties": {
        "name": "Altar of Eros at Gymnasium of Elis",
        "region": "Eleia Bk5 Bk6",
        "part of": "Gymnasium of Elis",
        "location": "Gymnasium of Elis",
        "type": [
          "altar"
        ],
        "passages": [
          "6.23.3"
        ]
      }
    },
    {
      "type": "Feature",
      "geometry": {
        "type": "Point",
        "coordinates": [
          22.7195,
          37.6316
        ]
      },
      "properties": {
        "name": "Argos (Argolid)",
        "region": "Argolid Bk2",
        "part of": "Argolid Bk2",
        "Wikidata": "https://wikidata.org/wiki/Q13533353",
        "type": [
          "polis"
        ],
        "passages": [
          "1.13.7",
          "1.13.8",
          "1.14.2",
          "1.25.4",
          "1.27.10",
          "1.33.1",
          "1.41.1",
          "1.43.7",
          "1.43.8",
          "10.10.5",
          "10.35.1",
          "10.8.5",
          "2.13.1",
          "2.15.1",
          "2.15.2",
          "2.15.4",
          "2.16.1",
          "2.16.2",
          "2.16.3",
          "2.18.1",
          "2.18.5",
          "2.18.7",
          "2.18.8",
          "2.19.3",
          "2.20.4",
          "2.20.5",
          "2.20.8",
          "2.21.7",
          "2.22.4",
          "2.22.6",
          "2.22.8",
          "2.23.1",
          "2.23.5",
          "2.24.5",
          "2.25.1",
          "2.25.2",
          "2.25.5",
          "2.25.7",
          "2.25.8",
          "2.28.4",
          "2.30.10",
          "2.34.4",
          "2.34.5",
          "2.35.2",
          "2.36.6",
          "2.38.1",
          "2.4.2",
          "2.6.6",
          "2.8.6",
          "3.1.4",
          "3.1.5",
          "3.9.1",
          "4.1.1",
          "4.1.2",
          "4.10.6",
          "4.12.3",
          "4.14.1",
          "4.14.8",
          "4.15.7",
          "4.17.5",
          "4.3.3",
          "4.35.2",
          "4.8.8",
          "6.13.7",
          "6.2.2",
          "6.9.3",
          "7.1.5",
          "7.1.6",
          "7.1.7",
          "7.14.1",
          "7.17.1",
          "7.20.8",
          "7.23.10",
          "7.4.4",
          "7.6.3",
          "8.24.8",
          "8.27.1",
          "8.5.7",
          "8.54.5",
          "9.25.1",
          "9.36.6",
          "9.36.7",
          "9.5.12"
        ],
        "Pleiades": "https://pleiades.stoa.org/places/570106",
        "ToposText": "https://topostext.org/place/376227PArg"
      }
    },
    {
      "type": "Feature",
      "geometry": {
        "type": "Point",
        "coordinates": [
          22.7195,
          37.6316
        ]
      },
      "properties": {
        "name": "Argos (Argolid)",
        "region": "Argolid Bk2",
        "part of": "Argolid Bk2",
        "Wikidata": "https://wikidata.org/wiki/Q13533353",
        "type": [
          "polis"
        ],
        "passages": [
          "1.13.7",
          "1.13.8",
          "1.14.2",
          "1.25.4",
          "1.27.10",
          "1.33.1",
          "1.41.1",
          "1.43.7",
          "1.43.8",
          "10.10.5",
          "10.35.1",
          "10.8.5",
          "2.13.1",
          "2.15.1",
          "2.15.2",
          "2.15.4",
          "2.16.1",
          "2.16.2",
          "2.16.3",
          "2.18.1",
          "2.18.5",
          "2.18.7",
          "2.18.8",
          "2.19.3",
          "2.20.4",
          "2.20.5",
          "2.20.8",
          "2.21.7",
          "2.22.4",
          "2.22.6",
          "2.22.8",
          "2.23.1",
          "2.23.5",
          "2.24.5",
          "2.25.1",
          "2.25.2",
          "2.25.5",
          "2.25.7",
          "2.25.8",
          "2.28.4",
          "2.30.10",
          "2.34.4",
          "2.34.5",
          "2.35.2",
          "2.36.6",
          "2.38.1",
          "2.4.2",
          "2.6.6",
          "2.8.6",
          "3.1.4",
          "3.1.5",
          "3.9.1",
          "4.1.1",
          "4.1.2",
          "4.10.6",
          "4.12.3",
          "4.14.1",
          "4.14.8",
          "4.15.7",
          "4.17.5",
          "4.3.3",
          "4.35.2",
          "4.8.8",
          "6.13.7",
          "6.2.2",
          "6.9.3",
          "7.1.5",
          "7.1.6",
          "7.1.7",
          "7.14.1",
          "7.17.1",
          "7.20.8",
          "7.23.10",
          "7.4.4",
          "7.6.3",
          "8.24.8",
          "8.27.1",
          "8.5.7",
          "8.54.5",
          "9.25.1",
          "9.36.6",
          "9.36.7",
          "9.5.12"
        ],
        "Pleiades": "https://pleiades.stoa.org/places/570106",
        "ToposText": "https://topostext.org/place/376227PArg"
      }
    },
    {
      "type": "Feature",
      "geometry": {
        "type": "Point",
        "coordinates": [
          22.7195,
          37.6316
        ]
      },
      "properties": {
        "name": "Argos (Argolid)",
        "region": "Argolid Bk2",
        "part of": "Argolid Bk2",
        "Wikidata": "https://wikidata.org/wiki/Q13533353",
        "type": [
          "polis"
        ],
        "passages": [
          "1.13.7",
          "1.13.8",
          "1.14.2",
          "1.25.4",
          "1.27.10",
          "1.33.1",
          "1.41.1",
          "1.43.7",
          "1.43.8",
          "10.10.5",
          "10.35.1",
          "10.8.5",
          "2.13.1",
          "2.15.1",
          "2.15.2",
          "2.15.4",
          "2.16.1",
          "2.16.2",
          "2.16.3",
          "2.18.1",
          "2.18.5",
          "2.18.7",
          "2.18.8",
          "2.19.3",
          "2.20.4",
          "2.20.5",
          "2.20.8",
          "2.21.7",
          "2.22.4",
          "2.22.6",
          "2.22.8",
          "2.23.1",
          "2.23.5",
          "2.24.5",
          "2.25.1",
          "2.25.2",
          "2.25.5",
          "2.25.7",
          "2.25.8",
          "2.28.4",
          "2.30.10",
          "2.34.4",
          "2.34.5",
          "2.35.2",
          "2.36.6",
          "2.38.1",
          "2.4.2",
          "2.6.6",
          "2.8.6",
          "3.1.4",
          "3.1.5",
          "3.9.1",
          "4.1.1",
          "4.1.2",
          "4.10.6",
          "4.12.3",
          "4.14.1",
          "4.14.8",
          "4.15.7",
          "4.17.5",
          "4.3.3",
          "4.35.2",
          "4.8.8",
          "6.13.7",
          "6.2.2",
          "6.9.3",
          "7.1.5",
          "7.1.6",
          "7.1.7",
          "7.14.1",
          "7.17.1",
          "7.20.8",
          "7.23.10",
          "7.4.4",
          "7.6.3",
          "8.24.8",
          "8.27.1",
          "8.5.7",
          "8.54.5",
          "9.25.1",
          "9.36.6",
          "9.36.7",
          "9.5.12"
        ],
        "Pleiades": "https://pleiades.stoa.org/places/570106",
        "ToposText": "https://topostext.org/place/376227PArg"
      }
    },
    {
      "type": "Feature",
      "geometry": {
        "type": "Point",
        "coordinates": [
          21.6311,
          37.639
        ]
      },
      "properties": {
        "name": "Treasury of the Sybarites, Olympia",
        "region": "Eleia Bk5 Bk6",
        "part of": "Treasury terrace north of the Heraion, Olympia",
        "location": "Treasury terrace north of the Heraion, Olympia",
        "Wikidata": "https://wikidata.org/wiki/Q106956848",
        "type": [
          "treasury"
        ],
        "passages": [
          "6.19.10",
          "6.19.9"
        ]
      }
    },
    {
      "type": "Feature",
      "geometry": {
        "type": "Point",
        "coordinates": [
          21.6311,
          37.639
        ]
      },
      "properties": {
        "name": "Treasury of the Sybarites, Olympia",
        "region": "Eleia Bk5 Bk6",
        "part of": "Treasury terrace north of the Heraion, Olympia",
        "location": "Treasury terrace north of the Heraion, Olympia",
        "Wikidata": "https://wikidata.org/wiki/Q106956848",
        "type": [
          "treasury"
        ],
        "passages": [
          "6.19.10",
          "6.19.9"
        ]
      }
    },
    {
      "type": "Feature",
      "geometry": {
        "type": "Point",
        "coordinates": [
          20.25,
          39.75
        ]
      },
      "properties": {
        "name": "Thesprotia",
        "region": "Hellas (Europe)",
        "part of": "Epiros region",
        "Wikidata": "https://wikidata.org/wiki/Q2551754",
        "type": [
          "chora/region"
        ],
        "passages": [
          "1.17.4",
          "1.17.5",
          "1.18.4",
          "1.6.8",
          "4.34.3",
          "4.35.3",
          "5.14.2",
          "5.22.3",
          "5.23.2",
          "6.14.9",
          "9.30.6",
          "9.36.3"
        ],
        "Pleiades": "https://pleiades.stoa.org/places/531117",
        "ToposText": "https://topostext.org/place/394204RThp"
      }
    },
    {
      "type": "Feature",
      "geometry": {
        "type": "Point",
        "coordinates": [
          26.8857,
          37.6718
        ]
      },
      "properties": {
        "name": "Heraion of Samos",
        "region": "Aegean Sea (Hellas)",
        "part of": "Samos (island)",
        "altname": "Heraeum of Samos",
        "Wikidata": "https://wikidata.org/wiki/Q841207",
        "type": [
          "hieron"
        ],
        "passages": [
          "6.3.15",
          "6.3.16",
          "7.4.4",
          "7.5.13",
          "7.5.4",
          "8.23.5"
        ],
        "Pleiades": "https://pleiades.stoa.org/places/599641",
        "ToposText": "https://topostext.org/place/377269SHer"
      }
    },
    {
      "type": "Feature",
      "geometry": {
        "type": "Point",
        "coordinates": [
          26.8857,
          37.6718
        ]
      },
      "properties": {
        "name": "Heraion of Samos",
        "region": "Aegean Sea (Hellas)",
        "part of": "Samos (island)",
        "altname": "Heraeum of Samos",
        "Wikidata": "https://wikidata.org/wiki/Q841207",
        "type": [
          "hieron"
        ],
        "passages": [
          "6.3.15",
          "6.3.16",
          "7.4.4",
          "7.5.13",
          "7.5.4",
          "8.23.5"
        ],
        "Pleiades": "https://pleiades.stoa.org/places/599641",
        "ToposText": "https://topostext.org/place/377269SHer"
      }
    },
    {
      "type": "Feature",
      "geometry": {
        "type": "Point",
        "coordinates": [
          22.43516,
          38.9046
        ]
      },
      "properties": {
        "name": "Lamia",
        "region": "Hellas (Europe)",
        "part of": "Phthiotis",
        "Wikidata": "https://wikidata.org/wiki/Q192980",
        "type": [
          "settlement"
        ],
        "passages": [
          "1.1.3",
          "1.4.3",
          "1.8.2",
          "10.3.4",
          "6.4.7",
          "7.10.4",
          "7.10.5",
          "7.15.2",
          "7.6.5"
        ],
        "Pleiades": "https://pleiades.stoa.org/places/540902"
      }
    },
    {
      "type": "Feature",
      "geometry": {
        "type": "Point",
        "coordinates": [
          21.925,
          37.186
        ]
      },
      "properties": {
        "name": "Ithome Mt. (Messenia)",
        "region": "Messenia Bk4",
        "part of": "Messenia Bk4",
        "Wikidata": "https://wikidata.org/wiki/Q602538",
        "type": [
          "mountain oros",
          "settlement"
        ],
        "passages": [
          "1.29.8",
          "10.38.10",
          "3.11.8",
          "4.1.3",
          "4.10.1",
          "4.11.2",
          "4.11.4",
          "4.12.2",
          "4.12.5",
          "4.12.9",
          "4.13.6",
          "4.14.2",
          "4.15.1",
          "4.20.4",
          "4.23.6",
          "4.24.6",
          "4.24.7",
          "4.26.3",
          "4.26.7",
          "4.29.2",
          "4.29.5",
          "4.3.9",
          "4.31.4",
          "4.33.1",
          "4.9.1",
          "4.9.2",
          "4.9.4",
          "6.3.13",
          "8.50.5"
        ],
        "Pleiades": "https://pleiades.stoa.org/places/570318",
        "ToposText": "https://topostext.org/place/372219LIth"
      }
    },
    {
      "type": "Feature",
      "geometry": {
        "type": "Point",
        "coordinates": [
          23.2733,
          38.2213
        ]
      },
      "properties": {
        "name": "Plataea (Boeotia)",
        "region": "Boiotia Bk9",
        "part of": "Plataiis",
        "altname": "Plataia",
        "Wikidata": "https://wikidata.org/wiki/Q742538",
        "type": [
          "battlefield",
          "polis"
        ],
        "passages": [
          "1.13.4",
          "1.27.1",
          "1.38.8",
          "10.13.9",
          "10.2.1",
          "10.5.3",
          "10.5.4",
          "2.6.1",
          "3.11.7",
          "3.14.1",
          "3.17.7",
          "3.4.10",
          "3.4.9",
          "3.5.1",
          "3.7.10",
          "6.10.6",
          "6.3.8",
          "7.27.2",
          "7.6.4",
          "8.52.2",
          "8.6.1",
          "9.1.2",
          "9.1.4",
          "9.1.5",
          "9.1.8",
          "9.2.1",
          "9.2.3",
          "9.2.5",
          "9.2.6",
          "9.2.7",
          "9.3.1",
          "9.4.2",
          "9.4.3",
          "9.4.4",
          "9.5.11",
          "9.6.1",
          "9.8.7"
        ],
        "Pleiades": "https://pleiades.stoa.org/places/541063",
        "ToposText": "https://topostext.org/place/382233PPla"
      }
    },
    {
      "type": "Feature",
      "geometry": {
        "type": "Point",
        "coordinates": [
          23.2733,
          38.2213
        ]
      },
      "properties": {
        "name": "Plataea (Boeotia)",
        "region": "Boiotia Bk9",
        "part of": "Plataiis",
        "altname": "Plataia",
        "Wikidata": "https://wikidata.org/wiki/Q742538",
        "type": [
          "battlefield",
          "polis"
        ],
        "passages": [
          "1.13.4",
          "1.27.1",
          "1.38.8",
          "10.13.9",
          "10.2.1",
          "10.5.3",
          "10.5.4",
          "2.6.1",
          "3.11.7",
          "3.14.1",
          "3.17.7",
          "3.4.10",
          "3.4.9",
          "3.5.1",
          "3.7.10",
          "6.10.6",
          "6.3.8",
          "7.27.2",
          "7.6.4",
          "8.52.2",
          "8.6.1",
          "9.1.2",
          "9.1.4",
          "9.1.5",
          "9.1.8",
          "9.2.1",
          "9.2.3",
          "9.2.5",
          "9.2.6",
          "9.2.7",
          "9.3.1",
          "9.4.2",
          "9.4.3",
          "9.4.4",
          "9.5.11",
          "9.6.1",
          "9.8.7"
        ],
        "Pleiades": "https://pleiades.stoa.org/places/541063",
        "ToposText": "https://topostext.org/place/382233PPla"
      }
    },
    {
      "type": "Feature",
      "geometry": {
        "type": "Point",
        "coordinates": [
          21.374,
          37.89
        ]
      },
      "properties": {
        "name": "Temple of Silenos at Elis",
        "region": "Eleia Bk5 Bk6",
        "part of": "Elis polis",
        "location": "Elis polis",
        "Wikidata": "https://wikidata.org/wiki/Q107031206",
        "type": [
          "temple"
        ],
        "passages": [
          "6.24.8"
        ]
      }
    },
    {
      "type": "Feature",
      "geometry": {
        "type": "Point",
        "coordinates": [
          21.3746,
          37.8917
        ]
      },
      "properties": {
        "name": "Korkyraike stoa at Agora of Elis",
        "region": "Eleia Bk5 Bk6",
        "part of": "Agora of Elis",
        "location": "Agora of Elis",
        "altname": "Corcyraean stoa in Elis",
        "Wikidata": "https://wikidata.org/wiki/Q107031196",
        "type": [
          "stoa"
        ],
        "passages": [
          "6.24.4",
          "6.24.5",
          "6.25.1"
        ]
      }
    },
    {
      "type": "Feature",
      "geometry": {
        "type": "Point",
        "coordinates": [
          21.3746,
          37.8917
        ]
      },
      "properties": {
        "name": "Korkyraike stoa at Agora of Elis",
        "region": "Eleia Bk5 Bk6",
        "part of": "Agora of Elis",
        "location": "Agora of Elis",
        "altname": "Corcyraean stoa in Elis",
        "Wikidata": "https://wikidata.org/wiki/Q107031196",
        "type": [
          "stoa"
        ],
        "passages": [
          "6.24.4",
          "6.24.5",
          "6.25.1"
        ]
      }
    },
    {
      "type": "Feature",
      "geometry": {
        "type": "Point",
        "coordinates": [
          21.3746,
          37.8917
        ]
      },
      "properties": {
        "name": "Korkyraike stoa at Agora of Elis",
        "region": "Eleia Bk5 Bk6",
        "part of": "Agora of Elis",
        "location": "Agora of Elis",
        "altname": "Corcyraean stoa in Elis",
        "Wikidata": "https://wikidata.org/wiki/Q107031196",
        "type": [
          "stoa"
        ],
        "passages": [
          "6.24.4",
          "6.24.5",
          "6.25.1"
        ]
      }
    },
    {
      "type": "Feature",
      "geometry": {
        "type": "Point",
        "coordinates": [
          22.2693,
          37.4845
        ]
      },
      "properties": {
        "name": "Mainalos Mt. (Arkadia)",
        "region": "Arcadia Bk8",
        "part of": "Arcadia Bk8",
        "altname": "Mainaleon: likely Rezenikos 1271 m.",
        "Wikidata": "https://wikidata.org/wiki/Q112302501",
        "type": [
          "mountain oros"
        ],
        "passages": [
          "3.11.7",
          "5.27.1",
          "6.6.1",
          "6.6.3",
          "6.8.5",
          "8.27.2",
          "8.3.4",
          "8.36.5",
          "8.36.8",
          "8.9.3"
        ],
        "Pleiades": "https://pleiades.stoa.org/places/570449",
        "ToposText": "https://topostext.org/place/377223LMai"
      }
    },
    {
      "type": "Feature",
      "geometry": {
        "type": "Point",
        "coordinates": [
          22.2693,
          37.4845
        ]
      },
      "properties": {
        "name": "Mainalos Mt. (Arkadia)",
        "region": "Arcadia Bk8",
        "part of": "Arcadia Bk8",
        "altname": "Mainaleon: likely Rezenikos 1271 m.",
        "Wikidata": "https://wikidata.org/wiki/Q112302501",
        "type": [
          "mountain oros"
        ],
        "passages": [
          "3.11.7",
          "5.27.1",
          "6.6.1",
          "6.6.3",
          "6.8.5",
          "8.27.2",
          "8.3.4",
          "8.36.5",
          "8.36.8",
          "8.9.3"
        ],
        "Pleiades": "https://pleiades.stoa.org/places/570449",
        "ToposText": "https://topostext.org/place/377223LMai"
      }
    },
    {
      "type": "Feature",
      "geometry": {
        "type": "Point",
        "coordinates": [
          22.2693,
          37.4845
        ]
      },
      "properties": {
        "name": "Mainalos Mt. (Arkadia)",
        "region": "Arcadia Bk8",
        "part of": "Arcadia Bk8",
        "altname": "Mainaleon: likely Rezenikos 1271 m.",
        "Wikidata": "https://wikidata.org/wiki/Q112302501",
        "type": [
          "mountain oros"
        ],
        "passages": [
          "3.11.7",
          "5.27.1",
          "6.6.1",
          "6.6.3",
          "6.8.5",
          "8.27.2",
          "8.3.4",
          "8.36.5",
          "8.36.8",
          "8.9.3"
        ],
        "Pleiades": "https://pleiades.stoa.org/places/570449",
        "ToposText": "https://topostext.org/place/377223LMai"
      }
    },
    {
      "type": "Feature",
      "geometry": {
        "type": "Point",
        "coordinates": [
          39,
          19.5
        ]
      },
      "properties": {
        "name": "Seria island in the Red Sea",
        "region": "Asia (continent)",
        "part of": "Erythraeum Mare",
        "location": "Erythraeum Mare",
        "type": [
          "island"
        ],
        "passages": [
          "6.26.9"
        ]
      }
    },
    {
      "type": "Feature",
      "geometry": {
        "type": "Point",
        "coordinates": [
          21.374,
          37.89
        ]
      },
      "properties": {
        "name": "City walls of Elis",
        "region": "Eleia Bk5 Bk6",
        "part of": "Elis polis",
        "location": "Elis polis",
        "type": [
          "city walls"
        ],
        "passages": [
          "6.23.8"
        ]
      }
    },
    {
      "type": "Feature",
      "geometry": {
        "type": "Point",
        "coordinates": [
          21.631643,
          37.63909
        ]
      },
      "properties": {
        "name": "Megarian Treasury at Olympia",
        "region": "Eleia Bk5 Bk6",
        "part of": "Treasury terrace north of the Heraion, Olympia",
        "type": [
          "treasury"
        ],
        "passages": [
          "6.19.12"
        ]
      }
    },
    {
      "type": "Feature",
      "geometry": {
        "type": "Point",
        "coordinates": [
          22.7,
          38.6
        ]
      },
      "properties": {
        "name": "Phokis Bk10",
        "region": "",
        "part of": "Hellas (Europe)",
        "altname": "Phocis region",
        "Wikidata": "https://wikidata.org/wiki/Q2637650",
        "type": [
          "chora/region"
        ],
        "passages": [
          "1.20.6",
          "10.1.1",
          "10.1.2",
          "10.1.4",
          "10.17.13",
          "10.23.10",
          "10.30.4",
          "10.33.7",
          "10.34.2",
          "10.35.1",
          "10.35.8",
          "10.37.2",
          "10.38.1",
          "10.4.1",
          "10.4.2",
          "10.5.3",
          "10.8.2",
          "2.29.2",
          "2.29.3",
          "2.4.3",
          "3.5.3",
          "3.9.10",
          "4.31.5",
          "6.19.5",
          "7.14.7",
          "7.15.5",
          "7.18.9",
          "7.3.10",
          "7.7.9",
          "8.1.5",
          "8.4.4",
          "9.17.4",
          "9.36.3",
          "9.40.12"
        ],
        "Pleiades": "https://pleiades.stoa.org/places/541048",
        "ToposText": "https://topostext.org/place/386227RPho"
      }
    },
    {
      "type": "Feature",
      "geometry": {
        "type": "Point",
        "coordinates": [
          21.374,
          37.89
        ]
      },
      "properties": {
        "name": "Sanctuary of Athena on acropolis of Elis",
        "region": "Eleia Bk5 Bk6",
        "part of": "Acropolis of Elis",
        "location": "Acropolis of Elis",
        "Wikidata": "https://wikidata.org/wiki/Q107042178",
        "type": [
          "hieron"
        ],
        "passages": [
          "6.26.3"
        ],
        "ToposText": "https://topostext.org/place/378214SEAT"
      }
    },
    {
      "type": "Feature",
      "geometry": {
        "type": "Point",
        "coordinates": [
          21.6311,
          37.639
        ]
      },
      "properties": {
        "name": "Treasury terrace north of the Heraion, Olympia",
        "region": "Eleia Bk5 Bk6",
        "part of": "Olympia",
        "altname": "poros stone",
        "type": [
          "retaining wall"
        ],
        "passages": [
          "5.21.2",
          "6.19.1",
          "6.20.1"
        ]
      }
    },
    {
      "type": "Feature",
      "geometry": {
        "type": "Point",
        "coordinates": [
          21.6311,
          37.639
        ]
      },
      "properties": {
        "name": "Treasury terrace north of the Heraion, Olympia",
        "region": "Eleia Bk5 Bk6",
        "part of": "Olympia",
        "altname": "poros stone",
        "type": [
          "retaining wall"
        ],
        "passages": [
          "5.21.2",
          "6.19.1",
          "6.20.1"
        ]
      }
    },
    {
      "type": "Feature",
      "geometry": {
        "type": "Point",
        "coordinates": [
          25.543589999999995,
          29.205140000000004
        ]
      },
      "properties": {
        "name": "Ammon oracle in Egypt",
        "region": "Libya (Africa)",
        "part of": "Egypt (region)",
        "Wikidata": "https://wikidata.org/wiki/Q958997",
        "type": [
          "oracle manteion"
        ],
        "passages": [
          "3.18.3",
          "5.15.11",
          "6.8.3",
          "8.11.11"
        ],
        "Pleiades": "https://pleiades.stoa.org/places/716520",
        "ToposText": "https://topostext.org/place/292255SAmm"
      }
    },
    {
      "type": "Feature",
      "geometry": {
        "type": "Point",
        "coordinates": [
          21.788,
          37.601
        ]
      },
      "properties": {
        "name": "Sanctuary of Heracles by tomb of Sauros, ruined",
        "region": "Eleia Bk5 Bk6",
        "part of": "Ridge of Sauros by the Erymanthos river",
        "location": "Ridge of Sauros by the Erymanthos river",
        "altname": "ruined in P's time",
        "Wikidata": "https://wikidata.org/wiki/Q107031184",
        "type": [
          "hieron"
        ],
        "passages": [
          "6.21.3"
        ]
      }
    },
    {
      "type": "Feature",
      "geometry": {
        "type": "Point",
        "coordinates": [
          18.3062,
          40.388
        ]
      },
      "properties": {
        "name": "harbor built by Hadrian",
        "region": "Italia (Europe)",
        "part of": "Italia (Europe)",
        "altname": "San Cataldo?",
        "Wikidata": "https://wikidata.org/wiki/Q2577829",
        "type": [
          "harbor limen"
        ],
        "passages": [
          "6.19.9"
        ],
        "Pleiades": "https://pleiades.stoa.org/places/442607"
      }
    },
    {
      "type": "Feature",
      "geometry": {
        "type": "Point",
        "coordinates": [
          16.824063,
          40.383868
        ]
      },
      "properties": {
        "name": "Metapontum",
        "region": "Italia (Europe)",
        "part of": "Italia (Europe)",
        "Wikidata": "https://wikidata.org/wiki/Q1058770",
        "type": [
          "polis"
        ],
        "passages": [
          "6.19.11"
        ],
        "Pleiades": "https://pleiades.stoa.org/places/442658"
      }
    },
    {
      "type": "Feature",
      "geometry": {
        "type": "Point",
        "coordinates": [
          -6.947,
          37.258
        ]
      },
      "properties": {
        "name": "Carpia city of the Iberians",
        "region": "Europe",
        "part of": "Iberi (Spain)",
        "type": [
          "polis"
        ],
        "passages": [
          "6.19.3"
        ]
      }
    },
    {
      "type": "Feature",
      "geometry": {
        "type": "Point",
        "coordinates": [
          21.7,
          37.5
        ]
      },
      "properties": {
        "name": "Triphylia",
        "region": "Eleia Bk5 Bk6",
        "part of": "Eleia Bk5 Bk6",
        "Wikidata": "https://wikidata.org/wiki/Q472032",
        "type": [
          "chora/region"
        ],
        "passages": [
          "5.16.1",
          "5.23.2",
          "5.5.3",
          "5.6.4",
          "6.15.1",
          "6.22.4",
          "6.25.6"
        ],
        "Pleiades": "https://pleiades.stoa.org/places/570754"
      }
    },
    {
      "type": "Feature",
      "geometry": {
        "type": "Point",
        "coordinates": [
          21.7,
          37.5
        ]
      },
      "properties": {
        "name": "Triphylia",
        "region": "Eleia Bk5 Bk6",
        "part of": "Eleia Bk5 Bk6",
        "Wikidata": "https://wikidata.org/wiki/Q472032",
        "type": [
          "chora/region"
        ],
        "passages": [
          "5.16.1",
          "5.23.2",
          "5.5.3",
          "5.6.4",
          "6.15.1",
          "6.22.4",
          "6.25.6"
        ],
        "Pleiades": "https://pleiades.stoa.org/places/570754"
      }
    },
    {
      "type": "Feature",
      "geometry": {
        "type": "Point",
        "coordinates": [
          21.7,
          37.5
        ]
      },
      "properties": {
        "name": "Triphylia",
        "region": "Eleia Bk5 Bk6",
        "part of": "Eleia Bk5 Bk6",
        "Wikidata": "https://wikidata.org/wiki/Q472032",
        "type": [
          "chora/region"
        ],
        "passages": [
          "5.16.1",
          "5.23.2",
          "5.5.3",
          "5.6.4",
          "6.15.1",
          "6.22.4",
          "6.25.6"
        ],
        "Pleiades": "https://pleiades.stoa.org/places/570754"
      }
    },
    {
      "type": "Feature",
      "geometry": {
        "type": "Point",
        "coordinates": [
          26.355280000000004,
          36.54413
        ]
      },
      "properties": {
        "name": "Astypalaia Ins., Astypalaia",
        "region": "Aegean Sea (Hellas)",
        "part of": "Aegean Sea (Hellas)",
        "Wikidata": "https://wikidata.org/wiki/Q216768",
        "type": [
          "island"
        ],
        "passages": [
          "6.9.6"
        ],
        "Pleiades": "https://pleiades.stoa.org/places/599535",
        "URL": "https://imperium.ahlfeldt.se/places/45911"
      }
    },
    {
      "type": "Feature",
      "geometry": {
        "type": "Point",
        "coordinates": [
          22.5,
          37.5
        ]
      },
      "properties": {
        "name": "Hellas (Europe)",
        "region": "Europe",
        "part of": "Europe",
        "Wikidata": "https://wikidata.org/wiki/Q11772",
        "type": [
          "major region"
        ],
        "passages": [
          "1.1.1",
          "1.12.1",
          "1.27.9",
          "1.29.5",
          "1.3.5",
          "1.4.1",
          "1.4.2",
          "1.41.8",
          "1.5.5",
          "10.14.6",
          "10.17.3",
          "10.19.12",
          "10.19.5",
          "10.19.7",
          "10.19.8",
          "10.20.9",
          "10.23.12",
          "10.23.14",
          "10.23.8",
          "10.24.3",
          "10.25.1",
          "10.34.5",
          "10.5.3",
          "10.9.2",
          "2.1.8",
          "2.29.7",
          "2.29.8",
          "2.33.5",
          "2.4.5",
          "3.11.3",
          "3.12.7",
          "3.17.8",
          "3.20.6",
          "3.3.3",
          "3.4.7",
          "3.4.8",
          "3.7.11",
          "3.9.4",
          "3.9.8",
          "4.2.3",
          "4.28.4",
          "4.31.1",
          "5.10.1",
          "5.14.2",
          "5.15.2",
          "5.17.9",
          "5.20.10",
          "5.23.7",
          "5.24.2",
          "5.25.12",
          "5.4.6",
          "5.4.7",
          "5.4.9",
          "5.5.2",
          "5.7.7",
          "6.11.3",
          "6.18.5",
          "7.10.1",
          "7.10.2",
          "7.10.3",
          "7.10.4",
          "7.10.5",
          "7.10.7",
          "7.11.1",
          "7.11.2",
          "7.14.1",
          "7.15.1",
          "7.15.3",
          "7.16.10",
          "7.16.9",
          "7.17.1",
          "7.17.2",
          "7.17.3",
          "7.2.2",
          "7.20.6",
          "7.24.2",
          "7.26.11",
          "7.3.1",
          "7.5.13",
          "7.6.3",
          "7.6.9",
          "7.7.6",
          "7.8.1",
          "7.8.2",
          "7.8.7",
          "7.9.5",
          "8.14.5",
          "8.20.1",
          "8.3.5",
          "8.32.1",
          "8.37.2",
          "8.42.7",
          "8.43.4",
          "8.45.5",
          "8.46.3",
          "8.50.3",
          "8.50.4",
          "8.51.1",
          "8.51.4",
          "8.52.1",
          "8.52.2",
          "8.52.3",
          "8.52.4",
          "8.52.5",
          "8.52.6",
          "9.1.2",
          "9.17.6",
          "9.23.3",
          "9.28.1",
          "9.29.8",
          "9.38.2",
          "9.38.4",
          "9.6.2"
        ],
        "Pleiades": "https://pleiades.stoa.org/places/1001896"
      }
    },
    {
      "type": "Feature",
      "geometry": {
        "type": "Point",
        "coordinates": [
          22.5,
          37.5
        ]
      },
      "properties": {
        "name": "Hellas (Europe)",
        "region": "Europe",
        "part of": "Europe",
        "Wikidata": "https://wikidata.org/wiki/Q11772",
        "type": [
          "major region"
        ],
        "passages": [
          "1.1.1",
          "1.12.1",
          "1.27.9",
          "1.29.5",
          "1.3.5",
          "1.4.1",
          "1.4.2",
          "1.41.8",
          "1.5.5",
          "10.14.6",
          "10.17.3",
          "10.19.12",
          "10.19.5",
          "10.19.7",
          "10.19.8",
          "10.20.9",
          "10.23.12",
          "10.23.14",
          "10.23.8",
          "10.24.3",
          "10.25.1",
          "10.34.5",
          "10.5.3",
          "10.9.2",
          "2.1.8",
          "2.29.7",
          "2.29.8",
          "2.33.5",
          "2.4.5",
          "3.11.3",
          "3.12.7",
          "3.17.8",
          "3.20.6",
          "3.3.3",
          "3.4.7",
          "3.4.8",
          "3.7.11",
          "3.9.4",
          "3.9.8",
          "4.2.3",
          "4.28.4",
          "4.31.1",
          "5.10.1",
          "5.14.2",
          "5.15.2",
          "5.17.9",
          "5.20.10",
          "5.23.7",
          "5.24.2",
          "5.25.12",
          "5.4.6",
          "5.4.7",
          "5.4.9",
          "5.5.2",
          "5.7.7",
          "6.11.3",
          "6.18.5",
          "7.10.1",
          "7.10.2",
          "7.10.3",
          "7.10.4",
          "7.10.5",
          "7.10.7",
          "7.11.1",
          "7.11.2",
          "7.14.1",
          "7.15.1",
          "7.15.3",
          "7.16.10",
          "7.16.9",
          "7.17.1",
          "7.17.2",
          "7.17.3",
          "7.2.2",
          "7.20.6",
          "7.24.2",
          "7.26.11",
          "7.3.1",
          "7.5.13",
          "7.6.3",
          "7.6.9",
          "7.7.6",
          "7.8.1",
          "7.8.2",
          "7.8.7",
          "7.9.5",
          "8.14.5",
          "8.20.1",
          "8.3.5",
          "8.32.1",
          "8.37.2",
          "8.42.7",
          "8.43.4",
          "8.45.5",
          "8.46.3",
          "8.50.3",
          "8.50.4",
          "8.51.1",
          "8.51.4",
          "8.52.1",
          "8.52.2",
          "8.52.3",
          "8.52.4",
          "8.52.5",
          "8.52.6",
          "9.1.2",
          "9.17.6",
          "9.23.3",
          "9.28.1",
          "9.29.8",
          "9.38.2",
          "9.38.4",
          "9.6.2"
        ],
        "Pleiades": "https://pleiades.stoa.org/places/1001896"
      }
    },
    {
      "type": "Feature",
      "geometry": {
        "type": "Point",
        "coordinates": [
          21.62845,
          37.63929
        ]
      },
      "properties": {
        "name": "Stoa of the gymnasium at Olympia facing sunrise",
        "region": "Eleia Bk5 Bk6",
        "part of": "Gymnasium (Olympia)",
        "location": "Gymnasium (Olympia)",
        "type": [
          "stoa"
        ],
        "passages": [
          "6.21.2"
        ]
      }
    },
    {
      "type": "Feature",
      "geometry": {
        "type": "Point",
        "coordinates": [
          21.653,
          37.6395
        ]
      },
      "properties": {
        "name": "Small building at Pisa housing bones of Pelops",
        "region": "Eleia Bk5 Bk6",
        "part of": "Pisa (Eleia)",
        "location": "Pisa (Eleia)",
        "type": [
          "building"
        ],
        "passages": [
          "6.22.1"
        ]
      }
    },
    {
      "type": "Feature",
      "geometry": {
        "type": "Point",
        "coordinates": [
          22.5403,
          39.38533
        ]
      },
      "properties": {
        "name": "Skotoussa (Thessaly)",
        "region": "Hellas (Europe)",
        "part of": "Thessalia",
        "Wikidata": "https://wikidata.org/wiki/Q8777773",
        "type": [
          "polis"
        ],
        "passages": [
          "6.5.2",
          "7.27.6"
        ],
        "Pleiades": "https://pleiades.stoa.org/places/541107"
      }
    },
    {
      "type": "Feature",
      "geometry": {
        "type": "Point",
        "coordinates": [
          21.6311,
          37.639
        ]
      },
      "properties": {
        "name": "Treasury of the Syracusans/Carthaginians at Olympia, next after Sicyonian Treasury",
        "region": "Eleia Bk5 Bk6",
        "part of": "Treasury terrace north of the Heraion, Olympia",
        "location": "Treasury terrace north of the Heraion, Olympia",
        "Wikidata": "https://wikidata.org/wiki/Q106953399",
        "type": [
          "treasury"
        ],
        "passages": [
          "6.19.7"
        ]
      }
    },
    {
      "type": "Feature",
      "geometry": {
        "type": "Point",
        "coordinates": [
          22.842,
          37.65
        ]
      },
      "properties": {
        "name": "Midea",
        "region": "Argolid Bk2",
        "part of": "Argolid Bk2",
        "Wikidata": "https://wikidata.org/wiki/Q502897",
        "type": [
          "settlement"
        ],
        "passages": [
          "2.16.2",
          "2.25.9",
          "6.20.7",
          "8.27.1"
        ],
        "Pleiades": "https://pleiades.stoa.org/places/570485"
      }
    },
    {
      "type": "Feature",
      "geometry": {
        "type": "Point",
        "coordinates": [
          18.490953,
          40.145948
        ]
      },
      "properties": {
        "name": "Hydruntum/Hydrous",
        "region": "Italia (Europe)",
        "part of": "Italia (Europe)",
        "Wikidata": "https://wikidata.org/wiki/Q52174",
        "type": [
          "settlement"
        ],
        "passages": [
          "6.19.9"
        ],
        "Pleiades": "https://pleiades.stoa.org/places/442615"
      }
    },
    {
      "type": "Feature",
      "geometry": {
        "type": "Point",
        "coordinates": [
          16.1315,
          39.03644
        ]
      },
      "properties": {
        "name": "Lyka spring near Temesa",
        "region": "Italia (Europe)",
        "part of": "Temesa/Tempsa",
        "location": "Temesa/Tempsa",
        "type": [
          "spring pege"
        ],
        "passages": [
          "6.6.11"
        ],
        "Pleiades": "https://pleiades.stoa.org/places/456089"
      }
    },
    {
      "type": "Feature",
      "geometry": {
        "type": "Point",
        "coordinates": [
          21.374,
          37.89
        ]
      },
      "properties": {
        "name": "Lalichmion Bouleuterion at Elis, in Maltho gymnasium",
        "region": "Eleia Bk5 Bk6",
        "part of": "Maltho gymnasium at Elis",
        "location": "Maltho gymnasium at Elis",
        "type": [
          "bouleuterion"
        ],
        "passages": [
          "6.23.7"
        ]
      }
    },
    {
      "type": "Feature",
      "geometry": {
        "type": "Point",
        "coordinates": [
          24.717535,
          40.78201
        ]
      },
      "properties": {
        "name": "Thasos island",
        "region": "Aegean Sea (Hellas)",
        "part of": "Aegean Sea (Hellas)",
        "Wikidata": "https://wikidata.org/wiki/Q204096",
        "type": [
          "island"
        ],
        "passages": [
          "10.28.3",
          "6.11.7"
        ],
        "Pleiades": "https://pleiades.stoa.org/places/501635",
        "URL": "https://imperium.ahlfeldt.se/places/41114"
      }
    },
    {
      "type": "Feature",
      "geometry": {
        "type": "Point",
        "coordinates": [
          21.374,
          37.89
        ]
      },
      "properties": {
        "name": "Sanctuary of Artemis Philomeirax at Elis",
        "region": "Eleia Bk5 Bk6",
        "part of": "Elis polis",
        "location": "Elis polis",
        "Wikidata": "https://wikidata.org/wiki/Q107031199",
        "type": [
          "hieron"
        ],
        "passages": [
          "6.23.8"
        ]
      }
    },
    {
      "type": "Feature",
      "geometry": {
        "type": "Point",
        "coordinates": [
          23.726464,
          37.971687
        ]
      },
      "properties": {
        "name": "Athenai Bk1",
        "region": "Attica Bk1",
        "part of": "Attica Bk1",
        "altname": "Athens Athenae polis: major city of ancient Greece",
        "Wikidata": "https://wikidata.org/wiki/Q844930",
        "type": [
          "polis"
        ],
        "passages": [
          "1.1.2",
          "1.1.5",
          "1.14.1",
          "1.14.5",
          "1.14.7",
          "1.15.2",
          "1.17.6",
          "1.18.4",
          "1.18.8",
          "1.19.1",
          "1.2.1",
          "1.2.4",
          "1.2.5",
          "1.20.4",
          "1.20.5",
          "1.20.6",
          "1.20.7",
          "1.22.3",
          "1.23.9",
          "1.25.5",
          "1.25.8",
          "1.26.2",
          "1.26.3",
          "1.26.6",
          "1.27.10",
          "1.27.2",
          "1.27.3",
          "1.27.5",
          "1.27.6",
          "1.27.8",
          "1.28.4",
          "1.28.8",
          "1.29.12",
          "1.29.2",
          "1.3.2",
          "1.30.1",
          "1.30.2",
          "1.32.3",
          "1.32.6",
          "1.33.1",
          "1.33.2",
          "1.34.3",
          "1.35.3",
          "1.36.3",
          "1.37.5",
          "1.37.6",
          "1.37.7",
          "1.39.4",
          "1.40.5",
          "1.41.4",
          "1.41.9",
          "1.8.5",
          "10.10.1",
          "10.18.7",
          "10.2.3",
          "10.21.6",
          "10.23.14",
          "10.3.1",
          "10.34.8",
          "10.35.8",
          "10.37.6",
          "10.4.3",
          "10.4.9",
          "10.8.5",
          "2.1.4",
          "2.14.4",
          "2.18.9",
          "2.26.2",
          "2.27.2",
          "2.3.8",
          "2.31.7",
          "2.33.4",
          "2.33.5",
          "2.6.5",
          "3.12.7",
          "3.3.7",
          "3.4.2",
          "3.5.2",
          "3.6.4",
          "3.6.5",
          "3.8.6",
          "3.9.6",
          "4.13.7",
          "4.15.1",
          "4.17.5",
          "4.2.6",
          "4.26.8",
          "4.5.10",
          "4.5.2",
          "5.10.4",
          "5.11.6",
          "5.12.4",
          "5.19.3",
          "5.21.1",
          "5.26.6",
          "5.6.5",
          "6.17.9",
          "6.20.14",
          "6.22.7",
          "7.1.2",
          "7.1.3",
          "7.10.4",
          "7.11.6",
          "7.2.2",
          "7.2.7",
          "7.20.6",
          "7.24.5",
          "7.25.2",
          "7.25.4",
          "7.7.8",
          "7.9.6",
          "8.11.6",
          "8.23.3",
          "8.37.3",
          "8.8.6",
          "9.1.4",
          "9.14.7",
          "9.15.4",
          "9.15.5",
          "9.26.6",
          "9.3.2",
          "9.30.1",
          "9.32.5",
          "9.35.3",
          "9.39.1",
          "9.6.2",
          "9.7.1"
        ],
        "Pleiades": "https://pleiades.stoa.org/places/579885"
      }
    },
    {
      "type": "Feature",
      "geometry": {
        "type": "Point",
        "coordinates": [
          23.726464,
          37.971687
        ]
      },
      "properties": {
        "name": "Athenai Bk1",
        "region": "Attica Bk1",
        "part of": "Attica Bk1",
        "altname": "Athens Athenae polis: major city of ancient Greece",
        "Wikidata": "https://wikidata.org/wiki/Q844930",
        "type": [
          "polis"
        ],
        "passages": [
          "1.1.2",
          "1.1.5",
          "1.14.1",
          "1.14.5",
          "1.14.7",
          "1.15.2",
          "1.17.6",
          "1.18.4",
          "1.18.8",
          "1.19.1",
          "1.2.1",
          "1.2.4",
          "1.2.5",
          "1.20.4",
          "1.20.5",
          "1.20.6",
          "1.20.7",
          "1.22.3",
          "1.23.9",
          "1.25.5",
          "1.25.8",
          "1.26.2",
          "1.26.3",
          "1.26.6",
          "1.27.10",
          "1.27.2",
          "1.27.3",
          "1.27.5",
          "1.27.6",
          "1.27.8",
          "1.28.4",
          "1.28.8",
          "1.29.12",
          "1.29.2",
          "1.3.2",
          "1.30.1",
          "1.30.2",
          "1.32.3",
          "1.32.6",
          "1.33.1",
          "1.33.2",
          "1.34.3",
          "1.35.3",
          "1.36.3",
          "1.37.5",
          "1.37.6",
          "1.37.7",
          "1.39.4",
          "1.40.5",
          "1.41.4",
          "1.41.9",
          "1.8.5",
          "10.10.1",
          "10.18.7",
          "10.2.3",
          "10.21.6",
          "10.23.14",
          "10.3.1",
          "10.34.8",
          "10.35.8",
          "10.37.6",
          "10.4.3",
          "10.4.9",
          "10.8.5",
          "2.1.4",
          "2.14.4",
          "2.18.9",
          "2.26.2",
          "2.27.2",
          "2.3.8",
          "2.31.7",
          "2.33.4",
          "2.33.5",
          "2.6.5",
          "3.12.7",
          "3.3.7",
          "3.4.2",
          "3.5.2",
          "3.6.4",
          "3.6.5",
          "3.8.6",
          "3.9.6",
          "4.13.7",
          "4.15.1",
          "4.17.5",
          "4.2.6",
          "4.26.8",
          "4.5.10",
          "4.5.2",
          "5.10.4",
          "5.11.6",
          "5.12.4",
          "5.19.3",
          "5.21.1",
          "5.26.6",
          "5.6.5",
          "6.17.9",
          "6.20.14",
          "6.22.7",
          "7.1.2",
          "7.1.3",
          "7.10.4",
          "7.11.6",
          "7.2.2",
          "7.2.7",
          "7.20.6",
          "7.24.5",
          "7.25.2",
          "7.25.4",
          "7.7.8",
          "7.9.6",
          "8.11.6",
          "8.23.3",
          "8.37.3",
          "8.8.6",
          "9.1.4",
          "9.14.7",
          "9.15.4",
          "9.15.5",
          "9.26.6",
          "9.3.2",
          "9.30.1",
          "9.32.5",
          "9.35.3",
          "9.39.1",
          "9.6.2",
          "9.7.1"
        ],
        "Pleiades": "https://pleiades.stoa.org/places/579885"
      }
    },
    {
      "type": "Feature",
      "geometry": {
        "type": "Point",
        "coordinates": [
          23.726464,
          37.971687
        ]
      },
      "properties": {
        "name": "Athenai Bk1",
        "region": "Attica Bk1",
        "part of": "Attica Bk1",
        "altname": "Athens Athenae polis: major city of ancient Greece",
        "Wikidata": "https://wikidata.org/wiki/Q844930",
        "type": [
          "polis"
        ],
        "passages": [
          "1.1.2",
          "1.1.5",
          "1.14.1",
          "1.14.5",
          "1.14.7",
          "1.15.2",
          "1.17.6",
          "1.18.4",
          "1.18.8",
          "1.19.1",
          "1.2.1",
          "1.2.4",
          "1.2.5",
          "1.20.4",
          "1.20.5",
          "1.20.6",
          "1.20.7",
          "1.22.3",
          "1.23.9",
          "1.25.5",
          "1.25.8",
          "1.26.2",
          "1.26.3",
          "1.26.6",
          "1.27.10",
          "1.27.2",
          "1.27.3",
          "1.27.5",
          "1.27.6",
          "1.27.8",
          "1.28.4",
          "1.28.8",
          "1.29.12",
          "1.29.2",
          "1.3.2",
          "1.30.1",
          "1.30.2",
          "1.32.3",
          "1.32.6",
          "1.33.1",
          "1.33.2",
          "1.34.3",
          "1.35.3",
          "1.36.3",
          "1.37.5",
          "1.37.6",
          "1.37.7",
          "1.39.4",
          "1.40.5",
          "1.41.4",
          "1.41.9",
          "1.8.5",
          "10.10.1",
          "10.18.7",
          "10.2.3",
          "10.21.6",
          "10.23.14",
          "10.3.1",
          "10.34.8",
          "10.35.8",
          "10.37.6",
          "10.4.3",
          "10.4.9",
          "10.8.5",
          "2.1.4",
          "2.14.4",
          "2.18.9",
          "2.26.2",
          "2.27.2",
          "2.3.8",
          "2.31.7",
          "2.33.4",
          "2.33.5",
          "2.6.5",
          "3.12.7",
          "3.3.7",
          "3.4.2",
          "3.5.2",
          "3.6.4",
          "3.6.5",
          "3.8.6",
          "3.9.6",
          "4.13.7",
          "4.15.1",
          "4.17.5",
          "4.2.6",
          "4.26.8",
          "4.5.10",
          "4.5.2",
          "5.10.4",
          "5.11.6",
          "5.12.4",
          "5.19.3",
          "5.21.1",
          "5.26.6",
          "5.6.5",
          "6.17.9",
          "6.20.14",
          "6.22.7",
          "7.1.2",
          "7.1.3",
          "7.10.4",
          "7.11.6",
          "7.2.2",
          "7.2.7",
          "7.20.6",
          "7.24.5",
          "7.25.2",
          "7.25.4",
          "7.7.8",
          "7.9.6",
          "8.11.6",
          "8.23.3",
          "8.37.3",
          "8.8.6",
          "9.1.4",
          "9.14.7",
          "9.15.4",
          "9.15.5",
          "9.26.6",
          "9.3.2",
          "9.30.1",
          "9.32.5",
          "9.35.3",
          "9.39.1",
          "9.6.2",
          "9.7.1"
        ],
        "Pleiades": "https://pleiades.stoa.org/places/579885"
      }
    },
    {
      "type": "Feature",
      "geometry": {
        "type": "Point",
        "coordinates": [
          21.665725,
          36.930136
        ]
      },
      "properties": {
        "name": "Sphakteria (island)",
        "region": "Messenia Bk4",
        "part of": "Messenia Bk4",
        "Wikidata": "https://wikidata.org/wiki/Q1303524",
        "type": [
          "island"
        ],
        "passages": [
          "1.13.5",
          "1.15.4",
          "3.5.5",
          "4.26.1",
          "4.26.2",
          "4.36.6",
          "6.22.6"
        ],
        "Pleiades": "https://pleiades.stoa.org/places/570686"
      }
    },
    {
      "type": "Feature",
      "geometry": {
        "type": "Point",
        "coordinates": [
          21.374,
          37.89
        ]
      },
      "properties": {
        "name": "Temple of Aphrodite behind Korkyraike Stoa at Elis",
        "region": "Eleia Bk5 Bk6",
        "part of": "Elis polis",
        "location": "Elis polis",
        "Wikidata": "https://wikidata.org/wiki/Q107031202",
        "type": [
          "temple"
        ],
        "passages": [
          "6.25.1"
        ]
      }
    },
    {
      "type": "Feature",
      "geometry": {
        "type": "Point",
        "coordinates": [
          22.5,
          42.5
        ]
      },
      "properties": {
        "name": "Macedonia (Europe)",
        "region": "Europe",
        "part of": "Hellas (Europe)",
        "Wikidata": "https://wikidata.org/wiki/Q81734",
        "type": [
          "major region"
        ],
        "passages": [
          "10.20.5",
          "10.33.3",
          "10.8.4",
          "3.6.8",
          "5.5.1",
          "5.8.11",
          "6.4.10",
          "6.5.5",
          "7.10.7",
          "7.13.1",
          "7.15.11",
          "7.15.2",
          "7.16.1",
          "7.17.2",
          "7.25.6",
          "7.7.7",
          "7.8.3",
          "7.8.8",
          "8.49.5",
          "8.49.6",
          "8.8.11",
          "8.8.12",
          "9.40.8",
          "9.40.9"
        ],
        "Pleiades": "https://pleiades.stoa.org/places/491656",
        "ToposText": "https://topostext.org/place/408225RMak"
      }
    },
    {
      "type": "Feature",
      "geometry": {
        "type": "Point",
        "coordinates": [
          22.5,
          42.5
        ]
      },
      "properties": {
        "name": "Macedonia (Europe)",
        "region": "Europe",
        "part of": "Hellas (Europe)",
        "Wikidata": "https://wikidata.org/wiki/Q81734",
        "type": [
          "major region"
        ],
        "passages": [
          "10.20.5",
          "10.33.3",
          "10.8.4",
          "3.6.8",
          "5.5.1",
          "5.8.11",
          "6.4.10",
          "6.5.5",
          "7.10.7",
          "7.13.1",
          "7.15.11",
          "7.15.2",
          "7.16.1",
          "7.17.2",
          "7.25.6",
          "7.7.7",
          "7.8.3",
          "7.8.8",
          "8.49.5",
          "8.49.6",
          "8.8.11",
          "8.8.12",
          "9.40.8",
          "9.40.9"
        ],
        "Pleiades": "https://pleiades.stoa.org/places/491656",
        "ToposText": "https://topostext.org/place/408225RMak"
      }
    },
    {
      "type": "Feature",
      "geometry": {
        "type": "Point",
        "coordinates": [
          26.61011,
          40.35074
        ]
      },
      "properties": {
        "name": "Aigospotamos",
        "region": "Thrace (Europe)",
        "part of": "Chersonesus (Thrace)",
        "Wikidata": "https://wikidata.org/wiki/Q404513",
        "type": [
          "battlefield",
          "river"
        ],
        "passages": [
          "10.38.10",
          "10.9.11",
          "10.9.9",
          "3.11.5",
          "3.17.4",
          "3.18.8",
          "3.8.6",
          "4.17.3",
          "4.26.2",
          "6.3.15",
          "9.32.7",
          "9.32.9"
        ],
        "Pleiades": "https://pleiades.stoa.org/places/501336"
      }
    },
    {
      "type": "Feature",
      "geometry": {
        "type": "Point",
        "coordinates": [
          21.377,
          38.212
        ]
      },
      "properties": {
        "name": "Araxos cape (Achaia)",
        "region": "Achaia Bk7",
        "part of": "Achaia Bk7",
        "Wikidata": "https://wikidata.org/wiki/Q15056188",
        "type": [
          "cape"
        ],
        "passages": [
          "6.26.10"
        ],
        "Pleiades": "https://pleiades.stoa.org/places/570101",
        "ToposText": "https://topostext.org/place/382214LAra"
      }
    },
    {
      "type": "Feature",
      "geometry": {
        "type": "Point",
        "coordinates": [
          21.374,
          37.89
        ]
      },
      "properties": {
        "name": "Sanctuary of Tyche in Elis",
        "region": "Eleia Bk5 Bk6",
        "part of": "Elis polis",
        "location": "Elis polis",
        "Wikidata": "https://wikidata.org/wiki/Q107031207",
        "type": [
          "hieron"
        ],
        "passages": [
          "6.25.4"
        ],
        "ToposText": "https://topostext.org/place/379214STty"
      }
    },
    {
      "type": "Feature",
      "geometry": {
        "type": "Point",
        "coordinates": [
          21.63291462,
          37.6391184
        ]
      },
      "properties": {
        "name": "Seats for dignitaries at stadium of Olympia",
        "region": "Eleia Bk5 Bk6",
        "part of": "Olympia Stadium",
        "location": "Olympia Stadium",
        "type": [
          "thronos"
        ],
        "passages": [
          "6.20.8"
        ]
      }
    },
    {
      "type": "Feature",
      "geometry": {
        "type": "Point",
        "coordinates": [
          21.3746,
          37.8917
        ]
      },
      "properties": {
        "name": "Part of Korkuraike stoa facing agora of Elis",
        "region": "Eleia Bk5 Bk6",
        "part of": "Korkyraike stoa at Agora of Elis",
        "location": "Korkyraike stoa at Agora of Elis",
        "type": [
          "stoa"
        ],
        "passages": [
          "6.24.5"
        ]
      }
    },
    {
      "type": "Feature",
      "geometry": {
        "type": "Point",
        "coordinates": [
          21.63076,
          37.64235
        ]
      },
      "properties": {
        "name": "Forepart of Temple of Eileithyia at Olympia",
        "region": "Eleia Bk5 Bk6",
        "part of": "Eileithyia temple at Olympia",
        "location": "Eileithyia temple at Olympia",
        "type": [
          "temple"
        ],
        "passages": [
          "6.20.3"
        ]
      }
    },
    {
      "type": "Feature",
      "geometry": {
        "type": "Point",
        "coordinates": [
          25.163105999999996,
          35.297847
        ]
      },
      "properties": {
        "name": "Knosos/Col. Iulia Nobilis Cnosos",
        "region": "Crete",
        "part of": "Crete",
        "Wikidata": "https://wikidata.org/wiki/Q173527",
        "type": [
          "polis"
        ],
        "passages": [
          "1.18.5",
          "1.27.10",
          "3.2.4",
          "5.10.9",
          "6.4.11",
          "8.53.8"
        ],
        "Pleiades": "https://pleiades.stoa.org/places/589872"
      }
    },
    {
      "type": "Feature",
      "geometry": {
        "type": "Point",
        "coordinates": [
          23.34285,
          37.997
        ]
      },
      "properties": {
        "name": "Megara (Megarid)",
        "region": "Megarid Bk1",
        "part of": "Megarid Bk1",
        "Wikidata": "https://wikidata.org/wiki/Q42307600",
        "type": [
          "polis"
        ],
        "passages": [
          "1.35.2",
          "1.36.3",
          "1.39.1",
          "1.39.4",
          "1.39.5",
          "1.39.6",
          "1.40.1",
          "1.41.2",
          "1.41.5",
          "1.41.6",
          "1.41.7",
          "1.43.3",
          "1.43.5",
          "1.44.2",
          "1.44.4",
          "1.44.6",
          "1.5.3",
          "1.5.4",
          "10.11.6",
          "2.34.7",
          "4.36.1",
          "5.23.5",
          "5.26.7",
          "6.7.2",
          "7.15.10",
          "9.2.3"
        ],
        "Pleiades": "https://pleiades.stoa.org/places/570468",
        "ToposText": "https://topostext.org/place/380233PMeg"
      }
    },
    {
      "type": "Feature",
      "geometry": {
        "type": "Point",
        "coordinates": [
          21.68221,
          37.64783
        ]
      },
      "properties": {
        "name": "Harpinates",
        "region": "Eleia Bk5 Bk6",
        "part of": "Eleia Bk5 Bk6",
        "Wikidata": "https://wikidata.org/wiki/Q16327010",
        "type": [
          "river"
        ],
        "passages": [
          "6.21.8"
        ],
        "Pleiades": "https://pleiades.stoa.org/places/573243"
      }
    },
    {
      "type": "Feature",
      "geometry": {
        "type": "Point",
        "coordinates": [
          21.6296,
          37.638
        ]
      },
      "properties": {
        "name": "Hippodamion at Olympia",
        "region": "Eleia Bk5 Bk6",
        "part of": "Altis sacred grove (Olympia)",
        "Wikidata": "https://wikidata.org/wiki/Q1619976",
        "type": [
          "hieron",
          "tomb mnema"
        ],
        "passages": [
          "5.22.2",
          "6.20.7"
        ],
        "Manto": "https://resource.manto.unh.edu/10217964",
        "ToposText": "https://topostext.org/place/376216SHpd"
      }
    },
    {
      "type": "Feature",
      "geometry": {
        "type": "Point",
        "coordinates": [
          21.234,
          37.809
        ]
      },
      "properties": {
        "name": "Peneios river of Eleia",
        "region": "Eleia Bk5 Bk6",
        "part of": "Eleia Bk5 Bk6",
        "Wikidata": "https://wikidata.org/wiki/Q1233866",
        "type": [
          "river"
        ],
        "passages": [
          "6.22.5"
        ],
        "Pleiades": "https://pleiades.stoa.org/places/570579"
      }
    },
    {
      "type": "Feature",
      "geometry": {
        "type": "Point",
        "coordinates": [
          16.25,
          39.25
        ]
      },
      "properties": {
        "name": "Sabutus (river)",
        "region": "Italia (Europe)",
        "part of": "Italia (Europe)",
        "Wikidata": "https://wikidata.org/wiki/Q605363",
        "type": [
          "river"
        ],
        "passages": [
          "6.6.11"
        ],
        "Pleiades": "https://pleiades.stoa.org/places/452424"
      }
    },
    {
      "type": "Feature",
      "geometry": {
        "type": "Point",
        "coordinates": [
          21.630126,
          37.637849
        ]
      },
      "properties": {
        "name": "hill west of the Kladeus at Olympia",
        "region": "Eleia Bk5 Bk6",
        "part of": "Olympia",
        "location": "Olympia",
        "type": [
          "hill"
        ],
        "passages": [
          "6.20.6"
        ]
      }
    },
    {
      "type": "Feature",
      "geometry": {
        "type": "Point",
        "coordinates": [
          21.4313,
          37.6729
        ]
      },
      "properties": {
        "name": "Letrinoi (Eleia)",
        "region": "Eleia Bk5 Bk6",
        "part of": "Eleia Bk5 Bk6",
        "Wikidata": "https://wikidata.org/wiki/Q12880141",
        "type": [
          "settlement"
        ],
        "passages": [
          "5.14.6",
          "6.22.10",
          "6.22.11",
          "6.22.8",
          "6.22.9"
        ],
        "Pleiades": "https://pleiades.stoa.org/places/570427",
        "ToposText": "https://topostext.org/place/377214PLet"
      }
    },
    {
      "type": "Feature",
      "geometry": {
        "type": "Point",
        "coordinates": [
          21.4313,
          37.6729
        ]
      },
      "properties": {
        "name": "Letrinoi (Eleia)",
        "region": "Eleia Bk5 Bk6",
        "part of": "Eleia Bk5 Bk6",
        "Wikidata": "https://wikidata.org/wiki/Q12880141",
        "type": [
          "settlement"
        ],
        "passages": [
          "5.14.6",
          "6.22.10",
          "6.22.11",
          "6.22.8",
          "6.22.9"
        ],
        "Pleiades": "https://pleiades.stoa.org/places/570427",
        "ToposText": "https://topostext.org/place/377214PLet"
      }
    },
    {
      "type": "Feature",
      "geometry": {
        "type": "Point",
        "coordinates": [
          21.4313,
          37.6729
        ]
      },
      "properties": {
        "name": "Letrinoi (Eleia)",
        "region": "Eleia Bk5 Bk6",
        "part of": "Eleia Bk5 Bk6",
        "Wikidata": "https://wikidata.org/wiki/Q12880141",
        "type": [
          "settlement"
        ],
        "passages": [
          "5.14.6",
          "6.22.10",
          "6.22.11",
          "6.22.8",
          "6.22.9"
        ],
        "Pleiades": "https://pleiades.stoa.org/places/570427",
        "ToposText": "https://topostext.org/place/377214PLet"
      }
    },
    {
      "type": "Feature",
      "geometry": {
        "type": "Point",
        "coordinates": [
          21.4313,
          37.6729
        ]
      },
      "properties": {
        "name": "Letrinoi (Eleia)",
        "region": "Eleia Bk5 Bk6",
        "part of": "Eleia Bk5 Bk6",
        "Wikidata": "https://wikidata.org/wiki/Q12880141",
        "type": [
          "settlement"
        ],
        "passages": [
          "5.14.6",
          "6.22.10",
          "6.22.11",
          "6.22.8",
          "6.22.9"
        ],
        "Pleiades": "https://pleiades.stoa.org/places/570427",
        "ToposText": "https://topostext.org/place/377214PLet"
      }
    },
    {
      "type": "Feature",
      "geometry": {
        "type": "Point",
        "coordinates": [
          22.31275269,
          37.25289778
        ]
      },
      "properties": {
        "name": "Peloponnesos",
        "region": "Hellas (Europe)",
        "part of": "Hellas (Europe)",
        "altname": "Peloponnese",
        "Wikidata": "https://wikidata.org/wiki/Q78967",
        "type": [
          "major region"
        ],
        "passages": [
          "1.13.4",
          "1.13.7",
          "1.25.4",
          "1.27.10",
          "1.27.5",
          "1.3.4",
          "1.41.2",
          "10.1.2",
          "10.18.2",
          "10.38.10",
          "2.1.1",
          "2.1.2",
          "2.1.5",
          "2.12.3",
          "2.13.1",
          "2.13.7",
          "2.18.7",
          "2.20.1",
          "2.21.5",
          "2.24.5",
          "2.26.1",
          "2.26.3",
          "2.26.4",
          "2.34.4",
          "2.34.8",
          "2.37.3",
          "2.5.3",
          "2.5.6",
          "2.5.7",
          "2.7.6",
          "2.8.6",
          "2.9.2",
          "3.1.6",
          "3.13.2",
          "3.2.6",
          "3.21.6",
          "3.22.6",
          "3.3.4",
          "3.7.6",
          "3.9.1",
          "4.14.6",
          "4.15.6",
          "4.24.7",
          "4.26.1",
          "4.26.3",
          "4.26.5",
          "4.27.11",
          "4.27.8",
          "4.27.9",
          "4.28.1",
          "4.29.13",
          "4.29.2",
          "4.29.4",
          "4.31.11",
          "4.34.10",
          "4.34.5",
          "4.34.9",
          "4.35.1",
          "5.1.1",
          "5.1.2",
          "5.1.7",
          "5.1.8",
          "5.3.5",
          "5.3.6",
          "5.6.3",
          "5.8.2",
          "6.2.10",
          "6.2.11",
          "6.7.6",
          "7.13.5",
          "7.15.6",
          "7.3.9",
          "7.7.6",
          "8.1.1",
          "8.1.2",
          "8.27.5",
          "8.30.5",
          "8.38.7",
          "8.45.3",
          "8.5.1",
          "8.5.6",
          "8.51.3",
          "8.54.7",
          "9.14.4",
          "9.15.4",
          "9.32.1",
          "9.9.2"
        ],
        "Pleiades": "https://pleiades.stoa.org/places/570577"
      }
    },
    {
      "type": "Feature",
      "geometry": {
        "type": "Point",
        "coordinates": [
          22.31275269,
          37.25289778
        ]
      },
      "properties": {
        "name": "Peloponnesos",
        "region": "Hellas (Europe)",
        "part of": "Hellas (Europe)",
        "altname": "Peloponnese",
        "Wikidata": "https://wikidata.org/wiki/Q78967",
        "type": [
          "major region"
        ],
        "passages": [
          "1.13.4",
          "1.13.7",
          "1.25.4",
          "1.27.10",
          "1.27.5",
          "1.3.4",
          "1.41.2",
          "10.1.2",
          "10.18.2",
          "10.38.10",
          "2.1.1",
          "2.1.2",
          "2.1.5",
          "2.12.3",
          "2.13.1",
          "2.13.7",
          "2.18.7",
          "2.20.1",
          "2.21.5",
          "2.24.5",
          "2.26.1",
          "2.26.3",
          "2.26.4",
          "2.34.4",
          "2.34.8",
          "2.37.3",
          "2.5.3",
          "2.5.6",
          "2.5.7",
          "2.7.6",
          "2.8.6",
          "2.9.2",
          "3.1.6",
          "3.13.2",
          "3.2.6",
          "3.21.6",
          "3.22.6",
          "3.3.4",
          "3.7.6",
          "3.9.1",
          "4.14.6",
          "4.15.6",
          "4.24.7",
          "4.26.1",
          "4.26.3",
          "4.26.5",
          "4.27.11",
          "4.27.8",
          "4.27.9",
          "4.28.1",
          "4.29.13",
          "4.29.2",
          "4.29.4",
          "4.31.11",
          "4.34.10",
          "4.34.5",
          "4.34.9",
          "4.35.1",
          "5.1.1",
          "5.1.2",
          "5.1.7",
          "5.1.8",
          "5.3.5",
          "5.3.6",
          "5.6.3",
          "5.8.2",
          "6.2.10",
          "6.2.11",
          "6.7.6",
          "7.13.5",
          "7.15.6",
          "7.3.9",
          "7.7.6",
          "8.1.1",
          "8.1.2",
          "8.27.5",
          "8.30.5",
          "8.38.7",
          "8.45.3",
          "8.5.1",
          "8.5.6",
          "8.51.3",
          "8.54.7",
          "9.14.4",
          "9.15.4",
          "9.32.1",
          "9.9.2"
        ],
        "Pleiades": "https://pleiades.stoa.org/places/570577"
      }
    },
    {
      "type": "Feature",
      "geometry": {
        "type": "Point",
        "coordinates": [
          22.31275269,
          37.25289778
        ]
      },
      "properties": {
        "name": "Peloponnesos",
        "region": "Hellas (Europe)",
        "part of": "Hellas (Europe)",
        "altname": "Peloponnese",
        "Wikidata": "https://wikidata.org/wiki/Q78967",
        "type": [
          "major region"
        ],
        "passages": [
          "1.13.4",
          "1.13.7",
          "1.25.4",
          "1.27.10",
          "1.27.5",
          "1.3.4",
          "1.41.2",
          "10.1.2",
          "10.18.2",
          "10.38.10",
          "2.1.1",
          "2.1.2",
          "2.1.5",
          "2.12.3",
          "2.13.1",
          "2.13.7",
          "2.18.7",
          "2.20.1",
          "2.21.5",
          "2.24.5",
          "2.26.1",
          "2.26.3",
          "2.26.4",
          "2.34.4",
          "2.34.8",
          "2.37.3",
          "2.5.3",
          "2.5.6",
          "2.5.7",
          "2.7.6",
          "2.8.6",
          "2.9.2",
          "3.1.6",
          "3.13.2",
          "3.2.6",
          "3.21.6",
          "3.22.6",
          "3.3.4",
          "3.7.6",
          "3.9.1",
          "4.14.6",
          "4.15.6",
          "4.24.7",
          "4.26.1",
          "4.26.3",
          "4.26.5",
          "4.27.11",
          "4.27.8",
          "4.27.9",
          "4.28.1",
          "4.29.13",
          "4.29.2",
          "4.29.4",
          "4.31.11",
          "4.34.10",
          "4.34.5",
          "4.34.9",
          "4.35.1",
          "5.1.1",
          "5.1.2",
          "5.1.7",
          "5.1.8",
          "5.3.5",
          "5.3.6",
          "5.6.3",
          "5.8.2",
          "6.2.10",
          "6.2.11",
          "6.7.6",
          "7.13.5",
          "7.15.6",
          "7.3.9",
          "7.7.6",
          "8.1.1",
          "8.1.2",
          "8.27.5",
          "8.30.5",
          "8.38.7",
          "8.45.3",
          "8.5.1",
          "8.5.6",
          "8.51.3",
          "8.54.7",
          "9.14.4",
          "9.15.4",
          "9.32.1",
          "9.9.2"
        ],
        "Pleiades": "https://pleiades.stoa.org/places/570577"
      }
    },
    {
      "type": "Feature",
      "geometry": {
        "type": "Point",
        "coordinates": [
          23.58944,
          38.46276
        ]
      },
      "properties": {
        "name": "Euripos",
        "region": "Euboea (island)",
        "part of": "Euboian Gulf",
        "Wikidata": "https://wikidata.org/wiki/Q1137741",
        "type": [
          "settlement"
        ],
        "passages": [
          "1.23.3",
          "1.38.1",
          "2.24.6",
          "5.23.2",
          "6.13.8",
          "7.7.6",
          "9.12.6",
          "9.19.6",
          "9.22.5",
          "9.31.3"
        ],
        "Pleiades": "https://pleiades.stoa.org/places/540783"
      }
    },
    {
      "type": "Feature",
      "geometry": {
        "type": "Point",
        "coordinates": [
          21.3746,
          37.8917
        ]
      },
      "properties": {
        "name": "improvised altars in open space of Agora of Elis",
        "region": "Eleia Bk5 Bk6",
        "part of": "Agora of Elis",
        "location": "Agora of Elis",
        "type": [
          "altar"
        ],
        "passages": [
          "6.24.3"
        ]
      }
    },
    {
      "type": "Feature",
      "geometry": {
        "type": "Point",
        "coordinates": [
          22.305,
          37.533
        ]
      },
      "properties": {
        "name": "Mainalos",
        "region": "Arcadia Bk8",
        "part of": "Arcadia Bk8",
        "altname": "unlocated, settlement near Mt. Mainalos/Mainalion",
        "Wikidata": "https://wikidata.org/wiki/Q11936450",
        "type": [
          "polis"
        ],
        "passages": [
          "5.27.1",
          "6.6.1",
          "6.6.3",
          "6.8.5",
          "8.27.3",
          "8.3.4",
          "8.36.5",
          "8.36.8",
          "8.9.3",
          "8.9.4"
        ],
        "Pleiades": "https://pleiades.stoa.org/places/570451"
      }
    },
    {
      "type": "Feature",
      "geometry": {
        "type": "Point",
        "coordinates": [
          22.305,
          37.533
        ]
      },
      "properties": {
        "name": "Mainalos",
        "region": "Arcadia Bk8",
        "part of": "Arcadia Bk8",
        "altname": "unlocated, settlement near Mt. Mainalos/Mainalion",
        "Wikidata": "https://wikidata.org/wiki/Q11936450",
        "type": [
          "polis"
        ],
        "passages": [
          "5.27.1",
          "6.6.1",
          "6.6.3",
          "6.8.5",
          "8.27.3",
          "8.3.4",
          "8.36.5",
          "8.36.8",
          "8.9.3",
          "8.9.4"
        ],
        "Pleiades": "https://pleiades.stoa.org/places/570451"
      }
    },
    {
      "type": "Feature",
      "geometry": {
        "type": "Point",
        "coordinates": [
          22.305,
          37.533
        ]
      },
      "properties": {
        "name": "Mainalos",
        "region": "Arcadia Bk8",
        "part of": "Arcadia Bk8",
        "altname": "unlocated, settlement near Mt. Mainalos/Mainalion",
        "Wikidata": "https://wikidata.org/wiki/Q11936450",
        "type": [
          "polis"
        ],
        "passages": [
          "5.27.1",
          "6.6.1",
          "6.6.3",
          "6.8.5",
          "8.27.3",
          "8.3.4",
          "8.36.5",
          "8.36.8",
          "8.9.3",
          "8.9.4"
        ],
        "Pleiades": "https://pleiades.stoa.org/places/570451"
      }
    },
    {
      "type": "Feature",
      "geometry": {
        "type": "Point",
        "coordinates": [
          27.52785,
          37.8507
        ]
      },
      "properties": {
        "name": "Magnesia ad Maeandrum/Leukophrys",
        "region": "Asia Minor (Asia)",
        "part of": "Ionia (region)",
        "Wikidata": "https://wikidata.org/wiki/Q1432674",
        "type": [
          "settlement"
        ],
        "passages": [
          "1.1.2",
          "5.21.10",
          "6.17.3"
        ],
        "Pleiades": "https://pleiades.stoa.org/places/599778"
      }
    },
    {
      "type": "Feature",
      "geometry": {
        "type": "Point",
        "coordinates": [
          21.705,
          37.6378
        ]
      },
      "properties": {
        "name": "Temple of Athena Kydonia at Phrixa",
        "region": "Eleia Bk5 Bk6",
        "part of": "Sanctuary of Athena Kydonia at Phrixa",
        "location": "Sanctuary of Athena Kydonia at Phrixa",
        "Wikidata": "https://wikidata.org/wiki/Q107031182",
        "type": [
          "temple"
        ],
        "passages": [
          "6.21.6"
        ]
      }
    },
    {
      "type": "Feature",
      "geometry": {
        "type": "Point",
        "coordinates": [
          14.300609999999999,
          37.42658
        ]
      },
      "properties": {
        "name": "Herbessos?",
        "region": "Sicilia (island)",
        "part of": "Sicilia (island)",
        "Wikidata": "https://wikidata.org/wiki/Q20108000",
        "type": [
          "settlement"
        ],
        "passages": [
          "6.12.4"
        ],
        "Pleiades": "https://pleiades.stoa.org/places/462239"
      }
    },
    {
      "type": "Feature",
      "geometry": {
        "type": "Point",
        "coordinates": [
          15.27149,
          37.82124
        ]
      },
      "properties": {
        "name": "Naxos (Sicily)",
        "region": "Sicilia (island)",
        "part of": "Sicilia (island)",
        "Wikidata": "https://wikidata.org/wiki/Q1233293",
        "type": [
          "polis"
        ],
        "passages": [
          "6.13.8"
        ],
        "Pleiades": "https://pleiades.stoa.org/places/462386"
      }
    },
    {
      "type": "Feature",
      "geometry": {
        "type": "Point",
        "coordinates": [
          21.707,
          37.649
        ]
      },
      "properties": {
        "name": "Parthenias (river)",
        "region": "Eleia Bk5 Bk6",
        "part of": "Eleia Bk5 Bk6",
        "Wikidata": "https://wikidata.org/wiki/Q15148064",
        "type": [
          "river"
        ],
        "passages": [
          "6.21.7"
        ],
        "Pleiades": "https://pleiades.stoa.org/places/570565"
      }
    },
    {
      "type": "Feature",
      "geometry": {
        "type": "Point",
        "coordinates": [
          21.630126,
          37.637849
        ]
      },
      "properties": {
        "name": "Treasury of the Geloans at Olympia",
        "region": "Eleia Bk5 Bk6",
        "part of": "Treasury terrace north of the Heraion, Olympia",
        "location": "Olympia",
        "Wikidata": "https://wikidata.org/wiki/Q106953355",
        "type": [
          "treasury"
        ],
        "passages": [
          "6.19.15"
        ]
      }
    },
    {
      "type": "Feature",
      "geometry": {
        "type": "Point",
        "coordinates": [
          22.8416,
          38.4944
        ]
      },
      "properties": {
        "name": "Chaironea (Boeotia)",
        "region": "Boiotia Bk9",
        "part of": "Boiotia Bk9",
        "Wikidata": "https://wikidata.org/wiki/Q13574678",
        "type": [
          "battlefield"
        ],
        "passages": [
          "1.18.8",
          "1.20.6",
          "1.25.3",
          "1.27.5",
          "1.29.13",
          "1.41.8",
          "10.3.3",
          "10.3.4",
          "10.35.8",
          "10.4.1",
          "4.28.2",
          "5.20.10",
          "5.4.9",
          "6.4.7",
          "7.15.6",
          "7.15.9",
          "7.6.5",
          "8.27.10",
          "8.6.2",
          "9.1.8",
          "9.29.8",
          "9.40.5",
          "9.40.6",
          "9.41.7",
          "9.6.5"
        ],
        "Pleiades": "https://pleiades.stoa.org/places/540701",
        "ToposText": "https://topostext.org/place/385228PCha"
      }
    },
    {
      "type": "Feature",
      "geometry": {
        "type": "Point",
        "coordinates": [
          21.630126,
          37.637849
        ]
      },
      "properties": {
        "name": "Treasury of the Metapontines at Olympia, next to Selinountines",
        "region": "Eleia Bk5 Bk6",
        "part of": "Treasury terrace north of the Heraion, Olympia",
        "location": "Olympia",
        "Wikidata": "https://wikidata.org/wiki/Q106956850",
        "type": [
          "treasury"
        ],
        "passages": [
          "6.19.11"
        ]
      }
    },
    {
      "type": "Feature",
      "geometry": {
        "type": "Point",
        "coordinates": [
          21.327,
          37.7
        ]
      },
      "properties": {
        "name": "Dyspontion",
        "region": "Eleia Bk5 Bk6",
        "part of": "Eleia Bk5 Bk6",
        "Wikidata": "https://wikidata.org/wiki/Q3565717",
        "type": [
          "settlement"
        ],
        "passages": [
          "6.22.4"
        ],
        "ToposText": "https://topostext.org/place/377216UDys"
      }
    },
    {
      "type": "Feature",
      "geometry": {
        "type": "Point",
        "coordinates": [
          20.9899,
          39.155
        ]
      },
      "properties": {
        "name": "Ambracia",
        "region": "Epiros region",
        "part of": "Epiros region",
        "Wikidata": "https://wikidata.org/wiki/Q661559",
        "type": [
          "polis"
        ],
        "passages": [
          "10.11.6",
          "10.18.4",
          "10.9.10",
          "5.23.2",
          "5.23.3",
          "6.3.7"
        ],
        "Pleiades": "https://pleiades.stoa.org/places/530794"
      }
    },
    {
      "type": "Feature",
      "geometry": {
        "type": "Point",
        "coordinates": [
          21.3746,
          37.8917
        ]
      },
      "properties": {
        "name": "House of the Sixteen in agora of Elis",
        "region": "Eleia Bk5 Bk6",
        "part of": "Agora of Elis",
        "location": "Agora of Elis",
        "type": [
          "building"
        ],
        "passages": [
          "6.24.10"
        ]
      }
    },
    {
      "type": "Feature",
      "geometry": {
        "type": "Point",
        "coordinates": [
          22.3584897,
          40.0862269
        ]
      },
      "properties": {
        "name": "Land around Olympos mountain",
        "region": "Hellas (Europe)",
        "part of": "Olympos (mountain in Greece)",
        "location": "Olympos (mountain in Greece)",
        "type": [
          "chora/region"
        ],
        "passages": [
          "6.5.5"
        ]
      }
    },
    {
      "type": "Feature",
      "geometry": {
        "type": "Point",
        "coordinates": [
          21.629,
          37.472
        ]
      },
      "properties": {
        "name": "Akidas river (Eleia)",
        "region": "Eleia Bk5 Bk6",
        "part of": "Eleia Bk5 Bk6",
        "Wikidata": "https://wikidata.org/wiki/Q3791516",
        "type": [
          "river"
        ],
        "passages": [
          "5.18.6",
          "5.5.8",
          "5.5.9",
          "6.21.6"
        ],
        "Pleiades": "https://pleiades.stoa.org/places/573064",
        "ToposText": "https://topostext.org/place/375216WAki"
      }
    },
    {
      "type": "Feature",
      "geometry": {
        "type": "Point",
        "coordinates": [
          26.78548,
          39.00699
        ]
      },
      "properties": {
        "name": "Arginous(s)ai Inss.",
        "region": "Asia Minor (Asia)",
        "part of": "Aeolis",
        "Wikidata": "https://wikidata.org/wiki/Q23822737",
        "type": [
          "battlefield"
        ],
        "passages": [
          "6.7.7"
        ],
        "Pleiades": "https://pleiades.stoa.org/places/550449"
      }
    },
    {
      "type": "Feature",
      "geometry": {
        "type": "Point",
        "coordinates": [
          21.3756,
          37.8936
        ]
      },
      "properties": {
        "name": "theater of Elis",
        "region": "Eleia Bk5 Bk6",
        "part of": "Elis polis",
        "Wikidata": "https://wikidata.org/wiki/Q38184756",
        "type": [
          "theater"
        ],
        "passages": [
          "6.26.1"
        ],
        "ToposText": "https://topostext.org/place/378214BEli"
      }
    },
    {
      "type": "Feature",
      "geometry": {
        "type": "Point",
        "coordinates": [
          16.14501,
          38.03955
        ]
      },
      "properties": {
        "name": "Zephyrium Pr.",
        "region": "Italia (Europe)",
        "part of": "Italia (Europe)",
        "type": [
          "cape"
        ],
        "passages": [
          "3.3.1",
          "6.19.6",
          "6.6.4"
        ],
        "Pleiades": "https://pleiades.stoa.org/places/452495"
      }
    },
    {
      "type": "Feature",
      "geometry": {
        "type": "Point",
        "coordinates": [
          16.14501,
          38.03955
        ]
      },
      "properties": {
        "name": "Zephyrium Pr.",
        "region": "Italia (Europe)",
        "part of": "Italia (Europe)",
        "type": [
          "cape"
        ],
        "passages": [
          "3.3.1",
          "6.19.6",
          "6.6.4"
        ],
        "Pleiades": "https://pleiades.stoa.org/places/452495"
      }
    },
    {
      "type": "Feature",
      "geometry": {
        "type": "Point",
        "coordinates": [
          23.7257,
          37.9717
        ]
      },
      "properties": {
        "name": "Athenian Acropolis (Athens)",
        "region": "Athenai Bk1",
        "part of": "Athenai Bk1",
        "altname": "Acropolis of Athens",
        "Wikidata": "https://wikidata.org/wiki/Q131013",
        "type": [
          "acropolis",
          "fortification",
          "hieron"
        ],
        "passages": [
          "1.18.2",
          "1.21.3",
          "1.21.4",
          "1.22.1",
          "1.22.4",
          "1.22.8",
          "1.23.7",
          "1.24.1",
          "1.24.3",
          "1.25.1",
          "1.25.7",
          "1.25.8",
          "1.26.3",
          "1.26.6",
          "1.27.10",
          "1.27.3",
          "1.27.8",
          "1.28.3",
          "1.30.1",
          "1.5.4",
          "4.36.6",
          "5.11.10",
          "5.21.1",
          "6.8.6",
          "7.25.3",
          "7.27.2",
          "8.10.4",
          "8.23.5",
          "9.35.3",
          "9.35.7",
          "9.4.1"
        ],
        "Pleiades": "https://pleiades.stoa.org/places/638356144",
        "ToposText": "https://topostext.org/place/380237SAkr"
      }
    },
    {
      "type": "Feature",
      "geometry": {
        "type": "Point",
        "coordinates": [
          21.671,
          37.645
        ]
      },
      "properties": {
        "name": "Tomb of the suitors of Hippodameia",
        "region": "Eleia Bk5 Bk6",
        "part of": "Road Erymanthus border to Olympia",
        "altname": "mound a little west of Harpina",
        "Wikidata": "https://wikidata.org/wiki/Q107031252",
        "type": [
          "mound/dike",
          "tomb mnema"
        ],
        "passages": [
          "6.21.9",
          "6.22.1"
        ],
        "Manto": "https://resource.manto.unh.edu/10268907"
      }
    },
    {
      "type": "Feature",
      "geometry": {
        "type": "Point",
        "coordinates": [
          21.671,
          37.645
        ]
      },
      "properties": {
        "name": "Tomb of the suitors of Hippodameia",
        "region": "Eleia Bk5 Bk6",
        "part of": "Road Erymanthus border to Olympia",
        "altname": "mound a little west of Harpina",
        "Wikidata": "https://wikidata.org/wiki/Q107031252",
        "type": [
          "mound/dike",
          "tomb mnema"
        ],
        "passages": [
          "6.21.9",
          "6.22.1"
        ],
        "Manto": "https://resource.manto.unh.edu/10268907"
      }
    },
    {
      "type": "Feature",
      "geometry": {
        "type": "Point",
        "coordinates": [
          26.858519999999995,
          39.69936
        ]
      },
      "properties": {
        "name": "Ida (mountain)",
        "region": "Asia Minor (Asia)",
        "part of": "Troas",
        "Wikidata": "https://wikidata.org/wiki/Q1127771",
        "type": [
          "mountain oros"
        ],
        "passages": [
          "10.12.3",
          "10.12.4",
          "3.13.5",
          "6.4.9",
          "7.3.8"
        ],
        "Pleiades": "https://pleiades.stoa.org/places/550592"
      }
    },
    {
      "type": "Feature",
      "geometry": {
        "type": "Point",
        "coordinates": [
          21.63291462,
          37.6391184
        ]
      },
      "properties": {
        "name": "Marble altar in stadium of Olympia opposite Hellanodikai",
        "region": "Eleia Bk5 Bk6",
        "part of": "Olympia Stadium",
        "location": "Olympia Stadium",
        "type": [
          "altar"
        ],
        "passages": [
          "6.20.8"
        ]
      }
    },
    {
      "type": "Feature",
      "geometry": {
        "type": "Point",
        "coordinates": [
          21.374,
          37.89
        ]
      },
      "properties": {
        "name": "Maltho gymnasium at Elis",
        "region": "Eleia Bk5 Bk6",
        "part of": "Elis polis",
        "location": "Elis polis",
        "Wikidata": "https://wikidata.org/wiki/Q106996700",
        "type": [
          "gymnasium"
        ],
        "passages": [
          "6.23.5",
          "6.23.6",
          "6.23.7"
        ]
      }
    },
    {
      "type": "Feature",
      "geometry": {
        "type": "Point",
        "coordinates": [
          21.374,
          37.89
        ]
      },
      "properties": {
        "name": "Maltho gymnasium at Elis",
        "region": "Eleia Bk5 Bk6",
        "part of": "Elis polis",
        "location": "Elis polis",
        "Wikidata": "https://wikidata.org/wiki/Q106996700",
        "type": [
          "gymnasium"
        ],
        "passages": [
          "6.23.5",
          "6.23.6",
          "6.23.7"
        ]
      }
    },
    {
      "type": "Feature",
      "geometry": {
        "type": "Point",
        "coordinates": [
          21.374,
          37.89
        ]
      },
      "properties": {
        "name": "Maltho gymnasium at Elis",
        "region": "Eleia Bk5 Bk6",
        "part of": "Elis polis",
        "location": "Elis polis",
        "Wikidata": "https://wikidata.org/wiki/Q106996700",
        "type": [
          "gymnasium"
        ],
        "passages": [
          "6.23.5",
          "6.23.6",
          "6.23.7"
        ]
      }
    },
    {
      "type": "Feature",
      "geometry": {
        "type": "Point",
        "coordinates": [
          26.355280000000004,
          36.54413
        ]
      },
      "properties": {
        "name": "Sanctuary of Athena on Astypalaia",
        "region": "Aegean Sea (Hellas)",
        "part of": "Astypalaia Ins., Astypalaia",
        "location": "Astypalaia Ins., Astypalaia",
        "Wikidata": "https://wikidata.org/wiki/Q134038448",
        "type": [
          "hieron"
        ],
        "passages": [
          "6.9.7"
        ]
      }
    },
    {
      "type": "Feature",
      "geometry": {
        "type": "Point",
        "coordinates": [
          21.374,
          37.89
        ]
      },
      "properties": {
        "name": "Altar of Demeter and her child at gymnasium of Elis",
        "region": "Eleia Bk5 Bk6",
        "part of": "Gymnasium of Elis",
        "location": "Gymnasium of Elis",
        "type": [
          "altar"
        ],
        "passages": [
          "6.23.3"
        ]
      }
    },
    {
      "type": "Feature",
      "geometry": {
        "type": "Point",
        "coordinates": [
          30.7,
          27.1
        ]
      },
      "properties": {
        "name": "Egypt (region)",
        "region": "Libya (Africa)",
        "part of": "Roman empire",
        "Wikidata": "https://wikidata.org/wiki/Q11768",
        "type": [
          "major region"
        ],
        "passages": [
          "1.11.5",
          "1.36.6",
          "1.39.6",
          "1.42.3",
          "1.44.3",
          "1.6.1",
          "1.6.3",
          "1.6.5",
          "1.6.6",
          "1.6.7",
          "1.6.8",
          "1.7.1",
          "1.7.2",
          "1.7.3",
          "1.9.1",
          "1.9.3",
          "1.9.4",
          "10.32.18",
          "10.7.8",
          "2.16.1",
          "2.9.3",
          "3.10.2",
          "3.6.9",
          "5.21.15",
          "5.7.4",
          "6.26.9",
          "6.3.1",
          "7.5.5",
          "8.33.3"
        ],
        "Pleiades": "https://pleiades.stoa.org/places/981503"
      }
    },
    {
      "type": "Feature",
      "geometry": {
        "type": "Point",
        "coordinates": [
          30.7,
          27.1
        ]
      },
      "properties": {
        "name": "Egypt (region)",
        "region": "Libya (Africa)",
        "part of": "Roman empire",
        "Wikidata": "https://wikidata.org/wiki/Q11768",
        "type": [
          "major region"
        ],
        "passages": [
          "1.11.5",
          "1.36.6",
          "1.39.6",
          "1.42.3",
          "1.44.3",
          "1.6.1",
          "1.6.3",
          "1.6.5",
          "1.6.6",
          "1.6.7",
          "1.6.8",
          "1.7.1",
          "1.7.2",
          "1.7.3",
          "1.9.1",
          "1.9.3",
          "1.9.4",
          "10.32.18",
          "10.7.8",
          "2.16.1",
          "2.9.3",
          "3.10.2",
          "3.6.9",
          "5.21.15",
          "5.7.4",
          "6.26.9",
          "6.3.1",
          "7.5.5",
          "8.33.3"
        ],
        "Pleiades": "https://pleiades.stoa.org/places/981503"
      }
    },
    {
      "type": "Feature",
      "geometry": {
        "type": "Point",
        "coordinates": [
          19.44594,
          41.31497
        ]
      },
      "properties": {
        "name": "Dyrrhachium",
        "region": "Europe",
        "part of": "Illyria (Europe)",
        "altname": "Epidamnos",
        "Wikidata": "https://wikidata.org/wiki/Q3567546",
        "type": [
          "polis"
        ],
        "passages": [
          "6.10.7",
          "6.10.8"
        ],
        "Pleiades": "https://pleiades.stoa.org/places/481818"
      }
    },
    {
      "type": "Feature",
      "geometry": {
        "type": "Point",
        "coordinates": [
          19.44594,
          41.31497
        ]
      },
      "properties": {
        "name": "Dyrrhachium",
        "region": "Europe",
        "part of": "Illyria (Europe)",
        "altname": "Epidamnos",
        "Wikidata": "https://wikidata.org/wiki/Q3567546",
        "type": [
          "polis"
        ],
        "passages": [
          "6.10.7",
          "6.10.8"
        ],
        "Pleiades": "https://pleiades.stoa.org/places/481818"
      }
    },
    {
      "type": "Feature",
      "geometry": {
        "type": "Point",
        "coordinates": [
          32.898,
          24.0811
        ]
      },
      "properties": {
        "name": "Syene",
        "region": "Libya (Africa)",
        "part of": "Egypt (region)",
        "Wikidata": "https://wikidata.org/wiki/Q29888",
        "type": [
          "settlement"
        ],
        "passages": [
          "1.33.4",
          "5.7.4",
          "6.26.2",
          "8.38.6"
        ],
        "Pleiades": "https://pleiades.stoa.org/places/786123"
      }
    },
    {
      "type": "Feature",
      "geometry": {
        "type": "Point",
        "coordinates": [
          21.3746,
          37.8917
        ]
      },
      "properties": {
        "name": "Temple of Apollo Akesios in Agora of Elis",
        "region": "Eleia Bk5 Bk6",
        "part of": "Agora of Elis",
        "location": "Agora of Elis",
        "Wikidata": "https://wikidata.org/wiki/Q107031201",
        "type": [
          "temple"
        ],
        "passages": [
          "6.24.6"
        ]
      }
    },
    {
      "type": "Feature",
      "geometry": {
        "type": "Point",
        "coordinates": [
          21.6747,
          37.6488
        ]
      },
      "properties": {
        "name": "Altars at Harpina",
        "region": "Eleia Bk5 Bk6",
        "part of": "Harpina (Eleia)",
        "location": "Harpina (Eleia)",
        "type": [
          "altar"
        ],
        "passages": [
          "6.21.8"
        ]
      }
    },
    {
      "type": "Feature",
      "geometry": {
        "type": "Point",
        "coordinates": [
          21.6336,
          37.637
        ]
      },
      "properties": {
        "name": "Mountain at far end of Olympia hippodrome",
        "region": "Eleia Bk5 Bk6",
        "part of": "Hippodrome (Olympia)",
        "location": "Hippodrome (Olympia)",
        "type": [
          "mountain oros"
        ],
        "passages": [
          "6.21.1"
        ]
      }
    },
    {
      "type": "Feature",
      "geometry": {
        "type": "Point",
        "coordinates": [
          16.1315,
          39.03644
        ]
      },
      "properties": {
        "name": "Temesa/Tempsa",
        "region": "Italia (Europe)",
        "part of": "Italia (Europe)",
        "Wikidata": "https://wikidata.org/wiki/Q3983093",
        "type": [
          "settlement"
        ],
        "passages": [
          "6.6.10",
          "6.6.11",
          "6.6.7",
          "6.6.8",
          "6.6.9"
        ],
        "Pleiades": "https://pleiades.stoa.org/places/452469"
      }
    },
    {
      "type": "Feature",
      "geometry": {
        "type": "Point",
        "coordinates": [
          16.1315,
          39.03644
        ]
      },
      "properties": {
        "name": "Temesa/Tempsa",
        "region": "Italia (Europe)",
        "part of": "Italia (Europe)",
        "Wikidata": "https://wikidata.org/wiki/Q3983093",
        "type": [
          "settlement"
        ],
        "passages": [
          "6.6.10",
          "6.6.11",
          "6.6.7",
          "6.6.8",
          "6.6.9"
        ],
        "Pleiades": "https://pleiades.stoa.org/places/452469"
      }
    },
    {
      "type": "Feature",
      "geometry": {
        "type": "Point",
        "coordinates": [
          16.1315,
          39.03644
        ]
      },
      "properties": {
        "name": "Temesa/Tempsa",
        "region": "Italia (Europe)",
        "part of": "Italia (Europe)",
        "Wikidata": "https://wikidata.org/wiki/Q3983093",
        "type": [
          "settlement"
        ],
        "passages": [
          "6.6.10",
          "6.6.11",
          "6.6.7",
          "6.6.8",
          "6.6.9"
        ],
        "Pleiades": "https://pleiades.stoa.org/places/452469"
      }
    },
    {
      "type": "Feature",
      "geometry": {
        "type": "Point",
        "coordinates": [
          16.1315,
          39.03644
        ]
      },
      "properties": {
        "name": "Temesa/Tempsa",
        "region": "Italia (Europe)",
        "part of": "Italia (Europe)",
        "Wikidata": "https://wikidata.org/wiki/Q3983093",
        "type": [
          "settlement"
        ],
        "passages": [
          "6.6.10",
          "6.6.11",
          "6.6.7",
          "6.6.8",
          "6.6.9"
        ],
        "Pleiades": "https://pleiades.stoa.org/places/452469"
      }
    },
    {
      "type": "Feature",
      "geometry": {
        "type": "Point",
        "coordinates": [
          16.1315,
          39.03644
        ]
      },
      "properties": {
        "name": "Temesa/Tempsa",
        "region": "Italia (Europe)",
        "part of": "Italia (Europe)",
        "Wikidata": "https://wikidata.org/wiki/Q3983093",
        "type": [
          "settlement"
        ],
        "passages": [
          "6.6.10",
          "6.6.11",
          "6.6.7",
          "6.6.8",
          "6.6.9"
        ],
        "Pleiades": "https://pleiades.stoa.org/places/452469"
      }
    },
    {
      "type": "Feature",
      "geometry": {
        "type": "Point",
        "coordinates": [
          28.224399999999996,
          36.4408
        ]
      },
      "properties": {
        "name": "Rhodes polis",
        "region": "Aegean Sea (Hellas)",
        "part of": "Rhodes island",
        "location": "Rhodes island",
        "Wikidata": "https://wikidata.org/wiki/Q13533316",
        "type": [
          "polis"
        ],
        "passages": [
          "6.14.2",
          "6.7.4",
          "6.7.6",
          "8.43.4"
        ],
        "Pleiades": "https://pleiades.stoa.org/places/590030"
      }
    },
    {
      "type": "Feature",
      "geometry": {
        "type": "Point",
        "coordinates": [
          28.224399999999996,
          36.4408
        ]
      },
      "properties": {
        "name": "Rhodes polis",
        "region": "Aegean Sea (Hellas)",
        "part of": "Rhodes island",
        "location": "Rhodes island",
        "Wikidata": "https://wikidata.org/wiki/Q13533316",
        "type": [
          "polis"
        ],
        "passages": [
          "6.14.2",
          "6.7.4",
          "6.7.6",
          "8.43.4"
        ],
        "Pleiades": "https://pleiades.stoa.org/places/590030"
      }
    },
    {
      "type": "Feature",
      "geometry": {
        "type": "Point",
        "coordinates": [
          28.224399999999996,
          36.4408
        ]
      },
      "properties": {
        "name": "Rhodes polis",
        "region": "Aegean Sea (Hellas)",
        "part of": "Rhodes island",
        "location": "Rhodes island",
        "Wikidata": "https://wikidata.org/wiki/Q13533316",
        "type": [
          "polis"
        ],
        "passages": [
          "6.14.2",
          "6.7.4",
          "6.7.6",
          "8.43.4"
        ],
        "Pleiades": "https://pleiades.stoa.org/places/590030"
      }
    },
    {
      "type": "Feature",
      "geometry": {
        "type": "Point",
        "coordinates": [
          21.6237,
          37.638
        ]
      },
      "properties": {
        "name": "Tomb of the Arcadians on hill across Kladeus",
        "region": "Eleia Bk5 Bk6",
        "part of": "Olympia",
        "Wikidata": "https://wikidata.org/wiki/Q136487305",
        "type": [
          "tomb mnema"
        ],
        "passages": [
          "6.20.6"
        ]
      }
    },
    {
      "type": "Feature",
      "geometry": {
        "type": "Point",
        "coordinates": [
          22.2,
          38.4
        ]
      },
      "properties": {
        "name": "Ozolian Lokris Bk10",
        "region": "",
        "part of": "Hellas (Europe)",
        "Wikidata": "https://wikidata.org/wiki/Q4894785",
        "type": [
          "chora/region"
        ],
        "passages": [
          "10.20.2",
          "10.38.1",
          "10.38.4",
          "10.38.8",
          "3.9.9",
          "4.24.7",
          "6.19.5"
        ],
        "Pleiades": "https://pleiades.stoa.org/places/540919",
        "ToposText": "https://topostext.org/place/384222ROzo"
      }
    },
    {
      "type": "Feature",
      "geometry": {
        "type": "Point",
        "coordinates": [
          18.16938,
          40.35167
        ]
      },
      "properties": {
        "name": "Lupiae",
        "region": "Italia (Europe)",
        "part of": "Italia (Europe)",
        "altname": "Lupia",
        "Wikidata": "https://wikidata.org/wiki/Q3974286",
        "type": [
          "settlement"
        ],
        "passages": [
          "6.19.9"
        ],
        "Pleiades": "https://pleiades.stoa.org/places/442642"
      }
    },
    {
      "type": "Feature",
      "geometry": {
        "type": "Point",
        "coordinates": [
          26.5,
          40.33333
        ]
      },
      "properties": {
        "name": "Chersonesus (Thrace)",
        "region": "Thrace (Europe)",
        "part of": "Thrace (Europe)",
        "Wikidata": "https://wikidata.org/wiki/Q192860",
        "type": [
          "cape",
          "chora/region"
        ],
        "passages": [
          "1.10.5",
          "1.34.2",
          "1.9.8",
          "6.19.6"
        ],
        "Pleiades": "https://pleiades.stoa.org/places/501386"
      }
    },
    {
      "type": "Feature",
      "geometry": {
        "type": "Point",
        "coordinates": [
          23.42372,
          37.74991
        ]
      },
      "properties": {
        "name": "Aigina polity",
        "region": "Aigina island Bk2",
        "part of": "Aigina island Bk2",
        "altname": "Aegina polis",
        "Wikidata": "https://wikidata.org/wiki/Q191082",
        "type": [
          "polis"
        ],
        "passages": [
          "1.44.9",
          "2.29.6",
          "6.9.3",
          "7.5.5"
        ],
        "Pleiades": "https://pleiades.stoa.org/places/579853",
        "ToposText": "https://topostext.org/place/378234PAig"
      }
    },
    {
      "type": "Feature",
      "geometry": {
        "type": "Point",
        "coordinates": [
          21.63076,
          37.64235
        ]
      },
      "properties": {
        "name": "Sosipolis shrine in temple of Eileithyia, Elis",
        "region": "Eleia Bk5 Bk6",
        "part of": "Eileithyia temple at Olympia",
        "location": "Eileithyia temple at Olympia",
        "type": [
          "temple"
        ],
        "passages": [
          "6.20.3"
        ]
      }
    },
    {
      "type": "Feature",
      "geometry": {
        "type": "Point",
        "coordinates": [
          21.71145,
          37.635009
        ]
      },
      "properties": {
        "name": "Phrixa",
        "region": "Eleia Bk5 Bk6",
        "part of": "Eleia Bk5 Bk6",
        "altname": "Phrixai",
        "Wikidata": "https://wikidata.org/wiki/Q5505071",
        "type": [
          "polis"
        ],
        "passages": [
          "6.21.6"
        ],
        "Pleiades": "https://pleiades.stoa.org/places/570609"
      }
    },
    {
      "type": "Feature",
      "geometry": {
        "type": "Point",
        "coordinates": [
          24.8279,
          37.8186
        ]
      },
      "properties": {
        "name": "Andros polis",
        "region": "Aegean Sea (Hellas)",
        "part of": "Andros (island)",
        "Wikidata": "https://wikidata.org/wiki/Q62944263",
        "type": [
          "polis"
        ],
        "passages": [
          "3.11.6",
          "6.14.13"
        ],
        "Pleiades": "https://pleiades.stoa.org/places/589692",
        "ToposText": "https://topostext.org/place/378248PAnd",
        "URL": "https://imperium.ahlfeldt.se/places/39550"
      }
    },
    {
      "type": "Feature",
      "geometry": {
        "type": "Point",
        "coordinates": [
          22.3244,
          37.2083
        ]
      },
      "properties": {
        "name": "Pellana (Lakonia)",
        "region": "Lakonia Bk3",
        "part of": "Lakonia Bk3",
        "Wikidata": "https://wikidata.org/wiki/Q2010159",
        "type": [
          "polis"
        ],
        "passages": [
          "3.21.2",
          "3.21.3",
          "6.8.5"
        ],
        "Pleiades": "https://pleiades.stoa.org/places/570575",
        "ToposText": "https://topostext.org/place/372223PPel"
      }
    },
    {
      "type": "Feature",
      "geometry": {
        "type": "Point",
        "coordinates": [
          21.374,
          37.89
        ]
      },
      "properties": {
        "name": "plane trees at Xystus running track at Elis",
        "region": "Eleia Bk5 Bk6",
        "part of": "Xystos of Elis",
        "location": "Xystos of Elis",
        "type": [
          "platanos"
        ],
        "passages": [
          "6.23.1"
        ]
      }
    },
    {
      "type": "Feature",
      "geometry": {
        "type": "Point",
        "coordinates": [
          0.5,
          41.5
        ]
      },
      "properties": {
        "name": "Iberi (Spain)",
        "region": "Europe",
        "part of": "Europe",
        "altname": "Iberia",
        "Wikidata": "https://wikidata.org/wiki/Q190992",
        "type": [
          "chora/region"
        ],
        "passages": [
          "6.19.3"
        ],
        "Pleiades": "https://pleiades.stoa.org/places/246423",
        "ToposText": "https://topostext.org/place/390000RIbe"
      }
    }
  ]
}