<?xml version="1.0" encoding="UTF-8"?>
  <kml xmlns="http://www.opengis.net/kml/2.2">
    <Document>
      <name>Book 7</name>
      
      <Placemark>
        <name>Keryneia mountain</name>
        <ExtendedData>
<Data name="name"><value>Keryneia mountain</value></Data>
<Data name="region"><value>Achaia Bk7</value></Data>
<Data name="part of"><value>Achaia Bk7</value></Data>
<Data name="location"><value>Achaia Bk7</value></Data>
<Data name="type"><value>[&quot;mountain oros&quot;]</value></Data>
<Data name="passages"><value>[&quot;7.25.5&quot;]</value></Data>
<Data name="Pleiades"><value>https://pleiades.stoa.org/places/573286</value></Data>
</ExtendedData>
        <Point><coordinates>21.9,38.2</coordinates></Point>
      </Placemark>

      <Placemark>
        <name>Cave of the Meles springs, above Smyrna</name>
        <ExtendedData>
<Data name="name"><value>Cave of the Meles springs, above Smyrna</value></Data>
<Data name="region"><value>Asia Minor (Asia)</value></Data>
<Data name="part of"><value>Smyrna (Ionia)</value></Data>
<Data name="location"><value>Meles river of Smyrna</value></Data>
<Data name="type"><value>[&quot;cave&quot;]</value></Data>
<Data name="passages"><value>[&quot;7.5.12&quot;]</value></Data>
</ExtendedData>
        <Point><coordinates>27.249999999999996,38.25</coordinates></Point>
      </Placemark>

      <Placemark>
        <name>sanctuary of Asclepius in stoa at Patrae</name>
        <ExtendedData>
<Data name="name"><value>sanctuary of Asclepius in stoa at Patrae</value></Data>
<Data name="region"><value>Achaia Bk7</value></Data>
<Data name="part of"><value>Patrae</value></Data>
<Data name="location"><value>Patrae</value></Data>
<Data name="Wikidata"><value>https://wikidata.org/wiki/Q134036829</value></Data>
<Data name="type"><value>[&quot;hieron&quot;]</value></Data>
<Data name="passages"><value>[&quot;7.20.9&quot;]</value></Data>
</ExtendedData>
        <Point><coordinates>21.738518,38.243265</coordinates></Point>
      </Placemark>

      <Placemark>
        <name>Kalydon</name>
        <ExtendedData>
<Data name="name"><value>Kalydon</value></Data>
<Data name="region"><value>Aitolia region</value></Data>
<Data name="part of"><value>Kalydonia</value></Data>
<Data name="altname"><value>Calydon</value></Data>
<Data name="Wikidata"><value>https://wikidata.org/wiki/Q750313</value></Data>
<Data name="type"><value>[&quot;polis&quot;]</value></Data>
<Data name="passages"><value>[&quot;1.27.9&quot;,&quot;2.25.2&quot;,&quot;3.10.2&quot;,&quot;5.1.3&quot;,&quot;7.18.8&quot;,&quot;7.18.9&quot;,&quot;7.21.1&quot;,&quot;7.21.10&quot;,&quot;7.21.5&quot;,&quot;8.4.10&quot;,&quot;8.45.2&quot;]</value></Data>
<Data name="Pleiades"><value>https://pleiades.stoa.org/places/540699</value></Data>
</ExtendedData>
        <Point><coordinates>21.5313,38.3714</coordinates></Point>
      </Placemark>

      <Placemark>
        <name>Kalydon</name>
        <ExtendedData>
<Data name="name"><value>Kalydon</value></Data>
<Data name="region"><value>Aitolia region</value></Data>
<Data name="part of"><value>Kalydonia</value></Data>
<Data name="altname"><value>Calydon</value></Data>
<Data name="Wikidata"><value>https://wikidata.org/wiki/Q750313</value></Data>
<Data name="type"><value>[&quot;polis&quot;]</value></Data>
<Data name="passages"><value>[&quot;1.27.9&quot;,&quot;2.25.2&quot;,&quot;3.10.2&quot;,&quot;5.1.3&quot;,&quot;7.18.8&quot;,&quot;7.18.9&quot;,&quot;7.21.1&quot;,&quot;7.21.10&quot;,&quot;7.21.5&quot;,&quot;8.4.10&quot;,&quot;8.45.2&quot;]</value></Data>
<Data name="Pleiades"><value>https://pleiades.stoa.org/places/540699</value></Data>
</ExtendedData>
        <Point><coordinates>21.5313,38.3714</coordinates></Point>
      </Placemark>

      <Placemark>
        <name>Kalydon</name>
        <ExtendedData>
<Data name="name"><value>Kalydon</value></Data>
<Data name="region"><value>Aitolia region</value></Data>
<Data name="part of"><value>Kalydonia</value></Data>
<Data name="altname"><value>Calydon</value></Data>
<Data name="Wikidata"><value>https://wikidata.org/wiki/Q750313</value></Data>
<Data name="type"><value>[&quot;polis&quot;]</value></Data>
<Data name="passages"><value>[&quot;1.27.9&quot;,&quot;2.25.2&quot;,&quot;3.10.2&quot;,&quot;5.1.3&quot;,&quot;7.18.8&quot;,&quot;7.18.9&quot;,&quot;7.21.1&quot;,&quot;7.21.10&quot;,&quot;7.21.5&quot;,&quot;8.4.10&quot;,&quot;8.45.2&quot;]</value></Data>
<Data name="Pleiades"><value>https://pleiades.stoa.org/places/540699</value></Data>
</ExtendedData>
        <Point><coordinates>21.5313,38.3714</coordinates></Point>
      </Placemark>

      <Placemark>
        <name>Kalydon</name>
        <ExtendedData>
<Data name="name"><value>Kalydon</value></Data>
<Data name="region"><value>Aitolia region</value></Data>
<Data name="part of"><value>Kalydonia</value></Data>
<Data name="altname"><value>Calydon</value></Data>
<Data name="Wikidata"><value>https://wikidata.org/wiki/Q750313</value></Data>
<Data name="type"><value>[&quot;polis&quot;]</value></Data>
<Data name="passages"><value>[&quot;1.27.9&quot;,&quot;2.25.2&quot;,&quot;3.10.2&quot;,&quot;5.1.3&quot;,&quot;7.18.8&quot;,&quot;7.18.9&quot;,&quot;7.21.1&quot;,&quot;7.21.10&quot;,&quot;7.21.5&quot;,&quot;8.4.10&quot;,&quot;8.45.2&quot;]</value></Data>
<Data name="Pleiades"><value>https://pleiades.stoa.org/places/540699</value></Data>
</ExtendedData>
        <Point><coordinates>21.5313,38.3714</coordinates></Point>
      </Placemark>

      <Placemark>
        <name>Kalydon</name>
        <ExtendedData>
<Data name="name"><value>Kalydon</value></Data>
<Data name="region"><value>Aitolia region</value></Data>
<Data name="part of"><value>Kalydonia</value></Data>
<Data name="altname"><value>Calydon</value></Data>
<Data name="Wikidata"><value>https://wikidata.org/wiki/Q750313</value></Data>
<Data name="type"><value>[&quot;polis&quot;]</value></Data>
<Data name="passages"><value>[&quot;1.27.9&quot;,&quot;2.25.2&quot;,&quot;3.10.2&quot;,&quot;5.1.3&quot;,&quot;7.18.8&quot;,&quot;7.18.9&quot;,&quot;7.21.1&quot;,&quot;7.21.10&quot;,&quot;7.21.5&quot;,&quot;8.4.10&quot;,&quot;8.45.2&quot;]</value></Data>
<Data name="Pleiades"><value>https://pleiades.stoa.org/places/540699</value></Data>
</ExtendedData>
        <Point><coordinates>21.5313,38.3714</coordinates></Point>
      </Placemark>

      <Placemark>
        <name>Sanctuary of Isis at Boura</name>
        <ExtendedData>
<Data name="name"><value>Sanctuary of Isis at Boura</value></Data>
<Data name="region"><value>Achaia Bk7</value></Data>
<Data name="part of"><value>Boura</value></Data>
<Data name="location"><value>Boura</value></Data>
<Data name="Wikidata"><value>https://wikidata.org/wiki/Q134037082</value></Data>
<Data name="type"><value>[&quot;hieron&quot;]</value></Data>
<Data name="passages"><value>[&quot;7.25.9&quot;]</value></Data>
</ExtendedData>
        <Point><coordinates>22.231166,38.142006</coordinates></Point>
      </Placemark>

      <Placemark>
        <name>Ilium</name>
        <ExtendedData>
<Data name="name"><value>Ilium</value></Data>
<Data name="region"><value>Asia Minor (Asia)</value></Data>
<Data name="part of"><value>Troas</value></Data>
<Data name="altname"><value>Troy, Troia, Ilion</value></Data>
<Data name="Wikidata"><value>https://wikidata.org/wiki/Q22647</value></Data>
<Data name="type"><value>[&quot;settlement&quot;]</value></Data>
<Data name="passages"><value>[&quot;1.1.2&quot;,&quot;1.11.1&quot;,&quot;1.12.1&quot;,&quot;1.12.5&quot;,&quot;1.15.2&quot;,&quot;1.23.4&quot;,&quot;1.28.9&quot;,&quot;1.35.1&quot;,&quot;1.35.4&quot;,&quot;1.37.3&quot;,&quot;1.4.6&quot;,&quot;1.43.1&quot;,&quot;10.1.3&quot;,&quot;10.12.2&quot;,&quot;10.17.6&quot;,&quot;10.25.8&quot;,&quot;10.27.4&quot;,&quot;10.30.8&quot;,&quot;10.31.7&quot;,&quot;10.33.2&quot;,&quot;10.36.10&quot;,&quot;10.38.5&quot;,&quot;2.16.6&quot;,&quot;2.17.3&quot;,&quot;2.18.5&quot;,&quot;2.20.6&quot;,&quot;2.22.2&quot;,&quot;2.23.1&quot;,&quot;2.23.5&quot;,&quot;2.24.2&quot;,&quot;2.24.3&quot;,&quot;2.25.5&quot;,&quot;2.30.10&quot;,&quot;2.32.2&quot;,&quot;2.4.2&quot;,&quot;3.12.6&quot;,&quot;3.22.2&quot;,&quot;3.24.11&quot;,&quot;3.26.10&quot;,&quot;3.4.7&quot;,&quot;3.9.3&quot;,&quot;5.13.4&quot;,&quot;5.13.5&quot;,&quot;5.17.10&quot;,&quot;5.18.3&quot;,&quot;5.22.4&quot;,&quot;5.3.4&quot;,&quot;5.4.7&quot;,&quot;6.25.3&quot;,&quot;7.19.6&quot;,&quot;7.19.9&quot;,&quot;7.24.2&quot;,&quot;7.3.7&quot;,&quot;7.6.3&quot;,&quot;8.1.3&quot;,&quot;8.10.10&quot;,&quot;8.10.9&quot;,&quot;8.12.6&quot;,&quot;8.12.9&quot;,&quot;8.15.6&quot;,&quot;8.15.7&quot;,&quot;8.23.4&quot;,&quot;8.24.10&quot;,&quot;8.28.4&quot;,&quot;8.33.2&quot;,&quot;8.44.4&quot;,&quot;8.45.2&quot;,&quot;8.46.2&quot;,&quot;8.5.2&quot;,&quot;8.5.3&quot;,&quot;8.53.7&quot;,&quot;8.6.1&quot;,&quot;9.18.5&quot;,&quot;9.37.7&quot;,&quot;9.39.3&quot;,&quot;9.4.3&quot;,&quot;9.41.2&quot;,&quot;9.5.14&quot;,&quot;9.5.15&quot;]</value></Data>
<Data name="Pleiades"><value>https://pleiades.stoa.org/places/550595</value></Data>
</ExtendedData>
        <Point><coordinates>26.23873,39.9577</coordinates></Point>
      </Placemark>

      <Placemark>
        <name>Ilium</name>
        <ExtendedData>
<Data name="name"><value>Ilium</value></Data>
<Data name="region"><value>Asia Minor (Asia)</value></Data>
<Data name="part of"><value>Troas</value></Data>
<Data name="altname"><value>Troy, Troia, Ilion</value></Data>
<Data name="Wikidata"><value>https://wikidata.org/wiki/Q22647</value></Data>
<Data name="type"><value>[&quot;settlement&quot;]</value></Data>
<Data name="passages"><value>[&quot;1.1.2&quot;,&quot;1.11.1&quot;,&quot;1.12.1&quot;,&quot;1.12.5&quot;,&quot;1.15.2&quot;,&quot;1.23.4&quot;,&quot;1.28.9&quot;,&quot;1.35.1&quot;,&quot;1.35.4&quot;,&quot;1.37.3&quot;,&quot;1.4.6&quot;,&quot;1.43.1&quot;,&quot;10.1.3&quot;,&quot;10.12.2&quot;,&quot;10.17.6&quot;,&quot;10.25.8&quot;,&quot;10.27.4&quot;,&quot;10.30.8&quot;,&quot;10.31.7&quot;,&quot;10.33.2&quot;,&quot;10.36.10&quot;,&quot;10.38.5&quot;,&quot;2.16.6&quot;,&quot;2.17.3&quot;,&quot;2.18.5&quot;,&quot;2.20.6&quot;,&quot;2.22.2&quot;,&quot;2.23.1&quot;,&quot;2.23.5&quot;,&quot;2.24.2&quot;,&quot;2.24.3&quot;,&quot;2.25.5&quot;,&quot;2.30.10&quot;,&quot;2.32.2&quot;,&quot;2.4.2&quot;,&quot;3.12.6&quot;,&quot;3.22.2&quot;,&quot;3.24.11&quot;,&quot;3.26.10&quot;,&quot;3.4.7&quot;,&quot;3.9.3&quot;,&quot;5.13.4&quot;,&quot;5.13.5&quot;,&quot;5.17.10&quot;,&quot;5.18.3&quot;,&quot;5.22.4&quot;,&quot;5.3.4&quot;,&quot;5.4.7&quot;,&quot;6.25.3&quot;,&quot;7.19.6&quot;,&quot;7.19.9&quot;,&quot;7.24.2&quot;,&quot;7.3.7&quot;,&quot;7.6.3&quot;,&quot;8.1.3&quot;,&quot;8.10.10&quot;,&quot;8.10.9&quot;,&quot;8.12.6&quot;,&quot;8.12.9&quot;,&quot;8.15.6&quot;,&quot;8.15.7&quot;,&quot;8.23.4&quot;,&quot;8.24.10&quot;,&quot;8.28.4&quot;,&quot;8.33.2&quot;,&quot;8.44.4&quot;,&quot;8.45.2&quot;,&quot;8.46.2&quot;,&quot;8.5.2&quot;,&quot;8.5.3&quot;,&quot;8.53.7&quot;,&quot;8.6.1&quot;,&quot;9.18.5&quot;,&quot;9.37.7&quot;,&quot;9.39.3&quot;,&quot;9.4.3&quot;,&quot;9.41.2&quot;,&quot;9.5.14&quot;,&quot;9.5.15&quot;]</value></Data>
<Data name="Pleiades"><value>https://pleiades.stoa.org/places/550595</value></Data>
</ExtendedData>
        <Point><coordinates>26.23873,39.9577</coordinates></Point>
      </Placemark>

      <Placemark>
        <name>Ilium</name>
        <ExtendedData>
<Data name="name"><value>Ilium</value></Data>
<Data name="region"><value>Asia Minor (Asia)</value></Data>
<Data name="part of"><value>Troas</value></Data>
<Data name="altname"><value>Troy, Troia, Ilion</value></Data>
<Data name="Wikidata"><value>https://wikidata.org/wiki/Q22647</value></Data>
<Data name="type"><value>[&quot;settlement&quot;]</value></Data>
<Data name="passages"><value>[&quot;1.1.2&quot;,&quot;1.11.1&quot;,&quot;1.12.1&quot;,&quot;1.12.5&quot;,&quot;1.15.2&quot;,&quot;1.23.4&quot;,&quot;1.28.9&quot;,&quot;1.35.1&quot;,&quot;1.35.4&quot;,&quot;1.37.3&quot;,&quot;1.4.6&quot;,&quot;1.43.1&quot;,&quot;10.1.3&quot;,&quot;10.12.2&quot;,&quot;10.17.6&quot;,&quot;10.25.8&quot;,&quot;10.27.4&quot;,&quot;10.30.8&quot;,&quot;10.31.7&quot;,&quot;10.33.2&quot;,&quot;10.36.10&quot;,&quot;10.38.5&quot;,&quot;2.16.6&quot;,&quot;2.17.3&quot;,&quot;2.18.5&quot;,&quot;2.20.6&quot;,&quot;2.22.2&quot;,&quot;2.23.1&quot;,&quot;2.23.5&quot;,&quot;2.24.2&quot;,&quot;2.24.3&quot;,&quot;2.25.5&quot;,&quot;2.30.10&quot;,&quot;2.32.2&quot;,&quot;2.4.2&quot;,&quot;3.12.6&quot;,&quot;3.22.2&quot;,&quot;3.24.11&quot;,&quot;3.26.10&quot;,&quot;3.4.7&quot;,&quot;3.9.3&quot;,&quot;5.13.4&quot;,&quot;5.13.5&quot;,&quot;5.17.10&quot;,&quot;5.18.3&quot;,&quot;5.22.4&quot;,&quot;5.3.4&quot;,&quot;5.4.7&quot;,&quot;6.25.3&quot;,&quot;7.19.6&quot;,&quot;7.19.9&quot;,&quot;7.24.2&quot;,&quot;7.3.7&quot;,&quot;7.6.3&quot;,&quot;8.1.3&quot;,&quot;8.10.10&quot;,&quot;8.10.9&quot;,&quot;8.12.6&quot;,&quot;8.12.9&quot;,&quot;8.15.6&quot;,&quot;8.15.7&quot;,&quot;8.23.4&quot;,&quot;8.24.10&quot;,&quot;8.28.4&quot;,&quot;8.33.2&quot;,&quot;8.44.4&quot;,&quot;8.45.2&quot;,&quot;8.46.2&quot;,&quot;8.5.2&quot;,&quot;8.5.3&quot;,&quot;8.53.7&quot;,&quot;8.6.1&quot;,&quot;9.18.5&quot;,&quot;9.37.7&quot;,&quot;9.39.3&quot;,&quot;9.4.3&quot;,&quot;9.41.2&quot;,&quot;9.5.14&quot;,&quot;9.5.15&quot;]</value></Data>
<Data name="Pleiades"><value>https://pleiades.stoa.org/places/550595</value></Data>
</ExtendedData>
        <Point><coordinates>26.23873,39.9577</coordinates></Point>
      </Placemark>

      <Placemark>
        <name>Ilium</name>
        <ExtendedData>
<Data name="name"><value>Ilium</value></Data>
<Data name="region"><value>Asia Minor (Asia)</value></Data>
<Data name="part of"><value>Troas</value></Data>
<Data name="altname"><value>Troy, Troia, Ilion</value></Data>
<Data name="Wikidata"><value>https://wikidata.org/wiki/Q22647</value></Data>
<Data name="type"><value>[&quot;settlement&quot;]</value></Data>
<Data name="passages"><value>[&quot;1.1.2&quot;,&quot;1.11.1&quot;,&quot;1.12.1&quot;,&quot;1.12.5&quot;,&quot;1.15.2&quot;,&quot;1.23.4&quot;,&quot;1.28.9&quot;,&quot;1.35.1&quot;,&quot;1.35.4&quot;,&quot;1.37.3&quot;,&quot;1.4.6&quot;,&quot;1.43.1&quot;,&quot;10.1.3&quot;,&quot;10.12.2&quot;,&quot;10.17.6&quot;,&quot;10.25.8&quot;,&quot;10.27.4&quot;,&quot;10.30.8&quot;,&quot;10.31.7&quot;,&quot;10.33.2&quot;,&quot;10.36.10&quot;,&quot;10.38.5&quot;,&quot;2.16.6&quot;,&quot;2.17.3&quot;,&quot;2.18.5&quot;,&quot;2.20.6&quot;,&quot;2.22.2&quot;,&quot;2.23.1&quot;,&quot;2.23.5&quot;,&quot;2.24.2&quot;,&quot;2.24.3&quot;,&quot;2.25.5&quot;,&quot;2.30.10&quot;,&quot;2.32.2&quot;,&quot;2.4.2&quot;,&quot;3.12.6&quot;,&quot;3.22.2&quot;,&quot;3.24.11&quot;,&quot;3.26.10&quot;,&quot;3.4.7&quot;,&quot;3.9.3&quot;,&quot;5.13.4&quot;,&quot;5.13.5&quot;,&quot;5.17.10&quot;,&quot;5.18.3&quot;,&quot;5.22.4&quot;,&quot;5.3.4&quot;,&quot;5.4.7&quot;,&quot;6.25.3&quot;,&quot;7.19.6&quot;,&quot;7.19.9&quot;,&quot;7.24.2&quot;,&quot;7.3.7&quot;,&quot;7.6.3&quot;,&quot;8.1.3&quot;,&quot;8.10.10&quot;,&quot;8.10.9&quot;,&quot;8.12.6&quot;,&quot;8.12.9&quot;,&quot;8.15.6&quot;,&quot;8.15.7&quot;,&quot;8.23.4&quot;,&quot;8.24.10&quot;,&quot;8.28.4&quot;,&quot;8.33.2&quot;,&quot;8.44.4&quot;,&quot;8.45.2&quot;,&quot;8.46.2&quot;,&quot;8.5.2&quot;,&quot;8.5.3&quot;,&quot;8.53.7&quot;,&quot;8.6.1&quot;,&quot;9.18.5&quot;,&quot;9.37.7&quot;,&quot;9.39.3&quot;,&quot;9.4.3&quot;,&quot;9.41.2&quot;,&quot;9.5.14&quot;,&quot;9.5.15&quot;]</value></Data>
<Data name="Pleiades"><value>https://pleiades.stoa.org/places/550595</value></Data>
</ExtendedData>
        <Point><coordinates>26.23873,39.9577</coordinates></Point>
      </Placemark>

      <Placemark>
        <name>Ilium</name>
        <ExtendedData>
<Data name="name"><value>Ilium</value></Data>
<Data name="region"><value>Asia Minor (Asia)</value></Data>
<Data name="part of"><value>Troas</value></Data>
<Data name="altname"><value>Troy, Troia, Ilion</value></Data>
<Data name="Wikidata"><value>https://wikidata.org/wiki/Q22647</value></Data>
<Data name="type"><value>[&quot;settlement&quot;]</value></Data>
<Data name="passages"><value>[&quot;1.1.2&quot;,&quot;1.11.1&quot;,&quot;1.12.1&quot;,&quot;1.12.5&quot;,&quot;1.15.2&quot;,&quot;1.23.4&quot;,&quot;1.28.9&quot;,&quot;1.35.1&quot;,&quot;1.35.4&quot;,&quot;1.37.3&quot;,&quot;1.4.6&quot;,&quot;1.43.1&quot;,&quot;10.1.3&quot;,&quot;10.12.2&quot;,&quot;10.17.6&quot;,&quot;10.25.8&quot;,&quot;10.27.4&quot;,&quot;10.30.8&quot;,&quot;10.31.7&quot;,&quot;10.33.2&quot;,&quot;10.36.10&quot;,&quot;10.38.5&quot;,&quot;2.16.6&quot;,&quot;2.17.3&quot;,&quot;2.18.5&quot;,&quot;2.20.6&quot;,&quot;2.22.2&quot;,&quot;2.23.1&quot;,&quot;2.23.5&quot;,&quot;2.24.2&quot;,&quot;2.24.3&quot;,&quot;2.25.5&quot;,&quot;2.30.10&quot;,&quot;2.32.2&quot;,&quot;2.4.2&quot;,&quot;3.12.6&quot;,&quot;3.22.2&quot;,&quot;3.24.11&quot;,&quot;3.26.10&quot;,&quot;3.4.7&quot;,&quot;3.9.3&quot;,&quot;5.13.4&quot;,&quot;5.13.5&quot;,&quot;5.17.10&quot;,&quot;5.18.3&quot;,&quot;5.22.4&quot;,&quot;5.3.4&quot;,&quot;5.4.7&quot;,&quot;6.25.3&quot;,&quot;7.19.6&quot;,&quot;7.19.9&quot;,&quot;7.24.2&quot;,&quot;7.3.7&quot;,&quot;7.6.3&quot;,&quot;8.1.3&quot;,&quot;8.10.10&quot;,&quot;8.10.9&quot;,&quot;8.12.6&quot;,&quot;8.12.9&quot;,&quot;8.15.6&quot;,&quot;8.15.7&quot;,&quot;8.23.4&quot;,&quot;8.24.10&quot;,&quot;8.28.4&quot;,&quot;8.33.2&quot;,&quot;8.44.4&quot;,&quot;8.45.2&quot;,&quot;8.46.2&quot;,&quot;8.5.2&quot;,&quot;8.5.3&quot;,&quot;8.53.7&quot;,&quot;8.6.1&quot;,&quot;9.18.5&quot;,&quot;9.37.7&quot;,&quot;9.39.3&quot;,&quot;9.4.3&quot;,&quot;9.41.2&quot;,&quot;9.5.14&quot;,&quot;9.5.15&quot;]</value></Data>
<Data name="Pleiades"><value>https://pleiades.stoa.org/places/550595</value></Data>
</ExtendedData>
        <Point><coordinates>26.23873,39.9577</coordinates></Point>
      </Placemark>

      <Placemark>
        <name>tomb of Oibotas in chora of Dyme</name>
        <ExtendedData>
<Data name="name"><value>tomb of Oibotas in chora of Dyme</value></Data>
<Data name="region"><value>Achaia Bk7</value></Data>
<Data name="part of"><value>Dymaean chora</value></Data>
<Data name="location"><value>Dyme</value></Data>
<Data name="Wikidata"><value>https://wikidata.org/wiki/Q136487378</value></Data>
<Data name="type"><value>[&quot;tomb mnema&quot;]</value></Data>
<Data name="passages"><value>[&quot;7.17.13&quot;]</value></Data>
</ExtendedData>
        <Point><coordinates>21.551425,38.144625</coordinates></Point>
      </Placemark>

      <Placemark>
        <name>Elis polis</name>
        <ExtendedData>
<Data name="name"><value>Elis polis</value></Data>
<Data name="region"><value>Eleia Bk5 Bk6</value></Data>
<Data name="part of"><value>Eleia Bk5 Bk6</value></Data>
<Data name="altname"><value>on plains road, few houses left</value></Data>
<Data name="Wikidata"><value>https://wikidata.org/wiki/Q217667</value></Data>
<Data name="type"><value>[&quot;polis&quot;]</value></Data>
<Data name="passages"><value>[&quot;1.29.13&quot;,&quot;1.41.6&quot;,&quot;2.15.1&quot;,&quot;3.11.7&quot;,&quot;3.12.8&quot;,&quot;3.8.4&quot;,&quot;4.28.4&quot;,&quot;4.28.5&quot;,&quot;5.1.10&quot;,&quot;5.1.11&quot;,&quot;5.1.4&quot;,&quot;5.1.9&quot;,&quot;5.14.1&quot;,&quot;5.15.11&quot;,&quot;5.15.12&quot;,&quot;5.16.1&quot;,&quot;5.16.5&quot;,&quot;5.16.6&quot;,&quot;5.16.8&quot;,&quot;5.2.5&quot;,&quot;5.21.10&quot;,&quot;5.25.7&quot;,&quot;5.3.1&quot;,&quot;5.3.3&quot;,&quot;5.3.5&quot;,&quot;5.3.6&quot;,&quot;5.4.1&quot;,&quot;5.4.3&quot;,&quot;5.4.4&quot;,&quot;5.4.8&quot;,&quot;5.5.1&quot;,&quot;5.5.2&quot;,&quot;5.5.3&quot;,&quot;5.6.5&quot;,&quot;5.7.1&quot;,&quot;5.8.2&quot;,&quot;5.8.3&quot;,&quot;5.8.6&quot;,&quot;5.9.2&quot;,&quot;6.17.6&quot;,&quot;6.22.5&quot;,&quot;6.22.8&quot;,&quot;6.23.1&quot;,&quot;6.23.6&quot;,&quot;6.23.8&quot;,&quot;6.25.2&quot;,&quot;6.25.6&quot;,&quot;6.26.6&quot;,&quot;7.1.1&quot;,&quot;7.10.2&quot;,&quot;7.17.5&quot;,&quot;7.21.14&quot;,&quot;7.4.7&quot;,&quot;7.6.1&quot;,&quot;8.1.2&quot;,&quot;8.15.5&quot;,&quot;8.25.10&quot;,&quot;8.26.3&quot;,&quot;8.26.4&quot;]</value></Data>
<Data name="Pleiades"><value>https://pleiades.stoa.org/places/570220</value></Data>
<Data name="ToposText"><value>https://topostext.org/place/378214PEli</value></Data>
</ExtendedData>
        <Point><coordinates>21.374,37.89</coordinates></Point>
      </Placemark>

      <Placemark>
        <name>Elis polis</name>
        <ExtendedData>
<Data name="name"><value>Elis polis</value></Data>
<Data name="region"><value>Eleia Bk5 Bk6</value></Data>
<Data name="part of"><value>Eleia Bk5 Bk6</value></Data>
<Data name="altname"><value>on plains road, few houses left</value></Data>
<Data name="Wikidata"><value>https://wikidata.org/wiki/Q217667</value></Data>
<Data name="type"><value>[&quot;polis&quot;]</value></Data>
<Data name="passages"><value>[&quot;1.29.13&quot;,&quot;1.41.6&quot;,&quot;2.15.1&quot;,&quot;3.11.7&quot;,&quot;3.12.8&quot;,&quot;3.8.4&quot;,&quot;4.28.4&quot;,&quot;4.28.5&quot;,&quot;5.1.10&quot;,&quot;5.1.11&quot;,&quot;5.1.4&quot;,&quot;5.1.9&quot;,&quot;5.14.1&quot;,&quot;5.15.11&quot;,&quot;5.15.12&quot;,&quot;5.16.1&quot;,&quot;5.16.5&quot;,&quot;5.16.6&quot;,&quot;5.16.8&quot;,&quot;5.2.5&quot;,&quot;5.21.10&quot;,&quot;5.25.7&quot;,&quot;5.3.1&quot;,&quot;5.3.3&quot;,&quot;5.3.5&quot;,&quot;5.3.6&quot;,&quot;5.4.1&quot;,&quot;5.4.3&quot;,&quot;5.4.4&quot;,&quot;5.4.8&quot;,&quot;5.5.1&quot;,&quot;5.5.2&quot;,&quot;5.5.3&quot;,&quot;5.6.5&quot;,&quot;5.7.1&quot;,&quot;5.8.2&quot;,&quot;5.8.3&quot;,&quot;5.8.6&quot;,&quot;5.9.2&quot;,&quot;6.17.6&quot;,&quot;6.22.5&quot;,&quot;6.22.8&quot;,&quot;6.23.1&quot;,&quot;6.23.6&quot;,&quot;6.23.8&quot;,&quot;6.25.2&quot;,&quot;6.25.6&quot;,&quot;6.26.6&quot;,&quot;7.1.1&quot;,&quot;7.10.2&quot;,&quot;7.17.5&quot;,&quot;7.21.14&quot;,&quot;7.4.7&quot;,&quot;7.6.1&quot;,&quot;8.1.2&quot;,&quot;8.15.5&quot;,&quot;8.25.10&quot;,&quot;8.26.3&quot;,&quot;8.26.4&quot;]</value></Data>
<Data name="Pleiades"><value>https://pleiades.stoa.org/places/570220</value></Data>
<Data name="ToposText"><value>https://topostext.org/place/378214PEli</value></Data>
</ExtendedData>
        <Point><coordinates>21.374,37.89</coordinates></Point>
      </Placemark>

      <Placemark>
        <name>Elis polis</name>
        <ExtendedData>
<Data name="name"><value>Elis polis</value></Data>
<Data name="region"><value>Eleia Bk5 Bk6</value></Data>
<Data name="part of"><value>Eleia Bk5 Bk6</value></Data>
<Data name="altname"><value>on plains road, few houses left</value></Data>
<Data name="Wikidata"><value>https://wikidata.org/wiki/Q217667</value></Data>
<Data name="type"><value>[&quot;polis&quot;]</value></Data>
<Data name="passages"><value>[&quot;1.29.13&quot;,&quot;1.41.6&quot;,&quot;2.15.1&quot;,&quot;3.11.7&quot;,&quot;3.12.8&quot;,&quot;3.8.4&quot;,&quot;4.28.4&quot;,&quot;4.28.5&quot;,&quot;5.1.10&quot;,&quot;5.1.11&quot;,&quot;5.1.4&quot;,&quot;5.1.9&quot;,&quot;5.14.1&quot;,&quot;5.15.11&quot;,&quot;5.15.12&quot;,&quot;5.16.1&quot;,&quot;5.16.5&quot;,&quot;5.16.6&quot;,&quot;5.16.8&quot;,&quot;5.2.5&quot;,&quot;5.21.10&quot;,&quot;5.25.7&quot;,&quot;5.3.1&quot;,&quot;5.3.3&quot;,&quot;5.3.5&quot;,&quot;5.3.6&quot;,&quot;5.4.1&quot;,&quot;5.4.3&quot;,&quot;5.4.4&quot;,&quot;5.4.8&quot;,&quot;5.5.1&quot;,&quot;5.5.2&quot;,&quot;5.5.3&quot;,&quot;5.6.5&quot;,&quot;5.7.1&quot;,&quot;5.8.2&quot;,&quot;5.8.3&quot;,&quot;5.8.6&quot;,&quot;5.9.2&quot;,&quot;6.17.6&quot;,&quot;6.22.5&quot;,&quot;6.22.8&quot;,&quot;6.23.1&quot;,&quot;6.23.6&quot;,&quot;6.23.8&quot;,&quot;6.25.2&quot;,&quot;6.25.6&quot;,&quot;6.26.6&quot;,&quot;7.1.1&quot;,&quot;7.10.2&quot;,&quot;7.17.5&quot;,&quot;7.21.14&quot;,&quot;7.4.7&quot;,&quot;7.6.1&quot;,&quot;8.1.2&quot;,&quot;8.15.5&quot;,&quot;8.25.10&quot;,&quot;8.26.3&quot;,&quot;8.26.4&quot;]</value></Data>
<Data name="Pleiades"><value>https://pleiades.stoa.org/places/570220</value></Data>
<Data name="ToposText"><value>https://topostext.org/place/378214PEli</value></Data>
</ExtendedData>
        <Point><coordinates>21.374,37.89</coordinates></Point>
      </Placemark>

      <Placemark>
        <name>Elis polis</name>
        <ExtendedData>
<Data name="name"><value>Elis polis</value></Data>
<Data name="region"><value>Eleia Bk5 Bk6</value></Data>
<Data name="part of"><value>Eleia Bk5 Bk6</value></Data>
<Data name="altname"><value>on plains road, few houses left</value></Data>
<Data name="Wikidata"><value>https://wikidata.org/wiki/Q217667</value></Data>
<Data name="type"><value>[&quot;polis&quot;]</value></Data>
<Data name="passages"><value>[&quot;1.29.13&quot;,&quot;1.41.6&quot;,&quot;2.15.1&quot;,&quot;3.11.7&quot;,&quot;3.12.8&quot;,&quot;3.8.4&quot;,&quot;4.28.4&quot;,&quot;4.28.5&quot;,&quot;5.1.10&quot;,&quot;5.1.11&quot;,&quot;5.1.4&quot;,&quot;5.1.9&quot;,&quot;5.14.1&quot;,&quot;5.15.11&quot;,&quot;5.15.12&quot;,&quot;5.16.1&quot;,&quot;5.16.5&quot;,&quot;5.16.6&quot;,&quot;5.16.8&quot;,&quot;5.2.5&quot;,&quot;5.21.10&quot;,&quot;5.25.7&quot;,&quot;5.3.1&quot;,&quot;5.3.3&quot;,&quot;5.3.5&quot;,&quot;5.3.6&quot;,&quot;5.4.1&quot;,&quot;5.4.3&quot;,&quot;5.4.4&quot;,&quot;5.4.8&quot;,&quot;5.5.1&quot;,&quot;5.5.2&quot;,&quot;5.5.3&quot;,&quot;5.6.5&quot;,&quot;5.7.1&quot;,&quot;5.8.2&quot;,&quot;5.8.3&quot;,&quot;5.8.6&quot;,&quot;5.9.2&quot;,&quot;6.17.6&quot;,&quot;6.22.5&quot;,&quot;6.22.8&quot;,&quot;6.23.1&quot;,&quot;6.23.6&quot;,&quot;6.23.8&quot;,&quot;6.25.2&quot;,&quot;6.25.6&quot;,&quot;6.26.6&quot;,&quot;7.1.1&quot;,&quot;7.10.2&quot;,&quot;7.17.5&quot;,&quot;7.21.14&quot;,&quot;7.4.7&quot;,&quot;7.6.1&quot;,&quot;8.1.2&quot;,&quot;8.15.5&quot;,&quot;8.25.10&quot;,&quot;8.26.3&quot;,&quot;8.26.4&quot;]</value></Data>
<Data name="Pleiades"><value>https://pleiades.stoa.org/places/570220</value></Data>
<Data name="ToposText"><value>https://topostext.org/place/378214PEli</value></Data>
</ExtendedData>
        <Point><coordinates>21.374,37.89</coordinates></Point>
      </Placemark>

      <Placemark>
        <name>Elis polis</name>
        <ExtendedData>
<Data name="name"><value>Elis polis</value></Data>
<Data name="region"><value>Eleia Bk5 Bk6</value></Data>
<Data name="part of"><value>Eleia Bk5 Bk6</value></Data>
<Data name="altname"><value>on plains road, few houses left</value></Data>
<Data name="Wikidata"><value>https://wikidata.org/wiki/Q217667</value></Data>
<Data name="type"><value>[&quot;polis&quot;]</value></Data>
<Data name="passages"><value>[&quot;1.29.13&quot;,&quot;1.41.6&quot;,&quot;2.15.1&quot;,&quot;3.11.7&quot;,&quot;3.12.8&quot;,&quot;3.8.4&quot;,&quot;4.28.4&quot;,&quot;4.28.5&quot;,&quot;5.1.10&quot;,&quot;5.1.11&quot;,&quot;5.1.4&quot;,&quot;5.1.9&quot;,&quot;5.14.1&quot;,&quot;5.15.11&quot;,&quot;5.15.12&quot;,&quot;5.16.1&quot;,&quot;5.16.5&quot;,&quot;5.16.6&quot;,&quot;5.16.8&quot;,&quot;5.2.5&quot;,&quot;5.21.10&quot;,&quot;5.25.7&quot;,&quot;5.3.1&quot;,&quot;5.3.3&quot;,&quot;5.3.5&quot;,&quot;5.3.6&quot;,&quot;5.4.1&quot;,&quot;5.4.3&quot;,&quot;5.4.4&quot;,&quot;5.4.8&quot;,&quot;5.5.1&quot;,&quot;5.5.2&quot;,&quot;5.5.3&quot;,&quot;5.6.5&quot;,&quot;5.7.1&quot;,&quot;5.8.2&quot;,&quot;5.8.3&quot;,&quot;5.8.6&quot;,&quot;5.9.2&quot;,&quot;6.17.6&quot;,&quot;6.22.5&quot;,&quot;6.22.8&quot;,&quot;6.23.1&quot;,&quot;6.23.6&quot;,&quot;6.23.8&quot;,&quot;6.25.2&quot;,&quot;6.25.6&quot;,&quot;6.26.6&quot;,&quot;7.1.1&quot;,&quot;7.10.2&quot;,&quot;7.17.5&quot;,&quot;7.21.14&quot;,&quot;7.4.7&quot;,&quot;7.6.1&quot;,&quot;8.1.2&quot;,&quot;8.15.5&quot;,&quot;8.25.10&quot;,&quot;8.26.3&quot;,&quot;8.26.4&quot;]</value></Data>
<Data name="Pleiades"><value>https://pleiades.stoa.org/places/570220</value></Data>
<Data name="ToposText"><value>https://topostext.org/place/378214PEli</value></Data>
</ExtendedData>
        <Point><coordinates>21.374,37.89</coordinates></Point>
      </Placemark>

      <Placemark>
        <name>Elis polis</name>
        <ExtendedData>
<Data name="name"><value>Elis polis</value></Data>
<Data name="region"><value>Eleia Bk5 Bk6</value></Data>
<Data name="part of"><value>Eleia Bk5 Bk6</value></Data>
<Data name="altname"><value>on plains road, few houses left</value></Data>
<Data name="Wikidata"><value>https://wikidata.org/wiki/Q217667</value></Data>
<Data name="type"><value>[&quot;polis&quot;]</value></Data>
<Data name="passages"><value>[&quot;1.29.13&quot;,&quot;1.41.6&quot;,&quot;2.15.1&quot;,&quot;3.11.7&quot;,&quot;3.12.8&quot;,&quot;3.8.4&quot;,&quot;4.28.4&quot;,&quot;4.28.5&quot;,&quot;5.1.10&quot;,&quot;5.1.11&quot;,&quot;5.1.4&quot;,&quot;5.1.9&quot;,&quot;5.14.1&quot;,&quot;5.15.11&quot;,&quot;5.15.12&quot;,&quot;5.16.1&quot;,&quot;5.16.5&quot;,&quot;5.16.6&quot;,&quot;5.16.8&quot;,&quot;5.2.5&quot;,&quot;5.21.10&quot;,&quot;5.25.7&quot;,&quot;5.3.1&quot;,&quot;5.3.3&quot;,&quot;5.3.5&quot;,&quot;5.3.6&quot;,&quot;5.4.1&quot;,&quot;5.4.3&quot;,&quot;5.4.4&quot;,&quot;5.4.8&quot;,&quot;5.5.1&quot;,&quot;5.5.2&quot;,&quot;5.5.3&quot;,&quot;5.6.5&quot;,&quot;5.7.1&quot;,&quot;5.8.2&quot;,&quot;5.8.3&quot;,&quot;5.8.6&quot;,&quot;5.9.2&quot;,&quot;6.17.6&quot;,&quot;6.22.5&quot;,&quot;6.22.8&quot;,&quot;6.23.1&quot;,&quot;6.23.6&quot;,&quot;6.23.8&quot;,&quot;6.25.2&quot;,&quot;6.25.6&quot;,&quot;6.26.6&quot;,&quot;7.1.1&quot;,&quot;7.10.2&quot;,&quot;7.17.5&quot;,&quot;7.21.14&quot;,&quot;7.4.7&quot;,&quot;7.6.1&quot;,&quot;8.1.2&quot;,&quot;8.15.5&quot;,&quot;8.25.10&quot;,&quot;8.26.3&quot;,&quot;8.26.4&quot;]</value></Data>
<Data name="Pleiades"><value>https://pleiades.stoa.org/places/570220</value></Data>
<Data name="ToposText"><value>https://topostext.org/place/378214PEli</value></Data>
</ExtendedData>
        <Point><coordinates>21.374,37.89</coordinates></Point>
      </Placemark>

      <Placemark>
        <name>Antheia? Ortos (Achaia)</name>
        <ExtendedData>
<Data name="name"><value>Antheia? Ortos (Achaia)</value></Data>
<Data name="region"><value>Achaia Bk7</value></Data>
<Data name="part of"><value>Achaia Bk7</value></Data>
<Data name="Wikidata"><value>https://wikidata.org/wiki/Q12872273</value></Data>
<Data name="type"><value>[&quot;settlement&quot;]</value></Data>
<Data name="passages"><value>[&quot;7.18.3&quot;,&quot;7.18.4&quot;,&quot;7.18.5&quot;,&quot;7.18.6&quot;,&quot;7.19.1&quot;]</value></Data>
<Data name="Pleiades"><value>https://pleiades.stoa.org/places/573098</value></Data>
<Data name="ToposText"><value>https://topostext.org/place/383218UAnt</value></Data>
</ExtendedData>
        <Point><coordinates>21.8016,38.278</coordinates></Point>
      </Placemark>

      <Placemark>
        <name>Antheia? Ortos (Achaia)</name>
        <ExtendedData>
<Data name="name"><value>Antheia? Ortos (Achaia)</value></Data>
<Data name="region"><value>Achaia Bk7</value></Data>
<Data name="part of"><value>Achaia Bk7</value></Data>
<Data name="Wikidata"><value>https://wikidata.org/wiki/Q12872273</value></Data>
<Data name="type"><value>[&quot;settlement&quot;]</value></Data>
<Data name="passages"><value>[&quot;7.18.3&quot;,&quot;7.18.4&quot;,&quot;7.18.5&quot;,&quot;7.18.6&quot;,&quot;7.19.1&quot;]</value></Data>
<Data name="Pleiades"><value>https://pleiades.stoa.org/places/573098</value></Data>
<Data name="ToposText"><value>https://topostext.org/place/383218UAnt</value></Data>
</ExtendedData>
        <Point><coordinates>21.8016,38.278</coordinates></Point>
      </Placemark>

      <Placemark>
        <name>Antheia? Ortos (Achaia)</name>
        <ExtendedData>
<Data name="name"><value>Antheia? Ortos (Achaia)</value></Data>
<Data name="region"><value>Achaia Bk7</value></Data>
<Data name="part of"><value>Achaia Bk7</value></Data>
<Data name="Wikidata"><value>https://wikidata.org/wiki/Q12872273</value></Data>
<Data name="type"><value>[&quot;settlement&quot;]</value></Data>
<Data name="passages"><value>[&quot;7.18.3&quot;,&quot;7.18.4&quot;,&quot;7.18.5&quot;,&quot;7.18.6&quot;,&quot;7.19.1&quot;]</value></Data>
<Data name="Pleiades"><value>https://pleiades.stoa.org/places/573098</value></Data>
<Data name="ToposText"><value>https://topostext.org/place/383218UAnt</value></Data>
</ExtendedData>
        <Point><coordinates>21.8016,38.278</coordinates></Point>
      </Placemark>

      <Placemark>
        <name>Antheia? Ortos (Achaia)</name>
        <ExtendedData>
<Data name="name"><value>Antheia? Ortos (Achaia)</value></Data>
<Data name="region"><value>Achaia Bk7</value></Data>
<Data name="part of"><value>Achaia Bk7</value></Data>
<Data name="Wikidata"><value>https://wikidata.org/wiki/Q12872273</value></Data>
<Data name="type"><value>[&quot;settlement&quot;]</value></Data>
<Data name="passages"><value>[&quot;7.18.3&quot;,&quot;7.18.4&quot;,&quot;7.18.5&quot;,&quot;7.18.6&quot;,&quot;7.19.1&quot;]</value></Data>
<Data name="Pleiades"><value>https://pleiades.stoa.org/places/573098</value></Data>
<Data name="ToposText"><value>https://topostext.org/place/383218UAnt</value></Data>
</ExtendedData>
        <Point><coordinates>21.8016,38.278</coordinates></Point>
      </Placemark>

      <Placemark>
        <name>Antheia? Ortos (Achaia)</name>
        <ExtendedData>
<Data name="name"><value>Antheia? Ortos (Achaia)</value></Data>
<Data name="region"><value>Achaia Bk7</value></Data>
<Data name="part of"><value>Achaia Bk7</value></Data>
<Data name="Wikidata"><value>https://wikidata.org/wiki/Q12872273</value></Data>
<Data name="type"><value>[&quot;settlement&quot;]</value></Data>
<Data name="passages"><value>[&quot;7.18.3&quot;,&quot;7.18.4&quot;,&quot;7.18.5&quot;,&quot;7.18.6&quot;,&quot;7.19.1&quot;]</value></Data>
<Data name="Pleiades"><value>https://pleiades.stoa.org/places/573098</value></Data>
<Data name="ToposText"><value>https://topostext.org/place/383218UAnt</value></Data>
</ExtendedData>
        <Point><coordinates>21.8016,38.278</coordinates></Point>
      </Placemark>

      <Placemark>
        <name>Charadros river, Achaia</name>
        <ExtendedData>
<Data name="name"><value>Charadros river, Achaia</value></Data>
<Data name="region"><value>Achaia Bk7</value></Data>
<Data name="part of"><value>Achaia Bk7</value></Data>
<Data name="Wikidata"><value>https://wikidata.org/wiki/Q3558316 </value></Data>
<Data name="type"><value>[&quot;river&quot;]</value></Data>
<Data name="passages"><value>[&quot;7.22.11&quot;,&quot;7.23.1&quot;]</value></Data>
<Data name="Pleiades"><value>https://pleiades.stoa.org/places/570172</value></Data>
</ExtendedData>
        <Point><coordinates>21.798,38.2893</coordinates></Point>
      </Placemark>

      <Placemark>
        <name>Charadros river, Achaia</name>
        <ExtendedData>
<Data name="name"><value>Charadros river, Achaia</value></Data>
<Data name="region"><value>Achaia Bk7</value></Data>
<Data name="part of"><value>Achaia Bk7</value></Data>
<Data name="Wikidata"><value>https://wikidata.org/wiki/Q3558316 </value></Data>
<Data name="type"><value>[&quot;river&quot;]</value></Data>
<Data name="passages"><value>[&quot;7.22.11&quot;,&quot;7.23.1&quot;]</value></Data>
<Data name="Pleiades"><value>https://pleiades.stoa.org/places/570172</value></Data>
</ExtendedData>
        <Point><coordinates>21.798,38.2893</coordinates></Point>
      </Placemark>

      <Placemark>
        <name>Crathis/Crater (river)</name>
        <ExtendedData>
<Data name="name"><value>Crathis/Crater (river)</value></Data>
<Data name="region"><value>Italia (Europe)</value></Data>
<Data name="part of"><value>Italia (Europe)</value></Data>
<Data name="altname"><value>river of Calabria named after Krathis in Achaia</value></Data>
<Data name="Wikidata"><value>https://wikidata.org/wiki/Q660005</value></Data>
<Data name="type"><value>[&quot;river&quot;]</value></Data>
<Data name="passages"><value>[&quot;7.25.11&quot;,&quot;8.15.9&quot;]</value></Data>
<Data name="Pleiades"><value>https://pleiades.stoa.org/places/452315</value></Data>
</ExtendedData>
        <Point><coordinates>16.2544973,39.3801999</coordinates></Point>
      </Placemark>

      <Placemark>
        <name>Arethusae spring in Ortygia, Syracuse</name>
        <ExtendedData>
<Data name="name"><value>Arethusae spring in Ortygia, Syracuse</value></Data>
<Data name="region"><value>Sicilia (island)</value></Data>
<Data name="part of"><value>Syracusae/Syrakousai</value></Data>
<Data name="Wikidata"><value>https://wikidata.org/wiki/Q3747483</value></Data>
<Data name="type"><value>[&quot;spring pege&quot;]</value></Data>
<Data name="passages"><value>[&quot;5.7.2&quot;,&quot;5.7.3&quot;,&quot;7.24.3&quot;,&quot;8.54.3&quot;]</value></Data>
<Data name="Pleiades"><value>https://pleiades.stoa.org/places/462101</value></Data>
<Data name="ToposText"><value>https://topostext.org/place/371153WAre</value></Data>
</ExtendedData>
        <Point><coordinates>15.292958,37.057294</coordinates></Point>
      </Placemark>

      <Placemark>
        <name>Hyperasia</name>
        <ExtendedData>
<Data name="name"><value>Hyperasia</value></Data>
<Data name="region"><value>Achaia Bk7</value></Data>
<Data name="part of"><value>Achaia Bk7</value></Data>
<Data name="Wikidata"><value>https://wikidata.org/wiki/Q3563508</value></Data>
<Data name="type"><value>[&quot;polis&quot;]</value></Data>
<Data name="passages"><value>[&quot;7.26.2&quot;]</value></Data>
<Data name="Pleiades"><value>https://pleiades.stoa.org/places/573256</value></Data>
</ExtendedData>
        <Point><coordinates>22.3736,38.1268</coordinates></Point>
      </Placemark>

      <Placemark>
        <name>Phthiotis</name>
        <ExtendedData>
<Data name="name"><value>Phthiotis</value></Data>
<Data name="region"><value>Hellas (Europe)</value></Data>
<Data name="part of"><value>Hellas (Europe)</value></Data>
<Data name="Wikidata"><value>https://wikidata.org/wiki/Q2089144</value></Data>
<Data name="type"><value>[&quot;chora/region&quot;]</value></Data>
<Data name="passages"><value>[&quot;10.20.6&quot;,&quot;6.11.5&quot;,&quot;7.1.6&quot;]</value></Data>
<Data name="Pleiades"><value>https://pleiades.stoa.org/places/541052</value></Data>
</ExtendedData>
        <Point><coordinates>22.6337672,38.8678937</coordinates></Point>
      </Placemark>

      <Placemark>
        <name>Phocaea</name>
        <ExtendedData>
<Data name="name"><value>Phocaea</value></Data>
<Data name="region"><value>Asia Minor (Asia)</value></Data>
<Data name="part of"><value>Ionia (region)</value></Data>
<Data name="Wikidata"><value>https://wikidata.org/wiki/Q428732</value></Data>
<Data name="type"><value>[&quot;polis&quot;]</value></Data>
<Data name="passages"><value>[&quot;10.8.6&quot;,&quot;7.5.4&quot;]</value></Data>
<Data name="Pleiades"><value>https://pleiades.stoa.org/places/550823</value></Data>
</ExtendedData>
        <Point><coordinates>26.75261,38.6684</coordinates></Point>
      </Placemark>

      <Placemark>
        <name>Tomb of Sostratos near Dyme, on right of road</name>
        <ExtendedData>
<Data name="name"><value>Tomb of Sostratos near Dyme, on right of road</value></Data>
<Data name="region"><value>Achaia Bk7</value></Data>
<Data name="part of"><value>Dymaean chora</value></Data>
<Data name="location"><value>Dyme</value></Data>
<Data name="Wikidata"><value>https://wikidata.org/wiki/Q136487379</value></Data>
<Data name="type"><value>[&quot;tomb mnema&quot;]</value></Data>
<Data name="passages"><value>[&quot;7.17.8&quot;]</value></Data>
<Data name="Manto"><value>https://resource.manto.unh.edu/10272581</value></Data>
</ExtendedData>
        <Point><coordinates>21.551425,38.144625</coordinates></Point>
      </Placemark>

      <Placemark>
        <name>Grove of Hera at Aigion</name>
        <ExtendedData>
<Data name="name"><value>Grove of Hera at Aigion</value></Data>
<Data name="region"><value>Achaia Bk7</value></Data>
<Data name="part of"><value>Aigion (Achaia)</value></Data>
<Data name="location"><value>Aigion (Achaia)</value></Data>
<Data name="type"><value>[&quot;grove&quot;]</value></Data>
<Data name="passages"><value>[&quot;7.23.9&quot;]</value></Data>
</ExtendedData>
        <Point><coordinates>22.09,38.252</coordinates></Point>
      </Placemark>

      <Placemark>
        <name>Fort of Anaea (Annaea)</name>
        <ExtendedData>
<Data name="name"><value>Fort of Anaea (Annaea)</value></Data>
<Data name="region"><value>Thrace (Europe)</value></Data>
<Data name="part of"><value>Thrace (Europe)</value></Data>
<Data name="location"><value>Thrace (Europe)</value></Data>
<Data name="altname"><value>fort on mainland opposite Samothrace</value></Data>
<Data name="type"><value>[&quot;fortification&quot;]</value></Data>
<Data name="passages"><value>[&quot;7.4.3&quot;]</value></Data>
</ExtendedData>
        <Point><coordinates>26.5,41</coordinates></Point>
      </Placemark>

      <Placemark>
        <name>Gaios sanctuary of Ge Eurysternos, Achaia</name>
        <ExtendedData>
<Data name="name"><value>Gaios sanctuary of Ge Eurysternos, Achaia</value></Data>
<Data name="region"><value>Achaia Bk7</value></Data>
<Data name="part of"><value>Achaia Bk7</value></Data>
<Data name="Wikidata"><value>https://wikidata.org/wiki/Q134037132</value></Data>
<Data name="type"><value>[&quot;hieron&quot;]</value></Data>
<Data name="passages"><value>[&quot;7.25.13&quot;]</value></Data>
</ExtendedData>
        <Point><coordinates>22.33439,38.1705</coordinates></Point>
      </Placemark>

      <Placemark>
        <name>Gates of Patrae leading to Mesatis</name>
        <ExtendedData>
<Data name="name"><value>Gates of Patrae leading to Mesatis</value></Data>
<Data name="region"><value>Achaia Bk7</value></Data>
<Data name="part of"><value>Patrae</value></Data>
<Data name="location"><value>Patrae</value></Data>
<Data name="type"><value>[&quot;gate&quot;]</value></Data>
<Data name="passages"><value>[&quot;7.21.14&quot;]</value></Data>
</ExtendedData>
        <Point><coordinates>21.738518,38.243265</coordinates></Point>
      </Placemark>

      <Placemark>
        <name>Ionia (region)</name>
        <ExtendedData>
<Data name="name"><value>Ionia (region)</value></Data>
<Data name="region"><value>Asia (continent)</value></Data>
<Data name="part of"><value>Asia Minor (Asia)</value></Data>
<Data name="Wikidata"><value>https://wikidata.org/wiki/Q620874</value></Data>
<Data name="type"><value>[&quot;chora/region&quot;]</value></Data>
<Data name="passages"><value>[&quot;1.1.5&quot;,&quot;1.29.5&quot;,&quot;10.24.1&quot;,&quot;10.32.4&quot;,&quot;10.33.2&quot;,&quot;10.8.6&quot;,&quot;2.31.6&quot;,&quot;3.2.1&quot;,&quot;3.9.6&quot;,&quot;5.21.13&quot;,&quot;5.27.12&quot;,&quot;5.7.5&quot;,&quot;6.24.2&quot;,&quot;6.3.15&quot;,&quot;7.3.7&quot;,&quot;7.3.8&quot;,&quot;7.5.10&quot;,&quot;7.5.12&quot;,&quot;7.5.13&quot;,&quot;7.5.4&quot;,&quot;8.43.4&quot;,&quot;8.45.5&quot;,&quot;9.19.8&quot;,&quot;9.21.6&quot;,&quot;9.27.1&quot;,&quot;9.27.8&quot;,&quot;9.33.2&quot;,&quot;9.37.8&quot;]</value></Data>
<Data name="Pleiades"><value>https://pleiades.stoa.org/places/550597</value></Data>
</ExtendedData>
        <Point><coordinates>27.366012129999998,38.25857286</coordinates></Point>
      </Placemark>

      <Placemark>
        <name>Ionia (region)</name>
        <ExtendedData>
<Data name="name"><value>Ionia (region)</value></Data>
<Data name="region"><value>Asia (continent)</value></Data>
<Data name="part of"><value>Asia Minor (Asia)</value></Data>
<Data name="Wikidata"><value>https://wikidata.org/wiki/Q620874</value></Data>
<Data name="type"><value>[&quot;chora/region&quot;]</value></Data>
<Data name="passages"><value>[&quot;1.1.5&quot;,&quot;1.29.5&quot;,&quot;10.24.1&quot;,&quot;10.32.4&quot;,&quot;10.33.2&quot;,&quot;10.8.6&quot;,&quot;2.31.6&quot;,&quot;3.2.1&quot;,&quot;3.9.6&quot;,&quot;5.21.13&quot;,&quot;5.27.12&quot;,&quot;5.7.5&quot;,&quot;6.24.2&quot;,&quot;6.3.15&quot;,&quot;7.3.7&quot;,&quot;7.3.8&quot;,&quot;7.5.10&quot;,&quot;7.5.12&quot;,&quot;7.5.13&quot;,&quot;7.5.4&quot;,&quot;8.43.4&quot;,&quot;8.45.5&quot;,&quot;9.19.8&quot;,&quot;9.21.6&quot;,&quot;9.27.1&quot;,&quot;9.27.8&quot;,&quot;9.33.2&quot;,&quot;9.37.8&quot;]</value></Data>
<Data name="Pleiades"><value>https://pleiades.stoa.org/places/550597</value></Data>
</ExtendedData>
        <Point><coordinates>27.366012129999998,38.25857286</coordinates></Point>
      </Placemark>

      <Placemark>
        <name>Ionia (region)</name>
        <ExtendedData>
<Data name="name"><value>Ionia (region)</value></Data>
<Data name="region"><value>Asia (continent)</value></Data>
<Data name="part of"><value>Asia Minor (Asia)</value></Data>
<Data name="Wikidata"><value>https://wikidata.org/wiki/Q620874</value></Data>
<Data name="type"><value>[&quot;chora/region&quot;]</value></Data>
<Data name="passages"><value>[&quot;1.1.5&quot;,&quot;1.29.5&quot;,&quot;10.24.1&quot;,&quot;10.32.4&quot;,&quot;10.33.2&quot;,&quot;10.8.6&quot;,&quot;2.31.6&quot;,&quot;3.2.1&quot;,&quot;3.9.6&quot;,&quot;5.21.13&quot;,&quot;5.27.12&quot;,&quot;5.7.5&quot;,&quot;6.24.2&quot;,&quot;6.3.15&quot;,&quot;7.3.7&quot;,&quot;7.3.8&quot;,&quot;7.5.10&quot;,&quot;7.5.12&quot;,&quot;7.5.13&quot;,&quot;7.5.4&quot;,&quot;8.43.4&quot;,&quot;8.45.5&quot;,&quot;9.19.8&quot;,&quot;9.21.6&quot;,&quot;9.27.1&quot;,&quot;9.27.8&quot;,&quot;9.33.2&quot;,&quot;9.37.8&quot;]</value></Data>
<Data name="Pleiades"><value>https://pleiades.stoa.org/places/550597</value></Data>
</ExtendedData>
        <Point><coordinates>27.366012129999998,38.25857286</coordinates></Point>
      </Placemark>

      <Placemark>
        <name>Ionia (region)</name>
        <ExtendedData>
<Data name="name"><value>Ionia (region)</value></Data>
<Data name="region"><value>Asia (continent)</value></Data>
<Data name="part of"><value>Asia Minor (Asia)</value></Data>
<Data name="Wikidata"><value>https://wikidata.org/wiki/Q620874</value></Data>
<Data name="type"><value>[&quot;chora/region&quot;]</value></Data>
<Data name="passages"><value>[&quot;1.1.5&quot;,&quot;1.29.5&quot;,&quot;10.24.1&quot;,&quot;10.32.4&quot;,&quot;10.33.2&quot;,&quot;10.8.6&quot;,&quot;2.31.6&quot;,&quot;3.2.1&quot;,&quot;3.9.6&quot;,&quot;5.21.13&quot;,&quot;5.27.12&quot;,&quot;5.7.5&quot;,&quot;6.24.2&quot;,&quot;6.3.15&quot;,&quot;7.3.7&quot;,&quot;7.3.8&quot;,&quot;7.5.10&quot;,&quot;7.5.12&quot;,&quot;7.5.13&quot;,&quot;7.5.4&quot;,&quot;8.43.4&quot;,&quot;8.45.5&quot;,&quot;9.19.8&quot;,&quot;9.21.6&quot;,&quot;9.27.1&quot;,&quot;9.27.8&quot;,&quot;9.33.2&quot;,&quot;9.37.8&quot;]</value></Data>
<Data name="Pleiades"><value>https://pleiades.stoa.org/places/550597</value></Data>
</ExtendedData>
        <Point><coordinates>27.366012129999998,38.25857286</coordinates></Point>
      </Placemark>

      <Placemark>
        <name>Ionia (region)</name>
        <ExtendedData>
<Data name="name"><value>Ionia (region)</value></Data>
<Data name="region"><value>Asia (continent)</value></Data>
<Data name="part of"><value>Asia Minor (Asia)</value></Data>
<Data name="Wikidata"><value>https://wikidata.org/wiki/Q620874</value></Data>
<Data name="type"><value>[&quot;chora/region&quot;]</value></Data>
<Data name="passages"><value>[&quot;1.1.5&quot;,&quot;1.29.5&quot;,&quot;10.24.1&quot;,&quot;10.32.4&quot;,&quot;10.33.2&quot;,&quot;10.8.6&quot;,&quot;2.31.6&quot;,&quot;3.2.1&quot;,&quot;3.9.6&quot;,&quot;5.21.13&quot;,&quot;5.27.12&quot;,&quot;5.7.5&quot;,&quot;6.24.2&quot;,&quot;6.3.15&quot;,&quot;7.3.7&quot;,&quot;7.3.8&quot;,&quot;7.5.10&quot;,&quot;7.5.12&quot;,&quot;7.5.13&quot;,&quot;7.5.4&quot;,&quot;8.43.4&quot;,&quot;8.45.5&quot;,&quot;9.19.8&quot;,&quot;9.21.6&quot;,&quot;9.27.1&quot;,&quot;9.27.8&quot;,&quot;9.33.2&quot;,&quot;9.37.8&quot;]</value></Data>
<Data name="Pleiades"><value>https://pleiades.stoa.org/places/550597</value></Data>
</ExtendedData>
        <Point><coordinates>27.366012129999998,38.25857286</coordinates></Point>
      </Placemark>

      <Placemark>
        <name>Ionia (region)</name>
        <ExtendedData>
<Data name="name"><value>Ionia (region)</value></Data>
<Data name="region"><value>Asia (continent)</value></Data>
<Data name="part of"><value>Asia Minor (Asia)</value></Data>
<Data name="Wikidata"><value>https://wikidata.org/wiki/Q620874</value></Data>
<Data name="type"><value>[&quot;chora/region&quot;]</value></Data>
<Data name="passages"><value>[&quot;1.1.5&quot;,&quot;1.29.5&quot;,&quot;10.24.1&quot;,&quot;10.32.4&quot;,&quot;10.33.2&quot;,&quot;10.8.6&quot;,&quot;2.31.6&quot;,&quot;3.2.1&quot;,&quot;3.9.6&quot;,&quot;5.21.13&quot;,&quot;5.27.12&quot;,&quot;5.7.5&quot;,&quot;6.24.2&quot;,&quot;6.3.15&quot;,&quot;7.3.7&quot;,&quot;7.3.8&quot;,&quot;7.5.10&quot;,&quot;7.5.12&quot;,&quot;7.5.13&quot;,&quot;7.5.4&quot;,&quot;8.43.4&quot;,&quot;8.45.5&quot;,&quot;9.19.8&quot;,&quot;9.21.6&quot;,&quot;9.27.1&quot;,&quot;9.27.8&quot;,&quot;9.33.2&quot;,&quot;9.37.8&quot;]</value></Data>
<Data name="Pleiades"><value>https://pleiades.stoa.org/places/550597</value></Data>
</ExtendedData>
        <Point><coordinates>27.366012129999998,38.25857286</coordinates></Point>
      </Placemark>

      <Placemark>
        <name>Argolid Bk2</name>
        <ExtendedData>
<Data name="name"><value>Argolid Bk2</value></Data>
<Data name="region"><value></value></Data>
<Data name="part of"><value>Peloponnesos</value></Data>
<Data name="altname"><value>Argolis region</value></Data>
<Data name="Wikidata"><value>https://wikidata.org/wiki/Q12649101</value></Data>
<Data name="type"><value>[&quot;chora/region&quot;]</value></Data>
<Data name="passages"><value>[&quot;10.10.4&quot;,&quot;10.15.1&quot;,&quot;10.18.5&quot;,&quot;2.1.1&quot;,&quot;2.15.4&quot;,&quot;2.15.5&quot;,&quot;2.16.2&quot;,&quot;2.18.4&quot;,&quot;2.18.7&quot;,&quot;2.20.1&quot;,&quot;2.24.7&quot;,&quot;2.25.5&quot;,&quot;2.26.1&quot;,&quot;2.28.2&quot;,&quot;2.29.5&quot;,&quot;2.35.4&quot;,&quot;2.36.4&quot;,&quot;2.38.4&quot;,&quot;2.38.7&quot;,&quot;2.7.1&quot;,&quot;3.2.2&quot;,&quot;3.23.6&quot;,&quot;3.4.1&quot;,&quot;3.5.8&quot;,&quot;3.5.9&quot;,&quot;3.7.3&quot;,&quot;3.7.4&quot;,&quot;4.11.8&quot;,&quot;4.29.2&quot;,&quot;4.34.10&quot;,&quot;4.34.12&quot;,&quot;4.35.2&quot;,&quot;5.10.9&quot;,&quot;5.23.2&quot;,&quot;6.20.7&quot;,&quot;7.25.5&quot;,&quot;7.26.12&quot;,&quot;8.1.1&quot;,&quot;8.1.2&quot;,&quot;8.22.1&quot;,&quot;8.22.3&quot;,&quot;8.27.1&quot;,&quot;8.3.3&quot;,&quot;8.33.3&quot;,&quot;8.4.6&quot;,&quot;8.54.7&quot;,&quot;8.6.4&quot;,&quot;8.6.6&quot;,&quot;8.7.2&quot;]</value></Data>
<Data name="Pleiades"><value>https://pleiades.stoa.org/places/570104</value></Data>
<Data name="ToposText"><value>https://topostext.org/place/374229RArg</value></Data>
</ExtendedData>
        <Point><coordinates>22.9,37.67</coordinates></Point>
      </Placemark>

      <Placemark>
        <name>Argolid Bk2</name>
        <ExtendedData>
<Data name="name"><value>Argolid Bk2</value></Data>
<Data name="region"><value></value></Data>
<Data name="part of"><value>Peloponnesos</value></Data>
<Data name="altname"><value>Argolis region</value></Data>
<Data name="Wikidata"><value>https://wikidata.org/wiki/Q12649101</value></Data>
<Data name="type"><value>[&quot;chora/region&quot;]</value></Data>
<Data name="passages"><value>[&quot;10.10.4&quot;,&quot;10.15.1&quot;,&quot;10.18.5&quot;,&quot;2.1.1&quot;,&quot;2.15.4&quot;,&quot;2.15.5&quot;,&quot;2.16.2&quot;,&quot;2.18.4&quot;,&quot;2.18.7&quot;,&quot;2.20.1&quot;,&quot;2.24.7&quot;,&quot;2.25.5&quot;,&quot;2.26.1&quot;,&quot;2.28.2&quot;,&quot;2.29.5&quot;,&quot;2.35.4&quot;,&quot;2.36.4&quot;,&quot;2.38.4&quot;,&quot;2.38.7&quot;,&quot;2.7.1&quot;,&quot;3.2.2&quot;,&quot;3.23.6&quot;,&quot;3.4.1&quot;,&quot;3.5.8&quot;,&quot;3.5.9&quot;,&quot;3.7.3&quot;,&quot;3.7.4&quot;,&quot;4.11.8&quot;,&quot;4.29.2&quot;,&quot;4.34.10&quot;,&quot;4.34.12&quot;,&quot;4.35.2&quot;,&quot;5.10.9&quot;,&quot;5.23.2&quot;,&quot;6.20.7&quot;,&quot;7.25.5&quot;,&quot;7.26.12&quot;,&quot;8.1.1&quot;,&quot;8.1.2&quot;,&quot;8.22.1&quot;,&quot;8.22.3&quot;,&quot;8.27.1&quot;,&quot;8.3.3&quot;,&quot;8.33.3&quot;,&quot;8.4.6&quot;,&quot;8.54.7&quot;,&quot;8.6.4&quot;,&quot;8.6.6&quot;,&quot;8.7.2&quot;]</value></Data>
<Data name="Pleiades"><value>https://pleiades.stoa.org/places/570104</value></Data>
<Data name="ToposText"><value>https://topostext.org/place/374229RArg</value></Data>
</ExtendedData>
        <Point><coordinates>22.9,37.67</coordinates></Point>
      </Placemark>

      <Placemark>
        <name>Sanctuary of Heracles at Erythrae in Ionia</name>
        <ExtendedData>
<Data name="name"><value>Sanctuary of Heracles at Erythrae in Ionia</value></Data>
<Data name="region"><value>Asia Minor (Asia)</value></Data>
<Data name="part of"><value>Erythrai</value></Data>
<Data name="location"><value>Erythrai</value></Data>
<Data name="altname"><value>with raft</value></Data>
<Data name="Wikidata"><value>https://wikidata.org/wiki/Q134038455</value></Data>
<Data name="type"><value>[&quot;hieron&quot;]</value></Data>
<Data name="passages"><value>[&quot;7.5.5&quot;,&quot;7.5.8&quot;]</value></Data>
</ExtendedData>
        <Point><coordinates>26.48103,38.38122</coordinates></Point>
      </Placemark>

      <Placemark>
        <name>Sanctuary of Heracles at Erythrae in Ionia</name>
        <ExtendedData>
<Data name="name"><value>Sanctuary of Heracles at Erythrae in Ionia</value></Data>
<Data name="region"><value>Asia Minor (Asia)</value></Data>
<Data name="part of"><value>Erythrai</value></Data>
<Data name="location"><value>Erythrai</value></Data>
<Data name="altname"><value>with raft</value></Data>
<Data name="Wikidata"><value>https://wikidata.org/wiki/Q134038455</value></Data>
<Data name="type"><value>[&quot;hieron&quot;]</value></Data>
<Data name="passages"><value>[&quot;7.5.5&quot;,&quot;7.5.8&quot;]</value></Data>
</ExtendedData>
        <Point><coordinates>26.48103,38.38122</coordinates></Point>
      </Placemark>

      <Placemark>
        <name>Euboea (island)</name>
        <ExtendedData>
<Data name="name"><value>Euboea (island)</value></Data>
<Data name="region"><value>Hellas (Europe)</value></Data>
<Data name="part of"><value>Hellas (Europe)</value></Data>
<Data name="Wikidata"><value>https://wikidata.org/wiki/Q173096</value></Data>
<Data name="type"><value>[&quot;island&quot;]</value></Data>
<Data name="passages"><value>[&quot;1.17.6&quot;,&quot;1.27.5&quot;,&quot;1.28.2&quot;,&quot;1.29.11&quot;,&quot;1.31.5&quot;,&quot;1.32.3&quot;,&quot;1.36.4&quot;,&quot;1.5.3&quot;,&quot;10.6.6&quot;,&quot;10.9.10&quot;,&quot;2.23.1&quot;,&quot;4.36.6&quot;,&quot;5.13.4&quot;,&quot;5.22.4&quot;,&quot;5.23.2&quot;,&quot;5.23.4&quot;,&quot;7.14.7&quot;,&quot;7.2.4&quot;,&quot;7.26.4&quot;,&quot;7.4.9&quot;,&quot;7.6.3&quot;,&quot;7.7.6&quot;,&quot;7.7.9&quot;,&quot;8.1.5&quot;,&quot;8.14.12&quot;,&quot;8.15.7&quot;,&quot;9.19.6&quot;,&quot;9.22.2&quot;,&quot;9.24.5&quot;,&quot;9.3.1&quot;]</value></Data>
<Data name="Pleiades"><value>https://pleiades.stoa.org/places/540775</value></Data>
</ExtendedData>
        <Point><coordinates>23.87,38.53</coordinates></Point>
      </Placemark>

      <Placemark>
        <name>Euboea (island)</name>
        <ExtendedData>
<Data name="name"><value>Euboea (island)</value></Data>
<Data name="region"><value>Hellas (Europe)</value></Data>
<Data name="part of"><value>Hellas (Europe)</value></Data>
<Data name="Wikidata"><value>https://wikidata.org/wiki/Q173096</value></Data>
<Data name="type"><value>[&quot;island&quot;]</value></Data>
<Data name="passages"><value>[&quot;1.17.6&quot;,&quot;1.27.5&quot;,&quot;1.28.2&quot;,&quot;1.29.11&quot;,&quot;1.31.5&quot;,&quot;1.32.3&quot;,&quot;1.36.4&quot;,&quot;1.5.3&quot;,&quot;10.6.6&quot;,&quot;10.9.10&quot;,&quot;2.23.1&quot;,&quot;4.36.6&quot;,&quot;5.13.4&quot;,&quot;5.22.4&quot;,&quot;5.23.2&quot;,&quot;5.23.4&quot;,&quot;7.14.7&quot;,&quot;7.2.4&quot;,&quot;7.26.4&quot;,&quot;7.4.9&quot;,&quot;7.6.3&quot;,&quot;7.7.6&quot;,&quot;7.7.9&quot;,&quot;8.1.5&quot;,&quot;8.14.12&quot;,&quot;8.15.7&quot;,&quot;9.19.6&quot;,&quot;9.22.2&quot;,&quot;9.24.5&quot;,&quot;9.3.1&quot;]</value></Data>
<Data name="Pleiades"><value>https://pleiades.stoa.org/places/540775</value></Data>
</ExtendedData>
        <Point><coordinates>23.87,38.53</coordinates></Point>
      </Placemark>

      <Placemark>
        <name>Euboea (island)</name>
        <ExtendedData>
<Data name="name"><value>Euboea (island)</value></Data>
<Data name="region"><value>Hellas (Europe)</value></Data>
<Data name="part of"><value>Hellas (Europe)</value></Data>
<Data name="Wikidata"><value>https://wikidata.org/wiki/Q173096</value></Data>
<Data name="type"><value>[&quot;island&quot;]</value></Data>
<Data name="passages"><value>[&quot;1.17.6&quot;,&quot;1.27.5&quot;,&quot;1.28.2&quot;,&quot;1.29.11&quot;,&quot;1.31.5&quot;,&quot;1.32.3&quot;,&quot;1.36.4&quot;,&quot;1.5.3&quot;,&quot;10.6.6&quot;,&quot;10.9.10&quot;,&quot;2.23.1&quot;,&quot;4.36.6&quot;,&quot;5.13.4&quot;,&quot;5.22.4&quot;,&quot;5.23.2&quot;,&quot;5.23.4&quot;,&quot;7.14.7&quot;,&quot;7.2.4&quot;,&quot;7.26.4&quot;,&quot;7.4.9&quot;,&quot;7.6.3&quot;,&quot;7.7.6&quot;,&quot;7.7.9&quot;,&quot;8.1.5&quot;,&quot;8.14.12&quot;,&quot;8.15.7&quot;,&quot;9.19.6&quot;,&quot;9.22.2&quot;,&quot;9.24.5&quot;,&quot;9.3.1&quot;]</value></Data>
<Data name="Pleiades"><value>https://pleiades.stoa.org/places/540775</value></Data>
</ExtendedData>
        <Point><coordinates>23.87,38.53</coordinates></Point>
      </Placemark>

      <Placemark>
        <name>Euboea (island)</name>
        <ExtendedData>
<Data name="name"><value>Euboea (island)</value></Data>
<Data name="region"><value>Hellas (Europe)</value></Data>
<Data name="part of"><value>Hellas (Europe)</value></Data>
<Data name="Wikidata"><value>https://wikidata.org/wiki/Q173096</value></Data>
<Data name="type"><value>[&quot;island&quot;]</value></Data>
<Data name="passages"><value>[&quot;1.17.6&quot;,&quot;1.27.5&quot;,&quot;1.28.2&quot;,&quot;1.29.11&quot;,&quot;1.31.5&quot;,&quot;1.32.3&quot;,&quot;1.36.4&quot;,&quot;1.5.3&quot;,&quot;10.6.6&quot;,&quot;10.9.10&quot;,&quot;2.23.1&quot;,&quot;4.36.6&quot;,&quot;5.13.4&quot;,&quot;5.22.4&quot;,&quot;5.23.2&quot;,&quot;5.23.4&quot;,&quot;7.14.7&quot;,&quot;7.2.4&quot;,&quot;7.26.4&quot;,&quot;7.4.9&quot;,&quot;7.6.3&quot;,&quot;7.7.6&quot;,&quot;7.7.9&quot;,&quot;8.1.5&quot;,&quot;8.14.12&quot;,&quot;8.15.7&quot;,&quot;9.19.6&quot;,&quot;9.22.2&quot;,&quot;9.24.5&quot;,&quot;9.3.1&quot;]</value></Data>
<Data name="Pleiades"><value>https://pleiades.stoa.org/places/540775</value></Data>
</ExtendedData>
        <Point><coordinates>23.87,38.53</coordinates></Point>
      </Placemark>

      <Placemark>
        <name>Euboea (island)</name>
        <ExtendedData>
<Data name="name"><value>Euboea (island)</value></Data>
<Data name="region"><value>Hellas (Europe)</value></Data>
<Data name="part of"><value>Hellas (Europe)</value></Data>
<Data name="Wikidata"><value>https://wikidata.org/wiki/Q173096</value></Data>
<Data name="type"><value>[&quot;island&quot;]</value></Data>
<Data name="passages"><value>[&quot;1.17.6&quot;,&quot;1.27.5&quot;,&quot;1.28.2&quot;,&quot;1.29.11&quot;,&quot;1.31.5&quot;,&quot;1.32.3&quot;,&quot;1.36.4&quot;,&quot;1.5.3&quot;,&quot;10.6.6&quot;,&quot;10.9.10&quot;,&quot;2.23.1&quot;,&quot;4.36.6&quot;,&quot;5.13.4&quot;,&quot;5.22.4&quot;,&quot;5.23.2&quot;,&quot;5.23.4&quot;,&quot;7.14.7&quot;,&quot;7.2.4&quot;,&quot;7.26.4&quot;,&quot;7.4.9&quot;,&quot;7.6.3&quot;,&quot;7.7.6&quot;,&quot;7.7.9&quot;,&quot;8.1.5&quot;,&quot;8.14.12&quot;,&quot;8.15.7&quot;,&quot;9.19.6&quot;,&quot;9.22.2&quot;,&quot;9.24.5&quot;,&quot;9.3.1&quot;]</value></Data>
<Data name="Pleiades"><value>https://pleiades.stoa.org/places/540775</value></Data>
</ExtendedData>
        <Point><coordinates>23.87,38.53</coordinates></Point>
      </Placemark>

      <Placemark>
        <name>Euboea (island)</name>
        <ExtendedData>
<Data name="name"><value>Euboea (island)</value></Data>
<Data name="region"><value>Hellas (Europe)</value></Data>
<Data name="part of"><value>Hellas (Europe)</value></Data>
<Data name="Wikidata"><value>https://wikidata.org/wiki/Q173096</value></Data>
<Data name="type"><value>[&quot;island&quot;]</value></Data>
<Data name="passages"><value>[&quot;1.17.6&quot;,&quot;1.27.5&quot;,&quot;1.28.2&quot;,&quot;1.29.11&quot;,&quot;1.31.5&quot;,&quot;1.32.3&quot;,&quot;1.36.4&quot;,&quot;1.5.3&quot;,&quot;10.6.6&quot;,&quot;10.9.10&quot;,&quot;2.23.1&quot;,&quot;4.36.6&quot;,&quot;5.13.4&quot;,&quot;5.22.4&quot;,&quot;5.23.2&quot;,&quot;5.23.4&quot;,&quot;7.14.7&quot;,&quot;7.2.4&quot;,&quot;7.26.4&quot;,&quot;7.4.9&quot;,&quot;7.6.3&quot;,&quot;7.7.6&quot;,&quot;7.7.9&quot;,&quot;8.1.5&quot;,&quot;8.14.12&quot;,&quot;8.15.7&quot;,&quot;9.19.6&quot;,&quot;9.22.2&quot;,&quot;9.24.5&quot;,&quot;9.3.1&quot;]</value></Data>
<Data name="Pleiades"><value>https://pleiades.stoa.org/places/540775</value></Data>
</ExtendedData>
        <Point><coordinates>23.87,38.53</coordinates></Point>
      </Placemark>

      <Placemark>
        <name>Euboea (island)</name>
        <ExtendedData>
<Data name="name"><value>Euboea (island)</value></Data>
<Data name="region"><value>Hellas (Europe)</value></Data>
<Data name="part of"><value>Hellas (Europe)</value></Data>
<Data name="Wikidata"><value>https://wikidata.org/wiki/Q173096</value></Data>
<Data name="type"><value>[&quot;island&quot;]</value></Data>
<Data name="passages"><value>[&quot;1.17.6&quot;,&quot;1.27.5&quot;,&quot;1.28.2&quot;,&quot;1.29.11&quot;,&quot;1.31.5&quot;,&quot;1.32.3&quot;,&quot;1.36.4&quot;,&quot;1.5.3&quot;,&quot;10.6.6&quot;,&quot;10.9.10&quot;,&quot;2.23.1&quot;,&quot;4.36.6&quot;,&quot;5.13.4&quot;,&quot;5.22.4&quot;,&quot;5.23.2&quot;,&quot;5.23.4&quot;,&quot;7.14.7&quot;,&quot;7.2.4&quot;,&quot;7.26.4&quot;,&quot;7.4.9&quot;,&quot;7.6.3&quot;,&quot;7.7.6&quot;,&quot;7.7.9&quot;,&quot;8.1.5&quot;,&quot;8.14.12&quot;,&quot;8.15.7&quot;,&quot;9.19.6&quot;,&quot;9.22.2&quot;,&quot;9.24.5&quot;,&quot;9.3.1&quot;]</value></Data>
<Data name="Pleiades"><value>https://pleiades.stoa.org/places/540775</value></Data>
</ExtendedData>
        <Point><coordinates>23.87,38.53</coordinates></Point>
      </Placemark>

      <Placemark>
        <name>Sanctuary of Apollo in agora of Patrae</name>
        <ExtendedData>
<Data name="name"><value>Sanctuary of Apollo in agora of Patrae</value></Data>
<Data name="region"><value>Achaia Bk7</value></Data>
<Data name="part of"><value>Agora of Patrae</value></Data>
<Data name="location"><value>Agora of Patrae</value></Data>
<Data name="Wikidata"><value>https://wikidata.org/wiki/Q134036841</value></Data>
<Data name="type"><value>[&quot;hieron&quot;]</value></Data>
<Data name="passages"><value>[&quot;7.20.3&quot;,&quot;7.20.7&quot;]</value></Data>
</ExtendedData>
        <Point><coordinates>21.7404,38.2434</coordinates></Point>
      </Placemark>

      <Placemark>
        <name>Sanctuary of Apollo in agora of Patrae</name>
        <ExtendedData>
<Data name="name"><value>Sanctuary of Apollo in agora of Patrae</value></Data>
<Data name="region"><value>Achaia Bk7</value></Data>
<Data name="part of"><value>Agora of Patrae</value></Data>
<Data name="location"><value>Agora of Patrae</value></Data>
<Data name="Wikidata"><value>https://wikidata.org/wiki/Q134036841</value></Data>
<Data name="type"><value>[&quot;hieron&quot;]</value></Data>
<Data name="passages"><value>[&quot;7.20.3&quot;,&quot;7.20.7&quot;]</value></Data>
</ExtendedData>
        <Point><coordinates>21.7404,38.2434</coordinates></Point>
      </Placemark>

      <Placemark>
        <name>Argyra spring at Argyra</name>
        <ExtendedData>
<Data name="name"><value>Argyra spring at Argyra</value></Data>
<Data name="region"><value>Achaia Bk7</value></Data>
<Data name="part of"><value>Argyra (Achaia)</value></Data>
<Data name="location"><value>Argyra (Achaia)</value></Data>
<Data name="type"><value>[&quot;spring pege&quot;]</value></Data>
<Data name="passages"><value>[&quot;7.23.1&quot;]</value></Data>
<Data name="Manto"><value>https://resource.manto.unh.edu/10473805</value></Data>
<Data name="Pleiades"><value>https://pleiades.stoa.org/places/573119</value></Data>
</ExtendedData>
        <Point><coordinates>21.8194,38.2983</coordinates></Point>
      </Placemark>

      <Placemark>
        <name>Chalkitis (of Erythrae)</name>
        <ExtendedData>
<Data name="name"><value>Chalkitis (of Erythrae)</value></Data>
<Data name="region"><value>Asia Minor (Asia)</value></Data>
<Data name="part of"><value>Erythrai</value></Data>
<Data name="altname"><value>Chalkis</value></Data>
<Data name="Wikidata"><value>https://wikidata.org/wiki/Q125960070</value></Data>
<Data name="type"><value>[&quot;chora/region&quot;]</value></Data>
<Data name="passages"><value>[&quot;7.5.12&quot;]</value></Data>
<Data name="Pleiades"><value>https://pleiades.stoa.org/places/550494</value></Data>
</ExtendedData>
        <Point><coordinates>26.4022,38.3199</coordinates></Point>
      </Placemark>

      <Placemark>
        <name>Pamphylia</name>
        <ExtendedData>
<Data name="name"><value>Pamphylia</value></Data>
<Data name="region"><value>Asia (continent)</value></Data>
<Data name="part of"><value>Asia Minor (Asia)</value></Data>
<Data name="Wikidata"><value>https://wikidata.org/wiki/Q585250</value></Data>
<Data name="type"><value>[&quot;chora/region&quot;]</value></Data>
<Data name="passages"><value>[&quot;2.28.6&quot;,&quot;7.3.7&quot;,&quot;8.28.3&quot;]</value></Data>
<Data name="Pleiades"><value>https://pleiades.stoa.org/places/639034</value></Data>
</ExtendedData>
        <Point><coordinates>30.986379999999997,36.990721</coordinates></Point>
      </Placemark>

      <Placemark>
        <name>Hearth with lamps in agora of Pharae</name>
        <ExtendedData>
<Data name="name"><value>Hearth with lamps in agora of Pharae</value></Data>
<Data name="region"><value>Achaia Bk7</value></Data>
<Data name="part of"><value>agora of Pharae</value></Data>
<Data name="location"><value>agora of Pharae</value></Data>
<Data name="type"><value>[&quot;hearth&quot;]</value></Data>
<Data name="passages"><value>[&quot;7.22.2&quot;]</value></Data>
</ExtendedData>
        <Point><coordinates>21.73,38.082</coordinates></Point>
      </Placemark>

      <Placemark>
        <name>Magnesian Gates of Ephesos</name>
        <ExtendedData>
<Data name="name"><value>Magnesian Gates of Ephesos</value></Data>
<Data name="region"><value>Asia Minor (Asia)</value></Data>
<Data name="part of"><value>Ephesos</value></Data>
<Data name="location"><value>Ephesos</value></Data>
<Data name="Wikidata"><value>https://wikidata.org/wiki/Q104641893</value></Data>
<Data name="type"><value>[&quot;gate&quot;]</value></Data>
<Data name="passages"><value>[&quot;7.2.9&quot;]</value></Data>
</ExtendedData>
        <Point><coordinates>27.339721999999995,37.941944</coordinates></Point>
      </Placemark>

      <Placemark>
        <name>Syracusae/Syrakousai</name>
        <ExtendedData>
<Data name="name"><value>Syracusae/Syrakousai</value></Data>
<Data name="region"><value>Sicilia (island)</value></Data>
<Data name="part of"><value>Sicilia (island)</value></Data>
<Data name="Wikidata"><value>https://wikidata.org/wiki/Q4420718</value></Data>
<Data name="type"><value>[&quot;settlement&quot;]</value></Data>
<Data name="passages"><value>[&quot;1.2.3&quot;,&quot;1.23.3&quot;,&quot;10.28.6&quot;,&quot;2.22.9&quot;,&quot;5.7.2&quot;,&quot;5.7.3&quot;,&quot;5.8.8&quot;,&quot;6.12.2&quot;,&quot;6.12.4&quot;,&quot;6.15.6&quot;,&quot;6.2.6&quot;,&quot;6.9.5&quot;,&quot;7.16.5&quot;,&quot;8.42.8&quot;,&quot;8.54.3&quot;]</value></Data>
<Data name="Pleiades"><value>https://pleiades.stoa.org/places/462503</value></Data>
</ExtendedData>
        <Point><coordinates>15.29382,37.05963</coordinates></Point>
      </Placemark>

      <Placemark>
        <name>Sanctuary of Asclepius at Patrae</name>
        <ExtendedData>
<Data name="name"><value>Sanctuary of Asclepius at Patrae</value></Data>
<Data name="region"><value>Achaia Bk7</value></Data>
<Data name="part of"><value>Patrae</value></Data>
<Data name="location"><value>Patrae</value></Data>
<Data name="altname"><value>beyond the acropolis, near gates leading to Mesatis</value></Data>
<Data name="Wikidata"><value>https://wikidata.org/wiki/Q134036821</value></Data>
<Data name="type"><value>[&quot;hieron&quot;]</value></Data>
<Data name="passages"><value>[&quot;7.21.14&quot;]</value></Data>
</ExtendedData>
        <Point><coordinates>21.738518,38.243265</coordinates></Point>
      </Placemark>

      <Placemark>
        <name>theater of Aigion, near the sanctuary of Dionysus</name>
        <ExtendedData>
<Data name="name"><value>theater of Aigion, near the sanctuary of Dionysus</value></Data>
<Data name="region"><value>Achaia Bk7</value></Data>
<Data name="part of"><value>Aigion (Achaia)</value></Data>
<Data name="location"><value>Aigion (Achaia)</value></Data>
<Data name="type"><value>[&quot;theater&quot;]</value></Data>
<Data name="passages"><value>[&quot;7.23.9&quot;]</value></Data>
</ExtendedData>
        <Point><coordinates>22.09,38.252</coordinates></Point>
      </Placemark>

      <Placemark>
        <name>Agora of Aigion</name>
        <ExtendedData>
<Data name="name"><value>Agora of Aigion</value></Data>
<Data name="region"><value>Achaia Bk7</value></Data>
<Data name="part of"><value>Aigion (Achaia)</value></Data>
<Data name="location"><value>Aigion (Achaia)</value></Data>
<Data name="Wikidata"><value>https://wikidata.org/wiki/Q124606121</value></Data>
<Data name="type"><value>[&quot;agora&quot;]</value></Data>
<Data name="passages"><value>[&quot;3.12.7&quot;,&quot;7.23.9&quot;,&quot;7.24.1&quot;]</value></Data>
</ExtendedData>
        <Point><coordinates>22.09,38.252</coordinates></Point>
      </Placemark>

      <Placemark>
        <name>Agora of Aigion</name>
        <ExtendedData>
<Data name="name"><value>Agora of Aigion</value></Data>
<Data name="region"><value>Achaia Bk7</value></Data>
<Data name="part of"><value>Aigion (Achaia)</value></Data>
<Data name="location"><value>Aigion (Achaia)</value></Data>
<Data name="Wikidata"><value>https://wikidata.org/wiki/Q124606121</value></Data>
<Data name="type"><value>[&quot;agora&quot;]</value></Data>
<Data name="passages"><value>[&quot;3.12.7&quot;,&quot;7.23.9&quot;,&quot;7.24.1&quot;]</value></Data>
</ExtendedData>
        <Point><coordinates>22.09,38.252</coordinates></Point>
      </Placemark>

      <Placemark>
        <name>Teos</name>
        <ExtendedData>
<Data name="name"><value>Teos</value></Data>
<Data name="region"><value>Asia Minor (Asia)</value></Data>
<Data name="part of"><value>Ionia (region)</value></Data>
<Data name="Wikidata"><value>https://wikidata.org/wiki/Q17586</value></Data>
<Data name="type"><value>[&quot;polis&quot;]</value></Data>
<Data name="passages"><value>[&quot;7.24.5&quot;,&quot;7.3.10&quot;,&quot;7.3.6&quot;,&quot;7.5.11&quot;]</value></Data>
<Data name="Pleiades"><value>https://pleiades.stoa.org/places/550913</value></Data>
</ExtendedData>
        <Point><coordinates>26.785014,38.177262</coordinates></Point>
      </Placemark>

      <Placemark>
        <name>Teos</name>
        <ExtendedData>
<Data name="name"><value>Teos</value></Data>
<Data name="region"><value>Asia Minor (Asia)</value></Data>
<Data name="part of"><value>Ionia (region)</value></Data>
<Data name="Wikidata"><value>https://wikidata.org/wiki/Q17586</value></Data>
<Data name="type"><value>[&quot;polis&quot;]</value></Data>
<Data name="passages"><value>[&quot;7.24.5&quot;,&quot;7.3.10&quot;,&quot;7.3.6&quot;,&quot;7.5.11&quot;]</value></Data>
<Data name="Pleiades"><value>https://pleiades.stoa.org/places/550913</value></Data>
</ExtendedData>
        <Point><coordinates>26.785014,38.177262</coordinates></Point>
      </Placemark>

      <Placemark>
        <name>Teos</name>
        <ExtendedData>
<Data name="name"><value>Teos</value></Data>
<Data name="region"><value>Asia Minor (Asia)</value></Data>
<Data name="part of"><value>Ionia (region)</value></Data>
<Data name="Wikidata"><value>https://wikidata.org/wiki/Q17586</value></Data>
<Data name="type"><value>[&quot;polis&quot;]</value></Data>
<Data name="passages"><value>[&quot;7.24.5&quot;,&quot;7.3.10&quot;,&quot;7.3.6&quot;,&quot;7.5.11&quot;]</value></Data>
<Data name="Pleiades"><value>https://pleiades.stoa.org/places/550913</value></Data>
</ExtendedData>
        <Point><coordinates>26.785014,38.177262</coordinates></Point>
      </Placemark>

      <Placemark>
        <name>Teos</name>
        <ExtendedData>
<Data name="name"><value>Teos</value></Data>
<Data name="region"><value>Asia Minor (Asia)</value></Data>
<Data name="part of"><value>Ionia (region)</value></Data>
<Data name="Wikidata"><value>https://wikidata.org/wiki/Q17586</value></Data>
<Data name="type"><value>[&quot;polis&quot;]</value></Data>
<Data name="passages"><value>[&quot;7.24.5&quot;,&quot;7.3.10&quot;,&quot;7.3.6&quot;,&quot;7.5.11&quot;]</value></Data>
<Data name="Pleiades"><value>https://pleiades.stoa.org/places/550913</value></Data>
</ExtendedData>
        <Point><coordinates>26.785014,38.177262</coordinates></Point>
      </Placemark>

      <Placemark>
        <name>Titane</name>
        <ExtendedData>
<Data name="name"><value>Titane</value></Data>
<Data name="region"><value>Corinthia Bk2</value></Data>
<Data name="part of"><value>Corinthia Bk2</value></Data>
<Data name="Wikidata"><value>https://wikidata.org/wiki/Q59637009</value></Data>
<Data name="type"><value>[&quot;settlement&quot;]</value></Data>
<Data name="passages"><value>[&quot;2.11.3&quot;,&quot;2.11.5&quot;,&quot;2.12.1&quot;,&quot;2.12.2&quot;,&quot;2.12.3&quot;,&quot;2.23.4&quot;,&quot;2.27.1&quot;,&quot;7.23.8&quot;]</value></Data>
<Data name="Pleiades"><value>https://pleiades.stoa.org/places/570741</value></Data>
</ExtendedData>
        <Point><coordinates>22.62501,37.92049</coordinates></Point>
      </Placemark>

      <Placemark>
        <name>Attica Bk1</name>
        <ExtendedData>
<Data name="name"><value>Attica Bk1</value></Data>
<Data name="region"><value>Attica Bk1</value></Data>
<Data name="part of"><value>Hellas (Europe)</value></Data>
<Data name="Wikidata"><value>https://wikidata.org/wiki/Q122443</value></Data>
<Data name="type"><value>[&quot;chora/region&quot;]</value></Data>
<Data name="passages"><value>[&quot;1.1.1&quot;,&quot;1.14.2&quot;,&quot;1.2.6&quot;,&quot;1.20.6&quot;,&quot;1.21.1&quot;,&quot;1.22.3&quot;,&quot;1.22.7&quot;,&quot;1.23.5&quot;,&quot;1.24.5&quot;,&quot;1.24.8&quot;,&quot;1.25.6&quot;,&quot;1.26.3&quot;,&quot;1.26.5&quot;,&quot;1.26.6&quot;,&quot;1.27.10&quot;,&quot;1.27.2&quot;,&quot;1.28.10&quot;,&quot;1.28.11&quot;,&quot;1.28.4&quot;,&quot;1.28.9&quot;,&quot;1.29.2&quot;,&quot;1.29.6&quot;,&quot;1.29.7&quot;,&quot;1.30.4&quot;,&quot;1.31.1&quot;,&quot;1.31.3&quot;,&quot;1.31.5&quot;,&quot;1.32.1&quot;,&quot;1.32.3&quot;,&quot;1.34.1&quot;,&quot;1.34.2&quot;,&quot;1.35.1&quot;,&quot;1.36.3&quot;,&quot;1.37.7&quot;,&quot;1.38.1&quot;,&quot;1.38.4&quot;,&quot;1.38.8&quot;,&quot;1.44.10&quot;,&quot;10.17.5&quot;,&quot;10.25.2&quot;,&quot;10.33.4&quot;,&quot;10.35.8&quot;,&quot;2.1.1&quot;,&quot;2.1.6&quot;,&quot;2.30.9&quot;,&quot;2.32.9&quot;,&quot;2.6.5&quot;,&quot;2.6.6&quot;,&quot;3.12.7&quot;,&quot;3.5.1&quot;,&quot;3.7.10&quot;,&quot;3.8.6&quot;,&quot;4.1.8&quot;,&quot;4.34.8&quot;,&quot;5.10.4&quot;,&quot;5.11.7&quot;,&quot;5.13.8&quot;,&quot;5.15.7&quot;,&quot;5.25.13&quot;,&quot;5.4.7&quot;,&quot;6.19.12&quot;,&quot;7.1.5&quot;,&quot;7.1.9&quot;,&quot;7.11.8&quot;,&quot;7.17.2&quot;,&quot;7.18.2&quot;,&quot;7.25.2&quot;,&quot;7.3.6&quot;,&quot;7.5.5&quot;,&quot;7.6.3&quot;,&quot;7.7.7&quot;,&quot;8.23.3&quot;,&quot;9.1.1&quot;,&quot;9.1.6&quot;,&quot;9.13.6&quot;,&quot;9.23.5&quot;]</value></Data>
<Data name="Pleiades"><value>https://pleiades.stoa.org/places/579888</value></Data>
</ExtendedData>
        <Point><coordinates>23.8189911,38.05199883</coordinates></Point>
      </Placemark>

      <Placemark>
        <name>Attica Bk1</name>
        <ExtendedData>
<Data name="name"><value>Attica Bk1</value></Data>
<Data name="region"><value>Attica Bk1</value></Data>
<Data name="part of"><value>Hellas (Europe)</value></Data>
<Data name="Wikidata"><value>https://wikidata.org/wiki/Q122443</value></Data>
<Data name="type"><value>[&quot;chora/region&quot;]</value></Data>
<Data name="passages"><value>[&quot;1.1.1&quot;,&quot;1.14.2&quot;,&quot;1.2.6&quot;,&quot;1.20.6&quot;,&quot;1.21.1&quot;,&quot;1.22.3&quot;,&quot;1.22.7&quot;,&quot;1.23.5&quot;,&quot;1.24.5&quot;,&quot;1.24.8&quot;,&quot;1.25.6&quot;,&quot;1.26.3&quot;,&quot;1.26.5&quot;,&quot;1.26.6&quot;,&quot;1.27.10&quot;,&quot;1.27.2&quot;,&quot;1.28.10&quot;,&quot;1.28.11&quot;,&quot;1.28.4&quot;,&quot;1.28.9&quot;,&quot;1.29.2&quot;,&quot;1.29.6&quot;,&quot;1.29.7&quot;,&quot;1.30.4&quot;,&quot;1.31.1&quot;,&quot;1.31.3&quot;,&quot;1.31.5&quot;,&quot;1.32.1&quot;,&quot;1.32.3&quot;,&quot;1.34.1&quot;,&quot;1.34.2&quot;,&quot;1.35.1&quot;,&quot;1.36.3&quot;,&quot;1.37.7&quot;,&quot;1.38.1&quot;,&quot;1.38.4&quot;,&quot;1.38.8&quot;,&quot;1.44.10&quot;,&quot;10.17.5&quot;,&quot;10.25.2&quot;,&quot;10.33.4&quot;,&quot;10.35.8&quot;,&quot;2.1.1&quot;,&quot;2.1.6&quot;,&quot;2.30.9&quot;,&quot;2.32.9&quot;,&quot;2.6.5&quot;,&quot;2.6.6&quot;,&quot;3.12.7&quot;,&quot;3.5.1&quot;,&quot;3.7.10&quot;,&quot;3.8.6&quot;,&quot;4.1.8&quot;,&quot;4.34.8&quot;,&quot;5.10.4&quot;,&quot;5.11.7&quot;,&quot;5.13.8&quot;,&quot;5.15.7&quot;,&quot;5.25.13&quot;,&quot;5.4.7&quot;,&quot;6.19.12&quot;,&quot;7.1.5&quot;,&quot;7.1.9&quot;,&quot;7.11.8&quot;,&quot;7.17.2&quot;,&quot;7.18.2&quot;,&quot;7.25.2&quot;,&quot;7.3.6&quot;,&quot;7.5.5&quot;,&quot;7.6.3&quot;,&quot;7.7.7&quot;,&quot;8.23.3&quot;,&quot;9.1.1&quot;,&quot;9.1.6&quot;,&quot;9.13.6&quot;,&quot;9.23.5&quot;]</value></Data>
<Data name="Pleiades"><value>https://pleiades.stoa.org/places/579888</value></Data>
</ExtendedData>
        <Point><coordinates>23.8189911,38.05199883</coordinates></Point>
      </Placemark>

      <Placemark>
        <name>Attica Bk1</name>
        <ExtendedData>
<Data name="name"><value>Attica Bk1</value></Data>
<Data name="region"><value>Attica Bk1</value></Data>
<Data name="part of"><value>Hellas (Europe)</value></Data>
<Data name="Wikidata"><value>https://wikidata.org/wiki/Q122443</value></Data>
<Data name="type"><value>[&quot;chora/region&quot;]</value></Data>
<Data name="passages"><value>[&quot;1.1.1&quot;,&quot;1.14.2&quot;,&quot;1.2.6&quot;,&quot;1.20.6&quot;,&quot;1.21.1&quot;,&quot;1.22.3&quot;,&quot;1.22.7&quot;,&quot;1.23.5&quot;,&quot;1.24.5&quot;,&quot;1.24.8&quot;,&quot;1.25.6&quot;,&quot;1.26.3&quot;,&quot;1.26.5&quot;,&quot;1.26.6&quot;,&quot;1.27.10&quot;,&quot;1.27.2&quot;,&quot;1.28.10&quot;,&quot;1.28.11&quot;,&quot;1.28.4&quot;,&quot;1.28.9&quot;,&quot;1.29.2&quot;,&quot;1.29.6&quot;,&quot;1.29.7&quot;,&quot;1.30.4&quot;,&quot;1.31.1&quot;,&quot;1.31.3&quot;,&quot;1.31.5&quot;,&quot;1.32.1&quot;,&quot;1.32.3&quot;,&quot;1.34.1&quot;,&quot;1.34.2&quot;,&quot;1.35.1&quot;,&quot;1.36.3&quot;,&quot;1.37.7&quot;,&quot;1.38.1&quot;,&quot;1.38.4&quot;,&quot;1.38.8&quot;,&quot;1.44.10&quot;,&quot;10.17.5&quot;,&quot;10.25.2&quot;,&quot;10.33.4&quot;,&quot;10.35.8&quot;,&quot;2.1.1&quot;,&quot;2.1.6&quot;,&quot;2.30.9&quot;,&quot;2.32.9&quot;,&quot;2.6.5&quot;,&quot;2.6.6&quot;,&quot;3.12.7&quot;,&quot;3.5.1&quot;,&quot;3.7.10&quot;,&quot;3.8.6&quot;,&quot;4.1.8&quot;,&quot;4.34.8&quot;,&quot;5.10.4&quot;,&quot;5.11.7&quot;,&quot;5.13.8&quot;,&quot;5.15.7&quot;,&quot;5.25.13&quot;,&quot;5.4.7&quot;,&quot;6.19.12&quot;,&quot;7.1.5&quot;,&quot;7.1.9&quot;,&quot;7.11.8&quot;,&quot;7.17.2&quot;,&quot;7.18.2&quot;,&quot;7.25.2&quot;,&quot;7.3.6&quot;,&quot;7.5.5&quot;,&quot;7.6.3&quot;,&quot;7.7.7&quot;,&quot;8.23.3&quot;,&quot;9.1.1&quot;,&quot;9.1.6&quot;,&quot;9.13.6&quot;,&quot;9.23.5&quot;]</value></Data>
<Data name="Pleiades"><value>https://pleiades.stoa.org/places/579888</value></Data>
</ExtendedData>
        <Point><coordinates>23.8189911,38.05199883</coordinates></Point>
      </Placemark>

      <Placemark>
        <name>Attica Bk1</name>
        <ExtendedData>
<Data name="name"><value>Attica Bk1</value></Data>
<Data name="region"><value>Attica Bk1</value></Data>
<Data name="part of"><value>Hellas (Europe)</value></Data>
<Data name="Wikidata"><value>https://wikidata.org/wiki/Q122443</value></Data>
<Data name="type"><value>[&quot;chora/region&quot;]</value></Data>
<Data name="passages"><value>[&quot;1.1.1&quot;,&quot;1.14.2&quot;,&quot;1.2.6&quot;,&quot;1.20.6&quot;,&quot;1.21.1&quot;,&quot;1.22.3&quot;,&quot;1.22.7&quot;,&quot;1.23.5&quot;,&quot;1.24.5&quot;,&quot;1.24.8&quot;,&quot;1.25.6&quot;,&quot;1.26.3&quot;,&quot;1.26.5&quot;,&quot;1.26.6&quot;,&quot;1.27.10&quot;,&quot;1.27.2&quot;,&quot;1.28.10&quot;,&quot;1.28.11&quot;,&quot;1.28.4&quot;,&quot;1.28.9&quot;,&quot;1.29.2&quot;,&quot;1.29.6&quot;,&quot;1.29.7&quot;,&quot;1.30.4&quot;,&quot;1.31.1&quot;,&quot;1.31.3&quot;,&quot;1.31.5&quot;,&quot;1.32.1&quot;,&quot;1.32.3&quot;,&quot;1.34.1&quot;,&quot;1.34.2&quot;,&quot;1.35.1&quot;,&quot;1.36.3&quot;,&quot;1.37.7&quot;,&quot;1.38.1&quot;,&quot;1.38.4&quot;,&quot;1.38.8&quot;,&quot;1.44.10&quot;,&quot;10.17.5&quot;,&quot;10.25.2&quot;,&quot;10.33.4&quot;,&quot;10.35.8&quot;,&quot;2.1.1&quot;,&quot;2.1.6&quot;,&quot;2.30.9&quot;,&quot;2.32.9&quot;,&quot;2.6.5&quot;,&quot;2.6.6&quot;,&quot;3.12.7&quot;,&quot;3.5.1&quot;,&quot;3.7.10&quot;,&quot;3.8.6&quot;,&quot;4.1.8&quot;,&quot;4.34.8&quot;,&quot;5.10.4&quot;,&quot;5.11.7&quot;,&quot;5.13.8&quot;,&quot;5.15.7&quot;,&quot;5.25.13&quot;,&quot;5.4.7&quot;,&quot;6.19.12&quot;,&quot;7.1.5&quot;,&quot;7.1.9&quot;,&quot;7.11.8&quot;,&quot;7.17.2&quot;,&quot;7.18.2&quot;,&quot;7.25.2&quot;,&quot;7.3.6&quot;,&quot;7.5.5&quot;,&quot;7.6.3&quot;,&quot;7.7.7&quot;,&quot;8.23.3&quot;,&quot;9.1.1&quot;,&quot;9.1.6&quot;,&quot;9.13.6&quot;,&quot;9.23.5&quot;]</value></Data>
<Data name="Pleiades"><value>https://pleiades.stoa.org/places/579888</value></Data>
</ExtendedData>
        <Point><coordinates>23.8189911,38.05199883</coordinates></Point>
      </Placemark>

      <Placemark>
        <name>Attica Bk1</name>
        <ExtendedData>
<Data name="name"><value>Attica Bk1</value></Data>
<Data name="region"><value>Attica Bk1</value></Data>
<Data name="part of"><value>Hellas (Europe)</value></Data>
<Data name="Wikidata"><value>https://wikidata.org/wiki/Q122443</value></Data>
<Data name="type"><value>[&quot;chora/region&quot;]</value></Data>
<Data name="passages"><value>[&quot;1.1.1&quot;,&quot;1.14.2&quot;,&quot;1.2.6&quot;,&quot;1.20.6&quot;,&quot;1.21.1&quot;,&quot;1.22.3&quot;,&quot;1.22.7&quot;,&quot;1.23.5&quot;,&quot;1.24.5&quot;,&quot;1.24.8&quot;,&quot;1.25.6&quot;,&quot;1.26.3&quot;,&quot;1.26.5&quot;,&quot;1.26.6&quot;,&quot;1.27.10&quot;,&quot;1.27.2&quot;,&quot;1.28.10&quot;,&quot;1.28.11&quot;,&quot;1.28.4&quot;,&quot;1.28.9&quot;,&quot;1.29.2&quot;,&quot;1.29.6&quot;,&quot;1.29.7&quot;,&quot;1.30.4&quot;,&quot;1.31.1&quot;,&quot;1.31.3&quot;,&quot;1.31.5&quot;,&quot;1.32.1&quot;,&quot;1.32.3&quot;,&quot;1.34.1&quot;,&quot;1.34.2&quot;,&quot;1.35.1&quot;,&quot;1.36.3&quot;,&quot;1.37.7&quot;,&quot;1.38.1&quot;,&quot;1.38.4&quot;,&quot;1.38.8&quot;,&quot;1.44.10&quot;,&quot;10.17.5&quot;,&quot;10.25.2&quot;,&quot;10.33.4&quot;,&quot;10.35.8&quot;,&quot;2.1.1&quot;,&quot;2.1.6&quot;,&quot;2.30.9&quot;,&quot;2.32.9&quot;,&quot;2.6.5&quot;,&quot;2.6.6&quot;,&quot;3.12.7&quot;,&quot;3.5.1&quot;,&quot;3.7.10&quot;,&quot;3.8.6&quot;,&quot;4.1.8&quot;,&quot;4.34.8&quot;,&quot;5.10.4&quot;,&quot;5.11.7&quot;,&quot;5.13.8&quot;,&quot;5.15.7&quot;,&quot;5.25.13&quot;,&quot;5.4.7&quot;,&quot;6.19.12&quot;,&quot;7.1.5&quot;,&quot;7.1.9&quot;,&quot;7.11.8&quot;,&quot;7.17.2&quot;,&quot;7.18.2&quot;,&quot;7.25.2&quot;,&quot;7.3.6&quot;,&quot;7.5.5&quot;,&quot;7.6.3&quot;,&quot;7.7.7&quot;,&quot;8.23.3&quot;,&quot;9.1.1&quot;,&quot;9.1.6&quot;,&quot;9.13.6&quot;,&quot;9.23.5&quot;]</value></Data>
<Data name="Pleiades"><value>https://pleiades.stoa.org/places/579888</value></Data>
</ExtendedData>
        <Point><coordinates>23.8189911,38.05199883</coordinates></Point>
      </Placemark>

      <Placemark>
        <name>Attica Bk1</name>
        <ExtendedData>
<Data name="name"><value>Attica Bk1</value></Data>
<Data name="region"><value>Attica Bk1</value></Data>
<Data name="part of"><value>Hellas (Europe)</value></Data>
<Data name="Wikidata"><value>https://wikidata.org/wiki/Q122443</value></Data>
<Data name="type"><value>[&quot;chora/region&quot;]</value></Data>
<Data name="passages"><value>[&quot;1.1.1&quot;,&quot;1.14.2&quot;,&quot;1.2.6&quot;,&quot;1.20.6&quot;,&quot;1.21.1&quot;,&quot;1.22.3&quot;,&quot;1.22.7&quot;,&quot;1.23.5&quot;,&quot;1.24.5&quot;,&quot;1.24.8&quot;,&quot;1.25.6&quot;,&quot;1.26.3&quot;,&quot;1.26.5&quot;,&quot;1.26.6&quot;,&quot;1.27.10&quot;,&quot;1.27.2&quot;,&quot;1.28.10&quot;,&quot;1.28.11&quot;,&quot;1.28.4&quot;,&quot;1.28.9&quot;,&quot;1.29.2&quot;,&quot;1.29.6&quot;,&quot;1.29.7&quot;,&quot;1.30.4&quot;,&quot;1.31.1&quot;,&quot;1.31.3&quot;,&quot;1.31.5&quot;,&quot;1.32.1&quot;,&quot;1.32.3&quot;,&quot;1.34.1&quot;,&quot;1.34.2&quot;,&quot;1.35.1&quot;,&quot;1.36.3&quot;,&quot;1.37.7&quot;,&quot;1.38.1&quot;,&quot;1.38.4&quot;,&quot;1.38.8&quot;,&quot;1.44.10&quot;,&quot;10.17.5&quot;,&quot;10.25.2&quot;,&quot;10.33.4&quot;,&quot;10.35.8&quot;,&quot;2.1.1&quot;,&quot;2.1.6&quot;,&quot;2.30.9&quot;,&quot;2.32.9&quot;,&quot;2.6.5&quot;,&quot;2.6.6&quot;,&quot;3.12.7&quot;,&quot;3.5.1&quot;,&quot;3.7.10&quot;,&quot;3.8.6&quot;,&quot;4.1.8&quot;,&quot;4.34.8&quot;,&quot;5.10.4&quot;,&quot;5.11.7&quot;,&quot;5.13.8&quot;,&quot;5.15.7&quot;,&quot;5.25.13&quot;,&quot;5.4.7&quot;,&quot;6.19.12&quot;,&quot;7.1.5&quot;,&quot;7.1.9&quot;,&quot;7.11.8&quot;,&quot;7.17.2&quot;,&quot;7.18.2&quot;,&quot;7.25.2&quot;,&quot;7.3.6&quot;,&quot;7.5.5&quot;,&quot;7.6.3&quot;,&quot;7.7.7&quot;,&quot;8.23.3&quot;,&quot;9.1.1&quot;,&quot;9.1.6&quot;,&quot;9.13.6&quot;,&quot;9.23.5&quot;]</value></Data>
<Data name="Pleiades"><value>https://pleiades.stoa.org/places/579888</value></Data>
</ExtendedData>
        <Point><coordinates>23.8189911,38.05199883</coordinates></Point>
      </Placemark>

      <Placemark>
        <name>Attica Bk1</name>
        <ExtendedData>
<Data name="name"><value>Attica Bk1</value></Data>
<Data name="region"><value>Attica Bk1</value></Data>
<Data name="part of"><value>Hellas (Europe)</value></Data>
<Data name="Wikidata"><value>https://wikidata.org/wiki/Q122443</value></Data>
<Data name="type"><value>[&quot;chora/region&quot;]</value></Data>
<Data name="passages"><value>[&quot;1.1.1&quot;,&quot;1.14.2&quot;,&quot;1.2.6&quot;,&quot;1.20.6&quot;,&quot;1.21.1&quot;,&quot;1.22.3&quot;,&quot;1.22.7&quot;,&quot;1.23.5&quot;,&quot;1.24.5&quot;,&quot;1.24.8&quot;,&quot;1.25.6&quot;,&quot;1.26.3&quot;,&quot;1.26.5&quot;,&quot;1.26.6&quot;,&quot;1.27.10&quot;,&quot;1.27.2&quot;,&quot;1.28.10&quot;,&quot;1.28.11&quot;,&quot;1.28.4&quot;,&quot;1.28.9&quot;,&quot;1.29.2&quot;,&quot;1.29.6&quot;,&quot;1.29.7&quot;,&quot;1.30.4&quot;,&quot;1.31.1&quot;,&quot;1.31.3&quot;,&quot;1.31.5&quot;,&quot;1.32.1&quot;,&quot;1.32.3&quot;,&quot;1.34.1&quot;,&quot;1.34.2&quot;,&quot;1.35.1&quot;,&quot;1.36.3&quot;,&quot;1.37.7&quot;,&quot;1.38.1&quot;,&quot;1.38.4&quot;,&quot;1.38.8&quot;,&quot;1.44.10&quot;,&quot;10.17.5&quot;,&quot;10.25.2&quot;,&quot;10.33.4&quot;,&quot;10.35.8&quot;,&quot;2.1.1&quot;,&quot;2.1.6&quot;,&quot;2.30.9&quot;,&quot;2.32.9&quot;,&quot;2.6.5&quot;,&quot;2.6.6&quot;,&quot;3.12.7&quot;,&quot;3.5.1&quot;,&quot;3.7.10&quot;,&quot;3.8.6&quot;,&quot;4.1.8&quot;,&quot;4.34.8&quot;,&quot;5.10.4&quot;,&quot;5.11.7&quot;,&quot;5.13.8&quot;,&quot;5.15.7&quot;,&quot;5.25.13&quot;,&quot;5.4.7&quot;,&quot;6.19.12&quot;,&quot;7.1.5&quot;,&quot;7.1.9&quot;,&quot;7.11.8&quot;,&quot;7.17.2&quot;,&quot;7.18.2&quot;,&quot;7.25.2&quot;,&quot;7.3.6&quot;,&quot;7.5.5&quot;,&quot;7.6.3&quot;,&quot;7.7.7&quot;,&quot;8.23.3&quot;,&quot;9.1.1&quot;,&quot;9.1.6&quot;,&quot;9.13.6&quot;,&quot;9.23.5&quot;]</value></Data>
<Data name="Pleiades"><value>https://pleiades.stoa.org/places/579888</value></Data>
</ExtendedData>
        <Point><coordinates>23.8189911,38.05199883</coordinates></Point>
      </Placemark>

      <Placemark>
        <name>Attica Bk1</name>
        <ExtendedData>
<Data name="name"><value>Attica Bk1</value></Data>
<Data name="region"><value>Attica Bk1</value></Data>
<Data name="part of"><value>Hellas (Europe)</value></Data>
<Data name="Wikidata"><value>https://wikidata.org/wiki/Q122443</value></Data>
<Data name="type"><value>[&quot;chora/region&quot;]</value></Data>
<Data name="passages"><value>[&quot;1.1.1&quot;,&quot;1.14.2&quot;,&quot;1.2.6&quot;,&quot;1.20.6&quot;,&quot;1.21.1&quot;,&quot;1.22.3&quot;,&quot;1.22.7&quot;,&quot;1.23.5&quot;,&quot;1.24.5&quot;,&quot;1.24.8&quot;,&quot;1.25.6&quot;,&quot;1.26.3&quot;,&quot;1.26.5&quot;,&quot;1.26.6&quot;,&quot;1.27.10&quot;,&quot;1.27.2&quot;,&quot;1.28.10&quot;,&quot;1.28.11&quot;,&quot;1.28.4&quot;,&quot;1.28.9&quot;,&quot;1.29.2&quot;,&quot;1.29.6&quot;,&quot;1.29.7&quot;,&quot;1.30.4&quot;,&quot;1.31.1&quot;,&quot;1.31.3&quot;,&quot;1.31.5&quot;,&quot;1.32.1&quot;,&quot;1.32.3&quot;,&quot;1.34.1&quot;,&quot;1.34.2&quot;,&quot;1.35.1&quot;,&quot;1.36.3&quot;,&quot;1.37.7&quot;,&quot;1.38.1&quot;,&quot;1.38.4&quot;,&quot;1.38.8&quot;,&quot;1.44.10&quot;,&quot;10.17.5&quot;,&quot;10.25.2&quot;,&quot;10.33.4&quot;,&quot;10.35.8&quot;,&quot;2.1.1&quot;,&quot;2.1.6&quot;,&quot;2.30.9&quot;,&quot;2.32.9&quot;,&quot;2.6.5&quot;,&quot;2.6.6&quot;,&quot;3.12.7&quot;,&quot;3.5.1&quot;,&quot;3.7.10&quot;,&quot;3.8.6&quot;,&quot;4.1.8&quot;,&quot;4.34.8&quot;,&quot;5.10.4&quot;,&quot;5.11.7&quot;,&quot;5.13.8&quot;,&quot;5.15.7&quot;,&quot;5.25.13&quot;,&quot;5.4.7&quot;,&quot;6.19.12&quot;,&quot;7.1.5&quot;,&quot;7.1.9&quot;,&quot;7.11.8&quot;,&quot;7.17.2&quot;,&quot;7.18.2&quot;,&quot;7.25.2&quot;,&quot;7.3.6&quot;,&quot;7.5.5&quot;,&quot;7.6.3&quot;,&quot;7.7.7&quot;,&quot;8.23.3&quot;,&quot;9.1.1&quot;,&quot;9.1.6&quot;,&quot;9.13.6&quot;,&quot;9.23.5&quot;]</value></Data>
<Data name="Pleiades"><value>https://pleiades.stoa.org/places/579888</value></Data>
</ExtendedData>
        <Point><coordinates>23.8189911,38.05199883</coordinates></Point>
      </Placemark>

      <Placemark>
        <name>Attica Bk1</name>
        <ExtendedData>
<Data name="name"><value>Attica Bk1</value></Data>
<Data name="region"><value>Attica Bk1</value></Data>
<Data name="part of"><value>Hellas (Europe)</value></Data>
<Data name="Wikidata"><value>https://wikidata.org/wiki/Q122443</value></Data>
<Data name="type"><value>[&quot;chora/region&quot;]</value></Data>
<Data name="passages"><value>[&quot;1.1.1&quot;,&quot;1.14.2&quot;,&quot;1.2.6&quot;,&quot;1.20.6&quot;,&quot;1.21.1&quot;,&quot;1.22.3&quot;,&quot;1.22.7&quot;,&quot;1.23.5&quot;,&quot;1.24.5&quot;,&quot;1.24.8&quot;,&quot;1.25.6&quot;,&quot;1.26.3&quot;,&quot;1.26.5&quot;,&quot;1.26.6&quot;,&quot;1.27.10&quot;,&quot;1.27.2&quot;,&quot;1.28.10&quot;,&quot;1.28.11&quot;,&quot;1.28.4&quot;,&quot;1.28.9&quot;,&quot;1.29.2&quot;,&quot;1.29.6&quot;,&quot;1.29.7&quot;,&quot;1.30.4&quot;,&quot;1.31.1&quot;,&quot;1.31.3&quot;,&quot;1.31.5&quot;,&quot;1.32.1&quot;,&quot;1.32.3&quot;,&quot;1.34.1&quot;,&quot;1.34.2&quot;,&quot;1.35.1&quot;,&quot;1.36.3&quot;,&quot;1.37.7&quot;,&quot;1.38.1&quot;,&quot;1.38.4&quot;,&quot;1.38.8&quot;,&quot;1.44.10&quot;,&quot;10.17.5&quot;,&quot;10.25.2&quot;,&quot;10.33.4&quot;,&quot;10.35.8&quot;,&quot;2.1.1&quot;,&quot;2.1.6&quot;,&quot;2.30.9&quot;,&quot;2.32.9&quot;,&quot;2.6.5&quot;,&quot;2.6.6&quot;,&quot;3.12.7&quot;,&quot;3.5.1&quot;,&quot;3.7.10&quot;,&quot;3.8.6&quot;,&quot;4.1.8&quot;,&quot;4.34.8&quot;,&quot;5.10.4&quot;,&quot;5.11.7&quot;,&quot;5.13.8&quot;,&quot;5.15.7&quot;,&quot;5.25.13&quot;,&quot;5.4.7&quot;,&quot;6.19.12&quot;,&quot;7.1.5&quot;,&quot;7.1.9&quot;,&quot;7.11.8&quot;,&quot;7.17.2&quot;,&quot;7.18.2&quot;,&quot;7.25.2&quot;,&quot;7.3.6&quot;,&quot;7.5.5&quot;,&quot;7.6.3&quot;,&quot;7.7.7&quot;,&quot;8.23.3&quot;,&quot;9.1.1&quot;,&quot;9.1.6&quot;,&quot;9.13.6&quot;,&quot;9.23.5&quot;]</value></Data>
<Data name="Pleiades"><value>https://pleiades.stoa.org/places/579888</value></Data>
</ExtendedData>
        <Point><coordinates>23.8189911,38.05199883</coordinates></Point>
      </Placemark>

      <Placemark>
        <name>Attica Bk1</name>
        <ExtendedData>
<Data name="name"><value>Attica Bk1</value></Data>
<Data name="region"><value>Attica Bk1</value></Data>
<Data name="part of"><value>Hellas (Europe)</value></Data>
<Data name="Wikidata"><value>https://wikidata.org/wiki/Q122443</value></Data>
<Data name="type"><value>[&quot;chora/region&quot;]</value></Data>
<Data name="passages"><value>[&quot;1.1.1&quot;,&quot;1.14.2&quot;,&quot;1.2.6&quot;,&quot;1.20.6&quot;,&quot;1.21.1&quot;,&quot;1.22.3&quot;,&quot;1.22.7&quot;,&quot;1.23.5&quot;,&quot;1.24.5&quot;,&quot;1.24.8&quot;,&quot;1.25.6&quot;,&quot;1.26.3&quot;,&quot;1.26.5&quot;,&quot;1.26.6&quot;,&quot;1.27.10&quot;,&quot;1.27.2&quot;,&quot;1.28.10&quot;,&quot;1.28.11&quot;,&quot;1.28.4&quot;,&quot;1.28.9&quot;,&quot;1.29.2&quot;,&quot;1.29.6&quot;,&quot;1.29.7&quot;,&quot;1.30.4&quot;,&quot;1.31.1&quot;,&quot;1.31.3&quot;,&quot;1.31.5&quot;,&quot;1.32.1&quot;,&quot;1.32.3&quot;,&quot;1.34.1&quot;,&quot;1.34.2&quot;,&quot;1.35.1&quot;,&quot;1.36.3&quot;,&quot;1.37.7&quot;,&quot;1.38.1&quot;,&quot;1.38.4&quot;,&quot;1.38.8&quot;,&quot;1.44.10&quot;,&quot;10.17.5&quot;,&quot;10.25.2&quot;,&quot;10.33.4&quot;,&quot;10.35.8&quot;,&quot;2.1.1&quot;,&quot;2.1.6&quot;,&quot;2.30.9&quot;,&quot;2.32.9&quot;,&quot;2.6.5&quot;,&quot;2.6.6&quot;,&quot;3.12.7&quot;,&quot;3.5.1&quot;,&quot;3.7.10&quot;,&quot;3.8.6&quot;,&quot;4.1.8&quot;,&quot;4.34.8&quot;,&quot;5.10.4&quot;,&quot;5.11.7&quot;,&quot;5.13.8&quot;,&quot;5.15.7&quot;,&quot;5.25.13&quot;,&quot;5.4.7&quot;,&quot;6.19.12&quot;,&quot;7.1.5&quot;,&quot;7.1.9&quot;,&quot;7.11.8&quot;,&quot;7.17.2&quot;,&quot;7.18.2&quot;,&quot;7.25.2&quot;,&quot;7.3.6&quot;,&quot;7.5.5&quot;,&quot;7.6.3&quot;,&quot;7.7.7&quot;,&quot;8.23.3&quot;,&quot;9.1.1&quot;,&quot;9.1.6&quot;,&quot;9.13.6&quot;,&quot;9.23.5&quot;]</value></Data>
<Data name="Pleiades"><value>https://pleiades.stoa.org/places/579888</value></Data>
</ExtendedData>
        <Point><coordinates>23.8189911,38.05199883</coordinates></Point>
      </Placemark>

      <Placemark>
        <name>sanctuary of the Great Gods in Triteia</name>
        <ExtendedData>
<Data name="name"><value>sanctuary of the Great Gods in Triteia</value></Data>
<Data name="region"><value>Achaia Bk7</value></Data>
<Data name="part of"><value>Tritaia (Achaia)</value></Data>
<Data name="location"><value>Tritaia (Achaia)</value></Data>
<Data name="Wikidata"><value>https://wikidata.org/wiki/Q134036435</value></Data>
<Data name="type"><value>[&quot;hieron&quot;]</value></Data>
<Data name="passages"><value>[&quot;7.22.9&quot;]</value></Data>
</ExtendedData>
        <Point><coordinates>21.687,37.959</coordinates></Point>
      </Placemark>

      <Placemark>
        <name>Odeion of Herodes (Athens)</name>
        <ExtendedData>
<Data name="name"><value>Odeion of Herodes (Athens)</value></Data>
<Data name="region"><value>Athenai Bk1</value></Data>
<Data name="part of"><value>Athenai Bk1</value></Data>
<Data name="Wikidata"><value>https://wikidata.org/wiki/Q1328165</value></Data>
<Data name="type"><value>[&quot;odeion&quot;]</value></Data>
<Data name="passages"><value>[&quot;1.8.6&quot;,&quot;7.20.6&quot;]</value></Data>
<Data name="Pleiades"><value>https://pleiades.stoa.org/places/154745711</value></Data>
<Data name="ToposText"><value>https://topostext.org/place/380237BOde</value></Data>
</ExtendedData>
        <Point><coordinates>23.724499999999995,37.9708</coordinates></Point>
      </Placemark>

      <Placemark>
        <name>Sicyon (Sikyonia)</name>
        <ExtendedData>
<Data name="name"><value>Sicyon (Sikyonia)</value></Data>
<Data name="region"><value>Sikyonia Bk2</value></Data>
<Data name="part of"><value>Sikyonia Bk2</value></Data>
<Data name="altname"><value>Sikyon</value></Data>
<Data name="Wikidata"><value>https://wikidata.org/wiki/Q368628</value></Data>
<Data name="type"><value>[&quot;polis&quot;]</value></Data>
<Data name="passages"><value>[&quot;1.25.4&quot;,&quot;1.27.5&quot;,&quot;10.11.6&quot;,&quot;10.8.5&quot;,&quot;2.1.1&quot;,&quot;2.10.1&quot;,&quot;2.10.6&quot;,&quot;2.11.2&quot;,&quot;2.11.3&quot;,&quot;2.11.5&quot;,&quot;2.12.2&quot;,&quot;2.12.3&quot;,&quot;2.13.1&quot;,&quot;2.15.1&quot;,&quot;2.25.5&quot;,&quot;2.25.6&quot;,&quot;2.3.10&quot;,&quot;2.3.6&quot;,&quot;2.4.4&quot;,&quot;2.5.2&quot;,&quot;2.5.5&quot;,&quot;2.5.6&quot;,&quot;2.5.8&quot;,&quot;2.6.2&quot;,&quot;2.6.5&quot;,&quot;2.6.6&quot;,&quot;2.6.7&quot;,&quot;2.7.1&quot;,&quot;2.7.2&quot;,&quot;2.7.3&quot;,&quot;2.7.6&quot;,&quot;2.7.7&quot;,&quot;2.7.9&quot;,&quot;2.8.1&quot;,&quot;2.9.2&quot;,&quot;2.9.4&quot;,&quot;4.10.6&quot;,&quot;4.11.8&quot;,&quot;4.14.1&quot;,&quot;4.15.7&quot;,&quot;5.18.7&quot;,&quot;5.21.3&quot;,&quot;6.3.3&quot;,&quot;7.1.1&quot;,&quot;7.23.8&quot;,&quot;7.26.12&quot;,&quot;7.26.13&quot;,&quot;7.26.2&quot;,&quot;7.26.6&quot;,&quot;7.27.12&quot;,&quot;7.6.1&quot;,&quot;8.1.2&quot;]</value></Data>
<Data name="Pleiades"><value>https://pleiades.stoa.org/places/570668</value></Data>
<Data name="ToposText"><value>https://topostext.org/place/380227PSik</value></Data>
</ExtendedData>
        <Point><coordinates>22.7145,37.9834</coordinates></Point>
      </Placemark>

      <Placemark>
        <name>Sicyon (Sikyonia)</name>
        <ExtendedData>
<Data name="name"><value>Sicyon (Sikyonia)</value></Data>
<Data name="region"><value>Sikyonia Bk2</value></Data>
<Data name="part of"><value>Sikyonia Bk2</value></Data>
<Data name="altname"><value>Sikyon</value></Data>
<Data name="Wikidata"><value>https://wikidata.org/wiki/Q368628</value></Data>
<Data name="type"><value>[&quot;polis&quot;]</value></Data>
<Data name="passages"><value>[&quot;1.25.4&quot;,&quot;1.27.5&quot;,&quot;10.11.6&quot;,&quot;10.8.5&quot;,&quot;2.1.1&quot;,&quot;2.10.1&quot;,&quot;2.10.6&quot;,&quot;2.11.2&quot;,&quot;2.11.3&quot;,&quot;2.11.5&quot;,&quot;2.12.2&quot;,&quot;2.12.3&quot;,&quot;2.13.1&quot;,&quot;2.15.1&quot;,&quot;2.25.5&quot;,&quot;2.25.6&quot;,&quot;2.3.10&quot;,&quot;2.3.6&quot;,&quot;2.4.4&quot;,&quot;2.5.2&quot;,&quot;2.5.5&quot;,&quot;2.5.6&quot;,&quot;2.5.8&quot;,&quot;2.6.2&quot;,&quot;2.6.5&quot;,&quot;2.6.6&quot;,&quot;2.6.7&quot;,&quot;2.7.1&quot;,&quot;2.7.2&quot;,&quot;2.7.3&quot;,&quot;2.7.6&quot;,&quot;2.7.7&quot;,&quot;2.7.9&quot;,&quot;2.8.1&quot;,&quot;2.9.2&quot;,&quot;2.9.4&quot;,&quot;4.10.6&quot;,&quot;4.11.8&quot;,&quot;4.14.1&quot;,&quot;4.15.7&quot;,&quot;5.18.7&quot;,&quot;5.21.3&quot;,&quot;6.3.3&quot;,&quot;7.1.1&quot;,&quot;7.23.8&quot;,&quot;7.26.12&quot;,&quot;7.26.13&quot;,&quot;7.26.2&quot;,&quot;7.26.6&quot;,&quot;7.27.12&quot;,&quot;7.6.1&quot;,&quot;8.1.2&quot;]</value></Data>
<Data name="Pleiades"><value>https://pleiades.stoa.org/places/570668</value></Data>
<Data name="ToposText"><value>https://topostext.org/place/380227PSik</value></Data>
</ExtendedData>
        <Point><coordinates>22.7145,37.9834</coordinates></Point>
      </Placemark>

      <Placemark>
        <name>Sicyon (Sikyonia)</name>
        <ExtendedData>
<Data name="name"><value>Sicyon (Sikyonia)</value></Data>
<Data name="region"><value>Sikyonia Bk2</value></Data>
<Data name="part of"><value>Sikyonia Bk2</value></Data>
<Data name="altname"><value>Sikyon</value></Data>
<Data name="Wikidata"><value>https://wikidata.org/wiki/Q368628</value></Data>
<Data name="type"><value>[&quot;polis&quot;]</value></Data>
<Data name="passages"><value>[&quot;1.25.4&quot;,&quot;1.27.5&quot;,&quot;10.11.6&quot;,&quot;10.8.5&quot;,&quot;2.1.1&quot;,&quot;2.10.1&quot;,&quot;2.10.6&quot;,&quot;2.11.2&quot;,&quot;2.11.3&quot;,&quot;2.11.5&quot;,&quot;2.12.2&quot;,&quot;2.12.3&quot;,&quot;2.13.1&quot;,&quot;2.15.1&quot;,&quot;2.25.5&quot;,&quot;2.25.6&quot;,&quot;2.3.10&quot;,&quot;2.3.6&quot;,&quot;2.4.4&quot;,&quot;2.5.2&quot;,&quot;2.5.5&quot;,&quot;2.5.6&quot;,&quot;2.5.8&quot;,&quot;2.6.2&quot;,&quot;2.6.5&quot;,&quot;2.6.6&quot;,&quot;2.6.7&quot;,&quot;2.7.1&quot;,&quot;2.7.2&quot;,&quot;2.7.3&quot;,&quot;2.7.6&quot;,&quot;2.7.7&quot;,&quot;2.7.9&quot;,&quot;2.8.1&quot;,&quot;2.9.2&quot;,&quot;2.9.4&quot;,&quot;4.10.6&quot;,&quot;4.11.8&quot;,&quot;4.14.1&quot;,&quot;4.15.7&quot;,&quot;5.18.7&quot;,&quot;5.21.3&quot;,&quot;6.3.3&quot;,&quot;7.1.1&quot;,&quot;7.23.8&quot;,&quot;7.26.12&quot;,&quot;7.26.13&quot;,&quot;7.26.2&quot;,&quot;7.26.6&quot;,&quot;7.27.12&quot;,&quot;7.6.1&quot;,&quot;8.1.2&quot;]</value></Data>
<Data name="Pleiades"><value>https://pleiades.stoa.org/places/570668</value></Data>
<Data name="ToposText"><value>https://topostext.org/place/380227PSik</value></Data>
</ExtendedData>
        <Point><coordinates>22.7145,37.9834</coordinates></Point>
      </Placemark>

      <Placemark>
        <name>Sicyon (Sikyonia)</name>
        <ExtendedData>
<Data name="name"><value>Sicyon (Sikyonia)</value></Data>
<Data name="region"><value>Sikyonia Bk2</value></Data>
<Data name="part of"><value>Sikyonia Bk2</value></Data>
<Data name="altname"><value>Sikyon</value></Data>
<Data name="Wikidata"><value>https://wikidata.org/wiki/Q368628</value></Data>
<Data name="type"><value>[&quot;polis&quot;]</value></Data>
<Data name="passages"><value>[&quot;1.25.4&quot;,&quot;1.27.5&quot;,&quot;10.11.6&quot;,&quot;10.8.5&quot;,&quot;2.1.1&quot;,&quot;2.10.1&quot;,&quot;2.10.6&quot;,&quot;2.11.2&quot;,&quot;2.11.3&quot;,&quot;2.11.5&quot;,&quot;2.12.2&quot;,&quot;2.12.3&quot;,&quot;2.13.1&quot;,&quot;2.15.1&quot;,&quot;2.25.5&quot;,&quot;2.25.6&quot;,&quot;2.3.10&quot;,&quot;2.3.6&quot;,&quot;2.4.4&quot;,&quot;2.5.2&quot;,&quot;2.5.5&quot;,&quot;2.5.6&quot;,&quot;2.5.8&quot;,&quot;2.6.2&quot;,&quot;2.6.5&quot;,&quot;2.6.6&quot;,&quot;2.6.7&quot;,&quot;2.7.1&quot;,&quot;2.7.2&quot;,&quot;2.7.3&quot;,&quot;2.7.6&quot;,&quot;2.7.7&quot;,&quot;2.7.9&quot;,&quot;2.8.1&quot;,&quot;2.9.2&quot;,&quot;2.9.4&quot;,&quot;4.10.6&quot;,&quot;4.11.8&quot;,&quot;4.14.1&quot;,&quot;4.15.7&quot;,&quot;5.18.7&quot;,&quot;5.21.3&quot;,&quot;6.3.3&quot;,&quot;7.1.1&quot;,&quot;7.23.8&quot;,&quot;7.26.12&quot;,&quot;7.26.13&quot;,&quot;7.26.2&quot;,&quot;7.26.6&quot;,&quot;7.27.12&quot;,&quot;7.6.1&quot;,&quot;8.1.2&quot;]</value></Data>
<Data name="Pleiades"><value>https://pleiades.stoa.org/places/570668</value></Data>
<Data name="ToposText"><value>https://topostext.org/place/380227PSik</value></Data>
</ExtendedData>
        <Point><coordinates>22.7145,37.9834</coordinates></Point>
      </Placemark>

      <Placemark>
        <name>Sicyon (Sikyonia)</name>
        <ExtendedData>
<Data name="name"><value>Sicyon (Sikyonia)</value></Data>
<Data name="region"><value>Sikyonia Bk2</value></Data>
<Data name="part of"><value>Sikyonia Bk2</value></Data>
<Data name="altname"><value>Sikyon</value></Data>
<Data name="Wikidata"><value>https://wikidata.org/wiki/Q368628</value></Data>
<Data name="type"><value>[&quot;polis&quot;]</value></Data>
<Data name="passages"><value>[&quot;1.25.4&quot;,&quot;1.27.5&quot;,&quot;10.11.6&quot;,&quot;10.8.5&quot;,&quot;2.1.1&quot;,&quot;2.10.1&quot;,&quot;2.10.6&quot;,&quot;2.11.2&quot;,&quot;2.11.3&quot;,&quot;2.11.5&quot;,&quot;2.12.2&quot;,&quot;2.12.3&quot;,&quot;2.13.1&quot;,&quot;2.15.1&quot;,&quot;2.25.5&quot;,&quot;2.25.6&quot;,&quot;2.3.10&quot;,&quot;2.3.6&quot;,&quot;2.4.4&quot;,&quot;2.5.2&quot;,&quot;2.5.5&quot;,&quot;2.5.6&quot;,&quot;2.5.8&quot;,&quot;2.6.2&quot;,&quot;2.6.5&quot;,&quot;2.6.6&quot;,&quot;2.6.7&quot;,&quot;2.7.1&quot;,&quot;2.7.2&quot;,&quot;2.7.3&quot;,&quot;2.7.6&quot;,&quot;2.7.7&quot;,&quot;2.7.9&quot;,&quot;2.8.1&quot;,&quot;2.9.2&quot;,&quot;2.9.4&quot;,&quot;4.10.6&quot;,&quot;4.11.8&quot;,&quot;4.14.1&quot;,&quot;4.15.7&quot;,&quot;5.18.7&quot;,&quot;5.21.3&quot;,&quot;6.3.3&quot;,&quot;7.1.1&quot;,&quot;7.23.8&quot;,&quot;7.26.12&quot;,&quot;7.26.13&quot;,&quot;7.26.2&quot;,&quot;7.26.6&quot;,&quot;7.27.12&quot;,&quot;7.6.1&quot;,&quot;8.1.2&quot;]</value></Data>
<Data name="Pleiades"><value>https://pleiades.stoa.org/places/570668</value></Data>
<Data name="ToposText"><value>https://topostext.org/place/380227PSik</value></Data>
</ExtendedData>
        <Point><coordinates>22.7145,37.9834</coordinates></Point>
      </Placemark>

      <Placemark>
        <name>Sicyon (Sikyonia)</name>
        <ExtendedData>
<Data name="name"><value>Sicyon (Sikyonia)</value></Data>
<Data name="region"><value>Sikyonia Bk2</value></Data>
<Data name="part of"><value>Sikyonia Bk2</value></Data>
<Data name="altname"><value>Sikyon</value></Data>
<Data name="Wikidata"><value>https://wikidata.org/wiki/Q368628</value></Data>
<Data name="type"><value>[&quot;polis&quot;]</value></Data>
<Data name="passages"><value>[&quot;1.25.4&quot;,&quot;1.27.5&quot;,&quot;10.11.6&quot;,&quot;10.8.5&quot;,&quot;2.1.1&quot;,&quot;2.10.1&quot;,&quot;2.10.6&quot;,&quot;2.11.2&quot;,&quot;2.11.3&quot;,&quot;2.11.5&quot;,&quot;2.12.2&quot;,&quot;2.12.3&quot;,&quot;2.13.1&quot;,&quot;2.15.1&quot;,&quot;2.25.5&quot;,&quot;2.25.6&quot;,&quot;2.3.10&quot;,&quot;2.3.6&quot;,&quot;2.4.4&quot;,&quot;2.5.2&quot;,&quot;2.5.5&quot;,&quot;2.5.6&quot;,&quot;2.5.8&quot;,&quot;2.6.2&quot;,&quot;2.6.5&quot;,&quot;2.6.6&quot;,&quot;2.6.7&quot;,&quot;2.7.1&quot;,&quot;2.7.2&quot;,&quot;2.7.3&quot;,&quot;2.7.6&quot;,&quot;2.7.7&quot;,&quot;2.7.9&quot;,&quot;2.8.1&quot;,&quot;2.9.2&quot;,&quot;2.9.4&quot;,&quot;4.10.6&quot;,&quot;4.11.8&quot;,&quot;4.14.1&quot;,&quot;4.15.7&quot;,&quot;5.18.7&quot;,&quot;5.21.3&quot;,&quot;6.3.3&quot;,&quot;7.1.1&quot;,&quot;7.23.8&quot;,&quot;7.26.12&quot;,&quot;7.26.13&quot;,&quot;7.26.2&quot;,&quot;7.26.6&quot;,&quot;7.27.12&quot;,&quot;7.6.1&quot;,&quot;8.1.2&quot;]</value></Data>
<Data name="Pleiades"><value>https://pleiades.stoa.org/places/570668</value></Data>
<Data name="ToposText"><value>https://topostext.org/place/380227PSik</value></Data>
</ExtendedData>
        <Point><coordinates>22.7145,37.9834</coordinates></Point>
      </Placemark>

      <Placemark>
        <name>Sicyon (Sikyonia)</name>
        <ExtendedData>
<Data name="name"><value>Sicyon (Sikyonia)</value></Data>
<Data name="region"><value>Sikyonia Bk2</value></Data>
<Data name="part of"><value>Sikyonia Bk2</value></Data>
<Data name="altname"><value>Sikyon</value></Data>
<Data name="Wikidata"><value>https://wikidata.org/wiki/Q368628</value></Data>
<Data name="type"><value>[&quot;polis&quot;]</value></Data>
<Data name="passages"><value>[&quot;1.25.4&quot;,&quot;1.27.5&quot;,&quot;10.11.6&quot;,&quot;10.8.5&quot;,&quot;2.1.1&quot;,&quot;2.10.1&quot;,&quot;2.10.6&quot;,&quot;2.11.2&quot;,&quot;2.11.3&quot;,&quot;2.11.5&quot;,&quot;2.12.2&quot;,&quot;2.12.3&quot;,&quot;2.13.1&quot;,&quot;2.15.1&quot;,&quot;2.25.5&quot;,&quot;2.25.6&quot;,&quot;2.3.10&quot;,&quot;2.3.6&quot;,&quot;2.4.4&quot;,&quot;2.5.2&quot;,&quot;2.5.5&quot;,&quot;2.5.6&quot;,&quot;2.5.8&quot;,&quot;2.6.2&quot;,&quot;2.6.5&quot;,&quot;2.6.6&quot;,&quot;2.6.7&quot;,&quot;2.7.1&quot;,&quot;2.7.2&quot;,&quot;2.7.3&quot;,&quot;2.7.6&quot;,&quot;2.7.7&quot;,&quot;2.7.9&quot;,&quot;2.8.1&quot;,&quot;2.9.2&quot;,&quot;2.9.4&quot;,&quot;4.10.6&quot;,&quot;4.11.8&quot;,&quot;4.14.1&quot;,&quot;4.15.7&quot;,&quot;5.18.7&quot;,&quot;5.21.3&quot;,&quot;6.3.3&quot;,&quot;7.1.1&quot;,&quot;7.23.8&quot;,&quot;7.26.12&quot;,&quot;7.26.13&quot;,&quot;7.26.2&quot;,&quot;7.26.6&quot;,&quot;7.27.12&quot;,&quot;7.6.1&quot;,&quot;8.1.2&quot;]</value></Data>
<Data name="Pleiades"><value>https://pleiades.stoa.org/places/570668</value></Data>
<Data name="ToposText"><value>https://topostext.org/place/380227PSik</value></Data>
</ExtendedData>
        <Point><coordinates>22.7145,37.9834</coordinates></Point>
      </Placemark>

      <Placemark>
        <name>Sicyon (Sikyonia)</name>
        <ExtendedData>
<Data name="name"><value>Sicyon (Sikyonia)</value></Data>
<Data name="region"><value>Sikyonia Bk2</value></Data>
<Data name="part of"><value>Sikyonia Bk2</value></Data>
<Data name="altname"><value>Sikyon</value></Data>
<Data name="Wikidata"><value>https://wikidata.org/wiki/Q368628</value></Data>
<Data name="type"><value>[&quot;polis&quot;]</value></Data>
<Data name="passages"><value>[&quot;1.25.4&quot;,&quot;1.27.5&quot;,&quot;10.11.6&quot;,&quot;10.8.5&quot;,&quot;2.1.1&quot;,&quot;2.10.1&quot;,&quot;2.10.6&quot;,&quot;2.11.2&quot;,&quot;2.11.3&quot;,&quot;2.11.5&quot;,&quot;2.12.2&quot;,&quot;2.12.3&quot;,&quot;2.13.1&quot;,&quot;2.15.1&quot;,&quot;2.25.5&quot;,&quot;2.25.6&quot;,&quot;2.3.10&quot;,&quot;2.3.6&quot;,&quot;2.4.4&quot;,&quot;2.5.2&quot;,&quot;2.5.5&quot;,&quot;2.5.6&quot;,&quot;2.5.8&quot;,&quot;2.6.2&quot;,&quot;2.6.5&quot;,&quot;2.6.6&quot;,&quot;2.6.7&quot;,&quot;2.7.1&quot;,&quot;2.7.2&quot;,&quot;2.7.3&quot;,&quot;2.7.6&quot;,&quot;2.7.7&quot;,&quot;2.7.9&quot;,&quot;2.8.1&quot;,&quot;2.9.2&quot;,&quot;2.9.4&quot;,&quot;4.10.6&quot;,&quot;4.11.8&quot;,&quot;4.14.1&quot;,&quot;4.15.7&quot;,&quot;5.18.7&quot;,&quot;5.21.3&quot;,&quot;6.3.3&quot;,&quot;7.1.1&quot;,&quot;7.23.8&quot;,&quot;7.26.12&quot;,&quot;7.26.13&quot;,&quot;7.26.2&quot;,&quot;7.26.6&quot;,&quot;7.27.12&quot;,&quot;7.6.1&quot;,&quot;8.1.2&quot;]</value></Data>
<Data name="Pleiades"><value>https://pleiades.stoa.org/places/570668</value></Data>
<Data name="ToposText"><value>https://topostext.org/place/380227PSik</value></Data>
</ExtendedData>
        <Point><coordinates>22.7145,37.9834</coordinates></Point>
      </Placemark>

      <Placemark>
        <name>Sanctuary of Poseidon at Helike</name>
        <ExtendedData>
<Data name="name"><value>Sanctuary of Poseidon at Helike</value></Data>
<Data name="region"><value>Achaia Bk7</value></Data>
<Data name="part of"><value>Helike</value></Data>
<Data name="location"><value>Helike</value></Data>
<Data name="Wikidata"><value>https://wikidata.org/wiki/Q111085915</value></Data>
<Data name="type"><value>[&quot;hieron&quot;]</value></Data>
<Data name="passages"><value>[&quot;7.24.5&quot;,&quot;7.24.6&quot;]</value></Data>
<Data name="ToposText"><value>https://topostext.org/place/382221SNPT</value></Data>
</ExtendedData>
        <Point><coordinates>22.14015,38.22257</coordinates></Point>
      </Placemark>

      <Placemark>
        <name>Sanctuary of Poseidon at Helike</name>
        <ExtendedData>
<Data name="name"><value>Sanctuary of Poseidon at Helike</value></Data>
<Data name="region"><value>Achaia Bk7</value></Data>
<Data name="part of"><value>Helike</value></Data>
<Data name="location"><value>Helike</value></Data>
<Data name="Wikidata"><value>https://wikidata.org/wiki/Q111085915</value></Data>
<Data name="type"><value>[&quot;hieron&quot;]</value></Data>
<Data name="passages"><value>[&quot;7.24.5&quot;,&quot;7.24.6&quot;]</value></Data>
<Data name="ToposText"><value>https://topostext.org/place/382221SNPT</value></Data>
</ExtendedData>
        <Point><coordinates>22.14015,38.22257</coordinates></Point>
      </Placemark>

      <Placemark>
        <name>Boline (Achaia)</name>
        <ExtendedData>
<Data name="name"><value>Boline (Achaia)</value></Data>
<Data name="region"><value>Achaia Bk7</value></Data>
<Data name="part of"><value>Achaia Bk7</value></Data>
<Data name="altname"><value>Bolina: former city</value></Data>
<Data name="Wikidata"><value>https://wikidata.org/wiki/Q16944934</value></Data>
<Data name="type"><value>[&quot;settlement&quot;]</value></Data>
<Data name="passages"><value>[&quot;7.18.6&quot;,&quot;7.23.4&quot;]</value></Data>
<Data name="Pleiades"><value>https://pleiades.stoa.org/places/573148</value></Data>
<Data name="ToposText"><value>https://topostext.org/place/383219UBol</value></Data>
</ExtendedData>
        <Point><coordinates>21.8551,38.3142</coordinates></Point>
      </Placemark>

      <Placemark>
        <name>Boline (Achaia)</name>
        <ExtendedData>
<Data name="name"><value>Boline (Achaia)</value></Data>
<Data name="region"><value>Achaia Bk7</value></Data>
<Data name="part of"><value>Achaia Bk7</value></Data>
<Data name="altname"><value>Bolina: former city</value></Data>
<Data name="Wikidata"><value>https://wikidata.org/wiki/Q16944934</value></Data>
<Data name="type"><value>[&quot;settlement&quot;]</value></Data>
<Data name="passages"><value>[&quot;7.18.6&quot;,&quot;7.23.4&quot;]</value></Data>
<Data name="Pleiades"><value>https://pleiades.stoa.org/places/573148</value></Data>
<Data name="ToposText"><value>https://topostext.org/place/383219UBol</value></Data>
</ExtendedData>
        <Point><coordinates>21.8551,38.3142</coordinates></Point>
      </Placemark>

      <Placemark>
        <name>Tomb of Promethos at Polyteichides near Kolophon</name>
        <ExtendedData>
<Data name="name"><value>Tomb of Promethos at Polyteichides near Kolophon</value></Data>
<Data name="region"><value>Asia Minor (Asia)</value></Data>
<Data name="part of"><value>Polyteichides (near Colophon)</value></Data>
<Data name="location"><value>Polyteichides (near Colophon)</value></Data>
<Data name="Wikidata"><value>https://wikidata.org/wiki/Q136487383</value></Data>
<Data name="type"><value>[&quot;tomb mnema&quot;]</value></Data>
<Data name="passages"><value>[&quot;7.3.3&quot;]</value></Data>
<Data name="Manto"><value>https://resource.manto.unh.edu/10268864</value></Data>
</ExtendedData>
        <Point><coordinates>27.142222,38.115556</coordinates></Point>
      </Placemark>

      <Placemark>
        <name>baths in Lebedus</name>
        <ExtendedData>
<Data name="name"><value>baths in Lebedus</value></Data>
<Data name="region"><value>Asia Minor (Asia)</value></Data>
<Data name="part of"><value>Lebedos</value></Data>
<Data name="location"><value>Lebedos</value></Data>
<Data name="type"><value>[&quot;bath&quot;]</value></Data>
<Data name="passages"><value>[&quot;7.5.11&quot;]</value></Data>
</ExtendedData>
        <Point><coordinates>26.964722,38.077883</coordinates></Point>
      </Placemark>

      <Placemark>
        <name>Tegea (Arkadia)</name>
        <ExtendedData>
<Data name="name"><value>Tegea (Arkadia)</value></Data>
<Data name="region"><value>Arcadia Bk8</value></Data>
<Data name="part of"><value>Tegeatis</value></Data>
<Data name="Wikidata"><value>https://wikidata.org/wiki/Q645234</value></Data>
<Data name="type"><value>[&quot;polis&quot;]</value></Data>
<Data name="passages"><value>[&quot;2.17.7&quot;,&quot;2.24.5&quot;,&quot;2.24.7&quot;,&quot;2.25.1&quot;,&quot;3.11.10&quot;,&quot;3.11.7&quot;,&quot;3.3.5&quot;,&quot;3.7.10&quot;,&quot;5.26.4&quot;,&quot;5.26.5&quot;,&quot;7.14.4&quot;,&quot;8.10.1&quot;,&quot;8.11.1&quot;,&quot;8.27.2&quot;,&quot;8.3.4&quot;,&quot;8.4.3&quot;,&quot;8.4.8&quot;,&quot;8.4.9&quot;,&quot;8.44.1&quot;,&quot;8.44.7&quot;,&quot;8.44.8&quot;,&quot;8.47.1&quot;,&quot;8.47.5&quot;,&quot;8.47.6&quot;,&quot;8.48.5&quot;,&quot;8.5.3&quot;,&quot;8.5.4&quot;,&quot;8.52.6&quot;,&quot;8.53.10&quot;,&quot;8.53.11&quot;,&quot;8.53.7&quot;,&quot;8.54.4&quot;,&quot;8.54.5&quot;,&quot;8.6.4&quot;]</value></Data>
<Data name="Pleiades"><value>https://pleiades.stoa.org/places/570707</value></Data>
<Data name="ToposText"><value>https://topostext.org/place/375224PTeg</value></Data>
</ExtendedData>
        <Point><coordinates>22.429,37.464</coordinates></Point>
      </Placemark>

      <Placemark>
        <name>Pellene</name>
        <ExtendedData>
<Data name="name"><value>Pellene</value></Data>
<Data name="region"><value>Achaia Bk7</value></Data>
<Data name="part of"><value>Achaia Bk7</value></Data>
<Data name="Wikidata"><value>https://wikidata.org/wiki/Q2068130</value></Data>
<Data name="type"><value>[&quot;settlement&quot;]</value></Data>
<Data name="passages"><value>[&quot;1.25.2&quot;,&quot;10.9.10&quot;,&quot;2.7.4&quot;,&quot;2.8.5&quot;,&quot;3.1.4&quot;,&quot;3.26.2&quot;,&quot;7.17.14&quot;,&quot;7.26.12&quot;,&quot;7.26.13&quot;,&quot;7.26.14&quot;,&quot;7.27.1&quot;,&quot;7.27.11&quot;,&quot;7.27.12&quot;,&quot;7.27.4&quot;,&quot;7.27.5&quot;,&quot;7.27.6&quot;,&quot;7.27.7&quot;,&quot;7.27.8&quot;,&quot;7.27.9&quot;,&quot;7.6.1&quot;,&quot;7.7.1&quot;,&quot;7.7.3&quot;,&quot;8.15.5&quot;,&quot;8.15.8&quot;,&quot;8.27.14&quot;]</value></Data>
<Data name="Pleiades"><value>https://pleiades.stoa.org/places/570576</value></Data>
</ExtendedData>
        <Point><coordinates>22.5384,38.0446</coordinates></Point>
      </Placemark>

      <Placemark>
        <name>Pellene</name>
        <ExtendedData>
<Data name="name"><value>Pellene</value></Data>
<Data name="region"><value>Achaia Bk7</value></Data>
<Data name="part of"><value>Achaia Bk7</value></Data>
<Data name="Wikidata"><value>https://wikidata.org/wiki/Q2068130</value></Data>
<Data name="type"><value>[&quot;settlement&quot;]</value></Data>
<Data name="passages"><value>[&quot;1.25.2&quot;,&quot;10.9.10&quot;,&quot;2.7.4&quot;,&quot;2.8.5&quot;,&quot;3.1.4&quot;,&quot;3.26.2&quot;,&quot;7.17.14&quot;,&quot;7.26.12&quot;,&quot;7.26.13&quot;,&quot;7.26.14&quot;,&quot;7.27.1&quot;,&quot;7.27.11&quot;,&quot;7.27.12&quot;,&quot;7.27.4&quot;,&quot;7.27.5&quot;,&quot;7.27.6&quot;,&quot;7.27.7&quot;,&quot;7.27.8&quot;,&quot;7.27.9&quot;,&quot;7.6.1&quot;,&quot;7.7.1&quot;,&quot;7.7.3&quot;,&quot;8.15.5&quot;,&quot;8.15.8&quot;,&quot;8.27.14&quot;]</value></Data>
<Data name="Pleiades"><value>https://pleiades.stoa.org/places/570576</value></Data>
</ExtendedData>
        <Point><coordinates>22.5384,38.0446</coordinates></Point>
      </Placemark>

      <Placemark>
        <name>Pellene</name>
        <ExtendedData>
<Data name="name"><value>Pellene</value></Data>
<Data name="region"><value>Achaia Bk7</value></Data>
<Data name="part of"><value>Achaia Bk7</value></Data>
<Data name="Wikidata"><value>https://wikidata.org/wiki/Q2068130</value></Data>
<Data name="type"><value>[&quot;settlement&quot;]</value></Data>
<Data name="passages"><value>[&quot;1.25.2&quot;,&quot;10.9.10&quot;,&quot;2.7.4&quot;,&quot;2.8.5&quot;,&quot;3.1.4&quot;,&quot;3.26.2&quot;,&quot;7.17.14&quot;,&quot;7.26.12&quot;,&quot;7.26.13&quot;,&quot;7.26.14&quot;,&quot;7.27.1&quot;,&quot;7.27.11&quot;,&quot;7.27.12&quot;,&quot;7.27.4&quot;,&quot;7.27.5&quot;,&quot;7.27.6&quot;,&quot;7.27.7&quot;,&quot;7.27.8&quot;,&quot;7.27.9&quot;,&quot;7.6.1&quot;,&quot;7.7.1&quot;,&quot;7.7.3&quot;,&quot;8.15.5&quot;,&quot;8.15.8&quot;,&quot;8.27.14&quot;]</value></Data>
<Data name="Pleiades"><value>https://pleiades.stoa.org/places/570576</value></Data>
</ExtendedData>
        <Point><coordinates>22.5384,38.0446</coordinates></Point>
      </Placemark>

      <Placemark>
        <name>Pellene</name>
        <ExtendedData>
<Data name="name"><value>Pellene</value></Data>
<Data name="region"><value>Achaia Bk7</value></Data>
<Data name="part of"><value>Achaia Bk7</value></Data>
<Data name="Wikidata"><value>https://wikidata.org/wiki/Q2068130</value></Data>
<Data name="type"><value>[&quot;settlement&quot;]</value></Data>
<Data name="passages"><value>[&quot;1.25.2&quot;,&quot;10.9.10&quot;,&quot;2.7.4&quot;,&quot;2.8.5&quot;,&quot;3.1.4&quot;,&quot;3.26.2&quot;,&quot;7.17.14&quot;,&quot;7.26.12&quot;,&quot;7.26.13&quot;,&quot;7.26.14&quot;,&quot;7.27.1&quot;,&quot;7.27.11&quot;,&quot;7.27.12&quot;,&quot;7.27.4&quot;,&quot;7.27.5&quot;,&quot;7.27.6&quot;,&quot;7.27.7&quot;,&quot;7.27.8&quot;,&quot;7.27.9&quot;,&quot;7.6.1&quot;,&quot;7.7.1&quot;,&quot;7.7.3&quot;,&quot;8.15.5&quot;,&quot;8.15.8&quot;,&quot;8.27.14&quot;]</value></Data>
<Data name="Pleiades"><value>https://pleiades.stoa.org/places/570576</value></Data>
</ExtendedData>
        <Point><coordinates>22.5384,38.0446</coordinates></Point>
      </Placemark>

      <Placemark>
        <name>Pellene</name>
        <ExtendedData>
<Data name="name"><value>Pellene</value></Data>
<Data name="region"><value>Achaia Bk7</value></Data>
<Data name="part of"><value>Achaia Bk7</value></Data>
<Data name="Wikidata"><value>https://wikidata.org/wiki/Q2068130</value></Data>
<Data name="type"><value>[&quot;settlement&quot;]</value></Data>
<Data name="passages"><value>[&quot;1.25.2&quot;,&quot;10.9.10&quot;,&quot;2.7.4&quot;,&quot;2.8.5&quot;,&quot;3.1.4&quot;,&quot;3.26.2&quot;,&quot;7.17.14&quot;,&quot;7.26.12&quot;,&quot;7.26.13&quot;,&quot;7.26.14&quot;,&quot;7.27.1&quot;,&quot;7.27.11&quot;,&quot;7.27.12&quot;,&quot;7.27.4&quot;,&quot;7.27.5&quot;,&quot;7.27.6&quot;,&quot;7.27.7&quot;,&quot;7.27.8&quot;,&quot;7.27.9&quot;,&quot;7.6.1&quot;,&quot;7.7.1&quot;,&quot;7.7.3&quot;,&quot;8.15.5&quot;,&quot;8.15.8&quot;,&quot;8.27.14&quot;]</value></Data>
<Data name="Pleiades"><value>https://pleiades.stoa.org/places/570576</value></Data>
</ExtendedData>
        <Point><coordinates>22.5384,38.0446</coordinates></Point>
      </Placemark>

      <Placemark>
        <name>Pellene</name>
        <ExtendedData>
<Data name="name"><value>Pellene</value></Data>
<Data name="region"><value>Achaia Bk7</value></Data>
<Data name="part of"><value>Achaia Bk7</value></Data>
<Data name="Wikidata"><value>https://wikidata.org/wiki/Q2068130</value></Data>
<Data name="type"><value>[&quot;settlement&quot;]</value></Data>
<Data name="passages"><value>[&quot;1.25.2&quot;,&quot;10.9.10&quot;,&quot;2.7.4&quot;,&quot;2.8.5&quot;,&quot;3.1.4&quot;,&quot;3.26.2&quot;,&quot;7.17.14&quot;,&quot;7.26.12&quot;,&quot;7.26.13&quot;,&quot;7.26.14&quot;,&quot;7.27.1&quot;,&quot;7.27.11&quot;,&quot;7.27.12&quot;,&quot;7.27.4&quot;,&quot;7.27.5&quot;,&quot;7.27.6&quot;,&quot;7.27.7&quot;,&quot;7.27.8&quot;,&quot;7.27.9&quot;,&quot;7.6.1&quot;,&quot;7.7.1&quot;,&quot;7.7.3&quot;,&quot;8.15.5&quot;,&quot;8.15.8&quot;,&quot;8.27.14&quot;]</value></Data>
<Data name="Pleiades"><value>https://pleiades.stoa.org/places/570576</value></Data>
</ExtendedData>
        <Point><coordinates>22.5384,38.0446</coordinates></Point>
      </Placemark>

      <Placemark>
        <name>Pellene</name>
        <ExtendedData>
<Data name="name"><value>Pellene</value></Data>
<Data name="region"><value>Achaia Bk7</value></Data>
<Data name="part of"><value>Achaia Bk7</value></Data>
<Data name="Wikidata"><value>https://wikidata.org/wiki/Q2068130</value></Data>
<Data name="type"><value>[&quot;settlement&quot;]</value></Data>
<Data name="passages"><value>[&quot;1.25.2&quot;,&quot;10.9.10&quot;,&quot;2.7.4&quot;,&quot;2.8.5&quot;,&quot;3.1.4&quot;,&quot;3.26.2&quot;,&quot;7.17.14&quot;,&quot;7.26.12&quot;,&quot;7.26.13&quot;,&quot;7.26.14&quot;,&quot;7.27.1&quot;,&quot;7.27.11&quot;,&quot;7.27.12&quot;,&quot;7.27.4&quot;,&quot;7.27.5&quot;,&quot;7.27.6&quot;,&quot;7.27.7&quot;,&quot;7.27.8&quot;,&quot;7.27.9&quot;,&quot;7.6.1&quot;,&quot;7.7.1&quot;,&quot;7.7.3&quot;,&quot;8.15.5&quot;,&quot;8.15.8&quot;,&quot;8.27.14&quot;]</value></Data>
<Data name="Pleiades"><value>https://pleiades.stoa.org/places/570576</value></Data>
</ExtendedData>
        <Point><coordinates>22.5384,38.0446</coordinates></Point>
      </Placemark>

      <Placemark>
        <name>Pellene</name>
        <ExtendedData>
<Data name="name"><value>Pellene</value></Data>
<Data name="region"><value>Achaia Bk7</value></Data>
<Data name="part of"><value>Achaia Bk7</value></Data>
<Data name="Wikidata"><value>https://wikidata.org/wiki/Q2068130</value></Data>
<Data name="type"><value>[&quot;settlement&quot;]</value></Data>
<Data name="passages"><value>[&quot;1.25.2&quot;,&quot;10.9.10&quot;,&quot;2.7.4&quot;,&quot;2.8.5&quot;,&quot;3.1.4&quot;,&quot;3.26.2&quot;,&quot;7.17.14&quot;,&quot;7.26.12&quot;,&quot;7.26.13&quot;,&quot;7.26.14&quot;,&quot;7.27.1&quot;,&quot;7.27.11&quot;,&quot;7.27.12&quot;,&quot;7.27.4&quot;,&quot;7.27.5&quot;,&quot;7.27.6&quot;,&quot;7.27.7&quot;,&quot;7.27.8&quot;,&quot;7.27.9&quot;,&quot;7.6.1&quot;,&quot;7.7.1&quot;,&quot;7.7.3&quot;,&quot;8.15.5&quot;,&quot;8.15.8&quot;,&quot;8.27.14&quot;]</value></Data>
<Data name="Pleiades"><value>https://pleiades.stoa.org/places/570576</value></Data>
</ExtendedData>
        <Point><coordinates>22.5384,38.0446</coordinates></Point>
      </Placemark>

      <Placemark>
        <name>Pellene</name>
        <ExtendedData>
<Data name="name"><value>Pellene</value></Data>
<Data name="region"><value>Achaia Bk7</value></Data>
<Data name="part of"><value>Achaia Bk7</value></Data>
<Data name="Wikidata"><value>https://wikidata.org/wiki/Q2068130</value></Data>
<Data name="type"><value>[&quot;settlement&quot;]</value></Data>
<Data name="passages"><value>[&quot;1.25.2&quot;,&quot;10.9.10&quot;,&quot;2.7.4&quot;,&quot;2.8.5&quot;,&quot;3.1.4&quot;,&quot;3.26.2&quot;,&quot;7.17.14&quot;,&quot;7.26.12&quot;,&quot;7.26.13&quot;,&quot;7.26.14&quot;,&quot;7.27.1&quot;,&quot;7.27.11&quot;,&quot;7.27.12&quot;,&quot;7.27.4&quot;,&quot;7.27.5&quot;,&quot;7.27.6&quot;,&quot;7.27.7&quot;,&quot;7.27.8&quot;,&quot;7.27.9&quot;,&quot;7.6.1&quot;,&quot;7.7.1&quot;,&quot;7.7.3&quot;,&quot;8.15.5&quot;,&quot;8.15.8&quot;,&quot;8.27.14&quot;]</value></Data>
<Data name="Pleiades"><value>https://pleiades.stoa.org/places/570576</value></Data>
</ExtendedData>
        <Point><coordinates>22.5384,38.0446</coordinates></Point>
      </Placemark>

      <Placemark>
        <name>Pellene</name>
        <ExtendedData>
<Data name="name"><value>Pellene</value></Data>
<Data name="region"><value>Achaia Bk7</value></Data>
<Data name="part of"><value>Achaia Bk7</value></Data>
<Data name="Wikidata"><value>https://wikidata.org/wiki/Q2068130</value></Data>
<Data name="type"><value>[&quot;settlement&quot;]</value></Data>
<Data name="passages"><value>[&quot;1.25.2&quot;,&quot;10.9.10&quot;,&quot;2.7.4&quot;,&quot;2.8.5&quot;,&quot;3.1.4&quot;,&quot;3.26.2&quot;,&quot;7.17.14&quot;,&quot;7.26.12&quot;,&quot;7.26.13&quot;,&quot;7.26.14&quot;,&quot;7.27.1&quot;,&quot;7.27.11&quot;,&quot;7.27.12&quot;,&quot;7.27.4&quot;,&quot;7.27.5&quot;,&quot;7.27.6&quot;,&quot;7.27.7&quot;,&quot;7.27.8&quot;,&quot;7.27.9&quot;,&quot;7.6.1&quot;,&quot;7.7.1&quot;,&quot;7.7.3&quot;,&quot;8.15.5&quot;,&quot;8.15.8&quot;,&quot;8.27.14&quot;]</value></Data>
<Data name="Pleiades"><value>https://pleiades.stoa.org/places/570576</value></Data>
</ExtendedData>
        <Point><coordinates>22.5384,38.0446</coordinates></Point>
      </Placemark>

      <Placemark>
        <name>Pellene</name>
        <ExtendedData>
<Data name="name"><value>Pellene</value></Data>
<Data name="region"><value>Achaia Bk7</value></Data>
<Data name="part of"><value>Achaia Bk7</value></Data>
<Data name="Wikidata"><value>https://wikidata.org/wiki/Q2068130</value></Data>
<Data name="type"><value>[&quot;settlement&quot;]</value></Data>
<Data name="passages"><value>[&quot;1.25.2&quot;,&quot;10.9.10&quot;,&quot;2.7.4&quot;,&quot;2.8.5&quot;,&quot;3.1.4&quot;,&quot;3.26.2&quot;,&quot;7.17.14&quot;,&quot;7.26.12&quot;,&quot;7.26.13&quot;,&quot;7.26.14&quot;,&quot;7.27.1&quot;,&quot;7.27.11&quot;,&quot;7.27.12&quot;,&quot;7.27.4&quot;,&quot;7.27.5&quot;,&quot;7.27.6&quot;,&quot;7.27.7&quot;,&quot;7.27.8&quot;,&quot;7.27.9&quot;,&quot;7.6.1&quot;,&quot;7.7.1&quot;,&quot;7.7.3&quot;,&quot;8.15.5&quot;,&quot;8.15.8&quot;,&quot;8.27.14&quot;]</value></Data>
<Data name="Pleiades"><value>https://pleiades.stoa.org/places/570576</value></Data>
</ExtendedData>
        <Point><coordinates>22.5384,38.0446</coordinates></Point>
      </Placemark>

      <Placemark>
        <name>Pellene</name>
        <ExtendedData>
<Data name="name"><value>Pellene</value></Data>
<Data name="region"><value>Achaia Bk7</value></Data>
<Data name="part of"><value>Achaia Bk7</value></Data>
<Data name="Wikidata"><value>https://wikidata.org/wiki/Q2068130</value></Data>
<Data name="type"><value>[&quot;settlement&quot;]</value></Data>
<Data name="passages"><value>[&quot;1.25.2&quot;,&quot;10.9.10&quot;,&quot;2.7.4&quot;,&quot;2.8.5&quot;,&quot;3.1.4&quot;,&quot;3.26.2&quot;,&quot;7.17.14&quot;,&quot;7.26.12&quot;,&quot;7.26.13&quot;,&quot;7.26.14&quot;,&quot;7.27.1&quot;,&quot;7.27.11&quot;,&quot;7.27.12&quot;,&quot;7.27.4&quot;,&quot;7.27.5&quot;,&quot;7.27.6&quot;,&quot;7.27.7&quot;,&quot;7.27.8&quot;,&quot;7.27.9&quot;,&quot;7.6.1&quot;,&quot;7.7.1&quot;,&quot;7.7.3&quot;,&quot;8.15.5&quot;,&quot;8.15.8&quot;,&quot;8.27.14&quot;]</value></Data>
<Data name="Pleiades"><value>https://pleiades.stoa.org/places/570576</value></Data>
</ExtendedData>
        <Point><coordinates>22.5384,38.0446</coordinates></Point>
      </Placemark>

      <Placemark>
        <name>Pellene</name>
        <ExtendedData>
<Data name="name"><value>Pellene</value></Data>
<Data name="region"><value>Achaia Bk7</value></Data>
<Data name="part of"><value>Achaia Bk7</value></Data>
<Data name="Wikidata"><value>https://wikidata.org/wiki/Q2068130</value></Data>
<Data name="type"><value>[&quot;settlement&quot;]</value></Data>
<Data name="passages"><value>[&quot;1.25.2&quot;,&quot;10.9.10&quot;,&quot;2.7.4&quot;,&quot;2.8.5&quot;,&quot;3.1.4&quot;,&quot;3.26.2&quot;,&quot;7.17.14&quot;,&quot;7.26.12&quot;,&quot;7.26.13&quot;,&quot;7.26.14&quot;,&quot;7.27.1&quot;,&quot;7.27.11&quot;,&quot;7.27.12&quot;,&quot;7.27.4&quot;,&quot;7.27.5&quot;,&quot;7.27.6&quot;,&quot;7.27.7&quot;,&quot;7.27.8&quot;,&quot;7.27.9&quot;,&quot;7.6.1&quot;,&quot;7.7.1&quot;,&quot;7.7.3&quot;,&quot;8.15.5&quot;,&quot;8.15.8&quot;,&quot;8.27.14&quot;]</value></Data>
<Data name="Pleiades"><value>https://pleiades.stoa.org/places/570576</value></Data>
</ExtendedData>
        <Point><coordinates>22.5384,38.0446</coordinates></Point>
      </Placemark>

      <Placemark>
        <name>Pellene</name>
        <ExtendedData>
<Data name="name"><value>Pellene</value></Data>
<Data name="region"><value>Achaia Bk7</value></Data>
<Data name="part of"><value>Achaia Bk7</value></Data>
<Data name="Wikidata"><value>https://wikidata.org/wiki/Q2068130</value></Data>
<Data name="type"><value>[&quot;settlement&quot;]</value></Data>
<Data name="passages"><value>[&quot;1.25.2&quot;,&quot;10.9.10&quot;,&quot;2.7.4&quot;,&quot;2.8.5&quot;,&quot;3.1.4&quot;,&quot;3.26.2&quot;,&quot;7.17.14&quot;,&quot;7.26.12&quot;,&quot;7.26.13&quot;,&quot;7.26.14&quot;,&quot;7.27.1&quot;,&quot;7.27.11&quot;,&quot;7.27.12&quot;,&quot;7.27.4&quot;,&quot;7.27.5&quot;,&quot;7.27.6&quot;,&quot;7.27.7&quot;,&quot;7.27.8&quot;,&quot;7.27.9&quot;,&quot;7.6.1&quot;,&quot;7.7.1&quot;,&quot;7.7.3&quot;,&quot;8.15.5&quot;,&quot;8.15.8&quot;,&quot;8.27.14&quot;]</value></Data>
<Data name="Pleiades"><value>https://pleiades.stoa.org/places/570576</value></Data>
</ExtendedData>
        <Point><coordinates>22.5384,38.0446</coordinates></Point>
      </Placemark>

      <Placemark>
        <name>Pellene</name>
        <ExtendedData>
<Data name="name"><value>Pellene</value></Data>
<Data name="region"><value>Achaia Bk7</value></Data>
<Data name="part of"><value>Achaia Bk7</value></Data>
<Data name="Wikidata"><value>https://wikidata.org/wiki/Q2068130</value></Data>
<Data name="type"><value>[&quot;settlement&quot;]</value></Data>
<Data name="passages"><value>[&quot;1.25.2&quot;,&quot;10.9.10&quot;,&quot;2.7.4&quot;,&quot;2.8.5&quot;,&quot;3.1.4&quot;,&quot;3.26.2&quot;,&quot;7.17.14&quot;,&quot;7.26.12&quot;,&quot;7.26.13&quot;,&quot;7.26.14&quot;,&quot;7.27.1&quot;,&quot;7.27.11&quot;,&quot;7.27.12&quot;,&quot;7.27.4&quot;,&quot;7.27.5&quot;,&quot;7.27.6&quot;,&quot;7.27.7&quot;,&quot;7.27.8&quot;,&quot;7.27.9&quot;,&quot;7.6.1&quot;,&quot;7.7.1&quot;,&quot;7.7.3&quot;,&quot;8.15.5&quot;,&quot;8.15.8&quot;,&quot;8.27.14&quot;]</value></Data>
<Data name="Pleiades"><value>https://pleiades.stoa.org/places/570576</value></Data>
</ExtendedData>
        <Point><coordinates>22.5384,38.0446</coordinates></Point>
      </Placemark>

      <Placemark>
        <name>Pellene</name>
        <ExtendedData>
<Data name="name"><value>Pellene</value></Data>
<Data name="region"><value>Achaia Bk7</value></Data>
<Data name="part of"><value>Achaia Bk7</value></Data>
<Data name="Wikidata"><value>https://wikidata.org/wiki/Q2068130</value></Data>
<Data name="type"><value>[&quot;settlement&quot;]</value></Data>
<Data name="passages"><value>[&quot;1.25.2&quot;,&quot;10.9.10&quot;,&quot;2.7.4&quot;,&quot;2.8.5&quot;,&quot;3.1.4&quot;,&quot;3.26.2&quot;,&quot;7.17.14&quot;,&quot;7.26.12&quot;,&quot;7.26.13&quot;,&quot;7.26.14&quot;,&quot;7.27.1&quot;,&quot;7.27.11&quot;,&quot;7.27.12&quot;,&quot;7.27.4&quot;,&quot;7.27.5&quot;,&quot;7.27.6&quot;,&quot;7.27.7&quot;,&quot;7.27.8&quot;,&quot;7.27.9&quot;,&quot;7.6.1&quot;,&quot;7.7.1&quot;,&quot;7.7.3&quot;,&quot;8.15.5&quot;,&quot;8.15.8&quot;,&quot;8.27.14&quot;]</value></Data>
<Data name="Pleiades"><value>https://pleiades.stoa.org/places/570576</value></Data>
</ExtendedData>
        <Point><coordinates>22.5384,38.0446</coordinates></Point>
      </Placemark>

      <Placemark>
        <name>Spring of Hermes at Pharae, with sacred fish</name>
        <ExtendedData>
<Data name="name"><value>Spring of Hermes at Pharae, with sacred fish</value></Data>
<Data name="region"><value>Achaia Bk7</value></Data>
<Data name="part of"><value>Pharae (Achaia)</value></Data>
<Data name="location"><value>Pharae (Achaia)</value></Data>
<Data name="type"><value>[&quot;spring pege&quot;]</value></Data>
<Data name="passages"><value>[&quot;7.22.4&quot;]</value></Data>
<Data name="Manto"><value>https://resource.manto.unh.edu/10473551</value></Data>
</ExtendedData>
        <Point><coordinates>21.73,38.082</coordinates></Point>
      </Placemark>

      <Placemark>
        <name>Arcadia Bk8</name>
        <ExtendedData>
<Data name="name"><value>Arcadia Bk8</value></Data>
<Data name="region"><value>Arcadia Bk8</value></Data>
<Data name="part of"><value>Peloponnesos</value></Data>
<Data name="altname"><value>Arkadia region</value></Data>
<Data name="Wikidata"><value>https://wikidata.org/wiki/Q12898802</value></Data>
<Data name="type"><value>[&quot;chora/region&quot;]</value></Data>
<Data name="passages"><value>[&quot;10.20.1&quot;,&quot;10.28.8&quot;,&quot;10.32.3&quot;,&quot;2.24.5&quot;,&quot;3.20.8&quot;,&quot;3.5.4&quot;,&quot;3.6.8&quot;,&quot;3.7.3&quot;,&quot;3.8.7&quot;,&quot;4.22.7&quot;,&quot;4.29.11&quot;,&quot;4.31.4&quot;,&quot;5.10.9&quot;,&quot;5.5.8&quot;,&quot;5.7.1&quot;,&quot;6.12.8&quot;,&quot;6.8.2&quot;,&quot;7.14.1&quot;,&quot;7.25.11&quot;,&quot;7.25.5&quot;,&quot;7.7.4&quot;,&quot;7.8.6&quot;,&quot;8.1.1&quot;,&quot;8.1.6&quot;,&quot;8.10.1&quot;,&quot;8.10.6&quot;,&quot;8.11.3&quot;,&quot;8.17.1&quot;,&quot;8.22.6&quot;,&quot;8.23.3&quot;,&quot;8.24.4&quot;,&quot;8.27.4&quot;,&quot;8.27.5&quot;,&quot;8.3.4&quot;,&quot;8.34.4&quot;,&quot;8.35.10&quot;,&quot;8.35.5&quot;,&quot;8.36.6&quot;,&quot;8.4.1&quot;,&quot;8.42.3&quot;,&quot;8.43.2&quot;,&quot;8.47.6&quot;,&quot;8.5.4&quot;,&quot;8.51.8&quot;,&quot;8.6.4&quot;,&quot;8.7.4&quot;,&quot;8.8.12&quot;,&quot;9.36.6&quot;,&quot;9.9.2&quot;]</value></Data>
<Data name="Pleiades"><value>https://pleiades.stoa.org/places/570102</value></Data>
<Data name="ToposText"><value>https://topostext.org/place/375223RArk</value></Data>
</ExtendedData>
        <Point><coordinates>22.3,37.5</coordinates></Point>
      </Placemark>

      <Placemark>
        <name>Arcadia Bk8</name>
        <ExtendedData>
<Data name="name"><value>Arcadia Bk8</value></Data>
<Data name="region"><value>Arcadia Bk8</value></Data>
<Data name="part of"><value>Peloponnesos</value></Data>
<Data name="altname"><value>Arkadia region</value></Data>
<Data name="Wikidata"><value>https://wikidata.org/wiki/Q12898802</value></Data>
<Data name="type"><value>[&quot;chora/region&quot;]</value></Data>
<Data name="passages"><value>[&quot;10.20.1&quot;,&quot;10.28.8&quot;,&quot;10.32.3&quot;,&quot;2.24.5&quot;,&quot;3.20.8&quot;,&quot;3.5.4&quot;,&quot;3.6.8&quot;,&quot;3.7.3&quot;,&quot;3.8.7&quot;,&quot;4.22.7&quot;,&quot;4.29.11&quot;,&quot;4.31.4&quot;,&quot;5.10.9&quot;,&quot;5.5.8&quot;,&quot;5.7.1&quot;,&quot;6.12.8&quot;,&quot;6.8.2&quot;,&quot;7.14.1&quot;,&quot;7.25.11&quot;,&quot;7.25.5&quot;,&quot;7.7.4&quot;,&quot;7.8.6&quot;,&quot;8.1.1&quot;,&quot;8.1.6&quot;,&quot;8.10.1&quot;,&quot;8.10.6&quot;,&quot;8.11.3&quot;,&quot;8.17.1&quot;,&quot;8.22.6&quot;,&quot;8.23.3&quot;,&quot;8.24.4&quot;,&quot;8.27.4&quot;,&quot;8.27.5&quot;,&quot;8.3.4&quot;,&quot;8.34.4&quot;,&quot;8.35.10&quot;,&quot;8.35.5&quot;,&quot;8.36.6&quot;,&quot;8.4.1&quot;,&quot;8.42.3&quot;,&quot;8.43.2&quot;,&quot;8.47.6&quot;,&quot;8.5.4&quot;,&quot;8.51.8&quot;,&quot;8.6.4&quot;,&quot;8.7.4&quot;,&quot;8.8.12&quot;,&quot;9.36.6&quot;,&quot;9.9.2&quot;]</value></Data>
<Data name="Pleiades"><value>https://pleiades.stoa.org/places/570102</value></Data>
<Data name="ToposText"><value>https://topostext.org/place/375223RArk</value></Data>
</ExtendedData>
        <Point><coordinates>22.3,37.5</coordinates></Point>
      </Placemark>

      <Placemark>
        <name>Arcadia Bk8</name>
        <ExtendedData>
<Data name="name"><value>Arcadia Bk8</value></Data>
<Data name="region"><value>Arcadia Bk8</value></Data>
<Data name="part of"><value>Peloponnesos</value></Data>
<Data name="altname"><value>Arkadia region</value></Data>
<Data name="Wikidata"><value>https://wikidata.org/wiki/Q12898802</value></Data>
<Data name="type"><value>[&quot;chora/region&quot;]</value></Data>
<Data name="passages"><value>[&quot;10.20.1&quot;,&quot;10.28.8&quot;,&quot;10.32.3&quot;,&quot;2.24.5&quot;,&quot;3.20.8&quot;,&quot;3.5.4&quot;,&quot;3.6.8&quot;,&quot;3.7.3&quot;,&quot;3.8.7&quot;,&quot;4.22.7&quot;,&quot;4.29.11&quot;,&quot;4.31.4&quot;,&quot;5.10.9&quot;,&quot;5.5.8&quot;,&quot;5.7.1&quot;,&quot;6.12.8&quot;,&quot;6.8.2&quot;,&quot;7.14.1&quot;,&quot;7.25.11&quot;,&quot;7.25.5&quot;,&quot;7.7.4&quot;,&quot;7.8.6&quot;,&quot;8.1.1&quot;,&quot;8.1.6&quot;,&quot;8.10.1&quot;,&quot;8.10.6&quot;,&quot;8.11.3&quot;,&quot;8.17.1&quot;,&quot;8.22.6&quot;,&quot;8.23.3&quot;,&quot;8.24.4&quot;,&quot;8.27.4&quot;,&quot;8.27.5&quot;,&quot;8.3.4&quot;,&quot;8.34.4&quot;,&quot;8.35.10&quot;,&quot;8.35.5&quot;,&quot;8.36.6&quot;,&quot;8.4.1&quot;,&quot;8.42.3&quot;,&quot;8.43.2&quot;,&quot;8.47.6&quot;,&quot;8.5.4&quot;,&quot;8.51.8&quot;,&quot;8.6.4&quot;,&quot;8.7.4&quot;,&quot;8.8.12&quot;,&quot;9.36.6&quot;,&quot;9.9.2&quot;]</value></Data>
<Data name="Pleiades"><value>https://pleiades.stoa.org/places/570102</value></Data>
<Data name="ToposText"><value>https://topostext.org/place/375223RArk</value></Data>
</ExtendedData>
        <Point><coordinates>22.3,37.5</coordinates></Point>
      </Placemark>

      <Placemark>
        <name>Arcadia Bk8</name>
        <ExtendedData>
<Data name="name"><value>Arcadia Bk8</value></Data>
<Data name="region"><value>Arcadia Bk8</value></Data>
<Data name="part of"><value>Peloponnesos</value></Data>
<Data name="altname"><value>Arkadia region</value></Data>
<Data name="Wikidata"><value>https://wikidata.org/wiki/Q12898802</value></Data>
<Data name="type"><value>[&quot;chora/region&quot;]</value></Data>
<Data name="passages"><value>[&quot;10.20.1&quot;,&quot;10.28.8&quot;,&quot;10.32.3&quot;,&quot;2.24.5&quot;,&quot;3.20.8&quot;,&quot;3.5.4&quot;,&quot;3.6.8&quot;,&quot;3.7.3&quot;,&quot;3.8.7&quot;,&quot;4.22.7&quot;,&quot;4.29.11&quot;,&quot;4.31.4&quot;,&quot;5.10.9&quot;,&quot;5.5.8&quot;,&quot;5.7.1&quot;,&quot;6.12.8&quot;,&quot;6.8.2&quot;,&quot;7.14.1&quot;,&quot;7.25.11&quot;,&quot;7.25.5&quot;,&quot;7.7.4&quot;,&quot;7.8.6&quot;,&quot;8.1.1&quot;,&quot;8.1.6&quot;,&quot;8.10.1&quot;,&quot;8.10.6&quot;,&quot;8.11.3&quot;,&quot;8.17.1&quot;,&quot;8.22.6&quot;,&quot;8.23.3&quot;,&quot;8.24.4&quot;,&quot;8.27.4&quot;,&quot;8.27.5&quot;,&quot;8.3.4&quot;,&quot;8.34.4&quot;,&quot;8.35.10&quot;,&quot;8.35.5&quot;,&quot;8.36.6&quot;,&quot;8.4.1&quot;,&quot;8.42.3&quot;,&quot;8.43.2&quot;,&quot;8.47.6&quot;,&quot;8.5.4&quot;,&quot;8.51.8&quot;,&quot;8.6.4&quot;,&quot;8.7.4&quot;,&quot;8.8.12&quot;,&quot;9.36.6&quot;,&quot;9.9.2&quot;]</value></Data>
<Data name="Pleiades"><value>https://pleiades.stoa.org/places/570102</value></Data>
<Data name="ToposText"><value>https://topostext.org/place/375223RArk</value></Data>
</ExtendedData>
        <Point><coordinates>22.3,37.5</coordinates></Point>
      </Placemark>

      <Placemark>
        <name>Arcadia Bk8</name>
        <ExtendedData>
<Data name="name"><value>Arcadia Bk8</value></Data>
<Data name="region"><value>Arcadia Bk8</value></Data>
<Data name="part of"><value>Peloponnesos</value></Data>
<Data name="altname"><value>Arkadia region</value></Data>
<Data name="Wikidata"><value>https://wikidata.org/wiki/Q12898802</value></Data>
<Data name="type"><value>[&quot;chora/region&quot;]</value></Data>
<Data name="passages"><value>[&quot;10.20.1&quot;,&quot;10.28.8&quot;,&quot;10.32.3&quot;,&quot;2.24.5&quot;,&quot;3.20.8&quot;,&quot;3.5.4&quot;,&quot;3.6.8&quot;,&quot;3.7.3&quot;,&quot;3.8.7&quot;,&quot;4.22.7&quot;,&quot;4.29.11&quot;,&quot;4.31.4&quot;,&quot;5.10.9&quot;,&quot;5.5.8&quot;,&quot;5.7.1&quot;,&quot;6.12.8&quot;,&quot;6.8.2&quot;,&quot;7.14.1&quot;,&quot;7.25.11&quot;,&quot;7.25.5&quot;,&quot;7.7.4&quot;,&quot;7.8.6&quot;,&quot;8.1.1&quot;,&quot;8.1.6&quot;,&quot;8.10.1&quot;,&quot;8.10.6&quot;,&quot;8.11.3&quot;,&quot;8.17.1&quot;,&quot;8.22.6&quot;,&quot;8.23.3&quot;,&quot;8.24.4&quot;,&quot;8.27.4&quot;,&quot;8.27.5&quot;,&quot;8.3.4&quot;,&quot;8.34.4&quot;,&quot;8.35.10&quot;,&quot;8.35.5&quot;,&quot;8.36.6&quot;,&quot;8.4.1&quot;,&quot;8.42.3&quot;,&quot;8.43.2&quot;,&quot;8.47.6&quot;,&quot;8.5.4&quot;,&quot;8.51.8&quot;,&quot;8.6.4&quot;,&quot;8.7.4&quot;,&quot;8.8.12&quot;,&quot;9.36.6&quot;,&quot;9.9.2&quot;]</value></Data>
<Data name="Pleiades"><value>https://pleiades.stoa.org/places/570102</value></Data>
<Data name="ToposText"><value>https://topostext.org/place/375223RArk</value></Data>
</ExtendedData>
        <Point><coordinates>22.3,37.5</coordinates></Point>
      </Placemark>

      <Placemark>
        <name>Pylos/Koryphasion cape (Messenia)</name>
        <ExtendedData>
<Data name="name"><value>Pylos/Koryphasion cape (Messenia)</value></Data>
<Data name="region"><value>Messenia Bk4</value></Data>
<Data name="part of"><value>Messenia Bk4</value></Data>
<Data name="Wikidata"><value>https://wikidata.org/wiki/Q7263152</value></Data>
<Data name="type"><value>[&quot;chora/region&quot;]</value></Data>
<Data name="passages"><value>[&quot;4.2.5&quot;,&quot;4.3.7&quot;,&quot;4.31.11&quot;,&quot;4.36.1&quot;,&quot;4.36.2&quot;,&quot;4.36.5&quot;,&quot;4.36.7&quot;,&quot;7.2.3&quot;,&quot;8.1.1&quot;]</value></Data>
<Data name="Pleiades"><value>https://pleiades.stoa.org/places/570640</value></Data>
<Data name="ToposText"><value>https://topostext.org/place/370217UPyl</value></Data>
</ExtendedData>
        <Point><coordinates>21.66,36.9517</coordinates></Point>
      </Placemark>

      <Placemark>
        <name>Meilichos or Ameilichos river</name>
        <ExtendedData>
<Data name="name"><value>Meilichos or Ameilichos river</value></Data>
<Data name="region"><value>Achaia Bk7</value></Data>
<Data name="part of"><value>Achaia Bk7</value></Data>
<Data name="Wikidata"><value>https://wikidata.org/wiki/Q3566497</value></Data>
<Data name="type"><value>[&quot;river&quot;]</value></Data>
<Data name="passages"><value>[&quot;7.19.4&quot;,&quot;7.19.9&quot;,&quot;7.20.1&quot;,&quot;7.22.11&quot;]</value></Data>
<Data name="Pleiades"><value>https://pleiades.stoa.org/places/570069</value></Data>
</ExtendedData>
        <Point><coordinates>21.777,38.286</coordinates></Point>
      </Placemark>

      <Placemark>
        <name>Meilichos or Ameilichos river</name>
        <ExtendedData>
<Data name="name"><value>Meilichos or Ameilichos river</value></Data>
<Data name="region"><value>Achaia Bk7</value></Data>
<Data name="part of"><value>Achaia Bk7</value></Data>
<Data name="Wikidata"><value>https://wikidata.org/wiki/Q3566497</value></Data>
<Data name="type"><value>[&quot;river&quot;]</value></Data>
<Data name="passages"><value>[&quot;7.19.4&quot;,&quot;7.19.9&quot;,&quot;7.20.1&quot;,&quot;7.22.11&quot;]</value></Data>
<Data name="Pleiades"><value>https://pleiades.stoa.org/places/570069</value></Data>
</ExtendedData>
        <Point><coordinates>21.777,38.286</coordinates></Point>
      </Placemark>

      <Placemark>
        <name>Meilichos or Ameilichos river</name>
        <ExtendedData>
<Data name="name"><value>Meilichos or Ameilichos river</value></Data>
<Data name="region"><value>Achaia Bk7</value></Data>
<Data name="part of"><value>Achaia Bk7</value></Data>
<Data name="Wikidata"><value>https://wikidata.org/wiki/Q3566497</value></Data>
<Data name="type"><value>[&quot;river&quot;]</value></Data>
<Data name="passages"><value>[&quot;7.19.4&quot;,&quot;7.19.9&quot;,&quot;7.20.1&quot;,&quot;7.22.11&quot;]</value></Data>
<Data name="Pleiades"><value>https://pleiades.stoa.org/places/570069</value></Data>
</ExtendedData>
        <Point><coordinates>21.777,38.286</coordinates></Point>
      </Placemark>

      <Placemark>
        <name>Meilichos or Ameilichos river</name>
        <ExtendedData>
<Data name="name"><value>Meilichos or Ameilichos river</value></Data>
<Data name="region"><value>Achaia Bk7</value></Data>
<Data name="part of"><value>Achaia Bk7</value></Data>
<Data name="Wikidata"><value>https://wikidata.org/wiki/Q3566497</value></Data>
<Data name="type"><value>[&quot;river&quot;]</value></Data>
<Data name="passages"><value>[&quot;7.19.4&quot;,&quot;7.19.9&quot;,&quot;7.20.1&quot;,&quot;7.22.11&quot;]</value></Data>
<Data name="Pleiades"><value>https://pleiades.stoa.org/places/570069</value></Data>
</ExtendedData>
        <Point><coordinates>21.777,38.286</coordinates></Point>
      </Placemark>

      <Placemark>
        <name>Thermodon (river)</name>
        <ExtendedData>
<Data name="name"><value>Thermodon (river)</value></Data>
<Data name="region"><value>Pontus Euxinus</value></Data>
<Data name="part of"><value>Pontus Euxinus</value></Data>
<Data name="Wikidata"><value>https://wikidata.org/wiki/Q684421</value></Data>
<Data name="type"><value>[&quot;river&quot;]</value></Data>
<Data name="passages"><value>[&quot;1.2.1&quot;,&quot;3.25.3&quot;,&quot;7.2.7&quot;]</value></Data>
<Data name="Pleiades"><value>https://pleiades.stoa.org/places/857352</value></Data>
</ExtendedData>
        <Point><coordinates>36.9424975,41.1939559</coordinates></Point>
      </Placemark>

      <Placemark>
        <name>Boiotia Bk9</name>
        <ExtendedData>
<Data name="name"><value>Boiotia Bk9</value></Data>
<Data name="region"><value></value></Data>
<Data name="part of"><value>Hellas (Europe)</value></Data>
<Data name="altname"><value>Boeotia</value></Data>
<Data name="Wikidata"><value>https://wikidata.org/wiki/Q187570</value></Data>
<Data name="type"><value>[&quot;chora/region&quot;]</value></Data>
<Data name="passages"><value>[&quot;1.23.3&quot;,&quot;1.24.5&quot;,&quot;1.25.7&quot;,&quot;1.27.5&quot;,&quot;1.34.1&quot;,&quot;1.38.8&quot;,&quot;10.1.2&quot;,&quot;10.12.11&quot;,&quot;10.17.3&quot;,&quot;10.23.11&quot;,&quot;10.29.5&quot;,&quot;10.37.2&quot;,&quot;10.4.2&quot;,&quot;3.5.3&quot;,&quot;3.5.4&quot;,&quot;3.5.6&quot;,&quot;3.9.12&quot;,&quot;4.16.7&quot;,&quot;4.27.10&quot;,&quot;4.34.5&quot;,&quot;6.3.3&quot;,&quot;7.10.5&quot;,&quot;7.15.9&quot;,&quot;7.17.2&quot;,&quot;7.3.6&quot;,&quot;7.6.5&quot;,&quot;8.11.5&quot;,&quot;9.1.1&quot;,&quot;9.1.3&quot;,&quot;9.13.3&quot;,&quot;9.14.6&quot;,&quot;9.22.5&quot;,&quot;9.25.9&quot;,&quot;9.3.4&quot;,&quot;9.32.2&quot;,&quot;9.4.3&quot;,&quot;9.5.1&quot;,&quot;9.7.4&quot;,&quot;9.9.2&quot;]</value></Data>
<Data name="Pleiades"><value>https://pleiades.stoa.org/places/540689</value></Data>
<Data name="ToposText"><value>https://topostext.org/place/384233RBoi</value></Data>
</ExtendedData>
        <Point><coordinates>23.25,38.35</coordinates></Point>
      </Placemark>

      <Placemark>
        <name>Boiotia Bk9</name>
        <ExtendedData>
<Data name="name"><value>Boiotia Bk9</value></Data>
<Data name="region"><value></value></Data>
<Data name="part of"><value>Hellas (Europe)</value></Data>
<Data name="altname"><value>Boeotia</value></Data>
<Data name="Wikidata"><value>https://wikidata.org/wiki/Q187570</value></Data>
<Data name="type"><value>[&quot;chora/region&quot;]</value></Data>
<Data name="passages"><value>[&quot;1.23.3&quot;,&quot;1.24.5&quot;,&quot;1.25.7&quot;,&quot;1.27.5&quot;,&quot;1.34.1&quot;,&quot;1.38.8&quot;,&quot;10.1.2&quot;,&quot;10.12.11&quot;,&quot;10.17.3&quot;,&quot;10.23.11&quot;,&quot;10.29.5&quot;,&quot;10.37.2&quot;,&quot;10.4.2&quot;,&quot;3.5.3&quot;,&quot;3.5.4&quot;,&quot;3.5.6&quot;,&quot;3.9.12&quot;,&quot;4.16.7&quot;,&quot;4.27.10&quot;,&quot;4.34.5&quot;,&quot;6.3.3&quot;,&quot;7.10.5&quot;,&quot;7.15.9&quot;,&quot;7.17.2&quot;,&quot;7.3.6&quot;,&quot;7.6.5&quot;,&quot;8.11.5&quot;,&quot;9.1.1&quot;,&quot;9.1.3&quot;,&quot;9.13.3&quot;,&quot;9.14.6&quot;,&quot;9.22.5&quot;,&quot;9.25.9&quot;,&quot;9.3.4&quot;,&quot;9.32.2&quot;,&quot;9.4.3&quot;,&quot;9.5.1&quot;,&quot;9.7.4&quot;,&quot;9.9.2&quot;]</value></Data>
<Data name="Pleiades"><value>https://pleiades.stoa.org/places/540689</value></Data>
<Data name="ToposText"><value>https://topostext.org/place/384233RBoi</value></Data>
</ExtendedData>
        <Point><coordinates>23.25,38.35</coordinates></Point>
      </Placemark>

      <Placemark>
        <name>Boiotia Bk9</name>
        <ExtendedData>
<Data name="name"><value>Boiotia Bk9</value></Data>
<Data name="region"><value></value></Data>
<Data name="part of"><value>Hellas (Europe)</value></Data>
<Data name="altname"><value>Boeotia</value></Data>
<Data name="Wikidata"><value>https://wikidata.org/wiki/Q187570</value></Data>
<Data name="type"><value>[&quot;chora/region&quot;]</value></Data>
<Data name="passages"><value>[&quot;1.23.3&quot;,&quot;1.24.5&quot;,&quot;1.25.7&quot;,&quot;1.27.5&quot;,&quot;1.34.1&quot;,&quot;1.38.8&quot;,&quot;10.1.2&quot;,&quot;10.12.11&quot;,&quot;10.17.3&quot;,&quot;10.23.11&quot;,&quot;10.29.5&quot;,&quot;10.37.2&quot;,&quot;10.4.2&quot;,&quot;3.5.3&quot;,&quot;3.5.4&quot;,&quot;3.5.6&quot;,&quot;3.9.12&quot;,&quot;4.16.7&quot;,&quot;4.27.10&quot;,&quot;4.34.5&quot;,&quot;6.3.3&quot;,&quot;7.10.5&quot;,&quot;7.15.9&quot;,&quot;7.17.2&quot;,&quot;7.3.6&quot;,&quot;7.6.5&quot;,&quot;8.11.5&quot;,&quot;9.1.1&quot;,&quot;9.1.3&quot;,&quot;9.13.3&quot;,&quot;9.14.6&quot;,&quot;9.22.5&quot;,&quot;9.25.9&quot;,&quot;9.3.4&quot;,&quot;9.32.2&quot;,&quot;9.4.3&quot;,&quot;9.5.1&quot;,&quot;9.7.4&quot;,&quot;9.9.2&quot;]</value></Data>
<Data name="Pleiades"><value>https://pleiades.stoa.org/places/540689</value></Data>
<Data name="ToposText"><value>https://topostext.org/place/384233RBoi</value></Data>
</ExtendedData>
        <Point><coordinates>23.25,38.35</coordinates></Point>
      </Placemark>

      <Placemark>
        <name>Boiotia Bk9</name>
        <ExtendedData>
<Data name="name"><value>Boiotia Bk9</value></Data>
<Data name="region"><value></value></Data>
<Data name="part of"><value>Hellas (Europe)</value></Data>
<Data name="altname"><value>Boeotia</value></Data>
<Data name="Wikidata"><value>https://wikidata.org/wiki/Q187570</value></Data>
<Data name="type"><value>[&quot;chora/region&quot;]</value></Data>
<Data name="passages"><value>[&quot;1.23.3&quot;,&quot;1.24.5&quot;,&quot;1.25.7&quot;,&quot;1.27.5&quot;,&quot;1.34.1&quot;,&quot;1.38.8&quot;,&quot;10.1.2&quot;,&quot;10.12.11&quot;,&quot;10.17.3&quot;,&quot;10.23.11&quot;,&quot;10.29.5&quot;,&quot;10.37.2&quot;,&quot;10.4.2&quot;,&quot;3.5.3&quot;,&quot;3.5.4&quot;,&quot;3.5.6&quot;,&quot;3.9.12&quot;,&quot;4.16.7&quot;,&quot;4.27.10&quot;,&quot;4.34.5&quot;,&quot;6.3.3&quot;,&quot;7.10.5&quot;,&quot;7.15.9&quot;,&quot;7.17.2&quot;,&quot;7.3.6&quot;,&quot;7.6.5&quot;,&quot;8.11.5&quot;,&quot;9.1.1&quot;,&quot;9.1.3&quot;,&quot;9.13.3&quot;,&quot;9.14.6&quot;,&quot;9.22.5&quot;,&quot;9.25.9&quot;,&quot;9.3.4&quot;,&quot;9.32.2&quot;,&quot;9.4.3&quot;,&quot;9.5.1&quot;,&quot;9.7.4&quot;,&quot;9.9.2&quot;]</value></Data>
<Data name="Pleiades"><value>https://pleiades.stoa.org/places/540689</value></Data>
<Data name="ToposText"><value>https://topostext.org/place/384233RBoi</value></Data>
</ExtendedData>
        <Point><coordinates>23.25,38.35</coordinates></Point>
      </Placemark>

      <Placemark>
        <name>Boiotia Bk9</name>
        <ExtendedData>
<Data name="name"><value>Boiotia Bk9</value></Data>
<Data name="region"><value></value></Data>
<Data name="part of"><value>Hellas (Europe)</value></Data>
<Data name="altname"><value>Boeotia</value></Data>
<Data name="Wikidata"><value>https://wikidata.org/wiki/Q187570</value></Data>
<Data name="type"><value>[&quot;chora/region&quot;]</value></Data>
<Data name="passages"><value>[&quot;1.23.3&quot;,&quot;1.24.5&quot;,&quot;1.25.7&quot;,&quot;1.27.5&quot;,&quot;1.34.1&quot;,&quot;1.38.8&quot;,&quot;10.1.2&quot;,&quot;10.12.11&quot;,&quot;10.17.3&quot;,&quot;10.23.11&quot;,&quot;10.29.5&quot;,&quot;10.37.2&quot;,&quot;10.4.2&quot;,&quot;3.5.3&quot;,&quot;3.5.4&quot;,&quot;3.5.6&quot;,&quot;3.9.12&quot;,&quot;4.16.7&quot;,&quot;4.27.10&quot;,&quot;4.34.5&quot;,&quot;6.3.3&quot;,&quot;7.10.5&quot;,&quot;7.15.9&quot;,&quot;7.17.2&quot;,&quot;7.3.6&quot;,&quot;7.6.5&quot;,&quot;8.11.5&quot;,&quot;9.1.1&quot;,&quot;9.1.3&quot;,&quot;9.13.3&quot;,&quot;9.14.6&quot;,&quot;9.22.5&quot;,&quot;9.25.9&quot;,&quot;9.3.4&quot;,&quot;9.32.2&quot;,&quot;9.4.3&quot;,&quot;9.5.1&quot;,&quot;9.7.4&quot;,&quot;9.9.2&quot;]</value></Data>
<Data name="Pleiades"><value>https://pleiades.stoa.org/places/540689</value></Data>
<Data name="ToposText"><value>https://topostext.org/place/384233RBoi</value></Data>
</ExtendedData>
        <Point><coordinates>23.25,38.35</coordinates></Point>
      </Placemark>

      <Placemark>
        <name>Naupaktos</name>
        <ExtendedData>
<Data name="name"><value>Naupaktos</value></Data>
<Data name="region"><value>Aitolia region</value></Data>
<Data name="part of"><value>Aitolia region</value></Data>
<Data name="altname"><value>Naupactus</value></Data>
<Data name="Wikidata"><value>https://wikidata.org/wiki/Q56398924</value></Data>
<Data name="type"><value>[&quot;polis&quot;]</value></Data>
<Data name="passages"><value>[&quot;10.38.10&quot;,&quot;10.38.13&quot;,&quot;10.38.9&quot;,&quot;4.24.7&quot;,&quot;4.25.1&quot;,&quot;4.25.10&quot;,&quot;4.25.3&quot;,&quot;4.26.1&quot;,&quot;4.26.2&quot;,&quot;4.26.3&quot;,&quot;4.31.7&quot;,&quot;4.33.2&quot;,&quot;5.26.1&quot;,&quot;5.3.6&quot;,&quot;6.16.2&quot;,&quot;6.2.10&quot;,&quot;7.18.10&quot;,&quot;9.25.9&quot;,&quot;9.31.6&quot;,&quot;9.38.3&quot;]</value></Data>
<Data name="Pleiades"><value>https://pleiades.stoa.org/places/540960</value></Data>
<Data name="ToposText"><value>https://topostext.org/place/384218UNau</value></Data>
</ExtendedData>
        <Point><coordinates>21.8313,38.3997</coordinates></Point>
      </Placemark>

      <Placemark>
        <name>tomb of Tisamenus at Sparta</name>
        <ExtendedData>
<Data name="name"><value>tomb of Tisamenus at Sparta</value></Data>
<Data name="region"><value>Lakonia Bk3</value></Data>
<Data name="part of"><value>Sparta</value></Data>
<Data name="location"><value>Sparta</value></Data>
<Data name="Wikidata"><value>https://wikidata.org/wiki/Q136487404</value></Data>
<Data name="type"><value>[&quot;tomb mnema&quot;]</value></Data>
<Data name="passages"><value>[&quot;7.1.8&quot;]</value></Data>
<Data name="Manto"><value>https://resource.manto.unh.edu/10267531</value></Data>
</ExtendedData>
        <Point><coordinates>22.4237,37.0821</coordinates></Point>
      </Placemark>

      <Placemark>
        <name>Grove of Artemis Soteira at Pellene</name>
        <ExtendedData>
<Data name="name"><value>Grove of Artemis Soteira at Pellene</value></Data>
<Data name="region"><value>Achaia Bk7</value></Data>
<Data name="part of"><value>Pellene</value></Data>
<Data name="location"><value>Pellene</value></Data>
<Data name="altname"><value>above temple of Athena, surrounded by wall, only priests can enter</value></Data>
<Data name="type"><value>[&quot;grove&quot;]</value></Data>
<Data name="passages"><value>[&quot;7.27.3&quot;]</value></Data>
</ExtendedData>
        <Point><coordinates>22.5384,38.0446</coordinates></Point>
      </Placemark>

      <Placemark>
        <name>Grove by the sea at Patrae, with temples</name>
        <ExtendedData>
<Data name="name"><value>Grove by the sea at Patrae, with temples</value></Data>
<Data name="region"><value>Achaia Bk7</value></Data>
<Data name="part of"><value>Patrae</value></Data>
<Data name="location"><value>Patrae</value></Data>
<Data name="type"><value>[&quot;grove&quot;]</value></Data>
<Data name="passages"><value>[&quot;7.21.11&quot;]</value></Data>
</ExtendedData>
        <Point><coordinates>21.738518,38.243265</coordinates></Point>
      </Placemark>

      <Placemark>
        <name>Springs in the Mysaion grove, Pellene</name>
        <ExtendedData>
<Data name="name"><value>Springs in the Mysaion grove, Pellene</value></Data>
<Data name="region"><value>Achaia Bk7</value></Data>
<Data name="part of"><value>Grove in the Mysaion near Pellene</value></Data>
<Data name="location"><value>Grove in the Mysaion near Pellene</value></Data>
<Data name="altname"><value>springs with abundant water</value></Data>
<Data name="type"><value>[&quot;spring pege&quot;]</value></Data>
<Data name="passages"><value>[&quot;7.2.9&quot;]</value></Data>
</ExtendedData>
        <Point><coordinates>22.5384,38.0446</coordinates></Point>
      </Placemark>

      <Placemark>
        <name>Sanctuary of Zeus at Aigeira</name>
        <ExtendedData>
<Data name="name"><value>Sanctuary of Zeus at Aigeira</value></Data>
<Data name="region"><value>Achaia Bk7</value></Data>
<Data name="part of"><value>Aigeira (Achaia)</value></Data>
<Data name="location"><value>Aigeira (Achaia)</value></Data>
<Data name="Wikidata"><value>https://wikidata.org/wiki/Q134037142</value></Data>
<Data name="type"><value>[&quot;hieron&quot;]</value></Data>
<Data name="passages"><value>[&quot;7.26.4&quot;]</value></Data>
</ExtendedData>
        <Point><coordinates>22.3777,38.1286</coordinates></Point>
      </Placemark>

      <Placemark>
        <name>Tomb of Androklos at Ephesos</name>
        <ExtendedData>
<Data name="name"><value>Tomb of Androklos at Ephesos</value></Data>
<Data name="region"><value>Asia Minor (Asia)</value></Data>
<Data name="part of"><value>Ephesos</value></Data>
<Data name="location"><value>Ephesos</value></Data>
<Data name="Wikidata"><value>https://wikidata.org/wiki/Q136487382</value></Data>
<Data name="type"><value>[&quot;tomb mnema&quot;]</value></Data>
<Data name="passages"><value>[&quot;7.2.9&quot;]</value></Data>
<Data name="Manto"><value>https://resource.manto.unh.edu/10268187</value></Data>
</ExtendedData>
        <Point><coordinates>27.339721999999995,37.941944</coordinates></Point>
      </Placemark>

      <Placemark>
        <name>Gulf of Myous</name>
        <ExtendedData>
<Data name="name"><value>Gulf of Myous</value></Data>
<Data name="region"><value>Asia Minor (Asia)</value></Data>
<Data name="part of"><value>Ionia (region)</value></Data>
<Data name="altname"><value>Gulf of Latmos</value></Data>
<Data name="type"><value>[&quot;gulf&quot;]</value></Data>
<Data name="passages"><value>[&quot;7.2.11&quot;]</value></Data>
<Data name="Pleiades"><value>https://pleiades.stoa.org/places/599671</value></Data>
</ExtendedData>
        <Point><coordinates>27.37191943,37.56397931</coordinates></Point>
      </Placemark>

      <Placemark>
        <name>Drepanon Pr.</name>
        <ExtendedData>
<Data name="name"><value>Drepanon Pr.</value></Data>
<Data name="region"><value>Achaia Bk7</value></Data>
<Data name="part of"><value>Achaia Bk7</value></Data>
<Data name="Wikidata"><value>https://wikidata.org/wiki/Q25081519</value></Data>
<Data name="type"><value>[&quot;cape&quot;]</value></Data>
<Data name="passages"><value>[&quot;7.23.4&quot;]</value></Data>
<Data name="Pleiades"><value>https://pleiades.stoa.org/places/570203</value></Data>
<Data name="ToposText"><value>https://topostext.org/place/383218LDre</value></Data>
</ExtendedData>
        <Point><coordinates>21.85,38.338</coordinates></Point>
      </Placemark>

      <Placemark>
        <name>Krathis Mt. (Achaia)</name>
        <ExtendedData>
<Data name="name"><value>Krathis Mt. (Achaia)</value></Data>
<Data name="region"><value>Achaia Bk7</value></Data>
<Data name="part of"><value>Achaia Bk7</value></Data>
<Data name="Wikidata"><value>https://wikidata.org/wiki/Q101048087</value></Data>
<Data name="type"><value>[&quot;mountain oros&quot;]</value></Data>
<Data name="passages"><value>[&quot;7.25.11&quot;,&quot;8.15.8&quot;,&quot;8.15.9&quot;]</value></Data>
<Data name="Pleiades"><value>https://pleiades.stoa.org/places/570382</value></Data>
<Data name="ToposText"><value>https://topostext.org/place/378223LKra</value></Data>
</ExtendedData>
        <Point><coordinates>22.249,37.996</coordinates></Point>
      </Placemark>

      <Placemark>
        <name>Oracular spring by Demeter sanctuary at Patras</name>
        <ExtendedData>
<Data name="name"><value>Oracular spring by Demeter sanctuary at Patras</value></Data>
<Data name="region"><value>Achaia Bk7</value></Data>
<Data name="part of"><value>Patrae</value></Data>
<Data name="location"><value>Patrae</value></Data>
<Data name="type"><value>[&quot;spring pege&quot;]</value></Data>
<Data name="passages"><value>[&quot;7.21.12&quot;]</value></Data>
<Data name="ToposText"><value>https://topostext.org/place/382217WSSp</value></Data>
</ExtendedData>
        <Point><coordinates>21.738518,38.243265</coordinates></Point>
      </Placemark>

      <Placemark>
        <name>Olympieion of Ephesus</name>
        <ExtendedData>
<Data name="name"><value>Olympieion of Ephesus</value></Data>
<Data name="region"><value>Asia Minor (Asia)</value></Data>
<Data name="part of"><value>Ephesos</value></Data>
<Data name="Wikidata"><value>https://wikidata.org/wiki/Q97341214</value></Data>
<Data name="type"><value>[&quot;hieron&quot;]</value></Data>
<Data name="passages"><value>[&quot;7.2.9&quot;]</value></Data>
</ExtendedData>
        <Point><coordinates>27.3397,37.9419</coordinates></Point>
      </Placemark>

      <Placemark>
        <name>Tomb of Eurypylos at sanctuary of Laphria, Patrae</name>
        <ExtendedData>
<Data name="name"><value>Tomb of Eurypylos at sanctuary of Laphria, Patrae</value></Data>
<Data name="region"><value>Achaia Bk7</value></Data>
<Data name="part of"><value>Sanctuary of Artemis Laphria at Patrae</value></Data>
<Data name="location"><value>Sanctuary of Artemis Laphria at Patrae</value></Data>
<Data name="Wikidata"><value>https://wikidata.org/wiki/Q136487376</value></Data>
<Data name="type"><value>[&quot;tomb mnema&quot;]</value></Data>
<Data name="passages"><value>[&quot;7.19.1&quot;]</value></Data>
<Data name="Manto"><value>https://resource.manto.unh.edu/10274278</value></Data>
</ExtendedData>
        <Point><coordinates>21.738518,38.243265</coordinates></Point>
      </Placemark>

      <Placemark>
        <name>Italia (Europe)</name>
        <ExtendedData>
<Data name="name"><value>Italia (Europe)</value></Data>
<Data name="region"><value></value></Data>
<Data name="part of"><value>Europe</value></Data>
<Data name="altname"><value>Italy: primarily south Italy</value></Data>
<Data name="Wikidata"><value>https://wikidata.org/wiki/Q913582</value></Data>
<Data name="type"><value>[&quot;major region&quot;]</value></Data>
<Data name="passages"><value>[&quot;1.11.7&quot;,&quot;1.12.1&quot;,&quot;1.12.2&quot;,&quot;1.13.2&quot;,&quot;1.23.5&quot;,&quot;1.29.14&quot;,&quot;1.36.6&quot;,&quot;10.10.7&quot;,&quot;10.13.10&quot;,&quot;10.17.10&quot;,&quot;10.17.11&quot;,&quot;2.23.5&quot;,&quot;2.27.4&quot;,&quot;3.10.5&quot;,&quot;3.12.6&quot;,&quot;3.19.12&quot;,&quot;3.22.11&quot;,&quot;3.3.1&quot;,&quot;4.23.6&quot;,&quot;4.26.5&quot;,&quot;5.25.3&quot;,&quot;5.25.6&quot;,&quot;6.19.9&quot;,&quot;6.3.12&quot;,&quot;6.6.4&quot;,&quot;6.6.8&quot;,&quot;6.7.4&quot;,&quot;7.4.7&quot;,&quot;8.15.9&quot;,&quot;8.3.5&quot;]</value></Data>
<Data name="Pleiades"><value>https://pleiades.stoa.org/places/1052</value></Data>
</ExtendedData>
        <Point><coordinates>12.5,42.5</coordinates></Point>
      </Placemark>

      <Placemark>
        <name>Croton</name>
        <ExtendedData>
<Data name="name"><value>Croton</value></Data>
<Data name="region"><value>Italia (Europe)</value></Data>
<Data name="part of"><value>Italia (Europe)</value></Data>
<Data name="Wikidata"><value>https://wikidata.org/wiki/Q13526919</value></Data>
<Data name="type"><value>[&quot;polis&quot;]</value></Data>
<Data name="passages"><value>[&quot;3.3.1&quot;,&quot;6.14.5&quot;,&quot;6.14.8&quot;,&quot;7.25.11&quot;]</value></Data>
<Data name="Pleiades"><value>https://pleiades.stoa.org/places/452317</value></Data>
</ExtendedData>
        <Point><coordinates>17.129,39.081</coordinates></Point>
      </Placemark>

      <Placemark>
        <name>Magnesia region (Magnesia)</name>
        <ExtendedData>
<Data name="name"><value>Magnesia region (Magnesia)</value></Data>
<Data name="region"><value>Hellas (Europe)</value></Data>
<Data name="part of"><value>Thessalia</value></Data>
<Data name="Wikidata"><value>https://wikidata.org/wiki/Q60790367</value></Data>
<Data name="type"><value>[&quot;chora/region&quot;]</value></Data>
<Data name="passages"><value>[&quot;10.20.6&quot;,&quot;7.7.6&quot;]</value></Data>
<Data name="Pleiades"><value>https://pleiades.stoa.org/places/540923</value></Data>
<Data name="ToposText"><value>https://topostext.org/place/397227RMag</value></Data>
</ExtendedData>
        <Point><coordinates>22.9,39.4</coordinates></Point>
      </Placemark>

      <Placemark>
        <name>Sanctuary of Eileithyia at Pellene</name>
        <ExtendedData>
<Data name="name"><value>Sanctuary of Eileithyia at Pellene</value></Data>
<Data name="region"><value>Achaia Bk7</value></Data>
<Data name="part of"><value>Pellene</value></Data>
<Data name="location"><value>Pellene</value></Data>
<Data name="Wikidata"><value>https://wikidata.org/wiki/Q134037291</value></Data>
<Data name="type"><value>[&quot;hieron&quot;]</value></Data>
<Data name="passages"><value>[&quot;7.27.8&quot;]</value></Data>
</ExtendedData>
        <Point><coordinates>22.5384,38.0446</coordinates></Point>
      </Placemark>

      <Placemark>
        <name>Rhion Pr.</name>
        <ExtendedData>
<Data name="name"><value>Rhion Pr.</value></Data>
<Data name="region"><value>Achaia Bk7</value></Data>
<Data name="part of"><value>Achaia Bk7</value></Data>
<Data name="altname"><value>Rion</value></Data>
<Data name="Wikidata"><value>https://wikidata.org/wiki/Q24990480</value></Data>
<Data name="type"><value>[&quot;cape&quot;]</value></Data>
<Data name="passages"><value>[&quot;10.11.6&quot;,&quot;7.22.10&quot;,&quot;8.5.6&quot;]</value></Data>
<Data name="Pleiades"><value>https://pleiades.stoa.org/places/570646</value></Data>
</ExtendedData>
        <Point><coordinates>21.7850004,38.3099987</coordinates></Point>
      </Placemark>

      <Placemark>
        <name>Lemnos island</name>
        <ExtendedData>
<Data name="name"><value>Lemnos island</value></Data>
<Data name="region"><value>Aegean Sea (Hellas)</value></Data>
<Data name="part of"><value>Aegean Sea (Hellas)</value></Data>
<Data name="Wikidata"><value>https://wikidata.org/wiki/Q192483</value></Data>
<Data name="type"><value>[&quot;island&quot;]</value></Data>
<Data name="passages"><value>[&quot;7.2.2&quot;,&quot;8.33.4&quot;,&quot;8.8.5&quot;]</value></Data>
<Data name="Pleiades"><value>https://pleiades.stoa.org/places/550693</value></Data>
</ExtendedData>
        <Point><coordinates>25.249999999999996,39.916667</coordinates></Point>
      </Placemark>

      <Placemark>
        <name>Pessinous/Iustinianoupolis</name>
        <ExtendedData>
<Data name="name"><value>Pessinous/Iustinianoupolis</value></Data>
<Data name="region"><value>Asia Minor (Asia)</value></Data>
<Data name="part of"><value>Phrygia</value></Data>
<Data name="Wikidata"><value>https://wikidata.org/wiki/Q728353</value></Data>
<Data name="type"><value>[&quot;settlement&quot;]</value></Data>
<Data name="passages"><value>[&quot;1.4.5&quot;,&quot;7.17.10&quot;,&quot;7.17.11&quot;]</value></Data>
<Data name="Pleiades"><value>https://pleiades.stoa.org/places/609500</value></Data>
</ExtendedData>
        <Point><coordinates>31.58297,39.33149</coordinates></Point>
      </Placemark>

      <Placemark>
        <name>Pessinous/Iustinianoupolis</name>
        <ExtendedData>
<Data name="name"><value>Pessinous/Iustinianoupolis</value></Data>
<Data name="region"><value>Asia Minor (Asia)</value></Data>
<Data name="part of"><value>Phrygia</value></Data>
<Data name="Wikidata"><value>https://wikidata.org/wiki/Q728353</value></Data>
<Data name="type"><value>[&quot;settlement&quot;]</value></Data>
<Data name="passages"><value>[&quot;1.4.5&quot;,&quot;7.17.10&quot;,&quot;7.17.11&quot;]</value></Data>
<Data name="Pleiades"><value>https://pleiades.stoa.org/places/609500</value></Data>
</ExtendedData>
        <Point><coordinates>31.58297,39.33149</coordinates></Point>
      </Placemark>

      <Placemark>
        <name>Asty of the Dymaeans, Dyme, Achaea</name>
        <ExtendedData>
<Data name="name"><value>Asty of the Dymaeans, Dyme, Achaea</value></Data>
<Data name="region"><value>Achaia Bk7</value></Data>
<Data name="part of"><value>Dyme</value></Data>
<Data name="location"><value>Dyme</value></Data>
<Data name="Wikidata"><value>https://wikidata.org/wiki/Q133963412</value></Data>
<Data name="type"><value>[&quot;acropolis&quot;]</value></Data>
<Data name="passages"><value>[&quot;7.17.8&quot;]</value></Data>
</ExtendedData>
        <Point><coordinates>21.551425,38.144625</coordinates></Point>
      </Placemark>

      <Placemark>
        <name>Mesate Pr.</name>
        <ExtendedData>
<Data name="name"><value>Mesate Pr.</value></Data>
<Data name="region"><value>Asia Minor (Asia)</value></Data>
<Data name="part of"><value>Ionia (region)</value></Data>
<Data name="type"><value>[&quot;cape&quot;]</value></Data>
<Data name="passages"><value>[&quot;7.5.6&quot;]</value></Data>
<Data name="Pleiades"><value>https://pleiades.stoa.org/places/550733</value></Data>
</ExtendedData>
        <Point><coordinates>26.31361,38.37715</coordinates></Point>
      </Placemark>

      <Placemark>
        <name>Stadium at Nemea</name>
        <ExtendedData>
<Data name="name"><value>Stadium at Nemea</value></Data>
<Data name="region"><value>Argolid Bk2</value></Data>
<Data name="part of"><value>Sanctuary of Nemean Zeus, Nemea</value></Data>
<Data name="Wikidata"><value>https://wikidata.org/wiki/Q27779883</value></Data>
<Data name="type"><value>[&quot;stadium&quot;]</value></Data>
<Data name="passages"><value>[&quot;7.27.5&quot;]</value></Data>
<Data name="Pleiades"><value>https://pleiades.stoa.org/places/301013826</value></Data>
</ExtendedData>
        <Point><coordinates>22.7147058,37.8073776</coordinates></Point>
      </Placemark>

      <Placemark>
        <name>sanctuary of Dionysos Lampter at Pellene</name>
        <ExtendedData>
<Data name="name"><value>sanctuary of Dionysos Lampter at Pellene</value></Data>
<Data name="region"><value>Achaia Bk7</value></Data>
<Data name="part of"><value>Pellene</value></Data>
<Data name="location"><value>Pellene</value></Data>
<Data name="Wikidata"><value>https://wikidata.org/wiki/Q134037285</value></Data>
<Data name="type"><value>[&quot;hieron&quot;]</value></Data>
<Data name="passages"><value>[&quot;7.27.3&quot;]</value></Data>
</ExtendedData>
        <Point><coordinates>22.5384,38.0446</coordinates></Point>
      </Placemark>

      <Placemark>
        <name>Glaucus (river)</name>
        <ExtendedData>
<Data name="name"><value>Glaucus (river)</value></Data>
<Data name="region"><value>Achaia Bk7</value></Data>
<Data name="part of"><value>Achaia Bk7</value></Data>
<Data name="Wikidata"><value>https://wikidata.org/wiki/Q3558323</value></Data>
<Data name="type"><value>[&quot;river&quot;]</value></Data>
<Data name="passages"><value>[&quot;7.18.2&quot;]</value></Data>
<Data name="Pleiades"><value>https://pleiades.stoa.org/places/570264</value></Data>
<Data name="ToposText"><value>https://topostext.org/place/382217WGla</value></Data>
</ExtendedData>
        <Point><coordinates>21.7392,38.2101</coordinates></Point>
      </Placemark>

      <Placemark>
        <name>Krios river near Magnesia</name>
        <ExtendedData>
<Data name="name"><value>Krios river near Magnesia</value></Data>
<Data name="region"><value>Asia Minor (Asia)</value></Data>
<Data name="part of"><value>Lydia (province)</value></Data>
<Data name="altname"><value>Kryos</value></Data>
<Data name="type"><value>[&quot;river&quot;]</value></Data>
<Data name="passages"><value>[&quot;7.27.12&quot;]</value></Data>
<Data name="Pleiades"><value>https://pleiades.stoa.org/places/550672</value></Data>
</ExtendedData>
        <Point><coordinates>27.4442,38.642</coordinates></Point>
      </Placemark>

      <Placemark>
        <name>reservoir/fountain in agora of Pellene</name>
        <ExtendedData>
<Data name="name"><value>reservoir/fountain in agora of Pellene</value></Data>
<Data name="region"><value>Achaia Bk7</value></Data>
<Data name="part of"><value>Agora of Pellene</value></Data>
<Data name="location"><value>Agora of Pellene</value></Data>
<Data name="altname"><value>water for bathing from rainwater</value></Data>
<Data name="type"><value>[&quot;cistern&quot;,&quot;fountain&quot;]</value></Data>
<Data name="passages"><value>[&quot;7.27.4&quot;]</value></Data>
</ExtendedData>
        <Point><coordinates>22.5384,38.0446</coordinates></Point>
      </Placemark>

      <Placemark>
        <name>Sanctuary of Calydonian Dionysos at Patrae</name>
        <ExtendedData>
<Data name="name"><value>Sanctuary of Calydonian Dionysos at Patrae</value></Data>
<Data name="region"><value>Achaia Bk7</value></Data>
<Data name="part of"><value>Patrae</value></Data>
<Data name="location"><value>Patrae</value></Data>
<Data name="Wikidata"><value>https://wikidata.org/wiki/Q134036802</value></Data>
<Data name="type"><value>[&quot;hieron&quot;]</value></Data>
<Data name="passages"><value>[&quot;7.21.1&quot;]</value></Data>
</ExtendedData>
        <Point><coordinates>21.738518,38.243265</coordinates></Point>
      </Placemark>

      <Placemark>
        <name>Building at entrance of agora of Aigion, with statues</name>
        <ExtendedData>
<Data name="name"><value>Building at entrance of agora of Aigion, with statues</value></Data>
<Data name="region"><value>Achaia Bk7</value></Data>
<Data name="part of"><value>Agora of Aigion</value></Data>
<Data name="location"><value>Agora of Aigion</value></Data>
<Data name="type"><value>[&quot;building&quot;]</value></Data>
<Data name="passages"><value>[&quot;7.23.10&quot;]</value></Data>
</ExtendedData>
        <Point><coordinates>22.09,38.252</coordinates></Point>
      </Placemark>

      <Placemark>
        <name>Erineos</name>
        <ExtendedData>
<Data name="name"><value>Erineos</value></Data>
<Data name="region"><value>Achaia Bk7</value></Data>
<Data name="part of"><value>Achaia Bk7</value></Data>
<Data name="Wikidata"><value>https://wikidata.org/wiki/Q48781609</value></Data>
<Data name="type"><value>[&quot;harbor limen&quot;]</value></Data>
<Data name="passages"><value>[&quot;7.22.10&quot;]</value></Data>
<Data name="Pleiades"><value>https://pleiades.stoa.org/places/570236</value></Data>
</ExtendedData>
        <Point><coordinates>21.993332,38.309763</coordinates></Point>
      </Placemark>

      <Placemark>
        <name>tomb of white marble in Triteia</name>
        <ExtendedData>
<Data name="name"><value>tomb of white marble in Triteia</value></Data>
<Data name="region"><value>Achaia Bk7</value></Data>
<Data name="part of"><value>Tritaia (Achaia)</value></Data>
<Data name="location"><value>Tritaia (Achaia)</value></Data>
<Data name="type"><value>[&quot;tomb mnema&quot;]</value></Data>
<Data name="passages"><value>[&quot;7.22.6&quot;]</value></Data>
</ExtendedData>
        <Point><coordinates>21.687,37.959</coordinates></Point>
      </Placemark>

      <Placemark>
        <name>Parnassus (mountain)</name>
        <ExtendedData>
<Data name="name"><value>Parnassus (mountain)</value></Data>
<Data name="region"><value>Phokis Bk10</value></Data>
<Data name="part of"><value>Phokis Bk10</value></Data>
<Data name="Wikidata"><value>https://wikidata.org/wiki/Q105261</value></Data>
<Data name="type"><value>[&quot;mountain oros&quot;]</value></Data>
<Data name="passages"><value>[&quot;1.4.4&quot;,&quot;10.14.7&quot;,&quot;10.23.4&quot;,&quot;10.23.5&quot;,&quot;10.24.7&quot;,&quot;10.29.5&quot;,&quot;10.32.2&quot;,&quot;10.32.7&quot;,&quot;10.33.3&quot;,&quot;10.33.5&quot;,&quot;10.36.3&quot;,&quot;10.4.3&quot;,&quot;10.5.1&quot;,&quot;10.5.6&quot;,&quot;10.6.1&quot;,&quot;10.6.2&quot;,&quot;10.6.7&quot;,&quot;10.8.9&quot;,&quot;2.29.2&quot;,&quot;2.29.3&quot;,&quot;4.33.3&quot;,&quot;4.34.10&quot;,&quot;4.34.11&quot;,&quot;4.34.9&quot;,&quot;5.1.2&quot;,&quot;7.3.10&quot;,&quot;8.4.6&quot;]</value></Data>
<Data name="Pleiades"><value>https://pleiades.stoa.org/places/541012</value></Data>
</ExtendedData>
        <Point><coordinates>22.6222206,38.5348857</coordinates></Point>
      </Placemark>

      <Placemark>
        <name>Halitaia spring in territory of Ephesus</name>
        <ExtendedData>
<Data name="name"><value>Halitaia spring in territory of Ephesus</value></Data>
<Data name="region"><value>Asia Minor (Asia)</value></Data>
<Data name="part of"><value>Ephesos</value></Data>
<Data name="location"><value>Ephesos</value></Data>
<Data name="type"><value>[&quot;spring pege&quot;]</value></Data>
<Data name="passages"><value>[&quot;7.5.10&quot;]</value></Data>
</ExtendedData>
        <Point><coordinates>27.339721999999995,37.941944</coordinates></Point>
      </Placemark>

      <Placemark>
        <name>Tomb of man east of Krathis river</name>
        <ExtendedData>
<Data name="name"><value>Tomb of man east of Krathis river</value></Data>
<Data name="region"><value>Achaia Bk7</value></Data>
<Data name="part of"><value>Achaia Bk7</value></Data>
<Data name="type"><value>[&quot;tomb mnema&quot;]</value></Data>
<Data name="passages"><value>[&quot;7.25.13&quot;]</value></Data>
</ExtendedData>
        <Point><coordinates>22.33439,38.1705</coordinates></Point>
      </Placemark>

      <Placemark>
        <name>Megalopolis (Arkadia)</name>
        <ExtendedData>
<Data name="name"><value>Megalopolis (Arkadia)</value></Data>
<Data name="region"><value>Arcadia Bk8</value></Data>
<Data name="part of"><value>Arcadia Bk8</value></Data>
<Data name="Wikidata"><value>https://wikidata.org/wiki/Q36024972</value></Data>
<Data name="type"><value>[&quot;polis&quot;]</value></Data>
<Data name="passages"><value>[&quot;2.7.4&quot;,&quot;4.29.7&quot;,&quot;4.33.3&quot;,&quot;5.7.1&quot;,&quot;6.12.8&quot;,&quot;7.12.3&quot;,&quot;7.16.4&quot;,&quot;7.16.6&quot;,&quot;7.6.8&quot;,&quot;7.7.4&quot;,&quot;7.9.4&quot;,&quot;8.12.2&quot;,&quot;8.26.5&quot;,&quot;8.26.8&quot;,&quot;8.27.1&quot;,&quot;8.27.11&quot;,&quot;8.27.13&quot;,&quot;8.27.14&quot;,&quot;8.27.15&quot;,&quot;8.27.5&quot;,&quot;8.27.8&quot;,&quot;8.28.7&quot;,&quot;8.30.1&quot;,&quot;8.30.2&quot;,&quot;8.30.3&quot;,&quot;8.30.7&quot;,&quot;8.33.1&quot;,&quot;8.34.1&quot;,&quot;8.35.1&quot;,&quot;8.35.3&quot;,&quot;8.35.5&quot;,&quot;8.38.3&quot;,&quot;8.44.1&quot;,&quot;8.44.4&quot;,&quot;8.49.2&quot;,&quot;8.49.4&quot;,&quot;8.49.7&quot;,&quot;8.50.4&quot;,&quot;8.51.8&quot;,&quot;8.52.4&quot;,&quot;9.14.4&quot;,&quot;9.7.1&quot;]</value></Data>
<Data name="Pleiades"><value>https://pleiades.stoa.org/places/570467</value></Data>
<Data name="ToposText"><value>https://topostext.org/place/374221PMeg</value></Data>
</ExtendedData>
        <Point><coordinates>22.1273,37.4124</coordinates></Point>
      </Placemark>

      <Placemark>
        <name>Megalopolis (Arkadia)</name>
        <ExtendedData>
<Data name="name"><value>Megalopolis (Arkadia)</value></Data>
<Data name="region"><value>Arcadia Bk8</value></Data>
<Data name="part of"><value>Arcadia Bk8</value></Data>
<Data name="Wikidata"><value>https://wikidata.org/wiki/Q36024972</value></Data>
<Data name="type"><value>[&quot;polis&quot;]</value></Data>
<Data name="passages"><value>[&quot;2.7.4&quot;,&quot;4.29.7&quot;,&quot;4.33.3&quot;,&quot;5.7.1&quot;,&quot;6.12.8&quot;,&quot;7.12.3&quot;,&quot;7.16.4&quot;,&quot;7.16.6&quot;,&quot;7.6.8&quot;,&quot;7.7.4&quot;,&quot;7.9.4&quot;,&quot;8.12.2&quot;,&quot;8.26.5&quot;,&quot;8.26.8&quot;,&quot;8.27.1&quot;,&quot;8.27.11&quot;,&quot;8.27.13&quot;,&quot;8.27.14&quot;,&quot;8.27.15&quot;,&quot;8.27.5&quot;,&quot;8.27.8&quot;,&quot;8.28.7&quot;,&quot;8.30.1&quot;,&quot;8.30.2&quot;,&quot;8.30.3&quot;,&quot;8.30.7&quot;,&quot;8.33.1&quot;,&quot;8.34.1&quot;,&quot;8.35.1&quot;,&quot;8.35.3&quot;,&quot;8.35.5&quot;,&quot;8.38.3&quot;,&quot;8.44.1&quot;,&quot;8.44.4&quot;,&quot;8.49.2&quot;,&quot;8.49.4&quot;,&quot;8.49.7&quot;,&quot;8.50.4&quot;,&quot;8.51.8&quot;,&quot;8.52.4&quot;,&quot;9.14.4&quot;,&quot;9.7.1&quot;]</value></Data>
<Data name="Pleiades"><value>https://pleiades.stoa.org/places/570467</value></Data>
<Data name="ToposText"><value>https://topostext.org/place/374221PMeg</value></Data>
</ExtendedData>
        <Point><coordinates>22.1273,37.4124</coordinates></Point>
      </Placemark>

      <Placemark>
        <name>Megalopolis (Arkadia)</name>
        <ExtendedData>
<Data name="name"><value>Megalopolis (Arkadia)</value></Data>
<Data name="region"><value>Arcadia Bk8</value></Data>
<Data name="part of"><value>Arcadia Bk8</value></Data>
<Data name="Wikidata"><value>https://wikidata.org/wiki/Q36024972</value></Data>
<Data name="type"><value>[&quot;polis&quot;]</value></Data>
<Data name="passages"><value>[&quot;2.7.4&quot;,&quot;4.29.7&quot;,&quot;4.33.3&quot;,&quot;5.7.1&quot;,&quot;6.12.8&quot;,&quot;7.12.3&quot;,&quot;7.16.4&quot;,&quot;7.16.6&quot;,&quot;7.6.8&quot;,&quot;7.7.4&quot;,&quot;7.9.4&quot;,&quot;8.12.2&quot;,&quot;8.26.5&quot;,&quot;8.26.8&quot;,&quot;8.27.1&quot;,&quot;8.27.11&quot;,&quot;8.27.13&quot;,&quot;8.27.14&quot;,&quot;8.27.15&quot;,&quot;8.27.5&quot;,&quot;8.27.8&quot;,&quot;8.28.7&quot;,&quot;8.30.1&quot;,&quot;8.30.2&quot;,&quot;8.30.3&quot;,&quot;8.30.7&quot;,&quot;8.33.1&quot;,&quot;8.34.1&quot;,&quot;8.35.1&quot;,&quot;8.35.3&quot;,&quot;8.35.5&quot;,&quot;8.38.3&quot;,&quot;8.44.1&quot;,&quot;8.44.4&quot;,&quot;8.49.2&quot;,&quot;8.49.4&quot;,&quot;8.49.7&quot;,&quot;8.50.4&quot;,&quot;8.51.8&quot;,&quot;8.52.4&quot;,&quot;9.14.4&quot;,&quot;9.7.1&quot;]</value></Data>
<Data name="Pleiades"><value>https://pleiades.stoa.org/places/570467</value></Data>
<Data name="ToposText"><value>https://topostext.org/place/374221PMeg</value></Data>
</ExtendedData>
        <Point><coordinates>22.1273,37.4124</coordinates></Point>
      </Placemark>

      <Placemark>
        <name>Megalopolis (Arkadia)</name>
        <ExtendedData>
<Data name="name"><value>Megalopolis (Arkadia)</value></Data>
<Data name="region"><value>Arcadia Bk8</value></Data>
<Data name="part of"><value>Arcadia Bk8</value></Data>
<Data name="Wikidata"><value>https://wikidata.org/wiki/Q36024972</value></Data>
<Data name="type"><value>[&quot;polis&quot;]</value></Data>
<Data name="passages"><value>[&quot;2.7.4&quot;,&quot;4.29.7&quot;,&quot;4.33.3&quot;,&quot;5.7.1&quot;,&quot;6.12.8&quot;,&quot;7.12.3&quot;,&quot;7.16.4&quot;,&quot;7.16.6&quot;,&quot;7.6.8&quot;,&quot;7.7.4&quot;,&quot;7.9.4&quot;,&quot;8.12.2&quot;,&quot;8.26.5&quot;,&quot;8.26.8&quot;,&quot;8.27.1&quot;,&quot;8.27.11&quot;,&quot;8.27.13&quot;,&quot;8.27.14&quot;,&quot;8.27.15&quot;,&quot;8.27.5&quot;,&quot;8.27.8&quot;,&quot;8.28.7&quot;,&quot;8.30.1&quot;,&quot;8.30.2&quot;,&quot;8.30.3&quot;,&quot;8.30.7&quot;,&quot;8.33.1&quot;,&quot;8.34.1&quot;,&quot;8.35.1&quot;,&quot;8.35.3&quot;,&quot;8.35.5&quot;,&quot;8.38.3&quot;,&quot;8.44.1&quot;,&quot;8.44.4&quot;,&quot;8.49.2&quot;,&quot;8.49.4&quot;,&quot;8.49.7&quot;,&quot;8.50.4&quot;,&quot;8.51.8&quot;,&quot;8.52.4&quot;,&quot;9.14.4&quot;,&quot;9.7.1&quot;]</value></Data>
<Data name="Pleiades"><value>https://pleiades.stoa.org/places/570467</value></Data>
<Data name="ToposText"><value>https://topostext.org/place/374221PMeg</value></Data>
</ExtendedData>
        <Point><coordinates>22.1273,37.4124</coordinates></Point>
      </Placemark>

      <Placemark>
        <name>Megalopolis (Arkadia)</name>
        <ExtendedData>
<Data name="name"><value>Megalopolis (Arkadia)</value></Data>
<Data name="region"><value>Arcadia Bk8</value></Data>
<Data name="part of"><value>Arcadia Bk8</value></Data>
<Data name="Wikidata"><value>https://wikidata.org/wiki/Q36024972</value></Data>
<Data name="type"><value>[&quot;polis&quot;]</value></Data>
<Data name="passages"><value>[&quot;2.7.4&quot;,&quot;4.29.7&quot;,&quot;4.33.3&quot;,&quot;5.7.1&quot;,&quot;6.12.8&quot;,&quot;7.12.3&quot;,&quot;7.16.4&quot;,&quot;7.16.6&quot;,&quot;7.6.8&quot;,&quot;7.7.4&quot;,&quot;7.9.4&quot;,&quot;8.12.2&quot;,&quot;8.26.5&quot;,&quot;8.26.8&quot;,&quot;8.27.1&quot;,&quot;8.27.11&quot;,&quot;8.27.13&quot;,&quot;8.27.14&quot;,&quot;8.27.15&quot;,&quot;8.27.5&quot;,&quot;8.27.8&quot;,&quot;8.28.7&quot;,&quot;8.30.1&quot;,&quot;8.30.2&quot;,&quot;8.30.3&quot;,&quot;8.30.7&quot;,&quot;8.33.1&quot;,&quot;8.34.1&quot;,&quot;8.35.1&quot;,&quot;8.35.3&quot;,&quot;8.35.5&quot;,&quot;8.38.3&quot;,&quot;8.44.1&quot;,&quot;8.44.4&quot;,&quot;8.49.2&quot;,&quot;8.49.4&quot;,&quot;8.49.7&quot;,&quot;8.50.4&quot;,&quot;8.51.8&quot;,&quot;8.52.4&quot;,&quot;9.14.4&quot;,&quot;9.7.1&quot;]</value></Data>
<Data name="Pleiades"><value>https://pleiades.stoa.org/places/570467</value></Data>
<Data name="ToposText"><value>https://topostext.org/place/374221PMeg</value></Data>
</ExtendedData>
        <Point><coordinates>22.1273,37.4124</coordinates></Point>
      </Placemark>

      <Placemark>
        <name>Megalopolis (Arkadia)</name>
        <ExtendedData>
<Data name="name"><value>Megalopolis (Arkadia)</value></Data>
<Data name="region"><value>Arcadia Bk8</value></Data>
<Data name="part of"><value>Arcadia Bk8</value></Data>
<Data name="Wikidata"><value>https://wikidata.org/wiki/Q36024972</value></Data>
<Data name="type"><value>[&quot;polis&quot;]</value></Data>
<Data name="passages"><value>[&quot;2.7.4&quot;,&quot;4.29.7&quot;,&quot;4.33.3&quot;,&quot;5.7.1&quot;,&quot;6.12.8&quot;,&quot;7.12.3&quot;,&quot;7.16.4&quot;,&quot;7.16.6&quot;,&quot;7.6.8&quot;,&quot;7.7.4&quot;,&quot;7.9.4&quot;,&quot;8.12.2&quot;,&quot;8.26.5&quot;,&quot;8.26.8&quot;,&quot;8.27.1&quot;,&quot;8.27.11&quot;,&quot;8.27.13&quot;,&quot;8.27.14&quot;,&quot;8.27.15&quot;,&quot;8.27.5&quot;,&quot;8.27.8&quot;,&quot;8.28.7&quot;,&quot;8.30.1&quot;,&quot;8.30.2&quot;,&quot;8.30.3&quot;,&quot;8.30.7&quot;,&quot;8.33.1&quot;,&quot;8.34.1&quot;,&quot;8.35.1&quot;,&quot;8.35.3&quot;,&quot;8.35.5&quot;,&quot;8.38.3&quot;,&quot;8.44.1&quot;,&quot;8.44.4&quot;,&quot;8.49.2&quot;,&quot;8.49.4&quot;,&quot;8.49.7&quot;,&quot;8.50.4&quot;,&quot;8.51.8&quot;,&quot;8.52.4&quot;,&quot;9.14.4&quot;,&quot;9.7.1&quot;]</value></Data>
<Data name="Pleiades"><value>https://pleiades.stoa.org/places/570467</value></Data>
<Data name="ToposText"><value>https://topostext.org/place/374221PMeg</value></Data>
</ExtendedData>
        <Point><coordinates>22.1273,37.4124</coordinates></Point>
      </Placemark>

      <Placemark>
        <name>two sanctuaries of Sarapis at Patrae near sacred grove</name>
        <ExtendedData>
<Data name="name"><value>two sanctuaries of Sarapis at Patrae near sacred grove</value></Data>
<Data name="region"><value>Achaia Bk7</value></Data>
<Data name="part of"><value>Patrae</value></Data>
<Data name="location"><value>Patrae</value></Data>
<Data name="Wikidata"><value>https://wikidata.org/wiki/Q134036807</value></Data>
<Data name="type"><value>[&quot;hieron&quot;]</value></Data>
<Data name="passages"><value>[&quot;7.21.13&quot;]</value></Data>
</ExtendedData>
        <Point><coordinates>21.738518,38.243265</coordinates></Point>
      </Placemark>

      <Placemark>
        <name>Asclepieion of Smyrna, on the water, new in Pausanias&apos;s time</name>
        <ExtendedData>
<Data name="name"><value>Asclepieion of Smyrna, on the water, new in Pausanias&apos;s time</value></Data>
<Data name="region"><value>Asia Minor (Asia)</value></Data>
<Data name="part of"><value>Smyrna (Ionia)</value></Data>
<Data name="location"><value>Smyrna (Ionia)</value></Data>
<Data name="type"><value>[&quot;Asclepieion&quot;]</value></Data>
<Data name="passages"><value>[&quot;2.26.9&quot;,&quot;7.5.9&quot;]</value></Data>
</ExtendedData>
        <Point><coordinates>27.1383,38.41905</coordinates></Point>
      </Placemark>

      <Placemark>
        <name>Building sacred to Tyche at Aigeira</name>
        <ExtendedData>
<Data name="name"><value>Building sacred to Tyche at Aigeira</value></Data>
<Data name="region"><value>Achaia Bk7</value></Data>
<Data name="part of"><value>Aigeira (Achaia)</value></Data>
<Data name="location"><value>Aigeira (Achaia)</value></Data>
<Data name="type"><value>[&quot;building&quot;]</value></Data>
<Data name="passages"><value>[&quot;7.26.8&quot;]</value></Data>
</ExtendedData>
        <Point><coordinates>22.3777,38.1286</coordinates></Point>
      </Placemark>

      <Placemark>
        <name>Herakleia in Trachinia</name>
        <ExtendedData>
<Data name="name"><value>Herakleia in Trachinia</value></Data>
<Data name="region"><value>Hellas (Europe)</value></Data>
<Data name="part of"><value>Phthiotis</value></Data>
<Data name="Wikidata"><value>https://wikidata.org/wiki/Q1231448</value></Data>
<Data name="type"><value>[&quot;polis&quot;]</value></Data>
<Data name="passages"><value>[&quot;10.20.9&quot;,&quot;10.21.1&quot;,&quot;10.22.1&quot;,&quot;10.22.13&quot;,&quot;10.23.12&quot;,&quot;2.23.5&quot;,&quot;7.14.1&quot;,&quot;7.15.2&quot;,&quot;7.15.3&quot;,&quot;7.15.9&quot;]</value></Data>
<Data name="Pleiades"><value>https://pleiades.stoa.org/places/541157</value></Data>
</ExtendedData>
        <Point><coordinates>22.442503,38.790767</coordinates></Point>
      </Placemark>

      <Placemark>
        <name>Herakleia in Trachinia</name>
        <ExtendedData>
<Data name="name"><value>Herakleia in Trachinia</value></Data>
<Data name="region"><value>Hellas (Europe)</value></Data>
<Data name="part of"><value>Phthiotis</value></Data>
<Data name="Wikidata"><value>https://wikidata.org/wiki/Q1231448</value></Data>
<Data name="type"><value>[&quot;polis&quot;]</value></Data>
<Data name="passages"><value>[&quot;10.20.9&quot;,&quot;10.21.1&quot;,&quot;10.22.1&quot;,&quot;10.22.13&quot;,&quot;10.23.12&quot;,&quot;2.23.5&quot;,&quot;7.14.1&quot;,&quot;7.15.2&quot;,&quot;7.15.3&quot;,&quot;7.15.9&quot;]</value></Data>
<Data name="Pleiades"><value>https://pleiades.stoa.org/places/541157</value></Data>
</ExtendedData>
        <Point><coordinates>22.442503,38.790767</coordinates></Point>
      </Placemark>

      <Placemark>
        <name>Herakleia in Trachinia</name>
        <ExtendedData>
<Data name="name"><value>Herakleia in Trachinia</value></Data>
<Data name="region"><value>Hellas (Europe)</value></Data>
<Data name="part of"><value>Phthiotis</value></Data>
<Data name="Wikidata"><value>https://wikidata.org/wiki/Q1231448</value></Data>
<Data name="type"><value>[&quot;polis&quot;]</value></Data>
<Data name="passages"><value>[&quot;10.20.9&quot;,&quot;10.21.1&quot;,&quot;10.22.1&quot;,&quot;10.22.13&quot;,&quot;10.23.12&quot;,&quot;2.23.5&quot;,&quot;7.14.1&quot;,&quot;7.15.2&quot;,&quot;7.15.3&quot;,&quot;7.15.9&quot;]</value></Data>
<Data name="Pleiades"><value>https://pleiades.stoa.org/places/541157</value></Data>
</ExtendedData>
        <Point><coordinates>22.442503,38.790767</coordinates></Point>
      </Placemark>

      <Placemark>
        <name>Herakleia in Trachinia</name>
        <ExtendedData>
<Data name="name"><value>Herakleia in Trachinia</value></Data>
<Data name="region"><value>Hellas (Europe)</value></Data>
<Data name="part of"><value>Phthiotis</value></Data>
<Data name="Wikidata"><value>https://wikidata.org/wiki/Q1231448</value></Data>
<Data name="type"><value>[&quot;polis&quot;]</value></Data>
<Data name="passages"><value>[&quot;10.20.9&quot;,&quot;10.21.1&quot;,&quot;10.22.1&quot;,&quot;10.22.13&quot;,&quot;10.23.12&quot;,&quot;2.23.5&quot;,&quot;7.14.1&quot;,&quot;7.15.2&quot;,&quot;7.15.3&quot;,&quot;7.15.9&quot;]</value></Data>
<Data name="Pleiades"><value>https://pleiades.stoa.org/places/541157</value></Data>
</ExtendedData>
        <Point><coordinates>22.442503,38.790767</coordinates></Point>
      </Placemark>

      <Placemark>
        <name>Stoa of Straton, near Aigion</name>
        <ExtendedData>
<Data name="name"><value>Stoa of Straton, near Aigion</value></Data>
<Data name="region"><value>Achaia Bk7</value></Data>
<Data name="part of"><value>Aigion (Achaia)</value></Data>
<Data name="location"><value>Aigion (Achaia)</value></Data>
<Data name="type"><value>[&quot;stoa&quot;]</value></Data>
<Data name="passages"><value>[&quot;7.23.5&quot;]</value></Data>
</ExtendedData>
        <Point><coordinates>22.09,38.252</coordinates></Point>
      </Placemark>

      <Placemark>
        <name>Tomb of Talthybius at agora of Aigion</name>
        <ExtendedData>
<Data name="name"><value>Tomb of Talthybius at agora of Aigion</value></Data>
<Data name="region"><value>Achaia Bk7</value></Data>
<Data name="part of"><value>Agora of Aigion</value></Data>
<Data name="location"><value>Agora of Aigion</value></Data>
<Data name="Wikidata"><value>https://wikidata.org/wiki/Q124616311</value></Data>
<Data name="type"><value>[&quot;tomb mnema&quot;]</value></Data>
<Data name="passages"><value>[&quot;3.12.7&quot;,&quot;7.24.1&quot;]</value></Data>
<Data name="Manto"><value>https://resource.manto.unh.edu/10150685</value></Data>
</ExtendedData>
        <Point><coordinates>22.09,38.252</coordinates></Point>
      </Placemark>

      <Placemark>
        <name>Argyra (Achaia)</name>
        <ExtendedData>
<Data name="name"><value>Argyra (Achaia)</value></Data>
<Data name="region"><value>Achaia Bk7</value></Data>
<Data name="part of"><value>Achaia Bk7</value></Data>
<Data name="Wikidata"><value>https://wikidata.org/wiki/Q3561588</value></Data>
<Data name="type"><value>[&quot;settlement&quot;]</value></Data>
<Data name="passages"><value>[&quot;7.18.6&quot;,&quot;7.23.1&quot;,&quot;7.23.3&quot;,&quot;7.23.4&quot;]</value></Data>
<Data name="Pleiades"><value>https://pleiades.stoa.org/places/573118</value></Data>
<Data name="ToposText"><value>https://topostext.org/place/383218UArg</value></Data>
</ExtendedData>
        <Point><coordinates>21.8194,38.2983</coordinates></Point>
      </Placemark>

      <Placemark>
        <name>Argyra (Achaia)</name>
        <ExtendedData>
<Data name="name"><value>Argyra (Achaia)</value></Data>
<Data name="region"><value>Achaia Bk7</value></Data>
<Data name="part of"><value>Achaia Bk7</value></Data>
<Data name="Wikidata"><value>https://wikidata.org/wiki/Q3561588</value></Data>
<Data name="type"><value>[&quot;settlement&quot;]</value></Data>
<Data name="passages"><value>[&quot;7.18.6&quot;,&quot;7.23.1&quot;,&quot;7.23.3&quot;,&quot;7.23.4&quot;]</value></Data>
<Data name="Pleiades"><value>https://pleiades.stoa.org/places/573118</value></Data>
<Data name="ToposText"><value>https://topostext.org/place/383218UArg</value></Data>
</ExtendedData>
        <Point><coordinates>21.8194,38.2983</coordinates></Point>
      </Placemark>

      <Placemark>
        <name>Argyra (Achaia)</name>
        <ExtendedData>
<Data name="name"><value>Argyra (Achaia)</value></Data>
<Data name="region"><value>Achaia Bk7</value></Data>
<Data name="part of"><value>Achaia Bk7</value></Data>
<Data name="Wikidata"><value>https://wikidata.org/wiki/Q3561588</value></Data>
<Data name="type"><value>[&quot;settlement&quot;]</value></Data>
<Data name="passages"><value>[&quot;7.18.6&quot;,&quot;7.23.1&quot;,&quot;7.23.3&quot;,&quot;7.23.4&quot;]</value></Data>
<Data name="Pleiades"><value>https://pleiades.stoa.org/places/573118</value></Data>
<Data name="ToposText"><value>https://topostext.org/place/383218UArg</value></Data>
</ExtendedData>
        <Point><coordinates>21.8194,38.2983</coordinates></Point>
      </Placemark>

      <Placemark>
        <name>Argyra (Achaia)</name>
        <ExtendedData>
<Data name="name"><value>Argyra (Achaia)</value></Data>
<Data name="region"><value>Achaia Bk7</value></Data>
<Data name="part of"><value>Achaia Bk7</value></Data>
<Data name="Wikidata"><value>https://wikidata.org/wiki/Q3561588</value></Data>
<Data name="type"><value>[&quot;settlement&quot;]</value></Data>
<Data name="passages"><value>[&quot;7.18.6&quot;,&quot;7.23.1&quot;,&quot;7.23.3&quot;,&quot;7.23.4&quot;]</value></Data>
<Data name="Pleiades"><value>https://pleiades.stoa.org/places/573118</value></Data>
<Data name="ToposText"><value>https://topostext.org/place/383218UArg</value></Data>
</ExtendedData>
        <Point><coordinates>21.8194,38.2983</coordinates></Point>
      </Placemark>

      <Placemark>
        <name>Peribolos of Laphria at Patrae</name>
        <ExtendedData>
<Data name="name"><value>Peribolos of Laphria at Patrae</value></Data>
<Data name="region"><value>Achaia Bk7</value></Data>
<Data name="part of"><value>Sanctuary of Artemis Laphria at Patrae</value></Data>
<Data name="location"><value>Sanctuary of Artemis Laphria at Patrae</value></Data>
<Data name="type"><value>[&quot;enclosure&quot;]</value></Data>
<Data name="passages"><value>[&quot;7.20.2&quot;]</value></Data>
</ExtendedData>
        <Point><coordinates>21.738518,38.243265</coordinates></Point>
      </Placemark>

      <Placemark>
        <name>Epiros region</name>
        <ExtendedData>
<Data name="name"><value>Epiros region</value></Data>
<Data name="region"><value>Hellas (Europe)</value></Data>
<Data name="part of"><value>Hellas (Europe)</value></Data>
<Data name="altname"><value>Epeirus</value></Data>
<Data name="Wikidata"><value>https://wikidata.org/wiki/Q565751</value></Data>
<Data name="type"><value>[&quot;chora/region&quot;]</value></Data>
<Data name="passages"><value>[&quot;1.10.2&quot;,&quot;1.11.1&quot;,&quot;1.11.2&quot;,&quot;1.11.3&quot;,&quot;1.11.4&quot;,&quot;1.11.6&quot;,&quot;1.13.1&quot;,&quot;1.13.7&quot;,&quot;1.25.6&quot;,&quot;1.9.7&quot;,&quot;2.23.6&quot;,&quot;2.29.4&quot;,&quot;2.3.9&quot;,&quot;4.35.3&quot;,&quot;4.35.5&quot;,&quot;7.8.5&quot;,&quot;7.8.6&quot;]</value></Data>
<Data name="Pleiades"><value>https://pleiades.stoa.org/places/530871</value></Data>
<Data name="ToposText"><value>https://topostext.org/place/395205REpe</value></Data>
</ExtendedData>
        <Point><coordinates>20.5,39.5</coordinates></Point>
      </Placemark>

      <Placemark>
        <name>Epiros region</name>
        <ExtendedData>
<Data name="name"><value>Epiros region</value></Data>
<Data name="region"><value>Hellas (Europe)</value></Data>
<Data name="part of"><value>Hellas (Europe)</value></Data>
<Data name="altname"><value>Epeirus</value></Data>
<Data name="Wikidata"><value>https://wikidata.org/wiki/Q565751</value></Data>
<Data name="type"><value>[&quot;chora/region&quot;]</value></Data>
<Data name="passages"><value>[&quot;1.10.2&quot;,&quot;1.11.1&quot;,&quot;1.11.2&quot;,&quot;1.11.3&quot;,&quot;1.11.4&quot;,&quot;1.11.6&quot;,&quot;1.13.1&quot;,&quot;1.13.7&quot;,&quot;1.25.6&quot;,&quot;1.9.7&quot;,&quot;2.23.6&quot;,&quot;2.29.4&quot;,&quot;2.3.9&quot;,&quot;4.35.3&quot;,&quot;4.35.5&quot;,&quot;7.8.5&quot;,&quot;7.8.6&quot;]</value></Data>
<Data name="Pleiades"><value>https://pleiades.stoa.org/places/530871</value></Data>
<Data name="ToposText"><value>https://topostext.org/place/395205REpe</value></Data>
</ExtendedData>
        <Point><coordinates>20.5,39.5</coordinates></Point>
      </Placemark>

      <Placemark>
        <name>Potamoi</name>
        <ExtendedData>
<Data name="name"><value>Potamoi</value></Data>
<Data name="region"><value>Attica Bk1</value></Data>
<Data name="part of"><value>Attica Bk1</value></Data>
<Data name="altname"><value>Potamos Deiradiotes</value></Data>
<Data name="Wikidata"><value>https://wikidata.org/wiki/Q13464976</value></Data>
<Data name="type"><value>[&quot;demos&quot;]</value></Data>
<Data name="passages"><value>[&quot;1.31.3&quot;,&quot;7.1.5&quot;]</value></Data>
<Data name="Pleiades"><value>https://pleiades.stoa.org/places/580087</value></Data>
</ExtendedData>
        <Point><coordinates>24.055816,37.789855</coordinates></Point>
      </Placemark>

      <Placemark>
        <name>Zeus sanctuary at Dodona</name>
        <ExtendedData>
<Data name="name"><value>Zeus sanctuary at Dodona</value></Data>
<Data name="region"><value>Hellas (Europe)</value></Data>
<Data name="part of"><value>Epiros region</value></Data>
<Data name="Wikidata"><value>https://wikidata.org/wiki/Q382317</value></Data>
<Data name="type"><value>[&quot;hieron&quot;]</value></Data>
<Data name="passages"><value>[&quot;1.13.3&quot;,&quot;1.17.5&quot;,&quot;1.36.4&quot;,&quot;7.21.2&quot;,&quot;7.21.3&quot;,&quot;7.21.4&quot;,&quot;7.25.1&quot;,&quot;8.11.12&quot;,&quot;8.23.5&quot;,&quot;8.28.6&quot;,&quot;9.25.8&quot;,&quot;9.8.1&quot;]</value></Data>
<Data name="Pleiades"><value>https://pleiades.stoa.org/places/530843</value></Data>
</ExtendedData>
        <Point><coordinates>20.78784,39.54648</coordinates></Point>
      </Placemark>

      <Placemark>
        <name>Zeus sanctuary at Dodona</name>
        <ExtendedData>
<Data name="name"><value>Zeus sanctuary at Dodona</value></Data>
<Data name="region"><value>Hellas (Europe)</value></Data>
<Data name="part of"><value>Epiros region</value></Data>
<Data name="Wikidata"><value>https://wikidata.org/wiki/Q382317</value></Data>
<Data name="type"><value>[&quot;hieron&quot;]</value></Data>
<Data name="passages"><value>[&quot;1.13.3&quot;,&quot;1.17.5&quot;,&quot;1.36.4&quot;,&quot;7.21.2&quot;,&quot;7.21.3&quot;,&quot;7.21.4&quot;,&quot;7.25.1&quot;,&quot;8.11.12&quot;,&quot;8.23.5&quot;,&quot;8.28.6&quot;,&quot;9.25.8&quot;,&quot;9.8.1&quot;]</value></Data>
<Data name="Pleiades"><value>https://pleiades.stoa.org/places/530843</value></Data>
</ExtendedData>
        <Point><coordinates>20.78784,39.54648</coordinates></Point>
      </Placemark>

      <Placemark>
        <name>Zeus sanctuary at Dodona</name>
        <ExtendedData>
<Data name="name"><value>Zeus sanctuary at Dodona</value></Data>
<Data name="region"><value>Hellas (Europe)</value></Data>
<Data name="part of"><value>Epiros region</value></Data>
<Data name="Wikidata"><value>https://wikidata.org/wiki/Q382317</value></Data>
<Data name="type"><value>[&quot;hieron&quot;]</value></Data>
<Data name="passages"><value>[&quot;1.13.3&quot;,&quot;1.17.5&quot;,&quot;1.36.4&quot;,&quot;7.21.2&quot;,&quot;7.21.3&quot;,&quot;7.21.4&quot;,&quot;7.25.1&quot;,&quot;8.11.12&quot;,&quot;8.23.5&quot;,&quot;8.28.6&quot;,&quot;9.25.8&quot;,&quot;9.8.1&quot;]</value></Data>
<Data name="Pleiades"><value>https://pleiades.stoa.org/places/530843</value></Data>
</ExtendedData>
        <Point><coordinates>20.78784,39.54648</coordinates></Point>
      </Placemark>

      <Placemark>
        <name>Zeus sanctuary at Dodona</name>
        <ExtendedData>
<Data name="name"><value>Zeus sanctuary at Dodona</value></Data>
<Data name="region"><value>Hellas (Europe)</value></Data>
<Data name="part of"><value>Epiros region</value></Data>
<Data name="Wikidata"><value>https://wikidata.org/wiki/Q382317</value></Data>
<Data name="type"><value>[&quot;hieron&quot;]</value></Data>
<Data name="passages"><value>[&quot;1.13.3&quot;,&quot;1.17.5&quot;,&quot;1.36.4&quot;,&quot;7.21.2&quot;,&quot;7.21.3&quot;,&quot;7.21.4&quot;,&quot;7.25.1&quot;,&quot;8.11.12&quot;,&quot;8.23.5&quot;,&quot;8.28.6&quot;,&quot;9.25.8&quot;,&quot;9.8.1&quot;]</value></Data>
<Data name="Pleiades"><value>https://pleiades.stoa.org/places/530843</value></Data>
</ExtendedData>
        <Point><coordinates>20.78784,39.54648</coordinates></Point>
      </Placemark>

      <Placemark>
        <name>Oreos</name>
        <ExtendedData>
<Data name="name"><value>Oreos</value></Data>
<Data name="region"><value>Euboea (island)</value></Data>
<Data name="part of"><value>Euboea (island)</value></Data>
<Data name="Wikidata"><value>https://wikidata.org/wiki/Q1855809</value></Data>
<Data name="type"><value>[&quot;settlement&quot;]</value></Data>
<Data name="passages"><value>[&quot;7.26.4&quot;]</value></Data>
<Data name="Pleiades"><value>https://pleiades.stoa.org/places/540988</value></Data>
</ExtendedData>
        <Point><coordinates>23.06593,38.93759</coordinates></Point>
      </Placemark>

      <Placemark>
        <name>Altar of Helikonian Poseidon outside Miletos</name>
        <ExtendedData>
<Data name="name"><value>Altar of Helikonian Poseidon outside Miletos</value></Data>
<Data name="region"><value>Asia Minor (Asia)</value></Data>
<Data name="part of"><value>Miletus</value></Data>
<Data name="location"><value>Miletus</value></Data>
<Data name="type"><value>[&quot;altar&quot;]</value></Data>
<Data name="passages"><value>[&quot;7.24.5&quot;]</value></Data>
</ExtendedData>
        <Point><coordinates>27.2774885,37.5292362</coordinates></Point>
      </Placemark>

      <Placemark>
        <name>Peiros river (Achaia)</name>
        <ExtendedData>
<Data name="name"><value>Peiros river (Achaia)</value></Data>
<Data name="region"><value>Achaia Bk7</value></Data>
<Data name="part of"><value>Achaia Bk7</value></Data>
<Data name="altname"><value>Pieros river</value></Data>
<Data name="Wikidata"><value>https://wikidata.org/wiki/Q3555219</value></Data>
<Data name="type"><value>[&quot;river&quot;]</value></Data>
<Data name="passages"><value>[&quot;7.18.1&quot;,&quot;7.18.2&quot;,&quot;7.22.1&quot;]</value></Data>
<Data name="Pleiades"><value>https://pleiades.stoa.org/places/570572</value></Data>
<Data name="ToposText"><value>https://topostext.org/place/383218WPei</value></Data>
</ExtendedData>
        <Point><coordinates>21.573,38.136</coordinates></Point>
      </Placemark>

      <Placemark>
        <name>Peiros river (Achaia)</name>
        <ExtendedData>
<Data name="name"><value>Peiros river (Achaia)</value></Data>
<Data name="region"><value>Achaia Bk7</value></Data>
<Data name="part of"><value>Achaia Bk7</value></Data>
<Data name="altname"><value>Pieros river</value></Data>
<Data name="Wikidata"><value>https://wikidata.org/wiki/Q3555219</value></Data>
<Data name="type"><value>[&quot;river&quot;]</value></Data>
<Data name="passages"><value>[&quot;7.18.1&quot;,&quot;7.18.2&quot;,&quot;7.22.1&quot;]</value></Data>
<Data name="Pleiades"><value>https://pleiades.stoa.org/places/570572</value></Data>
<Data name="ToposText"><value>https://topostext.org/place/383218WPei</value></Data>
</ExtendedData>
        <Point><coordinates>21.573,38.136</coordinates></Point>
      </Placemark>

      <Placemark>
        <name>Peiros river (Achaia)</name>
        <ExtendedData>
<Data name="name"><value>Peiros river (Achaia)</value></Data>
<Data name="region"><value>Achaia Bk7</value></Data>
<Data name="part of"><value>Achaia Bk7</value></Data>
<Data name="altname"><value>Pieros river</value></Data>
<Data name="Wikidata"><value>https://wikidata.org/wiki/Q3555219</value></Data>
<Data name="type"><value>[&quot;river&quot;]</value></Data>
<Data name="passages"><value>[&quot;7.18.1&quot;,&quot;7.18.2&quot;,&quot;7.22.1&quot;]</value></Data>
<Data name="Pleiades"><value>https://pleiades.stoa.org/places/570572</value></Data>
<Data name="ToposText"><value>https://topostext.org/place/383218WPei</value></Data>
</ExtendedData>
        <Point><coordinates>21.573,38.136</coordinates></Point>
      </Placemark>

      <Placemark>
        <name>Sardinia (island)</name>
        <ExtendedData>
<Data name="name"><value>Sardinia (island)</value></Data>
<Data name="region"><value>Internum Mare</value></Data>
<Data name="part of"><value>Internum Mare</value></Data>
<Data name="Wikidata"><value>https://wikidata.org/wiki/Q3760293</value></Data>
<Data name="type"><value>[&quot;island&quot;]</value></Data>
<Data name="passages"><value>[&quot;1.29.5&quot;,&quot;10.17.1&quot;,&quot;10.17.10&quot;,&quot;10.17.11&quot;,&quot;10.17.13&quot;,&quot;10.17.2&quot;,&quot;10.17.3&quot;,&quot;10.17.4&quot;,&quot;10.17.5&quot;,&quot;10.17.6&quot;,&quot;10.17.8&quot;,&quot;10.17.9&quot;,&quot;4.23.5&quot;,&quot;7.17.3&quot;,&quot;7.2.2&quot;,&quot;9.23.1&quot;]</value></Data>
<Data name="Pleiades"><value>https://pleiades.stoa.org/places/472014</value></Data>
</ExtendedData>
        <Point><coordinates>8.895951167,40.06802462</coordinates></Point>
      </Placemark>

      <Placemark>
        <name>Sardinia (island)</name>
        <ExtendedData>
<Data name="name"><value>Sardinia (island)</value></Data>
<Data name="region"><value>Internum Mare</value></Data>
<Data name="part of"><value>Internum Mare</value></Data>
<Data name="Wikidata"><value>https://wikidata.org/wiki/Q3760293</value></Data>
<Data name="type"><value>[&quot;island&quot;]</value></Data>
<Data name="passages"><value>[&quot;1.29.5&quot;,&quot;10.17.1&quot;,&quot;10.17.10&quot;,&quot;10.17.11&quot;,&quot;10.17.13&quot;,&quot;10.17.2&quot;,&quot;10.17.3&quot;,&quot;10.17.4&quot;,&quot;10.17.5&quot;,&quot;10.17.6&quot;,&quot;10.17.8&quot;,&quot;10.17.9&quot;,&quot;4.23.5&quot;,&quot;7.17.3&quot;,&quot;7.2.2&quot;,&quot;9.23.1&quot;]</value></Data>
<Data name="Pleiades"><value>https://pleiades.stoa.org/places/472014</value></Data>
</ExtendedData>
        <Point><coordinates>8.895951167,40.06802462</coordinates></Point>
      </Placemark>

      <Placemark>
        <name>Palaia Pleuron</name>
        <ExtendedData>
<Data name="name"><value>Palaia Pleuron</value></Data>
<Data name="region"><value>Aitolia region</value></Data>
<Data name="part of"><value>Aitolia region</value></Data>
<Data name="Wikidata"><value>https://wikidata.org/wiki/Q45793176</value></Data>
<Data name="type"><value>[&quot;settlement&quot;]</value></Data>
<Data name="passages"><value>[&quot;7.11.3&quot;]</value></Data>
<Data name="Pleiades"><value>https://pleiades.stoa.org/places/540999</value></Data>
</ExtendedData>
        <Point><coordinates>21.414714,38.402823</coordinates></Point>
      </Placemark>

      <Placemark>
        <name>Panormos harbor settlement in Achaea</name>
        <ExtendedData>
<Data name="name"><value>Panormos harbor settlement in Achaea</value></Data>
<Data name="region"><value>Achaia Bk7</value></Data>
<Data name="part of"><value>Achaia Bk7</value></Data>
<Data name="Wikidata"><value>https://wikidata.org/wiki/Q12882440</value></Data>
<Data name="type"><value>[&quot;harbor limen&quot;,&quot;settlement&quot;]</value></Data>
<Data name="passages"><value>[&quot;7.22.10&quot;]</value></Data>
<Data name="Pleiades"><value>[&quot;https://pleiades.stoa.org/places/570555&quot;,&quot;https://pleiades.stoa.org/places/570556&quot;]</value></Data>
</ExtendedData>
        <Point><coordinates>21.81667,38.31667</coordinates></Point>
      </Placemark>

      <Placemark>
        <name>Sapaike</name>
        <ExtendedData>
<Data name="name"><value>Sapaike</value></Data>
<Data name="region"><value>Thrace (Europe)</value></Data>
<Data name="part of"><value>Thrace (Europe)</value></Data>
<Data name="Wikidata"><value>https://wikidata.org/wiki/Q3625075</value></Data>
<Data name="type"><value>[&quot;chora/region&quot;]</value></Data>
<Data name="passages"><value>[&quot;7.10.6&quot;,&quot;7.10.7&quot;]</value></Data>
<Data name="Pleiades"><value>https://pleiades.stoa.org/places/501601</value></Data>
</ExtendedData>
        <Point><coordinates>24.750000000000004,41.25</coordinates></Point>
      </Placemark>

      <Placemark>
        <name>Sapaike</name>
        <ExtendedData>
<Data name="name"><value>Sapaike</value></Data>
<Data name="region"><value>Thrace (Europe)</value></Data>
<Data name="part of"><value>Thrace (Europe)</value></Data>
<Data name="Wikidata"><value>https://wikidata.org/wiki/Q3625075</value></Data>
<Data name="type"><value>[&quot;chora/region&quot;]</value></Data>
<Data name="passages"><value>[&quot;7.10.6&quot;,&quot;7.10.7&quot;]</value></Data>
<Data name="Pleiades"><value>https://pleiades.stoa.org/places/501601</value></Data>
</ExtendedData>
        <Point><coordinates>24.750000000000004,41.25</coordinates></Point>
      </Placemark>

      <Placemark>
        <name>Hermus (river)</name>
        <ExtendedData>
<Data name="name"><value>Hermus (river)</value></Data>
<Data name="region"><value>Asia Minor (Asia)</value></Data>
<Data name="part of"><value>Lydia (province)</value></Data>
<Data name="Wikidata"><value>https://wikidata.org/wiki/Q1351474</value></Data>
<Data name="type"><value>[&quot;battlefield&quot;]</value></Data>
<Data name="passages"><value>[&quot;10.4.6&quot;,&quot;3.9.6&quot;,&quot;4.34.2&quot;,&quot;5.13.7&quot;,&quot;7.27.12&quot;]</value></Data>
<Data name="Pleiades"><value>https://pleiades.stoa.org/places/550575</value></Data>
</ExtendedData>
        <Point><coordinates>28.1112899,38.5178164</coordinates></Point>
      </Placemark>

      <Placemark>
        <name>Tainaron cape sanctuary</name>
        <ExtendedData>
<Data name="name"><value>Tainaron cape sanctuary</value></Data>
<Data name="region"><value>Lakonia Bk3</value></Data>
<Data name="part of"><value>Tainaron (promontory)</value></Data>
<Data name="Wikidata"><value>https://wikidata.org/wiki/Q33119266</value></Data>
<Data name="type"><value>[&quot;hieron&quot;,&quot;settlement&quot;]</value></Data>
<Data name="passages"><value>[&quot;2.33.2&quot;,&quot;3.25.9&quot;,&quot;4.24.5&quot;,&quot;7.25.3&quot;]</value></Data>
<Data name="Pleiades"><value>https://pleiades.stoa.org/places/570702</value></Data>
<Data name="ToposText"><value>https://topostext.org/place/364225STai</value></Data>
</ExtendedData>
        <Point><coordinates>22.4867,36.4018</coordinates></Point>
      </Placemark>

      <Placemark>
        <name>Temple of Athena at Aigion</name>
        <ExtendedData>
<Data name="name"><value>Temple of Athena at Aigion</value></Data>
<Data name="region"><value>Achaia Bk7</value></Data>
<Data name="part of"><value>Aigion (Achaia)</value></Data>
<Data name="location"><value>Aigion (Achaia)</value></Data>
<Data name="type"><value>[&quot;temple&quot;]</value></Data>
<Data name="passages"><value>[&quot;7.23.9&quot;]</value></Data>
</ExtendedData>
        <Point><coordinates>22.09,38.252</coordinates></Point>
      </Placemark>

      <Placemark>
        <name>Scyppium in the Colophonian territory</name>
        <ExtendedData>
<Data name="name"><value>Scyppium in the Colophonian territory</value></Data>
<Data name="region"><value>Asia Minor (Asia)</value></Data>
<Data name="part of"><value>Colophon</value></Data>
<Data name="location"><value>Colophon</value></Data>
<Data name="type"><value>[&quot;settlement&quot;]</value></Data>
<Data name="passages"><value>[&quot;7.3.8&quot;]</value></Data>
</ExtendedData>
        <Point><coordinates>27.142222,38.115556</coordinates></Point>
      </Placemark>

      <Placemark>
        <name>Kyme</name>
        <ExtendedData>
<Data name="name"><value>Kyme</value></Data>
<Data name="region"><value>Asia Minor (Asia)</value></Data>
<Data name="part of"><value>Aeolis</value></Data>
<Data name="altname"><value>Cyme, Aeolis</value></Data>
<Data name="Wikidata"><value>https://wikidata.org/wiki/Q679305</value></Data>
<Data name="type"><value>[&quot;polis&quot;]</value></Data>
<Data name="passages"><value>[&quot;5.7.8&quot;,&quot;7.3.10&quot;]</value></Data>
<Data name="Pleiades"><value>https://pleiades.stoa.org/places/550506</value></Data>
</ExtendedData>
        <Point><coordinates>26.936283000000003,38.75953</coordinates></Point>
      </Placemark>

      <Placemark>
        <name>Temple of Artemis at Pellene</name>
        <ExtendedData>
<Data name="name"><value>Temple of Artemis at Pellene</value></Data>
<Data name="region"><value>Achaia Bk7</value></Data>
<Data name="part of"><value>Pellene</value></Data>
<Data name="location"><value>Pellene</value></Data>
<Data name="type"><value>[&quot;temple&quot;]</value></Data>
<Data name="passages"><value>[&quot;7.27.4&quot;]</value></Data>
</ExtendedData>
        <Point><coordinates>22.5384,38.0446</coordinates></Point>
      </Placemark>

      <Placemark>
        <name>Klaros</name>
        <ExtendedData>
<Data name="name"><value>Klaros</value></Data>
<Data name="region"><value>Asia Minor (Asia)</value></Data>
<Data name="part of"><value>Ionia (region)</value></Data>
<Data name="Wikidata"><value>https://wikidata.org/wiki/Q1933754</value></Data>
<Data name="type"><value>[&quot;hieron&quot;]</value></Data>
<Data name="passages"><value>[&quot;10.12.5&quot;,&quot;7.3.1&quot;,&quot;7.3.2&quot;,&quot;7.3.4&quot;,&quot;7.5.3&quot;,&quot;7.5.4&quot;,&quot;8.29.4&quot;]</value></Data>
<Data name="Pleiades"><value>https://pleiades.stoa.org/places/599719</value></Data>
</ExtendedData>
        <Point><coordinates>27.19292,38.00466</coordinates></Point>
      </Placemark>

      <Placemark>
        <name>Klaros</name>
        <ExtendedData>
<Data name="name"><value>Klaros</value></Data>
<Data name="region"><value>Asia Minor (Asia)</value></Data>
<Data name="part of"><value>Ionia (region)</value></Data>
<Data name="Wikidata"><value>https://wikidata.org/wiki/Q1933754</value></Data>
<Data name="type"><value>[&quot;hieron&quot;]</value></Data>
<Data name="passages"><value>[&quot;10.12.5&quot;,&quot;7.3.1&quot;,&quot;7.3.2&quot;,&quot;7.3.4&quot;,&quot;7.5.3&quot;,&quot;7.5.4&quot;,&quot;8.29.4&quot;]</value></Data>
<Data name="Pleiades"><value>https://pleiades.stoa.org/places/599719</value></Data>
</ExtendedData>
        <Point><coordinates>27.19292,38.00466</coordinates></Point>
      </Placemark>

      <Placemark>
        <name>Klaros</name>
        <ExtendedData>
<Data name="name"><value>Klaros</value></Data>
<Data name="region"><value>Asia Minor (Asia)</value></Data>
<Data name="part of"><value>Ionia (region)</value></Data>
<Data name="Wikidata"><value>https://wikidata.org/wiki/Q1933754</value></Data>
<Data name="type"><value>[&quot;hieron&quot;]</value></Data>
<Data name="passages"><value>[&quot;10.12.5&quot;,&quot;7.3.1&quot;,&quot;7.3.2&quot;,&quot;7.3.4&quot;,&quot;7.5.3&quot;,&quot;7.5.4&quot;,&quot;8.29.4&quot;]</value></Data>
<Data name="Pleiades"><value>https://pleiades.stoa.org/places/599719</value></Data>
</ExtendedData>
        <Point><coordinates>27.19292,38.00466</coordinates></Point>
      </Placemark>

      <Placemark>
        <name>Klaros</name>
        <ExtendedData>
<Data name="name"><value>Klaros</value></Data>
<Data name="region"><value>Asia Minor (Asia)</value></Data>
<Data name="part of"><value>Ionia (region)</value></Data>
<Data name="Wikidata"><value>https://wikidata.org/wiki/Q1933754</value></Data>
<Data name="type"><value>[&quot;hieron&quot;]</value></Data>
<Data name="passages"><value>[&quot;10.12.5&quot;,&quot;7.3.1&quot;,&quot;7.3.2&quot;,&quot;7.3.4&quot;,&quot;7.5.3&quot;,&quot;7.5.4&quot;,&quot;8.29.4&quot;]</value></Data>
<Data name="Pleiades"><value>https://pleiades.stoa.org/places/599719</value></Data>
</ExtendedData>
        <Point><coordinates>27.19292,38.00466</coordinates></Point>
      </Placemark>

      <Placemark>
        <name>Klaros</name>
        <ExtendedData>
<Data name="name"><value>Klaros</value></Data>
<Data name="region"><value>Asia Minor (Asia)</value></Data>
<Data name="part of"><value>Ionia (region)</value></Data>
<Data name="Wikidata"><value>https://wikidata.org/wiki/Q1933754</value></Data>
<Data name="type"><value>[&quot;hieron&quot;]</value></Data>
<Data name="passages"><value>[&quot;10.12.5&quot;,&quot;7.3.1&quot;,&quot;7.3.2&quot;,&quot;7.3.4&quot;,&quot;7.5.3&quot;,&quot;7.5.4&quot;,&quot;8.29.4&quot;]</value></Data>
<Data name="Pleiades"><value>https://pleiades.stoa.org/places/599719</value></Data>
</ExtendedData>
        <Point><coordinates>27.19292,38.00466</coordinates></Point>
      </Placemark>

      <Placemark>
        <name>Samothrace Ins., Samothrake</name>
        <ExtendedData>
<Data name="name"><value>Samothrace Ins., Samothrake</value></Data>
<Data name="region"><value>Aegean Sea (Hellas)</value></Data>
<Data name="part of"><value>Aegean Sea (Hellas)</value></Data>
<Data name="Wikidata"><value>https://wikidata.org/wiki/Q203175</value></Data>
<Data name="type"><value>[&quot;island&quot;]</value></Data>
<Data name="passages"><value>[&quot;7.3.9&quot;,&quot;7.4.2&quot;,&quot;7.4.3&quot;]</value></Data>
<Data name="Pleiades"><value>https://pleiades.stoa.org/places/501597</value></Data>
<Data name="URL"><value>https://imperium.ahlfeldt.se/places/41113</value></Data>
</ExtendedData>
        <Point><coordinates>25.5302283,40.5009431</coordinates></Point>
      </Placemark>

      <Placemark>
        <name>Samothrace Ins., Samothrake</name>
        <ExtendedData>
<Data name="name"><value>Samothrace Ins., Samothrake</value></Data>
<Data name="region"><value>Aegean Sea (Hellas)</value></Data>
<Data name="part of"><value>Aegean Sea (Hellas)</value></Data>
<Data name="Wikidata"><value>https://wikidata.org/wiki/Q203175</value></Data>
<Data name="type"><value>[&quot;island&quot;]</value></Data>
<Data name="passages"><value>[&quot;7.3.9&quot;,&quot;7.4.2&quot;,&quot;7.4.3&quot;]</value></Data>
<Data name="Pleiades"><value>https://pleiades.stoa.org/places/501597</value></Data>
<Data name="URL"><value>https://imperium.ahlfeldt.se/places/41113</value></Data>
</ExtendedData>
        <Point><coordinates>25.5302283,40.5009431</coordinates></Point>
      </Placemark>

      <Placemark>
        <name>Samothrace Ins., Samothrake</name>
        <ExtendedData>
<Data name="name"><value>Samothrace Ins., Samothrake</value></Data>
<Data name="region"><value>Aegean Sea (Hellas)</value></Data>
<Data name="part of"><value>Aegean Sea (Hellas)</value></Data>
<Data name="Wikidata"><value>https://wikidata.org/wiki/Q203175</value></Data>
<Data name="type"><value>[&quot;island&quot;]</value></Data>
<Data name="passages"><value>[&quot;7.3.9&quot;,&quot;7.4.2&quot;,&quot;7.4.3&quot;]</value></Data>
<Data name="Pleiades"><value>https://pleiades.stoa.org/places/501597</value></Data>
<Data name="URL"><value>https://imperium.ahlfeldt.se/places/41113</value></Data>
</ExtendedData>
        <Point><coordinates>25.5302283,40.5009431</coordinates></Point>
      </Placemark>

      <Placemark>
        <name>Skarpheia</name>
        <ExtendedData>
<Data name="name"><value>Skarpheia</value></Data>
<Data name="region"><value>Hellas (Europe)</value></Data>
<Data name="part of"><value>Phthiotis</value></Data>
<Data name="Wikidata"><value>https://wikidata.org/wiki/Q3475188</value></Data>
<Data name="type"><value>[&quot;settlement&quot;]</value></Data>
<Data name="passages"><value>[&quot;2.29.3&quot;,&quot;7.15.3&quot;,&quot;7.15.4&quot;,&quot;7.15.9&quot;]</value></Data>
<Data name="Pleiades"><value>https://pleiades.stoa.org/places/541103</value></Data>
</ExtendedData>
        <Point><coordinates>22.6834197,38.81072</coordinates></Point>
      </Placemark>

      <Placemark>
        <name>Skarpheia</name>
        <ExtendedData>
<Data name="name"><value>Skarpheia</value></Data>
<Data name="region"><value>Hellas (Europe)</value></Data>
<Data name="part of"><value>Phthiotis</value></Data>
<Data name="Wikidata"><value>https://wikidata.org/wiki/Q3475188</value></Data>
<Data name="type"><value>[&quot;settlement&quot;]</value></Data>
<Data name="passages"><value>[&quot;2.29.3&quot;,&quot;7.15.3&quot;,&quot;7.15.4&quot;,&quot;7.15.9&quot;]</value></Data>
<Data name="Pleiades"><value>https://pleiades.stoa.org/places/541103</value></Data>
</ExtendedData>
        <Point><coordinates>22.6834197,38.81072</coordinates></Point>
      </Placemark>

      <Placemark>
        <name>Skarpheia</name>
        <ExtendedData>
<Data name="name"><value>Skarpheia</value></Data>
<Data name="region"><value>Hellas (Europe)</value></Data>
<Data name="part of"><value>Phthiotis</value></Data>
<Data name="Wikidata"><value>https://wikidata.org/wiki/Q3475188</value></Data>
<Data name="type"><value>[&quot;settlement&quot;]</value></Data>
<Data name="passages"><value>[&quot;2.29.3&quot;,&quot;7.15.3&quot;,&quot;7.15.4&quot;,&quot;7.15.9&quot;]</value></Data>
<Data name="Pleiades"><value>https://pleiades.stoa.org/places/541103</value></Data>
</ExtendedData>
        <Point><coordinates>22.6834197,38.81072</coordinates></Point>
      </Placemark>

      <Placemark>
        <name>sanctuary of Athena in Patrae, near Limnatis</name>
        <ExtendedData>
<Data name="name"><value>sanctuary of Athena in Patrae, near Limnatis</value></Data>
<Data name="region"><value>Achaia Bk7</value></Data>
<Data name="part of"><value>Patrae</value></Data>
<Data name="location"><value>Patrae</value></Data>
<Data name="Wikidata"><value>https://wikidata.org/wiki/Q134036825</value></Data>
<Data name="type"><value>[&quot;hieron&quot;]</value></Data>
<Data name="passages"><value>[&quot;7.20.9&quot;]</value></Data>
</ExtendedData>
        <Point><coordinates>21.738518,38.243265</coordinates></Point>
      </Placemark>

      <Placemark>
        <name>sea baths on promontory of Chalkis/Chalkitis near Erythrae</name>
        <ExtendedData>
<Data name="name"><value>sea baths on promontory of Chalkis/Chalkitis near Erythrae</value></Data>
<Data name="region"><value>Asia Minor (Asia)</value></Data>
<Data name="part of"><value>Chalkitis (of Erythrae)</value></Data>
<Data name="location"><value>Chalkitis (of Erythrae)</value></Data>
<Data name="type"><value>[&quot;bath&quot;]</value></Data>
<Data name="passages"><value>[&quot;7.5.12&quot;]</value></Data>
</ExtendedData>
        <Point><coordinates>26.4022,38.3199</coordinates></Point>
      </Placemark>

      <Placemark>
        <name>Temple of Artemis Laphria at Patrae</name>
        <ExtendedData>
<Data name="name"><value>Temple of Artemis Laphria at Patrae</value></Data>
<Data name="region"><value>Achaia Bk7</value></Data>
<Data name="part of"><value>Sanctuary of Artemis Laphria at Patrae</value></Data>
<Data name="location"><value>Sanctuary of Artemis Laphria at Patrae</value></Data>
<Data name="type"><value>[&quot;temple&quot;]</value></Data>
<Data name="passages"><value>[&quot;7.19.1&quot;]</value></Data>
</ExtendedData>
        <Point><coordinates>21.738518,38.243265</coordinates></Point>
      </Placemark>

      <Placemark>
        <name>Asia Minor (Asia)</name>
        <ExtendedData>
<Data name="name"><value>Asia Minor (Asia)</value></Data>
<Data name="region"><value>Asia (continent)</value></Data>
<Data name="part of"><value>Asia (continent)</value></Data>
<Data name="Wikidata"><value>https://wikidata.org/wiki/Q51614</value></Data>
<Data name="type"><value>[&quot;major region&quot;]</value></Data>
<Data name="passages"><value>[&quot;1.10.2&quot;,&quot;1.10.5&quot;,&quot;1.11.2&quot;,&quot;1.12.4&quot;,&quot;1.13.1&quot;,&quot;1.16.2&quot;,&quot;1.20.4&quot;,&quot;1.29.11&quot;,&quot;1.37.5&quot;,&quot;1.4.5&quot;,&quot;1.4.6&quot;,&quot;1.6.2&quot;,&quot;1.7.3&quot;,&quot;1.8.1&quot;,&quot;1.9.7&quot;,&quot;10.15.2&quot;,&quot;10.23.14&quot;,&quot;2.33.3&quot;,&quot;4.17.5&quot;,&quot;4.5.3&quot;,&quot;5.1.6&quot;,&quot;7.4.3&quot;,&quot;8.6.2&quot;]</value></Data>
<Data name="Pleiades"><value>https://pleiades.stoa.org/places/837</value></Data>
</ExtendedData>
        <Point><coordinates>31.033254529999997,39.64014749</coordinates></Point>
      </Placemark>

      <Placemark>
        <name>Sparta</name>
        <ExtendedData>
<Data name="name"><value>Sparta</value></Data>
<Data name="region"><value>Lakonia Bk3</value></Data>
<Data name="part of"><value>Lakonia Bk3</value></Data>
<Data name="altname"><value>Lacedaemon Lakedaimon</value></Data>
<Data name="Wikidata"><value>https://wikidata.org/wiki/Q5690</value></Data>
<Data name="type"><value>[&quot;polis&quot;]</value></Data>
<Data name="passages"><value>[&quot;1.13.6&quot;,&quot;1.29.8&quot;,&quot;10.12.2&quot;,&quot;2.18.2&quot;,&quot;2.18.5&quot;,&quot;2.21.8&quot;,&quot;2.9.1&quot;,&quot;3.1.2&quot;,&quot;3.10.1&quot;,&quot;3.11.1&quot;,&quot;3.11.2&quot;,&quot;3.13.3&quot;,&quot;3.13.4&quot;,&quot;3.13.7&quot;,&quot;3.14.2&quot;,&quot;3.14.7&quot;,&quot;3.15.3&quot;,&quot;3.15.4&quot;,&quot;3.15.5&quot;,&quot;3.15.8&quot;,&quot;3.18.6&quot;,&quot;3.19.6&quot;,&quot;3.2.2&quot;,&quot;3.2.3&quot;,&quot;3.2.7&quot;,&quot;3.20.10&quot;,&quot;3.20.8&quot;,&quot;3.21.2&quot;,&quot;3.21.6&quot;,&quot;3.21.7&quot;,&quot;3.26.5&quot;,&quot;3.26.7&quot;,&quot;3.3.2&quot;,&quot;3.3.3&quot;,&quot;3.5.1&quot;,&quot;3.6.3&quot;,&quot;3.6.4&quot;,&quot;3.6.7&quot;,&quot;3.7.1&quot;,&quot;3.7.2&quot;,&quot;3.7.5&quot;,&quot;3.7.8&quot;,&quot;3.8.3&quot;,&quot;3.8.9&quot;,&quot;3.9.11&quot;,&quot;4.1.2&quot;,&quot;4.12.4&quot;,&quot;4.12.5&quot;,&quot;4.12.8&quot;,&quot;4.12.9&quot;,&quot;4.14.3&quot;,&quot;4.14.4&quot;,&quot;4.15.2&quot;,&quot;4.15.3&quot;,&quot;4.15.5&quot;,&quot;4.15.6&quot;,&quot;4.16.1&quot;,&quot;4.16.9&quot;,&quot;4.17.6&quot;,&quot;4.18.3&quot;,&quot;4.19.5&quot;,&quot;4.20.5&quot;,&quot;4.21.6&quot;,&quot;4.22.1&quot;,&quot;4.22.4&quot;,&quot;4.22.5&quot;,&quot;4.22.6&quot;,&quot;4.23.2&quot;,&quot;4.24.6&quot;,&quot;4.26.4&quot;,&quot;4.27.4&quot;,&quot;4.29.6&quot;,&quot;4.29.9&quot;,&quot;4.31.1&quot;,&quot;4.31.3&quot;,&quot;4.4.4&quot;,&quot;4.4.8&quot;,&quot;4.5.4&quot;,&quot;4.5.6&quot;,&quot;4.5.7&quot;,&quot;4.7.7&quot;,&quot;4.8.3&quot;,&quot;4.9.5&quot;,&quot;6.16.8&quot;,&quot;6.2.1&quot;,&quot;6.4.9&quot;,&quot;6.7.6&quot;,&quot;7.1.8&quot;,&quot;7.12.2&quot;,&quot;7.12.6&quot;,&quot;7.12.7&quot;,&quot;7.12.8&quot;,&quot;7.13.1&quot;,&quot;7.13.2&quot;,&quot;7.13.4&quot;,&quot;7.13.6&quot;,&quot;7.14.5&quot;,&quot;7.20.8&quot;,&quot;7.24.1&quot;,&quot;7.7.3&quot;,&quot;7.8.4&quot;,&quot;7.8.5&quot;,&quot;7.9.2&quot;,&quot;7.9.5&quot;,&quot;8.11.6&quot;,&quot;8.12.6&quot;,&quot;8.27.11&quot;,&quot;8.51.1&quot;,&quot;8.51.3&quot;,&quot;8.51.4&quot;,&quot;8.52.3&quot;,&quot;8.52.6&quot;,&quot;8.8.11&quot;,&quot;9.13.2&quot;,&quot;9.13.9&quot;,&quot;9.14.1&quot;,&quot;9.14.5&quot;,&quot;9.32.10&quot;,&quot;9.32.7&quot;]</value></Data>
<Data name="Pleiades"><value>https://pleiades.stoa.org/places/570685</value></Data>
<Data name="ToposText"><value>https://topostext.org/place/371224PSpa</value></Data>
</ExtendedData>
        <Point><coordinates>22.4237,37.0821</coordinates></Point>
      </Placemark>

      <Placemark>
        <name>Sparta</name>
        <ExtendedData>
<Data name="name"><value>Sparta</value></Data>
<Data name="region"><value>Lakonia Bk3</value></Data>
<Data name="part of"><value>Lakonia Bk3</value></Data>
<Data name="altname"><value>Lacedaemon Lakedaimon</value></Data>
<Data name="Wikidata"><value>https://wikidata.org/wiki/Q5690</value></Data>
<Data name="type"><value>[&quot;polis&quot;]</value></Data>
<Data name="passages"><value>[&quot;1.13.6&quot;,&quot;1.29.8&quot;,&quot;10.12.2&quot;,&quot;2.18.2&quot;,&quot;2.18.5&quot;,&quot;2.21.8&quot;,&quot;2.9.1&quot;,&quot;3.1.2&quot;,&quot;3.10.1&quot;,&quot;3.11.1&quot;,&quot;3.11.2&quot;,&quot;3.13.3&quot;,&quot;3.13.4&quot;,&quot;3.13.7&quot;,&quot;3.14.2&quot;,&quot;3.14.7&quot;,&quot;3.15.3&quot;,&quot;3.15.4&quot;,&quot;3.15.5&quot;,&quot;3.15.8&quot;,&quot;3.18.6&quot;,&quot;3.19.6&quot;,&quot;3.2.2&quot;,&quot;3.2.3&quot;,&quot;3.2.7&quot;,&quot;3.20.10&quot;,&quot;3.20.8&quot;,&quot;3.21.2&quot;,&quot;3.21.6&quot;,&quot;3.21.7&quot;,&quot;3.26.5&quot;,&quot;3.26.7&quot;,&quot;3.3.2&quot;,&quot;3.3.3&quot;,&quot;3.5.1&quot;,&quot;3.6.3&quot;,&quot;3.6.4&quot;,&quot;3.6.7&quot;,&quot;3.7.1&quot;,&quot;3.7.2&quot;,&quot;3.7.5&quot;,&quot;3.7.8&quot;,&quot;3.8.3&quot;,&quot;3.8.9&quot;,&quot;3.9.11&quot;,&quot;4.1.2&quot;,&quot;4.12.4&quot;,&quot;4.12.5&quot;,&quot;4.12.8&quot;,&quot;4.12.9&quot;,&quot;4.14.3&quot;,&quot;4.14.4&quot;,&quot;4.15.2&quot;,&quot;4.15.3&quot;,&quot;4.15.5&quot;,&quot;4.15.6&quot;,&quot;4.16.1&quot;,&quot;4.16.9&quot;,&quot;4.17.6&quot;,&quot;4.18.3&quot;,&quot;4.19.5&quot;,&quot;4.20.5&quot;,&quot;4.21.6&quot;,&quot;4.22.1&quot;,&quot;4.22.4&quot;,&quot;4.22.5&quot;,&quot;4.22.6&quot;,&quot;4.23.2&quot;,&quot;4.24.6&quot;,&quot;4.26.4&quot;,&quot;4.27.4&quot;,&quot;4.29.6&quot;,&quot;4.29.9&quot;,&quot;4.31.1&quot;,&quot;4.31.3&quot;,&quot;4.4.4&quot;,&quot;4.4.8&quot;,&quot;4.5.4&quot;,&quot;4.5.6&quot;,&quot;4.5.7&quot;,&quot;4.7.7&quot;,&quot;4.8.3&quot;,&quot;4.9.5&quot;,&quot;6.16.8&quot;,&quot;6.2.1&quot;,&quot;6.4.9&quot;,&quot;6.7.6&quot;,&quot;7.1.8&quot;,&quot;7.12.2&quot;,&quot;7.12.6&quot;,&quot;7.12.7&quot;,&quot;7.12.8&quot;,&quot;7.13.1&quot;,&quot;7.13.2&quot;,&quot;7.13.4&quot;,&quot;7.13.6&quot;,&quot;7.14.5&quot;,&quot;7.20.8&quot;,&quot;7.24.1&quot;,&quot;7.7.3&quot;,&quot;7.8.4&quot;,&quot;7.8.5&quot;,&quot;7.9.2&quot;,&quot;7.9.5&quot;,&quot;8.11.6&quot;,&quot;8.12.6&quot;,&quot;8.27.11&quot;,&quot;8.51.1&quot;,&quot;8.51.3&quot;,&quot;8.51.4&quot;,&quot;8.52.3&quot;,&quot;8.52.6&quot;,&quot;8.8.11&quot;,&quot;9.13.2&quot;,&quot;9.13.9&quot;,&quot;9.14.1&quot;,&quot;9.14.5&quot;,&quot;9.32.10&quot;,&quot;9.32.7&quot;]</value></Data>
<Data name="Pleiades"><value>https://pleiades.stoa.org/places/570685</value></Data>
<Data name="ToposText"><value>https://topostext.org/place/371224PSpa</value></Data>
</ExtendedData>
        <Point><coordinates>22.4237,37.0821</coordinates></Point>
      </Placemark>

      <Placemark>
        <name>Sparta</name>
        <ExtendedData>
<Data name="name"><value>Sparta</value></Data>
<Data name="region"><value>Lakonia Bk3</value></Data>
<Data name="part of"><value>Lakonia Bk3</value></Data>
<Data name="altname"><value>Lacedaemon Lakedaimon</value></Data>
<Data name="Wikidata"><value>https://wikidata.org/wiki/Q5690</value></Data>
<Data name="type"><value>[&quot;polis&quot;]</value></Data>
<Data name="passages"><value>[&quot;1.13.6&quot;,&quot;1.29.8&quot;,&quot;10.12.2&quot;,&quot;2.18.2&quot;,&quot;2.18.5&quot;,&quot;2.21.8&quot;,&quot;2.9.1&quot;,&quot;3.1.2&quot;,&quot;3.10.1&quot;,&quot;3.11.1&quot;,&quot;3.11.2&quot;,&quot;3.13.3&quot;,&quot;3.13.4&quot;,&quot;3.13.7&quot;,&quot;3.14.2&quot;,&quot;3.14.7&quot;,&quot;3.15.3&quot;,&quot;3.15.4&quot;,&quot;3.15.5&quot;,&quot;3.15.8&quot;,&quot;3.18.6&quot;,&quot;3.19.6&quot;,&quot;3.2.2&quot;,&quot;3.2.3&quot;,&quot;3.2.7&quot;,&quot;3.20.10&quot;,&quot;3.20.8&quot;,&quot;3.21.2&quot;,&quot;3.21.6&quot;,&quot;3.21.7&quot;,&quot;3.26.5&quot;,&quot;3.26.7&quot;,&quot;3.3.2&quot;,&quot;3.3.3&quot;,&quot;3.5.1&quot;,&quot;3.6.3&quot;,&quot;3.6.4&quot;,&quot;3.6.7&quot;,&quot;3.7.1&quot;,&quot;3.7.2&quot;,&quot;3.7.5&quot;,&quot;3.7.8&quot;,&quot;3.8.3&quot;,&quot;3.8.9&quot;,&quot;3.9.11&quot;,&quot;4.1.2&quot;,&quot;4.12.4&quot;,&quot;4.12.5&quot;,&quot;4.12.8&quot;,&quot;4.12.9&quot;,&quot;4.14.3&quot;,&quot;4.14.4&quot;,&quot;4.15.2&quot;,&quot;4.15.3&quot;,&quot;4.15.5&quot;,&quot;4.15.6&quot;,&quot;4.16.1&quot;,&quot;4.16.9&quot;,&quot;4.17.6&quot;,&quot;4.18.3&quot;,&quot;4.19.5&quot;,&quot;4.20.5&quot;,&quot;4.21.6&quot;,&quot;4.22.1&quot;,&quot;4.22.4&quot;,&quot;4.22.5&quot;,&quot;4.22.6&quot;,&quot;4.23.2&quot;,&quot;4.24.6&quot;,&quot;4.26.4&quot;,&quot;4.27.4&quot;,&quot;4.29.6&quot;,&quot;4.29.9&quot;,&quot;4.31.1&quot;,&quot;4.31.3&quot;,&quot;4.4.4&quot;,&quot;4.4.8&quot;,&quot;4.5.4&quot;,&quot;4.5.6&quot;,&quot;4.5.7&quot;,&quot;4.7.7&quot;,&quot;4.8.3&quot;,&quot;4.9.5&quot;,&quot;6.16.8&quot;,&quot;6.2.1&quot;,&quot;6.4.9&quot;,&quot;6.7.6&quot;,&quot;7.1.8&quot;,&quot;7.12.2&quot;,&quot;7.12.6&quot;,&quot;7.12.7&quot;,&quot;7.12.8&quot;,&quot;7.13.1&quot;,&quot;7.13.2&quot;,&quot;7.13.4&quot;,&quot;7.13.6&quot;,&quot;7.14.5&quot;,&quot;7.20.8&quot;,&quot;7.24.1&quot;,&quot;7.7.3&quot;,&quot;7.8.4&quot;,&quot;7.8.5&quot;,&quot;7.9.2&quot;,&quot;7.9.5&quot;,&quot;8.11.6&quot;,&quot;8.12.6&quot;,&quot;8.27.11&quot;,&quot;8.51.1&quot;,&quot;8.51.3&quot;,&quot;8.51.4&quot;,&quot;8.52.3&quot;,&quot;8.52.6&quot;,&quot;8.8.11&quot;,&quot;9.13.2&quot;,&quot;9.13.9&quot;,&quot;9.14.1&quot;,&quot;9.14.5&quot;,&quot;9.32.10&quot;,&quot;9.32.7&quot;]</value></Data>
<Data name="Pleiades"><value>https://pleiades.stoa.org/places/570685</value></Data>
<Data name="ToposText"><value>https://topostext.org/place/371224PSpa</value></Data>
</ExtendedData>
        <Point><coordinates>22.4237,37.0821</coordinates></Point>
      </Placemark>

      <Placemark>
        <name>Sparta</name>
        <ExtendedData>
<Data name="name"><value>Sparta</value></Data>
<Data name="region"><value>Lakonia Bk3</value></Data>
<Data name="part of"><value>Lakonia Bk3</value></Data>
<Data name="altname"><value>Lacedaemon Lakedaimon</value></Data>
<Data name="Wikidata"><value>https://wikidata.org/wiki/Q5690</value></Data>
<Data name="type"><value>[&quot;polis&quot;]</value></Data>
<Data name="passages"><value>[&quot;1.13.6&quot;,&quot;1.29.8&quot;,&quot;10.12.2&quot;,&quot;2.18.2&quot;,&quot;2.18.5&quot;,&quot;2.21.8&quot;,&quot;2.9.1&quot;,&quot;3.1.2&quot;,&quot;3.10.1&quot;,&quot;3.11.1&quot;,&quot;3.11.2&quot;,&quot;3.13.3&quot;,&quot;3.13.4&quot;,&quot;3.13.7&quot;,&quot;3.14.2&quot;,&quot;3.14.7&quot;,&quot;3.15.3&quot;,&quot;3.15.4&quot;,&quot;3.15.5&quot;,&quot;3.15.8&quot;,&quot;3.18.6&quot;,&quot;3.19.6&quot;,&quot;3.2.2&quot;,&quot;3.2.3&quot;,&quot;3.2.7&quot;,&quot;3.20.10&quot;,&quot;3.20.8&quot;,&quot;3.21.2&quot;,&quot;3.21.6&quot;,&quot;3.21.7&quot;,&quot;3.26.5&quot;,&quot;3.26.7&quot;,&quot;3.3.2&quot;,&quot;3.3.3&quot;,&quot;3.5.1&quot;,&quot;3.6.3&quot;,&quot;3.6.4&quot;,&quot;3.6.7&quot;,&quot;3.7.1&quot;,&quot;3.7.2&quot;,&quot;3.7.5&quot;,&quot;3.7.8&quot;,&quot;3.8.3&quot;,&quot;3.8.9&quot;,&quot;3.9.11&quot;,&quot;4.1.2&quot;,&quot;4.12.4&quot;,&quot;4.12.5&quot;,&quot;4.12.8&quot;,&quot;4.12.9&quot;,&quot;4.14.3&quot;,&quot;4.14.4&quot;,&quot;4.15.2&quot;,&quot;4.15.3&quot;,&quot;4.15.5&quot;,&quot;4.15.6&quot;,&quot;4.16.1&quot;,&quot;4.16.9&quot;,&quot;4.17.6&quot;,&quot;4.18.3&quot;,&quot;4.19.5&quot;,&quot;4.20.5&quot;,&quot;4.21.6&quot;,&quot;4.22.1&quot;,&quot;4.22.4&quot;,&quot;4.22.5&quot;,&quot;4.22.6&quot;,&quot;4.23.2&quot;,&quot;4.24.6&quot;,&quot;4.26.4&quot;,&quot;4.27.4&quot;,&quot;4.29.6&quot;,&quot;4.29.9&quot;,&quot;4.31.1&quot;,&quot;4.31.3&quot;,&quot;4.4.4&quot;,&quot;4.4.8&quot;,&quot;4.5.4&quot;,&quot;4.5.6&quot;,&quot;4.5.7&quot;,&quot;4.7.7&quot;,&quot;4.8.3&quot;,&quot;4.9.5&quot;,&quot;6.16.8&quot;,&quot;6.2.1&quot;,&quot;6.4.9&quot;,&quot;6.7.6&quot;,&quot;7.1.8&quot;,&quot;7.12.2&quot;,&quot;7.12.6&quot;,&quot;7.12.7&quot;,&quot;7.12.8&quot;,&quot;7.13.1&quot;,&quot;7.13.2&quot;,&quot;7.13.4&quot;,&quot;7.13.6&quot;,&quot;7.14.5&quot;,&quot;7.20.8&quot;,&quot;7.24.1&quot;,&quot;7.7.3&quot;,&quot;7.8.4&quot;,&quot;7.8.5&quot;,&quot;7.9.2&quot;,&quot;7.9.5&quot;,&quot;8.11.6&quot;,&quot;8.12.6&quot;,&quot;8.27.11&quot;,&quot;8.51.1&quot;,&quot;8.51.3&quot;,&quot;8.51.4&quot;,&quot;8.52.3&quot;,&quot;8.52.6&quot;,&quot;8.8.11&quot;,&quot;9.13.2&quot;,&quot;9.13.9&quot;,&quot;9.14.1&quot;,&quot;9.14.5&quot;,&quot;9.32.10&quot;,&quot;9.32.7&quot;]</value></Data>
<Data name="Pleiades"><value>https://pleiades.stoa.org/places/570685</value></Data>
<Data name="ToposText"><value>https://topostext.org/place/371224PSpa</value></Data>
</ExtendedData>
        <Point><coordinates>22.4237,37.0821</coordinates></Point>
      </Placemark>

      <Placemark>
        <name>Sparta</name>
        <ExtendedData>
<Data name="name"><value>Sparta</value></Data>
<Data name="region"><value>Lakonia Bk3</value></Data>
<Data name="part of"><value>Lakonia Bk3</value></Data>
<Data name="altname"><value>Lacedaemon Lakedaimon</value></Data>
<Data name="Wikidata"><value>https://wikidata.org/wiki/Q5690</value></Data>
<Data name="type"><value>[&quot;polis&quot;]</value></Data>
<Data name="passages"><value>[&quot;1.13.6&quot;,&quot;1.29.8&quot;,&quot;10.12.2&quot;,&quot;2.18.2&quot;,&quot;2.18.5&quot;,&quot;2.21.8&quot;,&quot;2.9.1&quot;,&quot;3.1.2&quot;,&quot;3.10.1&quot;,&quot;3.11.1&quot;,&quot;3.11.2&quot;,&quot;3.13.3&quot;,&quot;3.13.4&quot;,&quot;3.13.7&quot;,&quot;3.14.2&quot;,&quot;3.14.7&quot;,&quot;3.15.3&quot;,&quot;3.15.4&quot;,&quot;3.15.5&quot;,&quot;3.15.8&quot;,&quot;3.18.6&quot;,&quot;3.19.6&quot;,&quot;3.2.2&quot;,&quot;3.2.3&quot;,&quot;3.2.7&quot;,&quot;3.20.10&quot;,&quot;3.20.8&quot;,&quot;3.21.2&quot;,&quot;3.21.6&quot;,&quot;3.21.7&quot;,&quot;3.26.5&quot;,&quot;3.26.7&quot;,&quot;3.3.2&quot;,&quot;3.3.3&quot;,&quot;3.5.1&quot;,&quot;3.6.3&quot;,&quot;3.6.4&quot;,&quot;3.6.7&quot;,&quot;3.7.1&quot;,&quot;3.7.2&quot;,&quot;3.7.5&quot;,&quot;3.7.8&quot;,&quot;3.8.3&quot;,&quot;3.8.9&quot;,&quot;3.9.11&quot;,&quot;4.1.2&quot;,&quot;4.12.4&quot;,&quot;4.12.5&quot;,&quot;4.12.8&quot;,&quot;4.12.9&quot;,&quot;4.14.3&quot;,&quot;4.14.4&quot;,&quot;4.15.2&quot;,&quot;4.15.3&quot;,&quot;4.15.5&quot;,&quot;4.15.6&quot;,&quot;4.16.1&quot;,&quot;4.16.9&quot;,&quot;4.17.6&quot;,&quot;4.18.3&quot;,&quot;4.19.5&quot;,&quot;4.20.5&quot;,&quot;4.21.6&quot;,&quot;4.22.1&quot;,&quot;4.22.4&quot;,&quot;4.22.5&quot;,&quot;4.22.6&quot;,&quot;4.23.2&quot;,&quot;4.24.6&quot;,&quot;4.26.4&quot;,&quot;4.27.4&quot;,&quot;4.29.6&quot;,&quot;4.29.9&quot;,&quot;4.31.1&quot;,&quot;4.31.3&quot;,&quot;4.4.4&quot;,&quot;4.4.8&quot;,&quot;4.5.4&quot;,&quot;4.5.6&quot;,&quot;4.5.7&quot;,&quot;4.7.7&quot;,&quot;4.8.3&quot;,&quot;4.9.5&quot;,&quot;6.16.8&quot;,&quot;6.2.1&quot;,&quot;6.4.9&quot;,&quot;6.7.6&quot;,&quot;7.1.8&quot;,&quot;7.12.2&quot;,&quot;7.12.6&quot;,&quot;7.12.7&quot;,&quot;7.12.8&quot;,&quot;7.13.1&quot;,&quot;7.13.2&quot;,&quot;7.13.4&quot;,&quot;7.13.6&quot;,&quot;7.14.5&quot;,&quot;7.20.8&quot;,&quot;7.24.1&quot;,&quot;7.7.3&quot;,&quot;7.8.4&quot;,&quot;7.8.5&quot;,&quot;7.9.2&quot;,&quot;7.9.5&quot;,&quot;8.11.6&quot;,&quot;8.12.6&quot;,&quot;8.27.11&quot;,&quot;8.51.1&quot;,&quot;8.51.3&quot;,&quot;8.51.4&quot;,&quot;8.52.3&quot;,&quot;8.52.6&quot;,&quot;8.8.11&quot;,&quot;9.13.2&quot;,&quot;9.13.9&quot;,&quot;9.14.1&quot;,&quot;9.14.5&quot;,&quot;9.32.10&quot;,&quot;9.32.7&quot;]</value></Data>
<Data name="Pleiades"><value>https://pleiades.stoa.org/places/570685</value></Data>
<Data name="ToposText"><value>https://topostext.org/place/371224PSpa</value></Data>
</ExtendedData>
        <Point><coordinates>22.4237,37.0821</coordinates></Point>
      </Placemark>

      <Placemark>
        <name>Sparta</name>
        <ExtendedData>
<Data name="name"><value>Sparta</value></Data>
<Data name="region"><value>Lakonia Bk3</value></Data>
<Data name="part of"><value>Lakonia Bk3</value></Data>
<Data name="altname"><value>Lacedaemon Lakedaimon</value></Data>
<Data name="Wikidata"><value>https://wikidata.org/wiki/Q5690</value></Data>
<Data name="type"><value>[&quot;polis&quot;]</value></Data>
<Data name="passages"><value>[&quot;1.13.6&quot;,&quot;1.29.8&quot;,&quot;10.12.2&quot;,&quot;2.18.2&quot;,&quot;2.18.5&quot;,&quot;2.21.8&quot;,&quot;2.9.1&quot;,&quot;3.1.2&quot;,&quot;3.10.1&quot;,&quot;3.11.1&quot;,&quot;3.11.2&quot;,&quot;3.13.3&quot;,&quot;3.13.4&quot;,&quot;3.13.7&quot;,&quot;3.14.2&quot;,&quot;3.14.7&quot;,&quot;3.15.3&quot;,&quot;3.15.4&quot;,&quot;3.15.5&quot;,&quot;3.15.8&quot;,&quot;3.18.6&quot;,&quot;3.19.6&quot;,&quot;3.2.2&quot;,&quot;3.2.3&quot;,&quot;3.2.7&quot;,&quot;3.20.10&quot;,&quot;3.20.8&quot;,&quot;3.21.2&quot;,&quot;3.21.6&quot;,&quot;3.21.7&quot;,&quot;3.26.5&quot;,&quot;3.26.7&quot;,&quot;3.3.2&quot;,&quot;3.3.3&quot;,&quot;3.5.1&quot;,&quot;3.6.3&quot;,&quot;3.6.4&quot;,&quot;3.6.7&quot;,&quot;3.7.1&quot;,&quot;3.7.2&quot;,&quot;3.7.5&quot;,&quot;3.7.8&quot;,&quot;3.8.3&quot;,&quot;3.8.9&quot;,&quot;3.9.11&quot;,&quot;4.1.2&quot;,&quot;4.12.4&quot;,&quot;4.12.5&quot;,&quot;4.12.8&quot;,&quot;4.12.9&quot;,&quot;4.14.3&quot;,&quot;4.14.4&quot;,&quot;4.15.2&quot;,&quot;4.15.3&quot;,&quot;4.15.5&quot;,&quot;4.15.6&quot;,&quot;4.16.1&quot;,&quot;4.16.9&quot;,&quot;4.17.6&quot;,&quot;4.18.3&quot;,&quot;4.19.5&quot;,&quot;4.20.5&quot;,&quot;4.21.6&quot;,&quot;4.22.1&quot;,&quot;4.22.4&quot;,&quot;4.22.5&quot;,&quot;4.22.6&quot;,&quot;4.23.2&quot;,&quot;4.24.6&quot;,&quot;4.26.4&quot;,&quot;4.27.4&quot;,&quot;4.29.6&quot;,&quot;4.29.9&quot;,&quot;4.31.1&quot;,&quot;4.31.3&quot;,&quot;4.4.4&quot;,&quot;4.4.8&quot;,&quot;4.5.4&quot;,&quot;4.5.6&quot;,&quot;4.5.7&quot;,&quot;4.7.7&quot;,&quot;4.8.3&quot;,&quot;4.9.5&quot;,&quot;6.16.8&quot;,&quot;6.2.1&quot;,&quot;6.4.9&quot;,&quot;6.7.6&quot;,&quot;7.1.8&quot;,&quot;7.12.2&quot;,&quot;7.12.6&quot;,&quot;7.12.7&quot;,&quot;7.12.8&quot;,&quot;7.13.1&quot;,&quot;7.13.2&quot;,&quot;7.13.4&quot;,&quot;7.13.6&quot;,&quot;7.14.5&quot;,&quot;7.20.8&quot;,&quot;7.24.1&quot;,&quot;7.7.3&quot;,&quot;7.8.4&quot;,&quot;7.8.5&quot;,&quot;7.9.2&quot;,&quot;7.9.5&quot;,&quot;8.11.6&quot;,&quot;8.12.6&quot;,&quot;8.27.11&quot;,&quot;8.51.1&quot;,&quot;8.51.3&quot;,&quot;8.51.4&quot;,&quot;8.52.3&quot;,&quot;8.52.6&quot;,&quot;8.8.11&quot;,&quot;9.13.2&quot;,&quot;9.13.9&quot;,&quot;9.14.1&quot;,&quot;9.14.5&quot;,&quot;9.32.10&quot;,&quot;9.32.7&quot;]</value></Data>
<Data name="Pleiades"><value>https://pleiades.stoa.org/places/570685</value></Data>
<Data name="ToposText"><value>https://topostext.org/place/371224PSpa</value></Data>
</ExtendedData>
        <Point><coordinates>22.4237,37.0821</coordinates></Point>
      </Placemark>

      <Placemark>
        <name>Sparta</name>
        <ExtendedData>
<Data name="name"><value>Sparta</value></Data>
<Data name="region"><value>Lakonia Bk3</value></Data>
<Data name="part of"><value>Lakonia Bk3</value></Data>
<Data name="altname"><value>Lacedaemon Lakedaimon</value></Data>
<Data name="Wikidata"><value>https://wikidata.org/wiki/Q5690</value></Data>
<Data name="type"><value>[&quot;polis&quot;]</value></Data>
<Data name="passages"><value>[&quot;1.13.6&quot;,&quot;1.29.8&quot;,&quot;10.12.2&quot;,&quot;2.18.2&quot;,&quot;2.18.5&quot;,&quot;2.21.8&quot;,&quot;2.9.1&quot;,&quot;3.1.2&quot;,&quot;3.10.1&quot;,&quot;3.11.1&quot;,&quot;3.11.2&quot;,&quot;3.13.3&quot;,&quot;3.13.4&quot;,&quot;3.13.7&quot;,&quot;3.14.2&quot;,&quot;3.14.7&quot;,&quot;3.15.3&quot;,&quot;3.15.4&quot;,&quot;3.15.5&quot;,&quot;3.15.8&quot;,&quot;3.18.6&quot;,&quot;3.19.6&quot;,&quot;3.2.2&quot;,&quot;3.2.3&quot;,&quot;3.2.7&quot;,&quot;3.20.10&quot;,&quot;3.20.8&quot;,&quot;3.21.2&quot;,&quot;3.21.6&quot;,&quot;3.21.7&quot;,&quot;3.26.5&quot;,&quot;3.26.7&quot;,&quot;3.3.2&quot;,&quot;3.3.3&quot;,&quot;3.5.1&quot;,&quot;3.6.3&quot;,&quot;3.6.4&quot;,&quot;3.6.7&quot;,&quot;3.7.1&quot;,&quot;3.7.2&quot;,&quot;3.7.5&quot;,&quot;3.7.8&quot;,&quot;3.8.3&quot;,&quot;3.8.9&quot;,&quot;3.9.11&quot;,&quot;4.1.2&quot;,&quot;4.12.4&quot;,&quot;4.12.5&quot;,&quot;4.12.8&quot;,&quot;4.12.9&quot;,&quot;4.14.3&quot;,&quot;4.14.4&quot;,&quot;4.15.2&quot;,&quot;4.15.3&quot;,&quot;4.15.5&quot;,&quot;4.15.6&quot;,&quot;4.16.1&quot;,&quot;4.16.9&quot;,&quot;4.17.6&quot;,&quot;4.18.3&quot;,&quot;4.19.5&quot;,&quot;4.20.5&quot;,&quot;4.21.6&quot;,&quot;4.22.1&quot;,&quot;4.22.4&quot;,&quot;4.22.5&quot;,&quot;4.22.6&quot;,&quot;4.23.2&quot;,&quot;4.24.6&quot;,&quot;4.26.4&quot;,&quot;4.27.4&quot;,&quot;4.29.6&quot;,&quot;4.29.9&quot;,&quot;4.31.1&quot;,&quot;4.31.3&quot;,&quot;4.4.4&quot;,&quot;4.4.8&quot;,&quot;4.5.4&quot;,&quot;4.5.6&quot;,&quot;4.5.7&quot;,&quot;4.7.7&quot;,&quot;4.8.3&quot;,&quot;4.9.5&quot;,&quot;6.16.8&quot;,&quot;6.2.1&quot;,&quot;6.4.9&quot;,&quot;6.7.6&quot;,&quot;7.1.8&quot;,&quot;7.12.2&quot;,&quot;7.12.6&quot;,&quot;7.12.7&quot;,&quot;7.12.8&quot;,&quot;7.13.1&quot;,&quot;7.13.2&quot;,&quot;7.13.4&quot;,&quot;7.13.6&quot;,&quot;7.14.5&quot;,&quot;7.20.8&quot;,&quot;7.24.1&quot;,&quot;7.7.3&quot;,&quot;7.8.4&quot;,&quot;7.8.5&quot;,&quot;7.9.2&quot;,&quot;7.9.5&quot;,&quot;8.11.6&quot;,&quot;8.12.6&quot;,&quot;8.27.11&quot;,&quot;8.51.1&quot;,&quot;8.51.3&quot;,&quot;8.51.4&quot;,&quot;8.52.3&quot;,&quot;8.52.6&quot;,&quot;8.8.11&quot;,&quot;9.13.2&quot;,&quot;9.13.9&quot;,&quot;9.14.1&quot;,&quot;9.14.5&quot;,&quot;9.32.10&quot;,&quot;9.32.7&quot;]</value></Data>
<Data name="Pleiades"><value>https://pleiades.stoa.org/places/570685</value></Data>
<Data name="ToposText"><value>https://topostext.org/place/371224PSpa</value></Data>
</ExtendedData>
        <Point><coordinates>22.4237,37.0821</coordinates></Point>
      </Placemark>

      <Placemark>
        <name>Sparta</name>
        <ExtendedData>
<Data name="name"><value>Sparta</value></Data>
<Data name="region"><value>Lakonia Bk3</value></Data>
<Data name="part of"><value>Lakonia Bk3</value></Data>
<Data name="altname"><value>Lacedaemon Lakedaimon</value></Data>
<Data name="Wikidata"><value>https://wikidata.org/wiki/Q5690</value></Data>
<Data name="type"><value>[&quot;polis&quot;]</value></Data>
<Data name="passages"><value>[&quot;1.13.6&quot;,&quot;1.29.8&quot;,&quot;10.12.2&quot;,&quot;2.18.2&quot;,&quot;2.18.5&quot;,&quot;2.21.8&quot;,&quot;2.9.1&quot;,&quot;3.1.2&quot;,&quot;3.10.1&quot;,&quot;3.11.1&quot;,&quot;3.11.2&quot;,&quot;3.13.3&quot;,&quot;3.13.4&quot;,&quot;3.13.7&quot;,&quot;3.14.2&quot;,&quot;3.14.7&quot;,&quot;3.15.3&quot;,&quot;3.15.4&quot;,&quot;3.15.5&quot;,&quot;3.15.8&quot;,&quot;3.18.6&quot;,&quot;3.19.6&quot;,&quot;3.2.2&quot;,&quot;3.2.3&quot;,&quot;3.2.7&quot;,&quot;3.20.10&quot;,&quot;3.20.8&quot;,&quot;3.21.2&quot;,&quot;3.21.6&quot;,&quot;3.21.7&quot;,&quot;3.26.5&quot;,&quot;3.26.7&quot;,&quot;3.3.2&quot;,&quot;3.3.3&quot;,&quot;3.5.1&quot;,&quot;3.6.3&quot;,&quot;3.6.4&quot;,&quot;3.6.7&quot;,&quot;3.7.1&quot;,&quot;3.7.2&quot;,&quot;3.7.5&quot;,&quot;3.7.8&quot;,&quot;3.8.3&quot;,&quot;3.8.9&quot;,&quot;3.9.11&quot;,&quot;4.1.2&quot;,&quot;4.12.4&quot;,&quot;4.12.5&quot;,&quot;4.12.8&quot;,&quot;4.12.9&quot;,&quot;4.14.3&quot;,&quot;4.14.4&quot;,&quot;4.15.2&quot;,&quot;4.15.3&quot;,&quot;4.15.5&quot;,&quot;4.15.6&quot;,&quot;4.16.1&quot;,&quot;4.16.9&quot;,&quot;4.17.6&quot;,&quot;4.18.3&quot;,&quot;4.19.5&quot;,&quot;4.20.5&quot;,&quot;4.21.6&quot;,&quot;4.22.1&quot;,&quot;4.22.4&quot;,&quot;4.22.5&quot;,&quot;4.22.6&quot;,&quot;4.23.2&quot;,&quot;4.24.6&quot;,&quot;4.26.4&quot;,&quot;4.27.4&quot;,&quot;4.29.6&quot;,&quot;4.29.9&quot;,&quot;4.31.1&quot;,&quot;4.31.3&quot;,&quot;4.4.4&quot;,&quot;4.4.8&quot;,&quot;4.5.4&quot;,&quot;4.5.6&quot;,&quot;4.5.7&quot;,&quot;4.7.7&quot;,&quot;4.8.3&quot;,&quot;4.9.5&quot;,&quot;6.16.8&quot;,&quot;6.2.1&quot;,&quot;6.4.9&quot;,&quot;6.7.6&quot;,&quot;7.1.8&quot;,&quot;7.12.2&quot;,&quot;7.12.6&quot;,&quot;7.12.7&quot;,&quot;7.12.8&quot;,&quot;7.13.1&quot;,&quot;7.13.2&quot;,&quot;7.13.4&quot;,&quot;7.13.6&quot;,&quot;7.14.5&quot;,&quot;7.20.8&quot;,&quot;7.24.1&quot;,&quot;7.7.3&quot;,&quot;7.8.4&quot;,&quot;7.8.5&quot;,&quot;7.9.2&quot;,&quot;7.9.5&quot;,&quot;8.11.6&quot;,&quot;8.12.6&quot;,&quot;8.27.11&quot;,&quot;8.51.1&quot;,&quot;8.51.3&quot;,&quot;8.51.4&quot;,&quot;8.52.3&quot;,&quot;8.52.6&quot;,&quot;8.8.11&quot;,&quot;9.13.2&quot;,&quot;9.13.9&quot;,&quot;9.14.1&quot;,&quot;9.14.5&quot;,&quot;9.32.10&quot;,&quot;9.32.7&quot;]</value></Data>
<Data name="Pleiades"><value>https://pleiades.stoa.org/places/570685</value></Data>
<Data name="ToposText"><value>https://topostext.org/place/371224PSpa</value></Data>
</ExtendedData>
        <Point><coordinates>22.4237,37.0821</coordinates></Point>
      </Placemark>

      <Placemark>
        <name>Sparta</name>
        <ExtendedData>
<Data name="name"><value>Sparta</value></Data>
<Data name="region"><value>Lakonia Bk3</value></Data>
<Data name="part of"><value>Lakonia Bk3</value></Data>
<Data name="altname"><value>Lacedaemon Lakedaimon</value></Data>
<Data name="Wikidata"><value>https://wikidata.org/wiki/Q5690</value></Data>
<Data name="type"><value>[&quot;polis&quot;]</value></Data>
<Data name="passages"><value>[&quot;1.13.6&quot;,&quot;1.29.8&quot;,&quot;10.12.2&quot;,&quot;2.18.2&quot;,&quot;2.18.5&quot;,&quot;2.21.8&quot;,&quot;2.9.1&quot;,&quot;3.1.2&quot;,&quot;3.10.1&quot;,&quot;3.11.1&quot;,&quot;3.11.2&quot;,&quot;3.13.3&quot;,&quot;3.13.4&quot;,&quot;3.13.7&quot;,&quot;3.14.2&quot;,&quot;3.14.7&quot;,&quot;3.15.3&quot;,&quot;3.15.4&quot;,&quot;3.15.5&quot;,&quot;3.15.8&quot;,&quot;3.18.6&quot;,&quot;3.19.6&quot;,&quot;3.2.2&quot;,&quot;3.2.3&quot;,&quot;3.2.7&quot;,&quot;3.20.10&quot;,&quot;3.20.8&quot;,&quot;3.21.2&quot;,&quot;3.21.6&quot;,&quot;3.21.7&quot;,&quot;3.26.5&quot;,&quot;3.26.7&quot;,&quot;3.3.2&quot;,&quot;3.3.3&quot;,&quot;3.5.1&quot;,&quot;3.6.3&quot;,&quot;3.6.4&quot;,&quot;3.6.7&quot;,&quot;3.7.1&quot;,&quot;3.7.2&quot;,&quot;3.7.5&quot;,&quot;3.7.8&quot;,&quot;3.8.3&quot;,&quot;3.8.9&quot;,&quot;3.9.11&quot;,&quot;4.1.2&quot;,&quot;4.12.4&quot;,&quot;4.12.5&quot;,&quot;4.12.8&quot;,&quot;4.12.9&quot;,&quot;4.14.3&quot;,&quot;4.14.4&quot;,&quot;4.15.2&quot;,&quot;4.15.3&quot;,&quot;4.15.5&quot;,&quot;4.15.6&quot;,&quot;4.16.1&quot;,&quot;4.16.9&quot;,&quot;4.17.6&quot;,&quot;4.18.3&quot;,&quot;4.19.5&quot;,&quot;4.20.5&quot;,&quot;4.21.6&quot;,&quot;4.22.1&quot;,&quot;4.22.4&quot;,&quot;4.22.5&quot;,&quot;4.22.6&quot;,&quot;4.23.2&quot;,&quot;4.24.6&quot;,&quot;4.26.4&quot;,&quot;4.27.4&quot;,&quot;4.29.6&quot;,&quot;4.29.9&quot;,&quot;4.31.1&quot;,&quot;4.31.3&quot;,&quot;4.4.4&quot;,&quot;4.4.8&quot;,&quot;4.5.4&quot;,&quot;4.5.6&quot;,&quot;4.5.7&quot;,&quot;4.7.7&quot;,&quot;4.8.3&quot;,&quot;4.9.5&quot;,&quot;6.16.8&quot;,&quot;6.2.1&quot;,&quot;6.4.9&quot;,&quot;6.7.6&quot;,&quot;7.1.8&quot;,&quot;7.12.2&quot;,&quot;7.12.6&quot;,&quot;7.12.7&quot;,&quot;7.12.8&quot;,&quot;7.13.1&quot;,&quot;7.13.2&quot;,&quot;7.13.4&quot;,&quot;7.13.6&quot;,&quot;7.14.5&quot;,&quot;7.20.8&quot;,&quot;7.24.1&quot;,&quot;7.7.3&quot;,&quot;7.8.4&quot;,&quot;7.8.5&quot;,&quot;7.9.2&quot;,&quot;7.9.5&quot;,&quot;8.11.6&quot;,&quot;8.12.6&quot;,&quot;8.27.11&quot;,&quot;8.51.1&quot;,&quot;8.51.3&quot;,&quot;8.51.4&quot;,&quot;8.52.3&quot;,&quot;8.52.6&quot;,&quot;8.8.11&quot;,&quot;9.13.2&quot;,&quot;9.13.9&quot;,&quot;9.14.1&quot;,&quot;9.14.5&quot;,&quot;9.32.10&quot;,&quot;9.32.7&quot;]</value></Data>
<Data name="Pleiades"><value>https://pleiades.stoa.org/places/570685</value></Data>
<Data name="ToposText"><value>https://topostext.org/place/371224PSpa</value></Data>
</ExtendedData>
        <Point><coordinates>22.4237,37.0821</coordinates></Point>
      </Placemark>

      <Placemark>
        <name>Sparta</name>
        <ExtendedData>
<Data name="name"><value>Sparta</value></Data>
<Data name="region"><value>Lakonia Bk3</value></Data>
<Data name="part of"><value>Lakonia Bk3</value></Data>
<Data name="altname"><value>Lacedaemon Lakedaimon</value></Data>
<Data name="Wikidata"><value>https://wikidata.org/wiki/Q5690</value></Data>
<Data name="type"><value>[&quot;polis&quot;]</value></Data>
<Data name="passages"><value>[&quot;1.13.6&quot;,&quot;1.29.8&quot;,&quot;10.12.2&quot;,&quot;2.18.2&quot;,&quot;2.18.5&quot;,&quot;2.21.8&quot;,&quot;2.9.1&quot;,&quot;3.1.2&quot;,&quot;3.10.1&quot;,&quot;3.11.1&quot;,&quot;3.11.2&quot;,&quot;3.13.3&quot;,&quot;3.13.4&quot;,&quot;3.13.7&quot;,&quot;3.14.2&quot;,&quot;3.14.7&quot;,&quot;3.15.3&quot;,&quot;3.15.4&quot;,&quot;3.15.5&quot;,&quot;3.15.8&quot;,&quot;3.18.6&quot;,&quot;3.19.6&quot;,&quot;3.2.2&quot;,&quot;3.2.3&quot;,&quot;3.2.7&quot;,&quot;3.20.10&quot;,&quot;3.20.8&quot;,&quot;3.21.2&quot;,&quot;3.21.6&quot;,&quot;3.21.7&quot;,&quot;3.26.5&quot;,&quot;3.26.7&quot;,&quot;3.3.2&quot;,&quot;3.3.3&quot;,&quot;3.5.1&quot;,&quot;3.6.3&quot;,&quot;3.6.4&quot;,&quot;3.6.7&quot;,&quot;3.7.1&quot;,&quot;3.7.2&quot;,&quot;3.7.5&quot;,&quot;3.7.8&quot;,&quot;3.8.3&quot;,&quot;3.8.9&quot;,&quot;3.9.11&quot;,&quot;4.1.2&quot;,&quot;4.12.4&quot;,&quot;4.12.5&quot;,&quot;4.12.8&quot;,&quot;4.12.9&quot;,&quot;4.14.3&quot;,&quot;4.14.4&quot;,&quot;4.15.2&quot;,&quot;4.15.3&quot;,&quot;4.15.5&quot;,&quot;4.15.6&quot;,&quot;4.16.1&quot;,&quot;4.16.9&quot;,&quot;4.17.6&quot;,&quot;4.18.3&quot;,&quot;4.19.5&quot;,&quot;4.20.5&quot;,&quot;4.21.6&quot;,&quot;4.22.1&quot;,&quot;4.22.4&quot;,&quot;4.22.5&quot;,&quot;4.22.6&quot;,&quot;4.23.2&quot;,&quot;4.24.6&quot;,&quot;4.26.4&quot;,&quot;4.27.4&quot;,&quot;4.29.6&quot;,&quot;4.29.9&quot;,&quot;4.31.1&quot;,&quot;4.31.3&quot;,&quot;4.4.4&quot;,&quot;4.4.8&quot;,&quot;4.5.4&quot;,&quot;4.5.6&quot;,&quot;4.5.7&quot;,&quot;4.7.7&quot;,&quot;4.8.3&quot;,&quot;4.9.5&quot;,&quot;6.16.8&quot;,&quot;6.2.1&quot;,&quot;6.4.9&quot;,&quot;6.7.6&quot;,&quot;7.1.8&quot;,&quot;7.12.2&quot;,&quot;7.12.6&quot;,&quot;7.12.7&quot;,&quot;7.12.8&quot;,&quot;7.13.1&quot;,&quot;7.13.2&quot;,&quot;7.13.4&quot;,&quot;7.13.6&quot;,&quot;7.14.5&quot;,&quot;7.20.8&quot;,&quot;7.24.1&quot;,&quot;7.7.3&quot;,&quot;7.8.4&quot;,&quot;7.8.5&quot;,&quot;7.9.2&quot;,&quot;7.9.5&quot;,&quot;8.11.6&quot;,&quot;8.12.6&quot;,&quot;8.27.11&quot;,&quot;8.51.1&quot;,&quot;8.51.3&quot;,&quot;8.51.4&quot;,&quot;8.52.3&quot;,&quot;8.52.6&quot;,&quot;8.8.11&quot;,&quot;9.13.2&quot;,&quot;9.13.9&quot;,&quot;9.14.1&quot;,&quot;9.14.5&quot;,&quot;9.32.10&quot;,&quot;9.32.7&quot;]</value></Data>
<Data name="Pleiades"><value>https://pleiades.stoa.org/places/570685</value></Data>
<Data name="ToposText"><value>https://topostext.org/place/371224PSpa</value></Data>
</ExtendedData>
        <Point><coordinates>22.4237,37.0821</coordinates></Point>
      </Placemark>

      <Placemark>
        <name>Sparta</name>
        <ExtendedData>
<Data name="name"><value>Sparta</value></Data>
<Data name="region"><value>Lakonia Bk3</value></Data>
<Data name="part of"><value>Lakonia Bk3</value></Data>
<Data name="altname"><value>Lacedaemon Lakedaimon</value></Data>
<Data name="Wikidata"><value>https://wikidata.org/wiki/Q5690</value></Data>
<Data name="type"><value>[&quot;polis&quot;]</value></Data>
<Data name="passages"><value>[&quot;1.13.6&quot;,&quot;1.29.8&quot;,&quot;10.12.2&quot;,&quot;2.18.2&quot;,&quot;2.18.5&quot;,&quot;2.21.8&quot;,&quot;2.9.1&quot;,&quot;3.1.2&quot;,&quot;3.10.1&quot;,&quot;3.11.1&quot;,&quot;3.11.2&quot;,&quot;3.13.3&quot;,&quot;3.13.4&quot;,&quot;3.13.7&quot;,&quot;3.14.2&quot;,&quot;3.14.7&quot;,&quot;3.15.3&quot;,&quot;3.15.4&quot;,&quot;3.15.5&quot;,&quot;3.15.8&quot;,&quot;3.18.6&quot;,&quot;3.19.6&quot;,&quot;3.2.2&quot;,&quot;3.2.3&quot;,&quot;3.2.7&quot;,&quot;3.20.10&quot;,&quot;3.20.8&quot;,&quot;3.21.2&quot;,&quot;3.21.6&quot;,&quot;3.21.7&quot;,&quot;3.26.5&quot;,&quot;3.26.7&quot;,&quot;3.3.2&quot;,&quot;3.3.3&quot;,&quot;3.5.1&quot;,&quot;3.6.3&quot;,&quot;3.6.4&quot;,&quot;3.6.7&quot;,&quot;3.7.1&quot;,&quot;3.7.2&quot;,&quot;3.7.5&quot;,&quot;3.7.8&quot;,&quot;3.8.3&quot;,&quot;3.8.9&quot;,&quot;3.9.11&quot;,&quot;4.1.2&quot;,&quot;4.12.4&quot;,&quot;4.12.5&quot;,&quot;4.12.8&quot;,&quot;4.12.9&quot;,&quot;4.14.3&quot;,&quot;4.14.4&quot;,&quot;4.15.2&quot;,&quot;4.15.3&quot;,&quot;4.15.5&quot;,&quot;4.15.6&quot;,&quot;4.16.1&quot;,&quot;4.16.9&quot;,&quot;4.17.6&quot;,&quot;4.18.3&quot;,&quot;4.19.5&quot;,&quot;4.20.5&quot;,&quot;4.21.6&quot;,&quot;4.22.1&quot;,&quot;4.22.4&quot;,&quot;4.22.5&quot;,&quot;4.22.6&quot;,&quot;4.23.2&quot;,&quot;4.24.6&quot;,&quot;4.26.4&quot;,&quot;4.27.4&quot;,&quot;4.29.6&quot;,&quot;4.29.9&quot;,&quot;4.31.1&quot;,&quot;4.31.3&quot;,&quot;4.4.4&quot;,&quot;4.4.8&quot;,&quot;4.5.4&quot;,&quot;4.5.6&quot;,&quot;4.5.7&quot;,&quot;4.7.7&quot;,&quot;4.8.3&quot;,&quot;4.9.5&quot;,&quot;6.16.8&quot;,&quot;6.2.1&quot;,&quot;6.4.9&quot;,&quot;6.7.6&quot;,&quot;7.1.8&quot;,&quot;7.12.2&quot;,&quot;7.12.6&quot;,&quot;7.12.7&quot;,&quot;7.12.8&quot;,&quot;7.13.1&quot;,&quot;7.13.2&quot;,&quot;7.13.4&quot;,&quot;7.13.6&quot;,&quot;7.14.5&quot;,&quot;7.20.8&quot;,&quot;7.24.1&quot;,&quot;7.7.3&quot;,&quot;7.8.4&quot;,&quot;7.8.5&quot;,&quot;7.9.2&quot;,&quot;7.9.5&quot;,&quot;8.11.6&quot;,&quot;8.12.6&quot;,&quot;8.27.11&quot;,&quot;8.51.1&quot;,&quot;8.51.3&quot;,&quot;8.51.4&quot;,&quot;8.52.3&quot;,&quot;8.52.6&quot;,&quot;8.8.11&quot;,&quot;9.13.2&quot;,&quot;9.13.9&quot;,&quot;9.14.1&quot;,&quot;9.14.5&quot;,&quot;9.32.10&quot;,&quot;9.32.7&quot;]</value></Data>
<Data name="Pleiades"><value>https://pleiades.stoa.org/places/570685</value></Data>
<Data name="ToposText"><value>https://topostext.org/place/371224PSpa</value></Data>
</ExtendedData>
        <Point><coordinates>22.4237,37.0821</coordinates></Point>
      </Placemark>

      <Placemark>
        <name>Sparta</name>
        <ExtendedData>
<Data name="name"><value>Sparta</value></Data>
<Data name="region"><value>Lakonia Bk3</value></Data>
<Data name="part of"><value>Lakonia Bk3</value></Data>
<Data name="altname"><value>Lacedaemon Lakedaimon</value></Data>
<Data name="Wikidata"><value>https://wikidata.org/wiki/Q5690</value></Data>
<Data name="type"><value>[&quot;polis&quot;]</value></Data>
<Data name="passages"><value>[&quot;1.13.6&quot;,&quot;1.29.8&quot;,&quot;10.12.2&quot;,&quot;2.18.2&quot;,&quot;2.18.5&quot;,&quot;2.21.8&quot;,&quot;2.9.1&quot;,&quot;3.1.2&quot;,&quot;3.10.1&quot;,&quot;3.11.1&quot;,&quot;3.11.2&quot;,&quot;3.13.3&quot;,&quot;3.13.4&quot;,&quot;3.13.7&quot;,&quot;3.14.2&quot;,&quot;3.14.7&quot;,&quot;3.15.3&quot;,&quot;3.15.4&quot;,&quot;3.15.5&quot;,&quot;3.15.8&quot;,&quot;3.18.6&quot;,&quot;3.19.6&quot;,&quot;3.2.2&quot;,&quot;3.2.3&quot;,&quot;3.2.7&quot;,&quot;3.20.10&quot;,&quot;3.20.8&quot;,&quot;3.21.2&quot;,&quot;3.21.6&quot;,&quot;3.21.7&quot;,&quot;3.26.5&quot;,&quot;3.26.7&quot;,&quot;3.3.2&quot;,&quot;3.3.3&quot;,&quot;3.5.1&quot;,&quot;3.6.3&quot;,&quot;3.6.4&quot;,&quot;3.6.7&quot;,&quot;3.7.1&quot;,&quot;3.7.2&quot;,&quot;3.7.5&quot;,&quot;3.7.8&quot;,&quot;3.8.3&quot;,&quot;3.8.9&quot;,&quot;3.9.11&quot;,&quot;4.1.2&quot;,&quot;4.12.4&quot;,&quot;4.12.5&quot;,&quot;4.12.8&quot;,&quot;4.12.9&quot;,&quot;4.14.3&quot;,&quot;4.14.4&quot;,&quot;4.15.2&quot;,&quot;4.15.3&quot;,&quot;4.15.5&quot;,&quot;4.15.6&quot;,&quot;4.16.1&quot;,&quot;4.16.9&quot;,&quot;4.17.6&quot;,&quot;4.18.3&quot;,&quot;4.19.5&quot;,&quot;4.20.5&quot;,&quot;4.21.6&quot;,&quot;4.22.1&quot;,&quot;4.22.4&quot;,&quot;4.22.5&quot;,&quot;4.22.6&quot;,&quot;4.23.2&quot;,&quot;4.24.6&quot;,&quot;4.26.4&quot;,&quot;4.27.4&quot;,&quot;4.29.6&quot;,&quot;4.29.9&quot;,&quot;4.31.1&quot;,&quot;4.31.3&quot;,&quot;4.4.4&quot;,&quot;4.4.8&quot;,&quot;4.5.4&quot;,&quot;4.5.6&quot;,&quot;4.5.7&quot;,&quot;4.7.7&quot;,&quot;4.8.3&quot;,&quot;4.9.5&quot;,&quot;6.16.8&quot;,&quot;6.2.1&quot;,&quot;6.4.9&quot;,&quot;6.7.6&quot;,&quot;7.1.8&quot;,&quot;7.12.2&quot;,&quot;7.12.6&quot;,&quot;7.12.7&quot;,&quot;7.12.8&quot;,&quot;7.13.1&quot;,&quot;7.13.2&quot;,&quot;7.13.4&quot;,&quot;7.13.6&quot;,&quot;7.14.5&quot;,&quot;7.20.8&quot;,&quot;7.24.1&quot;,&quot;7.7.3&quot;,&quot;7.8.4&quot;,&quot;7.8.5&quot;,&quot;7.9.2&quot;,&quot;7.9.5&quot;,&quot;8.11.6&quot;,&quot;8.12.6&quot;,&quot;8.27.11&quot;,&quot;8.51.1&quot;,&quot;8.51.3&quot;,&quot;8.51.4&quot;,&quot;8.52.3&quot;,&quot;8.52.6&quot;,&quot;8.8.11&quot;,&quot;9.13.2&quot;,&quot;9.13.9&quot;,&quot;9.14.1&quot;,&quot;9.14.5&quot;,&quot;9.32.10&quot;,&quot;9.32.7&quot;]</value></Data>
<Data name="Pleiades"><value>https://pleiades.stoa.org/places/570685</value></Data>
<Data name="ToposText"><value>https://topostext.org/place/371224PSpa</value></Data>
</ExtendedData>
        <Point><coordinates>22.4237,37.0821</coordinates></Point>
      </Placemark>

      <Placemark>
        <name>Sparta</name>
        <ExtendedData>
<Data name="name"><value>Sparta</value></Data>
<Data name="region"><value>Lakonia Bk3</value></Data>
<Data name="part of"><value>Lakonia Bk3</value></Data>
<Data name="altname"><value>Lacedaemon Lakedaimon</value></Data>
<Data name="Wikidata"><value>https://wikidata.org/wiki/Q5690</value></Data>
<Data name="type"><value>[&quot;polis&quot;]</value></Data>
<Data name="passages"><value>[&quot;1.13.6&quot;,&quot;1.29.8&quot;,&quot;10.12.2&quot;,&quot;2.18.2&quot;,&quot;2.18.5&quot;,&quot;2.21.8&quot;,&quot;2.9.1&quot;,&quot;3.1.2&quot;,&quot;3.10.1&quot;,&quot;3.11.1&quot;,&quot;3.11.2&quot;,&quot;3.13.3&quot;,&quot;3.13.4&quot;,&quot;3.13.7&quot;,&quot;3.14.2&quot;,&quot;3.14.7&quot;,&quot;3.15.3&quot;,&quot;3.15.4&quot;,&quot;3.15.5&quot;,&quot;3.15.8&quot;,&quot;3.18.6&quot;,&quot;3.19.6&quot;,&quot;3.2.2&quot;,&quot;3.2.3&quot;,&quot;3.2.7&quot;,&quot;3.20.10&quot;,&quot;3.20.8&quot;,&quot;3.21.2&quot;,&quot;3.21.6&quot;,&quot;3.21.7&quot;,&quot;3.26.5&quot;,&quot;3.26.7&quot;,&quot;3.3.2&quot;,&quot;3.3.3&quot;,&quot;3.5.1&quot;,&quot;3.6.3&quot;,&quot;3.6.4&quot;,&quot;3.6.7&quot;,&quot;3.7.1&quot;,&quot;3.7.2&quot;,&quot;3.7.5&quot;,&quot;3.7.8&quot;,&quot;3.8.3&quot;,&quot;3.8.9&quot;,&quot;3.9.11&quot;,&quot;4.1.2&quot;,&quot;4.12.4&quot;,&quot;4.12.5&quot;,&quot;4.12.8&quot;,&quot;4.12.9&quot;,&quot;4.14.3&quot;,&quot;4.14.4&quot;,&quot;4.15.2&quot;,&quot;4.15.3&quot;,&quot;4.15.5&quot;,&quot;4.15.6&quot;,&quot;4.16.1&quot;,&quot;4.16.9&quot;,&quot;4.17.6&quot;,&quot;4.18.3&quot;,&quot;4.19.5&quot;,&quot;4.20.5&quot;,&quot;4.21.6&quot;,&quot;4.22.1&quot;,&quot;4.22.4&quot;,&quot;4.22.5&quot;,&quot;4.22.6&quot;,&quot;4.23.2&quot;,&quot;4.24.6&quot;,&quot;4.26.4&quot;,&quot;4.27.4&quot;,&quot;4.29.6&quot;,&quot;4.29.9&quot;,&quot;4.31.1&quot;,&quot;4.31.3&quot;,&quot;4.4.4&quot;,&quot;4.4.8&quot;,&quot;4.5.4&quot;,&quot;4.5.6&quot;,&quot;4.5.7&quot;,&quot;4.7.7&quot;,&quot;4.8.3&quot;,&quot;4.9.5&quot;,&quot;6.16.8&quot;,&quot;6.2.1&quot;,&quot;6.4.9&quot;,&quot;6.7.6&quot;,&quot;7.1.8&quot;,&quot;7.12.2&quot;,&quot;7.12.6&quot;,&quot;7.12.7&quot;,&quot;7.12.8&quot;,&quot;7.13.1&quot;,&quot;7.13.2&quot;,&quot;7.13.4&quot;,&quot;7.13.6&quot;,&quot;7.14.5&quot;,&quot;7.20.8&quot;,&quot;7.24.1&quot;,&quot;7.7.3&quot;,&quot;7.8.4&quot;,&quot;7.8.5&quot;,&quot;7.9.2&quot;,&quot;7.9.5&quot;,&quot;8.11.6&quot;,&quot;8.12.6&quot;,&quot;8.27.11&quot;,&quot;8.51.1&quot;,&quot;8.51.3&quot;,&quot;8.51.4&quot;,&quot;8.52.3&quot;,&quot;8.52.6&quot;,&quot;8.8.11&quot;,&quot;9.13.2&quot;,&quot;9.13.9&quot;,&quot;9.14.1&quot;,&quot;9.14.5&quot;,&quot;9.32.10&quot;,&quot;9.32.7&quot;]</value></Data>
<Data name="Pleiades"><value>https://pleiades.stoa.org/places/570685</value></Data>
<Data name="ToposText"><value>https://topostext.org/place/371224PSpa</value></Data>
</ExtendedData>
        <Point><coordinates>22.4237,37.0821</coordinates></Point>
      </Placemark>

      <Placemark>
        <name>Sparta</name>
        <ExtendedData>
<Data name="name"><value>Sparta</value></Data>
<Data name="region"><value>Lakonia Bk3</value></Data>
<Data name="part of"><value>Lakonia Bk3</value></Data>
<Data name="altname"><value>Lacedaemon Lakedaimon</value></Data>
<Data name="Wikidata"><value>https://wikidata.org/wiki/Q5690</value></Data>
<Data name="type"><value>[&quot;polis&quot;]</value></Data>
<Data name="passages"><value>[&quot;1.13.6&quot;,&quot;1.29.8&quot;,&quot;10.12.2&quot;,&quot;2.18.2&quot;,&quot;2.18.5&quot;,&quot;2.21.8&quot;,&quot;2.9.1&quot;,&quot;3.1.2&quot;,&quot;3.10.1&quot;,&quot;3.11.1&quot;,&quot;3.11.2&quot;,&quot;3.13.3&quot;,&quot;3.13.4&quot;,&quot;3.13.7&quot;,&quot;3.14.2&quot;,&quot;3.14.7&quot;,&quot;3.15.3&quot;,&quot;3.15.4&quot;,&quot;3.15.5&quot;,&quot;3.15.8&quot;,&quot;3.18.6&quot;,&quot;3.19.6&quot;,&quot;3.2.2&quot;,&quot;3.2.3&quot;,&quot;3.2.7&quot;,&quot;3.20.10&quot;,&quot;3.20.8&quot;,&quot;3.21.2&quot;,&quot;3.21.6&quot;,&quot;3.21.7&quot;,&quot;3.26.5&quot;,&quot;3.26.7&quot;,&quot;3.3.2&quot;,&quot;3.3.3&quot;,&quot;3.5.1&quot;,&quot;3.6.3&quot;,&quot;3.6.4&quot;,&quot;3.6.7&quot;,&quot;3.7.1&quot;,&quot;3.7.2&quot;,&quot;3.7.5&quot;,&quot;3.7.8&quot;,&quot;3.8.3&quot;,&quot;3.8.9&quot;,&quot;3.9.11&quot;,&quot;4.1.2&quot;,&quot;4.12.4&quot;,&quot;4.12.5&quot;,&quot;4.12.8&quot;,&quot;4.12.9&quot;,&quot;4.14.3&quot;,&quot;4.14.4&quot;,&quot;4.15.2&quot;,&quot;4.15.3&quot;,&quot;4.15.5&quot;,&quot;4.15.6&quot;,&quot;4.16.1&quot;,&quot;4.16.9&quot;,&quot;4.17.6&quot;,&quot;4.18.3&quot;,&quot;4.19.5&quot;,&quot;4.20.5&quot;,&quot;4.21.6&quot;,&quot;4.22.1&quot;,&quot;4.22.4&quot;,&quot;4.22.5&quot;,&quot;4.22.6&quot;,&quot;4.23.2&quot;,&quot;4.24.6&quot;,&quot;4.26.4&quot;,&quot;4.27.4&quot;,&quot;4.29.6&quot;,&quot;4.29.9&quot;,&quot;4.31.1&quot;,&quot;4.31.3&quot;,&quot;4.4.4&quot;,&quot;4.4.8&quot;,&quot;4.5.4&quot;,&quot;4.5.6&quot;,&quot;4.5.7&quot;,&quot;4.7.7&quot;,&quot;4.8.3&quot;,&quot;4.9.5&quot;,&quot;6.16.8&quot;,&quot;6.2.1&quot;,&quot;6.4.9&quot;,&quot;6.7.6&quot;,&quot;7.1.8&quot;,&quot;7.12.2&quot;,&quot;7.12.6&quot;,&quot;7.12.7&quot;,&quot;7.12.8&quot;,&quot;7.13.1&quot;,&quot;7.13.2&quot;,&quot;7.13.4&quot;,&quot;7.13.6&quot;,&quot;7.14.5&quot;,&quot;7.20.8&quot;,&quot;7.24.1&quot;,&quot;7.7.3&quot;,&quot;7.8.4&quot;,&quot;7.8.5&quot;,&quot;7.9.2&quot;,&quot;7.9.5&quot;,&quot;8.11.6&quot;,&quot;8.12.6&quot;,&quot;8.27.11&quot;,&quot;8.51.1&quot;,&quot;8.51.3&quot;,&quot;8.51.4&quot;,&quot;8.52.3&quot;,&quot;8.52.6&quot;,&quot;8.8.11&quot;,&quot;9.13.2&quot;,&quot;9.13.9&quot;,&quot;9.14.1&quot;,&quot;9.14.5&quot;,&quot;9.32.10&quot;,&quot;9.32.7&quot;]</value></Data>
<Data name="Pleiades"><value>https://pleiades.stoa.org/places/570685</value></Data>
<Data name="ToposText"><value>https://topostext.org/place/371224PSpa</value></Data>
</ExtendedData>
        <Point><coordinates>22.4237,37.0821</coordinates></Point>
      </Placemark>

      <Placemark>
        <name>Sparta</name>
        <ExtendedData>
<Data name="name"><value>Sparta</value></Data>
<Data name="region"><value>Lakonia Bk3</value></Data>
<Data name="part of"><value>Lakonia Bk3</value></Data>
<Data name="altname"><value>Lacedaemon Lakedaimon</value></Data>
<Data name="Wikidata"><value>https://wikidata.org/wiki/Q5690</value></Data>
<Data name="type"><value>[&quot;polis&quot;]</value></Data>
<Data name="passages"><value>[&quot;1.13.6&quot;,&quot;1.29.8&quot;,&quot;10.12.2&quot;,&quot;2.18.2&quot;,&quot;2.18.5&quot;,&quot;2.21.8&quot;,&quot;2.9.1&quot;,&quot;3.1.2&quot;,&quot;3.10.1&quot;,&quot;3.11.1&quot;,&quot;3.11.2&quot;,&quot;3.13.3&quot;,&quot;3.13.4&quot;,&quot;3.13.7&quot;,&quot;3.14.2&quot;,&quot;3.14.7&quot;,&quot;3.15.3&quot;,&quot;3.15.4&quot;,&quot;3.15.5&quot;,&quot;3.15.8&quot;,&quot;3.18.6&quot;,&quot;3.19.6&quot;,&quot;3.2.2&quot;,&quot;3.2.3&quot;,&quot;3.2.7&quot;,&quot;3.20.10&quot;,&quot;3.20.8&quot;,&quot;3.21.2&quot;,&quot;3.21.6&quot;,&quot;3.21.7&quot;,&quot;3.26.5&quot;,&quot;3.26.7&quot;,&quot;3.3.2&quot;,&quot;3.3.3&quot;,&quot;3.5.1&quot;,&quot;3.6.3&quot;,&quot;3.6.4&quot;,&quot;3.6.7&quot;,&quot;3.7.1&quot;,&quot;3.7.2&quot;,&quot;3.7.5&quot;,&quot;3.7.8&quot;,&quot;3.8.3&quot;,&quot;3.8.9&quot;,&quot;3.9.11&quot;,&quot;4.1.2&quot;,&quot;4.12.4&quot;,&quot;4.12.5&quot;,&quot;4.12.8&quot;,&quot;4.12.9&quot;,&quot;4.14.3&quot;,&quot;4.14.4&quot;,&quot;4.15.2&quot;,&quot;4.15.3&quot;,&quot;4.15.5&quot;,&quot;4.15.6&quot;,&quot;4.16.1&quot;,&quot;4.16.9&quot;,&quot;4.17.6&quot;,&quot;4.18.3&quot;,&quot;4.19.5&quot;,&quot;4.20.5&quot;,&quot;4.21.6&quot;,&quot;4.22.1&quot;,&quot;4.22.4&quot;,&quot;4.22.5&quot;,&quot;4.22.6&quot;,&quot;4.23.2&quot;,&quot;4.24.6&quot;,&quot;4.26.4&quot;,&quot;4.27.4&quot;,&quot;4.29.6&quot;,&quot;4.29.9&quot;,&quot;4.31.1&quot;,&quot;4.31.3&quot;,&quot;4.4.4&quot;,&quot;4.4.8&quot;,&quot;4.5.4&quot;,&quot;4.5.6&quot;,&quot;4.5.7&quot;,&quot;4.7.7&quot;,&quot;4.8.3&quot;,&quot;4.9.5&quot;,&quot;6.16.8&quot;,&quot;6.2.1&quot;,&quot;6.4.9&quot;,&quot;6.7.6&quot;,&quot;7.1.8&quot;,&quot;7.12.2&quot;,&quot;7.12.6&quot;,&quot;7.12.7&quot;,&quot;7.12.8&quot;,&quot;7.13.1&quot;,&quot;7.13.2&quot;,&quot;7.13.4&quot;,&quot;7.13.6&quot;,&quot;7.14.5&quot;,&quot;7.20.8&quot;,&quot;7.24.1&quot;,&quot;7.7.3&quot;,&quot;7.8.4&quot;,&quot;7.8.5&quot;,&quot;7.9.2&quot;,&quot;7.9.5&quot;,&quot;8.11.6&quot;,&quot;8.12.6&quot;,&quot;8.27.11&quot;,&quot;8.51.1&quot;,&quot;8.51.3&quot;,&quot;8.51.4&quot;,&quot;8.52.3&quot;,&quot;8.52.6&quot;,&quot;8.8.11&quot;,&quot;9.13.2&quot;,&quot;9.13.9&quot;,&quot;9.14.1&quot;,&quot;9.14.5&quot;,&quot;9.32.10&quot;,&quot;9.32.7&quot;]</value></Data>
<Data name="Pleiades"><value>https://pleiades.stoa.org/places/570685</value></Data>
<Data name="ToposText"><value>https://topostext.org/place/371224PSpa</value></Data>
</ExtendedData>
        <Point><coordinates>22.4237,37.0821</coordinates></Point>
      </Placemark>

      <Placemark>
        <name>Sparta</name>
        <ExtendedData>
<Data name="name"><value>Sparta</value></Data>
<Data name="region"><value>Lakonia Bk3</value></Data>
<Data name="part of"><value>Lakonia Bk3</value></Data>
<Data name="altname"><value>Lacedaemon Lakedaimon</value></Data>
<Data name="Wikidata"><value>https://wikidata.org/wiki/Q5690</value></Data>
<Data name="type"><value>[&quot;polis&quot;]</value></Data>
<Data name="passages"><value>[&quot;1.13.6&quot;,&quot;1.29.8&quot;,&quot;10.12.2&quot;,&quot;2.18.2&quot;,&quot;2.18.5&quot;,&quot;2.21.8&quot;,&quot;2.9.1&quot;,&quot;3.1.2&quot;,&quot;3.10.1&quot;,&quot;3.11.1&quot;,&quot;3.11.2&quot;,&quot;3.13.3&quot;,&quot;3.13.4&quot;,&quot;3.13.7&quot;,&quot;3.14.2&quot;,&quot;3.14.7&quot;,&quot;3.15.3&quot;,&quot;3.15.4&quot;,&quot;3.15.5&quot;,&quot;3.15.8&quot;,&quot;3.18.6&quot;,&quot;3.19.6&quot;,&quot;3.2.2&quot;,&quot;3.2.3&quot;,&quot;3.2.7&quot;,&quot;3.20.10&quot;,&quot;3.20.8&quot;,&quot;3.21.2&quot;,&quot;3.21.6&quot;,&quot;3.21.7&quot;,&quot;3.26.5&quot;,&quot;3.26.7&quot;,&quot;3.3.2&quot;,&quot;3.3.3&quot;,&quot;3.5.1&quot;,&quot;3.6.3&quot;,&quot;3.6.4&quot;,&quot;3.6.7&quot;,&quot;3.7.1&quot;,&quot;3.7.2&quot;,&quot;3.7.5&quot;,&quot;3.7.8&quot;,&quot;3.8.3&quot;,&quot;3.8.9&quot;,&quot;3.9.11&quot;,&quot;4.1.2&quot;,&quot;4.12.4&quot;,&quot;4.12.5&quot;,&quot;4.12.8&quot;,&quot;4.12.9&quot;,&quot;4.14.3&quot;,&quot;4.14.4&quot;,&quot;4.15.2&quot;,&quot;4.15.3&quot;,&quot;4.15.5&quot;,&quot;4.15.6&quot;,&quot;4.16.1&quot;,&quot;4.16.9&quot;,&quot;4.17.6&quot;,&quot;4.18.3&quot;,&quot;4.19.5&quot;,&quot;4.20.5&quot;,&quot;4.21.6&quot;,&quot;4.22.1&quot;,&quot;4.22.4&quot;,&quot;4.22.5&quot;,&quot;4.22.6&quot;,&quot;4.23.2&quot;,&quot;4.24.6&quot;,&quot;4.26.4&quot;,&quot;4.27.4&quot;,&quot;4.29.6&quot;,&quot;4.29.9&quot;,&quot;4.31.1&quot;,&quot;4.31.3&quot;,&quot;4.4.4&quot;,&quot;4.4.8&quot;,&quot;4.5.4&quot;,&quot;4.5.6&quot;,&quot;4.5.7&quot;,&quot;4.7.7&quot;,&quot;4.8.3&quot;,&quot;4.9.5&quot;,&quot;6.16.8&quot;,&quot;6.2.1&quot;,&quot;6.4.9&quot;,&quot;6.7.6&quot;,&quot;7.1.8&quot;,&quot;7.12.2&quot;,&quot;7.12.6&quot;,&quot;7.12.7&quot;,&quot;7.12.8&quot;,&quot;7.13.1&quot;,&quot;7.13.2&quot;,&quot;7.13.4&quot;,&quot;7.13.6&quot;,&quot;7.14.5&quot;,&quot;7.20.8&quot;,&quot;7.24.1&quot;,&quot;7.7.3&quot;,&quot;7.8.4&quot;,&quot;7.8.5&quot;,&quot;7.9.2&quot;,&quot;7.9.5&quot;,&quot;8.11.6&quot;,&quot;8.12.6&quot;,&quot;8.27.11&quot;,&quot;8.51.1&quot;,&quot;8.51.3&quot;,&quot;8.51.4&quot;,&quot;8.52.3&quot;,&quot;8.52.6&quot;,&quot;8.8.11&quot;,&quot;9.13.2&quot;,&quot;9.13.9&quot;,&quot;9.14.1&quot;,&quot;9.14.5&quot;,&quot;9.32.10&quot;,&quot;9.32.7&quot;]</value></Data>
<Data name="Pleiades"><value>https://pleiades.stoa.org/places/570685</value></Data>
<Data name="ToposText"><value>https://topostext.org/place/371224PSpa</value></Data>
</ExtendedData>
        <Point><coordinates>22.4237,37.0821</coordinates></Point>
      </Placemark>

      <Placemark>
        <name>Sparta</name>
        <ExtendedData>
<Data name="name"><value>Sparta</value></Data>
<Data name="region"><value>Lakonia Bk3</value></Data>
<Data name="part of"><value>Lakonia Bk3</value></Data>
<Data name="altname"><value>Lacedaemon Lakedaimon</value></Data>
<Data name="Wikidata"><value>https://wikidata.org/wiki/Q5690</value></Data>
<Data name="type"><value>[&quot;polis&quot;]</value></Data>
<Data name="passages"><value>[&quot;1.13.6&quot;,&quot;1.29.8&quot;,&quot;10.12.2&quot;,&quot;2.18.2&quot;,&quot;2.18.5&quot;,&quot;2.21.8&quot;,&quot;2.9.1&quot;,&quot;3.1.2&quot;,&quot;3.10.1&quot;,&quot;3.11.1&quot;,&quot;3.11.2&quot;,&quot;3.13.3&quot;,&quot;3.13.4&quot;,&quot;3.13.7&quot;,&quot;3.14.2&quot;,&quot;3.14.7&quot;,&quot;3.15.3&quot;,&quot;3.15.4&quot;,&quot;3.15.5&quot;,&quot;3.15.8&quot;,&quot;3.18.6&quot;,&quot;3.19.6&quot;,&quot;3.2.2&quot;,&quot;3.2.3&quot;,&quot;3.2.7&quot;,&quot;3.20.10&quot;,&quot;3.20.8&quot;,&quot;3.21.2&quot;,&quot;3.21.6&quot;,&quot;3.21.7&quot;,&quot;3.26.5&quot;,&quot;3.26.7&quot;,&quot;3.3.2&quot;,&quot;3.3.3&quot;,&quot;3.5.1&quot;,&quot;3.6.3&quot;,&quot;3.6.4&quot;,&quot;3.6.7&quot;,&quot;3.7.1&quot;,&quot;3.7.2&quot;,&quot;3.7.5&quot;,&quot;3.7.8&quot;,&quot;3.8.3&quot;,&quot;3.8.9&quot;,&quot;3.9.11&quot;,&quot;4.1.2&quot;,&quot;4.12.4&quot;,&quot;4.12.5&quot;,&quot;4.12.8&quot;,&quot;4.12.9&quot;,&quot;4.14.3&quot;,&quot;4.14.4&quot;,&quot;4.15.2&quot;,&quot;4.15.3&quot;,&quot;4.15.5&quot;,&quot;4.15.6&quot;,&quot;4.16.1&quot;,&quot;4.16.9&quot;,&quot;4.17.6&quot;,&quot;4.18.3&quot;,&quot;4.19.5&quot;,&quot;4.20.5&quot;,&quot;4.21.6&quot;,&quot;4.22.1&quot;,&quot;4.22.4&quot;,&quot;4.22.5&quot;,&quot;4.22.6&quot;,&quot;4.23.2&quot;,&quot;4.24.6&quot;,&quot;4.26.4&quot;,&quot;4.27.4&quot;,&quot;4.29.6&quot;,&quot;4.29.9&quot;,&quot;4.31.1&quot;,&quot;4.31.3&quot;,&quot;4.4.4&quot;,&quot;4.4.8&quot;,&quot;4.5.4&quot;,&quot;4.5.6&quot;,&quot;4.5.7&quot;,&quot;4.7.7&quot;,&quot;4.8.3&quot;,&quot;4.9.5&quot;,&quot;6.16.8&quot;,&quot;6.2.1&quot;,&quot;6.4.9&quot;,&quot;6.7.6&quot;,&quot;7.1.8&quot;,&quot;7.12.2&quot;,&quot;7.12.6&quot;,&quot;7.12.7&quot;,&quot;7.12.8&quot;,&quot;7.13.1&quot;,&quot;7.13.2&quot;,&quot;7.13.4&quot;,&quot;7.13.6&quot;,&quot;7.14.5&quot;,&quot;7.20.8&quot;,&quot;7.24.1&quot;,&quot;7.7.3&quot;,&quot;7.8.4&quot;,&quot;7.8.5&quot;,&quot;7.9.2&quot;,&quot;7.9.5&quot;,&quot;8.11.6&quot;,&quot;8.12.6&quot;,&quot;8.27.11&quot;,&quot;8.51.1&quot;,&quot;8.51.3&quot;,&quot;8.51.4&quot;,&quot;8.52.3&quot;,&quot;8.52.6&quot;,&quot;8.8.11&quot;,&quot;9.13.2&quot;,&quot;9.13.9&quot;,&quot;9.14.1&quot;,&quot;9.14.5&quot;,&quot;9.32.10&quot;,&quot;9.32.7&quot;]</value></Data>
<Data name="Pleiades"><value>https://pleiades.stoa.org/places/570685</value></Data>
<Data name="ToposText"><value>https://topostext.org/place/371224PSpa</value></Data>
</ExtendedData>
        <Point><coordinates>22.4237,37.0821</coordinates></Point>
      </Placemark>

      <Placemark>
        <name>Salamis (settlement)</name>
        <ExtendedData>
<Data name="name"><value>Salamis (settlement)</value></Data>
<Data name="region"><value>Attica Bk1</value></Data>
<Data name="part of"><value>Salamis (island)</value></Data>
<Data name="Wikidata"><value>https://wikidata.org/wiki/Q202422</value></Data>
<Data name="type"><value>[&quot;settlement&quot;]</value></Data>
<Data name="passages"><value>[&quot;1.35.2&quot;,&quot;1.40.5&quot;,&quot;7.6.3&quot;]</value></Data>
<Data name="Pleiades"><value>https://pleiades.stoa.org/places/580100</value></Data>
</ExtendedData>
        <Point><coordinates>23.5314735,37.947768</coordinates></Point>
      </Placemark>

      <Placemark>
        <name>Kenchrios (river)</name>
        <ExtendedData>
<Data name="name"><value>Kenchrios (river)</value></Data>
<Data name="region"><value>Asia Minor (Asia)</value></Data>
<Data name="part of"><value>Ephesos</value></Data>
<Data name="type"><value>[&quot;river&quot;,&quot;tourist attraction&quot;]</value></Data>
<Data name="passages"><value>[&quot;7.5.10&quot;]</value></Data>
<Data name="Pleiades"><value>https://pleiades.stoa.org/places/599703</value></Data>
</ExtendedData>
        <Point><coordinates>27.249999999999996,37.75</coordinates></Point>
      </Placemark>

      <Placemark>
        <name>Sanctuary of Artemis Agrotera near Aigeira</name>
        <ExtendedData>
<Data name="name"><value>Sanctuary of Artemis Agrotera near Aigeira</value></Data>
<Data name="region"><value>Achaia Bk7</value></Data>
<Data name="part of"><value>Aigeira (Achaia)</value></Data>
<Data name="Wikidata"><value>https://wikidata.org/wiki/Q134037150</value></Data>
<Data name="type"><value>[&quot;hieron&quot;]</value></Data>
<Data name="passages"><value>[&quot;7.26.3&quot;]</value></Data>
</ExtendedData>
        <Point><coordinates>22.3566,38.1434</coordinates></Point>
      </Placemark>

      <Placemark>
        <name>Eretria (Euboea)</name>
        <ExtendedData>
<Data name="name"><value>Eretria (Euboea)</value></Data>
<Data name="region"><value>Euboea (island)</value></Data>
<Data name="part of"><value>Euboea (island)</value></Data>
<Data name="Wikidata"><value>https://wikidata.org/wiki/Q16562724</value></Data>
<Data name="type"><value>[&quot;chora/region&quot;]</value></Data>
<Data name="passages"><value>[&quot;4.2.3&quot;,&quot;5.13.5&quot;,&quot;7.10.2&quot;,&quot;7.8.1&quot;]</value></Data>
<Data name="Pleiades"><value>https://pleiades.stoa.org/places/579925</value></Data>
<Data name="ToposText"><value>https://topostext.org/place/384238PEre</value></Data>
</ExtendedData>
        <Point><coordinates>23.790499999999998,38.3982</coordinates></Point>
      </Placemark>

      <Placemark>
        <name>Eretria (Euboea)</name>
        <ExtendedData>
<Data name="name"><value>Eretria (Euboea)</value></Data>
<Data name="region"><value>Euboea (island)</value></Data>
<Data name="part of"><value>Euboea (island)</value></Data>
<Data name="Wikidata"><value>https://wikidata.org/wiki/Q16562724</value></Data>
<Data name="type"><value>[&quot;chora/region&quot;]</value></Data>
<Data name="passages"><value>[&quot;4.2.3&quot;,&quot;5.13.5&quot;,&quot;7.10.2&quot;,&quot;7.8.1&quot;]</value></Data>
<Data name="Pleiades"><value>https://pleiades.stoa.org/places/579925</value></Data>
<Data name="ToposText"><value>https://topostext.org/place/384238PEre</value></Data>
</ExtendedData>
        <Point><coordinates>23.790499999999998,38.3982</coordinates></Point>
      </Placemark>

      <Placemark>
        <name>Sicilia (island)</name>
        <ExtendedData>
<Data name="name"><value>Sicilia (island)</value></Data>
<Data name="region"><value></value></Data>
<Data name="part of"><value>Roman empire</value></Data>
<Data name="Wikidata"><value>https://wikidata.org/wiki/Q4951156</value></Data>
<Data name="type"><value>[&quot;island&quot;]</value></Data>
<Data name="passages"><value>[&quot;1.12.5&quot;,&quot;1.13.1&quot;,&quot;1.2.3&quot;,&quot;1.21.4&quot;,&quot;1.29.11&quot;,&quot;1.29.13&quot;,&quot;10.11.3&quot;,&quot;10.15.5&quot;,&quot;10.15.6&quot;,&quot;2.2.5&quot;,&quot;2.22.9&quot;,&quot;3.16.4&quot;,&quot;3.16.5&quot;,&quot;4.23.6&quot;,&quot;4.26.2&quot;,&quot;4.26.5&quot;,&quot;4.36.4&quot;,&quot;5.23.6&quot;,&quot;5.25.5&quot;,&quot;5.25.6&quot;,&quot;5.27.1&quot;,&quot;5.7.3&quot;,&quot;6.12.3&quot;,&quot;6.13.8&quot;,&quot;6.26.4&quot;,&quot;6.4.3&quot;,&quot;6.6.7&quot;,&quot;6.9.4&quot;,&quot;6.9.5&quot;,&quot;7.16.5&quot;,&quot;7.4.6&quot;,&quot;7.4.7&quot;,&quot;8.11.12&quot;,&quot;8.12.8&quot;,&quot;8.24.6&quot;,&quot;8.42.8&quot;,&quot;8.46.2&quot;,&quot;8.8.6&quot;,&quot;9.40.4&quot;]</value></Data>
<Data name="Pleiades"><value>https://pleiades.stoa.org/places/462492</value></Data>
</ExtendedData>
        <Point><coordinates>14.08648465,37.53667612</coordinates></Point>
      </Placemark>

      <Placemark>
        <name>Sicilia (island)</name>
        <ExtendedData>
<Data name="name"><value>Sicilia (island)</value></Data>
<Data name="region"><value></value></Data>
<Data name="part of"><value>Roman empire</value></Data>
<Data name="Wikidata"><value>https://wikidata.org/wiki/Q4951156</value></Data>
<Data name="type"><value>[&quot;island&quot;]</value></Data>
<Data name="passages"><value>[&quot;1.12.5&quot;,&quot;1.13.1&quot;,&quot;1.2.3&quot;,&quot;1.21.4&quot;,&quot;1.29.11&quot;,&quot;1.29.13&quot;,&quot;10.11.3&quot;,&quot;10.15.5&quot;,&quot;10.15.6&quot;,&quot;2.2.5&quot;,&quot;2.22.9&quot;,&quot;3.16.4&quot;,&quot;3.16.5&quot;,&quot;4.23.6&quot;,&quot;4.26.2&quot;,&quot;4.26.5&quot;,&quot;4.36.4&quot;,&quot;5.23.6&quot;,&quot;5.25.5&quot;,&quot;5.25.6&quot;,&quot;5.27.1&quot;,&quot;5.7.3&quot;,&quot;6.12.3&quot;,&quot;6.13.8&quot;,&quot;6.26.4&quot;,&quot;6.4.3&quot;,&quot;6.6.7&quot;,&quot;6.9.4&quot;,&quot;6.9.5&quot;,&quot;7.16.5&quot;,&quot;7.4.6&quot;,&quot;7.4.7&quot;,&quot;8.11.12&quot;,&quot;8.12.8&quot;,&quot;8.24.6&quot;,&quot;8.42.8&quot;,&quot;8.46.2&quot;,&quot;8.8.6&quot;,&quot;9.40.4&quot;]</value></Data>
<Data name="Pleiades"><value>https://pleiades.stoa.org/places/462492</value></Data>
</ExtendedData>
        <Point><coordinates>14.08648465,37.53667612</coordinates></Point>
      </Placemark>

      <Placemark>
        <name>Sicilia (island)</name>
        <ExtendedData>
<Data name="name"><value>Sicilia (island)</value></Data>
<Data name="region"><value></value></Data>
<Data name="part of"><value>Roman empire</value></Data>
<Data name="Wikidata"><value>https://wikidata.org/wiki/Q4951156</value></Data>
<Data name="type"><value>[&quot;island&quot;]</value></Data>
<Data name="passages"><value>[&quot;1.12.5&quot;,&quot;1.13.1&quot;,&quot;1.2.3&quot;,&quot;1.21.4&quot;,&quot;1.29.11&quot;,&quot;1.29.13&quot;,&quot;10.11.3&quot;,&quot;10.15.5&quot;,&quot;10.15.6&quot;,&quot;2.2.5&quot;,&quot;2.22.9&quot;,&quot;3.16.4&quot;,&quot;3.16.5&quot;,&quot;4.23.6&quot;,&quot;4.26.2&quot;,&quot;4.26.5&quot;,&quot;4.36.4&quot;,&quot;5.23.6&quot;,&quot;5.25.5&quot;,&quot;5.25.6&quot;,&quot;5.27.1&quot;,&quot;5.7.3&quot;,&quot;6.12.3&quot;,&quot;6.13.8&quot;,&quot;6.26.4&quot;,&quot;6.4.3&quot;,&quot;6.6.7&quot;,&quot;6.9.4&quot;,&quot;6.9.5&quot;,&quot;7.16.5&quot;,&quot;7.4.6&quot;,&quot;7.4.7&quot;,&quot;8.11.12&quot;,&quot;8.12.8&quot;,&quot;8.24.6&quot;,&quot;8.42.8&quot;,&quot;8.46.2&quot;,&quot;8.8.6&quot;,&quot;9.40.4&quot;]</value></Data>
<Data name="Pleiades"><value>https://pleiades.stoa.org/places/462492</value></Data>
</ExtendedData>
        <Point><coordinates>14.08648465,37.53667612</coordinates></Point>
      </Placemark>

      <Placemark>
        <name>Leuktra (Boeotia)</name>
        <ExtendedData>
<Data name="name"><value>Leuktra (Boeotia)</value></Data>
<Data name="region"><value>Boiotia Bk9</value></Data>
<Data name="part of"><value>Boiotia Bk9</value></Data>
<Data name="altname"><value>Leuctra</value></Data>
<Data name="Wikidata"><value>https://wikidata.org/wiki/Q2606004</value></Data>
<Data name="type"><value>[&quot;battlefield&quot;,&quot;settlement&quot;]</value></Data>
<Data name="passages"><value>[&quot;1.13.4&quot;,&quot;1.13.5&quot;,&quot;1.29.11&quot;,&quot;1.3.4&quot;,&quot;10.11.5&quot;,&quot;3.6.1&quot;,&quot;6.3.3&quot;,&quot;7.6.8&quot;,&quot;8.27.8&quot;,&quot;8.6.2&quot;,&quot;8.8.10&quot;,&quot;9.1.8&quot;,&quot;9.13.3&quot;,&quot;9.13.4&quot;,&quot;9.13.5&quot;,&quot;9.14.1&quot;,&quot;9.14.3&quot;,&quot;9.16.5&quot;,&quot;9.6.4&quot;,&quot;9.6.5&quot;]</value></Data>
<Data name="Pleiades"><value>https://pleiades.stoa.org/places/540913</value></Data>
<Data name="ToposText"><value>https://topostext.org/place/383231ULeu</value></Data>
</ExtendedData>
        <Point><coordinates>23.1743,38.2647</coordinates></Point>
      </Placemark>

      <Placemark>
        <name>Opikoi</name>
        <ExtendedData>
<Data name="name"><value>Opikoi</value></Data>
<Data name="region"><value>Italia (Europe)</value></Data>
<Data name="part of"><value>Campania</value></Data>
<Data name="location"><value>Campania</value></Data>
<Data name="altname"><value>ancient people of Campania</value></Data>
<Data name="Wikidata"><value>https://wikidata.org/wiki/Q3884171</value></Data>
<Data name="type"><value>[&quot;chora/region&quot;]</value></Data>
<Data name="passages"><value>[&quot;7.22.8&quot;]</value></Data>
<Data name="Pleiades"><value>https://pleiades.stoa.org/places/438797</value></Data>
</ExtendedData>
        <Point><coordinates>14.25,41.25</coordinates></Point>
      </Placemark>

      <Placemark>
        <name>Chios (polity)</name>
        <ExtendedData>
<Data name="name"><value>Chios (polity)</value></Data>
<Data name="region"><value>Aegean Sea (Hellas)</value></Data>
<Data name="part of"><value>Aegean Sea (Hellas)</value></Data>
<Data name="Wikidata"><value>https://wikidata.org/wiki/Q748832</value></Data>
<Data name="type"><value>[&quot;polis&quot;]</value></Data>
<Data name="passages"><value>[&quot;10.9.9&quot;,&quot;6.15.2&quot;,&quot;6.9.3&quot;,&quot;7.4.10&quot;]</value></Data>
<Data name="Pleiades"><value>https://pleiades.stoa.org/places/550496</value></Data>
</ExtendedData>
        <Point><coordinates>26.1342335,38.37641</coordinates></Point>
      </Placemark>

      <Placemark>
        <name>baths in Klazomenai</name>
        <ExtendedData>
<Data name="name"><value>baths in Klazomenai</value></Data>
<Data name="region"><value>Asia Minor (Asia)</value></Data>
<Data name="part of"><value>Klazomenai (earlier)</value></Data>
<Data name="location"><value>Klazomenai (earlier)</value></Data>
<Data name="type"><value>[&quot;bath&quot;]</value></Data>
<Data name="passages"><value>[&quot;7.5.11&quot;]</value></Data>
</ExtendedData>
        <Point><coordinates>26.78715,38.37322</coordinates></Point>
      </Placemark>

      <Placemark>
        <name>Harbor of Patrae</name>
        <ExtendedData>
<Data name="name"><value>Harbor of Patrae</value></Data>
<Data name="region"><value>Achaia Bk7</value></Data>
<Data name="part of"><value>Patrae</value></Data>
<Data name="location"><value>Patrae</value></Data>
<Data name="type"><value>[&quot;harbor limen&quot;]</value></Data>
<Data name="passages"><value>[&quot;7.21.7&quot;]</value></Data>
</ExtendedData>
        <Point><coordinates>21.738518,38.243265</coordinates></Point>
      </Placemark>

      <Placemark>
        <name>sanctuary of Demeter near grove at Patrae</name>
        <ExtendedData>
<Data name="name"><value>sanctuary of Demeter near grove at Patrae</value></Data>
<Data name="region"><value>Achaia Bk7</value></Data>
<Data name="part of"><value>Patrae</value></Data>
<Data name="location"><value>Patrae</value></Data>
<Data name="Wikidata"><value>https://wikidata.org/wiki/Q134036795</value></Data>
<Data name="type"><value>[&quot;hieron&quot;]</value></Data>
<Data name="passages"><value>[&quot;7.21.11&quot;]</value></Data>
</ExtendedData>
        <Point><coordinates>21.738518,38.243265</coordinates></Point>
      </Placemark>

      <Placemark>
        <name>Springs of Krathis river on Mt. Krathis</name>
        <ExtendedData>
<Data name="name"><value>Springs of Krathis river on Mt. Krathis</value></Data>
<Data name="region"><value>Achaia Bk7</value></Data>
<Data name="part of"><value>Krathis Mt. (Achaia)</value></Data>
<Data name="location"><value>Krathis Mt. (Achaia)</value></Data>
<Data name="type"><value>[&quot;spring pege&quot;]</value></Data>
<Data name="passages"><value>[&quot;7.25.11&quot;]</value></Data>
</ExtendedData>
        <Point><coordinates>22.249,37.996</coordinates></Point>
      </Placemark>

      <Placemark>
        <name>Gates of Didyma</name>
        <ExtendedData>
<Data name="name"><value>Gates of Didyma</value></Data>
<Data name="region"><value>Asia Minor (Asia)</value></Data>
<Data name="part of"><value>Didyma Apollo sanctuary</value></Data>
<Data name="location"><value>Didyma Apollo sanctuary</value></Data>
<Data name="type"><value>[&quot;gate&quot;]</value></Data>
<Data name="passages"><value>[&quot;7.2.6&quot;]</value></Data>
</ExtendedData>
        <Point><coordinates>27.256115000000005,37.384829</coordinates></Point>
      </Placemark>

      <Placemark>
        <name>Port of Erythrai in Ionia</name>
        <ExtendedData>
<Data name="name"><value>Port of Erythrai in Ionia</value></Data>
<Data name="region"><value>Asia Minor (Asia)</value></Data>
<Data name="part of"><value>Erythrai</value></Data>
<Data name="location"><value>Erythrai</value></Data>
<Data name="type"><value>[&quot;harbor limen&quot;]</value></Data>
<Data name="passages"><value>[&quot;7.5.6&quot;]</value></Data>
</ExtendedData>
        <Point><coordinates>26.48103,38.38122</coordinates></Point>
      </Placemark>

      <Placemark>
        <name>Rhypes sanct. (Achaia)</name>
        <ExtendedData>
<Data name="name"><value>Rhypes sanct. (Achaia)</value></Data>
<Data name="region"><value>Achaia Bk7</value></Data>
<Data name="part of"><value>Achaia Bk7</value></Data>
<Data name="Wikidata"><value>https://wikidata.org/wiki/Q2148349</value></Data>
<Data name="type"><value>[&quot;hieron&quot;]</value></Data>
<Data name="passages"><value>[&quot;7.23.4&quot;]</value></Data>
<Data name="ToposText"><value>https://topostext.org/place/382220URhy</value></Data>
</ExtendedData>
        <Point><coordinates>22.0299,38.2197</coordinates></Point>
      </Placemark>

      <Placemark>
        <name>Olympia</name>
        <ExtendedData>
<Data name="name"><value>Olympia</value></Data>
<Data name="region"><value>Eleia Bk5 Bk6</value></Data>
<Data name="part of"><value>Pisa (Eleia)</value></Data>
<Data name="altname"><value>Sanctuary of Olympian Zeus in Pisatis</value></Data>
<Data name="Wikidata"><value>https://wikidata.org/wiki/Q38888</value></Data>
<Data name="type"><value>[&quot;hieron&quot;]</value></Data>
<Data name="passages"><value>[&quot;1.28.1&quot;,&quot;1.35.6&quot;,&quot;1.44.1&quot;,&quot;10.14.5&quot;,&quot;10.37.4&quot;,&quot;10.38.8&quot;,&quot;10.7.5&quot;,&quot;10.9.4&quot;,&quot;2.11.8&quot;,&quot;2.5.7&quot;,&quot;2.7.2&quot;,&quot;3.8.3&quot;,&quot;3.8.4&quot;,&quot;3.8.5&quot;,&quot;4.31.6&quot;,&quot;5.1.4&quot;,&quot;5.1.7&quot;,&quot;5.10.1&quot;,&quot;5.10.3&quot;,&quot;5.10.4&quot;,&quot;5.10.5&quot;,&quot;5.10.7&quot;,&quot;5.10.9&quot;,&quot;5.11.10&quot;,&quot;5.11.4&quot;,&quot;5.11.9&quot;,&quot;5.12.4&quot;,&quot;5.12.5&quot;,&quot;5.12.8&quot;,&quot;5.13.1&quot;,&quot;5.13.10&quot;,&quot;5.13.9&quot;,&quot;5.14.1&quot;,&quot;5.14.2&quot;,&quot;5.14.4&quot;,&quot;5.15.12&quot;,&quot;5.15.3&quot;,&quot;5.16.8&quot;,&quot;5.17.5&quot;,&quot;5.2.3&quot;,&quot;5.2.5&quot;,&quot;5.20.6&quot;,&quot;5.21.16&quot;,&quot;5.23.3&quot;,&quot;5.23.6&quot;,&quot;5.24.4&quot;,&quot;5.24.6&quot;,&quot;5.24.8&quot;,&quot;5.25.12&quot;,&quot;5.25.13&quot;,&quot;5.25.4&quot;,&quot;5.25.5&quot;,&quot;5.25.7&quot;,&quot;5.26.1&quot;,&quot;5.26.4&quot;,&quot;5.26.5&quot;,&quot;5.26.7&quot;,&quot;5.27.1&quot;,&quot;5.27.2&quot;,&quot;5.27.9&quot;,&quot;5.4.4&quot;,&quot;5.4.5&quot;,&quot;5.4.6&quot;,&quot;5.4.7&quot;,&quot;5.4.8&quot;,&quot;5.5.3&quot;,&quot;5.6.1&quot;,&quot;5.6.7&quot;,&quot;5.6.8&quot;,&quot;5.7.1&quot;,&quot;5.7.10&quot;,&quot;5.7.6&quot;,&quot;5.7.9&quot;,&quot;5.8.1&quot;,&quot;5.8.2&quot;,&quot;5.8.5&quot;,&quot;5.8.6&quot;,&quot;5.9.1&quot;,&quot;5.9.4&quot;,&quot;6.1.6&quot;,&quot;6.10.2&quot;,&quot;6.10.4&quot;,&quot;6.10.8&quot;,&quot;6.12.4&quot;,&quot;6.12.5&quot;,&quot;6.12.6&quot;,&quot;6.12.7&quot;,&quot;6.12.8&quot;,&quot;6.13.11&quot;,&quot;6.13.2&quot;,&quot;6.13.3&quot;,&quot;6.13.5&quot;,&quot;6.13.6&quot;,&quot;6.13.8&quot;,&quot;6.14.1&quot;,&quot;6.14.10&quot;,&quot;6.14.13&quot;,&quot;6.14.2&quot;,&quot;6.14.3&quot;,&quot;6.14.5&quot;,&quot;6.15.1&quot;,&quot;6.15.2&quot;,&quot;6.15.3&quot;,&quot;6.15.6&quot;,&quot;6.15.9&quot;,&quot;6.16.1&quot;,&quot;6.16.4&quot;,&quot;6.16.5&quot;,&quot;6.16.8&quot;,&quot;6.16.9&quot;,&quot;6.17.2&quot;,&quot;6.17.7&quot;,&quot;6.18.1&quot;,&quot;6.18.2&quot;,&quot;6.18.7&quot;,&quot;6.19.1&quot;,&quot;6.19.10&quot;,&quot;6.19.14&quot;,&quot;6.19.4&quot;,&quot;6.2.10&quot;,&quot;6.2.2&quot;,&quot;6.2.6&quot;,&quot;6.20.14&quot;,&quot;6.20.19&quot;,&quot;6.20.2&quot;,&quot;6.20.7&quot;,&quot;6.21.2&quot;,&quot;6.22.5&quot;,&quot;6.22.7&quot;,&quot;6.23.1&quot;,&quot;6.23.6&quot;,&quot;6.3.11&quot;,&quot;6.3.14&quot;,&quot;6.3.15&quot;,&quot;6.3.2&quot;,&quot;6.3.9&quot;,&quot;6.4.11&quot;,&quot;6.4.2&quot;,&quot;6.4.5&quot;,&quot;6.4.6&quot;,&quot;6.4.9&quot;,&quot;6.5.7&quot;,&quot;6.6.1&quot;,&quot;6.6.3&quot;,&quot;6.6.5&quot;,&quot;6.7.10&quot;,&quot;6.7.3&quot;,&quot;6.7.8&quot;,&quot;6.8.1&quot;,&quot;6.8.2&quot;,&quot;6.8.3&quot;,&quot;6.8.6&quot;,&quot;6.9.3&quot;,&quot;7.17.13&quot;,&quot;7.17.14&quot;,&quot;7.17.6&quot;,&quot;7.23.5&quot;,&quot;7.27.5&quot;,&quot;7.27.6&quot;,&quot;7.6.4&quot;,&quot;8.1.2&quot;,&quot;8.19.1&quot;,&quot;8.42.9&quot;,&quot;8.48.1&quot;,&quot;8.48.2&quot;,&quot;8.50.3&quot;,&quot;8.54.3&quot;,&quot;9.23.1&quot;,&quot;9.7.5&quot;]</value></Data>
<Data name="Manto"><value>https://resource.manto.unh.edu/10217933</value></Data>
<Data name="Pleiades"><value>https://pleiades.stoa.org/places/570531</value></Data>
</ExtendedData>
        <Point><coordinates>21.630126,37.637849</coordinates></Point>
      </Placemark>

      <Placemark>
        <name>Olympia</name>
        <ExtendedData>
<Data name="name"><value>Olympia</value></Data>
<Data name="region"><value>Eleia Bk5 Bk6</value></Data>
<Data name="part of"><value>Pisa (Eleia)</value></Data>
<Data name="altname"><value>Sanctuary of Olympian Zeus in Pisatis</value></Data>
<Data name="Wikidata"><value>https://wikidata.org/wiki/Q38888</value></Data>
<Data name="type"><value>[&quot;hieron&quot;]</value></Data>
<Data name="passages"><value>[&quot;1.28.1&quot;,&quot;1.35.6&quot;,&quot;1.44.1&quot;,&quot;10.14.5&quot;,&quot;10.37.4&quot;,&quot;10.38.8&quot;,&quot;10.7.5&quot;,&quot;10.9.4&quot;,&quot;2.11.8&quot;,&quot;2.5.7&quot;,&quot;2.7.2&quot;,&quot;3.8.3&quot;,&quot;3.8.4&quot;,&quot;3.8.5&quot;,&quot;4.31.6&quot;,&quot;5.1.4&quot;,&quot;5.1.7&quot;,&quot;5.10.1&quot;,&quot;5.10.3&quot;,&quot;5.10.4&quot;,&quot;5.10.5&quot;,&quot;5.10.7&quot;,&quot;5.10.9&quot;,&quot;5.11.10&quot;,&quot;5.11.4&quot;,&quot;5.11.9&quot;,&quot;5.12.4&quot;,&quot;5.12.5&quot;,&quot;5.12.8&quot;,&quot;5.13.1&quot;,&quot;5.13.10&quot;,&quot;5.13.9&quot;,&quot;5.14.1&quot;,&quot;5.14.2&quot;,&quot;5.14.4&quot;,&quot;5.15.12&quot;,&quot;5.15.3&quot;,&quot;5.16.8&quot;,&quot;5.17.5&quot;,&quot;5.2.3&quot;,&quot;5.2.5&quot;,&quot;5.20.6&quot;,&quot;5.21.16&quot;,&quot;5.23.3&quot;,&quot;5.23.6&quot;,&quot;5.24.4&quot;,&quot;5.24.6&quot;,&quot;5.24.8&quot;,&quot;5.25.12&quot;,&quot;5.25.13&quot;,&quot;5.25.4&quot;,&quot;5.25.5&quot;,&quot;5.25.7&quot;,&quot;5.26.1&quot;,&quot;5.26.4&quot;,&quot;5.26.5&quot;,&quot;5.26.7&quot;,&quot;5.27.1&quot;,&quot;5.27.2&quot;,&quot;5.27.9&quot;,&quot;5.4.4&quot;,&quot;5.4.5&quot;,&quot;5.4.6&quot;,&quot;5.4.7&quot;,&quot;5.4.8&quot;,&quot;5.5.3&quot;,&quot;5.6.1&quot;,&quot;5.6.7&quot;,&quot;5.6.8&quot;,&quot;5.7.1&quot;,&quot;5.7.10&quot;,&quot;5.7.6&quot;,&quot;5.7.9&quot;,&quot;5.8.1&quot;,&quot;5.8.2&quot;,&quot;5.8.5&quot;,&quot;5.8.6&quot;,&quot;5.9.1&quot;,&quot;5.9.4&quot;,&quot;6.1.6&quot;,&quot;6.10.2&quot;,&quot;6.10.4&quot;,&quot;6.10.8&quot;,&quot;6.12.4&quot;,&quot;6.12.5&quot;,&quot;6.12.6&quot;,&quot;6.12.7&quot;,&quot;6.12.8&quot;,&quot;6.13.11&quot;,&quot;6.13.2&quot;,&quot;6.13.3&quot;,&quot;6.13.5&quot;,&quot;6.13.6&quot;,&quot;6.13.8&quot;,&quot;6.14.1&quot;,&quot;6.14.10&quot;,&quot;6.14.13&quot;,&quot;6.14.2&quot;,&quot;6.14.3&quot;,&quot;6.14.5&quot;,&quot;6.15.1&quot;,&quot;6.15.2&quot;,&quot;6.15.3&quot;,&quot;6.15.6&quot;,&quot;6.15.9&quot;,&quot;6.16.1&quot;,&quot;6.16.4&quot;,&quot;6.16.5&quot;,&quot;6.16.8&quot;,&quot;6.16.9&quot;,&quot;6.17.2&quot;,&quot;6.17.7&quot;,&quot;6.18.1&quot;,&quot;6.18.2&quot;,&quot;6.18.7&quot;,&quot;6.19.1&quot;,&quot;6.19.10&quot;,&quot;6.19.14&quot;,&quot;6.19.4&quot;,&quot;6.2.10&quot;,&quot;6.2.2&quot;,&quot;6.2.6&quot;,&quot;6.20.14&quot;,&quot;6.20.19&quot;,&quot;6.20.2&quot;,&quot;6.20.7&quot;,&quot;6.21.2&quot;,&quot;6.22.5&quot;,&quot;6.22.7&quot;,&quot;6.23.1&quot;,&quot;6.23.6&quot;,&quot;6.3.11&quot;,&quot;6.3.14&quot;,&quot;6.3.15&quot;,&quot;6.3.2&quot;,&quot;6.3.9&quot;,&quot;6.4.11&quot;,&quot;6.4.2&quot;,&quot;6.4.5&quot;,&quot;6.4.6&quot;,&quot;6.4.9&quot;,&quot;6.5.7&quot;,&quot;6.6.1&quot;,&quot;6.6.3&quot;,&quot;6.6.5&quot;,&quot;6.7.10&quot;,&quot;6.7.3&quot;,&quot;6.7.8&quot;,&quot;6.8.1&quot;,&quot;6.8.2&quot;,&quot;6.8.3&quot;,&quot;6.8.6&quot;,&quot;6.9.3&quot;,&quot;7.17.13&quot;,&quot;7.17.14&quot;,&quot;7.17.6&quot;,&quot;7.23.5&quot;,&quot;7.27.5&quot;,&quot;7.27.6&quot;,&quot;7.6.4&quot;,&quot;8.1.2&quot;,&quot;8.19.1&quot;,&quot;8.42.9&quot;,&quot;8.48.1&quot;,&quot;8.48.2&quot;,&quot;8.50.3&quot;,&quot;8.54.3&quot;,&quot;9.23.1&quot;,&quot;9.7.5&quot;]</value></Data>
<Data name="Manto"><value>https://resource.manto.unh.edu/10217933</value></Data>
<Data name="Pleiades"><value>https://pleiades.stoa.org/places/570531</value></Data>
</ExtendedData>
        <Point><coordinates>21.630126,37.637849</coordinates></Point>
      </Placemark>

      <Placemark>
        <name>Olympia</name>
        <ExtendedData>
<Data name="name"><value>Olympia</value></Data>
<Data name="region"><value>Eleia Bk5 Bk6</value></Data>
<Data name="part of"><value>Pisa (Eleia)</value></Data>
<Data name="altname"><value>Sanctuary of Olympian Zeus in Pisatis</value></Data>
<Data name="Wikidata"><value>https://wikidata.org/wiki/Q38888</value></Data>
<Data name="type"><value>[&quot;hieron&quot;]</value></Data>
<Data name="passages"><value>[&quot;1.28.1&quot;,&quot;1.35.6&quot;,&quot;1.44.1&quot;,&quot;10.14.5&quot;,&quot;10.37.4&quot;,&quot;10.38.8&quot;,&quot;10.7.5&quot;,&quot;10.9.4&quot;,&quot;2.11.8&quot;,&quot;2.5.7&quot;,&quot;2.7.2&quot;,&quot;3.8.3&quot;,&quot;3.8.4&quot;,&quot;3.8.5&quot;,&quot;4.31.6&quot;,&quot;5.1.4&quot;,&quot;5.1.7&quot;,&quot;5.10.1&quot;,&quot;5.10.3&quot;,&quot;5.10.4&quot;,&quot;5.10.5&quot;,&quot;5.10.7&quot;,&quot;5.10.9&quot;,&quot;5.11.10&quot;,&quot;5.11.4&quot;,&quot;5.11.9&quot;,&quot;5.12.4&quot;,&quot;5.12.5&quot;,&quot;5.12.8&quot;,&quot;5.13.1&quot;,&quot;5.13.10&quot;,&quot;5.13.9&quot;,&quot;5.14.1&quot;,&quot;5.14.2&quot;,&quot;5.14.4&quot;,&quot;5.15.12&quot;,&quot;5.15.3&quot;,&quot;5.16.8&quot;,&quot;5.17.5&quot;,&quot;5.2.3&quot;,&quot;5.2.5&quot;,&quot;5.20.6&quot;,&quot;5.21.16&quot;,&quot;5.23.3&quot;,&quot;5.23.6&quot;,&quot;5.24.4&quot;,&quot;5.24.6&quot;,&quot;5.24.8&quot;,&quot;5.25.12&quot;,&quot;5.25.13&quot;,&quot;5.25.4&quot;,&quot;5.25.5&quot;,&quot;5.25.7&quot;,&quot;5.26.1&quot;,&quot;5.26.4&quot;,&quot;5.26.5&quot;,&quot;5.26.7&quot;,&quot;5.27.1&quot;,&quot;5.27.2&quot;,&quot;5.27.9&quot;,&quot;5.4.4&quot;,&quot;5.4.5&quot;,&quot;5.4.6&quot;,&quot;5.4.7&quot;,&quot;5.4.8&quot;,&quot;5.5.3&quot;,&quot;5.6.1&quot;,&quot;5.6.7&quot;,&quot;5.6.8&quot;,&quot;5.7.1&quot;,&quot;5.7.10&quot;,&quot;5.7.6&quot;,&quot;5.7.9&quot;,&quot;5.8.1&quot;,&quot;5.8.2&quot;,&quot;5.8.5&quot;,&quot;5.8.6&quot;,&quot;5.9.1&quot;,&quot;5.9.4&quot;,&quot;6.1.6&quot;,&quot;6.10.2&quot;,&quot;6.10.4&quot;,&quot;6.10.8&quot;,&quot;6.12.4&quot;,&quot;6.12.5&quot;,&quot;6.12.6&quot;,&quot;6.12.7&quot;,&quot;6.12.8&quot;,&quot;6.13.11&quot;,&quot;6.13.2&quot;,&quot;6.13.3&quot;,&quot;6.13.5&quot;,&quot;6.13.6&quot;,&quot;6.13.8&quot;,&quot;6.14.1&quot;,&quot;6.14.10&quot;,&quot;6.14.13&quot;,&quot;6.14.2&quot;,&quot;6.14.3&quot;,&quot;6.14.5&quot;,&quot;6.15.1&quot;,&quot;6.15.2&quot;,&quot;6.15.3&quot;,&quot;6.15.6&quot;,&quot;6.15.9&quot;,&quot;6.16.1&quot;,&quot;6.16.4&quot;,&quot;6.16.5&quot;,&quot;6.16.8&quot;,&quot;6.16.9&quot;,&quot;6.17.2&quot;,&quot;6.17.7&quot;,&quot;6.18.1&quot;,&quot;6.18.2&quot;,&quot;6.18.7&quot;,&quot;6.19.1&quot;,&quot;6.19.10&quot;,&quot;6.19.14&quot;,&quot;6.19.4&quot;,&quot;6.2.10&quot;,&quot;6.2.2&quot;,&quot;6.2.6&quot;,&quot;6.20.14&quot;,&quot;6.20.19&quot;,&quot;6.20.2&quot;,&quot;6.20.7&quot;,&quot;6.21.2&quot;,&quot;6.22.5&quot;,&quot;6.22.7&quot;,&quot;6.23.1&quot;,&quot;6.23.6&quot;,&quot;6.3.11&quot;,&quot;6.3.14&quot;,&quot;6.3.15&quot;,&quot;6.3.2&quot;,&quot;6.3.9&quot;,&quot;6.4.11&quot;,&quot;6.4.2&quot;,&quot;6.4.5&quot;,&quot;6.4.6&quot;,&quot;6.4.9&quot;,&quot;6.5.7&quot;,&quot;6.6.1&quot;,&quot;6.6.3&quot;,&quot;6.6.5&quot;,&quot;6.7.10&quot;,&quot;6.7.3&quot;,&quot;6.7.8&quot;,&quot;6.8.1&quot;,&quot;6.8.2&quot;,&quot;6.8.3&quot;,&quot;6.8.6&quot;,&quot;6.9.3&quot;,&quot;7.17.13&quot;,&quot;7.17.14&quot;,&quot;7.17.6&quot;,&quot;7.23.5&quot;,&quot;7.27.5&quot;,&quot;7.27.6&quot;,&quot;7.6.4&quot;,&quot;8.1.2&quot;,&quot;8.19.1&quot;,&quot;8.42.9&quot;,&quot;8.48.1&quot;,&quot;8.48.2&quot;,&quot;8.50.3&quot;,&quot;8.54.3&quot;,&quot;9.23.1&quot;,&quot;9.7.5&quot;]</value></Data>
<Data name="Manto"><value>https://resource.manto.unh.edu/10217933</value></Data>
<Data name="Pleiades"><value>https://pleiades.stoa.org/places/570531</value></Data>
</ExtendedData>
        <Point><coordinates>21.630126,37.637849</coordinates></Point>
      </Placemark>

      <Placemark>
        <name>Olympia</name>
        <ExtendedData>
<Data name="name"><value>Olympia</value></Data>
<Data name="region"><value>Eleia Bk5 Bk6</value></Data>
<Data name="part of"><value>Pisa (Eleia)</value></Data>
<Data name="altname"><value>Sanctuary of Olympian Zeus in Pisatis</value></Data>
<Data name="Wikidata"><value>https://wikidata.org/wiki/Q38888</value></Data>
<Data name="type"><value>[&quot;hieron&quot;]</value></Data>
<Data name="passages"><value>[&quot;1.28.1&quot;,&quot;1.35.6&quot;,&quot;1.44.1&quot;,&quot;10.14.5&quot;,&quot;10.37.4&quot;,&quot;10.38.8&quot;,&quot;10.7.5&quot;,&quot;10.9.4&quot;,&quot;2.11.8&quot;,&quot;2.5.7&quot;,&quot;2.7.2&quot;,&quot;3.8.3&quot;,&quot;3.8.4&quot;,&quot;3.8.5&quot;,&quot;4.31.6&quot;,&quot;5.1.4&quot;,&quot;5.1.7&quot;,&quot;5.10.1&quot;,&quot;5.10.3&quot;,&quot;5.10.4&quot;,&quot;5.10.5&quot;,&quot;5.10.7&quot;,&quot;5.10.9&quot;,&quot;5.11.10&quot;,&quot;5.11.4&quot;,&quot;5.11.9&quot;,&quot;5.12.4&quot;,&quot;5.12.5&quot;,&quot;5.12.8&quot;,&quot;5.13.1&quot;,&quot;5.13.10&quot;,&quot;5.13.9&quot;,&quot;5.14.1&quot;,&quot;5.14.2&quot;,&quot;5.14.4&quot;,&quot;5.15.12&quot;,&quot;5.15.3&quot;,&quot;5.16.8&quot;,&quot;5.17.5&quot;,&quot;5.2.3&quot;,&quot;5.2.5&quot;,&quot;5.20.6&quot;,&quot;5.21.16&quot;,&quot;5.23.3&quot;,&quot;5.23.6&quot;,&quot;5.24.4&quot;,&quot;5.24.6&quot;,&quot;5.24.8&quot;,&quot;5.25.12&quot;,&quot;5.25.13&quot;,&quot;5.25.4&quot;,&quot;5.25.5&quot;,&quot;5.25.7&quot;,&quot;5.26.1&quot;,&quot;5.26.4&quot;,&quot;5.26.5&quot;,&quot;5.26.7&quot;,&quot;5.27.1&quot;,&quot;5.27.2&quot;,&quot;5.27.9&quot;,&quot;5.4.4&quot;,&quot;5.4.5&quot;,&quot;5.4.6&quot;,&quot;5.4.7&quot;,&quot;5.4.8&quot;,&quot;5.5.3&quot;,&quot;5.6.1&quot;,&quot;5.6.7&quot;,&quot;5.6.8&quot;,&quot;5.7.1&quot;,&quot;5.7.10&quot;,&quot;5.7.6&quot;,&quot;5.7.9&quot;,&quot;5.8.1&quot;,&quot;5.8.2&quot;,&quot;5.8.5&quot;,&quot;5.8.6&quot;,&quot;5.9.1&quot;,&quot;5.9.4&quot;,&quot;6.1.6&quot;,&quot;6.10.2&quot;,&quot;6.10.4&quot;,&quot;6.10.8&quot;,&quot;6.12.4&quot;,&quot;6.12.5&quot;,&quot;6.12.6&quot;,&quot;6.12.7&quot;,&quot;6.12.8&quot;,&quot;6.13.11&quot;,&quot;6.13.2&quot;,&quot;6.13.3&quot;,&quot;6.13.5&quot;,&quot;6.13.6&quot;,&quot;6.13.8&quot;,&quot;6.14.1&quot;,&quot;6.14.10&quot;,&quot;6.14.13&quot;,&quot;6.14.2&quot;,&quot;6.14.3&quot;,&quot;6.14.5&quot;,&quot;6.15.1&quot;,&quot;6.15.2&quot;,&quot;6.15.3&quot;,&quot;6.15.6&quot;,&quot;6.15.9&quot;,&quot;6.16.1&quot;,&quot;6.16.4&quot;,&quot;6.16.5&quot;,&quot;6.16.8&quot;,&quot;6.16.9&quot;,&quot;6.17.2&quot;,&quot;6.17.7&quot;,&quot;6.18.1&quot;,&quot;6.18.2&quot;,&quot;6.18.7&quot;,&quot;6.19.1&quot;,&quot;6.19.10&quot;,&quot;6.19.14&quot;,&quot;6.19.4&quot;,&quot;6.2.10&quot;,&quot;6.2.2&quot;,&quot;6.2.6&quot;,&quot;6.20.14&quot;,&quot;6.20.19&quot;,&quot;6.20.2&quot;,&quot;6.20.7&quot;,&quot;6.21.2&quot;,&quot;6.22.5&quot;,&quot;6.22.7&quot;,&quot;6.23.1&quot;,&quot;6.23.6&quot;,&quot;6.3.11&quot;,&quot;6.3.14&quot;,&quot;6.3.15&quot;,&quot;6.3.2&quot;,&quot;6.3.9&quot;,&quot;6.4.11&quot;,&quot;6.4.2&quot;,&quot;6.4.5&quot;,&quot;6.4.6&quot;,&quot;6.4.9&quot;,&quot;6.5.7&quot;,&quot;6.6.1&quot;,&quot;6.6.3&quot;,&quot;6.6.5&quot;,&quot;6.7.10&quot;,&quot;6.7.3&quot;,&quot;6.7.8&quot;,&quot;6.8.1&quot;,&quot;6.8.2&quot;,&quot;6.8.3&quot;,&quot;6.8.6&quot;,&quot;6.9.3&quot;,&quot;7.17.13&quot;,&quot;7.17.14&quot;,&quot;7.17.6&quot;,&quot;7.23.5&quot;,&quot;7.27.5&quot;,&quot;7.27.6&quot;,&quot;7.6.4&quot;,&quot;8.1.2&quot;,&quot;8.19.1&quot;,&quot;8.42.9&quot;,&quot;8.48.1&quot;,&quot;8.48.2&quot;,&quot;8.50.3&quot;,&quot;8.54.3&quot;,&quot;9.23.1&quot;,&quot;9.7.5&quot;]</value></Data>
<Data name="Manto"><value>https://resource.manto.unh.edu/10217933</value></Data>
<Data name="Pleiades"><value>https://pleiades.stoa.org/places/570531</value></Data>
</ExtendedData>
        <Point><coordinates>21.630126,37.637849</coordinates></Point>
      </Placemark>

      <Placemark>
        <name>Olympia</name>
        <ExtendedData>
<Data name="name"><value>Olympia</value></Data>
<Data name="region"><value>Eleia Bk5 Bk6</value></Data>
<Data name="part of"><value>Pisa (Eleia)</value></Data>
<Data name="altname"><value>Sanctuary of Olympian Zeus in Pisatis</value></Data>
<Data name="Wikidata"><value>https://wikidata.org/wiki/Q38888</value></Data>
<Data name="type"><value>[&quot;hieron&quot;]</value></Data>
<Data name="passages"><value>[&quot;1.28.1&quot;,&quot;1.35.6&quot;,&quot;1.44.1&quot;,&quot;10.14.5&quot;,&quot;10.37.4&quot;,&quot;10.38.8&quot;,&quot;10.7.5&quot;,&quot;10.9.4&quot;,&quot;2.11.8&quot;,&quot;2.5.7&quot;,&quot;2.7.2&quot;,&quot;3.8.3&quot;,&quot;3.8.4&quot;,&quot;3.8.5&quot;,&quot;4.31.6&quot;,&quot;5.1.4&quot;,&quot;5.1.7&quot;,&quot;5.10.1&quot;,&quot;5.10.3&quot;,&quot;5.10.4&quot;,&quot;5.10.5&quot;,&quot;5.10.7&quot;,&quot;5.10.9&quot;,&quot;5.11.10&quot;,&quot;5.11.4&quot;,&quot;5.11.9&quot;,&quot;5.12.4&quot;,&quot;5.12.5&quot;,&quot;5.12.8&quot;,&quot;5.13.1&quot;,&quot;5.13.10&quot;,&quot;5.13.9&quot;,&quot;5.14.1&quot;,&quot;5.14.2&quot;,&quot;5.14.4&quot;,&quot;5.15.12&quot;,&quot;5.15.3&quot;,&quot;5.16.8&quot;,&quot;5.17.5&quot;,&quot;5.2.3&quot;,&quot;5.2.5&quot;,&quot;5.20.6&quot;,&quot;5.21.16&quot;,&quot;5.23.3&quot;,&quot;5.23.6&quot;,&quot;5.24.4&quot;,&quot;5.24.6&quot;,&quot;5.24.8&quot;,&quot;5.25.12&quot;,&quot;5.25.13&quot;,&quot;5.25.4&quot;,&quot;5.25.5&quot;,&quot;5.25.7&quot;,&quot;5.26.1&quot;,&quot;5.26.4&quot;,&quot;5.26.5&quot;,&quot;5.26.7&quot;,&quot;5.27.1&quot;,&quot;5.27.2&quot;,&quot;5.27.9&quot;,&quot;5.4.4&quot;,&quot;5.4.5&quot;,&quot;5.4.6&quot;,&quot;5.4.7&quot;,&quot;5.4.8&quot;,&quot;5.5.3&quot;,&quot;5.6.1&quot;,&quot;5.6.7&quot;,&quot;5.6.8&quot;,&quot;5.7.1&quot;,&quot;5.7.10&quot;,&quot;5.7.6&quot;,&quot;5.7.9&quot;,&quot;5.8.1&quot;,&quot;5.8.2&quot;,&quot;5.8.5&quot;,&quot;5.8.6&quot;,&quot;5.9.1&quot;,&quot;5.9.4&quot;,&quot;6.1.6&quot;,&quot;6.10.2&quot;,&quot;6.10.4&quot;,&quot;6.10.8&quot;,&quot;6.12.4&quot;,&quot;6.12.5&quot;,&quot;6.12.6&quot;,&quot;6.12.7&quot;,&quot;6.12.8&quot;,&quot;6.13.11&quot;,&quot;6.13.2&quot;,&quot;6.13.3&quot;,&quot;6.13.5&quot;,&quot;6.13.6&quot;,&quot;6.13.8&quot;,&quot;6.14.1&quot;,&quot;6.14.10&quot;,&quot;6.14.13&quot;,&quot;6.14.2&quot;,&quot;6.14.3&quot;,&quot;6.14.5&quot;,&quot;6.15.1&quot;,&quot;6.15.2&quot;,&quot;6.15.3&quot;,&quot;6.15.6&quot;,&quot;6.15.9&quot;,&quot;6.16.1&quot;,&quot;6.16.4&quot;,&quot;6.16.5&quot;,&quot;6.16.8&quot;,&quot;6.16.9&quot;,&quot;6.17.2&quot;,&quot;6.17.7&quot;,&quot;6.18.1&quot;,&quot;6.18.2&quot;,&quot;6.18.7&quot;,&quot;6.19.1&quot;,&quot;6.19.10&quot;,&quot;6.19.14&quot;,&quot;6.19.4&quot;,&quot;6.2.10&quot;,&quot;6.2.2&quot;,&quot;6.2.6&quot;,&quot;6.20.14&quot;,&quot;6.20.19&quot;,&quot;6.20.2&quot;,&quot;6.20.7&quot;,&quot;6.21.2&quot;,&quot;6.22.5&quot;,&quot;6.22.7&quot;,&quot;6.23.1&quot;,&quot;6.23.6&quot;,&quot;6.3.11&quot;,&quot;6.3.14&quot;,&quot;6.3.15&quot;,&quot;6.3.2&quot;,&quot;6.3.9&quot;,&quot;6.4.11&quot;,&quot;6.4.2&quot;,&quot;6.4.5&quot;,&quot;6.4.6&quot;,&quot;6.4.9&quot;,&quot;6.5.7&quot;,&quot;6.6.1&quot;,&quot;6.6.3&quot;,&quot;6.6.5&quot;,&quot;6.7.10&quot;,&quot;6.7.3&quot;,&quot;6.7.8&quot;,&quot;6.8.1&quot;,&quot;6.8.2&quot;,&quot;6.8.3&quot;,&quot;6.8.6&quot;,&quot;6.9.3&quot;,&quot;7.17.13&quot;,&quot;7.17.14&quot;,&quot;7.17.6&quot;,&quot;7.23.5&quot;,&quot;7.27.5&quot;,&quot;7.27.6&quot;,&quot;7.6.4&quot;,&quot;8.1.2&quot;,&quot;8.19.1&quot;,&quot;8.42.9&quot;,&quot;8.48.1&quot;,&quot;8.48.2&quot;,&quot;8.50.3&quot;,&quot;8.54.3&quot;,&quot;9.23.1&quot;,&quot;9.7.5&quot;]</value></Data>
<Data name="Manto"><value>https://resource.manto.unh.edu/10217933</value></Data>
<Data name="Pleiades"><value>https://pleiades.stoa.org/places/570531</value></Data>
</ExtendedData>
        <Point><coordinates>21.630126,37.637849</coordinates></Point>
      </Placemark>

      <Placemark>
        <name>Olympia</name>
        <ExtendedData>
<Data name="name"><value>Olympia</value></Data>
<Data name="region"><value>Eleia Bk5 Bk6</value></Data>
<Data name="part of"><value>Pisa (Eleia)</value></Data>
<Data name="altname"><value>Sanctuary of Olympian Zeus in Pisatis</value></Data>
<Data name="Wikidata"><value>https://wikidata.org/wiki/Q38888</value></Data>
<Data name="type"><value>[&quot;hieron&quot;]</value></Data>
<Data name="passages"><value>[&quot;1.28.1&quot;,&quot;1.35.6&quot;,&quot;1.44.1&quot;,&quot;10.14.5&quot;,&quot;10.37.4&quot;,&quot;10.38.8&quot;,&quot;10.7.5&quot;,&quot;10.9.4&quot;,&quot;2.11.8&quot;,&quot;2.5.7&quot;,&quot;2.7.2&quot;,&quot;3.8.3&quot;,&quot;3.8.4&quot;,&quot;3.8.5&quot;,&quot;4.31.6&quot;,&quot;5.1.4&quot;,&quot;5.1.7&quot;,&quot;5.10.1&quot;,&quot;5.10.3&quot;,&quot;5.10.4&quot;,&quot;5.10.5&quot;,&quot;5.10.7&quot;,&quot;5.10.9&quot;,&quot;5.11.10&quot;,&quot;5.11.4&quot;,&quot;5.11.9&quot;,&quot;5.12.4&quot;,&quot;5.12.5&quot;,&quot;5.12.8&quot;,&quot;5.13.1&quot;,&quot;5.13.10&quot;,&quot;5.13.9&quot;,&quot;5.14.1&quot;,&quot;5.14.2&quot;,&quot;5.14.4&quot;,&quot;5.15.12&quot;,&quot;5.15.3&quot;,&quot;5.16.8&quot;,&quot;5.17.5&quot;,&quot;5.2.3&quot;,&quot;5.2.5&quot;,&quot;5.20.6&quot;,&quot;5.21.16&quot;,&quot;5.23.3&quot;,&quot;5.23.6&quot;,&quot;5.24.4&quot;,&quot;5.24.6&quot;,&quot;5.24.8&quot;,&quot;5.25.12&quot;,&quot;5.25.13&quot;,&quot;5.25.4&quot;,&quot;5.25.5&quot;,&quot;5.25.7&quot;,&quot;5.26.1&quot;,&quot;5.26.4&quot;,&quot;5.26.5&quot;,&quot;5.26.7&quot;,&quot;5.27.1&quot;,&quot;5.27.2&quot;,&quot;5.27.9&quot;,&quot;5.4.4&quot;,&quot;5.4.5&quot;,&quot;5.4.6&quot;,&quot;5.4.7&quot;,&quot;5.4.8&quot;,&quot;5.5.3&quot;,&quot;5.6.1&quot;,&quot;5.6.7&quot;,&quot;5.6.8&quot;,&quot;5.7.1&quot;,&quot;5.7.10&quot;,&quot;5.7.6&quot;,&quot;5.7.9&quot;,&quot;5.8.1&quot;,&quot;5.8.2&quot;,&quot;5.8.5&quot;,&quot;5.8.6&quot;,&quot;5.9.1&quot;,&quot;5.9.4&quot;,&quot;6.1.6&quot;,&quot;6.10.2&quot;,&quot;6.10.4&quot;,&quot;6.10.8&quot;,&quot;6.12.4&quot;,&quot;6.12.5&quot;,&quot;6.12.6&quot;,&quot;6.12.7&quot;,&quot;6.12.8&quot;,&quot;6.13.11&quot;,&quot;6.13.2&quot;,&quot;6.13.3&quot;,&quot;6.13.5&quot;,&quot;6.13.6&quot;,&quot;6.13.8&quot;,&quot;6.14.1&quot;,&quot;6.14.10&quot;,&quot;6.14.13&quot;,&quot;6.14.2&quot;,&quot;6.14.3&quot;,&quot;6.14.5&quot;,&quot;6.15.1&quot;,&quot;6.15.2&quot;,&quot;6.15.3&quot;,&quot;6.15.6&quot;,&quot;6.15.9&quot;,&quot;6.16.1&quot;,&quot;6.16.4&quot;,&quot;6.16.5&quot;,&quot;6.16.8&quot;,&quot;6.16.9&quot;,&quot;6.17.2&quot;,&quot;6.17.7&quot;,&quot;6.18.1&quot;,&quot;6.18.2&quot;,&quot;6.18.7&quot;,&quot;6.19.1&quot;,&quot;6.19.10&quot;,&quot;6.19.14&quot;,&quot;6.19.4&quot;,&quot;6.2.10&quot;,&quot;6.2.2&quot;,&quot;6.2.6&quot;,&quot;6.20.14&quot;,&quot;6.20.19&quot;,&quot;6.20.2&quot;,&quot;6.20.7&quot;,&quot;6.21.2&quot;,&quot;6.22.5&quot;,&quot;6.22.7&quot;,&quot;6.23.1&quot;,&quot;6.23.6&quot;,&quot;6.3.11&quot;,&quot;6.3.14&quot;,&quot;6.3.15&quot;,&quot;6.3.2&quot;,&quot;6.3.9&quot;,&quot;6.4.11&quot;,&quot;6.4.2&quot;,&quot;6.4.5&quot;,&quot;6.4.6&quot;,&quot;6.4.9&quot;,&quot;6.5.7&quot;,&quot;6.6.1&quot;,&quot;6.6.3&quot;,&quot;6.6.5&quot;,&quot;6.7.10&quot;,&quot;6.7.3&quot;,&quot;6.7.8&quot;,&quot;6.8.1&quot;,&quot;6.8.2&quot;,&quot;6.8.3&quot;,&quot;6.8.6&quot;,&quot;6.9.3&quot;,&quot;7.17.13&quot;,&quot;7.17.14&quot;,&quot;7.17.6&quot;,&quot;7.23.5&quot;,&quot;7.27.5&quot;,&quot;7.27.6&quot;,&quot;7.6.4&quot;,&quot;8.1.2&quot;,&quot;8.19.1&quot;,&quot;8.42.9&quot;,&quot;8.48.1&quot;,&quot;8.48.2&quot;,&quot;8.50.3&quot;,&quot;8.54.3&quot;,&quot;9.23.1&quot;,&quot;9.7.5&quot;]</value></Data>
<Data name="Manto"><value>https://resource.manto.unh.edu/10217933</value></Data>
<Data name="Pleiades"><value>https://pleiades.stoa.org/places/570531</value></Data>
</ExtendedData>
        <Point><coordinates>21.630126,37.637849</coordinates></Point>
      </Placemark>

      <Placemark>
        <name>Olympia</name>
        <ExtendedData>
<Data name="name"><value>Olympia</value></Data>
<Data name="region"><value>Eleia Bk5 Bk6</value></Data>
<Data name="part of"><value>Pisa (Eleia)</value></Data>
<Data name="altname"><value>Sanctuary of Olympian Zeus in Pisatis</value></Data>
<Data name="Wikidata"><value>https://wikidata.org/wiki/Q38888</value></Data>
<Data name="type"><value>[&quot;hieron&quot;]</value></Data>
<Data name="passages"><value>[&quot;1.28.1&quot;,&quot;1.35.6&quot;,&quot;1.44.1&quot;,&quot;10.14.5&quot;,&quot;10.37.4&quot;,&quot;10.38.8&quot;,&quot;10.7.5&quot;,&quot;10.9.4&quot;,&quot;2.11.8&quot;,&quot;2.5.7&quot;,&quot;2.7.2&quot;,&quot;3.8.3&quot;,&quot;3.8.4&quot;,&quot;3.8.5&quot;,&quot;4.31.6&quot;,&quot;5.1.4&quot;,&quot;5.1.7&quot;,&quot;5.10.1&quot;,&quot;5.10.3&quot;,&quot;5.10.4&quot;,&quot;5.10.5&quot;,&quot;5.10.7&quot;,&quot;5.10.9&quot;,&quot;5.11.10&quot;,&quot;5.11.4&quot;,&quot;5.11.9&quot;,&quot;5.12.4&quot;,&quot;5.12.5&quot;,&quot;5.12.8&quot;,&quot;5.13.1&quot;,&quot;5.13.10&quot;,&quot;5.13.9&quot;,&quot;5.14.1&quot;,&quot;5.14.2&quot;,&quot;5.14.4&quot;,&quot;5.15.12&quot;,&quot;5.15.3&quot;,&quot;5.16.8&quot;,&quot;5.17.5&quot;,&quot;5.2.3&quot;,&quot;5.2.5&quot;,&quot;5.20.6&quot;,&quot;5.21.16&quot;,&quot;5.23.3&quot;,&quot;5.23.6&quot;,&quot;5.24.4&quot;,&quot;5.24.6&quot;,&quot;5.24.8&quot;,&quot;5.25.12&quot;,&quot;5.25.13&quot;,&quot;5.25.4&quot;,&quot;5.25.5&quot;,&quot;5.25.7&quot;,&quot;5.26.1&quot;,&quot;5.26.4&quot;,&quot;5.26.5&quot;,&quot;5.26.7&quot;,&quot;5.27.1&quot;,&quot;5.27.2&quot;,&quot;5.27.9&quot;,&quot;5.4.4&quot;,&quot;5.4.5&quot;,&quot;5.4.6&quot;,&quot;5.4.7&quot;,&quot;5.4.8&quot;,&quot;5.5.3&quot;,&quot;5.6.1&quot;,&quot;5.6.7&quot;,&quot;5.6.8&quot;,&quot;5.7.1&quot;,&quot;5.7.10&quot;,&quot;5.7.6&quot;,&quot;5.7.9&quot;,&quot;5.8.1&quot;,&quot;5.8.2&quot;,&quot;5.8.5&quot;,&quot;5.8.6&quot;,&quot;5.9.1&quot;,&quot;5.9.4&quot;,&quot;6.1.6&quot;,&quot;6.10.2&quot;,&quot;6.10.4&quot;,&quot;6.10.8&quot;,&quot;6.12.4&quot;,&quot;6.12.5&quot;,&quot;6.12.6&quot;,&quot;6.12.7&quot;,&quot;6.12.8&quot;,&quot;6.13.11&quot;,&quot;6.13.2&quot;,&quot;6.13.3&quot;,&quot;6.13.5&quot;,&quot;6.13.6&quot;,&quot;6.13.8&quot;,&quot;6.14.1&quot;,&quot;6.14.10&quot;,&quot;6.14.13&quot;,&quot;6.14.2&quot;,&quot;6.14.3&quot;,&quot;6.14.5&quot;,&quot;6.15.1&quot;,&quot;6.15.2&quot;,&quot;6.15.3&quot;,&quot;6.15.6&quot;,&quot;6.15.9&quot;,&quot;6.16.1&quot;,&quot;6.16.4&quot;,&quot;6.16.5&quot;,&quot;6.16.8&quot;,&quot;6.16.9&quot;,&quot;6.17.2&quot;,&quot;6.17.7&quot;,&quot;6.18.1&quot;,&quot;6.18.2&quot;,&quot;6.18.7&quot;,&quot;6.19.1&quot;,&quot;6.19.10&quot;,&quot;6.19.14&quot;,&quot;6.19.4&quot;,&quot;6.2.10&quot;,&quot;6.2.2&quot;,&quot;6.2.6&quot;,&quot;6.20.14&quot;,&quot;6.20.19&quot;,&quot;6.20.2&quot;,&quot;6.20.7&quot;,&quot;6.21.2&quot;,&quot;6.22.5&quot;,&quot;6.22.7&quot;,&quot;6.23.1&quot;,&quot;6.23.6&quot;,&quot;6.3.11&quot;,&quot;6.3.14&quot;,&quot;6.3.15&quot;,&quot;6.3.2&quot;,&quot;6.3.9&quot;,&quot;6.4.11&quot;,&quot;6.4.2&quot;,&quot;6.4.5&quot;,&quot;6.4.6&quot;,&quot;6.4.9&quot;,&quot;6.5.7&quot;,&quot;6.6.1&quot;,&quot;6.6.3&quot;,&quot;6.6.5&quot;,&quot;6.7.10&quot;,&quot;6.7.3&quot;,&quot;6.7.8&quot;,&quot;6.8.1&quot;,&quot;6.8.2&quot;,&quot;6.8.3&quot;,&quot;6.8.6&quot;,&quot;6.9.3&quot;,&quot;7.17.13&quot;,&quot;7.17.14&quot;,&quot;7.17.6&quot;,&quot;7.23.5&quot;,&quot;7.27.5&quot;,&quot;7.27.6&quot;,&quot;7.6.4&quot;,&quot;8.1.2&quot;,&quot;8.19.1&quot;,&quot;8.42.9&quot;,&quot;8.48.1&quot;,&quot;8.48.2&quot;,&quot;8.50.3&quot;,&quot;8.54.3&quot;,&quot;9.23.1&quot;,&quot;9.7.5&quot;]</value></Data>
<Data name="Manto"><value>https://resource.manto.unh.edu/10217933</value></Data>
<Data name="Pleiades"><value>https://pleiades.stoa.org/places/570531</value></Data>
</ExtendedData>
        <Point><coordinates>21.630126,37.637849</coordinates></Point>
      </Placemark>

      <Placemark>
        <name>Spring at Aigion seashore, with fresh water</name>
        <ExtendedData>
<Data name="name"><value>Spring at Aigion seashore, with fresh water</value></Data>
<Data name="region"><value>Achaia Bk7</value></Data>
<Data name="part of"><value>seashore of Aigion</value></Data>
<Data name="location"><value>seashore of Aigion</value></Data>
<Data name="type"><value>[&quot;spring pege&quot;]</value></Data>
<Data name="passages"><value>[&quot;7.24.3&quot;]</value></Data>
</ExtendedData>
        <Point><coordinates>22.09,38.252</coordinates></Point>
      </Placemark>

      <Placemark>
        <name>Caria region</name>
        <ExtendedData>
<Data name="name"><value>Caria region</value></Data>
<Data name="region"><value>Asia (continent)</value></Data>
<Data name="part of"><value>Asia Minor (Asia)</value></Data>
<Data name="altname"><value>Karia</value></Data>
<Data name="Wikidata"><value>https://wikidata.org/wiki/Q193214</value></Data>
<Data name="type"><value>[&quot;chora/region&quot;]</value></Data>
<Data name="passages"><value>[&quot;1.1.3&quot;,&quot;1.29.7&quot;,&quot;2.30.9&quot;,&quot;2.5.3&quot;,&quot;2.7.1&quot;,&quot;3.26.10&quot;,&quot;4.35.11&quot;,&quot;4.5.3&quot;,&quot;5.24.7&quot;,&quot;6.13.3&quot;,&quot;7.3.1&quot;,&quot;8.45.5&quot;]</value></Data>
<Data name="Pleiades"><value>https://pleiades.stoa.org/places/599564</value></Data>
</ExtendedData>
        <Point><coordinates>27.5,37.5</coordinates></Point>
      </Placemark>

      <Placemark>
        <name>Tomb of Preugenes at Patrae, in front of Athena sanctuary</name>
        <ExtendedData>
<Data name="name"><value>Tomb of Preugenes at Patrae, in front of Athena sanctuary</value></Data>
<Data name="region"><value>Achaia Bk7</value></Data>
<Data name="part of"><value>Patrae</value></Data>
<Data name="location"><value>Patrae</value></Data>
<Data name="Wikidata"><value>https://wikidata.org/wiki/Q136487446</value></Data>
<Data name="type"><value>[&quot;tomb mnema&quot;]</value></Data>
<Data name="passages"><value>[&quot;7.20.9&quot;]</value></Data>
<Data name="Manto"><value>https://resource.manto.unh.edu/10274396</value></Data>
</ExtendedData>
        <Point><coordinates>21.738518,38.243265</coordinates></Point>
      </Placemark>

      <Placemark>
        <name>Tiryns</name>
        <ExtendedData>
<Data name="name"><value>Tiryns</value></Data>
<Data name="region"><value>Argolid Bk2</value></Data>
<Data name="part of"><value>Argolid Bk2</value></Data>
<Data name="Wikidata"><value>https://wikidata.org/wiki/Q217379</value></Data>
<Data name="type"><value>[&quot;polis&quot;,&quot;settlement&quot;]</value></Data>
<Data name="passages"><value>[&quot;1.32.6&quot;,&quot;2.16.2&quot;,&quot;2.16.5&quot;,&quot;2.17.5&quot;,&quot;2.25.8&quot;,&quot;5.2.2&quot;,&quot;5.23.3&quot;,&quot;7.25.6&quot;,&quot;8.14.2&quot;,&quot;8.27.1&quot;,&quot;8.33.3&quot;,&quot;8.46.3&quot;,&quot;9.11.1&quot;,&quot;9.36.5&quot;]</value></Data>
<Data name="Pleiades"><value>https://pleiades.stoa.org/places/570740</value></Data>
</ExtendedData>
        <Point><coordinates>22.80004,37.59918</coordinates></Point>
      </Placemark>

      <Placemark>
        <name>Sanctuary of Dionysos at Phelloe</name>
        <ExtendedData>
<Data name="name"><value>Sanctuary of Dionysos at Phelloe</value></Data>
<Data name="region"><value>Achaia Bk7</value></Data>
<Data name="part of"><value>Phelloe</value></Data>
<Data name="location"><value>Phelloe</value></Data>
<Data name="Wikidata"><value>https://wikidata.org/wiki/Q134037195</value></Data>
<Data name="type"><value>[&quot;hieron&quot;]</value></Data>
<Data name="passages"><value>[&quot;7.26.11&quot;]</value></Data>
</ExtendedData>
        <Point><coordinates>22.413941,38.077545</coordinates></Point>
      </Placemark>

      <Placemark>
        <name>Tomb of Patreus in agora of Patrae</name>
        <ExtendedData>
<Data name="name"><value>Tomb of Patreus in agora of Patrae</value></Data>
<Data name="region"><value>Achaia Bk7</value></Data>
<Data name="part of"><value>Agora of Patrae</value></Data>
<Data name="location"><value>Agora of Patrae</value></Data>
<Data name="Wikidata"><value>https://wikidata.org/wiki/Q136487377</value></Data>
<Data name="type"><value>[&quot;tomb mnema&quot;]</value></Data>
<Data name="passages"><value>[&quot;7.20.5&quot;]</value></Data>
<Data name="Manto"><value>https://resource.manto.unh.edu/10274389</value></Data>
</ExtendedData>
        <Point><coordinates>21.7404,38.2434</coordinates></Point>
      </Placemark>

      <Placemark>
        <name>Ephesos</name>
        <ExtendedData>
<Data name="name"><value>Ephesos</value></Data>
<Data name="region"><value>Asia Minor (Asia)</value></Data>
<Data name="part of"><value>Ionia (region)</value></Data>
<Data name="altname"><value>Ephesus, Arsinoeia</value></Data>
<Data name="Wikidata"><value>https://wikidata.org/wiki/Q47611</value></Data>
<Data name="type"><value>[&quot;polis&quot;]</value></Data>
<Data name="passages"><value>[&quot;1.9.7&quot;,&quot;10.9.9&quot;,&quot;3.17.4&quot;,&quot;4.31.8&quot;,&quot;5.12.4&quot;,&quot;7.2.7&quot;,&quot;7.2.8&quot;,&quot;7.3.4&quot;,&quot;7.3.5&quot;,&quot;7.5.10&quot;]</value></Data>
<Data name="Pleiades"><value>https://pleiades.stoa.org/places/599612</value></Data>
</ExtendedData>
        <Point><coordinates>27.339721999999995,37.941944</coordinates></Point>
      </Placemark>

      <Placemark>
        <name>Ephesos</name>
        <ExtendedData>
<Data name="name"><value>Ephesos</value></Data>
<Data name="region"><value>Asia Minor (Asia)</value></Data>
<Data name="part of"><value>Ionia (region)</value></Data>
<Data name="altname"><value>Ephesus, Arsinoeia</value></Data>
<Data name="Wikidata"><value>https://wikidata.org/wiki/Q47611</value></Data>
<Data name="type"><value>[&quot;polis&quot;]</value></Data>
<Data name="passages"><value>[&quot;1.9.7&quot;,&quot;10.9.9&quot;,&quot;3.17.4&quot;,&quot;4.31.8&quot;,&quot;5.12.4&quot;,&quot;7.2.7&quot;,&quot;7.2.8&quot;,&quot;7.3.4&quot;,&quot;7.3.5&quot;,&quot;7.5.10&quot;]</value></Data>
<Data name="Pleiades"><value>https://pleiades.stoa.org/places/599612</value></Data>
</ExtendedData>
        <Point><coordinates>27.339721999999995,37.941944</coordinates></Point>
      </Placemark>

      <Placemark>
        <name>Ephesos</name>
        <ExtendedData>
<Data name="name"><value>Ephesos</value></Data>
<Data name="region"><value>Asia Minor (Asia)</value></Data>
<Data name="part of"><value>Ionia (region)</value></Data>
<Data name="altname"><value>Ephesus, Arsinoeia</value></Data>
<Data name="Wikidata"><value>https://wikidata.org/wiki/Q47611</value></Data>
<Data name="type"><value>[&quot;polis&quot;]</value></Data>
<Data name="passages"><value>[&quot;1.9.7&quot;,&quot;10.9.9&quot;,&quot;3.17.4&quot;,&quot;4.31.8&quot;,&quot;5.12.4&quot;,&quot;7.2.7&quot;,&quot;7.2.8&quot;,&quot;7.3.4&quot;,&quot;7.3.5&quot;,&quot;7.5.10&quot;]</value></Data>
<Data name="Pleiades"><value>https://pleiades.stoa.org/places/599612</value></Data>
</ExtendedData>
        <Point><coordinates>27.339721999999995,37.941944</coordinates></Point>
      </Placemark>

      <Placemark>
        <name>Ephesos</name>
        <ExtendedData>
<Data name="name"><value>Ephesos</value></Data>
<Data name="region"><value>Asia Minor (Asia)</value></Data>
<Data name="part of"><value>Ionia (region)</value></Data>
<Data name="altname"><value>Ephesus, Arsinoeia</value></Data>
<Data name="Wikidata"><value>https://wikidata.org/wiki/Q47611</value></Data>
<Data name="type"><value>[&quot;polis&quot;]</value></Data>
<Data name="passages"><value>[&quot;1.9.7&quot;,&quot;10.9.9&quot;,&quot;3.17.4&quot;,&quot;4.31.8&quot;,&quot;5.12.4&quot;,&quot;7.2.7&quot;,&quot;7.2.8&quot;,&quot;7.3.4&quot;,&quot;7.3.5&quot;,&quot;7.5.10&quot;]</value></Data>
<Data name="Pleiades"><value>https://pleiades.stoa.org/places/599612</value></Data>
</ExtendedData>
        <Point><coordinates>27.339721999999995,37.941944</coordinates></Point>
      </Placemark>

      <Placemark>
        <name>Ephesos</name>
        <ExtendedData>
<Data name="name"><value>Ephesos</value></Data>
<Data name="region"><value>Asia Minor (Asia)</value></Data>
<Data name="part of"><value>Ionia (region)</value></Data>
<Data name="altname"><value>Ephesus, Arsinoeia</value></Data>
<Data name="Wikidata"><value>https://wikidata.org/wiki/Q47611</value></Data>
<Data name="type"><value>[&quot;polis&quot;]</value></Data>
<Data name="passages"><value>[&quot;1.9.7&quot;,&quot;10.9.9&quot;,&quot;3.17.4&quot;,&quot;4.31.8&quot;,&quot;5.12.4&quot;,&quot;7.2.7&quot;,&quot;7.2.8&quot;,&quot;7.3.4&quot;,&quot;7.3.5&quot;,&quot;7.5.10&quot;]</value></Data>
<Data name="Pleiades"><value>https://pleiades.stoa.org/places/599612</value></Data>
</ExtendedData>
        <Point><coordinates>27.339721999999995,37.941944</coordinates></Point>
      </Placemark>

      <Placemark>
        <name>Smyrna (Ionia)</name>
        <ExtendedData>
<Data name="name"><value>Smyrna (Ionia)</value></Data>
<Data name="region"><value>Asia Minor (Asia)</value></Data>
<Data name="part of"><value>Ionia (region)</value></Data>
<Data name="Wikidata"><value>https://wikidata.org/wiki/Q1379299</value></Data>
<Data name="type"><value>[&quot;polis&quot;]</value></Data>
<Data name="passages"><value>[&quot;4.30.6&quot;,&quot;5.8.7&quot;,&quot;7.5.1&quot;,&quot;7.5.2&quot;,&quot;9.11.7&quot;]</value></Data>
<Data name="Pleiades"><value>https://pleiades.stoa.org/places/550893</value></Data>
</ExtendedData>
        <Point><coordinates>27.1383,38.41905</coordinates></Point>
      </Placemark>

      <Placemark>
        <name>Smyrna (Ionia)</name>
        <ExtendedData>
<Data name="name"><value>Smyrna (Ionia)</value></Data>
<Data name="region"><value>Asia Minor (Asia)</value></Data>
<Data name="part of"><value>Ionia (region)</value></Data>
<Data name="Wikidata"><value>https://wikidata.org/wiki/Q1379299</value></Data>
<Data name="type"><value>[&quot;polis&quot;]</value></Data>
<Data name="passages"><value>[&quot;4.30.6&quot;,&quot;5.8.7&quot;,&quot;7.5.1&quot;,&quot;7.5.2&quot;,&quot;9.11.7&quot;]</value></Data>
<Data name="Pleiades"><value>https://pleiades.stoa.org/places/550893</value></Data>
</ExtendedData>
        <Point><coordinates>27.1383,38.41905</coordinates></Point>
      </Placemark>

      <Placemark>
        <name>Sanctuary of the Nemeses on Mt. Pagos, Smyrna</name>
        <ExtendedData>
<Data name="name"><value>Sanctuary of the Nemeses on Mt. Pagos, Smyrna</value></Data>
<Data name="region"><value>Asia Minor (Asia)</value></Data>
<Data name="part of"><value>Pagos M.</value></Data>
<Data name="location"><value>Pagos M.</value></Data>
<Data name="type"><value>[&quot;hieron&quot;]</value></Data>
<Data name="passages"><value>[&quot;7.5.2&quot;,&quot;9.35.6&quot;]</value></Data>
</ExtendedData>
        <Point><coordinates>27.14843,38.40537</coordinates></Point>
      </Placemark>

      <Placemark>
        <name>Isthmus of Corinth</name>
        <ExtendedData>
<Data name="name"><value>Isthmus of Corinth</value></Data>
<Data name="region"><value>Corinthia Bk2</value></Data>
<Data name="part of"><value>Corinthia Bk2</value></Data>
<Data name="Wikidata"><value>https://wikidata.org/wiki/Q215200</value></Data>
<Data name="type"><value>[&quot;chora/region&quot;]</value></Data>
<Data name="passages"><value>[&quot;1.25.4&quot;,&quot;1.27.10&quot;,&quot;1.44.8&quot;,&quot;10.5.3&quot;,&quot;2.1.4&quot;,&quot;2.1.5&quot;,&quot;2.1.6&quot;,&quot;2.1.7&quot;,&quot;2.15.1&quot;,&quot;2.2.2&quot;,&quot;2.2.3&quot;,&quot;2.29.7&quot;,&quot;2.5.7&quot;,&quot;2.8.5&quot;,&quot;3.21.6&quot;,&quot;3.9.1&quot;,&quot;4.9.2&quot;,&quot;5.2.1&quot;,&quot;5.3.6&quot;,&quot;6.13.10&quot;,&quot;7.15.11&quot;,&quot;7.16.1&quot;,&quot;7.27.5&quot;,&quot;7.6.7&quot;,&quot;7.7.2&quot;,&quot;8.1.1&quot;,&quot;8.48.2&quot;,&quot;8.5.1&quot;,&quot;8.5.6&quot;]</value></Data>
<Data name="Pleiades"><value>https://pleiades.stoa.org/places/570317</value></Data>
<Data name="ToposText"><value>https://topostext.org/place/379230LIst</value></Data>
</ExtendedData>
        <Point><coordinates>22.973,37.928</coordinates></Point>
      </Placemark>

      <Placemark>
        <name>Isthmus of Corinth</name>
        <ExtendedData>
<Data name="name"><value>Isthmus of Corinth</value></Data>
<Data name="region"><value>Corinthia Bk2</value></Data>
<Data name="part of"><value>Corinthia Bk2</value></Data>
<Data name="Wikidata"><value>https://wikidata.org/wiki/Q215200</value></Data>
<Data name="type"><value>[&quot;chora/region&quot;]</value></Data>
<Data name="passages"><value>[&quot;1.25.4&quot;,&quot;1.27.10&quot;,&quot;1.44.8&quot;,&quot;10.5.3&quot;,&quot;2.1.4&quot;,&quot;2.1.5&quot;,&quot;2.1.6&quot;,&quot;2.1.7&quot;,&quot;2.15.1&quot;,&quot;2.2.2&quot;,&quot;2.2.3&quot;,&quot;2.29.7&quot;,&quot;2.5.7&quot;,&quot;2.8.5&quot;,&quot;3.21.6&quot;,&quot;3.9.1&quot;,&quot;4.9.2&quot;,&quot;5.2.1&quot;,&quot;5.3.6&quot;,&quot;6.13.10&quot;,&quot;7.15.11&quot;,&quot;7.16.1&quot;,&quot;7.27.5&quot;,&quot;7.6.7&quot;,&quot;7.7.2&quot;,&quot;8.1.1&quot;,&quot;8.48.2&quot;,&quot;8.5.1&quot;,&quot;8.5.6&quot;]</value></Data>
<Data name="Pleiades"><value>https://pleiades.stoa.org/places/570317</value></Data>
<Data name="ToposText"><value>https://topostext.org/place/379230LIst</value></Data>
</ExtendedData>
        <Point><coordinates>22.973,37.928</coordinates></Point>
      </Placemark>

      <Placemark>
        <name>Isthmus of Corinth</name>
        <ExtendedData>
<Data name="name"><value>Isthmus of Corinth</value></Data>
<Data name="region"><value>Corinthia Bk2</value></Data>
<Data name="part of"><value>Corinthia Bk2</value></Data>
<Data name="Wikidata"><value>https://wikidata.org/wiki/Q215200</value></Data>
<Data name="type"><value>[&quot;chora/region&quot;]</value></Data>
<Data name="passages"><value>[&quot;1.25.4&quot;,&quot;1.27.10&quot;,&quot;1.44.8&quot;,&quot;10.5.3&quot;,&quot;2.1.4&quot;,&quot;2.1.5&quot;,&quot;2.1.6&quot;,&quot;2.1.7&quot;,&quot;2.15.1&quot;,&quot;2.2.2&quot;,&quot;2.2.3&quot;,&quot;2.29.7&quot;,&quot;2.5.7&quot;,&quot;2.8.5&quot;,&quot;3.21.6&quot;,&quot;3.9.1&quot;,&quot;4.9.2&quot;,&quot;5.2.1&quot;,&quot;5.3.6&quot;,&quot;6.13.10&quot;,&quot;7.15.11&quot;,&quot;7.16.1&quot;,&quot;7.27.5&quot;,&quot;7.6.7&quot;,&quot;7.7.2&quot;,&quot;8.1.1&quot;,&quot;8.48.2&quot;,&quot;8.5.1&quot;,&quot;8.5.6&quot;]</value></Data>
<Data name="Pleiades"><value>https://pleiades.stoa.org/places/570317</value></Data>
<Data name="ToposText"><value>https://topostext.org/place/379230LIst</value></Data>
</ExtendedData>
        <Point><coordinates>22.973,37.928</coordinates></Point>
      </Placemark>

      <Placemark>
        <name>Isthmus of Corinth</name>
        <ExtendedData>
<Data name="name"><value>Isthmus of Corinth</value></Data>
<Data name="region"><value>Corinthia Bk2</value></Data>
<Data name="part of"><value>Corinthia Bk2</value></Data>
<Data name="Wikidata"><value>https://wikidata.org/wiki/Q215200</value></Data>
<Data name="type"><value>[&quot;chora/region&quot;]</value></Data>
<Data name="passages"><value>[&quot;1.25.4&quot;,&quot;1.27.10&quot;,&quot;1.44.8&quot;,&quot;10.5.3&quot;,&quot;2.1.4&quot;,&quot;2.1.5&quot;,&quot;2.1.6&quot;,&quot;2.1.7&quot;,&quot;2.15.1&quot;,&quot;2.2.2&quot;,&quot;2.2.3&quot;,&quot;2.29.7&quot;,&quot;2.5.7&quot;,&quot;2.8.5&quot;,&quot;3.21.6&quot;,&quot;3.9.1&quot;,&quot;4.9.2&quot;,&quot;5.2.1&quot;,&quot;5.3.6&quot;,&quot;6.13.10&quot;,&quot;7.15.11&quot;,&quot;7.16.1&quot;,&quot;7.27.5&quot;,&quot;7.6.7&quot;,&quot;7.7.2&quot;,&quot;8.1.1&quot;,&quot;8.48.2&quot;,&quot;8.5.1&quot;,&quot;8.5.6&quot;]</value></Data>
<Data name="Pleiades"><value>https://pleiades.stoa.org/places/570317</value></Data>
<Data name="ToposText"><value>https://topostext.org/place/379230LIst</value></Data>
</ExtendedData>
        <Point><coordinates>22.973,37.928</coordinates></Point>
      </Placemark>

      <Placemark>
        <name>Isthmus of Corinth</name>
        <ExtendedData>
<Data name="name"><value>Isthmus of Corinth</value></Data>
<Data name="region"><value>Corinthia Bk2</value></Data>
<Data name="part of"><value>Corinthia Bk2</value></Data>
<Data name="Wikidata"><value>https://wikidata.org/wiki/Q215200</value></Data>
<Data name="type"><value>[&quot;chora/region&quot;]</value></Data>
<Data name="passages"><value>[&quot;1.25.4&quot;,&quot;1.27.10&quot;,&quot;1.44.8&quot;,&quot;10.5.3&quot;,&quot;2.1.4&quot;,&quot;2.1.5&quot;,&quot;2.1.6&quot;,&quot;2.1.7&quot;,&quot;2.15.1&quot;,&quot;2.2.2&quot;,&quot;2.2.3&quot;,&quot;2.29.7&quot;,&quot;2.5.7&quot;,&quot;2.8.5&quot;,&quot;3.21.6&quot;,&quot;3.9.1&quot;,&quot;4.9.2&quot;,&quot;5.2.1&quot;,&quot;5.3.6&quot;,&quot;6.13.10&quot;,&quot;7.15.11&quot;,&quot;7.16.1&quot;,&quot;7.27.5&quot;,&quot;7.6.7&quot;,&quot;7.7.2&quot;,&quot;8.1.1&quot;,&quot;8.48.2&quot;,&quot;8.5.1&quot;,&quot;8.5.6&quot;]</value></Data>
<Data name="Pleiades"><value>https://pleiades.stoa.org/places/570317</value></Data>
<Data name="ToposText"><value>https://topostext.org/place/379230LIst</value></Data>
</ExtendedData>
        <Point><coordinates>22.973,37.928</coordinates></Point>
      </Placemark>

      <Placemark>
        <name>Thermopylae</name>
        <ExtendedData>
<Data name="name"><value>Thermopylae</value></Data>
<Data name="region"><value>Hellas (Europe)</value></Data>
<Data name="part of"><value>Phthiotis</value></Data>
<Data name="Wikidata"><value>https://wikidata.org/wiki/Q194450</value></Data>
<Data name="type"><value>[&quot;fortification&quot;,&quot;pass&quot;]</value></Data>
<Data name="passages"><value>[&quot;1.1.3&quot;,&quot;1.3.5&quot;,&quot;1.4.1&quot;,&quot;1.4.2&quot;,&quot;1.4.3&quot;,&quot;1.4.4&quot;,&quot;10.20.1&quot;,&quot;10.20.2&quot;,&quot;10.20.3&quot;,&quot;10.20.6&quot;,&quot;10.20.9&quot;,&quot;10.21.1&quot;,&quot;10.21.2&quot;,&quot;10.21.6&quot;,&quot;10.22.12&quot;,&quot;10.22.5&quot;,&quot;10.22.7&quot;,&quot;10.22.8&quot;,&quot;2.16.5&quot;,&quot;3.12.9&quot;,&quot;3.14.1&quot;,&quot;3.4.7&quot;,&quot;3.4.8&quot;,&quot;3.5.5&quot;,&quot;4.35.9&quot;,&quot;7.15.3&quot;,&quot;7.24.4&quot;,&quot;7.6.3&quot;,&quot;7.6.7&quot;,&quot;8.51.4&quot;,&quot;8.52.2&quot;,&quot;8.6.3&quot;,&quot;9.15.2&quot;,&quot;9.32.9&quot;]</value></Data>
<Data name="Pleiades"><value>https://pleiades.stoa.org/places/541140</value></Data>
</ExtendedData>
        <Point><coordinates>22.538294,38.796511</coordinates></Point>
      </Placemark>

      <Placemark>
        <name>Thermopylae</name>
        <ExtendedData>
<Data name="name"><value>Thermopylae</value></Data>
<Data name="region"><value>Hellas (Europe)</value></Data>
<Data name="part of"><value>Phthiotis</value></Data>
<Data name="Wikidata"><value>https://wikidata.org/wiki/Q194450</value></Data>
<Data name="type"><value>[&quot;fortification&quot;,&quot;pass&quot;]</value></Data>
<Data name="passages"><value>[&quot;1.1.3&quot;,&quot;1.3.5&quot;,&quot;1.4.1&quot;,&quot;1.4.2&quot;,&quot;1.4.3&quot;,&quot;1.4.4&quot;,&quot;10.20.1&quot;,&quot;10.20.2&quot;,&quot;10.20.3&quot;,&quot;10.20.6&quot;,&quot;10.20.9&quot;,&quot;10.21.1&quot;,&quot;10.21.2&quot;,&quot;10.21.6&quot;,&quot;10.22.12&quot;,&quot;10.22.5&quot;,&quot;10.22.7&quot;,&quot;10.22.8&quot;,&quot;2.16.5&quot;,&quot;3.12.9&quot;,&quot;3.14.1&quot;,&quot;3.4.7&quot;,&quot;3.4.8&quot;,&quot;3.5.5&quot;,&quot;4.35.9&quot;,&quot;7.15.3&quot;,&quot;7.24.4&quot;,&quot;7.6.3&quot;,&quot;7.6.7&quot;,&quot;8.51.4&quot;,&quot;8.52.2&quot;,&quot;8.6.3&quot;,&quot;9.15.2&quot;,&quot;9.32.9&quot;]</value></Data>
<Data name="Pleiades"><value>https://pleiades.stoa.org/places/541140</value></Data>
</ExtendedData>
        <Point><coordinates>22.538294,38.796511</coordinates></Point>
      </Placemark>

      <Placemark>
        <name>Thermopylae</name>
        <ExtendedData>
<Data name="name"><value>Thermopylae</value></Data>
<Data name="region"><value>Hellas (Europe)</value></Data>
<Data name="part of"><value>Phthiotis</value></Data>
<Data name="Wikidata"><value>https://wikidata.org/wiki/Q194450</value></Data>
<Data name="type"><value>[&quot;fortification&quot;,&quot;pass&quot;]</value></Data>
<Data name="passages"><value>[&quot;1.1.3&quot;,&quot;1.3.5&quot;,&quot;1.4.1&quot;,&quot;1.4.2&quot;,&quot;1.4.3&quot;,&quot;1.4.4&quot;,&quot;10.20.1&quot;,&quot;10.20.2&quot;,&quot;10.20.3&quot;,&quot;10.20.6&quot;,&quot;10.20.9&quot;,&quot;10.21.1&quot;,&quot;10.21.2&quot;,&quot;10.21.6&quot;,&quot;10.22.12&quot;,&quot;10.22.5&quot;,&quot;10.22.7&quot;,&quot;10.22.8&quot;,&quot;2.16.5&quot;,&quot;3.12.9&quot;,&quot;3.14.1&quot;,&quot;3.4.7&quot;,&quot;3.4.8&quot;,&quot;3.5.5&quot;,&quot;4.35.9&quot;,&quot;7.15.3&quot;,&quot;7.24.4&quot;,&quot;7.6.3&quot;,&quot;7.6.7&quot;,&quot;8.51.4&quot;,&quot;8.52.2&quot;,&quot;8.6.3&quot;,&quot;9.15.2&quot;,&quot;9.32.9&quot;]</value></Data>
<Data name="Pleiades"><value>https://pleiades.stoa.org/places/541140</value></Data>
</ExtendedData>
        <Point><coordinates>22.538294,38.796511</coordinates></Point>
      </Placemark>

      <Placemark>
        <name>Thermopylae</name>
        <ExtendedData>
<Data name="name"><value>Thermopylae</value></Data>
<Data name="region"><value>Hellas (Europe)</value></Data>
<Data name="part of"><value>Phthiotis</value></Data>
<Data name="Wikidata"><value>https://wikidata.org/wiki/Q194450</value></Data>
<Data name="type"><value>[&quot;fortification&quot;,&quot;pass&quot;]</value></Data>
<Data name="passages"><value>[&quot;1.1.3&quot;,&quot;1.3.5&quot;,&quot;1.4.1&quot;,&quot;1.4.2&quot;,&quot;1.4.3&quot;,&quot;1.4.4&quot;,&quot;10.20.1&quot;,&quot;10.20.2&quot;,&quot;10.20.3&quot;,&quot;10.20.6&quot;,&quot;10.20.9&quot;,&quot;10.21.1&quot;,&quot;10.21.2&quot;,&quot;10.21.6&quot;,&quot;10.22.12&quot;,&quot;10.22.5&quot;,&quot;10.22.7&quot;,&quot;10.22.8&quot;,&quot;2.16.5&quot;,&quot;3.12.9&quot;,&quot;3.14.1&quot;,&quot;3.4.7&quot;,&quot;3.4.8&quot;,&quot;3.5.5&quot;,&quot;4.35.9&quot;,&quot;7.15.3&quot;,&quot;7.24.4&quot;,&quot;7.6.3&quot;,&quot;7.6.7&quot;,&quot;8.51.4&quot;,&quot;8.52.2&quot;,&quot;8.6.3&quot;,&quot;9.15.2&quot;,&quot;9.32.9&quot;]</value></Data>
<Data name="Pleiades"><value>https://pleiades.stoa.org/places/541140</value></Data>
</ExtendedData>
        <Point><coordinates>22.538294,38.796511</coordinates></Point>
      </Placemark>

      <Placemark>
        <name>sea by Patrae</name>
        <ExtendedData>
<Data name="name"><value>sea by Patrae</value></Data>
<Data name="region"><value>Achaia Bk7</value></Data>
<Data name="part of"><value>Ionian Sea (Greece/Italy)</value></Data>
<Data name="type"><value>[&quot;sea&quot;]</value></Data>
<Data name="passages"><value>[&quot;7.21.11&quot;]</value></Data>
</ExtendedData>
        <Point><coordinates>21.724,38.241</coordinates></Point>
      </Placemark>

      <Placemark>
        <name>Rome</name>
        <ExtendedData>
<Data name="name"><value>Rome</value></Data>
<Data name="region"><value>Italia (Europe)</value></Data>
<Data name="part of"><value>Roman empire</value></Data>
<Data name="altname"><value>Roma</value></Data>
<Data name="Wikidata"><value>https://wikidata.org/wiki/Q18287233</value></Data>
<Data name="type"><value>[&quot;polis&quot;]</value></Data>
<Data name="passages"><value>[&quot;10.34.4&quot;,&quot;10.36.6&quot;,&quot;10.8.6&quot;,&quot;2.1.2&quot;,&quot;2.21.6&quot;,&quot;4.35.10&quot;,&quot;5.25.8&quot;,&quot;6.9.3&quot;,&quot;7.10.11&quot;,&quot;7.10.12&quot;,&quot;7.12.2&quot;,&quot;7.12.7&quot;,&quot;7.12.8&quot;,&quot;7.12.9&quot;,&quot;7.13.5&quot;,&quot;7.14.1&quot;,&quot;7.14.3&quot;,&quot;7.14.5&quot;,&quot;7.22.5&quot;,&quot;7.22.9&quot;,&quot;7.8.6&quot;,&quot;7.9.1&quot;,&quot;7.9.4&quot;,&quot;7.9.6&quot;,&quot;8.17.4&quot;,&quot;9.27.3&quot;,&quot;9.27.4&quot;]</value></Data>
<Data name="Pleiades"><value>https://pleiades.stoa.org/places/423025</value></Data>
</ExtendedData>
        <Point><coordinates>12.4843457,41.89262</coordinates></Point>
      </Placemark>

      <Placemark>
        <name>Rome</name>
        <ExtendedData>
<Data name="name"><value>Rome</value></Data>
<Data name="region"><value>Italia (Europe)</value></Data>
<Data name="part of"><value>Roman empire</value></Data>
<Data name="altname"><value>Roma</value></Data>
<Data name="Wikidata"><value>https://wikidata.org/wiki/Q18287233</value></Data>
<Data name="type"><value>[&quot;polis&quot;]</value></Data>
<Data name="passages"><value>[&quot;10.34.4&quot;,&quot;10.36.6&quot;,&quot;10.8.6&quot;,&quot;2.1.2&quot;,&quot;2.21.6&quot;,&quot;4.35.10&quot;,&quot;5.25.8&quot;,&quot;6.9.3&quot;,&quot;7.10.11&quot;,&quot;7.10.12&quot;,&quot;7.12.2&quot;,&quot;7.12.7&quot;,&quot;7.12.8&quot;,&quot;7.12.9&quot;,&quot;7.13.5&quot;,&quot;7.14.1&quot;,&quot;7.14.3&quot;,&quot;7.14.5&quot;,&quot;7.22.5&quot;,&quot;7.22.9&quot;,&quot;7.8.6&quot;,&quot;7.9.1&quot;,&quot;7.9.4&quot;,&quot;7.9.6&quot;,&quot;8.17.4&quot;,&quot;9.27.3&quot;,&quot;9.27.4&quot;]</value></Data>
<Data name="Pleiades"><value>https://pleiades.stoa.org/places/423025</value></Data>
</ExtendedData>
        <Point><coordinates>12.4843457,41.89262</coordinates></Point>
      </Placemark>

      <Placemark>
        <name>Rome</name>
        <ExtendedData>
<Data name="name"><value>Rome</value></Data>
<Data name="region"><value>Italia (Europe)</value></Data>
<Data name="part of"><value>Roman empire</value></Data>
<Data name="altname"><value>Roma</value></Data>
<Data name="Wikidata"><value>https://wikidata.org/wiki/Q18287233</value></Data>
<Data name="type"><value>[&quot;polis&quot;]</value></Data>
<Data name="passages"><value>[&quot;10.34.4&quot;,&quot;10.36.6&quot;,&quot;10.8.6&quot;,&quot;2.1.2&quot;,&quot;2.21.6&quot;,&quot;4.35.10&quot;,&quot;5.25.8&quot;,&quot;6.9.3&quot;,&quot;7.10.11&quot;,&quot;7.10.12&quot;,&quot;7.12.2&quot;,&quot;7.12.7&quot;,&quot;7.12.8&quot;,&quot;7.12.9&quot;,&quot;7.13.5&quot;,&quot;7.14.1&quot;,&quot;7.14.3&quot;,&quot;7.14.5&quot;,&quot;7.22.5&quot;,&quot;7.22.9&quot;,&quot;7.8.6&quot;,&quot;7.9.1&quot;,&quot;7.9.4&quot;,&quot;7.9.6&quot;,&quot;8.17.4&quot;,&quot;9.27.3&quot;,&quot;9.27.4&quot;]</value></Data>
<Data name="Pleiades"><value>https://pleiades.stoa.org/places/423025</value></Data>
</ExtendedData>
        <Point><coordinates>12.4843457,41.89262</coordinates></Point>
      </Placemark>

      <Placemark>
        <name>Rome</name>
        <ExtendedData>
<Data name="name"><value>Rome</value></Data>
<Data name="region"><value>Italia (Europe)</value></Data>
<Data name="part of"><value>Roman empire</value></Data>
<Data name="altname"><value>Roma</value></Data>
<Data name="Wikidata"><value>https://wikidata.org/wiki/Q18287233</value></Data>
<Data name="type"><value>[&quot;polis&quot;]</value></Data>
<Data name="passages"><value>[&quot;10.34.4&quot;,&quot;10.36.6&quot;,&quot;10.8.6&quot;,&quot;2.1.2&quot;,&quot;2.21.6&quot;,&quot;4.35.10&quot;,&quot;5.25.8&quot;,&quot;6.9.3&quot;,&quot;7.10.11&quot;,&quot;7.10.12&quot;,&quot;7.12.2&quot;,&quot;7.12.7&quot;,&quot;7.12.8&quot;,&quot;7.12.9&quot;,&quot;7.13.5&quot;,&quot;7.14.1&quot;,&quot;7.14.3&quot;,&quot;7.14.5&quot;,&quot;7.22.5&quot;,&quot;7.22.9&quot;,&quot;7.8.6&quot;,&quot;7.9.1&quot;,&quot;7.9.4&quot;,&quot;7.9.6&quot;,&quot;8.17.4&quot;,&quot;9.27.3&quot;,&quot;9.27.4&quot;]</value></Data>
<Data name="Pleiades"><value>https://pleiades.stoa.org/places/423025</value></Data>
</ExtendedData>
        <Point><coordinates>12.4843457,41.89262</coordinates></Point>
      </Placemark>

      <Placemark>
        <name>Rome</name>
        <ExtendedData>
<Data name="name"><value>Rome</value></Data>
<Data name="region"><value>Italia (Europe)</value></Data>
<Data name="part of"><value>Roman empire</value></Data>
<Data name="altname"><value>Roma</value></Data>
<Data name="Wikidata"><value>https://wikidata.org/wiki/Q18287233</value></Data>
<Data name="type"><value>[&quot;polis&quot;]</value></Data>
<Data name="passages"><value>[&quot;10.34.4&quot;,&quot;10.36.6&quot;,&quot;10.8.6&quot;,&quot;2.1.2&quot;,&quot;2.21.6&quot;,&quot;4.35.10&quot;,&quot;5.25.8&quot;,&quot;6.9.3&quot;,&quot;7.10.11&quot;,&quot;7.10.12&quot;,&quot;7.12.2&quot;,&quot;7.12.7&quot;,&quot;7.12.8&quot;,&quot;7.12.9&quot;,&quot;7.13.5&quot;,&quot;7.14.1&quot;,&quot;7.14.3&quot;,&quot;7.14.5&quot;,&quot;7.22.5&quot;,&quot;7.22.9&quot;,&quot;7.8.6&quot;,&quot;7.9.1&quot;,&quot;7.9.4&quot;,&quot;7.9.6&quot;,&quot;8.17.4&quot;,&quot;9.27.3&quot;,&quot;9.27.4&quot;]</value></Data>
<Data name="Pleiades"><value>https://pleiades.stoa.org/places/423025</value></Data>
</ExtendedData>
        <Point><coordinates>12.4843457,41.89262</coordinates></Point>
      </Placemark>

      <Placemark>
        <name>Rome</name>
        <ExtendedData>
<Data name="name"><value>Rome</value></Data>
<Data name="region"><value>Italia (Europe)</value></Data>
<Data name="part of"><value>Roman empire</value></Data>
<Data name="altname"><value>Roma</value></Data>
<Data name="Wikidata"><value>https://wikidata.org/wiki/Q18287233</value></Data>
<Data name="type"><value>[&quot;polis&quot;]</value></Data>
<Data name="passages"><value>[&quot;10.34.4&quot;,&quot;10.36.6&quot;,&quot;10.8.6&quot;,&quot;2.1.2&quot;,&quot;2.21.6&quot;,&quot;4.35.10&quot;,&quot;5.25.8&quot;,&quot;6.9.3&quot;,&quot;7.10.11&quot;,&quot;7.10.12&quot;,&quot;7.12.2&quot;,&quot;7.12.7&quot;,&quot;7.12.8&quot;,&quot;7.12.9&quot;,&quot;7.13.5&quot;,&quot;7.14.1&quot;,&quot;7.14.3&quot;,&quot;7.14.5&quot;,&quot;7.22.5&quot;,&quot;7.22.9&quot;,&quot;7.8.6&quot;,&quot;7.9.1&quot;,&quot;7.9.4&quot;,&quot;7.9.6&quot;,&quot;8.17.4&quot;,&quot;9.27.3&quot;,&quot;9.27.4&quot;]</value></Data>
<Data name="Pleiades"><value>https://pleiades.stoa.org/places/423025</value></Data>
</ExtendedData>
        <Point><coordinates>12.4843457,41.89262</coordinates></Point>
      </Placemark>

      <Placemark>
        <name>Rome</name>
        <ExtendedData>
<Data name="name"><value>Rome</value></Data>
<Data name="region"><value>Italia (Europe)</value></Data>
<Data name="part of"><value>Roman empire</value></Data>
<Data name="altname"><value>Roma</value></Data>
<Data name="Wikidata"><value>https://wikidata.org/wiki/Q18287233</value></Data>
<Data name="type"><value>[&quot;polis&quot;]</value></Data>
<Data name="passages"><value>[&quot;10.34.4&quot;,&quot;10.36.6&quot;,&quot;10.8.6&quot;,&quot;2.1.2&quot;,&quot;2.21.6&quot;,&quot;4.35.10&quot;,&quot;5.25.8&quot;,&quot;6.9.3&quot;,&quot;7.10.11&quot;,&quot;7.10.12&quot;,&quot;7.12.2&quot;,&quot;7.12.7&quot;,&quot;7.12.8&quot;,&quot;7.12.9&quot;,&quot;7.13.5&quot;,&quot;7.14.1&quot;,&quot;7.14.3&quot;,&quot;7.14.5&quot;,&quot;7.22.5&quot;,&quot;7.22.9&quot;,&quot;7.8.6&quot;,&quot;7.9.1&quot;,&quot;7.9.4&quot;,&quot;7.9.6&quot;,&quot;8.17.4&quot;,&quot;9.27.3&quot;,&quot;9.27.4&quot;]</value></Data>
<Data name="Pleiades"><value>https://pleiades.stoa.org/places/423025</value></Data>
</ExtendedData>
        <Point><coordinates>12.4843457,41.89262</coordinates></Point>
      </Placemark>

      <Placemark>
        <name>Rome</name>
        <ExtendedData>
<Data name="name"><value>Rome</value></Data>
<Data name="region"><value>Italia (Europe)</value></Data>
<Data name="part of"><value>Roman empire</value></Data>
<Data name="altname"><value>Roma</value></Data>
<Data name="Wikidata"><value>https://wikidata.org/wiki/Q18287233</value></Data>
<Data name="type"><value>[&quot;polis&quot;]</value></Data>
<Data name="passages"><value>[&quot;10.34.4&quot;,&quot;10.36.6&quot;,&quot;10.8.6&quot;,&quot;2.1.2&quot;,&quot;2.21.6&quot;,&quot;4.35.10&quot;,&quot;5.25.8&quot;,&quot;6.9.3&quot;,&quot;7.10.11&quot;,&quot;7.10.12&quot;,&quot;7.12.2&quot;,&quot;7.12.7&quot;,&quot;7.12.8&quot;,&quot;7.12.9&quot;,&quot;7.13.5&quot;,&quot;7.14.1&quot;,&quot;7.14.3&quot;,&quot;7.14.5&quot;,&quot;7.22.5&quot;,&quot;7.22.9&quot;,&quot;7.8.6&quot;,&quot;7.9.1&quot;,&quot;7.9.4&quot;,&quot;7.9.6&quot;,&quot;8.17.4&quot;,&quot;9.27.3&quot;,&quot;9.27.4&quot;]</value></Data>
<Data name="Pleiades"><value>https://pleiades.stoa.org/places/423025</value></Data>
</ExtendedData>
        <Point><coordinates>12.4843457,41.89262</coordinates></Point>
      </Placemark>

      <Placemark>
        <name>Rome</name>
        <ExtendedData>
<Data name="name"><value>Rome</value></Data>
<Data name="region"><value>Italia (Europe)</value></Data>
<Data name="part of"><value>Roman empire</value></Data>
<Data name="altname"><value>Roma</value></Data>
<Data name="Wikidata"><value>https://wikidata.org/wiki/Q18287233</value></Data>
<Data name="type"><value>[&quot;polis&quot;]</value></Data>
<Data name="passages"><value>[&quot;10.34.4&quot;,&quot;10.36.6&quot;,&quot;10.8.6&quot;,&quot;2.1.2&quot;,&quot;2.21.6&quot;,&quot;4.35.10&quot;,&quot;5.25.8&quot;,&quot;6.9.3&quot;,&quot;7.10.11&quot;,&quot;7.10.12&quot;,&quot;7.12.2&quot;,&quot;7.12.7&quot;,&quot;7.12.8&quot;,&quot;7.12.9&quot;,&quot;7.13.5&quot;,&quot;7.14.1&quot;,&quot;7.14.3&quot;,&quot;7.14.5&quot;,&quot;7.22.5&quot;,&quot;7.22.9&quot;,&quot;7.8.6&quot;,&quot;7.9.1&quot;,&quot;7.9.4&quot;,&quot;7.9.6&quot;,&quot;8.17.4&quot;,&quot;9.27.3&quot;,&quot;9.27.4&quot;]</value></Data>
<Data name="Pleiades"><value>https://pleiades.stoa.org/places/423025</value></Data>
</ExtendedData>
        <Point><coordinates>12.4843457,41.89262</coordinates></Point>
      </Placemark>

      <Placemark>
        <name>Rome</name>
        <ExtendedData>
<Data name="name"><value>Rome</value></Data>
<Data name="region"><value>Italia (Europe)</value></Data>
<Data name="part of"><value>Roman empire</value></Data>
<Data name="altname"><value>Roma</value></Data>
<Data name="Wikidata"><value>https://wikidata.org/wiki/Q18287233</value></Data>
<Data name="type"><value>[&quot;polis&quot;]</value></Data>
<Data name="passages"><value>[&quot;10.34.4&quot;,&quot;10.36.6&quot;,&quot;10.8.6&quot;,&quot;2.1.2&quot;,&quot;2.21.6&quot;,&quot;4.35.10&quot;,&quot;5.25.8&quot;,&quot;6.9.3&quot;,&quot;7.10.11&quot;,&quot;7.10.12&quot;,&quot;7.12.2&quot;,&quot;7.12.7&quot;,&quot;7.12.8&quot;,&quot;7.12.9&quot;,&quot;7.13.5&quot;,&quot;7.14.1&quot;,&quot;7.14.3&quot;,&quot;7.14.5&quot;,&quot;7.22.5&quot;,&quot;7.22.9&quot;,&quot;7.8.6&quot;,&quot;7.9.1&quot;,&quot;7.9.4&quot;,&quot;7.9.6&quot;,&quot;8.17.4&quot;,&quot;9.27.3&quot;,&quot;9.27.4&quot;]</value></Data>
<Data name="Pleiades"><value>https://pleiades.stoa.org/places/423025</value></Data>
</ExtendedData>
        <Point><coordinates>12.4843457,41.89262</coordinates></Point>
      </Placemark>

      <Placemark>
        <name>Rome</name>
        <ExtendedData>
<Data name="name"><value>Rome</value></Data>
<Data name="region"><value>Italia (Europe)</value></Data>
<Data name="part of"><value>Roman empire</value></Data>
<Data name="altname"><value>Roma</value></Data>
<Data name="Wikidata"><value>https://wikidata.org/wiki/Q18287233</value></Data>
<Data name="type"><value>[&quot;polis&quot;]</value></Data>
<Data name="passages"><value>[&quot;10.34.4&quot;,&quot;10.36.6&quot;,&quot;10.8.6&quot;,&quot;2.1.2&quot;,&quot;2.21.6&quot;,&quot;4.35.10&quot;,&quot;5.25.8&quot;,&quot;6.9.3&quot;,&quot;7.10.11&quot;,&quot;7.10.12&quot;,&quot;7.12.2&quot;,&quot;7.12.7&quot;,&quot;7.12.8&quot;,&quot;7.12.9&quot;,&quot;7.13.5&quot;,&quot;7.14.1&quot;,&quot;7.14.3&quot;,&quot;7.14.5&quot;,&quot;7.22.5&quot;,&quot;7.22.9&quot;,&quot;7.8.6&quot;,&quot;7.9.1&quot;,&quot;7.9.4&quot;,&quot;7.9.6&quot;,&quot;8.17.4&quot;,&quot;9.27.3&quot;,&quot;9.27.4&quot;]</value></Data>
<Data name="Pleiades"><value>https://pleiades.stoa.org/places/423025</value></Data>
</ExtendedData>
        <Point><coordinates>12.4843457,41.89262</coordinates></Point>
      </Placemark>

      <Placemark>
        <name>Rome</name>
        <ExtendedData>
<Data name="name"><value>Rome</value></Data>
<Data name="region"><value>Italia (Europe)</value></Data>
<Data name="part of"><value>Roman empire</value></Data>
<Data name="altname"><value>Roma</value></Data>
<Data name="Wikidata"><value>https://wikidata.org/wiki/Q18287233</value></Data>
<Data name="type"><value>[&quot;polis&quot;]</value></Data>
<Data name="passages"><value>[&quot;10.34.4&quot;,&quot;10.36.6&quot;,&quot;10.8.6&quot;,&quot;2.1.2&quot;,&quot;2.21.6&quot;,&quot;4.35.10&quot;,&quot;5.25.8&quot;,&quot;6.9.3&quot;,&quot;7.10.11&quot;,&quot;7.10.12&quot;,&quot;7.12.2&quot;,&quot;7.12.7&quot;,&quot;7.12.8&quot;,&quot;7.12.9&quot;,&quot;7.13.5&quot;,&quot;7.14.1&quot;,&quot;7.14.3&quot;,&quot;7.14.5&quot;,&quot;7.22.5&quot;,&quot;7.22.9&quot;,&quot;7.8.6&quot;,&quot;7.9.1&quot;,&quot;7.9.4&quot;,&quot;7.9.6&quot;,&quot;8.17.4&quot;,&quot;9.27.3&quot;,&quot;9.27.4&quot;]</value></Data>
<Data name="Pleiades"><value>https://pleiades.stoa.org/places/423025</value></Data>
</ExtendedData>
        <Point><coordinates>12.4843457,41.89262</coordinates></Point>
      </Placemark>

      <Placemark>
        <name>Rome</name>
        <ExtendedData>
<Data name="name"><value>Rome</value></Data>
<Data name="region"><value>Italia (Europe)</value></Data>
<Data name="part of"><value>Roman empire</value></Data>
<Data name="altname"><value>Roma</value></Data>
<Data name="Wikidata"><value>https://wikidata.org/wiki/Q18287233</value></Data>
<Data name="type"><value>[&quot;polis&quot;]</value></Data>
<Data name="passages"><value>[&quot;10.34.4&quot;,&quot;10.36.6&quot;,&quot;10.8.6&quot;,&quot;2.1.2&quot;,&quot;2.21.6&quot;,&quot;4.35.10&quot;,&quot;5.25.8&quot;,&quot;6.9.3&quot;,&quot;7.10.11&quot;,&quot;7.10.12&quot;,&quot;7.12.2&quot;,&quot;7.12.7&quot;,&quot;7.12.8&quot;,&quot;7.12.9&quot;,&quot;7.13.5&quot;,&quot;7.14.1&quot;,&quot;7.14.3&quot;,&quot;7.14.5&quot;,&quot;7.22.5&quot;,&quot;7.22.9&quot;,&quot;7.8.6&quot;,&quot;7.9.1&quot;,&quot;7.9.4&quot;,&quot;7.9.6&quot;,&quot;8.17.4&quot;,&quot;9.27.3&quot;,&quot;9.27.4&quot;]</value></Data>
<Data name="Pleiades"><value>https://pleiades.stoa.org/places/423025</value></Data>
</ExtendedData>
        <Point><coordinates>12.4843457,41.89262</coordinates></Point>
      </Placemark>

      <Placemark>
        <name>Rome</name>
        <ExtendedData>
<Data name="name"><value>Rome</value></Data>
<Data name="region"><value>Italia (Europe)</value></Data>
<Data name="part of"><value>Roman empire</value></Data>
<Data name="altname"><value>Roma</value></Data>
<Data name="Wikidata"><value>https://wikidata.org/wiki/Q18287233</value></Data>
<Data name="type"><value>[&quot;polis&quot;]</value></Data>
<Data name="passages"><value>[&quot;10.34.4&quot;,&quot;10.36.6&quot;,&quot;10.8.6&quot;,&quot;2.1.2&quot;,&quot;2.21.6&quot;,&quot;4.35.10&quot;,&quot;5.25.8&quot;,&quot;6.9.3&quot;,&quot;7.10.11&quot;,&quot;7.10.12&quot;,&quot;7.12.2&quot;,&quot;7.12.7&quot;,&quot;7.12.8&quot;,&quot;7.12.9&quot;,&quot;7.13.5&quot;,&quot;7.14.1&quot;,&quot;7.14.3&quot;,&quot;7.14.5&quot;,&quot;7.22.5&quot;,&quot;7.22.9&quot;,&quot;7.8.6&quot;,&quot;7.9.1&quot;,&quot;7.9.4&quot;,&quot;7.9.6&quot;,&quot;8.17.4&quot;,&quot;9.27.3&quot;,&quot;9.27.4&quot;]</value></Data>
<Data name="Pleiades"><value>https://pleiades.stoa.org/places/423025</value></Data>
</ExtendedData>
        <Point><coordinates>12.4843457,41.89262</coordinates></Point>
      </Placemark>

      <Placemark>
        <name>Rome</name>
        <ExtendedData>
<Data name="name"><value>Rome</value></Data>
<Data name="region"><value>Italia (Europe)</value></Data>
<Data name="part of"><value>Roman empire</value></Data>
<Data name="altname"><value>Roma</value></Data>
<Data name="Wikidata"><value>https://wikidata.org/wiki/Q18287233</value></Data>
<Data name="type"><value>[&quot;polis&quot;]</value></Data>
<Data name="passages"><value>[&quot;10.34.4&quot;,&quot;10.36.6&quot;,&quot;10.8.6&quot;,&quot;2.1.2&quot;,&quot;2.21.6&quot;,&quot;4.35.10&quot;,&quot;5.25.8&quot;,&quot;6.9.3&quot;,&quot;7.10.11&quot;,&quot;7.10.12&quot;,&quot;7.12.2&quot;,&quot;7.12.7&quot;,&quot;7.12.8&quot;,&quot;7.12.9&quot;,&quot;7.13.5&quot;,&quot;7.14.1&quot;,&quot;7.14.3&quot;,&quot;7.14.5&quot;,&quot;7.22.5&quot;,&quot;7.22.9&quot;,&quot;7.8.6&quot;,&quot;7.9.1&quot;,&quot;7.9.4&quot;,&quot;7.9.6&quot;,&quot;8.17.4&quot;,&quot;9.27.3&quot;,&quot;9.27.4&quot;]</value></Data>
<Data name="Pleiades"><value>https://pleiades.stoa.org/places/423025</value></Data>
</ExtendedData>
        <Point><coordinates>12.4843457,41.89262</coordinates></Point>
      </Placemark>

      <Placemark>
        <name>Rome</name>
        <ExtendedData>
<Data name="name"><value>Rome</value></Data>
<Data name="region"><value>Italia (Europe)</value></Data>
<Data name="part of"><value>Roman empire</value></Data>
<Data name="altname"><value>Roma</value></Data>
<Data name="Wikidata"><value>https://wikidata.org/wiki/Q18287233</value></Data>
<Data name="type"><value>[&quot;polis&quot;]</value></Data>
<Data name="passages"><value>[&quot;10.34.4&quot;,&quot;10.36.6&quot;,&quot;10.8.6&quot;,&quot;2.1.2&quot;,&quot;2.21.6&quot;,&quot;4.35.10&quot;,&quot;5.25.8&quot;,&quot;6.9.3&quot;,&quot;7.10.11&quot;,&quot;7.10.12&quot;,&quot;7.12.2&quot;,&quot;7.12.7&quot;,&quot;7.12.8&quot;,&quot;7.12.9&quot;,&quot;7.13.5&quot;,&quot;7.14.1&quot;,&quot;7.14.3&quot;,&quot;7.14.5&quot;,&quot;7.22.5&quot;,&quot;7.22.9&quot;,&quot;7.8.6&quot;,&quot;7.9.1&quot;,&quot;7.9.4&quot;,&quot;7.9.6&quot;,&quot;8.17.4&quot;,&quot;9.27.3&quot;,&quot;9.27.4&quot;]</value></Data>
<Data name="Pleiades"><value>https://pleiades.stoa.org/places/423025</value></Data>
</ExtendedData>
        <Point><coordinates>12.4843457,41.89262</coordinates></Point>
      </Placemark>

      <Placemark>
        <name>Tomb of Talthybius near the Hellenion at Sparta</name>
        <ExtendedData>
<Data name="name"><value>Tomb of Talthybius near the Hellenion at Sparta</value></Data>
<Data name="region"><value>Lakonia Bk3</value></Data>
<Data name="part of"><value>Sparta</value></Data>
<Data name="location"><value>Sparta</value></Data>
<Data name="Wikidata"><value>https://wikidata.org/wiki/Q124616312</value></Data>
<Data name="type"><value>[&quot;tomb mnema&quot;]</value></Data>
<Data name="passages"><value>[&quot;3.12.7&quot;,&quot;7.24.1&quot;]</value></Data>
<Data name="Manto"><value>https://resource.manto.unh.edu/10150683</value></Data>
</ExtendedData>
        <Point><coordinates>22.4237,37.0821</coordinates></Point>
      </Placemark>

      <Placemark>
        <name>Thrace (Europe)</name>
        <ExtendedData>
<Data name="name"><value>Thrace (Europe)</value></Data>
<Data name="region"><value></value></Data>
<Data name="part of"><value>Europe</value></Data>
<Data name="altname"><value>Thracia</value></Data>
<Data name="Wikidata"><value>https://wikidata.org/wiki/Q41741</value></Data>
<Data name="type"><value>[&quot;major region&quot;]</value></Data>
<Data name="passages"><value>[&quot;1.10.2&quot;,&quot;1.25.2&quot;,&quot;1.29.13&quot;,&quot;1.29.4&quot;,&quot;1.29.5&quot;,&quot;1.38.2&quot;,&quot;1.6.4&quot;,&quot;1.9.5&quot;,&quot;10.11.5&quot;,&quot;10.19.5&quot;,&quot;2.30.2&quot;,&quot;3.9.12&quot;,&quot;5.10.8&quot;,&quot;5.12.6&quot;,&quot;5.27.12&quot;,&quot;6.5.4&quot;,&quot;7.4.3&quot;,&quot;8.29.1&quot;,&quot;9.30.9&quot;]</value></Data>
<Data name="Pleiades"><value>https://pleiades.stoa.org/places/501638</value></Data>
<Data name="ToposText"><value>https://topostext.org/place/410265RThr</value></Data>
</ExtendedData>
        <Point><coordinates>26.5,41</coordinates></Point>
      </Placemark>

      <Placemark>
        <name>Actium</name>
        <ExtendedData>
<Data name="name"><value>Actium</value></Data>
<Data name="region"><value>Hellas (Europe)</value></Data>
<Data name="part of"><value>Akarnania</value></Data>
<Data name="Wikidata"><value>https://wikidata.org/wiki/Q216551</value></Data>
<Data name="type"><value>[&quot;settlement&quot;]</value></Data>
<Data name="passages"><value>[&quot;5.23.3&quot;,&quot;7.18.8&quot;]</value></Data>
<Data name="Pleiades"><value>https://pleiades.stoa.org/places/530771</value></Data>
</ExtendedData>
        <Point><coordinates>20.7683,38.9509</coordinates></Point>
      </Placemark>

      <Placemark>
        <name>Sanctuary of Asklepios Kyros, beyond Mysaion of Pellene</name>
        <ExtendedData>
<Data name="name"><value>Sanctuary of Asklepios Kyros, beyond Mysaion of Pellene</value></Data>
<Data name="region"><value>Achaia Bk7</value></Data>
<Data name="part of"><value>Pellene</value></Data>
<Data name="location"><value>Pellene</value></Data>
<Data name="altname"><value>cure sanctuary, with springs</value></Data>
<Data name="Wikidata"><value>https://wikidata.org/wiki/Q134037289</value></Data>
<Data name="type"><value>[&quot;hieron&quot;]</value></Data>
<Data name="passages"><value>[&quot;7.27.11&quot;]</value></Data>
</ExtendedData>
        <Point><coordinates>22.5384,38.0446</coordinates></Point>
      </Placemark>

      <Placemark>
        <name>Locris Opuntia region</name>
        <ExtendedData>
<Data name="name"><value>Locris Opuntia region</value></Data>
<Data name="region"><value>Hellas (Europe)</value></Data>
<Data name="part of"><value>Hellas (Europe)</value></Data>
<Data name="altname"><value>Opountian Lokris</value></Data>
<Data name="Wikidata"><value>https://wikidata.org/wiki/Q3354839</value></Data>
<Data name="type"><value>[&quot;chora/region&quot;]</value></Data>
<Data name="passages"><value>[&quot;7.15.3&quot;,&quot;9.24.5&quot;]</value></Data>
<Data name="Pleiades"><value>https://pleiades.stoa.org/places/540918</value></Data>
<Data name="ToposText"><value>https://topostext.org/place/386231ROpu</value></Data>
</ExtendedData>
        <Point><coordinates>23.1,38.6</coordinates></Point>
      </Placemark>

      <Placemark>
        <name>Saloe</name>
        <ExtendedData>
<Data name="name"><value>Saloe</value></Data>
<Data name="region"><value>Asia Minor (Asia)</value></Data>
<Data name="part of"><value>Sipylos</value></Data>
<Data name="location"><value>Sipylos</value></Data>
<Data name="type"><value>[&quot;lake&quot;]</value></Data>
<Data name="passages"><value>[&quot;7.24.13&quot;,&quot;8.17.3&quot;]</value></Data>
<Data name="Pleiades"><value>https://pleiades.stoa.org/places/550860</value></Data>
</ExtendedData>
        <Point><coordinates>27.453939999999996,38.5668</coordinates></Point>
      </Placemark>

      <Placemark>
        <name>Cave of Pyrros&apos; Mother near Klazomenai</name>
        <ExtendedData>
<Data name="name"><value>Cave of Pyrros&apos; Mother near Klazomenai</value></Data>
<Data name="region"><value>Asia Minor (Asia)</value></Data>
<Data name="part of"><value>Klazomenai (later)</value></Data>
<Data name="location"><value>Klazomenai (later)</value></Data>
<Data name="type"><value>[&quot;cave&quot;]</value></Data>
<Data name="passages"><value>[&quot;7.5.11&quot;]</value></Data>
</ExtendedData>
        <Point><coordinates>26.774159529999995,38.36467713</coordinates></Point>
      </Placemark>

      <Placemark>
        <name>Aeolis</name>
        <ExtendedData>
<Data name="name"><value>Aeolis</value></Data>
<Data name="region"><value>Asia (continent)</value></Data>
<Data name="part of"><value>Asia Minor (Asia)</value></Data>
<Data name="Wikidata"><value>https://wikidata.org/wiki/Q255325</value></Data>
<Data name="type"><value>[&quot;chora/region&quot;]</value></Data>
<Data name="passages"><value>[&quot;3.2.1&quot;,&quot;5.24.6&quot;,&quot;7.5.1&quot;]</value></Data>
<Data name="Pleiades"><value>https://pleiades.stoa.org/places/550406</value></Data>
</ExtendedData>
        <Point><coordinates>26.95080175,38.84644288</coordinates></Point>
      </Placemark>

      <Placemark>
        <name>Sanctuary of Pythian Apollo at Delphi</name>
        <ExtendedData>
<Data name="name"><value>Sanctuary of Pythian Apollo at Delphi</value></Data>
<Data name="region"><value>Phokis Bk10</value></Data>
<Data name="part of"><value>Delphi (polis)</value></Data>
<Data name="altname"><value>Pytho: distinct from the polis of the Delphians</value></Data>
<Data name="Wikidata"><value>https://wikidata.org/wiki/Q125925203</value></Data>
<Data name="type"><value>[&quot;hieron&quot;]</value></Data>
<Data name="passages"><value>[&quot;1.11.1&quot;,&quot;1.20.7&quot;,&quot;1.22.8&quot;,&quot;1.26.3&quot;,&quot;1.3.4&quot;,&quot;1.37.6&quot;,&quot;1.4.4&quot;,&quot;1.41.1&quot;,&quot;1.43.3&quot;,&quot;1.43.7&quot;,&quot;1.43.8&quot;,&quot;1.9.3&quot;,&quot;10.1.1&quot;,&quot;10.1.10&quot;,&quot;10.1.4&quot;,&quot;10.10.2&quot;,&quot;10.11.1&quot;,&quot;10.11.2&quot;,&quot;10.12.5&quot;,&quot;10.13.1&quot;,&quot;10.13.10&quot;,&quot;10.13.6&quot;,&quot;10.13.8&quot;,&quot;10.14.5&quot;,&quot;10.15.5&quot;,&quot;10.15.6&quot;,&quot;10.16.5&quot;,&quot;10.16.7&quot;,&quot;10.16.8&quot;,&quot;10.17.2&quot;,&quot;10.18.1&quot;,&quot;10.18.2&quot;,&quot;10.18.5&quot;,&quot;10.18.7&quot;,&quot;10.19.3&quot;,&quot;10.19.5&quot;,&quot;10.2.2&quot;,&quot;10.2.3&quot;,&quot;10.22.12&quot;,&quot;10.23.1&quot;,&quot;10.23.11&quot;,&quot;10.23.2&quot;,&quot;10.23.3&quot;,&quot;10.24.1&quot;,&quot;10.24.5&quot;,&quot;10.3.3&quot;,&quot;10.3.4&quot;,&quot;10.32.1&quot;,&quot;10.33.3&quot;,&quot;10.34.1&quot;,&quot;10.34.2&quot;,&quot;10.35.8&quot;,&quot;10.36.3&quot;,&quot;10.36.6&quot;,&quot;10.5.5&quot;,&quot;10.5.7&quot;,&quot;10.6.5&quot;,&quot;10.6.6&quot;,&quot;10.7.1&quot;,&quot;10.7.3&quot;,&quot;10.8.1&quot;,&quot;10.8.2&quot;,&quot;10.8.3&quot;,&quot;10.8.6&quot;,&quot;10.9.1&quot;,&quot;10.9.12&quot;,&quot;10.9.2&quot;,&quot;10.9.4&quot;,&quot;10.9.6&quot;,&quot;2.22.8&quot;,&quot;2.24.1&quot;,&quot;2.26.7&quot;,&quot;2.29.7&quot;,&quot;2.33.2&quot;,&quot;3.1.6&quot;,&quot;3.10.3&quot;,&quot;3.10.4&quot;,&quot;3.11.8&quot;,&quot;3.13.8&quot;,&quot;3.17.1&quot;,&quot;3.17.9&quot;,&quot;3.19.12&quot;,&quot;3.3.6&quot;,&quot;3.4.3&quot;,&quot;3.4.4&quot;,&quot;3.8.10&quot;,&quot;3.8.2&quot;,&quot;3.8.9&quot;,&quot;4.12.1&quot;,&quot;4.12.7&quot;,&quot;4.12.8&quot;,&quot;4.15.6&quot;,&quot;4.16.6&quot;,&quot;4.17.4&quot;,&quot;4.20.1&quot;,&quot;4.24.1&quot;,&quot;4.32.3&quot;,&quot;4.32.5&quot;,&quot;4.34.9&quot;,&quot;4.5.4&quot;,&quot;4.9.3&quot;,&quot;5.13.5&quot;,&quot;5.18.8&quot;,&quot;5.21.5&quot;,&quot;5.21.7&quot;,&quot;5.27.1&quot;,&quot;5.27.10&quot;,&quot;5.27.9&quot;,&quot;5.3.1&quot;,&quot;5.4.3&quot;,&quot;5.4.6&quot;,&quot;5.7.3&quot;,&quot;6.1.8&quot;,&quot;6.11.5&quot;,&quot;6.11.7&quot;,&quot;6.12.8&quot;,&quot;6.13.8&quot;,&quot;6.14.5&quot;,&quot;6.15.1&quot;,&quot;6.15.3&quot;,&quot;6.15.6&quot;,&quot;6.16.4&quot;,&quot;6.17.2&quot;,&quot;6.19.1&quot;,&quot;6.2.2&quot;,&quot;6.3.11&quot;,&quot;6.3.4&quot;,&quot;6.3.8&quot;,&quot;6.4.11&quot;,&quot;6.4.2&quot;,&quot;6.4.5&quot;,&quot;6.4.6&quot;,&quot;6.7.10&quot;,&quot;6.8.1&quot;,&quot;6.8.6&quot;,&quot;6.9.7&quot;,&quot;7.17.13&quot;,&quot;7.17.6&quot;,&quot;7.19.4&quot;,&quot;7.19.6&quot;,&quot;7.19.7&quot;,&quot;7.2.1&quot;,&quot;7.24.4&quot;,&quot;7.3.1&quot;,&quot;8.10.9&quot;,&quot;8.11.10&quot;,&quot;8.15.1&quot;,&quot;8.23.1&quot;,&quot;8.24.10&quot;,&quot;8.24.14&quot;,&quot;8.24.8&quot;,&quot;8.27.9&quot;,&quot;8.36.8&quot;,&quot;8.37.1&quot;,&quot;8.39.4&quot;,&quot;8.48.2&quot;,&quot;8.5.4&quot;,&quot;8.53.3&quot;,&quot;8.7.6&quot;,&quot;8.9.3&quot;,&quot;9.12.1&quot;,&quot;9.14.2&quot;,&quot;9.25.1&quot;,&quot;9.26.3&quot;,&quot;9.33.1&quot;,&quot;9.33.4&quot;,&quot;9.36.2&quot;,&quot;9.37.4&quot;,&quot;9.37.5&quot;,&quot;9.38.5&quot;,&quot;9.40.1&quot;,&quot;9.41.2&quot;,&quot;9.5.10&quot;,&quot;9.7.5&quot;]</value></Data>
<Data name="Pleiades"><value>https://pleiades.stoa.org/places/540726</value></Data>
<Data name="ToposText"><value>https://topostext.org/place/385225SDel</value></Data>
</ExtendedData>
        <Point><coordinates>22.50151,38.48254</coordinates></Point>
      </Placemark>

      <Placemark>
        <name>Sanctuary of Pythian Apollo at Delphi</name>
        <ExtendedData>
<Data name="name"><value>Sanctuary of Pythian Apollo at Delphi</value></Data>
<Data name="region"><value>Phokis Bk10</value></Data>
<Data name="part of"><value>Delphi (polis)</value></Data>
<Data name="altname"><value>Pytho: distinct from the polis of the Delphians</value></Data>
<Data name="Wikidata"><value>https://wikidata.org/wiki/Q125925203</value></Data>
<Data name="type"><value>[&quot;hieron&quot;]</value></Data>
<Data name="passages"><value>[&quot;1.11.1&quot;,&quot;1.20.7&quot;,&quot;1.22.8&quot;,&quot;1.26.3&quot;,&quot;1.3.4&quot;,&quot;1.37.6&quot;,&quot;1.4.4&quot;,&quot;1.41.1&quot;,&quot;1.43.3&quot;,&quot;1.43.7&quot;,&quot;1.43.8&quot;,&quot;1.9.3&quot;,&quot;10.1.1&quot;,&quot;10.1.10&quot;,&quot;10.1.4&quot;,&quot;10.10.2&quot;,&quot;10.11.1&quot;,&quot;10.11.2&quot;,&quot;10.12.5&quot;,&quot;10.13.1&quot;,&quot;10.13.10&quot;,&quot;10.13.6&quot;,&quot;10.13.8&quot;,&quot;10.14.5&quot;,&quot;10.15.5&quot;,&quot;10.15.6&quot;,&quot;10.16.5&quot;,&quot;10.16.7&quot;,&quot;10.16.8&quot;,&quot;10.17.2&quot;,&quot;10.18.1&quot;,&quot;10.18.2&quot;,&quot;10.18.5&quot;,&quot;10.18.7&quot;,&quot;10.19.3&quot;,&quot;10.19.5&quot;,&quot;10.2.2&quot;,&quot;10.2.3&quot;,&quot;10.22.12&quot;,&quot;10.23.1&quot;,&quot;10.23.11&quot;,&quot;10.23.2&quot;,&quot;10.23.3&quot;,&quot;10.24.1&quot;,&quot;10.24.5&quot;,&quot;10.3.3&quot;,&quot;10.3.4&quot;,&quot;10.32.1&quot;,&quot;10.33.3&quot;,&quot;10.34.1&quot;,&quot;10.34.2&quot;,&quot;10.35.8&quot;,&quot;10.36.3&quot;,&quot;10.36.6&quot;,&quot;10.5.5&quot;,&quot;10.5.7&quot;,&quot;10.6.5&quot;,&quot;10.6.6&quot;,&quot;10.7.1&quot;,&quot;10.7.3&quot;,&quot;10.8.1&quot;,&quot;10.8.2&quot;,&quot;10.8.3&quot;,&quot;10.8.6&quot;,&quot;10.9.1&quot;,&quot;10.9.12&quot;,&quot;10.9.2&quot;,&quot;10.9.4&quot;,&quot;10.9.6&quot;,&quot;2.22.8&quot;,&quot;2.24.1&quot;,&quot;2.26.7&quot;,&quot;2.29.7&quot;,&quot;2.33.2&quot;,&quot;3.1.6&quot;,&quot;3.10.3&quot;,&quot;3.10.4&quot;,&quot;3.11.8&quot;,&quot;3.13.8&quot;,&quot;3.17.1&quot;,&quot;3.17.9&quot;,&quot;3.19.12&quot;,&quot;3.3.6&quot;,&quot;3.4.3&quot;,&quot;3.4.4&quot;,&quot;3.8.10&quot;,&quot;3.8.2&quot;,&quot;3.8.9&quot;,&quot;4.12.1&quot;,&quot;4.12.7&quot;,&quot;4.12.8&quot;,&quot;4.15.6&quot;,&quot;4.16.6&quot;,&quot;4.17.4&quot;,&quot;4.20.1&quot;,&quot;4.24.1&quot;,&quot;4.32.3&quot;,&quot;4.32.5&quot;,&quot;4.34.9&quot;,&quot;4.5.4&quot;,&quot;4.9.3&quot;,&quot;5.13.5&quot;,&quot;5.18.8&quot;,&quot;5.21.5&quot;,&quot;5.21.7&quot;,&quot;5.27.1&quot;,&quot;5.27.10&quot;,&quot;5.27.9&quot;,&quot;5.3.1&quot;,&quot;5.4.3&quot;,&quot;5.4.6&quot;,&quot;5.7.3&quot;,&quot;6.1.8&quot;,&quot;6.11.5&quot;,&quot;6.11.7&quot;,&quot;6.12.8&quot;,&quot;6.13.8&quot;,&quot;6.14.5&quot;,&quot;6.15.1&quot;,&quot;6.15.3&quot;,&quot;6.15.6&quot;,&quot;6.16.4&quot;,&quot;6.17.2&quot;,&quot;6.19.1&quot;,&quot;6.2.2&quot;,&quot;6.3.11&quot;,&quot;6.3.4&quot;,&quot;6.3.8&quot;,&quot;6.4.11&quot;,&quot;6.4.2&quot;,&quot;6.4.5&quot;,&quot;6.4.6&quot;,&quot;6.7.10&quot;,&quot;6.8.1&quot;,&quot;6.8.6&quot;,&quot;6.9.7&quot;,&quot;7.17.13&quot;,&quot;7.17.6&quot;,&quot;7.19.4&quot;,&quot;7.19.6&quot;,&quot;7.19.7&quot;,&quot;7.2.1&quot;,&quot;7.24.4&quot;,&quot;7.3.1&quot;,&quot;8.10.9&quot;,&quot;8.11.10&quot;,&quot;8.15.1&quot;,&quot;8.23.1&quot;,&quot;8.24.10&quot;,&quot;8.24.14&quot;,&quot;8.24.8&quot;,&quot;8.27.9&quot;,&quot;8.36.8&quot;,&quot;8.37.1&quot;,&quot;8.39.4&quot;,&quot;8.48.2&quot;,&quot;8.5.4&quot;,&quot;8.53.3&quot;,&quot;8.7.6&quot;,&quot;8.9.3&quot;,&quot;9.12.1&quot;,&quot;9.14.2&quot;,&quot;9.25.1&quot;,&quot;9.26.3&quot;,&quot;9.33.1&quot;,&quot;9.33.4&quot;,&quot;9.36.2&quot;,&quot;9.37.4&quot;,&quot;9.37.5&quot;,&quot;9.38.5&quot;,&quot;9.40.1&quot;,&quot;9.41.2&quot;,&quot;9.5.10&quot;,&quot;9.7.5&quot;]</value></Data>
<Data name="Pleiades"><value>https://pleiades.stoa.org/places/540726</value></Data>
<Data name="ToposText"><value>https://topostext.org/place/385225SDel</value></Data>
</ExtendedData>
        <Point><coordinates>22.50151,38.48254</coordinates></Point>
      </Placemark>

      <Placemark>
        <name>Sanctuary of Pythian Apollo at Delphi</name>
        <ExtendedData>
<Data name="name"><value>Sanctuary of Pythian Apollo at Delphi</value></Data>
<Data name="region"><value>Phokis Bk10</value></Data>
<Data name="part of"><value>Delphi (polis)</value></Data>
<Data name="altname"><value>Pytho: distinct from the polis of the Delphians</value></Data>
<Data name="Wikidata"><value>https://wikidata.org/wiki/Q125925203</value></Data>
<Data name="type"><value>[&quot;hieron&quot;]</value></Data>
<Data name="passages"><value>[&quot;1.11.1&quot;,&quot;1.20.7&quot;,&quot;1.22.8&quot;,&quot;1.26.3&quot;,&quot;1.3.4&quot;,&quot;1.37.6&quot;,&quot;1.4.4&quot;,&quot;1.41.1&quot;,&quot;1.43.3&quot;,&quot;1.43.7&quot;,&quot;1.43.8&quot;,&quot;1.9.3&quot;,&quot;10.1.1&quot;,&quot;10.1.10&quot;,&quot;10.1.4&quot;,&quot;10.10.2&quot;,&quot;10.11.1&quot;,&quot;10.11.2&quot;,&quot;10.12.5&quot;,&quot;10.13.1&quot;,&quot;10.13.10&quot;,&quot;10.13.6&quot;,&quot;10.13.8&quot;,&quot;10.14.5&quot;,&quot;10.15.5&quot;,&quot;10.15.6&quot;,&quot;10.16.5&quot;,&quot;10.16.7&quot;,&quot;10.16.8&quot;,&quot;10.17.2&quot;,&quot;10.18.1&quot;,&quot;10.18.2&quot;,&quot;10.18.5&quot;,&quot;10.18.7&quot;,&quot;10.19.3&quot;,&quot;10.19.5&quot;,&quot;10.2.2&quot;,&quot;10.2.3&quot;,&quot;10.22.12&quot;,&quot;10.23.1&quot;,&quot;10.23.11&quot;,&quot;10.23.2&quot;,&quot;10.23.3&quot;,&quot;10.24.1&quot;,&quot;10.24.5&quot;,&quot;10.3.3&quot;,&quot;10.3.4&quot;,&quot;10.32.1&quot;,&quot;10.33.3&quot;,&quot;10.34.1&quot;,&quot;10.34.2&quot;,&quot;10.35.8&quot;,&quot;10.36.3&quot;,&quot;10.36.6&quot;,&quot;10.5.5&quot;,&quot;10.5.7&quot;,&quot;10.6.5&quot;,&quot;10.6.6&quot;,&quot;10.7.1&quot;,&quot;10.7.3&quot;,&quot;10.8.1&quot;,&quot;10.8.2&quot;,&quot;10.8.3&quot;,&quot;10.8.6&quot;,&quot;10.9.1&quot;,&quot;10.9.12&quot;,&quot;10.9.2&quot;,&quot;10.9.4&quot;,&quot;10.9.6&quot;,&quot;2.22.8&quot;,&quot;2.24.1&quot;,&quot;2.26.7&quot;,&quot;2.29.7&quot;,&quot;2.33.2&quot;,&quot;3.1.6&quot;,&quot;3.10.3&quot;,&quot;3.10.4&quot;,&quot;3.11.8&quot;,&quot;3.13.8&quot;,&quot;3.17.1&quot;,&quot;3.17.9&quot;,&quot;3.19.12&quot;,&quot;3.3.6&quot;,&quot;3.4.3&quot;,&quot;3.4.4&quot;,&quot;3.8.10&quot;,&quot;3.8.2&quot;,&quot;3.8.9&quot;,&quot;4.12.1&quot;,&quot;4.12.7&quot;,&quot;4.12.8&quot;,&quot;4.15.6&quot;,&quot;4.16.6&quot;,&quot;4.17.4&quot;,&quot;4.20.1&quot;,&quot;4.24.1&quot;,&quot;4.32.3&quot;,&quot;4.32.5&quot;,&quot;4.34.9&quot;,&quot;4.5.4&quot;,&quot;4.9.3&quot;,&quot;5.13.5&quot;,&quot;5.18.8&quot;,&quot;5.21.5&quot;,&quot;5.21.7&quot;,&quot;5.27.1&quot;,&quot;5.27.10&quot;,&quot;5.27.9&quot;,&quot;5.3.1&quot;,&quot;5.4.3&quot;,&quot;5.4.6&quot;,&quot;5.7.3&quot;,&quot;6.1.8&quot;,&quot;6.11.5&quot;,&quot;6.11.7&quot;,&quot;6.12.8&quot;,&quot;6.13.8&quot;,&quot;6.14.5&quot;,&quot;6.15.1&quot;,&quot;6.15.3&quot;,&quot;6.15.6&quot;,&quot;6.16.4&quot;,&quot;6.17.2&quot;,&quot;6.19.1&quot;,&quot;6.2.2&quot;,&quot;6.3.11&quot;,&quot;6.3.4&quot;,&quot;6.3.8&quot;,&quot;6.4.11&quot;,&quot;6.4.2&quot;,&quot;6.4.5&quot;,&quot;6.4.6&quot;,&quot;6.7.10&quot;,&quot;6.8.1&quot;,&quot;6.8.6&quot;,&quot;6.9.7&quot;,&quot;7.17.13&quot;,&quot;7.17.6&quot;,&quot;7.19.4&quot;,&quot;7.19.6&quot;,&quot;7.19.7&quot;,&quot;7.2.1&quot;,&quot;7.24.4&quot;,&quot;7.3.1&quot;,&quot;8.10.9&quot;,&quot;8.11.10&quot;,&quot;8.15.1&quot;,&quot;8.23.1&quot;,&quot;8.24.10&quot;,&quot;8.24.14&quot;,&quot;8.24.8&quot;,&quot;8.27.9&quot;,&quot;8.36.8&quot;,&quot;8.37.1&quot;,&quot;8.39.4&quot;,&quot;8.48.2&quot;,&quot;8.5.4&quot;,&quot;8.53.3&quot;,&quot;8.7.6&quot;,&quot;8.9.3&quot;,&quot;9.12.1&quot;,&quot;9.14.2&quot;,&quot;9.25.1&quot;,&quot;9.26.3&quot;,&quot;9.33.1&quot;,&quot;9.33.4&quot;,&quot;9.36.2&quot;,&quot;9.37.4&quot;,&quot;9.37.5&quot;,&quot;9.38.5&quot;,&quot;9.40.1&quot;,&quot;9.41.2&quot;,&quot;9.5.10&quot;,&quot;9.7.5&quot;]</value></Data>
<Data name="Pleiades"><value>https://pleiades.stoa.org/places/540726</value></Data>
<Data name="ToposText"><value>https://topostext.org/place/385225SDel</value></Data>
</ExtendedData>
        <Point><coordinates>22.50151,38.48254</coordinates></Point>
      </Placemark>

      <Placemark>
        <name>Sanctuary of Pythian Apollo at Delphi</name>
        <ExtendedData>
<Data name="name"><value>Sanctuary of Pythian Apollo at Delphi</value></Data>
<Data name="region"><value>Phokis Bk10</value></Data>
<Data name="part of"><value>Delphi (polis)</value></Data>
<Data name="altname"><value>Pytho: distinct from the polis of the Delphians</value></Data>
<Data name="Wikidata"><value>https://wikidata.org/wiki/Q125925203</value></Data>
<Data name="type"><value>[&quot;hieron&quot;]</value></Data>
<Data name="passages"><value>[&quot;1.11.1&quot;,&quot;1.20.7&quot;,&quot;1.22.8&quot;,&quot;1.26.3&quot;,&quot;1.3.4&quot;,&quot;1.37.6&quot;,&quot;1.4.4&quot;,&quot;1.41.1&quot;,&quot;1.43.3&quot;,&quot;1.43.7&quot;,&quot;1.43.8&quot;,&quot;1.9.3&quot;,&quot;10.1.1&quot;,&quot;10.1.10&quot;,&quot;10.1.4&quot;,&quot;10.10.2&quot;,&quot;10.11.1&quot;,&quot;10.11.2&quot;,&quot;10.12.5&quot;,&quot;10.13.1&quot;,&quot;10.13.10&quot;,&quot;10.13.6&quot;,&quot;10.13.8&quot;,&quot;10.14.5&quot;,&quot;10.15.5&quot;,&quot;10.15.6&quot;,&quot;10.16.5&quot;,&quot;10.16.7&quot;,&quot;10.16.8&quot;,&quot;10.17.2&quot;,&quot;10.18.1&quot;,&quot;10.18.2&quot;,&quot;10.18.5&quot;,&quot;10.18.7&quot;,&quot;10.19.3&quot;,&quot;10.19.5&quot;,&quot;10.2.2&quot;,&quot;10.2.3&quot;,&quot;10.22.12&quot;,&quot;10.23.1&quot;,&quot;10.23.11&quot;,&quot;10.23.2&quot;,&quot;10.23.3&quot;,&quot;10.24.1&quot;,&quot;10.24.5&quot;,&quot;10.3.3&quot;,&quot;10.3.4&quot;,&quot;10.32.1&quot;,&quot;10.33.3&quot;,&quot;10.34.1&quot;,&quot;10.34.2&quot;,&quot;10.35.8&quot;,&quot;10.36.3&quot;,&quot;10.36.6&quot;,&quot;10.5.5&quot;,&quot;10.5.7&quot;,&quot;10.6.5&quot;,&quot;10.6.6&quot;,&quot;10.7.1&quot;,&quot;10.7.3&quot;,&quot;10.8.1&quot;,&quot;10.8.2&quot;,&quot;10.8.3&quot;,&quot;10.8.6&quot;,&quot;10.9.1&quot;,&quot;10.9.12&quot;,&quot;10.9.2&quot;,&quot;10.9.4&quot;,&quot;10.9.6&quot;,&quot;2.22.8&quot;,&quot;2.24.1&quot;,&quot;2.26.7&quot;,&quot;2.29.7&quot;,&quot;2.33.2&quot;,&quot;3.1.6&quot;,&quot;3.10.3&quot;,&quot;3.10.4&quot;,&quot;3.11.8&quot;,&quot;3.13.8&quot;,&quot;3.17.1&quot;,&quot;3.17.9&quot;,&quot;3.19.12&quot;,&quot;3.3.6&quot;,&quot;3.4.3&quot;,&quot;3.4.4&quot;,&quot;3.8.10&quot;,&quot;3.8.2&quot;,&quot;3.8.9&quot;,&quot;4.12.1&quot;,&quot;4.12.7&quot;,&quot;4.12.8&quot;,&quot;4.15.6&quot;,&quot;4.16.6&quot;,&quot;4.17.4&quot;,&quot;4.20.1&quot;,&quot;4.24.1&quot;,&quot;4.32.3&quot;,&quot;4.32.5&quot;,&quot;4.34.9&quot;,&quot;4.5.4&quot;,&quot;4.9.3&quot;,&quot;5.13.5&quot;,&quot;5.18.8&quot;,&quot;5.21.5&quot;,&quot;5.21.7&quot;,&quot;5.27.1&quot;,&quot;5.27.10&quot;,&quot;5.27.9&quot;,&quot;5.3.1&quot;,&quot;5.4.3&quot;,&quot;5.4.6&quot;,&quot;5.7.3&quot;,&quot;6.1.8&quot;,&quot;6.11.5&quot;,&quot;6.11.7&quot;,&quot;6.12.8&quot;,&quot;6.13.8&quot;,&quot;6.14.5&quot;,&quot;6.15.1&quot;,&quot;6.15.3&quot;,&quot;6.15.6&quot;,&quot;6.16.4&quot;,&quot;6.17.2&quot;,&quot;6.19.1&quot;,&quot;6.2.2&quot;,&quot;6.3.11&quot;,&quot;6.3.4&quot;,&quot;6.3.8&quot;,&quot;6.4.11&quot;,&quot;6.4.2&quot;,&quot;6.4.5&quot;,&quot;6.4.6&quot;,&quot;6.7.10&quot;,&quot;6.8.1&quot;,&quot;6.8.6&quot;,&quot;6.9.7&quot;,&quot;7.17.13&quot;,&quot;7.17.6&quot;,&quot;7.19.4&quot;,&quot;7.19.6&quot;,&quot;7.19.7&quot;,&quot;7.2.1&quot;,&quot;7.24.4&quot;,&quot;7.3.1&quot;,&quot;8.10.9&quot;,&quot;8.11.10&quot;,&quot;8.15.1&quot;,&quot;8.23.1&quot;,&quot;8.24.10&quot;,&quot;8.24.14&quot;,&quot;8.24.8&quot;,&quot;8.27.9&quot;,&quot;8.36.8&quot;,&quot;8.37.1&quot;,&quot;8.39.4&quot;,&quot;8.48.2&quot;,&quot;8.5.4&quot;,&quot;8.53.3&quot;,&quot;8.7.6&quot;,&quot;8.9.3&quot;,&quot;9.12.1&quot;,&quot;9.14.2&quot;,&quot;9.25.1&quot;,&quot;9.26.3&quot;,&quot;9.33.1&quot;,&quot;9.33.4&quot;,&quot;9.36.2&quot;,&quot;9.37.4&quot;,&quot;9.37.5&quot;,&quot;9.38.5&quot;,&quot;9.40.1&quot;,&quot;9.41.2&quot;,&quot;9.5.10&quot;,&quot;9.7.5&quot;]</value></Data>
<Data name="Pleiades"><value>https://pleiades.stoa.org/places/540726</value></Data>
<Data name="ToposText"><value>https://topostext.org/place/385225SDel</value></Data>
</ExtendedData>
        <Point><coordinates>22.50151,38.48254</coordinates></Point>
      </Placemark>

      <Placemark>
        <name>Sanctuary of Pythian Apollo at Delphi</name>
        <ExtendedData>
<Data name="name"><value>Sanctuary of Pythian Apollo at Delphi</value></Data>
<Data name="region"><value>Phokis Bk10</value></Data>
<Data name="part of"><value>Delphi (polis)</value></Data>
<Data name="altname"><value>Pytho: distinct from the polis of the Delphians</value></Data>
<Data name="Wikidata"><value>https://wikidata.org/wiki/Q125925203</value></Data>
<Data name="type"><value>[&quot;hieron&quot;]</value></Data>
<Data name="passages"><value>[&quot;1.11.1&quot;,&quot;1.20.7&quot;,&quot;1.22.8&quot;,&quot;1.26.3&quot;,&quot;1.3.4&quot;,&quot;1.37.6&quot;,&quot;1.4.4&quot;,&quot;1.41.1&quot;,&quot;1.43.3&quot;,&quot;1.43.7&quot;,&quot;1.43.8&quot;,&quot;1.9.3&quot;,&quot;10.1.1&quot;,&quot;10.1.10&quot;,&quot;10.1.4&quot;,&quot;10.10.2&quot;,&quot;10.11.1&quot;,&quot;10.11.2&quot;,&quot;10.12.5&quot;,&quot;10.13.1&quot;,&quot;10.13.10&quot;,&quot;10.13.6&quot;,&quot;10.13.8&quot;,&quot;10.14.5&quot;,&quot;10.15.5&quot;,&quot;10.15.6&quot;,&quot;10.16.5&quot;,&quot;10.16.7&quot;,&quot;10.16.8&quot;,&quot;10.17.2&quot;,&quot;10.18.1&quot;,&quot;10.18.2&quot;,&quot;10.18.5&quot;,&quot;10.18.7&quot;,&quot;10.19.3&quot;,&quot;10.19.5&quot;,&quot;10.2.2&quot;,&quot;10.2.3&quot;,&quot;10.22.12&quot;,&quot;10.23.1&quot;,&quot;10.23.11&quot;,&quot;10.23.2&quot;,&quot;10.23.3&quot;,&quot;10.24.1&quot;,&quot;10.24.5&quot;,&quot;10.3.3&quot;,&quot;10.3.4&quot;,&quot;10.32.1&quot;,&quot;10.33.3&quot;,&quot;10.34.1&quot;,&quot;10.34.2&quot;,&quot;10.35.8&quot;,&quot;10.36.3&quot;,&quot;10.36.6&quot;,&quot;10.5.5&quot;,&quot;10.5.7&quot;,&quot;10.6.5&quot;,&quot;10.6.6&quot;,&quot;10.7.1&quot;,&quot;10.7.3&quot;,&quot;10.8.1&quot;,&quot;10.8.2&quot;,&quot;10.8.3&quot;,&quot;10.8.6&quot;,&quot;10.9.1&quot;,&quot;10.9.12&quot;,&quot;10.9.2&quot;,&quot;10.9.4&quot;,&quot;10.9.6&quot;,&quot;2.22.8&quot;,&quot;2.24.1&quot;,&quot;2.26.7&quot;,&quot;2.29.7&quot;,&quot;2.33.2&quot;,&quot;3.1.6&quot;,&quot;3.10.3&quot;,&quot;3.10.4&quot;,&quot;3.11.8&quot;,&quot;3.13.8&quot;,&quot;3.17.1&quot;,&quot;3.17.9&quot;,&quot;3.19.12&quot;,&quot;3.3.6&quot;,&quot;3.4.3&quot;,&quot;3.4.4&quot;,&quot;3.8.10&quot;,&quot;3.8.2&quot;,&quot;3.8.9&quot;,&quot;4.12.1&quot;,&quot;4.12.7&quot;,&quot;4.12.8&quot;,&quot;4.15.6&quot;,&quot;4.16.6&quot;,&quot;4.17.4&quot;,&quot;4.20.1&quot;,&quot;4.24.1&quot;,&quot;4.32.3&quot;,&quot;4.32.5&quot;,&quot;4.34.9&quot;,&quot;4.5.4&quot;,&quot;4.9.3&quot;,&quot;5.13.5&quot;,&quot;5.18.8&quot;,&quot;5.21.5&quot;,&quot;5.21.7&quot;,&quot;5.27.1&quot;,&quot;5.27.10&quot;,&quot;5.27.9&quot;,&quot;5.3.1&quot;,&quot;5.4.3&quot;,&quot;5.4.6&quot;,&quot;5.7.3&quot;,&quot;6.1.8&quot;,&quot;6.11.5&quot;,&quot;6.11.7&quot;,&quot;6.12.8&quot;,&quot;6.13.8&quot;,&quot;6.14.5&quot;,&quot;6.15.1&quot;,&quot;6.15.3&quot;,&quot;6.15.6&quot;,&quot;6.16.4&quot;,&quot;6.17.2&quot;,&quot;6.19.1&quot;,&quot;6.2.2&quot;,&quot;6.3.11&quot;,&quot;6.3.4&quot;,&quot;6.3.8&quot;,&quot;6.4.11&quot;,&quot;6.4.2&quot;,&quot;6.4.5&quot;,&quot;6.4.6&quot;,&quot;6.7.10&quot;,&quot;6.8.1&quot;,&quot;6.8.6&quot;,&quot;6.9.7&quot;,&quot;7.17.13&quot;,&quot;7.17.6&quot;,&quot;7.19.4&quot;,&quot;7.19.6&quot;,&quot;7.19.7&quot;,&quot;7.2.1&quot;,&quot;7.24.4&quot;,&quot;7.3.1&quot;,&quot;8.10.9&quot;,&quot;8.11.10&quot;,&quot;8.15.1&quot;,&quot;8.23.1&quot;,&quot;8.24.10&quot;,&quot;8.24.14&quot;,&quot;8.24.8&quot;,&quot;8.27.9&quot;,&quot;8.36.8&quot;,&quot;8.37.1&quot;,&quot;8.39.4&quot;,&quot;8.48.2&quot;,&quot;8.5.4&quot;,&quot;8.53.3&quot;,&quot;8.7.6&quot;,&quot;8.9.3&quot;,&quot;9.12.1&quot;,&quot;9.14.2&quot;,&quot;9.25.1&quot;,&quot;9.26.3&quot;,&quot;9.33.1&quot;,&quot;9.33.4&quot;,&quot;9.36.2&quot;,&quot;9.37.4&quot;,&quot;9.37.5&quot;,&quot;9.38.5&quot;,&quot;9.40.1&quot;,&quot;9.41.2&quot;,&quot;9.5.10&quot;,&quot;9.7.5&quot;]</value></Data>
<Data name="Pleiades"><value>https://pleiades.stoa.org/places/540726</value></Data>
<Data name="ToposText"><value>https://topostext.org/place/385225SDel</value></Data>
</ExtendedData>
        <Point><coordinates>22.50151,38.48254</coordinates></Point>
      </Placemark>

      <Placemark>
        <name>Sanctuary of Pythian Apollo at Delphi</name>
        <ExtendedData>
<Data name="name"><value>Sanctuary of Pythian Apollo at Delphi</value></Data>
<Data name="region"><value>Phokis Bk10</value></Data>
<Data name="part of"><value>Delphi (polis)</value></Data>
<Data name="altname"><value>Pytho: distinct from the polis of the Delphians</value></Data>
<Data name="Wikidata"><value>https://wikidata.org/wiki/Q125925203</value></Data>
<Data name="type"><value>[&quot;hieron&quot;]</value></Data>
<Data name="passages"><value>[&quot;1.11.1&quot;,&quot;1.20.7&quot;,&quot;1.22.8&quot;,&quot;1.26.3&quot;,&quot;1.3.4&quot;,&quot;1.37.6&quot;,&quot;1.4.4&quot;,&quot;1.41.1&quot;,&quot;1.43.3&quot;,&quot;1.43.7&quot;,&quot;1.43.8&quot;,&quot;1.9.3&quot;,&quot;10.1.1&quot;,&quot;10.1.10&quot;,&quot;10.1.4&quot;,&quot;10.10.2&quot;,&quot;10.11.1&quot;,&quot;10.11.2&quot;,&quot;10.12.5&quot;,&quot;10.13.1&quot;,&quot;10.13.10&quot;,&quot;10.13.6&quot;,&quot;10.13.8&quot;,&quot;10.14.5&quot;,&quot;10.15.5&quot;,&quot;10.15.6&quot;,&quot;10.16.5&quot;,&quot;10.16.7&quot;,&quot;10.16.8&quot;,&quot;10.17.2&quot;,&quot;10.18.1&quot;,&quot;10.18.2&quot;,&quot;10.18.5&quot;,&quot;10.18.7&quot;,&quot;10.19.3&quot;,&quot;10.19.5&quot;,&quot;10.2.2&quot;,&quot;10.2.3&quot;,&quot;10.22.12&quot;,&quot;10.23.1&quot;,&quot;10.23.11&quot;,&quot;10.23.2&quot;,&quot;10.23.3&quot;,&quot;10.24.1&quot;,&quot;10.24.5&quot;,&quot;10.3.3&quot;,&quot;10.3.4&quot;,&quot;10.32.1&quot;,&quot;10.33.3&quot;,&quot;10.34.1&quot;,&quot;10.34.2&quot;,&quot;10.35.8&quot;,&quot;10.36.3&quot;,&quot;10.36.6&quot;,&quot;10.5.5&quot;,&quot;10.5.7&quot;,&quot;10.6.5&quot;,&quot;10.6.6&quot;,&quot;10.7.1&quot;,&quot;10.7.3&quot;,&quot;10.8.1&quot;,&quot;10.8.2&quot;,&quot;10.8.3&quot;,&quot;10.8.6&quot;,&quot;10.9.1&quot;,&quot;10.9.12&quot;,&quot;10.9.2&quot;,&quot;10.9.4&quot;,&quot;10.9.6&quot;,&quot;2.22.8&quot;,&quot;2.24.1&quot;,&quot;2.26.7&quot;,&quot;2.29.7&quot;,&quot;2.33.2&quot;,&quot;3.1.6&quot;,&quot;3.10.3&quot;,&quot;3.10.4&quot;,&quot;3.11.8&quot;,&quot;3.13.8&quot;,&quot;3.17.1&quot;,&quot;3.17.9&quot;,&quot;3.19.12&quot;,&quot;3.3.6&quot;,&quot;3.4.3&quot;,&quot;3.4.4&quot;,&quot;3.8.10&quot;,&quot;3.8.2&quot;,&quot;3.8.9&quot;,&quot;4.12.1&quot;,&quot;4.12.7&quot;,&quot;4.12.8&quot;,&quot;4.15.6&quot;,&quot;4.16.6&quot;,&quot;4.17.4&quot;,&quot;4.20.1&quot;,&quot;4.24.1&quot;,&quot;4.32.3&quot;,&quot;4.32.5&quot;,&quot;4.34.9&quot;,&quot;4.5.4&quot;,&quot;4.9.3&quot;,&quot;5.13.5&quot;,&quot;5.18.8&quot;,&quot;5.21.5&quot;,&quot;5.21.7&quot;,&quot;5.27.1&quot;,&quot;5.27.10&quot;,&quot;5.27.9&quot;,&quot;5.3.1&quot;,&quot;5.4.3&quot;,&quot;5.4.6&quot;,&quot;5.7.3&quot;,&quot;6.1.8&quot;,&quot;6.11.5&quot;,&quot;6.11.7&quot;,&quot;6.12.8&quot;,&quot;6.13.8&quot;,&quot;6.14.5&quot;,&quot;6.15.1&quot;,&quot;6.15.3&quot;,&quot;6.15.6&quot;,&quot;6.16.4&quot;,&quot;6.17.2&quot;,&quot;6.19.1&quot;,&quot;6.2.2&quot;,&quot;6.3.11&quot;,&quot;6.3.4&quot;,&quot;6.3.8&quot;,&quot;6.4.11&quot;,&quot;6.4.2&quot;,&quot;6.4.5&quot;,&quot;6.4.6&quot;,&quot;6.7.10&quot;,&quot;6.8.1&quot;,&quot;6.8.6&quot;,&quot;6.9.7&quot;,&quot;7.17.13&quot;,&quot;7.17.6&quot;,&quot;7.19.4&quot;,&quot;7.19.6&quot;,&quot;7.19.7&quot;,&quot;7.2.1&quot;,&quot;7.24.4&quot;,&quot;7.3.1&quot;,&quot;8.10.9&quot;,&quot;8.11.10&quot;,&quot;8.15.1&quot;,&quot;8.23.1&quot;,&quot;8.24.10&quot;,&quot;8.24.14&quot;,&quot;8.24.8&quot;,&quot;8.27.9&quot;,&quot;8.36.8&quot;,&quot;8.37.1&quot;,&quot;8.39.4&quot;,&quot;8.48.2&quot;,&quot;8.5.4&quot;,&quot;8.53.3&quot;,&quot;8.7.6&quot;,&quot;8.9.3&quot;,&quot;9.12.1&quot;,&quot;9.14.2&quot;,&quot;9.25.1&quot;,&quot;9.26.3&quot;,&quot;9.33.1&quot;,&quot;9.33.4&quot;,&quot;9.36.2&quot;,&quot;9.37.4&quot;,&quot;9.37.5&quot;,&quot;9.38.5&quot;,&quot;9.40.1&quot;,&quot;9.41.2&quot;,&quot;9.5.10&quot;,&quot;9.7.5&quot;]</value></Data>
<Data name="Pleiades"><value>https://pleiades.stoa.org/places/540726</value></Data>
<Data name="ToposText"><value>https://topostext.org/place/385225SDel</value></Data>
</ExtendedData>
        <Point><coordinates>22.50151,38.48254</coordinates></Point>
      </Placemark>

      <Placemark>
        <name>Sanctuary of Pythian Apollo at Delphi</name>
        <ExtendedData>
<Data name="name"><value>Sanctuary of Pythian Apollo at Delphi</value></Data>
<Data name="region"><value>Phokis Bk10</value></Data>
<Data name="part of"><value>Delphi (polis)</value></Data>
<Data name="altname"><value>Pytho: distinct from the polis of the Delphians</value></Data>
<Data name="Wikidata"><value>https://wikidata.org/wiki/Q125925203</value></Data>
<Data name="type"><value>[&quot;hieron&quot;]</value></Data>
<Data name="passages"><value>[&quot;1.11.1&quot;,&quot;1.20.7&quot;,&quot;1.22.8&quot;,&quot;1.26.3&quot;,&quot;1.3.4&quot;,&quot;1.37.6&quot;,&quot;1.4.4&quot;,&quot;1.41.1&quot;,&quot;1.43.3&quot;,&quot;1.43.7&quot;,&quot;1.43.8&quot;,&quot;1.9.3&quot;,&quot;10.1.1&quot;,&quot;10.1.10&quot;,&quot;10.1.4&quot;,&quot;10.10.2&quot;,&quot;10.11.1&quot;,&quot;10.11.2&quot;,&quot;10.12.5&quot;,&quot;10.13.1&quot;,&quot;10.13.10&quot;,&quot;10.13.6&quot;,&quot;10.13.8&quot;,&quot;10.14.5&quot;,&quot;10.15.5&quot;,&quot;10.15.6&quot;,&quot;10.16.5&quot;,&quot;10.16.7&quot;,&quot;10.16.8&quot;,&quot;10.17.2&quot;,&quot;10.18.1&quot;,&quot;10.18.2&quot;,&quot;10.18.5&quot;,&quot;10.18.7&quot;,&quot;10.19.3&quot;,&quot;10.19.5&quot;,&quot;10.2.2&quot;,&quot;10.2.3&quot;,&quot;10.22.12&quot;,&quot;10.23.1&quot;,&quot;10.23.11&quot;,&quot;10.23.2&quot;,&quot;10.23.3&quot;,&quot;10.24.1&quot;,&quot;10.24.5&quot;,&quot;10.3.3&quot;,&quot;10.3.4&quot;,&quot;10.32.1&quot;,&quot;10.33.3&quot;,&quot;10.34.1&quot;,&quot;10.34.2&quot;,&quot;10.35.8&quot;,&quot;10.36.3&quot;,&quot;10.36.6&quot;,&quot;10.5.5&quot;,&quot;10.5.7&quot;,&quot;10.6.5&quot;,&quot;10.6.6&quot;,&quot;10.7.1&quot;,&quot;10.7.3&quot;,&quot;10.8.1&quot;,&quot;10.8.2&quot;,&quot;10.8.3&quot;,&quot;10.8.6&quot;,&quot;10.9.1&quot;,&quot;10.9.12&quot;,&quot;10.9.2&quot;,&quot;10.9.4&quot;,&quot;10.9.6&quot;,&quot;2.22.8&quot;,&quot;2.24.1&quot;,&quot;2.26.7&quot;,&quot;2.29.7&quot;,&quot;2.33.2&quot;,&quot;3.1.6&quot;,&quot;3.10.3&quot;,&quot;3.10.4&quot;,&quot;3.11.8&quot;,&quot;3.13.8&quot;,&quot;3.17.1&quot;,&quot;3.17.9&quot;,&quot;3.19.12&quot;,&quot;3.3.6&quot;,&quot;3.4.3&quot;,&quot;3.4.4&quot;,&quot;3.8.10&quot;,&quot;3.8.2&quot;,&quot;3.8.9&quot;,&quot;4.12.1&quot;,&quot;4.12.7&quot;,&quot;4.12.8&quot;,&quot;4.15.6&quot;,&quot;4.16.6&quot;,&quot;4.17.4&quot;,&quot;4.20.1&quot;,&quot;4.24.1&quot;,&quot;4.32.3&quot;,&quot;4.32.5&quot;,&quot;4.34.9&quot;,&quot;4.5.4&quot;,&quot;4.9.3&quot;,&quot;5.13.5&quot;,&quot;5.18.8&quot;,&quot;5.21.5&quot;,&quot;5.21.7&quot;,&quot;5.27.1&quot;,&quot;5.27.10&quot;,&quot;5.27.9&quot;,&quot;5.3.1&quot;,&quot;5.4.3&quot;,&quot;5.4.6&quot;,&quot;5.7.3&quot;,&quot;6.1.8&quot;,&quot;6.11.5&quot;,&quot;6.11.7&quot;,&quot;6.12.8&quot;,&quot;6.13.8&quot;,&quot;6.14.5&quot;,&quot;6.15.1&quot;,&quot;6.15.3&quot;,&quot;6.15.6&quot;,&quot;6.16.4&quot;,&quot;6.17.2&quot;,&quot;6.19.1&quot;,&quot;6.2.2&quot;,&quot;6.3.11&quot;,&quot;6.3.4&quot;,&quot;6.3.8&quot;,&quot;6.4.11&quot;,&quot;6.4.2&quot;,&quot;6.4.5&quot;,&quot;6.4.6&quot;,&quot;6.7.10&quot;,&quot;6.8.1&quot;,&quot;6.8.6&quot;,&quot;6.9.7&quot;,&quot;7.17.13&quot;,&quot;7.17.6&quot;,&quot;7.19.4&quot;,&quot;7.19.6&quot;,&quot;7.19.7&quot;,&quot;7.2.1&quot;,&quot;7.24.4&quot;,&quot;7.3.1&quot;,&quot;8.10.9&quot;,&quot;8.11.10&quot;,&quot;8.15.1&quot;,&quot;8.23.1&quot;,&quot;8.24.10&quot;,&quot;8.24.14&quot;,&quot;8.24.8&quot;,&quot;8.27.9&quot;,&quot;8.36.8&quot;,&quot;8.37.1&quot;,&quot;8.39.4&quot;,&quot;8.48.2&quot;,&quot;8.5.4&quot;,&quot;8.53.3&quot;,&quot;8.7.6&quot;,&quot;8.9.3&quot;,&quot;9.12.1&quot;,&quot;9.14.2&quot;,&quot;9.25.1&quot;,&quot;9.26.3&quot;,&quot;9.33.1&quot;,&quot;9.33.4&quot;,&quot;9.36.2&quot;,&quot;9.37.4&quot;,&quot;9.37.5&quot;,&quot;9.38.5&quot;,&quot;9.40.1&quot;,&quot;9.41.2&quot;,&quot;9.5.10&quot;,&quot;9.7.5&quot;]</value></Data>
<Data name="Pleiades"><value>https://pleiades.stoa.org/places/540726</value></Data>
<Data name="ToposText"><value>https://topostext.org/place/385225SDel</value></Data>
</ExtendedData>
        <Point><coordinates>22.50151,38.48254</coordinates></Point>
      </Placemark>

      <Placemark>
        <name>Sanctuary of Pythian Apollo at Delphi</name>
        <ExtendedData>
<Data name="name"><value>Sanctuary of Pythian Apollo at Delphi</value></Data>
<Data name="region"><value>Phokis Bk10</value></Data>
<Data name="part of"><value>Delphi (polis)</value></Data>
<Data name="altname"><value>Pytho: distinct from the polis of the Delphians</value></Data>
<Data name="Wikidata"><value>https://wikidata.org/wiki/Q125925203</value></Data>
<Data name="type"><value>[&quot;hieron&quot;]</value></Data>
<Data name="passages"><value>[&quot;1.11.1&quot;,&quot;1.20.7&quot;,&quot;1.22.8&quot;,&quot;1.26.3&quot;,&quot;1.3.4&quot;,&quot;1.37.6&quot;,&quot;1.4.4&quot;,&quot;1.41.1&quot;,&quot;1.43.3&quot;,&quot;1.43.7&quot;,&quot;1.43.8&quot;,&quot;1.9.3&quot;,&quot;10.1.1&quot;,&quot;10.1.10&quot;,&quot;10.1.4&quot;,&quot;10.10.2&quot;,&quot;10.11.1&quot;,&quot;10.11.2&quot;,&quot;10.12.5&quot;,&quot;10.13.1&quot;,&quot;10.13.10&quot;,&quot;10.13.6&quot;,&quot;10.13.8&quot;,&quot;10.14.5&quot;,&quot;10.15.5&quot;,&quot;10.15.6&quot;,&quot;10.16.5&quot;,&quot;10.16.7&quot;,&quot;10.16.8&quot;,&quot;10.17.2&quot;,&quot;10.18.1&quot;,&quot;10.18.2&quot;,&quot;10.18.5&quot;,&quot;10.18.7&quot;,&quot;10.19.3&quot;,&quot;10.19.5&quot;,&quot;10.2.2&quot;,&quot;10.2.3&quot;,&quot;10.22.12&quot;,&quot;10.23.1&quot;,&quot;10.23.11&quot;,&quot;10.23.2&quot;,&quot;10.23.3&quot;,&quot;10.24.1&quot;,&quot;10.24.5&quot;,&quot;10.3.3&quot;,&quot;10.3.4&quot;,&quot;10.32.1&quot;,&quot;10.33.3&quot;,&quot;10.34.1&quot;,&quot;10.34.2&quot;,&quot;10.35.8&quot;,&quot;10.36.3&quot;,&quot;10.36.6&quot;,&quot;10.5.5&quot;,&quot;10.5.7&quot;,&quot;10.6.5&quot;,&quot;10.6.6&quot;,&quot;10.7.1&quot;,&quot;10.7.3&quot;,&quot;10.8.1&quot;,&quot;10.8.2&quot;,&quot;10.8.3&quot;,&quot;10.8.6&quot;,&quot;10.9.1&quot;,&quot;10.9.12&quot;,&quot;10.9.2&quot;,&quot;10.9.4&quot;,&quot;10.9.6&quot;,&quot;2.22.8&quot;,&quot;2.24.1&quot;,&quot;2.26.7&quot;,&quot;2.29.7&quot;,&quot;2.33.2&quot;,&quot;3.1.6&quot;,&quot;3.10.3&quot;,&quot;3.10.4&quot;,&quot;3.11.8&quot;,&quot;3.13.8&quot;,&quot;3.17.1&quot;,&quot;3.17.9&quot;,&quot;3.19.12&quot;,&quot;3.3.6&quot;,&quot;3.4.3&quot;,&quot;3.4.4&quot;,&quot;3.8.10&quot;,&quot;3.8.2&quot;,&quot;3.8.9&quot;,&quot;4.12.1&quot;,&quot;4.12.7&quot;,&quot;4.12.8&quot;,&quot;4.15.6&quot;,&quot;4.16.6&quot;,&quot;4.17.4&quot;,&quot;4.20.1&quot;,&quot;4.24.1&quot;,&quot;4.32.3&quot;,&quot;4.32.5&quot;,&quot;4.34.9&quot;,&quot;4.5.4&quot;,&quot;4.9.3&quot;,&quot;5.13.5&quot;,&quot;5.18.8&quot;,&quot;5.21.5&quot;,&quot;5.21.7&quot;,&quot;5.27.1&quot;,&quot;5.27.10&quot;,&quot;5.27.9&quot;,&quot;5.3.1&quot;,&quot;5.4.3&quot;,&quot;5.4.6&quot;,&quot;5.7.3&quot;,&quot;6.1.8&quot;,&quot;6.11.5&quot;,&quot;6.11.7&quot;,&quot;6.12.8&quot;,&quot;6.13.8&quot;,&quot;6.14.5&quot;,&quot;6.15.1&quot;,&quot;6.15.3&quot;,&quot;6.15.6&quot;,&quot;6.16.4&quot;,&quot;6.17.2&quot;,&quot;6.19.1&quot;,&quot;6.2.2&quot;,&quot;6.3.11&quot;,&quot;6.3.4&quot;,&quot;6.3.8&quot;,&quot;6.4.11&quot;,&quot;6.4.2&quot;,&quot;6.4.5&quot;,&quot;6.4.6&quot;,&quot;6.7.10&quot;,&quot;6.8.1&quot;,&quot;6.8.6&quot;,&quot;6.9.7&quot;,&quot;7.17.13&quot;,&quot;7.17.6&quot;,&quot;7.19.4&quot;,&quot;7.19.6&quot;,&quot;7.19.7&quot;,&quot;7.2.1&quot;,&quot;7.24.4&quot;,&quot;7.3.1&quot;,&quot;8.10.9&quot;,&quot;8.11.10&quot;,&quot;8.15.1&quot;,&quot;8.23.1&quot;,&quot;8.24.10&quot;,&quot;8.24.14&quot;,&quot;8.24.8&quot;,&quot;8.27.9&quot;,&quot;8.36.8&quot;,&quot;8.37.1&quot;,&quot;8.39.4&quot;,&quot;8.48.2&quot;,&quot;8.5.4&quot;,&quot;8.53.3&quot;,&quot;8.7.6&quot;,&quot;8.9.3&quot;,&quot;9.12.1&quot;,&quot;9.14.2&quot;,&quot;9.25.1&quot;,&quot;9.26.3&quot;,&quot;9.33.1&quot;,&quot;9.33.4&quot;,&quot;9.36.2&quot;,&quot;9.37.4&quot;,&quot;9.37.5&quot;,&quot;9.38.5&quot;,&quot;9.40.1&quot;,&quot;9.41.2&quot;,&quot;9.5.10&quot;,&quot;9.7.5&quot;]</value></Data>
<Data name="Pleiades"><value>https://pleiades.stoa.org/places/540726</value></Data>
<Data name="ToposText"><value>https://topostext.org/place/385225SDel</value></Data>
</ExtendedData>
        <Point><coordinates>22.50151,38.48254</coordinates></Point>
      </Placemark>

      <Placemark>
        <name>Ionian Sea (Greece/Italy)</name>
        <ExtendedData>
<Data name="name"><value>Ionian Sea (Greece/Italy)</value></Data>
<Data name="region"><value>Hellas (Europe)</value></Data>
<Data name="part of"><value>Internum Mare</value></Data>
<Data name="Wikidata"><value>https://wikidata.org/wiki/Q37495</value></Data>
<Data name="type"><value>[&quot;sea&quot;]</value></Data>
<Data name="passages"><value>[&quot;1.12.1&quot;,&quot;1.4.1&quot;,&quot;4.35.5&quot;,&quot;4.35.7&quot;,&quot;4.36.7&quot;,&quot;5.22.3&quot;,&quot;5.25.3&quot;,&quot;5.5.3&quot;,&quot;5.7.3&quot;,&quot;6.14.13&quot;,&quot;7.18.2&quot;]</value></Data>
<Data name="Pleiades"><value>https://pleiades.stoa.org/places/1046</value></Data>
<Data name="ToposText"><value>https://topostext.org/place/408187WIon</value></Data>
</ExtendedData>
        <Point><coordinates>18.7,39.2</coordinates></Point>
      </Placemark>

      <Placemark>
        <name>Larisos (river)</name>
        <ExtendedData>
<Data name="name"><value>Larisos (river)</value></Data>
<Data name="region"><value>Eleia Bk5 Bk6</value></Data>
<Data name="part of"><value>Eleia Bk5 Bk6</value></Data>
<Data name="altname"><value>border between Eleia and Achaia</value></Data>
<Data name="Wikidata"><value>https://wikidata.org/wiki/Q3362574</value></Data>
<Data name="type"><value>[&quot;border&quot;,&quot;river&quot;]</value></Data>
<Data name="passages"><value>[&quot;6.26.10&quot;,&quot;7.17.5&quot;,&quot;8.49.7&quot;]</value></Data>
<Data name="Pleiades"><value>https://pleiades.stoa.org/places/570415</value></Data>
</ExtendedData>
        <Point><coordinates>21.41364923,38.13057287</coordinates></Point>
      </Placemark>

      <Placemark>
        <name>Sanctuary of the Syrian Goddess at Aigeira</name>
        <ExtendedData>
<Data name="name"><value>Sanctuary of the Syrian Goddess at Aigeira</value></Data>
<Data name="region"><value>Achaia Bk7</value></Data>
<Data name="part of"><value>Aigeira (Achaia)</value></Data>
<Data name="location"><value>Aigeira (Achaia)</value></Data>
<Data name="Wikidata"><value>https://wikidata.org/wiki/Q134037136</value></Data>
<Data name="type"><value>[&quot;hieron&quot;]</value></Data>
<Data name="passages"><value>[&quot;7.26.7&quot;]</value></Data>
</ExtendedData>
        <Point><coordinates>22.3777,38.1286</coordinates></Point>
      </Placemark>

      <Placemark>
        <name>Bouraikos (river)</name>
        <ExtendedData>
<Data name="name"><value>Bouraikos (river)</value></Data>
<Data name="region"><value>Achaia Bk7</value></Data>
<Data name="part of"><value>Achaia Bk7</value></Data>
<Data name="Wikidata"><value>https://wikidata.org/wiki/Q1871901</value></Data>
<Data name="type"><value>[&quot;river&quot;]</value></Data>
<Data name="passages"><value>[&quot;7.25.10&quot;]</value></Data>
<Data name="Pleiades"><value>https://pleiades.stoa.org/places/570167</value></Data>
</ExtendedData>
        <Point><coordinates>22.1916,38.185</coordinates></Point>
      </Placemark>

      <Placemark>
        <name>Megara Hyblaia</name>
        <ExtendedData>
<Data name="name"><value>Megara Hyblaia</value></Data>
<Data name="region"><value>Sicilia (island)</value></Data>
<Data name="part of"><value>Sicilia (island)</value></Data>
<Data name="location"><value>Sicilia (island)</value></Data>
<Data name="Wikidata"><value>https://wikidata.org/wiki/Q1457477</value></Data>
<Data name="type"><value>[&quot;chorion&quot;]</value></Data>
<Data name="passages"><value>[&quot;5.23.6&quot;,&quot;7.15.8&quot;]</value></Data>
<Data name="Pleiades"><value>https://pleiades.stoa.org/places/462307</value></Data>
</ExtendedData>
        <Point><coordinates>14.08648465,37.53667612</coordinates></Point>
      </Placemark>

      <Placemark>
        <name>Temple of Demeter at Boura</name>
        <ExtendedData>
<Data name="name"><value>Temple of Demeter at Boura</value></Data>
<Data name="region"><value>Achaia Bk7</value></Data>
<Data name="part of"><value>Boura</value></Data>
<Data name="location"><value>Boura</value></Data>
<Data name="type"><value>[&quot;temple&quot;]</value></Data>
<Data name="passages"><value>[&quot;7.25.9&quot;]</value></Data>
</ExtendedData>
        <Point><coordinates>22.231166,38.142006</coordinates></Point>
      </Placemark>

      <Placemark>
        <name>Mysaion sanctuary of Mysian Demeter, 60 stades from Pellene</name>
        <ExtendedData>
<Data name="name"><value>Mysaion sanctuary of Mysian Demeter, 60 stades from Pellene</value></Data>
<Data name="region"><value>Achaia Bk7</value></Data>
<Data name="part of"><value>Pellene</value></Data>
<Data name="location"><value>Pellene</value></Data>
<Data name="Wikidata"><value>https://wikidata.org/wiki/Q134037280</value></Data>
<Data name="type"><value>[&quot;hieron&quot;]</value></Data>
<Data name="passages"><value>[&quot;7.27.9&quot;]</value></Data>
<Data name="Manto"><value>https://resource.manto.unh.edu/10276484</value></Data>
</ExtendedData>
        <Point><coordinates>22.5384,38.0446</coordinates></Point>
      </Placemark>

      <Placemark>
        <name>stone enclosure wall between temple and spring at Patrae</name>
        <ExtendedData>
<Data name="name"><value>stone enclosure wall between temple and spring at Patrae</value></Data>
<Data name="region"><value>Achaia Bk7</value></Data>
<Data name="part of"><value>Patrae</value></Data>
<Data name="location"><value>Patrae</value></Data>
<Data name="type"><value>[&quot;enclosure&quot;]</value></Data>
<Data name="passages"><value>[&quot;7.21.12&quot;]</value></Data>
</ExtendedData>
        <Point><coordinates>21.738518,38.243265</coordinates></Point>
      </Placemark>

      <Placemark>
        <name>Sanctuary of Apollo Theoxenios at Pellene</name>
        <ExtendedData>
<Data name="name"><value>Sanctuary of Apollo Theoxenios at Pellene</value></Data>
<Data name="region"><value>Achaia Bk7</value></Data>
<Data name="part of"><value>Pellene</value></Data>
<Data name="location"><value>Pellene</value></Data>
<Data name="Wikidata"><value>https://wikidata.org/wiki/Q134037278</value></Data>
<Data name="type"><value>[&quot;hieron&quot;]</value></Data>
<Data name="passages"><value>[&quot;7.27.4&quot;]</value></Data>
</ExtendedData>
        <Point><coordinates>22.5384,38.0446</coordinates></Point>
      </Placemark>

      <Placemark>
        <name>Altar of Laphria at Patrae</name>
        <ExtendedData>
<Data name="name"><value>Altar of Laphria at Patrae</value></Data>
<Data name="region"><value>Achaia Bk7</value></Data>
<Data name="part of"><value>Sanctuary of Artemis Laphria at Patrae</value></Data>
<Data name="location"><value>Sanctuary of Artemis Laphria at Patrae</value></Data>
<Data name="type"><value>[&quot;altar&quot;]</value></Data>
<Data name="passages"><value>[&quot;7.18.11&quot;]</value></Data>
</ExtendedData>
        <Point><coordinates>21.738518,38.243265</coordinates></Point>
      </Placemark>

      <Placemark>
        <name>Grove of Apollo at Kolophon</name>
        <ExtendedData>
<Data name="name"><value>Grove of Apollo at Kolophon</value></Data>
<Data name="region"><value>Asia Minor (Asia)</value></Data>
<Data name="part of"><value>Colophon</value></Data>
<Data name="location"><value>Colophon</value></Data>
<Data name="type"><value>[&quot;grove&quot;]</value></Data>
<Data name="passages"><value>[&quot;7.5.10&quot;]</value></Data>
</ExtendedData>
        <Point><coordinates>27.142222,38.115556</coordinates></Point>
      </Placemark>

      <Placemark>
        <name>Achaia Bk7</name>
        <ExtendedData>
<Data name="name"><value>Achaia Bk7</value></Data>
<Data name="region"><value></value></Data>
<Data name="part of"><value>Peloponnesos</value></Data>
<Data name="altname"><value>Achaea</value></Data>
<Data name="Wikidata"><value>https://wikidata.org/wiki/Q2790451</value></Data>
<Data name="type"><value>[&quot;chora/region&quot;]</value></Data>
<Data name="passages"><value>[&quot;2.18.8&quot;,&quot;2.5.6&quot;,&quot;3.2.1&quot;,&quot;5.1.1&quot;,&quot;5.24.4&quot;,&quot;5.9.1&quot;,&quot;6.26.10&quot;,&quot;7.1.1&quot;,&quot;7.1.3&quot;,&quot;7.1.4&quot;,&quot;7.27.12&quot;,&quot;7.7.2&quot;,&quot;8.1.2&quot;,&quot;8.15.8&quot;,&quot;8.27.14&quot;]</value></Data>
<Data name="Pleiades"><value>https://pleiades.stoa.org/places/570028</value></Data>
<Data name="ToposText"><value>https://topostext.org/place/382219RAch</value></Data>
</ExtendedData>
        <Point><coordinates>21.9,38.2</coordinates></Point>
      </Placemark>

      <Placemark>
        <name>Achaia Bk7</name>
        <ExtendedData>
<Data name="name"><value>Achaia Bk7</value></Data>
<Data name="region"><value></value></Data>
<Data name="part of"><value>Peloponnesos</value></Data>
<Data name="altname"><value>Achaea</value></Data>
<Data name="Wikidata"><value>https://wikidata.org/wiki/Q2790451</value></Data>
<Data name="type"><value>[&quot;chora/region&quot;]</value></Data>
<Data name="passages"><value>[&quot;2.18.8&quot;,&quot;2.5.6&quot;,&quot;3.2.1&quot;,&quot;5.1.1&quot;,&quot;5.24.4&quot;,&quot;5.9.1&quot;,&quot;6.26.10&quot;,&quot;7.1.1&quot;,&quot;7.1.3&quot;,&quot;7.1.4&quot;,&quot;7.27.12&quot;,&quot;7.7.2&quot;,&quot;8.1.2&quot;,&quot;8.15.8&quot;,&quot;8.27.14&quot;]</value></Data>
<Data name="Pleiades"><value>https://pleiades.stoa.org/places/570028</value></Data>
<Data name="ToposText"><value>https://topostext.org/place/382219RAch</value></Data>
</ExtendedData>
        <Point><coordinates>21.9,38.2</coordinates></Point>
      </Placemark>

      <Placemark>
        <name>Achaia Bk7</name>
        <ExtendedData>
<Data name="name"><value>Achaia Bk7</value></Data>
<Data name="region"><value></value></Data>
<Data name="part of"><value>Peloponnesos</value></Data>
<Data name="altname"><value>Achaea</value></Data>
<Data name="Wikidata"><value>https://wikidata.org/wiki/Q2790451</value></Data>
<Data name="type"><value>[&quot;chora/region&quot;]</value></Data>
<Data name="passages"><value>[&quot;2.18.8&quot;,&quot;2.5.6&quot;,&quot;3.2.1&quot;,&quot;5.1.1&quot;,&quot;5.24.4&quot;,&quot;5.9.1&quot;,&quot;6.26.10&quot;,&quot;7.1.1&quot;,&quot;7.1.3&quot;,&quot;7.1.4&quot;,&quot;7.27.12&quot;,&quot;7.7.2&quot;,&quot;8.1.2&quot;,&quot;8.15.8&quot;,&quot;8.27.14&quot;]</value></Data>
<Data name="Pleiades"><value>https://pleiades.stoa.org/places/570028</value></Data>
<Data name="ToposText"><value>https://topostext.org/place/382219RAch</value></Data>
</ExtendedData>
        <Point><coordinates>21.9,38.2</coordinates></Point>
      </Placemark>

      <Placemark>
        <name>Achaia Bk7</name>
        <ExtendedData>
<Data name="name"><value>Achaia Bk7</value></Data>
<Data name="region"><value></value></Data>
<Data name="part of"><value>Peloponnesos</value></Data>
<Data name="altname"><value>Achaea</value></Data>
<Data name="Wikidata"><value>https://wikidata.org/wiki/Q2790451</value></Data>
<Data name="type"><value>[&quot;chora/region&quot;]</value></Data>
<Data name="passages"><value>[&quot;2.18.8&quot;,&quot;2.5.6&quot;,&quot;3.2.1&quot;,&quot;5.1.1&quot;,&quot;5.24.4&quot;,&quot;5.9.1&quot;,&quot;6.26.10&quot;,&quot;7.1.1&quot;,&quot;7.1.3&quot;,&quot;7.1.4&quot;,&quot;7.27.12&quot;,&quot;7.7.2&quot;,&quot;8.1.2&quot;,&quot;8.15.8&quot;,&quot;8.27.14&quot;]</value></Data>
<Data name="Pleiades"><value>https://pleiades.stoa.org/places/570028</value></Data>
<Data name="ToposText"><value>https://topostext.org/place/382219RAch</value></Data>
</ExtendedData>
        <Point><coordinates>21.9,38.2</coordinates></Point>
      </Placemark>

      <Placemark>
        <name>Achaia Bk7</name>
        <ExtendedData>
<Data name="name"><value>Achaia Bk7</value></Data>
<Data name="region"><value></value></Data>
<Data name="part of"><value>Peloponnesos</value></Data>
<Data name="altname"><value>Achaea</value></Data>
<Data name="Wikidata"><value>https://wikidata.org/wiki/Q2790451</value></Data>
<Data name="type"><value>[&quot;chora/region&quot;]</value></Data>
<Data name="passages"><value>[&quot;2.18.8&quot;,&quot;2.5.6&quot;,&quot;3.2.1&quot;,&quot;5.1.1&quot;,&quot;5.24.4&quot;,&quot;5.9.1&quot;,&quot;6.26.10&quot;,&quot;7.1.1&quot;,&quot;7.1.3&quot;,&quot;7.1.4&quot;,&quot;7.27.12&quot;,&quot;7.7.2&quot;,&quot;8.1.2&quot;,&quot;8.15.8&quot;,&quot;8.27.14&quot;]</value></Data>
<Data name="Pleiades"><value>https://pleiades.stoa.org/places/570028</value></Data>
<Data name="ToposText"><value>https://topostext.org/place/382219RAch</value></Data>
</ExtendedData>
        <Point><coordinates>21.9,38.2</coordinates></Point>
      </Placemark>

      <Placemark>
        <name>Meles river of Smyrna</name>
        <ExtendedData>
<Data name="name"><value>Meles river of Smyrna</value></Data>
<Data name="region"><value>Asia Minor (Asia)</value></Data>
<Data name="part of"><value>Smyrna (Ionia)</value></Data>
<Data name="type"><value>[&quot;river&quot;]</value></Data>
<Data name="passages"><value>[&quot;7.5.12&quot;,&quot;7.5.3&quot;]</value></Data>
<Data name="Pleiades"><value>https://pleiades.stoa.org/places/550729</value></Data>
</ExtendedData>
        <Point><coordinates>27.249999999999996,38.25</coordinates></Point>
      </Placemark>

      <Placemark>
        <name>Meles river of Smyrna</name>
        <ExtendedData>
<Data name="name"><value>Meles river of Smyrna</value></Data>
<Data name="region"><value>Asia Minor (Asia)</value></Data>
<Data name="part of"><value>Smyrna (Ionia)</value></Data>
<Data name="type"><value>[&quot;river&quot;]</value></Data>
<Data name="passages"><value>[&quot;7.5.12&quot;,&quot;7.5.3&quot;]</value></Data>
<Data name="Pleiades"><value>https://pleiades.stoa.org/places/550729</value></Data>
</ExtendedData>
        <Point><coordinates>27.249999999999996,38.25</coordinates></Point>
      </Placemark>

      <Placemark>
        <name>Atarneus in Aeolis</name>
        <ExtendedData>
<Data name="name"><value>Atarneus in Aeolis</value></Data>
<Data name="region"><value>Asia Minor (Asia)</value></Data>
<Data name="part of"><value>Aeolis</value></Data>
<Data name="Wikidata"><value>https://wikidata.org/wiki/Q194810</value></Data>
<Data name="type"><value>[&quot;polis&quot;]</value></Data>
<Data name="passages"><value>[&quot;4.35.10&quot;,&quot;7.2.11&quot;]</value></Data>
<Data name="Pleiades"><value>https://pleiades.stoa.org/places/550469</value></Data>
<Data name="URL"><value>https://imperium.ahlfeldt.se/places/29508</value></Data>
</ExtendedData>
        <Point><coordinates>26.9211,39.0916</coordinates></Point>
      </Placemark>

      <Placemark>
        <name>shore close to Klaros</name>
        <ExtendedData>
<Data name="name"><value>shore close to Klaros</value></Data>
<Data name="region"><value>Asia Minor (Asia)</value></Data>
<Data name="part of"><value>Klaros</value></Data>
<Data name="location"><value>Klaros</value></Data>
<Data name="type"><value>[&quot;coast&quot;]</value></Data>
<Data name="passages"><value>[&quot;7.3.1&quot;]</value></Data>
</ExtendedData>
        <Point><coordinates>27.19292,38.00466</coordinates></Point>
      </Placemark>

      <Placemark>
        <name>Aigai (Achaia)</name>
        <ExtendedData>
<Data name="name"><value>Aigai (Achaia)</value></Data>
<Data name="region"><value>Achaia Bk7</value></Data>
<Data name="part of"><value>Achaia Bk7</value></Data>
<Data name="Wikidata"><value>https://wikidata.org/wiki/Q16737279</value></Data>
<Data name="type"><value>[&quot;settlement&quot;]</value></Data>
<Data name="passages"><value>[&quot;7.25.12&quot;,&quot;8.15.9&quot;]</value></Data>
<Data name="Pleiades"><value>https://pleiades.stoa.org/places/570040</value></Data>
</ExtendedData>
        <Point><coordinates>22.3484,38.1478</coordinates></Point>
      </Placemark>

      <Placemark>
        <name>Anaia</name>
        <ExtendedData>
<Data name="name"><value>Anaia</value></Data>
<Data name="region"><value>Asia Minor (Asia)</value></Data>
<Data name="part of"><value>Ionia (region)</value></Data>
<Data name="Wikidata"><value>https://wikidata.org/wiki/Q17621054</value></Data>
<Data name="type"><value>[&quot;settlement&quot;]</value></Data>
<Data name="passages"><value>[&quot;7.4.3&quot;]</value></Data>
<Data name="Pleiades"><value>https://pleiades.stoa.org/places/599490</value></Data>
</ExtendedData>
        <Point><coordinates>27.270300000000002,37.79147</coordinates></Point>
      </Placemark>

      <Placemark>
        <name>Sanctuary of Poseidon at Aigion, by the sea</name>
        <ExtendedData>
<Data name="name"><value>Sanctuary of Poseidon at Aigion, by the sea</value></Data>
<Data name="region"><value>Achaia Bk7</value></Data>
<Data name="part of"><value>seashore of Aigion</value></Data>
<Data name="location"><value>seashore of Aigion</value></Data>
<Data name="Wikidata"><value>https://wikidata.org/wiki/Q134036953</value></Data>
<Data name="type"><value>[&quot;hieron&quot;]</value></Data>
<Data name="passages"><value>[&quot;7.24.2&quot;]</value></Data>
</ExtendedData>
        <Point><coordinates>22.09,38.252</coordinates></Point>
      </Placemark>

      <Placemark>
        <name>Pharae (Achaia)</name>
        <ExtendedData>
<Data name="name"><value>Pharae (Achaia)</value></Data>
<Data name="region"><value>Achaia Bk7</value></Data>
<Data name="part of"><value>Achaia Bk7</value></Data>
<Data name="altname"><value>Pharai</value></Data>
<Data name="Wikidata"><value>https://wikidata.org/wiki/Q3562963</value></Data>
<Data name="type"><value>[&quot;polis&quot;]</value></Data>
<Data name="passages"><value>[&quot;4.16.8&quot;,&quot;4.3.10&quot;,&quot;4.3.2&quot;,&quot;4.30.2&quot;,&quot;4.30.3&quot;,&quot;7.22.1&quot;,&quot;7.22.2&quot;,&quot;7.22.4&quot;,&quot;7.22.5&quot;,&quot;7.22.6&quot;,&quot;7.6.1&quot;]</value></Data>
<Data name="Pleiades"><value>https://pleiades.stoa.org/places/570590</value></Data>
</ExtendedData>
        <Point><coordinates>21.73,38.082</coordinates></Point>
      </Placemark>

      <Placemark>
        <name>Pharae (Achaia)</name>
        <ExtendedData>
<Data name="name"><value>Pharae (Achaia)</value></Data>
<Data name="region"><value>Achaia Bk7</value></Data>
<Data name="part of"><value>Achaia Bk7</value></Data>
<Data name="altname"><value>Pharai</value></Data>
<Data name="Wikidata"><value>https://wikidata.org/wiki/Q3562963</value></Data>
<Data name="type"><value>[&quot;polis&quot;]</value></Data>
<Data name="passages"><value>[&quot;4.16.8&quot;,&quot;4.3.10&quot;,&quot;4.3.2&quot;,&quot;4.30.2&quot;,&quot;4.30.3&quot;,&quot;7.22.1&quot;,&quot;7.22.2&quot;,&quot;7.22.4&quot;,&quot;7.22.5&quot;,&quot;7.22.6&quot;,&quot;7.6.1&quot;]</value></Data>
<Data name="Pleiades"><value>https://pleiades.stoa.org/places/570590</value></Data>
</ExtendedData>
        <Point><coordinates>21.73,38.082</coordinates></Point>
      </Placemark>

      <Placemark>
        <name>Pharae (Achaia)</name>
        <ExtendedData>
<Data name="name"><value>Pharae (Achaia)</value></Data>
<Data name="region"><value>Achaia Bk7</value></Data>
<Data name="part of"><value>Achaia Bk7</value></Data>
<Data name="altname"><value>Pharai</value></Data>
<Data name="Wikidata"><value>https://wikidata.org/wiki/Q3562963</value></Data>
<Data name="type"><value>[&quot;polis&quot;]</value></Data>
<Data name="passages"><value>[&quot;4.16.8&quot;,&quot;4.3.10&quot;,&quot;4.3.2&quot;,&quot;4.30.2&quot;,&quot;4.30.3&quot;,&quot;7.22.1&quot;,&quot;7.22.2&quot;,&quot;7.22.4&quot;,&quot;7.22.5&quot;,&quot;7.22.6&quot;,&quot;7.6.1&quot;]</value></Data>
<Data name="Pleiades"><value>https://pleiades.stoa.org/places/570590</value></Data>
</ExtendedData>
        <Point><coordinates>21.73,38.082</coordinates></Point>
      </Placemark>

      <Placemark>
        <name>Pharae (Achaia)</name>
        <ExtendedData>
<Data name="name"><value>Pharae (Achaia)</value></Data>
<Data name="region"><value>Achaia Bk7</value></Data>
<Data name="part of"><value>Achaia Bk7</value></Data>
<Data name="altname"><value>Pharai</value></Data>
<Data name="Wikidata"><value>https://wikidata.org/wiki/Q3562963</value></Data>
<Data name="type"><value>[&quot;polis&quot;]</value></Data>
<Data name="passages"><value>[&quot;4.16.8&quot;,&quot;4.3.10&quot;,&quot;4.3.2&quot;,&quot;4.30.2&quot;,&quot;4.30.3&quot;,&quot;7.22.1&quot;,&quot;7.22.2&quot;,&quot;7.22.4&quot;,&quot;7.22.5&quot;,&quot;7.22.6&quot;,&quot;7.6.1&quot;]</value></Data>
<Data name="Pleiades"><value>https://pleiades.stoa.org/places/570590</value></Data>
</ExtendedData>
        <Point><coordinates>21.73,38.082</coordinates></Point>
      </Placemark>

      <Placemark>
        <name>Pharae (Achaia)</name>
        <ExtendedData>
<Data name="name"><value>Pharae (Achaia)</value></Data>
<Data name="region"><value>Achaia Bk7</value></Data>
<Data name="part of"><value>Achaia Bk7</value></Data>
<Data name="altname"><value>Pharai</value></Data>
<Data name="Wikidata"><value>https://wikidata.org/wiki/Q3562963</value></Data>
<Data name="type"><value>[&quot;polis&quot;]</value></Data>
<Data name="passages"><value>[&quot;4.16.8&quot;,&quot;4.3.10&quot;,&quot;4.3.2&quot;,&quot;4.30.2&quot;,&quot;4.30.3&quot;,&quot;7.22.1&quot;,&quot;7.22.2&quot;,&quot;7.22.4&quot;,&quot;7.22.5&quot;,&quot;7.22.6&quot;,&quot;7.6.1&quot;]</value></Data>
<Data name="Pleiades"><value>https://pleiades.stoa.org/places/570590</value></Data>
</ExtendedData>
        <Point><coordinates>21.73,38.082</coordinates></Point>
      </Placemark>

      <Placemark>
        <name>Pharae (Achaia)</name>
        <ExtendedData>
<Data name="name"><value>Pharae (Achaia)</value></Data>
<Data name="region"><value>Achaia Bk7</value></Data>
<Data name="part of"><value>Achaia Bk7</value></Data>
<Data name="altname"><value>Pharai</value></Data>
<Data name="Wikidata"><value>https://wikidata.org/wiki/Q3562963</value></Data>
<Data name="type"><value>[&quot;polis&quot;]</value></Data>
<Data name="passages"><value>[&quot;4.16.8&quot;,&quot;4.3.10&quot;,&quot;4.3.2&quot;,&quot;4.30.2&quot;,&quot;4.30.3&quot;,&quot;7.22.1&quot;,&quot;7.22.2&quot;,&quot;7.22.4&quot;,&quot;7.22.5&quot;,&quot;7.22.6&quot;,&quot;7.6.1&quot;]</value></Data>
<Data name="Pleiades"><value>https://pleiades.stoa.org/places/570590</value></Data>
</ExtendedData>
        <Point><coordinates>21.73,38.082</coordinates></Point>
      </Placemark>

      <Placemark>
        <name>Patrae</name>
        <ExtendedData>
<Data name="name"><value>Patrae</value></Data>
<Data name="region"><value>Achaia Bk7</value></Data>
<Data name="part of"><value>Achaia Bk7</value></Data>
<Data name="altname"><value>Patras, Patrai</value></Data>
<Data name="Wikidata"><value>https://wikidata.org/wiki/Q56398976</value></Data>
<Data name="type"><value>[&quot;polis&quot;]</value></Data>
<Data name="passages"><value>[&quot;2.9.2&quot;,&quot;3.2.1&quot;,&quot;4.31.7&quot;,&quot;7.17.5&quot;,&quot;7.18.2&quot;,&quot;7.18.4&quot;,&quot;7.18.5&quot;,&quot;7.18.6&quot;,&quot;7.18.7&quot;,&quot;7.18.8&quot;,&quot;7.18.9&quot;,&quot;7.19.1&quot;,&quot;7.19.8&quot;,&quot;7.20.7&quot;,&quot;7.21.10&quot;,&quot;7.21.13&quot;,&quot;7.21.14&quot;,&quot;7.21.6&quot;,&quot;7.22.1&quot;,&quot;7.22.10&quot;,&quot;7.22.11&quot;,&quot;7.22.6&quot;,&quot;7.6.2&quot;,&quot;7.6.4&quot;,&quot;7.6.5&quot;]</value></Data>
<Data name="Pleiades"><value>https://pleiades.stoa.org/places/570567</value></Data>
</ExtendedData>
        <Point><coordinates>21.738518,38.243265</coordinates></Point>
      </Placemark>

      <Placemark>
        <name>Patrae</name>
        <ExtendedData>
<Data name="name"><value>Patrae</value></Data>
<Data name="region"><value>Achaia Bk7</value></Data>
<Data name="part of"><value>Achaia Bk7</value></Data>
<Data name="altname"><value>Patras, Patrai</value></Data>
<Data name="Wikidata"><value>https://wikidata.org/wiki/Q56398976</value></Data>
<Data name="type"><value>[&quot;polis&quot;]</value></Data>
<Data name="passages"><value>[&quot;2.9.2&quot;,&quot;3.2.1&quot;,&quot;4.31.7&quot;,&quot;7.17.5&quot;,&quot;7.18.2&quot;,&quot;7.18.4&quot;,&quot;7.18.5&quot;,&quot;7.18.6&quot;,&quot;7.18.7&quot;,&quot;7.18.8&quot;,&quot;7.18.9&quot;,&quot;7.19.1&quot;,&quot;7.19.8&quot;,&quot;7.20.7&quot;,&quot;7.21.10&quot;,&quot;7.21.13&quot;,&quot;7.21.14&quot;,&quot;7.21.6&quot;,&quot;7.22.1&quot;,&quot;7.22.10&quot;,&quot;7.22.11&quot;,&quot;7.22.6&quot;,&quot;7.6.2&quot;,&quot;7.6.4&quot;,&quot;7.6.5&quot;]</value></Data>
<Data name="Pleiades"><value>https://pleiades.stoa.org/places/570567</value></Data>
</ExtendedData>
        <Point><coordinates>21.738518,38.243265</coordinates></Point>
      </Placemark>

      <Placemark>
        <name>Patrae</name>
        <ExtendedData>
<Data name="name"><value>Patrae</value></Data>
<Data name="region"><value>Achaia Bk7</value></Data>
<Data name="part of"><value>Achaia Bk7</value></Data>
<Data name="altname"><value>Patras, Patrai</value></Data>
<Data name="Wikidata"><value>https://wikidata.org/wiki/Q56398976</value></Data>
<Data name="type"><value>[&quot;polis&quot;]</value></Data>
<Data name="passages"><value>[&quot;2.9.2&quot;,&quot;3.2.1&quot;,&quot;4.31.7&quot;,&quot;7.17.5&quot;,&quot;7.18.2&quot;,&quot;7.18.4&quot;,&quot;7.18.5&quot;,&quot;7.18.6&quot;,&quot;7.18.7&quot;,&quot;7.18.8&quot;,&quot;7.18.9&quot;,&quot;7.19.1&quot;,&quot;7.19.8&quot;,&quot;7.20.7&quot;,&quot;7.21.10&quot;,&quot;7.21.13&quot;,&quot;7.21.14&quot;,&quot;7.21.6&quot;,&quot;7.22.1&quot;,&quot;7.22.10&quot;,&quot;7.22.11&quot;,&quot;7.22.6&quot;,&quot;7.6.2&quot;,&quot;7.6.4&quot;,&quot;7.6.5&quot;]</value></Data>
<Data name="Pleiades"><value>https://pleiades.stoa.org/places/570567</value></Data>
</ExtendedData>
        <Point><coordinates>21.738518,38.243265</coordinates></Point>
      </Placemark>

      <Placemark>
        <name>Patrae</name>
        <ExtendedData>
<Data name="name"><value>Patrae</value></Data>
<Data name="region"><value>Achaia Bk7</value></Data>
<Data name="part of"><value>Achaia Bk7</value></Data>
<Data name="altname"><value>Patras, Patrai</value></Data>
<Data name="Wikidata"><value>https://wikidata.org/wiki/Q56398976</value></Data>
<Data name="type"><value>[&quot;polis&quot;]</value></Data>
<Data name="passages"><value>[&quot;2.9.2&quot;,&quot;3.2.1&quot;,&quot;4.31.7&quot;,&quot;7.17.5&quot;,&quot;7.18.2&quot;,&quot;7.18.4&quot;,&quot;7.18.5&quot;,&quot;7.18.6&quot;,&quot;7.18.7&quot;,&quot;7.18.8&quot;,&quot;7.18.9&quot;,&quot;7.19.1&quot;,&quot;7.19.8&quot;,&quot;7.20.7&quot;,&quot;7.21.10&quot;,&quot;7.21.13&quot;,&quot;7.21.14&quot;,&quot;7.21.6&quot;,&quot;7.22.1&quot;,&quot;7.22.10&quot;,&quot;7.22.11&quot;,&quot;7.22.6&quot;,&quot;7.6.2&quot;,&quot;7.6.4&quot;,&quot;7.6.5&quot;]</value></Data>
<Data name="Pleiades"><value>https://pleiades.stoa.org/places/570567</value></Data>
</ExtendedData>
        <Point><coordinates>21.738518,38.243265</coordinates></Point>
      </Placemark>

      <Placemark>
        <name>Patrae</name>
        <ExtendedData>
<Data name="name"><value>Patrae</value></Data>
<Data name="region"><value>Achaia Bk7</value></Data>
<Data name="part of"><value>Achaia Bk7</value></Data>
<Data name="altname"><value>Patras, Patrai</value></Data>
<Data name="Wikidata"><value>https://wikidata.org/wiki/Q56398976</value></Data>
<Data name="type"><value>[&quot;polis&quot;]</value></Data>
<Data name="passages"><value>[&quot;2.9.2&quot;,&quot;3.2.1&quot;,&quot;4.31.7&quot;,&quot;7.17.5&quot;,&quot;7.18.2&quot;,&quot;7.18.4&quot;,&quot;7.18.5&quot;,&quot;7.18.6&quot;,&quot;7.18.7&quot;,&quot;7.18.8&quot;,&quot;7.18.9&quot;,&quot;7.19.1&quot;,&quot;7.19.8&quot;,&quot;7.20.7&quot;,&quot;7.21.10&quot;,&quot;7.21.13&quot;,&quot;7.21.14&quot;,&quot;7.21.6&quot;,&quot;7.22.1&quot;,&quot;7.22.10&quot;,&quot;7.22.11&quot;,&quot;7.22.6&quot;,&quot;7.6.2&quot;,&quot;7.6.4&quot;,&quot;7.6.5&quot;]</value></Data>
<Data name="Pleiades"><value>https://pleiades.stoa.org/places/570567</value></Data>
</ExtendedData>
        <Point><coordinates>21.738518,38.243265</coordinates></Point>
      </Placemark>

      <Placemark>
        <name>Patrae</name>
        <ExtendedData>
<Data name="name"><value>Patrae</value></Data>
<Data name="region"><value>Achaia Bk7</value></Data>
<Data name="part of"><value>Achaia Bk7</value></Data>
<Data name="altname"><value>Patras, Patrai</value></Data>
<Data name="Wikidata"><value>https://wikidata.org/wiki/Q56398976</value></Data>
<Data name="type"><value>[&quot;polis&quot;]</value></Data>
<Data name="passages"><value>[&quot;2.9.2&quot;,&quot;3.2.1&quot;,&quot;4.31.7&quot;,&quot;7.17.5&quot;,&quot;7.18.2&quot;,&quot;7.18.4&quot;,&quot;7.18.5&quot;,&quot;7.18.6&quot;,&quot;7.18.7&quot;,&quot;7.18.8&quot;,&quot;7.18.9&quot;,&quot;7.19.1&quot;,&quot;7.19.8&quot;,&quot;7.20.7&quot;,&quot;7.21.10&quot;,&quot;7.21.13&quot;,&quot;7.21.14&quot;,&quot;7.21.6&quot;,&quot;7.22.1&quot;,&quot;7.22.10&quot;,&quot;7.22.11&quot;,&quot;7.22.6&quot;,&quot;7.6.2&quot;,&quot;7.6.4&quot;,&quot;7.6.5&quot;]</value></Data>
<Data name="Pleiades"><value>https://pleiades.stoa.org/places/570567</value></Data>
</ExtendedData>
        <Point><coordinates>21.738518,38.243265</coordinates></Point>
      </Placemark>

      <Placemark>
        <name>Patrae</name>
        <ExtendedData>
<Data name="name"><value>Patrae</value></Data>
<Data name="region"><value>Achaia Bk7</value></Data>
<Data name="part of"><value>Achaia Bk7</value></Data>
<Data name="altname"><value>Patras, Patrai</value></Data>
<Data name="Wikidata"><value>https://wikidata.org/wiki/Q56398976</value></Data>
<Data name="type"><value>[&quot;polis&quot;]</value></Data>
<Data name="passages"><value>[&quot;2.9.2&quot;,&quot;3.2.1&quot;,&quot;4.31.7&quot;,&quot;7.17.5&quot;,&quot;7.18.2&quot;,&quot;7.18.4&quot;,&quot;7.18.5&quot;,&quot;7.18.6&quot;,&quot;7.18.7&quot;,&quot;7.18.8&quot;,&quot;7.18.9&quot;,&quot;7.19.1&quot;,&quot;7.19.8&quot;,&quot;7.20.7&quot;,&quot;7.21.10&quot;,&quot;7.21.13&quot;,&quot;7.21.14&quot;,&quot;7.21.6&quot;,&quot;7.22.1&quot;,&quot;7.22.10&quot;,&quot;7.22.11&quot;,&quot;7.22.6&quot;,&quot;7.6.2&quot;,&quot;7.6.4&quot;,&quot;7.6.5&quot;]</value></Data>
<Data name="Pleiades"><value>https://pleiades.stoa.org/places/570567</value></Data>
</ExtendedData>
        <Point><coordinates>21.738518,38.243265</coordinates></Point>
      </Placemark>

      <Placemark>
        <name>Patrae</name>
        <ExtendedData>
<Data name="name"><value>Patrae</value></Data>
<Data name="region"><value>Achaia Bk7</value></Data>
<Data name="part of"><value>Achaia Bk7</value></Data>
<Data name="altname"><value>Patras, Patrai</value></Data>
<Data name="Wikidata"><value>https://wikidata.org/wiki/Q56398976</value></Data>
<Data name="type"><value>[&quot;polis&quot;]</value></Data>
<Data name="passages"><value>[&quot;2.9.2&quot;,&quot;3.2.1&quot;,&quot;4.31.7&quot;,&quot;7.17.5&quot;,&quot;7.18.2&quot;,&quot;7.18.4&quot;,&quot;7.18.5&quot;,&quot;7.18.6&quot;,&quot;7.18.7&quot;,&quot;7.18.8&quot;,&quot;7.18.9&quot;,&quot;7.19.1&quot;,&quot;7.19.8&quot;,&quot;7.20.7&quot;,&quot;7.21.10&quot;,&quot;7.21.13&quot;,&quot;7.21.14&quot;,&quot;7.21.6&quot;,&quot;7.22.1&quot;,&quot;7.22.10&quot;,&quot;7.22.11&quot;,&quot;7.22.6&quot;,&quot;7.6.2&quot;,&quot;7.6.4&quot;,&quot;7.6.5&quot;]</value></Data>
<Data name="Pleiades"><value>https://pleiades.stoa.org/places/570567</value></Data>
</ExtendedData>
        <Point><coordinates>21.738518,38.243265</coordinates></Point>
      </Placemark>

      <Placemark>
        <name>Patrae</name>
        <ExtendedData>
<Data name="name"><value>Patrae</value></Data>
<Data name="region"><value>Achaia Bk7</value></Data>
<Data name="part of"><value>Achaia Bk7</value></Data>
<Data name="altname"><value>Patras, Patrai</value></Data>
<Data name="Wikidata"><value>https://wikidata.org/wiki/Q56398976</value></Data>
<Data name="type"><value>[&quot;polis&quot;]</value></Data>
<Data name="passages"><value>[&quot;2.9.2&quot;,&quot;3.2.1&quot;,&quot;4.31.7&quot;,&quot;7.17.5&quot;,&quot;7.18.2&quot;,&quot;7.18.4&quot;,&quot;7.18.5&quot;,&quot;7.18.6&quot;,&quot;7.18.7&quot;,&quot;7.18.8&quot;,&quot;7.18.9&quot;,&quot;7.19.1&quot;,&quot;7.19.8&quot;,&quot;7.20.7&quot;,&quot;7.21.10&quot;,&quot;7.21.13&quot;,&quot;7.21.14&quot;,&quot;7.21.6&quot;,&quot;7.22.1&quot;,&quot;7.22.10&quot;,&quot;7.22.11&quot;,&quot;7.22.6&quot;,&quot;7.6.2&quot;,&quot;7.6.4&quot;,&quot;7.6.5&quot;]</value></Data>
<Data name="Pleiades"><value>https://pleiades.stoa.org/places/570567</value></Data>
</ExtendedData>
        <Point><coordinates>21.738518,38.243265</coordinates></Point>
      </Placemark>

      <Placemark>
        <name>Patrae</name>
        <ExtendedData>
<Data name="name"><value>Patrae</value></Data>
<Data name="region"><value>Achaia Bk7</value></Data>
<Data name="part of"><value>Achaia Bk7</value></Data>
<Data name="altname"><value>Patras, Patrai</value></Data>
<Data name="Wikidata"><value>https://wikidata.org/wiki/Q56398976</value></Data>
<Data name="type"><value>[&quot;polis&quot;]</value></Data>
<Data name="passages"><value>[&quot;2.9.2&quot;,&quot;3.2.1&quot;,&quot;4.31.7&quot;,&quot;7.17.5&quot;,&quot;7.18.2&quot;,&quot;7.18.4&quot;,&quot;7.18.5&quot;,&quot;7.18.6&quot;,&quot;7.18.7&quot;,&quot;7.18.8&quot;,&quot;7.18.9&quot;,&quot;7.19.1&quot;,&quot;7.19.8&quot;,&quot;7.20.7&quot;,&quot;7.21.10&quot;,&quot;7.21.13&quot;,&quot;7.21.14&quot;,&quot;7.21.6&quot;,&quot;7.22.1&quot;,&quot;7.22.10&quot;,&quot;7.22.11&quot;,&quot;7.22.6&quot;,&quot;7.6.2&quot;,&quot;7.6.4&quot;,&quot;7.6.5&quot;]</value></Data>
<Data name="Pleiades"><value>https://pleiades.stoa.org/places/570567</value></Data>
</ExtendedData>
        <Point><coordinates>21.738518,38.243265</coordinates></Point>
      </Placemark>

      <Placemark>
        <name>Patrae</name>
        <ExtendedData>
<Data name="name"><value>Patrae</value></Data>
<Data name="region"><value>Achaia Bk7</value></Data>
<Data name="part of"><value>Achaia Bk7</value></Data>
<Data name="altname"><value>Patras, Patrai</value></Data>
<Data name="Wikidata"><value>https://wikidata.org/wiki/Q56398976</value></Data>
<Data name="type"><value>[&quot;polis&quot;]</value></Data>
<Data name="passages"><value>[&quot;2.9.2&quot;,&quot;3.2.1&quot;,&quot;4.31.7&quot;,&quot;7.17.5&quot;,&quot;7.18.2&quot;,&quot;7.18.4&quot;,&quot;7.18.5&quot;,&quot;7.18.6&quot;,&quot;7.18.7&quot;,&quot;7.18.8&quot;,&quot;7.18.9&quot;,&quot;7.19.1&quot;,&quot;7.19.8&quot;,&quot;7.20.7&quot;,&quot;7.21.10&quot;,&quot;7.21.13&quot;,&quot;7.21.14&quot;,&quot;7.21.6&quot;,&quot;7.22.1&quot;,&quot;7.22.10&quot;,&quot;7.22.11&quot;,&quot;7.22.6&quot;,&quot;7.6.2&quot;,&quot;7.6.4&quot;,&quot;7.6.5&quot;]</value></Data>
<Data name="Pleiades"><value>https://pleiades.stoa.org/places/570567</value></Data>
</ExtendedData>
        <Point><coordinates>21.738518,38.243265</coordinates></Point>
      </Placemark>

      <Placemark>
        <name>Patrae</name>
        <ExtendedData>
<Data name="name"><value>Patrae</value></Data>
<Data name="region"><value>Achaia Bk7</value></Data>
<Data name="part of"><value>Achaia Bk7</value></Data>
<Data name="altname"><value>Patras, Patrai</value></Data>
<Data name="Wikidata"><value>https://wikidata.org/wiki/Q56398976</value></Data>
<Data name="type"><value>[&quot;polis&quot;]</value></Data>
<Data name="passages"><value>[&quot;2.9.2&quot;,&quot;3.2.1&quot;,&quot;4.31.7&quot;,&quot;7.17.5&quot;,&quot;7.18.2&quot;,&quot;7.18.4&quot;,&quot;7.18.5&quot;,&quot;7.18.6&quot;,&quot;7.18.7&quot;,&quot;7.18.8&quot;,&quot;7.18.9&quot;,&quot;7.19.1&quot;,&quot;7.19.8&quot;,&quot;7.20.7&quot;,&quot;7.21.10&quot;,&quot;7.21.13&quot;,&quot;7.21.14&quot;,&quot;7.21.6&quot;,&quot;7.22.1&quot;,&quot;7.22.10&quot;,&quot;7.22.11&quot;,&quot;7.22.6&quot;,&quot;7.6.2&quot;,&quot;7.6.4&quot;,&quot;7.6.5&quot;]</value></Data>
<Data name="Pleiades"><value>https://pleiades.stoa.org/places/570567</value></Data>
</ExtendedData>
        <Point><coordinates>21.738518,38.243265</coordinates></Point>
      </Placemark>

      <Placemark>
        <name>Patrae</name>
        <ExtendedData>
<Data name="name"><value>Patrae</value></Data>
<Data name="region"><value>Achaia Bk7</value></Data>
<Data name="part of"><value>Achaia Bk7</value></Data>
<Data name="altname"><value>Patras, Patrai</value></Data>
<Data name="Wikidata"><value>https://wikidata.org/wiki/Q56398976</value></Data>
<Data name="type"><value>[&quot;polis&quot;]</value></Data>
<Data name="passages"><value>[&quot;2.9.2&quot;,&quot;3.2.1&quot;,&quot;4.31.7&quot;,&quot;7.17.5&quot;,&quot;7.18.2&quot;,&quot;7.18.4&quot;,&quot;7.18.5&quot;,&quot;7.18.6&quot;,&quot;7.18.7&quot;,&quot;7.18.8&quot;,&quot;7.18.9&quot;,&quot;7.19.1&quot;,&quot;7.19.8&quot;,&quot;7.20.7&quot;,&quot;7.21.10&quot;,&quot;7.21.13&quot;,&quot;7.21.14&quot;,&quot;7.21.6&quot;,&quot;7.22.1&quot;,&quot;7.22.10&quot;,&quot;7.22.11&quot;,&quot;7.22.6&quot;,&quot;7.6.2&quot;,&quot;7.6.4&quot;,&quot;7.6.5&quot;]</value></Data>
<Data name="Pleiades"><value>https://pleiades.stoa.org/places/570567</value></Data>
</ExtendedData>
        <Point><coordinates>21.738518,38.243265</coordinates></Point>
      </Placemark>

      <Placemark>
        <name>Patrae</name>
        <ExtendedData>
<Data name="name"><value>Patrae</value></Data>
<Data name="region"><value>Achaia Bk7</value></Data>
<Data name="part of"><value>Achaia Bk7</value></Data>
<Data name="altname"><value>Patras, Patrai</value></Data>
<Data name="Wikidata"><value>https://wikidata.org/wiki/Q56398976</value></Data>
<Data name="type"><value>[&quot;polis&quot;]</value></Data>
<Data name="passages"><value>[&quot;2.9.2&quot;,&quot;3.2.1&quot;,&quot;4.31.7&quot;,&quot;7.17.5&quot;,&quot;7.18.2&quot;,&quot;7.18.4&quot;,&quot;7.18.5&quot;,&quot;7.18.6&quot;,&quot;7.18.7&quot;,&quot;7.18.8&quot;,&quot;7.18.9&quot;,&quot;7.19.1&quot;,&quot;7.19.8&quot;,&quot;7.20.7&quot;,&quot;7.21.10&quot;,&quot;7.21.13&quot;,&quot;7.21.14&quot;,&quot;7.21.6&quot;,&quot;7.22.1&quot;,&quot;7.22.10&quot;,&quot;7.22.11&quot;,&quot;7.22.6&quot;,&quot;7.6.2&quot;,&quot;7.6.4&quot;,&quot;7.6.5&quot;]</value></Data>
<Data name="Pleiades"><value>https://pleiades.stoa.org/places/570567</value></Data>
</ExtendedData>
        <Point><coordinates>21.738518,38.243265</coordinates></Point>
      </Placemark>

      <Placemark>
        <name>Patrae</name>
        <ExtendedData>
<Data name="name"><value>Patrae</value></Data>
<Data name="region"><value>Achaia Bk7</value></Data>
<Data name="part of"><value>Achaia Bk7</value></Data>
<Data name="altname"><value>Patras, Patrai</value></Data>
<Data name="Wikidata"><value>https://wikidata.org/wiki/Q56398976</value></Data>
<Data name="type"><value>[&quot;polis&quot;]</value></Data>
<Data name="passages"><value>[&quot;2.9.2&quot;,&quot;3.2.1&quot;,&quot;4.31.7&quot;,&quot;7.17.5&quot;,&quot;7.18.2&quot;,&quot;7.18.4&quot;,&quot;7.18.5&quot;,&quot;7.18.6&quot;,&quot;7.18.7&quot;,&quot;7.18.8&quot;,&quot;7.18.9&quot;,&quot;7.19.1&quot;,&quot;7.19.8&quot;,&quot;7.20.7&quot;,&quot;7.21.10&quot;,&quot;7.21.13&quot;,&quot;7.21.14&quot;,&quot;7.21.6&quot;,&quot;7.22.1&quot;,&quot;7.22.10&quot;,&quot;7.22.11&quot;,&quot;7.22.6&quot;,&quot;7.6.2&quot;,&quot;7.6.4&quot;,&quot;7.6.5&quot;]</value></Data>
<Data name="Pleiades"><value>https://pleiades.stoa.org/places/570567</value></Data>
</ExtendedData>
        <Point><coordinates>21.738518,38.243265</coordinates></Point>
      </Placemark>

      <Placemark>
        <name>Patrae</name>
        <ExtendedData>
<Data name="name"><value>Patrae</value></Data>
<Data name="region"><value>Achaia Bk7</value></Data>
<Data name="part of"><value>Achaia Bk7</value></Data>
<Data name="altname"><value>Patras, Patrai</value></Data>
<Data name="Wikidata"><value>https://wikidata.org/wiki/Q56398976</value></Data>
<Data name="type"><value>[&quot;polis&quot;]</value></Data>
<Data name="passages"><value>[&quot;2.9.2&quot;,&quot;3.2.1&quot;,&quot;4.31.7&quot;,&quot;7.17.5&quot;,&quot;7.18.2&quot;,&quot;7.18.4&quot;,&quot;7.18.5&quot;,&quot;7.18.6&quot;,&quot;7.18.7&quot;,&quot;7.18.8&quot;,&quot;7.18.9&quot;,&quot;7.19.1&quot;,&quot;7.19.8&quot;,&quot;7.20.7&quot;,&quot;7.21.10&quot;,&quot;7.21.13&quot;,&quot;7.21.14&quot;,&quot;7.21.6&quot;,&quot;7.22.1&quot;,&quot;7.22.10&quot;,&quot;7.22.11&quot;,&quot;7.22.6&quot;,&quot;7.6.2&quot;,&quot;7.6.4&quot;,&quot;7.6.5&quot;]</value></Data>
<Data name="Pleiades"><value>https://pleiades.stoa.org/places/570567</value></Data>
</ExtendedData>
        <Point><coordinates>21.738518,38.243265</coordinates></Point>
      </Placemark>

      <Placemark>
        <name>Patrae</name>
        <ExtendedData>
<Data name="name"><value>Patrae</value></Data>
<Data name="region"><value>Achaia Bk7</value></Data>
<Data name="part of"><value>Achaia Bk7</value></Data>
<Data name="altname"><value>Patras, Patrai</value></Data>
<Data name="Wikidata"><value>https://wikidata.org/wiki/Q56398976</value></Data>
<Data name="type"><value>[&quot;polis&quot;]</value></Data>
<Data name="passages"><value>[&quot;2.9.2&quot;,&quot;3.2.1&quot;,&quot;4.31.7&quot;,&quot;7.17.5&quot;,&quot;7.18.2&quot;,&quot;7.18.4&quot;,&quot;7.18.5&quot;,&quot;7.18.6&quot;,&quot;7.18.7&quot;,&quot;7.18.8&quot;,&quot;7.18.9&quot;,&quot;7.19.1&quot;,&quot;7.19.8&quot;,&quot;7.20.7&quot;,&quot;7.21.10&quot;,&quot;7.21.13&quot;,&quot;7.21.14&quot;,&quot;7.21.6&quot;,&quot;7.22.1&quot;,&quot;7.22.10&quot;,&quot;7.22.11&quot;,&quot;7.22.6&quot;,&quot;7.6.2&quot;,&quot;7.6.4&quot;,&quot;7.6.5&quot;]</value></Data>
<Data name="Pleiades"><value>https://pleiades.stoa.org/places/570567</value></Data>
</ExtendedData>
        <Point><coordinates>21.738518,38.243265</coordinates></Point>
      </Placemark>

      <Placemark>
        <name>Patrae</name>
        <ExtendedData>
<Data name="name"><value>Patrae</value></Data>
<Data name="region"><value>Achaia Bk7</value></Data>
<Data name="part of"><value>Achaia Bk7</value></Data>
<Data name="altname"><value>Patras, Patrai</value></Data>
<Data name="Wikidata"><value>https://wikidata.org/wiki/Q56398976</value></Data>
<Data name="type"><value>[&quot;polis&quot;]</value></Data>
<Data name="passages"><value>[&quot;2.9.2&quot;,&quot;3.2.1&quot;,&quot;4.31.7&quot;,&quot;7.17.5&quot;,&quot;7.18.2&quot;,&quot;7.18.4&quot;,&quot;7.18.5&quot;,&quot;7.18.6&quot;,&quot;7.18.7&quot;,&quot;7.18.8&quot;,&quot;7.18.9&quot;,&quot;7.19.1&quot;,&quot;7.19.8&quot;,&quot;7.20.7&quot;,&quot;7.21.10&quot;,&quot;7.21.13&quot;,&quot;7.21.14&quot;,&quot;7.21.6&quot;,&quot;7.22.1&quot;,&quot;7.22.10&quot;,&quot;7.22.11&quot;,&quot;7.22.6&quot;,&quot;7.6.2&quot;,&quot;7.6.4&quot;,&quot;7.6.5&quot;]</value></Data>
<Data name="Pleiades"><value>https://pleiades.stoa.org/places/570567</value></Data>
</ExtendedData>
        <Point><coordinates>21.738518,38.243265</coordinates></Point>
      </Placemark>

      <Placemark>
        <name>Patrae</name>
        <ExtendedData>
<Data name="name"><value>Patrae</value></Data>
<Data name="region"><value>Achaia Bk7</value></Data>
<Data name="part of"><value>Achaia Bk7</value></Data>
<Data name="altname"><value>Patras, Patrai</value></Data>
<Data name="Wikidata"><value>https://wikidata.org/wiki/Q56398976</value></Data>
<Data name="type"><value>[&quot;polis&quot;]</value></Data>
<Data name="passages"><value>[&quot;2.9.2&quot;,&quot;3.2.1&quot;,&quot;4.31.7&quot;,&quot;7.17.5&quot;,&quot;7.18.2&quot;,&quot;7.18.4&quot;,&quot;7.18.5&quot;,&quot;7.18.6&quot;,&quot;7.18.7&quot;,&quot;7.18.8&quot;,&quot;7.18.9&quot;,&quot;7.19.1&quot;,&quot;7.19.8&quot;,&quot;7.20.7&quot;,&quot;7.21.10&quot;,&quot;7.21.13&quot;,&quot;7.21.14&quot;,&quot;7.21.6&quot;,&quot;7.22.1&quot;,&quot;7.22.10&quot;,&quot;7.22.11&quot;,&quot;7.22.6&quot;,&quot;7.6.2&quot;,&quot;7.6.4&quot;,&quot;7.6.5&quot;]</value></Data>
<Data name="Pleiades"><value>https://pleiades.stoa.org/places/570567</value></Data>
</ExtendedData>
        <Point><coordinates>21.738518,38.243265</coordinates></Point>
      </Placemark>

      <Placemark>
        <name>Patrae</name>
        <ExtendedData>
<Data name="name"><value>Patrae</value></Data>
<Data name="region"><value>Achaia Bk7</value></Data>
<Data name="part of"><value>Achaia Bk7</value></Data>
<Data name="altname"><value>Patras, Patrai</value></Data>
<Data name="Wikidata"><value>https://wikidata.org/wiki/Q56398976</value></Data>
<Data name="type"><value>[&quot;polis&quot;]</value></Data>
<Data name="passages"><value>[&quot;2.9.2&quot;,&quot;3.2.1&quot;,&quot;4.31.7&quot;,&quot;7.17.5&quot;,&quot;7.18.2&quot;,&quot;7.18.4&quot;,&quot;7.18.5&quot;,&quot;7.18.6&quot;,&quot;7.18.7&quot;,&quot;7.18.8&quot;,&quot;7.18.9&quot;,&quot;7.19.1&quot;,&quot;7.19.8&quot;,&quot;7.20.7&quot;,&quot;7.21.10&quot;,&quot;7.21.13&quot;,&quot;7.21.14&quot;,&quot;7.21.6&quot;,&quot;7.22.1&quot;,&quot;7.22.10&quot;,&quot;7.22.11&quot;,&quot;7.22.6&quot;,&quot;7.6.2&quot;,&quot;7.6.4&quot;,&quot;7.6.5&quot;]</value></Data>
<Data name="Pleiades"><value>https://pleiades.stoa.org/places/570567</value></Data>
</ExtendedData>
        <Point><coordinates>21.738518,38.243265</coordinates></Point>
      </Placemark>

      <Placemark>
        <name>Patrae</name>
        <ExtendedData>
<Data name="name"><value>Patrae</value></Data>
<Data name="region"><value>Achaia Bk7</value></Data>
<Data name="part of"><value>Achaia Bk7</value></Data>
<Data name="altname"><value>Patras, Patrai</value></Data>
<Data name="Wikidata"><value>https://wikidata.org/wiki/Q56398976</value></Data>
<Data name="type"><value>[&quot;polis&quot;]</value></Data>
<Data name="passages"><value>[&quot;2.9.2&quot;,&quot;3.2.1&quot;,&quot;4.31.7&quot;,&quot;7.17.5&quot;,&quot;7.18.2&quot;,&quot;7.18.4&quot;,&quot;7.18.5&quot;,&quot;7.18.6&quot;,&quot;7.18.7&quot;,&quot;7.18.8&quot;,&quot;7.18.9&quot;,&quot;7.19.1&quot;,&quot;7.19.8&quot;,&quot;7.20.7&quot;,&quot;7.21.10&quot;,&quot;7.21.13&quot;,&quot;7.21.14&quot;,&quot;7.21.6&quot;,&quot;7.22.1&quot;,&quot;7.22.10&quot;,&quot;7.22.11&quot;,&quot;7.22.6&quot;,&quot;7.6.2&quot;,&quot;7.6.4&quot;,&quot;7.6.5&quot;]</value></Data>
<Data name="Pleiades"><value>https://pleiades.stoa.org/places/570567</value></Data>
</ExtendedData>
        <Point><coordinates>21.738518,38.243265</coordinates></Point>
      </Placemark>

      <Placemark>
        <name>Patrae</name>
        <ExtendedData>
<Data name="name"><value>Patrae</value></Data>
<Data name="region"><value>Achaia Bk7</value></Data>
<Data name="part of"><value>Achaia Bk7</value></Data>
<Data name="altname"><value>Patras, Patrai</value></Data>
<Data name="Wikidata"><value>https://wikidata.org/wiki/Q56398976</value></Data>
<Data name="type"><value>[&quot;polis&quot;]</value></Data>
<Data name="passages"><value>[&quot;2.9.2&quot;,&quot;3.2.1&quot;,&quot;4.31.7&quot;,&quot;7.17.5&quot;,&quot;7.18.2&quot;,&quot;7.18.4&quot;,&quot;7.18.5&quot;,&quot;7.18.6&quot;,&quot;7.18.7&quot;,&quot;7.18.8&quot;,&quot;7.18.9&quot;,&quot;7.19.1&quot;,&quot;7.19.8&quot;,&quot;7.20.7&quot;,&quot;7.21.10&quot;,&quot;7.21.13&quot;,&quot;7.21.14&quot;,&quot;7.21.6&quot;,&quot;7.22.1&quot;,&quot;7.22.10&quot;,&quot;7.22.11&quot;,&quot;7.22.6&quot;,&quot;7.6.2&quot;,&quot;7.6.4&quot;,&quot;7.6.5&quot;]</value></Data>
<Data name="Pleiades"><value>https://pleiades.stoa.org/places/570567</value></Data>
</ExtendedData>
        <Point><coordinates>21.738518,38.243265</coordinates></Point>
      </Placemark>

      <Placemark>
        <name>Donoussa</name>
        <ExtendedData>
<Data name="name"><value>Donoussa</value></Data>
<Data name="region"><value>Achaia Bk7</value></Data>
<Data name="part of"><value>Achaia Bk7</value></Data>
<Data name="altname"><value>Donoessa, Gonoessa: settlement between Aigeira and Pellene</value></Data>
<Data name="Wikidata"><value>https://wikidata.org/wiki/Q5582063</value></Data>
<Data name="type"><value>[&quot;settlement&quot;]</value></Data>
<Data name="passages"><value>[&quot;7.26.13&quot;]</value></Data>
<Data name="Pleiades"><value>https://pleiades.stoa.org/places/573188</value></Data>
</ExtendedData>
        <Point><coordinates>22.6252,37.9313</coordinates></Point>
      </Placemark>

      <Placemark>
        <name>Lebedos</name>
        <ExtendedData>
<Data name="name"><value>Lebedos</value></Data>
<Data name="region"><value>Asia Minor (Asia)</value></Data>
<Data name="part of"><value>Ionia (region)</value></Data>
<Data name="Wikidata"><value>https://wikidata.org/wiki/Q302905</value></Data>
<Data name="type"><value>[&quot;polis&quot;]</value></Data>
<Data name="passages"><value>[&quot;1.9.7&quot;,&quot;7.3.5&quot;,&quot;7.5.11&quot;]</value></Data>
<Data name="Pleiades"><value>https://pleiades.stoa.org/places/599754</value></Data>
</ExtendedData>
        <Point><coordinates>26.964722,38.077883</coordinates></Point>
      </Placemark>

      <Placemark>
        <name>Lebedos</name>
        <ExtendedData>
<Data name="name"><value>Lebedos</value></Data>
<Data name="region"><value>Asia Minor (Asia)</value></Data>
<Data name="part of"><value>Ionia (region)</value></Data>
<Data name="Wikidata"><value>https://wikidata.org/wiki/Q302905</value></Data>
<Data name="type"><value>[&quot;polis&quot;]</value></Data>
<Data name="passages"><value>[&quot;1.9.7&quot;,&quot;7.3.5&quot;,&quot;7.5.11&quot;]</value></Data>
<Data name="Pleiades"><value>https://pleiades.stoa.org/places/599754</value></Data>
</ExtendedData>
        <Point><coordinates>26.964722,38.077883</coordinates></Point>
      </Placemark>

      <Placemark>
        <name>Teichos of Athena, Achaea</name>
        <ExtendedData>
<Data name="name"><value>Teichos of Athena, Achaea</value></Data>
<Data name="region"><value>Achaia Bk7</value></Data>
<Data name="part of"><value>Achaia Bk7</value></Data>
<Data name="altname"><value>Athena Teichos</value></Data>
<Data name="Wikidata"><value>https://wikidata.org/wiki/Q111672487</value></Data>
<Data name="type"><value>[&quot;chorion&quot;]</value></Data>
<Data name="passages"><value>[&quot;7.22.10&quot;]</value></Data>
<Data name="ToposText"><value>https://topostext.org/place/383219FTeA</value></Data>
</ExtendedData>
        <Point><coordinates>21.9933,38.3098</coordinates></Point>
      </Placemark>

      <Placemark>
        <name>Altar at oracle in Pharae agora</name>
        <ExtendedData>
<Data name="name"><value>Altar at oracle in Pharae agora</value></Data>
<Data name="region"><value>Achaia Bk7</value></Data>
<Data name="part of"><value>agora of Pharae</value></Data>
<Data name="location"><value>agora of Pharae</value></Data>
<Data name="type"><value>[&quot;altar&quot;]</value></Data>
<Data name="passages"><value>[&quot;7.22.3&quot;]</value></Data>
</ExtendedData>
        <Point><coordinates>21.73,38.082</coordinates></Point>
      </Placemark>

      <Placemark>
        <name>Cave sanctuary of Heracles at Bouraikos river</name>
        <ExtendedData>
<Data name="name"><value>Cave sanctuary of Heracles at Bouraikos river</value></Data>
<Data name="region"><value>Achaia Bk7</value></Data>
<Data name="part of"><value>Bouraikos (river)</value></Data>
<Data name="type"><value>[&quot;cave&quot;]</value></Data>
<Data name="passages"><value>[&quot;7.25.10&quot;,&quot;7.25.11&quot;]</value></Data>
</ExtendedData>
        <Point><coordinates>22.19,38.184</coordinates></Point>
      </Placemark>

      <Placemark>
        <name>Cave sanctuary of Heracles at Bouraikos river</name>
        <ExtendedData>
<Data name="name"><value>Cave sanctuary of Heracles at Bouraikos river</value></Data>
<Data name="region"><value>Achaia Bk7</value></Data>
<Data name="part of"><value>Bouraikos (river)</value></Data>
<Data name="type"><value>[&quot;cave&quot;]</value></Data>
<Data name="passages"><value>[&quot;7.25.10&quot;,&quot;7.25.11&quot;]</value></Data>
</ExtendedData>
        <Point><coordinates>22.19,38.184</coordinates></Point>
      </Placemark>

      <Placemark>
        <name>acropolis of Patrae</name>
        <ExtendedData>
<Data name="name"><value>acropolis of Patrae</value></Data>
<Data name="region"><value>Achaia Bk7</value></Data>
<Data name="part of"><value>Patrae</value></Data>
<Data name="location"><value>Patrae</value></Data>
<Data name="Wikidata"><value>https://wikidata.org/wiki/Q124626027</value></Data>
<Data name="type"><value>[&quot;acropolis&quot;]</value></Data>
<Data name="passages"><value>[&quot;7.18.8&quot;,&quot;7.18.9&quot;]</value></Data>
</ExtendedData>
        <Point><coordinates>21.738518,38.243265</coordinates></Point>
      </Placemark>

      <Placemark>
        <name>acropolis of Patrae</name>
        <ExtendedData>
<Data name="name"><value>acropolis of Patrae</value></Data>
<Data name="region"><value>Achaia Bk7</value></Data>
<Data name="part of"><value>Patrae</value></Data>
<Data name="location"><value>Patrae</value></Data>
<Data name="Wikidata"><value>https://wikidata.org/wiki/Q124626027</value></Data>
<Data name="type"><value>[&quot;acropolis&quot;]</value></Data>
<Data name="passages"><value>[&quot;7.18.8&quot;,&quot;7.18.9&quot;]</value></Data>
</ExtendedData>
        <Point><coordinates>21.738518,38.243265</coordinates></Point>
      </Placemark>

      <Placemark>
        <name>Dardanos</name>
        <ExtendedData>
<Data name="name"><value>Dardanos</value></Data>
<Data name="region"><value>Asia Minor (Asia)</value></Data>
<Data name="part of"><value>Troas</value></Data>
<Data name="Wikidata"><value>https://wikidata.org/wiki/Q950952</value></Data>
<Data name="type"><value>[&quot;settlement&quot;]</value></Data>
<Data name="passages"><value>[&quot;7.19.6&quot;]</value></Data>
<Data name="Pleiades"><value>https://pleiades.stoa.org/places/501393</value></Data>
</ExtendedData>
        <Point><coordinates>26.385172,40.071124</coordinates></Point>
      </Placemark>

      <Placemark>
        <name>Oeta M.</name>
        <ExtendedData>
<Data name="name"><value>Oeta M.</value></Data>
<Data name="region"><value>Hellas (Europe)</value></Data>
<Data name="part of"><value>Phthiotis</value></Data>
<Data name="Wikidata"><value>https://wikidata.org/wiki/Q132378</value></Data>
<Data name="type"><value>[&quot;mountain oros&quot;]</value></Data>
<Data name="passages"><value>[&quot;1.1.3&quot;,&quot;1.4.2&quot;,&quot;10.20.1&quot;,&quot;10.22.1&quot;,&quot;10.22.8&quot;,&quot;10.24.1&quot;,&quot;2.23.5&quot;,&quot;3.4.8&quot;,&quot;5.1.2&quot;,&quot;7.14.1&quot;,&quot;7.15.4&quot;]</value></Data>
<Data name="Pleiades"><value>https://pleiades.stoa.org/places/540968</value></Data>
</ExtendedData>
        <Point><coordinates>22.2564576,38.7922475</coordinates></Point>
      </Placemark>

      <Placemark>
        <name>Oeta M.</name>
        <ExtendedData>
<Data name="name"><value>Oeta M.</value></Data>
<Data name="region"><value>Hellas (Europe)</value></Data>
<Data name="part of"><value>Phthiotis</value></Data>
<Data name="Wikidata"><value>https://wikidata.org/wiki/Q132378</value></Data>
<Data name="type"><value>[&quot;mountain oros&quot;]</value></Data>
<Data name="passages"><value>[&quot;1.1.3&quot;,&quot;1.4.2&quot;,&quot;10.20.1&quot;,&quot;10.22.1&quot;,&quot;10.22.8&quot;,&quot;10.24.1&quot;,&quot;2.23.5&quot;,&quot;3.4.8&quot;,&quot;5.1.2&quot;,&quot;7.14.1&quot;,&quot;7.15.4&quot;]</value></Data>
<Data name="Pleiades"><value>https://pleiades.stoa.org/places/540968</value></Data>
</ExtendedData>
        <Point><coordinates>22.2564576,38.7922475</coordinates></Point>
      </Placemark>

      <Placemark>
        <name>Grove in the Mysaion near Pellene</name>
        <ExtendedData>
<Data name="name"><value>Grove in the Mysaion near Pellene</value></Data>
<Data name="region"><value>Achaia Bk7</value></Data>
<Data name="part of"><value>Mysaion sanctuary of Mysian Demeter, 60 stades from Pellene</value></Data>
<Data name="location"><value>Mysaion sanctuary of Mysian Demeter, 60 stades from Pellene</value></Data>
<Data name="altname"><value>all kinds of trees</value></Data>
<Data name="type"><value>[&quot;grove&quot;]</value></Data>
<Data name="passages"><value>[&quot;7.27.9&quot;]</value></Data>
</ExtendedData>
        <Point><coordinates>22.5384,38.0446</coordinates></Point>
      </Placemark>

      <Placemark>
        <name>Grove of Poseidon at Helike, drowned by earthquake</name>
        <ExtendedData>
<Data name="name"><value>Grove of Poseidon at Helike, drowned by earthquake</value></Data>
<Data name="region"><value>Achaia Bk7</value></Data>
<Data name="part of"><value>Helike</value></Data>
<Data name="location"><value>Helike</value></Data>
<Data name="type"><value>[&quot;grove&quot;]</value></Data>
<Data name="passages"><value>[&quot;7.24.12&quot;]</value></Data>
</ExtendedData>
        <Point><coordinates>22.14015,38.22257</coordinates></Point>
      </Placemark>

      <Placemark>
        <name>Altar in temenos of Helikonian Poseidon at Teos</name>
        <ExtendedData>
<Data name="name"><value>Altar in temenos of Helikonian Poseidon at Teos</value></Data>
<Data name="region"><value>Asia Minor (Asia)</value></Data>
<Data name="part of"><value>Teos</value></Data>
<Data name="location"><value>Teos</value></Data>
<Data name="type"><value>[&quot;altar&quot;,&quot;temenos&quot;]</value></Data>
<Data name="passages"><value>[&quot;7.24.5&quot;]</value></Data>
</ExtendedData>
        <Point><coordinates>26.785014,38.177262</coordinates></Point>
      </Placemark>

      <Placemark>
        <name>Temple of Athena Larisaia at Larisos river</name>
        <ExtendedData>
<Data name="name"><value>Temple of Athena Larisaia at Larisos river</value></Data>
<Data name="region"><value>Achaia Bk7</value></Data>
<Data name="part of"><value>Larisos (river)</value></Data>
<Data name="type"><value>[&quot;temple&quot;]</value></Data>
<Data name="passages"><value>[&quot;7.17.5&quot;]</value></Data>
</ExtendedData>
        <Point><coordinates>21.412,38.139</coordinates></Point>
      </Placemark>

      <Placemark>
        <name>Temple of Artemis Triklaria, in sanctuary near Patrae</name>
        <ExtendedData>
<Data name="name"><value>Temple of Artemis Triklaria, in sanctuary near Patrae</value></Data>
<Data name="region"><value>Achaia Bk7</value></Data>
<Data name="part of"><value>Sanctuary of Artemis Triklaria, at Meilichos river</value></Data>
<Data name="location"><value>Sanctuary of Artemis Triklaria, at Meilichos river</value></Data>
<Data name="altname"><value>Artemis Triclaria temple near Patrae</value></Data>
<Data name="type"><value>[&quot;temple&quot;]</value></Data>
<Data name="passages"><value>[&quot;7.19.1&quot;]</value></Data>
</ExtendedData>
        <Point><coordinates>21.738518,38.243265</coordinates></Point>
      </Placemark>

      <Placemark>
        <name>Sanctuary of Ephesian Artemis at Ephesus</name>
        <ExtendedData>
<Data name="name"><value>Sanctuary of Ephesian Artemis at Ephesus</value></Data>
<Data name="region"><value>Asia Minor (Asia)</value></Data>
<Data name="part of"><value>Ephesos</value></Data>
<Data name="Wikidata"><value>https://wikidata.org/wiki/Q43018</value></Data>
<Data name="type"><value>[&quot;hieron&quot;]</value></Data>
<Data name="passages"><value>[&quot;10.26.6&quot;,&quot;10.38.6&quot;,&quot;4.31.8&quot;,&quot;5.19.2&quot;,&quot;6.3.15&quot;,&quot;6.3.16&quot;,&quot;7.2.7&quot;,&quot;7.5.4&quot;]</value></Data>
<Data name="Manto"><value>https://resource.manto.unh.edu/10267644</value></Data>
<Data name="Pleiades"><value>https://pleiades.stoa.org/places/873985034</value></Data>
<Data name="ToposText"><value>https://topostext.org/place/379274SEph</value></Data>
</ExtendedData>
        <Point><coordinates>27.363816,37.9498235</coordinates></Point>
      </Placemark>

      <Placemark>
        <name>Sanctuary of Ephesian Artemis at Ephesus</name>
        <ExtendedData>
<Data name="name"><value>Sanctuary of Ephesian Artemis at Ephesus</value></Data>
<Data name="region"><value>Asia Minor (Asia)</value></Data>
<Data name="part of"><value>Ephesos</value></Data>
<Data name="Wikidata"><value>https://wikidata.org/wiki/Q43018</value></Data>
<Data name="type"><value>[&quot;hieron&quot;]</value></Data>
<Data name="passages"><value>[&quot;10.26.6&quot;,&quot;10.38.6&quot;,&quot;4.31.8&quot;,&quot;5.19.2&quot;,&quot;6.3.15&quot;,&quot;6.3.16&quot;,&quot;7.2.7&quot;,&quot;7.5.4&quot;]</value></Data>
<Data name="Manto"><value>https://resource.manto.unh.edu/10267644</value></Data>
<Data name="Pleiades"><value>https://pleiades.stoa.org/places/873985034</value></Data>
<Data name="ToposText"><value>https://topostext.org/place/379274SEph</value></Data>
</ExtendedData>
        <Point><coordinates>27.363816,37.9498235</coordinates></Point>
      </Placemark>

      <Placemark>
        <name>precinct and temple of Artemis Limnatis at Patrae</name>
        <ExtendedData>
<Data name="name"><value>precinct and temple of Artemis Limnatis at Patrae</value></Data>
<Data name="region"><value>Achaia Bk7</value></Data>
<Data name="part of"><value>Patrae</value></Data>
<Data name="location"><value>Patrae</value></Data>
<Data name="type"><value>[&quot;temple&quot;]</value></Data>
<Data name="passages"><value>[&quot;7.20.7&quot;]</value></Data>
</ExtendedData>
        <Point><coordinates>21.738518,38.243265</coordinates></Point>
      </Placemark>

      <Placemark>
        <name>pediment of temple in Apollo sanctuary at Aigeira</name>
        <ExtendedData>
<Data name="name"><value>pediment of temple in Apollo sanctuary at Aigeira</value></Data>
<Data name="region"><value>Achaia Bk7</value></Data>
<Data name="part of"><value>Sanctuary of Apollo at Aigeira</value></Data>
<Data name="location"><value>Sanctuary of Apollo at Aigeira</value></Data>
<Data name="type"><value>[&quot;pediment&quot;]</value></Data>
<Data name="passages"><value>[&quot;7.26.6&quot;]</value></Data>
</ExtendedData>
        <Point><coordinates>22.3777,38.1286</coordinates></Point>
      </Placemark>

      <Placemark>
        <name>Temple of Artemis at Aigeira</name>
        <ExtendedData>
<Data name="name"><value>Temple of Artemis at Aigeira</value></Data>
<Data name="region"><value>Achaia Bk7</value></Data>
<Data name="part of"><value>Aigeira (Achaia)</value></Data>
<Data name="location"><value>Aigeira (Achaia)</value></Data>
<Data name="type"><value>[&quot;temple&quot;]</value></Data>
<Data name="passages"><value>[&quot;7.26.5&quot;]</value></Data>
</ExtendedData>
        <Point><coordinates>22.3777,38.1286</coordinates></Point>
      </Placemark>

      <Placemark>
        <name>seashore of Aigion</name>
        <ExtendedData>
<Data name="name"><value>seashore of Aigion</value></Data>
<Data name="region"><value>Achaia Bk7</value></Data>
<Data name="part of"><value>Aigion (Achaia)</value></Data>
<Data name="location"><value>Aigion (Achaia)</value></Data>
<Data name="type"><value>[&quot;coast&quot;]</value></Data>
<Data name="passages"><value>[&quot;7.24.3&quot;]</value></Data>
</ExtendedData>
        <Point><coordinates>22.09,38.252</coordinates></Point>
      </Placemark>

      <Placemark>
        <name>Oracle of Clarian Apollo in Claros</name>
        <ExtendedData>
<Data name="name"><value>Oracle of Clarian Apollo in Claros</value></Data>
<Data name="region"><value>Asia Minor (Asia)</value></Data>
<Data name="part of"><value>Klaros</value></Data>
<Data name="location"><value>Klaros</value></Data>
<Data name="type"><value>[&quot;oracle manteion&quot;]</value></Data>
<Data name="passages"><value>[&quot;7.3.1&quot;]</value></Data>
</ExtendedData>
        <Point><coordinates>27.19292,38.00466</coordinates></Point>
      </Placemark>

      <Placemark>
        <name>Sanctuary of Soteria at Aigion</name>
        <ExtendedData>
<Data name="name"><value>Sanctuary of Soteria at Aigion</value></Data>
<Data name="region"><value>Achaia Bk7</value></Data>
<Data name="part of"><value>Aigion (Achaia)</value></Data>
<Data name="location"><value>Aigion (Achaia)</value></Data>
<Data name="Wikidata"><value>https://wikidata.org/wiki/Q134036964</value></Data>
<Data name="type"><value>[&quot;hieron&quot;]</value></Data>
<Data name="passages"><value>[&quot;7.24.3&quot;]</value></Data>
</ExtendedData>
        <Point><coordinates>22.09,38.252</coordinates></Point>
      </Placemark>

      <Placemark>
        <name>Dyme</name>
        <ExtendedData>
<Data name="name"><value>Dyme</value></Data>
<Data name="region"><value>Achaia Bk7</value></Data>
<Data name="part of"><value>Dymaean chora</value></Data>
<Data name="Wikidata"><value>https://wikidata.org/wiki/Q1231662</value></Data>
<Data name="type"><value>[&quot;settlement&quot;]</value></Data>
<Data name="passages"><value>[&quot;2.7.4&quot;,&quot;2.9.2&quot;,&quot;5.9.1&quot;,&quot;7.17.5&quot;,&quot;7.17.6&quot;,&quot;7.17.7&quot;,&quot;7.17.8&quot;,&quot;7.18.1&quot;,&quot;7.6.1&quot;,&quot;7.7.3&quot;]</value></Data>
<Data name="Pleiades"><value>https://pleiades.stoa.org/places/570205</value></Data>
</ExtendedData>
        <Point><coordinates>21.551425,38.144625</coordinates></Point>
      </Placemark>

      <Placemark>
        <name>Dyme</name>
        <ExtendedData>
<Data name="name"><value>Dyme</value></Data>
<Data name="region"><value>Achaia Bk7</value></Data>
<Data name="part of"><value>Dymaean chora</value></Data>
<Data name="Wikidata"><value>https://wikidata.org/wiki/Q1231662</value></Data>
<Data name="type"><value>[&quot;settlement&quot;]</value></Data>
<Data name="passages"><value>[&quot;2.7.4&quot;,&quot;2.9.2&quot;,&quot;5.9.1&quot;,&quot;7.17.5&quot;,&quot;7.17.6&quot;,&quot;7.17.7&quot;,&quot;7.17.8&quot;,&quot;7.18.1&quot;,&quot;7.6.1&quot;,&quot;7.7.3&quot;]</value></Data>
<Data name="Pleiades"><value>https://pleiades.stoa.org/places/570205</value></Data>
</ExtendedData>
        <Point><coordinates>21.551425,38.144625</coordinates></Point>
      </Placemark>

      <Placemark>
        <name>Dyme</name>
        <ExtendedData>
<Data name="name"><value>Dyme</value></Data>
<Data name="region"><value>Achaia Bk7</value></Data>
<Data name="part of"><value>Dymaean chora</value></Data>
<Data name="Wikidata"><value>https://wikidata.org/wiki/Q1231662</value></Data>
<Data name="type"><value>[&quot;settlement&quot;]</value></Data>
<Data name="passages"><value>[&quot;2.7.4&quot;,&quot;2.9.2&quot;,&quot;5.9.1&quot;,&quot;7.17.5&quot;,&quot;7.17.6&quot;,&quot;7.17.7&quot;,&quot;7.17.8&quot;,&quot;7.18.1&quot;,&quot;7.6.1&quot;,&quot;7.7.3&quot;]</value></Data>
<Data name="Pleiades"><value>https://pleiades.stoa.org/places/570205</value></Data>
</ExtendedData>
        <Point><coordinates>21.551425,38.144625</coordinates></Point>
      </Placemark>

      <Placemark>
        <name>Dyme</name>
        <ExtendedData>
<Data name="name"><value>Dyme</value></Data>
<Data name="region"><value>Achaia Bk7</value></Data>
<Data name="part of"><value>Dymaean chora</value></Data>
<Data name="Wikidata"><value>https://wikidata.org/wiki/Q1231662</value></Data>
<Data name="type"><value>[&quot;settlement&quot;]</value></Data>
<Data name="passages"><value>[&quot;2.7.4&quot;,&quot;2.9.2&quot;,&quot;5.9.1&quot;,&quot;7.17.5&quot;,&quot;7.17.6&quot;,&quot;7.17.7&quot;,&quot;7.17.8&quot;,&quot;7.18.1&quot;,&quot;7.6.1&quot;,&quot;7.7.3&quot;]</value></Data>
<Data name="Pleiades"><value>https://pleiades.stoa.org/places/570205</value></Data>
</ExtendedData>
        <Point><coordinates>21.551425,38.144625</coordinates></Point>
      </Placemark>

      <Placemark>
        <name>Dyme</name>
        <ExtendedData>
<Data name="name"><value>Dyme</value></Data>
<Data name="region"><value>Achaia Bk7</value></Data>
<Data name="part of"><value>Dymaean chora</value></Data>
<Data name="Wikidata"><value>https://wikidata.org/wiki/Q1231662</value></Data>
<Data name="type"><value>[&quot;settlement&quot;]</value></Data>
<Data name="passages"><value>[&quot;2.7.4&quot;,&quot;2.9.2&quot;,&quot;5.9.1&quot;,&quot;7.17.5&quot;,&quot;7.17.6&quot;,&quot;7.17.7&quot;,&quot;7.17.8&quot;,&quot;7.18.1&quot;,&quot;7.6.1&quot;,&quot;7.7.3&quot;]</value></Data>
<Data name="Pleiades"><value>https://pleiades.stoa.org/places/570205</value></Data>
</ExtendedData>
        <Point><coordinates>21.551425,38.144625</coordinates></Point>
      </Placemark>

      <Placemark>
        <name>Dyme</name>
        <ExtendedData>
<Data name="name"><value>Dyme</value></Data>
<Data name="region"><value>Achaia Bk7</value></Data>
<Data name="part of"><value>Dymaean chora</value></Data>
<Data name="Wikidata"><value>https://wikidata.org/wiki/Q1231662</value></Data>
<Data name="type"><value>[&quot;settlement&quot;]</value></Data>
<Data name="passages"><value>[&quot;2.7.4&quot;,&quot;2.9.2&quot;,&quot;5.9.1&quot;,&quot;7.17.5&quot;,&quot;7.17.6&quot;,&quot;7.17.7&quot;,&quot;7.17.8&quot;,&quot;7.18.1&quot;,&quot;7.6.1&quot;,&quot;7.7.3&quot;]</value></Data>
<Data name="Pleiades"><value>https://pleiades.stoa.org/places/570205</value></Data>
</ExtendedData>
        <Point><coordinates>21.551425,38.144625</coordinates></Point>
      </Placemark>

      <Placemark>
        <name>Dyme</name>
        <ExtendedData>
<Data name="name"><value>Dyme</value></Data>
<Data name="region"><value>Achaia Bk7</value></Data>
<Data name="part of"><value>Dymaean chora</value></Data>
<Data name="Wikidata"><value>https://wikidata.org/wiki/Q1231662</value></Data>
<Data name="type"><value>[&quot;settlement&quot;]</value></Data>
<Data name="passages"><value>[&quot;2.7.4&quot;,&quot;2.9.2&quot;,&quot;5.9.1&quot;,&quot;7.17.5&quot;,&quot;7.17.6&quot;,&quot;7.17.7&quot;,&quot;7.17.8&quot;,&quot;7.18.1&quot;,&quot;7.6.1&quot;,&quot;7.7.3&quot;]</value></Data>
<Data name="Pleiades"><value>https://pleiades.stoa.org/places/570205</value></Data>
</ExtendedData>
        <Point><coordinates>21.551425,38.144625</coordinates></Point>
      </Placemark>

      <Placemark>
        <name>Sanctuary of Soteria at Patrae</name>
        <ExtendedData>
<Data name="name"><value>Sanctuary of Soteria at Patrae</value></Data>
<Data name="region"><value>Achaia Bk7</value></Data>
<Data name="part of"><value>road Agora of Patras to sea coast</value></Data>
<Data name="location"><value>road Agora of Patras to sea coast</value></Data>
<Data name="altname"><value>below Aesymnetes sanctuary</value></Data>
<Data name="Wikidata"><value>https://wikidata.org/wiki/Q134036817</value></Data>
<Data name="type"><value>[&quot;hieron&quot;]</value></Data>
<Data name="passages"><value>[&quot;7.21.7&quot;]</value></Data>
</ExtendedData>
        <Point><coordinates>21.738518,38.243265</coordinates></Point>
      </Placemark>

      <Placemark>
        <name>Tomb of Neileus near Didyma</name>
        <ExtendedData>
<Data name="name"><value>Tomb of Neileus near Didyma</value></Data>
<Data name="region"><value>Asia Minor (Asia)</value></Data>
<Data name="part of"><value>Didyma Apollo sanctuary</value></Data>
<Data name="location"><value>Didyma Apollo sanctuary</value></Data>
<Data name="Wikidata"><value>https://wikidata.org/wiki/Q136487381</value></Data>
<Data name="type"><value>[&quot;tomb mnema&quot;]</value></Data>
<Data name="passages"><value>[&quot;7.2.6&quot;]</value></Data>
<Data name="Manto"><value>https://resource.manto.unh.edu/10267638</value></Data>
</ExtendedData>
        <Point><coordinates>27.256115000000005,37.384829</coordinates></Point>
      </Placemark>

      <Placemark>
        <name>Mesatis</name>
        <ExtendedData>
<Data name="name"><value>Mesatis</value></Data>
<Data name="region"><value>Achaia Bk7</value></Data>
<Data name="part of"><value>Achaia Bk7</value></Data>
<Data name="altname"><value>unlocated, possibly Voudeni excavation</value></Data>
<Data name="Wikidata"><value>https://wikidata.org/wiki/Q16332586</value></Data>
<Data name="type"><value>[&quot;demos&quot;,&quot;polis&quot;]</value></Data>
<Data name="passages"><value>[&quot;7.18.4&quot;,&quot;7.18.5&quot;,&quot;7.18.6&quot;,&quot;7.20.8&quot;,&quot;7.21.14&quot;]</value></Data>
<Data name="Pleiades"><value>https://pleiades.stoa.org/places/573370</value></Data>
<Data name="ToposText"><value>https://topostext.org/place/381216XVou</value></Data>
</ExtendedData>
        <Point><coordinates>21.7815,38.2539</coordinates></Point>
      </Placemark>

      <Placemark>
        <name>Mesatis</name>
        <ExtendedData>
<Data name="name"><value>Mesatis</value></Data>
<Data name="region"><value>Achaia Bk7</value></Data>
<Data name="part of"><value>Achaia Bk7</value></Data>
<Data name="altname"><value>unlocated, possibly Voudeni excavation</value></Data>
<Data name="Wikidata"><value>https://wikidata.org/wiki/Q16332586</value></Data>
<Data name="type"><value>[&quot;demos&quot;,&quot;polis&quot;]</value></Data>
<Data name="passages"><value>[&quot;7.18.4&quot;,&quot;7.18.5&quot;,&quot;7.18.6&quot;,&quot;7.20.8&quot;,&quot;7.21.14&quot;]</value></Data>
<Data name="Pleiades"><value>https://pleiades.stoa.org/places/573370</value></Data>
<Data name="ToposText"><value>https://topostext.org/place/381216XVou</value></Data>
</ExtendedData>
        <Point><coordinates>21.7815,38.2539</coordinates></Point>
      </Placemark>

      <Placemark>
        <name>Mesatis</name>
        <ExtendedData>
<Data name="name"><value>Mesatis</value></Data>
<Data name="region"><value>Achaia Bk7</value></Data>
<Data name="part of"><value>Achaia Bk7</value></Data>
<Data name="altname"><value>unlocated, possibly Voudeni excavation</value></Data>
<Data name="Wikidata"><value>https://wikidata.org/wiki/Q16332586</value></Data>
<Data name="type"><value>[&quot;demos&quot;,&quot;polis&quot;]</value></Data>
<Data name="passages"><value>[&quot;7.18.4&quot;,&quot;7.18.5&quot;,&quot;7.18.6&quot;,&quot;7.20.8&quot;,&quot;7.21.14&quot;]</value></Data>
<Data name="Pleiades"><value>https://pleiades.stoa.org/places/573370</value></Data>
<Data name="ToposText"><value>https://topostext.org/place/381216XVou</value></Data>
</ExtendedData>
        <Point><coordinates>21.7815,38.2539</coordinates></Point>
      </Placemark>

      <Placemark>
        <name>Mesatis</name>
        <ExtendedData>
<Data name="name"><value>Mesatis</value></Data>
<Data name="region"><value>Achaia Bk7</value></Data>
<Data name="part of"><value>Achaia Bk7</value></Data>
<Data name="altname"><value>unlocated, possibly Voudeni excavation</value></Data>
<Data name="Wikidata"><value>https://wikidata.org/wiki/Q16332586</value></Data>
<Data name="type"><value>[&quot;demos&quot;,&quot;polis&quot;]</value></Data>
<Data name="passages"><value>[&quot;7.18.4&quot;,&quot;7.18.5&quot;,&quot;7.18.6&quot;,&quot;7.20.8&quot;,&quot;7.21.14&quot;]</value></Data>
<Data name="Pleiades"><value>https://pleiades.stoa.org/places/573370</value></Data>
<Data name="ToposText"><value>https://topostext.org/place/381216XVou</value></Data>
</ExtendedData>
        <Point><coordinates>21.7815,38.2539</coordinates></Point>
      </Placemark>

      <Placemark>
        <name>Mesatis</name>
        <ExtendedData>
<Data name="name"><value>Mesatis</value></Data>
<Data name="region"><value>Achaia Bk7</value></Data>
<Data name="part of"><value>Achaia Bk7</value></Data>
<Data name="altname"><value>unlocated, possibly Voudeni excavation</value></Data>
<Data name="Wikidata"><value>https://wikidata.org/wiki/Q16332586</value></Data>
<Data name="type"><value>[&quot;demos&quot;,&quot;polis&quot;]</value></Data>
<Data name="passages"><value>[&quot;7.18.4&quot;,&quot;7.18.5&quot;,&quot;7.18.6&quot;,&quot;7.20.8&quot;,&quot;7.21.14&quot;]</value></Data>
<Data name="Pleiades"><value>https://pleiades.stoa.org/places/573370</value></Data>
<Data name="ToposText"><value>https://topostext.org/place/381216XVou</value></Data>
</ExtendedData>
        <Point><coordinates>21.7815,38.2539</coordinates></Point>
      </Placemark>

      <Placemark>
        <name>Thessalia</name>
        <ExtendedData>
<Data name="name"><value>Thessalia</value></Data>
<Data name="region"><value>Hellas (Europe)</value></Data>
<Data name="part of"><value>Hellas (Europe)</value></Data>
<Data name="Wikidata"><value>https://wikidata.org/wiki/Q1247568</value></Data>
<Data name="type"><value>[&quot;chora/region&quot;]</value></Data>
<Data name="passages"><value>[&quot;1.11.1&quot;,&quot;1.29.13&quot;,&quot;1.4.1&quot;,&quot;1.8.3&quot;,&quot;10.22.3&quot;,&quot;10.8.4&quot;,&quot;2.2.5&quot;,&quot;2.23.5&quot;,&quot;2.24.1&quot;,&quot;2.6.1&quot;,&quot;3.20.6&quot;,&quot;3.6.1&quot;,&quot;3.7.9&quot;,&quot;3.9.12&quot;,&quot;3.9.13&quot;,&quot;4.36.3&quot;,&quot;5.1.11&quot;,&quot;6.17.9&quot;,&quot;6.4.7&quot;,&quot;7.1.2&quot;,&quot;7.1.3&quot;,&quot;7.10.2&quot;,&quot;7.15.2&quot;,&quot;7.19.7&quot;,&quot;7.6.5&quot;,&quot;8.27.10&quot;,&quot;8.6.2&quot;,&quot;9.15.1&quot;,&quot;9.40.5&quot;,&quot;9.8.6&quot;]</value></Data>
<Data name="Pleiades"><value>https://pleiades.stoa.org/places/1332</value></Data>
</ExtendedData>
        <Point><coordinates>22.2,39.6</coordinates></Point>
      </Placemark>

      <Placemark>
        <name>Thessalia</name>
        <ExtendedData>
<Data name="name"><value>Thessalia</value></Data>
<Data name="region"><value>Hellas (Europe)</value></Data>
<Data name="part of"><value>Hellas (Europe)</value></Data>
<Data name="Wikidata"><value>https://wikidata.org/wiki/Q1247568</value></Data>
<Data name="type"><value>[&quot;chora/region&quot;]</value></Data>
<Data name="passages"><value>[&quot;1.11.1&quot;,&quot;1.29.13&quot;,&quot;1.4.1&quot;,&quot;1.8.3&quot;,&quot;10.22.3&quot;,&quot;10.8.4&quot;,&quot;2.2.5&quot;,&quot;2.23.5&quot;,&quot;2.24.1&quot;,&quot;2.6.1&quot;,&quot;3.20.6&quot;,&quot;3.6.1&quot;,&quot;3.7.9&quot;,&quot;3.9.12&quot;,&quot;3.9.13&quot;,&quot;4.36.3&quot;,&quot;5.1.11&quot;,&quot;6.17.9&quot;,&quot;6.4.7&quot;,&quot;7.1.2&quot;,&quot;7.1.3&quot;,&quot;7.10.2&quot;,&quot;7.15.2&quot;,&quot;7.19.7&quot;,&quot;7.6.5&quot;,&quot;8.27.10&quot;,&quot;8.6.2&quot;,&quot;9.15.1&quot;,&quot;9.40.5&quot;,&quot;9.8.6&quot;]</value></Data>
<Data name="Pleiades"><value>https://pleiades.stoa.org/places/1332</value></Data>
</ExtendedData>
        <Point><coordinates>22.2,39.6</coordinates></Point>
      </Placemark>

      <Placemark>
        <name>Thessalia</name>
        <ExtendedData>
<Data name="name"><value>Thessalia</value></Data>
<Data name="region"><value>Hellas (Europe)</value></Data>
<Data name="part of"><value>Hellas (Europe)</value></Data>
<Data name="Wikidata"><value>https://wikidata.org/wiki/Q1247568</value></Data>
<Data name="type"><value>[&quot;chora/region&quot;]</value></Data>
<Data name="passages"><value>[&quot;1.11.1&quot;,&quot;1.29.13&quot;,&quot;1.4.1&quot;,&quot;1.8.3&quot;,&quot;10.22.3&quot;,&quot;10.8.4&quot;,&quot;2.2.5&quot;,&quot;2.23.5&quot;,&quot;2.24.1&quot;,&quot;2.6.1&quot;,&quot;3.20.6&quot;,&quot;3.6.1&quot;,&quot;3.7.9&quot;,&quot;3.9.12&quot;,&quot;3.9.13&quot;,&quot;4.36.3&quot;,&quot;5.1.11&quot;,&quot;6.17.9&quot;,&quot;6.4.7&quot;,&quot;7.1.2&quot;,&quot;7.1.3&quot;,&quot;7.10.2&quot;,&quot;7.15.2&quot;,&quot;7.19.7&quot;,&quot;7.6.5&quot;,&quot;8.27.10&quot;,&quot;8.6.2&quot;,&quot;9.15.1&quot;,&quot;9.40.5&quot;,&quot;9.8.6&quot;]</value></Data>
<Data name="Pleiades"><value>https://pleiades.stoa.org/places/1332</value></Data>
</ExtendedData>
        <Point><coordinates>22.2,39.6</coordinates></Point>
      </Placemark>

      <Placemark>
        <name>Thessalia</name>
        <ExtendedData>
<Data name="name"><value>Thessalia</value></Data>
<Data name="region"><value>Hellas (Europe)</value></Data>
<Data name="part of"><value>Hellas (Europe)</value></Data>
<Data name="Wikidata"><value>https://wikidata.org/wiki/Q1247568</value></Data>
<Data name="type"><value>[&quot;chora/region&quot;]</value></Data>
<Data name="passages"><value>[&quot;1.11.1&quot;,&quot;1.29.13&quot;,&quot;1.4.1&quot;,&quot;1.8.3&quot;,&quot;10.22.3&quot;,&quot;10.8.4&quot;,&quot;2.2.5&quot;,&quot;2.23.5&quot;,&quot;2.24.1&quot;,&quot;2.6.1&quot;,&quot;3.20.6&quot;,&quot;3.6.1&quot;,&quot;3.7.9&quot;,&quot;3.9.12&quot;,&quot;3.9.13&quot;,&quot;4.36.3&quot;,&quot;5.1.11&quot;,&quot;6.17.9&quot;,&quot;6.4.7&quot;,&quot;7.1.2&quot;,&quot;7.1.3&quot;,&quot;7.10.2&quot;,&quot;7.15.2&quot;,&quot;7.19.7&quot;,&quot;7.6.5&quot;,&quot;8.27.10&quot;,&quot;8.6.2&quot;,&quot;9.15.1&quot;,&quot;9.40.5&quot;,&quot;9.8.6&quot;]</value></Data>
<Data name="Pleiades"><value>https://pleiades.stoa.org/places/1332</value></Data>
</ExtendedData>
        <Point><coordinates>22.2,39.6</coordinates></Point>
      </Placemark>

      <Placemark>
        <name>Thessalia</name>
        <ExtendedData>
<Data name="name"><value>Thessalia</value></Data>
<Data name="region"><value>Hellas (Europe)</value></Data>
<Data name="part of"><value>Hellas (Europe)</value></Data>
<Data name="Wikidata"><value>https://wikidata.org/wiki/Q1247568</value></Data>
<Data name="type"><value>[&quot;chora/region&quot;]</value></Data>
<Data name="passages"><value>[&quot;1.11.1&quot;,&quot;1.29.13&quot;,&quot;1.4.1&quot;,&quot;1.8.3&quot;,&quot;10.22.3&quot;,&quot;10.8.4&quot;,&quot;2.2.5&quot;,&quot;2.23.5&quot;,&quot;2.24.1&quot;,&quot;2.6.1&quot;,&quot;3.20.6&quot;,&quot;3.6.1&quot;,&quot;3.7.9&quot;,&quot;3.9.12&quot;,&quot;3.9.13&quot;,&quot;4.36.3&quot;,&quot;5.1.11&quot;,&quot;6.17.9&quot;,&quot;6.4.7&quot;,&quot;7.1.2&quot;,&quot;7.1.3&quot;,&quot;7.10.2&quot;,&quot;7.15.2&quot;,&quot;7.19.7&quot;,&quot;7.6.5&quot;,&quot;8.27.10&quot;,&quot;8.6.2&quot;,&quot;9.15.1&quot;,&quot;9.40.5&quot;,&quot;9.8.6&quot;]</value></Data>
<Data name="Pleiades"><value>https://pleiades.stoa.org/places/1332</value></Data>
</ExtendedData>
        <Point><coordinates>22.2,39.6</coordinates></Point>
      </Placemark>

      <Placemark>
        <name>Thessalia</name>
        <ExtendedData>
<Data name="name"><value>Thessalia</value></Data>
<Data name="region"><value>Hellas (Europe)</value></Data>
<Data name="part of"><value>Hellas (Europe)</value></Data>
<Data name="Wikidata"><value>https://wikidata.org/wiki/Q1247568</value></Data>
<Data name="type"><value>[&quot;chora/region&quot;]</value></Data>
<Data name="passages"><value>[&quot;1.11.1&quot;,&quot;1.29.13&quot;,&quot;1.4.1&quot;,&quot;1.8.3&quot;,&quot;10.22.3&quot;,&quot;10.8.4&quot;,&quot;2.2.5&quot;,&quot;2.23.5&quot;,&quot;2.24.1&quot;,&quot;2.6.1&quot;,&quot;3.20.6&quot;,&quot;3.6.1&quot;,&quot;3.7.9&quot;,&quot;3.9.12&quot;,&quot;3.9.13&quot;,&quot;4.36.3&quot;,&quot;5.1.11&quot;,&quot;6.17.9&quot;,&quot;6.4.7&quot;,&quot;7.1.2&quot;,&quot;7.1.3&quot;,&quot;7.10.2&quot;,&quot;7.15.2&quot;,&quot;7.19.7&quot;,&quot;7.6.5&quot;,&quot;8.27.10&quot;,&quot;8.6.2&quot;,&quot;9.15.1&quot;,&quot;9.40.5&quot;,&quot;9.8.6&quot;]</value></Data>
<Data name="Pleiades"><value>https://pleiades.stoa.org/places/1332</value></Data>
</ExtendedData>
        <Point><coordinates>22.2,39.6</coordinates></Point>
      </Placemark>

      <Placemark>
        <name>Kaleon (river)</name>
        <ExtendedData>
<Data name="name"><value>Kaleon (river)</value></Data>
<Data name="region"><value>Asia Minor (Asia)</value></Data>
<Data name="part of"><value>Ionia (region)</value></Data>
<Data name="type"><value>[&quot;river&quot;]</value></Data>
<Data name="passages"><value>[&quot;7.3.5&quot;]</value></Data>
<Data name="Pleiades"><value>https://pleiades.stoa.org/places/550608</value></Data>
</ExtendedData>
        <Point><coordinates>27.249999999999996,38.25</coordinates></Point>
      </Placemark>

      <Placemark>
        <name>temple of Dionysos at Myous, marble</name>
        <ExtendedData>
<Data name="name"><value>temple of Dionysos at Myous, marble</value></Data>
<Data name="region"><value>Asia Minor (Asia)</value></Data>
<Data name="part of"><value>Myous</value></Data>
<Data name="location"><value>Myous</value></Data>
<Data name="type"><value>[&quot;temple&quot;]</value></Data>
<Data name="passages"><value>[&quot;7.2.11&quot;]</value></Data>
</ExtendedData>
        <Point><coordinates>27.42788,37.59716</coordinates></Point>
      </Placemark>

      <Placemark>
        <name>Temple of Apollo in grove at Patrae</name>
        <ExtendedData>
<Data name="name"><value>Temple of Apollo in grove at Patrae</value></Data>
<Data name="region"><value>Achaia Bk7</value></Data>
<Data name="part of"><value>Grove by the sea at Patrae, with temples</value></Data>
<Data name="location"><value>Grove by the sea at Patrae, with temples</value></Data>
<Data name="type"><value>[&quot;temple&quot;]</value></Data>
<Data name="passages"><value>[&quot;7.21.11&quot;]</value></Data>
</ExtendedData>
        <Point><coordinates>21.738518,38.243265</coordinates></Point>
      </Placemark>

      <Placemark>
        <name>Glykeiai place with springs at Pellene</name>
        <ExtendedData>
<Data name="name"><value>Glykeiai place with springs at Pellene</value></Data>
<Data name="region"><value>Achaia Bk7</value></Data>
<Data name="part of"><value>Pellene</value></Data>
<Data name="location"><value>Pellene</value></Data>
<Data name="altname"><value>a few springs with drinking water below Pellene</value></Data>
<Data name="type"><value>[&quot;chorion&quot;,&quot;spring pege&quot;]</value></Data>
<Data name="passages"><value>[&quot;7.27.4&quot;]</value></Data>
</ExtendedData>
        <Point><coordinates>22.5384,38.0446</coordinates></Point>
      </Placemark>

      <Placemark>
        <name>Bolinaios (river)</name>
        <ExtendedData>
<Data name="name"><value>Bolinaios (river)</value></Data>
<Data name="region"><value>Achaia Bk7</value></Data>
<Data name="part of"><value>Achaia Bk7</value></Data>
<Data name="Wikidata"><value>https://wikidata.org/wiki/Q3566513</value></Data>
<Data name="type"><value>[&quot;river&quot;]</value></Data>
<Data name="passages"><value>[&quot;7.23.4&quot;]</value></Data>
<Data name="Pleiades"><value>https://pleiades.stoa.org/places/570157</value></Data>
</ExtendedData>
        <Point><coordinates>21.86,38.324</coordinates></Point>
      </Placemark>

      <Placemark>
        <name>Sanctuary of Artemis in the agora of Aigion</name>
        <ExtendedData>
<Data name="name"><value>Sanctuary of Artemis in the agora of Aigion</value></Data>
<Data name="region"><value>Achaia Bk7</value></Data>
<Data name="part of"><value>Agora of Aigion</value></Data>
<Data name="location"><value>Agora of Aigion</value></Data>
<Data name="Wikidata"><value>https://wikidata.org/wiki/Q134036945</value></Data>
<Data name="type"><value>[&quot;hieron&quot;]</value></Data>
<Data name="passages"><value>[&quot;7.24.1&quot;]</value></Data>
</ExtendedData>
        <Point><coordinates>22.09,38.252</coordinates></Point>
      </Placemark>

      <Placemark>
        <name>Temple of Poseidon at harbor of Patrae</name>
        <ExtendedData>
<Data name="name"><value>Temple of Poseidon at harbor of Patrae</value></Data>
<Data name="region"><value>Achaia Bk7</value></Data>
<Data name="part of"><value>Patrae</value></Data>
<Data name="location"><value>Patrae</value></Data>
<Data name="type"><value>[&quot;temple&quot;]</value></Data>
<Data name="passages"><value>[&quot;7.21.7&quot;]</value></Data>
</ExtendedData>
        <Point><coordinates>21.738518,38.243265</coordinates></Point>
      </Placemark>

      <Placemark>
        <name>agora of Pharae</name>
        <ExtendedData>
<Data name="name"><value>agora of Pharae</value></Data>
<Data name="region"><value>Achaia Bk7</value></Data>
<Data name="part of"><value>Pharae (Achaia)</value></Data>
<Data name="location"><value>Pharae (Achaia)</value></Data>
<Data name="Wikidata"><value>https://wikidata.org/wiki/Q133963467</value></Data>
<Data name="type"><value>[&quot;agora&quot;]</value></Data>
<Data name="passages"><value>[&quot;7.22.2&quot;]</value></Data>
</ExtendedData>
        <Point><coordinates>21.73,38.082</coordinates></Point>
      </Placemark>

      <Placemark>
        <name>Odeion of Patrae (Achaia)</name>
        <ExtendedData>
<Data name="name"><value>Odeion of Patrae (Achaia)</value></Data>
<Data name="region"><value>Achaia Bk7</value></Data>
<Data name="part of"><value>Patrae</value></Data>
<Data name="Wikidata"><value>https://wikidata.org/wiki/Q16327108</value></Data>
<Data name="type"><value>[&quot;odeion&quot;]</value></Data>
<Data name="passages"><value>[&quot;7.20.6&quot;]</value></Data>
<Data name="ToposText"><value>https://topostext.org/place/382217BOde</value></Data>
</ExtendedData>
        <Point><coordinates>21.7383,38.2433</coordinates></Point>
      </Placemark>

      <Placemark>
        <name>Sellasia (Lakonia)</name>
        <ExtendedData>
<Data name="name"><value>Sellasia (Lakonia)</value></Data>
<Data name="region"><value>Lakonia Bk3</value></Data>
<Data name="part of"><value>Lakonia Bk3</value></Data>
<Data name="Wikidata"><value>https://wikidata.org/wiki/Q59431661</value></Data>
<Data name="type"><value>[&quot;polis&quot;]</value></Data>
<Data name="passages"><value>[&quot;2.7.4&quot;,&quot;2.9.2&quot;,&quot;3.10.7&quot;,&quot;4.29.9&quot;,&quot;7.7.4&quot;,&quot;8.49.5&quot;]</value></Data>
<Data name="Pleiades"><value>https://pleiades.stoa.org/places/570662</value></Data>
<Data name="ToposText"><value>https://topostext.org/place/372224PSel</value></Data>
</ExtendedData>
        <Point><coordinates>22.4397,37.1884</coordinates></Point>
      </Placemark>

      <Placemark>
        <name>Koryphe mountain in or near Smyrna</name>
        <ExtendedData>
<Data name="name"><value>Koryphe mountain in or near Smyrna</value></Data>
<Data name="region"><value>Asia Minor (Asia)</value></Data>
<Data name="part of"><value>Smyrna (Ionia)</value></Data>
<Data name="type"><value>[&quot;mountain oros&quot;]</value></Data>
<Data name="passages"><value>[&quot;7.5.9&quot;]</value></Data>
</ExtendedData>
        <Point><coordinates>27.1383,38.4191</coordinates></Point>
      </Placemark>

      <Placemark>
        <name>road Agora of Patras to sea coast</name>
        <ExtendedData>
<Data name="name"><value>road Agora of Patras to sea coast</value></Data>
<Data name="region"><value>Achaia Bk7</value></Data>
<Data name="part of"><value>Patrae</value></Data>
<Data name="location"><value>Patrae</value></Data>
<Data name="type"><value>[&quot;road hodos&quot;]</value></Data>
<Data name="passages"><value>[&quot;7.21.6&quot;]</value></Data>
</ExtendedData>
        <Point><coordinates>21.738518,38.243265</coordinates></Point>
      </Placemark>

      <Placemark>
        <name>Rhamnous</name>
        <ExtendedData>
<Data name="name"><value>Rhamnous</value></Data>
<Data name="region"><value>Attica Bk1</value></Data>
<Data name="part of"><value>Attica Bk1</value></Data>
<Data name="Wikidata"><value>https://wikidata.org/wiki/Q1768553</value></Data>
<Data name="type"><value>[&quot;settlement&quot;]</value></Data>
<Data name="passages"><value>[&quot;1.33.2&quot;,&quot;7.5.3&quot;]</value></Data>
<Data name="Pleiades"><value>https://pleiades.stoa.org/places/580097</value></Data>
</ExtendedData>
        <Point><coordinates>24.028009,38.222727</coordinates></Point>
      </Placemark>

      <Placemark>
        <name>Temple of Aphrodite near theater at Patrae</name>
        <ExtendedData>
<Data name="name"><value>Temple of Aphrodite near theater at Patrae</value></Data>
<Data name="region"><value>Achaia Bk7</value></Data>
<Data name="part of"><value>Patrae</value></Data>
<Data name="location"><value>Patrae</value></Data>
<Data name="type"><value>[&quot;temple&quot;]</value></Data>
<Data name="passages"><value>[&quot;7.20.9&quot;]</value></Data>
</ExtendedData>
        <Point><coordinates>21.738518,38.243265</coordinates></Point>
      </Placemark>

      <Placemark>
        <name>Lycia region</name>
        <ExtendedData>
<Data name="name"><value>Lycia region</value></Data>
<Data name="region"><value>Asia (continent)</value></Data>
<Data name="part of"><value>Asia Minor (Asia)</value></Data>
<Data name="altname"><value>Lykia</value></Data>
<Data name="Wikidata"><value>https://wikidata.org/wiki/Q18927</value></Data>
<Data name="type"><value>[&quot;chora/region&quot;]</value></Data>
<Data name="passages"><value>[&quot;10.27.2&quot;,&quot;2.21.3&quot;,&quot;2.4.2&quot;,&quot;2.7.1&quot;,&quot;7.21.13&quot;,&quot;9.27.2&quot;]</value></Data>
<Data name="Pleiades"><value>https://pleiades.stoa.org/places/638965</value></Data>
</ExtendedData>
        <Point><coordinates>27.5,37.5</coordinates></Point>
      </Placemark>

      <Placemark>
        <name>Kalliroe spring at harbor of Kalydon</name>
        <ExtendedData>
<Data name="name"><value>Kalliroe spring at harbor of Kalydon</value></Data>
<Data name="region"><value>Aitolia region</value></Data>
<Data name="part of"><value>Harbor of Kalydon</value></Data>
<Data name="location"><value>Harbor of Kalydon</value></Data>
<Data name="type"><value>[&quot;spring pege&quot;]</value></Data>
<Data name="passages"><value>[&quot;7.21.5&quot;]</value></Data>
<Data name="Manto"><value>https://resource.manto.unh.edu/10274407</value></Data>
</ExtendedData>
        <Point><coordinates>21.553,38.368</coordinates></Point>
      </Placemark>

      <Placemark>
        <name>Temple of Aphrodite in grove at Patrae</name>
        <ExtendedData>
<Data name="name"><value>Temple of Aphrodite in grove at Patrae</value></Data>
<Data name="region"><value>Achaia Bk7</value></Data>
<Data name="part of"><value>Grove by the sea at Patrae, with temples</value></Data>
<Data name="location"><value>Grove by the sea at Patrae, with temples</value></Data>
<Data name="type"><value>[&quot;temple&quot;]</value></Data>
<Data name="passages"><value>[&quot;7.21.11&quot;]</value></Data>
</ExtendedData>
        <Point><coordinates>21.738518,38.243265</coordinates></Point>
      </Placemark>

      <Placemark>
        <name>Sea near mount Coryphe</name>
        <ExtendedData>
<Data name="name"><value>Sea near mount Coryphe</value></Data>
<Data name="region"><value>Asia Minor (Asia)</value></Data>
<Data name="part of"><value>Ionia (region)</value></Data>
<Data name="type"><value>[&quot;sea&quot;]</value></Data>
<Data name="passages"><value>[&quot;7.5.9&quot;]</value></Data>
</ExtendedData>
        <Point><coordinates>27.1383,38.4191</coordinates></Point>
      </Placemark>

      <Placemark>
        <name>Sanctuary of Demeter Panachaia at Aigion, by the sea</name>
        <ExtendedData>
<Data name="name"><value>Sanctuary of Demeter Panachaia at Aigion, by the sea</value></Data>
<Data name="region"><value>Achaia Bk7</value></Data>
<Data name="part of"><value>seashore of Aigion</value></Data>
<Data name="location"><value>seashore of Aigion</value></Data>
<Data name="Wikidata"><value>https://wikidata.org/wiki/Q134036949</value></Data>
<Data name="type"><value>[&quot;hieron&quot;]</value></Data>
<Data name="passages"><value>[&quot;7.24.3&quot;]</value></Data>
</ExtendedData>
        <Point><coordinates>22.09,38.252</coordinates></Point>
      </Placemark>

      <Placemark>
        <name>Sanctuary of Artemis at Phelloe</name>
        <ExtendedData>
<Data name="name"><value>Sanctuary of Artemis at Phelloe</value></Data>
<Data name="region"><value>Achaia Bk7</value></Data>
<Data name="part of"><value>Phelloe</value></Data>
<Data name="location"><value>Phelloe</value></Data>
<Data name="Wikidata"><value>https://wikidata.org/wiki/Q134037190</value></Data>
<Data name="type"><value>[&quot;hieron&quot;]</value></Data>
<Data name="passages"><value>[&quot;7.26.11&quot;]</value></Data>
</ExtendedData>
        <Point><coordinates>22.413941,38.077545</coordinates></Point>
      </Placemark>

      <Placemark>
        <name>Akarnania</name>
        <ExtendedData>
<Data name="name"><value>Akarnania</value></Data>
<Data name="region"><value>Hellas (Europe)</value></Data>
<Data name="part of"><value>Hellas (Europe)</value></Data>
<Data name="altname"><value>Acarnania</value></Data>
<Data name="Wikidata"><value>https://wikidata.org/wiki/Q416070</value></Data>
<Data name="type"><value>[&quot;chora/region&quot;]</value></Data>
<Data name="passages"><value>[&quot;1.28.3&quot;,&quot;3.13.4&quot;,&quot;4.25.5&quot;,&quot;7.18.9&quot;]</value></Data>
<Data name="Pleiades"><value>https://pleiades.stoa.org/places/530767</value></Data>
</ExtendedData>
        <Point><coordinates>21.05,38.6917</coordinates></Point>
      </Placemark>

      <Placemark>
        <name>Crete</name>
        <ExtendedData>
<Data name="name"><value>Crete</value></Data>
<Data name="region"><value></value></Data>
<Data name="part of"><value>Hellas (Europe)</value></Data>
<Data name="altname"><value>island</value></Data>
<Data name="Wikidata"><value>https://wikidata.org/wiki/Q4752820</value></Data>
<Data name="type"><value>[&quot;island&quot;]</value></Data>
<Data name="passages"><value>[&quot;1.17.3&quot;,&quot;1.17.6&quot;,&quot;1.21.4&quot;,&quot;1.22.5&quot;,&quot;1.26.4&quot;,&quot;1.27.10&quot;,&quot;1.27.9&quot;,&quot;1.42.2&quot;,&quot;10.2.7&quot;,&quot;10.7.2&quot;,&quot;2.30.3&quot;,&quot;2.31.1&quot;,&quot;2.32.2&quot;,&quot;2.33.4&quot;,&quot;2.6.7&quot;,&quot;2.7.7&quot;,&quot;3.18.4&quot;,&quot;3.18.5&quot;,&quot;3.2.7&quot;,&quot;5.8.1&quot;,&quot;6.21.6&quot;,&quot;7.2.5&quot;,&quot;7.3.7&quot;,&quot;7.4.5&quot;,&quot;7.4.6&quot;,&quot;7.4.8&quot;,&quot;8.48.3&quot;,&quot;8.49.7&quot;,&quot;8.50.6&quot;,&quot;8.53.4&quot;,&quot;9.11.4&quot;,&quot;9.40.3&quot;]</value></Data>
<Data name="Pleiades"><value>https://pleiades.stoa.org/places/589748</value></Data>
<Data name="ToposText"><value>https://topostext.org/place/352252IKre</value></Data>
</ExtendedData>
        <Point><coordinates>25.1836,35.2052</coordinates></Point>
      </Placemark>

      <Placemark>
        <name>Crete</name>
        <ExtendedData>
<Data name="name"><value>Crete</value></Data>
<Data name="region"><value></value></Data>
<Data name="part of"><value>Hellas (Europe)</value></Data>
<Data name="altname"><value>island</value></Data>
<Data name="Wikidata"><value>https://wikidata.org/wiki/Q4752820</value></Data>
<Data name="type"><value>[&quot;island&quot;]</value></Data>
<Data name="passages"><value>[&quot;1.17.3&quot;,&quot;1.17.6&quot;,&quot;1.21.4&quot;,&quot;1.22.5&quot;,&quot;1.26.4&quot;,&quot;1.27.10&quot;,&quot;1.27.9&quot;,&quot;1.42.2&quot;,&quot;10.2.7&quot;,&quot;10.7.2&quot;,&quot;2.30.3&quot;,&quot;2.31.1&quot;,&quot;2.32.2&quot;,&quot;2.33.4&quot;,&quot;2.6.7&quot;,&quot;2.7.7&quot;,&quot;3.18.4&quot;,&quot;3.18.5&quot;,&quot;3.2.7&quot;,&quot;5.8.1&quot;,&quot;6.21.6&quot;,&quot;7.2.5&quot;,&quot;7.3.7&quot;,&quot;7.4.5&quot;,&quot;7.4.6&quot;,&quot;7.4.8&quot;,&quot;8.48.3&quot;,&quot;8.49.7&quot;,&quot;8.50.6&quot;,&quot;8.53.4&quot;,&quot;9.11.4&quot;,&quot;9.40.3&quot;]</value></Data>
<Data name="Pleiades"><value>https://pleiades.stoa.org/places/589748</value></Data>
<Data name="ToposText"><value>https://topostext.org/place/352252IKre</value></Data>
</ExtendedData>
        <Point><coordinates>25.1836,35.2052</coordinates></Point>
      </Placemark>

      <Placemark>
        <name>Crete</name>
        <ExtendedData>
<Data name="name"><value>Crete</value></Data>
<Data name="region"><value></value></Data>
<Data name="part of"><value>Hellas (Europe)</value></Data>
<Data name="altname"><value>island</value></Data>
<Data name="Wikidata"><value>https://wikidata.org/wiki/Q4752820</value></Data>
<Data name="type"><value>[&quot;island&quot;]</value></Data>
<Data name="passages"><value>[&quot;1.17.3&quot;,&quot;1.17.6&quot;,&quot;1.21.4&quot;,&quot;1.22.5&quot;,&quot;1.26.4&quot;,&quot;1.27.10&quot;,&quot;1.27.9&quot;,&quot;1.42.2&quot;,&quot;10.2.7&quot;,&quot;10.7.2&quot;,&quot;2.30.3&quot;,&quot;2.31.1&quot;,&quot;2.32.2&quot;,&quot;2.33.4&quot;,&quot;2.6.7&quot;,&quot;2.7.7&quot;,&quot;3.18.4&quot;,&quot;3.18.5&quot;,&quot;3.2.7&quot;,&quot;5.8.1&quot;,&quot;6.21.6&quot;,&quot;7.2.5&quot;,&quot;7.3.7&quot;,&quot;7.4.5&quot;,&quot;7.4.6&quot;,&quot;7.4.8&quot;,&quot;8.48.3&quot;,&quot;8.49.7&quot;,&quot;8.50.6&quot;,&quot;8.53.4&quot;,&quot;9.11.4&quot;,&quot;9.40.3&quot;]</value></Data>
<Data name="Pleiades"><value>https://pleiades.stoa.org/places/589748</value></Data>
<Data name="ToposText"><value>https://topostext.org/place/352252IKre</value></Data>
</ExtendedData>
        <Point><coordinates>25.1836,35.2052</coordinates></Point>
      </Placemark>

      <Placemark>
        <name>Crete</name>
        <ExtendedData>
<Data name="name"><value>Crete</value></Data>
<Data name="region"><value></value></Data>
<Data name="part of"><value>Hellas (Europe)</value></Data>
<Data name="altname"><value>island</value></Data>
<Data name="Wikidata"><value>https://wikidata.org/wiki/Q4752820</value></Data>
<Data name="type"><value>[&quot;island&quot;]</value></Data>
<Data name="passages"><value>[&quot;1.17.3&quot;,&quot;1.17.6&quot;,&quot;1.21.4&quot;,&quot;1.22.5&quot;,&quot;1.26.4&quot;,&quot;1.27.10&quot;,&quot;1.27.9&quot;,&quot;1.42.2&quot;,&quot;10.2.7&quot;,&quot;10.7.2&quot;,&quot;2.30.3&quot;,&quot;2.31.1&quot;,&quot;2.32.2&quot;,&quot;2.33.4&quot;,&quot;2.6.7&quot;,&quot;2.7.7&quot;,&quot;3.18.4&quot;,&quot;3.18.5&quot;,&quot;3.2.7&quot;,&quot;5.8.1&quot;,&quot;6.21.6&quot;,&quot;7.2.5&quot;,&quot;7.3.7&quot;,&quot;7.4.5&quot;,&quot;7.4.6&quot;,&quot;7.4.8&quot;,&quot;8.48.3&quot;,&quot;8.49.7&quot;,&quot;8.50.6&quot;,&quot;8.53.4&quot;,&quot;9.11.4&quot;,&quot;9.40.3&quot;]</value></Data>
<Data name="Pleiades"><value>https://pleiades.stoa.org/places/589748</value></Data>
<Data name="ToposText"><value>https://topostext.org/place/352252IKre</value></Data>
</ExtendedData>
        <Point><coordinates>25.1836,35.2052</coordinates></Point>
      </Placemark>

      <Placemark>
        <name>Crete</name>
        <ExtendedData>
<Data name="name"><value>Crete</value></Data>
<Data name="region"><value></value></Data>
<Data name="part of"><value>Hellas (Europe)</value></Data>
<Data name="altname"><value>island</value></Data>
<Data name="Wikidata"><value>https://wikidata.org/wiki/Q4752820</value></Data>
<Data name="type"><value>[&quot;island&quot;]</value></Data>
<Data name="passages"><value>[&quot;1.17.3&quot;,&quot;1.17.6&quot;,&quot;1.21.4&quot;,&quot;1.22.5&quot;,&quot;1.26.4&quot;,&quot;1.27.10&quot;,&quot;1.27.9&quot;,&quot;1.42.2&quot;,&quot;10.2.7&quot;,&quot;10.7.2&quot;,&quot;2.30.3&quot;,&quot;2.31.1&quot;,&quot;2.32.2&quot;,&quot;2.33.4&quot;,&quot;2.6.7&quot;,&quot;2.7.7&quot;,&quot;3.18.4&quot;,&quot;3.18.5&quot;,&quot;3.2.7&quot;,&quot;5.8.1&quot;,&quot;6.21.6&quot;,&quot;7.2.5&quot;,&quot;7.3.7&quot;,&quot;7.4.5&quot;,&quot;7.4.6&quot;,&quot;7.4.8&quot;,&quot;8.48.3&quot;,&quot;8.49.7&quot;,&quot;8.50.6&quot;,&quot;8.53.4&quot;,&quot;9.11.4&quot;,&quot;9.40.3&quot;]</value></Data>
<Data name="Pleiades"><value>https://pleiades.stoa.org/places/589748</value></Data>
<Data name="ToposText"><value>https://topostext.org/place/352252IKre</value></Data>
</ExtendedData>
        <Point><coordinates>25.1836,35.2052</coordinates></Point>
      </Placemark>

      <Placemark>
        <name>Cynoscephalae</name>
        <ExtendedData>
<Data name="name"><value>Cynoscephalae</value></Data>
<Data name="region"><value>Hellas (Europe)</value></Data>
<Data name="part of"><value>Thessalia</value></Data>
<Data name="Wikidata"><value>https://wikidata.org/wiki/Q391087</value></Data>
<Data name="type"><value>[&quot;battlefield&quot;]</value></Data>
<Data name="passages"><value>[&quot;7.8.7&quot;]</value></Data>
<Data name="Pleiades"><value>https://pleiades.stoa.org/places/540719</value></Data>
</ExtendedData>
        <Point><coordinates>22.415199,39.378033</coordinates></Point>
      </Placemark>

      <Placemark>
        <name>Katane/Catina</name>
        <ExtendedData>
<Data name="name"><value>Katane/Catina</value></Data>
<Data name="region"><value>Sicilia (island)</value></Data>
<Data name="part of"><value>Sicilia (island)</value></Data>
<Data name="Wikidata"><value>https://wikidata.org/wiki/Q3813280</value></Data>
<Data name="type"><value>[&quot;chora/region&quot;]</value></Data>
<Data name="passages"><value>[&quot;10.28.4&quot;,&quot;5.23.6&quot;,&quot;7.16.5&quot;]</value></Data>
<Data name="Pleiades"><value>https://pleiades.stoa.org/places/462270</value></Data>
</ExtendedData>
        <Point><coordinates>15.0878345,37.5024825</coordinates></Point>
      </Placemark>

      <Placemark>
        <name>Temple of Athena at Dyme</name>
        <ExtendedData>
<Data name="name"><value>Temple of Athena at Dyme</value></Data>
<Data name="region"><value>Achaia Bk7</value></Data>
<Data name="part of"><value>Dyme</value></Data>
<Data name="location"><value>Dyme</value></Data>
<Data name="type"><value>[&quot;temple&quot;]</value></Data>
<Data name="passages"><value>[&quot;7.17.9&quot;]</value></Data>
</ExtendedData>
        <Point><coordinates>21.551425,38.144625</coordinates></Point>
      </Placemark>

      <Placemark>
        <name>Sipylos</name>
        <ExtendedData>
<Data name="name"><value>Sipylos</value></Data>
<Data name="region"><value>Asia Minor (Asia)</value></Data>
<Data name="part of"><value>Lydia (province)</value></Data>
<Data name="altname"><value>Mount Sipylus /Manisa Dağı</value></Data>
<Data name="Wikidata"><value>https://wikidata.org/wiki/Q532698</value></Data>
<Data name="type"><value>[&quot;mountain oros&quot;]</value></Data>
<Data name="passages"><value>[&quot;1.21.3&quot;,&quot;1.24.8&quot;,&quot;2.22.3&quot;,&quot;3.22.4&quot;,&quot;5.13.7&quot;,&quot;6.22.1&quot;,&quot;7.24.13&quot;,&quot;7.27.12&quot;,&quot;8.17.3&quot;,&quot;8.2.7&quot;,&quot;8.38.10&quot;]</value></Data>
<Data name="Pleiades"><value>https://pleiades.stoa.org/places/550884</value></Data>
</ExtendedData>
        <Point><coordinates>27.453939999999996,38.5668</coordinates></Point>
      </Placemark>

      <Placemark>
        <name>Sipylos</name>
        <ExtendedData>
<Data name="name"><value>Sipylos</value></Data>
<Data name="region"><value>Asia Minor (Asia)</value></Data>
<Data name="part of"><value>Lydia (province)</value></Data>
<Data name="altname"><value>Mount Sipylus /Manisa Dağı</value></Data>
<Data name="Wikidata"><value>https://wikidata.org/wiki/Q532698</value></Data>
<Data name="type"><value>[&quot;mountain oros&quot;]</value></Data>
<Data name="passages"><value>[&quot;1.21.3&quot;,&quot;1.24.8&quot;,&quot;2.22.3&quot;,&quot;3.22.4&quot;,&quot;5.13.7&quot;,&quot;6.22.1&quot;,&quot;7.24.13&quot;,&quot;7.27.12&quot;,&quot;8.17.3&quot;,&quot;8.2.7&quot;,&quot;8.38.10&quot;]</value></Data>
<Data name="Pleiades"><value>https://pleiades.stoa.org/places/550884</value></Data>
</ExtendedData>
        <Point><coordinates>27.453939999999996,38.5668</coordinates></Point>
      </Placemark>

      <Placemark>
        <name>Vitex plant in Heraion of Samos</name>
        <ExtendedData>
<Data name="name"><value>Vitex plant in Heraion of Samos</value></Data>
<Data name="region"><value>Aegean Sea (Hellas)</value></Data>
<Data name="part of"><value>Heraion of Samos</value></Data>
<Data name="location"><value>Heraion of Samos</value></Data>
<Data name="altname"><value>lygos</value></Data>
<Data name="type"><value>[&quot;tree&quot;]</value></Data>
<Data name="passages"><value>[&quot;7.4.4&quot;,&quot;8.23.5&quot;]</value></Data>
</ExtendedData>
        <Point><coordinates>26.8857,37.6718</coordinates></Point>
      </Placemark>

      <Placemark>
        <name>Sidon/Col. Aurelia Pia</name>
        <ExtendedData>
<Data name="name"><value>Sidon/Col. Aurelia Pia</value></Data>
<Data name="region"><value>Asia (continent)</value></Data>
<Data name="part of"><value>Phoenice</value></Data>
<Data name="Wikidata"><value>https://wikidata.org/wiki/Q163490</value></Data>
<Data name="type"><value>[&quot;polis&quot;]</value></Data>
<Data name="passages"><value>[&quot;7.23.7&quot;]</value></Data>
<Data name="Pleiades"><value>https://pleiades.stoa.org/places/678393</value></Data>
</ExtendedData>
        <Point><coordinates>35.371208,33.560243</coordinates></Point>
      </Placemark>

      <Placemark>
        <name>Pion mountain</name>
        <ExtendedData>
<Data name="name"><value>Pion mountain</value></Data>
<Data name="region"><value>Asia Minor (Asia)</value></Data>
<Data name="part of"><value>Ephesos</value></Data>
<Data name="altname"><value>Prion: mountain of the Ephesian territory</value></Data>
<Data name="type"><value>[&quot;mountain oros&quot;,&quot;tourist attraction&quot;]</value></Data>
<Data name="passages"><value>[&quot;7.5.10&quot;]</value></Data>
<Data name="Pleiades"><value>https://pleiades.stoa.org/places/599875</value></Data>
</ExtendedData>
        <Point><coordinates>27.341579999999997,37.90124</coordinates></Point>
      </Placemark>

      <Placemark>
        <name>Oropos</name>
        <ExtendedData>
<Data name="name"><value>Oropos</value></Data>
<Data name="region"><value>Attica Bk1</value></Data>
<Data name="part of"><value>Oropia</value></Data>
<Data name="Wikidata"><value>https://wikidata.org/wiki/Q18073696</value></Data>
<Data name="type"><value>[&quot;settlement&quot;]</value></Data>
<Data name="passages"><value>[&quot;1.33.2&quot;,&quot;1.34.1&quot;,&quot;7.11.4&quot;,&quot;7.11.5&quot;,&quot;7.11.8&quot;,&quot;7.12.3&quot;]</value></Data>
<Data name="Pleiades"><value>https://pleiades.stoa.org/places/580044</value></Data>
<Data name="ToposText"><value>https://topostext.org/place/383238POro</value></Data>
</ExtendedData>
        <Point><coordinates>23.79,38.3195</coordinates></Point>
      </Placemark>

      <Placemark>
        <name>Oropos</name>
        <ExtendedData>
<Data name="name"><value>Oropos</value></Data>
<Data name="region"><value>Attica Bk1</value></Data>
<Data name="part of"><value>Oropia</value></Data>
<Data name="Wikidata"><value>https://wikidata.org/wiki/Q18073696</value></Data>
<Data name="type"><value>[&quot;settlement&quot;]</value></Data>
<Data name="passages"><value>[&quot;1.33.2&quot;,&quot;1.34.1&quot;,&quot;7.11.4&quot;,&quot;7.11.5&quot;,&quot;7.11.8&quot;,&quot;7.12.3&quot;]</value></Data>
<Data name="Pleiades"><value>https://pleiades.stoa.org/places/580044</value></Data>
<Data name="ToposText"><value>https://topostext.org/place/383238POro</value></Data>
</ExtendedData>
        <Point><coordinates>23.79,38.3195</coordinates></Point>
      </Placemark>

      <Placemark>
        <name>Oropos</name>
        <ExtendedData>
<Data name="name"><value>Oropos</value></Data>
<Data name="region"><value>Attica Bk1</value></Data>
<Data name="part of"><value>Oropia</value></Data>
<Data name="Wikidata"><value>https://wikidata.org/wiki/Q18073696</value></Data>
<Data name="type"><value>[&quot;settlement&quot;]</value></Data>
<Data name="passages"><value>[&quot;1.33.2&quot;,&quot;1.34.1&quot;,&quot;7.11.4&quot;,&quot;7.11.5&quot;,&quot;7.11.8&quot;,&quot;7.12.3&quot;]</value></Data>
<Data name="Pleiades"><value>https://pleiades.stoa.org/places/580044</value></Data>
<Data name="ToposText"><value>https://topostext.org/place/383238POro</value></Data>
</ExtendedData>
        <Point><coordinates>23.79,38.3195</coordinates></Point>
      </Placemark>

      <Placemark>
        <name>Oropos</name>
        <ExtendedData>
<Data name="name"><value>Oropos</value></Data>
<Data name="region"><value>Attica Bk1</value></Data>
<Data name="part of"><value>Oropia</value></Data>
<Data name="Wikidata"><value>https://wikidata.org/wiki/Q18073696</value></Data>
<Data name="type"><value>[&quot;settlement&quot;]</value></Data>
<Data name="passages"><value>[&quot;1.33.2&quot;,&quot;1.34.1&quot;,&quot;7.11.4&quot;,&quot;7.11.5&quot;,&quot;7.11.8&quot;,&quot;7.12.3&quot;]</value></Data>
<Data name="Pleiades"><value>https://pleiades.stoa.org/places/580044</value></Data>
<Data name="ToposText"><value>https://topostext.org/place/383238POro</value></Data>
</ExtendedData>
        <Point><coordinates>23.79,38.3195</coordinates></Point>
      </Placemark>

      <Placemark>
        <name>Iasos</name>
        <ExtendedData>
<Data name="name"><value>Iasos</value></Data>
<Data name="region"><value>Lakonia Bk3</value></Data>
<Data name="part of"><value>Lakonia Bk3</value></Data>
<Data name="Wikidata"><value>https://wikidata.org/wiki/Q60791654</value></Data>
<Data name="type"><value>[&quot;polisma&quot;]</value></Data>
<Data name="passages"><value>[&quot;7.13.7&quot;]</value></Data>
<Data name="Pleiades"><value>https://pleiades.stoa.org/places/570335</value></Data>
</ExtendedData>
        <Point><coordinates>22.4167,37.3321</coordinates></Point>
      </Placemark>

      <Placemark>
        <name>Haliartos (Boeotia)</name>
        <ExtendedData>
<Data name="name"><value>Haliartos (Boeotia)</value></Data>
<Data name="region"><value>Boiotia Bk9</value></Data>
<Data name="part of"><value>Boiotia Bk9</value></Data>
<Data name="Wikidata"><value>https://wikidata.org/wiki/Q359627</value></Data>
<Data name="type"><value>[&quot;fortification&quot;]</value></Data>
<Data name="passages"><value>[&quot;1.27.5&quot;,&quot;10.35.2&quot;,&quot;3.5.3&quot;,&quot;3.5.5&quot;,&quot;7.3.1&quot;,&quot;9.16.6&quot;,&quot;9.18.4&quot;,&quot;9.32.5&quot;,&quot;9.33.1&quot;,&quot;9.33.3&quot;,&quot;9.33.4&quot;,&quot;9.34.7&quot;,&quot;9.34.8&quot;]</value></Data>
<Data name="Pleiades"><value>https://pleiades.stoa.org/places/540801</value></Data>
<Data name="ToposText"><value>https://topostext.org/place/384231PHal</value></Data>
</ExtendedData>
        <Point><coordinates>23.088,38.3787</coordinates></Point>
      </Placemark>

      <Placemark>
        <name>temple of Athena in Pellene</name>
        <ExtendedData>
<Data name="name"><value>temple of Athena in Pellene</value></Data>
<Data name="region"><value>Achaia Bk7</value></Data>
<Data name="part of"><value>Pellene</value></Data>
<Data name="location"><value>Pellene</value></Data>
<Data name="type"><value>[&quot;temple&quot;]</value></Data>
<Data name="passages"><value>[&quot;7.27.2&quot;]</value></Data>
</ExtendedData>
        <Point><coordinates>22.5384,38.0446</coordinates></Point>
      </Placemark>

      <Placemark>
        <name>Imbrasos (river)</name>
        <ExtendedData>
<Data name="name"><value>Imbrasos (river)</value></Data>
<Data name="region"><value>Aegean Sea (Hellas)</value></Data>
<Data name="part of"><value>Samos (island)</value></Data>
<Data name="Wikidata"><value>https://wikidata.org/wiki/Q25123205</value></Data>
<Data name="type"><value>[&quot;river&quot;]</value></Data>
<Data name="passages"><value>[&quot;7.4.4&quot;]</value></Data>
<Data name="Pleiades"><value>https://pleiades.stoa.org/places/599669</value></Data>
</ExtendedData>
        <Point><coordinates>26.885425,37.6656981</coordinates></Point>
      </Placemark>

      <Placemark>
        <name>Tritaia (Achaia)</name>
        <ExtendedData>
<Data name="name"><value>Tritaia (Achaia)</value></Data>
<Data name="region"><value>Achaia Bk7</value></Data>
<Data name="part of"><value>Achaia Bk7</value></Data>
<Data name="altname"><value>Tritia, Triteia</value></Data>
<Data name="Wikidata"><value>https://wikidata.org/wiki/Q16737926</value></Data>
<Data name="type"><value>[&quot;polis&quot;]</value></Data>
<Data name="passages"><value>[&quot;6.12.8&quot;,&quot;6.12.9&quot;,&quot;7.22.6&quot;,&quot;7.22.7&quot;,&quot;7.22.8&quot;,&quot;7.22.9&quot;,&quot;7.6.1&quot;]</value></Data>
<Data name="Pleiades"><value>https://pleiades.stoa.org/places/570755</value></Data>
</ExtendedData>
        <Point><coordinates>21.687,37.959</coordinates></Point>
      </Placemark>

      <Placemark>
        <name>Tritaia (Achaia)</name>
        <ExtendedData>
<Data name="name"><value>Tritaia (Achaia)</value></Data>
<Data name="region"><value>Achaia Bk7</value></Data>
<Data name="part of"><value>Achaia Bk7</value></Data>
<Data name="altname"><value>Tritia, Triteia</value></Data>
<Data name="Wikidata"><value>https://wikidata.org/wiki/Q16737926</value></Data>
<Data name="type"><value>[&quot;polis&quot;]</value></Data>
<Data name="passages"><value>[&quot;6.12.8&quot;,&quot;6.12.9&quot;,&quot;7.22.6&quot;,&quot;7.22.7&quot;,&quot;7.22.8&quot;,&quot;7.22.9&quot;,&quot;7.6.1&quot;]</value></Data>
<Data name="Pleiades"><value>https://pleiades.stoa.org/places/570755</value></Data>
</ExtendedData>
        <Point><coordinates>21.687,37.959</coordinates></Point>
      </Placemark>

      <Placemark>
        <name>Tritaia (Achaia)</name>
        <ExtendedData>
<Data name="name"><value>Tritaia (Achaia)</value></Data>
<Data name="region"><value>Achaia Bk7</value></Data>
<Data name="part of"><value>Achaia Bk7</value></Data>
<Data name="altname"><value>Tritia, Triteia</value></Data>
<Data name="Wikidata"><value>https://wikidata.org/wiki/Q16737926</value></Data>
<Data name="type"><value>[&quot;polis&quot;]</value></Data>
<Data name="passages"><value>[&quot;6.12.8&quot;,&quot;6.12.9&quot;,&quot;7.22.6&quot;,&quot;7.22.7&quot;,&quot;7.22.8&quot;,&quot;7.22.9&quot;,&quot;7.6.1&quot;]</value></Data>
<Data name="Pleiades"><value>https://pleiades.stoa.org/places/570755</value></Data>
</ExtendedData>
        <Point><coordinates>21.687,37.959</coordinates></Point>
      </Placemark>

      <Placemark>
        <name>Tritaia (Achaia)</name>
        <ExtendedData>
<Data name="name"><value>Tritaia (Achaia)</value></Data>
<Data name="region"><value>Achaia Bk7</value></Data>
<Data name="part of"><value>Achaia Bk7</value></Data>
<Data name="altname"><value>Tritia, Triteia</value></Data>
<Data name="Wikidata"><value>https://wikidata.org/wiki/Q16737926</value></Data>
<Data name="type"><value>[&quot;polis&quot;]</value></Data>
<Data name="passages"><value>[&quot;6.12.8&quot;,&quot;6.12.9&quot;,&quot;7.22.6&quot;,&quot;7.22.7&quot;,&quot;7.22.8&quot;,&quot;7.22.9&quot;,&quot;7.6.1&quot;]</value></Data>
<Data name="Pleiades"><value>https://pleiades.stoa.org/places/570755</value></Data>
</ExtendedData>
        <Point><coordinates>21.687,37.959</coordinates></Point>
      </Placemark>

      <Placemark>
        <name>Tritaia (Achaia)</name>
        <ExtendedData>
<Data name="name"><value>Tritaia (Achaia)</value></Data>
<Data name="region"><value>Achaia Bk7</value></Data>
<Data name="part of"><value>Achaia Bk7</value></Data>
<Data name="altname"><value>Tritia, Triteia</value></Data>
<Data name="Wikidata"><value>https://wikidata.org/wiki/Q16737926</value></Data>
<Data name="type"><value>[&quot;polis&quot;]</value></Data>
<Data name="passages"><value>[&quot;6.12.8&quot;,&quot;6.12.9&quot;,&quot;7.22.6&quot;,&quot;7.22.7&quot;,&quot;7.22.8&quot;,&quot;7.22.9&quot;,&quot;7.6.1&quot;]</value></Data>
<Data name="Pleiades"><value>https://pleiades.stoa.org/places/570755</value></Data>
</ExtendedData>
        <Point><coordinates>21.687,37.959</coordinates></Point>
      </Placemark>

      <Placemark>
        <name>Sanctuary of Artemis Laphria at Patrae</name>
        <ExtendedData>
<Data name="name"><value>Sanctuary of Artemis Laphria at Patrae</value></Data>
<Data name="region"><value>Achaia Bk7</value></Data>
<Data name="part of"><value>Patrae</value></Data>
<Data name="location"><value>Patrae</value></Data>
<Data name="Wikidata"><value>https://wikidata.org/wiki/Q134036834</value></Data>
<Data name="type"><value>[&quot;hieron&quot;]</value></Data>
<Data name="passages"><value>[&quot;7.18.8&quot;]</value></Data>
<Data name="Manto"><value>https://resource.manto.unh.edu/11306820</value></Data>
</ExtendedData>
        <Point><coordinates>21.738518,38.243265</coordinates></Point>
      </Placemark>

      <Placemark>
        <name>Corinthian Gulf (Korinthia)</name>
        <ExtendedData>
<Data name="name"><value>Corinthian Gulf (Korinthia)</value></Data>
<Data name="region"><value>Corinthia Bk2</value></Data>
<Data name="part of"><value>Corinthia Bk2</value></Data>
<Data name="altname"><value>Korinthiakos kolpos</value></Data>
<Data name="Wikidata"><value>https://wikidata.org/wiki/Q209682</value></Data>
<Data name="type"><value>[&quot;gulf&quot;]</value></Data>
<Data name="passages"><value>[&quot;10.37.3&quot;,&quot;10.38.12&quot;,&quot;10.38.9&quot;,&quot;2.1.5&quot;,&quot;2.12.2&quot;,&quot;2.5.2&quot;,&quot;7.1.1&quot;,&quot;7.23.5&quot;,&quot;7.25.11&quot;]</value></Data>
<Data name="Pleiades"><value>https://pleiades.stoa.org/places/570181</value></Data>
<Data name="ToposText"><value>https://topostext.org/place/382226WCor</value></Data>
</ExtendedData>
        <Point><coordinates>22.6,38.2</coordinates></Point>
      </Placemark>

      <Placemark>
        <name>Corinthian Gulf (Korinthia)</name>
        <ExtendedData>
<Data name="name"><value>Corinthian Gulf (Korinthia)</value></Data>
<Data name="region"><value>Corinthia Bk2</value></Data>
<Data name="part of"><value>Corinthia Bk2</value></Data>
<Data name="altname"><value>Korinthiakos kolpos</value></Data>
<Data name="Wikidata"><value>https://wikidata.org/wiki/Q209682</value></Data>
<Data name="type"><value>[&quot;gulf&quot;]</value></Data>
<Data name="passages"><value>[&quot;10.37.3&quot;,&quot;10.38.12&quot;,&quot;10.38.9&quot;,&quot;2.1.5&quot;,&quot;2.12.2&quot;,&quot;2.5.2&quot;,&quot;7.1.1&quot;,&quot;7.23.5&quot;,&quot;7.25.11&quot;]</value></Data>
<Data name="Pleiades"><value>https://pleiades.stoa.org/places/570181</value></Data>
<Data name="ToposText"><value>https://topostext.org/place/382226WCor</value></Data>
</ExtendedData>
        <Point><coordinates>22.6,38.2</coordinates></Point>
      </Placemark>

      <Placemark>
        <name>Corinthian Gulf (Korinthia)</name>
        <ExtendedData>
<Data name="name"><value>Corinthian Gulf (Korinthia)</value></Data>
<Data name="region"><value>Corinthia Bk2</value></Data>
<Data name="part of"><value>Corinthia Bk2</value></Data>
<Data name="altname"><value>Korinthiakos kolpos</value></Data>
<Data name="Wikidata"><value>https://wikidata.org/wiki/Q209682</value></Data>
<Data name="type"><value>[&quot;gulf&quot;]</value></Data>
<Data name="passages"><value>[&quot;10.37.3&quot;,&quot;10.38.12&quot;,&quot;10.38.9&quot;,&quot;2.1.5&quot;,&quot;2.12.2&quot;,&quot;2.5.2&quot;,&quot;7.1.1&quot;,&quot;7.23.5&quot;,&quot;7.25.11&quot;]</value></Data>
<Data name="Pleiades"><value>https://pleiades.stoa.org/places/570181</value></Data>
<Data name="ToposText"><value>https://topostext.org/place/382226WCor</value></Data>
</ExtendedData>
        <Point><coordinates>22.6,38.2</coordinates></Point>
      </Placemark>

      <Placemark>
        <name>Temple of Asklepios at Aigeira</name>
        <ExtendedData>
<Data name="name"><value>Temple of Asklepios at Aigeira</value></Data>
<Data name="region"><value>Achaia Bk7</value></Data>
<Data name="part of"><value>Aigeira (Achaia)</value></Data>
<Data name="location"><value>Aigeira (Achaia)</value></Data>
<Data name="type"><value>[&quot;temple&quot;]</value></Data>
<Data name="passages"><value>[&quot;7.26.7&quot;]</value></Data>
</ExtendedData>
        <Point><coordinates>22.3777,38.1286</coordinates></Point>
      </Placemark>

      <Placemark>
        <name>Klazomenai (later)</name>
        <ExtendedData>
<Data name="name"><value>Klazomenai (later)</value></Data>
<Data name="region"><value>Asia Minor (Asia)</value></Data>
<Data name="part of"><value>Ionia (region)</value></Data>
<Data name="type"><value>[&quot;polis&quot;]</value></Data>
<Data name="passages"><value>[&quot;7.3.9&quot;]</value></Data>
<Data name="Pleiades"><value>https://pleiades.stoa.org/places/550651</value></Data>
</ExtendedData>
        <Point><coordinates>26.774159529999995,38.36467713</coordinates></Point>
      </Placemark>

      <Placemark>
        <name>Temple of Athena at Phokaia</name>
        <ExtendedData>
<Data name="name"><value>Temple of Athena at Phokaia</value></Data>
<Data name="region"><value>Asia Minor (Asia)</value></Data>
<Data name="part of"><value>Phocaea</value></Data>
<Data name="location"><value>Phocaea</value></Data>
<Data name="type"><value>[&quot;temple&quot;]</value></Data>
<Data name="passages"><value>[&quot;7.5.4&quot;]</value></Data>
</ExtendedData>
        <Point><coordinates>26.75261,38.6684</coordinates></Point>
      </Placemark>

      <Placemark>
        <name>Corinth (Corinthia)</name>
        <ExtendedData>
<Data name="name"><value>Corinth (Corinthia)</value></Data>
<Data name="region"><value>Corinthia Bk2</value></Data>
<Data name="part of"><value>Corinthia Bk2</value></Data>
<Data name="altname"><value>Korinthos</value></Data>
<Data name="Wikidata"><value>https://wikidata.org/wiki/Q1363688</value></Data>
<Data name="type"><value>[&quot;polis&quot;]</value></Data>
<Data name="passages"><value>[&quot;1.27.10&quot;,&quot;1.27.9&quot;,&quot;1.29.11&quot;,&quot;1.37.5&quot;,&quot;1.39.4&quot;,&quot;1.44.10&quot;,&quot;1.44.6&quot;,&quot;10.11.6&quot;,&quot;10.5.3&quot;,&quot;10.8.5&quot;,&quot;10.9.10&quot;,&quot;2.1.1&quot;,&quot;2.1.2&quot;,&quot;2.1.6&quot;,&quot;2.15.1&quot;,&quot;2.2.2&quot;,&quot;2.2.4&quot;,&quot;2.2.5&quot;,&quot;2.2.6&quot;,&quot;2.28.8&quot;,&quot;2.3.1&quot;,&quot;2.3.10&quot;,&quot;2.3.11&quot;,&quot;2.3.5&quot;,&quot;2.3.7&quot;,&quot;2.31.9&quot;,&quot;2.4.3&quot;,&quot;2.4.4&quot;,&quot;2.4.6&quot;,&quot;2.5.1&quot;,&quot;2.5.5&quot;,&quot;2.6.1&quot;,&quot;2.7.2&quot;,&quot;2.8.4&quot;,&quot;2.8.5&quot;,&quot;3.10.1&quot;,&quot;3.5.7&quot;,&quot;4.17.5&quot;,&quot;5.10.5&quot;,&quot;5.17.5&quot;,&quot;6.2.2&quot;,&quot;7.14.1&quot;,&quot;7.14.2&quot;,&quot;7.14.5&quot;,&quot;7.15.10&quot;,&quot;7.16.4&quot;,&quot;7.16.7&quot;,&quot;7.27.6&quot;,&quot;7.6.7&quot;,&quot;7.7.6&quot;,&quot;7.8.1&quot;,&quot;7.8.2&quot;,&quot;9.26.2&quot;,&quot;9.6.4&quot;,&quot;9.9.4&quot;]</value></Data>
<Data name="Pleiades"><value>https://pleiades.stoa.org/places/570182</value></Data>
<Data name="ToposText"><value>https://topostext.org/place/379229PKor</value></Data>
</ExtendedData>
        <Point><coordinates>22.8802,37.9054</coordinates></Point>
      </Placemark>

      <Placemark>
        <name>Corinth (Corinthia)</name>
        <ExtendedData>
<Data name="name"><value>Corinth (Corinthia)</value></Data>
<Data name="region"><value>Corinthia Bk2</value></Data>
<Data name="part of"><value>Corinthia Bk2</value></Data>
<Data name="altname"><value>Korinthos</value></Data>
<Data name="Wikidata"><value>https://wikidata.org/wiki/Q1363688</value></Data>
<Data name="type"><value>[&quot;polis&quot;]</value></Data>
<Data name="passages"><value>[&quot;1.27.10&quot;,&quot;1.27.9&quot;,&quot;1.29.11&quot;,&quot;1.37.5&quot;,&quot;1.39.4&quot;,&quot;1.44.10&quot;,&quot;1.44.6&quot;,&quot;10.11.6&quot;,&quot;10.5.3&quot;,&quot;10.8.5&quot;,&quot;10.9.10&quot;,&quot;2.1.1&quot;,&quot;2.1.2&quot;,&quot;2.1.6&quot;,&quot;2.15.1&quot;,&quot;2.2.2&quot;,&quot;2.2.4&quot;,&quot;2.2.5&quot;,&quot;2.2.6&quot;,&quot;2.28.8&quot;,&quot;2.3.1&quot;,&quot;2.3.10&quot;,&quot;2.3.11&quot;,&quot;2.3.5&quot;,&quot;2.3.7&quot;,&quot;2.31.9&quot;,&quot;2.4.3&quot;,&quot;2.4.4&quot;,&quot;2.4.6&quot;,&quot;2.5.1&quot;,&quot;2.5.5&quot;,&quot;2.6.1&quot;,&quot;2.7.2&quot;,&quot;2.8.4&quot;,&quot;2.8.5&quot;,&quot;3.10.1&quot;,&quot;3.5.7&quot;,&quot;4.17.5&quot;,&quot;5.10.5&quot;,&quot;5.17.5&quot;,&quot;6.2.2&quot;,&quot;7.14.1&quot;,&quot;7.14.2&quot;,&quot;7.14.5&quot;,&quot;7.15.10&quot;,&quot;7.16.4&quot;,&quot;7.16.7&quot;,&quot;7.27.6&quot;,&quot;7.6.7&quot;,&quot;7.7.6&quot;,&quot;7.8.1&quot;,&quot;7.8.2&quot;,&quot;9.26.2&quot;,&quot;9.6.4&quot;,&quot;9.9.4&quot;]</value></Data>
<Data name="Pleiades"><value>https://pleiades.stoa.org/places/570182</value></Data>
<Data name="ToposText"><value>https://topostext.org/place/379229PKor</value></Data>
</ExtendedData>
        <Point><coordinates>22.8802,37.9054</coordinates></Point>
      </Placemark>

      <Placemark>
        <name>Corinth (Corinthia)</name>
        <ExtendedData>
<Data name="name"><value>Corinth (Corinthia)</value></Data>
<Data name="region"><value>Corinthia Bk2</value></Data>
<Data name="part of"><value>Corinthia Bk2</value></Data>
<Data name="altname"><value>Korinthos</value></Data>
<Data name="Wikidata"><value>https://wikidata.org/wiki/Q1363688</value></Data>
<Data name="type"><value>[&quot;polis&quot;]</value></Data>
<Data name="passages"><value>[&quot;1.27.10&quot;,&quot;1.27.9&quot;,&quot;1.29.11&quot;,&quot;1.37.5&quot;,&quot;1.39.4&quot;,&quot;1.44.10&quot;,&quot;1.44.6&quot;,&quot;10.11.6&quot;,&quot;10.5.3&quot;,&quot;10.8.5&quot;,&quot;10.9.10&quot;,&quot;2.1.1&quot;,&quot;2.1.2&quot;,&quot;2.1.6&quot;,&quot;2.15.1&quot;,&quot;2.2.2&quot;,&quot;2.2.4&quot;,&quot;2.2.5&quot;,&quot;2.2.6&quot;,&quot;2.28.8&quot;,&quot;2.3.1&quot;,&quot;2.3.10&quot;,&quot;2.3.11&quot;,&quot;2.3.5&quot;,&quot;2.3.7&quot;,&quot;2.31.9&quot;,&quot;2.4.3&quot;,&quot;2.4.4&quot;,&quot;2.4.6&quot;,&quot;2.5.1&quot;,&quot;2.5.5&quot;,&quot;2.6.1&quot;,&quot;2.7.2&quot;,&quot;2.8.4&quot;,&quot;2.8.5&quot;,&quot;3.10.1&quot;,&quot;3.5.7&quot;,&quot;4.17.5&quot;,&quot;5.10.5&quot;,&quot;5.17.5&quot;,&quot;6.2.2&quot;,&quot;7.14.1&quot;,&quot;7.14.2&quot;,&quot;7.14.5&quot;,&quot;7.15.10&quot;,&quot;7.16.4&quot;,&quot;7.16.7&quot;,&quot;7.27.6&quot;,&quot;7.6.7&quot;,&quot;7.7.6&quot;,&quot;7.8.1&quot;,&quot;7.8.2&quot;,&quot;9.26.2&quot;,&quot;9.6.4&quot;,&quot;9.9.4&quot;]</value></Data>
<Data name="Pleiades"><value>https://pleiades.stoa.org/places/570182</value></Data>
<Data name="ToposText"><value>https://topostext.org/place/379229PKor</value></Data>
</ExtendedData>
        <Point><coordinates>22.8802,37.9054</coordinates></Point>
      </Placemark>

      <Placemark>
        <name>Corinth (Corinthia)</name>
        <ExtendedData>
<Data name="name"><value>Corinth (Corinthia)</value></Data>
<Data name="region"><value>Corinthia Bk2</value></Data>
<Data name="part of"><value>Corinthia Bk2</value></Data>
<Data name="altname"><value>Korinthos</value></Data>
<Data name="Wikidata"><value>https://wikidata.org/wiki/Q1363688</value></Data>
<Data name="type"><value>[&quot;polis&quot;]</value></Data>
<Data name="passages"><value>[&quot;1.27.10&quot;,&quot;1.27.9&quot;,&quot;1.29.11&quot;,&quot;1.37.5&quot;,&quot;1.39.4&quot;,&quot;1.44.10&quot;,&quot;1.44.6&quot;,&quot;10.11.6&quot;,&quot;10.5.3&quot;,&quot;10.8.5&quot;,&quot;10.9.10&quot;,&quot;2.1.1&quot;,&quot;2.1.2&quot;,&quot;2.1.6&quot;,&quot;2.15.1&quot;,&quot;2.2.2&quot;,&quot;2.2.4&quot;,&quot;2.2.5&quot;,&quot;2.2.6&quot;,&quot;2.28.8&quot;,&quot;2.3.1&quot;,&quot;2.3.10&quot;,&quot;2.3.11&quot;,&quot;2.3.5&quot;,&quot;2.3.7&quot;,&quot;2.31.9&quot;,&quot;2.4.3&quot;,&quot;2.4.4&quot;,&quot;2.4.6&quot;,&quot;2.5.1&quot;,&quot;2.5.5&quot;,&quot;2.6.1&quot;,&quot;2.7.2&quot;,&quot;2.8.4&quot;,&quot;2.8.5&quot;,&quot;3.10.1&quot;,&quot;3.5.7&quot;,&quot;4.17.5&quot;,&quot;5.10.5&quot;,&quot;5.17.5&quot;,&quot;6.2.2&quot;,&quot;7.14.1&quot;,&quot;7.14.2&quot;,&quot;7.14.5&quot;,&quot;7.15.10&quot;,&quot;7.16.4&quot;,&quot;7.16.7&quot;,&quot;7.27.6&quot;,&quot;7.6.7&quot;,&quot;7.7.6&quot;,&quot;7.8.1&quot;,&quot;7.8.2&quot;,&quot;9.26.2&quot;,&quot;9.6.4&quot;,&quot;9.9.4&quot;]</value></Data>
<Data name="Pleiades"><value>https://pleiades.stoa.org/places/570182</value></Data>
<Data name="ToposText"><value>https://topostext.org/place/379229PKor</value></Data>
</ExtendedData>
        <Point><coordinates>22.8802,37.9054</coordinates></Point>
      </Placemark>

      <Placemark>
        <name>Corinth (Corinthia)</name>
        <ExtendedData>
<Data name="name"><value>Corinth (Corinthia)</value></Data>
<Data name="region"><value>Corinthia Bk2</value></Data>
<Data name="part of"><value>Corinthia Bk2</value></Data>
<Data name="altname"><value>Korinthos</value></Data>
<Data name="Wikidata"><value>https://wikidata.org/wiki/Q1363688</value></Data>
<Data name="type"><value>[&quot;polis&quot;]</value></Data>
<Data name="passages"><value>[&quot;1.27.10&quot;,&quot;1.27.9&quot;,&quot;1.29.11&quot;,&quot;1.37.5&quot;,&quot;1.39.4&quot;,&quot;1.44.10&quot;,&quot;1.44.6&quot;,&quot;10.11.6&quot;,&quot;10.5.3&quot;,&quot;10.8.5&quot;,&quot;10.9.10&quot;,&quot;2.1.1&quot;,&quot;2.1.2&quot;,&quot;2.1.6&quot;,&quot;2.15.1&quot;,&quot;2.2.2&quot;,&quot;2.2.4&quot;,&quot;2.2.5&quot;,&quot;2.2.6&quot;,&quot;2.28.8&quot;,&quot;2.3.1&quot;,&quot;2.3.10&quot;,&quot;2.3.11&quot;,&quot;2.3.5&quot;,&quot;2.3.7&quot;,&quot;2.31.9&quot;,&quot;2.4.3&quot;,&quot;2.4.4&quot;,&quot;2.4.6&quot;,&quot;2.5.1&quot;,&quot;2.5.5&quot;,&quot;2.6.1&quot;,&quot;2.7.2&quot;,&quot;2.8.4&quot;,&quot;2.8.5&quot;,&quot;3.10.1&quot;,&quot;3.5.7&quot;,&quot;4.17.5&quot;,&quot;5.10.5&quot;,&quot;5.17.5&quot;,&quot;6.2.2&quot;,&quot;7.14.1&quot;,&quot;7.14.2&quot;,&quot;7.14.5&quot;,&quot;7.15.10&quot;,&quot;7.16.4&quot;,&quot;7.16.7&quot;,&quot;7.27.6&quot;,&quot;7.6.7&quot;,&quot;7.7.6&quot;,&quot;7.8.1&quot;,&quot;7.8.2&quot;,&quot;9.26.2&quot;,&quot;9.6.4&quot;,&quot;9.9.4&quot;]</value></Data>
<Data name="Pleiades"><value>https://pleiades.stoa.org/places/570182</value></Data>
<Data name="ToposText"><value>https://topostext.org/place/379229PKor</value></Data>
</ExtendedData>
        <Point><coordinates>22.8802,37.9054</coordinates></Point>
      </Placemark>

      <Placemark>
        <name>Corinth (Corinthia)</name>
        <ExtendedData>
<Data name="name"><value>Corinth (Corinthia)</value></Data>
<Data name="region"><value>Corinthia Bk2</value></Data>
<Data name="part of"><value>Corinthia Bk2</value></Data>
<Data name="altname"><value>Korinthos</value></Data>
<Data name="Wikidata"><value>https://wikidata.org/wiki/Q1363688</value></Data>
<Data name="type"><value>[&quot;polis&quot;]</value></Data>
<Data name="passages"><value>[&quot;1.27.10&quot;,&quot;1.27.9&quot;,&quot;1.29.11&quot;,&quot;1.37.5&quot;,&quot;1.39.4&quot;,&quot;1.44.10&quot;,&quot;1.44.6&quot;,&quot;10.11.6&quot;,&quot;10.5.3&quot;,&quot;10.8.5&quot;,&quot;10.9.10&quot;,&quot;2.1.1&quot;,&quot;2.1.2&quot;,&quot;2.1.6&quot;,&quot;2.15.1&quot;,&quot;2.2.2&quot;,&quot;2.2.4&quot;,&quot;2.2.5&quot;,&quot;2.2.6&quot;,&quot;2.28.8&quot;,&quot;2.3.1&quot;,&quot;2.3.10&quot;,&quot;2.3.11&quot;,&quot;2.3.5&quot;,&quot;2.3.7&quot;,&quot;2.31.9&quot;,&quot;2.4.3&quot;,&quot;2.4.4&quot;,&quot;2.4.6&quot;,&quot;2.5.1&quot;,&quot;2.5.5&quot;,&quot;2.6.1&quot;,&quot;2.7.2&quot;,&quot;2.8.4&quot;,&quot;2.8.5&quot;,&quot;3.10.1&quot;,&quot;3.5.7&quot;,&quot;4.17.5&quot;,&quot;5.10.5&quot;,&quot;5.17.5&quot;,&quot;6.2.2&quot;,&quot;7.14.1&quot;,&quot;7.14.2&quot;,&quot;7.14.5&quot;,&quot;7.15.10&quot;,&quot;7.16.4&quot;,&quot;7.16.7&quot;,&quot;7.27.6&quot;,&quot;7.6.7&quot;,&quot;7.7.6&quot;,&quot;7.8.1&quot;,&quot;7.8.2&quot;,&quot;9.26.2&quot;,&quot;9.6.4&quot;,&quot;9.9.4&quot;]</value></Data>
<Data name="Pleiades"><value>https://pleiades.stoa.org/places/570182</value></Data>
<Data name="ToposText"><value>https://topostext.org/place/379229PKor</value></Data>
</ExtendedData>
        <Point><coordinates>22.8802,37.9054</coordinates></Point>
      </Placemark>

      <Placemark>
        <name>Corinth (Corinthia)</name>
        <ExtendedData>
<Data name="name"><value>Corinth (Corinthia)</value></Data>
<Data name="region"><value>Corinthia Bk2</value></Data>
<Data name="part of"><value>Corinthia Bk2</value></Data>
<Data name="altname"><value>Korinthos</value></Data>
<Data name="Wikidata"><value>https://wikidata.org/wiki/Q1363688</value></Data>
<Data name="type"><value>[&quot;polis&quot;]</value></Data>
<Data name="passages"><value>[&quot;1.27.10&quot;,&quot;1.27.9&quot;,&quot;1.29.11&quot;,&quot;1.37.5&quot;,&quot;1.39.4&quot;,&quot;1.44.10&quot;,&quot;1.44.6&quot;,&quot;10.11.6&quot;,&quot;10.5.3&quot;,&quot;10.8.5&quot;,&quot;10.9.10&quot;,&quot;2.1.1&quot;,&quot;2.1.2&quot;,&quot;2.1.6&quot;,&quot;2.15.1&quot;,&quot;2.2.2&quot;,&quot;2.2.4&quot;,&quot;2.2.5&quot;,&quot;2.2.6&quot;,&quot;2.28.8&quot;,&quot;2.3.1&quot;,&quot;2.3.10&quot;,&quot;2.3.11&quot;,&quot;2.3.5&quot;,&quot;2.3.7&quot;,&quot;2.31.9&quot;,&quot;2.4.3&quot;,&quot;2.4.4&quot;,&quot;2.4.6&quot;,&quot;2.5.1&quot;,&quot;2.5.5&quot;,&quot;2.6.1&quot;,&quot;2.7.2&quot;,&quot;2.8.4&quot;,&quot;2.8.5&quot;,&quot;3.10.1&quot;,&quot;3.5.7&quot;,&quot;4.17.5&quot;,&quot;5.10.5&quot;,&quot;5.17.5&quot;,&quot;6.2.2&quot;,&quot;7.14.1&quot;,&quot;7.14.2&quot;,&quot;7.14.5&quot;,&quot;7.15.10&quot;,&quot;7.16.4&quot;,&quot;7.16.7&quot;,&quot;7.27.6&quot;,&quot;7.6.7&quot;,&quot;7.7.6&quot;,&quot;7.8.1&quot;,&quot;7.8.2&quot;,&quot;9.26.2&quot;,&quot;9.6.4&quot;,&quot;9.9.4&quot;]</value></Data>
<Data name="Pleiades"><value>https://pleiades.stoa.org/places/570182</value></Data>
<Data name="ToposText"><value>https://topostext.org/place/379229PKor</value></Data>
</ExtendedData>
        <Point><coordinates>22.8802,37.9054</coordinates></Point>
      </Placemark>

      <Placemark>
        <name>Corinth (Corinthia)</name>
        <ExtendedData>
<Data name="name"><value>Corinth (Corinthia)</value></Data>
<Data name="region"><value>Corinthia Bk2</value></Data>
<Data name="part of"><value>Corinthia Bk2</value></Data>
<Data name="altname"><value>Korinthos</value></Data>
<Data name="Wikidata"><value>https://wikidata.org/wiki/Q1363688</value></Data>
<Data name="type"><value>[&quot;polis&quot;]</value></Data>
<Data name="passages"><value>[&quot;1.27.10&quot;,&quot;1.27.9&quot;,&quot;1.29.11&quot;,&quot;1.37.5&quot;,&quot;1.39.4&quot;,&quot;1.44.10&quot;,&quot;1.44.6&quot;,&quot;10.11.6&quot;,&quot;10.5.3&quot;,&quot;10.8.5&quot;,&quot;10.9.10&quot;,&quot;2.1.1&quot;,&quot;2.1.2&quot;,&quot;2.1.6&quot;,&quot;2.15.1&quot;,&quot;2.2.2&quot;,&quot;2.2.4&quot;,&quot;2.2.5&quot;,&quot;2.2.6&quot;,&quot;2.28.8&quot;,&quot;2.3.1&quot;,&quot;2.3.10&quot;,&quot;2.3.11&quot;,&quot;2.3.5&quot;,&quot;2.3.7&quot;,&quot;2.31.9&quot;,&quot;2.4.3&quot;,&quot;2.4.4&quot;,&quot;2.4.6&quot;,&quot;2.5.1&quot;,&quot;2.5.5&quot;,&quot;2.6.1&quot;,&quot;2.7.2&quot;,&quot;2.8.4&quot;,&quot;2.8.5&quot;,&quot;3.10.1&quot;,&quot;3.5.7&quot;,&quot;4.17.5&quot;,&quot;5.10.5&quot;,&quot;5.17.5&quot;,&quot;6.2.2&quot;,&quot;7.14.1&quot;,&quot;7.14.2&quot;,&quot;7.14.5&quot;,&quot;7.15.10&quot;,&quot;7.16.4&quot;,&quot;7.16.7&quot;,&quot;7.27.6&quot;,&quot;7.6.7&quot;,&quot;7.7.6&quot;,&quot;7.8.1&quot;,&quot;7.8.2&quot;,&quot;9.26.2&quot;,&quot;9.6.4&quot;,&quot;9.9.4&quot;]</value></Data>
<Data name="Pleiades"><value>https://pleiades.stoa.org/places/570182</value></Data>
<Data name="ToposText"><value>https://topostext.org/place/379229PKor</value></Data>
</ExtendedData>
        <Point><coordinates>22.8802,37.9054</coordinates></Point>
      </Placemark>

      <Placemark>
        <name>Corinth (Corinthia)</name>
        <ExtendedData>
<Data name="name"><value>Corinth (Corinthia)</value></Data>
<Data name="region"><value>Corinthia Bk2</value></Data>
<Data name="part of"><value>Corinthia Bk2</value></Data>
<Data name="altname"><value>Korinthos</value></Data>
<Data name="Wikidata"><value>https://wikidata.org/wiki/Q1363688</value></Data>
<Data name="type"><value>[&quot;polis&quot;]</value></Data>
<Data name="passages"><value>[&quot;1.27.10&quot;,&quot;1.27.9&quot;,&quot;1.29.11&quot;,&quot;1.37.5&quot;,&quot;1.39.4&quot;,&quot;1.44.10&quot;,&quot;1.44.6&quot;,&quot;10.11.6&quot;,&quot;10.5.3&quot;,&quot;10.8.5&quot;,&quot;10.9.10&quot;,&quot;2.1.1&quot;,&quot;2.1.2&quot;,&quot;2.1.6&quot;,&quot;2.15.1&quot;,&quot;2.2.2&quot;,&quot;2.2.4&quot;,&quot;2.2.5&quot;,&quot;2.2.6&quot;,&quot;2.28.8&quot;,&quot;2.3.1&quot;,&quot;2.3.10&quot;,&quot;2.3.11&quot;,&quot;2.3.5&quot;,&quot;2.3.7&quot;,&quot;2.31.9&quot;,&quot;2.4.3&quot;,&quot;2.4.4&quot;,&quot;2.4.6&quot;,&quot;2.5.1&quot;,&quot;2.5.5&quot;,&quot;2.6.1&quot;,&quot;2.7.2&quot;,&quot;2.8.4&quot;,&quot;2.8.5&quot;,&quot;3.10.1&quot;,&quot;3.5.7&quot;,&quot;4.17.5&quot;,&quot;5.10.5&quot;,&quot;5.17.5&quot;,&quot;6.2.2&quot;,&quot;7.14.1&quot;,&quot;7.14.2&quot;,&quot;7.14.5&quot;,&quot;7.15.10&quot;,&quot;7.16.4&quot;,&quot;7.16.7&quot;,&quot;7.27.6&quot;,&quot;7.6.7&quot;,&quot;7.7.6&quot;,&quot;7.8.1&quot;,&quot;7.8.2&quot;,&quot;9.26.2&quot;,&quot;9.6.4&quot;,&quot;9.9.4&quot;]</value></Data>
<Data name="Pleiades"><value>https://pleiades.stoa.org/places/570182</value></Data>
<Data name="ToposText"><value>https://topostext.org/place/379229PKor</value></Data>
</ExtendedData>
        <Point><coordinates>22.8802,37.9054</coordinates></Point>
      </Placemark>

      <Placemark>
        <name>Corinth (Corinthia)</name>
        <ExtendedData>
<Data name="name"><value>Corinth (Corinthia)</value></Data>
<Data name="region"><value>Corinthia Bk2</value></Data>
<Data name="part of"><value>Corinthia Bk2</value></Data>
<Data name="altname"><value>Korinthos</value></Data>
<Data name="Wikidata"><value>https://wikidata.org/wiki/Q1363688</value></Data>
<Data name="type"><value>[&quot;polis&quot;]</value></Data>
<Data name="passages"><value>[&quot;1.27.10&quot;,&quot;1.27.9&quot;,&quot;1.29.11&quot;,&quot;1.37.5&quot;,&quot;1.39.4&quot;,&quot;1.44.10&quot;,&quot;1.44.6&quot;,&quot;10.11.6&quot;,&quot;10.5.3&quot;,&quot;10.8.5&quot;,&quot;10.9.10&quot;,&quot;2.1.1&quot;,&quot;2.1.2&quot;,&quot;2.1.6&quot;,&quot;2.15.1&quot;,&quot;2.2.2&quot;,&quot;2.2.4&quot;,&quot;2.2.5&quot;,&quot;2.2.6&quot;,&quot;2.28.8&quot;,&quot;2.3.1&quot;,&quot;2.3.10&quot;,&quot;2.3.11&quot;,&quot;2.3.5&quot;,&quot;2.3.7&quot;,&quot;2.31.9&quot;,&quot;2.4.3&quot;,&quot;2.4.4&quot;,&quot;2.4.6&quot;,&quot;2.5.1&quot;,&quot;2.5.5&quot;,&quot;2.6.1&quot;,&quot;2.7.2&quot;,&quot;2.8.4&quot;,&quot;2.8.5&quot;,&quot;3.10.1&quot;,&quot;3.5.7&quot;,&quot;4.17.5&quot;,&quot;5.10.5&quot;,&quot;5.17.5&quot;,&quot;6.2.2&quot;,&quot;7.14.1&quot;,&quot;7.14.2&quot;,&quot;7.14.5&quot;,&quot;7.15.10&quot;,&quot;7.16.4&quot;,&quot;7.16.7&quot;,&quot;7.27.6&quot;,&quot;7.6.7&quot;,&quot;7.7.6&quot;,&quot;7.8.1&quot;,&quot;7.8.2&quot;,&quot;9.26.2&quot;,&quot;9.6.4&quot;,&quot;9.9.4&quot;]</value></Data>
<Data name="Pleiades"><value>https://pleiades.stoa.org/places/570182</value></Data>
<Data name="ToposText"><value>https://topostext.org/place/379229PKor</value></Data>
</ExtendedData>
        <Point><coordinates>22.8802,37.9054</coordinates></Point>
      </Placemark>

      <Placemark>
        <name>Corinth (Corinthia)</name>
        <ExtendedData>
<Data name="name"><value>Corinth (Corinthia)</value></Data>
<Data name="region"><value>Corinthia Bk2</value></Data>
<Data name="part of"><value>Corinthia Bk2</value></Data>
<Data name="altname"><value>Korinthos</value></Data>
<Data name="Wikidata"><value>https://wikidata.org/wiki/Q1363688</value></Data>
<Data name="type"><value>[&quot;polis&quot;]</value></Data>
<Data name="passages"><value>[&quot;1.27.10&quot;,&quot;1.27.9&quot;,&quot;1.29.11&quot;,&quot;1.37.5&quot;,&quot;1.39.4&quot;,&quot;1.44.10&quot;,&quot;1.44.6&quot;,&quot;10.11.6&quot;,&quot;10.5.3&quot;,&quot;10.8.5&quot;,&quot;10.9.10&quot;,&quot;2.1.1&quot;,&quot;2.1.2&quot;,&quot;2.1.6&quot;,&quot;2.15.1&quot;,&quot;2.2.2&quot;,&quot;2.2.4&quot;,&quot;2.2.5&quot;,&quot;2.2.6&quot;,&quot;2.28.8&quot;,&quot;2.3.1&quot;,&quot;2.3.10&quot;,&quot;2.3.11&quot;,&quot;2.3.5&quot;,&quot;2.3.7&quot;,&quot;2.31.9&quot;,&quot;2.4.3&quot;,&quot;2.4.4&quot;,&quot;2.4.6&quot;,&quot;2.5.1&quot;,&quot;2.5.5&quot;,&quot;2.6.1&quot;,&quot;2.7.2&quot;,&quot;2.8.4&quot;,&quot;2.8.5&quot;,&quot;3.10.1&quot;,&quot;3.5.7&quot;,&quot;4.17.5&quot;,&quot;5.10.5&quot;,&quot;5.17.5&quot;,&quot;6.2.2&quot;,&quot;7.14.1&quot;,&quot;7.14.2&quot;,&quot;7.14.5&quot;,&quot;7.15.10&quot;,&quot;7.16.4&quot;,&quot;7.16.7&quot;,&quot;7.27.6&quot;,&quot;7.6.7&quot;,&quot;7.7.6&quot;,&quot;7.8.1&quot;,&quot;7.8.2&quot;,&quot;9.26.2&quot;,&quot;9.6.4&quot;,&quot;9.9.4&quot;]</value></Data>
<Data name="Pleiades"><value>https://pleiades.stoa.org/places/570182</value></Data>
<Data name="ToposText"><value>https://topostext.org/place/379229PKor</value></Data>
</ExtendedData>
        <Point><coordinates>22.8802,37.9054</coordinates></Point>
      </Placemark>

      <Placemark>
        <name>Poseidion</name>
        <ExtendedData>
<Data name="name"><value>Poseidion</value></Data>
<Data name="region"><value>Achaia Bk7</value></Data>
<Data name="part of"><value>Pellene</value></Data>
<Data name="location"><value>Pellene</value></Data>
<Data name="altname"><value>abandoned deme of Pellene, sacred to Poseidon</value></Data>
<Data name="type"><value>[&quot;demos&quot;]</value></Data>
<Data name="passages"><value>[&quot;7.27.8&quot;]</value></Data>
<Data name="Manto"><value>https://resource.manto.unh.edu/11297170</value></Data>
<Data name="Pleiades"><value>https://pleiades.stoa.org/places/573477</value></Data>
</ExtendedData>
        <Point><coordinates>22.5384,38.0446</coordinates></Point>
      </Placemark>

      <Placemark>
        <name>Sanctuary of Dionysus at Aigion, with theater</name>
        <ExtendedData>
<Data name="name"><value>Sanctuary of Dionysus at Aigion, with theater</value></Data>
<Data name="region"><value>Achaia Bk7</value></Data>
<Data name="part of"><value>Aigion (Achaia)</value></Data>
<Data name="location"><value>Aigion (Achaia)</value></Data>
<Data name="Wikidata"><value>https://wikidata.org/wiki/Q134036958</value></Data>
<Data name="type"><value>[&quot;hieron&quot;]</value></Data>
<Data name="passages"><value>[&quot;7.23.9&quot;]</value></Data>
</ExtendedData>
        <Point><coordinates>22.09,38.252</coordinates></Point>
      </Placemark>

      <Placemark>
        <name>Marathon deme</name>
        <ExtendedData>
<Data name="name"><value>Marathon deme</value></Data>
<Data name="region"><value>Attica Bk1</value></Data>
<Data name="part of"><value>Attica Bk1</value></Data>
<Data name="Wikidata"><value>https://wikidata.org/wiki/Q13423602</value></Data>
<Data name="type"><value>[&quot;chora/region&quot;,&quot;demos&quot;]</value></Data>
<Data name="passages"><value>[&quot;1.14.5&quot;,&quot;1.17.6&quot;,&quot;1.27.10&quot;,&quot;1.28.2&quot;,&quot;1.28.4&quot;,&quot;1.29.4&quot;,&quot;1.32.3&quot;,&quot;1.32.4&quot;,&quot;1.33.1&quot;,&quot;1.33.2&quot;,&quot;2.1.1&quot;,&quot;2.29.4&quot;,&quot;4.25.5&quot;,&quot;5.11.6&quot;,&quot;7.15.7&quot;,&quot;9.1.3&quot;,&quot;9.32.9&quot;,&quot;9.4.1&quot;,&quot;9.4.2&quot;]</value></Data>
<Data name="Pleiades"><value>https://pleiades.stoa.org/places/580021</value></Data>
</ExtendedData>
        <Point><coordinates>23.970146000000003,38.1465515</coordinates></Point>
      </Placemark>

      <Placemark>
        <name>sanctuary of Asclepius at Aigion</name>
        <ExtendedData>
<Data name="name"><value>sanctuary of Asclepius at Aigion</value></Data>
<Data name="region"><value>Achaia Bk7</value></Data>
<Data name="part of"><value>Aigion (Achaia)</value></Data>
<Data name="location"><value>Aigion (Achaia)</value></Data>
<Data name="altname"><value>precinct of Asklepios at Aigion</value></Data>
<Data name="Wikidata"><value>https://wikidata.org/wiki/Q134036969</value></Data>
<Data name="type"><value>[&quot;hieron&quot;,&quot;temenos&quot;]</value></Data>
<Data name="passages"><value>[&quot;7.23.7&quot;]</value></Data>
</ExtendedData>
        <Point><coordinates>22.09,38.252</coordinates></Point>
      </Placemark>

      <Placemark>
        <name>Temple of Nemesis at Patrae</name>
        <ExtendedData>
<Data name="name"><value>Temple of Nemesis at Patrae</value></Data>
<Data name="region"><value>Achaia Bk7</value></Data>
<Data name="part of"><value>Patrae</value></Data>
<Data name="location"><value>Patrae</value></Data>
<Data name="type"><value>[&quot;temple&quot;]</value></Data>
<Data name="passages"><value>[&quot;7.20.9&quot;]</value></Data>
</ExtendedData>
        <Point><coordinates>21.738518,38.243265</coordinates></Point>
      </Placemark>

      <Placemark>
        <name>Aristonautai</name>
        <ExtendedData>
<Data name="name"><value>Aristonautai</value></Data>
<Data name="region"><value>Sikyonia Bk2</value></Data>
<Data name="part of"><value>Sikyonia Bk2</value></Data>
<Data name="Wikidata"><value>https://wikidata.org/wiki/Q16326973</value></Data>
<Data name="type"><value>[&quot;port epineion&quot;]</value></Data>
<Data name="passages"><value>[&quot;2.12.2&quot;,&quot;7.26.14&quot;]</value></Data>
<Data name="Pleiades"><value>https://pleiades.stoa.org/places/570109</value></Data>
</ExtendedData>
        <Point><coordinates>22.635738,38.076814</coordinates></Point>
      </Placemark>

      <Placemark>
        <name>Aigion (Achaia)</name>
        <ExtendedData>
<Data name="name"><value>Aigion (Achaia)</value></Data>
<Data name="region"><value>Achaia Bk7</value></Data>
<Data name="part of"><value>Achaia Bk7</value></Data>
<Data name="Wikidata"><value>https://wikidata.org/wiki/Q60790078</value></Data>
<Data name="type"><value>[&quot;polis&quot;]</value></Data>
<Data name="passages"><value>[&quot;2.9.4&quot;,&quot;3.21.1&quot;,&quot;7.22.10&quot;,&quot;7.23.4&quot;,&quot;7.23.5&quot;,&quot;7.23.9&quot;,&quot;7.24.1&quot;,&quot;7.24.2&quot;,&quot;7.24.4&quot;,&quot;7.24.5&quot;,&quot;7.6.1&quot;,&quot;7.7.2&quot;]</value></Data>
<Data name="Pleiades"><value>https://pleiades.stoa.org/places/570049</value></Data>
<Data name="ToposText"><value>https://topostext.org/place/383221PAig</value></Data>
</ExtendedData>
        <Point><coordinates>22.09,38.252</coordinates></Point>
      </Placemark>

      <Placemark>
        <name>Aigion (Achaia)</name>
        <ExtendedData>
<Data name="name"><value>Aigion (Achaia)</value></Data>
<Data name="region"><value>Achaia Bk7</value></Data>
<Data name="part of"><value>Achaia Bk7</value></Data>
<Data name="Wikidata"><value>https://wikidata.org/wiki/Q60790078</value></Data>
<Data name="type"><value>[&quot;polis&quot;]</value></Data>
<Data name="passages"><value>[&quot;2.9.4&quot;,&quot;3.21.1&quot;,&quot;7.22.10&quot;,&quot;7.23.4&quot;,&quot;7.23.5&quot;,&quot;7.23.9&quot;,&quot;7.24.1&quot;,&quot;7.24.2&quot;,&quot;7.24.4&quot;,&quot;7.24.5&quot;,&quot;7.6.1&quot;,&quot;7.7.2&quot;]</value></Data>
<Data name="Pleiades"><value>https://pleiades.stoa.org/places/570049</value></Data>
<Data name="ToposText"><value>https://topostext.org/place/383221PAig</value></Data>
</ExtendedData>
        <Point><coordinates>22.09,38.252</coordinates></Point>
      </Placemark>

      <Placemark>
        <name>Aigion (Achaia)</name>
        <ExtendedData>
<Data name="name"><value>Aigion (Achaia)</value></Data>
<Data name="region"><value>Achaia Bk7</value></Data>
<Data name="part of"><value>Achaia Bk7</value></Data>
<Data name="Wikidata"><value>https://wikidata.org/wiki/Q60790078</value></Data>
<Data name="type"><value>[&quot;polis&quot;]</value></Data>
<Data name="passages"><value>[&quot;2.9.4&quot;,&quot;3.21.1&quot;,&quot;7.22.10&quot;,&quot;7.23.4&quot;,&quot;7.23.5&quot;,&quot;7.23.9&quot;,&quot;7.24.1&quot;,&quot;7.24.2&quot;,&quot;7.24.4&quot;,&quot;7.24.5&quot;,&quot;7.6.1&quot;,&quot;7.7.2&quot;]</value></Data>
<Data name="Pleiades"><value>https://pleiades.stoa.org/places/570049</value></Data>
<Data name="ToposText"><value>https://topostext.org/place/383221PAig</value></Data>
</ExtendedData>
        <Point><coordinates>22.09,38.252</coordinates></Point>
      </Placemark>

      <Placemark>
        <name>Aigion (Achaia)</name>
        <ExtendedData>
<Data name="name"><value>Aigion (Achaia)</value></Data>
<Data name="region"><value>Achaia Bk7</value></Data>
<Data name="part of"><value>Achaia Bk7</value></Data>
<Data name="Wikidata"><value>https://wikidata.org/wiki/Q60790078</value></Data>
<Data name="type"><value>[&quot;polis&quot;]</value></Data>
<Data name="passages"><value>[&quot;2.9.4&quot;,&quot;3.21.1&quot;,&quot;7.22.10&quot;,&quot;7.23.4&quot;,&quot;7.23.5&quot;,&quot;7.23.9&quot;,&quot;7.24.1&quot;,&quot;7.24.2&quot;,&quot;7.24.4&quot;,&quot;7.24.5&quot;,&quot;7.6.1&quot;,&quot;7.7.2&quot;]</value></Data>
<Data name="Pleiades"><value>https://pleiades.stoa.org/places/570049</value></Data>
<Data name="ToposText"><value>https://topostext.org/place/383221PAig</value></Data>
</ExtendedData>
        <Point><coordinates>22.09,38.252</coordinates></Point>
      </Placemark>

      <Placemark>
        <name>Aigion (Achaia)</name>
        <ExtendedData>
<Data name="name"><value>Aigion (Achaia)</value></Data>
<Data name="region"><value>Achaia Bk7</value></Data>
<Data name="part of"><value>Achaia Bk7</value></Data>
<Data name="Wikidata"><value>https://wikidata.org/wiki/Q60790078</value></Data>
<Data name="type"><value>[&quot;polis&quot;]</value></Data>
<Data name="passages"><value>[&quot;2.9.4&quot;,&quot;3.21.1&quot;,&quot;7.22.10&quot;,&quot;7.23.4&quot;,&quot;7.23.5&quot;,&quot;7.23.9&quot;,&quot;7.24.1&quot;,&quot;7.24.2&quot;,&quot;7.24.4&quot;,&quot;7.24.5&quot;,&quot;7.6.1&quot;,&quot;7.7.2&quot;]</value></Data>
<Data name="Pleiades"><value>https://pleiades.stoa.org/places/570049</value></Data>
<Data name="ToposText"><value>https://topostext.org/place/383221PAig</value></Data>
</ExtendedData>
        <Point><coordinates>22.09,38.252</coordinates></Point>
      </Placemark>

      <Placemark>
        <name>Aigion (Achaia)</name>
        <ExtendedData>
<Data name="name"><value>Aigion (Achaia)</value></Data>
<Data name="region"><value>Achaia Bk7</value></Data>
<Data name="part of"><value>Achaia Bk7</value></Data>
<Data name="Wikidata"><value>https://wikidata.org/wiki/Q60790078</value></Data>
<Data name="type"><value>[&quot;polis&quot;]</value></Data>
<Data name="passages"><value>[&quot;2.9.4&quot;,&quot;3.21.1&quot;,&quot;7.22.10&quot;,&quot;7.23.4&quot;,&quot;7.23.5&quot;,&quot;7.23.9&quot;,&quot;7.24.1&quot;,&quot;7.24.2&quot;,&quot;7.24.4&quot;,&quot;7.24.5&quot;,&quot;7.6.1&quot;,&quot;7.7.2&quot;]</value></Data>
<Data name="Pleiades"><value>https://pleiades.stoa.org/places/570049</value></Data>
<Data name="ToposText"><value>https://topostext.org/place/383221PAig</value></Data>
</ExtendedData>
        <Point><coordinates>22.09,38.252</coordinates></Point>
      </Placemark>

      <Placemark>
        <name>Aigion (Achaia)</name>
        <ExtendedData>
<Data name="name"><value>Aigion (Achaia)</value></Data>
<Data name="region"><value>Achaia Bk7</value></Data>
<Data name="part of"><value>Achaia Bk7</value></Data>
<Data name="Wikidata"><value>https://wikidata.org/wiki/Q60790078</value></Data>
<Data name="type"><value>[&quot;polis&quot;]</value></Data>
<Data name="passages"><value>[&quot;2.9.4&quot;,&quot;3.21.1&quot;,&quot;7.22.10&quot;,&quot;7.23.4&quot;,&quot;7.23.5&quot;,&quot;7.23.9&quot;,&quot;7.24.1&quot;,&quot;7.24.2&quot;,&quot;7.24.4&quot;,&quot;7.24.5&quot;,&quot;7.6.1&quot;,&quot;7.7.2&quot;]</value></Data>
<Data name="Pleiades"><value>https://pleiades.stoa.org/places/570049</value></Data>
<Data name="ToposText"><value>https://topostext.org/place/383221PAig</value></Data>
</ExtendedData>
        <Point><coordinates>22.09,38.252</coordinates></Point>
      </Placemark>

      <Placemark>
        <name>Aigion (Achaia)</name>
        <ExtendedData>
<Data name="name"><value>Aigion (Achaia)</value></Data>
<Data name="region"><value>Achaia Bk7</value></Data>
<Data name="part of"><value>Achaia Bk7</value></Data>
<Data name="Wikidata"><value>https://wikidata.org/wiki/Q60790078</value></Data>
<Data name="type"><value>[&quot;polis&quot;]</value></Data>
<Data name="passages"><value>[&quot;2.9.4&quot;,&quot;3.21.1&quot;,&quot;7.22.10&quot;,&quot;7.23.4&quot;,&quot;7.23.5&quot;,&quot;7.23.9&quot;,&quot;7.24.1&quot;,&quot;7.24.2&quot;,&quot;7.24.4&quot;,&quot;7.24.5&quot;,&quot;7.6.1&quot;,&quot;7.7.2&quot;]</value></Data>
<Data name="Pleiades"><value>https://pleiades.stoa.org/places/570049</value></Data>
<Data name="ToposText"><value>https://topostext.org/place/383221PAig</value></Data>
</ExtendedData>
        <Point><coordinates>22.09,38.252</coordinates></Point>
      </Placemark>

      <Placemark>
        <name>Aigion (Achaia)</name>
        <ExtendedData>
<Data name="name"><value>Aigion (Achaia)</value></Data>
<Data name="region"><value>Achaia Bk7</value></Data>
<Data name="part of"><value>Achaia Bk7</value></Data>
<Data name="Wikidata"><value>https://wikidata.org/wiki/Q60790078</value></Data>
<Data name="type"><value>[&quot;polis&quot;]</value></Data>
<Data name="passages"><value>[&quot;2.9.4&quot;,&quot;3.21.1&quot;,&quot;7.22.10&quot;,&quot;7.23.4&quot;,&quot;7.23.5&quot;,&quot;7.23.9&quot;,&quot;7.24.1&quot;,&quot;7.24.2&quot;,&quot;7.24.4&quot;,&quot;7.24.5&quot;,&quot;7.6.1&quot;,&quot;7.7.2&quot;]</value></Data>
<Data name="Pleiades"><value>https://pleiades.stoa.org/places/570049</value></Data>
<Data name="ToposText"><value>https://topostext.org/place/383221PAig</value></Data>
</ExtendedData>
        <Point><coordinates>22.09,38.252</coordinates></Point>
      </Placemark>

      <Placemark>
        <name>Aigion (Achaia)</name>
        <ExtendedData>
<Data name="name"><value>Aigion (Achaia)</value></Data>
<Data name="region"><value>Achaia Bk7</value></Data>
<Data name="part of"><value>Achaia Bk7</value></Data>
<Data name="Wikidata"><value>https://wikidata.org/wiki/Q60790078</value></Data>
<Data name="type"><value>[&quot;polis&quot;]</value></Data>
<Data name="passages"><value>[&quot;2.9.4&quot;,&quot;3.21.1&quot;,&quot;7.22.10&quot;,&quot;7.23.4&quot;,&quot;7.23.5&quot;,&quot;7.23.9&quot;,&quot;7.24.1&quot;,&quot;7.24.2&quot;,&quot;7.24.4&quot;,&quot;7.24.5&quot;,&quot;7.6.1&quot;,&quot;7.7.2&quot;]</value></Data>
<Data name="Pleiades"><value>https://pleiades.stoa.org/places/570049</value></Data>
<Data name="ToposText"><value>https://topostext.org/place/383221PAig</value></Data>
</ExtendedData>
        <Point><coordinates>22.09,38.252</coordinates></Point>
      </Placemark>

      <Placemark>
        <name>Argos (Argolid)</name>
        <ExtendedData>
<Data name="name"><value>Argos (Argolid)</value></Data>
<Data name="region"><value>Argolid Bk2</value></Data>
<Data name="part of"><value>Argolid Bk2</value></Data>
<Data name="Wikidata"><value>https://wikidata.org/wiki/Q13533353</value></Data>
<Data name="type"><value>[&quot;polis&quot;]</value></Data>
<Data name="passages"><value>[&quot;1.13.7&quot;,&quot;1.13.8&quot;,&quot;1.14.2&quot;,&quot;1.25.4&quot;,&quot;1.27.10&quot;,&quot;1.33.1&quot;,&quot;1.41.1&quot;,&quot;1.43.7&quot;,&quot;1.43.8&quot;,&quot;10.10.5&quot;,&quot;10.35.1&quot;,&quot;10.8.5&quot;,&quot;2.13.1&quot;,&quot;2.15.1&quot;,&quot;2.15.2&quot;,&quot;2.15.4&quot;,&quot;2.16.1&quot;,&quot;2.16.2&quot;,&quot;2.16.3&quot;,&quot;2.18.1&quot;,&quot;2.18.5&quot;,&quot;2.18.7&quot;,&quot;2.18.8&quot;,&quot;2.19.3&quot;,&quot;2.20.4&quot;,&quot;2.20.5&quot;,&quot;2.20.8&quot;,&quot;2.21.7&quot;,&quot;2.22.4&quot;,&quot;2.22.6&quot;,&quot;2.22.8&quot;,&quot;2.23.1&quot;,&quot;2.23.5&quot;,&quot;2.24.5&quot;,&quot;2.25.1&quot;,&quot;2.25.2&quot;,&quot;2.25.5&quot;,&quot;2.25.7&quot;,&quot;2.25.8&quot;,&quot;2.28.4&quot;,&quot;2.30.10&quot;,&quot;2.34.4&quot;,&quot;2.34.5&quot;,&quot;2.35.2&quot;,&quot;2.36.6&quot;,&quot;2.38.1&quot;,&quot;2.4.2&quot;,&quot;2.6.6&quot;,&quot;2.8.6&quot;,&quot;3.1.4&quot;,&quot;3.1.5&quot;,&quot;3.9.1&quot;,&quot;4.1.1&quot;,&quot;4.1.2&quot;,&quot;4.10.6&quot;,&quot;4.12.3&quot;,&quot;4.14.1&quot;,&quot;4.14.8&quot;,&quot;4.15.7&quot;,&quot;4.17.5&quot;,&quot;4.3.3&quot;,&quot;4.35.2&quot;,&quot;4.8.8&quot;,&quot;6.13.7&quot;,&quot;6.2.2&quot;,&quot;6.9.3&quot;,&quot;7.1.5&quot;,&quot;7.1.6&quot;,&quot;7.1.7&quot;,&quot;7.14.1&quot;,&quot;7.17.1&quot;,&quot;7.20.8&quot;,&quot;7.23.10&quot;,&quot;7.4.4&quot;,&quot;7.6.3&quot;,&quot;8.24.8&quot;,&quot;8.27.1&quot;,&quot;8.5.7&quot;,&quot;8.54.5&quot;,&quot;9.25.1&quot;,&quot;9.36.6&quot;,&quot;9.36.7&quot;,&quot;9.5.12&quot;]</value></Data>
<Data name="Pleiades"><value>https://pleiades.stoa.org/places/570106</value></Data>
<Data name="ToposText"><value>https://topostext.org/place/376227PArg</value></Data>
</ExtendedData>
        <Point><coordinates>22.7195,37.6316</coordinates></Point>
      </Placemark>

      <Placemark>
        <name>Argos (Argolid)</name>
        <ExtendedData>
<Data name="name"><value>Argos (Argolid)</value></Data>
<Data name="region"><value>Argolid Bk2</value></Data>
<Data name="part of"><value>Argolid Bk2</value></Data>
<Data name="Wikidata"><value>https://wikidata.org/wiki/Q13533353</value></Data>
<Data name="type"><value>[&quot;polis&quot;]</value></Data>
<Data name="passages"><value>[&quot;1.13.7&quot;,&quot;1.13.8&quot;,&quot;1.14.2&quot;,&quot;1.25.4&quot;,&quot;1.27.10&quot;,&quot;1.33.1&quot;,&quot;1.41.1&quot;,&quot;1.43.7&quot;,&quot;1.43.8&quot;,&quot;10.10.5&quot;,&quot;10.35.1&quot;,&quot;10.8.5&quot;,&quot;2.13.1&quot;,&quot;2.15.1&quot;,&quot;2.15.2&quot;,&quot;2.15.4&quot;,&quot;2.16.1&quot;,&quot;2.16.2&quot;,&quot;2.16.3&quot;,&quot;2.18.1&quot;,&quot;2.18.5&quot;,&quot;2.18.7&quot;,&quot;2.18.8&quot;,&quot;2.19.3&quot;,&quot;2.20.4&quot;,&quot;2.20.5&quot;,&quot;2.20.8&quot;,&quot;2.21.7&quot;,&quot;2.22.4&quot;,&quot;2.22.6&quot;,&quot;2.22.8&quot;,&quot;2.23.1&quot;,&quot;2.23.5&quot;,&quot;2.24.5&quot;,&quot;2.25.1&quot;,&quot;2.25.2&quot;,&quot;2.25.5&quot;,&quot;2.25.7&quot;,&quot;2.25.8&quot;,&quot;2.28.4&quot;,&quot;2.30.10&quot;,&quot;2.34.4&quot;,&quot;2.34.5&quot;,&quot;2.35.2&quot;,&quot;2.36.6&quot;,&quot;2.38.1&quot;,&quot;2.4.2&quot;,&quot;2.6.6&quot;,&quot;2.8.6&quot;,&quot;3.1.4&quot;,&quot;3.1.5&quot;,&quot;3.9.1&quot;,&quot;4.1.1&quot;,&quot;4.1.2&quot;,&quot;4.10.6&quot;,&quot;4.12.3&quot;,&quot;4.14.1&quot;,&quot;4.14.8&quot;,&quot;4.15.7&quot;,&quot;4.17.5&quot;,&quot;4.3.3&quot;,&quot;4.35.2&quot;,&quot;4.8.8&quot;,&quot;6.13.7&quot;,&quot;6.2.2&quot;,&quot;6.9.3&quot;,&quot;7.1.5&quot;,&quot;7.1.6&quot;,&quot;7.1.7&quot;,&quot;7.14.1&quot;,&quot;7.17.1&quot;,&quot;7.20.8&quot;,&quot;7.23.10&quot;,&quot;7.4.4&quot;,&quot;7.6.3&quot;,&quot;8.24.8&quot;,&quot;8.27.1&quot;,&quot;8.5.7&quot;,&quot;8.54.5&quot;,&quot;9.25.1&quot;,&quot;9.36.6&quot;,&quot;9.36.7&quot;,&quot;9.5.12&quot;]</value></Data>
<Data name="Pleiades"><value>https://pleiades.stoa.org/places/570106</value></Data>
<Data name="ToposText"><value>https://topostext.org/place/376227PArg</value></Data>
</ExtendedData>
        <Point><coordinates>22.7195,37.6316</coordinates></Point>
      </Placemark>

      <Placemark>
        <name>Argos (Argolid)</name>
        <ExtendedData>
<Data name="name"><value>Argos (Argolid)</value></Data>
<Data name="region"><value>Argolid Bk2</value></Data>
<Data name="part of"><value>Argolid Bk2</value></Data>
<Data name="Wikidata"><value>https://wikidata.org/wiki/Q13533353</value></Data>
<Data name="type"><value>[&quot;polis&quot;]</value></Data>
<Data name="passages"><value>[&quot;1.13.7&quot;,&quot;1.13.8&quot;,&quot;1.14.2&quot;,&quot;1.25.4&quot;,&quot;1.27.10&quot;,&quot;1.33.1&quot;,&quot;1.41.1&quot;,&quot;1.43.7&quot;,&quot;1.43.8&quot;,&quot;10.10.5&quot;,&quot;10.35.1&quot;,&quot;10.8.5&quot;,&quot;2.13.1&quot;,&quot;2.15.1&quot;,&quot;2.15.2&quot;,&quot;2.15.4&quot;,&quot;2.16.1&quot;,&quot;2.16.2&quot;,&quot;2.16.3&quot;,&quot;2.18.1&quot;,&quot;2.18.5&quot;,&quot;2.18.7&quot;,&quot;2.18.8&quot;,&quot;2.19.3&quot;,&quot;2.20.4&quot;,&quot;2.20.5&quot;,&quot;2.20.8&quot;,&quot;2.21.7&quot;,&quot;2.22.4&quot;,&quot;2.22.6&quot;,&quot;2.22.8&quot;,&quot;2.23.1&quot;,&quot;2.23.5&quot;,&quot;2.24.5&quot;,&quot;2.25.1&quot;,&quot;2.25.2&quot;,&quot;2.25.5&quot;,&quot;2.25.7&quot;,&quot;2.25.8&quot;,&quot;2.28.4&quot;,&quot;2.30.10&quot;,&quot;2.34.4&quot;,&quot;2.34.5&quot;,&quot;2.35.2&quot;,&quot;2.36.6&quot;,&quot;2.38.1&quot;,&quot;2.4.2&quot;,&quot;2.6.6&quot;,&quot;2.8.6&quot;,&quot;3.1.4&quot;,&quot;3.1.5&quot;,&quot;3.9.1&quot;,&quot;4.1.1&quot;,&quot;4.1.2&quot;,&quot;4.10.6&quot;,&quot;4.12.3&quot;,&quot;4.14.1&quot;,&quot;4.14.8&quot;,&quot;4.15.7&quot;,&quot;4.17.5&quot;,&quot;4.3.3&quot;,&quot;4.35.2&quot;,&quot;4.8.8&quot;,&quot;6.13.7&quot;,&quot;6.2.2&quot;,&quot;6.9.3&quot;,&quot;7.1.5&quot;,&quot;7.1.6&quot;,&quot;7.1.7&quot;,&quot;7.14.1&quot;,&quot;7.17.1&quot;,&quot;7.20.8&quot;,&quot;7.23.10&quot;,&quot;7.4.4&quot;,&quot;7.6.3&quot;,&quot;8.24.8&quot;,&quot;8.27.1&quot;,&quot;8.5.7&quot;,&quot;8.54.5&quot;,&quot;9.25.1&quot;,&quot;9.36.6&quot;,&quot;9.36.7&quot;,&quot;9.5.12&quot;]</value></Data>
<Data name="Pleiades"><value>https://pleiades.stoa.org/places/570106</value></Data>
<Data name="ToposText"><value>https://topostext.org/place/376227PArg</value></Data>
</ExtendedData>
        <Point><coordinates>22.7195,37.6316</coordinates></Point>
      </Placemark>

      <Placemark>
        <name>Argos (Argolid)</name>
        <ExtendedData>
<Data name="name"><value>Argos (Argolid)</value></Data>
<Data name="region"><value>Argolid Bk2</value></Data>
<Data name="part of"><value>Argolid Bk2</value></Data>
<Data name="Wikidata"><value>https://wikidata.org/wiki/Q13533353</value></Data>
<Data name="type"><value>[&quot;polis&quot;]</value></Data>
<Data name="passages"><value>[&quot;1.13.7&quot;,&quot;1.13.8&quot;,&quot;1.14.2&quot;,&quot;1.25.4&quot;,&quot;1.27.10&quot;,&quot;1.33.1&quot;,&quot;1.41.1&quot;,&quot;1.43.7&quot;,&quot;1.43.8&quot;,&quot;10.10.5&quot;,&quot;10.35.1&quot;,&quot;10.8.5&quot;,&quot;2.13.1&quot;,&quot;2.15.1&quot;,&quot;2.15.2&quot;,&quot;2.15.4&quot;,&quot;2.16.1&quot;,&quot;2.16.2&quot;,&quot;2.16.3&quot;,&quot;2.18.1&quot;,&quot;2.18.5&quot;,&quot;2.18.7&quot;,&quot;2.18.8&quot;,&quot;2.19.3&quot;,&quot;2.20.4&quot;,&quot;2.20.5&quot;,&quot;2.20.8&quot;,&quot;2.21.7&quot;,&quot;2.22.4&quot;,&quot;2.22.6&quot;,&quot;2.22.8&quot;,&quot;2.23.1&quot;,&quot;2.23.5&quot;,&quot;2.24.5&quot;,&quot;2.25.1&quot;,&quot;2.25.2&quot;,&quot;2.25.5&quot;,&quot;2.25.7&quot;,&quot;2.25.8&quot;,&quot;2.28.4&quot;,&quot;2.30.10&quot;,&quot;2.34.4&quot;,&quot;2.34.5&quot;,&quot;2.35.2&quot;,&quot;2.36.6&quot;,&quot;2.38.1&quot;,&quot;2.4.2&quot;,&quot;2.6.6&quot;,&quot;2.8.6&quot;,&quot;3.1.4&quot;,&quot;3.1.5&quot;,&quot;3.9.1&quot;,&quot;4.1.1&quot;,&quot;4.1.2&quot;,&quot;4.10.6&quot;,&quot;4.12.3&quot;,&quot;4.14.1&quot;,&quot;4.14.8&quot;,&quot;4.15.7&quot;,&quot;4.17.5&quot;,&quot;4.3.3&quot;,&quot;4.35.2&quot;,&quot;4.8.8&quot;,&quot;6.13.7&quot;,&quot;6.2.2&quot;,&quot;6.9.3&quot;,&quot;7.1.5&quot;,&quot;7.1.6&quot;,&quot;7.1.7&quot;,&quot;7.14.1&quot;,&quot;7.17.1&quot;,&quot;7.20.8&quot;,&quot;7.23.10&quot;,&quot;7.4.4&quot;,&quot;7.6.3&quot;,&quot;8.24.8&quot;,&quot;8.27.1&quot;,&quot;8.5.7&quot;,&quot;8.54.5&quot;,&quot;9.25.1&quot;,&quot;9.36.6&quot;,&quot;9.36.7&quot;,&quot;9.5.12&quot;]</value></Data>
<Data name="Pleiades"><value>https://pleiades.stoa.org/places/570106</value></Data>
<Data name="ToposText"><value>https://topostext.org/place/376227PArg</value></Data>
</ExtendedData>
        <Point><coordinates>22.7195,37.6316</coordinates></Point>
      </Placemark>

      <Placemark>
        <name>Argos (Argolid)</name>
        <ExtendedData>
<Data name="name"><value>Argos (Argolid)</value></Data>
<Data name="region"><value>Argolid Bk2</value></Data>
<Data name="part of"><value>Argolid Bk2</value></Data>
<Data name="Wikidata"><value>https://wikidata.org/wiki/Q13533353</value></Data>
<Data name="type"><value>[&quot;polis&quot;]</value></Data>
<Data name="passages"><value>[&quot;1.13.7&quot;,&quot;1.13.8&quot;,&quot;1.14.2&quot;,&quot;1.25.4&quot;,&quot;1.27.10&quot;,&quot;1.33.1&quot;,&quot;1.41.1&quot;,&quot;1.43.7&quot;,&quot;1.43.8&quot;,&quot;10.10.5&quot;,&quot;10.35.1&quot;,&quot;10.8.5&quot;,&quot;2.13.1&quot;,&quot;2.15.1&quot;,&quot;2.15.2&quot;,&quot;2.15.4&quot;,&quot;2.16.1&quot;,&quot;2.16.2&quot;,&quot;2.16.3&quot;,&quot;2.18.1&quot;,&quot;2.18.5&quot;,&quot;2.18.7&quot;,&quot;2.18.8&quot;,&quot;2.19.3&quot;,&quot;2.20.4&quot;,&quot;2.20.5&quot;,&quot;2.20.8&quot;,&quot;2.21.7&quot;,&quot;2.22.4&quot;,&quot;2.22.6&quot;,&quot;2.22.8&quot;,&quot;2.23.1&quot;,&quot;2.23.5&quot;,&quot;2.24.5&quot;,&quot;2.25.1&quot;,&quot;2.25.2&quot;,&quot;2.25.5&quot;,&quot;2.25.7&quot;,&quot;2.25.8&quot;,&quot;2.28.4&quot;,&quot;2.30.10&quot;,&quot;2.34.4&quot;,&quot;2.34.5&quot;,&quot;2.35.2&quot;,&quot;2.36.6&quot;,&quot;2.38.1&quot;,&quot;2.4.2&quot;,&quot;2.6.6&quot;,&quot;2.8.6&quot;,&quot;3.1.4&quot;,&quot;3.1.5&quot;,&quot;3.9.1&quot;,&quot;4.1.1&quot;,&quot;4.1.2&quot;,&quot;4.10.6&quot;,&quot;4.12.3&quot;,&quot;4.14.1&quot;,&quot;4.14.8&quot;,&quot;4.15.7&quot;,&quot;4.17.5&quot;,&quot;4.3.3&quot;,&quot;4.35.2&quot;,&quot;4.8.8&quot;,&quot;6.13.7&quot;,&quot;6.2.2&quot;,&quot;6.9.3&quot;,&quot;7.1.5&quot;,&quot;7.1.6&quot;,&quot;7.1.7&quot;,&quot;7.14.1&quot;,&quot;7.17.1&quot;,&quot;7.20.8&quot;,&quot;7.23.10&quot;,&quot;7.4.4&quot;,&quot;7.6.3&quot;,&quot;8.24.8&quot;,&quot;8.27.1&quot;,&quot;8.5.7&quot;,&quot;8.54.5&quot;,&quot;9.25.1&quot;,&quot;9.36.6&quot;,&quot;9.36.7&quot;,&quot;9.5.12&quot;]</value></Data>
<Data name="Pleiades"><value>https://pleiades.stoa.org/places/570106</value></Data>
<Data name="ToposText"><value>https://topostext.org/place/376227PArg</value></Data>
</ExtendedData>
        <Point><coordinates>22.7195,37.6316</coordinates></Point>
      </Placemark>

      <Placemark>
        <name>Argos (Argolid)</name>
        <ExtendedData>
<Data name="name"><value>Argos (Argolid)</value></Data>
<Data name="region"><value>Argolid Bk2</value></Data>
<Data name="part of"><value>Argolid Bk2</value></Data>
<Data name="Wikidata"><value>https://wikidata.org/wiki/Q13533353</value></Data>
<Data name="type"><value>[&quot;polis&quot;]</value></Data>
<Data name="passages"><value>[&quot;1.13.7&quot;,&quot;1.13.8&quot;,&quot;1.14.2&quot;,&quot;1.25.4&quot;,&quot;1.27.10&quot;,&quot;1.33.1&quot;,&quot;1.41.1&quot;,&quot;1.43.7&quot;,&quot;1.43.8&quot;,&quot;10.10.5&quot;,&quot;10.35.1&quot;,&quot;10.8.5&quot;,&quot;2.13.1&quot;,&quot;2.15.1&quot;,&quot;2.15.2&quot;,&quot;2.15.4&quot;,&quot;2.16.1&quot;,&quot;2.16.2&quot;,&quot;2.16.3&quot;,&quot;2.18.1&quot;,&quot;2.18.5&quot;,&quot;2.18.7&quot;,&quot;2.18.8&quot;,&quot;2.19.3&quot;,&quot;2.20.4&quot;,&quot;2.20.5&quot;,&quot;2.20.8&quot;,&quot;2.21.7&quot;,&quot;2.22.4&quot;,&quot;2.22.6&quot;,&quot;2.22.8&quot;,&quot;2.23.1&quot;,&quot;2.23.5&quot;,&quot;2.24.5&quot;,&quot;2.25.1&quot;,&quot;2.25.2&quot;,&quot;2.25.5&quot;,&quot;2.25.7&quot;,&quot;2.25.8&quot;,&quot;2.28.4&quot;,&quot;2.30.10&quot;,&quot;2.34.4&quot;,&quot;2.34.5&quot;,&quot;2.35.2&quot;,&quot;2.36.6&quot;,&quot;2.38.1&quot;,&quot;2.4.2&quot;,&quot;2.6.6&quot;,&quot;2.8.6&quot;,&quot;3.1.4&quot;,&quot;3.1.5&quot;,&quot;3.9.1&quot;,&quot;4.1.1&quot;,&quot;4.1.2&quot;,&quot;4.10.6&quot;,&quot;4.12.3&quot;,&quot;4.14.1&quot;,&quot;4.14.8&quot;,&quot;4.15.7&quot;,&quot;4.17.5&quot;,&quot;4.3.3&quot;,&quot;4.35.2&quot;,&quot;4.8.8&quot;,&quot;6.13.7&quot;,&quot;6.2.2&quot;,&quot;6.9.3&quot;,&quot;7.1.5&quot;,&quot;7.1.6&quot;,&quot;7.1.7&quot;,&quot;7.14.1&quot;,&quot;7.17.1&quot;,&quot;7.20.8&quot;,&quot;7.23.10&quot;,&quot;7.4.4&quot;,&quot;7.6.3&quot;,&quot;8.24.8&quot;,&quot;8.27.1&quot;,&quot;8.5.7&quot;,&quot;8.54.5&quot;,&quot;9.25.1&quot;,&quot;9.36.6&quot;,&quot;9.36.7&quot;,&quot;9.5.12&quot;]</value></Data>
<Data name="Pleiades"><value>https://pleiades.stoa.org/places/570106</value></Data>
<Data name="ToposText"><value>https://topostext.org/place/376227PArg</value></Data>
</ExtendedData>
        <Point><coordinates>22.7195,37.6316</coordinates></Point>
      </Placemark>

      <Placemark>
        <name>Argos (Argolid)</name>
        <ExtendedData>
<Data name="name"><value>Argos (Argolid)</value></Data>
<Data name="region"><value>Argolid Bk2</value></Data>
<Data name="part of"><value>Argolid Bk2</value></Data>
<Data name="Wikidata"><value>https://wikidata.org/wiki/Q13533353</value></Data>
<Data name="type"><value>[&quot;polis&quot;]</value></Data>
<Data name="passages"><value>[&quot;1.13.7&quot;,&quot;1.13.8&quot;,&quot;1.14.2&quot;,&quot;1.25.4&quot;,&quot;1.27.10&quot;,&quot;1.33.1&quot;,&quot;1.41.1&quot;,&quot;1.43.7&quot;,&quot;1.43.8&quot;,&quot;10.10.5&quot;,&quot;10.35.1&quot;,&quot;10.8.5&quot;,&quot;2.13.1&quot;,&quot;2.15.1&quot;,&quot;2.15.2&quot;,&quot;2.15.4&quot;,&quot;2.16.1&quot;,&quot;2.16.2&quot;,&quot;2.16.3&quot;,&quot;2.18.1&quot;,&quot;2.18.5&quot;,&quot;2.18.7&quot;,&quot;2.18.8&quot;,&quot;2.19.3&quot;,&quot;2.20.4&quot;,&quot;2.20.5&quot;,&quot;2.20.8&quot;,&quot;2.21.7&quot;,&quot;2.22.4&quot;,&quot;2.22.6&quot;,&quot;2.22.8&quot;,&quot;2.23.1&quot;,&quot;2.23.5&quot;,&quot;2.24.5&quot;,&quot;2.25.1&quot;,&quot;2.25.2&quot;,&quot;2.25.5&quot;,&quot;2.25.7&quot;,&quot;2.25.8&quot;,&quot;2.28.4&quot;,&quot;2.30.10&quot;,&quot;2.34.4&quot;,&quot;2.34.5&quot;,&quot;2.35.2&quot;,&quot;2.36.6&quot;,&quot;2.38.1&quot;,&quot;2.4.2&quot;,&quot;2.6.6&quot;,&quot;2.8.6&quot;,&quot;3.1.4&quot;,&quot;3.1.5&quot;,&quot;3.9.1&quot;,&quot;4.1.1&quot;,&quot;4.1.2&quot;,&quot;4.10.6&quot;,&quot;4.12.3&quot;,&quot;4.14.1&quot;,&quot;4.14.8&quot;,&quot;4.15.7&quot;,&quot;4.17.5&quot;,&quot;4.3.3&quot;,&quot;4.35.2&quot;,&quot;4.8.8&quot;,&quot;6.13.7&quot;,&quot;6.2.2&quot;,&quot;6.9.3&quot;,&quot;7.1.5&quot;,&quot;7.1.6&quot;,&quot;7.1.7&quot;,&quot;7.14.1&quot;,&quot;7.17.1&quot;,&quot;7.20.8&quot;,&quot;7.23.10&quot;,&quot;7.4.4&quot;,&quot;7.6.3&quot;,&quot;8.24.8&quot;,&quot;8.27.1&quot;,&quot;8.5.7&quot;,&quot;8.54.5&quot;,&quot;9.25.1&quot;,&quot;9.36.6&quot;,&quot;9.36.7&quot;,&quot;9.5.12&quot;]</value></Data>
<Data name="Pleiades"><value>https://pleiades.stoa.org/places/570106</value></Data>
<Data name="ToposText"><value>https://topostext.org/place/376227PArg</value></Data>
</ExtendedData>
        <Point><coordinates>22.7195,37.6316</coordinates></Point>
      </Placemark>

      <Placemark>
        <name>Argos (Argolid)</name>
        <ExtendedData>
<Data name="name"><value>Argos (Argolid)</value></Data>
<Data name="region"><value>Argolid Bk2</value></Data>
<Data name="part of"><value>Argolid Bk2</value></Data>
<Data name="Wikidata"><value>https://wikidata.org/wiki/Q13533353</value></Data>
<Data name="type"><value>[&quot;polis&quot;]</value></Data>
<Data name="passages"><value>[&quot;1.13.7&quot;,&quot;1.13.8&quot;,&quot;1.14.2&quot;,&quot;1.25.4&quot;,&quot;1.27.10&quot;,&quot;1.33.1&quot;,&quot;1.41.1&quot;,&quot;1.43.7&quot;,&quot;1.43.8&quot;,&quot;10.10.5&quot;,&quot;10.35.1&quot;,&quot;10.8.5&quot;,&quot;2.13.1&quot;,&quot;2.15.1&quot;,&quot;2.15.2&quot;,&quot;2.15.4&quot;,&quot;2.16.1&quot;,&quot;2.16.2&quot;,&quot;2.16.3&quot;,&quot;2.18.1&quot;,&quot;2.18.5&quot;,&quot;2.18.7&quot;,&quot;2.18.8&quot;,&quot;2.19.3&quot;,&quot;2.20.4&quot;,&quot;2.20.5&quot;,&quot;2.20.8&quot;,&quot;2.21.7&quot;,&quot;2.22.4&quot;,&quot;2.22.6&quot;,&quot;2.22.8&quot;,&quot;2.23.1&quot;,&quot;2.23.5&quot;,&quot;2.24.5&quot;,&quot;2.25.1&quot;,&quot;2.25.2&quot;,&quot;2.25.5&quot;,&quot;2.25.7&quot;,&quot;2.25.8&quot;,&quot;2.28.4&quot;,&quot;2.30.10&quot;,&quot;2.34.4&quot;,&quot;2.34.5&quot;,&quot;2.35.2&quot;,&quot;2.36.6&quot;,&quot;2.38.1&quot;,&quot;2.4.2&quot;,&quot;2.6.6&quot;,&quot;2.8.6&quot;,&quot;3.1.4&quot;,&quot;3.1.5&quot;,&quot;3.9.1&quot;,&quot;4.1.1&quot;,&quot;4.1.2&quot;,&quot;4.10.6&quot;,&quot;4.12.3&quot;,&quot;4.14.1&quot;,&quot;4.14.8&quot;,&quot;4.15.7&quot;,&quot;4.17.5&quot;,&quot;4.3.3&quot;,&quot;4.35.2&quot;,&quot;4.8.8&quot;,&quot;6.13.7&quot;,&quot;6.2.2&quot;,&quot;6.9.3&quot;,&quot;7.1.5&quot;,&quot;7.1.6&quot;,&quot;7.1.7&quot;,&quot;7.14.1&quot;,&quot;7.17.1&quot;,&quot;7.20.8&quot;,&quot;7.23.10&quot;,&quot;7.4.4&quot;,&quot;7.6.3&quot;,&quot;8.24.8&quot;,&quot;8.27.1&quot;,&quot;8.5.7&quot;,&quot;8.54.5&quot;,&quot;9.25.1&quot;,&quot;9.36.6&quot;,&quot;9.36.7&quot;,&quot;9.5.12&quot;]</value></Data>
<Data name="Pleiades"><value>https://pleiades.stoa.org/places/570106</value></Data>
<Data name="ToposText"><value>https://topostext.org/place/376227PArg</value></Data>
</ExtendedData>
        <Point><coordinates>22.7195,37.6316</coordinates></Point>
      </Placemark>

      <Placemark>
        <name>Argos (Argolid)</name>
        <ExtendedData>
<Data name="name"><value>Argos (Argolid)</value></Data>
<Data name="region"><value>Argolid Bk2</value></Data>
<Data name="part of"><value>Argolid Bk2</value></Data>
<Data name="Wikidata"><value>https://wikidata.org/wiki/Q13533353</value></Data>
<Data name="type"><value>[&quot;polis&quot;]</value></Data>
<Data name="passages"><value>[&quot;1.13.7&quot;,&quot;1.13.8&quot;,&quot;1.14.2&quot;,&quot;1.25.4&quot;,&quot;1.27.10&quot;,&quot;1.33.1&quot;,&quot;1.41.1&quot;,&quot;1.43.7&quot;,&quot;1.43.8&quot;,&quot;10.10.5&quot;,&quot;10.35.1&quot;,&quot;10.8.5&quot;,&quot;2.13.1&quot;,&quot;2.15.1&quot;,&quot;2.15.2&quot;,&quot;2.15.4&quot;,&quot;2.16.1&quot;,&quot;2.16.2&quot;,&quot;2.16.3&quot;,&quot;2.18.1&quot;,&quot;2.18.5&quot;,&quot;2.18.7&quot;,&quot;2.18.8&quot;,&quot;2.19.3&quot;,&quot;2.20.4&quot;,&quot;2.20.5&quot;,&quot;2.20.8&quot;,&quot;2.21.7&quot;,&quot;2.22.4&quot;,&quot;2.22.6&quot;,&quot;2.22.8&quot;,&quot;2.23.1&quot;,&quot;2.23.5&quot;,&quot;2.24.5&quot;,&quot;2.25.1&quot;,&quot;2.25.2&quot;,&quot;2.25.5&quot;,&quot;2.25.7&quot;,&quot;2.25.8&quot;,&quot;2.28.4&quot;,&quot;2.30.10&quot;,&quot;2.34.4&quot;,&quot;2.34.5&quot;,&quot;2.35.2&quot;,&quot;2.36.6&quot;,&quot;2.38.1&quot;,&quot;2.4.2&quot;,&quot;2.6.6&quot;,&quot;2.8.6&quot;,&quot;3.1.4&quot;,&quot;3.1.5&quot;,&quot;3.9.1&quot;,&quot;4.1.1&quot;,&quot;4.1.2&quot;,&quot;4.10.6&quot;,&quot;4.12.3&quot;,&quot;4.14.1&quot;,&quot;4.14.8&quot;,&quot;4.15.7&quot;,&quot;4.17.5&quot;,&quot;4.3.3&quot;,&quot;4.35.2&quot;,&quot;4.8.8&quot;,&quot;6.13.7&quot;,&quot;6.2.2&quot;,&quot;6.9.3&quot;,&quot;7.1.5&quot;,&quot;7.1.6&quot;,&quot;7.1.7&quot;,&quot;7.14.1&quot;,&quot;7.17.1&quot;,&quot;7.20.8&quot;,&quot;7.23.10&quot;,&quot;7.4.4&quot;,&quot;7.6.3&quot;,&quot;8.24.8&quot;,&quot;8.27.1&quot;,&quot;8.5.7&quot;,&quot;8.54.5&quot;,&quot;9.25.1&quot;,&quot;9.36.6&quot;,&quot;9.36.7&quot;,&quot;9.5.12&quot;]</value></Data>
<Data name="Pleiades"><value>https://pleiades.stoa.org/places/570106</value></Data>
<Data name="ToposText"><value>https://topostext.org/place/376227PArg</value></Data>
</ExtendedData>
        <Point><coordinates>22.7195,37.6316</coordinates></Point>
      </Placemark>

      <Placemark>
        <name>Sanctuary of Apollo at Aigeira</name>
        <ExtendedData>
<Data name="name"><value>Sanctuary of Apollo at Aigeira</value></Data>
<Data name="region"><value>Achaia Bk7</value></Data>
<Data name="part of"><value>Aigeira (Achaia)</value></Data>
<Data name="location"><value>Aigeira (Achaia)</value></Data>
<Data name="Wikidata"><value>https://wikidata.org/wiki/Q134037146</value></Data>
<Data name="type"><value>[&quot;hieron&quot;]</value></Data>
<Data name="passages"><value>[&quot;7.26.6&quot;]</value></Data>
</ExtendedData>
        <Point><coordinates>22.3777,38.1286</coordinates></Point>
      </Placemark>

      <Placemark>
        <name>Lechaion</name>
        <ExtendedData>
<Data name="name"><value>Lechaion</value></Data>
<Data name="region"><value>Corinthia Bk2</value></Data>
<Data name="part of"><value>Corinthia Bk2</value></Data>
<Data name="Wikidata"><value>https://wikidata.org/wiki/Q1811299</value></Data>
<Data name="type"><value>[&quot;harbor limen&quot;]</value></Data>
<Data name="passages"><value>[&quot;10.37.3&quot;,&quot;2.1.5&quot;,&quot;2.2.3&quot;,&quot;2.3.2&quot;,&quot;2.3.4&quot;,&quot;7.6.7&quot;,&quot;8.1.2&quot;,&quot;9.14.6&quot;,&quot;9.15.4&quot;]</value></Data>
<Data name="Pleiades"><value>https://pleiades.stoa.org/places/570420</value></Data>
</ExtendedData>
        <Point><coordinates>22.88807,37.93277</coordinates></Point>
      </Placemark>

      <Placemark>
        <name>Gymnasium of Pellene</name>
        <ExtendedData>
<Data name="name"><value>Gymnasium of Pellene</value></Data>
<Data name="region"><value>Achaia Bk7</value></Data>
<Data name="part of"><value>Pellene</value></Data>
<Data name="location"><value>Pellene</value></Data>
<Data name="type"><value>[&quot;gymnasium&quot;]</value></Data>
<Data name="passages"><value>[&quot;7.27.8&quot;]</value></Data>
</ExtendedData>
        <Point><coordinates>22.5384,38.0446</coordinates></Point>
      </Placemark>

      <Placemark>
        <name>Sanctuary of Demeter at Patrae</name>
        <ExtendedData>
<Data name="name"><value>Sanctuary of Demeter at Patrae</value></Data>
<Data name="region"><value>Achaia Bk7</value></Data>
<Data name="part of"><value>Patrae</value></Data>
<Data name="location"><value>Patrae</value></Data>
<Data name="Wikidata"><value>https://wikidata.org/wiki/Q134036799</value></Data>
<Data name="type"><value>[&quot;hieron&quot;]</value></Data>
<Data name="passages"><value>[&quot;7.21.12&quot;]</value></Data>
</ExtendedData>
        <Point><coordinates>21.738518,38.243265</coordinates></Point>
      </Placemark>

      <Placemark>
        <name>Heraion of Samos</name>
        <ExtendedData>
<Data name="name"><value>Heraion of Samos</value></Data>
<Data name="region"><value>Aegean Sea (Hellas)</value></Data>
<Data name="part of"><value>Samos (island)</value></Data>
<Data name="altname"><value>Heraeum of Samos</value></Data>
<Data name="Wikidata"><value>https://wikidata.org/wiki/Q841207</value></Data>
<Data name="type"><value>[&quot;hieron&quot;]</value></Data>
<Data name="passages"><value>[&quot;6.3.15&quot;,&quot;6.3.16&quot;,&quot;7.4.4&quot;,&quot;7.5.13&quot;,&quot;7.5.4&quot;,&quot;8.23.5&quot;]</value></Data>
<Data name="Pleiades"><value>https://pleiades.stoa.org/places/599641</value></Data>
<Data name="ToposText"><value>https://topostext.org/place/377269SHer</value></Data>
</ExtendedData>
        <Point><coordinates>26.8857,37.6718</coordinates></Point>
      </Placemark>

      <Placemark>
        <name>Heraion of Samos</name>
        <ExtendedData>
<Data name="name"><value>Heraion of Samos</value></Data>
<Data name="region"><value>Aegean Sea (Hellas)</value></Data>
<Data name="part of"><value>Samos (island)</value></Data>
<Data name="altname"><value>Heraeum of Samos</value></Data>
<Data name="Wikidata"><value>https://wikidata.org/wiki/Q841207</value></Data>
<Data name="type"><value>[&quot;hieron&quot;]</value></Data>
<Data name="passages"><value>[&quot;6.3.15&quot;,&quot;6.3.16&quot;,&quot;7.4.4&quot;,&quot;7.5.13&quot;,&quot;7.5.4&quot;,&quot;8.23.5&quot;]</value></Data>
<Data name="Pleiades"><value>https://pleiades.stoa.org/places/599641</value></Data>
<Data name="ToposText"><value>https://topostext.org/place/377269SHer</value></Data>
</ExtendedData>
        <Point><coordinates>26.8857,37.6718</coordinates></Point>
      </Placemark>

      <Placemark>
        <name>Heraion of Samos</name>
        <ExtendedData>
<Data name="name"><value>Heraion of Samos</value></Data>
<Data name="region"><value>Aegean Sea (Hellas)</value></Data>
<Data name="part of"><value>Samos (island)</value></Data>
<Data name="altname"><value>Heraeum of Samos</value></Data>
<Data name="Wikidata"><value>https://wikidata.org/wiki/Q841207</value></Data>
<Data name="type"><value>[&quot;hieron&quot;]</value></Data>
<Data name="passages"><value>[&quot;6.3.15&quot;,&quot;6.3.16&quot;,&quot;7.4.4&quot;,&quot;7.5.13&quot;,&quot;7.5.4&quot;,&quot;8.23.5&quot;]</value></Data>
<Data name="Pleiades"><value>https://pleiades.stoa.org/places/599641</value></Data>
<Data name="ToposText"><value>https://topostext.org/place/377269SHer</value></Data>
</ExtendedData>
        <Point><coordinates>26.8857,37.6718</coordinates></Point>
      </Placemark>

      <Placemark>
        <name>Temple of Olympian Zeus in agora of Patrae</name>
        <ExtendedData>
<Data name="name"><value>Temple of Olympian Zeus in agora of Patrae</value></Data>
<Data name="region"><value>Achaia Bk7</value></Data>
<Data name="part of"><value>Agora of Patrae</value></Data>
<Data name="location"><value>Agora of Patrae</value></Data>
<Data name="type"><value>[&quot;temple&quot;]</value></Data>
<Data name="passages"><value>[&quot;7.20.3&quot;]</value></Data>
</ExtendedData>
        <Point><coordinates>21.7404,38.2434</coordinates></Point>
      </Placemark>

      <Placemark>
        <name>Lamia</name>
        <ExtendedData>
<Data name="name"><value>Lamia</value></Data>
<Data name="region"><value>Hellas (Europe)</value></Data>
<Data name="part of"><value>Phthiotis</value></Data>
<Data name="Wikidata"><value>https://wikidata.org/wiki/Q192980</value></Data>
<Data name="type"><value>[&quot;settlement&quot;]</value></Data>
<Data name="passages"><value>[&quot;1.1.3&quot;,&quot;1.4.3&quot;,&quot;1.8.2&quot;,&quot;10.3.4&quot;,&quot;6.4.7&quot;,&quot;7.10.4&quot;,&quot;7.10.5&quot;,&quot;7.15.2&quot;,&quot;7.6.5&quot;]</value></Data>
<Data name="Pleiades"><value>https://pleiades.stoa.org/places/540902</value></Data>
</ExtendedData>
        <Point><coordinates>22.43516,38.9046</coordinates></Point>
      </Placemark>

      <Placemark>
        <name>Lamia</name>
        <ExtendedData>
<Data name="name"><value>Lamia</value></Data>
<Data name="region"><value>Hellas (Europe)</value></Data>
<Data name="part of"><value>Phthiotis</value></Data>
<Data name="Wikidata"><value>https://wikidata.org/wiki/Q192980</value></Data>
<Data name="type"><value>[&quot;settlement&quot;]</value></Data>
<Data name="passages"><value>[&quot;1.1.3&quot;,&quot;1.4.3&quot;,&quot;1.8.2&quot;,&quot;10.3.4&quot;,&quot;6.4.7&quot;,&quot;7.10.4&quot;,&quot;7.10.5&quot;,&quot;7.15.2&quot;,&quot;7.6.5&quot;]</value></Data>
<Data name="Pleiades"><value>https://pleiades.stoa.org/places/540902</value></Data>
</ExtendedData>
        <Point><coordinates>22.43516,38.9046</coordinates></Point>
      </Placemark>

      <Placemark>
        <name>Lamia</name>
        <ExtendedData>
<Data name="name"><value>Lamia</value></Data>
<Data name="region"><value>Hellas (Europe)</value></Data>
<Data name="part of"><value>Phthiotis</value></Data>
<Data name="Wikidata"><value>https://wikidata.org/wiki/Q192980</value></Data>
<Data name="type"><value>[&quot;settlement&quot;]</value></Data>
<Data name="passages"><value>[&quot;1.1.3&quot;,&quot;1.4.3&quot;,&quot;1.8.2&quot;,&quot;10.3.4&quot;,&quot;6.4.7&quot;,&quot;7.10.4&quot;,&quot;7.10.5&quot;,&quot;7.15.2&quot;,&quot;7.6.5&quot;]</value></Data>
<Data name="Pleiades"><value>https://pleiades.stoa.org/places/540902</value></Data>
</ExtendedData>
        <Point><coordinates>22.43516,38.9046</coordinates></Point>
      </Placemark>

      <Placemark>
        <name>Lamia</name>
        <ExtendedData>
<Data name="name"><value>Lamia</value></Data>
<Data name="region"><value>Hellas (Europe)</value></Data>
<Data name="part of"><value>Phthiotis</value></Data>
<Data name="Wikidata"><value>https://wikidata.org/wiki/Q192980</value></Data>
<Data name="type"><value>[&quot;settlement&quot;]</value></Data>
<Data name="passages"><value>[&quot;1.1.3&quot;,&quot;1.4.3&quot;,&quot;1.8.2&quot;,&quot;10.3.4&quot;,&quot;6.4.7&quot;,&quot;7.10.4&quot;,&quot;7.10.5&quot;,&quot;7.15.2&quot;,&quot;7.6.5&quot;]</value></Data>
<Data name="Pleiades"><value>https://pleiades.stoa.org/places/540902</value></Data>
</ExtendedData>
        <Point><coordinates>22.43516,38.9046</coordinates></Point>
      </Placemark>

      <Placemark>
        <name>Temple of Apollo and Artemis at Aigion, by the agora</name>
        <ExtendedData>
<Data name="name"><value>Temple of Apollo and Artemis at Aigion, by the agora</value></Data>
<Data name="region"><value>Achaia Bk7</value></Data>
<Data name="part of"><value>Agora of Aigion</value></Data>
<Data name="location"><value>Agora of Aigion</value></Data>
<Data name="type"><value>[&quot;temple&quot;]</value></Data>
<Data name="passages"><value>[&quot;7.24.1&quot;]</value></Data>
</ExtendedData>
        <Point><coordinates>22.09,38.252</coordinates></Point>
      </Placemark>

      <Placemark>
        <name>Sanctuary of Dionysus Aisymnetes at Patrae</name>
        <ExtendedData>
<Data name="name"><value>Sanctuary of Dionysus Aisymnetes at Patrae</value></Data>
<Data name="region"><value>Achaia Bk7</value></Data>
<Data name="part of"><value>Patrae</value></Data>
<Data name="location"><value>Patrae</value></Data>
<Data name="type"><value>[&quot;hieron&quot;]</value></Data>
<Data name="passages"><value>[&quot;7.20.2&quot;,&quot;7.21.6&quot;,&quot;7.21.7&quot;]</value></Data>
</ExtendedData>
        <Point><coordinates>21.738518,38.243265</coordinates></Point>
      </Placemark>

      <Placemark>
        <name>Sanctuary of Dionysus Aisymnetes at Patrae</name>
        <ExtendedData>
<Data name="name"><value>Sanctuary of Dionysus Aisymnetes at Patrae</value></Data>
<Data name="region"><value>Achaia Bk7</value></Data>
<Data name="part of"><value>Patrae</value></Data>
<Data name="location"><value>Patrae</value></Data>
<Data name="type"><value>[&quot;hieron&quot;]</value></Data>
<Data name="passages"><value>[&quot;7.20.2&quot;,&quot;7.21.6&quot;,&quot;7.21.7&quot;]</value></Data>
</ExtendedData>
        <Point><coordinates>21.738518,38.243265</coordinates></Point>
      </Placemark>

      <Placemark>
        <name>Sanctuary of Dionysus Aisymnetes at Patrae</name>
        <ExtendedData>
<Data name="name"><value>Sanctuary of Dionysus Aisymnetes at Patrae</value></Data>
<Data name="region"><value>Achaia Bk7</value></Data>
<Data name="part of"><value>Patrae</value></Data>
<Data name="location"><value>Patrae</value></Data>
<Data name="type"><value>[&quot;hieron&quot;]</value></Data>
<Data name="passages"><value>[&quot;7.20.2&quot;,&quot;7.21.6&quot;,&quot;7.21.7&quot;]</value></Data>
</ExtendedData>
        <Point><coordinates>21.738518,38.243265</coordinates></Point>
      </Placemark>

      <Placemark>
        <name>Plataea (Boeotia)</name>
        <ExtendedData>
<Data name="name"><value>Plataea (Boeotia)</value></Data>
<Data name="region"><value>Boiotia Bk9</value></Data>
<Data name="part of"><value>Plataiis</value></Data>
<Data name="altname"><value>Plataia</value></Data>
<Data name="Wikidata"><value>https://wikidata.org/wiki/Q742538</value></Data>
<Data name="type"><value>[&quot;battlefield&quot;,&quot;polis&quot;]</value></Data>
<Data name="passages"><value>[&quot;1.13.4&quot;,&quot;1.27.1&quot;,&quot;1.38.8&quot;,&quot;10.13.9&quot;,&quot;10.2.1&quot;,&quot;10.5.3&quot;,&quot;10.5.4&quot;,&quot;2.6.1&quot;,&quot;3.11.7&quot;,&quot;3.14.1&quot;,&quot;3.17.7&quot;,&quot;3.4.10&quot;,&quot;3.4.9&quot;,&quot;3.5.1&quot;,&quot;3.7.10&quot;,&quot;6.10.6&quot;,&quot;6.3.8&quot;,&quot;7.27.2&quot;,&quot;7.6.4&quot;,&quot;8.52.2&quot;,&quot;8.6.1&quot;,&quot;9.1.2&quot;,&quot;9.1.4&quot;,&quot;9.1.5&quot;,&quot;9.1.8&quot;,&quot;9.2.1&quot;,&quot;9.2.3&quot;,&quot;9.2.5&quot;,&quot;9.2.6&quot;,&quot;9.2.7&quot;,&quot;9.3.1&quot;,&quot;9.4.2&quot;,&quot;9.4.3&quot;,&quot;9.4.4&quot;,&quot;9.5.11&quot;,&quot;9.6.1&quot;,&quot;9.8.7&quot;]</value></Data>
<Data name="Pleiades"><value>https://pleiades.stoa.org/places/541063</value></Data>
<Data name="ToposText"><value>https://topostext.org/place/382233PPla</value></Data>
</ExtendedData>
        <Point><coordinates>23.2733,38.2213</coordinates></Point>
      </Placemark>

      <Placemark>
        <name>Plataea (Boeotia)</name>
        <ExtendedData>
<Data name="name"><value>Plataea (Boeotia)</value></Data>
<Data name="region"><value>Boiotia Bk9</value></Data>
<Data name="part of"><value>Plataiis</value></Data>
<Data name="altname"><value>Plataia</value></Data>
<Data name="Wikidata"><value>https://wikidata.org/wiki/Q742538</value></Data>
<Data name="type"><value>[&quot;battlefield&quot;,&quot;polis&quot;]</value></Data>
<Data name="passages"><value>[&quot;1.13.4&quot;,&quot;1.27.1&quot;,&quot;1.38.8&quot;,&quot;10.13.9&quot;,&quot;10.2.1&quot;,&quot;10.5.3&quot;,&quot;10.5.4&quot;,&quot;2.6.1&quot;,&quot;3.11.7&quot;,&quot;3.14.1&quot;,&quot;3.17.7&quot;,&quot;3.4.10&quot;,&quot;3.4.9&quot;,&quot;3.5.1&quot;,&quot;3.7.10&quot;,&quot;6.10.6&quot;,&quot;6.3.8&quot;,&quot;7.27.2&quot;,&quot;7.6.4&quot;,&quot;8.52.2&quot;,&quot;8.6.1&quot;,&quot;9.1.2&quot;,&quot;9.1.4&quot;,&quot;9.1.5&quot;,&quot;9.1.8&quot;,&quot;9.2.1&quot;,&quot;9.2.3&quot;,&quot;9.2.5&quot;,&quot;9.2.6&quot;,&quot;9.2.7&quot;,&quot;9.3.1&quot;,&quot;9.4.2&quot;,&quot;9.4.3&quot;,&quot;9.4.4&quot;,&quot;9.5.11&quot;,&quot;9.6.1&quot;,&quot;9.8.7&quot;]</value></Data>
<Data name="Pleiades"><value>https://pleiades.stoa.org/places/541063</value></Data>
<Data name="ToposText"><value>https://topostext.org/place/382233PPla</value></Data>
</ExtendedData>
        <Point><coordinates>23.2733,38.2213</coordinates></Point>
      </Placemark>

      <Placemark>
        <name>Lydia (province)</name>
        <ExtendedData>
<Data name="name"><value>Lydia (province)</value></Data>
<Data name="region"><value>Asia Minor (Asia)</value></Data>
<Data name="part of"><value>Asia Minor (Asia)</value></Data>
<Data name="Wikidata"><value>https://wikidata.org/wiki/Q620765</value></Data>
<Data name="type"><value>[&quot;chora/region&quot;]</value></Data>
<Data name="passages"><value>[&quot;5.27.5&quot;,&quot;7.17.9&quot;]</value></Data>
<Data name="Pleiades"><value>https://pleiades.stoa.org/places/991385</value></Data>
</ExtendedData>
        <Point><coordinates>27.5,37.5</coordinates></Point>
      </Placemark>

      <Placemark>
        <name>Boura</name>
        <ExtendedData>
<Data name="name"><value>Boura</value></Data>
<Data name="region"><value>Achaia Bk7</value></Data>
<Data name="part of"><value>Achaia Bk7</value></Data>
<Data name="Wikidata"><value>https://wikidata.org/wiki/Q3555318</value></Data>
<Data name="type"><value>[&quot;polis&quot;]</value></Data>
<Data name="passages"><value>[&quot;7.25.10&quot;,&quot;7.25.8&quot;,&quot;7.25.9&quot;,&quot;7.26.1&quot;,&quot;7.6.1&quot;]</value></Data>
<Data name="Pleiades"><value>https://pleiades.stoa.org/places/570166</value></Data>
</ExtendedData>
        <Point><coordinates>22.231166,38.142006</coordinates></Point>
      </Placemark>

      <Placemark>
        <name>Boura</name>
        <ExtendedData>
<Data name="name"><value>Boura</value></Data>
<Data name="region"><value>Achaia Bk7</value></Data>
<Data name="part of"><value>Achaia Bk7</value></Data>
<Data name="Wikidata"><value>https://wikidata.org/wiki/Q3555318</value></Data>
<Data name="type"><value>[&quot;polis&quot;]</value></Data>
<Data name="passages"><value>[&quot;7.25.10&quot;,&quot;7.25.8&quot;,&quot;7.25.9&quot;,&quot;7.26.1&quot;,&quot;7.6.1&quot;]</value></Data>
<Data name="Pleiades"><value>https://pleiades.stoa.org/places/570166</value></Data>
</ExtendedData>
        <Point><coordinates>22.231166,38.142006</coordinates></Point>
      </Placemark>

      <Placemark>
        <name>Boura</name>
        <ExtendedData>
<Data name="name"><value>Boura</value></Data>
<Data name="region"><value>Achaia Bk7</value></Data>
<Data name="part of"><value>Achaia Bk7</value></Data>
<Data name="Wikidata"><value>https://wikidata.org/wiki/Q3555318</value></Data>
<Data name="type"><value>[&quot;polis&quot;]</value></Data>
<Data name="passages"><value>[&quot;7.25.10&quot;,&quot;7.25.8&quot;,&quot;7.25.9&quot;,&quot;7.26.1&quot;,&quot;7.6.1&quot;]</value></Data>
<Data name="Pleiades"><value>https://pleiades.stoa.org/places/570166</value></Data>
</ExtendedData>
        <Point><coordinates>22.231166,38.142006</coordinates></Point>
      </Placemark>

      <Placemark>
        <name>Boura</name>
        <ExtendedData>
<Data name="name"><value>Boura</value></Data>
<Data name="region"><value>Achaia Bk7</value></Data>
<Data name="part of"><value>Achaia Bk7</value></Data>
<Data name="Wikidata"><value>https://wikidata.org/wiki/Q3555318</value></Data>
<Data name="type"><value>[&quot;polis&quot;]</value></Data>
<Data name="passages"><value>[&quot;7.25.10&quot;,&quot;7.25.8&quot;,&quot;7.25.9&quot;,&quot;7.26.1&quot;,&quot;7.6.1&quot;]</value></Data>
<Data name="Pleiades"><value>https://pleiades.stoa.org/places/570166</value></Data>
</ExtendedData>
        <Point><coordinates>22.231166,38.142006</coordinates></Point>
      </Placemark>

      <Placemark>
        <name>Boura</name>
        <ExtendedData>
<Data name="name"><value>Boura</value></Data>
<Data name="region"><value>Achaia Bk7</value></Data>
<Data name="part of"><value>Achaia Bk7</value></Data>
<Data name="Wikidata"><value>https://wikidata.org/wiki/Q3555318</value></Data>
<Data name="type"><value>[&quot;polis&quot;]</value></Data>
<Data name="passages"><value>[&quot;7.25.10&quot;,&quot;7.25.8&quot;,&quot;7.25.9&quot;,&quot;7.26.1&quot;,&quot;7.6.1&quot;]</value></Data>
<Data name="Pleiades"><value>https://pleiades.stoa.org/places/570166</value></Data>
</ExtendedData>
        <Point><coordinates>22.231166,38.142006</coordinates></Point>
      </Placemark>

      <Placemark>
        <name>Harbor of Kalydon</name>
        <ExtendedData>
<Data name="name"><value>Harbor of Kalydon</value></Data>
<Data name="region"><value>Aitolia region</value></Data>
<Data name="part of"><value>Kalydonia</value></Data>
<Data name="type"><value>[&quot;harbor limen&quot;]</value></Data>
<Data name="passages"><value>[&quot;7.21.5&quot;]</value></Data>
</ExtendedData>
        <Point><coordinates>21.553,38.368</coordinates></Point>
      </Placemark>

      <Placemark>
        <name>Acrocorinth</name>
        <ExtendedData>
<Data name="name"><value>Acrocorinth</value></Data>
<Data name="region"><value>Corinthia Bk2</value></Data>
<Data name="part of"><value>Corinth (Corinthia)</value></Data>
<Data name="altname"><value>Akrokorinthos</value></Data>
<Data name="Wikidata"><value>https://wikidata.org/wiki/Q420810</value></Data>
<Data name="type"><value>[&quot;acropolis&quot;,&quot;fortification&quot;]</value></Data>
<Data name="passages"><value>[&quot;2.1.6&quot;,&quot;2.4.6&quot;,&quot;2.5.1&quot;,&quot;2.5.3&quot;,&quot;7.7.6&quot;,&quot;7.8.3&quot;]</value></Data>
<Data name="Pleiades"><value>https://pleiades.stoa.org/places/570059</value></Data>
</ExtendedData>
        <Point><coordinates>22.878721,37.906045</coordinates></Point>
      </Placemark>

      <Placemark>
        <name>Acrocorinth</name>
        <ExtendedData>
<Data name="name"><value>Acrocorinth</value></Data>
<Data name="region"><value>Corinthia Bk2</value></Data>
<Data name="part of"><value>Corinth (Corinthia)</value></Data>
<Data name="altname"><value>Akrokorinthos</value></Data>
<Data name="Wikidata"><value>https://wikidata.org/wiki/Q420810</value></Data>
<Data name="type"><value>[&quot;acropolis&quot;,&quot;fortification&quot;]</value></Data>
<Data name="passages"><value>[&quot;2.1.6&quot;,&quot;2.4.6&quot;,&quot;2.5.1&quot;,&quot;2.5.3&quot;,&quot;7.7.6&quot;,&quot;7.8.3&quot;]</value></Data>
<Data name="Pleiades"><value>https://pleiades.stoa.org/places/570059</value></Data>
</ExtendedData>
        <Point><coordinates>22.878721,37.906045</coordinates></Point>
      </Placemark>

      <Placemark>
        <name>sanctuaries of Aphrodite in Patrae</name>
        <ExtendedData>
<Data name="name"><value>sanctuaries of Aphrodite in Patrae</value></Data>
<Data name="region"><value>Achaia Bk7</value></Data>
<Data name="part of"><value>Patrae</value></Data>
<Data name="location"><value>Patrae</value></Data>
<Data name="Wikidata"><value>https://wikidata.org/wiki/Q134036811</value></Data>
<Data name="type"><value>[&quot;hieron&quot;]</value></Data>
<Data name="passages"><value>[&quot;7.21.10&quot;]</value></Data>
</ExtendedData>
        <Point><coordinates>21.738518,38.243265</coordinates></Point>
      </Placemark>

      <Placemark>
        <name>Aigai (Macedonia)</name>
        <ExtendedData>
<Data name="name"><value>Aigai (Macedonia)</value></Data>
<Data name="region"><value>Macedonia (Europe)</value></Data>
<Data name="part of"><value>Macedonia (Europe)</value></Data>
<Data name="Wikidata"><value>https://wikidata.org/wiki/Q16963755</value></Data>
<Data name="type"><value>[&quot;polis&quot;]</value></Data>
<Data name="passages"><value>[&quot;1.6.3&quot;,&quot;7.6.1&quot;]</value></Data>
<Data name="Pleiades"><value>https://pleiades.stoa.org/places/491512</value></Data>
</ExtendedData>
        <Point><coordinates>22.324777,40.479304</coordinates></Point>
      </Placemark>

      <Placemark>
        <name>Inykon</name>
        <ExtendedData>
<Data name="name"><value>Inykon</value></Data>
<Data name="region"><value>Sicilia (island)</value></Data>
<Data name="part of"><value>Sicilia (island)</value></Data>
<Data name="altname"><value>city of the Sicels</value></Data>
<Data name="Wikidata"><value>https://wikidata.org/wiki/Q969998</value></Data>
<Data name="type"><value>[&quot;polis&quot;]</value></Data>
<Data name="passages"><value>[&quot;7.4.6&quot;]</value></Data>
<Data name="Pleiades"><value>https://pleiades.stoa.org/places/462261</value></Data>
</ExtendedData>
        <Point><coordinates>12.86027,38.00094</coordinates></Point>
      </Placemark>

      <Placemark>
        <name>Chios (island)</name>
        <ExtendedData>
<Data name="name"><value>Chios (island)</value></Data>
<Data name="region"><value>Aegean Sea (Hellas)</value></Data>
<Data name="part of"><value>Aegean Sea (Hellas)</value></Data>
<Data name="Wikidata"><value>https://wikidata.org/wiki/Q160483</value></Data>
<Data name="type"><value>[&quot;island&quot;]</value></Data>
<Data name="passages"><value>[&quot;1.29.11&quot;,&quot;10.16.1&quot;,&quot;7.4.1&quot;,&quot;7.4.8&quot;,&quot;7.4.9&quot;,&quot;7.5.13&quot;,&quot;7.5.6&quot;]</value></Data>
<Data name="Pleiades"><value>https://pleiades.stoa.org/places/550497</value></Data>
</ExtendedData>
        <Point><coordinates>26.052999999999997,38.414</coordinates></Point>
      </Placemark>

      <Placemark>
        <name>Chios (island)</name>
        <ExtendedData>
<Data name="name"><value>Chios (island)</value></Data>
<Data name="region"><value>Aegean Sea (Hellas)</value></Data>
<Data name="part of"><value>Aegean Sea (Hellas)</value></Data>
<Data name="Wikidata"><value>https://wikidata.org/wiki/Q160483</value></Data>
<Data name="type"><value>[&quot;island&quot;]</value></Data>
<Data name="passages"><value>[&quot;1.29.11&quot;,&quot;10.16.1&quot;,&quot;7.4.1&quot;,&quot;7.4.8&quot;,&quot;7.4.9&quot;,&quot;7.5.13&quot;,&quot;7.5.6&quot;]</value></Data>
<Data name="Pleiades"><value>https://pleiades.stoa.org/places/550497</value></Data>
</ExtendedData>
        <Point><coordinates>26.052999999999997,38.414</coordinates></Point>
      </Placemark>

      <Placemark>
        <name>Chios (island)</name>
        <ExtendedData>
<Data name="name"><value>Chios (island)</value></Data>
<Data name="region"><value>Aegean Sea (Hellas)</value></Data>
<Data name="part of"><value>Aegean Sea (Hellas)</value></Data>
<Data name="Wikidata"><value>https://wikidata.org/wiki/Q160483</value></Data>
<Data name="type"><value>[&quot;island&quot;]</value></Data>
<Data name="passages"><value>[&quot;1.29.11&quot;,&quot;10.16.1&quot;,&quot;7.4.1&quot;,&quot;7.4.8&quot;,&quot;7.4.9&quot;,&quot;7.5.13&quot;,&quot;7.5.6&quot;]</value></Data>
<Data name="Pleiades"><value>https://pleiades.stoa.org/places/550497</value></Data>
</ExtendedData>
        <Point><coordinates>26.052999999999997,38.414</coordinates></Point>
      </Placemark>

      <Placemark>
        <name>Chios (island)</name>
        <ExtendedData>
<Data name="name"><value>Chios (island)</value></Data>
<Data name="region"><value>Aegean Sea (Hellas)</value></Data>
<Data name="part of"><value>Aegean Sea (Hellas)</value></Data>
<Data name="Wikidata"><value>https://wikidata.org/wiki/Q160483</value></Data>
<Data name="type"><value>[&quot;island&quot;]</value></Data>
<Data name="passages"><value>[&quot;1.29.11&quot;,&quot;10.16.1&quot;,&quot;7.4.1&quot;,&quot;7.4.8&quot;,&quot;7.4.9&quot;,&quot;7.5.13&quot;,&quot;7.5.6&quot;]</value></Data>
<Data name="Pleiades"><value>https://pleiades.stoa.org/places/550497</value></Data>
</ExtendedData>
        <Point><coordinates>26.052999999999997,38.414</coordinates></Point>
      </Placemark>

      <Placemark>
        <name>Chios (island)</name>
        <ExtendedData>
<Data name="name"><value>Chios (island)</value></Data>
<Data name="region"><value>Aegean Sea (Hellas)</value></Data>
<Data name="part of"><value>Aegean Sea (Hellas)</value></Data>
<Data name="Wikidata"><value>https://wikidata.org/wiki/Q160483</value></Data>
<Data name="type"><value>[&quot;island&quot;]</value></Data>
<Data name="passages"><value>[&quot;1.29.11&quot;,&quot;10.16.1&quot;,&quot;7.4.1&quot;,&quot;7.4.8&quot;,&quot;7.4.9&quot;,&quot;7.5.13&quot;,&quot;7.5.6&quot;]</value></Data>
<Data name="Pleiades"><value>https://pleiades.stoa.org/places/550497</value></Data>
</ExtendedData>
        <Point><coordinates>26.052999999999997,38.414</coordinates></Point>
      </Placemark>

      <Placemark>
        <name>Phokis Bk10</name>
        <ExtendedData>
<Data name="name"><value>Phokis Bk10</value></Data>
<Data name="region"><value></value></Data>
<Data name="part of"><value>Hellas (Europe)</value></Data>
<Data name="altname"><value>Phocis region</value></Data>
<Data name="Wikidata"><value>https://wikidata.org/wiki/Q2637650</value></Data>
<Data name="type"><value>[&quot;chora/region&quot;]</value></Data>
<Data name="passages"><value>[&quot;1.20.6&quot;,&quot;10.1.1&quot;,&quot;10.1.2&quot;,&quot;10.1.4&quot;,&quot;10.17.13&quot;,&quot;10.23.10&quot;,&quot;10.30.4&quot;,&quot;10.33.7&quot;,&quot;10.34.2&quot;,&quot;10.35.1&quot;,&quot;10.35.8&quot;,&quot;10.37.2&quot;,&quot;10.38.1&quot;,&quot;10.4.1&quot;,&quot;10.4.2&quot;,&quot;10.5.3&quot;,&quot;10.8.2&quot;,&quot;2.29.2&quot;,&quot;2.29.3&quot;,&quot;2.4.3&quot;,&quot;3.5.3&quot;,&quot;3.9.10&quot;,&quot;4.31.5&quot;,&quot;6.19.5&quot;,&quot;7.14.7&quot;,&quot;7.15.5&quot;,&quot;7.18.9&quot;,&quot;7.3.10&quot;,&quot;7.7.9&quot;,&quot;8.1.5&quot;,&quot;8.4.4&quot;,&quot;9.17.4&quot;,&quot;9.36.3&quot;,&quot;9.40.12&quot;]</value></Data>
<Data name="Pleiades"><value>https://pleiades.stoa.org/places/541048</value></Data>
<Data name="ToposText"><value>https://topostext.org/place/386227RPho</value></Data>
</ExtendedData>
        <Point><coordinates>22.7,38.6</coordinates></Point>
      </Placemark>

      <Placemark>
        <name>Phokis Bk10</name>
        <ExtendedData>
<Data name="name"><value>Phokis Bk10</value></Data>
<Data name="region"><value></value></Data>
<Data name="part of"><value>Hellas (Europe)</value></Data>
<Data name="altname"><value>Phocis region</value></Data>
<Data name="Wikidata"><value>https://wikidata.org/wiki/Q2637650</value></Data>
<Data name="type"><value>[&quot;chora/region&quot;]</value></Data>
<Data name="passages"><value>[&quot;1.20.6&quot;,&quot;10.1.1&quot;,&quot;10.1.2&quot;,&quot;10.1.4&quot;,&quot;10.17.13&quot;,&quot;10.23.10&quot;,&quot;10.30.4&quot;,&quot;10.33.7&quot;,&quot;10.34.2&quot;,&quot;10.35.1&quot;,&quot;10.35.8&quot;,&quot;10.37.2&quot;,&quot;10.38.1&quot;,&quot;10.4.1&quot;,&quot;10.4.2&quot;,&quot;10.5.3&quot;,&quot;10.8.2&quot;,&quot;2.29.2&quot;,&quot;2.29.3&quot;,&quot;2.4.3&quot;,&quot;3.5.3&quot;,&quot;3.9.10&quot;,&quot;4.31.5&quot;,&quot;6.19.5&quot;,&quot;7.14.7&quot;,&quot;7.15.5&quot;,&quot;7.18.9&quot;,&quot;7.3.10&quot;,&quot;7.7.9&quot;,&quot;8.1.5&quot;,&quot;8.4.4&quot;,&quot;9.17.4&quot;,&quot;9.36.3&quot;,&quot;9.40.12&quot;]</value></Data>
<Data name="Pleiades"><value>https://pleiades.stoa.org/places/541048</value></Data>
<Data name="ToposText"><value>https://topostext.org/place/386227RPho</value></Data>
</ExtendedData>
        <Point><coordinates>22.7,38.6</coordinates></Point>
      </Placemark>

      <Placemark>
        <name>Phokis Bk10</name>
        <ExtendedData>
<Data name="name"><value>Phokis Bk10</value></Data>
<Data name="region"><value></value></Data>
<Data name="part of"><value>Hellas (Europe)</value></Data>
<Data name="altname"><value>Phocis region</value></Data>
<Data name="Wikidata"><value>https://wikidata.org/wiki/Q2637650</value></Data>
<Data name="type"><value>[&quot;chora/region&quot;]</value></Data>
<Data name="passages"><value>[&quot;1.20.6&quot;,&quot;10.1.1&quot;,&quot;10.1.2&quot;,&quot;10.1.4&quot;,&quot;10.17.13&quot;,&quot;10.23.10&quot;,&quot;10.30.4&quot;,&quot;10.33.7&quot;,&quot;10.34.2&quot;,&quot;10.35.1&quot;,&quot;10.35.8&quot;,&quot;10.37.2&quot;,&quot;10.38.1&quot;,&quot;10.4.1&quot;,&quot;10.4.2&quot;,&quot;10.5.3&quot;,&quot;10.8.2&quot;,&quot;2.29.2&quot;,&quot;2.29.3&quot;,&quot;2.4.3&quot;,&quot;3.5.3&quot;,&quot;3.9.10&quot;,&quot;4.31.5&quot;,&quot;6.19.5&quot;,&quot;7.14.7&quot;,&quot;7.15.5&quot;,&quot;7.18.9&quot;,&quot;7.3.10&quot;,&quot;7.7.9&quot;,&quot;8.1.5&quot;,&quot;8.4.4&quot;,&quot;9.17.4&quot;,&quot;9.36.3&quot;,&quot;9.40.12&quot;]</value></Data>
<Data name="Pleiades"><value>https://pleiades.stoa.org/places/541048</value></Data>
<Data name="ToposText"><value>https://topostext.org/place/386227RPho</value></Data>
</ExtendedData>
        <Point><coordinates>22.7,38.6</coordinates></Point>
      </Placemark>

      <Placemark>
        <name>Phokis Bk10</name>
        <ExtendedData>
<Data name="name"><value>Phokis Bk10</value></Data>
<Data name="region"><value></value></Data>
<Data name="part of"><value>Hellas (Europe)</value></Data>
<Data name="altname"><value>Phocis region</value></Data>
<Data name="Wikidata"><value>https://wikidata.org/wiki/Q2637650</value></Data>
<Data name="type"><value>[&quot;chora/region&quot;]</value></Data>
<Data name="passages"><value>[&quot;1.20.6&quot;,&quot;10.1.1&quot;,&quot;10.1.2&quot;,&quot;10.1.4&quot;,&quot;10.17.13&quot;,&quot;10.23.10&quot;,&quot;10.30.4&quot;,&quot;10.33.7&quot;,&quot;10.34.2&quot;,&quot;10.35.1&quot;,&quot;10.35.8&quot;,&quot;10.37.2&quot;,&quot;10.38.1&quot;,&quot;10.4.1&quot;,&quot;10.4.2&quot;,&quot;10.5.3&quot;,&quot;10.8.2&quot;,&quot;2.29.2&quot;,&quot;2.29.3&quot;,&quot;2.4.3&quot;,&quot;3.5.3&quot;,&quot;3.9.10&quot;,&quot;4.31.5&quot;,&quot;6.19.5&quot;,&quot;7.14.7&quot;,&quot;7.15.5&quot;,&quot;7.18.9&quot;,&quot;7.3.10&quot;,&quot;7.7.9&quot;,&quot;8.1.5&quot;,&quot;8.4.4&quot;,&quot;9.17.4&quot;,&quot;9.36.3&quot;,&quot;9.40.12&quot;]</value></Data>
<Data name="Pleiades"><value>https://pleiades.stoa.org/places/541048</value></Data>
<Data name="ToposText"><value>https://topostext.org/place/386227RPho</value></Data>
</ExtendedData>
        <Point><coordinates>22.7,38.6</coordinates></Point>
      </Placemark>

      <Placemark>
        <name>Phokis Bk10</name>
        <ExtendedData>
<Data name="name"><value>Phokis Bk10</value></Data>
<Data name="region"><value></value></Data>
<Data name="part of"><value>Hellas (Europe)</value></Data>
<Data name="altname"><value>Phocis region</value></Data>
<Data name="Wikidata"><value>https://wikidata.org/wiki/Q2637650</value></Data>
<Data name="type"><value>[&quot;chora/region&quot;]</value></Data>
<Data name="passages"><value>[&quot;1.20.6&quot;,&quot;10.1.1&quot;,&quot;10.1.2&quot;,&quot;10.1.4&quot;,&quot;10.17.13&quot;,&quot;10.23.10&quot;,&quot;10.30.4&quot;,&quot;10.33.7&quot;,&quot;10.34.2&quot;,&quot;10.35.1&quot;,&quot;10.35.8&quot;,&quot;10.37.2&quot;,&quot;10.38.1&quot;,&quot;10.4.1&quot;,&quot;10.4.2&quot;,&quot;10.5.3&quot;,&quot;10.8.2&quot;,&quot;2.29.2&quot;,&quot;2.29.3&quot;,&quot;2.4.3&quot;,&quot;3.5.3&quot;,&quot;3.9.10&quot;,&quot;4.31.5&quot;,&quot;6.19.5&quot;,&quot;7.14.7&quot;,&quot;7.15.5&quot;,&quot;7.18.9&quot;,&quot;7.3.10&quot;,&quot;7.7.9&quot;,&quot;8.1.5&quot;,&quot;8.4.4&quot;,&quot;9.17.4&quot;,&quot;9.36.3&quot;,&quot;9.40.12&quot;]</value></Data>
<Data name="Pleiades"><value>https://pleiades.stoa.org/places/541048</value></Data>
<Data name="ToposText"><value>https://topostext.org/place/386227RPho</value></Data>
</ExtendedData>
        <Point><coordinates>22.7,38.6</coordinates></Point>
      </Placemark>

      <Placemark>
        <name>Tomb of Oinopion at Chios</name>
        <ExtendedData>
<Data name="name"><value>Tomb of Oinopion at Chios</value></Data>
<Data name="region"><value>Aegean Sea (Hellas)</value></Data>
<Data name="part of"><value>Chios (island)</value></Data>
<Data name="location"><value>Chios (island)</value></Data>
<Data name="Wikidata"><value>https://wikidata.org/wiki/Q136487370</value></Data>
<Data name="type"><value>[&quot;tomb taphos&quot;,&quot;tourist attraction&quot;]</value></Data>
<Data name="passages"><value>[&quot;7.5.13&quot;]</value></Data>
<Data name="Manto"><value>https://resource.manto.unh.edu/10272270</value></Data>
</ExtendedData>
        <Point><coordinates>26.052999999999997,38.414</coordinates></Point>
      </Placemark>

      <Placemark>
        <name>tomb of Egyptus at Patrae in Sarapis sanctuary</name>
        <ExtendedData>
<Data name="name"><value>tomb of Egyptus at Patrae in Sarapis sanctuary</value></Data>
<Data name="region"><value>Achaia Bk7</value></Data>
<Data name="part of"><value>two sanctuaries of Sarapis at Patrae near sacred grove</value></Data>
<Data name="location"><value>two sanctuaries of Sarapis at Patrae near sacred grove</value></Data>
<Data name="Wikidata"><value>https://wikidata.org/wiki/Q136487442</value></Data>
<Data name="type"><value>[&quot;tomb mnema&quot;]</value></Data>
<Data name="passages"><value>[&quot;7.21.13&quot;]</value></Data>
<Data name="Manto"><value>https://resource.manto.unh.edu/10274414</value></Data>
</ExtendedData>
        <Point><coordinates>21.738518,38.243265</coordinates></Point>
      </Placemark>

      <Placemark>
        <name>Halys (river)</name>
        <ExtendedData>
<Data name="name"><value>Halys (river)</value></Data>
<Data name="region"><value>Asia Minor (Asia)</value></Data>
<Data name="part of"><value>Asia Minor (Asia)</value></Data>
<Data name="Wikidata"><value>https://wikidata.org/wiki/Q257785</value></Data>
<Data name="type"><value>[&quot;river&quot;]</value></Data>
<Data name="passages"><value>[&quot;7.5.10&quot;]</value></Data>
<Data name="Pleiades"><value>https://pleiades.stoa.org/places/857148</value></Data>
</ExtendedData>
        <Point><coordinates>35.9295291,41.6767598</coordinates></Point>
      </Placemark>

      <Placemark>
        <name>Santorini Archipelago</name>
        <ExtendedData>
<Data name="name"><value>Santorini Archipelago</value></Data>
<Data name="region"><value>Aegean Sea (Hellas)</value></Data>
<Data name="part of"><value>Cyclades region (Aegean)</value></Data>
<Data name="type"><value>[&quot;island&quot;]</value></Data>
<Data name="passages"><value>[&quot;3.1.7&quot;,&quot;7.2.2&quot;]</value></Data>
<Data name="Pleiades"><value>https://pleiades.stoa.org/places/808255902</value></Data>
</ExtendedData>
        <Point><coordinates>25.4,36.4</coordinates></Point>
      </Placemark>

      <Placemark>
        <name>Phoinix (river)</name>
        <ExtendedData>
<Data name="name"><value>Phoinix (river)</value></Data>
<Data name="region"><value>Achaia Bk7</value></Data>
<Data name="part of"><value>Achaia Bk7</value></Data>
<Data name="Wikidata"><value>https://wikidata.org/wiki/Q12885817</value></Data>
<Data name="type"><value>[&quot;river&quot;]</value></Data>
<Data name="passages"><value>[&quot;7.23.5&quot;]</value></Data>
<Data name="Pleiades"><value>https://pleiades.stoa.org/places/570606</value></Data>
</ExtendedData>
        <Point><coordinates>22.00699,38.2999</coordinates></Point>
      </Placemark>

      <Placemark>
        <name>Caicus (river)</name>
        <ExtendedData>
<Data name="name"><value>Caicus (river)</value></Data>
<Data name="region"><value>Asia Minor (Asia)</value></Data>
<Data name="part of"><value>Aeolis</value></Data>
<Data name="Wikidata"><value>https://wikidata.org/wiki/Q1737602</value></Data>
<Data name="type"><value>[&quot;river&quot;]</value></Data>
<Data name="passages"><value>[&quot;1.10.4&quot;,&quot;5.13.3&quot;,&quot;5.24.6&quot;,&quot;7.16.1&quot;,&quot;8.4.9&quot;,&quot;8.45.7&quot;,&quot;9.18.4&quot;,&quot;9.5.14&quot;]</value></Data>
<Data name="Pleiades"><value>https://pleiades.stoa.org/places/550491</value></Data>
</ExtendedData>
        <Point><coordinates>27.0057354,38.9471678</coordinates></Point>
      </Placemark>

      <Placemark>
        <name>Erythrai</name>
        <ExtendedData>
<Data name="name"><value>Erythrai</value></Data>
<Data name="region"><value>Asia Minor (Asia)</value></Data>
<Data name="part of"><value>Ionia (region)</value></Data>
<Data name="Wikidata"><value>https://wikidata.org/wiki/Q723091</value></Data>
<Data name="type"><value>[&quot;polis&quot;]</value></Data>
<Data name="passages"><value>[&quot;7.3.7&quot;,&quot;7.5.5&quot;,&quot;7.5.9&quot;,&quot;9.27.1&quot;]</value></Data>
<Data name="Pleiades"><value>https://pleiades.stoa.org/places/550535</value></Data>
</ExtendedData>
        <Point><coordinates>26.48103,38.38122</coordinates></Point>
      </Placemark>

      <Placemark>
        <name>Erythrai</name>
        <ExtendedData>
<Data name="name"><value>Erythrai</value></Data>
<Data name="region"><value>Asia Minor (Asia)</value></Data>
<Data name="part of"><value>Ionia (region)</value></Data>
<Data name="Wikidata"><value>https://wikidata.org/wiki/Q723091</value></Data>
<Data name="type"><value>[&quot;polis&quot;]</value></Data>
<Data name="passages"><value>[&quot;7.3.7&quot;,&quot;7.5.5&quot;,&quot;7.5.9&quot;,&quot;9.27.1&quot;]</value></Data>
<Data name="Pleiades"><value>https://pleiades.stoa.org/places/550535</value></Data>
</ExtendedData>
        <Point><coordinates>26.48103,38.38122</coordinates></Point>
      </Placemark>

      <Placemark>
        <name>Erythrai</name>
        <ExtendedData>
<Data name="name"><value>Erythrai</value></Data>
<Data name="region"><value>Asia Minor (Asia)</value></Data>
<Data name="part of"><value>Ionia (region)</value></Data>
<Data name="Wikidata"><value>https://wikidata.org/wiki/Q723091</value></Data>
<Data name="type"><value>[&quot;polis&quot;]</value></Data>
<Data name="passages"><value>[&quot;7.3.7&quot;,&quot;7.5.5&quot;,&quot;7.5.9&quot;,&quot;9.27.1&quot;]</value></Data>
<Data name="Pleiades"><value>https://pleiades.stoa.org/places/550535</value></Data>
</ExtendedData>
        <Point><coordinates>26.48103,38.38122</coordinates></Point>
      </Placemark>

      <Placemark>
        <name>Phoenice</name>
        <ExtendedData>
<Data name="name"><value>Phoenice</value></Data>
<Data name="region"><value>Asia (continent)</value></Data>
<Data name="part of"><value>Asia (continent)</value></Data>
<Data name="altname"><value>Phoenicia</value></Data>
<Data name="Wikidata"><value>https://wikidata.org/wiki/Q41642</value></Data>
<Data name="type"><value>[&quot;chora/region&quot;]</value></Data>
<Data name="passages"><value>[&quot;1.6.4&quot;,&quot;5.12.4&quot;,&quot;5.25.12&quot;,&quot;7.5.5&quot;,&quot;9.28.2&quot;]</value></Data>
<Data name="Pleiades"><value>[&quot;https://pleiades.stoa.org/places/678334&quot;,&quot;https://pleiades.stoa.org/places/991410&quot;]</value></Data>
</ExtendedData>
        <Point><coordinates>35.25,33.25</coordinates></Point>
      </Placemark>

      <Placemark>
        <name>Elateia</name>
        <ExtendedData>
<Data name="name"><value>Elateia</value></Data>
<Data name="region"><value>Phokis Bk10</value></Data>
<Data name="part of"><value>Phokis Bk10</value></Data>
<Data name="Wikidata"><value>https://wikidata.org/wiki/Q1235347</value></Data>
<Data name="type"><value>[&quot;settlement&quot;]</value></Data>
<Data name="passages"><value>[&quot;1.20.6&quot;,&quot;1.26.3&quot;,&quot;10.1.2&quot;,&quot;10.18.7&quot;,&quot;10.3.2&quot;,&quot;10.34.1&quot;,&quot;10.34.2&quot;,&quot;10.34.3&quot;,&quot;10.34.5&quot;,&quot;10.34.7&quot;,&quot;10.35.1&quot;,&quot;7.15.5&quot;,&quot;8.4.4&quot;]</value></Data>
<Data name="Pleiades"><value>https://pleiades.stoa.org/places/540755</value></Data>
</ExtendedData>
        <Point><coordinates>22.782061,38.645635</coordinates></Point>
      </Placemark>

      <Placemark>
        <name>Kenchreai (Argolid)</name>
        <ExtendedData>
<Data name="name"><value>Kenchreai (Argolid)</value></Data>
<Data name="region"><value>Argolid Bk2</value></Data>
<Data name="part of"><value>Argolid Bk2</value></Data>
<Data name="altname"><value>Cenchreae: unlocated, possibly near Elliniko pyramid or Palaia Skafidaki (coordinates)</value></Data>
<Data name="Wikidata"><value>https://wikidata.org/wiki/Q16554749</value></Data>
<Data name="type"><value>[&quot;chorion&quot;]</value></Data>
<Data name="passages"><value>[&quot;2.24.7&quot;,&quot;7.6.7&quot;]</value></Data>
<Data name="Pleiades"><value>https://pleiades.stoa.org/places/570346</value></Data>
<Data name="ToposText"><value>https://topostext.org/place/378229UKen</value></Data>
</ExtendedData>
        <Point><coordinates>22.609,37.5475</coordinates></Point>
      </Placemark>

      <Placemark>
        <name>Priene</name>
        <ExtendedData>
<Data name="name"><value>Priene</value></Data>
<Data name="region"><value>Asia Minor (Asia)</value></Data>
<Data name="part of"><value>Ionia (region)</value></Data>
<Data name="Wikidata"><value>https://wikidata.org/wiki/Q142819</value></Data>
<Data name="type"><value>[&quot;polis&quot;]</value></Data>
<Data name="passages"><value>[&quot;7.2.10&quot;,&quot;7.5.5&quot;,&quot;8.24.11&quot;]</value></Data>
<Data name="Pleiades"><value>https://pleiades.stoa.org/places/599905</value></Data>
</ExtendedData>
        <Point><coordinates>27.298333,37.66</coordinates></Point>
      </Placemark>

      <Placemark>
        <name>Priene</name>
        <ExtendedData>
<Data name="name"><value>Priene</value></Data>
<Data name="region"><value>Asia Minor (Asia)</value></Data>
<Data name="part of"><value>Ionia (region)</value></Data>
<Data name="Wikidata"><value>https://wikidata.org/wiki/Q142819</value></Data>
<Data name="type"><value>[&quot;polis&quot;]</value></Data>
<Data name="passages"><value>[&quot;7.2.10&quot;,&quot;7.5.5&quot;,&quot;8.24.11&quot;]</value></Data>
<Data name="Pleiades"><value>https://pleiades.stoa.org/places/599905</value></Data>
</ExtendedData>
        <Point><coordinates>27.298333,37.66</coordinates></Point>
      </Placemark>

      <Placemark>
        <name>Hellas (Europe)</name>
        <ExtendedData>
<Data name="name"><value>Hellas (Europe)</value></Data>
<Data name="region"><value>Europe</value></Data>
<Data name="part of"><value>Europe</value></Data>
<Data name="Wikidata"><value>https://wikidata.org/wiki/Q11772</value></Data>
<Data name="type"><value>[&quot;major region&quot;]</value></Data>
<Data name="passages"><value>[&quot;1.1.1&quot;,&quot;1.12.1&quot;,&quot;1.27.9&quot;,&quot;1.29.5&quot;,&quot;1.3.5&quot;,&quot;1.4.1&quot;,&quot;1.4.2&quot;,&quot;1.41.8&quot;,&quot;1.5.5&quot;,&quot;10.14.6&quot;,&quot;10.17.3&quot;,&quot;10.19.12&quot;,&quot;10.19.5&quot;,&quot;10.19.7&quot;,&quot;10.19.8&quot;,&quot;10.20.9&quot;,&quot;10.23.12&quot;,&quot;10.23.14&quot;,&quot;10.23.8&quot;,&quot;10.24.3&quot;,&quot;10.25.1&quot;,&quot;10.34.5&quot;,&quot;10.5.3&quot;,&quot;10.9.2&quot;,&quot;2.1.8&quot;,&quot;2.29.7&quot;,&quot;2.29.8&quot;,&quot;2.33.5&quot;,&quot;2.4.5&quot;,&quot;3.11.3&quot;,&quot;3.12.7&quot;,&quot;3.17.8&quot;,&quot;3.20.6&quot;,&quot;3.3.3&quot;,&quot;3.4.7&quot;,&quot;3.4.8&quot;,&quot;3.7.11&quot;,&quot;3.9.4&quot;,&quot;3.9.8&quot;,&quot;4.2.3&quot;,&quot;4.28.4&quot;,&quot;4.31.1&quot;,&quot;5.10.1&quot;,&quot;5.14.2&quot;,&quot;5.15.2&quot;,&quot;5.17.9&quot;,&quot;5.20.10&quot;,&quot;5.23.7&quot;,&quot;5.24.2&quot;,&quot;5.25.12&quot;,&quot;5.4.6&quot;,&quot;5.4.7&quot;,&quot;5.4.9&quot;,&quot;5.5.2&quot;,&quot;5.7.7&quot;,&quot;6.11.3&quot;,&quot;6.18.5&quot;,&quot;7.10.1&quot;,&quot;7.10.2&quot;,&quot;7.10.3&quot;,&quot;7.10.4&quot;,&quot;7.10.5&quot;,&quot;7.10.7&quot;,&quot;7.11.1&quot;,&quot;7.11.2&quot;,&quot;7.14.1&quot;,&quot;7.15.1&quot;,&quot;7.15.3&quot;,&quot;7.16.10&quot;,&quot;7.16.9&quot;,&quot;7.17.1&quot;,&quot;7.17.2&quot;,&quot;7.17.3&quot;,&quot;7.2.2&quot;,&quot;7.20.6&quot;,&quot;7.24.2&quot;,&quot;7.26.11&quot;,&quot;7.3.1&quot;,&quot;7.5.13&quot;,&quot;7.6.3&quot;,&quot;7.6.9&quot;,&quot;7.7.6&quot;,&quot;7.8.1&quot;,&quot;7.8.2&quot;,&quot;7.8.7&quot;,&quot;7.9.5&quot;,&quot;8.14.5&quot;,&quot;8.20.1&quot;,&quot;8.3.5&quot;,&quot;8.32.1&quot;,&quot;8.37.2&quot;,&quot;8.42.7&quot;,&quot;8.43.4&quot;,&quot;8.45.5&quot;,&quot;8.46.3&quot;,&quot;8.50.3&quot;,&quot;8.50.4&quot;,&quot;8.51.1&quot;,&quot;8.51.4&quot;,&quot;8.52.1&quot;,&quot;8.52.2&quot;,&quot;8.52.3&quot;,&quot;8.52.4&quot;,&quot;8.52.5&quot;,&quot;8.52.6&quot;,&quot;9.1.2&quot;,&quot;9.17.6&quot;,&quot;9.23.3&quot;,&quot;9.28.1&quot;,&quot;9.29.8&quot;,&quot;9.38.2&quot;,&quot;9.38.4&quot;,&quot;9.6.2&quot;]</value></Data>
<Data name="Pleiades"><value>https://pleiades.stoa.org/places/1001896</value></Data>
</ExtendedData>
        <Point><coordinates>22.5,37.5</coordinates></Point>
      </Placemark>

      <Placemark>
        <name>Hellas (Europe)</name>
        <ExtendedData>
<Data name="name"><value>Hellas (Europe)</value></Data>
<Data name="region"><value>Europe</value></Data>
<Data name="part of"><value>Europe</value></Data>
<Data name="Wikidata"><value>https://wikidata.org/wiki/Q11772</value></Data>
<Data name="type"><value>[&quot;major region&quot;]</value></Data>
<Data name="passages"><value>[&quot;1.1.1&quot;,&quot;1.12.1&quot;,&quot;1.27.9&quot;,&quot;1.29.5&quot;,&quot;1.3.5&quot;,&quot;1.4.1&quot;,&quot;1.4.2&quot;,&quot;1.41.8&quot;,&quot;1.5.5&quot;,&quot;10.14.6&quot;,&quot;10.17.3&quot;,&quot;10.19.12&quot;,&quot;10.19.5&quot;,&quot;10.19.7&quot;,&quot;10.19.8&quot;,&quot;10.20.9&quot;,&quot;10.23.12&quot;,&quot;10.23.14&quot;,&quot;10.23.8&quot;,&quot;10.24.3&quot;,&quot;10.25.1&quot;,&quot;10.34.5&quot;,&quot;10.5.3&quot;,&quot;10.9.2&quot;,&quot;2.1.8&quot;,&quot;2.29.7&quot;,&quot;2.29.8&quot;,&quot;2.33.5&quot;,&quot;2.4.5&quot;,&quot;3.11.3&quot;,&quot;3.12.7&quot;,&quot;3.17.8&quot;,&quot;3.20.6&quot;,&quot;3.3.3&quot;,&quot;3.4.7&quot;,&quot;3.4.8&quot;,&quot;3.7.11&quot;,&quot;3.9.4&quot;,&quot;3.9.8&quot;,&quot;4.2.3&quot;,&quot;4.28.4&quot;,&quot;4.31.1&quot;,&quot;5.10.1&quot;,&quot;5.14.2&quot;,&quot;5.15.2&quot;,&quot;5.17.9&quot;,&quot;5.20.10&quot;,&quot;5.23.7&quot;,&quot;5.24.2&quot;,&quot;5.25.12&quot;,&quot;5.4.6&quot;,&quot;5.4.7&quot;,&quot;5.4.9&quot;,&quot;5.5.2&quot;,&quot;5.7.7&quot;,&quot;6.11.3&quot;,&quot;6.18.5&quot;,&quot;7.10.1&quot;,&quot;7.10.2&quot;,&quot;7.10.3&quot;,&quot;7.10.4&quot;,&quot;7.10.5&quot;,&quot;7.10.7&quot;,&quot;7.11.1&quot;,&quot;7.11.2&quot;,&quot;7.14.1&quot;,&quot;7.15.1&quot;,&quot;7.15.3&quot;,&quot;7.16.10&quot;,&quot;7.16.9&quot;,&quot;7.17.1&quot;,&quot;7.17.2&quot;,&quot;7.17.3&quot;,&quot;7.2.2&quot;,&quot;7.20.6&quot;,&quot;7.24.2&quot;,&quot;7.26.11&quot;,&quot;7.3.1&quot;,&quot;7.5.13&quot;,&quot;7.6.3&quot;,&quot;7.6.9&quot;,&quot;7.7.6&quot;,&quot;7.8.1&quot;,&quot;7.8.2&quot;,&quot;7.8.7&quot;,&quot;7.9.5&quot;,&quot;8.14.5&quot;,&quot;8.20.1&quot;,&quot;8.3.5&quot;,&quot;8.32.1&quot;,&quot;8.37.2&quot;,&quot;8.42.7&quot;,&quot;8.43.4&quot;,&quot;8.45.5&quot;,&quot;8.46.3&quot;,&quot;8.50.3&quot;,&quot;8.50.4&quot;,&quot;8.51.1&quot;,&quot;8.51.4&quot;,&quot;8.52.1&quot;,&quot;8.52.2&quot;,&quot;8.52.3&quot;,&quot;8.52.4&quot;,&quot;8.52.5&quot;,&quot;8.52.6&quot;,&quot;9.1.2&quot;,&quot;9.17.6&quot;,&quot;9.23.3&quot;,&quot;9.28.1&quot;,&quot;9.29.8&quot;,&quot;9.38.2&quot;,&quot;9.38.4&quot;,&quot;9.6.2&quot;]</value></Data>
<Data name="Pleiades"><value>https://pleiades.stoa.org/places/1001896</value></Data>
</ExtendedData>
        <Point><coordinates>22.5,37.5</coordinates></Point>
      </Placemark>

      <Placemark>
        <name>Hellas (Europe)</name>
        <ExtendedData>
<Data name="name"><value>Hellas (Europe)</value></Data>
<Data name="region"><value>Europe</value></Data>
<Data name="part of"><value>Europe</value></Data>
<Data name="Wikidata"><value>https://wikidata.org/wiki/Q11772</value></Data>
<Data name="type"><value>[&quot;major region&quot;]</value></Data>
<Data name="passages"><value>[&quot;1.1.1&quot;,&quot;1.12.1&quot;,&quot;1.27.9&quot;,&quot;1.29.5&quot;,&quot;1.3.5&quot;,&quot;1.4.1&quot;,&quot;1.4.2&quot;,&quot;1.41.8&quot;,&quot;1.5.5&quot;,&quot;10.14.6&quot;,&quot;10.17.3&quot;,&quot;10.19.12&quot;,&quot;10.19.5&quot;,&quot;10.19.7&quot;,&quot;10.19.8&quot;,&quot;10.20.9&quot;,&quot;10.23.12&quot;,&quot;10.23.14&quot;,&quot;10.23.8&quot;,&quot;10.24.3&quot;,&quot;10.25.1&quot;,&quot;10.34.5&quot;,&quot;10.5.3&quot;,&quot;10.9.2&quot;,&quot;2.1.8&quot;,&quot;2.29.7&quot;,&quot;2.29.8&quot;,&quot;2.33.5&quot;,&quot;2.4.5&quot;,&quot;3.11.3&quot;,&quot;3.12.7&quot;,&quot;3.17.8&quot;,&quot;3.20.6&quot;,&quot;3.3.3&quot;,&quot;3.4.7&quot;,&quot;3.4.8&quot;,&quot;3.7.11&quot;,&quot;3.9.4&quot;,&quot;3.9.8&quot;,&quot;4.2.3&quot;,&quot;4.28.4&quot;,&quot;4.31.1&quot;,&quot;5.10.1&quot;,&quot;5.14.2&quot;,&quot;5.15.2&quot;,&quot;5.17.9&quot;,&quot;5.20.10&quot;,&quot;5.23.7&quot;,&quot;5.24.2&quot;,&quot;5.25.12&quot;,&quot;5.4.6&quot;,&quot;5.4.7&quot;,&quot;5.4.9&quot;,&quot;5.5.2&quot;,&quot;5.7.7&quot;,&quot;6.11.3&quot;,&quot;6.18.5&quot;,&quot;7.10.1&quot;,&quot;7.10.2&quot;,&quot;7.10.3&quot;,&quot;7.10.4&quot;,&quot;7.10.5&quot;,&quot;7.10.7&quot;,&quot;7.11.1&quot;,&quot;7.11.2&quot;,&quot;7.14.1&quot;,&quot;7.15.1&quot;,&quot;7.15.3&quot;,&quot;7.16.10&quot;,&quot;7.16.9&quot;,&quot;7.17.1&quot;,&quot;7.17.2&quot;,&quot;7.17.3&quot;,&quot;7.2.2&quot;,&quot;7.20.6&quot;,&quot;7.24.2&quot;,&quot;7.26.11&quot;,&quot;7.3.1&quot;,&quot;7.5.13&quot;,&quot;7.6.3&quot;,&quot;7.6.9&quot;,&quot;7.7.6&quot;,&quot;7.8.1&quot;,&quot;7.8.2&quot;,&quot;7.8.7&quot;,&quot;7.9.5&quot;,&quot;8.14.5&quot;,&quot;8.20.1&quot;,&quot;8.3.5&quot;,&quot;8.32.1&quot;,&quot;8.37.2&quot;,&quot;8.42.7&quot;,&quot;8.43.4&quot;,&quot;8.45.5&quot;,&quot;8.46.3&quot;,&quot;8.50.3&quot;,&quot;8.50.4&quot;,&quot;8.51.1&quot;,&quot;8.51.4&quot;,&quot;8.52.1&quot;,&quot;8.52.2&quot;,&quot;8.52.3&quot;,&quot;8.52.4&quot;,&quot;8.52.5&quot;,&quot;8.52.6&quot;,&quot;9.1.2&quot;,&quot;9.17.6&quot;,&quot;9.23.3&quot;,&quot;9.28.1&quot;,&quot;9.29.8&quot;,&quot;9.38.2&quot;,&quot;9.38.4&quot;,&quot;9.6.2&quot;]</value></Data>
<Data name="Pleiades"><value>https://pleiades.stoa.org/places/1001896</value></Data>
</ExtendedData>
        <Point><coordinates>22.5,37.5</coordinates></Point>
      </Placemark>

      <Placemark>
        <name>Hellas (Europe)</name>
        <ExtendedData>
<Data name="name"><value>Hellas (Europe)</value></Data>
<Data name="region"><value>Europe</value></Data>
<Data name="part of"><value>Europe</value></Data>
<Data name="Wikidata"><value>https://wikidata.org/wiki/Q11772</value></Data>
<Data name="type"><value>[&quot;major region&quot;]</value></Data>
<Data name="passages"><value>[&quot;1.1.1&quot;,&quot;1.12.1&quot;,&quot;1.27.9&quot;,&quot;1.29.5&quot;,&quot;1.3.5&quot;,&quot;1.4.1&quot;,&quot;1.4.2&quot;,&quot;1.41.8&quot;,&quot;1.5.5&quot;,&quot;10.14.6&quot;,&quot;10.17.3&quot;,&quot;10.19.12&quot;,&quot;10.19.5&quot;,&quot;10.19.7&quot;,&quot;10.19.8&quot;,&quot;10.20.9&quot;,&quot;10.23.12&quot;,&quot;10.23.14&quot;,&quot;10.23.8&quot;,&quot;10.24.3&quot;,&quot;10.25.1&quot;,&quot;10.34.5&quot;,&quot;10.5.3&quot;,&quot;10.9.2&quot;,&quot;2.1.8&quot;,&quot;2.29.7&quot;,&quot;2.29.8&quot;,&quot;2.33.5&quot;,&quot;2.4.5&quot;,&quot;3.11.3&quot;,&quot;3.12.7&quot;,&quot;3.17.8&quot;,&quot;3.20.6&quot;,&quot;3.3.3&quot;,&quot;3.4.7&quot;,&quot;3.4.8&quot;,&quot;3.7.11&quot;,&quot;3.9.4&quot;,&quot;3.9.8&quot;,&quot;4.2.3&quot;,&quot;4.28.4&quot;,&quot;4.31.1&quot;,&quot;5.10.1&quot;,&quot;5.14.2&quot;,&quot;5.15.2&quot;,&quot;5.17.9&quot;,&quot;5.20.10&quot;,&quot;5.23.7&quot;,&quot;5.24.2&quot;,&quot;5.25.12&quot;,&quot;5.4.6&quot;,&quot;5.4.7&quot;,&quot;5.4.9&quot;,&quot;5.5.2&quot;,&quot;5.7.7&quot;,&quot;6.11.3&quot;,&quot;6.18.5&quot;,&quot;7.10.1&quot;,&quot;7.10.2&quot;,&quot;7.10.3&quot;,&quot;7.10.4&quot;,&quot;7.10.5&quot;,&quot;7.10.7&quot;,&quot;7.11.1&quot;,&quot;7.11.2&quot;,&quot;7.14.1&quot;,&quot;7.15.1&quot;,&quot;7.15.3&quot;,&quot;7.16.10&quot;,&quot;7.16.9&quot;,&quot;7.17.1&quot;,&quot;7.17.2&quot;,&quot;7.17.3&quot;,&quot;7.2.2&quot;,&quot;7.20.6&quot;,&quot;7.24.2&quot;,&quot;7.26.11&quot;,&quot;7.3.1&quot;,&quot;7.5.13&quot;,&quot;7.6.3&quot;,&quot;7.6.9&quot;,&quot;7.7.6&quot;,&quot;7.8.1&quot;,&quot;7.8.2&quot;,&quot;7.8.7&quot;,&quot;7.9.5&quot;,&quot;8.14.5&quot;,&quot;8.20.1&quot;,&quot;8.3.5&quot;,&quot;8.32.1&quot;,&quot;8.37.2&quot;,&quot;8.42.7&quot;,&quot;8.43.4&quot;,&quot;8.45.5&quot;,&quot;8.46.3&quot;,&quot;8.50.3&quot;,&quot;8.50.4&quot;,&quot;8.51.1&quot;,&quot;8.51.4&quot;,&quot;8.52.1&quot;,&quot;8.52.2&quot;,&quot;8.52.3&quot;,&quot;8.52.4&quot;,&quot;8.52.5&quot;,&quot;8.52.6&quot;,&quot;9.1.2&quot;,&quot;9.17.6&quot;,&quot;9.23.3&quot;,&quot;9.28.1&quot;,&quot;9.29.8&quot;,&quot;9.38.2&quot;,&quot;9.38.4&quot;,&quot;9.6.2&quot;]</value></Data>
<Data name="Pleiades"><value>https://pleiades.stoa.org/places/1001896</value></Data>
</ExtendedData>
        <Point><coordinates>22.5,37.5</coordinates></Point>
      </Placemark>

      <Placemark>
        <name>Hellas (Europe)</name>
        <ExtendedData>
<Data name="name"><value>Hellas (Europe)</value></Data>
<Data name="region"><value>Europe</value></Data>
<Data name="part of"><value>Europe</value></Data>
<Data name="Wikidata"><value>https://wikidata.org/wiki/Q11772</value></Data>
<Data name="type"><value>[&quot;major region&quot;]</value></Data>
<Data name="passages"><value>[&quot;1.1.1&quot;,&quot;1.12.1&quot;,&quot;1.27.9&quot;,&quot;1.29.5&quot;,&quot;1.3.5&quot;,&quot;1.4.1&quot;,&quot;1.4.2&quot;,&quot;1.41.8&quot;,&quot;1.5.5&quot;,&quot;10.14.6&quot;,&quot;10.17.3&quot;,&quot;10.19.12&quot;,&quot;10.19.5&quot;,&quot;10.19.7&quot;,&quot;10.19.8&quot;,&quot;10.20.9&quot;,&quot;10.23.12&quot;,&quot;10.23.14&quot;,&quot;10.23.8&quot;,&quot;10.24.3&quot;,&quot;10.25.1&quot;,&quot;10.34.5&quot;,&quot;10.5.3&quot;,&quot;10.9.2&quot;,&quot;2.1.8&quot;,&quot;2.29.7&quot;,&quot;2.29.8&quot;,&quot;2.33.5&quot;,&quot;2.4.5&quot;,&quot;3.11.3&quot;,&quot;3.12.7&quot;,&quot;3.17.8&quot;,&quot;3.20.6&quot;,&quot;3.3.3&quot;,&quot;3.4.7&quot;,&quot;3.4.8&quot;,&quot;3.7.11&quot;,&quot;3.9.4&quot;,&quot;3.9.8&quot;,&quot;4.2.3&quot;,&quot;4.28.4&quot;,&quot;4.31.1&quot;,&quot;5.10.1&quot;,&quot;5.14.2&quot;,&quot;5.15.2&quot;,&quot;5.17.9&quot;,&quot;5.20.10&quot;,&quot;5.23.7&quot;,&quot;5.24.2&quot;,&quot;5.25.12&quot;,&quot;5.4.6&quot;,&quot;5.4.7&quot;,&quot;5.4.9&quot;,&quot;5.5.2&quot;,&quot;5.7.7&quot;,&quot;6.11.3&quot;,&quot;6.18.5&quot;,&quot;7.10.1&quot;,&quot;7.10.2&quot;,&quot;7.10.3&quot;,&quot;7.10.4&quot;,&quot;7.10.5&quot;,&quot;7.10.7&quot;,&quot;7.11.1&quot;,&quot;7.11.2&quot;,&quot;7.14.1&quot;,&quot;7.15.1&quot;,&quot;7.15.3&quot;,&quot;7.16.10&quot;,&quot;7.16.9&quot;,&quot;7.17.1&quot;,&quot;7.17.2&quot;,&quot;7.17.3&quot;,&quot;7.2.2&quot;,&quot;7.20.6&quot;,&quot;7.24.2&quot;,&quot;7.26.11&quot;,&quot;7.3.1&quot;,&quot;7.5.13&quot;,&quot;7.6.3&quot;,&quot;7.6.9&quot;,&quot;7.7.6&quot;,&quot;7.8.1&quot;,&quot;7.8.2&quot;,&quot;7.8.7&quot;,&quot;7.9.5&quot;,&quot;8.14.5&quot;,&quot;8.20.1&quot;,&quot;8.3.5&quot;,&quot;8.32.1&quot;,&quot;8.37.2&quot;,&quot;8.42.7&quot;,&quot;8.43.4&quot;,&quot;8.45.5&quot;,&quot;8.46.3&quot;,&quot;8.50.3&quot;,&quot;8.50.4&quot;,&quot;8.51.1&quot;,&quot;8.51.4&quot;,&quot;8.52.1&quot;,&quot;8.52.2&quot;,&quot;8.52.3&quot;,&quot;8.52.4&quot;,&quot;8.52.5&quot;,&quot;8.52.6&quot;,&quot;9.1.2&quot;,&quot;9.17.6&quot;,&quot;9.23.3&quot;,&quot;9.28.1&quot;,&quot;9.29.8&quot;,&quot;9.38.2&quot;,&quot;9.38.4&quot;,&quot;9.6.2&quot;]</value></Data>
<Data name="Pleiades"><value>https://pleiades.stoa.org/places/1001896</value></Data>
</ExtendedData>
        <Point><coordinates>22.5,37.5</coordinates></Point>
      </Placemark>

      <Placemark>
        <name>Hellas (Europe)</name>
        <ExtendedData>
<Data name="name"><value>Hellas (Europe)</value></Data>
<Data name="region"><value>Europe</value></Data>
<Data name="part of"><value>Europe</value></Data>
<Data name="Wikidata"><value>https://wikidata.org/wiki/Q11772</value></Data>
<Data name="type"><value>[&quot;major region&quot;]</value></Data>
<Data name="passages"><value>[&quot;1.1.1&quot;,&quot;1.12.1&quot;,&quot;1.27.9&quot;,&quot;1.29.5&quot;,&quot;1.3.5&quot;,&quot;1.4.1&quot;,&quot;1.4.2&quot;,&quot;1.41.8&quot;,&quot;1.5.5&quot;,&quot;10.14.6&quot;,&quot;10.17.3&quot;,&quot;10.19.12&quot;,&quot;10.19.5&quot;,&quot;10.19.7&quot;,&quot;10.19.8&quot;,&quot;10.20.9&quot;,&quot;10.23.12&quot;,&quot;10.23.14&quot;,&quot;10.23.8&quot;,&quot;10.24.3&quot;,&quot;10.25.1&quot;,&quot;10.34.5&quot;,&quot;10.5.3&quot;,&quot;10.9.2&quot;,&quot;2.1.8&quot;,&quot;2.29.7&quot;,&quot;2.29.8&quot;,&quot;2.33.5&quot;,&quot;2.4.5&quot;,&quot;3.11.3&quot;,&quot;3.12.7&quot;,&quot;3.17.8&quot;,&quot;3.20.6&quot;,&quot;3.3.3&quot;,&quot;3.4.7&quot;,&quot;3.4.8&quot;,&quot;3.7.11&quot;,&quot;3.9.4&quot;,&quot;3.9.8&quot;,&quot;4.2.3&quot;,&quot;4.28.4&quot;,&quot;4.31.1&quot;,&quot;5.10.1&quot;,&quot;5.14.2&quot;,&quot;5.15.2&quot;,&quot;5.17.9&quot;,&quot;5.20.10&quot;,&quot;5.23.7&quot;,&quot;5.24.2&quot;,&quot;5.25.12&quot;,&quot;5.4.6&quot;,&quot;5.4.7&quot;,&quot;5.4.9&quot;,&quot;5.5.2&quot;,&quot;5.7.7&quot;,&quot;6.11.3&quot;,&quot;6.18.5&quot;,&quot;7.10.1&quot;,&quot;7.10.2&quot;,&quot;7.10.3&quot;,&quot;7.10.4&quot;,&quot;7.10.5&quot;,&quot;7.10.7&quot;,&quot;7.11.1&quot;,&quot;7.11.2&quot;,&quot;7.14.1&quot;,&quot;7.15.1&quot;,&quot;7.15.3&quot;,&quot;7.16.10&quot;,&quot;7.16.9&quot;,&quot;7.17.1&quot;,&quot;7.17.2&quot;,&quot;7.17.3&quot;,&quot;7.2.2&quot;,&quot;7.20.6&quot;,&quot;7.24.2&quot;,&quot;7.26.11&quot;,&quot;7.3.1&quot;,&quot;7.5.13&quot;,&quot;7.6.3&quot;,&quot;7.6.9&quot;,&quot;7.7.6&quot;,&quot;7.8.1&quot;,&quot;7.8.2&quot;,&quot;7.8.7&quot;,&quot;7.9.5&quot;,&quot;8.14.5&quot;,&quot;8.20.1&quot;,&quot;8.3.5&quot;,&quot;8.32.1&quot;,&quot;8.37.2&quot;,&quot;8.42.7&quot;,&quot;8.43.4&quot;,&quot;8.45.5&quot;,&quot;8.46.3&quot;,&quot;8.50.3&quot;,&quot;8.50.4&quot;,&quot;8.51.1&quot;,&quot;8.51.4&quot;,&quot;8.52.1&quot;,&quot;8.52.2&quot;,&quot;8.52.3&quot;,&quot;8.52.4&quot;,&quot;8.52.5&quot;,&quot;8.52.6&quot;,&quot;9.1.2&quot;,&quot;9.17.6&quot;,&quot;9.23.3&quot;,&quot;9.28.1&quot;,&quot;9.29.8&quot;,&quot;9.38.2&quot;,&quot;9.38.4&quot;,&quot;9.6.2&quot;]</value></Data>
<Data name="Pleiades"><value>https://pleiades.stoa.org/places/1001896</value></Data>
</ExtendedData>
        <Point><coordinates>22.5,37.5</coordinates></Point>
      </Placemark>

      <Placemark>
        <name>Hellas (Europe)</name>
        <ExtendedData>
<Data name="name"><value>Hellas (Europe)</value></Data>
<Data name="region"><value>Europe</value></Data>
<Data name="part of"><value>Europe</value></Data>
<Data name="Wikidata"><value>https://wikidata.org/wiki/Q11772</value></Data>
<Data name="type"><value>[&quot;major region&quot;]</value></Data>
<Data name="passages"><value>[&quot;1.1.1&quot;,&quot;1.12.1&quot;,&quot;1.27.9&quot;,&quot;1.29.5&quot;,&quot;1.3.5&quot;,&quot;1.4.1&quot;,&quot;1.4.2&quot;,&quot;1.41.8&quot;,&quot;1.5.5&quot;,&quot;10.14.6&quot;,&quot;10.17.3&quot;,&quot;10.19.12&quot;,&quot;10.19.5&quot;,&quot;10.19.7&quot;,&quot;10.19.8&quot;,&quot;10.20.9&quot;,&quot;10.23.12&quot;,&quot;10.23.14&quot;,&quot;10.23.8&quot;,&quot;10.24.3&quot;,&quot;10.25.1&quot;,&quot;10.34.5&quot;,&quot;10.5.3&quot;,&quot;10.9.2&quot;,&quot;2.1.8&quot;,&quot;2.29.7&quot;,&quot;2.29.8&quot;,&quot;2.33.5&quot;,&quot;2.4.5&quot;,&quot;3.11.3&quot;,&quot;3.12.7&quot;,&quot;3.17.8&quot;,&quot;3.20.6&quot;,&quot;3.3.3&quot;,&quot;3.4.7&quot;,&quot;3.4.8&quot;,&quot;3.7.11&quot;,&quot;3.9.4&quot;,&quot;3.9.8&quot;,&quot;4.2.3&quot;,&quot;4.28.4&quot;,&quot;4.31.1&quot;,&quot;5.10.1&quot;,&quot;5.14.2&quot;,&quot;5.15.2&quot;,&quot;5.17.9&quot;,&quot;5.20.10&quot;,&quot;5.23.7&quot;,&quot;5.24.2&quot;,&quot;5.25.12&quot;,&quot;5.4.6&quot;,&quot;5.4.7&quot;,&quot;5.4.9&quot;,&quot;5.5.2&quot;,&quot;5.7.7&quot;,&quot;6.11.3&quot;,&quot;6.18.5&quot;,&quot;7.10.1&quot;,&quot;7.10.2&quot;,&quot;7.10.3&quot;,&quot;7.10.4&quot;,&quot;7.10.5&quot;,&quot;7.10.7&quot;,&quot;7.11.1&quot;,&quot;7.11.2&quot;,&quot;7.14.1&quot;,&quot;7.15.1&quot;,&quot;7.15.3&quot;,&quot;7.16.10&quot;,&quot;7.16.9&quot;,&quot;7.17.1&quot;,&quot;7.17.2&quot;,&quot;7.17.3&quot;,&quot;7.2.2&quot;,&quot;7.20.6&quot;,&quot;7.24.2&quot;,&quot;7.26.11&quot;,&quot;7.3.1&quot;,&quot;7.5.13&quot;,&quot;7.6.3&quot;,&quot;7.6.9&quot;,&quot;7.7.6&quot;,&quot;7.8.1&quot;,&quot;7.8.2&quot;,&quot;7.8.7&quot;,&quot;7.9.5&quot;,&quot;8.14.5&quot;,&quot;8.20.1&quot;,&quot;8.3.5&quot;,&quot;8.32.1&quot;,&quot;8.37.2&quot;,&quot;8.42.7&quot;,&quot;8.43.4&quot;,&quot;8.45.5&quot;,&quot;8.46.3&quot;,&quot;8.50.3&quot;,&quot;8.50.4&quot;,&quot;8.51.1&quot;,&quot;8.51.4&quot;,&quot;8.52.1&quot;,&quot;8.52.2&quot;,&quot;8.52.3&quot;,&quot;8.52.4&quot;,&quot;8.52.5&quot;,&quot;8.52.6&quot;,&quot;9.1.2&quot;,&quot;9.17.6&quot;,&quot;9.23.3&quot;,&quot;9.28.1&quot;,&quot;9.29.8&quot;,&quot;9.38.2&quot;,&quot;9.38.4&quot;,&quot;9.6.2&quot;]</value></Data>
<Data name="Pleiades"><value>https://pleiades.stoa.org/places/1001896</value></Data>
</ExtendedData>
        <Point><coordinates>22.5,37.5</coordinates></Point>
      </Placemark>

      <Placemark>
        <name>Hellas (Europe)</name>
        <ExtendedData>
<Data name="name"><value>Hellas (Europe)</value></Data>
<Data name="region"><value>Europe</value></Data>
<Data name="part of"><value>Europe</value></Data>
<Data name="Wikidata"><value>https://wikidata.org/wiki/Q11772</value></Data>
<Data name="type"><value>[&quot;major region&quot;]</value></Data>
<Data name="passages"><value>[&quot;1.1.1&quot;,&quot;1.12.1&quot;,&quot;1.27.9&quot;,&quot;1.29.5&quot;,&quot;1.3.5&quot;,&quot;1.4.1&quot;,&quot;1.4.2&quot;,&quot;1.41.8&quot;,&quot;1.5.5&quot;,&quot;10.14.6&quot;,&quot;10.17.3&quot;,&quot;10.19.12&quot;,&quot;10.19.5&quot;,&quot;10.19.7&quot;,&quot;10.19.8&quot;,&quot;10.20.9&quot;,&quot;10.23.12&quot;,&quot;10.23.14&quot;,&quot;10.23.8&quot;,&quot;10.24.3&quot;,&quot;10.25.1&quot;,&quot;10.34.5&quot;,&quot;10.5.3&quot;,&quot;10.9.2&quot;,&quot;2.1.8&quot;,&quot;2.29.7&quot;,&quot;2.29.8&quot;,&quot;2.33.5&quot;,&quot;2.4.5&quot;,&quot;3.11.3&quot;,&quot;3.12.7&quot;,&quot;3.17.8&quot;,&quot;3.20.6&quot;,&quot;3.3.3&quot;,&quot;3.4.7&quot;,&quot;3.4.8&quot;,&quot;3.7.11&quot;,&quot;3.9.4&quot;,&quot;3.9.8&quot;,&quot;4.2.3&quot;,&quot;4.28.4&quot;,&quot;4.31.1&quot;,&quot;5.10.1&quot;,&quot;5.14.2&quot;,&quot;5.15.2&quot;,&quot;5.17.9&quot;,&quot;5.20.10&quot;,&quot;5.23.7&quot;,&quot;5.24.2&quot;,&quot;5.25.12&quot;,&quot;5.4.6&quot;,&quot;5.4.7&quot;,&quot;5.4.9&quot;,&quot;5.5.2&quot;,&quot;5.7.7&quot;,&quot;6.11.3&quot;,&quot;6.18.5&quot;,&quot;7.10.1&quot;,&quot;7.10.2&quot;,&quot;7.10.3&quot;,&quot;7.10.4&quot;,&quot;7.10.5&quot;,&quot;7.10.7&quot;,&quot;7.11.1&quot;,&quot;7.11.2&quot;,&quot;7.14.1&quot;,&quot;7.15.1&quot;,&quot;7.15.3&quot;,&quot;7.16.10&quot;,&quot;7.16.9&quot;,&quot;7.17.1&quot;,&quot;7.17.2&quot;,&quot;7.17.3&quot;,&quot;7.2.2&quot;,&quot;7.20.6&quot;,&quot;7.24.2&quot;,&quot;7.26.11&quot;,&quot;7.3.1&quot;,&quot;7.5.13&quot;,&quot;7.6.3&quot;,&quot;7.6.9&quot;,&quot;7.7.6&quot;,&quot;7.8.1&quot;,&quot;7.8.2&quot;,&quot;7.8.7&quot;,&quot;7.9.5&quot;,&quot;8.14.5&quot;,&quot;8.20.1&quot;,&quot;8.3.5&quot;,&quot;8.32.1&quot;,&quot;8.37.2&quot;,&quot;8.42.7&quot;,&quot;8.43.4&quot;,&quot;8.45.5&quot;,&quot;8.46.3&quot;,&quot;8.50.3&quot;,&quot;8.50.4&quot;,&quot;8.51.1&quot;,&quot;8.51.4&quot;,&quot;8.52.1&quot;,&quot;8.52.2&quot;,&quot;8.52.3&quot;,&quot;8.52.4&quot;,&quot;8.52.5&quot;,&quot;8.52.6&quot;,&quot;9.1.2&quot;,&quot;9.17.6&quot;,&quot;9.23.3&quot;,&quot;9.28.1&quot;,&quot;9.29.8&quot;,&quot;9.38.2&quot;,&quot;9.38.4&quot;,&quot;9.6.2&quot;]</value></Data>
<Data name="Pleiades"><value>https://pleiades.stoa.org/places/1001896</value></Data>
</ExtendedData>
        <Point><coordinates>22.5,37.5</coordinates></Point>
      </Placemark>

      <Placemark>
        <name>Hellas (Europe)</name>
        <ExtendedData>
<Data name="name"><value>Hellas (Europe)</value></Data>
<Data name="region"><value>Europe</value></Data>
<Data name="part of"><value>Europe</value></Data>
<Data name="Wikidata"><value>https://wikidata.org/wiki/Q11772</value></Data>
<Data name="type"><value>[&quot;major region&quot;]</value></Data>
<Data name="passages"><value>[&quot;1.1.1&quot;,&quot;1.12.1&quot;,&quot;1.27.9&quot;,&quot;1.29.5&quot;,&quot;1.3.5&quot;,&quot;1.4.1&quot;,&quot;1.4.2&quot;,&quot;1.41.8&quot;,&quot;1.5.5&quot;,&quot;10.14.6&quot;,&quot;10.17.3&quot;,&quot;10.19.12&quot;,&quot;10.19.5&quot;,&quot;10.19.7&quot;,&quot;10.19.8&quot;,&quot;10.20.9&quot;,&quot;10.23.12&quot;,&quot;10.23.14&quot;,&quot;10.23.8&quot;,&quot;10.24.3&quot;,&quot;10.25.1&quot;,&quot;10.34.5&quot;,&quot;10.5.3&quot;,&quot;10.9.2&quot;,&quot;2.1.8&quot;,&quot;2.29.7&quot;,&quot;2.29.8&quot;,&quot;2.33.5&quot;,&quot;2.4.5&quot;,&quot;3.11.3&quot;,&quot;3.12.7&quot;,&quot;3.17.8&quot;,&quot;3.20.6&quot;,&quot;3.3.3&quot;,&quot;3.4.7&quot;,&quot;3.4.8&quot;,&quot;3.7.11&quot;,&quot;3.9.4&quot;,&quot;3.9.8&quot;,&quot;4.2.3&quot;,&quot;4.28.4&quot;,&quot;4.31.1&quot;,&quot;5.10.1&quot;,&quot;5.14.2&quot;,&quot;5.15.2&quot;,&quot;5.17.9&quot;,&quot;5.20.10&quot;,&quot;5.23.7&quot;,&quot;5.24.2&quot;,&quot;5.25.12&quot;,&quot;5.4.6&quot;,&quot;5.4.7&quot;,&quot;5.4.9&quot;,&quot;5.5.2&quot;,&quot;5.7.7&quot;,&quot;6.11.3&quot;,&quot;6.18.5&quot;,&quot;7.10.1&quot;,&quot;7.10.2&quot;,&quot;7.10.3&quot;,&quot;7.10.4&quot;,&quot;7.10.5&quot;,&quot;7.10.7&quot;,&quot;7.11.1&quot;,&quot;7.11.2&quot;,&quot;7.14.1&quot;,&quot;7.15.1&quot;,&quot;7.15.3&quot;,&quot;7.16.10&quot;,&quot;7.16.9&quot;,&quot;7.17.1&quot;,&quot;7.17.2&quot;,&quot;7.17.3&quot;,&quot;7.2.2&quot;,&quot;7.20.6&quot;,&quot;7.24.2&quot;,&quot;7.26.11&quot;,&quot;7.3.1&quot;,&quot;7.5.13&quot;,&quot;7.6.3&quot;,&quot;7.6.9&quot;,&quot;7.7.6&quot;,&quot;7.8.1&quot;,&quot;7.8.2&quot;,&quot;7.8.7&quot;,&quot;7.9.5&quot;,&quot;8.14.5&quot;,&quot;8.20.1&quot;,&quot;8.3.5&quot;,&quot;8.32.1&quot;,&quot;8.37.2&quot;,&quot;8.42.7&quot;,&quot;8.43.4&quot;,&quot;8.45.5&quot;,&quot;8.46.3&quot;,&quot;8.50.3&quot;,&quot;8.50.4&quot;,&quot;8.51.1&quot;,&quot;8.51.4&quot;,&quot;8.52.1&quot;,&quot;8.52.2&quot;,&quot;8.52.3&quot;,&quot;8.52.4&quot;,&quot;8.52.5&quot;,&quot;8.52.6&quot;,&quot;9.1.2&quot;,&quot;9.17.6&quot;,&quot;9.23.3&quot;,&quot;9.28.1&quot;,&quot;9.29.8&quot;,&quot;9.38.2&quot;,&quot;9.38.4&quot;,&quot;9.6.2&quot;]</value></Data>
<Data name="Pleiades"><value>https://pleiades.stoa.org/places/1001896</value></Data>
</ExtendedData>
        <Point><coordinates>22.5,37.5</coordinates></Point>
      </Placemark>

      <Placemark>
        <name>Hellas (Europe)</name>
        <ExtendedData>
<Data name="name"><value>Hellas (Europe)</value></Data>
<Data name="region"><value>Europe</value></Data>
<Data name="part of"><value>Europe</value></Data>
<Data name="Wikidata"><value>https://wikidata.org/wiki/Q11772</value></Data>
<Data name="type"><value>[&quot;major region&quot;]</value></Data>
<Data name="passages"><value>[&quot;1.1.1&quot;,&quot;1.12.1&quot;,&quot;1.27.9&quot;,&quot;1.29.5&quot;,&quot;1.3.5&quot;,&quot;1.4.1&quot;,&quot;1.4.2&quot;,&quot;1.41.8&quot;,&quot;1.5.5&quot;,&quot;10.14.6&quot;,&quot;10.17.3&quot;,&quot;10.19.12&quot;,&quot;10.19.5&quot;,&quot;10.19.7&quot;,&quot;10.19.8&quot;,&quot;10.20.9&quot;,&quot;10.23.12&quot;,&quot;10.23.14&quot;,&quot;10.23.8&quot;,&quot;10.24.3&quot;,&quot;10.25.1&quot;,&quot;10.34.5&quot;,&quot;10.5.3&quot;,&quot;10.9.2&quot;,&quot;2.1.8&quot;,&quot;2.29.7&quot;,&quot;2.29.8&quot;,&quot;2.33.5&quot;,&quot;2.4.5&quot;,&quot;3.11.3&quot;,&quot;3.12.7&quot;,&quot;3.17.8&quot;,&quot;3.20.6&quot;,&quot;3.3.3&quot;,&quot;3.4.7&quot;,&quot;3.4.8&quot;,&quot;3.7.11&quot;,&quot;3.9.4&quot;,&quot;3.9.8&quot;,&quot;4.2.3&quot;,&quot;4.28.4&quot;,&quot;4.31.1&quot;,&quot;5.10.1&quot;,&quot;5.14.2&quot;,&quot;5.15.2&quot;,&quot;5.17.9&quot;,&quot;5.20.10&quot;,&quot;5.23.7&quot;,&quot;5.24.2&quot;,&quot;5.25.12&quot;,&quot;5.4.6&quot;,&quot;5.4.7&quot;,&quot;5.4.9&quot;,&quot;5.5.2&quot;,&quot;5.7.7&quot;,&quot;6.11.3&quot;,&quot;6.18.5&quot;,&quot;7.10.1&quot;,&quot;7.10.2&quot;,&quot;7.10.3&quot;,&quot;7.10.4&quot;,&quot;7.10.5&quot;,&quot;7.10.7&quot;,&quot;7.11.1&quot;,&quot;7.11.2&quot;,&quot;7.14.1&quot;,&quot;7.15.1&quot;,&quot;7.15.3&quot;,&quot;7.16.10&quot;,&quot;7.16.9&quot;,&quot;7.17.1&quot;,&quot;7.17.2&quot;,&quot;7.17.3&quot;,&quot;7.2.2&quot;,&quot;7.20.6&quot;,&quot;7.24.2&quot;,&quot;7.26.11&quot;,&quot;7.3.1&quot;,&quot;7.5.13&quot;,&quot;7.6.3&quot;,&quot;7.6.9&quot;,&quot;7.7.6&quot;,&quot;7.8.1&quot;,&quot;7.8.2&quot;,&quot;7.8.7&quot;,&quot;7.9.5&quot;,&quot;8.14.5&quot;,&quot;8.20.1&quot;,&quot;8.3.5&quot;,&quot;8.32.1&quot;,&quot;8.37.2&quot;,&quot;8.42.7&quot;,&quot;8.43.4&quot;,&quot;8.45.5&quot;,&quot;8.46.3&quot;,&quot;8.50.3&quot;,&quot;8.50.4&quot;,&quot;8.51.1&quot;,&quot;8.51.4&quot;,&quot;8.52.1&quot;,&quot;8.52.2&quot;,&quot;8.52.3&quot;,&quot;8.52.4&quot;,&quot;8.52.5&quot;,&quot;8.52.6&quot;,&quot;9.1.2&quot;,&quot;9.17.6&quot;,&quot;9.23.3&quot;,&quot;9.28.1&quot;,&quot;9.29.8&quot;,&quot;9.38.2&quot;,&quot;9.38.4&quot;,&quot;9.6.2&quot;]</value></Data>
<Data name="Pleiades"><value>https://pleiades.stoa.org/places/1001896</value></Data>
</ExtendedData>
        <Point><coordinates>22.5,37.5</coordinates></Point>
      </Placemark>

      <Placemark>
        <name>Hellas (Europe)</name>
        <ExtendedData>
<Data name="name"><value>Hellas (Europe)</value></Data>
<Data name="region"><value>Europe</value></Data>
<Data name="part of"><value>Europe</value></Data>
<Data name="Wikidata"><value>https://wikidata.org/wiki/Q11772</value></Data>
<Data name="type"><value>[&quot;major region&quot;]</value></Data>
<Data name="passages"><value>[&quot;1.1.1&quot;,&quot;1.12.1&quot;,&quot;1.27.9&quot;,&quot;1.29.5&quot;,&quot;1.3.5&quot;,&quot;1.4.1&quot;,&quot;1.4.2&quot;,&quot;1.41.8&quot;,&quot;1.5.5&quot;,&quot;10.14.6&quot;,&quot;10.17.3&quot;,&quot;10.19.12&quot;,&quot;10.19.5&quot;,&quot;10.19.7&quot;,&quot;10.19.8&quot;,&quot;10.20.9&quot;,&quot;10.23.12&quot;,&quot;10.23.14&quot;,&quot;10.23.8&quot;,&quot;10.24.3&quot;,&quot;10.25.1&quot;,&quot;10.34.5&quot;,&quot;10.5.3&quot;,&quot;10.9.2&quot;,&quot;2.1.8&quot;,&quot;2.29.7&quot;,&quot;2.29.8&quot;,&quot;2.33.5&quot;,&quot;2.4.5&quot;,&quot;3.11.3&quot;,&quot;3.12.7&quot;,&quot;3.17.8&quot;,&quot;3.20.6&quot;,&quot;3.3.3&quot;,&quot;3.4.7&quot;,&quot;3.4.8&quot;,&quot;3.7.11&quot;,&quot;3.9.4&quot;,&quot;3.9.8&quot;,&quot;4.2.3&quot;,&quot;4.28.4&quot;,&quot;4.31.1&quot;,&quot;5.10.1&quot;,&quot;5.14.2&quot;,&quot;5.15.2&quot;,&quot;5.17.9&quot;,&quot;5.20.10&quot;,&quot;5.23.7&quot;,&quot;5.24.2&quot;,&quot;5.25.12&quot;,&quot;5.4.6&quot;,&quot;5.4.7&quot;,&quot;5.4.9&quot;,&quot;5.5.2&quot;,&quot;5.7.7&quot;,&quot;6.11.3&quot;,&quot;6.18.5&quot;,&quot;7.10.1&quot;,&quot;7.10.2&quot;,&quot;7.10.3&quot;,&quot;7.10.4&quot;,&quot;7.10.5&quot;,&quot;7.10.7&quot;,&quot;7.11.1&quot;,&quot;7.11.2&quot;,&quot;7.14.1&quot;,&quot;7.15.1&quot;,&quot;7.15.3&quot;,&quot;7.16.10&quot;,&quot;7.16.9&quot;,&quot;7.17.1&quot;,&quot;7.17.2&quot;,&quot;7.17.3&quot;,&quot;7.2.2&quot;,&quot;7.20.6&quot;,&quot;7.24.2&quot;,&quot;7.26.11&quot;,&quot;7.3.1&quot;,&quot;7.5.13&quot;,&quot;7.6.3&quot;,&quot;7.6.9&quot;,&quot;7.7.6&quot;,&quot;7.8.1&quot;,&quot;7.8.2&quot;,&quot;7.8.7&quot;,&quot;7.9.5&quot;,&quot;8.14.5&quot;,&quot;8.20.1&quot;,&quot;8.3.5&quot;,&quot;8.32.1&quot;,&quot;8.37.2&quot;,&quot;8.42.7&quot;,&quot;8.43.4&quot;,&quot;8.45.5&quot;,&quot;8.46.3&quot;,&quot;8.50.3&quot;,&quot;8.50.4&quot;,&quot;8.51.1&quot;,&quot;8.51.4&quot;,&quot;8.52.1&quot;,&quot;8.52.2&quot;,&quot;8.52.3&quot;,&quot;8.52.4&quot;,&quot;8.52.5&quot;,&quot;8.52.6&quot;,&quot;9.1.2&quot;,&quot;9.17.6&quot;,&quot;9.23.3&quot;,&quot;9.28.1&quot;,&quot;9.29.8&quot;,&quot;9.38.2&quot;,&quot;9.38.4&quot;,&quot;9.6.2&quot;]</value></Data>
<Data name="Pleiades"><value>https://pleiades.stoa.org/places/1001896</value></Data>
</ExtendedData>
        <Point><coordinates>22.5,37.5</coordinates></Point>
      </Placemark>

      <Placemark>
        <name>Hellas (Europe)</name>
        <ExtendedData>
<Data name="name"><value>Hellas (Europe)</value></Data>
<Data name="region"><value>Europe</value></Data>
<Data name="part of"><value>Europe</value></Data>
<Data name="Wikidata"><value>https://wikidata.org/wiki/Q11772</value></Data>
<Data name="type"><value>[&quot;major region&quot;]</value></Data>
<Data name="passages"><value>[&quot;1.1.1&quot;,&quot;1.12.1&quot;,&quot;1.27.9&quot;,&quot;1.29.5&quot;,&quot;1.3.5&quot;,&quot;1.4.1&quot;,&quot;1.4.2&quot;,&quot;1.41.8&quot;,&quot;1.5.5&quot;,&quot;10.14.6&quot;,&quot;10.17.3&quot;,&quot;10.19.12&quot;,&quot;10.19.5&quot;,&quot;10.19.7&quot;,&quot;10.19.8&quot;,&quot;10.20.9&quot;,&quot;10.23.12&quot;,&quot;10.23.14&quot;,&quot;10.23.8&quot;,&quot;10.24.3&quot;,&quot;10.25.1&quot;,&quot;10.34.5&quot;,&quot;10.5.3&quot;,&quot;10.9.2&quot;,&quot;2.1.8&quot;,&quot;2.29.7&quot;,&quot;2.29.8&quot;,&quot;2.33.5&quot;,&quot;2.4.5&quot;,&quot;3.11.3&quot;,&quot;3.12.7&quot;,&quot;3.17.8&quot;,&quot;3.20.6&quot;,&quot;3.3.3&quot;,&quot;3.4.7&quot;,&quot;3.4.8&quot;,&quot;3.7.11&quot;,&quot;3.9.4&quot;,&quot;3.9.8&quot;,&quot;4.2.3&quot;,&quot;4.28.4&quot;,&quot;4.31.1&quot;,&quot;5.10.1&quot;,&quot;5.14.2&quot;,&quot;5.15.2&quot;,&quot;5.17.9&quot;,&quot;5.20.10&quot;,&quot;5.23.7&quot;,&quot;5.24.2&quot;,&quot;5.25.12&quot;,&quot;5.4.6&quot;,&quot;5.4.7&quot;,&quot;5.4.9&quot;,&quot;5.5.2&quot;,&quot;5.7.7&quot;,&quot;6.11.3&quot;,&quot;6.18.5&quot;,&quot;7.10.1&quot;,&quot;7.10.2&quot;,&quot;7.10.3&quot;,&quot;7.10.4&quot;,&quot;7.10.5&quot;,&quot;7.10.7&quot;,&quot;7.11.1&quot;,&quot;7.11.2&quot;,&quot;7.14.1&quot;,&quot;7.15.1&quot;,&quot;7.15.3&quot;,&quot;7.16.10&quot;,&quot;7.16.9&quot;,&quot;7.17.1&quot;,&quot;7.17.2&quot;,&quot;7.17.3&quot;,&quot;7.2.2&quot;,&quot;7.20.6&quot;,&quot;7.24.2&quot;,&quot;7.26.11&quot;,&quot;7.3.1&quot;,&quot;7.5.13&quot;,&quot;7.6.3&quot;,&quot;7.6.9&quot;,&quot;7.7.6&quot;,&quot;7.8.1&quot;,&quot;7.8.2&quot;,&quot;7.8.7&quot;,&quot;7.9.5&quot;,&quot;8.14.5&quot;,&quot;8.20.1&quot;,&quot;8.3.5&quot;,&quot;8.32.1&quot;,&quot;8.37.2&quot;,&quot;8.42.7&quot;,&quot;8.43.4&quot;,&quot;8.45.5&quot;,&quot;8.46.3&quot;,&quot;8.50.3&quot;,&quot;8.50.4&quot;,&quot;8.51.1&quot;,&quot;8.51.4&quot;,&quot;8.52.1&quot;,&quot;8.52.2&quot;,&quot;8.52.3&quot;,&quot;8.52.4&quot;,&quot;8.52.5&quot;,&quot;8.52.6&quot;,&quot;9.1.2&quot;,&quot;9.17.6&quot;,&quot;9.23.3&quot;,&quot;9.28.1&quot;,&quot;9.29.8&quot;,&quot;9.38.2&quot;,&quot;9.38.4&quot;,&quot;9.6.2&quot;]</value></Data>
<Data name="Pleiades"><value>https://pleiades.stoa.org/places/1001896</value></Data>
</ExtendedData>
        <Point><coordinates>22.5,37.5</coordinates></Point>
      </Placemark>

      <Placemark>
        <name>Hellas (Europe)</name>
        <ExtendedData>
<Data name="name"><value>Hellas (Europe)</value></Data>
<Data name="region"><value>Europe</value></Data>
<Data name="part of"><value>Europe</value></Data>
<Data name="Wikidata"><value>https://wikidata.org/wiki/Q11772</value></Data>
<Data name="type"><value>[&quot;major region&quot;]</value></Data>
<Data name="passages"><value>[&quot;1.1.1&quot;,&quot;1.12.1&quot;,&quot;1.27.9&quot;,&quot;1.29.5&quot;,&quot;1.3.5&quot;,&quot;1.4.1&quot;,&quot;1.4.2&quot;,&quot;1.41.8&quot;,&quot;1.5.5&quot;,&quot;10.14.6&quot;,&quot;10.17.3&quot;,&quot;10.19.12&quot;,&quot;10.19.5&quot;,&quot;10.19.7&quot;,&quot;10.19.8&quot;,&quot;10.20.9&quot;,&quot;10.23.12&quot;,&quot;10.23.14&quot;,&quot;10.23.8&quot;,&quot;10.24.3&quot;,&quot;10.25.1&quot;,&quot;10.34.5&quot;,&quot;10.5.3&quot;,&quot;10.9.2&quot;,&quot;2.1.8&quot;,&quot;2.29.7&quot;,&quot;2.29.8&quot;,&quot;2.33.5&quot;,&quot;2.4.5&quot;,&quot;3.11.3&quot;,&quot;3.12.7&quot;,&quot;3.17.8&quot;,&quot;3.20.6&quot;,&quot;3.3.3&quot;,&quot;3.4.7&quot;,&quot;3.4.8&quot;,&quot;3.7.11&quot;,&quot;3.9.4&quot;,&quot;3.9.8&quot;,&quot;4.2.3&quot;,&quot;4.28.4&quot;,&quot;4.31.1&quot;,&quot;5.10.1&quot;,&quot;5.14.2&quot;,&quot;5.15.2&quot;,&quot;5.17.9&quot;,&quot;5.20.10&quot;,&quot;5.23.7&quot;,&quot;5.24.2&quot;,&quot;5.25.12&quot;,&quot;5.4.6&quot;,&quot;5.4.7&quot;,&quot;5.4.9&quot;,&quot;5.5.2&quot;,&quot;5.7.7&quot;,&quot;6.11.3&quot;,&quot;6.18.5&quot;,&quot;7.10.1&quot;,&quot;7.10.2&quot;,&quot;7.10.3&quot;,&quot;7.10.4&quot;,&quot;7.10.5&quot;,&quot;7.10.7&quot;,&quot;7.11.1&quot;,&quot;7.11.2&quot;,&quot;7.14.1&quot;,&quot;7.15.1&quot;,&quot;7.15.3&quot;,&quot;7.16.10&quot;,&quot;7.16.9&quot;,&quot;7.17.1&quot;,&quot;7.17.2&quot;,&quot;7.17.3&quot;,&quot;7.2.2&quot;,&quot;7.20.6&quot;,&quot;7.24.2&quot;,&quot;7.26.11&quot;,&quot;7.3.1&quot;,&quot;7.5.13&quot;,&quot;7.6.3&quot;,&quot;7.6.9&quot;,&quot;7.7.6&quot;,&quot;7.8.1&quot;,&quot;7.8.2&quot;,&quot;7.8.7&quot;,&quot;7.9.5&quot;,&quot;8.14.5&quot;,&quot;8.20.1&quot;,&quot;8.3.5&quot;,&quot;8.32.1&quot;,&quot;8.37.2&quot;,&quot;8.42.7&quot;,&quot;8.43.4&quot;,&quot;8.45.5&quot;,&quot;8.46.3&quot;,&quot;8.50.3&quot;,&quot;8.50.4&quot;,&quot;8.51.1&quot;,&quot;8.51.4&quot;,&quot;8.52.1&quot;,&quot;8.52.2&quot;,&quot;8.52.3&quot;,&quot;8.52.4&quot;,&quot;8.52.5&quot;,&quot;8.52.6&quot;,&quot;9.1.2&quot;,&quot;9.17.6&quot;,&quot;9.23.3&quot;,&quot;9.28.1&quot;,&quot;9.29.8&quot;,&quot;9.38.2&quot;,&quot;9.38.4&quot;,&quot;9.6.2&quot;]</value></Data>
<Data name="Pleiades"><value>https://pleiades.stoa.org/places/1001896</value></Data>
</ExtendedData>
        <Point><coordinates>22.5,37.5</coordinates></Point>
      </Placemark>

      <Placemark>
        <name>Hellas (Europe)</name>
        <ExtendedData>
<Data name="name"><value>Hellas (Europe)</value></Data>
<Data name="region"><value>Europe</value></Data>
<Data name="part of"><value>Europe</value></Data>
<Data name="Wikidata"><value>https://wikidata.org/wiki/Q11772</value></Data>
<Data name="type"><value>[&quot;major region&quot;]</value></Data>
<Data name="passages"><value>[&quot;1.1.1&quot;,&quot;1.12.1&quot;,&quot;1.27.9&quot;,&quot;1.29.5&quot;,&quot;1.3.5&quot;,&quot;1.4.1&quot;,&quot;1.4.2&quot;,&quot;1.41.8&quot;,&quot;1.5.5&quot;,&quot;10.14.6&quot;,&quot;10.17.3&quot;,&quot;10.19.12&quot;,&quot;10.19.5&quot;,&quot;10.19.7&quot;,&quot;10.19.8&quot;,&quot;10.20.9&quot;,&quot;10.23.12&quot;,&quot;10.23.14&quot;,&quot;10.23.8&quot;,&quot;10.24.3&quot;,&quot;10.25.1&quot;,&quot;10.34.5&quot;,&quot;10.5.3&quot;,&quot;10.9.2&quot;,&quot;2.1.8&quot;,&quot;2.29.7&quot;,&quot;2.29.8&quot;,&quot;2.33.5&quot;,&quot;2.4.5&quot;,&quot;3.11.3&quot;,&quot;3.12.7&quot;,&quot;3.17.8&quot;,&quot;3.20.6&quot;,&quot;3.3.3&quot;,&quot;3.4.7&quot;,&quot;3.4.8&quot;,&quot;3.7.11&quot;,&quot;3.9.4&quot;,&quot;3.9.8&quot;,&quot;4.2.3&quot;,&quot;4.28.4&quot;,&quot;4.31.1&quot;,&quot;5.10.1&quot;,&quot;5.14.2&quot;,&quot;5.15.2&quot;,&quot;5.17.9&quot;,&quot;5.20.10&quot;,&quot;5.23.7&quot;,&quot;5.24.2&quot;,&quot;5.25.12&quot;,&quot;5.4.6&quot;,&quot;5.4.7&quot;,&quot;5.4.9&quot;,&quot;5.5.2&quot;,&quot;5.7.7&quot;,&quot;6.11.3&quot;,&quot;6.18.5&quot;,&quot;7.10.1&quot;,&quot;7.10.2&quot;,&quot;7.10.3&quot;,&quot;7.10.4&quot;,&quot;7.10.5&quot;,&quot;7.10.7&quot;,&quot;7.11.1&quot;,&quot;7.11.2&quot;,&quot;7.14.1&quot;,&quot;7.15.1&quot;,&quot;7.15.3&quot;,&quot;7.16.10&quot;,&quot;7.16.9&quot;,&quot;7.17.1&quot;,&quot;7.17.2&quot;,&quot;7.17.3&quot;,&quot;7.2.2&quot;,&quot;7.20.6&quot;,&quot;7.24.2&quot;,&quot;7.26.11&quot;,&quot;7.3.1&quot;,&quot;7.5.13&quot;,&quot;7.6.3&quot;,&quot;7.6.9&quot;,&quot;7.7.6&quot;,&quot;7.8.1&quot;,&quot;7.8.2&quot;,&quot;7.8.7&quot;,&quot;7.9.5&quot;,&quot;8.14.5&quot;,&quot;8.20.1&quot;,&quot;8.3.5&quot;,&quot;8.32.1&quot;,&quot;8.37.2&quot;,&quot;8.42.7&quot;,&quot;8.43.4&quot;,&quot;8.45.5&quot;,&quot;8.46.3&quot;,&quot;8.50.3&quot;,&quot;8.50.4&quot;,&quot;8.51.1&quot;,&quot;8.51.4&quot;,&quot;8.52.1&quot;,&quot;8.52.2&quot;,&quot;8.52.3&quot;,&quot;8.52.4&quot;,&quot;8.52.5&quot;,&quot;8.52.6&quot;,&quot;9.1.2&quot;,&quot;9.17.6&quot;,&quot;9.23.3&quot;,&quot;9.28.1&quot;,&quot;9.29.8&quot;,&quot;9.38.2&quot;,&quot;9.38.4&quot;,&quot;9.6.2&quot;]</value></Data>
<Data name="Pleiades"><value>https://pleiades.stoa.org/places/1001896</value></Data>
</ExtendedData>
        <Point><coordinates>22.5,37.5</coordinates></Point>
      </Placemark>

      <Placemark>
        <name>Hellas (Europe)</name>
        <ExtendedData>
<Data name="name"><value>Hellas (Europe)</value></Data>
<Data name="region"><value>Europe</value></Data>
<Data name="part of"><value>Europe</value></Data>
<Data name="Wikidata"><value>https://wikidata.org/wiki/Q11772</value></Data>
<Data name="type"><value>[&quot;major region&quot;]</value></Data>
<Data name="passages"><value>[&quot;1.1.1&quot;,&quot;1.12.1&quot;,&quot;1.27.9&quot;,&quot;1.29.5&quot;,&quot;1.3.5&quot;,&quot;1.4.1&quot;,&quot;1.4.2&quot;,&quot;1.41.8&quot;,&quot;1.5.5&quot;,&quot;10.14.6&quot;,&quot;10.17.3&quot;,&quot;10.19.12&quot;,&quot;10.19.5&quot;,&quot;10.19.7&quot;,&quot;10.19.8&quot;,&quot;10.20.9&quot;,&quot;10.23.12&quot;,&quot;10.23.14&quot;,&quot;10.23.8&quot;,&quot;10.24.3&quot;,&quot;10.25.1&quot;,&quot;10.34.5&quot;,&quot;10.5.3&quot;,&quot;10.9.2&quot;,&quot;2.1.8&quot;,&quot;2.29.7&quot;,&quot;2.29.8&quot;,&quot;2.33.5&quot;,&quot;2.4.5&quot;,&quot;3.11.3&quot;,&quot;3.12.7&quot;,&quot;3.17.8&quot;,&quot;3.20.6&quot;,&quot;3.3.3&quot;,&quot;3.4.7&quot;,&quot;3.4.8&quot;,&quot;3.7.11&quot;,&quot;3.9.4&quot;,&quot;3.9.8&quot;,&quot;4.2.3&quot;,&quot;4.28.4&quot;,&quot;4.31.1&quot;,&quot;5.10.1&quot;,&quot;5.14.2&quot;,&quot;5.15.2&quot;,&quot;5.17.9&quot;,&quot;5.20.10&quot;,&quot;5.23.7&quot;,&quot;5.24.2&quot;,&quot;5.25.12&quot;,&quot;5.4.6&quot;,&quot;5.4.7&quot;,&quot;5.4.9&quot;,&quot;5.5.2&quot;,&quot;5.7.7&quot;,&quot;6.11.3&quot;,&quot;6.18.5&quot;,&quot;7.10.1&quot;,&quot;7.10.2&quot;,&quot;7.10.3&quot;,&quot;7.10.4&quot;,&quot;7.10.5&quot;,&quot;7.10.7&quot;,&quot;7.11.1&quot;,&quot;7.11.2&quot;,&quot;7.14.1&quot;,&quot;7.15.1&quot;,&quot;7.15.3&quot;,&quot;7.16.10&quot;,&quot;7.16.9&quot;,&quot;7.17.1&quot;,&quot;7.17.2&quot;,&quot;7.17.3&quot;,&quot;7.2.2&quot;,&quot;7.20.6&quot;,&quot;7.24.2&quot;,&quot;7.26.11&quot;,&quot;7.3.1&quot;,&quot;7.5.13&quot;,&quot;7.6.3&quot;,&quot;7.6.9&quot;,&quot;7.7.6&quot;,&quot;7.8.1&quot;,&quot;7.8.2&quot;,&quot;7.8.7&quot;,&quot;7.9.5&quot;,&quot;8.14.5&quot;,&quot;8.20.1&quot;,&quot;8.3.5&quot;,&quot;8.32.1&quot;,&quot;8.37.2&quot;,&quot;8.42.7&quot;,&quot;8.43.4&quot;,&quot;8.45.5&quot;,&quot;8.46.3&quot;,&quot;8.50.3&quot;,&quot;8.50.4&quot;,&quot;8.51.1&quot;,&quot;8.51.4&quot;,&quot;8.52.1&quot;,&quot;8.52.2&quot;,&quot;8.52.3&quot;,&quot;8.52.4&quot;,&quot;8.52.5&quot;,&quot;8.52.6&quot;,&quot;9.1.2&quot;,&quot;9.17.6&quot;,&quot;9.23.3&quot;,&quot;9.28.1&quot;,&quot;9.29.8&quot;,&quot;9.38.2&quot;,&quot;9.38.4&quot;,&quot;9.6.2&quot;]</value></Data>
<Data name="Pleiades"><value>https://pleiades.stoa.org/places/1001896</value></Data>
</ExtendedData>
        <Point><coordinates>22.5,37.5</coordinates></Point>
      </Placemark>

      <Placemark>
        <name>Hellas (Europe)</name>
        <ExtendedData>
<Data name="name"><value>Hellas (Europe)</value></Data>
<Data name="region"><value>Europe</value></Data>
<Data name="part of"><value>Europe</value></Data>
<Data name="Wikidata"><value>https://wikidata.org/wiki/Q11772</value></Data>
<Data name="type"><value>[&quot;major region&quot;]</value></Data>
<Data name="passages"><value>[&quot;1.1.1&quot;,&quot;1.12.1&quot;,&quot;1.27.9&quot;,&quot;1.29.5&quot;,&quot;1.3.5&quot;,&quot;1.4.1&quot;,&quot;1.4.2&quot;,&quot;1.41.8&quot;,&quot;1.5.5&quot;,&quot;10.14.6&quot;,&quot;10.17.3&quot;,&quot;10.19.12&quot;,&quot;10.19.5&quot;,&quot;10.19.7&quot;,&quot;10.19.8&quot;,&quot;10.20.9&quot;,&quot;10.23.12&quot;,&quot;10.23.14&quot;,&quot;10.23.8&quot;,&quot;10.24.3&quot;,&quot;10.25.1&quot;,&quot;10.34.5&quot;,&quot;10.5.3&quot;,&quot;10.9.2&quot;,&quot;2.1.8&quot;,&quot;2.29.7&quot;,&quot;2.29.8&quot;,&quot;2.33.5&quot;,&quot;2.4.5&quot;,&quot;3.11.3&quot;,&quot;3.12.7&quot;,&quot;3.17.8&quot;,&quot;3.20.6&quot;,&quot;3.3.3&quot;,&quot;3.4.7&quot;,&quot;3.4.8&quot;,&quot;3.7.11&quot;,&quot;3.9.4&quot;,&quot;3.9.8&quot;,&quot;4.2.3&quot;,&quot;4.28.4&quot;,&quot;4.31.1&quot;,&quot;5.10.1&quot;,&quot;5.14.2&quot;,&quot;5.15.2&quot;,&quot;5.17.9&quot;,&quot;5.20.10&quot;,&quot;5.23.7&quot;,&quot;5.24.2&quot;,&quot;5.25.12&quot;,&quot;5.4.6&quot;,&quot;5.4.7&quot;,&quot;5.4.9&quot;,&quot;5.5.2&quot;,&quot;5.7.7&quot;,&quot;6.11.3&quot;,&quot;6.18.5&quot;,&quot;7.10.1&quot;,&quot;7.10.2&quot;,&quot;7.10.3&quot;,&quot;7.10.4&quot;,&quot;7.10.5&quot;,&quot;7.10.7&quot;,&quot;7.11.1&quot;,&quot;7.11.2&quot;,&quot;7.14.1&quot;,&quot;7.15.1&quot;,&quot;7.15.3&quot;,&quot;7.16.10&quot;,&quot;7.16.9&quot;,&quot;7.17.1&quot;,&quot;7.17.2&quot;,&quot;7.17.3&quot;,&quot;7.2.2&quot;,&quot;7.20.6&quot;,&quot;7.24.2&quot;,&quot;7.26.11&quot;,&quot;7.3.1&quot;,&quot;7.5.13&quot;,&quot;7.6.3&quot;,&quot;7.6.9&quot;,&quot;7.7.6&quot;,&quot;7.8.1&quot;,&quot;7.8.2&quot;,&quot;7.8.7&quot;,&quot;7.9.5&quot;,&quot;8.14.5&quot;,&quot;8.20.1&quot;,&quot;8.3.5&quot;,&quot;8.32.1&quot;,&quot;8.37.2&quot;,&quot;8.42.7&quot;,&quot;8.43.4&quot;,&quot;8.45.5&quot;,&quot;8.46.3&quot;,&quot;8.50.3&quot;,&quot;8.50.4&quot;,&quot;8.51.1&quot;,&quot;8.51.4&quot;,&quot;8.52.1&quot;,&quot;8.52.2&quot;,&quot;8.52.3&quot;,&quot;8.52.4&quot;,&quot;8.52.5&quot;,&quot;8.52.6&quot;,&quot;9.1.2&quot;,&quot;9.17.6&quot;,&quot;9.23.3&quot;,&quot;9.28.1&quot;,&quot;9.29.8&quot;,&quot;9.38.2&quot;,&quot;9.38.4&quot;,&quot;9.6.2&quot;]</value></Data>
<Data name="Pleiades"><value>https://pleiades.stoa.org/places/1001896</value></Data>
</ExtendedData>
        <Point><coordinates>22.5,37.5</coordinates></Point>
      </Placemark>

      <Placemark>
        <name>Hellas (Europe)</name>
        <ExtendedData>
<Data name="name"><value>Hellas (Europe)</value></Data>
<Data name="region"><value>Europe</value></Data>
<Data name="part of"><value>Europe</value></Data>
<Data name="Wikidata"><value>https://wikidata.org/wiki/Q11772</value></Data>
<Data name="type"><value>[&quot;major region&quot;]</value></Data>
<Data name="passages"><value>[&quot;1.1.1&quot;,&quot;1.12.1&quot;,&quot;1.27.9&quot;,&quot;1.29.5&quot;,&quot;1.3.5&quot;,&quot;1.4.1&quot;,&quot;1.4.2&quot;,&quot;1.41.8&quot;,&quot;1.5.5&quot;,&quot;10.14.6&quot;,&quot;10.17.3&quot;,&quot;10.19.12&quot;,&quot;10.19.5&quot;,&quot;10.19.7&quot;,&quot;10.19.8&quot;,&quot;10.20.9&quot;,&quot;10.23.12&quot;,&quot;10.23.14&quot;,&quot;10.23.8&quot;,&quot;10.24.3&quot;,&quot;10.25.1&quot;,&quot;10.34.5&quot;,&quot;10.5.3&quot;,&quot;10.9.2&quot;,&quot;2.1.8&quot;,&quot;2.29.7&quot;,&quot;2.29.8&quot;,&quot;2.33.5&quot;,&quot;2.4.5&quot;,&quot;3.11.3&quot;,&quot;3.12.7&quot;,&quot;3.17.8&quot;,&quot;3.20.6&quot;,&quot;3.3.3&quot;,&quot;3.4.7&quot;,&quot;3.4.8&quot;,&quot;3.7.11&quot;,&quot;3.9.4&quot;,&quot;3.9.8&quot;,&quot;4.2.3&quot;,&quot;4.28.4&quot;,&quot;4.31.1&quot;,&quot;5.10.1&quot;,&quot;5.14.2&quot;,&quot;5.15.2&quot;,&quot;5.17.9&quot;,&quot;5.20.10&quot;,&quot;5.23.7&quot;,&quot;5.24.2&quot;,&quot;5.25.12&quot;,&quot;5.4.6&quot;,&quot;5.4.7&quot;,&quot;5.4.9&quot;,&quot;5.5.2&quot;,&quot;5.7.7&quot;,&quot;6.11.3&quot;,&quot;6.18.5&quot;,&quot;7.10.1&quot;,&quot;7.10.2&quot;,&quot;7.10.3&quot;,&quot;7.10.4&quot;,&quot;7.10.5&quot;,&quot;7.10.7&quot;,&quot;7.11.1&quot;,&quot;7.11.2&quot;,&quot;7.14.1&quot;,&quot;7.15.1&quot;,&quot;7.15.3&quot;,&quot;7.16.10&quot;,&quot;7.16.9&quot;,&quot;7.17.1&quot;,&quot;7.17.2&quot;,&quot;7.17.3&quot;,&quot;7.2.2&quot;,&quot;7.20.6&quot;,&quot;7.24.2&quot;,&quot;7.26.11&quot;,&quot;7.3.1&quot;,&quot;7.5.13&quot;,&quot;7.6.3&quot;,&quot;7.6.9&quot;,&quot;7.7.6&quot;,&quot;7.8.1&quot;,&quot;7.8.2&quot;,&quot;7.8.7&quot;,&quot;7.9.5&quot;,&quot;8.14.5&quot;,&quot;8.20.1&quot;,&quot;8.3.5&quot;,&quot;8.32.1&quot;,&quot;8.37.2&quot;,&quot;8.42.7&quot;,&quot;8.43.4&quot;,&quot;8.45.5&quot;,&quot;8.46.3&quot;,&quot;8.50.3&quot;,&quot;8.50.4&quot;,&quot;8.51.1&quot;,&quot;8.51.4&quot;,&quot;8.52.1&quot;,&quot;8.52.2&quot;,&quot;8.52.3&quot;,&quot;8.52.4&quot;,&quot;8.52.5&quot;,&quot;8.52.6&quot;,&quot;9.1.2&quot;,&quot;9.17.6&quot;,&quot;9.23.3&quot;,&quot;9.28.1&quot;,&quot;9.29.8&quot;,&quot;9.38.2&quot;,&quot;9.38.4&quot;,&quot;9.6.2&quot;]</value></Data>
<Data name="Pleiades"><value>https://pleiades.stoa.org/places/1001896</value></Data>
</ExtendedData>
        <Point><coordinates>22.5,37.5</coordinates></Point>
      </Placemark>

      <Placemark>
        <name>Hellas (Europe)</name>
        <ExtendedData>
<Data name="name"><value>Hellas (Europe)</value></Data>
<Data name="region"><value>Europe</value></Data>
<Data name="part of"><value>Europe</value></Data>
<Data name="Wikidata"><value>https://wikidata.org/wiki/Q11772</value></Data>
<Data name="type"><value>[&quot;major region&quot;]</value></Data>
<Data name="passages"><value>[&quot;1.1.1&quot;,&quot;1.12.1&quot;,&quot;1.27.9&quot;,&quot;1.29.5&quot;,&quot;1.3.5&quot;,&quot;1.4.1&quot;,&quot;1.4.2&quot;,&quot;1.41.8&quot;,&quot;1.5.5&quot;,&quot;10.14.6&quot;,&quot;10.17.3&quot;,&quot;10.19.12&quot;,&quot;10.19.5&quot;,&quot;10.19.7&quot;,&quot;10.19.8&quot;,&quot;10.20.9&quot;,&quot;10.23.12&quot;,&quot;10.23.14&quot;,&quot;10.23.8&quot;,&quot;10.24.3&quot;,&quot;10.25.1&quot;,&quot;10.34.5&quot;,&quot;10.5.3&quot;,&quot;10.9.2&quot;,&quot;2.1.8&quot;,&quot;2.29.7&quot;,&quot;2.29.8&quot;,&quot;2.33.5&quot;,&quot;2.4.5&quot;,&quot;3.11.3&quot;,&quot;3.12.7&quot;,&quot;3.17.8&quot;,&quot;3.20.6&quot;,&quot;3.3.3&quot;,&quot;3.4.7&quot;,&quot;3.4.8&quot;,&quot;3.7.11&quot;,&quot;3.9.4&quot;,&quot;3.9.8&quot;,&quot;4.2.3&quot;,&quot;4.28.4&quot;,&quot;4.31.1&quot;,&quot;5.10.1&quot;,&quot;5.14.2&quot;,&quot;5.15.2&quot;,&quot;5.17.9&quot;,&quot;5.20.10&quot;,&quot;5.23.7&quot;,&quot;5.24.2&quot;,&quot;5.25.12&quot;,&quot;5.4.6&quot;,&quot;5.4.7&quot;,&quot;5.4.9&quot;,&quot;5.5.2&quot;,&quot;5.7.7&quot;,&quot;6.11.3&quot;,&quot;6.18.5&quot;,&quot;7.10.1&quot;,&quot;7.10.2&quot;,&quot;7.10.3&quot;,&quot;7.10.4&quot;,&quot;7.10.5&quot;,&quot;7.10.7&quot;,&quot;7.11.1&quot;,&quot;7.11.2&quot;,&quot;7.14.1&quot;,&quot;7.15.1&quot;,&quot;7.15.3&quot;,&quot;7.16.10&quot;,&quot;7.16.9&quot;,&quot;7.17.1&quot;,&quot;7.17.2&quot;,&quot;7.17.3&quot;,&quot;7.2.2&quot;,&quot;7.20.6&quot;,&quot;7.24.2&quot;,&quot;7.26.11&quot;,&quot;7.3.1&quot;,&quot;7.5.13&quot;,&quot;7.6.3&quot;,&quot;7.6.9&quot;,&quot;7.7.6&quot;,&quot;7.8.1&quot;,&quot;7.8.2&quot;,&quot;7.8.7&quot;,&quot;7.9.5&quot;,&quot;8.14.5&quot;,&quot;8.20.1&quot;,&quot;8.3.5&quot;,&quot;8.32.1&quot;,&quot;8.37.2&quot;,&quot;8.42.7&quot;,&quot;8.43.4&quot;,&quot;8.45.5&quot;,&quot;8.46.3&quot;,&quot;8.50.3&quot;,&quot;8.50.4&quot;,&quot;8.51.1&quot;,&quot;8.51.4&quot;,&quot;8.52.1&quot;,&quot;8.52.2&quot;,&quot;8.52.3&quot;,&quot;8.52.4&quot;,&quot;8.52.5&quot;,&quot;8.52.6&quot;,&quot;9.1.2&quot;,&quot;9.17.6&quot;,&quot;9.23.3&quot;,&quot;9.28.1&quot;,&quot;9.29.8&quot;,&quot;9.38.2&quot;,&quot;9.38.4&quot;,&quot;9.6.2&quot;]</value></Data>
<Data name="Pleiades"><value>https://pleiades.stoa.org/places/1001896</value></Data>
</ExtendedData>
        <Point><coordinates>22.5,37.5</coordinates></Point>
      </Placemark>

      <Placemark>
        <name>Hellas (Europe)</name>
        <ExtendedData>
<Data name="name"><value>Hellas (Europe)</value></Data>
<Data name="region"><value>Europe</value></Data>
<Data name="part of"><value>Europe</value></Data>
<Data name="Wikidata"><value>https://wikidata.org/wiki/Q11772</value></Data>
<Data name="type"><value>[&quot;major region&quot;]</value></Data>
<Data name="passages"><value>[&quot;1.1.1&quot;,&quot;1.12.1&quot;,&quot;1.27.9&quot;,&quot;1.29.5&quot;,&quot;1.3.5&quot;,&quot;1.4.1&quot;,&quot;1.4.2&quot;,&quot;1.41.8&quot;,&quot;1.5.5&quot;,&quot;10.14.6&quot;,&quot;10.17.3&quot;,&quot;10.19.12&quot;,&quot;10.19.5&quot;,&quot;10.19.7&quot;,&quot;10.19.8&quot;,&quot;10.20.9&quot;,&quot;10.23.12&quot;,&quot;10.23.14&quot;,&quot;10.23.8&quot;,&quot;10.24.3&quot;,&quot;10.25.1&quot;,&quot;10.34.5&quot;,&quot;10.5.3&quot;,&quot;10.9.2&quot;,&quot;2.1.8&quot;,&quot;2.29.7&quot;,&quot;2.29.8&quot;,&quot;2.33.5&quot;,&quot;2.4.5&quot;,&quot;3.11.3&quot;,&quot;3.12.7&quot;,&quot;3.17.8&quot;,&quot;3.20.6&quot;,&quot;3.3.3&quot;,&quot;3.4.7&quot;,&quot;3.4.8&quot;,&quot;3.7.11&quot;,&quot;3.9.4&quot;,&quot;3.9.8&quot;,&quot;4.2.3&quot;,&quot;4.28.4&quot;,&quot;4.31.1&quot;,&quot;5.10.1&quot;,&quot;5.14.2&quot;,&quot;5.15.2&quot;,&quot;5.17.9&quot;,&quot;5.20.10&quot;,&quot;5.23.7&quot;,&quot;5.24.2&quot;,&quot;5.25.12&quot;,&quot;5.4.6&quot;,&quot;5.4.7&quot;,&quot;5.4.9&quot;,&quot;5.5.2&quot;,&quot;5.7.7&quot;,&quot;6.11.3&quot;,&quot;6.18.5&quot;,&quot;7.10.1&quot;,&quot;7.10.2&quot;,&quot;7.10.3&quot;,&quot;7.10.4&quot;,&quot;7.10.5&quot;,&quot;7.10.7&quot;,&quot;7.11.1&quot;,&quot;7.11.2&quot;,&quot;7.14.1&quot;,&quot;7.15.1&quot;,&quot;7.15.3&quot;,&quot;7.16.10&quot;,&quot;7.16.9&quot;,&quot;7.17.1&quot;,&quot;7.17.2&quot;,&quot;7.17.3&quot;,&quot;7.2.2&quot;,&quot;7.20.6&quot;,&quot;7.24.2&quot;,&quot;7.26.11&quot;,&quot;7.3.1&quot;,&quot;7.5.13&quot;,&quot;7.6.3&quot;,&quot;7.6.9&quot;,&quot;7.7.6&quot;,&quot;7.8.1&quot;,&quot;7.8.2&quot;,&quot;7.8.7&quot;,&quot;7.9.5&quot;,&quot;8.14.5&quot;,&quot;8.20.1&quot;,&quot;8.3.5&quot;,&quot;8.32.1&quot;,&quot;8.37.2&quot;,&quot;8.42.7&quot;,&quot;8.43.4&quot;,&quot;8.45.5&quot;,&quot;8.46.3&quot;,&quot;8.50.3&quot;,&quot;8.50.4&quot;,&quot;8.51.1&quot;,&quot;8.51.4&quot;,&quot;8.52.1&quot;,&quot;8.52.2&quot;,&quot;8.52.3&quot;,&quot;8.52.4&quot;,&quot;8.52.5&quot;,&quot;8.52.6&quot;,&quot;9.1.2&quot;,&quot;9.17.6&quot;,&quot;9.23.3&quot;,&quot;9.28.1&quot;,&quot;9.29.8&quot;,&quot;9.38.2&quot;,&quot;9.38.4&quot;,&quot;9.6.2&quot;]</value></Data>
<Data name="Pleiades"><value>https://pleiades.stoa.org/places/1001896</value></Data>
</ExtendedData>
        <Point><coordinates>22.5,37.5</coordinates></Point>
      </Placemark>

      <Placemark>
        <name>Hellas (Europe)</name>
        <ExtendedData>
<Data name="name"><value>Hellas (Europe)</value></Data>
<Data name="region"><value>Europe</value></Data>
<Data name="part of"><value>Europe</value></Data>
<Data name="Wikidata"><value>https://wikidata.org/wiki/Q11772</value></Data>
<Data name="type"><value>[&quot;major region&quot;]</value></Data>
<Data name="passages"><value>[&quot;1.1.1&quot;,&quot;1.12.1&quot;,&quot;1.27.9&quot;,&quot;1.29.5&quot;,&quot;1.3.5&quot;,&quot;1.4.1&quot;,&quot;1.4.2&quot;,&quot;1.41.8&quot;,&quot;1.5.5&quot;,&quot;10.14.6&quot;,&quot;10.17.3&quot;,&quot;10.19.12&quot;,&quot;10.19.5&quot;,&quot;10.19.7&quot;,&quot;10.19.8&quot;,&quot;10.20.9&quot;,&quot;10.23.12&quot;,&quot;10.23.14&quot;,&quot;10.23.8&quot;,&quot;10.24.3&quot;,&quot;10.25.1&quot;,&quot;10.34.5&quot;,&quot;10.5.3&quot;,&quot;10.9.2&quot;,&quot;2.1.8&quot;,&quot;2.29.7&quot;,&quot;2.29.8&quot;,&quot;2.33.5&quot;,&quot;2.4.5&quot;,&quot;3.11.3&quot;,&quot;3.12.7&quot;,&quot;3.17.8&quot;,&quot;3.20.6&quot;,&quot;3.3.3&quot;,&quot;3.4.7&quot;,&quot;3.4.8&quot;,&quot;3.7.11&quot;,&quot;3.9.4&quot;,&quot;3.9.8&quot;,&quot;4.2.3&quot;,&quot;4.28.4&quot;,&quot;4.31.1&quot;,&quot;5.10.1&quot;,&quot;5.14.2&quot;,&quot;5.15.2&quot;,&quot;5.17.9&quot;,&quot;5.20.10&quot;,&quot;5.23.7&quot;,&quot;5.24.2&quot;,&quot;5.25.12&quot;,&quot;5.4.6&quot;,&quot;5.4.7&quot;,&quot;5.4.9&quot;,&quot;5.5.2&quot;,&quot;5.7.7&quot;,&quot;6.11.3&quot;,&quot;6.18.5&quot;,&quot;7.10.1&quot;,&quot;7.10.2&quot;,&quot;7.10.3&quot;,&quot;7.10.4&quot;,&quot;7.10.5&quot;,&quot;7.10.7&quot;,&quot;7.11.1&quot;,&quot;7.11.2&quot;,&quot;7.14.1&quot;,&quot;7.15.1&quot;,&quot;7.15.3&quot;,&quot;7.16.10&quot;,&quot;7.16.9&quot;,&quot;7.17.1&quot;,&quot;7.17.2&quot;,&quot;7.17.3&quot;,&quot;7.2.2&quot;,&quot;7.20.6&quot;,&quot;7.24.2&quot;,&quot;7.26.11&quot;,&quot;7.3.1&quot;,&quot;7.5.13&quot;,&quot;7.6.3&quot;,&quot;7.6.9&quot;,&quot;7.7.6&quot;,&quot;7.8.1&quot;,&quot;7.8.2&quot;,&quot;7.8.7&quot;,&quot;7.9.5&quot;,&quot;8.14.5&quot;,&quot;8.20.1&quot;,&quot;8.3.5&quot;,&quot;8.32.1&quot;,&quot;8.37.2&quot;,&quot;8.42.7&quot;,&quot;8.43.4&quot;,&quot;8.45.5&quot;,&quot;8.46.3&quot;,&quot;8.50.3&quot;,&quot;8.50.4&quot;,&quot;8.51.1&quot;,&quot;8.51.4&quot;,&quot;8.52.1&quot;,&quot;8.52.2&quot;,&quot;8.52.3&quot;,&quot;8.52.4&quot;,&quot;8.52.5&quot;,&quot;8.52.6&quot;,&quot;9.1.2&quot;,&quot;9.17.6&quot;,&quot;9.23.3&quot;,&quot;9.28.1&quot;,&quot;9.29.8&quot;,&quot;9.38.2&quot;,&quot;9.38.4&quot;,&quot;9.6.2&quot;]</value></Data>
<Data name="Pleiades"><value>https://pleiades.stoa.org/places/1001896</value></Data>
</ExtendedData>
        <Point><coordinates>22.5,37.5</coordinates></Point>
      </Placemark>

      <Placemark>
        <name>Hellas (Europe)</name>
        <ExtendedData>
<Data name="name"><value>Hellas (Europe)</value></Data>
<Data name="region"><value>Europe</value></Data>
<Data name="part of"><value>Europe</value></Data>
<Data name="Wikidata"><value>https://wikidata.org/wiki/Q11772</value></Data>
<Data name="type"><value>[&quot;major region&quot;]</value></Data>
<Data name="passages"><value>[&quot;1.1.1&quot;,&quot;1.12.1&quot;,&quot;1.27.9&quot;,&quot;1.29.5&quot;,&quot;1.3.5&quot;,&quot;1.4.1&quot;,&quot;1.4.2&quot;,&quot;1.41.8&quot;,&quot;1.5.5&quot;,&quot;10.14.6&quot;,&quot;10.17.3&quot;,&quot;10.19.12&quot;,&quot;10.19.5&quot;,&quot;10.19.7&quot;,&quot;10.19.8&quot;,&quot;10.20.9&quot;,&quot;10.23.12&quot;,&quot;10.23.14&quot;,&quot;10.23.8&quot;,&quot;10.24.3&quot;,&quot;10.25.1&quot;,&quot;10.34.5&quot;,&quot;10.5.3&quot;,&quot;10.9.2&quot;,&quot;2.1.8&quot;,&quot;2.29.7&quot;,&quot;2.29.8&quot;,&quot;2.33.5&quot;,&quot;2.4.5&quot;,&quot;3.11.3&quot;,&quot;3.12.7&quot;,&quot;3.17.8&quot;,&quot;3.20.6&quot;,&quot;3.3.3&quot;,&quot;3.4.7&quot;,&quot;3.4.8&quot;,&quot;3.7.11&quot;,&quot;3.9.4&quot;,&quot;3.9.8&quot;,&quot;4.2.3&quot;,&quot;4.28.4&quot;,&quot;4.31.1&quot;,&quot;5.10.1&quot;,&quot;5.14.2&quot;,&quot;5.15.2&quot;,&quot;5.17.9&quot;,&quot;5.20.10&quot;,&quot;5.23.7&quot;,&quot;5.24.2&quot;,&quot;5.25.12&quot;,&quot;5.4.6&quot;,&quot;5.4.7&quot;,&quot;5.4.9&quot;,&quot;5.5.2&quot;,&quot;5.7.7&quot;,&quot;6.11.3&quot;,&quot;6.18.5&quot;,&quot;7.10.1&quot;,&quot;7.10.2&quot;,&quot;7.10.3&quot;,&quot;7.10.4&quot;,&quot;7.10.5&quot;,&quot;7.10.7&quot;,&quot;7.11.1&quot;,&quot;7.11.2&quot;,&quot;7.14.1&quot;,&quot;7.15.1&quot;,&quot;7.15.3&quot;,&quot;7.16.10&quot;,&quot;7.16.9&quot;,&quot;7.17.1&quot;,&quot;7.17.2&quot;,&quot;7.17.3&quot;,&quot;7.2.2&quot;,&quot;7.20.6&quot;,&quot;7.24.2&quot;,&quot;7.26.11&quot;,&quot;7.3.1&quot;,&quot;7.5.13&quot;,&quot;7.6.3&quot;,&quot;7.6.9&quot;,&quot;7.7.6&quot;,&quot;7.8.1&quot;,&quot;7.8.2&quot;,&quot;7.8.7&quot;,&quot;7.9.5&quot;,&quot;8.14.5&quot;,&quot;8.20.1&quot;,&quot;8.3.5&quot;,&quot;8.32.1&quot;,&quot;8.37.2&quot;,&quot;8.42.7&quot;,&quot;8.43.4&quot;,&quot;8.45.5&quot;,&quot;8.46.3&quot;,&quot;8.50.3&quot;,&quot;8.50.4&quot;,&quot;8.51.1&quot;,&quot;8.51.4&quot;,&quot;8.52.1&quot;,&quot;8.52.2&quot;,&quot;8.52.3&quot;,&quot;8.52.4&quot;,&quot;8.52.5&quot;,&quot;8.52.6&quot;,&quot;9.1.2&quot;,&quot;9.17.6&quot;,&quot;9.23.3&quot;,&quot;9.28.1&quot;,&quot;9.29.8&quot;,&quot;9.38.2&quot;,&quot;9.38.4&quot;,&quot;9.6.2&quot;]</value></Data>
<Data name="Pleiades"><value>https://pleiades.stoa.org/places/1001896</value></Data>
</ExtendedData>
        <Point><coordinates>22.5,37.5</coordinates></Point>
      </Placemark>

      <Placemark>
        <name>Hellas (Europe)</name>
        <ExtendedData>
<Data name="name"><value>Hellas (Europe)</value></Data>
<Data name="region"><value>Europe</value></Data>
<Data name="part of"><value>Europe</value></Data>
<Data name="Wikidata"><value>https://wikidata.org/wiki/Q11772</value></Data>
<Data name="type"><value>[&quot;major region&quot;]</value></Data>
<Data name="passages"><value>[&quot;1.1.1&quot;,&quot;1.12.1&quot;,&quot;1.27.9&quot;,&quot;1.29.5&quot;,&quot;1.3.5&quot;,&quot;1.4.1&quot;,&quot;1.4.2&quot;,&quot;1.41.8&quot;,&quot;1.5.5&quot;,&quot;10.14.6&quot;,&quot;10.17.3&quot;,&quot;10.19.12&quot;,&quot;10.19.5&quot;,&quot;10.19.7&quot;,&quot;10.19.8&quot;,&quot;10.20.9&quot;,&quot;10.23.12&quot;,&quot;10.23.14&quot;,&quot;10.23.8&quot;,&quot;10.24.3&quot;,&quot;10.25.1&quot;,&quot;10.34.5&quot;,&quot;10.5.3&quot;,&quot;10.9.2&quot;,&quot;2.1.8&quot;,&quot;2.29.7&quot;,&quot;2.29.8&quot;,&quot;2.33.5&quot;,&quot;2.4.5&quot;,&quot;3.11.3&quot;,&quot;3.12.7&quot;,&quot;3.17.8&quot;,&quot;3.20.6&quot;,&quot;3.3.3&quot;,&quot;3.4.7&quot;,&quot;3.4.8&quot;,&quot;3.7.11&quot;,&quot;3.9.4&quot;,&quot;3.9.8&quot;,&quot;4.2.3&quot;,&quot;4.28.4&quot;,&quot;4.31.1&quot;,&quot;5.10.1&quot;,&quot;5.14.2&quot;,&quot;5.15.2&quot;,&quot;5.17.9&quot;,&quot;5.20.10&quot;,&quot;5.23.7&quot;,&quot;5.24.2&quot;,&quot;5.25.12&quot;,&quot;5.4.6&quot;,&quot;5.4.7&quot;,&quot;5.4.9&quot;,&quot;5.5.2&quot;,&quot;5.7.7&quot;,&quot;6.11.3&quot;,&quot;6.18.5&quot;,&quot;7.10.1&quot;,&quot;7.10.2&quot;,&quot;7.10.3&quot;,&quot;7.10.4&quot;,&quot;7.10.5&quot;,&quot;7.10.7&quot;,&quot;7.11.1&quot;,&quot;7.11.2&quot;,&quot;7.14.1&quot;,&quot;7.15.1&quot;,&quot;7.15.3&quot;,&quot;7.16.10&quot;,&quot;7.16.9&quot;,&quot;7.17.1&quot;,&quot;7.17.2&quot;,&quot;7.17.3&quot;,&quot;7.2.2&quot;,&quot;7.20.6&quot;,&quot;7.24.2&quot;,&quot;7.26.11&quot;,&quot;7.3.1&quot;,&quot;7.5.13&quot;,&quot;7.6.3&quot;,&quot;7.6.9&quot;,&quot;7.7.6&quot;,&quot;7.8.1&quot;,&quot;7.8.2&quot;,&quot;7.8.7&quot;,&quot;7.9.5&quot;,&quot;8.14.5&quot;,&quot;8.20.1&quot;,&quot;8.3.5&quot;,&quot;8.32.1&quot;,&quot;8.37.2&quot;,&quot;8.42.7&quot;,&quot;8.43.4&quot;,&quot;8.45.5&quot;,&quot;8.46.3&quot;,&quot;8.50.3&quot;,&quot;8.50.4&quot;,&quot;8.51.1&quot;,&quot;8.51.4&quot;,&quot;8.52.1&quot;,&quot;8.52.2&quot;,&quot;8.52.3&quot;,&quot;8.52.4&quot;,&quot;8.52.5&quot;,&quot;8.52.6&quot;,&quot;9.1.2&quot;,&quot;9.17.6&quot;,&quot;9.23.3&quot;,&quot;9.28.1&quot;,&quot;9.29.8&quot;,&quot;9.38.2&quot;,&quot;9.38.4&quot;,&quot;9.6.2&quot;]</value></Data>
<Data name="Pleiades"><value>https://pleiades.stoa.org/places/1001896</value></Data>
</ExtendedData>
        <Point><coordinates>22.5,37.5</coordinates></Point>
      </Placemark>

      <Placemark>
        <name>Hellas (Europe)</name>
        <ExtendedData>
<Data name="name"><value>Hellas (Europe)</value></Data>
<Data name="region"><value>Europe</value></Data>
<Data name="part of"><value>Europe</value></Data>
<Data name="Wikidata"><value>https://wikidata.org/wiki/Q11772</value></Data>
<Data name="type"><value>[&quot;major region&quot;]</value></Data>
<Data name="passages"><value>[&quot;1.1.1&quot;,&quot;1.12.1&quot;,&quot;1.27.9&quot;,&quot;1.29.5&quot;,&quot;1.3.5&quot;,&quot;1.4.1&quot;,&quot;1.4.2&quot;,&quot;1.41.8&quot;,&quot;1.5.5&quot;,&quot;10.14.6&quot;,&quot;10.17.3&quot;,&quot;10.19.12&quot;,&quot;10.19.5&quot;,&quot;10.19.7&quot;,&quot;10.19.8&quot;,&quot;10.20.9&quot;,&quot;10.23.12&quot;,&quot;10.23.14&quot;,&quot;10.23.8&quot;,&quot;10.24.3&quot;,&quot;10.25.1&quot;,&quot;10.34.5&quot;,&quot;10.5.3&quot;,&quot;10.9.2&quot;,&quot;2.1.8&quot;,&quot;2.29.7&quot;,&quot;2.29.8&quot;,&quot;2.33.5&quot;,&quot;2.4.5&quot;,&quot;3.11.3&quot;,&quot;3.12.7&quot;,&quot;3.17.8&quot;,&quot;3.20.6&quot;,&quot;3.3.3&quot;,&quot;3.4.7&quot;,&quot;3.4.8&quot;,&quot;3.7.11&quot;,&quot;3.9.4&quot;,&quot;3.9.8&quot;,&quot;4.2.3&quot;,&quot;4.28.4&quot;,&quot;4.31.1&quot;,&quot;5.10.1&quot;,&quot;5.14.2&quot;,&quot;5.15.2&quot;,&quot;5.17.9&quot;,&quot;5.20.10&quot;,&quot;5.23.7&quot;,&quot;5.24.2&quot;,&quot;5.25.12&quot;,&quot;5.4.6&quot;,&quot;5.4.7&quot;,&quot;5.4.9&quot;,&quot;5.5.2&quot;,&quot;5.7.7&quot;,&quot;6.11.3&quot;,&quot;6.18.5&quot;,&quot;7.10.1&quot;,&quot;7.10.2&quot;,&quot;7.10.3&quot;,&quot;7.10.4&quot;,&quot;7.10.5&quot;,&quot;7.10.7&quot;,&quot;7.11.1&quot;,&quot;7.11.2&quot;,&quot;7.14.1&quot;,&quot;7.15.1&quot;,&quot;7.15.3&quot;,&quot;7.16.10&quot;,&quot;7.16.9&quot;,&quot;7.17.1&quot;,&quot;7.17.2&quot;,&quot;7.17.3&quot;,&quot;7.2.2&quot;,&quot;7.20.6&quot;,&quot;7.24.2&quot;,&quot;7.26.11&quot;,&quot;7.3.1&quot;,&quot;7.5.13&quot;,&quot;7.6.3&quot;,&quot;7.6.9&quot;,&quot;7.7.6&quot;,&quot;7.8.1&quot;,&quot;7.8.2&quot;,&quot;7.8.7&quot;,&quot;7.9.5&quot;,&quot;8.14.5&quot;,&quot;8.20.1&quot;,&quot;8.3.5&quot;,&quot;8.32.1&quot;,&quot;8.37.2&quot;,&quot;8.42.7&quot;,&quot;8.43.4&quot;,&quot;8.45.5&quot;,&quot;8.46.3&quot;,&quot;8.50.3&quot;,&quot;8.50.4&quot;,&quot;8.51.1&quot;,&quot;8.51.4&quot;,&quot;8.52.1&quot;,&quot;8.52.2&quot;,&quot;8.52.3&quot;,&quot;8.52.4&quot;,&quot;8.52.5&quot;,&quot;8.52.6&quot;,&quot;9.1.2&quot;,&quot;9.17.6&quot;,&quot;9.23.3&quot;,&quot;9.28.1&quot;,&quot;9.29.8&quot;,&quot;9.38.2&quot;,&quot;9.38.4&quot;,&quot;9.6.2&quot;]</value></Data>
<Data name="Pleiades"><value>https://pleiades.stoa.org/places/1001896</value></Data>
</ExtendedData>
        <Point><coordinates>22.5,37.5</coordinates></Point>
      </Placemark>

      <Placemark>
        <name>Hellas (Europe)</name>
        <ExtendedData>
<Data name="name"><value>Hellas (Europe)</value></Data>
<Data name="region"><value>Europe</value></Data>
<Data name="part of"><value>Europe</value></Data>
<Data name="Wikidata"><value>https://wikidata.org/wiki/Q11772</value></Data>
<Data name="type"><value>[&quot;major region&quot;]</value></Data>
<Data name="passages"><value>[&quot;1.1.1&quot;,&quot;1.12.1&quot;,&quot;1.27.9&quot;,&quot;1.29.5&quot;,&quot;1.3.5&quot;,&quot;1.4.1&quot;,&quot;1.4.2&quot;,&quot;1.41.8&quot;,&quot;1.5.5&quot;,&quot;10.14.6&quot;,&quot;10.17.3&quot;,&quot;10.19.12&quot;,&quot;10.19.5&quot;,&quot;10.19.7&quot;,&quot;10.19.8&quot;,&quot;10.20.9&quot;,&quot;10.23.12&quot;,&quot;10.23.14&quot;,&quot;10.23.8&quot;,&quot;10.24.3&quot;,&quot;10.25.1&quot;,&quot;10.34.5&quot;,&quot;10.5.3&quot;,&quot;10.9.2&quot;,&quot;2.1.8&quot;,&quot;2.29.7&quot;,&quot;2.29.8&quot;,&quot;2.33.5&quot;,&quot;2.4.5&quot;,&quot;3.11.3&quot;,&quot;3.12.7&quot;,&quot;3.17.8&quot;,&quot;3.20.6&quot;,&quot;3.3.3&quot;,&quot;3.4.7&quot;,&quot;3.4.8&quot;,&quot;3.7.11&quot;,&quot;3.9.4&quot;,&quot;3.9.8&quot;,&quot;4.2.3&quot;,&quot;4.28.4&quot;,&quot;4.31.1&quot;,&quot;5.10.1&quot;,&quot;5.14.2&quot;,&quot;5.15.2&quot;,&quot;5.17.9&quot;,&quot;5.20.10&quot;,&quot;5.23.7&quot;,&quot;5.24.2&quot;,&quot;5.25.12&quot;,&quot;5.4.6&quot;,&quot;5.4.7&quot;,&quot;5.4.9&quot;,&quot;5.5.2&quot;,&quot;5.7.7&quot;,&quot;6.11.3&quot;,&quot;6.18.5&quot;,&quot;7.10.1&quot;,&quot;7.10.2&quot;,&quot;7.10.3&quot;,&quot;7.10.4&quot;,&quot;7.10.5&quot;,&quot;7.10.7&quot;,&quot;7.11.1&quot;,&quot;7.11.2&quot;,&quot;7.14.1&quot;,&quot;7.15.1&quot;,&quot;7.15.3&quot;,&quot;7.16.10&quot;,&quot;7.16.9&quot;,&quot;7.17.1&quot;,&quot;7.17.2&quot;,&quot;7.17.3&quot;,&quot;7.2.2&quot;,&quot;7.20.6&quot;,&quot;7.24.2&quot;,&quot;7.26.11&quot;,&quot;7.3.1&quot;,&quot;7.5.13&quot;,&quot;7.6.3&quot;,&quot;7.6.9&quot;,&quot;7.7.6&quot;,&quot;7.8.1&quot;,&quot;7.8.2&quot;,&quot;7.8.7&quot;,&quot;7.9.5&quot;,&quot;8.14.5&quot;,&quot;8.20.1&quot;,&quot;8.3.5&quot;,&quot;8.32.1&quot;,&quot;8.37.2&quot;,&quot;8.42.7&quot;,&quot;8.43.4&quot;,&quot;8.45.5&quot;,&quot;8.46.3&quot;,&quot;8.50.3&quot;,&quot;8.50.4&quot;,&quot;8.51.1&quot;,&quot;8.51.4&quot;,&quot;8.52.1&quot;,&quot;8.52.2&quot;,&quot;8.52.3&quot;,&quot;8.52.4&quot;,&quot;8.52.5&quot;,&quot;8.52.6&quot;,&quot;9.1.2&quot;,&quot;9.17.6&quot;,&quot;9.23.3&quot;,&quot;9.28.1&quot;,&quot;9.29.8&quot;,&quot;9.38.2&quot;,&quot;9.38.4&quot;,&quot;9.6.2&quot;]</value></Data>
<Data name="Pleiades"><value>https://pleiades.stoa.org/places/1001896</value></Data>
</ExtendedData>
        <Point><coordinates>22.5,37.5</coordinates></Point>
      </Placemark>

      <Placemark>
        <name>Hellas (Europe)</name>
        <ExtendedData>
<Data name="name"><value>Hellas (Europe)</value></Data>
<Data name="region"><value>Europe</value></Data>
<Data name="part of"><value>Europe</value></Data>
<Data name="Wikidata"><value>https://wikidata.org/wiki/Q11772</value></Data>
<Data name="type"><value>[&quot;major region&quot;]</value></Data>
<Data name="passages"><value>[&quot;1.1.1&quot;,&quot;1.12.1&quot;,&quot;1.27.9&quot;,&quot;1.29.5&quot;,&quot;1.3.5&quot;,&quot;1.4.1&quot;,&quot;1.4.2&quot;,&quot;1.41.8&quot;,&quot;1.5.5&quot;,&quot;10.14.6&quot;,&quot;10.17.3&quot;,&quot;10.19.12&quot;,&quot;10.19.5&quot;,&quot;10.19.7&quot;,&quot;10.19.8&quot;,&quot;10.20.9&quot;,&quot;10.23.12&quot;,&quot;10.23.14&quot;,&quot;10.23.8&quot;,&quot;10.24.3&quot;,&quot;10.25.1&quot;,&quot;10.34.5&quot;,&quot;10.5.3&quot;,&quot;10.9.2&quot;,&quot;2.1.8&quot;,&quot;2.29.7&quot;,&quot;2.29.8&quot;,&quot;2.33.5&quot;,&quot;2.4.5&quot;,&quot;3.11.3&quot;,&quot;3.12.7&quot;,&quot;3.17.8&quot;,&quot;3.20.6&quot;,&quot;3.3.3&quot;,&quot;3.4.7&quot;,&quot;3.4.8&quot;,&quot;3.7.11&quot;,&quot;3.9.4&quot;,&quot;3.9.8&quot;,&quot;4.2.3&quot;,&quot;4.28.4&quot;,&quot;4.31.1&quot;,&quot;5.10.1&quot;,&quot;5.14.2&quot;,&quot;5.15.2&quot;,&quot;5.17.9&quot;,&quot;5.20.10&quot;,&quot;5.23.7&quot;,&quot;5.24.2&quot;,&quot;5.25.12&quot;,&quot;5.4.6&quot;,&quot;5.4.7&quot;,&quot;5.4.9&quot;,&quot;5.5.2&quot;,&quot;5.7.7&quot;,&quot;6.11.3&quot;,&quot;6.18.5&quot;,&quot;7.10.1&quot;,&quot;7.10.2&quot;,&quot;7.10.3&quot;,&quot;7.10.4&quot;,&quot;7.10.5&quot;,&quot;7.10.7&quot;,&quot;7.11.1&quot;,&quot;7.11.2&quot;,&quot;7.14.1&quot;,&quot;7.15.1&quot;,&quot;7.15.3&quot;,&quot;7.16.10&quot;,&quot;7.16.9&quot;,&quot;7.17.1&quot;,&quot;7.17.2&quot;,&quot;7.17.3&quot;,&quot;7.2.2&quot;,&quot;7.20.6&quot;,&quot;7.24.2&quot;,&quot;7.26.11&quot;,&quot;7.3.1&quot;,&quot;7.5.13&quot;,&quot;7.6.3&quot;,&quot;7.6.9&quot;,&quot;7.7.6&quot;,&quot;7.8.1&quot;,&quot;7.8.2&quot;,&quot;7.8.7&quot;,&quot;7.9.5&quot;,&quot;8.14.5&quot;,&quot;8.20.1&quot;,&quot;8.3.5&quot;,&quot;8.32.1&quot;,&quot;8.37.2&quot;,&quot;8.42.7&quot;,&quot;8.43.4&quot;,&quot;8.45.5&quot;,&quot;8.46.3&quot;,&quot;8.50.3&quot;,&quot;8.50.4&quot;,&quot;8.51.1&quot;,&quot;8.51.4&quot;,&quot;8.52.1&quot;,&quot;8.52.2&quot;,&quot;8.52.3&quot;,&quot;8.52.4&quot;,&quot;8.52.5&quot;,&quot;8.52.6&quot;,&quot;9.1.2&quot;,&quot;9.17.6&quot;,&quot;9.23.3&quot;,&quot;9.28.1&quot;,&quot;9.29.8&quot;,&quot;9.38.2&quot;,&quot;9.38.4&quot;,&quot;9.6.2&quot;]</value></Data>
<Data name="Pleiades"><value>https://pleiades.stoa.org/places/1001896</value></Data>
</ExtendedData>
        <Point><coordinates>22.5,37.5</coordinates></Point>
      </Placemark>

      <Placemark>
        <name>Hellas (Europe)</name>
        <ExtendedData>
<Data name="name"><value>Hellas (Europe)</value></Data>
<Data name="region"><value>Europe</value></Data>
<Data name="part of"><value>Europe</value></Data>
<Data name="Wikidata"><value>https://wikidata.org/wiki/Q11772</value></Data>
<Data name="type"><value>[&quot;major region&quot;]</value></Data>
<Data name="passages"><value>[&quot;1.1.1&quot;,&quot;1.12.1&quot;,&quot;1.27.9&quot;,&quot;1.29.5&quot;,&quot;1.3.5&quot;,&quot;1.4.1&quot;,&quot;1.4.2&quot;,&quot;1.41.8&quot;,&quot;1.5.5&quot;,&quot;10.14.6&quot;,&quot;10.17.3&quot;,&quot;10.19.12&quot;,&quot;10.19.5&quot;,&quot;10.19.7&quot;,&quot;10.19.8&quot;,&quot;10.20.9&quot;,&quot;10.23.12&quot;,&quot;10.23.14&quot;,&quot;10.23.8&quot;,&quot;10.24.3&quot;,&quot;10.25.1&quot;,&quot;10.34.5&quot;,&quot;10.5.3&quot;,&quot;10.9.2&quot;,&quot;2.1.8&quot;,&quot;2.29.7&quot;,&quot;2.29.8&quot;,&quot;2.33.5&quot;,&quot;2.4.5&quot;,&quot;3.11.3&quot;,&quot;3.12.7&quot;,&quot;3.17.8&quot;,&quot;3.20.6&quot;,&quot;3.3.3&quot;,&quot;3.4.7&quot;,&quot;3.4.8&quot;,&quot;3.7.11&quot;,&quot;3.9.4&quot;,&quot;3.9.8&quot;,&quot;4.2.3&quot;,&quot;4.28.4&quot;,&quot;4.31.1&quot;,&quot;5.10.1&quot;,&quot;5.14.2&quot;,&quot;5.15.2&quot;,&quot;5.17.9&quot;,&quot;5.20.10&quot;,&quot;5.23.7&quot;,&quot;5.24.2&quot;,&quot;5.25.12&quot;,&quot;5.4.6&quot;,&quot;5.4.7&quot;,&quot;5.4.9&quot;,&quot;5.5.2&quot;,&quot;5.7.7&quot;,&quot;6.11.3&quot;,&quot;6.18.5&quot;,&quot;7.10.1&quot;,&quot;7.10.2&quot;,&quot;7.10.3&quot;,&quot;7.10.4&quot;,&quot;7.10.5&quot;,&quot;7.10.7&quot;,&quot;7.11.1&quot;,&quot;7.11.2&quot;,&quot;7.14.1&quot;,&quot;7.15.1&quot;,&quot;7.15.3&quot;,&quot;7.16.10&quot;,&quot;7.16.9&quot;,&quot;7.17.1&quot;,&quot;7.17.2&quot;,&quot;7.17.3&quot;,&quot;7.2.2&quot;,&quot;7.20.6&quot;,&quot;7.24.2&quot;,&quot;7.26.11&quot;,&quot;7.3.1&quot;,&quot;7.5.13&quot;,&quot;7.6.3&quot;,&quot;7.6.9&quot;,&quot;7.7.6&quot;,&quot;7.8.1&quot;,&quot;7.8.2&quot;,&quot;7.8.7&quot;,&quot;7.9.5&quot;,&quot;8.14.5&quot;,&quot;8.20.1&quot;,&quot;8.3.5&quot;,&quot;8.32.1&quot;,&quot;8.37.2&quot;,&quot;8.42.7&quot;,&quot;8.43.4&quot;,&quot;8.45.5&quot;,&quot;8.46.3&quot;,&quot;8.50.3&quot;,&quot;8.50.4&quot;,&quot;8.51.1&quot;,&quot;8.51.4&quot;,&quot;8.52.1&quot;,&quot;8.52.2&quot;,&quot;8.52.3&quot;,&quot;8.52.4&quot;,&quot;8.52.5&quot;,&quot;8.52.6&quot;,&quot;9.1.2&quot;,&quot;9.17.6&quot;,&quot;9.23.3&quot;,&quot;9.28.1&quot;,&quot;9.29.8&quot;,&quot;9.38.2&quot;,&quot;9.38.4&quot;,&quot;9.6.2&quot;]</value></Data>
<Data name="Pleiades"><value>https://pleiades.stoa.org/places/1001896</value></Data>
</ExtendedData>
        <Point><coordinates>22.5,37.5</coordinates></Point>
      </Placemark>

      <Placemark>
        <name>Hellas (Europe)</name>
        <ExtendedData>
<Data name="name"><value>Hellas (Europe)</value></Data>
<Data name="region"><value>Europe</value></Data>
<Data name="part of"><value>Europe</value></Data>
<Data name="Wikidata"><value>https://wikidata.org/wiki/Q11772</value></Data>
<Data name="type"><value>[&quot;major region&quot;]</value></Data>
<Data name="passages"><value>[&quot;1.1.1&quot;,&quot;1.12.1&quot;,&quot;1.27.9&quot;,&quot;1.29.5&quot;,&quot;1.3.5&quot;,&quot;1.4.1&quot;,&quot;1.4.2&quot;,&quot;1.41.8&quot;,&quot;1.5.5&quot;,&quot;10.14.6&quot;,&quot;10.17.3&quot;,&quot;10.19.12&quot;,&quot;10.19.5&quot;,&quot;10.19.7&quot;,&quot;10.19.8&quot;,&quot;10.20.9&quot;,&quot;10.23.12&quot;,&quot;10.23.14&quot;,&quot;10.23.8&quot;,&quot;10.24.3&quot;,&quot;10.25.1&quot;,&quot;10.34.5&quot;,&quot;10.5.3&quot;,&quot;10.9.2&quot;,&quot;2.1.8&quot;,&quot;2.29.7&quot;,&quot;2.29.8&quot;,&quot;2.33.5&quot;,&quot;2.4.5&quot;,&quot;3.11.3&quot;,&quot;3.12.7&quot;,&quot;3.17.8&quot;,&quot;3.20.6&quot;,&quot;3.3.3&quot;,&quot;3.4.7&quot;,&quot;3.4.8&quot;,&quot;3.7.11&quot;,&quot;3.9.4&quot;,&quot;3.9.8&quot;,&quot;4.2.3&quot;,&quot;4.28.4&quot;,&quot;4.31.1&quot;,&quot;5.10.1&quot;,&quot;5.14.2&quot;,&quot;5.15.2&quot;,&quot;5.17.9&quot;,&quot;5.20.10&quot;,&quot;5.23.7&quot;,&quot;5.24.2&quot;,&quot;5.25.12&quot;,&quot;5.4.6&quot;,&quot;5.4.7&quot;,&quot;5.4.9&quot;,&quot;5.5.2&quot;,&quot;5.7.7&quot;,&quot;6.11.3&quot;,&quot;6.18.5&quot;,&quot;7.10.1&quot;,&quot;7.10.2&quot;,&quot;7.10.3&quot;,&quot;7.10.4&quot;,&quot;7.10.5&quot;,&quot;7.10.7&quot;,&quot;7.11.1&quot;,&quot;7.11.2&quot;,&quot;7.14.1&quot;,&quot;7.15.1&quot;,&quot;7.15.3&quot;,&quot;7.16.10&quot;,&quot;7.16.9&quot;,&quot;7.17.1&quot;,&quot;7.17.2&quot;,&quot;7.17.3&quot;,&quot;7.2.2&quot;,&quot;7.20.6&quot;,&quot;7.24.2&quot;,&quot;7.26.11&quot;,&quot;7.3.1&quot;,&quot;7.5.13&quot;,&quot;7.6.3&quot;,&quot;7.6.9&quot;,&quot;7.7.6&quot;,&quot;7.8.1&quot;,&quot;7.8.2&quot;,&quot;7.8.7&quot;,&quot;7.9.5&quot;,&quot;8.14.5&quot;,&quot;8.20.1&quot;,&quot;8.3.5&quot;,&quot;8.32.1&quot;,&quot;8.37.2&quot;,&quot;8.42.7&quot;,&quot;8.43.4&quot;,&quot;8.45.5&quot;,&quot;8.46.3&quot;,&quot;8.50.3&quot;,&quot;8.50.4&quot;,&quot;8.51.1&quot;,&quot;8.51.4&quot;,&quot;8.52.1&quot;,&quot;8.52.2&quot;,&quot;8.52.3&quot;,&quot;8.52.4&quot;,&quot;8.52.5&quot;,&quot;8.52.6&quot;,&quot;9.1.2&quot;,&quot;9.17.6&quot;,&quot;9.23.3&quot;,&quot;9.28.1&quot;,&quot;9.29.8&quot;,&quot;9.38.2&quot;,&quot;9.38.4&quot;,&quot;9.6.2&quot;]</value></Data>
<Data name="Pleiades"><value>https://pleiades.stoa.org/places/1001896</value></Data>
</ExtendedData>
        <Point><coordinates>22.5,37.5</coordinates></Point>
      </Placemark>

      <Placemark>
        <name>Hellas (Europe)</name>
        <ExtendedData>
<Data name="name"><value>Hellas (Europe)</value></Data>
<Data name="region"><value>Europe</value></Data>
<Data name="part of"><value>Europe</value></Data>
<Data name="Wikidata"><value>https://wikidata.org/wiki/Q11772</value></Data>
<Data name="type"><value>[&quot;major region&quot;]</value></Data>
<Data name="passages"><value>[&quot;1.1.1&quot;,&quot;1.12.1&quot;,&quot;1.27.9&quot;,&quot;1.29.5&quot;,&quot;1.3.5&quot;,&quot;1.4.1&quot;,&quot;1.4.2&quot;,&quot;1.41.8&quot;,&quot;1.5.5&quot;,&quot;10.14.6&quot;,&quot;10.17.3&quot;,&quot;10.19.12&quot;,&quot;10.19.5&quot;,&quot;10.19.7&quot;,&quot;10.19.8&quot;,&quot;10.20.9&quot;,&quot;10.23.12&quot;,&quot;10.23.14&quot;,&quot;10.23.8&quot;,&quot;10.24.3&quot;,&quot;10.25.1&quot;,&quot;10.34.5&quot;,&quot;10.5.3&quot;,&quot;10.9.2&quot;,&quot;2.1.8&quot;,&quot;2.29.7&quot;,&quot;2.29.8&quot;,&quot;2.33.5&quot;,&quot;2.4.5&quot;,&quot;3.11.3&quot;,&quot;3.12.7&quot;,&quot;3.17.8&quot;,&quot;3.20.6&quot;,&quot;3.3.3&quot;,&quot;3.4.7&quot;,&quot;3.4.8&quot;,&quot;3.7.11&quot;,&quot;3.9.4&quot;,&quot;3.9.8&quot;,&quot;4.2.3&quot;,&quot;4.28.4&quot;,&quot;4.31.1&quot;,&quot;5.10.1&quot;,&quot;5.14.2&quot;,&quot;5.15.2&quot;,&quot;5.17.9&quot;,&quot;5.20.10&quot;,&quot;5.23.7&quot;,&quot;5.24.2&quot;,&quot;5.25.12&quot;,&quot;5.4.6&quot;,&quot;5.4.7&quot;,&quot;5.4.9&quot;,&quot;5.5.2&quot;,&quot;5.7.7&quot;,&quot;6.11.3&quot;,&quot;6.18.5&quot;,&quot;7.10.1&quot;,&quot;7.10.2&quot;,&quot;7.10.3&quot;,&quot;7.10.4&quot;,&quot;7.10.5&quot;,&quot;7.10.7&quot;,&quot;7.11.1&quot;,&quot;7.11.2&quot;,&quot;7.14.1&quot;,&quot;7.15.1&quot;,&quot;7.15.3&quot;,&quot;7.16.10&quot;,&quot;7.16.9&quot;,&quot;7.17.1&quot;,&quot;7.17.2&quot;,&quot;7.17.3&quot;,&quot;7.2.2&quot;,&quot;7.20.6&quot;,&quot;7.24.2&quot;,&quot;7.26.11&quot;,&quot;7.3.1&quot;,&quot;7.5.13&quot;,&quot;7.6.3&quot;,&quot;7.6.9&quot;,&quot;7.7.6&quot;,&quot;7.8.1&quot;,&quot;7.8.2&quot;,&quot;7.8.7&quot;,&quot;7.9.5&quot;,&quot;8.14.5&quot;,&quot;8.20.1&quot;,&quot;8.3.5&quot;,&quot;8.32.1&quot;,&quot;8.37.2&quot;,&quot;8.42.7&quot;,&quot;8.43.4&quot;,&quot;8.45.5&quot;,&quot;8.46.3&quot;,&quot;8.50.3&quot;,&quot;8.50.4&quot;,&quot;8.51.1&quot;,&quot;8.51.4&quot;,&quot;8.52.1&quot;,&quot;8.52.2&quot;,&quot;8.52.3&quot;,&quot;8.52.4&quot;,&quot;8.52.5&quot;,&quot;8.52.6&quot;,&quot;9.1.2&quot;,&quot;9.17.6&quot;,&quot;9.23.3&quot;,&quot;9.28.1&quot;,&quot;9.29.8&quot;,&quot;9.38.2&quot;,&quot;9.38.4&quot;,&quot;9.6.2&quot;]</value></Data>
<Data name="Pleiades"><value>https://pleiades.stoa.org/places/1001896</value></Data>
</ExtendedData>
        <Point><coordinates>22.5,37.5</coordinates></Point>
      </Placemark>

      <Placemark>
        <name>Hellas (Europe)</name>
        <ExtendedData>
<Data name="name"><value>Hellas (Europe)</value></Data>
<Data name="region"><value>Europe</value></Data>
<Data name="part of"><value>Europe</value></Data>
<Data name="Wikidata"><value>https://wikidata.org/wiki/Q11772</value></Data>
<Data name="type"><value>[&quot;major region&quot;]</value></Data>
<Data name="passages"><value>[&quot;1.1.1&quot;,&quot;1.12.1&quot;,&quot;1.27.9&quot;,&quot;1.29.5&quot;,&quot;1.3.5&quot;,&quot;1.4.1&quot;,&quot;1.4.2&quot;,&quot;1.41.8&quot;,&quot;1.5.5&quot;,&quot;10.14.6&quot;,&quot;10.17.3&quot;,&quot;10.19.12&quot;,&quot;10.19.5&quot;,&quot;10.19.7&quot;,&quot;10.19.8&quot;,&quot;10.20.9&quot;,&quot;10.23.12&quot;,&quot;10.23.14&quot;,&quot;10.23.8&quot;,&quot;10.24.3&quot;,&quot;10.25.1&quot;,&quot;10.34.5&quot;,&quot;10.5.3&quot;,&quot;10.9.2&quot;,&quot;2.1.8&quot;,&quot;2.29.7&quot;,&quot;2.29.8&quot;,&quot;2.33.5&quot;,&quot;2.4.5&quot;,&quot;3.11.3&quot;,&quot;3.12.7&quot;,&quot;3.17.8&quot;,&quot;3.20.6&quot;,&quot;3.3.3&quot;,&quot;3.4.7&quot;,&quot;3.4.8&quot;,&quot;3.7.11&quot;,&quot;3.9.4&quot;,&quot;3.9.8&quot;,&quot;4.2.3&quot;,&quot;4.28.4&quot;,&quot;4.31.1&quot;,&quot;5.10.1&quot;,&quot;5.14.2&quot;,&quot;5.15.2&quot;,&quot;5.17.9&quot;,&quot;5.20.10&quot;,&quot;5.23.7&quot;,&quot;5.24.2&quot;,&quot;5.25.12&quot;,&quot;5.4.6&quot;,&quot;5.4.7&quot;,&quot;5.4.9&quot;,&quot;5.5.2&quot;,&quot;5.7.7&quot;,&quot;6.11.3&quot;,&quot;6.18.5&quot;,&quot;7.10.1&quot;,&quot;7.10.2&quot;,&quot;7.10.3&quot;,&quot;7.10.4&quot;,&quot;7.10.5&quot;,&quot;7.10.7&quot;,&quot;7.11.1&quot;,&quot;7.11.2&quot;,&quot;7.14.1&quot;,&quot;7.15.1&quot;,&quot;7.15.3&quot;,&quot;7.16.10&quot;,&quot;7.16.9&quot;,&quot;7.17.1&quot;,&quot;7.17.2&quot;,&quot;7.17.3&quot;,&quot;7.2.2&quot;,&quot;7.20.6&quot;,&quot;7.24.2&quot;,&quot;7.26.11&quot;,&quot;7.3.1&quot;,&quot;7.5.13&quot;,&quot;7.6.3&quot;,&quot;7.6.9&quot;,&quot;7.7.6&quot;,&quot;7.8.1&quot;,&quot;7.8.2&quot;,&quot;7.8.7&quot;,&quot;7.9.5&quot;,&quot;8.14.5&quot;,&quot;8.20.1&quot;,&quot;8.3.5&quot;,&quot;8.32.1&quot;,&quot;8.37.2&quot;,&quot;8.42.7&quot;,&quot;8.43.4&quot;,&quot;8.45.5&quot;,&quot;8.46.3&quot;,&quot;8.50.3&quot;,&quot;8.50.4&quot;,&quot;8.51.1&quot;,&quot;8.51.4&quot;,&quot;8.52.1&quot;,&quot;8.52.2&quot;,&quot;8.52.3&quot;,&quot;8.52.4&quot;,&quot;8.52.5&quot;,&quot;8.52.6&quot;,&quot;9.1.2&quot;,&quot;9.17.6&quot;,&quot;9.23.3&quot;,&quot;9.28.1&quot;,&quot;9.29.8&quot;,&quot;9.38.2&quot;,&quot;9.38.4&quot;,&quot;9.6.2&quot;]</value></Data>
<Data name="Pleiades"><value>https://pleiades.stoa.org/places/1001896</value></Data>
</ExtendedData>
        <Point><coordinates>22.5,37.5</coordinates></Point>
      </Placemark>

      <Placemark>
        <name>tomb of Ion, Potamoi</name>
        <ExtendedData>
<Data name="name"><value>tomb of Ion, Potamoi</value></Data>
<Data name="region"><value>Attica Bk1</value></Data>
<Data name="part of"><value>Potamoi</value></Data>
<Data name="location"><value>Potamoi</value></Data>
<Data name="Wikidata"><value>https://wikidata.org/wiki/Q124644569</value></Data>
<Data name="type"><value>[&quot;tomb mnema&quot;]</value></Data>
<Data name="passages"><value>[&quot;1.31.3&quot;,&quot;7.1.5&quot;]</value></Data>
<Data name="Manto"><value>https://resource.manto.unh.edu/10159385</value></Data>
</ExtendedData>
        <Point><coordinates>24.055816,37.789855</coordinates></Point>
      </Placemark>

      <Placemark>
        <name>Kerynitis (river)</name>
        <ExtendedData>
<Data name="name"><value>Kerynitis (river)</value></Data>
<Data name="region"><value>Achaia Bk7</value></Data>
<Data name="part of"><value>Achaia Bk7</value></Data>
<Data name="Wikidata"><value>https://wikidata.org/wiki/Q8344183</value></Data>
<Data name="type"><value>[&quot;river&quot;]</value></Data>
<Data name="passages"><value>[&quot;7.25.5&quot;]</value></Data>
<Data name="Pleiades"><value>https://pleiades.stoa.org/places/570355</value></Data>
</ExtendedData>
        <Point><coordinates>22.147,38.203</coordinates></Point>
      </Placemark>

      <Placemark>
        <name>Tyrus/Col. Septimia Severa</name>
        <ExtendedData>
<Data name="name"><value>Tyrus/Col. Septimia Severa</value></Data>
<Data name="region"><value>Asia (continent)</value></Data>
<Data name="part of"><value>Phoenice</value></Data>
<Data name="Wikidata"><value>https://wikidata.org/wiki/Q58455019</value></Data>
<Data name="type"><value>[&quot;polis&quot;]</value></Data>
<Data name="passages"><value>[&quot;5.25.12&quot;,&quot;7.5.5&quot;]</value></Data>
<Data name="Pleiades"><value>https://pleiades.stoa.org/places/678437</value></Data>
</ExtendedData>
        <Point><coordinates>35.209358,33.268071</coordinates></Point>
      </Placemark>

      <Placemark>
        <name>Kleonai</name>
        <ExtendedData>
<Data name="name"><value>Kleonai</value></Data>
<Data name="region"><value>Argolid Bk2</value></Data>
<Data name="part of"><value>Peloponnesos</value></Data>
<Data name="altname"><value>Cleonae: polis between Corinth and Argos</value></Data>
<Data name="Wikidata"><value>https://wikidata.org/wiki/Q1774167</value></Data>
<Data name="type"><value>[&quot;polis&quot;]</value></Data>
<Data name="passages"><value>[&quot;2.15.1&quot;,&quot;2.15.2&quot;,&quot;5.2.1&quot;,&quot;7.25.6&quot;]</value></Data>
<Data name="Pleiades"><value>https://pleiades.stoa.org/places/570361</value></Data>
</ExtendedData>
        <Point><coordinates>22.75372,37.81708</coordinates></Point>
      </Placemark>

      <Placemark>
        <name>Keryneia</name>
        <ExtendedData>
<Data name="name"><value>Keryneia</value></Data>
<Data name="region"><value>Achaia Bk7</value></Data>
<Data name="part of"><value>Achaia Bk7</value></Data>
<Data name="Wikidata"><value>https://wikidata.org/wiki/Q12879058</value></Data>
<Data name="type"><value>[&quot;polis&quot;]</value></Data>
<Data name="passages"><value>[&quot;7.25.5&quot;,&quot;7.25.6&quot;,&quot;7.25.8&quot;,&quot;7.6.1&quot;]</value></Data>
<Data name="Pleiades"><value>https://pleiades.stoa.org/places/570354</value></Data>
</ExtendedData>
        <Point><coordinates>22.143425,38.158659</coordinates></Point>
      </Placemark>

      <Placemark>
        <name>Keryneia</name>
        <ExtendedData>
<Data name="name"><value>Keryneia</value></Data>
<Data name="region"><value>Achaia Bk7</value></Data>
<Data name="part of"><value>Achaia Bk7</value></Data>
<Data name="Wikidata"><value>https://wikidata.org/wiki/Q12879058</value></Data>
<Data name="type"><value>[&quot;polis&quot;]</value></Data>
<Data name="passages"><value>[&quot;7.25.5&quot;,&quot;7.25.6&quot;,&quot;7.25.8&quot;,&quot;7.6.1&quot;]</value></Data>
<Data name="Pleiades"><value>https://pleiades.stoa.org/places/570354</value></Data>
</ExtendedData>
        <Point><coordinates>22.143425,38.158659</coordinates></Point>
      </Placemark>

      <Placemark>
        <name>Keryneia</name>
        <ExtendedData>
<Data name="name"><value>Keryneia</value></Data>
<Data name="region"><value>Achaia Bk7</value></Data>
<Data name="part of"><value>Achaia Bk7</value></Data>
<Data name="Wikidata"><value>https://wikidata.org/wiki/Q12879058</value></Data>
<Data name="type"><value>[&quot;polis&quot;]</value></Data>
<Data name="passages"><value>[&quot;7.25.5&quot;,&quot;7.25.6&quot;,&quot;7.25.8&quot;,&quot;7.6.1&quot;]</value></Data>
<Data name="Pleiades"><value>https://pleiades.stoa.org/places/570354</value></Data>
</ExtendedData>
        <Point><coordinates>22.143425,38.158659</coordinates></Point>
      </Placemark>

      <Placemark>
        <name>Keryneia</name>
        <ExtendedData>
<Data name="name"><value>Keryneia</value></Data>
<Data name="region"><value>Achaia Bk7</value></Data>
<Data name="part of"><value>Achaia Bk7</value></Data>
<Data name="Wikidata"><value>https://wikidata.org/wiki/Q12879058</value></Data>
<Data name="type"><value>[&quot;polis&quot;]</value></Data>
<Data name="passages"><value>[&quot;7.25.5&quot;,&quot;7.25.6&quot;,&quot;7.25.8&quot;,&quot;7.6.1&quot;]</value></Data>
<Data name="Pleiades"><value>https://pleiades.stoa.org/places/570354</value></Data>
</ExtendedData>
        <Point><coordinates>22.143425,38.158659</coordinates></Point>
      </Placemark>

      <Placemark>
        <name>Klazomenai (earlier)</name>
        <ExtendedData>
<Data name="name"><value>Klazomenai (earlier)</value></Data>
<Data name="region"><value>Asia Minor (Asia)</value></Data>
<Data name="part of"><value>Ionia (region)</value></Data>
<Data name="Wikidata"><value>https://wikidata.org/wiki/Q536598</value></Data>
<Data name="type"><value>[&quot;polis&quot;]</value></Data>
<Data name="passages"><value>[&quot;7.3.9&quot;]</value></Data>
<Data name="Pleiades"><value>https://pleiades.stoa.org/places/550650</value></Data>
<Data name="URL"><value>https://imperium.ahlfeldt.se/places/21171</value></Data>
</ExtendedData>
        <Point><coordinates>26.78715,38.37322</coordinates></Point>
      </Placemark>

      <Placemark>
        <name>grave of Colophonians and Smyrnaeans near Clarus</name>
        <ExtendedData>
<Data name="name"><value>grave of Colophonians and Smyrnaeans near Clarus</value></Data>
<Data name="region"><value>Asia Minor (Asia)</value></Data>
<Data name="part of"><value>Klaros</value></Data>
<Data name="location"><value>Klaros</value></Data>
<Data name="type"><value>[&quot;tomb mnema&quot;]</value></Data>
<Data name="passages"><value>[&quot;7.3.4&quot;]</value></Data>
</ExtendedData>
        <Point><coordinates>27.19292,38.00466</coordinates></Point>
      </Placemark>

      <Placemark>
        <name>Skotoussa (Thessaly)</name>
        <ExtendedData>
<Data name="name"><value>Skotoussa (Thessaly)</value></Data>
<Data name="region"><value>Hellas (Europe)</value></Data>
<Data name="part of"><value>Thessalia</value></Data>
<Data name="Wikidata"><value>https://wikidata.org/wiki/Q8777773</value></Data>
<Data name="type"><value>[&quot;polis&quot;]</value></Data>
<Data name="passages"><value>[&quot;6.5.2&quot;,&quot;7.27.6&quot;]</value></Data>
<Data name="Pleiades"><value>https://pleiades.stoa.org/places/541107</value></Data>
</ExtendedData>
        <Point><coordinates>22.5403,39.38533</coordinates></Point>
      </Placemark>

      <Placemark>
        <name>Sanctury of the Dindymene Mother in Patrae lower city</name>
        <ExtendedData>
<Data name="name"><value>Sanctury of the Dindymene Mother in Patrae lower city</value></Data>
<Data name="region"><value>Achaia Bk7</value></Data>
<Data name="part of"><value>Patrae</value></Data>
<Data name="location"><value>Patrae</value></Data>
<Data name="Wikidata"><value>https://wikidata.org/wiki/Q134036813</value></Data>
<Data name="type"><value>[&quot;hieron&quot;]</value></Data>
<Data name="passages"><value>[&quot;7.20.3&quot;]</value></Data>
</ExtendedData>
        <Point><coordinates>21.738518,38.243265</coordinates></Point>
      </Placemark>

      <Placemark>
        <name>Sanctuary of Dindymene Mother and Attes at Dyme</name>
        <ExtendedData>
<Data name="name"><value>Sanctuary of Dindymene Mother and Attes at Dyme</value></Data>
<Data name="region"><value>Achaia Bk7</value></Data>
<Data name="part of"><value>Dyme</value></Data>
<Data name="location"><value>Dyme</value></Data>
<Data name="Wikidata"><value>https://wikidata.org/wiki/Q134036757</value></Data>
<Data name="type"><value>[&quot;hieron&quot;]</value></Data>
<Data name="passages"><value>[&quot;7.17.9&quot;]</value></Data>
</ExtendedData>
        <Point><coordinates>21.551425,38.144625</coordinates></Point>
      </Placemark>

      <Placemark>
        <name>Orchomenos (Arcadia)</name>
        <ExtendedData>
<Data name="name"><value>Orchomenos (Arcadia)</value></Data>
<Data name="region"><value>Arcadia Bk8</value></Data>
<Data name="part of"><value>Arcadia Bk8</value></Data>
<Data name="Wikidata"><value>https://wikidata.org/wiki/Q1855083</value></Data>
<Data name="type"><value>[&quot;polis&quot;]</value></Data>
<Data name="passages"><value>[&quot;7.14.1&quot;,&quot;8.12.5&quot;,&quot;8.12.8&quot;,&quot;8.13.4&quot;,&quot;8.23.2&quot;,&quot;8.27.4&quot;]</value></Data>
<Data name="Pleiades"><value>https://pleiades.stoa.org/places/570535</value></Data>
</ExtendedData>
        <Point><coordinates>22.31536,37.724716</coordinates></Point>
      </Placemark>

      <Placemark>
        <name>Grove of the Dioskouroi, 15 stades from Pharae</name>
        <ExtendedData>
<Data name="name"><value>Grove of the Dioskouroi, 15 stades from Pharae</value></Data>
<Data name="region"><value>Achaia Bk7</value></Data>
<Data name="part of"><value>Pharae (Achaia)</value></Data>
<Data name="location"><value>Pharae (Achaia)</value></Data>
<Data name="type"><value>[&quot;grove&quot;]</value></Data>
<Data name="passages"><value>[&quot;7.22.5&quot;]</value></Data>
</ExtendedData>
        <Point><coordinates>21.73,38.082</coordinates></Point>
      </Placemark>

      <Placemark>
        <name>Selemnos river (Achaia)</name>
        <ExtendedData>
<Data name="name"><value>Selemnos river (Achaia)</value></Data>
<Data name="region"><value>Achaia Bk7</value></Data>
<Data name="part of"><value>Achaia Bk7</value></Data>
<Data name="Wikidata"><value>https://wikidata.org/wiki/Q3566505</value></Data>
<Data name="type"><value>[&quot;river&quot;]</value></Data>
<Data name="passages"><value>[&quot;7.23.1&quot;,&quot;7.23.3&quot;]</value></Data>
<Data name="Pleiades"><value>https://pleiades.stoa.org/places/570657</value></Data>
<Data name="ToposText"><value>https://topostext.org/place/383218WSel</value></Data>
</ExtendedData>
        <Point><coordinates>21.798,38.302</coordinates></Point>
      </Placemark>

      <Placemark>
        <name>Selemnos river (Achaia)</name>
        <ExtendedData>
<Data name="name"><value>Selemnos river (Achaia)</value></Data>
<Data name="region"><value>Achaia Bk7</value></Data>
<Data name="part of"><value>Achaia Bk7</value></Data>
<Data name="Wikidata"><value>https://wikidata.org/wiki/Q3566505</value></Data>
<Data name="type"><value>[&quot;river&quot;]</value></Data>
<Data name="passages"><value>[&quot;7.23.1&quot;,&quot;7.23.3&quot;]</value></Data>
<Data name="Pleiades"><value>https://pleiades.stoa.org/places/570657</value></Data>
<Data name="ToposText"><value>https://topostext.org/place/383218WSel</value></Data>
</ExtendedData>
        <Point><coordinates>21.798,38.302</coordinates></Point>
      </Placemark>

      <Placemark>
        <name>Precinct of Aphrodite by the harbor of Patrae</name>
        <ExtendedData>
<Data name="name"><value>Precinct of Aphrodite by the harbor of Patrae</value></Data>
<Data name="region"><value>Achaia Bk7</value></Data>
<Data name="part of"><value>Patrae</value></Data>
<Data name="location"><value>Patrae</value></Data>
<Data name="type"><value>[&quot;temenos&quot;]</value></Data>
<Data name="passages"><value>[&quot;7.21.10&quot;]</value></Data>
</ExtendedData>
        <Point><coordinates>21.738518,38.243265</coordinates></Point>
      </Placemark>

      <Placemark>
        <name>Pergamum</name>
        <ExtendedData>
<Data name="name"><value>Pergamum</value></Data>
<Data name="region"><value>Asia Minor (Asia)</value></Data>
<Data name="part of"><value>Mysia</value></Data>
<Data name="Wikidata"><value>https://wikidata.org/wiki/Q18986</value></Data>
<Data name="type"><value>[&quot;settlement&quot;]</value></Data>
<Data name="passages"><value>[&quot;1.10.4&quot;,&quot;1.11.2&quot;,&quot;1.4.5&quot;,&quot;1.4.6&quot;,&quot;10.15.3&quot;,&quot;10.18.6&quot;,&quot;3.26.10&quot;,&quot;5.13.3&quot;,&quot;5.13.8&quot;,&quot;7.16.1&quot;,&quot;7.16.8&quot;,&quot;7.2.11&quot;,&quot;8.4.9&quot;]</value></Data>
<Data name="Pleiades"><value>https://pleiades.stoa.org/places/550812</value></Data>
</ExtendedData>
        <Point><coordinates>27.184167,39.1325</coordinates></Point>
      </Placemark>

      <Placemark>
        <name>Pergamum</name>
        <ExtendedData>
<Data name="name"><value>Pergamum</value></Data>
<Data name="region"><value>Asia Minor (Asia)</value></Data>
<Data name="part of"><value>Mysia</value></Data>
<Data name="Wikidata"><value>https://wikidata.org/wiki/Q18986</value></Data>
<Data name="type"><value>[&quot;settlement&quot;]</value></Data>
<Data name="passages"><value>[&quot;1.10.4&quot;,&quot;1.11.2&quot;,&quot;1.4.5&quot;,&quot;1.4.6&quot;,&quot;10.15.3&quot;,&quot;10.18.6&quot;,&quot;3.26.10&quot;,&quot;5.13.3&quot;,&quot;5.13.8&quot;,&quot;7.16.1&quot;,&quot;7.16.8&quot;,&quot;7.2.11&quot;,&quot;8.4.9&quot;]</value></Data>
<Data name="Pleiades"><value>https://pleiades.stoa.org/places/550812</value></Data>
</ExtendedData>
        <Point><coordinates>27.184167,39.1325</coordinates></Point>
      </Placemark>

      <Placemark>
        <name>Pergamum</name>
        <ExtendedData>
<Data name="name"><value>Pergamum</value></Data>
<Data name="region"><value>Asia Minor (Asia)</value></Data>
<Data name="part of"><value>Mysia</value></Data>
<Data name="Wikidata"><value>https://wikidata.org/wiki/Q18986</value></Data>
<Data name="type"><value>[&quot;settlement&quot;]</value></Data>
<Data name="passages"><value>[&quot;1.10.4&quot;,&quot;1.11.2&quot;,&quot;1.4.5&quot;,&quot;1.4.6&quot;,&quot;10.15.3&quot;,&quot;10.18.6&quot;,&quot;3.26.10&quot;,&quot;5.13.3&quot;,&quot;5.13.8&quot;,&quot;7.16.1&quot;,&quot;7.16.8&quot;,&quot;7.2.11&quot;,&quot;8.4.9&quot;]</value></Data>
<Data name="Pleiades"><value>https://pleiades.stoa.org/places/550812</value></Data>
</ExtendedData>
        <Point><coordinates>27.184167,39.1325</coordinates></Point>
      </Placemark>

      <Placemark>
        <name>Gateway in Patras agora with gilt statues</name>
        <ExtendedData>
<Data name="name"><value>Gateway in Patras agora with gilt statues</value></Data>
<Data name="region"><value>Achaia Bk7</value></Data>
<Data name="part of"><value>Agora of Patrae</value></Data>
<Data name="location"><value>Agora of Patrae</value></Data>
<Data name="altname"><value>Where you exit agora near sanctuary of Apollo</value></Data>
<Data name="type"><value>[&quot;gate&quot;]</value></Data>
<Data name="passages"><value>[&quot;7.20.7&quot;]</value></Data>
</ExtendedData>
        <Point><coordinates>21.7404,38.2434</coordinates></Point>
      </Placemark>

      <Placemark>
        <name>Mycenae</name>
        <ExtendedData>
<Data name="name"><value>Mycenae</value></Data>
<Data name="region"><value>Argolid Bk2</value></Data>
<Data name="part of"><value>Argolid Bk2</value></Data>
<Data name="Wikidata"><value>https://wikidata.org/wiki/Q132564</value></Data>
<Data name="type"><value>[&quot;settlement&quot;]</value></Data>
<Data name="passages"><value>[&quot;10.20.1&quot;,&quot;2.15.4&quot;,&quot;2.16.3&quot;,&quot;2.16.4&quot;,&quot;2.16.5&quot;,&quot;2.16.6&quot;,&quot;2.17.1&quot;,&quot;2.18.1&quot;,&quot;2.4.2&quot;,&quot;5.23.3&quot;,&quot;7.25.5&quot;,&quot;8.27.1&quot;,&quot;8.33.2&quot;,&quot;8.5.4&quot;,&quot;9.34.6&quot;]</value></Data>
<Data name="Pleiades"><value>https://pleiades.stoa.org/places/570491</value></Data>
</ExtendedData>
        <Point><coordinates>22.756111,37.730833</coordinates></Point>
      </Placemark>

      <Placemark>
        <name>Polyteichides (near Colophon)</name>
        <ExtendedData>
<Data name="name"><value>Polyteichides (near Colophon)</value></Data>
<Data name="region"><value>Asia Minor (Asia)</value></Data>
<Data name="part of"><value>Colophon</value></Data>
<Data name="location"><value>Colophon</value></Data>
<Data name="Wikidata"><value>https://wikidata.org/wiki/Q107097063</value></Data>
<Data name="type"><value>[&quot;chorion&quot;]</value></Data>
<Data name="passages"><value>[&quot;7.3.3&quot;]</value></Data>
</ExtendedData>
        <Point><coordinates>27.142222,38.115556</coordinates></Point>
      </Placemark>

      <Placemark>
        <name>spring with plane tree in front of Nemeses sanctuary, Smyrna</name>
        <ExtendedData>
<Data name="name"><value>spring with plane tree in front of Nemeses sanctuary, Smyrna</value></Data>
<Data name="region"><value>Asia Minor (Asia)</value></Data>
<Data name="part of"><value>Sanctuary of the Nemeses on Mt. Pagos, Smyrna</value></Data>
<Data name="location"><value>Sanctuary of the Nemeses on Mt. Pagos, Smyrna</value></Data>
<Data name="type"><value>[&quot;spring pege&quot;]</value></Data>
<Data name="passages"><value>[&quot;7.5.2&quot;]</value></Data>
</ExtendedData>
        <Point><coordinates>27.14843,38.40537</coordinates></Point>
      </Placemark>

      <Placemark>
        <name>Sangarius (river)</name>
        <ExtendedData>
<Data name="name"><value>Sangarius (river)</value></Data>
<Data name="region"><value>Asia (continent)</value></Data>
<Data name="part of"><value>Asia Minor (Asia)</value></Data>
<Data name="Wikidata"><value>https://wikidata.org/wiki/Q217466</value></Data>
<Data name="type"><value>[&quot;river&quot;]</value></Data>
<Data name="passages"><value>[&quot;1.4.5&quot;,&quot;7.17.11&quot;,&quot;8.9.7&quot;]</value></Data>
<Data name="Pleiades"><value>https://pleiades.stoa.org/places/511406</value></Data>
</ExtendedData>
        <Point><coordinates>30.59285065,40.99129035</coordinates></Point>
      </Placemark>

      <Placemark>
        <name>Old gymnasium of Pellene</name>
        <ExtendedData>
<Data name="name"><value>Old gymnasium of Pellene</value></Data>
<Data name="region"><value>Achaia Bk7</value></Data>
<Data name="part of"><value>Pellene</value></Data>
<Data name="location"><value>Pellene</value></Data>
<Data name="type"><value>[&quot;gymnasium&quot;]</value></Data>
<Data name="passages"><value>[&quot;7.27.5&quot;]</value></Data>
</ExtendedData>
        <Point><coordinates>22.5384,38.0446</coordinates></Point>
      </Placemark>

      <Placemark>
        <name>Agora of Pellene</name>
        <ExtendedData>
<Data name="name"><value>Agora of Pellene</value></Data>
<Data name="region"><value>Achaia Bk7</value></Data>
<Data name="part of"><value>Pellene</value></Data>
<Data name="location"><value>Pellene</value></Data>
<Data name="Wikidata"><value>https://wikidata.org/wiki/Q133963464</value></Data>
<Data name="type"><value>[&quot;agora&quot;]</value></Data>
<Data name="passages"><value>[&quot;7.27.4&quot;]</value></Data>
</ExtendedData>
        <Point><coordinates>22.5384,38.0446</coordinates></Point>
      </Placemark>

      <Placemark>
        <name>Springs at Asclepios Kyros sanctuary</name>
        <ExtendedData>
<Data name="name"><value>Springs at Asclepios Kyros sanctuary</value></Data>
<Data name="region"><value>Achaia Bk7</value></Data>
<Data name="part of"><value>Sanctuary of Asklepios Kyros, beyond Mysaion of Pellene</value></Data>
<Data name="location"><value>Sanctuary of Asklepios Kyros, beyond Mysaion of Pellene</value></Data>
<Data name="altname"><value>Asclepius statue stands at largest spring</value></Data>
<Data name="type"><value>[&quot;spring pege&quot;]</value></Data>
<Data name="passages"><value>[&quot;7.27.11&quot;]</value></Data>
</ExtendedData>
        <Point><coordinates>22.5384,38.0446</coordinates></Point>
      </Placemark>

      <Placemark>
        <name>Kirra</name>
        <ExtendedData>
<Data name="name"><value>Kirra</value></Data>
<Data name="region"><value>Phokis Bk10</value></Data>
<Data name="part of"><value>Phokis Bk10</value></Data>
<Data name="Wikidata"><value>https://wikidata.org/wiki/Q56754242</value></Data>
<Data name="type"><value>[&quot;port epineion&quot;,&quot;settlement&quot;]</value></Data>
<Data name="passages"><value>[&quot;10.1.2&quot;,&quot;10.37.4&quot;,&quot;10.37.5&quot;,&quot;10.37.6&quot;,&quot;10.37.8&quot;,&quot;10.38.1&quot;,&quot;10.8.8&quot;,&quot;2.9.6&quot;,&quot;7.19.7&quot;]</value></Data>
<Data name="Pleiades"><value>https://pleiades.stoa.org/places/540868</value></Data>
</ExtendedData>
        <Point><coordinates>22.450621,38.428937</coordinates></Point>
      </Placemark>

      <Placemark>
        <name>Naxos (island)</name>
        <ExtendedData>
<Data name="name"><value>Naxos (island)</value></Data>
<Data name="region"><value>Aegean Sea (Hellas)</value></Data>
<Data name="part of"><value>Cyclades region (Aegean)</value></Data>
<Data name="Wikidata"><value>https://wikidata.org/wiki/Q96575378</value></Data>
<Data name="type"><value>[&quot;island&quot;]</value></Data>
<Data name="passages"><value>[&quot;1.27.5&quot;,&quot;7.3.3&quot;,&quot;9.22.6&quot;]</value></Data>
<Data name="Pleiades"><value>https://pleiades.stoa.org/places/599822</value></Data>
<Data name="URL"><value>https://imperium.ahlfeldt.se/places/41367</value></Data>
</ExtendedData>
        <Point><coordinates>25.520010000000003,37.127</coordinates></Point>
      </Placemark>

      <Placemark>
        <name>Sanctuary of the Eumenides at Keryneia, founded by Orestes</name>
        <ExtendedData>
<Data name="name"><value>Sanctuary of the Eumenides at Keryneia, founded by Orestes</value></Data>
<Data name="region"><value>Achaia Bk7</value></Data>
<Data name="part of"><value>Keryneia</value></Data>
<Data name="location"><value>Keryneia</value></Data>
<Data name="Wikidata"><value>https://wikidata.org/wiki/Q134037060</value></Data>
<Data name="type"><value>[&quot;hieron&quot;]</value></Data>
<Data name="passages"><value>[&quot;7.25.7&quot;]</value></Data>
</ExtendedData>
        <Point><coordinates>22.143425,38.158659</coordinates></Point>
      </Placemark>

      <Placemark>
        <name>Temple of Eileithyia at Boura</name>
        <ExtendedData>
<Data name="name"><value>Temple of Eileithyia at Boura</value></Data>
<Data name="region"><value>Achaia Bk7</value></Data>
<Data name="part of"><value>Boura</value></Data>
<Data name="location"><value>Boura</value></Data>
<Data name="type"><value>[&quot;temple&quot;]</value></Data>
<Data name="passages"><value>[&quot;7.25.9&quot;]</value></Data>
</ExtendedData>
        <Point><coordinates>22.231166,38.142006</coordinates></Point>
      </Placemark>

      <Placemark>
        <name>Panionion</name>
        <ExtendedData>
<Data name="name"><value>Panionion</value></Data>
<Data name="region"><value>Asia Minor (Asia)</value></Data>
<Data name="part of"><value>Ionia (region)</value></Data>
<Data name="Wikidata"><value>https://wikidata.org/wiki/Q1310950</value></Data>
<Data name="type"><value>[&quot;temple&quot;]</value></Data>
<Data name="passages"><value>[&quot;7.3.10&quot;,&quot;7.4.10&quot;,&quot;7.5.1&quot;]</value></Data>
<Data name="Pleiades"><value>https://pleiades.stoa.org/places/599855</value></Data>
</ExtendedData>
        <Point><coordinates>27.329993,37.703924</coordinates></Point>
      </Placemark>

      <Placemark>
        <name>Panionion</name>
        <ExtendedData>
<Data name="name"><value>Panionion</value></Data>
<Data name="region"><value>Asia Minor (Asia)</value></Data>
<Data name="part of"><value>Ionia (region)</value></Data>
<Data name="Wikidata"><value>https://wikidata.org/wiki/Q1310950</value></Data>
<Data name="type"><value>[&quot;temple&quot;]</value></Data>
<Data name="passages"><value>[&quot;7.3.10&quot;,&quot;7.4.10&quot;,&quot;7.5.1&quot;]</value></Data>
<Data name="Pleiades"><value>https://pleiades.stoa.org/places/599855</value></Data>
</ExtendedData>
        <Point><coordinates>27.329993,37.703924</coordinates></Point>
      </Placemark>

      <Placemark>
        <name>Panionion</name>
        <ExtendedData>
<Data name="name"><value>Panionion</value></Data>
<Data name="region"><value>Asia Minor (Asia)</value></Data>
<Data name="part of"><value>Ionia (region)</value></Data>
<Data name="Wikidata"><value>https://wikidata.org/wiki/Q1310950</value></Data>
<Data name="type"><value>[&quot;temple&quot;]</value></Data>
<Data name="passages"><value>[&quot;7.3.10&quot;,&quot;7.4.10&quot;,&quot;7.5.1&quot;]</value></Data>
<Data name="Pleiades"><value>https://pleiades.stoa.org/places/599855</value></Data>
</ExtendedData>
        <Point><coordinates>27.329993,37.703924</coordinates></Point>
      </Placemark>

      <Placemark>
        <name>Biblis spring at Miletos</name>
        <ExtendedData>
<Data name="name"><value>Biblis spring at Miletos</value></Data>
<Data name="region"><value>Asia Minor (Asia)</value></Data>
<Data name="part of"><value>Miletus</value></Data>
<Data name="location"><value>Miletus</value></Data>
<Data name="type"><value>[&quot;spring pege&quot;]</value></Data>
<Data name="passages"><value>[&quot;7.5.10&quot;]</value></Data>
<Data name="Manto"><value>https://resource.manto.unh.edu/10473246</value></Data>
<Data name="Pleiades"><value>https://pleiades.stoa.org/places/851937516</value></Data>
</ExtendedData>
        <Point><coordinates>27.2774885,37.5292362</coordinates></Point>
      </Placemark>

      <Placemark>
        <name>Athenai Bk1</name>
        <ExtendedData>
<Data name="name"><value>Athenai Bk1</value></Data>
<Data name="region"><value>Attica Bk1</value></Data>
<Data name="part of"><value>Attica Bk1</value></Data>
<Data name="altname"><value>Athens Athenae polis: major city of ancient Greece</value></Data>
<Data name="Wikidata"><value>https://wikidata.org/wiki/Q844930</value></Data>
<Data name="type"><value>[&quot;polis&quot;]</value></Data>
<Data name="passages"><value>[&quot;1.1.2&quot;,&quot;1.1.5&quot;,&quot;1.14.1&quot;,&quot;1.14.5&quot;,&quot;1.14.7&quot;,&quot;1.15.2&quot;,&quot;1.17.6&quot;,&quot;1.18.4&quot;,&quot;1.18.8&quot;,&quot;1.19.1&quot;,&quot;1.2.1&quot;,&quot;1.2.4&quot;,&quot;1.2.5&quot;,&quot;1.20.4&quot;,&quot;1.20.5&quot;,&quot;1.20.6&quot;,&quot;1.20.7&quot;,&quot;1.22.3&quot;,&quot;1.23.9&quot;,&quot;1.25.5&quot;,&quot;1.25.8&quot;,&quot;1.26.2&quot;,&quot;1.26.3&quot;,&quot;1.26.6&quot;,&quot;1.27.10&quot;,&quot;1.27.2&quot;,&quot;1.27.3&quot;,&quot;1.27.5&quot;,&quot;1.27.6&quot;,&quot;1.27.8&quot;,&quot;1.28.4&quot;,&quot;1.28.8&quot;,&quot;1.29.12&quot;,&quot;1.29.2&quot;,&quot;1.3.2&quot;,&quot;1.30.1&quot;,&quot;1.30.2&quot;,&quot;1.32.3&quot;,&quot;1.32.6&quot;,&quot;1.33.1&quot;,&quot;1.33.2&quot;,&quot;1.34.3&quot;,&quot;1.35.3&quot;,&quot;1.36.3&quot;,&quot;1.37.5&quot;,&quot;1.37.6&quot;,&quot;1.37.7&quot;,&quot;1.39.4&quot;,&quot;1.40.5&quot;,&quot;1.41.4&quot;,&quot;1.41.9&quot;,&quot;1.8.5&quot;,&quot;10.10.1&quot;,&quot;10.18.7&quot;,&quot;10.2.3&quot;,&quot;10.21.6&quot;,&quot;10.23.14&quot;,&quot;10.3.1&quot;,&quot;10.34.8&quot;,&quot;10.35.8&quot;,&quot;10.37.6&quot;,&quot;10.4.3&quot;,&quot;10.4.9&quot;,&quot;10.8.5&quot;,&quot;2.1.4&quot;,&quot;2.14.4&quot;,&quot;2.18.9&quot;,&quot;2.26.2&quot;,&quot;2.27.2&quot;,&quot;2.3.8&quot;,&quot;2.31.7&quot;,&quot;2.33.4&quot;,&quot;2.33.5&quot;,&quot;2.6.5&quot;,&quot;3.12.7&quot;,&quot;3.3.7&quot;,&quot;3.4.2&quot;,&quot;3.5.2&quot;,&quot;3.6.4&quot;,&quot;3.6.5&quot;,&quot;3.8.6&quot;,&quot;3.9.6&quot;,&quot;4.13.7&quot;,&quot;4.15.1&quot;,&quot;4.17.5&quot;,&quot;4.2.6&quot;,&quot;4.26.8&quot;,&quot;4.5.10&quot;,&quot;4.5.2&quot;,&quot;5.10.4&quot;,&quot;5.11.6&quot;,&quot;5.12.4&quot;,&quot;5.19.3&quot;,&quot;5.21.1&quot;,&quot;5.26.6&quot;,&quot;5.6.5&quot;,&quot;6.17.9&quot;,&quot;6.20.14&quot;,&quot;6.22.7&quot;,&quot;7.1.2&quot;,&quot;7.1.3&quot;,&quot;7.10.4&quot;,&quot;7.11.6&quot;,&quot;7.2.2&quot;,&quot;7.2.7&quot;,&quot;7.20.6&quot;,&quot;7.24.5&quot;,&quot;7.25.2&quot;,&quot;7.25.4&quot;,&quot;7.7.8&quot;,&quot;7.9.6&quot;,&quot;8.11.6&quot;,&quot;8.23.3&quot;,&quot;8.37.3&quot;,&quot;8.8.6&quot;,&quot;9.1.4&quot;,&quot;9.14.7&quot;,&quot;9.15.4&quot;,&quot;9.15.5&quot;,&quot;9.26.6&quot;,&quot;9.3.2&quot;,&quot;9.30.1&quot;,&quot;9.32.5&quot;,&quot;9.35.3&quot;,&quot;9.39.1&quot;,&quot;9.6.2&quot;,&quot;9.7.1&quot;]</value></Data>
<Data name="Pleiades"><value>https://pleiades.stoa.org/places/579885</value></Data>
</ExtendedData>
        <Point><coordinates>23.726464,37.971687</coordinates></Point>
      </Placemark>

      <Placemark>
        <name>Athenai Bk1</name>
        <ExtendedData>
<Data name="name"><value>Athenai Bk1</value></Data>
<Data name="region"><value>Attica Bk1</value></Data>
<Data name="part of"><value>Attica Bk1</value></Data>
<Data name="altname"><value>Athens Athenae polis: major city of ancient Greece</value></Data>
<Data name="Wikidata"><value>https://wikidata.org/wiki/Q844930</value></Data>
<Data name="type"><value>[&quot;polis&quot;]</value></Data>
<Data name="passages"><value>[&quot;1.1.2&quot;,&quot;1.1.5&quot;,&quot;1.14.1&quot;,&quot;1.14.5&quot;,&quot;1.14.7&quot;,&quot;1.15.2&quot;,&quot;1.17.6&quot;,&quot;1.18.4&quot;,&quot;1.18.8&quot;,&quot;1.19.1&quot;,&quot;1.2.1&quot;,&quot;1.2.4&quot;,&quot;1.2.5&quot;,&quot;1.20.4&quot;,&quot;1.20.5&quot;,&quot;1.20.6&quot;,&quot;1.20.7&quot;,&quot;1.22.3&quot;,&quot;1.23.9&quot;,&quot;1.25.5&quot;,&quot;1.25.8&quot;,&quot;1.26.2&quot;,&quot;1.26.3&quot;,&quot;1.26.6&quot;,&quot;1.27.10&quot;,&quot;1.27.2&quot;,&quot;1.27.3&quot;,&quot;1.27.5&quot;,&quot;1.27.6&quot;,&quot;1.27.8&quot;,&quot;1.28.4&quot;,&quot;1.28.8&quot;,&quot;1.29.12&quot;,&quot;1.29.2&quot;,&quot;1.3.2&quot;,&quot;1.30.1&quot;,&quot;1.30.2&quot;,&quot;1.32.3&quot;,&quot;1.32.6&quot;,&quot;1.33.1&quot;,&quot;1.33.2&quot;,&quot;1.34.3&quot;,&quot;1.35.3&quot;,&quot;1.36.3&quot;,&quot;1.37.5&quot;,&quot;1.37.6&quot;,&quot;1.37.7&quot;,&quot;1.39.4&quot;,&quot;1.40.5&quot;,&quot;1.41.4&quot;,&quot;1.41.9&quot;,&quot;1.8.5&quot;,&quot;10.10.1&quot;,&quot;10.18.7&quot;,&quot;10.2.3&quot;,&quot;10.21.6&quot;,&quot;10.23.14&quot;,&quot;10.3.1&quot;,&quot;10.34.8&quot;,&quot;10.35.8&quot;,&quot;10.37.6&quot;,&quot;10.4.3&quot;,&quot;10.4.9&quot;,&quot;10.8.5&quot;,&quot;2.1.4&quot;,&quot;2.14.4&quot;,&quot;2.18.9&quot;,&quot;2.26.2&quot;,&quot;2.27.2&quot;,&quot;2.3.8&quot;,&quot;2.31.7&quot;,&quot;2.33.4&quot;,&quot;2.33.5&quot;,&quot;2.6.5&quot;,&quot;3.12.7&quot;,&quot;3.3.7&quot;,&quot;3.4.2&quot;,&quot;3.5.2&quot;,&quot;3.6.4&quot;,&quot;3.6.5&quot;,&quot;3.8.6&quot;,&quot;3.9.6&quot;,&quot;4.13.7&quot;,&quot;4.15.1&quot;,&quot;4.17.5&quot;,&quot;4.2.6&quot;,&quot;4.26.8&quot;,&quot;4.5.10&quot;,&quot;4.5.2&quot;,&quot;5.10.4&quot;,&quot;5.11.6&quot;,&quot;5.12.4&quot;,&quot;5.19.3&quot;,&quot;5.21.1&quot;,&quot;5.26.6&quot;,&quot;5.6.5&quot;,&quot;6.17.9&quot;,&quot;6.20.14&quot;,&quot;6.22.7&quot;,&quot;7.1.2&quot;,&quot;7.1.3&quot;,&quot;7.10.4&quot;,&quot;7.11.6&quot;,&quot;7.2.2&quot;,&quot;7.2.7&quot;,&quot;7.20.6&quot;,&quot;7.24.5&quot;,&quot;7.25.2&quot;,&quot;7.25.4&quot;,&quot;7.7.8&quot;,&quot;7.9.6&quot;,&quot;8.11.6&quot;,&quot;8.23.3&quot;,&quot;8.37.3&quot;,&quot;8.8.6&quot;,&quot;9.1.4&quot;,&quot;9.14.7&quot;,&quot;9.15.4&quot;,&quot;9.15.5&quot;,&quot;9.26.6&quot;,&quot;9.3.2&quot;,&quot;9.30.1&quot;,&quot;9.32.5&quot;,&quot;9.35.3&quot;,&quot;9.39.1&quot;,&quot;9.6.2&quot;,&quot;9.7.1&quot;]</value></Data>
<Data name="Pleiades"><value>https://pleiades.stoa.org/places/579885</value></Data>
</ExtendedData>
        <Point><coordinates>23.726464,37.971687</coordinates></Point>
      </Placemark>

      <Placemark>
        <name>Athenai Bk1</name>
        <ExtendedData>
<Data name="name"><value>Athenai Bk1</value></Data>
<Data name="region"><value>Attica Bk1</value></Data>
<Data name="part of"><value>Attica Bk1</value></Data>
<Data name="altname"><value>Athens Athenae polis: major city of ancient Greece</value></Data>
<Data name="Wikidata"><value>https://wikidata.org/wiki/Q844930</value></Data>
<Data name="type"><value>[&quot;polis&quot;]</value></Data>
<Data name="passages"><value>[&quot;1.1.2&quot;,&quot;1.1.5&quot;,&quot;1.14.1&quot;,&quot;1.14.5&quot;,&quot;1.14.7&quot;,&quot;1.15.2&quot;,&quot;1.17.6&quot;,&quot;1.18.4&quot;,&quot;1.18.8&quot;,&quot;1.19.1&quot;,&quot;1.2.1&quot;,&quot;1.2.4&quot;,&quot;1.2.5&quot;,&quot;1.20.4&quot;,&quot;1.20.5&quot;,&quot;1.20.6&quot;,&quot;1.20.7&quot;,&quot;1.22.3&quot;,&quot;1.23.9&quot;,&quot;1.25.5&quot;,&quot;1.25.8&quot;,&quot;1.26.2&quot;,&quot;1.26.3&quot;,&quot;1.26.6&quot;,&quot;1.27.10&quot;,&quot;1.27.2&quot;,&quot;1.27.3&quot;,&quot;1.27.5&quot;,&quot;1.27.6&quot;,&quot;1.27.8&quot;,&quot;1.28.4&quot;,&quot;1.28.8&quot;,&quot;1.29.12&quot;,&quot;1.29.2&quot;,&quot;1.3.2&quot;,&quot;1.30.1&quot;,&quot;1.30.2&quot;,&quot;1.32.3&quot;,&quot;1.32.6&quot;,&quot;1.33.1&quot;,&quot;1.33.2&quot;,&quot;1.34.3&quot;,&quot;1.35.3&quot;,&quot;1.36.3&quot;,&quot;1.37.5&quot;,&quot;1.37.6&quot;,&quot;1.37.7&quot;,&quot;1.39.4&quot;,&quot;1.40.5&quot;,&quot;1.41.4&quot;,&quot;1.41.9&quot;,&quot;1.8.5&quot;,&quot;10.10.1&quot;,&quot;10.18.7&quot;,&quot;10.2.3&quot;,&quot;10.21.6&quot;,&quot;10.23.14&quot;,&quot;10.3.1&quot;,&quot;10.34.8&quot;,&quot;10.35.8&quot;,&quot;10.37.6&quot;,&quot;10.4.3&quot;,&quot;10.4.9&quot;,&quot;10.8.5&quot;,&quot;2.1.4&quot;,&quot;2.14.4&quot;,&quot;2.18.9&quot;,&quot;2.26.2&quot;,&quot;2.27.2&quot;,&quot;2.3.8&quot;,&quot;2.31.7&quot;,&quot;2.33.4&quot;,&quot;2.33.5&quot;,&quot;2.6.5&quot;,&quot;3.12.7&quot;,&quot;3.3.7&quot;,&quot;3.4.2&quot;,&quot;3.5.2&quot;,&quot;3.6.4&quot;,&quot;3.6.5&quot;,&quot;3.8.6&quot;,&quot;3.9.6&quot;,&quot;4.13.7&quot;,&quot;4.15.1&quot;,&quot;4.17.5&quot;,&quot;4.2.6&quot;,&quot;4.26.8&quot;,&quot;4.5.10&quot;,&quot;4.5.2&quot;,&quot;5.10.4&quot;,&quot;5.11.6&quot;,&quot;5.12.4&quot;,&quot;5.19.3&quot;,&quot;5.21.1&quot;,&quot;5.26.6&quot;,&quot;5.6.5&quot;,&quot;6.17.9&quot;,&quot;6.20.14&quot;,&quot;6.22.7&quot;,&quot;7.1.2&quot;,&quot;7.1.3&quot;,&quot;7.10.4&quot;,&quot;7.11.6&quot;,&quot;7.2.2&quot;,&quot;7.2.7&quot;,&quot;7.20.6&quot;,&quot;7.24.5&quot;,&quot;7.25.2&quot;,&quot;7.25.4&quot;,&quot;7.7.8&quot;,&quot;7.9.6&quot;,&quot;8.11.6&quot;,&quot;8.23.3&quot;,&quot;8.37.3&quot;,&quot;8.8.6&quot;,&quot;9.1.4&quot;,&quot;9.14.7&quot;,&quot;9.15.4&quot;,&quot;9.15.5&quot;,&quot;9.26.6&quot;,&quot;9.3.2&quot;,&quot;9.30.1&quot;,&quot;9.32.5&quot;,&quot;9.35.3&quot;,&quot;9.39.1&quot;,&quot;9.6.2&quot;,&quot;9.7.1&quot;]</value></Data>
<Data name="Pleiades"><value>https://pleiades.stoa.org/places/579885</value></Data>
</ExtendedData>
        <Point><coordinates>23.726464,37.971687</coordinates></Point>
      </Placemark>

      <Placemark>
        <name>Athenai Bk1</name>
        <ExtendedData>
<Data name="name"><value>Athenai Bk1</value></Data>
<Data name="region"><value>Attica Bk1</value></Data>
<Data name="part of"><value>Attica Bk1</value></Data>
<Data name="altname"><value>Athens Athenae polis: major city of ancient Greece</value></Data>
<Data name="Wikidata"><value>https://wikidata.org/wiki/Q844930</value></Data>
<Data name="type"><value>[&quot;polis&quot;]</value></Data>
<Data name="passages"><value>[&quot;1.1.2&quot;,&quot;1.1.5&quot;,&quot;1.14.1&quot;,&quot;1.14.5&quot;,&quot;1.14.7&quot;,&quot;1.15.2&quot;,&quot;1.17.6&quot;,&quot;1.18.4&quot;,&quot;1.18.8&quot;,&quot;1.19.1&quot;,&quot;1.2.1&quot;,&quot;1.2.4&quot;,&quot;1.2.5&quot;,&quot;1.20.4&quot;,&quot;1.20.5&quot;,&quot;1.20.6&quot;,&quot;1.20.7&quot;,&quot;1.22.3&quot;,&quot;1.23.9&quot;,&quot;1.25.5&quot;,&quot;1.25.8&quot;,&quot;1.26.2&quot;,&quot;1.26.3&quot;,&quot;1.26.6&quot;,&quot;1.27.10&quot;,&quot;1.27.2&quot;,&quot;1.27.3&quot;,&quot;1.27.5&quot;,&quot;1.27.6&quot;,&quot;1.27.8&quot;,&quot;1.28.4&quot;,&quot;1.28.8&quot;,&quot;1.29.12&quot;,&quot;1.29.2&quot;,&quot;1.3.2&quot;,&quot;1.30.1&quot;,&quot;1.30.2&quot;,&quot;1.32.3&quot;,&quot;1.32.6&quot;,&quot;1.33.1&quot;,&quot;1.33.2&quot;,&quot;1.34.3&quot;,&quot;1.35.3&quot;,&quot;1.36.3&quot;,&quot;1.37.5&quot;,&quot;1.37.6&quot;,&quot;1.37.7&quot;,&quot;1.39.4&quot;,&quot;1.40.5&quot;,&quot;1.41.4&quot;,&quot;1.41.9&quot;,&quot;1.8.5&quot;,&quot;10.10.1&quot;,&quot;10.18.7&quot;,&quot;10.2.3&quot;,&quot;10.21.6&quot;,&quot;10.23.14&quot;,&quot;10.3.1&quot;,&quot;10.34.8&quot;,&quot;10.35.8&quot;,&quot;10.37.6&quot;,&quot;10.4.3&quot;,&quot;10.4.9&quot;,&quot;10.8.5&quot;,&quot;2.1.4&quot;,&quot;2.14.4&quot;,&quot;2.18.9&quot;,&quot;2.26.2&quot;,&quot;2.27.2&quot;,&quot;2.3.8&quot;,&quot;2.31.7&quot;,&quot;2.33.4&quot;,&quot;2.33.5&quot;,&quot;2.6.5&quot;,&quot;3.12.7&quot;,&quot;3.3.7&quot;,&quot;3.4.2&quot;,&quot;3.5.2&quot;,&quot;3.6.4&quot;,&quot;3.6.5&quot;,&quot;3.8.6&quot;,&quot;3.9.6&quot;,&quot;4.13.7&quot;,&quot;4.15.1&quot;,&quot;4.17.5&quot;,&quot;4.2.6&quot;,&quot;4.26.8&quot;,&quot;4.5.10&quot;,&quot;4.5.2&quot;,&quot;5.10.4&quot;,&quot;5.11.6&quot;,&quot;5.12.4&quot;,&quot;5.19.3&quot;,&quot;5.21.1&quot;,&quot;5.26.6&quot;,&quot;5.6.5&quot;,&quot;6.17.9&quot;,&quot;6.20.14&quot;,&quot;6.22.7&quot;,&quot;7.1.2&quot;,&quot;7.1.3&quot;,&quot;7.10.4&quot;,&quot;7.11.6&quot;,&quot;7.2.2&quot;,&quot;7.2.7&quot;,&quot;7.20.6&quot;,&quot;7.24.5&quot;,&quot;7.25.2&quot;,&quot;7.25.4&quot;,&quot;7.7.8&quot;,&quot;7.9.6&quot;,&quot;8.11.6&quot;,&quot;8.23.3&quot;,&quot;8.37.3&quot;,&quot;8.8.6&quot;,&quot;9.1.4&quot;,&quot;9.14.7&quot;,&quot;9.15.4&quot;,&quot;9.15.5&quot;,&quot;9.26.6&quot;,&quot;9.3.2&quot;,&quot;9.30.1&quot;,&quot;9.32.5&quot;,&quot;9.35.3&quot;,&quot;9.39.1&quot;,&quot;9.6.2&quot;,&quot;9.7.1&quot;]</value></Data>
<Data name="Pleiades"><value>https://pleiades.stoa.org/places/579885</value></Data>
</ExtendedData>
        <Point><coordinates>23.726464,37.971687</coordinates></Point>
      </Placemark>

      <Placemark>
        <name>Athenai Bk1</name>
        <ExtendedData>
<Data name="name"><value>Athenai Bk1</value></Data>
<Data name="region"><value>Attica Bk1</value></Data>
<Data name="part of"><value>Attica Bk1</value></Data>
<Data name="altname"><value>Athens Athenae polis: major city of ancient Greece</value></Data>
<Data name="Wikidata"><value>https://wikidata.org/wiki/Q844930</value></Data>
<Data name="type"><value>[&quot;polis&quot;]</value></Data>
<Data name="passages"><value>[&quot;1.1.2&quot;,&quot;1.1.5&quot;,&quot;1.14.1&quot;,&quot;1.14.5&quot;,&quot;1.14.7&quot;,&quot;1.15.2&quot;,&quot;1.17.6&quot;,&quot;1.18.4&quot;,&quot;1.18.8&quot;,&quot;1.19.1&quot;,&quot;1.2.1&quot;,&quot;1.2.4&quot;,&quot;1.2.5&quot;,&quot;1.20.4&quot;,&quot;1.20.5&quot;,&quot;1.20.6&quot;,&quot;1.20.7&quot;,&quot;1.22.3&quot;,&quot;1.23.9&quot;,&quot;1.25.5&quot;,&quot;1.25.8&quot;,&quot;1.26.2&quot;,&quot;1.26.3&quot;,&quot;1.26.6&quot;,&quot;1.27.10&quot;,&quot;1.27.2&quot;,&quot;1.27.3&quot;,&quot;1.27.5&quot;,&quot;1.27.6&quot;,&quot;1.27.8&quot;,&quot;1.28.4&quot;,&quot;1.28.8&quot;,&quot;1.29.12&quot;,&quot;1.29.2&quot;,&quot;1.3.2&quot;,&quot;1.30.1&quot;,&quot;1.30.2&quot;,&quot;1.32.3&quot;,&quot;1.32.6&quot;,&quot;1.33.1&quot;,&quot;1.33.2&quot;,&quot;1.34.3&quot;,&quot;1.35.3&quot;,&quot;1.36.3&quot;,&quot;1.37.5&quot;,&quot;1.37.6&quot;,&quot;1.37.7&quot;,&quot;1.39.4&quot;,&quot;1.40.5&quot;,&quot;1.41.4&quot;,&quot;1.41.9&quot;,&quot;1.8.5&quot;,&quot;10.10.1&quot;,&quot;10.18.7&quot;,&quot;10.2.3&quot;,&quot;10.21.6&quot;,&quot;10.23.14&quot;,&quot;10.3.1&quot;,&quot;10.34.8&quot;,&quot;10.35.8&quot;,&quot;10.37.6&quot;,&quot;10.4.3&quot;,&quot;10.4.9&quot;,&quot;10.8.5&quot;,&quot;2.1.4&quot;,&quot;2.14.4&quot;,&quot;2.18.9&quot;,&quot;2.26.2&quot;,&quot;2.27.2&quot;,&quot;2.3.8&quot;,&quot;2.31.7&quot;,&quot;2.33.4&quot;,&quot;2.33.5&quot;,&quot;2.6.5&quot;,&quot;3.12.7&quot;,&quot;3.3.7&quot;,&quot;3.4.2&quot;,&quot;3.5.2&quot;,&quot;3.6.4&quot;,&quot;3.6.5&quot;,&quot;3.8.6&quot;,&quot;3.9.6&quot;,&quot;4.13.7&quot;,&quot;4.15.1&quot;,&quot;4.17.5&quot;,&quot;4.2.6&quot;,&quot;4.26.8&quot;,&quot;4.5.10&quot;,&quot;4.5.2&quot;,&quot;5.10.4&quot;,&quot;5.11.6&quot;,&quot;5.12.4&quot;,&quot;5.19.3&quot;,&quot;5.21.1&quot;,&quot;5.26.6&quot;,&quot;5.6.5&quot;,&quot;6.17.9&quot;,&quot;6.20.14&quot;,&quot;6.22.7&quot;,&quot;7.1.2&quot;,&quot;7.1.3&quot;,&quot;7.10.4&quot;,&quot;7.11.6&quot;,&quot;7.2.2&quot;,&quot;7.2.7&quot;,&quot;7.20.6&quot;,&quot;7.24.5&quot;,&quot;7.25.2&quot;,&quot;7.25.4&quot;,&quot;7.7.8&quot;,&quot;7.9.6&quot;,&quot;8.11.6&quot;,&quot;8.23.3&quot;,&quot;8.37.3&quot;,&quot;8.8.6&quot;,&quot;9.1.4&quot;,&quot;9.14.7&quot;,&quot;9.15.4&quot;,&quot;9.15.5&quot;,&quot;9.26.6&quot;,&quot;9.3.2&quot;,&quot;9.30.1&quot;,&quot;9.32.5&quot;,&quot;9.35.3&quot;,&quot;9.39.1&quot;,&quot;9.6.2&quot;,&quot;9.7.1&quot;]</value></Data>
<Data name="Pleiades"><value>https://pleiades.stoa.org/places/579885</value></Data>
</ExtendedData>
        <Point><coordinates>23.726464,37.971687</coordinates></Point>
      </Placemark>

      <Placemark>
        <name>Athenai Bk1</name>
        <ExtendedData>
<Data name="name"><value>Athenai Bk1</value></Data>
<Data name="region"><value>Attica Bk1</value></Data>
<Data name="part of"><value>Attica Bk1</value></Data>
<Data name="altname"><value>Athens Athenae polis: major city of ancient Greece</value></Data>
<Data name="Wikidata"><value>https://wikidata.org/wiki/Q844930</value></Data>
<Data name="type"><value>[&quot;polis&quot;]</value></Data>
<Data name="passages"><value>[&quot;1.1.2&quot;,&quot;1.1.5&quot;,&quot;1.14.1&quot;,&quot;1.14.5&quot;,&quot;1.14.7&quot;,&quot;1.15.2&quot;,&quot;1.17.6&quot;,&quot;1.18.4&quot;,&quot;1.18.8&quot;,&quot;1.19.1&quot;,&quot;1.2.1&quot;,&quot;1.2.4&quot;,&quot;1.2.5&quot;,&quot;1.20.4&quot;,&quot;1.20.5&quot;,&quot;1.20.6&quot;,&quot;1.20.7&quot;,&quot;1.22.3&quot;,&quot;1.23.9&quot;,&quot;1.25.5&quot;,&quot;1.25.8&quot;,&quot;1.26.2&quot;,&quot;1.26.3&quot;,&quot;1.26.6&quot;,&quot;1.27.10&quot;,&quot;1.27.2&quot;,&quot;1.27.3&quot;,&quot;1.27.5&quot;,&quot;1.27.6&quot;,&quot;1.27.8&quot;,&quot;1.28.4&quot;,&quot;1.28.8&quot;,&quot;1.29.12&quot;,&quot;1.29.2&quot;,&quot;1.3.2&quot;,&quot;1.30.1&quot;,&quot;1.30.2&quot;,&quot;1.32.3&quot;,&quot;1.32.6&quot;,&quot;1.33.1&quot;,&quot;1.33.2&quot;,&quot;1.34.3&quot;,&quot;1.35.3&quot;,&quot;1.36.3&quot;,&quot;1.37.5&quot;,&quot;1.37.6&quot;,&quot;1.37.7&quot;,&quot;1.39.4&quot;,&quot;1.40.5&quot;,&quot;1.41.4&quot;,&quot;1.41.9&quot;,&quot;1.8.5&quot;,&quot;10.10.1&quot;,&quot;10.18.7&quot;,&quot;10.2.3&quot;,&quot;10.21.6&quot;,&quot;10.23.14&quot;,&quot;10.3.1&quot;,&quot;10.34.8&quot;,&quot;10.35.8&quot;,&quot;10.37.6&quot;,&quot;10.4.3&quot;,&quot;10.4.9&quot;,&quot;10.8.5&quot;,&quot;2.1.4&quot;,&quot;2.14.4&quot;,&quot;2.18.9&quot;,&quot;2.26.2&quot;,&quot;2.27.2&quot;,&quot;2.3.8&quot;,&quot;2.31.7&quot;,&quot;2.33.4&quot;,&quot;2.33.5&quot;,&quot;2.6.5&quot;,&quot;3.12.7&quot;,&quot;3.3.7&quot;,&quot;3.4.2&quot;,&quot;3.5.2&quot;,&quot;3.6.4&quot;,&quot;3.6.5&quot;,&quot;3.8.6&quot;,&quot;3.9.6&quot;,&quot;4.13.7&quot;,&quot;4.15.1&quot;,&quot;4.17.5&quot;,&quot;4.2.6&quot;,&quot;4.26.8&quot;,&quot;4.5.10&quot;,&quot;4.5.2&quot;,&quot;5.10.4&quot;,&quot;5.11.6&quot;,&quot;5.12.4&quot;,&quot;5.19.3&quot;,&quot;5.21.1&quot;,&quot;5.26.6&quot;,&quot;5.6.5&quot;,&quot;6.17.9&quot;,&quot;6.20.14&quot;,&quot;6.22.7&quot;,&quot;7.1.2&quot;,&quot;7.1.3&quot;,&quot;7.10.4&quot;,&quot;7.11.6&quot;,&quot;7.2.2&quot;,&quot;7.2.7&quot;,&quot;7.20.6&quot;,&quot;7.24.5&quot;,&quot;7.25.2&quot;,&quot;7.25.4&quot;,&quot;7.7.8&quot;,&quot;7.9.6&quot;,&quot;8.11.6&quot;,&quot;8.23.3&quot;,&quot;8.37.3&quot;,&quot;8.8.6&quot;,&quot;9.1.4&quot;,&quot;9.14.7&quot;,&quot;9.15.4&quot;,&quot;9.15.5&quot;,&quot;9.26.6&quot;,&quot;9.3.2&quot;,&quot;9.30.1&quot;,&quot;9.32.5&quot;,&quot;9.35.3&quot;,&quot;9.39.1&quot;,&quot;9.6.2&quot;,&quot;9.7.1&quot;]</value></Data>
<Data name="Pleiades"><value>https://pleiades.stoa.org/places/579885</value></Data>
</ExtendedData>
        <Point><coordinates>23.726464,37.971687</coordinates></Point>
      </Placemark>

      <Placemark>
        <name>Athenai Bk1</name>
        <ExtendedData>
<Data name="name"><value>Athenai Bk1</value></Data>
<Data name="region"><value>Attica Bk1</value></Data>
<Data name="part of"><value>Attica Bk1</value></Data>
<Data name="altname"><value>Athens Athenae polis: major city of ancient Greece</value></Data>
<Data name="Wikidata"><value>https://wikidata.org/wiki/Q844930</value></Data>
<Data name="type"><value>[&quot;polis&quot;]</value></Data>
<Data name="passages"><value>[&quot;1.1.2&quot;,&quot;1.1.5&quot;,&quot;1.14.1&quot;,&quot;1.14.5&quot;,&quot;1.14.7&quot;,&quot;1.15.2&quot;,&quot;1.17.6&quot;,&quot;1.18.4&quot;,&quot;1.18.8&quot;,&quot;1.19.1&quot;,&quot;1.2.1&quot;,&quot;1.2.4&quot;,&quot;1.2.5&quot;,&quot;1.20.4&quot;,&quot;1.20.5&quot;,&quot;1.20.6&quot;,&quot;1.20.7&quot;,&quot;1.22.3&quot;,&quot;1.23.9&quot;,&quot;1.25.5&quot;,&quot;1.25.8&quot;,&quot;1.26.2&quot;,&quot;1.26.3&quot;,&quot;1.26.6&quot;,&quot;1.27.10&quot;,&quot;1.27.2&quot;,&quot;1.27.3&quot;,&quot;1.27.5&quot;,&quot;1.27.6&quot;,&quot;1.27.8&quot;,&quot;1.28.4&quot;,&quot;1.28.8&quot;,&quot;1.29.12&quot;,&quot;1.29.2&quot;,&quot;1.3.2&quot;,&quot;1.30.1&quot;,&quot;1.30.2&quot;,&quot;1.32.3&quot;,&quot;1.32.6&quot;,&quot;1.33.1&quot;,&quot;1.33.2&quot;,&quot;1.34.3&quot;,&quot;1.35.3&quot;,&quot;1.36.3&quot;,&quot;1.37.5&quot;,&quot;1.37.6&quot;,&quot;1.37.7&quot;,&quot;1.39.4&quot;,&quot;1.40.5&quot;,&quot;1.41.4&quot;,&quot;1.41.9&quot;,&quot;1.8.5&quot;,&quot;10.10.1&quot;,&quot;10.18.7&quot;,&quot;10.2.3&quot;,&quot;10.21.6&quot;,&quot;10.23.14&quot;,&quot;10.3.1&quot;,&quot;10.34.8&quot;,&quot;10.35.8&quot;,&quot;10.37.6&quot;,&quot;10.4.3&quot;,&quot;10.4.9&quot;,&quot;10.8.5&quot;,&quot;2.1.4&quot;,&quot;2.14.4&quot;,&quot;2.18.9&quot;,&quot;2.26.2&quot;,&quot;2.27.2&quot;,&quot;2.3.8&quot;,&quot;2.31.7&quot;,&quot;2.33.4&quot;,&quot;2.33.5&quot;,&quot;2.6.5&quot;,&quot;3.12.7&quot;,&quot;3.3.7&quot;,&quot;3.4.2&quot;,&quot;3.5.2&quot;,&quot;3.6.4&quot;,&quot;3.6.5&quot;,&quot;3.8.6&quot;,&quot;3.9.6&quot;,&quot;4.13.7&quot;,&quot;4.15.1&quot;,&quot;4.17.5&quot;,&quot;4.2.6&quot;,&quot;4.26.8&quot;,&quot;4.5.10&quot;,&quot;4.5.2&quot;,&quot;5.10.4&quot;,&quot;5.11.6&quot;,&quot;5.12.4&quot;,&quot;5.19.3&quot;,&quot;5.21.1&quot;,&quot;5.26.6&quot;,&quot;5.6.5&quot;,&quot;6.17.9&quot;,&quot;6.20.14&quot;,&quot;6.22.7&quot;,&quot;7.1.2&quot;,&quot;7.1.3&quot;,&quot;7.10.4&quot;,&quot;7.11.6&quot;,&quot;7.2.2&quot;,&quot;7.2.7&quot;,&quot;7.20.6&quot;,&quot;7.24.5&quot;,&quot;7.25.2&quot;,&quot;7.25.4&quot;,&quot;7.7.8&quot;,&quot;7.9.6&quot;,&quot;8.11.6&quot;,&quot;8.23.3&quot;,&quot;8.37.3&quot;,&quot;8.8.6&quot;,&quot;9.1.4&quot;,&quot;9.14.7&quot;,&quot;9.15.4&quot;,&quot;9.15.5&quot;,&quot;9.26.6&quot;,&quot;9.3.2&quot;,&quot;9.30.1&quot;,&quot;9.32.5&quot;,&quot;9.35.3&quot;,&quot;9.39.1&quot;,&quot;9.6.2&quot;,&quot;9.7.1&quot;]</value></Data>
<Data name="Pleiades"><value>https://pleiades.stoa.org/places/579885</value></Data>
</ExtendedData>
        <Point><coordinates>23.726464,37.971687</coordinates></Point>
      </Placemark>

      <Placemark>
        <name>Athenai Bk1</name>
        <ExtendedData>
<Data name="name"><value>Athenai Bk1</value></Data>
<Data name="region"><value>Attica Bk1</value></Data>
<Data name="part of"><value>Attica Bk1</value></Data>
<Data name="altname"><value>Athens Athenae polis: major city of ancient Greece</value></Data>
<Data name="Wikidata"><value>https://wikidata.org/wiki/Q844930</value></Data>
<Data name="type"><value>[&quot;polis&quot;]</value></Data>
<Data name="passages"><value>[&quot;1.1.2&quot;,&quot;1.1.5&quot;,&quot;1.14.1&quot;,&quot;1.14.5&quot;,&quot;1.14.7&quot;,&quot;1.15.2&quot;,&quot;1.17.6&quot;,&quot;1.18.4&quot;,&quot;1.18.8&quot;,&quot;1.19.1&quot;,&quot;1.2.1&quot;,&quot;1.2.4&quot;,&quot;1.2.5&quot;,&quot;1.20.4&quot;,&quot;1.20.5&quot;,&quot;1.20.6&quot;,&quot;1.20.7&quot;,&quot;1.22.3&quot;,&quot;1.23.9&quot;,&quot;1.25.5&quot;,&quot;1.25.8&quot;,&quot;1.26.2&quot;,&quot;1.26.3&quot;,&quot;1.26.6&quot;,&quot;1.27.10&quot;,&quot;1.27.2&quot;,&quot;1.27.3&quot;,&quot;1.27.5&quot;,&quot;1.27.6&quot;,&quot;1.27.8&quot;,&quot;1.28.4&quot;,&quot;1.28.8&quot;,&quot;1.29.12&quot;,&quot;1.29.2&quot;,&quot;1.3.2&quot;,&quot;1.30.1&quot;,&quot;1.30.2&quot;,&quot;1.32.3&quot;,&quot;1.32.6&quot;,&quot;1.33.1&quot;,&quot;1.33.2&quot;,&quot;1.34.3&quot;,&quot;1.35.3&quot;,&quot;1.36.3&quot;,&quot;1.37.5&quot;,&quot;1.37.6&quot;,&quot;1.37.7&quot;,&quot;1.39.4&quot;,&quot;1.40.5&quot;,&quot;1.41.4&quot;,&quot;1.41.9&quot;,&quot;1.8.5&quot;,&quot;10.10.1&quot;,&quot;10.18.7&quot;,&quot;10.2.3&quot;,&quot;10.21.6&quot;,&quot;10.23.14&quot;,&quot;10.3.1&quot;,&quot;10.34.8&quot;,&quot;10.35.8&quot;,&quot;10.37.6&quot;,&quot;10.4.3&quot;,&quot;10.4.9&quot;,&quot;10.8.5&quot;,&quot;2.1.4&quot;,&quot;2.14.4&quot;,&quot;2.18.9&quot;,&quot;2.26.2&quot;,&quot;2.27.2&quot;,&quot;2.3.8&quot;,&quot;2.31.7&quot;,&quot;2.33.4&quot;,&quot;2.33.5&quot;,&quot;2.6.5&quot;,&quot;3.12.7&quot;,&quot;3.3.7&quot;,&quot;3.4.2&quot;,&quot;3.5.2&quot;,&quot;3.6.4&quot;,&quot;3.6.5&quot;,&quot;3.8.6&quot;,&quot;3.9.6&quot;,&quot;4.13.7&quot;,&quot;4.15.1&quot;,&quot;4.17.5&quot;,&quot;4.2.6&quot;,&quot;4.26.8&quot;,&quot;4.5.10&quot;,&quot;4.5.2&quot;,&quot;5.10.4&quot;,&quot;5.11.6&quot;,&quot;5.12.4&quot;,&quot;5.19.3&quot;,&quot;5.21.1&quot;,&quot;5.26.6&quot;,&quot;5.6.5&quot;,&quot;6.17.9&quot;,&quot;6.20.14&quot;,&quot;6.22.7&quot;,&quot;7.1.2&quot;,&quot;7.1.3&quot;,&quot;7.10.4&quot;,&quot;7.11.6&quot;,&quot;7.2.2&quot;,&quot;7.2.7&quot;,&quot;7.20.6&quot;,&quot;7.24.5&quot;,&quot;7.25.2&quot;,&quot;7.25.4&quot;,&quot;7.7.8&quot;,&quot;7.9.6&quot;,&quot;8.11.6&quot;,&quot;8.23.3&quot;,&quot;8.37.3&quot;,&quot;8.8.6&quot;,&quot;9.1.4&quot;,&quot;9.14.7&quot;,&quot;9.15.4&quot;,&quot;9.15.5&quot;,&quot;9.26.6&quot;,&quot;9.3.2&quot;,&quot;9.30.1&quot;,&quot;9.32.5&quot;,&quot;9.35.3&quot;,&quot;9.39.1&quot;,&quot;9.6.2&quot;,&quot;9.7.1&quot;]</value></Data>
<Data name="Pleiades"><value>https://pleiades.stoa.org/places/579885</value></Data>
</ExtendedData>
        <Point><coordinates>23.726464,37.971687</coordinates></Point>
      </Placemark>

      <Placemark>
        <name>Athenai Bk1</name>
        <ExtendedData>
<Data name="name"><value>Athenai Bk1</value></Data>
<Data name="region"><value>Attica Bk1</value></Data>
<Data name="part of"><value>Attica Bk1</value></Data>
<Data name="altname"><value>Athens Athenae polis: major city of ancient Greece</value></Data>
<Data name="Wikidata"><value>https://wikidata.org/wiki/Q844930</value></Data>
<Data name="type"><value>[&quot;polis&quot;]</value></Data>
<Data name="passages"><value>[&quot;1.1.2&quot;,&quot;1.1.5&quot;,&quot;1.14.1&quot;,&quot;1.14.5&quot;,&quot;1.14.7&quot;,&quot;1.15.2&quot;,&quot;1.17.6&quot;,&quot;1.18.4&quot;,&quot;1.18.8&quot;,&quot;1.19.1&quot;,&quot;1.2.1&quot;,&quot;1.2.4&quot;,&quot;1.2.5&quot;,&quot;1.20.4&quot;,&quot;1.20.5&quot;,&quot;1.20.6&quot;,&quot;1.20.7&quot;,&quot;1.22.3&quot;,&quot;1.23.9&quot;,&quot;1.25.5&quot;,&quot;1.25.8&quot;,&quot;1.26.2&quot;,&quot;1.26.3&quot;,&quot;1.26.6&quot;,&quot;1.27.10&quot;,&quot;1.27.2&quot;,&quot;1.27.3&quot;,&quot;1.27.5&quot;,&quot;1.27.6&quot;,&quot;1.27.8&quot;,&quot;1.28.4&quot;,&quot;1.28.8&quot;,&quot;1.29.12&quot;,&quot;1.29.2&quot;,&quot;1.3.2&quot;,&quot;1.30.1&quot;,&quot;1.30.2&quot;,&quot;1.32.3&quot;,&quot;1.32.6&quot;,&quot;1.33.1&quot;,&quot;1.33.2&quot;,&quot;1.34.3&quot;,&quot;1.35.3&quot;,&quot;1.36.3&quot;,&quot;1.37.5&quot;,&quot;1.37.6&quot;,&quot;1.37.7&quot;,&quot;1.39.4&quot;,&quot;1.40.5&quot;,&quot;1.41.4&quot;,&quot;1.41.9&quot;,&quot;1.8.5&quot;,&quot;10.10.1&quot;,&quot;10.18.7&quot;,&quot;10.2.3&quot;,&quot;10.21.6&quot;,&quot;10.23.14&quot;,&quot;10.3.1&quot;,&quot;10.34.8&quot;,&quot;10.35.8&quot;,&quot;10.37.6&quot;,&quot;10.4.3&quot;,&quot;10.4.9&quot;,&quot;10.8.5&quot;,&quot;2.1.4&quot;,&quot;2.14.4&quot;,&quot;2.18.9&quot;,&quot;2.26.2&quot;,&quot;2.27.2&quot;,&quot;2.3.8&quot;,&quot;2.31.7&quot;,&quot;2.33.4&quot;,&quot;2.33.5&quot;,&quot;2.6.5&quot;,&quot;3.12.7&quot;,&quot;3.3.7&quot;,&quot;3.4.2&quot;,&quot;3.5.2&quot;,&quot;3.6.4&quot;,&quot;3.6.5&quot;,&quot;3.8.6&quot;,&quot;3.9.6&quot;,&quot;4.13.7&quot;,&quot;4.15.1&quot;,&quot;4.17.5&quot;,&quot;4.2.6&quot;,&quot;4.26.8&quot;,&quot;4.5.10&quot;,&quot;4.5.2&quot;,&quot;5.10.4&quot;,&quot;5.11.6&quot;,&quot;5.12.4&quot;,&quot;5.19.3&quot;,&quot;5.21.1&quot;,&quot;5.26.6&quot;,&quot;5.6.5&quot;,&quot;6.17.9&quot;,&quot;6.20.14&quot;,&quot;6.22.7&quot;,&quot;7.1.2&quot;,&quot;7.1.3&quot;,&quot;7.10.4&quot;,&quot;7.11.6&quot;,&quot;7.2.2&quot;,&quot;7.2.7&quot;,&quot;7.20.6&quot;,&quot;7.24.5&quot;,&quot;7.25.2&quot;,&quot;7.25.4&quot;,&quot;7.7.8&quot;,&quot;7.9.6&quot;,&quot;8.11.6&quot;,&quot;8.23.3&quot;,&quot;8.37.3&quot;,&quot;8.8.6&quot;,&quot;9.1.4&quot;,&quot;9.14.7&quot;,&quot;9.15.4&quot;,&quot;9.15.5&quot;,&quot;9.26.6&quot;,&quot;9.3.2&quot;,&quot;9.30.1&quot;,&quot;9.32.5&quot;,&quot;9.35.3&quot;,&quot;9.39.1&quot;,&quot;9.6.2&quot;,&quot;9.7.1&quot;]</value></Data>
<Data name="Pleiades"><value>https://pleiades.stoa.org/places/579885</value></Data>
</ExtendedData>
        <Point><coordinates>23.726464,37.971687</coordinates></Point>
      </Placemark>

      <Placemark>
        <name>Athenai Bk1</name>
        <ExtendedData>
<Data name="name"><value>Athenai Bk1</value></Data>
<Data name="region"><value>Attica Bk1</value></Data>
<Data name="part of"><value>Attica Bk1</value></Data>
<Data name="altname"><value>Athens Athenae polis: major city of ancient Greece</value></Data>
<Data name="Wikidata"><value>https://wikidata.org/wiki/Q844930</value></Data>
<Data name="type"><value>[&quot;polis&quot;]</value></Data>
<Data name="passages"><value>[&quot;1.1.2&quot;,&quot;1.1.5&quot;,&quot;1.14.1&quot;,&quot;1.14.5&quot;,&quot;1.14.7&quot;,&quot;1.15.2&quot;,&quot;1.17.6&quot;,&quot;1.18.4&quot;,&quot;1.18.8&quot;,&quot;1.19.1&quot;,&quot;1.2.1&quot;,&quot;1.2.4&quot;,&quot;1.2.5&quot;,&quot;1.20.4&quot;,&quot;1.20.5&quot;,&quot;1.20.6&quot;,&quot;1.20.7&quot;,&quot;1.22.3&quot;,&quot;1.23.9&quot;,&quot;1.25.5&quot;,&quot;1.25.8&quot;,&quot;1.26.2&quot;,&quot;1.26.3&quot;,&quot;1.26.6&quot;,&quot;1.27.10&quot;,&quot;1.27.2&quot;,&quot;1.27.3&quot;,&quot;1.27.5&quot;,&quot;1.27.6&quot;,&quot;1.27.8&quot;,&quot;1.28.4&quot;,&quot;1.28.8&quot;,&quot;1.29.12&quot;,&quot;1.29.2&quot;,&quot;1.3.2&quot;,&quot;1.30.1&quot;,&quot;1.30.2&quot;,&quot;1.32.3&quot;,&quot;1.32.6&quot;,&quot;1.33.1&quot;,&quot;1.33.2&quot;,&quot;1.34.3&quot;,&quot;1.35.3&quot;,&quot;1.36.3&quot;,&quot;1.37.5&quot;,&quot;1.37.6&quot;,&quot;1.37.7&quot;,&quot;1.39.4&quot;,&quot;1.40.5&quot;,&quot;1.41.4&quot;,&quot;1.41.9&quot;,&quot;1.8.5&quot;,&quot;10.10.1&quot;,&quot;10.18.7&quot;,&quot;10.2.3&quot;,&quot;10.21.6&quot;,&quot;10.23.14&quot;,&quot;10.3.1&quot;,&quot;10.34.8&quot;,&quot;10.35.8&quot;,&quot;10.37.6&quot;,&quot;10.4.3&quot;,&quot;10.4.9&quot;,&quot;10.8.5&quot;,&quot;2.1.4&quot;,&quot;2.14.4&quot;,&quot;2.18.9&quot;,&quot;2.26.2&quot;,&quot;2.27.2&quot;,&quot;2.3.8&quot;,&quot;2.31.7&quot;,&quot;2.33.4&quot;,&quot;2.33.5&quot;,&quot;2.6.5&quot;,&quot;3.12.7&quot;,&quot;3.3.7&quot;,&quot;3.4.2&quot;,&quot;3.5.2&quot;,&quot;3.6.4&quot;,&quot;3.6.5&quot;,&quot;3.8.6&quot;,&quot;3.9.6&quot;,&quot;4.13.7&quot;,&quot;4.15.1&quot;,&quot;4.17.5&quot;,&quot;4.2.6&quot;,&quot;4.26.8&quot;,&quot;4.5.10&quot;,&quot;4.5.2&quot;,&quot;5.10.4&quot;,&quot;5.11.6&quot;,&quot;5.12.4&quot;,&quot;5.19.3&quot;,&quot;5.21.1&quot;,&quot;5.26.6&quot;,&quot;5.6.5&quot;,&quot;6.17.9&quot;,&quot;6.20.14&quot;,&quot;6.22.7&quot;,&quot;7.1.2&quot;,&quot;7.1.3&quot;,&quot;7.10.4&quot;,&quot;7.11.6&quot;,&quot;7.2.2&quot;,&quot;7.2.7&quot;,&quot;7.20.6&quot;,&quot;7.24.5&quot;,&quot;7.25.2&quot;,&quot;7.25.4&quot;,&quot;7.7.8&quot;,&quot;7.9.6&quot;,&quot;8.11.6&quot;,&quot;8.23.3&quot;,&quot;8.37.3&quot;,&quot;8.8.6&quot;,&quot;9.1.4&quot;,&quot;9.14.7&quot;,&quot;9.15.4&quot;,&quot;9.15.5&quot;,&quot;9.26.6&quot;,&quot;9.3.2&quot;,&quot;9.30.1&quot;,&quot;9.32.5&quot;,&quot;9.35.3&quot;,&quot;9.39.1&quot;,&quot;9.6.2&quot;,&quot;9.7.1&quot;]</value></Data>
<Data name="Pleiades"><value>https://pleiades.stoa.org/places/579885</value></Data>
</ExtendedData>
        <Point><coordinates>23.726464,37.971687</coordinates></Point>
      </Placemark>

      <Placemark>
        <name>Athenai Bk1</name>
        <ExtendedData>
<Data name="name"><value>Athenai Bk1</value></Data>
<Data name="region"><value>Attica Bk1</value></Data>
<Data name="part of"><value>Attica Bk1</value></Data>
<Data name="altname"><value>Athens Athenae polis: major city of ancient Greece</value></Data>
<Data name="Wikidata"><value>https://wikidata.org/wiki/Q844930</value></Data>
<Data name="type"><value>[&quot;polis&quot;]</value></Data>
<Data name="passages"><value>[&quot;1.1.2&quot;,&quot;1.1.5&quot;,&quot;1.14.1&quot;,&quot;1.14.5&quot;,&quot;1.14.7&quot;,&quot;1.15.2&quot;,&quot;1.17.6&quot;,&quot;1.18.4&quot;,&quot;1.18.8&quot;,&quot;1.19.1&quot;,&quot;1.2.1&quot;,&quot;1.2.4&quot;,&quot;1.2.5&quot;,&quot;1.20.4&quot;,&quot;1.20.5&quot;,&quot;1.20.6&quot;,&quot;1.20.7&quot;,&quot;1.22.3&quot;,&quot;1.23.9&quot;,&quot;1.25.5&quot;,&quot;1.25.8&quot;,&quot;1.26.2&quot;,&quot;1.26.3&quot;,&quot;1.26.6&quot;,&quot;1.27.10&quot;,&quot;1.27.2&quot;,&quot;1.27.3&quot;,&quot;1.27.5&quot;,&quot;1.27.6&quot;,&quot;1.27.8&quot;,&quot;1.28.4&quot;,&quot;1.28.8&quot;,&quot;1.29.12&quot;,&quot;1.29.2&quot;,&quot;1.3.2&quot;,&quot;1.30.1&quot;,&quot;1.30.2&quot;,&quot;1.32.3&quot;,&quot;1.32.6&quot;,&quot;1.33.1&quot;,&quot;1.33.2&quot;,&quot;1.34.3&quot;,&quot;1.35.3&quot;,&quot;1.36.3&quot;,&quot;1.37.5&quot;,&quot;1.37.6&quot;,&quot;1.37.7&quot;,&quot;1.39.4&quot;,&quot;1.40.5&quot;,&quot;1.41.4&quot;,&quot;1.41.9&quot;,&quot;1.8.5&quot;,&quot;10.10.1&quot;,&quot;10.18.7&quot;,&quot;10.2.3&quot;,&quot;10.21.6&quot;,&quot;10.23.14&quot;,&quot;10.3.1&quot;,&quot;10.34.8&quot;,&quot;10.35.8&quot;,&quot;10.37.6&quot;,&quot;10.4.3&quot;,&quot;10.4.9&quot;,&quot;10.8.5&quot;,&quot;2.1.4&quot;,&quot;2.14.4&quot;,&quot;2.18.9&quot;,&quot;2.26.2&quot;,&quot;2.27.2&quot;,&quot;2.3.8&quot;,&quot;2.31.7&quot;,&quot;2.33.4&quot;,&quot;2.33.5&quot;,&quot;2.6.5&quot;,&quot;3.12.7&quot;,&quot;3.3.7&quot;,&quot;3.4.2&quot;,&quot;3.5.2&quot;,&quot;3.6.4&quot;,&quot;3.6.5&quot;,&quot;3.8.6&quot;,&quot;3.9.6&quot;,&quot;4.13.7&quot;,&quot;4.15.1&quot;,&quot;4.17.5&quot;,&quot;4.2.6&quot;,&quot;4.26.8&quot;,&quot;4.5.10&quot;,&quot;4.5.2&quot;,&quot;5.10.4&quot;,&quot;5.11.6&quot;,&quot;5.12.4&quot;,&quot;5.19.3&quot;,&quot;5.21.1&quot;,&quot;5.26.6&quot;,&quot;5.6.5&quot;,&quot;6.17.9&quot;,&quot;6.20.14&quot;,&quot;6.22.7&quot;,&quot;7.1.2&quot;,&quot;7.1.3&quot;,&quot;7.10.4&quot;,&quot;7.11.6&quot;,&quot;7.2.2&quot;,&quot;7.2.7&quot;,&quot;7.20.6&quot;,&quot;7.24.5&quot;,&quot;7.25.2&quot;,&quot;7.25.4&quot;,&quot;7.7.8&quot;,&quot;7.9.6&quot;,&quot;8.11.6&quot;,&quot;8.23.3&quot;,&quot;8.37.3&quot;,&quot;8.8.6&quot;,&quot;9.1.4&quot;,&quot;9.14.7&quot;,&quot;9.15.4&quot;,&quot;9.15.5&quot;,&quot;9.26.6&quot;,&quot;9.3.2&quot;,&quot;9.30.1&quot;,&quot;9.32.5&quot;,&quot;9.35.3&quot;,&quot;9.39.1&quot;,&quot;9.6.2&quot;,&quot;9.7.1&quot;]</value></Data>
<Data name="Pleiades"><value>https://pleiades.stoa.org/places/579885</value></Data>
</ExtendedData>
        <Point><coordinates>23.726464,37.971687</coordinates></Point>
      </Placemark>

      <Placemark>
        <name>Athenai Bk1</name>
        <ExtendedData>
<Data name="name"><value>Athenai Bk1</value></Data>
<Data name="region"><value>Attica Bk1</value></Data>
<Data name="part of"><value>Attica Bk1</value></Data>
<Data name="altname"><value>Athens Athenae polis: major city of ancient Greece</value></Data>
<Data name="Wikidata"><value>https://wikidata.org/wiki/Q844930</value></Data>
<Data name="type"><value>[&quot;polis&quot;]</value></Data>
<Data name="passages"><value>[&quot;1.1.2&quot;,&quot;1.1.5&quot;,&quot;1.14.1&quot;,&quot;1.14.5&quot;,&quot;1.14.7&quot;,&quot;1.15.2&quot;,&quot;1.17.6&quot;,&quot;1.18.4&quot;,&quot;1.18.8&quot;,&quot;1.19.1&quot;,&quot;1.2.1&quot;,&quot;1.2.4&quot;,&quot;1.2.5&quot;,&quot;1.20.4&quot;,&quot;1.20.5&quot;,&quot;1.20.6&quot;,&quot;1.20.7&quot;,&quot;1.22.3&quot;,&quot;1.23.9&quot;,&quot;1.25.5&quot;,&quot;1.25.8&quot;,&quot;1.26.2&quot;,&quot;1.26.3&quot;,&quot;1.26.6&quot;,&quot;1.27.10&quot;,&quot;1.27.2&quot;,&quot;1.27.3&quot;,&quot;1.27.5&quot;,&quot;1.27.6&quot;,&quot;1.27.8&quot;,&quot;1.28.4&quot;,&quot;1.28.8&quot;,&quot;1.29.12&quot;,&quot;1.29.2&quot;,&quot;1.3.2&quot;,&quot;1.30.1&quot;,&quot;1.30.2&quot;,&quot;1.32.3&quot;,&quot;1.32.6&quot;,&quot;1.33.1&quot;,&quot;1.33.2&quot;,&quot;1.34.3&quot;,&quot;1.35.3&quot;,&quot;1.36.3&quot;,&quot;1.37.5&quot;,&quot;1.37.6&quot;,&quot;1.37.7&quot;,&quot;1.39.4&quot;,&quot;1.40.5&quot;,&quot;1.41.4&quot;,&quot;1.41.9&quot;,&quot;1.8.5&quot;,&quot;10.10.1&quot;,&quot;10.18.7&quot;,&quot;10.2.3&quot;,&quot;10.21.6&quot;,&quot;10.23.14&quot;,&quot;10.3.1&quot;,&quot;10.34.8&quot;,&quot;10.35.8&quot;,&quot;10.37.6&quot;,&quot;10.4.3&quot;,&quot;10.4.9&quot;,&quot;10.8.5&quot;,&quot;2.1.4&quot;,&quot;2.14.4&quot;,&quot;2.18.9&quot;,&quot;2.26.2&quot;,&quot;2.27.2&quot;,&quot;2.3.8&quot;,&quot;2.31.7&quot;,&quot;2.33.4&quot;,&quot;2.33.5&quot;,&quot;2.6.5&quot;,&quot;3.12.7&quot;,&quot;3.3.7&quot;,&quot;3.4.2&quot;,&quot;3.5.2&quot;,&quot;3.6.4&quot;,&quot;3.6.5&quot;,&quot;3.8.6&quot;,&quot;3.9.6&quot;,&quot;4.13.7&quot;,&quot;4.15.1&quot;,&quot;4.17.5&quot;,&quot;4.2.6&quot;,&quot;4.26.8&quot;,&quot;4.5.10&quot;,&quot;4.5.2&quot;,&quot;5.10.4&quot;,&quot;5.11.6&quot;,&quot;5.12.4&quot;,&quot;5.19.3&quot;,&quot;5.21.1&quot;,&quot;5.26.6&quot;,&quot;5.6.5&quot;,&quot;6.17.9&quot;,&quot;6.20.14&quot;,&quot;6.22.7&quot;,&quot;7.1.2&quot;,&quot;7.1.3&quot;,&quot;7.10.4&quot;,&quot;7.11.6&quot;,&quot;7.2.2&quot;,&quot;7.2.7&quot;,&quot;7.20.6&quot;,&quot;7.24.5&quot;,&quot;7.25.2&quot;,&quot;7.25.4&quot;,&quot;7.7.8&quot;,&quot;7.9.6&quot;,&quot;8.11.6&quot;,&quot;8.23.3&quot;,&quot;8.37.3&quot;,&quot;8.8.6&quot;,&quot;9.1.4&quot;,&quot;9.14.7&quot;,&quot;9.15.4&quot;,&quot;9.15.5&quot;,&quot;9.26.6&quot;,&quot;9.3.2&quot;,&quot;9.30.1&quot;,&quot;9.32.5&quot;,&quot;9.35.3&quot;,&quot;9.39.1&quot;,&quot;9.6.2&quot;,&quot;9.7.1&quot;]</value></Data>
<Data name="Pleiades"><value>https://pleiades.stoa.org/places/579885</value></Data>
</ExtendedData>
        <Point><coordinates>23.726464,37.971687</coordinates></Point>
      </Placemark>

      <Placemark>
        <name>Arba</name>
        <ExtendedData>
<Data name="name"><value>Arba</value></Data>
<Data name="region"><value>Achaia Bk7</value></Data>
<Data name="part of"><value>Achaia Bk7</value></Data>
<Data name="Wikidata"><value>https://wikidata.org/wiki/Q4784583</value></Data>
<Data name="type"><value>[&quot;settlement&quot;]</value></Data>
<Data name="passages"><value>[&quot;7.18.6&quot;]</value></Data>
<Data name="Pleiades"><value>https://pleiades.stoa.org/places/573112</value></Data>
</ExtendedData>
        <Point><coordinates>21.8122,38.2774</coordinates></Point>
      </Placemark>

      <Placemark>
        <name>Areios Pagos</name>
        <ExtendedData>
<Data name="name"><value>Areios Pagos</value></Data>
<Data name="region"><value>Athenai Bk1</value></Data>
<Data name="part of"><value>Athenai Bk1</value></Data>
<Data name="altname"><value>Areopagus Areos Pagos: place below Acropolis caves with ancient lawcourt</value></Data>
<Data name="Wikidata"><value>https://wikidata.org/wiki/Q202487</value></Data>
<Data name="type"><value>[&quot;hill&quot;,&quot;law court&quot;]</value></Data>
<Data name="passages"><value>[&quot;1.28.5&quot;,&quot;1.28.6&quot;,&quot;1.29.1&quot;,&quot;7.25.1&quot;,&quot;7.25.2&quot;,&quot;8.34.4&quot;]</value></Data>
<Data name="ToposText"><value>https://topostext.org/place/380237LAre</value></Data>
</ExtendedData>
        <Point><coordinates>23.723000000000003,37.972</coordinates></Point>
      </Placemark>

      <Placemark>
        <name>Areios Pagos</name>
        <ExtendedData>
<Data name="name"><value>Areios Pagos</value></Data>
<Data name="region"><value>Athenai Bk1</value></Data>
<Data name="part of"><value>Athenai Bk1</value></Data>
<Data name="altname"><value>Areopagus Areos Pagos: place below Acropolis caves with ancient lawcourt</value></Data>
<Data name="Wikidata"><value>https://wikidata.org/wiki/Q202487</value></Data>
<Data name="type"><value>[&quot;hill&quot;,&quot;law court&quot;]</value></Data>
<Data name="passages"><value>[&quot;1.28.5&quot;,&quot;1.28.6&quot;,&quot;1.29.1&quot;,&quot;7.25.1&quot;,&quot;7.25.2&quot;,&quot;8.34.4&quot;]</value></Data>
<Data name="ToposText"><value>https://topostext.org/place/380237LAre</value></Data>
</ExtendedData>
        <Point><coordinates>23.723000000000003,37.972</coordinates></Point>
      </Placemark>

      <Placemark>
        <name>Cayster (river)</name>
        <ExtendedData>
<Data name="name"><value>Cayster (river)</value></Data>
<Data name="region"><value>Asia Minor (Asia)</value></Data>
<Data name="part of"><value>Ionia (region)</value></Data>
<Data name="Wikidata"><value>https://wikidata.org/wiki/Q922382</value></Data>
<Data name="type"><value>[&quot;river&quot;]</value></Data>
<Data name="passages"><value>[&quot;7.2.7&quot;]</value></Data>
<Data name="Pleiades"><value>https://pleiades.stoa.org/places/550492</value></Data>
</ExtendedData>
        <Point><coordinates>27.4412386,38.0304732</coordinates></Point>
      </Placemark>

      <Placemark>
        <name>Hypereia of Troizenia</name>
        <ExtendedData>
<Data name="name"><value>Hypereia of Troizenia</value></Data>
<Data name="region"><value>Troizenia Bk2</value></Data>
<Data name="part of"><value>Troizen (Troizenia)</value></Data>
<Data name="location"><value>Troizen (Troizenia)</value></Data>
<Data name="Wikidata"><value>https://wikidata.org/wiki/Q125966733</value></Data>
<Data name="type"><value>[&quot;polis&quot;]</value></Data>
<Data name="passages"><value>[&quot;2.30.8&quot;,&quot;7.26.13&quot;]</value></Data>
<Data name="Pleiades"><value>https://pleiades.stoa.org/places/573257</value></Data>
</ExtendedData>
        <Point><coordinates>23.3484,37.5033</coordinates></Point>
      </Placemark>

      <Placemark>
        <name>Macedonia (Europe)</name>
        <ExtendedData>
<Data name="name"><value>Macedonia (Europe)</value></Data>
<Data name="region"><value>Europe</value></Data>
<Data name="part of"><value>Hellas (Europe)</value></Data>
<Data name="Wikidata"><value>https://wikidata.org/wiki/Q81734</value></Data>
<Data name="type"><value>[&quot;major region&quot;]</value></Data>
<Data name="passages"><value>[&quot;10.20.5&quot;,&quot;10.33.3&quot;,&quot;10.8.4&quot;,&quot;3.6.8&quot;,&quot;5.5.1&quot;,&quot;5.8.11&quot;,&quot;6.4.10&quot;,&quot;6.5.5&quot;,&quot;7.10.7&quot;,&quot;7.13.1&quot;,&quot;7.15.11&quot;,&quot;7.15.2&quot;,&quot;7.16.1&quot;,&quot;7.17.2&quot;,&quot;7.25.6&quot;,&quot;7.7.7&quot;,&quot;7.8.3&quot;,&quot;7.8.8&quot;,&quot;8.49.5&quot;,&quot;8.49.6&quot;,&quot;8.8.11&quot;,&quot;8.8.12&quot;,&quot;9.40.8&quot;,&quot;9.40.9&quot;]</value></Data>
<Data name="Pleiades"><value>https://pleiades.stoa.org/places/491656</value></Data>
<Data name="ToposText"><value>https://topostext.org/place/408225RMak</value></Data>
</ExtendedData>
        <Point><coordinates>22.5,42.5</coordinates></Point>
      </Placemark>

      <Placemark>
        <name>Macedonia (Europe)</name>
        <ExtendedData>
<Data name="name"><value>Macedonia (Europe)</value></Data>
<Data name="region"><value>Europe</value></Data>
<Data name="part of"><value>Hellas (Europe)</value></Data>
<Data name="Wikidata"><value>https://wikidata.org/wiki/Q81734</value></Data>
<Data name="type"><value>[&quot;major region&quot;]</value></Data>
<Data name="passages"><value>[&quot;10.20.5&quot;,&quot;10.33.3&quot;,&quot;10.8.4&quot;,&quot;3.6.8&quot;,&quot;5.5.1&quot;,&quot;5.8.11&quot;,&quot;6.4.10&quot;,&quot;6.5.5&quot;,&quot;7.10.7&quot;,&quot;7.13.1&quot;,&quot;7.15.11&quot;,&quot;7.15.2&quot;,&quot;7.16.1&quot;,&quot;7.17.2&quot;,&quot;7.25.6&quot;,&quot;7.7.7&quot;,&quot;7.8.3&quot;,&quot;7.8.8&quot;,&quot;8.49.5&quot;,&quot;8.49.6&quot;,&quot;8.8.11&quot;,&quot;8.8.12&quot;,&quot;9.40.8&quot;,&quot;9.40.9&quot;]</value></Data>
<Data name="Pleiades"><value>https://pleiades.stoa.org/places/491656</value></Data>
<Data name="ToposText"><value>https://topostext.org/place/408225RMak</value></Data>
</ExtendedData>
        <Point><coordinates>22.5,42.5</coordinates></Point>
      </Placemark>

      <Placemark>
        <name>Macedonia (Europe)</name>
        <ExtendedData>
<Data name="name"><value>Macedonia (Europe)</value></Data>
<Data name="region"><value>Europe</value></Data>
<Data name="part of"><value>Hellas (Europe)</value></Data>
<Data name="Wikidata"><value>https://wikidata.org/wiki/Q81734</value></Data>
<Data name="type"><value>[&quot;major region&quot;]</value></Data>
<Data name="passages"><value>[&quot;10.20.5&quot;,&quot;10.33.3&quot;,&quot;10.8.4&quot;,&quot;3.6.8&quot;,&quot;5.5.1&quot;,&quot;5.8.11&quot;,&quot;6.4.10&quot;,&quot;6.5.5&quot;,&quot;7.10.7&quot;,&quot;7.13.1&quot;,&quot;7.15.11&quot;,&quot;7.15.2&quot;,&quot;7.16.1&quot;,&quot;7.17.2&quot;,&quot;7.25.6&quot;,&quot;7.7.7&quot;,&quot;7.8.3&quot;,&quot;7.8.8&quot;,&quot;8.49.5&quot;,&quot;8.49.6&quot;,&quot;8.8.11&quot;,&quot;8.8.12&quot;,&quot;9.40.8&quot;,&quot;9.40.9&quot;]</value></Data>
<Data name="Pleiades"><value>https://pleiades.stoa.org/places/491656</value></Data>
<Data name="ToposText"><value>https://topostext.org/place/408225RMak</value></Data>
</ExtendedData>
        <Point><coordinates>22.5,42.5</coordinates></Point>
      </Placemark>

      <Placemark>
        <name>Macedonia (Europe)</name>
        <ExtendedData>
<Data name="name"><value>Macedonia (Europe)</value></Data>
<Data name="region"><value>Europe</value></Data>
<Data name="part of"><value>Hellas (Europe)</value></Data>
<Data name="Wikidata"><value>https://wikidata.org/wiki/Q81734</value></Data>
<Data name="type"><value>[&quot;major region&quot;]</value></Data>
<Data name="passages"><value>[&quot;10.20.5&quot;,&quot;10.33.3&quot;,&quot;10.8.4&quot;,&quot;3.6.8&quot;,&quot;5.5.1&quot;,&quot;5.8.11&quot;,&quot;6.4.10&quot;,&quot;6.5.5&quot;,&quot;7.10.7&quot;,&quot;7.13.1&quot;,&quot;7.15.11&quot;,&quot;7.15.2&quot;,&quot;7.16.1&quot;,&quot;7.17.2&quot;,&quot;7.25.6&quot;,&quot;7.7.7&quot;,&quot;7.8.3&quot;,&quot;7.8.8&quot;,&quot;8.49.5&quot;,&quot;8.49.6&quot;,&quot;8.8.11&quot;,&quot;8.8.12&quot;,&quot;9.40.8&quot;,&quot;9.40.9&quot;]</value></Data>
<Data name="Pleiades"><value>https://pleiades.stoa.org/places/491656</value></Data>
<Data name="ToposText"><value>https://topostext.org/place/408225RMak</value></Data>
</ExtendedData>
        <Point><coordinates>22.5,42.5</coordinates></Point>
      </Placemark>

      <Placemark>
        <name>Macedonia (Europe)</name>
        <ExtendedData>
<Data name="name"><value>Macedonia (Europe)</value></Data>
<Data name="region"><value>Europe</value></Data>
<Data name="part of"><value>Hellas (Europe)</value></Data>
<Data name="Wikidata"><value>https://wikidata.org/wiki/Q81734</value></Data>
<Data name="type"><value>[&quot;major region&quot;]</value></Data>
<Data name="passages"><value>[&quot;10.20.5&quot;,&quot;10.33.3&quot;,&quot;10.8.4&quot;,&quot;3.6.8&quot;,&quot;5.5.1&quot;,&quot;5.8.11&quot;,&quot;6.4.10&quot;,&quot;6.5.5&quot;,&quot;7.10.7&quot;,&quot;7.13.1&quot;,&quot;7.15.11&quot;,&quot;7.15.2&quot;,&quot;7.16.1&quot;,&quot;7.17.2&quot;,&quot;7.25.6&quot;,&quot;7.7.7&quot;,&quot;7.8.3&quot;,&quot;7.8.8&quot;,&quot;8.49.5&quot;,&quot;8.49.6&quot;,&quot;8.8.11&quot;,&quot;8.8.12&quot;,&quot;9.40.8&quot;,&quot;9.40.9&quot;]</value></Data>
<Data name="Pleiades"><value>https://pleiades.stoa.org/places/491656</value></Data>
<Data name="ToposText"><value>https://topostext.org/place/408225RMak</value></Data>
</ExtendedData>
        <Point><coordinates>22.5,42.5</coordinates></Point>
      </Placemark>

      <Placemark>
        <name>Macedonia (Europe)</name>
        <ExtendedData>
<Data name="name"><value>Macedonia (Europe)</value></Data>
<Data name="region"><value>Europe</value></Data>
<Data name="part of"><value>Hellas (Europe)</value></Data>
<Data name="Wikidata"><value>https://wikidata.org/wiki/Q81734</value></Data>
<Data name="type"><value>[&quot;major region&quot;]</value></Data>
<Data name="passages"><value>[&quot;10.20.5&quot;,&quot;10.33.3&quot;,&quot;10.8.4&quot;,&quot;3.6.8&quot;,&quot;5.5.1&quot;,&quot;5.8.11&quot;,&quot;6.4.10&quot;,&quot;6.5.5&quot;,&quot;7.10.7&quot;,&quot;7.13.1&quot;,&quot;7.15.11&quot;,&quot;7.15.2&quot;,&quot;7.16.1&quot;,&quot;7.17.2&quot;,&quot;7.25.6&quot;,&quot;7.7.7&quot;,&quot;7.8.3&quot;,&quot;7.8.8&quot;,&quot;8.49.5&quot;,&quot;8.49.6&quot;,&quot;8.8.11&quot;,&quot;8.8.12&quot;,&quot;9.40.8&quot;,&quot;9.40.9&quot;]</value></Data>
<Data name="Pleiades"><value>https://pleiades.stoa.org/places/491656</value></Data>
<Data name="ToposText"><value>https://topostext.org/place/408225RMak</value></Data>
</ExtendedData>
        <Point><coordinates>22.5,42.5</coordinates></Point>
      </Placemark>

      <Placemark>
        <name>Macedonia (Europe)</name>
        <ExtendedData>
<Data name="name"><value>Macedonia (Europe)</value></Data>
<Data name="region"><value>Europe</value></Data>
<Data name="part of"><value>Hellas (Europe)</value></Data>
<Data name="Wikidata"><value>https://wikidata.org/wiki/Q81734</value></Data>
<Data name="type"><value>[&quot;major region&quot;]</value></Data>
<Data name="passages"><value>[&quot;10.20.5&quot;,&quot;10.33.3&quot;,&quot;10.8.4&quot;,&quot;3.6.8&quot;,&quot;5.5.1&quot;,&quot;5.8.11&quot;,&quot;6.4.10&quot;,&quot;6.5.5&quot;,&quot;7.10.7&quot;,&quot;7.13.1&quot;,&quot;7.15.11&quot;,&quot;7.15.2&quot;,&quot;7.16.1&quot;,&quot;7.17.2&quot;,&quot;7.25.6&quot;,&quot;7.7.7&quot;,&quot;7.8.3&quot;,&quot;7.8.8&quot;,&quot;8.49.5&quot;,&quot;8.49.6&quot;,&quot;8.8.11&quot;,&quot;8.8.12&quot;,&quot;9.40.8&quot;,&quot;9.40.9&quot;]</value></Data>
<Data name="Pleiades"><value>https://pleiades.stoa.org/places/491656</value></Data>
<Data name="ToposText"><value>https://topostext.org/place/408225RMak</value></Data>
</ExtendedData>
        <Point><coordinates>22.5,42.5</coordinates></Point>
      </Placemark>

      <Placemark>
        <name>Macedonia (Europe)</name>
        <ExtendedData>
<Data name="name"><value>Macedonia (Europe)</value></Data>
<Data name="region"><value>Europe</value></Data>
<Data name="part of"><value>Hellas (Europe)</value></Data>
<Data name="Wikidata"><value>https://wikidata.org/wiki/Q81734</value></Data>
<Data name="type"><value>[&quot;major region&quot;]</value></Data>
<Data name="passages"><value>[&quot;10.20.5&quot;,&quot;10.33.3&quot;,&quot;10.8.4&quot;,&quot;3.6.8&quot;,&quot;5.5.1&quot;,&quot;5.8.11&quot;,&quot;6.4.10&quot;,&quot;6.5.5&quot;,&quot;7.10.7&quot;,&quot;7.13.1&quot;,&quot;7.15.11&quot;,&quot;7.15.2&quot;,&quot;7.16.1&quot;,&quot;7.17.2&quot;,&quot;7.25.6&quot;,&quot;7.7.7&quot;,&quot;7.8.3&quot;,&quot;7.8.8&quot;,&quot;8.49.5&quot;,&quot;8.49.6&quot;,&quot;8.8.11&quot;,&quot;8.8.12&quot;,&quot;9.40.8&quot;,&quot;9.40.9&quot;]</value></Data>
<Data name="Pleiades"><value>https://pleiades.stoa.org/places/491656</value></Data>
<Data name="ToposText"><value>https://topostext.org/place/408225RMak</value></Data>
</ExtendedData>
        <Point><coordinates>22.5,42.5</coordinates></Point>
      </Placemark>

      <Placemark>
        <name>Macedonia (Europe)</name>
        <ExtendedData>
<Data name="name"><value>Macedonia (Europe)</value></Data>
<Data name="region"><value>Europe</value></Data>
<Data name="part of"><value>Hellas (Europe)</value></Data>
<Data name="Wikidata"><value>https://wikidata.org/wiki/Q81734</value></Data>
<Data name="type"><value>[&quot;major region&quot;]</value></Data>
<Data name="passages"><value>[&quot;10.20.5&quot;,&quot;10.33.3&quot;,&quot;10.8.4&quot;,&quot;3.6.8&quot;,&quot;5.5.1&quot;,&quot;5.8.11&quot;,&quot;6.4.10&quot;,&quot;6.5.5&quot;,&quot;7.10.7&quot;,&quot;7.13.1&quot;,&quot;7.15.11&quot;,&quot;7.15.2&quot;,&quot;7.16.1&quot;,&quot;7.17.2&quot;,&quot;7.25.6&quot;,&quot;7.7.7&quot;,&quot;7.8.3&quot;,&quot;7.8.8&quot;,&quot;8.49.5&quot;,&quot;8.49.6&quot;,&quot;8.8.11&quot;,&quot;8.8.12&quot;,&quot;9.40.8&quot;,&quot;9.40.9&quot;]</value></Data>
<Data name="Pleiades"><value>https://pleiades.stoa.org/places/491656</value></Data>
<Data name="ToposText"><value>https://topostext.org/place/408225RMak</value></Data>
</ExtendedData>
        <Point><coordinates>22.5,42.5</coordinates></Point>
      </Placemark>

      <Placemark>
        <name>Macedonia (Europe)</name>
        <ExtendedData>
<Data name="name"><value>Macedonia (Europe)</value></Data>
<Data name="region"><value>Europe</value></Data>
<Data name="part of"><value>Hellas (Europe)</value></Data>
<Data name="Wikidata"><value>https://wikidata.org/wiki/Q81734</value></Data>
<Data name="type"><value>[&quot;major region&quot;]</value></Data>
<Data name="passages"><value>[&quot;10.20.5&quot;,&quot;10.33.3&quot;,&quot;10.8.4&quot;,&quot;3.6.8&quot;,&quot;5.5.1&quot;,&quot;5.8.11&quot;,&quot;6.4.10&quot;,&quot;6.5.5&quot;,&quot;7.10.7&quot;,&quot;7.13.1&quot;,&quot;7.15.11&quot;,&quot;7.15.2&quot;,&quot;7.16.1&quot;,&quot;7.17.2&quot;,&quot;7.25.6&quot;,&quot;7.7.7&quot;,&quot;7.8.3&quot;,&quot;7.8.8&quot;,&quot;8.49.5&quot;,&quot;8.49.6&quot;,&quot;8.8.11&quot;,&quot;8.8.12&quot;,&quot;9.40.8&quot;,&quot;9.40.9&quot;]</value></Data>
<Data name="Pleiades"><value>https://pleiades.stoa.org/places/491656</value></Data>
<Data name="ToposText"><value>https://topostext.org/place/408225RMak</value></Data>
</ExtendedData>
        <Point><coordinates>22.5,42.5</coordinates></Point>
      </Placemark>

      <Placemark>
        <name>Nicopolis</name>
        <ExtendedData>
<Data name="name"><value>Nicopolis</value></Data>
<Data name="region"><value>Hellas (Europe)</value></Data>
<Data name="part of"><value>Epiros region</value></Data>
<Data name="Wikidata"><value>https://wikidata.org/wiki/Q943637</value></Data>
<Data name="type"><value>[&quot;polis&quot;]</value></Data>
<Data name="passages"><value>[&quot;10.38.4&quot;,&quot;10.8.4&quot;,&quot;10.8.5&quot;,&quot;5.23.3&quot;,&quot;7.18.8&quot;,&quot;7.18.9&quot;]</value></Data>
<Data name="Pleiades"><value>https://pleiades.stoa.org/places/531013</value></Data>
</ExtendedData>
        <Point><coordinates>20.735953,39.023389</coordinates></Point>
      </Placemark>

      <Placemark>
        <name>Nicopolis</name>
        <ExtendedData>
<Data name="name"><value>Nicopolis</value></Data>
<Data name="region"><value>Hellas (Europe)</value></Data>
<Data name="part of"><value>Epiros region</value></Data>
<Data name="Wikidata"><value>https://wikidata.org/wiki/Q943637</value></Data>
<Data name="type"><value>[&quot;polis&quot;]</value></Data>
<Data name="passages"><value>[&quot;10.38.4&quot;,&quot;10.8.4&quot;,&quot;10.8.5&quot;,&quot;5.23.3&quot;,&quot;7.18.8&quot;,&quot;7.18.9&quot;]</value></Data>
<Data name="Pleiades"><value>https://pleiades.stoa.org/places/531013</value></Data>
</ExtendedData>
        <Point><coordinates>20.735953,39.023389</coordinates></Point>
      </Placemark>

      <Placemark>
        <name>Sanctuary of Ourania at Aigeira</name>
        <ExtendedData>
<Data name="name"><value>Sanctuary of Ourania at Aigeira</value></Data>
<Data name="region"><value>Achaia Bk7</value></Data>
<Data name="part of"><value>Aigeira (Achaia)</value></Data>
<Data name="location"><value>Aigeira (Achaia)</value></Data>
<Data name="Wikidata"><value>https://wikidata.org/wiki/Q134037154</value></Data>
<Data name="type"><value>[&quot;hieron&quot;]</value></Data>
<Data name="passages"><value>[&quot;7.26.7&quot;]</value></Data>
</ExtendedData>
        <Point><coordinates>22.3777,38.1286</coordinates></Point>
      </Placemark>

      <Placemark>
        <name>Colophon</name>
        <ExtendedData>
<Data name="name"><value>Colophon</value></Data>
<Data name="region"><value>Asia Minor (Asia)</value></Data>
<Data name="part of"><value>Ionia (region)</value></Data>
<Data name="Wikidata"><value>https://wikidata.org/wiki/Q1142488</value></Data>
<Data name="type"><value>[&quot;polis&quot;]</value></Data>
<Data name="passages"><value>[&quot;1.14.4&quot;,&quot;1.9.7&quot;,&quot;7.3.3&quot;,&quot;7.3.4&quot;,&quot;7.3.5&quot;,&quot;7.3.8&quot;,&quot;7.3.9&quot;,&quot;7.5.1&quot;,&quot;7.5.10&quot;,&quot;8.28.3&quot;,&quot;9.32.6&quot;,&quot;9.33.2&quot;]</value></Data>
<Data name="Pleiades"><value>https://pleiades.stoa.org/places/599577</value></Data>
</ExtendedData>
        <Point><coordinates>27.142222,38.115556</coordinates></Point>
      </Placemark>

      <Placemark>
        <name>Colophon</name>
        <ExtendedData>
<Data name="name"><value>Colophon</value></Data>
<Data name="region"><value>Asia Minor (Asia)</value></Data>
<Data name="part of"><value>Ionia (region)</value></Data>
<Data name="Wikidata"><value>https://wikidata.org/wiki/Q1142488</value></Data>
<Data name="type"><value>[&quot;polis&quot;]</value></Data>
<Data name="passages"><value>[&quot;1.14.4&quot;,&quot;1.9.7&quot;,&quot;7.3.3&quot;,&quot;7.3.4&quot;,&quot;7.3.5&quot;,&quot;7.3.8&quot;,&quot;7.3.9&quot;,&quot;7.5.1&quot;,&quot;7.5.10&quot;,&quot;8.28.3&quot;,&quot;9.32.6&quot;,&quot;9.33.2&quot;]</value></Data>
<Data name="Pleiades"><value>https://pleiades.stoa.org/places/599577</value></Data>
</ExtendedData>
        <Point><coordinates>27.142222,38.115556</coordinates></Point>
      </Placemark>

      <Placemark>
        <name>Colophon</name>
        <ExtendedData>
<Data name="name"><value>Colophon</value></Data>
<Data name="region"><value>Asia Minor (Asia)</value></Data>
<Data name="part of"><value>Ionia (region)</value></Data>
<Data name="Wikidata"><value>https://wikidata.org/wiki/Q1142488</value></Data>
<Data name="type"><value>[&quot;polis&quot;]</value></Data>
<Data name="passages"><value>[&quot;1.14.4&quot;,&quot;1.9.7&quot;,&quot;7.3.3&quot;,&quot;7.3.4&quot;,&quot;7.3.5&quot;,&quot;7.3.8&quot;,&quot;7.3.9&quot;,&quot;7.5.1&quot;,&quot;7.5.10&quot;,&quot;8.28.3&quot;,&quot;9.32.6&quot;,&quot;9.33.2&quot;]</value></Data>
<Data name="Pleiades"><value>https://pleiades.stoa.org/places/599577</value></Data>
</ExtendedData>
        <Point><coordinates>27.142222,38.115556</coordinates></Point>
      </Placemark>

      <Placemark>
        <name>Colophon</name>
        <ExtendedData>
<Data name="name"><value>Colophon</value></Data>
<Data name="region"><value>Asia Minor (Asia)</value></Data>
<Data name="part of"><value>Ionia (region)</value></Data>
<Data name="Wikidata"><value>https://wikidata.org/wiki/Q1142488</value></Data>
<Data name="type"><value>[&quot;polis&quot;]</value></Data>
<Data name="passages"><value>[&quot;1.14.4&quot;,&quot;1.9.7&quot;,&quot;7.3.3&quot;,&quot;7.3.4&quot;,&quot;7.3.5&quot;,&quot;7.3.8&quot;,&quot;7.3.9&quot;,&quot;7.5.1&quot;,&quot;7.5.10&quot;,&quot;8.28.3&quot;,&quot;9.32.6&quot;,&quot;9.33.2&quot;]</value></Data>
<Data name="Pleiades"><value>https://pleiades.stoa.org/places/599577</value></Data>
</ExtendedData>
        <Point><coordinates>27.142222,38.115556</coordinates></Point>
      </Placemark>

      <Placemark>
        <name>Colophon</name>
        <ExtendedData>
<Data name="name"><value>Colophon</value></Data>
<Data name="region"><value>Asia Minor (Asia)</value></Data>
<Data name="part of"><value>Ionia (region)</value></Data>
<Data name="Wikidata"><value>https://wikidata.org/wiki/Q1142488</value></Data>
<Data name="type"><value>[&quot;polis&quot;]</value></Data>
<Data name="passages"><value>[&quot;1.14.4&quot;,&quot;1.9.7&quot;,&quot;7.3.3&quot;,&quot;7.3.4&quot;,&quot;7.3.5&quot;,&quot;7.3.8&quot;,&quot;7.3.9&quot;,&quot;7.5.1&quot;,&quot;7.5.10&quot;,&quot;8.28.3&quot;,&quot;9.32.6&quot;,&quot;9.33.2&quot;]</value></Data>
<Data name="Pleiades"><value>https://pleiades.stoa.org/places/599577</value></Data>
</ExtendedData>
        <Point><coordinates>27.142222,38.115556</coordinates></Point>
      </Placemark>

      <Placemark>
        <name>Colophon</name>
        <ExtendedData>
<Data name="name"><value>Colophon</value></Data>
<Data name="region"><value>Asia Minor (Asia)</value></Data>
<Data name="part of"><value>Ionia (region)</value></Data>
<Data name="Wikidata"><value>https://wikidata.org/wiki/Q1142488</value></Data>
<Data name="type"><value>[&quot;polis&quot;]</value></Data>
<Data name="passages"><value>[&quot;1.14.4&quot;,&quot;1.9.7&quot;,&quot;7.3.3&quot;,&quot;7.3.4&quot;,&quot;7.3.5&quot;,&quot;7.3.8&quot;,&quot;7.3.9&quot;,&quot;7.5.1&quot;,&quot;7.5.10&quot;,&quot;8.28.3&quot;,&quot;9.32.6&quot;,&quot;9.33.2&quot;]</value></Data>
<Data name="Pleiades"><value>https://pleiades.stoa.org/places/599577</value></Data>
</ExtendedData>
        <Point><coordinates>27.142222,38.115556</coordinates></Point>
      </Placemark>

      <Placemark>
        <name>Colophon</name>
        <ExtendedData>
<Data name="name"><value>Colophon</value></Data>
<Data name="region"><value>Asia Minor (Asia)</value></Data>
<Data name="part of"><value>Ionia (region)</value></Data>
<Data name="Wikidata"><value>https://wikidata.org/wiki/Q1142488</value></Data>
<Data name="type"><value>[&quot;polis&quot;]</value></Data>
<Data name="passages"><value>[&quot;1.14.4&quot;,&quot;1.9.7&quot;,&quot;7.3.3&quot;,&quot;7.3.4&quot;,&quot;7.3.5&quot;,&quot;7.3.8&quot;,&quot;7.3.9&quot;,&quot;7.5.1&quot;,&quot;7.5.10&quot;,&quot;8.28.3&quot;,&quot;9.32.6&quot;,&quot;9.33.2&quot;]</value></Data>
<Data name="Pleiades"><value>https://pleiades.stoa.org/places/599577</value></Data>
</ExtendedData>
        <Point><coordinates>27.142222,38.115556</coordinates></Point>
      </Placemark>

      <Placemark>
        <name>Didyma Apollo sanctuary</name>
        <ExtendedData>
<Data name="name"><value>Didyma Apollo sanctuary</value></Data>
<Data name="region"><value>Asia Minor (Asia)</value></Data>
<Data name="part of"><value>Ionia (region)</value></Data>
<Data name="altname"><value>Branchidai</value></Data>
<Data name="Wikidata"><value>https://wikidata.org/wiki/Q671358</value></Data>
<Data name="type"><value>[&quot;hieron&quot;,&quot;settlement&quot;]</value></Data>
<Data name="passages"><value>[&quot;1.16.3&quot;,&quot;2.10.5&quot;,&quot;5.13.11&quot;,&quot;5.7.5&quot;,&quot;7.2.6&quot;,&quot;7.5.4&quot;,&quot;8.46.3&quot;,&quot;9.10.2&quot;]</value></Data>
<Data name="Pleiades"><value>https://pleiades.stoa.org/places/599593</value></Data>
</ExtendedData>
        <Point><coordinates>27.256115000000005,37.384829</coordinates></Point>
      </Placemark>

      <Placemark>
        <name>Didyma Apollo sanctuary</name>
        <ExtendedData>
<Data name="name"><value>Didyma Apollo sanctuary</value></Data>
<Data name="region"><value>Asia Minor (Asia)</value></Data>
<Data name="part of"><value>Ionia (region)</value></Data>
<Data name="altname"><value>Branchidai</value></Data>
<Data name="Wikidata"><value>https://wikidata.org/wiki/Q671358</value></Data>
<Data name="type"><value>[&quot;hieron&quot;,&quot;settlement&quot;]</value></Data>
<Data name="passages"><value>[&quot;1.16.3&quot;,&quot;2.10.5&quot;,&quot;5.13.11&quot;,&quot;5.7.5&quot;,&quot;7.2.6&quot;,&quot;7.5.4&quot;,&quot;8.46.3&quot;,&quot;9.10.2&quot;]</value></Data>
<Data name="Pleiades"><value>https://pleiades.stoa.org/places/599593</value></Data>
</ExtendedData>
        <Point><coordinates>27.256115000000005,37.384829</coordinates></Point>
      </Placemark>

      <Placemark>
        <name>precinct of local woman close to Patrae theater</name>
        <ExtendedData>
<Data name="name"><value>precinct of local woman close to Patrae theater</value></Data>
<Data name="region"><value>Achaia Bk7</value></Data>
<Data name="part of"><value>Patrae</value></Data>
<Data name="location"><value>Patrae</value></Data>
<Data name="type"><value>[&quot;temenos&quot;]</value></Data>
<Data name="passages"><value>[&quot;7.21.6&quot;]</value></Data>
</ExtendedData>
        <Point><coordinates>21.738518,38.243265</coordinates></Point>
      </Placemark>

      <Placemark>
        <name>Phelloe</name>
        <ExtendedData>
<Data name="name"><value>Phelloe</value></Data>
<Data name="region"><value>Achaia Bk7</value></Data>
<Data name="part of"><value>Achaia Bk7</value></Data>
<Data name="Wikidata"><value>https://wikidata.org/wiki/Q16473204</value></Data>
<Data name="type"><value>[&quot;settlement&quot;]</value></Data>
<Data name="passages"><value>[&quot;7.26.10&quot;,&quot;7.26.11&quot;]</value></Data>
<Data name="Pleiades"><value>https://pleiades.stoa.org/places/570594</value></Data>
</ExtendedData>
        <Point><coordinates>22.413941,38.077545</coordinates></Point>
      </Placemark>

      <Placemark>
        <name>Phelloe</name>
        <ExtendedData>
<Data name="name"><value>Phelloe</value></Data>
<Data name="region"><value>Achaia Bk7</value></Data>
<Data name="part of"><value>Achaia Bk7</value></Data>
<Data name="Wikidata"><value>https://wikidata.org/wiki/Q16473204</value></Data>
<Data name="type"><value>[&quot;settlement&quot;]</value></Data>
<Data name="passages"><value>[&quot;7.26.10&quot;,&quot;7.26.11&quot;]</value></Data>
<Data name="Pleiades"><value>https://pleiades.stoa.org/places/570594</value></Data>
</ExtendedData>
        <Point><coordinates>22.413941,38.077545</coordinates></Point>
      </Placemark>

      <Placemark>
        <name>Sanctuary of Aphrodite at Aigion, by the sea</name>
        <ExtendedData>
<Data name="name"><value>Sanctuary of Aphrodite at Aigion, by the sea</value></Data>
<Data name="region"><value>Achaia Bk7</value></Data>
<Data name="part of"><value>seashore of Aigion</value></Data>
<Data name="location"><value>seashore of Aigion</value></Data>
<Data name="Wikidata"><value>https://wikidata.org/wiki/Q134036940</value></Data>
<Data name="type"><value>[&quot;hieron&quot;]</value></Data>
<Data name="passages"><value>[&quot;7.24.2&quot;]</value></Data>
</ExtendedData>
        <Point><coordinates>22.09,38.252</coordinates></Point>
      </Placemark>

      <Placemark>
        <name>Mycale (mountain)</name>
        <ExtendedData>
<Data name="name"><value>Mycale (mountain)</value></Data>
<Data name="region"><value>Asia Minor (Asia)</value></Data>
<Data name="part of"><value>Ionia (region)</value></Data>
<Data name="Wikidata"><value>https://wikidata.org/wiki/Q1330828</value></Data>
<Data name="type"><value>[&quot;mountain oros&quot;]</value></Data>
<Data name="passages"><value>[&quot;1.25.1&quot;,&quot;3.7.9&quot;,&quot;5.7.5&quot;,&quot;7.4.1&quot;,&quot;8.52.3&quot;]</value></Data>
<Data name="Pleiades"><value>https://pleiades.stoa.org/places/599805</value></Data>
</ExtendedData>
        <Point><coordinates>27.12558,37.66144</coordinates></Point>
      </Placemark>

      <Placemark>
        <name>Megara (Megarid)</name>
        <ExtendedData>
<Data name="name"><value>Megara (Megarid)</value></Data>
<Data name="region"><value>Megarid Bk1</value></Data>
<Data name="part of"><value>Megarid Bk1</value></Data>
<Data name="Wikidata"><value>https://wikidata.org/wiki/Q42307600</value></Data>
<Data name="type"><value>[&quot;polis&quot;]</value></Data>
<Data name="passages"><value>[&quot;1.35.2&quot;,&quot;1.36.3&quot;,&quot;1.39.1&quot;,&quot;1.39.4&quot;,&quot;1.39.5&quot;,&quot;1.39.6&quot;,&quot;1.40.1&quot;,&quot;1.41.2&quot;,&quot;1.41.5&quot;,&quot;1.41.6&quot;,&quot;1.41.7&quot;,&quot;1.43.3&quot;,&quot;1.43.5&quot;,&quot;1.44.2&quot;,&quot;1.44.4&quot;,&quot;1.44.6&quot;,&quot;1.5.3&quot;,&quot;1.5.4&quot;,&quot;10.11.6&quot;,&quot;2.34.7&quot;,&quot;4.36.1&quot;,&quot;5.23.5&quot;,&quot;5.26.7&quot;,&quot;6.7.2&quot;,&quot;7.15.10&quot;,&quot;9.2.3&quot;]</value></Data>
<Data name="Pleiades"><value>https://pleiades.stoa.org/places/570468</value></Data>
<Data name="ToposText"><value>https://topostext.org/place/380233PMeg</value></Data>
</ExtendedData>
        <Point><coordinates>23.34285,37.997</coordinates></Point>
      </Placemark>

      <Placemark>
        <name>temple of Athena Polias in Erythrae</name>
        <ExtendedData>
<Data name="name"><value>temple of Athena Polias in Erythrae</value></Data>
<Data name="region"><value>Asia Minor (Asia)</value></Data>
<Data name="part of"><value>Erythrai</value></Data>
<Data name="location"><value>Erythrai</value></Data>
<Data name="type"><value>[&quot;temple&quot;]</value></Data>
<Data name="passages"><value>[&quot;7.5.9&quot;]</value></Data>
</ExtendedData>
        <Point><coordinates>26.48103,38.38122</coordinates></Point>
      </Placemark>

      <Placemark>
        <name>Cumae/Kyme (Campanian)</name>
        <ExtendedData>
<Data name="name"><value>Cumae/Kyme (Campanian)</value></Data>
<Data name="region"><value>Italia (Europe)</value></Data>
<Data name="part of"><value>Campania</value></Data>
<Data name="Wikidata"><value>https://wikidata.org/wiki/Q243456</value></Data>
<Data name="type"><value>[&quot;settlement&quot;]</value></Data>
<Data name="passages"><value>[&quot;10.12.8&quot;,&quot;7.22.8&quot;]</value></Data>
<Data name="Pleiades"><value>https://pleiades.stoa.org/places/432808</value></Data>
</ExtendedData>
        <Point><coordinates>14.058,40.848</coordinates></Point>
      </Placemark>

      <Placemark>
        <name>baths in Teos</name>
        <ExtendedData>
<Data name="name"><value>baths in Teos</value></Data>
<Data name="region"><value>Asia Minor (Asia)</value></Data>
<Data name="part of"><value>Teos</value></Data>
<Data name="location"><value>Teos</value></Data>
<Data name="type"><value>[&quot;bath&quot;]</value></Data>
<Data name="passages"><value>[&quot;7.5.11&quot;]</value></Data>
</ExtendedData>
        <Point><coordinates>26.785014,38.177262</coordinates></Point>
      </Placemark>

      <Placemark>
        <name>Temple of Athena at Priene</name>
        <ExtendedData>
<Data name="name"><value>Temple of Athena at Priene</value></Data>
<Data name="region"><value>Asia Minor (Asia)</value></Data>
<Data name="part of"><value>Priene</value></Data>
<Data name="location"><value>Priene</value></Data>
<Data name="type"><value>[&quot;temple&quot;]</value></Data>
<Data name="passages"><value>[&quot;7.5.5&quot;]</value></Data>
</ExtendedData>
        <Point><coordinates>27.298333,37.66</coordinates></Point>
      </Placemark>

      <Placemark>
        <name>Myous</name>
        <ExtendedData>
<Data name="name"><value>Myous</value></Data>
<Data name="region"><value>Asia Minor (Asia)</value></Data>
<Data name="part of"><value>Ionia (region)</value></Data>
<Data name="altname"><value>taken by the Ionians from the Carians</value></Data>
<Data name="Wikidata"><value>https://wikidata.org/wiki/Q1195800</value></Data>
<Data name="type"><value>[&quot;polis&quot;]</value></Data>
<Data name="passages"><value>[&quot;7.13.3&quot;,&quot;7.2.10&quot;,&quot;7.2.11&quot;]</value></Data>
<Data name="Pleiades"><value>https://pleiades.stoa.org/places/599813</value></Data>
</ExtendedData>
        <Point><coordinates>27.42788,37.59716</coordinates></Point>
      </Placemark>

      <Placemark>
        <name>Myous</name>
        <ExtendedData>
<Data name="name"><value>Myous</value></Data>
<Data name="region"><value>Asia Minor (Asia)</value></Data>
<Data name="part of"><value>Ionia (region)</value></Data>
<Data name="altname"><value>taken by the Ionians from the Carians</value></Data>
<Data name="Wikidata"><value>https://wikidata.org/wiki/Q1195800</value></Data>
<Data name="type"><value>[&quot;polis&quot;]</value></Data>
<Data name="passages"><value>[&quot;7.13.3&quot;,&quot;7.2.10&quot;,&quot;7.2.11&quot;]</value></Data>
<Data name="Pleiades"><value>https://pleiades.stoa.org/places/599813</value></Data>
</ExtendedData>
        <Point><coordinates>27.42788,37.59716</coordinates></Point>
      </Placemark>

      <Placemark>
        <name>Myous</name>
        <ExtendedData>
<Data name="name"><value>Myous</value></Data>
<Data name="region"><value>Asia Minor (Asia)</value></Data>
<Data name="part of"><value>Ionia (region)</value></Data>
<Data name="altname"><value>taken by the Ionians from the Carians</value></Data>
<Data name="Wikidata"><value>https://wikidata.org/wiki/Q1195800</value></Data>
<Data name="type"><value>[&quot;polis&quot;]</value></Data>
<Data name="passages"><value>[&quot;7.13.3&quot;,&quot;7.2.10&quot;,&quot;7.2.11&quot;]</value></Data>
<Data name="Pleiades"><value>https://pleiades.stoa.org/places/599813</value></Data>
</ExtendedData>
        <Point><coordinates>27.42788,37.59716</coordinates></Point>
      </Placemark>

      <Placemark>
        <name>Miletus</name>
        <ExtendedData>
<Data name="name"><value>Miletus</value></Data>
<Data name="region"><value>Asia Minor (Asia)</value></Data>
<Data name="part of"><value>Ionia (region)</value></Data>
<Data name="Wikidata"><value>https://wikidata.org/wiki/Q169460</value></Data>
<Data name="type"><value>[&quot;polis&quot;]</value></Data>
<Data name="passages"><value>[&quot;1.35.6&quot;,&quot;10.33.2&quot;,&quot;2.5.3&quot;,&quot;5.1.5&quot;,&quot;7.2.11&quot;,&quot;7.2.4&quot;,&quot;7.2.5&quot;,&quot;7.24.5&quot;,&quot;7.5.10&quot;,&quot;7.5.4&quot;,&quot;8.24.11&quot;]</value></Data>
<Data name="Pleiades"><value>https://pleiades.stoa.org/places/599799</value></Data>
</ExtendedData>
        <Point><coordinates>27.2774885,37.5292362</coordinates></Point>
      </Placemark>

      <Placemark>
        <name>Miletus</name>
        <ExtendedData>
<Data name="name"><value>Miletus</value></Data>
<Data name="region"><value>Asia Minor (Asia)</value></Data>
<Data name="part of"><value>Ionia (region)</value></Data>
<Data name="Wikidata"><value>https://wikidata.org/wiki/Q169460</value></Data>
<Data name="type"><value>[&quot;polis&quot;]</value></Data>
<Data name="passages"><value>[&quot;1.35.6&quot;,&quot;10.33.2&quot;,&quot;2.5.3&quot;,&quot;5.1.5&quot;,&quot;7.2.11&quot;,&quot;7.2.4&quot;,&quot;7.2.5&quot;,&quot;7.24.5&quot;,&quot;7.5.10&quot;,&quot;7.5.4&quot;,&quot;8.24.11&quot;]</value></Data>
<Data name="Pleiades"><value>https://pleiades.stoa.org/places/599799</value></Data>
</ExtendedData>
        <Point><coordinates>27.2774885,37.5292362</coordinates></Point>
      </Placemark>

      <Placemark>
        <name>Miletus</name>
        <ExtendedData>
<Data name="name"><value>Miletus</value></Data>
<Data name="region"><value>Asia Minor (Asia)</value></Data>
<Data name="part of"><value>Ionia (region)</value></Data>
<Data name="Wikidata"><value>https://wikidata.org/wiki/Q169460</value></Data>
<Data name="type"><value>[&quot;polis&quot;]</value></Data>
<Data name="passages"><value>[&quot;1.35.6&quot;,&quot;10.33.2&quot;,&quot;2.5.3&quot;,&quot;5.1.5&quot;,&quot;7.2.11&quot;,&quot;7.2.4&quot;,&quot;7.2.5&quot;,&quot;7.24.5&quot;,&quot;7.5.10&quot;,&quot;7.5.4&quot;,&quot;8.24.11&quot;]</value></Data>
<Data name="Pleiades"><value>https://pleiades.stoa.org/places/599799</value></Data>
</ExtendedData>
        <Point><coordinates>27.2774885,37.5292362</coordinates></Point>
      </Placemark>

      <Placemark>
        <name>Miletus</name>
        <ExtendedData>
<Data name="name"><value>Miletus</value></Data>
<Data name="region"><value>Asia Minor (Asia)</value></Data>
<Data name="part of"><value>Ionia (region)</value></Data>
<Data name="Wikidata"><value>https://wikidata.org/wiki/Q169460</value></Data>
<Data name="type"><value>[&quot;polis&quot;]</value></Data>
<Data name="passages"><value>[&quot;1.35.6&quot;,&quot;10.33.2&quot;,&quot;2.5.3&quot;,&quot;5.1.5&quot;,&quot;7.2.11&quot;,&quot;7.2.4&quot;,&quot;7.2.5&quot;,&quot;7.24.5&quot;,&quot;7.5.10&quot;,&quot;7.5.4&quot;,&quot;8.24.11&quot;]</value></Data>
<Data name="Pleiades"><value>https://pleiades.stoa.org/places/599799</value></Data>
</ExtendedData>
        <Point><coordinates>27.2774885,37.5292362</coordinates></Point>
      </Placemark>

      <Placemark>
        <name>Miletus</name>
        <ExtendedData>
<Data name="name"><value>Miletus</value></Data>
<Data name="region"><value>Asia Minor (Asia)</value></Data>
<Data name="part of"><value>Ionia (region)</value></Data>
<Data name="Wikidata"><value>https://wikidata.org/wiki/Q169460</value></Data>
<Data name="type"><value>[&quot;polis&quot;]</value></Data>
<Data name="passages"><value>[&quot;1.35.6&quot;,&quot;10.33.2&quot;,&quot;2.5.3&quot;,&quot;5.1.5&quot;,&quot;7.2.11&quot;,&quot;7.2.4&quot;,&quot;7.2.5&quot;,&quot;7.24.5&quot;,&quot;7.5.10&quot;,&quot;7.5.4&quot;,&quot;8.24.11&quot;]</value></Data>
<Data name="Pleiades"><value>https://pleiades.stoa.org/places/599799</value></Data>
</ExtendedData>
        <Point><coordinates>27.2774885,37.5292362</coordinates></Point>
      </Placemark>

      <Placemark>
        <name>Miletus</name>
        <ExtendedData>
<Data name="name"><value>Miletus</value></Data>
<Data name="region"><value>Asia Minor (Asia)</value></Data>
<Data name="part of"><value>Ionia (region)</value></Data>
<Data name="Wikidata"><value>https://wikidata.org/wiki/Q169460</value></Data>
<Data name="type"><value>[&quot;polis&quot;]</value></Data>
<Data name="passages"><value>[&quot;1.35.6&quot;,&quot;10.33.2&quot;,&quot;2.5.3&quot;,&quot;5.1.5&quot;,&quot;7.2.11&quot;,&quot;7.2.4&quot;,&quot;7.2.5&quot;,&quot;7.24.5&quot;,&quot;7.5.10&quot;,&quot;7.5.4&quot;,&quot;8.24.11&quot;]</value></Data>
<Data name="Pleiades"><value>https://pleiades.stoa.org/places/599799</value></Data>
</ExtendedData>
        <Point><coordinates>27.2774885,37.5292362</coordinates></Point>
      </Placemark>

      <Placemark>
        <name>Mimas (mountain)</name>
        <ExtendedData>
<Data name="name"><value>Mimas (mountain)</value></Data>
<Data name="region"><value>Asia Minor (Asia)</value></Data>
<Data name="part of"><value>Ionia (region)</value></Data>
<Data name="Wikidata"><value>https://wikidata.org/wiki/Q31529408</value></Data>
<Data name="type"><value>[&quot;mountain oros&quot;]</value></Data>
<Data name="passages"><value>[&quot;10.9.9&quot;,&quot;2.1.5&quot;,&quot;7.4.1&quot;]</value></Data>
<Data name="Pleiades"><value>https://pleiades.stoa.org/places/550744</value></Data>
</ExtendedData>
        <Point><coordinates>26.5013,38.55674</coordinates></Point>
      </Placemark>

      <Placemark>
        <name>Samos (island)</name>
        <ExtendedData>
<Data name="name"><value>Samos (island)</value></Data>
<Data name="region"><value>Aegean Sea (Hellas)</value></Data>
<Data name="part of"><value>Aegean Sea (Hellas)</value></Data>
<Data name="Wikidata"><value>https://wikidata.org/wiki/Q156882</value></Data>
<Data name="type"><value>[&quot;island&quot;]</value></Data>
<Data name="passages"><value>[&quot;10.12.5&quot;,&quot;2.13.2&quot;,&quot;7.2.8&quot;,&quot;7.4.1&quot;,&quot;7.4.2&quot;,&quot;7.4.3&quot;,&quot;7.4.4&quot;,&quot;9.11.5&quot;]</value></Data>
<Data name="Pleiades"><value>https://pleiades.stoa.org/places/599926</value></Data>
<Data name="URL"><value>https://imperium.ahlfeldt.se/places/41142</value></Data>
</ExtendedData>
        <Point><coordinates>26.84,37.73</coordinates></Point>
      </Placemark>

      <Placemark>
        <name>Samos (island)</name>
        <ExtendedData>
<Data name="name"><value>Samos (island)</value></Data>
<Data name="region"><value>Aegean Sea (Hellas)</value></Data>
<Data name="part of"><value>Aegean Sea (Hellas)</value></Data>
<Data name="Wikidata"><value>https://wikidata.org/wiki/Q156882</value></Data>
<Data name="type"><value>[&quot;island&quot;]</value></Data>
<Data name="passages"><value>[&quot;10.12.5&quot;,&quot;2.13.2&quot;,&quot;7.2.8&quot;,&quot;7.4.1&quot;,&quot;7.4.2&quot;,&quot;7.4.3&quot;,&quot;7.4.4&quot;,&quot;9.11.5&quot;]</value></Data>
<Data name="Pleiades"><value>https://pleiades.stoa.org/places/599926</value></Data>
<Data name="URL"><value>https://imperium.ahlfeldt.se/places/41142</value></Data>
</ExtendedData>
        <Point><coordinates>26.84,37.73</coordinates></Point>
      </Placemark>

      <Placemark>
        <name>Samos (island)</name>
        <ExtendedData>
<Data name="name"><value>Samos (island)</value></Data>
<Data name="region"><value>Aegean Sea (Hellas)</value></Data>
<Data name="part of"><value>Aegean Sea (Hellas)</value></Data>
<Data name="Wikidata"><value>https://wikidata.org/wiki/Q156882</value></Data>
<Data name="type"><value>[&quot;island&quot;]</value></Data>
<Data name="passages"><value>[&quot;10.12.5&quot;,&quot;2.13.2&quot;,&quot;7.2.8&quot;,&quot;7.4.1&quot;,&quot;7.4.2&quot;,&quot;7.4.3&quot;,&quot;7.4.4&quot;,&quot;9.11.5&quot;]</value></Data>
<Data name="Pleiades"><value>https://pleiades.stoa.org/places/599926</value></Data>
<Data name="URL"><value>https://imperium.ahlfeldt.se/places/41142</value></Data>
</ExtendedData>
        <Point><coordinates>26.84,37.73</coordinates></Point>
      </Placemark>

      <Placemark>
        <name>Samos (island)</name>
        <ExtendedData>
<Data name="name"><value>Samos (island)</value></Data>
<Data name="region"><value>Aegean Sea (Hellas)</value></Data>
<Data name="part of"><value>Aegean Sea (Hellas)</value></Data>
<Data name="Wikidata"><value>https://wikidata.org/wiki/Q156882</value></Data>
<Data name="type"><value>[&quot;island&quot;]</value></Data>
<Data name="passages"><value>[&quot;10.12.5&quot;,&quot;2.13.2&quot;,&quot;7.2.8&quot;,&quot;7.4.1&quot;,&quot;7.4.2&quot;,&quot;7.4.3&quot;,&quot;7.4.4&quot;,&quot;9.11.5&quot;]</value></Data>
<Data name="Pleiades"><value>https://pleiades.stoa.org/places/599926</value></Data>
<Data name="URL"><value>https://imperium.ahlfeldt.se/places/41142</value></Data>
</ExtendedData>
        <Point><coordinates>26.84,37.73</coordinates></Point>
      </Placemark>

      <Placemark>
        <name>Samos (island)</name>
        <ExtendedData>
<Data name="name"><value>Samos (island)</value></Data>
<Data name="region"><value>Aegean Sea (Hellas)</value></Data>
<Data name="part of"><value>Aegean Sea (Hellas)</value></Data>
<Data name="Wikidata"><value>https://wikidata.org/wiki/Q156882</value></Data>
<Data name="type"><value>[&quot;island&quot;]</value></Data>
<Data name="passages"><value>[&quot;10.12.5&quot;,&quot;2.13.2&quot;,&quot;7.2.8&quot;,&quot;7.4.1&quot;,&quot;7.4.2&quot;,&quot;7.4.3&quot;,&quot;7.4.4&quot;,&quot;9.11.5&quot;]</value></Data>
<Data name="Pleiades"><value>https://pleiades.stoa.org/places/599926</value></Data>
<Data name="URL"><value>https://imperium.ahlfeldt.se/places/41142</value></Data>
</ExtendedData>
        <Point><coordinates>26.84,37.73</coordinates></Point>
      </Placemark>

      <Placemark>
        <name>oracle by Hermes Agoraios at Pharae</name>
        <ExtendedData>
<Data name="name"><value>oracle by Hermes Agoraios at Pharae</value></Data>
<Data name="region"><value>Achaia Bk7</value></Data>
<Data name="part of"><value>agora of Pharae</value></Data>
<Data name="location"><value>agora of Pharae</value></Data>
<Data name="type"><value>[&quot;oracle manteion&quot;]</value></Data>
<Data name="passages"><value>[&quot;7.22.2&quot;]</value></Data>
</ExtendedData>
        <Point><coordinates>21.73,38.082</coordinates></Point>
      </Placemark>

      <Placemark>
        <name>Temple of Athena Panachais in Laphria sanctuary at Patrae</name>
        <ExtendedData>
<Data name="name"><value>Temple of Athena Panachais in Laphria sanctuary at Patrae</value></Data>
<Data name="region"><value>Achaia Bk7</value></Data>
<Data name="part of"><value>Sanctuary of Artemis Laphria at Patrae</value></Data>
<Data name="location"><value>Sanctuary of Artemis Laphria at Patrae</value></Data>
<Data name="type"><value>[&quot;temple&quot;]</value></Data>
<Data name="passages"><value>[&quot;7.20.2&quot;]</value></Data>
</ExtendedData>
        <Point><coordinates>21.738518,38.243265</coordinates></Point>
      </Placemark>

      <Placemark>
        <name>Sanctuary of Artemis Triklaria, at Meilichos river</name>
        <ExtendedData>
<Data name="name"><value>Sanctuary of Artemis Triklaria, at Meilichos river</value></Data>
<Data name="region"><value>Achaia Bk7</value></Data>
<Data name="part of"><value>Patrae</value></Data>
<Data name="location"><value>Patrae</value></Data>
<Data name="altname"><value>federal sanctuary of the Patrae demes</value></Data>
<Data name="Wikidata"><value>https://wikidata.org/wiki/Q134036838</value></Data>
<Data name="type"><value>[&quot;hieron&quot;,&quot;temenos&quot;]</value></Data>
<Data name="passages"><value>[&quot;7.19.1&quot;,&quot;7.19.4&quot;,&quot;7.22.11&quot;]</value></Data>
</ExtendedData>
        <Point><coordinates>21.738518,38.243265</coordinates></Point>
      </Placemark>

      <Placemark>
        <name>Sanctuary of Artemis Triklaria, at Meilichos river</name>
        <ExtendedData>
<Data name="name"><value>Sanctuary of Artemis Triklaria, at Meilichos river</value></Data>
<Data name="region"><value>Achaia Bk7</value></Data>
<Data name="part of"><value>Patrae</value></Data>
<Data name="location"><value>Patrae</value></Data>
<Data name="altname"><value>federal sanctuary of the Patrae demes</value></Data>
<Data name="Wikidata"><value>https://wikidata.org/wiki/Q134036838</value></Data>
<Data name="type"><value>[&quot;hieron&quot;,&quot;temenos&quot;]</value></Data>
<Data name="passages"><value>[&quot;7.19.1&quot;,&quot;7.19.4&quot;,&quot;7.22.11&quot;]</value></Data>
</ExtendedData>
        <Point><coordinates>21.738518,38.243265</coordinates></Point>
      </Placemark>

      <Placemark>
        <name>Sanctuary of Artemis Triklaria, at Meilichos river</name>
        <ExtendedData>
<Data name="name"><value>Sanctuary of Artemis Triklaria, at Meilichos river</value></Data>
<Data name="region"><value>Achaia Bk7</value></Data>
<Data name="part of"><value>Patrae</value></Data>
<Data name="location"><value>Patrae</value></Data>
<Data name="altname"><value>federal sanctuary of the Patrae demes</value></Data>
<Data name="Wikidata"><value>https://wikidata.org/wiki/Q134036838</value></Data>
<Data name="type"><value>[&quot;hieron&quot;,&quot;temenos&quot;]</value></Data>
<Data name="passages"><value>[&quot;7.19.1&quot;,&quot;7.19.4&quot;,&quot;7.22.11&quot;]</value></Data>
</ExtendedData>
        <Point><coordinates>21.738518,38.243265</coordinates></Point>
      </Placemark>

      <Placemark>
        <name>Peloponnesos</name>
        <ExtendedData>
<Data name="name"><value>Peloponnesos</value></Data>
<Data name="region"><value>Hellas (Europe)</value></Data>
<Data name="part of"><value>Hellas (Europe)</value></Data>
<Data name="altname"><value>Peloponnese</value></Data>
<Data name="Wikidata"><value>https://wikidata.org/wiki/Q78967</value></Data>
<Data name="type"><value>[&quot;major region&quot;]</value></Data>
<Data name="passages"><value>[&quot;1.13.4&quot;,&quot;1.13.7&quot;,&quot;1.25.4&quot;,&quot;1.27.10&quot;,&quot;1.27.5&quot;,&quot;1.3.4&quot;,&quot;1.41.2&quot;,&quot;10.1.2&quot;,&quot;10.18.2&quot;,&quot;10.38.10&quot;,&quot;2.1.1&quot;,&quot;2.1.2&quot;,&quot;2.1.5&quot;,&quot;2.12.3&quot;,&quot;2.13.1&quot;,&quot;2.13.7&quot;,&quot;2.18.7&quot;,&quot;2.20.1&quot;,&quot;2.21.5&quot;,&quot;2.24.5&quot;,&quot;2.26.1&quot;,&quot;2.26.3&quot;,&quot;2.26.4&quot;,&quot;2.34.4&quot;,&quot;2.34.8&quot;,&quot;2.37.3&quot;,&quot;2.5.3&quot;,&quot;2.5.6&quot;,&quot;2.5.7&quot;,&quot;2.7.6&quot;,&quot;2.8.6&quot;,&quot;2.9.2&quot;,&quot;3.1.6&quot;,&quot;3.13.2&quot;,&quot;3.2.6&quot;,&quot;3.21.6&quot;,&quot;3.22.6&quot;,&quot;3.3.4&quot;,&quot;3.7.6&quot;,&quot;3.9.1&quot;,&quot;4.14.6&quot;,&quot;4.15.6&quot;,&quot;4.24.7&quot;,&quot;4.26.1&quot;,&quot;4.26.3&quot;,&quot;4.26.5&quot;,&quot;4.27.11&quot;,&quot;4.27.8&quot;,&quot;4.27.9&quot;,&quot;4.28.1&quot;,&quot;4.29.13&quot;,&quot;4.29.2&quot;,&quot;4.29.4&quot;,&quot;4.31.11&quot;,&quot;4.34.10&quot;,&quot;4.34.5&quot;,&quot;4.34.9&quot;,&quot;4.35.1&quot;,&quot;5.1.1&quot;,&quot;5.1.2&quot;,&quot;5.1.7&quot;,&quot;5.1.8&quot;,&quot;5.3.5&quot;,&quot;5.3.6&quot;,&quot;5.6.3&quot;,&quot;5.8.2&quot;,&quot;6.2.10&quot;,&quot;6.2.11&quot;,&quot;6.7.6&quot;,&quot;7.13.5&quot;,&quot;7.15.6&quot;,&quot;7.3.9&quot;,&quot;7.7.6&quot;,&quot;8.1.1&quot;,&quot;8.1.2&quot;,&quot;8.27.5&quot;,&quot;8.30.5&quot;,&quot;8.38.7&quot;,&quot;8.45.3&quot;,&quot;8.5.1&quot;,&quot;8.5.6&quot;,&quot;8.51.3&quot;,&quot;8.54.7&quot;,&quot;9.14.4&quot;,&quot;9.15.4&quot;,&quot;9.32.1&quot;,&quot;9.9.2&quot;]</value></Data>
<Data name="Pleiades"><value>https://pleiades.stoa.org/places/570577</value></Data>
</ExtendedData>
        <Point><coordinates>22.31275269,37.25289778</coordinates></Point>
      </Placemark>

      <Placemark>
        <name>Peloponnesos</name>
        <ExtendedData>
<Data name="name"><value>Peloponnesos</value></Data>
<Data name="region"><value>Hellas (Europe)</value></Data>
<Data name="part of"><value>Hellas (Europe)</value></Data>
<Data name="altname"><value>Peloponnese</value></Data>
<Data name="Wikidata"><value>https://wikidata.org/wiki/Q78967</value></Data>
<Data name="type"><value>[&quot;major region&quot;]</value></Data>
<Data name="passages"><value>[&quot;1.13.4&quot;,&quot;1.13.7&quot;,&quot;1.25.4&quot;,&quot;1.27.10&quot;,&quot;1.27.5&quot;,&quot;1.3.4&quot;,&quot;1.41.2&quot;,&quot;10.1.2&quot;,&quot;10.18.2&quot;,&quot;10.38.10&quot;,&quot;2.1.1&quot;,&quot;2.1.2&quot;,&quot;2.1.5&quot;,&quot;2.12.3&quot;,&quot;2.13.1&quot;,&quot;2.13.7&quot;,&quot;2.18.7&quot;,&quot;2.20.1&quot;,&quot;2.21.5&quot;,&quot;2.24.5&quot;,&quot;2.26.1&quot;,&quot;2.26.3&quot;,&quot;2.26.4&quot;,&quot;2.34.4&quot;,&quot;2.34.8&quot;,&quot;2.37.3&quot;,&quot;2.5.3&quot;,&quot;2.5.6&quot;,&quot;2.5.7&quot;,&quot;2.7.6&quot;,&quot;2.8.6&quot;,&quot;2.9.2&quot;,&quot;3.1.6&quot;,&quot;3.13.2&quot;,&quot;3.2.6&quot;,&quot;3.21.6&quot;,&quot;3.22.6&quot;,&quot;3.3.4&quot;,&quot;3.7.6&quot;,&quot;3.9.1&quot;,&quot;4.14.6&quot;,&quot;4.15.6&quot;,&quot;4.24.7&quot;,&quot;4.26.1&quot;,&quot;4.26.3&quot;,&quot;4.26.5&quot;,&quot;4.27.11&quot;,&quot;4.27.8&quot;,&quot;4.27.9&quot;,&quot;4.28.1&quot;,&quot;4.29.13&quot;,&quot;4.29.2&quot;,&quot;4.29.4&quot;,&quot;4.31.11&quot;,&quot;4.34.10&quot;,&quot;4.34.5&quot;,&quot;4.34.9&quot;,&quot;4.35.1&quot;,&quot;5.1.1&quot;,&quot;5.1.2&quot;,&quot;5.1.7&quot;,&quot;5.1.8&quot;,&quot;5.3.5&quot;,&quot;5.3.6&quot;,&quot;5.6.3&quot;,&quot;5.8.2&quot;,&quot;6.2.10&quot;,&quot;6.2.11&quot;,&quot;6.7.6&quot;,&quot;7.13.5&quot;,&quot;7.15.6&quot;,&quot;7.3.9&quot;,&quot;7.7.6&quot;,&quot;8.1.1&quot;,&quot;8.1.2&quot;,&quot;8.27.5&quot;,&quot;8.30.5&quot;,&quot;8.38.7&quot;,&quot;8.45.3&quot;,&quot;8.5.1&quot;,&quot;8.5.6&quot;,&quot;8.51.3&quot;,&quot;8.54.7&quot;,&quot;9.14.4&quot;,&quot;9.15.4&quot;,&quot;9.32.1&quot;,&quot;9.9.2&quot;]</value></Data>
<Data name="Pleiades"><value>https://pleiades.stoa.org/places/570577</value></Data>
</ExtendedData>
        <Point><coordinates>22.31275269,37.25289778</coordinates></Point>
      </Placemark>

      <Placemark>
        <name>Peloponnesos</name>
        <ExtendedData>
<Data name="name"><value>Peloponnesos</value></Data>
<Data name="region"><value>Hellas (Europe)</value></Data>
<Data name="part of"><value>Hellas (Europe)</value></Data>
<Data name="altname"><value>Peloponnese</value></Data>
<Data name="Wikidata"><value>https://wikidata.org/wiki/Q78967</value></Data>
<Data name="type"><value>[&quot;major region&quot;]</value></Data>
<Data name="passages"><value>[&quot;1.13.4&quot;,&quot;1.13.7&quot;,&quot;1.25.4&quot;,&quot;1.27.10&quot;,&quot;1.27.5&quot;,&quot;1.3.4&quot;,&quot;1.41.2&quot;,&quot;10.1.2&quot;,&quot;10.18.2&quot;,&quot;10.38.10&quot;,&quot;2.1.1&quot;,&quot;2.1.2&quot;,&quot;2.1.5&quot;,&quot;2.12.3&quot;,&quot;2.13.1&quot;,&quot;2.13.7&quot;,&quot;2.18.7&quot;,&quot;2.20.1&quot;,&quot;2.21.5&quot;,&quot;2.24.5&quot;,&quot;2.26.1&quot;,&quot;2.26.3&quot;,&quot;2.26.4&quot;,&quot;2.34.4&quot;,&quot;2.34.8&quot;,&quot;2.37.3&quot;,&quot;2.5.3&quot;,&quot;2.5.6&quot;,&quot;2.5.7&quot;,&quot;2.7.6&quot;,&quot;2.8.6&quot;,&quot;2.9.2&quot;,&quot;3.1.6&quot;,&quot;3.13.2&quot;,&quot;3.2.6&quot;,&quot;3.21.6&quot;,&quot;3.22.6&quot;,&quot;3.3.4&quot;,&quot;3.7.6&quot;,&quot;3.9.1&quot;,&quot;4.14.6&quot;,&quot;4.15.6&quot;,&quot;4.24.7&quot;,&quot;4.26.1&quot;,&quot;4.26.3&quot;,&quot;4.26.5&quot;,&quot;4.27.11&quot;,&quot;4.27.8&quot;,&quot;4.27.9&quot;,&quot;4.28.1&quot;,&quot;4.29.13&quot;,&quot;4.29.2&quot;,&quot;4.29.4&quot;,&quot;4.31.11&quot;,&quot;4.34.10&quot;,&quot;4.34.5&quot;,&quot;4.34.9&quot;,&quot;4.35.1&quot;,&quot;5.1.1&quot;,&quot;5.1.2&quot;,&quot;5.1.7&quot;,&quot;5.1.8&quot;,&quot;5.3.5&quot;,&quot;5.3.6&quot;,&quot;5.6.3&quot;,&quot;5.8.2&quot;,&quot;6.2.10&quot;,&quot;6.2.11&quot;,&quot;6.7.6&quot;,&quot;7.13.5&quot;,&quot;7.15.6&quot;,&quot;7.3.9&quot;,&quot;7.7.6&quot;,&quot;8.1.1&quot;,&quot;8.1.2&quot;,&quot;8.27.5&quot;,&quot;8.30.5&quot;,&quot;8.38.7&quot;,&quot;8.45.3&quot;,&quot;8.5.1&quot;,&quot;8.5.6&quot;,&quot;8.51.3&quot;,&quot;8.54.7&quot;,&quot;9.14.4&quot;,&quot;9.15.4&quot;,&quot;9.32.1&quot;,&quot;9.9.2&quot;]</value></Data>
<Data name="Pleiades"><value>https://pleiades.stoa.org/places/570577</value></Data>
</ExtendedData>
        <Point><coordinates>22.31275269,37.25289778</coordinates></Point>
      </Placemark>

      <Placemark>
        <name>Peloponnesos</name>
        <ExtendedData>
<Data name="name"><value>Peloponnesos</value></Data>
<Data name="region"><value>Hellas (Europe)</value></Data>
<Data name="part of"><value>Hellas (Europe)</value></Data>
<Data name="altname"><value>Peloponnese</value></Data>
<Data name="Wikidata"><value>https://wikidata.org/wiki/Q78967</value></Data>
<Data name="type"><value>[&quot;major region&quot;]</value></Data>
<Data name="passages"><value>[&quot;1.13.4&quot;,&quot;1.13.7&quot;,&quot;1.25.4&quot;,&quot;1.27.10&quot;,&quot;1.27.5&quot;,&quot;1.3.4&quot;,&quot;1.41.2&quot;,&quot;10.1.2&quot;,&quot;10.18.2&quot;,&quot;10.38.10&quot;,&quot;2.1.1&quot;,&quot;2.1.2&quot;,&quot;2.1.5&quot;,&quot;2.12.3&quot;,&quot;2.13.1&quot;,&quot;2.13.7&quot;,&quot;2.18.7&quot;,&quot;2.20.1&quot;,&quot;2.21.5&quot;,&quot;2.24.5&quot;,&quot;2.26.1&quot;,&quot;2.26.3&quot;,&quot;2.26.4&quot;,&quot;2.34.4&quot;,&quot;2.34.8&quot;,&quot;2.37.3&quot;,&quot;2.5.3&quot;,&quot;2.5.6&quot;,&quot;2.5.7&quot;,&quot;2.7.6&quot;,&quot;2.8.6&quot;,&quot;2.9.2&quot;,&quot;3.1.6&quot;,&quot;3.13.2&quot;,&quot;3.2.6&quot;,&quot;3.21.6&quot;,&quot;3.22.6&quot;,&quot;3.3.4&quot;,&quot;3.7.6&quot;,&quot;3.9.1&quot;,&quot;4.14.6&quot;,&quot;4.15.6&quot;,&quot;4.24.7&quot;,&quot;4.26.1&quot;,&quot;4.26.3&quot;,&quot;4.26.5&quot;,&quot;4.27.11&quot;,&quot;4.27.8&quot;,&quot;4.27.9&quot;,&quot;4.28.1&quot;,&quot;4.29.13&quot;,&quot;4.29.2&quot;,&quot;4.29.4&quot;,&quot;4.31.11&quot;,&quot;4.34.10&quot;,&quot;4.34.5&quot;,&quot;4.34.9&quot;,&quot;4.35.1&quot;,&quot;5.1.1&quot;,&quot;5.1.2&quot;,&quot;5.1.7&quot;,&quot;5.1.8&quot;,&quot;5.3.5&quot;,&quot;5.3.6&quot;,&quot;5.6.3&quot;,&quot;5.8.2&quot;,&quot;6.2.10&quot;,&quot;6.2.11&quot;,&quot;6.7.6&quot;,&quot;7.13.5&quot;,&quot;7.15.6&quot;,&quot;7.3.9&quot;,&quot;7.7.6&quot;,&quot;8.1.1&quot;,&quot;8.1.2&quot;,&quot;8.27.5&quot;,&quot;8.30.5&quot;,&quot;8.38.7&quot;,&quot;8.45.3&quot;,&quot;8.5.1&quot;,&quot;8.5.6&quot;,&quot;8.51.3&quot;,&quot;8.54.7&quot;,&quot;9.14.4&quot;,&quot;9.15.4&quot;,&quot;9.32.1&quot;,&quot;9.9.2&quot;]</value></Data>
<Data name="Pleiades"><value>https://pleiades.stoa.org/places/570577</value></Data>
</ExtendedData>
        <Point><coordinates>22.31275269,37.25289778</coordinates></Point>
      </Placemark>

      <Placemark>
        <name>road Larisos river to Dyme, 30 stades</name>
        <ExtendedData>
<Data name="name"><value>road Larisos river to Dyme, 30 stades</value></Data>
<Data name="region"><value>Achaia Bk7</value></Data>
<Data name="part of"><value>Dymaean chora</value></Data>
<Data name="location"><value>Achaia Bk7</value></Data>
<Data name="type"><value>[&quot;road hodos&quot;]</value></Data>
<Data name="passages"><value>[&quot;7.17.5&quot;,&quot;7.17.8&quot;]</value></Data>
</ExtendedData>
        <Point><coordinates>21.9,38.2</coordinates></Point>
      </Placemark>

      <Placemark>
        <name>road Larisos river to Dyme, 30 stades</name>
        <ExtendedData>
<Data name="name"><value>road Larisos river to Dyme, 30 stades</value></Data>
<Data name="region"><value>Achaia Bk7</value></Data>
<Data name="part of"><value>Dymaean chora</value></Data>
<Data name="location"><value>Achaia Bk7</value></Data>
<Data name="type"><value>[&quot;road hodos&quot;]</value></Data>
<Data name="passages"><value>[&quot;7.17.5&quot;,&quot;7.17.8&quot;]</value></Data>
</ExtendedData>
        <Point><coordinates>21.9,38.2</coordinates></Point>
      </Placemark>

      <Placemark>
        <name>Euripos</name>
        <ExtendedData>
<Data name="name"><value>Euripos</value></Data>
<Data name="region"><value>Euboea (island)</value></Data>
<Data name="part of"><value>Euboian Gulf</value></Data>
<Data name="Wikidata"><value>https://wikidata.org/wiki/Q1137741</value></Data>
<Data name="type"><value>[&quot;settlement&quot;]</value></Data>
<Data name="passages"><value>[&quot;1.23.3&quot;,&quot;1.38.1&quot;,&quot;2.24.6&quot;,&quot;5.23.2&quot;,&quot;6.13.8&quot;,&quot;7.7.6&quot;,&quot;9.12.6&quot;,&quot;9.19.6&quot;,&quot;9.22.5&quot;,&quot;9.31.3&quot;]</value></Data>
<Data name="Pleiades"><value>https://pleiades.stoa.org/places/540783</value></Data>
</ExtendedData>
        <Point><coordinates>23.58944,38.46276</coordinates></Point>
      </Placemark>

      <Placemark>
        <name>Tomb of Andraimon near Kolophon</name>
        <ExtendedData>
<Data name="name"><value>Tomb of Andraimon near Kolophon</value></Data>
<Data name="region"><value>Asia Minor (Asia)</value></Data>
<Data name="part of"><value>Colophon</value></Data>
<Data name="location"><value>Colophon</value></Data>
<Data name="Wikidata"><value>https://wikidata.org/wiki/Q136487380</value></Data>
<Data name="type"><value>[&quot;tomb mnema&quot;]</value></Data>
<Data name="passages"><value>[&quot;7.3.5&quot;]</value></Data>
<Data name="Manto"><value>https://resource.manto.unh.edu/10268877</value></Data>
</ExtendedData>
        <Point><coordinates>27.142222,38.115556</coordinates></Point>
      </Placemark>

      <Placemark>
        <name>Pagos M.</name>
        <ExtendedData>
<Data name="name"><value>Pagos M.</value></Data>
<Data name="region"><value>Asia Minor (Asia)</value></Data>
<Data name="part of"><value>Smyrna (Ionia)</value></Data>
<Data name="altname"><value>mountain above new Smyrna</value></Data>
<Data name="type"><value>[&quot;mountain oros&quot;]</value></Data>
<Data name="passages"><value>[&quot;7.5.2&quot;,&quot;7.5.3&quot;]</value></Data>
<Data name="Pleiades"><value>https://pleiades.stoa.org/places/550795</value></Data>
</ExtendedData>
        <Point><coordinates>27.14843,38.40537</coordinates></Point>
      </Placemark>

      <Placemark>
        <name>Pagos M.</name>
        <ExtendedData>
<Data name="name"><value>Pagos M.</value></Data>
<Data name="region"><value>Asia Minor (Asia)</value></Data>
<Data name="part of"><value>Smyrna (Ionia)</value></Data>
<Data name="altname"><value>mountain above new Smyrna</value></Data>
<Data name="type"><value>[&quot;mountain oros&quot;]</value></Data>
<Data name="passages"><value>[&quot;7.5.2&quot;,&quot;7.5.3&quot;]</value></Data>
<Data name="Pleiades"><value>https://pleiades.stoa.org/places/550795</value></Data>
</ExtendedData>
        <Point><coordinates>27.14843,38.40537</coordinates></Point>
      </Placemark>

      <Placemark>
        <name>Sanctuary of Eileithyia at Aigion</name>
        <ExtendedData>
<Data name="name"><value>Sanctuary of Eileithyia at Aigion</value></Data>
<Data name="region"><value>Achaia Bk7</value></Data>
<Data name="part of"><value>Aigion (Achaia)</value></Data>
<Data name="location"><value>Aigion (Achaia)</value></Data>
<Data name="altname"><value>ancient sanctuary</value></Data>
<Data name="Wikidata"><value>https://wikidata.org/wiki/Q134036974</value></Data>
<Data name="type"><value>[&quot;hieron&quot;]</value></Data>
<Data name="passages"><value>[&quot;7.23.5&quot;,&quot;7.23.7&quot;]</value></Data>
</ExtendedData>
        <Point><coordinates>22.09,38.252</coordinates></Point>
      </Placemark>

      <Placemark>
        <name>Sanctuary of Eileithyia at Aigion</name>
        <ExtendedData>
<Data name="name"><value>Sanctuary of Eileithyia at Aigion</value></Data>
<Data name="region"><value>Achaia Bk7</value></Data>
<Data name="part of"><value>Aigion (Achaia)</value></Data>
<Data name="location"><value>Aigion (Achaia)</value></Data>
<Data name="altname"><value>ancient sanctuary</value></Data>
<Data name="Wikidata"><value>https://wikidata.org/wiki/Q134036974</value></Data>
<Data name="type"><value>[&quot;hieron&quot;]</value></Data>
<Data name="passages"><value>[&quot;7.23.5&quot;,&quot;7.23.7&quot;]</value></Data>
</ExtendedData>
        <Point><coordinates>22.09,38.252</coordinates></Point>
      </Placemark>

      <Placemark>
        <name>ancient peribolos of Pharae agora</name>
        <ExtendedData>
<Data name="name"><value>ancient peribolos of Pharae agora</value></Data>
<Data name="region"><value>Achaia Bk7</value></Data>
<Data name="part of"><value>agora of Pharae</value></Data>
<Data name="location"><value>agora of Pharae</value></Data>
<Data name="type"><value>[&quot;enclosure&quot;]</value></Data>
<Data name="passages"><value>[&quot;7.22.2&quot;]</value></Data>
</ExtendedData>
        <Point><coordinates>21.73,38.082</coordinates></Point>
      </Placemark>

      <Placemark>
        <name>Aitolia region</name>
        <ExtendedData>
<Data name="name"><value>Aitolia region</value></Data>
<Data name="region"><value>Hellas (Europe)</value></Data>
<Data name="part of"><value>Hellas (Europe)</value></Data>
<Data name="altname"><value>Aetolia</value></Data>
<Data name="Wikidata"><value>https://wikidata.org/wiki/Q26857</value></Data>
<Data name="type"><value>[&quot;chora/region&quot;]</value></Data>
<Data name="passages"><value>[&quot;1.26.3&quot;,&quot;1.42.6&quot;,&quot;10.18.1&quot;,&quot;10.22.2&quot;,&quot;10.22.3&quot;,&quot;10.22.5&quot;,&quot;2.13.8&quot;,&quot;2.25.2&quot;,&quot;2.37.3&quot;,&quot;2.8.4&quot;,&quot;3.10.2&quot;,&quot;4.24.7&quot;,&quot;4.31.7&quot;,&quot;5.1.3&quot;,&quot;5.3.7&quot;,&quot;7.18.6&quot;,&quot;7.18.8&quot;,&quot;7.18.9&quot;,&quot;7.9.6&quot;,&quot;8.24.11&quot;,&quot;8.38.10&quot;]</value></Data>
<Data name="Pleiades"><value>https://pleiades.stoa.org/places/540591</value></Data>
<Data name="ToposText"><value>https://topostext.org/place/386215RAit</value></Data>
</ExtendedData>
        <Point><coordinates>21.5,38.6</coordinates></Point>
      </Placemark>

      <Placemark>
        <name>Aitolia region</name>
        <ExtendedData>
<Data name="name"><value>Aitolia region</value></Data>
<Data name="region"><value>Hellas (Europe)</value></Data>
<Data name="part of"><value>Hellas (Europe)</value></Data>
<Data name="altname"><value>Aetolia</value></Data>
<Data name="Wikidata"><value>https://wikidata.org/wiki/Q26857</value></Data>
<Data name="type"><value>[&quot;chora/region&quot;]</value></Data>
<Data name="passages"><value>[&quot;1.26.3&quot;,&quot;1.42.6&quot;,&quot;10.18.1&quot;,&quot;10.22.2&quot;,&quot;10.22.3&quot;,&quot;10.22.5&quot;,&quot;2.13.8&quot;,&quot;2.25.2&quot;,&quot;2.37.3&quot;,&quot;2.8.4&quot;,&quot;3.10.2&quot;,&quot;4.24.7&quot;,&quot;4.31.7&quot;,&quot;5.1.3&quot;,&quot;5.3.7&quot;,&quot;7.18.6&quot;,&quot;7.18.8&quot;,&quot;7.18.9&quot;,&quot;7.9.6&quot;,&quot;8.24.11&quot;,&quot;8.38.10&quot;]</value></Data>
<Data name="Pleiades"><value>https://pleiades.stoa.org/places/540591</value></Data>
<Data name="ToposText"><value>https://topostext.org/place/386215RAit</value></Data>
</ExtendedData>
        <Point><coordinates>21.5,38.6</coordinates></Point>
      </Placemark>

      <Placemark>
        <name>Aitolia region</name>
        <ExtendedData>
<Data name="name"><value>Aitolia region</value></Data>
<Data name="region"><value>Hellas (Europe)</value></Data>
<Data name="part of"><value>Hellas (Europe)</value></Data>
<Data name="altname"><value>Aetolia</value></Data>
<Data name="Wikidata"><value>https://wikidata.org/wiki/Q26857</value></Data>
<Data name="type"><value>[&quot;chora/region&quot;]</value></Data>
<Data name="passages"><value>[&quot;1.26.3&quot;,&quot;1.42.6&quot;,&quot;10.18.1&quot;,&quot;10.22.2&quot;,&quot;10.22.3&quot;,&quot;10.22.5&quot;,&quot;2.13.8&quot;,&quot;2.25.2&quot;,&quot;2.37.3&quot;,&quot;2.8.4&quot;,&quot;3.10.2&quot;,&quot;4.24.7&quot;,&quot;4.31.7&quot;,&quot;5.1.3&quot;,&quot;5.3.7&quot;,&quot;7.18.6&quot;,&quot;7.18.8&quot;,&quot;7.18.9&quot;,&quot;7.9.6&quot;,&quot;8.24.11&quot;,&quot;8.38.10&quot;]</value></Data>
<Data name="Pleiades"><value>https://pleiades.stoa.org/places/540591</value></Data>
<Data name="ToposText"><value>https://topostext.org/place/386215RAit</value></Data>
</ExtendedData>
        <Point><coordinates>21.5,38.6</coordinates></Point>
      </Placemark>

      <Placemark>
        <name>Aitolia region</name>
        <ExtendedData>
<Data name="name"><value>Aitolia region</value></Data>
<Data name="region"><value>Hellas (Europe)</value></Data>
<Data name="part of"><value>Hellas (Europe)</value></Data>
<Data name="altname"><value>Aetolia</value></Data>
<Data name="Wikidata"><value>https://wikidata.org/wiki/Q26857</value></Data>
<Data name="type"><value>[&quot;chora/region&quot;]</value></Data>
<Data name="passages"><value>[&quot;1.26.3&quot;,&quot;1.42.6&quot;,&quot;10.18.1&quot;,&quot;10.22.2&quot;,&quot;10.22.3&quot;,&quot;10.22.5&quot;,&quot;2.13.8&quot;,&quot;2.25.2&quot;,&quot;2.37.3&quot;,&quot;2.8.4&quot;,&quot;3.10.2&quot;,&quot;4.24.7&quot;,&quot;4.31.7&quot;,&quot;5.1.3&quot;,&quot;5.3.7&quot;,&quot;7.18.6&quot;,&quot;7.18.8&quot;,&quot;7.18.9&quot;,&quot;7.9.6&quot;,&quot;8.24.11&quot;,&quot;8.38.10&quot;]</value></Data>
<Data name="Pleiades"><value>https://pleiades.stoa.org/places/540591</value></Data>
<Data name="ToposText"><value>https://topostext.org/place/386215RAit</value></Data>
</ExtendedData>
        <Point><coordinates>21.5,38.6</coordinates></Point>
      </Placemark>

      <Placemark>
        <name>Antikyra</name>
        <ExtendedData>
<Data name="name"><value>Antikyra</value></Data>
<Data name="region"><value>Phokis Bk10</value></Data>
<Data name="part of"><value>Phokis Bk10</value></Data>
<Data name="Wikidata"><value>https://wikidata.org/wiki/Q4774674</value></Data>
<Data name="type"><value>[&quot;polis&quot;]</value></Data>
<Data name="passages"><value>[&quot;10.1.2&quot;,&quot;10.3.1&quot;,&quot;10.36.5&quot;,&quot;10.36.6&quot;,&quot;10.36.7&quot;,&quot;10.37.2&quot;,&quot;10.37.3&quot;,&quot;7.7.9&quot;]</value></Data>
<Data name="Pleiades"><value>https://pleiades.stoa.org/places/540642</value></Data>
</ExtendedData>
        <Point><coordinates>22.626059,38.375439</coordinates></Point>
      </Placemark>

      <Placemark>
        <name>Histiaia/Hestiaia</name>
        <ExtendedData>
<Data name="name"><value>Histiaia/Hestiaia</value></Data>
<Data name="region"><value>Euboea (island)</value></Data>
<Data name="part of"><value>Euboea (island)</value></Data>
<Data name="Wikidata"><value>https://wikidata.org/wiki/Q107586662</value></Data>
<Data name="type"><value>[&quot;polis&quot;]</value></Data>
<Data name="passages"><value>[&quot;7.26.4&quot;,&quot;7.4.9&quot;,&quot;7.7.9&quot;]</value></Data>
<Data name="Pleiades"><value>https://pleiades.stoa.org/places/540817</value></Data>
</ExtendedData>
        <Point><coordinates>23.06593,38.93759</coordinates></Point>
      </Placemark>

      <Placemark>
        <name>Histiaia/Hestiaia</name>
        <ExtendedData>
<Data name="name"><value>Histiaia/Hestiaia</value></Data>
<Data name="region"><value>Euboea (island)</value></Data>
<Data name="part of"><value>Euboea (island)</value></Data>
<Data name="Wikidata"><value>https://wikidata.org/wiki/Q107586662</value></Data>
<Data name="type"><value>[&quot;polis&quot;]</value></Data>
<Data name="passages"><value>[&quot;7.26.4&quot;,&quot;7.4.9&quot;,&quot;7.7.9&quot;]</value></Data>
<Data name="Pleiades"><value>https://pleiades.stoa.org/places/540817</value></Data>
</ExtendedData>
        <Point><coordinates>23.06593,38.93759</coordinates></Point>
      </Placemark>

      <Placemark>
        <name>Histiaia/Hestiaia</name>
        <ExtendedData>
<Data name="name"><value>Histiaia/Hestiaia</value></Data>
<Data name="region"><value>Euboea (island)</value></Data>
<Data name="part of"><value>Euboea (island)</value></Data>
<Data name="Wikidata"><value>https://wikidata.org/wiki/Q107586662</value></Data>
<Data name="type"><value>[&quot;polis&quot;]</value></Data>
<Data name="passages"><value>[&quot;7.26.4&quot;,&quot;7.4.9&quot;,&quot;7.7.9&quot;]</value></Data>
<Data name="Pleiades"><value>https://pleiades.stoa.org/places/540817</value></Data>
</ExtendedData>
        <Point><coordinates>23.06593,38.93759</coordinates></Point>
      </Placemark>

      <Placemark>
        <name>Hypereia spring (Magnesia)</name>
        <ExtendedData>
<Data name="name"><value>Hypereia spring (Magnesia)</value></Data>
<Data name="region"><value>Hellas (Europe)</value></Data>
<Data name="part of"><value>Pherai</value></Data>
<Data name="Wikidata"><value>https://wikidata.org/wiki/Q107588079</value></Data>
<Data name="type"><value>[&quot;spring pege&quot;]</value></Data>
<Data name="passages"><value>[&quot;7.26.4&quot;]</value></Data>
<Data name="ToposText"><value>https://topostext.org/place/394227WHyp</value></Data>
</ExtendedData>
        <Point><coordinates>22.7426,39.3842</coordinates></Point>
      </Placemark>

      <Placemark>
        <name>Peirai</name>
        <ExtendedData>
<Data name="name"><value>Peirai</value></Data>
<Data name="region"><value>Achaia Bk7</value></Data>
<Data name="part of"><value>Achaia Bk7</value></Data>
<Data name="location"><value>Achaia Bk7</value></Data>
<Data name="Wikidata"><value>https://wikidata.org/wiki/Q60791428</value></Data>
<Data name="type"><value>[&quot;settlement&quot;]</value></Data>
<Data name="passages"><value>[&quot;7.18.1&quot;]</value></Data>
<Data name="Pleiades"><value>https://pleiades.stoa.org/places/573431</value></Data>
</ExtendedData>
        <Point><coordinates>21.9,38.2</coordinates></Point>
      </Placemark>

      <Placemark>
        <name>Altar of the Eumenides, Athens</name>
        <ExtendedData>
<Data name="name"><value>Altar of the Eumenides, Athens</value></Data>
<Data name="region"><value>Athenai Bk1</value></Data>
<Data name="part of"><value>Semnai Theai shrine at the Areius Pagus</value></Data>
<Data name="location"><value>Semnai Theai shrine at the Areius Pagus</value></Data>
<Data name="type"><value>[&quot;altar&quot;]</value></Data>
<Data name="passages"><value>[&quot;1.28.6&quot;,&quot;7.25.1&quot;]</value></Data>
<Data name="ToposText"><value>https://topostext.org/binder/JB1376</value></Data>
</ExtendedData>
        <Point><coordinates>23.72372,37.97242</coordinates></Point>
      </Placemark>

      <Placemark>
        <name>Meiganitas (river)</name>
        <ExtendedData>
<Data name="name"><value>Meiganitas (river)</value></Data>
<Data name="region"><value>Achaia Bk7</value></Data>
<Data name="part of"><value>Achaia Bk7</value></Data>
<Data name="Wikidata"><value>https://wikidata.org/wiki/Q25018042</value></Data>
<Data name="type"><value>[&quot;river&quot;]</value></Data>
<Data name="passages"><value>[&quot;7.23.5&quot;]</value></Data>
<Data name="Pleiades"><value>https://pleiades.stoa.org/places/570471</value></Data>
</ExtendedData>
        <Point><coordinates>22.063,38.259</coordinates></Point>
      </Placemark>

      <Placemark>
        <name>Temple of Aphrodite and Dionysos at Boura</name>
        <ExtendedData>
<Data name="name"><value>Temple of Aphrodite and Dionysos at Boura</value></Data>
<Data name="region"><value>Achaia Bk7</value></Data>
<Data name="part of"><value>Boura</value></Data>
<Data name="location"><value>Boura</value></Data>
<Data name="type"><value>[&quot;temple&quot;]</value></Data>
<Data name="passages"><value>[&quot;7.25.9&quot;]</value></Data>
</ExtendedData>
        <Point><coordinates>22.231166,38.142006</coordinates></Point>
      </Placemark>

      <Placemark>
        <name>Thera island (Cyclades)</name>
        <ExtendedData>
<Data name="name"><value>Thera island (Cyclades)</value></Data>
<Data name="region"><value>Aegean Sea (Hellas)</value></Data>
<Data name="part of"><value>Cyclades region (Aegean)</value></Data>
<Data name="Wikidata"><value>https://wikidata.org/wiki/Q129296</value></Data>
<Data name="type"><value>[&quot;island&quot;]</value></Data>
<Data name="passages"><value>[&quot;10.15.6&quot;,&quot;3.1.8&quot;,&quot;3.15.6&quot;,&quot;7.2.2&quot;]</value></Data>
<Data name="Pleiades"><value>https://pleiades.stoa.org/places/599973</value></Data>
<Data name="ToposText"><value>https://topostext.org/place/364255IThe</value></Data>
</ExtendedData>
        <Point><coordinates>25.478129000000003,36.36399</coordinates></Point>
      </Placemark>

      <Placemark>
        <name>Helike</name>
        <ExtendedData>
<Data name="name"><value>Helike</value></Data>
<Data name="region"><value>Achaia Bk7</value></Data>
<Data name="part of"><value>Achaia Bk7</value></Data>
<Data name="Wikidata"><value>https://wikidata.org/wiki/Q1432654</value></Data>
<Data name="type"><value>[&quot;polis&quot;]</value></Data>
<Data name="passages"><value>[&quot;5.4.3&quot;,&quot;7.1.4&quot;,&quot;7.1.8&quot;,&quot;7.24.12&quot;,&quot;7.24.13&quot;,&quot;7.24.5&quot;,&quot;7.24.6&quot;,&quot;7.25.1&quot;,&quot;7.25.11&quot;,&quot;7.25.12&quot;,&quot;7.25.4&quot;,&quot;7.25.5&quot;,&quot;7.25.8&quot;,&quot;7.6.1&quot;,&quot;7.7.2&quot;]</value></Data>
<Data name="Pleiades"><value>https://pleiades.stoa.org/places/570281</value></Data>
</ExtendedData>
        <Point><coordinates>22.14015,38.22257</coordinates></Point>
      </Placemark>

      <Placemark>
        <name>Helike</name>
        <ExtendedData>
<Data name="name"><value>Helike</value></Data>
<Data name="region"><value>Achaia Bk7</value></Data>
<Data name="part of"><value>Achaia Bk7</value></Data>
<Data name="Wikidata"><value>https://wikidata.org/wiki/Q1432654</value></Data>
<Data name="type"><value>[&quot;polis&quot;]</value></Data>
<Data name="passages"><value>[&quot;5.4.3&quot;,&quot;7.1.4&quot;,&quot;7.1.8&quot;,&quot;7.24.12&quot;,&quot;7.24.13&quot;,&quot;7.24.5&quot;,&quot;7.24.6&quot;,&quot;7.25.1&quot;,&quot;7.25.11&quot;,&quot;7.25.12&quot;,&quot;7.25.4&quot;,&quot;7.25.5&quot;,&quot;7.25.8&quot;,&quot;7.6.1&quot;,&quot;7.7.2&quot;]</value></Data>
<Data name="Pleiades"><value>https://pleiades.stoa.org/places/570281</value></Data>
</ExtendedData>
        <Point><coordinates>22.14015,38.22257</coordinates></Point>
      </Placemark>

      <Placemark>
        <name>Helike</name>
        <ExtendedData>
<Data name="name"><value>Helike</value></Data>
<Data name="region"><value>Achaia Bk7</value></Data>
<Data name="part of"><value>Achaia Bk7</value></Data>
<Data name="Wikidata"><value>https://wikidata.org/wiki/Q1432654</value></Data>
<Data name="type"><value>[&quot;polis&quot;]</value></Data>
<Data name="passages"><value>[&quot;5.4.3&quot;,&quot;7.1.4&quot;,&quot;7.1.8&quot;,&quot;7.24.12&quot;,&quot;7.24.13&quot;,&quot;7.24.5&quot;,&quot;7.24.6&quot;,&quot;7.25.1&quot;,&quot;7.25.11&quot;,&quot;7.25.12&quot;,&quot;7.25.4&quot;,&quot;7.25.5&quot;,&quot;7.25.8&quot;,&quot;7.6.1&quot;,&quot;7.7.2&quot;]</value></Data>
<Data name="Pleiades"><value>https://pleiades.stoa.org/places/570281</value></Data>
</ExtendedData>
        <Point><coordinates>22.14015,38.22257</coordinates></Point>
      </Placemark>

      <Placemark>
        <name>Helike</name>
        <ExtendedData>
<Data name="name"><value>Helike</value></Data>
<Data name="region"><value>Achaia Bk7</value></Data>
<Data name="part of"><value>Achaia Bk7</value></Data>
<Data name="Wikidata"><value>https://wikidata.org/wiki/Q1432654</value></Data>
<Data name="type"><value>[&quot;polis&quot;]</value></Data>
<Data name="passages"><value>[&quot;5.4.3&quot;,&quot;7.1.4&quot;,&quot;7.1.8&quot;,&quot;7.24.12&quot;,&quot;7.24.13&quot;,&quot;7.24.5&quot;,&quot;7.24.6&quot;,&quot;7.25.1&quot;,&quot;7.25.11&quot;,&quot;7.25.12&quot;,&quot;7.25.4&quot;,&quot;7.25.5&quot;,&quot;7.25.8&quot;,&quot;7.6.1&quot;,&quot;7.7.2&quot;]</value></Data>
<Data name="Pleiades"><value>https://pleiades.stoa.org/places/570281</value></Data>
</ExtendedData>
        <Point><coordinates>22.14015,38.22257</coordinates></Point>
      </Placemark>

      <Placemark>
        <name>Helike</name>
        <ExtendedData>
<Data name="name"><value>Helike</value></Data>
<Data name="region"><value>Achaia Bk7</value></Data>
<Data name="part of"><value>Achaia Bk7</value></Data>
<Data name="Wikidata"><value>https://wikidata.org/wiki/Q1432654</value></Data>
<Data name="type"><value>[&quot;polis&quot;]</value></Data>
<Data name="passages"><value>[&quot;5.4.3&quot;,&quot;7.1.4&quot;,&quot;7.1.8&quot;,&quot;7.24.12&quot;,&quot;7.24.13&quot;,&quot;7.24.5&quot;,&quot;7.24.6&quot;,&quot;7.25.1&quot;,&quot;7.25.11&quot;,&quot;7.25.12&quot;,&quot;7.25.4&quot;,&quot;7.25.5&quot;,&quot;7.25.8&quot;,&quot;7.6.1&quot;,&quot;7.7.2&quot;]</value></Data>
<Data name="Pleiades"><value>https://pleiades.stoa.org/places/570281</value></Data>
</ExtendedData>
        <Point><coordinates>22.14015,38.22257</coordinates></Point>
      </Placemark>

      <Placemark>
        <name>Helike</name>
        <ExtendedData>
<Data name="name"><value>Helike</value></Data>
<Data name="region"><value>Achaia Bk7</value></Data>
<Data name="part of"><value>Achaia Bk7</value></Data>
<Data name="Wikidata"><value>https://wikidata.org/wiki/Q1432654</value></Data>
<Data name="type"><value>[&quot;polis&quot;]</value></Data>
<Data name="passages"><value>[&quot;5.4.3&quot;,&quot;7.1.4&quot;,&quot;7.1.8&quot;,&quot;7.24.12&quot;,&quot;7.24.13&quot;,&quot;7.24.5&quot;,&quot;7.24.6&quot;,&quot;7.25.1&quot;,&quot;7.25.11&quot;,&quot;7.25.12&quot;,&quot;7.25.4&quot;,&quot;7.25.5&quot;,&quot;7.25.8&quot;,&quot;7.6.1&quot;,&quot;7.7.2&quot;]</value></Data>
<Data name="Pleiades"><value>https://pleiades.stoa.org/places/570281</value></Data>
</ExtendedData>
        <Point><coordinates>22.14015,38.22257</coordinates></Point>
      </Placemark>

      <Placemark>
        <name>Helike</name>
        <ExtendedData>
<Data name="name"><value>Helike</value></Data>
<Data name="region"><value>Achaia Bk7</value></Data>
<Data name="part of"><value>Achaia Bk7</value></Data>
<Data name="Wikidata"><value>https://wikidata.org/wiki/Q1432654</value></Data>
<Data name="type"><value>[&quot;polis&quot;]</value></Data>
<Data name="passages"><value>[&quot;5.4.3&quot;,&quot;7.1.4&quot;,&quot;7.1.8&quot;,&quot;7.24.12&quot;,&quot;7.24.13&quot;,&quot;7.24.5&quot;,&quot;7.24.6&quot;,&quot;7.25.1&quot;,&quot;7.25.11&quot;,&quot;7.25.12&quot;,&quot;7.25.4&quot;,&quot;7.25.5&quot;,&quot;7.25.8&quot;,&quot;7.6.1&quot;,&quot;7.7.2&quot;]</value></Data>
<Data name="Pleiades"><value>https://pleiades.stoa.org/places/570281</value></Data>
</ExtendedData>
        <Point><coordinates>22.14015,38.22257</coordinates></Point>
      </Placemark>

      <Placemark>
        <name>Helike</name>
        <ExtendedData>
<Data name="name"><value>Helike</value></Data>
<Data name="region"><value>Achaia Bk7</value></Data>
<Data name="part of"><value>Achaia Bk7</value></Data>
<Data name="Wikidata"><value>https://wikidata.org/wiki/Q1432654</value></Data>
<Data name="type"><value>[&quot;polis&quot;]</value></Data>
<Data name="passages"><value>[&quot;5.4.3&quot;,&quot;7.1.4&quot;,&quot;7.1.8&quot;,&quot;7.24.12&quot;,&quot;7.24.13&quot;,&quot;7.24.5&quot;,&quot;7.24.6&quot;,&quot;7.25.1&quot;,&quot;7.25.11&quot;,&quot;7.25.12&quot;,&quot;7.25.4&quot;,&quot;7.25.5&quot;,&quot;7.25.8&quot;,&quot;7.6.1&quot;,&quot;7.7.2&quot;]</value></Data>
<Data name="Pleiades"><value>https://pleiades.stoa.org/places/570281</value></Data>
</ExtendedData>
        <Point><coordinates>22.14015,38.22257</coordinates></Point>
      </Placemark>

      <Placemark>
        <name>Helike</name>
        <ExtendedData>
<Data name="name"><value>Helike</value></Data>
<Data name="region"><value>Achaia Bk7</value></Data>
<Data name="part of"><value>Achaia Bk7</value></Data>
<Data name="Wikidata"><value>https://wikidata.org/wiki/Q1432654</value></Data>
<Data name="type"><value>[&quot;polis&quot;]</value></Data>
<Data name="passages"><value>[&quot;5.4.3&quot;,&quot;7.1.4&quot;,&quot;7.1.8&quot;,&quot;7.24.12&quot;,&quot;7.24.13&quot;,&quot;7.24.5&quot;,&quot;7.24.6&quot;,&quot;7.25.1&quot;,&quot;7.25.11&quot;,&quot;7.25.12&quot;,&quot;7.25.4&quot;,&quot;7.25.5&quot;,&quot;7.25.8&quot;,&quot;7.6.1&quot;,&quot;7.7.2&quot;]</value></Data>
<Data name="Pleiades"><value>https://pleiades.stoa.org/places/570281</value></Data>
</ExtendedData>
        <Point><coordinates>22.14015,38.22257</coordinates></Point>
      </Placemark>

      <Placemark>
        <name>Helike</name>
        <ExtendedData>
<Data name="name"><value>Helike</value></Data>
<Data name="region"><value>Achaia Bk7</value></Data>
<Data name="part of"><value>Achaia Bk7</value></Data>
<Data name="Wikidata"><value>https://wikidata.org/wiki/Q1432654</value></Data>
<Data name="type"><value>[&quot;polis&quot;]</value></Data>
<Data name="passages"><value>[&quot;5.4.3&quot;,&quot;7.1.4&quot;,&quot;7.1.8&quot;,&quot;7.24.12&quot;,&quot;7.24.13&quot;,&quot;7.24.5&quot;,&quot;7.24.6&quot;,&quot;7.25.1&quot;,&quot;7.25.11&quot;,&quot;7.25.12&quot;,&quot;7.25.4&quot;,&quot;7.25.5&quot;,&quot;7.25.8&quot;,&quot;7.6.1&quot;,&quot;7.7.2&quot;]</value></Data>
<Data name="Pleiades"><value>https://pleiades.stoa.org/places/570281</value></Data>
</ExtendedData>
        <Point><coordinates>22.14015,38.22257</coordinates></Point>
      </Placemark>

      <Placemark>
        <name>Helike</name>
        <ExtendedData>
<Data name="name"><value>Helike</value></Data>
<Data name="region"><value>Achaia Bk7</value></Data>
<Data name="part of"><value>Achaia Bk7</value></Data>
<Data name="Wikidata"><value>https://wikidata.org/wiki/Q1432654</value></Data>
<Data name="type"><value>[&quot;polis&quot;]</value></Data>
<Data name="passages"><value>[&quot;5.4.3&quot;,&quot;7.1.4&quot;,&quot;7.1.8&quot;,&quot;7.24.12&quot;,&quot;7.24.13&quot;,&quot;7.24.5&quot;,&quot;7.24.6&quot;,&quot;7.25.1&quot;,&quot;7.25.11&quot;,&quot;7.25.12&quot;,&quot;7.25.4&quot;,&quot;7.25.5&quot;,&quot;7.25.8&quot;,&quot;7.6.1&quot;,&quot;7.7.2&quot;]</value></Data>
<Data name="Pleiades"><value>https://pleiades.stoa.org/places/570281</value></Data>
</ExtendedData>
        <Point><coordinates>22.14015,38.22257</coordinates></Point>
      </Placemark>

      <Placemark>
        <name>Helike</name>
        <ExtendedData>
<Data name="name"><value>Helike</value></Data>
<Data name="region"><value>Achaia Bk7</value></Data>
<Data name="part of"><value>Achaia Bk7</value></Data>
<Data name="Wikidata"><value>https://wikidata.org/wiki/Q1432654</value></Data>
<Data name="type"><value>[&quot;polis&quot;]</value></Data>
<Data name="passages"><value>[&quot;5.4.3&quot;,&quot;7.1.4&quot;,&quot;7.1.8&quot;,&quot;7.24.12&quot;,&quot;7.24.13&quot;,&quot;7.24.5&quot;,&quot;7.24.6&quot;,&quot;7.25.1&quot;,&quot;7.25.11&quot;,&quot;7.25.12&quot;,&quot;7.25.4&quot;,&quot;7.25.5&quot;,&quot;7.25.8&quot;,&quot;7.6.1&quot;,&quot;7.7.2&quot;]</value></Data>
<Data name="Pleiades"><value>https://pleiades.stoa.org/places/570281</value></Data>
</ExtendedData>
        <Point><coordinates>22.14015,38.22257</coordinates></Point>
      </Placemark>

      <Placemark>
        <name>Helike</name>
        <ExtendedData>
<Data name="name"><value>Helike</value></Data>
<Data name="region"><value>Achaia Bk7</value></Data>
<Data name="part of"><value>Achaia Bk7</value></Data>
<Data name="Wikidata"><value>https://wikidata.org/wiki/Q1432654</value></Data>
<Data name="type"><value>[&quot;polis&quot;]</value></Data>
<Data name="passages"><value>[&quot;5.4.3&quot;,&quot;7.1.4&quot;,&quot;7.1.8&quot;,&quot;7.24.12&quot;,&quot;7.24.13&quot;,&quot;7.24.5&quot;,&quot;7.24.6&quot;,&quot;7.25.1&quot;,&quot;7.25.11&quot;,&quot;7.25.12&quot;,&quot;7.25.4&quot;,&quot;7.25.5&quot;,&quot;7.25.8&quot;,&quot;7.6.1&quot;,&quot;7.7.2&quot;]</value></Data>
<Data name="Pleiades"><value>https://pleiades.stoa.org/places/570281</value></Data>
</ExtendedData>
        <Point><coordinates>22.14015,38.22257</coordinates></Point>
      </Placemark>

      <Placemark>
        <name>Helike</name>
        <ExtendedData>
<Data name="name"><value>Helike</value></Data>
<Data name="region"><value>Achaia Bk7</value></Data>
<Data name="part of"><value>Achaia Bk7</value></Data>
<Data name="Wikidata"><value>https://wikidata.org/wiki/Q1432654</value></Data>
<Data name="type"><value>[&quot;polis&quot;]</value></Data>
<Data name="passages"><value>[&quot;5.4.3&quot;,&quot;7.1.4&quot;,&quot;7.1.8&quot;,&quot;7.24.12&quot;,&quot;7.24.13&quot;,&quot;7.24.5&quot;,&quot;7.24.6&quot;,&quot;7.25.1&quot;,&quot;7.25.11&quot;,&quot;7.25.12&quot;,&quot;7.25.4&quot;,&quot;7.25.5&quot;,&quot;7.25.8&quot;,&quot;7.6.1&quot;,&quot;7.7.2&quot;]</value></Data>
<Data name="Pleiades"><value>https://pleiades.stoa.org/places/570281</value></Data>
</ExtendedData>
        <Point><coordinates>22.14015,38.22257</coordinates></Point>
      </Placemark>

      <Placemark>
        <name>Dymaean chora</name>
        <ExtendedData>
<Data name="name"><value>Dymaean chora</value></Data>
<Data name="region"><value>Achaia Bk7</value></Data>
<Data name="part of"><value>Achaia Bk7</value></Data>
<Data name="location"><value>Dyme</value></Data>
<Data name="altname"><value>territory of Dyme</value></Data>
<Data name="Wikidata"><value>https://wikidata.org/wiki/Q60790671</value></Data>
<Data name="type"><value>[&quot;chora/region&quot;]</value></Data>
<Data name="passages"><value>[&quot;7.17.13&quot;]</value></Data>
</ExtendedData>
        <Point><coordinates>21.551425,38.144625</coordinates></Point>
      </Placemark>

      <Placemark>
        <name>Altar in grove of Dioskouroi near Pharae</name>
        <ExtendedData>
<Data name="name"><value>Altar in grove of Dioskouroi near Pharae</value></Data>
<Data name="region"><value>Achaia Bk7</value></Data>
<Data name="part of"><value>Grove of the Dioskouroi, 15 stades from Pharae</value></Data>
<Data name="location"><value>Grove of the Dioskouroi, 15 stades from Pharae</value></Data>
<Data name="type"><value>[&quot;altar&quot;]</value></Data>
<Data name="passages"><value>[&quot;7.22.5&quot;]</value></Data>
</ExtendedData>
        <Point><coordinates>21.73,38.082</coordinates></Point>
      </Placemark>

      <Placemark>
        <name>Pelion (mountain)</name>
        <ExtendedData>
<Data name="name"><value>Pelion (mountain)</value></Data>
<Data name="region"><value>Hellas (Europe)</value></Data>
<Data name="part of"><value>Magnesia region (Magnesia)</value></Data>
<Data name="Wikidata"><value>https://wikidata.org/wiki/Q1334825</value></Data>
<Data name="type"><value>[&quot;mountain oros&quot;]</value></Data>
<Data name="passages"><value>[&quot;10.19.2&quot;,&quot;7.7.6&quot;]</value></Data>
<Data name="Pleiades"><value>https://pleiades.stoa.org/places/541021</value></Data>
</ExtendedData>
        <Point><coordinates>23.0465058,39.43722</coordinates></Point>
      </Placemark>

      <Placemark>
        <name>Chaironea (Boeotia)</name>
        <ExtendedData>
<Data name="name"><value>Chaironea (Boeotia)</value></Data>
<Data name="region"><value>Boiotia Bk9</value></Data>
<Data name="part of"><value>Boiotia Bk9</value></Data>
<Data name="Wikidata"><value>https://wikidata.org/wiki/Q13574678</value></Data>
<Data name="type"><value>[&quot;battlefield&quot;]</value></Data>
<Data name="passages"><value>[&quot;1.18.8&quot;,&quot;1.20.6&quot;,&quot;1.25.3&quot;,&quot;1.27.5&quot;,&quot;1.29.13&quot;,&quot;1.41.8&quot;,&quot;10.3.3&quot;,&quot;10.3.4&quot;,&quot;10.35.8&quot;,&quot;10.4.1&quot;,&quot;4.28.2&quot;,&quot;5.20.10&quot;,&quot;5.4.9&quot;,&quot;6.4.7&quot;,&quot;7.15.6&quot;,&quot;7.15.9&quot;,&quot;7.6.5&quot;,&quot;8.27.10&quot;,&quot;8.6.2&quot;,&quot;9.1.8&quot;,&quot;9.29.8&quot;,&quot;9.40.5&quot;,&quot;9.40.6&quot;,&quot;9.41.7&quot;,&quot;9.6.5&quot;]</value></Data>
<Data name="Pleiades"><value>https://pleiades.stoa.org/places/540701</value></Data>
<Data name="ToposText"><value>https://topostext.org/place/385228PCha</value></Data>
</ExtendedData>
        <Point><coordinates>22.8416,38.4944</coordinates></Point>
      </Placemark>

      <Placemark>
        <name>Chaironea (Boeotia)</name>
        <ExtendedData>
<Data name="name"><value>Chaironea (Boeotia)</value></Data>
<Data name="region"><value>Boiotia Bk9</value></Data>
<Data name="part of"><value>Boiotia Bk9</value></Data>
<Data name="Wikidata"><value>https://wikidata.org/wiki/Q13574678</value></Data>
<Data name="type"><value>[&quot;battlefield&quot;]</value></Data>
<Data name="passages"><value>[&quot;1.18.8&quot;,&quot;1.20.6&quot;,&quot;1.25.3&quot;,&quot;1.27.5&quot;,&quot;1.29.13&quot;,&quot;1.41.8&quot;,&quot;10.3.3&quot;,&quot;10.3.4&quot;,&quot;10.35.8&quot;,&quot;10.4.1&quot;,&quot;4.28.2&quot;,&quot;5.20.10&quot;,&quot;5.4.9&quot;,&quot;6.4.7&quot;,&quot;7.15.6&quot;,&quot;7.15.9&quot;,&quot;7.6.5&quot;,&quot;8.27.10&quot;,&quot;8.6.2&quot;,&quot;9.1.8&quot;,&quot;9.29.8&quot;,&quot;9.40.5&quot;,&quot;9.40.6&quot;,&quot;9.41.7&quot;,&quot;9.6.5&quot;]</value></Data>
<Data name="Pleiades"><value>https://pleiades.stoa.org/places/540701</value></Data>
<Data name="ToposText"><value>https://topostext.org/place/385228PCha</value></Data>
</ExtendedData>
        <Point><coordinates>22.8416,38.4944</coordinates></Point>
      </Placemark>

      <Placemark>
        <name>Chaironea (Boeotia)</name>
        <ExtendedData>
<Data name="name"><value>Chaironea (Boeotia)</value></Data>
<Data name="region"><value>Boiotia Bk9</value></Data>
<Data name="part of"><value>Boiotia Bk9</value></Data>
<Data name="Wikidata"><value>https://wikidata.org/wiki/Q13574678</value></Data>
<Data name="type"><value>[&quot;battlefield&quot;]</value></Data>
<Data name="passages"><value>[&quot;1.18.8&quot;,&quot;1.20.6&quot;,&quot;1.25.3&quot;,&quot;1.27.5&quot;,&quot;1.29.13&quot;,&quot;1.41.8&quot;,&quot;10.3.3&quot;,&quot;10.3.4&quot;,&quot;10.35.8&quot;,&quot;10.4.1&quot;,&quot;4.28.2&quot;,&quot;5.20.10&quot;,&quot;5.4.9&quot;,&quot;6.4.7&quot;,&quot;7.15.6&quot;,&quot;7.15.9&quot;,&quot;7.6.5&quot;,&quot;8.27.10&quot;,&quot;8.6.2&quot;,&quot;9.1.8&quot;,&quot;9.29.8&quot;,&quot;9.40.5&quot;,&quot;9.40.6&quot;,&quot;9.41.7&quot;,&quot;9.6.5&quot;]</value></Data>
<Data name="Pleiades"><value>https://pleiades.stoa.org/places/540701</value></Data>
<Data name="ToposText"><value>https://topostext.org/place/385228PCha</value></Data>
</ExtendedData>
        <Point><coordinates>22.8416,38.4944</coordinates></Point>
      </Placemark>

      <Placemark>
        <name>Olenos</name>
        <ExtendedData>
<Data name="name"><value>Olenos</value></Data>
<Data name="region"><value>Achaia Bk7</value></Data>
<Data name="part of"><value>Achaia Bk7</value></Data>
<Data name="Wikidata"><value>https://wikidata.org/wiki/Q11939304</value></Data>
<Data name="type"><value>[&quot;settlement&quot;]</value></Data>
<Data name="passages"><value>[&quot;5.3.3&quot;,&quot;7.18.1&quot;,&quot;7.19.9&quot;,&quot;7.22.1&quot;,&quot;7.6.1&quot;]</value></Data>
<Data name="Pleiades"><value>https://pleiades.stoa.org/places/570528</value></Data>
</ExtendedData>
        <Point><coordinates>21.640599,38.153707</coordinates></Point>
      </Placemark>

      <Placemark>
        <name>Olenos</name>
        <ExtendedData>
<Data name="name"><value>Olenos</value></Data>
<Data name="region"><value>Achaia Bk7</value></Data>
<Data name="part of"><value>Achaia Bk7</value></Data>
<Data name="Wikidata"><value>https://wikidata.org/wiki/Q11939304</value></Data>
<Data name="type"><value>[&quot;settlement&quot;]</value></Data>
<Data name="passages"><value>[&quot;5.3.3&quot;,&quot;7.18.1&quot;,&quot;7.19.9&quot;,&quot;7.22.1&quot;,&quot;7.6.1&quot;]</value></Data>
<Data name="Pleiades"><value>https://pleiades.stoa.org/places/570528</value></Data>
</ExtendedData>
        <Point><coordinates>21.640599,38.153707</coordinates></Point>
      </Placemark>

      <Placemark>
        <name>Olenos</name>
        <ExtendedData>
<Data name="name"><value>Olenos</value></Data>
<Data name="region"><value>Achaia Bk7</value></Data>
<Data name="part of"><value>Achaia Bk7</value></Data>
<Data name="Wikidata"><value>https://wikidata.org/wiki/Q11939304</value></Data>
<Data name="type"><value>[&quot;settlement&quot;]</value></Data>
<Data name="passages"><value>[&quot;5.3.3&quot;,&quot;7.18.1&quot;,&quot;7.19.9&quot;,&quot;7.22.1&quot;,&quot;7.6.1&quot;]</value></Data>
<Data name="Pleiades"><value>https://pleiades.stoa.org/places/570528</value></Data>
</ExtendedData>
        <Point><coordinates>21.640599,38.153707</coordinates></Point>
      </Placemark>

      <Placemark>
        <name>Olenos</name>
        <ExtendedData>
<Data name="name"><value>Olenos</value></Data>
<Data name="region"><value>Achaia Bk7</value></Data>
<Data name="part of"><value>Achaia Bk7</value></Data>
<Data name="Wikidata"><value>https://wikidata.org/wiki/Q11939304</value></Data>
<Data name="type"><value>[&quot;settlement&quot;]</value></Data>
<Data name="passages"><value>[&quot;5.3.3&quot;,&quot;7.18.1&quot;,&quot;7.19.9&quot;,&quot;7.22.1&quot;,&quot;7.6.1&quot;]</value></Data>
<Data name="Pleiades"><value>https://pleiades.stoa.org/places/570528</value></Data>
</ExtendedData>
        <Point><coordinates>21.640599,38.153707</coordinates></Point>
      </Placemark>

      <Placemark>
        <name>Makria Pr.</name>
        <ExtendedData>
<Data name="name"><value>Makria Pr.</value></Data>
<Data name="region"><value>Asia Minor (Asia)</value></Data>
<Data name="part of"><value>Teos</value></Data>
<Data name="type"><value>[&quot;cape&quot;]</value></Data>
<Data name="passages"><value>[&quot;7.5.11&quot;]</value></Data>
<Data name="Pleiades"><value>https://pleiades.stoa.org/places/599780</value></Data>
</ExtendedData>
        <Point><coordinates>26.87094,38.03588</coordinates></Point>
      </Placemark>

      <Placemark>
        <name>Temenos of Zeus Savior in agora of Aigion</name>
        <ExtendedData>
<Data name="name"><value>Temenos of Zeus Savior in agora of Aigion</value></Data>
<Data name="region"><value>Achaia Bk7</value></Data>
<Data name="part of"><value>Agora of Aigion</value></Data>
<Data name="location"><value>Agora of Aigion</value></Data>
<Data name="type"><value>[&quot;temenos&quot;]</value></Data>
<Data name="passages"><value>[&quot;7.23.9&quot;]</value></Data>
</ExtendedData>
        <Point><coordinates>22.09,38.252</coordinates></Point>
      </Placemark>

      <Placemark>
        <name>temple at sanctuary of Demeter in grove at Patrae</name>
        <ExtendedData>
<Data name="name"><value>temple at sanctuary of Demeter in grove at Patrae</value></Data>
<Data name="region"><value>Achaia Bk7</value></Data>
<Data name="part of"><value>Patrae</value></Data>
<Data name="location"><value>Patrae</value></Data>
<Data name="type"><value>[&quot;temple&quot;]</value></Data>
<Data name="passages"><value>[&quot;7.21.12&quot;]</value></Data>
</ExtendedData>
        <Point><coordinates>21.738518,38.243265</coordinates></Point>
      </Placemark>

      <Placemark>
        <name>Athenian Acropolis (Athens)</name>
        <ExtendedData>
<Data name="name"><value>Athenian Acropolis (Athens)</value></Data>
<Data name="region"><value>Athenai Bk1</value></Data>
<Data name="part of"><value>Athenai Bk1</value></Data>
<Data name="altname"><value>Acropolis of Athens</value></Data>
<Data name="Wikidata"><value>https://wikidata.org/wiki/Q131013</value></Data>
<Data name="type"><value>[&quot;acropolis&quot;,&quot;fortification&quot;,&quot;hieron&quot;]</value></Data>
<Data name="passages"><value>[&quot;1.18.2&quot;,&quot;1.21.3&quot;,&quot;1.21.4&quot;,&quot;1.22.1&quot;,&quot;1.22.4&quot;,&quot;1.22.8&quot;,&quot;1.23.7&quot;,&quot;1.24.1&quot;,&quot;1.24.3&quot;,&quot;1.25.1&quot;,&quot;1.25.7&quot;,&quot;1.25.8&quot;,&quot;1.26.3&quot;,&quot;1.26.6&quot;,&quot;1.27.10&quot;,&quot;1.27.3&quot;,&quot;1.27.8&quot;,&quot;1.28.3&quot;,&quot;1.30.1&quot;,&quot;1.5.4&quot;,&quot;4.36.6&quot;,&quot;5.11.10&quot;,&quot;5.21.1&quot;,&quot;6.8.6&quot;,&quot;7.25.3&quot;,&quot;7.27.2&quot;,&quot;8.10.4&quot;,&quot;8.23.5&quot;,&quot;9.35.3&quot;,&quot;9.35.7&quot;,&quot;9.4.1&quot;]</value></Data>
<Data name="Pleiades"><value>https://pleiades.stoa.org/places/638356144</value></Data>
<Data name="ToposText"><value>https://topostext.org/place/380237SAkr</value></Data>
</ExtendedData>
        <Point><coordinates>23.7257,37.9717</coordinates></Point>
      </Placemark>

      <Placemark>
        <name>Athenian Acropolis (Athens)</name>
        <ExtendedData>
<Data name="name"><value>Athenian Acropolis (Athens)</value></Data>
<Data name="region"><value>Athenai Bk1</value></Data>
<Data name="part of"><value>Athenai Bk1</value></Data>
<Data name="altname"><value>Acropolis of Athens</value></Data>
<Data name="Wikidata"><value>https://wikidata.org/wiki/Q131013</value></Data>
<Data name="type"><value>[&quot;acropolis&quot;,&quot;fortification&quot;,&quot;hieron&quot;]</value></Data>
<Data name="passages"><value>[&quot;1.18.2&quot;,&quot;1.21.3&quot;,&quot;1.21.4&quot;,&quot;1.22.1&quot;,&quot;1.22.4&quot;,&quot;1.22.8&quot;,&quot;1.23.7&quot;,&quot;1.24.1&quot;,&quot;1.24.3&quot;,&quot;1.25.1&quot;,&quot;1.25.7&quot;,&quot;1.25.8&quot;,&quot;1.26.3&quot;,&quot;1.26.6&quot;,&quot;1.27.10&quot;,&quot;1.27.3&quot;,&quot;1.27.8&quot;,&quot;1.28.3&quot;,&quot;1.30.1&quot;,&quot;1.5.4&quot;,&quot;4.36.6&quot;,&quot;5.11.10&quot;,&quot;5.21.1&quot;,&quot;6.8.6&quot;,&quot;7.25.3&quot;,&quot;7.27.2&quot;,&quot;8.10.4&quot;,&quot;8.23.5&quot;,&quot;9.35.3&quot;,&quot;9.35.7&quot;,&quot;9.4.1&quot;]</value></Data>
<Data name="Pleiades"><value>https://pleiades.stoa.org/places/638356144</value></Data>
<Data name="ToposText"><value>https://topostext.org/place/380237SAkr</value></Data>
</ExtendedData>
        <Point><coordinates>23.7257,37.9717</coordinates></Point>
      </Placemark>

      <Placemark>
        <name>Ida (mountain)</name>
        <ExtendedData>
<Data name="name"><value>Ida (mountain)</value></Data>
<Data name="region"><value>Asia Minor (Asia)</value></Data>
<Data name="part of"><value>Troas</value></Data>
<Data name="Wikidata"><value>https://wikidata.org/wiki/Q1127771</value></Data>
<Data name="type"><value>[&quot;mountain oros&quot;]</value></Data>
<Data name="passages"><value>[&quot;10.12.3&quot;,&quot;10.12.4&quot;,&quot;3.13.5&quot;,&quot;6.4.9&quot;,&quot;7.3.8&quot;]</value></Data>
<Data name="Pleiades"><value>https://pleiades.stoa.org/places/550592</value></Data>
</ExtendedData>
        <Point><coordinates>26.858519999999995,39.69936</coordinates></Point>
      </Placemark>

      <Placemark>
        <name>Samos polis</name>
        <ExtendedData>
<Data name="name"><value>Samos polis</value></Data>
<Data name="region"><value>Aegean Sea (Hellas)</value></Data>
<Data name="part of"><value>Samos (island)</value></Data>
<Data name="Wikidata"><value>https://wikidata.org/wiki/Q13580795</value></Data>
<Data name="type"><value>[&quot;polis&quot;]</value></Data>
<Data name="passages"><value>[&quot;1.2.3&quot;,&quot;7.4.4&quot;]</value></Data>
<Data name="Pleiades"><value>https://pleiades.stoa.org/places/599925</value></Data>
<Data name="ToposText"><value>https://topostext.org/place/377269PSam</value></Data>
</ExtendedData>
        <Point><coordinates>26.935000000000002,37.695</coordinates></Point>
      </Placemark>

      <Placemark>
        <name>Sanctuary of Kore daughter of Demeter at Aigion</name>
        <ExtendedData>
<Data name="name"><value>Sanctuary of Kore daughter of Demeter at Aigion</value></Data>
<Data name="region"><value>Achaia Bk7</value></Data>
<Data name="part of"><value>seashore of Aigion</value></Data>
<Data name="location"><value>seashore of Aigion</value></Data>
<Data name="Wikidata"><value>https://wikidata.org/wiki/Q134036962</value></Data>
<Data name="type"><value>[&quot;hieron&quot;]</value></Data>
<Data name="passages"><value>[&quot;7.24.2&quot;]</value></Data>
</ExtendedData>
        <Point><coordinates>22.09,38.252</coordinates></Point>
      </Placemark>

      <Placemark>
        <name>Agora of Patrae</name>
        <ExtendedData>
<Data name="name"><value>Agora of Patrae</value></Data>
<Data name="region"><value>Achaia Bk7</value></Data>
<Data name="part of"><value>Patrae</value></Data>
<Data name="Wikidata"><value>https://wikidata.org/wiki/Q123844750</value></Data>
<Data name="type"><value>[&quot;agora&quot;]</value></Data>
<Data name="passages"><value>[&quot;7.20.3&quot;,&quot;7.20.5&quot;,&quot;7.20.7&quot;,&quot;7.21.6&quot;]</value></Data>
</ExtendedData>
        <Point><coordinates>21.7404,38.2434</coordinates></Point>
      </Placemark>

      <Placemark>
        <name>Agora of Patrae</name>
        <ExtendedData>
<Data name="name"><value>Agora of Patrae</value></Data>
<Data name="region"><value>Achaia Bk7</value></Data>
<Data name="part of"><value>Patrae</value></Data>
<Data name="Wikidata"><value>https://wikidata.org/wiki/Q123844750</value></Data>
<Data name="type"><value>[&quot;agora&quot;]</value></Data>
<Data name="passages"><value>[&quot;7.20.3&quot;,&quot;7.20.5&quot;,&quot;7.20.7&quot;,&quot;7.21.6&quot;]</value></Data>
</ExtendedData>
        <Point><coordinates>21.7404,38.2434</coordinates></Point>
      </Placemark>

      <Placemark>
        <name>Agora of Patrae</name>
        <ExtendedData>
<Data name="name"><value>Agora of Patrae</value></Data>
<Data name="region"><value>Achaia Bk7</value></Data>
<Data name="part of"><value>Patrae</value></Data>
<Data name="Wikidata"><value>https://wikidata.org/wiki/Q123844750</value></Data>
<Data name="type"><value>[&quot;agora&quot;]</value></Data>
<Data name="passages"><value>[&quot;7.20.3&quot;,&quot;7.20.5&quot;,&quot;7.20.7&quot;,&quot;7.21.6&quot;]</value></Data>
</ExtendedData>
        <Point><coordinates>21.7404,38.2434</coordinates></Point>
      </Placemark>

      <Placemark>
        <name>Agora of Patrae</name>
        <ExtendedData>
<Data name="name"><value>Agora of Patrae</value></Data>
<Data name="region"><value>Achaia Bk7</value></Data>
<Data name="part of"><value>Patrae</value></Data>
<Data name="Wikidata"><value>https://wikidata.org/wiki/Q123844750</value></Data>
<Data name="type"><value>[&quot;agora&quot;]</value></Data>
<Data name="passages"><value>[&quot;7.20.3&quot;,&quot;7.20.5&quot;,&quot;7.20.7&quot;,&quot;7.21.6&quot;]</value></Data>
</ExtendedData>
        <Point><coordinates>21.7404,38.2434</coordinates></Point>
      </Placemark>

      <Placemark>
        <name>Lydia/Maionia</name>
        <ExtendedData>
<Data name="name"><value>Lydia/Maionia</value></Data>
<Data name="region"><value>Asia (continent)</value></Data>
<Data name="part of"><value>Asia Minor (Asia)</value></Data>
<Data name="Wikidata"><value>https://wikidata.org/wiki/Q620765</value></Data>
<Data name="type"><value>[&quot;chora/region&quot;]</value></Data>
<Data name="passages"><value>[&quot;1.35.7&quot;,&quot;3.9.5&quot;,&quot;7.2.8&quot;]</value></Data>
<Data name="Pleiades"><value>https://pleiades.stoa.org/places/550701</value></Data>
</ExtendedData>
        <Point><coordinates>27.9632845,38.62477125</coordinates></Point>
      </Placemark>

      <Placemark>
        <name>Egypt (region)</name>
        <ExtendedData>
<Data name="name"><value>Egypt (region)</value></Data>
<Data name="region"><value>Libya (Africa)</value></Data>
<Data name="part of"><value>Roman empire</value></Data>
<Data name="Wikidata"><value>https://wikidata.org/wiki/Q11768</value></Data>
<Data name="type"><value>[&quot;major region&quot;]</value></Data>
<Data name="passages"><value>[&quot;1.11.5&quot;,&quot;1.36.6&quot;,&quot;1.39.6&quot;,&quot;1.42.3&quot;,&quot;1.44.3&quot;,&quot;1.6.1&quot;,&quot;1.6.3&quot;,&quot;1.6.5&quot;,&quot;1.6.6&quot;,&quot;1.6.7&quot;,&quot;1.6.8&quot;,&quot;1.7.1&quot;,&quot;1.7.2&quot;,&quot;1.7.3&quot;,&quot;1.9.1&quot;,&quot;1.9.3&quot;,&quot;1.9.4&quot;,&quot;10.32.18&quot;,&quot;10.7.8&quot;,&quot;2.16.1&quot;,&quot;2.9.3&quot;,&quot;3.10.2&quot;,&quot;3.6.9&quot;,&quot;5.21.15&quot;,&quot;5.7.4&quot;,&quot;6.26.9&quot;,&quot;6.3.1&quot;,&quot;7.5.5&quot;,&quot;8.33.3&quot;]</value></Data>
<Data name="Pleiades"><value>https://pleiades.stoa.org/places/981503</value></Data>
</ExtendedData>
        <Point><coordinates>30.7,27.1</coordinates></Point>
      </Placemark>

      <Placemark>
        <name>Kyaneai</name>
        <ExtendedData>
<Data name="name"><value>Kyaneai</value></Data>
<Data name="region"><value>Asia Minor (Asia)</value></Data>
<Data name="part of"><value>Lycia region</value></Data>
<Data name="Wikidata"><value>https://wikidata.org/wiki/Q1762663</value></Data>
<Data name="type"><value>[&quot;settlement&quot;]</value></Data>
<Data name="passages"><value>[&quot;7.21.13&quot;]</value></Data>
<Data name="Pleiades"><value>https://pleiades.stoa.org/places/638948</value></Data>
</ExtendedData>
        <Point><coordinates>29.818226,36.247475</coordinates></Point>
      </Placemark>

      <Placemark>
        <name>Aroe</name>
        <ExtendedData>
<Data name="name"><value>Aroe</value></Data>
<Data name="region"><value>Achaia Bk7</value></Data>
<Data name="part of"><value>Patrae</value></Data>
<Data name="location"><value>Patrae</value></Data>
<Data name="Wikidata"><value>https://wikidata.org/wiki/Q12874112</value></Data>
<Data name="type"><value>[&quot;demos&quot;]</value></Data>
<Data name="passages"><value>[&quot;7.18.2&quot;]</value></Data>
</ExtendedData>
        <Point><coordinates>21.738518,38.243265</coordinates></Point>
      </Placemark>

      <Placemark>
        <name>Eretria (Thessaly)</name>
        <ExtendedData>
<Data name="name"><value>Eretria (Thessaly)</value></Data>
<Data name="region"><value>Hellas (Europe)</value></Data>
<Data name="part of"><value>Thessalia</value></Data>
<Data name="Wikidata"><value>https://wikidata.org/wiki/Q42114739</value></Data>
<Data name="type"><value>[&quot;chora/region&quot;]</value></Data>
<Data name="passages"><value>[&quot;7.10.2&quot;]</value></Data>
<Data name="Pleiades"><value>https://pleiades.stoa.org/places/540767</value></Data>
</ExtendedData>
        <Point><coordinates>22.607216,39.290562</coordinates></Point>
      </Placemark>

      <Placemark>
        <name>Aigeira (Achaia)</name>
        <ExtendedData>
<Data name="name"><value>Aigeira (Achaia)</value></Data>
<Data name="region"><value>Achaia Bk7</value></Data>
<Data name="part of"><value>Achaia Bk7</value></Data>
<Data name="Wikidata"><value>https://wikidata.org/wiki/Q18363976</value></Data>
<Data name="type"><value>[&quot;polis&quot;]</value></Data>
<Data name="passages"><value>[&quot;7.26.1&quot;,&quot;7.26.10&quot;,&quot;7.26.11&quot;,&quot;7.26.12&quot;,&quot;7.26.13&quot;,&quot;7.26.14&quot;,&quot;7.26.4&quot;,&quot;7.26.6&quot;,&quot;7.26.8&quot;,&quot;7.26.9&quot;,&quot;7.27.11&quot;,&quot;7.6.1&quot;,&quot;8.15.5&quot;,&quot;8.15.8&quot;]</value></Data>
<Data name="Pleiades"><value>https://pleiades.stoa.org/places/570043</value></Data>
<Data name="ToposText"><value>https://topostext.org/place/381224PAig</value></Data>
</ExtendedData>
        <Point><coordinates>22.3777,38.1286</coordinates></Point>
      </Placemark>

      <Placemark>
        <name>Aigeira (Achaia)</name>
        <ExtendedData>
<Data name="name"><value>Aigeira (Achaia)</value></Data>
<Data name="region"><value>Achaia Bk7</value></Data>
<Data name="part of"><value>Achaia Bk7</value></Data>
<Data name="Wikidata"><value>https://wikidata.org/wiki/Q18363976</value></Data>
<Data name="type"><value>[&quot;polis&quot;]</value></Data>
<Data name="passages"><value>[&quot;7.26.1&quot;,&quot;7.26.10&quot;,&quot;7.26.11&quot;,&quot;7.26.12&quot;,&quot;7.26.13&quot;,&quot;7.26.14&quot;,&quot;7.26.4&quot;,&quot;7.26.6&quot;,&quot;7.26.8&quot;,&quot;7.26.9&quot;,&quot;7.27.11&quot;,&quot;7.6.1&quot;,&quot;8.15.5&quot;,&quot;8.15.8&quot;]</value></Data>
<Data name="Pleiades"><value>https://pleiades.stoa.org/places/570043</value></Data>
<Data name="ToposText"><value>https://topostext.org/place/381224PAig</value></Data>
</ExtendedData>
        <Point><coordinates>22.3777,38.1286</coordinates></Point>
      </Placemark>

      <Placemark>
        <name>Aigeira (Achaia)</name>
        <ExtendedData>
<Data name="name"><value>Aigeira (Achaia)</value></Data>
<Data name="region"><value>Achaia Bk7</value></Data>
<Data name="part of"><value>Achaia Bk7</value></Data>
<Data name="Wikidata"><value>https://wikidata.org/wiki/Q18363976</value></Data>
<Data name="type"><value>[&quot;polis&quot;]</value></Data>
<Data name="passages"><value>[&quot;7.26.1&quot;,&quot;7.26.10&quot;,&quot;7.26.11&quot;,&quot;7.26.12&quot;,&quot;7.26.13&quot;,&quot;7.26.14&quot;,&quot;7.26.4&quot;,&quot;7.26.6&quot;,&quot;7.26.8&quot;,&quot;7.26.9&quot;,&quot;7.27.11&quot;,&quot;7.6.1&quot;,&quot;8.15.5&quot;,&quot;8.15.8&quot;]</value></Data>
<Data name="Pleiades"><value>https://pleiades.stoa.org/places/570043</value></Data>
<Data name="ToposText"><value>https://topostext.org/place/381224PAig</value></Data>
</ExtendedData>
        <Point><coordinates>22.3777,38.1286</coordinates></Point>
      </Placemark>

      <Placemark>
        <name>Aigeira (Achaia)</name>
        <ExtendedData>
<Data name="name"><value>Aigeira (Achaia)</value></Data>
<Data name="region"><value>Achaia Bk7</value></Data>
<Data name="part of"><value>Achaia Bk7</value></Data>
<Data name="Wikidata"><value>https://wikidata.org/wiki/Q18363976</value></Data>
<Data name="type"><value>[&quot;polis&quot;]</value></Data>
<Data name="passages"><value>[&quot;7.26.1&quot;,&quot;7.26.10&quot;,&quot;7.26.11&quot;,&quot;7.26.12&quot;,&quot;7.26.13&quot;,&quot;7.26.14&quot;,&quot;7.26.4&quot;,&quot;7.26.6&quot;,&quot;7.26.8&quot;,&quot;7.26.9&quot;,&quot;7.27.11&quot;,&quot;7.6.1&quot;,&quot;8.15.5&quot;,&quot;8.15.8&quot;]</value></Data>
<Data name="Pleiades"><value>https://pleiades.stoa.org/places/570043</value></Data>
<Data name="ToposText"><value>https://topostext.org/place/381224PAig</value></Data>
</ExtendedData>
        <Point><coordinates>22.3777,38.1286</coordinates></Point>
      </Placemark>

      <Placemark>
        <name>Aigeira (Achaia)</name>
        <ExtendedData>
<Data name="name"><value>Aigeira (Achaia)</value></Data>
<Data name="region"><value>Achaia Bk7</value></Data>
<Data name="part of"><value>Achaia Bk7</value></Data>
<Data name="Wikidata"><value>https://wikidata.org/wiki/Q18363976</value></Data>
<Data name="type"><value>[&quot;polis&quot;]</value></Data>
<Data name="passages"><value>[&quot;7.26.1&quot;,&quot;7.26.10&quot;,&quot;7.26.11&quot;,&quot;7.26.12&quot;,&quot;7.26.13&quot;,&quot;7.26.14&quot;,&quot;7.26.4&quot;,&quot;7.26.6&quot;,&quot;7.26.8&quot;,&quot;7.26.9&quot;,&quot;7.27.11&quot;,&quot;7.6.1&quot;,&quot;8.15.5&quot;,&quot;8.15.8&quot;]</value></Data>
<Data name="Pleiades"><value>https://pleiades.stoa.org/places/570043</value></Data>
<Data name="ToposText"><value>https://topostext.org/place/381224PAig</value></Data>
</ExtendedData>
        <Point><coordinates>22.3777,38.1286</coordinates></Point>
      </Placemark>

      <Placemark>
        <name>Aigeira (Achaia)</name>
        <ExtendedData>
<Data name="name"><value>Aigeira (Achaia)</value></Data>
<Data name="region"><value>Achaia Bk7</value></Data>
<Data name="part of"><value>Achaia Bk7</value></Data>
<Data name="Wikidata"><value>https://wikidata.org/wiki/Q18363976</value></Data>
<Data name="type"><value>[&quot;polis&quot;]</value></Data>
<Data name="passages"><value>[&quot;7.26.1&quot;,&quot;7.26.10&quot;,&quot;7.26.11&quot;,&quot;7.26.12&quot;,&quot;7.26.13&quot;,&quot;7.26.14&quot;,&quot;7.26.4&quot;,&quot;7.26.6&quot;,&quot;7.26.8&quot;,&quot;7.26.9&quot;,&quot;7.27.11&quot;,&quot;7.6.1&quot;,&quot;8.15.5&quot;,&quot;8.15.8&quot;]</value></Data>
<Data name="Pleiades"><value>https://pleiades.stoa.org/places/570043</value></Data>
<Data name="ToposText"><value>https://topostext.org/place/381224PAig</value></Data>
</ExtendedData>
        <Point><coordinates>22.3777,38.1286</coordinates></Point>
      </Placemark>

      <Placemark>
        <name>Aigeira (Achaia)</name>
        <ExtendedData>
<Data name="name"><value>Aigeira (Achaia)</value></Data>
<Data name="region"><value>Achaia Bk7</value></Data>
<Data name="part of"><value>Achaia Bk7</value></Data>
<Data name="Wikidata"><value>https://wikidata.org/wiki/Q18363976</value></Data>
<Data name="type"><value>[&quot;polis&quot;]</value></Data>
<Data name="passages"><value>[&quot;7.26.1&quot;,&quot;7.26.10&quot;,&quot;7.26.11&quot;,&quot;7.26.12&quot;,&quot;7.26.13&quot;,&quot;7.26.14&quot;,&quot;7.26.4&quot;,&quot;7.26.6&quot;,&quot;7.26.8&quot;,&quot;7.26.9&quot;,&quot;7.27.11&quot;,&quot;7.6.1&quot;,&quot;8.15.5&quot;,&quot;8.15.8&quot;]</value></Data>
<Data name="Pleiades"><value>https://pleiades.stoa.org/places/570043</value></Data>
<Data name="ToposText"><value>https://topostext.org/place/381224PAig</value></Data>
</ExtendedData>
        <Point><coordinates>22.3777,38.1286</coordinates></Point>
      </Placemark>

      <Placemark>
        <name>Aigeira (Achaia)</name>
        <ExtendedData>
<Data name="name"><value>Aigeira (Achaia)</value></Data>
<Data name="region"><value>Achaia Bk7</value></Data>
<Data name="part of"><value>Achaia Bk7</value></Data>
<Data name="Wikidata"><value>https://wikidata.org/wiki/Q18363976</value></Data>
<Data name="type"><value>[&quot;polis&quot;]</value></Data>
<Data name="passages"><value>[&quot;7.26.1&quot;,&quot;7.26.10&quot;,&quot;7.26.11&quot;,&quot;7.26.12&quot;,&quot;7.26.13&quot;,&quot;7.26.14&quot;,&quot;7.26.4&quot;,&quot;7.26.6&quot;,&quot;7.26.8&quot;,&quot;7.26.9&quot;,&quot;7.27.11&quot;,&quot;7.6.1&quot;,&quot;8.15.5&quot;,&quot;8.15.8&quot;]</value></Data>
<Data name="Pleiades"><value>https://pleiades.stoa.org/places/570043</value></Data>
<Data name="ToposText"><value>https://topostext.org/place/381224PAig</value></Data>
</ExtendedData>
        <Point><coordinates>22.3777,38.1286</coordinates></Point>
      </Placemark>

      <Placemark>
        <name>Aigeira (Achaia)</name>
        <ExtendedData>
<Data name="name"><value>Aigeira (Achaia)</value></Data>
<Data name="region"><value>Achaia Bk7</value></Data>
<Data name="part of"><value>Achaia Bk7</value></Data>
<Data name="Wikidata"><value>https://wikidata.org/wiki/Q18363976</value></Data>
<Data name="type"><value>[&quot;polis&quot;]</value></Data>
<Data name="passages"><value>[&quot;7.26.1&quot;,&quot;7.26.10&quot;,&quot;7.26.11&quot;,&quot;7.26.12&quot;,&quot;7.26.13&quot;,&quot;7.26.14&quot;,&quot;7.26.4&quot;,&quot;7.26.6&quot;,&quot;7.26.8&quot;,&quot;7.26.9&quot;,&quot;7.27.11&quot;,&quot;7.6.1&quot;,&quot;8.15.5&quot;,&quot;8.15.8&quot;]</value></Data>
<Data name="Pleiades"><value>https://pleiades.stoa.org/places/570043</value></Data>
<Data name="ToposText"><value>https://topostext.org/place/381224PAig</value></Data>
</ExtendedData>
        <Point><coordinates>22.3777,38.1286</coordinates></Point>
      </Placemark>

      <Placemark>
        <name>Aigeira (Achaia)</name>
        <ExtendedData>
<Data name="name"><value>Aigeira (Achaia)</value></Data>
<Data name="region"><value>Achaia Bk7</value></Data>
<Data name="part of"><value>Achaia Bk7</value></Data>
<Data name="Wikidata"><value>https://wikidata.org/wiki/Q18363976</value></Data>
<Data name="type"><value>[&quot;polis&quot;]</value></Data>
<Data name="passages"><value>[&quot;7.26.1&quot;,&quot;7.26.10&quot;,&quot;7.26.11&quot;,&quot;7.26.12&quot;,&quot;7.26.13&quot;,&quot;7.26.14&quot;,&quot;7.26.4&quot;,&quot;7.26.6&quot;,&quot;7.26.8&quot;,&quot;7.26.9&quot;,&quot;7.27.11&quot;,&quot;7.6.1&quot;,&quot;8.15.5&quot;,&quot;8.15.8&quot;]</value></Data>
<Data name="Pleiades"><value>https://pleiades.stoa.org/places/570043</value></Data>
<Data name="ToposText"><value>https://topostext.org/place/381224PAig</value></Data>
</ExtendedData>
        <Point><coordinates>22.3777,38.1286</coordinates></Point>
      </Placemark>

      <Placemark>
        <name>Aigeira (Achaia)</name>
        <ExtendedData>
<Data name="name"><value>Aigeira (Achaia)</value></Data>
<Data name="region"><value>Achaia Bk7</value></Data>
<Data name="part of"><value>Achaia Bk7</value></Data>
<Data name="Wikidata"><value>https://wikidata.org/wiki/Q18363976</value></Data>
<Data name="type"><value>[&quot;polis&quot;]</value></Data>
<Data name="passages"><value>[&quot;7.26.1&quot;,&quot;7.26.10&quot;,&quot;7.26.11&quot;,&quot;7.26.12&quot;,&quot;7.26.13&quot;,&quot;7.26.14&quot;,&quot;7.26.4&quot;,&quot;7.26.6&quot;,&quot;7.26.8&quot;,&quot;7.26.9&quot;,&quot;7.27.11&quot;,&quot;7.6.1&quot;,&quot;8.15.5&quot;,&quot;8.15.8&quot;]</value></Data>
<Data name="Pleiades"><value>https://pleiades.stoa.org/places/570043</value></Data>
<Data name="ToposText"><value>https://topostext.org/place/381224PAig</value></Data>
</ExtendedData>
        <Point><coordinates>22.3777,38.1286</coordinates></Point>
      </Placemark>

      <Placemark>
        <name>Aigeira (Achaia)</name>
        <ExtendedData>
<Data name="name"><value>Aigeira (Achaia)</value></Data>
<Data name="region"><value>Achaia Bk7</value></Data>
<Data name="part of"><value>Achaia Bk7</value></Data>
<Data name="Wikidata"><value>https://wikidata.org/wiki/Q18363976</value></Data>
<Data name="type"><value>[&quot;polis&quot;]</value></Data>
<Data name="passages"><value>[&quot;7.26.1&quot;,&quot;7.26.10&quot;,&quot;7.26.11&quot;,&quot;7.26.12&quot;,&quot;7.26.13&quot;,&quot;7.26.14&quot;,&quot;7.26.4&quot;,&quot;7.26.6&quot;,&quot;7.26.8&quot;,&quot;7.26.9&quot;,&quot;7.27.11&quot;,&quot;7.6.1&quot;,&quot;8.15.5&quot;,&quot;8.15.8&quot;]</value></Data>
<Data name="Pleiades"><value>https://pleiades.stoa.org/places/570043</value></Data>
<Data name="ToposText"><value>https://topostext.org/place/381224PAig</value></Data>
</ExtendedData>
        <Point><coordinates>22.3777,38.1286</coordinates></Point>
      </Placemark>

      <Placemark>
        <name>Aigina polity</name>
        <ExtendedData>
<Data name="name"><value>Aigina polity</value></Data>
<Data name="region"><value>Aigina island Bk2</value></Data>
<Data name="part of"><value>Aigina island Bk2</value></Data>
<Data name="altname"><value>Aegina polis</value></Data>
<Data name="Wikidata"><value>https://wikidata.org/wiki/Q191082</value></Data>
<Data name="type"><value>[&quot;polis&quot;]</value></Data>
<Data name="passages"><value>[&quot;1.44.9&quot;,&quot;2.29.6&quot;,&quot;6.9.3&quot;,&quot;7.5.5&quot;]</value></Data>
<Data name="Pleiades"><value>https://pleiades.stoa.org/places/579853</value></Data>
<Data name="ToposText"><value>https://topostext.org/place/378234PAig</value></Data>
</ExtendedData>
        <Point><coordinates>23.42372,37.74991</coordinates></Point>
      </Placemark>

      <Placemark>
        <name>Krios (river)</name>
        <ExtendedData>
<Data name="name"><value>Krios (river)</value></Data>
<Data name="region"><value>Achaia Bk7</value></Data>
<Data name="part of"><value>Achaia Bk7</value></Data>
<Data name="Wikidata"><value>https://wikidata.org/wiki/Q5465042</value></Data>
<Data name="type"><value>[&quot;river&quot;]</value></Data>
<Data name="passages"><value>[&quot;7.27.11&quot;]</value></Data>
<Data name="Pleiades"><value>https://pleiades.stoa.org/places/570384</value></Data>
</ExtendedData>
        <Point><coordinates>22.567,38.099</coordinates></Point>
      </Placemark>

      <Placemark>
        <name>Apis oracle in Egypt</name>
        <ExtendedData>
<Data name="name"><value>Apis oracle in Egypt</value></Data>
<Data name="region"><value>Libya (Africa)</value></Data>
<Data name="part of"><value>Memphis</value></Data>
<Data name="location"><value>Memphis</value></Data>
<Data name="altname"><value>sanctuary with fortunetelling from chance spoken words</value></Data>
<Data name="Wikidata"><value>https://wikidata.org/wiki/Q133994165</value></Data>
<Data name="type"><value>[&quot;hieron&quot;]</value></Data>
<Data name="passages"><value>[&quot;7.22.4&quot;]</value></Data>
</ExtendedData>
        <Point><coordinates>31.254278000000003,29.849667</coordinates></Point>
      </Placemark>

      <Placemark>
        <name>Patrae theater</name>
        <ExtendedData>
<Data name="name"><value>Patrae theater</value></Data>
<Data name="region"><value>Achaia Bk7</value></Data>
<Data name="part of"><value>Patrae</value></Data>
<Data name="location"><value>Patrae</value></Data>
<Data name="altname"><value>unlocated [not same as Odeon]</value></Data>
<Data name="type"><value>[&quot;theater&quot;]</value></Data>
<Data name="passages"><value>[&quot;7.20.9&quot;,&quot;7.21.6&quot;]</value></Data>
</ExtendedData>
        <Point><coordinates>21.738518,38.243265</coordinates></Point>
      </Placemark>

      <Placemark>
        <name>Patrae theater</name>
        <ExtendedData>
<Data name="name"><value>Patrae theater</value></Data>
<Data name="region"><value>Achaia Bk7</value></Data>
<Data name="part of"><value>Patrae</value></Data>
<Data name="location"><value>Patrae</value></Data>
<Data name="altname"><value>unlocated [not same as Odeon]</value></Data>
<Data name="type"><value>[&quot;theater&quot;]</value></Data>
<Data name="passages"><value>[&quot;7.20.9&quot;,&quot;7.21.6&quot;]</value></Data>
</ExtendedData>
        <Point><coordinates>21.738518,38.243265</coordinates></Point>
      </Placemark>

      <Placemark>
        <name>Mysia (Bithynia)</name>
        <ExtendedData>
<Data name="name"><value>Mysia (Bithynia)</value></Data>
<Data name="region"><value>Asia Minor (Asia)</value></Data>
<Data name="part of"><value>Asia Minor (Asia)</value></Data>
<Data name="Wikidata"><value>https://wikidata.org/wiki/Q622319</value></Data>
<Data name="type"><value>[&quot;chora/region&quot;]</value></Data>
<Data name="passages"><value>[&quot;7.8.9&quot;]</value></Data>
<Data name="Pleiades"><value>https://pleiades.stoa.org/places/511328</value></Data>
</ExtendedData>
        <Point><coordinates>27.750000000000004,40.25</coordinates></Point>
      </Placemark>

      <Placemark>
        <name>Thebes (Boeotia)</name>
        <ExtendedData>
<Data name="name"><value>Thebes (Boeotia)</value></Data>
<Data name="region"><value>Boiotia Bk9</value></Data>
<Data name="part of"><value>Boiotia Bk9</value></Data>
<Data name="Wikidata"><value>https://wikidata.org/wiki/Q11225429</value></Data>
<Data name="type"><value>[&quot;polis&quot;]</value></Data>
<Data name="passages"><value>[&quot;1.25.4&quot;,&quot;1.28.7&quot;,&quot;1.29.3&quot;,&quot;1.3.4&quot;,&quot;1.34.1&quot;,&quot;1.34.2&quot;,&quot;1.34.4&quot;,&quot;1.37.6&quot;,&quot;1.39.2&quot;,&quot;1.40.2&quot;,&quot;1.41.1&quot;,&quot;1.43.1&quot;,&quot;1.44.4&quot;,&quot;1.44.5&quot;,&quot;10.10.3&quot;,&quot;10.17.4&quot;,&quot;10.20.1&quot;,&quot;10.29.7&quot;,&quot;10.35.5&quot;,&quot;10.7.6&quot;,&quot;2.19.8&quot;,&quot;2.20.5&quot;,&quot;2.36.8&quot;,&quot;2.6.1&quot;,&quot;2.6.2&quot;,&quot;2.6.3&quot;,&quot;2.6.4&quot;,&quot;2.7.6&quot;,&quot;3.5.3&quot;,&quot;3.5.4&quot;,&quot;3.9.11&quot;,&quot;3.9.3&quot;,&quot;3.9.8&quot;,&quot;4.17.5&quot;,&quot;4.27.10&quot;,&quot;4.32.5&quot;,&quot;4.7.8&quot;,&quot;4.8.8&quot;,&quot;5.3.1&quot;,&quot;7.10.2&quot;,&quot;7.14.6&quot;,&quot;7.15.9&quot;,&quot;7.17.2&quot;,&quot;7.3.1&quot;,&quot;7.6.9&quot;,&quot;8.11.6&quot;,&quot;8.14.2&quot;,&quot;8.15.6&quot;,&quot;8.24.10&quot;,&quot;8.25.4&quot;,&quot;8.25.8&quot;,&quot;8.33.2&quot;,&quot;9.1.6&quot;,&quot;9.1.8&quot;,&quot;9.10.1&quot;,&quot;9.10.4&quot;,&quot;9.11.6&quot;,&quot;9.12.2&quot;,&quot;9.13.1&quot;,&quot;9.14.7&quot;,&quot;9.17.4&quot;,&quot;9.17.5&quot;,&quot;9.18.1&quot;,&quot;9.18.2&quot;,&quot;9.18.3&quot;,&quot;9.18.5&quot;,&quot;9.19.2&quot;,&quot;9.19.3&quot;,&quot;9.19.4&quot;,&quot;9.22.3&quot;,&quot;9.23.4&quot;,&quot;9.23.5&quot;,&quot;9.25.10&quot;,&quot;9.25.7&quot;,&quot;9.25.9&quot;,&quot;9.29.9&quot;,&quot;9.3.6&quot;,&quot;9.32.5&quot;,&quot;9.33.1&quot;,&quot;9.37.2&quot;,&quot;9.4.4&quot;,&quot;9.40.3&quot;,&quot;9.5.1&quot;,&quot;9.5.12&quot;,&quot;9.5.13&quot;,&quot;9.5.14&quot;,&quot;9.5.2&quot;,&quot;9.5.6&quot;,&quot;9.5.7&quot;,&quot;9.6.2&quot;,&quot;9.6.3&quot;,&quot;9.6.5&quot;,&quot;9.7.1&quot;,&quot;9.7.2&quot;,&quot;9.7.6&quot;,&quot;9.8.1&quot;,&quot;9.8.3&quot;,&quot;9.8.7&quot;,&quot;9.9.4&quot;]</value></Data>
<Data name="Pleiades"><value>https://pleiades.stoa.org/places/541138</value></Data>
<Data name="ToposText"><value>https://topostext.org/place/383233PThe</value></Data>
</ExtendedData>
        <Point><coordinates>23.3178,38.3191</coordinates></Point>
      </Placemark>

      <Placemark>
        <name>Thebes (Boeotia)</name>
        <ExtendedData>
<Data name="name"><value>Thebes (Boeotia)</value></Data>
<Data name="region"><value>Boiotia Bk9</value></Data>
<Data name="part of"><value>Boiotia Bk9</value></Data>
<Data name="Wikidata"><value>https://wikidata.org/wiki/Q11225429</value></Data>
<Data name="type"><value>[&quot;polis&quot;]</value></Data>
<Data name="passages"><value>[&quot;1.25.4&quot;,&quot;1.28.7&quot;,&quot;1.29.3&quot;,&quot;1.3.4&quot;,&quot;1.34.1&quot;,&quot;1.34.2&quot;,&quot;1.34.4&quot;,&quot;1.37.6&quot;,&quot;1.39.2&quot;,&quot;1.40.2&quot;,&quot;1.41.1&quot;,&quot;1.43.1&quot;,&quot;1.44.4&quot;,&quot;1.44.5&quot;,&quot;10.10.3&quot;,&quot;10.17.4&quot;,&quot;10.20.1&quot;,&quot;10.29.7&quot;,&quot;10.35.5&quot;,&quot;10.7.6&quot;,&quot;2.19.8&quot;,&quot;2.20.5&quot;,&quot;2.36.8&quot;,&quot;2.6.1&quot;,&quot;2.6.2&quot;,&quot;2.6.3&quot;,&quot;2.6.4&quot;,&quot;2.7.6&quot;,&quot;3.5.3&quot;,&quot;3.5.4&quot;,&quot;3.9.11&quot;,&quot;3.9.3&quot;,&quot;3.9.8&quot;,&quot;4.17.5&quot;,&quot;4.27.10&quot;,&quot;4.32.5&quot;,&quot;4.7.8&quot;,&quot;4.8.8&quot;,&quot;5.3.1&quot;,&quot;7.10.2&quot;,&quot;7.14.6&quot;,&quot;7.15.9&quot;,&quot;7.17.2&quot;,&quot;7.3.1&quot;,&quot;7.6.9&quot;,&quot;8.11.6&quot;,&quot;8.14.2&quot;,&quot;8.15.6&quot;,&quot;8.24.10&quot;,&quot;8.25.4&quot;,&quot;8.25.8&quot;,&quot;8.33.2&quot;,&quot;9.1.6&quot;,&quot;9.1.8&quot;,&quot;9.10.1&quot;,&quot;9.10.4&quot;,&quot;9.11.6&quot;,&quot;9.12.2&quot;,&quot;9.13.1&quot;,&quot;9.14.7&quot;,&quot;9.17.4&quot;,&quot;9.17.5&quot;,&quot;9.18.1&quot;,&quot;9.18.2&quot;,&quot;9.18.3&quot;,&quot;9.18.5&quot;,&quot;9.19.2&quot;,&quot;9.19.3&quot;,&quot;9.19.4&quot;,&quot;9.22.3&quot;,&quot;9.23.4&quot;,&quot;9.23.5&quot;,&quot;9.25.10&quot;,&quot;9.25.7&quot;,&quot;9.25.9&quot;,&quot;9.29.9&quot;,&quot;9.3.6&quot;,&quot;9.32.5&quot;,&quot;9.33.1&quot;,&quot;9.37.2&quot;,&quot;9.4.4&quot;,&quot;9.40.3&quot;,&quot;9.5.1&quot;,&quot;9.5.12&quot;,&quot;9.5.13&quot;,&quot;9.5.14&quot;,&quot;9.5.2&quot;,&quot;9.5.6&quot;,&quot;9.5.7&quot;,&quot;9.6.2&quot;,&quot;9.6.3&quot;,&quot;9.6.5&quot;,&quot;9.7.1&quot;,&quot;9.7.2&quot;,&quot;9.7.6&quot;,&quot;9.8.1&quot;,&quot;9.8.3&quot;,&quot;9.8.7&quot;,&quot;9.9.4&quot;]</value></Data>
<Data name="Pleiades"><value>https://pleiades.stoa.org/places/541138</value></Data>
<Data name="ToposText"><value>https://topostext.org/place/383233PThe</value></Data>
</ExtendedData>
        <Point><coordinates>23.3178,38.3191</coordinates></Point>
      </Placemark>

      <Placemark>
        <name>Thebes (Boeotia)</name>
        <ExtendedData>
<Data name="name"><value>Thebes (Boeotia)</value></Data>
<Data name="region"><value>Boiotia Bk9</value></Data>
<Data name="part of"><value>Boiotia Bk9</value></Data>
<Data name="Wikidata"><value>https://wikidata.org/wiki/Q11225429</value></Data>
<Data name="type"><value>[&quot;polis&quot;]</value></Data>
<Data name="passages"><value>[&quot;1.25.4&quot;,&quot;1.28.7&quot;,&quot;1.29.3&quot;,&quot;1.3.4&quot;,&quot;1.34.1&quot;,&quot;1.34.2&quot;,&quot;1.34.4&quot;,&quot;1.37.6&quot;,&quot;1.39.2&quot;,&quot;1.40.2&quot;,&quot;1.41.1&quot;,&quot;1.43.1&quot;,&quot;1.44.4&quot;,&quot;1.44.5&quot;,&quot;10.10.3&quot;,&quot;10.17.4&quot;,&quot;10.20.1&quot;,&quot;10.29.7&quot;,&quot;10.35.5&quot;,&quot;10.7.6&quot;,&quot;2.19.8&quot;,&quot;2.20.5&quot;,&quot;2.36.8&quot;,&quot;2.6.1&quot;,&quot;2.6.2&quot;,&quot;2.6.3&quot;,&quot;2.6.4&quot;,&quot;2.7.6&quot;,&quot;3.5.3&quot;,&quot;3.5.4&quot;,&quot;3.9.11&quot;,&quot;3.9.3&quot;,&quot;3.9.8&quot;,&quot;4.17.5&quot;,&quot;4.27.10&quot;,&quot;4.32.5&quot;,&quot;4.7.8&quot;,&quot;4.8.8&quot;,&quot;5.3.1&quot;,&quot;7.10.2&quot;,&quot;7.14.6&quot;,&quot;7.15.9&quot;,&quot;7.17.2&quot;,&quot;7.3.1&quot;,&quot;7.6.9&quot;,&quot;8.11.6&quot;,&quot;8.14.2&quot;,&quot;8.15.6&quot;,&quot;8.24.10&quot;,&quot;8.25.4&quot;,&quot;8.25.8&quot;,&quot;8.33.2&quot;,&quot;9.1.6&quot;,&quot;9.1.8&quot;,&quot;9.10.1&quot;,&quot;9.10.4&quot;,&quot;9.11.6&quot;,&quot;9.12.2&quot;,&quot;9.13.1&quot;,&quot;9.14.7&quot;,&quot;9.17.4&quot;,&quot;9.17.5&quot;,&quot;9.18.1&quot;,&quot;9.18.2&quot;,&quot;9.18.3&quot;,&quot;9.18.5&quot;,&quot;9.19.2&quot;,&quot;9.19.3&quot;,&quot;9.19.4&quot;,&quot;9.22.3&quot;,&quot;9.23.4&quot;,&quot;9.23.5&quot;,&quot;9.25.10&quot;,&quot;9.25.7&quot;,&quot;9.25.9&quot;,&quot;9.29.9&quot;,&quot;9.3.6&quot;,&quot;9.32.5&quot;,&quot;9.33.1&quot;,&quot;9.37.2&quot;,&quot;9.4.4&quot;,&quot;9.40.3&quot;,&quot;9.5.1&quot;,&quot;9.5.12&quot;,&quot;9.5.13&quot;,&quot;9.5.14&quot;,&quot;9.5.2&quot;,&quot;9.5.6&quot;,&quot;9.5.7&quot;,&quot;9.6.2&quot;,&quot;9.6.3&quot;,&quot;9.6.5&quot;,&quot;9.7.1&quot;,&quot;9.7.2&quot;,&quot;9.7.6&quot;,&quot;9.8.1&quot;,&quot;9.8.3&quot;,&quot;9.8.7&quot;,&quot;9.9.4&quot;]</value></Data>
<Data name="Pleiades"><value>https://pleiades.stoa.org/places/541138</value></Data>
<Data name="ToposText"><value>https://topostext.org/place/383233PThe</value></Data>
</ExtendedData>
        <Point><coordinates>23.3178,38.3191</coordinates></Point>
      </Placemark>

      <Placemark>
        <name>Thebes (Boeotia)</name>
        <ExtendedData>
<Data name="name"><value>Thebes (Boeotia)</value></Data>
<Data name="region"><value>Boiotia Bk9</value></Data>
<Data name="part of"><value>Boiotia Bk9</value></Data>
<Data name="Wikidata"><value>https://wikidata.org/wiki/Q11225429</value></Data>
<Data name="type"><value>[&quot;polis&quot;]</value></Data>
<Data name="passages"><value>[&quot;1.25.4&quot;,&quot;1.28.7&quot;,&quot;1.29.3&quot;,&quot;1.3.4&quot;,&quot;1.34.1&quot;,&quot;1.34.2&quot;,&quot;1.34.4&quot;,&quot;1.37.6&quot;,&quot;1.39.2&quot;,&quot;1.40.2&quot;,&quot;1.41.1&quot;,&quot;1.43.1&quot;,&quot;1.44.4&quot;,&quot;1.44.5&quot;,&quot;10.10.3&quot;,&quot;10.17.4&quot;,&quot;10.20.1&quot;,&quot;10.29.7&quot;,&quot;10.35.5&quot;,&quot;10.7.6&quot;,&quot;2.19.8&quot;,&quot;2.20.5&quot;,&quot;2.36.8&quot;,&quot;2.6.1&quot;,&quot;2.6.2&quot;,&quot;2.6.3&quot;,&quot;2.6.4&quot;,&quot;2.7.6&quot;,&quot;3.5.3&quot;,&quot;3.5.4&quot;,&quot;3.9.11&quot;,&quot;3.9.3&quot;,&quot;3.9.8&quot;,&quot;4.17.5&quot;,&quot;4.27.10&quot;,&quot;4.32.5&quot;,&quot;4.7.8&quot;,&quot;4.8.8&quot;,&quot;5.3.1&quot;,&quot;7.10.2&quot;,&quot;7.14.6&quot;,&quot;7.15.9&quot;,&quot;7.17.2&quot;,&quot;7.3.1&quot;,&quot;7.6.9&quot;,&quot;8.11.6&quot;,&quot;8.14.2&quot;,&quot;8.15.6&quot;,&quot;8.24.10&quot;,&quot;8.25.4&quot;,&quot;8.25.8&quot;,&quot;8.33.2&quot;,&quot;9.1.6&quot;,&quot;9.1.8&quot;,&quot;9.10.1&quot;,&quot;9.10.4&quot;,&quot;9.11.6&quot;,&quot;9.12.2&quot;,&quot;9.13.1&quot;,&quot;9.14.7&quot;,&quot;9.17.4&quot;,&quot;9.17.5&quot;,&quot;9.18.1&quot;,&quot;9.18.2&quot;,&quot;9.18.3&quot;,&quot;9.18.5&quot;,&quot;9.19.2&quot;,&quot;9.19.3&quot;,&quot;9.19.4&quot;,&quot;9.22.3&quot;,&quot;9.23.4&quot;,&quot;9.23.5&quot;,&quot;9.25.10&quot;,&quot;9.25.7&quot;,&quot;9.25.9&quot;,&quot;9.29.9&quot;,&quot;9.3.6&quot;,&quot;9.32.5&quot;,&quot;9.33.1&quot;,&quot;9.37.2&quot;,&quot;9.4.4&quot;,&quot;9.40.3&quot;,&quot;9.5.1&quot;,&quot;9.5.12&quot;,&quot;9.5.13&quot;,&quot;9.5.14&quot;,&quot;9.5.2&quot;,&quot;9.5.6&quot;,&quot;9.5.7&quot;,&quot;9.6.2&quot;,&quot;9.6.3&quot;,&quot;9.6.5&quot;,&quot;9.7.1&quot;,&quot;9.7.2&quot;,&quot;9.7.6&quot;,&quot;9.8.1&quot;,&quot;9.8.3&quot;,&quot;9.8.7&quot;,&quot;9.9.4&quot;]</value></Data>
<Data name="Pleiades"><value>https://pleiades.stoa.org/places/541138</value></Data>
<Data name="ToposText"><value>https://topostext.org/place/383233PThe</value></Data>
</ExtendedData>
        <Point><coordinates>23.3178,38.3191</coordinates></Point>
      </Placemark>

      <Placemark>
        <name>Thebes (Boeotia)</name>
        <ExtendedData>
<Data name="name"><value>Thebes (Boeotia)</value></Data>
<Data name="region"><value>Boiotia Bk9</value></Data>
<Data name="part of"><value>Boiotia Bk9</value></Data>
<Data name="Wikidata"><value>https://wikidata.org/wiki/Q11225429</value></Data>
<Data name="type"><value>[&quot;polis&quot;]</value></Data>
<Data name="passages"><value>[&quot;1.25.4&quot;,&quot;1.28.7&quot;,&quot;1.29.3&quot;,&quot;1.3.4&quot;,&quot;1.34.1&quot;,&quot;1.34.2&quot;,&quot;1.34.4&quot;,&quot;1.37.6&quot;,&quot;1.39.2&quot;,&quot;1.40.2&quot;,&quot;1.41.1&quot;,&quot;1.43.1&quot;,&quot;1.44.4&quot;,&quot;1.44.5&quot;,&quot;10.10.3&quot;,&quot;10.17.4&quot;,&quot;10.20.1&quot;,&quot;10.29.7&quot;,&quot;10.35.5&quot;,&quot;10.7.6&quot;,&quot;2.19.8&quot;,&quot;2.20.5&quot;,&quot;2.36.8&quot;,&quot;2.6.1&quot;,&quot;2.6.2&quot;,&quot;2.6.3&quot;,&quot;2.6.4&quot;,&quot;2.7.6&quot;,&quot;3.5.3&quot;,&quot;3.5.4&quot;,&quot;3.9.11&quot;,&quot;3.9.3&quot;,&quot;3.9.8&quot;,&quot;4.17.5&quot;,&quot;4.27.10&quot;,&quot;4.32.5&quot;,&quot;4.7.8&quot;,&quot;4.8.8&quot;,&quot;5.3.1&quot;,&quot;7.10.2&quot;,&quot;7.14.6&quot;,&quot;7.15.9&quot;,&quot;7.17.2&quot;,&quot;7.3.1&quot;,&quot;7.6.9&quot;,&quot;8.11.6&quot;,&quot;8.14.2&quot;,&quot;8.15.6&quot;,&quot;8.24.10&quot;,&quot;8.25.4&quot;,&quot;8.25.8&quot;,&quot;8.33.2&quot;,&quot;9.1.6&quot;,&quot;9.1.8&quot;,&quot;9.10.1&quot;,&quot;9.10.4&quot;,&quot;9.11.6&quot;,&quot;9.12.2&quot;,&quot;9.13.1&quot;,&quot;9.14.7&quot;,&quot;9.17.4&quot;,&quot;9.17.5&quot;,&quot;9.18.1&quot;,&quot;9.18.2&quot;,&quot;9.18.3&quot;,&quot;9.18.5&quot;,&quot;9.19.2&quot;,&quot;9.19.3&quot;,&quot;9.19.4&quot;,&quot;9.22.3&quot;,&quot;9.23.4&quot;,&quot;9.23.5&quot;,&quot;9.25.10&quot;,&quot;9.25.7&quot;,&quot;9.25.9&quot;,&quot;9.29.9&quot;,&quot;9.3.6&quot;,&quot;9.32.5&quot;,&quot;9.33.1&quot;,&quot;9.37.2&quot;,&quot;9.4.4&quot;,&quot;9.40.3&quot;,&quot;9.5.1&quot;,&quot;9.5.12&quot;,&quot;9.5.13&quot;,&quot;9.5.14&quot;,&quot;9.5.2&quot;,&quot;9.5.6&quot;,&quot;9.5.7&quot;,&quot;9.6.2&quot;,&quot;9.6.3&quot;,&quot;9.6.5&quot;,&quot;9.7.1&quot;,&quot;9.7.2&quot;,&quot;9.7.6&quot;,&quot;9.8.1&quot;,&quot;9.8.3&quot;,&quot;9.8.7&quot;,&quot;9.9.4&quot;]</value></Data>
<Data name="Pleiades"><value>https://pleiades.stoa.org/places/541138</value></Data>
<Data name="ToposText"><value>https://topostext.org/place/383233PThe</value></Data>
</ExtendedData>
        <Point><coordinates>23.3178,38.3191</coordinates></Point>
      </Placemark>

      <Placemark>
        <name>Thebes (Boeotia)</name>
        <ExtendedData>
<Data name="name"><value>Thebes (Boeotia)</value></Data>
<Data name="region"><value>Boiotia Bk9</value></Data>
<Data name="part of"><value>Boiotia Bk9</value></Data>
<Data name="Wikidata"><value>https://wikidata.org/wiki/Q11225429</value></Data>
<Data name="type"><value>[&quot;polis&quot;]</value></Data>
<Data name="passages"><value>[&quot;1.25.4&quot;,&quot;1.28.7&quot;,&quot;1.29.3&quot;,&quot;1.3.4&quot;,&quot;1.34.1&quot;,&quot;1.34.2&quot;,&quot;1.34.4&quot;,&quot;1.37.6&quot;,&quot;1.39.2&quot;,&quot;1.40.2&quot;,&quot;1.41.1&quot;,&quot;1.43.1&quot;,&quot;1.44.4&quot;,&quot;1.44.5&quot;,&quot;10.10.3&quot;,&quot;10.17.4&quot;,&quot;10.20.1&quot;,&quot;10.29.7&quot;,&quot;10.35.5&quot;,&quot;10.7.6&quot;,&quot;2.19.8&quot;,&quot;2.20.5&quot;,&quot;2.36.8&quot;,&quot;2.6.1&quot;,&quot;2.6.2&quot;,&quot;2.6.3&quot;,&quot;2.6.4&quot;,&quot;2.7.6&quot;,&quot;3.5.3&quot;,&quot;3.5.4&quot;,&quot;3.9.11&quot;,&quot;3.9.3&quot;,&quot;3.9.8&quot;,&quot;4.17.5&quot;,&quot;4.27.10&quot;,&quot;4.32.5&quot;,&quot;4.7.8&quot;,&quot;4.8.8&quot;,&quot;5.3.1&quot;,&quot;7.10.2&quot;,&quot;7.14.6&quot;,&quot;7.15.9&quot;,&quot;7.17.2&quot;,&quot;7.3.1&quot;,&quot;7.6.9&quot;,&quot;8.11.6&quot;,&quot;8.14.2&quot;,&quot;8.15.6&quot;,&quot;8.24.10&quot;,&quot;8.25.4&quot;,&quot;8.25.8&quot;,&quot;8.33.2&quot;,&quot;9.1.6&quot;,&quot;9.1.8&quot;,&quot;9.10.1&quot;,&quot;9.10.4&quot;,&quot;9.11.6&quot;,&quot;9.12.2&quot;,&quot;9.13.1&quot;,&quot;9.14.7&quot;,&quot;9.17.4&quot;,&quot;9.17.5&quot;,&quot;9.18.1&quot;,&quot;9.18.2&quot;,&quot;9.18.3&quot;,&quot;9.18.5&quot;,&quot;9.19.2&quot;,&quot;9.19.3&quot;,&quot;9.19.4&quot;,&quot;9.22.3&quot;,&quot;9.23.4&quot;,&quot;9.23.5&quot;,&quot;9.25.10&quot;,&quot;9.25.7&quot;,&quot;9.25.9&quot;,&quot;9.29.9&quot;,&quot;9.3.6&quot;,&quot;9.32.5&quot;,&quot;9.33.1&quot;,&quot;9.37.2&quot;,&quot;9.4.4&quot;,&quot;9.40.3&quot;,&quot;9.5.1&quot;,&quot;9.5.12&quot;,&quot;9.5.13&quot;,&quot;9.5.14&quot;,&quot;9.5.2&quot;,&quot;9.5.6&quot;,&quot;9.5.7&quot;,&quot;9.6.2&quot;,&quot;9.6.3&quot;,&quot;9.6.5&quot;,&quot;9.7.1&quot;,&quot;9.7.2&quot;,&quot;9.7.6&quot;,&quot;9.8.1&quot;,&quot;9.8.3&quot;,&quot;9.8.7&quot;,&quot;9.9.4&quot;]</value></Data>
<Data name="Pleiades"><value>https://pleiades.stoa.org/places/541138</value></Data>
<Data name="ToposText"><value>https://topostext.org/place/383233PThe</value></Data>
</ExtendedData>
        <Point><coordinates>23.3178,38.3191</coordinates></Point>
      </Placemark>

      <Placemark>
        <name>Amphissa of Ozolian Locris</name>
        <ExtendedData>
<Data name="name"><value>Amphissa of Ozolian Locris</value></Data>
<Data name="region"><value>Ozolian Lokris Bk10</value></Data>
<Data name="part of"><value>Ozolian Lokris Bk10</value></Data>
<Data name="altname"><value>most famous Locrian city</value></Data>
<Data name="Wikidata"><value>https://wikidata.org/wiki/Q38281545</value></Data>
<Data name="type"><value>[&quot;polis&quot;]</value></Data>
<Data name="passages"><value>[&quot;10.22.13&quot;,&quot;10.38.4&quot;,&quot;10.38.7&quot;,&quot;10.38.8&quot;,&quot;10.38.9&quot;,&quot;3.9.9&quot;,&quot;7.14.7&quot;]</value></Data>
<Data name="Pleiades"><value>https://pleiades.stoa.org/places/540630</value></Data>
<Data name="ToposText"><value>https://topostext.org/place/385224PAmp</value></Data>
</ExtendedData>
        <Point><coordinates>22.374,38.53</coordinates></Point>
      </Placemark>

      <Placemark>
        <name>Rhypai</name>
        <ExtendedData>
<Data name="name"><value>Rhypai</value></Data>
<Data name="region"><value>Achaia Bk7</value></Data>
<Data name="part of"><value>Achaia Bk7</value></Data>
<Data name="altname"><value>Rypes: ruined city of Achaia</value></Data>
<Data name="Wikidata"><value>https://wikidata.org/wiki/Q2148349</value></Data>
<Data name="type"><value>[&quot;polis&quot;]</value></Data>
<Data name="passages"><value>[&quot;7.18.7&quot;,&quot;7.23.4&quot;,&quot;7.6.1&quot;]</value></Data>
<Data name="Pleiades"><value>https://pleiades.stoa.org/places/570647</value></Data>
</ExtendedData>
        <Point><coordinates>22.01894,38.21393</coordinates></Point>
      </Placemark>

      <Placemark>
        <name>Rhypai</name>
        <ExtendedData>
<Data name="name"><value>Rhypai</value></Data>
<Data name="region"><value>Achaia Bk7</value></Data>
<Data name="part of"><value>Achaia Bk7</value></Data>
<Data name="altname"><value>Rypes: ruined city of Achaia</value></Data>
<Data name="Wikidata"><value>https://wikidata.org/wiki/Q2148349</value></Data>
<Data name="type"><value>[&quot;polis&quot;]</value></Data>
<Data name="passages"><value>[&quot;7.18.7&quot;,&quot;7.23.4&quot;,&quot;7.6.1&quot;]</value></Data>
<Data name="Pleiades"><value>https://pleiades.stoa.org/places/570647</value></Data>
</ExtendedData>
        <Point><coordinates>22.01894,38.21393</coordinates></Point>
      </Placemark>

      <Placemark>
        <name>Rhypai</name>
        <ExtendedData>
<Data name="name"><value>Rhypai</value></Data>
<Data name="region"><value>Achaia Bk7</value></Data>
<Data name="part of"><value>Achaia Bk7</value></Data>
<Data name="altname"><value>Rypes: ruined city of Achaia</value></Data>
<Data name="Wikidata"><value>https://wikidata.org/wiki/Q2148349</value></Data>
<Data name="type"><value>[&quot;polis&quot;]</value></Data>
<Data name="passages"><value>[&quot;7.18.7&quot;,&quot;7.23.4&quot;,&quot;7.6.1&quot;]</value></Data>
<Data name="Pleiades"><value>https://pleiades.stoa.org/places/570647</value></Data>
</ExtendedData>
        <Point><coordinates>22.01894,38.21393</coordinates></Point>
      </Placemark>

      <Placemark>
        <name>Selinous (river)</name>
        <ExtendedData>
<Data name="name"><value>Selinous (river)</value></Data>
<Data name="region"><value>Achaia Bk7</value></Data>
<Data name="part of"><value>Achaia Bk7</value></Data>
<Data name="Wikidata"><value>https://wikidata.org/wiki/Q7448488</value></Data>
<Data name="type"><value>[&quot;river&quot;]</value></Data>
<Data name="passages"><value>[&quot;5.6.6&quot;,&quot;7.24.5&quot;]</value></Data>
<Data name="Pleiades"><value>https://pleiades.stoa.org/places/570661</value></Data>
</ExtendedData>
        <Point><coordinates>22.091,38.227</coordinates></Point>
      </Placemark>

      <Placemark>
        <name>Sanctuary of Zeus Homagyrios at Aigion</name>
        <ExtendedData>
<Data name="name"><value>Sanctuary of Zeus Homagyrios at Aigion</value></Data>
<Data name="region"><value>Achaia Bk7</value></Data>
<Data name="part of"><value>seashore of Aigion</value></Data>
<Data name="location"><value>seashore of Aigion</value></Data>
<Data name="Wikidata"><value>https://wikidata.org/wiki/Q36027376</value></Data>
<Data name="type"><value>[&quot;hieron&quot;]</value></Data>
<Data name="passages"><value>[&quot;7.24.2&quot;,&quot;7.24.3&quot;]</value></Data>
<Data name="Manto"><value>https://resource.manto.unh.edu/10274588</value></Data>
</ExtendedData>
        <Point><coordinates>22.09,38.252</coordinates></Point>
      </Placemark>

      <Placemark>
        <name>Sanctuary of Zeus Homagyrios at Aigion</name>
        <ExtendedData>
<Data name="name"><value>Sanctuary of Zeus Homagyrios at Aigion</value></Data>
<Data name="region"><value>Achaia Bk7</value></Data>
<Data name="part of"><value>seashore of Aigion</value></Data>
<Data name="location"><value>seashore of Aigion</value></Data>
<Data name="Wikidata"><value>https://wikidata.org/wiki/Q36027376</value></Data>
<Data name="type"><value>[&quot;hieron&quot;]</value></Data>
<Data name="passages"><value>[&quot;7.24.2&quot;,&quot;7.24.3&quot;]</value></Data>
<Data name="Manto"><value>https://resource.manto.unh.edu/10274588</value></Data>
</ExtendedData>
        <Point><coordinates>22.09,38.252</coordinates></Point>
      </Placemark>

      <Placemark>
        <name>Temple of Athena at Triteia</name>
        <ExtendedData>
<Data name="name"><value>Temple of Athena at Triteia</value></Data>
<Data name="region"><value>Achaia Bk7</value></Data>
<Data name="part of"><value>Tritaia (Achaia)</value></Data>
<Data name="location"><value>Tritaia (Achaia)</value></Data>
<Data name="type"><value>[&quot;temple&quot;]</value></Data>
<Data name="passages"><value>[&quot;7.22.9&quot;]</value></Data>
</ExtendedData>
        <Point><coordinates>21.687,37.959</coordinates></Point>
      </Placemark>

      <Placemark>
        <name>Maeander (river)</name>
        <ExtendedData>
<Data name="name"><value>Maeander (river)</value></Data>
<Data name="region"><value>Asia Minor (Asia)</value></Data>
<Data name="part of"><value>Ionia (region)</value></Data>
<Data name="Wikidata"><value>https://wikidata.org/wiki/Q211089</value></Data>
<Data name="type"><value>[&quot;river&quot;]</value></Data>
<Data name="passages"><value>[&quot;1.29.7&quot;,&quot;10.32.13&quot;,&quot;2.5.3&quot;,&quot;2.7.9&quot;,&quot;4.34.1&quot;,&quot;4.34.2&quot;,&quot;5.14.3&quot;,&quot;7.2.11&quot;,&quot;8.24.11&quot;,&quot;8.41.3&quot;,&quot;8.7.3&quot;]</value></Data>
<Data name="Pleiades"><value>https://pleiades.stoa.org/places/599777</value></Data>
</ExtendedData>
        <Point><coordinates>27.4713446,37.6220196</coordinates></Point>
      </Placemark>

      <Placemark>
        <name>Euryteiai</name>
        <ExtendedData>
<Data name="name"><value>Euryteiai</value></Data>
<Data name="region"><value>Achaia Bk7</value></Data>
<Data name="part of"><value>Achaia Bk7</value></Data>
<Data name="location"><value>Achaia Bk7</value></Data>
<Data name="Wikidata"><value>https://wikidata.org/wiki/Q60791430</value></Data>
<Data name="type"><value>[&quot;settlement&quot;]</value></Data>
<Data name="passages"><value>[&quot;7.18.1&quot;]</value></Data>
<Data name="Pleiades"><value>https://pleiades.stoa.org/places/573225</value></Data>
</ExtendedData>
        <Point><coordinates>21.9,38.2</coordinates></Point>
      </Placemark>

      <Placemark>
        <name>Port of the Aigeiratai</name>
        <ExtendedData>
<Data name="name"><value>Port of the Aigeiratai</value></Data>
<Data name="region"><value>Achaia Bk7</value></Data>
<Data name="part of"><value>Achaia Bk7</value></Data>
<Data name="type"><value>[&quot;port epineion&quot;]</value></Data>
<Data name="passages"><value>[&quot;7.26.1&quot;]</value></Data>
</ExtendedData>
        <Point><coordinates>22.356,38.148</coordinates></Point>
      </Placemark>

      <Placemark>
        <name>Sanctuary beside the Olympieion at Ephesos</name>
        <ExtendedData>
<Data name="name"><value>Sanctuary beside the Olympieion at Ephesos</value></Data>
<Data name="region"><value>Asia Minor (Asia)</value></Data>
<Data name="part of"><value>Ephesos</value></Data>
<Data name="location"><value>Ephesos</value></Data>
<Data name="type"><value>[&quot;hieron&quot;]</value></Data>
<Data name="passages"><value>[&quot;7.2.9&quot;]</value></Data>
</ExtendedData>
        <Point><coordinates>27.339721999999995,37.941944</coordinates></Point>
      </Placemark>

      <Placemark>
        <name>Altar of Artemis Triklaria</name>
        <ExtendedData>
<Data name="name"><value>Altar of Artemis Triklaria</value></Data>
<Data name="region"><value>Achaia Bk7</value></Data>
<Data name="part of"><value>Sanctuary of Artemis Triklaria, at Meilichos river</value></Data>
<Data name="location"><value>Sanctuary of Artemis Triklaria, at Meilichos river</value></Data>
<Data name="type"><value>[&quot;altar&quot;]</value></Data>
<Data name="passages"><value>[&quot;7.19.8&quot;]</value></Data>
</ExtendedData>
        <Point><coordinates>21.738518,38.243265</coordinates></Point>
      </Placemark>

      <Placemark>
        <name>Lakonia Bk3</name>
        <ExtendedData>
<Data name="name"><value>Lakonia Bk3</value></Data>
<Data name="region"><value></value></Data>
<Data name="part of"><value>Peloponnesos</value></Data>
<Data name="altname"><value>Laconia Lacedaemonia</value></Data>
<Data name="Wikidata"><value>https://wikidata.org/wiki/Q11931074</value></Data>
<Data name="type"><value>[&quot;chora/region&quot;]</value></Data>
<Data name="passages"><value>[&quot;1.11.2&quot;,&quot;1.13.4&quot;,&quot;1.13.5&quot;,&quot;1.13.6&quot;,&quot;1.13.7&quot;,&quot;1.18.4&quot;,&quot;1.28.4&quot;,&quot;1.38.4&quot;,&quot;10.13.10&quot;,&quot;10.2.2&quot;,&quot;10.38.10&quot;,&quot;10.9.5&quot;,&quot;10.9.9&quot;,&quot;2.18.8&quot;,&quot;2.22.6&quot;,&quot;2.3.5&quot;,&quot;2.9.2&quot;,&quot;3.1.1&quot;,&quot;3.1.3&quot;,&quot;3.1.5&quot;,&quot;3.11.1&quot;,&quot;3.12.9&quot;,&quot;3.14.9&quot;,&quot;3.16.9&quot;,&quot;3.18.3&quot;,&quot;3.20.10&quot;,&quot;3.20.11&quot;,&quot;3.20.3&quot;,&quot;3.21.3&quot;,&quot;3.21.6&quot;,&quot;3.22.6&quot;,&quot;3.23.11&quot;,&quot;3.23.6&quot;,&quot;3.24.1&quot;,&quot;3.24.6&quot;,&quot;3.3.3&quot;,&quot;3.4.1&quot;,&quot;3.7.10&quot;,&quot;3.7.11&quot;,&quot;3.7.7&quot;,&quot;3.8.1&quot;,&quot;3.9.10&quot;,&quot;4.1.1&quot;,&quot;4.10.7&quot;,&quot;4.16.8&quot;,&quot;4.17.1&quot;,&quot;4.18.1&quot;,&quot;4.18.2&quot;,&quot;4.20.5&quot;,&quot;4.23.5&quot;,&quot;4.27.1&quot;,&quot;4.28.2&quot;,&quot;4.28.5&quot;,&quot;4.30.2&quot;,&quot;4.4.6&quot;,&quot;4.4.7&quot;,&quot;4.5.9&quot;,&quot;4.7.2&quot;,&quot;5.17.1&quot;,&quot;5.9.1&quot;,&quot;7.1.5&quot;,&quot;7.1.6&quot;,&quot;7.1.7&quot;,&quot;7.10.3&quot;,&quot;7.11.8&quot;,&quot;7.12.7&quot;,&quot;7.13.3&quot;,&quot;7.13.7&quot;,&quot;7.18.5&quot;,&quot;7.20.8&quot;,&quot;7.25.3&quot;,&quot;7.6.2&quot;,&quot;7.6.3&quot;,&quot;7.8.4&quot;,&quot;7.9.1&quot;,&quot;8.11.5&quot;,&quot;8.12.6&quot;,&quot;8.12.8&quot;,&quot;8.35.3&quot;,&quot;8.5.13&quot;,&quot;8.5.7&quot;,&quot;8.50.2&quot;,&quot;8.50.5&quot;,&quot;8.51.1&quot;,&quot;8.53.11&quot;,&quot;9.13.5&quot;,&quot;9.14.1&quot;,&quot;9.14.6&quot;]</value></Data>
<Data name="Pleiades"><value>https://pleiades.stoa.org/places/570406</value></Data>
<Data name="ToposText"><value>https://topostext.org/place/370225RLak</value></Data>
</ExtendedData>
        <Point><coordinates>22.5,37.001</coordinates></Point>
      </Placemark>

      <Placemark>
        <name>Lakonia Bk3</name>
        <ExtendedData>
<Data name="name"><value>Lakonia Bk3</value></Data>
<Data name="region"><value></value></Data>
<Data name="part of"><value>Peloponnesos</value></Data>
<Data name="altname"><value>Laconia Lacedaemonia</value></Data>
<Data name="Wikidata"><value>https://wikidata.org/wiki/Q11931074</value></Data>
<Data name="type"><value>[&quot;chora/region&quot;]</value></Data>
<Data name="passages"><value>[&quot;1.11.2&quot;,&quot;1.13.4&quot;,&quot;1.13.5&quot;,&quot;1.13.6&quot;,&quot;1.13.7&quot;,&quot;1.18.4&quot;,&quot;1.28.4&quot;,&quot;1.38.4&quot;,&quot;10.13.10&quot;,&quot;10.2.2&quot;,&quot;10.38.10&quot;,&quot;10.9.5&quot;,&quot;10.9.9&quot;,&quot;2.18.8&quot;,&quot;2.22.6&quot;,&quot;2.3.5&quot;,&quot;2.9.2&quot;,&quot;3.1.1&quot;,&quot;3.1.3&quot;,&quot;3.1.5&quot;,&quot;3.11.1&quot;,&quot;3.12.9&quot;,&quot;3.14.9&quot;,&quot;3.16.9&quot;,&quot;3.18.3&quot;,&quot;3.20.10&quot;,&quot;3.20.11&quot;,&quot;3.20.3&quot;,&quot;3.21.3&quot;,&quot;3.21.6&quot;,&quot;3.22.6&quot;,&quot;3.23.11&quot;,&quot;3.23.6&quot;,&quot;3.24.1&quot;,&quot;3.24.6&quot;,&quot;3.3.3&quot;,&quot;3.4.1&quot;,&quot;3.7.10&quot;,&quot;3.7.11&quot;,&quot;3.7.7&quot;,&quot;3.8.1&quot;,&quot;3.9.10&quot;,&quot;4.1.1&quot;,&quot;4.10.7&quot;,&quot;4.16.8&quot;,&quot;4.17.1&quot;,&quot;4.18.1&quot;,&quot;4.18.2&quot;,&quot;4.20.5&quot;,&quot;4.23.5&quot;,&quot;4.27.1&quot;,&quot;4.28.2&quot;,&quot;4.28.5&quot;,&quot;4.30.2&quot;,&quot;4.4.6&quot;,&quot;4.4.7&quot;,&quot;4.5.9&quot;,&quot;4.7.2&quot;,&quot;5.17.1&quot;,&quot;5.9.1&quot;,&quot;7.1.5&quot;,&quot;7.1.6&quot;,&quot;7.1.7&quot;,&quot;7.10.3&quot;,&quot;7.11.8&quot;,&quot;7.12.7&quot;,&quot;7.13.3&quot;,&quot;7.13.7&quot;,&quot;7.18.5&quot;,&quot;7.20.8&quot;,&quot;7.25.3&quot;,&quot;7.6.2&quot;,&quot;7.6.3&quot;,&quot;7.8.4&quot;,&quot;7.9.1&quot;,&quot;8.11.5&quot;,&quot;8.12.6&quot;,&quot;8.12.8&quot;,&quot;8.35.3&quot;,&quot;8.5.13&quot;,&quot;8.5.7&quot;,&quot;8.50.2&quot;,&quot;8.50.5&quot;,&quot;8.51.1&quot;,&quot;8.53.11&quot;,&quot;9.13.5&quot;,&quot;9.14.1&quot;,&quot;9.14.6&quot;]</value></Data>
<Data name="Pleiades"><value>https://pleiades.stoa.org/places/570406</value></Data>
<Data name="ToposText"><value>https://topostext.org/place/370225RLak</value></Data>
</ExtendedData>
        <Point><coordinates>22.5,37.001</coordinates></Point>
      </Placemark>

      <Placemark>
        <name>Lakonia Bk3</name>
        <ExtendedData>
<Data name="name"><value>Lakonia Bk3</value></Data>
<Data name="region"><value></value></Data>
<Data name="part of"><value>Peloponnesos</value></Data>
<Data name="altname"><value>Laconia Lacedaemonia</value></Data>
<Data name="Wikidata"><value>https://wikidata.org/wiki/Q11931074</value></Data>
<Data name="type"><value>[&quot;chora/region&quot;]</value></Data>
<Data name="passages"><value>[&quot;1.11.2&quot;,&quot;1.13.4&quot;,&quot;1.13.5&quot;,&quot;1.13.6&quot;,&quot;1.13.7&quot;,&quot;1.18.4&quot;,&quot;1.28.4&quot;,&quot;1.38.4&quot;,&quot;10.13.10&quot;,&quot;10.2.2&quot;,&quot;10.38.10&quot;,&quot;10.9.5&quot;,&quot;10.9.9&quot;,&quot;2.18.8&quot;,&quot;2.22.6&quot;,&quot;2.3.5&quot;,&quot;2.9.2&quot;,&quot;3.1.1&quot;,&quot;3.1.3&quot;,&quot;3.1.5&quot;,&quot;3.11.1&quot;,&quot;3.12.9&quot;,&quot;3.14.9&quot;,&quot;3.16.9&quot;,&quot;3.18.3&quot;,&quot;3.20.10&quot;,&quot;3.20.11&quot;,&quot;3.20.3&quot;,&quot;3.21.3&quot;,&quot;3.21.6&quot;,&quot;3.22.6&quot;,&quot;3.23.11&quot;,&quot;3.23.6&quot;,&quot;3.24.1&quot;,&quot;3.24.6&quot;,&quot;3.3.3&quot;,&quot;3.4.1&quot;,&quot;3.7.10&quot;,&quot;3.7.11&quot;,&quot;3.7.7&quot;,&quot;3.8.1&quot;,&quot;3.9.10&quot;,&quot;4.1.1&quot;,&quot;4.10.7&quot;,&quot;4.16.8&quot;,&quot;4.17.1&quot;,&quot;4.18.1&quot;,&quot;4.18.2&quot;,&quot;4.20.5&quot;,&quot;4.23.5&quot;,&quot;4.27.1&quot;,&quot;4.28.2&quot;,&quot;4.28.5&quot;,&quot;4.30.2&quot;,&quot;4.4.6&quot;,&quot;4.4.7&quot;,&quot;4.5.9&quot;,&quot;4.7.2&quot;,&quot;5.17.1&quot;,&quot;5.9.1&quot;,&quot;7.1.5&quot;,&quot;7.1.6&quot;,&quot;7.1.7&quot;,&quot;7.10.3&quot;,&quot;7.11.8&quot;,&quot;7.12.7&quot;,&quot;7.13.3&quot;,&quot;7.13.7&quot;,&quot;7.18.5&quot;,&quot;7.20.8&quot;,&quot;7.25.3&quot;,&quot;7.6.2&quot;,&quot;7.6.3&quot;,&quot;7.8.4&quot;,&quot;7.9.1&quot;,&quot;8.11.5&quot;,&quot;8.12.6&quot;,&quot;8.12.8&quot;,&quot;8.35.3&quot;,&quot;8.5.13&quot;,&quot;8.5.7&quot;,&quot;8.50.2&quot;,&quot;8.50.5&quot;,&quot;8.51.1&quot;,&quot;8.53.11&quot;,&quot;9.13.5&quot;,&quot;9.14.1&quot;,&quot;9.14.6&quot;]</value></Data>
<Data name="Pleiades"><value>https://pleiades.stoa.org/places/570406</value></Data>
<Data name="ToposText"><value>https://topostext.org/place/370225RLak</value></Data>
</ExtendedData>
        <Point><coordinates>22.5,37.001</coordinates></Point>
      </Placemark>

      <Placemark>
        <name>Lakonia Bk3</name>
        <ExtendedData>
<Data name="name"><value>Lakonia Bk3</value></Data>
<Data name="region"><value></value></Data>
<Data name="part of"><value>Peloponnesos</value></Data>
<Data name="altname"><value>Laconia Lacedaemonia</value></Data>
<Data name="Wikidata"><value>https://wikidata.org/wiki/Q11931074</value></Data>
<Data name="type"><value>[&quot;chora/region&quot;]</value></Data>
<Data name="passages"><value>[&quot;1.11.2&quot;,&quot;1.13.4&quot;,&quot;1.13.5&quot;,&quot;1.13.6&quot;,&quot;1.13.7&quot;,&quot;1.18.4&quot;,&quot;1.28.4&quot;,&quot;1.38.4&quot;,&quot;10.13.10&quot;,&quot;10.2.2&quot;,&quot;10.38.10&quot;,&quot;10.9.5&quot;,&quot;10.9.9&quot;,&quot;2.18.8&quot;,&quot;2.22.6&quot;,&quot;2.3.5&quot;,&quot;2.9.2&quot;,&quot;3.1.1&quot;,&quot;3.1.3&quot;,&quot;3.1.5&quot;,&quot;3.11.1&quot;,&quot;3.12.9&quot;,&quot;3.14.9&quot;,&quot;3.16.9&quot;,&quot;3.18.3&quot;,&quot;3.20.10&quot;,&quot;3.20.11&quot;,&quot;3.20.3&quot;,&quot;3.21.3&quot;,&quot;3.21.6&quot;,&quot;3.22.6&quot;,&quot;3.23.11&quot;,&quot;3.23.6&quot;,&quot;3.24.1&quot;,&quot;3.24.6&quot;,&quot;3.3.3&quot;,&quot;3.4.1&quot;,&quot;3.7.10&quot;,&quot;3.7.11&quot;,&quot;3.7.7&quot;,&quot;3.8.1&quot;,&quot;3.9.10&quot;,&quot;4.1.1&quot;,&quot;4.10.7&quot;,&quot;4.16.8&quot;,&quot;4.17.1&quot;,&quot;4.18.1&quot;,&quot;4.18.2&quot;,&quot;4.20.5&quot;,&quot;4.23.5&quot;,&quot;4.27.1&quot;,&quot;4.28.2&quot;,&quot;4.28.5&quot;,&quot;4.30.2&quot;,&quot;4.4.6&quot;,&quot;4.4.7&quot;,&quot;4.5.9&quot;,&quot;4.7.2&quot;,&quot;5.17.1&quot;,&quot;5.9.1&quot;,&quot;7.1.5&quot;,&quot;7.1.6&quot;,&quot;7.1.7&quot;,&quot;7.10.3&quot;,&quot;7.11.8&quot;,&quot;7.12.7&quot;,&quot;7.13.3&quot;,&quot;7.13.7&quot;,&quot;7.18.5&quot;,&quot;7.20.8&quot;,&quot;7.25.3&quot;,&quot;7.6.2&quot;,&quot;7.6.3&quot;,&quot;7.8.4&quot;,&quot;7.9.1&quot;,&quot;8.11.5&quot;,&quot;8.12.6&quot;,&quot;8.12.8&quot;,&quot;8.35.3&quot;,&quot;8.5.13&quot;,&quot;8.5.7&quot;,&quot;8.50.2&quot;,&quot;8.50.5&quot;,&quot;8.51.1&quot;,&quot;8.53.11&quot;,&quot;9.13.5&quot;,&quot;9.14.1&quot;,&quot;9.14.6&quot;]</value></Data>
<Data name="Pleiades"><value>https://pleiades.stoa.org/places/570406</value></Data>
<Data name="ToposText"><value>https://topostext.org/place/370225RLak</value></Data>
</ExtendedData>
        <Point><coordinates>22.5,37.001</coordinates></Point>
      </Placemark>

      <Placemark>
        <name>Lakonia Bk3</name>
        <ExtendedData>
<Data name="name"><value>Lakonia Bk3</value></Data>
<Data name="region"><value></value></Data>
<Data name="part of"><value>Peloponnesos</value></Data>
<Data name="altname"><value>Laconia Lacedaemonia</value></Data>
<Data name="Wikidata"><value>https://wikidata.org/wiki/Q11931074</value></Data>
<Data name="type"><value>[&quot;chora/region&quot;]</value></Data>
<Data name="passages"><value>[&quot;1.11.2&quot;,&quot;1.13.4&quot;,&quot;1.13.5&quot;,&quot;1.13.6&quot;,&quot;1.13.7&quot;,&quot;1.18.4&quot;,&quot;1.28.4&quot;,&quot;1.38.4&quot;,&quot;10.13.10&quot;,&quot;10.2.2&quot;,&quot;10.38.10&quot;,&quot;10.9.5&quot;,&quot;10.9.9&quot;,&quot;2.18.8&quot;,&quot;2.22.6&quot;,&quot;2.3.5&quot;,&quot;2.9.2&quot;,&quot;3.1.1&quot;,&quot;3.1.3&quot;,&quot;3.1.5&quot;,&quot;3.11.1&quot;,&quot;3.12.9&quot;,&quot;3.14.9&quot;,&quot;3.16.9&quot;,&quot;3.18.3&quot;,&quot;3.20.10&quot;,&quot;3.20.11&quot;,&quot;3.20.3&quot;,&quot;3.21.3&quot;,&quot;3.21.6&quot;,&quot;3.22.6&quot;,&quot;3.23.11&quot;,&quot;3.23.6&quot;,&quot;3.24.1&quot;,&quot;3.24.6&quot;,&quot;3.3.3&quot;,&quot;3.4.1&quot;,&quot;3.7.10&quot;,&quot;3.7.11&quot;,&quot;3.7.7&quot;,&quot;3.8.1&quot;,&quot;3.9.10&quot;,&quot;4.1.1&quot;,&quot;4.10.7&quot;,&quot;4.16.8&quot;,&quot;4.17.1&quot;,&quot;4.18.1&quot;,&quot;4.18.2&quot;,&quot;4.20.5&quot;,&quot;4.23.5&quot;,&quot;4.27.1&quot;,&quot;4.28.2&quot;,&quot;4.28.5&quot;,&quot;4.30.2&quot;,&quot;4.4.6&quot;,&quot;4.4.7&quot;,&quot;4.5.9&quot;,&quot;4.7.2&quot;,&quot;5.17.1&quot;,&quot;5.9.1&quot;,&quot;7.1.5&quot;,&quot;7.1.6&quot;,&quot;7.1.7&quot;,&quot;7.10.3&quot;,&quot;7.11.8&quot;,&quot;7.12.7&quot;,&quot;7.13.3&quot;,&quot;7.13.7&quot;,&quot;7.18.5&quot;,&quot;7.20.8&quot;,&quot;7.25.3&quot;,&quot;7.6.2&quot;,&quot;7.6.3&quot;,&quot;7.8.4&quot;,&quot;7.9.1&quot;,&quot;8.11.5&quot;,&quot;8.12.6&quot;,&quot;8.12.8&quot;,&quot;8.35.3&quot;,&quot;8.5.13&quot;,&quot;8.5.7&quot;,&quot;8.50.2&quot;,&quot;8.50.5&quot;,&quot;8.51.1&quot;,&quot;8.53.11&quot;,&quot;9.13.5&quot;,&quot;9.14.1&quot;,&quot;9.14.6&quot;]</value></Data>
<Data name="Pleiades"><value>https://pleiades.stoa.org/places/570406</value></Data>
<Data name="ToposText"><value>https://topostext.org/place/370225RLak</value></Data>
</ExtendedData>
        <Point><coordinates>22.5,37.001</coordinates></Point>
      </Placemark>

      <Placemark>
        <name>Lakonia Bk3</name>
        <ExtendedData>
<Data name="name"><value>Lakonia Bk3</value></Data>
<Data name="region"><value></value></Data>
<Data name="part of"><value>Peloponnesos</value></Data>
<Data name="altname"><value>Laconia Lacedaemonia</value></Data>
<Data name="Wikidata"><value>https://wikidata.org/wiki/Q11931074</value></Data>
<Data name="type"><value>[&quot;chora/region&quot;]</value></Data>
<Data name="passages"><value>[&quot;1.11.2&quot;,&quot;1.13.4&quot;,&quot;1.13.5&quot;,&quot;1.13.6&quot;,&quot;1.13.7&quot;,&quot;1.18.4&quot;,&quot;1.28.4&quot;,&quot;1.38.4&quot;,&quot;10.13.10&quot;,&quot;10.2.2&quot;,&quot;10.38.10&quot;,&quot;10.9.5&quot;,&quot;10.9.9&quot;,&quot;2.18.8&quot;,&quot;2.22.6&quot;,&quot;2.3.5&quot;,&quot;2.9.2&quot;,&quot;3.1.1&quot;,&quot;3.1.3&quot;,&quot;3.1.5&quot;,&quot;3.11.1&quot;,&quot;3.12.9&quot;,&quot;3.14.9&quot;,&quot;3.16.9&quot;,&quot;3.18.3&quot;,&quot;3.20.10&quot;,&quot;3.20.11&quot;,&quot;3.20.3&quot;,&quot;3.21.3&quot;,&quot;3.21.6&quot;,&quot;3.22.6&quot;,&quot;3.23.11&quot;,&quot;3.23.6&quot;,&quot;3.24.1&quot;,&quot;3.24.6&quot;,&quot;3.3.3&quot;,&quot;3.4.1&quot;,&quot;3.7.10&quot;,&quot;3.7.11&quot;,&quot;3.7.7&quot;,&quot;3.8.1&quot;,&quot;3.9.10&quot;,&quot;4.1.1&quot;,&quot;4.10.7&quot;,&quot;4.16.8&quot;,&quot;4.17.1&quot;,&quot;4.18.1&quot;,&quot;4.18.2&quot;,&quot;4.20.5&quot;,&quot;4.23.5&quot;,&quot;4.27.1&quot;,&quot;4.28.2&quot;,&quot;4.28.5&quot;,&quot;4.30.2&quot;,&quot;4.4.6&quot;,&quot;4.4.7&quot;,&quot;4.5.9&quot;,&quot;4.7.2&quot;,&quot;5.17.1&quot;,&quot;5.9.1&quot;,&quot;7.1.5&quot;,&quot;7.1.6&quot;,&quot;7.1.7&quot;,&quot;7.10.3&quot;,&quot;7.11.8&quot;,&quot;7.12.7&quot;,&quot;7.13.3&quot;,&quot;7.13.7&quot;,&quot;7.18.5&quot;,&quot;7.20.8&quot;,&quot;7.25.3&quot;,&quot;7.6.2&quot;,&quot;7.6.3&quot;,&quot;7.8.4&quot;,&quot;7.9.1&quot;,&quot;8.11.5&quot;,&quot;8.12.6&quot;,&quot;8.12.8&quot;,&quot;8.35.3&quot;,&quot;8.5.13&quot;,&quot;8.5.7&quot;,&quot;8.50.2&quot;,&quot;8.50.5&quot;,&quot;8.51.1&quot;,&quot;8.53.11&quot;,&quot;9.13.5&quot;,&quot;9.14.1&quot;,&quot;9.14.6&quot;]</value></Data>
<Data name="Pleiades"><value>https://pleiades.stoa.org/places/570406</value></Data>
<Data name="ToposText"><value>https://topostext.org/place/370225RLak</value></Data>
</ExtendedData>
        <Point><coordinates>22.5,37.001</coordinates></Point>
      </Placemark>

      <Placemark>
        <name>Lakonia Bk3</name>
        <ExtendedData>
<Data name="name"><value>Lakonia Bk3</value></Data>
<Data name="region"><value></value></Data>
<Data name="part of"><value>Peloponnesos</value></Data>
<Data name="altname"><value>Laconia Lacedaemonia</value></Data>
<Data name="Wikidata"><value>https://wikidata.org/wiki/Q11931074</value></Data>
<Data name="type"><value>[&quot;chora/region&quot;]</value></Data>
<Data name="passages"><value>[&quot;1.11.2&quot;,&quot;1.13.4&quot;,&quot;1.13.5&quot;,&quot;1.13.6&quot;,&quot;1.13.7&quot;,&quot;1.18.4&quot;,&quot;1.28.4&quot;,&quot;1.38.4&quot;,&quot;10.13.10&quot;,&quot;10.2.2&quot;,&quot;10.38.10&quot;,&quot;10.9.5&quot;,&quot;10.9.9&quot;,&quot;2.18.8&quot;,&quot;2.22.6&quot;,&quot;2.3.5&quot;,&quot;2.9.2&quot;,&quot;3.1.1&quot;,&quot;3.1.3&quot;,&quot;3.1.5&quot;,&quot;3.11.1&quot;,&quot;3.12.9&quot;,&quot;3.14.9&quot;,&quot;3.16.9&quot;,&quot;3.18.3&quot;,&quot;3.20.10&quot;,&quot;3.20.11&quot;,&quot;3.20.3&quot;,&quot;3.21.3&quot;,&quot;3.21.6&quot;,&quot;3.22.6&quot;,&quot;3.23.11&quot;,&quot;3.23.6&quot;,&quot;3.24.1&quot;,&quot;3.24.6&quot;,&quot;3.3.3&quot;,&quot;3.4.1&quot;,&quot;3.7.10&quot;,&quot;3.7.11&quot;,&quot;3.7.7&quot;,&quot;3.8.1&quot;,&quot;3.9.10&quot;,&quot;4.1.1&quot;,&quot;4.10.7&quot;,&quot;4.16.8&quot;,&quot;4.17.1&quot;,&quot;4.18.1&quot;,&quot;4.18.2&quot;,&quot;4.20.5&quot;,&quot;4.23.5&quot;,&quot;4.27.1&quot;,&quot;4.28.2&quot;,&quot;4.28.5&quot;,&quot;4.30.2&quot;,&quot;4.4.6&quot;,&quot;4.4.7&quot;,&quot;4.5.9&quot;,&quot;4.7.2&quot;,&quot;5.17.1&quot;,&quot;5.9.1&quot;,&quot;7.1.5&quot;,&quot;7.1.6&quot;,&quot;7.1.7&quot;,&quot;7.10.3&quot;,&quot;7.11.8&quot;,&quot;7.12.7&quot;,&quot;7.13.3&quot;,&quot;7.13.7&quot;,&quot;7.18.5&quot;,&quot;7.20.8&quot;,&quot;7.25.3&quot;,&quot;7.6.2&quot;,&quot;7.6.3&quot;,&quot;7.8.4&quot;,&quot;7.9.1&quot;,&quot;8.11.5&quot;,&quot;8.12.6&quot;,&quot;8.12.8&quot;,&quot;8.35.3&quot;,&quot;8.5.13&quot;,&quot;8.5.7&quot;,&quot;8.50.2&quot;,&quot;8.50.5&quot;,&quot;8.51.1&quot;,&quot;8.53.11&quot;,&quot;9.13.5&quot;,&quot;9.14.1&quot;,&quot;9.14.6&quot;]</value></Data>
<Data name="Pleiades"><value>https://pleiades.stoa.org/places/570406</value></Data>
<Data name="ToposText"><value>https://topostext.org/place/370225RLak</value></Data>
</ExtendedData>
        <Point><coordinates>22.5,37.001</coordinates></Point>
      </Placemark>

      <Placemark>
        <name>Lakonia Bk3</name>
        <ExtendedData>
<Data name="name"><value>Lakonia Bk3</value></Data>
<Data name="region"><value></value></Data>
<Data name="part of"><value>Peloponnesos</value></Data>
<Data name="altname"><value>Laconia Lacedaemonia</value></Data>
<Data name="Wikidata"><value>https://wikidata.org/wiki/Q11931074</value></Data>
<Data name="type"><value>[&quot;chora/region&quot;]</value></Data>
<Data name="passages"><value>[&quot;1.11.2&quot;,&quot;1.13.4&quot;,&quot;1.13.5&quot;,&quot;1.13.6&quot;,&quot;1.13.7&quot;,&quot;1.18.4&quot;,&quot;1.28.4&quot;,&quot;1.38.4&quot;,&quot;10.13.10&quot;,&quot;10.2.2&quot;,&quot;10.38.10&quot;,&quot;10.9.5&quot;,&quot;10.9.9&quot;,&quot;2.18.8&quot;,&quot;2.22.6&quot;,&quot;2.3.5&quot;,&quot;2.9.2&quot;,&quot;3.1.1&quot;,&quot;3.1.3&quot;,&quot;3.1.5&quot;,&quot;3.11.1&quot;,&quot;3.12.9&quot;,&quot;3.14.9&quot;,&quot;3.16.9&quot;,&quot;3.18.3&quot;,&quot;3.20.10&quot;,&quot;3.20.11&quot;,&quot;3.20.3&quot;,&quot;3.21.3&quot;,&quot;3.21.6&quot;,&quot;3.22.6&quot;,&quot;3.23.11&quot;,&quot;3.23.6&quot;,&quot;3.24.1&quot;,&quot;3.24.6&quot;,&quot;3.3.3&quot;,&quot;3.4.1&quot;,&quot;3.7.10&quot;,&quot;3.7.11&quot;,&quot;3.7.7&quot;,&quot;3.8.1&quot;,&quot;3.9.10&quot;,&quot;4.1.1&quot;,&quot;4.10.7&quot;,&quot;4.16.8&quot;,&quot;4.17.1&quot;,&quot;4.18.1&quot;,&quot;4.18.2&quot;,&quot;4.20.5&quot;,&quot;4.23.5&quot;,&quot;4.27.1&quot;,&quot;4.28.2&quot;,&quot;4.28.5&quot;,&quot;4.30.2&quot;,&quot;4.4.6&quot;,&quot;4.4.7&quot;,&quot;4.5.9&quot;,&quot;4.7.2&quot;,&quot;5.17.1&quot;,&quot;5.9.1&quot;,&quot;7.1.5&quot;,&quot;7.1.6&quot;,&quot;7.1.7&quot;,&quot;7.10.3&quot;,&quot;7.11.8&quot;,&quot;7.12.7&quot;,&quot;7.13.3&quot;,&quot;7.13.7&quot;,&quot;7.18.5&quot;,&quot;7.20.8&quot;,&quot;7.25.3&quot;,&quot;7.6.2&quot;,&quot;7.6.3&quot;,&quot;7.8.4&quot;,&quot;7.9.1&quot;,&quot;8.11.5&quot;,&quot;8.12.6&quot;,&quot;8.12.8&quot;,&quot;8.35.3&quot;,&quot;8.5.13&quot;,&quot;8.5.7&quot;,&quot;8.50.2&quot;,&quot;8.50.5&quot;,&quot;8.51.1&quot;,&quot;8.53.11&quot;,&quot;9.13.5&quot;,&quot;9.14.1&quot;,&quot;9.14.6&quot;]</value></Data>
<Data name="Pleiades"><value>https://pleiades.stoa.org/places/570406</value></Data>
<Data name="ToposText"><value>https://topostext.org/place/370225RLak</value></Data>
</ExtendedData>
        <Point><coordinates>22.5,37.001</coordinates></Point>
      </Placemark>

      <Placemark>
        <name>Lakonia Bk3</name>
        <ExtendedData>
<Data name="name"><value>Lakonia Bk3</value></Data>
<Data name="region"><value></value></Data>
<Data name="part of"><value>Peloponnesos</value></Data>
<Data name="altname"><value>Laconia Lacedaemonia</value></Data>
<Data name="Wikidata"><value>https://wikidata.org/wiki/Q11931074</value></Data>
<Data name="type"><value>[&quot;chora/region&quot;]</value></Data>
<Data name="passages"><value>[&quot;1.11.2&quot;,&quot;1.13.4&quot;,&quot;1.13.5&quot;,&quot;1.13.6&quot;,&quot;1.13.7&quot;,&quot;1.18.4&quot;,&quot;1.28.4&quot;,&quot;1.38.4&quot;,&quot;10.13.10&quot;,&quot;10.2.2&quot;,&quot;10.38.10&quot;,&quot;10.9.5&quot;,&quot;10.9.9&quot;,&quot;2.18.8&quot;,&quot;2.22.6&quot;,&quot;2.3.5&quot;,&quot;2.9.2&quot;,&quot;3.1.1&quot;,&quot;3.1.3&quot;,&quot;3.1.5&quot;,&quot;3.11.1&quot;,&quot;3.12.9&quot;,&quot;3.14.9&quot;,&quot;3.16.9&quot;,&quot;3.18.3&quot;,&quot;3.20.10&quot;,&quot;3.20.11&quot;,&quot;3.20.3&quot;,&quot;3.21.3&quot;,&quot;3.21.6&quot;,&quot;3.22.6&quot;,&quot;3.23.11&quot;,&quot;3.23.6&quot;,&quot;3.24.1&quot;,&quot;3.24.6&quot;,&quot;3.3.3&quot;,&quot;3.4.1&quot;,&quot;3.7.10&quot;,&quot;3.7.11&quot;,&quot;3.7.7&quot;,&quot;3.8.1&quot;,&quot;3.9.10&quot;,&quot;4.1.1&quot;,&quot;4.10.7&quot;,&quot;4.16.8&quot;,&quot;4.17.1&quot;,&quot;4.18.1&quot;,&quot;4.18.2&quot;,&quot;4.20.5&quot;,&quot;4.23.5&quot;,&quot;4.27.1&quot;,&quot;4.28.2&quot;,&quot;4.28.5&quot;,&quot;4.30.2&quot;,&quot;4.4.6&quot;,&quot;4.4.7&quot;,&quot;4.5.9&quot;,&quot;4.7.2&quot;,&quot;5.17.1&quot;,&quot;5.9.1&quot;,&quot;7.1.5&quot;,&quot;7.1.6&quot;,&quot;7.1.7&quot;,&quot;7.10.3&quot;,&quot;7.11.8&quot;,&quot;7.12.7&quot;,&quot;7.13.3&quot;,&quot;7.13.7&quot;,&quot;7.18.5&quot;,&quot;7.20.8&quot;,&quot;7.25.3&quot;,&quot;7.6.2&quot;,&quot;7.6.3&quot;,&quot;7.8.4&quot;,&quot;7.9.1&quot;,&quot;8.11.5&quot;,&quot;8.12.6&quot;,&quot;8.12.8&quot;,&quot;8.35.3&quot;,&quot;8.5.13&quot;,&quot;8.5.7&quot;,&quot;8.50.2&quot;,&quot;8.50.5&quot;,&quot;8.51.1&quot;,&quot;8.53.11&quot;,&quot;9.13.5&quot;,&quot;9.14.1&quot;,&quot;9.14.6&quot;]</value></Data>
<Data name="Pleiades"><value>https://pleiades.stoa.org/places/570406</value></Data>
<Data name="ToposText"><value>https://topostext.org/place/370225RLak</value></Data>
</ExtendedData>
        <Point><coordinates>22.5,37.001</coordinates></Point>
      </Placemark>

      <Placemark>
        <name>Lakonia Bk3</name>
        <ExtendedData>
<Data name="name"><value>Lakonia Bk3</value></Data>
<Data name="region"><value></value></Data>
<Data name="part of"><value>Peloponnesos</value></Data>
<Data name="altname"><value>Laconia Lacedaemonia</value></Data>
<Data name="Wikidata"><value>https://wikidata.org/wiki/Q11931074</value></Data>
<Data name="type"><value>[&quot;chora/region&quot;]</value></Data>
<Data name="passages"><value>[&quot;1.11.2&quot;,&quot;1.13.4&quot;,&quot;1.13.5&quot;,&quot;1.13.6&quot;,&quot;1.13.7&quot;,&quot;1.18.4&quot;,&quot;1.28.4&quot;,&quot;1.38.4&quot;,&quot;10.13.10&quot;,&quot;10.2.2&quot;,&quot;10.38.10&quot;,&quot;10.9.5&quot;,&quot;10.9.9&quot;,&quot;2.18.8&quot;,&quot;2.22.6&quot;,&quot;2.3.5&quot;,&quot;2.9.2&quot;,&quot;3.1.1&quot;,&quot;3.1.3&quot;,&quot;3.1.5&quot;,&quot;3.11.1&quot;,&quot;3.12.9&quot;,&quot;3.14.9&quot;,&quot;3.16.9&quot;,&quot;3.18.3&quot;,&quot;3.20.10&quot;,&quot;3.20.11&quot;,&quot;3.20.3&quot;,&quot;3.21.3&quot;,&quot;3.21.6&quot;,&quot;3.22.6&quot;,&quot;3.23.11&quot;,&quot;3.23.6&quot;,&quot;3.24.1&quot;,&quot;3.24.6&quot;,&quot;3.3.3&quot;,&quot;3.4.1&quot;,&quot;3.7.10&quot;,&quot;3.7.11&quot;,&quot;3.7.7&quot;,&quot;3.8.1&quot;,&quot;3.9.10&quot;,&quot;4.1.1&quot;,&quot;4.10.7&quot;,&quot;4.16.8&quot;,&quot;4.17.1&quot;,&quot;4.18.1&quot;,&quot;4.18.2&quot;,&quot;4.20.5&quot;,&quot;4.23.5&quot;,&quot;4.27.1&quot;,&quot;4.28.2&quot;,&quot;4.28.5&quot;,&quot;4.30.2&quot;,&quot;4.4.6&quot;,&quot;4.4.7&quot;,&quot;4.5.9&quot;,&quot;4.7.2&quot;,&quot;5.17.1&quot;,&quot;5.9.1&quot;,&quot;7.1.5&quot;,&quot;7.1.6&quot;,&quot;7.1.7&quot;,&quot;7.10.3&quot;,&quot;7.11.8&quot;,&quot;7.12.7&quot;,&quot;7.13.3&quot;,&quot;7.13.7&quot;,&quot;7.18.5&quot;,&quot;7.20.8&quot;,&quot;7.25.3&quot;,&quot;7.6.2&quot;,&quot;7.6.3&quot;,&quot;7.8.4&quot;,&quot;7.9.1&quot;,&quot;8.11.5&quot;,&quot;8.12.6&quot;,&quot;8.12.8&quot;,&quot;8.35.3&quot;,&quot;8.5.13&quot;,&quot;8.5.7&quot;,&quot;8.50.2&quot;,&quot;8.50.5&quot;,&quot;8.51.1&quot;,&quot;8.53.11&quot;,&quot;9.13.5&quot;,&quot;9.14.1&quot;,&quot;9.14.6&quot;]</value></Data>
<Data name="Pleiades"><value>https://pleiades.stoa.org/places/570406</value></Data>
<Data name="ToposText"><value>https://topostext.org/place/370225RLak</value></Data>
</ExtendedData>
        <Point><coordinates>22.5,37.001</coordinates></Point>
      </Placemark>

      <Placemark>
        <name>Lakonia Bk3</name>
        <ExtendedData>
<Data name="name"><value>Lakonia Bk3</value></Data>
<Data name="region"><value></value></Data>
<Data name="part of"><value>Peloponnesos</value></Data>
<Data name="altname"><value>Laconia Lacedaemonia</value></Data>
<Data name="Wikidata"><value>https://wikidata.org/wiki/Q11931074</value></Data>
<Data name="type"><value>[&quot;chora/region&quot;]</value></Data>
<Data name="passages"><value>[&quot;1.11.2&quot;,&quot;1.13.4&quot;,&quot;1.13.5&quot;,&quot;1.13.6&quot;,&quot;1.13.7&quot;,&quot;1.18.4&quot;,&quot;1.28.4&quot;,&quot;1.38.4&quot;,&quot;10.13.10&quot;,&quot;10.2.2&quot;,&quot;10.38.10&quot;,&quot;10.9.5&quot;,&quot;10.9.9&quot;,&quot;2.18.8&quot;,&quot;2.22.6&quot;,&quot;2.3.5&quot;,&quot;2.9.2&quot;,&quot;3.1.1&quot;,&quot;3.1.3&quot;,&quot;3.1.5&quot;,&quot;3.11.1&quot;,&quot;3.12.9&quot;,&quot;3.14.9&quot;,&quot;3.16.9&quot;,&quot;3.18.3&quot;,&quot;3.20.10&quot;,&quot;3.20.11&quot;,&quot;3.20.3&quot;,&quot;3.21.3&quot;,&quot;3.21.6&quot;,&quot;3.22.6&quot;,&quot;3.23.11&quot;,&quot;3.23.6&quot;,&quot;3.24.1&quot;,&quot;3.24.6&quot;,&quot;3.3.3&quot;,&quot;3.4.1&quot;,&quot;3.7.10&quot;,&quot;3.7.11&quot;,&quot;3.7.7&quot;,&quot;3.8.1&quot;,&quot;3.9.10&quot;,&quot;4.1.1&quot;,&quot;4.10.7&quot;,&quot;4.16.8&quot;,&quot;4.17.1&quot;,&quot;4.18.1&quot;,&quot;4.18.2&quot;,&quot;4.20.5&quot;,&quot;4.23.5&quot;,&quot;4.27.1&quot;,&quot;4.28.2&quot;,&quot;4.28.5&quot;,&quot;4.30.2&quot;,&quot;4.4.6&quot;,&quot;4.4.7&quot;,&quot;4.5.9&quot;,&quot;4.7.2&quot;,&quot;5.17.1&quot;,&quot;5.9.1&quot;,&quot;7.1.5&quot;,&quot;7.1.6&quot;,&quot;7.1.7&quot;,&quot;7.10.3&quot;,&quot;7.11.8&quot;,&quot;7.12.7&quot;,&quot;7.13.3&quot;,&quot;7.13.7&quot;,&quot;7.18.5&quot;,&quot;7.20.8&quot;,&quot;7.25.3&quot;,&quot;7.6.2&quot;,&quot;7.6.3&quot;,&quot;7.8.4&quot;,&quot;7.9.1&quot;,&quot;8.11.5&quot;,&quot;8.12.6&quot;,&quot;8.12.8&quot;,&quot;8.35.3&quot;,&quot;8.5.13&quot;,&quot;8.5.7&quot;,&quot;8.50.2&quot;,&quot;8.50.5&quot;,&quot;8.51.1&quot;,&quot;8.53.11&quot;,&quot;9.13.5&quot;,&quot;9.14.1&quot;,&quot;9.14.6&quot;]</value></Data>
<Data name="Pleiades"><value>https://pleiades.stoa.org/places/570406</value></Data>
<Data name="ToposText"><value>https://topostext.org/place/370225RLak</value></Data>
</ExtendedData>
        <Point><coordinates>22.5,37.001</coordinates></Point>
      </Placemark>

      <Placemark>
        <name>Lakonia Bk3</name>
        <ExtendedData>
<Data name="name"><value>Lakonia Bk3</value></Data>
<Data name="region"><value></value></Data>
<Data name="part of"><value>Peloponnesos</value></Data>
<Data name="altname"><value>Laconia Lacedaemonia</value></Data>
<Data name="Wikidata"><value>https://wikidata.org/wiki/Q11931074</value></Data>
<Data name="type"><value>[&quot;chora/region&quot;]</value></Data>
<Data name="passages"><value>[&quot;1.11.2&quot;,&quot;1.13.4&quot;,&quot;1.13.5&quot;,&quot;1.13.6&quot;,&quot;1.13.7&quot;,&quot;1.18.4&quot;,&quot;1.28.4&quot;,&quot;1.38.4&quot;,&quot;10.13.10&quot;,&quot;10.2.2&quot;,&quot;10.38.10&quot;,&quot;10.9.5&quot;,&quot;10.9.9&quot;,&quot;2.18.8&quot;,&quot;2.22.6&quot;,&quot;2.3.5&quot;,&quot;2.9.2&quot;,&quot;3.1.1&quot;,&quot;3.1.3&quot;,&quot;3.1.5&quot;,&quot;3.11.1&quot;,&quot;3.12.9&quot;,&quot;3.14.9&quot;,&quot;3.16.9&quot;,&quot;3.18.3&quot;,&quot;3.20.10&quot;,&quot;3.20.11&quot;,&quot;3.20.3&quot;,&quot;3.21.3&quot;,&quot;3.21.6&quot;,&quot;3.22.6&quot;,&quot;3.23.11&quot;,&quot;3.23.6&quot;,&quot;3.24.1&quot;,&quot;3.24.6&quot;,&quot;3.3.3&quot;,&quot;3.4.1&quot;,&quot;3.7.10&quot;,&quot;3.7.11&quot;,&quot;3.7.7&quot;,&quot;3.8.1&quot;,&quot;3.9.10&quot;,&quot;4.1.1&quot;,&quot;4.10.7&quot;,&quot;4.16.8&quot;,&quot;4.17.1&quot;,&quot;4.18.1&quot;,&quot;4.18.2&quot;,&quot;4.20.5&quot;,&quot;4.23.5&quot;,&quot;4.27.1&quot;,&quot;4.28.2&quot;,&quot;4.28.5&quot;,&quot;4.30.2&quot;,&quot;4.4.6&quot;,&quot;4.4.7&quot;,&quot;4.5.9&quot;,&quot;4.7.2&quot;,&quot;5.17.1&quot;,&quot;5.9.1&quot;,&quot;7.1.5&quot;,&quot;7.1.6&quot;,&quot;7.1.7&quot;,&quot;7.10.3&quot;,&quot;7.11.8&quot;,&quot;7.12.7&quot;,&quot;7.13.3&quot;,&quot;7.13.7&quot;,&quot;7.18.5&quot;,&quot;7.20.8&quot;,&quot;7.25.3&quot;,&quot;7.6.2&quot;,&quot;7.6.3&quot;,&quot;7.8.4&quot;,&quot;7.9.1&quot;,&quot;8.11.5&quot;,&quot;8.12.6&quot;,&quot;8.12.8&quot;,&quot;8.35.3&quot;,&quot;8.5.13&quot;,&quot;8.5.7&quot;,&quot;8.50.2&quot;,&quot;8.50.5&quot;,&quot;8.51.1&quot;,&quot;8.53.11&quot;,&quot;9.13.5&quot;,&quot;9.14.1&quot;,&quot;9.14.6&quot;]</value></Data>
<Data name="Pleiades"><value>https://pleiades.stoa.org/places/570406</value></Data>
<Data name="ToposText"><value>https://topostext.org/place/370225RLak</value></Data>
</ExtendedData>
        <Point><coordinates>22.5,37.001</coordinates></Point>
      </Placemark>

      <Placemark>
        <name>Lakonia Bk3</name>
        <ExtendedData>
<Data name="name"><value>Lakonia Bk3</value></Data>
<Data name="region"><value></value></Data>
<Data name="part of"><value>Peloponnesos</value></Data>
<Data name="altname"><value>Laconia Lacedaemonia</value></Data>
<Data name="Wikidata"><value>https://wikidata.org/wiki/Q11931074</value></Data>
<Data name="type"><value>[&quot;chora/region&quot;]</value></Data>
<Data name="passages"><value>[&quot;1.11.2&quot;,&quot;1.13.4&quot;,&quot;1.13.5&quot;,&quot;1.13.6&quot;,&quot;1.13.7&quot;,&quot;1.18.4&quot;,&quot;1.28.4&quot;,&quot;1.38.4&quot;,&quot;10.13.10&quot;,&quot;10.2.2&quot;,&quot;10.38.10&quot;,&quot;10.9.5&quot;,&quot;10.9.9&quot;,&quot;2.18.8&quot;,&quot;2.22.6&quot;,&quot;2.3.5&quot;,&quot;2.9.2&quot;,&quot;3.1.1&quot;,&quot;3.1.3&quot;,&quot;3.1.5&quot;,&quot;3.11.1&quot;,&quot;3.12.9&quot;,&quot;3.14.9&quot;,&quot;3.16.9&quot;,&quot;3.18.3&quot;,&quot;3.20.10&quot;,&quot;3.20.11&quot;,&quot;3.20.3&quot;,&quot;3.21.3&quot;,&quot;3.21.6&quot;,&quot;3.22.6&quot;,&quot;3.23.11&quot;,&quot;3.23.6&quot;,&quot;3.24.1&quot;,&quot;3.24.6&quot;,&quot;3.3.3&quot;,&quot;3.4.1&quot;,&quot;3.7.10&quot;,&quot;3.7.11&quot;,&quot;3.7.7&quot;,&quot;3.8.1&quot;,&quot;3.9.10&quot;,&quot;4.1.1&quot;,&quot;4.10.7&quot;,&quot;4.16.8&quot;,&quot;4.17.1&quot;,&quot;4.18.1&quot;,&quot;4.18.2&quot;,&quot;4.20.5&quot;,&quot;4.23.5&quot;,&quot;4.27.1&quot;,&quot;4.28.2&quot;,&quot;4.28.5&quot;,&quot;4.30.2&quot;,&quot;4.4.6&quot;,&quot;4.4.7&quot;,&quot;4.5.9&quot;,&quot;4.7.2&quot;,&quot;5.17.1&quot;,&quot;5.9.1&quot;,&quot;7.1.5&quot;,&quot;7.1.6&quot;,&quot;7.1.7&quot;,&quot;7.10.3&quot;,&quot;7.11.8&quot;,&quot;7.12.7&quot;,&quot;7.13.3&quot;,&quot;7.13.7&quot;,&quot;7.18.5&quot;,&quot;7.20.8&quot;,&quot;7.25.3&quot;,&quot;7.6.2&quot;,&quot;7.6.3&quot;,&quot;7.8.4&quot;,&quot;7.9.1&quot;,&quot;8.11.5&quot;,&quot;8.12.6&quot;,&quot;8.12.8&quot;,&quot;8.35.3&quot;,&quot;8.5.13&quot;,&quot;8.5.7&quot;,&quot;8.50.2&quot;,&quot;8.50.5&quot;,&quot;8.51.1&quot;,&quot;8.53.11&quot;,&quot;9.13.5&quot;,&quot;9.14.1&quot;,&quot;9.14.6&quot;]</value></Data>
<Data name="Pleiades"><value>https://pleiades.stoa.org/places/570406</value></Data>
<Data name="ToposText"><value>https://topostext.org/place/370225RLak</value></Data>
</ExtendedData>
        <Point><coordinates>22.5,37.001</coordinates></Point>
      </Placemark>

      <Placemark>
        <name>Lakonia Bk3</name>
        <ExtendedData>
<Data name="name"><value>Lakonia Bk3</value></Data>
<Data name="region"><value></value></Data>
<Data name="part of"><value>Peloponnesos</value></Data>
<Data name="altname"><value>Laconia Lacedaemonia</value></Data>
<Data name="Wikidata"><value>https://wikidata.org/wiki/Q11931074</value></Data>
<Data name="type"><value>[&quot;chora/region&quot;]</value></Data>
<Data name="passages"><value>[&quot;1.11.2&quot;,&quot;1.13.4&quot;,&quot;1.13.5&quot;,&quot;1.13.6&quot;,&quot;1.13.7&quot;,&quot;1.18.4&quot;,&quot;1.28.4&quot;,&quot;1.38.4&quot;,&quot;10.13.10&quot;,&quot;10.2.2&quot;,&quot;10.38.10&quot;,&quot;10.9.5&quot;,&quot;10.9.9&quot;,&quot;2.18.8&quot;,&quot;2.22.6&quot;,&quot;2.3.5&quot;,&quot;2.9.2&quot;,&quot;3.1.1&quot;,&quot;3.1.3&quot;,&quot;3.1.5&quot;,&quot;3.11.1&quot;,&quot;3.12.9&quot;,&quot;3.14.9&quot;,&quot;3.16.9&quot;,&quot;3.18.3&quot;,&quot;3.20.10&quot;,&quot;3.20.11&quot;,&quot;3.20.3&quot;,&quot;3.21.3&quot;,&quot;3.21.6&quot;,&quot;3.22.6&quot;,&quot;3.23.11&quot;,&quot;3.23.6&quot;,&quot;3.24.1&quot;,&quot;3.24.6&quot;,&quot;3.3.3&quot;,&quot;3.4.1&quot;,&quot;3.7.10&quot;,&quot;3.7.11&quot;,&quot;3.7.7&quot;,&quot;3.8.1&quot;,&quot;3.9.10&quot;,&quot;4.1.1&quot;,&quot;4.10.7&quot;,&quot;4.16.8&quot;,&quot;4.17.1&quot;,&quot;4.18.1&quot;,&quot;4.18.2&quot;,&quot;4.20.5&quot;,&quot;4.23.5&quot;,&quot;4.27.1&quot;,&quot;4.28.2&quot;,&quot;4.28.5&quot;,&quot;4.30.2&quot;,&quot;4.4.6&quot;,&quot;4.4.7&quot;,&quot;4.5.9&quot;,&quot;4.7.2&quot;,&quot;5.17.1&quot;,&quot;5.9.1&quot;,&quot;7.1.5&quot;,&quot;7.1.6&quot;,&quot;7.1.7&quot;,&quot;7.10.3&quot;,&quot;7.11.8&quot;,&quot;7.12.7&quot;,&quot;7.13.3&quot;,&quot;7.13.7&quot;,&quot;7.18.5&quot;,&quot;7.20.8&quot;,&quot;7.25.3&quot;,&quot;7.6.2&quot;,&quot;7.6.3&quot;,&quot;7.8.4&quot;,&quot;7.9.1&quot;,&quot;8.11.5&quot;,&quot;8.12.6&quot;,&quot;8.12.8&quot;,&quot;8.35.3&quot;,&quot;8.5.13&quot;,&quot;8.5.7&quot;,&quot;8.50.2&quot;,&quot;8.50.5&quot;,&quot;8.51.1&quot;,&quot;8.53.11&quot;,&quot;9.13.5&quot;,&quot;9.14.1&quot;,&quot;9.14.6&quot;]</value></Data>
<Data name="Pleiades"><value>https://pleiades.stoa.org/places/570406</value></Data>
<Data name="ToposText"><value>https://topostext.org/place/370225RLak</value></Data>
</ExtendedData>
        <Point><coordinates>22.5,37.001</coordinates></Point>
      </Placemark>

      <Placemark>
        <name>Lakonia Bk3</name>
        <ExtendedData>
<Data name="name"><value>Lakonia Bk3</value></Data>
<Data name="region"><value></value></Data>
<Data name="part of"><value>Peloponnesos</value></Data>
<Data name="altname"><value>Laconia Lacedaemonia</value></Data>
<Data name="Wikidata"><value>https://wikidata.org/wiki/Q11931074</value></Data>
<Data name="type"><value>[&quot;chora/region&quot;]</value></Data>
<Data name="passages"><value>[&quot;1.11.2&quot;,&quot;1.13.4&quot;,&quot;1.13.5&quot;,&quot;1.13.6&quot;,&quot;1.13.7&quot;,&quot;1.18.4&quot;,&quot;1.28.4&quot;,&quot;1.38.4&quot;,&quot;10.13.10&quot;,&quot;10.2.2&quot;,&quot;10.38.10&quot;,&quot;10.9.5&quot;,&quot;10.9.9&quot;,&quot;2.18.8&quot;,&quot;2.22.6&quot;,&quot;2.3.5&quot;,&quot;2.9.2&quot;,&quot;3.1.1&quot;,&quot;3.1.3&quot;,&quot;3.1.5&quot;,&quot;3.11.1&quot;,&quot;3.12.9&quot;,&quot;3.14.9&quot;,&quot;3.16.9&quot;,&quot;3.18.3&quot;,&quot;3.20.10&quot;,&quot;3.20.11&quot;,&quot;3.20.3&quot;,&quot;3.21.3&quot;,&quot;3.21.6&quot;,&quot;3.22.6&quot;,&quot;3.23.11&quot;,&quot;3.23.6&quot;,&quot;3.24.1&quot;,&quot;3.24.6&quot;,&quot;3.3.3&quot;,&quot;3.4.1&quot;,&quot;3.7.10&quot;,&quot;3.7.11&quot;,&quot;3.7.7&quot;,&quot;3.8.1&quot;,&quot;3.9.10&quot;,&quot;4.1.1&quot;,&quot;4.10.7&quot;,&quot;4.16.8&quot;,&quot;4.17.1&quot;,&quot;4.18.1&quot;,&quot;4.18.2&quot;,&quot;4.20.5&quot;,&quot;4.23.5&quot;,&quot;4.27.1&quot;,&quot;4.28.2&quot;,&quot;4.28.5&quot;,&quot;4.30.2&quot;,&quot;4.4.6&quot;,&quot;4.4.7&quot;,&quot;4.5.9&quot;,&quot;4.7.2&quot;,&quot;5.17.1&quot;,&quot;5.9.1&quot;,&quot;7.1.5&quot;,&quot;7.1.6&quot;,&quot;7.1.7&quot;,&quot;7.10.3&quot;,&quot;7.11.8&quot;,&quot;7.12.7&quot;,&quot;7.13.3&quot;,&quot;7.13.7&quot;,&quot;7.18.5&quot;,&quot;7.20.8&quot;,&quot;7.25.3&quot;,&quot;7.6.2&quot;,&quot;7.6.3&quot;,&quot;7.8.4&quot;,&quot;7.9.1&quot;,&quot;8.11.5&quot;,&quot;8.12.6&quot;,&quot;8.12.8&quot;,&quot;8.35.3&quot;,&quot;8.5.13&quot;,&quot;8.5.7&quot;,&quot;8.50.2&quot;,&quot;8.50.5&quot;,&quot;8.51.1&quot;,&quot;8.53.11&quot;,&quot;9.13.5&quot;,&quot;9.14.1&quot;,&quot;9.14.6&quot;]</value></Data>
<Data name="Pleiades"><value>https://pleiades.stoa.org/places/570406</value></Data>
<Data name="ToposText"><value>https://topostext.org/place/370225RLak</value></Data>
</ExtendedData>
        <Point><coordinates>22.5,37.001</coordinates></Point>
      </Placemark>
    </Document>
  </kml>