<?xml version="1.0" encoding="UTF-8"?>
  <kml xmlns="http://www.opengis.net/kml/2.2">
    <Document>
      <name>Book 2</name>
      
      <Placemark>
        <name>Sanctuary of Athena Salpinx, Argos</name>
        <description><![CDATA[<strong>name</strong>: Sanctuary of Athena Salpinx, Argos<br><strong>region</strong>: Argolid Bk2<br><strong>part of</strong>: Agora of Argos<br><strong>location</strong>: Agora of Argos<br><strong>Wikidata</strong>: <a href="https://wikidata.org/wiki/Q134037479" target="_blank">https://wikidata.org/wiki/Q134037479</a><br><strong>type</strong>: hieron<br><strong>passages</strong>: 2.21.3<br><strong>Manto</strong>: <a href="https://resource.manto.unh.edu/10185361" target="_blank">https://resource.manto.unh.edu/10185361</a>]]></description>
        <Point><coordinates>22.7214,37.6305</coordinates></Point>
      </Placemark>

      <Placemark>
        <name>Gortyna/Gortyn (Crete)</name>
        <description><![CDATA[<strong>name</strong>: Gortyna/Gortyn (Crete)<br><strong>region</strong>: Crete<br><strong>part of</strong>: Crete<br><strong>Wikidata</strong>: <a href="https://wikidata.org/wiki/Q1136193" target="_blank">https://wikidata.org/wiki/Q1136193</a><br><strong>type</strong>: settlement<br><strong>passages</strong>: 2.15.1, 8.53.4<br><strong>Pleiades</strong>: <a href="https://pleiades.stoa.org/places/589796" target="_blank">https://pleiades.stoa.org/places/589796</a>]]></description>
        <Point><coordinates>24.94694372,35.06272017</coordinates></Point>
      </Placemark>

      <Placemark>
        <name>Sanctuary of Poseidon at Lechaion</name>
        <description><![CDATA[<strong>name</strong>: Sanctuary of Poseidon at Lechaion<br><strong>region</strong>: Corinthia Bk2<br><strong>part of</strong>: Lechaion<br><strong>location</strong>: Lechaion<br><strong>Wikidata</strong>: <a href="https://wikidata.org/wiki/Q134037594" target="_blank">https://wikidata.org/wiki/Q134037594</a><br><strong>type</strong>: hieron<br><strong>passages</strong>: 2.2.3]]></description>
        <Point><coordinates>22.88807,37.93277</coordinates></Point>
      </Placemark>

      <Placemark>
        <name>Asclepieion of Leben in Crete</name>
        <description><![CDATA[<strong>name</strong>: Asclepieion of Leben in Crete<br><strong>region</strong>: Crete<br><strong>part of</strong>: Crete<br><strong>Wikidata</strong>: <a href="https://wikidata.org/wiki/Q11931287" target="_blank">https://wikidata.org/wiki/Q11931287</a><br><strong>type</strong>: Asclepieion<br><strong>passages</strong>: 2.26.9<br><strong>Pleiades</strong>: <a href="https://pleiades.stoa.org/places/589901" target="_blank">https://pleiades.stoa.org/places/589901</a><br><strong>ToposText</strong>: <a href="https://topostext.org/place/349249PLeb" target="_blank">https://topostext.org/place/349249PLeb</a>]]></description>
        <Point><coordinates>24.924,34.932</coordinates></Point>
      </Placemark>

      <Placemark>
        <name>Agora of Corinth</name>
        <description><![CDATA[<strong>name</strong>: Agora of Corinth<br><strong>region</strong>: Corinthia Bk2<br><strong>part of</strong>: Corinth (Corinthia)<br><strong>Wikidata</strong>: <a href="https://wikidata.org/wiki/Q125523468" target="_blank">https://wikidata.org/wiki/Q125523468</a><br><strong>type</strong>: agora<br><strong>passages</strong>: 2.2.6, 2.2.8, 2.3.1, 2.3.2, 2.3.6<br><strong>Pleiades</strong>: <a href="https://pleiades.stoa.org/places/958275306" target="_blank">https://pleiades.stoa.org/places/958275306</a>]]></description>
        <Point><coordinates>22.8793472,37.9049161</coordinates></Point>
      </Placemark>

      <Placemark>
        <name>Agora of Corinth</name>
        <description><![CDATA[<strong>name</strong>: Agora of Corinth<br><strong>region</strong>: Corinthia Bk2<br><strong>part of</strong>: Corinth (Corinthia)<br><strong>Wikidata</strong>: <a href="https://wikidata.org/wiki/Q125523468" target="_blank">https://wikidata.org/wiki/Q125523468</a><br><strong>type</strong>: agora<br><strong>passages</strong>: 2.2.6, 2.2.8, 2.3.1, 2.3.2, 2.3.6<br><strong>Pleiades</strong>: <a href="https://pleiades.stoa.org/places/958275306" target="_blank">https://pleiades.stoa.org/places/958275306</a>]]></description>
        <Point><coordinates>22.8793472,37.9049161</coordinates></Point>
      </Placemark>

      <Placemark>
        <name>Agora of Corinth</name>
        <description><![CDATA[<strong>name</strong>: Agora of Corinth<br><strong>region</strong>: Corinthia Bk2<br><strong>part of</strong>: Corinth (Corinthia)<br><strong>Wikidata</strong>: <a href="https://wikidata.org/wiki/Q125523468" target="_blank">https://wikidata.org/wiki/Q125523468</a><br><strong>type</strong>: agora<br><strong>passages</strong>: 2.2.6, 2.2.8, 2.3.1, 2.3.2, 2.3.6<br><strong>Pleiades</strong>: <a href="https://pleiades.stoa.org/places/958275306" target="_blank">https://pleiades.stoa.org/places/958275306</a>]]></description>
        <Point><coordinates>22.8793472,37.9049161</coordinates></Point>
      </Placemark>

      <Placemark>
        <name>Agora of Corinth</name>
        <description><![CDATA[<strong>name</strong>: Agora of Corinth<br><strong>region</strong>: Corinthia Bk2<br><strong>part of</strong>: Corinth (Corinthia)<br><strong>Wikidata</strong>: <a href="https://wikidata.org/wiki/Q125523468" target="_blank">https://wikidata.org/wiki/Q125523468</a><br><strong>type</strong>: agora<br><strong>passages</strong>: 2.2.6, 2.2.8, 2.3.1, 2.3.2, 2.3.6<br><strong>Pleiades</strong>: <a href="https://pleiades.stoa.org/places/958275306" target="_blank">https://pleiades.stoa.org/places/958275306</a>]]></description>
        <Point><coordinates>22.8793472,37.9049161</coordinates></Point>
      </Placemark>

      <Placemark>
        <name>Agora of Corinth</name>
        <description><![CDATA[<strong>name</strong>: Agora of Corinth<br><strong>region</strong>: Corinthia Bk2<br><strong>part of</strong>: Corinth (Corinthia)<br><strong>Wikidata</strong>: <a href="https://wikidata.org/wiki/Q125523468" target="_blank">https://wikidata.org/wiki/Q125523468</a><br><strong>type</strong>: agora<br><strong>passages</strong>: 2.2.6, 2.2.8, 2.3.1, 2.3.2, 2.3.6<br><strong>Pleiades</strong>: <a href="https://pleiades.stoa.org/places/958275306" target="_blank">https://pleiades.stoa.org/places/958275306</a>]]></description>
        <Point><coordinates>22.8793472,37.9049161</coordinates></Point>
      </Placemark>

      <Placemark>
        <name>Stadium of Aigina, supporting the theater</name>
        <description><![CDATA[<strong>name</strong>: Stadium of Aigina, supporting the theater<br><strong>region</strong>: Aigina island Bk2<br><strong>part of</strong>: Aigina polity<br><strong>location</strong>: Aigina polity<br><strong>type</strong>: stadium<br><strong>passages</strong>: 2.29.11]]></description>
        <Point><coordinates>23.42372,37.74991</coordinates></Point>
      </Placemark>

      <Placemark>
        <name>Kalydon</name>
        <description><![CDATA[<strong>name</strong>: Kalydon<br><strong>region</strong>: Aitolia region<br><strong>part of</strong>: Kalydonia<br><strong>altname</strong>: Calydon<br><strong>Wikidata</strong>: <a href="https://wikidata.org/wiki/Q750313" target="_blank">https://wikidata.org/wiki/Q750313</a><br><strong>type</strong>: polis<br><strong>passages</strong>: 1.27.9, 2.25.2, 3.10.2, 5.1.3, 7.18.8, 7.18.9, 7.21.1, 7.21.10, 7.21.5, 8.4.10, 8.45.2<br><strong>Pleiades</strong>: <a href="https://pleiades.stoa.org/places/540699" target="_blank">https://pleiades.stoa.org/places/540699</a>]]></description>
        <Point><coordinates>21.5313,38.3714</coordinates></Point>
      </Placemark>

      <Placemark>
        <name>Genesion/Apobathmoi</name>
        <description><![CDATA[<strong>name</strong>: Genesion/Apobathmoi<br><strong>region</strong>: Argolid Bk2<br><strong>part of</strong>: Argolid Bk2<br><strong>Wikidata</strong>: <a href="https://wikidata.org/wiki/Q16571062" target="_blank">https://wikidata.org/wiki/Q16571062</a><br><strong>type</strong>: chorion<br><strong>passages</strong>: 2.38.4, 8.7.2<br><strong>Pleiades</strong>: <a href="https://pleiades.stoa.org/places/570257" target="_blank">https://pleiades.stoa.org/places/570257</a>]]></description>
        <Point><coordinates>22.732834,37.513986</coordinates></Point>
      </Placemark>

      <Placemark>
        <name>Tomb of Hypermestra in Argos Agora</name>
        <description><![CDATA[<strong>name</strong>: Tomb of Hypermestra in Argos Agora<br><strong>region</strong>: Argolid Bk2<br><strong>part of</strong>: Agora of Argos<br><strong>location</strong>: Agora of Argos<br><strong>Wikidata</strong>: <a href="https://wikidata.org/wiki/Q136487515" target="_blank">https://wikidata.org/wiki/Q136487515</a><br><strong>type</strong>: tomb mnema<br><strong>passages</strong>: 2.21.2<br><strong>Manto</strong>: <a href="https://resource.manto.unh.edu/10185356" target="_blank">https://resource.manto.unh.edu/10185356</a>]]></description>
        <Point><coordinates>22.7214,37.6305</coordinates></Point>
      </Placemark>

      <Placemark>
        <name>Pine trees of Sinis, at the beginning of Isthmus</name>
        <description><![CDATA[<strong>name</strong>: Pine trees of Sinis, at the beginning of Isthmus<br><strong>region</strong>: Corinthia Bk2<br><strong>part of</strong>: Isthmus of Corinth<br><strong>location</strong>: Isthmus of Corinth<br><strong>type</strong>: pine<br><strong>passages</strong>: 2.1.4<br><strong>Manto</strong>: <a href="https://resource.manto.unh.edu/11288870" target="_blank">https://resource.manto.unh.edu/11288870</a>]]></description>
        <Point><coordinates>22.973,37.928</coordinates></Point>
      </Placemark>

      <Placemark>
        <name>Ilium</name>
        <description><![CDATA[<strong>name</strong>: Ilium<br><strong>region</strong>: Asia Minor (Asia)<br><strong>part of</strong>: Troas<br><strong>altname</strong>: Troy, Troia, Ilion<br><strong>Wikidata</strong>: <a href="https://wikidata.org/wiki/Q22647" target="_blank">https://wikidata.org/wiki/Q22647</a><br><strong>type</strong>: settlement<br><strong>passages</strong>: 1.1.2, 1.11.1, 1.12.1, 1.12.5, 1.15.2, 1.23.4, 1.28.9, 1.35.1, 1.35.4, 1.37.3, 1.4.6, 1.43.1, 10.1.3, 10.12.2, 10.17.6, 10.25.8, 10.27.4, 10.30.8, 10.31.7, 10.33.2, 10.36.10, 10.38.5, 2.16.6, 2.17.3, 2.18.5, 2.20.6, 2.22.2, 2.23.1, 2.23.5, 2.24.2, 2.24.3, 2.25.5, 2.30.10, 2.32.2, 2.4.2, 3.12.6, 3.22.2, 3.24.11, 3.26.10, 3.4.7, 3.9.3, 5.13.4, 5.13.5, 5.17.10, 5.18.3, 5.22.4, 5.3.4, 5.4.7, 6.25.3, 7.19.6, 7.19.9, 7.24.2, 7.3.7, 7.6.3, 8.1.3, 8.10.10, 8.10.9, 8.12.6, 8.12.9, 8.15.6, 8.15.7, 8.23.4, 8.24.10, 8.28.4, 8.33.2, 8.44.4, 8.45.2, 8.46.2, 8.5.2, 8.5.3, 8.53.7, 8.6.1, 9.18.5, 9.37.7, 9.39.3, 9.4.3, 9.41.2, 9.5.14, 9.5.15<br><strong>Pleiades</strong>: <a href="https://pleiades.stoa.org/places/550595" target="_blank">https://pleiades.stoa.org/places/550595</a>]]></description>
        <Point><coordinates>26.23873,39.9577</coordinates></Point>
      </Placemark>

      <Placemark>
        <name>Ilium</name>
        <description><![CDATA[<strong>name</strong>: Ilium<br><strong>region</strong>: Asia Minor (Asia)<br><strong>part of</strong>: Troas<br><strong>altname</strong>: Troy, Troia, Ilion<br><strong>Wikidata</strong>: <a href="https://wikidata.org/wiki/Q22647" target="_blank">https://wikidata.org/wiki/Q22647</a><br><strong>type</strong>: settlement<br><strong>passages</strong>: 1.1.2, 1.11.1, 1.12.1, 1.12.5, 1.15.2, 1.23.4, 1.28.9, 1.35.1, 1.35.4, 1.37.3, 1.4.6, 1.43.1, 10.1.3, 10.12.2, 10.17.6, 10.25.8, 10.27.4, 10.30.8, 10.31.7, 10.33.2, 10.36.10, 10.38.5, 2.16.6, 2.17.3, 2.18.5, 2.20.6, 2.22.2, 2.23.1, 2.23.5, 2.24.2, 2.24.3, 2.25.5, 2.30.10, 2.32.2, 2.4.2, 3.12.6, 3.22.2, 3.24.11, 3.26.10, 3.4.7, 3.9.3, 5.13.4, 5.13.5, 5.17.10, 5.18.3, 5.22.4, 5.3.4, 5.4.7, 6.25.3, 7.19.6, 7.19.9, 7.24.2, 7.3.7, 7.6.3, 8.1.3, 8.10.10, 8.10.9, 8.12.6, 8.12.9, 8.15.6, 8.15.7, 8.23.4, 8.24.10, 8.28.4, 8.33.2, 8.44.4, 8.45.2, 8.46.2, 8.5.2, 8.5.3, 8.53.7, 8.6.1, 9.18.5, 9.37.7, 9.39.3, 9.4.3, 9.41.2, 9.5.14, 9.5.15<br><strong>Pleiades</strong>: <a href="https://pleiades.stoa.org/places/550595" target="_blank">https://pleiades.stoa.org/places/550595</a>]]></description>
        <Point><coordinates>26.23873,39.9577</coordinates></Point>
      </Placemark>

      <Placemark>
        <name>Ilium</name>
        <description><![CDATA[<strong>name</strong>: Ilium<br><strong>region</strong>: Asia Minor (Asia)<br><strong>part of</strong>: Troas<br><strong>altname</strong>: Troy, Troia, Ilion<br><strong>Wikidata</strong>: <a href="https://wikidata.org/wiki/Q22647" target="_blank">https://wikidata.org/wiki/Q22647</a><br><strong>type</strong>: settlement<br><strong>passages</strong>: 1.1.2, 1.11.1, 1.12.1, 1.12.5, 1.15.2, 1.23.4, 1.28.9, 1.35.1, 1.35.4, 1.37.3, 1.4.6, 1.43.1, 10.1.3, 10.12.2, 10.17.6, 10.25.8, 10.27.4, 10.30.8, 10.31.7, 10.33.2, 10.36.10, 10.38.5, 2.16.6, 2.17.3, 2.18.5, 2.20.6, 2.22.2, 2.23.1, 2.23.5, 2.24.2, 2.24.3, 2.25.5, 2.30.10, 2.32.2, 2.4.2, 3.12.6, 3.22.2, 3.24.11, 3.26.10, 3.4.7, 3.9.3, 5.13.4, 5.13.5, 5.17.10, 5.18.3, 5.22.4, 5.3.4, 5.4.7, 6.25.3, 7.19.6, 7.19.9, 7.24.2, 7.3.7, 7.6.3, 8.1.3, 8.10.10, 8.10.9, 8.12.6, 8.12.9, 8.15.6, 8.15.7, 8.23.4, 8.24.10, 8.28.4, 8.33.2, 8.44.4, 8.45.2, 8.46.2, 8.5.2, 8.5.3, 8.53.7, 8.6.1, 9.18.5, 9.37.7, 9.39.3, 9.4.3, 9.41.2, 9.5.14, 9.5.15<br><strong>Pleiades</strong>: <a href="https://pleiades.stoa.org/places/550595" target="_blank">https://pleiades.stoa.org/places/550595</a>]]></description>
        <Point><coordinates>26.23873,39.9577</coordinates></Point>
      </Placemark>

      <Placemark>
        <name>Ilium</name>
        <description><![CDATA[<strong>name</strong>: Ilium<br><strong>region</strong>: Asia Minor (Asia)<br><strong>part of</strong>: Troas<br><strong>altname</strong>: Troy, Troia, Ilion<br><strong>Wikidata</strong>: <a href="https://wikidata.org/wiki/Q22647" target="_blank">https://wikidata.org/wiki/Q22647</a><br><strong>type</strong>: settlement<br><strong>passages</strong>: 1.1.2, 1.11.1, 1.12.1, 1.12.5, 1.15.2, 1.23.4, 1.28.9, 1.35.1, 1.35.4, 1.37.3, 1.4.6, 1.43.1, 10.1.3, 10.12.2, 10.17.6, 10.25.8, 10.27.4, 10.30.8, 10.31.7, 10.33.2, 10.36.10, 10.38.5, 2.16.6, 2.17.3, 2.18.5, 2.20.6, 2.22.2, 2.23.1, 2.23.5, 2.24.2, 2.24.3, 2.25.5, 2.30.10, 2.32.2, 2.4.2, 3.12.6, 3.22.2, 3.24.11, 3.26.10, 3.4.7, 3.9.3, 5.13.4, 5.13.5, 5.17.10, 5.18.3, 5.22.4, 5.3.4, 5.4.7, 6.25.3, 7.19.6, 7.19.9, 7.24.2, 7.3.7, 7.6.3, 8.1.3, 8.10.10, 8.10.9, 8.12.6, 8.12.9, 8.15.6, 8.15.7, 8.23.4, 8.24.10, 8.28.4, 8.33.2, 8.44.4, 8.45.2, 8.46.2, 8.5.2, 8.5.3, 8.53.7, 8.6.1, 9.18.5, 9.37.7, 9.39.3, 9.4.3, 9.41.2, 9.5.14, 9.5.15<br><strong>Pleiades</strong>: <a href="https://pleiades.stoa.org/places/550595" target="_blank">https://pleiades.stoa.org/places/550595</a>]]></description>
        <Point><coordinates>26.23873,39.9577</coordinates></Point>
      </Placemark>

      <Placemark>
        <name>Ilium</name>
        <description><![CDATA[<strong>name</strong>: Ilium<br><strong>region</strong>: Asia Minor (Asia)<br><strong>part of</strong>: Troas<br><strong>altname</strong>: Troy, Troia, Ilion<br><strong>Wikidata</strong>: <a href="https://wikidata.org/wiki/Q22647" target="_blank">https://wikidata.org/wiki/Q22647</a><br><strong>type</strong>: settlement<br><strong>passages</strong>: 1.1.2, 1.11.1, 1.12.1, 1.12.5, 1.15.2, 1.23.4, 1.28.9, 1.35.1, 1.35.4, 1.37.3, 1.4.6, 1.43.1, 10.1.3, 10.12.2, 10.17.6, 10.25.8, 10.27.4, 10.30.8, 10.31.7, 10.33.2, 10.36.10, 10.38.5, 2.16.6, 2.17.3, 2.18.5, 2.20.6, 2.22.2, 2.23.1, 2.23.5, 2.24.2, 2.24.3, 2.25.5, 2.30.10, 2.32.2, 2.4.2, 3.12.6, 3.22.2, 3.24.11, 3.26.10, 3.4.7, 3.9.3, 5.13.4, 5.13.5, 5.17.10, 5.18.3, 5.22.4, 5.3.4, 5.4.7, 6.25.3, 7.19.6, 7.19.9, 7.24.2, 7.3.7, 7.6.3, 8.1.3, 8.10.10, 8.10.9, 8.12.6, 8.12.9, 8.15.6, 8.15.7, 8.23.4, 8.24.10, 8.28.4, 8.33.2, 8.44.4, 8.45.2, 8.46.2, 8.5.2, 8.5.3, 8.53.7, 8.6.1, 9.18.5, 9.37.7, 9.39.3, 9.4.3, 9.41.2, 9.5.14, 9.5.15<br><strong>Pleiades</strong>: <a href="https://pleiades.stoa.org/places/550595" target="_blank">https://pleiades.stoa.org/places/550595</a>]]></description>
        <Point><coordinates>26.23873,39.9577</coordinates></Point>
      </Placemark>

      <Placemark>
        <name>Ilium</name>
        <description><![CDATA[<strong>name</strong>: Ilium<br><strong>region</strong>: Asia Minor (Asia)<br><strong>part of</strong>: Troas<br><strong>altname</strong>: Troy, Troia, Ilion<br><strong>Wikidata</strong>: <a href="https://wikidata.org/wiki/Q22647" target="_blank">https://wikidata.org/wiki/Q22647</a><br><strong>type</strong>: settlement<br><strong>passages</strong>: 1.1.2, 1.11.1, 1.12.1, 1.12.5, 1.15.2, 1.23.4, 1.28.9, 1.35.1, 1.35.4, 1.37.3, 1.4.6, 1.43.1, 10.1.3, 10.12.2, 10.17.6, 10.25.8, 10.27.4, 10.30.8, 10.31.7, 10.33.2, 10.36.10, 10.38.5, 2.16.6, 2.17.3, 2.18.5, 2.20.6, 2.22.2, 2.23.1, 2.23.5, 2.24.2, 2.24.3, 2.25.5, 2.30.10, 2.32.2, 2.4.2, 3.12.6, 3.22.2, 3.24.11, 3.26.10, 3.4.7, 3.9.3, 5.13.4, 5.13.5, 5.17.10, 5.18.3, 5.22.4, 5.3.4, 5.4.7, 6.25.3, 7.19.6, 7.19.9, 7.24.2, 7.3.7, 7.6.3, 8.1.3, 8.10.10, 8.10.9, 8.12.6, 8.12.9, 8.15.6, 8.15.7, 8.23.4, 8.24.10, 8.28.4, 8.33.2, 8.44.4, 8.45.2, 8.46.2, 8.5.2, 8.5.3, 8.53.7, 8.6.1, 9.18.5, 9.37.7, 9.39.3, 9.4.3, 9.41.2, 9.5.14, 9.5.15<br><strong>Pleiades</strong>: <a href="https://pleiades.stoa.org/places/550595" target="_blank">https://pleiades.stoa.org/places/550595</a>]]></description>
        <Point><coordinates>26.23873,39.9577</coordinates></Point>
      </Placemark>

      <Placemark>
        <name>Ilium</name>
        <description><![CDATA[<strong>name</strong>: Ilium<br><strong>region</strong>: Asia Minor (Asia)<br><strong>part of</strong>: Troas<br><strong>altname</strong>: Troy, Troia, Ilion<br><strong>Wikidata</strong>: <a href="https://wikidata.org/wiki/Q22647" target="_blank">https://wikidata.org/wiki/Q22647</a><br><strong>type</strong>: settlement<br><strong>passages</strong>: 1.1.2, 1.11.1, 1.12.1, 1.12.5, 1.15.2, 1.23.4, 1.28.9, 1.35.1, 1.35.4, 1.37.3, 1.4.6, 1.43.1, 10.1.3, 10.12.2, 10.17.6, 10.25.8, 10.27.4, 10.30.8, 10.31.7, 10.33.2, 10.36.10, 10.38.5, 2.16.6, 2.17.3, 2.18.5, 2.20.6, 2.22.2, 2.23.1, 2.23.5, 2.24.2, 2.24.3, 2.25.5, 2.30.10, 2.32.2, 2.4.2, 3.12.6, 3.22.2, 3.24.11, 3.26.10, 3.4.7, 3.9.3, 5.13.4, 5.13.5, 5.17.10, 5.18.3, 5.22.4, 5.3.4, 5.4.7, 6.25.3, 7.19.6, 7.19.9, 7.24.2, 7.3.7, 7.6.3, 8.1.3, 8.10.10, 8.10.9, 8.12.6, 8.12.9, 8.15.6, 8.15.7, 8.23.4, 8.24.10, 8.28.4, 8.33.2, 8.44.4, 8.45.2, 8.46.2, 8.5.2, 8.5.3, 8.53.7, 8.6.1, 9.18.5, 9.37.7, 9.39.3, 9.4.3, 9.41.2, 9.5.14, 9.5.15<br><strong>Pleiades</strong>: <a href="https://pleiades.stoa.org/places/550595" target="_blank">https://pleiades.stoa.org/places/550595</a>]]></description>
        <Point><coordinates>26.23873,39.9577</coordinates></Point>
      </Placemark>

      <Placemark>
        <name>Ilium</name>
        <description><![CDATA[<strong>name</strong>: Ilium<br><strong>region</strong>: Asia Minor (Asia)<br><strong>part of</strong>: Troas<br><strong>altname</strong>: Troy, Troia, Ilion<br><strong>Wikidata</strong>: <a href="https://wikidata.org/wiki/Q22647" target="_blank">https://wikidata.org/wiki/Q22647</a><br><strong>type</strong>: settlement<br><strong>passages</strong>: 1.1.2, 1.11.1, 1.12.1, 1.12.5, 1.15.2, 1.23.4, 1.28.9, 1.35.1, 1.35.4, 1.37.3, 1.4.6, 1.43.1, 10.1.3, 10.12.2, 10.17.6, 10.25.8, 10.27.4, 10.30.8, 10.31.7, 10.33.2, 10.36.10, 10.38.5, 2.16.6, 2.17.3, 2.18.5, 2.20.6, 2.22.2, 2.23.1, 2.23.5, 2.24.2, 2.24.3, 2.25.5, 2.30.10, 2.32.2, 2.4.2, 3.12.6, 3.22.2, 3.24.11, 3.26.10, 3.4.7, 3.9.3, 5.13.4, 5.13.5, 5.17.10, 5.18.3, 5.22.4, 5.3.4, 5.4.7, 6.25.3, 7.19.6, 7.19.9, 7.24.2, 7.3.7, 7.6.3, 8.1.3, 8.10.10, 8.10.9, 8.12.6, 8.12.9, 8.15.6, 8.15.7, 8.23.4, 8.24.10, 8.28.4, 8.33.2, 8.44.4, 8.45.2, 8.46.2, 8.5.2, 8.5.3, 8.53.7, 8.6.1, 9.18.5, 9.37.7, 9.39.3, 9.4.3, 9.41.2, 9.5.14, 9.5.15<br><strong>Pleiades</strong>: <a href="https://pleiades.stoa.org/places/550595" target="_blank">https://pleiades.stoa.org/places/550595</a>]]></description>
        <Point><coordinates>26.23873,39.9577</coordinates></Point>
      </Placemark>

      <Placemark>
        <name>Ilium</name>
        <description><![CDATA[<strong>name</strong>: Ilium<br><strong>region</strong>: Asia Minor (Asia)<br><strong>part of</strong>: Troas<br><strong>altname</strong>: Troy, Troia, Ilion<br><strong>Wikidata</strong>: <a href="https://wikidata.org/wiki/Q22647" target="_blank">https://wikidata.org/wiki/Q22647</a><br><strong>type</strong>: settlement<br><strong>passages</strong>: 1.1.2, 1.11.1, 1.12.1, 1.12.5, 1.15.2, 1.23.4, 1.28.9, 1.35.1, 1.35.4, 1.37.3, 1.4.6, 1.43.1, 10.1.3, 10.12.2, 10.17.6, 10.25.8, 10.27.4, 10.30.8, 10.31.7, 10.33.2, 10.36.10, 10.38.5, 2.16.6, 2.17.3, 2.18.5, 2.20.6, 2.22.2, 2.23.1, 2.23.5, 2.24.2, 2.24.3, 2.25.5, 2.30.10, 2.32.2, 2.4.2, 3.12.6, 3.22.2, 3.24.11, 3.26.10, 3.4.7, 3.9.3, 5.13.4, 5.13.5, 5.17.10, 5.18.3, 5.22.4, 5.3.4, 5.4.7, 6.25.3, 7.19.6, 7.19.9, 7.24.2, 7.3.7, 7.6.3, 8.1.3, 8.10.10, 8.10.9, 8.12.6, 8.12.9, 8.15.6, 8.15.7, 8.23.4, 8.24.10, 8.28.4, 8.33.2, 8.44.4, 8.45.2, 8.46.2, 8.5.2, 8.5.3, 8.53.7, 8.6.1, 9.18.5, 9.37.7, 9.39.3, 9.4.3, 9.41.2, 9.5.14, 9.5.15<br><strong>Pleiades</strong>: <a href="https://pleiades.stoa.org/places/550595" target="_blank">https://pleiades.stoa.org/places/550595</a>]]></description>
        <Point><coordinates>26.23873,39.9577</coordinates></Point>
      </Placemark>

      <Placemark>
        <name>Ilium</name>
        <description><![CDATA[<strong>name</strong>: Ilium<br><strong>region</strong>: Asia Minor (Asia)<br><strong>part of</strong>: Troas<br><strong>altname</strong>: Troy, Troia, Ilion<br><strong>Wikidata</strong>: <a href="https://wikidata.org/wiki/Q22647" target="_blank">https://wikidata.org/wiki/Q22647</a><br><strong>type</strong>: settlement<br><strong>passages</strong>: 1.1.2, 1.11.1, 1.12.1, 1.12.5, 1.15.2, 1.23.4, 1.28.9, 1.35.1, 1.35.4, 1.37.3, 1.4.6, 1.43.1, 10.1.3, 10.12.2, 10.17.6, 10.25.8, 10.27.4, 10.30.8, 10.31.7, 10.33.2, 10.36.10, 10.38.5, 2.16.6, 2.17.3, 2.18.5, 2.20.6, 2.22.2, 2.23.1, 2.23.5, 2.24.2, 2.24.3, 2.25.5, 2.30.10, 2.32.2, 2.4.2, 3.12.6, 3.22.2, 3.24.11, 3.26.10, 3.4.7, 3.9.3, 5.13.4, 5.13.5, 5.17.10, 5.18.3, 5.22.4, 5.3.4, 5.4.7, 6.25.3, 7.19.6, 7.19.9, 7.24.2, 7.3.7, 7.6.3, 8.1.3, 8.10.10, 8.10.9, 8.12.6, 8.12.9, 8.15.6, 8.15.7, 8.23.4, 8.24.10, 8.28.4, 8.33.2, 8.44.4, 8.45.2, 8.46.2, 8.5.2, 8.5.3, 8.53.7, 8.6.1, 9.18.5, 9.37.7, 9.39.3, 9.4.3, 9.41.2, 9.5.14, 9.5.15<br><strong>Pleiades</strong>: <a href="https://pleiades.stoa.org/places/550595" target="_blank">https://pleiades.stoa.org/places/550595</a>]]></description>
        <Point><coordinates>26.23873,39.9577</coordinates></Point>
      </Placemark>

      <Placemark>
        <name>Ilium</name>
        <description><![CDATA[<strong>name</strong>: Ilium<br><strong>region</strong>: Asia Minor (Asia)<br><strong>part of</strong>: Troas<br><strong>altname</strong>: Troy, Troia, Ilion<br><strong>Wikidata</strong>: <a href="https://wikidata.org/wiki/Q22647" target="_blank">https://wikidata.org/wiki/Q22647</a><br><strong>type</strong>: settlement<br><strong>passages</strong>: 1.1.2, 1.11.1, 1.12.1, 1.12.5, 1.15.2, 1.23.4, 1.28.9, 1.35.1, 1.35.4, 1.37.3, 1.4.6, 1.43.1, 10.1.3, 10.12.2, 10.17.6, 10.25.8, 10.27.4, 10.30.8, 10.31.7, 10.33.2, 10.36.10, 10.38.5, 2.16.6, 2.17.3, 2.18.5, 2.20.6, 2.22.2, 2.23.1, 2.23.5, 2.24.2, 2.24.3, 2.25.5, 2.30.10, 2.32.2, 2.4.2, 3.12.6, 3.22.2, 3.24.11, 3.26.10, 3.4.7, 3.9.3, 5.13.4, 5.13.5, 5.17.10, 5.18.3, 5.22.4, 5.3.4, 5.4.7, 6.25.3, 7.19.6, 7.19.9, 7.24.2, 7.3.7, 7.6.3, 8.1.3, 8.10.10, 8.10.9, 8.12.6, 8.12.9, 8.15.6, 8.15.7, 8.23.4, 8.24.10, 8.28.4, 8.33.2, 8.44.4, 8.45.2, 8.46.2, 8.5.2, 8.5.3, 8.53.7, 8.6.1, 9.18.5, 9.37.7, 9.39.3, 9.4.3, 9.41.2, 9.5.14, 9.5.15<br><strong>Pleiades</strong>: <a href="https://pleiades.stoa.org/places/550595" target="_blank">https://pleiades.stoa.org/places/550595</a>]]></description>
        <Point><coordinates>26.23873,39.9577</coordinates></Point>
      </Placemark>

      <Placemark>
        <name>Ilium</name>
        <description><![CDATA[<strong>name</strong>: Ilium<br><strong>region</strong>: Asia Minor (Asia)<br><strong>part of</strong>: Troas<br><strong>altname</strong>: Troy, Troia, Ilion<br><strong>Wikidata</strong>: <a href="https://wikidata.org/wiki/Q22647" target="_blank">https://wikidata.org/wiki/Q22647</a><br><strong>type</strong>: settlement<br><strong>passages</strong>: 1.1.2, 1.11.1, 1.12.1, 1.12.5, 1.15.2, 1.23.4, 1.28.9, 1.35.1, 1.35.4, 1.37.3, 1.4.6, 1.43.1, 10.1.3, 10.12.2, 10.17.6, 10.25.8, 10.27.4, 10.30.8, 10.31.7, 10.33.2, 10.36.10, 10.38.5, 2.16.6, 2.17.3, 2.18.5, 2.20.6, 2.22.2, 2.23.1, 2.23.5, 2.24.2, 2.24.3, 2.25.5, 2.30.10, 2.32.2, 2.4.2, 3.12.6, 3.22.2, 3.24.11, 3.26.10, 3.4.7, 3.9.3, 5.13.4, 5.13.5, 5.17.10, 5.18.3, 5.22.4, 5.3.4, 5.4.7, 6.25.3, 7.19.6, 7.19.9, 7.24.2, 7.3.7, 7.6.3, 8.1.3, 8.10.10, 8.10.9, 8.12.6, 8.12.9, 8.15.6, 8.15.7, 8.23.4, 8.24.10, 8.28.4, 8.33.2, 8.44.4, 8.45.2, 8.46.2, 8.5.2, 8.5.3, 8.53.7, 8.6.1, 9.18.5, 9.37.7, 9.39.3, 9.4.3, 9.41.2, 9.5.14, 9.5.15<br><strong>Pleiades</strong>: <a href="https://pleiades.stoa.org/places/550595" target="_blank">https://pleiades.stoa.org/places/550595</a>]]></description>
        <Point><coordinates>26.23873,39.9577</coordinates></Point>
      </Placemark>

      <Placemark>
        <name>Ilium</name>
        <description><![CDATA[<strong>name</strong>: Ilium<br><strong>region</strong>: Asia Minor (Asia)<br><strong>part of</strong>: Troas<br><strong>altname</strong>: Troy, Troia, Ilion<br><strong>Wikidata</strong>: <a href="https://wikidata.org/wiki/Q22647" target="_blank">https://wikidata.org/wiki/Q22647</a><br><strong>type</strong>: settlement<br><strong>passages</strong>: 1.1.2, 1.11.1, 1.12.1, 1.12.5, 1.15.2, 1.23.4, 1.28.9, 1.35.1, 1.35.4, 1.37.3, 1.4.6, 1.43.1, 10.1.3, 10.12.2, 10.17.6, 10.25.8, 10.27.4, 10.30.8, 10.31.7, 10.33.2, 10.36.10, 10.38.5, 2.16.6, 2.17.3, 2.18.5, 2.20.6, 2.22.2, 2.23.1, 2.23.5, 2.24.2, 2.24.3, 2.25.5, 2.30.10, 2.32.2, 2.4.2, 3.12.6, 3.22.2, 3.24.11, 3.26.10, 3.4.7, 3.9.3, 5.13.4, 5.13.5, 5.17.10, 5.18.3, 5.22.4, 5.3.4, 5.4.7, 6.25.3, 7.19.6, 7.19.9, 7.24.2, 7.3.7, 7.6.3, 8.1.3, 8.10.10, 8.10.9, 8.12.6, 8.12.9, 8.15.6, 8.15.7, 8.23.4, 8.24.10, 8.28.4, 8.33.2, 8.44.4, 8.45.2, 8.46.2, 8.5.2, 8.5.3, 8.53.7, 8.6.1, 9.18.5, 9.37.7, 9.39.3, 9.4.3, 9.41.2, 9.5.14, 9.5.15<br><strong>Pleiades</strong>: <a href="https://pleiades.stoa.org/places/550595" target="_blank">https://pleiades.stoa.org/places/550595</a>]]></description>
        <Point><coordinates>26.23873,39.9577</coordinates></Point>
      </Placemark>

      <Placemark>
        <name>Kestrine/Kammania</name>
        <description><![CDATA[<strong>name</strong>: Kestrine/Kammania<br><strong>region</strong>: Hellas (Europe)<br><strong>part of</strong>: Thesprotia<br><strong>Wikidata</strong>: <a href="https://wikidata.org/wiki/Q21645767" target="_blank">https://wikidata.org/wiki/Q21645767</a><br><strong>type</strong>: chora/region<br><strong>passages</strong>: 2.23.6<br><strong>Pleiades</strong>: <a href="https://pleiades.stoa.org/places/530942" target="_blank">https://pleiades.stoa.org/places/530942</a>]]></description>
        <Point><coordinates>20.25,39.75</coordinates></Point>
      </Placemark>

      <Placemark>
        <name>Sanctuary of Themis in Epidauros, Asklepieon</name>
        <description><![CDATA[<strong>name</strong>: Sanctuary of Themis in Epidauros, Asklepieon<br><strong>region</strong>: Epidauria Bk2<br><strong>part of</strong>: Asklepieion of Epidauros<br><strong>location</strong>: Asklepieion of Epidauros<br><strong>Wikidata</strong>: <a href="https://wikidata.org/wiki/Q134037658" target="_blank">https://wikidata.org/wiki/Q134037658</a><br><strong>type</strong>: hieron<br><strong>passages</strong>: 2.27.5]]></description>
        <Point><coordinates>23.075,37.597</coordinates></Point>
      </Placemark>

      <Placemark>
        <name>Elis polis</name>
        <description><![CDATA[<strong>name</strong>: Elis polis<br><strong>region</strong>: Eleia Bk5 Bk6<br><strong>part of</strong>: Eleia Bk5 Bk6<br><strong>altname</strong>: on plains road, few houses left<br><strong>Wikidata</strong>: <a href="https://wikidata.org/wiki/Q217667" target="_blank">https://wikidata.org/wiki/Q217667</a><br><strong>type</strong>: polis<br><strong>passages</strong>: 1.29.13, 1.41.6, 2.15.1, 3.11.7, 3.12.8, 3.8.4, 4.28.4, 4.28.5, 5.1.10, 5.1.11, 5.1.4, 5.1.9, 5.14.1, 5.15.11, 5.15.12, 5.16.1, 5.16.5, 5.16.6, 5.16.8, 5.2.5, 5.21.10, 5.25.7, 5.3.1, 5.3.3, 5.3.5, 5.3.6, 5.4.1, 5.4.3, 5.4.4, 5.4.8, 5.5.1, 5.5.2, 5.5.3, 5.6.5, 5.7.1, 5.8.2, 5.8.3, 5.8.6, 5.9.2, 6.17.6, 6.22.5, 6.22.8, 6.23.1, 6.23.6, 6.23.8, 6.25.2, 6.25.6, 6.26.6, 7.1.1, 7.10.2, 7.17.5, 7.21.14, 7.4.7, 7.6.1, 8.1.2, 8.15.5, 8.25.10, 8.26.3, 8.26.4<br><strong>Pleiades</strong>: <a href="https://pleiades.stoa.org/places/570220" target="_blank">https://pleiades.stoa.org/places/570220</a><br><strong>ToposText</strong>: <a href="https://topostext.org/place/378214PEli" target="_blank">https://topostext.org/place/378214PEli</a>]]></description>
        <Point><coordinates>21.374,37.89</coordinates></Point>
      </Placemark>

      <Placemark>
        <name>Delphic Oracle, Pytho (Delphi)</name>
        <description><![CDATA[<strong>name</strong>: Delphic Oracle, Pytho (Delphi)<br><strong>region</strong>: Phokis Bk10<br><strong>part of</strong>: Sanctuary of Pythian Apollo at Delphi<br><strong>Wikidata</strong>: <a href="https://wikidata.org/wiki/Q682558" target="_blank">https://wikidata.org/wiki/Q682558</a><br><strong>type</strong>: oracle manteion<br><strong>passages</strong>: 1.19.3, 1.2.5, 1.3.4, 1.32.5, 1.32.6, 1.44.9, 1.9.3, 10.10.6, 10.11.5, 10.12.1, 10.13.8, 10.5.5, 10.5.6, 10.5.7, 10.5.8, 10.6.6, 10.7.3, 2.26.7, 2.29.7, 2.33.2, 6.11.7, 6.9.7, 9.14.2, 9.8.2]]></description>
        <Point><coordinates>22.50108,38.48264</coordinates></Point>
      </Placemark>

      <Placemark>
        <name>Delphic Oracle, Pytho (Delphi)</name>
        <description><![CDATA[<strong>name</strong>: Delphic Oracle, Pytho (Delphi)<br><strong>region</strong>: Phokis Bk10<br><strong>part of</strong>: Sanctuary of Pythian Apollo at Delphi<br><strong>Wikidata</strong>: <a href="https://wikidata.org/wiki/Q682558" target="_blank">https://wikidata.org/wiki/Q682558</a><br><strong>type</strong>: oracle manteion<br><strong>passages</strong>: 1.19.3, 1.2.5, 1.3.4, 1.32.5, 1.32.6, 1.44.9, 1.9.3, 10.10.6, 10.11.5, 10.12.1, 10.13.8, 10.5.5, 10.5.6, 10.5.7, 10.5.8, 10.6.6, 10.7.3, 2.26.7, 2.29.7, 2.33.2, 6.11.7, 6.9.7, 9.14.2, 9.8.2]]></description>
        <Point><coordinates>22.50108,38.48264</coordinates></Point>
      </Placemark>

      <Placemark>
        <name>Delphic Oracle, Pytho (Delphi)</name>
        <description><![CDATA[<strong>name</strong>: Delphic Oracle, Pytho (Delphi)<br><strong>region</strong>: Phokis Bk10<br><strong>part of</strong>: Sanctuary of Pythian Apollo at Delphi<br><strong>Wikidata</strong>: <a href="https://wikidata.org/wiki/Q682558" target="_blank">https://wikidata.org/wiki/Q682558</a><br><strong>type</strong>: oracle manteion<br><strong>passages</strong>: 1.19.3, 1.2.5, 1.3.4, 1.32.5, 1.32.6, 1.44.9, 1.9.3, 10.10.6, 10.11.5, 10.12.1, 10.13.8, 10.5.5, 10.5.6, 10.5.7, 10.5.8, 10.6.6, 10.7.3, 2.26.7, 2.29.7, 2.33.2, 6.11.7, 6.9.7, 9.14.2, 9.8.2]]></description>
        <Point><coordinates>22.50108,38.48264</coordinates></Point>
      </Placemark>

      <Placemark>
        <name>Larisa Kremaste (Phthiotis)</name>
        <description><![CDATA[<strong>name</strong>: Larisa Kremaste (Phthiotis)<br><strong>region</strong>: Hellas (Europe)<br><strong>part of</strong>: Phthiotis<br><strong>Wikidata</strong>: <a href="https://wikidata.org/wiki/Q11931175" target="_blank">https://wikidata.org/wiki/Q11931175</a><br><strong>type</strong>: settlement<br><strong>passages</strong>: 2.24.1<br><strong>ToposText</strong>: <a href="https://topostext.org/place/390228PLar" target="_blank">https://topostext.org/place/390228PLar</a>]]></description>
        <Point><coordinates>22.839,38.9638</coordinates></Point>
      </Placemark>

      <Placemark>
        <name>Didymoi (Argolid)</name>
        <description><![CDATA[<strong>name</strong>: Didymoi (Argolid)<br><strong>region</strong>: Argolid Bk2<br><strong>part of</strong>: Hermionis Bk2<br><strong>Wikidata</strong>: <a href="https://wikidata.org/wiki/Q125936606" target="_blank">https://wikidata.org/wiki/Q125936606</a><br><strong>type</strong>: chorion<br><strong>passages</strong>: 2.36.3<br><strong>Pleiades</strong>: <a href="https://pleiades.stoa.org/places/570196" target="_blank">https://pleiades.stoa.org/places/570196</a><br><strong>ToposText</strong>: <a href="https://topostext.org/place/375232SDid" target="_blank">https://topostext.org/place/375232SDid</a>]]></description>
        <Point><coordinates>23.1542,37.5</coordinates></Point>
      </Placemark>

      <Placemark>
        <name>Corcyra (settlement)</name>
        <description><![CDATA[<strong>name</strong>: Corcyra (settlement)<br><strong>region</strong>: Hellas (Europe)<br><strong>part of</strong>: Ionian Sea (Greece/Italy)<br><strong>altname</strong>: Kerkyra<br><strong>Wikidata</strong>: <a href="https://wikidata.org/wiki/Q3693378" target="_blank">https://wikidata.org/wiki/Q3693378</a><br><strong>type</strong>: polis<br><strong>passages</strong>: 1.11.6, 10.9.3, 2.3.9, 2.5.2, 5.22.4, 6.25.1, 6.9.9<br><strong>Pleiades</strong>: <a href="https://pleiades.stoa.org/places/530834" target="_blank">https://pleiades.stoa.org/places/530834</a>]]></description>
        <Point><coordinates>19.92178,39.60733</coordinates></Point>
      </Placemark>

      <Placemark>
        <name>Corcyra (settlement)</name>
        <description><![CDATA[<strong>name</strong>: Corcyra (settlement)<br><strong>region</strong>: Hellas (Europe)<br><strong>part of</strong>: Ionian Sea (Greece/Italy)<br><strong>altname</strong>: Kerkyra<br><strong>Wikidata</strong>: <a href="https://wikidata.org/wiki/Q3693378" target="_blank">https://wikidata.org/wiki/Q3693378</a><br><strong>type</strong>: polis<br><strong>passages</strong>: 1.11.6, 10.9.3, 2.3.9, 2.5.2, 5.22.4, 6.25.1, 6.9.9<br><strong>Pleiades</strong>: <a href="https://pleiades.stoa.org/places/530834" target="_blank">https://pleiades.stoa.org/places/530834</a>]]></description>
        <Point><coordinates>19.92178,39.60733</coordinates></Point>
      </Placemark>

      <Placemark>
        <name>Nauplia</name>
        <description><![CDATA[<strong>name</strong>: Nauplia<br><strong>region</strong>: Argolid Bk2<br><strong>part of</strong>: Argolid Bk2<br><strong>Wikidata</strong>: <a href="https://wikidata.org/wiki/Q56399740" target="_blank">https://wikidata.org/wiki/Q56399740</a><br><strong>type</strong>: settlement<br><strong>passages</strong>: 2.38.2, 2.38.3, 4.24.4, 4.35.2<br><strong>Pleiades</strong>: <a href="https://pleiades.stoa.org/places/570501" target="_blank">https://pleiades.stoa.org/places/570501</a>]]></description>
        <Point><coordinates>22.796,37.565</coordinates></Point>
      </Placemark>

      <Placemark>
        <name>Nauplia</name>
        <description><![CDATA[<strong>name</strong>: Nauplia<br><strong>region</strong>: Argolid Bk2<br><strong>part of</strong>: Argolid Bk2<br><strong>Wikidata</strong>: <a href="https://wikidata.org/wiki/Q56399740" target="_blank">https://wikidata.org/wiki/Q56399740</a><br><strong>type</strong>: settlement<br><strong>passages</strong>: 2.38.2, 2.38.3, 4.24.4, 4.35.2<br><strong>Pleiades</strong>: <a href="https://pleiades.stoa.org/places/570501" target="_blank">https://pleiades.stoa.org/places/570501</a>]]></description>
        <Point><coordinates>22.796,37.565</coordinates></Point>
      </Placemark>

      <Placemark>
        <name>summit of Kokkygion mountain, Hermionid</name>
        <description><![CDATA[<strong>name</strong>: summit of Kokkygion mountain, Hermionid<br><strong>region</strong>: Hermionis Bk2<br><strong>part of</strong>: Kokkygion mountain<br><strong>location</strong>: Kokkygion mountain<br><strong>type</strong>: summit<br><strong>passages</strong>: 2.36.3]]></description>
        <Point><coordinates>23.2236,37.3888</coordinates></Point>
      </Placemark>

      <Placemark>
        <name>Troizen (Troizenia)</name>
        <description><![CDATA[<strong>name</strong>: Troizen (Troizenia)<br><strong>region</strong>: Troizenia Bk2<br><strong>part of</strong>: Troizenia Bk2<br><strong>altname</strong>: Troezen<br><strong>Wikidata</strong>: <a href="https://wikidata.org/wiki/Q581494" target="_blank">https://wikidata.org/wiki/Q581494</a><br><strong>type</strong>: polis<br><strong>passages</strong>: 1.22.2, 1.25.4, 1.27.7, 1.8.2, 10.5.6, 2.1.4, 2.30.9, 2.31.4, 2.31.9, 2.32.6, 2.34.1, 2.34.12, 5.23.2, 8.1.1<br><strong>Pleiades</strong>: <a href="https://pleiades.stoa.org/places/570756" target="_blank">https://pleiades.stoa.org/places/570756</a><br><strong>ToposText</strong>: <a href="https://topostext.org/place/375234PTro" target="_blank">https://topostext.org/place/375234PTro</a>]]></description>
        <Point><coordinates>23.3484,37.5033</coordinates></Point>
      </Placemark>

      <Placemark>
        <name>Troizen (Troizenia)</name>
        <description><![CDATA[<strong>name</strong>: Troizen (Troizenia)<br><strong>region</strong>: Troizenia Bk2<br><strong>part of</strong>: Troizenia Bk2<br><strong>altname</strong>: Troezen<br><strong>Wikidata</strong>: <a href="https://wikidata.org/wiki/Q581494" target="_blank">https://wikidata.org/wiki/Q581494</a><br><strong>type</strong>: polis<br><strong>passages</strong>: 1.22.2, 1.25.4, 1.27.7, 1.8.2, 10.5.6, 2.1.4, 2.30.9, 2.31.4, 2.31.9, 2.32.6, 2.34.1, 2.34.12, 5.23.2, 8.1.1<br><strong>Pleiades</strong>: <a href="https://pleiades.stoa.org/places/570756" target="_blank">https://pleiades.stoa.org/places/570756</a><br><strong>ToposText</strong>: <a href="https://topostext.org/place/375234PTro" target="_blank">https://topostext.org/place/375234PTro</a>]]></description>
        <Point><coordinates>23.3484,37.5033</coordinates></Point>
      </Placemark>

      <Placemark>
        <name>Troizen (Troizenia)</name>
        <description><![CDATA[<strong>name</strong>: Troizen (Troizenia)<br><strong>region</strong>: Troizenia Bk2<br><strong>part of</strong>: Troizenia Bk2<br><strong>altname</strong>: Troezen<br><strong>Wikidata</strong>: <a href="https://wikidata.org/wiki/Q581494" target="_blank">https://wikidata.org/wiki/Q581494</a><br><strong>type</strong>: polis<br><strong>passages</strong>: 1.22.2, 1.25.4, 1.27.7, 1.8.2, 10.5.6, 2.1.4, 2.30.9, 2.31.4, 2.31.9, 2.32.6, 2.34.1, 2.34.12, 5.23.2, 8.1.1<br><strong>Pleiades</strong>: <a href="https://pleiades.stoa.org/places/570756" target="_blank">https://pleiades.stoa.org/places/570756</a><br><strong>ToposText</strong>: <a href="https://topostext.org/place/375234PTro" target="_blank">https://topostext.org/place/375234PTro</a>]]></description>
        <Point><coordinates>23.3484,37.5033</coordinates></Point>
      </Placemark>

      <Placemark>
        <name>Troizen (Troizenia)</name>
        <description><![CDATA[<strong>name</strong>: Troizen (Troizenia)<br><strong>region</strong>: Troizenia Bk2<br><strong>part of</strong>: Troizenia Bk2<br><strong>altname</strong>: Troezen<br><strong>Wikidata</strong>: <a href="https://wikidata.org/wiki/Q581494" target="_blank">https://wikidata.org/wiki/Q581494</a><br><strong>type</strong>: polis<br><strong>passages</strong>: 1.22.2, 1.25.4, 1.27.7, 1.8.2, 10.5.6, 2.1.4, 2.30.9, 2.31.4, 2.31.9, 2.32.6, 2.34.1, 2.34.12, 5.23.2, 8.1.1<br><strong>Pleiades</strong>: <a href="https://pleiades.stoa.org/places/570756" target="_blank">https://pleiades.stoa.org/places/570756</a><br><strong>ToposText</strong>: <a href="https://topostext.org/place/375234PTro" target="_blank">https://topostext.org/place/375234PTro</a>]]></description>
        <Point><coordinates>23.3484,37.5033</coordinates></Point>
      </Placemark>

      <Placemark>
        <name>Troizen (Troizenia)</name>
        <description><![CDATA[<strong>name</strong>: Troizen (Troizenia)<br><strong>region</strong>: Troizenia Bk2<br><strong>part of</strong>: Troizenia Bk2<br><strong>altname</strong>: Troezen<br><strong>Wikidata</strong>: <a href="https://wikidata.org/wiki/Q581494" target="_blank">https://wikidata.org/wiki/Q581494</a><br><strong>type</strong>: polis<br><strong>passages</strong>: 1.22.2, 1.25.4, 1.27.7, 1.8.2, 10.5.6, 2.1.4, 2.30.9, 2.31.4, 2.31.9, 2.32.6, 2.34.1, 2.34.12, 5.23.2, 8.1.1<br><strong>Pleiades</strong>: <a href="https://pleiades.stoa.org/places/570756" target="_blank">https://pleiades.stoa.org/places/570756</a><br><strong>ToposText</strong>: <a href="https://topostext.org/place/375234PTro" target="_blank">https://topostext.org/place/375234PTro</a>]]></description>
        <Point><coordinates>23.3484,37.5033</coordinates></Point>
      </Placemark>

      <Placemark>
        <name>Troizen (Troizenia)</name>
        <description><![CDATA[<strong>name</strong>: Troizen (Troizenia)<br><strong>region</strong>: Troizenia Bk2<br><strong>part of</strong>: Troizenia Bk2<br><strong>altname</strong>: Troezen<br><strong>Wikidata</strong>: <a href="https://wikidata.org/wiki/Q581494" target="_blank">https://wikidata.org/wiki/Q581494</a><br><strong>type</strong>: polis<br><strong>passages</strong>: 1.22.2, 1.25.4, 1.27.7, 1.8.2, 10.5.6, 2.1.4, 2.30.9, 2.31.4, 2.31.9, 2.32.6, 2.34.1, 2.34.12, 5.23.2, 8.1.1<br><strong>Pleiades</strong>: <a href="https://pleiades.stoa.org/places/570756" target="_blank">https://pleiades.stoa.org/places/570756</a><br><strong>ToposText</strong>: <a href="https://topostext.org/place/375234PTro" target="_blank">https://topostext.org/place/375234PTro</a>]]></description>
        <Point><coordinates>23.3484,37.5033</coordinates></Point>
      </Placemark>

      <Placemark>
        <name>Troizen (Troizenia)</name>
        <description><![CDATA[<strong>name</strong>: Troizen (Troizenia)<br><strong>region</strong>: Troizenia Bk2<br><strong>part of</strong>: Troizenia Bk2<br><strong>altname</strong>: Troezen<br><strong>Wikidata</strong>: <a href="https://wikidata.org/wiki/Q581494" target="_blank">https://wikidata.org/wiki/Q581494</a><br><strong>type</strong>: polis<br><strong>passages</strong>: 1.22.2, 1.25.4, 1.27.7, 1.8.2, 10.5.6, 2.1.4, 2.30.9, 2.31.4, 2.31.9, 2.32.6, 2.34.1, 2.34.12, 5.23.2, 8.1.1<br><strong>Pleiades</strong>: <a href="https://pleiades.stoa.org/places/570756" target="_blank">https://pleiades.stoa.org/places/570756</a><br><strong>ToposText</strong>: <a href="https://topostext.org/place/375234PTro" target="_blank">https://topostext.org/place/375234PTro</a>]]></description>
        <Point><coordinates>23.3484,37.5033</coordinates></Point>
      </Placemark>

      <Placemark>
        <name>Aigialeia</name>
        <description><![CDATA[<strong>name</strong>: Aigialeia<br><strong>region</strong>: Sikyonia Bk2<br><strong>part of</strong>: Sikyonia Bk2<br><strong>location</strong>: Sicyon (Sikyonia)<br><strong>altname</strong>: Aegialea: predecessor city to Sikyon, in plain below<br><strong>type</strong>: settlement<br><strong>passages</strong>: 2.5.8, 2.6.2, 2.7.7]]></description>
        <Point><coordinates>22.7145,37.9834</coordinates></Point>
      </Placemark>

      <Placemark>
        <name>Aigialeia</name>
        <description><![CDATA[<strong>name</strong>: Aigialeia<br><strong>region</strong>: Sikyonia Bk2<br><strong>part of</strong>: Sikyonia Bk2<br><strong>location</strong>: Sicyon (Sikyonia)<br><strong>altname</strong>: Aegialea: predecessor city to Sikyon, in plain below<br><strong>type</strong>: settlement<br><strong>passages</strong>: 2.5.8, 2.6.2, 2.7.7]]></description>
        <Point><coordinates>22.7145,37.9834</coordinates></Point>
      </Placemark>

      <Placemark>
        <name>Aigialeia</name>
        <description><![CDATA[<strong>name</strong>: Aigialeia<br><strong>region</strong>: Sikyonia Bk2<br><strong>part of</strong>: Sikyonia Bk2<br><strong>location</strong>: Sicyon (Sikyonia)<br><strong>altname</strong>: Aegialea: predecessor city to Sikyon, in plain below<br><strong>type</strong>: settlement<br><strong>passages</strong>: 2.5.8, 2.6.2, 2.7.7]]></description>
        <Point><coordinates>22.7145,37.9834</coordinates></Point>
      </Placemark>

      <Placemark>
        <name>Temple of the Mother of the Gods in Corinth, toward Acrocorinth</name>
        <description><![CDATA[<strong>name</strong>: Temple of the Mother of the Gods in Corinth, toward Acrocorinth<br><strong>region</strong>: Corinthia Bk2<br><strong>part of</strong>: Corinth (Corinthia)<br><strong>location</strong>: Corinth (Corinthia)<br><strong>type</strong>: temple<br><strong>passages</strong>: 2.4.7]]></description>
        <Point><coordinates>22.8802,37.9054</coordinates></Point>
      </Placemark>

      <Placemark>
        <name>Temple of Apollo Pythaeus in Hermione</name>
        <description><![CDATA[<strong>name</strong>: Temple of Apollo Pythaeus in Hermione<br><strong>region</strong>: Hermionis Bk2<br><strong>part of</strong>: Hermione<br><strong>location</strong>: Hermione<br><strong>type</strong>: temple<br><strong>passages</strong>: 2.35.2]]></description>
        <Point><coordinates>23.243591,37.385218</coordinates></Point>
      </Placemark>

      <Placemark>
        <name>Kryptos Limen</name>
        <description><![CDATA[<strong>name</strong>: Kryptos Limen<br><strong>region</strong>: Aigina island Bk2<br><strong>part of</strong>: Aigina island Bk2<br><strong>type</strong>: harbor limen<br><strong>passages</strong>: 2.29.10, 2.29.11<br><strong>Pleiades</strong>: <a href="https://pleiades.stoa.org/places/579997" target="_blank">https://pleiades.stoa.org/places/579997</a><br><strong>ToposText</strong>: <a href="https://topostext.org/place/379234HKry" target="_blank">https://topostext.org/place/379234HKry</a>]]></description>
        <Point><coordinates>23.423,37.751</coordinates></Point>
      </Placemark>

      <Placemark>
        <name>Kryptos Limen</name>
        <description><![CDATA[<strong>name</strong>: Kryptos Limen<br><strong>region</strong>: Aigina island Bk2<br><strong>part of</strong>: Aigina island Bk2<br><strong>type</strong>: harbor limen<br><strong>passages</strong>: 2.29.10, 2.29.11<br><strong>Pleiades</strong>: <a href="https://pleiades.stoa.org/places/579997" target="_blank">https://pleiades.stoa.org/places/579997</a><br><strong>ToposText</strong>: <a href="https://topostext.org/place/379234HKry" target="_blank">https://topostext.org/place/379234HKry</a>]]></description>
        <Point><coordinates>23.423,37.751</coordinates></Point>
      </Placemark>

      <Placemark>
        <name>Sanctuary of Hera at the harbour in Epidaurus</name>
        <description><![CDATA[<strong>name</strong>: Sanctuary of Hera at the harbour in Epidaurus<br><strong>region</strong>: Epidauria Bk2<br><strong>part of</strong>: Epidauros<br><strong>location</strong>: Epidauros<br><strong>Wikidata</strong>: <a href="https://wikidata.org/wiki/Q134037699" target="_blank">https://wikidata.org/wiki/Q134037699</a><br><strong>type</strong>: hieron<br><strong>passages</strong>: 2.29.1]]></description>
        <Point><coordinates>23.1602,37.6335</coordinates></Point>
      </Placemark>

      <Placemark>
        <name>Persea fountain in the ruins of Mycenae</name>
        <description><![CDATA[<strong>name</strong>: Persea fountain in the ruins of Mycenae<br><strong>region</strong>: Argolid Bk2<br><strong>part of</strong>: Mycenae<br><strong>location</strong>: Mycenae<br><strong>type</strong>: spring pege<br><strong>passages</strong>: 2.16.6<br><strong>Manto</strong>: <a href="https://resource.manto.unh.edu/10159488" target="_blank">https://resource.manto.unh.edu/10159488</a>]]></description>
        <Point><coordinates>22.756111,37.730833</coordinates></Point>
      </Placemark>

      <Placemark>
        <name>Mysia (Argolid)</name>
        <description><![CDATA[<strong>name</strong>: Mysia (Argolid)<br><strong>region</strong>: Argolid Bk2<br><strong>part of</strong>: Argolid Bk2<br><strong>type</strong>: chorion<br><strong>passages</strong>: 2.18.3<br><strong>Pleiades</strong>: <a href="https://pleiades.stoa.org/places/570498" target="_blank">https://pleiades.stoa.org/places/570498</a><br><strong>ToposText</strong>: <a href="https://topostext.org/place/377227UMys" target="_blank">https://topostext.org/place/377227UMys</a>]]></description>
        <Point><coordinates>22.727,37.7254</coordinates></Point>
      </Placemark>

      <Placemark>
        <name>Temple of the Graces on Hermione promontory</name>
        <description><![CDATA[<strong>name</strong>: Temple of the Graces on Hermione promontory<br><strong>region</strong>: Hermionis Bk2<br><strong>part of</strong>: Promontory of Hermione<br><strong>location</strong>: Promontory of Hermione<br><strong>type</strong>: temple<br><strong>passages</strong>: 2.34.10]]></description>
        <Point><coordinates>23.243591,37.385218</coordinates></Point>
      </Placemark>

      <Placemark>
        <name>Tomb of Clytemnestra and Aigisthos, Mycenae</name>
        <description><![CDATA[<strong>name</strong>: Tomb of Clytemnestra and Aigisthos, Mycenae<br><strong>region</strong>: Argolid Bk2<br><strong>part of</strong>: Mycenae<br><strong>location</strong>: Mycenae<br><strong>altname</strong>: a bit further away from the wall of Mycenae<br><strong>Wikidata</strong>: <a href="https://wikidata.org/wiki/Q136487408" target="_blank">https://wikidata.org/wiki/Q136487408</a><br><strong>type</strong>: tomb mnema<br><strong>passages</strong>: 2.16.7<br><strong>Manto</strong>: <a href="https://resource.manto.unh.edu/10159510" target="_blank">https://resource.manto.unh.edu/10159510</a>]]></description>
        <Point><coordinates>22.756111,37.730833</coordinates></Point>
      </Placemark>

      <Placemark>
        <name>Sanctuary of Eilethyia at Teneatic Gate of Corinth</name>
        <description><![CDATA[<strong>name</strong>: Sanctuary of Eilethyia at Teneatic Gate of Corinth<br><strong>region</strong>: Corinthia Bk2<br><strong>part of</strong>: Corinth (Corinthia)<br><strong>location</strong>: Corinth (Corinthia)<br><strong>Wikidata</strong>: <a href="https://wikidata.org/wiki/Q134037581" target="_blank">https://wikidata.org/wiki/Q134037581</a><br><strong>type</strong>: hieron<br><strong>passages</strong>: 2.5.4]]></description>
        <Point><coordinates>22.8802,37.9054</coordinates></Point>
      </Placemark>

      <Placemark>
        <name>Precinct of Sarapis in Canobus on ascent to Acrocorinth</name>
        <description><![CDATA[<strong>name</strong>: Precinct of Sarapis in Canobus on ascent to Acrocorinth<br><strong>region</strong>: Corinthia Bk2<br><strong>part of</strong>: Acrocorinth<br><strong>location</strong>: Acrocorinth<br><strong>type</strong>: temenos<br><strong>passages</strong>: 2.4.6]]></description>
        <Point><coordinates>22.878721,37.906045</coordinates></Point>
      </Placemark>

      <Placemark>
        <name>Oinoe (Argolid)</name>
        <description><![CDATA[<strong>name</strong>: Oinoe (Argolid)<br><strong>region</strong>: Argolid Bk2<br><strong>part of</strong>: Argolid Bk2<br><strong>altname</strong>: Oenoe<br><strong>Wikidata</strong>: <a href="https://wikidata.org/wiki/Q30909902" target="_blank">https://wikidata.org/wiki/Q30909902</a><br><strong>type</strong>: settlement<br><strong>passages</strong>: 10.10.4, 2.25.2, 2.25.3<br><strong>ToposText</strong>: <a href="https://topostext.org/place/376226UOin" target="_blank">https://topostext.org/place/376226UOin</a>]]></description>
        <Point><coordinates>22.5703,37.6111</coordinates></Point>
      </Placemark>

      <Placemark>
        <name>Oinoe (Argolid)</name>
        <description><![CDATA[<strong>name</strong>: Oinoe (Argolid)<br><strong>region</strong>: Argolid Bk2<br><strong>part of</strong>: Argolid Bk2<br><strong>altname</strong>: Oenoe<br><strong>Wikidata</strong>: <a href="https://wikidata.org/wiki/Q30909902" target="_blank">https://wikidata.org/wiki/Q30909902</a><br><strong>type</strong>: settlement<br><strong>passages</strong>: 10.10.4, 2.25.2, 2.25.3<br><strong>ToposText</strong>: <a href="https://topostext.org/place/376226UOin" target="_blank">https://topostext.org/place/376226UOin</a>]]></description>
        <Point><coordinates>22.5703,37.6111</coordinates></Point>
      </Placemark>

      <Placemark>
        <name>Reservoir at Apollo Maleatas sanctuary, Asklepieion</name>
        <description><![CDATA[<strong>name</strong>: Reservoir at Apollo Maleatas sanctuary, Asklepieion<br><strong>region</strong>: Epidauria Bk2<br><strong>part of</strong>: Apollo Maleatas sanctuary, Epidauros<br><strong>location</strong>: Apollo Maleatas sanctuary, Epidauros<br><strong>type</strong>: cistern<br><strong>passages</strong>: 2.27.7]]></description>
        <Point><coordinates>23.086,37.599</coordinates></Point>
      </Placemark>

      <Placemark>
        <name>Asklepieion at Lerna spring, Corinth</name>
        <description><![CDATA[<strong>name</strong>: Asklepieion at Lerna spring, Corinth<br><strong>region</strong>: Corinthia Bk2<br><strong>part of</strong>: Corinth (Corinthia)<br><strong>Wikidata</strong>: <a href="https://wikidata.org/wiki/Q25461264" target="_blank">https://wikidata.org/wiki/Q25461264</a><br><strong>type</strong>: Asclepieion<br><strong>passages</strong>: 2.4.5<br><strong>Pleiades</strong>: <a href="https://pleiades.stoa.org/places/322517289" target="_blank">https://pleiades.stoa.org/places/322517289</a><br><strong>ToposText</strong>: <a href="https://topostext.org/place/379229SAsk" target="_blank">https://topostext.org/place/379229SAsk</a>]]></description>
        <Point><coordinates>22.87741,37.9107</coordinates></Point>
      </Placemark>

      <Placemark>
        <name>Tomb of Helenus at Argos, local legend</name>
        <description><![CDATA[<strong>name</strong>: Tomb of Helenus at Argos, local legend<br><strong>region</strong>: Argolid Bk2<br><strong>part of</strong>: Argos (Argolid)<br><strong>location</strong>: Argos (Argolid)<br><strong>Wikidata</strong>: <a href="https://wikidata.org/wiki/Q136487421" target="_blank">https://wikidata.org/wiki/Q136487421</a><br><strong>type</strong>: tomb mnema<br><strong>passages</strong>: 2.23.5<br><strong>Manto</strong>: <a href="https://resource.manto.unh.edu/10187136" target="_blank">https://resource.manto.unh.edu/10187136</a>]]></description>
        <Point><coordinates>22.7195,37.6316</coordinates></Point>
      </Placemark>

      <Placemark>
        <name>Sanctuary of Apollo Pythaeus in Asine, Argolid</name>
        <description><![CDATA[<strong>name</strong>: Sanctuary of Apollo Pythaeus in Asine, Argolid<br><strong>region</strong>: Argolid Bk2<br><strong>part of</strong>: Asine (Argolid)<br><strong>location</strong>: Asine (Argolid)<br><strong>Wikidata</strong>: <a href="https://wikidata.org/wiki/Q134037554" target="_blank">https://wikidata.org/wiki/Q134037554</a><br><strong>type</strong>: hieron<br><strong>passages</strong>: 2.36.5]]></description>
        <Point><coordinates>22.8745,37.528</coordinates></Point>
      </Placemark>

      <Placemark>
        <name>Sanctuary of Baton in Argos</name>
        <description><![CDATA[<strong>name</strong>: Sanctuary of Baton in Argos<br><strong>region</strong>: Argolid Bk2<br><strong>part of</strong>: Koile road from Kylarabis gymnasium, Argos<br><strong>location</strong>: Koile road from Kylarabis gymnasium, Argos<br><strong>Wikidata</strong>: <a href="https://wikidata.org/wiki/Q134037474" target="_blank">https://wikidata.org/wiki/Q134037474</a><br><strong>type</strong>: hieron<br><strong>passages</strong>: 2.23.2]]></description>
        <Point><coordinates>22.7195,37.6316</coordinates></Point>
      </Placemark>

      <Placemark>
        <name>Temple of Artemis Lykeia in Troizen</name>
        <description><![CDATA[<strong>name</strong>: Temple of Artemis Lykeia in Troizen<br><strong>region</strong>: Troizenia Bk2<br><strong>part of</strong>: Troizen (Troizenia)<br><strong>location</strong>: Troizen (Troizenia)<br><strong>type</strong>: temple<br><strong>passages</strong>: 2.31.2]]></description>
        <Point><coordinates>23.3484,37.5033</coordinates></Point>
      </Placemark>

      <Placemark>
        <name>Ionia (region)</name>
        <description><![CDATA[<strong>name</strong>: Ionia (region)<br><strong>region</strong>: Asia (continent)<br><strong>part of</strong>: Asia Minor (Asia)<br><strong>Wikidata</strong>: <a href="https://wikidata.org/wiki/Q620874" target="_blank">https://wikidata.org/wiki/Q620874</a><br><strong>type</strong>: chora/region<br><strong>passages</strong>: 1.1.5, 1.29.5, 10.24.1, 10.32.4, 10.33.2, 10.8.6, 2.31.6, 3.2.1, 3.9.6, 5.21.13, 5.27.12, 5.7.5, 6.24.2, 6.3.15, 7.3.7, 7.3.8, 7.5.10, 7.5.12, 7.5.13, 7.5.4, 8.43.4, 8.45.5, 9.19.8, 9.21.6, 9.27.1, 9.27.8, 9.33.2, 9.37.8<br><strong>Pleiades</strong>: <a href="https://pleiades.stoa.org/places/550597" target="_blank">https://pleiades.stoa.org/places/550597</a>]]></description>
        <Point><coordinates>27.366012129999998,38.25857286</coordinates></Point>
      </Placemark>

      <Placemark>
        <name>Temple of Tyche in the Agora of Corinth</name>
        <description><![CDATA[<strong>name</strong>: Temple of Tyche in the Agora of Corinth<br><strong>region</strong>: Corinthia Bk2<br><strong>part of</strong>: Agora of Corinth<br><strong>location</strong>: Agora of Corinth<br><strong>type</strong>: temple<br><strong>passages</strong>: 2.2.8]]></description>
        <Point><coordinates>22.8793472,37.9049161</coordinates></Point>
      </Placemark>

      <Placemark>
        <name>Tomb of Tantalus son of Zeus on Mt. Sipylos</name>
        <description><![CDATA[<strong>name</strong>: Tomb of Tantalus son of Zeus on Mt. Sipylos<br><strong>region</strong>: Asia Minor (Asia)<br><strong>part of</strong>: Sipylos<br><strong>location</strong>: Sipylos<br><strong>Wikidata</strong>: <a href="https://wikidata.org/wiki/Q136487373" target="_blank">https://wikidata.org/wiki/Q136487373</a><br><strong>type</strong>: tomb mnema<br><strong>passages</strong>: 2.22.3, 5.13.7<br><strong>Manto</strong>: <a href="https://resource.manto.unh.edu/10186979" target="_blank">https://resource.manto.unh.edu/10186979</a>]]></description>
        <Point><coordinates>27.453939999999996,38.5668</coordinates></Point>
      </Placemark>

      <Placemark>
        <name>Sanctuary of Tyche Akraia at Sicyon Acropolis</name>
        <description><![CDATA[<strong>name</strong>: Sanctuary of Tyche Akraia at Sicyon Acropolis<br><strong>region</strong>: Sikyonia Bk2<br><strong>part of</strong>: Sicyon (Sikyonia)<br><strong>location</strong>: Sicyon (Sikyonia)<br><strong>Wikidata</strong>: <a href="https://wikidata.org/wiki/Q134037387" target="_blank">https://wikidata.org/wiki/Q134037387</a><br><strong>type</strong>: hieron<br><strong>passages</strong>: 2.7.5]]></description>
        <Point><coordinates>22.7145,37.9834</coordinates></Point>
      </Placemark>

      <Placemark>
        <name>Argolid Bk2</name>
        <description><![CDATA[<strong>name</strong>: Argolid Bk2<br><strong>region</strong>: <br><strong>part of</strong>: Peloponnesos<br><strong>altname</strong>: Argolis region<br><strong>Wikidata</strong>: <a href="https://wikidata.org/wiki/Q12649101" target="_blank">https://wikidata.org/wiki/Q12649101</a><br><strong>type</strong>: chora/region<br><strong>passages</strong>: 10.10.4, 10.15.1, 10.18.5, 2.1.1, 2.15.4, 2.15.5, 2.16.2, 2.18.4, 2.18.7, 2.20.1, 2.24.7, 2.25.5, 2.26.1, 2.28.2, 2.29.5, 2.35.4, 2.36.4, 2.38.4, 2.38.7, 2.7.1, 3.2.2, 3.23.6, 3.4.1, 3.5.8, 3.5.9, 3.7.3, 3.7.4, 4.11.8, 4.29.2, 4.34.10, 4.34.12, 4.35.2, 5.10.9, 5.23.2, 6.20.7, 7.25.5, 7.26.12, 8.1.1, 8.1.2, 8.22.1, 8.22.3, 8.27.1, 8.3.3, 8.33.3, 8.4.6, 8.54.7, 8.6.4, 8.6.6, 8.7.2<br><strong>Pleiades</strong>: <a href="https://pleiades.stoa.org/places/570104" target="_blank">https://pleiades.stoa.org/places/570104</a><br><strong>ToposText</strong>: <a href="https://topostext.org/place/374229RArg" target="_blank">https://topostext.org/place/374229RArg</a>]]></description>
        <Point><coordinates>22.9,37.67</coordinates></Point>
      </Placemark>

      <Placemark>
        <name>Argolid Bk2</name>
        <description><![CDATA[<strong>name</strong>: Argolid Bk2<br><strong>region</strong>: <br><strong>part of</strong>: Peloponnesos<br><strong>altname</strong>: Argolis region<br><strong>Wikidata</strong>: <a href="https://wikidata.org/wiki/Q12649101" target="_blank">https://wikidata.org/wiki/Q12649101</a><br><strong>type</strong>: chora/region<br><strong>passages</strong>: 10.10.4, 10.15.1, 10.18.5, 2.1.1, 2.15.4, 2.15.5, 2.16.2, 2.18.4, 2.18.7, 2.20.1, 2.24.7, 2.25.5, 2.26.1, 2.28.2, 2.29.5, 2.35.4, 2.36.4, 2.38.4, 2.38.7, 2.7.1, 3.2.2, 3.23.6, 3.4.1, 3.5.8, 3.5.9, 3.7.3, 3.7.4, 4.11.8, 4.29.2, 4.34.10, 4.34.12, 4.35.2, 5.10.9, 5.23.2, 6.20.7, 7.25.5, 7.26.12, 8.1.1, 8.1.2, 8.22.1, 8.22.3, 8.27.1, 8.3.3, 8.33.3, 8.4.6, 8.54.7, 8.6.4, 8.6.6, 8.7.2<br><strong>Pleiades</strong>: <a href="https://pleiades.stoa.org/places/570104" target="_blank">https://pleiades.stoa.org/places/570104</a><br><strong>ToposText</strong>: <a href="https://topostext.org/place/374229RArg" target="_blank">https://topostext.org/place/374229RArg</a>]]></description>
        <Point><coordinates>22.9,37.67</coordinates></Point>
      </Placemark>

      <Placemark>
        <name>Argolid Bk2</name>
        <description><![CDATA[<strong>name</strong>: Argolid Bk2<br><strong>region</strong>: <br><strong>part of</strong>: Peloponnesos<br><strong>altname</strong>: Argolis region<br><strong>Wikidata</strong>: <a href="https://wikidata.org/wiki/Q12649101" target="_blank">https://wikidata.org/wiki/Q12649101</a><br><strong>type</strong>: chora/region<br><strong>passages</strong>: 10.10.4, 10.15.1, 10.18.5, 2.1.1, 2.15.4, 2.15.5, 2.16.2, 2.18.4, 2.18.7, 2.20.1, 2.24.7, 2.25.5, 2.26.1, 2.28.2, 2.29.5, 2.35.4, 2.36.4, 2.38.4, 2.38.7, 2.7.1, 3.2.2, 3.23.6, 3.4.1, 3.5.8, 3.5.9, 3.7.3, 3.7.4, 4.11.8, 4.29.2, 4.34.10, 4.34.12, 4.35.2, 5.10.9, 5.23.2, 6.20.7, 7.25.5, 7.26.12, 8.1.1, 8.1.2, 8.22.1, 8.22.3, 8.27.1, 8.3.3, 8.33.3, 8.4.6, 8.54.7, 8.6.4, 8.6.6, 8.7.2<br><strong>Pleiades</strong>: <a href="https://pleiades.stoa.org/places/570104" target="_blank">https://pleiades.stoa.org/places/570104</a><br><strong>ToposText</strong>: <a href="https://topostext.org/place/374229RArg" target="_blank">https://topostext.org/place/374229RArg</a>]]></description>
        <Point><coordinates>22.9,37.67</coordinates></Point>
      </Placemark>

      <Placemark>
        <name>Argolid Bk2</name>
        <description><![CDATA[<strong>name</strong>: Argolid Bk2<br><strong>region</strong>: <br><strong>part of</strong>: Peloponnesos<br><strong>altname</strong>: Argolis region<br><strong>Wikidata</strong>: <a href="https://wikidata.org/wiki/Q12649101" target="_blank">https://wikidata.org/wiki/Q12649101</a><br><strong>type</strong>: chora/region<br><strong>passages</strong>: 10.10.4, 10.15.1, 10.18.5, 2.1.1, 2.15.4, 2.15.5, 2.16.2, 2.18.4, 2.18.7, 2.20.1, 2.24.7, 2.25.5, 2.26.1, 2.28.2, 2.29.5, 2.35.4, 2.36.4, 2.38.4, 2.38.7, 2.7.1, 3.2.2, 3.23.6, 3.4.1, 3.5.8, 3.5.9, 3.7.3, 3.7.4, 4.11.8, 4.29.2, 4.34.10, 4.34.12, 4.35.2, 5.10.9, 5.23.2, 6.20.7, 7.25.5, 7.26.12, 8.1.1, 8.1.2, 8.22.1, 8.22.3, 8.27.1, 8.3.3, 8.33.3, 8.4.6, 8.54.7, 8.6.4, 8.6.6, 8.7.2<br><strong>Pleiades</strong>: <a href="https://pleiades.stoa.org/places/570104" target="_blank">https://pleiades.stoa.org/places/570104</a><br><strong>ToposText</strong>: <a href="https://topostext.org/place/374229RArg" target="_blank">https://topostext.org/place/374229RArg</a>]]></description>
        <Point><coordinates>22.9,37.67</coordinates></Point>
      </Placemark>

      <Placemark>
        <name>Argolid Bk2</name>
        <description><![CDATA[<strong>name</strong>: Argolid Bk2<br><strong>region</strong>: <br><strong>part of</strong>: Peloponnesos<br><strong>altname</strong>: Argolis region<br><strong>Wikidata</strong>: <a href="https://wikidata.org/wiki/Q12649101" target="_blank">https://wikidata.org/wiki/Q12649101</a><br><strong>type</strong>: chora/region<br><strong>passages</strong>: 10.10.4, 10.15.1, 10.18.5, 2.1.1, 2.15.4, 2.15.5, 2.16.2, 2.18.4, 2.18.7, 2.20.1, 2.24.7, 2.25.5, 2.26.1, 2.28.2, 2.29.5, 2.35.4, 2.36.4, 2.38.4, 2.38.7, 2.7.1, 3.2.2, 3.23.6, 3.4.1, 3.5.8, 3.5.9, 3.7.3, 3.7.4, 4.11.8, 4.29.2, 4.34.10, 4.34.12, 4.35.2, 5.10.9, 5.23.2, 6.20.7, 7.25.5, 7.26.12, 8.1.1, 8.1.2, 8.22.1, 8.22.3, 8.27.1, 8.3.3, 8.33.3, 8.4.6, 8.54.7, 8.6.4, 8.6.6, 8.7.2<br><strong>Pleiades</strong>: <a href="https://pleiades.stoa.org/places/570104" target="_blank">https://pleiades.stoa.org/places/570104</a><br><strong>ToposText</strong>: <a href="https://topostext.org/place/374229RArg" target="_blank">https://topostext.org/place/374229RArg</a>]]></description>
        <Point><coordinates>22.9,37.67</coordinates></Point>
      </Placemark>

      <Placemark>
        <name>Argolid Bk2</name>
        <description><![CDATA[<strong>name</strong>: Argolid Bk2<br><strong>region</strong>: <br><strong>part of</strong>: Peloponnesos<br><strong>altname</strong>: Argolis region<br><strong>Wikidata</strong>: <a href="https://wikidata.org/wiki/Q12649101" target="_blank">https://wikidata.org/wiki/Q12649101</a><br><strong>type</strong>: chora/region<br><strong>passages</strong>: 10.10.4, 10.15.1, 10.18.5, 2.1.1, 2.15.4, 2.15.5, 2.16.2, 2.18.4, 2.18.7, 2.20.1, 2.24.7, 2.25.5, 2.26.1, 2.28.2, 2.29.5, 2.35.4, 2.36.4, 2.38.4, 2.38.7, 2.7.1, 3.2.2, 3.23.6, 3.4.1, 3.5.8, 3.5.9, 3.7.3, 3.7.4, 4.11.8, 4.29.2, 4.34.10, 4.34.12, 4.35.2, 5.10.9, 5.23.2, 6.20.7, 7.25.5, 7.26.12, 8.1.1, 8.1.2, 8.22.1, 8.22.3, 8.27.1, 8.3.3, 8.33.3, 8.4.6, 8.54.7, 8.6.4, 8.6.6, 8.7.2<br><strong>Pleiades</strong>: <a href="https://pleiades.stoa.org/places/570104" target="_blank">https://pleiades.stoa.org/places/570104</a><br><strong>ToposText</strong>: <a href="https://topostext.org/place/374229RArg" target="_blank">https://topostext.org/place/374229RArg</a>]]></description>
        <Point><coordinates>22.9,37.67</coordinates></Point>
      </Placemark>

      <Placemark>
        <name>Argolid Bk2</name>
        <description><![CDATA[<strong>name</strong>: Argolid Bk2<br><strong>region</strong>: <br><strong>part of</strong>: Peloponnesos<br><strong>altname</strong>: Argolis region<br><strong>Wikidata</strong>: <a href="https://wikidata.org/wiki/Q12649101" target="_blank">https://wikidata.org/wiki/Q12649101</a><br><strong>type</strong>: chora/region<br><strong>passages</strong>: 10.10.4, 10.15.1, 10.18.5, 2.1.1, 2.15.4, 2.15.5, 2.16.2, 2.18.4, 2.18.7, 2.20.1, 2.24.7, 2.25.5, 2.26.1, 2.28.2, 2.29.5, 2.35.4, 2.36.4, 2.38.4, 2.38.7, 2.7.1, 3.2.2, 3.23.6, 3.4.1, 3.5.8, 3.5.9, 3.7.3, 3.7.4, 4.11.8, 4.29.2, 4.34.10, 4.34.12, 4.35.2, 5.10.9, 5.23.2, 6.20.7, 7.25.5, 7.26.12, 8.1.1, 8.1.2, 8.22.1, 8.22.3, 8.27.1, 8.3.3, 8.33.3, 8.4.6, 8.54.7, 8.6.4, 8.6.6, 8.7.2<br><strong>Pleiades</strong>: <a href="https://pleiades.stoa.org/places/570104" target="_blank">https://pleiades.stoa.org/places/570104</a><br><strong>ToposText</strong>: <a href="https://topostext.org/place/374229RArg" target="_blank">https://topostext.org/place/374229RArg</a>]]></description>
        <Point><coordinates>22.9,37.67</coordinates></Point>
      </Placemark>

      <Placemark>
        <name>Argolid Bk2</name>
        <description><![CDATA[<strong>name</strong>: Argolid Bk2<br><strong>region</strong>: <br><strong>part of</strong>: Peloponnesos<br><strong>altname</strong>: Argolis region<br><strong>Wikidata</strong>: <a href="https://wikidata.org/wiki/Q12649101" target="_blank">https://wikidata.org/wiki/Q12649101</a><br><strong>type</strong>: chora/region<br><strong>passages</strong>: 10.10.4, 10.15.1, 10.18.5, 2.1.1, 2.15.4, 2.15.5, 2.16.2, 2.18.4, 2.18.7, 2.20.1, 2.24.7, 2.25.5, 2.26.1, 2.28.2, 2.29.5, 2.35.4, 2.36.4, 2.38.4, 2.38.7, 2.7.1, 3.2.2, 3.23.6, 3.4.1, 3.5.8, 3.5.9, 3.7.3, 3.7.4, 4.11.8, 4.29.2, 4.34.10, 4.34.12, 4.35.2, 5.10.9, 5.23.2, 6.20.7, 7.25.5, 7.26.12, 8.1.1, 8.1.2, 8.22.1, 8.22.3, 8.27.1, 8.3.3, 8.33.3, 8.4.6, 8.54.7, 8.6.4, 8.6.6, 8.7.2<br><strong>Pleiades</strong>: <a href="https://pleiades.stoa.org/places/570104" target="_blank">https://pleiades.stoa.org/places/570104</a><br><strong>ToposText</strong>: <a href="https://topostext.org/place/374229RArg" target="_blank">https://topostext.org/place/374229RArg</a>]]></description>
        <Point><coordinates>22.9,37.67</coordinates></Point>
      </Placemark>

      <Placemark>
        <name>Argolid Bk2</name>
        <description><![CDATA[<strong>name</strong>: Argolid Bk2<br><strong>region</strong>: <br><strong>part of</strong>: Peloponnesos<br><strong>altname</strong>: Argolis region<br><strong>Wikidata</strong>: <a href="https://wikidata.org/wiki/Q12649101" target="_blank">https://wikidata.org/wiki/Q12649101</a><br><strong>type</strong>: chora/region<br><strong>passages</strong>: 10.10.4, 10.15.1, 10.18.5, 2.1.1, 2.15.4, 2.15.5, 2.16.2, 2.18.4, 2.18.7, 2.20.1, 2.24.7, 2.25.5, 2.26.1, 2.28.2, 2.29.5, 2.35.4, 2.36.4, 2.38.4, 2.38.7, 2.7.1, 3.2.2, 3.23.6, 3.4.1, 3.5.8, 3.5.9, 3.7.3, 3.7.4, 4.11.8, 4.29.2, 4.34.10, 4.34.12, 4.35.2, 5.10.9, 5.23.2, 6.20.7, 7.25.5, 7.26.12, 8.1.1, 8.1.2, 8.22.1, 8.22.3, 8.27.1, 8.3.3, 8.33.3, 8.4.6, 8.54.7, 8.6.4, 8.6.6, 8.7.2<br><strong>Pleiades</strong>: <a href="https://pleiades.stoa.org/places/570104" target="_blank">https://pleiades.stoa.org/places/570104</a><br><strong>ToposText</strong>: <a href="https://topostext.org/place/374229RArg" target="_blank">https://topostext.org/place/374229RArg</a>]]></description>
        <Point><coordinates>22.9,37.67</coordinates></Point>
      </Placemark>

      <Placemark>
        <name>Argolid Bk2</name>
        <description><![CDATA[<strong>name</strong>: Argolid Bk2<br><strong>region</strong>: <br><strong>part of</strong>: Peloponnesos<br><strong>altname</strong>: Argolis region<br><strong>Wikidata</strong>: <a href="https://wikidata.org/wiki/Q12649101" target="_blank">https://wikidata.org/wiki/Q12649101</a><br><strong>type</strong>: chora/region<br><strong>passages</strong>: 10.10.4, 10.15.1, 10.18.5, 2.1.1, 2.15.4, 2.15.5, 2.16.2, 2.18.4, 2.18.7, 2.20.1, 2.24.7, 2.25.5, 2.26.1, 2.28.2, 2.29.5, 2.35.4, 2.36.4, 2.38.4, 2.38.7, 2.7.1, 3.2.2, 3.23.6, 3.4.1, 3.5.8, 3.5.9, 3.7.3, 3.7.4, 4.11.8, 4.29.2, 4.34.10, 4.34.12, 4.35.2, 5.10.9, 5.23.2, 6.20.7, 7.25.5, 7.26.12, 8.1.1, 8.1.2, 8.22.1, 8.22.3, 8.27.1, 8.3.3, 8.33.3, 8.4.6, 8.54.7, 8.6.4, 8.6.6, 8.7.2<br><strong>Pleiades</strong>: <a href="https://pleiades.stoa.org/places/570104" target="_blank">https://pleiades.stoa.org/places/570104</a><br><strong>ToposText</strong>: <a href="https://topostext.org/place/374229RArg" target="_blank">https://topostext.org/place/374229RArg</a>]]></description>
        <Point><coordinates>22.9,37.67</coordinates></Point>
      </Placemark>

      <Placemark>
        <name>Argolid Bk2</name>
        <description><![CDATA[<strong>name</strong>: Argolid Bk2<br><strong>region</strong>: <br><strong>part of</strong>: Peloponnesos<br><strong>altname</strong>: Argolis region<br><strong>Wikidata</strong>: <a href="https://wikidata.org/wiki/Q12649101" target="_blank">https://wikidata.org/wiki/Q12649101</a><br><strong>type</strong>: chora/region<br><strong>passages</strong>: 10.10.4, 10.15.1, 10.18.5, 2.1.1, 2.15.4, 2.15.5, 2.16.2, 2.18.4, 2.18.7, 2.20.1, 2.24.7, 2.25.5, 2.26.1, 2.28.2, 2.29.5, 2.35.4, 2.36.4, 2.38.4, 2.38.7, 2.7.1, 3.2.2, 3.23.6, 3.4.1, 3.5.8, 3.5.9, 3.7.3, 3.7.4, 4.11.8, 4.29.2, 4.34.10, 4.34.12, 4.35.2, 5.10.9, 5.23.2, 6.20.7, 7.25.5, 7.26.12, 8.1.1, 8.1.2, 8.22.1, 8.22.3, 8.27.1, 8.3.3, 8.33.3, 8.4.6, 8.54.7, 8.6.4, 8.6.6, 8.7.2<br><strong>Pleiades</strong>: <a href="https://pleiades.stoa.org/places/570104" target="_blank">https://pleiades.stoa.org/places/570104</a><br><strong>ToposText</strong>: <a href="https://topostext.org/place/374229RArg" target="_blank">https://topostext.org/place/374229RArg</a>]]></description>
        <Point><coordinates>22.9,37.67</coordinates></Point>
      </Placemark>

      <Placemark>
        <name>Argolid Bk2</name>
        <description><![CDATA[<strong>name</strong>: Argolid Bk2<br><strong>region</strong>: <br><strong>part of</strong>: Peloponnesos<br><strong>altname</strong>: Argolis region<br><strong>Wikidata</strong>: <a href="https://wikidata.org/wiki/Q12649101" target="_blank">https://wikidata.org/wiki/Q12649101</a><br><strong>type</strong>: chora/region<br><strong>passages</strong>: 10.10.4, 10.15.1, 10.18.5, 2.1.1, 2.15.4, 2.15.5, 2.16.2, 2.18.4, 2.18.7, 2.20.1, 2.24.7, 2.25.5, 2.26.1, 2.28.2, 2.29.5, 2.35.4, 2.36.4, 2.38.4, 2.38.7, 2.7.1, 3.2.2, 3.23.6, 3.4.1, 3.5.8, 3.5.9, 3.7.3, 3.7.4, 4.11.8, 4.29.2, 4.34.10, 4.34.12, 4.35.2, 5.10.9, 5.23.2, 6.20.7, 7.25.5, 7.26.12, 8.1.1, 8.1.2, 8.22.1, 8.22.3, 8.27.1, 8.3.3, 8.33.3, 8.4.6, 8.54.7, 8.6.4, 8.6.6, 8.7.2<br><strong>Pleiades</strong>: <a href="https://pleiades.stoa.org/places/570104" target="_blank">https://pleiades.stoa.org/places/570104</a><br><strong>ToposText</strong>: <a href="https://topostext.org/place/374229RArg" target="_blank">https://topostext.org/place/374229RArg</a>]]></description>
        <Point><coordinates>22.9,37.67</coordinates></Point>
      </Placemark>

      <Placemark>
        <name>Argolid Bk2</name>
        <description><![CDATA[<strong>name</strong>: Argolid Bk2<br><strong>region</strong>: <br><strong>part of</strong>: Peloponnesos<br><strong>altname</strong>: Argolis region<br><strong>Wikidata</strong>: <a href="https://wikidata.org/wiki/Q12649101" target="_blank">https://wikidata.org/wiki/Q12649101</a><br><strong>type</strong>: chora/region<br><strong>passages</strong>: 10.10.4, 10.15.1, 10.18.5, 2.1.1, 2.15.4, 2.15.5, 2.16.2, 2.18.4, 2.18.7, 2.20.1, 2.24.7, 2.25.5, 2.26.1, 2.28.2, 2.29.5, 2.35.4, 2.36.4, 2.38.4, 2.38.7, 2.7.1, 3.2.2, 3.23.6, 3.4.1, 3.5.8, 3.5.9, 3.7.3, 3.7.4, 4.11.8, 4.29.2, 4.34.10, 4.34.12, 4.35.2, 5.10.9, 5.23.2, 6.20.7, 7.25.5, 7.26.12, 8.1.1, 8.1.2, 8.22.1, 8.22.3, 8.27.1, 8.3.3, 8.33.3, 8.4.6, 8.54.7, 8.6.4, 8.6.6, 8.7.2<br><strong>Pleiades</strong>: <a href="https://pleiades.stoa.org/places/570104" target="_blank">https://pleiades.stoa.org/places/570104</a><br><strong>ToposText</strong>: <a href="https://topostext.org/place/374229RArg" target="_blank">https://topostext.org/place/374229RArg</a>]]></description>
        <Point><coordinates>22.9,37.67</coordinates></Point>
      </Placemark>

      <Placemark>
        <name>Argolid Bk2</name>
        <description><![CDATA[<strong>name</strong>: Argolid Bk2<br><strong>region</strong>: <br><strong>part of</strong>: Peloponnesos<br><strong>altname</strong>: Argolis region<br><strong>Wikidata</strong>: <a href="https://wikidata.org/wiki/Q12649101" target="_blank">https://wikidata.org/wiki/Q12649101</a><br><strong>type</strong>: chora/region<br><strong>passages</strong>: 10.10.4, 10.15.1, 10.18.5, 2.1.1, 2.15.4, 2.15.5, 2.16.2, 2.18.4, 2.18.7, 2.20.1, 2.24.7, 2.25.5, 2.26.1, 2.28.2, 2.29.5, 2.35.4, 2.36.4, 2.38.4, 2.38.7, 2.7.1, 3.2.2, 3.23.6, 3.4.1, 3.5.8, 3.5.9, 3.7.3, 3.7.4, 4.11.8, 4.29.2, 4.34.10, 4.34.12, 4.35.2, 5.10.9, 5.23.2, 6.20.7, 7.25.5, 7.26.12, 8.1.1, 8.1.2, 8.22.1, 8.22.3, 8.27.1, 8.3.3, 8.33.3, 8.4.6, 8.54.7, 8.6.4, 8.6.6, 8.7.2<br><strong>Pleiades</strong>: <a href="https://pleiades.stoa.org/places/570104" target="_blank">https://pleiades.stoa.org/places/570104</a><br><strong>ToposText</strong>: <a href="https://topostext.org/place/374229RArg" target="_blank">https://topostext.org/place/374229RArg</a>]]></description>
        <Point><coordinates>22.9,37.67</coordinates></Point>
      </Placemark>

      <Placemark>
        <name>Argolid Bk2</name>
        <description><![CDATA[<strong>name</strong>: Argolid Bk2<br><strong>region</strong>: <br><strong>part of</strong>: Peloponnesos<br><strong>altname</strong>: Argolis region<br><strong>Wikidata</strong>: <a href="https://wikidata.org/wiki/Q12649101" target="_blank">https://wikidata.org/wiki/Q12649101</a><br><strong>type</strong>: chora/region<br><strong>passages</strong>: 10.10.4, 10.15.1, 10.18.5, 2.1.1, 2.15.4, 2.15.5, 2.16.2, 2.18.4, 2.18.7, 2.20.1, 2.24.7, 2.25.5, 2.26.1, 2.28.2, 2.29.5, 2.35.4, 2.36.4, 2.38.4, 2.38.7, 2.7.1, 3.2.2, 3.23.6, 3.4.1, 3.5.8, 3.5.9, 3.7.3, 3.7.4, 4.11.8, 4.29.2, 4.34.10, 4.34.12, 4.35.2, 5.10.9, 5.23.2, 6.20.7, 7.25.5, 7.26.12, 8.1.1, 8.1.2, 8.22.1, 8.22.3, 8.27.1, 8.3.3, 8.33.3, 8.4.6, 8.54.7, 8.6.4, 8.6.6, 8.7.2<br><strong>Pleiades</strong>: <a href="https://pleiades.stoa.org/places/570104" target="_blank">https://pleiades.stoa.org/places/570104</a><br><strong>ToposText</strong>: <a href="https://topostext.org/place/374229RArg" target="_blank">https://topostext.org/place/374229RArg</a>]]></description>
        <Point><coordinates>22.9,37.67</coordinates></Point>
      </Placemark>

      <Placemark>
        <name>Argolid Bk2</name>
        <description><![CDATA[<strong>name</strong>: Argolid Bk2<br><strong>region</strong>: <br><strong>part of</strong>: Peloponnesos<br><strong>altname</strong>: Argolis region<br><strong>Wikidata</strong>: <a href="https://wikidata.org/wiki/Q12649101" target="_blank">https://wikidata.org/wiki/Q12649101</a><br><strong>type</strong>: chora/region<br><strong>passages</strong>: 10.10.4, 10.15.1, 10.18.5, 2.1.1, 2.15.4, 2.15.5, 2.16.2, 2.18.4, 2.18.7, 2.20.1, 2.24.7, 2.25.5, 2.26.1, 2.28.2, 2.29.5, 2.35.4, 2.36.4, 2.38.4, 2.38.7, 2.7.1, 3.2.2, 3.23.6, 3.4.1, 3.5.8, 3.5.9, 3.7.3, 3.7.4, 4.11.8, 4.29.2, 4.34.10, 4.34.12, 4.35.2, 5.10.9, 5.23.2, 6.20.7, 7.25.5, 7.26.12, 8.1.1, 8.1.2, 8.22.1, 8.22.3, 8.27.1, 8.3.3, 8.33.3, 8.4.6, 8.54.7, 8.6.4, 8.6.6, 8.7.2<br><strong>Pleiades</strong>: <a href="https://pleiades.stoa.org/places/570104" target="_blank">https://pleiades.stoa.org/places/570104</a><br><strong>ToposText</strong>: <a href="https://topostext.org/place/374229RArg" target="_blank">https://topostext.org/place/374229RArg</a>]]></description>
        <Point><coordinates>22.9,37.67</coordinates></Point>
      </Placemark>

      <Placemark>
        <name>Argolid Bk2</name>
        <description><![CDATA[<strong>name</strong>: Argolid Bk2<br><strong>region</strong>: <br><strong>part of</strong>: Peloponnesos<br><strong>altname</strong>: Argolis region<br><strong>Wikidata</strong>: <a href="https://wikidata.org/wiki/Q12649101" target="_blank">https://wikidata.org/wiki/Q12649101</a><br><strong>type</strong>: chora/region<br><strong>passages</strong>: 10.10.4, 10.15.1, 10.18.5, 2.1.1, 2.15.4, 2.15.5, 2.16.2, 2.18.4, 2.18.7, 2.20.1, 2.24.7, 2.25.5, 2.26.1, 2.28.2, 2.29.5, 2.35.4, 2.36.4, 2.38.4, 2.38.7, 2.7.1, 3.2.2, 3.23.6, 3.4.1, 3.5.8, 3.5.9, 3.7.3, 3.7.4, 4.11.8, 4.29.2, 4.34.10, 4.34.12, 4.35.2, 5.10.9, 5.23.2, 6.20.7, 7.25.5, 7.26.12, 8.1.1, 8.1.2, 8.22.1, 8.22.3, 8.27.1, 8.3.3, 8.33.3, 8.4.6, 8.54.7, 8.6.4, 8.6.6, 8.7.2<br><strong>Pleiades</strong>: <a href="https://pleiades.stoa.org/places/570104" target="_blank">https://pleiades.stoa.org/places/570104</a><br><strong>ToposText</strong>: <a href="https://topostext.org/place/374229RArg" target="_blank">https://topostext.org/place/374229RArg</a>]]></description>
        <Point><coordinates>22.9,37.67</coordinates></Point>
      </Placemark>

      <Placemark>
        <name>Tomb of Aras in Keleai</name>
        <description><![CDATA[<strong>name</strong>: Tomb of Aras in Keleai<br><strong>region</strong>: Phlious Bk2<br><strong>part of</strong>: Keleai<br><strong>location</strong>: Keleai<br><strong>Wikidata</strong>: <a href="https://wikidata.org/wiki/Q136487338" target="_blank">https://wikidata.org/wiki/Q136487338</a><br><strong>type</strong>: tomb mnema<br><strong>passages</strong>: 2.12.4, 2.14.4<br><strong>Manto</strong>: <a href="https://resource.manto.unh.edu/10158670" target="_blank">https://resource.manto.unh.edu/10158670</a>]]></description>
        <Point><coordinates>22.6465,37.8446</coordinates></Point>
      </Placemark>

      <Placemark>
        <name>Tomb of Aras in Keleai</name>
        <description><![CDATA[<strong>name</strong>: Tomb of Aras in Keleai<br><strong>region</strong>: Phlious Bk2<br><strong>part of</strong>: Keleai<br><strong>location</strong>: Keleai<br><strong>Wikidata</strong>: <a href="https://wikidata.org/wiki/Q136487338" target="_blank">https://wikidata.org/wiki/Q136487338</a><br><strong>type</strong>: tomb mnema<br><strong>passages</strong>: 2.12.4, 2.14.4<br><strong>Manto</strong>: <a href="https://resource.manto.unh.edu/10158670" target="_blank">https://resource.manto.unh.edu/10158670</a>]]></description>
        <Point><coordinates>22.6465,37.8446</coordinates></Point>
      </Placemark>

      <Placemark>
        <name>Euboea (island)</name>
        <description><![CDATA[<strong>name</strong>: Euboea (island)<br><strong>region</strong>: Hellas (Europe)<br><strong>part of</strong>: Hellas (Europe)<br><strong>Wikidata</strong>: <a href="https://wikidata.org/wiki/Q173096" target="_blank">https://wikidata.org/wiki/Q173096</a><br><strong>type</strong>: island<br><strong>passages</strong>: 1.17.6, 1.27.5, 1.28.2, 1.29.11, 1.31.5, 1.32.3, 1.36.4, 1.5.3, 10.6.6, 10.9.10, 2.23.1, 4.36.6, 5.13.4, 5.22.4, 5.23.2, 5.23.4, 7.14.7, 7.2.4, 7.26.4, 7.4.9, 7.6.3, 7.7.6, 7.7.9, 8.1.5, 8.14.12, 8.15.7, 9.19.6, 9.22.2, 9.24.5, 9.3.1<br><strong>Pleiades</strong>: <a href="https://pleiades.stoa.org/places/540775" target="_blank">https://pleiades.stoa.org/places/540775</a>]]></description>
        <Point><coordinates>23.87,38.53</coordinates></Point>
      </Placemark>

      <Placemark>
        <name>Temple of Palaemon at Isthmia, on the left of the enclosure</name>
        <description><![CDATA[<strong>name</strong>: Temple of Palaemon at Isthmia, on the left of the enclosure<br><strong>region</strong>: Corinthia Bk2<br><strong>part of</strong>: Isthmian Poseidon sanctuary at Isthmia<br><strong>location</strong>: Isthmian Poseidon sanctuary at Isthmia<br><strong>type</strong>: temple<br><strong>passages</strong>: 2.2.1]]></description>
        <Point><coordinates>22.992664,37.9158514</coordinates></Point>
      </Placemark>

      <Placemark>
        <name>Sanctuary of Athena in Titane</name>
        <description><![CDATA[<strong>name</strong>: Sanctuary of Athena in Titane<br><strong>region</strong>: Corinthia Bk2<br><strong>part of</strong>: Hill in Titane, where the sanctuary of Athena is located<br><strong>location</strong>: Hill in Titane, where the sanctuary of Athena is located<br><strong>Wikidata</strong>: <a href="https://wikidata.org/wiki/Q134037303" target="_blank">https://wikidata.org/wiki/Q134037303</a><br><strong>type</strong>: hieron<br><strong>passages</strong>: 2.11.7<br><strong>Manto</strong>: <a href="https://resource.manto.unh.edu/11288955" target="_blank">https://resource.manto.unh.edu/11288955</a>]]></description>
        <Point><coordinates>22.62501,37.92049</coordinates></Point>
      </Placemark>

      <Placemark>
        <name>Cadmeia of Thebes</name>
        <description><![CDATA[<strong>name</strong>: Cadmeia of Thebes<br><strong>region</strong>: Boiotia Bk9<br><strong>part of</strong>: Thebes (Boeotia)<br><strong>Wikidata</strong>: <a href="https://wikidata.org/wiki/Q1276854" target="_blank">https://wikidata.org/wiki/Q1276854</a><br><strong>type</strong>: acropolis, settlement<br><strong>passages</strong>: 2.5.2, 2.6.4, 3.17.1, 8.33.2, 9.1.4, 9.12.3, 9.5.2, 9.5.3, 9.5.4, 9.5.5, 9.5.6, 9.7.6<br><strong>Pleiades</strong>: <a href="https://pleiades.stoa.org/places/239936126" target="_blank">https://pleiades.stoa.org/places/239936126</a><br><strong>ToposText</strong>: <a href="https://topostext.org/place/383233XCad" target="_blank">https://topostext.org/place/383233XCad</a>]]></description>
        <Point><coordinates>23.3178,38.3209</coordinates></Point>
      </Placemark>

      <Placemark>
        <name>Cadmeia of Thebes</name>
        <description><![CDATA[<strong>name</strong>: Cadmeia of Thebes<br><strong>region</strong>: Boiotia Bk9<br><strong>part of</strong>: Thebes (Boeotia)<br><strong>Wikidata</strong>: <a href="https://wikidata.org/wiki/Q1276854" target="_blank">https://wikidata.org/wiki/Q1276854</a><br><strong>type</strong>: acropolis, settlement<br><strong>passages</strong>: 2.5.2, 2.6.4, 3.17.1, 8.33.2, 9.1.4, 9.12.3, 9.5.2, 9.5.3, 9.5.4, 9.5.5, 9.5.6, 9.7.6<br><strong>Pleiades</strong>: <a href="https://pleiades.stoa.org/places/239936126" target="_blank">https://pleiades.stoa.org/places/239936126</a><br><strong>ToposText</strong>: <a href="https://topostext.org/place/383233XCad" target="_blank">https://topostext.org/place/383233XCad</a>]]></description>
        <Point><coordinates>23.3178,38.3209</coordinates></Point>
      </Placemark>

      <Placemark>
        <name>Peribolos of the Poseidon Sanctuary in Isthmia</name>
        <description><![CDATA[<strong>name</strong>: Peribolos of the Poseidon Sanctuary in Isthmia<br><strong>region</strong>: Corinthia Bk2<br><strong>part of</strong>: Isthmian Poseidon sanctuary at Isthmia<br><strong>location</strong>: Isthmian Poseidon sanctuary at Isthmia<br><strong>type</strong>: enclosure<br><strong>passages</strong>: 2.2.1]]></description>
        <Point><coordinates>22.992664,37.9158514</coordinates></Point>
      </Placemark>

      <Placemark>
        <name>Arachnaion (mountain)</name>
        <description><![CDATA[<strong>name</strong>: Arachnaion (mountain)<br><strong>region</strong>: Epidauria Bk2<br><strong>part of</strong>: Epidauria Bk2<br><strong>Wikidata</strong>: <a href="https://wikidata.org/wiki/Q17521327" target="_blank">https://wikidata.org/wiki/Q17521327</a><br><strong>type</strong>: mountain oros<br><strong>passages</strong>: 2.25.10<br><strong>Pleiades</strong>: <a href="https://pleiades.stoa.org/places/570098" target="_blank">https://pleiades.stoa.org/places/570098</a>]]></description>
        <Point><coordinates>22.9705599,37.6413788</coordinates></Point>
      </Placemark>

      <Placemark>
        <name>Altar of the Themises at Troizen</name>
        <description><![CDATA[<strong>name</strong>: Altar of the Themises at Troizen<br><strong>region</strong>: Troizenia Bk2<br><strong>part of</strong>: Troizen (Troizenia)<br><strong>location</strong>: Troizen (Troizenia)<br><strong>type</strong>: altar<br><strong>passages</strong>: 2.31.5]]></description>
        <Point><coordinates>23.3484,37.5033</coordinates></Point>
      </Placemark>

      <Placemark>
        <name>Lykone (mountain)</name>
        <description><![CDATA[<strong>name</strong>: Lykone (mountain)<br><strong>region</strong>: Argolid Bk2<br><strong>part of</strong>: Argolid Bk2<br><strong>Wikidata</strong>: <a href="https://wikidata.org/wiki/Q25018056" target="_blank">https://wikidata.org/wiki/Q25018056</a><br><strong>type</strong>: mountain oros<br><strong>passages</strong>: 2.24.5<br><strong>Pleiades</strong>: <a href="https://pleiades.stoa.org/places/570443" target="_blank">https://pleiades.stoa.org/places/570443</a>]]></description>
        <Point><coordinates>22.7028,37.6328</coordinates></Point>
      </Placemark>

      <Placemark>
        <name>Chrysoroa spring in Troizen</name>
        <description><![CDATA[<strong>name</strong>: Chrysoroa spring in Troizen<br><strong>region</strong>: Troizenia Bk2<br><strong>part of</strong>: Troizen (Troizenia)<br><strong>location</strong>: Troizen (Troizenia)<br><strong>type</strong>: spring pege, water<br><strong>passages</strong>: 2.31.10]]></description>
        <Point><coordinates>23.3484,37.5033</coordinates></Point>
      </Placemark>

      <Placemark>
        <name>Aigina island Bk2</name>
        <description><![CDATA[<strong>name</strong>: Aigina island Bk2<br><strong>region</strong>: <br><strong>part of</strong>: Saronic Gulf<br><strong>altname</strong>: Aegina<br><strong>Wikidata</strong>: <a href="https://wikidata.org/wiki/Q191082" target="_blank">https://wikidata.org/wiki/Q191082</a><br><strong>type</strong>: island<br><strong>passages</strong>: 10.30.4, 2.29.10, 2.29.2, 2.29.5, 2.29.6, 2.30.3, 2.30.4, 2.30.5, 2.38.5, 2.5.2, 3.4.2, 3.4.3, 5.25.13, 8.42.10<br><strong>Pleiades</strong>: <a href="https://pleiades.stoa.org/places/579844" target="_blank">https://pleiades.stoa.org/places/579844</a><br><strong>URL</strong>: <a href="https://imperium.ahlfeldt.se/places/43633" target="_blank">https://imperium.ahlfeldt.se/places/43633</a>]]></description>
        <Point><coordinates>23.42372,37.74991</coordinates></Point>
      </Placemark>

      <Placemark>
        <name>Aigina island Bk2</name>
        <description><![CDATA[<strong>name</strong>: Aigina island Bk2<br><strong>region</strong>: <br><strong>part of</strong>: Saronic Gulf<br><strong>altname</strong>: Aegina<br><strong>Wikidata</strong>: <a href="https://wikidata.org/wiki/Q191082" target="_blank">https://wikidata.org/wiki/Q191082</a><br><strong>type</strong>: island<br><strong>passages</strong>: 10.30.4, 2.29.10, 2.29.2, 2.29.5, 2.29.6, 2.30.3, 2.30.4, 2.30.5, 2.38.5, 2.5.2, 3.4.2, 3.4.3, 5.25.13, 8.42.10<br><strong>Pleiades</strong>: <a href="https://pleiades.stoa.org/places/579844" target="_blank">https://pleiades.stoa.org/places/579844</a><br><strong>URL</strong>: <a href="https://imperium.ahlfeldt.se/places/43633" target="_blank">https://imperium.ahlfeldt.se/places/43633</a>]]></description>
        <Point><coordinates>23.42372,37.74991</coordinates></Point>
      </Placemark>

      <Placemark>
        <name>Aigina island Bk2</name>
        <description><![CDATA[<strong>name</strong>: Aigina island Bk2<br><strong>region</strong>: <br><strong>part of</strong>: Saronic Gulf<br><strong>altname</strong>: Aegina<br><strong>Wikidata</strong>: <a href="https://wikidata.org/wiki/Q191082" target="_blank">https://wikidata.org/wiki/Q191082</a><br><strong>type</strong>: island<br><strong>passages</strong>: 10.30.4, 2.29.10, 2.29.2, 2.29.5, 2.29.6, 2.30.3, 2.30.4, 2.30.5, 2.38.5, 2.5.2, 3.4.2, 3.4.3, 5.25.13, 8.42.10<br><strong>Pleiades</strong>: <a href="https://pleiades.stoa.org/places/579844" target="_blank">https://pleiades.stoa.org/places/579844</a><br><strong>URL</strong>: <a href="https://imperium.ahlfeldt.se/places/43633" target="_blank">https://imperium.ahlfeldt.se/places/43633</a>]]></description>
        <Point><coordinates>23.42372,37.74991</coordinates></Point>
      </Placemark>

      <Placemark>
        <name>Aigina island Bk2</name>
        <description><![CDATA[<strong>name</strong>: Aigina island Bk2<br><strong>region</strong>: <br><strong>part of</strong>: Saronic Gulf<br><strong>altname</strong>: Aegina<br><strong>Wikidata</strong>: <a href="https://wikidata.org/wiki/Q191082" target="_blank">https://wikidata.org/wiki/Q191082</a><br><strong>type</strong>: island<br><strong>passages</strong>: 10.30.4, 2.29.10, 2.29.2, 2.29.5, 2.29.6, 2.30.3, 2.30.4, 2.30.5, 2.38.5, 2.5.2, 3.4.2, 3.4.3, 5.25.13, 8.42.10<br><strong>Pleiades</strong>: <a href="https://pleiades.stoa.org/places/579844" target="_blank">https://pleiades.stoa.org/places/579844</a><br><strong>URL</strong>: <a href="https://imperium.ahlfeldt.se/places/43633" target="_blank">https://imperium.ahlfeldt.se/places/43633</a>]]></description>
        <Point><coordinates>23.42372,37.74991</coordinates></Point>
      </Placemark>

      <Placemark>
        <name>Aigina island Bk2</name>
        <description><![CDATA[<strong>name</strong>: Aigina island Bk2<br><strong>region</strong>: <br><strong>part of</strong>: Saronic Gulf<br><strong>altname</strong>: Aegina<br><strong>Wikidata</strong>: <a href="https://wikidata.org/wiki/Q191082" target="_blank">https://wikidata.org/wiki/Q191082</a><br><strong>type</strong>: island<br><strong>passages</strong>: 10.30.4, 2.29.10, 2.29.2, 2.29.5, 2.29.6, 2.30.3, 2.30.4, 2.30.5, 2.38.5, 2.5.2, 3.4.2, 3.4.3, 5.25.13, 8.42.10<br><strong>Pleiades</strong>: <a href="https://pleiades.stoa.org/places/579844" target="_blank">https://pleiades.stoa.org/places/579844</a><br><strong>URL</strong>: <a href="https://imperium.ahlfeldt.se/places/43633" target="_blank">https://imperium.ahlfeldt.se/places/43633</a>]]></description>
        <Point><coordinates>23.42372,37.74991</coordinates></Point>
      </Placemark>

      <Placemark>
        <name>Aigina island Bk2</name>
        <description><![CDATA[<strong>name</strong>: Aigina island Bk2<br><strong>region</strong>: <br><strong>part of</strong>: Saronic Gulf<br><strong>altname</strong>: Aegina<br><strong>Wikidata</strong>: <a href="https://wikidata.org/wiki/Q191082" target="_blank">https://wikidata.org/wiki/Q191082</a><br><strong>type</strong>: island<br><strong>passages</strong>: 10.30.4, 2.29.10, 2.29.2, 2.29.5, 2.29.6, 2.30.3, 2.30.4, 2.30.5, 2.38.5, 2.5.2, 3.4.2, 3.4.3, 5.25.13, 8.42.10<br><strong>Pleiades</strong>: <a href="https://pleiades.stoa.org/places/579844" target="_blank">https://pleiades.stoa.org/places/579844</a><br><strong>URL</strong>: <a href="https://imperium.ahlfeldt.se/places/43633" target="_blank">https://imperium.ahlfeldt.se/places/43633</a>]]></description>
        <Point><coordinates>23.42372,37.74991</coordinates></Point>
      </Placemark>

      <Placemark>
        <name>Aigina island Bk2</name>
        <description><![CDATA[<strong>name</strong>: Aigina island Bk2<br><strong>region</strong>: <br><strong>part of</strong>: Saronic Gulf<br><strong>altname</strong>: Aegina<br><strong>Wikidata</strong>: <a href="https://wikidata.org/wiki/Q191082" target="_blank">https://wikidata.org/wiki/Q191082</a><br><strong>type</strong>: island<br><strong>passages</strong>: 10.30.4, 2.29.10, 2.29.2, 2.29.5, 2.29.6, 2.30.3, 2.30.4, 2.30.5, 2.38.5, 2.5.2, 3.4.2, 3.4.3, 5.25.13, 8.42.10<br><strong>Pleiades</strong>: <a href="https://pleiades.stoa.org/places/579844" target="_blank">https://pleiades.stoa.org/places/579844</a><br><strong>URL</strong>: <a href="https://imperium.ahlfeldt.se/places/43633" target="_blank">https://imperium.ahlfeldt.se/places/43633</a>]]></description>
        <Point><coordinates>23.42372,37.74991</coordinates></Point>
      </Placemark>

      <Placemark>
        <name>Aigina island Bk2</name>
        <description><![CDATA[<strong>name</strong>: Aigina island Bk2<br><strong>region</strong>: <br><strong>part of</strong>: Saronic Gulf<br><strong>altname</strong>: Aegina<br><strong>Wikidata</strong>: <a href="https://wikidata.org/wiki/Q191082" target="_blank">https://wikidata.org/wiki/Q191082</a><br><strong>type</strong>: island<br><strong>passages</strong>: 10.30.4, 2.29.10, 2.29.2, 2.29.5, 2.29.6, 2.30.3, 2.30.4, 2.30.5, 2.38.5, 2.5.2, 3.4.2, 3.4.3, 5.25.13, 8.42.10<br><strong>Pleiades</strong>: <a href="https://pleiades.stoa.org/places/579844" target="_blank">https://pleiades.stoa.org/places/579844</a><br><strong>URL</strong>: <a href="https://imperium.ahlfeldt.se/places/43633" target="_blank">https://imperium.ahlfeldt.se/places/43633</a>]]></description>
        <Point><coordinates>23.42372,37.74991</coordinates></Point>
      </Placemark>

      <Placemark>
        <name>Aigina island Bk2</name>
        <description><![CDATA[<strong>name</strong>: Aigina island Bk2<br><strong>region</strong>: <br><strong>part of</strong>: Saronic Gulf<br><strong>altname</strong>: Aegina<br><strong>Wikidata</strong>: <a href="https://wikidata.org/wiki/Q191082" target="_blank">https://wikidata.org/wiki/Q191082</a><br><strong>type</strong>: island<br><strong>passages</strong>: 10.30.4, 2.29.10, 2.29.2, 2.29.5, 2.29.6, 2.30.3, 2.30.4, 2.30.5, 2.38.5, 2.5.2, 3.4.2, 3.4.3, 5.25.13, 8.42.10<br><strong>Pleiades</strong>: <a href="https://pleiades.stoa.org/places/579844" target="_blank">https://pleiades.stoa.org/places/579844</a><br><strong>URL</strong>: <a href="https://imperium.ahlfeldt.se/places/43633" target="_blank">https://imperium.ahlfeldt.se/places/43633</a>]]></description>
        <Point><coordinates>23.42372,37.74991</coordinates></Point>
      </Placemark>

      <Placemark>
        <name>Hermai (Lakonia)</name>
        <description><![CDATA[<strong>name</strong>: Hermai (Lakonia)<br><strong>region</strong>: Lakonia Bk3<br><strong>part of</strong>: Lakonia Bk3<br><strong>Wikidata</strong>: <a href="https://wikidata.org/wiki/Q123501155" target="_blank">https://wikidata.org/wiki/Q123501155</a><br><strong>type</strong>: border<br><strong>passages</strong>: 2.38.7, 3.1.1, 3.10.6<br><strong>Pleiades</strong>: <a href="https://pleiades.stoa.org/places/570291" target="_blank">https://pleiades.stoa.org/places/570291</a><br><strong>ToposText</strong>: <a href="https://topostext.org/place/373225SHer" target="_blank">https://topostext.org/place/373225SHer</a>]]></description>
        <Point><coordinates>22.5324,37.3091</coordinates></Point>
      </Placemark>

      <Placemark>
        <name>Pamphylia</name>
        <description><![CDATA[<strong>name</strong>: Pamphylia<br><strong>region</strong>: Asia (continent)<br><strong>part of</strong>: Asia Minor (Asia)<br><strong>Wikidata</strong>: <a href="https://wikidata.org/wiki/Q585250" target="_blank">https://wikidata.org/wiki/Q585250</a><br><strong>type</strong>: chora/region<br><strong>passages</strong>: 2.28.6, 7.3.7, 8.28.3<br><strong>Pleiades</strong>: <a href="https://pleiades.stoa.org/places/639034" target="_blank">https://pleiades.stoa.org/places/639034</a>]]></description>
        <Point><coordinates>30.986379999999997,36.990721</coordinates></Point>
      </Placemark>

      <Placemark>
        <name>oikos of Amphion in Elis</name>
        <description><![CDATA[<strong>name</strong>: oikos of Amphion in Elis<br><strong>region</strong>: Eleia Bk5 Bk6<br><strong>part of</strong>: Elis polis<br><strong>location</strong>: Elis polis<br><strong>type</strong>: house<br><strong>passages</strong>: 2.21.10]]></description>
        <Point><coordinates>21.374,37.89</coordinates></Point>
      </Placemark>

      <Placemark>
        <name>Stoa in the Agora of Troizen</name>
        <description><![CDATA[<strong>name</strong>: Stoa in the Agora of Troizen<br><strong>region</strong>: Troizenia Bk2<br><strong>part of</strong>: Agora of Troizen<br><strong>location</strong>: Agora of Troizen<br><strong>type</strong>: stoa<br><strong>passages</strong>: 2.31.7]]></description>
        <Point><coordinates>23.3484,37.5033</coordinates></Point>
      </Placemark>

      <Placemark>
        <name>Syracusae/Syrakousai</name>
        <description><![CDATA[<strong>name</strong>: Syracusae/Syrakousai<br><strong>region</strong>: Sicilia (island)<br><strong>part of</strong>: Sicilia (island)<br><strong>Wikidata</strong>: <a href="https://wikidata.org/wiki/Q4420718" target="_blank">https://wikidata.org/wiki/Q4420718</a><br><strong>type</strong>: settlement<br><strong>passages</strong>: 1.2.3, 1.23.3, 10.28.6, 2.22.9, 5.7.2, 5.7.3, 5.8.8, 6.12.2, 6.12.4, 6.15.6, 6.2.6, 6.9.5, 7.16.5, 8.42.8, 8.54.3<br><strong>Pleiades</strong>: <a href="https://pleiades.stoa.org/places/462503" target="_blank">https://pleiades.stoa.org/places/462503</a>]]></description>
        <Point><coordinates>15.29382,37.05963</coordinates></Point>
      </Placemark>

      <Placemark>
        <name>Amphilochia region (Aitolia)</name>
        <description><![CDATA[<strong>name</strong>: Amphilochia region (Aitolia)<br><strong>region</strong>: Aitolia region<br><strong>part of</strong>: Aitolia region<br><strong>Wikidata</strong>: <a href="https://wikidata.org/wiki/Q21234899" target="_blank">https://wikidata.org/wiki/Q21234899</a><br><strong>type</strong>: chora/region<br><strong>passages</strong>: 2.18.5<br><strong>ToposText</strong>: <a href="https://topostext.org/place/390212RAmp" target="_blank">https://topostext.org/place/390212RAmp</a>]]></description>
        <Point><coordinates>21.2,38.95</coordinates></Point>
      </Placemark>

      <Placemark>
        <name>Temple of Hera in Phlious, on the left of Hebe&apos;s sanctuary</name>
        <description><![CDATA[<strong>name</strong>: Temple of Hera in Phlious, on the left of Hebe&apos;s sanctuary<br><strong>region</strong>: Phlious Bk2<br><strong>part of</strong>: Phlious Bk2<br><strong>location</strong>: Phlious Bk2<br><strong>type</strong>: temple<br><strong>passages</strong>: 2.13.4]]></description>
        <Point><coordinates>22.649131,37.846299</coordinates></Point>
      </Placemark>

      <Placemark>
        <name>Keleai</name>
        <description><![CDATA[<strong>name</strong>: Keleai<br><strong>region</strong>: Phlious Bk2<br><strong>part of</strong>: Phlious Bk2<br><strong>altname</strong>: Celeae: sacred location about 5 stades from Phlius<br><strong>Wikidata</strong>: <a href="https://wikidata.org/wiki/Q115380594" target="_blank">https://wikidata.org/wiki/Q115380594</a><br><strong>type</strong>: chorion<br><strong>passages</strong>: 2.12.4, 2.14.1, 2.14.2, 2.14.4<br><strong>Pleiades</strong>: <a href="https://pleiades.stoa.org/places/573280" target="_blank">https://pleiades.stoa.org/places/573280</a>]]></description>
        <Point><coordinates>22.6465,37.8446</coordinates></Point>
      </Placemark>

      <Placemark>
        <name>Keleai</name>
        <description><![CDATA[<strong>name</strong>: Keleai<br><strong>region</strong>: Phlious Bk2<br><strong>part of</strong>: Phlious Bk2<br><strong>altname</strong>: Celeae: sacred location about 5 stades from Phlius<br><strong>Wikidata</strong>: <a href="https://wikidata.org/wiki/Q115380594" target="_blank">https://wikidata.org/wiki/Q115380594</a><br><strong>type</strong>: chorion<br><strong>passages</strong>: 2.12.4, 2.14.1, 2.14.2, 2.14.4<br><strong>Pleiades</strong>: <a href="https://pleiades.stoa.org/places/573280" target="_blank">https://pleiades.stoa.org/places/573280</a>]]></description>
        <Point><coordinates>22.6465,37.8446</coordinates></Point>
      </Placemark>

      <Placemark>
        <name>Keleai</name>
        <description><![CDATA[<strong>name</strong>: Keleai<br><strong>region</strong>: Phlious Bk2<br><strong>part of</strong>: Phlious Bk2<br><strong>altname</strong>: Celeae: sacred location about 5 stades from Phlius<br><strong>Wikidata</strong>: <a href="https://wikidata.org/wiki/Q115380594" target="_blank">https://wikidata.org/wiki/Q115380594</a><br><strong>type</strong>: chorion<br><strong>passages</strong>: 2.12.4, 2.14.1, 2.14.2, 2.14.4<br><strong>Pleiades</strong>: <a href="https://pleiades.stoa.org/places/573280" target="_blank">https://pleiades.stoa.org/places/573280</a>]]></description>
        <Point><coordinates>22.6465,37.8446</coordinates></Point>
      </Placemark>

      <Placemark>
        <name>Keleai</name>
        <description><![CDATA[<strong>name</strong>: Keleai<br><strong>region</strong>: Phlious Bk2<br><strong>part of</strong>: Phlious Bk2<br><strong>altname</strong>: Celeae: sacred location about 5 stades from Phlius<br><strong>Wikidata</strong>: <a href="https://wikidata.org/wiki/Q115380594" target="_blank">https://wikidata.org/wiki/Q115380594</a><br><strong>type</strong>: chorion<br><strong>passages</strong>: 2.12.4, 2.14.1, 2.14.2, 2.14.4<br><strong>Pleiades</strong>: <a href="https://pleiades.stoa.org/places/573280" target="_blank">https://pleiades.stoa.org/places/573280</a>]]></description>
        <Point><coordinates>22.6465,37.8446</coordinates></Point>
      </Placemark>

      <Placemark>
        <name>Pontinos hill (Argolid)</name>
        <description><![CDATA[<strong>name</strong>: Pontinos hill (Argolid)<br><strong>region</strong>: Argolid Bk2<br><strong>part of</strong>: Argolid Bk2<br><strong>Wikidata</strong>: <a href="https://wikidata.org/wiki/Q125936741" target="_blank">https://wikidata.org/wiki/Q125936741</a><br><strong>type</strong>: mountain oros<br><strong>passages</strong>: 2.36.8, 2.37.1, 2.37.2<br><strong>Pleiades</strong>: <a href="https://pleiades.stoa.org/places/573475" target="_blank">https://pleiades.stoa.org/places/573475</a><br><strong>ToposText</strong>: <a href="https://topostext.org/place/376227LPon" target="_blank">https://topostext.org/place/376227LPon</a>]]></description>
        <Point><coordinates>22.6973,37.55</coordinates></Point>
      </Placemark>

      <Placemark>
        <name>Pontinos hill (Argolid)</name>
        <description><![CDATA[<strong>name</strong>: Pontinos hill (Argolid)<br><strong>region</strong>: Argolid Bk2<br><strong>part of</strong>: Argolid Bk2<br><strong>Wikidata</strong>: <a href="https://wikidata.org/wiki/Q125936741" target="_blank">https://wikidata.org/wiki/Q125936741</a><br><strong>type</strong>: mountain oros<br><strong>passages</strong>: 2.36.8, 2.37.1, 2.37.2<br><strong>Pleiades</strong>: <a href="https://pleiades.stoa.org/places/573475" target="_blank">https://pleiades.stoa.org/places/573475</a><br><strong>ToposText</strong>: <a href="https://topostext.org/place/376227LPon" target="_blank">https://topostext.org/place/376227LPon</a>]]></description>
        <Point><coordinates>22.6973,37.55</coordinates></Point>
      </Placemark>

      <Placemark>
        <name>Pontinos hill (Argolid)</name>
        <description><![CDATA[<strong>name</strong>: Pontinos hill (Argolid)<br><strong>region</strong>: Argolid Bk2<br><strong>part of</strong>: Argolid Bk2<br><strong>Wikidata</strong>: <a href="https://wikidata.org/wiki/Q125936741" target="_blank">https://wikidata.org/wiki/Q125936741</a><br><strong>type</strong>: mountain oros<br><strong>passages</strong>: 2.36.8, 2.37.1, 2.37.2<br><strong>Pleiades</strong>: <a href="https://pleiades.stoa.org/places/573475" target="_blank">https://pleiades.stoa.org/places/573475</a><br><strong>ToposText</strong>: <a href="https://topostext.org/place/376227LPon" target="_blank">https://topostext.org/place/376227LPon</a>]]></description>
        <Point><coordinates>22.6973,37.55</coordinates></Point>
      </Placemark>

      <Placemark>
        <name>Sanctuary of Zeus Soter in Troizen</name>
        <description><![CDATA[<strong>name</strong>: Sanctuary of Zeus Soter in Troizen<br><strong>region</strong>: Troizenia Bk2<br><strong>part of</strong>: Troizen (Troizenia)<br><strong>location</strong>: Troizen (Troizenia)<br><strong>Wikidata</strong>: <a href="https://wikidata.org/wiki/Q134037972" target="_blank">https://wikidata.org/wiki/Q134037972</a><br><strong>type</strong>: hieron<br><strong>passages</strong>: 2.31.10<br><strong>Manto</strong>: <a href="https://resource.manto.unh.edu/10214894" target="_blank">https://resource.manto.unh.edu/10214894</a>]]></description>
        <Point><coordinates>23.3484,37.5033</coordinates></Point>
      </Placemark>

      <Placemark>
        <name>Herakleios fountain at Troizen</name>
        <description><![CDATA[<strong>name</strong>: Herakleios fountain at Troizen<br><strong>region</strong>: Troizenia Bk2<br><strong>part of</strong>: Troizen (Troizenia)<br><strong>location</strong>: Troizen (Troizenia)<br><strong>type</strong>: spring pege, water<br><strong>passages</strong>: 2.32.4<br><strong>Manto</strong>: <a href="https://resource.manto.unh.edu/10214951" target="_blank">https://resource.manto.unh.edu/10214951</a>]]></description>
        <Point><coordinates>23.3484,37.5033</coordinates></Point>
      </Placemark>

      <Placemark>
        <name>temple of Isthmian Poseidon at Isthmia</name>
        <description><![CDATA[<strong>name</strong>: temple of Isthmian Poseidon at Isthmia<br><strong>region</strong>: Corinthia Bk2<br><strong>part of</strong>: Isthmian Poseidon sanctuary at Isthmia<br><strong>Wikidata</strong>: <a href="https://wikidata.org/wiki/Q18385210" target="_blank">https://wikidata.org/wiki/Q18385210</a><br><strong>type</strong>: temple<br><strong>passages</strong>: 2.1.7]]></description>
        <Point><coordinates>22.99294,37.91574</coordinates></Point>
      </Placemark>

      <Placemark>
        <name>Rock of Theseus, on the mountains from Troizen to Hermione</name>
        <description><![CDATA[<strong>name</strong>: Rock of Theseus, on the mountains from Troizen to Hermione<br><strong>region</strong>: Troizenia Bk2<br><strong>part of</strong>: Troizen (Troizenia)<br><strong>location</strong>: Troizen (Troizenia)<br><strong>type</strong>: rock<br><strong>passages</strong>: 2.32.7]]></description>
        <Point><coordinates>23.3484,37.5033</coordinates></Point>
      </Placemark>

      <Placemark>
        <name>Tomb of Pelasgos in Argos</name>
        <description><![CDATA[<strong>name</strong>: Tomb of Pelasgos in Argos<br><strong>region</strong>: Argolid Bk2<br><strong>part of</strong>: Agora of Argos<br><strong>location</strong>: Agora of Argos<br><strong>Wikidata</strong>: <a href="https://wikidata.org/wiki/Q136487513" target="_blank">https://wikidata.org/wiki/Q136487513</a><br><strong>type</strong>: tomb mnema<br><strong>passages</strong>: 2.22.1<br><strong>Manto</strong>: <a href="https://resource.manto.unh.edu/10186971" target="_blank">https://resource.manto.unh.edu/10186971</a>]]></description>
        <Point><coordinates>22.7214,37.6305</coordinates></Point>
      </Placemark>

      <Placemark>
        <name>Precinct of Asclepius in Argos</name>
        <description><![CDATA[<strong>name</strong>: Precinct of Asclepius in Argos<br><strong>region</strong>: Argolid Bk2<br><strong>part of</strong>: Koile road from Kylarabis gymnasium, Argos<br><strong>location</strong>: Koile road from Kylarabis gymnasium, Argos<br><strong>type</strong>: temenos<br><strong>passages</strong>: 2.23.2]]></description>
        <Point><coordinates>22.7195,37.6316</coordinates></Point>
      </Placemark>

      <Placemark>
        <name>Titane</name>
        <description><![CDATA[<strong>name</strong>: Titane<br><strong>region</strong>: Corinthia Bk2<br><strong>part of</strong>: Corinthia Bk2<br><strong>Wikidata</strong>: <a href="https://wikidata.org/wiki/Q59637009" target="_blank">https://wikidata.org/wiki/Q59637009</a><br><strong>type</strong>: settlement<br><strong>passages</strong>: 2.11.3, 2.11.5, 2.12.1, 2.12.2, 2.12.3, 2.23.4, 2.27.1, 7.23.8<br><strong>Pleiades</strong>: <a href="https://pleiades.stoa.org/places/570741" target="_blank">https://pleiades.stoa.org/places/570741</a>]]></description>
        <Point><coordinates>22.62501,37.92049</coordinates></Point>
      </Placemark>

      <Placemark>
        <name>Titane</name>
        <description><![CDATA[<strong>name</strong>: Titane<br><strong>region</strong>: Corinthia Bk2<br><strong>part of</strong>: Corinthia Bk2<br><strong>Wikidata</strong>: <a href="https://wikidata.org/wiki/Q59637009" target="_blank">https://wikidata.org/wiki/Q59637009</a><br><strong>type</strong>: settlement<br><strong>passages</strong>: 2.11.3, 2.11.5, 2.12.1, 2.12.2, 2.12.3, 2.23.4, 2.27.1, 7.23.8<br><strong>Pleiades</strong>: <a href="https://pleiades.stoa.org/places/570741" target="_blank">https://pleiades.stoa.org/places/570741</a>]]></description>
        <Point><coordinates>22.62501,37.92049</coordinates></Point>
      </Placemark>

      <Placemark>
        <name>Titane</name>
        <description><![CDATA[<strong>name</strong>: Titane<br><strong>region</strong>: Corinthia Bk2<br><strong>part of</strong>: Corinthia Bk2<br><strong>Wikidata</strong>: <a href="https://wikidata.org/wiki/Q59637009" target="_blank">https://wikidata.org/wiki/Q59637009</a><br><strong>type</strong>: settlement<br><strong>passages</strong>: 2.11.3, 2.11.5, 2.12.1, 2.12.2, 2.12.3, 2.23.4, 2.27.1, 7.23.8<br><strong>Pleiades</strong>: <a href="https://pleiades.stoa.org/places/570741" target="_blank">https://pleiades.stoa.org/places/570741</a>]]></description>
        <Point><coordinates>22.62501,37.92049</coordinates></Point>
      </Placemark>

      <Placemark>
        <name>Titane</name>
        <description><![CDATA[<strong>name</strong>: Titane<br><strong>region</strong>: Corinthia Bk2<br><strong>part of</strong>: Corinthia Bk2<br><strong>Wikidata</strong>: <a href="https://wikidata.org/wiki/Q59637009" target="_blank">https://wikidata.org/wiki/Q59637009</a><br><strong>type</strong>: settlement<br><strong>passages</strong>: 2.11.3, 2.11.5, 2.12.1, 2.12.2, 2.12.3, 2.23.4, 2.27.1, 7.23.8<br><strong>Pleiades</strong>: <a href="https://pleiades.stoa.org/places/570741" target="_blank">https://pleiades.stoa.org/places/570741</a>]]></description>
        <Point><coordinates>22.62501,37.92049</coordinates></Point>
      </Placemark>

      <Placemark>
        <name>Titane</name>
        <description><![CDATA[<strong>name</strong>: Titane<br><strong>region</strong>: Corinthia Bk2<br><strong>part of</strong>: Corinthia Bk2<br><strong>Wikidata</strong>: <a href="https://wikidata.org/wiki/Q59637009" target="_blank">https://wikidata.org/wiki/Q59637009</a><br><strong>type</strong>: settlement<br><strong>passages</strong>: 2.11.3, 2.11.5, 2.12.1, 2.12.2, 2.12.3, 2.23.4, 2.27.1, 7.23.8<br><strong>Pleiades</strong>: <a href="https://pleiades.stoa.org/places/570741" target="_blank">https://pleiades.stoa.org/places/570741</a>]]></description>
        <Point><coordinates>22.62501,37.92049</coordinates></Point>
      </Placemark>

      <Placemark>
        <name>Titane</name>
        <description><![CDATA[<strong>name</strong>: Titane<br><strong>region</strong>: Corinthia Bk2<br><strong>part of</strong>: Corinthia Bk2<br><strong>Wikidata</strong>: <a href="https://wikidata.org/wiki/Q59637009" target="_blank">https://wikidata.org/wiki/Q59637009</a><br><strong>type</strong>: settlement<br><strong>passages</strong>: 2.11.3, 2.11.5, 2.12.1, 2.12.2, 2.12.3, 2.23.4, 2.27.1, 7.23.8<br><strong>Pleiades</strong>: <a href="https://pleiades.stoa.org/places/570741" target="_blank">https://pleiades.stoa.org/places/570741</a>]]></description>
        <Point><coordinates>22.62501,37.92049</coordinates></Point>
      </Placemark>

      <Placemark>
        <name>Titane</name>
        <description><![CDATA[<strong>name</strong>: Titane<br><strong>region</strong>: Corinthia Bk2<br><strong>part of</strong>: Corinthia Bk2<br><strong>Wikidata</strong>: <a href="https://wikidata.org/wiki/Q59637009" target="_blank">https://wikidata.org/wiki/Q59637009</a><br><strong>type</strong>: settlement<br><strong>passages</strong>: 2.11.3, 2.11.5, 2.12.1, 2.12.2, 2.12.3, 2.23.4, 2.27.1, 7.23.8<br><strong>Pleiades</strong>: <a href="https://pleiades.stoa.org/places/570741" target="_blank">https://pleiades.stoa.org/places/570741</a>]]></description>
        <Point><coordinates>22.62501,37.92049</coordinates></Point>
      </Placemark>

      <Placemark>
        <name>Tomb of Sakadas in Argos</name>
        <description><![CDATA[<strong>name</strong>: Tomb of Sakadas in Argos<br><strong>region</strong>: Argolid Bk2<br><strong>part of</strong>: Argos (Argolid)<br><strong>location</strong>: Argos (Argolid)<br><strong>Wikidata</strong>: <a href="https://wikidata.org/wiki/Q136487322" target="_blank">https://wikidata.org/wiki/Q136487322</a><br><strong>type</strong>: tomb mnema<br><strong>passages</strong>: 2.22.8]]></description>
        <Point><coordinates>22.7195,37.6316</coordinates></Point>
      </Placemark>

      <Placemark>
        <name>Cave of Dionysos in Euboea, near Kaphereus cape</name>
        <description><![CDATA[<strong>name</strong>: Cave of Dionysos in Euboea, near Kaphereus cape<br><strong>region</strong>: Euboea (island)<br><strong>part of</strong>: Euboea (island)<br><strong>type</strong>: cave<br><strong>passages</strong>: 2.23.1]]></description>
        <Point><coordinates>22.73333,37.63333</coordinates></Point>
      </Placemark>

      <Placemark>
        <name>Attica Bk1</name>
        <description><![CDATA[<strong>name</strong>: Attica Bk1<br><strong>region</strong>: Attica Bk1<br><strong>part of</strong>: Hellas (Europe)<br><strong>Wikidata</strong>: <a href="https://wikidata.org/wiki/Q122443" target="_blank">https://wikidata.org/wiki/Q122443</a><br><strong>type</strong>: chora/region<br><strong>passages</strong>: 1.1.1, 1.14.2, 1.2.6, 1.20.6, 1.21.1, 1.22.3, 1.22.7, 1.23.5, 1.24.5, 1.24.8, 1.25.6, 1.26.3, 1.26.5, 1.26.6, 1.27.10, 1.27.2, 1.28.10, 1.28.11, 1.28.4, 1.28.9, 1.29.2, 1.29.6, 1.29.7, 1.30.4, 1.31.1, 1.31.3, 1.31.5, 1.32.1, 1.32.3, 1.34.1, 1.34.2, 1.35.1, 1.36.3, 1.37.7, 1.38.1, 1.38.4, 1.38.8, 1.44.10, 10.17.5, 10.25.2, 10.33.4, 10.35.8, 2.1.1, 2.1.6, 2.30.9, 2.32.9, 2.6.5, 2.6.6, 3.12.7, 3.5.1, 3.7.10, 3.8.6, 4.1.8, 4.34.8, 5.10.4, 5.11.7, 5.13.8, 5.15.7, 5.25.13, 5.4.7, 6.19.12, 7.1.5, 7.1.9, 7.11.8, 7.17.2, 7.18.2, 7.25.2, 7.3.6, 7.5.5, 7.6.3, 7.7.7, 8.23.3, 9.1.1, 9.1.6, 9.13.6, 9.23.5<br><strong>Pleiades</strong>: <a href="https://pleiades.stoa.org/places/579888" target="_blank">https://pleiades.stoa.org/places/579888</a>]]></description>
        <Point><coordinates>23.8189911,38.05199883</coordinates></Point>
      </Placemark>

      <Placemark>
        <name>Attica Bk1</name>
        <description><![CDATA[<strong>name</strong>: Attica Bk1<br><strong>region</strong>: Attica Bk1<br><strong>part of</strong>: Hellas (Europe)<br><strong>Wikidata</strong>: <a href="https://wikidata.org/wiki/Q122443" target="_blank">https://wikidata.org/wiki/Q122443</a><br><strong>type</strong>: chora/region<br><strong>passages</strong>: 1.1.1, 1.14.2, 1.2.6, 1.20.6, 1.21.1, 1.22.3, 1.22.7, 1.23.5, 1.24.5, 1.24.8, 1.25.6, 1.26.3, 1.26.5, 1.26.6, 1.27.10, 1.27.2, 1.28.10, 1.28.11, 1.28.4, 1.28.9, 1.29.2, 1.29.6, 1.29.7, 1.30.4, 1.31.1, 1.31.3, 1.31.5, 1.32.1, 1.32.3, 1.34.1, 1.34.2, 1.35.1, 1.36.3, 1.37.7, 1.38.1, 1.38.4, 1.38.8, 1.44.10, 10.17.5, 10.25.2, 10.33.4, 10.35.8, 2.1.1, 2.1.6, 2.30.9, 2.32.9, 2.6.5, 2.6.6, 3.12.7, 3.5.1, 3.7.10, 3.8.6, 4.1.8, 4.34.8, 5.10.4, 5.11.7, 5.13.8, 5.15.7, 5.25.13, 5.4.7, 6.19.12, 7.1.5, 7.1.9, 7.11.8, 7.17.2, 7.18.2, 7.25.2, 7.3.6, 7.5.5, 7.6.3, 7.7.7, 8.23.3, 9.1.1, 9.1.6, 9.13.6, 9.23.5<br><strong>Pleiades</strong>: <a href="https://pleiades.stoa.org/places/579888" target="_blank">https://pleiades.stoa.org/places/579888</a>]]></description>
        <Point><coordinates>23.8189911,38.05199883</coordinates></Point>
      </Placemark>

      <Placemark>
        <name>Attica Bk1</name>
        <description><![CDATA[<strong>name</strong>: Attica Bk1<br><strong>region</strong>: Attica Bk1<br><strong>part of</strong>: Hellas (Europe)<br><strong>Wikidata</strong>: <a href="https://wikidata.org/wiki/Q122443" target="_blank">https://wikidata.org/wiki/Q122443</a><br><strong>type</strong>: chora/region<br><strong>passages</strong>: 1.1.1, 1.14.2, 1.2.6, 1.20.6, 1.21.1, 1.22.3, 1.22.7, 1.23.5, 1.24.5, 1.24.8, 1.25.6, 1.26.3, 1.26.5, 1.26.6, 1.27.10, 1.27.2, 1.28.10, 1.28.11, 1.28.4, 1.28.9, 1.29.2, 1.29.6, 1.29.7, 1.30.4, 1.31.1, 1.31.3, 1.31.5, 1.32.1, 1.32.3, 1.34.1, 1.34.2, 1.35.1, 1.36.3, 1.37.7, 1.38.1, 1.38.4, 1.38.8, 1.44.10, 10.17.5, 10.25.2, 10.33.4, 10.35.8, 2.1.1, 2.1.6, 2.30.9, 2.32.9, 2.6.5, 2.6.6, 3.12.7, 3.5.1, 3.7.10, 3.8.6, 4.1.8, 4.34.8, 5.10.4, 5.11.7, 5.13.8, 5.15.7, 5.25.13, 5.4.7, 6.19.12, 7.1.5, 7.1.9, 7.11.8, 7.17.2, 7.18.2, 7.25.2, 7.3.6, 7.5.5, 7.6.3, 7.7.7, 8.23.3, 9.1.1, 9.1.6, 9.13.6, 9.23.5<br><strong>Pleiades</strong>: <a href="https://pleiades.stoa.org/places/579888" target="_blank">https://pleiades.stoa.org/places/579888</a>]]></description>
        <Point><coordinates>23.8189911,38.05199883</coordinates></Point>
      </Placemark>

      <Placemark>
        <name>Attica Bk1</name>
        <description><![CDATA[<strong>name</strong>: Attica Bk1<br><strong>region</strong>: Attica Bk1<br><strong>part of</strong>: Hellas (Europe)<br><strong>Wikidata</strong>: <a href="https://wikidata.org/wiki/Q122443" target="_blank">https://wikidata.org/wiki/Q122443</a><br><strong>type</strong>: chora/region<br><strong>passages</strong>: 1.1.1, 1.14.2, 1.2.6, 1.20.6, 1.21.1, 1.22.3, 1.22.7, 1.23.5, 1.24.5, 1.24.8, 1.25.6, 1.26.3, 1.26.5, 1.26.6, 1.27.10, 1.27.2, 1.28.10, 1.28.11, 1.28.4, 1.28.9, 1.29.2, 1.29.6, 1.29.7, 1.30.4, 1.31.1, 1.31.3, 1.31.5, 1.32.1, 1.32.3, 1.34.1, 1.34.2, 1.35.1, 1.36.3, 1.37.7, 1.38.1, 1.38.4, 1.38.8, 1.44.10, 10.17.5, 10.25.2, 10.33.4, 10.35.8, 2.1.1, 2.1.6, 2.30.9, 2.32.9, 2.6.5, 2.6.6, 3.12.7, 3.5.1, 3.7.10, 3.8.6, 4.1.8, 4.34.8, 5.10.4, 5.11.7, 5.13.8, 5.15.7, 5.25.13, 5.4.7, 6.19.12, 7.1.5, 7.1.9, 7.11.8, 7.17.2, 7.18.2, 7.25.2, 7.3.6, 7.5.5, 7.6.3, 7.7.7, 8.23.3, 9.1.1, 9.1.6, 9.13.6, 9.23.5<br><strong>Pleiades</strong>: <a href="https://pleiades.stoa.org/places/579888" target="_blank">https://pleiades.stoa.org/places/579888</a>]]></description>
        <Point><coordinates>23.8189911,38.05199883</coordinates></Point>
      </Placemark>

      <Placemark>
        <name>Attica Bk1</name>
        <description><![CDATA[<strong>name</strong>: Attica Bk1<br><strong>region</strong>: Attica Bk1<br><strong>part of</strong>: Hellas (Europe)<br><strong>Wikidata</strong>: <a href="https://wikidata.org/wiki/Q122443" target="_blank">https://wikidata.org/wiki/Q122443</a><br><strong>type</strong>: chora/region<br><strong>passages</strong>: 1.1.1, 1.14.2, 1.2.6, 1.20.6, 1.21.1, 1.22.3, 1.22.7, 1.23.5, 1.24.5, 1.24.8, 1.25.6, 1.26.3, 1.26.5, 1.26.6, 1.27.10, 1.27.2, 1.28.10, 1.28.11, 1.28.4, 1.28.9, 1.29.2, 1.29.6, 1.29.7, 1.30.4, 1.31.1, 1.31.3, 1.31.5, 1.32.1, 1.32.3, 1.34.1, 1.34.2, 1.35.1, 1.36.3, 1.37.7, 1.38.1, 1.38.4, 1.38.8, 1.44.10, 10.17.5, 10.25.2, 10.33.4, 10.35.8, 2.1.1, 2.1.6, 2.30.9, 2.32.9, 2.6.5, 2.6.6, 3.12.7, 3.5.1, 3.7.10, 3.8.6, 4.1.8, 4.34.8, 5.10.4, 5.11.7, 5.13.8, 5.15.7, 5.25.13, 5.4.7, 6.19.12, 7.1.5, 7.1.9, 7.11.8, 7.17.2, 7.18.2, 7.25.2, 7.3.6, 7.5.5, 7.6.3, 7.7.7, 8.23.3, 9.1.1, 9.1.6, 9.13.6, 9.23.5<br><strong>Pleiades</strong>: <a href="https://pleiades.stoa.org/places/579888" target="_blank">https://pleiades.stoa.org/places/579888</a>]]></description>
        <Point><coordinates>23.8189911,38.05199883</coordinates></Point>
      </Placemark>

      <Placemark>
        <name>Attica Bk1</name>
        <description><![CDATA[<strong>name</strong>: Attica Bk1<br><strong>region</strong>: Attica Bk1<br><strong>part of</strong>: Hellas (Europe)<br><strong>Wikidata</strong>: <a href="https://wikidata.org/wiki/Q122443" target="_blank">https://wikidata.org/wiki/Q122443</a><br><strong>type</strong>: chora/region<br><strong>passages</strong>: 1.1.1, 1.14.2, 1.2.6, 1.20.6, 1.21.1, 1.22.3, 1.22.7, 1.23.5, 1.24.5, 1.24.8, 1.25.6, 1.26.3, 1.26.5, 1.26.6, 1.27.10, 1.27.2, 1.28.10, 1.28.11, 1.28.4, 1.28.9, 1.29.2, 1.29.6, 1.29.7, 1.30.4, 1.31.1, 1.31.3, 1.31.5, 1.32.1, 1.32.3, 1.34.1, 1.34.2, 1.35.1, 1.36.3, 1.37.7, 1.38.1, 1.38.4, 1.38.8, 1.44.10, 10.17.5, 10.25.2, 10.33.4, 10.35.8, 2.1.1, 2.1.6, 2.30.9, 2.32.9, 2.6.5, 2.6.6, 3.12.7, 3.5.1, 3.7.10, 3.8.6, 4.1.8, 4.34.8, 5.10.4, 5.11.7, 5.13.8, 5.15.7, 5.25.13, 5.4.7, 6.19.12, 7.1.5, 7.1.9, 7.11.8, 7.17.2, 7.18.2, 7.25.2, 7.3.6, 7.5.5, 7.6.3, 7.7.7, 8.23.3, 9.1.1, 9.1.6, 9.13.6, 9.23.5<br><strong>Pleiades</strong>: <a href="https://pleiades.stoa.org/places/579888" target="_blank">https://pleiades.stoa.org/places/579888</a>]]></description>
        <Point><coordinates>23.8189911,38.05199883</coordinates></Point>
      </Placemark>

      <Placemark>
        <name>Tomb of Sphaerus on Sphairia island of Troizenia</name>
        <description><![CDATA[<strong>name</strong>: Tomb of Sphaerus on Sphairia island of Troizenia<br><strong>region</strong>: Troizenia Bk2<br><strong>part of</strong>: Sphairia? (Poros)<br><strong>location</strong>: Sphairia? (Poros)<br><strong>Wikidata</strong>: <a href="https://wikidata.org/wiki/Q136487508" target="_blank">https://wikidata.org/wiki/Q136487508</a><br><strong>type</strong>: tomb mnema<br><strong>passages</strong>: 2.33.1<br><strong>Manto</strong>: <a href="https://resource.manto.unh.edu/10214880" target="_blank">https://resource.manto.unh.edu/10214880</a>]]></description>
        <Point><coordinates>23.4767,37.4844</coordinates></Point>
      </Placemark>

      <Placemark>
        <name>Tomb of Eriphyle in Argos</name>
        <description><![CDATA[<strong>name</strong>: Tomb of Eriphyle in Argos<br><strong>region</strong>: Argolid Bk2<br><strong>part of</strong>: Koile road from Kylarabis gymnasium, Argos<br><strong>location</strong>: Koile road from Kylarabis gymnasium, Argos<br><strong>Wikidata</strong>: <a href="https://wikidata.org/wiki/Q136487424" target="_blank">https://wikidata.org/wiki/Q136487424</a><br><strong>type</strong>: tomb mnema<br><strong>passages</strong>: 2.23.2<br><strong>Manto</strong>: <a href="https://resource.manto.unh.edu/10187110" target="_blank">https://resource.manto.unh.edu/10187110</a>]]></description>
        <Point><coordinates>22.7195,37.6316</coordinates></Point>
      </Placemark>

      <Placemark>
        <name>Sicyon (Sikyonia)</name>
        <description><![CDATA[<strong>name</strong>: Sicyon (Sikyonia)<br><strong>region</strong>: Sikyonia Bk2<br><strong>part of</strong>: Sikyonia Bk2<br><strong>altname</strong>: Sikyon<br><strong>Wikidata</strong>: <a href="https://wikidata.org/wiki/Q368628" target="_blank">https://wikidata.org/wiki/Q368628</a><br><strong>type</strong>: polis<br><strong>passages</strong>: 1.25.4, 1.27.5, 10.11.6, 10.8.5, 2.1.1, 2.10.1, 2.10.6, 2.11.2, 2.11.3, 2.11.5, 2.12.2, 2.12.3, 2.13.1, 2.15.1, 2.25.5, 2.25.6, 2.3.10, 2.3.6, 2.4.4, 2.5.2, 2.5.5, 2.5.6, 2.5.8, 2.6.2, 2.6.5, 2.6.6, 2.6.7, 2.7.1, 2.7.2, 2.7.3, 2.7.6, 2.7.7, 2.7.9, 2.8.1, 2.9.2, 2.9.4, 4.10.6, 4.11.8, 4.14.1, 4.15.7, 5.18.7, 5.21.3, 6.3.3, 7.1.1, 7.23.8, 7.26.12, 7.26.13, 7.26.2, 7.26.6, 7.27.12, 7.6.1, 8.1.2<br><strong>Pleiades</strong>: <a href="https://pleiades.stoa.org/places/570668" target="_blank">https://pleiades.stoa.org/places/570668</a><br><strong>ToposText</strong>: <a href="https://topostext.org/place/380227PSik" target="_blank">https://topostext.org/place/380227PSik</a>]]></description>
        <Point><coordinates>22.7145,37.9834</coordinates></Point>
      </Placemark>

      <Placemark>
        <name>Sicyon (Sikyonia)</name>
        <description><![CDATA[<strong>name</strong>: Sicyon (Sikyonia)<br><strong>region</strong>: Sikyonia Bk2<br><strong>part of</strong>: Sikyonia Bk2<br><strong>altname</strong>: Sikyon<br><strong>Wikidata</strong>: <a href="https://wikidata.org/wiki/Q368628" target="_blank">https://wikidata.org/wiki/Q368628</a><br><strong>type</strong>: polis<br><strong>passages</strong>: 1.25.4, 1.27.5, 10.11.6, 10.8.5, 2.1.1, 2.10.1, 2.10.6, 2.11.2, 2.11.3, 2.11.5, 2.12.2, 2.12.3, 2.13.1, 2.15.1, 2.25.5, 2.25.6, 2.3.10, 2.3.6, 2.4.4, 2.5.2, 2.5.5, 2.5.6, 2.5.8, 2.6.2, 2.6.5, 2.6.6, 2.6.7, 2.7.1, 2.7.2, 2.7.3, 2.7.6, 2.7.7, 2.7.9, 2.8.1, 2.9.2, 2.9.4, 4.10.6, 4.11.8, 4.14.1, 4.15.7, 5.18.7, 5.21.3, 6.3.3, 7.1.1, 7.23.8, 7.26.12, 7.26.13, 7.26.2, 7.26.6, 7.27.12, 7.6.1, 8.1.2<br><strong>Pleiades</strong>: <a href="https://pleiades.stoa.org/places/570668" target="_blank">https://pleiades.stoa.org/places/570668</a><br><strong>ToposText</strong>: <a href="https://topostext.org/place/380227PSik" target="_blank">https://topostext.org/place/380227PSik</a>]]></description>
        <Point><coordinates>22.7145,37.9834</coordinates></Point>
      </Placemark>

      <Placemark>
        <name>Sicyon (Sikyonia)</name>
        <description><![CDATA[<strong>name</strong>: Sicyon (Sikyonia)<br><strong>region</strong>: Sikyonia Bk2<br><strong>part of</strong>: Sikyonia Bk2<br><strong>altname</strong>: Sikyon<br><strong>Wikidata</strong>: <a href="https://wikidata.org/wiki/Q368628" target="_blank">https://wikidata.org/wiki/Q368628</a><br><strong>type</strong>: polis<br><strong>passages</strong>: 1.25.4, 1.27.5, 10.11.6, 10.8.5, 2.1.1, 2.10.1, 2.10.6, 2.11.2, 2.11.3, 2.11.5, 2.12.2, 2.12.3, 2.13.1, 2.15.1, 2.25.5, 2.25.6, 2.3.10, 2.3.6, 2.4.4, 2.5.2, 2.5.5, 2.5.6, 2.5.8, 2.6.2, 2.6.5, 2.6.6, 2.6.7, 2.7.1, 2.7.2, 2.7.3, 2.7.6, 2.7.7, 2.7.9, 2.8.1, 2.9.2, 2.9.4, 4.10.6, 4.11.8, 4.14.1, 4.15.7, 5.18.7, 5.21.3, 6.3.3, 7.1.1, 7.23.8, 7.26.12, 7.26.13, 7.26.2, 7.26.6, 7.27.12, 7.6.1, 8.1.2<br><strong>Pleiades</strong>: <a href="https://pleiades.stoa.org/places/570668" target="_blank">https://pleiades.stoa.org/places/570668</a><br><strong>ToposText</strong>: <a href="https://topostext.org/place/380227PSik" target="_blank">https://topostext.org/place/380227PSik</a>]]></description>
        <Point><coordinates>22.7145,37.9834</coordinates></Point>
      </Placemark>

      <Placemark>
        <name>Sicyon (Sikyonia)</name>
        <description><![CDATA[<strong>name</strong>: Sicyon (Sikyonia)<br><strong>region</strong>: Sikyonia Bk2<br><strong>part of</strong>: Sikyonia Bk2<br><strong>altname</strong>: Sikyon<br><strong>Wikidata</strong>: <a href="https://wikidata.org/wiki/Q368628" target="_blank">https://wikidata.org/wiki/Q368628</a><br><strong>type</strong>: polis<br><strong>passages</strong>: 1.25.4, 1.27.5, 10.11.6, 10.8.5, 2.1.1, 2.10.1, 2.10.6, 2.11.2, 2.11.3, 2.11.5, 2.12.2, 2.12.3, 2.13.1, 2.15.1, 2.25.5, 2.25.6, 2.3.10, 2.3.6, 2.4.4, 2.5.2, 2.5.5, 2.5.6, 2.5.8, 2.6.2, 2.6.5, 2.6.6, 2.6.7, 2.7.1, 2.7.2, 2.7.3, 2.7.6, 2.7.7, 2.7.9, 2.8.1, 2.9.2, 2.9.4, 4.10.6, 4.11.8, 4.14.1, 4.15.7, 5.18.7, 5.21.3, 6.3.3, 7.1.1, 7.23.8, 7.26.12, 7.26.13, 7.26.2, 7.26.6, 7.27.12, 7.6.1, 8.1.2<br><strong>Pleiades</strong>: <a href="https://pleiades.stoa.org/places/570668" target="_blank">https://pleiades.stoa.org/places/570668</a><br><strong>ToposText</strong>: <a href="https://topostext.org/place/380227PSik" target="_blank">https://topostext.org/place/380227PSik</a>]]></description>
        <Point><coordinates>22.7145,37.9834</coordinates></Point>
      </Placemark>

      <Placemark>
        <name>Sicyon (Sikyonia)</name>
        <description><![CDATA[<strong>name</strong>: Sicyon (Sikyonia)<br><strong>region</strong>: Sikyonia Bk2<br><strong>part of</strong>: Sikyonia Bk2<br><strong>altname</strong>: Sikyon<br><strong>Wikidata</strong>: <a href="https://wikidata.org/wiki/Q368628" target="_blank">https://wikidata.org/wiki/Q368628</a><br><strong>type</strong>: polis<br><strong>passages</strong>: 1.25.4, 1.27.5, 10.11.6, 10.8.5, 2.1.1, 2.10.1, 2.10.6, 2.11.2, 2.11.3, 2.11.5, 2.12.2, 2.12.3, 2.13.1, 2.15.1, 2.25.5, 2.25.6, 2.3.10, 2.3.6, 2.4.4, 2.5.2, 2.5.5, 2.5.6, 2.5.8, 2.6.2, 2.6.5, 2.6.6, 2.6.7, 2.7.1, 2.7.2, 2.7.3, 2.7.6, 2.7.7, 2.7.9, 2.8.1, 2.9.2, 2.9.4, 4.10.6, 4.11.8, 4.14.1, 4.15.7, 5.18.7, 5.21.3, 6.3.3, 7.1.1, 7.23.8, 7.26.12, 7.26.13, 7.26.2, 7.26.6, 7.27.12, 7.6.1, 8.1.2<br><strong>Pleiades</strong>: <a href="https://pleiades.stoa.org/places/570668" target="_blank">https://pleiades.stoa.org/places/570668</a><br><strong>ToposText</strong>: <a href="https://topostext.org/place/380227PSik" target="_blank">https://topostext.org/place/380227PSik</a>]]></description>
        <Point><coordinates>22.7145,37.9834</coordinates></Point>
      </Placemark>

      <Placemark>
        <name>Sicyon (Sikyonia)</name>
        <description><![CDATA[<strong>name</strong>: Sicyon (Sikyonia)<br><strong>region</strong>: Sikyonia Bk2<br><strong>part of</strong>: Sikyonia Bk2<br><strong>altname</strong>: Sikyon<br><strong>Wikidata</strong>: <a href="https://wikidata.org/wiki/Q368628" target="_blank">https://wikidata.org/wiki/Q368628</a><br><strong>type</strong>: polis<br><strong>passages</strong>: 1.25.4, 1.27.5, 10.11.6, 10.8.5, 2.1.1, 2.10.1, 2.10.6, 2.11.2, 2.11.3, 2.11.5, 2.12.2, 2.12.3, 2.13.1, 2.15.1, 2.25.5, 2.25.6, 2.3.10, 2.3.6, 2.4.4, 2.5.2, 2.5.5, 2.5.6, 2.5.8, 2.6.2, 2.6.5, 2.6.6, 2.6.7, 2.7.1, 2.7.2, 2.7.3, 2.7.6, 2.7.7, 2.7.9, 2.8.1, 2.9.2, 2.9.4, 4.10.6, 4.11.8, 4.14.1, 4.15.7, 5.18.7, 5.21.3, 6.3.3, 7.1.1, 7.23.8, 7.26.12, 7.26.13, 7.26.2, 7.26.6, 7.27.12, 7.6.1, 8.1.2<br><strong>Pleiades</strong>: <a href="https://pleiades.stoa.org/places/570668" target="_blank">https://pleiades.stoa.org/places/570668</a><br><strong>ToposText</strong>: <a href="https://topostext.org/place/380227PSik" target="_blank">https://topostext.org/place/380227PSik</a>]]></description>
        <Point><coordinates>22.7145,37.9834</coordinates></Point>
      </Placemark>

      <Placemark>
        <name>Sicyon (Sikyonia)</name>
        <description><![CDATA[<strong>name</strong>: Sicyon (Sikyonia)<br><strong>region</strong>: Sikyonia Bk2<br><strong>part of</strong>: Sikyonia Bk2<br><strong>altname</strong>: Sikyon<br><strong>Wikidata</strong>: <a href="https://wikidata.org/wiki/Q368628" target="_blank">https://wikidata.org/wiki/Q368628</a><br><strong>type</strong>: polis<br><strong>passages</strong>: 1.25.4, 1.27.5, 10.11.6, 10.8.5, 2.1.1, 2.10.1, 2.10.6, 2.11.2, 2.11.3, 2.11.5, 2.12.2, 2.12.3, 2.13.1, 2.15.1, 2.25.5, 2.25.6, 2.3.10, 2.3.6, 2.4.4, 2.5.2, 2.5.5, 2.5.6, 2.5.8, 2.6.2, 2.6.5, 2.6.6, 2.6.7, 2.7.1, 2.7.2, 2.7.3, 2.7.6, 2.7.7, 2.7.9, 2.8.1, 2.9.2, 2.9.4, 4.10.6, 4.11.8, 4.14.1, 4.15.7, 5.18.7, 5.21.3, 6.3.3, 7.1.1, 7.23.8, 7.26.12, 7.26.13, 7.26.2, 7.26.6, 7.27.12, 7.6.1, 8.1.2<br><strong>Pleiades</strong>: <a href="https://pleiades.stoa.org/places/570668" target="_blank">https://pleiades.stoa.org/places/570668</a><br><strong>ToposText</strong>: <a href="https://topostext.org/place/380227PSik" target="_blank">https://topostext.org/place/380227PSik</a>]]></description>
        <Point><coordinates>22.7145,37.9834</coordinates></Point>
      </Placemark>

      <Placemark>
        <name>Sicyon (Sikyonia)</name>
        <description><![CDATA[<strong>name</strong>: Sicyon (Sikyonia)<br><strong>region</strong>: Sikyonia Bk2<br><strong>part of</strong>: Sikyonia Bk2<br><strong>altname</strong>: Sikyon<br><strong>Wikidata</strong>: <a href="https://wikidata.org/wiki/Q368628" target="_blank">https://wikidata.org/wiki/Q368628</a><br><strong>type</strong>: polis<br><strong>passages</strong>: 1.25.4, 1.27.5, 10.11.6, 10.8.5, 2.1.1, 2.10.1, 2.10.6, 2.11.2, 2.11.3, 2.11.5, 2.12.2, 2.12.3, 2.13.1, 2.15.1, 2.25.5, 2.25.6, 2.3.10, 2.3.6, 2.4.4, 2.5.2, 2.5.5, 2.5.6, 2.5.8, 2.6.2, 2.6.5, 2.6.6, 2.6.7, 2.7.1, 2.7.2, 2.7.3, 2.7.6, 2.7.7, 2.7.9, 2.8.1, 2.9.2, 2.9.4, 4.10.6, 4.11.8, 4.14.1, 4.15.7, 5.18.7, 5.21.3, 6.3.3, 7.1.1, 7.23.8, 7.26.12, 7.26.13, 7.26.2, 7.26.6, 7.27.12, 7.6.1, 8.1.2<br><strong>Pleiades</strong>: <a href="https://pleiades.stoa.org/places/570668" target="_blank">https://pleiades.stoa.org/places/570668</a><br><strong>ToposText</strong>: <a href="https://topostext.org/place/380227PSik" target="_blank">https://topostext.org/place/380227PSik</a>]]></description>
        <Point><coordinates>22.7145,37.9834</coordinates></Point>
      </Placemark>

      <Placemark>
        <name>Sicyon (Sikyonia)</name>
        <description><![CDATA[<strong>name</strong>: Sicyon (Sikyonia)<br><strong>region</strong>: Sikyonia Bk2<br><strong>part of</strong>: Sikyonia Bk2<br><strong>altname</strong>: Sikyon<br><strong>Wikidata</strong>: <a href="https://wikidata.org/wiki/Q368628" target="_blank">https://wikidata.org/wiki/Q368628</a><br><strong>type</strong>: polis<br><strong>passages</strong>: 1.25.4, 1.27.5, 10.11.6, 10.8.5, 2.1.1, 2.10.1, 2.10.6, 2.11.2, 2.11.3, 2.11.5, 2.12.2, 2.12.3, 2.13.1, 2.15.1, 2.25.5, 2.25.6, 2.3.10, 2.3.6, 2.4.4, 2.5.2, 2.5.5, 2.5.6, 2.5.8, 2.6.2, 2.6.5, 2.6.6, 2.6.7, 2.7.1, 2.7.2, 2.7.3, 2.7.6, 2.7.7, 2.7.9, 2.8.1, 2.9.2, 2.9.4, 4.10.6, 4.11.8, 4.14.1, 4.15.7, 5.18.7, 5.21.3, 6.3.3, 7.1.1, 7.23.8, 7.26.12, 7.26.13, 7.26.2, 7.26.6, 7.27.12, 7.6.1, 8.1.2<br><strong>Pleiades</strong>: <a href="https://pleiades.stoa.org/places/570668" target="_blank">https://pleiades.stoa.org/places/570668</a><br><strong>ToposText</strong>: <a href="https://topostext.org/place/380227PSik" target="_blank">https://topostext.org/place/380227PSik</a>]]></description>
        <Point><coordinates>22.7145,37.9834</coordinates></Point>
      </Placemark>

      <Placemark>
        <name>Sicyon (Sikyonia)</name>
        <description><![CDATA[<strong>name</strong>: Sicyon (Sikyonia)<br><strong>region</strong>: Sikyonia Bk2<br><strong>part of</strong>: Sikyonia Bk2<br><strong>altname</strong>: Sikyon<br><strong>Wikidata</strong>: <a href="https://wikidata.org/wiki/Q368628" target="_blank">https://wikidata.org/wiki/Q368628</a><br><strong>type</strong>: polis<br><strong>passages</strong>: 1.25.4, 1.27.5, 10.11.6, 10.8.5, 2.1.1, 2.10.1, 2.10.6, 2.11.2, 2.11.3, 2.11.5, 2.12.2, 2.12.3, 2.13.1, 2.15.1, 2.25.5, 2.25.6, 2.3.10, 2.3.6, 2.4.4, 2.5.2, 2.5.5, 2.5.6, 2.5.8, 2.6.2, 2.6.5, 2.6.6, 2.6.7, 2.7.1, 2.7.2, 2.7.3, 2.7.6, 2.7.7, 2.7.9, 2.8.1, 2.9.2, 2.9.4, 4.10.6, 4.11.8, 4.14.1, 4.15.7, 5.18.7, 5.21.3, 6.3.3, 7.1.1, 7.23.8, 7.26.12, 7.26.13, 7.26.2, 7.26.6, 7.27.12, 7.6.1, 8.1.2<br><strong>Pleiades</strong>: <a href="https://pleiades.stoa.org/places/570668" target="_blank">https://pleiades.stoa.org/places/570668</a><br><strong>ToposText</strong>: <a href="https://topostext.org/place/380227PSik" target="_blank">https://topostext.org/place/380227PSik</a>]]></description>
        <Point><coordinates>22.7145,37.9834</coordinates></Point>
      </Placemark>

      <Placemark>
        <name>Sicyon (Sikyonia)</name>
        <description><![CDATA[<strong>name</strong>: Sicyon (Sikyonia)<br><strong>region</strong>: Sikyonia Bk2<br><strong>part of</strong>: Sikyonia Bk2<br><strong>altname</strong>: Sikyon<br><strong>Wikidata</strong>: <a href="https://wikidata.org/wiki/Q368628" target="_blank">https://wikidata.org/wiki/Q368628</a><br><strong>type</strong>: polis<br><strong>passages</strong>: 1.25.4, 1.27.5, 10.11.6, 10.8.5, 2.1.1, 2.10.1, 2.10.6, 2.11.2, 2.11.3, 2.11.5, 2.12.2, 2.12.3, 2.13.1, 2.15.1, 2.25.5, 2.25.6, 2.3.10, 2.3.6, 2.4.4, 2.5.2, 2.5.5, 2.5.6, 2.5.8, 2.6.2, 2.6.5, 2.6.6, 2.6.7, 2.7.1, 2.7.2, 2.7.3, 2.7.6, 2.7.7, 2.7.9, 2.8.1, 2.9.2, 2.9.4, 4.10.6, 4.11.8, 4.14.1, 4.15.7, 5.18.7, 5.21.3, 6.3.3, 7.1.1, 7.23.8, 7.26.12, 7.26.13, 7.26.2, 7.26.6, 7.27.12, 7.6.1, 8.1.2<br><strong>Pleiades</strong>: <a href="https://pleiades.stoa.org/places/570668" target="_blank">https://pleiades.stoa.org/places/570668</a><br><strong>ToposText</strong>: <a href="https://topostext.org/place/380227PSik" target="_blank">https://topostext.org/place/380227PSik</a>]]></description>
        <Point><coordinates>22.7145,37.9834</coordinates></Point>
      </Placemark>

      <Placemark>
        <name>Sicyon (Sikyonia)</name>
        <description><![CDATA[<strong>name</strong>: Sicyon (Sikyonia)<br><strong>region</strong>: Sikyonia Bk2<br><strong>part of</strong>: Sikyonia Bk2<br><strong>altname</strong>: Sikyon<br><strong>Wikidata</strong>: <a href="https://wikidata.org/wiki/Q368628" target="_blank">https://wikidata.org/wiki/Q368628</a><br><strong>type</strong>: polis<br><strong>passages</strong>: 1.25.4, 1.27.5, 10.11.6, 10.8.5, 2.1.1, 2.10.1, 2.10.6, 2.11.2, 2.11.3, 2.11.5, 2.12.2, 2.12.3, 2.13.1, 2.15.1, 2.25.5, 2.25.6, 2.3.10, 2.3.6, 2.4.4, 2.5.2, 2.5.5, 2.5.6, 2.5.8, 2.6.2, 2.6.5, 2.6.6, 2.6.7, 2.7.1, 2.7.2, 2.7.3, 2.7.6, 2.7.7, 2.7.9, 2.8.1, 2.9.2, 2.9.4, 4.10.6, 4.11.8, 4.14.1, 4.15.7, 5.18.7, 5.21.3, 6.3.3, 7.1.1, 7.23.8, 7.26.12, 7.26.13, 7.26.2, 7.26.6, 7.27.12, 7.6.1, 8.1.2<br><strong>Pleiades</strong>: <a href="https://pleiades.stoa.org/places/570668" target="_blank">https://pleiades.stoa.org/places/570668</a><br><strong>ToposText</strong>: <a href="https://topostext.org/place/380227PSik" target="_blank">https://topostext.org/place/380227PSik</a>]]></description>
        <Point><coordinates>22.7145,37.9834</coordinates></Point>
      </Placemark>

      <Placemark>
        <name>Sicyon (Sikyonia)</name>
        <description><![CDATA[<strong>name</strong>: Sicyon (Sikyonia)<br><strong>region</strong>: Sikyonia Bk2<br><strong>part of</strong>: Sikyonia Bk2<br><strong>altname</strong>: Sikyon<br><strong>Wikidata</strong>: <a href="https://wikidata.org/wiki/Q368628" target="_blank">https://wikidata.org/wiki/Q368628</a><br><strong>type</strong>: polis<br><strong>passages</strong>: 1.25.4, 1.27.5, 10.11.6, 10.8.5, 2.1.1, 2.10.1, 2.10.6, 2.11.2, 2.11.3, 2.11.5, 2.12.2, 2.12.3, 2.13.1, 2.15.1, 2.25.5, 2.25.6, 2.3.10, 2.3.6, 2.4.4, 2.5.2, 2.5.5, 2.5.6, 2.5.8, 2.6.2, 2.6.5, 2.6.6, 2.6.7, 2.7.1, 2.7.2, 2.7.3, 2.7.6, 2.7.7, 2.7.9, 2.8.1, 2.9.2, 2.9.4, 4.10.6, 4.11.8, 4.14.1, 4.15.7, 5.18.7, 5.21.3, 6.3.3, 7.1.1, 7.23.8, 7.26.12, 7.26.13, 7.26.2, 7.26.6, 7.27.12, 7.6.1, 8.1.2<br><strong>Pleiades</strong>: <a href="https://pleiades.stoa.org/places/570668" target="_blank">https://pleiades.stoa.org/places/570668</a><br><strong>ToposText</strong>: <a href="https://topostext.org/place/380227PSik" target="_blank">https://topostext.org/place/380227PSik</a>]]></description>
        <Point><coordinates>22.7145,37.9834</coordinates></Point>
      </Placemark>

      <Placemark>
        <name>Sicyon (Sikyonia)</name>
        <description><![CDATA[<strong>name</strong>: Sicyon (Sikyonia)<br><strong>region</strong>: Sikyonia Bk2<br><strong>part of</strong>: Sikyonia Bk2<br><strong>altname</strong>: Sikyon<br><strong>Wikidata</strong>: <a href="https://wikidata.org/wiki/Q368628" target="_blank">https://wikidata.org/wiki/Q368628</a><br><strong>type</strong>: polis<br><strong>passages</strong>: 1.25.4, 1.27.5, 10.11.6, 10.8.5, 2.1.1, 2.10.1, 2.10.6, 2.11.2, 2.11.3, 2.11.5, 2.12.2, 2.12.3, 2.13.1, 2.15.1, 2.25.5, 2.25.6, 2.3.10, 2.3.6, 2.4.4, 2.5.2, 2.5.5, 2.5.6, 2.5.8, 2.6.2, 2.6.5, 2.6.6, 2.6.7, 2.7.1, 2.7.2, 2.7.3, 2.7.6, 2.7.7, 2.7.9, 2.8.1, 2.9.2, 2.9.4, 4.10.6, 4.11.8, 4.14.1, 4.15.7, 5.18.7, 5.21.3, 6.3.3, 7.1.1, 7.23.8, 7.26.12, 7.26.13, 7.26.2, 7.26.6, 7.27.12, 7.6.1, 8.1.2<br><strong>Pleiades</strong>: <a href="https://pleiades.stoa.org/places/570668" target="_blank">https://pleiades.stoa.org/places/570668</a><br><strong>ToposText</strong>: <a href="https://topostext.org/place/380227PSik" target="_blank">https://topostext.org/place/380227PSik</a>]]></description>
        <Point><coordinates>22.7145,37.9834</coordinates></Point>
      </Placemark>

      <Placemark>
        <name>Sicyon (Sikyonia)</name>
        <description><![CDATA[<strong>name</strong>: Sicyon (Sikyonia)<br><strong>region</strong>: Sikyonia Bk2<br><strong>part of</strong>: Sikyonia Bk2<br><strong>altname</strong>: Sikyon<br><strong>Wikidata</strong>: <a href="https://wikidata.org/wiki/Q368628" target="_blank">https://wikidata.org/wiki/Q368628</a><br><strong>type</strong>: polis<br><strong>passages</strong>: 1.25.4, 1.27.5, 10.11.6, 10.8.5, 2.1.1, 2.10.1, 2.10.6, 2.11.2, 2.11.3, 2.11.5, 2.12.2, 2.12.3, 2.13.1, 2.15.1, 2.25.5, 2.25.6, 2.3.10, 2.3.6, 2.4.4, 2.5.2, 2.5.5, 2.5.6, 2.5.8, 2.6.2, 2.6.5, 2.6.6, 2.6.7, 2.7.1, 2.7.2, 2.7.3, 2.7.6, 2.7.7, 2.7.9, 2.8.1, 2.9.2, 2.9.4, 4.10.6, 4.11.8, 4.14.1, 4.15.7, 5.18.7, 5.21.3, 6.3.3, 7.1.1, 7.23.8, 7.26.12, 7.26.13, 7.26.2, 7.26.6, 7.27.12, 7.6.1, 8.1.2<br><strong>Pleiades</strong>: <a href="https://pleiades.stoa.org/places/570668" target="_blank">https://pleiades.stoa.org/places/570668</a><br><strong>ToposText</strong>: <a href="https://topostext.org/place/380227PSik" target="_blank">https://topostext.org/place/380227PSik</a>]]></description>
        <Point><coordinates>22.7145,37.9834</coordinates></Point>
      </Placemark>

      <Placemark>
        <name>Sicyon (Sikyonia)</name>
        <description><![CDATA[<strong>name</strong>: Sicyon (Sikyonia)<br><strong>region</strong>: Sikyonia Bk2<br><strong>part of</strong>: Sikyonia Bk2<br><strong>altname</strong>: Sikyon<br><strong>Wikidata</strong>: <a href="https://wikidata.org/wiki/Q368628" target="_blank">https://wikidata.org/wiki/Q368628</a><br><strong>type</strong>: polis<br><strong>passages</strong>: 1.25.4, 1.27.5, 10.11.6, 10.8.5, 2.1.1, 2.10.1, 2.10.6, 2.11.2, 2.11.3, 2.11.5, 2.12.2, 2.12.3, 2.13.1, 2.15.1, 2.25.5, 2.25.6, 2.3.10, 2.3.6, 2.4.4, 2.5.2, 2.5.5, 2.5.6, 2.5.8, 2.6.2, 2.6.5, 2.6.6, 2.6.7, 2.7.1, 2.7.2, 2.7.3, 2.7.6, 2.7.7, 2.7.9, 2.8.1, 2.9.2, 2.9.4, 4.10.6, 4.11.8, 4.14.1, 4.15.7, 5.18.7, 5.21.3, 6.3.3, 7.1.1, 7.23.8, 7.26.12, 7.26.13, 7.26.2, 7.26.6, 7.27.12, 7.6.1, 8.1.2<br><strong>Pleiades</strong>: <a href="https://pleiades.stoa.org/places/570668" target="_blank">https://pleiades.stoa.org/places/570668</a><br><strong>ToposText</strong>: <a href="https://topostext.org/place/380227PSik" target="_blank">https://topostext.org/place/380227PSik</a>]]></description>
        <Point><coordinates>22.7145,37.9834</coordinates></Point>
      </Placemark>

      <Placemark>
        <name>Sicyon (Sikyonia)</name>
        <description><![CDATA[<strong>name</strong>: Sicyon (Sikyonia)<br><strong>region</strong>: Sikyonia Bk2<br><strong>part of</strong>: Sikyonia Bk2<br><strong>altname</strong>: Sikyon<br><strong>Wikidata</strong>: <a href="https://wikidata.org/wiki/Q368628" target="_blank">https://wikidata.org/wiki/Q368628</a><br><strong>type</strong>: polis<br><strong>passages</strong>: 1.25.4, 1.27.5, 10.11.6, 10.8.5, 2.1.1, 2.10.1, 2.10.6, 2.11.2, 2.11.3, 2.11.5, 2.12.2, 2.12.3, 2.13.1, 2.15.1, 2.25.5, 2.25.6, 2.3.10, 2.3.6, 2.4.4, 2.5.2, 2.5.5, 2.5.6, 2.5.8, 2.6.2, 2.6.5, 2.6.6, 2.6.7, 2.7.1, 2.7.2, 2.7.3, 2.7.6, 2.7.7, 2.7.9, 2.8.1, 2.9.2, 2.9.4, 4.10.6, 4.11.8, 4.14.1, 4.15.7, 5.18.7, 5.21.3, 6.3.3, 7.1.1, 7.23.8, 7.26.12, 7.26.13, 7.26.2, 7.26.6, 7.27.12, 7.6.1, 8.1.2<br><strong>Pleiades</strong>: <a href="https://pleiades.stoa.org/places/570668" target="_blank">https://pleiades.stoa.org/places/570668</a><br><strong>ToposText</strong>: <a href="https://topostext.org/place/380227PSik" target="_blank">https://topostext.org/place/380227PSik</a>]]></description>
        <Point><coordinates>22.7145,37.9834</coordinates></Point>
      </Placemark>

      <Placemark>
        <name>Sicyon (Sikyonia)</name>
        <description><![CDATA[<strong>name</strong>: Sicyon (Sikyonia)<br><strong>region</strong>: Sikyonia Bk2<br><strong>part of</strong>: Sikyonia Bk2<br><strong>altname</strong>: Sikyon<br><strong>Wikidata</strong>: <a href="https://wikidata.org/wiki/Q368628" target="_blank">https://wikidata.org/wiki/Q368628</a><br><strong>type</strong>: polis<br><strong>passages</strong>: 1.25.4, 1.27.5, 10.11.6, 10.8.5, 2.1.1, 2.10.1, 2.10.6, 2.11.2, 2.11.3, 2.11.5, 2.12.2, 2.12.3, 2.13.1, 2.15.1, 2.25.5, 2.25.6, 2.3.10, 2.3.6, 2.4.4, 2.5.2, 2.5.5, 2.5.6, 2.5.8, 2.6.2, 2.6.5, 2.6.6, 2.6.7, 2.7.1, 2.7.2, 2.7.3, 2.7.6, 2.7.7, 2.7.9, 2.8.1, 2.9.2, 2.9.4, 4.10.6, 4.11.8, 4.14.1, 4.15.7, 5.18.7, 5.21.3, 6.3.3, 7.1.1, 7.23.8, 7.26.12, 7.26.13, 7.26.2, 7.26.6, 7.27.12, 7.6.1, 8.1.2<br><strong>Pleiades</strong>: <a href="https://pleiades.stoa.org/places/570668" target="_blank">https://pleiades.stoa.org/places/570668</a><br><strong>ToposText</strong>: <a href="https://topostext.org/place/380227PSik" target="_blank">https://topostext.org/place/380227PSik</a>]]></description>
        <Point><coordinates>22.7145,37.9834</coordinates></Point>
      </Placemark>

      <Placemark>
        <name>Sicyon (Sikyonia)</name>
        <description><![CDATA[<strong>name</strong>: Sicyon (Sikyonia)<br><strong>region</strong>: Sikyonia Bk2<br><strong>part of</strong>: Sikyonia Bk2<br><strong>altname</strong>: Sikyon<br><strong>Wikidata</strong>: <a href="https://wikidata.org/wiki/Q368628" target="_blank">https://wikidata.org/wiki/Q368628</a><br><strong>type</strong>: polis<br><strong>passages</strong>: 1.25.4, 1.27.5, 10.11.6, 10.8.5, 2.1.1, 2.10.1, 2.10.6, 2.11.2, 2.11.3, 2.11.5, 2.12.2, 2.12.3, 2.13.1, 2.15.1, 2.25.5, 2.25.6, 2.3.10, 2.3.6, 2.4.4, 2.5.2, 2.5.5, 2.5.6, 2.5.8, 2.6.2, 2.6.5, 2.6.6, 2.6.7, 2.7.1, 2.7.2, 2.7.3, 2.7.6, 2.7.7, 2.7.9, 2.8.1, 2.9.2, 2.9.4, 4.10.6, 4.11.8, 4.14.1, 4.15.7, 5.18.7, 5.21.3, 6.3.3, 7.1.1, 7.23.8, 7.26.12, 7.26.13, 7.26.2, 7.26.6, 7.27.12, 7.6.1, 8.1.2<br><strong>Pleiades</strong>: <a href="https://pleiades.stoa.org/places/570668" target="_blank">https://pleiades.stoa.org/places/570668</a><br><strong>ToposText</strong>: <a href="https://topostext.org/place/380227PSik" target="_blank">https://topostext.org/place/380227PSik</a>]]></description>
        <Point><coordinates>22.7145,37.9834</coordinates></Point>
      </Placemark>

      <Placemark>
        <name>Sicyon (Sikyonia)</name>
        <description><![CDATA[<strong>name</strong>: Sicyon (Sikyonia)<br><strong>region</strong>: Sikyonia Bk2<br><strong>part of</strong>: Sikyonia Bk2<br><strong>altname</strong>: Sikyon<br><strong>Wikidata</strong>: <a href="https://wikidata.org/wiki/Q368628" target="_blank">https://wikidata.org/wiki/Q368628</a><br><strong>type</strong>: polis<br><strong>passages</strong>: 1.25.4, 1.27.5, 10.11.6, 10.8.5, 2.1.1, 2.10.1, 2.10.6, 2.11.2, 2.11.3, 2.11.5, 2.12.2, 2.12.3, 2.13.1, 2.15.1, 2.25.5, 2.25.6, 2.3.10, 2.3.6, 2.4.4, 2.5.2, 2.5.5, 2.5.6, 2.5.8, 2.6.2, 2.6.5, 2.6.6, 2.6.7, 2.7.1, 2.7.2, 2.7.3, 2.7.6, 2.7.7, 2.7.9, 2.8.1, 2.9.2, 2.9.4, 4.10.6, 4.11.8, 4.14.1, 4.15.7, 5.18.7, 5.21.3, 6.3.3, 7.1.1, 7.23.8, 7.26.12, 7.26.13, 7.26.2, 7.26.6, 7.27.12, 7.6.1, 8.1.2<br><strong>Pleiades</strong>: <a href="https://pleiades.stoa.org/places/570668" target="_blank">https://pleiades.stoa.org/places/570668</a><br><strong>ToposText</strong>: <a href="https://topostext.org/place/380227PSik" target="_blank">https://topostext.org/place/380227PSik</a>]]></description>
        <Point><coordinates>22.7145,37.9834</coordinates></Point>
      </Placemark>

      <Placemark>
        <name>Sicyon (Sikyonia)</name>
        <description><![CDATA[<strong>name</strong>: Sicyon (Sikyonia)<br><strong>region</strong>: Sikyonia Bk2<br><strong>part of</strong>: Sikyonia Bk2<br><strong>altname</strong>: Sikyon<br><strong>Wikidata</strong>: <a href="https://wikidata.org/wiki/Q368628" target="_blank">https://wikidata.org/wiki/Q368628</a><br><strong>type</strong>: polis<br><strong>passages</strong>: 1.25.4, 1.27.5, 10.11.6, 10.8.5, 2.1.1, 2.10.1, 2.10.6, 2.11.2, 2.11.3, 2.11.5, 2.12.2, 2.12.3, 2.13.1, 2.15.1, 2.25.5, 2.25.6, 2.3.10, 2.3.6, 2.4.4, 2.5.2, 2.5.5, 2.5.6, 2.5.8, 2.6.2, 2.6.5, 2.6.6, 2.6.7, 2.7.1, 2.7.2, 2.7.3, 2.7.6, 2.7.7, 2.7.9, 2.8.1, 2.9.2, 2.9.4, 4.10.6, 4.11.8, 4.14.1, 4.15.7, 5.18.7, 5.21.3, 6.3.3, 7.1.1, 7.23.8, 7.26.12, 7.26.13, 7.26.2, 7.26.6, 7.27.12, 7.6.1, 8.1.2<br><strong>Pleiades</strong>: <a href="https://pleiades.stoa.org/places/570668" target="_blank">https://pleiades.stoa.org/places/570668</a><br><strong>ToposText</strong>: <a href="https://topostext.org/place/380227PSik" target="_blank">https://topostext.org/place/380227PSik</a>]]></description>
        <Point><coordinates>22.7145,37.9834</coordinates></Point>
      </Placemark>

      <Placemark>
        <name>Sicyon (Sikyonia)</name>
        <description><![CDATA[<strong>name</strong>: Sicyon (Sikyonia)<br><strong>region</strong>: Sikyonia Bk2<br><strong>part of</strong>: Sikyonia Bk2<br><strong>altname</strong>: Sikyon<br><strong>Wikidata</strong>: <a href="https://wikidata.org/wiki/Q368628" target="_blank">https://wikidata.org/wiki/Q368628</a><br><strong>type</strong>: polis<br><strong>passages</strong>: 1.25.4, 1.27.5, 10.11.6, 10.8.5, 2.1.1, 2.10.1, 2.10.6, 2.11.2, 2.11.3, 2.11.5, 2.12.2, 2.12.3, 2.13.1, 2.15.1, 2.25.5, 2.25.6, 2.3.10, 2.3.6, 2.4.4, 2.5.2, 2.5.5, 2.5.6, 2.5.8, 2.6.2, 2.6.5, 2.6.6, 2.6.7, 2.7.1, 2.7.2, 2.7.3, 2.7.6, 2.7.7, 2.7.9, 2.8.1, 2.9.2, 2.9.4, 4.10.6, 4.11.8, 4.14.1, 4.15.7, 5.18.7, 5.21.3, 6.3.3, 7.1.1, 7.23.8, 7.26.12, 7.26.13, 7.26.2, 7.26.6, 7.27.12, 7.6.1, 8.1.2<br><strong>Pleiades</strong>: <a href="https://pleiades.stoa.org/places/570668" target="_blank">https://pleiades.stoa.org/places/570668</a><br><strong>ToposText</strong>: <a href="https://topostext.org/place/380227PSik" target="_blank">https://topostext.org/place/380227PSik</a>]]></description>
        <Point><coordinates>22.7145,37.9834</coordinates></Point>
      </Placemark>

      <Placemark>
        <name>Sicyon (Sikyonia)</name>
        <description><![CDATA[<strong>name</strong>: Sicyon (Sikyonia)<br><strong>region</strong>: Sikyonia Bk2<br><strong>part of</strong>: Sikyonia Bk2<br><strong>altname</strong>: Sikyon<br><strong>Wikidata</strong>: <a href="https://wikidata.org/wiki/Q368628" target="_blank">https://wikidata.org/wiki/Q368628</a><br><strong>type</strong>: polis<br><strong>passages</strong>: 1.25.4, 1.27.5, 10.11.6, 10.8.5, 2.1.1, 2.10.1, 2.10.6, 2.11.2, 2.11.3, 2.11.5, 2.12.2, 2.12.3, 2.13.1, 2.15.1, 2.25.5, 2.25.6, 2.3.10, 2.3.6, 2.4.4, 2.5.2, 2.5.5, 2.5.6, 2.5.8, 2.6.2, 2.6.5, 2.6.6, 2.6.7, 2.7.1, 2.7.2, 2.7.3, 2.7.6, 2.7.7, 2.7.9, 2.8.1, 2.9.2, 2.9.4, 4.10.6, 4.11.8, 4.14.1, 4.15.7, 5.18.7, 5.21.3, 6.3.3, 7.1.1, 7.23.8, 7.26.12, 7.26.13, 7.26.2, 7.26.6, 7.27.12, 7.6.1, 8.1.2<br><strong>Pleiades</strong>: <a href="https://pleiades.stoa.org/places/570668" target="_blank">https://pleiades.stoa.org/places/570668</a><br><strong>ToposText</strong>: <a href="https://topostext.org/place/380227PSik" target="_blank">https://topostext.org/place/380227PSik</a>]]></description>
        <Point><coordinates>22.7145,37.9834</coordinates></Point>
      </Placemark>

      <Placemark>
        <name>Sicyon (Sikyonia)</name>
        <description><![CDATA[<strong>name</strong>: Sicyon (Sikyonia)<br><strong>region</strong>: Sikyonia Bk2<br><strong>part of</strong>: Sikyonia Bk2<br><strong>altname</strong>: Sikyon<br><strong>Wikidata</strong>: <a href="https://wikidata.org/wiki/Q368628" target="_blank">https://wikidata.org/wiki/Q368628</a><br><strong>type</strong>: polis<br><strong>passages</strong>: 1.25.4, 1.27.5, 10.11.6, 10.8.5, 2.1.1, 2.10.1, 2.10.6, 2.11.2, 2.11.3, 2.11.5, 2.12.2, 2.12.3, 2.13.1, 2.15.1, 2.25.5, 2.25.6, 2.3.10, 2.3.6, 2.4.4, 2.5.2, 2.5.5, 2.5.6, 2.5.8, 2.6.2, 2.6.5, 2.6.6, 2.6.7, 2.7.1, 2.7.2, 2.7.3, 2.7.6, 2.7.7, 2.7.9, 2.8.1, 2.9.2, 2.9.4, 4.10.6, 4.11.8, 4.14.1, 4.15.7, 5.18.7, 5.21.3, 6.3.3, 7.1.1, 7.23.8, 7.26.12, 7.26.13, 7.26.2, 7.26.6, 7.27.12, 7.6.1, 8.1.2<br><strong>Pleiades</strong>: <a href="https://pleiades.stoa.org/places/570668" target="_blank">https://pleiades.stoa.org/places/570668</a><br><strong>ToposText</strong>: <a href="https://topostext.org/place/380227PSik" target="_blank">https://topostext.org/place/380227PSik</a>]]></description>
        <Point><coordinates>22.7145,37.9834</coordinates></Point>
      </Placemark>

      <Placemark>
        <name>Sicyon (Sikyonia)</name>
        <description><![CDATA[<strong>name</strong>: Sicyon (Sikyonia)<br><strong>region</strong>: Sikyonia Bk2<br><strong>part of</strong>: Sikyonia Bk2<br><strong>altname</strong>: Sikyon<br><strong>Wikidata</strong>: <a href="https://wikidata.org/wiki/Q368628" target="_blank">https://wikidata.org/wiki/Q368628</a><br><strong>type</strong>: polis<br><strong>passages</strong>: 1.25.4, 1.27.5, 10.11.6, 10.8.5, 2.1.1, 2.10.1, 2.10.6, 2.11.2, 2.11.3, 2.11.5, 2.12.2, 2.12.3, 2.13.1, 2.15.1, 2.25.5, 2.25.6, 2.3.10, 2.3.6, 2.4.4, 2.5.2, 2.5.5, 2.5.6, 2.5.8, 2.6.2, 2.6.5, 2.6.6, 2.6.7, 2.7.1, 2.7.2, 2.7.3, 2.7.6, 2.7.7, 2.7.9, 2.8.1, 2.9.2, 2.9.4, 4.10.6, 4.11.8, 4.14.1, 4.15.7, 5.18.7, 5.21.3, 6.3.3, 7.1.1, 7.23.8, 7.26.12, 7.26.13, 7.26.2, 7.26.6, 7.27.12, 7.6.1, 8.1.2<br><strong>Pleiades</strong>: <a href="https://pleiades.stoa.org/places/570668" target="_blank">https://pleiades.stoa.org/places/570668</a><br><strong>ToposText</strong>: <a href="https://topostext.org/place/380227PSik" target="_blank">https://topostext.org/place/380227PSik</a>]]></description>
        <Point><coordinates>22.7145,37.9834</coordinates></Point>
      </Placemark>

      <Placemark>
        <name>Sicyon (Sikyonia)</name>
        <description><![CDATA[<strong>name</strong>: Sicyon (Sikyonia)<br><strong>region</strong>: Sikyonia Bk2<br><strong>part of</strong>: Sikyonia Bk2<br><strong>altname</strong>: Sikyon<br><strong>Wikidata</strong>: <a href="https://wikidata.org/wiki/Q368628" target="_blank">https://wikidata.org/wiki/Q368628</a><br><strong>type</strong>: polis<br><strong>passages</strong>: 1.25.4, 1.27.5, 10.11.6, 10.8.5, 2.1.1, 2.10.1, 2.10.6, 2.11.2, 2.11.3, 2.11.5, 2.12.2, 2.12.3, 2.13.1, 2.15.1, 2.25.5, 2.25.6, 2.3.10, 2.3.6, 2.4.4, 2.5.2, 2.5.5, 2.5.6, 2.5.8, 2.6.2, 2.6.5, 2.6.6, 2.6.7, 2.7.1, 2.7.2, 2.7.3, 2.7.6, 2.7.7, 2.7.9, 2.8.1, 2.9.2, 2.9.4, 4.10.6, 4.11.8, 4.14.1, 4.15.7, 5.18.7, 5.21.3, 6.3.3, 7.1.1, 7.23.8, 7.26.12, 7.26.13, 7.26.2, 7.26.6, 7.27.12, 7.6.1, 8.1.2<br><strong>Pleiades</strong>: <a href="https://pleiades.stoa.org/places/570668" target="_blank">https://pleiades.stoa.org/places/570668</a><br><strong>ToposText</strong>: <a href="https://topostext.org/place/380227PSik" target="_blank">https://topostext.org/place/380227PSik</a>]]></description>
        <Point><coordinates>22.7145,37.9834</coordinates></Point>
      </Placemark>

      <Placemark>
        <name>Sicyon (Sikyonia)</name>
        <description><![CDATA[<strong>name</strong>: Sicyon (Sikyonia)<br><strong>region</strong>: Sikyonia Bk2<br><strong>part of</strong>: Sikyonia Bk2<br><strong>altname</strong>: Sikyon<br><strong>Wikidata</strong>: <a href="https://wikidata.org/wiki/Q368628" target="_blank">https://wikidata.org/wiki/Q368628</a><br><strong>type</strong>: polis<br><strong>passages</strong>: 1.25.4, 1.27.5, 10.11.6, 10.8.5, 2.1.1, 2.10.1, 2.10.6, 2.11.2, 2.11.3, 2.11.5, 2.12.2, 2.12.3, 2.13.1, 2.15.1, 2.25.5, 2.25.6, 2.3.10, 2.3.6, 2.4.4, 2.5.2, 2.5.5, 2.5.6, 2.5.8, 2.6.2, 2.6.5, 2.6.6, 2.6.7, 2.7.1, 2.7.2, 2.7.3, 2.7.6, 2.7.7, 2.7.9, 2.8.1, 2.9.2, 2.9.4, 4.10.6, 4.11.8, 4.14.1, 4.15.7, 5.18.7, 5.21.3, 6.3.3, 7.1.1, 7.23.8, 7.26.12, 7.26.13, 7.26.2, 7.26.6, 7.27.12, 7.6.1, 8.1.2<br><strong>Pleiades</strong>: <a href="https://pleiades.stoa.org/places/570668" target="_blank">https://pleiades.stoa.org/places/570668</a><br><strong>ToposText</strong>: <a href="https://topostext.org/place/380227PSik" target="_blank">https://topostext.org/place/380227PSik</a>]]></description>
        <Point><coordinates>22.7145,37.9834</coordinates></Point>
      </Placemark>

      <Placemark>
        <name>Sicyon (Sikyonia)</name>
        <description><![CDATA[<strong>name</strong>: Sicyon (Sikyonia)<br><strong>region</strong>: Sikyonia Bk2<br><strong>part of</strong>: Sikyonia Bk2<br><strong>altname</strong>: Sikyon<br><strong>Wikidata</strong>: <a href="https://wikidata.org/wiki/Q368628" target="_blank">https://wikidata.org/wiki/Q368628</a><br><strong>type</strong>: polis<br><strong>passages</strong>: 1.25.4, 1.27.5, 10.11.6, 10.8.5, 2.1.1, 2.10.1, 2.10.6, 2.11.2, 2.11.3, 2.11.5, 2.12.2, 2.12.3, 2.13.1, 2.15.1, 2.25.5, 2.25.6, 2.3.10, 2.3.6, 2.4.4, 2.5.2, 2.5.5, 2.5.6, 2.5.8, 2.6.2, 2.6.5, 2.6.6, 2.6.7, 2.7.1, 2.7.2, 2.7.3, 2.7.6, 2.7.7, 2.7.9, 2.8.1, 2.9.2, 2.9.4, 4.10.6, 4.11.8, 4.14.1, 4.15.7, 5.18.7, 5.21.3, 6.3.3, 7.1.1, 7.23.8, 7.26.12, 7.26.13, 7.26.2, 7.26.6, 7.27.12, 7.6.1, 8.1.2<br><strong>Pleiades</strong>: <a href="https://pleiades.stoa.org/places/570668" target="_blank">https://pleiades.stoa.org/places/570668</a><br><strong>ToposText</strong>: <a href="https://topostext.org/place/380227PSik" target="_blank">https://topostext.org/place/380227PSik</a>]]></description>
        <Point><coordinates>22.7145,37.9834</coordinates></Point>
      </Placemark>

      <Placemark>
        <name>Sicyon (Sikyonia)</name>
        <description><![CDATA[<strong>name</strong>: Sicyon (Sikyonia)<br><strong>region</strong>: Sikyonia Bk2<br><strong>part of</strong>: Sikyonia Bk2<br><strong>altname</strong>: Sikyon<br><strong>Wikidata</strong>: <a href="https://wikidata.org/wiki/Q368628" target="_blank">https://wikidata.org/wiki/Q368628</a><br><strong>type</strong>: polis<br><strong>passages</strong>: 1.25.4, 1.27.5, 10.11.6, 10.8.5, 2.1.1, 2.10.1, 2.10.6, 2.11.2, 2.11.3, 2.11.5, 2.12.2, 2.12.3, 2.13.1, 2.15.1, 2.25.5, 2.25.6, 2.3.10, 2.3.6, 2.4.4, 2.5.2, 2.5.5, 2.5.6, 2.5.8, 2.6.2, 2.6.5, 2.6.6, 2.6.7, 2.7.1, 2.7.2, 2.7.3, 2.7.6, 2.7.7, 2.7.9, 2.8.1, 2.9.2, 2.9.4, 4.10.6, 4.11.8, 4.14.1, 4.15.7, 5.18.7, 5.21.3, 6.3.3, 7.1.1, 7.23.8, 7.26.12, 7.26.13, 7.26.2, 7.26.6, 7.27.12, 7.6.1, 8.1.2<br><strong>Pleiades</strong>: <a href="https://pleiades.stoa.org/places/570668" target="_blank">https://pleiades.stoa.org/places/570668</a><br><strong>ToposText</strong>: <a href="https://topostext.org/place/380227PSik" target="_blank">https://topostext.org/place/380227PSik</a>]]></description>
        <Point><coordinates>22.7145,37.9834</coordinates></Point>
      </Placemark>

      <Placemark>
        <name>Sicyon (Sikyonia)</name>
        <description><![CDATA[<strong>name</strong>: Sicyon (Sikyonia)<br><strong>region</strong>: Sikyonia Bk2<br><strong>part of</strong>: Sikyonia Bk2<br><strong>altname</strong>: Sikyon<br><strong>Wikidata</strong>: <a href="https://wikidata.org/wiki/Q368628" target="_blank">https://wikidata.org/wiki/Q368628</a><br><strong>type</strong>: polis<br><strong>passages</strong>: 1.25.4, 1.27.5, 10.11.6, 10.8.5, 2.1.1, 2.10.1, 2.10.6, 2.11.2, 2.11.3, 2.11.5, 2.12.2, 2.12.3, 2.13.1, 2.15.1, 2.25.5, 2.25.6, 2.3.10, 2.3.6, 2.4.4, 2.5.2, 2.5.5, 2.5.6, 2.5.8, 2.6.2, 2.6.5, 2.6.6, 2.6.7, 2.7.1, 2.7.2, 2.7.3, 2.7.6, 2.7.7, 2.7.9, 2.8.1, 2.9.2, 2.9.4, 4.10.6, 4.11.8, 4.14.1, 4.15.7, 5.18.7, 5.21.3, 6.3.3, 7.1.1, 7.23.8, 7.26.12, 7.26.13, 7.26.2, 7.26.6, 7.27.12, 7.6.1, 8.1.2<br><strong>Pleiades</strong>: <a href="https://pleiades.stoa.org/places/570668" target="_blank">https://pleiades.stoa.org/places/570668</a><br><strong>ToposText</strong>: <a href="https://topostext.org/place/380227PSik" target="_blank">https://topostext.org/place/380227PSik</a>]]></description>
        <Point><coordinates>22.7145,37.9834</coordinates></Point>
      </Placemark>

      <Placemark>
        <name>Sicyon (Sikyonia)</name>
        <description><![CDATA[<strong>name</strong>: Sicyon (Sikyonia)<br><strong>region</strong>: Sikyonia Bk2<br><strong>part of</strong>: Sikyonia Bk2<br><strong>altname</strong>: Sikyon<br><strong>Wikidata</strong>: <a href="https://wikidata.org/wiki/Q368628" target="_blank">https://wikidata.org/wiki/Q368628</a><br><strong>type</strong>: polis<br><strong>passages</strong>: 1.25.4, 1.27.5, 10.11.6, 10.8.5, 2.1.1, 2.10.1, 2.10.6, 2.11.2, 2.11.3, 2.11.5, 2.12.2, 2.12.3, 2.13.1, 2.15.1, 2.25.5, 2.25.6, 2.3.10, 2.3.6, 2.4.4, 2.5.2, 2.5.5, 2.5.6, 2.5.8, 2.6.2, 2.6.5, 2.6.6, 2.6.7, 2.7.1, 2.7.2, 2.7.3, 2.7.6, 2.7.7, 2.7.9, 2.8.1, 2.9.2, 2.9.4, 4.10.6, 4.11.8, 4.14.1, 4.15.7, 5.18.7, 5.21.3, 6.3.3, 7.1.1, 7.23.8, 7.26.12, 7.26.13, 7.26.2, 7.26.6, 7.27.12, 7.6.1, 8.1.2<br><strong>Pleiades</strong>: <a href="https://pleiades.stoa.org/places/570668" target="_blank">https://pleiades.stoa.org/places/570668</a><br><strong>ToposText</strong>: <a href="https://topostext.org/place/380227PSik" target="_blank">https://topostext.org/place/380227PSik</a>]]></description>
        <Point><coordinates>22.7145,37.9834</coordinates></Point>
      </Placemark>

      <Placemark>
        <name>Sicyon (Sikyonia)</name>
        <description><![CDATA[<strong>name</strong>: Sicyon (Sikyonia)<br><strong>region</strong>: Sikyonia Bk2<br><strong>part of</strong>: Sikyonia Bk2<br><strong>altname</strong>: Sikyon<br><strong>Wikidata</strong>: <a href="https://wikidata.org/wiki/Q368628" target="_blank">https://wikidata.org/wiki/Q368628</a><br><strong>type</strong>: polis<br><strong>passages</strong>: 1.25.4, 1.27.5, 10.11.6, 10.8.5, 2.1.1, 2.10.1, 2.10.6, 2.11.2, 2.11.3, 2.11.5, 2.12.2, 2.12.3, 2.13.1, 2.15.1, 2.25.5, 2.25.6, 2.3.10, 2.3.6, 2.4.4, 2.5.2, 2.5.5, 2.5.6, 2.5.8, 2.6.2, 2.6.5, 2.6.6, 2.6.7, 2.7.1, 2.7.2, 2.7.3, 2.7.6, 2.7.7, 2.7.9, 2.8.1, 2.9.2, 2.9.4, 4.10.6, 4.11.8, 4.14.1, 4.15.7, 5.18.7, 5.21.3, 6.3.3, 7.1.1, 7.23.8, 7.26.12, 7.26.13, 7.26.2, 7.26.6, 7.27.12, 7.6.1, 8.1.2<br><strong>Pleiades</strong>: <a href="https://pleiades.stoa.org/places/570668" target="_blank">https://pleiades.stoa.org/places/570668</a><br><strong>ToposText</strong>: <a href="https://topostext.org/place/380227PSik" target="_blank">https://topostext.org/place/380227PSik</a>]]></description>
        <Point><coordinates>22.7145,37.9834</coordinates></Point>
      </Placemark>

      <Placemark>
        <name>Houses of the exiles in Sicyon</name>
        <description><![CDATA[<strong>name</strong>: Houses of the exiles in Sicyon<br><strong>region</strong>: Sikyonia Bk2<br><strong>part of</strong>: Sicyon (Sikyonia)<br><strong>location</strong>: Sicyon (Sikyonia)<br><strong>type</strong>: house<br><strong>passages</strong>: 2.8.3]]></description>
        <Point><coordinates>22.7145,37.9834</coordinates></Point>
      </Placemark>

      <Placemark>
        <name>sanctuary of Aphrodite on Acrocorinth</name>
        <description><![CDATA[<strong>name</strong>: sanctuary of Aphrodite on Acrocorinth<br><strong>region</strong>: Corinthia Bk2<br><strong>part of</strong>: Acrocorinth<br><strong>Wikidata</strong>: <a href="https://wikidata.org/wiki/Q57559776" target="_blank">https://wikidata.org/wiki/Q57559776</a><br><strong>type</strong>: temple<br><strong>passages</strong>: 2.5.1<br><strong>ToposText</strong>: <a href="https://topostext.org/place/379229SAph" target="_blank">https://topostext.org/place/379229SAph</a>]]></description>
        <Point><coordinates>22.87548,37.89174</coordinates></Point>
      </Placemark>

      <Placemark>
        <name>Temple of Athena at Lessa</name>
        <description><![CDATA[<strong>name</strong>: Temple of Athena at Lessa<br><strong>region</strong>: Epidauria Bk2<br><strong>part of</strong>: Lessa<br><strong>location</strong>: Lessa<br><strong>type</strong>: temple<br><strong>passages</strong>: 2.25.10]]></description>
        <Point><coordinates>22.9427,37.5969</coordinates></Point>
      </Placemark>

      <Placemark>
        <name>Phrixos river</name>
        <description><![CDATA[<strong>name</strong>: Phrixos river<br><strong>region</strong>: Argolid Bk2<br><strong>part of</strong>: Argolid Bk2<br><strong>location</strong>: Argolid Bk2<br><strong>type</strong>: river<br><strong>passages</strong>: 2.36.6, 2.38.1<br><strong>Pleiades</strong>: <a href="https://pleiades.stoa.org/places/573461" target="_blank">https://pleiades.stoa.org/places/573461</a>]]></description>
        <Point><coordinates>22.9,37.67</coordinates></Point>
      </Placemark>

      <Placemark>
        <name>Phrixos river</name>
        <description><![CDATA[<strong>name</strong>: Phrixos river<br><strong>region</strong>: Argolid Bk2<br><strong>part of</strong>: Argolid Bk2<br><strong>location</strong>: Argolid Bk2<br><strong>type</strong>: river<br><strong>passages</strong>: 2.36.6, 2.38.1<br><strong>Pleiades</strong>: <a href="https://pleiades.stoa.org/places/573461" target="_blank">https://pleiades.stoa.org/places/573461</a>]]></description>
        <Point><coordinates>22.9,37.67</coordinates></Point>
      </Placemark>

      <Placemark>
        <name>Temple of Asclepius in Epidauros Asklepieion</name>
        <description><![CDATA[<strong>name</strong>: Temple of Asclepius in Epidauros Asklepieion<br><strong>region</strong>: Epidauria Bk2<br><strong>part of</strong>: Asklepieion of Epidauros<br><strong>Wikidata</strong>: <a href="https://wikidata.org/wiki/Q38279727" target="_blank">https://wikidata.org/wiki/Q38279727</a><br><strong>type</strong>: temple<br><strong>passages</strong>: 2.27.2<br><strong>ToposText</strong>: <a href="https://topostext.org/place/376231SAsT" target="_blank">https://topostext.org/place/376231SAsT</a>]]></description>
        <Point><coordinates>23.074451,37.598626</coordinates></Point>
      </Placemark>

      <Placemark>
        <name>Charadros river, Argolid</name>
        <description><![CDATA[<strong>name</strong>: Charadros river, Argolid<br><strong>region</strong>: Argolid Bk2<br><strong>part of</strong>: Argolid Bk2<br><strong>Wikidata</strong>: <a href="https://wikidata.org/wiki/Q25238207" target="_blank">https://wikidata.org/wiki/Q25238207</a><br><strong>type</strong>: river<br><strong>passages</strong>: 2.25.2<br><strong>Pleiades</strong>: <a href="https://pleiades.stoa.org/places/570173" target="_blank">https://pleiades.stoa.org/places/570173</a>]]></description>
        <Point><coordinates>22.677,37.645</coordinates></Point>
      </Placemark>

      <Placemark>
        <name>Sacred precinct and grove of Asclepius, Epidauros Asklepieion</name>
        <description><![CDATA[<strong>name</strong>: Sacred precinct and grove of Asclepius, Epidauros Asklepieion<br><strong>region</strong>: Epidauria Bk2<br><strong>part of</strong>: Asklepieion of Epidauros<br><strong>location</strong>: Asklepieion of Epidauros<br><strong>altname</strong>: Asklepieion sacred grove, Epidaurus: boundary stones on all sides, no one to die or give birth inside<br><strong>type</strong>: enclosure, grove<br><strong>passages</strong>: 2.27.1, 2.27.5]]></description>
        <Point><coordinates>23.075,37.597</coordinates></Point>
      </Placemark>

      <Placemark>
        <name>Sacred precinct and grove of Asclepius, Epidauros Asklepieion</name>
        <description><![CDATA[<strong>name</strong>: Sacred precinct and grove of Asclepius, Epidauros Asklepieion<br><strong>region</strong>: Epidauria Bk2<br><strong>part of</strong>: Asklepieion of Epidauros<br><strong>location</strong>: Asklepieion of Epidauros<br><strong>altname</strong>: Asklepieion sacred grove, Epidaurus: boundary stones on all sides, no one to die or give birth inside<br><strong>type</strong>: enclosure, grove<br><strong>passages</strong>: 2.27.1, 2.27.5]]></description>
        <Point><coordinates>23.075,37.597</coordinates></Point>
      </Placemark>

      <Placemark>
        <name>Temple of Apollo at foot of Mount Kokkyngion</name>
        <description><![CDATA[<strong>name</strong>: Temple of Apollo at foot of Mount Kokkyngion<br><strong>region</strong>: Hermionis Bk2<br><strong>part of</strong>: Kokkygion mountain<br><strong>location</strong>: Kokkygion mountain<br><strong>type</strong>: temple<br><strong>passages</strong>: 2.36.2]]></description>
        <Point><coordinates>23.2236,37.3888</coordinates></Point>
      </Placemark>

      <Placemark>
        <name>Temple within Apollo Lykios&apos; sanctuary at Argos, built as anathema by Danaus</name>
        <description><![CDATA[<strong>name</strong>: Temple within Apollo Lykios&apos; sanctuary at Argos, built as anathema by Danaus<br><strong>region</strong>: Argolid Bk2<br><strong>part of</strong>: Sanctuary of Apollo Lykios in Argos<br><strong>location</strong>: Sanctuary of Apollo Lykios in Argos<br><strong>type</strong>: temple<br><strong>passages</strong>: 2.19.3]]></description>
        <Point><coordinates>22.7214,37.6305</coordinates></Point>
      </Placemark>

      <Placemark>
        <name>Asklepieion of Pergamon</name>
        <description><![CDATA[<strong>name</strong>: Asklepieion of Pergamon<br><strong>region</strong>: Asia Minor (Asia)<br><strong>part of</strong>: Pergamum<br><strong>Wikidata</strong>: <a href="https://wikidata.org/wiki/Q630373" target="_blank">https://wikidata.org/wiki/Q630373</a><br><strong>type</strong>: Asclepieion<br><strong>passages</strong>: 2.26.8, 2.26.9, 2.27.5, 3.26.10<br><strong>Pleiades</strong>: <a href="https://pleiades.stoa.org/places/550459" target="_blank">https://pleiades.stoa.org/places/550459</a>]]></description>
        <Point><coordinates>27.165609000000003,39.118873</coordinates></Point>
      </Placemark>

      <Placemark>
        <name>Asklepieion of Pergamon</name>
        <description><![CDATA[<strong>name</strong>: Asklepieion of Pergamon<br><strong>region</strong>: Asia Minor (Asia)<br><strong>part of</strong>: Pergamum<br><strong>Wikidata</strong>: <a href="https://wikidata.org/wiki/Q630373" target="_blank">https://wikidata.org/wiki/Q630373</a><br><strong>type</strong>: Asclepieion<br><strong>passages</strong>: 2.26.8, 2.26.9, 2.27.5, 3.26.10<br><strong>Pleiades</strong>: <a href="https://pleiades.stoa.org/places/550459" target="_blank">https://pleiades.stoa.org/places/550459</a>]]></description>
        <Point><coordinates>27.165609000000003,39.118873</coordinates></Point>
      </Placemark>

      <Placemark>
        <name>Asklepieion of Pergamon</name>
        <description><![CDATA[<strong>name</strong>: Asklepieion of Pergamon<br><strong>region</strong>: Asia Minor (Asia)<br><strong>part of</strong>: Pergamum<br><strong>Wikidata</strong>: <a href="https://wikidata.org/wiki/Q630373" target="_blank">https://wikidata.org/wiki/Q630373</a><br><strong>type</strong>: Asclepieion<br><strong>passages</strong>: 2.26.8, 2.26.9, 2.27.5, 3.26.10<br><strong>Pleiades</strong>: <a href="https://pleiades.stoa.org/places/550459" target="_blank">https://pleiades.stoa.org/places/550459</a>]]></description>
        <Point><coordinates>27.165609000000003,39.118873</coordinates></Point>
      </Placemark>

      <Placemark>
        <name>Strouthos? cape (Argolid)</name>
        <description><![CDATA[<strong>name</strong>: Strouthos? cape (Argolid)<br><strong>region</strong>: Argolid Bk2<br><strong>part of</strong>: Argolid Bk2<br><strong>type</strong>: cape<br><strong>passages</strong>: 2.36.3<br><strong>Pleiades</strong>: <a href="https://pleiades.stoa.org/places/570694" target="_blank">https://pleiades.stoa.org/places/570694</a><br><strong>ToposText</strong>: <a href="https://topostext.org/place/373233LStr" target="_blank">https://topostext.org/place/373233LStr</a>]]></description>
        <Point><coordinates>23.004,37.461</coordinates></Point>
      </Placemark>

      <Placemark>
        <name>Tomb of Demosthenes in Poseidon sanctuary at Kalaureia</name>
        <description><![CDATA[<strong>name</strong>: Tomb of Demosthenes in Poseidon sanctuary at Kalaureia<br><strong>region</strong>: Troizenia Bk2<br><strong>part of</strong>: Poseidon of Kalaureia (Poros)<br><strong>location</strong>: Poseidon of Kalaureia (Poros)<br><strong>Wikidata</strong>: <a href="https://wikidata.org/wiki/Q136487319" target="_blank">https://wikidata.org/wiki/Q136487319</a><br><strong>type</strong>: tomb mnema<br><strong>passages</strong>: 2.33.3]]></description>
        <Point><coordinates>23.4803,37.5227</coordinates></Point>
      </Placemark>

      <Placemark>
        <name>Tegea (Arkadia)</name>
        <description><![CDATA[<strong>name</strong>: Tegea (Arkadia)<br><strong>region</strong>: Arcadia Bk8<br><strong>part of</strong>: Tegeatis<br><strong>Wikidata</strong>: <a href="https://wikidata.org/wiki/Q645234" target="_blank">https://wikidata.org/wiki/Q645234</a><br><strong>type</strong>: polis<br><strong>passages</strong>: 2.17.7, 2.24.5, 2.24.7, 2.25.1, 3.11.10, 3.11.7, 3.3.5, 3.7.10, 5.26.4, 5.26.5, 7.14.4, 8.10.1, 8.11.1, 8.27.2, 8.3.4, 8.4.3, 8.4.8, 8.4.9, 8.44.1, 8.44.7, 8.44.8, 8.47.1, 8.47.5, 8.47.6, 8.48.5, 8.5.3, 8.5.4, 8.52.6, 8.53.10, 8.53.11, 8.53.7, 8.54.4, 8.54.5, 8.6.4<br><strong>Pleiades</strong>: <a href="https://pleiades.stoa.org/places/570707" target="_blank">https://pleiades.stoa.org/places/570707</a><br><strong>ToposText</strong>: <a href="https://topostext.org/place/375224PTeg" target="_blank">https://topostext.org/place/375224PTeg</a>]]></description>
        <Point><coordinates>22.429,37.464</coordinates></Point>
      </Placemark>

      <Placemark>
        <name>Tegea (Arkadia)</name>
        <description><![CDATA[<strong>name</strong>: Tegea (Arkadia)<br><strong>region</strong>: Arcadia Bk8<br><strong>part of</strong>: Tegeatis<br><strong>Wikidata</strong>: <a href="https://wikidata.org/wiki/Q645234" target="_blank">https://wikidata.org/wiki/Q645234</a><br><strong>type</strong>: polis<br><strong>passages</strong>: 2.17.7, 2.24.5, 2.24.7, 2.25.1, 3.11.10, 3.11.7, 3.3.5, 3.7.10, 5.26.4, 5.26.5, 7.14.4, 8.10.1, 8.11.1, 8.27.2, 8.3.4, 8.4.3, 8.4.8, 8.4.9, 8.44.1, 8.44.7, 8.44.8, 8.47.1, 8.47.5, 8.47.6, 8.48.5, 8.5.3, 8.5.4, 8.52.6, 8.53.10, 8.53.11, 8.53.7, 8.54.4, 8.54.5, 8.6.4<br><strong>Pleiades</strong>: <a href="https://pleiades.stoa.org/places/570707" target="_blank">https://pleiades.stoa.org/places/570707</a><br><strong>ToposText</strong>: <a href="https://topostext.org/place/375224PTeg" target="_blank">https://topostext.org/place/375224PTeg</a>]]></description>
        <Point><coordinates>22.429,37.464</coordinates></Point>
      </Placemark>

      <Placemark>
        <name>Tegea (Arkadia)</name>
        <description><![CDATA[<strong>name</strong>: Tegea (Arkadia)<br><strong>region</strong>: Arcadia Bk8<br><strong>part of</strong>: Tegeatis<br><strong>Wikidata</strong>: <a href="https://wikidata.org/wiki/Q645234" target="_blank">https://wikidata.org/wiki/Q645234</a><br><strong>type</strong>: polis<br><strong>passages</strong>: 2.17.7, 2.24.5, 2.24.7, 2.25.1, 3.11.10, 3.11.7, 3.3.5, 3.7.10, 5.26.4, 5.26.5, 7.14.4, 8.10.1, 8.11.1, 8.27.2, 8.3.4, 8.4.3, 8.4.8, 8.4.9, 8.44.1, 8.44.7, 8.44.8, 8.47.1, 8.47.5, 8.47.6, 8.48.5, 8.5.3, 8.5.4, 8.52.6, 8.53.10, 8.53.11, 8.53.7, 8.54.4, 8.54.5, 8.6.4<br><strong>Pleiades</strong>: <a href="https://pleiades.stoa.org/places/570707" target="_blank">https://pleiades.stoa.org/places/570707</a><br><strong>ToposText</strong>: <a href="https://topostext.org/place/375224PTeg" target="_blank">https://topostext.org/place/375224PTeg</a>]]></description>
        <Point><coordinates>22.429,37.464</coordinates></Point>
      </Placemark>

      <Placemark>
        <name>Tegea (Arkadia)</name>
        <description><![CDATA[<strong>name</strong>: Tegea (Arkadia)<br><strong>region</strong>: Arcadia Bk8<br><strong>part of</strong>: Tegeatis<br><strong>Wikidata</strong>: <a href="https://wikidata.org/wiki/Q645234" target="_blank">https://wikidata.org/wiki/Q645234</a><br><strong>type</strong>: polis<br><strong>passages</strong>: 2.17.7, 2.24.5, 2.24.7, 2.25.1, 3.11.10, 3.11.7, 3.3.5, 3.7.10, 5.26.4, 5.26.5, 7.14.4, 8.10.1, 8.11.1, 8.27.2, 8.3.4, 8.4.3, 8.4.8, 8.4.9, 8.44.1, 8.44.7, 8.44.8, 8.47.1, 8.47.5, 8.47.6, 8.48.5, 8.5.3, 8.5.4, 8.52.6, 8.53.10, 8.53.11, 8.53.7, 8.54.4, 8.54.5, 8.6.4<br><strong>Pleiades</strong>: <a href="https://pleiades.stoa.org/places/570707" target="_blank">https://pleiades.stoa.org/places/570707</a><br><strong>ToposText</strong>: <a href="https://topostext.org/place/375224PTeg" target="_blank">https://topostext.org/place/375224PTeg</a>]]></description>
        <Point><coordinates>22.429,37.464</coordinates></Point>
      </Placemark>

      <Placemark>
        <name>Acropolis of Sicyon</name>
        <description><![CDATA[<strong>name</strong>: Acropolis of Sicyon<br><strong>region</strong>: Sikyonia Bk2<br><strong>part of</strong>: Sicyon (Sikyonia)<br><strong>location</strong>: Sicyon (Sikyonia)<br><strong>Wikidata</strong>: <a href="https://wikidata.org/wiki/Q133963419" target="_blank">https://wikidata.org/wiki/Q133963419</a><br><strong>type</strong>: acropolis<br><strong>passages</strong>: 2.5.6, 2.7.8]]></description>
        <Point><coordinates>22.7145,37.9834</coordinates></Point>
      </Placemark>

      <Placemark>
        <name>Acropolis of Sicyon</name>
        <description><![CDATA[<strong>name</strong>: Acropolis of Sicyon<br><strong>region</strong>: Sikyonia Bk2<br><strong>part of</strong>: Sicyon (Sikyonia)<br><strong>location</strong>: Sicyon (Sikyonia)<br><strong>Wikidata</strong>: <a href="https://wikidata.org/wiki/Q133963419" target="_blank">https://wikidata.org/wiki/Q133963419</a><br><strong>type</strong>: acropolis<br><strong>passages</strong>: 2.5.6, 2.7.8]]></description>
        <Point><coordinates>22.7145,37.9834</coordinates></Point>
      </Placemark>

      <Placemark>
        <name>Sanctuary of Poseidon in Temenion</name>
        <description><![CDATA[<strong>name</strong>: Sanctuary of Poseidon in Temenion<br><strong>region</strong>: Argolid Bk2<br><strong>part of</strong>: Temenion<br><strong>location</strong>: Temenion<br><strong>Wikidata</strong>: <a href="https://wikidata.org/wiki/Q134037505" target="_blank">https://wikidata.org/wiki/Q134037505</a><br><strong>type</strong>: hieron<br><strong>passages</strong>: 2.38.1]]></description>
        <Point><coordinates>22.737804,37.581685</coordinates></Point>
      </Placemark>

      <Placemark>
        <name>Sanctuary of Athena Chalinitis in Corinth, not far from the grave of Medea&apos;s children!</name>
        <description><![CDATA[<strong>name</strong>: Sanctuary of Athena Chalinitis in Corinth, not far from the grave of Medea&apos;s children!<br><strong>region</strong>: Corinthia Bk2<br><strong>part of</strong>: Corinth (Corinthia)<br><strong>location</strong>: Corinth (Corinthia)<br><strong>Wikidata</strong>: <a href="https://wikidata.org/wiki/Q134037564" target="_blank">https://wikidata.org/wiki/Q134037564</a><br><strong>type</strong>: hieron<br><strong>passages</strong>: 2.4.1]]></description>
        <Point><coordinates>22.8802,37.9054</coordinates></Point>
      </Placemark>

      <Placemark>
        <name>Isthmian Poseidon sanctuary at Isthmia</name>
        <description><![CDATA[<strong>name</strong>: Isthmian Poseidon sanctuary at Isthmia<br><strong>region</strong>: Corinthia Bk2<br><strong>part of</strong>: Isthmus of Corinth<br><strong>Wikidata</strong>: <a href="https://wikidata.org/wiki/Q16600469" target="_blank">https://wikidata.org/wiki/Q16600469</a><br><strong>type</strong>: hieron<br><strong>passages</strong>: 2.1.7, 6.12.7, 6.12.8, 6.14.2, 6.15.1, 6.15.3, 6.15.6, 6.17.2, 6.20.19, 6.3.9, 6.4.11, 6.4.6<br><strong>Pleiades</strong>: <a href="https://pleiades.stoa.org/places/570316" target="_blank">https://pleiades.stoa.org/places/570316</a>]]></description>
        <Point><coordinates>22.992664,37.9158514</coordinates></Point>
      </Placemark>

      <Placemark>
        <name>Apollo Maleatas sanctuary, Epidauros</name>
        <description><![CDATA[<strong>name</strong>: Apollo Maleatas sanctuary, Epidauros<br><strong>region</strong>: Epidauria Bk2<br><strong>part of</strong>: Asklepieion of Epidauros<br><strong>Wikidata</strong>: <a href="https://wikidata.org/wiki/Q619242" target="_blank">https://wikidata.org/wiki/Q619242</a><br><strong>type</strong>: hieron<br><strong>passages</strong>: 2.27.7<br><strong>ToposText</strong>: <a href="https://topostext.org/place/376231SApo" target="_blank">https://topostext.org/place/376231SApo</a>]]></description>
        <Point><coordinates>23.086,37.599</coordinates></Point>
      </Placemark>

      <Placemark>
        <name>Sanctuary of Isis in Phlious</name>
        <description><![CDATA[<strong>name</strong>: Sanctuary of Isis in Phlious<br><strong>region</strong>: Phlious Bk2<br><strong>part of</strong>: Phlious Bk2<br><strong>location</strong>: Phlious Bk2<br><strong>Wikidata</strong>: <a href="https://wikidata.org/wiki/Q134037333" target="_blank">https://wikidata.org/wiki/Q134037333</a><br><strong>type</strong>: hieron<br><strong>passages</strong>: 2.13.7]]></description>
        <Point><coordinates>22.649131,37.846299</coordinates></Point>
      </Placemark>

      <Placemark>
        <name>Philanorion</name>
        <description><![CDATA[<strong>name</strong>: Philanorion<br><strong>region</strong>: Hermionis Bk2<br><strong>part of</strong>: Hermionis Bk2<br><strong>altname</strong>: or Philanoreia, contested border area between Epidauros and Hermione<br><strong>Wikidata</strong>: <a href="https://wikidata.org/wiki/Q131911843" target="_blank">https://wikidata.org/wiki/Q131911843</a><br><strong>type</strong>: settlement<br><strong>passages</strong>: 2.36.3<br><strong>Pleiades</strong>: <a href="https://pleiades.stoa.org/places/570601" target="_blank">https://pleiades.stoa.org/places/570601</a>]]></description>
        <Point><coordinates>23.144,37.495</coordinates></Point>
      </Placemark>

      <Placemark>
        <name>Sactuary of Zeus Soter in Argos</name>
        <description><![CDATA[<strong>name</strong>: Sactuary of Zeus Soter in Argos<br><strong>region</strong>: Argolid Bk2<br><strong>part of</strong>: Argos (Argolid)<br><strong>location</strong>: Argos (Argolid)<br><strong>Wikidata</strong>: <a href="https://wikidata.org/wiki/Q134037470" target="_blank">https://wikidata.org/wiki/Q134037470</a><br><strong>type</strong>: hieron<br><strong>passages</strong>: 2.20.6]]></description>
        <Point><coordinates>22.7195,37.6316</coordinates></Point>
      </Placemark>

      <Placemark>
        <name>Gateway in Hermione for road to Mases</name>
        <description><![CDATA[<strong>name</strong>: Gateway in Hermione for road to Mases<br><strong>region</strong>: Hermionis Bk2<br><strong>part of</strong>: Hermione<br><strong>location</strong>: Hermione<br><strong>type</strong>: gate<br><strong>passages</strong>: 2.35.11]]></description>
        <Point><coordinates>23.243591,37.385218</coordinates></Point>
      </Placemark>

      <Placemark>
        <name>Leimon, place with spring near Hermione</name>
        <description><![CDATA[<strong>name</strong>: Leimon, place with spring near Hermione<br><strong>region</strong>: Hermionis Bk2<br><strong>part of</strong>: Hermione<br><strong>location</strong>: Hermione<br><strong>type</strong>: chorion<br><strong>passages</strong>: 2.35.3]]></description>
        <Point><coordinates>23.243591,37.385218</coordinates></Point>
      </Placemark>

      <Placemark>
        <name>Tomb of Epopeus at Sicyon</name>
        <description><![CDATA[<strong>name</strong>: Tomb of Epopeus at Sicyon<br><strong>region</strong>: Sikyonia Bk2<br><strong>part of</strong>: Sicyon (Sikyonia)<br><strong>location</strong>: Sicyon (Sikyonia)<br><strong>Wikidata</strong>: <a href="https://wikidata.org/wiki/Q136487436" target="_blank">https://wikidata.org/wiki/Q136487436</a><br><strong>type</strong>: tomb mnema<br><strong>passages</strong>: 2.11.1<br><strong>Manto</strong>: <a href="https://resource.manto.unh.edu/10159224" target="_blank">https://resource.manto.unh.edu/10159224</a>]]></description>
        <Point><coordinates>22.7145,37.9834</coordinates></Point>
      </Placemark>

      <Placemark>
        <name>Pellene</name>
        <description><![CDATA[<strong>name</strong>: Pellene<br><strong>region</strong>: Achaia Bk7<br><strong>part of</strong>: Achaia Bk7<br><strong>Wikidata</strong>: <a href="https://wikidata.org/wiki/Q2068130" target="_blank">https://wikidata.org/wiki/Q2068130</a><br><strong>type</strong>: settlement<br><strong>passages</strong>: 1.25.2, 10.9.10, 2.7.4, 2.8.5, 3.1.4, 3.26.2, 7.17.14, 7.26.12, 7.26.13, 7.26.14, 7.27.1, 7.27.11, 7.27.12, 7.27.4, 7.27.5, 7.27.6, 7.27.7, 7.27.8, 7.27.9, 7.6.1, 7.7.1, 7.7.3, 8.15.5, 8.15.8, 8.27.14<br><strong>Pleiades</strong>: <a href="https://pleiades.stoa.org/places/570576" target="_blank">https://pleiades.stoa.org/places/570576</a>]]></description>
        <Point><coordinates>22.5384,38.0446</coordinates></Point>
      </Placemark>

      <Placemark>
        <name>Pellene</name>
        <description><![CDATA[<strong>name</strong>: Pellene<br><strong>region</strong>: Achaia Bk7<br><strong>part of</strong>: Achaia Bk7<br><strong>Wikidata</strong>: <a href="https://wikidata.org/wiki/Q2068130" target="_blank">https://wikidata.org/wiki/Q2068130</a><br><strong>type</strong>: settlement<br><strong>passages</strong>: 1.25.2, 10.9.10, 2.7.4, 2.8.5, 3.1.4, 3.26.2, 7.17.14, 7.26.12, 7.26.13, 7.26.14, 7.27.1, 7.27.11, 7.27.12, 7.27.4, 7.27.5, 7.27.6, 7.27.7, 7.27.8, 7.27.9, 7.6.1, 7.7.1, 7.7.3, 8.15.5, 8.15.8, 8.27.14<br><strong>Pleiades</strong>: <a href="https://pleiades.stoa.org/places/570576" target="_blank">https://pleiades.stoa.org/places/570576</a>]]></description>
        <Point><coordinates>22.5384,38.0446</coordinates></Point>
      </Placemark>

      <Placemark>
        <name>Tomb of Danaus in Argos</name>
        <description><![CDATA[<strong>name</strong>: Tomb of Danaus in Argos<br><strong>region</strong>: Argolid Bk2<br><strong>part of</strong>: Argos (Argolid)<br><strong>location</strong>: Argos (Argolid)<br><strong>altname</strong>: near the Seven against Thebes<br><strong>Wikidata</strong>: <a href="https://wikidata.org/wiki/Q136487471" target="_blank">https://wikidata.org/wiki/Q136487471</a><br><strong>type</strong>: tomb mnema<br><strong>passages</strong>: 2.20.6<br><strong>Manto</strong>: <a href="https://resource.manto.unh.edu/10185336" target="_blank">https://resource.manto.unh.edu/10185336</a>]]></description>
        <Point><coordinates>22.7195,37.6316</coordinates></Point>
      </Placemark>

      <Placemark>
        <name>Lyrkeia</name>
        <description><![CDATA[<strong>name</strong>: Lyrkeia<br><strong>region</strong>: Argolid Bk2<br><strong>part of</strong>: Argolid Bk2<br><strong>altname</strong>: ruined city 60 stades from Argos<br><strong>Wikidata</strong>: <a href="https://wikidata.org/wiki/Q16591866" target="_blank">https://wikidata.org/wiki/Q16591866</a><br><strong>type</strong>: settlement<br><strong>passages</strong>: 2.25.4, 2.25.5<br><strong>Pleiades</strong>: <a href="https://pleiades.stoa.org/places/570446" target="_blank">https://pleiades.stoa.org/places/570446</a>]]></description>
        <Point><coordinates>22.631257,37.692676</coordinates></Point>
      </Placemark>

      <Placemark>
        <name>Lyrkeia</name>
        <description><![CDATA[<strong>name</strong>: Lyrkeia<br><strong>region</strong>: Argolid Bk2<br><strong>part of</strong>: Argolid Bk2<br><strong>altname</strong>: ruined city 60 stades from Argos<br><strong>Wikidata</strong>: <a href="https://wikidata.org/wiki/Q16591866" target="_blank">https://wikidata.org/wiki/Q16591866</a><br><strong>type</strong>: settlement<br><strong>passages</strong>: 2.25.4, 2.25.5<br><strong>Pleiades</strong>: <a href="https://pleiades.stoa.org/places/570446" target="_blank">https://pleiades.stoa.org/places/570446</a>]]></description>
        <Point><coordinates>22.631257,37.692676</coordinates></Point>
      </Placemark>

      <Placemark>
        <name>Sanctuary of Aphrodite at Argos beyond theater</name>
        <description><![CDATA[<strong>name</strong>: Sanctuary of Aphrodite at Argos beyond theater<br><strong>region</strong>: Argolid Bk2<br><strong>part of</strong>: Theater of Argos<br><strong>altname</strong>: Aphrodision of Argos<br><strong>Wikidata</strong>: <a href="https://wikidata.org/wiki/Q111427783" target="_blank">https://wikidata.org/wiki/Q111427783</a><br><strong>type</strong>: hieron<br><strong>passages</strong>: 2.20.8]]></description>
        <Point><coordinates>22.7188,37.6303</coordinates></Point>
      </Placemark>

      <Placemark>
        <name>Myndos</name>
        <description><![CDATA[<strong>name</strong>: Myndos<br><strong>region</strong>: Asia Minor (Asia)<br><strong>part of</strong>: Caria region<br><strong>Wikidata</strong>: <a href="https://wikidata.org/wiki/Q18823111" target="_blank">https://wikidata.org/wiki/Q18823111</a><br><strong>type</strong>: settlement<br><strong>passages</strong>: 2.30.9<br><strong>Pleiades</strong>: <a href="https://pleiades.stoa.org/places/599811" target="_blank">https://pleiades.stoa.org/places/599811</a>]]></description>
        <Point><coordinates>27.234320000000004,37.05332</coordinates></Point>
      </Placemark>

      <Placemark>
        <name>trees below Mt. Chaon</name>
        <description><![CDATA[<strong>name</strong>: trees below Mt. Chaon<br><strong>region</strong>: Argolid Bk2<br><strong>part of</strong>: springs of Erasinos below Mt. Chaon, Argolid<br><strong>location</strong>: springs of Erasinos below Mt. Chaon, Argolid<br><strong>type</strong>: orchard<br><strong>passages</strong>: 2.24.6]]></description>
        <Point><coordinates>22.6879,37.5961</coordinates></Point>
      </Placemark>

      <Placemark>
        <name>Sanctuary of Athena in the acropolis of Aigialea, Sicyon</name>
        <description><![CDATA[<strong>name</strong>: Sanctuary of Athena in the acropolis of Aigialea, Sicyon<br><strong>region</strong>: Sikyonia Bk2<br><strong>part of</strong>: Acropolis of Sicyon<br><strong>location</strong>: Acropolis of Sicyon<br><strong>Wikidata</strong>: <a href="https://wikidata.org/wiki/Q134037408" target="_blank">https://wikidata.org/wiki/Q134037408</a><br><strong>type</strong>: hieron<br><strong>passages</strong>: 2.5.6]]></description>
        <Point><coordinates>22.7145,37.9834</coordinates></Point>
      </Placemark>

      <Placemark>
        <name>Peiraieus/Piraeus</name>
        <description><![CDATA[<strong>name</strong>: Peiraieus/Piraeus<br><strong>region</strong>: Attica Bk1<br><strong>part of</strong>: Attica Bk1<br><strong>Wikidata</strong>: <a href="https://wikidata.org/wiki/Q13426467" target="_blank">https://wikidata.org/wiki/Q13426467</a><br><strong>type</strong>: demos, harbor limen, port epineion<br><strong>passages</strong>: 1.1.2, 1.1.3, 1.2.2, 1.20.5, 1.25.5, 1.25.8, 1.26.3, 1.28.11, 1.29.10, 1.29.16, 2.8.6, 3.5.1<br><strong>Pleiades</strong>: <a href="https://pleiades.stoa.org/places/580062" target="_blank">https://pleiades.stoa.org/places/580062</a>]]></description>
        <Point><coordinates>23.644609,37.937222</coordinates></Point>
      </Placemark>

      <Placemark>
        <name>Sanctuary of Aphrodite in Epidaurus</name>
        <description><![CDATA[<strong>name</strong>: Sanctuary of Aphrodite in Epidaurus<br><strong>region</strong>: Epidauria Bk2<br><strong>part of</strong>: Epidauros<br><strong>location</strong>: Epidauros<br><strong>Wikidata</strong>: <a href="https://wikidata.org/wiki/Q134037695" target="_blank">https://wikidata.org/wiki/Q134037695</a><br><strong>type</strong>: hieron<br><strong>passages</strong>: 2.29.1]]></description>
        <Point><coordinates>23.1602,37.6335</coordinates></Point>
      </Placemark>

      <Placemark>
        <name>Temple of Pythian Apollo at Samos, ancient</name>
        <description><![CDATA[<strong>name</strong>: Temple of Pythian Apollo at Samos, ancient<br><strong>region</strong>: Aegean Sea (Hellas)<br><strong>part of</strong>: Samos polis<br><strong>location</strong>: Samos polis<br><strong>type</strong>: temple<br><strong>passages</strong>: 2.31.6]]></description>
        <Point><coordinates>26.935000000000002,37.695</coordinates></Point>
      </Placemark>

      <Placemark>
        <name>Tretos pass (Korinthia)</name>
        <description><![CDATA[<strong>name</strong>: Tretos pass (Korinthia)<br><strong>region</strong>: Argolid Bk2<br><strong>part of</strong>: Argolid Bk2<br><strong>Wikidata</strong>: <a href="https://wikidata.org/wiki/Q123503112" target="_blank">https://wikidata.org/wiki/Q123503112</a><br><strong>type</strong>: pass<br><strong>passages</strong>: 2.15.2, 2.15.4<br><strong>Pleiades</strong>: <a href="https://pleiades.stoa.org/places/573567" target="_blank">https://pleiades.stoa.org/places/573567</a><br><strong>ToposText</strong>: <a href="https://topostext.org/place/378227LTre" target="_blank">https://topostext.org/place/378227LTre</a>]]></description>
        <Point><coordinates>22.7223,37.7867</coordinates></Point>
      </Placemark>

      <Placemark>
        <name>Tretos pass (Korinthia)</name>
        <description><![CDATA[<strong>name</strong>: Tretos pass (Korinthia)<br><strong>region</strong>: Argolid Bk2<br><strong>part of</strong>: Argolid Bk2<br><strong>Wikidata</strong>: <a href="https://wikidata.org/wiki/Q123503112" target="_blank">https://wikidata.org/wiki/Q123503112</a><br><strong>type</strong>: pass<br><strong>passages</strong>: 2.15.2, 2.15.4<br><strong>Pleiades</strong>: <a href="https://pleiades.stoa.org/places/573567" target="_blank">https://pleiades.stoa.org/places/573567</a><br><strong>ToposText</strong>: <a href="https://topostext.org/place/378227LTre" target="_blank">https://topostext.org/place/378227LTre</a>]]></description>
        <Point><coordinates>22.7223,37.7867</coordinates></Point>
      </Placemark>

      <Placemark>
        <name>House of Adrastos in Argos</name>
        <description><![CDATA[<strong>name</strong>: House of Adrastos in Argos<br><strong>region</strong>: Argolid Bk2<br><strong>part of</strong>: Koile road from Kylarabis gymnasium, Argos<br><strong>location</strong>: Koile road from Kylarabis gymnasium, Argos<br><strong>type</strong>: house<br><strong>passages</strong>: 2.23.2]]></description>
        <Point><coordinates>22.7195,37.6316</coordinates></Point>
      </Placemark>

      <Placemark>
        <name>Asopos (river)</name>
        <description><![CDATA[<strong>name</strong>: Asopos (river)<br><strong>region</strong>: Boiotia Bk9<br><strong>part of</strong>: Boiotia Bk9<br><strong>Wikidata</strong>: <a href="https://wikidata.org/wiki/Q2737429" target="_blank">https://wikidata.org/wiki/Q2737429</a><br><strong>type</strong>: river<br><strong>passages</strong>: 2.5.2, 2.6.1, 2.6.4, 5.14.3, 9.1.1, 9.1.2, 9.3.7, 9.4.4, 9.8.1<br><strong>Pleiades</strong>: <a href="https://pleiades.stoa.org/places/540672" target="_blank">https://pleiades.stoa.org/places/540672</a>]]></description>
        <Point><coordinates>23.581173,38.30019833</coordinates></Point>
      </Placemark>

      <Placemark>
        <name>Asopos (river)</name>
        <description><![CDATA[<strong>name</strong>: Asopos (river)<br><strong>region</strong>: Boiotia Bk9<br><strong>part of</strong>: Boiotia Bk9<br><strong>Wikidata</strong>: <a href="https://wikidata.org/wiki/Q2737429" target="_blank">https://wikidata.org/wiki/Q2737429</a><br><strong>type</strong>: river<br><strong>passages</strong>: 2.5.2, 2.6.1, 2.6.4, 5.14.3, 9.1.1, 9.1.2, 9.3.7, 9.4.4, 9.8.1<br><strong>Pleiades</strong>: <a href="https://pleiades.stoa.org/places/540672" target="_blank">https://pleiades.stoa.org/places/540672</a>]]></description>
        <Point><coordinates>23.581173,38.30019833</coordinates></Point>
      </Placemark>

      <Placemark>
        <name>Asopos (river)</name>
        <description><![CDATA[<strong>name</strong>: Asopos (river)<br><strong>region</strong>: Boiotia Bk9<br><strong>part of</strong>: Boiotia Bk9<br><strong>Wikidata</strong>: <a href="https://wikidata.org/wiki/Q2737429" target="_blank">https://wikidata.org/wiki/Q2737429</a><br><strong>type</strong>: river<br><strong>passages</strong>: 2.5.2, 2.6.1, 2.6.4, 5.14.3, 9.1.1, 9.1.2, 9.3.7, 9.4.4, 9.8.1<br><strong>Pleiades</strong>: <a href="https://pleiades.stoa.org/places/540672" target="_blank">https://pleiades.stoa.org/places/540672</a>]]></description>
        <Point><coordinates>23.581173,38.30019833</coordinates></Point>
      </Placemark>

      <Placemark>
        <name>Kokkygion mountain</name>
        <description><![CDATA[<strong>name</strong>: Kokkygion mountain<br><strong>region</strong>: Hermionis Bk2<br><strong>part of</strong>: Hermionis Bk2<br><strong>altname</strong>: Thornax: Thornax renamed Kokkygion from Zeus&apos; disguise as cuckoo<br><strong>Wikidata</strong>: <a href="https://wikidata.org/wiki/Q115808938" target="_blank">https://wikidata.org/wiki/Q115808938</a><br><strong>type</strong>: mountain oros<br><strong>passages</strong>: 2.36.1, 2.36.2, 2.36.3<br><strong>Pleiades</strong>: <a href="https://pleiades.stoa.org/places/573294" target="_blank">https://pleiades.stoa.org/places/573294</a>]]></description>
        <Point><coordinates>23.2236,37.3888</coordinates></Point>
      </Placemark>

      <Placemark>
        <name>Kokkygion mountain</name>
        <description><![CDATA[<strong>name</strong>: Kokkygion mountain<br><strong>region</strong>: Hermionis Bk2<br><strong>part of</strong>: Hermionis Bk2<br><strong>altname</strong>: Thornax: Thornax renamed Kokkygion from Zeus&apos; disguise as cuckoo<br><strong>Wikidata</strong>: <a href="https://wikidata.org/wiki/Q115808938" target="_blank">https://wikidata.org/wiki/Q115808938</a><br><strong>type</strong>: mountain oros<br><strong>passages</strong>: 2.36.1, 2.36.2, 2.36.3<br><strong>Pleiades</strong>: <a href="https://pleiades.stoa.org/places/573294" target="_blank">https://pleiades.stoa.org/places/573294</a>]]></description>
        <Point><coordinates>23.2236,37.3888</coordinates></Point>
      </Placemark>

      <Placemark>
        <name>Kokkygion mountain</name>
        <description><![CDATA[<strong>name</strong>: Kokkygion mountain<br><strong>region</strong>: Hermionis Bk2<br><strong>part of</strong>: Hermionis Bk2<br><strong>altname</strong>: Thornax: Thornax renamed Kokkygion from Zeus&apos; disguise as cuckoo<br><strong>Wikidata</strong>: <a href="https://wikidata.org/wiki/Q115808938" target="_blank">https://wikidata.org/wiki/Q115808938</a><br><strong>type</strong>: mountain oros<br><strong>passages</strong>: 2.36.1, 2.36.2, 2.36.3<br><strong>Pleiades</strong>: <a href="https://pleiades.stoa.org/places/573294" target="_blank">https://pleiades.stoa.org/places/573294</a>]]></description>
        <Point><coordinates>23.2236,37.3888</coordinates></Point>
      </Placemark>

      <Placemark>
        <name>Sanctuary of Dionysos at Sicyon</name>
        <description><![CDATA[<strong>name</strong>: Sanctuary of Dionysos at Sicyon<br><strong>region</strong>: Sikyonia Bk2<br><strong>part of</strong>: Sicyon (Sikyonia)<br><strong>location</strong>: Sicyon (Sikyonia)<br><strong>Wikidata</strong>: <a href="https://wikidata.org/wiki/Q134037382" target="_blank">https://wikidata.org/wiki/Q134037382</a><br><strong>type</strong>: hieron<br><strong>passages</strong>: 2.7.5<br><strong>Manto</strong>: <a href="https://resource.manto.unh.edu/10158747" target="_blank">https://resource.manto.unh.edu/10158747</a>]]></description>
        <Point><coordinates>22.7145,37.9834</coordinates></Point>
      </Placemark>

      <Placemark>
        <name>Plane tree on the spring of river Amymone</name>
        <description><![CDATA[<strong>name</strong>: Plane tree on the spring of river Amymone<br><strong>region</strong>: Argolid Bk2<br><strong>part of</strong>: Spring of river Amymone<br><strong>location</strong>: Spring of river Amymone<br><strong>type</strong>: platanos<br><strong>passages</strong>: 2.37.4]]></description>
        <Point><coordinates>22.9,37.67</coordinates></Point>
      </Placemark>

      <Placemark>
        <name>Arcadia Bk8</name>
        <description><![CDATA[<strong>name</strong>: Arcadia Bk8<br><strong>region</strong>: Arcadia Bk8<br><strong>part of</strong>: Peloponnesos<br><strong>altname</strong>: Arkadia region<br><strong>Wikidata</strong>: <a href="https://wikidata.org/wiki/Q12898802" target="_blank">https://wikidata.org/wiki/Q12898802</a><br><strong>type</strong>: chora/region<br><strong>passages</strong>: 10.20.1, 10.28.8, 10.32.3, 2.24.5, 3.20.8, 3.5.4, 3.6.8, 3.7.3, 3.8.7, 4.22.7, 4.29.11, 4.31.4, 5.10.9, 5.5.8, 5.7.1, 6.12.8, 6.8.2, 7.14.1, 7.25.11, 7.25.5, 7.7.4, 7.8.6, 8.1.1, 8.1.6, 8.10.1, 8.10.6, 8.11.3, 8.17.1, 8.22.6, 8.23.3, 8.24.4, 8.27.4, 8.27.5, 8.3.4, 8.34.4, 8.35.10, 8.35.5, 8.36.6, 8.4.1, 8.42.3, 8.43.2, 8.47.6, 8.5.4, 8.51.8, 8.6.4, 8.7.4, 8.8.12, 9.36.6, 9.9.2<br><strong>Pleiades</strong>: <a href="https://pleiades.stoa.org/places/570102" target="_blank">https://pleiades.stoa.org/places/570102</a><br><strong>ToposText</strong>: <a href="https://topostext.org/place/375223RArk" target="_blank">https://topostext.org/place/375223RArk</a>]]></description>
        <Point><coordinates>22.3,37.5</coordinates></Point>
      </Placemark>

      <Placemark>
        <name>Temple of Apollo on Aigina</name>
        <description><![CDATA[<strong>name</strong>: Temple of Apollo on Aigina<br><strong>region</strong>: Aigina island Bk2<br><strong>part of</strong>: Aigina polity<br><strong>location</strong>: Aigina polity<br><strong>Wikidata</strong>: <a href="https://wikidata.org/wiki/Q619479" target="_blank">https://wikidata.org/wiki/Q619479</a><br><strong>type</strong>: temple<br><strong>passages</strong>: 2.30.1]]></description>
        <Point><coordinates>23.42372,37.74991</coordinates></Point>
      </Placemark>

      <Placemark>
        <name>Temple of Apollo Epibaterios in Troizen, Diomedes&apos; offering</name>
        <description><![CDATA[<strong>name</strong>: Temple of Apollo Epibaterios in Troizen, Diomedes&apos; offering<br><strong>region</strong>: Troizenia Bk2<br><strong>part of</strong>: Troizen (Troizenia)<br><strong>location</strong>: Troizen (Troizenia)<br><strong>type</strong>: temple<br><strong>passages</strong>: 2.32.2]]></description>
        <Point><coordinates>23.3484,37.5033</coordinates></Point>
      </Placemark>

      <Placemark>
        <name>Phobos, place in Sicyonia</name>
        <description><![CDATA[<strong>name</strong>: Phobos, place in Sicyonia<br><strong>region</strong>: Sikyonia Bk2<br><strong>part of</strong>: Sicyon (Sikyonia)<br><strong>location</strong>: Sicyon (Sikyonia)<br><strong>type</strong>: chorion<br><strong>passages</strong>: 2.7.7]]></description>
        <Point><coordinates>22.7145,37.9834</coordinates></Point>
      </Placemark>

      <Placemark>
        <name>Wall of Hermione</name>
        <description><![CDATA[<strong>name</strong>: Wall of Hermione<br><strong>region</strong>: Hermionis Bk2<br><strong>part of</strong>: Hermione<br><strong>location</strong>: Hermione<br><strong>type</strong>: city walls<br><strong>passages</strong>: 2.34.11]]></description>
        <Point><coordinates>23.243591,37.385218</coordinates></Point>
      </Placemark>

      <Placemark>
        <name>Prosymna? (Argolid)</name>
        <description><![CDATA[<strong>name</strong>: Prosymna? (Argolid)<br><strong>region</strong>: Argolid Bk2<br><strong>part of</strong>: Argolid Bk2<br><strong>Wikidata</strong>: <a href="https://wikidata.org/wiki/Q20047246" target="_blank">https://wikidata.org/wiki/Q20047246</a><br><strong>type</strong>: chora/region<br><strong>passages</strong>: 2.17.2<br><strong>Pleiades</strong>: <a href="https://pleiades.stoa.org/places/573485" target="_blank">https://pleiades.stoa.org/places/573485</a><br><strong>ToposText</strong>: <a href="https://topostext.org/place/377226UPro" target="_blank">https://topostext.org/place/377226UPro</a>]]></description>
        <Point><coordinates>22.78,37.68</coordinates></Point>
      </Placemark>

      <Placemark>
        <name>Canathus spring near Nauplia</name>
        <description><![CDATA[<strong>name</strong>: Canathus spring near Nauplia<br><strong>region</strong>: Argolid Bk2<br><strong>part of</strong>: Nauplia<br><strong>location</strong>: Nauplia<br><strong>altname</strong>: Kanathos spring<br><strong>Wikidata</strong>: <a href="https://wikidata.org/wiki/Q6360744" target="_blank">https://wikidata.org/wiki/Q6360744</a><br><strong>type</strong>: spring pege<br><strong>passages</strong>: 2.38.2<br><strong>Manto</strong>: <a href="https://resource.manto.unh.edu/10191983" target="_blank">https://resource.manto.unh.edu/10191983</a>]]></description>
        <Point><coordinates>22.796,37.565</coordinates></Point>
      </Placemark>

      <Placemark>
        <name>Anaktoron in Keleai</name>
        <description><![CDATA[<strong>name</strong>: Anaktoron in Keleai<br><strong>region</strong>: Phlious Bk2<br><strong>part of</strong>: Keleai<br><strong>location</strong>: Keleai<br><strong>type</strong>: megaron<br><strong>passages</strong>: 2.14.4]]></description>
        <Point><coordinates>22.6465,37.8446</coordinates></Point>
      </Placemark>

      <Placemark>
        <name>Tomb of Eurytus and Cteatus in Kleonai</name>
        <description><![CDATA[<strong>name</strong>: Tomb of Eurytus and Cteatus in Kleonai<br><strong>region</strong>: Argolid Bk2<br><strong>part of</strong>: Kleonai<br><strong>location</strong>: Kleonai<br><strong>Wikidata</strong>: <a href="https://wikidata.org/wiki/Q134037512" target="_blank">https://wikidata.org/wiki/Q134037512</a><br><strong>type</strong>: tomb mnema<br><strong>passages</strong>: 2.15.1<br><strong>Manto</strong>: <a href="https://resource.manto.unh.edu/10158909" target="_blank">https://resource.manto.unh.edu/10158909</a>]]></description>
        <Point><coordinates>22.75372,37.81708</coordinates></Point>
      </Placemark>

      <Placemark>
        <name>Libya (Africa)</name>
        <description><![CDATA[<strong>name</strong>: Libya (Africa)<br><strong>region</strong>: <br><strong>part of</strong>: Roman empire<br><strong>Wikidata</strong>: <a href="https://wikidata.org/wiki/Q2370577" target="_blank">https://wikidata.org/wiki/Q2370577</a><br><strong>type</strong>: major region<br><strong>passages</strong>: 1.44.3, 1.6.5, 10.13.5, 2.13.8, 2.21.6, 2.28.1, 4.23.10, 4.26.2, 5.15.11, 5.25.5, 8.11.11, 9.16.1, 9.21.5, 9.33.7<br><strong>Pleiades</strong>: <a href="https://pleiades.stoa.org/places/716588" target="_blank">https://pleiades.stoa.org/places/716588</a>]]></description>
        <Point><coordinates>26.5,31.5</coordinates></Point>
      </Placemark>

      <Placemark>
        <name>Libya (Africa)</name>
        <description><![CDATA[<strong>name</strong>: Libya (Africa)<br><strong>region</strong>: <br><strong>part of</strong>: Roman empire<br><strong>Wikidata</strong>: <a href="https://wikidata.org/wiki/Q2370577" target="_blank">https://wikidata.org/wiki/Q2370577</a><br><strong>type</strong>: major region<br><strong>passages</strong>: 1.44.3, 1.6.5, 10.13.5, 2.13.8, 2.21.6, 2.28.1, 4.23.10, 4.26.2, 5.15.11, 5.25.5, 8.11.11, 9.16.1, 9.21.5, 9.33.7<br><strong>Pleiades</strong>: <a href="https://pleiades.stoa.org/places/716588" target="_blank">https://pleiades.stoa.org/places/716588</a>]]></description>
        <Point><coordinates>26.5,31.5</coordinates></Point>
      </Placemark>

      <Placemark>
        <name>Libya (Africa)</name>
        <description><![CDATA[<strong>name</strong>: Libya (Africa)<br><strong>region</strong>: <br><strong>part of</strong>: Roman empire<br><strong>Wikidata</strong>: <a href="https://wikidata.org/wiki/Q2370577" target="_blank">https://wikidata.org/wiki/Q2370577</a><br><strong>type</strong>: major region<br><strong>passages</strong>: 1.44.3, 1.6.5, 10.13.5, 2.13.8, 2.21.6, 2.28.1, 4.23.10, 4.26.2, 5.15.11, 5.25.5, 8.11.11, 9.16.1, 9.21.5, 9.33.7<br><strong>Pleiades</strong>: <a href="https://pleiades.stoa.org/places/716588" target="_blank">https://pleiades.stoa.org/places/716588</a>]]></description>
        <Point><coordinates>26.5,31.5</coordinates></Point>
      </Placemark>

      <Placemark>
        <name>Tomb of Lais at Craneion grove, Corinth</name>
        <description><![CDATA[<strong>name</strong>: Tomb of Lais at Craneion grove, Corinth<br><strong>region</strong>: Corinthia Bk2<br><strong>part of</strong>: Kraneion<br><strong>location</strong>: Kraneion<br><strong>Wikidata</strong>: <a href="https://wikidata.org/wiki/Q136487325" target="_blank">https://wikidata.org/wiki/Q136487325</a><br><strong>type</strong>: tomb mnema<br><strong>passages</strong>: 2.2.4]]></description>
        <Point><coordinates>22.8947,37.9046</coordinates></Point>
      </Placemark>

      <Placemark>
        <name>Temple of Aphrodite Pontia/Limenia in Hermione</name>
        <description><![CDATA[<strong>name</strong>: Temple of Aphrodite Pontia/Limenia in Hermione<br><strong>region</strong>: Hermionis Bk2<br><strong>part of</strong>: Hermione<br><strong>location</strong>: Hermione<br><strong>type</strong>: temple<br><strong>passages</strong>: 2.34.11]]></description>
        <Point><coordinates>23.243591,37.385218</coordinates></Point>
      </Placemark>

      <Placemark>
        <name>Grove of Artemis in Epidauros</name>
        <description><![CDATA[<strong>name</strong>: Grove of Artemis in Epidauros<br><strong>region</strong>: Epidauria Bk2<br><strong>part of</strong>: Epidauros<br><strong>location</strong>: Epidauros<br><strong>type</strong>: grove<br><strong>passages</strong>: 2.30.7]]></description>
        <Point><coordinates>23.1602,37.6335</coordinates></Point>
      </Placemark>

      <Placemark>
        <name>Tomb of Argus son of Zeus, in Argos</name>
        <description><![CDATA[<strong>name</strong>: Tomb of Argus son of Zeus, in Argos<br><strong>region</strong>: Argolid Bk2<br><strong>part of</strong>: Argos (Argolid)<br><strong>location</strong>: Argos (Argolid)<br><strong>altname</strong>: a little beyond Poseidon Prosclystius<br><strong>Wikidata</strong>: <a href="https://wikidata.org/wiki/Q136487453" target="_blank">https://wikidata.org/wiki/Q136487453</a><br><strong>type</strong>: tomb mnema<br><strong>passages</strong>: 2.22.5<br><strong>Manto</strong>: <a href="https://resource.manto.unh.edu/10187017" target="_blank">https://resource.manto.unh.edu/10187017</a>]]></description>
        <Point><coordinates>22.7195,37.6316</coordinates></Point>
      </Placemark>

      <Placemark>
        <name>Myrtle tree in Hippolytus&apos; temenos in Troizen</name>
        <description><![CDATA[<strong>name</strong>: Myrtle tree in Hippolytus&apos; temenos in Troizen<br><strong>region</strong>: Troizenia Bk2<br><strong>part of</strong>: Troizen (Troizenia)<br><strong>location</strong>: Troizen (Troizenia)<br><strong>type</strong>: tree<br><strong>passages</strong>: 2.32.3<br><strong>Manto</strong>: <a href="https://resource.manto.unh.edu/10214937" target="_blank">https://resource.manto.unh.edu/10214937</a>]]></description>
        <Point><coordinates>23.3484,37.5033</coordinates></Point>
      </Placemark>

      <Placemark>
        <name>Theater of Aigina, not far from Kryptos Limen</name>
        <description><![CDATA[<strong>name</strong>: Theater of Aigina, not far from Kryptos Limen<br><strong>region</strong>: Aigina island Bk2<br><strong>part of</strong>: Aigina polity<br><strong>location</strong>: Aigina polity<br><strong>altname</strong>: Aegina theater<br><strong>type</strong>: theater<br><strong>passages</strong>: 2.29.11]]></description>
        <Point><coordinates>23.42372,37.74991</coordinates></Point>
      </Placemark>

      <Placemark>
        <name>Bath of Eurycles in Corinth, near the Poseidon statue</name>
        <description><![CDATA[<strong>name</strong>: Bath of Eurycles in Corinth, near the Poseidon statue<br><strong>region</strong>: Corinthia Bk2<br><strong>part of</strong>: Corinth (Corinthia)<br><strong>location</strong>: Corinth (Corinthia)<br><strong>altname</strong>: lavishly decorated with Krokean stone<br><strong>type</strong>: bath<br><strong>passages</strong>: 2.3.5]]></description>
        <Point><coordinates>22.8802,37.9054</coordinates></Point>
      </Placemark>

      <Placemark>
        <name>Genethlion near Troizen</name>
        <description><![CDATA[<strong>name</strong>: Genethlion near Troizen<br><strong>region</strong>: Troizenia Bk2<br><strong>part of</strong>: Kelenderis<br><strong>location</strong>: Kelenderis<br><strong>Wikidata</strong>: <a href="https://wikidata.org/wiki/Q134078080" target="_blank">https://wikidata.org/wiki/Q134078080</a><br><strong>type</strong>: chorion<br><strong>passages</strong>: 2.32.9]]></description>
        <Point><coordinates>23.4228,37.5022</coordinates></Point>
      </Placemark>

      <Placemark>
        <name>Precinct of Sarapis on ascent of Acrocorinth</name>
        <description><![CDATA[<strong>name</strong>: Precinct of Sarapis on ascent of Acrocorinth<br><strong>region</strong>: Corinthia Bk2<br><strong>part of</strong>: Acrocorinth<br><strong>location</strong>: Acrocorinth<br><strong>type</strong>: temenos<br><strong>passages</strong>: 2.4.6]]></description>
        <Point><coordinates>22.878721,37.906045</coordinates></Point>
      </Placemark>

      <Placemark>
        <name>Cenotaph of the Argives from Trojan War, in Argos</name>
        <description><![CDATA[<strong>name</strong>: Cenotaph of the Argives from Trojan War, in Argos<br><strong>region</strong>: Argolid Bk2<br><strong>part of</strong>: Argos (Argolid)<br><strong>location</strong>: Argos (Argolid)<br><strong>type</strong>: cenotaph<br><strong>passages</strong>: 2.20.6]]></description>
        <Point><coordinates>22.7195,37.6316</coordinates></Point>
      </Placemark>

      <Placemark>
        <name>Tomb of Lynceus and Hypermestra in Argos Agora</name>
        <description><![CDATA[<strong>name</strong>: Tomb of Lynceus and Hypermestra in Argos Agora<br><strong>region</strong>: Argolid Bk2<br><strong>part of</strong>: Agora of Argos<br><strong>location</strong>: Agora of Argos<br><strong>Wikidata</strong>: <a href="https://wikidata.org/wiki/Q136487512" target="_blank">https://wikidata.org/wiki/Q136487512</a><br><strong>type</strong>: tomb mnema<br><strong>passages</strong>: 2.21.2<br><strong>Manto</strong>: <a href="https://resource.manto.unh.edu/10185357" target="_blank">https://resource.manto.unh.edu/10185357</a>]]></description>
        <Point><coordinates>22.7214,37.6305</coordinates></Point>
      </Placemark>

      <Placemark>
        <name>Sanctuary of Hera on Pron mountain, Hermione</name>
        <description><![CDATA[<strong>name</strong>: Sanctuary of Hera on Pron mountain, Hermione<br><strong>region</strong>: Hermionis Bk2<br><strong>part of</strong>: Pron M.<br><strong>location</strong>: Pron M.<br><strong>Wikidata</strong>: <a href="https://wikidata.org/wiki/Q134037721" target="_blank">https://wikidata.org/wiki/Q134037721</a><br><strong>type</strong>: hieron<br><strong>passages</strong>: 2.36.2]]></description>
        <Point><coordinates>23.235,37.3884</coordinates></Point>
      </Placemark>

      <Placemark>
        <name>Panhellenios (mountain)</name>
        <description><![CDATA[<strong>name</strong>: Panhellenios (mountain)<br><strong>region</strong>: Aigina island Bk2<br><strong>part of</strong>: Aigina island Bk2<br><strong>Wikidata</strong>: <a href="https://wikidata.org/wiki/Q2031433" target="_blank">https://wikidata.org/wiki/Q2031433</a><br><strong>type</strong>: mountain oros<br><strong>passages</strong>: 2.30.3, 2.30.4<br><strong>Pleiades</strong>: <a href="https://pleiades.stoa.org/places/580055" target="_blank">https://pleiades.stoa.org/places/580055</a>]]></description>
        <Point><coordinates>23.49567,37.70073</coordinates></Point>
      </Placemark>

      <Placemark>
        <name>Panhellenios (mountain)</name>
        <description><![CDATA[<strong>name</strong>: Panhellenios (mountain)<br><strong>region</strong>: Aigina island Bk2<br><strong>part of</strong>: Aigina island Bk2<br><strong>Wikidata</strong>: <a href="https://wikidata.org/wiki/Q2031433" target="_blank">https://wikidata.org/wiki/Q2031433</a><br><strong>type</strong>: mountain oros<br><strong>passages</strong>: 2.30.3, 2.30.4<br><strong>Pleiades</strong>: <a href="https://pleiades.stoa.org/places/580055" target="_blank">https://pleiades.stoa.org/places/580055</a>]]></description>
        <Point><coordinates>23.49567,37.70073</coordinates></Point>
      </Placemark>

      <Placemark>
        <name>Altar of Dionysus Saotes in Troizen</name>
        <description><![CDATA[<strong>name</strong>: Altar of Dionysus Saotes in Troizen<br><strong>region</strong>: Troizenia Bk2<br><strong>part of</strong>: Troizen (Troizenia)<br><strong>location</strong>: Troizen (Troizenia)<br><strong>type</strong>: altar<br><strong>passages</strong>: 2.31.5]]></description>
        <Point><coordinates>23.3484,37.5033</coordinates></Point>
      </Placemark>

      <Placemark>
        <name>Pityoussa (Spetses)</name>
        <description><![CDATA[<strong>name</strong>: Pityoussa (Spetses)<br><strong>region</strong>: Hermionis Bk2<br><strong>part of</strong>: Aegean Sea (Hellas)<br><strong>Wikidata</strong>: <a href="https://wikidata.org/wiki/Q368275" target="_blank">https://wikidata.org/wiki/Q368275</a><br><strong>type</strong>: island<br><strong>passages</strong>: 2.34.8<br><strong>ToposText</strong>: <a href="https://topostext.org/place/373233IPit" target="_blank">https://topostext.org/place/373233IPit</a>]]></description>
        <Point><coordinates>23.159,37.263</coordinates></Point>
      </Placemark>

      <Placemark>
        <name>Temple of Hermes in the Agora of Corinth</name>
        <description><![CDATA[<strong>name</strong>: Temple of Hermes in the Agora of Corinth<br><strong>region</strong>: Corinthia Bk2<br><strong>part of</strong>: Agora of Corinth<br><strong>location</strong>: Agora of Corinth<br><strong>type</strong>: temple<br><strong>passages</strong>: 2.2.8]]></description>
        <Point><coordinates>22.8793472,37.9049161</coordinates></Point>
      </Placemark>

      <Placemark>
        <name>Prison in Aegypt, where Cleomenes was kept</name>
        <description><![CDATA[<strong>name</strong>: Prison in Aegypt, where Cleomenes was kept<br><strong>region</strong>: Libya (Africa)<br><strong>part of</strong>: Egypt (region)<br><strong>location</strong>: Egypt (region)<br><strong>type</strong>: building<br><strong>passages</strong>: 2.9.3]]></description>
        <Point><coordinates>30.7,27.1</coordinates></Point>
      </Placemark>

      <Placemark>
        <name>Building for the rites of Adonis in Argos</name>
        <description><![CDATA[<strong>name</strong>: Building for the rites of Adonis in Argos<br><strong>region</strong>: Argolid Bk2<br><strong>part of</strong>: Argos (Argolid)<br><strong>location</strong>: Argos (Argolid)<br><strong>type</strong>: building<br><strong>passages</strong>: 2.20.6]]></description>
        <Point><coordinates>22.7195,37.6316</coordinates></Point>
      </Placemark>

      <Placemark>
        <name>Sanctuary of Athena Promachoma in Bouporthmos</name>
        <description><![CDATA[<strong>name</strong>: Sanctuary of Athena Promachoma in Bouporthmos<br><strong>region</strong>: Hermionis Bk2<br><strong>part of</strong>: Bouporthmos (mountain)<br><strong>location</strong>: Bouporthmos (mountain)<br><strong>Wikidata</strong>: <a href="https://wikidata.org/wiki/Q134037760" target="_blank">https://wikidata.org/wiki/Q134037760</a><br><strong>type</strong>: hieron<br><strong>passages</strong>: 2.34.8]]></description>
        <Point><coordinates>23.26278,37.34678</coordinates></Point>
      </Placemark>

      <Placemark>
        <name>Trichoneion (Aitolia)</name>
        <description><![CDATA[<strong>name</strong>: Trichoneion (Aitolia)<br><strong>region</strong>: Aitolia region<br><strong>part of</strong>: Aitolia region<br><strong>altname</strong>: Trikoneion<br><strong>Wikidata</strong>: <a href="https://wikidata.org/wiki/Q59735737" target="_blank">https://wikidata.org/wiki/Q59735737</a><br><strong>type</strong>: polis<br><strong>passages</strong>: 2.37.3<br><strong>ToposText</strong>: <a href="https://topostext.org/place/385215PTri" target="_blank">https://topostext.org/place/385215PTri</a>]]></description>
        <Point><coordinates>21.5286,38.5286</coordinates></Point>
      </Placemark>

      <Placemark>
        <name>Sanctuary of Artemis in Orneai</name>
        <description><![CDATA[<strong>name</strong>: Sanctuary of Artemis in Orneai<br><strong>region</strong>: Argolid Bk2<br><strong>part of</strong>: Orneai (Argolid)<br><strong>location</strong>: Orneai (Argolid)<br><strong>Wikidata</strong>: <a href="https://wikidata.org/wiki/Q134037299" target="_blank">https://wikidata.org/wiki/Q134037299</a><br><strong>type</strong>: hieron<br><strong>passages</strong>: 2.25.6]]></description>
        <Point><coordinates>22.55716,37.71428</coordinates></Point>
      </Placemark>

      <Placemark>
        <name>Poseidon of Kalaureia (Poros)</name>
        <description><![CDATA[<strong>name</strong>: Poseidon of Kalaureia (Poros)<br><strong>region</strong>: Troizenia Bk2<br><strong>part of</strong>: Kalaureia (island)<br><strong>Wikidata</strong>: <a href="https://wikidata.org/wiki/Q38281326" target="_blank">https://wikidata.org/wiki/Q38281326</a><br><strong>type</strong>: hieron<br><strong>passages</strong>: 2.33.2<br><strong>ToposText</strong>: <a href="https://topostext.org/place/375235SKal" target="_blank">https://topostext.org/place/375235SKal</a>]]></description>
        <Point><coordinates>23.4803,37.5227</coordinates></Point>
      </Placemark>

      <Placemark>
        <name>Pine trees at Poseidon sanctuary (Isthmia)</name>
        <description><![CDATA[<strong>name</strong>: Pine trees at Poseidon sanctuary (Isthmia)<br><strong>region</strong>: Corinthia Bk2<br><strong>part of</strong>: Isthmian Poseidon sanctuary at Isthmia<br><strong>location</strong>: Isthmian Poseidon sanctuary at Isthmia<br><strong>type</strong>: pine<br><strong>passages</strong>: 2.1.7]]></description>
        <Point><coordinates>22.992664,37.9158514</coordinates></Point>
      </Placemark>

      <Placemark>
        <name>Main harbor of Aigina</name>
        <description><![CDATA[<strong>name</strong>: Main harbor of Aigina<br><strong>region</strong>: Aigina island Bk2<br><strong>part of</strong>: Aigina polity<br><strong>location</strong>: Aigina polity<br><strong>type</strong>: harbor limen<br><strong>passages</strong>: 2.29.6]]></description>
        <Point><coordinates>23.42372,37.74991</coordinates></Point>
      </Placemark>

      <Placemark>
        <name>Hykkara?</name>
        <description><![CDATA[<strong>name</strong>: Hykkara?<br><strong>region</strong>: Sicilia (island)<br><strong>part of</strong>: Sicilia (island)<br><strong>Wikidata</strong>: <a href="https://wikidata.org/wiki/Q728102" target="_blank">https://wikidata.org/wiki/Q728102</a><br><strong>type</strong>: settlement<br><strong>passages</strong>: 2.2.5<br><strong>Pleiades</strong>: <a href="https://pleiades.stoa.org/places/462254" target="_blank">https://pleiades.stoa.org/places/462254</a>]]></description>
        <Point><coordinates>13.180165,38.153624</coordinates></Point>
      </Placemark>

      <Placemark>
        <name>Trachis</name>
        <description><![CDATA[<strong>name</strong>: Trachis<br><strong>region</strong>: Hellas (Europe)<br><strong>part of</strong>: Trachinia region<br><strong>Wikidata</strong>: <a href="https://wikidata.org/wiki/Q16642266" target="_blank">https://wikidata.org/wiki/Q16642266</a><br><strong>type</strong>: polis<br><strong>passages</strong>: 10.3.2, 2.23.5<br><strong>Pleiades</strong>: <a href="https://pleiades.stoa.org/places/541156" target="_blank">https://pleiades.stoa.org/places/541156</a>]]></description>
        <Point><coordinates>22.78885,38.35274</coordinates></Point>
      </Placemark>

      <Placemark>
        <name>Sacred stone in front of the temple of Artemis Lykeia in Troizen</name>
        <description><![CDATA[<strong>name</strong>: Sacred stone in front of the temple of Artemis Lykeia in Troizen<br><strong>region</strong>: Troizenia Bk2<br><strong>part of</strong>: Troizen (Troizenia)<br><strong>location</strong>: Troizen (Troizenia)<br><strong>type</strong>: rock<br><strong>passages</strong>: 2.31.4]]></description>
        <Point><coordinates>23.3484,37.5033</coordinates></Point>
      </Placemark>

      <Placemark>
        <name>Altar of Isthmian Poseidon at Sicyon</name>
        <description><![CDATA[<strong>name</strong>: Altar of Isthmian Poseidon at Sicyon<br><strong>region</strong>: Sikyonia Bk2<br><strong>part of</strong>: Sicyon (Sikyonia)<br><strong>location</strong>: Sicyon (Sikyonia)<br><strong>type</strong>: altar<br><strong>passages</strong>: 2.9.6]]></description>
        <Point><coordinates>22.7145,37.9834</coordinates></Point>
      </Placemark>

      <Placemark>
        <name>Former city of Hermione, on promontory</name>
        <description><![CDATA[<strong>name</strong>: Former city of Hermione, on promontory<br><strong>region</strong>: Hermionis Bk2<br><strong>part of</strong>: Promontory of Hermione<br><strong>location</strong>: Promontory of Hermione<br><strong>type</strong>: polis<br><strong>passages</strong>: 2.34.10]]></description>
        <Point><coordinates>23.243591,37.385218</coordinates></Point>
      </Placemark>

      <Placemark>
        <name>Arantinos Lophos</name>
        <description><![CDATA[<strong>name</strong>: Arantinos Lophos<br><strong>region</strong>: Phlious Bk2<br><strong>part of</strong>: Phlious Bk2<br><strong>location</strong>: Phlious Bk2<br><strong>type</strong>: hill, mountain bounon<br><strong>passages</strong>: 2.12.4, 2.12.5<br><strong>Pleiades</strong>: <a href="https://pleiades.stoa.org/places/573111" target="_blank">https://pleiades.stoa.org/places/573111</a>]]></description>
        <Point><coordinates>22.649131,37.846299</coordinates></Point>
      </Placemark>

      <Placemark>
        <name>Arantinos Lophos</name>
        <description><![CDATA[<strong>name</strong>: Arantinos Lophos<br><strong>region</strong>: Phlious Bk2<br><strong>part of</strong>: Phlious Bk2<br><strong>location</strong>: Phlious Bk2<br><strong>type</strong>: hill, mountain bounon<br><strong>passages</strong>: 2.12.4, 2.12.5<br><strong>Pleiades</strong>: <a href="https://pleiades.stoa.org/places/573111" target="_blank">https://pleiades.stoa.org/places/573111</a>]]></description>
        <Point><coordinates>22.649131,37.846299</coordinates></Point>
      </Placemark>

      <Placemark>
        <name>Halieis</name>
        <description><![CDATA[<strong>name</strong>: Halieis<br><strong>region</strong>: Hermionis Bk2<br><strong>part of</strong>: Hermionis Bk2<br><strong>Wikidata</strong>: <a href="https://wikidata.org/wiki/Q1571046" target="_blank">https://wikidata.org/wiki/Q1571046</a><br><strong>type</strong>: settlement<br><strong>passages</strong>: 2.36.1<br><strong>Pleiades</strong>: <a href="https://pleiades.stoa.org/places/570274" target="_blank">https://pleiades.stoa.org/places/570274</a>]]></description>
        <Point><coordinates>23.136994,37.301493</coordinates></Point>
      </Placemark>

      <Placemark>
        <name>Tomb of Aristias in the Agora of Phlious</name>
        <description><![CDATA[<strong>name</strong>: Tomb of Aristias in the Agora of Phlious<br><strong>region</strong>: Phlious Bk2<br><strong>part of</strong>: Phlious Bk2<br><strong>location</strong>: Agora of Phlious<br><strong>Wikidata</strong>: <a href="https://wikidata.org/wiki/Q136487307" target="_blank">https://wikidata.org/wiki/Q136487307</a><br><strong>type</strong>: tomb mnema<br><strong>passages</strong>: 2.13.6]]></description>
        <Point><coordinates>22.649131,37.846299</coordinates></Point>
      </Placemark>

      <Placemark>
        <name>Temenion</name>
        <description><![CDATA[<strong>name</strong>: Temenion<br><strong>region</strong>: Argolid Bk2<br><strong>part of</strong>: Argolid Bk2<br><strong>Wikidata</strong>: <a href="https://wikidata.org/wiki/Q12160445" target="_blank">https://wikidata.org/wiki/Q12160445</a><br><strong>type</strong>: settlement<br><strong>passages</strong>: 2.36.6, 2.38.1, 2.38.2<br><strong>Pleiades</strong>: <a href="https://pleiades.stoa.org/places/570710" target="_blank">https://pleiades.stoa.org/places/570710</a>]]></description>
        <Point><coordinates>22.737804,37.581685</coordinates></Point>
      </Placemark>

      <Placemark>
        <name>Temenion</name>
        <description><![CDATA[<strong>name</strong>: Temenion<br><strong>region</strong>: Argolid Bk2<br><strong>part of</strong>: Argolid Bk2<br><strong>Wikidata</strong>: <a href="https://wikidata.org/wiki/Q12160445" target="_blank">https://wikidata.org/wiki/Q12160445</a><br><strong>type</strong>: settlement<br><strong>passages</strong>: 2.36.6, 2.38.1, 2.38.2<br><strong>Pleiades</strong>: <a href="https://pleiades.stoa.org/places/570710" target="_blank">https://pleiades.stoa.org/places/570710</a>]]></description>
        <Point><coordinates>22.737804,37.581685</coordinates></Point>
      </Placemark>

      <Placemark>
        <name>Temenion</name>
        <description><![CDATA[<strong>name</strong>: Temenion<br><strong>region</strong>: Argolid Bk2<br><strong>part of</strong>: Argolid Bk2<br><strong>Wikidata</strong>: <a href="https://wikidata.org/wiki/Q12160445" target="_blank">https://wikidata.org/wiki/Q12160445</a><br><strong>type</strong>: settlement<br><strong>passages</strong>: 2.36.6, 2.38.1, 2.38.2<br><strong>Pleiades</strong>: <a href="https://pleiades.stoa.org/places/570710" target="_blank">https://pleiades.stoa.org/places/570710</a>]]></description>
        <Point><coordinates>22.737804,37.581685</coordinates></Point>
      </Placemark>

      <Placemark>
        <name>Enclosure of the sanctuary of Demeter at the Akropolis in Phliasia</name>
        <description><![CDATA[<strong>name</strong>: Enclosure of the sanctuary of Demeter at the Akropolis in Phliasia<br><strong>region</strong>: Phlious Bk2<br><strong>part of</strong>: Phlious Bk2<br><strong>location</strong>: Phlious Bk2<br><strong>type</strong>: enclosure<br><strong>passages</strong>: 2.13.5]]></description>
        <Point><coordinates>22.649131,37.846299</coordinates></Point>
      </Placemark>

      <Placemark>
        <name>House of tyrant Nicocles at Sicyon</name>
        <description><![CDATA[<strong>name</strong>: House of tyrant Nicocles at Sicyon<br><strong>region</strong>: Sikyonia Bk2<br><strong>part of</strong>: Sicyon (Sikyonia)<br><strong>location</strong>: Sicyon (Sikyonia)<br><strong>type</strong>: house<br><strong>passages</strong>: 2.8.3]]></description>
        <Point><coordinates>22.7145,37.9834</coordinates></Point>
      </Placemark>

      <Placemark>
        <name>Polyandria of the Argives from battle of Hysiae</name>
        <description><![CDATA[<strong>name</strong>: Polyandria of the Argives from battle of Hysiae<br><strong>region</strong>: Argolid Bk2<br><strong>part of</strong>: Kenchreai (Argolid)<br><strong>location</strong>: Kenchreai (Argolid)<br><strong>Wikidata</strong>: <a href="https://wikidata.org/wiki/Q136487321" target="_blank">https://wikidata.org/wiki/Q136487321</a><br><strong>type</strong>: polyandrion<br><strong>passages</strong>: 2.24.7]]></description>
        <Point><coordinates>22.609,37.5475</coordinates></Point>
      </Placemark>

      <Placemark>
        <name>Pine tree of Theseus on coast just south of Krommyon</name>
        <description><![CDATA[<strong>name</strong>: Pine tree of Theseus on coast just south of Krommyon<br><strong>region</strong>: Corinthia Bk2<br><strong>part of</strong>: Krommyon<br><strong>location</strong>: Krommyon<br><strong>type</strong>: pine<br><strong>passages</strong>: 2.1.3]]></description>
        <Point><coordinates>23.14146,37.92753</coordinates></Point>
      </Placemark>

      <Placemark>
        <name>Temple of Athena Sthenias in the akropolis of Troizen</name>
        <description><![CDATA[<strong>name</strong>: Temple of Athena Sthenias in the akropolis of Troizen<br><strong>region</strong>: Troizenia Bk2<br><strong>part of</strong>: Acropolis of Troizen<br><strong>location</strong>: Acropolis of Troizen<br><strong>type</strong>: temple<br><strong>passages</strong>: 2.32.5]]></description>
        <Point><coordinates>23.3484,37.5033</coordinates></Point>
      </Placemark>

      <Placemark>
        <name>Tomb of Lykourgos at Nemea, earth mound</name>
        <description><![CDATA[<strong>name</strong>: Tomb of Lykourgos at Nemea, earth mound<br><strong>region</strong>: Argolid Bk2<br><strong>part of</strong>: Sanctuary of Nemean Zeus, Nemea<br><strong>location</strong>: Sanctuary of Nemean Zeus, Nemea<br><strong>Wikidata</strong>: <a href="https://wikidata.org/wiki/Q136487521" target="_blank">https://wikidata.org/wiki/Q136487521</a><br><strong>type</strong>: mound/dike, tomb mnema<br><strong>passages</strong>: 2.15.3<br><strong>Manto</strong>: <a href="https://resource.manto.unh.edu/10159400" target="_blank">https://resource.manto.unh.edu/10159400</a>]]></description>
        <Point><coordinates>22.7108,37.8085</coordinates></Point>
      </Placemark>

      <Placemark>
        <name>Enclosure of Mycenae</name>
        <description><![CDATA[<strong>name</strong>: Enclosure of Mycenae<br><strong>region</strong>: Argolid Bk2<br><strong>part of</strong>: Mycenae<br><strong>location</strong>: Mycenae<br><strong>type</strong>: enclosure<br><strong>passages</strong>: 2.16.5]]></description>
        <Point><coordinates>22.756111,37.730833</coordinates></Point>
      </Placemark>

      <Placemark>
        <name>Spring of Hyllikos river on the mountains from Troizen to Hermione</name>
        <description><![CDATA[<strong>name</strong>: Spring of Hyllikos river on the mountains from Troizen to Hermione<br><strong>region</strong>: Troizenia Bk2<br><strong>part of</strong>: Troizen (Troizenia)<br><strong>location</strong>: Troizen (Troizenia)<br><strong>type</strong>: spring pege<br><strong>passages</strong>: 2.32.7]]></description>
        <Point><coordinates>23.3484,37.5033</coordinates></Point>
      </Placemark>

      <Placemark>
        <name>Temple of Apollo Karneios at Sicyon</name>
        <description><![CDATA[<strong>name</strong>: Temple of Apollo Karneios at Sicyon<br><strong>region</strong>: Sikyonia Bk2<br><strong>part of</strong>: Sicyon (Sikyonia)<br><strong>location</strong>: Sicyon (Sikyonia)<br><strong>altname</strong>: only columns standing, walls and roof destroyed<br><strong>type</strong>: temple<br><strong>passages</strong>: 2.11.2]]></description>
        <Point><coordinates>22.7145,37.9834</coordinates></Point>
      </Placemark>

      <Placemark>
        <name>Temple of Zeus Larisaios at Argos</name>
        <description><![CDATA[<strong>name</strong>: Temple of Zeus Larisaios at Argos<br><strong>region</strong>: Argolid Bk2<br><strong>part of</strong>: Larisa Citadel above Argos<br><strong>location</strong>: Larisa Citadel above Argos<br><strong>type</strong>: temple<br><strong>passages</strong>: 2.24.3]]></description>
        <Point><coordinates>22.715,37.638</coordinates></Point>
      </Placemark>

      <Placemark>
        <name>Italia (Europe)</name>
        <description><![CDATA[<strong>name</strong>: Italia (Europe)<br><strong>region</strong>: <br><strong>part of</strong>: Europe<br><strong>altname</strong>: Italy: primarily south Italy<br><strong>Wikidata</strong>: <a href="https://wikidata.org/wiki/Q913582" target="_blank">https://wikidata.org/wiki/Q913582</a><br><strong>type</strong>: major region<br><strong>passages</strong>: 1.11.7, 1.12.1, 1.12.2, 1.13.2, 1.23.5, 1.29.14, 1.36.6, 10.10.7, 10.13.10, 10.17.10, 10.17.11, 2.23.5, 2.27.4, 3.10.5, 3.12.6, 3.19.12, 3.22.11, 3.3.1, 4.23.6, 4.26.5, 5.25.3, 5.25.6, 6.19.9, 6.3.12, 6.6.4, 6.6.8, 6.7.4, 7.4.7, 8.15.9, 8.3.5<br><strong>Pleiades</strong>: <a href="https://pleiades.stoa.org/places/1052" target="_blank">https://pleiades.stoa.org/places/1052</a>]]></description>
        <Point><coordinates>12.5,42.5</coordinates></Point>
      </Placemark>

      <Placemark>
        <name>Italia (Europe)</name>
        <description><![CDATA[<strong>name</strong>: Italia (Europe)<br><strong>region</strong>: <br><strong>part of</strong>: Europe<br><strong>altname</strong>: Italy: primarily south Italy<br><strong>Wikidata</strong>: <a href="https://wikidata.org/wiki/Q913582" target="_blank">https://wikidata.org/wiki/Q913582</a><br><strong>type</strong>: major region<br><strong>passages</strong>: 1.11.7, 1.12.1, 1.12.2, 1.13.2, 1.23.5, 1.29.14, 1.36.6, 10.10.7, 10.13.10, 10.17.10, 10.17.11, 2.23.5, 2.27.4, 3.10.5, 3.12.6, 3.19.12, 3.22.11, 3.3.1, 4.23.6, 4.26.5, 5.25.3, 5.25.6, 6.19.9, 6.3.12, 6.6.4, 6.6.8, 6.7.4, 7.4.7, 8.15.9, 8.3.5<br><strong>Pleiades</strong>: <a href="https://pleiades.stoa.org/places/1052" target="_blank">https://pleiades.stoa.org/places/1052</a>]]></description>
        <Point><coordinates>12.5,42.5</coordinates></Point>
      </Placemark>

      <Placemark>
        <name>Temple of Isis in Troizen</name>
        <description><![CDATA[<strong>name</strong>: Temple of Isis in Troizen<br><strong>region</strong>: Troizenia Bk2<br><strong>part of</strong>: Troizen (Troizenia)<br><strong>location</strong>: Troizen (Troizenia)<br><strong>type</strong>: temple<br><strong>passages</strong>: 2.32.6]]></description>
        <Point><coordinates>23.3484,37.5033</coordinates></Point>
      </Placemark>

      <Placemark>
        <name>Temple of Athena at Phocaea, burned by Harpagos</name>
        <description><![CDATA[<strong>name</strong>: Temple of Athena at Phocaea, burned by Harpagos<br><strong>region</strong>: Asia Minor (Asia)<br><strong>part of</strong>: Phocaea<br><strong>location</strong>: Phocaea<br><strong>type</strong>: temple<br><strong>passages</strong>: 2.31.6]]></description>
        <Point><coordinates>26.75261,38.6684</coordinates></Point>
      </Placemark>

      <Placemark>
        <name>Sanctuary of Poseidon in Didymoi of Hermione</name>
        <description><![CDATA[<strong>name</strong>: Sanctuary of Poseidon in Didymoi of Hermione<br><strong>region</strong>: Argolid Bk2<br><strong>part of</strong>: Didymoi (Argolid)<br><strong>location</strong>: Didymoi (Argolid)<br><strong>Wikidata</strong>: <a href="https://wikidata.org/wiki/Q134037680" target="_blank">https://wikidata.org/wiki/Q134037680</a><br><strong>type</strong>: hieron<br><strong>passages</strong>: 2.36.3]]></description>
        <Point><coordinates>23.1542,37.5</coordinates></Point>
      </Placemark>

      <Placemark>
        <name>Saronic Gulf</name>
        <description><![CDATA[<strong>name</strong>: Saronic Gulf<br><strong>region</strong>: Attica Bk1<br><strong>part of</strong>: Aegean Sea (Hellas)<br><strong>Wikidata</strong>: <a href="https://wikidata.org/wiki/Q211779" target="_blank">https://wikidata.org/wiki/Q211779</a><br><strong>type</strong>: gulf<br><strong>passages</strong>: 1.44.3, 1.5.3, 2.1.5, 2.2.3, 2.30.7, 2.31.10, 2.34.1, 2.34.2<br><strong>Pleiades</strong>: <a href="https://pleiades.stoa.org/places/570654" target="_blank">https://pleiades.stoa.org/places/570654</a><br><strong>ToposText</strong>: <a href="https://topostext.org/place/378237WSar" target="_blank">https://topostext.org/place/378237WSar</a>]]></description>
        <Point><coordinates>23.7,37.8</coordinates></Point>
      </Placemark>

      <Placemark>
        <name>Saronic Gulf</name>
        <description><![CDATA[<strong>name</strong>: Saronic Gulf<br><strong>region</strong>: Attica Bk1<br><strong>part of</strong>: Aegean Sea (Hellas)<br><strong>Wikidata</strong>: <a href="https://wikidata.org/wiki/Q211779" target="_blank">https://wikidata.org/wiki/Q211779</a><br><strong>type</strong>: gulf<br><strong>passages</strong>: 1.44.3, 1.5.3, 2.1.5, 2.2.3, 2.30.7, 2.31.10, 2.34.1, 2.34.2<br><strong>Pleiades</strong>: <a href="https://pleiades.stoa.org/places/570654" target="_blank">https://pleiades.stoa.org/places/570654</a><br><strong>ToposText</strong>: <a href="https://topostext.org/place/378237WSar" target="_blank">https://topostext.org/place/378237WSar</a>]]></description>
        <Point><coordinates>23.7,37.8</coordinates></Point>
      </Placemark>

      <Placemark>
        <name>Saronic Gulf</name>
        <description><![CDATA[<strong>name</strong>: Saronic Gulf<br><strong>region</strong>: Attica Bk1<br><strong>part of</strong>: Aegean Sea (Hellas)<br><strong>Wikidata</strong>: <a href="https://wikidata.org/wiki/Q211779" target="_blank">https://wikidata.org/wiki/Q211779</a><br><strong>type</strong>: gulf<br><strong>passages</strong>: 1.44.3, 1.5.3, 2.1.5, 2.2.3, 2.30.7, 2.31.10, 2.34.1, 2.34.2<br><strong>Pleiades</strong>: <a href="https://pleiades.stoa.org/places/570654" target="_blank">https://pleiades.stoa.org/places/570654</a><br><strong>ToposText</strong>: <a href="https://topostext.org/place/378237WSar" target="_blank">https://topostext.org/place/378237WSar</a>]]></description>
        <Point><coordinates>23.7,37.8</coordinates></Point>
      </Placemark>

      <Placemark>
        <name>Saronic Gulf</name>
        <description><![CDATA[<strong>name</strong>: Saronic Gulf<br><strong>region</strong>: Attica Bk1<br><strong>part of</strong>: Aegean Sea (Hellas)<br><strong>Wikidata</strong>: <a href="https://wikidata.org/wiki/Q211779" target="_blank">https://wikidata.org/wiki/Q211779</a><br><strong>type</strong>: gulf<br><strong>passages</strong>: 1.44.3, 1.5.3, 2.1.5, 2.2.3, 2.30.7, 2.31.10, 2.34.1, 2.34.2<br><strong>Pleiades</strong>: <a href="https://pleiades.stoa.org/places/570654" target="_blank">https://pleiades.stoa.org/places/570654</a><br><strong>ToposText</strong>: <a href="https://topostext.org/place/378237WSar" target="_blank">https://topostext.org/place/378237WSar</a>]]></description>
        <Point><coordinates>23.7,37.8</coordinates></Point>
      </Placemark>

      <Placemark>
        <name>Saronic Gulf</name>
        <description><![CDATA[<strong>name</strong>: Saronic Gulf<br><strong>region</strong>: Attica Bk1<br><strong>part of</strong>: Aegean Sea (Hellas)<br><strong>Wikidata</strong>: <a href="https://wikidata.org/wiki/Q211779" target="_blank">https://wikidata.org/wiki/Q211779</a><br><strong>type</strong>: gulf<br><strong>passages</strong>: 1.44.3, 1.5.3, 2.1.5, 2.2.3, 2.30.7, 2.31.10, 2.34.1, 2.34.2<br><strong>Pleiades</strong>: <a href="https://pleiades.stoa.org/places/570654" target="_blank">https://pleiades.stoa.org/places/570654</a><br><strong>ToposText</strong>: <a href="https://topostext.org/place/378237WSar" target="_blank">https://topostext.org/place/378237WSar</a>]]></description>
        <Point><coordinates>23.7,37.8</coordinates></Point>
      </Placemark>

      <Placemark>
        <name>Saronic Gulf</name>
        <description><![CDATA[<strong>name</strong>: Saronic Gulf<br><strong>region</strong>: Attica Bk1<br><strong>part of</strong>: Aegean Sea (Hellas)<br><strong>Wikidata</strong>: <a href="https://wikidata.org/wiki/Q211779" target="_blank">https://wikidata.org/wiki/Q211779</a><br><strong>type</strong>: gulf<br><strong>passages</strong>: 1.44.3, 1.5.3, 2.1.5, 2.2.3, 2.30.7, 2.31.10, 2.34.1, 2.34.2<br><strong>Pleiades</strong>: <a href="https://pleiades.stoa.org/places/570654" target="_blank">https://pleiades.stoa.org/places/570654</a><br><strong>ToposText</strong>: <a href="https://topostext.org/place/378237WSar" target="_blank">https://topostext.org/place/378237WSar</a>]]></description>
        <Point><coordinates>23.7,37.8</coordinates></Point>
      </Placemark>

      <Placemark>
        <name>tomb of Crotopus in Argos</name>
        <description><![CDATA[<strong>name</strong>: tomb of Crotopus in Argos<br><strong>region</strong>: Argolid Bk2<br><strong>part of</strong>: Argos (Argolid)<br><strong>location</strong>: Argos (Argolid)<br><strong>Wikidata</strong>: <a href="https://wikidata.org/wiki/Q136487423" target="_blank">https://wikidata.org/wiki/Q136487423</a><br><strong>type</strong>: tomb mnema<br><strong>passages</strong>: 2.23.7<br><strong>Manto</strong>: <a href="https://resource.manto.unh.edu/10187145" target="_blank">https://resource.manto.unh.edu/10187145</a>]]></description>
        <Point><coordinates>22.7195,37.6316</coordinates></Point>
      </Placemark>

      <Placemark>
        <name>Asclepieion of Titane</name>
        <description><![CDATA[<strong>name</strong>: Asclepieion of Titane<br><strong>region</strong>: Corinthia Bk2<br><strong>part of</strong>: Titane<br><strong>location</strong>: Titane<br><strong>Wikidata</strong>: <a href="https://wikidata.org/wiki/Q134037306" target="_blank">https://wikidata.org/wiki/Q134037306</a><br><strong>type</strong>: Asclepieion, hieron<br><strong>passages</strong>: 2.11.5<br><strong>Manto</strong>: <a href="https://resource.manto.unh.edu/10159247" target="_blank">https://resource.manto.unh.edu/10159247</a>]]></description>
        <Point><coordinates>22.62501,37.92049</coordinates></Point>
      </Placemark>

      <Placemark>
        <name>Stadium of Argos, going up to the Acropolis</name>
        <description><![CDATA[<strong>name</strong>: Stadium of Argos, going up to the Acropolis<br><strong>region</strong>: Argolid Bk2<br><strong>part of</strong>: Ascent from Argos to Larisa citadel<br><strong>location</strong>: Ascent from Argos to Larisa citadel<br><strong>altname</strong>: where Nemean games are held<br><strong>type</strong>: stadium<br><strong>passages</strong>: 2.24.2]]></description>
        <Point><coordinates>22.7195,37.6316</coordinates></Point>
      </Placemark>

      <Placemark>
        <name>Tomb of Sthenelos in the Kylarabis gymnasium, Argos</name>
        <description><![CDATA[<strong>name</strong>: Tomb of Sthenelos in the Kylarabis gymnasium, Argos<br><strong>region</strong>: Argolid Bk2<br><strong>part of</strong>: Gymnasium of Kylarabis in Argos<br><strong>location</strong>: Gymnasium of Kylarabis in Argos<br><strong>Wikidata</strong>: <a href="https://wikidata.org/wiki/Q136487511" target="_blank">https://wikidata.org/wiki/Q136487511</a><br><strong>type</strong>: tomb mnema<br><strong>passages</strong>: 2.22.9<br><strong>Manto</strong>: <a href="https://resource.manto.unh.edu/11289096" target="_blank">https://resource.manto.unh.edu/11289096</a>]]></description>
        <Point><coordinates>22.7195,37.6316</coordinates></Point>
      </Placemark>

      <Placemark>
        <name>Sanctuary of Isis in Methana</name>
        <description><![CDATA[<strong>name</strong>: Sanctuary of Isis in Methana<br><strong>region</strong>: Troizenia Bk2<br><strong>part of</strong>: Methana (Troizenia)<br><strong>location</strong>: Methana (Troizenia)<br><strong>Wikidata</strong>: <a href="https://wikidata.org/wiki/Q134038051" target="_blank">https://wikidata.org/wiki/Q134038051</a><br><strong>type</strong>: hieron<br><strong>passages</strong>: 2.34.1]]></description>
        <Point><coordinates>23.3496,37.5868</coordinates></Point>
      </Placemark>

      <Placemark>
        <name>Theater of Dionysos in Sicyon</name>
        <description><![CDATA[<strong>name</strong>: Theater of Dionysos in Sicyon<br><strong>region</strong>: Sikyonia Bk2<br><strong>part of</strong>: Sicyon (Sikyonia)<br><strong>altname</strong>: theater of Sikyon<br><strong>Wikidata</strong>: <a href="https://wikidata.org/wiki/Q38280194" target="_blank">https://wikidata.org/wiki/Q38280194</a><br><strong>type</strong>: theater<br><strong>passages</strong>: 2.7.5<br><strong>Pleiades</strong>: <a href="https://pleiades.stoa.org/places/542568395" target="_blank">https://pleiades.stoa.org/places/542568395</a><br><strong>ToposText</strong>: <a href="https://topostext.org/place/380227BSTh" target="_blank">https://topostext.org/place/380227BSTh</a>]]></description>
        <Point><coordinates>22.71145,37.98417</coordinates></Point>
      </Placemark>

      <Placemark>
        <name>Gymnasium at Sicyon</name>
        <description><![CDATA[<strong>name</strong>: Gymnasium at Sicyon<br><strong>region</strong>: Sikyonia Bk2<br><strong>part of</strong>: Sicyon (Sikyonia)<br><strong>location</strong>: Sicyon (Sikyonia)<br><strong>type</strong>: gymnasium<br><strong>passages</strong>: 2.10.7]]></description>
        <Point><coordinates>22.7145,37.9834</coordinates></Point>
      </Placemark>

      <Placemark>
        <name>grave of Tantalus son of Thyestes, in Argos</name>
        <description><![CDATA[<strong>name</strong>: grave of Tantalus son of Thyestes, in Argos<br><strong>region</strong>: Argolid Bk2<br><strong>part of</strong>: Agora of Argos<br><strong>location</strong>: Argos (Argolid)<br><strong>altname</strong>: bronze vessel containing his bones, beyond tomb of Pelasgos<br><strong>Wikidata</strong>: <a href="https://wikidata.org/wiki/Q136487525" target="_blank">https://wikidata.org/wiki/Q136487525</a><br><strong>type</strong>: tomb taphos<br><strong>passages</strong>: 2.22.2, 2.22.3]]></description>
        <Point><coordinates>22.7195,37.6316</coordinates></Point>
      </Placemark>

      <Placemark>
        <name>grave of Tantalus son of Thyestes, in Argos</name>
        <description><![CDATA[<strong>name</strong>: grave of Tantalus son of Thyestes, in Argos<br><strong>region</strong>: Argolid Bk2<br><strong>part of</strong>: Agora of Argos<br><strong>location</strong>: Argos (Argolid)<br><strong>altname</strong>: bronze vessel containing his bones, beyond tomb of Pelasgos<br><strong>Wikidata</strong>: <a href="https://wikidata.org/wiki/Q136487525" target="_blank">https://wikidata.org/wiki/Q136487525</a><br><strong>type</strong>: tomb taphos<br><strong>passages</strong>: 2.22.2, 2.22.3]]></description>
        <Point><coordinates>22.7195,37.6316</coordinates></Point>
      </Placemark>

      <Placemark>
        <name>Stoa of Cleisthenes in Sicyon</name>
        <description><![CDATA[<strong>name</strong>: Stoa of Cleisthenes in Sicyon<br><strong>region</strong>: Sikyonia Bk2<br><strong>part of</strong>: Sicyon (Sikyonia)<br><strong>location</strong>: Sicyon (Sikyonia)<br><strong>type</strong>: stoa<br><strong>passages</strong>: 2.9.6]]></description>
        <Point><coordinates>22.7145,37.9834</coordinates></Point>
      </Placemark>

      <Placemark>
        <name>Tomb of Neleus at the Isthmus, nonexistent</name>
        <description><![CDATA[<strong>name</strong>: Tomb of Neleus at the Isthmus, nonexistent<br><strong>region</strong>: Corinthia Bk2<br><strong>part of</strong>: Isthmus of Corinth<br><strong>location</strong>: Isthmus of Corinth<br><strong>Wikidata</strong>: <a href="https://wikidata.org/wiki/Q136487432" target="_blank">https://wikidata.org/wiki/Q136487432</a><br><strong>type</strong>: tomb mnema<br><strong>passages</strong>: 2.2.2]]></description>
        <Point><coordinates>22.973,37.928</coordinates></Point>
      </Placemark>

      <Placemark>
        <name>Sanctuary of Aphrodite at Epidauros, Asklepieion</name>
        <description><![CDATA[<strong>name</strong>: Sanctuary of Aphrodite at Epidauros, Asklepieion<br><strong>region</strong>: Epidauria Bk2<br><strong>part of</strong>: Asklepieion of Epidauros<br><strong>location</strong>: Asklepieion of Epidauros<br><strong>Wikidata</strong>: <a href="https://wikidata.org/wiki/Q134037653" target="_blank">https://wikidata.org/wiki/Q134037653</a><br><strong>type</strong>: hieron<br><strong>passages</strong>: 2.27.5]]></description>
        <Point><coordinates>23.075,37.597</coordinates></Point>
      </Placemark>

      <Placemark>
        <name>Arantia</name>
        <description><![CDATA[<strong>name</strong>: Arantia<br><strong>region</strong>: Phlious Bk2<br><strong>part of</strong>: Phlious Bk2<br><strong>location</strong>: Phlious Bk2<br><strong>altname</strong>: Phlius: founded by Aras, predecessor of Phlius around Arantine hill<br><strong>type</strong>: chora/region, polis<br><strong>passages</strong>: 2.12.4<br><strong>Pleiades</strong>: <a href="https://pleiades.stoa.org/places/573110" target="_blank">https://pleiades.stoa.org/places/573110</a>]]></description>
        <Point><coordinates>22.649131,37.846299</coordinates></Point>
      </Placemark>

      <Placemark>
        <name>Sanctuary of Apollo Lykios in Argos</name>
        <description><![CDATA[<strong>name</strong>: Sanctuary of Apollo Lykios in Argos<br><strong>region</strong>: Argolid Bk2<br><strong>part of</strong>: Argos (Argolid)<br><strong>location</strong>: Agora of Argos<br><strong>altname</strong>: Apollo Lykeios Lycius: unlocated, serves as an agora, or part of main agora<br><strong>Wikidata</strong>: <a href="https://wikidata.org/wiki/Q122194186" target="_blank">https://wikidata.org/wiki/Q122194186</a><br><strong>type</strong>: hieron<br><strong>passages</strong>: 2.19.3, 2.19.4, 2.19.5, 2.19.6, 2.19.7, 2.19.8, 2.20.1, 8.46.3<br><strong>Manto</strong>: <a href="https://resource.manto.unh.edu/10185200" target="_blank">https://resource.manto.unh.edu/10185200</a>]]></description>
        <Point><coordinates>22.7214,37.6305</coordinates></Point>
      </Placemark>

      <Placemark>
        <name>Sanctuary of Apollo Lykios in Argos</name>
        <description><![CDATA[<strong>name</strong>: Sanctuary of Apollo Lykios in Argos<br><strong>region</strong>: Argolid Bk2<br><strong>part of</strong>: Argos (Argolid)<br><strong>location</strong>: Agora of Argos<br><strong>altname</strong>: Apollo Lykeios Lycius: unlocated, serves as an agora, or part of main agora<br><strong>Wikidata</strong>: <a href="https://wikidata.org/wiki/Q122194186" target="_blank">https://wikidata.org/wiki/Q122194186</a><br><strong>type</strong>: hieron<br><strong>passages</strong>: 2.19.3, 2.19.4, 2.19.5, 2.19.6, 2.19.7, 2.19.8, 2.20.1, 8.46.3<br><strong>Manto</strong>: <a href="https://resource.manto.unh.edu/10185200" target="_blank">https://resource.manto.unh.edu/10185200</a>]]></description>
        <Point><coordinates>22.7214,37.6305</coordinates></Point>
      </Placemark>

      <Placemark>
        <name>Sanctuary of Apollo Lykios in Argos</name>
        <description><![CDATA[<strong>name</strong>: Sanctuary of Apollo Lykios in Argos<br><strong>region</strong>: Argolid Bk2<br><strong>part of</strong>: Argos (Argolid)<br><strong>location</strong>: Agora of Argos<br><strong>altname</strong>: Apollo Lykeios Lycius: unlocated, serves as an agora, or part of main agora<br><strong>Wikidata</strong>: <a href="https://wikidata.org/wiki/Q122194186" target="_blank">https://wikidata.org/wiki/Q122194186</a><br><strong>type</strong>: hieron<br><strong>passages</strong>: 2.19.3, 2.19.4, 2.19.5, 2.19.6, 2.19.7, 2.19.8, 2.20.1, 8.46.3<br><strong>Manto</strong>: <a href="https://resource.manto.unh.edu/10185200" target="_blank">https://resource.manto.unh.edu/10185200</a>]]></description>
        <Point><coordinates>22.7214,37.6305</coordinates></Point>
      </Placemark>

      <Placemark>
        <name>Sanctuary of Apollo Lykios in Argos</name>
        <description><![CDATA[<strong>name</strong>: Sanctuary of Apollo Lykios in Argos<br><strong>region</strong>: Argolid Bk2<br><strong>part of</strong>: Argos (Argolid)<br><strong>location</strong>: Agora of Argos<br><strong>altname</strong>: Apollo Lykeios Lycius: unlocated, serves as an agora, or part of main agora<br><strong>Wikidata</strong>: <a href="https://wikidata.org/wiki/Q122194186" target="_blank">https://wikidata.org/wiki/Q122194186</a><br><strong>type</strong>: hieron<br><strong>passages</strong>: 2.19.3, 2.19.4, 2.19.5, 2.19.6, 2.19.7, 2.19.8, 2.20.1, 8.46.3<br><strong>Manto</strong>: <a href="https://resource.manto.unh.edu/10185200" target="_blank">https://resource.manto.unh.edu/10185200</a>]]></description>
        <Point><coordinates>22.7214,37.6305</coordinates></Point>
      </Placemark>

      <Placemark>
        <name>Sanctuary of Apollo Lykios in Argos</name>
        <description><![CDATA[<strong>name</strong>: Sanctuary of Apollo Lykios in Argos<br><strong>region</strong>: Argolid Bk2<br><strong>part of</strong>: Argos (Argolid)<br><strong>location</strong>: Agora of Argos<br><strong>altname</strong>: Apollo Lykeios Lycius: unlocated, serves as an agora, or part of main agora<br><strong>Wikidata</strong>: <a href="https://wikidata.org/wiki/Q122194186" target="_blank">https://wikidata.org/wiki/Q122194186</a><br><strong>type</strong>: hieron<br><strong>passages</strong>: 2.19.3, 2.19.4, 2.19.5, 2.19.6, 2.19.7, 2.19.8, 2.20.1, 8.46.3<br><strong>Manto</strong>: <a href="https://resource.manto.unh.edu/10185200" target="_blank">https://resource.manto.unh.edu/10185200</a>]]></description>
        <Point><coordinates>22.7214,37.6305</coordinates></Point>
      </Placemark>

      <Placemark>
        <name>Sanctuary of Apollo Lykios in Argos</name>
        <description><![CDATA[<strong>name</strong>: Sanctuary of Apollo Lykios in Argos<br><strong>region</strong>: Argolid Bk2<br><strong>part of</strong>: Argos (Argolid)<br><strong>location</strong>: Agora of Argos<br><strong>altname</strong>: Apollo Lykeios Lycius: unlocated, serves as an agora, or part of main agora<br><strong>Wikidata</strong>: <a href="https://wikidata.org/wiki/Q122194186" target="_blank">https://wikidata.org/wiki/Q122194186</a><br><strong>type</strong>: hieron<br><strong>passages</strong>: 2.19.3, 2.19.4, 2.19.5, 2.19.6, 2.19.7, 2.19.8, 2.20.1, 8.46.3<br><strong>Manto</strong>: <a href="https://resource.manto.unh.edu/10185200" target="_blank">https://resource.manto.unh.edu/10185200</a>]]></description>
        <Point><coordinates>22.7214,37.6305</coordinates></Point>
      </Placemark>

      <Placemark>
        <name>Sanctuary of Apollo Lykios in Argos</name>
        <description><![CDATA[<strong>name</strong>: Sanctuary of Apollo Lykios in Argos<br><strong>region</strong>: Argolid Bk2<br><strong>part of</strong>: Argos (Argolid)<br><strong>location</strong>: Agora of Argos<br><strong>altname</strong>: Apollo Lykeios Lycius: unlocated, serves as an agora, or part of main agora<br><strong>Wikidata</strong>: <a href="https://wikidata.org/wiki/Q122194186" target="_blank">https://wikidata.org/wiki/Q122194186</a><br><strong>type</strong>: hieron<br><strong>passages</strong>: 2.19.3, 2.19.4, 2.19.5, 2.19.6, 2.19.7, 2.19.8, 2.20.1, 8.46.3<br><strong>Manto</strong>: <a href="https://resource.manto.unh.edu/10185200" target="_blank">https://resource.manto.unh.edu/10185200</a>]]></description>
        <Point><coordinates>22.7214,37.6305</coordinates></Point>
      </Placemark>

      <Placemark>
        <name>City walls of Thebes</name>
        <description><![CDATA[<strong>name</strong>: City walls of Thebes<br><strong>region</strong>: Boiotia Bk9<br><strong>part of</strong>: Thebes (Boeotia)<br><strong>location</strong>: Thebes (Boeotia)<br><strong>type</strong>: city walls<br><strong>passages</strong>: 2.23.2]]></description>
        <Point><coordinates>23.3178,38.3191</coordinates></Point>
      </Placemark>

      <Placemark>
        <name>Temple of Athena Nike, Acropolis of Athens</name>
        <description><![CDATA[<strong>name</strong>: Temple of Athena Nike, Acropolis of Athens<br><strong>region</strong>: Athenai Bk1<br><strong>part of</strong>: Athenian Acropolis (Athens)<br><strong>altname</strong>: Athena Nike temple (Athens)<br><strong>Wikidata</strong>: <a href="https://wikidata.org/wiki/Q384813" target="_blank">https://wikidata.org/wiki/Q384813</a><br><strong>type</strong>: temple<br><strong>passages</strong>: 1.22.4, 2.30.2<br><strong>ToposText</strong>: <a href="https://topostext.org/place/380237SANi" target="_blank">https://topostext.org/place/380237SANi</a><br><strong>URL</strong>: <a href="https://imperium.ahlfeldt.se/places/25117" target="_blank">https://imperium.ahlfeldt.se/places/25117</a>]]></description>
        <Point><coordinates>23.724870000000003,37.97154</coordinates></Point>
      </Placemark>

      <Placemark>
        <name>Balagrae Asclepieion near Cyrene</name>
        <description><![CDATA[<strong>name</strong>: Balagrae Asclepieion near Cyrene<br><strong>region</strong>: Libya (Africa)<br><strong>part of</strong>: Cyrenaica<br><strong>Wikidata</strong>: <a href="https://wikidata.org/wiki/Q35784" target="_blank">https://wikidata.org/wiki/Q35784</a><br><strong>type</strong>: Asclepieion, hieron<br><strong>passages</strong>: 2.26.9<br><strong>Pleiades</strong>: <a href="https://pleiades.stoa.org/places/373749" target="_blank">https://pleiades.stoa.org/places/373749</a>]]></description>
        <Point><coordinates>21.715312,32.760901</coordinates></Point>
      </Placemark>

      <Placemark>
        <name>Sanctuary of Athena Oxyderkes at Argos</name>
        <description><![CDATA[<strong>name</strong>: Sanctuary of Athena Oxyderkes at Argos<br><strong>region</strong>: Argolid Bk2<br><strong>part of</strong>: Ascent from Argos to Larisa citadel<br><strong>location</strong>: Ascent from Argos to Larisa citadel<br><strong>Wikidata</strong>: <a href="https://wikidata.org/wiki/Q134037421" target="_blank">https://wikidata.org/wiki/Q134037421</a><br><strong>type</strong>: hieron<br><strong>passages</strong>: 2.24.2<br><strong>Manto</strong>: <a href="https://resource.manto.unh.edu/10187160" target="_blank">https://resource.manto.unh.edu/10187160</a>]]></description>
        <Point><coordinates>22.7195,37.6316</coordinates></Point>
      </Placemark>

      <Placemark>
        <name>Altar of Hestia in Hermione</name>
        <description><![CDATA[<strong>name</strong>: Altar of Hestia in Hermione<br><strong>region</strong>: Hermionis Bk2<br><strong>part of</strong>: Sanctuary of Hestia in Hermione<br><strong>location</strong>: Sanctuary of Hestia in Hermione<br><strong>type</strong>: altar<br><strong>passages</strong>: 2.35.1]]></description>
        <Point><coordinates>23.243591,37.385218</coordinates></Point>
      </Placemark>

      <Placemark>
        <name>Sanctuary of Artemis Pheraia at Sicyon</name>
        <description><![CDATA[<strong>name</strong>: Sanctuary of Artemis Pheraia at Sicyon<br><strong>region</strong>: Sikyonia Bk2<br><strong>part of</strong>: Sicyon (Sikyonia)<br><strong>location</strong>: Sicyon (Sikyonia)<br><strong>Wikidata</strong>: <a href="https://wikidata.org/wiki/Q134037361" target="_blank">https://wikidata.org/wiki/Q134037361</a><br><strong>type</strong>: hieron<br><strong>passages</strong>: 2.10.7]]></description>
        <Point><coordinates>22.7145,37.9834</coordinates></Point>
      </Placemark>

      <Placemark>
        <name>Eileoi</name>
        <description><![CDATA[<strong>name</strong>: Eileoi<br><strong>region</strong>: Hermionis Bk2<br><strong>part of</strong>: Hermionis Bk2<br><strong>Wikidata</strong>: <a href="https://wikidata.org/wiki/Q118744800" target="_blank">https://wikidata.org/wiki/Q118744800</a><br><strong>type</strong>: chorion<br><strong>passages</strong>: 2.34.6<br><strong>Pleiades</strong>: <a href="https://pleiades.stoa.org/places/570207" target="_blank">https://pleiades.stoa.org/places/570207</a>]]></description>
        <Point><coordinates>23.26405,37.442072</coordinates></Point>
      </Placemark>

      <Placemark>
        <name>Acropolis of Phlious</name>
        <description><![CDATA[<strong>name</strong>: Acropolis of Phlious<br><strong>region</strong>: Phlious Bk2<br><strong>part of</strong>: Phlious Bk2<br><strong>location</strong>: Phlious Bk2<br><strong>Wikidata</strong>: <a href="https://wikidata.org/wiki/Q133963418" target="_blank">https://wikidata.org/wiki/Q133963418</a><br><strong>type</strong>: acropolis<br><strong>passages</strong>: 2.12.4]]></description>
        <Point><coordinates>22.649131,37.846299</coordinates></Point>
      </Placemark>

      <Placemark>
        <name>Precinct of Artemis in Aricia, Italy</name>
        <description><![CDATA[<strong>name</strong>: Precinct of Artemis in Aricia, Italy<br><strong>region</strong>: Italia (Europe)<br><strong>part of</strong>: Aricia<br><strong>altname</strong>: Diana Nemorensis sanctuary<br><strong>Wikidata</strong>: <a href="https://wikidata.org/wiki/Q18590113" target="_blank">https://wikidata.org/wiki/Q18590113</a><br><strong>type</strong>: hieron, temenos<br><strong>passages</strong>: 2.27.4<br><strong>Manto</strong>: <a href="https://resource.manto.unh.edu/11289217" target="_blank">https://resource.manto.unh.edu/11289217</a><br><strong>ToposText</strong>: <a href="https://topostext.org/place/417127SDiN" target="_blank">https://topostext.org/place/417127SDiN</a>]]></description>
        <Point><coordinates>12.7092,41.7244</coordinates></Point>
      </Placemark>

      <Placemark>
        <name>Temple of Zeus in Corinth, near the Gymnasium</name>
        <description><![CDATA[<strong>name</strong>: Temple of Zeus in Corinth, near the Gymnasium<br><strong>region</strong>: Corinthia Bk2<br><strong>part of</strong>: Corinth (Corinthia)<br><strong>location</strong>: Corinth (Corinthia)<br><strong>type</strong>: temple<br><strong>passages</strong>: 2.4.5]]></description>
        <Point><coordinates>22.8802,37.9054</coordinates></Point>
      </Placemark>

      <Placemark>
        <name>Pindasus</name>
        <description><![CDATA[<strong>name</strong>: Pindasus<br><strong>region</strong>: Asia Minor (Asia)<br><strong>part of</strong>: Mysia<br><strong>altname</strong>: mountain of Mysia<br><strong>Wikidata</strong>: <a href="https://wikidata.org/wiki/Q4833452" target="_blank">https://wikidata.org/wiki/Q4833452</a><br><strong>type</strong>: mountain oros<br><strong>passages</strong>: 2.26.8<br><strong>Pleiades</strong>: <a href="https://pleiades.stoa.org/places/550830" target="_blank">https://pleiades.stoa.org/places/550830</a>]]></description>
        <Point><coordinates>27.220140000000004,39.36331</coordinates></Point>
      </Placemark>

      <Placemark>
        <name>Temple of Dionysus in Aigina</name>
        <description><![CDATA[<strong>name</strong>: Temple of Dionysus in Aigina<br><strong>region</strong>: Aigina island Bk2<br><strong>part of</strong>: Aigina polity<br><strong>location</strong>: Aigina polity<br><strong>type</strong>: temple<br><strong>passages</strong>: 2.30.1]]></description>
        <Point><coordinates>23.42372,37.74991</coordinates></Point>
      </Placemark>

      <Placemark>
        <name>Hyrnethion (Epidauria)</name>
        <description><![CDATA[<strong>name</strong>: Hyrnethion (Epidauria)<br><strong>region</strong>: Epidauria Bk2<br><strong>part of</strong>: Epidauria Bk2<br><strong>Wikidata</strong>: <a href="https://wikidata.org/wiki/Q1641569" target="_blank">https://wikidata.org/wiki/Q1641569</a><br><strong>type</strong>: chorion<br><strong>passages</strong>: 2.28.3, 2.28.6<br><strong>ToposText</strong>: <a href="https://topostext.org/place/376231UHyr" target="_blank">https://topostext.org/place/376231UHyr</a>]]></description>
        <Point><coordinates>23.1,37.6</coordinates></Point>
      </Placemark>

      <Placemark>
        <name>Hyrnethion (Epidauria)</name>
        <description><![CDATA[<strong>name</strong>: Hyrnethion (Epidauria)<br><strong>region</strong>: Epidauria Bk2<br><strong>part of</strong>: Epidauria Bk2<br><strong>Wikidata</strong>: <a href="https://wikidata.org/wiki/Q1641569" target="_blank">https://wikidata.org/wiki/Q1641569</a><br><strong>type</strong>: chorion<br><strong>passages</strong>: 2.28.3, 2.28.6<br><strong>ToposText</strong>: <a href="https://topostext.org/place/376231UHyr" target="_blank">https://topostext.org/place/376231UHyr</a>]]></description>
        <Point><coordinates>23.1,37.6</coordinates></Point>
      </Placemark>

      <Placemark>
        <name>Temple of Apollo or Olympian Zeus, burned, on Corinth-Sicyon road</name>
        <description><![CDATA[<strong>name</strong>: Temple of Apollo or Olympian Zeus, burned, on Corinth-Sicyon road<br><strong>region</strong>: Corinthia Bk2<br><strong>part of</strong>: Corinth (Corinthia)<br><strong>location</strong>: Corinth (Corinthia)<br><strong>type</strong>: temple<br><strong>passages</strong>: 2.5.5]]></description>
        <Point><coordinates>22.8802,37.9054</coordinates></Point>
      </Placemark>

      <Placemark>
        <name>Cave constructions in Peirene fountain in Corinth</name>
        <description><![CDATA[<strong>name</strong>: Cave constructions in Peirene fountain in Corinth<br><strong>region</strong>: Corinthia Bk2<br><strong>part of</strong>: Peirene fountain (Corinth)<br><strong>location</strong>: Peirene fountain (Corinth)<br><strong>type</strong>: building<br><strong>passages</strong>: 2.3.3]]></description>
        <Point><coordinates>22.88059,37.90568</coordinates></Point>
      </Placemark>

      <Placemark>
        <name>Greek Bath (Epidauros Asklepieion)</name>
        <description><![CDATA[<strong>name</strong>: Greek Bath (Epidauros Asklepieion)<br><strong>region</strong>: Epidauria Bk2<br><strong>part of</strong>: Asklepieion of Epidauros<br><strong>Wikidata</strong>: <a href="https://wikidata.org/wiki/Q38279743" target="_blank">https://wikidata.org/wiki/Q38279743</a><br><strong>type</strong>: bath<br><strong>passages</strong>: 2.27.6<br><strong>ToposText</strong>: <a href="https://topostext.org/place/376231GBtg" target="_blank">https://topostext.org/place/376231GBtg</a>]]></description>
        <Point><coordinates>23.0755,37.597007</coordinates></Point>
      </Placemark>

      <Placemark>
        <name>Tomb of Phaedra in Troizen</name>
        <description><![CDATA[<strong>name</strong>: Tomb of Phaedra in Troizen<br><strong>region</strong>: Troizenia Bk2<br><strong>part of</strong>: Troizen (Troizenia)<br><strong>location</strong>: Troizen (Troizenia)<br><strong>Wikidata</strong>: <a href="https://wikidata.org/wiki/Q136487416" target="_blank">https://wikidata.org/wiki/Q136487416</a><br><strong>type</strong>: tomb mnema<br><strong>passages</strong>: 2.32.4<br><strong>Manto</strong>: <a href="https://resource.manto.unh.edu/10214946" target="_blank">https://resource.manto.unh.edu/10214946</a>]]></description>
        <Point><coordinates>23.3484,37.5033</coordinates></Point>
      </Placemark>

      <Placemark>
        <name>Harbor on Halioussa island between Skyllaion and Hermione</name>
        <description><![CDATA[<strong>name</strong>: Harbor on Halioussa island between Skyllaion and Hermione<br><strong>region</strong>: Hermionis Bk2<br><strong>part of</strong>: Halioussa<br><strong>location</strong>: Halioussa<br><strong>type</strong>: harbor limen<br><strong>passages</strong>: 2.34.8]]></description>
        <Point><coordinates>25.3,38.1</coordinates></Point>
      </Placemark>

      <Placemark>
        <name>Euphrates (river)</name>
        <description><![CDATA[<strong>name</strong>: Euphrates (river)<br><strong>region</strong>: Asia (continent)<br><strong>part of</strong>: Asia (continent)<br><strong>Wikidata</strong>: <a href="https://wikidata.org/wiki/Q34589" target="_blank">https://wikidata.org/wiki/Q34589</a><br><strong>type</strong>: river<br><strong>passages</strong>: 10.29.4, 2.5.3, 4.34.2<br><strong>Pleiades</strong>: <a href="https://pleiades.stoa.org/places/912849" target="_blank">https://pleiades.stoa.org/places/912849</a>]]></description>
        <Point><coordinates>40.93640094,34.74942378</coordinates></Point>
      </Placemark>

      <Placemark>
        <name>Fountain in Hermione, built in Pausanias&apos; time, water flowing from Leimon</name>
        <description><![CDATA[<strong>name</strong>: Fountain in Hermione, built in Pausanias&apos; time, water flowing from Leimon<br><strong>region</strong>: Hermionis Bk2<br><strong>part of</strong>: Hermione<br><strong>location</strong>: Hermione<br><strong>type</strong>: spring pege<br><strong>passages</strong>: 2.35.3]]></description>
        <Point><coordinates>23.243591,37.385218</coordinates></Point>
      </Placemark>

      <Placemark>
        <name>Hysiae (Argolis)</name>
        <description><![CDATA[<strong>name</strong>: Hysiae (Argolis)<br><strong>region</strong>: Argolid Bk2<br><strong>part of</strong>: Argolid Bk2<br><strong>altname</strong>: Hysiai<br><strong>Wikidata</strong>: <a href="https://wikidata.org/wiki/Q16575296" target="_blank">https://wikidata.org/wiki/Q16575296</a><br><strong>type</strong>: settlement<br><strong>passages</strong>: 2.24.7, 8.27.1, 8.54.7, 8.6.4<br><strong>Pleiades</strong>: <a href="https://pleiades.stoa.org/places/570306" target="_blank">https://pleiades.stoa.org/places/570306</a>]]></description>
        <Point><coordinates>22.585884,37.519836</coordinates></Point>
      </Placemark>

      <Placemark>
        <name>Delos island</name>
        <description><![CDATA[<strong>name</strong>: Delos island<br><strong>region</strong>: Aegean Sea (Hellas)<br><strong>part of</strong>: Cyclades region (Aegean)<br><strong>Wikidata</strong>: <a href="https://wikidata.org/wiki/Q173148" target="_blank">https://wikidata.org/wiki/Q173148</a><br><strong>type</strong>: island<br><strong>passages</strong>: 1.18.5, 1.19.6, 1.29.1, 1.31.2, 2.27.1, 2.33.2, 3.23.3, 3.23.4, 4.33.2, 4.36.6, 4.4.1, 5.19.10, 5.7.8, 8.33.2<br><strong>Pleiades</strong>: <a href="https://pleiades.stoa.org/places/599588" target="_blank">https://pleiades.stoa.org/places/599588</a><br><strong>URL</strong>: <a href="https://imperium.ahlfeldt.se/places/41356" target="_blank">https://imperium.ahlfeldt.se/places/41356</a>]]></description>
        <Point><coordinates>25.268194,37.397274</coordinates></Point>
      </Placemark>

      <Placemark>
        <name>Delos island</name>
        <description><![CDATA[<strong>name</strong>: Delos island<br><strong>region</strong>: Aegean Sea (Hellas)<br><strong>part of</strong>: Cyclades region (Aegean)<br><strong>Wikidata</strong>: <a href="https://wikidata.org/wiki/Q173148" target="_blank">https://wikidata.org/wiki/Q173148</a><br><strong>type</strong>: island<br><strong>passages</strong>: 1.18.5, 1.19.6, 1.29.1, 1.31.2, 2.27.1, 2.33.2, 3.23.3, 3.23.4, 4.33.2, 4.36.6, 4.4.1, 5.19.10, 5.7.8, 8.33.2<br><strong>Pleiades</strong>: <a href="https://pleiades.stoa.org/places/599588" target="_blank">https://pleiades.stoa.org/places/599588</a><br><strong>URL</strong>: <a href="https://imperium.ahlfeldt.se/places/41356" target="_blank">https://imperium.ahlfeldt.se/places/41356</a>]]></description>
        <Point><coordinates>25.268194,37.397274</coordinates></Point>
      </Placemark>

      <Placemark>
        <name>Argive Heraion (Argolid)</name>
        <description><![CDATA[<strong>name</strong>: Argive Heraion (Argolid)<br><strong>region</strong>: Argolid Bk2<br><strong>part of</strong>: Argolid Bk2<br><strong>Wikidata</strong>: <a href="https://wikidata.org/wiki/Q1607754" target="_blank">https://wikidata.org/wiki/Q1607754</a><br><strong>type</strong>: hieron<br><strong>passages</strong>: 2.16.2, 2.17.1, 2.17.2, 2.17.3, 2.17.5, 2.20.3, 8.46.3, 9.40.4<br><strong>Manto</strong>: <a href="https://resource.manto.unh.edu/10159442" target="_blank">https://resource.manto.unh.edu/10159442</a><br><strong>Pleiades</strong>: <a href="https://pleiades.stoa.org/places/570289" target="_blank">https://pleiades.stoa.org/places/570289</a><br><strong>ToposText</strong>: <a href="https://topostext.org/place/377228SHer" target="_blank">https://topostext.org/place/377228SHer</a>]]></description>
        <Point><coordinates>22.7747,37.6919</coordinates></Point>
      </Placemark>

      <Placemark>
        <name>Argive Heraion (Argolid)</name>
        <description><![CDATA[<strong>name</strong>: Argive Heraion (Argolid)<br><strong>region</strong>: Argolid Bk2<br><strong>part of</strong>: Argolid Bk2<br><strong>Wikidata</strong>: <a href="https://wikidata.org/wiki/Q1607754" target="_blank">https://wikidata.org/wiki/Q1607754</a><br><strong>type</strong>: hieron<br><strong>passages</strong>: 2.16.2, 2.17.1, 2.17.2, 2.17.3, 2.17.5, 2.20.3, 8.46.3, 9.40.4<br><strong>Manto</strong>: <a href="https://resource.manto.unh.edu/10159442" target="_blank">https://resource.manto.unh.edu/10159442</a><br><strong>Pleiades</strong>: <a href="https://pleiades.stoa.org/places/570289" target="_blank">https://pleiades.stoa.org/places/570289</a><br><strong>ToposText</strong>: <a href="https://topostext.org/place/377228SHer" target="_blank">https://topostext.org/place/377228SHer</a>]]></description>
        <Point><coordinates>22.7747,37.6919</coordinates></Point>
      </Placemark>

      <Placemark>
        <name>Argive Heraion (Argolid)</name>
        <description><![CDATA[<strong>name</strong>: Argive Heraion (Argolid)<br><strong>region</strong>: Argolid Bk2<br><strong>part of</strong>: Argolid Bk2<br><strong>Wikidata</strong>: <a href="https://wikidata.org/wiki/Q1607754" target="_blank">https://wikidata.org/wiki/Q1607754</a><br><strong>type</strong>: hieron<br><strong>passages</strong>: 2.16.2, 2.17.1, 2.17.2, 2.17.3, 2.17.5, 2.20.3, 8.46.3, 9.40.4<br><strong>Manto</strong>: <a href="https://resource.manto.unh.edu/10159442" target="_blank">https://resource.manto.unh.edu/10159442</a><br><strong>Pleiades</strong>: <a href="https://pleiades.stoa.org/places/570289" target="_blank">https://pleiades.stoa.org/places/570289</a><br><strong>ToposText</strong>: <a href="https://topostext.org/place/377228SHer" target="_blank">https://topostext.org/place/377228SHer</a>]]></description>
        <Point><coordinates>22.7747,37.6919</coordinates></Point>
      </Placemark>

      <Placemark>
        <name>Argive Heraion (Argolid)</name>
        <description><![CDATA[<strong>name</strong>: Argive Heraion (Argolid)<br><strong>region</strong>: Argolid Bk2<br><strong>part of</strong>: Argolid Bk2<br><strong>Wikidata</strong>: <a href="https://wikidata.org/wiki/Q1607754" target="_blank">https://wikidata.org/wiki/Q1607754</a><br><strong>type</strong>: hieron<br><strong>passages</strong>: 2.16.2, 2.17.1, 2.17.2, 2.17.3, 2.17.5, 2.20.3, 8.46.3, 9.40.4<br><strong>Manto</strong>: <a href="https://resource.manto.unh.edu/10159442" target="_blank">https://resource.manto.unh.edu/10159442</a><br><strong>Pleiades</strong>: <a href="https://pleiades.stoa.org/places/570289" target="_blank">https://pleiades.stoa.org/places/570289</a><br><strong>ToposText</strong>: <a href="https://topostext.org/place/377228SHer" target="_blank">https://topostext.org/place/377228SHer</a>]]></description>
        <Point><coordinates>22.7747,37.6919</coordinates></Point>
      </Placemark>

      <Placemark>
        <name>Argive Heraion (Argolid)</name>
        <description><![CDATA[<strong>name</strong>: Argive Heraion (Argolid)<br><strong>region</strong>: Argolid Bk2<br><strong>part of</strong>: Argolid Bk2<br><strong>Wikidata</strong>: <a href="https://wikidata.org/wiki/Q1607754" target="_blank">https://wikidata.org/wiki/Q1607754</a><br><strong>type</strong>: hieron<br><strong>passages</strong>: 2.16.2, 2.17.1, 2.17.2, 2.17.3, 2.17.5, 2.20.3, 8.46.3, 9.40.4<br><strong>Manto</strong>: <a href="https://resource.manto.unh.edu/10159442" target="_blank">https://resource.manto.unh.edu/10159442</a><br><strong>Pleiades</strong>: <a href="https://pleiades.stoa.org/places/570289" target="_blank">https://pleiades.stoa.org/places/570289</a><br><strong>ToposText</strong>: <a href="https://topostext.org/place/377228SHer" target="_blank">https://topostext.org/place/377228SHer</a>]]></description>
        <Point><coordinates>22.7747,37.6919</coordinates></Point>
      </Placemark>

      <Placemark>
        <name>Argive Heraion (Argolid)</name>
        <description><![CDATA[<strong>name</strong>: Argive Heraion (Argolid)<br><strong>region</strong>: Argolid Bk2<br><strong>part of</strong>: Argolid Bk2<br><strong>Wikidata</strong>: <a href="https://wikidata.org/wiki/Q1607754" target="_blank">https://wikidata.org/wiki/Q1607754</a><br><strong>type</strong>: hieron<br><strong>passages</strong>: 2.16.2, 2.17.1, 2.17.2, 2.17.3, 2.17.5, 2.20.3, 8.46.3, 9.40.4<br><strong>Manto</strong>: <a href="https://resource.manto.unh.edu/10159442" target="_blank">https://resource.manto.unh.edu/10159442</a><br><strong>Pleiades</strong>: <a href="https://pleiades.stoa.org/places/570289" target="_blank">https://pleiades.stoa.org/places/570289</a><br><strong>ToposText</strong>: <a href="https://topostext.org/place/377228SHer" target="_blank">https://topostext.org/place/377228SHer</a>]]></description>
        <Point><coordinates>22.7747,37.6919</coordinates></Point>
      </Placemark>

      <Placemark>
        <name>Sanctuary of Nemean Zeus, Nemea</name>
        <description><![CDATA[<strong>name</strong>: Sanctuary of Nemean Zeus, Nemea<br><strong>region</strong>: Argolid Bk2<br><strong>part of</strong>: Argolid Bk2<br><strong>altname</strong>: in valley between Phlius and Cleonae<br><strong>Wikidata</strong>: <a href="https://wikidata.org/wiki/Q748108" target="_blank">https://wikidata.org/wiki/Q748108</a><br><strong>type</strong>: hieron<br><strong>passages</strong>: 1.27.9, 1.29.5, 2.15.2, 2.15.3, 2.19.5, 5.11.5, 5.25.7, 5.26.7, 6.1.8, 6.12.8, 6.14.2, 6.15.1, 6.15.6, 6.2.11, 6.20.19, 6.3.11, 6.3.9, 6.4.5, 6.4.6, 6.5.5, 6.7.10, 8.48.2<br><strong>Pleiades</strong>: <a href="https://pleiades.stoa.org/places/570504" target="_blank">https://pleiades.stoa.org/places/570504</a><br><strong>ToposText</strong>: <a href="https://topostext.org/place/378227SNem" target="_blank">https://topostext.org/place/378227SNem</a>]]></description>
        <Point><coordinates>22.7108,37.8085</coordinates></Point>
      </Placemark>

      <Placemark>
        <name>Sanctuary of Nemean Zeus, Nemea</name>
        <description><![CDATA[<strong>name</strong>: Sanctuary of Nemean Zeus, Nemea<br><strong>region</strong>: Argolid Bk2<br><strong>part of</strong>: Argolid Bk2<br><strong>altname</strong>: in valley between Phlius and Cleonae<br><strong>Wikidata</strong>: <a href="https://wikidata.org/wiki/Q748108" target="_blank">https://wikidata.org/wiki/Q748108</a><br><strong>type</strong>: hieron<br><strong>passages</strong>: 1.27.9, 1.29.5, 2.15.2, 2.15.3, 2.19.5, 5.11.5, 5.25.7, 5.26.7, 6.1.8, 6.12.8, 6.14.2, 6.15.1, 6.15.6, 6.2.11, 6.20.19, 6.3.11, 6.3.9, 6.4.5, 6.4.6, 6.5.5, 6.7.10, 8.48.2<br><strong>Pleiades</strong>: <a href="https://pleiades.stoa.org/places/570504" target="_blank">https://pleiades.stoa.org/places/570504</a><br><strong>ToposText</strong>: <a href="https://topostext.org/place/378227SNem" target="_blank">https://topostext.org/place/378227SNem</a>]]></description>
        <Point><coordinates>22.7108,37.8085</coordinates></Point>
      </Placemark>

      <Placemark>
        <name>Sanctuary of Nemean Zeus, Nemea</name>
        <description><![CDATA[<strong>name</strong>: Sanctuary of Nemean Zeus, Nemea<br><strong>region</strong>: Argolid Bk2<br><strong>part of</strong>: Argolid Bk2<br><strong>altname</strong>: in valley between Phlius and Cleonae<br><strong>Wikidata</strong>: <a href="https://wikidata.org/wiki/Q748108" target="_blank">https://wikidata.org/wiki/Q748108</a><br><strong>type</strong>: hieron<br><strong>passages</strong>: 1.27.9, 1.29.5, 2.15.2, 2.15.3, 2.19.5, 5.11.5, 5.25.7, 5.26.7, 6.1.8, 6.12.8, 6.14.2, 6.15.1, 6.15.6, 6.2.11, 6.20.19, 6.3.11, 6.3.9, 6.4.5, 6.4.6, 6.5.5, 6.7.10, 8.48.2<br><strong>Pleiades</strong>: <a href="https://pleiades.stoa.org/places/570504" target="_blank">https://pleiades.stoa.org/places/570504</a><br><strong>ToposText</strong>: <a href="https://topostext.org/place/378227SNem" target="_blank">https://topostext.org/place/378227SNem</a>]]></description>
        <Point><coordinates>22.7108,37.8085</coordinates></Point>
      </Placemark>

      <Placemark>
        <name>Residence of Proetus in Tiryns</name>
        <description><![CDATA[<strong>name</strong>: Residence of Proetus in Tiryns<br><strong>region</strong>: Argolid Bk2<br><strong>part of</strong>: Tiryns<br><strong>location</strong>: Tiryns<br><strong>type</strong>: house<br><strong>passages</strong>: 2.16.2]]></description>
        <Point><coordinates>22.80004,37.59918</coordinates></Point>
      </Placemark>

      <Placemark>
        <name>Temple of Zeus at Nemea</name>
        <description><![CDATA[<strong>name</strong>: Temple of Zeus at Nemea<br><strong>region</strong>: Argolid Bk2<br><strong>part of</strong>: Sanctuary of Nemean Zeus, Nemea<br><strong>Wikidata</strong>: <a href="https://wikidata.org/wiki/Q27779887" target="_blank">https://wikidata.org/wiki/Q27779887</a><br><strong>type</strong>: temple<br><strong>passages</strong>: 2.15.2<br><strong>Pleiades</strong>: <a href="https://pleiades.stoa.org/places/109791198" target="_blank">https://pleiades.stoa.org/places/109791198</a>]]></description>
        <Point><coordinates>22.710651,37.809667</coordinates></Point>
      </Placemark>

      <Placemark>
        <name>Eleutherion water</name>
        <description><![CDATA[<strong>name</strong>: Eleutherion water<br><strong>region</strong>: Argolid Bk2<br><strong>part of</strong>: Argolid Bk2<br><strong>altname</strong>: Kynadra?: Water at the road from Mycenae to Argive Heraion, used for purification<br><strong>type</strong>: water<br><strong>passages</strong>: 2.17.1<br><strong>Pleiades</strong>: <a href="https://pleiades.stoa.org/places/573199" target="_blank">https://pleiades.stoa.org/places/573199</a>]]></description>
        <Point><coordinates>22.7652,37.7009</coordinates></Point>
      </Placemark>

      <Placemark>
        <name>Tanaos (river)</name>
        <description><![CDATA[<strong>name</strong>: Tanaos (river)<br><strong>region</strong>: Argolid Bk2<br><strong>part of</strong>: Argolid Bk2<br><strong>altname</strong>: Tanos river<br><strong>type</strong>: river<br><strong>passages</strong>: 2.38.7<br><strong>Pleiades</strong>: <a href="https://pleiades.stoa.org/places/570704" target="_blank">https://pleiades.stoa.org/places/570704</a>]]></description>
        <Point><coordinates>22.7404143,37.4211067</coordinates></Point>
      </Placemark>

      <Placemark>
        <name>Sanctuary of Asklepios in Aigina</name>
        <description><![CDATA[<strong>name</strong>: Sanctuary of Asklepios in Aigina<br><strong>region</strong>: Aigina island Bk2<br><strong>part of</strong>: Aigina polity<br><strong>location</strong>: Aigina polity<br><strong>Wikidata</strong>: <a href="https://wikidata.org/wiki/Q134038110" target="_blank">https://wikidata.org/wiki/Q134038110</a><br><strong>type</strong>: hieron<br><strong>passages</strong>: 2.30.1]]></description>
        <Point><coordinates>23.42372,37.74991</coordinates></Point>
      </Placemark>

      <Placemark>
        <name>Sanctuary of Aphrodite in Temenion</name>
        <description><![CDATA[<strong>name</strong>: Sanctuary of Aphrodite in Temenion<br><strong>region</strong>: Argolid Bk2<br><strong>part of</strong>: Temenion<br><strong>location</strong>: Temenion<br><strong>Wikidata</strong>: <a href="https://wikidata.org/wiki/Q134037502" target="_blank">https://wikidata.org/wiki/Q134037502</a><br><strong>type</strong>: hieron<br><strong>passages</strong>: 2.38.1]]></description>
        <Point><coordinates>22.737804,37.581685</coordinates></Point>
      </Placemark>

      <Placemark>
        <name>Precinct of Isis Aegyptia on Acrocorinth ascent</name>
        <description><![CDATA[<strong>name</strong>: Precinct of Isis Aegyptia on Acrocorinth ascent<br><strong>region</strong>: Corinthia Bk2<br><strong>part of</strong>: Acrocorinth<br><strong>location</strong>: Acrocorinth<br><strong>type</strong>: temenos<br><strong>passages</strong>: 2.4.6]]></description>
        <Point><coordinates>22.878721,37.906045</coordinates></Point>
      </Placemark>

      <Placemark>
        <name>Temple of Dionysus in Argos</name>
        <description><![CDATA[<strong>name</strong>: Temple of Dionysus in Argos<br><strong>region</strong>: Argolid Bk2<br><strong>part of</strong>: Argos (Argolid)<br><strong>location</strong>: Argos (Argolid)<br><strong>altname</strong>: left of the Koile road<br><strong>type</strong>: temple<br><strong>passages</strong>: 2.23.1]]></description>
        <Point><coordinates>22.7195,37.6316</coordinates></Point>
      </Placemark>

      <Placemark>
        <name>Temple in the sacred grove below Mt. Pontinos, with statue of Dionysos Saotes</name>
        <description><![CDATA[<strong>name</strong>: Temple in the sacred grove below Mt. Pontinos, with statue of Dionysos Saotes<br><strong>region</strong>: Argolid Bk2<br><strong>part of</strong>: Pontinos hill (Argolid)<br><strong>location</strong>: Pontinos hill (Argolid)<br><strong>type</strong>: temple<br><strong>passages</strong>: 2.37.2]]></description>
        <Point><coordinates>22.6973,37.55</coordinates></Point>
      </Placemark>

      <Placemark>
        <name>Fountain in Hermione, ancient</name>
        <description><![CDATA[<strong>name</strong>: Fountain in Hermione, ancient<br><strong>region</strong>: Hermionis Bk2<br><strong>part of</strong>: Hermione<br><strong>location</strong>: Hermione<br><strong>type</strong>: spring pege<br><strong>passages</strong>: 2.35.3]]></description>
        <Point><coordinates>23.243591,37.385218</coordinates></Point>
      </Placemark>

      <Placemark>
        <name>Sanctuary of Nemean Zeus at Argos</name>
        <description><![CDATA[<strong>name</strong>: Sanctuary of Nemean Zeus at Argos<br><strong>region</strong>: Argolid Bk2<br><strong>part of</strong>: Argos (Argolid)<br><strong>location</strong>: Argos (Argolid)<br><strong>Wikidata</strong>: <a href="https://wikidata.org/wiki/Q134037465" target="_blank">https://wikidata.org/wiki/Q134037465</a><br><strong>type</strong>: hieron<br><strong>passages</strong>: 2.20.3]]></description>
        <Point><coordinates>22.7195,37.6316</coordinates></Point>
      </Placemark>

      <Placemark>
        <name>Cave at the gate of Sicyon</name>
        <description><![CDATA[<strong>name</strong>: Cave at the gate of Sicyon<br><strong>region</strong>: Sikyonia Bk2<br><strong>part of</strong>: Sicyon (Sikyonia)<br><strong>location</strong>: Sicyon (Sikyonia)<br><strong>type</strong>: cave<br><strong>passages</strong>: 2.7.4]]></description>
        <Point><coordinates>22.7145,37.9834</coordinates></Point>
      </Placemark>

      <Placemark>
        <name>Altar of the Fates in grove near Sicyon - Titane road</name>
        <description><![CDATA[<strong>name</strong>: Altar of the Fates in grove near Sicyon - Titane road<br><strong>region</strong>: Sikyonia Bk2<br><strong>part of</strong>: Oak grove of the Eumenides on Sicyon - Titane road.<br><strong>location</strong>: Oak grove of the Eumenides on Sicyon - Titane road.<br><strong>type</strong>: altar<br><strong>passages</strong>: 2.11.4]]></description>
        <Point><coordinates>22.678,37.96</coordinates></Point>
      </Placemark>

      <Placemark>
        <name>Enclosure for Asclepius in Titane</name>
        <description><![CDATA[<strong>name</strong>: Enclosure for Asclepius in Titane<br><strong>region</strong>: Corinthia Bk2<br><strong>part of</strong>: Asclepieion of Titane<br><strong>location</strong>: Asclepieion of Titane<br><strong>type</strong>: enclosure<br><strong>passages</strong>: 2.11.6]]></description>
        <Point><coordinates>22.62501,37.92049</coordinates></Point>
      </Placemark>

      <Placemark>
        <name>Tomb of Dysaules in Keleai</name>
        <description><![CDATA[<strong>name</strong>: Tomb of Dysaules in Keleai<br><strong>region</strong>: Phlious Bk2<br><strong>part of</strong>: Keleai<br><strong>location</strong>: Keleai<br><strong>Wikidata</strong>: <a href="https://wikidata.org/wiki/Q136487339" target="_blank">https://wikidata.org/wiki/Q136487339</a><br><strong>type</strong>: tomb mnema<br><strong>passages</strong>: 2.12.4<br><strong>Manto</strong>: <a href="https://resource.manto.unh.edu/10158673" target="_blank">https://resource.manto.unh.edu/10158673</a>]]></description>
        <Point><coordinates>22.6465,37.8446</coordinates></Point>
      </Placemark>

      <Placemark>
        <name>Rheitoi (river)</name>
        <description><![CDATA[<strong>name</strong>: Rheitoi (river)<br><strong>region</strong>: Attica Bk1<br><strong>part of</strong>: Attica Bk1<br><strong>Wikidata</strong>: <a href="https://wikidata.org/wiki/Q1785564" target="_blank">https://wikidata.org/wiki/Q1785564</a><br><strong>type</strong>: river<br><strong>passages</strong>: 1.38.1, 1.38.2, 2.24.6<br><strong>Pleiades</strong>: <a href="https://pleiades.stoa.org/places/580098" target="_blank">https://pleiades.stoa.org/places/580098</a>]]></description>
        <Point><coordinates>23.601,38.023</coordinates></Point>
      </Placemark>

      <Placemark>
        <name>Temple of Aphrodite Ourania in Argos</name>
        <description><![CDATA[<strong>name</strong>: Temple of Aphrodite Ourania in Argos<br><strong>region</strong>: Argolid Bk2<br><strong>part of</strong>: Argos (Argolid)<br><strong>location</strong>: Argos (Argolid)<br><strong>altname</strong>: Temple of Heavenly Aphrodite, Argos: near the temple of Dionysus Cresius<br><strong>type</strong>: temple<br><strong>passages</strong>: 2.23.8]]></description>
        <Point><coordinates>22.7195,37.6316</coordinates></Point>
      </Placemark>

      <Placemark>
        <name>built altar of Pan behind Heraion of Sicyon</name>
        <description><![CDATA[<strong>name</strong>: built altar of Pan behind Heraion of Sicyon<br><strong>region</strong>: Sikyonia Bk2<br><strong>part of</strong>: Sicyon (Sikyonia)<br><strong>location</strong>: Sicyon (Sikyonia)<br><strong>type</strong>: altar<br><strong>passages</strong>: 2.11.1]]></description>
        <Point><coordinates>22.7145,37.9834</coordinates></Point>
      </Placemark>

      <Placemark>
        <name>Rhodes island</name>
        <description><![CDATA[<strong>name</strong>: Rhodes island<br><strong>region</strong>: Aegean Sea (Hellas)<br><strong>part of</strong>: Aegean Sea (Hellas)<br><strong>altname</strong>: Rhodos Rodos (island)<br><strong>Wikidata</strong>: <a href="https://wikidata.org/wiki/Q43048" target="_blank">https://wikidata.org/wiki/Q43048</a><br><strong>type</strong>: island<br><strong>passages</strong>: 1.6.6, 1.6.7, 2.33.4, 2.7.1, 3.19.10, 3.19.9, 4.24.2, 4.24.3, 4.31.5, 4.32.3<br><strong>Pleiades</strong>: <a href="https://pleiades.stoa.org/places/590031" target="_blank">https://pleiades.stoa.org/places/590031</a><br><strong>ToposText</strong>: <a href="https://topostext.org/place/364282IRho" target="_blank">https://topostext.org/place/364282IRho</a>]]></description>
        <Point><coordinates>28.224399999999996,36.4408</coordinates></Point>
      </Placemark>

      <Placemark>
        <name>Rhodes island</name>
        <description><![CDATA[<strong>name</strong>: Rhodes island<br><strong>region</strong>: Aegean Sea (Hellas)<br><strong>part of</strong>: Aegean Sea (Hellas)<br><strong>altname</strong>: Rhodos Rodos (island)<br><strong>Wikidata</strong>: <a href="https://wikidata.org/wiki/Q43048" target="_blank">https://wikidata.org/wiki/Q43048</a><br><strong>type</strong>: island<br><strong>passages</strong>: 1.6.6, 1.6.7, 2.33.4, 2.7.1, 3.19.10, 3.19.9, 4.24.2, 4.24.3, 4.31.5, 4.32.3<br><strong>Pleiades</strong>: <a href="https://pleiades.stoa.org/places/590031" target="_blank">https://pleiades.stoa.org/places/590031</a><br><strong>ToposText</strong>: <a href="https://topostext.org/place/364282IRho" target="_blank">https://topostext.org/place/364282IRho</a>]]></description>
        <Point><coordinates>28.224399999999996,36.4408</coordinates></Point>
      </Placemark>

      <Placemark>
        <name>Apesas (mountain)</name>
        <description><![CDATA[<strong>name</strong>: Apesas (mountain)<br><strong>region</strong>: Corinthia Bk2<br><strong>part of</strong>: Corinthia Bk2<br><strong>Wikidata</strong>: <a href="https://wikidata.org/wiki/Q25069696" target="_blank">https://wikidata.org/wiki/Q25069696</a><br><strong>type</strong>: mountain oros<br><strong>passages</strong>: 2.15.3<br><strong>Pleiades</strong>: <a href="https://pleiades.stoa.org/places/570090" target="_blank">https://pleiades.stoa.org/places/570090</a>]]></description>
        <Point><coordinates>22.74021,37.86195</coordinates></Point>
      </Placemark>

      <Placemark>
        <name>Kelainai</name>
        <description><![CDATA[<strong>name</strong>: Kelainai<br><strong>region</strong>: Asia Minor (Asia)<br><strong>part of</strong>: Phrygia<br><strong>altname</strong>: Celaenae, Apameia, Kibotos: city in Phrygia<br><strong>Wikidata</strong>: <a href="https://wikidata.org/wiki/Q617518" target="_blank">https://wikidata.org/wiki/Q617518</a><br><strong>type</strong>: settlement<br><strong>passages</strong>: 10.30.9, 2.5.3<br><strong>Pleiades</strong>: <a href="https://pleiades.stoa.org/places/638751" target="_blank">https://pleiades.stoa.org/places/638751</a>]]></description>
        <Point><coordinates>30.17353,38.07289</coordinates></Point>
      </Placemark>

      <Placemark>
        <name>Parnassus (mountain)</name>
        <description><![CDATA[<strong>name</strong>: Parnassus (mountain)<br><strong>region</strong>: Phokis Bk10<br><strong>part of</strong>: Phokis Bk10<br><strong>Wikidata</strong>: <a href="https://wikidata.org/wiki/Q105261" target="_blank">https://wikidata.org/wiki/Q105261</a><br><strong>type</strong>: mountain oros<br><strong>passages</strong>: 1.4.4, 10.14.7, 10.23.4, 10.23.5, 10.24.7, 10.29.5, 10.32.2, 10.32.7, 10.33.3, 10.33.5, 10.36.3, 10.4.3, 10.5.1, 10.5.6, 10.6.1, 10.6.2, 10.6.7, 10.8.9, 2.29.2, 2.29.3, 4.33.3, 4.34.10, 4.34.11, 4.34.9, 5.1.2, 7.3.10, 8.4.6<br><strong>Pleiades</strong>: <a href="https://pleiades.stoa.org/places/541012" target="_blank">https://pleiades.stoa.org/places/541012</a>]]></description>
        <Point><coordinates>22.6222206,38.5348857</coordinates></Point>
      </Placemark>

      <Placemark>
        <name>Parnassus (mountain)</name>
        <description><![CDATA[<strong>name</strong>: Parnassus (mountain)<br><strong>region</strong>: Phokis Bk10<br><strong>part of</strong>: Phokis Bk10<br><strong>Wikidata</strong>: <a href="https://wikidata.org/wiki/Q105261" target="_blank">https://wikidata.org/wiki/Q105261</a><br><strong>type</strong>: mountain oros<br><strong>passages</strong>: 1.4.4, 10.14.7, 10.23.4, 10.23.5, 10.24.7, 10.29.5, 10.32.2, 10.32.7, 10.33.3, 10.33.5, 10.36.3, 10.4.3, 10.5.1, 10.5.6, 10.6.1, 10.6.2, 10.6.7, 10.8.9, 2.29.2, 2.29.3, 4.33.3, 4.34.10, 4.34.11, 4.34.9, 5.1.2, 7.3.10, 8.4.6<br><strong>Pleiades</strong>: <a href="https://pleiades.stoa.org/places/541012" target="_blank">https://pleiades.stoa.org/places/541012</a>]]></description>
        <Point><coordinates>22.6222206,38.5348857</coordinates></Point>
      </Placemark>

      <Placemark>
        <name>Sanctuary of Zeus on Kokkygion mountain</name>
        <description><![CDATA[<strong>name</strong>: Sanctuary of Zeus on Kokkygion mountain<br><strong>region</strong>: Hermionis Bk2<br><strong>part of</strong>: Kokkygion mountain<br><strong>location</strong>: Kokkygion mountain<br><strong>Wikidata</strong>: <a href="https://wikidata.org/wiki/Q134037716" target="_blank">https://wikidata.org/wiki/Q134037716</a><br><strong>type</strong>: hieron<br><strong>passages</strong>: 2.36.2]]></description>
        <Point><coordinates>23.2236,37.3888</coordinates></Point>
      </Placemark>

      <Placemark>
        <name>Messenia Bk4</name>
        <description><![CDATA[<strong>name</strong>: Messenia Bk4<br><strong>region</strong>: <br><strong>part of</strong>: Peloponnesos<br><strong>Wikidata</strong>: <a href="https://wikidata.org/wiki/Q1247159" target="_blank">https://wikidata.org/wiki/Q1247159</a><br><strong>type</strong>: chora/region<br><strong>passages</strong>: 2.18.7, 2.18.8, 3.1.4, 3.13.1, 3.14.4, 3.2.6, 3.26.6, 3.26.7, 3.3.2, 3.7.5, 4.1.2, 4.12.1, 4.12.7, 4.14.3, 4.14.4, 4.14.7, 4.15.8, 4.16.9, 4.17.1, 4.18.2, 4.19.4, 4.19.5, 4.2.5, 4.20.2, 4.21.1, 4.23.1, 4.24.4, 4.28.2, 4.29.11, 4.3.10, 4.3.2, 4.3.3, 4.3.4, 4.3.5, 4.30.1, 4.31.1, 4.34.9, 4.36.7, 4.4.2, 4.4.3, 4.5.8, 4.5.9, 4.6.4, 4.7.1, 4.7.4, 5.6.3, 8.1.1, 8.1.2, 8.27.15, 8.35.2<br><strong>Pleiades</strong>: <a href="https://pleiades.stoa.org/places/570480" target="_blank">https://pleiades.stoa.org/places/570480</a><br><strong>ToposText</strong>: <a href="https://topostext.org/place/372218RMes" target="_blank">https://topostext.org/place/372218RMes</a>]]></description>
        <Point><coordinates>21.8,37.2</coordinates></Point>
      </Placemark>

      <Placemark>
        <name>Messenia Bk4</name>
        <description><![CDATA[<strong>name</strong>: Messenia Bk4<br><strong>region</strong>: <br><strong>part of</strong>: Peloponnesos<br><strong>Wikidata</strong>: <a href="https://wikidata.org/wiki/Q1247159" target="_blank">https://wikidata.org/wiki/Q1247159</a><br><strong>type</strong>: chora/region<br><strong>passages</strong>: 2.18.7, 2.18.8, 3.1.4, 3.13.1, 3.14.4, 3.2.6, 3.26.6, 3.26.7, 3.3.2, 3.7.5, 4.1.2, 4.12.1, 4.12.7, 4.14.3, 4.14.4, 4.14.7, 4.15.8, 4.16.9, 4.17.1, 4.18.2, 4.19.4, 4.19.5, 4.2.5, 4.20.2, 4.21.1, 4.23.1, 4.24.4, 4.28.2, 4.29.11, 4.3.10, 4.3.2, 4.3.3, 4.3.4, 4.3.5, 4.30.1, 4.31.1, 4.34.9, 4.36.7, 4.4.2, 4.4.3, 4.5.8, 4.5.9, 4.6.4, 4.7.1, 4.7.4, 5.6.3, 8.1.1, 8.1.2, 8.27.15, 8.35.2<br><strong>Pleiades</strong>: <a href="https://pleiades.stoa.org/places/570480" target="_blank">https://pleiades.stoa.org/places/570480</a><br><strong>ToposText</strong>: <a href="https://topostext.org/place/372218RMes" target="_blank">https://topostext.org/place/372218RMes</a>]]></description>
        <Point><coordinates>21.8,37.2</coordinates></Point>
      </Placemark>

      <Placemark>
        <name>Sanctuary of Dionysus at Phlius, near the Omphalos</name>
        <description><![CDATA[<strong>name</strong>: Sanctuary of Dionysus at Phlius, near the Omphalos<br><strong>region</strong>: Phlious Bk2<br><strong>part of</strong>: Phlious Bk2<br><strong>location</strong>: Phlious Bk2<br><strong>Wikidata</strong>: <a href="https://wikidata.org/wiki/Q134037329" target="_blank">https://wikidata.org/wiki/Q134037329</a><br><strong>type</strong>: hieron<br><strong>passages</strong>: 2.13.7]]></description>
        <Point><coordinates>22.649131,37.846299</coordinates></Point>
      </Placemark>

      <Placemark>
        <name>Altar at the Asclepieion in Titane</name>
        <description><![CDATA[<strong>name</strong>: Altar at the Asclepieion in Titane<br><strong>region</strong>: Corinthia Bk2<br><strong>part of</strong>: Asclepieion of Titane<br><strong>location</strong>: Asclepieion of Titane<br><strong>type</strong>: altar<br><strong>passages</strong>: 2.11.7]]></description>
        <Point><coordinates>22.62501,37.92049</coordinates></Point>
      </Placemark>

      <Placemark>
        <name>Loutra Helenes (Korinthia)</name>
        <description><![CDATA[<strong>name</strong>: Loutra Helenes (Korinthia)<br><strong>region</strong>: Corinthia Bk2<br><strong>part of</strong>: Corinthia Bk2<br><strong>type</strong>: bath, water<br><strong>passages</strong>: 2.2.3<br><strong>Pleiades</strong>: <a href="https://pleiades.stoa.org/places/570440" target="_blank">https://pleiades.stoa.org/places/570440</a><br><strong>ToposText</strong>: <a href="https://topostext.org/place/379230XLou" target="_blank">https://topostext.org/place/379230XLou</a>]]></description>
        <Point><coordinates>22.997,37.8656</coordinates></Point>
      </Placemark>

      <Placemark>
        <name>Megalopolis (Arkadia)</name>
        <description><![CDATA[<strong>name</strong>: Megalopolis (Arkadia)<br><strong>region</strong>: Arcadia Bk8<br><strong>part of</strong>: Arcadia Bk8<br><strong>Wikidata</strong>: <a href="https://wikidata.org/wiki/Q36024972" target="_blank">https://wikidata.org/wiki/Q36024972</a><br><strong>type</strong>: polis<br><strong>passages</strong>: 2.7.4, 4.29.7, 4.33.3, 5.7.1, 6.12.8, 7.12.3, 7.16.4, 7.16.6, 7.6.8, 7.7.4, 7.9.4, 8.12.2, 8.26.5, 8.26.8, 8.27.1, 8.27.11, 8.27.13, 8.27.14, 8.27.15, 8.27.5, 8.27.8, 8.28.7, 8.30.1, 8.30.2, 8.30.3, 8.30.7, 8.33.1, 8.34.1, 8.35.1, 8.35.3, 8.35.5, 8.38.3, 8.44.1, 8.44.4, 8.49.2, 8.49.4, 8.49.7, 8.50.4, 8.51.8, 8.52.4, 9.14.4, 9.7.1<br><strong>Pleiades</strong>: <a href="https://pleiades.stoa.org/places/570467" target="_blank">https://pleiades.stoa.org/places/570467</a><br><strong>ToposText</strong>: <a href="https://topostext.org/place/374221PMeg" target="_blank">https://topostext.org/place/374221PMeg</a>]]></description>
        <Point><coordinates>22.1273,37.4124</coordinates></Point>
      </Placemark>

      <Placemark>
        <name>Temple of Dionysus Melaenaegis in Hermione, near the temple of Demeter Thermasia</name>
        <description><![CDATA[<strong>name</strong>: Temple of Dionysus Melaenaegis in Hermione, near the temple of Demeter Thermasia<br><strong>region</strong>: Hermionis Bk2<br><strong>part of</strong>: Hermione<br><strong>location</strong>: Hermione<br><strong>type</strong>: temple<br><strong>passages</strong>: 2.35.1]]></description>
        <Point><coordinates>23.243591,37.385218</coordinates></Point>
      </Placemark>

      <Placemark>
        <name>Temple of Artemis Limnaia at Sicyon, on right entering Agora</name>
        <description><![CDATA[<strong>name</strong>: Temple of Artemis Limnaia at Sicyon, on right entering Agora<br><strong>region</strong>: Sikyonia Bk2<br><strong>part of</strong>: Agora of Sicyon<br><strong>location</strong>: Agora of Sicyon<br><strong>type</strong>: temple<br><strong>passages</strong>: 2.7.6]]></description>
        <Point><coordinates>22.714,37.984</coordinates></Point>
      </Placemark>

      <Placemark>
        <name>Laurel in Troizen, sprouted from cleansing of Orestes</name>
        <description><![CDATA[<strong>name</strong>: Laurel in Troizen, sprouted from cleansing of Orestes<br><strong>region</strong>: Troizenia Bk2<br><strong>part of</strong>: Troizen (Troizenia)<br><strong>location</strong>: Troizen (Troizenia)<br><strong>type</strong>: tree<br><strong>passages</strong>: 2.31.8]]></description>
        <Point><coordinates>23.3484,37.5033</coordinates></Point>
      </Placemark>

      <Placemark>
        <name>Grove of cypresses at Nemea, around the temple of Nemeios Zeus</name>
        <description><![CDATA[<strong>name</strong>: Grove of cypresses at Nemea, around the temple of Nemeios Zeus<br><strong>region</strong>: Argolid Bk2<br><strong>part of</strong>: Sanctuary of Nemean Zeus, Nemea<br><strong>location</strong>: Sanctuary of Nemean Zeus, Nemea<br><strong>type</strong>: cypress grove<br><strong>passages</strong>: 2.15.2]]></description>
        <Point><coordinates>22.7108,37.8085</coordinates></Point>
      </Placemark>

      <Placemark>
        <name>Halioussa</name>
        <description><![CDATA[<strong>name</strong>: Halioussa<br><strong>region</strong>: Hermionis Bk2<br><strong>part of</strong>: Aegean Sea (Hellas)<br><strong>location</strong>: Aegean Sea (Hellas)<br><strong>altname</strong>: unlocated, island near Scyllaion<br><strong>type</strong>: island<br><strong>passages</strong>: 2.34.8<br><strong>Pleiades</strong>: <a href="https://pleiades.stoa.org/places/573242" target="_blank">https://pleiades.stoa.org/places/573242</a>]]></description>
        <Point><coordinates>25.3,38.1</coordinates></Point>
      </Placemark>

      <Placemark>
        <name>Sanctuary of Aphrodite at Sicyon</name>
        <description><![CDATA[<strong>name</strong>: Sanctuary of Aphrodite at Sicyon<br><strong>region</strong>: Sikyonia Bk2<br><strong>part of</strong>: Sicyon (Sikyonia)<br><strong>location</strong>: Sicyon (Sikyonia)<br><strong>Wikidata</strong>: <a href="https://wikidata.org/wiki/Q134037404" target="_blank">https://wikidata.org/wiki/Q134037404</a><br><strong>type</strong>: hieron<br><strong>passages</strong>: 2.10.4<br><strong>Manto</strong>: <a href="https://resource.manto.unh.edu/10159017" target="_blank">https://resource.manto.unh.edu/10159017</a>]]></description>
        <Point><coordinates>22.7145,37.9834</coordinates></Point>
      </Placemark>

      <Placemark>
        <name>Mountains  on the road from Kleonai to Argos surrounding the pass called Tretos</name>
        <description><![CDATA[<strong>name</strong>: Mountains  on the road from Kleonai to Argos surrounding the pass called Tretos<br><strong>region</strong>: Argolid Bk2<br><strong>part of</strong>: road Corinth to Argos via Tretos pass, vehicular<br><strong>location</strong>: Tretos pass (Korinthia)<br><strong>type</strong>: mountain oros<br><strong>passages</strong>: 2.15.2]]></description>
        <Point><coordinates>22.7223,37.7867</coordinates></Point>
      </Placemark>

      <Placemark>
        <name>Asclepieion of Smyrna, on the water, new in Pausanias&apos;s time</name>
        <description><![CDATA[<strong>name</strong>: Asclepieion of Smyrna, on the water, new in Pausanias&apos;s time<br><strong>region</strong>: Asia Minor (Asia)<br><strong>part of</strong>: Smyrna (Ionia)<br><strong>location</strong>: Smyrna (Ionia)<br><strong>type</strong>: Asclepieion<br><strong>passages</strong>: 2.26.9, 7.5.9]]></description>
        <Point><coordinates>27.1383,38.41905</coordinates></Point>
      </Placemark>

      <Placemark>
        <name>Temple of Asklepios at Argos agora</name>
        <description><![CDATA[<strong>name</strong>: Temple of Asklepios at Argos agora<br><strong>region</strong>: Argolid Bk2<br><strong>part of</strong>: Agora of Argos<br><strong>location</strong>: Agora of Argos<br><strong>type</strong>: temple<br><strong>passages</strong>: 2.21.1]]></description>
        <Point><coordinates>22.7214,37.6305</coordinates></Point>
      </Placemark>

      <Placemark>
        <name>Kraneion</name>
        <description><![CDATA[<strong>name</strong>: Kraneion<br><strong>region</strong>: Corinthia Bk2<br><strong>part of</strong>: Corinth (Corinthia)<br><strong>Wikidata</strong>: <a href="https://wikidata.org/wiki/Q124657249" target="_blank">https://wikidata.org/wiki/Q124657249</a><br><strong>type</strong>: grove<br><strong>passages</strong>: 2.2.4<br><strong>Pleiades</strong>: <a href="https://pleiades.stoa.org/places/570380" target="_blank">https://pleiades.stoa.org/places/570380</a>]]></description>
        <Point><coordinates>22.8947,37.9046</coordinates></Point>
      </Placemark>

      <Placemark>
        <name>Walls of Corinth</name>
        <description><![CDATA[<strong>name</strong>: Walls of Corinth<br><strong>region</strong>: Corinthia Bk2<br><strong>part of</strong>: Corinth (Corinthia)<br><strong>location</strong>: Corinth (Corinthia)<br><strong>type</strong>: fortification<br><strong>passages</strong>: 2.5.5]]></description>
        <Point><coordinates>22.8802,37.9054</coordinates></Point>
      </Placemark>

      <Placemark>
        <name>Lessa</name>
        <description><![CDATA[<strong>name</strong>: Lessa<br><strong>region</strong>: Epidauria Bk2<br><strong>part of</strong>: Epidauria Bk2<br><strong>Wikidata</strong>: <a href="https://wikidata.org/wiki/Q12880025" target="_blank">https://wikidata.org/wiki/Q12880025</a><br><strong>type</strong>: village kome<br><strong>passages</strong>: 2.25.10, 2.26.1<br><strong>Pleiades</strong>: <a href="https://pleiades.stoa.org/places/570426" target="_blank">https://pleiades.stoa.org/places/570426</a>]]></description>
        <Point><coordinates>22.9427,37.5969</coordinates></Point>
      </Placemark>

      <Placemark>
        <name>Lessa</name>
        <description><![CDATA[<strong>name</strong>: Lessa<br><strong>region</strong>: Epidauria Bk2<br><strong>part of</strong>: Epidauria Bk2<br><strong>Wikidata</strong>: <a href="https://wikidata.org/wiki/Q12880025" target="_blank">https://wikidata.org/wiki/Q12880025</a><br><strong>type</strong>: village kome<br><strong>passages</strong>: 2.25.10, 2.26.1<br><strong>Pleiades</strong>: <a href="https://pleiades.stoa.org/places/570426" target="_blank">https://pleiades.stoa.org/places/570426</a>]]></description>
        <Point><coordinates>22.9427,37.5969</coordinates></Point>
      </Placemark>

      <Placemark>
        <name>Herakleia in Trachinia</name>
        <description><![CDATA[<strong>name</strong>: Herakleia in Trachinia<br><strong>region</strong>: Hellas (Europe)<br><strong>part of</strong>: Phthiotis<br><strong>Wikidata</strong>: <a href="https://wikidata.org/wiki/Q1231448" target="_blank">https://wikidata.org/wiki/Q1231448</a><br><strong>type</strong>: polis<br><strong>passages</strong>: 10.20.9, 10.21.1, 10.22.1, 10.22.13, 10.23.12, 2.23.5, 7.14.1, 7.15.2, 7.15.3, 7.15.9<br><strong>Pleiades</strong>: <a href="https://pleiades.stoa.org/places/541157" target="_blank">https://pleiades.stoa.org/places/541157</a>]]></description>
        <Point><coordinates>22.442503,38.790767</coordinates></Point>
      </Placemark>

      <Placemark>
        <name>Labyrinth of Knossos (Crete)</name>
        <description><![CDATA[<strong>name</strong>: Labyrinth of Knossos (Crete)<br><strong>region</strong>: Crete<br><strong>part of</strong>: Crete<br><strong>Wikidata</strong>: <a href="https://wikidata.org/wiki/Q1091243" target="_blank">https://wikidata.org/wiki/Q1091243</a><br><strong>type</strong>: labyrinth<br><strong>passages</strong>: 1.27.10, 2.31.1<br><strong>ToposText</strong>: <a href="https://topostext.org/place/351249CLab" target="_blank">https://topostext.org/place/351249CLab</a>]]></description>
        <Point><coordinates>24.9195,35.0752</coordinates></Point>
      </Placemark>

      <Placemark>
        <name>sanctuary of Demeter below Acrocorinth</name>
        <description><![CDATA[<strong>name</strong>: sanctuary of Demeter below Acrocorinth<br><strong>region</strong>: Corinthia Bk2<br><strong>part of</strong>: Corinth (Corinthia)<br><strong>Wikidata</strong>: <a href="https://wikidata.org/wiki/Q60790987" target="_blank">https://wikidata.org/wiki/Q60790987</a><br><strong>type</strong>: hieron<br><strong>passages</strong>: 2.4.7<br><strong>ToposText</strong>: <a href="https://topostext.org/place/379229SDem" target="_blank">https://topostext.org/place/379229SDem</a>]]></description>
        <Point><coordinates>22.87635,37.89883</coordinates></Point>
      </Placemark>

      <Placemark>
        <name>Megalopolis Theater</name>
        <description><![CDATA[<strong>name</strong>: Megalopolis Theater<br><strong>region</strong>: Arcadia Bk8<br><strong>part of</strong>: Megalopolis southern part beyond the Helisson<br><strong>Wikidata</strong>: <a href="https://wikidata.org/wiki/Q22681531" target="_blank">https://wikidata.org/wiki/Q22681531</a><br><strong>type</strong>: theater<br><strong>passages</strong>: 2.27.5, 8.32.1, 8.32.3<br><strong>ToposText</strong>: <a href="https://topostext.org/place/374221BMTh" target="_blank">https://topostext.org/place/374221BMTh</a><br><strong>URL</strong>: <a href="https://imperium.ahlfeldt.se/places/24209" target="_blank">https://imperium.ahlfeldt.se/places/24209</a>]]></description>
        <Point><coordinates>22.12724177,37.41016271</coordinates></Point>
      </Placemark>

      <Placemark>
        <name>Parnon (mountain)</name>
        <description><![CDATA[<strong>name</strong>: Parnon (mountain)<br><strong>region</strong>: Argolid Bk2<br><strong>part of</strong>: Argolid Bk2<br><strong>Wikidata</strong>: <a href="https://wikidata.org/wiki/Q602371" target="_blank">https://wikidata.org/wiki/Q602371</a><br><strong>type</strong>: mountain oros<br><strong>passages</strong>: 2.38.7<br><strong>Pleiades</strong>: <a href="https://pleiades.stoa.org/places/570561" target="_blank">https://pleiades.stoa.org/places/570561</a>]]></description>
        <Point><coordinates>22.61272,37.27816</coordinates></Point>
      </Placemark>

      <Placemark>
        <name>Omphalos in Phlious, marking center of the Peloponnese</name>
        <description><![CDATA[<strong>name</strong>: Omphalos in Phlious, marking center of the Peloponnese<br><strong>region</strong>: Phlious Bk2<br><strong>part of</strong>: Phlious Bk2<br><strong>location</strong>: Phlious Bk2<br><strong>type</strong>: rock<br><strong>passages</strong>: 2.13.7]]></description>
        <Point><coordinates>22.649131,37.846299</coordinates></Point>
      </Placemark>

      <Placemark>
        <name>Heraion at Perachora, Corinthia</name>
        <description><![CDATA[<strong>name</strong>: Heraion at Perachora, Corinthia<br><strong>region</strong>: Corinthia Bk2<br><strong>part of</strong>: Corinthia Bk2<br><strong>Wikidata</strong>: <a href="https://wikidata.org/wiki/Q2070087" target="_blank">https://wikidata.org/wiki/Q2070087</a><br><strong>type</strong>: hieron<br><strong>passages</strong>: 2.3.11<br><strong>Manto</strong>: <a href="https://resource.manto.unh.edu/9587624" target="_blank">https://resource.manto.unh.edu/9587624</a><br><strong>Pleiades</strong>: <a href="https://pleiades.stoa.org/places/570288" target="_blank">https://pleiades.stoa.org/places/570288</a>]]></description>
        <Point><coordinates>22.8522,38.028187</coordinates></Point>
      </Placemark>

      <Placemark>
        <name>Plain below Sicyon</name>
        <description><![CDATA[<strong>name</strong>: Plain below Sicyon<br><strong>region</strong>: Sikyonia Bk2<br><strong>part of</strong>: Sicyon (Sikyonia)<br><strong>location</strong>: Sicyon (Sikyonia)<br><strong>type</strong>: plain<br><strong>passages</strong>: 2.11.2]]></description>
        <Point><coordinates>22.7145,37.9834</coordinates></Point>
      </Placemark>

      <Placemark>
        <name>Epiros region</name>
        <description><![CDATA[<strong>name</strong>: Epiros region<br><strong>region</strong>: Hellas (Europe)<br><strong>part of</strong>: Hellas (Europe)<br><strong>altname</strong>: Epeirus<br><strong>Wikidata</strong>: <a href="https://wikidata.org/wiki/Q565751" target="_blank">https://wikidata.org/wiki/Q565751</a><br><strong>type</strong>: chora/region<br><strong>passages</strong>: 1.10.2, 1.11.1, 1.11.2, 1.11.3, 1.11.4, 1.11.6, 1.13.1, 1.13.7, 1.25.6, 1.9.7, 2.23.6, 2.29.4, 2.3.9, 4.35.3, 4.35.5, 7.8.5, 7.8.6<br><strong>Pleiades</strong>: <a href="https://pleiades.stoa.org/places/530871" target="_blank">https://pleiades.stoa.org/places/530871</a><br><strong>ToposText</strong>: <a href="https://topostext.org/place/395205REpe" target="_blank">https://topostext.org/place/395205REpe</a>]]></description>
        <Point><coordinates>20.5,39.5</coordinates></Point>
      </Placemark>

      <Placemark>
        <name>Epiros region</name>
        <description><![CDATA[<strong>name</strong>: Epiros region<br><strong>region</strong>: Hellas (Europe)<br><strong>part of</strong>: Hellas (Europe)<br><strong>altname</strong>: Epeirus<br><strong>Wikidata</strong>: <a href="https://wikidata.org/wiki/Q565751" target="_blank">https://wikidata.org/wiki/Q565751</a><br><strong>type</strong>: chora/region<br><strong>passages</strong>: 1.10.2, 1.11.1, 1.11.2, 1.11.3, 1.11.4, 1.11.6, 1.13.1, 1.13.7, 1.25.6, 1.9.7, 2.23.6, 2.29.4, 2.3.9, 4.35.3, 4.35.5, 7.8.5, 7.8.6<br><strong>Pleiades</strong>: <a href="https://pleiades.stoa.org/places/530871" target="_blank">https://pleiades.stoa.org/places/530871</a><br><strong>ToposText</strong>: <a href="https://topostext.org/place/395205REpe" target="_blank">https://topostext.org/place/395205REpe</a>]]></description>
        <Point><coordinates>20.5,39.5</coordinates></Point>
      </Placemark>

      <Placemark>
        <name>Epiros region</name>
        <description><![CDATA[<strong>name</strong>: Epiros region<br><strong>region</strong>: Hellas (Europe)<br><strong>part of</strong>: Hellas (Europe)<br><strong>altname</strong>: Epeirus<br><strong>Wikidata</strong>: <a href="https://wikidata.org/wiki/Q565751" target="_blank">https://wikidata.org/wiki/Q565751</a><br><strong>type</strong>: chora/region<br><strong>passages</strong>: 1.10.2, 1.11.1, 1.11.2, 1.11.3, 1.11.4, 1.11.6, 1.13.1, 1.13.7, 1.25.6, 1.9.7, 2.23.6, 2.29.4, 2.3.9, 4.35.3, 4.35.5, 7.8.5, 7.8.6<br><strong>Pleiades</strong>: <a href="https://pleiades.stoa.org/places/530871" target="_blank">https://pleiades.stoa.org/places/530871</a><br><strong>ToposText</strong>: <a href="https://topostext.org/place/395205REpe" target="_blank">https://topostext.org/place/395205REpe</a>]]></description>
        <Point><coordinates>20.5,39.5</coordinates></Point>
      </Placemark>

      <Placemark>
        <name>Marsh of Euphrates river, reemerging as Nile south of Egypt</name>
        <description><![CDATA[<strong>name</strong>: Marsh of Euphrates river, reemerging as Nile south of Egypt<br><strong>region</strong>: Libya (Africa)<br><strong>part of</strong>: Euphrates (river)<br><strong>type</strong>: swamp<br><strong>passages</strong>: 2.5.3]]></description>
        <Point><coordinates>47.083,30.961</coordinates></Point>
      </Placemark>

      <Placemark>
        <name>Wall in Sicyon</name>
        <description><![CDATA[<strong>name</strong>: Wall in Sicyon<br><strong>region</strong>: Sikyonia Bk2<br><strong>part of</strong>: Sicyon (Sikyonia)<br><strong>location</strong>: Sicyon (Sikyonia)<br><strong>type</strong>: fortification<br><strong>passages</strong>: 2.8.3]]></description>
        <Point><coordinates>22.7145,37.9834</coordinates></Point>
      </Placemark>

      <Placemark>
        <name>Mountains between Troizen and Hermione</name>
        <description><![CDATA[<strong>name</strong>: Mountains between Troizen and Hermione<br><strong>region</strong>: Troizenia Bk2<br><strong>part of</strong>: Troizen (Troizenia)<br><strong>location</strong>: Troizen (Troizenia)<br><strong>type</strong>: mountain oros<br><strong>passages</strong>: 2.32.7]]></description>
        <Point><coordinates>23.3484,37.5033</coordinates></Point>
      </Placemark>

      <Placemark>
        <name>Phrygia</name>
        <description><![CDATA[<strong>name</strong>: Phrygia<br><strong>region</strong>: Asia (continent)<br><strong>part of</strong>: Asia Minor (Asia)<br><strong>Wikidata</strong>: <a href="https://wikidata.org/wiki/Q32579" target="_blank">https://wikidata.org/wiki/Q32579</a><br><strong>type</strong>: chora/region<br><strong>passages</strong>: 10.36.1, 2.5.3, 8.4.3<br><strong>Pleiades</strong>: <a href="https://pleiades.stoa.org/places/609502" target="_blank">https://pleiades.stoa.org/places/609502</a>]]></description>
        <Point><coordinates>29.750000000000004,38.75</coordinates></Point>
      </Placemark>

      <Placemark>
        <name>Tomb of Linus son of Apollo at Argos</name>
        <description><![CDATA[<strong>name</strong>: Tomb of Linus son of Apollo at Argos<br><strong>region</strong>: Argolid Bk2<br><strong>part of</strong>: Sanctuary of Apollo Lykios in Argos<br><strong>location</strong>: Sanctuary of Apollo Lykios in Argos<br><strong>altname</strong>: Tomb of Linos son of Psamathe<br><strong>Wikidata</strong>: <a href="https://wikidata.org/wiki/Q136487517" target="_blank">https://wikidata.org/wiki/Q136487517</a><br><strong>type</strong>: tomb mnema<br><strong>passages</strong>: 2.19.8]]></description>
        <Point><coordinates>22.7214,37.6305</coordinates></Point>
      </Placemark>

      <Placemark>
        <name>Theater at Isthmian Poseidon sanctuary</name>
        <description><![CDATA[<strong>name</strong>: Theater at Isthmian Poseidon sanctuary<br><strong>region</strong>: Corinthia Bk2<br><strong>part of</strong>: Isthmian Poseidon sanctuary at Isthmia<br><strong>Wikidata</strong>: <a href="https://wikidata.org/wiki/Q38283549" target="_blank">https://wikidata.org/wiki/Q38283549</a><br><strong>type</strong>: theater<br><strong>passages</strong>: 2.1.7<br><strong>ToposText</strong>: <a href="https://topostext.org/place/379230BThI" target="_blank">https://topostext.org/place/379230BThI</a>]]></description>
        <Point><coordinates>22.99435,37.91642</coordinates></Point>
      </Placemark>

      <Placemark>
        <name>Aethiopia (Africa)</name>
        <description><![CDATA[<strong>name</strong>: Aethiopia (Africa)<br><strong>region</strong>: Libya (Africa)<br><strong>part of</strong>: <br><strong>Wikidata</strong>: <a href="https://wikidata.org/wiki/Q410453" target="_blank">https://wikidata.org/wiki/Q410453</a><br><strong>type</strong>: major region<br><strong>passages</strong>: 1.33.4, 1.42.3, 10.31.7, 2.5.3, 5.12.3, 5.7.4, 8.38.6, 9.21.6<br><strong>Pleiades</strong>: <a href="https://pleiades.stoa.org/places/334481" target="_blank">https://pleiades.stoa.org/places/334481</a>, <a href="https://pleiades.stoa.org/places/39274" target="_blank">https://pleiades.stoa.org/places/39274</a>]]></description>
        <Point><coordinates>35.01,13.01</coordinates></Point>
      </Placemark>

      <Placemark>
        <name>Sanctuary of Peitho at Sicyon (with no statue of Peitho)</name>
        <description><![CDATA[<strong>name</strong>: Sanctuary of Peitho at Sicyon (with no statue of Peitho)<br><strong>region</strong>: Sikyonia Bk2<br><strong>part of</strong>: Sicyon (Sikyonia)<br><strong>location</strong>: Sicyon (Sikyonia)<br><strong>Wikidata</strong>: <a href="https://wikidata.org/wiki/Q134037391" target="_blank">https://wikidata.org/wiki/Q134037391</a><br><strong>type</strong>: hieron<br><strong>passages</strong>: 2.7.7<br><strong>Manto</strong>: <a href="https://resource.manto.unh.edu/10158822" target="_blank">https://resource.manto.unh.edu/10158822</a>]]></description>
        <Point><coordinates>22.7145,37.9834</coordinates></Point>
      </Placemark>

      <Placemark>
        <name>Deiras</name>
        <description><![CDATA[<strong>name</strong>: Deiras<br><strong>region</strong>: Argolid Bk2<br><strong>part of</strong>: Deiras gates of Argos<br><strong>location</strong>: Deiras gates of Argos<br><strong>type</strong>: chorion<br><strong>passages</strong>: 2.25.1, 2.25.4<br><strong>Pleiades</strong>: <a href="https://pleiades.stoa.org/places/573177" target="_blank">https://pleiades.stoa.org/places/573177</a>]]></description>
        <Point><coordinates>22.7195,37.6316</coordinates></Point>
      </Placemark>

      <Placemark>
        <name>Deiras</name>
        <description><![CDATA[<strong>name</strong>: Deiras<br><strong>region</strong>: Argolid Bk2<br><strong>part of</strong>: Deiras gates of Argos<br><strong>location</strong>: Deiras gates of Argos<br><strong>type</strong>: chorion<br><strong>passages</strong>: 2.25.1, 2.25.4<br><strong>Pleiades</strong>: <a href="https://pleiades.stoa.org/places/573177" target="_blank">https://pleiades.stoa.org/places/573177</a>]]></description>
        <Point><coordinates>22.7195,37.6316</coordinates></Point>
      </Placemark>

      <Placemark>
        <name>Hades</name>
        <description><![CDATA[<strong>name</strong>: Hades<br><strong>region</strong>: Hellas (Europe)<br><strong>part of</strong>: Thesprotia<br><strong>location</strong>: Thesprotia<br><strong>altname</strong>: Underworld<br><strong>Wikidata</strong>: <a href="https://wikidata.org/wiki/Q1521549" target="_blank">https://wikidata.org/wiki/Q1521549</a><br><strong>type</strong>: mythical place<br><strong>passages</strong>: 10.28.5, 10.28.7, 2.31.2, 2.37.5, 2.5.1, 3.24.11, 4.33.7, 8.18.3, 8.48.6, 9.30.4, 9.31.5, 9.33.2, 9.5.8]]></description>
        <Point><coordinates>20.25,39.75</coordinates></Point>
      </Placemark>

      <Placemark>
        <name>Hades</name>
        <description><![CDATA[<strong>name</strong>: Hades<br><strong>region</strong>: Hellas (Europe)<br><strong>part of</strong>: Thesprotia<br><strong>location</strong>: Thesprotia<br><strong>altname</strong>: Underworld<br><strong>Wikidata</strong>: <a href="https://wikidata.org/wiki/Q1521549" target="_blank">https://wikidata.org/wiki/Q1521549</a><br><strong>type</strong>: mythical place<br><strong>passages</strong>: 10.28.5, 10.28.7, 2.31.2, 2.37.5, 2.5.1, 3.24.11, 4.33.7, 8.18.3, 8.48.6, 9.30.4, 9.31.5, 9.33.2, 9.5.8]]></description>
        <Point><coordinates>20.25,39.75</coordinates></Point>
      </Placemark>

      <Placemark>
        <name>Hades</name>
        <description><![CDATA[<strong>name</strong>: Hades<br><strong>region</strong>: Hellas (Europe)<br><strong>part of</strong>: Thesprotia<br><strong>location</strong>: Thesprotia<br><strong>altname</strong>: Underworld<br><strong>Wikidata</strong>: <a href="https://wikidata.org/wiki/Q1521549" target="_blank">https://wikidata.org/wiki/Q1521549</a><br><strong>type</strong>: mythical place<br><strong>passages</strong>: 10.28.5, 10.28.7, 2.31.2, 2.37.5, 2.5.1, 3.24.11, 4.33.7, 8.18.3, 8.48.6, 9.30.4, 9.31.5, 9.33.2, 9.5.8]]></description>
        <Point><coordinates>20.25,39.75</coordinates></Point>
      </Placemark>

      <Placemark>
        <name>Adyton of Palaemon at Isthmia in the enclosure</name>
        <description><![CDATA[<strong>name</strong>: Adyton of Palaemon at Isthmia in the enclosure<br><strong>region</strong>: Corinthia Bk2<br><strong>part of</strong>: Isthmian Poseidon sanctuary at Isthmia<br><strong>location</strong>: Isthmian Poseidon sanctuary at Isthmia<br><strong>type</strong>: adyton<br><strong>passages</strong>: 2.2.1]]></description>
        <Point><coordinates>22.992664,37.9158514</coordinates></Point>
      </Placemark>

      <Placemark>
        <name>Tainaron cape sanctuary</name>
        <description><![CDATA[<strong>name</strong>: Tainaron cape sanctuary<br><strong>region</strong>: Lakonia Bk3<br><strong>part of</strong>: Tainaron (promontory)<br><strong>Wikidata</strong>: <a href="https://wikidata.org/wiki/Q33119266" target="_blank">https://wikidata.org/wiki/Q33119266</a><br><strong>type</strong>: hieron, settlement<br><strong>passages</strong>: 2.33.2, 3.25.9, 4.24.5, 7.25.3<br><strong>Pleiades</strong>: <a href="https://pleiades.stoa.org/places/570702" target="_blank">https://pleiades.stoa.org/places/570702</a><br><strong>ToposText</strong>: <a href="https://topostext.org/place/364225STai" target="_blank">https://topostext.org/place/364225STai</a>]]></description>
        <Point><coordinates>22.4867,36.4018</coordinates></Point>
      </Placemark>

      <Placemark>
        <name>Theater of Troizen</name>
        <description><![CDATA[<strong>name</strong>: Theater of Troizen<br><strong>region</strong>: Troizenia Bk2<br><strong>part of</strong>: Troizen (Troizenia)<br><strong>location</strong>: Troizen (Troizenia)<br><strong>type</strong>: theater<br><strong>passages</strong>: 2.31.4]]></description>
        <Point><coordinates>23.3484,37.5033</coordinates></Point>
      </Placemark>

      <Placemark>
        <name>Kelenderis</name>
        <description><![CDATA[<strong>name</strong>: Kelenderis<br><strong>region</strong>: Troizenia Bk2<br><strong>part of</strong>: Troizenia Bk2<br><strong>altname</strong>: unlocated<br><strong>type</strong>: harbor limen<br><strong>passages</strong>: 2.32.9<br><strong>Pleiades</strong>: <a href="https://pleiades.stoa.org/places/573281" target="_blank">https://pleiades.stoa.org/places/573281</a>]]></description>
        <Point><coordinates>23.4228,37.5022</coordinates></Point>
      </Placemark>

      <Placemark>
        <name>Sanctuary of Tyche in Hermione</name>
        <description><![CDATA[<strong>name</strong>: Sanctuary of Tyche in Hermione<br><strong>region</strong>: Hermionis Bk2<br><strong>part of</strong>: Hermione<br><strong>location</strong>: Hermione<br><strong>Wikidata</strong>: <a href="https://wikidata.org/wiki/Q134037728" target="_blank">https://wikidata.org/wiki/Q134037728</a><br><strong>type</strong>: hieron<br><strong>passages</strong>: 2.35.3]]></description>
        <Point><coordinates>23.243591,37.385218</coordinates></Point>
      </Placemark>

      <Placemark>
        <name>Altar with dedications at Argive Heraion</name>
        <description><![CDATA[<strong>name</strong>: Altar with dedications at Argive Heraion<br><strong>region</strong>: Argolid Bk2<br><strong>part of</strong>: Argive Heraion (Argolid)<br><strong>location</strong>: Argive Heraion (Argolid)<br><strong>type</strong>: altar<br><strong>passages</strong>: 2.17.6]]></description>
        <Point><coordinates>22.7747,37.6919</coordinates></Point>
      </Placemark>

      <Placemark>
        <name>Temple of Artemis at Epidaurus</name>
        <description><![CDATA[<strong>name</strong>: Temple of Artemis at Epidaurus<br><strong>region</strong>: Epidauria Bk2<br><strong>part of</strong>: Epidauros<br><strong>Wikidata</strong>: <a href="https://wikidata.org/wiki/Q107433989" target="_blank">https://wikidata.org/wiki/Q107433989</a><br><strong>type</strong>: temple<br><strong>passages</strong>: 2.29.1<br><strong>ToposText</strong>: <a href="https://topostext.org/place/376232SArT" target="_blank">https://topostext.org/place/376232SArT</a>]]></description>
        <Point><coordinates>23.15039,37.63644</coordinates></Point>
      </Placemark>

      <Placemark>
        <name>Anaphlystos</name>
        <description><![CDATA[<strong>name</strong>: Anaphlystos<br><strong>region</strong>: Attica Bk1<br><strong>part of</strong>: Attica Bk1<br><strong>Wikidata</strong>: <a href="https://wikidata.org/wiki/Q13422911" target="_blank">https://wikidata.org/wiki/Q13422911</a><br><strong>type</strong>: demos<br><strong>passages</strong>: 2.30.9<br><strong>Pleiades</strong>: <a href="https://pleiades.stoa.org/places/579866" target="_blank">https://pleiades.stoa.org/places/579866</a>]]></description>
        <Point><coordinates>23.9508185,37.7273205</coordinates></Point>
      </Placemark>

      <Placemark>
        <name>Underground chambers of Atreus and sons in the ruins of Mycenae</name>
        <description><![CDATA[<strong>name</strong>: Underground chambers of Atreus and sons in the ruins of Mycenae<br><strong>region</strong>: Argolid Bk2<br><strong>part of</strong>: Mycenae<br><strong>location</strong>: Mycenae<br><strong>type</strong>: building<br><strong>passages</strong>: 2.16.6]]></description>
        <Point><coordinates>22.756111,37.730833</coordinates></Point>
      </Placemark>

      <Placemark>
        <name>Skyllaion (promontory)</name>
        <description><![CDATA[<strong>name</strong>: Skyllaion (promontory)<br><strong>region</strong>: Troizenia Bk2<br><strong>part of</strong>: Troizenia Bk2<br><strong>Wikidata</strong>: <a href="https://wikidata.org/wiki/Q24924372" target="_blank">https://wikidata.org/wiki/Q24924372</a><br><strong>type</strong>: cape<br><strong>passages</strong>: 2.34.7, 2.34.8<br><strong>Pleiades</strong>: <a href="https://pleiades.stoa.org/places/570679" target="_blank">https://pleiades.stoa.org/places/570679</a>]]></description>
        <Point><coordinates>23.523,37.435</coordinates></Point>
      </Placemark>

      <Placemark>
        <name>Skyllaion (promontory)</name>
        <description><![CDATA[<strong>name</strong>: Skyllaion (promontory)<br><strong>region</strong>: Troizenia Bk2<br><strong>part of</strong>: Troizenia Bk2<br><strong>Wikidata</strong>: <a href="https://wikidata.org/wiki/Q24924372" target="_blank">https://wikidata.org/wiki/Q24924372</a><br><strong>type</strong>: cape<br><strong>passages</strong>: 2.34.7, 2.34.8<br><strong>Pleiades</strong>: <a href="https://pleiades.stoa.org/places/570679" target="_blank">https://pleiades.stoa.org/places/570679</a>]]></description>
        <Point><coordinates>23.523,37.435</coordinates></Point>
      </Placemark>

      <Placemark>
        <name>Diktys and Klymene altar, Athens</name>
        <description><![CDATA[<strong>name</strong>: Diktys and Klymene altar, Athens<br><strong>region</strong>: Athenai Bk1<br><strong>part of</strong>: Athenai Bk1<br><strong>type</strong>: altar<br><strong>passages</strong>: 2.18.1<br><strong>ToposText</strong>: <a href="https://topostext.org/binder/JB1114" target="_blank">https://topostext.org/binder/JB1114</a>]]></description>
        <Point><coordinates>23.725000000000005,37.975</coordinates></Point>
      </Placemark>

      <Placemark>
        <name>marble stadium at Isthmia</name>
        <description><![CDATA[<strong>name</strong>: marble stadium at Isthmia<br><strong>region</strong>: Corinthia Bk2<br><strong>part of</strong>: Isthmian Poseidon sanctuary at Isthmia<br><strong>type</strong>: stadium<br><strong>passages</strong>: 1.44.8, 2.1.7<br><strong>ToposText</strong>: <a href="https://topostext.org/place/379230BStI" target="_blank">https://topostext.org/place/379230BStI</a>]]></description>
        <Point><coordinates>22.99537,37.914</coordinates></Point>
      </Placemark>

      <Placemark>
        <name>Kriterion in Argos</name>
        <description><![CDATA[<strong>name</strong>: Kriterion in Argos<br><strong>region</strong>: Argolid Bk2<br><strong>part of</strong>: Argos (Argolid)<br><strong>location</strong>: Argos (Argolid)<br><strong>type</strong>: chorion<br><strong>passages</strong>: 2.20.7<br><strong>ToposText</strong>: <a href="https://topostext.org/place/376227BKrN" target="_blank">https://topostext.org/place/376227BKrN</a>]]></description>
        <Point><coordinates>22.7195,37.6316</coordinates></Point>
      </Placemark>

      <Placemark>
        <name>Hydroussa/Hydrea (island)</name>
        <description><![CDATA[<strong>name</strong>: Hydroussa/Hydrea (island)<br><strong>region</strong>: Hermionis Bk2<br><strong>part of</strong>: Aegean Sea (Hellas)<br><strong>Wikidata</strong>: <a href="https://wikidata.org/wiki/Q208319" target="_blank">https://wikidata.org/wiki/Q208319</a><br><strong>type</strong>: island<br><strong>passages</strong>: 2.34.9<br><strong>Pleiades</strong>: <a href="https://pleiades.stoa.org/places/570299" target="_blank">https://pleiades.stoa.org/places/570299</a>]]></description>
        <Point><coordinates>23.46048,37.32924</coordinates></Point>
      </Placemark>

      <Placemark>
        <name>Temple of Athena Apatouria on the island Sphairia</name>
        <description><![CDATA[<strong>name</strong>: Temple of Athena Apatouria on the island Sphairia<br><strong>region</strong>: Troizenia Bk2<br><strong>part of</strong>: Sphairia? (Poros)<br><strong>location</strong>: Sphairia? (Poros)<br><strong>Wikidata</strong>: <a href="https://wikidata.org/wiki/Q127271546" target="_blank">https://wikidata.org/wiki/Q127271546</a><br><strong>type</strong>: temple<br><strong>passages</strong>: 2.33.1<br><strong>Pleiades</strong>: <a href="https://pleiades.stoa.org/places/603144223" target="_blank">https://pleiades.stoa.org/places/603144223</a>]]></description>
        <Point><coordinates>23.4767,37.4844</coordinates></Point>
      </Placemark>

      <Placemark>
        <name>Skarpheia</name>
        <description><![CDATA[<strong>name</strong>: Skarpheia<br><strong>region</strong>: Hellas (Europe)<br><strong>part of</strong>: Phthiotis<br><strong>Wikidata</strong>: <a href="https://wikidata.org/wiki/Q3475188" target="_blank">https://wikidata.org/wiki/Q3475188</a><br><strong>type</strong>: settlement<br><strong>passages</strong>: 2.29.3, 7.15.3, 7.15.4, 7.15.9<br><strong>Pleiades</strong>: <a href="https://pleiades.stoa.org/places/541103" target="_blank">https://pleiades.stoa.org/places/541103</a>]]></description>
        <Point><coordinates>22.6834197,38.81072</coordinates></Point>
      </Placemark>

      <Placemark>
        <name>Sanctuary of Artemis Orthia on Mt. Lykone summit</name>
        <description><![CDATA[<strong>name</strong>: Sanctuary of Artemis Orthia on Mt. Lykone summit<br><strong>region</strong>: Argolid Bk2<br><strong>part of</strong>: Lykone (mountain)<br><strong>location</strong>: Lykone (mountain)<br><strong>Wikidata</strong>: <a href="https://wikidata.org/wiki/Q134037350" target="_blank">https://wikidata.org/wiki/Q134037350</a><br><strong>type</strong>: hieron<br><strong>passages</strong>: 2.24.5]]></description>
        <Point><coordinates>22.7028,37.6328</coordinates></Point>
      </Placemark>

      <Placemark>
        <name>Place on the wall in Argos, where Telessila placed the women in order to fight with the Lacedaemonians</name>
        <description><![CDATA[<strong>name</strong>: Place on the wall in Argos, where Telessila placed the women in order to fight with the Lacedaemonians<br><strong>region</strong>: Argolid Bk2<br><strong>part of</strong>: Walls of Argos<br><strong>location</strong>: Argos (Argolid)<br><strong>type</strong>: city walls<br><strong>passages</strong>: 2.20.9]]></description>
        <Point><coordinates>22.7195,37.6316</coordinates></Point>
      </Placemark>

      <Placemark>
        <name>Sanctuary of Polemokrates in Eua</name>
        <description><![CDATA[<strong>name</strong>: Sanctuary of Polemokrates in Eua<br><strong>region</strong>: Argolid Bk2<br><strong>part of</strong>: Eua<br><strong>location</strong>: Eua<br><strong>Wikidata</strong>: <a href="https://wikidata.org/wiki/Q134037340" target="_blank">https://wikidata.org/wiki/Q134037340</a><br><strong>type</strong>: hieron<br><strong>passages</strong>: 2.38.6]]></description>
        <Point><coordinates>22.656854,37.377923</coordinates></Point>
      </Placemark>

      <Placemark>
        <name>Asia Minor (Asia)</name>
        <description><![CDATA[<strong>name</strong>: Asia Minor (Asia)<br><strong>region</strong>: Asia (continent)<br><strong>part of</strong>: Asia (continent)<br><strong>Wikidata</strong>: <a href="https://wikidata.org/wiki/Q51614" target="_blank">https://wikidata.org/wiki/Q51614</a><br><strong>type</strong>: major region<br><strong>passages</strong>: 1.10.2, 1.10.5, 1.11.2, 1.12.4, 1.13.1, 1.16.2, 1.20.4, 1.29.11, 1.37.5, 1.4.5, 1.4.6, 1.6.2, 1.7.3, 1.8.1, 1.9.7, 10.15.2, 10.23.14, 2.33.3, 4.17.5, 4.5.3, 5.1.6, 7.4.3, 8.6.2<br><strong>Pleiades</strong>: <a href="https://pleiades.stoa.org/places/837" target="_blank">https://pleiades.stoa.org/places/837</a>]]></description>
        <Point><coordinates>31.033254529999997,39.64014749</coordinates></Point>
      </Placemark>

      <Placemark>
        <name>Sparta</name>
        <description><![CDATA[<strong>name</strong>: Sparta<br><strong>region</strong>: Lakonia Bk3<br><strong>part of</strong>: Lakonia Bk3<br><strong>altname</strong>: Lacedaemon Lakedaimon<br><strong>Wikidata</strong>: <a href="https://wikidata.org/wiki/Q5690" target="_blank">https://wikidata.org/wiki/Q5690</a><br><strong>type</strong>: polis<br><strong>passages</strong>: 1.13.6, 1.29.8, 10.12.2, 2.18.2, 2.18.5, 2.21.8, 2.9.1, 3.1.2, 3.10.1, 3.11.1, 3.11.2, 3.13.3, 3.13.4, 3.13.7, 3.14.2, 3.14.7, 3.15.3, 3.15.4, 3.15.5, 3.15.8, 3.18.6, 3.19.6, 3.2.2, 3.2.3, 3.2.7, 3.20.10, 3.20.8, 3.21.2, 3.21.6, 3.21.7, 3.26.5, 3.26.7, 3.3.2, 3.3.3, 3.5.1, 3.6.3, 3.6.4, 3.6.7, 3.7.1, 3.7.2, 3.7.5, 3.7.8, 3.8.3, 3.8.9, 3.9.11, 4.1.2, 4.12.4, 4.12.5, 4.12.8, 4.12.9, 4.14.3, 4.14.4, 4.15.2, 4.15.3, 4.15.5, 4.15.6, 4.16.1, 4.16.9, 4.17.6, 4.18.3, 4.19.5, 4.20.5, 4.21.6, 4.22.1, 4.22.4, 4.22.5, 4.22.6, 4.23.2, 4.24.6, 4.26.4, 4.27.4, 4.29.6, 4.29.9, 4.31.1, 4.31.3, 4.4.4, 4.4.8, 4.5.4, 4.5.6, 4.5.7, 4.7.7, 4.8.3, 4.9.5, 6.16.8, 6.2.1, 6.4.9, 6.7.6, 7.1.8, 7.12.2, 7.12.6, 7.12.7, 7.12.8, 7.13.1, 7.13.2, 7.13.4, 7.13.6, 7.14.5, 7.20.8, 7.24.1, 7.7.3, 7.8.4, 7.8.5, 7.9.2, 7.9.5, 8.11.6, 8.12.6, 8.27.11, 8.51.1, 8.51.3, 8.51.4, 8.52.3, 8.52.6, 8.8.11, 9.13.2, 9.13.9, 9.14.1, 9.14.5, 9.32.10, 9.32.7<br><strong>Pleiades</strong>: <a href="https://pleiades.stoa.org/places/570685" target="_blank">https://pleiades.stoa.org/places/570685</a><br><strong>ToposText</strong>: <a href="https://topostext.org/place/371224PSpa" target="_blank">https://topostext.org/place/371224PSpa</a>]]></description>
        <Point><coordinates>22.4237,37.0821</coordinates></Point>
      </Placemark>

      <Placemark>
        <name>Sparta</name>
        <description><![CDATA[<strong>name</strong>: Sparta<br><strong>region</strong>: Lakonia Bk3<br><strong>part of</strong>: Lakonia Bk3<br><strong>altname</strong>: Lacedaemon Lakedaimon<br><strong>Wikidata</strong>: <a href="https://wikidata.org/wiki/Q5690" target="_blank">https://wikidata.org/wiki/Q5690</a><br><strong>type</strong>: polis<br><strong>passages</strong>: 1.13.6, 1.29.8, 10.12.2, 2.18.2, 2.18.5, 2.21.8, 2.9.1, 3.1.2, 3.10.1, 3.11.1, 3.11.2, 3.13.3, 3.13.4, 3.13.7, 3.14.2, 3.14.7, 3.15.3, 3.15.4, 3.15.5, 3.15.8, 3.18.6, 3.19.6, 3.2.2, 3.2.3, 3.2.7, 3.20.10, 3.20.8, 3.21.2, 3.21.6, 3.21.7, 3.26.5, 3.26.7, 3.3.2, 3.3.3, 3.5.1, 3.6.3, 3.6.4, 3.6.7, 3.7.1, 3.7.2, 3.7.5, 3.7.8, 3.8.3, 3.8.9, 3.9.11, 4.1.2, 4.12.4, 4.12.5, 4.12.8, 4.12.9, 4.14.3, 4.14.4, 4.15.2, 4.15.3, 4.15.5, 4.15.6, 4.16.1, 4.16.9, 4.17.6, 4.18.3, 4.19.5, 4.20.5, 4.21.6, 4.22.1, 4.22.4, 4.22.5, 4.22.6, 4.23.2, 4.24.6, 4.26.4, 4.27.4, 4.29.6, 4.29.9, 4.31.1, 4.31.3, 4.4.4, 4.4.8, 4.5.4, 4.5.6, 4.5.7, 4.7.7, 4.8.3, 4.9.5, 6.16.8, 6.2.1, 6.4.9, 6.7.6, 7.1.8, 7.12.2, 7.12.6, 7.12.7, 7.12.8, 7.13.1, 7.13.2, 7.13.4, 7.13.6, 7.14.5, 7.20.8, 7.24.1, 7.7.3, 7.8.4, 7.8.5, 7.9.2, 7.9.5, 8.11.6, 8.12.6, 8.27.11, 8.51.1, 8.51.3, 8.51.4, 8.52.3, 8.52.6, 8.8.11, 9.13.2, 9.13.9, 9.14.1, 9.14.5, 9.32.10, 9.32.7<br><strong>Pleiades</strong>: <a href="https://pleiades.stoa.org/places/570685" target="_blank">https://pleiades.stoa.org/places/570685</a><br><strong>ToposText</strong>: <a href="https://topostext.org/place/371224PSpa" target="_blank">https://topostext.org/place/371224PSpa</a>]]></description>
        <Point><coordinates>22.4237,37.0821</coordinates></Point>
      </Placemark>

      <Placemark>
        <name>Sparta</name>
        <description><![CDATA[<strong>name</strong>: Sparta<br><strong>region</strong>: Lakonia Bk3<br><strong>part of</strong>: Lakonia Bk3<br><strong>altname</strong>: Lacedaemon Lakedaimon<br><strong>Wikidata</strong>: <a href="https://wikidata.org/wiki/Q5690" target="_blank">https://wikidata.org/wiki/Q5690</a><br><strong>type</strong>: polis<br><strong>passages</strong>: 1.13.6, 1.29.8, 10.12.2, 2.18.2, 2.18.5, 2.21.8, 2.9.1, 3.1.2, 3.10.1, 3.11.1, 3.11.2, 3.13.3, 3.13.4, 3.13.7, 3.14.2, 3.14.7, 3.15.3, 3.15.4, 3.15.5, 3.15.8, 3.18.6, 3.19.6, 3.2.2, 3.2.3, 3.2.7, 3.20.10, 3.20.8, 3.21.2, 3.21.6, 3.21.7, 3.26.5, 3.26.7, 3.3.2, 3.3.3, 3.5.1, 3.6.3, 3.6.4, 3.6.7, 3.7.1, 3.7.2, 3.7.5, 3.7.8, 3.8.3, 3.8.9, 3.9.11, 4.1.2, 4.12.4, 4.12.5, 4.12.8, 4.12.9, 4.14.3, 4.14.4, 4.15.2, 4.15.3, 4.15.5, 4.15.6, 4.16.1, 4.16.9, 4.17.6, 4.18.3, 4.19.5, 4.20.5, 4.21.6, 4.22.1, 4.22.4, 4.22.5, 4.22.6, 4.23.2, 4.24.6, 4.26.4, 4.27.4, 4.29.6, 4.29.9, 4.31.1, 4.31.3, 4.4.4, 4.4.8, 4.5.4, 4.5.6, 4.5.7, 4.7.7, 4.8.3, 4.9.5, 6.16.8, 6.2.1, 6.4.9, 6.7.6, 7.1.8, 7.12.2, 7.12.6, 7.12.7, 7.12.8, 7.13.1, 7.13.2, 7.13.4, 7.13.6, 7.14.5, 7.20.8, 7.24.1, 7.7.3, 7.8.4, 7.8.5, 7.9.2, 7.9.5, 8.11.6, 8.12.6, 8.27.11, 8.51.1, 8.51.3, 8.51.4, 8.52.3, 8.52.6, 8.8.11, 9.13.2, 9.13.9, 9.14.1, 9.14.5, 9.32.10, 9.32.7<br><strong>Pleiades</strong>: <a href="https://pleiades.stoa.org/places/570685" target="_blank">https://pleiades.stoa.org/places/570685</a><br><strong>ToposText</strong>: <a href="https://topostext.org/place/371224PSpa" target="_blank">https://topostext.org/place/371224PSpa</a>]]></description>
        <Point><coordinates>22.4237,37.0821</coordinates></Point>
      </Placemark>

      <Placemark>
        <name>Sparta</name>
        <description><![CDATA[<strong>name</strong>: Sparta<br><strong>region</strong>: Lakonia Bk3<br><strong>part of</strong>: Lakonia Bk3<br><strong>altname</strong>: Lacedaemon Lakedaimon<br><strong>Wikidata</strong>: <a href="https://wikidata.org/wiki/Q5690" target="_blank">https://wikidata.org/wiki/Q5690</a><br><strong>type</strong>: polis<br><strong>passages</strong>: 1.13.6, 1.29.8, 10.12.2, 2.18.2, 2.18.5, 2.21.8, 2.9.1, 3.1.2, 3.10.1, 3.11.1, 3.11.2, 3.13.3, 3.13.4, 3.13.7, 3.14.2, 3.14.7, 3.15.3, 3.15.4, 3.15.5, 3.15.8, 3.18.6, 3.19.6, 3.2.2, 3.2.3, 3.2.7, 3.20.10, 3.20.8, 3.21.2, 3.21.6, 3.21.7, 3.26.5, 3.26.7, 3.3.2, 3.3.3, 3.5.1, 3.6.3, 3.6.4, 3.6.7, 3.7.1, 3.7.2, 3.7.5, 3.7.8, 3.8.3, 3.8.9, 3.9.11, 4.1.2, 4.12.4, 4.12.5, 4.12.8, 4.12.9, 4.14.3, 4.14.4, 4.15.2, 4.15.3, 4.15.5, 4.15.6, 4.16.1, 4.16.9, 4.17.6, 4.18.3, 4.19.5, 4.20.5, 4.21.6, 4.22.1, 4.22.4, 4.22.5, 4.22.6, 4.23.2, 4.24.6, 4.26.4, 4.27.4, 4.29.6, 4.29.9, 4.31.1, 4.31.3, 4.4.4, 4.4.8, 4.5.4, 4.5.6, 4.5.7, 4.7.7, 4.8.3, 4.9.5, 6.16.8, 6.2.1, 6.4.9, 6.7.6, 7.1.8, 7.12.2, 7.12.6, 7.12.7, 7.12.8, 7.13.1, 7.13.2, 7.13.4, 7.13.6, 7.14.5, 7.20.8, 7.24.1, 7.7.3, 7.8.4, 7.8.5, 7.9.2, 7.9.5, 8.11.6, 8.12.6, 8.27.11, 8.51.1, 8.51.3, 8.51.4, 8.52.3, 8.52.6, 8.8.11, 9.13.2, 9.13.9, 9.14.1, 9.14.5, 9.32.10, 9.32.7<br><strong>Pleiades</strong>: <a href="https://pleiades.stoa.org/places/570685" target="_blank">https://pleiades.stoa.org/places/570685</a><br><strong>ToposText</strong>: <a href="https://topostext.org/place/371224PSpa" target="_blank">https://topostext.org/place/371224PSpa</a>]]></description>
        <Point><coordinates>22.4237,37.0821</coordinates></Point>
      </Placemark>

      <Placemark>
        <name>Spring of river Amymone</name>
        <description><![CDATA[<strong>name</strong>: Spring of river Amymone<br><strong>region</strong>: Argolid Bk2<br><strong>part of</strong>: Argolid Bk2<br><strong>location</strong>: Argolid Bk2<br><strong>altname</strong>: home of the Lernaean Hydra<br><strong>type</strong>: spring pege<br><strong>passages</strong>: 2.37.4]]></description>
        <Point><coordinates>22.9,37.67</coordinates></Point>
      </Placemark>

      <Placemark>
        <name>Altar/Tomb of Aiakos in Aigina</name>
        <description><![CDATA[<strong>name</strong>: Altar/Tomb of Aiakos in Aigina<br><strong>region</strong>: Aigina island Bk2<br><strong>part of</strong>: Aiakeion in Aigina<br><strong>location</strong>: Aiakeion in Aigina<br><strong>type</strong>: altar<br><strong>passages</strong>: 2.29.8]]></description>
        <Point><coordinates>23.42372,37.74991</coordinates></Point>
      </Placemark>

      <Placemark>
        <name>Temple of Helios on Hermione promontory</name>
        <description><![CDATA[<strong>name</strong>: Temple of Helios on Hermione promontory<br><strong>region</strong>: Hermionis Bk2<br><strong>part of</strong>: Promontory of Hermione<br><strong>location</strong>: Promontory of Hermione<br><strong>type</strong>: temple<br><strong>passages</strong>: 2.34.10]]></description>
        <Point><coordinates>23.243591,37.385218</coordinates></Point>
      </Placemark>

      <Placemark>
        <name>Stadium of Asclepieion of Epidaurus</name>
        <description><![CDATA[<strong>name</strong>: Stadium of Asclepieion of Epidaurus<br><strong>region</strong>: Epidauria Bk2<br><strong>part of</strong>: Asklepieion of Epidauros<br><strong>Wikidata</strong>: <a href="https://wikidata.org/wiki/Q22681278" target="_blank">https://wikidata.org/wiki/Q22681278</a><br><strong>type</strong>: mound/dike, stadium<br><strong>passages</strong>: 2.27.5, 9.23.1<br><strong>ToposText</strong>: <a href="https://topostext.org/place/376231BASt" target="_blank">https://topostext.org/place/376231BASt</a><br><strong>URL</strong>: <a href="https://imperium.ahlfeldt.se/places/24194" target="_blank">https://imperium.ahlfeldt.se/places/24194</a>]]></description>
        <Point><coordinates>23.07308549,37.59734721</coordinates></Point>
      </Placemark>

      <Placemark>
        <name>Reefs while sailing into Aigina</name>
        <description><![CDATA[<strong>name</strong>: Reefs while sailing into Aigina<br><strong>region</strong>: Aigina island Bk2<br><strong>part of</strong>: Aigina polity<br><strong>location</strong>: Aigina polity<br><strong>type</strong>: rock<br><strong>passages</strong>: 2.29.6]]></description>
        <Point><coordinates>23.42372,37.74991</coordinates></Point>
      </Placemark>

      <Placemark>
        <name>Ascent from Argos to Larisa citadel</name>
        <description><![CDATA[<strong>name</strong>: Ascent from Argos to Larisa citadel<br><strong>region</strong>: Argolid Bk2<br><strong>part of</strong>: Argos (Argolid)<br><strong>location</strong>: Argos (Argolid)<br><strong>type</strong>: road hodos<br><strong>passages</strong>: 2.24.1]]></description>
        <Point><coordinates>22.7195,37.6316</coordinates></Point>
      </Placemark>

      <Placemark>
        <name>Sanctuary of Demeter Thermasia in Hermione</name>
        <description><![CDATA[<strong>name</strong>: Sanctuary of Demeter Thermasia in Hermione<br><strong>region</strong>: Hermionis Bk2<br><strong>part of</strong>: Hermione<br><strong>location</strong>: Hermione<br><strong>Wikidata</strong>: <a href="https://wikidata.org/wiki/Q134037741" target="_blank">https://wikidata.org/wiki/Q134037741</a><br><strong>type</strong>: hieron<br><strong>passages</strong>: 2.34.12]]></description>
        <Point><coordinates>23.243591,37.385218</coordinates></Point>
      </Placemark>

      <Placemark>
        <name>Sanctuary of Hera at Sicyon</name>
        <description><![CDATA[<strong>name</strong>: Sanctuary of Hera at Sicyon<br><strong>region</strong>: Sikyonia Bk2<br><strong>part of</strong>: Sicyon (Sikyonia)<br><strong>location</strong>: Sicyon (Sikyonia)<br><strong>altname</strong>: Heraion of Sicyon: no statue left, built by Adrastus<br><strong>Wikidata</strong>: <a href="https://wikidata.org/wiki/Q134037357" target="_blank">https://wikidata.org/wiki/Q134037357</a><br><strong>type</strong>: hieron<br><strong>passages</strong>: 2.11.1<br><strong>Manto</strong>: <a href="https://resource.manto.unh.edu/10159228" target="_blank">https://resource.manto.unh.edu/10159228</a>]]></description>
        <Point><coordinates>22.7145,37.9834</coordinates></Point>
      </Placemark>

      <Placemark>
        <name>Sicilia (island)</name>
        <description><![CDATA[<strong>name</strong>: Sicilia (island)<br><strong>region</strong>: <br><strong>part of</strong>: Roman empire<br><strong>Wikidata</strong>: <a href="https://wikidata.org/wiki/Q4951156" target="_blank">https://wikidata.org/wiki/Q4951156</a><br><strong>type</strong>: island<br><strong>passages</strong>: 1.12.5, 1.13.1, 1.2.3, 1.21.4, 1.29.11, 1.29.13, 10.11.3, 10.15.5, 10.15.6, 2.2.5, 2.22.9, 3.16.4, 3.16.5, 4.23.6, 4.26.2, 4.26.5, 4.36.4, 5.23.6, 5.25.5, 5.25.6, 5.27.1, 5.7.3, 6.12.3, 6.13.8, 6.26.4, 6.4.3, 6.6.7, 6.9.4, 6.9.5, 7.16.5, 7.4.6, 7.4.7, 8.11.12, 8.12.8, 8.24.6, 8.42.8, 8.46.2, 8.8.6, 9.40.4<br><strong>Pleiades</strong>: <a href="https://pleiades.stoa.org/places/462492" target="_blank">https://pleiades.stoa.org/places/462492</a>]]></description>
        <Point><coordinates>14.08648465,37.53667612</coordinates></Point>
      </Placemark>

      <Placemark>
        <name>Sicilia (island)</name>
        <description><![CDATA[<strong>name</strong>: Sicilia (island)<br><strong>region</strong>: <br><strong>part of</strong>: Roman empire<br><strong>Wikidata</strong>: <a href="https://wikidata.org/wiki/Q4951156" target="_blank">https://wikidata.org/wiki/Q4951156</a><br><strong>type</strong>: island<br><strong>passages</strong>: 1.12.5, 1.13.1, 1.2.3, 1.21.4, 1.29.11, 1.29.13, 10.11.3, 10.15.5, 10.15.6, 2.2.5, 2.22.9, 3.16.4, 3.16.5, 4.23.6, 4.26.2, 4.26.5, 4.36.4, 5.23.6, 5.25.5, 5.25.6, 5.27.1, 5.7.3, 6.12.3, 6.13.8, 6.26.4, 6.4.3, 6.6.7, 6.9.4, 6.9.5, 7.16.5, 7.4.6, 7.4.7, 8.11.12, 8.12.8, 8.24.6, 8.42.8, 8.46.2, 8.8.6, 9.40.4<br><strong>Pleiades</strong>: <a href="https://pleiades.stoa.org/places/462492" target="_blank">https://pleiades.stoa.org/places/462492</a>]]></description>
        <Point><coordinates>14.08648465,37.53667612</coordinates></Point>
      </Placemark>

      <Placemark>
        <name>Agora of Argos</name>
        <description><![CDATA[<strong>name</strong>: Agora of Argos<br><strong>region</strong>: Argolid Bk2<br><strong>part of</strong>: Argos (Argolid)<br><strong>Wikidata</strong>: <a href="https://wikidata.org/wiki/Q38281281" target="_blank">https://wikidata.org/wiki/Q38281281</a><br><strong>type</strong>: agora<br><strong>passages</strong>: 2.21.1<br><strong>ToposText</strong>: <a href="https://topostext.org/place/376227XAgA" target="_blank">https://topostext.org/place/376227XAgA</a>]]></description>
        <Point><coordinates>22.7214,37.6305</coordinates></Point>
      </Placemark>

      <Placemark>
        <name>Sea at Eleusis</name>
        <description><![CDATA[<strong>name</strong>: Sea at Eleusis<br><strong>region</strong>: Attica Bk1<br><strong>part of</strong>: Saronic Gulf<br><strong>location</strong>: Saronic Gulf<br><strong>type</strong>: sea<br><strong>passages</strong>: 2.24.6]]></description>
        <Point><coordinates>23.7,37.8</coordinates></Point>
      </Placemark>

      <Placemark>
        <name>Temple of Athena at Sicyon, built by Epopeus as victory offering</name>
        <description><![CDATA[<strong>name</strong>: Temple of Athena at Sicyon, built by Epopeus as victory offering<br><strong>region</strong>: Sikyonia Bk2<br><strong>part of</strong>: Sicyon (Sikyonia)<br><strong>location</strong>: Sicyon (Sikyonia)<br><strong>type</strong>: temple<br><strong>passages</strong>: 2.6.3]]></description>
        <Point><coordinates>22.7145,37.9834</coordinates></Point>
      </Placemark>

      <Placemark>
        <name>Kamiros (Rhodes)</name>
        <description><![CDATA[<strong>name</strong>: Kamiros (Rhodes)<br><strong>region</strong>: Aegean Sea (Hellas)<br><strong>part of</strong>: Rhodes island<br><strong>Wikidata</strong>: <a href="https://wikidata.org/wiki/Q1231539" target="_blank">https://wikidata.org/wiki/Q1231539</a><br><strong>type</strong>: polis<br><strong>passages</strong>: 2.37.4<br><strong>ToposText</strong>: <a href="https://topostext.org/place/363279PKam" target="_blank">https://topostext.org/place/363279PKam</a>]]></description>
        <Point><coordinates>27.9212,36.3362</coordinates></Point>
      </Placemark>

      <Placemark>
        <name>Larisa Citadel above Argos</name>
        <description><![CDATA[<strong>name</strong>: Larisa Citadel above Argos<br><strong>region</strong>: Argolid Bk2<br><strong>part of</strong>: Argos (Argolid)<br><strong>Wikidata</strong>: <a href="https://wikidata.org/wiki/Q1012861" target="_blank">https://wikidata.org/wiki/Q1012861</a><br><strong>type</strong>: acropolis<br><strong>passages</strong>: 2.24.1, 2.24.2, 2.24.3, 2.25.10, 2.25.4, 3.17.1<br><strong>ToposText</strong>: <a href="https://topostext.org/place/376227FLar" target="_blank">https://topostext.org/place/376227FLar</a>]]></description>
        <Point><coordinates>22.715,37.638</coordinates></Point>
      </Placemark>

      <Placemark>
        <name>Larisa Citadel above Argos</name>
        <description><![CDATA[<strong>name</strong>: Larisa Citadel above Argos<br><strong>region</strong>: Argolid Bk2<br><strong>part of</strong>: Argos (Argolid)<br><strong>Wikidata</strong>: <a href="https://wikidata.org/wiki/Q1012861" target="_blank">https://wikidata.org/wiki/Q1012861</a><br><strong>type</strong>: acropolis<br><strong>passages</strong>: 2.24.1, 2.24.2, 2.24.3, 2.25.10, 2.25.4, 3.17.1<br><strong>ToposText</strong>: <a href="https://topostext.org/place/376227FLar" target="_blank">https://topostext.org/place/376227FLar</a>]]></description>
        <Point><coordinates>22.715,37.638</coordinates></Point>
      </Placemark>

      <Placemark>
        <name>Larisa Citadel above Argos</name>
        <description><![CDATA[<strong>name</strong>: Larisa Citadel above Argos<br><strong>region</strong>: Argolid Bk2<br><strong>part of</strong>: Argos (Argolid)<br><strong>Wikidata</strong>: <a href="https://wikidata.org/wiki/Q1012861" target="_blank">https://wikidata.org/wiki/Q1012861</a><br><strong>type</strong>: acropolis<br><strong>passages</strong>: 2.24.1, 2.24.2, 2.24.3, 2.25.10, 2.25.4, 3.17.1<br><strong>ToposText</strong>: <a href="https://topostext.org/place/376227FLar" target="_blank">https://topostext.org/place/376227FLar</a>]]></description>
        <Point><coordinates>22.715,37.638</coordinates></Point>
      </Placemark>

      <Placemark>
        <name>Larisa Citadel above Argos</name>
        <description><![CDATA[<strong>name</strong>: Larisa Citadel above Argos<br><strong>region</strong>: Argolid Bk2<br><strong>part of</strong>: Argos (Argolid)<br><strong>Wikidata</strong>: <a href="https://wikidata.org/wiki/Q1012861" target="_blank">https://wikidata.org/wiki/Q1012861</a><br><strong>type</strong>: acropolis<br><strong>passages</strong>: 2.24.1, 2.24.2, 2.24.3, 2.25.10, 2.25.4, 3.17.1<br><strong>ToposText</strong>: <a href="https://topostext.org/place/376227FLar" target="_blank">https://topostext.org/place/376227FLar</a>]]></description>
        <Point><coordinates>22.715,37.638</coordinates></Point>
      </Placemark>

      <Placemark>
        <name>Larisa Citadel above Argos</name>
        <description><![CDATA[<strong>name</strong>: Larisa Citadel above Argos<br><strong>region</strong>: Argolid Bk2<br><strong>part of</strong>: Argos (Argolid)<br><strong>Wikidata</strong>: <a href="https://wikidata.org/wiki/Q1012861" target="_blank">https://wikidata.org/wiki/Q1012861</a><br><strong>type</strong>: acropolis<br><strong>passages</strong>: 2.24.1, 2.24.2, 2.24.3, 2.25.10, 2.25.4, 3.17.1<br><strong>ToposText</strong>: <a href="https://topostext.org/place/376227FLar" target="_blank">https://topostext.org/place/376227FLar</a>]]></description>
        <Point><coordinates>22.715,37.638</coordinates></Point>
      </Placemark>

      <Placemark>
        <name>Orneiai/Orneai near Sicyonia</name>
        <description><![CDATA[<strong>name</strong>: Orneiai/Orneai near Sicyonia<br><strong>region</strong>: Sikyonia Bk2<br><strong>part of</strong>: Peloponnesos<br><strong>Wikidata</strong>: <a href="https://wikidata.org/wiki/Q7103538" target="_blank">https://wikidata.org/wiki/Q7103538</a><br><strong>type</strong>: settlement<br><strong>passages</strong>: 10.18.5, 2.12.5<br><strong>Pleiades</strong>: <a href="https://pleiades.stoa.org/places/573417" target="_blank">https://pleiades.stoa.org/places/573417</a><br><strong>ToposText</strong>: <a href="https://topostext.org/place/379228XDor" target="_blank">https://topostext.org/place/379228XDor</a>]]></description>
        <Point><coordinates>22.7656,37.916</coordinates></Point>
      </Placemark>

      <Placemark>
        <name>Upper Peirene Fountain (Korinthia)</name>
        <description><![CDATA[<strong>name</strong>: Upper Peirene Fountain (Korinthia)<br><strong>region</strong>: Corinthia Bk2<br><strong>part of</strong>: Corinth (Corinthia)<br><strong>type</strong>: spring pege<br><strong>passages</strong>: 2.5.1<br><strong>Manto</strong>: <a href="https://resource.manto.unh.edu/10157781" target="_blank">https://resource.manto.unh.edu/10157781</a><br><strong>ToposText</strong>: <a href="https://topostext.org/place/379229WPei" target="_blank">https://topostext.org/place/379229WPei</a>]]></description>
        <Point><coordinates>22.87585,37.88935</coordinates></Point>
      </Placemark>

      <Placemark>
        <name>Lake Stymphalia</name>
        <description><![CDATA[<strong>name</strong>: Lake Stymphalia<br><strong>region</strong>: Arcadia Bk8<br><strong>part of</strong>: Plain of Stymphalus<br><strong>Wikidata</strong>: <a href="https://wikidata.org/wiki/Q1251026" target="_blank">https://wikidata.org/wiki/Q1251026</a><br><strong>type</strong>: lake<br><strong>passages</strong>: 2.3.5, 8.22.3, 8.22.4<br><strong>Pleiades</strong>: <a href="https://pleiades.stoa.org/places/324369908" target="_blank">https://pleiades.stoa.org/places/324369908</a>]]></description>
        <Point><coordinates>22.4677283,37.8502198</coordinates></Point>
      </Placemark>

      <Placemark>
        <name>Tomb of Phocus in Aigina</name>
        <description><![CDATA[<strong>name</strong>: Tomb of Phocus in Aigina<br><strong>region</strong>: Aigina island Bk2<br><strong>part of</strong>: Aigina polity<br><strong>location</strong>: Aigina polity<br><strong>altname</strong>: earth mound surrounded by krepis of rough stone, beside Aiakeion<br><strong>Wikidata</strong>: <a href="https://wikidata.org/wiki/Q136487526" target="_blank">https://wikidata.org/wiki/Q136487526</a><br><strong>type</strong>: mound/dike, retaining wall, tomb mnema<br><strong>passages</strong>: 2.29.9<br><strong>Manto</strong>: <a href="https://resource.manto.unh.edu/10191999" target="_blank">https://resource.manto.unh.edu/10191999</a>]]></description>
        <Point><coordinates>23.42372,37.74991</coordinates></Point>
      </Placemark>

      <Placemark>
        <name>Temple of Aphrodite Melaenis at Craneion, Corinth</name>
        <description><![CDATA[<strong>name</strong>: Temple of Aphrodite Melaenis at Craneion, Corinth<br><strong>region</strong>: Corinthia Bk2<br><strong>part of</strong>: Corinth (Corinthia)<br><strong>location</strong>: Corinth (Corinthia)<br><strong>type</strong>: temple<br><strong>passages</strong>: 2.2.4]]></description>
        <Point><coordinates>22.8802,37.9054</coordinates></Point>
      </Placemark>

      <Placemark>
        <name>supposed tomb of Prometheus in Argos</name>
        <description><![CDATA[<strong>name</strong>: supposed tomb of Prometheus in Argos<br><strong>region</strong>: Argolid Bk2<br><strong>part of</strong>: Sanctuary of Apollo Lykios in Argos<br><strong>location</strong>: Sanctuary of Apollo Lykios in Argos<br><strong>Wikidata</strong>: <a href="https://wikidata.org/wiki/Q136487516" target="_blank">https://wikidata.org/wiki/Q136487516</a><br><strong>type</strong>: tomb mnema<br><strong>passages</strong>: 2.19.8<br><strong>Manto</strong>: <a href="https://resource.manto.unh.edu/10185284" target="_blank">https://resource.manto.unh.edu/10185284</a>]]></description>
        <Point><coordinates>22.7214,37.6305</coordinates></Point>
      </Placemark>

      <Placemark>
        <name>Epidauros</name>
        <description><![CDATA[<strong>name</strong>: Epidauros<br><strong>region</strong>: Epidauria Bk2<br><strong>part of</strong>: Epidauria Bk2<br><strong>altname</strong>: Epidaurus polis<br><strong>Wikidata</strong>: <a href="https://wikidata.org/wiki/Q233576" target="_blank">https://wikidata.org/wiki/Q233576</a><br><strong>type</strong>: settlement<br><strong>passages</strong>: 1.25.4, 2.10.3, 2.25.10, 2.25.7, 2.26.1, 2.26.2, 2.26.3, 2.26.4, 2.26.7, 2.26.8, 2.26.9, 2.28.3, 2.28.4, 2.28.8, 2.29.1, 2.29.2, 2.29.5, 2.30.5, 5.11.11, 8.1.1, 9.23.1, 9.7.5<br><strong>Pleiades</strong>: <a href="https://pleiades.stoa.org/places/570228" target="_blank">https://pleiades.stoa.org/places/570228</a><br><strong>ToposText</strong>: <a href="https://topostext.org/place/376232PEpi" target="_blank">https://topostext.org/place/376232PEpi</a>]]></description>
        <Point><coordinates>23.1602,37.6335</coordinates></Point>
      </Placemark>

      <Placemark>
        <name>Epidauros</name>
        <description><![CDATA[<strong>name</strong>: Epidauros<br><strong>region</strong>: Epidauria Bk2<br><strong>part of</strong>: Epidauria Bk2<br><strong>altname</strong>: Epidaurus polis<br><strong>Wikidata</strong>: <a href="https://wikidata.org/wiki/Q233576" target="_blank">https://wikidata.org/wiki/Q233576</a><br><strong>type</strong>: settlement<br><strong>passages</strong>: 1.25.4, 2.10.3, 2.25.10, 2.25.7, 2.26.1, 2.26.2, 2.26.3, 2.26.4, 2.26.7, 2.26.8, 2.26.9, 2.28.3, 2.28.4, 2.28.8, 2.29.1, 2.29.2, 2.29.5, 2.30.5, 5.11.11, 8.1.1, 9.23.1, 9.7.5<br><strong>Pleiades</strong>: <a href="https://pleiades.stoa.org/places/570228" target="_blank">https://pleiades.stoa.org/places/570228</a><br><strong>ToposText</strong>: <a href="https://topostext.org/place/376232PEpi" target="_blank">https://topostext.org/place/376232PEpi</a>]]></description>
        <Point><coordinates>23.1602,37.6335</coordinates></Point>
      </Placemark>

      <Placemark>
        <name>Epidauros</name>
        <description><![CDATA[<strong>name</strong>: Epidauros<br><strong>region</strong>: Epidauria Bk2<br><strong>part of</strong>: Epidauria Bk2<br><strong>altname</strong>: Epidaurus polis<br><strong>Wikidata</strong>: <a href="https://wikidata.org/wiki/Q233576" target="_blank">https://wikidata.org/wiki/Q233576</a><br><strong>type</strong>: settlement<br><strong>passages</strong>: 1.25.4, 2.10.3, 2.25.10, 2.25.7, 2.26.1, 2.26.2, 2.26.3, 2.26.4, 2.26.7, 2.26.8, 2.26.9, 2.28.3, 2.28.4, 2.28.8, 2.29.1, 2.29.2, 2.29.5, 2.30.5, 5.11.11, 8.1.1, 9.23.1, 9.7.5<br><strong>Pleiades</strong>: <a href="https://pleiades.stoa.org/places/570228" target="_blank">https://pleiades.stoa.org/places/570228</a><br><strong>ToposText</strong>: <a href="https://topostext.org/place/376232PEpi" target="_blank">https://topostext.org/place/376232PEpi</a>]]></description>
        <Point><coordinates>23.1602,37.6335</coordinates></Point>
      </Placemark>

      <Placemark>
        <name>Epidauros</name>
        <description><![CDATA[<strong>name</strong>: Epidauros<br><strong>region</strong>: Epidauria Bk2<br><strong>part of</strong>: Epidauria Bk2<br><strong>altname</strong>: Epidaurus polis<br><strong>Wikidata</strong>: <a href="https://wikidata.org/wiki/Q233576" target="_blank">https://wikidata.org/wiki/Q233576</a><br><strong>type</strong>: settlement<br><strong>passages</strong>: 1.25.4, 2.10.3, 2.25.10, 2.25.7, 2.26.1, 2.26.2, 2.26.3, 2.26.4, 2.26.7, 2.26.8, 2.26.9, 2.28.3, 2.28.4, 2.28.8, 2.29.1, 2.29.2, 2.29.5, 2.30.5, 5.11.11, 8.1.1, 9.23.1, 9.7.5<br><strong>Pleiades</strong>: <a href="https://pleiades.stoa.org/places/570228" target="_blank">https://pleiades.stoa.org/places/570228</a><br><strong>ToposText</strong>: <a href="https://topostext.org/place/376232PEpi" target="_blank">https://topostext.org/place/376232PEpi</a>]]></description>
        <Point><coordinates>23.1602,37.6335</coordinates></Point>
      </Placemark>

      <Placemark>
        <name>Epidauros</name>
        <description><![CDATA[<strong>name</strong>: Epidauros<br><strong>region</strong>: Epidauria Bk2<br><strong>part of</strong>: Epidauria Bk2<br><strong>altname</strong>: Epidaurus polis<br><strong>Wikidata</strong>: <a href="https://wikidata.org/wiki/Q233576" target="_blank">https://wikidata.org/wiki/Q233576</a><br><strong>type</strong>: settlement<br><strong>passages</strong>: 1.25.4, 2.10.3, 2.25.10, 2.25.7, 2.26.1, 2.26.2, 2.26.3, 2.26.4, 2.26.7, 2.26.8, 2.26.9, 2.28.3, 2.28.4, 2.28.8, 2.29.1, 2.29.2, 2.29.5, 2.30.5, 5.11.11, 8.1.1, 9.23.1, 9.7.5<br><strong>Pleiades</strong>: <a href="https://pleiades.stoa.org/places/570228" target="_blank">https://pleiades.stoa.org/places/570228</a><br><strong>ToposText</strong>: <a href="https://topostext.org/place/376232PEpi" target="_blank">https://topostext.org/place/376232PEpi</a>]]></description>
        <Point><coordinates>23.1602,37.6335</coordinates></Point>
      </Placemark>

      <Placemark>
        <name>Epidauros</name>
        <description><![CDATA[<strong>name</strong>: Epidauros<br><strong>region</strong>: Epidauria Bk2<br><strong>part of</strong>: Epidauria Bk2<br><strong>altname</strong>: Epidaurus polis<br><strong>Wikidata</strong>: <a href="https://wikidata.org/wiki/Q233576" target="_blank">https://wikidata.org/wiki/Q233576</a><br><strong>type</strong>: settlement<br><strong>passages</strong>: 1.25.4, 2.10.3, 2.25.10, 2.25.7, 2.26.1, 2.26.2, 2.26.3, 2.26.4, 2.26.7, 2.26.8, 2.26.9, 2.28.3, 2.28.4, 2.28.8, 2.29.1, 2.29.2, 2.29.5, 2.30.5, 5.11.11, 8.1.1, 9.23.1, 9.7.5<br><strong>Pleiades</strong>: <a href="https://pleiades.stoa.org/places/570228" target="_blank">https://pleiades.stoa.org/places/570228</a><br><strong>ToposText</strong>: <a href="https://topostext.org/place/376232PEpi" target="_blank">https://topostext.org/place/376232PEpi</a>]]></description>
        <Point><coordinates>23.1602,37.6335</coordinates></Point>
      </Placemark>

      <Placemark>
        <name>Epidauros</name>
        <description><![CDATA[<strong>name</strong>: Epidauros<br><strong>region</strong>: Epidauria Bk2<br><strong>part of</strong>: Epidauria Bk2<br><strong>altname</strong>: Epidaurus polis<br><strong>Wikidata</strong>: <a href="https://wikidata.org/wiki/Q233576" target="_blank">https://wikidata.org/wiki/Q233576</a><br><strong>type</strong>: settlement<br><strong>passages</strong>: 1.25.4, 2.10.3, 2.25.10, 2.25.7, 2.26.1, 2.26.2, 2.26.3, 2.26.4, 2.26.7, 2.26.8, 2.26.9, 2.28.3, 2.28.4, 2.28.8, 2.29.1, 2.29.2, 2.29.5, 2.30.5, 5.11.11, 8.1.1, 9.23.1, 9.7.5<br><strong>Pleiades</strong>: <a href="https://pleiades.stoa.org/places/570228" target="_blank">https://pleiades.stoa.org/places/570228</a><br><strong>ToposText</strong>: <a href="https://topostext.org/place/376232PEpi" target="_blank">https://topostext.org/place/376232PEpi</a>]]></description>
        <Point><coordinates>23.1602,37.6335</coordinates></Point>
      </Placemark>

      <Placemark>
        <name>Epidauros</name>
        <description><![CDATA[<strong>name</strong>: Epidauros<br><strong>region</strong>: Epidauria Bk2<br><strong>part of</strong>: Epidauria Bk2<br><strong>altname</strong>: Epidaurus polis<br><strong>Wikidata</strong>: <a href="https://wikidata.org/wiki/Q233576" target="_blank">https://wikidata.org/wiki/Q233576</a><br><strong>type</strong>: settlement<br><strong>passages</strong>: 1.25.4, 2.10.3, 2.25.10, 2.25.7, 2.26.1, 2.26.2, 2.26.3, 2.26.4, 2.26.7, 2.26.8, 2.26.9, 2.28.3, 2.28.4, 2.28.8, 2.29.1, 2.29.2, 2.29.5, 2.30.5, 5.11.11, 8.1.1, 9.23.1, 9.7.5<br><strong>Pleiades</strong>: <a href="https://pleiades.stoa.org/places/570228" target="_blank">https://pleiades.stoa.org/places/570228</a><br><strong>ToposText</strong>: <a href="https://topostext.org/place/376232PEpi" target="_blank">https://topostext.org/place/376232PEpi</a>]]></description>
        <Point><coordinates>23.1602,37.6335</coordinates></Point>
      </Placemark>

      <Placemark>
        <name>Epidauros</name>
        <description><![CDATA[<strong>name</strong>: Epidauros<br><strong>region</strong>: Epidauria Bk2<br><strong>part of</strong>: Epidauria Bk2<br><strong>altname</strong>: Epidaurus polis<br><strong>Wikidata</strong>: <a href="https://wikidata.org/wiki/Q233576" target="_blank">https://wikidata.org/wiki/Q233576</a><br><strong>type</strong>: settlement<br><strong>passages</strong>: 1.25.4, 2.10.3, 2.25.10, 2.25.7, 2.26.1, 2.26.2, 2.26.3, 2.26.4, 2.26.7, 2.26.8, 2.26.9, 2.28.3, 2.28.4, 2.28.8, 2.29.1, 2.29.2, 2.29.5, 2.30.5, 5.11.11, 8.1.1, 9.23.1, 9.7.5<br><strong>Pleiades</strong>: <a href="https://pleiades.stoa.org/places/570228" target="_blank">https://pleiades.stoa.org/places/570228</a><br><strong>ToposText</strong>: <a href="https://topostext.org/place/376232PEpi" target="_blank">https://topostext.org/place/376232PEpi</a>]]></description>
        <Point><coordinates>23.1602,37.6335</coordinates></Point>
      </Placemark>

      <Placemark>
        <name>Epidauros</name>
        <description><![CDATA[<strong>name</strong>: Epidauros<br><strong>region</strong>: Epidauria Bk2<br><strong>part of</strong>: Epidauria Bk2<br><strong>altname</strong>: Epidaurus polis<br><strong>Wikidata</strong>: <a href="https://wikidata.org/wiki/Q233576" target="_blank">https://wikidata.org/wiki/Q233576</a><br><strong>type</strong>: settlement<br><strong>passages</strong>: 1.25.4, 2.10.3, 2.25.10, 2.25.7, 2.26.1, 2.26.2, 2.26.3, 2.26.4, 2.26.7, 2.26.8, 2.26.9, 2.28.3, 2.28.4, 2.28.8, 2.29.1, 2.29.2, 2.29.5, 2.30.5, 5.11.11, 8.1.1, 9.23.1, 9.7.5<br><strong>Pleiades</strong>: <a href="https://pleiades.stoa.org/places/570228" target="_blank">https://pleiades.stoa.org/places/570228</a><br><strong>ToposText</strong>: <a href="https://topostext.org/place/376232PEpi" target="_blank">https://topostext.org/place/376232PEpi</a>]]></description>
        <Point><coordinates>23.1602,37.6335</coordinates></Point>
      </Placemark>

      <Placemark>
        <name>Epidauros</name>
        <description><![CDATA[<strong>name</strong>: Epidauros<br><strong>region</strong>: Epidauria Bk2<br><strong>part of</strong>: Epidauria Bk2<br><strong>altname</strong>: Epidaurus polis<br><strong>Wikidata</strong>: <a href="https://wikidata.org/wiki/Q233576" target="_blank">https://wikidata.org/wiki/Q233576</a><br><strong>type</strong>: settlement<br><strong>passages</strong>: 1.25.4, 2.10.3, 2.25.10, 2.25.7, 2.26.1, 2.26.2, 2.26.3, 2.26.4, 2.26.7, 2.26.8, 2.26.9, 2.28.3, 2.28.4, 2.28.8, 2.29.1, 2.29.2, 2.29.5, 2.30.5, 5.11.11, 8.1.1, 9.23.1, 9.7.5<br><strong>Pleiades</strong>: <a href="https://pleiades.stoa.org/places/570228" target="_blank">https://pleiades.stoa.org/places/570228</a><br><strong>ToposText</strong>: <a href="https://topostext.org/place/376232PEpi" target="_blank">https://topostext.org/place/376232PEpi</a>]]></description>
        <Point><coordinates>23.1602,37.6335</coordinates></Point>
      </Placemark>

      <Placemark>
        <name>Epidauros</name>
        <description><![CDATA[<strong>name</strong>: Epidauros<br><strong>region</strong>: Epidauria Bk2<br><strong>part of</strong>: Epidauria Bk2<br><strong>altname</strong>: Epidaurus polis<br><strong>Wikidata</strong>: <a href="https://wikidata.org/wiki/Q233576" target="_blank">https://wikidata.org/wiki/Q233576</a><br><strong>type</strong>: settlement<br><strong>passages</strong>: 1.25.4, 2.10.3, 2.25.10, 2.25.7, 2.26.1, 2.26.2, 2.26.3, 2.26.4, 2.26.7, 2.26.8, 2.26.9, 2.28.3, 2.28.4, 2.28.8, 2.29.1, 2.29.2, 2.29.5, 2.30.5, 5.11.11, 8.1.1, 9.23.1, 9.7.5<br><strong>Pleiades</strong>: <a href="https://pleiades.stoa.org/places/570228" target="_blank">https://pleiades.stoa.org/places/570228</a><br><strong>ToposText</strong>: <a href="https://topostext.org/place/376232PEpi" target="_blank">https://topostext.org/place/376232PEpi</a>]]></description>
        <Point><coordinates>23.1602,37.6335</coordinates></Point>
      </Placemark>

      <Placemark>
        <name>Epidauros</name>
        <description><![CDATA[<strong>name</strong>: Epidauros<br><strong>region</strong>: Epidauria Bk2<br><strong>part of</strong>: Epidauria Bk2<br><strong>altname</strong>: Epidaurus polis<br><strong>Wikidata</strong>: <a href="https://wikidata.org/wiki/Q233576" target="_blank">https://wikidata.org/wiki/Q233576</a><br><strong>type</strong>: settlement<br><strong>passages</strong>: 1.25.4, 2.10.3, 2.25.10, 2.25.7, 2.26.1, 2.26.2, 2.26.3, 2.26.4, 2.26.7, 2.26.8, 2.26.9, 2.28.3, 2.28.4, 2.28.8, 2.29.1, 2.29.2, 2.29.5, 2.30.5, 5.11.11, 8.1.1, 9.23.1, 9.7.5<br><strong>Pleiades</strong>: <a href="https://pleiades.stoa.org/places/570228" target="_blank">https://pleiades.stoa.org/places/570228</a><br><strong>ToposText</strong>: <a href="https://topostext.org/place/376232PEpi" target="_blank">https://topostext.org/place/376232PEpi</a>]]></description>
        <Point><coordinates>23.1602,37.6335</coordinates></Point>
      </Placemark>

      <Placemark>
        <name>Epidauros</name>
        <description><![CDATA[<strong>name</strong>: Epidauros<br><strong>region</strong>: Epidauria Bk2<br><strong>part of</strong>: Epidauria Bk2<br><strong>altname</strong>: Epidaurus polis<br><strong>Wikidata</strong>: <a href="https://wikidata.org/wiki/Q233576" target="_blank">https://wikidata.org/wiki/Q233576</a><br><strong>type</strong>: settlement<br><strong>passages</strong>: 1.25.4, 2.10.3, 2.25.10, 2.25.7, 2.26.1, 2.26.2, 2.26.3, 2.26.4, 2.26.7, 2.26.8, 2.26.9, 2.28.3, 2.28.4, 2.28.8, 2.29.1, 2.29.2, 2.29.5, 2.30.5, 5.11.11, 8.1.1, 9.23.1, 9.7.5<br><strong>Pleiades</strong>: <a href="https://pleiades.stoa.org/places/570228" target="_blank">https://pleiades.stoa.org/places/570228</a><br><strong>ToposText</strong>: <a href="https://topostext.org/place/376232PEpi" target="_blank">https://topostext.org/place/376232PEpi</a>]]></description>
        <Point><coordinates>23.1602,37.6335</coordinates></Point>
      </Placemark>

      <Placemark>
        <name>Epidauros</name>
        <description><![CDATA[<strong>name</strong>: Epidauros<br><strong>region</strong>: Epidauria Bk2<br><strong>part of</strong>: Epidauria Bk2<br><strong>altname</strong>: Epidaurus polis<br><strong>Wikidata</strong>: <a href="https://wikidata.org/wiki/Q233576" target="_blank">https://wikidata.org/wiki/Q233576</a><br><strong>type</strong>: settlement<br><strong>passages</strong>: 1.25.4, 2.10.3, 2.25.10, 2.25.7, 2.26.1, 2.26.2, 2.26.3, 2.26.4, 2.26.7, 2.26.8, 2.26.9, 2.28.3, 2.28.4, 2.28.8, 2.29.1, 2.29.2, 2.29.5, 2.30.5, 5.11.11, 8.1.1, 9.23.1, 9.7.5<br><strong>Pleiades</strong>: <a href="https://pleiades.stoa.org/places/570228" target="_blank">https://pleiades.stoa.org/places/570228</a><br><strong>ToposText</strong>: <a href="https://topostext.org/place/376232PEpi" target="_blank">https://topostext.org/place/376232PEpi</a>]]></description>
        <Point><coordinates>23.1602,37.6335</coordinates></Point>
      </Placemark>

      <Placemark>
        <name>Epidauros</name>
        <description><![CDATA[<strong>name</strong>: Epidauros<br><strong>region</strong>: Epidauria Bk2<br><strong>part of</strong>: Epidauria Bk2<br><strong>altname</strong>: Epidaurus polis<br><strong>Wikidata</strong>: <a href="https://wikidata.org/wiki/Q233576" target="_blank">https://wikidata.org/wiki/Q233576</a><br><strong>type</strong>: settlement<br><strong>passages</strong>: 1.25.4, 2.10.3, 2.25.10, 2.25.7, 2.26.1, 2.26.2, 2.26.3, 2.26.4, 2.26.7, 2.26.8, 2.26.9, 2.28.3, 2.28.4, 2.28.8, 2.29.1, 2.29.2, 2.29.5, 2.30.5, 5.11.11, 8.1.1, 9.23.1, 9.7.5<br><strong>Pleiades</strong>: <a href="https://pleiades.stoa.org/places/570228" target="_blank">https://pleiades.stoa.org/places/570228</a><br><strong>ToposText</strong>: <a href="https://topostext.org/place/376232PEpi" target="_blank">https://topostext.org/place/376232PEpi</a>]]></description>
        <Point><coordinates>23.1602,37.6335</coordinates></Point>
      </Placemark>

      <Placemark>
        <name>Epidauros</name>
        <description><![CDATA[<strong>name</strong>: Epidauros<br><strong>region</strong>: Epidauria Bk2<br><strong>part of</strong>: Epidauria Bk2<br><strong>altname</strong>: Epidaurus polis<br><strong>Wikidata</strong>: <a href="https://wikidata.org/wiki/Q233576" target="_blank">https://wikidata.org/wiki/Q233576</a><br><strong>type</strong>: settlement<br><strong>passages</strong>: 1.25.4, 2.10.3, 2.25.10, 2.25.7, 2.26.1, 2.26.2, 2.26.3, 2.26.4, 2.26.7, 2.26.8, 2.26.9, 2.28.3, 2.28.4, 2.28.8, 2.29.1, 2.29.2, 2.29.5, 2.30.5, 5.11.11, 8.1.1, 9.23.1, 9.7.5<br><strong>Pleiades</strong>: <a href="https://pleiades.stoa.org/places/570228" target="_blank">https://pleiades.stoa.org/places/570228</a><br><strong>ToposText</strong>: <a href="https://topostext.org/place/376232PEpi" target="_blank">https://topostext.org/place/376232PEpi</a>]]></description>
        <Point><coordinates>23.1602,37.6335</coordinates></Point>
      </Placemark>

      <Placemark>
        <name>Temple of Artemis in Aigina</name>
        <description><![CDATA[<strong>name</strong>: Temple of Artemis in Aigina<br><strong>region</strong>: Aigina island Bk2<br><strong>part of</strong>: Aigina polity<br><strong>location</strong>: Aigina polity<br><strong>type</strong>: temple<br><strong>passages</strong>: 2.30.1]]></description>
        <Point><coordinates>23.42372,37.74991</coordinates></Point>
      </Placemark>

      <Placemark>
        <name>Sanctuary of Demeter Mysia in Argos, a little beyond Thyestes&apos; tomb, on the left</name>
        <description><![CDATA[<strong>name</strong>: Sanctuary of Demeter Mysia in Argos, a little beyond Thyestes&apos; tomb, on the left<br><strong>region</strong>: Argolid Bk2<br><strong>part of</strong>: Argos (Argolid)<br><strong>location</strong>: Argos (Argolid)<br><strong>Wikidata</strong>: <a href="https://wikidata.org/wiki/Q134037449" target="_blank">https://wikidata.org/wiki/Q134037449</a><br><strong>type</strong>: hieron<br><strong>passages</strong>: 2.18.3]]></description>
        <Point><coordinates>22.7195,37.6316</coordinates></Point>
      </Placemark>

      <Placemark>
        <name>Corinthia Bk2</name>
        <description><![CDATA[<strong>name</strong>: Corinthia Bk2<br><strong>region</strong>: Corinthia Bk2<br><strong>part of</strong>: Peloponnesos<br><strong>Wikidata</strong>: <a href="https://wikidata.org/wiki/Q12899460" target="_blank">https://wikidata.org/wiki/Q12899460</a><br><strong>type</strong>: chora/region<br><strong>passages</strong>: 2.1.1, 2.1.3, 2.1.6, 2.5.5<br><strong>Pleiades</strong>: <a href="https://pleiades.stoa.org/places/570180" target="_blank">https://pleiades.stoa.org/places/570180</a>]]></description>
        <Point><coordinates>22.834379,37.798572</coordinates></Point>
      </Placemark>

      <Placemark>
        <name>Corinthia Bk2</name>
        <description><![CDATA[<strong>name</strong>: Corinthia Bk2<br><strong>region</strong>: Corinthia Bk2<br><strong>part of</strong>: Peloponnesos<br><strong>Wikidata</strong>: <a href="https://wikidata.org/wiki/Q12899460" target="_blank">https://wikidata.org/wiki/Q12899460</a><br><strong>type</strong>: chora/region<br><strong>passages</strong>: 2.1.1, 2.1.3, 2.1.6, 2.5.5<br><strong>Pleiades</strong>: <a href="https://pleiades.stoa.org/places/570180" target="_blank">https://pleiades.stoa.org/places/570180</a>]]></description>
        <Point><coordinates>22.834379,37.798572</coordinates></Point>
      </Placemark>

      <Placemark>
        <name>Corinthia Bk2</name>
        <description><![CDATA[<strong>name</strong>: Corinthia Bk2<br><strong>region</strong>: Corinthia Bk2<br><strong>part of</strong>: Peloponnesos<br><strong>Wikidata</strong>: <a href="https://wikidata.org/wiki/Q12899460" target="_blank">https://wikidata.org/wiki/Q12899460</a><br><strong>type</strong>: chora/region<br><strong>passages</strong>: 2.1.1, 2.1.3, 2.1.6, 2.5.5<br><strong>Pleiades</strong>: <a href="https://pleiades.stoa.org/places/570180" target="_blank">https://pleiades.stoa.org/places/570180</a>]]></description>
        <Point><coordinates>22.834379,37.798572</coordinates></Point>
      </Placemark>

      <Placemark>
        <name>Corinthia Bk2</name>
        <description><![CDATA[<strong>name</strong>: Corinthia Bk2<br><strong>region</strong>: Corinthia Bk2<br><strong>part of</strong>: Peloponnesos<br><strong>Wikidata</strong>: <a href="https://wikidata.org/wiki/Q12899460" target="_blank">https://wikidata.org/wiki/Q12899460</a><br><strong>type</strong>: chora/region<br><strong>passages</strong>: 2.1.1, 2.1.3, 2.1.6, 2.5.5<br><strong>Pleiades</strong>: <a href="https://pleiades.stoa.org/places/570180" target="_blank">https://pleiades.stoa.org/places/570180</a>]]></description>
        <Point><coordinates>22.834379,37.798572</coordinates></Point>
      </Placemark>

      <Placemark>
        <name>Tomb of Eurymedon the charioteer in Mycenae</name>
        <description><![CDATA[<strong>name</strong>: Tomb of Eurymedon the charioteer in Mycenae<br><strong>region</strong>: Argolid Bk2<br><strong>part of</strong>: Mycenae<br><strong>location</strong>: Mycenae<br><strong>Wikidata</strong>: <a href="https://wikidata.org/wiki/Q136487507" target="_blank">https://wikidata.org/wiki/Q136487507</a><br><strong>type</strong>: tomb mnema<br><strong>passages</strong>: 2.16.6<br><strong>Manto</strong>: <a href="https://resource.manto.unh.edu/10159504" target="_blank">https://resource.manto.unh.edu/10159504</a>]]></description>
        <Point><coordinates>22.756111,37.730833</coordinates></Point>
      </Placemark>

      <Placemark>
        <name>Tomb of Tēmenus in Tēmenion</name>
        <description><![CDATA[<strong>name</strong>: Tomb of Tēmenus in Tēmenion<br><strong>region</strong>: Argolid Bk2<br><strong>part of</strong>: Temenion<br><strong>location</strong>: Temenion<br><strong>Wikidata</strong>: <a href="https://wikidata.org/wiki/Q136487407" target="_blank">https://wikidata.org/wiki/Q136487407</a><br><strong>type</strong>: tomb mnema<br><strong>passages</strong>: 2.38.1<br><strong>Manto</strong>: <a href="https://resource.manto.unh.edu/10191957" target="_blank">https://resource.manto.unh.edu/10191957</a>]]></description>
        <Point><coordinates>22.737804,37.581685</coordinates></Point>
      </Placemark>

      <Placemark>
        <name>Olive trees on n the road passing from Anigraia and going to the sea</name>
        <description><![CDATA[<strong>name</strong>: Olive trees on n the road passing from Anigraia and going to the sea<br><strong>region</strong>: Argolid Bk2<br><strong>part of</strong>: Anigraia<br><strong>location</strong>: Anigraia<br><strong>type</strong>: olive<br><strong>passages</strong>: 2.38.4]]></description>
        <Point><coordinates>22.7348,37.469</coordinates></Point>
      </Placemark>

      <Placemark>
        <name>hero shrine of Aratos in Aigion</name>
        <description><![CDATA[<strong>name</strong>: hero shrine of Aratos in Aigion<br><strong>region</strong>: Achaia Bk7<br><strong>part of</strong>: Aigion (Achaia)<br><strong>location</strong>: Aigion (Achaia)<br><strong>Wikidata</strong>: <a href="https://wikidata.org/wiki/Q136487494" target="_blank">https://wikidata.org/wiki/Q136487494</a><br><strong>type</strong>: heroon<br><strong>passages</strong>: 2.9.4]]></description>
        <Point><coordinates>22.09,38.252</coordinates></Point>
      </Placemark>

      <Placemark>
        <name>Temple of the Eumenides on Sicyon-Titane road</name>
        <description><![CDATA[<strong>name</strong>: Temple of the Eumenides on Sicyon-Titane road<br><strong>region</strong>: Sikyonia Bk2<br><strong>part of</strong>: Oak grove of the Eumenides on Sicyon - Titane road.<br><strong>location</strong>: Oak grove of the Eumenides on Sicyon - Titane road.<br><strong>altname</strong>: temple 20 stades from Sicyon on road to Phlius<br><strong>type</strong>: temple<br><strong>passages</strong>: 2.11.4]]></description>
        <Point><coordinates>22.678,37.96</coordinates></Point>
      </Placemark>

      <Placemark>
        <name>Altar of Zeus Phyxios, in the Argos Agora</name>
        <description><![CDATA[<strong>name</strong>: Altar of Zeus Phyxios, in the Argos Agora<br><strong>region</strong>: Argolid Bk2<br><strong>part of</strong>: Agora of Argos<br><strong>location</strong>: Agora of Argos<br><strong>type</strong>: altar<br><strong>passages</strong>: 2.21.2]]></description>
        <Point><coordinates>22.7214,37.6305</coordinates></Point>
      </Placemark>

      <Placemark>
        <name>Stone enclosure near the river Cheimarros, on the road from Argos to Lerna</name>
        <description><![CDATA[<strong>name</strong>: Stone enclosure near the river Cheimarros, on the road from Argos to Lerna<br><strong>region</strong>: Argolid Bk2<br><strong>part of</strong>: Lerna (Argolid)<br><strong>location</strong>: Lerna (Argolid)<br><strong>type</strong>: enclosure<br><strong>passages</strong>: 2.36.7]]></description>
        <Point><coordinates>22.7182,37.5511</coordinates></Point>
      </Placemark>

      <Placemark>
        <name>Outer room, of Sleep, in Sicyon</name>
        <description><![CDATA[<strong>name</strong>: Outer room, of Sleep, in Sicyon<br><strong>region</strong>: Sikyonia Bk2<br><strong>part of</strong>: Sicyon (Sikyonia)<br><strong>location</strong>: Sicyon (Sikyonia)<br><strong>type</strong>: building<br><strong>passages</strong>: 2.10.2]]></description>
        <Point><coordinates>22.7145,37.9834</coordinates></Point>
      </Placemark>

      <Placemark>
        <name>Kenchreai (Korinthia)</name>
        <description><![CDATA[<strong>name</strong>: Kenchreai (Korinthia)<br><strong>region</strong>: Corinthia Bk2<br><strong>part of</strong>: Corinthia Bk2<br><strong>Wikidata</strong>: <a href="https://wikidata.org/wiki/Q111565756" target="_blank">https://wikidata.org/wiki/Q111565756</a><br><strong>type</strong>: harbor limen<br><strong>passages</strong>: 2.1.5, 2.2.3<br><strong>Pleiades</strong>: <a href="https://pleiades.stoa.org/places/570347" target="_blank">https://pleiades.stoa.org/places/570347</a><br><strong>ToposText</strong>: <a href="https://topostext.org/place/379230HKen" target="_blank">https://topostext.org/place/379230HKen</a>]]></description>
        <Point><coordinates>22.9925,37.8824</coordinates></Point>
      </Placemark>

      <Placemark>
        <name>Kenchreai (Korinthia)</name>
        <description><![CDATA[<strong>name</strong>: Kenchreai (Korinthia)<br><strong>region</strong>: Corinthia Bk2<br><strong>part of</strong>: Corinthia Bk2<br><strong>Wikidata</strong>: <a href="https://wikidata.org/wiki/Q111565756" target="_blank">https://wikidata.org/wiki/Q111565756</a><br><strong>type</strong>: harbor limen<br><strong>passages</strong>: 2.1.5, 2.2.3<br><strong>Pleiades</strong>: <a href="https://pleiades.stoa.org/places/570347" target="_blank">https://pleiades.stoa.org/places/570347</a><br><strong>ToposText</strong>: <a href="https://topostext.org/place/379230HKen" target="_blank">https://topostext.org/place/379230HKen</a>]]></description>
        <Point><coordinates>22.9925,37.8824</coordinates></Point>
      </Placemark>

      <Placemark>
        <name>Great Theater (Epidauros Asklepieion)</name>
        <description><![CDATA[<strong>name</strong>: Great Theater (Epidauros Asklepieion)<br><strong>region</strong>: Epidauria Bk2<br><strong>part of</strong>: Asklepieion of Epidauros<br><strong>Wikidata</strong>: <a href="https://wikidata.org/wiki/Q608198" target="_blank">https://wikidata.org/wiki/Q608198</a><br><strong>type</strong>: theater<br><strong>passages</strong>: 2.27.5, 2.29.11<br><strong>ToposText</strong>: <a href="https://topostext.org/place/376231BGTh" target="_blank">https://topostext.org/place/376231BGTh</a>]]></description>
        <Point><coordinates>23.079283,37.596125</coordinates></Point>
      </Placemark>

      <Placemark>
        <name>Great Theater (Epidauros Asklepieion)</name>
        <description><![CDATA[<strong>name</strong>: Great Theater (Epidauros Asklepieion)<br><strong>region</strong>: Epidauria Bk2<br><strong>part of</strong>: Asklepieion of Epidauros<br><strong>Wikidata</strong>: <a href="https://wikidata.org/wiki/Q608198" target="_blank">https://wikidata.org/wiki/Q608198</a><br><strong>type</strong>: theater<br><strong>passages</strong>: 2.27.5, 2.29.11<br><strong>ToposText</strong>: <a href="https://topostext.org/place/376231BGTh" target="_blank">https://topostext.org/place/376231BGTh</a>]]></description>
        <Point><coordinates>23.079283,37.596125</coordinates></Point>
      </Placemark>

      <Placemark>
        <name>Precinct of Hippolytus in Troizen</name>
        <description><![CDATA[<strong>name</strong>: Precinct of Hippolytus in Troizen<br><strong>region</strong>: Troizenia Bk2<br><strong>part of</strong>: Troizen (Troizenia)<br><strong>location</strong>: Troizen (Troizenia)<br><strong>type</strong>: temenos<br><strong>passages</strong>: 2.32.1<br><strong>Manto</strong>: <a href="https://resource.manto.unh.edu/10214902" target="_blank">https://resource.manto.unh.edu/10214902</a>]]></description>
        <Point><coordinates>23.3484,37.5033</coordinates></Point>
      </Placemark>

      <Placemark>
        <name>Temple of Egyptian Hygeia, Asklepios, Apollo at Epidauros, Asklepieion</name>
        <description><![CDATA[<strong>name</strong>: Temple of Egyptian Hygeia, Asklepios, Apollo at Epidauros, Asklepieion<br><strong>region</strong>: Epidauria Bk2<br><strong>part of</strong>: Asklepieion of Epidauros<br><strong>location</strong>: Asklepieion of Epidauros<br><strong>type</strong>: temple<br><strong>passages</strong>: 2.27.6]]></description>
        <Point><coordinates>23.075,37.597</coordinates></Point>
      </Placemark>

      <Placemark>
        <name>Salamis (island)</name>
        <description><![CDATA[<strong>name</strong>: Salamis (island)<br><strong>region</strong>: Attica Bk1<br><strong>part of</strong>: Attica Bk1<br><strong>Wikidata</strong>: <a href="https://wikidata.org/wiki/Q202422" target="_blank">https://wikidata.org/wiki/Q202422</a><br><strong>type</strong>: island<br><strong>passages</strong>: 1.14.5, 1.25.6, 1.3.2, 1.35.2, 1.35.3, 1.35.4, 1.36.1, 1.36.2, 1.40.5, 10.31.1, 2.29.10, 2.8.6, 4.36.6<br><strong>Pleiades</strong>: <a href="https://pleiades.stoa.org/places/580101" target="_blank">https://pleiades.stoa.org/places/580101</a><br><strong>URL</strong>: <a href="https://imperium.ahlfeldt.se/places/41417" target="_blank">https://imperium.ahlfeldt.se/places/41417</a>]]></description>
        <Point><coordinates>23.51,37.93</coordinates></Point>
      </Placemark>

      <Placemark>
        <name>Salamis (island)</name>
        <description><![CDATA[<strong>name</strong>: Salamis (island)<br><strong>region</strong>: Attica Bk1<br><strong>part of</strong>: Attica Bk1<br><strong>Wikidata</strong>: <a href="https://wikidata.org/wiki/Q202422" target="_blank">https://wikidata.org/wiki/Q202422</a><br><strong>type</strong>: island<br><strong>passages</strong>: 1.14.5, 1.25.6, 1.3.2, 1.35.2, 1.35.3, 1.35.4, 1.36.1, 1.36.2, 1.40.5, 10.31.1, 2.29.10, 2.8.6, 4.36.6<br><strong>Pleiades</strong>: <a href="https://pleiades.stoa.org/places/580101" target="_blank">https://pleiades.stoa.org/places/580101</a><br><strong>URL</strong>: <a href="https://imperium.ahlfeldt.se/places/41417" target="_blank">https://imperium.ahlfeldt.se/places/41417</a>]]></description>
        <Point><coordinates>23.51,37.93</coordinates></Point>
      </Placemark>

      <Placemark>
        <name>Olympia</name>
        <description><![CDATA[<strong>name</strong>: Olympia<br><strong>region</strong>: Eleia Bk5 Bk6<br><strong>part of</strong>: Pisa (Eleia)<br><strong>altname</strong>: Sanctuary of Olympian Zeus in Pisatis<br><strong>Wikidata</strong>: <a href="https://wikidata.org/wiki/Q38888" target="_blank">https://wikidata.org/wiki/Q38888</a><br><strong>type</strong>: hieron<br><strong>passages</strong>: 1.28.1, 1.35.6, 1.44.1, 10.14.5, 10.37.4, 10.38.8, 10.7.5, 10.9.4, 2.11.8, 2.5.7, 2.7.2, 3.8.3, 3.8.4, 3.8.5, 4.31.6, 5.1.4, 5.1.7, 5.10.1, 5.10.3, 5.10.4, 5.10.5, 5.10.7, 5.10.9, 5.11.10, 5.11.4, 5.11.9, 5.12.4, 5.12.5, 5.12.8, 5.13.1, 5.13.10, 5.13.9, 5.14.1, 5.14.2, 5.14.4, 5.15.12, 5.15.3, 5.16.8, 5.17.5, 5.2.3, 5.2.5, 5.20.6, 5.21.16, 5.23.3, 5.23.6, 5.24.4, 5.24.6, 5.24.8, 5.25.12, 5.25.13, 5.25.4, 5.25.5, 5.25.7, 5.26.1, 5.26.4, 5.26.5, 5.26.7, 5.27.1, 5.27.2, 5.27.9, 5.4.4, 5.4.5, 5.4.6, 5.4.7, 5.4.8, 5.5.3, 5.6.1, 5.6.7, 5.6.8, 5.7.1, 5.7.10, 5.7.6, 5.7.9, 5.8.1, 5.8.2, 5.8.5, 5.8.6, 5.9.1, 5.9.4, 6.1.6, 6.10.2, 6.10.4, 6.10.8, 6.12.4, 6.12.5, 6.12.6, 6.12.7, 6.12.8, 6.13.11, 6.13.2, 6.13.3, 6.13.5, 6.13.6, 6.13.8, 6.14.1, 6.14.10, 6.14.13, 6.14.2, 6.14.3, 6.14.5, 6.15.1, 6.15.2, 6.15.3, 6.15.6, 6.15.9, 6.16.1, 6.16.4, 6.16.5, 6.16.8, 6.16.9, 6.17.2, 6.17.7, 6.18.1, 6.18.2, 6.18.7, 6.19.1, 6.19.10, 6.19.14, 6.19.4, 6.2.10, 6.2.2, 6.2.6, 6.20.14, 6.20.19, 6.20.2, 6.20.7, 6.21.2, 6.22.5, 6.22.7, 6.23.1, 6.23.6, 6.3.11, 6.3.14, 6.3.15, 6.3.2, 6.3.9, 6.4.11, 6.4.2, 6.4.5, 6.4.6, 6.4.9, 6.5.7, 6.6.1, 6.6.3, 6.6.5, 6.7.10, 6.7.3, 6.7.8, 6.8.1, 6.8.2, 6.8.3, 6.8.6, 6.9.3, 7.17.13, 7.17.14, 7.17.6, 7.23.5, 7.27.5, 7.27.6, 7.6.4, 8.1.2, 8.19.1, 8.42.9, 8.48.1, 8.48.2, 8.50.3, 8.54.3, 9.23.1, 9.7.5<br><strong>Manto</strong>: <a href="https://resource.manto.unh.edu/10217933" target="_blank">https://resource.manto.unh.edu/10217933</a><br><strong>Pleiades</strong>: <a href="https://pleiades.stoa.org/places/570531" target="_blank">https://pleiades.stoa.org/places/570531</a>]]></description>
        <Point><coordinates>21.630126,37.637849</coordinates></Point>
      </Placemark>

      <Placemark>
        <name>Olympia</name>
        <description><![CDATA[<strong>name</strong>: Olympia<br><strong>region</strong>: Eleia Bk5 Bk6<br><strong>part of</strong>: Pisa (Eleia)<br><strong>altname</strong>: Sanctuary of Olympian Zeus in Pisatis<br><strong>Wikidata</strong>: <a href="https://wikidata.org/wiki/Q38888" target="_blank">https://wikidata.org/wiki/Q38888</a><br><strong>type</strong>: hieron<br><strong>passages</strong>: 1.28.1, 1.35.6, 1.44.1, 10.14.5, 10.37.4, 10.38.8, 10.7.5, 10.9.4, 2.11.8, 2.5.7, 2.7.2, 3.8.3, 3.8.4, 3.8.5, 4.31.6, 5.1.4, 5.1.7, 5.10.1, 5.10.3, 5.10.4, 5.10.5, 5.10.7, 5.10.9, 5.11.10, 5.11.4, 5.11.9, 5.12.4, 5.12.5, 5.12.8, 5.13.1, 5.13.10, 5.13.9, 5.14.1, 5.14.2, 5.14.4, 5.15.12, 5.15.3, 5.16.8, 5.17.5, 5.2.3, 5.2.5, 5.20.6, 5.21.16, 5.23.3, 5.23.6, 5.24.4, 5.24.6, 5.24.8, 5.25.12, 5.25.13, 5.25.4, 5.25.5, 5.25.7, 5.26.1, 5.26.4, 5.26.5, 5.26.7, 5.27.1, 5.27.2, 5.27.9, 5.4.4, 5.4.5, 5.4.6, 5.4.7, 5.4.8, 5.5.3, 5.6.1, 5.6.7, 5.6.8, 5.7.1, 5.7.10, 5.7.6, 5.7.9, 5.8.1, 5.8.2, 5.8.5, 5.8.6, 5.9.1, 5.9.4, 6.1.6, 6.10.2, 6.10.4, 6.10.8, 6.12.4, 6.12.5, 6.12.6, 6.12.7, 6.12.8, 6.13.11, 6.13.2, 6.13.3, 6.13.5, 6.13.6, 6.13.8, 6.14.1, 6.14.10, 6.14.13, 6.14.2, 6.14.3, 6.14.5, 6.15.1, 6.15.2, 6.15.3, 6.15.6, 6.15.9, 6.16.1, 6.16.4, 6.16.5, 6.16.8, 6.16.9, 6.17.2, 6.17.7, 6.18.1, 6.18.2, 6.18.7, 6.19.1, 6.19.10, 6.19.14, 6.19.4, 6.2.10, 6.2.2, 6.2.6, 6.20.14, 6.20.19, 6.20.2, 6.20.7, 6.21.2, 6.22.5, 6.22.7, 6.23.1, 6.23.6, 6.3.11, 6.3.14, 6.3.15, 6.3.2, 6.3.9, 6.4.11, 6.4.2, 6.4.5, 6.4.6, 6.4.9, 6.5.7, 6.6.1, 6.6.3, 6.6.5, 6.7.10, 6.7.3, 6.7.8, 6.8.1, 6.8.2, 6.8.3, 6.8.6, 6.9.3, 7.17.13, 7.17.14, 7.17.6, 7.23.5, 7.27.5, 7.27.6, 7.6.4, 8.1.2, 8.19.1, 8.42.9, 8.48.1, 8.48.2, 8.50.3, 8.54.3, 9.23.1, 9.7.5<br><strong>Manto</strong>: <a href="https://resource.manto.unh.edu/10217933" target="_blank">https://resource.manto.unh.edu/10217933</a><br><strong>Pleiades</strong>: <a href="https://pleiades.stoa.org/places/570531" target="_blank">https://pleiades.stoa.org/places/570531</a>]]></description>
        <Point><coordinates>21.630126,37.637849</coordinates></Point>
      </Placemark>

      <Placemark>
        <name>Olympia</name>
        <description><![CDATA[<strong>name</strong>: Olympia<br><strong>region</strong>: Eleia Bk5 Bk6<br><strong>part of</strong>: Pisa (Eleia)<br><strong>altname</strong>: Sanctuary of Olympian Zeus in Pisatis<br><strong>Wikidata</strong>: <a href="https://wikidata.org/wiki/Q38888" target="_blank">https://wikidata.org/wiki/Q38888</a><br><strong>type</strong>: hieron<br><strong>passages</strong>: 1.28.1, 1.35.6, 1.44.1, 10.14.5, 10.37.4, 10.38.8, 10.7.5, 10.9.4, 2.11.8, 2.5.7, 2.7.2, 3.8.3, 3.8.4, 3.8.5, 4.31.6, 5.1.4, 5.1.7, 5.10.1, 5.10.3, 5.10.4, 5.10.5, 5.10.7, 5.10.9, 5.11.10, 5.11.4, 5.11.9, 5.12.4, 5.12.5, 5.12.8, 5.13.1, 5.13.10, 5.13.9, 5.14.1, 5.14.2, 5.14.4, 5.15.12, 5.15.3, 5.16.8, 5.17.5, 5.2.3, 5.2.5, 5.20.6, 5.21.16, 5.23.3, 5.23.6, 5.24.4, 5.24.6, 5.24.8, 5.25.12, 5.25.13, 5.25.4, 5.25.5, 5.25.7, 5.26.1, 5.26.4, 5.26.5, 5.26.7, 5.27.1, 5.27.2, 5.27.9, 5.4.4, 5.4.5, 5.4.6, 5.4.7, 5.4.8, 5.5.3, 5.6.1, 5.6.7, 5.6.8, 5.7.1, 5.7.10, 5.7.6, 5.7.9, 5.8.1, 5.8.2, 5.8.5, 5.8.6, 5.9.1, 5.9.4, 6.1.6, 6.10.2, 6.10.4, 6.10.8, 6.12.4, 6.12.5, 6.12.6, 6.12.7, 6.12.8, 6.13.11, 6.13.2, 6.13.3, 6.13.5, 6.13.6, 6.13.8, 6.14.1, 6.14.10, 6.14.13, 6.14.2, 6.14.3, 6.14.5, 6.15.1, 6.15.2, 6.15.3, 6.15.6, 6.15.9, 6.16.1, 6.16.4, 6.16.5, 6.16.8, 6.16.9, 6.17.2, 6.17.7, 6.18.1, 6.18.2, 6.18.7, 6.19.1, 6.19.10, 6.19.14, 6.19.4, 6.2.10, 6.2.2, 6.2.6, 6.20.14, 6.20.19, 6.20.2, 6.20.7, 6.21.2, 6.22.5, 6.22.7, 6.23.1, 6.23.6, 6.3.11, 6.3.14, 6.3.15, 6.3.2, 6.3.9, 6.4.11, 6.4.2, 6.4.5, 6.4.6, 6.4.9, 6.5.7, 6.6.1, 6.6.3, 6.6.5, 6.7.10, 6.7.3, 6.7.8, 6.8.1, 6.8.2, 6.8.3, 6.8.6, 6.9.3, 7.17.13, 7.17.14, 7.17.6, 7.23.5, 7.27.5, 7.27.6, 7.6.4, 8.1.2, 8.19.1, 8.42.9, 8.48.1, 8.48.2, 8.50.3, 8.54.3, 9.23.1, 9.7.5<br><strong>Manto</strong>: <a href="https://resource.manto.unh.edu/10217933" target="_blank">https://resource.manto.unh.edu/10217933</a><br><strong>Pleiades</strong>: <a href="https://pleiades.stoa.org/places/570531" target="_blank">https://pleiades.stoa.org/places/570531</a>]]></description>
        <Point><coordinates>21.630126,37.637849</coordinates></Point>
      </Placemark>

      <Placemark>
        <name>Koile road from Kylarabis gymnasium, Argos</name>
        <description><![CDATA[<strong>name</strong>: Koile road from Kylarabis gymnasium, Argos<br><strong>region</strong>: Argolid Bk2<br><strong>part of</strong>: Argos (Argolid)<br><strong>location</strong>: Argos (Argolid)<br><strong>type</strong>: road hodos<br><strong>passages</strong>: 2.23.1, 2.23.3]]></description>
        <Point><coordinates>22.7195,37.6316</coordinates></Point>
      </Placemark>

      <Placemark>
        <name>Koile road from Kylarabis gymnasium, Argos</name>
        <description><![CDATA[<strong>name</strong>: Koile road from Kylarabis gymnasium, Argos<br><strong>region</strong>: Argolid Bk2<br><strong>part of</strong>: Argos (Argolid)<br><strong>location</strong>: Argos (Argolid)<br><strong>type</strong>: road hodos<br><strong>passages</strong>: 2.23.1, 2.23.3]]></description>
        <Point><coordinates>22.7195,37.6316</coordinates></Point>
      </Placemark>

      <Placemark>
        <name>Temple of Isis in Hermione</name>
        <description><![CDATA[<strong>name</strong>: Temple of Isis in Hermione<br><strong>region</strong>: Hermionis Bk2<br><strong>part of</strong>: Hermione<br><strong>location</strong>: Hermione<br><strong>type</strong>: temple<br><strong>passages</strong>: 2.34.10]]></description>
        <Point><coordinates>23.243591,37.385218</coordinates></Point>
      </Placemark>

      <Placemark>
        <name>Sanctuary of Demeter toward plain below Sicyon</name>
        <description><![CDATA[<strong>name</strong>: Sanctuary of Demeter toward plain below Sicyon<br><strong>region</strong>: Sikyonia Bk2<br><strong>part of</strong>: Sicyon (Sikyonia)<br><strong>location</strong>: Sicyon (Sikyonia)<br><strong>Wikidata</strong>: <a href="https://wikidata.org/wiki/Q134037365" target="_blank">https://wikidata.org/wiki/Q134037365</a><br><strong>type</strong>: hieron<br><strong>passages</strong>: 2.11.2<br><strong>Manto</strong>: <a href="https://resource.manto.unh.edu/10159235" target="_blank">https://resource.manto.unh.edu/10159235</a>]]></description>
        <Point><coordinates>22.7145,37.9834</coordinates></Point>
      </Placemark>

      <Placemark>
        <name>Caria region</name>
        <description><![CDATA[<strong>name</strong>: Caria region<br><strong>region</strong>: Asia (continent)<br><strong>part of</strong>: Asia Minor (Asia)<br><strong>altname</strong>: Karia<br><strong>Wikidata</strong>: <a href="https://wikidata.org/wiki/Q193214" target="_blank">https://wikidata.org/wiki/Q193214</a><br><strong>type</strong>: chora/region<br><strong>passages</strong>: 1.1.3, 1.29.7, 2.30.9, 2.5.3, 2.7.1, 3.26.10, 4.35.11, 4.5.3, 5.24.7, 6.13.3, 7.3.1, 8.45.5<br><strong>Pleiades</strong>: <a href="https://pleiades.stoa.org/places/599564" target="_blank">https://pleiades.stoa.org/places/599564</a>]]></description>
        <Point><coordinates>27.5,37.5</coordinates></Point>
      </Placemark>

      <Placemark>
        <name>Caria region</name>
        <description><![CDATA[<strong>name</strong>: Caria region<br><strong>region</strong>: Asia (continent)<br><strong>part of</strong>: Asia Minor (Asia)<br><strong>altname</strong>: Karia<br><strong>Wikidata</strong>: <a href="https://wikidata.org/wiki/Q193214" target="_blank">https://wikidata.org/wiki/Q193214</a><br><strong>type</strong>: chora/region<br><strong>passages</strong>: 1.1.3, 1.29.7, 2.30.9, 2.5.3, 2.7.1, 3.26.10, 4.35.11, 4.5.3, 5.24.7, 6.13.3, 7.3.1, 8.45.5<br><strong>Pleiades</strong>: <a href="https://pleiades.stoa.org/places/599564" target="_blank">https://pleiades.stoa.org/places/599564</a>]]></description>
        <Point><coordinates>27.5,37.5</coordinates></Point>
      </Placemark>

      <Placemark>
        <name>Caria region</name>
        <description><![CDATA[<strong>name</strong>: Caria region<br><strong>region</strong>: Asia (continent)<br><strong>part of</strong>: Asia Minor (Asia)<br><strong>altname</strong>: Karia<br><strong>Wikidata</strong>: <a href="https://wikidata.org/wiki/Q193214" target="_blank">https://wikidata.org/wiki/Q193214</a><br><strong>type</strong>: chora/region<br><strong>passages</strong>: 1.1.3, 1.29.7, 2.30.9, 2.5.3, 2.7.1, 3.26.10, 4.35.11, 4.5.3, 5.24.7, 6.13.3, 7.3.1, 8.45.5<br><strong>Pleiades</strong>: <a href="https://pleiades.stoa.org/places/599564" target="_blank">https://pleiades.stoa.org/places/599564</a>]]></description>
        <Point><coordinates>27.5,37.5</coordinates></Point>
      </Placemark>

      <Placemark>
        <name>Sanctuary of Hestia in Hermione</name>
        <description><![CDATA[<strong>name</strong>: Sanctuary of Hestia in Hermione<br><strong>region</strong>: Hermionis Bk2<br><strong>part of</strong>: Hermione<br><strong>location</strong>: Hermione<br><strong>altname</strong>: no agalma but has altar<br><strong>Wikidata</strong>: <a href="https://wikidata.org/wiki/Q134037748" target="_blank">https://wikidata.org/wiki/Q134037748</a><br><strong>type</strong>: hieron<br><strong>passages</strong>: 2.35.1]]></description>
        <Point><coordinates>23.243591,37.385218</coordinates></Point>
      </Placemark>

      <Placemark>
        <name>Temple of Hera on left of Titane to Sicyon road</name>
        <description><![CDATA[<strong>name</strong>: Temple of Hera on left of Titane to Sicyon road<br><strong>region</strong>: Sikyonia Bk2<br><strong>part of</strong>: Sicyon (Sikyonia)<br><strong>type</strong>: temple<br><strong>passages</strong>: 2.12.2]]></description>
        <Point><coordinates>22.752,38.0035</coordinates></Point>
      </Placemark>

      <Placemark>
        <name>Temple of Athena in the Acropolis at Argos</name>
        <description><![CDATA[<strong>name</strong>: Temple of Athena in the Acropolis at Argos<br><strong>region</strong>: Argolid Bk2<br><strong>part of</strong>: Larisa Citadel above Argos<br><strong>location</strong>: Larisa Citadel above Argos<br><strong>type</strong>: temple<br><strong>passages</strong>: 2.24.3]]></description>
        <Point><coordinates>22.715,37.638</coordinates></Point>
      </Placemark>

      <Placemark>
        <name>Sanctuary of Eileithyia near gate at Argos</name>
        <description><![CDATA[<strong>name</strong>: Sanctuary of Eileithyia near gate at Argos<br><strong>region</strong>: Argolid Bk2<br><strong>part of</strong>: Argos (Argolid)<br><strong>location</strong>: Argos (Argolid)<br><strong>Wikidata</strong>: <a href="https://wikidata.org/wiki/Q134037436" target="_blank">https://wikidata.org/wiki/Q134037436</a><br><strong>type</strong>: hieron<br><strong>passages</strong>: 2.18.3]]></description>
        <Point><coordinates>22.7195,37.6316</coordinates></Point>
      </Placemark>

      <Placemark>
        <name>Tiryns</name>
        <description><![CDATA[<strong>name</strong>: Tiryns<br><strong>region</strong>: Argolid Bk2<br><strong>part of</strong>: Argolid Bk2<br><strong>Wikidata</strong>: <a href="https://wikidata.org/wiki/Q217379" target="_blank">https://wikidata.org/wiki/Q217379</a><br><strong>type</strong>: polis, settlement<br><strong>passages</strong>: 1.32.6, 2.16.2, 2.16.5, 2.17.5, 2.25.8, 5.2.2, 5.23.3, 7.25.6, 8.14.2, 8.27.1, 8.33.3, 8.46.3, 9.11.1, 9.36.5<br><strong>Pleiades</strong>: <a href="https://pleiades.stoa.org/places/570740" target="_blank">https://pleiades.stoa.org/places/570740</a>]]></description>
        <Point><coordinates>22.80004,37.59918</coordinates></Point>
      </Placemark>

      <Placemark>
        <name>Tiryns</name>
        <description><![CDATA[<strong>name</strong>: Tiryns<br><strong>region</strong>: Argolid Bk2<br><strong>part of</strong>: Argolid Bk2<br><strong>Wikidata</strong>: <a href="https://wikidata.org/wiki/Q217379" target="_blank">https://wikidata.org/wiki/Q217379</a><br><strong>type</strong>: polis, settlement<br><strong>passages</strong>: 1.32.6, 2.16.2, 2.16.5, 2.17.5, 2.25.8, 5.2.2, 5.23.3, 7.25.6, 8.14.2, 8.27.1, 8.33.3, 8.46.3, 9.11.1, 9.36.5<br><strong>Pleiades</strong>: <a href="https://pleiades.stoa.org/places/570740" target="_blank">https://pleiades.stoa.org/places/570740</a>]]></description>
        <Point><coordinates>22.80004,37.59918</coordinates></Point>
      </Placemark>

      <Placemark>
        <name>Tiryns</name>
        <description><![CDATA[<strong>name</strong>: Tiryns<br><strong>region</strong>: Argolid Bk2<br><strong>part of</strong>: Argolid Bk2<br><strong>Wikidata</strong>: <a href="https://wikidata.org/wiki/Q217379" target="_blank">https://wikidata.org/wiki/Q217379</a><br><strong>type</strong>: polis, settlement<br><strong>passages</strong>: 1.32.6, 2.16.2, 2.16.5, 2.17.5, 2.25.8, 5.2.2, 5.23.3, 7.25.6, 8.14.2, 8.27.1, 8.33.3, 8.46.3, 9.11.1, 9.36.5<br><strong>Pleiades</strong>: <a href="https://pleiades.stoa.org/places/570740" target="_blank">https://pleiades.stoa.org/places/570740</a>]]></description>
        <Point><coordinates>22.80004,37.59918</coordinates></Point>
      </Placemark>

      <Placemark>
        <name>Tiryns</name>
        <description><![CDATA[<strong>name</strong>: Tiryns<br><strong>region</strong>: Argolid Bk2<br><strong>part of</strong>: Argolid Bk2<br><strong>Wikidata</strong>: <a href="https://wikidata.org/wiki/Q217379" target="_blank">https://wikidata.org/wiki/Q217379</a><br><strong>type</strong>: polis, settlement<br><strong>passages</strong>: 1.32.6, 2.16.2, 2.16.5, 2.17.5, 2.25.8, 5.2.2, 5.23.3, 7.25.6, 8.14.2, 8.27.1, 8.33.3, 8.46.3, 9.11.1, 9.36.5<br><strong>Pleiades</strong>: <a href="https://pleiades.stoa.org/places/570740" target="_blank">https://pleiades.stoa.org/places/570740</a>]]></description>
        <Point><coordinates>22.80004,37.59918</coordinates></Point>
      </Placemark>

      <Placemark>
        <name>Temple of the Moirai (Fates) in Corinth, toward Acrocorinth</name>
        <description><![CDATA[<strong>name</strong>: Temple of the Moirai (Fates) in Corinth, toward Acrocorinth<br><strong>region</strong>: Corinthia Bk2<br><strong>part of</strong>: Corinth (Corinthia)<br><strong>location</strong>: Corinth (Corinthia)<br><strong>type</strong>: temple<br><strong>passages</strong>: 2.4.7]]></description>
        <Point><coordinates>22.8802,37.9054</coordinates></Point>
      </Placemark>

      <Placemark>
        <name>Pylos (Eleia)</name>
        <description><![CDATA[<strong>name</strong>: Pylos (Eleia)<br><strong>region</strong>: Eleia Bk5 Bk6<br><strong>part of</strong>: Eleia Bk5 Bk6<br><strong>Wikidata</strong>: <a href="https://wikidata.org/wiki/Q7263101" target="_blank">https://wikidata.org/wiki/Q7263101</a><br><strong>type</strong>: settlement<br><strong>passages</strong>: 2.18.7, 4.1.3, 4.36.1, 5.3.1, 6.22.5, 6.22.6, 6.25.2, 6.25.3<br><strong>Pleiades</strong>: <a href="https://pleiades.stoa.org/places/570639" target="_blank">https://pleiades.stoa.org/places/570639</a><br><strong>ToposText</strong>: <a href="https://topostext.org/place/373216PPyl" target="_blank">https://topostext.org/place/373216PPyl</a>]]></description>
        <Point><coordinates>21.518,37.901</coordinates></Point>
      </Placemark>

      <Placemark>
        <name>Tomb of Opheltes in Nemea</name>
        <description><![CDATA[<strong>name</strong>: Tomb of Opheltes in Nemea<br><strong>region</strong>: Argolid Bk2<br><strong>part of</strong>: Sanctuary of Nemean Zeus, Nemea<br><strong>location</strong>: Sanctuary of Nemean Zeus, Nemea<br><strong>Wikidata</strong>: <a href="https://wikidata.org/wiki/Q136487411" target="_blank">https://wikidata.org/wiki/Q136487411</a><br><strong>type</strong>: tomb mnema<br><strong>passages</strong>: 2.15.3<br><strong>Manto</strong>: <a href="https://resource.manto.unh.edu/10159399" target="_blank">https://resource.manto.unh.edu/10159399</a>]]></description>
        <Point><coordinates>22.7108,37.8085</coordinates></Point>
      </Placemark>

      <Placemark>
        <name>Isthmus of Corinth</name>
        <description><![CDATA[<strong>name</strong>: Isthmus of Corinth<br><strong>region</strong>: Corinthia Bk2<br><strong>part of</strong>: Corinthia Bk2<br><strong>Wikidata</strong>: <a href="https://wikidata.org/wiki/Q215200" target="_blank">https://wikidata.org/wiki/Q215200</a><br><strong>type</strong>: chora/region<br><strong>passages</strong>: 1.25.4, 1.27.10, 1.44.8, 10.5.3, 2.1.4, 2.1.5, 2.1.6, 2.1.7, 2.15.1, 2.2.2, 2.2.3, 2.29.7, 2.5.7, 2.8.5, 3.21.6, 3.9.1, 4.9.2, 5.2.1, 5.3.6, 6.13.10, 7.15.11, 7.16.1, 7.27.5, 7.6.7, 7.7.2, 8.1.1, 8.48.2, 8.5.1, 8.5.6<br><strong>Pleiades</strong>: <a href="https://pleiades.stoa.org/places/570317" target="_blank">https://pleiades.stoa.org/places/570317</a><br><strong>ToposText</strong>: <a href="https://topostext.org/place/379230LIst" target="_blank">https://topostext.org/place/379230LIst</a>]]></description>
        <Point><coordinates>22.973,37.928</coordinates></Point>
      </Placemark>

      <Placemark>
        <name>Isthmus of Corinth</name>
        <description><![CDATA[<strong>name</strong>: Isthmus of Corinth<br><strong>region</strong>: Corinthia Bk2<br><strong>part of</strong>: Corinthia Bk2<br><strong>Wikidata</strong>: <a href="https://wikidata.org/wiki/Q215200" target="_blank">https://wikidata.org/wiki/Q215200</a><br><strong>type</strong>: chora/region<br><strong>passages</strong>: 1.25.4, 1.27.10, 1.44.8, 10.5.3, 2.1.4, 2.1.5, 2.1.6, 2.1.7, 2.15.1, 2.2.2, 2.2.3, 2.29.7, 2.5.7, 2.8.5, 3.21.6, 3.9.1, 4.9.2, 5.2.1, 5.3.6, 6.13.10, 7.15.11, 7.16.1, 7.27.5, 7.6.7, 7.7.2, 8.1.1, 8.48.2, 8.5.1, 8.5.6<br><strong>Pleiades</strong>: <a href="https://pleiades.stoa.org/places/570317" target="_blank">https://pleiades.stoa.org/places/570317</a><br><strong>ToposText</strong>: <a href="https://topostext.org/place/379230LIst" target="_blank">https://topostext.org/place/379230LIst</a>]]></description>
        <Point><coordinates>22.973,37.928</coordinates></Point>
      </Placemark>

      <Placemark>
        <name>Isthmus of Corinth</name>
        <description><![CDATA[<strong>name</strong>: Isthmus of Corinth<br><strong>region</strong>: Corinthia Bk2<br><strong>part of</strong>: Corinthia Bk2<br><strong>Wikidata</strong>: <a href="https://wikidata.org/wiki/Q215200" target="_blank">https://wikidata.org/wiki/Q215200</a><br><strong>type</strong>: chora/region<br><strong>passages</strong>: 1.25.4, 1.27.10, 1.44.8, 10.5.3, 2.1.4, 2.1.5, 2.1.6, 2.1.7, 2.15.1, 2.2.2, 2.2.3, 2.29.7, 2.5.7, 2.8.5, 3.21.6, 3.9.1, 4.9.2, 5.2.1, 5.3.6, 6.13.10, 7.15.11, 7.16.1, 7.27.5, 7.6.7, 7.7.2, 8.1.1, 8.48.2, 8.5.1, 8.5.6<br><strong>Pleiades</strong>: <a href="https://pleiades.stoa.org/places/570317" target="_blank">https://pleiades.stoa.org/places/570317</a><br><strong>ToposText</strong>: <a href="https://topostext.org/place/379230LIst" target="_blank">https://topostext.org/place/379230LIst</a>]]></description>
        <Point><coordinates>22.973,37.928</coordinates></Point>
      </Placemark>

      <Placemark>
        <name>Isthmus of Corinth</name>
        <description><![CDATA[<strong>name</strong>: Isthmus of Corinth<br><strong>region</strong>: Corinthia Bk2<br><strong>part of</strong>: Corinthia Bk2<br><strong>Wikidata</strong>: <a href="https://wikidata.org/wiki/Q215200" target="_blank">https://wikidata.org/wiki/Q215200</a><br><strong>type</strong>: chora/region<br><strong>passages</strong>: 1.25.4, 1.27.10, 1.44.8, 10.5.3, 2.1.4, 2.1.5, 2.1.6, 2.1.7, 2.15.1, 2.2.2, 2.2.3, 2.29.7, 2.5.7, 2.8.5, 3.21.6, 3.9.1, 4.9.2, 5.2.1, 5.3.6, 6.13.10, 7.15.11, 7.16.1, 7.27.5, 7.6.7, 7.7.2, 8.1.1, 8.48.2, 8.5.1, 8.5.6<br><strong>Pleiades</strong>: <a href="https://pleiades.stoa.org/places/570317" target="_blank">https://pleiades.stoa.org/places/570317</a><br><strong>ToposText</strong>: <a href="https://topostext.org/place/379230LIst" target="_blank">https://topostext.org/place/379230LIst</a>]]></description>
        <Point><coordinates>22.973,37.928</coordinates></Point>
      </Placemark>

      <Placemark>
        <name>Isthmus of Corinth</name>
        <description><![CDATA[<strong>name</strong>: Isthmus of Corinth<br><strong>region</strong>: Corinthia Bk2<br><strong>part of</strong>: Corinthia Bk2<br><strong>Wikidata</strong>: <a href="https://wikidata.org/wiki/Q215200" target="_blank">https://wikidata.org/wiki/Q215200</a><br><strong>type</strong>: chora/region<br><strong>passages</strong>: 1.25.4, 1.27.10, 1.44.8, 10.5.3, 2.1.4, 2.1.5, 2.1.6, 2.1.7, 2.15.1, 2.2.2, 2.2.3, 2.29.7, 2.5.7, 2.8.5, 3.21.6, 3.9.1, 4.9.2, 5.2.1, 5.3.6, 6.13.10, 7.15.11, 7.16.1, 7.27.5, 7.6.7, 7.7.2, 8.1.1, 8.48.2, 8.5.1, 8.5.6<br><strong>Pleiades</strong>: <a href="https://pleiades.stoa.org/places/570317" target="_blank">https://pleiades.stoa.org/places/570317</a><br><strong>ToposText</strong>: <a href="https://topostext.org/place/379230LIst" target="_blank">https://topostext.org/place/379230LIst</a>]]></description>
        <Point><coordinates>22.973,37.928</coordinates></Point>
      </Placemark>

      <Placemark>
        <name>Isthmus of Corinth</name>
        <description><![CDATA[<strong>name</strong>: Isthmus of Corinth<br><strong>region</strong>: Corinthia Bk2<br><strong>part of</strong>: Corinthia Bk2<br><strong>Wikidata</strong>: <a href="https://wikidata.org/wiki/Q215200" target="_blank">https://wikidata.org/wiki/Q215200</a><br><strong>type</strong>: chora/region<br><strong>passages</strong>: 1.25.4, 1.27.10, 1.44.8, 10.5.3, 2.1.4, 2.1.5, 2.1.6, 2.1.7, 2.15.1, 2.2.2, 2.2.3, 2.29.7, 2.5.7, 2.8.5, 3.21.6, 3.9.1, 4.9.2, 5.2.1, 5.3.6, 6.13.10, 7.15.11, 7.16.1, 7.27.5, 7.6.7, 7.7.2, 8.1.1, 8.48.2, 8.5.1, 8.5.6<br><strong>Pleiades</strong>: <a href="https://pleiades.stoa.org/places/570317" target="_blank">https://pleiades.stoa.org/places/570317</a><br><strong>ToposText</strong>: <a href="https://topostext.org/place/379230LIst" target="_blank">https://topostext.org/place/379230LIst</a>]]></description>
        <Point><coordinates>22.973,37.928</coordinates></Point>
      </Placemark>

      <Placemark>
        <name>Isthmus of Corinth</name>
        <description><![CDATA[<strong>name</strong>: Isthmus of Corinth<br><strong>region</strong>: Corinthia Bk2<br><strong>part of</strong>: Corinthia Bk2<br><strong>Wikidata</strong>: <a href="https://wikidata.org/wiki/Q215200" target="_blank">https://wikidata.org/wiki/Q215200</a><br><strong>type</strong>: chora/region<br><strong>passages</strong>: 1.25.4, 1.27.10, 1.44.8, 10.5.3, 2.1.4, 2.1.5, 2.1.6, 2.1.7, 2.15.1, 2.2.2, 2.2.3, 2.29.7, 2.5.7, 2.8.5, 3.21.6, 3.9.1, 4.9.2, 5.2.1, 5.3.6, 6.13.10, 7.15.11, 7.16.1, 7.27.5, 7.6.7, 7.7.2, 8.1.1, 8.48.2, 8.5.1, 8.5.6<br><strong>Pleiades</strong>: <a href="https://pleiades.stoa.org/places/570317" target="_blank">https://pleiades.stoa.org/places/570317</a><br><strong>ToposText</strong>: <a href="https://topostext.org/place/379230LIst" target="_blank">https://topostext.org/place/379230LIst</a>]]></description>
        <Point><coordinates>22.973,37.928</coordinates></Point>
      </Placemark>

      <Placemark>
        <name>Isthmus of Corinth</name>
        <description><![CDATA[<strong>name</strong>: Isthmus of Corinth<br><strong>region</strong>: Corinthia Bk2<br><strong>part of</strong>: Corinthia Bk2<br><strong>Wikidata</strong>: <a href="https://wikidata.org/wiki/Q215200" target="_blank">https://wikidata.org/wiki/Q215200</a><br><strong>type</strong>: chora/region<br><strong>passages</strong>: 1.25.4, 1.27.10, 1.44.8, 10.5.3, 2.1.4, 2.1.5, 2.1.6, 2.1.7, 2.15.1, 2.2.2, 2.2.3, 2.29.7, 2.5.7, 2.8.5, 3.21.6, 3.9.1, 4.9.2, 5.2.1, 5.3.6, 6.13.10, 7.15.11, 7.16.1, 7.27.5, 7.6.7, 7.7.2, 8.1.1, 8.48.2, 8.5.1, 8.5.6<br><strong>Pleiades</strong>: <a href="https://pleiades.stoa.org/places/570317" target="_blank">https://pleiades.stoa.org/places/570317</a><br><strong>ToposText</strong>: <a href="https://topostext.org/place/379230LIst" target="_blank">https://topostext.org/place/379230LIst</a>]]></description>
        <Point><coordinates>22.973,37.928</coordinates></Point>
      </Placemark>

      <Placemark>
        <name>Isthmus of Corinth</name>
        <description><![CDATA[<strong>name</strong>: Isthmus of Corinth<br><strong>region</strong>: Corinthia Bk2<br><strong>part of</strong>: Corinthia Bk2<br><strong>Wikidata</strong>: <a href="https://wikidata.org/wiki/Q215200" target="_blank">https://wikidata.org/wiki/Q215200</a><br><strong>type</strong>: chora/region<br><strong>passages</strong>: 1.25.4, 1.27.10, 1.44.8, 10.5.3, 2.1.4, 2.1.5, 2.1.6, 2.1.7, 2.15.1, 2.2.2, 2.2.3, 2.29.7, 2.5.7, 2.8.5, 3.21.6, 3.9.1, 4.9.2, 5.2.1, 5.3.6, 6.13.10, 7.15.11, 7.16.1, 7.27.5, 7.6.7, 7.7.2, 8.1.1, 8.48.2, 8.5.1, 8.5.6<br><strong>Pleiades</strong>: <a href="https://pleiades.stoa.org/places/570317" target="_blank">https://pleiades.stoa.org/places/570317</a><br><strong>ToposText</strong>: <a href="https://topostext.org/place/379230LIst" target="_blank">https://topostext.org/place/379230LIst</a>]]></description>
        <Point><coordinates>22.973,37.928</coordinates></Point>
      </Placemark>

      <Placemark>
        <name>Isthmus of Corinth</name>
        <description><![CDATA[<strong>name</strong>: Isthmus of Corinth<br><strong>region</strong>: Corinthia Bk2<br><strong>part of</strong>: Corinthia Bk2<br><strong>Wikidata</strong>: <a href="https://wikidata.org/wiki/Q215200" target="_blank">https://wikidata.org/wiki/Q215200</a><br><strong>type</strong>: chora/region<br><strong>passages</strong>: 1.25.4, 1.27.10, 1.44.8, 10.5.3, 2.1.4, 2.1.5, 2.1.6, 2.1.7, 2.15.1, 2.2.2, 2.2.3, 2.29.7, 2.5.7, 2.8.5, 3.21.6, 3.9.1, 4.9.2, 5.2.1, 5.3.6, 6.13.10, 7.15.11, 7.16.1, 7.27.5, 7.6.7, 7.7.2, 8.1.1, 8.48.2, 8.5.1, 8.5.6<br><strong>Pleiades</strong>: <a href="https://pleiades.stoa.org/places/570317" target="_blank">https://pleiades.stoa.org/places/570317</a><br><strong>ToposText</strong>: <a href="https://topostext.org/place/379230LIst" target="_blank">https://topostext.org/place/379230LIst</a>]]></description>
        <Point><coordinates>22.973,37.928</coordinates></Point>
      </Placemark>

      <Placemark>
        <name>Tomb of Melissa not far from Epidauros</name>
        <description><![CDATA[<strong>name</strong>: Tomb of Melissa not far from Epidauros<br><strong>region</strong>: Epidauria Bk2<br><strong>part of</strong>: Epidauros<br><strong>location</strong>: Epidauros<br><strong>Wikidata</strong>: <a href="https://wikidata.org/wiki/Q136487509" target="_blank">https://wikidata.org/wiki/Q136487509</a><br><strong>type</strong>: tomb mnema<br><strong>passages</strong>: 2.28.8]]></description>
        <Point><coordinates>23.1602,37.6335</coordinates></Point>
      </Placemark>

      <Placemark>
        <name>Thermopylae</name>
        <description><![CDATA[<strong>name</strong>: Thermopylae<br><strong>region</strong>: Hellas (Europe)<br><strong>part of</strong>: Phthiotis<br><strong>Wikidata</strong>: <a href="https://wikidata.org/wiki/Q194450" target="_blank">https://wikidata.org/wiki/Q194450</a><br><strong>type</strong>: fortification, pass<br><strong>passages</strong>: 1.1.3, 1.3.5, 1.4.1, 1.4.2, 1.4.3, 1.4.4, 10.20.1, 10.20.2, 10.20.3, 10.20.6, 10.20.9, 10.21.1, 10.21.2, 10.21.6, 10.22.12, 10.22.5, 10.22.7, 10.22.8, 2.16.5, 3.12.9, 3.14.1, 3.4.7, 3.4.8, 3.5.5, 4.35.9, 7.15.3, 7.24.4, 7.6.3, 7.6.7, 8.51.4, 8.52.2, 8.6.3, 9.15.2, 9.32.9<br><strong>Pleiades</strong>: <a href="https://pleiades.stoa.org/places/541140" target="_blank">https://pleiades.stoa.org/places/541140</a>]]></description>
        <Point><coordinates>22.538294,38.796511</coordinates></Point>
      </Placemark>

      <Placemark>
        <name>Kephisos river (Argolid)</name>
        <description><![CDATA[<strong>name</strong>: Kephisos river (Argolid)<br><strong>region</strong>: Argolid Bk2<br><strong>part of</strong>: Argolid Bk2<br><strong>location</strong>: Argolid Bk2<br><strong>altname</strong>: Cephisus: river with river god worshiped in Argos<br><strong>type</strong>: river<br><strong>passages</strong>: 2.15.5, 2.20.6<br><strong>Pleiades</strong>: <a href="https://pleiades.stoa.org/places/573283" target="_blank">https://pleiades.stoa.org/places/573283</a>]]></description>
        <Point><coordinates>22.9,37.67</coordinates></Point>
      </Placemark>

      <Placemark>
        <name>Kephisos river (Argolid)</name>
        <description><![CDATA[<strong>name</strong>: Kephisos river (Argolid)<br><strong>region</strong>: Argolid Bk2<br><strong>part of</strong>: Argolid Bk2<br><strong>location</strong>: Argolid Bk2<br><strong>altname</strong>: Cephisus: river with river god worshiped in Argos<br><strong>type</strong>: river<br><strong>passages</strong>: 2.15.5, 2.20.6<br><strong>Pleiades</strong>: <a href="https://pleiades.stoa.org/places/573283" target="_blank">https://pleiades.stoa.org/places/573283</a>]]></description>
        <Point><coordinates>22.9,37.67</coordinates></Point>
      </Placemark>

      <Placemark>
        <name>Hill of Phlious acropolis</name>
        <description><![CDATA[<strong>name</strong>: Hill of Phlious acropolis<br><strong>region</strong>: Phlious Bk2<br><strong>part of</strong>: Phlious Bk2<br><strong>location</strong>: Phlious Bk2<br><strong>type</strong>: hill<br><strong>passages</strong>: 2.12.4]]></description>
        <Point><coordinates>22.649131,37.846299</coordinates></Point>
      </Placemark>

      <Placemark>
        <name>Rome</name>
        <description><![CDATA[<strong>name</strong>: Rome<br><strong>region</strong>: Italia (Europe)<br><strong>part of</strong>: Roman empire<br><strong>altname</strong>: Roma<br><strong>Wikidata</strong>: <a href="https://wikidata.org/wiki/Q18287233" target="_blank">https://wikidata.org/wiki/Q18287233</a><br><strong>type</strong>: polis<br><strong>passages</strong>: 10.34.4, 10.36.6, 10.8.6, 2.1.2, 2.21.6, 4.35.10, 5.25.8, 6.9.3, 7.10.11, 7.10.12, 7.12.2, 7.12.7, 7.12.8, 7.12.9, 7.13.5, 7.14.1, 7.14.3, 7.14.5, 7.22.5, 7.22.9, 7.8.6, 7.9.1, 7.9.4, 7.9.6, 8.17.4, 9.27.3, 9.27.4<br><strong>Pleiades</strong>: <a href="https://pleiades.stoa.org/places/423025" target="_blank">https://pleiades.stoa.org/places/423025</a>]]></description>
        <Point><coordinates>12.4843457,41.89262</coordinates></Point>
      </Placemark>

      <Placemark>
        <name>Rome</name>
        <description><![CDATA[<strong>name</strong>: Rome<br><strong>region</strong>: Italia (Europe)<br><strong>part of</strong>: Roman empire<br><strong>altname</strong>: Roma<br><strong>Wikidata</strong>: <a href="https://wikidata.org/wiki/Q18287233" target="_blank">https://wikidata.org/wiki/Q18287233</a><br><strong>type</strong>: polis<br><strong>passages</strong>: 10.34.4, 10.36.6, 10.8.6, 2.1.2, 2.21.6, 4.35.10, 5.25.8, 6.9.3, 7.10.11, 7.10.12, 7.12.2, 7.12.7, 7.12.8, 7.12.9, 7.13.5, 7.14.1, 7.14.3, 7.14.5, 7.22.5, 7.22.9, 7.8.6, 7.9.1, 7.9.4, 7.9.6, 8.17.4, 9.27.3, 9.27.4<br><strong>Pleiades</strong>: <a href="https://pleiades.stoa.org/places/423025" target="_blank">https://pleiades.stoa.org/places/423025</a>]]></description>
        <Point><coordinates>12.4843457,41.89262</coordinates></Point>
      </Placemark>

      <Placemark>
        <name>Sanctuary of Eileithyia at Argos founded by Helen</name>
        <description><![CDATA[<strong>name</strong>: Sanctuary of Eileithyia at Argos founded by Helen<br><strong>region</strong>: Argolid Bk2<br><strong>part of</strong>: Argos (Argolid)<br><strong>location</strong>: Argos (Argolid)<br><strong>altname</strong>: offering after giving birth to Iphigeneia, fathered by Theseus<br><strong>Wikidata</strong>: <a href="https://wikidata.org/wiki/Q134037428" target="_blank">https://wikidata.org/wiki/Q134037428</a><br><strong>type</strong>: hieron<br><strong>passages</strong>: 2.22.6<br><strong>Manto</strong>: <a href="https://resource.manto.unh.edu/10187056" target="_blank">https://resource.manto.unh.edu/10187056</a>]]></description>
        <Point><coordinates>22.7195,37.6316</coordinates></Point>
      </Placemark>

      <Placemark>
        <name>Tomb of the Maenad Choreia in Argos</name>
        <description><![CDATA[<strong>name</strong>: Tomb of the Maenad Choreia in Argos<br><strong>region</strong>: Argolid Bk2<br><strong>part of</strong>: Argos (Argolid)<br><strong>location</strong>: Argos (Argolid)<br><strong>Wikidata</strong>: <a href="https://wikidata.org/wiki/Q136487429" target="_blank">https://wikidata.org/wiki/Q136487429</a><br><strong>type</strong>: tomb mnema<br><strong>passages</strong>: 2.20.4, 2.22.1<br><strong>Manto</strong>: <a href="https://resource.manto.unh.edu/10186959" target="_blank">https://resource.manto.unh.edu/10186959</a>]]></description>
        <Point><coordinates>22.7195,37.6316</coordinates></Point>
      </Placemark>

      <Placemark>
        <name>Tomb of the Maenad Choreia in Argos</name>
        <description><![CDATA[<strong>name</strong>: Tomb of the Maenad Choreia in Argos<br><strong>region</strong>: Argolid Bk2<br><strong>part of</strong>: Argos (Argolid)<br><strong>location</strong>: Argos (Argolid)<br><strong>Wikidata</strong>: <a href="https://wikidata.org/wiki/Q136487429" target="_blank">https://wikidata.org/wiki/Q136487429</a><br><strong>type</strong>: tomb mnema<br><strong>passages</strong>: 2.20.4, 2.22.1<br><strong>Manto</strong>: <a href="https://resource.manto.unh.edu/10186959" target="_blank">https://resource.manto.unh.edu/10186959</a>]]></description>
        <Point><coordinates>22.7195,37.6316</coordinates></Point>
      </Placemark>

      <Placemark>
        <name>Koryphos M.</name>
        <description><![CDATA[<strong>name</strong>: Koryphos M.<br><strong>region</strong>: Epidauria Bk2<br><strong>part of</strong>: Epidauria Bk2<br><strong>Wikidata</strong>: <a href="https://wikidata.org/wiki/Q24992917" target="_blank">https://wikidata.org/wiki/Q24992917</a><br><strong>type</strong>: mountain oros<br><strong>passages</strong>: 2.28.2<br><strong>Pleiades</strong>: <a href="https://pleiades.stoa.org/places/570376" target="_blank">https://pleiades.stoa.org/places/570376</a>]]></description>
        <Point><coordinates>23.09367,37.61291</coordinates></Point>
      </Placemark>

      <Placemark>
        <name>Harbors in Nauplia</name>
        <description><![CDATA[<strong>name</strong>: Harbors in Nauplia<br><strong>region</strong>: Argolid Bk2<br><strong>part of</strong>: Nauplia<br><strong>location</strong>: Nauplia<br><strong>type</strong>: harbor limen<br><strong>passages</strong>: 2.38.2]]></description>
        <Point><coordinates>22.796,37.565</coordinates></Point>
      </Placemark>

      <Placemark>
        <name>Plain in Sicyon, where the city Aigialea was found</name>
        <description><![CDATA[<strong>name</strong>: Plain in Sicyon, where the city Aigialea was found<br><strong>region</strong>: Sikyonia Bk2<br><strong>part of</strong>: Sicyon (Sikyonia)<br><strong>location</strong>: Sicyon (Sikyonia)<br><strong>type</strong>: plain<br><strong>passages</strong>: 2.5.6]]></description>
        <Point><coordinates>22.7145,37.9834</coordinates></Point>
      </Placemark>

      <Placemark>
        <name>Chalkis</name>
        <description><![CDATA[<strong>name</strong>: Chalkis<br><strong>region</strong>: Euboea (island)<br><strong>part of</strong>: Euboea (island)<br><strong>altname</strong>: Chalcis<br><strong>Wikidata</strong>: <a href="https://wikidata.org/wiki/Q21235810" target="_blank">https://wikidata.org/wiki/Q21235810</a><br><strong>type</strong>: chora/region, polis<br><strong>passages</strong>: 1.23.3, 1.34.2, 2.22.7, 4.23.7, 9.18.1, 9.19.3, 9.31.3<br><strong>Pleiades</strong>: <a href="https://pleiades.stoa.org/places/540703" target="_blank">https://pleiades.stoa.org/places/540703</a>]]></description>
        <Point><coordinates>23.602,38.464</coordinates></Point>
      </Placemark>

      <Placemark>
        <name>Sanctuary of Apollo in Phlious near Omphalos</name>
        <description><![CDATA[<strong>name</strong>: Sanctuary of Apollo in Phlious near Omphalos<br><strong>region</strong>: Phlious Bk2<br><strong>part of</strong>: Phlious Bk2<br><strong>location</strong>: Phlious Bk2<br><strong>Wikidata</strong>: <a href="https://wikidata.org/wiki/Q134037321" target="_blank">https://wikidata.org/wiki/Q134037321</a><br><strong>type</strong>: hieron<br><strong>passages</strong>: 2.13.7]]></description>
        <Point><coordinates>22.649131,37.846299</coordinates></Point>
      </Placemark>

      <Placemark>
        <name>underground building in Argos, base of bronze chamber</name>
        <description><![CDATA[<strong>name</strong>: underground building in Argos, base of bronze chamber<br><strong>region</strong>: Argolid Bk2<br><strong>part of</strong>: Argos (Argolid)<br><strong>location</strong>: Argos (Argolid)<br><strong>type</strong>: building<br><strong>passages</strong>: 2.23.7]]></description>
        <Point><coordinates>22.7195,37.6316</coordinates></Point>
      </Placemark>

      <Placemark>
        <name>Thrace (Europe)</name>
        <description><![CDATA[<strong>name</strong>: Thrace (Europe)<br><strong>region</strong>: <br><strong>part of</strong>: Europe<br><strong>altname</strong>: Thracia<br><strong>Wikidata</strong>: <a href="https://wikidata.org/wiki/Q41741" target="_blank">https://wikidata.org/wiki/Q41741</a><br><strong>type</strong>: major region<br><strong>passages</strong>: 1.10.2, 1.25.2, 1.29.13, 1.29.4, 1.29.5, 1.38.2, 1.6.4, 1.9.5, 10.11.5, 10.19.5, 2.30.2, 3.9.12, 5.10.8, 5.12.6, 5.27.12, 6.5.4, 7.4.3, 8.29.1, 9.30.9<br><strong>Pleiades</strong>: <a href="https://pleiades.stoa.org/places/501638" target="_blank">https://pleiades.stoa.org/places/501638</a><br><strong>ToposText</strong>: <a href="https://topostext.org/place/410265RThr" target="_blank">https://topostext.org/place/410265RThr</a>]]></description>
        <Point><coordinates>26.5,41</coordinates></Point>
      </Placemark>

      <Placemark>
        <name>Agora of Methana</name>
        <description><![CDATA[<strong>name</strong>: Agora of Methana<br><strong>region</strong>: Troizenia Bk2<br><strong>part of</strong>: Methana (Troizenia)<br><strong>location</strong>: Methana (Troizenia)<br><strong>Wikidata</strong>: <a href="https://wikidata.org/wiki/Q133963472" target="_blank">https://wikidata.org/wiki/Q133963472</a><br><strong>type</strong>: agora<br><strong>passages</strong>: 2.34.1]]></description>
        <Point><coordinates>23.3496,37.5868</coordinates></Point>
      </Placemark>

      <Placemark>
        <name>Temple at the Asclepieion in Titane</name>
        <description><![CDATA[<strong>name</strong>: Temple at the Asclepieion in Titane<br><strong>region</strong>: Corinthia Bk2<br><strong>part of</strong>: Asclepieion of Titane<br><strong>location</strong>: Asclepieion of Titane<br><strong>type</strong>: temple<br><strong>passages</strong>: 2.11.7]]></description>
        <Point><coordinates>22.62501,37.92049</coordinates></Point>
      </Placemark>

      <Placemark>
        <name>Sanctuaries of Demeter and Kore at Eileioi</name>
        <description><![CDATA[<strong>name</strong>: Sanctuaries of Demeter and Kore at Eileioi<br><strong>region</strong>: Hermionis Bk2<br><strong>part of</strong>: Eileoi<br><strong>location</strong>: Eileoi<br><strong>Wikidata</strong>: <a href="https://wikidata.org/wiki/Q134037766" target="_blank">https://wikidata.org/wiki/Q134037766</a><br><strong>type</strong>: hieron<br><strong>passages</strong>: 2.34.6]]></description>
        <Point><coordinates>23.26405,37.442072</coordinates></Point>
      </Placemark>

      <Placemark>
        <name>Sanctuary of Demeter in Didymoi of Hermione</name>
        <description><![CDATA[<strong>name</strong>: Sanctuary of Demeter in Didymoi of Hermione<br><strong>region</strong>: Argolid Bk2<br><strong>part of</strong>: Didymoi (Argolid)<br><strong>location</strong>: Didymoi (Argolid)<br><strong>Wikidata</strong>: <a href="https://wikidata.org/wiki/Q134037676" target="_blank">https://wikidata.org/wiki/Q134037676</a><br><strong>type</strong>: hieron<br><strong>passages</strong>: 2.36.3]]></description>
        <Point><coordinates>23.1542,37.5</coordinates></Point>
      </Placemark>

      <Placemark>
        <name>Gythion</name>
        <description><![CDATA[<strong>name</strong>: Gythion<br><strong>region</strong>: Lakonia Bk3<br><strong>part of</strong>: Lakonia Bk3<br><strong>altname</strong>: Gytheion Gythium<br><strong>Wikidata</strong>: <a href="https://wikidata.org/wiki/Q56398303" target="_blank">https://wikidata.org/wiki/Q56398303</a><br><strong>type</strong>: harbor limen, polis<br><strong>passages</strong>: 1.27.5, 2.21.8, 3.21.4, 3.21.5, 3.21.6, 3.21.7, 3.22.1, 3.22.3, 3.24.6, 8.50.8<br><strong>Pleiades</strong>: <a href="https://pleiades.stoa.org/places/570268" target="_blank">https://pleiades.stoa.org/places/570268</a>]]></description>
        <Point><coordinates>22.562341,36.763663</coordinates></Point>
      </Placemark>

      <Placemark>
        <name>Peirene fountain (Corinth)</name>
        <description><![CDATA[<strong>name</strong>: Peirene fountain (Corinth)<br><strong>region</strong>: Corinthia Bk2<br><strong>part of</strong>: Corinth (Corinthia)<br><strong>Wikidata</strong>: <a href="https://wikidata.org/wiki/Q3389191" target="_blank">https://wikidata.org/wiki/Q3389191</a><br><strong>type</strong>: spring pege<br><strong>passages</strong>: 2.3.2, 2.3.3<br><strong>Manto</strong>: <a href="https://resource.manto.unh.edu/10153046" target="_blank">https://resource.manto.unh.edu/10153046</a><br><strong>ToposText</strong>: <a href="https://topostext.org/place/379229WLPF" target="_blank">https://topostext.org/place/379229WLPF</a>]]></description>
        <Point><coordinates>22.88059,37.90568</coordinates></Point>
      </Placemark>

      <Placemark>
        <name>Peirene fountain (Corinth)</name>
        <description><![CDATA[<strong>name</strong>: Peirene fountain (Corinth)<br><strong>region</strong>: Corinthia Bk2<br><strong>part of</strong>: Corinth (Corinthia)<br><strong>Wikidata</strong>: <a href="https://wikidata.org/wiki/Q3389191" target="_blank">https://wikidata.org/wiki/Q3389191</a><br><strong>type</strong>: spring pege<br><strong>passages</strong>: 2.3.2, 2.3.3<br><strong>Manto</strong>: <a href="https://resource.manto.unh.edu/10153046" target="_blank">https://resource.manto.unh.edu/10153046</a><br><strong>ToposText</strong>: <a href="https://topostext.org/place/379229WLPF" target="_blank">https://topostext.org/place/379229WLPF</a>]]></description>
        <Point><coordinates>22.88059,37.90568</coordinates></Point>
      </Placemark>

      <Placemark>
        <name>Ar(e)ia</name>
        <description><![CDATA[<strong>name</strong>: Ar(e)ia<br><strong>region</strong>: Asia (continent)<br><strong>part of</strong>: Asia (continent)<br><strong>Wikidata</strong>: <a href="https://wikidata.org/wiki/Q654243" target="_blank">https://wikidata.org/wiki/Q654243</a><br><strong>type</strong>: chora/region<br><strong>passages</strong>: 2.3.8<br><strong>Pleiades</strong>: <a href="https://pleiades.stoa.org/places/961881" target="_blank">https://pleiades.stoa.org/places/961881</a>]]></description>
        <Point><coordinates>61.50000000000001,34.5</coordinates></Point>
      </Placemark>

      <Placemark>
        <name>Kynortion M.</name>
        <description><![CDATA[<strong>name</strong>: Kynortion M.<br><strong>region</strong>: Epidauria Bk2<br><strong>part of</strong>: Epidauria Bk2<br><strong>type</strong>: mountain oros<br><strong>passages</strong>: 2.27.7<br><strong>Pleiades</strong>: <a href="https://pleiades.stoa.org/places/573318" target="_blank">https://pleiades.stoa.org/places/573318</a>]]></description>
        <Point><coordinates>23.0934,37.6127</coordinates></Point>
      </Placemark>

      <Placemark>
        <name>theater of Corinth</name>
        <description><![CDATA[<strong>name</strong>: theater of Corinth<br><strong>region</strong>: Corinthia Bk2<br><strong>part of</strong>: Corinth (Corinthia)<br><strong>Wikidata</strong>: <a href="https://wikidata.org/wiki/Q25451392" target="_blank">https://wikidata.org/wiki/Q25451392</a><br><strong>type</strong>: theater<br><strong>passages</strong>: 2.4.5<br><strong>ToposText</strong>: <a href="https://topostext.org/place/379229BThe" target="_blank">https://topostext.org/place/379229BThe</a>]]></description>
        <Point><coordinates>22.87694,37.90694</coordinates></Point>
      </Placemark>

      <Placemark>
        <name>Peribolos of Asklepios at Sicyon</name>
        <description><![CDATA[<strong>name</strong>: Peribolos of Asklepios at Sicyon<br><strong>region</strong>: Sikyonia Bk2<br><strong>part of</strong>: Sicyon (Sikyonia)<br><strong>location</strong>: Sicyon (Sikyonia)<br><strong>type</strong>: enclosure<br><strong>passages</strong>: 2.10.2]]></description>
        <Point><coordinates>22.7145,37.9834</coordinates></Point>
      </Placemark>

      <Placemark>
        <name>Stream of Inopus in Delos</name>
        <description><![CDATA[<strong>name</strong>: Stream of Inopus in Delos<br><strong>region</strong>: Aegean Sea (Hellas)<br><strong>part of</strong>: Delos island<br><strong>location</strong>: Delos island<br><strong>type</strong>: river, spring pege<br><strong>passages</strong>: 2.5.3<br><strong>ToposText</strong>: <a href="https://topostext.org/place/374253WIno" target="_blank">https://topostext.org/place/374253WIno</a>]]></description>
        <Point><coordinates>25.268194,37.397274</coordinates></Point>
      </Placemark>

      <Placemark>
        <name>Asterion river (Argolid)</name>
        <description><![CDATA[<strong>name</strong>: Asterion river (Argolid)<br><strong>region</strong>: Argolid Bk2<br><strong>part of</strong>: Argolid Bk2<br><strong>Wikidata</strong>: <a href="https://wikidata.org/wiki/Q779106" target="_blank">https://wikidata.org/wiki/Q779106</a><br><strong>type</strong>: river<br><strong>passages</strong>: 2.15.5, 2.17.1, 2.17.2<br><strong>Pleiades</strong>: <a href="https://pleiades.stoa.org/places/570133" target="_blank">https://pleiades.stoa.org/places/570133</a><br><strong>ToposText</strong>: <a href="https://topostext.org/place/378228WAst" target="_blank">https://topostext.org/place/378228WAst</a>]]></description>
        <Point><coordinates>22.819,37.698</coordinates></Point>
      </Placemark>

      <Placemark>
        <name>Asterion river (Argolid)</name>
        <description><![CDATA[<strong>name</strong>: Asterion river (Argolid)<br><strong>region</strong>: Argolid Bk2<br><strong>part of</strong>: Argolid Bk2<br><strong>Wikidata</strong>: <a href="https://wikidata.org/wiki/Q779106" target="_blank">https://wikidata.org/wiki/Q779106</a><br><strong>type</strong>: river<br><strong>passages</strong>: 2.15.5, 2.17.1, 2.17.2<br><strong>Pleiades</strong>: <a href="https://pleiades.stoa.org/places/570133" target="_blank">https://pleiades.stoa.org/places/570133</a><br><strong>ToposText</strong>: <a href="https://topostext.org/place/378228WAst" target="_blank">https://topostext.org/place/378228WAst</a>]]></description>
        <Point><coordinates>22.819,37.698</coordinates></Point>
      </Placemark>

      <Placemark>
        <name>Asterion river (Argolid)</name>
        <description><![CDATA[<strong>name</strong>: Asterion river (Argolid)<br><strong>region</strong>: Argolid Bk2<br><strong>part of</strong>: Argolid Bk2<br><strong>Wikidata</strong>: <a href="https://wikidata.org/wiki/Q779106" target="_blank">https://wikidata.org/wiki/Q779106</a><br><strong>type</strong>: river<br><strong>passages</strong>: 2.15.5, 2.17.1, 2.17.2<br><strong>Pleiades</strong>: <a href="https://pleiades.stoa.org/places/570133" target="_blank">https://pleiades.stoa.org/places/570133</a><br><strong>ToposText</strong>: <a href="https://topostext.org/place/378228WAst" target="_blank">https://topostext.org/place/378228WAst</a>]]></description>
        <Point><coordinates>22.819,37.698</coordinates></Point>
      </Placemark>

      <Placemark>
        <name>Cave of Nemean Lion on the mountains on the road from Kleonai to Argos</name>
        <description><![CDATA[<strong>name</strong>: Cave of Nemean Lion on the mountains on the road from Kleonai to Argos<br><strong>region</strong>: Argolid Bk2<br><strong>part of</strong>: Tretos pass (Korinthia)<br><strong>location</strong>: Tretos pass (Korinthia)<br><strong>type</strong>: cave<br><strong>passages</strong>: 2.15.2]]></description>
        <Point><coordinates>22.7223,37.7867</coordinates></Point>
      </Placemark>

      <Placemark>
        <name>Larissa</name>
        <description><![CDATA[<strong>name</strong>: Larissa<br><strong>region</strong>: Hellas (Europe)<br><strong>part of</strong>: Thessalia<br><strong>Wikidata</strong>: <a href="https://wikidata.org/wiki/Q178405" target="_blank">https://wikidata.org/wiki/Q178405</a><br><strong>type</strong>: settlement<br><strong>passages</strong>: 1.13.2, 2.16.2, 2.24.1, 9.30.9<br><strong>Pleiades</strong>: <a href="https://pleiades.stoa.org/places/540905" target="_blank">https://pleiades.stoa.org/places/540905</a>]]></description>
        <Point><coordinates>22.41474,39.64147</coordinates></Point>
      </Placemark>

      <Placemark>
        <name>Larissa</name>
        <description><![CDATA[<strong>name</strong>: Larissa<br><strong>region</strong>: Hellas (Europe)<br><strong>part of</strong>: Thessalia<br><strong>Wikidata</strong>: <a href="https://wikidata.org/wiki/Q178405" target="_blank">https://wikidata.org/wiki/Q178405</a><br><strong>type</strong>: settlement<br><strong>passages</strong>: 1.13.2, 2.16.2, 2.24.1, 9.30.9<br><strong>Pleiades</strong>: <a href="https://pleiades.stoa.org/places/540905" target="_blank">https://pleiades.stoa.org/places/540905</a>]]></description>
        <Point><coordinates>22.41474,39.64147</coordinates></Point>
      </Placemark>

      <Placemark>
        <name>Seats around the spring Lerna in Corinth</name>
        <description><![CDATA[<strong>name</strong>: Seats around the spring Lerna in Corinth<br><strong>region</strong>: Corinthia Bk2<br><strong>part of</strong>: Corinth (Corinthia)<br><strong>location</strong>: Corinth (Corinthia)<br><strong>type</strong>: thronos<br><strong>passages</strong>: 2.4.5]]></description>
        <Point><coordinates>22.8802,37.9054</coordinates></Point>
      </Placemark>

      <Placemark>
        <name>Sanctuary of Pythian Apollo at Delphi</name>
        <description><![CDATA[<strong>name</strong>: Sanctuary of Pythian Apollo at Delphi<br><strong>region</strong>: Phokis Bk10<br><strong>part of</strong>: Delphi (polis)<br><strong>altname</strong>: Pytho: distinct from the polis of the Delphians<br><strong>Wikidata</strong>: <a href="https://wikidata.org/wiki/Q125925203" target="_blank">https://wikidata.org/wiki/Q125925203</a><br><strong>type</strong>: hieron<br><strong>passages</strong>: 1.11.1, 1.20.7, 1.22.8, 1.26.3, 1.3.4, 1.37.6, 1.4.4, 1.41.1, 1.43.3, 1.43.7, 1.43.8, 1.9.3, 10.1.1, 10.1.10, 10.1.4, 10.10.2, 10.11.1, 10.11.2, 10.12.5, 10.13.1, 10.13.10, 10.13.6, 10.13.8, 10.14.5, 10.15.5, 10.15.6, 10.16.5, 10.16.7, 10.16.8, 10.17.2, 10.18.1, 10.18.2, 10.18.5, 10.18.7, 10.19.3, 10.19.5, 10.2.2, 10.2.3, 10.22.12, 10.23.1, 10.23.11, 10.23.2, 10.23.3, 10.24.1, 10.24.5, 10.3.3, 10.3.4, 10.32.1, 10.33.3, 10.34.1, 10.34.2, 10.35.8, 10.36.3, 10.36.6, 10.5.5, 10.5.7, 10.6.5, 10.6.6, 10.7.1, 10.7.3, 10.8.1, 10.8.2, 10.8.3, 10.8.6, 10.9.1, 10.9.12, 10.9.2, 10.9.4, 10.9.6, 2.22.8, 2.24.1, 2.26.7, 2.29.7, 2.33.2, 3.1.6, 3.10.3, 3.10.4, 3.11.8, 3.13.8, 3.17.1, 3.17.9, 3.19.12, 3.3.6, 3.4.3, 3.4.4, 3.8.10, 3.8.2, 3.8.9, 4.12.1, 4.12.7, 4.12.8, 4.15.6, 4.16.6, 4.17.4, 4.20.1, 4.24.1, 4.32.3, 4.32.5, 4.34.9, 4.5.4, 4.9.3, 5.13.5, 5.18.8, 5.21.5, 5.21.7, 5.27.1, 5.27.10, 5.27.9, 5.3.1, 5.4.3, 5.4.6, 5.7.3, 6.1.8, 6.11.5, 6.11.7, 6.12.8, 6.13.8, 6.14.5, 6.15.1, 6.15.3, 6.15.6, 6.16.4, 6.17.2, 6.19.1, 6.2.2, 6.3.11, 6.3.4, 6.3.8, 6.4.11, 6.4.2, 6.4.5, 6.4.6, 6.7.10, 6.8.1, 6.8.6, 6.9.7, 7.17.13, 7.17.6, 7.19.4, 7.19.6, 7.19.7, 7.2.1, 7.24.4, 7.3.1, 8.10.9, 8.11.10, 8.15.1, 8.23.1, 8.24.10, 8.24.14, 8.24.8, 8.27.9, 8.36.8, 8.37.1, 8.39.4, 8.48.2, 8.5.4, 8.53.3, 8.7.6, 8.9.3, 9.12.1, 9.14.2, 9.25.1, 9.26.3, 9.33.1, 9.33.4, 9.36.2, 9.37.4, 9.37.5, 9.38.5, 9.40.1, 9.41.2, 9.5.10, 9.7.5<br><strong>Pleiades</strong>: <a href="https://pleiades.stoa.org/places/540726" target="_blank">https://pleiades.stoa.org/places/540726</a><br><strong>ToposText</strong>: <a href="https://topostext.org/place/385225SDel" target="_blank">https://topostext.org/place/385225SDel</a>]]></description>
        <Point><coordinates>22.50151,38.48254</coordinates></Point>
      </Placemark>

      <Placemark>
        <name>Sanctuary of Pythian Apollo at Delphi</name>
        <description><![CDATA[<strong>name</strong>: Sanctuary of Pythian Apollo at Delphi<br><strong>region</strong>: Phokis Bk10<br><strong>part of</strong>: Delphi (polis)<br><strong>altname</strong>: Pytho: distinct from the polis of the Delphians<br><strong>Wikidata</strong>: <a href="https://wikidata.org/wiki/Q125925203" target="_blank">https://wikidata.org/wiki/Q125925203</a><br><strong>type</strong>: hieron<br><strong>passages</strong>: 1.11.1, 1.20.7, 1.22.8, 1.26.3, 1.3.4, 1.37.6, 1.4.4, 1.41.1, 1.43.3, 1.43.7, 1.43.8, 1.9.3, 10.1.1, 10.1.10, 10.1.4, 10.10.2, 10.11.1, 10.11.2, 10.12.5, 10.13.1, 10.13.10, 10.13.6, 10.13.8, 10.14.5, 10.15.5, 10.15.6, 10.16.5, 10.16.7, 10.16.8, 10.17.2, 10.18.1, 10.18.2, 10.18.5, 10.18.7, 10.19.3, 10.19.5, 10.2.2, 10.2.3, 10.22.12, 10.23.1, 10.23.11, 10.23.2, 10.23.3, 10.24.1, 10.24.5, 10.3.3, 10.3.4, 10.32.1, 10.33.3, 10.34.1, 10.34.2, 10.35.8, 10.36.3, 10.36.6, 10.5.5, 10.5.7, 10.6.5, 10.6.6, 10.7.1, 10.7.3, 10.8.1, 10.8.2, 10.8.3, 10.8.6, 10.9.1, 10.9.12, 10.9.2, 10.9.4, 10.9.6, 2.22.8, 2.24.1, 2.26.7, 2.29.7, 2.33.2, 3.1.6, 3.10.3, 3.10.4, 3.11.8, 3.13.8, 3.17.1, 3.17.9, 3.19.12, 3.3.6, 3.4.3, 3.4.4, 3.8.10, 3.8.2, 3.8.9, 4.12.1, 4.12.7, 4.12.8, 4.15.6, 4.16.6, 4.17.4, 4.20.1, 4.24.1, 4.32.3, 4.32.5, 4.34.9, 4.5.4, 4.9.3, 5.13.5, 5.18.8, 5.21.5, 5.21.7, 5.27.1, 5.27.10, 5.27.9, 5.3.1, 5.4.3, 5.4.6, 5.7.3, 6.1.8, 6.11.5, 6.11.7, 6.12.8, 6.13.8, 6.14.5, 6.15.1, 6.15.3, 6.15.6, 6.16.4, 6.17.2, 6.19.1, 6.2.2, 6.3.11, 6.3.4, 6.3.8, 6.4.11, 6.4.2, 6.4.5, 6.4.6, 6.7.10, 6.8.1, 6.8.6, 6.9.7, 7.17.13, 7.17.6, 7.19.4, 7.19.6, 7.19.7, 7.2.1, 7.24.4, 7.3.1, 8.10.9, 8.11.10, 8.15.1, 8.23.1, 8.24.10, 8.24.14, 8.24.8, 8.27.9, 8.36.8, 8.37.1, 8.39.4, 8.48.2, 8.5.4, 8.53.3, 8.7.6, 8.9.3, 9.12.1, 9.14.2, 9.25.1, 9.26.3, 9.33.1, 9.33.4, 9.36.2, 9.37.4, 9.37.5, 9.38.5, 9.40.1, 9.41.2, 9.5.10, 9.7.5<br><strong>Pleiades</strong>: <a href="https://pleiades.stoa.org/places/540726" target="_blank">https://pleiades.stoa.org/places/540726</a><br><strong>ToposText</strong>: <a href="https://topostext.org/place/385225SDel" target="_blank">https://topostext.org/place/385225SDel</a>]]></description>
        <Point><coordinates>22.50151,38.48254</coordinates></Point>
      </Placemark>

      <Placemark>
        <name>Sanctuary of Pythian Apollo at Delphi</name>
        <description><![CDATA[<strong>name</strong>: Sanctuary of Pythian Apollo at Delphi<br><strong>region</strong>: Phokis Bk10<br><strong>part of</strong>: Delphi (polis)<br><strong>altname</strong>: Pytho: distinct from the polis of the Delphians<br><strong>Wikidata</strong>: <a href="https://wikidata.org/wiki/Q125925203" target="_blank">https://wikidata.org/wiki/Q125925203</a><br><strong>type</strong>: hieron<br><strong>passages</strong>: 1.11.1, 1.20.7, 1.22.8, 1.26.3, 1.3.4, 1.37.6, 1.4.4, 1.41.1, 1.43.3, 1.43.7, 1.43.8, 1.9.3, 10.1.1, 10.1.10, 10.1.4, 10.10.2, 10.11.1, 10.11.2, 10.12.5, 10.13.1, 10.13.10, 10.13.6, 10.13.8, 10.14.5, 10.15.5, 10.15.6, 10.16.5, 10.16.7, 10.16.8, 10.17.2, 10.18.1, 10.18.2, 10.18.5, 10.18.7, 10.19.3, 10.19.5, 10.2.2, 10.2.3, 10.22.12, 10.23.1, 10.23.11, 10.23.2, 10.23.3, 10.24.1, 10.24.5, 10.3.3, 10.3.4, 10.32.1, 10.33.3, 10.34.1, 10.34.2, 10.35.8, 10.36.3, 10.36.6, 10.5.5, 10.5.7, 10.6.5, 10.6.6, 10.7.1, 10.7.3, 10.8.1, 10.8.2, 10.8.3, 10.8.6, 10.9.1, 10.9.12, 10.9.2, 10.9.4, 10.9.6, 2.22.8, 2.24.1, 2.26.7, 2.29.7, 2.33.2, 3.1.6, 3.10.3, 3.10.4, 3.11.8, 3.13.8, 3.17.1, 3.17.9, 3.19.12, 3.3.6, 3.4.3, 3.4.4, 3.8.10, 3.8.2, 3.8.9, 4.12.1, 4.12.7, 4.12.8, 4.15.6, 4.16.6, 4.17.4, 4.20.1, 4.24.1, 4.32.3, 4.32.5, 4.34.9, 4.5.4, 4.9.3, 5.13.5, 5.18.8, 5.21.5, 5.21.7, 5.27.1, 5.27.10, 5.27.9, 5.3.1, 5.4.3, 5.4.6, 5.7.3, 6.1.8, 6.11.5, 6.11.7, 6.12.8, 6.13.8, 6.14.5, 6.15.1, 6.15.3, 6.15.6, 6.16.4, 6.17.2, 6.19.1, 6.2.2, 6.3.11, 6.3.4, 6.3.8, 6.4.11, 6.4.2, 6.4.5, 6.4.6, 6.7.10, 6.8.1, 6.8.6, 6.9.7, 7.17.13, 7.17.6, 7.19.4, 7.19.6, 7.19.7, 7.2.1, 7.24.4, 7.3.1, 8.10.9, 8.11.10, 8.15.1, 8.23.1, 8.24.10, 8.24.14, 8.24.8, 8.27.9, 8.36.8, 8.37.1, 8.39.4, 8.48.2, 8.5.4, 8.53.3, 8.7.6, 8.9.3, 9.12.1, 9.14.2, 9.25.1, 9.26.3, 9.33.1, 9.33.4, 9.36.2, 9.37.4, 9.37.5, 9.38.5, 9.40.1, 9.41.2, 9.5.10, 9.7.5<br><strong>Pleiades</strong>: <a href="https://pleiades.stoa.org/places/540726" target="_blank">https://pleiades.stoa.org/places/540726</a><br><strong>ToposText</strong>: <a href="https://topostext.org/place/385225SDel" target="_blank">https://topostext.org/place/385225SDel</a>]]></description>
        <Point><coordinates>22.50151,38.48254</coordinates></Point>
      </Placemark>

      <Placemark>
        <name>Sanctuary of Pythian Apollo at Delphi</name>
        <description><![CDATA[<strong>name</strong>: Sanctuary of Pythian Apollo at Delphi<br><strong>region</strong>: Phokis Bk10<br><strong>part of</strong>: Delphi (polis)<br><strong>altname</strong>: Pytho: distinct from the polis of the Delphians<br><strong>Wikidata</strong>: <a href="https://wikidata.org/wiki/Q125925203" target="_blank">https://wikidata.org/wiki/Q125925203</a><br><strong>type</strong>: hieron<br><strong>passages</strong>: 1.11.1, 1.20.7, 1.22.8, 1.26.3, 1.3.4, 1.37.6, 1.4.4, 1.41.1, 1.43.3, 1.43.7, 1.43.8, 1.9.3, 10.1.1, 10.1.10, 10.1.4, 10.10.2, 10.11.1, 10.11.2, 10.12.5, 10.13.1, 10.13.10, 10.13.6, 10.13.8, 10.14.5, 10.15.5, 10.15.6, 10.16.5, 10.16.7, 10.16.8, 10.17.2, 10.18.1, 10.18.2, 10.18.5, 10.18.7, 10.19.3, 10.19.5, 10.2.2, 10.2.3, 10.22.12, 10.23.1, 10.23.11, 10.23.2, 10.23.3, 10.24.1, 10.24.5, 10.3.3, 10.3.4, 10.32.1, 10.33.3, 10.34.1, 10.34.2, 10.35.8, 10.36.3, 10.36.6, 10.5.5, 10.5.7, 10.6.5, 10.6.6, 10.7.1, 10.7.3, 10.8.1, 10.8.2, 10.8.3, 10.8.6, 10.9.1, 10.9.12, 10.9.2, 10.9.4, 10.9.6, 2.22.8, 2.24.1, 2.26.7, 2.29.7, 2.33.2, 3.1.6, 3.10.3, 3.10.4, 3.11.8, 3.13.8, 3.17.1, 3.17.9, 3.19.12, 3.3.6, 3.4.3, 3.4.4, 3.8.10, 3.8.2, 3.8.9, 4.12.1, 4.12.7, 4.12.8, 4.15.6, 4.16.6, 4.17.4, 4.20.1, 4.24.1, 4.32.3, 4.32.5, 4.34.9, 4.5.4, 4.9.3, 5.13.5, 5.18.8, 5.21.5, 5.21.7, 5.27.1, 5.27.10, 5.27.9, 5.3.1, 5.4.3, 5.4.6, 5.7.3, 6.1.8, 6.11.5, 6.11.7, 6.12.8, 6.13.8, 6.14.5, 6.15.1, 6.15.3, 6.15.6, 6.16.4, 6.17.2, 6.19.1, 6.2.2, 6.3.11, 6.3.4, 6.3.8, 6.4.11, 6.4.2, 6.4.5, 6.4.6, 6.7.10, 6.8.1, 6.8.6, 6.9.7, 7.17.13, 7.17.6, 7.19.4, 7.19.6, 7.19.7, 7.2.1, 7.24.4, 7.3.1, 8.10.9, 8.11.10, 8.15.1, 8.23.1, 8.24.10, 8.24.14, 8.24.8, 8.27.9, 8.36.8, 8.37.1, 8.39.4, 8.48.2, 8.5.4, 8.53.3, 8.7.6, 8.9.3, 9.12.1, 9.14.2, 9.25.1, 9.26.3, 9.33.1, 9.33.4, 9.36.2, 9.37.4, 9.37.5, 9.38.5, 9.40.1, 9.41.2, 9.5.10, 9.7.5<br><strong>Pleiades</strong>: <a href="https://pleiades.stoa.org/places/540726" target="_blank">https://pleiades.stoa.org/places/540726</a><br><strong>ToposText</strong>: <a href="https://topostext.org/place/385225SDel" target="_blank">https://topostext.org/place/385225SDel</a>]]></description>
        <Point><coordinates>22.50151,38.48254</coordinates></Point>
      </Placemark>

      <Placemark>
        <name>Sanctuary of Pythian Apollo at Delphi</name>
        <description><![CDATA[<strong>name</strong>: Sanctuary of Pythian Apollo at Delphi<br><strong>region</strong>: Phokis Bk10<br><strong>part of</strong>: Delphi (polis)<br><strong>altname</strong>: Pytho: distinct from the polis of the Delphians<br><strong>Wikidata</strong>: <a href="https://wikidata.org/wiki/Q125925203" target="_blank">https://wikidata.org/wiki/Q125925203</a><br><strong>type</strong>: hieron<br><strong>passages</strong>: 1.11.1, 1.20.7, 1.22.8, 1.26.3, 1.3.4, 1.37.6, 1.4.4, 1.41.1, 1.43.3, 1.43.7, 1.43.8, 1.9.3, 10.1.1, 10.1.10, 10.1.4, 10.10.2, 10.11.1, 10.11.2, 10.12.5, 10.13.1, 10.13.10, 10.13.6, 10.13.8, 10.14.5, 10.15.5, 10.15.6, 10.16.5, 10.16.7, 10.16.8, 10.17.2, 10.18.1, 10.18.2, 10.18.5, 10.18.7, 10.19.3, 10.19.5, 10.2.2, 10.2.3, 10.22.12, 10.23.1, 10.23.11, 10.23.2, 10.23.3, 10.24.1, 10.24.5, 10.3.3, 10.3.4, 10.32.1, 10.33.3, 10.34.1, 10.34.2, 10.35.8, 10.36.3, 10.36.6, 10.5.5, 10.5.7, 10.6.5, 10.6.6, 10.7.1, 10.7.3, 10.8.1, 10.8.2, 10.8.3, 10.8.6, 10.9.1, 10.9.12, 10.9.2, 10.9.4, 10.9.6, 2.22.8, 2.24.1, 2.26.7, 2.29.7, 2.33.2, 3.1.6, 3.10.3, 3.10.4, 3.11.8, 3.13.8, 3.17.1, 3.17.9, 3.19.12, 3.3.6, 3.4.3, 3.4.4, 3.8.10, 3.8.2, 3.8.9, 4.12.1, 4.12.7, 4.12.8, 4.15.6, 4.16.6, 4.17.4, 4.20.1, 4.24.1, 4.32.3, 4.32.5, 4.34.9, 4.5.4, 4.9.3, 5.13.5, 5.18.8, 5.21.5, 5.21.7, 5.27.1, 5.27.10, 5.27.9, 5.3.1, 5.4.3, 5.4.6, 5.7.3, 6.1.8, 6.11.5, 6.11.7, 6.12.8, 6.13.8, 6.14.5, 6.15.1, 6.15.3, 6.15.6, 6.16.4, 6.17.2, 6.19.1, 6.2.2, 6.3.11, 6.3.4, 6.3.8, 6.4.11, 6.4.2, 6.4.5, 6.4.6, 6.7.10, 6.8.1, 6.8.6, 6.9.7, 7.17.13, 7.17.6, 7.19.4, 7.19.6, 7.19.7, 7.2.1, 7.24.4, 7.3.1, 8.10.9, 8.11.10, 8.15.1, 8.23.1, 8.24.10, 8.24.14, 8.24.8, 8.27.9, 8.36.8, 8.37.1, 8.39.4, 8.48.2, 8.5.4, 8.53.3, 8.7.6, 8.9.3, 9.12.1, 9.14.2, 9.25.1, 9.26.3, 9.33.1, 9.33.4, 9.36.2, 9.37.4, 9.37.5, 9.38.5, 9.40.1, 9.41.2, 9.5.10, 9.7.5<br><strong>Pleiades</strong>: <a href="https://pleiades.stoa.org/places/540726" target="_blank">https://pleiades.stoa.org/places/540726</a><br><strong>ToposText</strong>: <a href="https://topostext.org/place/385225SDel" target="_blank">https://topostext.org/place/385225SDel</a>]]></description>
        <Point><coordinates>22.50151,38.48254</coordinates></Point>
      </Placemark>

      <Placemark>
        <name>Tomb of Oeneus in Oenoe</name>
        <description><![CDATA[<strong>name</strong>: Tomb of Oeneus in Oenoe<br><strong>region</strong>: Argolid Bk2<br><strong>part of</strong>: Oinoe (Argolid)<br><strong>location</strong>: Oinoe (Argolid)<br><strong>Wikidata</strong>: <a href="https://wikidata.org/wiki/Q136487510" target="_blank">https://wikidata.org/wiki/Q136487510</a><br><strong>type</strong>: tomb mnema<br><strong>passages</strong>: 2.25.2]]></description>
        <Point><coordinates>22.5703,37.6111</coordinates></Point>
      </Placemark>

      <Placemark>
        <name>Acropolis of Troizen</name>
        <description><![CDATA[<strong>name</strong>: Acropolis of Troizen<br><strong>region</strong>: Troizenia Bk2<br><strong>part of</strong>: Troizen (Troizenia)<br><strong>location</strong>: Troizen (Troizenia)<br><strong>Wikidata</strong>: <a href="https://wikidata.org/wiki/Q133963415" target="_blank">https://wikidata.org/wiki/Q133963415</a><br><strong>type</strong>: acropolis<br><strong>passages</strong>: 2.32.5]]></description>
        <Point><coordinates>23.3484,37.5033</coordinates></Point>
      </Placemark>

      <Placemark>
        <name>Sanctuary of Poseidon before Helisson river on Sicyon Aristonautai road</name>
        <description><![CDATA[<strong>name</strong>: Sanctuary of Poseidon before Helisson river on Sicyon Aristonautai road<br><strong>region</strong>: Sikyonia Bk2<br><strong>part of</strong>: Sikyonia Bk2<br><strong>Wikidata</strong>: <a href="https://wikidata.org/wiki/Q134037509" target="_blank">https://wikidata.org/wiki/Q134037509</a><br><strong>type</strong>: hieron<br><strong>passages</strong>: 2.12.2]]></description>
        <Point><coordinates>22.74,38.001</coordinates></Point>
      </Placemark>

      <Placemark>
        <name>Temple of Hera Antheia at Argos agora</name>
        <description><![CDATA[<strong>name</strong>: Temple of Hera Antheia at Argos agora<br><strong>region</strong>: Argolid Bk2<br><strong>part of</strong>: Agora of Argos<br><strong>location</strong>: Agora of Argos<br><strong>type</strong>: temple<br><strong>passages</strong>: 2.22.1]]></description>
        <Point><coordinates>22.7214,37.6305</coordinates></Point>
      </Placemark>

      <Placemark>
        <name>Sanctuary of Hera Bounaea in Corinth, toward Acrocorinth</name>
        <description><![CDATA[<strong>name</strong>: Sanctuary of Hera Bounaea in Corinth, toward Acrocorinth<br><strong>region</strong>: Corinthia Bk2<br><strong>part of</strong>: Corinth (Corinthia)<br><strong>location</strong>: Corinth (Corinthia)<br><strong>Wikidata</strong>: <a href="https://wikidata.org/wiki/Q134037576" target="_blank">https://wikidata.org/wiki/Q134037576</a><br><strong>type</strong>: hieron<br><strong>passages</strong>: 2.4.7<br><strong>Manto</strong>: <a href="https://resource.manto.unh.edu/10153214" target="_blank">https://resource.manto.unh.edu/10153214</a>]]></description>
        <Point><coordinates>22.8802,37.9054</coordinates></Point>
      </Placemark>

      <Placemark>
        <name>Tomb of Phoroneus in Argos</name>
        <description><![CDATA[<strong>name</strong>: Tomb of Phoroneus in Argos<br><strong>region</strong>: Argolid Bk2<br><strong>part of</strong>: Argos (Argolid)<br><strong>location</strong>: Argos (Argolid)<br><strong>altname</strong>: near Zeus Nemeios sanctuary<br><strong>Wikidata</strong>: <a href="https://wikidata.org/wiki/Q136487472" target="_blank">https://wikidata.org/wiki/Q136487472</a><br><strong>type</strong>: tomb mnema<br><strong>passages</strong>: 2.20.3<br><strong>Manto</strong>: <a href="https://resource.manto.unh.edu/10185300" target="_blank">https://resource.manto.unh.edu/10185300</a>]]></description>
        <Point><coordinates>22.7195,37.6316</coordinates></Point>
      </Placemark>

      <Placemark>
        <name>Temple of Hekate at Argos</name>
        <description><![CDATA[<strong>name</strong>: Temple of Hekate at Argos<br><strong>region</strong>: Argolid Bk2<br><strong>part of</strong>: Argos (Argolid)<br><strong>location</strong>: Argos (Argolid)<br><strong>type</strong>: temple<br><strong>passages</strong>: 2.22.7]]></description>
        <Point><coordinates>22.7195,37.6316</coordinates></Point>
      </Placemark>

      <Placemark>
        <name>Kalaureia (island)</name>
        <description><![CDATA[<strong>name</strong>: Kalaureia (island)<br><strong>region</strong>: Troizenia Bk2<br><strong>part of</strong>: Troizenia Bk2<br><strong>Wikidata</strong>: <a href="https://wikidata.org/wiki/Q1443132" target="_blank">https://wikidata.org/wiki/Q1443132</a><br><strong>type</strong>: island<br><strong>passages</strong>: 1.8.2, 1.8.3, 10.5.6, 2.33.2, 2.33.5<br><strong>Pleiades</strong>: <a href="https://pleiades.stoa.org/places/570325" target="_blank">https://pleiades.stoa.org/places/570325</a>]]></description>
        <Point><coordinates>23.48041,37.52255</coordinates></Point>
      </Placemark>

      <Placemark>
        <name>Kalaureia (island)</name>
        <description><![CDATA[<strong>name</strong>: Kalaureia (island)<br><strong>region</strong>: Troizenia Bk2<br><strong>part of</strong>: Troizenia Bk2<br><strong>Wikidata</strong>: <a href="https://wikidata.org/wiki/Q1443132" target="_blank">https://wikidata.org/wiki/Q1443132</a><br><strong>type</strong>: island<br><strong>passages</strong>: 1.8.2, 1.8.3, 10.5.6, 2.33.2, 2.33.5<br><strong>Pleiades</strong>: <a href="https://pleiades.stoa.org/places/570325" target="_blank">https://pleiades.stoa.org/places/570325</a>]]></description>
        <Point><coordinates>23.48041,37.52255</coordinates></Point>
      </Placemark>

      <Placemark>
        <name>Sanctuary of All the Gods in the Agora of Corinth</name>
        <description><![CDATA[<strong>name</strong>: Sanctuary of All the Gods in the Agora of Corinth<br><strong>region</strong>: Corinthia Bk2<br><strong>part of</strong>: Agora of Corinth<br><strong>location</strong>: Agora of Corinth<br><strong>Wikidata</strong>: <a href="https://wikidata.org/wiki/Q134037558" target="_blank">https://wikidata.org/wiki/Q134037558</a><br><strong>type</strong>: hieron<br><strong>passages</strong>: 2.2.8]]></description>
        <Point><coordinates>22.8793472,37.9049161</coordinates></Point>
      </Placemark>

      <Placemark>
        <name>Temple of Artemis below Lykone</name>
        <description><![CDATA[<strong>name</strong>: Temple of Artemis below Lykone<br><strong>region</strong>: Argolid Bk2<br><strong>part of</strong>: highway Argos toward Tegea<br><strong>type</strong>: temple<br><strong>passages</strong>: 2.24.5]]></description>
        <Point><coordinates>22.677,37.624</coordinates></Point>
      </Placemark>

      <Placemark>
        <name>Precinct of Roman emperors at Sicyon</name>
        <description><![CDATA[<strong>name</strong>: Precinct of Roman emperors at Sicyon<br><strong>region</strong>: Sikyonia Bk2<br><strong>part of</strong>: Sicyon (Sikyonia)<br><strong>location</strong>: Sicyon (Sikyonia)<br><strong>altname</strong>: formerly the house of Kleon the tyrant of Sicyon<br><strong>type</strong>: temenos<br><strong>passages</strong>: 2.8.1]]></description>
        <Point><coordinates>22.7145,37.9834</coordinates></Point>
      </Placemark>

      <Placemark>
        <name>Gateway near Kylarabis gymnasium, Argos</name>
        <description><![CDATA[<strong>name</strong>: Gateway near Kylarabis gymnasium, Argos<br><strong>region</strong>: Argolid Bk2<br><strong>part of</strong>: Road to Kylarabis Gymnasium, Argos<br><strong>location</strong>: Road to Kylarabis Gymnasium, Argos<br><strong>type</strong>: gate<br><strong>passages</strong>: 2.22.8, 2.22.9]]></description>
        <Point><coordinates>22.7195,37.6316</coordinates></Point>
      </Placemark>

      <Placemark>
        <name>Gateway near Kylarabis gymnasium, Argos</name>
        <description><![CDATA[<strong>name</strong>: Gateway near Kylarabis gymnasium, Argos<br><strong>region</strong>: Argolid Bk2<br><strong>part of</strong>: Road to Kylarabis Gymnasium, Argos<br><strong>location</strong>: Road to Kylarabis Gymnasium, Argos<br><strong>type</strong>: gate<br><strong>passages</strong>: 2.22.8, 2.22.9]]></description>
        <Point><coordinates>22.7195,37.6316</coordinates></Point>
      </Placemark>

      <Placemark>
        <name>Sanctuary of Demeter at Phlious</name>
        <description><![CDATA[<strong>name</strong>: Sanctuary of Demeter at Phlious<br><strong>region</strong>: Phlious Bk2<br><strong>part of</strong>: Phlious Bk2<br><strong>location</strong>: Phlious Bk2<br><strong>altname</strong>: , not far from theater, with seated ancient statues<br><strong>Wikidata</strong>: <a href="https://wikidata.org/wiki/Q134037325" target="_blank">https://wikidata.org/wiki/Q134037325</a><br><strong>type</strong>: hieron<br><strong>passages</strong>: 2.13.5]]></description>
        <Point><coordinates>22.649131,37.846299</coordinates></Point>
      </Placemark>

      <Placemark>
        <name>Methana hot baths</name>
        <description><![CDATA[<strong>name</strong>: Methana hot baths<br><strong>region</strong>: Troizenia Bk2<br><strong>part of</strong>: Methana peninsula<br><strong>Wikidata</strong>: <a href="https://wikidata.org/wiki/Q115623838" target="_blank">https://wikidata.org/wiki/Q115623838</a><br><strong>type</strong>: bath<br><strong>passages</strong>: 2.34.1]]></description>
        <Point><coordinates>23.3875,37.5767</coordinates></Point>
      </Placemark>

      <Placemark>
        <name>Tomb of Xenodike on road to Sicyon</name>
        <description><![CDATA[<strong>name</strong>: Tomb of Xenodike on road to Sicyon<br><strong>region</strong>: Sikyonia Bk2<br><strong>part of</strong>: road Corinth to Sikyon<br><strong>location</strong>: Sicyon (Sikyonia)<br><strong>altname</strong>: almost at Sicyon, with painting very worth seeing<br><strong>Wikidata</strong>: <a href="https://wikidata.org/wiki/Q136487454" target="_blank">https://wikidata.org/wiki/Q136487454</a><br><strong>type</strong>: tomb mnema<br><strong>passages</strong>: 2.7.3]]></description>
        <Point><coordinates>22.7145,37.9834</coordinates></Point>
      </Placemark>

      <Placemark>
        <name>Sanctuary of Athena in Kleonai</name>
        <description><![CDATA[<strong>name</strong>: Sanctuary of Athena in Kleonai<br><strong>region</strong>: Argolid Bk2<br><strong>part of</strong>: Kleonai<br><strong>location</strong>: Kleonai<br><strong>Wikidata</strong>: <a href="https://wikidata.org/wiki/Q134037518" target="_blank">https://wikidata.org/wiki/Q134037518</a><br><strong>type</strong>: hieron<br><strong>passages</strong>: 2.15.1]]></description>
        <Point><coordinates>22.75372,37.81708</coordinates></Point>
      </Placemark>

      <Placemark>
        <name>Sanctuary of Amphiaraus in Argos</name>
        <description><![CDATA[<strong>name</strong>: Sanctuary of Amphiaraus in Argos<br><strong>region</strong>: Argolid Bk2<br><strong>part of</strong>: Koile road from Kylarabis gymnasium, Argos<br><strong>location</strong>: Koile road from Kylarabis gymnasium, Argos<br><strong>altname</strong>: on Koile road near house of Adrastus<br><strong>Wikidata</strong>: <a href="https://wikidata.org/wiki/Q134037461" target="_blank">https://wikidata.org/wiki/Q134037461</a><br><strong>type</strong>: hieron<br><strong>passages</strong>: 2.23.2]]></description>
        <Point><coordinates>22.7195,37.6316</coordinates></Point>
      </Placemark>

      <Placemark>
        <name>Kosmeterion of Sicyon</name>
        <description><![CDATA[<strong>name</strong>: Kosmeterion of Sicyon<br><strong>region</strong>: Sikyonia Bk2<br><strong>part of</strong>: Theater of Dionysos in Sicyon<br><strong>location</strong>: Theater of Dionysos in Sicyon<br><strong>type</strong>: building<br><strong>passages</strong>: 2.7.5]]></description>
        <Point><coordinates>22.71145,37.98417</coordinates></Point>
      </Placemark>

      <Placemark>
        <name>Sanctuary of Doto in Gabala</name>
        <description><![CDATA[<strong>name</strong>: Sanctuary of Doto in Gabala<br><strong>region</strong>: Asia (continent)<br><strong>part of</strong>: Gabala<br><strong>location</strong>: Gabala<br><strong>Wikidata</strong>: <a href="https://wikidata.org/wiki/Q134038499" target="_blank">https://wikidata.org/wiki/Q134038499</a><br><strong>type</strong>: hieron<br><strong>passages</strong>: 2.1.8<br><strong>Manto</strong>: <a href="https://resource.manto.unh.edu/10153097" target="_blank">https://resource.manto.unh.edu/10153097</a>]]></description>
        <Point><coordinates>35.92232,35.37806</coordinates></Point>
      </Placemark>

      <Placemark>
        <name>Achaia Bk7</name>
        <description><![CDATA[<strong>name</strong>: Achaia Bk7<br><strong>region</strong>: <br><strong>part of</strong>: Peloponnesos<br><strong>altname</strong>: Achaea<br><strong>Wikidata</strong>: <a href="https://wikidata.org/wiki/Q2790451" target="_blank">https://wikidata.org/wiki/Q2790451</a><br><strong>type</strong>: chora/region<br><strong>passages</strong>: 2.18.8, 2.5.6, 3.2.1, 5.1.1, 5.24.4, 5.9.1, 6.26.10, 7.1.1, 7.1.3, 7.1.4, 7.27.12, 7.7.2, 8.1.2, 8.15.8, 8.27.14<br><strong>Pleiades</strong>: <a href="https://pleiades.stoa.org/places/570028" target="_blank">https://pleiades.stoa.org/places/570028</a><br><strong>ToposText</strong>: <a href="https://topostext.org/place/382219RAch" target="_blank">https://topostext.org/place/382219RAch</a>]]></description>
        <Point><coordinates>21.9,38.2</coordinates></Point>
      </Placemark>

      <Placemark>
        <name>Achaia Bk7</name>
        <description><![CDATA[<strong>name</strong>: Achaia Bk7<br><strong>region</strong>: <br><strong>part of</strong>: Peloponnesos<br><strong>altname</strong>: Achaea<br><strong>Wikidata</strong>: <a href="https://wikidata.org/wiki/Q2790451" target="_blank">https://wikidata.org/wiki/Q2790451</a><br><strong>type</strong>: chora/region<br><strong>passages</strong>: 2.18.8, 2.5.6, 3.2.1, 5.1.1, 5.24.4, 5.9.1, 6.26.10, 7.1.1, 7.1.3, 7.1.4, 7.27.12, 7.7.2, 8.1.2, 8.15.8, 8.27.14<br><strong>Pleiades</strong>: <a href="https://pleiades.stoa.org/places/570028" target="_blank">https://pleiades.stoa.org/places/570028</a><br><strong>ToposText</strong>: <a href="https://topostext.org/place/382219RAch" target="_blank">https://topostext.org/place/382219RAch</a>]]></description>
        <Point><coordinates>21.9,38.2</coordinates></Point>
      </Placemark>

      <Placemark>
        <name>temple and altar of Athena at Sicyon, built by Epopeus</name>
        <description><![CDATA[<strong>name</strong>: temple and altar of Athena at Sicyon, built by Epopeus<br><strong>region</strong>: Sikyonia Bk2<br><strong>part of</strong>: Sicyon (Sikyonia)<br><strong>location</strong>: Sicyon (Sikyonia)<br><strong>altname</strong>: temple destroyed by lightning, altar remains<br><strong>type</strong>: altar, temple<br><strong>passages</strong>: 2.11.1]]></description>
        <Point><coordinates>22.7145,37.9834</coordinates></Point>
      </Placemark>

      <Placemark>
        <name>Libyan desert</name>
        <description><![CDATA[<strong>name</strong>: Libyan desert<br><strong>region</strong>: Libya (Africa)<br><strong>part of</strong>: Libya (Africa)<br><strong>location</strong>: Libya (Africa)<br><strong>Wikidata</strong>: <a href="https://wikidata.org/wiki/Q181528" target="_blank">https://wikidata.org/wiki/Q181528</a><br><strong>type</strong>: chora/region<br><strong>passages</strong>: 2.21.6]]></description>
        <Point><coordinates>26.5,31.5</coordinates></Point>
      </Placemark>

      <Placemark>
        <name>Neris</name>
        <description><![CDATA[<strong>name</strong>: Neris<br><strong>region</strong>: Argolid Bk2<br><strong>part of</strong>: Thyreatis<br><strong>altname</strong>: village of Thyreatis<br><strong>Wikidata</strong>: <a href="https://wikidata.org/wiki/Q48781611" target="_blank">https://wikidata.org/wiki/Q48781611</a><br><strong>type</strong>: village kome<br><strong>passages</strong>: 2.38.6<br><strong>Pleiades</strong>: <a href="https://pleiades.stoa.org/places/570506" target="_blank">https://pleiades.stoa.org/places/570506</a>]]></description>
        <Point><coordinates>22.6746,37.4327</coordinates></Point>
      </Placemark>

      <Placemark>
        <name>Tomb of Medea&apos;s children by Corinth Odeion</name>
        <description><![CDATA[<strong>name</strong>: Tomb of Medea&apos;s children by Corinth Odeion<br><strong>region</strong>: Corinthia Bk2<br><strong>part of</strong>: Corinth (Corinthia)<br><strong>location</strong>: Corinth (Corinthia)<br><strong>Wikidata</strong>: <a href="https://wikidata.org/wiki/Q136487519" target="_blank">https://wikidata.org/wiki/Q136487519</a><br><strong>type</strong>: tomb mnema<br><strong>passages</strong>: 2.3.6<br><strong>Manto</strong>: <a href="https://resource.manto.unh.edu/10153089" target="_blank">https://resource.manto.unh.edu/10153089</a>]]></description>
        <Point><coordinates>22.8802,37.9054</coordinates></Point>
      </Placemark>

      <Placemark>
        <name>Inner room, of Apollo Karneios, in Sicyon</name>
        <description><![CDATA[<strong>name</strong>: Inner room, of Apollo Karneios, in Sicyon<br><strong>region</strong>: Sikyonia Bk2<br><strong>part of</strong>: Sicyon (Sikyonia)<br><strong>location</strong>: Sicyon (Sikyonia)<br><strong>type</strong>: chamber<br><strong>passages</strong>: 2.10.2]]></description>
        <Point><coordinates>22.7145,37.9834</coordinates></Point>
      </Placemark>

      <Placemark>
        <name>Acherousian Lake at Hermione, behind Chthonia temple</name>
        <description><![CDATA[<strong>name</strong>: Acherousian Lake at Hermione, behind Chthonia temple<br><strong>region</strong>: Hermionis Bk2<br><strong>part of</strong>: Pron M.<br><strong>location</strong>: Pron M.<br><strong>type</strong>: lake<br><strong>passages</strong>: 2.35.10]]></description>
        <Point><coordinates>23.235,37.3884</coordinates></Point>
      </Placemark>

      <Placemark>
        <name>Temple of Apollo Platanistios, on the road from Troizen to Hermione</name>
        <description><![CDATA[<strong>name</strong>: Temple of Apollo Platanistios, on the road from Troizen to Hermione<br><strong>region</strong>: Troizenia Bk2<br><strong>part of</strong>: Troizen (Troizenia)<br><strong>location</strong>: Troizen (Troizenia)<br><strong>type</strong>: temple<br><strong>passages</strong>: 2.34.6]]></description>
        <Point><coordinates>23.3484,37.5033</coordinates></Point>
      </Placemark>

      <Placemark>
        <name>Patrae</name>
        <description><![CDATA[<strong>name</strong>: Patrae<br><strong>region</strong>: Achaia Bk7<br><strong>part of</strong>: Achaia Bk7<br><strong>altname</strong>: Patras, Patrai<br><strong>Wikidata</strong>: <a href="https://wikidata.org/wiki/Q56398976" target="_blank">https://wikidata.org/wiki/Q56398976</a><br><strong>type</strong>: polis<br><strong>passages</strong>: 2.9.2, 3.2.1, 4.31.7, 7.17.5, 7.18.2, 7.18.4, 7.18.5, 7.18.6, 7.18.7, 7.18.8, 7.18.9, 7.19.1, 7.19.8, 7.20.7, 7.21.10, 7.21.13, 7.21.14, 7.21.6, 7.22.1, 7.22.10, 7.22.11, 7.22.6, 7.6.2, 7.6.4, 7.6.5<br><strong>Pleiades</strong>: <a href="https://pleiades.stoa.org/places/570567" target="_blank">https://pleiades.stoa.org/places/570567</a>]]></description>
        <Point><coordinates>21.738518,38.243265</coordinates></Point>
      </Placemark>

      <Placemark>
        <name>Hadrianic aqueduct (Korinthia)</name>
        <description><![CDATA[<strong>name</strong>: Hadrianic aqueduct (Korinthia)<br><strong>region</strong>: Corinthia Bk2<br><strong>part of</strong>: Corinthia Bk2<br><strong>Wikidata</strong>: <a href="https://wikidata.org/wiki/Q56295608" target="_blank">https://wikidata.org/wiki/Q56295608</a><br><strong>type</strong>: aqueduct<br><strong>passages</strong>: 2.3.5, 8.22.3<br><strong>ToposText</strong>: <a href="https://topostext.org/place/379229BHAq" target="_blank">https://topostext.org/place/379229BHAq</a>]]></description>
        <Point><coordinates>22.84714,37.89019</coordinates></Point>
      </Placemark>

      <Placemark>
        <name>Pron M.</name>
        <description><![CDATA[<strong>name</strong>: Pron M.<br><strong>region</strong>: Hermionis Bk2<br><strong>part of</strong>: Hermione<br><strong>Wikidata</strong>: <a href="https://wikidata.org/wiki/Q115795907" target="_blank">https://wikidata.org/wiki/Q115795907</a><br><strong>type</strong>: mountain oros<br><strong>passages</strong>: 2.34.11, 2.35.4, 2.36.1, 2.36.2<br><strong>Pleiades</strong>: <a href="https://pleiades.stoa.org/places/573481" target="_blank">https://pleiades.stoa.org/places/573481</a>]]></description>
        <Point><coordinates>23.235,37.3884</coordinates></Point>
      </Placemark>

      <Placemark>
        <name>Pron M.</name>
        <description><![CDATA[<strong>name</strong>: Pron M.<br><strong>region</strong>: Hermionis Bk2<br><strong>part of</strong>: Hermione<br><strong>Wikidata</strong>: <a href="https://wikidata.org/wiki/Q115795907" target="_blank">https://wikidata.org/wiki/Q115795907</a><br><strong>type</strong>: mountain oros<br><strong>passages</strong>: 2.34.11, 2.35.4, 2.36.1, 2.36.2<br><strong>Pleiades</strong>: <a href="https://pleiades.stoa.org/places/573481" target="_blank">https://pleiades.stoa.org/places/573481</a>]]></description>
        <Point><coordinates>23.235,37.3884</coordinates></Point>
      </Placemark>

      <Placemark>
        <name>Pron M.</name>
        <description><![CDATA[<strong>name</strong>: Pron M.<br><strong>region</strong>: Hermionis Bk2<br><strong>part of</strong>: Hermione<br><strong>Wikidata</strong>: <a href="https://wikidata.org/wiki/Q115795907" target="_blank">https://wikidata.org/wiki/Q115795907</a><br><strong>type</strong>: mountain oros<br><strong>passages</strong>: 2.34.11, 2.35.4, 2.36.1, 2.36.2<br><strong>Pleiades</strong>: <a href="https://pleiades.stoa.org/places/573481" target="_blank">https://pleiades.stoa.org/places/573481</a>]]></description>
        <Point><coordinates>23.235,37.3884</coordinates></Point>
      </Placemark>

      <Placemark>
        <name>Pron M.</name>
        <description><![CDATA[<strong>name</strong>: Pron M.<br><strong>region</strong>: Hermionis Bk2<br><strong>part of</strong>: Hermione<br><strong>Wikidata</strong>: <a href="https://wikidata.org/wiki/Q115795907" target="_blank">https://wikidata.org/wiki/Q115795907</a><br><strong>type</strong>: mountain oros<br><strong>passages</strong>: 2.34.11, 2.35.4, 2.36.1, 2.36.2<br><strong>Pleiades</strong>: <a href="https://pleiades.stoa.org/places/573481" target="_blank">https://pleiades.stoa.org/places/573481</a>]]></description>
        <Point><coordinates>23.235,37.3884</coordinates></Point>
      </Placemark>

      <Placemark>
        <name>Sanctuary of Kephisos in Argos</name>
        <description><![CDATA[<strong>name</strong>: Sanctuary of Kephisos in Argos<br><strong>region</strong>: Argolid Bk2<br><strong>part of</strong>: Argos (Argolid)<br><strong>location</strong>: Argos (Argolid)<br><strong>altname</strong>: right of entrance of the building for Adonis<br><strong>Wikidata</strong>: <a href="https://wikidata.org/wiki/Q134037425" target="_blank">https://wikidata.org/wiki/Q134037425</a><br><strong>type</strong>: hieron<br><strong>passages</strong>: 2.20.6]]></description>
        <Point><coordinates>22.7195,37.6316</coordinates></Point>
      </Placemark>

      <Placemark>
        <name>Sphettos</name>
        <description><![CDATA[<strong>name</strong>: Sphettos<br><strong>region</strong>: Attica Bk1<br><strong>part of</strong>: Attica Bk1<br><strong>altname</strong>: Sphettus: deme of Attica named for Sphettus of Troizen<br><strong>Wikidata</strong>: <a href="https://wikidata.org/wiki/Q13446048" target="_blank">https://wikidata.org/wiki/Q13446048</a><br><strong>type</strong>: demos<br><strong>passages</strong>: 2.30.9<br><strong>Pleiades</strong>: <a href="https://pleiades.stoa.org/places/580109" target="_blank">https://pleiades.stoa.org/places/580109</a>]]></description>
        <Point><coordinates>23.833999999999996,37.905</coordinates></Point>
      </Placemark>

      <Placemark>
        <name>Temple of Dionysos by theater of Sicyon</name>
        <description><![CDATA[<strong>name</strong>: Temple of Dionysos by theater of Sicyon<br><strong>region</strong>: Sikyonia Bk2<br><strong>part of</strong>: Sicyon (Sikyonia)<br><strong>location</strong>: Sicyon (Sikyonia)<br><strong>type</strong>: temple<br><strong>passages</strong>: 2.7.5]]></description>
        <Point><coordinates>22.7145,37.9834</coordinates></Point>
      </Placemark>

      <Placemark>
        <name>Stoa in Asclepieion of Sicyon</name>
        <description><![CDATA[<strong>name</strong>: Stoa in Asclepieion of Sicyon<br><strong>region</strong>: Sikyonia Bk2<br><strong>part of</strong>: Sicyon (Sikyonia)<br><strong>location</strong>: Sicyon (Sikyonia)<br><strong>type</strong>: stoa<br><strong>passages</strong>: 2.10.2]]></description>
        <Point><coordinates>22.7145,37.9834</coordinates></Point>
      </Placemark>

      <Placemark>
        <name>Temple of Asclepius in Phliasia, on the right as one goes down from the Akropolis at Phlious</name>
        <description><![CDATA[<strong>name</strong>: Temple of Asclepius in Phliasia, on the right as one goes down from the Akropolis at Phlious<br><strong>region</strong>: Phlious Bk2<br><strong>part of</strong>: Phlious Bk2<br><strong>location</strong>: Phlious Bk2<br><strong>type</strong>: temple<br><strong>passages</strong>: 2.13.5]]></description>
        <Point><coordinates>22.649131,37.846299</coordinates></Point>
      </Placemark>

      <Placemark>
        <name>Sanctuary of Asklepios at Sicyon</name>
        <description><![CDATA[<strong>name</strong>: Sanctuary of Asklepios at Sicyon<br><strong>region</strong>: Sikyonia Bk2<br><strong>part of</strong>: Sicyon (Sikyonia)<br><strong>location</strong>: Sicyon (Sikyonia)<br><strong>Wikidata</strong>: <a href="https://wikidata.org/wiki/Q134037399" target="_blank">https://wikidata.org/wiki/Q134037399</a><br><strong>type</strong>: hieron<br><strong>passages</strong>: 2.10.2<br><strong>Manto</strong>: <a href="https://resource.manto.unh.edu/10159006" target="_blank">https://resource.manto.unh.edu/10159006</a>]]></description>
        <Point><coordinates>22.7145,37.9834</coordinates></Point>
      </Placemark>

      <Placemark>
        <name>Hermione</name>
        <description><![CDATA[<strong>name</strong>: Hermione<br><strong>region</strong>: Hermionis Bk2<br><strong>part of</strong>: Hermionis Bk2<br><strong>altname</strong>: Hermion<br><strong>Wikidata</strong>: <a href="https://wikidata.org/wiki/Q58401924" target="_blank">https://wikidata.org/wiki/Q58401924</a><br><strong>type</strong>: polis<br><strong>passages</strong>: 2.32.7, 2.34.11, 2.34.12, 2.34.4, 2.34.5, 2.34.6, 2.34.8, 2.35.4, 2.35.9, 3.14.5, 4.34.9, 5.23.2, 8.1.1<br><strong>Pleiades</strong>: <a href="https://pleiades.stoa.org/places/570292" target="_blank">https://pleiades.stoa.org/places/570292</a>]]></description>
        <Point><coordinates>23.243591,37.385218</coordinates></Point>
      </Placemark>

      <Placemark>
        <name>Hermione</name>
        <description><![CDATA[<strong>name</strong>: Hermione<br><strong>region</strong>: Hermionis Bk2<br><strong>part of</strong>: Hermionis Bk2<br><strong>altname</strong>: Hermion<br><strong>Wikidata</strong>: <a href="https://wikidata.org/wiki/Q58401924" target="_blank">https://wikidata.org/wiki/Q58401924</a><br><strong>type</strong>: polis<br><strong>passages</strong>: 2.32.7, 2.34.11, 2.34.12, 2.34.4, 2.34.5, 2.34.6, 2.34.8, 2.35.4, 2.35.9, 3.14.5, 4.34.9, 5.23.2, 8.1.1<br><strong>Pleiades</strong>: <a href="https://pleiades.stoa.org/places/570292" target="_blank">https://pleiades.stoa.org/places/570292</a>]]></description>
        <Point><coordinates>23.243591,37.385218</coordinates></Point>
      </Placemark>

      <Placemark>
        <name>Hermione</name>
        <description><![CDATA[<strong>name</strong>: Hermione<br><strong>region</strong>: Hermionis Bk2<br><strong>part of</strong>: Hermionis Bk2<br><strong>altname</strong>: Hermion<br><strong>Wikidata</strong>: <a href="https://wikidata.org/wiki/Q58401924" target="_blank">https://wikidata.org/wiki/Q58401924</a><br><strong>type</strong>: polis<br><strong>passages</strong>: 2.32.7, 2.34.11, 2.34.12, 2.34.4, 2.34.5, 2.34.6, 2.34.8, 2.35.4, 2.35.9, 3.14.5, 4.34.9, 5.23.2, 8.1.1<br><strong>Pleiades</strong>: <a href="https://pleiades.stoa.org/places/570292" target="_blank">https://pleiades.stoa.org/places/570292</a>]]></description>
        <Point><coordinates>23.243591,37.385218</coordinates></Point>
      </Placemark>

      <Placemark>
        <name>Hermione</name>
        <description><![CDATA[<strong>name</strong>: Hermione<br><strong>region</strong>: Hermionis Bk2<br><strong>part of</strong>: Hermionis Bk2<br><strong>altname</strong>: Hermion<br><strong>Wikidata</strong>: <a href="https://wikidata.org/wiki/Q58401924" target="_blank">https://wikidata.org/wiki/Q58401924</a><br><strong>type</strong>: polis<br><strong>passages</strong>: 2.32.7, 2.34.11, 2.34.12, 2.34.4, 2.34.5, 2.34.6, 2.34.8, 2.35.4, 2.35.9, 3.14.5, 4.34.9, 5.23.2, 8.1.1<br><strong>Pleiades</strong>: <a href="https://pleiades.stoa.org/places/570292" target="_blank">https://pleiades.stoa.org/places/570292</a>]]></description>
        <Point><coordinates>23.243591,37.385218</coordinates></Point>
      </Placemark>

      <Placemark>
        <name>Hermione</name>
        <description><![CDATA[<strong>name</strong>: Hermione<br><strong>region</strong>: Hermionis Bk2<br><strong>part of</strong>: Hermionis Bk2<br><strong>altname</strong>: Hermion<br><strong>Wikidata</strong>: <a href="https://wikidata.org/wiki/Q58401924" target="_blank">https://wikidata.org/wiki/Q58401924</a><br><strong>type</strong>: polis<br><strong>passages</strong>: 2.32.7, 2.34.11, 2.34.12, 2.34.4, 2.34.5, 2.34.6, 2.34.8, 2.35.4, 2.35.9, 3.14.5, 4.34.9, 5.23.2, 8.1.1<br><strong>Pleiades</strong>: <a href="https://pleiades.stoa.org/places/570292" target="_blank">https://pleiades.stoa.org/places/570292</a>]]></description>
        <Point><coordinates>23.243591,37.385218</coordinates></Point>
      </Placemark>

      <Placemark>
        <name>Hermione</name>
        <description><![CDATA[<strong>name</strong>: Hermione<br><strong>region</strong>: Hermionis Bk2<br><strong>part of</strong>: Hermionis Bk2<br><strong>altname</strong>: Hermion<br><strong>Wikidata</strong>: <a href="https://wikidata.org/wiki/Q58401924" target="_blank">https://wikidata.org/wiki/Q58401924</a><br><strong>type</strong>: polis<br><strong>passages</strong>: 2.32.7, 2.34.11, 2.34.12, 2.34.4, 2.34.5, 2.34.6, 2.34.8, 2.35.4, 2.35.9, 3.14.5, 4.34.9, 5.23.2, 8.1.1<br><strong>Pleiades</strong>: <a href="https://pleiades.stoa.org/places/570292" target="_blank">https://pleiades.stoa.org/places/570292</a>]]></description>
        <Point><coordinates>23.243591,37.385218</coordinates></Point>
      </Placemark>

      <Placemark>
        <name>Hermione</name>
        <description><![CDATA[<strong>name</strong>: Hermione<br><strong>region</strong>: Hermionis Bk2<br><strong>part of</strong>: Hermionis Bk2<br><strong>altname</strong>: Hermion<br><strong>Wikidata</strong>: <a href="https://wikidata.org/wiki/Q58401924" target="_blank">https://wikidata.org/wiki/Q58401924</a><br><strong>type</strong>: polis<br><strong>passages</strong>: 2.32.7, 2.34.11, 2.34.12, 2.34.4, 2.34.5, 2.34.6, 2.34.8, 2.35.4, 2.35.9, 3.14.5, 4.34.9, 5.23.2, 8.1.1<br><strong>Pleiades</strong>: <a href="https://pleiades.stoa.org/places/570292" target="_blank">https://pleiades.stoa.org/places/570292</a>]]></description>
        <Point><coordinates>23.243591,37.385218</coordinates></Point>
      </Placemark>

      <Placemark>
        <name>Hermione</name>
        <description><![CDATA[<strong>name</strong>: Hermione<br><strong>region</strong>: Hermionis Bk2<br><strong>part of</strong>: Hermionis Bk2<br><strong>altname</strong>: Hermion<br><strong>Wikidata</strong>: <a href="https://wikidata.org/wiki/Q58401924" target="_blank">https://wikidata.org/wiki/Q58401924</a><br><strong>type</strong>: polis<br><strong>passages</strong>: 2.32.7, 2.34.11, 2.34.12, 2.34.4, 2.34.5, 2.34.6, 2.34.8, 2.35.4, 2.35.9, 3.14.5, 4.34.9, 5.23.2, 8.1.1<br><strong>Pleiades</strong>: <a href="https://pleiades.stoa.org/places/570292" target="_blank">https://pleiades.stoa.org/places/570292</a>]]></description>
        <Point><coordinates>23.243591,37.385218</coordinates></Point>
      </Placemark>

      <Placemark>
        <name>Hermione</name>
        <description><![CDATA[<strong>name</strong>: Hermione<br><strong>region</strong>: Hermionis Bk2<br><strong>part of</strong>: Hermionis Bk2<br><strong>altname</strong>: Hermion<br><strong>Wikidata</strong>: <a href="https://wikidata.org/wiki/Q58401924" target="_blank">https://wikidata.org/wiki/Q58401924</a><br><strong>type</strong>: polis<br><strong>passages</strong>: 2.32.7, 2.34.11, 2.34.12, 2.34.4, 2.34.5, 2.34.6, 2.34.8, 2.35.4, 2.35.9, 3.14.5, 4.34.9, 5.23.2, 8.1.1<br><strong>Pleiades</strong>: <a href="https://pleiades.stoa.org/places/570292" target="_blank">https://pleiades.stoa.org/places/570292</a>]]></description>
        <Point><coordinates>23.243591,37.385218</coordinates></Point>
      </Placemark>

      <Placemark>
        <name>Old temple of Hera, Argive Heraion</name>
        <description><![CDATA[<strong>name</strong>: Old temple of Hera, Argive Heraion<br><strong>region</strong>: Argolid Bk2<br><strong>part of</strong>: Argive Heraion (Argolid)<br><strong>location</strong>: Argive Heraion (Argolid)<br><strong>type</strong>: temple<br><strong>passages</strong>: 2.17.7]]></description>
        <Point><coordinates>22.7747,37.6919</coordinates></Point>
      </Placemark>

      <Placemark>
        <name>Tombs of Aras&apos;s children on the Arantinos hill</name>
        <description><![CDATA[<strong>name</strong>: Tombs of Aras&apos;s children on the Arantinos hill<br><strong>region</strong>: Phlious Bk2<br><strong>part of</strong>: Arantinos Lophos<br><strong>location</strong>: Arantinos Lophos<br><strong>Wikidata</strong>: <a href="https://wikidata.org/wiki/Q136487337" target="_blank">https://wikidata.org/wiki/Q136487337</a><br><strong>type</strong>: tomb mnema<br><strong>passages</strong>: 2.12.5<br><strong>Manto</strong>: <a href="https://resource.manto.unh.edu/10158689" target="_blank">https://resource.manto.unh.edu/10158689</a>]]></description>
        <Point><coordinates>22.649131,37.846299</coordinates></Point>
      </Placemark>

      <Placemark>
        <name>Heroon of Aratos at Sicyon</name>
        <description><![CDATA[<strong>name</strong>: Heroon of Aratos at Sicyon<br><strong>region</strong>: Sikyonia Bk2<br><strong>part of</strong>: Sicyon (Sikyonia)<br><strong>location</strong>: Sicyon (Sikyonia)<br><strong>Wikidata</strong>: <a href="https://wikidata.org/wiki/Q136487483" target="_blank">https://wikidata.org/wiki/Q136487483</a><br><strong>type</strong>: heroon<br><strong>passages</strong>: 2.8.1]]></description>
        <Point><coordinates>22.7145,37.9834</coordinates></Point>
      </Placemark>

      <Placemark>
        <name>Pronaos of Hera Temple, Argive Heraion</name>
        <description><![CDATA[<strong>name</strong>: Pronaos of Hera Temple, Argive Heraion<br><strong>region</strong>: Argolid Bk2<br><strong>part of</strong>: Argive Heraion (Argolid)<br><strong>location</strong>: Argive Heraion (Argolid)<br><strong>type</strong>: pronaos<br><strong>passages</strong>: 2.17.3]]></description>
        <Point><coordinates>22.7747,37.6919</coordinates></Point>
      </Placemark>

      <Placemark>
        <name>Open-air fountain fed by Peirene spring in Corinth</name>
        <description><![CDATA[<strong>name</strong>: Open-air fountain fed by Peirene spring in Corinth<br><strong>region</strong>: Corinthia Bk2<br><strong>part of</strong>: Corinth (Corinthia)<br><strong>location</strong>: Corinth (Corinthia)<br><strong>type</strong>: spring pege<br><strong>passages</strong>: 2.3.3]]></description>
        <Point><coordinates>22.8802,37.9054</coordinates></Point>
      </Placemark>

      <Placemark>
        <name>Odeion (Corinth)</name>
        <description><![CDATA[<strong>name</strong>: Odeion (Corinth)<br><strong>region</strong>: Corinthia Bk2<br><strong>part of</strong>: Corinth (Corinthia)<br><strong>Wikidata</strong>: <a href="https://wikidata.org/wiki/Q25461265" target="_blank">https://wikidata.org/wiki/Q25461265</a><br><strong>type</strong>: odeion<br><strong>passages</strong>: 2.3.6<br><strong>ToposText</strong>: <a href="https://topostext.org/place/379229BOde" target="_blank">https://topostext.org/place/379229BOde</a>]]></description>
        <Point><coordinates>22.87732,37.9059</coordinates></Point>
      </Placemark>

      <Placemark>
        <name>Methana peninsula</name>
        <description><![CDATA[<strong>name</strong>: Methana peninsula<br><strong>region</strong>: Troizenia Bk2<br><strong>part of</strong>: Troizenia Bk2<br><strong>Wikidata</strong>: <a href="https://wikidata.org/wiki/Q25017110" target="_blank">https://wikidata.org/wiki/Q25017110</a><br><strong>type</strong>: isthmus<br><strong>passages</strong>: 2.34.1]]></description>
        <Point><coordinates>23.364,37.5606</coordinates></Point>
      </Placemark>

      <Placemark>
        <name>Chambers of the daughters of Proetus, on the sea near Tiryns</name>
        <description><![CDATA[<strong>name</strong>: Chambers of the daughters of Proetus, on the sea near Tiryns<br><strong>region</strong>: Argolid Bk2<br><strong>part of</strong>: Tiryns<br><strong>location</strong>: Tiryns<br><strong>type</strong>: chamber<br><strong>passages</strong>: 2.25.9]]></description>
        <Point><coordinates>22.80004,37.59918</coordinates></Point>
      </Placemark>

      <Placemark>
        <name>Oeta M.</name>
        <description><![CDATA[<strong>name</strong>: Oeta M.<br><strong>region</strong>: Hellas (Europe)<br><strong>part of</strong>: Phthiotis<br><strong>Wikidata</strong>: <a href="https://wikidata.org/wiki/Q132378" target="_blank">https://wikidata.org/wiki/Q132378</a><br><strong>type</strong>: mountain oros<br><strong>passages</strong>: 1.1.3, 1.4.2, 10.20.1, 10.22.1, 10.22.8, 10.24.1, 2.23.5, 3.4.8, 5.1.2, 7.14.1, 7.15.4<br><strong>Pleiades</strong>: <a href="https://pleiades.stoa.org/places/540968" target="_blank">https://pleiades.stoa.org/places/540968</a>]]></description>
        <Point><coordinates>22.2564576,38.7922475</coordinates></Point>
      </Placemark>

      <Placemark>
        <name>Amymone</name>
        <description><![CDATA[<strong>name</strong>: Amymone<br><strong>region</strong>: Argolid Bk2<br><strong>part of</strong>: Argolid Bk2<br><strong>Wikidata</strong>: <a href="https://wikidata.org/wiki/Q121886957" target="_blank">https://wikidata.org/wiki/Q121886957</a><br><strong>type</strong>: river<br><strong>passages</strong>: 2.37.1, 2.37.4, 5.17.11<br><strong>Pleiades</strong>: <a href="https://pleiades.stoa.org/places/573086" target="_blank">https://pleiades.stoa.org/places/573086</a>]]></description>
        <Point><coordinates>22.7065,37.539</coordinates></Point>
      </Placemark>

      <Placemark>
        <name>Amymone</name>
        <description><![CDATA[<strong>name</strong>: Amymone<br><strong>region</strong>: Argolid Bk2<br><strong>part of</strong>: Argolid Bk2<br><strong>Wikidata</strong>: <a href="https://wikidata.org/wiki/Q121886957" target="_blank">https://wikidata.org/wiki/Q121886957</a><br><strong>type</strong>: river<br><strong>passages</strong>: 2.37.1, 2.37.4, 5.17.11<br><strong>Pleiades</strong>: <a href="https://pleiades.stoa.org/places/573086" target="_blank">https://pleiades.stoa.org/places/573086</a>]]></description>
        <Point><coordinates>22.7065,37.539</coordinates></Point>
      </Placemark>

      <Placemark>
        <name>Place of Clymenus in Hermione, behind the temple of Demeter Chthonia</name>
        <description><![CDATA[<strong>name</strong>: Place of Clymenus in Hermione, behind the temple of Demeter Chthonia<br><strong>region</strong>: Hermionis Bk2<br><strong>part of</strong>: Pron M.<br><strong>location</strong>: Pron M.<br><strong>type</strong>: chorion<br><strong>passages</strong>: 2.35.10]]></description>
        <Point><coordinates>23.235,37.3884</coordinates></Point>
      </Placemark>

      <Placemark>
        <name>Mass tomb of Sicyonians on the road to Sicyon</name>
        <description><![CDATA[<strong>name</strong>: Mass tomb of Sicyonians on the road to Sicyon<br><strong>region</strong>: Sikyonia Bk2<br><strong>part of</strong>: road Corinth to Sikyon<br><strong>location</strong>: Sicyon (Sikyonia)<br><strong>type</strong>: polyandrion<br><strong>passages</strong>: 2.7.4]]></description>
        <Point><coordinates>22.7145,37.9834</coordinates></Point>
      </Placemark>

      <Placemark>
        <name>Sanctuary of Demeter Thesmophoros at Troizen</name>
        <description><![CDATA[<strong>name</strong>: Sanctuary of Demeter Thesmophoros at Troizen<br><strong>region</strong>: Troizenia Bk2<br><strong>part of</strong>: Troizen (Troizenia)<br><strong>location</strong>: Troizen (Troizenia)<br><strong>Wikidata</strong>: <a href="https://wikidata.org/wiki/Q134037909" target="_blank">https://wikidata.org/wiki/Q134037909</a><br><strong>type</strong>: hieron<br><strong>passages</strong>: 2.32.8]]></description>
        <Point><coordinates>23.3484,37.5033</coordinates></Point>
      </Placemark>

      <Placemark>
        <name>Gymnasium of Kylarabis in Argos</name>
        <description><![CDATA[<strong>name</strong>: Gymnasium of Kylarabis in Argos<br><strong>region</strong>: Argolid Bk2<br><strong>part of</strong>: Argos (Argolid)<br><strong>location</strong>: Argos (Argolid)<br><strong>Wikidata</strong>: <a href="https://wikidata.org/wiki/Q133054612" target="_blank">https://wikidata.org/wiki/Q133054612</a><br><strong>type</strong>: gymnasium<br><strong>passages</strong>: 2.22.8]]></description>
        <Point><coordinates>22.7195,37.6316</coordinates></Point>
      </Placemark>

      <Placemark>
        <name>House of Cleon at Sicyon</name>
        <description><![CDATA[<strong>name</strong>: House of Cleon at Sicyon<br><strong>region</strong>: Sikyonia Bk2<br><strong>part of</strong>: Sicyon (Sikyonia)<br><strong>location</strong>: Sicyon (Sikyonia)<br><strong>altname</strong>: temenos of the Roman emperors<br><strong>type</strong>: house<br><strong>passages</strong>: 2.8.1]]></description>
        <Point><coordinates>22.7145,37.9834</coordinates></Point>
      </Placemark>

      <Placemark>
        <name>Altar of Melikertes in Krommyon</name>
        <description><![CDATA[<strong>name</strong>: Altar of Melikertes in Krommyon<br><strong>region</strong>: Corinthia Bk2<br><strong>part of</strong>: Krommyon<br><strong>location</strong>: Krommyon<br><strong>type</strong>: altar<br><strong>passages</strong>: 2.1.3]]></description>
        <Point><coordinates>23.14146,37.92753</coordinates></Point>
      </Placemark>

      <Placemark>
        <name>Sanctuary of Apollo Thearios at Troizen, very ancient</name>
        <description><![CDATA[<strong>name</strong>: Sanctuary of Apollo Thearios at Troizen, very ancient<br><strong>region</strong>: Troizenia Bk2<br><strong>part of</strong>: Troizen (Troizenia)<br><strong>location</strong>: Troizen (Troizenia)<br><strong>Wikidata</strong>: <a href="https://wikidata.org/wiki/Q134038017" target="_blank">https://wikidata.org/wiki/Q134038017</a><br><strong>type</strong>: hieron<br><strong>passages</strong>: 2.31.6<br><strong>Manto</strong>: <a href="https://resource.manto.unh.edu/10214846" target="_blank">https://resource.manto.unh.edu/10214846</a>]]></description>
        <Point><coordinates>23.3484,37.5033</coordinates></Point>
      </Placemark>

      <Placemark>
        <name>Delta locality of ancient Argos, in the Agora</name>
        <description><![CDATA[<strong>name</strong>: Delta locality of ancient Argos, in the Agora<br><strong>region</strong>: Argolid Bk2<br><strong>part of</strong>: Agora of Argos<br><strong>location</strong>: Agora of Argos<br><strong>type</strong>: chorion<br><strong>passages</strong>: 2.21.1]]></description>
        <Point><coordinates>22.7214,37.6305</coordinates></Point>
      </Placemark>

      <Placemark>
        <name>Cypress trees on Mt. Lykone</name>
        <description><![CDATA[<strong>name</strong>: Cypress trees on Mt. Lykone<br><strong>region</strong>: Argolid Bk2<br><strong>part of</strong>: Lykone (mountain)<br><strong>location</strong>: Lykone (mountain)<br><strong>type</strong>: cypress grove<br><strong>passages</strong>: 2.24.5]]></description>
        <Point><coordinates>22.7028,37.6328</coordinates></Point>
      </Placemark>

      <Placemark>
        <name>Phlious Bk2</name>
        <description><![CDATA[<strong>name</strong>: Phlious Bk2<br><strong>region</strong>: <br><strong>part of</strong>: Peloponnesos<br><strong>altname</strong>: Phleious Phlius<br><strong>Wikidata</strong>: <a href="https://wikidata.org/wiki/Q1412043" target="_blank">https://wikidata.org/wiki/Q1412043</a><br><strong>type</strong>: polis<br><strong>passages</strong>: 10.20.1, 10.7.7, 2.11.3, 2.12.3, 2.12.4, 2.12.5, 2.12.6, 2.13.1, 2.13.8, 2.14.1, 2.14.3, 2.25.5, 2.25.6, 2.5.2<br><strong>Pleiades</strong>: <a href="https://pleiades.stoa.org/places/570602" target="_blank">https://pleiades.stoa.org/places/570602</a>]]></description>
        <Point><coordinates>22.649131,37.846299</coordinates></Point>
      </Placemark>

      <Placemark>
        <name>Phlious Bk2</name>
        <description><![CDATA[<strong>name</strong>: Phlious Bk2<br><strong>region</strong>: <br><strong>part of</strong>: Peloponnesos<br><strong>altname</strong>: Phleious Phlius<br><strong>Wikidata</strong>: <a href="https://wikidata.org/wiki/Q1412043" target="_blank">https://wikidata.org/wiki/Q1412043</a><br><strong>type</strong>: polis<br><strong>passages</strong>: 10.20.1, 10.7.7, 2.11.3, 2.12.3, 2.12.4, 2.12.5, 2.12.6, 2.13.1, 2.13.8, 2.14.1, 2.14.3, 2.25.5, 2.25.6, 2.5.2<br><strong>Pleiades</strong>: <a href="https://pleiades.stoa.org/places/570602" target="_blank">https://pleiades.stoa.org/places/570602</a>]]></description>
        <Point><coordinates>22.649131,37.846299</coordinates></Point>
      </Placemark>

      <Placemark>
        <name>Phlious Bk2</name>
        <description><![CDATA[<strong>name</strong>: Phlious Bk2<br><strong>region</strong>: <br><strong>part of</strong>: Peloponnesos<br><strong>altname</strong>: Phleious Phlius<br><strong>Wikidata</strong>: <a href="https://wikidata.org/wiki/Q1412043" target="_blank">https://wikidata.org/wiki/Q1412043</a><br><strong>type</strong>: polis<br><strong>passages</strong>: 10.20.1, 10.7.7, 2.11.3, 2.12.3, 2.12.4, 2.12.5, 2.12.6, 2.13.1, 2.13.8, 2.14.1, 2.14.3, 2.25.5, 2.25.6, 2.5.2<br><strong>Pleiades</strong>: <a href="https://pleiades.stoa.org/places/570602" target="_blank">https://pleiades.stoa.org/places/570602</a>]]></description>
        <Point><coordinates>22.649131,37.846299</coordinates></Point>
      </Placemark>

      <Placemark>
        <name>Phlious Bk2</name>
        <description><![CDATA[<strong>name</strong>: Phlious Bk2<br><strong>region</strong>: <br><strong>part of</strong>: Peloponnesos<br><strong>altname</strong>: Phleious Phlius<br><strong>Wikidata</strong>: <a href="https://wikidata.org/wiki/Q1412043" target="_blank">https://wikidata.org/wiki/Q1412043</a><br><strong>type</strong>: polis<br><strong>passages</strong>: 10.20.1, 10.7.7, 2.11.3, 2.12.3, 2.12.4, 2.12.5, 2.12.6, 2.13.1, 2.13.8, 2.14.1, 2.14.3, 2.25.5, 2.25.6, 2.5.2<br><strong>Pleiades</strong>: <a href="https://pleiades.stoa.org/places/570602" target="_blank">https://pleiades.stoa.org/places/570602</a>]]></description>
        <Point><coordinates>22.649131,37.846299</coordinates></Point>
      </Placemark>

      <Placemark>
        <name>Phlious Bk2</name>
        <description><![CDATA[<strong>name</strong>: Phlious Bk2<br><strong>region</strong>: <br><strong>part of</strong>: Peloponnesos<br><strong>altname</strong>: Phleious Phlius<br><strong>Wikidata</strong>: <a href="https://wikidata.org/wiki/Q1412043" target="_blank">https://wikidata.org/wiki/Q1412043</a><br><strong>type</strong>: polis<br><strong>passages</strong>: 10.20.1, 10.7.7, 2.11.3, 2.12.3, 2.12.4, 2.12.5, 2.12.6, 2.13.1, 2.13.8, 2.14.1, 2.14.3, 2.25.5, 2.25.6, 2.5.2<br><strong>Pleiades</strong>: <a href="https://pleiades.stoa.org/places/570602" target="_blank">https://pleiades.stoa.org/places/570602</a>]]></description>
        <Point><coordinates>22.649131,37.846299</coordinates></Point>
      </Placemark>

      <Placemark>
        <name>Phlious Bk2</name>
        <description><![CDATA[<strong>name</strong>: Phlious Bk2<br><strong>region</strong>: <br><strong>part of</strong>: Peloponnesos<br><strong>altname</strong>: Phleious Phlius<br><strong>Wikidata</strong>: <a href="https://wikidata.org/wiki/Q1412043" target="_blank">https://wikidata.org/wiki/Q1412043</a><br><strong>type</strong>: polis<br><strong>passages</strong>: 10.20.1, 10.7.7, 2.11.3, 2.12.3, 2.12.4, 2.12.5, 2.12.6, 2.13.1, 2.13.8, 2.14.1, 2.14.3, 2.25.5, 2.25.6, 2.5.2<br><strong>Pleiades</strong>: <a href="https://pleiades.stoa.org/places/570602" target="_blank">https://pleiades.stoa.org/places/570602</a>]]></description>
        <Point><coordinates>22.649131,37.846299</coordinates></Point>
      </Placemark>

      <Placemark>
        <name>Phlious Bk2</name>
        <description><![CDATA[<strong>name</strong>: Phlious Bk2<br><strong>region</strong>: <br><strong>part of</strong>: Peloponnesos<br><strong>altname</strong>: Phleious Phlius<br><strong>Wikidata</strong>: <a href="https://wikidata.org/wiki/Q1412043" target="_blank">https://wikidata.org/wiki/Q1412043</a><br><strong>type</strong>: polis<br><strong>passages</strong>: 10.20.1, 10.7.7, 2.11.3, 2.12.3, 2.12.4, 2.12.5, 2.12.6, 2.13.1, 2.13.8, 2.14.1, 2.14.3, 2.25.5, 2.25.6, 2.5.2<br><strong>Pleiades</strong>: <a href="https://pleiades.stoa.org/places/570602" target="_blank">https://pleiades.stoa.org/places/570602</a>]]></description>
        <Point><coordinates>22.649131,37.846299</coordinates></Point>
      </Placemark>

      <Placemark>
        <name>Phlious Bk2</name>
        <description><![CDATA[<strong>name</strong>: Phlious Bk2<br><strong>region</strong>: <br><strong>part of</strong>: Peloponnesos<br><strong>altname</strong>: Phleious Phlius<br><strong>Wikidata</strong>: <a href="https://wikidata.org/wiki/Q1412043" target="_blank">https://wikidata.org/wiki/Q1412043</a><br><strong>type</strong>: polis<br><strong>passages</strong>: 10.20.1, 10.7.7, 2.11.3, 2.12.3, 2.12.4, 2.12.5, 2.12.6, 2.13.1, 2.13.8, 2.14.1, 2.14.3, 2.25.5, 2.25.6, 2.5.2<br><strong>Pleiades</strong>: <a href="https://pleiades.stoa.org/places/570602" target="_blank">https://pleiades.stoa.org/places/570602</a>]]></description>
        <Point><coordinates>22.649131,37.846299</coordinates></Point>
      </Placemark>

      <Placemark>
        <name>Phlious Bk2</name>
        <description><![CDATA[<strong>name</strong>: Phlious Bk2<br><strong>region</strong>: <br><strong>part of</strong>: Peloponnesos<br><strong>altname</strong>: Phleious Phlius<br><strong>Wikidata</strong>: <a href="https://wikidata.org/wiki/Q1412043" target="_blank">https://wikidata.org/wiki/Q1412043</a><br><strong>type</strong>: polis<br><strong>passages</strong>: 10.20.1, 10.7.7, 2.11.3, 2.12.3, 2.12.4, 2.12.5, 2.12.6, 2.13.1, 2.13.8, 2.14.1, 2.14.3, 2.25.5, 2.25.6, 2.5.2<br><strong>Pleiades</strong>: <a href="https://pleiades.stoa.org/places/570602" target="_blank">https://pleiades.stoa.org/places/570602</a>]]></description>
        <Point><coordinates>22.649131,37.846299</coordinates></Point>
      </Placemark>

      <Placemark>
        <name>Phlious Bk2</name>
        <description><![CDATA[<strong>name</strong>: Phlious Bk2<br><strong>region</strong>: <br><strong>part of</strong>: Peloponnesos<br><strong>altname</strong>: Phleious Phlius<br><strong>Wikidata</strong>: <a href="https://wikidata.org/wiki/Q1412043" target="_blank">https://wikidata.org/wiki/Q1412043</a><br><strong>type</strong>: polis<br><strong>passages</strong>: 10.20.1, 10.7.7, 2.11.3, 2.12.3, 2.12.4, 2.12.5, 2.12.6, 2.13.1, 2.13.8, 2.14.1, 2.14.3, 2.25.5, 2.25.6, 2.5.2<br><strong>Pleiades</strong>: <a href="https://pleiades.stoa.org/places/570602" target="_blank">https://pleiades.stoa.org/places/570602</a>]]></description>
        <Point><coordinates>22.649131,37.846299</coordinates></Point>
      </Placemark>

      <Placemark>
        <name>Phlious Bk2</name>
        <description><![CDATA[<strong>name</strong>: Phlious Bk2<br><strong>region</strong>: <br><strong>part of</strong>: Peloponnesos<br><strong>altname</strong>: Phleious Phlius<br><strong>Wikidata</strong>: <a href="https://wikidata.org/wiki/Q1412043" target="_blank">https://wikidata.org/wiki/Q1412043</a><br><strong>type</strong>: polis<br><strong>passages</strong>: 10.20.1, 10.7.7, 2.11.3, 2.12.3, 2.12.4, 2.12.5, 2.12.6, 2.13.1, 2.13.8, 2.14.1, 2.14.3, 2.25.5, 2.25.6, 2.5.2<br><strong>Pleiades</strong>: <a href="https://pleiades.stoa.org/places/570602" target="_blank">https://pleiades.stoa.org/places/570602</a>]]></description>
        <Point><coordinates>22.649131,37.846299</coordinates></Point>
      </Placemark>

      <Placemark>
        <name>Phlious Bk2</name>
        <description><![CDATA[<strong>name</strong>: Phlious Bk2<br><strong>region</strong>: <br><strong>part of</strong>: Peloponnesos<br><strong>altname</strong>: Phleious Phlius<br><strong>Wikidata</strong>: <a href="https://wikidata.org/wiki/Q1412043" target="_blank">https://wikidata.org/wiki/Q1412043</a><br><strong>type</strong>: polis<br><strong>passages</strong>: 10.20.1, 10.7.7, 2.11.3, 2.12.3, 2.12.4, 2.12.5, 2.12.6, 2.13.1, 2.13.8, 2.14.1, 2.14.3, 2.25.5, 2.25.6, 2.5.2<br><strong>Pleiades</strong>: <a href="https://pleiades.stoa.org/places/570602" target="_blank">https://pleiades.stoa.org/places/570602</a>]]></description>
        <Point><coordinates>22.649131,37.846299</coordinates></Point>
      </Placemark>

      <Placemark>
        <name>Gymnasium in Corinth, near the theatre</name>
        <description><![CDATA[<strong>name</strong>: Gymnasium in Corinth, near the theatre<br><strong>region</strong>: Corinthia Bk2<br><strong>part of</strong>: Corinth (Corinthia)<br><strong>location</strong>: Corinth (Corinthia)<br><strong>Wikidata</strong>: <a href="https://wikidata.org/wiki/Q109428923" target="_blank">https://wikidata.org/wiki/Q109428923</a><br><strong>type</strong>: gymnasium<br><strong>passages</strong>: 2.4.5<br><strong>Pleiades</strong>: <a href="https://pleiades.stoa.org/places/100913712" target="_blank">https://pleiades.stoa.org/places/100913712</a><br><strong>ToposText</strong>: <a href="https://topostext.org/place/379229BGym" target="_blank">https://topostext.org/place/379229BGym</a>]]></description>
        <Point><coordinates>22.8802,37.9054</coordinates></Point>
      </Placemark>

      <Placemark>
        <name>Sanctuary of Artemis Peitho in Argos, in the Agora</name>
        <description><![CDATA[<strong>name</strong>: Sanctuary of Artemis Peitho in Argos, in the Agora<br><strong>region</strong>: Argolid Bk2<br><strong>part of</strong>: Agora of Argos<br><strong>location</strong>: Agora of Argos<br><strong>Wikidata</strong>: <a href="https://wikidata.org/wiki/Q134037482" target="_blank">https://wikidata.org/wiki/Q134037482</a><br><strong>type</strong>: hieron<br><strong>passages</strong>: 2.21.1<br><strong>Manto</strong>: <a href="https://resource.manto.unh.edu/11289079" target="_blank">https://resource.manto.unh.edu/11289079</a>]]></description>
        <Point><coordinates>22.7214,37.6305</coordinates></Point>
      </Placemark>

      <Placemark>
        <name>Tenea</name>
        <description><![CDATA[<strong>name</strong>: Tenea<br><strong>region</strong>: Corinthia Bk2<br><strong>part of</strong>: Corinthia Bk2<br><strong>Wikidata</strong>: <a href="https://wikidata.org/wiki/Q25535198" target="_blank">https://wikidata.org/wiki/Q25535198</a><br><strong>type</strong>: polis<br><strong>passages</strong>: 2.5.4<br><strong>Pleiades</strong>: <a href="https://pleiades.stoa.org/places/570711" target="_blank">https://pleiades.stoa.org/places/570711</a>]]></description>
        <Point><coordinates>22.834379,37.798572</coordinates></Point>
      </Placemark>

      <Placemark>
        <name>Akte</name>
        <description><![CDATA[<strong>name</strong>: Akte<br><strong>region</strong>: Argolid Bk2<br><strong>part of</strong>: Argolid Bk2<br><strong>location</strong>: Argolid Bk2<br><strong>altname</strong>: eastern extreme of Argolid peninsula<br><strong>Wikidata</strong>: <a href="https://wikidata.org/wiki/Q25044670" target="_blank">https://wikidata.org/wiki/Q25044670</a><br><strong>type</strong>: chora/region<br><strong>passages</strong>: 2.8.5<br><strong>Pleiades</strong>: <a href="https://pleiades.stoa.org/places/573068" target="_blank">https://pleiades.stoa.org/places/573068</a>]]></description>
        <Point><coordinates>22.9,37.67</coordinates></Point>
      </Placemark>

      <Placemark>
        <name>Sanctuary of Artemis and Apollo at Sicyon, made by Epopeus</name>
        <description><![CDATA[<strong>name</strong>: Sanctuary of Artemis and Apollo at Sicyon, made by Epopeus<br><strong>region</strong>: Sikyonia Bk2<br><strong>part of</strong>: Sicyon (Sikyonia)<br><strong>location</strong>: Sicyon (Sikyonia)<br><strong>Wikidata</strong>: <a href="https://wikidata.org/wiki/Q134037412" target="_blank">https://wikidata.org/wiki/Q134037412</a><br><strong>type</strong>: hieron<br><strong>passages</strong>: 2.11.1<br><strong>Manto</strong>: <a href="https://resource.manto.unh.edu/10159226" target="_blank">https://resource.manto.unh.edu/10159226</a>]]></description>
        <Point><coordinates>22.7145,37.9834</coordinates></Point>
      </Placemark>

      <Placemark>
        <name>Agora of Sicyon</name>
        <description><![CDATA[<strong>name</strong>: Agora of Sicyon<br><strong>region</strong>: Sikyonia Bk2<br><strong>part of</strong>: Sicyon (Sikyonia)<br><strong>Wikidata</strong>: <a href="https://wikidata.org/wiki/Q133963422" target="_blank">https://wikidata.org/wiki/Q133963422</a><br><strong>type</strong>: agora<br><strong>passages</strong>: 2.7.6]]></description>
        <Point><coordinates>22.714,37.984</coordinates></Point>
      </Placemark>

      <Placemark>
        <name>Pyramid-shaped structure on Argos-Epidauros road, on the right</name>
        <description><![CDATA[<strong>name</strong>: Pyramid-shaped structure on Argos-Epidauros road, on the right<br><strong>region</strong>: Argolid Bk2<br><strong>part of</strong>: road Argos to Epidaurus<br><strong>altname</strong>: with Argive shields: unlocated, fallen from battle of Acrisius and Proetus<br><strong>type</strong>: building, polyandrion<br><strong>passages</strong>: 2.25.7]]></description>
        <Point><coordinates>22.747,37.624</coordinates></Point>
      </Placemark>

      <Placemark>
        <name>Asclepieion of Argos, most prominent</name>
        <description><![CDATA[<strong>name</strong>: Asclepieion of Argos, most prominent<br><strong>region</strong>: Argolid Bk2<br><strong>part of</strong>: Argos (Argolid)<br><strong>location</strong>: Argos (Argolid)<br><strong>Wikidata</strong>: <a href="https://wikidata.org/wiki/Q134037433" target="_blank">https://wikidata.org/wiki/Q134037433</a><br><strong>type</strong>: Asclepieion, hieron<br><strong>passages</strong>: 2.23.4<br><strong>Manto</strong>: <a href="https://resource.manto.unh.edu/10187120" target="_blank">https://resource.manto.unh.edu/10187120</a>]]></description>
        <Point><coordinates>22.7195,37.6316</coordinates></Point>
      </Placemark>

      <Placemark>
        <name>Dyme</name>
        <description><![CDATA[<strong>name</strong>: Dyme<br><strong>region</strong>: Achaia Bk7<br><strong>part of</strong>: Dymaean chora<br><strong>Wikidata</strong>: <a href="https://wikidata.org/wiki/Q1231662" target="_blank">https://wikidata.org/wiki/Q1231662</a><br><strong>type</strong>: settlement<br><strong>passages</strong>: 2.7.4, 2.9.2, 5.9.1, 7.17.5, 7.17.6, 7.17.7, 7.17.8, 7.18.1, 7.6.1, 7.7.3<br><strong>Pleiades</strong>: <a href="https://pleiades.stoa.org/places/570205" target="_blank">https://pleiades.stoa.org/places/570205</a>]]></description>
        <Point><coordinates>21.551425,38.144625</coordinates></Point>
      </Placemark>

      <Placemark>
        <name>Dyme</name>
        <description><![CDATA[<strong>name</strong>: Dyme<br><strong>region</strong>: Achaia Bk7<br><strong>part of</strong>: Dymaean chora<br><strong>Wikidata</strong>: <a href="https://wikidata.org/wiki/Q1231662" target="_blank">https://wikidata.org/wiki/Q1231662</a><br><strong>type</strong>: settlement<br><strong>passages</strong>: 2.7.4, 2.9.2, 5.9.1, 7.17.5, 7.17.6, 7.17.7, 7.17.8, 7.18.1, 7.6.1, 7.7.3<br><strong>Pleiades</strong>: <a href="https://pleiades.stoa.org/places/570205" target="_blank">https://pleiades.stoa.org/places/570205</a>]]></description>
        <Point><coordinates>21.551425,38.144625</coordinates></Point>
      </Placemark>

      <Placemark>
        <name>Tomb of Cerdo in Argos at the agora</name>
        <description><![CDATA[<strong>name</strong>: Tomb of Cerdo in Argos at the agora<br><strong>region</strong>: Argolid Bk2<br><strong>part of</strong>: Agora of Argos<br><strong>location</strong>: Agora of Argos<br><strong>Wikidata</strong>: <a href="https://wikidata.org/wiki/Q136487440" target="_blank">https://wikidata.org/wiki/Q136487440</a><br><strong>type</strong>: tomb mnema<br><strong>passages</strong>: 2.21.1<br><strong>Manto</strong>: <a href="https://resource.manto.unh.edu/10185350" target="_blank">https://resource.manto.unh.edu/10185350</a>]]></description>
        <Point><coordinates>22.7214,37.6305</coordinates></Point>
      </Placemark>

      <Placemark>
        <name>Aristera Ins.</name>
        <description><![CDATA[<strong>name</strong>: Aristera Ins.<br><strong>region</strong>: Hermionis Bk2<br><strong>part of</strong>: Aegean Sea (Hellas)<br><strong>Wikidata</strong>: <a href="https://wikidata.org/wiki/Q587421" target="_blank">https://wikidata.org/wiki/Q587421</a><br><strong>type</strong>: island<br><strong>passages</strong>: 2.34.8<br><strong>Pleiades</strong>: <a href="https://pleiades.stoa.org/places/570108" target="_blank">https://pleiades.stoa.org/places/570108</a>]]></description>
        <Point><coordinates>23.1782393,37.2149748</coordinates></Point>
      </Placemark>

      <Placemark>
        <name>Temple of the Dioskouri Anaktes in Argos</name>
        <description><![CDATA[<strong>name</strong>: Temple of the Dioskouri Anaktes in Argos<br><strong>region</strong>: Argolid Bk2<br><strong>part of</strong>: Argos (Argolid)<br><strong>location</strong>: Argos (Argolid)<br><strong>altname</strong>: after Poseidon Prosklystios and tomb of Argos<br><strong>type</strong>: temple<br><strong>passages</strong>: 2.22.5]]></description>
        <Point><coordinates>22.7195,37.6316</coordinates></Point>
      </Placemark>

      <Placemark>
        <name>Thessalia</name>
        <description><![CDATA[<strong>name</strong>: Thessalia<br><strong>region</strong>: Hellas (Europe)<br><strong>part of</strong>: Hellas (Europe)<br><strong>Wikidata</strong>: <a href="https://wikidata.org/wiki/Q1247568" target="_blank">https://wikidata.org/wiki/Q1247568</a><br><strong>type</strong>: chora/region<br><strong>passages</strong>: 1.11.1, 1.29.13, 1.4.1, 1.8.3, 10.22.3, 10.8.4, 2.2.5, 2.23.5, 2.24.1, 2.6.1, 3.20.6, 3.6.1, 3.7.9, 3.9.12, 3.9.13, 4.36.3, 5.1.11, 6.17.9, 6.4.7, 7.1.2, 7.1.3, 7.10.2, 7.15.2, 7.19.7, 7.6.5, 8.27.10, 8.6.2, 9.15.1, 9.40.5, 9.8.6<br><strong>Pleiades</strong>: <a href="https://pleiades.stoa.org/places/1332" target="_blank">https://pleiades.stoa.org/places/1332</a>]]></description>
        <Point><coordinates>22.2,39.6</coordinates></Point>
      </Placemark>

      <Placemark>
        <name>Thessalia</name>
        <description><![CDATA[<strong>name</strong>: Thessalia<br><strong>region</strong>: Hellas (Europe)<br><strong>part of</strong>: Hellas (Europe)<br><strong>Wikidata</strong>: <a href="https://wikidata.org/wiki/Q1247568" target="_blank">https://wikidata.org/wiki/Q1247568</a><br><strong>type</strong>: chora/region<br><strong>passages</strong>: 1.11.1, 1.29.13, 1.4.1, 1.8.3, 10.22.3, 10.8.4, 2.2.5, 2.23.5, 2.24.1, 2.6.1, 3.20.6, 3.6.1, 3.7.9, 3.9.12, 3.9.13, 4.36.3, 5.1.11, 6.17.9, 6.4.7, 7.1.2, 7.1.3, 7.10.2, 7.15.2, 7.19.7, 7.6.5, 8.27.10, 8.6.2, 9.15.1, 9.40.5, 9.8.6<br><strong>Pleiades</strong>: <a href="https://pleiades.stoa.org/places/1332" target="_blank">https://pleiades.stoa.org/places/1332</a>]]></description>
        <Point><coordinates>22.2,39.6</coordinates></Point>
      </Placemark>

      <Placemark>
        <name>Thessalia</name>
        <description><![CDATA[<strong>name</strong>: Thessalia<br><strong>region</strong>: Hellas (Europe)<br><strong>part of</strong>: Hellas (Europe)<br><strong>Wikidata</strong>: <a href="https://wikidata.org/wiki/Q1247568" target="_blank">https://wikidata.org/wiki/Q1247568</a><br><strong>type</strong>: chora/region<br><strong>passages</strong>: 1.11.1, 1.29.13, 1.4.1, 1.8.3, 10.22.3, 10.8.4, 2.2.5, 2.23.5, 2.24.1, 2.6.1, 3.20.6, 3.6.1, 3.7.9, 3.9.12, 3.9.13, 4.36.3, 5.1.11, 6.17.9, 6.4.7, 7.1.2, 7.1.3, 7.10.2, 7.15.2, 7.19.7, 7.6.5, 8.27.10, 8.6.2, 9.15.1, 9.40.5, 9.8.6<br><strong>Pleiades</strong>: <a href="https://pleiades.stoa.org/places/1332" target="_blank">https://pleiades.stoa.org/places/1332</a>]]></description>
        <Point><coordinates>22.2,39.6</coordinates></Point>
      </Placemark>

      <Placemark>
        <name>Thessalia</name>
        <description><![CDATA[<strong>name</strong>: Thessalia<br><strong>region</strong>: Hellas (Europe)<br><strong>part of</strong>: Hellas (Europe)<br><strong>Wikidata</strong>: <a href="https://wikidata.org/wiki/Q1247568" target="_blank">https://wikidata.org/wiki/Q1247568</a><br><strong>type</strong>: chora/region<br><strong>passages</strong>: 1.11.1, 1.29.13, 1.4.1, 1.8.3, 10.22.3, 10.8.4, 2.2.5, 2.23.5, 2.24.1, 2.6.1, 3.20.6, 3.6.1, 3.7.9, 3.9.12, 3.9.13, 4.36.3, 5.1.11, 6.17.9, 6.4.7, 7.1.2, 7.1.3, 7.10.2, 7.15.2, 7.19.7, 7.6.5, 8.27.10, 8.6.2, 9.15.1, 9.40.5, 9.8.6<br><strong>Pleiades</strong>: <a href="https://pleiades.stoa.org/places/1332" target="_blank">https://pleiades.stoa.org/places/1332</a>]]></description>
        <Point><coordinates>22.2,39.6</coordinates></Point>
      </Placemark>

      <Placemark>
        <name>Messene (Messenia)</name>
        <description><![CDATA[<strong>name</strong>: Messene (Messenia)<br><strong>region</strong>: Messenia Bk4<br><strong>part of</strong>: Messenia Bk4<br><strong>Wikidata</strong>: <a href="https://wikidata.org/wiki/Q1022117" target="_blank">https://wikidata.org/wiki/Q1022117</a><br><strong>type</strong>: polis<br><strong>passages</strong>: 1.25.4, 2.20.5, 3.1.5, 3.3.2, 4.1.3, 4.1.4, 4.12.5, 4.12.6, 4.16.1, 4.16.8, 4.20.1, 4.20.4, 4.21.10, 4.21.2, 4.22.7, 4.23.5, 4.23.6, 4.26.3, 4.26.7, 4.27.4, 4.27.5, 4.27.7, 4.28.1, 4.29.1, 4.29.10, 4.29.11, 4.29.12, 4.29.2, 4.29.4, 4.29.8, 4.3.8, 4.31.11, 4.31.4, 4.31.5, 4.32.2, 4.34.1, 4.4.3, 4.6.3, 4.6.5, 4.9.6, 6.2.11, 6.3.13, 6.4.3, 8.34.1, 8.35.1, 8.49.4, 8.5.10, 8.5.7, 8.50.5, 8.51.6, 8.51.8, 8.52.4, 9.14.5, 9.15.6<br><strong>Pleiades</strong>: <a href="https://pleiades.stoa.org/places/570479" target="_blank">https://pleiades.stoa.org/places/570479</a><br><strong>ToposText</strong>: <a href="https://topostext.org/place/372219PMes" target="_blank">https://topostext.org/place/372219PMes</a>]]></description>
        <Point><coordinates>21.9195,37.1779</coordinates></Point>
      </Placemark>

      <Placemark>
        <name>Munychia</name>
        <description><![CDATA[<strong>name</strong>: Munychia<br><strong>region</strong>: Attica Bk1<br><strong>part of</strong>: Peiraieus/Piraeus<br><strong>Wikidata</strong>: <a href="https://wikidata.org/wiki/Q1611219" target="_blank">https://wikidata.org/wiki/Q1611219</a><br><strong>type</strong>: settlement<br><strong>passages</strong>: 1.1.4, 1.25.5, 1.26.3, 2.8.6<br><strong>Pleiades</strong>: <a href="https://pleiades.stoa.org/places/116035285" target="_blank">https://pleiades.stoa.org/places/116035285</a>]]></description>
        <Point><coordinates>23.6559,37.9406</coordinates></Point>
      </Placemark>

      <Placemark>
        <name>Myrtion/Tithion M.</name>
        <description><![CDATA[<strong>name</strong>: Myrtion/Tithion M.<br><strong>region</strong>: Epidauria Bk2<br><strong>part of</strong>: Epidauria Bk2<br><strong>location</strong>: Argolid Bk2<br><strong>Wikidata</strong>: <a href="https://wikidata.org/wiki/Q109941874" target="_blank">https://wikidata.org/wiki/Q109941874</a><br><strong>type</strong>: mountain oros<br><strong>passages</strong>: 2.26.4, 2.27.7<br><strong>Pleiades</strong>: <a href="https://pleiades.stoa.org/places/573382" target="_blank">https://pleiades.stoa.org/places/573382</a>]]></description>
        <Point><coordinates>22.9,37.67</coordinates></Point>
      </Placemark>

      <Placemark>
        <name>Myrtion/Tithion M.</name>
        <description><![CDATA[<strong>name</strong>: Myrtion/Tithion M.<br><strong>region</strong>: Epidauria Bk2<br><strong>part of</strong>: Epidauria Bk2<br><strong>location</strong>: Argolid Bk2<br><strong>Wikidata</strong>: <a href="https://wikidata.org/wiki/Q109941874" target="_blank">https://wikidata.org/wiki/Q109941874</a><br><strong>type</strong>: mountain oros<br><strong>passages</strong>: 2.26.4, 2.27.7<br><strong>Pleiades</strong>: <a href="https://pleiades.stoa.org/places/573382" target="_blank">https://pleiades.stoa.org/places/573382</a>]]></description>
        <Point><coordinates>22.9,37.67</coordinates></Point>
      </Placemark>

      <Placemark>
        <name>Chōma in Aigina</name>
        <description><![CDATA[<strong>name</strong>: Chōma in Aigina<br><strong>region</strong>: Aigina island Bk2<br><strong>part of</strong>: Aigina polity<br><strong>location</strong>: Aigina polity<br><strong>type</strong>: mound/dike<br><strong>passages</strong>: 2.29.10]]></description>
        <Point><coordinates>23.42372,37.74991</coordinates></Point>
      </Placemark>

      <Placemark>
        <name>Fountain in Corinth, beside Artemis statue</name>
        <description><![CDATA[<strong>name</strong>: Fountain in Corinth, beside Artemis statue<br><strong>region</strong>: Corinthia Bk2<br><strong>part of</strong>: Corinth (Corinthia)<br><strong>location</strong>: Corinth (Corinthia)<br><strong>type</strong>: spring pege<br><strong>passages</strong>: 2.3.5]]></description>
        <Point><coordinates>22.8802,37.9054</coordinates></Point>
      </Placemark>

      <Placemark>
        <name>Krommyon</name>
        <description><![CDATA[<strong>name</strong>: Krommyon<br><strong>region</strong>: Corinthia Bk2<br><strong>part of</strong>: Corinthia Bk2<br><strong>Wikidata</strong>: <a href="https://wikidata.org/wiki/Q1789784" target="_blank">https://wikidata.org/wiki/Q1789784</a><br><strong>type</strong>: settlement<br><strong>passages</strong>: 2.1.3<br><strong>Pleiades</strong>: <a href="https://pleiades.stoa.org/places/570386" target="_blank">https://pleiades.stoa.org/places/570386</a>]]></description>
        <Point><coordinates>23.14146,37.92753</coordinates></Point>
      </Placemark>

      <Placemark>
        <name>Agamemnon&apos;s tomb in Mycenae</name>
        <description><![CDATA[<strong>name</strong>: Agamemnon&apos;s tomb in Mycenae<br><strong>region</strong>: Argolid Bk2<br><strong>part of</strong>: Mycenae<br><strong>location</strong>: Mycenae<br><strong>Wikidata</strong>: <a href="https://wikidata.org/wiki/Q136487415" target="_blank">https://wikidata.org/wiki/Q136487415</a><br><strong>type</strong>: tomb mnema<br><strong>passages</strong>: 2.16.6, 2.16.7<br><strong>Manto</strong>: <a href="https://resource.manto.unh.edu/10159501" target="_blank">https://resource.manto.unh.edu/10159501</a>]]></description>
        <Point><coordinates>22.756111,37.730833</coordinates></Point>
      </Placemark>

      <Placemark>
        <name>Agamemnon&apos;s tomb in Mycenae</name>
        <description><![CDATA[<strong>name</strong>: Agamemnon&apos;s tomb in Mycenae<br><strong>region</strong>: Argolid Bk2<br><strong>part of</strong>: Mycenae<br><strong>location</strong>: Mycenae<br><strong>Wikidata</strong>: <a href="https://wikidata.org/wiki/Q136487415" target="_blank">https://wikidata.org/wiki/Q136487415</a><br><strong>type</strong>: tomb mnema<br><strong>passages</strong>: 2.16.6, 2.16.7<br><strong>Manto</strong>: <a href="https://resource.manto.unh.edu/10159501" target="_blank">https://resource.manto.unh.edu/10159501</a>]]></description>
        <Point><coordinates>22.756111,37.730833</coordinates></Point>
      </Placemark>

      <Placemark>
        <name>Sacred grove at Pontinos mountain</name>
        <description><![CDATA[<strong>name</strong>: Sacred grove at Pontinos mountain<br><strong>region</strong>: Argolid Bk2<br><strong>part of</strong>: Pontinos hill (Argolid)<br><strong>location</strong>: Pontinos hill (Argolid)<br><strong>type</strong>: grove<br><strong>passages</strong>: 2.36.8<br><strong>Pleiades</strong>: <a href="https://pleiades.stoa.org/places/69536363" target="_blank">https://pleiades.stoa.org/places/69536363</a>]]></description>
        <Point><coordinates>22.6973,37.55</coordinates></Point>
      </Placemark>

      <Placemark>
        <name>Chasm that swallowed Amphiaraus, outside Thebes</name>
        <description><![CDATA[<strong>name</strong>: Chasm that swallowed Amphiaraus, outside Thebes<br><strong>region</strong>: Boiotia Bk9<br><strong>part of</strong>: Thebes (Boeotia)<br><strong>location</strong>: Thebes (Boeotia)<br><strong>type</strong>: chasm<br><strong>passages</strong>: 2.23.2]]></description>
        <Point><coordinates>23.3178,38.3191</coordinates></Point>
      </Placemark>

      <Placemark>
        <name>Sanctuary of Demeter Pelasgis at Argos in agora</name>
        <description><![CDATA[<strong>name</strong>: Sanctuary of Demeter Pelasgis at Argos in agora<br><strong>region</strong>: Argolid Bk2<br><strong>part of</strong>: Agora of Argos<br><strong>location</strong>: Agora of Argos<br><strong>Wikidata</strong>: <a href="https://wikidata.org/wiki/Q134037485" target="_blank">https://wikidata.org/wiki/Q134037485</a><br><strong>type</strong>: hieron<br><strong>passages</strong>: 2.22.1<br><strong>Manto</strong>: <a href="https://resource.manto.unh.edu/10186963" target="_blank">https://resource.manto.unh.edu/10186963</a>]]></description>
        <Point><coordinates>22.7214,37.6305</coordinates></Point>
      </Placemark>

      <Placemark>
        <name>Argive and Spartan tombs from battle of 300 Champions, going up inland from Anigraia</name>
        <description><![CDATA[<strong>name</strong>: Argive and Spartan tombs from battle of 300 Champions, going up inland from Anigraia<br><strong>region</strong>: Argolid Bk2<br><strong>part of</strong>: Anigraia<br><strong>location</strong>: Anigraia<br><strong>altname</strong>: Polyandria of the Argives and Spartans at Anigraia<br><strong>type</strong>: polyandrion<br><strong>passages</strong>: 2.38.5]]></description>
        <Point><coordinates>22.7348,37.469</coordinates></Point>
      </Placemark>

      <Placemark>
        <name>Tomb of Electra in Mycenae</name>
        <description><![CDATA[<strong>name</strong>: Tomb of Electra in Mycenae<br><strong>region</strong>: Argolid Bk2<br><strong>part of</strong>: Mycenae<br><strong>location</strong>: Mycenae<br><strong>Wikidata</strong>: <a href="https://wikidata.org/wiki/Q136487410" target="_blank">https://wikidata.org/wiki/Q136487410</a><br><strong>type</strong>: tomb mnema<br><strong>passages</strong>: 2.16.7<br><strong>Manto</strong>: <a href="https://resource.manto.unh.edu/10159507" target="_blank">https://resource.manto.unh.edu/10159507</a>]]></description>
        <Point><coordinates>22.756111,37.730833</coordinates></Point>
      </Placemark>

      <Placemark>
        <name>Sanctuary of Leto in Argos, near trophy in the Agora</name>
        <description><![CDATA[<strong>name</strong>: Sanctuary of Leto in Argos, near trophy in the Agora<br><strong>region</strong>: Argolid Bk2<br><strong>part of</strong>: Agora of Argos<br><strong>location</strong>: Agora of Argos<br><strong>Wikidata</strong>: <a href="https://wikidata.org/wiki/Q134037491" target="_blank">https://wikidata.org/wiki/Q134037491</a><br><strong>type</strong>: hieron<br><strong>passages</strong>: 2.21.8, 2.22.1]]></description>
        <Point><coordinates>22.7214,37.6305</coordinates></Point>
      </Placemark>

      <Placemark>
        <name>Sanctuary of Leto in Argos, near trophy in the Agora</name>
        <description><![CDATA[<strong>name</strong>: Sanctuary of Leto in Argos, near trophy in the Agora<br><strong>region</strong>: Argolid Bk2<br><strong>part of</strong>: Agora of Argos<br><strong>location</strong>: Agora of Argos<br><strong>Wikidata</strong>: <a href="https://wikidata.org/wiki/Q134037491" target="_blank">https://wikidata.org/wiki/Q134037491</a><br><strong>type</strong>: hieron<br><strong>passages</strong>: 2.21.8, 2.22.1]]></description>
        <Point><coordinates>22.7214,37.6305</coordinates></Point>
      </Placemark>

      <Placemark>
        <name>Sanctuary of Herakles at Sicyon</name>
        <description><![CDATA[<strong>name</strong>: Sanctuary of Herakles at Sicyon<br><strong>region</strong>: Sikyonia Bk2<br><strong>part of</strong>: Sicyon (Sikyonia)<br><strong>location</strong>: Sicyon (Sikyonia)<br><strong>Wikidata</strong>: <a href="https://wikidata.org/wiki/Q134037375" target="_blank">https://wikidata.org/wiki/Q134037375</a><br><strong>type</strong>: hieron<br><strong>passages</strong>: 2.10.1<br><strong>Manto</strong>: <a href="https://resource.manto.unh.edu/10159001" target="_blank">https://resource.manto.unh.edu/10159001</a>]]></description>
        <Point><coordinates>22.7145,37.9834</coordinates></Point>
      </Placemark>

      <Placemark>
        <name>Altar of Zeus Hyetios in Argos</name>
        <description><![CDATA[<strong>name</strong>: Altar of Zeus Hyetios in Argos<br><strong>region</strong>: Argolid Bk2<br><strong>part of</strong>: Sanctuary of Apollo Lykios in Argos<br><strong>location</strong>: Sanctuary of Apollo Lykios in Argos<br><strong>type</strong>: altar<br><strong>passages</strong>: 2.19.8]]></description>
        <Point><coordinates>22.7214,37.6305</coordinates></Point>
      </Placemark>

      <Placemark>
        <name>Sanctuary of Demeter Chthonia in Hermione</name>
        <description><![CDATA[<strong>name</strong>: Sanctuary of Demeter Chthonia in Hermione<br><strong>region</strong>: Hermionis Bk2<br><strong>part of</strong>: Pron M.<br><strong>location</strong>: Pron M.<br><strong>Wikidata</strong>: <a href="https://wikidata.org/wiki/Q134040022" target="_blank">https://wikidata.org/wiki/Q134040022</a><br><strong>type</strong>: hieron<br><strong>passages</strong>: 2.35.10, 2.35.4, 2.35.6, 2.35.8, 2.35.9, 3.14.5<br><strong>Manto</strong>: <a href="https://resource.manto.unh.edu/10214897" target="_blank">https://resource.manto.unh.edu/10214897</a><br><strong>ToposText</strong>: <a href="https://topostext.org/place/374232SDCh" target="_blank">https://topostext.org/place/374232SDCh</a>]]></description>
        <Point><coordinates>23.235,37.3884</coordinates></Point>
      </Placemark>

      <Placemark>
        <name>Sanctuary of Demeter Chthonia in Hermione</name>
        <description><![CDATA[<strong>name</strong>: Sanctuary of Demeter Chthonia in Hermione<br><strong>region</strong>: Hermionis Bk2<br><strong>part of</strong>: Pron M.<br><strong>location</strong>: Pron M.<br><strong>Wikidata</strong>: <a href="https://wikidata.org/wiki/Q134040022" target="_blank">https://wikidata.org/wiki/Q134040022</a><br><strong>type</strong>: hieron<br><strong>passages</strong>: 2.35.10, 2.35.4, 2.35.6, 2.35.8, 2.35.9, 3.14.5<br><strong>Manto</strong>: <a href="https://resource.manto.unh.edu/10214897" target="_blank">https://resource.manto.unh.edu/10214897</a><br><strong>ToposText</strong>: <a href="https://topostext.org/place/374232SDCh" target="_blank">https://topostext.org/place/374232SDCh</a>]]></description>
        <Point><coordinates>23.235,37.3884</coordinates></Point>
      </Placemark>

      <Placemark>
        <name>Sanctuary of Demeter Chthonia in Hermione</name>
        <description><![CDATA[<strong>name</strong>: Sanctuary of Demeter Chthonia in Hermione<br><strong>region</strong>: Hermionis Bk2<br><strong>part of</strong>: Pron M.<br><strong>location</strong>: Pron M.<br><strong>Wikidata</strong>: <a href="https://wikidata.org/wiki/Q134040022" target="_blank">https://wikidata.org/wiki/Q134040022</a><br><strong>type</strong>: hieron<br><strong>passages</strong>: 2.35.10, 2.35.4, 2.35.6, 2.35.8, 2.35.9, 3.14.5<br><strong>Manto</strong>: <a href="https://resource.manto.unh.edu/10214897" target="_blank">https://resource.manto.unh.edu/10214897</a><br><strong>ToposText</strong>: <a href="https://topostext.org/place/374232SDCh" target="_blank">https://topostext.org/place/374232SDCh</a>]]></description>
        <Point><coordinates>23.235,37.3884</coordinates></Point>
      </Placemark>

      <Placemark>
        <name>Sanctuary of Demeter Chthonia in Hermione</name>
        <description><![CDATA[<strong>name</strong>: Sanctuary of Demeter Chthonia in Hermione<br><strong>region</strong>: Hermionis Bk2<br><strong>part of</strong>: Pron M.<br><strong>location</strong>: Pron M.<br><strong>Wikidata</strong>: <a href="https://wikidata.org/wiki/Q134040022" target="_blank">https://wikidata.org/wiki/Q134040022</a><br><strong>type</strong>: hieron<br><strong>passages</strong>: 2.35.10, 2.35.4, 2.35.6, 2.35.8, 2.35.9, 3.14.5<br><strong>Manto</strong>: <a href="https://resource.manto.unh.edu/10214897" target="_blank">https://resource.manto.unh.edu/10214897</a><br><strong>ToposText</strong>: <a href="https://topostext.org/place/374232SDCh" target="_blank">https://topostext.org/place/374232SDCh</a>]]></description>
        <Point><coordinates>23.235,37.3884</coordinates></Point>
      </Placemark>

      <Placemark>
        <name>Sanctuary of Demeter Chthonia in Hermione</name>
        <description><![CDATA[<strong>name</strong>: Sanctuary of Demeter Chthonia in Hermione<br><strong>region</strong>: Hermionis Bk2<br><strong>part of</strong>: Pron M.<br><strong>location</strong>: Pron M.<br><strong>Wikidata</strong>: <a href="https://wikidata.org/wiki/Q134040022" target="_blank">https://wikidata.org/wiki/Q134040022</a><br><strong>type</strong>: hieron<br><strong>passages</strong>: 2.35.10, 2.35.4, 2.35.6, 2.35.8, 2.35.9, 3.14.5<br><strong>Manto</strong>: <a href="https://resource.manto.unh.edu/10214897" target="_blank">https://resource.manto.unh.edu/10214897</a><br><strong>ToposText</strong>: <a href="https://topostext.org/place/374232SDCh" target="_blank">https://topostext.org/place/374232SDCh</a>]]></description>
        <Point><coordinates>23.235,37.3884</coordinates></Point>
      </Placemark>

      <Placemark>
        <name>Stoa in Asclepieion in Titane</name>
        <description><![CDATA[<strong>name</strong>: Stoa in Asclepieion in Titane<br><strong>region</strong>: Corinthia Bk2<br><strong>part of</strong>: Asclepieion of Titane<br><strong>location</strong>: Asclepieion of Titane<br><strong>type</strong>: stoa<br><strong>passages</strong>: 2.11.8]]></description>
        <Point><coordinates>22.62501,37.92049</coordinates></Point>
      </Placemark>

      <Placemark>
        <name>Altars of Underworld Gods in the temple of Artemis in Troizen</name>
        <description><![CDATA[<strong>name</strong>: Altars of Underworld Gods in the temple of Artemis in Troizen<br><strong>region</strong>: Troizenia Bk2<br><strong>part of</strong>: Temple of Artemis Soteira in Troizen<br><strong>location</strong>: Temple of Artemis Soteira in Troizen<br><strong>type</strong>: altar<br><strong>passages</strong>: 2.31.2]]></description>
        <Point><coordinates>23.3484,37.5033</coordinates></Point>
      </Placemark>

      <Placemark>
        <name>Sanctuary of Perseus, Athens</name>
        <description><![CDATA[<strong>name</strong>: Sanctuary of Perseus, Athens<br><strong>region</strong>: Athenai Bk1<br><strong>part of</strong>: Athenai Bk1<br><strong>type</strong>: temenos<br><strong>passages</strong>: 2.18.1<br><strong>ToposText</strong>: <a href="https://topostext.org/binder/JB2407" target="_blank">https://topostext.org/binder/JB2407</a>]]></description>
        <Point><coordinates>23.725000000000005,37.975</coordinates></Point>
      </Placemark>

      <Placemark>
        <name>Chasm in Klymenes&apos; chorion, Hermione, an entry to Hades</name>
        <description><![CDATA[<strong>name</strong>: Chasm in Klymenes&apos; chorion, Hermione, an entry to Hades<br><strong>region</strong>: Hermionis Bk2<br><strong>part of</strong>: Pron M.<br><strong>location</strong>: Pron M.<br><strong>type</strong>: chasm<br><strong>passages</strong>: 2.35.10]]></description>
        <Point><coordinates>23.235,37.3884</coordinates></Point>
      </Placemark>

      <Placemark>
        <name>Thyreatis</name>
        <description><![CDATA[<strong>name</strong>: Thyreatis<br><strong>region</strong>: Argolid Bk2<br><strong>part of</strong>: Argolid Bk2<br><strong>altname</strong>: Thyrea<br><strong>Wikidata</strong>: <a href="https://wikidata.org/wiki/Q3036391" target="_blank">https://wikidata.org/wiki/Q3036391</a><br><strong>type</strong>: chora/region, settlement<br><strong>passages</strong>: 10.9.12, 2.29.5, 2.38.5, 2.38.7, 3.7.5, 8.3.3, 8.54.4<br><strong>Pleiades</strong>: <a href="https://pleiades.stoa.org/places/570736" target="_blank">https://pleiades.stoa.org/places/570736</a>]]></description>
        <Point><coordinates>22.721,37.41</coordinates></Point>
      </Placemark>

      <Placemark>
        <name>Thyreatis</name>
        <description><![CDATA[<strong>name</strong>: Thyreatis<br><strong>region</strong>: Argolid Bk2<br><strong>part of</strong>: Argolid Bk2<br><strong>altname</strong>: Thyrea<br><strong>Wikidata</strong>: <a href="https://wikidata.org/wiki/Q3036391" target="_blank">https://wikidata.org/wiki/Q3036391</a><br><strong>type</strong>: chora/region, settlement<br><strong>passages</strong>: 10.9.12, 2.29.5, 2.38.5, 2.38.7, 3.7.5, 8.3.3, 8.54.4<br><strong>Pleiades</strong>: <a href="https://pleiades.stoa.org/places/570736" target="_blank">https://pleiades.stoa.org/places/570736</a>]]></description>
        <Point><coordinates>22.721,37.41</coordinates></Point>
      </Placemark>

      <Placemark>
        <name>Thyreatis</name>
        <description><![CDATA[<strong>name</strong>: Thyreatis<br><strong>region</strong>: Argolid Bk2<br><strong>part of</strong>: Argolid Bk2<br><strong>altname</strong>: Thyrea<br><strong>Wikidata</strong>: <a href="https://wikidata.org/wiki/Q3036391" target="_blank">https://wikidata.org/wiki/Q3036391</a><br><strong>type</strong>: chora/region, settlement<br><strong>passages</strong>: 10.9.12, 2.29.5, 2.38.5, 2.38.7, 3.7.5, 8.3.3, 8.54.4<br><strong>Pleiades</strong>: <a href="https://pleiades.stoa.org/places/570736" target="_blank">https://pleiades.stoa.org/places/570736</a>]]></description>
        <Point><coordinates>22.721,37.41</coordinates></Point>
      </Placemark>

      <Placemark>
        <name>Chaon (mountain)</name>
        <description><![CDATA[<strong>name</strong>: Chaon (mountain)<br><strong>region</strong>: Argolid Bk2<br><strong>part of</strong>: Argolid Bk2<br><strong>type</strong>: mountain oros<br><strong>passages</strong>: 2.24.6<br><strong>Pleiades</strong>: <a href="https://pleiades.stoa.org/places/570171" target="_blank">https://pleiades.stoa.org/places/570171</a>]]></description>
        <Point><coordinates>22.63419,37.60053</coordinates></Point>
      </Placemark>

      <Placemark>
        <name>Sellasia (Lakonia)</name>
        <description><![CDATA[<strong>name</strong>: Sellasia (Lakonia)<br><strong>region</strong>: Lakonia Bk3<br><strong>part of</strong>: Lakonia Bk3<br><strong>Wikidata</strong>: <a href="https://wikidata.org/wiki/Q59431661" target="_blank">https://wikidata.org/wiki/Q59431661</a><br><strong>type</strong>: polis<br><strong>passages</strong>: 2.7.4, 2.9.2, 3.10.7, 4.29.9, 7.7.4, 8.49.5<br><strong>Pleiades</strong>: <a href="https://pleiades.stoa.org/places/570662" target="_blank">https://pleiades.stoa.org/places/570662</a><br><strong>ToposText</strong>: <a href="https://topostext.org/place/372224PSel" target="_blank">https://topostext.org/place/372224PSel</a>]]></description>
        <Point><coordinates>22.4397,37.1884</coordinates></Point>
      </Placemark>

      <Placemark>
        <name>Sellasia (Lakonia)</name>
        <description><![CDATA[<strong>name</strong>: Sellasia (Lakonia)<br><strong>region</strong>: Lakonia Bk3<br><strong>part of</strong>: Lakonia Bk3<br><strong>Wikidata</strong>: <a href="https://wikidata.org/wiki/Q59431661" target="_blank">https://wikidata.org/wiki/Q59431661</a><br><strong>type</strong>: polis<br><strong>passages</strong>: 2.7.4, 2.9.2, 3.10.7, 4.29.9, 7.7.4, 8.49.5<br><strong>Pleiades</strong>: <a href="https://pleiades.stoa.org/places/570662" target="_blank">https://pleiades.stoa.org/places/570662</a><br><strong>ToposText</strong>: <a href="https://topostext.org/place/372224PSel" target="_blank">https://topostext.org/place/372224PSel</a>]]></description>
        <Point><coordinates>22.4397,37.1884</coordinates></Point>
      </Placemark>

      <Placemark>
        <name>Gabala</name>
        <description><![CDATA[<strong>name</strong>: Gabala<br><strong>region</strong>: Asia (continent)<br><strong>part of</strong>: Syria (Asia)<br><strong>Wikidata</strong>: <a href="https://wikidata.org/wiki/Q127430262" target="_blank">https://wikidata.org/wiki/Q127430262</a><br><strong>type</strong>: settlement<br><strong>passages</strong>: 2.1.8<br><strong>Pleiades</strong>: <a href="https://pleiades.stoa.org/places/668250" target="_blank">https://pleiades.stoa.org/places/668250</a>]]></description>
        <Point><coordinates>35.92232,35.37806</coordinates></Point>
      </Placemark>

      <Placemark>
        <name>Stymphalos</name>
        <description><![CDATA[<strong>name</strong>: Stymphalos<br><strong>region</strong>: Arcadia Bk8<br><strong>part of</strong>: Arcadia Bk8<br><strong>Wikidata</strong>: <a href="https://wikidata.org/wiki/Q2359730" target="_blank">https://wikidata.org/wiki/Q2359730</a><br><strong>type</strong>: settlement<br><strong>passages</strong>: 2.24.6, 5.10.9, 6.7.10, 8.13.5, 8.22.1, 8.22.2, 8.22.3, 8.22.6, 8.22.7, 8.22.8, 8.23.1, 8.4.6, 9.11.6<br><strong>Pleiades</strong>: <a href="https://pleiades.stoa.org/places/570696" target="_blank">https://pleiades.stoa.org/places/570696</a>]]></description>
        <Point><coordinates>22.45931,37.85932</coordinates></Point>
      </Placemark>

      <Placemark>
        <name>Sanctuary of Isis at Kenchreai harbor</name>
        <description><![CDATA[<strong>name</strong>: Sanctuary of Isis at Kenchreai harbor<br><strong>region</strong>: Corinthia Bk2<br><strong>part of</strong>: Kenchreai (Korinthia)<br><strong>location</strong>: Kenchreai (Korinthia)<br><strong>Wikidata</strong>: <a href="https://wikidata.org/wiki/Q134037640" target="_blank">https://wikidata.org/wiki/Q134037640</a><br><strong>type</strong>: hieron<br><strong>passages</strong>: 2.2.3]]></description>
        <Point><coordinates>22.9925,37.8824</coordinates></Point>
      </Placemark>

      <Placemark>
        <name>Sanctuary of Eileithyia at Hermione, by the road to Mases, inside the wall</name>
        <description><![CDATA[<strong>name</strong>: Sanctuary of Eileithyia at Hermione, by the road to Mases, inside the wall<br><strong>region</strong>: Hermionis Bk2<br><strong>part of</strong>: Hermione<br><strong>location</strong>: Hermione<br><strong>Wikidata</strong>: <a href="https://wikidata.org/wiki/Q134037752" target="_blank">https://wikidata.org/wiki/Q134037752</a><br><strong>type</strong>: hieron<br><strong>passages</strong>: 2.35.11]]></description>
        <Point><coordinates>23.243591,37.385218</coordinates></Point>
      </Placemark>

      <Placemark>
        <name>Altar of Zeus Herkeios in the court of Priam</name>
        <description><![CDATA[<strong>name</strong>: Altar of Zeus Herkeios in the court of Priam<br><strong>region</strong>: Asia Minor (Asia)<br><strong>part of</strong>: Ilium<br><strong>location</strong>: Ilium<br><strong>type</strong>: altar<br><strong>passages</strong>: 2.24.3]]></description>
        <Point><coordinates>26.23873,39.9577</coordinates></Point>
      </Placemark>

      <Placemark>
        <name>Lycia region</name>
        <description><![CDATA[<strong>name</strong>: Lycia region<br><strong>region</strong>: Asia (continent)<br><strong>part of</strong>: Asia Minor (Asia)<br><strong>altname</strong>: Lykia<br><strong>Wikidata</strong>: <a href="https://wikidata.org/wiki/Q18927" target="_blank">https://wikidata.org/wiki/Q18927</a><br><strong>type</strong>: chora/region<br><strong>passages</strong>: 10.27.2, 2.21.3, 2.4.2, 2.7.1, 7.21.13, 9.27.2<br><strong>Pleiades</strong>: <a href="https://pleiades.stoa.org/places/638965" target="_blank">https://pleiades.stoa.org/places/638965</a>]]></description>
        <Point><coordinates>27.5,37.5</coordinates></Point>
      </Placemark>

      <Placemark>
        <name>Lycia region</name>
        <description><![CDATA[<strong>name</strong>: Lycia region<br><strong>region</strong>: Asia (continent)<br><strong>part of</strong>: Asia Minor (Asia)<br><strong>altname</strong>: Lykia<br><strong>Wikidata</strong>: <a href="https://wikidata.org/wiki/Q18927" target="_blank">https://wikidata.org/wiki/Q18927</a><br><strong>type</strong>: chora/region<br><strong>passages</strong>: 10.27.2, 2.21.3, 2.4.2, 2.7.1, 7.21.13, 9.27.2<br><strong>Pleiades</strong>: <a href="https://pleiades.stoa.org/places/638965" target="_blank">https://pleiades.stoa.org/places/638965</a>]]></description>
        <Point><coordinates>27.5,37.5</coordinates></Point>
      </Placemark>

      <Placemark>
        <name>Lycia region</name>
        <description><![CDATA[<strong>name</strong>: Lycia region<br><strong>region</strong>: Asia (continent)<br><strong>part of</strong>: Asia Minor (Asia)<br><strong>altname</strong>: Lykia<br><strong>Wikidata</strong>: <a href="https://wikidata.org/wiki/Q18927" target="_blank">https://wikidata.org/wiki/Q18927</a><br><strong>type</strong>: chora/region<br><strong>passages</strong>: 10.27.2, 2.21.3, 2.4.2, 2.7.1, 7.21.13, 9.27.2<br><strong>Pleiades</strong>: <a href="https://pleiades.stoa.org/places/638965" target="_blank">https://pleiades.stoa.org/places/638965</a>]]></description>
        <Point><coordinates>27.5,37.5</coordinates></Point>
      </Placemark>

      <Placemark>
        <name>Enclosure of the temple of Nemeios Zeus in Nemea</name>
        <description><![CDATA[<strong>name</strong>: Enclosure of the temple of Nemeios Zeus in Nemea<br><strong>region</strong>: Argolid Bk2<br><strong>part of</strong>: Sanctuary of Nemean Zeus, Nemea<br><strong>location</strong>: Sanctuary of Nemean Zeus, Nemea<br><strong>type</strong>: enclosure<br><strong>passages</strong>: 2.15.3]]></description>
        <Point><coordinates>22.7108,37.8085</coordinates></Point>
      </Placemark>

      <Placemark>
        <name>Gate of Eileithyia in Argos</name>
        <description><![CDATA[<strong>name</strong>: Gate of Eileithyia in Argos<br><strong>region</strong>: Argolid Bk2<br><strong>part of</strong>: Argos (Argolid)<br><strong>location</strong>: Argos (Argolid)<br><strong>type</strong>: gate<br><strong>passages</strong>: 2.18.3]]></description>
        <Point><coordinates>22.7195,37.6316</coordinates></Point>
      </Placemark>

      <Placemark>
        <name>Teneatic Gate of Corinth</name>
        <description><![CDATA[<strong>name</strong>: Teneatic Gate of Corinth<br><strong>region</strong>: Corinthia Bk2<br><strong>part of</strong>: Corinth (Corinthia)<br><strong>location</strong>: Corinth (Corinthia)<br><strong>type</strong>: gate<br><strong>passages</strong>: 2.5.4]]></description>
        <Point><coordinates>22.8802,37.9054</coordinates></Point>
      </Placemark>

      <Placemark>
        <name>Epidoteion at the Asklepieion of Epidaurus</name>
        <description><![CDATA[<strong>name</strong>: Epidoteion at the Asklepieion of Epidaurus<br><strong>region</strong>: Epidauria Bk2<br><strong>part of</strong>: Asklepieion of Epidauros<br><strong>location</strong>: Asklepieion of Epidauros<br><strong>Wikidata</strong>: <a href="https://wikidata.org/wiki/Q111665977" target="_blank">https://wikidata.org/wiki/Q111665977</a><br><strong>type</strong>: hieron<br><strong>passages</strong>: 2.27.6<br><strong>ToposText</strong>: <a href="https://topostext.org/place/376231SAEd" target="_blank">https://topostext.org/place/376231SAEd</a>]]></description>
        <Point><coordinates>23.075,37.597</coordinates></Point>
      </Placemark>

      <Placemark>
        <name>Sanctuary of Anagke and Bia in Corinth on way to Acrocorinth</name>
        <description><![CDATA[<strong>name</strong>: Sanctuary of Anagke and Bia in Corinth on way to Acrocorinth<br><strong>region</strong>: Corinthia Bk2<br><strong>part of</strong>: Corinth (Corinthia)<br><strong>location</strong>: Corinth (Corinthia)<br><strong>Wikidata</strong>: <a href="https://wikidata.org/wiki/Q134037585" target="_blank">https://wikidata.org/wiki/Q134037585</a><br><strong>type</strong>: hieron<br><strong>passages</strong>: 2.4.6]]></description>
        <Point><coordinates>22.8802,37.9054</coordinates></Point>
      </Placemark>

      <Placemark>
        <name>Tomb of Procles, not far from Epidauros</name>
        <description><![CDATA[<strong>name</strong>: Tomb of Procles, not far from Epidauros<br><strong>region</strong>: Epidauria Bk2<br><strong>part of</strong>: Epidauros<br><strong>location</strong>: Epidauros<br><strong>Wikidata</strong>: <a href="https://wikidata.org/wiki/Q136487417" target="_blank">https://wikidata.org/wiki/Q136487417</a><br><strong>type</strong>: tomb mnema<br><strong>passages</strong>: 2.28.8]]></description>
        <Point><coordinates>23.1602,37.6335</coordinates></Point>
      </Placemark>

      <Placemark>
        <name>Sanctuary of Artemis Iphigeneia in Hermione</name>
        <description><![CDATA[<strong>name</strong>: Sanctuary of Artemis Iphigeneia in Hermione<br><strong>region</strong>: Hermionis Bk2<br><strong>part of</strong>: Hermione<br><strong>location</strong>: Hermione<br><strong>Wikidata</strong>: <a href="https://wikidata.org/wiki/Q134037737" target="_blank">https://wikidata.org/wiki/Q134037737</a><br><strong>type</strong>: hieron<br><strong>passages</strong>: 2.35.1]]></description>
        <Point><coordinates>23.243591,37.385218</coordinates></Point>
      </Placemark>

      <Placemark>
        <name>Temple of Apollo in agora of Sicyon</name>
        <description><![CDATA[<strong>name</strong>: Temple of Apollo in agora of Sicyon<br><strong>region</strong>: Sikyonia Bk2<br><strong>part of</strong>: Agora of Sicyon<br><strong>location</strong>: Agora of Sicyon<br><strong>type</strong>: temple<br><strong>passages</strong>: 2.7.8]]></description>
        <Point><coordinates>22.714,37.984</coordinates></Point>
      </Placemark>

      <Placemark>
        <name>Himera</name>
        <description><![CDATA[<strong>name</strong>: Himera<br><strong>region</strong>: Sicilia (island)<br><strong>part of</strong>: Sicilia (island)<br><strong>Wikidata</strong>: <a href="https://wikidata.org/wiki/Q1111219" target="_blank">https://wikidata.org/wiki/Q1111219</a><br><strong>type</strong>: settlement<br><strong>passages</strong>: 2.22.7, 3.19.13, 5.23.4, 6.4.11<br><strong>Pleiades</strong>: <a href="https://pleiades.stoa.org/places/462244" target="_blank">https://pleiades.stoa.org/places/462244</a>]]></description>
        <Point><coordinates>13.82184,37.96884</coordinates></Point>
      </Placemark>

      <Placemark>
        <name>Crete</name>
        <description><![CDATA[<strong>name</strong>: Crete<br><strong>region</strong>: <br><strong>part of</strong>: Hellas (Europe)<br><strong>altname</strong>: island<br><strong>Wikidata</strong>: <a href="https://wikidata.org/wiki/Q4752820" target="_blank">https://wikidata.org/wiki/Q4752820</a><br><strong>type</strong>: island<br><strong>passages</strong>: 1.17.3, 1.17.6, 1.21.4, 1.22.5, 1.26.4, 1.27.10, 1.27.9, 1.42.2, 10.2.7, 10.7.2, 2.30.3, 2.31.1, 2.32.2, 2.33.4, 2.6.7, 2.7.7, 3.18.4, 3.18.5, 3.2.7, 5.8.1, 6.21.6, 7.2.5, 7.3.7, 7.4.5, 7.4.6, 7.4.8, 8.48.3, 8.49.7, 8.50.6, 8.53.4, 9.11.4, 9.40.3<br><strong>Pleiades</strong>: <a href="https://pleiades.stoa.org/places/589748" target="_blank">https://pleiades.stoa.org/places/589748</a><br><strong>ToposText</strong>: <a href="https://topostext.org/place/352252IKre" target="_blank">https://topostext.org/place/352252IKre</a>]]></description>
        <Point><coordinates>25.1836,35.2052</coordinates></Point>
      </Placemark>

      <Placemark>
        <name>Crete</name>
        <description><![CDATA[<strong>name</strong>: Crete<br><strong>region</strong>: <br><strong>part of</strong>: Hellas (Europe)<br><strong>altname</strong>: island<br><strong>Wikidata</strong>: <a href="https://wikidata.org/wiki/Q4752820" target="_blank">https://wikidata.org/wiki/Q4752820</a><br><strong>type</strong>: island<br><strong>passages</strong>: 1.17.3, 1.17.6, 1.21.4, 1.22.5, 1.26.4, 1.27.10, 1.27.9, 1.42.2, 10.2.7, 10.7.2, 2.30.3, 2.31.1, 2.32.2, 2.33.4, 2.6.7, 2.7.7, 3.18.4, 3.18.5, 3.2.7, 5.8.1, 6.21.6, 7.2.5, 7.3.7, 7.4.5, 7.4.6, 7.4.8, 8.48.3, 8.49.7, 8.50.6, 8.53.4, 9.11.4, 9.40.3<br><strong>Pleiades</strong>: <a href="https://pleiades.stoa.org/places/589748" target="_blank">https://pleiades.stoa.org/places/589748</a><br><strong>ToposText</strong>: <a href="https://topostext.org/place/352252IKre" target="_blank">https://topostext.org/place/352252IKre</a>]]></description>
        <Point><coordinates>25.1836,35.2052</coordinates></Point>
      </Placemark>

      <Placemark>
        <name>Crete</name>
        <description><![CDATA[<strong>name</strong>: Crete<br><strong>region</strong>: <br><strong>part of</strong>: Hellas (Europe)<br><strong>altname</strong>: island<br><strong>Wikidata</strong>: <a href="https://wikidata.org/wiki/Q4752820" target="_blank">https://wikidata.org/wiki/Q4752820</a><br><strong>type</strong>: island<br><strong>passages</strong>: 1.17.3, 1.17.6, 1.21.4, 1.22.5, 1.26.4, 1.27.10, 1.27.9, 1.42.2, 10.2.7, 10.7.2, 2.30.3, 2.31.1, 2.32.2, 2.33.4, 2.6.7, 2.7.7, 3.18.4, 3.18.5, 3.2.7, 5.8.1, 6.21.6, 7.2.5, 7.3.7, 7.4.5, 7.4.6, 7.4.8, 8.48.3, 8.49.7, 8.50.6, 8.53.4, 9.11.4, 9.40.3<br><strong>Pleiades</strong>: <a href="https://pleiades.stoa.org/places/589748" target="_blank">https://pleiades.stoa.org/places/589748</a><br><strong>ToposText</strong>: <a href="https://topostext.org/place/352252IKre" target="_blank">https://topostext.org/place/352252IKre</a>]]></description>
        <Point><coordinates>25.1836,35.2052</coordinates></Point>
      </Placemark>

      <Placemark>
        <name>Crete</name>
        <description><![CDATA[<strong>name</strong>: Crete<br><strong>region</strong>: <br><strong>part of</strong>: Hellas (Europe)<br><strong>altname</strong>: island<br><strong>Wikidata</strong>: <a href="https://wikidata.org/wiki/Q4752820" target="_blank">https://wikidata.org/wiki/Q4752820</a><br><strong>type</strong>: island<br><strong>passages</strong>: 1.17.3, 1.17.6, 1.21.4, 1.22.5, 1.26.4, 1.27.10, 1.27.9, 1.42.2, 10.2.7, 10.7.2, 2.30.3, 2.31.1, 2.32.2, 2.33.4, 2.6.7, 2.7.7, 3.18.4, 3.18.5, 3.2.7, 5.8.1, 6.21.6, 7.2.5, 7.3.7, 7.4.5, 7.4.6, 7.4.8, 8.48.3, 8.49.7, 8.50.6, 8.53.4, 9.11.4, 9.40.3<br><strong>Pleiades</strong>: <a href="https://pleiades.stoa.org/places/589748" target="_blank">https://pleiades.stoa.org/places/589748</a><br><strong>ToposText</strong>: <a href="https://topostext.org/place/352252IKre" target="_blank">https://topostext.org/place/352252IKre</a>]]></description>
        <Point><coordinates>25.1836,35.2052</coordinates></Point>
      </Placemark>

      <Placemark>
        <name>Crete</name>
        <description><![CDATA[<strong>name</strong>: Crete<br><strong>region</strong>: <br><strong>part of</strong>: Hellas (Europe)<br><strong>altname</strong>: island<br><strong>Wikidata</strong>: <a href="https://wikidata.org/wiki/Q4752820" target="_blank">https://wikidata.org/wiki/Q4752820</a><br><strong>type</strong>: island<br><strong>passages</strong>: 1.17.3, 1.17.6, 1.21.4, 1.22.5, 1.26.4, 1.27.10, 1.27.9, 1.42.2, 10.2.7, 10.7.2, 2.30.3, 2.31.1, 2.32.2, 2.33.4, 2.6.7, 2.7.7, 3.18.4, 3.18.5, 3.2.7, 5.8.1, 6.21.6, 7.2.5, 7.3.7, 7.4.5, 7.4.6, 7.4.8, 8.48.3, 8.49.7, 8.50.6, 8.53.4, 9.11.4, 9.40.3<br><strong>Pleiades</strong>: <a href="https://pleiades.stoa.org/places/589748" target="_blank">https://pleiades.stoa.org/places/589748</a><br><strong>ToposText</strong>: <a href="https://topostext.org/place/352252IKre" target="_blank">https://topostext.org/place/352252IKre</a>]]></description>
        <Point><coordinates>25.1836,35.2052</coordinates></Point>
      </Placemark>

      <Placemark>
        <name>Crete</name>
        <description><![CDATA[<strong>name</strong>: Crete<br><strong>region</strong>: <br><strong>part of</strong>: Hellas (Europe)<br><strong>altname</strong>: island<br><strong>Wikidata</strong>: <a href="https://wikidata.org/wiki/Q4752820" target="_blank">https://wikidata.org/wiki/Q4752820</a><br><strong>type</strong>: island<br><strong>passages</strong>: 1.17.3, 1.17.6, 1.21.4, 1.22.5, 1.26.4, 1.27.10, 1.27.9, 1.42.2, 10.2.7, 10.7.2, 2.30.3, 2.31.1, 2.32.2, 2.33.4, 2.6.7, 2.7.7, 3.18.4, 3.18.5, 3.2.7, 5.8.1, 6.21.6, 7.2.5, 7.3.7, 7.4.5, 7.4.6, 7.4.8, 8.48.3, 8.49.7, 8.50.6, 8.53.4, 9.11.4, 9.40.3<br><strong>Pleiades</strong>: <a href="https://pleiades.stoa.org/places/589748" target="_blank">https://pleiades.stoa.org/places/589748</a><br><strong>ToposText</strong>: <a href="https://topostext.org/place/352252IKre" target="_blank">https://topostext.org/place/352252IKre</a>]]></description>
        <Point><coordinates>25.1836,35.2052</coordinates></Point>
      </Placemark>

      <Placemark>
        <name>Tomb of Likymnios on Kylarabis gymnasium road, Argos</name>
        <description><![CDATA[<strong>name</strong>: Tomb of Likymnios on Kylarabis gymnasium road, Argos<br><strong>region</strong>: Argolid Bk2<br><strong>part of</strong>: Road to Kylarabis Gymnasium, Argos<br><strong>location</strong>: Road to Kylarabis Gymnasium, Argos<br><strong>Wikidata</strong>: <a href="https://wikidata.org/wiki/Q136487514" target="_blank">https://wikidata.org/wiki/Q136487514</a><br><strong>type</strong>: tomb mnema<br><strong>passages</strong>: 2.22.8<br><strong>Manto</strong>: <a href="https://resource.manto.unh.edu/10187083" target="_blank">https://resource.manto.unh.edu/10187083</a>]]></description>
        <Point><coordinates>22.7195,37.6316</coordinates></Point>
      </Placemark>

      <Placemark>
        <name>Sanctuary of Poseidon in Nauplia</name>
        <description><![CDATA[<strong>name</strong>: Sanctuary of Poseidon in Nauplia<br><strong>region</strong>: Argolid Bk2<br><strong>part of</strong>: Nauplia<br><strong>location</strong>: Nauplia<br><strong>Wikidata</strong>: <a href="https://wikidata.org/wiki/Q134037527" target="_blank">https://wikidata.org/wiki/Q134037527</a><br><strong>type</strong>: hieron<br><strong>passages</strong>: 2.38.2]]></description>
        <Point><coordinates>22.796,37.565</coordinates></Point>
      </Placemark>

      <Placemark>
        <name>Harbor of the Sicyonians</name>
        <description><![CDATA[<strong>name</strong>: Harbor of the Sicyonians<br><strong>region</strong>: Sikyonia Bk2<br><strong>part of</strong>: Sikyonia Bk2<br><strong>type</strong>: harbor limen<br><strong>passages</strong>: 2.12.2]]></description>
        <Point><coordinates>22.747,38.01</coordinates></Point>
      </Placemark>

      <Placemark>
        <name>Temple of Aphrodite Kataskopia in Troizen</name>
        <description><![CDATA[<strong>name</strong>: Temple of Aphrodite Kataskopia in Troizen<br><strong>region</strong>: Troizenia Bk2<br><strong>part of</strong>: Troizen (Troizenia)<br><strong>location</strong>: Troizen (Troizenia)<br><strong>type</strong>: temple<br><strong>passages</strong>: 2.32.3]]></description>
        <Point><coordinates>23.3484,37.5033</coordinates></Point>
      </Placemark>

      <Placemark>
        <name>Pyraia grove 10 stades left of Sicyon-Phlious road</name>
        <description><![CDATA[<strong>name</strong>: Pyraia grove 10 stades left of Sicyon-Phlious road<br><strong>region</strong>: Sikyonia Bk2<br><strong>part of</strong>: Sicyon (Sikyonia)<br><strong>location</strong>: Sicyon (Sikyonia)<br><strong>type</strong>: grove<br><strong>passages</strong>: 2.11.3<br><strong>Pleiades</strong>: <a href="https://pleiades.stoa.org/places/573491" target="_blank">https://pleiades.stoa.org/places/573491</a>]]></description>
        <Point><coordinates>22.7145,37.9834</coordinates></Point>
      </Placemark>

      <Placemark>
        <name>Sipylos</name>
        <description><![CDATA[<strong>name</strong>: Sipylos<br><strong>region</strong>: Asia Minor (Asia)<br><strong>part of</strong>: Lydia (province)<br><strong>altname</strong>: Mount Sipylus /Manisa Dağı<br><strong>Wikidata</strong>: <a href="https://wikidata.org/wiki/Q532698" target="_blank">https://wikidata.org/wiki/Q532698</a><br><strong>type</strong>: mountain oros<br><strong>passages</strong>: 1.21.3, 1.24.8, 2.22.3, 3.22.4, 5.13.7, 6.22.1, 7.24.13, 7.27.12, 8.17.3, 8.2.7, 8.38.10<br><strong>Pleiades</strong>: <a href="https://pleiades.stoa.org/places/550884" target="_blank">https://pleiades.stoa.org/places/550884</a>]]></description>
        <Point><coordinates>27.453939999999996,38.5668</coordinates></Point>
      </Placemark>

      <Placemark>
        <name>Memorial of Pyrrhus in Argos agora</name>
        <description><![CDATA[<strong>name</strong>: Memorial of Pyrrhus in Argos agora<br><strong>region</strong>: Argolid Bk2<br><strong>part of</strong>: Agora of Argos<br><strong>location</strong>: Agora of Argos<br><strong>Wikidata</strong>: <a href="https://wikidata.org/wiki/Q136487323" target="_blank">https://wikidata.org/wiki/Q136487323</a><br><strong>type</strong>: tomb mnema<br><strong>passages</strong>: 2.21.4]]></description>
        <Point><coordinates>22.7214,37.6305</coordinates></Point>
      </Placemark>

      <Placemark>
        <name>Tomb of Linus the poet at Argos</name>
        <description><![CDATA[<strong>name</strong>: Tomb of Linus the poet at Argos<br><strong>region</strong>: Argolid Bk2<br><strong>part of</strong>: Sanctuary of Apollo Lykios in Argos<br><strong>location</strong>: Sanctuary of Apollo Lykios in Argos<br><strong>altname</strong>: Grave of Linos<br><strong>Wikidata</strong>: <a href="https://wikidata.org/wiki/Q136487426" target="_blank">https://wikidata.org/wiki/Q136487426</a><br><strong>type</strong>: tomb taphos<br><strong>passages</strong>: 2.19.8<br><strong>Manto</strong>: <a href="https://resource.manto.unh.edu/10185271" target="_blank">https://resource.manto.unh.edu/10185271</a>]]></description>
        <Point><coordinates>22.7214,37.6305</coordinates></Point>
      </Placemark>

      <Placemark>
        <name>Temple of Hekate in Aigina</name>
        <description><![CDATA[<strong>name</strong>: Temple of Hekate in Aigina<br><strong>region</strong>: Aigina island Bk2<br><strong>part of</strong>: Aigina polity<br><strong>location</strong>: Aigina polity<br><strong>type</strong>: temple<br><strong>passages</strong>: 2.30.2]]></description>
        <Point><coordinates>23.42372,37.74991</coordinates></Point>
      </Placemark>

      <Placemark>
        <name>Paidizen enclosure with Herakles sanctuary at Sicyon</name>
        <description><![CDATA[<strong>name</strong>: Paidizen enclosure with Herakles sanctuary at Sicyon<br><strong>region</strong>: Sikyonia Bk2<br><strong>part of</strong>: Sicyon (Sikyonia)<br><strong>location</strong>: Sicyon (Sikyonia)<br><strong>type</strong>: enclosure<br><strong>passages</strong>: 2.10.1]]></description>
        <Point><coordinates>22.7145,37.9834</coordinates></Point>
      </Placemark>

      <Placemark>
        <name>Islet of Pelops where rain does not fall, off Methana</name>
        <description><![CDATA[<strong>name</strong>: Islet of Pelops where rain does not fall, off Methana<br><strong>region</strong>: Troizenia Bk2<br><strong>part of</strong>: Saronic Gulf<br><strong>location</strong>: Saronic Gulf<br><strong>Wikidata</strong>: <a href="https://wikidata.org/wiki/Q115623723" target="_blank">https://wikidata.org/wiki/Q115623723</a><br><strong>type</strong>: island<br><strong>passages</strong>: 2.34.3]]></description>
        <Point><coordinates>23.7,37.8</coordinates></Point>
      </Placemark>

      <Placemark>
        <name>Boukephala? cape (Hermionis)</name>
        <description><![CDATA[<strong>name</strong>: Boukephala? cape (Hermionis)<br><strong>region</strong>: Hermionis Bk2<br><strong>part of</strong>: Hermionis Bk2<br><strong>altname</strong>: unlocated promontory after Skyllaion<br><strong>type</strong>: cape<br><strong>passages</strong>: 2.34.8<br><strong>Pleiades</strong>: <a href="https://pleiades.stoa.org/places/570160" target="_blank">https://pleiades.stoa.org/places/570160</a><br><strong>ToposText</strong>: <a href="https://topostext.org/place/373233LBou" target="_blank">https://topostext.org/place/373233LBou</a>]]></description>
        <Point><coordinates>23.496,37.424</coordinates></Point>
      </Placemark>

      <Placemark>
        <name>Euboia (mountain)</name>
        <description><![CDATA[<strong>name</strong>: Euboia (mountain)<br><strong>region</strong>: Argolid Bk2<br><strong>part of</strong>: Argolid Bk2<br><strong>altname</strong>: Euboea hill: mountain above Argive Heraion, named for Euboea daughter of Asterion<br><strong>type</strong>: mountain oros<br><strong>passages</strong>: 2.17.1, 2.17.2<br><strong>Pleiades</strong>: <a href="https://pleiades.stoa.org/places/570245" target="_blank">https://pleiades.stoa.org/places/570245</a>]]></description>
        <Point><coordinates>22.78573,37.70559</coordinates></Point>
      </Placemark>

      <Placemark>
        <name>Euboia (mountain)</name>
        <description><![CDATA[<strong>name</strong>: Euboia (mountain)<br><strong>region</strong>: Argolid Bk2<br><strong>part of</strong>: Argolid Bk2<br><strong>altname</strong>: Euboea hill: mountain above Argive Heraion, named for Euboea daughter of Asterion<br><strong>type</strong>: mountain oros<br><strong>passages</strong>: 2.17.1, 2.17.2<br><strong>Pleiades</strong>: <a href="https://pleiades.stoa.org/places/570245" target="_blank">https://pleiades.stoa.org/places/570245</a>]]></description>
        <Point><coordinates>22.78573,37.70559</coordinates></Point>
      </Placemark>

      <Placemark>
        <name>Hill opposite the Heraion, 50 stades from Mycenae</name>
        <description><![CDATA[<strong>name</strong>: Hill opposite the Heraion, 50 stades from Mycenae<br><strong>region</strong>: Argolid Bk2<br><strong>part of</strong>: Argive Heraion (Argolid)<br><strong>location</strong>: Argive Heraion (Argolid)<br><strong>type</strong>: mountain oros<br><strong>passages</strong>: 2.17.1]]></description>
        <Point><coordinates>22.7747,37.6919</coordinates></Point>
      </Placemark>

      <Placemark>
        <name>Mantineia (Arkadia)</name>
        <description><![CDATA[<strong>name</strong>: Mantineia (Arkadia)<br><strong>region</strong>: Arcadia Bk8<br><strong>part of</strong>: Arcadia Bk8<br><strong>altname</strong>: Mantinea<br><strong>Wikidata</strong>: <a href="https://wikidata.org/wiki/Q1160195" target="_blank">https://wikidata.org/wiki/Q1160195</a><br><strong>type</strong>: polis<br><strong>passages</strong>: 1.29.13, 1.3.4, 10.13.6, 10.20.1, 2.25.1, 2.8.6, 6.11.4, 6.4.11, 8.10.1, 8.10.2, 8.11.1, 8.11.5, 8.11.6, 8.12.2, 8.12.6, 8.12.7, 8.27.14, 8.3.4, 8.49.2, 8.5.11, 8.5.5, 8.50.2, 8.6.4, 8.7.1, 8.8.11, 8.8.12, 8.8.4, 8.8.7, 8.8.9, 8.9.7, 8.9.8, 9.14.4, 9.15.5<br><strong>Pleiades</strong>: <a href="https://pleiades.stoa.org/places/570459" target="_blank">https://pleiades.stoa.org/places/570459</a><br><strong>ToposText</strong>: <a href="https://topostext.org/place/376224UMan" target="_blank">https://topostext.org/place/376224UMan</a>]]></description>
        <Point><coordinates>22.3933,37.6181</coordinates></Point>
      </Placemark>

      <Placemark>
        <name>Mantineia (Arkadia)</name>
        <description><![CDATA[<strong>name</strong>: Mantineia (Arkadia)<br><strong>region</strong>: Arcadia Bk8<br><strong>part of</strong>: Arcadia Bk8<br><strong>altname</strong>: Mantinea<br><strong>Wikidata</strong>: <a href="https://wikidata.org/wiki/Q1160195" target="_blank">https://wikidata.org/wiki/Q1160195</a><br><strong>type</strong>: polis<br><strong>passages</strong>: 1.29.13, 1.3.4, 10.13.6, 10.20.1, 2.25.1, 2.8.6, 6.11.4, 6.4.11, 8.10.1, 8.10.2, 8.11.1, 8.11.5, 8.11.6, 8.12.2, 8.12.6, 8.12.7, 8.27.14, 8.3.4, 8.49.2, 8.5.11, 8.5.5, 8.50.2, 8.6.4, 8.7.1, 8.8.11, 8.8.12, 8.8.4, 8.8.7, 8.8.9, 8.9.7, 8.9.8, 9.14.4, 9.15.5<br><strong>Pleiades</strong>: <a href="https://pleiades.stoa.org/places/570459" target="_blank">https://pleiades.stoa.org/places/570459</a><br><strong>ToposText</strong>: <a href="https://topostext.org/place/376224UMan" target="_blank">https://topostext.org/place/376224UMan</a>]]></description>
        <Point><coordinates>22.3933,37.6181</coordinates></Point>
      </Placemark>

      <Placemark>
        <name>Enclosure of Hekate&apos;s temple in Aigina</name>
        <description><![CDATA[<strong>name</strong>: Enclosure of Hekate&apos;s temple in Aigina<br><strong>region</strong>: Aigina island Bk2<br><strong>part of</strong>: Aigina polity<br><strong>location</strong>: Aigina polity<br><strong>type</strong>: enclosure<br><strong>passages</strong>: 2.30.2]]></description>
        <Point><coordinates>23.42372,37.74991</coordinates></Point>
      </Placemark>

      <Placemark>
        <name>Road to Kylarabis Gymnasium, Argos</name>
        <description><![CDATA[<strong>name</strong>: Road to Kylarabis Gymnasium, Argos<br><strong>region</strong>: Argolid Bk2<br><strong>part of</strong>: Argos (Argolid)<br><strong>location</strong>: Argos (Argolid)<br><strong>altname</strong>: main road<br><strong>type</strong>: road hodos<br><strong>passages</strong>: 2.22.8]]></description>
        <Point><coordinates>22.7195,37.6316</coordinates></Point>
      </Placemark>

      <Placemark>
        <name>Aegean Sea (Hellas)</name>
        <description><![CDATA[<strong>name</strong>: Aegean Sea (Hellas)<br><strong>region</strong>: <br><strong>part of</strong>: Internum Mare<br><strong>Wikidata</strong>: <a href="https://wikidata.org/wiki/Q34575" target="_blank">https://wikidata.org/wiki/Q34575</a><br><strong>type</strong>: sea<br><strong>passages</strong>: 1.1.1, 1.1.2, 1.1.3, 1.1.5, 1.12.5, 1.13.2, 1.17.3, 1.22.4, 1.23.3, 1.26.5, 1.27.9, 1.28.11, 1.31.1, 1.32.7, 1.33.2, 1.34.1, 1.35.5, 1.38.1, 1.38.4, 1.4.3, 1.4.5, 1.8.1, 1.9.7, 2.12.2, 2.22.1, 2.26.9, 2.29.10, 2.29.6, 2.30.7, 2.34.6, 2.34.8, 2.36.4, 2.36.6, 2.36.7, 2.37.1, 2.37.2, 2.38.1, 2.38.4, 2.5.3, 4.34.12, 5.21.10, 5.23.2, 6.16.5, 8.14.12, 9.11.5, 9.15.5<br><strong>Pleiades</strong>: <a href="https://pleiades.stoa.org/places/560221" target="_blank">https://pleiades.stoa.org/places/560221</a><br><strong>ToposText</strong>: <a href="https://topostext.org/place/381253WAeg" target="_blank">https://topostext.org/place/381253WAeg</a>]]></description>
        <Point><coordinates>25.3,38.1</coordinates></Point>
      </Placemark>

      <Placemark>
        <name>Aegean Sea (Hellas)</name>
        <description><![CDATA[<strong>name</strong>: Aegean Sea (Hellas)<br><strong>region</strong>: <br><strong>part of</strong>: Internum Mare<br><strong>Wikidata</strong>: <a href="https://wikidata.org/wiki/Q34575" target="_blank">https://wikidata.org/wiki/Q34575</a><br><strong>type</strong>: sea<br><strong>passages</strong>: 1.1.1, 1.1.2, 1.1.3, 1.1.5, 1.12.5, 1.13.2, 1.17.3, 1.22.4, 1.23.3, 1.26.5, 1.27.9, 1.28.11, 1.31.1, 1.32.7, 1.33.2, 1.34.1, 1.35.5, 1.38.1, 1.38.4, 1.4.3, 1.4.5, 1.8.1, 1.9.7, 2.12.2, 2.22.1, 2.26.9, 2.29.10, 2.29.6, 2.30.7, 2.34.6, 2.34.8, 2.36.4, 2.36.6, 2.36.7, 2.37.1, 2.37.2, 2.38.1, 2.38.4, 2.5.3, 4.34.12, 5.21.10, 5.23.2, 6.16.5, 8.14.12, 9.11.5, 9.15.5<br><strong>Pleiades</strong>: <a href="https://pleiades.stoa.org/places/560221" target="_blank">https://pleiades.stoa.org/places/560221</a><br><strong>ToposText</strong>: <a href="https://topostext.org/place/381253WAeg" target="_blank">https://topostext.org/place/381253WAeg</a>]]></description>
        <Point><coordinates>25.3,38.1</coordinates></Point>
      </Placemark>

      <Placemark>
        <name>Aegean Sea (Hellas)</name>
        <description><![CDATA[<strong>name</strong>: Aegean Sea (Hellas)<br><strong>region</strong>: <br><strong>part of</strong>: Internum Mare<br><strong>Wikidata</strong>: <a href="https://wikidata.org/wiki/Q34575" target="_blank">https://wikidata.org/wiki/Q34575</a><br><strong>type</strong>: sea<br><strong>passages</strong>: 1.1.1, 1.1.2, 1.1.3, 1.1.5, 1.12.5, 1.13.2, 1.17.3, 1.22.4, 1.23.3, 1.26.5, 1.27.9, 1.28.11, 1.31.1, 1.32.7, 1.33.2, 1.34.1, 1.35.5, 1.38.1, 1.38.4, 1.4.3, 1.4.5, 1.8.1, 1.9.7, 2.12.2, 2.22.1, 2.26.9, 2.29.10, 2.29.6, 2.30.7, 2.34.6, 2.34.8, 2.36.4, 2.36.6, 2.36.7, 2.37.1, 2.37.2, 2.38.1, 2.38.4, 2.5.3, 4.34.12, 5.21.10, 5.23.2, 6.16.5, 8.14.12, 9.11.5, 9.15.5<br><strong>Pleiades</strong>: <a href="https://pleiades.stoa.org/places/560221" target="_blank">https://pleiades.stoa.org/places/560221</a><br><strong>ToposText</strong>: <a href="https://topostext.org/place/381253WAeg" target="_blank">https://topostext.org/place/381253WAeg</a>]]></description>
        <Point><coordinates>25.3,38.1</coordinates></Point>
      </Placemark>

      <Placemark>
        <name>Aegean Sea (Hellas)</name>
        <description><![CDATA[<strong>name</strong>: Aegean Sea (Hellas)<br><strong>region</strong>: <br><strong>part of</strong>: Internum Mare<br><strong>Wikidata</strong>: <a href="https://wikidata.org/wiki/Q34575" target="_blank">https://wikidata.org/wiki/Q34575</a><br><strong>type</strong>: sea<br><strong>passages</strong>: 1.1.1, 1.1.2, 1.1.3, 1.1.5, 1.12.5, 1.13.2, 1.17.3, 1.22.4, 1.23.3, 1.26.5, 1.27.9, 1.28.11, 1.31.1, 1.32.7, 1.33.2, 1.34.1, 1.35.5, 1.38.1, 1.38.4, 1.4.3, 1.4.5, 1.8.1, 1.9.7, 2.12.2, 2.22.1, 2.26.9, 2.29.10, 2.29.6, 2.30.7, 2.34.6, 2.34.8, 2.36.4, 2.36.6, 2.36.7, 2.37.1, 2.37.2, 2.38.1, 2.38.4, 2.5.3, 4.34.12, 5.21.10, 5.23.2, 6.16.5, 8.14.12, 9.11.5, 9.15.5<br><strong>Pleiades</strong>: <a href="https://pleiades.stoa.org/places/560221" target="_blank">https://pleiades.stoa.org/places/560221</a><br><strong>ToposText</strong>: <a href="https://topostext.org/place/381253WAeg" target="_blank">https://topostext.org/place/381253WAeg</a>]]></description>
        <Point><coordinates>25.3,38.1</coordinates></Point>
      </Placemark>

      <Placemark>
        <name>Aegean Sea (Hellas)</name>
        <description><![CDATA[<strong>name</strong>: Aegean Sea (Hellas)<br><strong>region</strong>: <br><strong>part of</strong>: Internum Mare<br><strong>Wikidata</strong>: <a href="https://wikidata.org/wiki/Q34575" target="_blank">https://wikidata.org/wiki/Q34575</a><br><strong>type</strong>: sea<br><strong>passages</strong>: 1.1.1, 1.1.2, 1.1.3, 1.1.5, 1.12.5, 1.13.2, 1.17.3, 1.22.4, 1.23.3, 1.26.5, 1.27.9, 1.28.11, 1.31.1, 1.32.7, 1.33.2, 1.34.1, 1.35.5, 1.38.1, 1.38.4, 1.4.3, 1.4.5, 1.8.1, 1.9.7, 2.12.2, 2.22.1, 2.26.9, 2.29.10, 2.29.6, 2.30.7, 2.34.6, 2.34.8, 2.36.4, 2.36.6, 2.36.7, 2.37.1, 2.37.2, 2.38.1, 2.38.4, 2.5.3, 4.34.12, 5.21.10, 5.23.2, 6.16.5, 8.14.12, 9.11.5, 9.15.5<br><strong>Pleiades</strong>: <a href="https://pleiades.stoa.org/places/560221" target="_blank">https://pleiades.stoa.org/places/560221</a><br><strong>ToposText</strong>: <a href="https://topostext.org/place/381253WAeg" target="_blank">https://topostext.org/place/381253WAeg</a>]]></description>
        <Point><coordinates>25.3,38.1</coordinates></Point>
      </Placemark>

      <Placemark>
        <name>Aegean Sea (Hellas)</name>
        <description><![CDATA[<strong>name</strong>: Aegean Sea (Hellas)<br><strong>region</strong>: <br><strong>part of</strong>: Internum Mare<br><strong>Wikidata</strong>: <a href="https://wikidata.org/wiki/Q34575" target="_blank">https://wikidata.org/wiki/Q34575</a><br><strong>type</strong>: sea<br><strong>passages</strong>: 1.1.1, 1.1.2, 1.1.3, 1.1.5, 1.12.5, 1.13.2, 1.17.3, 1.22.4, 1.23.3, 1.26.5, 1.27.9, 1.28.11, 1.31.1, 1.32.7, 1.33.2, 1.34.1, 1.35.5, 1.38.1, 1.38.4, 1.4.3, 1.4.5, 1.8.1, 1.9.7, 2.12.2, 2.22.1, 2.26.9, 2.29.10, 2.29.6, 2.30.7, 2.34.6, 2.34.8, 2.36.4, 2.36.6, 2.36.7, 2.37.1, 2.37.2, 2.38.1, 2.38.4, 2.5.3, 4.34.12, 5.21.10, 5.23.2, 6.16.5, 8.14.12, 9.11.5, 9.15.5<br><strong>Pleiades</strong>: <a href="https://pleiades.stoa.org/places/560221" target="_blank">https://pleiades.stoa.org/places/560221</a><br><strong>ToposText</strong>: <a href="https://topostext.org/place/381253WAeg" target="_blank">https://topostext.org/place/381253WAeg</a>]]></description>
        <Point><coordinates>25.3,38.1</coordinates></Point>
      </Placemark>

      <Placemark>
        <name>Aegean Sea (Hellas)</name>
        <description><![CDATA[<strong>name</strong>: Aegean Sea (Hellas)<br><strong>region</strong>: <br><strong>part of</strong>: Internum Mare<br><strong>Wikidata</strong>: <a href="https://wikidata.org/wiki/Q34575" target="_blank">https://wikidata.org/wiki/Q34575</a><br><strong>type</strong>: sea<br><strong>passages</strong>: 1.1.1, 1.1.2, 1.1.3, 1.1.5, 1.12.5, 1.13.2, 1.17.3, 1.22.4, 1.23.3, 1.26.5, 1.27.9, 1.28.11, 1.31.1, 1.32.7, 1.33.2, 1.34.1, 1.35.5, 1.38.1, 1.38.4, 1.4.3, 1.4.5, 1.8.1, 1.9.7, 2.12.2, 2.22.1, 2.26.9, 2.29.10, 2.29.6, 2.30.7, 2.34.6, 2.34.8, 2.36.4, 2.36.6, 2.36.7, 2.37.1, 2.37.2, 2.38.1, 2.38.4, 2.5.3, 4.34.12, 5.21.10, 5.23.2, 6.16.5, 8.14.12, 9.11.5, 9.15.5<br><strong>Pleiades</strong>: <a href="https://pleiades.stoa.org/places/560221" target="_blank">https://pleiades.stoa.org/places/560221</a><br><strong>ToposText</strong>: <a href="https://topostext.org/place/381253WAeg" target="_blank">https://topostext.org/place/381253WAeg</a>]]></description>
        <Point><coordinates>25.3,38.1</coordinates></Point>
      </Placemark>

      <Placemark>
        <name>Aegean Sea (Hellas)</name>
        <description><![CDATA[<strong>name</strong>: Aegean Sea (Hellas)<br><strong>region</strong>: <br><strong>part of</strong>: Internum Mare<br><strong>Wikidata</strong>: <a href="https://wikidata.org/wiki/Q34575" target="_blank">https://wikidata.org/wiki/Q34575</a><br><strong>type</strong>: sea<br><strong>passages</strong>: 1.1.1, 1.1.2, 1.1.3, 1.1.5, 1.12.5, 1.13.2, 1.17.3, 1.22.4, 1.23.3, 1.26.5, 1.27.9, 1.28.11, 1.31.1, 1.32.7, 1.33.2, 1.34.1, 1.35.5, 1.38.1, 1.38.4, 1.4.3, 1.4.5, 1.8.1, 1.9.7, 2.12.2, 2.22.1, 2.26.9, 2.29.10, 2.29.6, 2.30.7, 2.34.6, 2.34.8, 2.36.4, 2.36.6, 2.36.7, 2.37.1, 2.37.2, 2.38.1, 2.38.4, 2.5.3, 4.34.12, 5.21.10, 5.23.2, 6.16.5, 8.14.12, 9.11.5, 9.15.5<br><strong>Pleiades</strong>: <a href="https://pleiades.stoa.org/places/560221" target="_blank">https://pleiades.stoa.org/places/560221</a><br><strong>ToposText</strong>: <a href="https://topostext.org/place/381253WAeg" target="_blank">https://topostext.org/place/381253WAeg</a>]]></description>
        <Point><coordinates>25.3,38.1</coordinates></Point>
      </Placemark>

      <Placemark>
        <name>Aegean Sea (Hellas)</name>
        <description><![CDATA[<strong>name</strong>: Aegean Sea (Hellas)<br><strong>region</strong>: <br><strong>part of</strong>: Internum Mare<br><strong>Wikidata</strong>: <a href="https://wikidata.org/wiki/Q34575" target="_blank">https://wikidata.org/wiki/Q34575</a><br><strong>type</strong>: sea<br><strong>passages</strong>: 1.1.1, 1.1.2, 1.1.3, 1.1.5, 1.12.5, 1.13.2, 1.17.3, 1.22.4, 1.23.3, 1.26.5, 1.27.9, 1.28.11, 1.31.1, 1.32.7, 1.33.2, 1.34.1, 1.35.5, 1.38.1, 1.38.4, 1.4.3, 1.4.5, 1.8.1, 1.9.7, 2.12.2, 2.22.1, 2.26.9, 2.29.10, 2.29.6, 2.30.7, 2.34.6, 2.34.8, 2.36.4, 2.36.6, 2.36.7, 2.37.1, 2.37.2, 2.38.1, 2.38.4, 2.5.3, 4.34.12, 5.21.10, 5.23.2, 6.16.5, 8.14.12, 9.11.5, 9.15.5<br><strong>Pleiades</strong>: <a href="https://pleiades.stoa.org/places/560221" target="_blank">https://pleiades.stoa.org/places/560221</a><br><strong>ToposText</strong>: <a href="https://topostext.org/place/381253WAeg" target="_blank">https://topostext.org/place/381253WAeg</a>]]></description>
        <Point><coordinates>25.3,38.1</coordinates></Point>
      </Placemark>

      <Placemark>
        <name>Aegean Sea (Hellas)</name>
        <description><![CDATA[<strong>name</strong>: Aegean Sea (Hellas)<br><strong>region</strong>: <br><strong>part of</strong>: Internum Mare<br><strong>Wikidata</strong>: <a href="https://wikidata.org/wiki/Q34575" target="_blank">https://wikidata.org/wiki/Q34575</a><br><strong>type</strong>: sea<br><strong>passages</strong>: 1.1.1, 1.1.2, 1.1.3, 1.1.5, 1.12.5, 1.13.2, 1.17.3, 1.22.4, 1.23.3, 1.26.5, 1.27.9, 1.28.11, 1.31.1, 1.32.7, 1.33.2, 1.34.1, 1.35.5, 1.38.1, 1.38.4, 1.4.3, 1.4.5, 1.8.1, 1.9.7, 2.12.2, 2.22.1, 2.26.9, 2.29.10, 2.29.6, 2.30.7, 2.34.6, 2.34.8, 2.36.4, 2.36.6, 2.36.7, 2.37.1, 2.37.2, 2.38.1, 2.38.4, 2.5.3, 4.34.12, 5.21.10, 5.23.2, 6.16.5, 8.14.12, 9.11.5, 9.15.5<br><strong>Pleiades</strong>: <a href="https://pleiades.stoa.org/places/560221" target="_blank">https://pleiades.stoa.org/places/560221</a><br><strong>ToposText</strong>: <a href="https://topostext.org/place/381253WAeg" target="_blank">https://topostext.org/place/381253WAeg</a>]]></description>
        <Point><coordinates>25.3,38.1</coordinates></Point>
      </Placemark>

      <Placemark>
        <name>Aegean Sea (Hellas)</name>
        <description><![CDATA[<strong>name</strong>: Aegean Sea (Hellas)<br><strong>region</strong>: <br><strong>part of</strong>: Internum Mare<br><strong>Wikidata</strong>: <a href="https://wikidata.org/wiki/Q34575" target="_blank">https://wikidata.org/wiki/Q34575</a><br><strong>type</strong>: sea<br><strong>passages</strong>: 1.1.1, 1.1.2, 1.1.3, 1.1.5, 1.12.5, 1.13.2, 1.17.3, 1.22.4, 1.23.3, 1.26.5, 1.27.9, 1.28.11, 1.31.1, 1.32.7, 1.33.2, 1.34.1, 1.35.5, 1.38.1, 1.38.4, 1.4.3, 1.4.5, 1.8.1, 1.9.7, 2.12.2, 2.22.1, 2.26.9, 2.29.10, 2.29.6, 2.30.7, 2.34.6, 2.34.8, 2.36.4, 2.36.6, 2.36.7, 2.37.1, 2.37.2, 2.38.1, 2.38.4, 2.5.3, 4.34.12, 5.21.10, 5.23.2, 6.16.5, 8.14.12, 9.11.5, 9.15.5<br><strong>Pleiades</strong>: <a href="https://pleiades.stoa.org/places/560221" target="_blank">https://pleiades.stoa.org/places/560221</a><br><strong>ToposText</strong>: <a href="https://topostext.org/place/381253WAeg" target="_blank">https://topostext.org/place/381253WAeg</a>]]></description>
        <Point><coordinates>25.3,38.1</coordinates></Point>
      </Placemark>

      <Placemark>
        <name>Aegean Sea (Hellas)</name>
        <description><![CDATA[<strong>name</strong>: Aegean Sea (Hellas)<br><strong>region</strong>: <br><strong>part of</strong>: Internum Mare<br><strong>Wikidata</strong>: <a href="https://wikidata.org/wiki/Q34575" target="_blank">https://wikidata.org/wiki/Q34575</a><br><strong>type</strong>: sea<br><strong>passages</strong>: 1.1.1, 1.1.2, 1.1.3, 1.1.5, 1.12.5, 1.13.2, 1.17.3, 1.22.4, 1.23.3, 1.26.5, 1.27.9, 1.28.11, 1.31.1, 1.32.7, 1.33.2, 1.34.1, 1.35.5, 1.38.1, 1.38.4, 1.4.3, 1.4.5, 1.8.1, 1.9.7, 2.12.2, 2.22.1, 2.26.9, 2.29.10, 2.29.6, 2.30.7, 2.34.6, 2.34.8, 2.36.4, 2.36.6, 2.36.7, 2.37.1, 2.37.2, 2.38.1, 2.38.4, 2.5.3, 4.34.12, 5.21.10, 5.23.2, 6.16.5, 8.14.12, 9.11.5, 9.15.5<br><strong>Pleiades</strong>: <a href="https://pleiades.stoa.org/places/560221" target="_blank">https://pleiades.stoa.org/places/560221</a><br><strong>ToposText</strong>: <a href="https://topostext.org/place/381253WAeg" target="_blank">https://topostext.org/place/381253WAeg</a>]]></description>
        <Point><coordinates>25.3,38.1</coordinates></Point>
      </Placemark>

      <Placemark>
        <name>Aegean Sea (Hellas)</name>
        <description><![CDATA[<strong>name</strong>: Aegean Sea (Hellas)<br><strong>region</strong>: <br><strong>part of</strong>: Internum Mare<br><strong>Wikidata</strong>: <a href="https://wikidata.org/wiki/Q34575" target="_blank">https://wikidata.org/wiki/Q34575</a><br><strong>type</strong>: sea<br><strong>passages</strong>: 1.1.1, 1.1.2, 1.1.3, 1.1.5, 1.12.5, 1.13.2, 1.17.3, 1.22.4, 1.23.3, 1.26.5, 1.27.9, 1.28.11, 1.31.1, 1.32.7, 1.33.2, 1.34.1, 1.35.5, 1.38.1, 1.38.4, 1.4.3, 1.4.5, 1.8.1, 1.9.7, 2.12.2, 2.22.1, 2.26.9, 2.29.10, 2.29.6, 2.30.7, 2.34.6, 2.34.8, 2.36.4, 2.36.6, 2.36.7, 2.37.1, 2.37.2, 2.38.1, 2.38.4, 2.5.3, 4.34.12, 5.21.10, 5.23.2, 6.16.5, 8.14.12, 9.11.5, 9.15.5<br><strong>Pleiades</strong>: <a href="https://pleiades.stoa.org/places/560221" target="_blank">https://pleiades.stoa.org/places/560221</a><br><strong>ToposText</strong>: <a href="https://topostext.org/place/381253WAeg" target="_blank">https://topostext.org/place/381253WAeg</a>]]></description>
        <Point><coordinates>25.3,38.1</coordinates></Point>
      </Placemark>

      <Placemark>
        <name>Aegean Sea (Hellas)</name>
        <description><![CDATA[<strong>name</strong>: Aegean Sea (Hellas)<br><strong>region</strong>: <br><strong>part of</strong>: Internum Mare<br><strong>Wikidata</strong>: <a href="https://wikidata.org/wiki/Q34575" target="_blank">https://wikidata.org/wiki/Q34575</a><br><strong>type</strong>: sea<br><strong>passages</strong>: 1.1.1, 1.1.2, 1.1.3, 1.1.5, 1.12.5, 1.13.2, 1.17.3, 1.22.4, 1.23.3, 1.26.5, 1.27.9, 1.28.11, 1.31.1, 1.32.7, 1.33.2, 1.34.1, 1.35.5, 1.38.1, 1.38.4, 1.4.3, 1.4.5, 1.8.1, 1.9.7, 2.12.2, 2.22.1, 2.26.9, 2.29.10, 2.29.6, 2.30.7, 2.34.6, 2.34.8, 2.36.4, 2.36.6, 2.36.7, 2.37.1, 2.37.2, 2.38.1, 2.38.4, 2.5.3, 4.34.12, 5.21.10, 5.23.2, 6.16.5, 8.14.12, 9.11.5, 9.15.5<br><strong>Pleiades</strong>: <a href="https://pleiades.stoa.org/places/560221" target="_blank">https://pleiades.stoa.org/places/560221</a><br><strong>ToposText</strong>: <a href="https://topostext.org/place/381253WAeg" target="_blank">https://topostext.org/place/381253WAeg</a>]]></description>
        <Point><coordinates>25.3,38.1</coordinates></Point>
      </Placemark>

      <Placemark>
        <name>Aegean Sea (Hellas)</name>
        <description><![CDATA[<strong>name</strong>: Aegean Sea (Hellas)<br><strong>region</strong>: <br><strong>part of</strong>: Internum Mare<br><strong>Wikidata</strong>: <a href="https://wikidata.org/wiki/Q34575" target="_blank">https://wikidata.org/wiki/Q34575</a><br><strong>type</strong>: sea<br><strong>passages</strong>: 1.1.1, 1.1.2, 1.1.3, 1.1.5, 1.12.5, 1.13.2, 1.17.3, 1.22.4, 1.23.3, 1.26.5, 1.27.9, 1.28.11, 1.31.1, 1.32.7, 1.33.2, 1.34.1, 1.35.5, 1.38.1, 1.38.4, 1.4.3, 1.4.5, 1.8.1, 1.9.7, 2.12.2, 2.22.1, 2.26.9, 2.29.10, 2.29.6, 2.30.7, 2.34.6, 2.34.8, 2.36.4, 2.36.6, 2.36.7, 2.37.1, 2.37.2, 2.38.1, 2.38.4, 2.5.3, 4.34.12, 5.21.10, 5.23.2, 6.16.5, 8.14.12, 9.11.5, 9.15.5<br><strong>Pleiades</strong>: <a href="https://pleiades.stoa.org/places/560221" target="_blank">https://pleiades.stoa.org/places/560221</a><br><strong>ToposText</strong>: <a href="https://topostext.org/place/381253WAeg" target="_blank">https://topostext.org/place/381253WAeg</a>]]></description>
        <Point><coordinates>25.3,38.1</coordinates></Point>
      </Placemark>

      <Placemark>
        <name>Aegean Sea (Hellas)</name>
        <description><![CDATA[<strong>name</strong>: Aegean Sea (Hellas)<br><strong>region</strong>: <br><strong>part of</strong>: Internum Mare<br><strong>Wikidata</strong>: <a href="https://wikidata.org/wiki/Q34575" target="_blank">https://wikidata.org/wiki/Q34575</a><br><strong>type</strong>: sea<br><strong>passages</strong>: 1.1.1, 1.1.2, 1.1.3, 1.1.5, 1.12.5, 1.13.2, 1.17.3, 1.22.4, 1.23.3, 1.26.5, 1.27.9, 1.28.11, 1.31.1, 1.32.7, 1.33.2, 1.34.1, 1.35.5, 1.38.1, 1.38.4, 1.4.3, 1.4.5, 1.8.1, 1.9.7, 2.12.2, 2.22.1, 2.26.9, 2.29.10, 2.29.6, 2.30.7, 2.34.6, 2.34.8, 2.36.4, 2.36.6, 2.36.7, 2.37.1, 2.37.2, 2.38.1, 2.38.4, 2.5.3, 4.34.12, 5.21.10, 5.23.2, 6.16.5, 8.14.12, 9.11.5, 9.15.5<br><strong>Pleiades</strong>: <a href="https://pleiades.stoa.org/places/560221" target="_blank">https://pleiades.stoa.org/places/560221</a><br><strong>ToposText</strong>: <a href="https://topostext.org/place/381253WAeg" target="_blank">https://topostext.org/place/381253WAeg</a>]]></description>
        <Point><coordinates>25.3,38.1</coordinates></Point>
      </Placemark>

      <Placemark>
        <name>Isthmian Gate (Corinth)</name>
        <description><![CDATA[<strong>name</strong>: Isthmian Gate (Corinth)<br><strong>region</strong>: Corinthia Bk2<br><strong>part of</strong>: Corinth (Corinthia)<br><strong>type</strong>: gate<br><strong>passages</strong>: 2.2.4<br><strong>ToposText</strong>: <a href="https://topostext.org/place/379229FIsG" target="_blank">https://topostext.org/place/379229FIsG</a>]]></description>
        <Point><coordinates>22.89353,37.91541</coordinates></Point>
      </Placemark>

      <Placemark>
        <name>Sacred Fountain (Epidauros Asklepieion)</name>
        <description><![CDATA[<strong>name</strong>: Sacred Fountain (Epidauros Asklepieion)<br><strong>region</strong>: Epidauria Bk2<br><strong>part of</strong>: Asklepieion of Epidauros<br><strong>altname</strong>: notable for its roof and ornamentation<br><strong>type</strong>: spring pege<br><strong>passages</strong>: 2.27.5<br><strong>ToposText</strong>: <a href="https://topostext.org/place/376231BAFt" target="_blank">https://topostext.org/place/376231BAFt</a>]]></description>
        <Point><coordinates>23.07535,37.599135</coordinates></Point>
      </Placemark>

      <Placemark>
        <name>Isthmus in Cnidos</name>
        <description><![CDATA[<strong>name</strong>: Isthmus in Cnidos<br><strong>region</strong>: Asia Minor (Asia)<br><strong>part of</strong>: Cherronesos of Knidos<br><strong>type</strong>: isthmus<br><strong>passages</strong>: 2.1.5]]></description>
        <Point><coordinates>27.37404,36.686188</coordinates></Point>
      </Placemark>

      <Placemark>
        <name>Sacred Gate of Sicyon</name>
        <description><![CDATA[<strong>name</strong>: Sacred Gate of Sicyon<br><strong>region</strong>: Sikyonia Bk2<br><strong>part of</strong>: Sicyon (Sikyonia)<br><strong>location</strong>: Sicyon (Sikyonia)<br><strong>type</strong>: gate<br><strong>passages</strong>: 2.11.1]]></description>
        <Point><coordinates>22.7145,37.9834</coordinates></Point>
      </Placemark>

      <Placemark>
        <name>Aperopia (island)</name>
        <description><![CDATA[<strong>name</strong>: Aperopia (island)<br><strong>region</strong>: Hermionis Bk2<br><strong>part of</strong>: Aegean Sea (Hellas)<br><strong>Wikidata</strong>: <a href="https://wikidata.org/wiki/Q1140015" target="_blank">https://wikidata.org/wiki/Q1140015</a><br><strong>type</strong>: island<br><strong>passages</strong>: 2.34.9<br><strong>Pleiades</strong>: <a href="https://pleiades.stoa.org/places/570089" target="_blank">https://pleiades.stoa.org/places/570089</a>]]></description>
        <Point><coordinates>23.30295,37.32767</coordinates></Point>
      </Placemark>

      <Placemark>
        <name>Tomb of Sisyphus at the Isthmus, nonexistent</name>
        <description><![CDATA[<strong>name</strong>: Tomb of Sisyphus at the Isthmus, nonexistent<br><strong>region</strong>: Corinthia Bk2<br><strong>part of</strong>: Isthmus of Corinth<br><strong>location</strong>: Isthmus of Corinth<br><strong>Wikidata</strong>: <a href="https://wikidata.org/wiki/Q136487433" target="_blank">https://wikidata.org/wiki/Q136487433</a><br><strong>type</strong>: tomb mnema<br><strong>passages</strong>: 2.2.2]]></description>
        <Point><coordinates>22.973,37.928</coordinates></Point>
      </Placemark>

      <Placemark>
        <name>Pit beside Grave of Tantalus in Argos</name>
        <description><![CDATA[<strong>name</strong>: Pit beside Grave of Tantalus in Argos<br><strong>region</strong>: Argolid Bk2<br><strong>part of</strong>: Agora of Argos<br><strong>location</strong>: Agora of Argos<br><strong>type</strong>: pit<br><strong>passages</strong>: 2.22.3]]></description>
        <Point><coordinates>22.7214,37.6305</coordinates></Point>
      </Placemark>

      <Placemark>
        <name>Sanctuary of Artemis on Mt. Artemision</name>
        <description><![CDATA[<strong>name</strong>: Sanctuary of Artemis on Mt. Artemision<br><strong>region</strong>: Argolid Bk2<br><strong>part of</strong>: Artemision (mountain)<br><strong>location</strong>: Artemision (mountain)<br><strong>Wikidata</strong>: <a href="https://wikidata.org/wiki/Q134034951" target="_blank">https://wikidata.org/wiki/Q134034951</a><br><strong>type</strong>: hieron<br><strong>passages</strong>: 2.25.3]]></description>
        <Point><coordinates>22.51475,37.6199</coordinates></Point>
      </Placemark>

      <Placemark>
        <name>Skēnē of the theater in Sicyon</name>
        <description><![CDATA[<strong>name</strong>: Skēnē of the theater in Sicyon<br><strong>region</strong>: Sikyonia Bk2<br><strong>part of</strong>: Theater of Dionysos in Sicyon<br><strong>location</strong>: Theater of Dionysos in Sicyon<br><strong>type</strong>: building<br><strong>passages</strong>: 2.7.5]]></description>
        <Point><coordinates>22.71145,37.98417</coordinates></Point>
      </Placemark>

      <Placemark>
        <name>Cypress trees in the Asclepieion in Titane</name>
        <description><![CDATA[<strong>name</strong>: Cypress trees in the Asclepieion in Titane<br><strong>region</strong>: Corinthia Bk2<br><strong>part of</strong>: Asclepieion of Titane<br><strong>location</strong>: Asclepieion of Titane<br><strong>type</strong>: cypress grove<br><strong>passages</strong>: 2.11.6]]></description>
        <Point><coordinates>22.62501,37.92049</coordinates></Point>
      </Placemark>

      <Placemark>
        <name>Lerna (Argolid)</name>
        <description><![CDATA[<strong>name</strong>: Lerna (Argolid)<br><strong>region</strong>: Argolid Bk2<br><strong>part of</strong>: Argolid Bk2<br><strong>Wikidata</strong>: <a href="https://wikidata.org/wiki/Q1236078" target="_blank">https://wikidata.org/wiki/Q1236078</a><br><strong>type</strong>: settlement<br><strong>passages</strong>: 2.15.5, 2.24.2, 2.36.6, 2.36.7, 2.38.1, 2.38.4<br><strong>Pleiades</strong>: <a href="https://pleiades.stoa.org/places/570424" target="_blank">https://pleiades.stoa.org/places/570424</a><br><strong>ToposText</strong>: <a href="https://topostext.org/place/375227ULer" target="_blank">https://topostext.org/place/375227ULer</a>]]></description>
        <Point><coordinates>22.7182,37.5511</coordinates></Point>
      </Placemark>

      <Placemark>
        <name>Lerna (Argolid)</name>
        <description><![CDATA[<strong>name</strong>: Lerna (Argolid)<br><strong>region</strong>: Argolid Bk2<br><strong>part of</strong>: Argolid Bk2<br><strong>Wikidata</strong>: <a href="https://wikidata.org/wiki/Q1236078" target="_blank">https://wikidata.org/wiki/Q1236078</a><br><strong>type</strong>: settlement<br><strong>passages</strong>: 2.15.5, 2.24.2, 2.36.6, 2.36.7, 2.38.1, 2.38.4<br><strong>Pleiades</strong>: <a href="https://pleiades.stoa.org/places/570424" target="_blank">https://pleiades.stoa.org/places/570424</a><br><strong>ToposText</strong>: <a href="https://topostext.org/place/375227ULer" target="_blank">https://topostext.org/place/375227ULer</a>]]></description>
        <Point><coordinates>22.7182,37.5511</coordinates></Point>
      </Placemark>

      <Placemark>
        <name>Lerna (Argolid)</name>
        <description><![CDATA[<strong>name</strong>: Lerna (Argolid)<br><strong>region</strong>: Argolid Bk2<br><strong>part of</strong>: Argolid Bk2<br><strong>Wikidata</strong>: <a href="https://wikidata.org/wiki/Q1236078" target="_blank">https://wikidata.org/wiki/Q1236078</a><br><strong>type</strong>: settlement<br><strong>passages</strong>: 2.15.5, 2.24.2, 2.36.6, 2.36.7, 2.38.1, 2.38.4<br><strong>Pleiades</strong>: <a href="https://pleiades.stoa.org/places/570424" target="_blank">https://pleiades.stoa.org/places/570424</a><br><strong>ToposText</strong>: <a href="https://topostext.org/place/375227ULer" target="_blank">https://topostext.org/place/375227ULer</a>]]></description>
        <Point><coordinates>22.7182,37.5511</coordinates></Point>
      </Placemark>

      <Placemark>
        <name>Lerna (Argolid)</name>
        <description><![CDATA[<strong>name</strong>: Lerna (Argolid)<br><strong>region</strong>: Argolid Bk2<br><strong>part of</strong>: Argolid Bk2<br><strong>Wikidata</strong>: <a href="https://wikidata.org/wiki/Q1236078" target="_blank">https://wikidata.org/wiki/Q1236078</a><br><strong>type</strong>: settlement<br><strong>passages</strong>: 2.15.5, 2.24.2, 2.36.6, 2.36.7, 2.38.1, 2.38.4<br><strong>Pleiades</strong>: <a href="https://pleiades.stoa.org/places/570424" target="_blank">https://pleiades.stoa.org/places/570424</a><br><strong>ToposText</strong>: <a href="https://topostext.org/place/375227ULer" target="_blank">https://topostext.org/place/375227ULer</a>]]></description>
        <Point><coordinates>22.7182,37.5511</coordinates></Point>
      </Placemark>

      <Placemark>
        <name>Lerna (Argolid)</name>
        <description><![CDATA[<strong>name</strong>: Lerna (Argolid)<br><strong>region</strong>: Argolid Bk2<br><strong>part of</strong>: Argolid Bk2<br><strong>Wikidata</strong>: <a href="https://wikidata.org/wiki/Q1236078" target="_blank">https://wikidata.org/wiki/Q1236078</a><br><strong>type</strong>: settlement<br><strong>passages</strong>: 2.15.5, 2.24.2, 2.36.6, 2.36.7, 2.38.1, 2.38.4<br><strong>Pleiades</strong>: <a href="https://pleiades.stoa.org/places/570424" target="_blank">https://pleiades.stoa.org/places/570424</a><br><strong>ToposText</strong>: <a href="https://topostext.org/place/375227ULer" target="_blank">https://topostext.org/place/375227ULer</a>]]></description>
        <Point><coordinates>22.7182,37.5511</coordinates></Point>
      </Placemark>

      <Placemark>
        <name>Lerna (Argolid)</name>
        <description><![CDATA[<strong>name</strong>: Lerna (Argolid)<br><strong>region</strong>: Argolid Bk2<br><strong>part of</strong>: Argolid Bk2<br><strong>Wikidata</strong>: <a href="https://wikidata.org/wiki/Q1236078" target="_blank">https://wikidata.org/wiki/Q1236078</a><br><strong>type</strong>: settlement<br><strong>passages</strong>: 2.15.5, 2.24.2, 2.36.6, 2.36.7, 2.38.1, 2.38.4<br><strong>Pleiades</strong>: <a href="https://pleiades.stoa.org/places/570424" target="_blank">https://pleiades.stoa.org/places/570424</a><br><strong>ToposText</strong>: <a href="https://topostext.org/place/375227ULer" target="_blank">https://topostext.org/place/375227ULer</a>]]></description>
        <Point><coordinates>22.7182,37.5511</coordinates></Point>
      </Placemark>

      <Placemark>
        <name>Deiras gates of Argos</name>
        <description><![CDATA[<strong>name</strong>: Deiras gates of Argos<br><strong>region</strong>: Argolid Bk2<br><strong>part of</strong>: Argos (Argolid)<br><strong>location</strong>: Argos (Argolid)<br><strong>type</strong>: gate<br><strong>passages</strong>: 2.24.1, 2.25.1<br><strong>ToposText</strong>: <a href="https://topostext.org/place/376227FDei" target="_blank">https://topostext.org/place/376227FDei</a>]]></description>
        <Point><coordinates>22.7195,37.6316</coordinates></Point>
      </Placemark>

      <Placemark>
        <name>Deiras gates of Argos</name>
        <description><![CDATA[<strong>name</strong>: Deiras gates of Argos<br><strong>region</strong>: Argolid Bk2<br><strong>part of</strong>: Argos (Argolid)<br><strong>location</strong>: Argos (Argolid)<br><strong>type</strong>: gate<br><strong>passages</strong>: 2.24.1, 2.25.1<br><strong>ToposText</strong>: <a href="https://topostext.org/place/376227FDei" target="_blank">https://topostext.org/place/376227FDei</a>]]></description>
        <Point><coordinates>22.7195,37.6316</coordinates></Point>
      </Placemark>

      <Placemark>
        <name>Altar of the Cyclopes at Isthmia</name>
        <description><![CDATA[<strong>name</strong>: Altar of the Cyclopes at Isthmia<br><strong>region</strong>: Corinthia Bk2<br><strong>part of</strong>: Isthmian Poseidon sanctuary at Isthmia<br><strong>location</strong>: Isthmian Poseidon sanctuary at Isthmia<br><strong>type</strong>: altar<br><strong>passages</strong>: 2.2.1]]></description>
        <Point><coordinates>22.992664,37.9158514</coordinates></Point>
      </Placemark>

      <Placemark>
        <name>Temple of Athena on promontory of Hermione, on higher ground</name>
        <description><![CDATA[<strong>name</strong>: Temple of Athena on promontory of Hermione, on higher ground<br><strong>region</strong>: Hermionis Bk2<br><strong>part of</strong>: Promontory of Hermione<br><strong>location</strong>: Promontory of Hermione<br><strong>type</strong>: temple<br><strong>passages</strong>: 2.34.10]]></description>
        <Point><coordinates>23.243591,37.385218</coordinates></Point>
      </Placemark>

      <Placemark>
        <name>Corinthian Gulf (Korinthia)</name>
        <description><![CDATA[<strong>name</strong>: Corinthian Gulf (Korinthia)<br><strong>region</strong>: Corinthia Bk2<br><strong>part of</strong>: Corinthia Bk2<br><strong>altname</strong>: Korinthiakos kolpos<br><strong>Wikidata</strong>: <a href="https://wikidata.org/wiki/Q209682" target="_blank">https://wikidata.org/wiki/Q209682</a><br><strong>type</strong>: gulf<br><strong>passages</strong>: 10.37.3, 10.38.12, 10.38.9, 2.1.5, 2.12.2, 2.5.2, 7.1.1, 7.23.5, 7.25.11<br><strong>Pleiades</strong>: <a href="https://pleiades.stoa.org/places/570181" target="_blank">https://pleiades.stoa.org/places/570181</a><br><strong>ToposText</strong>: <a href="https://topostext.org/place/382226WCor" target="_blank">https://topostext.org/place/382226WCor</a>]]></description>
        <Point><coordinates>22.6,38.2</coordinates></Point>
      </Placemark>

      <Placemark>
        <name>Corinthian Gulf (Korinthia)</name>
        <description><![CDATA[<strong>name</strong>: Corinthian Gulf (Korinthia)<br><strong>region</strong>: Corinthia Bk2<br><strong>part of</strong>: Corinthia Bk2<br><strong>altname</strong>: Korinthiakos kolpos<br><strong>Wikidata</strong>: <a href="https://wikidata.org/wiki/Q209682" target="_blank">https://wikidata.org/wiki/Q209682</a><br><strong>type</strong>: gulf<br><strong>passages</strong>: 10.37.3, 10.38.12, 10.38.9, 2.1.5, 2.12.2, 2.5.2, 7.1.1, 7.23.5, 7.25.11<br><strong>Pleiades</strong>: <a href="https://pleiades.stoa.org/places/570181" target="_blank">https://pleiades.stoa.org/places/570181</a><br><strong>ToposText</strong>: <a href="https://topostext.org/place/382226WCor" target="_blank">https://topostext.org/place/382226WCor</a>]]></description>
        <Point><coordinates>22.6,38.2</coordinates></Point>
      </Placemark>

      <Placemark>
        <name>Corinthian Gulf (Korinthia)</name>
        <description><![CDATA[<strong>name</strong>: Corinthian Gulf (Korinthia)<br><strong>region</strong>: Corinthia Bk2<br><strong>part of</strong>: Corinthia Bk2<br><strong>altname</strong>: Korinthiakos kolpos<br><strong>Wikidata</strong>: <a href="https://wikidata.org/wiki/Q209682" target="_blank">https://wikidata.org/wiki/Q209682</a><br><strong>type</strong>: gulf<br><strong>passages</strong>: 10.37.3, 10.38.12, 10.38.9, 2.1.5, 2.12.2, 2.5.2, 7.1.1, 7.23.5, 7.25.11<br><strong>Pleiades</strong>: <a href="https://pleiades.stoa.org/places/570181" target="_blank">https://pleiades.stoa.org/places/570181</a><br><strong>ToposText</strong>: <a href="https://topostext.org/place/382226WCor" target="_blank">https://topostext.org/place/382226WCor</a>]]></description>
        <Point><coordinates>22.6,38.2</coordinates></Point>
      </Placemark>

      <Placemark>
        <name>City walls of Tiryns</name>
        <description><![CDATA[<strong>name</strong>: City walls of Tiryns<br><strong>region</strong>: Argolid Bk2<br><strong>part of</strong>: Tiryns<br><strong>location</strong>: Tiryns<br><strong>type</strong>: fortification<br><strong>passages</strong>: 2.16.5]]></description>
        <Point><coordinates>22.80004,37.59918</coordinates></Point>
      </Placemark>

      <Placemark>
        <name>Precinct of Asclepius in the city of Epidauros</name>
        <description><![CDATA[<strong>name</strong>: Precinct of Asclepius in the city of Epidauros<br><strong>region</strong>: Epidauria Bk2<br><strong>part of</strong>: Epidauros<br><strong>location</strong>: Epidauros<br><strong>type</strong>: temenos<br><strong>passages</strong>: 2.29.1]]></description>
        <Point><coordinates>23.1602,37.6335</coordinates></Point>
      </Placemark>

      <Placemark>
        <name>Tomb of Pittheus in Troizen</name>
        <description><![CDATA[<strong>name</strong>: Tomb of Pittheus in Troizen<br><strong>region</strong>: Troizenia Bk2<br><strong>part of</strong>: Troizen (Troizenia)<br><strong>location</strong>: Agora of Troizen<br><strong>altname</strong>: behind temple of Artemis Soteira in agora of Troizen<br><strong>Wikidata</strong>: <a href="https://wikidata.org/wiki/Q136487455" target="_blank">https://wikidata.org/wiki/Q136487455</a><br><strong>type</strong>: tomb mnema<br><strong>passages</strong>: 2.31.3<br><strong>Manto</strong>: <a href="https://resource.manto.unh.edu/10214793" target="_blank">https://resource.manto.unh.edu/10214793</a>]]></description>
        <Point><coordinates>23.3484,37.5033</coordinates></Point>
      </Placemark>

      <Placemark>
        <name>Colchis/Lazike</name>
        <description><![CDATA[<strong>name</strong>: Colchis/Lazike<br><strong>region</strong>: Pontus Euxinus<br><strong>part of</strong>: Pontus Euxinus<br><strong>Wikidata</strong>: <a href="https://wikidata.org/wiki/Q183150" target="_blank">https://wikidata.org/wiki/Q183150</a><br><strong>type</strong>: chora/region<br><strong>passages</strong>: 1.1.4, 1.18.1, 2.3.10, 8.4.10<br><strong>Pleiades</strong>: <a href="https://pleiades.stoa.org/places/863770" target="_blank">https://pleiades.stoa.org/places/863770</a>]]></description>
        <Point><coordinates>42.5,42.5</coordinates></Point>
      </Placemark>

      <Placemark>
        <name>Corinth (Corinthia)</name>
        <description><![CDATA[<strong>name</strong>: Corinth (Corinthia)<br><strong>region</strong>: Corinthia Bk2<br><strong>part of</strong>: Corinthia Bk2<br><strong>altname</strong>: Korinthos<br><strong>Wikidata</strong>: <a href="https://wikidata.org/wiki/Q1363688" target="_blank">https://wikidata.org/wiki/Q1363688</a><br><strong>type</strong>: polis<br><strong>passages</strong>: 1.27.10, 1.27.9, 1.29.11, 1.37.5, 1.39.4, 1.44.10, 1.44.6, 10.11.6, 10.5.3, 10.8.5, 10.9.10, 2.1.1, 2.1.2, 2.1.6, 2.15.1, 2.2.2, 2.2.4, 2.2.5, 2.2.6, 2.28.8, 2.3.1, 2.3.10, 2.3.11, 2.3.5, 2.3.7, 2.31.9, 2.4.3, 2.4.4, 2.4.6, 2.5.1, 2.5.5, 2.6.1, 2.7.2, 2.8.4, 2.8.5, 3.10.1, 3.5.7, 4.17.5, 5.10.5, 5.17.5, 6.2.2, 7.14.1, 7.14.2, 7.14.5, 7.15.10, 7.16.4, 7.16.7, 7.27.6, 7.6.7, 7.7.6, 7.8.1, 7.8.2, 9.26.2, 9.6.4, 9.9.4<br><strong>Pleiades</strong>: <a href="https://pleiades.stoa.org/places/570182" target="_blank">https://pleiades.stoa.org/places/570182</a><br><strong>ToposText</strong>: <a href="https://topostext.org/place/379229PKor" target="_blank">https://topostext.org/place/379229PKor</a>]]></description>
        <Point><coordinates>22.8802,37.9054</coordinates></Point>
      </Placemark>

      <Placemark>
        <name>Corinth (Corinthia)</name>
        <description><![CDATA[<strong>name</strong>: Corinth (Corinthia)<br><strong>region</strong>: Corinthia Bk2<br><strong>part of</strong>: Corinthia Bk2<br><strong>altname</strong>: Korinthos<br><strong>Wikidata</strong>: <a href="https://wikidata.org/wiki/Q1363688" target="_blank">https://wikidata.org/wiki/Q1363688</a><br><strong>type</strong>: polis<br><strong>passages</strong>: 1.27.10, 1.27.9, 1.29.11, 1.37.5, 1.39.4, 1.44.10, 1.44.6, 10.11.6, 10.5.3, 10.8.5, 10.9.10, 2.1.1, 2.1.2, 2.1.6, 2.15.1, 2.2.2, 2.2.4, 2.2.5, 2.2.6, 2.28.8, 2.3.1, 2.3.10, 2.3.11, 2.3.5, 2.3.7, 2.31.9, 2.4.3, 2.4.4, 2.4.6, 2.5.1, 2.5.5, 2.6.1, 2.7.2, 2.8.4, 2.8.5, 3.10.1, 3.5.7, 4.17.5, 5.10.5, 5.17.5, 6.2.2, 7.14.1, 7.14.2, 7.14.5, 7.15.10, 7.16.4, 7.16.7, 7.27.6, 7.6.7, 7.7.6, 7.8.1, 7.8.2, 9.26.2, 9.6.4, 9.9.4<br><strong>Pleiades</strong>: <a href="https://pleiades.stoa.org/places/570182" target="_blank">https://pleiades.stoa.org/places/570182</a><br><strong>ToposText</strong>: <a href="https://topostext.org/place/379229PKor" target="_blank">https://topostext.org/place/379229PKor</a>]]></description>
        <Point><coordinates>22.8802,37.9054</coordinates></Point>
      </Placemark>

      <Placemark>
        <name>Corinth (Corinthia)</name>
        <description><![CDATA[<strong>name</strong>: Corinth (Corinthia)<br><strong>region</strong>: Corinthia Bk2<br><strong>part of</strong>: Corinthia Bk2<br><strong>altname</strong>: Korinthos<br><strong>Wikidata</strong>: <a href="https://wikidata.org/wiki/Q1363688" target="_blank">https://wikidata.org/wiki/Q1363688</a><br><strong>type</strong>: polis<br><strong>passages</strong>: 1.27.10, 1.27.9, 1.29.11, 1.37.5, 1.39.4, 1.44.10, 1.44.6, 10.11.6, 10.5.3, 10.8.5, 10.9.10, 2.1.1, 2.1.2, 2.1.6, 2.15.1, 2.2.2, 2.2.4, 2.2.5, 2.2.6, 2.28.8, 2.3.1, 2.3.10, 2.3.11, 2.3.5, 2.3.7, 2.31.9, 2.4.3, 2.4.4, 2.4.6, 2.5.1, 2.5.5, 2.6.1, 2.7.2, 2.8.4, 2.8.5, 3.10.1, 3.5.7, 4.17.5, 5.10.5, 5.17.5, 6.2.2, 7.14.1, 7.14.2, 7.14.5, 7.15.10, 7.16.4, 7.16.7, 7.27.6, 7.6.7, 7.7.6, 7.8.1, 7.8.2, 9.26.2, 9.6.4, 9.9.4<br><strong>Pleiades</strong>: <a href="https://pleiades.stoa.org/places/570182" target="_blank">https://pleiades.stoa.org/places/570182</a><br><strong>ToposText</strong>: <a href="https://topostext.org/place/379229PKor" target="_blank">https://topostext.org/place/379229PKor</a>]]></description>
        <Point><coordinates>22.8802,37.9054</coordinates></Point>
      </Placemark>

      <Placemark>
        <name>Corinth (Corinthia)</name>
        <description><![CDATA[<strong>name</strong>: Corinth (Corinthia)<br><strong>region</strong>: Corinthia Bk2<br><strong>part of</strong>: Corinthia Bk2<br><strong>altname</strong>: Korinthos<br><strong>Wikidata</strong>: <a href="https://wikidata.org/wiki/Q1363688" target="_blank">https://wikidata.org/wiki/Q1363688</a><br><strong>type</strong>: polis<br><strong>passages</strong>: 1.27.10, 1.27.9, 1.29.11, 1.37.5, 1.39.4, 1.44.10, 1.44.6, 10.11.6, 10.5.3, 10.8.5, 10.9.10, 2.1.1, 2.1.2, 2.1.6, 2.15.1, 2.2.2, 2.2.4, 2.2.5, 2.2.6, 2.28.8, 2.3.1, 2.3.10, 2.3.11, 2.3.5, 2.3.7, 2.31.9, 2.4.3, 2.4.4, 2.4.6, 2.5.1, 2.5.5, 2.6.1, 2.7.2, 2.8.4, 2.8.5, 3.10.1, 3.5.7, 4.17.5, 5.10.5, 5.17.5, 6.2.2, 7.14.1, 7.14.2, 7.14.5, 7.15.10, 7.16.4, 7.16.7, 7.27.6, 7.6.7, 7.7.6, 7.8.1, 7.8.2, 9.26.2, 9.6.4, 9.9.4<br><strong>Pleiades</strong>: <a href="https://pleiades.stoa.org/places/570182" target="_blank">https://pleiades.stoa.org/places/570182</a><br><strong>ToposText</strong>: <a href="https://topostext.org/place/379229PKor" target="_blank">https://topostext.org/place/379229PKor</a>]]></description>
        <Point><coordinates>22.8802,37.9054</coordinates></Point>
      </Placemark>

      <Placemark>
        <name>Corinth (Corinthia)</name>
        <description><![CDATA[<strong>name</strong>: Corinth (Corinthia)<br><strong>region</strong>: Corinthia Bk2<br><strong>part of</strong>: Corinthia Bk2<br><strong>altname</strong>: Korinthos<br><strong>Wikidata</strong>: <a href="https://wikidata.org/wiki/Q1363688" target="_blank">https://wikidata.org/wiki/Q1363688</a><br><strong>type</strong>: polis<br><strong>passages</strong>: 1.27.10, 1.27.9, 1.29.11, 1.37.5, 1.39.4, 1.44.10, 1.44.6, 10.11.6, 10.5.3, 10.8.5, 10.9.10, 2.1.1, 2.1.2, 2.1.6, 2.15.1, 2.2.2, 2.2.4, 2.2.5, 2.2.6, 2.28.8, 2.3.1, 2.3.10, 2.3.11, 2.3.5, 2.3.7, 2.31.9, 2.4.3, 2.4.4, 2.4.6, 2.5.1, 2.5.5, 2.6.1, 2.7.2, 2.8.4, 2.8.5, 3.10.1, 3.5.7, 4.17.5, 5.10.5, 5.17.5, 6.2.2, 7.14.1, 7.14.2, 7.14.5, 7.15.10, 7.16.4, 7.16.7, 7.27.6, 7.6.7, 7.7.6, 7.8.1, 7.8.2, 9.26.2, 9.6.4, 9.9.4<br><strong>Pleiades</strong>: <a href="https://pleiades.stoa.org/places/570182" target="_blank">https://pleiades.stoa.org/places/570182</a><br><strong>ToposText</strong>: <a href="https://topostext.org/place/379229PKor" target="_blank">https://topostext.org/place/379229PKor</a>]]></description>
        <Point><coordinates>22.8802,37.9054</coordinates></Point>
      </Placemark>

      <Placemark>
        <name>Corinth (Corinthia)</name>
        <description><![CDATA[<strong>name</strong>: Corinth (Corinthia)<br><strong>region</strong>: Corinthia Bk2<br><strong>part of</strong>: Corinthia Bk2<br><strong>altname</strong>: Korinthos<br><strong>Wikidata</strong>: <a href="https://wikidata.org/wiki/Q1363688" target="_blank">https://wikidata.org/wiki/Q1363688</a><br><strong>type</strong>: polis<br><strong>passages</strong>: 1.27.10, 1.27.9, 1.29.11, 1.37.5, 1.39.4, 1.44.10, 1.44.6, 10.11.6, 10.5.3, 10.8.5, 10.9.10, 2.1.1, 2.1.2, 2.1.6, 2.15.1, 2.2.2, 2.2.4, 2.2.5, 2.2.6, 2.28.8, 2.3.1, 2.3.10, 2.3.11, 2.3.5, 2.3.7, 2.31.9, 2.4.3, 2.4.4, 2.4.6, 2.5.1, 2.5.5, 2.6.1, 2.7.2, 2.8.4, 2.8.5, 3.10.1, 3.5.7, 4.17.5, 5.10.5, 5.17.5, 6.2.2, 7.14.1, 7.14.2, 7.14.5, 7.15.10, 7.16.4, 7.16.7, 7.27.6, 7.6.7, 7.7.6, 7.8.1, 7.8.2, 9.26.2, 9.6.4, 9.9.4<br><strong>Pleiades</strong>: <a href="https://pleiades.stoa.org/places/570182" target="_blank">https://pleiades.stoa.org/places/570182</a><br><strong>ToposText</strong>: <a href="https://topostext.org/place/379229PKor" target="_blank">https://topostext.org/place/379229PKor</a>]]></description>
        <Point><coordinates>22.8802,37.9054</coordinates></Point>
      </Placemark>

      <Placemark>
        <name>Corinth (Corinthia)</name>
        <description><![CDATA[<strong>name</strong>: Corinth (Corinthia)<br><strong>region</strong>: Corinthia Bk2<br><strong>part of</strong>: Corinthia Bk2<br><strong>altname</strong>: Korinthos<br><strong>Wikidata</strong>: <a href="https://wikidata.org/wiki/Q1363688" target="_blank">https://wikidata.org/wiki/Q1363688</a><br><strong>type</strong>: polis<br><strong>passages</strong>: 1.27.10, 1.27.9, 1.29.11, 1.37.5, 1.39.4, 1.44.10, 1.44.6, 10.11.6, 10.5.3, 10.8.5, 10.9.10, 2.1.1, 2.1.2, 2.1.6, 2.15.1, 2.2.2, 2.2.4, 2.2.5, 2.2.6, 2.28.8, 2.3.1, 2.3.10, 2.3.11, 2.3.5, 2.3.7, 2.31.9, 2.4.3, 2.4.4, 2.4.6, 2.5.1, 2.5.5, 2.6.1, 2.7.2, 2.8.4, 2.8.5, 3.10.1, 3.5.7, 4.17.5, 5.10.5, 5.17.5, 6.2.2, 7.14.1, 7.14.2, 7.14.5, 7.15.10, 7.16.4, 7.16.7, 7.27.6, 7.6.7, 7.7.6, 7.8.1, 7.8.2, 9.26.2, 9.6.4, 9.9.4<br><strong>Pleiades</strong>: <a href="https://pleiades.stoa.org/places/570182" target="_blank">https://pleiades.stoa.org/places/570182</a><br><strong>ToposText</strong>: <a href="https://topostext.org/place/379229PKor" target="_blank">https://topostext.org/place/379229PKor</a>]]></description>
        <Point><coordinates>22.8802,37.9054</coordinates></Point>
      </Placemark>

      <Placemark>
        <name>Corinth (Corinthia)</name>
        <description><![CDATA[<strong>name</strong>: Corinth (Corinthia)<br><strong>region</strong>: Corinthia Bk2<br><strong>part of</strong>: Corinthia Bk2<br><strong>altname</strong>: Korinthos<br><strong>Wikidata</strong>: <a href="https://wikidata.org/wiki/Q1363688" target="_blank">https://wikidata.org/wiki/Q1363688</a><br><strong>type</strong>: polis<br><strong>passages</strong>: 1.27.10, 1.27.9, 1.29.11, 1.37.5, 1.39.4, 1.44.10, 1.44.6, 10.11.6, 10.5.3, 10.8.5, 10.9.10, 2.1.1, 2.1.2, 2.1.6, 2.15.1, 2.2.2, 2.2.4, 2.2.5, 2.2.6, 2.28.8, 2.3.1, 2.3.10, 2.3.11, 2.3.5, 2.3.7, 2.31.9, 2.4.3, 2.4.4, 2.4.6, 2.5.1, 2.5.5, 2.6.1, 2.7.2, 2.8.4, 2.8.5, 3.10.1, 3.5.7, 4.17.5, 5.10.5, 5.17.5, 6.2.2, 7.14.1, 7.14.2, 7.14.5, 7.15.10, 7.16.4, 7.16.7, 7.27.6, 7.6.7, 7.7.6, 7.8.1, 7.8.2, 9.26.2, 9.6.4, 9.9.4<br><strong>Pleiades</strong>: <a href="https://pleiades.stoa.org/places/570182" target="_blank">https://pleiades.stoa.org/places/570182</a><br><strong>ToposText</strong>: <a href="https://topostext.org/place/379229PKor" target="_blank">https://topostext.org/place/379229PKor</a>]]></description>
        <Point><coordinates>22.8802,37.9054</coordinates></Point>
      </Placemark>

      <Placemark>
        <name>Corinth (Corinthia)</name>
        <description><![CDATA[<strong>name</strong>: Corinth (Corinthia)<br><strong>region</strong>: Corinthia Bk2<br><strong>part of</strong>: Corinthia Bk2<br><strong>altname</strong>: Korinthos<br><strong>Wikidata</strong>: <a href="https://wikidata.org/wiki/Q1363688" target="_blank">https://wikidata.org/wiki/Q1363688</a><br><strong>type</strong>: polis<br><strong>passages</strong>: 1.27.10, 1.27.9, 1.29.11, 1.37.5, 1.39.4, 1.44.10, 1.44.6, 10.11.6, 10.5.3, 10.8.5, 10.9.10, 2.1.1, 2.1.2, 2.1.6, 2.15.1, 2.2.2, 2.2.4, 2.2.5, 2.2.6, 2.28.8, 2.3.1, 2.3.10, 2.3.11, 2.3.5, 2.3.7, 2.31.9, 2.4.3, 2.4.4, 2.4.6, 2.5.1, 2.5.5, 2.6.1, 2.7.2, 2.8.4, 2.8.5, 3.10.1, 3.5.7, 4.17.5, 5.10.5, 5.17.5, 6.2.2, 7.14.1, 7.14.2, 7.14.5, 7.15.10, 7.16.4, 7.16.7, 7.27.6, 7.6.7, 7.7.6, 7.8.1, 7.8.2, 9.26.2, 9.6.4, 9.9.4<br><strong>Pleiades</strong>: <a href="https://pleiades.stoa.org/places/570182" target="_blank">https://pleiades.stoa.org/places/570182</a><br><strong>ToposText</strong>: <a href="https://topostext.org/place/379229PKor" target="_blank">https://topostext.org/place/379229PKor</a>]]></description>
        <Point><coordinates>22.8802,37.9054</coordinates></Point>
      </Placemark>

      <Placemark>
        <name>Corinth (Corinthia)</name>
        <description><![CDATA[<strong>name</strong>: Corinth (Corinthia)<br><strong>region</strong>: Corinthia Bk2<br><strong>part of</strong>: Corinthia Bk2<br><strong>altname</strong>: Korinthos<br><strong>Wikidata</strong>: <a href="https://wikidata.org/wiki/Q1363688" target="_blank">https://wikidata.org/wiki/Q1363688</a><br><strong>type</strong>: polis<br><strong>passages</strong>: 1.27.10, 1.27.9, 1.29.11, 1.37.5, 1.39.4, 1.44.10, 1.44.6, 10.11.6, 10.5.3, 10.8.5, 10.9.10, 2.1.1, 2.1.2, 2.1.6, 2.15.1, 2.2.2, 2.2.4, 2.2.5, 2.2.6, 2.28.8, 2.3.1, 2.3.10, 2.3.11, 2.3.5, 2.3.7, 2.31.9, 2.4.3, 2.4.4, 2.4.6, 2.5.1, 2.5.5, 2.6.1, 2.7.2, 2.8.4, 2.8.5, 3.10.1, 3.5.7, 4.17.5, 5.10.5, 5.17.5, 6.2.2, 7.14.1, 7.14.2, 7.14.5, 7.15.10, 7.16.4, 7.16.7, 7.27.6, 7.6.7, 7.7.6, 7.8.1, 7.8.2, 9.26.2, 9.6.4, 9.9.4<br><strong>Pleiades</strong>: <a href="https://pleiades.stoa.org/places/570182" target="_blank">https://pleiades.stoa.org/places/570182</a><br><strong>ToposText</strong>: <a href="https://topostext.org/place/379229PKor" target="_blank">https://topostext.org/place/379229PKor</a>]]></description>
        <Point><coordinates>22.8802,37.9054</coordinates></Point>
      </Placemark>

      <Placemark>
        <name>Corinth (Corinthia)</name>
        <description><![CDATA[<strong>name</strong>: Corinth (Corinthia)<br><strong>region</strong>: Corinthia Bk2<br><strong>part of</strong>: Corinthia Bk2<br><strong>altname</strong>: Korinthos<br><strong>Wikidata</strong>: <a href="https://wikidata.org/wiki/Q1363688" target="_blank">https://wikidata.org/wiki/Q1363688</a><br><strong>type</strong>: polis<br><strong>passages</strong>: 1.27.10, 1.27.9, 1.29.11, 1.37.5, 1.39.4, 1.44.10, 1.44.6, 10.11.6, 10.5.3, 10.8.5, 10.9.10, 2.1.1, 2.1.2, 2.1.6, 2.15.1, 2.2.2, 2.2.4, 2.2.5, 2.2.6, 2.28.8, 2.3.1, 2.3.10, 2.3.11, 2.3.5, 2.3.7, 2.31.9, 2.4.3, 2.4.4, 2.4.6, 2.5.1, 2.5.5, 2.6.1, 2.7.2, 2.8.4, 2.8.5, 3.10.1, 3.5.7, 4.17.5, 5.10.5, 5.17.5, 6.2.2, 7.14.1, 7.14.2, 7.14.5, 7.15.10, 7.16.4, 7.16.7, 7.27.6, 7.6.7, 7.7.6, 7.8.1, 7.8.2, 9.26.2, 9.6.4, 9.9.4<br><strong>Pleiades</strong>: <a href="https://pleiades.stoa.org/places/570182" target="_blank">https://pleiades.stoa.org/places/570182</a><br><strong>ToposText</strong>: <a href="https://topostext.org/place/379229PKor" target="_blank">https://topostext.org/place/379229PKor</a>]]></description>
        <Point><coordinates>22.8802,37.9054</coordinates></Point>
      </Placemark>

      <Placemark>
        <name>Corinth (Corinthia)</name>
        <description><![CDATA[<strong>name</strong>: Corinth (Corinthia)<br><strong>region</strong>: Corinthia Bk2<br><strong>part of</strong>: Corinthia Bk2<br><strong>altname</strong>: Korinthos<br><strong>Wikidata</strong>: <a href="https://wikidata.org/wiki/Q1363688" target="_blank">https://wikidata.org/wiki/Q1363688</a><br><strong>type</strong>: polis<br><strong>passages</strong>: 1.27.10, 1.27.9, 1.29.11, 1.37.5, 1.39.4, 1.44.10, 1.44.6, 10.11.6, 10.5.3, 10.8.5, 10.9.10, 2.1.1, 2.1.2, 2.1.6, 2.15.1, 2.2.2, 2.2.4, 2.2.5, 2.2.6, 2.28.8, 2.3.1, 2.3.10, 2.3.11, 2.3.5, 2.3.7, 2.31.9, 2.4.3, 2.4.4, 2.4.6, 2.5.1, 2.5.5, 2.6.1, 2.7.2, 2.8.4, 2.8.5, 3.10.1, 3.5.7, 4.17.5, 5.10.5, 5.17.5, 6.2.2, 7.14.1, 7.14.2, 7.14.5, 7.15.10, 7.16.4, 7.16.7, 7.27.6, 7.6.7, 7.7.6, 7.8.1, 7.8.2, 9.26.2, 9.6.4, 9.9.4<br><strong>Pleiades</strong>: <a href="https://pleiades.stoa.org/places/570182" target="_blank">https://pleiades.stoa.org/places/570182</a><br><strong>ToposText</strong>: <a href="https://topostext.org/place/379229PKor" target="_blank">https://topostext.org/place/379229PKor</a>]]></description>
        <Point><coordinates>22.8802,37.9054</coordinates></Point>
      </Placemark>

      <Placemark>
        <name>Corinth (Corinthia)</name>
        <description><![CDATA[<strong>name</strong>: Corinth (Corinthia)<br><strong>region</strong>: Corinthia Bk2<br><strong>part of</strong>: Corinthia Bk2<br><strong>altname</strong>: Korinthos<br><strong>Wikidata</strong>: <a href="https://wikidata.org/wiki/Q1363688" target="_blank">https://wikidata.org/wiki/Q1363688</a><br><strong>type</strong>: polis<br><strong>passages</strong>: 1.27.10, 1.27.9, 1.29.11, 1.37.5, 1.39.4, 1.44.10, 1.44.6, 10.11.6, 10.5.3, 10.8.5, 10.9.10, 2.1.1, 2.1.2, 2.1.6, 2.15.1, 2.2.2, 2.2.4, 2.2.5, 2.2.6, 2.28.8, 2.3.1, 2.3.10, 2.3.11, 2.3.5, 2.3.7, 2.31.9, 2.4.3, 2.4.4, 2.4.6, 2.5.1, 2.5.5, 2.6.1, 2.7.2, 2.8.4, 2.8.5, 3.10.1, 3.5.7, 4.17.5, 5.10.5, 5.17.5, 6.2.2, 7.14.1, 7.14.2, 7.14.5, 7.15.10, 7.16.4, 7.16.7, 7.27.6, 7.6.7, 7.7.6, 7.8.1, 7.8.2, 9.26.2, 9.6.4, 9.9.4<br><strong>Pleiades</strong>: <a href="https://pleiades.stoa.org/places/570182" target="_blank">https://pleiades.stoa.org/places/570182</a><br><strong>ToposText</strong>: <a href="https://topostext.org/place/379229PKor" target="_blank">https://topostext.org/place/379229PKor</a>]]></description>
        <Point><coordinates>22.8802,37.9054</coordinates></Point>
      </Placemark>

      <Placemark>
        <name>Corinth (Corinthia)</name>
        <description><![CDATA[<strong>name</strong>: Corinth (Corinthia)<br><strong>region</strong>: Corinthia Bk2<br><strong>part of</strong>: Corinthia Bk2<br><strong>altname</strong>: Korinthos<br><strong>Wikidata</strong>: <a href="https://wikidata.org/wiki/Q1363688" target="_blank">https://wikidata.org/wiki/Q1363688</a><br><strong>type</strong>: polis<br><strong>passages</strong>: 1.27.10, 1.27.9, 1.29.11, 1.37.5, 1.39.4, 1.44.10, 1.44.6, 10.11.6, 10.5.3, 10.8.5, 10.9.10, 2.1.1, 2.1.2, 2.1.6, 2.15.1, 2.2.2, 2.2.4, 2.2.5, 2.2.6, 2.28.8, 2.3.1, 2.3.10, 2.3.11, 2.3.5, 2.3.7, 2.31.9, 2.4.3, 2.4.4, 2.4.6, 2.5.1, 2.5.5, 2.6.1, 2.7.2, 2.8.4, 2.8.5, 3.10.1, 3.5.7, 4.17.5, 5.10.5, 5.17.5, 6.2.2, 7.14.1, 7.14.2, 7.14.5, 7.15.10, 7.16.4, 7.16.7, 7.27.6, 7.6.7, 7.7.6, 7.8.1, 7.8.2, 9.26.2, 9.6.4, 9.9.4<br><strong>Pleiades</strong>: <a href="https://pleiades.stoa.org/places/570182" target="_blank">https://pleiades.stoa.org/places/570182</a><br><strong>ToposText</strong>: <a href="https://topostext.org/place/379229PKor" target="_blank">https://topostext.org/place/379229PKor</a>]]></description>
        <Point><coordinates>22.8802,37.9054</coordinates></Point>
      </Placemark>

      <Placemark>
        <name>Corinth (Corinthia)</name>
        <description><![CDATA[<strong>name</strong>: Corinth (Corinthia)<br><strong>region</strong>: Corinthia Bk2<br><strong>part of</strong>: Corinthia Bk2<br><strong>altname</strong>: Korinthos<br><strong>Wikidata</strong>: <a href="https://wikidata.org/wiki/Q1363688" target="_blank">https://wikidata.org/wiki/Q1363688</a><br><strong>type</strong>: polis<br><strong>passages</strong>: 1.27.10, 1.27.9, 1.29.11, 1.37.5, 1.39.4, 1.44.10, 1.44.6, 10.11.6, 10.5.3, 10.8.5, 10.9.10, 2.1.1, 2.1.2, 2.1.6, 2.15.1, 2.2.2, 2.2.4, 2.2.5, 2.2.6, 2.28.8, 2.3.1, 2.3.10, 2.3.11, 2.3.5, 2.3.7, 2.31.9, 2.4.3, 2.4.4, 2.4.6, 2.5.1, 2.5.5, 2.6.1, 2.7.2, 2.8.4, 2.8.5, 3.10.1, 3.5.7, 4.17.5, 5.10.5, 5.17.5, 6.2.2, 7.14.1, 7.14.2, 7.14.5, 7.15.10, 7.16.4, 7.16.7, 7.27.6, 7.6.7, 7.7.6, 7.8.1, 7.8.2, 9.26.2, 9.6.4, 9.9.4<br><strong>Pleiades</strong>: <a href="https://pleiades.stoa.org/places/570182" target="_blank">https://pleiades.stoa.org/places/570182</a><br><strong>ToposText</strong>: <a href="https://topostext.org/place/379229PKor" target="_blank">https://topostext.org/place/379229PKor</a>]]></description>
        <Point><coordinates>22.8802,37.9054</coordinates></Point>
      </Placemark>

      <Placemark>
        <name>Corinth (Corinthia)</name>
        <description><![CDATA[<strong>name</strong>: Corinth (Corinthia)<br><strong>region</strong>: Corinthia Bk2<br><strong>part of</strong>: Corinthia Bk2<br><strong>altname</strong>: Korinthos<br><strong>Wikidata</strong>: <a href="https://wikidata.org/wiki/Q1363688" target="_blank">https://wikidata.org/wiki/Q1363688</a><br><strong>type</strong>: polis<br><strong>passages</strong>: 1.27.10, 1.27.9, 1.29.11, 1.37.5, 1.39.4, 1.44.10, 1.44.6, 10.11.6, 10.5.3, 10.8.5, 10.9.10, 2.1.1, 2.1.2, 2.1.6, 2.15.1, 2.2.2, 2.2.4, 2.2.5, 2.2.6, 2.28.8, 2.3.1, 2.3.10, 2.3.11, 2.3.5, 2.3.7, 2.31.9, 2.4.3, 2.4.4, 2.4.6, 2.5.1, 2.5.5, 2.6.1, 2.7.2, 2.8.4, 2.8.5, 3.10.1, 3.5.7, 4.17.5, 5.10.5, 5.17.5, 6.2.2, 7.14.1, 7.14.2, 7.14.5, 7.15.10, 7.16.4, 7.16.7, 7.27.6, 7.6.7, 7.7.6, 7.8.1, 7.8.2, 9.26.2, 9.6.4, 9.9.4<br><strong>Pleiades</strong>: <a href="https://pleiades.stoa.org/places/570182" target="_blank">https://pleiades.stoa.org/places/570182</a><br><strong>ToposText</strong>: <a href="https://topostext.org/place/379229PKor" target="_blank">https://topostext.org/place/379229PKor</a>]]></description>
        <Point><coordinates>22.8802,37.9054</coordinates></Point>
      </Placemark>

      <Placemark>
        <name>Corinth (Corinthia)</name>
        <description><![CDATA[<strong>name</strong>: Corinth (Corinthia)<br><strong>region</strong>: Corinthia Bk2<br><strong>part of</strong>: Corinthia Bk2<br><strong>altname</strong>: Korinthos<br><strong>Wikidata</strong>: <a href="https://wikidata.org/wiki/Q1363688" target="_blank">https://wikidata.org/wiki/Q1363688</a><br><strong>type</strong>: polis<br><strong>passages</strong>: 1.27.10, 1.27.9, 1.29.11, 1.37.5, 1.39.4, 1.44.10, 1.44.6, 10.11.6, 10.5.3, 10.8.5, 10.9.10, 2.1.1, 2.1.2, 2.1.6, 2.15.1, 2.2.2, 2.2.4, 2.2.5, 2.2.6, 2.28.8, 2.3.1, 2.3.10, 2.3.11, 2.3.5, 2.3.7, 2.31.9, 2.4.3, 2.4.4, 2.4.6, 2.5.1, 2.5.5, 2.6.1, 2.7.2, 2.8.4, 2.8.5, 3.10.1, 3.5.7, 4.17.5, 5.10.5, 5.17.5, 6.2.2, 7.14.1, 7.14.2, 7.14.5, 7.15.10, 7.16.4, 7.16.7, 7.27.6, 7.6.7, 7.7.6, 7.8.1, 7.8.2, 9.26.2, 9.6.4, 9.9.4<br><strong>Pleiades</strong>: <a href="https://pleiades.stoa.org/places/570182" target="_blank">https://pleiades.stoa.org/places/570182</a><br><strong>ToposText</strong>: <a href="https://topostext.org/place/379229PKor" target="_blank">https://topostext.org/place/379229PKor</a>]]></description>
        <Point><coordinates>22.8802,37.9054</coordinates></Point>
      </Placemark>

      <Placemark>
        <name>Corinth (Corinthia)</name>
        <description><![CDATA[<strong>name</strong>: Corinth (Corinthia)<br><strong>region</strong>: Corinthia Bk2<br><strong>part of</strong>: Corinthia Bk2<br><strong>altname</strong>: Korinthos<br><strong>Wikidata</strong>: <a href="https://wikidata.org/wiki/Q1363688" target="_blank">https://wikidata.org/wiki/Q1363688</a><br><strong>type</strong>: polis<br><strong>passages</strong>: 1.27.10, 1.27.9, 1.29.11, 1.37.5, 1.39.4, 1.44.10, 1.44.6, 10.11.6, 10.5.3, 10.8.5, 10.9.10, 2.1.1, 2.1.2, 2.1.6, 2.15.1, 2.2.2, 2.2.4, 2.2.5, 2.2.6, 2.28.8, 2.3.1, 2.3.10, 2.3.11, 2.3.5, 2.3.7, 2.31.9, 2.4.3, 2.4.4, 2.4.6, 2.5.1, 2.5.5, 2.6.1, 2.7.2, 2.8.4, 2.8.5, 3.10.1, 3.5.7, 4.17.5, 5.10.5, 5.17.5, 6.2.2, 7.14.1, 7.14.2, 7.14.5, 7.15.10, 7.16.4, 7.16.7, 7.27.6, 7.6.7, 7.7.6, 7.8.1, 7.8.2, 9.26.2, 9.6.4, 9.9.4<br><strong>Pleiades</strong>: <a href="https://pleiades.stoa.org/places/570182" target="_blank">https://pleiades.stoa.org/places/570182</a><br><strong>ToposText</strong>: <a href="https://topostext.org/place/379229PKor" target="_blank">https://topostext.org/place/379229PKor</a>]]></description>
        <Point><coordinates>22.8802,37.9054</coordinates></Point>
      </Placemark>

      <Placemark>
        <name>Corinth (Corinthia)</name>
        <description><![CDATA[<strong>name</strong>: Corinth (Corinthia)<br><strong>region</strong>: Corinthia Bk2<br><strong>part of</strong>: Corinthia Bk2<br><strong>altname</strong>: Korinthos<br><strong>Wikidata</strong>: <a href="https://wikidata.org/wiki/Q1363688" target="_blank">https://wikidata.org/wiki/Q1363688</a><br><strong>type</strong>: polis<br><strong>passages</strong>: 1.27.10, 1.27.9, 1.29.11, 1.37.5, 1.39.4, 1.44.10, 1.44.6, 10.11.6, 10.5.3, 10.8.5, 10.9.10, 2.1.1, 2.1.2, 2.1.6, 2.15.1, 2.2.2, 2.2.4, 2.2.5, 2.2.6, 2.28.8, 2.3.1, 2.3.10, 2.3.11, 2.3.5, 2.3.7, 2.31.9, 2.4.3, 2.4.4, 2.4.6, 2.5.1, 2.5.5, 2.6.1, 2.7.2, 2.8.4, 2.8.5, 3.10.1, 3.5.7, 4.17.5, 5.10.5, 5.17.5, 6.2.2, 7.14.1, 7.14.2, 7.14.5, 7.15.10, 7.16.4, 7.16.7, 7.27.6, 7.6.7, 7.7.6, 7.8.1, 7.8.2, 9.26.2, 9.6.4, 9.9.4<br><strong>Pleiades</strong>: <a href="https://pleiades.stoa.org/places/570182" target="_blank">https://pleiades.stoa.org/places/570182</a><br><strong>ToposText</strong>: <a href="https://topostext.org/place/379229PKor" target="_blank">https://topostext.org/place/379229PKor</a>]]></description>
        <Point><coordinates>22.8802,37.9054</coordinates></Point>
      </Placemark>

      <Placemark>
        <name>Corinth (Corinthia)</name>
        <description><![CDATA[<strong>name</strong>: Corinth (Corinthia)<br><strong>region</strong>: Corinthia Bk2<br><strong>part of</strong>: Corinthia Bk2<br><strong>altname</strong>: Korinthos<br><strong>Wikidata</strong>: <a href="https://wikidata.org/wiki/Q1363688" target="_blank">https://wikidata.org/wiki/Q1363688</a><br><strong>type</strong>: polis<br><strong>passages</strong>: 1.27.10, 1.27.9, 1.29.11, 1.37.5, 1.39.4, 1.44.10, 1.44.6, 10.11.6, 10.5.3, 10.8.5, 10.9.10, 2.1.1, 2.1.2, 2.1.6, 2.15.1, 2.2.2, 2.2.4, 2.2.5, 2.2.6, 2.28.8, 2.3.1, 2.3.10, 2.3.11, 2.3.5, 2.3.7, 2.31.9, 2.4.3, 2.4.4, 2.4.6, 2.5.1, 2.5.5, 2.6.1, 2.7.2, 2.8.4, 2.8.5, 3.10.1, 3.5.7, 4.17.5, 5.10.5, 5.17.5, 6.2.2, 7.14.1, 7.14.2, 7.14.5, 7.15.10, 7.16.4, 7.16.7, 7.27.6, 7.6.7, 7.7.6, 7.8.1, 7.8.2, 9.26.2, 9.6.4, 9.9.4<br><strong>Pleiades</strong>: <a href="https://pleiades.stoa.org/places/570182" target="_blank">https://pleiades.stoa.org/places/570182</a><br><strong>ToposText</strong>: <a href="https://topostext.org/place/379229PKor" target="_blank">https://topostext.org/place/379229PKor</a>]]></description>
        <Point><coordinates>22.8802,37.9054</coordinates></Point>
      </Placemark>

      <Placemark>
        <name>Corinth (Corinthia)</name>
        <description><![CDATA[<strong>name</strong>: Corinth (Corinthia)<br><strong>region</strong>: Corinthia Bk2<br><strong>part of</strong>: Corinthia Bk2<br><strong>altname</strong>: Korinthos<br><strong>Wikidata</strong>: <a href="https://wikidata.org/wiki/Q1363688" target="_blank">https://wikidata.org/wiki/Q1363688</a><br><strong>type</strong>: polis<br><strong>passages</strong>: 1.27.10, 1.27.9, 1.29.11, 1.37.5, 1.39.4, 1.44.10, 1.44.6, 10.11.6, 10.5.3, 10.8.5, 10.9.10, 2.1.1, 2.1.2, 2.1.6, 2.15.1, 2.2.2, 2.2.4, 2.2.5, 2.2.6, 2.28.8, 2.3.1, 2.3.10, 2.3.11, 2.3.5, 2.3.7, 2.31.9, 2.4.3, 2.4.4, 2.4.6, 2.5.1, 2.5.5, 2.6.1, 2.7.2, 2.8.4, 2.8.5, 3.10.1, 3.5.7, 4.17.5, 5.10.5, 5.17.5, 6.2.2, 7.14.1, 7.14.2, 7.14.5, 7.15.10, 7.16.4, 7.16.7, 7.27.6, 7.6.7, 7.7.6, 7.8.1, 7.8.2, 9.26.2, 9.6.4, 9.9.4<br><strong>Pleiades</strong>: <a href="https://pleiades.stoa.org/places/570182" target="_blank">https://pleiades.stoa.org/places/570182</a><br><strong>ToposText</strong>: <a href="https://topostext.org/place/379229PKor" target="_blank">https://topostext.org/place/379229PKor</a>]]></description>
        <Point><coordinates>22.8802,37.9054</coordinates></Point>
      </Placemark>

      <Placemark>
        <name>Corinth (Corinthia)</name>
        <description><![CDATA[<strong>name</strong>: Corinth (Corinthia)<br><strong>region</strong>: Corinthia Bk2<br><strong>part of</strong>: Corinthia Bk2<br><strong>altname</strong>: Korinthos<br><strong>Wikidata</strong>: <a href="https://wikidata.org/wiki/Q1363688" target="_blank">https://wikidata.org/wiki/Q1363688</a><br><strong>type</strong>: polis<br><strong>passages</strong>: 1.27.10, 1.27.9, 1.29.11, 1.37.5, 1.39.4, 1.44.10, 1.44.6, 10.11.6, 10.5.3, 10.8.5, 10.9.10, 2.1.1, 2.1.2, 2.1.6, 2.15.1, 2.2.2, 2.2.4, 2.2.5, 2.2.6, 2.28.8, 2.3.1, 2.3.10, 2.3.11, 2.3.5, 2.3.7, 2.31.9, 2.4.3, 2.4.4, 2.4.6, 2.5.1, 2.5.5, 2.6.1, 2.7.2, 2.8.4, 2.8.5, 3.10.1, 3.5.7, 4.17.5, 5.10.5, 5.17.5, 6.2.2, 7.14.1, 7.14.2, 7.14.5, 7.15.10, 7.16.4, 7.16.7, 7.27.6, 7.6.7, 7.7.6, 7.8.1, 7.8.2, 9.26.2, 9.6.4, 9.9.4<br><strong>Pleiades</strong>: <a href="https://pleiades.stoa.org/places/570182" target="_blank">https://pleiades.stoa.org/places/570182</a><br><strong>ToposText</strong>: <a href="https://topostext.org/place/379229PKor" target="_blank">https://topostext.org/place/379229PKor</a>]]></description>
        <Point><coordinates>22.8802,37.9054</coordinates></Point>
      </Placemark>

      <Placemark>
        <name>Corinth (Corinthia)</name>
        <description><![CDATA[<strong>name</strong>: Corinth (Corinthia)<br><strong>region</strong>: Corinthia Bk2<br><strong>part of</strong>: Corinthia Bk2<br><strong>altname</strong>: Korinthos<br><strong>Wikidata</strong>: <a href="https://wikidata.org/wiki/Q1363688" target="_blank">https://wikidata.org/wiki/Q1363688</a><br><strong>type</strong>: polis<br><strong>passages</strong>: 1.27.10, 1.27.9, 1.29.11, 1.37.5, 1.39.4, 1.44.10, 1.44.6, 10.11.6, 10.5.3, 10.8.5, 10.9.10, 2.1.1, 2.1.2, 2.1.6, 2.15.1, 2.2.2, 2.2.4, 2.2.5, 2.2.6, 2.28.8, 2.3.1, 2.3.10, 2.3.11, 2.3.5, 2.3.7, 2.31.9, 2.4.3, 2.4.4, 2.4.6, 2.5.1, 2.5.5, 2.6.1, 2.7.2, 2.8.4, 2.8.5, 3.10.1, 3.5.7, 4.17.5, 5.10.5, 5.17.5, 6.2.2, 7.14.1, 7.14.2, 7.14.5, 7.15.10, 7.16.4, 7.16.7, 7.27.6, 7.6.7, 7.7.6, 7.8.1, 7.8.2, 9.26.2, 9.6.4, 9.9.4<br><strong>Pleiades</strong>: <a href="https://pleiades.stoa.org/places/570182" target="_blank">https://pleiades.stoa.org/places/570182</a><br><strong>ToposText</strong>: <a href="https://topostext.org/place/379229PKor" target="_blank">https://topostext.org/place/379229PKor</a>]]></description>
        <Point><coordinates>22.8802,37.9054</coordinates></Point>
      </Placemark>

      <Placemark>
        <name>Corinth (Corinthia)</name>
        <description><![CDATA[<strong>name</strong>: Corinth (Corinthia)<br><strong>region</strong>: Corinthia Bk2<br><strong>part of</strong>: Corinthia Bk2<br><strong>altname</strong>: Korinthos<br><strong>Wikidata</strong>: <a href="https://wikidata.org/wiki/Q1363688" target="_blank">https://wikidata.org/wiki/Q1363688</a><br><strong>type</strong>: polis<br><strong>passages</strong>: 1.27.10, 1.27.9, 1.29.11, 1.37.5, 1.39.4, 1.44.10, 1.44.6, 10.11.6, 10.5.3, 10.8.5, 10.9.10, 2.1.1, 2.1.2, 2.1.6, 2.15.1, 2.2.2, 2.2.4, 2.2.5, 2.2.6, 2.28.8, 2.3.1, 2.3.10, 2.3.11, 2.3.5, 2.3.7, 2.31.9, 2.4.3, 2.4.4, 2.4.6, 2.5.1, 2.5.5, 2.6.1, 2.7.2, 2.8.4, 2.8.5, 3.10.1, 3.5.7, 4.17.5, 5.10.5, 5.17.5, 6.2.2, 7.14.1, 7.14.2, 7.14.5, 7.15.10, 7.16.4, 7.16.7, 7.27.6, 7.6.7, 7.7.6, 7.8.1, 7.8.2, 9.26.2, 9.6.4, 9.9.4<br><strong>Pleiades</strong>: <a href="https://pleiades.stoa.org/places/570182" target="_blank">https://pleiades.stoa.org/places/570182</a><br><strong>ToposText</strong>: <a href="https://topostext.org/place/379229PKor" target="_blank">https://topostext.org/place/379229PKor</a>]]></description>
        <Point><coordinates>22.8802,37.9054</coordinates></Point>
      </Placemark>

      <Placemark>
        <name>Sanctuary of Athena Saitis atop Pontinos</name>
        <description><![CDATA[<strong>name</strong>: Sanctuary of Athena Saitis atop Pontinos<br><strong>region</strong>: Argolid Bk2<br><strong>part of</strong>: Pontinos hill (Argolid)<br><strong>location</strong>: Pontinos hill (Argolid)<br><strong>Wikidata</strong>: <a href="https://wikidata.org/wiki/Q134040012" target="_blank">https://wikidata.org/wiki/Q134040012</a><br><strong>type</strong>: hieron<br><strong>passages</strong>: 2.36.8<br><strong>Pleiades</strong>: <a href="https://pleiades.stoa.org/places/275941309" target="_blank">https://pleiades.stoa.org/places/275941309</a>]]></description>
        <Point><coordinates>22.6973,37.55</coordinates></Point>
      </Placemark>

      <Placemark>
        <name>Spring Adrasteia in Nemea</name>
        <description><![CDATA[<strong>name</strong>: Spring Adrasteia in Nemea<br><strong>region</strong>: Argolid Bk2<br><strong>part of</strong>: Sanctuary of Nemean Zeus, Nemea<br><strong>location</strong>: Sanctuary of Nemean Zeus, Nemea<br><strong>type</strong>: spring pege<br><strong>passages</strong>: 2.15.3<br><strong>Manto</strong>: <a href="https://resource.manto.unh.edu/10159402" target="_blank">https://resource.manto.unh.edu/10159402</a>]]></description>
        <Point><coordinates>22.7108,37.8085</coordinates></Point>
      </Placemark>

      <Placemark>
        <name>Marathon deme</name>
        <description><![CDATA[<strong>name</strong>: Marathon deme<br><strong>region</strong>: Attica Bk1<br><strong>part of</strong>: Attica Bk1<br><strong>Wikidata</strong>: <a href="https://wikidata.org/wiki/Q13423602" target="_blank">https://wikidata.org/wiki/Q13423602</a><br><strong>type</strong>: chora/region, demos<br><strong>passages</strong>: 1.14.5, 1.17.6, 1.27.10, 1.28.2, 1.28.4, 1.29.4, 1.32.3, 1.32.4, 1.33.1, 1.33.2, 2.1.1, 2.29.4, 4.25.5, 5.11.6, 7.15.7, 9.1.3, 9.32.9, 9.4.1, 9.4.2<br><strong>Pleiades</strong>: <a href="https://pleiades.stoa.org/places/580021" target="_blank">https://pleiades.stoa.org/places/580021</a>]]></description>
        <Point><coordinates>23.970146000000003,38.1465515</coordinates></Point>
      </Placemark>

      <Placemark>
        <name>Marathon deme</name>
        <description><![CDATA[<strong>name</strong>: Marathon deme<br><strong>region</strong>: Attica Bk1<br><strong>part of</strong>: Attica Bk1<br><strong>Wikidata</strong>: <a href="https://wikidata.org/wiki/Q13423602" target="_blank">https://wikidata.org/wiki/Q13423602</a><br><strong>type</strong>: chora/region, demos<br><strong>passages</strong>: 1.14.5, 1.17.6, 1.27.10, 1.28.2, 1.28.4, 1.29.4, 1.32.3, 1.32.4, 1.33.1, 1.33.2, 2.1.1, 2.29.4, 4.25.5, 5.11.6, 7.15.7, 9.1.3, 9.32.9, 9.4.1, 9.4.2<br><strong>Pleiades</strong>: <a href="https://pleiades.stoa.org/places/580021" target="_blank">https://pleiades.stoa.org/places/580021</a>]]></description>
        <Point><coordinates>23.970146000000003,38.1465515</coordinates></Point>
      </Placemark>

      <Placemark>
        <name>Peribolos of Aphodite at Sicyon</name>
        <description><![CDATA[<strong>name</strong>: Peribolos of Aphodite at Sicyon<br><strong>region</strong>: Sikyonia Bk2<br><strong>part of</strong>: Sicyon (Sikyonia)<br><strong>location</strong>: Sicyon (Sikyonia)<br><strong>type</strong>: enclosure<br><strong>passages</strong>: 2.10.4]]></description>
        <Point><coordinates>22.7145,37.9834</coordinates></Point>
      </Placemark>

      <Placemark>
        <name>Agora of Phlious</name>
        <description><![CDATA[<strong>name</strong>: Agora of Phlious<br><strong>region</strong>: Phlious Bk2<br><strong>part of</strong>: Phlious Bk2<br><strong>location</strong>: Phlious Bk2<br><strong>Wikidata</strong>: <a href="https://wikidata.org/wiki/Q133963378" target="_blank">https://wikidata.org/wiki/Q133963378</a><br><strong>type</strong>: agora<br><strong>passages</strong>: 2.13.6]]></description>
        <Point><coordinates>22.649131,37.846299</coordinates></Point>
      </Placemark>

      <Placemark>
        <name>Gorge into which the Asterion river disappears, beyond the Argive Heraion</name>
        <description><![CDATA[<strong>name</strong>: Gorge into which the Asterion river disappears, beyond the Argive Heraion<br><strong>region</strong>: Argolid Bk2<br><strong>part of</strong>: Asterion river (Argolid)<br><strong>type</strong>: ravine<br><strong>passages</strong>: 2.17.2]]></description>
        <Point><coordinates>22.819,37.698</coordinates></Point>
      </Placemark>

      <Placemark>
        <name>Alkyonia lake, bottomless</name>
        <description><![CDATA[<strong>name</strong>: Alkyonia lake, bottomless<br><strong>region</strong>: Argolid Bk2<br><strong>part of</strong>: Lerna (Argolid)<br><strong>location</strong>: Lerna (Argolid)<br><strong>altname</strong>: 1/3 stade in circumference<br><strong>Wikidata</strong>: <a href="https://wikidata.org/wiki/Q115769195" target="_blank">https://wikidata.org/wiki/Q115769195</a><br><strong>type</strong>: lake<br><strong>passages</strong>: 2.37.5, 2.37.6<br><strong>Pleiades</strong>: <a href="https://pleiades.stoa.org/places/573074" target="_blank">https://pleiades.stoa.org/places/573074</a>]]></description>
        <Point><coordinates>22.7182,37.5511</coordinates></Point>
      </Placemark>

      <Placemark>
        <name>Alkyonia lake, bottomless</name>
        <description><![CDATA[<strong>name</strong>: Alkyonia lake, bottomless<br><strong>region</strong>: Argolid Bk2<br><strong>part of</strong>: Lerna (Argolid)<br><strong>location</strong>: Lerna (Argolid)<br><strong>altname</strong>: 1/3 stade in circumference<br><strong>Wikidata</strong>: <a href="https://wikidata.org/wiki/Q115769195" target="_blank">https://wikidata.org/wiki/Q115769195</a><br><strong>type</strong>: lake<br><strong>passages</strong>: 2.37.5, 2.37.6<br><strong>Pleiades</strong>: <a href="https://pleiades.stoa.org/places/573074" target="_blank">https://pleiades.stoa.org/places/573074</a>]]></description>
        <Point><coordinates>22.7182,37.5511</coordinates></Point>
      </Placemark>

      <Placemark>
        <name>Orneai (Argolid)</name>
        <description><![CDATA[<strong>name</strong>: Orneai (Argolid)<br><strong>region</strong>: Argolid Bk2<br><strong>part of</strong>: Argolid Bk2<br><strong>altname</strong>: city 60 stades from Lyrkeia, probably different from Orneai near Sicyonia<br><strong>Wikidata</strong>: <a href="https://wikidata.org/wiki/Q7103538" target="_blank">https://wikidata.org/wiki/Q7103538</a><br><strong>type</strong>: polis<br><strong>passages</strong>: 10.18.5, 2.25.5, 2.25.6, 8.27.1<br><strong>Pleiades</strong>: <a href="https://pleiades.stoa.org/places/570537" target="_blank">https://pleiades.stoa.org/places/570537</a><br><strong>ToposText</strong>: <a href="https://topostext.org/place/377225POrn" target="_blank">https://topostext.org/place/377225POrn</a>]]></description>
        <Point><coordinates>22.55716,37.71428</coordinates></Point>
      </Placemark>

      <Placemark>
        <name>Orneai (Argolid)</name>
        <description><![CDATA[<strong>name</strong>: Orneai (Argolid)<br><strong>region</strong>: Argolid Bk2<br><strong>part of</strong>: Argolid Bk2<br><strong>altname</strong>: city 60 stades from Lyrkeia, probably different from Orneai near Sicyonia<br><strong>Wikidata</strong>: <a href="https://wikidata.org/wiki/Q7103538" target="_blank">https://wikidata.org/wiki/Q7103538</a><br><strong>type</strong>: polis<br><strong>passages</strong>: 10.18.5, 2.25.5, 2.25.6, 8.27.1<br><strong>Pleiades</strong>: <a href="https://pleiades.stoa.org/places/570537" target="_blank">https://pleiades.stoa.org/places/570537</a><br><strong>ToposText</strong>: <a href="https://topostext.org/place/377225POrn" target="_blank">https://topostext.org/place/377225POrn</a>]]></description>
        <Point><coordinates>22.55716,37.71428</coordinates></Point>
      </Placemark>

      <Placemark>
        <name>Aristonautai</name>
        <description><![CDATA[<strong>name</strong>: Aristonautai<br><strong>region</strong>: Sikyonia Bk2<br><strong>part of</strong>: Sikyonia Bk2<br><strong>Wikidata</strong>: <a href="https://wikidata.org/wiki/Q16326973" target="_blank">https://wikidata.org/wiki/Q16326973</a><br><strong>type</strong>: port epineion<br><strong>passages</strong>: 2.12.2, 7.26.14<br><strong>Pleiades</strong>: <a href="https://pleiades.stoa.org/places/570109" target="_blank">https://pleiades.stoa.org/places/570109</a>]]></description>
        <Point><coordinates>22.635738,38.076814</coordinates></Point>
      </Placemark>

      <Placemark>
        <name>springs of Erasinos below Mt. Chaon, Argolid</name>
        <description><![CDATA[<strong>name</strong>: springs of Erasinos below Mt. Chaon, Argolid<br><strong>region</strong>: Argolid Bk2<br><strong>part of</strong>: Argolid Bk2<br><strong>type</strong>: spring pege<br><strong>passages</strong>: 2.24.6]]></description>
        <Point><coordinates>22.6879,37.5961</coordinates></Point>
      </Placemark>

      <Placemark>
        <name>Aigion (Achaia)</name>
        <description><![CDATA[<strong>name</strong>: Aigion (Achaia)<br><strong>region</strong>: Achaia Bk7<br><strong>part of</strong>: Achaia Bk7<br><strong>Wikidata</strong>: <a href="https://wikidata.org/wiki/Q60790078" target="_blank">https://wikidata.org/wiki/Q60790078</a><br><strong>type</strong>: polis<br><strong>passages</strong>: 2.9.4, 3.21.1, 7.22.10, 7.23.4, 7.23.5, 7.23.9, 7.24.1, 7.24.2, 7.24.4, 7.24.5, 7.6.1, 7.7.2<br><strong>Pleiades</strong>: <a href="https://pleiades.stoa.org/places/570049" target="_blank">https://pleiades.stoa.org/places/570049</a><br><strong>ToposText</strong>: <a href="https://topostext.org/place/383221PAig" target="_blank">https://topostext.org/place/383221PAig</a>]]></description>
        <Point><coordinates>22.09,38.252</coordinates></Point>
      </Placemark>

      <Placemark>
        <name>Kaphereus (promontory)</name>
        <description><![CDATA[<strong>name</strong>: Kaphereus (promontory)<br><strong>region</strong>: Euboea (island)<br><strong>part of</strong>: Euboea (island)<br><strong>Wikidata</strong>: <a href="https://wikidata.org/wiki/Q1982478" target="_blank">https://wikidata.org/wiki/Q1982478</a><br><strong>type</strong>: cape<br><strong>passages</strong>: 2.23.1, 4.36.6<br><strong>Pleiades</strong>: <a href="https://pleiades.stoa.org/places/540852" target="_blank">https://pleiades.stoa.org/places/540852</a>]]></description>
        <Point><coordinates>24.58816,38.15888</coordinates></Point>
      </Placemark>

      <Placemark>
        <name>Temple of Aphrodite in Aigina, in the port</name>
        <description><![CDATA[<strong>name</strong>: Temple of Aphrodite in Aigina, in the port<br><strong>region</strong>: Aigina island Bk2<br><strong>part of</strong>: Aigina polity<br><strong>location</strong>: Aigina polity<br><strong>type</strong>: temple<br><strong>passages</strong>: 2.29.6]]></description>
        <Point><coordinates>23.42372,37.74991</coordinates></Point>
      </Placemark>

      <Placemark>
        <name>Argos (Argolid)</name>
        <description><![CDATA[<strong>name</strong>: Argos (Argolid)<br><strong>region</strong>: Argolid Bk2<br><strong>part of</strong>: Argolid Bk2<br><strong>Wikidata</strong>: <a href="https://wikidata.org/wiki/Q13533353" target="_blank">https://wikidata.org/wiki/Q13533353</a><br><strong>type</strong>: polis<br><strong>passages</strong>: 1.13.7, 1.13.8, 1.14.2, 1.25.4, 1.27.10, 1.33.1, 1.41.1, 1.43.7, 1.43.8, 10.10.5, 10.35.1, 10.8.5, 2.13.1, 2.15.1, 2.15.2, 2.15.4, 2.16.1, 2.16.2, 2.16.3, 2.18.1, 2.18.5, 2.18.7, 2.18.8, 2.19.3, 2.20.4, 2.20.5, 2.20.8, 2.21.7, 2.22.4, 2.22.6, 2.22.8, 2.23.1, 2.23.5, 2.24.5, 2.25.1, 2.25.2, 2.25.5, 2.25.7, 2.25.8, 2.28.4, 2.30.10, 2.34.4, 2.34.5, 2.35.2, 2.36.6, 2.38.1, 2.4.2, 2.6.6, 2.8.6, 3.1.4, 3.1.5, 3.9.1, 4.1.1, 4.1.2, 4.10.6, 4.12.3, 4.14.1, 4.14.8, 4.15.7, 4.17.5, 4.3.3, 4.35.2, 4.8.8, 6.13.7, 6.2.2, 6.9.3, 7.1.5, 7.1.6, 7.1.7, 7.14.1, 7.17.1, 7.20.8, 7.23.10, 7.4.4, 7.6.3, 8.24.8, 8.27.1, 8.5.7, 8.54.5, 9.25.1, 9.36.6, 9.36.7, 9.5.12<br><strong>Pleiades</strong>: <a href="https://pleiades.stoa.org/places/570106" target="_blank">https://pleiades.stoa.org/places/570106</a><br><strong>ToposText</strong>: <a href="https://topostext.org/place/376227PArg" target="_blank">https://topostext.org/place/376227PArg</a>]]></description>
        <Point><coordinates>22.7195,37.6316</coordinates></Point>
      </Placemark>

      <Placemark>
        <name>Argos (Argolid)</name>
        <description><![CDATA[<strong>name</strong>: Argos (Argolid)<br><strong>region</strong>: Argolid Bk2<br><strong>part of</strong>: Argolid Bk2<br><strong>Wikidata</strong>: <a href="https://wikidata.org/wiki/Q13533353" target="_blank">https://wikidata.org/wiki/Q13533353</a><br><strong>type</strong>: polis<br><strong>passages</strong>: 1.13.7, 1.13.8, 1.14.2, 1.25.4, 1.27.10, 1.33.1, 1.41.1, 1.43.7, 1.43.8, 10.10.5, 10.35.1, 10.8.5, 2.13.1, 2.15.1, 2.15.2, 2.15.4, 2.16.1, 2.16.2, 2.16.3, 2.18.1, 2.18.5, 2.18.7, 2.18.8, 2.19.3, 2.20.4, 2.20.5, 2.20.8, 2.21.7, 2.22.4, 2.22.6, 2.22.8, 2.23.1, 2.23.5, 2.24.5, 2.25.1, 2.25.2, 2.25.5, 2.25.7, 2.25.8, 2.28.4, 2.30.10, 2.34.4, 2.34.5, 2.35.2, 2.36.6, 2.38.1, 2.4.2, 2.6.6, 2.8.6, 3.1.4, 3.1.5, 3.9.1, 4.1.1, 4.1.2, 4.10.6, 4.12.3, 4.14.1, 4.14.8, 4.15.7, 4.17.5, 4.3.3, 4.35.2, 4.8.8, 6.13.7, 6.2.2, 6.9.3, 7.1.5, 7.1.6, 7.1.7, 7.14.1, 7.17.1, 7.20.8, 7.23.10, 7.4.4, 7.6.3, 8.24.8, 8.27.1, 8.5.7, 8.54.5, 9.25.1, 9.36.6, 9.36.7, 9.5.12<br><strong>Pleiades</strong>: <a href="https://pleiades.stoa.org/places/570106" target="_blank">https://pleiades.stoa.org/places/570106</a><br><strong>ToposText</strong>: <a href="https://topostext.org/place/376227PArg" target="_blank">https://topostext.org/place/376227PArg</a>]]></description>
        <Point><coordinates>22.7195,37.6316</coordinates></Point>
      </Placemark>

      <Placemark>
        <name>Argos (Argolid)</name>
        <description><![CDATA[<strong>name</strong>: Argos (Argolid)<br><strong>region</strong>: Argolid Bk2<br><strong>part of</strong>: Argolid Bk2<br><strong>Wikidata</strong>: <a href="https://wikidata.org/wiki/Q13533353" target="_blank">https://wikidata.org/wiki/Q13533353</a><br><strong>type</strong>: polis<br><strong>passages</strong>: 1.13.7, 1.13.8, 1.14.2, 1.25.4, 1.27.10, 1.33.1, 1.41.1, 1.43.7, 1.43.8, 10.10.5, 10.35.1, 10.8.5, 2.13.1, 2.15.1, 2.15.2, 2.15.4, 2.16.1, 2.16.2, 2.16.3, 2.18.1, 2.18.5, 2.18.7, 2.18.8, 2.19.3, 2.20.4, 2.20.5, 2.20.8, 2.21.7, 2.22.4, 2.22.6, 2.22.8, 2.23.1, 2.23.5, 2.24.5, 2.25.1, 2.25.2, 2.25.5, 2.25.7, 2.25.8, 2.28.4, 2.30.10, 2.34.4, 2.34.5, 2.35.2, 2.36.6, 2.38.1, 2.4.2, 2.6.6, 2.8.6, 3.1.4, 3.1.5, 3.9.1, 4.1.1, 4.1.2, 4.10.6, 4.12.3, 4.14.1, 4.14.8, 4.15.7, 4.17.5, 4.3.3, 4.35.2, 4.8.8, 6.13.7, 6.2.2, 6.9.3, 7.1.5, 7.1.6, 7.1.7, 7.14.1, 7.17.1, 7.20.8, 7.23.10, 7.4.4, 7.6.3, 8.24.8, 8.27.1, 8.5.7, 8.54.5, 9.25.1, 9.36.6, 9.36.7, 9.5.12<br><strong>Pleiades</strong>: <a href="https://pleiades.stoa.org/places/570106" target="_blank">https://pleiades.stoa.org/places/570106</a><br><strong>ToposText</strong>: <a href="https://topostext.org/place/376227PArg" target="_blank">https://topostext.org/place/376227PArg</a>]]></description>
        <Point><coordinates>22.7195,37.6316</coordinates></Point>
      </Placemark>

      <Placemark>
        <name>Argos (Argolid)</name>
        <description><![CDATA[<strong>name</strong>: Argos (Argolid)<br><strong>region</strong>: Argolid Bk2<br><strong>part of</strong>: Argolid Bk2<br><strong>Wikidata</strong>: <a href="https://wikidata.org/wiki/Q13533353" target="_blank">https://wikidata.org/wiki/Q13533353</a><br><strong>type</strong>: polis<br><strong>passages</strong>: 1.13.7, 1.13.8, 1.14.2, 1.25.4, 1.27.10, 1.33.1, 1.41.1, 1.43.7, 1.43.8, 10.10.5, 10.35.1, 10.8.5, 2.13.1, 2.15.1, 2.15.2, 2.15.4, 2.16.1, 2.16.2, 2.16.3, 2.18.1, 2.18.5, 2.18.7, 2.18.8, 2.19.3, 2.20.4, 2.20.5, 2.20.8, 2.21.7, 2.22.4, 2.22.6, 2.22.8, 2.23.1, 2.23.5, 2.24.5, 2.25.1, 2.25.2, 2.25.5, 2.25.7, 2.25.8, 2.28.4, 2.30.10, 2.34.4, 2.34.5, 2.35.2, 2.36.6, 2.38.1, 2.4.2, 2.6.6, 2.8.6, 3.1.4, 3.1.5, 3.9.1, 4.1.1, 4.1.2, 4.10.6, 4.12.3, 4.14.1, 4.14.8, 4.15.7, 4.17.5, 4.3.3, 4.35.2, 4.8.8, 6.13.7, 6.2.2, 6.9.3, 7.1.5, 7.1.6, 7.1.7, 7.14.1, 7.17.1, 7.20.8, 7.23.10, 7.4.4, 7.6.3, 8.24.8, 8.27.1, 8.5.7, 8.54.5, 9.25.1, 9.36.6, 9.36.7, 9.5.12<br><strong>Pleiades</strong>: <a href="https://pleiades.stoa.org/places/570106" target="_blank">https://pleiades.stoa.org/places/570106</a><br><strong>ToposText</strong>: <a href="https://topostext.org/place/376227PArg" target="_blank">https://topostext.org/place/376227PArg</a>]]></description>
        <Point><coordinates>22.7195,37.6316</coordinates></Point>
      </Placemark>

      <Placemark>
        <name>Argos (Argolid)</name>
        <description><![CDATA[<strong>name</strong>: Argos (Argolid)<br><strong>region</strong>: Argolid Bk2<br><strong>part of</strong>: Argolid Bk2<br><strong>Wikidata</strong>: <a href="https://wikidata.org/wiki/Q13533353" target="_blank">https://wikidata.org/wiki/Q13533353</a><br><strong>type</strong>: polis<br><strong>passages</strong>: 1.13.7, 1.13.8, 1.14.2, 1.25.4, 1.27.10, 1.33.1, 1.41.1, 1.43.7, 1.43.8, 10.10.5, 10.35.1, 10.8.5, 2.13.1, 2.15.1, 2.15.2, 2.15.4, 2.16.1, 2.16.2, 2.16.3, 2.18.1, 2.18.5, 2.18.7, 2.18.8, 2.19.3, 2.20.4, 2.20.5, 2.20.8, 2.21.7, 2.22.4, 2.22.6, 2.22.8, 2.23.1, 2.23.5, 2.24.5, 2.25.1, 2.25.2, 2.25.5, 2.25.7, 2.25.8, 2.28.4, 2.30.10, 2.34.4, 2.34.5, 2.35.2, 2.36.6, 2.38.1, 2.4.2, 2.6.6, 2.8.6, 3.1.4, 3.1.5, 3.9.1, 4.1.1, 4.1.2, 4.10.6, 4.12.3, 4.14.1, 4.14.8, 4.15.7, 4.17.5, 4.3.3, 4.35.2, 4.8.8, 6.13.7, 6.2.2, 6.9.3, 7.1.5, 7.1.6, 7.1.7, 7.14.1, 7.17.1, 7.20.8, 7.23.10, 7.4.4, 7.6.3, 8.24.8, 8.27.1, 8.5.7, 8.54.5, 9.25.1, 9.36.6, 9.36.7, 9.5.12<br><strong>Pleiades</strong>: <a href="https://pleiades.stoa.org/places/570106" target="_blank">https://pleiades.stoa.org/places/570106</a><br><strong>ToposText</strong>: <a href="https://topostext.org/place/376227PArg" target="_blank">https://topostext.org/place/376227PArg</a>]]></description>
        <Point><coordinates>22.7195,37.6316</coordinates></Point>
      </Placemark>

      <Placemark>
        <name>Argos (Argolid)</name>
        <description><![CDATA[<strong>name</strong>: Argos (Argolid)<br><strong>region</strong>: Argolid Bk2<br><strong>part of</strong>: Argolid Bk2<br><strong>Wikidata</strong>: <a href="https://wikidata.org/wiki/Q13533353" target="_blank">https://wikidata.org/wiki/Q13533353</a><br><strong>type</strong>: polis<br><strong>passages</strong>: 1.13.7, 1.13.8, 1.14.2, 1.25.4, 1.27.10, 1.33.1, 1.41.1, 1.43.7, 1.43.8, 10.10.5, 10.35.1, 10.8.5, 2.13.1, 2.15.1, 2.15.2, 2.15.4, 2.16.1, 2.16.2, 2.16.3, 2.18.1, 2.18.5, 2.18.7, 2.18.8, 2.19.3, 2.20.4, 2.20.5, 2.20.8, 2.21.7, 2.22.4, 2.22.6, 2.22.8, 2.23.1, 2.23.5, 2.24.5, 2.25.1, 2.25.2, 2.25.5, 2.25.7, 2.25.8, 2.28.4, 2.30.10, 2.34.4, 2.34.5, 2.35.2, 2.36.6, 2.38.1, 2.4.2, 2.6.6, 2.8.6, 3.1.4, 3.1.5, 3.9.1, 4.1.1, 4.1.2, 4.10.6, 4.12.3, 4.14.1, 4.14.8, 4.15.7, 4.17.5, 4.3.3, 4.35.2, 4.8.8, 6.13.7, 6.2.2, 6.9.3, 7.1.5, 7.1.6, 7.1.7, 7.14.1, 7.17.1, 7.20.8, 7.23.10, 7.4.4, 7.6.3, 8.24.8, 8.27.1, 8.5.7, 8.54.5, 9.25.1, 9.36.6, 9.36.7, 9.5.12<br><strong>Pleiades</strong>: <a href="https://pleiades.stoa.org/places/570106" target="_blank">https://pleiades.stoa.org/places/570106</a><br><strong>ToposText</strong>: <a href="https://topostext.org/place/376227PArg" target="_blank">https://topostext.org/place/376227PArg</a>]]></description>
        <Point><coordinates>22.7195,37.6316</coordinates></Point>
      </Placemark>

      <Placemark>
        <name>Argos (Argolid)</name>
        <description><![CDATA[<strong>name</strong>: Argos (Argolid)<br><strong>region</strong>: Argolid Bk2<br><strong>part of</strong>: Argolid Bk2<br><strong>Wikidata</strong>: <a href="https://wikidata.org/wiki/Q13533353" target="_blank">https://wikidata.org/wiki/Q13533353</a><br><strong>type</strong>: polis<br><strong>passages</strong>: 1.13.7, 1.13.8, 1.14.2, 1.25.4, 1.27.10, 1.33.1, 1.41.1, 1.43.7, 1.43.8, 10.10.5, 10.35.1, 10.8.5, 2.13.1, 2.15.1, 2.15.2, 2.15.4, 2.16.1, 2.16.2, 2.16.3, 2.18.1, 2.18.5, 2.18.7, 2.18.8, 2.19.3, 2.20.4, 2.20.5, 2.20.8, 2.21.7, 2.22.4, 2.22.6, 2.22.8, 2.23.1, 2.23.5, 2.24.5, 2.25.1, 2.25.2, 2.25.5, 2.25.7, 2.25.8, 2.28.4, 2.30.10, 2.34.4, 2.34.5, 2.35.2, 2.36.6, 2.38.1, 2.4.2, 2.6.6, 2.8.6, 3.1.4, 3.1.5, 3.9.1, 4.1.1, 4.1.2, 4.10.6, 4.12.3, 4.14.1, 4.14.8, 4.15.7, 4.17.5, 4.3.3, 4.35.2, 4.8.8, 6.13.7, 6.2.2, 6.9.3, 7.1.5, 7.1.6, 7.1.7, 7.14.1, 7.17.1, 7.20.8, 7.23.10, 7.4.4, 7.6.3, 8.24.8, 8.27.1, 8.5.7, 8.54.5, 9.25.1, 9.36.6, 9.36.7, 9.5.12<br><strong>Pleiades</strong>: <a href="https://pleiades.stoa.org/places/570106" target="_blank">https://pleiades.stoa.org/places/570106</a><br><strong>ToposText</strong>: <a href="https://topostext.org/place/376227PArg" target="_blank">https://topostext.org/place/376227PArg</a>]]></description>
        <Point><coordinates>22.7195,37.6316</coordinates></Point>
      </Placemark>

      <Placemark>
        <name>Argos (Argolid)</name>
        <description><![CDATA[<strong>name</strong>: Argos (Argolid)<br><strong>region</strong>: Argolid Bk2<br><strong>part of</strong>: Argolid Bk2<br><strong>Wikidata</strong>: <a href="https://wikidata.org/wiki/Q13533353" target="_blank">https://wikidata.org/wiki/Q13533353</a><br><strong>type</strong>: polis<br><strong>passages</strong>: 1.13.7, 1.13.8, 1.14.2, 1.25.4, 1.27.10, 1.33.1, 1.41.1, 1.43.7, 1.43.8, 10.10.5, 10.35.1, 10.8.5, 2.13.1, 2.15.1, 2.15.2, 2.15.4, 2.16.1, 2.16.2, 2.16.3, 2.18.1, 2.18.5, 2.18.7, 2.18.8, 2.19.3, 2.20.4, 2.20.5, 2.20.8, 2.21.7, 2.22.4, 2.22.6, 2.22.8, 2.23.1, 2.23.5, 2.24.5, 2.25.1, 2.25.2, 2.25.5, 2.25.7, 2.25.8, 2.28.4, 2.30.10, 2.34.4, 2.34.5, 2.35.2, 2.36.6, 2.38.1, 2.4.2, 2.6.6, 2.8.6, 3.1.4, 3.1.5, 3.9.1, 4.1.1, 4.1.2, 4.10.6, 4.12.3, 4.14.1, 4.14.8, 4.15.7, 4.17.5, 4.3.3, 4.35.2, 4.8.8, 6.13.7, 6.2.2, 6.9.3, 7.1.5, 7.1.6, 7.1.7, 7.14.1, 7.17.1, 7.20.8, 7.23.10, 7.4.4, 7.6.3, 8.24.8, 8.27.1, 8.5.7, 8.54.5, 9.25.1, 9.36.6, 9.36.7, 9.5.12<br><strong>Pleiades</strong>: <a href="https://pleiades.stoa.org/places/570106" target="_blank">https://pleiades.stoa.org/places/570106</a><br><strong>ToposText</strong>: <a href="https://topostext.org/place/376227PArg" target="_blank">https://topostext.org/place/376227PArg</a>]]></description>
        <Point><coordinates>22.7195,37.6316</coordinates></Point>
      </Placemark>

      <Placemark>
        <name>Argos (Argolid)</name>
        <description><![CDATA[<strong>name</strong>: Argos (Argolid)<br><strong>region</strong>: Argolid Bk2<br><strong>part of</strong>: Argolid Bk2<br><strong>Wikidata</strong>: <a href="https://wikidata.org/wiki/Q13533353" target="_blank">https://wikidata.org/wiki/Q13533353</a><br><strong>type</strong>: polis<br><strong>passages</strong>: 1.13.7, 1.13.8, 1.14.2, 1.25.4, 1.27.10, 1.33.1, 1.41.1, 1.43.7, 1.43.8, 10.10.5, 10.35.1, 10.8.5, 2.13.1, 2.15.1, 2.15.2, 2.15.4, 2.16.1, 2.16.2, 2.16.3, 2.18.1, 2.18.5, 2.18.7, 2.18.8, 2.19.3, 2.20.4, 2.20.5, 2.20.8, 2.21.7, 2.22.4, 2.22.6, 2.22.8, 2.23.1, 2.23.5, 2.24.5, 2.25.1, 2.25.2, 2.25.5, 2.25.7, 2.25.8, 2.28.4, 2.30.10, 2.34.4, 2.34.5, 2.35.2, 2.36.6, 2.38.1, 2.4.2, 2.6.6, 2.8.6, 3.1.4, 3.1.5, 3.9.1, 4.1.1, 4.1.2, 4.10.6, 4.12.3, 4.14.1, 4.14.8, 4.15.7, 4.17.5, 4.3.3, 4.35.2, 4.8.8, 6.13.7, 6.2.2, 6.9.3, 7.1.5, 7.1.6, 7.1.7, 7.14.1, 7.17.1, 7.20.8, 7.23.10, 7.4.4, 7.6.3, 8.24.8, 8.27.1, 8.5.7, 8.54.5, 9.25.1, 9.36.6, 9.36.7, 9.5.12<br><strong>Pleiades</strong>: <a href="https://pleiades.stoa.org/places/570106" target="_blank">https://pleiades.stoa.org/places/570106</a><br><strong>ToposText</strong>: <a href="https://topostext.org/place/376227PArg" target="_blank">https://topostext.org/place/376227PArg</a>]]></description>
        <Point><coordinates>22.7195,37.6316</coordinates></Point>
      </Placemark>

      <Placemark>
        <name>Argos (Argolid)</name>
        <description><![CDATA[<strong>name</strong>: Argos (Argolid)<br><strong>region</strong>: Argolid Bk2<br><strong>part of</strong>: Argolid Bk2<br><strong>Wikidata</strong>: <a href="https://wikidata.org/wiki/Q13533353" target="_blank">https://wikidata.org/wiki/Q13533353</a><br><strong>type</strong>: polis<br><strong>passages</strong>: 1.13.7, 1.13.8, 1.14.2, 1.25.4, 1.27.10, 1.33.1, 1.41.1, 1.43.7, 1.43.8, 10.10.5, 10.35.1, 10.8.5, 2.13.1, 2.15.1, 2.15.2, 2.15.4, 2.16.1, 2.16.2, 2.16.3, 2.18.1, 2.18.5, 2.18.7, 2.18.8, 2.19.3, 2.20.4, 2.20.5, 2.20.8, 2.21.7, 2.22.4, 2.22.6, 2.22.8, 2.23.1, 2.23.5, 2.24.5, 2.25.1, 2.25.2, 2.25.5, 2.25.7, 2.25.8, 2.28.4, 2.30.10, 2.34.4, 2.34.5, 2.35.2, 2.36.6, 2.38.1, 2.4.2, 2.6.6, 2.8.6, 3.1.4, 3.1.5, 3.9.1, 4.1.1, 4.1.2, 4.10.6, 4.12.3, 4.14.1, 4.14.8, 4.15.7, 4.17.5, 4.3.3, 4.35.2, 4.8.8, 6.13.7, 6.2.2, 6.9.3, 7.1.5, 7.1.6, 7.1.7, 7.14.1, 7.17.1, 7.20.8, 7.23.10, 7.4.4, 7.6.3, 8.24.8, 8.27.1, 8.5.7, 8.54.5, 9.25.1, 9.36.6, 9.36.7, 9.5.12<br><strong>Pleiades</strong>: <a href="https://pleiades.stoa.org/places/570106" target="_blank">https://pleiades.stoa.org/places/570106</a><br><strong>ToposText</strong>: <a href="https://topostext.org/place/376227PArg" target="_blank">https://topostext.org/place/376227PArg</a>]]></description>
        <Point><coordinates>22.7195,37.6316</coordinates></Point>
      </Placemark>

      <Placemark>
        <name>Argos (Argolid)</name>
        <description><![CDATA[<strong>name</strong>: Argos (Argolid)<br><strong>region</strong>: Argolid Bk2<br><strong>part of</strong>: Argolid Bk2<br><strong>Wikidata</strong>: <a href="https://wikidata.org/wiki/Q13533353" target="_blank">https://wikidata.org/wiki/Q13533353</a><br><strong>type</strong>: polis<br><strong>passages</strong>: 1.13.7, 1.13.8, 1.14.2, 1.25.4, 1.27.10, 1.33.1, 1.41.1, 1.43.7, 1.43.8, 10.10.5, 10.35.1, 10.8.5, 2.13.1, 2.15.1, 2.15.2, 2.15.4, 2.16.1, 2.16.2, 2.16.3, 2.18.1, 2.18.5, 2.18.7, 2.18.8, 2.19.3, 2.20.4, 2.20.5, 2.20.8, 2.21.7, 2.22.4, 2.22.6, 2.22.8, 2.23.1, 2.23.5, 2.24.5, 2.25.1, 2.25.2, 2.25.5, 2.25.7, 2.25.8, 2.28.4, 2.30.10, 2.34.4, 2.34.5, 2.35.2, 2.36.6, 2.38.1, 2.4.2, 2.6.6, 2.8.6, 3.1.4, 3.1.5, 3.9.1, 4.1.1, 4.1.2, 4.10.6, 4.12.3, 4.14.1, 4.14.8, 4.15.7, 4.17.5, 4.3.3, 4.35.2, 4.8.8, 6.13.7, 6.2.2, 6.9.3, 7.1.5, 7.1.6, 7.1.7, 7.14.1, 7.17.1, 7.20.8, 7.23.10, 7.4.4, 7.6.3, 8.24.8, 8.27.1, 8.5.7, 8.54.5, 9.25.1, 9.36.6, 9.36.7, 9.5.12<br><strong>Pleiades</strong>: <a href="https://pleiades.stoa.org/places/570106" target="_blank">https://pleiades.stoa.org/places/570106</a><br><strong>ToposText</strong>: <a href="https://topostext.org/place/376227PArg" target="_blank">https://topostext.org/place/376227PArg</a>]]></description>
        <Point><coordinates>22.7195,37.6316</coordinates></Point>
      </Placemark>

      <Placemark>
        <name>Argos (Argolid)</name>
        <description><![CDATA[<strong>name</strong>: Argos (Argolid)<br><strong>region</strong>: Argolid Bk2<br><strong>part of</strong>: Argolid Bk2<br><strong>Wikidata</strong>: <a href="https://wikidata.org/wiki/Q13533353" target="_blank">https://wikidata.org/wiki/Q13533353</a><br><strong>type</strong>: polis<br><strong>passages</strong>: 1.13.7, 1.13.8, 1.14.2, 1.25.4, 1.27.10, 1.33.1, 1.41.1, 1.43.7, 1.43.8, 10.10.5, 10.35.1, 10.8.5, 2.13.1, 2.15.1, 2.15.2, 2.15.4, 2.16.1, 2.16.2, 2.16.3, 2.18.1, 2.18.5, 2.18.7, 2.18.8, 2.19.3, 2.20.4, 2.20.5, 2.20.8, 2.21.7, 2.22.4, 2.22.6, 2.22.8, 2.23.1, 2.23.5, 2.24.5, 2.25.1, 2.25.2, 2.25.5, 2.25.7, 2.25.8, 2.28.4, 2.30.10, 2.34.4, 2.34.5, 2.35.2, 2.36.6, 2.38.1, 2.4.2, 2.6.6, 2.8.6, 3.1.4, 3.1.5, 3.9.1, 4.1.1, 4.1.2, 4.10.6, 4.12.3, 4.14.1, 4.14.8, 4.15.7, 4.17.5, 4.3.3, 4.35.2, 4.8.8, 6.13.7, 6.2.2, 6.9.3, 7.1.5, 7.1.6, 7.1.7, 7.14.1, 7.17.1, 7.20.8, 7.23.10, 7.4.4, 7.6.3, 8.24.8, 8.27.1, 8.5.7, 8.54.5, 9.25.1, 9.36.6, 9.36.7, 9.5.12<br><strong>Pleiades</strong>: <a href="https://pleiades.stoa.org/places/570106" target="_blank">https://pleiades.stoa.org/places/570106</a><br><strong>ToposText</strong>: <a href="https://topostext.org/place/376227PArg" target="_blank">https://topostext.org/place/376227PArg</a>]]></description>
        <Point><coordinates>22.7195,37.6316</coordinates></Point>
      </Placemark>

      <Placemark>
        <name>Argos (Argolid)</name>
        <description><![CDATA[<strong>name</strong>: Argos (Argolid)<br><strong>region</strong>: Argolid Bk2<br><strong>part of</strong>: Argolid Bk2<br><strong>Wikidata</strong>: <a href="https://wikidata.org/wiki/Q13533353" target="_blank">https://wikidata.org/wiki/Q13533353</a><br><strong>type</strong>: polis<br><strong>passages</strong>: 1.13.7, 1.13.8, 1.14.2, 1.25.4, 1.27.10, 1.33.1, 1.41.1, 1.43.7, 1.43.8, 10.10.5, 10.35.1, 10.8.5, 2.13.1, 2.15.1, 2.15.2, 2.15.4, 2.16.1, 2.16.2, 2.16.3, 2.18.1, 2.18.5, 2.18.7, 2.18.8, 2.19.3, 2.20.4, 2.20.5, 2.20.8, 2.21.7, 2.22.4, 2.22.6, 2.22.8, 2.23.1, 2.23.5, 2.24.5, 2.25.1, 2.25.2, 2.25.5, 2.25.7, 2.25.8, 2.28.4, 2.30.10, 2.34.4, 2.34.5, 2.35.2, 2.36.6, 2.38.1, 2.4.2, 2.6.6, 2.8.6, 3.1.4, 3.1.5, 3.9.1, 4.1.1, 4.1.2, 4.10.6, 4.12.3, 4.14.1, 4.14.8, 4.15.7, 4.17.5, 4.3.3, 4.35.2, 4.8.8, 6.13.7, 6.2.2, 6.9.3, 7.1.5, 7.1.6, 7.1.7, 7.14.1, 7.17.1, 7.20.8, 7.23.10, 7.4.4, 7.6.3, 8.24.8, 8.27.1, 8.5.7, 8.54.5, 9.25.1, 9.36.6, 9.36.7, 9.5.12<br><strong>Pleiades</strong>: <a href="https://pleiades.stoa.org/places/570106" target="_blank">https://pleiades.stoa.org/places/570106</a><br><strong>ToposText</strong>: <a href="https://topostext.org/place/376227PArg" target="_blank">https://topostext.org/place/376227PArg</a>]]></description>
        <Point><coordinates>22.7195,37.6316</coordinates></Point>
      </Placemark>

      <Placemark>
        <name>Argos (Argolid)</name>
        <description><![CDATA[<strong>name</strong>: Argos (Argolid)<br><strong>region</strong>: Argolid Bk2<br><strong>part of</strong>: Argolid Bk2<br><strong>Wikidata</strong>: <a href="https://wikidata.org/wiki/Q13533353" target="_blank">https://wikidata.org/wiki/Q13533353</a><br><strong>type</strong>: polis<br><strong>passages</strong>: 1.13.7, 1.13.8, 1.14.2, 1.25.4, 1.27.10, 1.33.1, 1.41.1, 1.43.7, 1.43.8, 10.10.5, 10.35.1, 10.8.5, 2.13.1, 2.15.1, 2.15.2, 2.15.4, 2.16.1, 2.16.2, 2.16.3, 2.18.1, 2.18.5, 2.18.7, 2.18.8, 2.19.3, 2.20.4, 2.20.5, 2.20.8, 2.21.7, 2.22.4, 2.22.6, 2.22.8, 2.23.1, 2.23.5, 2.24.5, 2.25.1, 2.25.2, 2.25.5, 2.25.7, 2.25.8, 2.28.4, 2.30.10, 2.34.4, 2.34.5, 2.35.2, 2.36.6, 2.38.1, 2.4.2, 2.6.6, 2.8.6, 3.1.4, 3.1.5, 3.9.1, 4.1.1, 4.1.2, 4.10.6, 4.12.3, 4.14.1, 4.14.8, 4.15.7, 4.17.5, 4.3.3, 4.35.2, 4.8.8, 6.13.7, 6.2.2, 6.9.3, 7.1.5, 7.1.6, 7.1.7, 7.14.1, 7.17.1, 7.20.8, 7.23.10, 7.4.4, 7.6.3, 8.24.8, 8.27.1, 8.5.7, 8.54.5, 9.25.1, 9.36.6, 9.36.7, 9.5.12<br><strong>Pleiades</strong>: <a href="https://pleiades.stoa.org/places/570106" target="_blank">https://pleiades.stoa.org/places/570106</a><br><strong>ToposText</strong>: <a href="https://topostext.org/place/376227PArg" target="_blank">https://topostext.org/place/376227PArg</a>]]></description>
        <Point><coordinates>22.7195,37.6316</coordinates></Point>
      </Placemark>

      <Placemark>
        <name>Argos (Argolid)</name>
        <description><![CDATA[<strong>name</strong>: Argos (Argolid)<br><strong>region</strong>: Argolid Bk2<br><strong>part of</strong>: Argolid Bk2<br><strong>Wikidata</strong>: <a href="https://wikidata.org/wiki/Q13533353" target="_blank">https://wikidata.org/wiki/Q13533353</a><br><strong>type</strong>: polis<br><strong>passages</strong>: 1.13.7, 1.13.8, 1.14.2, 1.25.4, 1.27.10, 1.33.1, 1.41.1, 1.43.7, 1.43.8, 10.10.5, 10.35.1, 10.8.5, 2.13.1, 2.15.1, 2.15.2, 2.15.4, 2.16.1, 2.16.2, 2.16.3, 2.18.1, 2.18.5, 2.18.7, 2.18.8, 2.19.3, 2.20.4, 2.20.5, 2.20.8, 2.21.7, 2.22.4, 2.22.6, 2.22.8, 2.23.1, 2.23.5, 2.24.5, 2.25.1, 2.25.2, 2.25.5, 2.25.7, 2.25.8, 2.28.4, 2.30.10, 2.34.4, 2.34.5, 2.35.2, 2.36.6, 2.38.1, 2.4.2, 2.6.6, 2.8.6, 3.1.4, 3.1.5, 3.9.1, 4.1.1, 4.1.2, 4.10.6, 4.12.3, 4.14.1, 4.14.8, 4.15.7, 4.17.5, 4.3.3, 4.35.2, 4.8.8, 6.13.7, 6.2.2, 6.9.3, 7.1.5, 7.1.6, 7.1.7, 7.14.1, 7.17.1, 7.20.8, 7.23.10, 7.4.4, 7.6.3, 8.24.8, 8.27.1, 8.5.7, 8.54.5, 9.25.1, 9.36.6, 9.36.7, 9.5.12<br><strong>Pleiades</strong>: <a href="https://pleiades.stoa.org/places/570106" target="_blank">https://pleiades.stoa.org/places/570106</a><br><strong>ToposText</strong>: <a href="https://topostext.org/place/376227PArg" target="_blank">https://topostext.org/place/376227PArg</a>]]></description>
        <Point><coordinates>22.7195,37.6316</coordinates></Point>
      </Placemark>

      <Placemark>
        <name>Argos (Argolid)</name>
        <description><![CDATA[<strong>name</strong>: Argos (Argolid)<br><strong>region</strong>: Argolid Bk2<br><strong>part of</strong>: Argolid Bk2<br><strong>Wikidata</strong>: <a href="https://wikidata.org/wiki/Q13533353" target="_blank">https://wikidata.org/wiki/Q13533353</a><br><strong>type</strong>: polis<br><strong>passages</strong>: 1.13.7, 1.13.8, 1.14.2, 1.25.4, 1.27.10, 1.33.1, 1.41.1, 1.43.7, 1.43.8, 10.10.5, 10.35.1, 10.8.5, 2.13.1, 2.15.1, 2.15.2, 2.15.4, 2.16.1, 2.16.2, 2.16.3, 2.18.1, 2.18.5, 2.18.7, 2.18.8, 2.19.3, 2.20.4, 2.20.5, 2.20.8, 2.21.7, 2.22.4, 2.22.6, 2.22.8, 2.23.1, 2.23.5, 2.24.5, 2.25.1, 2.25.2, 2.25.5, 2.25.7, 2.25.8, 2.28.4, 2.30.10, 2.34.4, 2.34.5, 2.35.2, 2.36.6, 2.38.1, 2.4.2, 2.6.6, 2.8.6, 3.1.4, 3.1.5, 3.9.1, 4.1.1, 4.1.2, 4.10.6, 4.12.3, 4.14.1, 4.14.8, 4.15.7, 4.17.5, 4.3.3, 4.35.2, 4.8.8, 6.13.7, 6.2.2, 6.9.3, 7.1.5, 7.1.6, 7.1.7, 7.14.1, 7.17.1, 7.20.8, 7.23.10, 7.4.4, 7.6.3, 8.24.8, 8.27.1, 8.5.7, 8.54.5, 9.25.1, 9.36.6, 9.36.7, 9.5.12<br><strong>Pleiades</strong>: <a href="https://pleiades.stoa.org/places/570106" target="_blank">https://pleiades.stoa.org/places/570106</a><br><strong>ToposText</strong>: <a href="https://topostext.org/place/376227PArg" target="_blank">https://topostext.org/place/376227PArg</a>]]></description>
        <Point><coordinates>22.7195,37.6316</coordinates></Point>
      </Placemark>

      <Placemark>
        <name>Argos (Argolid)</name>
        <description><![CDATA[<strong>name</strong>: Argos (Argolid)<br><strong>region</strong>: Argolid Bk2<br><strong>part of</strong>: Argolid Bk2<br><strong>Wikidata</strong>: <a href="https://wikidata.org/wiki/Q13533353" target="_blank">https://wikidata.org/wiki/Q13533353</a><br><strong>type</strong>: polis<br><strong>passages</strong>: 1.13.7, 1.13.8, 1.14.2, 1.25.4, 1.27.10, 1.33.1, 1.41.1, 1.43.7, 1.43.8, 10.10.5, 10.35.1, 10.8.5, 2.13.1, 2.15.1, 2.15.2, 2.15.4, 2.16.1, 2.16.2, 2.16.3, 2.18.1, 2.18.5, 2.18.7, 2.18.8, 2.19.3, 2.20.4, 2.20.5, 2.20.8, 2.21.7, 2.22.4, 2.22.6, 2.22.8, 2.23.1, 2.23.5, 2.24.5, 2.25.1, 2.25.2, 2.25.5, 2.25.7, 2.25.8, 2.28.4, 2.30.10, 2.34.4, 2.34.5, 2.35.2, 2.36.6, 2.38.1, 2.4.2, 2.6.6, 2.8.6, 3.1.4, 3.1.5, 3.9.1, 4.1.1, 4.1.2, 4.10.6, 4.12.3, 4.14.1, 4.14.8, 4.15.7, 4.17.5, 4.3.3, 4.35.2, 4.8.8, 6.13.7, 6.2.2, 6.9.3, 7.1.5, 7.1.6, 7.1.7, 7.14.1, 7.17.1, 7.20.8, 7.23.10, 7.4.4, 7.6.3, 8.24.8, 8.27.1, 8.5.7, 8.54.5, 9.25.1, 9.36.6, 9.36.7, 9.5.12<br><strong>Pleiades</strong>: <a href="https://pleiades.stoa.org/places/570106" target="_blank">https://pleiades.stoa.org/places/570106</a><br><strong>ToposText</strong>: <a href="https://topostext.org/place/376227PArg" target="_blank">https://topostext.org/place/376227PArg</a>]]></description>
        <Point><coordinates>22.7195,37.6316</coordinates></Point>
      </Placemark>

      <Placemark>
        <name>Argos (Argolid)</name>
        <description><![CDATA[<strong>name</strong>: Argos (Argolid)<br><strong>region</strong>: Argolid Bk2<br><strong>part of</strong>: Argolid Bk2<br><strong>Wikidata</strong>: <a href="https://wikidata.org/wiki/Q13533353" target="_blank">https://wikidata.org/wiki/Q13533353</a><br><strong>type</strong>: polis<br><strong>passages</strong>: 1.13.7, 1.13.8, 1.14.2, 1.25.4, 1.27.10, 1.33.1, 1.41.1, 1.43.7, 1.43.8, 10.10.5, 10.35.1, 10.8.5, 2.13.1, 2.15.1, 2.15.2, 2.15.4, 2.16.1, 2.16.2, 2.16.3, 2.18.1, 2.18.5, 2.18.7, 2.18.8, 2.19.3, 2.20.4, 2.20.5, 2.20.8, 2.21.7, 2.22.4, 2.22.6, 2.22.8, 2.23.1, 2.23.5, 2.24.5, 2.25.1, 2.25.2, 2.25.5, 2.25.7, 2.25.8, 2.28.4, 2.30.10, 2.34.4, 2.34.5, 2.35.2, 2.36.6, 2.38.1, 2.4.2, 2.6.6, 2.8.6, 3.1.4, 3.1.5, 3.9.1, 4.1.1, 4.1.2, 4.10.6, 4.12.3, 4.14.1, 4.14.8, 4.15.7, 4.17.5, 4.3.3, 4.35.2, 4.8.8, 6.13.7, 6.2.2, 6.9.3, 7.1.5, 7.1.6, 7.1.7, 7.14.1, 7.17.1, 7.20.8, 7.23.10, 7.4.4, 7.6.3, 8.24.8, 8.27.1, 8.5.7, 8.54.5, 9.25.1, 9.36.6, 9.36.7, 9.5.12<br><strong>Pleiades</strong>: <a href="https://pleiades.stoa.org/places/570106" target="_blank">https://pleiades.stoa.org/places/570106</a><br><strong>ToposText</strong>: <a href="https://topostext.org/place/376227PArg" target="_blank">https://topostext.org/place/376227PArg</a>]]></description>
        <Point><coordinates>22.7195,37.6316</coordinates></Point>
      </Placemark>

      <Placemark>
        <name>Argos (Argolid)</name>
        <description><![CDATA[<strong>name</strong>: Argos (Argolid)<br><strong>region</strong>: Argolid Bk2<br><strong>part of</strong>: Argolid Bk2<br><strong>Wikidata</strong>: <a href="https://wikidata.org/wiki/Q13533353" target="_blank">https://wikidata.org/wiki/Q13533353</a><br><strong>type</strong>: polis<br><strong>passages</strong>: 1.13.7, 1.13.8, 1.14.2, 1.25.4, 1.27.10, 1.33.1, 1.41.1, 1.43.7, 1.43.8, 10.10.5, 10.35.1, 10.8.5, 2.13.1, 2.15.1, 2.15.2, 2.15.4, 2.16.1, 2.16.2, 2.16.3, 2.18.1, 2.18.5, 2.18.7, 2.18.8, 2.19.3, 2.20.4, 2.20.5, 2.20.8, 2.21.7, 2.22.4, 2.22.6, 2.22.8, 2.23.1, 2.23.5, 2.24.5, 2.25.1, 2.25.2, 2.25.5, 2.25.7, 2.25.8, 2.28.4, 2.30.10, 2.34.4, 2.34.5, 2.35.2, 2.36.6, 2.38.1, 2.4.2, 2.6.6, 2.8.6, 3.1.4, 3.1.5, 3.9.1, 4.1.1, 4.1.2, 4.10.6, 4.12.3, 4.14.1, 4.14.8, 4.15.7, 4.17.5, 4.3.3, 4.35.2, 4.8.8, 6.13.7, 6.2.2, 6.9.3, 7.1.5, 7.1.6, 7.1.7, 7.14.1, 7.17.1, 7.20.8, 7.23.10, 7.4.4, 7.6.3, 8.24.8, 8.27.1, 8.5.7, 8.54.5, 9.25.1, 9.36.6, 9.36.7, 9.5.12<br><strong>Pleiades</strong>: <a href="https://pleiades.stoa.org/places/570106" target="_blank">https://pleiades.stoa.org/places/570106</a><br><strong>ToposText</strong>: <a href="https://topostext.org/place/376227PArg" target="_blank">https://topostext.org/place/376227PArg</a>]]></description>
        <Point><coordinates>22.7195,37.6316</coordinates></Point>
      </Placemark>

      <Placemark>
        <name>Argos (Argolid)</name>
        <description><![CDATA[<strong>name</strong>: Argos (Argolid)<br><strong>region</strong>: Argolid Bk2<br><strong>part of</strong>: Argolid Bk2<br><strong>Wikidata</strong>: <a href="https://wikidata.org/wiki/Q13533353" target="_blank">https://wikidata.org/wiki/Q13533353</a><br><strong>type</strong>: polis<br><strong>passages</strong>: 1.13.7, 1.13.8, 1.14.2, 1.25.4, 1.27.10, 1.33.1, 1.41.1, 1.43.7, 1.43.8, 10.10.5, 10.35.1, 10.8.5, 2.13.1, 2.15.1, 2.15.2, 2.15.4, 2.16.1, 2.16.2, 2.16.3, 2.18.1, 2.18.5, 2.18.7, 2.18.8, 2.19.3, 2.20.4, 2.20.5, 2.20.8, 2.21.7, 2.22.4, 2.22.6, 2.22.8, 2.23.1, 2.23.5, 2.24.5, 2.25.1, 2.25.2, 2.25.5, 2.25.7, 2.25.8, 2.28.4, 2.30.10, 2.34.4, 2.34.5, 2.35.2, 2.36.6, 2.38.1, 2.4.2, 2.6.6, 2.8.6, 3.1.4, 3.1.5, 3.9.1, 4.1.1, 4.1.2, 4.10.6, 4.12.3, 4.14.1, 4.14.8, 4.15.7, 4.17.5, 4.3.3, 4.35.2, 4.8.8, 6.13.7, 6.2.2, 6.9.3, 7.1.5, 7.1.6, 7.1.7, 7.14.1, 7.17.1, 7.20.8, 7.23.10, 7.4.4, 7.6.3, 8.24.8, 8.27.1, 8.5.7, 8.54.5, 9.25.1, 9.36.6, 9.36.7, 9.5.12<br><strong>Pleiades</strong>: <a href="https://pleiades.stoa.org/places/570106" target="_blank">https://pleiades.stoa.org/places/570106</a><br><strong>ToposText</strong>: <a href="https://topostext.org/place/376227PArg" target="_blank">https://topostext.org/place/376227PArg</a>]]></description>
        <Point><coordinates>22.7195,37.6316</coordinates></Point>
      </Placemark>

      <Placemark>
        <name>Argos (Argolid)</name>
        <description><![CDATA[<strong>name</strong>: Argos (Argolid)<br><strong>region</strong>: Argolid Bk2<br><strong>part of</strong>: Argolid Bk2<br><strong>Wikidata</strong>: <a href="https://wikidata.org/wiki/Q13533353" target="_blank">https://wikidata.org/wiki/Q13533353</a><br><strong>type</strong>: polis<br><strong>passages</strong>: 1.13.7, 1.13.8, 1.14.2, 1.25.4, 1.27.10, 1.33.1, 1.41.1, 1.43.7, 1.43.8, 10.10.5, 10.35.1, 10.8.5, 2.13.1, 2.15.1, 2.15.2, 2.15.4, 2.16.1, 2.16.2, 2.16.3, 2.18.1, 2.18.5, 2.18.7, 2.18.8, 2.19.3, 2.20.4, 2.20.5, 2.20.8, 2.21.7, 2.22.4, 2.22.6, 2.22.8, 2.23.1, 2.23.5, 2.24.5, 2.25.1, 2.25.2, 2.25.5, 2.25.7, 2.25.8, 2.28.4, 2.30.10, 2.34.4, 2.34.5, 2.35.2, 2.36.6, 2.38.1, 2.4.2, 2.6.6, 2.8.6, 3.1.4, 3.1.5, 3.9.1, 4.1.1, 4.1.2, 4.10.6, 4.12.3, 4.14.1, 4.14.8, 4.15.7, 4.17.5, 4.3.3, 4.35.2, 4.8.8, 6.13.7, 6.2.2, 6.9.3, 7.1.5, 7.1.6, 7.1.7, 7.14.1, 7.17.1, 7.20.8, 7.23.10, 7.4.4, 7.6.3, 8.24.8, 8.27.1, 8.5.7, 8.54.5, 9.25.1, 9.36.6, 9.36.7, 9.5.12<br><strong>Pleiades</strong>: <a href="https://pleiades.stoa.org/places/570106" target="_blank">https://pleiades.stoa.org/places/570106</a><br><strong>ToposText</strong>: <a href="https://topostext.org/place/376227PArg" target="_blank">https://topostext.org/place/376227PArg</a>]]></description>
        <Point><coordinates>22.7195,37.6316</coordinates></Point>
      </Placemark>

      <Placemark>
        <name>Argos (Argolid)</name>
        <description><![CDATA[<strong>name</strong>: Argos (Argolid)<br><strong>region</strong>: Argolid Bk2<br><strong>part of</strong>: Argolid Bk2<br><strong>Wikidata</strong>: <a href="https://wikidata.org/wiki/Q13533353" target="_blank">https://wikidata.org/wiki/Q13533353</a><br><strong>type</strong>: polis<br><strong>passages</strong>: 1.13.7, 1.13.8, 1.14.2, 1.25.4, 1.27.10, 1.33.1, 1.41.1, 1.43.7, 1.43.8, 10.10.5, 10.35.1, 10.8.5, 2.13.1, 2.15.1, 2.15.2, 2.15.4, 2.16.1, 2.16.2, 2.16.3, 2.18.1, 2.18.5, 2.18.7, 2.18.8, 2.19.3, 2.20.4, 2.20.5, 2.20.8, 2.21.7, 2.22.4, 2.22.6, 2.22.8, 2.23.1, 2.23.5, 2.24.5, 2.25.1, 2.25.2, 2.25.5, 2.25.7, 2.25.8, 2.28.4, 2.30.10, 2.34.4, 2.34.5, 2.35.2, 2.36.6, 2.38.1, 2.4.2, 2.6.6, 2.8.6, 3.1.4, 3.1.5, 3.9.1, 4.1.1, 4.1.2, 4.10.6, 4.12.3, 4.14.1, 4.14.8, 4.15.7, 4.17.5, 4.3.3, 4.35.2, 4.8.8, 6.13.7, 6.2.2, 6.9.3, 7.1.5, 7.1.6, 7.1.7, 7.14.1, 7.17.1, 7.20.8, 7.23.10, 7.4.4, 7.6.3, 8.24.8, 8.27.1, 8.5.7, 8.54.5, 9.25.1, 9.36.6, 9.36.7, 9.5.12<br><strong>Pleiades</strong>: <a href="https://pleiades.stoa.org/places/570106" target="_blank">https://pleiades.stoa.org/places/570106</a><br><strong>ToposText</strong>: <a href="https://topostext.org/place/376227PArg" target="_blank">https://topostext.org/place/376227PArg</a>]]></description>
        <Point><coordinates>22.7195,37.6316</coordinates></Point>
      </Placemark>

      <Placemark>
        <name>Argos (Argolid)</name>
        <description><![CDATA[<strong>name</strong>: Argos (Argolid)<br><strong>region</strong>: Argolid Bk2<br><strong>part of</strong>: Argolid Bk2<br><strong>Wikidata</strong>: <a href="https://wikidata.org/wiki/Q13533353" target="_blank">https://wikidata.org/wiki/Q13533353</a><br><strong>type</strong>: polis<br><strong>passages</strong>: 1.13.7, 1.13.8, 1.14.2, 1.25.4, 1.27.10, 1.33.1, 1.41.1, 1.43.7, 1.43.8, 10.10.5, 10.35.1, 10.8.5, 2.13.1, 2.15.1, 2.15.2, 2.15.4, 2.16.1, 2.16.2, 2.16.3, 2.18.1, 2.18.5, 2.18.7, 2.18.8, 2.19.3, 2.20.4, 2.20.5, 2.20.8, 2.21.7, 2.22.4, 2.22.6, 2.22.8, 2.23.1, 2.23.5, 2.24.5, 2.25.1, 2.25.2, 2.25.5, 2.25.7, 2.25.8, 2.28.4, 2.30.10, 2.34.4, 2.34.5, 2.35.2, 2.36.6, 2.38.1, 2.4.2, 2.6.6, 2.8.6, 3.1.4, 3.1.5, 3.9.1, 4.1.1, 4.1.2, 4.10.6, 4.12.3, 4.14.1, 4.14.8, 4.15.7, 4.17.5, 4.3.3, 4.35.2, 4.8.8, 6.13.7, 6.2.2, 6.9.3, 7.1.5, 7.1.6, 7.1.7, 7.14.1, 7.17.1, 7.20.8, 7.23.10, 7.4.4, 7.6.3, 8.24.8, 8.27.1, 8.5.7, 8.54.5, 9.25.1, 9.36.6, 9.36.7, 9.5.12<br><strong>Pleiades</strong>: <a href="https://pleiades.stoa.org/places/570106" target="_blank">https://pleiades.stoa.org/places/570106</a><br><strong>ToposText</strong>: <a href="https://topostext.org/place/376227PArg" target="_blank">https://topostext.org/place/376227PArg</a>]]></description>
        <Point><coordinates>22.7195,37.6316</coordinates></Point>
      </Placemark>

      <Placemark>
        <name>Argos (Argolid)</name>
        <description><![CDATA[<strong>name</strong>: Argos (Argolid)<br><strong>region</strong>: Argolid Bk2<br><strong>part of</strong>: Argolid Bk2<br><strong>Wikidata</strong>: <a href="https://wikidata.org/wiki/Q13533353" target="_blank">https://wikidata.org/wiki/Q13533353</a><br><strong>type</strong>: polis<br><strong>passages</strong>: 1.13.7, 1.13.8, 1.14.2, 1.25.4, 1.27.10, 1.33.1, 1.41.1, 1.43.7, 1.43.8, 10.10.5, 10.35.1, 10.8.5, 2.13.1, 2.15.1, 2.15.2, 2.15.4, 2.16.1, 2.16.2, 2.16.3, 2.18.1, 2.18.5, 2.18.7, 2.18.8, 2.19.3, 2.20.4, 2.20.5, 2.20.8, 2.21.7, 2.22.4, 2.22.6, 2.22.8, 2.23.1, 2.23.5, 2.24.5, 2.25.1, 2.25.2, 2.25.5, 2.25.7, 2.25.8, 2.28.4, 2.30.10, 2.34.4, 2.34.5, 2.35.2, 2.36.6, 2.38.1, 2.4.2, 2.6.6, 2.8.6, 3.1.4, 3.1.5, 3.9.1, 4.1.1, 4.1.2, 4.10.6, 4.12.3, 4.14.1, 4.14.8, 4.15.7, 4.17.5, 4.3.3, 4.35.2, 4.8.8, 6.13.7, 6.2.2, 6.9.3, 7.1.5, 7.1.6, 7.1.7, 7.14.1, 7.17.1, 7.20.8, 7.23.10, 7.4.4, 7.6.3, 8.24.8, 8.27.1, 8.5.7, 8.54.5, 9.25.1, 9.36.6, 9.36.7, 9.5.12<br><strong>Pleiades</strong>: <a href="https://pleiades.stoa.org/places/570106" target="_blank">https://pleiades.stoa.org/places/570106</a><br><strong>ToposText</strong>: <a href="https://topostext.org/place/376227PArg" target="_blank">https://topostext.org/place/376227PArg</a>]]></description>
        <Point><coordinates>22.7195,37.6316</coordinates></Point>
      </Placemark>

      <Placemark>
        <name>Argos (Argolid)</name>
        <description><![CDATA[<strong>name</strong>: Argos (Argolid)<br><strong>region</strong>: Argolid Bk2<br><strong>part of</strong>: Argolid Bk2<br><strong>Wikidata</strong>: <a href="https://wikidata.org/wiki/Q13533353" target="_blank">https://wikidata.org/wiki/Q13533353</a><br><strong>type</strong>: polis<br><strong>passages</strong>: 1.13.7, 1.13.8, 1.14.2, 1.25.4, 1.27.10, 1.33.1, 1.41.1, 1.43.7, 1.43.8, 10.10.5, 10.35.1, 10.8.5, 2.13.1, 2.15.1, 2.15.2, 2.15.4, 2.16.1, 2.16.2, 2.16.3, 2.18.1, 2.18.5, 2.18.7, 2.18.8, 2.19.3, 2.20.4, 2.20.5, 2.20.8, 2.21.7, 2.22.4, 2.22.6, 2.22.8, 2.23.1, 2.23.5, 2.24.5, 2.25.1, 2.25.2, 2.25.5, 2.25.7, 2.25.8, 2.28.4, 2.30.10, 2.34.4, 2.34.5, 2.35.2, 2.36.6, 2.38.1, 2.4.2, 2.6.6, 2.8.6, 3.1.4, 3.1.5, 3.9.1, 4.1.1, 4.1.2, 4.10.6, 4.12.3, 4.14.1, 4.14.8, 4.15.7, 4.17.5, 4.3.3, 4.35.2, 4.8.8, 6.13.7, 6.2.2, 6.9.3, 7.1.5, 7.1.6, 7.1.7, 7.14.1, 7.17.1, 7.20.8, 7.23.10, 7.4.4, 7.6.3, 8.24.8, 8.27.1, 8.5.7, 8.54.5, 9.25.1, 9.36.6, 9.36.7, 9.5.12<br><strong>Pleiades</strong>: <a href="https://pleiades.stoa.org/places/570106" target="_blank">https://pleiades.stoa.org/places/570106</a><br><strong>ToposText</strong>: <a href="https://topostext.org/place/376227PArg" target="_blank">https://topostext.org/place/376227PArg</a>]]></description>
        <Point><coordinates>22.7195,37.6316</coordinates></Point>
      </Placemark>

      <Placemark>
        <name>Argos (Argolid)</name>
        <description><![CDATA[<strong>name</strong>: Argos (Argolid)<br><strong>region</strong>: Argolid Bk2<br><strong>part of</strong>: Argolid Bk2<br><strong>Wikidata</strong>: <a href="https://wikidata.org/wiki/Q13533353" target="_blank">https://wikidata.org/wiki/Q13533353</a><br><strong>type</strong>: polis<br><strong>passages</strong>: 1.13.7, 1.13.8, 1.14.2, 1.25.4, 1.27.10, 1.33.1, 1.41.1, 1.43.7, 1.43.8, 10.10.5, 10.35.1, 10.8.5, 2.13.1, 2.15.1, 2.15.2, 2.15.4, 2.16.1, 2.16.2, 2.16.3, 2.18.1, 2.18.5, 2.18.7, 2.18.8, 2.19.3, 2.20.4, 2.20.5, 2.20.8, 2.21.7, 2.22.4, 2.22.6, 2.22.8, 2.23.1, 2.23.5, 2.24.5, 2.25.1, 2.25.2, 2.25.5, 2.25.7, 2.25.8, 2.28.4, 2.30.10, 2.34.4, 2.34.5, 2.35.2, 2.36.6, 2.38.1, 2.4.2, 2.6.6, 2.8.6, 3.1.4, 3.1.5, 3.9.1, 4.1.1, 4.1.2, 4.10.6, 4.12.3, 4.14.1, 4.14.8, 4.15.7, 4.17.5, 4.3.3, 4.35.2, 4.8.8, 6.13.7, 6.2.2, 6.9.3, 7.1.5, 7.1.6, 7.1.7, 7.14.1, 7.17.1, 7.20.8, 7.23.10, 7.4.4, 7.6.3, 8.24.8, 8.27.1, 8.5.7, 8.54.5, 9.25.1, 9.36.6, 9.36.7, 9.5.12<br><strong>Pleiades</strong>: <a href="https://pleiades.stoa.org/places/570106" target="_blank">https://pleiades.stoa.org/places/570106</a><br><strong>ToposText</strong>: <a href="https://topostext.org/place/376227PArg" target="_blank">https://topostext.org/place/376227PArg</a>]]></description>
        <Point><coordinates>22.7195,37.6316</coordinates></Point>
      </Placemark>

      <Placemark>
        <name>Argos (Argolid)</name>
        <description><![CDATA[<strong>name</strong>: Argos (Argolid)<br><strong>region</strong>: Argolid Bk2<br><strong>part of</strong>: Argolid Bk2<br><strong>Wikidata</strong>: <a href="https://wikidata.org/wiki/Q13533353" target="_blank">https://wikidata.org/wiki/Q13533353</a><br><strong>type</strong>: polis<br><strong>passages</strong>: 1.13.7, 1.13.8, 1.14.2, 1.25.4, 1.27.10, 1.33.1, 1.41.1, 1.43.7, 1.43.8, 10.10.5, 10.35.1, 10.8.5, 2.13.1, 2.15.1, 2.15.2, 2.15.4, 2.16.1, 2.16.2, 2.16.3, 2.18.1, 2.18.5, 2.18.7, 2.18.8, 2.19.3, 2.20.4, 2.20.5, 2.20.8, 2.21.7, 2.22.4, 2.22.6, 2.22.8, 2.23.1, 2.23.5, 2.24.5, 2.25.1, 2.25.2, 2.25.5, 2.25.7, 2.25.8, 2.28.4, 2.30.10, 2.34.4, 2.34.5, 2.35.2, 2.36.6, 2.38.1, 2.4.2, 2.6.6, 2.8.6, 3.1.4, 3.1.5, 3.9.1, 4.1.1, 4.1.2, 4.10.6, 4.12.3, 4.14.1, 4.14.8, 4.15.7, 4.17.5, 4.3.3, 4.35.2, 4.8.8, 6.13.7, 6.2.2, 6.9.3, 7.1.5, 7.1.6, 7.1.7, 7.14.1, 7.17.1, 7.20.8, 7.23.10, 7.4.4, 7.6.3, 8.24.8, 8.27.1, 8.5.7, 8.54.5, 9.25.1, 9.36.6, 9.36.7, 9.5.12<br><strong>Pleiades</strong>: <a href="https://pleiades.stoa.org/places/570106" target="_blank">https://pleiades.stoa.org/places/570106</a><br><strong>ToposText</strong>: <a href="https://topostext.org/place/376227PArg" target="_blank">https://topostext.org/place/376227PArg</a>]]></description>
        <Point><coordinates>22.7195,37.6316</coordinates></Point>
      </Placemark>

      <Placemark>
        <name>Argos (Argolid)</name>
        <description><![CDATA[<strong>name</strong>: Argos (Argolid)<br><strong>region</strong>: Argolid Bk2<br><strong>part of</strong>: Argolid Bk2<br><strong>Wikidata</strong>: <a href="https://wikidata.org/wiki/Q13533353" target="_blank">https://wikidata.org/wiki/Q13533353</a><br><strong>type</strong>: polis<br><strong>passages</strong>: 1.13.7, 1.13.8, 1.14.2, 1.25.4, 1.27.10, 1.33.1, 1.41.1, 1.43.7, 1.43.8, 10.10.5, 10.35.1, 10.8.5, 2.13.1, 2.15.1, 2.15.2, 2.15.4, 2.16.1, 2.16.2, 2.16.3, 2.18.1, 2.18.5, 2.18.7, 2.18.8, 2.19.3, 2.20.4, 2.20.5, 2.20.8, 2.21.7, 2.22.4, 2.22.6, 2.22.8, 2.23.1, 2.23.5, 2.24.5, 2.25.1, 2.25.2, 2.25.5, 2.25.7, 2.25.8, 2.28.4, 2.30.10, 2.34.4, 2.34.5, 2.35.2, 2.36.6, 2.38.1, 2.4.2, 2.6.6, 2.8.6, 3.1.4, 3.1.5, 3.9.1, 4.1.1, 4.1.2, 4.10.6, 4.12.3, 4.14.1, 4.14.8, 4.15.7, 4.17.5, 4.3.3, 4.35.2, 4.8.8, 6.13.7, 6.2.2, 6.9.3, 7.1.5, 7.1.6, 7.1.7, 7.14.1, 7.17.1, 7.20.8, 7.23.10, 7.4.4, 7.6.3, 8.24.8, 8.27.1, 8.5.7, 8.54.5, 9.25.1, 9.36.6, 9.36.7, 9.5.12<br><strong>Pleiades</strong>: <a href="https://pleiades.stoa.org/places/570106" target="_blank">https://pleiades.stoa.org/places/570106</a><br><strong>ToposText</strong>: <a href="https://topostext.org/place/376227PArg" target="_blank">https://topostext.org/place/376227PArg</a>]]></description>
        <Point><coordinates>22.7195,37.6316</coordinates></Point>
      </Placemark>

      <Placemark>
        <name>Argos (Argolid)</name>
        <description><![CDATA[<strong>name</strong>: Argos (Argolid)<br><strong>region</strong>: Argolid Bk2<br><strong>part of</strong>: Argolid Bk2<br><strong>Wikidata</strong>: <a href="https://wikidata.org/wiki/Q13533353" target="_blank">https://wikidata.org/wiki/Q13533353</a><br><strong>type</strong>: polis<br><strong>passages</strong>: 1.13.7, 1.13.8, 1.14.2, 1.25.4, 1.27.10, 1.33.1, 1.41.1, 1.43.7, 1.43.8, 10.10.5, 10.35.1, 10.8.5, 2.13.1, 2.15.1, 2.15.2, 2.15.4, 2.16.1, 2.16.2, 2.16.3, 2.18.1, 2.18.5, 2.18.7, 2.18.8, 2.19.3, 2.20.4, 2.20.5, 2.20.8, 2.21.7, 2.22.4, 2.22.6, 2.22.8, 2.23.1, 2.23.5, 2.24.5, 2.25.1, 2.25.2, 2.25.5, 2.25.7, 2.25.8, 2.28.4, 2.30.10, 2.34.4, 2.34.5, 2.35.2, 2.36.6, 2.38.1, 2.4.2, 2.6.6, 2.8.6, 3.1.4, 3.1.5, 3.9.1, 4.1.1, 4.1.2, 4.10.6, 4.12.3, 4.14.1, 4.14.8, 4.15.7, 4.17.5, 4.3.3, 4.35.2, 4.8.8, 6.13.7, 6.2.2, 6.9.3, 7.1.5, 7.1.6, 7.1.7, 7.14.1, 7.17.1, 7.20.8, 7.23.10, 7.4.4, 7.6.3, 8.24.8, 8.27.1, 8.5.7, 8.54.5, 9.25.1, 9.36.6, 9.36.7, 9.5.12<br><strong>Pleiades</strong>: <a href="https://pleiades.stoa.org/places/570106" target="_blank">https://pleiades.stoa.org/places/570106</a><br><strong>ToposText</strong>: <a href="https://topostext.org/place/376227PArg" target="_blank">https://topostext.org/place/376227PArg</a>]]></description>
        <Point><coordinates>22.7195,37.6316</coordinates></Point>
      </Placemark>

      <Placemark>
        <name>Argos (Argolid)</name>
        <description><![CDATA[<strong>name</strong>: Argos (Argolid)<br><strong>region</strong>: Argolid Bk2<br><strong>part of</strong>: Argolid Bk2<br><strong>Wikidata</strong>: <a href="https://wikidata.org/wiki/Q13533353" target="_blank">https://wikidata.org/wiki/Q13533353</a><br><strong>type</strong>: polis<br><strong>passages</strong>: 1.13.7, 1.13.8, 1.14.2, 1.25.4, 1.27.10, 1.33.1, 1.41.1, 1.43.7, 1.43.8, 10.10.5, 10.35.1, 10.8.5, 2.13.1, 2.15.1, 2.15.2, 2.15.4, 2.16.1, 2.16.2, 2.16.3, 2.18.1, 2.18.5, 2.18.7, 2.18.8, 2.19.3, 2.20.4, 2.20.5, 2.20.8, 2.21.7, 2.22.4, 2.22.6, 2.22.8, 2.23.1, 2.23.5, 2.24.5, 2.25.1, 2.25.2, 2.25.5, 2.25.7, 2.25.8, 2.28.4, 2.30.10, 2.34.4, 2.34.5, 2.35.2, 2.36.6, 2.38.1, 2.4.2, 2.6.6, 2.8.6, 3.1.4, 3.1.5, 3.9.1, 4.1.1, 4.1.2, 4.10.6, 4.12.3, 4.14.1, 4.14.8, 4.15.7, 4.17.5, 4.3.3, 4.35.2, 4.8.8, 6.13.7, 6.2.2, 6.9.3, 7.1.5, 7.1.6, 7.1.7, 7.14.1, 7.17.1, 7.20.8, 7.23.10, 7.4.4, 7.6.3, 8.24.8, 8.27.1, 8.5.7, 8.54.5, 9.25.1, 9.36.6, 9.36.7, 9.5.12<br><strong>Pleiades</strong>: <a href="https://pleiades.stoa.org/places/570106" target="_blank">https://pleiades.stoa.org/places/570106</a><br><strong>ToposText</strong>: <a href="https://topostext.org/place/376227PArg" target="_blank">https://topostext.org/place/376227PArg</a>]]></description>
        <Point><coordinates>22.7195,37.6316</coordinates></Point>
      </Placemark>

      <Placemark>
        <name>Argos (Argolid)</name>
        <description><![CDATA[<strong>name</strong>: Argos (Argolid)<br><strong>region</strong>: Argolid Bk2<br><strong>part of</strong>: Argolid Bk2<br><strong>Wikidata</strong>: <a href="https://wikidata.org/wiki/Q13533353" target="_blank">https://wikidata.org/wiki/Q13533353</a><br><strong>type</strong>: polis<br><strong>passages</strong>: 1.13.7, 1.13.8, 1.14.2, 1.25.4, 1.27.10, 1.33.1, 1.41.1, 1.43.7, 1.43.8, 10.10.5, 10.35.1, 10.8.5, 2.13.1, 2.15.1, 2.15.2, 2.15.4, 2.16.1, 2.16.2, 2.16.3, 2.18.1, 2.18.5, 2.18.7, 2.18.8, 2.19.3, 2.20.4, 2.20.5, 2.20.8, 2.21.7, 2.22.4, 2.22.6, 2.22.8, 2.23.1, 2.23.5, 2.24.5, 2.25.1, 2.25.2, 2.25.5, 2.25.7, 2.25.8, 2.28.4, 2.30.10, 2.34.4, 2.34.5, 2.35.2, 2.36.6, 2.38.1, 2.4.2, 2.6.6, 2.8.6, 3.1.4, 3.1.5, 3.9.1, 4.1.1, 4.1.2, 4.10.6, 4.12.3, 4.14.1, 4.14.8, 4.15.7, 4.17.5, 4.3.3, 4.35.2, 4.8.8, 6.13.7, 6.2.2, 6.9.3, 7.1.5, 7.1.6, 7.1.7, 7.14.1, 7.17.1, 7.20.8, 7.23.10, 7.4.4, 7.6.3, 8.24.8, 8.27.1, 8.5.7, 8.54.5, 9.25.1, 9.36.6, 9.36.7, 9.5.12<br><strong>Pleiades</strong>: <a href="https://pleiades.stoa.org/places/570106" target="_blank">https://pleiades.stoa.org/places/570106</a><br><strong>ToposText</strong>: <a href="https://topostext.org/place/376227PArg" target="_blank">https://topostext.org/place/376227PArg</a>]]></description>
        <Point><coordinates>22.7195,37.6316</coordinates></Point>
      </Placemark>

      <Placemark>
        <name>Argos (Argolid)</name>
        <description><![CDATA[<strong>name</strong>: Argos (Argolid)<br><strong>region</strong>: Argolid Bk2<br><strong>part of</strong>: Argolid Bk2<br><strong>Wikidata</strong>: <a href="https://wikidata.org/wiki/Q13533353" target="_blank">https://wikidata.org/wiki/Q13533353</a><br><strong>type</strong>: polis<br><strong>passages</strong>: 1.13.7, 1.13.8, 1.14.2, 1.25.4, 1.27.10, 1.33.1, 1.41.1, 1.43.7, 1.43.8, 10.10.5, 10.35.1, 10.8.5, 2.13.1, 2.15.1, 2.15.2, 2.15.4, 2.16.1, 2.16.2, 2.16.3, 2.18.1, 2.18.5, 2.18.7, 2.18.8, 2.19.3, 2.20.4, 2.20.5, 2.20.8, 2.21.7, 2.22.4, 2.22.6, 2.22.8, 2.23.1, 2.23.5, 2.24.5, 2.25.1, 2.25.2, 2.25.5, 2.25.7, 2.25.8, 2.28.4, 2.30.10, 2.34.4, 2.34.5, 2.35.2, 2.36.6, 2.38.1, 2.4.2, 2.6.6, 2.8.6, 3.1.4, 3.1.5, 3.9.1, 4.1.1, 4.1.2, 4.10.6, 4.12.3, 4.14.1, 4.14.8, 4.15.7, 4.17.5, 4.3.3, 4.35.2, 4.8.8, 6.13.7, 6.2.2, 6.9.3, 7.1.5, 7.1.6, 7.1.7, 7.14.1, 7.17.1, 7.20.8, 7.23.10, 7.4.4, 7.6.3, 8.24.8, 8.27.1, 8.5.7, 8.54.5, 9.25.1, 9.36.6, 9.36.7, 9.5.12<br><strong>Pleiades</strong>: <a href="https://pleiades.stoa.org/places/570106" target="_blank">https://pleiades.stoa.org/places/570106</a><br><strong>ToposText</strong>: <a href="https://topostext.org/place/376227PArg" target="_blank">https://topostext.org/place/376227PArg</a>]]></description>
        <Point><coordinates>22.7195,37.6316</coordinates></Point>
      </Placemark>

      <Placemark>
        <name>Argos (Argolid)</name>
        <description><![CDATA[<strong>name</strong>: Argos (Argolid)<br><strong>region</strong>: Argolid Bk2<br><strong>part of</strong>: Argolid Bk2<br><strong>Wikidata</strong>: <a href="https://wikidata.org/wiki/Q13533353" target="_blank">https://wikidata.org/wiki/Q13533353</a><br><strong>type</strong>: polis<br><strong>passages</strong>: 1.13.7, 1.13.8, 1.14.2, 1.25.4, 1.27.10, 1.33.1, 1.41.1, 1.43.7, 1.43.8, 10.10.5, 10.35.1, 10.8.5, 2.13.1, 2.15.1, 2.15.2, 2.15.4, 2.16.1, 2.16.2, 2.16.3, 2.18.1, 2.18.5, 2.18.7, 2.18.8, 2.19.3, 2.20.4, 2.20.5, 2.20.8, 2.21.7, 2.22.4, 2.22.6, 2.22.8, 2.23.1, 2.23.5, 2.24.5, 2.25.1, 2.25.2, 2.25.5, 2.25.7, 2.25.8, 2.28.4, 2.30.10, 2.34.4, 2.34.5, 2.35.2, 2.36.6, 2.38.1, 2.4.2, 2.6.6, 2.8.6, 3.1.4, 3.1.5, 3.9.1, 4.1.1, 4.1.2, 4.10.6, 4.12.3, 4.14.1, 4.14.8, 4.15.7, 4.17.5, 4.3.3, 4.35.2, 4.8.8, 6.13.7, 6.2.2, 6.9.3, 7.1.5, 7.1.6, 7.1.7, 7.14.1, 7.17.1, 7.20.8, 7.23.10, 7.4.4, 7.6.3, 8.24.8, 8.27.1, 8.5.7, 8.54.5, 9.25.1, 9.36.6, 9.36.7, 9.5.12<br><strong>Pleiades</strong>: <a href="https://pleiades.stoa.org/places/570106" target="_blank">https://pleiades.stoa.org/places/570106</a><br><strong>ToposText</strong>: <a href="https://topostext.org/place/376227PArg" target="_blank">https://topostext.org/place/376227PArg</a>]]></description>
        <Point><coordinates>22.7195,37.6316</coordinates></Point>
      </Placemark>

      <Placemark>
        <name>Argos (Argolid)</name>
        <description><![CDATA[<strong>name</strong>: Argos (Argolid)<br><strong>region</strong>: Argolid Bk2<br><strong>part of</strong>: Argolid Bk2<br><strong>Wikidata</strong>: <a href="https://wikidata.org/wiki/Q13533353" target="_blank">https://wikidata.org/wiki/Q13533353</a><br><strong>type</strong>: polis<br><strong>passages</strong>: 1.13.7, 1.13.8, 1.14.2, 1.25.4, 1.27.10, 1.33.1, 1.41.1, 1.43.7, 1.43.8, 10.10.5, 10.35.1, 10.8.5, 2.13.1, 2.15.1, 2.15.2, 2.15.4, 2.16.1, 2.16.2, 2.16.3, 2.18.1, 2.18.5, 2.18.7, 2.18.8, 2.19.3, 2.20.4, 2.20.5, 2.20.8, 2.21.7, 2.22.4, 2.22.6, 2.22.8, 2.23.1, 2.23.5, 2.24.5, 2.25.1, 2.25.2, 2.25.5, 2.25.7, 2.25.8, 2.28.4, 2.30.10, 2.34.4, 2.34.5, 2.35.2, 2.36.6, 2.38.1, 2.4.2, 2.6.6, 2.8.6, 3.1.4, 3.1.5, 3.9.1, 4.1.1, 4.1.2, 4.10.6, 4.12.3, 4.14.1, 4.14.8, 4.15.7, 4.17.5, 4.3.3, 4.35.2, 4.8.8, 6.13.7, 6.2.2, 6.9.3, 7.1.5, 7.1.6, 7.1.7, 7.14.1, 7.17.1, 7.20.8, 7.23.10, 7.4.4, 7.6.3, 8.24.8, 8.27.1, 8.5.7, 8.54.5, 9.25.1, 9.36.6, 9.36.7, 9.5.12<br><strong>Pleiades</strong>: <a href="https://pleiades.stoa.org/places/570106" target="_blank">https://pleiades.stoa.org/places/570106</a><br><strong>ToposText</strong>: <a href="https://topostext.org/place/376227PArg" target="_blank">https://topostext.org/place/376227PArg</a>]]></description>
        <Point><coordinates>22.7195,37.6316</coordinates></Point>
      </Placemark>

      <Placemark>
        <name>Argos (Argolid)</name>
        <description><![CDATA[<strong>name</strong>: Argos (Argolid)<br><strong>region</strong>: Argolid Bk2<br><strong>part of</strong>: Argolid Bk2<br><strong>Wikidata</strong>: <a href="https://wikidata.org/wiki/Q13533353" target="_blank">https://wikidata.org/wiki/Q13533353</a><br><strong>type</strong>: polis<br><strong>passages</strong>: 1.13.7, 1.13.8, 1.14.2, 1.25.4, 1.27.10, 1.33.1, 1.41.1, 1.43.7, 1.43.8, 10.10.5, 10.35.1, 10.8.5, 2.13.1, 2.15.1, 2.15.2, 2.15.4, 2.16.1, 2.16.2, 2.16.3, 2.18.1, 2.18.5, 2.18.7, 2.18.8, 2.19.3, 2.20.4, 2.20.5, 2.20.8, 2.21.7, 2.22.4, 2.22.6, 2.22.8, 2.23.1, 2.23.5, 2.24.5, 2.25.1, 2.25.2, 2.25.5, 2.25.7, 2.25.8, 2.28.4, 2.30.10, 2.34.4, 2.34.5, 2.35.2, 2.36.6, 2.38.1, 2.4.2, 2.6.6, 2.8.6, 3.1.4, 3.1.5, 3.9.1, 4.1.1, 4.1.2, 4.10.6, 4.12.3, 4.14.1, 4.14.8, 4.15.7, 4.17.5, 4.3.3, 4.35.2, 4.8.8, 6.13.7, 6.2.2, 6.9.3, 7.1.5, 7.1.6, 7.1.7, 7.14.1, 7.17.1, 7.20.8, 7.23.10, 7.4.4, 7.6.3, 8.24.8, 8.27.1, 8.5.7, 8.54.5, 9.25.1, 9.36.6, 9.36.7, 9.5.12<br><strong>Pleiades</strong>: <a href="https://pleiades.stoa.org/places/570106" target="_blank">https://pleiades.stoa.org/places/570106</a><br><strong>ToposText</strong>: <a href="https://topostext.org/place/376227PArg" target="_blank">https://topostext.org/place/376227PArg</a>]]></description>
        <Point><coordinates>22.7195,37.6316</coordinates></Point>
      </Placemark>

      <Placemark>
        <name>Argos (Argolid)</name>
        <description><![CDATA[<strong>name</strong>: Argos (Argolid)<br><strong>region</strong>: Argolid Bk2<br><strong>part of</strong>: Argolid Bk2<br><strong>Wikidata</strong>: <a href="https://wikidata.org/wiki/Q13533353" target="_blank">https://wikidata.org/wiki/Q13533353</a><br><strong>type</strong>: polis<br><strong>passages</strong>: 1.13.7, 1.13.8, 1.14.2, 1.25.4, 1.27.10, 1.33.1, 1.41.1, 1.43.7, 1.43.8, 10.10.5, 10.35.1, 10.8.5, 2.13.1, 2.15.1, 2.15.2, 2.15.4, 2.16.1, 2.16.2, 2.16.3, 2.18.1, 2.18.5, 2.18.7, 2.18.8, 2.19.3, 2.20.4, 2.20.5, 2.20.8, 2.21.7, 2.22.4, 2.22.6, 2.22.8, 2.23.1, 2.23.5, 2.24.5, 2.25.1, 2.25.2, 2.25.5, 2.25.7, 2.25.8, 2.28.4, 2.30.10, 2.34.4, 2.34.5, 2.35.2, 2.36.6, 2.38.1, 2.4.2, 2.6.6, 2.8.6, 3.1.4, 3.1.5, 3.9.1, 4.1.1, 4.1.2, 4.10.6, 4.12.3, 4.14.1, 4.14.8, 4.15.7, 4.17.5, 4.3.3, 4.35.2, 4.8.8, 6.13.7, 6.2.2, 6.9.3, 7.1.5, 7.1.6, 7.1.7, 7.14.1, 7.17.1, 7.20.8, 7.23.10, 7.4.4, 7.6.3, 8.24.8, 8.27.1, 8.5.7, 8.54.5, 9.25.1, 9.36.6, 9.36.7, 9.5.12<br><strong>Pleiades</strong>: <a href="https://pleiades.stoa.org/places/570106" target="_blank">https://pleiades.stoa.org/places/570106</a><br><strong>ToposText</strong>: <a href="https://topostext.org/place/376227PArg" target="_blank">https://topostext.org/place/376227PArg</a>]]></description>
        <Point><coordinates>22.7195,37.6316</coordinates></Point>
      </Placemark>

      <Placemark>
        <name>Argos (Argolid)</name>
        <description><![CDATA[<strong>name</strong>: Argos (Argolid)<br><strong>region</strong>: Argolid Bk2<br><strong>part of</strong>: Argolid Bk2<br><strong>Wikidata</strong>: <a href="https://wikidata.org/wiki/Q13533353" target="_blank">https://wikidata.org/wiki/Q13533353</a><br><strong>type</strong>: polis<br><strong>passages</strong>: 1.13.7, 1.13.8, 1.14.2, 1.25.4, 1.27.10, 1.33.1, 1.41.1, 1.43.7, 1.43.8, 10.10.5, 10.35.1, 10.8.5, 2.13.1, 2.15.1, 2.15.2, 2.15.4, 2.16.1, 2.16.2, 2.16.3, 2.18.1, 2.18.5, 2.18.7, 2.18.8, 2.19.3, 2.20.4, 2.20.5, 2.20.8, 2.21.7, 2.22.4, 2.22.6, 2.22.8, 2.23.1, 2.23.5, 2.24.5, 2.25.1, 2.25.2, 2.25.5, 2.25.7, 2.25.8, 2.28.4, 2.30.10, 2.34.4, 2.34.5, 2.35.2, 2.36.6, 2.38.1, 2.4.2, 2.6.6, 2.8.6, 3.1.4, 3.1.5, 3.9.1, 4.1.1, 4.1.2, 4.10.6, 4.12.3, 4.14.1, 4.14.8, 4.15.7, 4.17.5, 4.3.3, 4.35.2, 4.8.8, 6.13.7, 6.2.2, 6.9.3, 7.1.5, 7.1.6, 7.1.7, 7.14.1, 7.17.1, 7.20.8, 7.23.10, 7.4.4, 7.6.3, 8.24.8, 8.27.1, 8.5.7, 8.54.5, 9.25.1, 9.36.6, 9.36.7, 9.5.12<br><strong>Pleiades</strong>: <a href="https://pleiades.stoa.org/places/570106" target="_blank">https://pleiades.stoa.org/places/570106</a><br><strong>ToposText</strong>: <a href="https://topostext.org/place/376227PArg" target="_blank">https://topostext.org/place/376227PArg</a>]]></description>
        <Point><coordinates>22.7195,37.6316</coordinates></Point>
      </Placemark>

      <Placemark>
        <name>Temple within the sanctuary of Demeter Mysia in Argos</name>
        <description><![CDATA[<strong>name</strong>: Temple within the sanctuary of Demeter Mysia in Argos<br><strong>region</strong>: Argolid Bk2<br><strong>part of</strong>: Argos (Argolid)<br><strong>location</strong>: Argos (Argolid)<br><strong>type</strong>: temple<br><strong>passages</strong>: 2.18.3]]></description>
        <Point><coordinates>22.7195,37.6316</coordinates></Point>
      </Placemark>

      <Placemark>
        <name>Temple of Ares near Genethlion, Troizen</name>
        <description><![CDATA[<strong>name</strong>: Temple of Ares near Genethlion, Troizen<br><strong>region</strong>: Troizenia Bk2<br><strong>part of</strong>: Genethlion near Troizen<br><strong>location</strong>: Genethlion near Troizen<br><strong>type</strong>: temple<br><strong>passages</strong>: 2.32.9]]></description>
        <Point><coordinates>23.4228,37.5022</coordinates></Point>
      </Placemark>

      <Placemark>
        <name>Aphidna</name>
        <description><![CDATA[<strong>name</strong>: Aphidna<br><strong>region</strong>: Attica Bk1<br><strong>part of</strong>: Attica Bk1<br><strong>Wikidata</strong>: <a href="https://wikidata.org/wiki/Q618453" target="_blank">https://wikidata.org/wiki/Q618453</a><br><strong>type</strong>: settlement<br><strong>passages</strong>: 1.17.5, 1.41.3, 1.41.4, 2.22.6, 3.18.4, 3.18.5<br><strong>Pleiades</strong>: <a href="https://pleiades.stoa.org/places/579873" target="_blank">https://pleiades.stoa.org/places/579873</a>]]></description>
        <Point><coordinates>23.8792,38.1871</coordinates></Point>
      </Placemark>

      <Placemark>
        <name>Temple of Artemis at Epidauros Asklepieion</name>
        <description><![CDATA[<strong>name</strong>: Temple of Artemis at Epidauros Asklepieion<br><strong>region</strong>: Epidauria Bk2<br><strong>part of</strong>: Asklepieion of Epidauros<br><strong>Wikidata</strong>: <a href="https://wikidata.org/wiki/Q38279721" target="_blank">https://wikidata.org/wiki/Q38279721</a><br><strong>type</strong>: temple<br><strong>passages</strong>: 2.27.5<br><strong>ToposText</strong>: <a href="https://topostext.org/place/376231SArT" target="_blank">https://topostext.org/place/376231SArT</a>]]></description>
        <Point><coordinates>23.074883,37.598346</coordinates></Point>
      </Placemark>

      <Placemark>
        <name>Sanctuary of Poseidon Prosklystios in Argos</name>
        <description><![CDATA[<strong>name</strong>: Sanctuary of Poseidon Prosklystios in Argos<br><strong>region</strong>: Argolid Bk2<br><strong>part of</strong>: Argos (Argolid)<br><strong>location</strong>: Argos (Argolid)<br><strong>altname</strong>: marking limit of ancient tsunami<br><strong>Wikidata</strong>: <a href="https://wikidata.org/wiki/Q134037456" target="_blank">https://wikidata.org/wiki/Q134037456</a><br><strong>type</strong>: hieron<br><strong>passages</strong>: 2.22.4]]></description>
        <Point><coordinates>22.7195,37.6316</coordinates></Point>
      </Placemark>

      <Placemark>
        <name>Halicarnassus/Halikarnassos</name>
        <description><![CDATA[<strong>name</strong>: Halicarnassus/Halikarnassos<br><strong>region</strong>: Asia Minor (Asia)<br><strong>part of</strong>: Caria region<br><strong>Wikidata</strong>: <a href="https://wikidata.org/wiki/Q5843680" target="_blank">https://wikidata.org/wiki/Q5843680</a><br><strong>type</strong>: polis<br><strong>passages</strong>: 2.30.9, 3.11.3, 8.16.4<br><strong>Pleiades</strong>: <a href="https://pleiades.stoa.org/places/599636" target="_blank">https://pleiades.stoa.org/places/599636</a>]]></description>
        <Point><coordinates>27.424112,37.037864</coordinates></Point>
      </Placemark>

      <Placemark>
        <name>Tomb of Deianeira near Herakleia under Oita</name>
        <description><![CDATA[<strong>name</strong>: Tomb of Deianeira near Herakleia under Oita<br><strong>region</strong>: Hellas (Europe)<br><strong>part of</strong>: Herakleia in Trachinia<br><strong>location</strong>: Herakleia in Trachinia<br><strong>Wikidata</strong>: <a href="https://wikidata.org/wiki/Q136487341" target="_blank">https://wikidata.org/wiki/Q136487341</a><br><strong>type</strong>: tomb mnema<br><strong>passages</strong>: 2.23.5<br><strong>Manto</strong>: <a href="https://resource.manto.unh.edu/10187130" target="_blank">https://resource.manto.unh.edu/10187130</a>]]></description>
        <Point><coordinates>22.442503,38.790767</coordinates></Point>
      </Placemark>

      <Placemark>
        <name>Grove of plane trees at Mt. Pontinos</name>
        <description><![CDATA[<strong>name</strong>: Grove of plane trees at Mt. Pontinos<br><strong>region</strong>: Argolid Bk2<br><strong>part of</strong>: Pontinos hill (Argolid)<br><strong>location</strong>: Pontinos hill (Argolid)<br><strong>type</strong>: grove, platanos<br><strong>passages</strong>: 2.37.1]]></description>
        <Point><coordinates>22.6973,37.55</coordinates></Point>
      </Placemark>

      <Placemark>
        <name>Lechaion</name>
        <description><![CDATA[<strong>name</strong>: Lechaion<br><strong>region</strong>: Corinthia Bk2<br><strong>part of</strong>: Corinthia Bk2<br><strong>Wikidata</strong>: <a href="https://wikidata.org/wiki/Q1811299" target="_blank">https://wikidata.org/wiki/Q1811299</a><br><strong>type</strong>: harbor limen<br><strong>passages</strong>: 10.37.3, 2.1.5, 2.2.3, 2.3.2, 2.3.4, 7.6.7, 8.1.2, 9.14.6, 9.15.4<br><strong>Pleiades</strong>: <a href="https://pleiades.stoa.org/places/570420" target="_blank">https://pleiades.stoa.org/places/570420</a>]]></description>
        <Point><coordinates>22.88807,37.93277</coordinates></Point>
      </Placemark>

      <Placemark>
        <name>Lechaion</name>
        <description><![CDATA[<strong>name</strong>: Lechaion<br><strong>region</strong>: Corinthia Bk2<br><strong>part of</strong>: Corinthia Bk2<br><strong>Wikidata</strong>: <a href="https://wikidata.org/wiki/Q1811299" target="_blank">https://wikidata.org/wiki/Q1811299</a><br><strong>type</strong>: harbor limen<br><strong>passages</strong>: 10.37.3, 2.1.5, 2.2.3, 2.3.2, 2.3.4, 7.6.7, 8.1.2, 9.14.6, 9.15.4<br><strong>Pleiades</strong>: <a href="https://pleiades.stoa.org/places/570420" target="_blank">https://pleiades.stoa.org/places/570420</a>]]></description>
        <Point><coordinates>22.88807,37.93277</coordinates></Point>
      </Placemark>

      <Placemark>
        <name>Lechaion</name>
        <description><![CDATA[<strong>name</strong>: Lechaion<br><strong>region</strong>: Corinthia Bk2<br><strong>part of</strong>: Corinthia Bk2<br><strong>Wikidata</strong>: <a href="https://wikidata.org/wiki/Q1811299" target="_blank">https://wikidata.org/wiki/Q1811299</a><br><strong>type</strong>: harbor limen<br><strong>passages</strong>: 10.37.3, 2.1.5, 2.2.3, 2.3.2, 2.3.4, 7.6.7, 8.1.2, 9.14.6, 9.15.4<br><strong>Pleiades</strong>: <a href="https://pleiades.stoa.org/places/570420" target="_blank">https://pleiades.stoa.org/places/570420</a>]]></description>
        <Point><coordinates>22.88807,37.93277</coordinates></Point>
      </Placemark>

      <Placemark>
        <name>Lechaion</name>
        <description><![CDATA[<strong>name</strong>: Lechaion<br><strong>region</strong>: Corinthia Bk2<br><strong>part of</strong>: Corinthia Bk2<br><strong>Wikidata</strong>: <a href="https://wikidata.org/wiki/Q1811299" target="_blank">https://wikidata.org/wiki/Q1811299</a><br><strong>type</strong>: harbor limen<br><strong>passages</strong>: 10.37.3, 2.1.5, 2.2.3, 2.3.2, 2.3.4, 7.6.7, 8.1.2, 9.14.6, 9.15.4<br><strong>Pleiades</strong>: <a href="https://pleiades.stoa.org/places/570420" target="_blank">https://pleiades.stoa.org/places/570420</a>]]></description>
        <Point><coordinates>22.88807,37.93277</coordinates></Point>
      </Placemark>

      <Placemark>
        <name>Sanctuary of Demeter and the Child, in Bouporthmos</name>
        <description><![CDATA[<strong>name</strong>: Sanctuary of Demeter and the Child, in Bouporthmos<br><strong>region</strong>: Hermionis Bk2<br><strong>part of</strong>: Bouporthmos (mountain)<br><strong>location</strong>: Bouporthmos (mountain)<br><strong>Wikidata</strong>: <a href="https://wikidata.org/wiki/Q134037763" target="_blank">https://wikidata.org/wiki/Q134037763</a><br><strong>type</strong>: hieron<br><strong>passages</strong>: 2.34.8]]></description>
        <Point><coordinates>23.26278,37.34678</coordinates></Point>
      </Placemark>

      <Placemark>
        <name>Walls of Argos</name>
        <description><![CDATA[<strong>name</strong>: Walls of Argos<br><strong>region</strong>: Argolid Bk2<br><strong>part of</strong>: Argos (Argolid)<br><strong>location</strong>: Argos (Argolid)<br><strong>type</strong>: city walls<br><strong>passages</strong>: 2.20.9, 3.5.9]]></description>
        <Point><coordinates>22.7195,37.6316</coordinates></Point>
      </Placemark>

      <Placemark>
        <name>Four pits in Titane where secret rites are performed</name>
        <description><![CDATA[<strong>name</strong>: Four pits in Titane where secret rites are performed<br><strong>region</strong>: Corinthia Bk2<br><strong>part of</strong>: Titane<br><strong>location</strong>: Titane<br><strong>type</strong>: pit<br><strong>passages</strong>: 2.12.1]]></description>
        <Point><coordinates>22.62501,37.92049</coordinates></Point>
      </Placemark>

      <Placemark>
        <name>sanctuary of Dioscuroi at Sicyon</name>
        <description><![CDATA[<strong>name</strong>: sanctuary of Dioscuroi at Sicyon<br><strong>region</strong>: Sikyonia Bk2<br><strong>part of</strong>: Sicyon (Sikyonia)<br><strong>location</strong>: Sicyon (Sikyonia)<br><strong>Wikidata</strong>: <a href="https://wikidata.org/wiki/Q134037379" target="_blank">https://wikidata.org/wiki/Q134037379</a><br><strong>type</strong>: hieron<br><strong>passages</strong>: 2.7.5]]></description>
        <Point><coordinates>22.7145,37.9834</coordinates></Point>
      </Placemark>

      <Placemark>
        <name>log  in Apollo Lykios sanctuary in Sicyon, poison to wolves</name>
        <description><![CDATA[<strong>name</strong>: log  in Apollo Lykios sanctuary in Sicyon, poison to wolves<br><strong>region</strong>: Sikyonia Bk2<br><strong>part of</strong>: Sanctuary of Apollo Lykios at Sicyon, in ruins<br><strong>location</strong>: Sanctuary of Apollo Lykios at Sicyon, in ruins<br><strong>type</strong>: tree<br><strong>passages</strong>: 2.9.7]]></description>
        <Point><coordinates>22.7145,37.9834</coordinates></Point>
      </Placemark>

      <Placemark>
        <name>Plataea (Boeotia)</name>
        <description><![CDATA[<strong>name</strong>: Plataea (Boeotia)<br><strong>region</strong>: Boiotia Bk9<br><strong>part of</strong>: Plataiis<br><strong>altname</strong>: Plataia<br><strong>Wikidata</strong>: <a href="https://wikidata.org/wiki/Q742538" target="_blank">https://wikidata.org/wiki/Q742538</a><br><strong>type</strong>: battlefield, polis<br><strong>passages</strong>: 1.13.4, 1.27.1, 1.38.8, 10.13.9, 10.2.1, 10.5.3, 10.5.4, 2.6.1, 3.11.7, 3.14.1, 3.17.7, 3.4.10, 3.4.9, 3.5.1, 3.7.10, 6.10.6, 6.3.8, 7.27.2, 7.6.4, 8.52.2, 8.6.1, 9.1.2, 9.1.4, 9.1.5, 9.1.8, 9.2.1, 9.2.3, 9.2.5, 9.2.6, 9.2.7, 9.3.1, 9.4.2, 9.4.3, 9.4.4, 9.5.11, 9.6.1, 9.8.7<br><strong>Pleiades</strong>: <a href="https://pleiades.stoa.org/places/541063" target="_blank">https://pleiades.stoa.org/places/541063</a><br><strong>ToposText</strong>: <a href="https://topostext.org/place/382233PPla" target="_blank">https://topostext.org/place/382233PPla</a>]]></description>
        <Point><coordinates>23.2733,38.2213</coordinates></Point>
      </Placemark>

      <Placemark>
        <name>Methana (Troizenia)</name>
        <description><![CDATA[<strong>name</strong>: Methana (Troizenia)<br><strong>region</strong>: Troizenia Bk2<br><strong>part of</strong>: Troizenia Bk2<br><strong>Wikidata</strong>: <a href="https://wikidata.org/wiki/Q107472458" target="_blank">https://wikidata.org/wiki/Q107472458</a><br><strong>type</strong>: polisma<br><strong>passages</strong>: 2.34.1, 2.34.2, 2.34.3, 2.34.4<br><strong>Pleiades</strong>: <a href="https://pleiades.stoa.org/places/570482" target="_blank">https://pleiades.stoa.org/places/570482</a><br><strong>ToposText</strong>: <a href="https://topostext.org/place/376234PMet" target="_blank">https://topostext.org/place/376234PMet</a>]]></description>
        <Point><coordinates>23.3496,37.5868</coordinates></Point>
      </Placemark>

      <Placemark>
        <name>Methana (Troizenia)</name>
        <description><![CDATA[<strong>name</strong>: Methana (Troizenia)<br><strong>region</strong>: Troizenia Bk2<br><strong>part of</strong>: Troizenia Bk2<br><strong>Wikidata</strong>: <a href="https://wikidata.org/wiki/Q107472458" target="_blank">https://wikidata.org/wiki/Q107472458</a><br><strong>type</strong>: polisma<br><strong>passages</strong>: 2.34.1, 2.34.2, 2.34.3, 2.34.4<br><strong>Pleiades</strong>: <a href="https://pleiades.stoa.org/places/570482" target="_blank">https://pleiades.stoa.org/places/570482</a><br><strong>ToposText</strong>: <a href="https://topostext.org/place/376234PMet" target="_blank">https://topostext.org/place/376234PMet</a>]]></description>
        <Point><coordinates>23.3496,37.5868</coordinates></Point>
      </Placemark>

      <Placemark>
        <name>Methana (Troizenia)</name>
        <description><![CDATA[<strong>name</strong>: Methana (Troizenia)<br><strong>region</strong>: Troizenia Bk2<br><strong>part of</strong>: Troizenia Bk2<br><strong>Wikidata</strong>: <a href="https://wikidata.org/wiki/Q107472458" target="_blank">https://wikidata.org/wiki/Q107472458</a><br><strong>type</strong>: polisma<br><strong>passages</strong>: 2.34.1, 2.34.2, 2.34.3, 2.34.4<br><strong>Pleiades</strong>: <a href="https://pleiades.stoa.org/places/570482" target="_blank">https://pleiades.stoa.org/places/570482</a><br><strong>ToposText</strong>: <a href="https://topostext.org/place/376234PMet" target="_blank">https://topostext.org/place/376234PMet</a>]]></description>
        <Point><coordinates>23.3496,37.5868</coordinates></Point>
      </Placemark>

      <Placemark>
        <name>Methana (Troizenia)</name>
        <description><![CDATA[<strong>name</strong>: Methana (Troizenia)<br><strong>region</strong>: Troizenia Bk2<br><strong>part of</strong>: Troizenia Bk2<br><strong>Wikidata</strong>: <a href="https://wikidata.org/wiki/Q107472458" target="_blank">https://wikidata.org/wiki/Q107472458</a><br><strong>type</strong>: polisma<br><strong>passages</strong>: 2.34.1, 2.34.2, 2.34.3, 2.34.4<br><strong>Pleiades</strong>: <a href="https://pleiades.stoa.org/places/570482" target="_blank">https://pleiades.stoa.org/places/570482</a><br><strong>ToposText</strong>: <a href="https://topostext.org/place/376234PMet" target="_blank">https://topostext.org/place/376234PMet</a>]]></description>
        <Point><coordinates>23.3496,37.5868</coordinates></Point>
      </Placemark>

      <Placemark>
        <name>Zeus Panhellenios sanctuary (Aigina)</name>
        <description><![CDATA[<strong>name</strong>: Zeus Panhellenios sanctuary (Aigina)<br><strong>region</strong>: Aigina island Bk2<br><strong>part of</strong>: Aigina island Bk2<br><strong>altname</strong>: on shoulder of Mt. Oros, substantial retaining walls preserved<br><strong>Wikidata</strong>: <a href="https://wikidata.org/wiki/Q110302685" target="_blank">https://wikidata.org/wiki/Q110302685</a><br><strong>type</strong>: hieron<br><strong>passages</strong>: 2.30.4<br><strong>Pleiades</strong>: <a href="https://pleiades.stoa.org/places/580139" target="_blank">https://pleiades.stoa.org/places/580139</a><br><strong>ToposText</strong>: <a href="https://topostext.org/place/377235SPan" target="_blank">https://topostext.org/place/377235SPan</a>]]></description>
        <Point><coordinates>23.4975,37.7078</coordinates></Point>
      </Placemark>

      <Placemark>
        <name>Cyclades region (Aegean)</name>
        <description><![CDATA[<strong>name</strong>: Cyclades region (Aegean)<br><strong>region</strong>: Aegean Sea (Hellas)<br><strong>part of</strong>: Hellas (Europe)<br><strong>Wikidata</strong>: <a href="https://wikidata.org/wiki/Q171132" target="_blank">https://wikidata.org/wiki/Q171132</a><br><strong>type</strong>: chora/region<br><strong>passages</strong>: 1.1.1, 2.22.1, 5.21.13, 5.23.2<br><strong>Pleiades</strong>: <a href="https://pleiades.stoa.org/places/560353" target="_blank">https://pleiades.stoa.org/places/560353</a><br><strong>ToposText</strong>: <a href="https://topostext.org/place/372248RKyk" target="_blank">https://topostext.org/place/372248RKyk</a>]]></description>
        <Point><coordinates>24.8,37.2</coordinates></Point>
      </Placemark>

      <Placemark>
        <name>Sanctuary of Poseidon on promontory of Hermione</name>
        <description><![CDATA[<strong>name</strong>: Sanctuary of Poseidon on promontory of Hermione<br><strong>region</strong>: Hermionis Bk2<br><strong>part of</strong>: Promontory of Hermione<br><strong>location</strong>: Promontory of Hermione<br><strong>Wikidata</strong>: <a href="https://wikidata.org/wiki/Q134037743" target="_blank">https://wikidata.org/wiki/Q134037743</a><br><strong>type</strong>: hieron<br><strong>passages</strong>: 2.34.9]]></description>
        <Point><coordinates>23.243591,37.385218</coordinates></Point>
      </Placemark>

      <Placemark>
        <name>Temple of Hera Prodromia at Sicyon</name>
        <description><![CDATA[<strong>name</strong>: Temple of Hera Prodromia at Sicyon<br><strong>region</strong>: Sikyonia Bk2<br><strong>part of</strong>: Sicyon (Sikyonia)<br><strong>location</strong>: Sicyon (Sikyonia)<br><strong>type</strong>: temple<br><strong>passages</strong>: 2.11.2]]></description>
        <Point><coordinates>22.7145,37.9834</coordinates></Point>
      </Placemark>

      <Placemark>
        <name>Tomb of Gorgophone in Argos agora</name>
        <description><![CDATA[<strong>name</strong>: Tomb of Gorgophone in Argos agora<br><strong>region</strong>: Argolid Bk2<br><strong>part of</strong>: Agora of Argos<br><strong>location</strong>: Agora of Argos<br><strong>altname</strong>: beside the Gorgon monument<br><strong>Wikidata</strong>: <a href="https://wikidata.org/wiki/Q136487457" target="_blank">https://wikidata.org/wiki/Q136487457</a><br><strong>type</strong>: tomb mnema<br><strong>passages</strong>: 2.21.7<br><strong>Manto</strong>: <a href="https://resource.manto.unh.edu/10185383" target="_blank">https://resource.manto.unh.edu/10185383</a>]]></description>
        <Point><coordinates>22.7214,37.6305</coordinates></Point>
      </Placemark>

      <Placemark>
        <name>Marsyas (river)</name>
        <description><![CDATA[<strong>name</strong>: Marsyas (river)<br><strong>region</strong>: Asia Minor (Asia)<br><strong>part of</strong>: Phrygia<br><strong>type</strong>: river<br><strong>passages</strong>: 10.30.9, 2.7.9<br><strong>Pleiades</strong>: <a href="https://pleiades.stoa.org/places/638986" target="_blank">https://pleiades.stoa.org/places/638986</a>]]></description>
        <Point><coordinates>30.16017,38.08044</coordinates></Point>
      </Placemark>

      <Placemark>
        <name>Altar of the Muses and of Hypnos in Troizen, near the Mouseion</name>
        <description><![CDATA[<strong>name</strong>: Altar of the Muses and of Hypnos in Troizen, near the Mouseion<br><strong>region</strong>: Troizenia Bk2<br><strong>part of</strong>: Troizen (Troizenia)<br><strong>location</strong>: Troizen (Troizenia)<br><strong>type</strong>: altar<br><strong>passages</strong>: 2.31.3]]></description>
        <Point><coordinates>23.3484,37.5033</coordinates></Point>
      </Placemark>

      <Placemark>
        <name>Acrocorinth</name>
        <description><![CDATA[<strong>name</strong>: Acrocorinth<br><strong>region</strong>: Corinthia Bk2<br><strong>part of</strong>: Corinth (Corinthia)<br><strong>altname</strong>: Akrokorinthos<br><strong>Wikidata</strong>: <a href="https://wikidata.org/wiki/Q420810" target="_blank">https://wikidata.org/wiki/Q420810</a><br><strong>type</strong>: acropolis, fortification<br><strong>passages</strong>: 2.1.6, 2.4.6, 2.5.1, 2.5.3, 7.7.6, 7.8.3<br><strong>Pleiades</strong>: <a href="https://pleiades.stoa.org/places/570059" target="_blank">https://pleiades.stoa.org/places/570059</a>]]></description>
        <Point><coordinates>22.878721,37.906045</coordinates></Point>
      </Placemark>

      <Placemark>
        <name>Acrocorinth</name>
        <description><![CDATA[<strong>name</strong>: Acrocorinth<br><strong>region</strong>: Corinthia Bk2<br><strong>part of</strong>: Corinth (Corinthia)<br><strong>altname</strong>: Akrokorinthos<br><strong>Wikidata</strong>: <a href="https://wikidata.org/wiki/Q420810" target="_blank">https://wikidata.org/wiki/Q420810</a><br><strong>type</strong>: acropolis, fortification<br><strong>passages</strong>: 2.1.6, 2.4.6, 2.5.1, 2.5.3, 7.7.6, 7.8.3<br><strong>Pleiades</strong>: <a href="https://pleiades.stoa.org/places/570059" target="_blank">https://pleiades.stoa.org/places/570059</a>]]></description>
        <Point><coordinates>22.878721,37.906045</coordinates></Point>
      </Placemark>

      <Placemark>
        <name>Acrocorinth</name>
        <description><![CDATA[<strong>name</strong>: Acrocorinth<br><strong>region</strong>: Corinthia Bk2<br><strong>part of</strong>: Corinth (Corinthia)<br><strong>altname</strong>: Akrokorinthos<br><strong>Wikidata</strong>: <a href="https://wikidata.org/wiki/Q420810" target="_blank">https://wikidata.org/wiki/Q420810</a><br><strong>type</strong>: acropolis, fortification<br><strong>passages</strong>: 2.1.6, 2.4.6, 2.5.1, 2.5.3, 7.7.6, 7.8.3<br><strong>Pleiades</strong>: <a href="https://pleiades.stoa.org/places/570059" target="_blank">https://pleiades.stoa.org/places/570059</a>]]></description>
        <Point><coordinates>22.878721,37.906045</coordinates></Point>
      </Placemark>

      <Placemark>
        <name>Acrocorinth</name>
        <description><![CDATA[<strong>name</strong>: Acrocorinth<br><strong>region</strong>: Corinthia Bk2<br><strong>part of</strong>: Corinth (Corinthia)<br><strong>altname</strong>: Akrokorinthos<br><strong>Wikidata</strong>: <a href="https://wikidata.org/wiki/Q420810" target="_blank">https://wikidata.org/wiki/Q420810</a><br><strong>type</strong>: acropolis, fortification<br><strong>passages</strong>: 2.1.6, 2.4.6, 2.5.1, 2.5.3, 7.7.6, 7.8.3<br><strong>Pleiades</strong>: <a href="https://pleiades.stoa.org/places/570059" target="_blank">https://pleiades.stoa.org/places/570059</a>]]></description>
        <Point><coordinates>22.878721,37.906045</coordinates></Point>
      </Placemark>

      <Placemark>
        <name>Stadium of Hippolytus in Troizen</name>
        <description><![CDATA[<strong>name</strong>: Stadium of Hippolytus in Troizen<br><strong>region</strong>: Troizenia Bk2<br><strong>part of</strong>: Troizen (Troizenia)<br><strong>location</strong>: Troizen (Troizenia)<br><strong>type</strong>: stadium<br><strong>passages</strong>: 2.32.3]]></description>
        <Point><coordinates>23.3484,37.5033</coordinates></Point>
      </Placemark>

      <Placemark>
        <name>Pit in Argos, in front of the temple of Apollo Lykios.</name>
        <description><![CDATA[<strong>name</strong>: Pit in Argos, in front of the temple of Apollo Lykios.<br><strong>region</strong>: Argolid Bk2<br><strong>part of</strong>: Argos (Argolid)<br><strong>location</strong>: Argos (Argolid)<br><strong>type</strong>: pit<br><strong>passages</strong>: 2.19.7]]></description>
        <Point><coordinates>22.7195,37.6316</coordinates></Point>
      </Placemark>

      <Placemark>
        <name>Lerna spring near Corinth theater</name>
        <description><![CDATA[<strong>name</strong>: Lerna spring near Corinth theater<br><strong>region</strong>: Corinthia Bk2<br><strong>part of</strong>: Corinth (Corinthia)<br><strong>location</strong>: Corinth (Corinthia)<br><strong>type</strong>: spring pege<br><strong>passages</strong>: 2.4.5]]></description>
        <Point><coordinates>22.8802,37.9054</coordinates></Point>
      </Placemark>

      <Placemark>
        <name>Heroon of Hyrnetho in Hyrnethion</name>
        <description><![CDATA[<strong>name</strong>: Heroon of Hyrnetho in Hyrnethion<br><strong>region</strong>: Epidauria Bk2<br><strong>part of</strong>: Hyrnethion (Epidauria)<br><strong>location</strong>: Hyrnethion (Epidauria)<br><strong>Wikidata</strong>: <a href="https://wikidata.org/wiki/Q136487496" target="_blank">https://wikidata.org/wiki/Q136487496</a><br><strong>type</strong>: heroon<br><strong>passages</strong>: 2.28.7]]></description>
        <Point><coordinates>23.1,37.6</coordinates></Point>
      </Placemark>

      <Placemark>
        <name>Sanctuary of the Dioskouroi on the road from Argos to Lerna</name>
        <description><![CDATA[<strong>name</strong>: Sanctuary of the Dioskouroi on the road from Argos to Lerna<br><strong>region</strong>: Argolid Bk2<br><strong>part of</strong>: Argolid Bk2<br><strong>Wikidata</strong>: <a href="https://wikidata.org/wiki/Q134037353" target="_blank">https://wikidata.org/wiki/Q134037353</a><br><strong>type</strong>: hieron<br><strong>passages</strong>: 2.36.6<br><strong>Manto</strong>: <a href="https://resource.manto.unh.edu/11289350" target="_blank">https://resource.manto.unh.edu/11289350</a>]]></description>
        <Point><coordinates>22.70838,37.59848</coordinates></Point>
      </Placemark>

      <Placemark>
        <name>Temple of Octavia above Corinth Agora</name>
        <description><![CDATA[<strong>name</strong>: Temple of Octavia above Corinth Agora<br><strong>region</strong>: Corinthia Bk2<br><strong>part of</strong>: Corinth (Corinthia)<br><strong>altname</strong>: Temple E at Corinth (?)<br><strong>Wikidata</strong>: <a href="https://wikidata.org/wiki/Q25451391" target="_blank">https://wikidata.org/wiki/Q25451391</a><br><strong>type</strong>: temple<br><strong>passages</strong>: 2.3.1<br><strong>ToposText</strong>: <a href="https://topostext.org/place/379229SOct" target="_blank">https://topostext.org/place/379229SOct</a>]]></description>
        <Point><coordinates>22.87793,37.90487</coordinates></Point>
      </Placemark>

      <Placemark>
        <name>Phokis Bk10</name>
        <description><![CDATA[<strong>name</strong>: Phokis Bk10<br><strong>region</strong>: <br><strong>part of</strong>: Hellas (Europe)<br><strong>altname</strong>: Phocis region<br><strong>Wikidata</strong>: <a href="https://wikidata.org/wiki/Q2637650" target="_blank">https://wikidata.org/wiki/Q2637650</a><br><strong>type</strong>: chora/region<br><strong>passages</strong>: 1.20.6, 10.1.1, 10.1.2, 10.1.4, 10.17.13, 10.23.10, 10.30.4, 10.33.7, 10.34.2, 10.35.1, 10.35.8, 10.37.2, 10.38.1, 10.4.1, 10.4.2, 10.5.3, 10.8.2, 2.29.2, 2.29.3, 2.4.3, 3.5.3, 3.9.10, 4.31.5, 6.19.5, 7.14.7, 7.15.5, 7.18.9, 7.3.10, 7.7.9, 8.1.5, 8.4.4, 9.17.4, 9.36.3, 9.40.12<br><strong>Pleiades</strong>: <a href="https://pleiades.stoa.org/places/541048" target="_blank">https://pleiades.stoa.org/places/541048</a><br><strong>ToposText</strong>: <a href="https://topostext.org/place/386227RPho" target="_blank">https://topostext.org/place/386227RPho</a>]]></description>
        <Point><coordinates>22.7,38.6</coordinates></Point>
      </Placemark>

      <Placemark>
        <name>Phokis Bk10</name>
        <description><![CDATA[<strong>name</strong>: Phokis Bk10<br><strong>region</strong>: <br><strong>part of</strong>: Hellas (Europe)<br><strong>altname</strong>: Phocis region<br><strong>Wikidata</strong>: <a href="https://wikidata.org/wiki/Q2637650" target="_blank">https://wikidata.org/wiki/Q2637650</a><br><strong>type</strong>: chora/region<br><strong>passages</strong>: 1.20.6, 10.1.1, 10.1.2, 10.1.4, 10.17.13, 10.23.10, 10.30.4, 10.33.7, 10.34.2, 10.35.1, 10.35.8, 10.37.2, 10.38.1, 10.4.1, 10.4.2, 10.5.3, 10.8.2, 2.29.2, 2.29.3, 2.4.3, 3.5.3, 3.9.10, 4.31.5, 6.19.5, 7.14.7, 7.15.5, 7.18.9, 7.3.10, 7.7.9, 8.1.5, 8.4.4, 9.17.4, 9.36.3, 9.40.12<br><strong>Pleiades</strong>: <a href="https://pleiades.stoa.org/places/541048" target="_blank">https://pleiades.stoa.org/places/541048</a><br><strong>ToposText</strong>: <a href="https://topostext.org/place/386227RPho" target="_blank">https://topostext.org/place/386227RPho</a>]]></description>
        <Point><coordinates>22.7,38.6</coordinates></Point>
      </Placemark>

      <Placemark>
        <name>Phokis Bk10</name>
        <description><![CDATA[<strong>name</strong>: Phokis Bk10<br><strong>region</strong>: <br><strong>part of</strong>: Hellas (Europe)<br><strong>altname</strong>: Phocis region<br><strong>Wikidata</strong>: <a href="https://wikidata.org/wiki/Q2637650" target="_blank">https://wikidata.org/wiki/Q2637650</a><br><strong>type</strong>: chora/region<br><strong>passages</strong>: 1.20.6, 10.1.1, 10.1.2, 10.1.4, 10.17.13, 10.23.10, 10.30.4, 10.33.7, 10.34.2, 10.35.1, 10.35.8, 10.37.2, 10.38.1, 10.4.1, 10.4.2, 10.5.3, 10.8.2, 2.29.2, 2.29.3, 2.4.3, 3.5.3, 3.9.10, 4.31.5, 6.19.5, 7.14.7, 7.15.5, 7.18.9, 7.3.10, 7.7.9, 8.1.5, 8.4.4, 9.17.4, 9.36.3, 9.40.12<br><strong>Pleiades</strong>: <a href="https://pleiades.stoa.org/places/541048" target="_blank">https://pleiades.stoa.org/places/541048</a><br><strong>ToposText</strong>: <a href="https://topostext.org/place/386227RPho" target="_blank">https://topostext.org/place/386227RPho</a>]]></description>
        <Point><coordinates>22.7,38.6</coordinates></Point>
      </Placemark>

      <Placemark>
        <name>Court of Priam in Ilium</name>
        <description><![CDATA[<strong>name</strong>: Court of Priam in Ilium<br><strong>region</strong>: Asia Minor (Asia)<br><strong>part of</strong>: Ilium<br><strong>location</strong>: Ilium<br><strong>type</strong>: megaron<br><strong>passages</strong>: 2.24.3]]></description>
        <Point><coordinates>26.23873,39.9577</coordinates></Point>
      </Placemark>

      <Placemark>
        <name>Mantic House  in Phlious</name>
        <description><![CDATA[<strong>name</strong>: Mantic House  in Phlious<br><strong>region</strong>: Phlious Bk2<br><strong>part of</strong>: Phlious Bk2<br><strong>location</strong>: Phlious Bk2<br><strong>altname</strong>: behind the Agora<br><strong>type</strong>: building<br><strong>passages</strong>: 2.13.7]]></description>
        <Point><coordinates>22.649131,37.846299</coordinates></Point>
      </Placemark>

      <Placemark>
        <name>Tomb of Eupolis on road to Sicyon</name>
        <description><![CDATA[<strong>name</strong>: Tomb of Eupolis on road to Sicyon<br><strong>region</strong>: Sikyonia Bk2<br><strong>part of</strong>: road Corinth to Sikyon<br><strong>location</strong>: Sicyon (Sikyonia)<br><strong>Wikidata</strong>: <a href="https://wikidata.org/wiki/Q136487437" target="_blank">https://wikidata.org/wiki/Q136487437</a><br><strong>type</strong>: tomb mnema<br><strong>passages</strong>: 2.7.3]]></description>
        <Point><coordinates>22.7145,37.9834</coordinates></Point>
      </Placemark>

      <Placemark>
        <name>Stadium of Hermione, foundations</name>
        <description><![CDATA[<strong>name</strong>: Stadium of Hermione, foundations<br><strong>region</strong>: Hermionis Bk2<br><strong>part of</strong>: Hermione<br><strong>location</strong>: Hermione<br><strong>type</strong>: stadium<br><strong>passages</strong>: 2.34.10]]></description>
        <Point><coordinates>23.243591,37.385218</coordinates></Point>
      </Placemark>

      <Placemark>
        <name>Grove of cypress trees in Phlious acropolis</name>
        <description><![CDATA[<strong>name</strong>: Grove of cypress trees in Phlious acropolis<br><strong>region</strong>: Phlious Bk2<br><strong>part of</strong>: Phlious Bk2<br><strong>location</strong>: Phlious Bk2<br><strong>type</strong>: cypress grove<br><strong>passages</strong>: 2.13.3]]></description>
        <Point><coordinates>22.649131,37.846299</coordinates></Point>
      </Placemark>

      <Placemark>
        <name>Temple of Ares in Hermione, next to the temple of Klymenos</name>
        <description><![CDATA[<strong>name</strong>: Temple of Ares in Hermione, next to the temple of Klymenos<br><strong>region</strong>: Hermionis Bk2<br><strong>part of</strong>: Pron M.<br><strong>location</strong>: Pron M.<br><strong>type</strong>: temple<br><strong>passages</strong>: 2.35.10]]></description>
        <Point><coordinates>23.235,37.3884</coordinates></Point>
      </Placemark>

      <Placemark>
        <name>Carthage, Carthago</name>
        <description><![CDATA[<strong>name</strong>: Carthage, Carthago<br><strong>region</strong>: Libya (Africa)<br><strong>part of</strong>: Libya (Africa)<br><strong>Wikidata</strong>: <a href="https://wikidata.org/wiki/Q6343" target="_blank">https://wikidata.org/wiki/Q6343</a><br><strong>type</strong>: settlement<br><strong>passages</strong>: 2.1.2, 5.25.6, 8.30.9, 8.43.4<br><strong>Pleiades</strong>: <a href="https://pleiades.stoa.org/places/314921" target="_blank">https://pleiades.stoa.org/places/314921</a>]]></description>
        <Point><coordinates>10.327986,36.857569</coordinates></Point>
      </Placemark>

      <Placemark>
        <name>Titane at road summit from Sicyon</name>
        <description><![CDATA[<strong>name</strong>: Titane at road summit from Sicyon<br><strong>region</strong>: Sikyonia Bk2<br><strong>part of</strong>: Titane<br><strong>location</strong>: Titane<br><strong>type</strong>: summit<br><strong>passages</strong>: 2.11.5]]></description>
        <Point><coordinates>22.62501,37.92049</coordinates></Point>
      </Placemark>

      <Placemark>
        <name>Tomb of Deianeira in Argos</name>
        <description><![CDATA[<strong>name</strong>: Tomb of Deianeira in Argos<br><strong>region</strong>: Argolid Bk2<br><strong>part of</strong>: Argos (Argolid)<br><strong>location</strong>: Argos (Argolid)<br><strong>altname</strong>: per Pausanias, she died elsewhere<br><strong>Wikidata</strong>: <a href="https://wikidata.org/wiki/Q136487475" target="_blank">https://wikidata.org/wiki/Q136487475</a><br><strong>type</strong>: tomb mnema<br><strong>passages</strong>: 2.23.5<br><strong>Manto</strong>: <a href="https://resource.manto.unh.edu/10187127" target="_blank">https://resource.manto.unh.edu/10187127</a>]]></description>
        <Point><coordinates>22.7195,37.6316</coordinates></Point>
      </Placemark>

      <Placemark>
        <name>Cheimarros</name>
        <description><![CDATA[<strong>name</strong>: Cheimarros<br><strong>region</strong>: Argolid Bk2<br><strong>part of</strong>: Argolid Bk2<br><strong>location</strong>: Argolid Bk2<br><strong>type</strong>: river<br><strong>passages</strong>: 2.36.7<br><strong>Pleiades</strong>: <a href="https://pleiades.stoa.org/places/573171" target="_blank">https://pleiades.stoa.org/places/573171</a>]]></description>
        <Point><coordinates>22.9,37.67</coordinates></Point>
      </Placemark>

      <Placemark>
        <name>Temple of Apollo Horios at Hermione</name>
        <description><![CDATA[<strong>name</strong>: Temple of Apollo Horios at Hermione<br><strong>region</strong>: Hermionis Bk2<br><strong>part of</strong>: Hermione<br><strong>location</strong>: Hermione<br><strong>type</strong>: temple<br><strong>passages</strong>: 2.35.2]]></description>
        <Point><coordinates>23.243591,37.385218</coordinates></Point>
      </Placemark>

      <Placemark>
        <name>Temple of Aphaia on Aigina</name>
        <description><![CDATA[<strong>name</strong>: Temple of Aphaia on Aigina<br><strong>region</strong>: Aigina island Bk2<br><strong>part of</strong>: Aigina island Bk2<br><strong>Wikidata</strong>: <a href="https://wikidata.org/wiki/Q596988" target="_blank">https://wikidata.org/wiki/Q596988</a><br><strong>type</strong>: hieron<br><strong>passages</strong>: 2.30.3<br><strong>Manto</strong>: <a href="https://resource.manto.unh.edu/11312731" target="_blank">https://resource.manto.unh.edu/11312731</a><br><strong>Pleiades</strong>: <a href="https://pleiades.stoa.org/places/579872" target="_blank">https://pleiades.stoa.org/places/579872</a><br><strong>ToposText</strong>: <a href="https://topostext.org/place/378235SAph" target="_blank">https://topostext.org/place/378235SAph</a>]]></description>
        <Point><coordinates>23.5331,37.7543</coordinates></Point>
      </Placemark>

      <Placemark>
        <name>Temple of Demeter and Persephone at the Akropolis of Phliasia</name>
        <description><![CDATA[<strong>name</strong>: Temple of Demeter and Persephone at the Akropolis of Phliasia<br><strong>region</strong>: Phlious Bk2<br><strong>part of</strong>: Phlious Bk2<br><strong>location</strong>: Phlious Bk2<br><strong>type</strong>: temple<br><strong>passages</strong>: 2.13.5]]></description>
        <Point><coordinates>22.649131,37.846299</coordinates></Point>
      </Placemark>

      <Placemark>
        <name>Oak grove of the Eumenides on Sicyon - Titane road.</name>
        <description><![CDATA[<strong>name</strong>: Oak grove of the Eumenides on Sicyon - Titane road.<br><strong>region</strong>: Sikyonia Bk2<br><strong>part of</strong>: road Sicyon to Titane, narrow, 60 stades<br><strong>type</strong>: grove<br><strong>passages</strong>: 2.11.4]]></description>
        <Point><coordinates>22.678,37.96</coordinates></Point>
      </Placemark>

      <Placemark>
        <name>Sanctuary of Aphrodite Nymphia, near the stone of Theseus, in the mountains from Troizen to Hermione</name>
        <description><![CDATA[<strong>name</strong>: Sanctuary of Aphrodite Nymphia, near the stone of Theseus, in the mountains from Troizen to Hermione<br><strong>region</strong>: Troizenia Bk2<br><strong>part of</strong>: Troizen (Troizenia)<br><strong>location</strong>: Troizen (Troizenia)<br><strong>Wikidata</strong>: <a href="https://wikidata.org/wiki/Q134037991" target="_blank">https://wikidata.org/wiki/Q134037991</a><br><strong>type</strong>: hieron<br><strong>passages</strong>: 2.32.7<br><strong>Manto</strong>: <a href="https://resource.manto.unh.edu/10214934" target="_blank">https://resource.manto.unh.edu/10214934</a>]]></description>
        <Point><coordinates>23.3484,37.5033</coordinates></Point>
      </Placemark>

      <Placemark>
        <name>Kenchreai (Argolid)</name>
        <description><![CDATA[<strong>name</strong>: Kenchreai (Argolid)<br><strong>region</strong>: Argolid Bk2<br><strong>part of</strong>: Argolid Bk2<br><strong>altname</strong>: Cenchreae: unlocated, possibly near Elliniko pyramid or Palaia Skafidaki (coordinates)<br><strong>Wikidata</strong>: <a href="https://wikidata.org/wiki/Q16554749" target="_blank">https://wikidata.org/wiki/Q16554749</a><br><strong>type</strong>: chorion<br><strong>passages</strong>: 2.24.7, 7.6.7<br><strong>Pleiades</strong>: <a href="https://pleiades.stoa.org/places/570346" target="_blank">https://pleiades.stoa.org/places/570346</a><br><strong>ToposText</strong>: <a href="https://topostext.org/place/378229UKen" target="_blank">https://topostext.org/place/378229UKen</a>]]></description>
        <Point><coordinates>22.609,37.5475</coordinates></Point>
      </Placemark>

      <Placemark>
        <name>Temple of Apollo Deiradiotes in Argos</name>
        <description><![CDATA[<strong>name</strong>: Temple of Apollo Deiradiotes in Argos<br><strong>region</strong>: Argolid Bk2<br><strong>part of</strong>: Ascent from Argos to Larisa citadel<br><strong>location</strong>: Ascent from Argos to Larisa citadel<br><strong>Wikidata</strong>: <a href="https://wikidata.org/wiki/Q38281150" target="_blank">https://wikidata.org/wiki/Q38281150</a><br><strong>type</strong>: oracle manteion, temple<br><strong>passages</strong>: 2.24.1<br><strong>Pleiades</strong>: <a href="https://pleiades.stoa.org/places/939076786" target="_blank">https://pleiades.stoa.org/places/939076786</a><br><strong>ToposText</strong>: <a href="https://topostext.org/place/376227SApD" target="_blank">https://topostext.org/place/376227SApD</a>]]></description>
        <Point><coordinates>22.7195,37.6316</coordinates></Point>
      </Placemark>

      <Placemark>
        <name>Enclosures, large stones, in Hermione, dedicated to Demeter</name>
        <description><![CDATA[<strong>name</strong>: Enclosures, large stones, in Hermione, dedicated to Demeter<br><strong>region</strong>: Hermionis Bk2<br><strong>part of</strong>: Hermione<br><strong>location</strong>: Hermione<br><strong>type</strong>: enclosure<br><strong>passages</strong>: 2.34.10]]></description>
        <Point><coordinates>23.243591,37.385218</coordinates></Point>
      </Placemark>

      <Placemark>
        <name>Sanctuary of Apollo Lykios at Sicyon, in ruins</name>
        <description><![CDATA[<strong>name</strong>: Sanctuary of Apollo Lykios at Sicyon, in ruins<br><strong>region</strong>: Sikyonia Bk2<br><strong>part of</strong>: Sicyon (Sikyonia)<br><strong>location</strong>: Sicyon (Sikyonia)<br><strong>Wikidata</strong>: <a href="https://wikidata.org/wiki/Q134037416" target="_blank">https://wikidata.org/wiki/Q134037416</a><br><strong>type</strong>: hieron<br><strong>passages</strong>: 2.9.7]]></description>
        <Point><coordinates>22.7145,37.9834</coordinates></Point>
      </Placemark>

      <Placemark>
        <name>Stoa of Kotys (Epidauros Asklepieion)</name>
        <description><![CDATA[<strong>name</strong>: Stoa of Kotys (Epidauros Asklepieion)<br><strong>region</strong>: Epidauria Bk2<br><strong>part of</strong>: Asklepieion of Epidauros<br><strong>type</strong>: stoa<br><strong>passages</strong>: 2.27.6<br><strong>ToposText</strong>: <a href="https://topostext.org/place/376231BSKo" target="_blank">https://topostext.org/place/376231BSKo</a>]]></description>
        <Point><coordinates>23.075053,37.599482</coordinates></Point>
      </Placemark>

      <Placemark>
        <name>Precinct of Bellerophon in Craneion grove at Corinth</name>
        <description><![CDATA[<strong>name</strong>: Precinct of Bellerophon in Craneion grove at Corinth<br><strong>region</strong>: Corinthia Bk2<br><strong>part of</strong>: Corinth (Corinthia)<br><strong>location</strong>: Corinth (Corinthia)<br><strong>type</strong>: temenos<br><strong>passages</strong>: 2.2.4]]></description>
        <Point><coordinates>22.8802,37.9054</coordinates></Point>
      </Placemark>

      <Placemark>
        <name>Hellas (Europe)</name>
        <description><![CDATA[<strong>name</strong>: Hellas (Europe)<br><strong>region</strong>: Europe<br><strong>part of</strong>: Europe<br><strong>Wikidata</strong>: <a href="https://wikidata.org/wiki/Q11772" target="_blank">https://wikidata.org/wiki/Q11772</a><br><strong>type</strong>: major region<br><strong>passages</strong>: 1.1.1, 1.12.1, 1.27.9, 1.29.5, 1.3.5, 1.4.1, 1.4.2, 1.41.8, 1.5.5, 10.14.6, 10.17.3, 10.19.12, 10.19.5, 10.19.7, 10.19.8, 10.20.9, 10.23.12, 10.23.14, 10.23.8, 10.24.3, 10.25.1, 10.34.5, 10.5.3, 10.9.2, 2.1.8, 2.29.7, 2.29.8, 2.33.5, 2.4.5, 3.11.3, 3.12.7, 3.17.8, 3.20.6, 3.3.3, 3.4.7, 3.4.8, 3.7.11, 3.9.4, 3.9.8, 4.2.3, 4.28.4, 4.31.1, 5.10.1, 5.14.2, 5.15.2, 5.17.9, 5.20.10, 5.23.7, 5.24.2, 5.25.12, 5.4.6, 5.4.7, 5.4.9, 5.5.2, 5.7.7, 6.11.3, 6.18.5, 7.10.1, 7.10.2, 7.10.3, 7.10.4, 7.10.5, 7.10.7, 7.11.1, 7.11.2, 7.14.1, 7.15.1, 7.15.3, 7.16.10, 7.16.9, 7.17.1, 7.17.2, 7.17.3, 7.2.2, 7.20.6, 7.24.2, 7.26.11, 7.3.1, 7.5.13, 7.6.3, 7.6.9, 7.7.6, 7.8.1, 7.8.2, 7.8.7, 7.9.5, 8.14.5, 8.20.1, 8.3.5, 8.32.1, 8.37.2, 8.42.7, 8.43.4, 8.45.5, 8.46.3, 8.50.3, 8.50.4, 8.51.1, 8.51.4, 8.52.1, 8.52.2, 8.52.3, 8.52.4, 8.52.5, 8.52.6, 9.1.2, 9.17.6, 9.23.3, 9.28.1, 9.29.8, 9.38.2, 9.38.4, 9.6.2<br><strong>Pleiades</strong>: <a href="https://pleiades.stoa.org/places/1001896" target="_blank">https://pleiades.stoa.org/places/1001896</a>]]></description>
        <Point><coordinates>22.5,37.5</coordinates></Point>
      </Placemark>

      <Placemark>
        <name>Hellas (Europe)</name>
        <description><![CDATA[<strong>name</strong>: Hellas (Europe)<br><strong>region</strong>: Europe<br><strong>part of</strong>: Europe<br><strong>Wikidata</strong>: <a href="https://wikidata.org/wiki/Q11772" target="_blank">https://wikidata.org/wiki/Q11772</a><br><strong>type</strong>: major region<br><strong>passages</strong>: 1.1.1, 1.12.1, 1.27.9, 1.29.5, 1.3.5, 1.4.1, 1.4.2, 1.41.8, 1.5.5, 10.14.6, 10.17.3, 10.19.12, 10.19.5, 10.19.7, 10.19.8, 10.20.9, 10.23.12, 10.23.14, 10.23.8, 10.24.3, 10.25.1, 10.34.5, 10.5.3, 10.9.2, 2.1.8, 2.29.7, 2.29.8, 2.33.5, 2.4.5, 3.11.3, 3.12.7, 3.17.8, 3.20.6, 3.3.3, 3.4.7, 3.4.8, 3.7.11, 3.9.4, 3.9.8, 4.2.3, 4.28.4, 4.31.1, 5.10.1, 5.14.2, 5.15.2, 5.17.9, 5.20.10, 5.23.7, 5.24.2, 5.25.12, 5.4.6, 5.4.7, 5.4.9, 5.5.2, 5.7.7, 6.11.3, 6.18.5, 7.10.1, 7.10.2, 7.10.3, 7.10.4, 7.10.5, 7.10.7, 7.11.1, 7.11.2, 7.14.1, 7.15.1, 7.15.3, 7.16.10, 7.16.9, 7.17.1, 7.17.2, 7.17.3, 7.2.2, 7.20.6, 7.24.2, 7.26.11, 7.3.1, 7.5.13, 7.6.3, 7.6.9, 7.7.6, 7.8.1, 7.8.2, 7.8.7, 7.9.5, 8.14.5, 8.20.1, 8.3.5, 8.32.1, 8.37.2, 8.42.7, 8.43.4, 8.45.5, 8.46.3, 8.50.3, 8.50.4, 8.51.1, 8.51.4, 8.52.1, 8.52.2, 8.52.3, 8.52.4, 8.52.5, 8.52.6, 9.1.2, 9.17.6, 9.23.3, 9.28.1, 9.29.8, 9.38.2, 9.38.4, 9.6.2<br><strong>Pleiades</strong>: <a href="https://pleiades.stoa.org/places/1001896" target="_blank">https://pleiades.stoa.org/places/1001896</a>]]></description>
        <Point><coordinates>22.5,37.5</coordinates></Point>
      </Placemark>

      <Placemark>
        <name>Hellas (Europe)</name>
        <description><![CDATA[<strong>name</strong>: Hellas (Europe)<br><strong>region</strong>: Europe<br><strong>part of</strong>: Europe<br><strong>Wikidata</strong>: <a href="https://wikidata.org/wiki/Q11772" target="_blank">https://wikidata.org/wiki/Q11772</a><br><strong>type</strong>: major region<br><strong>passages</strong>: 1.1.1, 1.12.1, 1.27.9, 1.29.5, 1.3.5, 1.4.1, 1.4.2, 1.41.8, 1.5.5, 10.14.6, 10.17.3, 10.19.12, 10.19.5, 10.19.7, 10.19.8, 10.20.9, 10.23.12, 10.23.14, 10.23.8, 10.24.3, 10.25.1, 10.34.5, 10.5.3, 10.9.2, 2.1.8, 2.29.7, 2.29.8, 2.33.5, 2.4.5, 3.11.3, 3.12.7, 3.17.8, 3.20.6, 3.3.3, 3.4.7, 3.4.8, 3.7.11, 3.9.4, 3.9.8, 4.2.3, 4.28.4, 4.31.1, 5.10.1, 5.14.2, 5.15.2, 5.17.9, 5.20.10, 5.23.7, 5.24.2, 5.25.12, 5.4.6, 5.4.7, 5.4.9, 5.5.2, 5.7.7, 6.11.3, 6.18.5, 7.10.1, 7.10.2, 7.10.3, 7.10.4, 7.10.5, 7.10.7, 7.11.1, 7.11.2, 7.14.1, 7.15.1, 7.15.3, 7.16.10, 7.16.9, 7.17.1, 7.17.2, 7.17.3, 7.2.2, 7.20.6, 7.24.2, 7.26.11, 7.3.1, 7.5.13, 7.6.3, 7.6.9, 7.7.6, 7.8.1, 7.8.2, 7.8.7, 7.9.5, 8.14.5, 8.20.1, 8.3.5, 8.32.1, 8.37.2, 8.42.7, 8.43.4, 8.45.5, 8.46.3, 8.50.3, 8.50.4, 8.51.1, 8.51.4, 8.52.1, 8.52.2, 8.52.3, 8.52.4, 8.52.5, 8.52.6, 9.1.2, 9.17.6, 9.23.3, 9.28.1, 9.29.8, 9.38.2, 9.38.4, 9.6.2<br><strong>Pleiades</strong>: <a href="https://pleiades.stoa.org/places/1001896" target="_blank">https://pleiades.stoa.org/places/1001896</a>]]></description>
        <Point><coordinates>22.5,37.5</coordinates></Point>
      </Placemark>

      <Placemark>
        <name>Hellas (Europe)</name>
        <description><![CDATA[<strong>name</strong>: Hellas (Europe)<br><strong>region</strong>: Europe<br><strong>part of</strong>: Europe<br><strong>Wikidata</strong>: <a href="https://wikidata.org/wiki/Q11772" target="_blank">https://wikidata.org/wiki/Q11772</a><br><strong>type</strong>: major region<br><strong>passages</strong>: 1.1.1, 1.12.1, 1.27.9, 1.29.5, 1.3.5, 1.4.1, 1.4.2, 1.41.8, 1.5.5, 10.14.6, 10.17.3, 10.19.12, 10.19.5, 10.19.7, 10.19.8, 10.20.9, 10.23.12, 10.23.14, 10.23.8, 10.24.3, 10.25.1, 10.34.5, 10.5.3, 10.9.2, 2.1.8, 2.29.7, 2.29.8, 2.33.5, 2.4.5, 3.11.3, 3.12.7, 3.17.8, 3.20.6, 3.3.3, 3.4.7, 3.4.8, 3.7.11, 3.9.4, 3.9.8, 4.2.3, 4.28.4, 4.31.1, 5.10.1, 5.14.2, 5.15.2, 5.17.9, 5.20.10, 5.23.7, 5.24.2, 5.25.12, 5.4.6, 5.4.7, 5.4.9, 5.5.2, 5.7.7, 6.11.3, 6.18.5, 7.10.1, 7.10.2, 7.10.3, 7.10.4, 7.10.5, 7.10.7, 7.11.1, 7.11.2, 7.14.1, 7.15.1, 7.15.3, 7.16.10, 7.16.9, 7.17.1, 7.17.2, 7.17.3, 7.2.2, 7.20.6, 7.24.2, 7.26.11, 7.3.1, 7.5.13, 7.6.3, 7.6.9, 7.7.6, 7.8.1, 7.8.2, 7.8.7, 7.9.5, 8.14.5, 8.20.1, 8.3.5, 8.32.1, 8.37.2, 8.42.7, 8.43.4, 8.45.5, 8.46.3, 8.50.3, 8.50.4, 8.51.1, 8.51.4, 8.52.1, 8.52.2, 8.52.3, 8.52.4, 8.52.5, 8.52.6, 9.1.2, 9.17.6, 9.23.3, 9.28.1, 9.29.8, 9.38.2, 9.38.4, 9.6.2<br><strong>Pleiades</strong>: <a href="https://pleiades.stoa.org/places/1001896" target="_blank">https://pleiades.stoa.org/places/1001896</a>]]></description>
        <Point><coordinates>22.5,37.5</coordinates></Point>
      </Placemark>

      <Placemark>
        <name>Hellas (Europe)</name>
        <description><![CDATA[<strong>name</strong>: Hellas (Europe)<br><strong>region</strong>: Europe<br><strong>part of</strong>: Europe<br><strong>Wikidata</strong>: <a href="https://wikidata.org/wiki/Q11772" target="_blank">https://wikidata.org/wiki/Q11772</a><br><strong>type</strong>: major region<br><strong>passages</strong>: 1.1.1, 1.12.1, 1.27.9, 1.29.5, 1.3.5, 1.4.1, 1.4.2, 1.41.8, 1.5.5, 10.14.6, 10.17.3, 10.19.12, 10.19.5, 10.19.7, 10.19.8, 10.20.9, 10.23.12, 10.23.14, 10.23.8, 10.24.3, 10.25.1, 10.34.5, 10.5.3, 10.9.2, 2.1.8, 2.29.7, 2.29.8, 2.33.5, 2.4.5, 3.11.3, 3.12.7, 3.17.8, 3.20.6, 3.3.3, 3.4.7, 3.4.8, 3.7.11, 3.9.4, 3.9.8, 4.2.3, 4.28.4, 4.31.1, 5.10.1, 5.14.2, 5.15.2, 5.17.9, 5.20.10, 5.23.7, 5.24.2, 5.25.12, 5.4.6, 5.4.7, 5.4.9, 5.5.2, 5.7.7, 6.11.3, 6.18.5, 7.10.1, 7.10.2, 7.10.3, 7.10.4, 7.10.5, 7.10.7, 7.11.1, 7.11.2, 7.14.1, 7.15.1, 7.15.3, 7.16.10, 7.16.9, 7.17.1, 7.17.2, 7.17.3, 7.2.2, 7.20.6, 7.24.2, 7.26.11, 7.3.1, 7.5.13, 7.6.3, 7.6.9, 7.7.6, 7.8.1, 7.8.2, 7.8.7, 7.9.5, 8.14.5, 8.20.1, 8.3.5, 8.32.1, 8.37.2, 8.42.7, 8.43.4, 8.45.5, 8.46.3, 8.50.3, 8.50.4, 8.51.1, 8.51.4, 8.52.1, 8.52.2, 8.52.3, 8.52.4, 8.52.5, 8.52.6, 9.1.2, 9.17.6, 9.23.3, 9.28.1, 9.29.8, 9.38.2, 9.38.4, 9.6.2<br><strong>Pleiades</strong>: <a href="https://pleiades.stoa.org/places/1001896" target="_blank">https://pleiades.stoa.org/places/1001896</a>]]></description>
        <Point><coordinates>22.5,37.5</coordinates></Point>
      </Placemark>

      <Placemark>
        <name>House of Hippolytus in Troizen</name>
        <description><![CDATA[<strong>name</strong>: House of Hippolytus in Troizen<br><strong>region</strong>: Troizenia Bk2<br><strong>part of</strong>: Troizen (Troizenia)<br><strong>location</strong>: Troizen (Troizenia)<br><strong>type</strong>: house<br><strong>passages</strong>: 2.32.4]]></description>
        <Point><coordinates>23.3484,37.5033</coordinates></Point>
      </Placemark>

      <Placemark>
        <name>Temple of Demeter Chthonia at Hermione</name>
        <description><![CDATA[<strong>name</strong>: Temple of Demeter Chthonia at Hermione<br><strong>region</strong>: Hermionis Bk2<br><strong>part of</strong>: Sanctuary of Demeter Chthonia in Hermione<br><strong>location</strong>: Sanctuary of Demeter Chthonia in Hermione<br><strong>Wikidata</strong>: <a href="https://wikidata.org/wiki/Q115806034" target="_blank">https://wikidata.org/wiki/Q115806034</a><br><strong>type</strong>: temple<br><strong>passages</strong>: 2.35.10, 2.35.6, 2.35.8, 3.14.5]]></description>
        <Point><coordinates>23.235,37.3884</coordinates></Point>
      </Placemark>

      <Placemark>
        <name>Temple of Demeter Chthonia at Hermione</name>
        <description><![CDATA[<strong>name</strong>: Temple of Demeter Chthonia at Hermione<br><strong>region</strong>: Hermionis Bk2<br><strong>part of</strong>: Sanctuary of Demeter Chthonia in Hermione<br><strong>location</strong>: Sanctuary of Demeter Chthonia in Hermione<br><strong>Wikidata</strong>: <a href="https://wikidata.org/wiki/Q115806034" target="_blank">https://wikidata.org/wiki/Q115806034</a><br><strong>type</strong>: temple<br><strong>passages</strong>: 2.35.10, 2.35.6, 2.35.8, 3.14.5]]></description>
        <Point><coordinates>23.235,37.3884</coordinates></Point>
      </Placemark>

      <Placemark>
        <name>Temple of Demeter Chthonia at Hermione</name>
        <description><![CDATA[<strong>name</strong>: Temple of Demeter Chthonia at Hermione<br><strong>region</strong>: Hermionis Bk2<br><strong>part of</strong>: Sanctuary of Demeter Chthonia in Hermione<br><strong>location</strong>: Sanctuary of Demeter Chthonia in Hermione<br><strong>Wikidata</strong>: <a href="https://wikidata.org/wiki/Q115806034" target="_blank">https://wikidata.org/wiki/Q115806034</a><br><strong>type</strong>: temple<br><strong>passages</strong>: 2.35.10, 2.35.6, 2.35.8, 3.14.5]]></description>
        <Point><coordinates>23.235,37.3884</coordinates></Point>
      </Placemark>

      <Placemark>
        <name>Sanctuary of Apollo in Didymoi of Hermione</name>
        <description><![CDATA[<strong>name</strong>: Sanctuary of Apollo in Didymoi of Hermione<br><strong>region</strong>: Argolid Bk2<br><strong>part of</strong>: Didymoi (Argolid)<br><strong>location</strong>: Didymoi (Argolid)<br><strong>Wikidata</strong>: <a href="https://wikidata.org/wiki/Q134037671" target="_blank">https://wikidata.org/wiki/Q134037671</a><br><strong>type</strong>: hieron<br><strong>passages</strong>: 2.36.3]]></description>
        <Point><coordinates>23.1542,37.5</coordinates></Point>
      </Placemark>

      <Placemark>
        <name>Kleonai</name>
        <description><![CDATA[<strong>name</strong>: Kleonai<br><strong>region</strong>: Argolid Bk2<br><strong>part of</strong>: Peloponnesos<br><strong>altname</strong>: Cleonae: polis between Corinth and Argos<br><strong>Wikidata</strong>: <a href="https://wikidata.org/wiki/Q1774167" target="_blank">https://wikidata.org/wiki/Q1774167</a><br><strong>type</strong>: polis<br><strong>passages</strong>: 2.15.1, 2.15.2, 5.2.1, 7.25.6<br><strong>Pleiades</strong>: <a href="https://pleiades.stoa.org/places/570361" target="_blank">https://pleiades.stoa.org/places/570361</a>]]></description>
        <Point><coordinates>22.75372,37.81708</coordinates></Point>
      </Placemark>

      <Placemark>
        <name>Kleonai</name>
        <description><![CDATA[<strong>name</strong>: Kleonai<br><strong>region</strong>: Argolid Bk2<br><strong>part of</strong>: Peloponnesos<br><strong>altname</strong>: Cleonae: polis between Corinth and Argos<br><strong>Wikidata</strong>: <a href="https://wikidata.org/wiki/Q1774167" target="_blank">https://wikidata.org/wiki/Q1774167</a><br><strong>type</strong>: polis<br><strong>passages</strong>: 2.15.1, 2.15.2, 5.2.1, 7.25.6<br><strong>Pleiades</strong>: <a href="https://pleiades.stoa.org/places/570361" target="_blank">https://pleiades.stoa.org/places/570361</a>]]></description>
        <Point><coordinates>22.75372,37.81708</coordinates></Point>
      </Placemark>

      <Placemark>
        <name>Aiakeion in Aigina</name>
        <description><![CDATA[<strong>name</strong>: Aiakeion in Aigina<br><strong>region</strong>: Aigina island Bk2<br><strong>part of</strong>: Aigina polity<br><strong>location</strong>: Aigina polity<br><strong>altname</strong>: quandrangular, of white marble<br><strong>Wikidata</strong>: <a href="https://wikidata.org/wiki/Q403346" target="_blank">https://wikidata.org/wiki/Q403346</a><br><strong>type</strong>: enclosure, hieron<br><strong>passages</strong>: 2.29.6]]></description>
        <Point><coordinates>23.42372,37.74991</coordinates></Point>
      </Placemark>

      <Placemark>
        <name>wild olives in Hyrnethion chorion in Epidaurus</name>
        <description><![CDATA[<strong>name</strong>: wild olives in Hyrnethion chorion in Epidaurus<br><strong>region</strong>: Epidauria Bk2<br><strong>part of</strong>: Hyrnethion (Epidauria)<br><strong>location</strong>: Hyrnethion (Epidauria)<br><strong>type</strong>: olive<br><strong>passages</strong>: 2.28.3]]></description>
        <Point><coordinates>23.1,37.6</coordinates></Point>
      </Placemark>

      <Placemark>
        <name>Tomb of Talaus in Argos Agora</name>
        <description><![CDATA[<strong>name</strong>: Tomb of Talaus in Argos Agora<br><strong>region</strong>: Argolid Bk2<br><strong>part of</strong>: Agora of Argos<br><strong>location</strong>: Agora of Argos<br><strong>Wikidata</strong>: <a href="https://wikidata.org/wiki/Q136487428" target="_blank">https://wikidata.org/wiki/Q136487428</a><br><strong>type</strong>: tomb mnema<br><strong>passages</strong>: 2.21.2<br><strong>Manto</strong>: <a href="https://resource.manto.unh.edu/10185358" target="_blank">https://resource.manto.unh.edu/10185358</a>]]></description>
        <Point><coordinates>22.7214,37.6305</coordinates></Point>
      </Placemark>

      <Placemark>
        <name>Pleuron (Aitolia)</name>
        <description><![CDATA[<strong>name</strong>: Pleuron (Aitolia)<br><strong>region</strong>: Aitolia region<br><strong>part of</strong>: Aitolia region<br><strong>Wikidata</strong>: <a href="https://wikidata.org/wiki/Q1317636" target="_blank">https://wikidata.org/wiki/Q1317636</a><br><strong>type</strong>: polis<br><strong>passages</strong>: 2.22.7<br><strong>ToposText</strong>: <a href="https://topostext.org/place/384214PNPl" target="_blank">https://topostext.org/place/384214PNPl</a>]]></description>
        <Point><coordinates>21.408,38.413</coordinates></Point>
      </Placemark>

      <Placemark>
        <name>Argolic Gulf (Argolid)</name>
        <description><![CDATA[<strong>name</strong>: Argolic Gulf (Argolid)<br><strong>region</strong>: Argolid Bk2<br><strong>part of</strong>: Argolid Bk2<br><strong>Wikidata</strong>: <a href="https://wikidata.org/wiki/Q648317" target="_blank">https://wikidata.org/wiki/Q648317</a><br><strong>type</strong>: gulf<br><strong>passages</strong>: 2.25.9, 8.1.1<br><strong>ToposText</strong>: <a href="https://topostext.org/place/374229WArg" target="_blank">https://topostext.org/place/374229WArg</a>]]></description>
        <Point><coordinates>22.9,37.37</coordinates></Point>
      </Placemark>

      <Placemark>
        <name>Pherai</name>
        <description><![CDATA[<strong>name</strong>: Pherai<br><strong>region</strong>: Hellas (Europe)<br><strong>part of</strong>: Magnesia region (Magnesia)<br><strong>Wikidata</strong>: <a href="https://wikidata.org/wiki/Q1330631" target="_blank">https://wikidata.org/wiki/Q1330631</a><br><strong>type</strong>: settlement<br><strong>passages</strong>: 1.13.2, 2.10.7, 2.23.5<br><strong>Pleiades</strong>: <a href="https://pleiades.stoa.org/places/541044" target="_blank">https://pleiades.stoa.org/places/541044</a>]]></description>
        <Point><coordinates>22.737728,39.384163</coordinates></Point>
      </Placemark>

      <Placemark>
        <name>Pherai</name>
        <description><![CDATA[<strong>name</strong>: Pherai<br><strong>region</strong>: Hellas (Europe)<br><strong>part of</strong>: Magnesia region (Magnesia)<br><strong>Wikidata</strong>: <a href="https://wikidata.org/wiki/Q1330631" target="_blank">https://wikidata.org/wiki/Q1330631</a><br><strong>type</strong>: settlement<br><strong>passages</strong>: 1.13.2, 2.10.7, 2.23.5<br><strong>Pleiades</strong>: <a href="https://pleiades.stoa.org/places/541044" target="_blank">https://pleiades.stoa.org/places/541044</a>]]></description>
        <Point><coordinates>22.737728,39.384163</coordinates></Point>
      </Placemark>

      <Placemark>
        <name>Midea</name>
        <description><![CDATA[<strong>name</strong>: Midea<br><strong>region</strong>: Argolid Bk2<br><strong>part of</strong>: Argolid Bk2<br><strong>Wikidata</strong>: <a href="https://wikidata.org/wiki/Q502897" target="_blank">https://wikidata.org/wiki/Q502897</a><br><strong>type</strong>: settlement<br><strong>passages</strong>: 2.16.2, 2.25.9, 6.20.7, 8.27.1<br><strong>Pleiades</strong>: <a href="https://pleiades.stoa.org/places/570485" target="_blank">https://pleiades.stoa.org/places/570485</a>]]></description>
        <Point><coordinates>22.842,37.65</coordinates></Point>
      </Placemark>

      <Placemark>
        <name>Midea</name>
        <description><![CDATA[<strong>name</strong>: Midea<br><strong>region</strong>: Argolid Bk2<br><strong>part of</strong>: Argolid Bk2<br><strong>Wikidata</strong>: <a href="https://wikidata.org/wiki/Q502897" target="_blank">https://wikidata.org/wiki/Q502897</a><br><strong>type</strong>: settlement<br><strong>passages</strong>: 2.16.2, 2.25.9, 6.20.7, 8.27.1<br><strong>Pleiades</strong>: <a href="https://pleiades.stoa.org/places/570485" target="_blank">https://pleiades.stoa.org/places/570485</a>]]></description>
        <Point><coordinates>22.842,37.65</coordinates></Point>
      </Placemark>

      <Placemark>
        <name>Helisson river, Sikyonia</name>
        <description><![CDATA[<strong>name</strong>: Helisson river, Sikyonia<br><strong>region</strong>: Sikyonia Bk2<br><strong>part of</strong>: Sikyonia Bk2<br><strong>Wikidata</strong>: <a href="https://wikidata.org/wiki/Q3723337" target="_blank">https://wikidata.org/wiki/Q3723337</a><br><strong>type</strong>: river<br><strong>passages</strong>: 2.12.2<br><strong>Pleiades</strong>: <a href="https://pleiades.stoa.org/places/570283" target="_blank">https://pleiades.stoa.org/places/570283</a>]]></description>
        <Point><coordinates>22.73761,38.00239</coordinates></Point>
      </Placemark>

      <Placemark>
        <name>Sea wall of Kenchreai</name>
        <description><![CDATA[<strong>name</strong>: Sea wall of Kenchreai<br><strong>region</strong>: Corinthia Bk2<br><strong>part of</strong>: Kenchreai (Korinthia)<br><strong>location</strong>: Kenchreai (Korinthia)<br><strong>type</strong>: fortification, harbor limen<br><strong>passages</strong>: 2.2.3]]></description>
        <Point><coordinates>22.9925,37.8824</coordinates></Point>
      </Placemark>

      <Placemark>
        <name>Double building in Peribolos of Asklepios, Sicyon</name>
        <description><![CDATA[<strong>name</strong>: Double building in Peribolos of Asklepios, Sicyon<br><strong>region</strong>: Sikyonia Bk2<br><strong>part of</strong>: Sicyon (Sikyonia)<br><strong>location</strong>: Sicyon (Sikyonia)<br><strong>type</strong>: building<br><strong>passages</strong>: 2.10.2]]></description>
        <Point><coordinates>22.7145,37.9834</coordinates></Point>
      </Placemark>

      <Placemark>
        <name>Temple of Aphrodite in Kenchreai</name>
        <description><![CDATA[<strong>name</strong>: Temple of Aphrodite in Kenchreai<br><strong>region</strong>: Corinthia Bk2<br><strong>part of</strong>: Kenchreai (Korinthia)<br><strong>location</strong>: Kenchreai (Korinthia)<br><strong>type</strong>: temple<br><strong>passages</strong>: 2.2.3]]></description>
        <Point><coordinates>22.9925,37.8824</coordinates></Point>
      </Placemark>

      <Placemark>
        <name>Altars of Zeus and Hera on mountain Arachnaion</name>
        <description><![CDATA[<strong>name</strong>: Altars of Zeus and Hera on mountain Arachnaion<br><strong>region</strong>: Epidauria Bk2<br><strong>part of</strong>: Arachnaion (mountain)<br><strong>location</strong>: Arachnaion (mountain)<br><strong>type</strong>: altar<br><strong>passages</strong>: 2.25.10]]></description>
        <Point><coordinates>22.9705599,37.6413788</coordinates></Point>
      </Placemark>

      <Placemark>
        <name>Temple of Apollo Lykios at Argos</name>
        <description><![CDATA[<strong>name</strong>: Temple of Apollo Lykios at Argos<br><strong>region</strong>: Argolid Bk2<br><strong>part of</strong>: Argos (Argolid)<br><strong>location</strong>: Argos (Argolid)<br><strong>type</strong>: temple<br><strong>passages</strong>: 2.19.7]]></description>
        <Point><coordinates>22.7195,37.6316</coordinates></Point>
      </Placemark>

      <Placemark>
        <name>Mases</name>
        <description><![CDATA[<strong>name</strong>: Mases<br><strong>region</strong>: Hermionis Bk2<br><strong>part of</strong>: Hermionis Bk2<br><strong>Wikidata</strong>: <a href="https://wikidata.org/wiki/Q3561276" target="_blank">https://wikidata.org/wiki/Q3561276</a><br><strong>type</strong>: settlement<br><strong>passages</strong>: 2.35.11, 2.36.1, 2.36.2, 2.36.3<br><strong>Pleiades</strong>: <a href="https://pleiades.stoa.org/places/570463" target="_blank">https://pleiades.stoa.org/places/570463</a>]]></description>
        <Point><coordinates>23.142191,37.417868</coordinates></Point>
      </Placemark>

      <Placemark>
        <name>Mases</name>
        <description><![CDATA[<strong>name</strong>: Mases<br><strong>region</strong>: Hermionis Bk2<br><strong>part of</strong>: Hermionis Bk2<br><strong>Wikidata</strong>: <a href="https://wikidata.org/wiki/Q3561276" target="_blank">https://wikidata.org/wiki/Q3561276</a><br><strong>type</strong>: settlement<br><strong>passages</strong>: 2.35.11, 2.36.1, 2.36.2, 2.36.3<br><strong>Pleiades</strong>: <a href="https://pleiades.stoa.org/places/570463" target="_blank">https://pleiades.stoa.org/places/570463</a>]]></description>
        <Point><coordinates>23.142191,37.417868</coordinates></Point>
      </Placemark>

      <Placemark>
        <name>Mases</name>
        <description><![CDATA[<strong>name</strong>: Mases<br><strong>region</strong>: Hermionis Bk2<br><strong>part of</strong>: Hermionis Bk2<br><strong>Wikidata</strong>: <a href="https://wikidata.org/wiki/Q3561276" target="_blank">https://wikidata.org/wiki/Q3561276</a><br><strong>type</strong>: settlement<br><strong>passages</strong>: 2.35.11, 2.36.1, 2.36.2, 2.36.3<br><strong>Pleiades</strong>: <a href="https://pleiades.stoa.org/places/570463" target="_blank">https://pleiades.stoa.org/places/570463</a>]]></description>
        <Point><coordinates>23.142191,37.417868</coordinates></Point>
      </Placemark>

      <Placemark>
        <name>Mases</name>
        <description><![CDATA[<strong>name</strong>: Mases<br><strong>region</strong>: Hermionis Bk2<br><strong>part of</strong>: Hermionis Bk2<br><strong>Wikidata</strong>: <a href="https://wikidata.org/wiki/Q3561276" target="_blank">https://wikidata.org/wiki/Q3561276</a><br><strong>type</strong>: settlement<br><strong>passages</strong>: 2.35.11, 2.36.1, 2.36.2, 2.36.3<br><strong>Pleiades</strong>: <a href="https://pleiades.stoa.org/places/570463" target="_blank">https://pleiades.stoa.org/places/570463</a>]]></description>
        <Point><coordinates>23.142191,37.417868</coordinates></Point>
      </Placemark>

      <Placemark>
        <name>Altars inside Opheltes&apos; tomb enclosure in Nemea</name>
        <description><![CDATA[<strong>name</strong>: Altars inside Opheltes&apos; tomb enclosure in Nemea<br><strong>region</strong>: Argolid Bk2<br><strong>part of</strong>: Tomb of Opheltes in Nemea<br><strong>location</strong>: Tomb of Opheltes in Nemea<br><strong>type</strong>: altar<br><strong>passages</strong>: 2.15.3]]></description>
        <Point><coordinates>22.7108,37.8085</coordinates></Point>
      </Placemark>

      <Placemark>
        <name>Acropolis of Epidaurus</name>
        <description><![CDATA[<strong>name</strong>: Acropolis of Epidaurus<br><strong>region</strong>: Epidauria Bk2<br><strong>part of</strong>: Epidauros<br><strong>location</strong>: Epidauros<br><strong>Wikidata</strong>: <a href="https://wikidata.org/wiki/Q133963416" target="_blank">https://wikidata.org/wiki/Q133963416</a><br><strong>type</strong>: acropolis<br><strong>passages</strong>: 2.29.1]]></description>
        <Point><coordinates>23.1602,37.6335</coordinates></Point>
      </Placemark>

      <Placemark>
        <name>House of Hippomedon, foundations only, at the top of mountain Pontinos</name>
        <description><![CDATA[<strong>name</strong>: House of Hippomedon, foundations only, at the top of mountain Pontinos<br><strong>region</strong>: Argolid Bk2<br><strong>part of</strong>: Pontinos hill (Argolid)<br><strong>location</strong>: Pontinos hill (Argolid)<br><strong>type</strong>: house<br><strong>passages</strong>: 2.36.8]]></description>
        <Point><coordinates>22.6973,37.55</coordinates></Point>
      </Placemark>

      <Placemark>
        <name>Anthene</name>
        <description><![CDATA[<strong>name</strong>: Anthene<br><strong>region</strong>: Argolid Bk2<br><strong>part of</strong>: Argolid Bk2<br><strong>altname</strong>: Athene: village in Thyreatis<br><strong>Wikidata</strong>: <a href="https://wikidata.org/wiki/Q16483470" target="_blank">https://wikidata.org/wiki/Q16483470</a><br><strong>type</strong>: village kome<br><strong>passages</strong>: 2.38.6<br><strong>Pleiades</strong>: <a href="https://pleiades.stoa.org/places/570085" target="_blank">https://pleiades.stoa.org/places/570085</a>]]></description>
        <Point><coordinates>22.67254,37.45614</coordinates></Point>
      </Placemark>

      <Placemark>
        <name>Hero-shrine of Perseus on the road from Mycene to Argos</name>
        <description><![CDATA[<strong>name</strong>: Hero-shrine of Perseus on the road from Mycene to Argos<br><strong>region</strong>: Argolid Bk2<br><strong>part of</strong>: Mycenae<br><strong>location</strong>: Mycenae<br><strong>Wikidata</strong>: <a href="https://wikidata.org/wiki/Q136487497" target="_blank">https://wikidata.org/wiki/Q136487497</a><br><strong>type</strong>: heroon<br><strong>passages</strong>: 2.18.1<br><strong>Manto</strong>: <a href="https://resource.manto.unh.edu/11289037" target="_blank">https://resource.manto.unh.edu/11289037</a>]]></description>
        <Point><coordinates>22.756111,37.730833</coordinates></Point>
      </Placemark>

      <Placemark>
        <name>Sanctuary of Hera in Corinth</name>
        <description><![CDATA[<strong>name</strong>: Sanctuary of Hera in Corinth<br><strong>region</strong>: Corinthia Bk2<br><strong>part of</strong>: Corinth (Corinthia)<br><strong>location</strong>: Corinth (Corinthia)<br><strong>Wikidata</strong>: <a href="https://wikidata.org/wiki/Q134037571" target="_blank">https://wikidata.org/wiki/Q134037571</a><br><strong>type</strong>: hieron<br><strong>passages</strong>: 2.3.11]]></description>
        <Point><coordinates>22.8802,37.9054</coordinates></Point>
      </Placemark>

      <Placemark>
        <name>Temple of Sarapis at Hermione</name>
        <description><![CDATA[<strong>name</strong>: Temple of Sarapis at Hermione<br><strong>region</strong>: Hermionis Bk2<br><strong>part of</strong>: Hermione<br><strong>location</strong>: Hermione<br><strong>altname</strong>: Serapeum of Hermione<br><strong>type</strong>: temple<br><strong>passages</strong>: 2.34.10]]></description>
        <Point><coordinates>23.243591,37.385218</coordinates></Point>
      </Placemark>

      <Placemark>
        <name>Tholos (Epidauros Asklepieion)</name>
        <description><![CDATA[<strong>name</strong>: Tholos (Epidauros Asklepieion)<br><strong>region</strong>: Epidauria Bk2<br><strong>part of</strong>: Asklepieion of Epidauros<br><strong>Wikidata</strong>: <a href="https://wikidata.org/wiki/Q38279699" target="_blank">https://wikidata.org/wiki/Q38279699</a><br><strong>type</strong>: tholos<br><strong>passages</strong>: 2.27.3, 2.27.5<br><strong>Pleiades</strong>: <a href="https://pleiades.stoa.org/places/999238742" target="_blank">https://pleiades.stoa.org/places/999238742</a><br><strong>ToposText</strong>: <a href="https://topostext.org/place/376231BTho" target="_blank">https://topostext.org/place/376231BTho</a>]]></description>
        <Point><coordinates>23.074008,37.598409</coordinates></Point>
      </Placemark>

      <Placemark>
        <name>Tholos (Epidauros Asklepieion)</name>
        <description><![CDATA[<strong>name</strong>: Tholos (Epidauros Asklepieion)<br><strong>region</strong>: Epidauria Bk2<br><strong>part of</strong>: Asklepieion of Epidauros<br><strong>Wikidata</strong>: <a href="https://wikidata.org/wiki/Q38279699" target="_blank">https://wikidata.org/wiki/Q38279699</a><br><strong>type</strong>: tholos<br><strong>passages</strong>: 2.27.3, 2.27.5<br><strong>Pleiades</strong>: <a href="https://pleiades.stoa.org/places/999238742" target="_blank">https://pleiades.stoa.org/places/999238742</a><br><strong>ToposText</strong>: <a href="https://topostext.org/place/376231BTho" target="_blank">https://topostext.org/place/376231BTho</a>]]></description>
        <Point><coordinates>23.074008,37.598409</coordinates></Point>
      </Placemark>

      <Placemark>
        <name>Mycenae</name>
        <description><![CDATA[<strong>name</strong>: Mycenae<br><strong>region</strong>: Argolid Bk2<br><strong>part of</strong>: Argolid Bk2<br><strong>Wikidata</strong>: <a href="https://wikidata.org/wiki/Q132564" target="_blank">https://wikidata.org/wiki/Q132564</a><br><strong>type</strong>: settlement<br><strong>passages</strong>: 10.20.1, 2.15.4, 2.16.3, 2.16.4, 2.16.5, 2.16.6, 2.17.1, 2.18.1, 2.4.2, 5.23.3, 7.25.5, 8.27.1, 8.33.2, 8.5.4, 9.34.6<br><strong>Pleiades</strong>: <a href="https://pleiades.stoa.org/places/570491" target="_blank">https://pleiades.stoa.org/places/570491</a>]]></description>
        <Point><coordinates>22.756111,37.730833</coordinates></Point>
      </Placemark>

      <Placemark>
        <name>Mycenae</name>
        <description><![CDATA[<strong>name</strong>: Mycenae<br><strong>region</strong>: Argolid Bk2<br><strong>part of</strong>: Argolid Bk2<br><strong>Wikidata</strong>: <a href="https://wikidata.org/wiki/Q132564" target="_blank">https://wikidata.org/wiki/Q132564</a><br><strong>type</strong>: settlement<br><strong>passages</strong>: 10.20.1, 2.15.4, 2.16.3, 2.16.4, 2.16.5, 2.16.6, 2.17.1, 2.18.1, 2.4.2, 5.23.3, 7.25.5, 8.27.1, 8.33.2, 8.5.4, 9.34.6<br><strong>Pleiades</strong>: <a href="https://pleiades.stoa.org/places/570491" target="_blank">https://pleiades.stoa.org/places/570491</a>]]></description>
        <Point><coordinates>22.756111,37.730833</coordinates></Point>
      </Placemark>

      <Placemark>
        <name>Mycenae</name>
        <description><![CDATA[<strong>name</strong>: Mycenae<br><strong>region</strong>: Argolid Bk2<br><strong>part of</strong>: Argolid Bk2<br><strong>Wikidata</strong>: <a href="https://wikidata.org/wiki/Q132564" target="_blank">https://wikidata.org/wiki/Q132564</a><br><strong>type</strong>: settlement<br><strong>passages</strong>: 10.20.1, 2.15.4, 2.16.3, 2.16.4, 2.16.5, 2.16.6, 2.17.1, 2.18.1, 2.4.2, 5.23.3, 7.25.5, 8.27.1, 8.33.2, 8.5.4, 9.34.6<br><strong>Pleiades</strong>: <a href="https://pleiades.stoa.org/places/570491" target="_blank">https://pleiades.stoa.org/places/570491</a>]]></description>
        <Point><coordinates>22.756111,37.730833</coordinates></Point>
      </Placemark>

      <Placemark>
        <name>Mycenae</name>
        <description><![CDATA[<strong>name</strong>: Mycenae<br><strong>region</strong>: Argolid Bk2<br><strong>part of</strong>: Argolid Bk2<br><strong>Wikidata</strong>: <a href="https://wikidata.org/wiki/Q132564" target="_blank">https://wikidata.org/wiki/Q132564</a><br><strong>type</strong>: settlement<br><strong>passages</strong>: 10.20.1, 2.15.4, 2.16.3, 2.16.4, 2.16.5, 2.16.6, 2.17.1, 2.18.1, 2.4.2, 5.23.3, 7.25.5, 8.27.1, 8.33.2, 8.5.4, 9.34.6<br><strong>Pleiades</strong>: <a href="https://pleiades.stoa.org/places/570491" target="_blank">https://pleiades.stoa.org/places/570491</a>]]></description>
        <Point><coordinates>22.756111,37.730833</coordinates></Point>
      </Placemark>

      <Placemark>
        <name>Mycenae</name>
        <description><![CDATA[<strong>name</strong>: Mycenae<br><strong>region</strong>: Argolid Bk2<br><strong>part of</strong>: Argolid Bk2<br><strong>Wikidata</strong>: <a href="https://wikidata.org/wiki/Q132564" target="_blank">https://wikidata.org/wiki/Q132564</a><br><strong>type</strong>: settlement<br><strong>passages</strong>: 10.20.1, 2.15.4, 2.16.3, 2.16.4, 2.16.5, 2.16.6, 2.17.1, 2.18.1, 2.4.2, 5.23.3, 7.25.5, 8.27.1, 8.33.2, 8.5.4, 9.34.6<br><strong>Pleiades</strong>: <a href="https://pleiades.stoa.org/places/570491" target="_blank">https://pleiades.stoa.org/places/570491</a>]]></description>
        <Point><coordinates>22.756111,37.730833</coordinates></Point>
      </Placemark>

      <Placemark>
        <name>Mycenae</name>
        <description><![CDATA[<strong>name</strong>: Mycenae<br><strong>region</strong>: Argolid Bk2<br><strong>part of</strong>: Argolid Bk2<br><strong>Wikidata</strong>: <a href="https://wikidata.org/wiki/Q132564" target="_blank">https://wikidata.org/wiki/Q132564</a><br><strong>type</strong>: settlement<br><strong>passages</strong>: 10.20.1, 2.15.4, 2.16.3, 2.16.4, 2.16.5, 2.16.6, 2.17.1, 2.18.1, 2.4.2, 5.23.3, 7.25.5, 8.27.1, 8.33.2, 8.5.4, 9.34.6<br><strong>Pleiades</strong>: <a href="https://pleiades.stoa.org/places/570491" target="_blank">https://pleiades.stoa.org/places/570491</a>]]></description>
        <Point><coordinates>22.756111,37.730833</coordinates></Point>
      </Placemark>

      <Placemark>
        <name>Mycenae</name>
        <description><![CDATA[<strong>name</strong>: Mycenae<br><strong>region</strong>: Argolid Bk2<br><strong>part of</strong>: Argolid Bk2<br><strong>Wikidata</strong>: <a href="https://wikidata.org/wiki/Q132564" target="_blank">https://wikidata.org/wiki/Q132564</a><br><strong>type</strong>: settlement<br><strong>passages</strong>: 10.20.1, 2.15.4, 2.16.3, 2.16.4, 2.16.5, 2.16.6, 2.17.1, 2.18.1, 2.4.2, 5.23.3, 7.25.5, 8.27.1, 8.33.2, 8.5.4, 9.34.6<br><strong>Pleiades</strong>: <a href="https://pleiades.stoa.org/places/570491" target="_blank">https://pleiades.stoa.org/places/570491</a>]]></description>
        <Point><coordinates>22.756111,37.730833</coordinates></Point>
      </Placemark>

      <Placemark>
        <name>Mycenae</name>
        <description><![CDATA[<strong>name</strong>: Mycenae<br><strong>region</strong>: Argolid Bk2<br><strong>part of</strong>: Argolid Bk2<br><strong>Wikidata</strong>: <a href="https://wikidata.org/wiki/Q132564" target="_blank">https://wikidata.org/wiki/Q132564</a><br><strong>type</strong>: settlement<br><strong>passages</strong>: 10.20.1, 2.15.4, 2.16.3, 2.16.4, 2.16.5, 2.16.6, 2.17.1, 2.18.1, 2.4.2, 5.23.3, 7.25.5, 8.27.1, 8.33.2, 8.5.4, 9.34.6<br><strong>Pleiades</strong>: <a href="https://pleiades.stoa.org/places/570491" target="_blank">https://pleiades.stoa.org/places/570491</a>]]></description>
        <Point><coordinates>22.756111,37.730833</coordinates></Point>
      </Placemark>

      <Placemark>
        <name>Enclosure of Artemis&apos; sanctuary in Epidauros</name>
        <description><![CDATA[<strong>name</strong>: Enclosure of Artemis&apos; sanctuary in Epidauros<br><strong>region</strong>: Epidauria Bk2<br><strong>part of</strong>: Epidauros<br><strong>location</strong>: Epidauros<br><strong>type</strong>: enclosure<br><strong>passages</strong>: 2.30.7]]></description>
        <Point><coordinates>23.1602,37.6335</coordinates></Point>
      </Placemark>

      <Placemark>
        <name>Marble altar of Helios behind Heraion at Sicyon</name>
        <description><![CDATA[<strong>name</strong>: Marble altar of Helios behind Heraion at Sicyon<br><strong>region</strong>: <br><strong>part of</strong>: <br><strong>location</strong>: Sicyon (Sikyonia)<br><strong>type</strong>: altar<br><strong>passages</strong>: 2.11.1]]></description>
        <Point><coordinates>22.7145,37.9834</coordinates></Point>
      </Placemark>

      <Placemark>
        <name>Bouporthmos (mountain)</name>
        <description><![CDATA[<strong>name</strong>: Bouporthmos (mountain)<br><strong>region</strong>: Hermionis Bk2<br><strong>part of</strong>: Hermionis Bk2<br><strong>Wikidata</strong>: <a href="https://wikidata.org/wiki/Q131360046" target="_blank">https://wikidata.org/wiki/Q131360046</a><br><strong>type</strong>: mountain oros<br><strong>passages</strong>: 2.34.8, 2.34.9<br><strong>Pleiades</strong>: <a href="https://pleiades.stoa.org/places/570165" target="_blank">https://pleiades.stoa.org/places/570165</a>]]></description>
        <Point><coordinates>23.26278,37.34678</coordinates></Point>
      </Placemark>

      <Placemark>
        <name>Bouporthmos (mountain)</name>
        <description><![CDATA[<strong>name</strong>: Bouporthmos (mountain)<br><strong>region</strong>: Hermionis Bk2<br><strong>part of</strong>: Hermionis Bk2<br><strong>Wikidata</strong>: <a href="https://wikidata.org/wiki/Q131360046" target="_blank">https://wikidata.org/wiki/Q131360046</a><br><strong>type</strong>: mountain oros<br><strong>passages</strong>: 2.34.8, 2.34.9<br><strong>Pleiades</strong>: <a href="https://pleiades.stoa.org/places/570165" target="_blank">https://pleiades.stoa.org/places/570165</a>]]></description>
        <Point><coordinates>23.26278,37.34678</coordinates></Point>
      </Placemark>

      <Placemark>
        <name>Aricia</name>
        <description><![CDATA[<strong>name</strong>: Aricia<br><strong>region</strong>: Italia (Europe)<br><strong>part of</strong>: Italia (Europe)<br><strong>Wikidata</strong>: <a href="https://wikidata.org/wiki/Q18043236" target="_blank">https://wikidata.org/wiki/Q18043236</a><br><strong>type</strong>: polis<br><strong>passages</strong>: 2.27.4<br><strong>Pleiades</strong>: <a href="https://pleiades.stoa.org/places/422844" target="_blank">https://pleiades.stoa.org/places/422844</a>]]></description>
        <Point><coordinates>12.6726413,41.7211083</coordinates></Point>
      </Placemark>

      <Placemark>
        <name>Promontory of Hermione</name>
        <description><![CDATA[<strong>name</strong>: Promontory of Hermione<br><strong>region</strong>: Hermionis Bk2<br><strong>part of</strong>: Hermione<br><strong>location</strong>: Hermione<br><strong>type</strong>: cape<br><strong>passages</strong>: 2.34.9]]></description>
        <Point><coordinates>23.243591,37.385218</coordinates></Point>
      </Placemark>

      <Placemark>
        <name>Sanctuary of Artemis Coryphaea atop Mt. Koryphos</name>
        <description><![CDATA[<strong>name</strong>: Sanctuary of Artemis Coryphaea atop Mt. Koryphos<br><strong>region</strong>: Epidauria Bk2<br><strong>part of</strong>: Koryphos M.<br><strong>location</strong>: Koryphos M.<br><strong>altname</strong>: Artemis Koryphaia sanctuary<br><strong>Wikidata</strong>: <a href="https://wikidata.org/wiki/Q134037667" target="_blank">https://wikidata.org/wiki/Q134037667</a><br><strong>type</strong>: hieron<br><strong>passages</strong>: 2.28.2]]></description>
        <Point><coordinates>23.09367,37.61291</coordinates></Point>
      </Placemark>

      <Placemark>
        <name>Krokeai</name>
        <description><![CDATA[<strong>name</strong>: Krokeai<br><strong>region</strong>: Lakonia Bk3<br><strong>part of</strong>: Lakonia Bk3<br><strong>Wikidata</strong>: <a href="https://wikidata.org/wiki/Q48781592" target="_blank">https://wikidata.org/wiki/Q48781592</a><br><strong>type</strong>: settlement<br><strong>passages</strong>: 2.3.5, 3.21.4, 3.21.5<br><strong>Pleiades</strong>: <a href="https://pleiades.stoa.org/places/570385" target="_blank">https://pleiades.stoa.org/places/570385</a>]]></description>
        <Point><coordinates>22.548448,36.884856</coordinates></Point>
      </Placemark>

      <Placemark>
        <name>Sounion</name>
        <description><![CDATA[<strong>name</strong>: Sounion<br><strong>region</strong>: Attica Bk1<br><strong>part of</strong>: Attica Bk1<br><strong>Wikidata</strong>: <a href="https://wikidata.org/wiki/Q13465029" target="_blank">https://wikidata.org/wiki/Q13465029</a><br><strong>type</strong>: fortification<br><strong>passages</strong>: 2.8.6<br><strong>Pleiades</strong>: <a href="https://pleiades.stoa.org/places/580107" target="_blank">https://pleiades.stoa.org/places/580107</a>]]></description>
        <Point><coordinates>24.035919500000002,37.683423</coordinates></Point>
      </Placemark>

      <Placemark>
        <name>Hill in Titane, where the sanctuary of Athena is located</name>
        <description><![CDATA[<strong>name</strong>: Hill in Titane, where the sanctuary of Athena is located<br><strong>region</strong>: Corinthia Bk2<br><strong>part of</strong>: Titane<br><strong>location</strong>: Titane<br><strong>type</strong>: hill<br><strong>passages</strong>: 2.12.1]]></description>
        <Point><coordinates>22.62501,37.92049</coordinates></Point>
      </Placemark>

      <Placemark>
        <name>Tritonis? L.</name>
        <description><![CDATA[<strong>name</strong>: Tritonis? L.<br><strong>region</strong>: Libya (Africa)<br><strong>part of</strong>: Libya (Africa)<br><strong>type</strong>: lake<br><strong>passages</strong>: 2.21.5, 2.21.6, 8.26.6, 9.33.7<br><strong>Pleiades</strong>: <a href="https://pleiades.stoa.org/places/364025" target="_blank">https://pleiades.stoa.org/places/364025</a>]]></description>
        <Point><coordinates>18.8746442,30.094815099999998</coordinates></Point>
      </Placemark>

      <Placemark>
        <name>Tritonis? L.</name>
        <description><![CDATA[<strong>name</strong>: Tritonis? L.<br><strong>region</strong>: Libya (Africa)<br><strong>part of</strong>: Libya (Africa)<br><strong>type</strong>: lake<br><strong>passages</strong>: 2.21.5, 2.21.6, 8.26.6, 9.33.7<br><strong>Pleiades</strong>: <a href="https://pleiades.stoa.org/places/364025" target="_blank">https://pleiades.stoa.org/places/364025</a>]]></description>
        <Point><coordinates>18.8746442,30.094815099999998</coordinates></Point>
      </Placemark>

      <Placemark>
        <name>Altars of Helios in Corinth, on way to Acrocorinth</name>
        <description><![CDATA[<strong>name</strong>: Altars of Helios in Corinth, on way to Acrocorinth<br><strong>region</strong>: Corinthia Bk2<br><strong>part of</strong>: Corinth (Corinthia)<br><strong>location</strong>: Corinth (Corinthia)<br><strong>type</strong>: altar<br><strong>passages</strong>: 2.4.6]]></description>
        <Point><coordinates>22.8802,37.9054</coordinates></Point>
      </Placemark>

      <Placemark>
        <name>Nisaia (Megarid)</name>
        <description><![CDATA[<strong>name</strong>: Nisaia (Megarid)<br><strong>region</strong>: Megarid Bk1<br><strong>part of</strong>: Megarid Bk1<br><strong>Wikidata</strong>: <a href="https://wikidata.org/wiki/Q2537089" target="_blank">https://wikidata.org/wiki/Q2537089</a><br><strong>type</strong>: battlefield, harbor limen, settlement<br><strong>passages</strong>: 1.19.4, 1.39.4, 1.44.3, 10.15.1, 2.34.7<br><strong>Pleiades</strong>: <a href="https://pleiades.stoa.org/places/570508" target="_blank">https://pleiades.stoa.org/places/570508</a><br><strong>ToposText</strong>: <a href="https://topostext.org/place/380234UNis" target="_blank">https://topostext.org/place/380234UNis</a>]]></description>
        <Point><coordinates>23.364,37.9764</coordinates></Point>
      </Placemark>

      <Placemark>
        <name>Kirra</name>
        <description><![CDATA[<strong>name</strong>: Kirra<br><strong>region</strong>: Phokis Bk10<br><strong>part of</strong>: Phokis Bk10<br><strong>Wikidata</strong>: <a href="https://wikidata.org/wiki/Q56754242" target="_blank">https://wikidata.org/wiki/Q56754242</a><br><strong>type</strong>: port epineion, settlement<br><strong>passages</strong>: 10.1.2, 10.37.4, 10.37.5, 10.37.6, 10.37.8, 10.38.1, 10.8.8, 2.9.6, 7.19.7<br><strong>Pleiades</strong>: <a href="https://pleiades.stoa.org/places/540868" target="_blank">https://pleiades.stoa.org/places/540868</a>]]></description>
        <Point><coordinates>22.450621,38.428937</coordinates></Point>
      </Placemark>

      <Placemark>
        <name>Thebais</name>
        <description><![CDATA[<strong>name</strong>: Thebais<br><strong>region</strong>: Boiotia Bk9<br><strong>part of</strong>: Boiotia Bk9<br><strong>location</strong>: Boiotia Bk9<br><strong>altname</strong>: Thebaid: territory of Boeotian Thebes<br><strong>type</strong>: chora/region<br><strong>passages</strong>: 1.25.4, 2.6.1, 9.12.2, 9.23.5, 9.25.10, 9.5.1, 9.7.6]]></description>
        <Point><coordinates>23.25,38.35</coordinates></Point>
      </Placemark>

      <Placemark>
        <name>Temple of Tyche at Argos</name>
        <description><![CDATA[<strong>name</strong>: Temple of Tyche at Argos<br><strong>region</strong>: Argolid Bk2<br><strong>part of</strong>: Argos (Argolid)<br><strong>location</strong>: Argos (Argolid)<br><strong>type</strong>: temple<br><strong>passages</strong>: 2.20.3]]></description>
        <Point><coordinates>22.7195,37.6316</coordinates></Point>
      </Placemark>

      <Placemark>
        <name>Council house in Sicyon</name>
        <description><![CDATA[<strong>name</strong>: Council house in Sicyon<br><strong>region</strong>: Sikyonia Bk2<br><strong>part of</strong>: Sicyon (Sikyonia)<br><strong>location</strong>: Sicyon (Sikyonia)<br><strong>type</strong>: bouleuterion<br><strong>passages</strong>: 2.9.6]]></description>
        <Point><coordinates>22.7145,37.9834</coordinates></Point>
      </Placemark>

      <Placemark>
        <name>Grave of Melikertes at the Isthmus</name>
        <description><![CDATA[<strong>name</strong>: Grave of Melikertes at the Isthmus<br><strong>region</strong>: Corinthia Bk2<br><strong>part of</strong>: Isthmus of Corinth<br><strong>location</strong>: Isthmus of Corinth<br><strong>Wikidata</strong>: <a href="https://wikidata.org/wiki/Q136487518" target="_blank">https://wikidata.org/wiki/Q136487518</a><br><strong>type</strong>: tomb mnema<br><strong>passages</strong>: 2.1.3<br><strong>Manto</strong>: <a href="https://resource.manto.unh.edu/10153060" target="_blank">https://resource.manto.unh.edu/10153060</a>]]></description>
        <Point><coordinates>22.973,37.928</coordinates></Point>
      </Placemark>

      <Placemark>
        <name>Tomb of Kylarabis in Kylarabis gymnasium, Argos</name>
        <description><![CDATA[<strong>name</strong>: Tomb of Kylarabis in Kylarabis gymnasium, Argos<br><strong>region</strong>: Argolid Bk2<br><strong>part of</strong>: Gymnasium of Kylarabis in Argos<br><strong>location</strong>: Gymnasium of Kylarabis in Argos<br><strong>Wikidata</strong>: <a href="https://wikidata.org/wiki/Q136487422" target="_blank">https://wikidata.org/wiki/Q136487422</a><br><strong>type</strong>: tomb mnema<br><strong>passages</strong>: 2.22.9<br><strong>Manto</strong>: <a href="https://resource.manto.unh.edu/11289095" target="_blank">https://resource.manto.unh.edu/11289095</a>]]></description>
        <Point><coordinates>22.7195,37.6316</coordinates></Point>
      </Placemark>

      <Placemark>
        <name>Eua</name>
        <description><![CDATA[<strong>name</strong>: Eua<br><strong>region</strong>: Argolid Bk2<br><strong>part of</strong>: Kynouriake<br><strong>altname</strong>: village in Kynouria<br><strong>Wikidata</strong>: <a href="https://wikidata.org/wiki/Q5405223" target="_blank">https://wikidata.org/wiki/Q5405223</a><br><strong>type</strong>: village kome<br><strong>passages</strong>: 2.38.6<br><strong>Pleiades</strong>: <a href="https://pleiades.stoa.org/places/570241" target="_blank">https://pleiades.stoa.org/places/570241</a>]]></description>
        <Point><coordinates>22.656854,37.377923</coordinates></Point>
      </Placemark>

      <Placemark>
        <name>Telesterion at Eleusis</name>
        <description><![CDATA[<strong>name</strong>: Telesterion at Eleusis<br><strong>region</strong>: Attica Bk1<br><strong>part of</strong>: sanctuary of the Eleusinian Mysteries at Eleusis<br><strong>altname</strong>: Temple of Demeter and Kore at Eleusis<br><strong>Wikidata</strong>: <a href="https://wikidata.org/wiki/Q11918833" target="_blank">https://wikidata.org/wiki/Q11918833</a><br><strong>type</strong>: hieron, temple<br><strong>passages</strong>: 1.14.2, 1.2.5, 1.26.3, 1.35.2, 1.36.3, 1.37.4, 1.38.1, 1.38.5, 1.38.7, 1.38.8, 1.39.1, 1.39.2, 1.39.4, 2.14.1, 2.14.2, 2.30.4, 4.1.5, 4.14.1, 4.15.7<br><strong>Pleiades</strong>: <a href="https://pleiades.stoa.org/places/579920" target="_blank">https://pleiades.stoa.org/places/579920</a>]]></description>
        <Point><coordinates>23.538311,38.041096</coordinates></Point>
      </Placemark>

      <Placemark>
        <name>Telesterion at Eleusis</name>
        <description><![CDATA[<strong>name</strong>: Telesterion at Eleusis<br><strong>region</strong>: Attica Bk1<br><strong>part of</strong>: sanctuary of the Eleusinian Mysteries at Eleusis<br><strong>altname</strong>: Temple of Demeter and Kore at Eleusis<br><strong>Wikidata</strong>: <a href="https://wikidata.org/wiki/Q11918833" target="_blank">https://wikidata.org/wiki/Q11918833</a><br><strong>type</strong>: hieron, temple<br><strong>passages</strong>: 1.14.2, 1.2.5, 1.26.3, 1.35.2, 1.36.3, 1.37.4, 1.38.1, 1.38.5, 1.38.7, 1.38.8, 1.39.1, 1.39.2, 1.39.4, 2.14.1, 2.14.2, 2.30.4, 4.1.5, 4.14.1, 4.15.7<br><strong>Pleiades</strong>: <a href="https://pleiades.stoa.org/places/579920" target="_blank">https://pleiades.stoa.org/places/579920</a>]]></description>
        <Point><coordinates>23.538311,38.041096</coordinates></Point>
      </Placemark>

      <Placemark>
        <name>Telesterion at Eleusis</name>
        <description><![CDATA[<strong>name</strong>: Telesterion at Eleusis<br><strong>region</strong>: Attica Bk1<br><strong>part of</strong>: sanctuary of the Eleusinian Mysteries at Eleusis<br><strong>altname</strong>: Temple of Demeter and Kore at Eleusis<br><strong>Wikidata</strong>: <a href="https://wikidata.org/wiki/Q11918833" target="_blank">https://wikidata.org/wiki/Q11918833</a><br><strong>type</strong>: hieron, temple<br><strong>passages</strong>: 1.14.2, 1.2.5, 1.26.3, 1.35.2, 1.36.3, 1.37.4, 1.38.1, 1.38.5, 1.38.7, 1.38.8, 1.39.1, 1.39.2, 1.39.4, 2.14.1, 2.14.2, 2.30.4, 4.1.5, 4.14.1, 4.15.7<br><strong>Pleiades</strong>: <a href="https://pleiades.stoa.org/places/579920" target="_blank">https://pleiades.stoa.org/places/579920</a>]]></description>
        <Point><coordinates>23.538311,38.041096</coordinates></Point>
      </Placemark>

      <Placemark>
        <name>Athenai Bk1</name>
        <description><![CDATA[<strong>name</strong>: Athenai Bk1<br><strong>region</strong>: Attica Bk1<br><strong>part of</strong>: Attica Bk1<br><strong>altname</strong>: Athens Athenae polis: major city of ancient Greece<br><strong>Wikidata</strong>: <a href="https://wikidata.org/wiki/Q844930" target="_blank">https://wikidata.org/wiki/Q844930</a><br><strong>type</strong>: polis<br><strong>passages</strong>: 1.1.2, 1.1.5, 1.14.1, 1.14.5, 1.14.7, 1.15.2, 1.17.6, 1.18.4, 1.18.8, 1.19.1, 1.2.1, 1.2.4, 1.2.5, 1.20.4, 1.20.5, 1.20.6, 1.20.7, 1.22.3, 1.23.9, 1.25.5, 1.25.8, 1.26.2, 1.26.3, 1.26.6, 1.27.10, 1.27.2, 1.27.3, 1.27.5, 1.27.6, 1.27.8, 1.28.4, 1.28.8, 1.29.12, 1.29.2, 1.3.2, 1.30.1, 1.30.2, 1.32.3, 1.32.6, 1.33.1, 1.33.2, 1.34.3, 1.35.3, 1.36.3, 1.37.5, 1.37.6, 1.37.7, 1.39.4, 1.40.5, 1.41.4, 1.41.9, 1.8.5, 10.10.1, 10.18.7, 10.2.3, 10.21.6, 10.23.14, 10.3.1, 10.34.8, 10.35.8, 10.37.6, 10.4.3, 10.4.9, 10.8.5, 2.1.4, 2.14.4, 2.18.9, 2.26.2, 2.27.2, 2.3.8, 2.31.7, 2.33.4, 2.33.5, 2.6.5, 3.12.7, 3.3.7, 3.4.2, 3.5.2, 3.6.4, 3.6.5, 3.8.6, 3.9.6, 4.13.7, 4.15.1, 4.17.5, 4.2.6, 4.26.8, 4.5.10, 4.5.2, 5.10.4, 5.11.6, 5.12.4, 5.19.3, 5.21.1, 5.26.6, 5.6.5, 6.17.9, 6.20.14, 6.22.7, 7.1.2, 7.1.3, 7.10.4, 7.11.6, 7.2.2, 7.2.7, 7.20.6, 7.24.5, 7.25.2, 7.25.4, 7.7.8, 7.9.6, 8.11.6, 8.23.3, 8.37.3, 8.8.6, 9.1.4, 9.14.7, 9.15.4, 9.15.5, 9.26.6, 9.3.2, 9.30.1, 9.32.5, 9.35.3, 9.39.1, 9.6.2, 9.7.1<br><strong>Pleiades</strong>: <a href="https://pleiades.stoa.org/places/579885" target="_blank">https://pleiades.stoa.org/places/579885</a>]]></description>
        <Point><coordinates>23.726464,37.971687</coordinates></Point>
      </Placemark>

      <Placemark>
        <name>Athenai Bk1</name>
        <description><![CDATA[<strong>name</strong>: Athenai Bk1<br><strong>region</strong>: Attica Bk1<br><strong>part of</strong>: Attica Bk1<br><strong>altname</strong>: Athens Athenae polis: major city of ancient Greece<br><strong>Wikidata</strong>: <a href="https://wikidata.org/wiki/Q844930" target="_blank">https://wikidata.org/wiki/Q844930</a><br><strong>type</strong>: polis<br><strong>passages</strong>: 1.1.2, 1.1.5, 1.14.1, 1.14.5, 1.14.7, 1.15.2, 1.17.6, 1.18.4, 1.18.8, 1.19.1, 1.2.1, 1.2.4, 1.2.5, 1.20.4, 1.20.5, 1.20.6, 1.20.7, 1.22.3, 1.23.9, 1.25.5, 1.25.8, 1.26.2, 1.26.3, 1.26.6, 1.27.10, 1.27.2, 1.27.3, 1.27.5, 1.27.6, 1.27.8, 1.28.4, 1.28.8, 1.29.12, 1.29.2, 1.3.2, 1.30.1, 1.30.2, 1.32.3, 1.32.6, 1.33.1, 1.33.2, 1.34.3, 1.35.3, 1.36.3, 1.37.5, 1.37.6, 1.37.7, 1.39.4, 1.40.5, 1.41.4, 1.41.9, 1.8.5, 10.10.1, 10.18.7, 10.2.3, 10.21.6, 10.23.14, 10.3.1, 10.34.8, 10.35.8, 10.37.6, 10.4.3, 10.4.9, 10.8.5, 2.1.4, 2.14.4, 2.18.9, 2.26.2, 2.27.2, 2.3.8, 2.31.7, 2.33.4, 2.33.5, 2.6.5, 3.12.7, 3.3.7, 3.4.2, 3.5.2, 3.6.4, 3.6.5, 3.8.6, 3.9.6, 4.13.7, 4.15.1, 4.17.5, 4.2.6, 4.26.8, 4.5.10, 4.5.2, 5.10.4, 5.11.6, 5.12.4, 5.19.3, 5.21.1, 5.26.6, 5.6.5, 6.17.9, 6.20.14, 6.22.7, 7.1.2, 7.1.3, 7.10.4, 7.11.6, 7.2.2, 7.2.7, 7.20.6, 7.24.5, 7.25.2, 7.25.4, 7.7.8, 7.9.6, 8.11.6, 8.23.3, 8.37.3, 8.8.6, 9.1.4, 9.14.7, 9.15.4, 9.15.5, 9.26.6, 9.3.2, 9.30.1, 9.32.5, 9.35.3, 9.39.1, 9.6.2, 9.7.1<br><strong>Pleiades</strong>: <a href="https://pleiades.stoa.org/places/579885" target="_blank">https://pleiades.stoa.org/places/579885</a>]]></description>
        <Point><coordinates>23.726464,37.971687</coordinates></Point>
      </Placemark>

      <Placemark>
        <name>Athenai Bk1</name>
        <description><![CDATA[<strong>name</strong>: Athenai Bk1<br><strong>region</strong>: Attica Bk1<br><strong>part of</strong>: Attica Bk1<br><strong>altname</strong>: Athens Athenae polis: major city of ancient Greece<br><strong>Wikidata</strong>: <a href="https://wikidata.org/wiki/Q844930" target="_blank">https://wikidata.org/wiki/Q844930</a><br><strong>type</strong>: polis<br><strong>passages</strong>: 1.1.2, 1.1.5, 1.14.1, 1.14.5, 1.14.7, 1.15.2, 1.17.6, 1.18.4, 1.18.8, 1.19.1, 1.2.1, 1.2.4, 1.2.5, 1.20.4, 1.20.5, 1.20.6, 1.20.7, 1.22.3, 1.23.9, 1.25.5, 1.25.8, 1.26.2, 1.26.3, 1.26.6, 1.27.10, 1.27.2, 1.27.3, 1.27.5, 1.27.6, 1.27.8, 1.28.4, 1.28.8, 1.29.12, 1.29.2, 1.3.2, 1.30.1, 1.30.2, 1.32.3, 1.32.6, 1.33.1, 1.33.2, 1.34.3, 1.35.3, 1.36.3, 1.37.5, 1.37.6, 1.37.7, 1.39.4, 1.40.5, 1.41.4, 1.41.9, 1.8.5, 10.10.1, 10.18.7, 10.2.3, 10.21.6, 10.23.14, 10.3.1, 10.34.8, 10.35.8, 10.37.6, 10.4.3, 10.4.9, 10.8.5, 2.1.4, 2.14.4, 2.18.9, 2.26.2, 2.27.2, 2.3.8, 2.31.7, 2.33.4, 2.33.5, 2.6.5, 3.12.7, 3.3.7, 3.4.2, 3.5.2, 3.6.4, 3.6.5, 3.8.6, 3.9.6, 4.13.7, 4.15.1, 4.17.5, 4.2.6, 4.26.8, 4.5.10, 4.5.2, 5.10.4, 5.11.6, 5.12.4, 5.19.3, 5.21.1, 5.26.6, 5.6.5, 6.17.9, 6.20.14, 6.22.7, 7.1.2, 7.1.3, 7.10.4, 7.11.6, 7.2.2, 7.2.7, 7.20.6, 7.24.5, 7.25.2, 7.25.4, 7.7.8, 7.9.6, 8.11.6, 8.23.3, 8.37.3, 8.8.6, 9.1.4, 9.14.7, 9.15.4, 9.15.5, 9.26.6, 9.3.2, 9.30.1, 9.32.5, 9.35.3, 9.39.1, 9.6.2, 9.7.1<br><strong>Pleiades</strong>: <a href="https://pleiades.stoa.org/places/579885" target="_blank">https://pleiades.stoa.org/places/579885</a>]]></description>
        <Point><coordinates>23.726464,37.971687</coordinates></Point>
      </Placemark>

      <Placemark>
        <name>Athenai Bk1</name>
        <description><![CDATA[<strong>name</strong>: Athenai Bk1<br><strong>region</strong>: Attica Bk1<br><strong>part of</strong>: Attica Bk1<br><strong>altname</strong>: Athens Athenae polis: major city of ancient Greece<br><strong>Wikidata</strong>: <a href="https://wikidata.org/wiki/Q844930" target="_blank">https://wikidata.org/wiki/Q844930</a><br><strong>type</strong>: polis<br><strong>passages</strong>: 1.1.2, 1.1.5, 1.14.1, 1.14.5, 1.14.7, 1.15.2, 1.17.6, 1.18.4, 1.18.8, 1.19.1, 1.2.1, 1.2.4, 1.2.5, 1.20.4, 1.20.5, 1.20.6, 1.20.7, 1.22.3, 1.23.9, 1.25.5, 1.25.8, 1.26.2, 1.26.3, 1.26.6, 1.27.10, 1.27.2, 1.27.3, 1.27.5, 1.27.6, 1.27.8, 1.28.4, 1.28.8, 1.29.12, 1.29.2, 1.3.2, 1.30.1, 1.30.2, 1.32.3, 1.32.6, 1.33.1, 1.33.2, 1.34.3, 1.35.3, 1.36.3, 1.37.5, 1.37.6, 1.37.7, 1.39.4, 1.40.5, 1.41.4, 1.41.9, 1.8.5, 10.10.1, 10.18.7, 10.2.3, 10.21.6, 10.23.14, 10.3.1, 10.34.8, 10.35.8, 10.37.6, 10.4.3, 10.4.9, 10.8.5, 2.1.4, 2.14.4, 2.18.9, 2.26.2, 2.27.2, 2.3.8, 2.31.7, 2.33.4, 2.33.5, 2.6.5, 3.12.7, 3.3.7, 3.4.2, 3.5.2, 3.6.4, 3.6.5, 3.8.6, 3.9.6, 4.13.7, 4.15.1, 4.17.5, 4.2.6, 4.26.8, 4.5.10, 4.5.2, 5.10.4, 5.11.6, 5.12.4, 5.19.3, 5.21.1, 5.26.6, 5.6.5, 6.17.9, 6.20.14, 6.22.7, 7.1.2, 7.1.3, 7.10.4, 7.11.6, 7.2.2, 7.2.7, 7.20.6, 7.24.5, 7.25.2, 7.25.4, 7.7.8, 7.9.6, 8.11.6, 8.23.3, 8.37.3, 8.8.6, 9.1.4, 9.14.7, 9.15.4, 9.15.5, 9.26.6, 9.3.2, 9.30.1, 9.32.5, 9.35.3, 9.39.1, 9.6.2, 9.7.1<br><strong>Pleiades</strong>: <a href="https://pleiades.stoa.org/places/579885" target="_blank">https://pleiades.stoa.org/places/579885</a>]]></description>
        <Point><coordinates>23.726464,37.971687</coordinates></Point>
      </Placemark>

      <Placemark>
        <name>Athenai Bk1</name>
        <description><![CDATA[<strong>name</strong>: Athenai Bk1<br><strong>region</strong>: Attica Bk1<br><strong>part of</strong>: Attica Bk1<br><strong>altname</strong>: Athens Athenae polis: major city of ancient Greece<br><strong>Wikidata</strong>: <a href="https://wikidata.org/wiki/Q844930" target="_blank">https://wikidata.org/wiki/Q844930</a><br><strong>type</strong>: polis<br><strong>passages</strong>: 1.1.2, 1.1.5, 1.14.1, 1.14.5, 1.14.7, 1.15.2, 1.17.6, 1.18.4, 1.18.8, 1.19.1, 1.2.1, 1.2.4, 1.2.5, 1.20.4, 1.20.5, 1.20.6, 1.20.7, 1.22.3, 1.23.9, 1.25.5, 1.25.8, 1.26.2, 1.26.3, 1.26.6, 1.27.10, 1.27.2, 1.27.3, 1.27.5, 1.27.6, 1.27.8, 1.28.4, 1.28.8, 1.29.12, 1.29.2, 1.3.2, 1.30.1, 1.30.2, 1.32.3, 1.32.6, 1.33.1, 1.33.2, 1.34.3, 1.35.3, 1.36.3, 1.37.5, 1.37.6, 1.37.7, 1.39.4, 1.40.5, 1.41.4, 1.41.9, 1.8.5, 10.10.1, 10.18.7, 10.2.3, 10.21.6, 10.23.14, 10.3.1, 10.34.8, 10.35.8, 10.37.6, 10.4.3, 10.4.9, 10.8.5, 2.1.4, 2.14.4, 2.18.9, 2.26.2, 2.27.2, 2.3.8, 2.31.7, 2.33.4, 2.33.5, 2.6.5, 3.12.7, 3.3.7, 3.4.2, 3.5.2, 3.6.4, 3.6.5, 3.8.6, 3.9.6, 4.13.7, 4.15.1, 4.17.5, 4.2.6, 4.26.8, 4.5.10, 4.5.2, 5.10.4, 5.11.6, 5.12.4, 5.19.3, 5.21.1, 5.26.6, 5.6.5, 6.17.9, 6.20.14, 6.22.7, 7.1.2, 7.1.3, 7.10.4, 7.11.6, 7.2.2, 7.2.7, 7.20.6, 7.24.5, 7.25.2, 7.25.4, 7.7.8, 7.9.6, 8.11.6, 8.23.3, 8.37.3, 8.8.6, 9.1.4, 9.14.7, 9.15.4, 9.15.5, 9.26.6, 9.3.2, 9.30.1, 9.32.5, 9.35.3, 9.39.1, 9.6.2, 9.7.1<br><strong>Pleiades</strong>: <a href="https://pleiades.stoa.org/places/579885" target="_blank">https://pleiades.stoa.org/places/579885</a>]]></description>
        <Point><coordinates>23.726464,37.971687</coordinates></Point>
      </Placemark>

      <Placemark>
        <name>Athenai Bk1</name>
        <description><![CDATA[<strong>name</strong>: Athenai Bk1<br><strong>region</strong>: Attica Bk1<br><strong>part of</strong>: Attica Bk1<br><strong>altname</strong>: Athens Athenae polis: major city of ancient Greece<br><strong>Wikidata</strong>: <a href="https://wikidata.org/wiki/Q844930" target="_blank">https://wikidata.org/wiki/Q844930</a><br><strong>type</strong>: polis<br><strong>passages</strong>: 1.1.2, 1.1.5, 1.14.1, 1.14.5, 1.14.7, 1.15.2, 1.17.6, 1.18.4, 1.18.8, 1.19.1, 1.2.1, 1.2.4, 1.2.5, 1.20.4, 1.20.5, 1.20.6, 1.20.7, 1.22.3, 1.23.9, 1.25.5, 1.25.8, 1.26.2, 1.26.3, 1.26.6, 1.27.10, 1.27.2, 1.27.3, 1.27.5, 1.27.6, 1.27.8, 1.28.4, 1.28.8, 1.29.12, 1.29.2, 1.3.2, 1.30.1, 1.30.2, 1.32.3, 1.32.6, 1.33.1, 1.33.2, 1.34.3, 1.35.3, 1.36.3, 1.37.5, 1.37.6, 1.37.7, 1.39.4, 1.40.5, 1.41.4, 1.41.9, 1.8.5, 10.10.1, 10.18.7, 10.2.3, 10.21.6, 10.23.14, 10.3.1, 10.34.8, 10.35.8, 10.37.6, 10.4.3, 10.4.9, 10.8.5, 2.1.4, 2.14.4, 2.18.9, 2.26.2, 2.27.2, 2.3.8, 2.31.7, 2.33.4, 2.33.5, 2.6.5, 3.12.7, 3.3.7, 3.4.2, 3.5.2, 3.6.4, 3.6.5, 3.8.6, 3.9.6, 4.13.7, 4.15.1, 4.17.5, 4.2.6, 4.26.8, 4.5.10, 4.5.2, 5.10.4, 5.11.6, 5.12.4, 5.19.3, 5.21.1, 5.26.6, 5.6.5, 6.17.9, 6.20.14, 6.22.7, 7.1.2, 7.1.3, 7.10.4, 7.11.6, 7.2.2, 7.2.7, 7.20.6, 7.24.5, 7.25.2, 7.25.4, 7.7.8, 7.9.6, 8.11.6, 8.23.3, 8.37.3, 8.8.6, 9.1.4, 9.14.7, 9.15.4, 9.15.5, 9.26.6, 9.3.2, 9.30.1, 9.32.5, 9.35.3, 9.39.1, 9.6.2, 9.7.1<br><strong>Pleiades</strong>: <a href="https://pleiades.stoa.org/places/579885" target="_blank">https://pleiades.stoa.org/places/579885</a>]]></description>
        <Point><coordinates>23.726464,37.971687</coordinates></Point>
      </Placemark>

      <Placemark>
        <name>Athenai Bk1</name>
        <description><![CDATA[<strong>name</strong>: Athenai Bk1<br><strong>region</strong>: Attica Bk1<br><strong>part of</strong>: Attica Bk1<br><strong>altname</strong>: Athens Athenae polis: major city of ancient Greece<br><strong>Wikidata</strong>: <a href="https://wikidata.org/wiki/Q844930" target="_blank">https://wikidata.org/wiki/Q844930</a><br><strong>type</strong>: polis<br><strong>passages</strong>: 1.1.2, 1.1.5, 1.14.1, 1.14.5, 1.14.7, 1.15.2, 1.17.6, 1.18.4, 1.18.8, 1.19.1, 1.2.1, 1.2.4, 1.2.5, 1.20.4, 1.20.5, 1.20.6, 1.20.7, 1.22.3, 1.23.9, 1.25.5, 1.25.8, 1.26.2, 1.26.3, 1.26.6, 1.27.10, 1.27.2, 1.27.3, 1.27.5, 1.27.6, 1.27.8, 1.28.4, 1.28.8, 1.29.12, 1.29.2, 1.3.2, 1.30.1, 1.30.2, 1.32.3, 1.32.6, 1.33.1, 1.33.2, 1.34.3, 1.35.3, 1.36.3, 1.37.5, 1.37.6, 1.37.7, 1.39.4, 1.40.5, 1.41.4, 1.41.9, 1.8.5, 10.10.1, 10.18.7, 10.2.3, 10.21.6, 10.23.14, 10.3.1, 10.34.8, 10.35.8, 10.37.6, 10.4.3, 10.4.9, 10.8.5, 2.1.4, 2.14.4, 2.18.9, 2.26.2, 2.27.2, 2.3.8, 2.31.7, 2.33.4, 2.33.5, 2.6.5, 3.12.7, 3.3.7, 3.4.2, 3.5.2, 3.6.4, 3.6.5, 3.8.6, 3.9.6, 4.13.7, 4.15.1, 4.17.5, 4.2.6, 4.26.8, 4.5.10, 4.5.2, 5.10.4, 5.11.6, 5.12.4, 5.19.3, 5.21.1, 5.26.6, 5.6.5, 6.17.9, 6.20.14, 6.22.7, 7.1.2, 7.1.3, 7.10.4, 7.11.6, 7.2.2, 7.2.7, 7.20.6, 7.24.5, 7.25.2, 7.25.4, 7.7.8, 7.9.6, 8.11.6, 8.23.3, 8.37.3, 8.8.6, 9.1.4, 9.14.7, 9.15.4, 9.15.5, 9.26.6, 9.3.2, 9.30.1, 9.32.5, 9.35.3, 9.39.1, 9.6.2, 9.7.1<br><strong>Pleiades</strong>: <a href="https://pleiades.stoa.org/places/579885" target="_blank">https://pleiades.stoa.org/places/579885</a>]]></description>
        <Point><coordinates>23.726464,37.971687</coordinates></Point>
      </Placemark>

      <Placemark>
        <name>Athenai Bk1</name>
        <description><![CDATA[<strong>name</strong>: Athenai Bk1<br><strong>region</strong>: Attica Bk1<br><strong>part of</strong>: Attica Bk1<br><strong>altname</strong>: Athens Athenae polis: major city of ancient Greece<br><strong>Wikidata</strong>: <a href="https://wikidata.org/wiki/Q844930" target="_blank">https://wikidata.org/wiki/Q844930</a><br><strong>type</strong>: polis<br><strong>passages</strong>: 1.1.2, 1.1.5, 1.14.1, 1.14.5, 1.14.7, 1.15.2, 1.17.6, 1.18.4, 1.18.8, 1.19.1, 1.2.1, 1.2.4, 1.2.5, 1.20.4, 1.20.5, 1.20.6, 1.20.7, 1.22.3, 1.23.9, 1.25.5, 1.25.8, 1.26.2, 1.26.3, 1.26.6, 1.27.10, 1.27.2, 1.27.3, 1.27.5, 1.27.6, 1.27.8, 1.28.4, 1.28.8, 1.29.12, 1.29.2, 1.3.2, 1.30.1, 1.30.2, 1.32.3, 1.32.6, 1.33.1, 1.33.2, 1.34.3, 1.35.3, 1.36.3, 1.37.5, 1.37.6, 1.37.7, 1.39.4, 1.40.5, 1.41.4, 1.41.9, 1.8.5, 10.10.1, 10.18.7, 10.2.3, 10.21.6, 10.23.14, 10.3.1, 10.34.8, 10.35.8, 10.37.6, 10.4.3, 10.4.9, 10.8.5, 2.1.4, 2.14.4, 2.18.9, 2.26.2, 2.27.2, 2.3.8, 2.31.7, 2.33.4, 2.33.5, 2.6.5, 3.12.7, 3.3.7, 3.4.2, 3.5.2, 3.6.4, 3.6.5, 3.8.6, 3.9.6, 4.13.7, 4.15.1, 4.17.5, 4.2.6, 4.26.8, 4.5.10, 4.5.2, 5.10.4, 5.11.6, 5.12.4, 5.19.3, 5.21.1, 5.26.6, 5.6.5, 6.17.9, 6.20.14, 6.22.7, 7.1.2, 7.1.3, 7.10.4, 7.11.6, 7.2.2, 7.2.7, 7.20.6, 7.24.5, 7.25.2, 7.25.4, 7.7.8, 7.9.6, 8.11.6, 8.23.3, 8.37.3, 8.8.6, 9.1.4, 9.14.7, 9.15.4, 9.15.5, 9.26.6, 9.3.2, 9.30.1, 9.32.5, 9.35.3, 9.39.1, 9.6.2, 9.7.1<br><strong>Pleiades</strong>: <a href="https://pleiades.stoa.org/places/579885" target="_blank">https://pleiades.stoa.org/places/579885</a>]]></description>
        <Point><coordinates>23.726464,37.971687</coordinates></Point>
      </Placemark>

      <Placemark>
        <name>Athenai Bk1</name>
        <description><![CDATA[<strong>name</strong>: Athenai Bk1<br><strong>region</strong>: Attica Bk1<br><strong>part of</strong>: Attica Bk1<br><strong>altname</strong>: Athens Athenae polis: major city of ancient Greece<br><strong>Wikidata</strong>: <a href="https://wikidata.org/wiki/Q844930" target="_blank">https://wikidata.org/wiki/Q844930</a><br><strong>type</strong>: polis<br><strong>passages</strong>: 1.1.2, 1.1.5, 1.14.1, 1.14.5, 1.14.7, 1.15.2, 1.17.6, 1.18.4, 1.18.8, 1.19.1, 1.2.1, 1.2.4, 1.2.5, 1.20.4, 1.20.5, 1.20.6, 1.20.7, 1.22.3, 1.23.9, 1.25.5, 1.25.8, 1.26.2, 1.26.3, 1.26.6, 1.27.10, 1.27.2, 1.27.3, 1.27.5, 1.27.6, 1.27.8, 1.28.4, 1.28.8, 1.29.12, 1.29.2, 1.3.2, 1.30.1, 1.30.2, 1.32.3, 1.32.6, 1.33.1, 1.33.2, 1.34.3, 1.35.3, 1.36.3, 1.37.5, 1.37.6, 1.37.7, 1.39.4, 1.40.5, 1.41.4, 1.41.9, 1.8.5, 10.10.1, 10.18.7, 10.2.3, 10.21.6, 10.23.14, 10.3.1, 10.34.8, 10.35.8, 10.37.6, 10.4.3, 10.4.9, 10.8.5, 2.1.4, 2.14.4, 2.18.9, 2.26.2, 2.27.2, 2.3.8, 2.31.7, 2.33.4, 2.33.5, 2.6.5, 3.12.7, 3.3.7, 3.4.2, 3.5.2, 3.6.4, 3.6.5, 3.8.6, 3.9.6, 4.13.7, 4.15.1, 4.17.5, 4.2.6, 4.26.8, 4.5.10, 4.5.2, 5.10.4, 5.11.6, 5.12.4, 5.19.3, 5.21.1, 5.26.6, 5.6.5, 6.17.9, 6.20.14, 6.22.7, 7.1.2, 7.1.3, 7.10.4, 7.11.6, 7.2.2, 7.2.7, 7.20.6, 7.24.5, 7.25.2, 7.25.4, 7.7.8, 7.9.6, 8.11.6, 8.23.3, 8.37.3, 8.8.6, 9.1.4, 9.14.7, 9.15.4, 9.15.5, 9.26.6, 9.3.2, 9.30.1, 9.32.5, 9.35.3, 9.39.1, 9.6.2, 9.7.1<br><strong>Pleiades</strong>: <a href="https://pleiades.stoa.org/places/579885" target="_blank">https://pleiades.stoa.org/places/579885</a>]]></description>
        <Point><coordinates>23.726464,37.971687</coordinates></Point>
      </Placemark>

      <Placemark>
        <name>Athenai Bk1</name>
        <description><![CDATA[<strong>name</strong>: Athenai Bk1<br><strong>region</strong>: Attica Bk1<br><strong>part of</strong>: Attica Bk1<br><strong>altname</strong>: Athens Athenae polis: major city of ancient Greece<br><strong>Wikidata</strong>: <a href="https://wikidata.org/wiki/Q844930" target="_blank">https://wikidata.org/wiki/Q844930</a><br><strong>type</strong>: polis<br><strong>passages</strong>: 1.1.2, 1.1.5, 1.14.1, 1.14.5, 1.14.7, 1.15.2, 1.17.6, 1.18.4, 1.18.8, 1.19.1, 1.2.1, 1.2.4, 1.2.5, 1.20.4, 1.20.5, 1.20.6, 1.20.7, 1.22.3, 1.23.9, 1.25.5, 1.25.8, 1.26.2, 1.26.3, 1.26.6, 1.27.10, 1.27.2, 1.27.3, 1.27.5, 1.27.6, 1.27.8, 1.28.4, 1.28.8, 1.29.12, 1.29.2, 1.3.2, 1.30.1, 1.30.2, 1.32.3, 1.32.6, 1.33.1, 1.33.2, 1.34.3, 1.35.3, 1.36.3, 1.37.5, 1.37.6, 1.37.7, 1.39.4, 1.40.5, 1.41.4, 1.41.9, 1.8.5, 10.10.1, 10.18.7, 10.2.3, 10.21.6, 10.23.14, 10.3.1, 10.34.8, 10.35.8, 10.37.6, 10.4.3, 10.4.9, 10.8.5, 2.1.4, 2.14.4, 2.18.9, 2.26.2, 2.27.2, 2.3.8, 2.31.7, 2.33.4, 2.33.5, 2.6.5, 3.12.7, 3.3.7, 3.4.2, 3.5.2, 3.6.4, 3.6.5, 3.8.6, 3.9.6, 4.13.7, 4.15.1, 4.17.5, 4.2.6, 4.26.8, 4.5.10, 4.5.2, 5.10.4, 5.11.6, 5.12.4, 5.19.3, 5.21.1, 5.26.6, 5.6.5, 6.17.9, 6.20.14, 6.22.7, 7.1.2, 7.1.3, 7.10.4, 7.11.6, 7.2.2, 7.2.7, 7.20.6, 7.24.5, 7.25.2, 7.25.4, 7.7.8, 7.9.6, 8.11.6, 8.23.3, 8.37.3, 8.8.6, 9.1.4, 9.14.7, 9.15.4, 9.15.5, 9.26.6, 9.3.2, 9.30.1, 9.32.5, 9.35.3, 9.39.1, 9.6.2, 9.7.1<br><strong>Pleiades</strong>: <a href="https://pleiades.stoa.org/places/579885" target="_blank">https://pleiades.stoa.org/places/579885</a>]]></description>
        <Point><coordinates>23.726464,37.971687</coordinates></Point>
      </Placemark>

      <Placemark>
        <name>Crescent-shaped shore on mainland after Hydra</name>
        <description><![CDATA[<strong>name</strong>: Crescent-shaped shore on mainland after Hydra<br><strong>region</strong>: Hermionis Bk2<br><strong>part of</strong>: Hermionis Bk2<br><strong>type</strong>: coast<br><strong>passages</strong>: 2.34.9]]></description>
        <Point><coordinates>23.2593,37.3844</coordinates></Point>
      </Placemark>

      <Placemark>
        <name>Tithorea/Neon</name>
        <description><![CDATA[<strong>name</strong>: Tithorea/Neon<br><strong>region</strong>: Phokis Bk10<br><strong>part of</strong>: Phokis Bk10<br><strong>Wikidata</strong>: <a href="https://wikidata.org/wiki/Q56697763" target="_blank">https://wikidata.org/wiki/Q56697763</a><br><strong>type</strong>: settlement<br><strong>passages</strong>: 10.1.1, 10.2.4, 10.3.2, 10.32.10, 10.32.11, 10.32.12, 10.32.14, 10.32.17, 10.32.19, 10.32.8, 10.32.9, 10.33.1, 2.29.3, 2.4.3, 9.17.4<br><strong>Pleiades</strong>: <a href="https://pleiades.stoa.org/places/541152" target="_blank">https://pleiades.stoa.org/places/541152</a>]]></description>
        <Point><coordinates>22.66931,38.58344</coordinates></Point>
      </Placemark>

      <Placemark>
        <name>Tithorea/Neon</name>
        <description><![CDATA[<strong>name</strong>: Tithorea/Neon<br><strong>region</strong>: Phokis Bk10<br><strong>part of</strong>: Phokis Bk10<br><strong>Wikidata</strong>: <a href="https://wikidata.org/wiki/Q56697763" target="_blank">https://wikidata.org/wiki/Q56697763</a><br><strong>type</strong>: settlement<br><strong>passages</strong>: 10.1.1, 10.2.4, 10.3.2, 10.32.10, 10.32.11, 10.32.12, 10.32.14, 10.32.17, 10.32.19, 10.32.8, 10.32.9, 10.33.1, 2.29.3, 2.4.3, 9.17.4<br><strong>Pleiades</strong>: <a href="https://pleiades.stoa.org/places/541152" target="_blank">https://pleiades.stoa.org/places/541152</a>]]></description>
        <Point><coordinates>22.66931,38.58344</coordinates></Point>
      </Placemark>

      <Placemark>
        <name>Sanctuary of Demeter Thermasia on border of Hermione seawards</name>
        <description><![CDATA[<strong>name</strong>: Sanctuary of Demeter Thermasia on border of Hermione seawards<br><strong>region</strong>: Hermionis Bk2<br><strong>part of</strong>: Hermionis Bk2<br><strong>Wikidata</strong>: <a href="https://wikidata.org/wiki/Q134037756" target="_blank">https://wikidata.org/wiki/Q134037756</a><br><strong>type</strong>: hieron<br><strong>passages</strong>: 2.34.6]]></description>
        <Point><coordinates>23.2534,37.3834</coordinates></Point>
      </Placemark>

      <Placemark>
        <name>Stazousa cave spring by the gate of Sicyon</name>
        <description><![CDATA[<strong>name</strong>: Stazousa cave spring by the gate of Sicyon<br><strong>region</strong>: Sikyonia Bk2<br><strong>part of</strong>: road Corinth to Sikyon<br><strong>location</strong>: Sicyon (Sikyonia)<br><strong>type</strong>: cave, spring pege<br><strong>passages</strong>: 2.7.4]]></description>
        <Point><coordinates>22.7145,37.9834</coordinates></Point>
      </Placemark>

      <Placemark>
        <name>Summit of Mt. Lykone near Argos</name>
        <description><![CDATA[<strong>name</strong>: Summit of Mt. Lykone near Argos<br><strong>region</strong>: Argolid Bk2<br><strong>part of</strong>: Lykone (mountain)<br><strong>location</strong>: Lykone (mountain)<br><strong>type</strong>: summit<br><strong>passages</strong>: 2.24.5]]></description>
        <Point><coordinates>22.7028,37.6328</coordinates></Point>
      </Placemark>

      <Placemark>
        <name>Mound with Medusa&apos;s head, Argos agora</name>
        <description><![CDATA[<strong>name</strong>: Mound with Medusa&apos;s head, Argos agora<br><strong>region</strong>: Argolid Bk2<br><strong>part of</strong>: Agora of Argos<br><strong>location</strong>: Agora of Argos<br><strong>type</strong>: mound/dike<br><strong>passages</strong>: 2.21.5]]></description>
        <Point><coordinates>22.7214,37.6305</coordinates></Point>
      </Placemark>

      <Placemark>
        <name>Temenos and temple of Dionysus Cresius in Argos</name>
        <description><![CDATA[<strong>name</strong>: Temenos and temple of Dionysus Cresius in Argos<br><strong>region</strong>: Argolid Bk2<br><strong>part of</strong>: Argos (Argolid)<br><strong>location</strong>: Argos (Argolid)<br><strong>type</strong>: temenos, temple<br><strong>passages</strong>: 2.23.7]]></description>
        <Point><coordinates>22.7195,37.6316</coordinates></Point>
      </Placemark>

      <Placemark>
        <name>Hypereia of Troizenia</name>
        <description><![CDATA[<strong>name</strong>: Hypereia of Troizenia<br><strong>region</strong>: Troizenia Bk2<br><strong>part of</strong>: Troizen (Troizenia)<br><strong>location</strong>: Troizen (Troizenia)<br><strong>Wikidata</strong>: <a href="https://wikidata.org/wiki/Q125966733" target="_blank">https://wikidata.org/wiki/Q125966733</a><br><strong>type</strong>: polis<br><strong>passages</strong>: 2.30.8, 7.26.13<br><strong>Pleiades</strong>: <a href="https://pleiades.stoa.org/places/573257" target="_blank">https://pleiades.stoa.org/places/573257</a>]]></description>
        <Point><coordinates>23.3484,37.5033</coordinates></Point>
      </Placemark>

      <Placemark>
        <name>Sanctuary of Athena with collapsed roof on Hermione promontory</name>
        <description><![CDATA[<strong>name</strong>: Sanctuary of Athena with collapsed roof on Hermione promontory<br><strong>region</strong>: Hermionis Bk2<br><strong>part of</strong>: Hermione<br><strong>location</strong>: Hermione<br><strong>Wikidata</strong>: <a href="https://wikidata.org/wiki/Q134037731" target="_blank">https://wikidata.org/wiki/Q134037731</a><br><strong>type</strong>: hieron<br><strong>passages</strong>: 2.34.10]]></description>
        <Point><coordinates>23.243591,37.385218</coordinates></Point>
      </Placemark>

      <Placemark>
        <name>Walls of Epidaurus</name>
        <description><![CDATA[<strong>name</strong>: Walls of Epidaurus<br><strong>region</strong>: Epidauria Bk2<br><strong>part of</strong>: Epidauros<br><strong>location</strong>: Epidauros<br><strong>type</strong>: city walls<br><strong>passages</strong>: 2.28.3]]></description>
        <Point><coordinates>23.1602,37.6335</coordinates></Point>
      </Placemark>

      <Placemark>
        <name>Asklepieion of Epidauros</name>
        <description><![CDATA[<strong>name</strong>: Asklepieion of Epidauros<br><strong>region</strong>: Epidauria Bk2<br><strong>part of</strong>: Epidauria Bk2<br><strong>altname</strong>: Asclepieion of Epidaurus<br><strong>Wikidata</strong>: <a href="https://wikidata.org/wiki/Q7698713" target="_blank">https://wikidata.org/wiki/Q7698713</a><br><strong>type</strong>: Asclepieion<br><strong>passages</strong>: 10.38.13, 2.1.4, 2.26.1, 2.26.9, 2.27.2, 2.27.6, 2.27.7, 3.23.7, 5.11.11<br><strong>Pleiades</strong>: <a href="https://pleiades.stoa.org/places/570127" target="_blank">https://pleiades.stoa.org/places/570127</a><br><strong>ToposText</strong>: <a href="https://topostext.org/place/376231SAsk" target="_blank">https://topostext.org/place/376231SAsk</a>]]></description>
        <Point><coordinates>23.075,37.597</coordinates></Point>
      </Placemark>

      <Placemark>
        <name>Asklepieion of Epidauros</name>
        <description><![CDATA[<strong>name</strong>: Asklepieion of Epidauros<br><strong>region</strong>: Epidauria Bk2<br><strong>part of</strong>: Epidauria Bk2<br><strong>altname</strong>: Asclepieion of Epidaurus<br><strong>Wikidata</strong>: <a href="https://wikidata.org/wiki/Q7698713" target="_blank">https://wikidata.org/wiki/Q7698713</a><br><strong>type</strong>: Asclepieion<br><strong>passages</strong>: 10.38.13, 2.1.4, 2.26.1, 2.26.9, 2.27.2, 2.27.6, 2.27.7, 3.23.7, 5.11.11<br><strong>Pleiades</strong>: <a href="https://pleiades.stoa.org/places/570127" target="_blank">https://pleiades.stoa.org/places/570127</a><br><strong>ToposText</strong>: <a href="https://topostext.org/place/376231SAsk" target="_blank">https://topostext.org/place/376231SAsk</a>]]></description>
        <Point><coordinates>23.075,37.597</coordinates></Point>
      </Placemark>

      <Placemark>
        <name>Asklepieion of Epidauros</name>
        <description><![CDATA[<strong>name</strong>: Asklepieion of Epidauros<br><strong>region</strong>: Epidauria Bk2<br><strong>part of</strong>: Epidauria Bk2<br><strong>altname</strong>: Asclepieion of Epidaurus<br><strong>Wikidata</strong>: <a href="https://wikidata.org/wiki/Q7698713" target="_blank">https://wikidata.org/wiki/Q7698713</a><br><strong>type</strong>: Asclepieion<br><strong>passages</strong>: 10.38.13, 2.1.4, 2.26.1, 2.26.9, 2.27.2, 2.27.6, 2.27.7, 3.23.7, 5.11.11<br><strong>Pleiades</strong>: <a href="https://pleiades.stoa.org/places/570127" target="_blank">https://pleiades.stoa.org/places/570127</a><br><strong>ToposText</strong>: <a href="https://topostext.org/place/376231SAsk" target="_blank">https://topostext.org/place/376231SAsk</a>]]></description>
        <Point><coordinates>23.075,37.597</coordinates></Point>
      </Placemark>

      <Placemark>
        <name>Asklepieion of Epidauros</name>
        <description><![CDATA[<strong>name</strong>: Asklepieion of Epidauros<br><strong>region</strong>: Epidauria Bk2<br><strong>part of</strong>: Epidauria Bk2<br><strong>altname</strong>: Asclepieion of Epidaurus<br><strong>Wikidata</strong>: <a href="https://wikidata.org/wiki/Q7698713" target="_blank">https://wikidata.org/wiki/Q7698713</a><br><strong>type</strong>: Asclepieion<br><strong>passages</strong>: 10.38.13, 2.1.4, 2.26.1, 2.26.9, 2.27.2, 2.27.6, 2.27.7, 3.23.7, 5.11.11<br><strong>Pleiades</strong>: <a href="https://pleiades.stoa.org/places/570127" target="_blank">https://pleiades.stoa.org/places/570127</a><br><strong>ToposText</strong>: <a href="https://topostext.org/place/376231SAsk" target="_blank">https://topostext.org/place/376231SAsk</a>]]></description>
        <Point><coordinates>23.075,37.597</coordinates></Point>
      </Placemark>

      <Placemark>
        <name>Asklepieion of Epidauros</name>
        <description><![CDATA[<strong>name</strong>: Asklepieion of Epidauros<br><strong>region</strong>: Epidauria Bk2<br><strong>part of</strong>: Epidauria Bk2<br><strong>altname</strong>: Asclepieion of Epidaurus<br><strong>Wikidata</strong>: <a href="https://wikidata.org/wiki/Q7698713" target="_blank">https://wikidata.org/wiki/Q7698713</a><br><strong>type</strong>: Asclepieion<br><strong>passages</strong>: 10.38.13, 2.1.4, 2.26.1, 2.26.9, 2.27.2, 2.27.6, 2.27.7, 3.23.7, 5.11.11<br><strong>Pleiades</strong>: <a href="https://pleiades.stoa.org/places/570127" target="_blank">https://pleiades.stoa.org/places/570127</a><br><strong>ToposText</strong>: <a href="https://topostext.org/place/376231SAsk" target="_blank">https://topostext.org/place/376231SAsk</a>]]></description>
        <Point><coordinates>23.075,37.597</coordinates></Point>
      </Placemark>

      <Placemark>
        <name>Asklepieion of Epidauros</name>
        <description><![CDATA[<strong>name</strong>: Asklepieion of Epidauros<br><strong>region</strong>: Epidauria Bk2<br><strong>part of</strong>: Epidauria Bk2<br><strong>altname</strong>: Asclepieion of Epidaurus<br><strong>Wikidata</strong>: <a href="https://wikidata.org/wiki/Q7698713" target="_blank">https://wikidata.org/wiki/Q7698713</a><br><strong>type</strong>: Asclepieion<br><strong>passages</strong>: 10.38.13, 2.1.4, 2.26.1, 2.26.9, 2.27.2, 2.27.6, 2.27.7, 3.23.7, 5.11.11<br><strong>Pleiades</strong>: <a href="https://pleiades.stoa.org/places/570127" target="_blank">https://pleiades.stoa.org/places/570127</a><br><strong>ToposText</strong>: <a href="https://topostext.org/place/376231SAsk" target="_blank">https://topostext.org/place/376231SAsk</a>]]></description>
        <Point><coordinates>23.075,37.597</coordinates></Point>
      </Placemark>

      <Placemark>
        <name>Tomb of Cassandra at Mycenae, contested by Amyclaeans</name>
        <description><![CDATA[<strong>name</strong>: Tomb of Cassandra at Mycenae, contested by Amyclaeans<br><strong>region</strong>: Argolid Bk2<br><strong>part of</strong>: Mycenae<br><strong>location</strong>: Mycenae<br><strong>Wikidata</strong>: <a href="https://wikidata.org/wiki/Q136487414" target="_blank">https://wikidata.org/wiki/Q136487414</a><br><strong>type</strong>: tomb mnema<br><strong>passages</strong>: 2.16.6<br><strong>Manto</strong>: <a href="https://resource.manto.unh.edu/10159516" target="_blank">https://resource.manto.unh.edu/10159516</a>]]></description>
        <Point><coordinates>22.756111,37.730833</coordinates></Point>
      </Placemark>

      <Placemark>
        <name>Tract on the road from Anigraia to the sea</name>
        <description><![CDATA[<strong>name</strong>: Tract on the road from Anigraia to the sea<br><strong>region</strong>: Argolid Bk2<br><strong>part of</strong>: Anigraia<br><strong>location</strong>: Anigraia<br><strong>type</strong>: chora/region<br><strong>passages</strong>: 2.38.4]]></description>
        <Point><coordinates>22.7348,37.469</coordinates></Point>
      </Placemark>

      <Placemark>
        <name>Springs of the River Asopos in Korinthia</name>
        <description><![CDATA[<strong>name</strong>: Springs of the River Asopos in Korinthia<br><strong>region</strong>: Phlious Bk2<br><strong>part of</strong>: Asopos river (Korinthia)<br><strong>type</strong>: spring pege<br><strong>passages</strong>: 2.12.6]]></description>
        <Point><coordinates>22.63734,37.8353</coordinates></Point>
      </Placemark>

      <Placemark>
        <name>Bath of Hadrian at Corinth</name>
        <description><![CDATA[<strong>name</strong>: Bath of Hadrian at Corinth<br><strong>region</strong>: Corinthia Bk2<br><strong>part of</strong>: Corinth (Corinthia)<br><strong>location</strong>: Corinth (Corinthia)<br><strong>type</strong>: bath<br><strong>passages</strong>: 2.3.5]]></description>
        <Point><coordinates>22.8802,37.9054</coordinates></Point>
      </Placemark>

      <Placemark>
        <name>Ruins of the city wall in Mycenae</name>
        <description><![CDATA[<strong>name</strong>: Ruins of the city wall in Mycenae<br><strong>region</strong>: Argolid Bk2<br><strong>part of</strong>: Mycenae<br><strong>location</strong>: Mycenae<br><strong>type</strong>: city walls<br><strong>passages</strong>: 2.16.5]]></description>
        <Point><coordinates>22.756111,37.730833</coordinates></Point>
      </Placemark>

      <Placemark>
        <name>Tomb/Cenotaph of Hyrnetho</name>
        <description><![CDATA[<strong>name</strong>: Tomb/Cenotaph of Hyrnetho<br><strong>region</strong>: Argolid Bk2<br><strong>part of</strong>: Argos (Argolid)<br><strong>location</strong>: Argos (Argolid)<br><strong>altname</strong>: Epidaurians know Hyrnetho buried elsewhere<br><strong>type</strong>: cenotaph<br><strong>passages</strong>: 2.23.3]]></description>
        <Point><coordinates>22.7195,37.6316</coordinates></Point>
      </Placemark>

      <Placemark>
        <name>Didyma Apollo sanctuary</name>
        <description><![CDATA[<strong>name</strong>: Didyma Apollo sanctuary<br><strong>region</strong>: Asia Minor (Asia)<br><strong>part of</strong>: Ionia (region)<br><strong>altname</strong>: Branchidai<br><strong>Wikidata</strong>: <a href="https://wikidata.org/wiki/Q671358" target="_blank">https://wikidata.org/wiki/Q671358</a><br><strong>type</strong>: hieron, settlement<br><strong>passages</strong>: 1.16.3, 2.10.5, 5.13.11, 5.7.5, 7.2.6, 7.5.4, 8.46.3, 9.10.2<br><strong>Pleiades</strong>: <a href="https://pleiades.stoa.org/places/599593" target="_blank">https://pleiades.stoa.org/places/599593</a>]]></description>
        <Point><coordinates>27.256115000000005,37.384829</coordinates></Point>
      </Placemark>

      <Placemark>
        <name>Echo Stoa in Hermione, on the right of the sanctuary of Demeter Chthonia</name>
        <description><![CDATA[<strong>name</strong>: Echo Stoa in Hermione, on the right of the sanctuary of Demeter Chthonia<br><strong>region</strong>: Hermionis Bk2<br><strong>part of</strong>: Pron M.<br><strong>location</strong>: Pron M.<br><strong>type</strong>: stoa<br><strong>passages</strong>: 2.35.10]]></description>
        <Point><coordinates>23.235,37.3884</coordinates></Point>
      </Placemark>

      <Placemark>
        <name>Temple of Poseidon Phytalmios at Troizen</name>
        <description><![CDATA[<strong>name</strong>: Temple of Poseidon Phytalmios at Troizen<br><strong>region</strong>: Troizenia Bk2<br><strong>part of</strong>: Troizen (Troizenia)<br><strong>location</strong>: Troizen (Troizenia)<br><strong>type</strong>: temple<br><strong>passages</strong>: 2.32.8]]></description>
        <Point><coordinates>23.3484,37.5033</coordinates></Point>
      </Placemark>

      <Placemark>
        <name>Walls of Asine, Argolid</name>
        <description><![CDATA[<strong>name</strong>: Walls of Asine, Argolid<br><strong>region</strong>: Argolid Bk2<br><strong>part of</strong>: Asine (Argolid)<br><strong>location</strong>: Asine (Argolid)<br><strong>type</strong>: fortification<br><strong>passages</strong>: 2.36.5]]></description>
        <Point><coordinates>22.8745,37.528</coordinates></Point>
      </Placemark>

      <Placemark>
        <name>Fountain near the Agora of Corinth</name>
        <description><![CDATA[<strong>name</strong>: Fountain near the Agora of Corinth<br><strong>region</strong>: Corinthia Bk2<br><strong>part of</strong>: Agora of Corinth<br><strong>location</strong>: Agora of Corinth<br><strong>type</strong>: spring pege<br><strong>passages</strong>: 2.2.8]]></description>
        <Point><coordinates>22.8793472,37.9049161</coordinates></Point>
      </Placemark>

      <Placemark>
        <name>Trikrana (island)</name>
        <description><![CDATA[<strong>name</strong>: Trikrana (island)<br><strong>region</strong>: Hermionis Bk2<br><strong>part of</strong>: Aegean Sea (Hellas)<br><strong>Wikidata</strong>: <a href="https://wikidata.org/wiki/Q16523372" target="_blank">https://wikidata.org/wiki/Q16523372</a><br><strong>type</strong>: island<br><strong>passages</strong>: 2.34.8<br><strong>Pleiades</strong>: <a href="https://pleiades.stoa.org/places/570752" target="_blank">https://pleiades.stoa.org/places/570752</a>]]></description>
        <Point><coordinates>23.28241,37.26444</coordinates></Point>
      </Placemark>

      <Placemark>
        <name>Sanctuary of Artemis Saronia on coast of Troizen</name>
        <description><![CDATA[<strong>name</strong>: Sanctuary of Artemis Saronia on coast of Troizen<br><strong>region</strong>: Troizenia Bk2<br><strong>part of</strong>: Troizen (Troizenia)<br><strong>location</strong>: Troizen (Troizenia)<br><strong>Wikidata</strong>: <a href="https://wikidata.org/wiki/Q134037893" target="_blank">https://wikidata.org/wiki/Q134037893</a><br><strong>type</strong>: hieron<br><strong>passages</strong>: 2.30.7, 2.32.10<br><strong>Manto</strong>: <a href="https://resource.manto.unh.edu/10192739" target="_blank">https://resource.manto.unh.edu/10192739</a>]]></description>
        <Point><coordinates>23.3484,37.5033</coordinates></Point>
      </Placemark>

      <Placemark>
        <name>Sanctuary of Artemis Saronia on coast of Troizen</name>
        <description><![CDATA[<strong>name</strong>: Sanctuary of Artemis Saronia on coast of Troizen<br><strong>region</strong>: Troizenia Bk2<br><strong>part of</strong>: Troizen (Troizenia)<br><strong>location</strong>: Troizen (Troizenia)<br><strong>Wikidata</strong>: <a href="https://wikidata.org/wiki/Q134037893" target="_blank">https://wikidata.org/wiki/Q134037893</a><br><strong>type</strong>: hieron<br><strong>passages</strong>: 2.30.7, 2.32.10<br><strong>Manto</strong>: <a href="https://resource.manto.unh.edu/10192739" target="_blank">https://resource.manto.unh.edu/10192739</a>]]></description>
        <Point><coordinates>23.3484,37.5033</coordinates></Point>
      </Placemark>

      <Placemark>
        <name>Anigraia</name>
        <description><![CDATA[<strong>name</strong>: Anigraia<br><strong>region</strong>: Argolid Bk2<br><strong>part of</strong>: Eleia Bk5 Bk6<br><strong>Wikidata</strong>: <a href="https://wikidata.org/wiki/Q125936806" target="_blank">https://wikidata.org/wiki/Q125936806</a><br><strong>type</strong>: chorion, pass<br><strong>passages</strong>: 2.38.4, 2.38.5<br><strong>Pleiades</strong>: <a href="https://pleiades.stoa.org/places/570083" target="_blank">https://pleiades.stoa.org/places/570083</a>]]></description>
        <Point><coordinates>22.7348,37.469</coordinates></Point>
      </Placemark>

      <Placemark>
        <name>Anigraia</name>
        <description><![CDATA[<strong>name</strong>: Anigraia<br><strong>region</strong>: Argolid Bk2<br><strong>part of</strong>: Eleia Bk5 Bk6<br><strong>Wikidata</strong>: <a href="https://wikidata.org/wiki/Q125936806" target="_blank">https://wikidata.org/wiki/Q125936806</a><br><strong>type</strong>: chorion, pass<br><strong>passages</strong>: 2.38.4, 2.38.5<br><strong>Pleiades</strong>: <a href="https://pleiades.stoa.org/places/570083" target="_blank">https://pleiades.stoa.org/places/570083</a>]]></description>
        <Point><coordinates>22.7348,37.469</coordinates></Point>
      </Placemark>

      <Placemark>
        <name>Megara (Megarid)</name>
        <description><![CDATA[<strong>name</strong>: Megara (Megarid)<br><strong>region</strong>: Megarid Bk1<br><strong>part of</strong>: Megarid Bk1<br><strong>Wikidata</strong>: <a href="https://wikidata.org/wiki/Q42307600" target="_blank">https://wikidata.org/wiki/Q42307600</a><br><strong>type</strong>: polis<br><strong>passages</strong>: 1.35.2, 1.36.3, 1.39.1, 1.39.4, 1.39.5, 1.39.6, 1.40.1, 1.41.2, 1.41.5, 1.41.6, 1.41.7, 1.43.3, 1.43.5, 1.44.2, 1.44.4, 1.44.6, 1.5.3, 1.5.4, 10.11.6, 2.34.7, 4.36.1, 5.23.5, 5.26.7, 6.7.2, 7.15.10, 9.2.3<br><strong>Pleiades</strong>: <a href="https://pleiades.stoa.org/places/570468" target="_blank">https://pleiades.stoa.org/places/570468</a><br><strong>ToposText</strong>: <a href="https://topostext.org/place/380233PMeg" target="_blank">https://topostext.org/place/380233PMeg</a>]]></description>
        <Point><coordinates>23.34285,37.997</coordinates></Point>
      </Placemark>

      <Placemark>
        <name>Gate at Sikyon</name>
        <description><![CDATA[<strong>name</strong>: Gate at Sikyon<br><strong>region</strong>: Sikyonia Bk2<br><strong>part of</strong>: Sicyon (Sikyonia)<br><strong>location</strong>: Sicyon (Sikyonia)<br><strong>altname</strong>: Sicyon gate: on road from Corinth<br><strong>type</strong>: gate<br><strong>passages</strong>: 2.7.4]]></description>
        <Point><coordinates>22.7145,37.9834</coordinates></Point>
      </Placemark>

      <Placemark>
        <name>Gymnasium of the Agora at Sicyon</name>
        <description><![CDATA[<strong>name</strong>: Gymnasium of the Agora at Sicyon<br><strong>region</strong>: Sikyonia Bk2<br><strong>part of</strong>: Agora of Sicyon<br><strong>location</strong>: Agora of Sicyon<br><strong>type</strong>: gymnasium<br><strong>passages</strong>: 2.10.1]]></description>
        <Point><coordinates>22.714,37.984</coordinates></Point>
      </Placemark>

      <Placemark>
        <name>Seriphos (settlement)</name>
        <description><![CDATA[<strong>name</strong>: Seriphos (settlement)<br><strong>region</strong>: Aegean Sea (Hellas)<br><strong>part of</strong>: Cyclades region (Aegean)<br><strong>Wikidata</strong>: <a href="https://wikidata.org/wiki/Q217214" target="_blank">https://wikidata.org/wiki/Q217214</a><br><strong>type</strong>: island<br><strong>passages</strong>: 2.18.1<br><strong>Pleiades</strong>: <a href="https://pleiades.stoa.org/places/590043" target="_blank">https://pleiades.stoa.org/places/590043</a>]]></description>
        <Point><coordinates>24.506303000000003,37.154596</coordinates></Point>
      </Placemark>

      <Placemark>
        <name>Pronaos of Poseidon temple at Isthmia</name>
        <description><![CDATA[<strong>name</strong>: Pronaos of Poseidon temple at Isthmia<br><strong>region</strong>: Corinthia Bk2<br><strong>part of</strong>: temple of Isthmian Poseidon at Isthmia<br><strong>location</strong>: temple of Isthmian Poseidon at Isthmia<br><strong>type</strong>: pronaos<br><strong>passages</strong>: 2.1.7]]></description>
        <Point><coordinates>22.99294,37.91574</coordinates></Point>
      </Placemark>

      <Placemark>
        <name>Miletus</name>
        <description><![CDATA[<strong>name</strong>: Miletus<br><strong>region</strong>: Asia Minor (Asia)<br><strong>part of</strong>: Ionia (region)<br><strong>Wikidata</strong>: <a href="https://wikidata.org/wiki/Q169460" target="_blank">https://wikidata.org/wiki/Q169460</a><br><strong>type</strong>: polis<br><strong>passages</strong>: 1.35.6, 10.33.2, 2.5.3, 5.1.5, 7.2.11, 7.2.4, 7.2.5, 7.24.5, 7.5.10, 7.5.4, 8.24.11<br><strong>Pleiades</strong>: <a href="https://pleiades.stoa.org/places/599799" target="_blank">https://pleiades.stoa.org/places/599799</a>]]></description>
        <Point><coordinates>27.2774885,37.5292362</coordinates></Point>
      </Placemark>

      <Placemark>
        <name>Mimas (mountain)</name>
        <description><![CDATA[<strong>name</strong>: Mimas (mountain)<br><strong>region</strong>: Asia Minor (Asia)<br><strong>part of</strong>: Ionia (region)<br><strong>Wikidata</strong>: <a href="https://wikidata.org/wiki/Q31529408" target="_blank">https://wikidata.org/wiki/Q31529408</a><br><strong>type</strong>: mountain oros<br><strong>passages</strong>: 10.9.9, 2.1.5, 7.4.1<br><strong>Pleiades</strong>: <a href="https://pleiades.stoa.org/places/550744" target="_blank">https://pleiades.stoa.org/places/550744</a>]]></description>
        <Point><coordinates>26.5013,38.55674</coordinates></Point>
      </Placemark>

      <Placemark>
        <name>Araithyrea/Phliasion</name>
        <description><![CDATA[<strong>name</strong>: Araithyrea/Phliasion<br><strong>region</strong>: Phlious Bk2<br><strong>part of</strong>: Phlious Bk2<br><strong>Wikidata</strong>: <a href="https://wikidata.org/wiki/Q16488711" target="_blank">https://wikidata.org/wiki/Q16488711</a><br><strong>type</strong>: chora/region<br><strong>passages</strong>: 2.12.5, 2.12.6<br><strong>Pleiades</strong>: <a href="https://pleiades.stoa.org/places/573109" target="_blank">https://pleiades.stoa.org/places/573109</a>]]></description>
        <Point><coordinates>22.63734,37.8353</coordinates></Point>
      </Placemark>

      <Placemark>
        <name>Araithyrea/Phliasion</name>
        <description><![CDATA[<strong>name</strong>: Araithyrea/Phliasion<br><strong>region</strong>: Phlious Bk2<br><strong>part of</strong>: Phlious Bk2<br><strong>Wikidata</strong>: <a href="https://wikidata.org/wiki/Q16488711" target="_blank">https://wikidata.org/wiki/Q16488711</a><br><strong>type</strong>: chora/region<br><strong>passages</strong>: 2.12.5, 2.12.6<br><strong>Pleiades</strong>: <a href="https://pleiades.stoa.org/places/573109" target="_blank">https://pleiades.stoa.org/places/573109</a>]]></description>
        <Point><coordinates>22.63734,37.8353</coordinates></Point>
      </Placemark>

      <Placemark>
        <name>Temple of Hera at the Argive Heraion</name>
        <description><![CDATA[<strong>name</strong>: Temple of Hera at the Argive Heraion<br><strong>region</strong>: Argolid Bk2<br><strong>part of</strong>: Argive Heraion (Argolid)<br><strong>location</strong>: Argive Heraion (Argolid)<br><strong>type</strong>: temple<br><strong>passages</strong>: 2.17.7]]></description>
        <Point><coordinates>22.7747,37.6919</coordinates></Point>
      </Placemark>

      <Placemark>
        <name>Samos (island)</name>
        <description><![CDATA[<strong>name</strong>: Samos (island)<br><strong>region</strong>: Aegean Sea (Hellas)<br><strong>part of</strong>: Aegean Sea (Hellas)<br><strong>Wikidata</strong>: <a href="https://wikidata.org/wiki/Q156882" target="_blank">https://wikidata.org/wiki/Q156882</a><br><strong>type</strong>: island<br><strong>passages</strong>: 10.12.5, 2.13.2, 7.2.8, 7.4.1, 7.4.2, 7.4.3, 7.4.4, 9.11.5<br><strong>Pleiades</strong>: <a href="https://pleiades.stoa.org/places/599926" target="_blank">https://pleiades.stoa.org/places/599926</a><br><strong>URL</strong>: <a href="https://imperium.ahlfeldt.se/places/41142" target="_blank">https://imperium.ahlfeldt.se/places/41142</a>]]></description>
        <Point><coordinates>26.84,37.73</coordinates></Point>
      </Placemark>

      <Placemark>
        <name>Sanctuary of Pan Lyterios in Troizen, below the Acropolis</name>
        <description><![CDATA[<strong>name</strong>: Sanctuary of Pan Lyterios in Troizen, below the Acropolis<br><strong>region</strong>: Troizenia Bk2<br><strong>part of</strong>: Troizen (Troizenia)<br><strong>location</strong>: Troizen (Troizenia)<br><strong>Wikidata</strong>: <a href="https://wikidata.org/wiki/Q134037941" target="_blank">https://wikidata.org/wiki/Q134037941</a><br><strong>type</strong>: hieron<br><strong>passages</strong>: 2.32.6]]></description>
        <Point><coordinates>23.3484,37.5033</coordinates></Point>
      </Placemark>

      <Placemark>
        <name>Artemision (mountain)</name>
        <description><![CDATA[<strong>name</strong>: Artemision (mountain)<br><strong>region</strong>: Argolid Bk2<br><strong>part of</strong>: Argolid Bk2<br><strong>Wikidata</strong>: <a href="https://wikidata.org/wiki/Q25105451" target="_blank">https://wikidata.org/wiki/Q25105451</a><br><strong>type</strong>: mountain oros<br><strong>passages</strong>: 2.25.3, 8.6.6, 8.7.1<br><strong>Pleiades</strong>: <a href="https://pleiades.stoa.org/places/570121" target="_blank">https://pleiades.stoa.org/places/570121</a>]]></description>
        <Point><coordinates>22.51475,37.6199</coordinates></Point>
      </Placemark>

      <Placemark>
        <name>Grove of Argus, at Sepeia near Tiryns</name>
        <description><![CDATA[<strong>name</strong>: Grove of Argus, at Sepeia near Tiryns<br><strong>region</strong>: Argolid Bk2<br><strong>part of</strong>: Tiryns<br><strong>location</strong>: Tiryns<br><strong>Wikidata</strong>: <a href="https://wikidata.org/wiki/Q106350076" target="_blank">https://wikidata.org/wiki/Q106350076</a><br><strong>type</strong>: grove<br><strong>passages</strong>: 2.20.8, 3.4.1]]></description>
        <Point><coordinates>22.80004,37.59918</coordinates></Point>
      </Placemark>

      <Placemark>
        <name>Olive tree in the Agora in Troizen</name>
        <description><![CDATA[<strong>name</strong>: Olive tree in the Agora in Troizen<br><strong>region</strong>: Troizenia Bk2<br><strong>part of</strong>: Troizen (Troizenia)<br><strong>location</strong>: Troizen (Troizenia)<br><strong>type</strong>: olive<br><strong>passages</strong>: 2.31.10<br><strong>Manto</strong>: <a href="https://resource.manto.unh.edu/10214885" target="_blank">https://resource.manto.unh.edu/10214885</a>]]></description>
        <Point><coordinates>23.3484,37.5033</coordinates></Point>
      </Placemark>

      <Placemark>
        <name>Grave of Lysistratos by the sanctuary of Apollo Pythaeus in Asine</name>
        <description><![CDATA[<strong>name</strong>: Grave of Lysistratos by the sanctuary of Apollo Pythaeus in Asine<br><strong>region</strong>: Argolid Bk2<br><strong>part of</strong>: Asine (Argolid)<br><strong>location</strong>: Asine (Argolid)<br><strong>Wikidata</strong>: <a href="https://wikidata.org/wiki/Q136487320" target="_blank">https://wikidata.org/wiki/Q136487320</a><br><strong>type</strong>: tomb taphos<br><strong>passages</strong>: 2.36.5]]></description>
        <Point><coordinates>22.8745,37.528</coordinates></Point>
      </Placemark>

      <Placemark>
        <name>Place of Plouton in Hermione, behind the temple of Demeter Chthonia</name>
        <description><![CDATA[<strong>name</strong>: Place of Plouton in Hermione, behind the temple of Demeter Chthonia<br><strong>region</strong>: Hermionis Bk2<br><strong>part of</strong>: Pron M.<br><strong>location</strong>: Pron M.<br><strong>type</strong>: chorion<br><strong>passages</strong>: 2.35.10]]></description>
        <Point><coordinates>23.235,37.3884</coordinates></Point>
      </Placemark>

      <Placemark>
        <name>Peloponnesos</name>
        <description><![CDATA[<strong>name</strong>: Peloponnesos<br><strong>region</strong>: Hellas (Europe)<br><strong>part of</strong>: Hellas (Europe)<br><strong>altname</strong>: Peloponnese<br><strong>Wikidata</strong>: <a href="https://wikidata.org/wiki/Q78967" target="_blank">https://wikidata.org/wiki/Q78967</a><br><strong>type</strong>: major region<br><strong>passages</strong>: 1.13.4, 1.13.7, 1.25.4, 1.27.10, 1.27.5, 1.3.4, 1.41.2, 10.1.2, 10.18.2, 10.38.10, 2.1.1, 2.1.2, 2.1.5, 2.12.3, 2.13.1, 2.13.7, 2.18.7, 2.20.1, 2.21.5, 2.24.5, 2.26.1, 2.26.3, 2.26.4, 2.34.4, 2.34.8, 2.37.3, 2.5.3, 2.5.6, 2.5.7, 2.7.6, 2.8.6, 2.9.2, 3.1.6, 3.13.2, 3.2.6, 3.21.6, 3.22.6, 3.3.4, 3.7.6, 3.9.1, 4.14.6, 4.15.6, 4.24.7, 4.26.1, 4.26.3, 4.26.5, 4.27.11, 4.27.8, 4.27.9, 4.28.1, 4.29.13, 4.29.2, 4.29.4, 4.31.11, 4.34.10, 4.34.5, 4.34.9, 4.35.1, 5.1.1, 5.1.2, 5.1.7, 5.1.8, 5.3.5, 5.3.6, 5.6.3, 5.8.2, 6.2.10, 6.2.11, 6.7.6, 7.13.5, 7.15.6, 7.3.9, 7.7.6, 8.1.1, 8.1.2, 8.27.5, 8.30.5, 8.38.7, 8.45.3, 8.5.1, 8.5.6, 8.51.3, 8.54.7, 9.14.4, 9.15.4, 9.32.1, 9.9.2<br><strong>Pleiades</strong>: <a href="https://pleiades.stoa.org/places/570577" target="_blank">https://pleiades.stoa.org/places/570577</a>]]></description>
        <Point><coordinates>22.31275269,37.25289778</coordinates></Point>
      </Placemark>

      <Placemark>
        <name>Peloponnesos</name>
        <description><![CDATA[<strong>name</strong>: Peloponnesos<br><strong>region</strong>: Hellas (Europe)<br><strong>part of</strong>: Hellas (Europe)<br><strong>altname</strong>: Peloponnese<br><strong>Wikidata</strong>: <a href="https://wikidata.org/wiki/Q78967" target="_blank">https://wikidata.org/wiki/Q78967</a><br><strong>type</strong>: major region<br><strong>passages</strong>: 1.13.4, 1.13.7, 1.25.4, 1.27.10, 1.27.5, 1.3.4, 1.41.2, 10.1.2, 10.18.2, 10.38.10, 2.1.1, 2.1.2, 2.1.5, 2.12.3, 2.13.1, 2.13.7, 2.18.7, 2.20.1, 2.21.5, 2.24.5, 2.26.1, 2.26.3, 2.26.4, 2.34.4, 2.34.8, 2.37.3, 2.5.3, 2.5.6, 2.5.7, 2.7.6, 2.8.6, 2.9.2, 3.1.6, 3.13.2, 3.2.6, 3.21.6, 3.22.6, 3.3.4, 3.7.6, 3.9.1, 4.14.6, 4.15.6, 4.24.7, 4.26.1, 4.26.3, 4.26.5, 4.27.11, 4.27.8, 4.27.9, 4.28.1, 4.29.13, 4.29.2, 4.29.4, 4.31.11, 4.34.10, 4.34.5, 4.34.9, 4.35.1, 5.1.1, 5.1.2, 5.1.7, 5.1.8, 5.3.5, 5.3.6, 5.6.3, 5.8.2, 6.2.10, 6.2.11, 6.7.6, 7.13.5, 7.15.6, 7.3.9, 7.7.6, 8.1.1, 8.1.2, 8.27.5, 8.30.5, 8.38.7, 8.45.3, 8.5.1, 8.5.6, 8.51.3, 8.54.7, 9.14.4, 9.15.4, 9.32.1, 9.9.2<br><strong>Pleiades</strong>: <a href="https://pleiades.stoa.org/places/570577" target="_blank">https://pleiades.stoa.org/places/570577</a>]]></description>
        <Point><coordinates>22.31275269,37.25289778</coordinates></Point>
      </Placemark>

      <Placemark>
        <name>Peloponnesos</name>
        <description><![CDATA[<strong>name</strong>: Peloponnesos<br><strong>region</strong>: Hellas (Europe)<br><strong>part of</strong>: Hellas (Europe)<br><strong>altname</strong>: Peloponnese<br><strong>Wikidata</strong>: <a href="https://wikidata.org/wiki/Q78967" target="_blank">https://wikidata.org/wiki/Q78967</a><br><strong>type</strong>: major region<br><strong>passages</strong>: 1.13.4, 1.13.7, 1.25.4, 1.27.10, 1.27.5, 1.3.4, 1.41.2, 10.1.2, 10.18.2, 10.38.10, 2.1.1, 2.1.2, 2.1.5, 2.12.3, 2.13.1, 2.13.7, 2.18.7, 2.20.1, 2.21.5, 2.24.5, 2.26.1, 2.26.3, 2.26.4, 2.34.4, 2.34.8, 2.37.3, 2.5.3, 2.5.6, 2.5.7, 2.7.6, 2.8.6, 2.9.2, 3.1.6, 3.13.2, 3.2.6, 3.21.6, 3.22.6, 3.3.4, 3.7.6, 3.9.1, 4.14.6, 4.15.6, 4.24.7, 4.26.1, 4.26.3, 4.26.5, 4.27.11, 4.27.8, 4.27.9, 4.28.1, 4.29.13, 4.29.2, 4.29.4, 4.31.11, 4.34.10, 4.34.5, 4.34.9, 4.35.1, 5.1.1, 5.1.2, 5.1.7, 5.1.8, 5.3.5, 5.3.6, 5.6.3, 5.8.2, 6.2.10, 6.2.11, 6.7.6, 7.13.5, 7.15.6, 7.3.9, 7.7.6, 8.1.1, 8.1.2, 8.27.5, 8.30.5, 8.38.7, 8.45.3, 8.5.1, 8.5.6, 8.51.3, 8.54.7, 9.14.4, 9.15.4, 9.32.1, 9.9.2<br><strong>Pleiades</strong>: <a href="https://pleiades.stoa.org/places/570577" target="_blank">https://pleiades.stoa.org/places/570577</a>]]></description>
        <Point><coordinates>22.31275269,37.25289778</coordinates></Point>
      </Placemark>

      <Placemark>
        <name>Peloponnesos</name>
        <description><![CDATA[<strong>name</strong>: Peloponnesos<br><strong>region</strong>: Hellas (Europe)<br><strong>part of</strong>: Hellas (Europe)<br><strong>altname</strong>: Peloponnese<br><strong>Wikidata</strong>: <a href="https://wikidata.org/wiki/Q78967" target="_blank">https://wikidata.org/wiki/Q78967</a><br><strong>type</strong>: major region<br><strong>passages</strong>: 1.13.4, 1.13.7, 1.25.4, 1.27.10, 1.27.5, 1.3.4, 1.41.2, 10.1.2, 10.18.2, 10.38.10, 2.1.1, 2.1.2, 2.1.5, 2.12.3, 2.13.1, 2.13.7, 2.18.7, 2.20.1, 2.21.5, 2.24.5, 2.26.1, 2.26.3, 2.26.4, 2.34.4, 2.34.8, 2.37.3, 2.5.3, 2.5.6, 2.5.7, 2.7.6, 2.8.6, 2.9.2, 3.1.6, 3.13.2, 3.2.6, 3.21.6, 3.22.6, 3.3.4, 3.7.6, 3.9.1, 4.14.6, 4.15.6, 4.24.7, 4.26.1, 4.26.3, 4.26.5, 4.27.11, 4.27.8, 4.27.9, 4.28.1, 4.29.13, 4.29.2, 4.29.4, 4.31.11, 4.34.10, 4.34.5, 4.34.9, 4.35.1, 5.1.1, 5.1.2, 5.1.7, 5.1.8, 5.3.5, 5.3.6, 5.6.3, 5.8.2, 6.2.10, 6.2.11, 6.7.6, 7.13.5, 7.15.6, 7.3.9, 7.7.6, 8.1.1, 8.1.2, 8.27.5, 8.30.5, 8.38.7, 8.45.3, 8.5.1, 8.5.6, 8.51.3, 8.54.7, 9.14.4, 9.15.4, 9.32.1, 9.9.2<br><strong>Pleiades</strong>: <a href="https://pleiades.stoa.org/places/570577" target="_blank">https://pleiades.stoa.org/places/570577</a>]]></description>
        <Point><coordinates>22.31275269,37.25289778</coordinates></Point>
      </Placemark>

      <Placemark>
        <name>Peloponnesos</name>
        <description><![CDATA[<strong>name</strong>: Peloponnesos<br><strong>region</strong>: Hellas (Europe)<br><strong>part of</strong>: Hellas (Europe)<br><strong>altname</strong>: Peloponnese<br><strong>Wikidata</strong>: <a href="https://wikidata.org/wiki/Q78967" target="_blank">https://wikidata.org/wiki/Q78967</a><br><strong>type</strong>: major region<br><strong>passages</strong>: 1.13.4, 1.13.7, 1.25.4, 1.27.10, 1.27.5, 1.3.4, 1.41.2, 10.1.2, 10.18.2, 10.38.10, 2.1.1, 2.1.2, 2.1.5, 2.12.3, 2.13.1, 2.13.7, 2.18.7, 2.20.1, 2.21.5, 2.24.5, 2.26.1, 2.26.3, 2.26.4, 2.34.4, 2.34.8, 2.37.3, 2.5.3, 2.5.6, 2.5.7, 2.7.6, 2.8.6, 2.9.2, 3.1.6, 3.13.2, 3.2.6, 3.21.6, 3.22.6, 3.3.4, 3.7.6, 3.9.1, 4.14.6, 4.15.6, 4.24.7, 4.26.1, 4.26.3, 4.26.5, 4.27.11, 4.27.8, 4.27.9, 4.28.1, 4.29.13, 4.29.2, 4.29.4, 4.31.11, 4.34.10, 4.34.5, 4.34.9, 4.35.1, 5.1.1, 5.1.2, 5.1.7, 5.1.8, 5.3.5, 5.3.6, 5.6.3, 5.8.2, 6.2.10, 6.2.11, 6.7.6, 7.13.5, 7.15.6, 7.3.9, 7.7.6, 8.1.1, 8.1.2, 8.27.5, 8.30.5, 8.38.7, 8.45.3, 8.5.1, 8.5.6, 8.51.3, 8.54.7, 9.14.4, 9.15.4, 9.32.1, 9.9.2<br><strong>Pleiades</strong>: <a href="https://pleiades.stoa.org/places/570577" target="_blank">https://pleiades.stoa.org/places/570577</a>]]></description>
        <Point><coordinates>22.31275269,37.25289778</coordinates></Point>
      </Placemark>

      <Placemark>
        <name>Peloponnesos</name>
        <description><![CDATA[<strong>name</strong>: Peloponnesos<br><strong>region</strong>: Hellas (Europe)<br><strong>part of</strong>: Hellas (Europe)<br><strong>altname</strong>: Peloponnese<br><strong>Wikidata</strong>: <a href="https://wikidata.org/wiki/Q78967" target="_blank">https://wikidata.org/wiki/Q78967</a><br><strong>type</strong>: major region<br><strong>passages</strong>: 1.13.4, 1.13.7, 1.25.4, 1.27.10, 1.27.5, 1.3.4, 1.41.2, 10.1.2, 10.18.2, 10.38.10, 2.1.1, 2.1.2, 2.1.5, 2.12.3, 2.13.1, 2.13.7, 2.18.7, 2.20.1, 2.21.5, 2.24.5, 2.26.1, 2.26.3, 2.26.4, 2.34.4, 2.34.8, 2.37.3, 2.5.3, 2.5.6, 2.5.7, 2.7.6, 2.8.6, 2.9.2, 3.1.6, 3.13.2, 3.2.6, 3.21.6, 3.22.6, 3.3.4, 3.7.6, 3.9.1, 4.14.6, 4.15.6, 4.24.7, 4.26.1, 4.26.3, 4.26.5, 4.27.11, 4.27.8, 4.27.9, 4.28.1, 4.29.13, 4.29.2, 4.29.4, 4.31.11, 4.34.10, 4.34.5, 4.34.9, 4.35.1, 5.1.1, 5.1.2, 5.1.7, 5.1.8, 5.3.5, 5.3.6, 5.6.3, 5.8.2, 6.2.10, 6.2.11, 6.7.6, 7.13.5, 7.15.6, 7.3.9, 7.7.6, 8.1.1, 8.1.2, 8.27.5, 8.30.5, 8.38.7, 8.45.3, 8.5.1, 8.5.6, 8.51.3, 8.54.7, 9.14.4, 9.15.4, 9.32.1, 9.9.2<br><strong>Pleiades</strong>: <a href="https://pleiades.stoa.org/places/570577" target="_blank">https://pleiades.stoa.org/places/570577</a>]]></description>
        <Point><coordinates>22.31275269,37.25289778</coordinates></Point>
      </Placemark>

      <Placemark>
        <name>Peloponnesos</name>
        <description><![CDATA[<strong>name</strong>: Peloponnesos<br><strong>region</strong>: Hellas (Europe)<br><strong>part of</strong>: Hellas (Europe)<br><strong>altname</strong>: Peloponnese<br><strong>Wikidata</strong>: <a href="https://wikidata.org/wiki/Q78967" target="_blank">https://wikidata.org/wiki/Q78967</a><br><strong>type</strong>: major region<br><strong>passages</strong>: 1.13.4, 1.13.7, 1.25.4, 1.27.10, 1.27.5, 1.3.4, 1.41.2, 10.1.2, 10.18.2, 10.38.10, 2.1.1, 2.1.2, 2.1.5, 2.12.3, 2.13.1, 2.13.7, 2.18.7, 2.20.1, 2.21.5, 2.24.5, 2.26.1, 2.26.3, 2.26.4, 2.34.4, 2.34.8, 2.37.3, 2.5.3, 2.5.6, 2.5.7, 2.7.6, 2.8.6, 2.9.2, 3.1.6, 3.13.2, 3.2.6, 3.21.6, 3.22.6, 3.3.4, 3.7.6, 3.9.1, 4.14.6, 4.15.6, 4.24.7, 4.26.1, 4.26.3, 4.26.5, 4.27.11, 4.27.8, 4.27.9, 4.28.1, 4.29.13, 4.29.2, 4.29.4, 4.31.11, 4.34.10, 4.34.5, 4.34.9, 4.35.1, 5.1.1, 5.1.2, 5.1.7, 5.1.8, 5.3.5, 5.3.6, 5.6.3, 5.8.2, 6.2.10, 6.2.11, 6.7.6, 7.13.5, 7.15.6, 7.3.9, 7.7.6, 8.1.1, 8.1.2, 8.27.5, 8.30.5, 8.38.7, 8.45.3, 8.5.1, 8.5.6, 8.51.3, 8.54.7, 9.14.4, 9.15.4, 9.32.1, 9.9.2<br><strong>Pleiades</strong>: <a href="https://pleiades.stoa.org/places/570577" target="_blank">https://pleiades.stoa.org/places/570577</a>]]></description>
        <Point><coordinates>22.31275269,37.25289778</coordinates></Point>
      </Placemark>

      <Placemark>
        <name>Peloponnesos</name>
        <description><![CDATA[<strong>name</strong>: Peloponnesos<br><strong>region</strong>: Hellas (Europe)<br><strong>part of</strong>: Hellas (Europe)<br><strong>altname</strong>: Peloponnese<br><strong>Wikidata</strong>: <a href="https://wikidata.org/wiki/Q78967" target="_blank">https://wikidata.org/wiki/Q78967</a><br><strong>type</strong>: major region<br><strong>passages</strong>: 1.13.4, 1.13.7, 1.25.4, 1.27.10, 1.27.5, 1.3.4, 1.41.2, 10.1.2, 10.18.2, 10.38.10, 2.1.1, 2.1.2, 2.1.5, 2.12.3, 2.13.1, 2.13.7, 2.18.7, 2.20.1, 2.21.5, 2.24.5, 2.26.1, 2.26.3, 2.26.4, 2.34.4, 2.34.8, 2.37.3, 2.5.3, 2.5.6, 2.5.7, 2.7.6, 2.8.6, 2.9.2, 3.1.6, 3.13.2, 3.2.6, 3.21.6, 3.22.6, 3.3.4, 3.7.6, 3.9.1, 4.14.6, 4.15.6, 4.24.7, 4.26.1, 4.26.3, 4.26.5, 4.27.11, 4.27.8, 4.27.9, 4.28.1, 4.29.13, 4.29.2, 4.29.4, 4.31.11, 4.34.10, 4.34.5, 4.34.9, 4.35.1, 5.1.1, 5.1.2, 5.1.7, 5.1.8, 5.3.5, 5.3.6, 5.6.3, 5.8.2, 6.2.10, 6.2.11, 6.7.6, 7.13.5, 7.15.6, 7.3.9, 7.7.6, 8.1.1, 8.1.2, 8.27.5, 8.30.5, 8.38.7, 8.45.3, 8.5.1, 8.5.6, 8.51.3, 8.54.7, 9.14.4, 9.15.4, 9.32.1, 9.9.2<br><strong>Pleiades</strong>: <a href="https://pleiades.stoa.org/places/570577" target="_blank">https://pleiades.stoa.org/places/570577</a>]]></description>
        <Point><coordinates>22.31275269,37.25289778</coordinates></Point>
      </Placemark>

      <Placemark>
        <name>Peloponnesos</name>
        <description><![CDATA[<strong>name</strong>: Peloponnesos<br><strong>region</strong>: Hellas (Europe)<br><strong>part of</strong>: Hellas (Europe)<br><strong>altname</strong>: Peloponnese<br><strong>Wikidata</strong>: <a href="https://wikidata.org/wiki/Q78967" target="_blank">https://wikidata.org/wiki/Q78967</a><br><strong>type</strong>: major region<br><strong>passages</strong>: 1.13.4, 1.13.7, 1.25.4, 1.27.10, 1.27.5, 1.3.4, 1.41.2, 10.1.2, 10.18.2, 10.38.10, 2.1.1, 2.1.2, 2.1.5, 2.12.3, 2.13.1, 2.13.7, 2.18.7, 2.20.1, 2.21.5, 2.24.5, 2.26.1, 2.26.3, 2.26.4, 2.34.4, 2.34.8, 2.37.3, 2.5.3, 2.5.6, 2.5.7, 2.7.6, 2.8.6, 2.9.2, 3.1.6, 3.13.2, 3.2.6, 3.21.6, 3.22.6, 3.3.4, 3.7.6, 3.9.1, 4.14.6, 4.15.6, 4.24.7, 4.26.1, 4.26.3, 4.26.5, 4.27.11, 4.27.8, 4.27.9, 4.28.1, 4.29.13, 4.29.2, 4.29.4, 4.31.11, 4.34.10, 4.34.5, 4.34.9, 4.35.1, 5.1.1, 5.1.2, 5.1.7, 5.1.8, 5.3.5, 5.3.6, 5.6.3, 5.8.2, 6.2.10, 6.2.11, 6.7.6, 7.13.5, 7.15.6, 7.3.9, 7.7.6, 8.1.1, 8.1.2, 8.27.5, 8.30.5, 8.38.7, 8.45.3, 8.5.1, 8.5.6, 8.51.3, 8.54.7, 9.14.4, 9.15.4, 9.32.1, 9.9.2<br><strong>Pleiades</strong>: <a href="https://pleiades.stoa.org/places/570577" target="_blank">https://pleiades.stoa.org/places/570577</a>]]></description>
        <Point><coordinates>22.31275269,37.25289778</coordinates></Point>
      </Placemark>

      <Placemark>
        <name>Peloponnesos</name>
        <description><![CDATA[<strong>name</strong>: Peloponnesos<br><strong>region</strong>: Hellas (Europe)<br><strong>part of</strong>: Hellas (Europe)<br><strong>altname</strong>: Peloponnese<br><strong>Wikidata</strong>: <a href="https://wikidata.org/wiki/Q78967" target="_blank">https://wikidata.org/wiki/Q78967</a><br><strong>type</strong>: major region<br><strong>passages</strong>: 1.13.4, 1.13.7, 1.25.4, 1.27.10, 1.27.5, 1.3.4, 1.41.2, 10.1.2, 10.18.2, 10.38.10, 2.1.1, 2.1.2, 2.1.5, 2.12.3, 2.13.1, 2.13.7, 2.18.7, 2.20.1, 2.21.5, 2.24.5, 2.26.1, 2.26.3, 2.26.4, 2.34.4, 2.34.8, 2.37.3, 2.5.3, 2.5.6, 2.5.7, 2.7.6, 2.8.6, 2.9.2, 3.1.6, 3.13.2, 3.2.6, 3.21.6, 3.22.6, 3.3.4, 3.7.6, 3.9.1, 4.14.6, 4.15.6, 4.24.7, 4.26.1, 4.26.3, 4.26.5, 4.27.11, 4.27.8, 4.27.9, 4.28.1, 4.29.13, 4.29.2, 4.29.4, 4.31.11, 4.34.10, 4.34.5, 4.34.9, 4.35.1, 5.1.1, 5.1.2, 5.1.7, 5.1.8, 5.3.5, 5.3.6, 5.6.3, 5.8.2, 6.2.10, 6.2.11, 6.7.6, 7.13.5, 7.15.6, 7.3.9, 7.7.6, 8.1.1, 8.1.2, 8.27.5, 8.30.5, 8.38.7, 8.45.3, 8.5.1, 8.5.6, 8.51.3, 8.54.7, 9.14.4, 9.15.4, 9.32.1, 9.9.2<br><strong>Pleiades</strong>: <a href="https://pleiades.stoa.org/places/570577" target="_blank">https://pleiades.stoa.org/places/570577</a>]]></description>
        <Point><coordinates>22.31275269,37.25289778</coordinates></Point>
      </Placemark>

      <Placemark>
        <name>Peloponnesos</name>
        <description><![CDATA[<strong>name</strong>: Peloponnesos<br><strong>region</strong>: Hellas (Europe)<br><strong>part of</strong>: Hellas (Europe)<br><strong>altname</strong>: Peloponnese<br><strong>Wikidata</strong>: <a href="https://wikidata.org/wiki/Q78967" target="_blank">https://wikidata.org/wiki/Q78967</a><br><strong>type</strong>: major region<br><strong>passages</strong>: 1.13.4, 1.13.7, 1.25.4, 1.27.10, 1.27.5, 1.3.4, 1.41.2, 10.1.2, 10.18.2, 10.38.10, 2.1.1, 2.1.2, 2.1.5, 2.12.3, 2.13.1, 2.13.7, 2.18.7, 2.20.1, 2.21.5, 2.24.5, 2.26.1, 2.26.3, 2.26.4, 2.34.4, 2.34.8, 2.37.3, 2.5.3, 2.5.6, 2.5.7, 2.7.6, 2.8.6, 2.9.2, 3.1.6, 3.13.2, 3.2.6, 3.21.6, 3.22.6, 3.3.4, 3.7.6, 3.9.1, 4.14.6, 4.15.6, 4.24.7, 4.26.1, 4.26.3, 4.26.5, 4.27.11, 4.27.8, 4.27.9, 4.28.1, 4.29.13, 4.29.2, 4.29.4, 4.31.11, 4.34.10, 4.34.5, 4.34.9, 4.35.1, 5.1.1, 5.1.2, 5.1.7, 5.1.8, 5.3.5, 5.3.6, 5.6.3, 5.8.2, 6.2.10, 6.2.11, 6.7.6, 7.13.5, 7.15.6, 7.3.9, 7.7.6, 8.1.1, 8.1.2, 8.27.5, 8.30.5, 8.38.7, 8.45.3, 8.5.1, 8.5.6, 8.51.3, 8.54.7, 9.14.4, 9.15.4, 9.32.1, 9.9.2<br><strong>Pleiades</strong>: <a href="https://pleiades.stoa.org/places/570577" target="_blank">https://pleiades.stoa.org/places/570577</a>]]></description>
        <Point><coordinates>22.31275269,37.25289778</coordinates></Point>
      </Placemark>

      <Placemark>
        <name>Peloponnesos</name>
        <description><![CDATA[<strong>name</strong>: Peloponnesos<br><strong>region</strong>: Hellas (Europe)<br><strong>part of</strong>: Hellas (Europe)<br><strong>altname</strong>: Peloponnese<br><strong>Wikidata</strong>: <a href="https://wikidata.org/wiki/Q78967" target="_blank">https://wikidata.org/wiki/Q78967</a><br><strong>type</strong>: major region<br><strong>passages</strong>: 1.13.4, 1.13.7, 1.25.4, 1.27.10, 1.27.5, 1.3.4, 1.41.2, 10.1.2, 10.18.2, 10.38.10, 2.1.1, 2.1.2, 2.1.5, 2.12.3, 2.13.1, 2.13.7, 2.18.7, 2.20.1, 2.21.5, 2.24.5, 2.26.1, 2.26.3, 2.26.4, 2.34.4, 2.34.8, 2.37.3, 2.5.3, 2.5.6, 2.5.7, 2.7.6, 2.8.6, 2.9.2, 3.1.6, 3.13.2, 3.2.6, 3.21.6, 3.22.6, 3.3.4, 3.7.6, 3.9.1, 4.14.6, 4.15.6, 4.24.7, 4.26.1, 4.26.3, 4.26.5, 4.27.11, 4.27.8, 4.27.9, 4.28.1, 4.29.13, 4.29.2, 4.29.4, 4.31.11, 4.34.10, 4.34.5, 4.34.9, 4.35.1, 5.1.1, 5.1.2, 5.1.7, 5.1.8, 5.3.5, 5.3.6, 5.6.3, 5.8.2, 6.2.10, 6.2.11, 6.7.6, 7.13.5, 7.15.6, 7.3.9, 7.7.6, 8.1.1, 8.1.2, 8.27.5, 8.30.5, 8.38.7, 8.45.3, 8.5.1, 8.5.6, 8.51.3, 8.54.7, 9.14.4, 9.15.4, 9.32.1, 9.9.2<br><strong>Pleiades</strong>: <a href="https://pleiades.stoa.org/places/570577" target="_blank">https://pleiades.stoa.org/places/570577</a>]]></description>
        <Point><coordinates>22.31275269,37.25289778</coordinates></Point>
      </Placemark>

      <Placemark>
        <name>Peloponnesos</name>
        <description><![CDATA[<strong>name</strong>: Peloponnesos<br><strong>region</strong>: Hellas (Europe)<br><strong>part of</strong>: Hellas (Europe)<br><strong>altname</strong>: Peloponnese<br><strong>Wikidata</strong>: <a href="https://wikidata.org/wiki/Q78967" target="_blank">https://wikidata.org/wiki/Q78967</a><br><strong>type</strong>: major region<br><strong>passages</strong>: 1.13.4, 1.13.7, 1.25.4, 1.27.10, 1.27.5, 1.3.4, 1.41.2, 10.1.2, 10.18.2, 10.38.10, 2.1.1, 2.1.2, 2.1.5, 2.12.3, 2.13.1, 2.13.7, 2.18.7, 2.20.1, 2.21.5, 2.24.5, 2.26.1, 2.26.3, 2.26.4, 2.34.4, 2.34.8, 2.37.3, 2.5.3, 2.5.6, 2.5.7, 2.7.6, 2.8.6, 2.9.2, 3.1.6, 3.13.2, 3.2.6, 3.21.6, 3.22.6, 3.3.4, 3.7.6, 3.9.1, 4.14.6, 4.15.6, 4.24.7, 4.26.1, 4.26.3, 4.26.5, 4.27.11, 4.27.8, 4.27.9, 4.28.1, 4.29.13, 4.29.2, 4.29.4, 4.31.11, 4.34.10, 4.34.5, 4.34.9, 4.35.1, 5.1.1, 5.1.2, 5.1.7, 5.1.8, 5.3.5, 5.3.6, 5.6.3, 5.8.2, 6.2.10, 6.2.11, 6.7.6, 7.13.5, 7.15.6, 7.3.9, 7.7.6, 8.1.1, 8.1.2, 8.27.5, 8.30.5, 8.38.7, 8.45.3, 8.5.1, 8.5.6, 8.51.3, 8.54.7, 9.14.4, 9.15.4, 9.32.1, 9.9.2<br><strong>Pleiades</strong>: <a href="https://pleiades.stoa.org/places/570577" target="_blank">https://pleiades.stoa.org/places/570577</a>]]></description>
        <Point><coordinates>22.31275269,37.25289778</coordinates></Point>
      </Placemark>

      <Placemark>
        <name>Peloponnesos</name>
        <description><![CDATA[<strong>name</strong>: Peloponnesos<br><strong>region</strong>: Hellas (Europe)<br><strong>part of</strong>: Hellas (Europe)<br><strong>altname</strong>: Peloponnese<br><strong>Wikidata</strong>: <a href="https://wikidata.org/wiki/Q78967" target="_blank">https://wikidata.org/wiki/Q78967</a><br><strong>type</strong>: major region<br><strong>passages</strong>: 1.13.4, 1.13.7, 1.25.4, 1.27.10, 1.27.5, 1.3.4, 1.41.2, 10.1.2, 10.18.2, 10.38.10, 2.1.1, 2.1.2, 2.1.5, 2.12.3, 2.13.1, 2.13.7, 2.18.7, 2.20.1, 2.21.5, 2.24.5, 2.26.1, 2.26.3, 2.26.4, 2.34.4, 2.34.8, 2.37.3, 2.5.3, 2.5.6, 2.5.7, 2.7.6, 2.8.6, 2.9.2, 3.1.6, 3.13.2, 3.2.6, 3.21.6, 3.22.6, 3.3.4, 3.7.6, 3.9.1, 4.14.6, 4.15.6, 4.24.7, 4.26.1, 4.26.3, 4.26.5, 4.27.11, 4.27.8, 4.27.9, 4.28.1, 4.29.13, 4.29.2, 4.29.4, 4.31.11, 4.34.10, 4.34.5, 4.34.9, 4.35.1, 5.1.1, 5.1.2, 5.1.7, 5.1.8, 5.3.5, 5.3.6, 5.6.3, 5.8.2, 6.2.10, 6.2.11, 6.7.6, 7.13.5, 7.15.6, 7.3.9, 7.7.6, 8.1.1, 8.1.2, 8.27.5, 8.30.5, 8.38.7, 8.45.3, 8.5.1, 8.5.6, 8.51.3, 8.54.7, 9.14.4, 9.15.4, 9.32.1, 9.9.2<br><strong>Pleiades</strong>: <a href="https://pleiades.stoa.org/places/570577" target="_blank">https://pleiades.stoa.org/places/570577</a>]]></description>
        <Point><coordinates>22.31275269,37.25289778</coordinates></Point>
      </Placemark>

      <Placemark>
        <name>Peloponnesos</name>
        <description><![CDATA[<strong>name</strong>: Peloponnesos<br><strong>region</strong>: Hellas (Europe)<br><strong>part of</strong>: Hellas (Europe)<br><strong>altname</strong>: Peloponnese<br><strong>Wikidata</strong>: <a href="https://wikidata.org/wiki/Q78967" target="_blank">https://wikidata.org/wiki/Q78967</a><br><strong>type</strong>: major region<br><strong>passages</strong>: 1.13.4, 1.13.7, 1.25.4, 1.27.10, 1.27.5, 1.3.4, 1.41.2, 10.1.2, 10.18.2, 10.38.10, 2.1.1, 2.1.2, 2.1.5, 2.12.3, 2.13.1, 2.13.7, 2.18.7, 2.20.1, 2.21.5, 2.24.5, 2.26.1, 2.26.3, 2.26.4, 2.34.4, 2.34.8, 2.37.3, 2.5.3, 2.5.6, 2.5.7, 2.7.6, 2.8.6, 2.9.2, 3.1.6, 3.13.2, 3.2.6, 3.21.6, 3.22.6, 3.3.4, 3.7.6, 3.9.1, 4.14.6, 4.15.6, 4.24.7, 4.26.1, 4.26.3, 4.26.5, 4.27.11, 4.27.8, 4.27.9, 4.28.1, 4.29.13, 4.29.2, 4.29.4, 4.31.11, 4.34.10, 4.34.5, 4.34.9, 4.35.1, 5.1.1, 5.1.2, 5.1.7, 5.1.8, 5.3.5, 5.3.6, 5.6.3, 5.8.2, 6.2.10, 6.2.11, 6.7.6, 7.13.5, 7.15.6, 7.3.9, 7.7.6, 8.1.1, 8.1.2, 8.27.5, 8.30.5, 8.38.7, 8.45.3, 8.5.1, 8.5.6, 8.51.3, 8.54.7, 9.14.4, 9.15.4, 9.32.1, 9.9.2<br><strong>Pleiades</strong>: <a href="https://pleiades.stoa.org/places/570577" target="_blank">https://pleiades.stoa.org/places/570577</a>]]></description>
        <Point><coordinates>22.31275269,37.25289778</coordinates></Point>
      </Placemark>

      <Placemark>
        <name>Peloponnesos</name>
        <description><![CDATA[<strong>name</strong>: Peloponnesos<br><strong>region</strong>: Hellas (Europe)<br><strong>part of</strong>: Hellas (Europe)<br><strong>altname</strong>: Peloponnese<br><strong>Wikidata</strong>: <a href="https://wikidata.org/wiki/Q78967" target="_blank">https://wikidata.org/wiki/Q78967</a><br><strong>type</strong>: major region<br><strong>passages</strong>: 1.13.4, 1.13.7, 1.25.4, 1.27.10, 1.27.5, 1.3.4, 1.41.2, 10.1.2, 10.18.2, 10.38.10, 2.1.1, 2.1.2, 2.1.5, 2.12.3, 2.13.1, 2.13.7, 2.18.7, 2.20.1, 2.21.5, 2.24.5, 2.26.1, 2.26.3, 2.26.4, 2.34.4, 2.34.8, 2.37.3, 2.5.3, 2.5.6, 2.5.7, 2.7.6, 2.8.6, 2.9.2, 3.1.6, 3.13.2, 3.2.6, 3.21.6, 3.22.6, 3.3.4, 3.7.6, 3.9.1, 4.14.6, 4.15.6, 4.24.7, 4.26.1, 4.26.3, 4.26.5, 4.27.11, 4.27.8, 4.27.9, 4.28.1, 4.29.13, 4.29.2, 4.29.4, 4.31.11, 4.34.10, 4.34.5, 4.34.9, 4.35.1, 5.1.1, 5.1.2, 5.1.7, 5.1.8, 5.3.5, 5.3.6, 5.6.3, 5.8.2, 6.2.10, 6.2.11, 6.7.6, 7.13.5, 7.15.6, 7.3.9, 7.7.6, 8.1.1, 8.1.2, 8.27.5, 8.30.5, 8.38.7, 8.45.3, 8.5.1, 8.5.6, 8.51.3, 8.54.7, 9.14.4, 9.15.4, 9.32.1, 9.9.2<br><strong>Pleiades</strong>: <a href="https://pleiades.stoa.org/places/570577" target="_blank">https://pleiades.stoa.org/places/570577</a>]]></description>
        <Point><coordinates>22.31275269,37.25289778</coordinates></Point>
      </Placemark>

      <Placemark>
        <name>Peloponnesos</name>
        <description><![CDATA[<strong>name</strong>: Peloponnesos<br><strong>region</strong>: Hellas (Europe)<br><strong>part of</strong>: Hellas (Europe)<br><strong>altname</strong>: Peloponnese<br><strong>Wikidata</strong>: <a href="https://wikidata.org/wiki/Q78967" target="_blank">https://wikidata.org/wiki/Q78967</a><br><strong>type</strong>: major region<br><strong>passages</strong>: 1.13.4, 1.13.7, 1.25.4, 1.27.10, 1.27.5, 1.3.4, 1.41.2, 10.1.2, 10.18.2, 10.38.10, 2.1.1, 2.1.2, 2.1.5, 2.12.3, 2.13.1, 2.13.7, 2.18.7, 2.20.1, 2.21.5, 2.24.5, 2.26.1, 2.26.3, 2.26.4, 2.34.4, 2.34.8, 2.37.3, 2.5.3, 2.5.6, 2.5.7, 2.7.6, 2.8.6, 2.9.2, 3.1.6, 3.13.2, 3.2.6, 3.21.6, 3.22.6, 3.3.4, 3.7.6, 3.9.1, 4.14.6, 4.15.6, 4.24.7, 4.26.1, 4.26.3, 4.26.5, 4.27.11, 4.27.8, 4.27.9, 4.28.1, 4.29.13, 4.29.2, 4.29.4, 4.31.11, 4.34.10, 4.34.5, 4.34.9, 4.35.1, 5.1.1, 5.1.2, 5.1.7, 5.1.8, 5.3.5, 5.3.6, 5.6.3, 5.8.2, 6.2.10, 6.2.11, 6.7.6, 7.13.5, 7.15.6, 7.3.9, 7.7.6, 8.1.1, 8.1.2, 8.27.5, 8.30.5, 8.38.7, 8.45.3, 8.5.1, 8.5.6, 8.51.3, 8.54.7, 9.14.4, 9.15.4, 9.32.1, 9.9.2<br><strong>Pleiades</strong>: <a href="https://pleiades.stoa.org/places/570577" target="_blank">https://pleiades.stoa.org/places/570577</a>]]></description>
        <Point><coordinates>22.31275269,37.25289778</coordinates></Point>
      </Placemark>

      <Placemark>
        <name>Peloponnesos</name>
        <description><![CDATA[<strong>name</strong>: Peloponnesos<br><strong>region</strong>: Hellas (Europe)<br><strong>part of</strong>: Hellas (Europe)<br><strong>altname</strong>: Peloponnese<br><strong>Wikidata</strong>: <a href="https://wikidata.org/wiki/Q78967" target="_blank">https://wikidata.org/wiki/Q78967</a><br><strong>type</strong>: major region<br><strong>passages</strong>: 1.13.4, 1.13.7, 1.25.4, 1.27.10, 1.27.5, 1.3.4, 1.41.2, 10.1.2, 10.18.2, 10.38.10, 2.1.1, 2.1.2, 2.1.5, 2.12.3, 2.13.1, 2.13.7, 2.18.7, 2.20.1, 2.21.5, 2.24.5, 2.26.1, 2.26.3, 2.26.4, 2.34.4, 2.34.8, 2.37.3, 2.5.3, 2.5.6, 2.5.7, 2.7.6, 2.8.6, 2.9.2, 3.1.6, 3.13.2, 3.2.6, 3.21.6, 3.22.6, 3.3.4, 3.7.6, 3.9.1, 4.14.6, 4.15.6, 4.24.7, 4.26.1, 4.26.3, 4.26.5, 4.27.11, 4.27.8, 4.27.9, 4.28.1, 4.29.13, 4.29.2, 4.29.4, 4.31.11, 4.34.10, 4.34.5, 4.34.9, 4.35.1, 5.1.1, 5.1.2, 5.1.7, 5.1.8, 5.3.5, 5.3.6, 5.6.3, 5.8.2, 6.2.10, 6.2.11, 6.7.6, 7.13.5, 7.15.6, 7.3.9, 7.7.6, 8.1.1, 8.1.2, 8.27.5, 8.30.5, 8.38.7, 8.45.3, 8.5.1, 8.5.6, 8.51.3, 8.54.7, 9.14.4, 9.15.4, 9.32.1, 9.9.2<br><strong>Pleiades</strong>: <a href="https://pleiades.stoa.org/places/570577" target="_blank">https://pleiades.stoa.org/places/570577</a>]]></description>
        <Point><coordinates>22.31275269,37.25289778</coordinates></Point>
      </Placemark>

      <Placemark>
        <name>Peloponnesos</name>
        <description><![CDATA[<strong>name</strong>: Peloponnesos<br><strong>region</strong>: Hellas (Europe)<br><strong>part of</strong>: Hellas (Europe)<br><strong>altname</strong>: Peloponnese<br><strong>Wikidata</strong>: <a href="https://wikidata.org/wiki/Q78967" target="_blank">https://wikidata.org/wiki/Q78967</a><br><strong>type</strong>: major region<br><strong>passages</strong>: 1.13.4, 1.13.7, 1.25.4, 1.27.10, 1.27.5, 1.3.4, 1.41.2, 10.1.2, 10.18.2, 10.38.10, 2.1.1, 2.1.2, 2.1.5, 2.12.3, 2.13.1, 2.13.7, 2.18.7, 2.20.1, 2.21.5, 2.24.5, 2.26.1, 2.26.3, 2.26.4, 2.34.4, 2.34.8, 2.37.3, 2.5.3, 2.5.6, 2.5.7, 2.7.6, 2.8.6, 2.9.2, 3.1.6, 3.13.2, 3.2.6, 3.21.6, 3.22.6, 3.3.4, 3.7.6, 3.9.1, 4.14.6, 4.15.6, 4.24.7, 4.26.1, 4.26.3, 4.26.5, 4.27.11, 4.27.8, 4.27.9, 4.28.1, 4.29.13, 4.29.2, 4.29.4, 4.31.11, 4.34.10, 4.34.5, 4.34.9, 4.35.1, 5.1.1, 5.1.2, 5.1.7, 5.1.8, 5.3.5, 5.3.6, 5.6.3, 5.8.2, 6.2.10, 6.2.11, 6.7.6, 7.13.5, 7.15.6, 7.3.9, 7.7.6, 8.1.1, 8.1.2, 8.27.5, 8.30.5, 8.38.7, 8.45.3, 8.5.1, 8.5.6, 8.51.3, 8.54.7, 9.14.4, 9.15.4, 9.32.1, 9.9.2<br><strong>Pleiades</strong>: <a href="https://pleiades.stoa.org/places/570577" target="_blank">https://pleiades.stoa.org/places/570577</a>]]></description>
        <Point><coordinates>22.31275269,37.25289778</coordinates></Point>
      </Placemark>

      <Placemark>
        <name>Peloponnesos</name>
        <description><![CDATA[<strong>name</strong>: Peloponnesos<br><strong>region</strong>: Hellas (Europe)<br><strong>part of</strong>: Hellas (Europe)<br><strong>altname</strong>: Peloponnese<br><strong>Wikidata</strong>: <a href="https://wikidata.org/wiki/Q78967" target="_blank">https://wikidata.org/wiki/Q78967</a><br><strong>type</strong>: major region<br><strong>passages</strong>: 1.13.4, 1.13.7, 1.25.4, 1.27.10, 1.27.5, 1.3.4, 1.41.2, 10.1.2, 10.18.2, 10.38.10, 2.1.1, 2.1.2, 2.1.5, 2.12.3, 2.13.1, 2.13.7, 2.18.7, 2.20.1, 2.21.5, 2.24.5, 2.26.1, 2.26.3, 2.26.4, 2.34.4, 2.34.8, 2.37.3, 2.5.3, 2.5.6, 2.5.7, 2.7.6, 2.8.6, 2.9.2, 3.1.6, 3.13.2, 3.2.6, 3.21.6, 3.22.6, 3.3.4, 3.7.6, 3.9.1, 4.14.6, 4.15.6, 4.24.7, 4.26.1, 4.26.3, 4.26.5, 4.27.11, 4.27.8, 4.27.9, 4.28.1, 4.29.13, 4.29.2, 4.29.4, 4.31.11, 4.34.10, 4.34.5, 4.34.9, 4.35.1, 5.1.1, 5.1.2, 5.1.7, 5.1.8, 5.3.5, 5.3.6, 5.6.3, 5.8.2, 6.2.10, 6.2.11, 6.7.6, 7.13.5, 7.15.6, 7.3.9, 7.7.6, 8.1.1, 8.1.2, 8.27.5, 8.30.5, 8.38.7, 8.45.3, 8.5.1, 8.5.6, 8.51.3, 8.54.7, 9.14.4, 9.15.4, 9.32.1, 9.9.2<br><strong>Pleiades</strong>: <a href="https://pleiades.stoa.org/places/570577" target="_blank">https://pleiades.stoa.org/places/570577</a>]]></description>
        <Point><coordinates>22.31275269,37.25289778</coordinates></Point>
      </Placemark>

      <Placemark>
        <name>Peloponnesos</name>
        <description><![CDATA[<strong>name</strong>: Peloponnesos<br><strong>region</strong>: Hellas (Europe)<br><strong>part of</strong>: Hellas (Europe)<br><strong>altname</strong>: Peloponnese<br><strong>Wikidata</strong>: <a href="https://wikidata.org/wiki/Q78967" target="_blank">https://wikidata.org/wiki/Q78967</a><br><strong>type</strong>: major region<br><strong>passages</strong>: 1.13.4, 1.13.7, 1.25.4, 1.27.10, 1.27.5, 1.3.4, 1.41.2, 10.1.2, 10.18.2, 10.38.10, 2.1.1, 2.1.2, 2.1.5, 2.12.3, 2.13.1, 2.13.7, 2.18.7, 2.20.1, 2.21.5, 2.24.5, 2.26.1, 2.26.3, 2.26.4, 2.34.4, 2.34.8, 2.37.3, 2.5.3, 2.5.6, 2.5.7, 2.7.6, 2.8.6, 2.9.2, 3.1.6, 3.13.2, 3.2.6, 3.21.6, 3.22.6, 3.3.4, 3.7.6, 3.9.1, 4.14.6, 4.15.6, 4.24.7, 4.26.1, 4.26.3, 4.26.5, 4.27.11, 4.27.8, 4.27.9, 4.28.1, 4.29.13, 4.29.2, 4.29.4, 4.31.11, 4.34.10, 4.34.5, 4.34.9, 4.35.1, 5.1.1, 5.1.2, 5.1.7, 5.1.8, 5.3.5, 5.3.6, 5.6.3, 5.8.2, 6.2.10, 6.2.11, 6.7.6, 7.13.5, 7.15.6, 7.3.9, 7.7.6, 8.1.1, 8.1.2, 8.27.5, 8.30.5, 8.38.7, 8.45.3, 8.5.1, 8.5.6, 8.51.3, 8.54.7, 9.14.4, 9.15.4, 9.32.1, 9.9.2<br><strong>Pleiades</strong>: <a href="https://pleiades.stoa.org/places/570577" target="_blank">https://pleiades.stoa.org/places/570577</a>]]></description>
        <Point><coordinates>22.31275269,37.25289778</coordinates></Point>
      </Placemark>

      <Placemark>
        <name>Peloponnesos</name>
        <description><![CDATA[<strong>name</strong>: Peloponnesos<br><strong>region</strong>: Hellas (Europe)<br><strong>part of</strong>: Hellas (Europe)<br><strong>altname</strong>: Peloponnese<br><strong>Wikidata</strong>: <a href="https://wikidata.org/wiki/Q78967" target="_blank">https://wikidata.org/wiki/Q78967</a><br><strong>type</strong>: major region<br><strong>passages</strong>: 1.13.4, 1.13.7, 1.25.4, 1.27.10, 1.27.5, 1.3.4, 1.41.2, 10.1.2, 10.18.2, 10.38.10, 2.1.1, 2.1.2, 2.1.5, 2.12.3, 2.13.1, 2.13.7, 2.18.7, 2.20.1, 2.21.5, 2.24.5, 2.26.1, 2.26.3, 2.26.4, 2.34.4, 2.34.8, 2.37.3, 2.5.3, 2.5.6, 2.5.7, 2.7.6, 2.8.6, 2.9.2, 3.1.6, 3.13.2, 3.2.6, 3.21.6, 3.22.6, 3.3.4, 3.7.6, 3.9.1, 4.14.6, 4.15.6, 4.24.7, 4.26.1, 4.26.3, 4.26.5, 4.27.11, 4.27.8, 4.27.9, 4.28.1, 4.29.13, 4.29.2, 4.29.4, 4.31.11, 4.34.10, 4.34.5, 4.34.9, 4.35.1, 5.1.1, 5.1.2, 5.1.7, 5.1.8, 5.3.5, 5.3.6, 5.6.3, 5.8.2, 6.2.10, 6.2.11, 6.7.6, 7.13.5, 7.15.6, 7.3.9, 7.7.6, 8.1.1, 8.1.2, 8.27.5, 8.30.5, 8.38.7, 8.45.3, 8.5.1, 8.5.6, 8.51.3, 8.54.7, 9.14.4, 9.15.4, 9.32.1, 9.9.2<br><strong>Pleiades</strong>: <a href="https://pleiades.stoa.org/places/570577" target="_blank">https://pleiades.stoa.org/places/570577</a>]]></description>
        <Point><coordinates>22.31275269,37.25289778</coordinates></Point>
      </Placemark>

      <Placemark>
        <name>Sea-shore in Hermione, at East</name>
        <description><![CDATA[<strong>name</strong>: Sea-shore in Hermione, at East<br><strong>region</strong>: Hermionis Bk2<br><strong>part of</strong>: Hermione<br><strong>location</strong>: Hermione<br><strong>type</strong>: coast<br><strong>passages</strong>: 2.34.10]]></description>
        <Point><coordinates>23.243591,37.385218</coordinates></Point>
      </Placemark>

      <Placemark>
        <name>Temple of Artemis Soteira in Troizen</name>
        <description><![CDATA[<strong>name</strong>: Temple of Artemis Soteira in Troizen<br><strong>region</strong>: Troizenia Bk2<br><strong>part of</strong>: Agora of Troizen<br><strong>location</strong>: Agora of Troizen<br><strong>type</strong>: temple<br><strong>passages</strong>: 2.31.1]]></description>
        <Point><coordinates>23.3484,37.5033</coordinates></Point>
      </Placemark>

      <Placemark>
        <name>Euripos</name>
        <description><![CDATA[<strong>name</strong>: Euripos<br><strong>region</strong>: Euboea (island)<br><strong>part of</strong>: Euboian Gulf<br><strong>Wikidata</strong>: <a href="https://wikidata.org/wiki/Q1137741" target="_blank">https://wikidata.org/wiki/Q1137741</a><br><strong>type</strong>: settlement<br><strong>passages</strong>: 1.23.3, 1.38.1, 2.24.6, 5.23.2, 6.13.8, 7.7.6, 9.12.6, 9.19.6, 9.22.5, 9.31.3<br><strong>Pleiades</strong>: <a href="https://pleiades.stoa.org/places/540783" target="_blank">https://pleiades.stoa.org/places/540783</a>]]></description>
        <Point><coordinates>23.58944,38.46276</coordinates></Point>
      </Placemark>

      <Placemark>
        <name>Sanctuary of Hebe on Phlious acropolis hill</name>
        <description><![CDATA[<strong>name</strong>: Sanctuary of Hebe on Phlious acropolis hill<br><strong>region</strong>: Phlious Bk2<br><strong>part of</strong>: Phlious Bk2<br><strong>location</strong>: Phlious Bk2<br><strong>Wikidata</strong>: <a href="https://wikidata.org/wiki/Q134037317" target="_blank">https://wikidata.org/wiki/Q134037317</a><br><strong>type</strong>: hieron<br><strong>passages</strong>: 2.12.4]]></description>
        <Point><coordinates>22.649131,37.846299</coordinates></Point>
      </Placemark>

      <Placemark>
        <name>Temple of Aphrodite Akraia at Troizen, over the temple of Isis</name>
        <description><![CDATA[<strong>name</strong>: Temple of Aphrodite Akraia at Troizen, over the temple of Isis<br><strong>region</strong>: Troizenia Bk2<br><strong>part of</strong>: Troizen (Troizenia)<br><strong>location</strong>: Troizen (Troizenia)<br><strong>type</strong>: temple<br><strong>passages</strong>: 2.32.6]]></description>
        <Point><coordinates>23.3484,37.5033</coordinates></Point>
      </Placemark>

      <Placemark>
        <name>Walls of Troizen</name>
        <description><![CDATA[<strong>name</strong>: Walls of Troizen<br><strong>region</strong>: Troizenia Bk2<br><strong>part of</strong>: Troizen (Troizenia)<br><strong>location</strong>: Troizen (Troizenia)<br><strong>altname</strong>: city wall of Troezen<br><strong>type</strong>: city walls<br><strong>passages</strong>: 2.32.8]]></description>
        <Point><coordinates>23.3484,37.5033</coordinates></Point>
      </Placemark>

      <Placemark>
        <name>Tomb of Diogenes outside gate of Corinth</name>
        <description><![CDATA[<strong>name</strong>: Tomb of Diogenes outside gate of Corinth<br><strong>region</strong>: Corinthia Bk2<br><strong>part of</strong>: Corinth (Corinthia)<br><strong>location</strong>: Corinth (Corinthia)<br><strong>Wikidata</strong>: <a href="https://wikidata.org/wiki/Q136487324" target="_blank">https://wikidata.org/wiki/Q136487324</a><br><strong>type</strong>: tomb mnema<br><strong>passages</strong>: 2.2.4]]></description>
        <Point><coordinates>22.8802,37.9054</coordinates></Point>
      </Placemark>

      <Placemark>
        <name>Agora of Troizen</name>
        <description><![CDATA[<strong>name</strong>: Agora of Troizen<br><strong>region</strong>: Troizenia Bk2<br><strong>part of</strong>: Troizen (Troizenia)<br><strong>location</strong>: Troizen (Troizenia)<br><strong>Wikidata</strong>: <a href="https://wikidata.org/wiki/Q133963475" target="_blank">https://wikidata.org/wiki/Q133963475</a><br><strong>type</strong>: agora<br><strong>passages</strong>: 2.31.1]]></description>
        <Point><coordinates>23.3484,37.5033</coordinates></Point>
      </Placemark>

      <Placemark>
        <name>Eleutherai</name>
        <description><![CDATA[<strong>name</strong>: Eleutherai<br><strong>region</strong>: Attica Bk1<br><strong>part of</strong>: Attica Bk1<br><strong>Wikidata</strong>: <a href="https://wikidata.org/wiki/Q1328318" target="_blank">https://wikidata.org/wiki/Q1328318</a><br><strong>type</strong>: polis<br><strong>passages</strong>: 1.38.8, 1.38.9, 2.6.3, 9.1.1, 9.1.6, 9.2.3<br><strong>Pleiades</strong>: <a href="https://pleiades.stoa.org/places/540756" target="_blank">https://pleiades.stoa.org/places/540756</a>]]></description>
        <Point><coordinates>23.37572,38.17934</coordinates></Point>
      </Placemark>

      <Placemark>
        <name>Aitolia region</name>
        <description><![CDATA[<strong>name</strong>: Aitolia region<br><strong>region</strong>: Hellas (Europe)<br><strong>part of</strong>: Hellas (Europe)<br><strong>altname</strong>: Aetolia<br><strong>Wikidata</strong>: <a href="https://wikidata.org/wiki/Q26857" target="_blank">https://wikidata.org/wiki/Q26857</a><br><strong>type</strong>: chora/region<br><strong>passages</strong>: 1.26.3, 1.42.6, 10.18.1, 10.22.2, 10.22.3, 10.22.5, 2.13.8, 2.25.2, 2.37.3, 2.8.4, 3.10.2, 4.24.7, 4.31.7, 5.1.3, 5.3.7, 7.18.6, 7.18.8, 7.18.9, 7.9.6, 8.24.11, 8.38.10<br><strong>Pleiades</strong>: <a href="https://pleiades.stoa.org/places/540591" target="_blank">https://pleiades.stoa.org/places/540591</a><br><strong>ToposText</strong>: <a href="https://topostext.org/place/386215RAit" target="_blank">https://topostext.org/place/386215RAit</a>]]></description>
        <Point><coordinates>21.5,38.6</coordinates></Point>
      </Placemark>

      <Placemark>
        <name>Aitolia region</name>
        <description><![CDATA[<strong>name</strong>: Aitolia region<br><strong>region</strong>: Hellas (Europe)<br><strong>part of</strong>: Hellas (Europe)<br><strong>altname</strong>: Aetolia<br><strong>Wikidata</strong>: <a href="https://wikidata.org/wiki/Q26857" target="_blank">https://wikidata.org/wiki/Q26857</a><br><strong>type</strong>: chora/region<br><strong>passages</strong>: 1.26.3, 1.42.6, 10.18.1, 10.22.2, 10.22.3, 10.22.5, 2.13.8, 2.25.2, 2.37.3, 2.8.4, 3.10.2, 4.24.7, 4.31.7, 5.1.3, 5.3.7, 7.18.6, 7.18.8, 7.18.9, 7.9.6, 8.24.11, 8.38.10<br><strong>Pleiades</strong>: <a href="https://pleiades.stoa.org/places/540591" target="_blank">https://pleiades.stoa.org/places/540591</a><br><strong>ToposText</strong>: <a href="https://topostext.org/place/386215RAit" target="_blank">https://topostext.org/place/386215RAit</a>]]></description>
        <Point><coordinates>21.5,38.6</coordinates></Point>
      </Placemark>

      <Placemark>
        <name>Aitolia region</name>
        <description><![CDATA[<strong>name</strong>: Aitolia region<br><strong>region</strong>: Hellas (Europe)<br><strong>part of</strong>: Hellas (Europe)<br><strong>altname</strong>: Aetolia<br><strong>Wikidata</strong>: <a href="https://wikidata.org/wiki/Q26857" target="_blank">https://wikidata.org/wiki/Q26857</a><br><strong>type</strong>: chora/region<br><strong>passages</strong>: 1.26.3, 1.42.6, 10.18.1, 10.22.2, 10.22.3, 10.22.5, 2.13.8, 2.25.2, 2.37.3, 2.8.4, 3.10.2, 4.24.7, 4.31.7, 5.1.3, 5.3.7, 7.18.6, 7.18.8, 7.18.9, 7.9.6, 8.24.11, 8.38.10<br><strong>Pleiades</strong>: <a href="https://pleiades.stoa.org/places/540591" target="_blank">https://pleiades.stoa.org/places/540591</a><br><strong>ToposText</strong>: <a href="https://topostext.org/place/386215RAit" target="_blank">https://topostext.org/place/386215RAit</a>]]></description>
        <Point><coordinates>21.5,38.6</coordinates></Point>
      </Placemark>

      <Placemark>
        <name>Aitolia region</name>
        <description><![CDATA[<strong>name</strong>: Aitolia region<br><strong>region</strong>: Hellas (Europe)<br><strong>part of</strong>: Hellas (Europe)<br><strong>altname</strong>: Aetolia<br><strong>Wikidata</strong>: <a href="https://wikidata.org/wiki/Q26857" target="_blank">https://wikidata.org/wiki/Q26857</a><br><strong>type</strong>: chora/region<br><strong>passages</strong>: 1.26.3, 1.42.6, 10.18.1, 10.22.2, 10.22.3, 10.22.5, 2.13.8, 2.25.2, 2.37.3, 2.8.4, 3.10.2, 4.24.7, 4.31.7, 5.1.3, 5.3.7, 7.18.6, 7.18.8, 7.18.9, 7.9.6, 8.24.11, 8.38.10<br><strong>Pleiades</strong>: <a href="https://pleiades.stoa.org/places/540591" target="_blank">https://pleiades.stoa.org/places/540591</a><br><strong>ToposText</strong>: <a href="https://topostext.org/place/386215RAit" target="_blank">https://topostext.org/place/386215RAit</a>]]></description>
        <Point><coordinates>21.5,38.6</coordinates></Point>
      </Placemark>

      <Placemark>
        <name>Polyandrion of the Argives from Sicilian Expedition</name>
        <description><![CDATA[<strong>name</strong>: Polyandrion of the Argives from Sicilian Expedition<br><strong>region</strong>: Argolid Bk2<br><strong>part of</strong>: Argos (Argolid)<br><strong>location</strong>: Argos (Argolid)<br><strong>altname</strong>: near the Cylarabis gymnasium<br><strong>type</strong>: tomb mnema<br><strong>passages</strong>: 2.22.9]]></description>
        <Point><coordinates>22.7195,37.6316</coordinates></Point>
      </Placemark>

      <Placemark>
        <name>Tomb of Lykos in Sicyonia, near Corinth border</name>
        <description><![CDATA[<strong>name</strong>: Tomb of Lykos in Sicyonia, near Corinth border<br><strong>region</strong>: Sikyonia Bk2<br><strong>part of</strong>: road Corinth to Sikyon<br><strong>location</strong>: Sicyon (Sikyonia)<br><strong>altname</strong>: Tomb of Lycus<br><strong>Wikidata</strong>: <a href="https://wikidata.org/wiki/Q136487522" target="_blank">https://wikidata.org/wiki/Q136487522</a><br><strong>type</strong>: mound/dike, tomb mnema<br><strong>passages</strong>: 2.7.2]]></description>
        <Point><coordinates>22.7145,37.9834</coordinates></Point>
      </Placemark>

      <Placemark>
        <name>Theater of Phlious, under the temple of Asclepius</name>
        <description><![CDATA[<strong>name</strong>: Theater of Phlious, under the temple of Asclepius<br><strong>region</strong>: Phlious Bk2<br><strong>part of</strong>: Phlious Bk2<br><strong>location</strong>: Phlious Bk2<br><strong>type</strong>: theater<br><strong>passages</strong>: 2.13.5]]></description>
        <Point><coordinates>22.649131,37.846299</coordinates></Point>
      </Placemark>

      <Placemark>
        <name>Tomb of Epimenides in Argos</name>
        <description><![CDATA[<strong>name</strong>: Tomb of Epimenides in Argos<br><strong>region</strong>: Argolid Bk2<br><strong>part of</strong>: Agora of Argos<br><strong>location</strong>: Agora of Argos<br><strong>altname</strong>: in front of temple of Athena Salpinx<br><strong>Wikidata</strong>: <a href="https://wikidata.org/wiki/Q136487465" target="_blank">https://wikidata.org/wiki/Q136487465</a><br><strong>type</strong>: tomb mnema<br><strong>passages</strong>: 2.21.3]]></description>
        <Point><coordinates>22.7214,37.6305</coordinates></Point>
      </Placemark>

      <Placemark>
        <name>Ypaithros in Sicyon</name>
        <description><![CDATA[<strong>name</strong>: Ypaithros in Sicyon<br><strong>region</strong>: Sikyonia Bk2<br><strong>part of</strong>: Sicyon (Sikyonia)<br><strong>location</strong>: Sicyon (Sikyonia)<br><strong>type</strong>: open air<br><strong>passages</strong>: 2.9.6]]></description>
        <Point><coordinates>22.7145,37.9834</coordinates></Point>
      </Placemark>

      <Placemark>
        <name>Altar of Helios in Argos, on the side of the river Inachos</name>
        <description><![CDATA[<strong>name</strong>: Altar of Helios in Argos, on the side of the river Inachos<br><strong>region</strong>: Argolid Bk2<br><strong>part of</strong>: Argos (Argolid)<br><strong>location</strong>: Argos (Argolid)<br><strong>type</strong>: altar<br><strong>passages</strong>: 2.18.3]]></description>
        <Point><coordinates>22.7195,37.6316</coordinates></Point>
      </Placemark>

      <Placemark>
        <name>Sanctuary of Asclepius at Kenchreai harbor</name>
        <description><![CDATA[<strong>name</strong>: Sanctuary of Asclepius at Kenchreai harbor<br><strong>region</strong>: Corinthia Bk2<br><strong>part of</strong>: Kenchreai (Korinthia)<br><strong>location</strong>: Kenchreai (Korinthia)<br><strong>Wikidata</strong>: <a href="https://wikidata.org/wiki/Q134037633" target="_blank">https://wikidata.org/wiki/Q134037633</a><br><strong>type</strong>: Asclepieion, hieron<br><strong>passages</strong>: 2.2.3]]></description>
        <Point><coordinates>22.9925,37.8824</coordinates></Point>
      </Placemark>

      <Placemark>
        <name>Temple of Athena Salpinx at Argos</name>
        <description><![CDATA[<strong>name</strong>: Temple of Athena Salpinx at Argos<br><strong>region</strong>: Argolid Bk2<br><strong>part of</strong>: Sanctuary of Athena Salpinx, Argos<br><strong>location</strong>: Sanctuary of Athena Salpinx, Argos<br><strong>type</strong>: temple<br><strong>passages</strong>: 2.21.3]]></description>
        <Point><coordinates>22.7214,37.6305</coordinates></Point>
      </Placemark>

      <Placemark>
        <name>Asopos river (Korinthia)</name>
        <description><![CDATA[<strong>name</strong>: Asopos river (Korinthia)<br><strong>region</strong>: Corinthia Bk2<br><strong>part of</strong>: Corinthia Bk2<br><strong>Wikidata</strong>: <a href="https://wikidata.org/wiki/Q2866756" target="_blank">https://wikidata.org/wiki/Q2866756</a><br><strong>type</strong>: river<br><strong>passages</strong>: 2.11.4, 2.11.5, 2.12.4, 2.12.6, 2.15.1, 2.5.2, 2.5.3, 2.7.3, 2.7.9<br><strong>Pleiades</strong>: <a href="https://pleiades.stoa.org/places/570131" target="_blank">https://pleiades.stoa.org/places/570131</a><br><strong>ToposText</strong>: <a href="https://topostext.org/place/378228WAso" target="_blank">https://topostext.org/place/378228WAso</a>]]></description>
        <Point><coordinates>22.734,37.975</coordinates></Point>
      </Placemark>

      <Placemark>
        <name>Asopos river (Korinthia)</name>
        <description><![CDATA[<strong>name</strong>: Asopos river (Korinthia)<br><strong>region</strong>: Corinthia Bk2<br><strong>part of</strong>: Corinthia Bk2<br><strong>Wikidata</strong>: <a href="https://wikidata.org/wiki/Q2866756" target="_blank">https://wikidata.org/wiki/Q2866756</a><br><strong>type</strong>: river<br><strong>passages</strong>: 2.11.4, 2.11.5, 2.12.4, 2.12.6, 2.15.1, 2.5.2, 2.5.3, 2.7.3, 2.7.9<br><strong>Pleiades</strong>: <a href="https://pleiades.stoa.org/places/570131" target="_blank">https://pleiades.stoa.org/places/570131</a><br><strong>ToposText</strong>: <a href="https://topostext.org/place/378228WAso" target="_blank">https://topostext.org/place/378228WAso</a>]]></description>
        <Point><coordinates>22.734,37.975</coordinates></Point>
      </Placemark>

      <Placemark>
        <name>Asopos river (Korinthia)</name>
        <description><![CDATA[<strong>name</strong>: Asopos river (Korinthia)<br><strong>region</strong>: Corinthia Bk2<br><strong>part of</strong>: Corinthia Bk2<br><strong>Wikidata</strong>: <a href="https://wikidata.org/wiki/Q2866756" target="_blank">https://wikidata.org/wiki/Q2866756</a><br><strong>type</strong>: river<br><strong>passages</strong>: 2.11.4, 2.11.5, 2.12.4, 2.12.6, 2.15.1, 2.5.2, 2.5.3, 2.7.3, 2.7.9<br><strong>Pleiades</strong>: <a href="https://pleiades.stoa.org/places/570131" target="_blank">https://pleiades.stoa.org/places/570131</a><br><strong>ToposText</strong>: <a href="https://topostext.org/place/378228WAso" target="_blank">https://topostext.org/place/378228WAso</a>]]></description>
        <Point><coordinates>22.734,37.975</coordinates></Point>
      </Placemark>

      <Placemark>
        <name>Asopos river (Korinthia)</name>
        <description><![CDATA[<strong>name</strong>: Asopos river (Korinthia)<br><strong>region</strong>: Corinthia Bk2<br><strong>part of</strong>: Corinthia Bk2<br><strong>Wikidata</strong>: <a href="https://wikidata.org/wiki/Q2866756" target="_blank">https://wikidata.org/wiki/Q2866756</a><br><strong>type</strong>: river<br><strong>passages</strong>: 2.11.4, 2.11.5, 2.12.4, 2.12.6, 2.15.1, 2.5.2, 2.5.3, 2.7.3, 2.7.9<br><strong>Pleiades</strong>: <a href="https://pleiades.stoa.org/places/570131" target="_blank">https://pleiades.stoa.org/places/570131</a><br><strong>ToposText</strong>: <a href="https://topostext.org/place/378228WAso" target="_blank">https://topostext.org/place/378228WAso</a>]]></description>
        <Point><coordinates>22.734,37.975</coordinates></Point>
      </Placemark>

      <Placemark>
        <name>Asopos river (Korinthia)</name>
        <description><![CDATA[<strong>name</strong>: Asopos river (Korinthia)<br><strong>region</strong>: Corinthia Bk2<br><strong>part of</strong>: Corinthia Bk2<br><strong>Wikidata</strong>: <a href="https://wikidata.org/wiki/Q2866756" target="_blank">https://wikidata.org/wiki/Q2866756</a><br><strong>type</strong>: river<br><strong>passages</strong>: 2.11.4, 2.11.5, 2.12.4, 2.12.6, 2.15.1, 2.5.2, 2.5.3, 2.7.3, 2.7.9<br><strong>Pleiades</strong>: <a href="https://pleiades.stoa.org/places/570131" target="_blank">https://pleiades.stoa.org/places/570131</a><br><strong>ToposText</strong>: <a href="https://topostext.org/place/378228WAso" target="_blank">https://topostext.org/place/378228WAso</a>]]></description>
        <Point><coordinates>22.734,37.975</coordinates></Point>
      </Placemark>

      <Placemark>
        <name>Asopos river (Korinthia)</name>
        <description><![CDATA[<strong>name</strong>: Asopos river (Korinthia)<br><strong>region</strong>: Corinthia Bk2<br><strong>part of</strong>: Corinthia Bk2<br><strong>Wikidata</strong>: <a href="https://wikidata.org/wiki/Q2866756" target="_blank">https://wikidata.org/wiki/Q2866756</a><br><strong>type</strong>: river<br><strong>passages</strong>: 2.11.4, 2.11.5, 2.12.4, 2.12.6, 2.15.1, 2.5.2, 2.5.3, 2.7.3, 2.7.9<br><strong>Pleiades</strong>: <a href="https://pleiades.stoa.org/places/570131" target="_blank">https://pleiades.stoa.org/places/570131</a><br><strong>ToposText</strong>: <a href="https://topostext.org/place/378228WAso" target="_blank">https://topostext.org/place/378228WAso</a>]]></description>
        <Point><coordinates>22.734,37.975</coordinates></Point>
      </Placemark>

      <Placemark>
        <name>Asopos river (Korinthia)</name>
        <description><![CDATA[<strong>name</strong>: Asopos river (Korinthia)<br><strong>region</strong>: Corinthia Bk2<br><strong>part of</strong>: Corinthia Bk2<br><strong>Wikidata</strong>: <a href="https://wikidata.org/wiki/Q2866756" target="_blank">https://wikidata.org/wiki/Q2866756</a><br><strong>type</strong>: river<br><strong>passages</strong>: 2.11.4, 2.11.5, 2.12.4, 2.12.6, 2.15.1, 2.5.2, 2.5.3, 2.7.3, 2.7.9<br><strong>Pleiades</strong>: <a href="https://pleiades.stoa.org/places/570131" target="_blank">https://pleiades.stoa.org/places/570131</a><br><strong>ToposText</strong>: <a href="https://topostext.org/place/378228WAso" target="_blank">https://topostext.org/place/378228WAso</a>]]></description>
        <Point><coordinates>22.734,37.975</coordinates></Point>
      </Placemark>

      <Placemark>
        <name>Asopos river (Korinthia)</name>
        <description><![CDATA[<strong>name</strong>: Asopos river (Korinthia)<br><strong>region</strong>: Corinthia Bk2<br><strong>part of</strong>: Corinthia Bk2<br><strong>Wikidata</strong>: <a href="https://wikidata.org/wiki/Q2866756" target="_blank">https://wikidata.org/wiki/Q2866756</a><br><strong>type</strong>: river<br><strong>passages</strong>: 2.11.4, 2.11.5, 2.12.4, 2.12.6, 2.15.1, 2.5.2, 2.5.3, 2.7.3, 2.7.9<br><strong>Pleiades</strong>: <a href="https://pleiades.stoa.org/places/570131" target="_blank">https://pleiades.stoa.org/places/570131</a><br><strong>ToposText</strong>: <a href="https://topostext.org/place/378228WAso" target="_blank">https://topostext.org/place/378228WAso</a>]]></description>
        <Point><coordinates>22.734,37.975</coordinates></Point>
      </Placemark>

      <Placemark>
        <name>Asopos river (Korinthia)</name>
        <description><![CDATA[<strong>name</strong>: Asopos river (Korinthia)<br><strong>region</strong>: Corinthia Bk2<br><strong>part of</strong>: Corinthia Bk2<br><strong>Wikidata</strong>: <a href="https://wikidata.org/wiki/Q2866756" target="_blank">https://wikidata.org/wiki/Q2866756</a><br><strong>type</strong>: river<br><strong>passages</strong>: 2.11.4, 2.11.5, 2.12.4, 2.12.6, 2.15.1, 2.5.2, 2.5.3, 2.7.3, 2.7.9<br><strong>Pleiades</strong>: <a href="https://pleiades.stoa.org/places/570131" target="_blank">https://pleiades.stoa.org/places/570131</a><br><strong>ToposText</strong>: <a href="https://topostext.org/place/378228WAso" target="_blank">https://topostext.org/place/378228WAso</a>]]></description>
        <Point><coordinates>22.734,37.975</coordinates></Point>
      </Placemark>

      <Placemark>
        <name>Bronze chamber for Danae at Argos, by Akrisios</name>
        <description><![CDATA[<strong>name</strong>: Bronze chamber for Danae at Argos, by Akrisios<br><strong>region</strong>: Argolid Bk2<br><strong>part of</strong>: Argos (Argolid)<br><strong>location</strong>: Argos (Argolid)<br><strong>type</strong>: chamber<br><strong>passages</strong>: 10.5.11, 2.23.7]]></description>
        <Point><coordinates>22.7195,37.6316</coordinates></Point>
      </Placemark>

      <Placemark>
        <name>Amyclae (Laconia)</name>
        <description><![CDATA[<strong>name</strong>: Amyclae (Laconia)<br><strong>region</strong>: Lakonia Bk3<br><strong>part of</strong>: Lakonia Bk3<br><strong>altname</strong>: Amyklai<br><strong>Wikidata</strong>: <a href="https://wikidata.org/wiki/Q13074886" target="_blank">https://wikidata.org/wiki/Q13074886</a><br><strong>type</strong>: polisma<br><strong>passages</strong>: 2.16.4, 2.16.6, 3.1.3, 3.10.8, 3.16.2, 3.18.6, 3.18.7, 3.19.6, 3.2.6, 3.20.3, 3.20.6, 4.14.2, 4.18.3, 5.11.4<br><strong>Pleiades</strong>: <a href="https://pleiades.stoa.org/places/570074" target="_blank">https://pleiades.stoa.org/places/570074</a><br><strong>ToposText</strong>: <a href="https://topostext.org/place/370224UAmy" target="_blank">https://topostext.org/place/370224UAmy</a>]]></description>
        <Point><coordinates>22.4502,37.0363</coordinates></Point>
      </Placemark>

      <Placemark>
        <name>Amyclae (Laconia)</name>
        <description><![CDATA[<strong>name</strong>: Amyclae (Laconia)<br><strong>region</strong>: Lakonia Bk3<br><strong>part of</strong>: Lakonia Bk3<br><strong>altname</strong>: Amyklai<br><strong>Wikidata</strong>: <a href="https://wikidata.org/wiki/Q13074886" target="_blank">https://wikidata.org/wiki/Q13074886</a><br><strong>type</strong>: polisma<br><strong>passages</strong>: 2.16.4, 2.16.6, 3.1.3, 3.10.8, 3.16.2, 3.18.6, 3.18.7, 3.19.6, 3.2.6, 3.20.3, 3.20.6, 4.14.2, 4.18.3, 5.11.4<br><strong>Pleiades</strong>: <a href="https://pleiades.stoa.org/places/570074" target="_blank">https://pleiades.stoa.org/places/570074</a><br><strong>ToposText</strong>: <a href="https://topostext.org/place/370224UAmy" target="_blank">https://topostext.org/place/370224UAmy</a>]]></description>
        <Point><coordinates>22.4502,37.0363</coordinates></Point>
      </Placemark>

      <Placemark>
        <name>Phoronikon asty</name>
        <description><![CDATA[<strong>name</strong>: Phoronikon asty<br><strong>region</strong>: Argolid Bk2<br><strong>part of</strong>: Argolid Bk2<br><strong>location</strong>: Argolid Bk2<br><strong>altname</strong>: unlocated place in Argolis<br><strong>type</strong>: chorion<br><strong>passages</strong>: 2.15.5<br><strong>Pleiades</strong>: <a href="https://pleiades.stoa.org/places/573460" target="_blank">https://pleiades.stoa.org/places/573460</a>]]></description>
        <Point><coordinates>22.9,37.67</coordinates></Point>
      </Placemark>

      <Placemark>
        <name>Enclosure of Sanctuary of Poseidon in Kalaureia</name>
        <description><![CDATA[<strong>name</strong>: Enclosure of Sanctuary of Poseidon in Kalaureia<br><strong>region</strong>: Troizenia Bk2<br><strong>part of</strong>: Poseidon of Kalaureia (Poros)<br><strong>location</strong>: Poseidon of Kalaureia (Poros)<br><strong>type</strong>: enclosure<br><strong>passages</strong>: 2.33.3]]></description>
        <Point><coordinates>23.4803,37.5227</coordinates></Point>
      </Placemark>

      <Placemark>
        <name>Sanctuary of Demeter in Argos</name>
        <description><![CDATA[<strong>name</strong>: Sanctuary of Demeter in Argos<br><strong>region</strong>: Argolid Bk2<br><strong>part of</strong>: Argos (Argolid)<br><strong>location</strong>: Argos (Argolid)<br><strong>Wikidata</strong>: <a href="https://wikidata.org/wiki/Q134037453" target="_blank">https://wikidata.org/wiki/Q134037453</a><br><strong>type</strong>: hieron<br><strong>passages</strong>: 2.21.4]]></description>
        <Point><coordinates>22.7195,37.6316</coordinates></Point>
      </Placemark>

      <Placemark>
        <name>Pillars around the spring Lerna in Corinth</name>
        <description><![CDATA[<strong>name</strong>: Pillars around the spring Lerna in Corinth<br><strong>region</strong>: Corinthia Bk2<br><strong>part of</strong>: Corinth (Corinthia)<br><strong>location</strong>: Corinth (Corinthia)<br><strong>type</strong>: column<br><strong>passages</strong>: 2.4.5]]></description>
        <Point><coordinates>22.8802,37.9054</coordinates></Point>
      </Placemark>

      <Placemark>
        <name>Hippokrene fountain in Troizen</name>
        <description><![CDATA[<strong>name</strong>: Hippokrene fountain in Troizen<br><strong>region</strong>: Troizenia Bk2<br><strong>part of</strong>: Troizen (Troizenia)<br><strong>location</strong>: Troizen (Troizenia)<br><strong>type</strong>: spring pege<br><strong>passages</strong>: 2.31.9<br><strong>Manto</strong>: <a href="https://resource.manto.unh.edu/10214873" target="_blank">https://resource.manto.unh.edu/10214873</a>]]></description>
        <Point><coordinates>23.3484,37.5033</coordinates></Point>
      </Placemark>

      <Placemark>
        <name>Sanctuary of Capitoline Zeus in Corinth, above theater</name>
        <description><![CDATA[<strong>name</strong>: Sanctuary of Capitoline Zeus in Corinth, above theater<br><strong>region</strong>: Corinthia Bk2<br><strong>part of</strong>: Corinth (Corinthia)<br><strong>location</strong>: Corinth (Corinthia)<br><strong>Wikidata</strong>: <a href="https://wikidata.org/wiki/Q134037589" target="_blank">https://wikidata.org/wiki/Q134037589</a><br><strong>type</strong>: hieron<br><strong>passages</strong>: 2.4.5]]></description>
        <Point><coordinates>22.8802,37.9054</coordinates></Point>
      </Placemark>

      <Placemark>
        <name>Gonousa fort (Korinthia)</name>
        <description><![CDATA[<strong>name</strong>: Gonousa fort (Korinthia)<br><strong>region</strong>: Corinthia Bk2<br><strong>part of</strong>: Corinthia Bk2<br><strong>altname</strong>: settlement above Sicyon<br><strong>Wikidata</strong>: <a href="https://wikidata.org/wiki/Q5582063" target="_blank">https://wikidata.org/wiki/Q5582063</a><br><strong>type</strong>: settlement<br><strong>passages</strong>: 2.4.4, 5.18.7<br><strong>Pleiades</strong>: <a href="https://pleiades.stoa.org/places/573235" target="_blank">https://pleiades.stoa.org/places/573235</a><br><strong>ToposText</strong>: <a href="https://topostext.org/place/379226FGon" target="_blank">https://topostext.org/place/379226FGon</a>]]></description>
        <Point><coordinates>22.6252,37.9313</coordinates></Point>
      </Placemark>

      <Placemark>
        <name>Erasinos (river)</name>
        <description><![CDATA[<strong>name</strong>: Erasinos (river)<br><strong>region</strong>: Argolid Bk2<br><strong>part of</strong>: Argolid Bk2<br><strong>Wikidata</strong>: <a href="https://wikidata.org/wiki/Q12877267" target="_blank">https://wikidata.org/wiki/Q12877267</a><br><strong>type</strong>: river<br><strong>passages</strong>: 2.24.6, 2.36.6, 2.36.7, 8.22.3<br><strong>Pleiades</strong>: <a href="https://pleiades.stoa.org/places/570233" target="_blank">https://pleiades.stoa.org/places/570233</a>]]></description>
        <Point><coordinates>22.70838,37.59848</coordinates></Point>
      </Placemark>

      <Placemark>
        <name>Erasinos (river)</name>
        <description><![CDATA[<strong>name</strong>: Erasinos (river)<br><strong>region</strong>: Argolid Bk2<br><strong>part of</strong>: Argolid Bk2<br><strong>Wikidata</strong>: <a href="https://wikidata.org/wiki/Q12877267" target="_blank">https://wikidata.org/wiki/Q12877267</a><br><strong>type</strong>: river<br><strong>passages</strong>: 2.24.6, 2.36.6, 2.36.7, 8.22.3<br><strong>Pleiades</strong>: <a href="https://pleiades.stoa.org/places/570233" target="_blank">https://pleiades.stoa.org/places/570233</a>]]></description>
        <Point><coordinates>22.70838,37.59848</coordinates></Point>
      </Placemark>

      <Placemark>
        <name>Erasinos (river)</name>
        <description><![CDATA[<strong>name</strong>: Erasinos (river)<br><strong>region</strong>: Argolid Bk2<br><strong>part of</strong>: Argolid Bk2<br><strong>Wikidata</strong>: <a href="https://wikidata.org/wiki/Q12877267" target="_blank">https://wikidata.org/wiki/Q12877267</a><br><strong>type</strong>: river<br><strong>passages</strong>: 2.24.6, 2.36.6, 2.36.7, 8.22.3<br><strong>Pleiades</strong>: <a href="https://pleiades.stoa.org/places/570233" target="_blank">https://pleiades.stoa.org/places/570233</a>]]></description>
        <Point><coordinates>22.70838,37.59848</coordinates></Point>
      </Placemark>

      <Placemark>
        <name>Tenedos</name>
        <description><![CDATA[<strong>name</strong>: Tenedos<br><strong>region</strong>: Aegean Sea (Hellas)<br><strong>part of</strong>: Aegean Sea (Hellas)<br><strong>Wikidata</strong>: <a href="https://wikidata.org/wiki/Q211817" target="_blank">https://wikidata.org/wiki/Q211817</a><br><strong>type</strong>: settlement<br><strong>passages</strong>: 2.5.4<br><strong>Pleiades</strong>: <a href="https://pleiades.stoa.org/places/550911" target="_blank">https://pleiades.stoa.org/places/550911</a>]]></description>
        <Point><coordinates>26.0497905,39.8278355</coordinates></Point>
      </Placemark>

      <Placemark>
        <name>Kolyergia Pr.</name>
        <description><![CDATA[<strong>name</strong>: Kolyergia Pr.<br><strong>region</strong>: Hermionis Bk2<br><strong>part of</strong>: Hermionis Bk2<br><strong>Wikidata</strong>: <a href="https://wikidata.org/wiki/Q25117391" target="_blank">https://wikidata.org/wiki/Q25117391</a><br><strong>type</strong>: cape<br><strong>passages</strong>: 2.34.8<br><strong>Pleiades</strong>: <a href="https://pleiades.stoa.org/places/570369" target="_blank">https://pleiades.stoa.org/places/570369</a>]]></description>
        <Point><coordinates>23.20032,37.29085</coordinates></Point>
      </Placemark>

      <Placemark>
        <name>Sanctuary of the Muses in Troizen, Mouseion</name>
        <description><![CDATA[<strong>name</strong>: Sanctuary of the Muses in Troizen, Mouseion<br><strong>region</strong>: Troizenia Bk2<br><strong>part of</strong>: Troizen (Troizenia)<br><strong>location</strong>: Troizen (Troizenia)<br><strong>altname</strong>: not far from tomb of Pittheus, built by Ardalus<br><strong>Wikidata</strong>: <a href="https://wikidata.org/wiki/Q134037955" target="_blank">https://wikidata.org/wiki/Q134037955</a><br><strong>type</strong>: hieron<br><strong>passages</strong>: 2.31.3<br><strong>Manto</strong>: <a href="https://resource.manto.unh.edu/10214799" target="_blank">https://resource.manto.unh.edu/10214799</a>]]></description>
        <Point><coordinates>23.3484,37.5033</coordinates></Point>
      </Placemark>

      <Placemark>
        <name>Glauke fountain (Corinth)</name>
        <description><![CDATA[<strong>name</strong>: Glauke fountain (Corinth)<br><strong>region</strong>: Corinthia Bk2<br><strong>part of</strong>: Corinth (Corinthia)<br><strong>Wikidata</strong>: <a href="https://wikidata.org/wiki/Q22681295" target="_blank">https://wikidata.org/wiki/Q22681295</a><br><strong>type</strong>: spring pege<br><strong>passages</strong>: 2.3.6<br><strong>Manto</strong>: <a href="https://resource.manto.unh.edu/10153083" target="_blank">https://resource.manto.unh.edu/10153083</a><br><strong>ToposText</strong>: <a href="https://topostext.org/place/379229WGLF" target="_blank">https://topostext.org/place/379229WGLF</a>]]></description>
        <Point><coordinates>22.87812,37.90562</coordinates></Point>
      </Placemark>

      <Placemark>
        <name>Boleoi Lithoi</name>
        <description><![CDATA[<strong>name</strong>: Boleoi Lithoi<br><strong>region</strong>: Hermionis Bk2<br><strong>part of</strong>: Philanorion<br><strong>location</strong>: Philanorion<br><strong>altname</strong>: piles of stone on ridgeline<br><strong>Wikidata</strong>: <a href="https://wikidata.org/wiki/Q131318068" target="_blank">https://wikidata.org/wiki/Q131318068</a><br><strong>type</strong>: border<br><strong>passages</strong>: 2.36.3<br><strong>Pleiades</strong>: <a href="https://pleiades.stoa.org/places/573147" target="_blank">https://pleiades.stoa.org/places/573147</a>]]></description>
        <Point><coordinates>23.144,37.495</coordinates></Point>
      </Placemark>

      <Placemark>
        <name>Grave [only heads) of the sons  of Aegyptus, in Argos</name>
        <description><![CDATA[<strong>name</strong>: Grave [only heads) of the sons  of Aegyptus, in Argos<br><strong>region</strong>: Argolid Bk2<br><strong>part of</strong>: Larisa Citadel above Argos<br><strong>location</strong>: Larisa Citadel above Argos<br><strong>Wikidata</strong>: <a href="https://wikidata.org/wiki/Q136487474" target="_blank">https://wikidata.org/wiki/Q136487474</a><br><strong>type</strong>: tomb mnema<br><strong>passages</strong>: 2.24.2<br><strong>Manto</strong>: <a href="https://resource.manto.unh.edu/10188422" target="_blank">https://resource.manto.unh.edu/10188422</a>]]></description>
        <Point><coordinates>22.715,37.638</coordinates></Point>
      </Placemark>

      <Placemark>
        <name>Phoibaia Limne</name>
        <description><![CDATA[<strong>name</strong>: Phoibaia Limne<br><strong>region</strong>: Troizenia Bk2<br><strong>part of</strong>: Troizenia Bk2<br><strong>altname</strong>: Phoibaia Limen Phoebaea, Psiphaian Sea: shallow lagoon, part of the Saronic gulf in Troizenia<br><strong>type</strong>: lake<br><strong>passages</strong>: 2.30.7, 2.32.10<br><strong>Pleiades</strong>: <a href="https://pleiades.stoa.org/places/570604" target="_blank">https://pleiades.stoa.org/places/570604</a>, <a href="https://pleiades.stoa.org/places/573451" target="_blank">https://pleiades.stoa.org/places/573451</a>]]></description>
        <Point><coordinates>23.337,37.53</coordinates></Point>
      </Placemark>

      <Placemark>
        <name>Phoibaia Limne</name>
        <description><![CDATA[<strong>name</strong>: Phoibaia Limne<br><strong>region</strong>: Troizenia Bk2<br><strong>part of</strong>: Troizenia Bk2<br><strong>altname</strong>: Phoibaia Limen Phoebaea, Psiphaian Sea: shallow lagoon, part of the Saronic gulf in Troizenia<br><strong>type</strong>: lake<br><strong>passages</strong>: 2.30.7, 2.32.10<br><strong>Pleiades</strong>: <a href="https://pleiades.stoa.org/places/570604" target="_blank">https://pleiades.stoa.org/places/570604</a>, <a href="https://pleiades.stoa.org/places/573451" target="_blank">https://pleiades.stoa.org/places/573451</a>]]></description>
        <Point><coordinates>23.337,37.53</coordinates></Point>
      </Placemark>

      <Placemark>
        <name>Place where suppliants sleep in Epidauros Asklepieion</name>
        <description><![CDATA[<strong>name</strong>: Place where suppliants sleep in Epidauros Asklepieion<br><strong>region</strong>: Epidauria Bk2<br><strong>part of</strong>: Asklepieion of Epidauros<br><strong>altname</strong>: Abaton<br><strong>Wikidata</strong>: <a href="https://wikidata.org/wiki/Q38279704" target="_blank">https://wikidata.org/wiki/Q38279704</a><br><strong>type</strong>: building<br><strong>passages</strong>: 2.27.2]]></description>
        <Point><coordinates>23.074024,37.598698</coordinates></Point>
      </Placemark>

      <Placemark>
        <name>Sanctuary of the Horae in Argos</name>
        <description><![CDATA[<strong>name</strong>: Sanctuary of the Horae in Argos<br><strong>region</strong>: Argolid Bk2<br><strong>part of</strong>: Argos (Argolid)<br><strong>location</strong>: Argos (Argolid)<br><strong>Wikidata</strong>: <a href="https://wikidata.org/wiki/Q134037441" target="_blank">https://wikidata.org/wiki/Q134037441</a><br><strong>type</strong>: hieron<br><strong>passages</strong>: 2.20.5]]></description>
        <Point><coordinates>22.7195,37.6316</coordinates></Point>
      </Placemark>

      <Placemark>
        <name>Sanctuary of Poseidon Genesios at Genesion, by the sea</name>
        <description><![CDATA[<strong>name</strong>: Sanctuary of Poseidon Genesios at Genesion, by the sea<br><strong>region</strong>: Argolid Bk2<br><strong>part of</strong>: Genesion/Apobathmoi<br><strong>location</strong>: Genesion/Apobathmoi<br><strong>Wikidata</strong>: <a href="https://wikidata.org/wiki/Q134037496" target="_blank">https://wikidata.org/wiki/Q134037496</a><br><strong>type</strong>: hieron<br><strong>passages</strong>: 2.38.4]]></description>
        <Point><coordinates>22.732834,37.513986</coordinates></Point>
      </Placemark>

      <Placemark>
        <name>Building in memory of Kyathos in Phlious, next to the sanctuary of Apollo</name>
        <description><![CDATA[<strong>name</strong>: Building in memory of Kyathos in Phlious, next to the sanctuary of Apollo<br><strong>region</strong>: Phlious Bk2<br><strong>part of</strong>: Phlious Bk2<br><strong>location</strong>: Phlious Bk2<br><strong>type</strong>: building<br><strong>passages</strong>: 2.13.8]]></description>
        <Point><coordinates>22.649131,37.846299</coordinates></Point>
      </Placemark>

      <Placemark>
        <name>Spring of Amphiaraus near the lake Alkyonia, Lerna</name>
        <description><![CDATA[<strong>name</strong>: Spring of Amphiaraus near the lake Alkyonia, Lerna<br><strong>region</strong>: Argolid Bk2<br><strong>part of</strong>: Argolid Bk2<br><strong>location</strong>: Argolid Bk2<br><strong>type</strong>: spring pege<br><strong>passages</strong>: 2.37.5<br><strong>Manto</strong>: <a href="https://resource.manto.unh.edu/10192736" target="_blank">https://resource.manto.unh.edu/10192736</a>]]></description>
        <Point><coordinates>22.9,37.67</coordinates></Point>
      </Placemark>

      <Placemark>
        <name>Sphairia? (Poros)</name>
        <description><![CDATA[<strong>name</strong>: Sphairia? (Poros)<br><strong>region</strong>: Troizenia Bk2<br><strong>part of</strong>: Troizenia Bk2<br><strong>altname</strong>: Hiera island<br><strong>Wikidata</strong>: <a href="https://wikidata.org/wiki/Q60791476" target="_blank">https://wikidata.org/wiki/Q60791476</a><br><strong>type</strong>: island<br><strong>passages</strong>: 2.33.1<br><strong>Pleiades</strong>: <a href="https://pleiades.stoa.org/places/573252" target="_blank">https://pleiades.stoa.org/places/573252</a>, <a href="https://pleiades.stoa.org/places/573531" target="_blank">https://pleiades.stoa.org/places/573531</a><br><strong>ToposText</strong>: <a href="https://topostext.org/place/375235ISph" target="_blank">https://topostext.org/place/375235ISph</a>]]></description>
        <Point><coordinates>23.4767,37.4844</coordinates></Point>
      </Placemark>

      <Placemark>
        <name>Egypt (region)</name>
        <description><![CDATA[<strong>name</strong>: Egypt (region)<br><strong>region</strong>: Libya (Africa)<br><strong>part of</strong>: Roman empire<br><strong>Wikidata</strong>: <a href="https://wikidata.org/wiki/Q11768" target="_blank">https://wikidata.org/wiki/Q11768</a><br><strong>type</strong>: major region<br><strong>passages</strong>: 1.11.5, 1.36.6, 1.39.6, 1.42.3, 1.44.3, 1.6.1, 1.6.3, 1.6.5, 1.6.6, 1.6.7, 1.6.8, 1.7.1, 1.7.2, 1.7.3, 1.9.1, 1.9.3, 1.9.4, 10.32.18, 10.7.8, 2.16.1, 2.9.3, 3.10.2, 3.6.9, 5.21.15, 5.7.4, 6.26.9, 6.3.1, 7.5.5, 8.33.3<br><strong>Pleiades</strong>: <a href="https://pleiades.stoa.org/places/981503" target="_blank">https://pleiades.stoa.org/places/981503</a>]]></description>
        <Point><coordinates>30.7,27.1</coordinates></Point>
      </Placemark>

      <Placemark>
        <name>Egypt (region)</name>
        <description><![CDATA[<strong>name</strong>: Egypt (region)<br><strong>region</strong>: Libya (Africa)<br><strong>part of</strong>: Roman empire<br><strong>Wikidata</strong>: <a href="https://wikidata.org/wiki/Q11768" target="_blank">https://wikidata.org/wiki/Q11768</a><br><strong>type</strong>: major region<br><strong>passages</strong>: 1.11.5, 1.36.6, 1.39.6, 1.42.3, 1.44.3, 1.6.1, 1.6.3, 1.6.5, 1.6.6, 1.6.7, 1.6.8, 1.7.1, 1.7.2, 1.7.3, 1.9.1, 1.9.3, 1.9.4, 10.32.18, 10.7.8, 2.16.1, 2.9.3, 3.10.2, 3.6.9, 5.21.15, 5.7.4, 6.26.9, 6.3.1, 7.5.5, 8.33.3<br><strong>Pleiades</strong>: <a href="https://pleiades.stoa.org/places/981503" target="_blank">https://pleiades.stoa.org/places/981503</a>]]></description>
        <Point><coordinates>30.7,27.1</coordinates></Point>
      </Placemark>

      <Placemark>
        <name>Theater of Argos</name>
        <description><![CDATA[<strong>name</strong>: Theater of Argos<br><strong>region</strong>: Argolid Bk2<br><strong>part of</strong>: Argos (Argolid)<br><strong>altname</strong>: has many things worth seing<br><strong>Wikidata</strong>: <a href="https://wikidata.org/wiki/Q24912661" target="_blank">https://wikidata.org/wiki/Q24912661</a><br><strong>type</strong>: theater<br><strong>passages</strong>: 2.20.7, 2.20.8<br><strong>ToposText</strong>: <a href="https://topostext.org/place/376227BThA" target="_blank">https://topostext.org/place/376227BThA</a>]]></description>
        <Point><coordinates>22.7195,37.6316</coordinates></Point>
      </Placemark>

      <Placemark>
        <name>Theater of Argos</name>
        <description><![CDATA[<strong>name</strong>: Theater of Argos<br><strong>region</strong>: Argolid Bk2<br><strong>part of</strong>: Argos (Argolid)<br><strong>altname</strong>: has many things worth seing<br><strong>Wikidata</strong>: <a href="https://wikidata.org/wiki/Q24912661" target="_blank">https://wikidata.org/wiki/Q24912661</a><br><strong>type</strong>: theater<br><strong>passages</strong>: 2.20.7, 2.20.8<br><strong>ToposText</strong>: <a href="https://topostext.org/place/376227BThA" target="_blank">https://topostext.org/place/376227BThA</a>]]></description>
        <Point><coordinates>22.7195,37.6316</coordinates></Point>
      </Placemark>

      <Placemark>
        <name>Temple of Aphrodite in Hermione</name>
        <description><![CDATA[<strong>name</strong>: Temple of Aphrodite in Hermione<br><strong>region</strong>: Hermionis Bk2<br><strong>part of</strong>: Hermione<br><strong>location</strong>: Hermione<br><strong>type</strong>: temple<br><strong>passages</strong>: 2.34.12]]></description>
        <Point><coordinates>23.243591,37.385218</coordinates></Point>
      </Placemark>

      <Placemark>
        <name>Antheia of Troizenia</name>
        <description><![CDATA[<strong>name</strong>: Antheia of Troizenia<br><strong>region</strong>: Troizenia Bk2<br><strong>part of</strong>: Troizen (Troizenia)<br><strong>location</strong>: Troizen (Troizenia)<br><strong>Wikidata</strong>: <a href="https://wikidata.org/wiki/Q60790607" target="_blank">https://wikidata.org/wiki/Q60790607</a><br><strong>type</strong>: polis<br><strong>passages</strong>: 1.22.2, 1.25.4, 1.27.7, 1.8.2, 10.5.6, 2.1.4, 2.30.5, 2.30.6, 2.30.8, 2.30.9, 2.31.4, 2.31.9, 2.32.2, 2.32.6, 2.32.8, 2.33.1, 2.34.1, 2.34.12, 2.34.4, 2.34.6, 5.23.2, 8.1.1<br><strong>Pleiades</strong>: <a href="https://pleiades.stoa.org/places/570756" target="_blank">https://pleiades.stoa.org/places/570756</a>]]></description>
        <Point><coordinates>23.3484,37.5033</coordinates></Point>
      </Placemark>

      <Placemark>
        <name>Antheia of Troizenia</name>
        <description><![CDATA[<strong>name</strong>: Antheia of Troizenia<br><strong>region</strong>: Troizenia Bk2<br><strong>part of</strong>: Troizen (Troizenia)<br><strong>location</strong>: Troizen (Troizenia)<br><strong>Wikidata</strong>: <a href="https://wikidata.org/wiki/Q60790607" target="_blank">https://wikidata.org/wiki/Q60790607</a><br><strong>type</strong>: polis<br><strong>passages</strong>: 1.22.2, 1.25.4, 1.27.7, 1.8.2, 10.5.6, 2.1.4, 2.30.5, 2.30.6, 2.30.8, 2.30.9, 2.31.4, 2.31.9, 2.32.2, 2.32.6, 2.32.8, 2.33.1, 2.34.1, 2.34.12, 2.34.4, 2.34.6, 5.23.2, 8.1.1<br><strong>Pleiades</strong>: <a href="https://pleiades.stoa.org/places/570756" target="_blank">https://pleiades.stoa.org/places/570756</a>]]></description>
        <Point><coordinates>23.3484,37.5033</coordinates></Point>
      </Placemark>

      <Placemark>
        <name>Antheia of Troizenia</name>
        <description><![CDATA[<strong>name</strong>: Antheia of Troizenia<br><strong>region</strong>: Troizenia Bk2<br><strong>part of</strong>: Troizen (Troizenia)<br><strong>location</strong>: Troizen (Troizenia)<br><strong>Wikidata</strong>: <a href="https://wikidata.org/wiki/Q60790607" target="_blank">https://wikidata.org/wiki/Q60790607</a><br><strong>type</strong>: polis<br><strong>passages</strong>: 1.22.2, 1.25.4, 1.27.7, 1.8.2, 10.5.6, 2.1.4, 2.30.5, 2.30.6, 2.30.8, 2.30.9, 2.31.4, 2.31.9, 2.32.2, 2.32.6, 2.32.8, 2.33.1, 2.34.1, 2.34.12, 2.34.4, 2.34.6, 5.23.2, 8.1.1<br><strong>Pleiades</strong>: <a href="https://pleiades.stoa.org/places/570756" target="_blank">https://pleiades.stoa.org/places/570756</a>]]></description>
        <Point><coordinates>23.3484,37.5033</coordinates></Point>
      </Placemark>

      <Placemark>
        <name>Antheia of Troizenia</name>
        <description><![CDATA[<strong>name</strong>: Antheia of Troizenia<br><strong>region</strong>: Troizenia Bk2<br><strong>part of</strong>: Troizen (Troizenia)<br><strong>location</strong>: Troizen (Troizenia)<br><strong>Wikidata</strong>: <a href="https://wikidata.org/wiki/Q60790607" target="_blank">https://wikidata.org/wiki/Q60790607</a><br><strong>type</strong>: polis<br><strong>passages</strong>: 1.22.2, 1.25.4, 1.27.7, 1.8.2, 10.5.6, 2.1.4, 2.30.5, 2.30.6, 2.30.8, 2.30.9, 2.31.4, 2.31.9, 2.32.2, 2.32.6, 2.32.8, 2.33.1, 2.34.1, 2.34.12, 2.34.4, 2.34.6, 5.23.2, 8.1.1<br><strong>Pleiades</strong>: <a href="https://pleiades.stoa.org/places/570756" target="_blank">https://pleiades.stoa.org/places/570756</a>]]></description>
        <Point><coordinates>23.3484,37.5033</coordinates></Point>
      </Placemark>

      <Placemark>
        <name>Antheia of Troizenia</name>
        <description><![CDATA[<strong>name</strong>: Antheia of Troizenia<br><strong>region</strong>: Troizenia Bk2<br><strong>part of</strong>: Troizen (Troizenia)<br><strong>location</strong>: Troizen (Troizenia)<br><strong>Wikidata</strong>: <a href="https://wikidata.org/wiki/Q60790607" target="_blank">https://wikidata.org/wiki/Q60790607</a><br><strong>type</strong>: polis<br><strong>passages</strong>: 1.22.2, 1.25.4, 1.27.7, 1.8.2, 10.5.6, 2.1.4, 2.30.5, 2.30.6, 2.30.8, 2.30.9, 2.31.4, 2.31.9, 2.32.2, 2.32.6, 2.32.8, 2.33.1, 2.34.1, 2.34.12, 2.34.4, 2.34.6, 5.23.2, 8.1.1<br><strong>Pleiades</strong>: <a href="https://pleiades.stoa.org/places/570756" target="_blank">https://pleiades.stoa.org/places/570756</a>]]></description>
        <Point><coordinates>23.3484,37.5033</coordinates></Point>
      </Placemark>

      <Placemark>
        <name>Antheia of Troizenia</name>
        <description><![CDATA[<strong>name</strong>: Antheia of Troizenia<br><strong>region</strong>: Troizenia Bk2<br><strong>part of</strong>: Troizen (Troizenia)<br><strong>location</strong>: Troizen (Troizenia)<br><strong>Wikidata</strong>: <a href="https://wikidata.org/wiki/Q60790607" target="_blank">https://wikidata.org/wiki/Q60790607</a><br><strong>type</strong>: polis<br><strong>passages</strong>: 1.22.2, 1.25.4, 1.27.7, 1.8.2, 10.5.6, 2.1.4, 2.30.5, 2.30.6, 2.30.8, 2.30.9, 2.31.4, 2.31.9, 2.32.2, 2.32.6, 2.32.8, 2.33.1, 2.34.1, 2.34.12, 2.34.4, 2.34.6, 5.23.2, 8.1.1<br><strong>Pleiades</strong>: <a href="https://pleiades.stoa.org/places/570756" target="_blank">https://pleiades.stoa.org/places/570756</a>]]></description>
        <Point><coordinates>23.3484,37.5033</coordinates></Point>
      </Placemark>

      <Placemark>
        <name>Antheia of Troizenia</name>
        <description><![CDATA[<strong>name</strong>: Antheia of Troizenia<br><strong>region</strong>: Troizenia Bk2<br><strong>part of</strong>: Troizen (Troizenia)<br><strong>location</strong>: Troizen (Troizenia)<br><strong>Wikidata</strong>: <a href="https://wikidata.org/wiki/Q60790607" target="_blank">https://wikidata.org/wiki/Q60790607</a><br><strong>type</strong>: polis<br><strong>passages</strong>: 1.22.2, 1.25.4, 1.27.7, 1.8.2, 10.5.6, 2.1.4, 2.30.5, 2.30.6, 2.30.8, 2.30.9, 2.31.4, 2.31.9, 2.32.2, 2.32.6, 2.32.8, 2.33.1, 2.34.1, 2.34.12, 2.34.4, 2.34.6, 5.23.2, 8.1.1<br><strong>Pleiades</strong>: <a href="https://pleiades.stoa.org/places/570756" target="_blank">https://pleiades.stoa.org/places/570756</a>]]></description>
        <Point><coordinates>23.3484,37.5033</coordinates></Point>
      </Placemark>

      <Placemark>
        <name>Antheia of Troizenia</name>
        <description><![CDATA[<strong>name</strong>: Antheia of Troizenia<br><strong>region</strong>: Troizenia Bk2<br><strong>part of</strong>: Troizen (Troizenia)<br><strong>location</strong>: Troizen (Troizenia)<br><strong>Wikidata</strong>: <a href="https://wikidata.org/wiki/Q60790607" target="_blank">https://wikidata.org/wiki/Q60790607</a><br><strong>type</strong>: polis<br><strong>passages</strong>: 1.22.2, 1.25.4, 1.27.7, 1.8.2, 10.5.6, 2.1.4, 2.30.5, 2.30.6, 2.30.8, 2.30.9, 2.31.4, 2.31.9, 2.32.2, 2.32.6, 2.32.8, 2.33.1, 2.34.1, 2.34.12, 2.34.4, 2.34.6, 5.23.2, 8.1.1<br><strong>Pleiades</strong>: <a href="https://pleiades.stoa.org/places/570756" target="_blank">https://pleiades.stoa.org/places/570756</a>]]></description>
        <Point><coordinates>23.3484,37.5033</coordinates></Point>
      </Placemark>

      <Placemark>
        <name>Antheia of Troizenia</name>
        <description><![CDATA[<strong>name</strong>: Antheia of Troizenia<br><strong>region</strong>: Troizenia Bk2<br><strong>part of</strong>: Troizen (Troizenia)<br><strong>location</strong>: Troizen (Troizenia)<br><strong>Wikidata</strong>: <a href="https://wikidata.org/wiki/Q60790607" target="_blank">https://wikidata.org/wiki/Q60790607</a><br><strong>type</strong>: polis<br><strong>passages</strong>: 1.22.2, 1.25.4, 1.27.7, 1.8.2, 10.5.6, 2.1.4, 2.30.5, 2.30.6, 2.30.8, 2.30.9, 2.31.4, 2.31.9, 2.32.2, 2.32.6, 2.32.8, 2.33.1, 2.34.1, 2.34.12, 2.34.4, 2.34.6, 5.23.2, 8.1.1<br><strong>Pleiades</strong>: <a href="https://pleiades.stoa.org/places/570756" target="_blank">https://pleiades.stoa.org/places/570756</a>]]></description>
        <Point><coordinates>23.3484,37.5033</coordinates></Point>
      </Placemark>

      <Placemark>
        <name>Antheia of Troizenia</name>
        <description><![CDATA[<strong>name</strong>: Antheia of Troizenia<br><strong>region</strong>: Troizenia Bk2<br><strong>part of</strong>: Troizen (Troizenia)<br><strong>location</strong>: Troizen (Troizenia)<br><strong>Wikidata</strong>: <a href="https://wikidata.org/wiki/Q60790607" target="_blank">https://wikidata.org/wiki/Q60790607</a><br><strong>type</strong>: polis<br><strong>passages</strong>: 1.22.2, 1.25.4, 1.27.7, 1.8.2, 10.5.6, 2.1.4, 2.30.5, 2.30.6, 2.30.8, 2.30.9, 2.31.4, 2.31.9, 2.32.2, 2.32.6, 2.32.8, 2.33.1, 2.34.1, 2.34.12, 2.34.4, 2.34.6, 5.23.2, 8.1.1<br><strong>Pleiades</strong>: <a href="https://pleiades.stoa.org/places/570756" target="_blank">https://pleiades.stoa.org/places/570756</a>]]></description>
        <Point><coordinates>23.3484,37.5033</coordinates></Point>
      </Placemark>

      <Placemark>
        <name>Antheia of Troizenia</name>
        <description><![CDATA[<strong>name</strong>: Antheia of Troizenia<br><strong>region</strong>: Troizenia Bk2<br><strong>part of</strong>: Troizen (Troizenia)<br><strong>location</strong>: Troizen (Troizenia)<br><strong>Wikidata</strong>: <a href="https://wikidata.org/wiki/Q60790607" target="_blank">https://wikidata.org/wiki/Q60790607</a><br><strong>type</strong>: polis<br><strong>passages</strong>: 1.22.2, 1.25.4, 1.27.7, 1.8.2, 10.5.6, 2.1.4, 2.30.5, 2.30.6, 2.30.8, 2.30.9, 2.31.4, 2.31.9, 2.32.2, 2.32.6, 2.32.8, 2.33.1, 2.34.1, 2.34.12, 2.34.4, 2.34.6, 5.23.2, 8.1.1<br><strong>Pleiades</strong>: <a href="https://pleiades.stoa.org/places/570756" target="_blank">https://pleiades.stoa.org/places/570756</a>]]></description>
        <Point><coordinates>23.3484,37.5033</coordinates></Point>
      </Placemark>

      <Placemark>
        <name>Antheia of Troizenia</name>
        <description><![CDATA[<strong>name</strong>: Antheia of Troizenia<br><strong>region</strong>: Troizenia Bk2<br><strong>part of</strong>: Troizen (Troizenia)<br><strong>location</strong>: Troizen (Troizenia)<br><strong>Wikidata</strong>: <a href="https://wikidata.org/wiki/Q60790607" target="_blank">https://wikidata.org/wiki/Q60790607</a><br><strong>type</strong>: polis<br><strong>passages</strong>: 1.22.2, 1.25.4, 1.27.7, 1.8.2, 10.5.6, 2.1.4, 2.30.5, 2.30.6, 2.30.8, 2.30.9, 2.31.4, 2.31.9, 2.32.2, 2.32.6, 2.32.8, 2.33.1, 2.34.1, 2.34.12, 2.34.4, 2.34.6, 5.23.2, 8.1.1<br><strong>Pleiades</strong>: <a href="https://pleiades.stoa.org/places/570756" target="_blank">https://pleiades.stoa.org/places/570756</a>]]></description>
        <Point><coordinates>23.3484,37.5033</coordinates></Point>
      </Placemark>

      <Placemark>
        <name>Antheia of Troizenia</name>
        <description><![CDATA[<strong>name</strong>: Antheia of Troizenia<br><strong>region</strong>: Troizenia Bk2<br><strong>part of</strong>: Troizen (Troizenia)<br><strong>location</strong>: Troizen (Troizenia)<br><strong>Wikidata</strong>: <a href="https://wikidata.org/wiki/Q60790607" target="_blank">https://wikidata.org/wiki/Q60790607</a><br><strong>type</strong>: polis<br><strong>passages</strong>: 1.22.2, 1.25.4, 1.27.7, 1.8.2, 10.5.6, 2.1.4, 2.30.5, 2.30.6, 2.30.8, 2.30.9, 2.31.4, 2.31.9, 2.32.2, 2.32.6, 2.32.8, 2.33.1, 2.34.1, 2.34.12, 2.34.4, 2.34.6, 5.23.2, 8.1.1<br><strong>Pleiades</strong>: <a href="https://pleiades.stoa.org/places/570756" target="_blank">https://pleiades.stoa.org/places/570756</a>]]></description>
        <Point><coordinates>23.3484,37.5033</coordinates></Point>
      </Placemark>

      <Placemark>
        <name>Antheia of Troizenia</name>
        <description><![CDATA[<strong>name</strong>: Antheia of Troizenia<br><strong>region</strong>: Troizenia Bk2<br><strong>part of</strong>: Troizen (Troizenia)<br><strong>location</strong>: Troizen (Troizenia)<br><strong>Wikidata</strong>: <a href="https://wikidata.org/wiki/Q60790607" target="_blank">https://wikidata.org/wiki/Q60790607</a><br><strong>type</strong>: polis<br><strong>passages</strong>: 1.22.2, 1.25.4, 1.27.7, 1.8.2, 10.5.6, 2.1.4, 2.30.5, 2.30.6, 2.30.8, 2.30.9, 2.31.4, 2.31.9, 2.32.2, 2.32.6, 2.32.8, 2.33.1, 2.34.1, 2.34.12, 2.34.4, 2.34.6, 5.23.2, 8.1.1<br><strong>Pleiades</strong>: <a href="https://pleiades.stoa.org/places/570756" target="_blank">https://pleiades.stoa.org/places/570756</a>]]></description>
        <Point><coordinates>23.3484,37.5033</coordinates></Point>
      </Placemark>

      <Placemark>
        <name>Antheia of Troizenia</name>
        <description><![CDATA[<strong>name</strong>: Antheia of Troizenia<br><strong>region</strong>: Troizenia Bk2<br><strong>part of</strong>: Troizen (Troizenia)<br><strong>location</strong>: Troizen (Troizenia)<br><strong>Wikidata</strong>: <a href="https://wikidata.org/wiki/Q60790607" target="_blank">https://wikidata.org/wiki/Q60790607</a><br><strong>type</strong>: polis<br><strong>passages</strong>: 1.22.2, 1.25.4, 1.27.7, 1.8.2, 10.5.6, 2.1.4, 2.30.5, 2.30.6, 2.30.8, 2.30.9, 2.31.4, 2.31.9, 2.32.2, 2.32.6, 2.32.8, 2.33.1, 2.34.1, 2.34.12, 2.34.4, 2.34.6, 5.23.2, 8.1.1<br><strong>Pleiades</strong>: <a href="https://pleiades.stoa.org/places/570756" target="_blank">https://pleiades.stoa.org/places/570756</a>]]></description>
        <Point><coordinates>23.3484,37.5033</coordinates></Point>
      </Placemark>

      <Placemark>
        <name>Tomb of Atreus and those killed by Aegisthus at Mycenae</name>
        <description><![CDATA[<strong>name</strong>: Tomb of Atreus and those killed by Aegisthus at Mycenae<br><strong>region</strong>: Argolid Bk2<br><strong>part of</strong>: Mycenae<br><strong>location</strong>: Mycenae<br><strong>Wikidata</strong>: <a href="https://wikidata.org/wiki/Q136487412" target="_blank">https://wikidata.org/wiki/Q136487412</a><br><strong>type</strong>: tomb mnema<br><strong>passages</strong>: 2.16.6<br><strong>Manto</strong>: <a href="https://resource.manto.unh.edu/10159493" target="_blank">https://resource.manto.unh.edu/10159493</a>]]></description>
        <Point><coordinates>22.756111,37.730833</coordinates></Point>
      </Placemark>

      <Placemark>
        <name>Temple of Dionysos at Epidaurus [ We follow here the Loeb edition: Artemidos estin allos (and not alsos)]</name>
        <description><![CDATA[<strong>name</strong>: Temple of Dionysos at Epidaurus [ We follow here the Loeb edition: Artemidos estin allos (and not alsos)]<br><strong>region</strong>: Epidauria Bk2<br><strong>part of</strong>: Epidauros<br><strong>location</strong>: Epidauros<br><strong>type</strong>: temple<br><strong>passages</strong>: 2.29.1]]></description>
        <Point><coordinates>23.1602,37.6335</coordinates></Point>
      </Placemark>

      <Placemark>
        <name>Temple of Apollo in Hermione, no epithet</name>
        <description><![CDATA[<strong>name</strong>: Temple of Apollo in Hermione, no epithet<br><strong>region</strong>: Hermionis Bk2<br><strong>part of</strong>: Hermione<br><strong>location</strong>: Hermione<br><strong>type</strong>: temple<br><strong>passages</strong>: 2.35.2]]></description>
        <Point><coordinates>23.243591,37.385218</coordinates></Point>
      </Placemark>

      <Placemark>
        <name>Harbour at Epidaurus</name>
        <description><![CDATA[<strong>name</strong>: Harbour at Epidaurus<br><strong>region</strong>: Epidauria Bk2<br><strong>part of</strong>: Epidauros<br><strong>location</strong>: Epidauros<br><strong>type</strong>: harbor limen<br><strong>passages</strong>: 2.29.1]]></description>
        <Point><coordinates>23.1602,37.6335</coordinates></Point>
      </Placemark>

      <Placemark>
        <name>Aigina polity</name>
        <description><![CDATA[<strong>name</strong>: Aigina polity<br><strong>region</strong>: Aigina island Bk2<br><strong>part of</strong>: Aigina island Bk2<br><strong>altname</strong>: Aegina polis<br><strong>Wikidata</strong>: <a href="https://wikidata.org/wiki/Q191082" target="_blank">https://wikidata.org/wiki/Q191082</a><br><strong>type</strong>: polis<br><strong>passages</strong>: 1.44.9, 2.29.6, 6.9.3, 7.5.5<br><strong>Pleiades</strong>: <a href="https://pleiades.stoa.org/places/579853" target="_blank">https://pleiades.stoa.org/places/579853</a><br><strong>ToposText</strong>: <a href="https://topostext.org/place/378234PAig" target="_blank">https://topostext.org/place/378234PAig</a>]]></description>
        <Point><coordinates>23.42372,37.74991</coordinates></Point>
      </Placemark>

      <Placemark>
        <name>Sacred enclosure [of Apollo] near Peirene fountain in Corinth</name>
        <description><![CDATA[<strong>name</strong>: Sacred enclosure [of Apollo] near Peirene fountain in Corinth<br><strong>region</strong>: Corinthia Bk2<br><strong>part of</strong>: Corinth (Corinthia)<br><strong>location</strong>: Corinth (Corinthia)<br><strong>type</strong>: enclosure<br><strong>passages</strong>: 2.3.3<br><strong>Manto</strong>: <a href="https://resource.manto.unh.edu/10153062" target="_blank">https://resource.manto.unh.edu/10153062</a>]]></description>
        <Point><coordinates>22.8802,37.9054</coordinates></Point>
      </Placemark>

      <Placemark>
        <name>Walls of Mycenae</name>
        <description><![CDATA[<strong>name</strong>: Walls of Mycenae<br><strong>region</strong>: Argolid Bk2<br><strong>part of</strong>: Mycenae<br><strong>location</strong>: Mycenae<br><strong>type</strong>: fortification<br><strong>passages</strong>: 2.16.7]]></description>
        <Point><coordinates>22.756111,37.730833</coordinates></Point>
      </Placemark>

      <Placemark>
        <name>Tomb of Thyestes near the hero-shrine of Perseus</name>
        <description><![CDATA[<strong>name</strong>: Tomb of Thyestes near the hero-shrine of Perseus<br><strong>region</strong>: Argolid Bk2<br><strong>part of</strong>: road Mycenae to Argos<br><strong>location</strong>: Argolid Bk2<br><strong>Wikidata</strong>: <a href="https://wikidata.org/wiki/Q136487430" target="_blank">https://wikidata.org/wiki/Q136487430</a><br><strong>type</strong>: tomb mnema<br><strong>passages</strong>: 2.18.1<br><strong>Manto</strong>: <a href="https://resource.manto.unh.edu/11289038" target="_blank">https://resource.manto.unh.edu/11289038</a>]]></description>
        <Point><coordinates>22.9,37.67</coordinates></Point>
      </Placemark>

      <Placemark>
        <name>Temple of Apollo leaving Corinth Agora</name>
        <description><![CDATA[<strong>name</strong>: Temple of Apollo leaving Corinth Agora<br><strong>region</strong>: Corinthia Bk2<br><strong>part of</strong>: Agora of Corinth<br><strong>Wikidata</strong>: <a href="https://wikidata.org/wiki/Q3561843" target="_blank">https://wikidata.org/wiki/Q3561843</a><br><strong>type</strong>: temple<br><strong>passages</strong>: 2.3.6<br><strong>ToposText</strong>: <a href="https://topostext.org/place/379229SApT" target="_blank">https://topostext.org/place/379229SApT</a>]]></description>
        <Point><coordinates>22.87904,37.90597</coordinates></Point>
      </Placemark>

      <Placemark>
        <name>Precinct of Isis Pelagia, on Acrocorinth ascent</name>
        <description><![CDATA[<strong>name</strong>: Precinct of Isis Pelagia, on Acrocorinth ascent<br><strong>region</strong>: Corinthia Bk2<br><strong>part of</strong>: Acrocorinth<br><strong>location</strong>: Acrocorinth<br><strong>type</strong>: temenos<br><strong>passages</strong>: 2.4.6]]></description>
        <Point><coordinates>22.878721,37.906045</coordinates></Point>
      </Placemark>

      <Placemark>
        <name>Pontinos river</name>
        <description><![CDATA[<strong>name</strong>: Pontinos river<br><strong>region</strong>: Argolid Bk2<br><strong>part of</strong>: Argolid Bk2<br><strong>type</strong>: river<br><strong>passages</strong>: 2.36.8, 2.37.1<br><strong>Pleiades</strong>: <a href="https://pleiades.stoa.org/places/573474" target="_blank">https://pleiades.stoa.org/places/573474</a>]]></description>
        <Point><coordinates>22.7186,37.55232</coordinates></Point>
      </Placemark>

      <Placemark>
        <name>Pontinos river</name>
        <description><![CDATA[<strong>name</strong>: Pontinos river<br><strong>region</strong>: Argolid Bk2<br><strong>part of</strong>: Argolid Bk2<br><strong>type</strong>: river<br><strong>passages</strong>: 2.36.8, 2.37.1<br><strong>Pleiades</strong>: <a href="https://pleiades.stoa.org/places/573474" target="_blank">https://pleiades.stoa.org/places/573474</a>]]></description>
        <Point><coordinates>22.7186,37.55232</coordinates></Point>
      </Placemark>

      <Placemark>
        <name>Temple of Klymenos in Hermione, opposite the temple of Demeter Chthonia</name>
        <description><![CDATA[<strong>name</strong>: Temple of Klymenos in Hermione, opposite the temple of Demeter Chthonia<br><strong>region</strong>: Hermionis Bk2<br><strong>part of</strong>: Pron M.<br><strong>location</strong>: Pron M.<br><strong>type</strong>: temple<br><strong>passages</strong>: 2.35.9<br><strong>Manto</strong>: <a href="https://resource.manto.unh.edu/10214963" target="_blank">https://resource.manto.unh.edu/10214963</a>]]></description>
        <Point><coordinates>23.235,37.3884</coordinates></Point>
      </Placemark>

      <Placemark>
        <name>Sanctuary of Poseidon Phytalmios at Troizen, outside walls</name>
        <description><![CDATA[<strong>name</strong>: Sanctuary of Poseidon Phytalmios at Troizen, outside walls<br><strong>region</strong>: Troizenia Bk2<br><strong>part of</strong>: Troizen (Troizenia)<br><strong>location</strong>: Troizen (Troizenia)<br><strong>Wikidata</strong>: <a href="https://wikidata.org/wiki/Q134037925" target="_blank">https://wikidata.org/wiki/Q134037925</a><br><strong>type</strong>: hieron<br><strong>passages</strong>: 2.32.8]]></description>
        <Point><coordinates>23.3484,37.5033</coordinates></Point>
      </Placemark>

      <Placemark>
        <name>Tomb of Lais in Thessaly</name>
        <description><![CDATA[<strong>name</strong>: Tomb of Lais in Thessaly<br><strong>region</strong>: Hellas (Europe)<br><strong>part of</strong>: Thessalia<br><strong>location</strong>: Thessalia<br><strong>Wikidata</strong>: <a href="https://wikidata.org/wiki/Q136487313" target="_blank">https://wikidata.org/wiki/Q136487313</a><br><strong>type</strong>: tomb mnema<br><strong>passages</strong>: 2.2.5]]></description>
        <Point><coordinates>22.2,39.6</coordinates></Point>
      </Placemark>

      <Placemark>
        <name>Tomb of Hippolytus in Troizen</name>
        <description><![CDATA[<strong>name</strong>: Tomb of Hippolytus in Troizen<br><strong>region</strong>: Troizenia Bk2<br><strong>part of</strong>: Troizen (Troizenia)<br><strong>location</strong>: Troizen (Troizenia)<br><strong>altname</strong>: heaped up near myrtle tree<br><strong>Wikidata</strong>: <a href="https://wikidata.org/wiki/Q136487528" target="_blank">https://wikidata.org/wiki/Q136487528</a><br><strong>type</strong>: tomb mnema<br><strong>passages</strong>: 2.32.4<br><strong>Manto</strong>: <a href="https://resource.manto.unh.edu/10214944" target="_blank">https://resource.manto.unh.edu/10214944</a>]]></description>
        <Point><coordinates>23.3484,37.5033</coordinates></Point>
      </Placemark>

      <Placemark>
        <name>Thebes (Boeotia)</name>
        <description><![CDATA[<strong>name</strong>: Thebes (Boeotia)<br><strong>region</strong>: Boiotia Bk9<br><strong>part of</strong>: Boiotia Bk9<br><strong>Wikidata</strong>: <a href="https://wikidata.org/wiki/Q11225429" target="_blank">https://wikidata.org/wiki/Q11225429</a><br><strong>type</strong>: polis<br><strong>passages</strong>: 1.25.4, 1.28.7, 1.29.3, 1.3.4, 1.34.1, 1.34.2, 1.34.4, 1.37.6, 1.39.2, 1.40.2, 1.41.1, 1.43.1, 1.44.4, 1.44.5, 10.10.3, 10.17.4, 10.20.1, 10.29.7, 10.35.5, 10.7.6, 2.19.8, 2.20.5, 2.36.8, 2.6.1, 2.6.2, 2.6.3, 2.6.4, 2.7.6, 3.5.3, 3.5.4, 3.9.11, 3.9.3, 3.9.8, 4.17.5, 4.27.10, 4.32.5, 4.7.8, 4.8.8, 5.3.1, 7.10.2, 7.14.6, 7.15.9, 7.17.2, 7.3.1, 7.6.9, 8.11.6, 8.14.2, 8.15.6, 8.24.10, 8.25.4, 8.25.8, 8.33.2, 9.1.6, 9.1.8, 9.10.1, 9.10.4, 9.11.6, 9.12.2, 9.13.1, 9.14.7, 9.17.4, 9.17.5, 9.18.1, 9.18.2, 9.18.3, 9.18.5, 9.19.2, 9.19.3, 9.19.4, 9.22.3, 9.23.4, 9.23.5, 9.25.10, 9.25.7, 9.25.9, 9.29.9, 9.3.6, 9.32.5, 9.33.1, 9.37.2, 9.4.4, 9.40.3, 9.5.1, 9.5.12, 9.5.13, 9.5.14, 9.5.2, 9.5.6, 9.5.7, 9.6.2, 9.6.3, 9.6.5, 9.7.1, 9.7.2, 9.7.6, 9.8.1, 9.8.3, 9.8.7, 9.9.4<br><strong>Pleiades</strong>: <a href="https://pleiades.stoa.org/places/541138" target="_blank">https://pleiades.stoa.org/places/541138</a><br><strong>ToposText</strong>: <a href="https://topostext.org/place/383233PThe" target="_blank">https://topostext.org/place/383233PThe</a>]]></description>
        <Point><coordinates>23.3178,38.3191</coordinates></Point>
      </Placemark>

      <Placemark>
        <name>Thebes (Boeotia)</name>
        <description><![CDATA[<strong>name</strong>: Thebes (Boeotia)<br><strong>region</strong>: Boiotia Bk9<br><strong>part of</strong>: Boiotia Bk9<br><strong>Wikidata</strong>: <a href="https://wikidata.org/wiki/Q11225429" target="_blank">https://wikidata.org/wiki/Q11225429</a><br><strong>type</strong>: polis<br><strong>passages</strong>: 1.25.4, 1.28.7, 1.29.3, 1.3.4, 1.34.1, 1.34.2, 1.34.4, 1.37.6, 1.39.2, 1.40.2, 1.41.1, 1.43.1, 1.44.4, 1.44.5, 10.10.3, 10.17.4, 10.20.1, 10.29.7, 10.35.5, 10.7.6, 2.19.8, 2.20.5, 2.36.8, 2.6.1, 2.6.2, 2.6.3, 2.6.4, 2.7.6, 3.5.3, 3.5.4, 3.9.11, 3.9.3, 3.9.8, 4.17.5, 4.27.10, 4.32.5, 4.7.8, 4.8.8, 5.3.1, 7.10.2, 7.14.6, 7.15.9, 7.17.2, 7.3.1, 7.6.9, 8.11.6, 8.14.2, 8.15.6, 8.24.10, 8.25.4, 8.25.8, 8.33.2, 9.1.6, 9.1.8, 9.10.1, 9.10.4, 9.11.6, 9.12.2, 9.13.1, 9.14.7, 9.17.4, 9.17.5, 9.18.1, 9.18.2, 9.18.3, 9.18.5, 9.19.2, 9.19.3, 9.19.4, 9.22.3, 9.23.4, 9.23.5, 9.25.10, 9.25.7, 9.25.9, 9.29.9, 9.3.6, 9.32.5, 9.33.1, 9.37.2, 9.4.4, 9.40.3, 9.5.1, 9.5.12, 9.5.13, 9.5.14, 9.5.2, 9.5.6, 9.5.7, 9.6.2, 9.6.3, 9.6.5, 9.7.1, 9.7.2, 9.7.6, 9.8.1, 9.8.3, 9.8.7, 9.9.4<br><strong>Pleiades</strong>: <a href="https://pleiades.stoa.org/places/541138" target="_blank">https://pleiades.stoa.org/places/541138</a><br><strong>ToposText</strong>: <a href="https://topostext.org/place/383233PThe" target="_blank">https://topostext.org/place/383233PThe</a>]]></description>
        <Point><coordinates>23.3178,38.3191</coordinates></Point>
      </Placemark>

      <Placemark>
        <name>Thebes (Boeotia)</name>
        <description><![CDATA[<strong>name</strong>: Thebes (Boeotia)<br><strong>region</strong>: Boiotia Bk9<br><strong>part of</strong>: Boiotia Bk9<br><strong>Wikidata</strong>: <a href="https://wikidata.org/wiki/Q11225429" target="_blank">https://wikidata.org/wiki/Q11225429</a><br><strong>type</strong>: polis<br><strong>passages</strong>: 1.25.4, 1.28.7, 1.29.3, 1.3.4, 1.34.1, 1.34.2, 1.34.4, 1.37.6, 1.39.2, 1.40.2, 1.41.1, 1.43.1, 1.44.4, 1.44.5, 10.10.3, 10.17.4, 10.20.1, 10.29.7, 10.35.5, 10.7.6, 2.19.8, 2.20.5, 2.36.8, 2.6.1, 2.6.2, 2.6.3, 2.6.4, 2.7.6, 3.5.3, 3.5.4, 3.9.11, 3.9.3, 3.9.8, 4.17.5, 4.27.10, 4.32.5, 4.7.8, 4.8.8, 5.3.1, 7.10.2, 7.14.6, 7.15.9, 7.17.2, 7.3.1, 7.6.9, 8.11.6, 8.14.2, 8.15.6, 8.24.10, 8.25.4, 8.25.8, 8.33.2, 9.1.6, 9.1.8, 9.10.1, 9.10.4, 9.11.6, 9.12.2, 9.13.1, 9.14.7, 9.17.4, 9.17.5, 9.18.1, 9.18.2, 9.18.3, 9.18.5, 9.19.2, 9.19.3, 9.19.4, 9.22.3, 9.23.4, 9.23.5, 9.25.10, 9.25.7, 9.25.9, 9.29.9, 9.3.6, 9.32.5, 9.33.1, 9.37.2, 9.4.4, 9.40.3, 9.5.1, 9.5.12, 9.5.13, 9.5.14, 9.5.2, 9.5.6, 9.5.7, 9.6.2, 9.6.3, 9.6.5, 9.7.1, 9.7.2, 9.7.6, 9.8.1, 9.8.3, 9.8.7, 9.9.4<br><strong>Pleiades</strong>: <a href="https://pleiades.stoa.org/places/541138" target="_blank">https://pleiades.stoa.org/places/541138</a><br><strong>ToposText</strong>: <a href="https://topostext.org/place/383233PThe" target="_blank">https://topostext.org/place/383233PThe</a>]]></description>
        <Point><coordinates>23.3178,38.3191</coordinates></Point>
      </Placemark>

      <Placemark>
        <name>Thebes (Boeotia)</name>
        <description><![CDATA[<strong>name</strong>: Thebes (Boeotia)<br><strong>region</strong>: Boiotia Bk9<br><strong>part of</strong>: Boiotia Bk9<br><strong>Wikidata</strong>: <a href="https://wikidata.org/wiki/Q11225429" target="_blank">https://wikidata.org/wiki/Q11225429</a><br><strong>type</strong>: polis<br><strong>passages</strong>: 1.25.4, 1.28.7, 1.29.3, 1.3.4, 1.34.1, 1.34.2, 1.34.4, 1.37.6, 1.39.2, 1.40.2, 1.41.1, 1.43.1, 1.44.4, 1.44.5, 10.10.3, 10.17.4, 10.20.1, 10.29.7, 10.35.5, 10.7.6, 2.19.8, 2.20.5, 2.36.8, 2.6.1, 2.6.2, 2.6.3, 2.6.4, 2.7.6, 3.5.3, 3.5.4, 3.9.11, 3.9.3, 3.9.8, 4.17.5, 4.27.10, 4.32.5, 4.7.8, 4.8.8, 5.3.1, 7.10.2, 7.14.6, 7.15.9, 7.17.2, 7.3.1, 7.6.9, 8.11.6, 8.14.2, 8.15.6, 8.24.10, 8.25.4, 8.25.8, 8.33.2, 9.1.6, 9.1.8, 9.10.1, 9.10.4, 9.11.6, 9.12.2, 9.13.1, 9.14.7, 9.17.4, 9.17.5, 9.18.1, 9.18.2, 9.18.3, 9.18.5, 9.19.2, 9.19.3, 9.19.4, 9.22.3, 9.23.4, 9.23.5, 9.25.10, 9.25.7, 9.25.9, 9.29.9, 9.3.6, 9.32.5, 9.33.1, 9.37.2, 9.4.4, 9.40.3, 9.5.1, 9.5.12, 9.5.13, 9.5.14, 9.5.2, 9.5.6, 9.5.7, 9.6.2, 9.6.3, 9.6.5, 9.7.1, 9.7.2, 9.7.6, 9.8.1, 9.8.3, 9.8.7, 9.9.4<br><strong>Pleiades</strong>: <a href="https://pleiades.stoa.org/places/541138" target="_blank">https://pleiades.stoa.org/places/541138</a><br><strong>ToposText</strong>: <a href="https://topostext.org/place/383233PThe" target="_blank">https://topostext.org/place/383233PThe</a>]]></description>
        <Point><coordinates>23.3178,38.3191</coordinates></Point>
      </Placemark>

      <Placemark>
        <name>Thebes (Boeotia)</name>
        <description><![CDATA[<strong>name</strong>: Thebes (Boeotia)<br><strong>region</strong>: Boiotia Bk9<br><strong>part of</strong>: Boiotia Bk9<br><strong>Wikidata</strong>: <a href="https://wikidata.org/wiki/Q11225429" target="_blank">https://wikidata.org/wiki/Q11225429</a><br><strong>type</strong>: polis<br><strong>passages</strong>: 1.25.4, 1.28.7, 1.29.3, 1.3.4, 1.34.1, 1.34.2, 1.34.4, 1.37.6, 1.39.2, 1.40.2, 1.41.1, 1.43.1, 1.44.4, 1.44.5, 10.10.3, 10.17.4, 10.20.1, 10.29.7, 10.35.5, 10.7.6, 2.19.8, 2.20.5, 2.36.8, 2.6.1, 2.6.2, 2.6.3, 2.6.4, 2.7.6, 3.5.3, 3.5.4, 3.9.11, 3.9.3, 3.9.8, 4.17.5, 4.27.10, 4.32.5, 4.7.8, 4.8.8, 5.3.1, 7.10.2, 7.14.6, 7.15.9, 7.17.2, 7.3.1, 7.6.9, 8.11.6, 8.14.2, 8.15.6, 8.24.10, 8.25.4, 8.25.8, 8.33.2, 9.1.6, 9.1.8, 9.10.1, 9.10.4, 9.11.6, 9.12.2, 9.13.1, 9.14.7, 9.17.4, 9.17.5, 9.18.1, 9.18.2, 9.18.3, 9.18.5, 9.19.2, 9.19.3, 9.19.4, 9.22.3, 9.23.4, 9.23.5, 9.25.10, 9.25.7, 9.25.9, 9.29.9, 9.3.6, 9.32.5, 9.33.1, 9.37.2, 9.4.4, 9.40.3, 9.5.1, 9.5.12, 9.5.13, 9.5.14, 9.5.2, 9.5.6, 9.5.7, 9.6.2, 9.6.3, 9.6.5, 9.7.1, 9.7.2, 9.7.6, 9.8.1, 9.8.3, 9.8.7, 9.9.4<br><strong>Pleiades</strong>: <a href="https://pleiades.stoa.org/places/541138" target="_blank">https://pleiades.stoa.org/places/541138</a><br><strong>ToposText</strong>: <a href="https://topostext.org/place/383233PThe" target="_blank">https://topostext.org/place/383233PThe</a>]]></description>
        <Point><coordinates>23.3178,38.3191</coordinates></Point>
      </Placemark>

      <Placemark>
        <name>Thebes (Boeotia)</name>
        <description><![CDATA[<strong>name</strong>: Thebes (Boeotia)<br><strong>region</strong>: Boiotia Bk9<br><strong>part of</strong>: Boiotia Bk9<br><strong>Wikidata</strong>: <a href="https://wikidata.org/wiki/Q11225429" target="_blank">https://wikidata.org/wiki/Q11225429</a><br><strong>type</strong>: polis<br><strong>passages</strong>: 1.25.4, 1.28.7, 1.29.3, 1.3.4, 1.34.1, 1.34.2, 1.34.4, 1.37.6, 1.39.2, 1.40.2, 1.41.1, 1.43.1, 1.44.4, 1.44.5, 10.10.3, 10.17.4, 10.20.1, 10.29.7, 10.35.5, 10.7.6, 2.19.8, 2.20.5, 2.36.8, 2.6.1, 2.6.2, 2.6.3, 2.6.4, 2.7.6, 3.5.3, 3.5.4, 3.9.11, 3.9.3, 3.9.8, 4.17.5, 4.27.10, 4.32.5, 4.7.8, 4.8.8, 5.3.1, 7.10.2, 7.14.6, 7.15.9, 7.17.2, 7.3.1, 7.6.9, 8.11.6, 8.14.2, 8.15.6, 8.24.10, 8.25.4, 8.25.8, 8.33.2, 9.1.6, 9.1.8, 9.10.1, 9.10.4, 9.11.6, 9.12.2, 9.13.1, 9.14.7, 9.17.4, 9.17.5, 9.18.1, 9.18.2, 9.18.3, 9.18.5, 9.19.2, 9.19.3, 9.19.4, 9.22.3, 9.23.4, 9.23.5, 9.25.10, 9.25.7, 9.25.9, 9.29.9, 9.3.6, 9.32.5, 9.33.1, 9.37.2, 9.4.4, 9.40.3, 9.5.1, 9.5.12, 9.5.13, 9.5.14, 9.5.2, 9.5.6, 9.5.7, 9.6.2, 9.6.3, 9.6.5, 9.7.1, 9.7.2, 9.7.6, 9.8.1, 9.8.3, 9.8.7, 9.9.4<br><strong>Pleiades</strong>: <a href="https://pleiades.stoa.org/places/541138" target="_blank">https://pleiades.stoa.org/places/541138</a><br><strong>ToposText</strong>: <a href="https://topostext.org/place/383233PThe" target="_blank">https://topostext.org/place/383233PThe</a>]]></description>
        <Point><coordinates>23.3178,38.3191</coordinates></Point>
      </Placemark>

      <Placemark>
        <name>Thebes (Boeotia)</name>
        <description><![CDATA[<strong>name</strong>: Thebes (Boeotia)<br><strong>region</strong>: Boiotia Bk9<br><strong>part of</strong>: Boiotia Bk9<br><strong>Wikidata</strong>: <a href="https://wikidata.org/wiki/Q11225429" target="_blank">https://wikidata.org/wiki/Q11225429</a><br><strong>type</strong>: polis<br><strong>passages</strong>: 1.25.4, 1.28.7, 1.29.3, 1.3.4, 1.34.1, 1.34.2, 1.34.4, 1.37.6, 1.39.2, 1.40.2, 1.41.1, 1.43.1, 1.44.4, 1.44.5, 10.10.3, 10.17.4, 10.20.1, 10.29.7, 10.35.5, 10.7.6, 2.19.8, 2.20.5, 2.36.8, 2.6.1, 2.6.2, 2.6.3, 2.6.4, 2.7.6, 3.5.3, 3.5.4, 3.9.11, 3.9.3, 3.9.8, 4.17.5, 4.27.10, 4.32.5, 4.7.8, 4.8.8, 5.3.1, 7.10.2, 7.14.6, 7.15.9, 7.17.2, 7.3.1, 7.6.9, 8.11.6, 8.14.2, 8.15.6, 8.24.10, 8.25.4, 8.25.8, 8.33.2, 9.1.6, 9.1.8, 9.10.1, 9.10.4, 9.11.6, 9.12.2, 9.13.1, 9.14.7, 9.17.4, 9.17.5, 9.18.1, 9.18.2, 9.18.3, 9.18.5, 9.19.2, 9.19.3, 9.19.4, 9.22.3, 9.23.4, 9.23.5, 9.25.10, 9.25.7, 9.25.9, 9.29.9, 9.3.6, 9.32.5, 9.33.1, 9.37.2, 9.4.4, 9.40.3, 9.5.1, 9.5.12, 9.5.13, 9.5.14, 9.5.2, 9.5.6, 9.5.7, 9.6.2, 9.6.3, 9.6.5, 9.7.1, 9.7.2, 9.7.6, 9.8.1, 9.8.3, 9.8.7, 9.9.4<br><strong>Pleiades</strong>: <a href="https://pleiades.stoa.org/places/541138" target="_blank">https://pleiades.stoa.org/places/541138</a><br><strong>ToposText</strong>: <a href="https://topostext.org/place/383233PThe" target="_blank">https://topostext.org/place/383233PThe</a>]]></description>
        <Point><coordinates>23.3178,38.3191</coordinates></Point>
      </Placemark>

      <Placemark>
        <name>Thebes (Boeotia)</name>
        <description><![CDATA[<strong>name</strong>: Thebes (Boeotia)<br><strong>region</strong>: Boiotia Bk9<br><strong>part of</strong>: Boiotia Bk9<br><strong>Wikidata</strong>: <a href="https://wikidata.org/wiki/Q11225429" target="_blank">https://wikidata.org/wiki/Q11225429</a><br><strong>type</strong>: polis<br><strong>passages</strong>: 1.25.4, 1.28.7, 1.29.3, 1.3.4, 1.34.1, 1.34.2, 1.34.4, 1.37.6, 1.39.2, 1.40.2, 1.41.1, 1.43.1, 1.44.4, 1.44.5, 10.10.3, 10.17.4, 10.20.1, 10.29.7, 10.35.5, 10.7.6, 2.19.8, 2.20.5, 2.36.8, 2.6.1, 2.6.2, 2.6.3, 2.6.4, 2.7.6, 3.5.3, 3.5.4, 3.9.11, 3.9.3, 3.9.8, 4.17.5, 4.27.10, 4.32.5, 4.7.8, 4.8.8, 5.3.1, 7.10.2, 7.14.6, 7.15.9, 7.17.2, 7.3.1, 7.6.9, 8.11.6, 8.14.2, 8.15.6, 8.24.10, 8.25.4, 8.25.8, 8.33.2, 9.1.6, 9.1.8, 9.10.1, 9.10.4, 9.11.6, 9.12.2, 9.13.1, 9.14.7, 9.17.4, 9.17.5, 9.18.1, 9.18.2, 9.18.3, 9.18.5, 9.19.2, 9.19.3, 9.19.4, 9.22.3, 9.23.4, 9.23.5, 9.25.10, 9.25.7, 9.25.9, 9.29.9, 9.3.6, 9.32.5, 9.33.1, 9.37.2, 9.4.4, 9.40.3, 9.5.1, 9.5.12, 9.5.13, 9.5.14, 9.5.2, 9.5.6, 9.5.7, 9.6.2, 9.6.3, 9.6.5, 9.7.1, 9.7.2, 9.7.6, 9.8.1, 9.8.3, 9.8.7, 9.9.4<br><strong>Pleiades</strong>: <a href="https://pleiades.stoa.org/places/541138" target="_blank">https://pleiades.stoa.org/places/541138</a><br><strong>ToposText</strong>: <a href="https://topostext.org/place/383233PThe" target="_blank">https://topostext.org/place/383233PThe</a>]]></description>
        <Point><coordinates>23.3178,38.3191</coordinates></Point>
      </Placemark>

      <Placemark>
        <name>Temple to all the gods at Orneae</name>
        <description><![CDATA[<strong>name</strong>: Temple to all the gods at Orneae<br><strong>region</strong>: Argolid Bk2<br><strong>part of</strong>: Orneai (Argolid)<br><strong>location</strong>: Orneai (Argolid)<br><strong>type</strong>: temple<br><strong>passages</strong>: 2.25.6]]></description>
        <Point><coordinates>22.55716,37.71428</coordinates></Point>
      </Placemark>

      <Placemark>
        <name>Iolkos</name>
        <description><![CDATA[<strong>name</strong>: Iolkos<br><strong>region</strong>: Hellas (Europe)<br><strong>part of</strong>: Magnesia region (Magnesia)<br><strong>Wikidata</strong>: <a href="https://wikidata.org/wiki/Q662613" target="_blank">https://wikidata.org/wiki/Q662613</a><br><strong>type</strong>: settlement<br><strong>passages</strong>: 2.3.10, 2.3.11, 2.3.9, 4.2.5, 4.3.6, 4.36.1, 8.11.2<br><strong>Pleiades</strong>: <a href="https://pleiades.stoa.org/places/540837" target="_blank">https://pleiades.stoa.org/places/540837</a>]]></description>
        <Point><coordinates>22.96886,39.366305</coordinates></Point>
      </Placemark>

      <Placemark>
        <name>Iolkos</name>
        <description><![CDATA[<strong>name</strong>: Iolkos<br><strong>region</strong>: Hellas (Europe)<br><strong>part of</strong>: Magnesia region (Magnesia)<br><strong>Wikidata</strong>: <a href="https://wikidata.org/wiki/Q662613" target="_blank">https://wikidata.org/wiki/Q662613</a><br><strong>type</strong>: settlement<br><strong>passages</strong>: 2.3.10, 2.3.11, 2.3.9, 4.2.5, 4.3.6, 4.36.1, 8.11.2<br><strong>Pleiades</strong>: <a href="https://pleiades.stoa.org/places/540837" target="_blank">https://pleiades.stoa.org/places/540837</a>]]></description>
        <Point><coordinates>22.96886,39.366305</coordinates></Point>
      </Placemark>

      <Placemark>
        <name>Iolkos</name>
        <description><![CDATA[<strong>name</strong>: Iolkos<br><strong>region</strong>: Hellas (Europe)<br><strong>part of</strong>: Magnesia region (Magnesia)<br><strong>Wikidata</strong>: <a href="https://wikidata.org/wiki/Q662613" target="_blank">https://wikidata.org/wiki/Q662613</a><br><strong>type</strong>: settlement<br><strong>passages</strong>: 2.3.10, 2.3.11, 2.3.9, 4.2.5, 4.3.6, 4.36.1, 8.11.2<br><strong>Pleiades</strong>: <a href="https://pleiades.stoa.org/places/540837" target="_blank">https://pleiades.stoa.org/places/540837</a>]]></description>
        <Point><coordinates>22.96886,39.366305</coordinates></Point>
      </Placemark>

      <Placemark>
        <name>Altar to the winds at Titane</name>
        <description><![CDATA[<strong>name</strong>: Altar to the winds at Titane<br><strong>region</strong>: Corinthia Bk2<br><strong>part of</strong>: Titane<br><strong>location</strong>: Titane<br><strong>type</strong>: altar<br><strong>passages</strong>: 2.12.1]]></description>
        <Point><coordinates>22.62501,37.92049</coordinates></Point>
      </Placemark>

      <Placemark>
        <name>Asine (Argolid)</name>
        <description><![CDATA[<strong>name</strong>: Asine (Argolid)<br><strong>region</strong>: Argolid Bk2<br><strong>part of</strong>: Argolid Bk2<br><strong>Wikidata</strong>: <a href="https://wikidata.org/wiki/Q1154474" target="_blank">https://wikidata.org/wiki/Q1154474</a><br><strong>type</strong>: polis<br><strong>passages</strong>: 2.36.4, 2.36.5, 4.34.10, 4.34.12, 4.34.9<br><strong>Pleiades</strong>: <a href="https://pleiades.stoa.org/places/570124" target="_blank">https://pleiades.stoa.org/places/570124</a><br><strong>ToposText</strong>: <a href="https://topostext.org/place/375229PAsi" target="_blank">https://topostext.org/place/375229PAsi</a>]]></description>
        <Point><coordinates>22.8745,37.528</coordinates></Point>
      </Placemark>

      <Placemark>
        <name>Asine (Argolid)</name>
        <description><![CDATA[<strong>name</strong>: Asine (Argolid)<br><strong>region</strong>: Argolid Bk2<br><strong>part of</strong>: Argolid Bk2<br><strong>Wikidata</strong>: <a href="https://wikidata.org/wiki/Q1154474" target="_blank">https://wikidata.org/wiki/Q1154474</a><br><strong>type</strong>: polis<br><strong>passages</strong>: 2.36.4, 2.36.5, 4.34.10, 4.34.12, 4.34.9<br><strong>Pleiades</strong>: <a href="https://pleiades.stoa.org/places/570124" target="_blank">https://pleiades.stoa.org/places/570124</a><br><strong>ToposText</strong>: <a href="https://topostext.org/place/375229PAsi" target="_blank">https://topostext.org/place/375229PAsi</a>]]></description>
        <Point><coordinates>22.8745,37.528</coordinates></Point>
      </Placemark>

      <Placemark>
        <name>Lion Gate at Mycenae</name>
        <description><![CDATA[<strong>name</strong>: Lion Gate at Mycenae<br><strong>region</strong>: Argolid Bk2<br><strong>part of</strong>: Mycenae<br><strong>Wikidata</strong>: <a href="https://wikidata.org/wiki/Q1450403" target="_blank">https://wikidata.org/wiki/Q1450403</a><br><strong>type</strong>: gate<br><strong>passages</strong>: 2.16.5<br><strong>Pleiades</strong>: <a href="https://pleiades.stoa.org/places/448885234" target="_blank">https://pleiades.stoa.org/places/448885234</a>]]></description>
        <Point><coordinates>22.756167,37.730833</coordinates></Point>
      </Placemark>

      <Placemark>
        <name>shore just below Crommyon</name>
        <description><![CDATA[<strong>name</strong>: shore just below Crommyon<br><strong>region</strong>: Corinthia Bk2<br><strong>part of</strong>: Krommyon<br><strong>location</strong>: Krommyon<br><strong>type</strong>: coast<br><strong>passages</strong>: 2.1.3]]></description>
        <Point><coordinates>23.14146,37.92753</coordinates></Point>
      </Placemark>

      <Placemark>
        <name>Altar of Helios Eleutherios at Troizen, not far from the temple of Artemis Lykeia</name>
        <description><![CDATA[<strong>name</strong>: Altar of Helios Eleutherios at Troizen, not far from the temple of Artemis Lykeia<br><strong>region</strong>: Troizenia Bk2<br><strong>part of</strong>: Troizen (Troizenia)<br><strong>location</strong>: Troizen (Troizenia)<br><strong>type</strong>: altar<br><strong>passages</strong>: 2.31.5]]></description>
        <Point><coordinates>23.3484,37.5033</coordinates></Point>
      </Placemark>

      <Placemark>
        <name>Maeander (river)</name>
        <description><![CDATA[<strong>name</strong>: Maeander (river)<br><strong>region</strong>: Asia Minor (Asia)<br><strong>part of</strong>: Ionia (region)<br><strong>Wikidata</strong>: <a href="https://wikidata.org/wiki/Q211089" target="_blank">https://wikidata.org/wiki/Q211089</a><br><strong>type</strong>: river<br><strong>passages</strong>: 1.29.7, 10.32.13, 2.5.3, 2.7.9, 4.34.1, 4.34.2, 5.14.3, 7.2.11, 8.24.11, 8.41.3, 8.7.3<br><strong>Pleiades</strong>: <a href="https://pleiades.stoa.org/places/599777" target="_blank">https://pleiades.stoa.org/places/599777</a>]]></description>
        <Point><coordinates>27.4713446,37.6220196</coordinates></Point>
      </Placemark>

      <Placemark>
        <name>Maeander (river)</name>
        <description><![CDATA[<strong>name</strong>: Maeander (river)<br><strong>region</strong>: Asia Minor (Asia)<br><strong>part of</strong>: Ionia (region)<br><strong>Wikidata</strong>: <a href="https://wikidata.org/wiki/Q211089" target="_blank">https://wikidata.org/wiki/Q211089</a><br><strong>type</strong>: river<br><strong>passages</strong>: 1.29.7, 10.32.13, 2.5.3, 2.7.9, 4.34.1, 4.34.2, 5.14.3, 7.2.11, 8.24.11, 8.41.3, 8.7.3<br><strong>Pleiades</strong>: <a href="https://pleiades.stoa.org/places/599777" target="_blank">https://pleiades.stoa.org/places/599777</a>]]></description>
        <Point><coordinates>27.4713446,37.6220196</coordinates></Point>
      </Placemark>

      <Placemark>
        <name>Memorial columns in Argos, near Artemis xoanon</name>
        <description><![CDATA[<strong>name</strong>: Memorial columns in Argos, near Artemis xoanon<br><strong>region</strong>: Argolid Bk2<br><strong>part of</strong>: Argos (Argolid)<br><strong>location</strong>: Argos (Argolid)<br><strong>type</strong>: column<br><strong>passages</strong>: 2.19.7]]></description>
        <Point><coordinates>22.7195,37.6316</coordinates></Point>
      </Placemark>

      <Placemark>
        <name>Kalydonia</name>
        <description><![CDATA[<strong>name</strong>: Kalydonia<br><strong>region</strong>: Aitolia region<br><strong>part of</strong>: Aitolia region<br><strong>altname</strong>: territory of Kalydon, Calydonia<br><strong>type</strong>: chora/region<br><strong>passages</strong>: 2.25.2]]></description>
        <Point><coordinates>21.533,38.372</coordinates></Point>
      </Placemark>

      <Placemark>
        <name>Rough stone on tomb of Phokos in Aigina</name>
        <description><![CDATA[<strong>name</strong>: Rough stone on tomb of Phokos in Aigina<br><strong>region</strong>: Aigina island Bk2<br><strong>part of</strong>: Aigina polity<br><strong>location</strong>: Aigina polity<br><strong>type</strong>: rock<br><strong>passages</strong>: 2.29.9]]></description>
        <Point><coordinates>23.42372,37.74991</coordinates></Point>
      </Placemark>

      <Placemark>
        <name>Tent of Orestes at Troizen, building in front of the Apollo sanctuary</name>
        <description><![CDATA[<strong>name</strong>: Tent of Orestes at Troizen, building in front of the Apollo sanctuary<br><strong>region</strong>: Troizenia Bk2<br><strong>part of</strong>: Troizen (Troizenia)<br><strong>location</strong>: Troizen (Troizenia)<br><strong>type</strong>: building<br><strong>passages</strong>: 2.31.8]]></description>
        <Point><coordinates>23.3484,37.5033</coordinates></Point>
      </Placemark>

      <Placemark>
        <name>Lakonia Bk3</name>
        <description><![CDATA[<strong>name</strong>: Lakonia Bk3<br><strong>region</strong>: <br><strong>part of</strong>: Peloponnesos<br><strong>altname</strong>: Laconia Lacedaemonia<br><strong>Wikidata</strong>: <a href="https://wikidata.org/wiki/Q11931074" target="_blank">https://wikidata.org/wiki/Q11931074</a><br><strong>type</strong>: chora/region<br><strong>passages</strong>: 1.11.2, 1.13.4, 1.13.5, 1.13.6, 1.13.7, 1.18.4, 1.28.4, 1.38.4, 10.13.10, 10.2.2, 10.38.10, 10.9.5, 10.9.9, 2.18.8, 2.22.6, 2.3.5, 2.9.2, 3.1.1, 3.1.3, 3.1.5, 3.11.1, 3.12.9, 3.14.9, 3.16.9, 3.18.3, 3.20.10, 3.20.11, 3.20.3, 3.21.3, 3.21.6, 3.22.6, 3.23.11, 3.23.6, 3.24.1, 3.24.6, 3.3.3, 3.4.1, 3.7.10, 3.7.11, 3.7.7, 3.8.1, 3.9.10, 4.1.1, 4.10.7, 4.16.8, 4.17.1, 4.18.1, 4.18.2, 4.20.5, 4.23.5, 4.27.1, 4.28.2, 4.28.5, 4.30.2, 4.4.6, 4.4.7, 4.5.9, 4.7.2, 5.17.1, 5.9.1, 7.1.5, 7.1.6, 7.1.7, 7.10.3, 7.11.8, 7.12.7, 7.13.3, 7.13.7, 7.18.5, 7.20.8, 7.25.3, 7.6.2, 7.6.3, 7.8.4, 7.9.1, 8.11.5, 8.12.6, 8.12.8, 8.35.3, 8.5.13, 8.5.7, 8.50.2, 8.50.5, 8.51.1, 8.53.11, 9.13.5, 9.14.1, 9.14.6<br><strong>Pleiades</strong>: <a href="https://pleiades.stoa.org/places/570406" target="_blank">https://pleiades.stoa.org/places/570406</a><br><strong>ToposText</strong>: <a href="https://topostext.org/place/370225RLak" target="_blank">https://topostext.org/place/370225RLak</a>]]></description>
        <Point><coordinates>22.5,37.001</coordinates></Point>
      </Placemark>

      <Placemark>
        <name>Lakonia Bk3</name>
        <description><![CDATA[<strong>name</strong>: Lakonia Bk3<br><strong>region</strong>: <br><strong>part of</strong>: Peloponnesos<br><strong>altname</strong>: Laconia Lacedaemonia<br><strong>Wikidata</strong>: <a href="https://wikidata.org/wiki/Q11931074" target="_blank">https://wikidata.org/wiki/Q11931074</a><br><strong>type</strong>: chora/region<br><strong>passages</strong>: 1.11.2, 1.13.4, 1.13.5, 1.13.6, 1.13.7, 1.18.4, 1.28.4, 1.38.4, 10.13.10, 10.2.2, 10.38.10, 10.9.5, 10.9.9, 2.18.8, 2.22.6, 2.3.5, 2.9.2, 3.1.1, 3.1.3, 3.1.5, 3.11.1, 3.12.9, 3.14.9, 3.16.9, 3.18.3, 3.20.10, 3.20.11, 3.20.3, 3.21.3, 3.21.6, 3.22.6, 3.23.11, 3.23.6, 3.24.1, 3.24.6, 3.3.3, 3.4.1, 3.7.10, 3.7.11, 3.7.7, 3.8.1, 3.9.10, 4.1.1, 4.10.7, 4.16.8, 4.17.1, 4.18.1, 4.18.2, 4.20.5, 4.23.5, 4.27.1, 4.28.2, 4.28.5, 4.30.2, 4.4.6, 4.4.7, 4.5.9, 4.7.2, 5.17.1, 5.9.1, 7.1.5, 7.1.6, 7.1.7, 7.10.3, 7.11.8, 7.12.7, 7.13.3, 7.13.7, 7.18.5, 7.20.8, 7.25.3, 7.6.2, 7.6.3, 7.8.4, 7.9.1, 8.11.5, 8.12.6, 8.12.8, 8.35.3, 8.5.13, 8.5.7, 8.50.2, 8.50.5, 8.51.1, 8.53.11, 9.13.5, 9.14.1, 9.14.6<br><strong>Pleiades</strong>: <a href="https://pleiades.stoa.org/places/570406" target="_blank">https://pleiades.stoa.org/places/570406</a><br><strong>ToposText</strong>: <a href="https://topostext.org/place/370225RLak" target="_blank">https://topostext.org/place/370225RLak</a>]]></description>
        <Point><coordinates>22.5,37.001</coordinates></Point>
      </Placemark>

      <Placemark>
        <name>Lakonia Bk3</name>
        <description><![CDATA[<strong>name</strong>: Lakonia Bk3<br><strong>region</strong>: <br><strong>part of</strong>: Peloponnesos<br><strong>altname</strong>: Laconia Lacedaemonia<br><strong>Wikidata</strong>: <a href="https://wikidata.org/wiki/Q11931074" target="_blank">https://wikidata.org/wiki/Q11931074</a><br><strong>type</strong>: chora/region<br><strong>passages</strong>: 1.11.2, 1.13.4, 1.13.5, 1.13.6, 1.13.7, 1.18.4, 1.28.4, 1.38.4, 10.13.10, 10.2.2, 10.38.10, 10.9.5, 10.9.9, 2.18.8, 2.22.6, 2.3.5, 2.9.2, 3.1.1, 3.1.3, 3.1.5, 3.11.1, 3.12.9, 3.14.9, 3.16.9, 3.18.3, 3.20.10, 3.20.11, 3.20.3, 3.21.3, 3.21.6, 3.22.6, 3.23.11, 3.23.6, 3.24.1, 3.24.6, 3.3.3, 3.4.1, 3.7.10, 3.7.11, 3.7.7, 3.8.1, 3.9.10, 4.1.1, 4.10.7, 4.16.8, 4.17.1, 4.18.1, 4.18.2, 4.20.5, 4.23.5, 4.27.1, 4.28.2, 4.28.5, 4.30.2, 4.4.6, 4.4.7, 4.5.9, 4.7.2, 5.17.1, 5.9.1, 7.1.5, 7.1.6, 7.1.7, 7.10.3, 7.11.8, 7.12.7, 7.13.3, 7.13.7, 7.18.5, 7.20.8, 7.25.3, 7.6.2, 7.6.3, 7.8.4, 7.9.1, 8.11.5, 8.12.6, 8.12.8, 8.35.3, 8.5.13, 8.5.7, 8.50.2, 8.50.5, 8.51.1, 8.53.11, 9.13.5, 9.14.1, 9.14.6<br><strong>Pleiades</strong>: <a href="https://pleiades.stoa.org/places/570406" target="_blank">https://pleiades.stoa.org/places/570406</a><br><strong>ToposText</strong>: <a href="https://topostext.org/place/370225RLak" target="_blank">https://topostext.org/place/370225RLak</a>]]></description>
        <Point><coordinates>22.5,37.001</coordinates></Point>
      </Placemark>

      <Placemark>
        <name>Lakonia Bk3</name>
        <description><![CDATA[<strong>name</strong>: Lakonia Bk3<br><strong>region</strong>: <br><strong>part of</strong>: Peloponnesos<br><strong>altname</strong>: Laconia Lacedaemonia<br><strong>Wikidata</strong>: <a href="https://wikidata.org/wiki/Q11931074" target="_blank">https://wikidata.org/wiki/Q11931074</a><br><strong>type</strong>: chora/region<br><strong>passages</strong>: 1.11.2, 1.13.4, 1.13.5, 1.13.6, 1.13.7, 1.18.4, 1.28.4, 1.38.4, 10.13.10, 10.2.2, 10.38.10, 10.9.5, 10.9.9, 2.18.8, 2.22.6, 2.3.5, 2.9.2, 3.1.1, 3.1.3, 3.1.5, 3.11.1, 3.12.9, 3.14.9, 3.16.9, 3.18.3, 3.20.10, 3.20.11, 3.20.3, 3.21.3, 3.21.6, 3.22.6, 3.23.11, 3.23.6, 3.24.1, 3.24.6, 3.3.3, 3.4.1, 3.7.10, 3.7.11, 3.7.7, 3.8.1, 3.9.10, 4.1.1, 4.10.7, 4.16.8, 4.17.1, 4.18.1, 4.18.2, 4.20.5, 4.23.5, 4.27.1, 4.28.2, 4.28.5, 4.30.2, 4.4.6, 4.4.7, 4.5.9, 4.7.2, 5.17.1, 5.9.1, 7.1.5, 7.1.6, 7.1.7, 7.10.3, 7.11.8, 7.12.7, 7.13.3, 7.13.7, 7.18.5, 7.20.8, 7.25.3, 7.6.2, 7.6.3, 7.8.4, 7.9.1, 8.11.5, 8.12.6, 8.12.8, 8.35.3, 8.5.13, 8.5.7, 8.50.2, 8.50.5, 8.51.1, 8.53.11, 9.13.5, 9.14.1, 9.14.6<br><strong>Pleiades</strong>: <a href="https://pleiades.stoa.org/places/570406" target="_blank">https://pleiades.stoa.org/places/570406</a><br><strong>ToposText</strong>: <a href="https://topostext.org/place/370225RLak" target="_blank">https://topostext.org/place/370225RLak</a>]]></description>
        <Point><coordinates>22.5,37.001</coordinates></Point>
      </Placemark>
    </Document>
  </kml>