<?xml version="1.0" encoding="UTF-8"?>
  <kml xmlns="http://www.opengis.net/kml/2.2">
    <Document>
      <name>Book 3</name>
      
      <Placemark>
        <name>Temple of Isis at Boiai</name>
        <description><![CDATA[<strong>name</strong>: Temple of Isis at Boiai<br><strong>region</strong>: Lakonia Bk3<br><strong>part of</strong>: Boiai (Lakonia)<br><strong>location</strong>: Boiai (Lakonia)<br><strong>Wikidata</strong>: <a href="https://wikidata.org/wiki/Q124616517" target="_blank">https://wikidata.org/wiki/Q124616517</a><br><strong>type</strong>: temple<br><strong>passages</strong>: 3.22.13]]></description>
        <Point><coordinates>23.062,36.517</coordinates></Point>
      </Placemark>

      <Placemark>
        <name>Promontory with temple of Diktynne and Smenos river to left</name>
        <description><![CDATA[<strong>name</strong>: Promontory with temple of Diktynne and Smenos river to left<br><strong>region</strong>: Lakonia Bk3<br><strong>part of</strong>: Lakonia Bk3<br><strong>type</strong>: cape<br><strong>passages</strong>: 3.24.9]]></description>
        <Point><coordinates>22.527,36.696</coordinates></Point>
      </Placemark>

      <Placemark>
        <name>Temple of Dionysos at Brysiai</name>
        <description><![CDATA[<strong>name</strong>: Temple of Dionysos at Brysiai<br><strong>region</strong>: Lakonia Bk3<br><strong>part of</strong>: Bryseai (Lakonia)<br><strong>location</strong>: Bryseai (Lakonia)<br><strong>Wikidata</strong>: <a href="https://wikidata.org/wiki/Q124616513" target="_blank">https://wikidata.org/wiki/Q124616513</a><br><strong>type</strong>: temple<br><strong>passages</strong>: 3.20.3]]></description>
        <Point><coordinates>22.478,36.979</coordinates></Point>
      </Placemark>

      <Placemark>
        <name>Kalydon</name>
        <description><![CDATA[<strong>name</strong>: Kalydon<br><strong>region</strong>: Aitolia region<br><strong>part of</strong>: Kalydonia<br><strong>altname</strong>: Calydon<br><strong>Wikidata</strong>: <a href="https://wikidata.org/wiki/Q750313" target="_blank">https://wikidata.org/wiki/Q750313</a><br><strong>type</strong>: polis<br><strong>passages</strong>: 1.27.9, 2.25.2, 3.10.2, 5.1.3, 7.18.8, 7.18.9, 7.21.1, 7.21.10, 7.21.5, 8.4.10, 8.45.2<br><strong>Pleiades</strong>: <a href="https://pleiades.stoa.org/places/540699" target="_blank">https://pleiades.stoa.org/places/540699</a>]]></description>
        <Point><coordinates>21.5313,38.3714</coordinates></Point>
      </Placemark>

      <Placemark>
        <name>Skias of Sparta</name>
        <description><![CDATA[<strong>name</strong>: Skias of Sparta<br><strong>region</strong>: Lakonia Bk3<br><strong>part of</strong>: Sparta<br><strong>location</strong>: Sparta<br><strong>Wikidata</strong>: <a href="https://wikidata.org/wiki/Q107360820" target="_blank">https://wikidata.org/wiki/Q107360820</a><br><strong>type</strong>: building<br><strong>passages</strong>: 3.12.10, 3.12.11, 3.13.1]]></description>
        <Point><coordinates>22.4237,37.0821</coordinates></Point>
      </Placemark>

      <Placemark>
        <name>Skias of Sparta</name>
        <description><![CDATA[<strong>name</strong>: Skias of Sparta<br><strong>region</strong>: Lakonia Bk3<br><strong>part of</strong>: Sparta<br><strong>location</strong>: Sparta<br><strong>Wikidata</strong>: <a href="https://wikidata.org/wiki/Q107360820" target="_blank">https://wikidata.org/wiki/Q107360820</a><br><strong>type</strong>: building<br><strong>passages</strong>: 3.12.10, 3.12.11, 3.13.1]]></description>
        <Point><coordinates>22.4237,37.0821</coordinates></Point>
      </Placemark>

      <Placemark>
        <name>Skias of Sparta</name>
        <description><![CDATA[<strong>name</strong>: Skias of Sparta<br><strong>region</strong>: Lakonia Bk3<br><strong>part of</strong>: Sparta<br><strong>location</strong>: Sparta<br><strong>Wikidata</strong>: <a href="https://wikidata.org/wiki/Q107360820" target="_blank">https://wikidata.org/wiki/Q107360820</a><br><strong>type</strong>: building<br><strong>passages</strong>: 3.12.10, 3.12.11, 3.13.1]]></description>
        <Point><coordinates>22.4237,37.0821</coordinates></Point>
      </Placemark>

      <Placemark>
        <name>Ilium</name>
        <description><![CDATA[<strong>name</strong>: Ilium<br><strong>region</strong>: Asia Minor (Asia)<br><strong>part of</strong>: Troas<br><strong>altname</strong>: Troy, Troia, Ilion<br><strong>Wikidata</strong>: <a href="https://wikidata.org/wiki/Q22647" target="_blank">https://wikidata.org/wiki/Q22647</a><br><strong>type</strong>: settlement<br><strong>passages</strong>: 1.1.2, 1.11.1, 1.12.1, 1.12.5, 1.15.2, 1.23.4, 1.28.9, 1.35.1, 1.35.4, 1.37.3, 1.4.6, 1.43.1, 10.1.3, 10.12.2, 10.17.6, 10.25.8, 10.27.4, 10.30.8, 10.31.7, 10.33.2, 10.36.10, 10.38.5, 2.16.6, 2.17.3, 2.18.5, 2.20.6, 2.22.2, 2.23.1, 2.23.5, 2.24.2, 2.24.3, 2.25.5, 2.30.10, 2.32.2, 2.4.2, 3.12.6, 3.22.2, 3.24.11, 3.26.10, 3.4.7, 3.9.3, 5.13.4, 5.13.5, 5.17.10, 5.18.3, 5.22.4, 5.3.4, 5.4.7, 6.25.3, 7.19.6, 7.19.9, 7.24.2, 7.3.7, 7.6.3, 8.1.3, 8.10.10, 8.10.9, 8.12.6, 8.12.9, 8.15.6, 8.15.7, 8.23.4, 8.24.10, 8.28.4, 8.33.2, 8.44.4, 8.45.2, 8.46.2, 8.5.2, 8.5.3, 8.53.7, 8.6.1, 9.18.5, 9.37.7, 9.39.3, 9.4.3, 9.41.2, 9.5.14, 9.5.15<br><strong>Pleiades</strong>: <a href="https://pleiades.stoa.org/places/550595" target="_blank">https://pleiades.stoa.org/places/550595</a>]]></description>
        <Point><coordinates>26.23873,39.9577</coordinates></Point>
      </Placemark>

      <Placemark>
        <name>Ilium</name>
        <description><![CDATA[<strong>name</strong>: Ilium<br><strong>region</strong>: Asia Minor (Asia)<br><strong>part of</strong>: Troas<br><strong>altname</strong>: Troy, Troia, Ilion<br><strong>Wikidata</strong>: <a href="https://wikidata.org/wiki/Q22647" target="_blank">https://wikidata.org/wiki/Q22647</a><br><strong>type</strong>: settlement<br><strong>passages</strong>: 1.1.2, 1.11.1, 1.12.1, 1.12.5, 1.15.2, 1.23.4, 1.28.9, 1.35.1, 1.35.4, 1.37.3, 1.4.6, 1.43.1, 10.1.3, 10.12.2, 10.17.6, 10.25.8, 10.27.4, 10.30.8, 10.31.7, 10.33.2, 10.36.10, 10.38.5, 2.16.6, 2.17.3, 2.18.5, 2.20.6, 2.22.2, 2.23.1, 2.23.5, 2.24.2, 2.24.3, 2.25.5, 2.30.10, 2.32.2, 2.4.2, 3.12.6, 3.22.2, 3.24.11, 3.26.10, 3.4.7, 3.9.3, 5.13.4, 5.13.5, 5.17.10, 5.18.3, 5.22.4, 5.3.4, 5.4.7, 6.25.3, 7.19.6, 7.19.9, 7.24.2, 7.3.7, 7.6.3, 8.1.3, 8.10.10, 8.10.9, 8.12.6, 8.12.9, 8.15.6, 8.15.7, 8.23.4, 8.24.10, 8.28.4, 8.33.2, 8.44.4, 8.45.2, 8.46.2, 8.5.2, 8.5.3, 8.53.7, 8.6.1, 9.18.5, 9.37.7, 9.39.3, 9.4.3, 9.41.2, 9.5.14, 9.5.15<br><strong>Pleiades</strong>: <a href="https://pleiades.stoa.org/places/550595" target="_blank">https://pleiades.stoa.org/places/550595</a>]]></description>
        <Point><coordinates>26.23873,39.9577</coordinates></Point>
      </Placemark>

      <Placemark>
        <name>Ilium</name>
        <description><![CDATA[<strong>name</strong>: Ilium<br><strong>region</strong>: Asia Minor (Asia)<br><strong>part of</strong>: Troas<br><strong>altname</strong>: Troy, Troia, Ilion<br><strong>Wikidata</strong>: <a href="https://wikidata.org/wiki/Q22647" target="_blank">https://wikidata.org/wiki/Q22647</a><br><strong>type</strong>: settlement<br><strong>passages</strong>: 1.1.2, 1.11.1, 1.12.1, 1.12.5, 1.15.2, 1.23.4, 1.28.9, 1.35.1, 1.35.4, 1.37.3, 1.4.6, 1.43.1, 10.1.3, 10.12.2, 10.17.6, 10.25.8, 10.27.4, 10.30.8, 10.31.7, 10.33.2, 10.36.10, 10.38.5, 2.16.6, 2.17.3, 2.18.5, 2.20.6, 2.22.2, 2.23.1, 2.23.5, 2.24.2, 2.24.3, 2.25.5, 2.30.10, 2.32.2, 2.4.2, 3.12.6, 3.22.2, 3.24.11, 3.26.10, 3.4.7, 3.9.3, 5.13.4, 5.13.5, 5.17.10, 5.18.3, 5.22.4, 5.3.4, 5.4.7, 6.25.3, 7.19.6, 7.19.9, 7.24.2, 7.3.7, 7.6.3, 8.1.3, 8.10.10, 8.10.9, 8.12.6, 8.12.9, 8.15.6, 8.15.7, 8.23.4, 8.24.10, 8.28.4, 8.33.2, 8.44.4, 8.45.2, 8.46.2, 8.5.2, 8.5.3, 8.53.7, 8.6.1, 9.18.5, 9.37.7, 9.39.3, 9.4.3, 9.41.2, 9.5.14, 9.5.15<br><strong>Pleiades</strong>: <a href="https://pleiades.stoa.org/places/550595" target="_blank">https://pleiades.stoa.org/places/550595</a>]]></description>
        <Point><coordinates>26.23873,39.9577</coordinates></Point>
      </Placemark>

      <Placemark>
        <name>Ilium</name>
        <description><![CDATA[<strong>name</strong>: Ilium<br><strong>region</strong>: Asia Minor (Asia)<br><strong>part of</strong>: Troas<br><strong>altname</strong>: Troy, Troia, Ilion<br><strong>Wikidata</strong>: <a href="https://wikidata.org/wiki/Q22647" target="_blank">https://wikidata.org/wiki/Q22647</a><br><strong>type</strong>: settlement<br><strong>passages</strong>: 1.1.2, 1.11.1, 1.12.1, 1.12.5, 1.15.2, 1.23.4, 1.28.9, 1.35.1, 1.35.4, 1.37.3, 1.4.6, 1.43.1, 10.1.3, 10.12.2, 10.17.6, 10.25.8, 10.27.4, 10.30.8, 10.31.7, 10.33.2, 10.36.10, 10.38.5, 2.16.6, 2.17.3, 2.18.5, 2.20.6, 2.22.2, 2.23.1, 2.23.5, 2.24.2, 2.24.3, 2.25.5, 2.30.10, 2.32.2, 2.4.2, 3.12.6, 3.22.2, 3.24.11, 3.26.10, 3.4.7, 3.9.3, 5.13.4, 5.13.5, 5.17.10, 5.18.3, 5.22.4, 5.3.4, 5.4.7, 6.25.3, 7.19.6, 7.19.9, 7.24.2, 7.3.7, 7.6.3, 8.1.3, 8.10.10, 8.10.9, 8.12.6, 8.12.9, 8.15.6, 8.15.7, 8.23.4, 8.24.10, 8.28.4, 8.33.2, 8.44.4, 8.45.2, 8.46.2, 8.5.2, 8.5.3, 8.53.7, 8.6.1, 9.18.5, 9.37.7, 9.39.3, 9.4.3, 9.41.2, 9.5.14, 9.5.15<br><strong>Pleiades</strong>: <a href="https://pleiades.stoa.org/places/550595" target="_blank">https://pleiades.stoa.org/places/550595</a>]]></description>
        <Point><coordinates>26.23873,39.9577</coordinates></Point>
      </Placemark>

      <Placemark>
        <name>Ilium</name>
        <description><![CDATA[<strong>name</strong>: Ilium<br><strong>region</strong>: Asia Minor (Asia)<br><strong>part of</strong>: Troas<br><strong>altname</strong>: Troy, Troia, Ilion<br><strong>Wikidata</strong>: <a href="https://wikidata.org/wiki/Q22647" target="_blank">https://wikidata.org/wiki/Q22647</a><br><strong>type</strong>: settlement<br><strong>passages</strong>: 1.1.2, 1.11.1, 1.12.1, 1.12.5, 1.15.2, 1.23.4, 1.28.9, 1.35.1, 1.35.4, 1.37.3, 1.4.6, 1.43.1, 10.1.3, 10.12.2, 10.17.6, 10.25.8, 10.27.4, 10.30.8, 10.31.7, 10.33.2, 10.36.10, 10.38.5, 2.16.6, 2.17.3, 2.18.5, 2.20.6, 2.22.2, 2.23.1, 2.23.5, 2.24.2, 2.24.3, 2.25.5, 2.30.10, 2.32.2, 2.4.2, 3.12.6, 3.22.2, 3.24.11, 3.26.10, 3.4.7, 3.9.3, 5.13.4, 5.13.5, 5.17.10, 5.18.3, 5.22.4, 5.3.4, 5.4.7, 6.25.3, 7.19.6, 7.19.9, 7.24.2, 7.3.7, 7.6.3, 8.1.3, 8.10.10, 8.10.9, 8.12.6, 8.12.9, 8.15.6, 8.15.7, 8.23.4, 8.24.10, 8.28.4, 8.33.2, 8.44.4, 8.45.2, 8.46.2, 8.5.2, 8.5.3, 8.53.7, 8.6.1, 9.18.5, 9.37.7, 9.39.3, 9.4.3, 9.41.2, 9.5.14, 9.5.15<br><strong>Pleiades</strong>: <a href="https://pleiades.stoa.org/places/550595" target="_blank">https://pleiades.stoa.org/places/550595</a>]]></description>
        <Point><coordinates>26.23873,39.9577</coordinates></Point>
      </Placemark>

      <Placemark>
        <name>Ilium</name>
        <description><![CDATA[<strong>name</strong>: Ilium<br><strong>region</strong>: Asia Minor (Asia)<br><strong>part of</strong>: Troas<br><strong>altname</strong>: Troy, Troia, Ilion<br><strong>Wikidata</strong>: <a href="https://wikidata.org/wiki/Q22647" target="_blank">https://wikidata.org/wiki/Q22647</a><br><strong>type</strong>: settlement<br><strong>passages</strong>: 1.1.2, 1.11.1, 1.12.1, 1.12.5, 1.15.2, 1.23.4, 1.28.9, 1.35.1, 1.35.4, 1.37.3, 1.4.6, 1.43.1, 10.1.3, 10.12.2, 10.17.6, 10.25.8, 10.27.4, 10.30.8, 10.31.7, 10.33.2, 10.36.10, 10.38.5, 2.16.6, 2.17.3, 2.18.5, 2.20.6, 2.22.2, 2.23.1, 2.23.5, 2.24.2, 2.24.3, 2.25.5, 2.30.10, 2.32.2, 2.4.2, 3.12.6, 3.22.2, 3.24.11, 3.26.10, 3.4.7, 3.9.3, 5.13.4, 5.13.5, 5.17.10, 5.18.3, 5.22.4, 5.3.4, 5.4.7, 6.25.3, 7.19.6, 7.19.9, 7.24.2, 7.3.7, 7.6.3, 8.1.3, 8.10.10, 8.10.9, 8.12.6, 8.12.9, 8.15.6, 8.15.7, 8.23.4, 8.24.10, 8.28.4, 8.33.2, 8.44.4, 8.45.2, 8.46.2, 8.5.2, 8.5.3, 8.53.7, 8.6.1, 9.18.5, 9.37.7, 9.39.3, 9.4.3, 9.41.2, 9.5.14, 9.5.15<br><strong>Pleiades</strong>: <a href="https://pleiades.stoa.org/places/550595" target="_blank">https://pleiades.stoa.org/places/550595</a>]]></description>
        <Point><coordinates>26.23873,39.9577</coordinates></Point>
      </Placemark>

      <Placemark>
        <name>Sanctuary of Earth Gasêpton at Sparta</name>
        <description><![CDATA[<strong>name</strong>: Sanctuary of Earth Gasêpton at Sparta<br><strong>region</strong>: Lakonia Bk3<br><strong>part of</strong>: Sparta<br><strong>location</strong>: Sparta<br><strong>Wikidata</strong>: <a href="https://wikidata.org/wiki/Q124616434" target="_blank">https://wikidata.org/wiki/Q124616434</a><br><strong>type</strong>: hieron<br><strong>passages</strong>: 3.12.8]]></description>
        <Point><coordinates>22.4237,37.0821</coordinates></Point>
      </Placemark>

      <Placemark>
        <name>Athena Chalkioikos sanctuary on acropolis of Sparta</name>
        <description><![CDATA[<strong>name</strong>: Athena Chalkioikos sanctuary on acropolis of Sparta<br><strong>region</strong>: Lakonia Bk3<br><strong>part of</strong>: Acropolis of Sparta<br><strong>Wikidata</strong>: <a href="https://wikidata.org/wiki/Q57302774" target="_blank">https://wikidata.org/wiki/Q57302774</a><br><strong>type</strong>: hieron<br><strong>passages</strong>: 10.5.11, 3.17.2, 3.17.7, 4.15.5<br><strong>Manto</strong>: <a href="https://resource.manto.unh.edu/10150378" target="_blank">https://resource.manto.unh.edu/10150378</a><br><strong>ToposText</strong>: <a href="https://topostext.org/place/371224SACh" target="_blank">https://topostext.org/place/371224SACh</a>]]></description>
        <Point><coordinates>22.42338,37.08265</coordinates></Point>
      </Placemark>

      <Placemark>
        <name>Athena Chalkioikos sanctuary on acropolis of Sparta</name>
        <description><![CDATA[<strong>name</strong>: Athena Chalkioikos sanctuary on acropolis of Sparta<br><strong>region</strong>: Lakonia Bk3<br><strong>part of</strong>: Acropolis of Sparta<br><strong>Wikidata</strong>: <a href="https://wikidata.org/wiki/Q57302774" target="_blank">https://wikidata.org/wiki/Q57302774</a><br><strong>type</strong>: hieron<br><strong>passages</strong>: 10.5.11, 3.17.2, 3.17.7, 4.15.5<br><strong>Manto</strong>: <a href="https://resource.manto.unh.edu/10150378" target="_blank">https://resource.manto.unh.edu/10150378</a><br><strong>ToposText</strong>: <a href="https://topostext.org/place/371224SACh" target="_blank">https://topostext.org/place/371224SACh</a>]]></description>
        <Point><coordinates>22.42338,37.08265</coordinates></Point>
      </Placemark>

      <Placemark>
        <name>Zeus Savior shrine at Epidauros Limera</name>
        <description><![CDATA[<strong>name</strong>: Zeus Savior shrine at Epidauros Limera<br><strong>region</strong>: Lakonia Bk3<br><strong>part of</strong>: Harbor of Epidauros Limera<br><strong>location</strong>: Harbor of Epidauros Limera<br><strong>Wikidata</strong>: <a href="https://wikidata.org/wiki/Q124616476" target="_blank">https://wikidata.org/wiki/Q124616476</a><br><strong>type</strong>: hieron<br><strong>passages</strong>: 3.23.10]]></description>
        <Point><coordinates>23.026,36.731</coordinates></Point>
      </Placemark>

      <Placemark>
        <name>Tomb of Oionos beside Herakleion sanctuary in Sparta</name>
        <description><![CDATA[<strong>name</strong>: Tomb of Oionos beside Herakleion sanctuary in Sparta<br><strong>region</strong>: Lakonia Bk3<br><strong>part of</strong>: Sparta<br><strong>location</strong>: Sparta<br><strong>Wikidata</strong>: <a href="https://wikidata.org/wiki/Q124616325" target="_blank">https://wikidata.org/wiki/Q124616325</a><br><strong>type</strong>: tomb mnema<br><strong>passages</strong>: 3.15.5<br><strong>Manto</strong>: <a href="https://resource.manto.unh.edu/10150585" target="_blank">https://resource.manto.unh.edu/10150585</a>]]></description>
        <Point><coordinates>22.4237,37.0821</coordinates></Point>
      </Placemark>

      <Placemark>
        <name>Sanctuary of the Muses at Sparta</name>
        <description><![CDATA[<strong>name</strong>: Sanctuary of the Muses at Sparta<br><strong>region</strong>: Lakonia Bk3<br><strong>part of</strong>: Acropolis of Sparta<br><strong>location</strong>: Acropolis of Sparta<br><strong>Wikidata</strong>: <a href="https://wikidata.org/wiki/Q124616462" target="_blank">https://wikidata.org/wiki/Q124616462</a><br><strong>type</strong>: hieron<br><strong>passages</strong>: 3.17.5]]></description>
        <Point><coordinates>22.4237,37.0821</coordinates></Point>
      </Placemark>

      <Placemark>
        <name>Elis polis</name>
        <description><![CDATA[<strong>name</strong>: Elis polis<br><strong>region</strong>: Eleia Bk5 Bk6<br><strong>part of</strong>: Eleia Bk5 Bk6<br><strong>altname</strong>: on plains road, few houses left<br><strong>Wikidata</strong>: <a href="https://wikidata.org/wiki/Q217667" target="_blank">https://wikidata.org/wiki/Q217667</a><br><strong>type</strong>: polis<br><strong>passages</strong>: 1.29.13, 1.41.6, 2.15.1, 3.11.7, 3.12.8, 3.8.4, 4.28.4, 4.28.5, 5.1.10, 5.1.11, 5.1.4, 5.1.9, 5.14.1, 5.15.11, 5.15.12, 5.16.1, 5.16.5, 5.16.6, 5.16.8, 5.2.5, 5.21.10, 5.25.7, 5.3.1, 5.3.3, 5.3.5, 5.3.6, 5.4.1, 5.4.3, 5.4.4, 5.4.8, 5.5.1, 5.5.2, 5.5.3, 5.6.5, 5.7.1, 5.8.2, 5.8.3, 5.8.6, 5.9.2, 6.17.6, 6.22.5, 6.22.8, 6.23.1, 6.23.6, 6.23.8, 6.25.2, 6.25.6, 6.26.6, 7.1.1, 7.10.2, 7.17.5, 7.21.14, 7.4.7, 7.6.1, 8.1.2, 8.15.5, 8.25.10, 8.26.3, 8.26.4<br><strong>Pleiades</strong>: <a href="https://pleiades.stoa.org/places/570220" target="_blank">https://pleiades.stoa.org/places/570220</a><br><strong>ToposText</strong>: <a href="https://topostext.org/place/378214PEli" target="_blank">https://topostext.org/place/378214PEli</a>]]></description>
        <Point><coordinates>21.374,37.89</coordinates></Point>
      </Placemark>

      <Placemark>
        <name>Elis polis</name>
        <description><![CDATA[<strong>name</strong>: Elis polis<br><strong>region</strong>: Eleia Bk5 Bk6<br><strong>part of</strong>: Eleia Bk5 Bk6<br><strong>altname</strong>: on plains road, few houses left<br><strong>Wikidata</strong>: <a href="https://wikidata.org/wiki/Q217667" target="_blank">https://wikidata.org/wiki/Q217667</a><br><strong>type</strong>: polis<br><strong>passages</strong>: 1.29.13, 1.41.6, 2.15.1, 3.11.7, 3.12.8, 3.8.4, 4.28.4, 4.28.5, 5.1.10, 5.1.11, 5.1.4, 5.1.9, 5.14.1, 5.15.11, 5.15.12, 5.16.1, 5.16.5, 5.16.6, 5.16.8, 5.2.5, 5.21.10, 5.25.7, 5.3.1, 5.3.3, 5.3.5, 5.3.6, 5.4.1, 5.4.3, 5.4.4, 5.4.8, 5.5.1, 5.5.2, 5.5.3, 5.6.5, 5.7.1, 5.8.2, 5.8.3, 5.8.6, 5.9.2, 6.17.6, 6.22.5, 6.22.8, 6.23.1, 6.23.6, 6.23.8, 6.25.2, 6.25.6, 6.26.6, 7.1.1, 7.10.2, 7.17.5, 7.21.14, 7.4.7, 7.6.1, 8.1.2, 8.15.5, 8.25.10, 8.26.3, 8.26.4<br><strong>Pleiades</strong>: <a href="https://pleiades.stoa.org/places/570220" target="_blank">https://pleiades.stoa.org/places/570220</a><br><strong>ToposText</strong>: <a href="https://topostext.org/place/378214PEli" target="_blank">https://topostext.org/place/378214PEli</a>]]></description>
        <Point><coordinates>21.374,37.89</coordinates></Point>
      </Placemark>

      <Placemark>
        <name>Elis polis</name>
        <description><![CDATA[<strong>name</strong>: Elis polis<br><strong>region</strong>: Eleia Bk5 Bk6<br><strong>part of</strong>: Eleia Bk5 Bk6<br><strong>altname</strong>: on plains road, few houses left<br><strong>Wikidata</strong>: <a href="https://wikidata.org/wiki/Q217667" target="_blank">https://wikidata.org/wiki/Q217667</a><br><strong>type</strong>: polis<br><strong>passages</strong>: 1.29.13, 1.41.6, 2.15.1, 3.11.7, 3.12.8, 3.8.4, 4.28.4, 4.28.5, 5.1.10, 5.1.11, 5.1.4, 5.1.9, 5.14.1, 5.15.11, 5.15.12, 5.16.1, 5.16.5, 5.16.6, 5.16.8, 5.2.5, 5.21.10, 5.25.7, 5.3.1, 5.3.3, 5.3.5, 5.3.6, 5.4.1, 5.4.3, 5.4.4, 5.4.8, 5.5.1, 5.5.2, 5.5.3, 5.6.5, 5.7.1, 5.8.2, 5.8.3, 5.8.6, 5.9.2, 6.17.6, 6.22.5, 6.22.8, 6.23.1, 6.23.6, 6.23.8, 6.25.2, 6.25.6, 6.26.6, 7.1.1, 7.10.2, 7.17.5, 7.21.14, 7.4.7, 7.6.1, 8.1.2, 8.15.5, 8.25.10, 8.26.3, 8.26.4<br><strong>Pleiades</strong>: <a href="https://pleiades.stoa.org/places/570220" target="_blank">https://pleiades.stoa.org/places/570220</a><br><strong>ToposText</strong>: <a href="https://topostext.org/place/378214PEli" target="_blank">https://topostext.org/place/378214PEli</a>]]></description>
        <Point><coordinates>21.374,37.89</coordinates></Point>
      </Placemark>

      <Placemark>
        <name>Heroon of Lakedaimon son of Taygete at Alesiai</name>
        <description><![CDATA[<strong>name</strong>: Heroon of Lakedaimon son of Taygete at Alesiai<br><strong>region</strong>: Lakonia Bk3<br><strong>part of</strong>: Alesiai<br><strong>location</strong>: Alesiai<br><strong>Wikidata</strong>: <a href="https://wikidata.org/wiki/Q124616580" target="_blank">https://wikidata.org/wiki/Q124616580</a><br><strong>type</strong>: heroon<br><strong>passages</strong>: 3.20.2]]></description>
        <Point><coordinates>22.413455,37.043277</coordinates></Point>
      </Placemark>

      <Placemark>
        <name>Boiatikos Kolpos</name>
        <description><![CDATA[<strong>name</strong>: Boiatikos Kolpos<br><strong>region</strong>: Lakonia Bk3<br><strong>part of</strong>: Lakonia Bk3<br><strong>type</strong>: gulf<br><strong>passages</strong>: 3.22.11<br><strong>Pleiades</strong>: <a href="https://pleiades.stoa.org/places/573144" target="_blank">https://pleiades.stoa.org/places/573144</a>]]></description>
        <Point><coordinates>23.02,36.5</coordinates></Point>
      </Placemark>

      <Placemark>
        <name>Taygetos (mountain)</name>
        <description><![CDATA[<strong>name</strong>: Taygetos (mountain)<br><strong>region</strong>: Lakonia Bk3<br><strong>part of</strong>: Lakonia Bk3<br><strong>Wikidata</strong>: <a href="https://wikidata.org/wiki/Q515809" target="_blank">https://wikidata.org/wiki/Q515809</a><br><strong>type</strong>: mountain oros<br><strong>passages</strong>: 3.1.2, 3.20.2, 3.20.3, 3.20.4, 3.20.5, 3.20.7, 3.24.9, 4.7.2, 8.24.4<br><strong>Pleiades</strong>: <a href="https://pleiades.stoa.org/places/570706" target="_blank">https://pleiades.stoa.org/places/570706</a>]]></description>
        <Point><coordinates>22.3503405,36.9528148</coordinates></Point>
      </Placemark>

      <Placemark>
        <name>Taygetos (mountain)</name>
        <description><![CDATA[<strong>name</strong>: Taygetos (mountain)<br><strong>region</strong>: Lakonia Bk3<br><strong>part of</strong>: Lakonia Bk3<br><strong>Wikidata</strong>: <a href="https://wikidata.org/wiki/Q515809" target="_blank">https://wikidata.org/wiki/Q515809</a><br><strong>type</strong>: mountain oros<br><strong>passages</strong>: 3.1.2, 3.20.2, 3.20.3, 3.20.4, 3.20.5, 3.20.7, 3.24.9, 4.7.2, 8.24.4<br><strong>Pleiades</strong>: <a href="https://pleiades.stoa.org/places/570706" target="_blank">https://pleiades.stoa.org/places/570706</a>]]></description>
        <Point><coordinates>22.3503405,36.9528148</coordinates></Point>
      </Placemark>

      <Placemark>
        <name>Taygetos (mountain)</name>
        <description><![CDATA[<strong>name</strong>: Taygetos (mountain)<br><strong>region</strong>: Lakonia Bk3<br><strong>part of</strong>: Lakonia Bk3<br><strong>Wikidata</strong>: <a href="https://wikidata.org/wiki/Q515809" target="_blank">https://wikidata.org/wiki/Q515809</a><br><strong>type</strong>: mountain oros<br><strong>passages</strong>: 3.1.2, 3.20.2, 3.20.3, 3.20.4, 3.20.5, 3.20.7, 3.24.9, 4.7.2, 8.24.4<br><strong>Pleiades</strong>: <a href="https://pleiades.stoa.org/places/570706" target="_blank">https://pleiades.stoa.org/places/570706</a>]]></description>
        <Point><coordinates>22.3503405,36.9528148</coordinates></Point>
      </Placemark>

      <Placemark>
        <name>Taygetos (mountain)</name>
        <description><![CDATA[<strong>name</strong>: Taygetos (mountain)<br><strong>region</strong>: Lakonia Bk3<br><strong>part of</strong>: Lakonia Bk3<br><strong>Wikidata</strong>: <a href="https://wikidata.org/wiki/Q515809" target="_blank">https://wikidata.org/wiki/Q515809</a><br><strong>type</strong>: mountain oros<br><strong>passages</strong>: 3.1.2, 3.20.2, 3.20.3, 3.20.4, 3.20.5, 3.20.7, 3.24.9, 4.7.2, 8.24.4<br><strong>Pleiades</strong>: <a href="https://pleiades.stoa.org/places/570706" target="_blank">https://pleiades.stoa.org/places/570706</a>]]></description>
        <Point><coordinates>22.3503405,36.9528148</coordinates></Point>
      </Placemark>

      <Placemark>
        <name>Taygetos (mountain)</name>
        <description><![CDATA[<strong>name</strong>: Taygetos (mountain)<br><strong>region</strong>: Lakonia Bk3<br><strong>part of</strong>: Lakonia Bk3<br><strong>Wikidata</strong>: <a href="https://wikidata.org/wiki/Q515809" target="_blank">https://wikidata.org/wiki/Q515809</a><br><strong>type</strong>: mountain oros<br><strong>passages</strong>: 3.1.2, 3.20.2, 3.20.3, 3.20.4, 3.20.5, 3.20.7, 3.24.9, 4.7.2, 8.24.4<br><strong>Pleiades</strong>: <a href="https://pleiades.stoa.org/places/570706" target="_blank">https://pleiades.stoa.org/places/570706</a>]]></description>
        <Point><coordinates>22.3503405,36.9528148</coordinates></Point>
      </Placemark>

      <Placemark>
        <name>Taygetos (mountain)</name>
        <description><![CDATA[<strong>name</strong>: Taygetos (mountain)<br><strong>region</strong>: Lakonia Bk3<br><strong>part of</strong>: Lakonia Bk3<br><strong>Wikidata</strong>: <a href="https://wikidata.org/wiki/Q515809" target="_blank">https://wikidata.org/wiki/Q515809</a><br><strong>type</strong>: mountain oros<br><strong>passages</strong>: 3.1.2, 3.20.2, 3.20.3, 3.20.4, 3.20.5, 3.20.7, 3.24.9, 4.7.2, 8.24.4<br><strong>Pleiades</strong>: <a href="https://pleiades.stoa.org/places/570706" target="_blank">https://pleiades.stoa.org/places/570706</a>]]></description>
        <Point><coordinates>22.3503405,36.9528148</coordinates></Point>
      </Placemark>

      <Placemark>
        <name>Taygetos (mountain)</name>
        <description><![CDATA[<strong>name</strong>: Taygetos (mountain)<br><strong>region</strong>: Lakonia Bk3<br><strong>part of</strong>: Lakonia Bk3<br><strong>Wikidata</strong>: <a href="https://wikidata.org/wiki/Q515809" target="_blank">https://wikidata.org/wiki/Q515809</a><br><strong>type</strong>: mountain oros<br><strong>passages</strong>: 3.1.2, 3.20.2, 3.20.3, 3.20.4, 3.20.5, 3.20.7, 3.24.9, 4.7.2, 8.24.4<br><strong>Pleiades</strong>: <a href="https://pleiades.stoa.org/places/570706" target="_blank">https://pleiades.stoa.org/places/570706</a>]]></description>
        <Point><coordinates>22.3503405,36.9528148</coordinates></Point>
      </Placemark>

      <Placemark>
        <name>Salamis Sea Battle (Attica)</name>
        <description><![CDATA[<strong>name</strong>: Salamis Sea Battle (Attica)<br><strong>region</strong>: Attica Bk1<br><strong>part of</strong>: Salamis (island)<br><strong>Wikidata</strong>: <a href="https://wikidata.org/wiki/Q178850" target="_blank">https://wikidata.org/wiki/Q178850</a><br><strong>type</strong>: battlefield<br><strong>passages</strong>: 10.14.5, 3.11.3, 3.16.6, 8.10.9<br><strong>ToposText</strong>: <a href="https://topostext.org/place/380236ASSB" target="_blank">https://topostext.org/place/380236ASSB</a>]]></description>
        <Point><coordinates>23.573,37.952</coordinates></Point>
      </Placemark>

      <Placemark>
        <name>Salamis Sea Battle (Attica)</name>
        <description><![CDATA[<strong>name</strong>: Salamis Sea Battle (Attica)<br><strong>region</strong>: Attica Bk1<br><strong>part of</strong>: Salamis (island)<br><strong>Wikidata</strong>: <a href="https://wikidata.org/wiki/Q178850" target="_blank">https://wikidata.org/wiki/Q178850</a><br><strong>type</strong>: battlefield<br><strong>passages</strong>: 10.14.5, 3.11.3, 3.16.6, 8.10.9<br><strong>ToposText</strong>: <a href="https://topostext.org/place/380236ASSB" target="_blank">https://topostext.org/place/380236ASSB</a>]]></description>
        <Point><coordinates>23.573,37.952</coordinates></Point>
      </Placemark>

      <Placemark>
        <name>Persian stoa in Sparta</name>
        <description><![CDATA[<strong>name</strong>: Persian stoa in Sparta<br><strong>region</strong>: Lakonia Bk3<br><strong>part of</strong>: Agora of Sparta<br><strong>location</strong>: Agora of Sparta<br><strong>Wikidata</strong>: <a href="https://wikidata.org/wiki/Q28721313" target="_blank">https://wikidata.org/wiki/Q28721313</a><br><strong>type</strong>: stoa<br><strong>passages</strong>: 3.11.3]]></description>
        <Point><coordinates>22.42659,37.08188</coordinates></Point>
      </Placemark>

      <Placemark>
        <name>Gerenia (Messenia)</name>
        <description><![CDATA[<strong>name</strong>: Gerenia (Messenia)<br><strong>region</strong>: Lakonia Bk3<br><strong>part of</strong>: Messenia Bk4<br><strong>Wikidata</strong>: <a href="https://wikidata.org/wiki/Q5550565" target="_blank">https://wikidata.org/wiki/Q5550565</a><br><strong>type</strong>: polis<br><strong>passages</strong>: 3.21.7, 3.26.11, 3.26.8, 3.26.9, 4.1.1, 4.3.2, 4.3.9<br><strong>Pleiades</strong>: <a href="https://pleiades.stoa.org/places/570261" target="_blank">https://pleiades.stoa.org/places/570261</a><br><strong>ToposText</strong>: <a href="https://topostext.org/place/369222UGer" target="_blank">https://topostext.org/place/369222UGer</a>]]></description>
        <Point><coordinates>22.195,36.934</coordinates></Point>
      </Placemark>

      <Placemark>
        <name>Gerenia (Messenia)</name>
        <description><![CDATA[<strong>name</strong>: Gerenia (Messenia)<br><strong>region</strong>: Lakonia Bk3<br><strong>part of</strong>: Messenia Bk4<br><strong>Wikidata</strong>: <a href="https://wikidata.org/wiki/Q5550565" target="_blank">https://wikidata.org/wiki/Q5550565</a><br><strong>type</strong>: polis<br><strong>passages</strong>: 3.21.7, 3.26.11, 3.26.8, 3.26.9, 4.1.1, 4.3.2, 4.3.9<br><strong>Pleiades</strong>: <a href="https://pleiades.stoa.org/places/570261" target="_blank">https://pleiades.stoa.org/places/570261</a><br><strong>ToposText</strong>: <a href="https://topostext.org/place/369222UGer" target="_blank">https://topostext.org/place/369222UGer</a>]]></description>
        <Point><coordinates>22.195,36.934</coordinates></Point>
      </Placemark>

      <Placemark>
        <name>Gerenia (Messenia)</name>
        <description><![CDATA[<strong>name</strong>: Gerenia (Messenia)<br><strong>region</strong>: Lakonia Bk3<br><strong>part of</strong>: Messenia Bk4<br><strong>Wikidata</strong>: <a href="https://wikidata.org/wiki/Q5550565" target="_blank">https://wikidata.org/wiki/Q5550565</a><br><strong>type</strong>: polis<br><strong>passages</strong>: 3.21.7, 3.26.11, 3.26.8, 3.26.9, 4.1.1, 4.3.2, 4.3.9<br><strong>Pleiades</strong>: <a href="https://pleiades.stoa.org/places/570261" target="_blank">https://pleiades.stoa.org/places/570261</a><br><strong>ToposText</strong>: <a href="https://topostext.org/place/369222UGer" target="_blank">https://topostext.org/place/369222UGer</a>]]></description>
        <Point><coordinates>22.195,36.934</coordinates></Point>
      </Placemark>

      <Placemark>
        <name>Gerenia (Messenia)</name>
        <description><![CDATA[<strong>name</strong>: Gerenia (Messenia)<br><strong>region</strong>: Lakonia Bk3<br><strong>part of</strong>: Messenia Bk4<br><strong>Wikidata</strong>: <a href="https://wikidata.org/wiki/Q5550565" target="_blank">https://wikidata.org/wiki/Q5550565</a><br><strong>type</strong>: polis<br><strong>passages</strong>: 3.21.7, 3.26.11, 3.26.8, 3.26.9, 4.1.1, 4.3.2, 4.3.9<br><strong>Pleiades</strong>: <a href="https://pleiades.stoa.org/places/570261" target="_blank">https://pleiades.stoa.org/places/570261</a><br><strong>ToposText</strong>: <a href="https://topostext.org/place/369222UGer" target="_blank">https://topostext.org/place/369222UGer</a>]]></description>
        <Point><coordinates>22.195,36.934</coordinates></Point>
      </Placemark>

      <Placemark>
        <name>Artemision (Euboea)</name>
        <description><![CDATA[<strong>name</strong>: Artemision (Euboea)<br><strong>region</strong>: Euboea (island)<br><strong>part of</strong>: Euboea (island)<br><strong>Wikidata</strong>: <a href="https://wikidata.org/wiki/Q105317807" target="_blank">https://wikidata.org/wiki/Q105317807</a><br><strong>type</strong>: battlefield<br><strong>passages</strong>: 1.14.5, 10.14.5, 3.16.6<br><strong>Pleiades</strong>: <a href="https://pleiades.stoa.org/places/540667" target="_blank">https://pleiades.stoa.org/places/540667</a><br><strong>ToposText</strong>: <a href="https://topostext.org/place/390232SArt" target="_blank">https://topostext.org/place/390232SArt</a>]]></description>
        <Point><coordinates>23.217,39.0097</coordinates></Point>
      </Placemark>

      <Placemark>
        <name>Acropolis of Epidauros Limera</name>
        <description><![CDATA[<strong>name</strong>: Acropolis of Epidauros Limera<br><strong>region</strong>: Lakonia Bk3<br><strong>part of</strong>: Epidaurus Limera (Laconia)<br><strong>location</strong>: Epidaurus Limera (Laconia)<br><strong>Wikidata</strong>: <a href="https://wikidata.org/wiki/Q124616549" target="_blank">https://wikidata.org/wiki/Q124616549</a><br><strong>type</strong>: acropolis<br><strong>passages</strong>: 3.23.10]]></description>
        <Point><coordinates>23.026,36.731</coordinates></Point>
      </Placemark>

      <Placemark>
        <name>Sanctuary of Hera Aigophagos at Sparta</name>
        <description><![CDATA[<strong>name</strong>: Sanctuary of Hera Aigophagos at Sparta<br><strong>region</strong>: Lakonia Bk3<br><strong>part of</strong>: Sparta<br><strong>location</strong>: Sparta<br><strong>Wikidata</strong>: <a href="https://wikidata.org/wiki/Q124616456" target="_blank">https://wikidata.org/wiki/Q124616456</a><br><strong>type</strong>: hieron<br><strong>passages</strong>: 3.15.9<br><strong>Manto</strong>: <a href="https://resource.manto.unh.edu/10150610" target="_blank">https://resource.manto.unh.edu/10150610</a>]]></description>
        <Point><coordinates>22.4237,37.0821</coordinates></Point>
      </Placemark>

      <Placemark>
        <name>Smenos river (Lakonia)</name>
        <description><![CDATA[<strong>name</strong>: Smenos river (Lakonia)<br><strong>region</strong>: Lakonia Bk3<br><strong>part of</strong>: Lakonia Bk3<br><strong>type</strong>: river<br><strong>passages</strong>: 3.24.9<br><strong>ToposText</strong>: <a href="https://topostext.org/place/368223WSme" target="_blank">https://topostext.org/place/368223WSme</a>]]></description>
        <Point><coordinates>22.501,36.727</coordinates></Point>
      </Placemark>

      <Placemark>
        <name>Ancient Ephoreia in Sparta</name>
        <description><![CDATA[<strong>name</strong>: Ancient Ephoreia in Sparta<br><strong>region</strong>: Lakonia Bk3<br><strong>part of</strong>: Agora of Sparta<br><strong>location</strong>: Agora of Sparta<br><strong>type</strong>: building<br><strong>passages</strong>: 3.11.11]]></description>
        <Point><coordinates>22.42659,37.08188</coordinates></Point>
      </Placemark>

      <Placemark>
        <name>Sanctuary of Herakles at Sparta</name>
        <description><![CDATA[<strong>name</strong>: Sanctuary of Herakles at Sparta<br><strong>region</strong>: Lakonia Bk3<br><strong>part of</strong>: Sparta<br><strong>location</strong>: Sparta<br><strong>Wikidata</strong>: <a href="https://wikidata.org/wiki/Q124616453" target="_blank">https://wikidata.org/wiki/Q124616453</a><br><strong>type</strong>: hieron<br><strong>passages</strong>: 3.15.3]]></description>
        <Point><coordinates>22.4237,37.0821</coordinates></Point>
      </Placemark>

      <Placemark>
        <name>harbor of Zarax</name>
        <description><![CDATA[<strong>name</strong>: harbor of Zarax<br><strong>region</strong>: Lakonia Bk3<br><strong>part of</strong>: Zarax<br><strong>location</strong>: Zarax<br><strong>Wikidata</strong>: <a href="https://wikidata.org/wiki/Q124616410" target="_blank">https://wikidata.org/wiki/Q124616410</a><br><strong>type</strong>: harbor limen<br><strong>passages</strong>: 3.24.1]]></description>
        <Point><coordinates>23.088,36.787</coordinates></Point>
      </Placemark>

      <Placemark>
        <name>Apollo Amazonios cult in territory of Pyrrichos</name>
        <description><![CDATA[<strong>name</strong>: Apollo Amazonios cult in territory of Pyrrichos<br><strong>region</strong>: Lakonia Bk3<br><strong>part of</strong>: Pyrrichos<br><strong>location</strong>: Pyrrichos<br><strong>Wikidata</strong>: <a href="https://wikidata.org/wiki/Q124616479" target="_blank">https://wikidata.org/wiki/Q124616479</a><br><strong>type</strong>: hieron<br><strong>passages</strong>: 3.25.3<br><strong>Manto</strong>: <a href="https://resource.manto.unh.edu/10151037" target="_blank">https://resource.manto.unh.edu/10151037</a>]]></description>
        <Point><coordinates>22.432959,36.659054</coordinates></Point>
      </Placemark>

      <Placemark>
        <name>House of Phormio and the Dioskouroi in Sparta</name>
        <description><![CDATA[<strong>name</strong>: House of Phormio and the Dioskouroi in Sparta<br><strong>region</strong>: Lakonia Bk3<br><strong>part of</strong>: Sparta<br><strong>location</strong>: Sparta<br><strong>Wikidata</strong>: <a href="https://wikidata.org/wiki/Q124616340" target="_blank">https://wikidata.org/wiki/Q124616340</a><br><strong>type</strong>: house<br><strong>passages</strong>: 3.16.2]]></description>
        <Point><coordinates>22.4237,37.0821</coordinates></Point>
      </Placemark>

      <Placemark>
        <name>Ionia (region)</name>
        <description><![CDATA[<strong>name</strong>: Ionia (region)<br><strong>region</strong>: Asia (continent)<br><strong>part of</strong>: Asia Minor (Asia)<br><strong>Wikidata</strong>: <a href="https://wikidata.org/wiki/Q620874" target="_blank">https://wikidata.org/wiki/Q620874</a><br><strong>type</strong>: chora/region<br><strong>passages</strong>: 1.1.5, 1.29.5, 10.24.1, 10.32.4, 10.33.2, 10.8.6, 2.31.6, 3.2.1, 3.9.6, 5.21.13, 5.27.12, 5.7.5, 6.24.2, 6.3.15, 7.3.7, 7.3.8, 7.5.10, 7.5.12, 7.5.13, 7.5.4, 8.43.4, 8.45.5, 9.19.8, 9.21.6, 9.27.1, 9.27.8, 9.33.2, 9.37.8<br><strong>Pleiades</strong>: <a href="https://pleiades.stoa.org/places/550597" target="_blank">https://pleiades.stoa.org/places/550597</a>]]></description>
        <Point><coordinates>27.366012129999998,38.25857286</coordinates></Point>
      </Placemark>

      <Placemark>
        <name>Ionia (region)</name>
        <description><![CDATA[<strong>name</strong>: Ionia (region)<br><strong>region</strong>: Asia (continent)<br><strong>part of</strong>: Asia Minor (Asia)<br><strong>Wikidata</strong>: <a href="https://wikidata.org/wiki/Q620874" target="_blank">https://wikidata.org/wiki/Q620874</a><br><strong>type</strong>: chora/region<br><strong>passages</strong>: 1.1.5, 1.29.5, 10.24.1, 10.32.4, 10.33.2, 10.8.6, 2.31.6, 3.2.1, 3.9.6, 5.21.13, 5.27.12, 5.7.5, 6.24.2, 6.3.15, 7.3.7, 7.3.8, 7.5.10, 7.5.12, 7.5.13, 7.5.4, 8.43.4, 8.45.5, 9.19.8, 9.21.6, 9.27.1, 9.27.8, 9.33.2, 9.37.8<br><strong>Pleiades</strong>: <a href="https://pleiades.stoa.org/places/550597" target="_blank">https://pleiades.stoa.org/places/550597</a>]]></description>
        <Point><coordinates>27.366012129999998,38.25857286</coordinates></Point>
      </Placemark>

      <Placemark>
        <name>Two gymnasia by the Dromos at Sparta, one dedicated by Eurykles</name>
        <description><![CDATA[<strong>name</strong>: Two gymnasia by the Dromos at Sparta, one dedicated by Eurykles<br><strong>region</strong>: Asia (continent)<br><strong>part of</strong>: Dromos (race course) of Sparta near tombs of Agiads<br><strong>location</strong>: Dromos (race course) of Sparta near tombs of Agiads<br><strong>Wikidata</strong>: <a href="https://wikidata.org/wiki/Q124616345" target="_blank">https://wikidata.org/wiki/Q124616345</a><br><strong>type</strong>: gymnasium<br><strong>passages</strong>: 3.14.6]]></description>
        <Point><coordinates>22.4237,37.0821</coordinates></Point>
      </Placemark>

      <Placemark>
        <name>Lankia</name>
        <description><![CDATA[<strong>name</strong>: Lankia<br><strong>region</strong>: Lakonia Bk3<br><strong>part of</strong>: Pellana (Lakonia)<br><strong>location</strong>: Pellana (Lakonia)<br><strong>altname</strong>: Lancia spring near Pellana<br><strong>type</strong>: spring pege<br><strong>passages</strong>: 3.21.2<br><strong>Pleiades</strong>: <a href="https://pleiades.stoa.org/places/573331" target="_blank">https://pleiades.stoa.org/places/573331</a>]]></description>
        <Point><coordinates>22.3244,37.2083</coordinates></Point>
      </Placemark>

      <Placemark>
        <name>Heroon of Pleuron at Sparta</name>
        <description><![CDATA[<strong>name</strong>: Heroon of Pleuron at Sparta<br><strong>region</strong>: Lakonia Bk3<br><strong>part of</strong>: Kolôna in Sparta, opposite Zeus Amboulios<br><strong>location</strong>: Kolôna in Sparta, opposite Zeus Amboulios<br><strong>Wikidata</strong>: <a href="https://wikidata.org/wiki/Q124616558" target="_blank">https://wikidata.org/wiki/Q124616558</a><br><strong>type</strong>: heroon<br><strong>passages</strong>: 3.13.8]]></description>
        <Point><coordinates>22.4237,37.0821</coordinates></Point>
      </Placemark>

      <Placemark>
        <name>Argolid Bk2</name>
        <description><![CDATA[<strong>name</strong>: Argolid Bk2<br><strong>region</strong>: <br><strong>part of</strong>: Peloponnesos<br><strong>altname</strong>: Argolis region<br><strong>Wikidata</strong>: <a href="https://wikidata.org/wiki/Q12649101" target="_blank">https://wikidata.org/wiki/Q12649101</a><br><strong>type</strong>: chora/region<br><strong>passages</strong>: 10.10.4, 10.15.1, 10.18.5, 2.1.1, 2.15.4, 2.15.5, 2.16.2, 2.18.4, 2.18.7, 2.20.1, 2.24.7, 2.25.5, 2.26.1, 2.28.2, 2.29.5, 2.35.4, 2.36.4, 2.38.4, 2.38.7, 2.7.1, 3.2.2, 3.23.6, 3.4.1, 3.5.8, 3.5.9, 3.7.3, 3.7.4, 4.11.8, 4.29.2, 4.34.10, 4.34.12, 4.35.2, 5.10.9, 5.23.2, 6.20.7, 7.25.5, 7.26.12, 8.1.1, 8.1.2, 8.22.1, 8.22.3, 8.27.1, 8.3.3, 8.33.3, 8.4.6, 8.54.7, 8.6.4, 8.6.6, 8.7.2<br><strong>Pleiades</strong>: <a href="https://pleiades.stoa.org/places/570104" target="_blank">https://pleiades.stoa.org/places/570104</a><br><strong>ToposText</strong>: <a href="https://topostext.org/place/374229RArg" target="_blank">https://topostext.org/place/374229RArg</a>]]></description>
        <Point><coordinates>22.9,37.67</coordinates></Point>
      </Placemark>

      <Placemark>
        <name>Argolid Bk2</name>
        <description><![CDATA[<strong>name</strong>: Argolid Bk2<br><strong>region</strong>: <br><strong>part of</strong>: Peloponnesos<br><strong>altname</strong>: Argolis region<br><strong>Wikidata</strong>: <a href="https://wikidata.org/wiki/Q12649101" target="_blank">https://wikidata.org/wiki/Q12649101</a><br><strong>type</strong>: chora/region<br><strong>passages</strong>: 10.10.4, 10.15.1, 10.18.5, 2.1.1, 2.15.4, 2.15.5, 2.16.2, 2.18.4, 2.18.7, 2.20.1, 2.24.7, 2.25.5, 2.26.1, 2.28.2, 2.29.5, 2.35.4, 2.36.4, 2.38.4, 2.38.7, 2.7.1, 3.2.2, 3.23.6, 3.4.1, 3.5.8, 3.5.9, 3.7.3, 3.7.4, 4.11.8, 4.29.2, 4.34.10, 4.34.12, 4.35.2, 5.10.9, 5.23.2, 6.20.7, 7.25.5, 7.26.12, 8.1.1, 8.1.2, 8.22.1, 8.22.3, 8.27.1, 8.3.3, 8.33.3, 8.4.6, 8.54.7, 8.6.4, 8.6.6, 8.7.2<br><strong>Pleiades</strong>: <a href="https://pleiades.stoa.org/places/570104" target="_blank">https://pleiades.stoa.org/places/570104</a><br><strong>ToposText</strong>: <a href="https://topostext.org/place/374229RArg" target="_blank">https://topostext.org/place/374229RArg</a>]]></description>
        <Point><coordinates>22.9,37.67</coordinates></Point>
      </Placemark>

      <Placemark>
        <name>Argolid Bk2</name>
        <description><![CDATA[<strong>name</strong>: Argolid Bk2<br><strong>region</strong>: <br><strong>part of</strong>: Peloponnesos<br><strong>altname</strong>: Argolis region<br><strong>Wikidata</strong>: <a href="https://wikidata.org/wiki/Q12649101" target="_blank">https://wikidata.org/wiki/Q12649101</a><br><strong>type</strong>: chora/region<br><strong>passages</strong>: 10.10.4, 10.15.1, 10.18.5, 2.1.1, 2.15.4, 2.15.5, 2.16.2, 2.18.4, 2.18.7, 2.20.1, 2.24.7, 2.25.5, 2.26.1, 2.28.2, 2.29.5, 2.35.4, 2.36.4, 2.38.4, 2.38.7, 2.7.1, 3.2.2, 3.23.6, 3.4.1, 3.5.8, 3.5.9, 3.7.3, 3.7.4, 4.11.8, 4.29.2, 4.34.10, 4.34.12, 4.35.2, 5.10.9, 5.23.2, 6.20.7, 7.25.5, 7.26.12, 8.1.1, 8.1.2, 8.22.1, 8.22.3, 8.27.1, 8.3.3, 8.33.3, 8.4.6, 8.54.7, 8.6.4, 8.6.6, 8.7.2<br><strong>Pleiades</strong>: <a href="https://pleiades.stoa.org/places/570104" target="_blank">https://pleiades.stoa.org/places/570104</a><br><strong>ToposText</strong>: <a href="https://topostext.org/place/374229RArg" target="_blank">https://topostext.org/place/374229RArg</a>]]></description>
        <Point><coordinates>22.9,37.67</coordinates></Point>
      </Placemark>

      <Placemark>
        <name>Argolid Bk2</name>
        <description><![CDATA[<strong>name</strong>: Argolid Bk2<br><strong>region</strong>: <br><strong>part of</strong>: Peloponnesos<br><strong>altname</strong>: Argolis region<br><strong>Wikidata</strong>: <a href="https://wikidata.org/wiki/Q12649101" target="_blank">https://wikidata.org/wiki/Q12649101</a><br><strong>type</strong>: chora/region<br><strong>passages</strong>: 10.10.4, 10.15.1, 10.18.5, 2.1.1, 2.15.4, 2.15.5, 2.16.2, 2.18.4, 2.18.7, 2.20.1, 2.24.7, 2.25.5, 2.26.1, 2.28.2, 2.29.5, 2.35.4, 2.36.4, 2.38.4, 2.38.7, 2.7.1, 3.2.2, 3.23.6, 3.4.1, 3.5.8, 3.5.9, 3.7.3, 3.7.4, 4.11.8, 4.29.2, 4.34.10, 4.34.12, 4.35.2, 5.10.9, 5.23.2, 6.20.7, 7.25.5, 7.26.12, 8.1.1, 8.1.2, 8.22.1, 8.22.3, 8.27.1, 8.3.3, 8.33.3, 8.4.6, 8.54.7, 8.6.4, 8.6.6, 8.7.2<br><strong>Pleiades</strong>: <a href="https://pleiades.stoa.org/places/570104" target="_blank">https://pleiades.stoa.org/places/570104</a><br><strong>ToposText</strong>: <a href="https://topostext.org/place/374229RArg" target="_blank">https://topostext.org/place/374229RArg</a>]]></description>
        <Point><coordinates>22.9,37.67</coordinates></Point>
      </Placemark>

      <Placemark>
        <name>Argolid Bk2</name>
        <description><![CDATA[<strong>name</strong>: Argolid Bk2<br><strong>region</strong>: <br><strong>part of</strong>: Peloponnesos<br><strong>altname</strong>: Argolis region<br><strong>Wikidata</strong>: <a href="https://wikidata.org/wiki/Q12649101" target="_blank">https://wikidata.org/wiki/Q12649101</a><br><strong>type</strong>: chora/region<br><strong>passages</strong>: 10.10.4, 10.15.1, 10.18.5, 2.1.1, 2.15.4, 2.15.5, 2.16.2, 2.18.4, 2.18.7, 2.20.1, 2.24.7, 2.25.5, 2.26.1, 2.28.2, 2.29.5, 2.35.4, 2.36.4, 2.38.4, 2.38.7, 2.7.1, 3.2.2, 3.23.6, 3.4.1, 3.5.8, 3.5.9, 3.7.3, 3.7.4, 4.11.8, 4.29.2, 4.34.10, 4.34.12, 4.35.2, 5.10.9, 5.23.2, 6.20.7, 7.25.5, 7.26.12, 8.1.1, 8.1.2, 8.22.1, 8.22.3, 8.27.1, 8.3.3, 8.33.3, 8.4.6, 8.54.7, 8.6.4, 8.6.6, 8.7.2<br><strong>Pleiades</strong>: <a href="https://pleiades.stoa.org/places/570104" target="_blank">https://pleiades.stoa.org/places/570104</a><br><strong>ToposText</strong>: <a href="https://topostext.org/place/374229RArg" target="_blank">https://topostext.org/place/374229RArg</a>]]></description>
        <Point><coordinates>22.9,37.67</coordinates></Point>
      </Placemark>

      <Placemark>
        <name>Argolid Bk2</name>
        <description><![CDATA[<strong>name</strong>: Argolid Bk2<br><strong>region</strong>: <br><strong>part of</strong>: Peloponnesos<br><strong>altname</strong>: Argolis region<br><strong>Wikidata</strong>: <a href="https://wikidata.org/wiki/Q12649101" target="_blank">https://wikidata.org/wiki/Q12649101</a><br><strong>type</strong>: chora/region<br><strong>passages</strong>: 10.10.4, 10.15.1, 10.18.5, 2.1.1, 2.15.4, 2.15.5, 2.16.2, 2.18.4, 2.18.7, 2.20.1, 2.24.7, 2.25.5, 2.26.1, 2.28.2, 2.29.5, 2.35.4, 2.36.4, 2.38.4, 2.38.7, 2.7.1, 3.2.2, 3.23.6, 3.4.1, 3.5.8, 3.5.9, 3.7.3, 3.7.4, 4.11.8, 4.29.2, 4.34.10, 4.34.12, 4.35.2, 5.10.9, 5.23.2, 6.20.7, 7.25.5, 7.26.12, 8.1.1, 8.1.2, 8.22.1, 8.22.3, 8.27.1, 8.3.3, 8.33.3, 8.4.6, 8.54.7, 8.6.4, 8.6.6, 8.7.2<br><strong>Pleiades</strong>: <a href="https://pleiades.stoa.org/places/570104" target="_blank">https://pleiades.stoa.org/places/570104</a><br><strong>ToposText</strong>: <a href="https://topostext.org/place/374229RArg" target="_blank">https://topostext.org/place/374229RArg</a>]]></description>
        <Point><coordinates>22.9,37.67</coordinates></Point>
      </Placemark>

      <Placemark>
        <name>Argolid Bk2</name>
        <description><![CDATA[<strong>name</strong>: Argolid Bk2<br><strong>region</strong>: <br><strong>part of</strong>: Peloponnesos<br><strong>altname</strong>: Argolis region<br><strong>Wikidata</strong>: <a href="https://wikidata.org/wiki/Q12649101" target="_blank">https://wikidata.org/wiki/Q12649101</a><br><strong>type</strong>: chora/region<br><strong>passages</strong>: 10.10.4, 10.15.1, 10.18.5, 2.1.1, 2.15.4, 2.15.5, 2.16.2, 2.18.4, 2.18.7, 2.20.1, 2.24.7, 2.25.5, 2.26.1, 2.28.2, 2.29.5, 2.35.4, 2.36.4, 2.38.4, 2.38.7, 2.7.1, 3.2.2, 3.23.6, 3.4.1, 3.5.8, 3.5.9, 3.7.3, 3.7.4, 4.11.8, 4.29.2, 4.34.10, 4.34.12, 4.35.2, 5.10.9, 5.23.2, 6.20.7, 7.25.5, 7.26.12, 8.1.1, 8.1.2, 8.22.1, 8.22.3, 8.27.1, 8.3.3, 8.33.3, 8.4.6, 8.54.7, 8.6.4, 8.6.6, 8.7.2<br><strong>Pleiades</strong>: <a href="https://pleiades.stoa.org/places/570104" target="_blank">https://pleiades.stoa.org/places/570104</a><br><strong>ToposText</strong>: <a href="https://topostext.org/place/374229RArg" target="_blank">https://topostext.org/place/374229RArg</a>]]></description>
        <Point><coordinates>22.9,37.67</coordinates></Point>
      </Placemark>

      <Placemark>
        <name>Ancient sanctuary just south of Skyras river</name>
        <description><![CDATA[<strong>name</strong>: Ancient sanctuary just south of Skyras river<br><strong>region</strong>: Lakonia Bk3<br><strong>part of</strong>: Skyras river (Lakonia)<br><strong>type</strong>: hieron<br><strong>passages</strong>: 3.25.1]]></description>
        <Point><coordinates>22.51748,36.68812</coordinates></Point>
      </Placemark>

      <Placemark>
        <name>temple in Asklepieion at Pergamon</name>
        <description><![CDATA[<strong>name</strong>: temple in Asklepieion at Pergamon<br><strong>region</strong>: Asia Minor (Asia)<br><strong>part of</strong>: Asklepieion of Pergamon<br><strong>location</strong>: Asklepieion of Pergamon<br><strong>type</strong>: temple<br><strong>passages</strong>: 3.26.10]]></description>
        <Point><coordinates>27.165609000000003,39.118873</coordinates></Point>
      </Placemark>

      <Placemark>
        <name>Tomb of Idas and Lynkeas at Sparta near Skias</name>
        <description><![CDATA[<strong>name</strong>: Tomb of Idas and Lynkeas at Sparta near Skias<br><strong>region</strong>: Lakonia Bk3<br><strong>part of</strong>: Skias of Sparta<br><strong>location</strong>: Skias of Sparta<br><strong>Wikidata</strong>: <a href="https://wikidata.org/wiki/Q124616315" target="_blank">https://wikidata.org/wiki/Q124616315</a><br><strong>type</strong>: tomb taphos<br><strong>passages</strong>: 3.13.1<br><strong>Manto</strong>: <a href="https://resource.manto.unh.edu/10151187" target="_blank">https://resource.manto.unh.edu/10151187</a>]]></description>
        <Point><coordinates>22.4237,37.0821</coordinates></Point>
      </Placemark>

      <Placemark>
        <name>Side (Lakonia)</name>
        <description><![CDATA[<strong>name</strong>: Side (Lakonia)<br><strong>region</strong>: Lakonia Bk3<br><strong>part of</strong>: Lakonia Bk3<br><strong>Wikidata</strong>: <a href="https://wikidata.org/wiki/Q16631417" target="_blank">https://wikidata.org/wiki/Q16631417</a><br><strong>type</strong>: polis<br><strong>passages</strong>: 3.22.11<br><strong>Pleiades</strong>: <a href="https://pleiades.stoa.org/places/570669" target="_blank">https://pleiades.stoa.org/places/570669</a><br><strong>ToposText</strong>: <a href="https://topostext.org/place/363233PSid" target="_blank">https://topostext.org/place/363233PSid</a>]]></description>
        <Point><coordinates>23.164,36.476</coordinates></Point>
      </Placemark>

      <Placemark>
        <name>Cadmeia of Thebes</name>
        <description><![CDATA[<strong>name</strong>: Cadmeia of Thebes<br><strong>region</strong>: Boiotia Bk9<br><strong>part of</strong>: Thebes (Boeotia)<br><strong>Wikidata</strong>: <a href="https://wikidata.org/wiki/Q1276854" target="_blank">https://wikidata.org/wiki/Q1276854</a><br><strong>type</strong>: acropolis, settlement<br><strong>passages</strong>: 2.5.2, 2.6.4, 3.17.1, 8.33.2, 9.1.4, 9.12.3, 9.5.2, 9.5.3, 9.5.4, 9.5.5, 9.5.6, 9.7.6<br><strong>Pleiades</strong>: <a href="https://pleiades.stoa.org/places/239936126" target="_blank">https://pleiades.stoa.org/places/239936126</a><br><strong>ToposText</strong>: <a href="https://topostext.org/place/383233XCad" target="_blank">https://topostext.org/place/383233XCad</a>]]></description>
        <Point><coordinates>23.3178,38.3209</coordinates></Point>
      </Placemark>

      <Placemark>
        <name>Brasiae (Laconia)</name>
        <description><![CDATA[<strong>name</strong>: Brasiae (Laconia)<br><strong>region</strong>: Lakonia Bk3<br><strong>part of</strong>: Lakonia Bk3<br><strong>altname</strong>: Prasiai Oreiatai<br><strong>Wikidata</strong>: <a href="https://wikidata.org/wiki/Q4957784" target="_blank">https://wikidata.org/wiki/Q4957784</a><br><strong>type</strong>: polis<br><strong>passages</strong>: 3.21.7, 3.24.3, 3.24.4, 3.24.5<br><strong>Pleiades</strong>: <a href="https://pleiades.stoa.org/places/570629" target="_blank">https://pleiades.stoa.org/places/570629</a><br><strong>ToposText</strong>: <a href="https://topostext.org/place/371229PPra" target="_blank">https://topostext.org/place/371229PPra</a>]]></description>
        <Point><coordinates>22.890275,37.144402</coordinates></Point>
      </Placemark>

      <Placemark>
        <name>Brasiae (Laconia)</name>
        <description><![CDATA[<strong>name</strong>: Brasiae (Laconia)<br><strong>region</strong>: Lakonia Bk3<br><strong>part of</strong>: Lakonia Bk3<br><strong>altname</strong>: Prasiai Oreiatai<br><strong>Wikidata</strong>: <a href="https://wikidata.org/wiki/Q4957784" target="_blank">https://wikidata.org/wiki/Q4957784</a><br><strong>type</strong>: polis<br><strong>passages</strong>: 3.21.7, 3.24.3, 3.24.4, 3.24.5<br><strong>Pleiades</strong>: <a href="https://pleiades.stoa.org/places/570629" target="_blank">https://pleiades.stoa.org/places/570629</a><br><strong>ToposText</strong>: <a href="https://topostext.org/place/371229PPra" target="_blank">https://topostext.org/place/371229PPra</a>]]></description>
        <Point><coordinates>22.890275,37.144402</coordinates></Point>
      </Placemark>

      <Placemark>
        <name>Brasiae (Laconia)</name>
        <description><![CDATA[<strong>name</strong>: Brasiae (Laconia)<br><strong>region</strong>: Lakonia Bk3<br><strong>part of</strong>: Lakonia Bk3<br><strong>altname</strong>: Prasiai Oreiatai<br><strong>Wikidata</strong>: <a href="https://wikidata.org/wiki/Q4957784" target="_blank">https://wikidata.org/wiki/Q4957784</a><br><strong>type</strong>: polis<br><strong>passages</strong>: 3.21.7, 3.24.3, 3.24.4, 3.24.5<br><strong>Pleiades</strong>: <a href="https://pleiades.stoa.org/places/570629" target="_blank">https://pleiades.stoa.org/places/570629</a><br><strong>ToposText</strong>: <a href="https://topostext.org/place/371229PPra" target="_blank">https://topostext.org/place/371229PPra</a>]]></description>
        <Point><coordinates>22.890275,37.144402</coordinates></Point>
      </Placemark>

      <Placemark>
        <name>Brasiae (Laconia)</name>
        <description><![CDATA[<strong>name</strong>: Brasiae (Laconia)<br><strong>region</strong>: Lakonia Bk3<br><strong>part of</strong>: Lakonia Bk3<br><strong>altname</strong>: Prasiai Oreiatai<br><strong>Wikidata</strong>: <a href="https://wikidata.org/wiki/Q4957784" target="_blank">https://wikidata.org/wiki/Q4957784</a><br><strong>type</strong>: polis<br><strong>passages</strong>: 3.21.7, 3.24.3, 3.24.4, 3.24.5<br><strong>Pleiades</strong>: <a href="https://pleiades.stoa.org/places/570629" target="_blank">https://pleiades.stoa.org/places/570629</a><br><strong>ToposText</strong>: <a href="https://topostext.org/place/371229PPra" target="_blank">https://topostext.org/place/371229PPra</a>]]></description>
        <Point><coordinates>22.890275,37.144402</coordinates></Point>
      </Placemark>

      <Placemark>
        <name>Sacred spring at Sanctuary of Ino</name>
        <description><![CDATA[<strong>name</strong>: Sacred spring at Sanctuary of Ino<br><strong>region</strong>: Lakonia Bk3<br><strong>part of</strong>: Oracular sanctuary of Ino on Oitylos-Thalamai road<br><strong>location</strong>: Oracular sanctuary of Ino on Oitylos-Thalamai road<br><strong>type</strong>: spring pege<br><strong>passages</strong>: 3.26.1]]></description>
        <Point><coordinates>22.3257,36.7862</coordinates></Point>
      </Placemark>

      <Placemark>
        <name>Aigina island Bk2</name>
        <description><![CDATA[<strong>name</strong>: Aigina island Bk2<br><strong>region</strong>: <br><strong>part of</strong>: Saronic Gulf<br><strong>altname</strong>: Aegina<br><strong>Wikidata</strong>: <a href="https://wikidata.org/wiki/Q191082" target="_blank">https://wikidata.org/wiki/Q191082</a><br><strong>type</strong>: island<br><strong>passages</strong>: 10.30.4, 2.29.10, 2.29.2, 2.29.5, 2.29.6, 2.30.3, 2.30.4, 2.30.5, 2.38.5, 2.5.2, 3.4.2, 3.4.3, 5.25.13, 8.42.10<br><strong>Pleiades</strong>: <a href="https://pleiades.stoa.org/places/579844" target="_blank">https://pleiades.stoa.org/places/579844</a><br><strong>URL</strong>: <a href="https://imperium.ahlfeldt.se/places/43633" target="_blank">https://imperium.ahlfeldt.se/places/43633</a>]]></description>
        <Point><coordinates>23.42372,37.74991</coordinates></Point>
      </Placemark>

      <Placemark>
        <name>Aigina island Bk2</name>
        <description><![CDATA[<strong>name</strong>: Aigina island Bk2<br><strong>region</strong>: <br><strong>part of</strong>: Saronic Gulf<br><strong>altname</strong>: Aegina<br><strong>Wikidata</strong>: <a href="https://wikidata.org/wiki/Q191082" target="_blank">https://wikidata.org/wiki/Q191082</a><br><strong>type</strong>: island<br><strong>passages</strong>: 10.30.4, 2.29.10, 2.29.2, 2.29.5, 2.29.6, 2.30.3, 2.30.4, 2.30.5, 2.38.5, 2.5.2, 3.4.2, 3.4.3, 5.25.13, 8.42.10<br><strong>Pleiades</strong>: <a href="https://pleiades.stoa.org/places/579844" target="_blank">https://pleiades.stoa.org/places/579844</a><br><strong>URL</strong>: <a href="https://imperium.ahlfeldt.se/places/43633" target="_blank">https://imperium.ahlfeldt.se/places/43633</a>]]></description>
        <Point><coordinates>23.42372,37.74991</coordinates></Point>
      </Placemark>

      <Placemark>
        <name>Hermai (Lakonia)</name>
        <description><![CDATA[<strong>name</strong>: Hermai (Lakonia)<br><strong>region</strong>: Lakonia Bk3<br><strong>part of</strong>: Lakonia Bk3<br><strong>Wikidata</strong>: <a href="https://wikidata.org/wiki/Q123501155" target="_blank">https://wikidata.org/wiki/Q123501155</a><br><strong>type</strong>: border<br><strong>passages</strong>: 2.38.7, 3.1.1, 3.10.6<br><strong>Pleiades</strong>: <a href="https://pleiades.stoa.org/places/570291" target="_blank">https://pleiades.stoa.org/places/570291</a><br><strong>ToposText</strong>: <a href="https://topostext.org/place/373225SHer" target="_blank">https://topostext.org/place/373225SHer</a>]]></description>
        <Point><coordinates>22.5324,37.3091</coordinates></Point>
      </Placemark>

      <Placemark>
        <name>Hermai (Lakonia)</name>
        <description><![CDATA[<strong>name</strong>: Hermai (Lakonia)<br><strong>region</strong>: Lakonia Bk3<br><strong>part of</strong>: Lakonia Bk3<br><strong>Wikidata</strong>: <a href="https://wikidata.org/wiki/Q123501155" target="_blank">https://wikidata.org/wiki/Q123501155</a><br><strong>type</strong>: border<br><strong>passages</strong>: 2.38.7, 3.1.1, 3.10.6<br><strong>Pleiades</strong>: <a href="https://pleiades.stoa.org/places/570291" target="_blank">https://pleiades.stoa.org/places/570291</a><br><strong>ToposText</strong>: <a href="https://topostext.org/place/373225SHer" target="_blank">https://topostext.org/place/373225SHer</a>]]></description>
        <Point><coordinates>22.5324,37.3091</coordinates></Point>
      </Placemark>

      <Placemark>
        <name>Euoras</name>
        <description><![CDATA[<strong>name</strong>: Euoras<br><strong>region</strong>: Lakonia Bk3<br><strong>part of</strong>: Taygetos (mountain)<br><strong>location</strong>: Taygetos (mountain)<br><strong>altname</strong>: unlocated place on Mt. Taygetos<br><strong>type</strong>: chorion<br><strong>passages</strong>: 3.20.4, 3.20.5<br><strong>Pleiades</strong>: <a href="https://pleiades.stoa.org/places/573222" target="_blank">https://pleiades.stoa.org/places/573222</a>]]></description>
        <Point><coordinates>22.3503405,36.9528148</coordinates></Point>
      </Placemark>

      <Placemark>
        <name>Euoras</name>
        <description><![CDATA[<strong>name</strong>: Euoras<br><strong>region</strong>: Lakonia Bk3<br><strong>part of</strong>: Taygetos (mountain)<br><strong>location</strong>: Taygetos (mountain)<br><strong>altname</strong>: unlocated place on Mt. Taygetos<br><strong>type</strong>: chorion<br><strong>passages</strong>: 3.20.4, 3.20.5<br><strong>Pleiades</strong>: <a href="https://pleiades.stoa.org/places/573222" target="_blank">https://pleiades.stoa.org/places/573222</a>]]></description>
        <Point><coordinates>22.3503405,36.9528148</coordinates></Point>
      </Placemark>

      <Placemark>
        <name>Two bridges over moat at Platanistas at Sparta</name>
        <description><![CDATA[<strong>name</strong>: Two bridges over moat at Platanistas at Sparta<br><strong>region</strong>: Lakonia Bk3<br><strong>part of</strong>: Platanista grove (Lakonia)<br><strong>location</strong>: Platanista grove (Lakonia)<br><strong>type</strong>: bridge<br><strong>passages</strong>: 3.14.10, 3.14.8]]></description>
        <Point><coordinates>22.4191,37.0841</coordinates></Point>
      </Placemark>

      <Placemark>
        <name>Two bridges over moat at Platanistas at Sparta</name>
        <description><![CDATA[<strong>name</strong>: Two bridges over moat at Platanistas at Sparta<br><strong>region</strong>: Lakonia Bk3<br><strong>part of</strong>: Platanista grove (Lakonia)<br><strong>location</strong>: Platanista grove (Lakonia)<br><strong>type</strong>: bridge<br><strong>passages</strong>: 3.14.10, 3.14.8]]></description>
        <Point><coordinates>22.4191,37.0841</coordinates></Point>
      </Placemark>

      <Placemark>
        <name>Dereion</name>
        <description><![CDATA[<strong>name</strong>: Dereion<br><strong>region</strong>: Lakonia Bk3<br><strong>part of</strong>: Taygetos (mountain)<br><strong>location</strong>: Taygetos (mountain)<br><strong>Wikidata</strong>: <a href="https://wikidata.org/wiki/Q60792061" target="_blank">https://wikidata.org/wiki/Q60792061</a><br><strong>type</strong>: settlement<br><strong>passages</strong>: 3.20.7<br><strong>Pleiades</strong>: <a href="https://pleiades.stoa.org/places/573183" target="_blank">https://pleiades.stoa.org/places/573183</a>]]></description>
        <Point><coordinates>22.3503405,36.9528148</coordinates></Point>
      </Placemark>

      <Placemark>
        <name>Tomb of Eukosmos son of Lykourgos in Sparta</name>
        <description><![CDATA[<strong>name</strong>: Tomb of Eukosmos son of Lykourgos in Sparta<br><strong>region</strong>: Lakonia Bk3<br><strong>part of</strong>: Sanctuary of Lykourgos in Sparta<br><strong>location</strong>: Sanctuary of Lykourgos in Sparta<br><strong>Wikidata</strong>: <a href="https://wikidata.org/wiki/Q124616327" target="_blank">https://wikidata.org/wiki/Q124616327</a><br><strong>type</strong>: tomb taphos<br><strong>passages</strong>: 3.16.6]]></description>
        <Point><coordinates>22.4237,37.0821</coordinates></Point>
      </Placemark>

      <Placemark>
        <name>Aigys</name>
        <description><![CDATA[<strong>name</strong>: Aigys<br><strong>region</strong>: Lakonia Bk3<br><strong>part of</strong>: Aigytis<br><strong>Wikidata</strong>: <a href="https://wikidata.org/wiki/Q15872679" target="_blank">https://wikidata.org/wiki/Q15872679</a><br><strong>type</strong>: settlement<br><strong>passages</strong>: 3.2.5, 8.27.4<br><strong>Pleiades</strong>: <a href="https://pleiades.stoa.org/places/570052" target="_blank">https://pleiades.stoa.org/places/570052</a>]]></description>
        <Point><coordinates>22.165456,37.246287</coordinates></Point>
      </Placemark>

      <Placemark>
        <name>Delos (settlement)</name>
        <description><![CDATA[<strong>name</strong>: Delos (settlement)<br><strong>region</strong>: Aegean Sea (Hellas)<br><strong>part of</strong>: Delos island<br><strong>altname</strong>: Greek trading city on Delos island, depopulated except the sanctuary in Pausanias&apos; time<br><strong>Wikidata</strong>: <a href="https://wikidata.org/wiki/Q131911921" target="_blank">https://wikidata.org/wiki/Q131911921</a><br><strong>type</strong>: polis<br><strong>passages</strong>: 3.23.3, 3.23.4, 3.23.5, 4.36.6, 8.33.2, 9.34.6<br><strong>Pleiades</strong>: <a href="https://pleiades.stoa.org/places/599587" target="_blank">https://pleiades.stoa.org/places/599587</a>]]></description>
        <Point><coordinates>25.268194,37.397274</coordinates></Point>
      </Placemark>

      <Placemark>
        <name>Delos (settlement)</name>
        <description><![CDATA[<strong>name</strong>: Delos (settlement)<br><strong>region</strong>: Aegean Sea (Hellas)<br><strong>part of</strong>: Delos island<br><strong>altname</strong>: Greek trading city on Delos island, depopulated except the sanctuary in Pausanias&apos; time<br><strong>Wikidata</strong>: <a href="https://wikidata.org/wiki/Q131911921" target="_blank">https://wikidata.org/wiki/Q131911921</a><br><strong>type</strong>: polis<br><strong>passages</strong>: 3.23.3, 3.23.4, 3.23.5, 4.36.6, 8.33.2, 9.34.6<br><strong>Pleiades</strong>: <a href="https://pleiades.stoa.org/places/599587" target="_blank">https://pleiades.stoa.org/places/599587</a>]]></description>
        <Point><coordinates>25.268194,37.397274</coordinates></Point>
      </Placemark>

      <Placemark>
        <name>Delos (settlement)</name>
        <description><![CDATA[<strong>name</strong>: Delos (settlement)<br><strong>region</strong>: Aegean Sea (Hellas)<br><strong>part of</strong>: Delos island<br><strong>altname</strong>: Greek trading city on Delos island, depopulated except the sanctuary in Pausanias&apos; time<br><strong>Wikidata</strong>: <a href="https://wikidata.org/wiki/Q131911921" target="_blank">https://wikidata.org/wiki/Q131911921</a><br><strong>type</strong>: polis<br><strong>passages</strong>: 3.23.3, 3.23.4, 3.23.5, 4.36.6, 8.33.2, 9.34.6<br><strong>Pleiades</strong>: <a href="https://pleiades.stoa.org/places/599587" target="_blank">https://pleiades.stoa.org/places/599587</a>]]></description>
        <Point><coordinates>25.268194,37.397274</coordinates></Point>
      </Placemark>

      <Placemark>
        <name>Temple of Kassandra/Alexandra in Leuktra</name>
        <description><![CDATA[<strong>name</strong>: Temple of Kassandra/Alexandra in Leuktra<br><strong>region</strong>: Lakonia Bk3<br><strong>part of</strong>: Leuktra (Lakonia)<br><strong>location</strong>: Leuktra (Lakonia)<br><strong>Wikidata</strong>: <a href="https://wikidata.org/wiki/Q124616406" target="_blank">https://wikidata.org/wiki/Q124616406</a><br><strong>type</strong>: temple<br><strong>passages</strong>: 3.26.5]]></description>
        <Point><coordinates>22.26501,36.84279</coordinates></Point>
      </Placemark>

      <Placemark>
        <name>Agora of Aigion</name>
        <description><![CDATA[<strong>name</strong>: Agora of Aigion<br><strong>region</strong>: Achaia Bk7<br><strong>part of</strong>: Aigion (Achaia)<br><strong>location</strong>: Aigion (Achaia)<br><strong>Wikidata</strong>: <a href="https://wikidata.org/wiki/Q124606121" target="_blank">https://wikidata.org/wiki/Q124606121</a><br><strong>type</strong>: agora<br><strong>passages</strong>: 3.12.7, 7.23.9, 7.24.1]]></description>
        <Point><coordinates>22.09,38.252</coordinates></Point>
      </Placemark>

      <Placemark>
        <name>Pephnos islet, birthplace of Dioskouroi</name>
        <description><![CDATA[<strong>name</strong>: Pephnos islet, birthplace of Dioskouroi<br><strong>region</strong>: Lakonia Bk3<br><strong>part of</strong>: Pephnos<br><strong>location</strong>: Pephnos<br><strong>type</strong>: island<br><strong>passages</strong>: 3.26.2]]></description>
        <Point><coordinates>22.296786,36.812375</coordinates></Point>
      </Placemark>

      <Placemark>
        <name>Attica Bk1</name>
        <description><![CDATA[<strong>name</strong>: Attica Bk1<br><strong>region</strong>: Attica Bk1<br><strong>part of</strong>: Hellas (Europe)<br><strong>Wikidata</strong>: <a href="https://wikidata.org/wiki/Q122443" target="_blank">https://wikidata.org/wiki/Q122443</a><br><strong>type</strong>: chora/region<br><strong>passages</strong>: 1.1.1, 1.14.2, 1.2.6, 1.20.6, 1.21.1, 1.22.3, 1.22.7, 1.23.5, 1.24.5, 1.24.8, 1.25.6, 1.26.3, 1.26.5, 1.26.6, 1.27.10, 1.27.2, 1.28.10, 1.28.11, 1.28.4, 1.28.9, 1.29.2, 1.29.6, 1.29.7, 1.30.4, 1.31.1, 1.31.3, 1.31.5, 1.32.1, 1.32.3, 1.34.1, 1.34.2, 1.35.1, 1.36.3, 1.37.7, 1.38.1, 1.38.4, 1.38.8, 1.44.10, 10.17.5, 10.25.2, 10.33.4, 10.35.8, 2.1.1, 2.1.6, 2.30.9, 2.32.9, 2.6.5, 2.6.6, 3.12.7, 3.5.1, 3.7.10, 3.8.6, 4.1.8, 4.34.8, 5.10.4, 5.11.7, 5.13.8, 5.15.7, 5.25.13, 5.4.7, 6.19.12, 7.1.5, 7.1.9, 7.11.8, 7.17.2, 7.18.2, 7.25.2, 7.3.6, 7.5.5, 7.6.3, 7.7.7, 8.23.3, 9.1.1, 9.1.6, 9.13.6, 9.23.5<br><strong>Pleiades</strong>: <a href="https://pleiades.stoa.org/places/579888" target="_blank">https://pleiades.stoa.org/places/579888</a>]]></description>
        <Point><coordinates>23.8189911,38.05199883</coordinates></Point>
      </Placemark>

      <Placemark>
        <name>Attica Bk1</name>
        <description><![CDATA[<strong>name</strong>: Attica Bk1<br><strong>region</strong>: Attica Bk1<br><strong>part of</strong>: Hellas (Europe)<br><strong>Wikidata</strong>: <a href="https://wikidata.org/wiki/Q122443" target="_blank">https://wikidata.org/wiki/Q122443</a><br><strong>type</strong>: chora/region<br><strong>passages</strong>: 1.1.1, 1.14.2, 1.2.6, 1.20.6, 1.21.1, 1.22.3, 1.22.7, 1.23.5, 1.24.5, 1.24.8, 1.25.6, 1.26.3, 1.26.5, 1.26.6, 1.27.10, 1.27.2, 1.28.10, 1.28.11, 1.28.4, 1.28.9, 1.29.2, 1.29.6, 1.29.7, 1.30.4, 1.31.1, 1.31.3, 1.31.5, 1.32.1, 1.32.3, 1.34.1, 1.34.2, 1.35.1, 1.36.3, 1.37.7, 1.38.1, 1.38.4, 1.38.8, 1.44.10, 10.17.5, 10.25.2, 10.33.4, 10.35.8, 2.1.1, 2.1.6, 2.30.9, 2.32.9, 2.6.5, 2.6.6, 3.12.7, 3.5.1, 3.7.10, 3.8.6, 4.1.8, 4.34.8, 5.10.4, 5.11.7, 5.13.8, 5.15.7, 5.25.13, 5.4.7, 6.19.12, 7.1.5, 7.1.9, 7.11.8, 7.17.2, 7.18.2, 7.25.2, 7.3.6, 7.5.5, 7.6.3, 7.7.7, 8.23.3, 9.1.1, 9.1.6, 9.13.6, 9.23.5<br><strong>Pleiades</strong>: <a href="https://pleiades.stoa.org/places/579888" target="_blank">https://pleiades.stoa.org/places/579888</a>]]></description>
        <Point><coordinates>23.8189911,38.05199883</coordinates></Point>
      </Placemark>

      <Placemark>
        <name>Attica Bk1</name>
        <description><![CDATA[<strong>name</strong>: Attica Bk1<br><strong>region</strong>: Attica Bk1<br><strong>part of</strong>: Hellas (Europe)<br><strong>Wikidata</strong>: <a href="https://wikidata.org/wiki/Q122443" target="_blank">https://wikidata.org/wiki/Q122443</a><br><strong>type</strong>: chora/region<br><strong>passages</strong>: 1.1.1, 1.14.2, 1.2.6, 1.20.6, 1.21.1, 1.22.3, 1.22.7, 1.23.5, 1.24.5, 1.24.8, 1.25.6, 1.26.3, 1.26.5, 1.26.6, 1.27.10, 1.27.2, 1.28.10, 1.28.11, 1.28.4, 1.28.9, 1.29.2, 1.29.6, 1.29.7, 1.30.4, 1.31.1, 1.31.3, 1.31.5, 1.32.1, 1.32.3, 1.34.1, 1.34.2, 1.35.1, 1.36.3, 1.37.7, 1.38.1, 1.38.4, 1.38.8, 1.44.10, 10.17.5, 10.25.2, 10.33.4, 10.35.8, 2.1.1, 2.1.6, 2.30.9, 2.32.9, 2.6.5, 2.6.6, 3.12.7, 3.5.1, 3.7.10, 3.8.6, 4.1.8, 4.34.8, 5.10.4, 5.11.7, 5.13.8, 5.15.7, 5.25.13, 5.4.7, 6.19.12, 7.1.5, 7.1.9, 7.11.8, 7.17.2, 7.18.2, 7.25.2, 7.3.6, 7.5.5, 7.6.3, 7.7.7, 8.23.3, 9.1.1, 9.1.6, 9.13.6, 9.23.5<br><strong>Pleiades</strong>: <a href="https://pleiades.stoa.org/places/579888" target="_blank">https://pleiades.stoa.org/places/579888</a>]]></description>
        <Point><coordinates>23.8189911,38.05199883</coordinates></Point>
      </Placemark>

      <Placemark>
        <name>Attica Bk1</name>
        <description><![CDATA[<strong>name</strong>: Attica Bk1<br><strong>region</strong>: Attica Bk1<br><strong>part of</strong>: Hellas (Europe)<br><strong>Wikidata</strong>: <a href="https://wikidata.org/wiki/Q122443" target="_blank">https://wikidata.org/wiki/Q122443</a><br><strong>type</strong>: chora/region<br><strong>passages</strong>: 1.1.1, 1.14.2, 1.2.6, 1.20.6, 1.21.1, 1.22.3, 1.22.7, 1.23.5, 1.24.5, 1.24.8, 1.25.6, 1.26.3, 1.26.5, 1.26.6, 1.27.10, 1.27.2, 1.28.10, 1.28.11, 1.28.4, 1.28.9, 1.29.2, 1.29.6, 1.29.7, 1.30.4, 1.31.1, 1.31.3, 1.31.5, 1.32.1, 1.32.3, 1.34.1, 1.34.2, 1.35.1, 1.36.3, 1.37.7, 1.38.1, 1.38.4, 1.38.8, 1.44.10, 10.17.5, 10.25.2, 10.33.4, 10.35.8, 2.1.1, 2.1.6, 2.30.9, 2.32.9, 2.6.5, 2.6.6, 3.12.7, 3.5.1, 3.7.10, 3.8.6, 4.1.8, 4.34.8, 5.10.4, 5.11.7, 5.13.8, 5.15.7, 5.25.13, 5.4.7, 6.19.12, 7.1.5, 7.1.9, 7.11.8, 7.17.2, 7.18.2, 7.25.2, 7.3.6, 7.5.5, 7.6.3, 7.7.7, 8.23.3, 9.1.1, 9.1.6, 9.13.6, 9.23.5<br><strong>Pleiades</strong>: <a href="https://pleiades.stoa.org/places/579888" target="_blank">https://pleiades.stoa.org/places/579888</a>]]></description>
        <Point><coordinates>23.8189911,38.05199883</coordinates></Point>
      </Placemark>

      <Placemark>
        <name>Enopa</name>
        <description><![CDATA[<strong>name</strong>: Enopa<br><strong>region</strong>: Lakonia Bk3<br><strong>part of</strong>: Lakonia Bk3<br><strong>location</strong>: Gerenia (Messenia)<br><strong>Wikidata</strong>: <a href="https://wikidata.org/wiki/Q16652092" target="_blank">https://wikidata.org/wiki/Q16652092</a><br><strong>type</strong>: polis<br><strong>passages</strong>: 3.26.8<br><strong>Pleiades</strong>: <a href="https://pleiades.stoa.org/places/573205" target="_blank">https://pleiades.stoa.org/places/573205</a>]]></description>
        <Point><coordinates>22.195,36.934</coordinates></Point>
      </Placemark>

      <Placemark>
        <name>Migonion</name>
        <description><![CDATA[<strong>name</strong>: Migonion<br><strong>region</strong>: Lakonia Bk3<br><strong>part of</strong>: Gythion<br><strong>Wikidata</strong>: <a href="https://wikidata.org/wiki/Q110372255" target="_blank">https://wikidata.org/wiki/Q110372255</a><br><strong>type</strong>: place<br><strong>passages</strong>: 3.22.1, 3.22.2<br><strong>Pleiades</strong>: <a href="https://pleiades.stoa.org/places/573377" target="_blank">https://pleiades.stoa.org/places/573377</a>]]></description>
        <Point><coordinates>22.569,36.755</coordinates></Point>
      </Placemark>

      <Placemark>
        <name>Migonion</name>
        <description><![CDATA[<strong>name</strong>: Migonion<br><strong>region</strong>: Lakonia Bk3<br><strong>part of</strong>: Gythion<br><strong>Wikidata</strong>: <a href="https://wikidata.org/wiki/Q110372255" target="_blank">https://wikidata.org/wiki/Q110372255</a><br><strong>type</strong>: place<br><strong>passages</strong>: 3.22.1, 3.22.2<br><strong>Pleiades</strong>: <a href="https://pleiades.stoa.org/places/573377" target="_blank">https://pleiades.stoa.org/places/573377</a>]]></description>
        <Point><coordinates>22.569,36.755</coordinates></Point>
      </Placemark>

      <Placemark>
        <name>Temple of Athena Ophthalmitis at Sparta</name>
        <description><![CDATA[<strong>name</strong>: Temple of Athena Ophthalmitis at Sparta<br><strong>region</strong>: Lakonia Bk3<br><strong>part of</strong>: Sparta<br><strong>location</strong>: Sparta<br><strong>Wikidata</strong>: <a href="https://wikidata.org/wiki/Q124616508" target="_blank">https://wikidata.org/wiki/Q124616508</a><br><strong>type</strong>: temple<br><strong>passages</strong>: 3.18.2]]></description>
        <Point><coordinates>22.4237,37.0821</coordinates></Point>
      </Placemark>

      <Placemark>
        <name>sanctuary of Apollo near Choros, Sparta</name>
        <description><![CDATA[<strong>name</strong>: sanctuary of Apollo near Choros, Sparta<br><strong>region</strong>: Lakonia Bk3<br><strong>part of</strong>: Choros (Sparta)<br><strong>location</strong>: Choros (Sparta)<br><strong>Wikidata</strong>: <a href="https://wikidata.org/wiki/Q124616591" target="_blank">https://wikidata.org/wiki/Q124616591</a><br><strong>type</strong>: hieron<br><strong>passages</strong>: 3.11.9]]></description>
        <Point><coordinates>22.42665,37.0815</coordinates></Point>
      </Placemark>

      <Placemark>
        <name>Sanctuary of Artemis Limnatis beween Lakonia and Messenia</name>
        <description><![CDATA[<strong>name</strong>: Sanctuary of Artemis Limnatis beween Lakonia and Messenia<br><strong>region</strong>: Lakonia Bk3<br><strong>part of</strong>: Limnai (Messenia)<br><strong>Wikidata</strong>: <a href="https://wikidata.org/wiki/Q107161014" target="_blank">https://wikidata.org/wiki/Q107161014</a><br><strong>type</strong>: hieron<br><strong>passages</strong>: 3.2.6, 3.7.4, 4.31.3, 4.4.2<br><strong>ToposText</strong>: <a href="https://topostext.org/place/371222SLim" target="_blank">https://topostext.org/place/371222SLim</a>]]></description>
        <Point><coordinates>22.1714,37.1109</coordinates></Point>
      </Placemark>

      <Placemark>
        <name>Sanctuary of Artemis Limnatis beween Lakonia and Messenia</name>
        <description><![CDATA[<strong>name</strong>: Sanctuary of Artemis Limnatis beween Lakonia and Messenia<br><strong>region</strong>: Lakonia Bk3<br><strong>part of</strong>: Limnai (Messenia)<br><strong>Wikidata</strong>: <a href="https://wikidata.org/wiki/Q107161014" target="_blank">https://wikidata.org/wiki/Q107161014</a><br><strong>type</strong>: hieron<br><strong>passages</strong>: 3.2.6, 3.7.4, 4.31.3, 4.4.2<br><strong>ToposText</strong>: <a href="https://topostext.org/place/371222SLim" target="_blank">https://topostext.org/place/371222SLim</a>]]></description>
        <Point><coordinates>22.1714,37.1109</coordinates></Point>
      </Placemark>

      <Placemark>
        <name>Sardis/Hyde?</name>
        <description><![CDATA[<strong>name</strong>: Sardis/Hyde?<br><strong>region</strong>: Asia Minor (Asia)<br><strong>part of</strong>: Lydia (province)<br><strong>Wikidata</strong>: <a href="https://wikidata.org/wiki/Q232615" target="_blank">https://wikidata.org/wiki/Q232615</a><br><strong>type</strong>: settlement<br><strong>passages</strong>: 3.9.5, 3.9.8, 4.24.2, 5.6.5<br><strong>Pleiades</strong>: <a href="https://pleiades.stoa.org/places/550867" target="_blank">https://pleiades.stoa.org/places/550867</a>]]></description>
        <Point><coordinates>28.040278,38.488333</coordinates></Point>
      </Placemark>

      <Placemark>
        <name>Sardis/Hyde?</name>
        <description><![CDATA[<strong>name</strong>: Sardis/Hyde?<br><strong>region</strong>: Asia Minor (Asia)<br><strong>part of</strong>: Lydia (province)<br><strong>Wikidata</strong>: <a href="https://wikidata.org/wiki/Q232615" target="_blank">https://wikidata.org/wiki/Q232615</a><br><strong>type</strong>: settlement<br><strong>passages</strong>: 3.9.5, 3.9.8, 4.24.2, 5.6.5<br><strong>Pleiades</strong>: <a href="https://pleiades.stoa.org/places/550867" target="_blank">https://pleiades.stoa.org/places/550867</a>]]></description>
        <Point><coordinates>28.040278,38.488333</coordinates></Point>
      </Placemark>

      <Placemark>
        <name>City gates of Sparta from Chiton</name>
        <description><![CDATA[<strong>name</strong>: City gates of Sparta from Chiton<br><strong>region</strong>: Lakonia Bk3<br><strong>part of</strong>: city walls of Sparta<br><strong>location</strong>: Sparta<br><strong>type</strong>: gate<br><strong>passages</strong>: 3.16.4]]></description>
        <Point><coordinates>22.4237,37.0821</coordinates></Point>
      </Placemark>

      <Placemark>
        <name>Tanagra (Boeotia)</name>
        <description><![CDATA[<strong>name</strong>: Tanagra (Boeotia)<br><strong>region</strong>: Boiotia Bk9<br><strong>part of</strong>: Tanagraia<br><strong>Wikidata</strong>: <a href="https://wikidata.org/wiki/Q56259452" target="_blank">https://wikidata.org/wiki/Q56259452</a><br><strong>type</strong>: polis<br><strong>passages</strong>: 1.29.6, 1.29.9, 1.34.1, 3.11.8, 5.10.4, 9.20.1, 9.20.3, 9.22.1, 9.22.2, 9.22.3, 9.22.4<br><strong>Pleiades</strong>: <a href="https://pleiades.stoa.org/places/580114" target="_blank">https://pleiades.stoa.org/places/580114</a><br><strong>ToposText</strong>: <a href="https://topostext.org/place/383236PTan" target="_blank">https://topostext.org/place/383236PTan</a>]]></description>
        <Point><coordinates>23.5841,38.3074</coordinates></Point>
      </Placemark>

      <Placemark>
        <name>Ithaca (island)</name>
        <description><![CDATA[<strong>name</strong>: Ithaca (island)<br><strong>region</strong>: Hellas (Europe)<br><strong>part of</strong>: Ionian Sea (Greece/Italy)<br><strong>Wikidata</strong>: <a href="https://wikidata.org/wiki/Q187471" target="_blank">https://wikidata.org/wiki/Q187471</a><br><strong>type</strong>: island<br><strong>passages</strong>: 3.20.10, 4.1.3, 8.14.6<br><strong>Pleiades</strong>: <a href="https://pleiades.stoa.org/places/530906" target="_blank">https://pleiades.stoa.org/places/530906</a><br><strong>ToposText</strong>: <a href="https://topostext.org/place/383204UIth" target="_blank">https://topostext.org/place/383204UIth</a>]]></description>
        <Point><coordinates>20.638399,38.44193</coordinates></Point>
      </Placemark>

      <Placemark>
        <name>Dionysos&apos; Garden, plain by Brasiai</name>
        <description><![CDATA[<strong>name</strong>: Dionysos&apos; Garden, plain by Brasiai<br><strong>region</strong>: Lakonia Bk3<br><strong>part of</strong>: Brasiae (Laconia)<br><strong>location</strong>: Brasiae (Laconia)<br><strong>Wikidata</strong>: <a href="https://wikidata.org/wiki/Q124616583" target="_blank">https://wikidata.org/wiki/Q124616583</a><br><strong>type</strong>: plain<br><strong>passages</strong>: 3.24.4]]></description>
        <Point><coordinates>22.890275,37.144402</coordinates></Point>
      </Placemark>

      <Placemark>
        <name>Sanctuary of Athena Keleutheia at Sparta</name>
        <description><![CDATA[<strong>name</strong>: Sanctuary of Athena Keleutheia at Sparta<br><strong>region</strong>: Lakonia Bk3<br><strong>part of</strong>: Sparta<br><strong>location</strong>: Sparta<br><strong>Wikidata</strong>: <a href="https://wikidata.org/wiki/Q124616430" target="_blank">https://wikidata.org/wiki/Q124616430</a><br><strong>type</strong>: hieron<br><strong>passages</strong>: 3.12.4]]></description>
        <Point><coordinates>22.4237,37.0821</coordinates></Point>
      </Placemark>

      <Placemark>
        <name>Demeter megaron Kainepolis (Lakonia)</name>
        <description><![CDATA[<strong>name</strong>: Demeter megaron Kainepolis (Lakonia)<br><strong>region</strong>: Lakonia Bk3<br><strong>part of</strong>: Kainepolis<br><strong>location</strong>: Kainepolis<br><strong>type</strong>: building<br><strong>passages</strong>: 3.25.9<br><strong>ToposText</strong>: <a href="https://topostext.org/place/365224SDeK" target="_blank">https://topostext.org/place/365224SDeK</a>]]></description>
        <Point><coordinates>22.442714,36.460433</coordinates></Point>
      </Placemark>

      <Placemark>
        <name>Laodicea</name>
        <description><![CDATA[<strong>name</strong>: Laodicea<br><strong>region</strong>: Asia (continent)<br><strong>part of</strong>: Syria (Asia)<br><strong>Wikidata</strong>: <a href="https://wikidata.org/wiki/Q11931162" target="_blank">https://wikidata.org/wiki/Q11931162</a><br><strong>type</strong>: polis<br><strong>passages</strong>: 3.16.8<br><strong>Pleiades</strong>: <a href="https://pleiades.stoa.org/places/668290" target="_blank">https://pleiades.stoa.org/places/668290</a>]]></description>
        <Point><coordinates>35.782047,35.513994</coordinates></Point>
      </Placemark>

      <Placemark>
        <name>Larysion Mt. (Lakonia)</name>
        <description><![CDATA[<strong>name</strong>: Larysion Mt. (Lakonia)<br><strong>region</strong>: Lakonia Bk3<br><strong>part of</strong>: Lakonia Bk3<br><strong>Wikidata</strong>: <a href="https://wikidata.org/wiki/Q16328367" target="_blank">https://wikidata.org/wiki/Q16328367</a><br><strong>type</strong>: mountain oros<br><strong>passages</strong>: 3.22.2<br><strong>Pleiades</strong>: <a href="https://pleiades.stoa.org/places/570416" target="_blank">https://pleiades.stoa.org/places/570416</a><br><strong>ToposText</strong>: <a href="https://topostext.org/place/368228LLar" target="_blank">https://topostext.org/place/368228LLar</a>]]></description>
        <Point><coordinates>22.564,36.754</coordinates></Point>
      </Placemark>

      <Placemark>
        <name>Asklepieion of Pergamon</name>
        <description><![CDATA[<strong>name</strong>: Asklepieion of Pergamon<br><strong>region</strong>: Asia Minor (Asia)<br><strong>part of</strong>: Pergamum<br><strong>Wikidata</strong>: <a href="https://wikidata.org/wiki/Q630373" target="_blank">https://wikidata.org/wiki/Q630373</a><br><strong>type</strong>: Asclepieion<br><strong>passages</strong>: 2.26.8, 2.26.9, 2.27.5, 3.26.10<br><strong>Pleiades</strong>: <a href="https://pleiades.stoa.org/places/550459" target="_blank">https://pleiades.stoa.org/places/550459</a>]]></description>
        <Point><coordinates>27.165609000000003,39.118873</coordinates></Point>
      </Placemark>

      <Placemark>
        <name>Altar of Zeus south of Skyras river</name>
        <description><![CDATA[<strong>name</strong>: Altar of Zeus south of Skyras river<br><strong>region</strong>: Lakonia Bk3<br><strong>part of</strong>: Skyras river (Lakonia)<br><strong>type</strong>: altar<br><strong>passages</strong>: 3.25.1]]></description>
        <Point><coordinates>22.51748,36.68812</coordinates></Point>
      </Placemark>

      <Placemark>
        <name>Tegea (Arkadia)</name>
        <description><![CDATA[<strong>name</strong>: Tegea (Arkadia)<br><strong>region</strong>: Arcadia Bk8<br><strong>part of</strong>: Tegeatis<br><strong>Wikidata</strong>: <a href="https://wikidata.org/wiki/Q645234" target="_blank">https://wikidata.org/wiki/Q645234</a><br><strong>type</strong>: polis<br><strong>passages</strong>: 2.17.7, 2.24.5, 2.24.7, 2.25.1, 3.11.10, 3.11.7, 3.3.5, 3.7.10, 5.26.4, 5.26.5, 7.14.4, 8.10.1, 8.11.1, 8.27.2, 8.3.4, 8.4.3, 8.4.8, 8.4.9, 8.44.1, 8.44.7, 8.44.8, 8.47.1, 8.47.5, 8.47.6, 8.48.5, 8.5.3, 8.5.4, 8.52.6, 8.53.10, 8.53.11, 8.53.7, 8.54.4, 8.54.5, 8.6.4<br><strong>Pleiades</strong>: <a href="https://pleiades.stoa.org/places/570707" target="_blank">https://pleiades.stoa.org/places/570707</a><br><strong>ToposText</strong>: <a href="https://topostext.org/place/375224PTeg" target="_blank">https://topostext.org/place/375224PTeg</a>]]></description>
        <Point><coordinates>22.429,37.464</coordinates></Point>
      </Placemark>

      <Placemark>
        <name>Tegea (Arkadia)</name>
        <description><![CDATA[<strong>name</strong>: Tegea (Arkadia)<br><strong>region</strong>: Arcadia Bk8<br><strong>part of</strong>: Tegeatis<br><strong>Wikidata</strong>: <a href="https://wikidata.org/wiki/Q645234" target="_blank">https://wikidata.org/wiki/Q645234</a><br><strong>type</strong>: polis<br><strong>passages</strong>: 2.17.7, 2.24.5, 2.24.7, 2.25.1, 3.11.10, 3.11.7, 3.3.5, 3.7.10, 5.26.4, 5.26.5, 7.14.4, 8.10.1, 8.11.1, 8.27.2, 8.3.4, 8.4.3, 8.4.8, 8.4.9, 8.44.1, 8.44.7, 8.44.8, 8.47.1, 8.47.5, 8.47.6, 8.48.5, 8.5.3, 8.5.4, 8.52.6, 8.53.10, 8.53.11, 8.53.7, 8.54.4, 8.54.5, 8.6.4<br><strong>Pleiades</strong>: <a href="https://pleiades.stoa.org/places/570707" target="_blank">https://pleiades.stoa.org/places/570707</a><br><strong>ToposText</strong>: <a href="https://topostext.org/place/375224PTeg" target="_blank">https://topostext.org/place/375224PTeg</a>]]></description>
        <Point><coordinates>22.429,37.464</coordinates></Point>
      </Placemark>

      <Placemark>
        <name>Tegea (Arkadia)</name>
        <description><![CDATA[<strong>name</strong>: Tegea (Arkadia)<br><strong>region</strong>: Arcadia Bk8<br><strong>part of</strong>: Tegeatis<br><strong>Wikidata</strong>: <a href="https://wikidata.org/wiki/Q645234" target="_blank">https://wikidata.org/wiki/Q645234</a><br><strong>type</strong>: polis<br><strong>passages</strong>: 2.17.7, 2.24.5, 2.24.7, 2.25.1, 3.11.10, 3.11.7, 3.3.5, 3.7.10, 5.26.4, 5.26.5, 7.14.4, 8.10.1, 8.11.1, 8.27.2, 8.3.4, 8.4.3, 8.4.8, 8.4.9, 8.44.1, 8.44.7, 8.44.8, 8.47.1, 8.47.5, 8.47.6, 8.48.5, 8.5.3, 8.5.4, 8.52.6, 8.53.10, 8.53.11, 8.53.7, 8.54.4, 8.54.5, 8.6.4<br><strong>Pleiades</strong>: <a href="https://pleiades.stoa.org/places/570707" target="_blank">https://pleiades.stoa.org/places/570707</a><br><strong>ToposText</strong>: <a href="https://topostext.org/place/375224PTeg" target="_blank">https://topostext.org/place/375224PTeg</a>]]></description>
        <Point><coordinates>22.429,37.464</coordinates></Point>
      </Placemark>

      <Placemark>
        <name>Tegea (Arkadia)</name>
        <description><![CDATA[<strong>name</strong>: Tegea (Arkadia)<br><strong>region</strong>: Arcadia Bk8<br><strong>part of</strong>: Tegeatis<br><strong>Wikidata</strong>: <a href="https://wikidata.org/wiki/Q645234" target="_blank">https://wikidata.org/wiki/Q645234</a><br><strong>type</strong>: polis<br><strong>passages</strong>: 2.17.7, 2.24.5, 2.24.7, 2.25.1, 3.11.10, 3.11.7, 3.3.5, 3.7.10, 5.26.4, 5.26.5, 7.14.4, 8.10.1, 8.11.1, 8.27.2, 8.3.4, 8.4.3, 8.4.8, 8.4.9, 8.44.1, 8.44.7, 8.44.8, 8.47.1, 8.47.5, 8.47.6, 8.48.5, 8.5.3, 8.5.4, 8.52.6, 8.53.10, 8.53.11, 8.53.7, 8.54.4, 8.54.5, 8.6.4<br><strong>Pleiades</strong>: <a href="https://pleiades.stoa.org/places/570707" target="_blank">https://pleiades.stoa.org/places/570707</a><br><strong>ToposText</strong>: <a href="https://topostext.org/place/375224PTeg" target="_blank">https://topostext.org/place/375224PTeg</a>]]></description>
        <Point><coordinates>22.429,37.464</coordinates></Point>
      </Placemark>

      <Placemark>
        <name>Sanctuary of Thetis at Sparta</name>
        <description><![CDATA[<strong>name</strong>: Sanctuary of Thetis at Sparta<br><strong>region</strong>: Lakonia Bk3<br><strong>part of</strong>: Sparta<br><strong>location</strong>: Sparta<br><strong>Wikidata</strong>: <a href="https://wikidata.org/wiki/Q124616444" target="_blank">https://wikidata.org/wiki/Q124616444</a><br><strong>type</strong>: hieron<br><strong>passages</strong>: 3.14.4]]></description>
        <Point><coordinates>22.4237,37.0821</coordinates></Point>
      </Placemark>

      <Placemark>
        <name>Temenos of Zeus Messapeus, in plain outside Sparta</name>
        <description><![CDATA[<strong>name</strong>: Temenos of Zeus Messapeus, in plain outside Sparta<br><strong>region</strong>: Lakonia Bk3<br><strong>part of</strong>: Lakonia Bk3<br><strong>type</strong>: temenos<br><strong>passages</strong>: 3.20.3<br><strong>Manto</strong>: <a href="https://resource.manto.unh.edu/10146667" target="_blank">https://resource.manto.unh.edu/10146667</a><br><strong>ToposText</strong>: <a href="https://topostext.org/place/371224SZMe" target="_blank">https://topostext.org/place/371224SZMe</a>]]></description>
        <Point><coordinates>22.4545,37.1083</coordinates></Point>
      </Placemark>

      <Placemark>
        <name>Oitylos</name>
        <description><![CDATA[<strong>name</strong>: Oitylos<br><strong>region</strong>: Lakonia Bk3<br><strong>part of</strong>: Lakonia Bk3<br><strong>Wikidata</strong>: <a href="https://wikidata.org/wiki/Q11921115" target="_blank">https://wikidata.org/wiki/Q11921115</a><br><strong>type</strong>: polis<br><strong>passages</strong>: 3.21.7, 3.25.10, 3.26.1<br><strong>Pleiades</strong>: <a href="https://pleiades.stoa.org/places/570527" target="_blank">https://pleiades.stoa.org/places/570527</a>]]></description>
        <Point><coordinates>22.3848,36.705058</coordinates></Point>
      </Placemark>

      <Placemark>
        <name>Oitylos</name>
        <description><![CDATA[<strong>name</strong>: Oitylos<br><strong>region</strong>: Lakonia Bk3<br><strong>part of</strong>: Lakonia Bk3<br><strong>Wikidata</strong>: <a href="https://wikidata.org/wiki/Q11921115" target="_blank">https://wikidata.org/wiki/Q11921115</a><br><strong>type</strong>: polis<br><strong>passages</strong>: 3.21.7, 3.25.10, 3.26.1<br><strong>Pleiades</strong>: <a href="https://pleiades.stoa.org/places/570527" target="_blank">https://pleiades.stoa.org/places/570527</a>]]></description>
        <Point><coordinates>22.3848,36.705058</coordinates></Point>
      </Placemark>

      <Placemark>
        <name>Oitylos</name>
        <description><![CDATA[<strong>name</strong>: Oitylos<br><strong>region</strong>: Lakonia Bk3<br><strong>part of</strong>: Lakonia Bk3<br><strong>Wikidata</strong>: <a href="https://wikidata.org/wiki/Q11921115" target="_blank">https://wikidata.org/wiki/Q11921115</a><br><strong>type</strong>: polis<br><strong>passages</strong>: 3.21.7, 3.25.10, 3.26.1<br><strong>Pleiades</strong>: <a href="https://pleiades.stoa.org/places/570527" target="_blank">https://pleiades.stoa.org/places/570527</a>]]></description>
        <Point><coordinates>22.3848,36.705058</coordinates></Point>
      </Placemark>

      <Placemark>
        <name>Sanctuary of Eileithyia, Apollo Karneios, and Artemis Hegemone at Sparta beyond Dromos</name>
        <description><![CDATA[<strong>name</strong>: Sanctuary of Eileithyia, Apollo Karneios, and Artemis Hegemone at Sparta beyond Dromos<br><strong>region</strong>: Lakonia Bk3<br><strong>part of</strong>: Sparta<br><strong>location</strong>: Sparta<br><strong>Wikidata</strong>: <a href="https://wikidata.org/wiki/Q124616447" target="_blank">https://wikidata.org/wiki/Q124616447</a><br><strong>type</strong>: hieron<br><strong>passages</strong>: 3.14.6]]></description>
        <Point><coordinates>22.4237,37.0821</coordinates></Point>
      </Placemark>

      <Placemark>
        <name>Danube/Istros/Hister (river)</name>
        <description><![CDATA[<strong>name</strong>: Danube/Istros/Hister (river)<br><strong>region</strong>: Europe<br><strong>part of</strong>: Europe<br><strong>Wikidata</strong>: <a href="https://wikidata.org/wiki/Q1653" target="_blank">https://wikidata.org/wiki/Q1653</a><br><strong>type</strong>: river<br><strong>passages</strong>: 1.9.6, 3.19.11, 4.34.2, 8.25.13, 8.28.2, 8.38.3<br><strong>Pleiades</strong>: <a href="https://pleiades.stoa.org/places/226577" target="_blank">https://pleiades.stoa.org/places/226577</a>]]></description>
        <Point><coordinates>29.647292999999998,45.16291</coordinates></Point>
      </Placemark>

      <Placemark>
        <name>Heroon of Kadmos son of Agenor  in Sparta</name>
        <description><![CDATA[<strong>name</strong>: Heroon of Kadmos son of Agenor  in Sparta<br><strong>region</strong>: Lakonia Bk3<br><strong>part of</strong>: Sparta<br><strong>location</strong>: Sparta<br><strong>Wikidata</strong>: <a href="https://wikidata.org/wiki/Q124616572" target="_blank">https://wikidata.org/wiki/Q124616572</a><br><strong>type</strong>: heroon<br><strong>passages</strong>: 3.15.8]]></description>
        <Point><coordinates>22.4237,37.0821</coordinates></Point>
      </Placemark>

      <Placemark>
        <name>Sanctuary of Artemis at Alagonia</name>
        <description><![CDATA[<strong>name</strong>: Sanctuary of Artemis at Alagonia<br><strong>region</strong>: Lakonia Bk3<br><strong>part of</strong>: Alagonia (Messenia)<br><strong>location</strong>: Alagonia (Messenia)<br><strong>Wikidata</strong>: <a href="https://wikidata.org/wiki/Q124616483" target="_blank">https://wikidata.org/wiki/Q124616483</a><br><strong>type</strong>: hieron<br><strong>passages</strong>: 3.26.11]]></description>
        <Point><coordinates>22.2612,36.9556</coordinates></Point>
      </Placemark>

      <Placemark>
        <name>Tomb of Menelaus and Helen at Menelaion</name>
        <description><![CDATA[<strong>name</strong>: Tomb of Menelaus and Helen at Menelaion<br><strong>region</strong>: Lakonia Bk3<br><strong>part of</strong>: Menelaion (Lakonia)<br><strong>location</strong>: Menelaion (Lakonia)<br><strong>Wikidata</strong>: <a href="https://wikidata.org/wiki/Q136487505" target="_blank">https://wikidata.org/wiki/Q136487505</a><br><strong>type</strong>: tomb taphos<br><strong>passages</strong>: 3.19.9]]></description>
        <Point><coordinates>22.4535,37.0658</coordinates></Point>
      </Placemark>

      <Placemark>
        <name>Tomb of Nikokles at Akriai</name>
        <description><![CDATA[<strong>name</strong>: Tomb of Nikokles at Akriai<br><strong>region</strong>: Lakonia Bk3<br><strong>part of</strong>: Akriai (Lakonia)<br><strong>location</strong>: Akriai (Lakonia)<br><strong>Wikidata</strong>: <a href="https://wikidata.org/wiki/Q124616334" target="_blank">https://wikidata.org/wiki/Q124616334</a><br><strong>type</strong>: tomb mnema<br><strong>passages</strong>: 3.22.5]]></description>
        <Point><coordinates>22.792,36.8</coordinates></Point>
      </Placemark>

      <Placemark>
        <name>Pellene</name>
        <description><![CDATA[<strong>name</strong>: Pellene<br><strong>region</strong>: Achaia Bk7<br><strong>part of</strong>: Achaia Bk7<br><strong>Wikidata</strong>: <a href="https://wikidata.org/wiki/Q2068130" target="_blank">https://wikidata.org/wiki/Q2068130</a><br><strong>type</strong>: settlement<br><strong>passages</strong>: 1.25.2, 10.9.10, 2.7.4, 2.8.5, 3.1.4, 3.26.2, 7.17.14, 7.26.12, 7.26.13, 7.26.14, 7.27.1, 7.27.11, 7.27.12, 7.27.4, 7.27.5, 7.27.6, 7.27.7, 7.27.8, 7.27.9, 7.6.1, 7.7.1, 7.7.3, 8.15.5, 8.15.8, 8.27.14<br><strong>Pleiades</strong>: <a href="https://pleiades.stoa.org/places/570576" target="_blank">https://pleiades.stoa.org/places/570576</a>]]></description>
        <Point><coordinates>22.5384,38.0446</coordinates></Point>
      </Placemark>

      <Placemark>
        <name>Pellene</name>
        <description><![CDATA[<strong>name</strong>: Pellene<br><strong>region</strong>: Achaia Bk7<br><strong>part of</strong>: Achaia Bk7<br><strong>Wikidata</strong>: <a href="https://wikidata.org/wiki/Q2068130" target="_blank">https://wikidata.org/wiki/Q2068130</a><br><strong>type</strong>: settlement<br><strong>passages</strong>: 1.25.2, 10.9.10, 2.7.4, 2.8.5, 3.1.4, 3.26.2, 7.17.14, 7.26.12, 7.26.13, 7.26.14, 7.27.1, 7.27.11, 7.27.12, 7.27.4, 7.27.5, 7.27.6, 7.27.7, 7.27.8, 7.27.9, 7.6.1, 7.7.1, 7.7.3, 8.15.5, 8.15.8, 8.27.14<br><strong>Pleiades</strong>: <a href="https://pleiades.stoa.org/places/570576" target="_blank">https://pleiades.stoa.org/places/570576</a>]]></description>
        <Point><coordinates>22.5384,38.0446</coordinates></Point>
      </Placemark>

      <Placemark>
        <name>Sanctuary of Ammon at Gythion</name>
        <description><![CDATA[<strong>name</strong>: Sanctuary of Ammon at Gythion<br><strong>region</strong>: Lakonia Bk3<br><strong>part of</strong>: Gythion<br><strong>location</strong>: Gythion<br><strong>Wikidata</strong>: <a href="https://wikidata.org/wiki/Q124616467" target="_blank">https://wikidata.org/wiki/Q124616467</a><br><strong>type</strong>: hieron<br><strong>passages</strong>: 3.21.8]]></description>
        <Point><coordinates>22.562341,36.763663</coordinates></Point>
      </Placemark>

      <Placemark>
        <name>Temple of Athena at Epidauros Limera</name>
        <description><![CDATA[<strong>name</strong>: Temple of Athena at Epidauros Limera<br><strong>region</strong>: Lakonia Bk3<br><strong>part of</strong>: Acropolis of Epidauros Limera<br><strong>location</strong>: Acropolis of Epidauros Limera<br><strong>Wikidata</strong>: <a href="https://wikidata.org/wiki/Q124616398" target="_blank">https://wikidata.org/wiki/Q124616398</a><br><strong>type</strong>: temple<br><strong>passages</strong>: 3.23.10]]></description>
        <Point><coordinates>23.026,36.731</coordinates></Point>
      </Placemark>

      <Placemark>
        <name>Lakonike-Messenia border territory</name>
        <description><![CDATA[<strong>name</strong>: Lakonike-Messenia border territory<br><strong>region</strong>: Messenia Bk4<br><strong>part of</strong>: Limnai (Messenia)<br><strong>location</strong>: Limnai (Messenia)<br><strong>type</strong>: border<br><strong>passages</strong>: 3.2.6]]></description>
        <Point><coordinates>22.1918,37.1217</coordinates></Point>
      </Placemark>

      <Placemark>
        <name>Peiraieus/Piraeus</name>
        <description><![CDATA[<strong>name</strong>: Peiraieus/Piraeus<br><strong>region</strong>: Attica Bk1<br><strong>part of</strong>: Attica Bk1<br><strong>Wikidata</strong>: <a href="https://wikidata.org/wiki/Q13426467" target="_blank">https://wikidata.org/wiki/Q13426467</a><br><strong>type</strong>: demos, harbor limen, port epineion<br><strong>passages</strong>: 1.1.2, 1.1.3, 1.2.2, 1.20.5, 1.25.5, 1.25.8, 1.26.3, 1.28.11, 1.29.10, 1.29.16, 2.8.6, 3.5.1<br><strong>Pleiades</strong>: <a href="https://pleiades.stoa.org/places/580062" target="_blank">https://pleiades.stoa.org/places/580062</a>]]></description>
        <Point><coordinates>23.644609,37.937222</coordinates></Point>
      </Placemark>

      <Placemark>
        <name>Acropolis of Sparta</name>
        <description><![CDATA[<strong>name</strong>: Acropolis of Sparta<br><strong>region</strong>: Lakonia Bk3<br><strong>part of</strong>: Sparta<br><strong>location</strong>: Sparta<br><strong>Wikidata</strong>: <a href="https://wikidata.org/wiki/Q38281363" target="_blank">https://wikidata.org/wiki/Q38281363</a><br><strong>type</strong>: acropolis<br><strong>passages</strong>: 3.17.1]]></description>
        <Point><coordinates>22.4237,37.0821</coordinates></Point>
      </Placemark>

      <Placemark>
        <name>Sanctuary of Maron and Alpheios at Sparta</name>
        <description><![CDATA[<strong>name</strong>: Sanctuary of Maron and Alpheios at Sparta<br><strong>region</strong>: Lakonia Bk3<br><strong>part of</strong>: Sparta<br><strong>location</strong>: Sparta<br><strong>Wikidata</strong>: <a href="https://wikidata.org/wiki/Q124616435" target="_blank">https://wikidata.org/wiki/Q124616435</a><br><strong>type</strong>: hieron<br><strong>passages</strong>: 3.12.9]]></description>
        <Point><coordinates>22.4237,37.0821</coordinates></Point>
      </Placemark>

      <Placemark>
        <name>Cenotaph of Brasidas near Agora of Sparta</name>
        <description><![CDATA[<strong>name</strong>: Cenotaph of Brasidas near Agora of Sparta<br><strong>region</strong>: Lakonia Bk3<br><strong>part of</strong>: Sparta<br><strong>location</strong>: Sparta<br><strong>Wikidata</strong>: <a href="https://wikidata.org/wiki/Q124616318" target="_blank">https://wikidata.org/wiki/Q124616318</a><br><strong>type</strong>: tomb taphos<br><strong>passages</strong>: 3.14.1]]></description>
        <Point><coordinates>22.4237,37.0821</coordinates></Point>
      </Placemark>

      <Placemark>
        <name>Royal tombs of the Eurypontids at Sparta by city wall</name>
        <description><![CDATA[<strong>name</strong>: Royal tombs of the Eurypontids at Sparta by city wall<br><strong>region</strong>: Lakonia Bk3<br><strong>part of</strong>: Sparta<br><strong>location</strong>: Sparta<br><strong>Wikidata</strong>: <a href="https://wikidata.org/wiki/Q124616314" target="_blank">https://wikidata.org/wiki/Q124616314</a><br><strong>type</strong>: tomb taphos<br><strong>passages</strong>: 3.12.8]]></description>
        <Point><coordinates>22.4237,37.0821</coordinates></Point>
      </Placemark>

      <Placemark>
        <name>Sanctuary of Arsinoe at Sparta</name>
        <description><![CDATA[<strong>name</strong>: Sanctuary of Arsinoe at Sparta<br><strong>region</strong>: Lakonia Bk3<br><strong>part of</strong>: Sparta<br><strong>location</strong>: Sparta<br><strong>Wikidata</strong>: <a href="https://wikidata.org/wiki/Q124616432" target="_blank">https://wikidata.org/wiki/Q124616432</a><br><strong>type</strong>: hieron<br><strong>passages</strong>: 3.12.8]]></description>
        <Point><coordinates>22.4237,37.0821</coordinates></Point>
      </Placemark>

      <Placemark>
        <name>City of the Parakyparissian Achaians, near Asopus</name>
        <description><![CDATA[<strong>name</strong>: City of the Parakyparissian Achaians, near Asopus<br><strong>region</strong>: Lakonia Bk3<br><strong>part of</strong>: Asopos (Lakonia)<br><strong>location</strong>: Asopos (Lakonia)<br><strong>Wikidata</strong>: <a href="https://wikidata.org/wiki/Q124616581" target="_blank">https://wikidata.org/wiki/Q124616581</a><br><strong>type</strong>: polis<br><strong>passages</strong>: 3.22.9]]></description>
        <Point><coordinates>22.8426,36.6845</coordinates></Point>
      </Placemark>

      <Placemark>
        <name>Arcadia Bk8</name>
        <description><![CDATA[<strong>name</strong>: Arcadia Bk8<br><strong>region</strong>: Arcadia Bk8<br><strong>part of</strong>: Peloponnesos<br><strong>altname</strong>: Arkadia region<br><strong>Wikidata</strong>: <a href="https://wikidata.org/wiki/Q12898802" target="_blank">https://wikidata.org/wiki/Q12898802</a><br><strong>type</strong>: chora/region<br><strong>passages</strong>: 10.20.1, 10.28.8, 10.32.3, 2.24.5, 3.20.8, 3.5.4, 3.6.8, 3.7.3, 3.8.7, 4.22.7, 4.29.11, 4.31.4, 5.10.9, 5.5.8, 5.7.1, 6.12.8, 6.8.2, 7.14.1, 7.25.11, 7.25.5, 7.7.4, 7.8.6, 8.1.1, 8.1.6, 8.10.1, 8.10.6, 8.11.3, 8.17.1, 8.22.6, 8.23.3, 8.24.4, 8.27.4, 8.27.5, 8.3.4, 8.34.4, 8.35.10, 8.35.5, 8.36.6, 8.4.1, 8.42.3, 8.43.2, 8.47.6, 8.5.4, 8.51.8, 8.6.4, 8.7.4, 8.8.12, 9.36.6, 9.9.2<br><strong>Pleiades</strong>: <a href="https://pleiades.stoa.org/places/570102" target="_blank">https://pleiades.stoa.org/places/570102</a><br><strong>ToposText</strong>: <a href="https://topostext.org/place/375223RArk" target="_blank">https://topostext.org/place/375223RArk</a>]]></description>
        <Point><coordinates>22.3,37.5</coordinates></Point>
      </Placemark>

      <Placemark>
        <name>Arcadia Bk8</name>
        <description><![CDATA[<strong>name</strong>: Arcadia Bk8<br><strong>region</strong>: Arcadia Bk8<br><strong>part of</strong>: Peloponnesos<br><strong>altname</strong>: Arkadia region<br><strong>Wikidata</strong>: <a href="https://wikidata.org/wiki/Q12898802" target="_blank">https://wikidata.org/wiki/Q12898802</a><br><strong>type</strong>: chora/region<br><strong>passages</strong>: 10.20.1, 10.28.8, 10.32.3, 2.24.5, 3.20.8, 3.5.4, 3.6.8, 3.7.3, 3.8.7, 4.22.7, 4.29.11, 4.31.4, 5.10.9, 5.5.8, 5.7.1, 6.12.8, 6.8.2, 7.14.1, 7.25.11, 7.25.5, 7.7.4, 7.8.6, 8.1.1, 8.1.6, 8.10.1, 8.10.6, 8.11.3, 8.17.1, 8.22.6, 8.23.3, 8.24.4, 8.27.4, 8.27.5, 8.3.4, 8.34.4, 8.35.10, 8.35.5, 8.36.6, 8.4.1, 8.42.3, 8.43.2, 8.47.6, 8.5.4, 8.51.8, 8.6.4, 8.7.4, 8.8.12, 9.36.6, 9.9.2<br><strong>Pleiades</strong>: <a href="https://pleiades.stoa.org/places/570102" target="_blank">https://pleiades.stoa.org/places/570102</a><br><strong>ToposText</strong>: <a href="https://topostext.org/place/375223RArk" target="_blank">https://topostext.org/place/375223RArk</a>]]></description>
        <Point><coordinates>22.3,37.5</coordinates></Point>
      </Placemark>

      <Placemark>
        <name>Arcadia Bk8</name>
        <description><![CDATA[<strong>name</strong>: Arcadia Bk8<br><strong>region</strong>: Arcadia Bk8<br><strong>part of</strong>: Peloponnesos<br><strong>altname</strong>: Arkadia region<br><strong>Wikidata</strong>: <a href="https://wikidata.org/wiki/Q12898802" target="_blank">https://wikidata.org/wiki/Q12898802</a><br><strong>type</strong>: chora/region<br><strong>passages</strong>: 10.20.1, 10.28.8, 10.32.3, 2.24.5, 3.20.8, 3.5.4, 3.6.8, 3.7.3, 3.8.7, 4.22.7, 4.29.11, 4.31.4, 5.10.9, 5.5.8, 5.7.1, 6.12.8, 6.8.2, 7.14.1, 7.25.11, 7.25.5, 7.7.4, 7.8.6, 8.1.1, 8.1.6, 8.10.1, 8.10.6, 8.11.3, 8.17.1, 8.22.6, 8.23.3, 8.24.4, 8.27.4, 8.27.5, 8.3.4, 8.34.4, 8.35.10, 8.35.5, 8.36.6, 8.4.1, 8.42.3, 8.43.2, 8.47.6, 8.5.4, 8.51.8, 8.6.4, 8.7.4, 8.8.12, 9.36.6, 9.9.2<br><strong>Pleiades</strong>: <a href="https://pleiades.stoa.org/places/570102" target="_blank">https://pleiades.stoa.org/places/570102</a><br><strong>ToposText</strong>: <a href="https://topostext.org/place/375223RArk" target="_blank">https://topostext.org/place/375223RArk</a>]]></description>
        <Point><coordinates>22.3,37.5</coordinates></Point>
      </Placemark>

      <Placemark>
        <name>Arcadia Bk8</name>
        <description><![CDATA[<strong>name</strong>: Arcadia Bk8<br><strong>region</strong>: Arcadia Bk8<br><strong>part of</strong>: Peloponnesos<br><strong>altname</strong>: Arkadia region<br><strong>Wikidata</strong>: <a href="https://wikidata.org/wiki/Q12898802" target="_blank">https://wikidata.org/wiki/Q12898802</a><br><strong>type</strong>: chora/region<br><strong>passages</strong>: 10.20.1, 10.28.8, 10.32.3, 2.24.5, 3.20.8, 3.5.4, 3.6.8, 3.7.3, 3.8.7, 4.22.7, 4.29.11, 4.31.4, 5.10.9, 5.5.8, 5.7.1, 6.12.8, 6.8.2, 7.14.1, 7.25.11, 7.25.5, 7.7.4, 7.8.6, 8.1.1, 8.1.6, 8.10.1, 8.10.6, 8.11.3, 8.17.1, 8.22.6, 8.23.3, 8.24.4, 8.27.4, 8.27.5, 8.3.4, 8.34.4, 8.35.10, 8.35.5, 8.36.6, 8.4.1, 8.42.3, 8.43.2, 8.47.6, 8.5.4, 8.51.8, 8.6.4, 8.7.4, 8.8.12, 9.36.6, 9.9.2<br><strong>Pleiades</strong>: <a href="https://pleiades.stoa.org/places/570102" target="_blank">https://pleiades.stoa.org/places/570102</a><br><strong>ToposText</strong>: <a href="https://topostext.org/place/375223RArk" target="_blank">https://topostext.org/place/375223RArk</a>]]></description>
        <Point><coordinates>22.3,37.5</coordinates></Point>
      </Placemark>

      <Placemark>
        <name>Arcadia Bk8</name>
        <description><![CDATA[<strong>name</strong>: Arcadia Bk8<br><strong>region</strong>: Arcadia Bk8<br><strong>part of</strong>: Peloponnesos<br><strong>altname</strong>: Arkadia region<br><strong>Wikidata</strong>: <a href="https://wikidata.org/wiki/Q12898802" target="_blank">https://wikidata.org/wiki/Q12898802</a><br><strong>type</strong>: chora/region<br><strong>passages</strong>: 10.20.1, 10.28.8, 10.32.3, 2.24.5, 3.20.8, 3.5.4, 3.6.8, 3.7.3, 3.8.7, 4.22.7, 4.29.11, 4.31.4, 5.10.9, 5.5.8, 5.7.1, 6.12.8, 6.8.2, 7.14.1, 7.25.11, 7.25.5, 7.7.4, 7.8.6, 8.1.1, 8.1.6, 8.10.1, 8.10.6, 8.11.3, 8.17.1, 8.22.6, 8.23.3, 8.24.4, 8.27.4, 8.27.5, 8.3.4, 8.34.4, 8.35.10, 8.35.5, 8.36.6, 8.4.1, 8.42.3, 8.43.2, 8.47.6, 8.5.4, 8.51.8, 8.6.4, 8.7.4, 8.8.12, 9.36.6, 9.9.2<br><strong>Pleiades</strong>: <a href="https://pleiades.stoa.org/places/570102" target="_blank">https://pleiades.stoa.org/places/570102</a><br><strong>ToposText</strong>: <a href="https://topostext.org/place/375223RArk" target="_blank">https://topostext.org/place/375223RArk</a>]]></description>
        <Point><coordinates>22.3,37.5</coordinates></Point>
      </Placemark>

      <Placemark>
        <name>Heroon of Chilon at Sparta</name>
        <description><![CDATA[<strong>name</strong>: Heroon of Chilon at Sparta<br><strong>region</strong>: Lakonia Bk3<br><strong>part of</strong>: Sparta<br><strong>location</strong>: Sparta<br><strong>Wikidata</strong>: <a href="https://wikidata.org/wiki/Q124616577" target="_blank">https://wikidata.org/wiki/Q124616577</a><br><strong>type</strong>: heroon<br><strong>passages</strong>: 3.16.4]]></description>
        <Point><coordinates>22.4237,37.0821</coordinates></Point>
      </Placemark>

      <Placemark>
        <name>Thermodon (river)</name>
        <description><![CDATA[<strong>name</strong>: Thermodon (river)<br><strong>region</strong>: Pontus Euxinus<br><strong>part of</strong>: Pontus Euxinus<br><strong>Wikidata</strong>: <a href="https://wikidata.org/wiki/Q684421" target="_blank">https://wikidata.org/wiki/Q684421</a><br><strong>type</strong>: river<br><strong>passages</strong>: 1.2.1, 3.25.3, 7.2.7<br><strong>Pleiades</strong>: <a href="https://pleiades.stoa.org/places/857352" target="_blank">https://pleiades.stoa.org/places/857352</a>]]></description>
        <Point><coordinates>36.9424975,41.1939559</coordinates></Point>
      </Placemark>

      <Placemark>
        <name>Boiotia Bk9</name>
        <description><![CDATA[<strong>name</strong>: Boiotia Bk9<br><strong>region</strong>: <br><strong>part of</strong>: Hellas (Europe)<br><strong>altname</strong>: Boeotia<br><strong>Wikidata</strong>: <a href="https://wikidata.org/wiki/Q187570" target="_blank">https://wikidata.org/wiki/Q187570</a><br><strong>type</strong>: chora/region<br><strong>passages</strong>: 1.23.3, 1.24.5, 1.25.7, 1.27.5, 1.34.1, 1.38.8, 10.1.2, 10.12.11, 10.17.3, 10.23.11, 10.29.5, 10.37.2, 10.4.2, 3.5.3, 3.5.4, 3.5.6, 3.9.12, 4.16.7, 4.27.10, 4.34.5, 6.3.3, 7.10.5, 7.15.9, 7.17.2, 7.3.6, 7.6.5, 8.11.5, 9.1.1, 9.1.3, 9.13.3, 9.14.6, 9.22.5, 9.25.9, 9.3.4, 9.32.2, 9.4.3, 9.5.1, 9.7.4, 9.9.2<br><strong>Pleiades</strong>: <a href="https://pleiades.stoa.org/places/540689" target="_blank">https://pleiades.stoa.org/places/540689</a><br><strong>ToposText</strong>: <a href="https://topostext.org/place/384233RBoi" target="_blank">https://topostext.org/place/384233RBoi</a>]]></description>
        <Point><coordinates>23.25,38.35</coordinates></Point>
      </Placemark>

      <Placemark>
        <name>Boiotia Bk9</name>
        <description><![CDATA[<strong>name</strong>: Boiotia Bk9<br><strong>region</strong>: <br><strong>part of</strong>: Hellas (Europe)<br><strong>altname</strong>: Boeotia<br><strong>Wikidata</strong>: <a href="https://wikidata.org/wiki/Q187570" target="_blank">https://wikidata.org/wiki/Q187570</a><br><strong>type</strong>: chora/region<br><strong>passages</strong>: 1.23.3, 1.24.5, 1.25.7, 1.27.5, 1.34.1, 1.38.8, 10.1.2, 10.12.11, 10.17.3, 10.23.11, 10.29.5, 10.37.2, 10.4.2, 3.5.3, 3.5.4, 3.5.6, 3.9.12, 4.16.7, 4.27.10, 4.34.5, 6.3.3, 7.10.5, 7.15.9, 7.17.2, 7.3.6, 7.6.5, 8.11.5, 9.1.1, 9.1.3, 9.13.3, 9.14.6, 9.22.5, 9.25.9, 9.3.4, 9.32.2, 9.4.3, 9.5.1, 9.7.4, 9.9.2<br><strong>Pleiades</strong>: <a href="https://pleiades.stoa.org/places/540689" target="_blank">https://pleiades.stoa.org/places/540689</a><br><strong>ToposText</strong>: <a href="https://topostext.org/place/384233RBoi" target="_blank">https://topostext.org/place/384233RBoi</a>]]></description>
        <Point><coordinates>23.25,38.35</coordinates></Point>
      </Placemark>

      <Placemark>
        <name>Boiotia Bk9</name>
        <description><![CDATA[<strong>name</strong>: Boiotia Bk9<br><strong>region</strong>: <br><strong>part of</strong>: Hellas (Europe)<br><strong>altname</strong>: Boeotia<br><strong>Wikidata</strong>: <a href="https://wikidata.org/wiki/Q187570" target="_blank">https://wikidata.org/wiki/Q187570</a><br><strong>type</strong>: chora/region<br><strong>passages</strong>: 1.23.3, 1.24.5, 1.25.7, 1.27.5, 1.34.1, 1.38.8, 10.1.2, 10.12.11, 10.17.3, 10.23.11, 10.29.5, 10.37.2, 10.4.2, 3.5.3, 3.5.4, 3.5.6, 3.9.12, 4.16.7, 4.27.10, 4.34.5, 6.3.3, 7.10.5, 7.15.9, 7.17.2, 7.3.6, 7.6.5, 8.11.5, 9.1.1, 9.1.3, 9.13.3, 9.14.6, 9.22.5, 9.25.9, 9.3.4, 9.32.2, 9.4.3, 9.5.1, 9.7.4, 9.9.2<br><strong>Pleiades</strong>: <a href="https://pleiades.stoa.org/places/540689" target="_blank">https://pleiades.stoa.org/places/540689</a><br><strong>ToposText</strong>: <a href="https://topostext.org/place/384233RBoi" target="_blank">https://topostext.org/place/384233RBoi</a>]]></description>
        <Point><coordinates>23.25,38.35</coordinates></Point>
      </Placemark>

      <Placemark>
        <name>Boiotia Bk9</name>
        <description><![CDATA[<strong>name</strong>: Boiotia Bk9<br><strong>region</strong>: <br><strong>part of</strong>: Hellas (Europe)<br><strong>altname</strong>: Boeotia<br><strong>Wikidata</strong>: <a href="https://wikidata.org/wiki/Q187570" target="_blank">https://wikidata.org/wiki/Q187570</a><br><strong>type</strong>: chora/region<br><strong>passages</strong>: 1.23.3, 1.24.5, 1.25.7, 1.27.5, 1.34.1, 1.38.8, 10.1.2, 10.12.11, 10.17.3, 10.23.11, 10.29.5, 10.37.2, 10.4.2, 3.5.3, 3.5.4, 3.5.6, 3.9.12, 4.16.7, 4.27.10, 4.34.5, 6.3.3, 7.10.5, 7.15.9, 7.17.2, 7.3.6, 7.6.5, 8.11.5, 9.1.1, 9.1.3, 9.13.3, 9.14.6, 9.22.5, 9.25.9, 9.3.4, 9.32.2, 9.4.3, 9.5.1, 9.7.4, 9.9.2<br><strong>Pleiades</strong>: <a href="https://pleiades.stoa.org/places/540689" target="_blank">https://pleiades.stoa.org/places/540689</a><br><strong>ToposText</strong>: <a href="https://topostext.org/place/384233RBoi" target="_blank">https://topostext.org/place/384233RBoi</a>]]></description>
        <Point><coordinates>23.25,38.35</coordinates></Point>
      </Placemark>

      <Placemark>
        <name>Sanctuary of Athena near Dromos of Sparta</name>
        <description><![CDATA[<strong>name</strong>: Sanctuary of Athena near Dromos of Sparta<br><strong>region</strong>: Lakonia Bk3<br><strong>part of</strong>: Sparta<br><strong>location</strong>: Sparta<br><strong>Wikidata</strong>: <a href="https://wikidata.org/wiki/Q124616455" target="_blank">https://wikidata.org/wiki/Q124616455</a><br><strong>type</strong>: hieron<br><strong>passages</strong>: 3.15.6<br><strong>Manto</strong>: <a href="https://resource.manto.unh.edu/10150590" target="_blank">https://resource.manto.unh.edu/10150590</a>]]></description>
        <Point><coordinates>22.4237,37.0821</coordinates></Point>
      </Placemark>

      <Placemark>
        <name>Sestos</name>
        <description><![CDATA[<strong>name</strong>: Sestos<br><strong>region</strong>: Thrace (Europe)<br><strong>part of</strong>: Chersonesus (Thrace)<br><strong>Wikidata</strong>: <a href="https://wikidata.org/wiki/Q593737" target="_blank">https://wikidata.org/wiki/Q593737</a><br><strong>type</strong>: polis<br><strong>passages</strong>: 3.9.12<br><strong>Pleiades</strong>: <a href="https://pleiades.stoa.org/places/501609" target="_blank">https://pleiades.stoa.org/places/501609</a>]]></description>
        <Point><coordinates>26.38916,40.21343</coordinates></Point>
      </Placemark>

      <Placemark>
        <name>Heroon of Aulon the Arcadian at Sparta</name>
        <description><![CDATA[<strong>name</strong>: Heroon of Aulon the Arcadian at Sparta<br><strong>region</strong>: Lakonia Bk3<br><strong>part of</strong>: Sparta<br><strong>location</strong>: Sparta<br><strong>Wikidata</strong>: <a href="https://wikidata.org/wiki/Q124616555" target="_blank">https://wikidata.org/wiki/Q124616555</a><br><strong>type</strong>: heroon<br><strong>passages</strong>: 3.12.9]]></description>
        <Point><coordinates>22.4237,37.0821</coordinates></Point>
      </Placemark>

      <Placemark>
        <name>Hyperteleaton Asclepius sanctuary</name>
        <description><![CDATA[<strong>name</strong>: Hyperteleaton Asclepius sanctuary<br><strong>region</strong>: Lakonia Bk3<br><strong>part of</strong>: Lakonia Bk3<br><strong>Wikidata</strong>: <a href="https://wikidata.org/wiki/Q60792068" target="_blank">https://wikidata.org/wiki/Q60792068</a><br><strong>type</strong>: hieron<br><strong>passages</strong>: 3.22.10<br><strong>Pleiades</strong>: <a href="https://pleiades.stoa.org/places/570302" target="_blank">https://pleiades.stoa.org/places/570302</a><br><strong>ToposText</strong>: <a href="https://topostext.org/place/367229SHyp" target="_blank">https://topostext.org/place/367229SHyp</a>]]></description>
        <Point><coordinates>22.9019,36.7236</coordinates></Point>
      </Placemark>

      <Placemark>
        <name>Sanctuary of Zeus Euanemos</name>
        <description><![CDATA[<strong>name</strong>: Sanctuary of Zeus Euanemos<br><strong>region</strong>: Lakonia Bk3<br><strong>part of</strong>: Kolôna in Sparta, opposite Zeus Amboulios<br><strong>location</strong>: Kolôna in Sparta, opposite Zeus Amboulios<br><strong>Wikidata</strong>: <a href="https://wikidata.org/wiki/Q124616441" target="_blank">https://wikidata.org/wiki/Q124616441</a><br><strong>type</strong>: hieron<br><strong>passages</strong>: 3.13.8]]></description>
        <Point><coordinates>22.4237,37.0821</coordinates></Point>
      </Placemark>

      <Placemark>
        <name>Hill near Teleclus heroon, Booneta, Sparta</name>
        <description><![CDATA[<strong>name</strong>: Hill near Teleclus heroon, Booneta, Sparta<br><strong>region</strong>: Lakonia Bk3<br><strong>part of</strong>: Sparta<br><strong>location</strong>: Sparta<br><strong>type</strong>: hill<br><strong>passages</strong>: 3.15.10]]></description>
        <Point><coordinates>22.4237,37.0821</coordinates></Point>
      </Placemark>

      <Placemark>
        <name>Temple of Sarapis at Boiai</name>
        <description><![CDATA[<strong>name</strong>: Temple of Sarapis at Boiai<br><strong>region</strong>: Lakonia Bk3<br><strong>part of</strong>: Boiai (Lakonia)<br><strong>location</strong>: Boiai (Lakonia)<br><strong>Wikidata</strong>: <a href="https://wikidata.org/wiki/Q124616518" target="_blank">https://wikidata.org/wiki/Q124616518</a><br><strong>type</strong>: temple<br><strong>passages</strong>: 3.22.13]]></description>
        <Point><coordinates>23.062,36.517</coordinates></Point>
      </Placemark>

      <Placemark>
        <name>Persia (Asia)</name>
        <description><![CDATA[<strong>name</strong>: Persia (Asia)<br><strong>region</strong>: Asia (continent)<br><strong>part of</strong>: Asia (continent)<br><strong>altname</strong>: Persis, Pars<br><strong>Wikidata</strong>: <a href="https://wikidata.org/wiki/Q3746183" target="_blank">https://wikidata.org/wiki/Q3746183</a><br><strong>type</strong>: major region<br><strong>passages</strong>: 1.25.5, 10.19.11, 3.20.4, 3.7.8, 4.31.5, 8.52.5<br><strong>Pleiades</strong>: <a href="https://pleiades.stoa.org/places/922698" target="_blank">https://pleiades.stoa.org/places/922698</a>]]></description>
        <Point><coordinates>51.50000000000001,30.5</coordinates></Point>
      </Placemark>

      <Placemark>
        <name>Persia (Asia)</name>
        <description><![CDATA[<strong>name</strong>: Persia (Asia)<br><strong>region</strong>: Asia (continent)<br><strong>part of</strong>: Asia (continent)<br><strong>altname</strong>: Persis, Pars<br><strong>Wikidata</strong>: <a href="https://wikidata.org/wiki/Q3746183" target="_blank">https://wikidata.org/wiki/Q3746183</a><br><strong>type</strong>: major region<br><strong>passages</strong>: 1.25.5, 10.19.11, 3.20.4, 3.7.8, 4.31.5, 8.52.5<br><strong>Pleiades</strong>: <a href="https://pleiades.stoa.org/places/922698" target="_blank">https://pleiades.stoa.org/places/922698</a>]]></description>
        <Point><coordinates>51.50000000000001,30.5</coordinates></Point>
      </Placemark>

      <Placemark>
        <name>Elaious</name>
        <description><![CDATA[<strong>name</strong>: Elaious<br><strong>region</strong>: Thrace (Europe)<br><strong>part of</strong>: Chersonesus (Thrace)<br><strong>Wikidata</strong>: <a href="https://wikidata.org/wiki/Q1234913" target="_blank">https://wikidata.org/wiki/Q1234913</a><br><strong>type</strong>: settlement<br><strong>passages</strong>: 1.34.2, 3.4.6<br><strong>Pleiades</strong>: <a href="https://pleiades.stoa.org/places/501411" target="_blank">https://pleiades.stoa.org/places/501411</a>]]></description>
        <Point><coordinates>26.220385,40.051661</coordinates></Point>
      </Placemark>

      <Placemark>
        <name>Acropolis of Gythion</name>
        <description><![CDATA[<strong>name</strong>: Acropolis of Gythion<br><strong>region</strong>: Lakonia Bk3<br><strong>part of</strong>: Gythion<br><strong>location</strong>: Gythion<br><strong>Wikidata</strong>: <a href="https://wikidata.org/wiki/Q124616546" target="_blank">https://wikidata.org/wiki/Q124616546</a><br><strong>type</strong>: acropolis<br><strong>passages</strong>: 3.21.9]]></description>
        <Point><coordinates>22.562341,36.763663</coordinates></Point>
      </Placemark>

      <Placemark>
        <name>Sanctuary of Athena Asia in Colchis</name>
        <description><![CDATA[<strong>name</strong>: Sanctuary of Athena Asia in Colchis<br><strong>region</strong>: Pontus Euxinus<br><strong>part of</strong>: Colchis/Lazike<br><strong>location</strong>: Colchis/Lazike<br><strong>type</strong>: hieron<br><strong>passages</strong>: 3.24.7<br><strong>Manto</strong>: <a href="https://resource.manto.unh.edu/11288853" target="_blank">https://resource.manto.unh.edu/11288853</a>]]></description>
        <Point><coordinates>42.5,42.5</coordinates></Point>
      </Placemark>

      <Placemark>
        <name>Etis (Lakonia)</name>
        <description><![CDATA[<strong>name</strong>: Etis (Lakonia)<br><strong>region</strong>: Lakonia Bk3<br><strong>part of</strong>: Lakonia Bk3<br><strong>Wikidata</strong>: <a href="https://wikidata.org/wiki/Q16652109" target="_blank">https://wikidata.org/wiki/Q16652109</a><br><strong>type</strong>: polis<br><strong>passages</strong>: 3.22.11, 3.22.13, 8.12.8<br><strong>Pleiades</strong>: <a href="https://pleiades.stoa.org/places/573215" target="_blank">https://pleiades.stoa.org/places/573215</a><br><strong>ToposText</strong>: <a href="https://topostext.org/place/368228PEti" target="_blank">https://topostext.org/place/368228PEti</a>]]></description>
        <Point><coordinates>23.066,36.489</coordinates></Point>
      </Placemark>

      <Placemark>
        <name>Etis (Lakonia)</name>
        <description><![CDATA[<strong>name</strong>: Etis (Lakonia)<br><strong>region</strong>: Lakonia Bk3<br><strong>part of</strong>: Lakonia Bk3<br><strong>Wikidata</strong>: <a href="https://wikidata.org/wiki/Q16652109" target="_blank">https://wikidata.org/wiki/Q16652109</a><br><strong>type</strong>: polis<br><strong>passages</strong>: 3.22.11, 3.22.13, 8.12.8<br><strong>Pleiades</strong>: <a href="https://pleiades.stoa.org/places/573215" target="_blank">https://pleiades.stoa.org/places/573215</a><br><strong>ToposText</strong>: <a href="https://topostext.org/place/368228PEti" target="_blank">https://topostext.org/place/368228PEti</a>]]></description>
        <Point><coordinates>23.066,36.489</coordinates></Point>
      </Placemark>

      <Placemark>
        <name>Well in agora of Pyrrichos, given by Silenos</name>
        <description><![CDATA[<strong>name</strong>: Well in agora of Pyrrichos, given by Silenos<br><strong>region</strong>: Lakonia Bk3<br><strong>part of</strong>: Agora of Pyrrichos<br><strong>location</strong>: Agora of Pyrrichos<br><strong>Wikidata</strong>: <a href="https://wikidata.org/wiki/Q124616344" target="_blank">https://wikidata.org/wiki/Q124616344</a><br><strong>type</strong>: well<br><strong>passages</strong>: 3.25.3]]></description>
        <Point><coordinates>22.432959,36.659054</coordinates></Point>
      </Placemark>

      <Placemark>
        <name>Sanctuary of Sarapis at Oitylos</name>
        <description><![CDATA[<strong>name</strong>: Sanctuary of Sarapis at Oitylos<br><strong>region</strong>: Lakonia Bk3<br><strong>part of</strong>: Oitylos<br><strong>location</strong>: Oitylos<br><strong>Wikidata</strong>: <a href="https://wikidata.org/wiki/Q124616478" target="_blank">https://wikidata.org/wiki/Q124616478</a><br><strong>type</strong>: hieron<br><strong>passages</strong>: 3.25.10]]></description>
        <Point><coordinates>22.3848,36.705058</coordinates></Point>
      </Placemark>

      <Placemark>
        <name>Sanctuary of Artemis Anaiitis in Lydia</name>
        <description><![CDATA[<strong>name</strong>: Sanctuary of Artemis Anaiitis in Lydia<br><strong>region</strong>: Asia Minor (Asia)<br><strong>part of</strong>: Lydia/Maionia<br><strong>location</strong>: Lydia/Maionia<br><strong>altname</strong>: has xoanon of Artemis<br><strong>Wikidata</strong>: <a href="https://wikidata.org/wiki/Q124616459" target="_blank">https://wikidata.org/wiki/Q124616459</a><br><strong>type</strong>: hieron<br><strong>passages</strong>: 3.16.8<br><strong>Manto</strong>: <a href="https://resource.manto.unh.edu/10150364" target="_blank">https://resource.manto.unh.edu/10150364</a>]]></description>
        <Point><coordinates>27.9632845,38.62477125</coordinates></Point>
      </Placemark>

      <Placemark>
        <name>Thornax? Ekklesies (Lakonia)</name>
        <description><![CDATA[<strong>name</strong>: Thornax? Ekklesies (Lakonia)<br><strong>region</strong>: Lakonia Bk3<br><strong>part of</strong>: Lakonia Bk3<br><strong>type</strong>: settlement<br><strong>passages</strong>: 3.10.8, 3.11.1<br><strong>ToposText</strong>: <a href="https://topostext.org/place/371224UTho" target="_blank">https://topostext.org/place/371224UTho</a>]]></description>
        <Point><coordinates>22.41642,37.11868</coordinates></Point>
      </Placemark>

      <Placemark>
        <name>Thornax? Ekklesies (Lakonia)</name>
        <description><![CDATA[<strong>name</strong>: Thornax? Ekklesies (Lakonia)<br><strong>region</strong>: Lakonia Bk3<br><strong>part of</strong>: Lakonia Bk3<br><strong>type</strong>: settlement<br><strong>passages</strong>: 3.10.8, 3.11.1<br><strong>ToposText</strong>: <a href="https://topostext.org/place/371224UTho" target="_blank">https://topostext.org/place/371224UTho</a>]]></description>
        <Point><coordinates>22.41642,37.11868</coordinates></Point>
      </Placemark>

      <Placemark>
        <name>Aliteion in Sparta</name>
        <description><![CDATA[<strong>name</strong>: Aliteion in Sparta<br><strong>region</strong>: Lakonia Bk3<br><strong>part of</strong>: Sparta<br><strong>location</strong>: Sparta<br><strong>Wikidata</strong>: <a href="https://wikidata.org/wiki/Q124616416" target="_blank">https://wikidata.org/wiki/Q124616416</a><br><strong>type</strong>: chorion<br><strong>passages</strong>: 3.18.2<br><strong>Pleiades</strong>: <a href="https://pleiades.stoa.org/places/573072" target="_blank">https://pleiades.stoa.org/places/573072</a>]]></description>
        <Point><coordinates>22.4237,37.0821</coordinates></Point>
      </Placemark>

      <Placemark>
        <name>Temple of Poseidon at Lake of Poseidon at Aigiai</name>
        <description><![CDATA[<strong>name</strong>: Temple of Poseidon at Lake of Poseidon at Aigiai<br><strong>region</strong>: Lakonia Bk3<br><strong>part of</strong>: Aigiai (Lakonia)<br><strong>location</strong>: Aigiai (Lakonia)<br><strong>Wikidata</strong>: <a href="https://wikidata.org/wiki/Q124616514" target="_blank">https://wikidata.org/wiki/Q124616514</a><br><strong>type</strong>: temple<br><strong>passages</strong>: 3.21.5]]></description>
        <Point><coordinates>22.5129,36.7863</coordinates></Point>
      </Placemark>

      <Placemark>
        <name>Kynosoura</name>
        <description><![CDATA[<strong>name</strong>: Kynosoura<br><strong>region</strong>: Lakonia Bk3<br><strong>part of</strong>: Lakonia Bk3<br><strong>location</strong>: Lakonia Bk3<br><strong>altname</strong>: unlocated settlement or region of Lakonia<br><strong>Wikidata</strong>: <a href="https://wikidata.org/wiki/Q60791980" target="_blank">https://wikidata.org/wiki/Q60791980</a><br><strong>type</strong>: settlement<br><strong>passages</strong>: 3.16.9<br><strong>Pleiades</strong>: <a href="https://pleiades.stoa.org/places/573320" target="_blank">https://pleiades.stoa.org/places/573320</a>]]></description>
        <Point><coordinates>22.5,37.001</coordinates></Point>
      </Placemark>

      <Placemark>
        <name>Pitane (Lakonia)</name>
        <description><![CDATA[<strong>name</strong>: Pitane (Lakonia)<br><strong>region</strong>: Lakonia Bk3<br><strong>part of</strong>: Lakonia Bk3<br><strong>altname</strong>: deme of Sparta<br><strong>Wikidata</strong>: <a href="https://wikidata.org/wiki/Q60791979" target="_blank">https://wikidata.org/wiki/Q60791979</a><br><strong>type</strong>: demos<br><strong>passages</strong>: 3.14.2, 3.16.9<br><strong>ToposText</strong>: <a href="https://topostext.org/place/371224DPit" target="_blank">https://topostext.org/place/371224DPit</a>]]></description>
        <Point><coordinates>22.4038,37.0808</coordinates></Point>
      </Placemark>

      <Placemark>
        <name>Pitane (Lakonia)</name>
        <description><![CDATA[<strong>name</strong>: Pitane (Lakonia)<br><strong>region</strong>: Lakonia Bk3<br><strong>part of</strong>: Lakonia Bk3<br><strong>altname</strong>: deme of Sparta<br><strong>Wikidata</strong>: <a href="https://wikidata.org/wiki/Q60791979" target="_blank">https://wikidata.org/wiki/Q60791979</a><br><strong>type</strong>: demos<br><strong>passages</strong>: 3.14.2, 3.16.9<br><strong>ToposText</strong>: <a href="https://topostext.org/place/371224DPit" target="_blank">https://topostext.org/place/371224DPit</a>]]></description>
        <Point><coordinates>22.4038,37.0808</coordinates></Point>
      </Placemark>

      <Placemark>
        <name>Heraia (Arcadia)</name>
        <description><![CDATA[<strong>name</strong>: Heraia (Arcadia)<br><strong>region</strong>: Arcadia Bk8<br><strong>part of</strong>: Arcadia Bk8<br><strong>altname</strong>: Heraea<br><strong>Wikidata</strong>: <a href="https://wikidata.org/wiki/Q3562285" target="_blank">https://wikidata.org/wiki/Q3562285</a><br><strong>type</strong>: polis<br><strong>passages</strong>: 3.8.7, 3.8.8, 5.7.1, 6.17.4, 8.25.12, 8.26.1, 8.26.2, 8.26.3, 8.26.5, 8.26.8, 8.27.17, 8.3.4<br><strong>Pleiades</strong>: <a href="https://pleiades.stoa.org/places/570287" target="_blank">https://pleiades.stoa.org/places/570287</a>]]></description>
        <Point><coordinates>21.863791,37.613569</coordinates></Point>
      </Placemark>

      <Placemark>
        <name>Heraia (Arcadia)</name>
        <description><![CDATA[<strong>name</strong>: Heraia (Arcadia)<br><strong>region</strong>: Arcadia Bk8<br><strong>part of</strong>: Arcadia Bk8<br><strong>altname</strong>: Heraea<br><strong>Wikidata</strong>: <a href="https://wikidata.org/wiki/Q3562285" target="_blank">https://wikidata.org/wiki/Q3562285</a><br><strong>type</strong>: polis<br><strong>passages</strong>: 3.8.7, 3.8.8, 5.7.1, 6.17.4, 8.25.12, 8.26.1, 8.26.2, 8.26.3, 8.26.5, 8.26.8, 8.27.17, 8.3.4<br><strong>Pleiades</strong>: <a href="https://pleiades.stoa.org/places/570287" target="_blank">https://pleiades.stoa.org/places/570287</a>]]></description>
        <Point><coordinates>21.863791,37.613569</coordinates></Point>
      </Placemark>

      <Placemark>
        <name>Sanctuary of Gaiouchos Poseidon near Phoibaion of Sparta</name>
        <description><![CDATA[<strong>name</strong>: Sanctuary of Gaiouchos Poseidon near Phoibaion of Sparta<br><strong>region</strong>: Lakonia Bk3<br><strong>part of</strong>: Phoibaion (Sparta)<br><strong>location</strong>: Phoibaion (Sparta)<br><strong>Wikidata</strong>: <a href="https://wikidata.org/wiki/Q124616466" target="_blank">https://wikidata.org/wiki/Q124616466</a><br><strong>type</strong>: hieron<br><strong>passages</strong>: 3.20.2]]></description>
        <Point><coordinates>22.44165,37.069</coordinates></Point>
      </Placemark>

      <Placemark>
        <name>House of Menelaus at Sparta by statue of Herakles</name>
        <description><![CDATA[<strong>name</strong>: House of Menelaus at Sparta by statue of Herakles<br><strong>region</strong>: Lakonia Bk3<br><strong>part of</strong>: Sparta<br><strong>location</strong>: Sparta<br><strong>Wikidata</strong>: <a href="https://wikidata.org/wiki/Q124616338" target="_blank">https://wikidata.org/wiki/Q124616338</a><br><strong>type</strong>: house<br><strong>passages</strong>: 3.14.6]]></description>
        <Point><coordinates>22.4237,37.0821</coordinates></Point>
      </Placemark>

      <Placemark>
        <name>Abydos</name>
        <description><![CDATA[<strong>name</strong>: Abydos<br><strong>region</strong>: Asia Minor (Asia)<br><strong>part of</strong>: Troas<br><strong>Wikidata</strong>: <a href="https://wikidata.org/wiki/Q336446" target="_blank">https://wikidata.org/wiki/Q336446</a><br><strong>type</strong>: polis<br><strong>passages</strong>: 3.9.12<br><strong>Pleiades</strong>: <a href="https://pleiades.stoa.org/places/501325" target="_blank">https://pleiades.stoa.org/places/501325</a>]]></description>
        <Point><coordinates>26.411220000000004,40.19406</coordinates></Point>
      </Placemark>

      <Placemark>
        <name>Grove with springs surrounding Sanctuary of All the Gods at Marios</name>
        <description><![CDATA[<strong>name</strong>: Grove with springs surrounding Sanctuary of All the Gods at Marios<br><strong>region</strong>: Lakonia Bk3<br><strong>part of</strong>: Marios<br><strong>location</strong>: Marios<br><strong>Wikidata</strong>: <a href="https://wikidata.org/wiki/Q124616361" target="_blank">https://wikidata.org/wiki/Q124616361</a><br><strong>type</strong>: grove<br><strong>passages</strong>: 3.22.8]]></description>
        <Point><coordinates>22.819373,37.042584</coordinates></Point>
      </Placemark>

      <Placemark>
        <name>Temple of Argive Hera at Sparta</name>
        <description><![CDATA[<strong>name</strong>: Temple of Argive Hera at Sparta<br><strong>region</strong>: Lakonia Bk3<br><strong>part of</strong>: Hill in Sparta near Kolonos<br><strong>location</strong>: Hill in Sparta near Kolonos<br><strong>Wikidata</strong>: <a href="https://wikidata.org/wiki/Q124616501" target="_blank">https://wikidata.org/wiki/Q124616501</a><br><strong>type</strong>: temple<br><strong>passages</strong>: 3.13.8]]></description>
        <Point><coordinates>22.4237,37.0821</coordinates></Point>
      </Placemark>

      <Placemark>
        <name>Spring at Tainaron, formerly showing visions of harbors</name>
        <description><![CDATA[<strong>name</strong>: Spring at Tainaron, formerly showing visions of harbors<br><strong>region</strong>: Lakonia Bk3<br><strong>part of</strong>: Tainaron cape sanctuary<br><strong>type</strong>: spring pege<br><strong>passages</strong>: 3.25.8]]></description>
        <Point><coordinates>22.4831,36.3862</coordinates></Point>
      </Placemark>

      <Placemark>
        <name>Italia (Europe)</name>
        <description><![CDATA[<strong>name</strong>: Italia (Europe)<br><strong>region</strong>: <br><strong>part of</strong>: Europe<br><strong>altname</strong>: Italy: primarily south Italy<br><strong>Wikidata</strong>: <a href="https://wikidata.org/wiki/Q913582" target="_blank">https://wikidata.org/wiki/Q913582</a><br><strong>type</strong>: major region<br><strong>passages</strong>: 1.11.7, 1.12.1, 1.12.2, 1.13.2, 1.23.5, 1.29.14, 1.36.6, 10.10.7, 10.13.10, 10.17.10, 10.17.11, 2.23.5, 2.27.4, 3.10.5, 3.12.6, 3.19.12, 3.22.11, 3.3.1, 4.23.6, 4.26.5, 5.25.3, 5.25.6, 6.19.9, 6.3.12, 6.6.4, 6.6.8, 6.7.4, 7.4.7, 8.15.9, 8.3.5<br><strong>Pleiades</strong>: <a href="https://pleiades.stoa.org/places/1052" target="_blank">https://pleiades.stoa.org/places/1052</a>]]></description>
        <Point><coordinates>12.5,42.5</coordinates></Point>
      </Placemark>

      <Placemark>
        <name>Italia (Europe)</name>
        <description><![CDATA[<strong>name</strong>: Italia (Europe)<br><strong>region</strong>: <br><strong>part of</strong>: Europe<br><strong>altname</strong>: Italy: primarily south Italy<br><strong>Wikidata</strong>: <a href="https://wikidata.org/wiki/Q913582" target="_blank">https://wikidata.org/wiki/Q913582</a><br><strong>type</strong>: major region<br><strong>passages</strong>: 1.11.7, 1.12.1, 1.12.2, 1.13.2, 1.23.5, 1.29.14, 1.36.6, 10.10.7, 10.13.10, 10.17.10, 10.17.11, 2.23.5, 2.27.4, 3.10.5, 3.12.6, 3.19.12, 3.22.11, 3.3.1, 4.23.6, 4.26.5, 5.25.3, 5.25.6, 6.19.9, 6.3.12, 6.6.4, 6.6.8, 6.7.4, 7.4.7, 8.15.9, 8.3.5<br><strong>Pleiades</strong>: <a href="https://pleiades.stoa.org/places/1052" target="_blank">https://pleiades.stoa.org/places/1052</a>]]></description>
        <Point><coordinates>12.5,42.5</coordinates></Point>
      </Placemark>

      <Placemark>
        <name>Italia (Europe)</name>
        <description><![CDATA[<strong>name</strong>: Italia (Europe)<br><strong>region</strong>: <br><strong>part of</strong>: Europe<br><strong>altname</strong>: Italy: primarily south Italy<br><strong>Wikidata</strong>: <a href="https://wikidata.org/wiki/Q913582" target="_blank">https://wikidata.org/wiki/Q913582</a><br><strong>type</strong>: major region<br><strong>passages</strong>: 1.11.7, 1.12.1, 1.12.2, 1.13.2, 1.23.5, 1.29.14, 1.36.6, 10.10.7, 10.13.10, 10.17.10, 10.17.11, 2.23.5, 2.27.4, 3.10.5, 3.12.6, 3.19.12, 3.22.11, 3.3.1, 4.23.6, 4.26.5, 5.25.3, 5.25.6, 6.19.9, 6.3.12, 6.6.4, 6.6.8, 6.7.4, 7.4.7, 8.15.9, 8.3.5<br><strong>Pleiades</strong>: <a href="https://pleiades.stoa.org/places/1052" target="_blank">https://pleiades.stoa.org/places/1052</a>]]></description>
        <Point><coordinates>12.5,42.5</coordinates></Point>
      </Placemark>

      <Placemark>
        <name>Italia (Europe)</name>
        <description><![CDATA[<strong>name</strong>: Italia (Europe)<br><strong>region</strong>: <br><strong>part of</strong>: Europe<br><strong>altname</strong>: Italy: primarily south Italy<br><strong>Wikidata</strong>: <a href="https://wikidata.org/wiki/Q913582" target="_blank">https://wikidata.org/wiki/Q913582</a><br><strong>type</strong>: major region<br><strong>passages</strong>: 1.11.7, 1.12.1, 1.12.2, 1.13.2, 1.23.5, 1.29.14, 1.36.6, 10.10.7, 10.13.10, 10.17.10, 10.17.11, 2.23.5, 2.27.4, 3.10.5, 3.12.6, 3.19.12, 3.22.11, 3.3.1, 4.23.6, 4.26.5, 5.25.3, 5.25.6, 6.19.9, 6.3.12, 6.6.4, 6.6.8, 6.7.4, 7.4.7, 8.15.9, 8.3.5<br><strong>Pleiades</strong>: <a href="https://pleiades.stoa.org/places/1052" target="_blank">https://pleiades.stoa.org/places/1052</a>]]></description>
        <Point><coordinates>12.5,42.5</coordinates></Point>
      </Placemark>

      <Placemark>
        <name>Italia (Europe)</name>
        <description><![CDATA[<strong>name</strong>: Italia (Europe)<br><strong>region</strong>: <br><strong>part of</strong>: Europe<br><strong>altname</strong>: Italy: primarily south Italy<br><strong>Wikidata</strong>: <a href="https://wikidata.org/wiki/Q913582" target="_blank">https://wikidata.org/wiki/Q913582</a><br><strong>type</strong>: major region<br><strong>passages</strong>: 1.11.7, 1.12.1, 1.12.2, 1.13.2, 1.23.5, 1.29.14, 1.36.6, 10.10.7, 10.13.10, 10.17.10, 10.17.11, 2.23.5, 2.27.4, 3.10.5, 3.12.6, 3.19.12, 3.22.11, 3.3.1, 4.23.6, 4.26.5, 5.25.3, 5.25.6, 6.19.9, 6.3.12, 6.6.4, 6.6.8, 6.7.4, 7.4.7, 8.15.9, 8.3.5<br><strong>Pleiades</strong>: <a href="https://pleiades.stoa.org/places/1052" target="_blank">https://pleiades.stoa.org/places/1052</a>]]></description>
        <Point><coordinates>12.5,42.5</coordinates></Point>
      </Placemark>

      <Placemark>
        <name>Belemina (Lakonia)</name>
        <description><![CDATA[<strong>name</strong>: Belemina (Lakonia)<br><strong>region</strong>: Lakonia Bk3<br><strong>part of</strong>: Lakonia Bk3<br><strong>altname</strong>: Belmina<br><strong>Wikidata</strong>: <a href="https://wikidata.org/wiki/Q16537117" target="_blank">https://wikidata.org/wiki/Q16537117</a><br><strong>type</strong>: settlement<br><strong>passages</strong>: 3.21.3, 8.27.4, 8.35.3, 8.35.4<br><strong>Pleiades</strong>: <a href="https://pleiades.stoa.org/places/570151" target="_blank">https://pleiades.stoa.org/places/570151</a><br><strong>ToposText</strong>: <a href="https://topostext.org/place/373223UBel" target="_blank">https://topostext.org/place/373223UBel</a>]]></description>
        <Point><coordinates>22.2869,37.2785</coordinates></Point>
      </Placemark>

      <Placemark>
        <name>Heroon of Lelex in Sparta</name>
        <description><![CDATA[<strong>name</strong>: Heroon of Lelex in Sparta<br><strong>region</strong>: Lakonia Bk3<br><strong>part of</strong>: Sparta<br><strong>location</strong>: Sparta<br><strong>Wikidata</strong>: <a href="https://wikidata.org/wiki/Q124606222" target="_blank">https://wikidata.org/wiki/Q124606222</a><br><strong>type</strong>: heroon<br><strong>passages</strong>: 3.12.5]]></description>
        <Point><coordinates>22.4237,37.0821</coordinates></Point>
      </Placemark>

      <Placemark>
        <name>Croton</name>
        <description><![CDATA[<strong>name</strong>: Croton<br><strong>region</strong>: Italia (Europe)<br><strong>part of</strong>: Italia (Europe)<br><strong>Wikidata</strong>: <a href="https://wikidata.org/wiki/Q13526919" target="_blank">https://wikidata.org/wiki/Q13526919</a><br><strong>type</strong>: polis<br><strong>passages</strong>: 3.3.1, 6.14.5, 6.14.8, 7.25.11<br><strong>Pleiades</strong>: <a href="https://pleiades.stoa.org/places/452317" target="_blank">https://pleiades.stoa.org/places/452317</a>]]></description>
        <Point><coordinates>17.129,39.081</coordinates></Point>
      </Placemark>

      <Placemark>
        <name>Messoa</name>
        <description><![CDATA[<strong>name</strong>: Messoa<br><strong>region</strong>: Lakonia Bk3<br><strong>part of</strong>: Lakonia Bk3<br><strong>location</strong>: Lakonia Bk3<br><strong>Wikidata</strong>: <a href="https://wikidata.org/wiki/Q60791981" target="_blank">https://wikidata.org/wiki/Q60791981</a><br><strong>type</strong>: settlement<br><strong>passages</strong>: 3.16.9<br><strong>Pleiades</strong>: <a href="https://pleiades.stoa.org/places/573375" target="_blank">https://pleiades.stoa.org/places/573375</a>]]></description>
        <Point><coordinates>22.5,37.001</coordinates></Point>
      </Placemark>

      <Placemark>
        <name>Tomb of Epimenides the Cretan at Sparta</name>
        <description><![CDATA[<strong>name</strong>: Tomb of Epimenides the Cretan at Sparta<br><strong>region</strong>: Lakonia Bk3<br><strong>part of</strong>: Ancient Ephoreia in Sparta<br><strong>location</strong>: Ancient Ephoreia in Sparta<br><strong>Wikidata</strong>: <a href="https://wikidata.org/wiki/Q124616310" target="_blank">https://wikidata.org/wiki/Q124616310</a><br><strong>type</strong>: tomb mnema<br><strong>passages</strong>: 3.11.11]]></description>
        <Point><coordinates>22.42659,37.08188</coordinates></Point>
      </Placemark>

      <Placemark>
        <name>Sacred Orgas region (Attica)</name>
        <description><![CDATA[<strong>name</strong>: Sacred Orgas region (Attica)<br><strong>region</strong>: Attica Bk1<br><strong>part of</strong>: Attica Bk1<br><strong>Wikidata</strong>: <a href="https://wikidata.org/wiki/Q20639198" target="_blank">https://wikidata.org/wiki/Q20639198</a><br><strong>type</strong>: chora/region<br><strong>passages</strong>: 3.4.2, 3.4.5, 3.4.6<br><strong>ToposText</strong>: <a href="https://topostext.org/place/381234RSOr" target="_blank">https://topostext.org/place/381234RSOr</a>]]></description>
        <Point><coordinates>23.3853,38.0918</coordinates></Point>
      </Placemark>

      <Placemark>
        <name>Sacred Orgas region (Attica)</name>
        <description><![CDATA[<strong>name</strong>: Sacred Orgas region (Attica)<br><strong>region</strong>: Attica Bk1<br><strong>part of</strong>: Attica Bk1<br><strong>Wikidata</strong>: <a href="https://wikidata.org/wiki/Q20639198" target="_blank">https://wikidata.org/wiki/Q20639198</a><br><strong>type</strong>: chora/region<br><strong>passages</strong>: 3.4.2, 3.4.5, 3.4.6<br><strong>ToposText</strong>: <a href="https://topostext.org/place/381234RSOr" target="_blank">https://topostext.org/place/381234RSOr</a>]]></description>
        <Point><coordinates>23.3853,38.0918</coordinates></Point>
      </Placemark>

      <Placemark>
        <name>Sacred Orgas region (Attica)</name>
        <description><![CDATA[<strong>name</strong>: Sacred Orgas region (Attica)<br><strong>region</strong>: Attica Bk1<br><strong>part of</strong>: Attica Bk1<br><strong>Wikidata</strong>: <a href="https://wikidata.org/wiki/Q20639198" target="_blank">https://wikidata.org/wiki/Q20639198</a><br><strong>type</strong>: chora/region<br><strong>passages</strong>: 3.4.2, 3.4.5, 3.4.6<br><strong>ToposText</strong>: <a href="https://topostext.org/place/381234RSOr" target="_blank">https://topostext.org/place/381234RSOr</a>]]></description>
        <Point><coordinates>23.3853,38.0918</coordinates></Point>
      </Placemark>

      <Placemark>
        <name>Western stoa on acropolis of Sparta</name>
        <description><![CDATA[<strong>name</strong>: Western stoa on acropolis of Sparta<br><strong>region</strong>: Lakonia Bk3<br><strong>part of</strong>: Acropolis of Sparta<br><strong>location</strong>: Acropolis of Sparta<br><strong>Wikidata</strong>: <a href="https://wikidata.org/wiki/Q124616420" target="_blank">https://wikidata.org/wiki/Q124616420</a><br><strong>type</strong>: stoa<br><strong>passages</strong>: 3.17.4]]></description>
        <Point><coordinates>22.4237,37.0821</coordinates></Point>
      </Placemark>

      <Placemark>
        <name>Sanctuary of Poseidon Genethlios at Sparta</name>
        <description><![CDATA[<strong>name</strong>: Sanctuary of Poseidon Genethlios at Sparta<br><strong>region</strong>: Lakonia Bk3<br><strong>part of</strong>: Sparta<br><strong>location</strong>: Sparta<br><strong>Wikidata</strong>: <a href="https://wikidata.org/wiki/Q124616451" target="_blank">https://wikidata.org/wiki/Q124616451</a><br><strong>type</strong>: hieron<br><strong>passages</strong>: 3.15.10]]></description>
        <Point><coordinates>22.4237,37.0821</coordinates></Point>
      </Placemark>

      <Placemark>
        <name>Skênôma, place right of Chalkioikos in Sparta</name>
        <description><![CDATA[<strong>name</strong>: Skênôma, place right of Chalkioikos in Sparta<br><strong>region</strong>: Lakonia Bk3<br><strong>part of</strong>: Acropolis of Sparta<br><strong>location</strong>: Acropolis of Sparta<br><strong>Wikidata</strong>: <a href="https://wikidata.org/wiki/Q124616495" target="_blank">https://wikidata.org/wiki/Q124616495</a><br><strong>type</strong>: agora<br><strong>passages</strong>: 3.17.6]]></description>
        <Point><coordinates>22.4237,37.0821</coordinates></Point>
      </Placemark>

      <Placemark>
        <name>Sanctuary of Sarapis at Sparta</name>
        <description><![CDATA[<strong>name</strong>: Sanctuary of Sarapis at Sparta<br><strong>region</strong>: Lakonia Bk3<br><strong>part of</strong>: Sparta<br><strong>location</strong>: Sparta<br><strong>Wikidata</strong>: <a href="https://wikidata.org/wiki/Q124616446" target="_blank">https://wikidata.org/wiki/Q124616446</a><br><strong>type</strong>: hieron<br><strong>passages</strong>: 3.14.5]]></description>
        <Point><coordinates>22.4237,37.0821</coordinates></Point>
      </Placemark>

      <Placemark>
        <name>Aphytis</name>
        <description><![CDATA[<strong>name</strong>: Aphytis<br><strong>region</strong>: Macedonia (Europe)<br><strong>part of</strong>: Chalcidike region (Chalkidike)<br><strong>Wikidata</strong>: <a href="https://wikidata.org/wiki/Q4779776" target="_blank">https://wikidata.org/wiki/Q4779776</a><br><strong>type</strong>: settlement<br><strong>passages</strong>: 3.18.3<br><strong>Pleiades</strong>: <a href="https://pleiades.stoa.org/places/491525" target="_blank">https://pleiades.stoa.org/places/491525</a>]]></description>
        <Point><coordinates>23.436606,40.099366</coordinates></Point>
      </Placemark>

      <Placemark>
        <name>Asklepieion at Sparta near Booneta</name>
        <description><![CDATA[<strong>name</strong>: Asklepieion at Sparta near Booneta<br><strong>region</strong>: Lakonia Bk3<br><strong>part of</strong>: Sparta<br><strong>location</strong>: Sparta<br><strong>altname</strong>: most notable Asklepieion in Sparta<br><strong>Wikidata</strong>: <a href="https://wikidata.org/wiki/Q124616349" target="_blank">https://wikidata.org/wiki/Q124616349</a><br><strong>type</strong>: Asclepieion<br><strong>passages</strong>: 3.15.10]]></description>
        <Point><coordinates>22.4237,37.0821</coordinates></Point>
      </Placemark>

      <Placemark>
        <name>Tomb of Tyndareus in Sparta</name>
        <description><![CDATA[<strong>name</strong>: Tomb of Tyndareus in Sparta<br><strong>region</strong>: Lakonia Bk3<br><strong>part of</strong>: Acropolis of Sparta<br><strong>location</strong>: Acropolis of Sparta<br><strong>Wikidata</strong>: <a href="https://wikidata.org/wiki/Q124616331" target="_blank">https://wikidata.org/wiki/Q124616331</a><br><strong>type</strong>: tomb mnema<br><strong>passages</strong>: 3.17.4<br><strong>Manto</strong>: <a href="https://resource.manto.unh.edu/10150385" target="_blank">https://resource.manto.unh.edu/10150385</a>]]></description>
        <Point><coordinates>22.4237,37.0821</coordinates></Point>
      </Placemark>

      <Placemark>
        <name>Delos island</name>
        <description><![CDATA[<strong>name</strong>: Delos island<br><strong>region</strong>: Aegean Sea (Hellas)<br><strong>part of</strong>: Cyclades region (Aegean)<br><strong>Wikidata</strong>: <a href="https://wikidata.org/wiki/Q173148" target="_blank">https://wikidata.org/wiki/Q173148</a><br><strong>type</strong>: island<br><strong>passages</strong>: 1.18.5, 1.19.6, 1.29.1, 1.31.2, 2.27.1, 2.33.2, 3.23.3, 3.23.4, 4.33.2, 4.36.6, 4.4.1, 5.19.10, 5.7.8, 8.33.2<br><strong>Pleiades</strong>: <a href="https://pleiades.stoa.org/places/599588" target="_blank">https://pleiades.stoa.org/places/599588</a><br><strong>URL</strong>: <a href="https://imperium.ahlfeldt.se/places/41356" target="_blank">https://imperium.ahlfeldt.se/places/41356</a>]]></description>
        <Point><coordinates>25.268194,37.397274</coordinates></Point>
      </Placemark>

      <Placemark>
        <name>Delos island</name>
        <description><![CDATA[<strong>name</strong>: Delos island<br><strong>region</strong>: Aegean Sea (Hellas)<br><strong>part of</strong>: Cyclades region (Aegean)<br><strong>Wikidata</strong>: <a href="https://wikidata.org/wiki/Q173148" target="_blank">https://wikidata.org/wiki/Q173148</a><br><strong>type</strong>: island<br><strong>passages</strong>: 1.18.5, 1.19.6, 1.29.1, 1.31.2, 2.27.1, 2.33.2, 3.23.3, 3.23.4, 4.33.2, 4.36.6, 4.4.1, 5.19.10, 5.7.8, 8.33.2<br><strong>Pleiades</strong>: <a href="https://pleiades.stoa.org/places/599588" target="_blank">https://pleiades.stoa.org/places/599588</a><br><strong>URL</strong>: <a href="https://imperium.ahlfeldt.se/places/41356" target="_blank">https://imperium.ahlfeldt.se/places/41356</a>]]></description>
        <Point><coordinates>25.268194,37.397274</coordinates></Point>
      </Placemark>

      <Placemark>
        <name>Sanctuary of Artemis with springs at Marios</name>
        <description><![CDATA[<strong>name</strong>: Sanctuary of Artemis with springs at Marios<br><strong>region</strong>: Lakonia Bk3<br><strong>part of</strong>: Marios<br><strong>location</strong>: Marios<br><strong>Wikidata</strong>: <a href="https://wikidata.org/wiki/Q124616472" target="_blank">https://wikidata.org/wiki/Q124616472</a><br><strong>type</strong>: hieron<br><strong>passages</strong>: 3.22.8]]></description>
        <Point><coordinates>22.819373,37.042584</coordinates></Point>
      </Placemark>

      <Placemark>
        <name>Kardamyle</name>
        <description><![CDATA[<strong>name</strong>: Kardamyle<br><strong>region</strong>: Lakonia Bk3<br><strong>part of</strong>: Lakonia Bk3<br><strong>Wikidata</strong>: <a href="https://wikidata.org/wiki/Q16542973" target="_blank">https://wikidata.org/wiki/Q16542973</a><br><strong>type</strong>: settlement<br><strong>passages</strong>: 3.26.7<br><strong>Pleiades</strong>: <a href="https://pleiades.stoa.org/places/570330" target="_blank">https://pleiades.stoa.org/places/570330</a>]]></description>
        <Point><coordinates>22.237649,36.884777</coordinates></Point>
      </Placemark>

      <Placemark>
        <name>Sanctuary of Olympian Zeus at Sparta</name>
        <description><![CDATA[<strong>name</strong>: Sanctuary of Olympian Zeus at Sparta<br><strong>region</strong>: Lakonia Bk3<br><strong>part of</strong>: Sparta<br><strong>location</strong>: Sparta<br><strong>Wikidata</strong>: <a href="https://wikidata.org/wiki/Q124616445" target="_blank">https://wikidata.org/wiki/Q124616445</a><br><strong>type</strong>: hieron<br><strong>passages</strong>: 3.14.5]]></description>
        <Point><coordinates>22.4237,37.0821</coordinates></Point>
      </Placemark>

      <Placemark>
        <name>Throne at Amyclae</name>
        <description><![CDATA[<strong>name</strong>: Throne at Amyclae<br><strong>region</strong>: Lakonia Bk3<br><strong>part of</strong>: Amyclae (Laconia)<br><strong>location</strong>: Amyclae (Laconia)<br><strong>Wikidata</strong>: <a href="https://wikidata.org/wiki/Q106363909" target="_blank">https://wikidata.org/wiki/Q106363909</a><br><strong>type</strong>: thronos<br><strong>passages</strong>: 3.18.9, 3.19.1, 5.11.4]]></description>
        <Point><coordinates>22.4502,37.0363</coordinates></Point>
      </Placemark>

      <Placemark>
        <name>Throne at Amyclae</name>
        <description><![CDATA[<strong>name</strong>: Throne at Amyclae<br><strong>region</strong>: Lakonia Bk3<br><strong>part of</strong>: Amyclae (Laconia)<br><strong>location</strong>: Amyclae (Laconia)<br><strong>Wikidata</strong>: <a href="https://wikidata.org/wiki/Q106363909" target="_blank">https://wikidata.org/wiki/Q106363909</a><br><strong>type</strong>: thronos<br><strong>passages</strong>: 3.18.9, 3.19.1, 5.11.4]]></description>
        <Point><coordinates>22.4502,37.0363</coordinates></Point>
      </Placemark>

      <Placemark>
        <name>Gymnasium of Asopos with huge human bones they honor</name>
        <description><![CDATA[<strong>name</strong>: Gymnasium of Asopos with huge human bones they honor<br><strong>region</strong>: Lakonia Bk3<br><strong>part of</strong>: Asopos (Lakonia)<br><strong>location</strong>: Asopos (Lakonia)<br><strong>Wikidata</strong>: <a href="https://wikidata.org/wiki/Q124616347" target="_blank">https://wikidata.org/wiki/Q124616347</a><br><strong>type</strong>: gymnasium<br><strong>passages</strong>: 3.22.9]]></description>
        <Point><coordinates>22.8426,36.6845</coordinates></Point>
      </Placemark>

      <Placemark>
        <name>Palaia (Laconia)</name>
        <description><![CDATA[<strong>name</strong>: Palaia (Laconia)<br><strong>region</strong>: Lakonia Bk3<br><strong>part of</strong>: Lakonia Bk3<br><strong>altname</strong>: Pleiai Palaea<br><strong>Wikidata</strong>: <a href="https://wikidata.org/wiki/Q48781617" target="_blank">https://wikidata.org/wiki/Q48781617</a><br><strong>type</strong>: village kome<br><strong>passages</strong>: 3.22.6<br><strong>Pleiades</strong>: <a href="https://pleiades.stoa.org/places/570545" target="_blank">https://pleiades.stoa.org/places/570545</a>]]></description>
        <Point><coordinates>22.802548,36.875634</coordinates></Point>
      </Placemark>

      <Placemark>
        <name>Plain near Phellia river</name>
        <description><![CDATA[<strong>name</strong>: Plain near Phellia river<br><strong>region</strong>: Lakonia Bk3<br><strong>part of</strong>: Phellia<br><strong>location</strong>: Phellia<br><strong>type</strong>: plain<br><strong>passages</strong>: 3.20.3]]></description>
        <Point><coordinates>22.43737,37.04008</coordinates></Point>
      </Placemark>

      <Placemark>
        <name>Taleton Akra</name>
        <description><![CDATA[<strong>name</strong>: Taleton Akra<br><strong>region</strong>: Lakonia Bk3<br><strong>part of</strong>: Taygetos (mountain)<br><strong>altname</strong>: unlocated peak of Taygetos<br><strong>type</strong>: cape<br><strong>passages</strong>: 3.20.4, 3.20.5<br><strong>Pleiades</strong>: <a href="https://pleiades.stoa.org/places/573541" target="_blank">https://pleiades.stoa.org/places/573541</a>]]></description>
        <Point><coordinates>22.34995,36.95354</coordinates></Point>
      </Placemark>

      <Placemark>
        <name>Taleton Akra</name>
        <description><![CDATA[<strong>name</strong>: Taleton Akra<br><strong>region</strong>: Lakonia Bk3<br><strong>part of</strong>: Taygetos (mountain)<br><strong>altname</strong>: unlocated peak of Taygetos<br><strong>type</strong>: cape<br><strong>passages</strong>: 3.20.4, 3.20.5<br><strong>Pleiades</strong>: <a href="https://pleiades.stoa.org/places/573541" target="_blank">https://pleiades.stoa.org/places/573541</a>]]></description>
        <Point><coordinates>22.34995,36.95354</coordinates></Point>
      </Placemark>

      <Placemark>
        <name>Rhodes island</name>
        <description><![CDATA[<strong>name</strong>: Rhodes island<br><strong>region</strong>: Aegean Sea (Hellas)<br><strong>part of</strong>: Aegean Sea (Hellas)<br><strong>altname</strong>: Rhodos Rodos (island)<br><strong>Wikidata</strong>: <a href="https://wikidata.org/wiki/Q43048" target="_blank">https://wikidata.org/wiki/Q43048</a><br><strong>type</strong>: island<br><strong>passages</strong>: 1.6.6, 1.6.7, 2.33.4, 2.7.1, 3.19.10, 3.19.9, 4.24.2, 4.24.3, 4.31.5, 4.32.3<br><strong>Pleiades</strong>: <a href="https://pleiades.stoa.org/places/590031" target="_blank">https://pleiades.stoa.org/places/590031</a><br><strong>ToposText</strong>: <a href="https://topostext.org/place/364282IRho" target="_blank">https://topostext.org/place/364282IRho</a>]]></description>
        <Point><coordinates>28.224399999999996,36.4408</coordinates></Point>
      </Placemark>

      <Placemark>
        <name>Rhodes island</name>
        <description><![CDATA[<strong>name</strong>: Rhodes island<br><strong>region</strong>: Aegean Sea (Hellas)<br><strong>part of</strong>: Aegean Sea (Hellas)<br><strong>altname</strong>: Rhodos Rodos (island)<br><strong>Wikidata</strong>: <a href="https://wikidata.org/wiki/Q43048" target="_blank">https://wikidata.org/wiki/Q43048</a><br><strong>type</strong>: island<br><strong>passages</strong>: 1.6.6, 1.6.7, 2.33.4, 2.7.1, 3.19.10, 3.19.9, 4.24.2, 4.24.3, 4.31.5, 4.32.3<br><strong>Pleiades</strong>: <a href="https://pleiades.stoa.org/places/590031" target="_blank">https://pleiades.stoa.org/places/590031</a><br><strong>ToposText</strong>: <a href="https://topostext.org/place/364282IRho" target="_blank">https://topostext.org/place/364282IRho</a>]]></description>
        <Point><coordinates>28.224399999999996,36.4408</coordinates></Point>
      </Placemark>

      <Placemark>
        <name>Oracular sanctuary of Ino on Oitylos-Thalamai road</name>
        <description><![CDATA[<strong>name</strong>: Oracular sanctuary of Ino on Oitylos-Thalamai road<br><strong>region</strong>: Lakonia Bk3<br><strong>part of</strong>: Thalamai (Lakonia/Messenia)<br><strong>location</strong>: Thalamai (Lakonia/Messenia)<br><strong>Wikidata</strong>: <a href="https://wikidata.org/wiki/Q124616482" target="_blank">https://wikidata.org/wiki/Q124616482</a><br><strong>type</strong>: hieron<br><strong>passages</strong>: 3.26.1<br><strong>Manto</strong>: <a href="https://resource.manto.unh.edu/10151084" target="_blank">https://resource.manto.unh.edu/10151084</a>]]></description>
        <Point><coordinates>22.3257,36.7862</coordinates></Point>
      </Placemark>

      <Placemark>
        <name>Messenia Bk4</name>
        <description><![CDATA[<strong>name</strong>: Messenia Bk4<br><strong>region</strong>: <br><strong>part of</strong>: Peloponnesos<br><strong>Wikidata</strong>: <a href="https://wikidata.org/wiki/Q1247159" target="_blank">https://wikidata.org/wiki/Q1247159</a><br><strong>type</strong>: chora/region<br><strong>passages</strong>: 2.18.7, 2.18.8, 3.1.4, 3.13.1, 3.14.4, 3.2.6, 3.26.6, 3.26.7, 3.3.2, 3.7.5, 4.1.2, 4.12.1, 4.12.7, 4.14.3, 4.14.4, 4.14.7, 4.15.8, 4.16.9, 4.17.1, 4.18.2, 4.19.4, 4.19.5, 4.2.5, 4.20.2, 4.21.1, 4.23.1, 4.24.4, 4.28.2, 4.29.11, 4.3.10, 4.3.2, 4.3.3, 4.3.4, 4.3.5, 4.30.1, 4.31.1, 4.34.9, 4.36.7, 4.4.2, 4.4.3, 4.5.8, 4.5.9, 4.6.4, 4.7.1, 4.7.4, 5.6.3, 8.1.1, 8.1.2, 8.27.15, 8.35.2<br><strong>Pleiades</strong>: <a href="https://pleiades.stoa.org/places/570480" target="_blank">https://pleiades.stoa.org/places/570480</a><br><strong>ToposText</strong>: <a href="https://topostext.org/place/372218RMes" target="_blank">https://topostext.org/place/372218RMes</a>]]></description>
        <Point><coordinates>21.8,37.2</coordinates></Point>
      </Placemark>

      <Placemark>
        <name>Messenia Bk4</name>
        <description><![CDATA[<strong>name</strong>: Messenia Bk4<br><strong>region</strong>: <br><strong>part of</strong>: Peloponnesos<br><strong>Wikidata</strong>: <a href="https://wikidata.org/wiki/Q1247159" target="_blank">https://wikidata.org/wiki/Q1247159</a><br><strong>type</strong>: chora/region<br><strong>passages</strong>: 2.18.7, 2.18.8, 3.1.4, 3.13.1, 3.14.4, 3.2.6, 3.26.6, 3.26.7, 3.3.2, 3.7.5, 4.1.2, 4.12.1, 4.12.7, 4.14.3, 4.14.4, 4.14.7, 4.15.8, 4.16.9, 4.17.1, 4.18.2, 4.19.4, 4.19.5, 4.2.5, 4.20.2, 4.21.1, 4.23.1, 4.24.4, 4.28.2, 4.29.11, 4.3.10, 4.3.2, 4.3.3, 4.3.4, 4.3.5, 4.30.1, 4.31.1, 4.34.9, 4.36.7, 4.4.2, 4.4.3, 4.5.8, 4.5.9, 4.6.4, 4.7.1, 4.7.4, 5.6.3, 8.1.1, 8.1.2, 8.27.15, 8.35.2<br><strong>Pleiades</strong>: <a href="https://pleiades.stoa.org/places/570480" target="_blank">https://pleiades.stoa.org/places/570480</a><br><strong>ToposText</strong>: <a href="https://topostext.org/place/372218RMes" target="_blank">https://topostext.org/place/372218RMes</a>]]></description>
        <Point><coordinates>21.8,37.2</coordinates></Point>
      </Placemark>

      <Placemark>
        <name>Messenia Bk4</name>
        <description><![CDATA[<strong>name</strong>: Messenia Bk4<br><strong>region</strong>: <br><strong>part of</strong>: Peloponnesos<br><strong>Wikidata</strong>: <a href="https://wikidata.org/wiki/Q1247159" target="_blank">https://wikidata.org/wiki/Q1247159</a><br><strong>type</strong>: chora/region<br><strong>passages</strong>: 2.18.7, 2.18.8, 3.1.4, 3.13.1, 3.14.4, 3.2.6, 3.26.6, 3.26.7, 3.3.2, 3.7.5, 4.1.2, 4.12.1, 4.12.7, 4.14.3, 4.14.4, 4.14.7, 4.15.8, 4.16.9, 4.17.1, 4.18.2, 4.19.4, 4.19.5, 4.2.5, 4.20.2, 4.21.1, 4.23.1, 4.24.4, 4.28.2, 4.29.11, 4.3.10, 4.3.2, 4.3.3, 4.3.4, 4.3.5, 4.30.1, 4.31.1, 4.34.9, 4.36.7, 4.4.2, 4.4.3, 4.5.8, 4.5.9, 4.6.4, 4.7.1, 4.7.4, 5.6.3, 8.1.1, 8.1.2, 8.27.15, 8.35.2<br><strong>Pleiades</strong>: <a href="https://pleiades.stoa.org/places/570480" target="_blank">https://pleiades.stoa.org/places/570480</a><br><strong>ToposText</strong>: <a href="https://topostext.org/place/372218RMes" target="_blank">https://topostext.org/place/372218RMes</a>]]></description>
        <Point><coordinates>21.8,37.2</coordinates></Point>
      </Placemark>

      <Placemark>
        <name>Messenia Bk4</name>
        <description><![CDATA[<strong>name</strong>: Messenia Bk4<br><strong>region</strong>: <br><strong>part of</strong>: Peloponnesos<br><strong>Wikidata</strong>: <a href="https://wikidata.org/wiki/Q1247159" target="_blank">https://wikidata.org/wiki/Q1247159</a><br><strong>type</strong>: chora/region<br><strong>passages</strong>: 2.18.7, 2.18.8, 3.1.4, 3.13.1, 3.14.4, 3.2.6, 3.26.6, 3.26.7, 3.3.2, 3.7.5, 4.1.2, 4.12.1, 4.12.7, 4.14.3, 4.14.4, 4.14.7, 4.15.8, 4.16.9, 4.17.1, 4.18.2, 4.19.4, 4.19.5, 4.2.5, 4.20.2, 4.21.1, 4.23.1, 4.24.4, 4.28.2, 4.29.11, 4.3.10, 4.3.2, 4.3.3, 4.3.4, 4.3.5, 4.30.1, 4.31.1, 4.34.9, 4.36.7, 4.4.2, 4.4.3, 4.5.8, 4.5.9, 4.6.4, 4.7.1, 4.7.4, 5.6.3, 8.1.1, 8.1.2, 8.27.15, 8.35.2<br><strong>Pleiades</strong>: <a href="https://pleiades.stoa.org/places/570480" target="_blank">https://pleiades.stoa.org/places/570480</a><br><strong>ToposText</strong>: <a href="https://topostext.org/place/372218RMes" target="_blank">https://topostext.org/place/372218RMes</a>]]></description>
        <Point><coordinates>21.8,37.2</coordinates></Point>
      </Placemark>

      <Placemark>
        <name>Messenia Bk4</name>
        <description><![CDATA[<strong>name</strong>: Messenia Bk4<br><strong>region</strong>: <br><strong>part of</strong>: Peloponnesos<br><strong>Wikidata</strong>: <a href="https://wikidata.org/wiki/Q1247159" target="_blank">https://wikidata.org/wiki/Q1247159</a><br><strong>type</strong>: chora/region<br><strong>passages</strong>: 2.18.7, 2.18.8, 3.1.4, 3.13.1, 3.14.4, 3.2.6, 3.26.6, 3.26.7, 3.3.2, 3.7.5, 4.1.2, 4.12.1, 4.12.7, 4.14.3, 4.14.4, 4.14.7, 4.15.8, 4.16.9, 4.17.1, 4.18.2, 4.19.4, 4.19.5, 4.2.5, 4.20.2, 4.21.1, 4.23.1, 4.24.4, 4.28.2, 4.29.11, 4.3.10, 4.3.2, 4.3.3, 4.3.4, 4.3.5, 4.30.1, 4.31.1, 4.34.9, 4.36.7, 4.4.2, 4.4.3, 4.5.8, 4.5.9, 4.6.4, 4.7.1, 4.7.4, 5.6.3, 8.1.1, 8.1.2, 8.27.15, 8.35.2<br><strong>Pleiades</strong>: <a href="https://pleiades.stoa.org/places/570480" target="_blank">https://pleiades.stoa.org/places/570480</a><br><strong>ToposText</strong>: <a href="https://topostext.org/place/372218RMes" target="_blank">https://topostext.org/place/372218RMes</a>]]></description>
        <Point><coordinates>21.8,37.2</coordinates></Point>
      </Placemark>

      <Placemark>
        <name>Messenia Bk4</name>
        <description><![CDATA[<strong>name</strong>: Messenia Bk4<br><strong>region</strong>: <br><strong>part of</strong>: Peloponnesos<br><strong>Wikidata</strong>: <a href="https://wikidata.org/wiki/Q1247159" target="_blank">https://wikidata.org/wiki/Q1247159</a><br><strong>type</strong>: chora/region<br><strong>passages</strong>: 2.18.7, 2.18.8, 3.1.4, 3.13.1, 3.14.4, 3.2.6, 3.26.6, 3.26.7, 3.3.2, 3.7.5, 4.1.2, 4.12.1, 4.12.7, 4.14.3, 4.14.4, 4.14.7, 4.15.8, 4.16.9, 4.17.1, 4.18.2, 4.19.4, 4.19.5, 4.2.5, 4.20.2, 4.21.1, 4.23.1, 4.24.4, 4.28.2, 4.29.11, 4.3.10, 4.3.2, 4.3.3, 4.3.4, 4.3.5, 4.30.1, 4.31.1, 4.34.9, 4.36.7, 4.4.2, 4.4.3, 4.5.8, 4.5.9, 4.6.4, 4.7.1, 4.7.4, 5.6.3, 8.1.1, 8.1.2, 8.27.15, 8.35.2<br><strong>Pleiades</strong>: <a href="https://pleiades.stoa.org/places/570480" target="_blank">https://pleiades.stoa.org/places/570480</a><br><strong>ToposText</strong>: <a href="https://topostext.org/place/372218RMes" target="_blank">https://topostext.org/place/372218RMes</a>]]></description>
        <Point><coordinates>21.8,37.2</coordinates></Point>
      </Placemark>

      <Placemark>
        <name>Messenia Bk4</name>
        <description><![CDATA[<strong>name</strong>: Messenia Bk4<br><strong>region</strong>: <br><strong>part of</strong>: Peloponnesos<br><strong>Wikidata</strong>: <a href="https://wikidata.org/wiki/Q1247159" target="_blank">https://wikidata.org/wiki/Q1247159</a><br><strong>type</strong>: chora/region<br><strong>passages</strong>: 2.18.7, 2.18.8, 3.1.4, 3.13.1, 3.14.4, 3.2.6, 3.26.6, 3.26.7, 3.3.2, 3.7.5, 4.1.2, 4.12.1, 4.12.7, 4.14.3, 4.14.4, 4.14.7, 4.15.8, 4.16.9, 4.17.1, 4.18.2, 4.19.4, 4.19.5, 4.2.5, 4.20.2, 4.21.1, 4.23.1, 4.24.4, 4.28.2, 4.29.11, 4.3.10, 4.3.2, 4.3.3, 4.3.4, 4.3.5, 4.30.1, 4.31.1, 4.34.9, 4.36.7, 4.4.2, 4.4.3, 4.5.8, 4.5.9, 4.6.4, 4.7.1, 4.7.4, 5.6.3, 8.1.1, 8.1.2, 8.27.15, 8.35.2<br><strong>Pleiades</strong>: <a href="https://pleiades.stoa.org/places/570480" target="_blank">https://pleiades.stoa.org/places/570480</a><br><strong>ToposText</strong>: <a href="https://topostext.org/place/372218RMes" target="_blank">https://topostext.org/place/372218RMes</a>]]></description>
        <Point><coordinates>21.8,37.2</coordinates></Point>
      </Placemark>

      <Placemark>
        <name>Messenia Bk4</name>
        <description><![CDATA[<strong>name</strong>: Messenia Bk4<br><strong>region</strong>: <br><strong>part of</strong>: Peloponnesos<br><strong>Wikidata</strong>: <a href="https://wikidata.org/wiki/Q1247159" target="_blank">https://wikidata.org/wiki/Q1247159</a><br><strong>type</strong>: chora/region<br><strong>passages</strong>: 2.18.7, 2.18.8, 3.1.4, 3.13.1, 3.14.4, 3.2.6, 3.26.6, 3.26.7, 3.3.2, 3.7.5, 4.1.2, 4.12.1, 4.12.7, 4.14.3, 4.14.4, 4.14.7, 4.15.8, 4.16.9, 4.17.1, 4.18.2, 4.19.4, 4.19.5, 4.2.5, 4.20.2, 4.21.1, 4.23.1, 4.24.4, 4.28.2, 4.29.11, 4.3.10, 4.3.2, 4.3.3, 4.3.4, 4.3.5, 4.30.1, 4.31.1, 4.34.9, 4.36.7, 4.4.2, 4.4.3, 4.5.8, 4.5.9, 4.6.4, 4.7.1, 4.7.4, 5.6.3, 8.1.1, 8.1.2, 8.27.15, 8.35.2<br><strong>Pleiades</strong>: <a href="https://pleiades.stoa.org/places/570480" target="_blank">https://pleiades.stoa.org/places/570480</a><br><strong>ToposText</strong>: <a href="https://topostext.org/place/372218RMes" target="_blank">https://topostext.org/place/372218RMes</a>]]></description>
        <Point><coordinates>21.8,37.2</coordinates></Point>
      </Placemark>

      <Placemark>
        <name>Aphrodite temple (Kainepolis)</name>
        <description><![CDATA[<strong>name</strong>: Aphrodite temple (Kainepolis)<br><strong>region</strong>: Lakonia Bk3<br><strong>part of</strong>: Kainepolis<br><strong>location</strong>: Kainepolis<br><strong>type</strong>: temple<br><strong>passages</strong>: 3.25.9<br><strong>ToposText</strong>: <a href="https://topostext.org/place/365224SApK" target="_blank">https://topostext.org/place/365224SApK</a>]]></description>
        <Point><coordinates>22.442714,36.460433</coordinates></Point>
      </Placemark>

      <Placemark>
        <name>Altars of Asclepius at shore of Epidauros Limera</name>
        <description><![CDATA[<strong>name</strong>: Altars of Asclepius at shore of Epidauros Limera<br><strong>region</strong>: Lakonia Bk3<br><strong>part of</strong>: Epidaurus Limera (Laconia)<br><strong>location</strong>: Epidaurus Limera (Laconia)<br><strong>altname</strong>: Altars of Asklepios<br><strong>Wikidata</strong>: <a href="https://wikidata.org/wiki/Q124616541" target="_blank">https://wikidata.org/wiki/Q124616541</a><br><strong>type</strong>: altar<br><strong>passages</strong>: 3.23.7]]></description>
        <Point><coordinates>23.026,36.731</coordinates></Point>
      </Placemark>

      <Placemark>
        <name>Temenos of the Daughters of Nereus near Kardamyle</name>
        <description><![CDATA[<strong>name</strong>: Temenos of the Daughters of Nereus near Kardamyle<br><strong>region</strong>: Lakonia Bk3<br><strong>part of</strong>: Kardamyle<br><strong>location</strong>: Kardamyle<br><strong>Wikidata</strong>: <a href="https://wikidata.org/wiki/Q124616359" target="_blank">https://wikidata.org/wiki/Q124616359</a><br><strong>type</strong>: temenos<br><strong>passages</strong>: 3.26.7]]></description>
        <Point><coordinates>22.237649,36.884777</coordinates></Point>
      </Placemark>

      <Placemark>
        <name>Galakô fountain near Las  polis</name>
        <description><![CDATA[<strong>name</strong>: Galakô fountain near Las  polis<br><strong>region</strong>: Lakonia Bk3<br><strong>part of</strong>: Las polis<br><strong>location</strong>: Las polis<br><strong>type</strong>: fountain<br><strong>passages</strong>: 3.24.7<br><strong>Pleiades</strong>: <a href="https://pleiades.stoa.org/places/573228" target="_blank">https://pleiades.stoa.org/places/573228</a>]]></description>
        <Point><coordinates>22.5047,36.7279</coordinates></Point>
      </Placemark>

      <Placemark>
        <name>Harpleia</name>
        <description><![CDATA[<strong>name</strong>: Harpleia<br><strong>region</strong>: Lakonia Bk3<br><strong>part of</strong>: Taygetos (mountain)<br><strong>location</strong>: Taygetos (mountain)<br><strong>altname</strong>: on lower slope of Taygetos near plain<br><strong>Wikidata</strong>: <a href="https://wikidata.org/wiki/Q60792060" target="_blank">https://wikidata.org/wiki/Q60792060</a><br><strong>type</strong>: settlement<br><strong>passages</strong>: 3.20.7<br><strong>Pleiades</strong>: <a href="https://pleiades.stoa.org/places/573244" target="_blank">https://pleiades.stoa.org/places/573244</a>]]></description>
        <Point><coordinates>22.3503405,36.9528148</coordinates></Point>
      </Placemark>

      <Placemark>
        <name>Tomb of Pausanias opposite theater of Sparta</name>
        <description><![CDATA[<strong>name</strong>: Tomb of Pausanias opposite theater of Sparta<br><strong>region</strong>: Lakonia Bk3<br><strong>part of</strong>: Sparta<br><strong>location</strong>: Sparta<br><strong>Wikidata</strong>: <a href="https://wikidata.org/wiki/Q124616271" target="_blank">https://wikidata.org/wiki/Q124616271</a><br><strong>type</strong>: tomb mnema<br><strong>passages</strong>: 3.14.1]]></description>
        <Point><coordinates>22.4237,37.0821</coordinates></Point>
      </Placemark>

      <Placemark>
        <name>Temple of Aphrodite Areia behind Chalkioikos in Sparta</name>
        <description><![CDATA[<strong>name</strong>: Temple of Aphrodite Areia behind Chalkioikos in Sparta<br><strong>region</strong>: Lakonia Bk3<br><strong>part of</strong>: Acropolis of Sparta<br><strong>location</strong>: Acropolis of Sparta<br><strong>Wikidata</strong>: <a href="https://wikidata.org/wiki/Q124616507" target="_blank">https://wikidata.org/wiki/Q124616507</a><br><strong>type</strong>: temple<br><strong>passages</strong>: 3.17.5]]></description>
        <Point><coordinates>22.4237,37.0821</coordinates></Point>
      </Placemark>

      <Placemark>
        <name>Sanctuary of Poseidon Asphalios near agora of Sparta</name>
        <description><![CDATA[<strong>name</strong>: Sanctuary of Poseidon Asphalios near agora of Sparta<br><strong>region</strong>: Lakonia Bk3<br><strong>part of</strong>: Choros (Sparta)<br><strong>location</strong>: Choros (Sparta)<br><strong>Wikidata</strong>: <a href="https://wikidata.org/wiki/Q124616428" target="_blank">https://wikidata.org/wiki/Q124616428</a><br><strong>type</strong>: hieron<br><strong>passages</strong>: 3.11.9]]></description>
        <Point><coordinates>22.42665,37.0815</coordinates></Point>
      </Placemark>

      <Placemark>
        <name>Sanctuary of Asklepios at Pellana</name>
        <description><![CDATA[<strong>name</strong>: Sanctuary of Asklepios at Pellana<br><strong>region</strong>: Lakonia Bk3<br><strong>part of</strong>: Pellana (Lakonia)<br><strong>location</strong>: Pellana (Lakonia)<br><strong>Wikidata</strong>: <a href="https://wikidata.org/wiki/Q124616351" target="_blank">https://wikidata.org/wiki/Q124616351</a><br><strong>type</strong>: hieron<br><strong>passages</strong>: 3.21.2]]></description>
        <Point><coordinates>22.3244,37.2083</coordinates></Point>
      </Placemark>

      <Placemark>
        <name>Glyppia</name>
        <description><![CDATA[<strong>name</strong>: Glyppia<br><strong>region</strong>: Lakonia Bk3<br><strong>part of</strong>: Lakonia Bk3<br><strong>altname</strong>: in the interior beyond Marios<br><strong>Wikidata</strong>: <a href="https://wikidata.org/wiki/Q48781593" target="_blank">https://wikidata.org/wiki/Q48781593</a><br><strong>type</strong>: village kome<br><strong>passages</strong>: 3.22.8<br><strong>Pleiades</strong>: <a href="https://pleiades.stoa.org/places/570265" target="_blank">https://pleiades.stoa.org/places/570265</a>]]></description>
        <Point><coordinates>22.683334,37.174817</coordinates></Point>
      </Placemark>

      <Placemark>
        <name>Quarries at Krokeai</name>
        <description><![CDATA[<strong>name</strong>: Quarries at Krokeai<br><strong>region</strong>: Lakonia Bk3<br><strong>part of</strong>: Krokeai<br><strong>location</strong>: Krokeai<br><strong>Wikidata</strong>: <a href="https://wikidata.org/wiki/Q124616493" target="_blank">https://wikidata.org/wiki/Q124616493</a><br><strong>type</strong>: quarry<br><strong>passages</strong>: 3.21.4]]></description>
        <Point><coordinates>22.548448,36.884856</coordinates></Point>
      </Placemark>

      <Placemark>
        <name>Tomb of Talthybius at agora of Aigion</name>
        <description><![CDATA[<strong>name</strong>: Tomb of Talthybius at agora of Aigion<br><strong>region</strong>: Achaia Bk7<br><strong>part of</strong>: Agora of Aigion<br><strong>location</strong>: Agora of Aigion<br><strong>Wikidata</strong>: <a href="https://wikidata.org/wiki/Q124616311" target="_blank">https://wikidata.org/wiki/Q124616311</a><br><strong>type</strong>: tomb mnema<br><strong>passages</strong>: 3.12.7, 7.24.1<br><strong>Manto</strong>: <a href="https://resource.manto.unh.edu/10150685" target="_blank">https://resource.manto.unh.edu/10150685</a>]]></description>
        <Point><coordinates>22.09,38.252</coordinates></Point>
      </Placemark>

      <Placemark>
        <name>Heroon of Oiolykos son of Thera by Poikile clubhouse at Sparta</name>
        <description><![CDATA[<strong>name</strong>: Heroon of Oiolykos son of Thera by Poikile clubhouse at Sparta<br><strong>region</strong>: Lakonia Bk3<br><strong>part of</strong>: Sparta<br><strong>location</strong>: Sparta<br><strong>Wikidata</strong>: <a href="https://wikidata.org/wiki/Q124616574" target="_blank">https://wikidata.org/wiki/Q124616574</a><br><strong>type</strong>: heroon<br><strong>passages</strong>: 3.15.8]]></description>
        <Point><coordinates>22.4237,37.0821</coordinates></Point>
      </Placemark>

      <Placemark>
        <name>Tomb of Eurybiades in Lykourgos sanctuary in Sparta</name>
        <description><![CDATA[<strong>name</strong>: Tomb of Eurybiades in Lykourgos sanctuary in Sparta<br><strong>region</strong>: Lakonia Bk3<br><strong>part of</strong>: Sanctuary of Lykourgos in Sparta<br><strong>location</strong>: Sanctuary of Lykourgos in Sparta<br><strong>Wikidata</strong>: <a href="https://wikidata.org/wiki/Q124616328" target="_blank">https://wikidata.org/wiki/Q124616328</a><br><strong>type</strong>: tomb mnema<br><strong>passages</strong>: 3.16.6]]></description>
        <Point><coordinates>22.4237,37.0821</coordinates></Point>
      </Placemark>

      <Placemark>
        <name>Theomêlida, place in Sparta with tombs of Agiad kings</name>
        <description><![CDATA[<strong>name</strong>: Theomêlida, place in Sparta with tombs of Agiad kings<br><strong>region</strong>: Lakonia Bk3<br><strong>part of</strong>: Sparta<br><strong>location</strong>: Sparta<br><strong>Wikidata</strong>: <a href="https://wikidata.org/wiki/Q124616413" target="_blank">https://wikidata.org/wiki/Q124616413</a><br><strong>type</strong>: chorion<br><strong>passages</strong>: 3.14.2]]></description>
        <Point><coordinates>22.4237,37.0821</coordinates></Point>
      </Placemark>

      <Placemark>
        <name>Sanctuary of Zeus Xenios at Sparta</name>
        <description><![CDATA[<strong>name</strong>: Sanctuary of Zeus Xenios at Sparta<br><strong>region</strong>: Lakonia Bk3<br><strong>part of</strong>: Agora of Sparta<br><strong>location</strong>: Agora of Sparta<br><strong>Wikidata</strong>: <a href="https://wikidata.org/wiki/Q124616590" target="_blank">https://wikidata.org/wiki/Q124616590</a><br><strong>type</strong>: hieron<br><strong>passages</strong>: 3.11.11]]></description>
        <Point><coordinates>22.42659,37.08188</coordinates></Point>
      </Placemark>

      <Placemark>
        <name>Cythera polis</name>
        <description><![CDATA[<strong>name</strong>: Cythera polis<br><strong>region</strong>: Aegean Sea (Hellas)<br><strong>part of</strong>: Cythera island<br><strong>altname</strong>: Kythera<br><strong>Wikidata</strong>: <a href="https://wikidata.org/wiki/Q11855334" target="_blank">https://wikidata.org/wiki/Q11855334</a><br><strong>type</strong>: polis<br><strong>passages</strong>: 1.27.5, 3.23.1<br><strong>Pleiades</strong>: <a href="https://pleiades.stoa.org/places/570400" target="_blank">https://pleiades.stoa.org/places/570400</a><br><strong>ToposText</strong>: <a href="https://topostext.org/place/363230PKyt" target="_blank">https://topostext.org/place/363230PKyt</a>]]></description>
        <Point><coordinates>23.0291,36.2295</coordinates></Point>
      </Placemark>

      <Placemark>
        <name>Alagonia (Messenia)</name>
        <description><![CDATA[<strong>name</strong>: Alagonia (Messenia)<br><strong>region</strong>: Lakonia Bk3<br><strong>part of</strong>: Messenia Bk4<br><strong>altname</strong>: one of the Eleftherolakonian cities, 30 stades inland from Gerenia<br><strong>Wikidata</strong>: <a href="https://wikidata.org/wiki/Q3773354" target="_blank">https://wikidata.org/wiki/Q3773354</a><br><strong>type</strong>: polisma<br><strong>passages</strong>: 3.21.7, 3.26.11<br><strong>ToposText</strong>: <a href="https://topostext.org/place/370223UAla" target="_blank">https://topostext.org/place/370223UAla</a>]]></description>
        <Point><coordinates>22.2612,36.9556</coordinates></Point>
      </Placemark>

      <Placemark>
        <name>Alagonia (Messenia)</name>
        <description><![CDATA[<strong>name</strong>: Alagonia (Messenia)<br><strong>region</strong>: Lakonia Bk3<br><strong>part of</strong>: Messenia Bk4<br><strong>altname</strong>: one of the Eleftherolakonian cities, 30 stades inland from Gerenia<br><strong>Wikidata</strong>: <a href="https://wikidata.org/wiki/Q3773354" target="_blank">https://wikidata.org/wiki/Q3773354</a><br><strong>type</strong>: polisma<br><strong>passages</strong>: 3.21.7, 3.26.11<br><strong>ToposText</strong>: <a href="https://topostext.org/place/370223UAla" target="_blank">https://topostext.org/place/370223UAla</a>]]></description>
        <Point><coordinates>22.2612,36.9556</coordinates></Point>
      </Placemark>

      <Placemark>
        <name>harbor of Akriai</name>
        <description><![CDATA[<strong>name</strong>: harbor of Akriai<br><strong>region</strong>: Lakonia Bk3<br><strong>part of</strong>: Akriai (Lakonia)<br><strong>Wikidata</strong>: <a href="https://wikidata.org/wiki/Q124616408" target="_blank">https://wikidata.org/wiki/Q124616408</a><br><strong>type</strong>: harbor limen<br><strong>passages</strong>: 3.22.5]]></description>
        <Point><coordinates>22.786,36.7945</coordinates></Point>
      </Placemark>

      <Placemark>
        <name>Zarax</name>
        <description><![CDATA[<strong>name</strong>: Zarax<br><strong>region</strong>: Lakonia Bk3<br><strong>part of</strong>: Lakonia Bk3<br><strong>Wikidata</strong>: <a href="https://wikidata.org/wiki/Q11955563" target="_blank">https://wikidata.org/wiki/Q11955563</a><br><strong>type</strong>: polis<br><strong>passages</strong>: 1.38.4, 3.21.7, 3.24.1, 3.24.2<br><strong>Pleiades</strong>: <a href="https://pleiades.stoa.org/places/570761" target="_blank">https://pleiades.stoa.org/places/570761</a>]]></description>
        <Point><coordinates>23.088,36.787</coordinates></Point>
      </Placemark>

      <Placemark>
        <name>Zarax</name>
        <description><![CDATA[<strong>name</strong>: Zarax<br><strong>region</strong>: Lakonia Bk3<br><strong>part of</strong>: Lakonia Bk3<br><strong>Wikidata</strong>: <a href="https://wikidata.org/wiki/Q11955563" target="_blank">https://wikidata.org/wiki/Q11955563</a><br><strong>type</strong>: polis<br><strong>passages</strong>: 1.38.4, 3.21.7, 3.24.1, 3.24.2<br><strong>Pleiades</strong>: <a href="https://pleiades.stoa.org/places/570761" target="_blank">https://pleiades.stoa.org/places/570761</a>]]></description>
        <Point><coordinates>23.088,36.787</coordinates></Point>
      </Placemark>

      <Placemark>
        <name>Zarax</name>
        <description><![CDATA[<strong>name</strong>: Zarax<br><strong>region</strong>: Lakonia Bk3<br><strong>part of</strong>: Lakonia Bk3<br><strong>Wikidata</strong>: <a href="https://wikidata.org/wiki/Q11955563" target="_blank">https://wikidata.org/wiki/Q11955563</a><br><strong>type</strong>: polis<br><strong>passages</strong>: 1.38.4, 3.21.7, 3.24.1, 3.24.2<br><strong>Pleiades</strong>: <a href="https://pleiades.stoa.org/places/570761" target="_blank">https://pleiades.stoa.org/places/570761</a>]]></description>
        <Point><coordinates>23.088,36.787</coordinates></Point>
      </Placemark>

      <Placemark>
        <name>Cyrene</name>
        <description><![CDATA[<strong>name</strong>: Cyrene<br><strong>region</strong>: Libya (Africa)<br><strong>part of</strong>: Cyrenaica<br><strong>Wikidata</strong>: <a href="https://wikidata.org/wiki/Q44112" target="_blank">https://wikidata.org/wiki/Q44112</a><br><strong>type</strong>: polis<br><strong>passages</strong>: 1.6.8, 1.7.1, 1.7.2, 10.15.7, 10.2.3, 3.14.3, 3.16.2, 6.19.10<br><strong>Pleiades</strong>: <a href="https://pleiades.stoa.org/places/373778" target="_blank">https://pleiades.stoa.org/places/373778</a>]]></description>
        <Point><coordinates>21.856169,32.818736</coordinates></Point>
      </Placemark>

      <Placemark>
        <name>Cyrene</name>
        <description><![CDATA[<strong>name</strong>: Cyrene<br><strong>region</strong>: Libya (Africa)<br><strong>part of</strong>: Cyrenaica<br><strong>Wikidata</strong>: <a href="https://wikidata.org/wiki/Q44112" target="_blank">https://wikidata.org/wiki/Q44112</a><br><strong>type</strong>: polis<br><strong>passages</strong>: 1.6.8, 1.7.1, 1.7.2, 10.15.7, 10.2.3, 3.14.3, 3.16.2, 6.19.10<br><strong>Pleiades</strong>: <a href="https://pleiades.stoa.org/places/373778" target="_blank">https://pleiades.stoa.org/places/373778</a>]]></description>
        <Point><coordinates>21.856169,32.818736</coordinates></Point>
      </Placemark>

      <Placemark>
        <name>Cave at Tainaron with no outlet below ground</name>
        <description><![CDATA[<strong>name</strong>: Cave at Tainaron with no outlet below ground<br><strong>region</strong>: Lakonia Bk3<br><strong>part of</strong>: Tainaron (promontory)<br><strong>location</strong>: Tainaron (promontory)<br><strong>type</strong>: cave<br><strong>passages</strong>: 3.25.5]]></description>
        <Point><coordinates>22.4831905,36.3856534</coordinates></Point>
      </Placemark>

      <Placemark>
        <name>Sanctuary of Lykourgos in Sparta</name>
        <description><![CDATA[<strong>name</strong>: Sanctuary of Lykourgos in Sparta<br><strong>region</strong>: Lakonia Bk3<br><strong>part of</strong>: Sparta<br><strong>location</strong>: Sparta<br><strong>Wikidata</strong>: <a href="https://wikidata.org/wiki/Q124616458" target="_blank">https://wikidata.org/wiki/Q124616458</a><br><strong>type</strong>: hieron<br><strong>passages</strong>: 3.16.6]]></description>
        <Point><coordinates>22.4237,37.0821</coordinates></Point>
      </Placemark>

      <Placemark>
        <name>Temple in sanctuary of Ino near Thalamai</name>
        <description><![CDATA[<strong>name</strong>: Temple in sanctuary of Ino near Thalamai<br><strong>region</strong>: Lakonia Bk3<br><strong>part of</strong>: Oracular sanctuary of Ino on Oitylos-Thalamai road<br><strong>location</strong>: Oracular sanctuary of Ino on Oitylos-Thalamai road<br><strong>type</strong>: temple<br><strong>passages</strong>: 3.26.1]]></description>
        <Point><coordinates>22.3257,36.7862</coordinates></Point>
      </Placemark>

      <Placemark>
        <name>Susa/Seleucia ad Eulaeum</name>
        <description><![CDATA[<strong>name</strong>: Susa/Seleucia ad Eulaeum<br><strong>region</strong>: Asia (continent)<br><strong>part of</strong>: Asia (continent)<br><strong>Wikidata</strong>: <a href="https://wikidata.org/wiki/Q180773" target="_blank">https://wikidata.org/wiki/Q180773</a><br><strong>type</strong>: settlement<br><strong>passages</strong>: 1.42.3, 10.31.7, 3.16.8, 3.9.5, 4.31.5, 6.5.7<br><strong>Pleiades</strong>: <a href="https://pleiades.stoa.org/places/912936" target="_blank">https://pleiades.stoa.org/places/912936</a>]]></description>
        <Point><coordinates>48.24854,32.19202</coordinates></Point>
      </Placemark>

      <Placemark>
        <name>Susa/Seleucia ad Eulaeum</name>
        <description><![CDATA[<strong>name</strong>: Susa/Seleucia ad Eulaeum<br><strong>region</strong>: Asia (continent)<br><strong>part of</strong>: Asia (continent)<br><strong>Wikidata</strong>: <a href="https://wikidata.org/wiki/Q180773" target="_blank">https://wikidata.org/wiki/Q180773</a><br><strong>type</strong>: settlement<br><strong>passages</strong>: 1.42.3, 10.31.7, 3.16.8, 3.9.5, 4.31.5, 6.5.7<br><strong>Pleiades</strong>: <a href="https://pleiades.stoa.org/places/912936" target="_blank">https://pleiades.stoa.org/places/912936</a>]]></description>
        <Point><coordinates>48.24854,32.19202</coordinates></Point>
      </Placemark>

      <Placemark>
        <name>Alesiai</name>
        <description><![CDATA[<strong>name</strong>: Alesiai<br><strong>region</strong>: Lakonia Bk3<br><strong>part of</strong>: Lakonia Bk3<br><strong>Wikidata</strong>: <a href="https://wikidata.org/wiki/Q124615475" target="_blank">https://wikidata.org/wiki/Q124615475</a><br><strong>type</strong>: chorion<br><strong>passages</strong>: 3.20.2<br><strong>Pleiades</strong>: <a href="https://pleiades.stoa.org/places/570063" target="_blank">https://pleiades.stoa.org/places/570063</a>]]></description>
        <Point><coordinates>22.413455,37.043277</coordinates></Point>
      </Placemark>

      <Placemark>
        <name>Cave at Brasiai where Ino nursed Dionysos</name>
        <description><![CDATA[<strong>name</strong>: Cave at Brasiai where Ino nursed Dionysos<br><strong>region</strong>: Lakonia Bk3<br><strong>part of</strong>: Brasiae (Laconia)<br><strong>location</strong>: Brasiae (Laconia)<br><strong>Wikidata</strong>: <a href="https://wikidata.org/wiki/Q124616422" target="_blank">https://wikidata.org/wiki/Q124616422</a><br><strong>type</strong>: cave<br><strong>passages</strong>: 3.24.4]]></description>
        <Point><coordinates>22.890275,37.144402</coordinates></Point>
      </Placemark>

      <Placemark>
        <name>Hades</name>
        <description><![CDATA[<strong>name</strong>: Hades<br><strong>region</strong>: Hellas (Europe)<br><strong>part of</strong>: Thesprotia<br><strong>location</strong>: Thesprotia<br><strong>altname</strong>: Underworld<br><strong>Wikidata</strong>: <a href="https://wikidata.org/wiki/Q1521549" target="_blank">https://wikidata.org/wiki/Q1521549</a><br><strong>type</strong>: mythical place<br><strong>passages</strong>: 10.28.5, 10.28.7, 2.31.2, 2.37.5, 2.5.1, 3.24.11, 4.33.7, 8.18.3, 8.48.6, 9.30.4, 9.31.5, 9.33.2, 9.5.8]]></description>
        <Point><coordinates>20.25,39.75</coordinates></Point>
      </Placemark>

      <Placemark>
        <name>Heroon of Karneios in Sparta near Skias</name>
        <description><![CDATA[<strong>name</strong>: Heroon of Karneios in Sparta near Skias<br><strong>region</strong>: Lakonia Bk3<br><strong>part of</strong>: Skias of Sparta<br><strong>location</strong>: Skias of Sparta<br><strong>Wikidata</strong>: <a href="https://wikidata.org/wiki/Q124616557" target="_blank">https://wikidata.org/wiki/Q124616557</a><br><strong>type</strong>: house<br><strong>passages</strong>: 3.13.3, 3.13.6]]></description>
        <Point><coordinates>22.4237,37.0821</coordinates></Point>
      </Placemark>

      <Placemark>
        <name>Heroon of Karneios in Sparta near Skias</name>
        <description><![CDATA[<strong>name</strong>: Heroon of Karneios in Sparta near Skias<br><strong>region</strong>: Lakonia Bk3<br><strong>part of</strong>: Skias of Sparta<br><strong>location</strong>: Skias of Sparta<br><strong>Wikidata</strong>: <a href="https://wikidata.org/wiki/Q124616557" target="_blank">https://wikidata.org/wiki/Q124616557</a><br><strong>type</strong>: house<br><strong>passages</strong>: 3.13.3, 3.13.6]]></description>
        <Point><coordinates>22.4237,37.0821</coordinates></Point>
      </Placemark>

      <Placemark>
        <name>Hermus (river)</name>
        <description><![CDATA[<strong>name</strong>: Hermus (river)<br><strong>region</strong>: Asia Minor (Asia)<br><strong>part of</strong>: Lydia (province)<br><strong>Wikidata</strong>: <a href="https://wikidata.org/wiki/Q1351474" target="_blank">https://wikidata.org/wiki/Q1351474</a><br><strong>type</strong>: battlefield<br><strong>passages</strong>: 10.4.6, 3.9.6, 4.34.2, 5.13.7, 7.27.12<br><strong>Pleiades</strong>: <a href="https://pleiades.stoa.org/places/550575" target="_blank">https://pleiades.stoa.org/places/550575</a>]]></description>
        <Point><coordinates>28.1112899,38.5178164</coordinates></Point>
      </Placemark>

      <Placemark>
        <name>Tainaron cape sanctuary</name>
        <description><![CDATA[<strong>name</strong>: Tainaron cape sanctuary<br><strong>region</strong>: Lakonia Bk3<br><strong>part of</strong>: Tainaron (promontory)<br><strong>Wikidata</strong>: <a href="https://wikidata.org/wiki/Q33119266" target="_blank">https://wikidata.org/wiki/Q33119266</a><br><strong>type</strong>: hieron, settlement<br><strong>passages</strong>: 2.33.2, 3.25.9, 4.24.5, 7.25.3<br><strong>Pleiades</strong>: <a href="https://pleiades.stoa.org/places/570702" target="_blank">https://pleiades.stoa.org/places/570702</a><br><strong>ToposText</strong>: <a href="https://topostext.org/place/364225STai" target="_blank">https://topostext.org/place/364225STai</a>]]></description>
        <Point><coordinates>22.4867,36.4018</coordinates></Point>
      </Placemark>

      <Placemark>
        <name>Stoas in quadrangle at Sparta, ancient market</name>
        <description><![CDATA[<strong>name</strong>: Stoas in quadrangle at Sparta, ancient market<br><strong>region</strong>: Lakonia Bk3<br><strong>part of</strong>: Sparta<br><strong>location</strong>: Sparta<br><strong>Wikidata</strong>: <a href="https://wikidata.org/wiki/Q124616417" target="_blank">https://wikidata.org/wiki/Q124616417</a><br><strong>type</strong>: stoa<br><strong>passages</strong>: 3.13.6]]></description>
        <Point><coordinates>22.4237,37.0821</coordinates></Point>
      </Placemark>

      <Placemark>
        <name>Aphroditia (Lakonia)</name>
        <description><![CDATA[<strong>name</strong>: Aphroditia (Lakonia)<br><strong>region</strong>: Lakonia Bk3<br><strong>part of</strong>: Lakonia Bk3<br><strong>altname</strong>: Aphrodisias Laconia<br><strong>Wikidata</strong>: <a href="https://wikidata.org/wiki/Q15223793" target="_blank">https://wikidata.org/wiki/Q15223793</a><br><strong>type</strong>: settlement<br><strong>passages</strong>: 3.22.11, 8.12.8<br><strong>Pleiades</strong>: <a href="https://pleiades.stoa.org/places/573101" target="_blank">https://pleiades.stoa.org/places/573101</a><br><strong>ToposText</strong>: <a href="https://topostext.org/place/365230UAph" target="_blank">https://topostext.org/place/365230UAph</a>]]></description>
        <Point><coordinates>22.988,36.547</coordinates></Point>
      </Placemark>

      <Placemark>
        <name>Agora of Oitylos</name>
        <description><![CDATA[<strong>name</strong>: Agora of Oitylos<br><strong>region</strong>: Lakonia Bk3<br><strong>part of</strong>: Oitylos<br><strong>location</strong>: Oitylos<br><strong>Wikidata</strong>: <a href="https://wikidata.org/wiki/Q124606125" target="_blank">https://wikidata.org/wiki/Q124606125</a><br><strong>type</strong>: agora<br><strong>passages</strong>: 3.25.10]]></description>
        <Point><coordinates>22.3848,36.705058</coordinates></Point>
      </Placemark>

      <Placemark>
        <name>Skotitas region (Lakonia)</name>
        <description><![CDATA[<strong>name</strong>: Skotitas region (Lakonia)<br><strong>region</strong>: Lakonia Bk3<br><strong>part of</strong>: Lakonia Bk3<br><strong>Wikidata</strong>: <a href="https://wikidata.org/wiki/Q124607542" target="_blank">https://wikidata.org/wiki/Q124607542</a><br><strong>type</strong>: chorion<br><strong>passages</strong>: 3.10.6<br><strong>Pleiades</strong>: <a href="https://pleiades.stoa.org/places/570678" target="_blank">https://pleiades.stoa.org/places/570678</a><br><strong>ToposText</strong>: <a href="https://topostext.org/place/373225RSko" target="_blank">https://topostext.org/place/373225RSko</a>]]></description>
        <Point><coordinates>22.51,37.31</coordinates></Point>
      </Placemark>

      <Placemark>
        <name>Olynthos</name>
        <description><![CDATA[<strong>name</strong>: Olynthos<br><strong>region</strong>: Macedonia (Europe)<br><strong>part of</strong>: Chalcidike region (Chalkidike)<br><strong>Wikidata</strong>: <a href="https://wikidata.org/wiki/Q1141669" target="_blank">https://wikidata.org/wiki/Q1141669</a><br><strong>type</strong>: settlement<br><strong>passages</strong>: 1.29.7, 3.5.9, 6.17.5<br><strong>Pleiades</strong>: <a href="https://pleiades.stoa.org/places/491678" target="_blank">https://pleiades.stoa.org/places/491678</a>]]></description>
        <Point><coordinates>23.354208,40.296525</coordinates></Point>
      </Placemark>

      <Placemark>
        <name>Altar of Augustus in agora of Sparta</name>
        <description><![CDATA[<strong>name</strong>: Altar of Augustus in agora of Sparta<br><strong>region</strong>: Lakonia Bk3<br><strong>part of</strong>: Agora of Sparta<br><strong>location</strong>: Agora of Sparta<br><strong>Wikidata</strong>: <a href="https://wikidata.org/wiki/Q124616535" target="_blank">https://wikidata.org/wiki/Q124616535</a><br><strong>type</strong>: altar<br><strong>passages</strong>: 3.11.5]]></description>
        <Point><coordinates>22.42659,37.08188</coordinates></Point>
      </Placemark>

      <Placemark>
        <name>Pallene (Chalkidike)</name>
        <description><![CDATA[<strong>name</strong>: Pallene (Chalkidike)<br><strong>region</strong>: Macedonia (Europe)<br><strong>part of</strong>: Chalcidike region (Chalkidike)<br><strong>altname</strong>: Phlegra<br><strong>Wikidata</strong>: <a href="https://wikidata.org/wiki/Q2625955" target="_blank">https://wikidata.org/wiki/Q2625955</a><br><strong>type</strong>: chora/region<br><strong>passages</strong>: 3.18.3, 8.29.1<br><strong>Pleiades</strong>: <a href="https://pleiades.stoa.org/places/491682" target="_blank">https://pleiades.stoa.org/places/491682</a><br><strong>ToposText</strong>: <a href="https://topostext.org/place/400236LPal" target="_blank">https://topostext.org/place/400236LPal</a>]]></description>
        <Point><coordinates>23.41,40.06</coordinates></Point>
      </Placemark>

      <Placemark>
        <name>Sanctuary of Agnitas (Asklepios) on right of the Dromos at Sparta</name>
        <description><![CDATA[<strong>name</strong>: Sanctuary of Agnitas (Asklepios) on right of the Dromos at Sparta<br><strong>region</strong>: Lakonia Bk3<br><strong>part of</strong>: Sparta<br><strong>location</strong>: Sparta<br><strong>Wikidata</strong>: <a href="https://wikidata.org/wiki/Q124616449" target="_blank">https://wikidata.org/wiki/Q124616449</a><br><strong>type</strong>: hieron<br><strong>passages</strong>: 3.14.7]]></description>
        <Point><coordinates>22.4237,37.0821</coordinates></Point>
      </Placemark>

      <Placemark>
        <name>Springs of drinking water around agora of Geronthrai</name>
        <description><![CDATA[<strong>name</strong>: Springs of drinking water around agora of Geronthrai<br><strong>region</strong>: Lakonia Bk3<br><strong>part of</strong>: Geronthrai<br><strong>location</strong>: Geronthrai<br><strong>type</strong>: spring pege<br><strong>passages</strong>: 3.22.7]]></description>
        <Point><coordinates>22.706912,36.992193</coordinates></Point>
      </Placemark>

      <Placemark>
        <name>Chitôn building in Sparta</name>
        <description><![CDATA[<strong>name</strong>: Chitôn building in Sparta<br><strong>region</strong>: Lakonia Bk3<br><strong>part of</strong>: Sparta<br><strong>location</strong>: Sparta<br><strong>Wikidata</strong>: <a href="https://wikidata.org/wiki/Q124616341" target="_blank">https://wikidata.org/wiki/Q124616341</a><br><strong>type</strong>: building<br><strong>passages</strong>: 3.16.2, 3.16.4]]></description>
        <Point><coordinates>22.4237,37.0821</coordinates></Point>
      </Placemark>

      <Placemark>
        <name>Chitôn building in Sparta</name>
        <description><![CDATA[<strong>name</strong>: Chitôn building in Sparta<br><strong>region</strong>: Lakonia Bk3<br><strong>part of</strong>: Sparta<br><strong>location</strong>: Sparta<br><strong>Wikidata</strong>: <a href="https://wikidata.org/wiki/Q124616341" target="_blank">https://wikidata.org/wiki/Q124616341</a><br><strong>type</strong>: building<br><strong>passages</strong>: 3.16.2, 3.16.4]]></description>
        <Point><coordinates>22.4237,37.0821</coordinates></Point>
      </Placemark>

      <Placemark>
        <name>Tomb of Castor in Sparta</name>
        <description><![CDATA[<strong>name</strong>: Tomb of Castor in Sparta<br><strong>region</strong>: Lakonia Bk3<br><strong>part of</strong>: Sparta<br><strong>location</strong>: Sparta<br><strong>Wikidata</strong>: <a href="https://wikidata.org/wiki/Q124616316" target="_blank">https://wikidata.org/wiki/Q124616316</a><br><strong>type</strong>: tomb mnema<br><strong>passages</strong>: 3.13.1<br><strong>Manto</strong>: <a href="https://resource.manto.unh.edu/10151177" target="_blank">https://resource.manto.unh.edu/10151177</a>]]></description>
        <Point><coordinates>22.4237,37.0821</coordinates></Point>
      </Placemark>

      <Placemark>
        <name>Kos</name>
        <description><![CDATA[<strong>name</strong>: Kos<br><strong>region</strong>: Aegean Sea (Hellas)<br><strong>part of</strong>: Aegean Sea (Hellas)<br><strong>altname</strong>: Cos island<br><strong>Wikidata</strong>: <a href="https://wikidata.org/wiki/Q187027" target="_blank">https://wikidata.org/wiki/Q187027</a><br><strong>type</strong>: island<br><strong>passages</strong>: 3.23.6, 3.4.10<br><strong>Pleiades</strong>: <a href="https://pleiades.stoa.org/places/599581" target="_blank">https://pleiades.stoa.org/places/599581</a><br><strong>URL</strong>: <a href="https://imperium.ahlfeldt.se/places/41156" target="_blank">https://imperium.ahlfeldt.se/places/41156</a>]]></description>
        <Point><coordinates>27.17,36.844</coordinates></Point>
      </Placemark>

      <Placemark>
        <name>Kos</name>
        <description><![CDATA[<strong>name</strong>: Kos<br><strong>region</strong>: Aegean Sea (Hellas)<br><strong>part of</strong>: Aegean Sea (Hellas)<br><strong>altname</strong>: Cos island<br><strong>Wikidata</strong>: <a href="https://wikidata.org/wiki/Q187027" target="_blank">https://wikidata.org/wiki/Q187027</a><br><strong>type</strong>: island<br><strong>passages</strong>: 3.23.6, 3.4.10<br><strong>Pleiades</strong>: <a href="https://pleiades.stoa.org/places/599581" target="_blank">https://pleiades.stoa.org/places/599581</a><br><strong>URL</strong>: <a href="https://imperium.ahlfeldt.se/places/41156" target="_blank">https://imperium.ahlfeldt.se/places/41156</a>]]></description>
        <Point><coordinates>27.17,36.844</coordinates></Point>
      </Placemark>

      <Placemark>
        <name>Sparta</name>
        <description><![CDATA[<strong>name</strong>: Sparta<br><strong>region</strong>: Lakonia Bk3<br><strong>part of</strong>: Lakonia Bk3<br><strong>altname</strong>: Lacedaemon Lakedaimon<br><strong>Wikidata</strong>: <a href="https://wikidata.org/wiki/Q5690" target="_blank">https://wikidata.org/wiki/Q5690</a><br><strong>type</strong>: polis<br><strong>passages</strong>: 1.13.6, 1.29.8, 10.12.2, 2.18.2, 2.18.5, 2.21.8, 2.9.1, 3.1.2, 3.10.1, 3.11.1, 3.11.2, 3.13.3, 3.13.4, 3.13.7, 3.14.2, 3.14.7, 3.15.3, 3.15.4, 3.15.5, 3.15.8, 3.18.6, 3.19.6, 3.2.2, 3.2.3, 3.2.7, 3.20.10, 3.20.8, 3.21.2, 3.21.6, 3.21.7, 3.26.5, 3.26.7, 3.3.2, 3.3.3, 3.5.1, 3.6.3, 3.6.4, 3.6.7, 3.7.1, 3.7.2, 3.7.5, 3.7.8, 3.8.3, 3.8.9, 3.9.11, 4.1.2, 4.12.4, 4.12.5, 4.12.8, 4.12.9, 4.14.3, 4.14.4, 4.15.2, 4.15.3, 4.15.5, 4.15.6, 4.16.1, 4.16.9, 4.17.6, 4.18.3, 4.19.5, 4.20.5, 4.21.6, 4.22.1, 4.22.4, 4.22.5, 4.22.6, 4.23.2, 4.24.6, 4.26.4, 4.27.4, 4.29.6, 4.29.9, 4.31.1, 4.31.3, 4.4.4, 4.4.8, 4.5.4, 4.5.6, 4.5.7, 4.7.7, 4.8.3, 4.9.5, 6.16.8, 6.2.1, 6.4.9, 6.7.6, 7.1.8, 7.12.2, 7.12.6, 7.12.7, 7.12.8, 7.13.1, 7.13.2, 7.13.4, 7.13.6, 7.14.5, 7.20.8, 7.24.1, 7.7.3, 7.8.4, 7.8.5, 7.9.2, 7.9.5, 8.11.6, 8.12.6, 8.27.11, 8.51.1, 8.51.3, 8.51.4, 8.52.3, 8.52.6, 8.8.11, 9.13.2, 9.13.9, 9.14.1, 9.14.5, 9.32.10, 9.32.7<br><strong>Pleiades</strong>: <a href="https://pleiades.stoa.org/places/570685" target="_blank">https://pleiades.stoa.org/places/570685</a><br><strong>ToposText</strong>: <a href="https://topostext.org/place/371224PSpa" target="_blank">https://topostext.org/place/371224PSpa</a>]]></description>
        <Point><coordinates>22.4237,37.0821</coordinates></Point>
      </Placemark>

      <Placemark>
        <name>Sparta</name>
        <description><![CDATA[<strong>name</strong>: Sparta<br><strong>region</strong>: Lakonia Bk3<br><strong>part of</strong>: Lakonia Bk3<br><strong>altname</strong>: Lacedaemon Lakedaimon<br><strong>Wikidata</strong>: <a href="https://wikidata.org/wiki/Q5690" target="_blank">https://wikidata.org/wiki/Q5690</a><br><strong>type</strong>: polis<br><strong>passages</strong>: 1.13.6, 1.29.8, 10.12.2, 2.18.2, 2.18.5, 2.21.8, 2.9.1, 3.1.2, 3.10.1, 3.11.1, 3.11.2, 3.13.3, 3.13.4, 3.13.7, 3.14.2, 3.14.7, 3.15.3, 3.15.4, 3.15.5, 3.15.8, 3.18.6, 3.19.6, 3.2.2, 3.2.3, 3.2.7, 3.20.10, 3.20.8, 3.21.2, 3.21.6, 3.21.7, 3.26.5, 3.26.7, 3.3.2, 3.3.3, 3.5.1, 3.6.3, 3.6.4, 3.6.7, 3.7.1, 3.7.2, 3.7.5, 3.7.8, 3.8.3, 3.8.9, 3.9.11, 4.1.2, 4.12.4, 4.12.5, 4.12.8, 4.12.9, 4.14.3, 4.14.4, 4.15.2, 4.15.3, 4.15.5, 4.15.6, 4.16.1, 4.16.9, 4.17.6, 4.18.3, 4.19.5, 4.20.5, 4.21.6, 4.22.1, 4.22.4, 4.22.5, 4.22.6, 4.23.2, 4.24.6, 4.26.4, 4.27.4, 4.29.6, 4.29.9, 4.31.1, 4.31.3, 4.4.4, 4.4.8, 4.5.4, 4.5.6, 4.5.7, 4.7.7, 4.8.3, 4.9.5, 6.16.8, 6.2.1, 6.4.9, 6.7.6, 7.1.8, 7.12.2, 7.12.6, 7.12.7, 7.12.8, 7.13.1, 7.13.2, 7.13.4, 7.13.6, 7.14.5, 7.20.8, 7.24.1, 7.7.3, 7.8.4, 7.8.5, 7.9.2, 7.9.5, 8.11.6, 8.12.6, 8.27.11, 8.51.1, 8.51.3, 8.51.4, 8.52.3, 8.52.6, 8.8.11, 9.13.2, 9.13.9, 9.14.1, 9.14.5, 9.32.10, 9.32.7<br><strong>Pleiades</strong>: <a href="https://pleiades.stoa.org/places/570685" target="_blank">https://pleiades.stoa.org/places/570685</a><br><strong>ToposText</strong>: <a href="https://topostext.org/place/371224PSpa" target="_blank">https://topostext.org/place/371224PSpa</a>]]></description>
        <Point><coordinates>22.4237,37.0821</coordinates></Point>
      </Placemark>

      <Placemark>
        <name>Sparta</name>
        <description><![CDATA[<strong>name</strong>: Sparta<br><strong>region</strong>: Lakonia Bk3<br><strong>part of</strong>: Lakonia Bk3<br><strong>altname</strong>: Lacedaemon Lakedaimon<br><strong>Wikidata</strong>: <a href="https://wikidata.org/wiki/Q5690" target="_blank">https://wikidata.org/wiki/Q5690</a><br><strong>type</strong>: polis<br><strong>passages</strong>: 1.13.6, 1.29.8, 10.12.2, 2.18.2, 2.18.5, 2.21.8, 2.9.1, 3.1.2, 3.10.1, 3.11.1, 3.11.2, 3.13.3, 3.13.4, 3.13.7, 3.14.2, 3.14.7, 3.15.3, 3.15.4, 3.15.5, 3.15.8, 3.18.6, 3.19.6, 3.2.2, 3.2.3, 3.2.7, 3.20.10, 3.20.8, 3.21.2, 3.21.6, 3.21.7, 3.26.5, 3.26.7, 3.3.2, 3.3.3, 3.5.1, 3.6.3, 3.6.4, 3.6.7, 3.7.1, 3.7.2, 3.7.5, 3.7.8, 3.8.3, 3.8.9, 3.9.11, 4.1.2, 4.12.4, 4.12.5, 4.12.8, 4.12.9, 4.14.3, 4.14.4, 4.15.2, 4.15.3, 4.15.5, 4.15.6, 4.16.1, 4.16.9, 4.17.6, 4.18.3, 4.19.5, 4.20.5, 4.21.6, 4.22.1, 4.22.4, 4.22.5, 4.22.6, 4.23.2, 4.24.6, 4.26.4, 4.27.4, 4.29.6, 4.29.9, 4.31.1, 4.31.3, 4.4.4, 4.4.8, 4.5.4, 4.5.6, 4.5.7, 4.7.7, 4.8.3, 4.9.5, 6.16.8, 6.2.1, 6.4.9, 6.7.6, 7.1.8, 7.12.2, 7.12.6, 7.12.7, 7.12.8, 7.13.1, 7.13.2, 7.13.4, 7.13.6, 7.14.5, 7.20.8, 7.24.1, 7.7.3, 7.8.4, 7.8.5, 7.9.2, 7.9.5, 8.11.6, 8.12.6, 8.27.11, 8.51.1, 8.51.3, 8.51.4, 8.52.3, 8.52.6, 8.8.11, 9.13.2, 9.13.9, 9.14.1, 9.14.5, 9.32.10, 9.32.7<br><strong>Pleiades</strong>: <a href="https://pleiades.stoa.org/places/570685" target="_blank">https://pleiades.stoa.org/places/570685</a><br><strong>ToposText</strong>: <a href="https://topostext.org/place/371224PSpa" target="_blank">https://topostext.org/place/371224PSpa</a>]]></description>
        <Point><coordinates>22.4237,37.0821</coordinates></Point>
      </Placemark>

      <Placemark>
        <name>Sparta</name>
        <description><![CDATA[<strong>name</strong>: Sparta<br><strong>region</strong>: Lakonia Bk3<br><strong>part of</strong>: Lakonia Bk3<br><strong>altname</strong>: Lacedaemon Lakedaimon<br><strong>Wikidata</strong>: <a href="https://wikidata.org/wiki/Q5690" target="_blank">https://wikidata.org/wiki/Q5690</a><br><strong>type</strong>: polis<br><strong>passages</strong>: 1.13.6, 1.29.8, 10.12.2, 2.18.2, 2.18.5, 2.21.8, 2.9.1, 3.1.2, 3.10.1, 3.11.1, 3.11.2, 3.13.3, 3.13.4, 3.13.7, 3.14.2, 3.14.7, 3.15.3, 3.15.4, 3.15.5, 3.15.8, 3.18.6, 3.19.6, 3.2.2, 3.2.3, 3.2.7, 3.20.10, 3.20.8, 3.21.2, 3.21.6, 3.21.7, 3.26.5, 3.26.7, 3.3.2, 3.3.3, 3.5.1, 3.6.3, 3.6.4, 3.6.7, 3.7.1, 3.7.2, 3.7.5, 3.7.8, 3.8.3, 3.8.9, 3.9.11, 4.1.2, 4.12.4, 4.12.5, 4.12.8, 4.12.9, 4.14.3, 4.14.4, 4.15.2, 4.15.3, 4.15.5, 4.15.6, 4.16.1, 4.16.9, 4.17.6, 4.18.3, 4.19.5, 4.20.5, 4.21.6, 4.22.1, 4.22.4, 4.22.5, 4.22.6, 4.23.2, 4.24.6, 4.26.4, 4.27.4, 4.29.6, 4.29.9, 4.31.1, 4.31.3, 4.4.4, 4.4.8, 4.5.4, 4.5.6, 4.5.7, 4.7.7, 4.8.3, 4.9.5, 6.16.8, 6.2.1, 6.4.9, 6.7.6, 7.1.8, 7.12.2, 7.12.6, 7.12.7, 7.12.8, 7.13.1, 7.13.2, 7.13.4, 7.13.6, 7.14.5, 7.20.8, 7.24.1, 7.7.3, 7.8.4, 7.8.5, 7.9.2, 7.9.5, 8.11.6, 8.12.6, 8.27.11, 8.51.1, 8.51.3, 8.51.4, 8.52.3, 8.52.6, 8.8.11, 9.13.2, 9.13.9, 9.14.1, 9.14.5, 9.32.10, 9.32.7<br><strong>Pleiades</strong>: <a href="https://pleiades.stoa.org/places/570685" target="_blank">https://pleiades.stoa.org/places/570685</a><br><strong>ToposText</strong>: <a href="https://topostext.org/place/371224PSpa" target="_blank">https://topostext.org/place/371224PSpa</a>]]></description>
        <Point><coordinates>22.4237,37.0821</coordinates></Point>
      </Placemark>

      <Placemark>
        <name>Sparta</name>
        <description><![CDATA[<strong>name</strong>: Sparta<br><strong>region</strong>: Lakonia Bk3<br><strong>part of</strong>: Lakonia Bk3<br><strong>altname</strong>: Lacedaemon Lakedaimon<br><strong>Wikidata</strong>: <a href="https://wikidata.org/wiki/Q5690" target="_blank">https://wikidata.org/wiki/Q5690</a><br><strong>type</strong>: polis<br><strong>passages</strong>: 1.13.6, 1.29.8, 10.12.2, 2.18.2, 2.18.5, 2.21.8, 2.9.1, 3.1.2, 3.10.1, 3.11.1, 3.11.2, 3.13.3, 3.13.4, 3.13.7, 3.14.2, 3.14.7, 3.15.3, 3.15.4, 3.15.5, 3.15.8, 3.18.6, 3.19.6, 3.2.2, 3.2.3, 3.2.7, 3.20.10, 3.20.8, 3.21.2, 3.21.6, 3.21.7, 3.26.5, 3.26.7, 3.3.2, 3.3.3, 3.5.1, 3.6.3, 3.6.4, 3.6.7, 3.7.1, 3.7.2, 3.7.5, 3.7.8, 3.8.3, 3.8.9, 3.9.11, 4.1.2, 4.12.4, 4.12.5, 4.12.8, 4.12.9, 4.14.3, 4.14.4, 4.15.2, 4.15.3, 4.15.5, 4.15.6, 4.16.1, 4.16.9, 4.17.6, 4.18.3, 4.19.5, 4.20.5, 4.21.6, 4.22.1, 4.22.4, 4.22.5, 4.22.6, 4.23.2, 4.24.6, 4.26.4, 4.27.4, 4.29.6, 4.29.9, 4.31.1, 4.31.3, 4.4.4, 4.4.8, 4.5.4, 4.5.6, 4.5.7, 4.7.7, 4.8.3, 4.9.5, 6.16.8, 6.2.1, 6.4.9, 6.7.6, 7.1.8, 7.12.2, 7.12.6, 7.12.7, 7.12.8, 7.13.1, 7.13.2, 7.13.4, 7.13.6, 7.14.5, 7.20.8, 7.24.1, 7.7.3, 7.8.4, 7.8.5, 7.9.2, 7.9.5, 8.11.6, 8.12.6, 8.27.11, 8.51.1, 8.51.3, 8.51.4, 8.52.3, 8.52.6, 8.8.11, 9.13.2, 9.13.9, 9.14.1, 9.14.5, 9.32.10, 9.32.7<br><strong>Pleiades</strong>: <a href="https://pleiades.stoa.org/places/570685" target="_blank">https://pleiades.stoa.org/places/570685</a><br><strong>ToposText</strong>: <a href="https://topostext.org/place/371224PSpa" target="_blank">https://topostext.org/place/371224PSpa</a>]]></description>
        <Point><coordinates>22.4237,37.0821</coordinates></Point>
      </Placemark>

      <Placemark>
        <name>Sparta</name>
        <description><![CDATA[<strong>name</strong>: Sparta<br><strong>region</strong>: Lakonia Bk3<br><strong>part of</strong>: Lakonia Bk3<br><strong>altname</strong>: Lacedaemon Lakedaimon<br><strong>Wikidata</strong>: <a href="https://wikidata.org/wiki/Q5690" target="_blank">https://wikidata.org/wiki/Q5690</a><br><strong>type</strong>: polis<br><strong>passages</strong>: 1.13.6, 1.29.8, 10.12.2, 2.18.2, 2.18.5, 2.21.8, 2.9.1, 3.1.2, 3.10.1, 3.11.1, 3.11.2, 3.13.3, 3.13.4, 3.13.7, 3.14.2, 3.14.7, 3.15.3, 3.15.4, 3.15.5, 3.15.8, 3.18.6, 3.19.6, 3.2.2, 3.2.3, 3.2.7, 3.20.10, 3.20.8, 3.21.2, 3.21.6, 3.21.7, 3.26.5, 3.26.7, 3.3.2, 3.3.3, 3.5.1, 3.6.3, 3.6.4, 3.6.7, 3.7.1, 3.7.2, 3.7.5, 3.7.8, 3.8.3, 3.8.9, 3.9.11, 4.1.2, 4.12.4, 4.12.5, 4.12.8, 4.12.9, 4.14.3, 4.14.4, 4.15.2, 4.15.3, 4.15.5, 4.15.6, 4.16.1, 4.16.9, 4.17.6, 4.18.3, 4.19.5, 4.20.5, 4.21.6, 4.22.1, 4.22.4, 4.22.5, 4.22.6, 4.23.2, 4.24.6, 4.26.4, 4.27.4, 4.29.6, 4.29.9, 4.31.1, 4.31.3, 4.4.4, 4.4.8, 4.5.4, 4.5.6, 4.5.7, 4.7.7, 4.8.3, 4.9.5, 6.16.8, 6.2.1, 6.4.9, 6.7.6, 7.1.8, 7.12.2, 7.12.6, 7.12.7, 7.12.8, 7.13.1, 7.13.2, 7.13.4, 7.13.6, 7.14.5, 7.20.8, 7.24.1, 7.7.3, 7.8.4, 7.8.5, 7.9.2, 7.9.5, 8.11.6, 8.12.6, 8.27.11, 8.51.1, 8.51.3, 8.51.4, 8.52.3, 8.52.6, 8.8.11, 9.13.2, 9.13.9, 9.14.1, 9.14.5, 9.32.10, 9.32.7<br><strong>Pleiades</strong>: <a href="https://pleiades.stoa.org/places/570685" target="_blank">https://pleiades.stoa.org/places/570685</a><br><strong>ToposText</strong>: <a href="https://topostext.org/place/371224PSpa" target="_blank">https://topostext.org/place/371224PSpa</a>]]></description>
        <Point><coordinates>22.4237,37.0821</coordinates></Point>
      </Placemark>

      <Placemark>
        <name>Sparta</name>
        <description><![CDATA[<strong>name</strong>: Sparta<br><strong>region</strong>: Lakonia Bk3<br><strong>part of</strong>: Lakonia Bk3<br><strong>altname</strong>: Lacedaemon Lakedaimon<br><strong>Wikidata</strong>: <a href="https://wikidata.org/wiki/Q5690" target="_blank">https://wikidata.org/wiki/Q5690</a><br><strong>type</strong>: polis<br><strong>passages</strong>: 1.13.6, 1.29.8, 10.12.2, 2.18.2, 2.18.5, 2.21.8, 2.9.1, 3.1.2, 3.10.1, 3.11.1, 3.11.2, 3.13.3, 3.13.4, 3.13.7, 3.14.2, 3.14.7, 3.15.3, 3.15.4, 3.15.5, 3.15.8, 3.18.6, 3.19.6, 3.2.2, 3.2.3, 3.2.7, 3.20.10, 3.20.8, 3.21.2, 3.21.6, 3.21.7, 3.26.5, 3.26.7, 3.3.2, 3.3.3, 3.5.1, 3.6.3, 3.6.4, 3.6.7, 3.7.1, 3.7.2, 3.7.5, 3.7.8, 3.8.3, 3.8.9, 3.9.11, 4.1.2, 4.12.4, 4.12.5, 4.12.8, 4.12.9, 4.14.3, 4.14.4, 4.15.2, 4.15.3, 4.15.5, 4.15.6, 4.16.1, 4.16.9, 4.17.6, 4.18.3, 4.19.5, 4.20.5, 4.21.6, 4.22.1, 4.22.4, 4.22.5, 4.22.6, 4.23.2, 4.24.6, 4.26.4, 4.27.4, 4.29.6, 4.29.9, 4.31.1, 4.31.3, 4.4.4, 4.4.8, 4.5.4, 4.5.6, 4.5.7, 4.7.7, 4.8.3, 4.9.5, 6.16.8, 6.2.1, 6.4.9, 6.7.6, 7.1.8, 7.12.2, 7.12.6, 7.12.7, 7.12.8, 7.13.1, 7.13.2, 7.13.4, 7.13.6, 7.14.5, 7.20.8, 7.24.1, 7.7.3, 7.8.4, 7.8.5, 7.9.2, 7.9.5, 8.11.6, 8.12.6, 8.27.11, 8.51.1, 8.51.3, 8.51.4, 8.52.3, 8.52.6, 8.8.11, 9.13.2, 9.13.9, 9.14.1, 9.14.5, 9.32.10, 9.32.7<br><strong>Pleiades</strong>: <a href="https://pleiades.stoa.org/places/570685" target="_blank">https://pleiades.stoa.org/places/570685</a><br><strong>ToposText</strong>: <a href="https://topostext.org/place/371224PSpa" target="_blank">https://topostext.org/place/371224PSpa</a>]]></description>
        <Point><coordinates>22.4237,37.0821</coordinates></Point>
      </Placemark>

      <Placemark>
        <name>Sparta</name>
        <description><![CDATA[<strong>name</strong>: Sparta<br><strong>region</strong>: Lakonia Bk3<br><strong>part of</strong>: Lakonia Bk3<br><strong>altname</strong>: Lacedaemon Lakedaimon<br><strong>Wikidata</strong>: <a href="https://wikidata.org/wiki/Q5690" target="_blank">https://wikidata.org/wiki/Q5690</a><br><strong>type</strong>: polis<br><strong>passages</strong>: 1.13.6, 1.29.8, 10.12.2, 2.18.2, 2.18.5, 2.21.8, 2.9.1, 3.1.2, 3.10.1, 3.11.1, 3.11.2, 3.13.3, 3.13.4, 3.13.7, 3.14.2, 3.14.7, 3.15.3, 3.15.4, 3.15.5, 3.15.8, 3.18.6, 3.19.6, 3.2.2, 3.2.3, 3.2.7, 3.20.10, 3.20.8, 3.21.2, 3.21.6, 3.21.7, 3.26.5, 3.26.7, 3.3.2, 3.3.3, 3.5.1, 3.6.3, 3.6.4, 3.6.7, 3.7.1, 3.7.2, 3.7.5, 3.7.8, 3.8.3, 3.8.9, 3.9.11, 4.1.2, 4.12.4, 4.12.5, 4.12.8, 4.12.9, 4.14.3, 4.14.4, 4.15.2, 4.15.3, 4.15.5, 4.15.6, 4.16.1, 4.16.9, 4.17.6, 4.18.3, 4.19.5, 4.20.5, 4.21.6, 4.22.1, 4.22.4, 4.22.5, 4.22.6, 4.23.2, 4.24.6, 4.26.4, 4.27.4, 4.29.6, 4.29.9, 4.31.1, 4.31.3, 4.4.4, 4.4.8, 4.5.4, 4.5.6, 4.5.7, 4.7.7, 4.8.3, 4.9.5, 6.16.8, 6.2.1, 6.4.9, 6.7.6, 7.1.8, 7.12.2, 7.12.6, 7.12.7, 7.12.8, 7.13.1, 7.13.2, 7.13.4, 7.13.6, 7.14.5, 7.20.8, 7.24.1, 7.7.3, 7.8.4, 7.8.5, 7.9.2, 7.9.5, 8.11.6, 8.12.6, 8.27.11, 8.51.1, 8.51.3, 8.51.4, 8.52.3, 8.52.6, 8.8.11, 9.13.2, 9.13.9, 9.14.1, 9.14.5, 9.32.10, 9.32.7<br><strong>Pleiades</strong>: <a href="https://pleiades.stoa.org/places/570685" target="_blank">https://pleiades.stoa.org/places/570685</a><br><strong>ToposText</strong>: <a href="https://topostext.org/place/371224PSpa" target="_blank">https://topostext.org/place/371224PSpa</a>]]></description>
        <Point><coordinates>22.4237,37.0821</coordinates></Point>
      </Placemark>

      <Placemark>
        <name>Sparta</name>
        <description><![CDATA[<strong>name</strong>: Sparta<br><strong>region</strong>: Lakonia Bk3<br><strong>part of</strong>: Lakonia Bk3<br><strong>altname</strong>: Lacedaemon Lakedaimon<br><strong>Wikidata</strong>: <a href="https://wikidata.org/wiki/Q5690" target="_blank">https://wikidata.org/wiki/Q5690</a><br><strong>type</strong>: polis<br><strong>passages</strong>: 1.13.6, 1.29.8, 10.12.2, 2.18.2, 2.18.5, 2.21.8, 2.9.1, 3.1.2, 3.10.1, 3.11.1, 3.11.2, 3.13.3, 3.13.4, 3.13.7, 3.14.2, 3.14.7, 3.15.3, 3.15.4, 3.15.5, 3.15.8, 3.18.6, 3.19.6, 3.2.2, 3.2.3, 3.2.7, 3.20.10, 3.20.8, 3.21.2, 3.21.6, 3.21.7, 3.26.5, 3.26.7, 3.3.2, 3.3.3, 3.5.1, 3.6.3, 3.6.4, 3.6.7, 3.7.1, 3.7.2, 3.7.5, 3.7.8, 3.8.3, 3.8.9, 3.9.11, 4.1.2, 4.12.4, 4.12.5, 4.12.8, 4.12.9, 4.14.3, 4.14.4, 4.15.2, 4.15.3, 4.15.5, 4.15.6, 4.16.1, 4.16.9, 4.17.6, 4.18.3, 4.19.5, 4.20.5, 4.21.6, 4.22.1, 4.22.4, 4.22.5, 4.22.6, 4.23.2, 4.24.6, 4.26.4, 4.27.4, 4.29.6, 4.29.9, 4.31.1, 4.31.3, 4.4.4, 4.4.8, 4.5.4, 4.5.6, 4.5.7, 4.7.7, 4.8.3, 4.9.5, 6.16.8, 6.2.1, 6.4.9, 6.7.6, 7.1.8, 7.12.2, 7.12.6, 7.12.7, 7.12.8, 7.13.1, 7.13.2, 7.13.4, 7.13.6, 7.14.5, 7.20.8, 7.24.1, 7.7.3, 7.8.4, 7.8.5, 7.9.2, 7.9.5, 8.11.6, 8.12.6, 8.27.11, 8.51.1, 8.51.3, 8.51.4, 8.52.3, 8.52.6, 8.8.11, 9.13.2, 9.13.9, 9.14.1, 9.14.5, 9.32.10, 9.32.7<br><strong>Pleiades</strong>: <a href="https://pleiades.stoa.org/places/570685" target="_blank">https://pleiades.stoa.org/places/570685</a><br><strong>ToposText</strong>: <a href="https://topostext.org/place/371224PSpa" target="_blank">https://topostext.org/place/371224PSpa</a>]]></description>
        <Point><coordinates>22.4237,37.0821</coordinates></Point>
      </Placemark>

      <Placemark>
        <name>Sparta</name>
        <description><![CDATA[<strong>name</strong>: Sparta<br><strong>region</strong>: Lakonia Bk3<br><strong>part of</strong>: Lakonia Bk3<br><strong>altname</strong>: Lacedaemon Lakedaimon<br><strong>Wikidata</strong>: <a href="https://wikidata.org/wiki/Q5690" target="_blank">https://wikidata.org/wiki/Q5690</a><br><strong>type</strong>: polis<br><strong>passages</strong>: 1.13.6, 1.29.8, 10.12.2, 2.18.2, 2.18.5, 2.21.8, 2.9.1, 3.1.2, 3.10.1, 3.11.1, 3.11.2, 3.13.3, 3.13.4, 3.13.7, 3.14.2, 3.14.7, 3.15.3, 3.15.4, 3.15.5, 3.15.8, 3.18.6, 3.19.6, 3.2.2, 3.2.3, 3.2.7, 3.20.10, 3.20.8, 3.21.2, 3.21.6, 3.21.7, 3.26.5, 3.26.7, 3.3.2, 3.3.3, 3.5.1, 3.6.3, 3.6.4, 3.6.7, 3.7.1, 3.7.2, 3.7.5, 3.7.8, 3.8.3, 3.8.9, 3.9.11, 4.1.2, 4.12.4, 4.12.5, 4.12.8, 4.12.9, 4.14.3, 4.14.4, 4.15.2, 4.15.3, 4.15.5, 4.15.6, 4.16.1, 4.16.9, 4.17.6, 4.18.3, 4.19.5, 4.20.5, 4.21.6, 4.22.1, 4.22.4, 4.22.5, 4.22.6, 4.23.2, 4.24.6, 4.26.4, 4.27.4, 4.29.6, 4.29.9, 4.31.1, 4.31.3, 4.4.4, 4.4.8, 4.5.4, 4.5.6, 4.5.7, 4.7.7, 4.8.3, 4.9.5, 6.16.8, 6.2.1, 6.4.9, 6.7.6, 7.1.8, 7.12.2, 7.12.6, 7.12.7, 7.12.8, 7.13.1, 7.13.2, 7.13.4, 7.13.6, 7.14.5, 7.20.8, 7.24.1, 7.7.3, 7.8.4, 7.8.5, 7.9.2, 7.9.5, 8.11.6, 8.12.6, 8.27.11, 8.51.1, 8.51.3, 8.51.4, 8.52.3, 8.52.6, 8.8.11, 9.13.2, 9.13.9, 9.14.1, 9.14.5, 9.32.10, 9.32.7<br><strong>Pleiades</strong>: <a href="https://pleiades.stoa.org/places/570685" target="_blank">https://pleiades.stoa.org/places/570685</a><br><strong>ToposText</strong>: <a href="https://topostext.org/place/371224PSpa" target="_blank">https://topostext.org/place/371224PSpa</a>]]></description>
        <Point><coordinates>22.4237,37.0821</coordinates></Point>
      </Placemark>

      <Placemark>
        <name>Sparta</name>
        <description><![CDATA[<strong>name</strong>: Sparta<br><strong>region</strong>: Lakonia Bk3<br><strong>part of</strong>: Lakonia Bk3<br><strong>altname</strong>: Lacedaemon Lakedaimon<br><strong>Wikidata</strong>: <a href="https://wikidata.org/wiki/Q5690" target="_blank">https://wikidata.org/wiki/Q5690</a><br><strong>type</strong>: polis<br><strong>passages</strong>: 1.13.6, 1.29.8, 10.12.2, 2.18.2, 2.18.5, 2.21.8, 2.9.1, 3.1.2, 3.10.1, 3.11.1, 3.11.2, 3.13.3, 3.13.4, 3.13.7, 3.14.2, 3.14.7, 3.15.3, 3.15.4, 3.15.5, 3.15.8, 3.18.6, 3.19.6, 3.2.2, 3.2.3, 3.2.7, 3.20.10, 3.20.8, 3.21.2, 3.21.6, 3.21.7, 3.26.5, 3.26.7, 3.3.2, 3.3.3, 3.5.1, 3.6.3, 3.6.4, 3.6.7, 3.7.1, 3.7.2, 3.7.5, 3.7.8, 3.8.3, 3.8.9, 3.9.11, 4.1.2, 4.12.4, 4.12.5, 4.12.8, 4.12.9, 4.14.3, 4.14.4, 4.15.2, 4.15.3, 4.15.5, 4.15.6, 4.16.1, 4.16.9, 4.17.6, 4.18.3, 4.19.5, 4.20.5, 4.21.6, 4.22.1, 4.22.4, 4.22.5, 4.22.6, 4.23.2, 4.24.6, 4.26.4, 4.27.4, 4.29.6, 4.29.9, 4.31.1, 4.31.3, 4.4.4, 4.4.8, 4.5.4, 4.5.6, 4.5.7, 4.7.7, 4.8.3, 4.9.5, 6.16.8, 6.2.1, 6.4.9, 6.7.6, 7.1.8, 7.12.2, 7.12.6, 7.12.7, 7.12.8, 7.13.1, 7.13.2, 7.13.4, 7.13.6, 7.14.5, 7.20.8, 7.24.1, 7.7.3, 7.8.4, 7.8.5, 7.9.2, 7.9.5, 8.11.6, 8.12.6, 8.27.11, 8.51.1, 8.51.3, 8.51.4, 8.52.3, 8.52.6, 8.8.11, 9.13.2, 9.13.9, 9.14.1, 9.14.5, 9.32.10, 9.32.7<br><strong>Pleiades</strong>: <a href="https://pleiades.stoa.org/places/570685" target="_blank">https://pleiades.stoa.org/places/570685</a><br><strong>ToposText</strong>: <a href="https://topostext.org/place/371224PSpa" target="_blank">https://topostext.org/place/371224PSpa</a>]]></description>
        <Point><coordinates>22.4237,37.0821</coordinates></Point>
      </Placemark>

      <Placemark>
        <name>Sparta</name>
        <description><![CDATA[<strong>name</strong>: Sparta<br><strong>region</strong>: Lakonia Bk3<br><strong>part of</strong>: Lakonia Bk3<br><strong>altname</strong>: Lacedaemon Lakedaimon<br><strong>Wikidata</strong>: <a href="https://wikidata.org/wiki/Q5690" target="_blank">https://wikidata.org/wiki/Q5690</a><br><strong>type</strong>: polis<br><strong>passages</strong>: 1.13.6, 1.29.8, 10.12.2, 2.18.2, 2.18.5, 2.21.8, 2.9.1, 3.1.2, 3.10.1, 3.11.1, 3.11.2, 3.13.3, 3.13.4, 3.13.7, 3.14.2, 3.14.7, 3.15.3, 3.15.4, 3.15.5, 3.15.8, 3.18.6, 3.19.6, 3.2.2, 3.2.3, 3.2.7, 3.20.10, 3.20.8, 3.21.2, 3.21.6, 3.21.7, 3.26.5, 3.26.7, 3.3.2, 3.3.3, 3.5.1, 3.6.3, 3.6.4, 3.6.7, 3.7.1, 3.7.2, 3.7.5, 3.7.8, 3.8.3, 3.8.9, 3.9.11, 4.1.2, 4.12.4, 4.12.5, 4.12.8, 4.12.9, 4.14.3, 4.14.4, 4.15.2, 4.15.3, 4.15.5, 4.15.6, 4.16.1, 4.16.9, 4.17.6, 4.18.3, 4.19.5, 4.20.5, 4.21.6, 4.22.1, 4.22.4, 4.22.5, 4.22.6, 4.23.2, 4.24.6, 4.26.4, 4.27.4, 4.29.6, 4.29.9, 4.31.1, 4.31.3, 4.4.4, 4.4.8, 4.5.4, 4.5.6, 4.5.7, 4.7.7, 4.8.3, 4.9.5, 6.16.8, 6.2.1, 6.4.9, 6.7.6, 7.1.8, 7.12.2, 7.12.6, 7.12.7, 7.12.8, 7.13.1, 7.13.2, 7.13.4, 7.13.6, 7.14.5, 7.20.8, 7.24.1, 7.7.3, 7.8.4, 7.8.5, 7.9.2, 7.9.5, 8.11.6, 8.12.6, 8.27.11, 8.51.1, 8.51.3, 8.51.4, 8.52.3, 8.52.6, 8.8.11, 9.13.2, 9.13.9, 9.14.1, 9.14.5, 9.32.10, 9.32.7<br><strong>Pleiades</strong>: <a href="https://pleiades.stoa.org/places/570685" target="_blank">https://pleiades.stoa.org/places/570685</a><br><strong>ToposText</strong>: <a href="https://topostext.org/place/371224PSpa" target="_blank">https://topostext.org/place/371224PSpa</a>]]></description>
        <Point><coordinates>22.4237,37.0821</coordinates></Point>
      </Placemark>

      <Placemark>
        <name>Sparta</name>
        <description><![CDATA[<strong>name</strong>: Sparta<br><strong>region</strong>: Lakonia Bk3<br><strong>part of</strong>: Lakonia Bk3<br><strong>altname</strong>: Lacedaemon Lakedaimon<br><strong>Wikidata</strong>: <a href="https://wikidata.org/wiki/Q5690" target="_blank">https://wikidata.org/wiki/Q5690</a><br><strong>type</strong>: polis<br><strong>passages</strong>: 1.13.6, 1.29.8, 10.12.2, 2.18.2, 2.18.5, 2.21.8, 2.9.1, 3.1.2, 3.10.1, 3.11.1, 3.11.2, 3.13.3, 3.13.4, 3.13.7, 3.14.2, 3.14.7, 3.15.3, 3.15.4, 3.15.5, 3.15.8, 3.18.6, 3.19.6, 3.2.2, 3.2.3, 3.2.7, 3.20.10, 3.20.8, 3.21.2, 3.21.6, 3.21.7, 3.26.5, 3.26.7, 3.3.2, 3.3.3, 3.5.1, 3.6.3, 3.6.4, 3.6.7, 3.7.1, 3.7.2, 3.7.5, 3.7.8, 3.8.3, 3.8.9, 3.9.11, 4.1.2, 4.12.4, 4.12.5, 4.12.8, 4.12.9, 4.14.3, 4.14.4, 4.15.2, 4.15.3, 4.15.5, 4.15.6, 4.16.1, 4.16.9, 4.17.6, 4.18.3, 4.19.5, 4.20.5, 4.21.6, 4.22.1, 4.22.4, 4.22.5, 4.22.6, 4.23.2, 4.24.6, 4.26.4, 4.27.4, 4.29.6, 4.29.9, 4.31.1, 4.31.3, 4.4.4, 4.4.8, 4.5.4, 4.5.6, 4.5.7, 4.7.7, 4.8.3, 4.9.5, 6.16.8, 6.2.1, 6.4.9, 6.7.6, 7.1.8, 7.12.2, 7.12.6, 7.12.7, 7.12.8, 7.13.1, 7.13.2, 7.13.4, 7.13.6, 7.14.5, 7.20.8, 7.24.1, 7.7.3, 7.8.4, 7.8.5, 7.9.2, 7.9.5, 8.11.6, 8.12.6, 8.27.11, 8.51.1, 8.51.3, 8.51.4, 8.52.3, 8.52.6, 8.8.11, 9.13.2, 9.13.9, 9.14.1, 9.14.5, 9.32.10, 9.32.7<br><strong>Pleiades</strong>: <a href="https://pleiades.stoa.org/places/570685" target="_blank">https://pleiades.stoa.org/places/570685</a><br><strong>ToposText</strong>: <a href="https://topostext.org/place/371224PSpa" target="_blank">https://topostext.org/place/371224PSpa</a>]]></description>
        <Point><coordinates>22.4237,37.0821</coordinates></Point>
      </Placemark>

      <Placemark>
        <name>Sparta</name>
        <description><![CDATA[<strong>name</strong>: Sparta<br><strong>region</strong>: Lakonia Bk3<br><strong>part of</strong>: Lakonia Bk3<br><strong>altname</strong>: Lacedaemon Lakedaimon<br><strong>Wikidata</strong>: <a href="https://wikidata.org/wiki/Q5690" target="_blank">https://wikidata.org/wiki/Q5690</a><br><strong>type</strong>: polis<br><strong>passages</strong>: 1.13.6, 1.29.8, 10.12.2, 2.18.2, 2.18.5, 2.21.8, 2.9.1, 3.1.2, 3.10.1, 3.11.1, 3.11.2, 3.13.3, 3.13.4, 3.13.7, 3.14.2, 3.14.7, 3.15.3, 3.15.4, 3.15.5, 3.15.8, 3.18.6, 3.19.6, 3.2.2, 3.2.3, 3.2.7, 3.20.10, 3.20.8, 3.21.2, 3.21.6, 3.21.7, 3.26.5, 3.26.7, 3.3.2, 3.3.3, 3.5.1, 3.6.3, 3.6.4, 3.6.7, 3.7.1, 3.7.2, 3.7.5, 3.7.8, 3.8.3, 3.8.9, 3.9.11, 4.1.2, 4.12.4, 4.12.5, 4.12.8, 4.12.9, 4.14.3, 4.14.4, 4.15.2, 4.15.3, 4.15.5, 4.15.6, 4.16.1, 4.16.9, 4.17.6, 4.18.3, 4.19.5, 4.20.5, 4.21.6, 4.22.1, 4.22.4, 4.22.5, 4.22.6, 4.23.2, 4.24.6, 4.26.4, 4.27.4, 4.29.6, 4.29.9, 4.31.1, 4.31.3, 4.4.4, 4.4.8, 4.5.4, 4.5.6, 4.5.7, 4.7.7, 4.8.3, 4.9.5, 6.16.8, 6.2.1, 6.4.9, 6.7.6, 7.1.8, 7.12.2, 7.12.6, 7.12.7, 7.12.8, 7.13.1, 7.13.2, 7.13.4, 7.13.6, 7.14.5, 7.20.8, 7.24.1, 7.7.3, 7.8.4, 7.8.5, 7.9.2, 7.9.5, 8.11.6, 8.12.6, 8.27.11, 8.51.1, 8.51.3, 8.51.4, 8.52.3, 8.52.6, 8.8.11, 9.13.2, 9.13.9, 9.14.1, 9.14.5, 9.32.10, 9.32.7<br><strong>Pleiades</strong>: <a href="https://pleiades.stoa.org/places/570685" target="_blank">https://pleiades.stoa.org/places/570685</a><br><strong>ToposText</strong>: <a href="https://topostext.org/place/371224PSpa" target="_blank">https://topostext.org/place/371224PSpa</a>]]></description>
        <Point><coordinates>22.4237,37.0821</coordinates></Point>
      </Placemark>

      <Placemark>
        <name>Sparta</name>
        <description><![CDATA[<strong>name</strong>: Sparta<br><strong>region</strong>: Lakonia Bk3<br><strong>part of</strong>: Lakonia Bk3<br><strong>altname</strong>: Lacedaemon Lakedaimon<br><strong>Wikidata</strong>: <a href="https://wikidata.org/wiki/Q5690" target="_blank">https://wikidata.org/wiki/Q5690</a><br><strong>type</strong>: polis<br><strong>passages</strong>: 1.13.6, 1.29.8, 10.12.2, 2.18.2, 2.18.5, 2.21.8, 2.9.1, 3.1.2, 3.10.1, 3.11.1, 3.11.2, 3.13.3, 3.13.4, 3.13.7, 3.14.2, 3.14.7, 3.15.3, 3.15.4, 3.15.5, 3.15.8, 3.18.6, 3.19.6, 3.2.2, 3.2.3, 3.2.7, 3.20.10, 3.20.8, 3.21.2, 3.21.6, 3.21.7, 3.26.5, 3.26.7, 3.3.2, 3.3.3, 3.5.1, 3.6.3, 3.6.4, 3.6.7, 3.7.1, 3.7.2, 3.7.5, 3.7.8, 3.8.3, 3.8.9, 3.9.11, 4.1.2, 4.12.4, 4.12.5, 4.12.8, 4.12.9, 4.14.3, 4.14.4, 4.15.2, 4.15.3, 4.15.5, 4.15.6, 4.16.1, 4.16.9, 4.17.6, 4.18.3, 4.19.5, 4.20.5, 4.21.6, 4.22.1, 4.22.4, 4.22.5, 4.22.6, 4.23.2, 4.24.6, 4.26.4, 4.27.4, 4.29.6, 4.29.9, 4.31.1, 4.31.3, 4.4.4, 4.4.8, 4.5.4, 4.5.6, 4.5.7, 4.7.7, 4.8.3, 4.9.5, 6.16.8, 6.2.1, 6.4.9, 6.7.6, 7.1.8, 7.12.2, 7.12.6, 7.12.7, 7.12.8, 7.13.1, 7.13.2, 7.13.4, 7.13.6, 7.14.5, 7.20.8, 7.24.1, 7.7.3, 7.8.4, 7.8.5, 7.9.2, 7.9.5, 8.11.6, 8.12.6, 8.27.11, 8.51.1, 8.51.3, 8.51.4, 8.52.3, 8.52.6, 8.8.11, 9.13.2, 9.13.9, 9.14.1, 9.14.5, 9.32.10, 9.32.7<br><strong>Pleiades</strong>: <a href="https://pleiades.stoa.org/places/570685" target="_blank">https://pleiades.stoa.org/places/570685</a><br><strong>ToposText</strong>: <a href="https://topostext.org/place/371224PSpa" target="_blank">https://topostext.org/place/371224PSpa</a>]]></description>
        <Point><coordinates>22.4237,37.0821</coordinates></Point>
      </Placemark>

      <Placemark>
        <name>Sparta</name>
        <description><![CDATA[<strong>name</strong>: Sparta<br><strong>region</strong>: Lakonia Bk3<br><strong>part of</strong>: Lakonia Bk3<br><strong>altname</strong>: Lacedaemon Lakedaimon<br><strong>Wikidata</strong>: <a href="https://wikidata.org/wiki/Q5690" target="_blank">https://wikidata.org/wiki/Q5690</a><br><strong>type</strong>: polis<br><strong>passages</strong>: 1.13.6, 1.29.8, 10.12.2, 2.18.2, 2.18.5, 2.21.8, 2.9.1, 3.1.2, 3.10.1, 3.11.1, 3.11.2, 3.13.3, 3.13.4, 3.13.7, 3.14.2, 3.14.7, 3.15.3, 3.15.4, 3.15.5, 3.15.8, 3.18.6, 3.19.6, 3.2.2, 3.2.3, 3.2.7, 3.20.10, 3.20.8, 3.21.2, 3.21.6, 3.21.7, 3.26.5, 3.26.7, 3.3.2, 3.3.3, 3.5.1, 3.6.3, 3.6.4, 3.6.7, 3.7.1, 3.7.2, 3.7.5, 3.7.8, 3.8.3, 3.8.9, 3.9.11, 4.1.2, 4.12.4, 4.12.5, 4.12.8, 4.12.9, 4.14.3, 4.14.4, 4.15.2, 4.15.3, 4.15.5, 4.15.6, 4.16.1, 4.16.9, 4.17.6, 4.18.3, 4.19.5, 4.20.5, 4.21.6, 4.22.1, 4.22.4, 4.22.5, 4.22.6, 4.23.2, 4.24.6, 4.26.4, 4.27.4, 4.29.6, 4.29.9, 4.31.1, 4.31.3, 4.4.4, 4.4.8, 4.5.4, 4.5.6, 4.5.7, 4.7.7, 4.8.3, 4.9.5, 6.16.8, 6.2.1, 6.4.9, 6.7.6, 7.1.8, 7.12.2, 7.12.6, 7.12.7, 7.12.8, 7.13.1, 7.13.2, 7.13.4, 7.13.6, 7.14.5, 7.20.8, 7.24.1, 7.7.3, 7.8.4, 7.8.5, 7.9.2, 7.9.5, 8.11.6, 8.12.6, 8.27.11, 8.51.1, 8.51.3, 8.51.4, 8.52.3, 8.52.6, 8.8.11, 9.13.2, 9.13.9, 9.14.1, 9.14.5, 9.32.10, 9.32.7<br><strong>Pleiades</strong>: <a href="https://pleiades.stoa.org/places/570685" target="_blank">https://pleiades.stoa.org/places/570685</a><br><strong>ToposText</strong>: <a href="https://topostext.org/place/371224PSpa" target="_blank">https://topostext.org/place/371224PSpa</a>]]></description>
        <Point><coordinates>22.4237,37.0821</coordinates></Point>
      </Placemark>

      <Placemark>
        <name>Sparta</name>
        <description><![CDATA[<strong>name</strong>: Sparta<br><strong>region</strong>: Lakonia Bk3<br><strong>part of</strong>: Lakonia Bk3<br><strong>altname</strong>: Lacedaemon Lakedaimon<br><strong>Wikidata</strong>: <a href="https://wikidata.org/wiki/Q5690" target="_blank">https://wikidata.org/wiki/Q5690</a><br><strong>type</strong>: polis<br><strong>passages</strong>: 1.13.6, 1.29.8, 10.12.2, 2.18.2, 2.18.5, 2.21.8, 2.9.1, 3.1.2, 3.10.1, 3.11.1, 3.11.2, 3.13.3, 3.13.4, 3.13.7, 3.14.2, 3.14.7, 3.15.3, 3.15.4, 3.15.5, 3.15.8, 3.18.6, 3.19.6, 3.2.2, 3.2.3, 3.2.7, 3.20.10, 3.20.8, 3.21.2, 3.21.6, 3.21.7, 3.26.5, 3.26.7, 3.3.2, 3.3.3, 3.5.1, 3.6.3, 3.6.4, 3.6.7, 3.7.1, 3.7.2, 3.7.5, 3.7.8, 3.8.3, 3.8.9, 3.9.11, 4.1.2, 4.12.4, 4.12.5, 4.12.8, 4.12.9, 4.14.3, 4.14.4, 4.15.2, 4.15.3, 4.15.5, 4.15.6, 4.16.1, 4.16.9, 4.17.6, 4.18.3, 4.19.5, 4.20.5, 4.21.6, 4.22.1, 4.22.4, 4.22.5, 4.22.6, 4.23.2, 4.24.6, 4.26.4, 4.27.4, 4.29.6, 4.29.9, 4.31.1, 4.31.3, 4.4.4, 4.4.8, 4.5.4, 4.5.6, 4.5.7, 4.7.7, 4.8.3, 4.9.5, 6.16.8, 6.2.1, 6.4.9, 6.7.6, 7.1.8, 7.12.2, 7.12.6, 7.12.7, 7.12.8, 7.13.1, 7.13.2, 7.13.4, 7.13.6, 7.14.5, 7.20.8, 7.24.1, 7.7.3, 7.8.4, 7.8.5, 7.9.2, 7.9.5, 8.11.6, 8.12.6, 8.27.11, 8.51.1, 8.51.3, 8.51.4, 8.52.3, 8.52.6, 8.8.11, 9.13.2, 9.13.9, 9.14.1, 9.14.5, 9.32.10, 9.32.7<br><strong>Pleiades</strong>: <a href="https://pleiades.stoa.org/places/570685" target="_blank">https://pleiades.stoa.org/places/570685</a><br><strong>ToposText</strong>: <a href="https://topostext.org/place/371224PSpa" target="_blank">https://topostext.org/place/371224PSpa</a>]]></description>
        <Point><coordinates>22.4237,37.0821</coordinates></Point>
      </Placemark>

      <Placemark>
        <name>Sparta</name>
        <description><![CDATA[<strong>name</strong>: Sparta<br><strong>region</strong>: Lakonia Bk3<br><strong>part of</strong>: Lakonia Bk3<br><strong>altname</strong>: Lacedaemon Lakedaimon<br><strong>Wikidata</strong>: <a href="https://wikidata.org/wiki/Q5690" target="_blank">https://wikidata.org/wiki/Q5690</a><br><strong>type</strong>: polis<br><strong>passages</strong>: 1.13.6, 1.29.8, 10.12.2, 2.18.2, 2.18.5, 2.21.8, 2.9.1, 3.1.2, 3.10.1, 3.11.1, 3.11.2, 3.13.3, 3.13.4, 3.13.7, 3.14.2, 3.14.7, 3.15.3, 3.15.4, 3.15.5, 3.15.8, 3.18.6, 3.19.6, 3.2.2, 3.2.3, 3.2.7, 3.20.10, 3.20.8, 3.21.2, 3.21.6, 3.21.7, 3.26.5, 3.26.7, 3.3.2, 3.3.3, 3.5.1, 3.6.3, 3.6.4, 3.6.7, 3.7.1, 3.7.2, 3.7.5, 3.7.8, 3.8.3, 3.8.9, 3.9.11, 4.1.2, 4.12.4, 4.12.5, 4.12.8, 4.12.9, 4.14.3, 4.14.4, 4.15.2, 4.15.3, 4.15.5, 4.15.6, 4.16.1, 4.16.9, 4.17.6, 4.18.3, 4.19.5, 4.20.5, 4.21.6, 4.22.1, 4.22.4, 4.22.5, 4.22.6, 4.23.2, 4.24.6, 4.26.4, 4.27.4, 4.29.6, 4.29.9, 4.31.1, 4.31.3, 4.4.4, 4.4.8, 4.5.4, 4.5.6, 4.5.7, 4.7.7, 4.8.3, 4.9.5, 6.16.8, 6.2.1, 6.4.9, 6.7.6, 7.1.8, 7.12.2, 7.12.6, 7.12.7, 7.12.8, 7.13.1, 7.13.2, 7.13.4, 7.13.6, 7.14.5, 7.20.8, 7.24.1, 7.7.3, 7.8.4, 7.8.5, 7.9.2, 7.9.5, 8.11.6, 8.12.6, 8.27.11, 8.51.1, 8.51.3, 8.51.4, 8.52.3, 8.52.6, 8.8.11, 9.13.2, 9.13.9, 9.14.1, 9.14.5, 9.32.10, 9.32.7<br><strong>Pleiades</strong>: <a href="https://pleiades.stoa.org/places/570685" target="_blank">https://pleiades.stoa.org/places/570685</a><br><strong>ToposText</strong>: <a href="https://topostext.org/place/371224PSpa" target="_blank">https://topostext.org/place/371224PSpa</a>]]></description>
        <Point><coordinates>22.4237,37.0821</coordinates></Point>
      </Placemark>

      <Placemark>
        <name>Sparta</name>
        <description><![CDATA[<strong>name</strong>: Sparta<br><strong>region</strong>: Lakonia Bk3<br><strong>part of</strong>: Lakonia Bk3<br><strong>altname</strong>: Lacedaemon Lakedaimon<br><strong>Wikidata</strong>: <a href="https://wikidata.org/wiki/Q5690" target="_blank">https://wikidata.org/wiki/Q5690</a><br><strong>type</strong>: polis<br><strong>passages</strong>: 1.13.6, 1.29.8, 10.12.2, 2.18.2, 2.18.5, 2.21.8, 2.9.1, 3.1.2, 3.10.1, 3.11.1, 3.11.2, 3.13.3, 3.13.4, 3.13.7, 3.14.2, 3.14.7, 3.15.3, 3.15.4, 3.15.5, 3.15.8, 3.18.6, 3.19.6, 3.2.2, 3.2.3, 3.2.7, 3.20.10, 3.20.8, 3.21.2, 3.21.6, 3.21.7, 3.26.5, 3.26.7, 3.3.2, 3.3.3, 3.5.1, 3.6.3, 3.6.4, 3.6.7, 3.7.1, 3.7.2, 3.7.5, 3.7.8, 3.8.3, 3.8.9, 3.9.11, 4.1.2, 4.12.4, 4.12.5, 4.12.8, 4.12.9, 4.14.3, 4.14.4, 4.15.2, 4.15.3, 4.15.5, 4.15.6, 4.16.1, 4.16.9, 4.17.6, 4.18.3, 4.19.5, 4.20.5, 4.21.6, 4.22.1, 4.22.4, 4.22.5, 4.22.6, 4.23.2, 4.24.6, 4.26.4, 4.27.4, 4.29.6, 4.29.9, 4.31.1, 4.31.3, 4.4.4, 4.4.8, 4.5.4, 4.5.6, 4.5.7, 4.7.7, 4.8.3, 4.9.5, 6.16.8, 6.2.1, 6.4.9, 6.7.6, 7.1.8, 7.12.2, 7.12.6, 7.12.7, 7.12.8, 7.13.1, 7.13.2, 7.13.4, 7.13.6, 7.14.5, 7.20.8, 7.24.1, 7.7.3, 7.8.4, 7.8.5, 7.9.2, 7.9.5, 8.11.6, 8.12.6, 8.27.11, 8.51.1, 8.51.3, 8.51.4, 8.52.3, 8.52.6, 8.8.11, 9.13.2, 9.13.9, 9.14.1, 9.14.5, 9.32.10, 9.32.7<br><strong>Pleiades</strong>: <a href="https://pleiades.stoa.org/places/570685" target="_blank">https://pleiades.stoa.org/places/570685</a><br><strong>ToposText</strong>: <a href="https://topostext.org/place/371224PSpa" target="_blank">https://topostext.org/place/371224PSpa</a>]]></description>
        <Point><coordinates>22.4237,37.0821</coordinates></Point>
      </Placemark>

      <Placemark>
        <name>Sparta</name>
        <description><![CDATA[<strong>name</strong>: Sparta<br><strong>region</strong>: Lakonia Bk3<br><strong>part of</strong>: Lakonia Bk3<br><strong>altname</strong>: Lacedaemon Lakedaimon<br><strong>Wikidata</strong>: <a href="https://wikidata.org/wiki/Q5690" target="_blank">https://wikidata.org/wiki/Q5690</a><br><strong>type</strong>: polis<br><strong>passages</strong>: 1.13.6, 1.29.8, 10.12.2, 2.18.2, 2.18.5, 2.21.8, 2.9.1, 3.1.2, 3.10.1, 3.11.1, 3.11.2, 3.13.3, 3.13.4, 3.13.7, 3.14.2, 3.14.7, 3.15.3, 3.15.4, 3.15.5, 3.15.8, 3.18.6, 3.19.6, 3.2.2, 3.2.3, 3.2.7, 3.20.10, 3.20.8, 3.21.2, 3.21.6, 3.21.7, 3.26.5, 3.26.7, 3.3.2, 3.3.3, 3.5.1, 3.6.3, 3.6.4, 3.6.7, 3.7.1, 3.7.2, 3.7.5, 3.7.8, 3.8.3, 3.8.9, 3.9.11, 4.1.2, 4.12.4, 4.12.5, 4.12.8, 4.12.9, 4.14.3, 4.14.4, 4.15.2, 4.15.3, 4.15.5, 4.15.6, 4.16.1, 4.16.9, 4.17.6, 4.18.3, 4.19.5, 4.20.5, 4.21.6, 4.22.1, 4.22.4, 4.22.5, 4.22.6, 4.23.2, 4.24.6, 4.26.4, 4.27.4, 4.29.6, 4.29.9, 4.31.1, 4.31.3, 4.4.4, 4.4.8, 4.5.4, 4.5.6, 4.5.7, 4.7.7, 4.8.3, 4.9.5, 6.16.8, 6.2.1, 6.4.9, 6.7.6, 7.1.8, 7.12.2, 7.12.6, 7.12.7, 7.12.8, 7.13.1, 7.13.2, 7.13.4, 7.13.6, 7.14.5, 7.20.8, 7.24.1, 7.7.3, 7.8.4, 7.8.5, 7.9.2, 7.9.5, 8.11.6, 8.12.6, 8.27.11, 8.51.1, 8.51.3, 8.51.4, 8.52.3, 8.52.6, 8.8.11, 9.13.2, 9.13.9, 9.14.1, 9.14.5, 9.32.10, 9.32.7<br><strong>Pleiades</strong>: <a href="https://pleiades.stoa.org/places/570685" target="_blank">https://pleiades.stoa.org/places/570685</a><br><strong>ToposText</strong>: <a href="https://topostext.org/place/371224PSpa" target="_blank">https://topostext.org/place/371224PSpa</a>]]></description>
        <Point><coordinates>22.4237,37.0821</coordinates></Point>
      </Placemark>

      <Placemark>
        <name>Sparta</name>
        <description><![CDATA[<strong>name</strong>: Sparta<br><strong>region</strong>: Lakonia Bk3<br><strong>part of</strong>: Lakonia Bk3<br><strong>altname</strong>: Lacedaemon Lakedaimon<br><strong>Wikidata</strong>: <a href="https://wikidata.org/wiki/Q5690" target="_blank">https://wikidata.org/wiki/Q5690</a><br><strong>type</strong>: polis<br><strong>passages</strong>: 1.13.6, 1.29.8, 10.12.2, 2.18.2, 2.18.5, 2.21.8, 2.9.1, 3.1.2, 3.10.1, 3.11.1, 3.11.2, 3.13.3, 3.13.4, 3.13.7, 3.14.2, 3.14.7, 3.15.3, 3.15.4, 3.15.5, 3.15.8, 3.18.6, 3.19.6, 3.2.2, 3.2.3, 3.2.7, 3.20.10, 3.20.8, 3.21.2, 3.21.6, 3.21.7, 3.26.5, 3.26.7, 3.3.2, 3.3.3, 3.5.1, 3.6.3, 3.6.4, 3.6.7, 3.7.1, 3.7.2, 3.7.5, 3.7.8, 3.8.3, 3.8.9, 3.9.11, 4.1.2, 4.12.4, 4.12.5, 4.12.8, 4.12.9, 4.14.3, 4.14.4, 4.15.2, 4.15.3, 4.15.5, 4.15.6, 4.16.1, 4.16.9, 4.17.6, 4.18.3, 4.19.5, 4.20.5, 4.21.6, 4.22.1, 4.22.4, 4.22.5, 4.22.6, 4.23.2, 4.24.6, 4.26.4, 4.27.4, 4.29.6, 4.29.9, 4.31.1, 4.31.3, 4.4.4, 4.4.8, 4.5.4, 4.5.6, 4.5.7, 4.7.7, 4.8.3, 4.9.5, 6.16.8, 6.2.1, 6.4.9, 6.7.6, 7.1.8, 7.12.2, 7.12.6, 7.12.7, 7.12.8, 7.13.1, 7.13.2, 7.13.4, 7.13.6, 7.14.5, 7.20.8, 7.24.1, 7.7.3, 7.8.4, 7.8.5, 7.9.2, 7.9.5, 8.11.6, 8.12.6, 8.27.11, 8.51.1, 8.51.3, 8.51.4, 8.52.3, 8.52.6, 8.8.11, 9.13.2, 9.13.9, 9.14.1, 9.14.5, 9.32.10, 9.32.7<br><strong>Pleiades</strong>: <a href="https://pleiades.stoa.org/places/570685" target="_blank">https://pleiades.stoa.org/places/570685</a><br><strong>ToposText</strong>: <a href="https://topostext.org/place/371224PSpa" target="_blank">https://topostext.org/place/371224PSpa</a>]]></description>
        <Point><coordinates>22.4237,37.0821</coordinates></Point>
      </Placemark>

      <Placemark>
        <name>Sparta</name>
        <description><![CDATA[<strong>name</strong>: Sparta<br><strong>region</strong>: Lakonia Bk3<br><strong>part of</strong>: Lakonia Bk3<br><strong>altname</strong>: Lacedaemon Lakedaimon<br><strong>Wikidata</strong>: <a href="https://wikidata.org/wiki/Q5690" target="_blank">https://wikidata.org/wiki/Q5690</a><br><strong>type</strong>: polis<br><strong>passages</strong>: 1.13.6, 1.29.8, 10.12.2, 2.18.2, 2.18.5, 2.21.8, 2.9.1, 3.1.2, 3.10.1, 3.11.1, 3.11.2, 3.13.3, 3.13.4, 3.13.7, 3.14.2, 3.14.7, 3.15.3, 3.15.4, 3.15.5, 3.15.8, 3.18.6, 3.19.6, 3.2.2, 3.2.3, 3.2.7, 3.20.10, 3.20.8, 3.21.2, 3.21.6, 3.21.7, 3.26.5, 3.26.7, 3.3.2, 3.3.3, 3.5.1, 3.6.3, 3.6.4, 3.6.7, 3.7.1, 3.7.2, 3.7.5, 3.7.8, 3.8.3, 3.8.9, 3.9.11, 4.1.2, 4.12.4, 4.12.5, 4.12.8, 4.12.9, 4.14.3, 4.14.4, 4.15.2, 4.15.3, 4.15.5, 4.15.6, 4.16.1, 4.16.9, 4.17.6, 4.18.3, 4.19.5, 4.20.5, 4.21.6, 4.22.1, 4.22.4, 4.22.5, 4.22.6, 4.23.2, 4.24.6, 4.26.4, 4.27.4, 4.29.6, 4.29.9, 4.31.1, 4.31.3, 4.4.4, 4.4.8, 4.5.4, 4.5.6, 4.5.7, 4.7.7, 4.8.3, 4.9.5, 6.16.8, 6.2.1, 6.4.9, 6.7.6, 7.1.8, 7.12.2, 7.12.6, 7.12.7, 7.12.8, 7.13.1, 7.13.2, 7.13.4, 7.13.6, 7.14.5, 7.20.8, 7.24.1, 7.7.3, 7.8.4, 7.8.5, 7.9.2, 7.9.5, 8.11.6, 8.12.6, 8.27.11, 8.51.1, 8.51.3, 8.51.4, 8.52.3, 8.52.6, 8.8.11, 9.13.2, 9.13.9, 9.14.1, 9.14.5, 9.32.10, 9.32.7<br><strong>Pleiades</strong>: <a href="https://pleiades.stoa.org/places/570685" target="_blank">https://pleiades.stoa.org/places/570685</a><br><strong>ToposText</strong>: <a href="https://topostext.org/place/371224PSpa" target="_blank">https://topostext.org/place/371224PSpa</a>]]></description>
        <Point><coordinates>22.4237,37.0821</coordinates></Point>
      </Placemark>

      <Placemark>
        <name>Sparta</name>
        <description><![CDATA[<strong>name</strong>: Sparta<br><strong>region</strong>: Lakonia Bk3<br><strong>part of</strong>: Lakonia Bk3<br><strong>altname</strong>: Lacedaemon Lakedaimon<br><strong>Wikidata</strong>: <a href="https://wikidata.org/wiki/Q5690" target="_blank">https://wikidata.org/wiki/Q5690</a><br><strong>type</strong>: polis<br><strong>passages</strong>: 1.13.6, 1.29.8, 10.12.2, 2.18.2, 2.18.5, 2.21.8, 2.9.1, 3.1.2, 3.10.1, 3.11.1, 3.11.2, 3.13.3, 3.13.4, 3.13.7, 3.14.2, 3.14.7, 3.15.3, 3.15.4, 3.15.5, 3.15.8, 3.18.6, 3.19.6, 3.2.2, 3.2.3, 3.2.7, 3.20.10, 3.20.8, 3.21.2, 3.21.6, 3.21.7, 3.26.5, 3.26.7, 3.3.2, 3.3.3, 3.5.1, 3.6.3, 3.6.4, 3.6.7, 3.7.1, 3.7.2, 3.7.5, 3.7.8, 3.8.3, 3.8.9, 3.9.11, 4.1.2, 4.12.4, 4.12.5, 4.12.8, 4.12.9, 4.14.3, 4.14.4, 4.15.2, 4.15.3, 4.15.5, 4.15.6, 4.16.1, 4.16.9, 4.17.6, 4.18.3, 4.19.5, 4.20.5, 4.21.6, 4.22.1, 4.22.4, 4.22.5, 4.22.6, 4.23.2, 4.24.6, 4.26.4, 4.27.4, 4.29.6, 4.29.9, 4.31.1, 4.31.3, 4.4.4, 4.4.8, 4.5.4, 4.5.6, 4.5.7, 4.7.7, 4.8.3, 4.9.5, 6.16.8, 6.2.1, 6.4.9, 6.7.6, 7.1.8, 7.12.2, 7.12.6, 7.12.7, 7.12.8, 7.13.1, 7.13.2, 7.13.4, 7.13.6, 7.14.5, 7.20.8, 7.24.1, 7.7.3, 7.8.4, 7.8.5, 7.9.2, 7.9.5, 8.11.6, 8.12.6, 8.27.11, 8.51.1, 8.51.3, 8.51.4, 8.52.3, 8.52.6, 8.8.11, 9.13.2, 9.13.9, 9.14.1, 9.14.5, 9.32.10, 9.32.7<br><strong>Pleiades</strong>: <a href="https://pleiades.stoa.org/places/570685" target="_blank">https://pleiades.stoa.org/places/570685</a><br><strong>ToposText</strong>: <a href="https://topostext.org/place/371224PSpa" target="_blank">https://topostext.org/place/371224PSpa</a>]]></description>
        <Point><coordinates>22.4237,37.0821</coordinates></Point>
      </Placemark>

      <Placemark>
        <name>Sparta</name>
        <description><![CDATA[<strong>name</strong>: Sparta<br><strong>region</strong>: Lakonia Bk3<br><strong>part of</strong>: Lakonia Bk3<br><strong>altname</strong>: Lacedaemon Lakedaimon<br><strong>Wikidata</strong>: <a href="https://wikidata.org/wiki/Q5690" target="_blank">https://wikidata.org/wiki/Q5690</a><br><strong>type</strong>: polis<br><strong>passages</strong>: 1.13.6, 1.29.8, 10.12.2, 2.18.2, 2.18.5, 2.21.8, 2.9.1, 3.1.2, 3.10.1, 3.11.1, 3.11.2, 3.13.3, 3.13.4, 3.13.7, 3.14.2, 3.14.7, 3.15.3, 3.15.4, 3.15.5, 3.15.8, 3.18.6, 3.19.6, 3.2.2, 3.2.3, 3.2.7, 3.20.10, 3.20.8, 3.21.2, 3.21.6, 3.21.7, 3.26.5, 3.26.7, 3.3.2, 3.3.3, 3.5.1, 3.6.3, 3.6.4, 3.6.7, 3.7.1, 3.7.2, 3.7.5, 3.7.8, 3.8.3, 3.8.9, 3.9.11, 4.1.2, 4.12.4, 4.12.5, 4.12.8, 4.12.9, 4.14.3, 4.14.4, 4.15.2, 4.15.3, 4.15.5, 4.15.6, 4.16.1, 4.16.9, 4.17.6, 4.18.3, 4.19.5, 4.20.5, 4.21.6, 4.22.1, 4.22.4, 4.22.5, 4.22.6, 4.23.2, 4.24.6, 4.26.4, 4.27.4, 4.29.6, 4.29.9, 4.31.1, 4.31.3, 4.4.4, 4.4.8, 4.5.4, 4.5.6, 4.5.7, 4.7.7, 4.8.3, 4.9.5, 6.16.8, 6.2.1, 6.4.9, 6.7.6, 7.1.8, 7.12.2, 7.12.6, 7.12.7, 7.12.8, 7.13.1, 7.13.2, 7.13.4, 7.13.6, 7.14.5, 7.20.8, 7.24.1, 7.7.3, 7.8.4, 7.8.5, 7.9.2, 7.9.5, 8.11.6, 8.12.6, 8.27.11, 8.51.1, 8.51.3, 8.51.4, 8.52.3, 8.52.6, 8.8.11, 9.13.2, 9.13.9, 9.14.1, 9.14.5, 9.32.10, 9.32.7<br><strong>Pleiades</strong>: <a href="https://pleiades.stoa.org/places/570685" target="_blank">https://pleiades.stoa.org/places/570685</a><br><strong>ToposText</strong>: <a href="https://topostext.org/place/371224PSpa" target="_blank">https://topostext.org/place/371224PSpa</a>]]></description>
        <Point><coordinates>22.4237,37.0821</coordinates></Point>
      </Placemark>

      <Placemark>
        <name>Sparta</name>
        <description><![CDATA[<strong>name</strong>: Sparta<br><strong>region</strong>: Lakonia Bk3<br><strong>part of</strong>: Lakonia Bk3<br><strong>altname</strong>: Lacedaemon Lakedaimon<br><strong>Wikidata</strong>: <a href="https://wikidata.org/wiki/Q5690" target="_blank">https://wikidata.org/wiki/Q5690</a><br><strong>type</strong>: polis<br><strong>passages</strong>: 1.13.6, 1.29.8, 10.12.2, 2.18.2, 2.18.5, 2.21.8, 2.9.1, 3.1.2, 3.10.1, 3.11.1, 3.11.2, 3.13.3, 3.13.4, 3.13.7, 3.14.2, 3.14.7, 3.15.3, 3.15.4, 3.15.5, 3.15.8, 3.18.6, 3.19.6, 3.2.2, 3.2.3, 3.2.7, 3.20.10, 3.20.8, 3.21.2, 3.21.6, 3.21.7, 3.26.5, 3.26.7, 3.3.2, 3.3.3, 3.5.1, 3.6.3, 3.6.4, 3.6.7, 3.7.1, 3.7.2, 3.7.5, 3.7.8, 3.8.3, 3.8.9, 3.9.11, 4.1.2, 4.12.4, 4.12.5, 4.12.8, 4.12.9, 4.14.3, 4.14.4, 4.15.2, 4.15.3, 4.15.5, 4.15.6, 4.16.1, 4.16.9, 4.17.6, 4.18.3, 4.19.5, 4.20.5, 4.21.6, 4.22.1, 4.22.4, 4.22.5, 4.22.6, 4.23.2, 4.24.6, 4.26.4, 4.27.4, 4.29.6, 4.29.9, 4.31.1, 4.31.3, 4.4.4, 4.4.8, 4.5.4, 4.5.6, 4.5.7, 4.7.7, 4.8.3, 4.9.5, 6.16.8, 6.2.1, 6.4.9, 6.7.6, 7.1.8, 7.12.2, 7.12.6, 7.12.7, 7.12.8, 7.13.1, 7.13.2, 7.13.4, 7.13.6, 7.14.5, 7.20.8, 7.24.1, 7.7.3, 7.8.4, 7.8.5, 7.9.2, 7.9.5, 8.11.6, 8.12.6, 8.27.11, 8.51.1, 8.51.3, 8.51.4, 8.52.3, 8.52.6, 8.8.11, 9.13.2, 9.13.9, 9.14.1, 9.14.5, 9.32.10, 9.32.7<br><strong>Pleiades</strong>: <a href="https://pleiades.stoa.org/places/570685" target="_blank">https://pleiades.stoa.org/places/570685</a><br><strong>ToposText</strong>: <a href="https://topostext.org/place/371224PSpa" target="_blank">https://topostext.org/place/371224PSpa</a>]]></description>
        <Point><coordinates>22.4237,37.0821</coordinates></Point>
      </Placemark>

      <Placemark>
        <name>Sparta</name>
        <description><![CDATA[<strong>name</strong>: Sparta<br><strong>region</strong>: Lakonia Bk3<br><strong>part of</strong>: Lakonia Bk3<br><strong>altname</strong>: Lacedaemon Lakedaimon<br><strong>Wikidata</strong>: <a href="https://wikidata.org/wiki/Q5690" target="_blank">https://wikidata.org/wiki/Q5690</a><br><strong>type</strong>: polis<br><strong>passages</strong>: 1.13.6, 1.29.8, 10.12.2, 2.18.2, 2.18.5, 2.21.8, 2.9.1, 3.1.2, 3.10.1, 3.11.1, 3.11.2, 3.13.3, 3.13.4, 3.13.7, 3.14.2, 3.14.7, 3.15.3, 3.15.4, 3.15.5, 3.15.8, 3.18.6, 3.19.6, 3.2.2, 3.2.3, 3.2.7, 3.20.10, 3.20.8, 3.21.2, 3.21.6, 3.21.7, 3.26.5, 3.26.7, 3.3.2, 3.3.3, 3.5.1, 3.6.3, 3.6.4, 3.6.7, 3.7.1, 3.7.2, 3.7.5, 3.7.8, 3.8.3, 3.8.9, 3.9.11, 4.1.2, 4.12.4, 4.12.5, 4.12.8, 4.12.9, 4.14.3, 4.14.4, 4.15.2, 4.15.3, 4.15.5, 4.15.6, 4.16.1, 4.16.9, 4.17.6, 4.18.3, 4.19.5, 4.20.5, 4.21.6, 4.22.1, 4.22.4, 4.22.5, 4.22.6, 4.23.2, 4.24.6, 4.26.4, 4.27.4, 4.29.6, 4.29.9, 4.31.1, 4.31.3, 4.4.4, 4.4.8, 4.5.4, 4.5.6, 4.5.7, 4.7.7, 4.8.3, 4.9.5, 6.16.8, 6.2.1, 6.4.9, 6.7.6, 7.1.8, 7.12.2, 7.12.6, 7.12.7, 7.12.8, 7.13.1, 7.13.2, 7.13.4, 7.13.6, 7.14.5, 7.20.8, 7.24.1, 7.7.3, 7.8.4, 7.8.5, 7.9.2, 7.9.5, 8.11.6, 8.12.6, 8.27.11, 8.51.1, 8.51.3, 8.51.4, 8.52.3, 8.52.6, 8.8.11, 9.13.2, 9.13.9, 9.14.1, 9.14.5, 9.32.10, 9.32.7<br><strong>Pleiades</strong>: <a href="https://pleiades.stoa.org/places/570685" target="_blank">https://pleiades.stoa.org/places/570685</a><br><strong>ToposText</strong>: <a href="https://topostext.org/place/371224PSpa" target="_blank">https://topostext.org/place/371224PSpa</a>]]></description>
        <Point><coordinates>22.4237,37.0821</coordinates></Point>
      </Placemark>

      <Placemark>
        <name>Sparta</name>
        <description><![CDATA[<strong>name</strong>: Sparta<br><strong>region</strong>: Lakonia Bk3<br><strong>part of</strong>: Lakonia Bk3<br><strong>altname</strong>: Lacedaemon Lakedaimon<br><strong>Wikidata</strong>: <a href="https://wikidata.org/wiki/Q5690" target="_blank">https://wikidata.org/wiki/Q5690</a><br><strong>type</strong>: polis<br><strong>passages</strong>: 1.13.6, 1.29.8, 10.12.2, 2.18.2, 2.18.5, 2.21.8, 2.9.1, 3.1.2, 3.10.1, 3.11.1, 3.11.2, 3.13.3, 3.13.4, 3.13.7, 3.14.2, 3.14.7, 3.15.3, 3.15.4, 3.15.5, 3.15.8, 3.18.6, 3.19.6, 3.2.2, 3.2.3, 3.2.7, 3.20.10, 3.20.8, 3.21.2, 3.21.6, 3.21.7, 3.26.5, 3.26.7, 3.3.2, 3.3.3, 3.5.1, 3.6.3, 3.6.4, 3.6.7, 3.7.1, 3.7.2, 3.7.5, 3.7.8, 3.8.3, 3.8.9, 3.9.11, 4.1.2, 4.12.4, 4.12.5, 4.12.8, 4.12.9, 4.14.3, 4.14.4, 4.15.2, 4.15.3, 4.15.5, 4.15.6, 4.16.1, 4.16.9, 4.17.6, 4.18.3, 4.19.5, 4.20.5, 4.21.6, 4.22.1, 4.22.4, 4.22.5, 4.22.6, 4.23.2, 4.24.6, 4.26.4, 4.27.4, 4.29.6, 4.29.9, 4.31.1, 4.31.3, 4.4.4, 4.4.8, 4.5.4, 4.5.6, 4.5.7, 4.7.7, 4.8.3, 4.9.5, 6.16.8, 6.2.1, 6.4.9, 6.7.6, 7.1.8, 7.12.2, 7.12.6, 7.12.7, 7.12.8, 7.13.1, 7.13.2, 7.13.4, 7.13.6, 7.14.5, 7.20.8, 7.24.1, 7.7.3, 7.8.4, 7.8.5, 7.9.2, 7.9.5, 8.11.6, 8.12.6, 8.27.11, 8.51.1, 8.51.3, 8.51.4, 8.52.3, 8.52.6, 8.8.11, 9.13.2, 9.13.9, 9.14.1, 9.14.5, 9.32.10, 9.32.7<br><strong>Pleiades</strong>: <a href="https://pleiades.stoa.org/places/570685" target="_blank">https://pleiades.stoa.org/places/570685</a><br><strong>ToposText</strong>: <a href="https://topostext.org/place/371224PSpa" target="_blank">https://topostext.org/place/371224PSpa</a>]]></description>
        <Point><coordinates>22.4237,37.0821</coordinates></Point>
      </Placemark>

      <Placemark>
        <name>Sparta</name>
        <description><![CDATA[<strong>name</strong>: Sparta<br><strong>region</strong>: Lakonia Bk3<br><strong>part of</strong>: Lakonia Bk3<br><strong>altname</strong>: Lacedaemon Lakedaimon<br><strong>Wikidata</strong>: <a href="https://wikidata.org/wiki/Q5690" target="_blank">https://wikidata.org/wiki/Q5690</a><br><strong>type</strong>: polis<br><strong>passages</strong>: 1.13.6, 1.29.8, 10.12.2, 2.18.2, 2.18.5, 2.21.8, 2.9.1, 3.1.2, 3.10.1, 3.11.1, 3.11.2, 3.13.3, 3.13.4, 3.13.7, 3.14.2, 3.14.7, 3.15.3, 3.15.4, 3.15.5, 3.15.8, 3.18.6, 3.19.6, 3.2.2, 3.2.3, 3.2.7, 3.20.10, 3.20.8, 3.21.2, 3.21.6, 3.21.7, 3.26.5, 3.26.7, 3.3.2, 3.3.3, 3.5.1, 3.6.3, 3.6.4, 3.6.7, 3.7.1, 3.7.2, 3.7.5, 3.7.8, 3.8.3, 3.8.9, 3.9.11, 4.1.2, 4.12.4, 4.12.5, 4.12.8, 4.12.9, 4.14.3, 4.14.4, 4.15.2, 4.15.3, 4.15.5, 4.15.6, 4.16.1, 4.16.9, 4.17.6, 4.18.3, 4.19.5, 4.20.5, 4.21.6, 4.22.1, 4.22.4, 4.22.5, 4.22.6, 4.23.2, 4.24.6, 4.26.4, 4.27.4, 4.29.6, 4.29.9, 4.31.1, 4.31.3, 4.4.4, 4.4.8, 4.5.4, 4.5.6, 4.5.7, 4.7.7, 4.8.3, 4.9.5, 6.16.8, 6.2.1, 6.4.9, 6.7.6, 7.1.8, 7.12.2, 7.12.6, 7.12.7, 7.12.8, 7.13.1, 7.13.2, 7.13.4, 7.13.6, 7.14.5, 7.20.8, 7.24.1, 7.7.3, 7.8.4, 7.8.5, 7.9.2, 7.9.5, 8.11.6, 8.12.6, 8.27.11, 8.51.1, 8.51.3, 8.51.4, 8.52.3, 8.52.6, 8.8.11, 9.13.2, 9.13.9, 9.14.1, 9.14.5, 9.32.10, 9.32.7<br><strong>Pleiades</strong>: <a href="https://pleiades.stoa.org/places/570685" target="_blank">https://pleiades.stoa.org/places/570685</a><br><strong>ToposText</strong>: <a href="https://topostext.org/place/371224PSpa" target="_blank">https://topostext.org/place/371224PSpa</a>]]></description>
        <Point><coordinates>22.4237,37.0821</coordinates></Point>
      </Placemark>

      <Placemark>
        <name>Sparta</name>
        <description><![CDATA[<strong>name</strong>: Sparta<br><strong>region</strong>: Lakonia Bk3<br><strong>part of</strong>: Lakonia Bk3<br><strong>altname</strong>: Lacedaemon Lakedaimon<br><strong>Wikidata</strong>: <a href="https://wikidata.org/wiki/Q5690" target="_blank">https://wikidata.org/wiki/Q5690</a><br><strong>type</strong>: polis<br><strong>passages</strong>: 1.13.6, 1.29.8, 10.12.2, 2.18.2, 2.18.5, 2.21.8, 2.9.1, 3.1.2, 3.10.1, 3.11.1, 3.11.2, 3.13.3, 3.13.4, 3.13.7, 3.14.2, 3.14.7, 3.15.3, 3.15.4, 3.15.5, 3.15.8, 3.18.6, 3.19.6, 3.2.2, 3.2.3, 3.2.7, 3.20.10, 3.20.8, 3.21.2, 3.21.6, 3.21.7, 3.26.5, 3.26.7, 3.3.2, 3.3.3, 3.5.1, 3.6.3, 3.6.4, 3.6.7, 3.7.1, 3.7.2, 3.7.5, 3.7.8, 3.8.3, 3.8.9, 3.9.11, 4.1.2, 4.12.4, 4.12.5, 4.12.8, 4.12.9, 4.14.3, 4.14.4, 4.15.2, 4.15.3, 4.15.5, 4.15.6, 4.16.1, 4.16.9, 4.17.6, 4.18.3, 4.19.5, 4.20.5, 4.21.6, 4.22.1, 4.22.4, 4.22.5, 4.22.6, 4.23.2, 4.24.6, 4.26.4, 4.27.4, 4.29.6, 4.29.9, 4.31.1, 4.31.3, 4.4.4, 4.4.8, 4.5.4, 4.5.6, 4.5.7, 4.7.7, 4.8.3, 4.9.5, 6.16.8, 6.2.1, 6.4.9, 6.7.6, 7.1.8, 7.12.2, 7.12.6, 7.12.7, 7.12.8, 7.13.1, 7.13.2, 7.13.4, 7.13.6, 7.14.5, 7.20.8, 7.24.1, 7.7.3, 7.8.4, 7.8.5, 7.9.2, 7.9.5, 8.11.6, 8.12.6, 8.27.11, 8.51.1, 8.51.3, 8.51.4, 8.52.3, 8.52.6, 8.8.11, 9.13.2, 9.13.9, 9.14.1, 9.14.5, 9.32.10, 9.32.7<br><strong>Pleiades</strong>: <a href="https://pleiades.stoa.org/places/570685" target="_blank">https://pleiades.stoa.org/places/570685</a><br><strong>ToposText</strong>: <a href="https://topostext.org/place/371224PSpa" target="_blank">https://topostext.org/place/371224PSpa</a>]]></description>
        <Point><coordinates>22.4237,37.0821</coordinates></Point>
      </Placemark>

      <Placemark>
        <name>Sparta</name>
        <description><![CDATA[<strong>name</strong>: Sparta<br><strong>region</strong>: Lakonia Bk3<br><strong>part of</strong>: Lakonia Bk3<br><strong>altname</strong>: Lacedaemon Lakedaimon<br><strong>Wikidata</strong>: <a href="https://wikidata.org/wiki/Q5690" target="_blank">https://wikidata.org/wiki/Q5690</a><br><strong>type</strong>: polis<br><strong>passages</strong>: 1.13.6, 1.29.8, 10.12.2, 2.18.2, 2.18.5, 2.21.8, 2.9.1, 3.1.2, 3.10.1, 3.11.1, 3.11.2, 3.13.3, 3.13.4, 3.13.7, 3.14.2, 3.14.7, 3.15.3, 3.15.4, 3.15.5, 3.15.8, 3.18.6, 3.19.6, 3.2.2, 3.2.3, 3.2.7, 3.20.10, 3.20.8, 3.21.2, 3.21.6, 3.21.7, 3.26.5, 3.26.7, 3.3.2, 3.3.3, 3.5.1, 3.6.3, 3.6.4, 3.6.7, 3.7.1, 3.7.2, 3.7.5, 3.7.8, 3.8.3, 3.8.9, 3.9.11, 4.1.2, 4.12.4, 4.12.5, 4.12.8, 4.12.9, 4.14.3, 4.14.4, 4.15.2, 4.15.3, 4.15.5, 4.15.6, 4.16.1, 4.16.9, 4.17.6, 4.18.3, 4.19.5, 4.20.5, 4.21.6, 4.22.1, 4.22.4, 4.22.5, 4.22.6, 4.23.2, 4.24.6, 4.26.4, 4.27.4, 4.29.6, 4.29.9, 4.31.1, 4.31.3, 4.4.4, 4.4.8, 4.5.4, 4.5.6, 4.5.7, 4.7.7, 4.8.3, 4.9.5, 6.16.8, 6.2.1, 6.4.9, 6.7.6, 7.1.8, 7.12.2, 7.12.6, 7.12.7, 7.12.8, 7.13.1, 7.13.2, 7.13.4, 7.13.6, 7.14.5, 7.20.8, 7.24.1, 7.7.3, 7.8.4, 7.8.5, 7.9.2, 7.9.5, 8.11.6, 8.12.6, 8.27.11, 8.51.1, 8.51.3, 8.51.4, 8.52.3, 8.52.6, 8.8.11, 9.13.2, 9.13.9, 9.14.1, 9.14.5, 9.32.10, 9.32.7<br><strong>Pleiades</strong>: <a href="https://pleiades.stoa.org/places/570685" target="_blank">https://pleiades.stoa.org/places/570685</a><br><strong>ToposText</strong>: <a href="https://topostext.org/place/371224PSpa" target="_blank">https://topostext.org/place/371224PSpa</a>]]></description>
        <Point><coordinates>22.4237,37.0821</coordinates></Point>
      </Placemark>

      <Placemark>
        <name>Sparta</name>
        <description><![CDATA[<strong>name</strong>: Sparta<br><strong>region</strong>: Lakonia Bk3<br><strong>part of</strong>: Lakonia Bk3<br><strong>altname</strong>: Lacedaemon Lakedaimon<br><strong>Wikidata</strong>: <a href="https://wikidata.org/wiki/Q5690" target="_blank">https://wikidata.org/wiki/Q5690</a><br><strong>type</strong>: polis<br><strong>passages</strong>: 1.13.6, 1.29.8, 10.12.2, 2.18.2, 2.18.5, 2.21.8, 2.9.1, 3.1.2, 3.10.1, 3.11.1, 3.11.2, 3.13.3, 3.13.4, 3.13.7, 3.14.2, 3.14.7, 3.15.3, 3.15.4, 3.15.5, 3.15.8, 3.18.6, 3.19.6, 3.2.2, 3.2.3, 3.2.7, 3.20.10, 3.20.8, 3.21.2, 3.21.6, 3.21.7, 3.26.5, 3.26.7, 3.3.2, 3.3.3, 3.5.1, 3.6.3, 3.6.4, 3.6.7, 3.7.1, 3.7.2, 3.7.5, 3.7.8, 3.8.3, 3.8.9, 3.9.11, 4.1.2, 4.12.4, 4.12.5, 4.12.8, 4.12.9, 4.14.3, 4.14.4, 4.15.2, 4.15.3, 4.15.5, 4.15.6, 4.16.1, 4.16.9, 4.17.6, 4.18.3, 4.19.5, 4.20.5, 4.21.6, 4.22.1, 4.22.4, 4.22.5, 4.22.6, 4.23.2, 4.24.6, 4.26.4, 4.27.4, 4.29.6, 4.29.9, 4.31.1, 4.31.3, 4.4.4, 4.4.8, 4.5.4, 4.5.6, 4.5.7, 4.7.7, 4.8.3, 4.9.5, 6.16.8, 6.2.1, 6.4.9, 6.7.6, 7.1.8, 7.12.2, 7.12.6, 7.12.7, 7.12.8, 7.13.1, 7.13.2, 7.13.4, 7.13.6, 7.14.5, 7.20.8, 7.24.1, 7.7.3, 7.8.4, 7.8.5, 7.9.2, 7.9.5, 8.11.6, 8.12.6, 8.27.11, 8.51.1, 8.51.3, 8.51.4, 8.52.3, 8.52.6, 8.8.11, 9.13.2, 9.13.9, 9.14.1, 9.14.5, 9.32.10, 9.32.7<br><strong>Pleiades</strong>: <a href="https://pleiades.stoa.org/places/570685" target="_blank">https://pleiades.stoa.org/places/570685</a><br><strong>ToposText</strong>: <a href="https://topostext.org/place/371224PSpa" target="_blank">https://topostext.org/place/371224PSpa</a>]]></description>
        <Point><coordinates>22.4237,37.0821</coordinates></Point>
      </Placemark>

      <Placemark>
        <name>Sparta</name>
        <description><![CDATA[<strong>name</strong>: Sparta<br><strong>region</strong>: Lakonia Bk3<br><strong>part of</strong>: Lakonia Bk3<br><strong>altname</strong>: Lacedaemon Lakedaimon<br><strong>Wikidata</strong>: <a href="https://wikidata.org/wiki/Q5690" target="_blank">https://wikidata.org/wiki/Q5690</a><br><strong>type</strong>: polis<br><strong>passages</strong>: 1.13.6, 1.29.8, 10.12.2, 2.18.2, 2.18.5, 2.21.8, 2.9.1, 3.1.2, 3.10.1, 3.11.1, 3.11.2, 3.13.3, 3.13.4, 3.13.7, 3.14.2, 3.14.7, 3.15.3, 3.15.4, 3.15.5, 3.15.8, 3.18.6, 3.19.6, 3.2.2, 3.2.3, 3.2.7, 3.20.10, 3.20.8, 3.21.2, 3.21.6, 3.21.7, 3.26.5, 3.26.7, 3.3.2, 3.3.3, 3.5.1, 3.6.3, 3.6.4, 3.6.7, 3.7.1, 3.7.2, 3.7.5, 3.7.8, 3.8.3, 3.8.9, 3.9.11, 4.1.2, 4.12.4, 4.12.5, 4.12.8, 4.12.9, 4.14.3, 4.14.4, 4.15.2, 4.15.3, 4.15.5, 4.15.6, 4.16.1, 4.16.9, 4.17.6, 4.18.3, 4.19.5, 4.20.5, 4.21.6, 4.22.1, 4.22.4, 4.22.5, 4.22.6, 4.23.2, 4.24.6, 4.26.4, 4.27.4, 4.29.6, 4.29.9, 4.31.1, 4.31.3, 4.4.4, 4.4.8, 4.5.4, 4.5.6, 4.5.7, 4.7.7, 4.8.3, 4.9.5, 6.16.8, 6.2.1, 6.4.9, 6.7.6, 7.1.8, 7.12.2, 7.12.6, 7.12.7, 7.12.8, 7.13.1, 7.13.2, 7.13.4, 7.13.6, 7.14.5, 7.20.8, 7.24.1, 7.7.3, 7.8.4, 7.8.5, 7.9.2, 7.9.5, 8.11.6, 8.12.6, 8.27.11, 8.51.1, 8.51.3, 8.51.4, 8.52.3, 8.52.6, 8.8.11, 9.13.2, 9.13.9, 9.14.1, 9.14.5, 9.32.10, 9.32.7<br><strong>Pleiades</strong>: <a href="https://pleiades.stoa.org/places/570685" target="_blank">https://pleiades.stoa.org/places/570685</a><br><strong>ToposText</strong>: <a href="https://topostext.org/place/371224PSpa" target="_blank">https://topostext.org/place/371224PSpa</a>]]></description>
        <Point><coordinates>22.4237,37.0821</coordinates></Point>
      </Placemark>

      <Placemark>
        <name>Sparta</name>
        <description><![CDATA[<strong>name</strong>: Sparta<br><strong>region</strong>: Lakonia Bk3<br><strong>part of</strong>: Lakonia Bk3<br><strong>altname</strong>: Lacedaemon Lakedaimon<br><strong>Wikidata</strong>: <a href="https://wikidata.org/wiki/Q5690" target="_blank">https://wikidata.org/wiki/Q5690</a><br><strong>type</strong>: polis<br><strong>passages</strong>: 1.13.6, 1.29.8, 10.12.2, 2.18.2, 2.18.5, 2.21.8, 2.9.1, 3.1.2, 3.10.1, 3.11.1, 3.11.2, 3.13.3, 3.13.4, 3.13.7, 3.14.2, 3.14.7, 3.15.3, 3.15.4, 3.15.5, 3.15.8, 3.18.6, 3.19.6, 3.2.2, 3.2.3, 3.2.7, 3.20.10, 3.20.8, 3.21.2, 3.21.6, 3.21.7, 3.26.5, 3.26.7, 3.3.2, 3.3.3, 3.5.1, 3.6.3, 3.6.4, 3.6.7, 3.7.1, 3.7.2, 3.7.5, 3.7.8, 3.8.3, 3.8.9, 3.9.11, 4.1.2, 4.12.4, 4.12.5, 4.12.8, 4.12.9, 4.14.3, 4.14.4, 4.15.2, 4.15.3, 4.15.5, 4.15.6, 4.16.1, 4.16.9, 4.17.6, 4.18.3, 4.19.5, 4.20.5, 4.21.6, 4.22.1, 4.22.4, 4.22.5, 4.22.6, 4.23.2, 4.24.6, 4.26.4, 4.27.4, 4.29.6, 4.29.9, 4.31.1, 4.31.3, 4.4.4, 4.4.8, 4.5.4, 4.5.6, 4.5.7, 4.7.7, 4.8.3, 4.9.5, 6.16.8, 6.2.1, 6.4.9, 6.7.6, 7.1.8, 7.12.2, 7.12.6, 7.12.7, 7.12.8, 7.13.1, 7.13.2, 7.13.4, 7.13.6, 7.14.5, 7.20.8, 7.24.1, 7.7.3, 7.8.4, 7.8.5, 7.9.2, 7.9.5, 8.11.6, 8.12.6, 8.27.11, 8.51.1, 8.51.3, 8.51.4, 8.52.3, 8.52.6, 8.8.11, 9.13.2, 9.13.9, 9.14.1, 9.14.5, 9.32.10, 9.32.7<br><strong>Pleiades</strong>: <a href="https://pleiades.stoa.org/places/570685" target="_blank">https://pleiades.stoa.org/places/570685</a><br><strong>ToposText</strong>: <a href="https://topostext.org/place/371224PSpa" target="_blank">https://topostext.org/place/371224PSpa</a>]]></description>
        <Point><coordinates>22.4237,37.0821</coordinates></Point>
      </Placemark>

      <Placemark>
        <name>Sparta</name>
        <description><![CDATA[<strong>name</strong>: Sparta<br><strong>region</strong>: Lakonia Bk3<br><strong>part of</strong>: Lakonia Bk3<br><strong>altname</strong>: Lacedaemon Lakedaimon<br><strong>Wikidata</strong>: <a href="https://wikidata.org/wiki/Q5690" target="_blank">https://wikidata.org/wiki/Q5690</a><br><strong>type</strong>: polis<br><strong>passages</strong>: 1.13.6, 1.29.8, 10.12.2, 2.18.2, 2.18.5, 2.21.8, 2.9.1, 3.1.2, 3.10.1, 3.11.1, 3.11.2, 3.13.3, 3.13.4, 3.13.7, 3.14.2, 3.14.7, 3.15.3, 3.15.4, 3.15.5, 3.15.8, 3.18.6, 3.19.6, 3.2.2, 3.2.3, 3.2.7, 3.20.10, 3.20.8, 3.21.2, 3.21.6, 3.21.7, 3.26.5, 3.26.7, 3.3.2, 3.3.3, 3.5.1, 3.6.3, 3.6.4, 3.6.7, 3.7.1, 3.7.2, 3.7.5, 3.7.8, 3.8.3, 3.8.9, 3.9.11, 4.1.2, 4.12.4, 4.12.5, 4.12.8, 4.12.9, 4.14.3, 4.14.4, 4.15.2, 4.15.3, 4.15.5, 4.15.6, 4.16.1, 4.16.9, 4.17.6, 4.18.3, 4.19.5, 4.20.5, 4.21.6, 4.22.1, 4.22.4, 4.22.5, 4.22.6, 4.23.2, 4.24.6, 4.26.4, 4.27.4, 4.29.6, 4.29.9, 4.31.1, 4.31.3, 4.4.4, 4.4.8, 4.5.4, 4.5.6, 4.5.7, 4.7.7, 4.8.3, 4.9.5, 6.16.8, 6.2.1, 6.4.9, 6.7.6, 7.1.8, 7.12.2, 7.12.6, 7.12.7, 7.12.8, 7.13.1, 7.13.2, 7.13.4, 7.13.6, 7.14.5, 7.20.8, 7.24.1, 7.7.3, 7.8.4, 7.8.5, 7.9.2, 7.9.5, 8.11.6, 8.12.6, 8.27.11, 8.51.1, 8.51.3, 8.51.4, 8.52.3, 8.52.6, 8.8.11, 9.13.2, 9.13.9, 9.14.1, 9.14.5, 9.32.10, 9.32.7<br><strong>Pleiades</strong>: <a href="https://pleiades.stoa.org/places/570685" target="_blank">https://pleiades.stoa.org/places/570685</a><br><strong>ToposText</strong>: <a href="https://topostext.org/place/371224PSpa" target="_blank">https://topostext.org/place/371224PSpa</a>]]></description>
        <Point><coordinates>22.4237,37.0821</coordinates></Point>
      </Placemark>

      <Placemark>
        <name>Sparta</name>
        <description><![CDATA[<strong>name</strong>: Sparta<br><strong>region</strong>: Lakonia Bk3<br><strong>part of</strong>: Lakonia Bk3<br><strong>altname</strong>: Lacedaemon Lakedaimon<br><strong>Wikidata</strong>: <a href="https://wikidata.org/wiki/Q5690" target="_blank">https://wikidata.org/wiki/Q5690</a><br><strong>type</strong>: polis<br><strong>passages</strong>: 1.13.6, 1.29.8, 10.12.2, 2.18.2, 2.18.5, 2.21.8, 2.9.1, 3.1.2, 3.10.1, 3.11.1, 3.11.2, 3.13.3, 3.13.4, 3.13.7, 3.14.2, 3.14.7, 3.15.3, 3.15.4, 3.15.5, 3.15.8, 3.18.6, 3.19.6, 3.2.2, 3.2.3, 3.2.7, 3.20.10, 3.20.8, 3.21.2, 3.21.6, 3.21.7, 3.26.5, 3.26.7, 3.3.2, 3.3.3, 3.5.1, 3.6.3, 3.6.4, 3.6.7, 3.7.1, 3.7.2, 3.7.5, 3.7.8, 3.8.3, 3.8.9, 3.9.11, 4.1.2, 4.12.4, 4.12.5, 4.12.8, 4.12.9, 4.14.3, 4.14.4, 4.15.2, 4.15.3, 4.15.5, 4.15.6, 4.16.1, 4.16.9, 4.17.6, 4.18.3, 4.19.5, 4.20.5, 4.21.6, 4.22.1, 4.22.4, 4.22.5, 4.22.6, 4.23.2, 4.24.6, 4.26.4, 4.27.4, 4.29.6, 4.29.9, 4.31.1, 4.31.3, 4.4.4, 4.4.8, 4.5.4, 4.5.6, 4.5.7, 4.7.7, 4.8.3, 4.9.5, 6.16.8, 6.2.1, 6.4.9, 6.7.6, 7.1.8, 7.12.2, 7.12.6, 7.12.7, 7.12.8, 7.13.1, 7.13.2, 7.13.4, 7.13.6, 7.14.5, 7.20.8, 7.24.1, 7.7.3, 7.8.4, 7.8.5, 7.9.2, 7.9.5, 8.11.6, 8.12.6, 8.27.11, 8.51.1, 8.51.3, 8.51.4, 8.52.3, 8.52.6, 8.8.11, 9.13.2, 9.13.9, 9.14.1, 9.14.5, 9.32.10, 9.32.7<br><strong>Pleiades</strong>: <a href="https://pleiades.stoa.org/places/570685" target="_blank">https://pleiades.stoa.org/places/570685</a><br><strong>ToposText</strong>: <a href="https://topostext.org/place/371224PSpa" target="_blank">https://topostext.org/place/371224PSpa</a>]]></description>
        <Point><coordinates>22.4237,37.0821</coordinates></Point>
      </Placemark>

      <Placemark>
        <name>Sparta</name>
        <description><![CDATA[<strong>name</strong>: Sparta<br><strong>region</strong>: Lakonia Bk3<br><strong>part of</strong>: Lakonia Bk3<br><strong>altname</strong>: Lacedaemon Lakedaimon<br><strong>Wikidata</strong>: <a href="https://wikidata.org/wiki/Q5690" target="_blank">https://wikidata.org/wiki/Q5690</a><br><strong>type</strong>: polis<br><strong>passages</strong>: 1.13.6, 1.29.8, 10.12.2, 2.18.2, 2.18.5, 2.21.8, 2.9.1, 3.1.2, 3.10.1, 3.11.1, 3.11.2, 3.13.3, 3.13.4, 3.13.7, 3.14.2, 3.14.7, 3.15.3, 3.15.4, 3.15.5, 3.15.8, 3.18.6, 3.19.6, 3.2.2, 3.2.3, 3.2.7, 3.20.10, 3.20.8, 3.21.2, 3.21.6, 3.21.7, 3.26.5, 3.26.7, 3.3.2, 3.3.3, 3.5.1, 3.6.3, 3.6.4, 3.6.7, 3.7.1, 3.7.2, 3.7.5, 3.7.8, 3.8.3, 3.8.9, 3.9.11, 4.1.2, 4.12.4, 4.12.5, 4.12.8, 4.12.9, 4.14.3, 4.14.4, 4.15.2, 4.15.3, 4.15.5, 4.15.6, 4.16.1, 4.16.9, 4.17.6, 4.18.3, 4.19.5, 4.20.5, 4.21.6, 4.22.1, 4.22.4, 4.22.5, 4.22.6, 4.23.2, 4.24.6, 4.26.4, 4.27.4, 4.29.6, 4.29.9, 4.31.1, 4.31.3, 4.4.4, 4.4.8, 4.5.4, 4.5.6, 4.5.7, 4.7.7, 4.8.3, 4.9.5, 6.16.8, 6.2.1, 6.4.9, 6.7.6, 7.1.8, 7.12.2, 7.12.6, 7.12.7, 7.12.8, 7.13.1, 7.13.2, 7.13.4, 7.13.6, 7.14.5, 7.20.8, 7.24.1, 7.7.3, 7.8.4, 7.8.5, 7.9.2, 7.9.5, 8.11.6, 8.12.6, 8.27.11, 8.51.1, 8.51.3, 8.51.4, 8.52.3, 8.52.6, 8.8.11, 9.13.2, 9.13.9, 9.14.1, 9.14.5, 9.32.10, 9.32.7<br><strong>Pleiades</strong>: <a href="https://pleiades.stoa.org/places/570685" target="_blank">https://pleiades.stoa.org/places/570685</a><br><strong>ToposText</strong>: <a href="https://topostext.org/place/371224PSpa" target="_blank">https://topostext.org/place/371224PSpa</a>]]></description>
        <Point><coordinates>22.4237,37.0821</coordinates></Point>
      </Placemark>

      <Placemark>
        <name>Sparta</name>
        <description><![CDATA[<strong>name</strong>: Sparta<br><strong>region</strong>: Lakonia Bk3<br><strong>part of</strong>: Lakonia Bk3<br><strong>altname</strong>: Lacedaemon Lakedaimon<br><strong>Wikidata</strong>: <a href="https://wikidata.org/wiki/Q5690" target="_blank">https://wikidata.org/wiki/Q5690</a><br><strong>type</strong>: polis<br><strong>passages</strong>: 1.13.6, 1.29.8, 10.12.2, 2.18.2, 2.18.5, 2.21.8, 2.9.1, 3.1.2, 3.10.1, 3.11.1, 3.11.2, 3.13.3, 3.13.4, 3.13.7, 3.14.2, 3.14.7, 3.15.3, 3.15.4, 3.15.5, 3.15.8, 3.18.6, 3.19.6, 3.2.2, 3.2.3, 3.2.7, 3.20.10, 3.20.8, 3.21.2, 3.21.6, 3.21.7, 3.26.5, 3.26.7, 3.3.2, 3.3.3, 3.5.1, 3.6.3, 3.6.4, 3.6.7, 3.7.1, 3.7.2, 3.7.5, 3.7.8, 3.8.3, 3.8.9, 3.9.11, 4.1.2, 4.12.4, 4.12.5, 4.12.8, 4.12.9, 4.14.3, 4.14.4, 4.15.2, 4.15.3, 4.15.5, 4.15.6, 4.16.1, 4.16.9, 4.17.6, 4.18.3, 4.19.5, 4.20.5, 4.21.6, 4.22.1, 4.22.4, 4.22.5, 4.22.6, 4.23.2, 4.24.6, 4.26.4, 4.27.4, 4.29.6, 4.29.9, 4.31.1, 4.31.3, 4.4.4, 4.4.8, 4.5.4, 4.5.6, 4.5.7, 4.7.7, 4.8.3, 4.9.5, 6.16.8, 6.2.1, 6.4.9, 6.7.6, 7.1.8, 7.12.2, 7.12.6, 7.12.7, 7.12.8, 7.13.1, 7.13.2, 7.13.4, 7.13.6, 7.14.5, 7.20.8, 7.24.1, 7.7.3, 7.8.4, 7.8.5, 7.9.2, 7.9.5, 8.11.6, 8.12.6, 8.27.11, 8.51.1, 8.51.3, 8.51.4, 8.52.3, 8.52.6, 8.8.11, 9.13.2, 9.13.9, 9.14.1, 9.14.5, 9.32.10, 9.32.7<br><strong>Pleiades</strong>: <a href="https://pleiades.stoa.org/places/570685" target="_blank">https://pleiades.stoa.org/places/570685</a><br><strong>ToposText</strong>: <a href="https://topostext.org/place/371224PSpa" target="_blank">https://topostext.org/place/371224PSpa</a>]]></description>
        <Point><coordinates>22.4237,37.0821</coordinates></Point>
      </Placemark>

      <Placemark>
        <name>Sparta</name>
        <description><![CDATA[<strong>name</strong>: Sparta<br><strong>region</strong>: Lakonia Bk3<br><strong>part of</strong>: Lakonia Bk3<br><strong>altname</strong>: Lacedaemon Lakedaimon<br><strong>Wikidata</strong>: <a href="https://wikidata.org/wiki/Q5690" target="_blank">https://wikidata.org/wiki/Q5690</a><br><strong>type</strong>: polis<br><strong>passages</strong>: 1.13.6, 1.29.8, 10.12.2, 2.18.2, 2.18.5, 2.21.8, 2.9.1, 3.1.2, 3.10.1, 3.11.1, 3.11.2, 3.13.3, 3.13.4, 3.13.7, 3.14.2, 3.14.7, 3.15.3, 3.15.4, 3.15.5, 3.15.8, 3.18.6, 3.19.6, 3.2.2, 3.2.3, 3.2.7, 3.20.10, 3.20.8, 3.21.2, 3.21.6, 3.21.7, 3.26.5, 3.26.7, 3.3.2, 3.3.3, 3.5.1, 3.6.3, 3.6.4, 3.6.7, 3.7.1, 3.7.2, 3.7.5, 3.7.8, 3.8.3, 3.8.9, 3.9.11, 4.1.2, 4.12.4, 4.12.5, 4.12.8, 4.12.9, 4.14.3, 4.14.4, 4.15.2, 4.15.3, 4.15.5, 4.15.6, 4.16.1, 4.16.9, 4.17.6, 4.18.3, 4.19.5, 4.20.5, 4.21.6, 4.22.1, 4.22.4, 4.22.5, 4.22.6, 4.23.2, 4.24.6, 4.26.4, 4.27.4, 4.29.6, 4.29.9, 4.31.1, 4.31.3, 4.4.4, 4.4.8, 4.5.4, 4.5.6, 4.5.7, 4.7.7, 4.8.3, 4.9.5, 6.16.8, 6.2.1, 6.4.9, 6.7.6, 7.1.8, 7.12.2, 7.12.6, 7.12.7, 7.12.8, 7.13.1, 7.13.2, 7.13.4, 7.13.6, 7.14.5, 7.20.8, 7.24.1, 7.7.3, 7.8.4, 7.8.5, 7.9.2, 7.9.5, 8.11.6, 8.12.6, 8.27.11, 8.51.1, 8.51.3, 8.51.4, 8.52.3, 8.52.6, 8.8.11, 9.13.2, 9.13.9, 9.14.1, 9.14.5, 9.32.10, 9.32.7<br><strong>Pleiades</strong>: <a href="https://pleiades.stoa.org/places/570685" target="_blank">https://pleiades.stoa.org/places/570685</a><br><strong>ToposText</strong>: <a href="https://topostext.org/place/371224PSpa" target="_blank">https://topostext.org/place/371224PSpa</a>]]></description>
        <Point><coordinates>22.4237,37.0821</coordinates></Point>
      </Placemark>

      <Placemark>
        <name>Selinous (Lakonia)</name>
        <description><![CDATA[<strong>name</strong>: Selinous (Lakonia)<br><strong>region</strong>: Lakonia Bk3<br><strong>part of</strong>: Lakonia Bk3<br><strong>Wikidata</strong>: <a href="https://wikidata.org/wiki/Q40648366" target="_blank">https://wikidata.org/wiki/Q40648366</a><br><strong>type</strong>: village kome<br><strong>passages</strong>: 3.22.8<br><strong>ToposText</strong>: <a href="https://topostext.org/place/370227USel" target="_blank">https://topostext.org/place/370227USel</a>]]></description>
        <Point><coordinates>22.692,37.035</coordinates></Point>
      </Placemark>

      <Placemark>
        <name>Sanctuary of Athena Axiopoinos at Sparta</name>
        <description><![CDATA[<strong>name</strong>: Sanctuary of Athena Axiopoinos at Sparta<br><strong>region</strong>: Lakonia Bk3<br><strong>part of</strong>: Sparta<br><strong>location</strong>: Sparta<br><strong>Wikidata</strong>: <a href="https://wikidata.org/wiki/Q124616454" target="_blank">https://wikidata.org/wiki/Q124616454</a><br><strong>type</strong>: hieron<br><strong>passages</strong>: 3.15.6<br><strong>Manto</strong>: <a href="https://resource.manto.unh.edu/10150590" target="_blank">https://resource.manto.unh.edu/10150590</a>]]></description>
        <Point><coordinates>22.4237,37.0821</coordinates></Point>
      </Placemark>

      <Placemark>
        <name>Apollo Karneios cult at Kardamyle</name>
        <description><![CDATA[<strong>name</strong>: Apollo Karneios cult at Kardamyle<br><strong>region</strong>: Lakonia Bk3<br><strong>part of</strong>: Kardamyle<br><strong>location</strong>: Kardamyle<br><strong>Wikidata</strong>: <a href="https://wikidata.org/wiki/Q124616487" target="_blank">https://wikidata.org/wiki/Q124616487</a><br><strong>type</strong>: hieron<br><strong>passages</strong>: 3.26.7]]></description>
        <Point><coordinates>22.237649,36.884777</coordinates></Point>
      </Placemark>

      <Placemark>
        <name>Euenos (river)</name>
        <description><![CDATA[<strong>name</strong>: Euenos (river)<br><strong>region</strong>: Aitolia region<br><strong>part of</strong>: Aitolia region<br><strong>Wikidata</strong>: <a href="https://wikidata.org/wiki/Q522489" target="_blank">https://wikidata.org/wiki/Q522489</a><br><strong>type</strong>: river<br><strong>passages</strong>: 10.38.2, 3.18.12<br><strong>Pleiades</strong>: <a href="https://pleiades.stoa.org/places/540780" target="_blank">https://pleiades.stoa.org/places/540780</a>]]></description>
        <Point><coordinates>21.5193991,38.3288971</coordinates></Point>
      </Placemark>

      <Placemark>
        <name>Marathon battlefield (Attica)</name>
        <description><![CDATA[<strong>name</strong>: Marathon battlefield (Attica)<br><strong>region</strong>: Attica Bk1<br><strong>part of</strong>: Marathon deme<br><strong>Wikidata</strong>: <a href="https://wikidata.org/wiki/Q31900" target="_blank">https://wikidata.org/wiki/Q31900</a><br><strong>type</strong>: battlefield<br><strong>passages</strong>: 1.14.5, 1.29.4, 1.32.3, 1.32.4, 1.32.6, 1.32.7, 1.33.2, 10.10.1, 10.11.5, 10.19.4, 10.20.2, 3.4.7, 8.10.9<br><strong>ToposText</strong>: <a href="https://topostext.org/place/381241LMaB" target="_blank">https://topostext.org/place/381241LMaB</a>]]></description>
        <Point><coordinates>24.0002,38.144</coordinates></Point>
      </Placemark>

      <Placemark>
        <name>channel to the sea to drain Eurotas plain</name>
        <description><![CDATA[<strong>name</strong>: channel to the sea to drain Eurotas plain<br><strong>region</strong>: Lakonia Bk3<br><strong>part of</strong>: Eurotas (river)<br><strong>type</strong>: river<br><strong>passages</strong>: 3.1.1]]></description>
        <Point><coordinates>22.427,37.093</coordinates></Point>
      </Placemark>

      <Placemark>
        <name>Sicilia (island)</name>
        <description><![CDATA[<strong>name</strong>: Sicilia (island)<br><strong>region</strong>: <br><strong>part of</strong>: Roman empire<br><strong>Wikidata</strong>: <a href="https://wikidata.org/wiki/Q4951156" target="_blank">https://wikidata.org/wiki/Q4951156</a><br><strong>type</strong>: island<br><strong>passages</strong>: 1.12.5, 1.13.1, 1.2.3, 1.21.4, 1.29.11, 1.29.13, 10.11.3, 10.15.5, 10.15.6, 2.2.5, 2.22.9, 3.16.4, 3.16.5, 4.23.6, 4.26.2, 4.26.5, 4.36.4, 5.23.6, 5.25.5, 5.25.6, 5.27.1, 5.7.3, 6.12.3, 6.13.8, 6.26.4, 6.4.3, 6.6.7, 6.9.4, 6.9.5, 7.16.5, 7.4.6, 7.4.7, 8.11.12, 8.12.8, 8.24.6, 8.42.8, 8.46.2, 8.8.6, 9.40.4<br><strong>Pleiades</strong>: <a href="https://pleiades.stoa.org/places/462492" target="_blank">https://pleiades.stoa.org/places/462492</a>]]></description>
        <Point><coordinates>14.08648465,37.53667612</coordinates></Point>
      </Placemark>

      <Placemark>
        <name>Sicilia (island)</name>
        <description><![CDATA[<strong>name</strong>: Sicilia (island)<br><strong>region</strong>: <br><strong>part of</strong>: Roman empire<br><strong>Wikidata</strong>: <a href="https://wikidata.org/wiki/Q4951156" target="_blank">https://wikidata.org/wiki/Q4951156</a><br><strong>type</strong>: island<br><strong>passages</strong>: 1.12.5, 1.13.1, 1.2.3, 1.21.4, 1.29.11, 1.29.13, 10.11.3, 10.15.5, 10.15.6, 2.2.5, 2.22.9, 3.16.4, 3.16.5, 4.23.6, 4.26.2, 4.26.5, 4.36.4, 5.23.6, 5.25.5, 5.25.6, 5.27.1, 5.7.3, 6.12.3, 6.13.8, 6.26.4, 6.4.3, 6.6.7, 6.9.4, 6.9.5, 7.16.5, 7.4.6, 7.4.7, 8.11.12, 8.12.8, 8.24.6, 8.42.8, 8.46.2, 8.8.6, 9.40.4<br><strong>Pleiades</strong>: <a href="https://pleiades.stoa.org/places/462492" target="_blank">https://pleiades.stoa.org/places/462492</a>]]></description>
        <Point><coordinates>14.08648465,37.53667612</coordinates></Point>
      </Placemark>

      <Placemark>
        <name>India</name>
        <description><![CDATA[<strong>name</strong>: India<br><strong>region</strong>: Asia (continent)<br><strong>part of</strong>: Asia (continent)<br><strong>Wikidata</strong>: <a href="https://wikidata.org/wiki/Q17055962" target="_blank">https://wikidata.org/wiki/Q17055962</a><br><strong>type</strong>: chora/region<br><strong>passages</strong>: 3.12.4, 5.12.3, 9.21.5<br><strong>Pleiades</strong>: <a href="https://pleiades.stoa.org/places/50004" target="_blank">https://pleiades.stoa.org/places/50004</a>]]></description>
        <Point><coordinates>77.5,22.5</coordinates></Point>
      </Placemark>

      <Placemark>
        <name>Skyras river (Lakonia)</name>
        <description><![CDATA[<strong>name</strong>: Skyras river (Lakonia)<br><strong>region</strong>: Lakonia Bk3<br><strong>part of</strong>: Lakonia Bk3<br><strong>type</strong>: river<br><strong>passages</strong>: 3.25.1<br><strong>Pleiades</strong>: <a href="https://pleiades.stoa.org/places/573526" target="_blank">https://pleiades.stoa.org/places/573526</a><br><strong>ToposText</strong>: <a href="https://topostext.org/place/367225WSky" target="_blank">https://topostext.org/place/367225WSky</a>]]></description>
        <Point><coordinates>22.51748,36.68812</coordinates></Point>
      </Placemark>

      <Placemark>
        <name>Cyprus (island)</name>
        <description><![CDATA[<strong>name</strong>: Cyprus (island)<br><strong>region</strong>: Internum Mare<br><strong>part of</strong>: Internum Mare<br><strong>Wikidata</strong>: <a href="https://wikidata.org/wiki/Q644636" target="_blank">https://wikidata.org/wiki/Q644636</a><br><strong>type</strong>: island<br><strong>passages</strong>: 1.29.13, 1.6.6, 1.6.8, 1.9.1, 1.9.2, 10.24.3, 3.11.5, 8.15.7, 8.5.2, 8.5.3, 9.19.1, 9.41.2<br><strong>Pleiades</strong>: <a href="https://pleiades.stoa.org/places/707498" target="_blank">https://pleiades.stoa.org/places/707498</a>]]></description>
        <Point><coordinates>33.27533716,35.04088353</coordinates></Point>
      </Placemark>

      <Placemark>
        <name>Leuktra (Boeotia)</name>
        <description><![CDATA[<strong>name</strong>: Leuktra (Boeotia)<br><strong>region</strong>: Boiotia Bk9<br><strong>part of</strong>: Boiotia Bk9<br><strong>altname</strong>: Leuctra<br><strong>Wikidata</strong>: <a href="https://wikidata.org/wiki/Q2606004" target="_blank">https://wikidata.org/wiki/Q2606004</a><br><strong>type</strong>: battlefield, settlement<br><strong>passages</strong>: 1.13.4, 1.13.5, 1.29.11, 1.3.4, 10.11.5, 3.6.1, 6.3.3, 7.6.8, 8.27.8, 8.6.2, 8.8.10, 9.1.8, 9.13.3, 9.13.4, 9.13.5, 9.14.1, 9.14.3, 9.16.5, 9.6.4, 9.6.5<br><strong>Pleiades</strong>: <a href="https://pleiades.stoa.org/places/540913" target="_blank">https://pleiades.stoa.org/places/540913</a><br><strong>ToposText</strong>: <a href="https://topostext.org/place/383231ULeu" target="_blank">https://topostext.org/place/383231ULeu</a>]]></description>
        <Point><coordinates>23.1743,38.2647</coordinates></Point>
      </Placemark>

      <Placemark>
        <name>Larisa Citadel above Argos</name>
        <description><![CDATA[<strong>name</strong>: Larisa Citadel above Argos<br><strong>region</strong>: Argolid Bk2<br><strong>part of</strong>: Argos (Argolid)<br><strong>Wikidata</strong>: <a href="https://wikidata.org/wiki/Q1012861" target="_blank">https://wikidata.org/wiki/Q1012861</a><br><strong>type</strong>: acropolis<br><strong>passages</strong>: 2.24.1, 2.24.2, 2.24.3, 2.25.10, 2.25.4, 3.17.1<br><strong>ToposText</strong>: <a href="https://topostext.org/place/376227FLar" target="_blank">https://topostext.org/place/376227FLar</a>]]></description>
        <Point><coordinates>22.715,37.638</coordinates></Point>
      </Placemark>

      <Placemark>
        <name>Heroon of Kleodaios at Sparta</name>
        <description><![CDATA[<strong>name</strong>: Heroon of Kleodaios at Sparta<br><strong>region</strong>: Lakonia Bk3<br><strong>part of</strong>: Sparta<br><strong>location</strong>: Sparta<br><strong>Wikidata</strong>: <a href="https://wikidata.org/wiki/Q124616567" target="_blank">https://wikidata.org/wiki/Q124616567</a><br><strong>type</strong>: heroon<br><strong>passages</strong>: 3.15.10]]></description>
        <Point><coordinates>22.4237,37.0821</coordinates></Point>
      </Placemark>

      <Placemark>
        <name>Poroselene</name>
        <description><![CDATA[<strong>name</strong>: Poroselene<br><strong>region</strong>: Asia Minor (Asia)<br><strong>part of</strong>: Aeolis<br><strong>altname</strong>: Pordoselene<br><strong>Wikidata</strong>: <a href="https://wikidata.org/wiki/Q6011695" target="_blank">https://wikidata.org/wiki/Q6011695</a><br><strong>type</strong>: settlement<br><strong>passages</strong>: 3.25.7<br><strong>Pleiades</strong>: <a href="https://pleiades.stoa.org/places/550841" target="_blank">https://pleiades.stoa.org/places/550841</a>]]></description>
        <Point><coordinates>26.654808000000003,39.336684</coordinates></Point>
      </Placemark>

      <Placemark>
        <name>Sanctuary of Athena Hippolaitis at Hippola</name>
        <description><![CDATA[<strong>name</strong>: Sanctuary of Athena Hippolaitis at Hippola<br><strong>region</strong>: Lakonia Bk3<br><strong>part of</strong>: Hippola<br><strong>location</strong>: Hippola<br><strong>Wikidata</strong>: <a href="https://wikidata.org/wiki/Q124616481" target="_blank">https://wikidata.org/wiki/Q124616481</a><br><strong>type</strong>: hieron<br><strong>passages</strong>: 3.25.9]]></description>
        <Point><coordinates>22.362287,36.503959</coordinates></Point>
      </Placemark>

      <Placemark>
        <name>Machaon&apos;s tomb, in Gerenia</name>
        <description><![CDATA[<strong>name</strong>: Machaon&apos;s tomb, in Gerenia<br><strong>region</strong>: Messenia Bk4<br><strong>part of</strong>: Gerenia (Messenia)<br><strong>location</strong>: Gerenia (Messenia)<br><strong>Wikidata</strong>: <a href="https://wikidata.org/wiki/Q116846185" target="_blank">https://wikidata.org/wiki/Q116846185</a><br><strong>type</strong>: tomb mnema<br><strong>passages</strong>: 3.26.9, 4.3.2<br><strong>Manto</strong>: <a href="https://resource.manto.unh.edu/10113618" target="_blank">https://resource.manto.unh.edu/10113618</a>]]></description>
        <Point><coordinates>22.195,36.934</coordinates></Point>
      </Placemark>

      <Placemark>
        <name>Gymnasium of Las</name>
        <description><![CDATA[<strong>name</strong>: Gymnasium of Las<br><strong>region</strong>: Lakonia Bk3<br><strong>part of</strong>: Las polis<br><strong>location</strong>: Las polis<br><strong>Wikidata</strong>: <a href="https://wikidata.org/wiki/Q124616348" target="_blank">https://wikidata.org/wiki/Q124616348</a><br><strong>type</strong>: gymnasium<br><strong>passages</strong>: 3.24.7]]></description>
        <Point><coordinates>22.5047,36.7279</coordinates></Point>
      </Placemark>

      <Placemark>
        <name>Kainepolis</name>
        <description><![CDATA[<strong>name</strong>: Kainepolis<br><strong>region</strong>: Lakonia Bk3<br><strong>part of</strong>: Lakonia Bk3<br><strong>Wikidata</strong>: <a href="https://wikidata.org/wiki/Q29788547" target="_blank">https://wikidata.org/wiki/Q29788547</a><br><strong>type</strong>: polis<br><strong>passages</strong>: 3.21.7, 3.25.9<br><strong>Pleiades</strong>: <a href="https://pleiades.stoa.org/places/570322" target="_blank">https://pleiades.stoa.org/places/570322</a>]]></description>
        <Point><coordinates>22.442714,36.460433</coordinates></Point>
      </Placemark>

      <Placemark>
        <name>Kainepolis</name>
        <description><![CDATA[<strong>name</strong>: Kainepolis<br><strong>region</strong>: Lakonia Bk3<br><strong>part of</strong>: Lakonia Bk3<br><strong>Wikidata</strong>: <a href="https://wikidata.org/wiki/Q29788547" target="_blank">https://wikidata.org/wiki/Q29788547</a><br><strong>type</strong>: polis<br><strong>passages</strong>: 3.21.7, 3.25.9<br><strong>Pleiades</strong>: <a href="https://pleiades.stoa.org/places/570322" target="_blank">https://pleiades.stoa.org/places/570322</a>]]></description>
        <Point><coordinates>22.442714,36.460433</coordinates></Point>
      </Placemark>

      <Placemark>
        <name>Olympia</name>
        <description><![CDATA[<strong>name</strong>: Olympia<br><strong>region</strong>: Eleia Bk5 Bk6<br><strong>part of</strong>: Pisa (Eleia)<br><strong>altname</strong>: Sanctuary of Olympian Zeus in Pisatis<br><strong>Wikidata</strong>: <a href="https://wikidata.org/wiki/Q38888" target="_blank">https://wikidata.org/wiki/Q38888</a><br><strong>type</strong>: hieron<br><strong>passages</strong>: 1.28.1, 1.35.6, 1.44.1, 10.14.5, 10.37.4, 10.38.8, 10.7.5, 10.9.4, 2.11.8, 2.5.7, 2.7.2, 3.8.3, 3.8.4, 3.8.5, 4.31.6, 5.1.4, 5.1.7, 5.10.1, 5.10.3, 5.10.4, 5.10.5, 5.10.7, 5.10.9, 5.11.10, 5.11.4, 5.11.9, 5.12.4, 5.12.5, 5.12.8, 5.13.1, 5.13.10, 5.13.9, 5.14.1, 5.14.2, 5.14.4, 5.15.12, 5.15.3, 5.16.8, 5.17.5, 5.2.3, 5.2.5, 5.20.6, 5.21.16, 5.23.3, 5.23.6, 5.24.4, 5.24.6, 5.24.8, 5.25.12, 5.25.13, 5.25.4, 5.25.5, 5.25.7, 5.26.1, 5.26.4, 5.26.5, 5.26.7, 5.27.1, 5.27.2, 5.27.9, 5.4.4, 5.4.5, 5.4.6, 5.4.7, 5.4.8, 5.5.3, 5.6.1, 5.6.7, 5.6.8, 5.7.1, 5.7.10, 5.7.6, 5.7.9, 5.8.1, 5.8.2, 5.8.5, 5.8.6, 5.9.1, 5.9.4, 6.1.6, 6.10.2, 6.10.4, 6.10.8, 6.12.4, 6.12.5, 6.12.6, 6.12.7, 6.12.8, 6.13.11, 6.13.2, 6.13.3, 6.13.5, 6.13.6, 6.13.8, 6.14.1, 6.14.10, 6.14.13, 6.14.2, 6.14.3, 6.14.5, 6.15.1, 6.15.2, 6.15.3, 6.15.6, 6.15.9, 6.16.1, 6.16.4, 6.16.5, 6.16.8, 6.16.9, 6.17.2, 6.17.7, 6.18.1, 6.18.2, 6.18.7, 6.19.1, 6.19.10, 6.19.14, 6.19.4, 6.2.10, 6.2.2, 6.2.6, 6.20.14, 6.20.19, 6.20.2, 6.20.7, 6.21.2, 6.22.5, 6.22.7, 6.23.1, 6.23.6, 6.3.11, 6.3.14, 6.3.15, 6.3.2, 6.3.9, 6.4.11, 6.4.2, 6.4.5, 6.4.6, 6.4.9, 6.5.7, 6.6.1, 6.6.3, 6.6.5, 6.7.10, 6.7.3, 6.7.8, 6.8.1, 6.8.2, 6.8.3, 6.8.6, 6.9.3, 7.17.13, 7.17.14, 7.17.6, 7.23.5, 7.27.5, 7.27.6, 7.6.4, 8.1.2, 8.19.1, 8.42.9, 8.48.1, 8.48.2, 8.50.3, 8.54.3, 9.23.1, 9.7.5<br><strong>Manto</strong>: <a href="https://resource.manto.unh.edu/10217933" target="_blank">https://resource.manto.unh.edu/10217933</a><br><strong>Pleiades</strong>: <a href="https://pleiades.stoa.org/places/570531" target="_blank">https://pleiades.stoa.org/places/570531</a>]]></description>
        <Point><coordinates>21.630126,37.637849</coordinates></Point>
      </Placemark>

      <Placemark>
        <name>Olympia</name>
        <description><![CDATA[<strong>name</strong>: Olympia<br><strong>region</strong>: Eleia Bk5 Bk6<br><strong>part of</strong>: Pisa (Eleia)<br><strong>altname</strong>: Sanctuary of Olympian Zeus in Pisatis<br><strong>Wikidata</strong>: <a href="https://wikidata.org/wiki/Q38888" target="_blank">https://wikidata.org/wiki/Q38888</a><br><strong>type</strong>: hieron<br><strong>passages</strong>: 1.28.1, 1.35.6, 1.44.1, 10.14.5, 10.37.4, 10.38.8, 10.7.5, 10.9.4, 2.11.8, 2.5.7, 2.7.2, 3.8.3, 3.8.4, 3.8.5, 4.31.6, 5.1.4, 5.1.7, 5.10.1, 5.10.3, 5.10.4, 5.10.5, 5.10.7, 5.10.9, 5.11.10, 5.11.4, 5.11.9, 5.12.4, 5.12.5, 5.12.8, 5.13.1, 5.13.10, 5.13.9, 5.14.1, 5.14.2, 5.14.4, 5.15.12, 5.15.3, 5.16.8, 5.17.5, 5.2.3, 5.2.5, 5.20.6, 5.21.16, 5.23.3, 5.23.6, 5.24.4, 5.24.6, 5.24.8, 5.25.12, 5.25.13, 5.25.4, 5.25.5, 5.25.7, 5.26.1, 5.26.4, 5.26.5, 5.26.7, 5.27.1, 5.27.2, 5.27.9, 5.4.4, 5.4.5, 5.4.6, 5.4.7, 5.4.8, 5.5.3, 5.6.1, 5.6.7, 5.6.8, 5.7.1, 5.7.10, 5.7.6, 5.7.9, 5.8.1, 5.8.2, 5.8.5, 5.8.6, 5.9.1, 5.9.4, 6.1.6, 6.10.2, 6.10.4, 6.10.8, 6.12.4, 6.12.5, 6.12.6, 6.12.7, 6.12.8, 6.13.11, 6.13.2, 6.13.3, 6.13.5, 6.13.6, 6.13.8, 6.14.1, 6.14.10, 6.14.13, 6.14.2, 6.14.3, 6.14.5, 6.15.1, 6.15.2, 6.15.3, 6.15.6, 6.15.9, 6.16.1, 6.16.4, 6.16.5, 6.16.8, 6.16.9, 6.17.2, 6.17.7, 6.18.1, 6.18.2, 6.18.7, 6.19.1, 6.19.10, 6.19.14, 6.19.4, 6.2.10, 6.2.2, 6.2.6, 6.20.14, 6.20.19, 6.20.2, 6.20.7, 6.21.2, 6.22.5, 6.22.7, 6.23.1, 6.23.6, 6.3.11, 6.3.14, 6.3.15, 6.3.2, 6.3.9, 6.4.11, 6.4.2, 6.4.5, 6.4.6, 6.4.9, 6.5.7, 6.6.1, 6.6.3, 6.6.5, 6.7.10, 6.7.3, 6.7.8, 6.8.1, 6.8.2, 6.8.3, 6.8.6, 6.9.3, 7.17.13, 7.17.14, 7.17.6, 7.23.5, 7.27.5, 7.27.6, 7.6.4, 8.1.2, 8.19.1, 8.42.9, 8.48.1, 8.48.2, 8.50.3, 8.54.3, 9.23.1, 9.7.5<br><strong>Manto</strong>: <a href="https://resource.manto.unh.edu/10217933" target="_blank">https://resource.manto.unh.edu/10217933</a><br><strong>Pleiades</strong>: <a href="https://pleiades.stoa.org/places/570531" target="_blank">https://pleiades.stoa.org/places/570531</a>]]></description>
        <Point><coordinates>21.630126,37.637849</coordinates></Point>
      </Placemark>

      <Placemark>
        <name>Olympia</name>
        <description><![CDATA[<strong>name</strong>: Olympia<br><strong>region</strong>: Eleia Bk5 Bk6<br><strong>part of</strong>: Pisa (Eleia)<br><strong>altname</strong>: Sanctuary of Olympian Zeus in Pisatis<br><strong>Wikidata</strong>: <a href="https://wikidata.org/wiki/Q38888" target="_blank">https://wikidata.org/wiki/Q38888</a><br><strong>type</strong>: hieron<br><strong>passages</strong>: 1.28.1, 1.35.6, 1.44.1, 10.14.5, 10.37.4, 10.38.8, 10.7.5, 10.9.4, 2.11.8, 2.5.7, 2.7.2, 3.8.3, 3.8.4, 3.8.5, 4.31.6, 5.1.4, 5.1.7, 5.10.1, 5.10.3, 5.10.4, 5.10.5, 5.10.7, 5.10.9, 5.11.10, 5.11.4, 5.11.9, 5.12.4, 5.12.5, 5.12.8, 5.13.1, 5.13.10, 5.13.9, 5.14.1, 5.14.2, 5.14.4, 5.15.12, 5.15.3, 5.16.8, 5.17.5, 5.2.3, 5.2.5, 5.20.6, 5.21.16, 5.23.3, 5.23.6, 5.24.4, 5.24.6, 5.24.8, 5.25.12, 5.25.13, 5.25.4, 5.25.5, 5.25.7, 5.26.1, 5.26.4, 5.26.5, 5.26.7, 5.27.1, 5.27.2, 5.27.9, 5.4.4, 5.4.5, 5.4.6, 5.4.7, 5.4.8, 5.5.3, 5.6.1, 5.6.7, 5.6.8, 5.7.1, 5.7.10, 5.7.6, 5.7.9, 5.8.1, 5.8.2, 5.8.5, 5.8.6, 5.9.1, 5.9.4, 6.1.6, 6.10.2, 6.10.4, 6.10.8, 6.12.4, 6.12.5, 6.12.6, 6.12.7, 6.12.8, 6.13.11, 6.13.2, 6.13.3, 6.13.5, 6.13.6, 6.13.8, 6.14.1, 6.14.10, 6.14.13, 6.14.2, 6.14.3, 6.14.5, 6.15.1, 6.15.2, 6.15.3, 6.15.6, 6.15.9, 6.16.1, 6.16.4, 6.16.5, 6.16.8, 6.16.9, 6.17.2, 6.17.7, 6.18.1, 6.18.2, 6.18.7, 6.19.1, 6.19.10, 6.19.14, 6.19.4, 6.2.10, 6.2.2, 6.2.6, 6.20.14, 6.20.19, 6.20.2, 6.20.7, 6.21.2, 6.22.5, 6.22.7, 6.23.1, 6.23.6, 6.3.11, 6.3.14, 6.3.15, 6.3.2, 6.3.9, 6.4.11, 6.4.2, 6.4.5, 6.4.6, 6.4.9, 6.5.7, 6.6.1, 6.6.3, 6.6.5, 6.7.10, 6.7.3, 6.7.8, 6.8.1, 6.8.2, 6.8.3, 6.8.6, 6.9.3, 7.17.13, 7.17.14, 7.17.6, 7.23.5, 7.27.5, 7.27.6, 7.6.4, 8.1.2, 8.19.1, 8.42.9, 8.48.1, 8.48.2, 8.50.3, 8.54.3, 9.23.1, 9.7.5<br><strong>Manto</strong>: <a href="https://resource.manto.unh.edu/10217933" target="_blank">https://resource.manto.unh.edu/10217933</a><br><strong>Pleiades</strong>: <a href="https://pleiades.stoa.org/places/570531" target="_blank">https://pleiades.stoa.org/places/570531</a>]]></description>
        <Point><coordinates>21.630126,37.637849</coordinates></Point>
      </Placemark>

      <Placemark>
        <name>Kynouriake</name>
        <description><![CDATA[<strong>name</strong>: Kynouriake<br><strong>region</strong>: Lakonia Bk3<br><strong>part of</strong>: Peloponnesos<br><strong>altname</strong>: Cynuria, Kynouria: contested homeland of the Cynurians south of Argolid and north of Lakonia<br><strong>Wikidata</strong>: <a href="https://wikidata.org/wiki/Q1431487" target="_blank">https://wikidata.org/wiki/Q1431487</a><br><strong>type</strong>: chora/region<br><strong>passages</strong>: 3.2.2, 3.2.3<br><strong>Pleiades</strong>: <a href="https://pleiades.stoa.org/places/570395" target="_blank">https://pleiades.stoa.org/places/570395</a><br><strong>ToposText</strong>: <a href="https://topostext.org/place/374227RKyn" target="_blank">https://topostext.org/place/374227RKyn</a>]]></description>
        <Point><coordinates>22.693,37.424</coordinates></Point>
      </Placemark>

      <Placemark>
        <name>Kynouriake</name>
        <description><![CDATA[<strong>name</strong>: Kynouriake<br><strong>region</strong>: Lakonia Bk3<br><strong>part of</strong>: Peloponnesos<br><strong>altname</strong>: Cynuria, Kynouria: contested homeland of the Cynurians south of Argolid and north of Lakonia<br><strong>Wikidata</strong>: <a href="https://wikidata.org/wiki/Q1431487" target="_blank">https://wikidata.org/wiki/Q1431487</a><br><strong>type</strong>: chora/region<br><strong>passages</strong>: 3.2.2, 3.2.3<br><strong>Pleiades</strong>: <a href="https://pleiades.stoa.org/places/570395" target="_blank">https://pleiades.stoa.org/places/570395</a><br><strong>ToposText</strong>: <a href="https://topostext.org/place/374227RKyn" target="_blank">https://topostext.org/place/374227RKyn</a>]]></description>
        <Point><coordinates>22.693,37.424</coordinates></Point>
      </Placemark>

      <Placemark>
        <name>Kyphanta (Lakonia)</name>
        <description><![CDATA[<strong>name</strong>: Kyphanta (Lakonia)<br><strong>region</strong>: Lakonia Bk3<br><strong>part of</strong>: Lakonia Bk3<br><strong>Wikidata</strong>: <a href="https://wikidata.org/wiki/Q16549019" target="_blank">https://wikidata.org/wiki/Q16549019</a><br><strong>type</strong>: settlement<br><strong>passages</strong>: 3.24.2, 3.24.3<br><strong>Pleiades</strong>: <a href="https://pleiades.stoa.org/places/570398" target="_blank">https://pleiades.stoa.org/places/570398</a><br><strong>ToposText</strong>: <a href="https://topostext.org/place/370230PKyp" target="_blank">https://topostext.org/place/370230PKyp</a>]]></description>
        <Point><coordinates>22.9925,36.9683</coordinates></Point>
      </Placemark>

      <Placemark>
        <name>Kyphanta (Lakonia)</name>
        <description><![CDATA[<strong>name</strong>: Kyphanta (Lakonia)<br><strong>region</strong>: Lakonia Bk3<br><strong>part of</strong>: Lakonia Bk3<br><strong>Wikidata</strong>: <a href="https://wikidata.org/wiki/Q16549019" target="_blank">https://wikidata.org/wiki/Q16549019</a><br><strong>type</strong>: settlement<br><strong>passages</strong>: 3.24.2, 3.24.3<br><strong>Pleiades</strong>: <a href="https://pleiades.stoa.org/places/570398" target="_blank">https://pleiades.stoa.org/places/570398</a><br><strong>ToposText</strong>: <a href="https://topostext.org/place/370230PKyp" target="_blank">https://topostext.org/place/370230PKyp</a>]]></description>
        <Point><coordinates>22.9925,36.9683</coordinates></Point>
      </Placemark>

      <Placemark>
        <name>Caria region</name>
        <description><![CDATA[<strong>name</strong>: Caria region<br><strong>region</strong>: Asia (continent)<br><strong>part of</strong>: Asia Minor (Asia)<br><strong>altname</strong>: Karia<br><strong>Wikidata</strong>: <a href="https://wikidata.org/wiki/Q193214" target="_blank">https://wikidata.org/wiki/Q193214</a><br><strong>type</strong>: chora/region<br><strong>passages</strong>: 1.1.3, 1.29.7, 2.30.9, 2.5.3, 2.7.1, 3.26.10, 4.35.11, 4.5.3, 5.24.7, 6.13.3, 7.3.1, 8.45.5<br><strong>Pleiades</strong>: <a href="https://pleiades.stoa.org/places/599564" target="_blank">https://pleiades.stoa.org/places/599564</a>]]></description>
        <Point><coordinates>27.5,37.5</coordinates></Point>
      </Placemark>

      <Placemark>
        <name>Water of Ino near Epidauros Limera</name>
        <description><![CDATA[<strong>name</strong>: Water of Ino near Epidauros Limera<br><strong>region</strong>: Lakonia Bk3<br><strong>part of</strong>: Epidaurus Limera (Laconia)<br><strong>location</strong>: Epidaurus Limera (Laconia)<br><strong>Wikidata</strong>: <a href="https://wikidata.org/wiki/Q124616542" target="_blank">https://wikidata.org/wiki/Q124616542</a><br><strong>type</strong>: spring pege<br><strong>passages</strong>: 3.23.8<br><strong>Pleiades</strong>: <a href="https://pleiades.stoa.org/places/573265" target="_blank">https://pleiades.stoa.org/places/573265</a>]]></description>
        <Point><coordinates>23.026,36.731</coordinates></Point>
      </Placemark>

      <Placemark>
        <name>Lake of Poseidon at Aigiai</name>
        <description><![CDATA[<strong>name</strong>: Lake of Poseidon at Aigiai<br><strong>region</strong>: Lakonia Bk3<br><strong>part of</strong>: Aigiai (Lakonia)<br><strong>location</strong>: Aigiai (Lakonia)<br><strong>Wikidata</strong>: <a href="https://wikidata.org/wiki/Q124616496" target="_blank">https://wikidata.org/wiki/Q124616496</a><br><strong>type</strong>: lake<br><strong>passages</strong>: 3.21.5]]></description>
        <Point><coordinates>22.5129,36.7863</coordinates></Point>
      </Placemark>

      <Placemark>
        <name>Tomb of Tainaros at Sparta</name>
        <description><![CDATA[<strong>name</strong>: Tomb of Tainaros at Sparta<br><strong>region</strong>: Lakonia Bk3<br><strong>part of</strong>: Sparta<br><strong>location</strong>: Sparta<br><strong>Wikidata</strong>: <a href="https://wikidata.org/wiki/Q124616296" target="_blank">https://wikidata.org/wiki/Q124616296</a><br><strong>type</strong>: tomb mnema<br><strong>passages</strong>: 3.14.2<br><strong>Manto</strong>: <a href="https://resource.manto.unh.edu/10150393" target="_blank">https://resource.manto.unh.edu/10150393</a>]]></description>
        <Point><coordinates>22.4237,37.0821</coordinates></Point>
      </Placemark>

      <Placemark>
        <name>Ephesos</name>
        <description><![CDATA[<strong>name</strong>: Ephesos<br><strong>region</strong>: Asia Minor (Asia)<br><strong>part of</strong>: Ionia (region)<br><strong>altname</strong>: Ephesus, Arsinoeia<br><strong>Wikidata</strong>: <a href="https://wikidata.org/wiki/Q47611" target="_blank">https://wikidata.org/wiki/Q47611</a><br><strong>type</strong>: polis<br><strong>passages</strong>: 1.9.7, 10.9.9, 3.17.4, 4.31.8, 5.12.4, 7.2.7, 7.2.8, 7.3.4, 7.3.5, 7.5.10<br><strong>Pleiades</strong>: <a href="https://pleiades.stoa.org/places/599612" target="_blank">https://pleiades.stoa.org/places/599612</a>]]></description>
        <Point><coordinates>27.339721999999995,37.941944</coordinates></Point>
      </Placemark>

      <Placemark>
        <name>Temple of Achilles on Leuke island</name>
        <description><![CDATA[<strong>name</strong>: Temple of Achilles on Leuke island<br><strong>region</strong>: Pontus Euxinus<br><strong>part of</strong>: Leuke island in Black Sea<br><strong>location</strong>: Leuke island in Black Sea<br><strong>Wikidata</strong>: <a href="https://wikidata.org/wiki/Q124616510" target="_blank">https://wikidata.org/wiki/Q124616510</a><br><strong>type</strong>: temple<br><strong>passages</strong>: 3.19.11]]></description>
        <Point><coordinates>30.20325,45.25471</coordinates></Point>
      </Placemark>

      <Placemark>
        <name>Agora of Sparta</name>
        <description><![CDATA[<strong>name</strong>: Agora of Sparta<br><strong>region</strong>: Lakonia Bk3<br><strong>part of</strong>: Sparta<br><strong>Wikidata</strong>: <a href="https://wikidata.org/wiki/Q124606127" target="_blank">https://wikidata.org/wiki/Q124606127</a><br><strong>type</strong>: agora<br><strong>passages</strong>: 3.11.2]]></description>
        <Point><coordinates>22.42659,37.08188</coordinates></Point>
      </Placemark>

      <Placemark>
        <name>Leuktra (Lakonia)</name>
        <description><![CDATA[<strong>name</strong>: Leuktra (Lakonia)<br><strong>region</strong>: Lakonia Bk3<br><strong>part of</strong>: Lakonia Bk3<br><strong>altname</strong>: Leuktron<br><strong>Wikidata</strong>: <a href="https://wikidata.org/wiki/Q11931799" target="_blank">https://wikidata.org/wiki/Q11931799</a><br><strong>type</strong>: polis<br><strong>passages</strong>: 3.21.7, 3.26.4, 3.26.5, 3.26.6, 3.26.7<br><strong>Pleiades</strong>: <a href="https://pleiades.stoa.org/places/570431" target="_blank">https://pleiades.stoa.org/places/570431</a>]]></description>
        <Point><coordinates>22.26501,36.84279</coordinates></Point>
      </Placemark>

      <Placemark>
        <name>Leuktra (Lakonia)</name>
        <description><![CDATA[<strong>name</strong>: Leuktra (Lakonia)<br><strong>region</strong>: Lakonia Bk3<br><strong>part of</strong>: Lakonia Bk3<br><strong>altname</strong>: Leuktron<br><strong>Wikidata</strong>: <a href="https://wikidata.org/wiki/Q11931799" target="_blank">https://wikidata.org/wiki/Q11931799</a><br><strong>type</strong>: polis<br><strong>passages</strong>: 3.21.7, 3.26.4, 3.26.5, 3.26.6, 3.26.7<br><strong>Pleiades</strong>: <a href="https://pleiades.stoa.org/places/570431" target="_blank">https://pleiades.stoa.org/places/570431</a>]]></description>
        <Point><coordinates>22.26501,36.84279</coordinates></Point>
      </Placemark>

      <Placemark>
        <name>Leuktra (Lakonia)</name>
        <description><![CDATA[<strong>name</strong>: Leuktra (Lakonia)<br><strong>region</strong>: Lakonia Bk3<br><strong>part of</strong>: Lakonia Bk3<br><strong>altname</strong>: Leuktron<br><strong>Wikidata</strong>: <a href="https://wikidata.org/wiki/Q11931799" target="_blank">https://wikidata.org/wiki/Q11931799</a><br><strong>type</strong>: polis<br><strong>passages</strong>: 3.21.7, 3.26.4, 3.26.5, 3.26.6, 3.26.7<br><strong>Pleiades</strong>: <a href="https://pleiades.stoa.org/places/570431" target="_blank">https://pleiades.stoa.org/places/570431</a>]]></description>
        <Point><coordinates>22.26501,36.84279</coordinates></Point>
      </Placemark>

      <Placemark>
        <name>Leuktra (Lakonia)</name>
        <description><![CDATA[<strong>name</strong>: Leuktra (Lakonia)<br><strong>region</strong>: Lakonia Bk3<br><strong>part of</strong>: Lakonia Bk3<br><strong>altname</strong>: Leuktron<br><strong>Wikidata</strong>: <a href="https://wikidata.org/wiki/Q11931799" target="_blank">https://wikidata.org/wiki/Q11931799</a><br><strong>type</strong>: polis<br><strong>passages</strong>: 3.21.7, 3.26.4, 3.26.5, 3.26.6, 3.26.7<br><strong>Pleiades</strong>: <a href="https://pleiades.stoa.org/places/570431" target="_blank">https://pleiades.stoa.org/places/570431</a>]]></description>
        <Point><coordinates>22.26501,36.84279</coordinates></Point>
      </Placemark>

      <Placemark>
        <name>Leuktra (Lakonia)</name>
        <description><![CDATA[<strong>name</strong>: Leuktra (Lakonia)<br><strong>region</strong>: Lakonia Bk3<br><strong>part of</strong>: Lakonia Bk3<br><strong>altname</strong>: Leuktron<br><strong>Wikidata</strong>: <a href="https://wikidata.org/wiki/Q11931799" target="_blank">https://wikidata.org/wiki/Q11931799</a><br><strong>type</strong>: polis<br><strong>passages</strong>: 3.21.7, 3.26.4, 3.26.5, 3.26.6, 3.26.7<br><strong>Pleiades</strong>: <a href="https://pleiades.stoa.org/places/570431" target="_blank">https://pleiades.stoa.org/places/570431</a>]]></description>
        <Point><coordinates>22.26501,36.84279</coordinates></Point>
      </Placemark>

      <Placemark>
        <name>Isthmus of Corinth</name>
        <description><![CDATA[<strong>name</strong>: Isthmus of Corinth<br><strong>region</strong>: Corinthia Bk2<br><strong>part of</strong>: Corinthia Bk2<br><strong>Wikidata</strong>: <a href="https://wikidata.org/wiki/Q215200" target="_blank">https://wikidata.org/wiki/Q215200</a><br><strong>type</strong>: chora/region<br><strong>passages</strong>: 1.25.4, 1.27.10, 1.44.8, 10.5.3, 2.1.4, 2.1.5, 2.1.6, 2.1.7, 2.15.1, 2.2.2, 2.2.3, 2.29.7, 2.5.7, 2.8.5, 3.21.6, 3.9.1, 4.9.2, 5.2.1, 5.3.6, 6.13.10, 7.15.11, 7.16.1, 7.27.5, 7.6.7, 7.7.2, 8.1.1, 8.48.2, 8.5.1, 8.5.6<br><strong>Pleiades</strong>: <a href="https://pleiades.stoa.org/places/570317" target="_blank">https://pleiades.stoa.org/places/570317</a><br><strong>ToposText</strong>: <a href="https://topostext.org/place/379230LIst" target="_blank">https://topostext.org/place/379230LIst</a>]]></description>
        <Point><coordinates>22.973,37.928</coordinates></Point>
      </Placemark>

      <Placemark>
        <name>Isthmus of Corinth</name>
        <description><![CDATA[<strong>name</strong>: Isthmus of Corinth<br><strong>region</strong>: Corinthia Bk2<br><strong>part of</strong>: Corinthia Bk2<br><strong>Wikidata</strong>: <a href="https://wikidata.org/wiki/Q215200" target="_blank">https://wikidata.org/wiki/Q215200</a><br><strong>type</strong>: chora/region<br><strong>passages</strong>: 1.25.4, 1.27.10, 1.44.8, 10.5.3, 2.1.4, 2.1.5, 2.1.6, 2.1.7, 2.15.1, 2.2.2, 2.2.3, 2.29.7, 2.5.7, 2.8.5, 3.21.6, 3.9.1, 4.9.2, 5.2.1, 5.3.6, 6.13.10, 7.15.11, 7.16.1, 7.27.5, 7.6.7, 7.7.2, 8.1.1, 8.48.2, 8.5.1, 8.5.6<br><strong>Pleiades</strong>: <a href="https://pleiades.stoa.org/places/570317" target="_blank">https://pleiades.stoa.org/places/570317</a><br><strong>ToposText</strong>: <a href="https://topostext.org/place/379230LIst" target="_blank">https://topostext.org/place/379230LIst</a>]]></description>
        <Point><coordinates>22.973,37.928</coordinates></Point>
      </Placemark>

      <Placemark>
        <name>Thermopylae</name>
        <description><![CDATA[<strong>name</strong>: Thermopylae<br><strong>region</strong>: Hellas (Europe)<br><strong>part of</strong>: Phthiotis<br><strong>Wikidata</strong>: <a href="https://wikidata.org/wiki/Q194450" target="_blank">https://wikidata.org/wiki/Q194450</a><br><strong>type</strong>: fortification, pass<br><strong>passages</strong>: 1.1.3, 1.3.5, 1.4.1, 1.4.2, 1.4.3, 1.4.4, 10.20.1, 10.20.2, 10.20.3, 10.20.6, 10.20.9, 10.21.1, 10.21.2, 10.21.6, 10.22.12, 10.22.5, 10.22.7, 10.22.8, 2.16.5, 3.12.9, 3.14.1, 3.4.7, 3.4.8, 3.5.5, 4.35.9, 7.15.3, 7.24.4, 7.6.3, 7.6.7, 8.51.4, 8.52.2, 8.6.3, 9.15.2, 9.32.9<br><strong>Pleiades</strong>: <a href="https://pleiades.stoa.org/places/541140" target="_blank">https://pleiades.stoa.org/places/541140</a>]]></description>
        <Point><coordinates>22.538294,38.796511</coordinates></Point>
      </Placemark>

      <Placemark>
        <name>Thermopylae</name>
        <description><![CDATA[<strong>name</strong>: Thermopylae<br><strong>region</strong>: Hellas (Europe)<br><strong>part of</strong>: Phthiotis<br><strong>Wikidata</strong>: <a href="https://wikidata.org/wiki/Q194450" target="_blank">https://wikidata.org/wiki/Q194450</a><br><strong>type</strong>: fortification, pass<br><strong>passages</strong>: 1.1.3, 1.3.5, 1.4.1, 1.4.2, 1.4.3, 1.4.4, 10.20.1, 10.20.2, 10.20.3, 10.20.6, 10.20.9, 10.21.1, 10.21.2, 10.21.6, 10.22.12, 10.22.5, 10.22.7, 10.22.8, 2.16.5, 3.12.9, 3.14.1, 3.4.7, 3.4.8, 3.5.5, 4.35.9, 7.15.3, 7.24.4, 7.6.3, 7.6.7, 8.51.4, 8.52.2, 8.6.3, 9.15.2, 9.32.9<br><strong>Pleiades</strong>: <a href="https://pleiades.stoa.org/places/541140" target="_blank">https://pleiades.stoa.org/places/541140</a>]]></description>
        <Point><coordinates>22.538294,38.796511</coordinates></Point>
      </Placemark>

      <Placemark>
        <name>Thermopylae</name>
        <description><![CDATA[<strong>name</strong>: Thermopylae<br><strong>region</strong>: Hellas (Europe)<br><strong>part of</strong>: Phthiotis<br><strong>Wikidata</strong>: <a href="https://wikidata.org/wiki/Q194450" target="_blank">https://wikidata.org/wiki/Q194450</a><br><strong>type</strong>: fortification, pass<br><strong>passages</strong>: 1.1.3, 1.3.5, 1.4.1, 1.4.2, 1.4.3, 1.4.4, 10.20.1, 10.20.2, 10.20.3, 10.20.6, 10.20.9, 10.21.1, 10.21.2, 10.21.6, 10.22.12, 10.22.5, 10.22.7, 10.22.8, 2.16.5, 3.12.9, 3.14.1, 3.4.7, 3.4.8, 3.5.5, 4.35.9, 7.15.3, 7.24.4, 7.6.3, 7.6.7, 8.51.4, 8.52.2, 8.6.3, 9.15.2, 9.32.9<br><strong>Pleiades</strong>: <a href="https://pleiades.stoa.org/places/541140" target="_blank">https://pleiades.stoa.org/places/541140</a>]]></description>
        <Point><coordinates>22.538294,38.796511</coordinates></Point>
      </Placemark>

      <Placemark>
        <name>Thermopylae</name>
        <description><![CDATA[<strong>name</strong>: Thermopylae<br><strong>region</strong>: Hellas (Europe)<br><strong>part of</strong>: Phthiotis<br><strong>Wikidata</strong>: <a href="https://wikidata.org/wiki/Q194450" target="_blank">https://wikidata.org/wiki/Q194450</a><br><strong>type</strong>: fortification, pass<br><strong>passages</strong>: 1.1.3, 1.3.5, 1.4.1, 1.4.2, 1.4.3, 1.4.4, 10.20.1, 10.20.2, 10.20.3, 10.20.6, 10.20.9, 10.21.1, 10.21.2, 10.21.6, 10.22.12, 10.22.5, 10.22.7, 10.22.8, 2.16.5, 3.12.9, 3.14.1, 3.4.7, 3.4.8, 3.5.5, 4.35.9, 7.15.3, 7.24.4, 7.6.3, 7.6.7, 8.51.4, 8.52.2, 8.6.3, 9.15.2, 9.32.9<br><strong>Pleiades</strong>: <a href="https://pleiades.stoa.org/places/541140" target="_blank">https://pleiades.stoa.org/places/541140</a>]]></description>
        <Point><coordinates>22.538294,38.796511</coordinates></Point>
      </Placemark>

      <Placemark>
        <name>Thermopylae</name>
        <description><![CDATA[<strong>name</strong>: Thermopylae<br><strong>region</strong>: Hellas (Europe)<br><strong>part of</strong>: Phthiotis<br><strong>Wikidata</strong>: <a href="https://wikidata.org/wiki/Q194450" target="_blank">https://wikidata.org/wiki/Q194450</a><br><strong>type</strong>: fortification, pass<br><strong>passages</strong>: 1.1.3, 1.3.5, 1.4.1, 1.4.2, 1.4.3, 1.4.4, 10.20.1, 10.20.2, 10.20.3, 10.20.6, 10.20.9, 10.21.1, 10.21.2, 10.21.6, 10.22.12, 10.22.5, 10.22.7, 10.22.8, 2.16.5, 3.12.9, 3.14.1, 3.4.7, 3.4.8, 3.5.5, 4.35.9, 7.15.3, 7.24.4, 7.6.3, 7.6.7, 8.51.4, 8.52.2, 8.6.3, 9.15.2, 9.32.9<br><strong>Pleiades</strong>: <a href="https://pleiades.stoa.org/places/541140" target="_blank">https://pleiades.stoa.org/places/541140</a>]]></description>
        <Point><coordinates>22.538294,38.796511</coordinates></Point>
      </Placemark>

      <Placemark>
        <name>Phigaleia</name>
        <description><![CDATA[<strong>name</strong>: Phigaleia<br><strong>region</strong>: Arcadia Bk8<br><strong>part of</strong>: Arcadia Bk8<br><strong>altname</strong>: Phigalia Phialia<br><strong>Wikidata</strong>: <a href="https://wikidata.org/wiki/Q7623270" target="_blank">https://wikidata.org/wiki/Q7623270</a><br><strong>type</strong>: chora/region, polis<br><strong>passages</strong>: 3.17.9, 4.24.1, 5.5.4, 6.6.1, 8.3.1, 8.3.2, 8.30.4, 8.39.1, 8.39.2, 8.39.3, 8.39.4, 8.39.5, 8.41.2, 8.41.4, 8.41.7, 8.41.9, 8.42.1, 8.42.11, 8.42.6, 8.5.7<br><strong>Pleiades</strong>: <a href="https://pleiades.stoa.org/places/570598" target="_blank">https://pleiades.stoa.org/places/570598</a><br><strong>ToposText</strong>: <a href="https://topostext.org/place/374218PPhi" target="_blank">https://topostext.org/place/374218PPhi</a>]]></description>
        <Point><coordinates>21.842,37.4075</coordinates></Point>
      </Placemark>

      <Placemark>
        <name>Temple of Asklepios in Gythion</name>
        <description><![CDATA[<strong>name</strong>: Temple of Asklepios in Gythion<br><strong>region</strong>: Lakonia Bk3<br><strong>part of</strong>: Gythion<br><strong>location</strong>: Gythion<br><strong>Wikidata</strong>: <a href="https://wikidata.org/wiki/Q124616356" target="_blank">https://wikidata.org/wiki/Q124616356</a><br><strong>type</strong>: temple<br><strong>passages</strong>: 3.21.8]]></description>
        <Point><coordinates>22.562341,36.763663</coordinates></Point>
      </Placemark>

      <Placemark>
        <name>Sanctuary of Hera at agora of Sparta</name>
        <description><![CDATA[<strong>name</strong>: Sanctuary of Hera at agora of Sparta<br><strong>region</strong>: Lakonia Bk3<br><strong>part of</strong>: Choros (Sparta)<br><strong>location</strong>: Choros (Sparta)<br><strong>Wikidata</strong>: <a href="https://wikidata.org/wiki/Q124616594" target="_blank">https://wikidata.org/wiki/Q124616594</a><br><strong>type</strong>: hieron<br><strong>passages</strong>: 3.11.9]]></description>
        <Point><coordinates>22.42665,37.0815</coordinates></Point>
      </Placemark>

      <Placemark>
        <name>Sanctuary of Klaia at Mt. Kalathion</name>
        <description><![CDATA[<strong>name</strong>: Sanctuary of Klaia at Mt. Kalathion<br><strong>region</strong>: Lakonia Bk3<br><strong>part of</strong>: Kalathion (mountain)<br><strong>location</strong>: Kalathion (mountain)<br><strong>Wikidata</strong>: <a href="https://wikidata.org/wiki/Q124616485" target="_blank">https://wikidata.org/wiki/Q124616485</a><br><strong>type</strong>: hieron<br><strong>passages</strong>: 3.26.11]]></description>
        <Point><coordinates>22.17928,36.92565</coordinates></Point>
      </Placemark>

      <Placemark>
        <name>Tomb of Talthybius near the Hellenion at Sparta</name>
        <description><![CDATA[<strong>name</strong>: Tomb of Talthybius near the Hellenion at Sparta<br><strong>region</strong>: Lakonia Bk3<br><strong>part of</strong>: Sparta<br><strong>location</strong>: Sparta<br><strong>Wikidata</strong>: <a href="https://wikidata.org/wiki/Q124616312" target="_blank">https://wikidata.org/wiki/Q124616312</a><br><strong>type</strong>: tomb mnema<br><strong>passages</strong>: 3.12.7, 7.24.1<br><strong>Manto</strong>: <a href="https://resource.manto.unh.edu/10150683" target="_blank">https://resource.manto.unh.edu/10150683</a>]]></description>
        <Point><coordinates>22.4237,37.0821</coordinates></Point>
      </Placemark>

      <Placemark>
        <name>Phellia</name>
        <description><![CDATA[<strong>name</strong>: Phellia<br><strong>region</strong>: Lakonia Bk3<br><strong>part of</strong>: Lakonia Bk3<br><strong>altname</strong>: river flowing E from Taygetus between Alesiai and Amyklai<br><strong>type</strong>: river<br><strong>passages</strong>: 3.20.3<br><strong>Pleiades</strong>: <a href="https://pleiades.stoa.org/places/573446" target="_blank">https://pleiades.stoa.org/places/573446</a>]]></description>
        <Point><coordinates>22.43737,37.04008</coordinates></Point>
      </Placemark>

      <Placemark>
        <name>City wall of Akriai toward the harbor</name>
        <description><![CDATA[<strong>name</strong>: City wall of Akriai toward the harbor<br><strong>region</strong>: Lakonia Bk3<br><strong>part of</strong>: Akriai (Lakonia)<br><strong>location</strong>: Akriai (Lakonia)<br><strong>type</strong>: city walls<br><strong>passages</strong>: 3.22.5]]></description>
        <Point><coordinates>22.792,36.8</coordinates></Point>
      </Placemark>

      <Placemark>
        <name>Tomb of Orestes near sanctuary of the Fates at Sparta</name>
        <description><![CDATA[<strong>name</strong>: Tomb of Orestes near sanctuary of the Fates at Sparta<br><strong>region</strong>: Lakonia Bk3<br><strong>part of</strong>: Sparta<br><strong>location</strong>: Sparta<br><strong>Wikidata</strong>: <a href="https://wikidata.org/wiki/Q124616308" target="_blank">https://wikidata.org/wiki/Q124616308</a><br><strong>type</strong>: tomb taphos<br><strong>passages</strong>: 3.11.10<br><strong>Manto</strong>: <a href="https://resource.manto.unh.edu/10146665" target="_blank">https://resource.manto.unh.edu/10146665</a>]]></description>
        <Point><coordinates>22.4237,37.0821</coordinates></Point>
      </Placemark>

      <Placemark>
        <name>Sanctuary of Zeus Tropaios at Sparta</name>
        <description><![CDATA[<strong>name</strong>: Sanctuary of Zeus Tropaios at Sparta<br><strong>region</strong>: Lakonia Bk3<br><strong>part of</strong>: Sparta<br><strong>location</strong>: Sparta<br><strong>Wikidata</strong>: <a href="https://wikidata.org/wiki/Q124616438" target="_blank">https://wikidata.org/wiki/Q124616438</a><br><strong>type</strong>: hieron<br><strong>passages</strong>: 3.12.9<br><strong>Manto</strong>: <a href="https://resource.manto.unh.edu/11260552" target="_blank">https://resource.manto.unh.edu/11260552</a>]]></description>
        <Point><coordinates>22.4237,37.0821</coordinates></Point>
      </Placemark>

      <Placemark>
        <name>Delion sanctuary (Boeotia)</name>
        <description><![CDATA[<strong>name</strong>: Delion sanctuary (Boeotia)<br><strong>region</strong>: Boiotia Bk9<br><strong>part of</strong>: Tanagraia<br><strong>Wikidata</strong>: <a href="https://wikidata.org/wiki/Q1184284" target="_blank">https://wikidata.org/wiki/Q1184284</a><br><strong>type</strong>: battlefield, hieron<br><strong>passages</strong>: 1.29.13, 10.28.6, 3.6.1, 9.20.1, 9.6.3<br><strong>Pleiades</strong>: <a href="https://pleiades.stoa.org/places/540725" target="_blank">https://pleiades.stoa.org/places/540725</a><br><strong>ToposText</strong>: <a href="https://topostext.org/place/383237UDel" target="_blank">https://topostext.org/place/383237UDel</a>]]></description>
        <Point><coordinates>23.6765,38.34</coordinates></Point>
      </Placemark>

      <Placemark>
        <name>Thrace (Europe)</name>
        <description><![CDATA[<strong>name</strong>: Thrace (Europe)<br><strong>region</strong>: <br><strong>part of</strong>: Europe<br><strong>altname</strong>: Thracia<br><strong>Wikidata</strong>: <a href="https://wikidata.org/wiki/Q41741" target="_blank">https://wikidata.org/wiki/Q41741</a><br><strong>type</strong>: major region<br><strong>passages</strong>: 1.10.2, 1.25.2, 1.29.13, 1.29.4, 1.29.5, 1.38.2, 1.6.4, 1.9.5, 10.11.5, 10.19.5, 2.30.2, 3.9.12, 5.10.8, 5.12.6, 5.27.12, 6.5.4, 7.4.3, 8.29.1, 9.30.9<br><strong>Pleiades</strong>: <a href="https://pleiades.stoa.org/places/501638" target="_blank">https://pleiades.stoa.org/places/501638</a><br><strong>ToposText</strong>: <a href="https://topostext.org/place/410265RThr" target="_blank">https://topostext.org/place/410265RThr</a>]]></description>
        <Point><coordinates>26.5,41</coordinates></Point>
      </Placemark>

      <Placemark>
        <name>Sanctuary of Zeus Skotitas in Lakonia</name>
        <description><![CDATA[<strong>name</strong>: Sanctuary of Zeus Skotitas in Lakonia<br><strong>region</strong>: Lakonia Bk3<br><strong>part of</strong>: Skotitas region (Lakonia)<br><strong>location</strong>: Skotitas region (Lakonia)<br><strong>Wikidata</strong>: <a href="https://wikidata.org/wiki/Q124616585" target="_blank">https://wikidata.org/wiki/Q124616585</a><br><strong>type</strong>: hieron<br><strong>passages</strong>: 3.10.6]]></description>
        <Point><coordinates>22.51,37.31</coordinates></Point>
      </Placemark>

      <Placemark>
        <name>plain of the Eurotas</name>
        <description><![CDATA[<strong>name</strong>: plain of the Eurotas<br><strong>region</strong>: Lakonia Bk3<br><strong>part of</strong>: Lakonia Bk3<br><strong>type</strong>: plain<br><strong>passages</strong>: 3.1.1]]></description>
        <Point><coordinates>22.427,37.093</coordinates></Point>
      </Placemark>

      <Placemark>
        <name>Temple of Zeus Olympios at Corinth</name>
        <description><![CDATA[<strong>name</strong>: Temple of Zeus Olympios at Corinth<br><strong>region</strong>: Corinthia Bk2<br><strong>part of</strong>: Corinth (Corinthia)<br><strong>location</strong>: Corinth (Corinthia)<br><strong>Wikidata</strong>: <a href="https://wikidata.org/wiki/Q124616407" target="_blank">https://wikidata.org/wiki/Q124616407</a><br><strong>type</strong>: temple<br><strong>passages</strong>: 3.9.2]]></description>
        <Point><coordinates>22.8802,37.9054</coordinates></Point>
      </Placemark>

      <Placemark>
        <name>Gythion</name>
        <description><![CDATA[<strong>name</strong>: Gythion<br><strong>region</strong>: Lakonia Bk3<br><strong>part of</strong>: Lakonia Bk3<br><strong>altname</strong>: Gytheion Gythium<br><strong>Wikidata</strong>: <a href="https://wikidata.org/wiki/Q56398303" target="_blank">https://wikidata.org/wiki/Q56398303</a><br><strong>type</strong>: harbor limen, polis<br><strong>passages</strong>: 1.27.5, 2.21.8, 3.21.4, 3.21.5, 3.21.6, 3.21.7, 3.22.1, 3.22.3, 3.24.6, 8.50.8<br><strong>Pleiades</strong>: <a href="https://pleiades.stoa.org/places/570268" target="_blank">https://pleiades.stoa.org/places/570268</a>]]></description>
        <Point><coordinates>22.562341,36.763663</coordinates></Point>
      </Placemark>

      <Placemark>
        <name>Gythion</name>
        <description><![CDATA[<strong>name</strong>: Gythion<br><strong>region</strong>: Lakonia Bk3<br><strong>part of</strong>: Lakonia Bk3<br><strong>altname</strong>: Gytheion Gythium<br><strong>Wikidata</strong>: <a href="https://wikidata.org/wiki/Q56398303" target="_blank">https://wikidata.org/wiki/Q56398303</a><br><strong>type</strong>: harbor limen, polis<br><strong>passages</strong>: 1.27.5, 2.21.8, 3.21.4, 3.21.5, 3.21.6, 3.21.7, 3.22.1, 3.22.3, 3.24.6, 8.50.8<br><strong>Pleiades</strong>: <a href="https://pleiades.stoa.org/places/570268" target="_blank">https://pleiades.stoa.org/places/570268</a>]]></description>
        <Point><coordinates>22.562341,36.763663</coordinates></Point>
      </Placemark>

      <Placemark>
        <name>Gythion</name>
        <description><![CDATA[<strong>name</strong>: Gythion<br><strong>region</strong>: Lakonia Bk3<br><strong>part of</strong>: Lakonia Bk3<br><strong>altname</strong>: Gytheion Gythium<br><strong>Wikidata</strong>: <a href="https://wikidata.org/wiki/Q56398303" target="_blank">https://wikidata.org/wiki/Q56398303</a><br><strong>type</strong>: harbor limen, polis<br><strong>passages</strong>: 1.27.5, 2.21.8, 3.21.4, 3.21.5, 3.21.6, 3.21.7, 3.22.1, 3.22.3, 3.24.6, 8.50.8<br><strong>Pleiades</strong>: <a href="https://pleiades.stoa.org/places/570268" target="_blank">https://pleiades.stoa.org/places/570268</a>]]></description>
        <Point><coordinates>22.562341,36.763663</coordinates></Point>
      </Placemark>

      <Placemark>
        <name>Gythion</name>
        <description><![CDATA[<strong>name</strong>: Gythion<br><strong>region</strong>: Lakonia Bk3<br><strong>part of</strong>: Lakonia Bk3<br><strong>altname</strong>: Gytheion Gythium<br><strong>Wikidata</strong>: <a href="https://wikidata.org/wiki/Q56398303" target="_blank">https://wikidata.org/wiki/Q56398303</a><br><strong>type</strong>: harbor limen, polis<br><strong>passages</strong>: 1.27.5, 2.21.8, 3.21.4, 3.21.5, 3.21.6, 3.21.7, 3.22.1, 3.22.3, 3.24.6, 8.50.8<br><strong>Pleiades</strong>: <a href="https://pleiades.stoa.org/places/570268" target="_blank">https://pleiades.stoa.org/places/570268</a>]]></description>
        <Point><coordinates>22.562341,36.763663</coordinates></Point>
      </Placemark>

      <Placemark>
        <name>Gythion</name>
        <description><![CDATA[<strong>name</strong>: Gythion<br><strong>region</strong>: Lakonia Bk3<br><strong>part of</strong>: Lakonia Bk3<br><strong>altname</strong>: Gytheion Gythium<br><strong>Wikidata</strong>: <a href="https://wikidata.org/wiki/Q56398303" target="_blank">https://wikidata.org/wiki/Q56398303</a><br><strong>type</strong>: harbor limen, polis<br><strong>passages</strong>: 1.27.5, 2.21.8, 3.21.4, 3.21.5, 3.21.6, 3.21.7, 3.22.1, 3.22.3, 3.24.6, 8.50.8<br><strong>Pleiades</strong>: <a href="https://pleiades.stoa.org/places/570268" target="_blank">https://pleiades.stoa.org/places/570268</a>]]></description>
        <Point><coordinates>22.562341,36.763663</coordinates></Point>
      </Placemark>

      <Placemark>
        <name>Gythion</name>
        <description><![CDATA[<strong>name</strong>: Gythion<br><strong>region</strong>: Lakonia Bk3<br><strong>part of</strong>: Lakonia Bk3<br><strong>altname</strong>: Gytheion Gythium<br><strong>Wikidata</strong>: <a href="https://wikidata.org/wiki/Q56398303" target="_blank">https://wikidata.org/wiki/Q56398303</a><br><strong>type</strong>: harbor limen, polis<br><strong>passages</strong>: 1.27.5, 2.21.8, 3.21.4, 3.21.5, 3.21.6, 3.21.7, 3.22.1, 3.22.3, 3.24.6, 8.50.8<br><strong>Pleiades</strong>: <a href="https://pleiades.stoa.org/places/570268" target="_blank">https://pleiades.stoa.org/places/570268</a>]]></description>
        <Point><coordinates>22.562341,36.763663</coordinates></Point>
      </Placemark>

      <Placemark>
        <name>Gythion</name>
        <description><![CDATA[<strong>name</strong>: Gythion<br><strong>region</strong>: Lakonia Bk3<br><strong>part of</strong>: Lakonia Bk3<br><strong>altname</strong>: Gytheion Gythium<br><strong>Wikidata</strong>: <a href="https://wikidata.org/wiki/Q56398303" target="_blank">https://wikidata.org/wiki/Q56398303</a><br><strong>type</strong>: harbor limen, polis<br><strong>passages</strong>: 1.27.5, 2.21.8, 3.21.4, 3.21.5, 3.21.6, 3.21.7, 3.22.1, 3.22.3, 3.24.6, 8.50.8<br><strong>Pleiades</strong>: <a href="https://pleiades.stoa.org/places/570268" target="_blank">https://pleiades.stoa.org/places/570268</a>]]></description>
        <Point><coordinates>22.562341,36.763663</coordinates></Point>
      </Placemark>

      <Placemark>
        <name>Cave next to Klaia sanctuary on Kalathion mountain</name>
        <description><![CDATA[<strong>name</strong>: Cave next to Klaia sanctuary on Kalathion mountain<br><strong>region</strong>: Lakonia Bk3<br><strong>part of</strong>: Kalathion (mountain)<br><strong>location</strong>: Kalathion (mountain)<br><strong>altname</strong>: with narrow entrance interior worth seeing<br><strong>type</strong>: cave<br><strong>passages</strong>: 3.26.11]]></description>
        <Point><coordinates>22.17928,36.92565</coordinates></Point>
      </Placemark>

      <Placemark>
        <name>Springs of the river Smenos on Taygetos</name>
        <description><![CDATA[<strong>name</strong>: Springs of the river Smenos on Taygetos<br><strong>region</strong>: Lakonia Bk3<br><strong>part of</strong>: Taygetos (mountain)<br><strong>location</strong>: Taygetos (mountain)<br><strong>type</strong>: spring pege<br><strong>passages</strong>: 3.24.9]]></description>
        <Point><coordinates>22.3503405,36.9528148</coordinates></Point>
      </Placemark>

      <Placemark>
        <name>Chalkioikos temple in sanctuary of Athena Poliouchos in Sparta</name>
        <description><![CDATA[<strong>name</strong>: Chalkioikos temple in sanctuary of Athena Poliouchos in Sparta<br><strong>region</strong>: Lakonia Bk3<br><strong>part of</strong>: Acropolis of Sparta<br><strong>location</strong>: Acropolis of Sparta<br><strong>Wikidata</strong>: <a href="https://wikidata.org/wiki/Q57302774" target="_blank">https://wikidata.org/wiki/Q57302774</a><br><strong>type</strong>: temple<br><strong>passages</strong>: 3.17.5]]></description>
        <Point><coordinates>22.4237,37.0821</coordinates></Point>
      </Placemark>

      <Placemark>
        <name>Limnaion locality at Sparta</name>
        <description><![CDATA[<strong>name</strong>: Limnaion locality at Sparta<br><strong>region</strong>: Lakonia Bk3<br><strong>part of</strong>: Sparta<br><strong>location</strong>: Sparta<br><strong>Wikidata</strong>: <a href="https://wikidata.org/wiki/Q124616415" target="_blank">https://wikidata.org/wiki/Q124616415</a><br><strong>type</strong>: chorion<br><strong>passages</strong>: 3.16.7]]></description>
        <Point><coordinates>22.4237,37.0821</coordinates></Point>
      </Placemark>

      <Placemark>
        <name>temple of Asklepios at Nikomedeia</name>
        <description><![CDATA[<strong>name</strong>: temple of Asklepios at Nikomedeia<br><strong>region</strong>: Asia Minor (Asia)<br><strong>part of</strong>: Nicomedia<br><strong>location</strong>: Nicomedia<br><strong>type</strong>: temple<br><strong>passages</strong>: 3.3.8]]></description>
        <Point><coordinates>29.923486000000004,40.76445</coordinates></Point>
      </Placemark>

      <Placemark>
        <name>Stoa beside Platanista near Sparta</name>
        <description><![CDATA[<strong>name</strong>: Stoa beside Platanista near Sparta<br><strong>region</strong>: Lakonia Bk3<br><strong>part of</strong>: Platanista grove (Lakonia)<br><strong>location</strong>: Platanista grove (Lakonia)<br><strong>Wikidata</strong>: <a href="https://wikidata.org/wiki/Q124616418" target="_blank">https://wikidata.org/wiki/Q124616418</a><br><strong>type</strong>: stoa<br><strong>passages</strong>: 3.15.1]]></description>
        <Point><coordinates>22.4191,37.0841</coordinates></Point>
      </Placemark>

      <Placemark>
        <name>Thera polis</name>
        <description><![CDATA[<strong>name</strong>: Thera polis<br><strong>region</strong>: Aegean Sea (Hellas)<br><strong>part of</strong>: Thera island (Cyclades)<br><strong>Wikidata</strong>: <a href="https://wikidata.org/wiki/Q433004" target="_blank">https://wikidata.org/wiki/Q433004</a><br><strong>type</strong>: polis<br><strong>passages</strong>: 3.1.8<br><strong>Pleiades</strong>: <a href="https://pleiades.stoa.org/places/599971" target="_blank">https://pleiades.stoa.org/places/599971</a>]]></description>
        <Point><coordinates>25.478129000000003,36.36399</coordinates></Point>
      </Placemark>

      <Placemark>
        <name>Aeolis</name>
        <description><![CDATA[<strong>name</strong>: Aeolis<br><strong>region</strong>: Asia (continent)<br><strong>part of</strong>: Asia Minor (Asia)<br><strong>Wikidata</strong>: <a href="https://wikidata.org/wiki/Q255325" target="_blank">https://wikidata.org/wiki/Q255325</a><br><strong>type</strong>: chora/region<br><strong>passages</strong>: 3.2.1, 5.24.6, 7.5.1<br><strong>Pleiades</strong>: <a href="https://pleiades.stoa.org/places/550406" target="_blank">https://pleiades.stoa.org/places/550406</a>]]></description>
        <Point><coordinates>26.95080175,38.84644288</coordinates></Point>
      </Placemark>

      <Placemark>
        <name>Acropolis of Geronthrai</name>
        <description><![CDATA[<strong>name</strong>: Acropolis of Geronthrai<br><strong>region</strong>: Lakonia Bk3<br><strong>part of</strong>: Geronthrai<br><strong>location</strong>: Geronthrai<br><strong>Wikidata</strong>: <a href="https://wikidata.org/wiki/Q124616547" target="_blank">https://wikidata.org/wiki/Q124616547</a><br><strong>type</strong>: acropolis<br><strong>passages</strong>: 3.22.7]]></description>
        <Point><coordinates>22.706912,36.992193</coordinates></Point>
      </Placemark>

      <Placemark>
        <name>Sanctuary of Pythian Apollo at Delphi</name>
        <description><![CDATA[<strong>name</strong>: Sanctuary of Pythian Apollo at Delphi<br><strong>region</strong>: Phokis Bk10<br><strong>part of</strong>: Delphi (polis)<br><strong>altname</strong>: Pytho: distinct from the polis of the Delphians<br><strong>Wikidata</strong>: <a href="https://wikidata.org/wiki/Q125925203" target="_blank">https://wikidata.org/wiki/Q125925203</a><br><strong>type</strong>: hieron<br><strong>passages</strong>: 1.11.1, 1.20.7, 1.22.8, 1.26.3, 1.3.4, 1.37.6, 1.4.4, 1.41.1, 1.43.3, 1.43.7, 1.43.8, 1.9.3, 10.1.1, 10.1.10, 10.1.4, 10.10.2, 10.11.1, 10.11.2, 10.12.5, 10.13.1, 10.13.10, 10.13.6, 10.13.8, 10.14.5, 10.15.5, 10.15.6, 10.16.5, 10.16.7, 10.16.8, 10.17.2, 10.18.1, 10.18.2, 10.18.5, 10.18.7, 10.19.3, 10.19.5, 10.2.2, 10.2.3, 10.22.12, 10.23.1, 10.23.11, 10.23.2, 10.23.3, 10.24.1, 10.24.5, 10.3.3, 10.3.4, 10.32.1, 10.33.3, 10.34.1, 10.34.2, 10.35.8, 10.36.3, 10.36.6, 10.5.5, 10.5.7, 10.6.5, 10.6.6, 10.7.1, 10.7.3, 10.8.1, 10.8.2, 10.8.3, 10.8.6, 10.9.1, 10.9.12, 10.9.2, 10.9.4, 10.9.6, 2.22.8, 2.24.1, 2.26.7, 2.29.7, 2.33.2, 3.1.6, 3.10.3, 3.10.4, 3.11.8, 3.13.8, 3.17.1, 3.17.9, 3.19.12, 3.3.6, 3.4.3, 3.4.4, 3.8.10, 3.8.2, 3.8.9, 4.12.1, 4.12.7, 4.12.8, 4.15.6, 4.16.6, 4.17.4, 4.20.1, 4.24.1, 4.32.3, 4.32.5, 4.34.9, 4.5.4, 4.9.3, 5.13.5, 5.18.8, 5.21.5, 5.21.7, 5.27.1, 5.27.10, 5.27.9, 5.3.1, 5.4.3, 5.4.6, 5.7.3, 6.1.8, 6.11.5, 6.11.7, 6.12.8, 6.13.8, 6.14.5, 6.15.1, 6.15.3, 6.15.6, 6.16.4, 6.17.2, 6.19.1, 6.2.2, 6.3.11, 6.3.4, 6.3.8, 6.4.11, 6.4.2, 6.4.5, 6.4.6, 6.7.10, 6.8.1, 6.8.6, 6.9.7, 7.17.13, 7.17.6, 7.19.4, 7.19.6, 7.19.7, 7.2.1, 7.24.4, 7.3.1, 8.10.9, 8.11.10, 8.15.1, 8.23.1, 8.24.10, 8.24.14, 8.24.8, 8.27.9, 8.36.8, 8.37.1, 8.39.4, 8.48.2, 8.5.4, 8.53.3, 8.7.6, 8.9.3, 9.12.1, 9.14.2, 9.25.1, 9.26.3, 9.33.1, 9.33.4, 9.36.2, 9.37.4, 9.37.5, 9.38.5, 9.40.1, 9.41.2, 9.5.10, 9.7.5<br><strong>Pleiades</strong>: <a href="https://pleiades.stoa.org/places/540726" target="_blank">https://pleiades.stoa.org/places/540726</a><br><strong>ToposText</strong>: <a href="https://topostext.org/place/385225SDel" target="_blank">https://topostext.org/place/385225SDel</a>]]></description>
        <Point><coordinates>22.50151,38.48254</coordinates></Point>
      </Placemark>

      <Placemark>
        <name>Sanctuary of Pythian Apollo at Delphi</name>
        <description><![CDATA[<strong>name</strong>: Sanctuary of Pythian Apollo at Delphi<br><strong>region</strong>: Phokis Bk10<br><strong>part of</strong>: Delphi (polis)<br><strong>altname</strong>: Pytho: distinct from the polis of the Delphians<br><strong>Wikidata</strong>: <a href="https://wikidata.org/wiki/Q125925203" target="_blank">https://wikidata.org/wiki/Q125925203</a><br><strong>type</strong>: hieron<br><strong>passages</strong>: 1.11.1, 1.20.7, 1.22.8, 1.26.3, 1.3.4, 1.37.6, 1.4.4, 1.41.1, 1.43.3, 1.43.7, 1.43.8, 1.9.3, 10.1.1, 10.1.10, 10.1.4, 10.10.2, 10.11.1, 10.11.2, 10.12.5, 10.13.1, 10.13.10, 10.13.6, 10.13.8, 10.14.5, 10.15.5, 10.15.6, 10.16.5, 10.16.7, 10.16.8, 10.17.2, 10.18.1, 10.18.2, 10.18.5, 10.18.7, 10.19.3, 10.19.5, 10.2.2, 10.2.3, 10.22.12, 10.23.1, 10.23.11, 10.23.2, 10.23.3, 10.24.1, 10.24.5, 10.3.3, 10.3.4, 10.32.1, 10.33.3, 10.34.1, 10.34.2, 10.35.8, 10.36.3, 10.36.6, 10.5.5, 10.5.7, 10.6.5, 10.6.6, 10.7.1, 10.7.3, 10.8.1, 10.8.2, 10.8.3, 10.8.6, 10.9.1, 10.9.12, 10.9.2, 10.9.4, 10.9.6, 2.22.8, 2.24.1, 2.26.7, 2.29.7, 2.33.2, 3.1.6, 3.10.3, 3.10.4, 3.11.8, 3.13.8, 3.17.1, 3.17.9, 3.19.12, 3.3.6, 3.4.3, 3.4.4, 3.8.10, 3.8.2, 3.8.9, 4.12.1, 4.12.7, 4.12.8, 4.15.6, 4.16.6, 4.17.4, 4.20.1, 4.24.1, 4.32.3, 4.32.5, 4.34.9, 4.5.4, 4.9.3, 5.13.5, 5.18.8, 5.21.5, 5.21.7, 5.27.1, 5.27.10, 5.27.9, 5.3.1, 5.4.3, 5.4.6, 5.7.3, 6.1.8, 6.11.5, 6.11.7, 6.12.8, 6.13.8, 6.14.5, 6.15.1, 6.15.3, 6.15.6, 6.16.4, 6.17.2, 6.19.1, 6.2.2, 6.3.11, 6.3.4, 6.3.8, 6.4.11, 6.4.2, 6.4.5, 6.4.6, 6.7.10, 6.8.1, 6.8.6, 6.9.7, 7.17.13, 7.17.6, 7.19.4, 7.19.6, 7.19.7, 7.2.1, 7.24.4, 7.3.1, 8.10.9, 8.11.10, 8.15.1, 8.23.1, 8.24.10, 8.24.14, 8.24.8, 8.27.9, 8.36.8, 8.37.1, 8.39.4, 8.48.2, 8.5.4, 8.53.3, 8.7.6, 8.9.3, 9.12.1, 9.14.2, 9.25.1, 9.26.3, 9.33.1, 9.33.4, 9.36.2, 9.37.4, 9.37.5, 9.38.5, 9.40.1, 9.41.2, 9.5.10, 9.7.5<br><strong>Pleiades</strong>: <a href="https://pleiades.stoa.org/places/540726" target="_blank">https://pleiades.stoa.org/places/540726</a><br><strong>ToposText</strong>: <a href="https://topostext.org/place/385225SDel" target="_blank">https://topostext.org/place/385225SDel</a>]]></description>
        <Point><coordinates>22.50151,38.48254</coordinates></Point>
      </Placemark>

      <Placemark>
        <name>Sanctuary of Pythian Apollo at Delphi</name>
        <description><![CDATA[<strong>name</strong>: Sanctuary of Pythian Apollo at Delphi<br><strong>region</strong>: Phokis Bk10<br><strong>part of</strong>: Delphi (polis)<br><strong>altname</strong>: Pytho: distinct from the polis of the Delphians<br><strong>Wikidata</strong>: <a href="https://wikidata.org/wiki/Q125925203" target="_blank">https://wikidata.org/wiki/Q125925203</a><br><strong>type</strong>: hieron<br><strong>passages</strong>: 1.11.1, 1.20.7, 1.22.8, 1.26.3, 1.3.4, 1.37.6, 1.4.4, 1.41.1, 1.43.3, 1.43.7, 1.43.8, 1.9.3, 10.1.1, 10.1.10, 10.1.4, 10.10.2, 10.11.1, 10.11.2, 10.12.5, 10.13.1, 10.13.10, 10.13.6, 10.13.8, 10.14.5, 10.15.5, 10.15.6, 10.16.5, 10.16.7, 10.16.8, 10.17.2, 10.18.1, 10.18.2, 10.18.5, 10.18.7, 10.19.3, 10.19.5, 10.2.2, 10.2.3, 10.22.12, 10.23.1, 10.23.11, 10.23.2, 10.23.3, 10.24.1, 10.24.5, 10.3.3, 10.3.4, 10.32.1, 10.33.3, 10.34.1, 10.34.2, 10.35.8, 10.36.3, 10.36.6, 10.5.5, 10.5.7, 10.6.5, 10.6.6, 10.7.1, 10.7.3, 10.8.1, 10.8.2, 10.8.3, 10.8.6, 10.9.1, 10.9.12, 10.9.2, 10.9.4, 10.9.6, 2.22.8, 2.24.1, 2.26.7, 2.29.7, 2.33.2, 3.1.6, 3.10.3, 3.10.4, 3.11.8, 3.13.8, 3.17.1, 3.17.9, 3.19.12, 3.3.6, 3.4.3, 3.4.4, 3.8.10, 3.8.2, 3.8.9, 4.12.1, 4.12.7, 4.12.8, 4.15.6, 4.16.6, 4.17.4, 4.20.1, 4.24.1, 4.32.3, 4.32.5, 4.34.9, 4.5.4, 4.9.3, 5.13.5, 5.18.8, 5.21.5, 5.21.7, 5.27.1, 5.27.10, 5.27.9, 5.3.1, 5.4.3, 5.4.6, 5.7.3, 6.1.8, 6.11.5, 6.11.7, 6.12.8, 6.13.8, 6.14.5, 6.15.1, 6.15.3, 6.15.6, 6.16.4, 6.17.2, 6.19.1, 6.2.2, 6.3.11, 6.3.4, 6.3.8, 6.4.11, 6.4.2, 6.4.5, 6.4.6, 6.7.10, 6.8.1, 6.8.6, 6.9.7, 7.17.13, 7.17.6, 7.19.4, 7.19.6, 7.19.7, 7.2.1, 7.24.4, 7.3.1, 8.10.9, 8.11.10, 8.15.1, 8.23.1, 8.24.10, 8.24.14, 8.24.8, 8.27.9, 8.36.8, 8.37.1, 8.39.4, 8.48.2, 8.5.4, 8.53.3, 8.7.6, 8.9.3, 9.12.1, 9.14.2, 9.25.1, 9.26.3, 9.33.1, 9.33.4, 9.36.2, 9.37.4, 9.37.5, 9.38.5, 9.40.1, 9.41.2, 9.5.10, 9.7.5<br><strong>Pleiades</strong>: <a href="https://pleiades.stoa.org/places/540726" target="_blank">https://pleiades.stoa.org/places/540726</a><br><strong>ToposText</strong>: <a href="https://topostext.org/place/385225SDel" target="_blank">https://topostext.org/place/385225SDel</a>]]></description>
        <Point><coordinates>22.50151,38.48254</coordinates></Point>
      </Placemark>

      <Placemark>
        <name>Sanctuary of Pythian Apollo at Delphi</name>
        <description><![CDATA[<strong>name</strong>: Sanctuary of Pythian Apollo at Delphi<br><strong>region</strong>: Phokis Bk10<br><strong>part of</strong>: Delphi (polis)<br><strong>altname</strong>: Pytho: distinct from the polis of the Delphians<br><strong>Wikidata</strong>: <a href="https://wikidata.org/wiki/Q125925203" target="_blank">https://wikidata.org/wiki/Q125925203</a><br><strong>type</strong>: hieron<br><strong>passages</strong>: 1.11.1, 1.20.7, 1.22.8, 1.26.3, 1.3.4, 1.37.6, 1.4.4, 1.41.1, 1.43.3, 1.43.7, 1.43.8, 1.9.3, 10.1.1, 10.1.10, 10.1.4, 10.10.2, 10.11.1, 10.11.2, 10.12.5, 10.13.1, 10.13.10, 10.13.6, 10.13.8, 10.14.5, 10.15.5, 10.15.6, 10.16.5, 10.16.7, 10.16.8, 10.17.2, 10.18.1, 10.18.2, 10.18.5, 10.18.7, 10.19.3, 10.19.5, 10.2.2, 10.2.3, 10.22.12, 10.23.1, 10.23.11, 10.23.2, 10.23.3, 10.24.1, 10.24.5, 10.3.3, 10.3.4, 10.32.1, 10.33.3, 10.34.1, 10.34.2, 10.35.8, 10.36.3, 10.36.6, 10.5.5, 10.5.7, 10.6.5, 10.6.6, 10.7.1, 10.7.3, 10.8.1, 10.8.2, 10.8.3, 10.8.6, 10.9.1, 10.9.12, 10.9.2, 10.9.4, 10.9.6, 2.22.8, 2.24.1, 2.26.7, 2.29.7, 2.33.2, 3.1.6, 3.10.3, 3.10.4, 3.11.8, 3.13.8, 3.17.1, 3.17.9, 3.19.12, 3.3.6, 3.4.3, 3.4.4, 3.8.10, 3.8.2, 3.8.9, 4.12.1, 4.12.7, 4.12.8, 4.15.6, 4.16.6, 4.17.4, 4.20.1, 4.24.1, 4.32.3, 4.32.5, 4.34.9, 4.5.4, 4.9.3, 5.13.5, 5.18.8, 5.21.5, 5.21.7, 5.27.1, 5.27.10, 5.27.9, 5.3.1, 5.4.3, 5.4.6, 5.7.3, 6.1.8, 6.11.5, 6.11.7, 6.12.8, 6.13.8, 6.14.5, 6.15.1, 6.15.3, 6.15.6, 6.16.4, 6.17.2, 6.19.1, 6.2.2, 6.3.11, 6.3.4, 6.3.8, 6.4.11, 6.4.2, 6.4.5, 6.4.6, 6.7.10, 6.8.1, 6.8.6, 6.9.7, 7.17.13, 7.17.6, 7.19.4, 7.19.6, 7.19.7, 7.2.1, 7.24.4, 7.3.1, 8.10.9, 8.11.10, 8.15.1, 8.23.1, 8.24.10, 8.24.14, 8.24.8, 8.27.9, 8.36.8, 8.37.1, 8.39.4, 8.48.2, 8.5.4, 8.53.3, 8.7.6, 8.9.3, 9.12.1, 9.14.2, 9.25.1, 9.26.3, 9.33.1, 9.33.4, 9.36.2, 9.37.4, 9.37.5, 9.38.5, 9.40.1, 9.41.2, 9.5.10, 9.7.5<br><strong>Pleiades</strong>: <a href="https://pleiades.stoa.org/places/540726" target="_blank">https://pleiades.stoa.org/places/540726</a><br><strong>ToposText</strong>: <a href="https://topostext.org/place/385225SDel" target="_blank">https://topostext.org/place/385225SDel</a>]]></description>
        <Point><coordinates>22.50151,38.48254</coordinates></Point>
      </Placemark>

      <Placemark>
        <name>Sanctuary of Pythian Apollo at Delphi</name>
        <description><![CDATA[<strong>name</strong>: Sanctuary of Pythian Apollo at Delphi<br><strong>region</strong>: Phokis Bk10<br><strong>part of</strong>: Delphi (polis)<br><strong>altname</strong>: Pytho: distinct from the polis of the Delphians<br><strong>Wikidata</strong>: <a href="https://wikidata.org/wiki/Q125925203" target="_blank">https://wikidata.org/wiki/Q125925203</a><br><strong>type</strong>: hieron<br><strong>passages</strong>: 1.11.1, 1.20.7, 1.22.8, 1.26.3, 1.3.4, 1.37.6, 1.4.4, 1.41.1, 1.43.3, 1.43.7, 1.43.8, 1.9.3, 10.1.1, 10.1.10, 10.1.4, 10.10.2, 10.11.1, 10.11.2, 10.12.5, 10.13.1, 10.13.10, 10.13.6, 10.13.8, 10.14.5, 10.15.5, 10.15.6, 10.16.5, 10.16.7, 10.16.8, 10.17.2, 10.18.1, 10.18.2, 10.18.5, 10.18.7, 10.19.3, 10.19.5, 10.2.2, 10.2.3, 10.22.12, 10.23.1, 10.23.11, 10.23.2, 10.23.3, 10.24.1, 10.24.5, 10.3.3, 10.3.4, 10.32.1, 10.33.3, 10.34.1, 10.34.2, 10.35.8, 10.36.3, 10.36.6, 10.5.5, 10.5.7, 10.6.5, 10.6.6, 10.7.1, 10.7.3, 10.8.1, 10.8.2, 10.8.3, 10.8.6, 10.9.1, 10.9.12, 10.9.2, 10.9.4, 10.9.6, 2.22.8, 2.24.1, 2.26.7, 2.29.7, 2.33.2, 3.1.6, 3.10.3, 3.10.4, 3.11.8, 3.13.8, 3.17.1, 3.17.9, 3.19.12, 3.3.6, 3.4.3, 3.4.4, 3.8.10, 3.8.2, 3.8.9, 4.12.1, 4.12.7, 4.12.8, 4.15.6, 4.16.6, 4.17.4, 4.20.1, 4.24.1, 4.32.3, 4.32.5, 4.34.9, 4.5.4, 4.9.3, 5.13.5, 5.18.8, 5.21.5, 5.21.7, 5.27.1, 5.27.10, 5.27.9, 5.3.1, 5.4.3, 5.4.6, 5.7.3, 6.1.8, 6.11.5, 6.11.7, 6.12.8, 6.13.8, 6.14.5, 6.15.1, 6.15.3, 6.15.6, 6.16.4, 6.17.2, 6.19.1, 6.2.2, 6.3.11, 6.3.4, 6.3.8, 6.4.11, 6.4.2, 6.4.5, 6.4.6, 6.7.10, 6.8.1, 6.8.6, 6.9.7, 7.17.13, 7.17.6, 7.19.4, 7.19.6, 7.19.7, 7.2.1, 7.24.4, 7.3.1, 8.10.9, 8.11.10, 8.15.1, 8.23.1, 8.24.10, 8.24.14, 8.24.8, 8.27.9, 8.36.8, 8.37.1, 8.39.4, 8.48.2, 8.5.4, 8.53.3, 8.7.6, 8.9.3, 9.12.1, 9.14.2, 9.25.1, 9.26.3, 9.33.1, 9.33.4, 9.36.2, 9.37.4, 9.37.5, 9.38.5, 9.40.1, 9.41.2, 9.5.10, 9.7.5<br><strong>Pleiades</strong>: <a href="https://pleiades.stoa.org/places/540726" target="_blank">https://pleiades.stoa.org/places/540726</a><br><strong>ToposText</strong>: <a href="https://topostext.org/place/385225SDel" target="_blank">https://topostext.org/place/385225SDel</a>]]></description>
        <Point><coordinates>22.50151,38.48254</coordinates></Point>
      </Placemark>

      <Placemark>
        <name>Sanctuary of Pythian Apollo at Delphi</name>
        <description><![CDATA[<strong>name</strong>: Sanctuary of Pythian Apollo at Delphi<br><strong>region</strong>: Phokis Bk10<br><strong>part of</strong>: Delphi (polis)<br><strong>altname</strong>: Pytho: distinct from the polis of the Delphians<br><strong>Wikidata</strong>: <a href="https://wikidata.org/wiki/Q125925203" target="_blank">https://wikidata.org/wiki/Q125925203</a><br><strong>type</strong>: hieron<br><strong>passages</strong>: 1.11.1, 1.20.7, 1.22.8, 1.26.3, 1.3.4, 1.37.6, 1.4.4, 1.41.1, 1.43.3, 1.43.7, 1.43.8, 1.9.3, 10.1.1, 10.1.10, 10.1.4, 10.10.2, 10.11.1, 10.11.2, 10.12.5, 10.13.1, 10.13.10, 10.13.6, 10.13.8, 10.14.5, 10.15.5, 10.15.6, 10.16.5, 10.16.7, 10.16.8, 10.17.2, 10.18.1, 10.18.2, 10.18.5, 10.18.7, 10.19.3, 10.19.5, 10.2.2, 10.2.3, 10.22.12, 10.23.1, 10.23.11, 10.23.2, 10.23.3, 10.24.1, 10.24.5, 10.3.3, 10.3.4, 10.32.1, 10.33.3, 10.34.1, 10.34.2, 10.35.8, 10.36.3, 10.36.6, 10.5.5, 10.5.7, 10.6.5, 10.6.6, 10.7.1, 10.7.3, 10.8.1, 10.8.2, 10.8.3, 10.8.6, 10.9.1, 10.9.12, 10.9.2, 10.9.4, 10.9.6, 2.22.8, 2.24.1, 2.26.7, 2.29.7, 2.33.2, 3.1.6, 3.10.3, 3.10.4, 3.11.8, 3.13.8, 3.17.1, 3.17.9, 3.19.12, 3.3.6, 3.4.3, 3.4.4, 3.8.10, 3.8.2, 3.8.9, 4.12.1, 4.12.7, 4.12.8, 4.15.6, 4.16.6, 4.17.4, 4.20.1, 4.24.1, 4.32.3, 4.32.5, 4.34.9, 4.5.4, 4.9.3, 5.13.5, 5.18.8, 5.21.5, 5.21.7, 5.27.1, 5.27.10, 5.27.9, 5.3.1, 5.4.3, 5.4.6, 5.7.3, 6.1.8, 6.11.5, 6.11.7, 6.12.8, 6.13.8, 6.14.5, 6.15.1, 6.15.3, 6.15.6, 6.16.4, 6.17.2, 6.19.1, 6.2.2, 6.3.11, 6.3.4, 6.3.8, 6.4.11, 6.4.2, 6.4.5, 6.4.6, 6.7.10, 6.8.1, 6.8.6, 6.9.7, 7.17.13, 7.17.6, 7.19.4, 7.19.6, 7.19.7, 7.2.1, 7.24.4, 7.3.1, 8.10.9, 8.11.10, 8.15.1, 8.23.1, 8.24.10, 8.24.14, 8.24.8, 8.27.9, 8.36.8, 8.37.1, 8.39.4, 8.48.2, 8.5.4, 8.53.3, 8.7.6, 8.9.3, 9.12.1, 9.14.2, 9.25.1, 9.26.3, 9.33.1, 9.33.4, 9.36.2, 9.37.4, 9.37.5, 9.38.5, 9.40.1, 9.41.2, 9.5.10, 9.7.5<br><strong>Pleiades</strong>: <a href="https://pleiades.stoa.org/places/540726" target="_blank">https://pleiades.stoa.org/places/540726</a><br><strong>ToposText</strong>: <a href="https://topostext.org/place/385225SDel" target="_blank">https://topostext.org/place/385225SDel</a>]]></description>
        <Point><coordinates>22.50151,38.48254</coordinates></Point>
      </Placemark>

      <Placemark>
        <name>Sanctuary of Pythian Apollo at Delphi</name>
        <description><![CDATA[<strong>name</strong>: Sanctuary of Pythian Apollo at Delphi<br><strong>region</strong>: Phokis Bk10<br><strong>part of</strong>: Delphi (polis)<br><strong>altname</strong>: Pytho: distinct from the polis of the Delphians<br><strong>Wikidata</strong>: <a href="https://wikidata.org/wiki/Q125925203" target="_blank">https://wikidata.org/wiki/Q125925203</a><br><strong>type</strong>: hieron<br><strong>passages</strong>: 1.11.1, 1.20.7, 1.22.8, 1.26.3, 1.3.4, 1.37.6, 1.4.4, 1.41.1, 1.43.3, 1.43.7, 1.43.8, 1.9.3, 10.1.1, 10.1.10, 10.1.4, 10.10.2, 10.11.1, 10.11.2, 10.12.5, 10.13.1, 10.13.10, 10.13.6, 10.13.8, 10.14.5, 10.15.5, 10.15.6, 10.16.5, 10.16.7, 10.16.8, 10.17.2, 10.18.1, 10.18.2, 10.18.5, 10.18.7, 10.19.3, 10.19.5, 10.2.2, 10.2.3, 10.22.12, 10.23.1, 10.23.11, 10.23.2, 10.23.3, 10.24.1, 10.24.5, 10.3.3, 10.3.4, 10.32.1, 10.33.3, 10.34.1, 10.34.2, 10.35.8, 10.36.3, 10.36.6, 10.5.5, 10.5.7, 10.6.5, 10.6.6, 10.7.1, 10.7.3, 10.8.1, 10.8.2, 10.8.3, 10.8.6, 10.9.1, 10.9.12, 10.9.2, 10.9.4, 10.9.6, 2.22.8, 2.24.1, 2.26.7, 2.29.7, 2.33.2, 3.1.6, 3.10.3, 3.10.4, 3.11.8, 3.13.8, 3.17.1, 3.17.9, 3.19.12, 3.3.6, 3.4.3, 3.4.4, 3.8.10, 3.8.2, 3.8.9, 4.12.1, 4.12.7, 4.12.8, 4.15.6, 4.16.6, 4.17.4, 4.20.1, 4.24.1, 4.32.3, 4.32.5, 4.34.9, 4.5.4, 4.9.3, 5.13.5, 5.18.8, 5.21.5, 5.21.7, 5.27.1, 5.27.10, 5.27.9, 5.3.1, 5.4.3, 5.4.6, 5.7.3, 6.1.8, 6.11.5, 6.11.7, 6.12.8, 6.13.8, 6.14.5, 6.15.1, 6.15.3, 6.15.6, 6.16.4, 6.17.2, 6.19.1, 6.2.2, 6.3.11, 6.3.4, 6.3.8, 6.4.11, 6.4.2, 6.4.5, 6.4.6, 6.7.10, 6.8.1, 6.8.6, 6.9.7, 7.17.13, 7.17.6, 7.19.4, 7.19.6, 7.19.7, 7.2.1, 7.24.4, 7.3.1, 8.10.9, 8.11.10, 8.15.1, 8.23.1, 8.24.10, 8.24.14, 8.24.8, 8.27.9, 8.36.8, 8.37.1, 8.39.4, 8.48.2, 8.5.4, 8.53.3, 8.7.6, 8.9.3, 9.12.1, 9.14.2, 9.25.1, 9.26.3, 9.33.1, 9.33.4, 9.36.2, 9.37.4, 9.37.5, 9.38.5, 9.40.1, 9.41.2, 9.5.10, 9.7.5<br><strong>Pleiades</strong>: <a href="https://pleiades.stoa.org/places/540726" target="_blank">https://pleiades.stoa.org/places/540726</a><br><strong>ToposText</strong>: <a href="https://topostext.org/place/385225SDel" target="_blank">https://topostext.org/place/385225SDel</a>]]></description>
        <Point><coordinates>22.50151,38.48254</coordinates></Point>
      </Placemark>

      <Placemark>
        <name>Sanctuary of Pythian Apollo at Delphi</name>
        <description><![CDATA[<strong>name</strong>: Sanctuary of Pythian Apollo at Delphi<br><strong>region</strong>: Phokis Bk10<br><strong>part of</strong>: Delphi (polis)<br><strong>altname</strong>: Pytho: distinct from the polis of the Delphians<br><strong>Wikidata</strong>: <a href="https://wikidata.org/wiki/Q125925203" target="_blank">https://wikidata.org/wiki/Q125925203</a><br><strong>type</strong>: hieron<br><strong>passages</strong>: 1.11.1, 1.20.7, 1.22.8, 1.26.3, 1.3.4, 1.37.6, 1.4.4, 1.41.1, 1.43.3, 1.43.7, 1.43.8, 1.9.3, 10.1.1, 10.1.10, 10.1.4, 10.10.2, 10.11.1, 10.11.2, 10.12.5, 10.13.1, 10.13.10, 10.13.6, 10.13.8, 10.14.5, 10.15.5, 10.15.6, 10.16.5, 10.16.7, 10.16.8, 10.17.2, 10.18.1, 10.18.2, 10.18.5, 10.18.7, 10.19.3, 10.19.5, 10.2.2, 10.2.3, 10.22.12, 10.23.1, 10.23.11, 10.23.2, 10.23.3, 10.24.1, 10.24.5, 10.3.3, 10.3.4, 10.32.1, 10.33.3, 10.34.1, 10.34.2, 10.35.8, 10.36.3, 10.36.6, 10.5.5, 10.5.7, 10.6.5, 10.6.6, 10.7.1, 10.7.3, 10.8.1, 10.8.2, 10.8.3, 10.8.6, 10.9.1, 10.9.12, 10.9.2, 10.9.4, 10.9.6, 2.22.8, 2.24.1, 2.26.7, 2.29.7, 2.33.2, 3.1.6, 3.10.3, 3.10.4, 3.11.8, 3.13.8, 3.17.1, 3.17.9, 3.19.12, 3.3.6, 3.4.3, 3.4.4, 3.8.10, 3.8.2, 3.8.9, 4.12.1, 4.12.7, 4.12.8, 4.15.6, 4.16.6, 4.17.4, 4.20.1, 4.24.1, 4.32.3, 4.32.5, 4.34.9, 4.5.4, 4.9.3, 5.13.5, 5.18.8, 5.21.5, 5.21.7, 5.27.1, 5.27.10, 5.27.9, 5.3.1, 5.4.3, 5.4.6, 5.7.3, 6.1.8, 6.11.5, 6.11.7, 6.12.8, 6.13.8, 6.14.5, 6.15.1, 6.15.3, 6.15.6, 6.16.4, 6.17.2, 6.19.1, 6.2.2, 6.3.11, 6.3.4, 6.3.8, 6.4.11, 6.4.2, 6.4.5, 6.4.6, 6.7.10, 6.8.1, 6.8.6, 6.9.7, 7.17.13, 7.17.6, 7.19.4, 7.19.6, 7.19.7, 7.2.1, 7.24.4, 7.3.1, 8.10.9, 8.11.10, 8.15.1, 8.23.1, 8.24.10, 8.24.14, 8.24.8, 8.27.9, 8.36.8, 8.37.1, 8.39.4, 8.48.2, 8.5.4, 8.53.3, 8.7.6, 8.9.3, 9.12.1, 9.14.2, 9.25.1, 9.26.3, 9.33.1, 9.33.4, 9.36.2, 9.37.4, 9.37.5, 9.38.5, 9.40.1, 9.41.2, 9.5.10, 9.7.5<br><strong>Pleiades</strong>: <a href="https://pleiades.stoa.org/places/540726" target="_blank">https://pleiades.stoa.org/places/540726</a><br><strong>ToposText</strong>: <a href="https://topostext.org/place/385225SDel" target="_blank">https://topostext.org/place/385225SDel</a>]]></description>
        <Point><coordinates>22.50151,38.48254</coordinates></Point>
      </Placemark>

      <Placemark>
        <name>Sanctuary of Pythian Apollo at Delphi</name>
        <description><![CDATA[<strong>name</strong>: Sanctuary of Pythian Apollo at Delphi<br><strong>region</strong>: Phokis Bk10<br><strong>part of</strong>: Delphi (polis)<br><strong>altname</strong>: Pytho: distinct from the polis of the Delphians<br><strong>Wikidata</strong>: <a href="https://wikidata.org/wiki/Q125925203" target="_blank">https://wikidata.org/wiki/Q125925203</a><br><strong>type</strong>: hieron<br><strong>passages</strong>: 1.11.1, 1.20.7, 1.22.8, 1.26.3, 1.3.4, 1.37.6, 1.4.4, 1.41.1, 1.43.3, 1.43.7, 1.43.8, 1.9.3, 10.1.1, 10.1.10, 10.1.4, 10.10.2, 10.11.1, 10.11.2, 10.12.5, 10.13.1, 10.13.10, 10.13.6, 10.13.8, 10.14.5, 10.15.5, 10.15.6, 10.16.5, 10.16.7, 10.16.8, 10.17.2, 10.18.1, 10.18.2, 10.18.5, 10.18.7, 10.19.3, 10.19.5, 10.2.2, 10.2.3, 10.22.12, 10.23.1, 10.23.11, 10.23.2, 10.23.3, 10.24.1, 10.24.5, 10.3.3, 10.3.4, 10.32.1, 10.33.3, 10.34.1, 10.34.2, 10.35.8, 10.36.3, 10.36.6, 10.5.5, 10.5.7, 10.6.5, 10.6.6, 10.7.1, 10.7.3, 10.8.1, 10.8.2, 10.8.3, 10.8.6, 10.9.1, 10.9.12, 10.9.2, 10.9.4, 10.9.6, 2.22.8, 2.24.1, 2.26.7, 2.29.7, 2.33.2, 3.1.6, 3.10.3, 3.10.4, 3.11.8, 3.13.8, 3.17.1, 3.17.9, 3.19.12, 3.3.6, 3.4.3, 3.4.4, 3.8.10, 3.8.2, 3.8.9, 4.12.1, 4.12.7, 4.12.8, 4.15.6, 4.16.6, 4.17.4, 4.20.1, 4.24.1, 4.32.3, 4.32.5, 4.34.9, 4.5.4, 4.9.3, 5.13.5, 5.18.8, 5.21.5, 5.21.7, 5.27.1, 5.27.10, 5.27.9, 5.3.1, 5.4.3, 5.4.6, 5.7.3, 6.1.8, 6.11.5, 6.11.7, 6.12.8, 6.13.8, 6.14.5, 6.15.1, 6.15.3, 6.15.6, 6.16.4, 6.17.2, 6.19.1, 6.2.2, 6.3.11, 6.3.4, 6.3.8, 6.4.11, 6.4.2, 6.4.5, 6.4.6, 6.7.10, 6.8.1, 6.8.6, 6.9.7, 7.17.13, 7.17.6, 7.19.4, 7.19.6, 7.19.7, 7.2.1, 7.24.4, 7.3.1, 8.10.9, 8.11.10, 8.15.1, 8.23.1, 8.24.10, 8.24.14, 8.24.8, 8.27.9, 8.36.8, 8.37.1, 8.39.4, 8.48.2, 8.5.4, 8.53.3, 8.7.6, 8.9.3, 9.12.1, 9.14.2, 9.25.1, 9.26.3, 9.33.1, 9.33.4, 9.36.2, 9.37.4, 9.37.5, 9.38.5, 9.40.1, 9.41.2, 9.5.10, 9.7.5<br><strong>Pleiades</strong>: <a href="https://pleiades.stoa.org/places/540726" target="_blank">https://pleiades.stoa.org/places/540726</a><br><strong>ToposText</strong>: <a href="https://topostext.org/place/385225SDel" target="_blank">https://topostext.org/place/385225SDel</a>]]></description>
        <Point><coordinates>22.50151,38.48254</coordinates></Point>
      </Placemark>

      <Placemark>
        <name>Sanctuary of Pythian Apollo at Delphi</name>
        <description><![CDATA[<strong>name</strong>: Sanctuary of Pythian Apollo at Delphi<br><strong>region</strong>: Phokis Bk10<br><strong>part of</strong>: Delphi (polis)<br><strong>altname</strong>: Pytho: distinct from the polis of the Delphians<br><strong>Wikidata</strong>: <a href="https://wikidata.org/wiki/Q125925203" target="_blank">https://wikidata.org/wiki/Q125925203</a><br><strong>type</strong>: hieron<br><strong>passages</strong>: 1.11.1, 1.20.7, 1.22.8, 1.26.3, 1.3.4, 1.37.6, 1.4.4, 1.41.1, 1.43.3, 1.43.7, 1.43.8, 1.9.3, 10.1.1, 10.1.10, 10.1.4, 10.10.2, 10.11.1, 10.11.2, 10.12.5, 10.13.1, 10.13.10, 10.13.6, 10.13.8, 10.14.5, 10.15.5, 10.15.6, 10.16.5, 10.16.7, 10.16.8, 10.17.2, 10.18.1, 10.18.2, 10.18.5, 10.18.7, 10.19.3, 10.19.5, 10.2.2, 10.2.3, 10.22.12, 10.23.1, 10.23.11, 10.23.2, 10.23.3, 10.24.1, 10.24.5, 10.3.3, 10.3.4, 10.32.1, 10.33.3, 10.34.1, 10.34.2, 10.35.8, 10.36.3, 10.36.6, 10.5.5, 10.5.7, 10.6.5, 10.6.6, 10.7.1, 10.7.3, 10.8.1, 10.8.2, 10.8.3, 10.8.6, 10.9.1, 10.9.12, 10.9.2, 10.9.4, 10.9.6, 2.22.8, 2.24.1, 2.26.7, 2.29.7, 2.33.2, 3.1.6, 3.10.3, 3.10.4, 3.11.8, 3.13.8, 3.17.1, 3.17.9, 3.19.12, 3.3.6, 3.4.3, 3.4.4, 3.8.10, 3.8.2, 3.8.9, 4.12.1, 4.12.7, 4.12.8, 4.15.6, 4.16.6, 4.17.4, 4.20.1, 4.24.1, 4.32.3, 4.32.5, 4.34.9, 4.5.4, 4.9.3, 5.13.5, 5.18.8, 5.21.5, 5.21.7, 5.27.1, 5.27.10, 5.27.9, 5.3.1, 5.4.3, 5.4.6, 5.7.3, 6.1.8, 6.11.5, 6.11.7, 6.12.8, 6.13.8, 6.14.5, 6.15.1, 6.15.3, 6.15.6, 6.16.4, 6.17.2, 6.19.1, 6.2.2, 6.3.11, 6.3.4, 6.3.8, 6.4.11, 6.4.2, 6.4.5, 6.4.6, 6.7.10, 6.8.1, 6.8.6, 6.9.7, 7.17.13, 7.17.6, 7.19.4, 7.19.6, 7.19.7, 7.2.1, 7.24.4, 7.3.1, 8.10.9, 8.11.10, 8.15.1, 8.23.1, 8.24.10, 8.24.14, 8.24.8, 8.27.9, 8.36.8, 8.37.1, 8.39.4, 8.48.2, 8.5.4, 8.53.3, 8.7.6, 8.9.3, 9.12.1, 9.14.2, 9.25.1, 9.26.3, 9.33.1, 9.33.4, 9.36.2, 9.37.4, 9.37.5, 9.38.5, 9.40.1, 9.41.2, 9.5.10, 9.7.5<br><strong>Pleiades</strong>: <a href="https://pleiades.stoa.org/places/540726" target="_blank">https://pleiades.stoa.org/places/540726</a><br><strong>ToposText</strong>: <a href="https://topostext.org/place/385225SDel" target="_blank">https://topostext.org/place/385225SDel</a>]]></description>
        <Point><coordinates>22.50151,38.48254</coordinates></Point>
      </Placemark>

      <Placemark>
        <name>Sanctuary of Pythian Apollo at Delphi</name>
        <description><![CDATA[<strong>name</strong>: Sanctuary of Pythian Apollo at Delphi<br><strong>region</strong>: Phokis Bk10<br><strong>part of</strong>: Delphi (polis)<br><strong>altname</strong>: Pytho: distinct from the polis of the Delphians<br><strong>Wikidata</strong>: <a href="https://wikidata.org/wiki/Q125925203" target="_blank">https://wikidata.org/wiki/Q125925203</a><br><strong>type</strong>: hieron<br><strong>passages</strong>: 1.11.1, 1.20.7, 1.22.8, 1.26.3, 1.3.4, 1.37.6, 1.4.4, 1.41.1, 1.43.3, 1.43.7, 1.43.8, 1.9.3, 10.1.1, 10.1.10, 10.1.4, 10.10.2, 10.11.1, 10.11.2, 10.12.5, 10.13.1, 10.13.10, 10.13.6, 10.13.8, 10.14.5, 10.15.5, 10.15.6, 10.16.5, 10.16.7, 10.16.8, 10.17.2, 10.18.1, 10.18.2, 10.18.5, 10.18.7, 10.19.3, 10.19.5, 10.2.2, 10.2.3, 10.22.12, 10.23.1, 10.23.11, 10.23.2, 10.23.3, 10.24.1, 10.24.5, 10.3.3, 10.3.4, 10.32.1, 10.33.3, 10.34.1, 10.34.2, 10.35.8, 10.36.3, 10.36.6, 10.5.5, 10.5.7, 10.6.5, 10.6.6, 10.7.1, 10.7.3, 10.8.1, 10.8.2, 10.8.3, 10.8.6, 10.9.1, 10.9.12, 10.9.2, 10.9.4, 10.9.6, 2.22.8, 2.24.1, 2.26.7, 2.29.7, 2.33.2, 3.1.6, 3.10.3, 3.10.4, 3.11.8, 3.13.8, 3.17.1, 3.17.9, 3.19.12, 3.3.6, 3.4.3, 3.4.4, 3.8.10, 3.8.2, 3.8.9, 4.12.1, 4.12.7, 4.12.8, 4.15.6, 4.16.6, 4.17.4, 4.20.1, 4.24.1, 4.32.3, 4.32.5, 4.34.9, 4.5.4, 4.9.3, 5.13.5, 5.18.8, 5.21.5, 5.21.7, 5.27.1, 5.27.10, 5.27.9, 5.3.1, 5.4.3, 5.4.6, 5.7.3, 6.1.8, 6.11.5, 6.11.7, 6.12.8, 6.13.8, 6.14.5, 6.15.1, 6.15.3, 6.15.6, 6.16.4, 6.17.2, 6.19.1, 6.2.2, 6.3.11, 6.3.4, 6.3.8, 6.4.11, 6.4.2, 6.4.5, 6.4.6, 6.7.10, 6.8.1, 6.8.6, 6.9.7, 7.17.13, 7.17.6, 7.19.4, 7.19.6, 7.19.7, 7.2.1, 7.24.4, 7.3.1, 8.10.9, 8.11.10, 8.15.1, 8.23.1, 8.24.10, 8.24.14, 8.24.8, 8.27.9, 8.36.8, 8.37.1, 8.39.4, 8.48.2, 8.5.4, 8.53.3, 8.7.6, 8.9.3, 9.12.1, 9.14.2, 9.25.1, 9.26.3, 9.33.1, 9.33.4, 9.36.2, 9.37.4, 9.37.5, 9.38.5, 9.40.1, 9.41.2, 9.5.10, 9.7.5<br><strong>Pleiades</strong>: <a href="https://pleiades.stoa.org/places/540726" target="_blank">https://pleiades.stoa.org/places/540726</a><br><strong>ToposText</strong>: <a href="https://topostext.org/place/385225SDel" target="_blank">https://topostext.org/place/385225SDel</a>]]></description>
        <Point><coordinates>22.50151,38.48254</coordinates></Point>
      </Placemark>

      <Placemark>
        <name>Sanctuary of Pythian Apollo at Delphi</name>
        <description><![CDATA[<strong>name</strong>: Sanctuary of Pythian Apollo at Delphi<br><strong>region</strong>: Phokis Bk10<br><strong>part of</strong>: Delphi (polis)<br><strong>altname</strong>: Pytho: distinct from the polis of the Delphians<br><strong>Wikidata</strong>: <a href="https://wikidata.org/wiki/Q125925203" target="_blank">https://wikidata.org/wiki/Q125925203</a><br><strong>type</strong>: hieron<br><strong>passages</strong>: 1.11.1, 1.20.7, 1.22.8, 1.26.3, 1.3.4, 1.37.6, 1.4.4, 1.41.1, 1.43.3, 1.43.7, 1.43.8, 1.9.3, 10.1.1, 10.1.10, 10.1.4, 10.10.2, 10.11.1, 10.11.2, 10.12.5, 10.13.1, 10.13.10, 10.13.6, 10.13.8, 10.14.5, 10.15.5, 10.15.6, 10.16.5, 10.16.7, 10.16.8, 10.17.2, 10.18.1, 10.18.2, 10.18.5, 10.18.7, 10.19.3, 10.19.5, 10.2.2, 10.2.3, 10.22.12, 10.23.1, 10.23.11, 10.23.2, 10.23.3, 10.24.1, 10.24.5, 10.3.3, 10.3.4, 10.32.1, 10.33.3, 10.34.1, 10.34.2, 10.35.8, 10.36.3, 10.36.6, 10.5.5, 10.5.7, 10.6.5, 10.6.6, 10.7.1, 10.7.3, 10.8.1, 10.8.2, 10.8.3, 10.8.6, 10.9.1, 10.9.12, 10.9.2, 10.9.4, 10.9.6, 2.22.8, 2.24.1, 2.26.7, 2.29.7, 2.33.2, 3.1.6, 3.10.3, 3.10.4, 3.11.8, 3.13.8, 3.17.1, 3.17.9, 3.19.12, 3.3.6, 3.4.3, 3.4.4, 3.8.10, 3.8.2, 3.8.9, 4.12.1, 4.12.7, 4.12.8, 4.15.6, 4.16.6, 4.17.4, 4.20.1, 4.24.1, 4.32.3, 4.32.5, 4.34.9, 4.5.4, 4.9.3, 5.13.5, 5.18.8, 5.21.5, 5.21.7, 5.27.1, 5.27.10, 5.27.9, 5.3.1, 5.4.3, 5.4.6, 5.7.3, 6.1.8, 6.11.5, 6.11.7, 6.12.8, 6.13.8, 6.14.5, 6.15.1, 6.15.3, 6.15.6, 6.16.4, 6.17.2, 6.19.1, 6.2.2, 6.3.11, 6.3.4, 6.3.8, 6.4.11, 6.4.2, 6.4.5, 6.4.6, 6.7.10, 6.8.1, 6.8.6, 6.9.7, 7.17.13, 7.17.6, 7.19.4, 7.19.6, 7.19.7, 7.2.1, 7.24.4, 7.3.1, 8.10.9, 8.11.10, 8.15.1, 8.23.1, 8.24.10, 8.24.14, 8.24.8, 8.27.9, 8.36.8, 8.37.1, 8.39.4, 8.48.2, 8.5.4, 8.53.3, 8.7.6, 8.9.3, 9.12.1, 9.14.2, 9.25.1, 9.26.3, 9.33.1, 9.33.4, 9.36.2, 9.37.4, 9.37.5, 9.38.5, 9.40.1, 9.41.2, 9.5.10, 9.7.5<br><strong>Pleiades</strong>: <a href="https://pleiades.stoa.org/places/540726" target="_blank">https://pleiades.stoa.org/places/540726</a><br><strong>ToposText</strong>: <a href="https://topostext.org/place/385225SDel" target="_blank">https://topostext.org/place/385225SDel</a>]]></description>
        <Point><coordinates>22.50151,38.48254</coordinates></Point>
      </Placemark>

      <Placemark>
        <name>Sanctuary of Pythian Apollo at Delphi</name>
        <description><![CDATA[<strong>name</strong>: Sanctuary of Pythian Apollo at Delphi<br><strong>region</strong>: Phokis Bk10<br><strong>part of</strong>: Delphi (polis)<br><strong>altname</strong>: Pytho: distinct from the polis of the Delphians<br><strong>Wikidata</strong>: <a href="https://wikidata.org/wiki/Q125925203" target="_blank">https://wikidata.org/wiki/Q125925203</a><br><strong>type</strong>: hieron<br><strong>passages</strong>: 1.11.1, 1.20.7, 1.22.8, 1.26.3, 1.3.4, 1.37.6, 1.4.4, 1.41.1, 1.43.3, 1.43.7, 1.43.8, 1.9.3, 10.1.1, 10.1.10, 10.1.4, 10.10.2, 10.11.1, 10.11.2, 10.12.5, 10.13.1, 10.13.10, 10.13.6, 10.13.8, 10.14.5, 10.15.5, 10.15.6, 10.16.5, 10.16.7, 10.16.8, 10.17.2, 10.18.1, 10.18.2, 10.18.5, 10.18.7, 10.19.3, 10.19.5, 10.2.2, 10.2.3, 10.22.12, 10.23.1, 10.23.11, 10.23.2, 10.23.3, 10.24.1, 10.24.5, 10.3.3, 10.3.4, 10.32.1, 10.33.3, 10.34.1, 10.34.2, 10.35.8, 10.36.3, 10.36.6, 10.5.5, 10.5.7, 10.6.5, 10.6.6, 10.7.1, 10.7.3, 10.8.1, 10.8.2, 10.8.3, 10.8.6, 10.9.1, 10.9.12, 10.9.2, 10.9.4, 10.9.6, 2.22.8, 2.24.1, 2.26.7, 2.29.7, 2.33.2, 3.1.6, 3.10.3, 3.10.4, 3.11.8, 3.13.8, 3.17.1, 3.17.9, 3.19.12, 3.3.6, 3.4.3, 3.4.4, 3.8.10, 3.8.2, 3.8.9, 4.12.1, 4.12.7, 4.12.8, 4.15.6, 4.16.6, 4.17.4, 4.20.1, 4.24.1, 4.32.3, 4.32.5, 4.34.9, 4.5.4, 4.9.3, 5.13.5, 5.18.8, 5.21.5, 5.21.7, 5.27.1, 5.27.10, 5.27.9, 5.3.1, 5.4.3, 5.4.6, 5.7.3, 6.1.8, 6.11.5, 6.11.7, 6.12.8, 6.13.8, 6.14.5, 6.15.1, 6.15.3, 6.15.6, 6.16.4, 6.17.2, 6.19.1, 6.2.2, 6.3.11, 6.3.4, 6.3.8, 6.4.11, 6.4.2, 6.4.5, 6.4.6, 6.7.10, 6.8.1, 6.8.6, 6.9.7, 7.17.13, 7.17.6, 7.19.4, 7.19.6, 7.19.7, 7.2.1, 7.24.4, 7.3.1, 8.10.9, 8.11.10, 8.15.1, 8.23.1, 8.24.10, 8.24.14, 8.24.8, 8.27.9, 8.36.8, 8.37.1, 8.39.4, 8.48.2, 8.5.4, 8.53.3, 8.7.6, 8.9.3, 9.12.1, 9.14.2, 9.25.1, 9.26.3, 9.33.1, 9.33.4, 9.36.2, 9.37.4, 9.37.5, 9.38.5, 9.40.1, 9.41.2, 9.5.10, 9.7.5<br><strong>Pleiades</strong>: <a href="https://pleiades.stoa.org/places/540726" target="_blank">https://pleiades.stoa.org/places/540726</a><br><strong>ToposText</strong>: <a href="https://topostext.org/place/385225SDel" target="_blank">https://topostext.org/place/385225SDel</a>]]></description>
        <Point><coordinates>22.50151,38.48254</coordinates></Point>
      </Placemark>

      <Placemark>
        <name>Sanctuary of Pythian Apollo at Delphi</name>
        <description><![CDATA[<strong>name</strong>: Sanctuary of Pythian Apollo at Delphi<br><strong>region</strong>: Phokis Bk10<br><strong>part of</strong>: Delphi (polis)<br><strong>altname</strong>: Pytho: distinct from the polis of the Delphians<br><strong>Wikidata</strong>: <a href="https://wikidata.org/wiki/Q125925203" target="_blank">https://wikidata.org/wiki/Q125925203</a><br><strong>type</strong>: hieron<br><strong>passages</strong>: 1.11.1, 1.20.7, 1.22.8, 1.26.3, 1.3.4, 1.37.6, 1.4.4, 1.41.1, 1.43.3, 1.43.7, 1.43.8, 1.9.3, 10.1.1, 10.1.10, 10.1.4, 10.10.2, 10.11.1, 10.11.2, 10.12.5, 10.13.1, 10.13.10, 10.13.6, 10.13.8, 10.14.5, 10.15.5, 10.15.6, 10.16.5, 10.16.7, 10.16.8, 10.17.2, 10.18.1, 10.18.2, 10.18.5, 10.18.7, 10.19.3, 10.19.5, 10.2.2, 10.2.3, 10.22.12, 10.23.1, 10.23.11, 10.23.2, 10.23.3, 10.24.1, 10.24.5, 10.3.3, 10.3.4, 10.32.1, 10.33.3, 10.34.1, 10.34.2, 10.35.8, 10.36.3, 10.36.6, 10.5.5, 10.5.7, 10.6.5, 10.6.6, 10.7.1, 10.7.3, 10.8.1, 10.8.2, 10.8.3, 10.8.6, 10.9.1, 10.9.12, 10.9.2, 10.9.4, 10.9.6, 2.22.8, 2.24.1, 2.26.7, 2.29.7, 2.33.2, 3.1.6, 3.10.3, 3.10.4, 3.11.8, 3.13.8, 3.17.1, 3.17.9, 3.19.12, 3.3.6, 3.4.3, 3.4.4, 3.8.10, 3.8.2, 3.8.9, 4.12.1, 4.12.7, 4.12.8, 4.15.6, 4.16.6, 4.17.4, 4.20.1, 4.24.1, 4.32.3, 4.32.5, 4.34.9, 4.5.4, 4.9.3, 5.13.5, 5.18.8, 5.21.5, 5.21.7, 5.27.1, 5.27.10, 5.27.9, 5.3.1, 5.4.3, 5.4.6, 5.7.3, 6.1.8, 6.11.5, 6.11.7, 6.12.8, 6.13.8, 6.14.5, 6.15.1, 6.15.3, 6.15.6, 6.16.4, 6.17.2, 6.19.1, 6.2.2, 6.3.11, 6.3.4, 6.3.8, 6.4.11, 6.4.2, 6.4.5, 6.4.6, 6.7.10, 6.8.1, 6.8.6, 6.9.7, 7.17.13, 7.17.6, 7.19.4, 7.19.6, 7.19.7, 7.2.1, 7.24.4, 7.3.1, 8.10.9, 8.11.10, 8.15.1, 8.23.1, 8.24.10, 8.24.14, 8.24.8, 8.27.9, 8.36.8, 8.37.1, 8.39.4, 8.48.2, 8.5.4, 8.53.3, 8.7.6, 8.9.3, 9.12.1, 9.14.2, 9.25.1, 9.26.3, 9.33.1, 9.33.4, 9.36.2, 9.37.4, 9.37.5, 9.38.5, 9.40.1, 9.41.2, 9.5.10, 9.7.5<br><strong>Pleiades</strong>: <a href="https://pleiades.stoa.org/places/540726" target="_blank">https://pleiades.stoa.org/places/540726</a><br><strong>ToposText</strong>: <a href="https://topostext.org/place/385225SDel" target="_blank">https://topostext.org/place/385225SDel</a>]]></description>
        <Point><coordinates>22.50151,38.48254</coordinates></Point>
      </Placemark>

      <Placemark>
        <name>Temple in sanctuary of Lykourgos in Sparta</name>
        <description><![CDATA[<strong>name</strong>: Temple in sanctuary of Lykourgos in Sparta<br><strong>region</strong>: Lakonia Bk3<br><strong>part of</strong>: Sanctuary of Lykourgos in Sparta<br><strong>location</strong>: Sanctuary of Lykourgos in Sparta<br><strong>Wikidata</strong>: <a href="https://wikidata.org/wiki/Q124616505" target="_blank">https://wikidata.org/wiki/Q124616505</a><br><strong>type</strong>: temple<br><strong>passages</strong>: 3.16.6]]></description>
        <Point><coordinates>22.4237,37.0821</coordinates></Point>
      </Placemark>

      <Placemark>
        <name>Archive of the Bidiaians near agora of Sparta</name>
        <description><![CDATA[<strong>name</strong>: Archive of the Bidiaians near agora of Sparta<br><strong>region</strong>: Lakonia Bk3<br><strong>part of</strong>: Agora of Sparta<br><strong>location</strong>: Agora of Sparta<br><strong>type</strong>: building<br><strong>passages</strong>: 3.12.4]]></description>
        <Point><coordinates>22.42659,37.08188</coordinates></Point>
      </Placemark>

      <Placemark>
        <name>Temple of Athena on acropolis of Gythion</name>
        <description><![CDATA[<strong>name</strong>: Temple of Athena on acropolis of Gythion<br><strong>region</strong>: Lakonia Bk3<br><strong>part of</strong>: Acropolis of Gythion<br><strong>location</strong>: Acropolis of Gythion<br><strong>Wikidata</strong>: <a href="https://wikidata.org/wiki/Q124616515" target="_blank">https://wikidata.org/wiki/Q124616515</a><br><strong>type</strong>: temple<br><strong>passages</strong>: 3.21.9]]></description>
        <Point><coordinates>22.562341,36.763663</coordinates></Point>
      </Placemark>

      <Placemark>
        <name>Temple of Diktynne Artemis on promontory near Las</name>
        <description><![CDATA[<strong>name</strong>: Temple of Diktynne Artemis on promontory near Las<br><strong>region</strong>: Lakonia Bk3<br><strong>part of</strong>: Las polis<br><strong>location</strong>: Las polis<br><strong>Wikidata</strong>: <a href="https://wikidata.org/wiki/Q124616404" target="_blank">https://wikidata.org/wiki/Q124616404</a><br><strong>type</strong>: temple<br><strong>passages</strong>: 3.24.9]]></description>
        <Point><coordinates>22.5047,36.7279</coordinates></Point>
      </Placemark>

      <Placemark>
        <name>Pontus Euxinus</name>
        <description><![CDATA[<strong>name</strong>: Pontus Euxinus<br><strong>region</strong>: Asia (continent)<br><strong>part of</strong>: Asia (continent)<br><strong>Wikidata</strong>: <a href="https://wikidata.org/wiki/Q621672" target="_blank">https://wikidata.org/wiki/Q621672</a><br><strong>type</strong>: chora/region<br><strong>passages</strong>: 1.20.4, 10.34.4, 3.19.11, 5.26.7, 8.27.6<br><strong>Pleiades</strong>: <a href="https://pleiades.stoa.org/places/1224" target="_blank">https://pleiades.stoa.org/places/1224</a>]]></description>
        <Point><coordinates>34.7425505,43.0786852</coordinates></Point>
      </Placemark>

      <Placemark>
        <name>Cave of Pholus the centaur</name>
        <description><![CDATA[<strong>name</strong>: Cave of Pholus the centaur<br><strong>region</strong>: Eleia Bk5 Bk6<br><strong>part of</strong>: Pholoe Mt. (Eleia)<br><strong>location</strong>: Pholoe Mt. (Eleia)<br><strong>type</strong>: cave, mythical place<br><strong>passages</strong>: 3.18.10]]></description>
        <Point><coordinates>21.657,37.671</coordinates></Point>
      </Placemark>

      <Placemark>
        <name>Taurike Chersonesos</name>
        <description><![CDATA[<strong>name</strong>: Taurike Chersonesos<br><strong>region</strong>: Pontus Euxinus<br><strong>part of</strong>: Pontus Euxinus<br><strong>Wikidata</strong>: <a href="https://wikidata.org/wiki/Q7835" target="_blank">https://wikidata.org/wiki/Q7835</a><br><strong>type</strong>: chora/region<br><strong>passages</strong>: 3.16.11, 3.16.7<br><strong>Pleiades</strong>: <a href="https://pleiades.stoa.org/places/226778" target="_blank">https://pleiades.stoa.org/places/226778</a>]]></description>
        <Point><coordinates>34.27150174,44.88344182</coordinates></Point>
      </Placemark>

      <Placemark>
        <name>Taurike Chersonesos</name>
        <description><![CDATA[<strong>name</strong>: Taurike Chersonesos<br><strong>region</strong>: Pontus Euxinus<br><strong>part of</strong>: Pontus Euxinus<br><strong>Wikidata</strong>: <a href="https://wikidata.org/wiki/Q7835" target="_blank">https://wikidata.org/wiki/Q7835</a><br><strong>type</strong>: chora/region<br><strong>passages</strong>: 3.16.11, 3.16.7<br><strong>Pleiades</strong>: <a href="https://pleiades.stoa.org/places/226778" target="_blank">https://pleiades.stoa.org/places/226778</a>]]></description>
        <Point><coordinates>34.27150174,44.88344182</coordinates></Point>
      </Placemark>

      <Placemark>
        <name>Platanista grove (Lakonia)</name>
        <description><![CDATA[<strong>name</strong>: Platanista grove (Lakonia)<br><strong>region</strong>: Lakonia Bk3<br><strong>part of</strong>: Lakonia Bk3<br><strong>Wikidata</strong>: <a href="https://wikidata.org/wiki/Q3391805" target="_blank">https://wikidata.org/wiki/Q3391805</a><br><strong>type</strong>: grove<br><strong>passages</strong>: 3.11.2, 3.14.10, 3.14.8, 3.15.1, 3.20.8<br><strong>ToposText</strong>: <a href="https://topostext.org/place/371224SPla" target="_blank">https://topostext.org/place/371224SPla</a>]]></description>
        <Point><coordinates>22.4191,37.0841</coordinates></Point>
      </Placemark>

      <Placemark>
        <name>Platanista grove (Lakonia)</name>
        <description><![CDATA[<strong>name</strong>: Platanista grove (Lakonia)<br><strong>region</strong>: Lakonia Bk3<br><strong>part of</strong>: Lakonia Bk3<br><strong>Wikidata</strong>: <a href="https://wikidata.org/wiki/Q3391805" target="_blank">https://wikidata.org/wiki/Q3391805</a><br><strong>type</strong>: grove<br><strong>passages</strong>: 3.11.2, 3.14.10, 3.14.8, 3.15.1, 3.20.8<br><strong>ToposText</strong>: <a href="https://topostext.org/place/371224SPla" target="_blank">https://topostext.org/place/371224SPla</a>]]></description>
        <Point><coordinates>22.4191,37.0841</coordinates></Point>
      </Placemark>

      <Placemark>
        <name>Platanista grove (Lakonia)</name>
        <description><![CDATA[<strong>name</strong>: Platanista grove (Lakonia)<br><strong>region</strong>: Lakonia Bk3<br><strong>part of</strong>: Lakonia Bk3<br><strong>Wikidata</strong>: <a href="https://wikidata.org/wiki/Q3391805" target="_blank">https://wikidata.org/wiki/Q3391805</a><br><strong>type</strong>: grove<br><strong>passages</strong>: 3.11.2, 3.14.10, 3.14.8, 3.15.1, 3.20.8<br><strong>ToposText</strong>: <a href="https://topostext.org/place/371224SPla" target="_blank">https://topostext.org/place/371224SPla</a>]]></description>
        <Point><coordinates>22.4191,37.0841</coordinates></Point>
      </Placemark>

      <Placemark>
        <name>Platanista grove (Lakonia)</name>
        <description><![CDATA[<strong>name</strong>: Platanista grove (Lakonia)<br><strong>region</strong>: Lakonia Bk3<br><strong>part of</strong>: Lakonia Bk3<br><strong>Wikidata</strong>: <a href="https://wikidata.org/wiki/Q3391805" target="_blank">https://wikidata.org/wiki/Q3391805</a><br><strong>type</strong>: grove<br><strong>passages</strong>: 3.11.2, 3.14.10, 3.14.8, 3.15.1, 3.20.8<br><strong>ToposText</strong>: <a href="https://topostext.org/place/371224SPla" target="_blank">https://topostext.org/place/371224SPla</a>]]></description>
        <Point><coordinates>22.4191,37.0841</coordinates></Point>
      </Placemark>

      <Placemark>
        <name>Platanista grove (Lakonia)</name>
        <description><![CDATA[<strong>name</strong>: Platanista grove (Lakonia)<br><strong>region</strong>: Lakonia Bk3<br><strong>part of</strong>: Lakonia Bk3<br><strong>Wikidata</strong>: <a href="https://wikidata.org/wiki/Q3391805" target="_blank">https://wikidata.org/wiki/Q3391805</a><br><strong>type</strong>: grove<br><strong>passages</strong>: 3.11.2, 3.14.10, 3.14.8, 3.15.1, 3.20.8<br><strong>ToposText</strong>: <a href="https://topostext.org/place/371224SPla" target="_blank">https://topostext.org/place/371224SPla</a>]]></description>
        <Point><coordinates>22.4191,37.0841</coordinates></Point>
      </Placemark>

      <Placemark>
        <name>Sanctuary of Asklepios and Artemis Daphnaia at Hypsoi</name>
        <description><![CDATA[<strong>name</strong>: Sanctuary of Asklepios and Artemis Daphnaia at Hypsoi<br><strong>region</strong>: Lakonia Bk3<br><strong>part of</strong>: Hypsoi unlocated site on Spartan SW border<br><strong>location</strong>: Hypsoi unlocated site on Spartan SW border<br><strong>Wikidata</strong>: <a href="https://wikidata.org/wiki/Q134037238" target="_blank">https://wikidata.org/wiki/Q134037238</a><br><strong>type</strong>: hieron<br><strong>passages</strong>: 3.24.8]]></description>
        <Point><coordinates>22.438,36.726</coordinates></Point>
      </Placemark>

      <Placemark>
        <name>Sanctuary of Eileithyia near Orthia sanctuary in Sparta</name>
        <description><![CDATA[<strong>name</strong>: Sanctuary of Eileithyia near Orthia sanctuary in Sparta<br><strong>region</strong>: Lakonia Bk3<br><strong>part of</strong>: Sparta<br><strong>location</strong>: Sparta<br><strong>Wikidata</strong>: <a href="https://wikidata.org/wiki/Q124616460" target="_blank">https://wikidata.org/wiki/Q124616460</a><br><strong>type</strong>: hieron<br><strong>passages</strong>: 3.17.1]]></description>
        <Point><coordinates>22.4237,37.0821</coordinates></Point>
      </Placemark>

      <Placemark>
        <name>Heroon of Astrabakos at Sanctuary of Lykourgos in Sparta</name>
        <description><![CDATA[<strong>name</strong>: Heroon of Astrabakos at Sanctuary of Lykourgos in Sparta<br><strong>region</strong>: Lakonia Bk3<br><strong>part of</strong>: Sanctuary of Lykourgos in Sparta<br><strong>location</strong>: Sanctuary of Lykourgos in Sparta<br><strong>Wikidata</strong>: <a href="https://wikidata.org/wiki/Q124616579" target="_blank">https://wikidata.org/wiki/Q124616579</a><br><strong>type</strong>: heroon<br><strong>passages</strong>: 3.16.6]]></description>
        <Point><coordinates>22.4237,37.0821</coordinates></Point>
      </Placemark>

      <Placemark>
        <name>Achaia Bk7</name>
        <description><![CDATA[<strong>name</strong>: Achaia Bk7<br><strong>region</strong>: <br><strong>part of</strong>: Peloponnesos<br><strong>altname</strong>: Achaea<br><strong>Wikidata</strong>: <a href="https://wikidata.org/wiki/Q2790451" target="_blank">https://wikidata.org/wiki/Q2790451</a><br><strong>type</strong>: chora/region<br><strong>passages</strong>: 2.18.8, 2.5.6, 3.2.1, 5.1.1, 5.24.4, 5.9.1, 6.26.10, 7.1.1, 7.1.3, 7.1.4, 7.27.12, 7.7.2, 8.1.2, 8.15.8, 8.27.14<br><strong>Pleiades</strong>: <a href="https://pleiades.stoa.org/places/570028" target="_blank">https://pleiades.stoa.org/places/570028</a><br><strong>ToposText</strong>: <a href="https://topostext.org/place/382219RAch" target="_blank">https://topostext.org/place/382219RAch</a>]]></description>
        <Point><coordinates>21.9,38.2</coordinates></Point>
      </Placemark>

      <Placemark>
        <name>Las polis</name>
        <description><![CDATA[<strong>name</strong>: Las polis<br><strong>region</strong>: Lakonia Bk3<br><strong>part of</strong>: Lakonia Bk3<br><strong>altname</strong>: La in Lakonia<br><strong>Wikidata</strong>: <a href="https://wikidata.org/wiki/Q7142558" target="_blank">https://wikidata.org/wiki/Q7142558</a><br><strong>type</strong>: polis<br><strong>passages</strong>: 3.21.7, 3.24.6, 3.24.7, 3.24.9<br><strong>Pleiades</strong>: <a href="https://pleiades.stoa.org/places/570417" target="_blank">https://pleiades.stoa.org/places/570417</a>]]></description>
        <Point><coordinates>22.5047,36.7279</coordinates></Point>
      </Placemark>

      <Placemark>
        <name>Las polis</name>
        <description><![CDATA[<strong>name</strong>: Las polis<br><strong>region</strong>: Lakonia Bk3<br><strong>part of</strong>: Lakonia Bk3<br><strong>altname</strong>: La in Lakonia<br><strong>Wikidata</strong>: <a href="https://wikidata.org/wiki/Q7142558" target="_blank">https://wikidata.org/wiki/Q7142558</a><br><strong>type</strong>: polis<br><strong>passages</strong>: 3.21.7, 3.24.6, 3.24.7, 3.24.9<br><strong>Pleiades</strong>: <a href="https://pleiades.stoa.org/places/570417" target="_blank">https://pleiades.stoa.org/places/570417</a>]]></description>
        <Point><coordinates>22.5047,36.7279</coordinates></Point>
      </Placemark>

      <Placemark>
        <name>Las polis</name>
        <description><![CDATA[<strong>name</strong>: Las polis<br><strong>region</strong>: Lakonia Bk3<br><strong>part of</strong>: Lakonia Bk3<br><strong>altname</strong>: La in Lakonia<br><strong>Wikidata</strong>: <a href="https://wikidata.org/wiki/Q7142558" target="_blank">https://wikidata.org/wiki/Q7142558</a><br><strong>type</strong>: polis<br><strong>passages</strong>: 3.21.7, 3.24.6, 3.24.7, 3.24.9<br><strong>Pleiades</strong>: <a href="https://pleiades.stoa.org/places/570417" target="_blank">https://pleiades.stoa.org/places/570417</a>]]></description>
        <Point><coordinates>22.5047,36.7279</coordinates></Point>
      </Placemark>

      <Placemark>
        <name>Las polis</name>
        <description><![CDATA[<strong>name</strong>: Las polis<br><strong>region</strong>: Lakonia Bk3<br><strong>part of</strong>: Lakonia Bk3<br><strong>altname</strong>: La in Lakonia<br><strong>Wikidata</strong>: <a href="https://wikidata.org/wiki/Q7142558" target="_blank">https://wikidata.org/wiki/Q7142558</a><br><strong>type</strong>: polis<br><strong>passages</strong>: 3.21.7, 3.24.6, 3.24.7, 3.24.9<br><strong>Pleiades</strong>: <a href="https://pleiades.stoa.org/places/570417" target="_blank">https://pleiades.stoa.org/places/570417</a>]]></description>
        <Point><coordinates>22.5047,36.7279</coordinates></Point>
      </Placemark>

      <Placemark>
        <name>Altar in sanctuary of Lykourgos in Sparta</name>
        <description><![CDATA[<strong>name</strong>: Altar in sanctuary of Lykourgos in Sparta<br><strong>region</strong>: Lakonia Bk3<br><strong>part of</strong>: Sanctuary of Lykourgos in Sparta<br><strong>location</strong>: Sanctuary of Lykourgos in Sparta<br><strong>Wikidata</strong>: <a href="https://wikidata.org/wiki/Q124616539" target="_blank">https://wikidata.org/wiki/Q124616539</a><br><strong>type</strong>: altar<br><strong>passages</strong>: 3.16.6]]></description>
        <Point><coordinates>22.4237,37.0821</coordinates></Point>
      </Placemark>

      <Placemark>
        <name>Epidelion (Lakonia)</name>
        <description><![CDATA[<strong>name</strong>: Epidelion (Lakonia)<br><strong>region</strong>: Lakonia Bk3<br><strong>part of</strong>: Lakonia Bk3<br><strong>Wikidata</strong>: <a href="https://wikidata.org/wiki/Q60792070" target="_blank">https://wikidata.org/wiki/Q60792070</a><br><strong>type</strong>: hieron<br><strong>passages</strong>: 3.23.2, 3.23.4, 3.23.6<br><strong>ToposText</strong>: <a href="https://topostext.org/place/368233UEpi" target="_blank">https://topostext.org/place/368233UEpi</a>]]></description>
        <Point><coordinates>23.03,36.64</coordinates></Point>
      </Placemark>

      <Placemark>
        <name>Epidelion (Lakonia)</name>
        <description><![CDATA[<strong>name</strong>: Epidelion (Lakonia)<br><strong>region</strong>: Lakonia Bk3<br><strong>part of</strong>: Lakonia Bk3<br><strong>Wikidata</strong>: <a href="https://wikidata.org/wiki/Q60792070" target="_blank">https://wikidata.org/wiki/Q60792070</a><br><strong>type</strong>: hieron<br><strong>passages</strong>: 3.23.2, 3.23.4, 3.23.6<br><strong>ToposText</strong>: <a href="https://topostext.org/place/368233UEpi" target="_blank">https://topostext.org/place/368233UEpi</a>]]></description>
        <Point><coordinates>23.03,36.64</coordinates></Point>
      </Placemark>

      <Placemark>
        <name>Epidelion (Lakonia)</name>
        <description><![CDATA[<strong>name</strong>: Epidelion (Lakonia)<br><strong>region</strong>: Lakonia Bk3<br><strong>part of</strong>: Lakonia Bk3<br><strong>Wikidata</strong>: <a href="https://wikidata.org/wiki/Q60792070" target="_blank">https://wikidata.org/wiki/Q60792070</a><br><strong>type</strong>: hieron<br><strong>passages</strong>: 3.23.2, 3.23.4, 3.23.6<br><strong>ToposText</strong>: <a href="https://topostext.org/place/368233UEpi" target="_blank">https://topostext.org/place/368233UEpi</a>]]></description>
        <Point><coordinates>23.03,36.64</coordinates></Point>
      </Placemark>

      <Placemark>
        <name>Patrae</name>
        <description><![CDATA[<strong>name</strong>: Patrae<br><strong>region</strong>: Achaia Bk7<br><strong>part of</strong>: Achaia Bk7<br><strong>altname</strong>: Patras, Patrai<br><strong>Wikidata</strong>: <a href="https://wikidata.org/wiki/Q56398976" target="_blank">https://wikidata.org/wiki/Q56398976</a><br><strong>type</strong>: polis<br><strong>passages</strong>: 2.9.2, 3.2.1, 4.31.7, 7.17.5, 7.18.2, 7.18.4, 7.18.5, 7.18.6, 7.18.7, 7.18.8, 7.18.9, 7.19.1, 7.19.8, 7.20.7, 7.21.10, 7.21.13, 7.21.14, 7.21.6, 7.22.1, 7.22.10, 7.22.11, 7.22.6, 7.6.2, 7.6.4, 7.6.5<br><strong>Pleiades</strong>: <a href="https://pleiades.stoa.org/places/570567" target="_blank">https://pleiades.stoa.org/places/570567</a>]]></description>
        <Point><coordinates>21.738518,38.243265</coordinates></Point>
      </Placemark>

      <Placemark>
        <name>Heroon of Alkimos in Sparta</name>
        <description><![CDATA[<strong>name</strong>: Heroon of Alkimos in Sparta<br><strong>region</strong>: Lakonia Bk3<br><strong>part of</strong>: Platanista grove (Lakonia)<br><strong>location</strong>: Platanista grove (Lakonia)<br><strong>Wikidata</strong>: <a href="https://wikidata.org/wiki/Q124616560" target="_blank">https://wikidata.org/wiki/Q124616560</a><br><strong>type</strong>: heroon<br><strong>passages</strong>: 3.15.1]]></description>
        <Point><coordinates>22.4191,37.0841</coordinates></Point>
      </Placemark>

      <Placemark>
        <name>Sanctuary of Diktynna in Sparta</name>
        <description><![CDATA[<strong>name</strong>: Sanctuary of Diktynna in Sparta<br><strong>region</strong>: Lakonia Bk3<br><strong>part of</strong>: Sparta<br><strong>location</strong>: Sparta<br><strong>Wikidata</strong>: <a href="https://wikidata.org/wiki/Q124616433" target="_blank">https://wikidata.org/wiki/Q124616433</a><br><strong>type</strong>: hieron<br><strong>passages</strong>: 3.12.8]]></description>
        <Point><coordinates>22.4237,37.0821</coordinates></Point>
      </Placemark>

      <Placemark>
        <name>Malea Pr.</name>
        <description><![CDATA[<strong>name</strong>: Malea Pr.<br><strong>region</strong>: Lakonia Bk3<br><strong>part of</strong>: Lakonia Bk3<br><strong>Wikidata</strong>: <a href="https://wikidata.org/wiki/Q1471621" target="_blank">https://wikidata.org/wiki/Q1471621</a><br><strong>type</strong>: cape<br><strong>passages</strong>: 3.23.2, 3.25.2<br><strong>Pleiades</strong>: <a href="https://pleiades.stoa.org/places/570455" target="_blank">https://pleiades.stoa.org/places/570455</a>]]></description>
        <Point><coordinates>23.19975,36.43603</coordinates></Point>
      </Placemark>

      <Placemark>
        <name>Malea Pr.</name>
        <description><![CDATA[<strong>name</strong>: Malea Pr.<br><strong>region</strong>: Lakonia Bk3<br><strong>part of</strong>: Lakonia Bk3<br><strong>Wikidata</strong>: <a href="https://wikidata.org/wiki/Q1471621" target="_blank">https://wikidata.org/wiki/Q1471621</a><br><strong>type</strong>: cape<br><strong>passages</strong>: 3.23.2, 3.25.2<br><strong>Pleiades</strong>: <a href="https://pleiades.stoa.org/places/570455" target="_blank">https://pleiades.stoa.org/places/570455</a>]]></description>
        <Point><coordinates>23.19975,36.43603</coordinates></Point>
      </Placemark>

      <Placemark>
        <name>Heroon of Amphilochus at Sparta</name>
        <description><![CDATA[<strong>name</strong>: Heroon of Amphilochus at Sparta<br><strong>region</strong>: Lakonia Bk3<br><strong>part of</strong>: Sparta<br><strong>location</strong>: Sparta<br><strong>Wikidata</strong>: <a href="https://wikidata.org/wiki/Q124616571" target="_blank">https://wikidata.org/wiki/Q124616571</a><br><strong>type</strong>: heroon<br><strong>passages</strong>: 3.15.8]]></description>
        <Point><coordinates>22.4237,37.0821</coordinates></Point>
      </Placemark>

      <Placemark>
        <name>Sanctuary of Dionysos at Alagonia</name>
        <description><![CDATA[<strong>name</strong>: Sanctuary of Dionysos at Alagonia<br><strong>region</strong>: Lakonia Bk3<br><strong>part of</strong>: Alagonia (Messenia)<br><strong>location</strong>: Alagonia (Messenia)<br><strong>Wikidata</strong>: <a href="https://wikidata.org/wiki/Q124616484" target="_blank">https://wikidata.org/wiki/Q124616484</a><br><strong>type</strong>: hieron<br><strong>passages</strong>: 3.26.11]]></description>
        <Point><coordinates>22.2612,36.9556</coordinates></Point>
      </Placemark>

      <Placemark>
        <name>South Stoa on Sparta acropolis</name>
        <description><![CDATA[<strong>name</strong>: South Stoa on Sparta acropolis<br><strong>region</strong>: Lakonia Bk3<br><strong>part of</strong>: Acropolis of Sparta<br><strong>location</strong>: Acropolis of Sparta<br><strong>Wikidata</strong>: <a href="https://wikidata.org/wiki/Q124616419" target="_blank">https://wikidata.org/wiki/Q124616419</a><br><strong>type</strong>: stoa<br><strong>passages</strong>: 3.17.4]]></description>
        <Point><coordinates>22.4237,37.0821</coordinates></Point>
      </Placemark>

      <Placemark>
        <name>Hermione</name>
        <description><![CDATA[<strong>name</strong>: Hermione<br><strong>region</strong>: Hermionis Bk2<br><strong>part of</strong>: Hermionis Bk2<br><strong>altname</strong>: Hermion<br><strong>Wikidata</strong>: <a href="https://wikidata.org/wiki/Q58401924" target="_blank">https://wikidata.org/wiki/Q58401924</a><br><strong>type</strong>: polis<br><strong>passages</strong>: 2.32.7, 2.34.11, 2.34.12, 2.34.4, 2.34.5, 2.34.6, 2.34.8, 2.35.4, 2.35.9, 3.14.5, 4.34.9, 5.23.2, 8.1.1<br><strong>Pleiades</strong>: <a href="https://pleiades.stoa.org/places/570292" target="_blank">https://pleiades.stoa.org/places/570292</a>]]></description>
        <Point><coordinates>23.243591,37.385218</coordinates></Point>
      </Placemark>

      <Placemark>
        <name>Phoibaion (Sparta)</name>
        <description><![CDATA[<strong>name</strong>: Phoibaion (Sparta)<br><strong>region</strong>: Lakonia Bk3<br><strong>part of</strong>: Sparta<br><strong>Wikidata</strong>: <a href="https://wikidata.org/wiki/Q124615381" target="_blank">https://wikidata.org/wiki/Q124615381</a><br><strong>type</strong>: hieron<br><strong>passages</strong>: 3.14.10, 3.14.9, 3.20.2<br><strong>ToposText</strong>: <a href="https://topostext.org/place/371224SPho" target="_blank">https://topostext.org/place/371224SPho</a>]]></description>
        <Point><coordinates>22.44165,37.069</coordinates></Point>
      </Placemark>

      <Placemark>
        <name>Phoibaion (Sparta)</name>
        <description><![CDATA[<strong>name</strong>: Phoibaion (Sparta)<br><strong>region</strong>: Lakonia Bk3<br><strong>part of</strong>: Sparta<br><strong>Wikidata</strong>: <a href="https://wikidata.org/wiki/Q124615381" target="_blank">https://wikidata.org/wiki/Q124615381</a><br><strong>type</strong>: hieron<br><strong>passages</strong>: 3.14.10, 3.14.9, 3.20.2<br><strong>ToposText</strong>: <a href="https://topostext.org/place/371224SPho" target="_blank">https://topostext.org/place/371224SPho</a>]]></description>
        <Point><coordinates>22.44165,37.069</coordinates></Point>
      </Placemark>

      <Placemark>
        <name>Phoibaion (Sparta)</name>
        <description><![CDATA[<strong>name</strong>: Phoibaion (Sparta)<br><strong>region</strong>: Lakonia Bk3<br><strong>part of</strong>: Sparta<br><strong>Wikidata</strong>: <a href="https://wikidata.org/wiki/Q124615381" target="_blank">https://wikidata.org/wiki/Q124615381</a><br><strong>type</strong>: hieron<br><strong>passages</strong>: 3.14.10, 3.14.9, 3.20.2<br><strong>ToposText</strong>: <a href="https://topostext.org/place/371224SPho" target="_blank">https://topostext.org/place/371224SPho</a>]]></description>
        <Point><coordinates>22.44165,37.069</coordinates></Point>
      </Placemark>

      <Placemark>
        <name>Dromos (race course) of Sparta near tombs of Agiads</name>
        <description><![CDATA[<strong>name</strong>: Dromos (race course) of Sparta near tombs of Agiads<br><strong>region</strong>: Lakonia Bk3<br><strong>part of</strong>: Sparta<br><strong>location</strong>: Sparta<br><strong>Wikidata</strong>: <a href="https://wikidata.org/wiki/Q124616533" target="_blank">https://wikidata.org/wiki/Q124616533</a><br><strong>type</strong>: stadium<br><strong>passages</strong>: 3.14.6]]></description>
        <Point><coordinates>22.4237,37.0821</coordinates></Point>
      </Placemark>

      <Placemark>
        <name>Akriai (Lakonia)</name>
        <description><![CDATA[<strong>name</strong>: Akriai (Lakonia)<br><strong>region</strong>: Lakonia Bk3<br><strong>part of</strong>: Lakonia Bk3<br><strong>altname</strong>: on the sea<br><strong>Wikidata</strong>: <a href="https://wikidata.org/wiki/Q25858222" target="_blank">https://wikidata.org/wiki/Q25858222</a><br><strong>type</strong>: polis<br><strong>passages</strong>: 3.21.7, 3.22.4, 3.22.6, 3.22.9, 6.21.10<br><strong>Pleiades</strong>: <a href="https://pleiades.stoa.org/places/570058" target="_blank">https://pleiades.stoa.org/places/570058</a><br><strong>ToposText</strong>: <a href="https://topostext.org/place/368228UAkr" target="_blank">https://topostext.org/place/368228UAkr</a>]]></description>
        <Point><coordinates>22.792,36.8</coordinates></Point>
      </Placemark>

      <Placemark>
        <name>Akriai (Lakonia)</name>
        <description><![CDATA[<strong>name</strong>: Akriai (Lakonia)<br><strong>region</strong>: Lakonia Bk3<br><strong>part of</strong>: Lakonia Bk3<br><strong>altname</strong>: on the sea<br><strong>Wikidata</strong>: <a href="https://wikidata.org/wiki/Q25858222" target="_blank">https://wikidata.org/wiki/Q25858222</a><br><strong>type</strong>: polis<br><strong>passages</strong>: 3.21.7, 3.22.4, 3.22.6, 3.22.9, 6.21.10<br><strong>Pleiades</strong>: <a href="https://pleiades.stoa.org/places/570058" target="_blank">https://pleiades.stoa.org/places/570058</a><br><strong>ToposText</strong>: <a href="https://topostext.org/place/368228UAkr" target="_blank">https://topostext.org/place/368228UAkr</a>]]></description>
        <Point><coordinates>22.792,36.8</coordinates></Point>
      </Placemark>

      <Placemark>
        <name>Akriai (Lakonia)</name>
        <description><![CDATA[<strong>name</strong>: Akriai (Lakonia)<br><strong>region</strong>: Lakonia Bk3<br><strong>part of</strong>: Lakonia Bk3<br><strong>altname</strong>: on the sea<br><strong>Wikidata</strong>: <a href="https://wikidata.org/wiki/Q25858222" target="_blank">https://wikidata.org/wiki/Q25858222</a><br><strong>type</strong>: polis<br><strong>passages</strong>: 3.21.7, 3.22.4, 3.22.6, 3.22.9, 6.21.10<br><strong>Pleiades</strong>: <a href="https://pleiades.stoa.org/places/570058" target="_blank">https://pleiades.stoa.org/places/570058</a><br><strong>ToposText</strong>: <a href="https://topostext.org/place/368228UAkr" target="_blank">https://topostext.org/place/368228UAkr</a>]]></description>
        <Point><coordinates>22.792,36.8</coordinates></Point>
      </Placemark>

      <Placemark>
        <name>Akriai (Lakonia)</name>
        <description><![CDATA[<strong>name</strong>: Akriai (Lakonia)<br><strong>region</strong>: Lakonia Bk3<br><strong>part of</strong>: Lakonia Bk3<br><strong>altname</strong>: on the sea<br><strong>Wikidata</strong>: <a href="https://wikidata.org/wiki/Q25858222" target="_blank">https://wikidata.org/wiki/Q25858222</a><br><strong>type</strong>: polis<br><strong>passages</strong>: 3.21.7, 3.22.4, 3.22.6, 3.22.9, 6.21.10<br><strong>Pleiades</strong>: <a href="https://pleiades.stoa.org/places/570058" target="_blank">https://pleiades.stoa.org/places/570058</a><br><strong>ToposText</strong>: <a href="https://topostext.org/place/368228UAkr" target="_blank">https://topostext.org/place/368228UAkr</a>]]></description>
        <Point><coordinates>22.792,36.8</coordinates></Point>
      </Placemark>

      <Placemark>
        <name>Kranae (island)</name>
        <description><![CDATA[<strong>name</strong>: Kranae (island)<br><strong>region</strong>: Lakonia Bk3<br><strong>part of</strong>: Gythion<br><strong>Wikidata</strong>: <a href="https://wikidata.org/wiki/Q5181876" target="_blank">https://wikidata.org/wiki/Q5181876</a><br><strong>type</strong>: island<br><strong>passages</strong>: 3.22.1<br><strong>Pleiades</strong>: <a href="https://pleiades.stoa.org/places/570379" target="_blank">https://pleiades.stoa.org/places/570379</a>]]></description>
        <Point><coordinates>22.57391,36.75398</coordinates></Point>
      </Placemark>

      <Placemark>
        <name>Oeta M.</name>
        <description><![CDATA[<strong>name</strong>: Oeta M.<br><strong>region</strong>: Hellas (Europe)<br><strong>part of</strong>: Phthiotis<br><strong>Wikidata</strong>: <a href="https://wikidata.org/wiki/Q132378" target="_blank">https://wikidata.org/wiki/Q132378</a><br><strong>type</strong>: mountain oros<br><strong>passages</strong>: 1.1.3, 1.4.2, 10.20.1, 10.22.1, 10.22.8, 10.24.1, 2.23.5, 3.4.8, 5.1.2, 7.14.1, 7.15.4<br><strong>Pleiades</strong>: <a href="https://pleiades.stoa.org/places/540968" target="_blank">https://pleiades.stoa.org/places/540968</a>]]></description>
        <Point><coordinates>22.2564576,38.7922475</coordinates></Point>
      </Placemark>

      <Placemark>
        <name>Sanctuary of Zeus Agoraios at Sparta</name>
        <description><![CDATA[<strong>name</strong>: Sanctuary of Zeus Agoraios at Sparta<br><strong>region</strong>: Lakonia Bk3<br><strong>part of</strong>: Agora of Sparta<br><strong>location</strong>: Agora of Sparta<br><strong>Wikidata</strong>: <a href="https://wikidata.org/wiki/Q124616429" target="_blank">https://wikidata.org/wiki/Q124616429</a><br><strong>type</strong>: hieron<br><strong>passages</strong>: 3.11.9]]></description>
        <Point><coordinates>22.42659,37.08188</coordinates></Point>
      </Placemark>

      <Placemark>
        <name>Sanctuary of Athena Kyparissia on the acropolis of Asopos</name>
        <description><![CDATA[<strong>name</strong>: Sanctuary of Athena Kyparissia on the acropolis of Asopos<br><strong>region</strong>: Lakonia Bk3<br><strong>part of</strong>: Asopos (Lakonia)<br><strong>location</strong>: Asopos (Lakonia)<br><strong>Wikidata</strong>: <a href="https://wikidata.org/wiki/Q124616473" target="_blank">https://wikidata.org/wiki/Q124616473</a><br><strong>type</strong>: hieron<br><strong>passages</strong>: 3.22.9]]></description>
        <Point><coordinates>22.8426,36.6845</coordinates></Point>
      </Placemark>

      <Placemark>
        <name>Issorion Artemis shrine (Sparta)</name>
        <description><![CDATA[<strong>name</strong>: Issorion Artemis shrine (Sparta)<br><strong>region</strong>: Lakonia Bk3<br><strong>part of</strong>: Sparta<br><strong>Wikidata</strong>: <a href="https://wikidata.org/wiki/Q134040007" target="_blank">https://wikidata.org/wiki/Q134040007</a><br><strong>type</strong>: hieron<br><strong>passages</strong>: 3.14.2<br><strong>Manto</strong>: <a href="https://resource.manto.unh.edu/10150395" target="_blank">https://resource.manto.unh.edu/10150395</a><br><strong>ToposText</strong>: <a href="https://topostext.org/place/371224SArI" target="_blank">https://topostext.org/place/371224SArI</a>]]></description>
        <Point><coordinates>22.41533,37.0856</coordinates></Point>
      </Placemark>

      <Placemark>
        <name>Hippola</name>
        <description><![CDATA[<strong>name</strong>: Hippola<br><strong>region</strong>: Lakonia Bk3<br><strong>part of</strong>: Lakonia Bk3<br><strong>Wikidata</strong>: <a href="https://wikidata.org/wiki/Q60790133" target="_blank">https://wikidata.org/wiki/Q60790133</a><br><strong>type</strong>: polis<br><strong>passages</strong>: 3.25.9<br><strong>Pleiades</strong>: <a href="https://pleiades.stoa.org/places/570294" target="_blank">https://pleiades.stoa.org/places/570294</a>]]></description>
        <Point><coordinates>22.362287,36.503959</coordinates></Point>
      </Placemark>

      <Placemark>
        <name>Temple of Thetis in sanctuary at Sparta</name>
        <description><![CDATA[<strong>name</strong>: Temple of Thetis in sanctuary at Sparta<br><strong>region</strong>: Lakonia Bk3<br><strong>part of</strong>: Sparta<br><strong>location</strong>: Sparta<br><strong>Wikidata</strong>: <a href="https://wikidata.org/wiki/Q124616502" target="_blank">https://wikidata.org/wiki/Q124616502</a><br><strong>type</strong>: temple<br><strong>passages</strong>: 3.14.4]]></description>
        <Point><coordinates>22.4237,37.0821</coordinates></Point>
      </Placemark>

      <Placemark>
        <name>Pharis</name>
        <description><![CDATA[<strong>name</strong>: Pharis<br><strong>region</strong>: Lakonia Bk3<br><strong>part of</strong>: Lakonia Bk3<br><strong>Wikidata</strong>: <a href="https://wikidata.org/wiki/Q16566337" target="_blank">https://wikidata.org/wiki/Q16566337</a><br><strong>type</strong>: settlement<br><strong>passages</strong>: 3.2.6, 3.20.3, 4.16.8, 4.31.1<br><strong>Pleiades</strong>: <a href="https://pleiades.stoa.org/places/570591" target="_blank">https://pleiades.stoa.org/places/570591</a>]]></description>
        <Point><coordinates>22.2805645,37.029321</coordinates></Point>
      </Placemark>

      <Placemark>
        <name>Pharis</name>
        <description><![CDATA[<strong>name</strong>: Pharis<br><strong>region</strong>: Lakonia Bk3<br><strong>part of</strong>: Lakonia Bk3<br><strong>Wikidata</strong>: <a href="https://wikidata.org/wiki/Q16566337" target="_blank">https://wikidata.org/wiki/Q16566337</a><br><strong>type</strong>: settlement<br><strong>passages</strong>: 3.2.6, 3.20.3, 4.16.8, 4.31.1<br><strong>Pleiades</strong>: <a href="https://pleiades.stoa.org/places/570591" target="_blank">https://pleiades.stoa.org/places/570591</a>]]></description>
        <Point><coordinates>22.2805645,37.029321</coordinates></Point>
      </Placemark>

      <Placemark>
        <name>Sanctuary of Artemis Brauronia in Attica</name>
        <description><![CDATA[<strong>name</strong>: Sanctuary of Artemis Brauronia in Attica<br><strong>region</strong>: Attica Bk1<br><strong>part of</strong>: Attica Bk1<br><strong>Wikidata</strong>: <a href="https://wikidata.org/wiki/Q475497" target="_blank">https://wikidata.org/wiki/Q475497</a><br><strong>type</strong>: hieron<br><strong>passages</strong>: 1.33.1, 3.16.7, 3.16.8, 8.46.3<br><strong>Pleiades</strong>: <a href="https://pleiades.stoa.org/places/579879" target="_blank">https://pleiades.stoa.org/places/579879</a>]]></description>
        <Point><coordinates>23.9937505,37.926189</coordinates></Point>
      </Placemark>

      <Placemark>
        <name>Sanctuary of Artemis Brauronia in Attica</name>
        <description><![CDATA[<strong>name</strong>: Sanctuary of Artemis Brauronia in Attica<br><strong>region</strong>: Attica Bk1<br><strong>part of</strong>: Attica Bk1<br><strong>Wikidata</strong>: <a href="https://wikidata.org/wiki/Q475497" target="_blank">https://wikidata.org/wiki/Q475497</a><br><strong>type</strong>: hieron<br><strong>passages</strong>: 1.33.1, 3.16.7, 3.16.8, 8.46.3<br><strong>Pleiades</strong>: <a href="https://pleiades.stoa.org/places/579879" target="_blank">https://pleiades.stoa.org/places/579879</a>]]></description>
        <Point><coordinates>23.9937505,37.926189</coordinates></Point>
      </Placemark>

      <Placemark>
        <name>Border of the Boiatai, with sanctuary of Apollo</name>
        <description><![CDATA[<strong>name</strong>: Border of the Boiatai, with sanctuary of Apollo<br><strong>region</strong>: Lakonia Bk3<br><strong>part of</strong>: Boiai (Lakonia)<br><strong>location</strong>: Boiai (Lakonia)<br><strong>Wikidata</strong>: <a href="https://wikidata.org/wiki/Q124616551" target="_blank">https://wikidata.org/wiki/Q124616551</a><br><strong>type</strong>: border<br><strong>passages</strong>: 3.23.2]]></description>
        <Point><coordinates>23.062,36.517</coordinates></Point>
      </Placemark>

      <Placemark>
        <name>Temple of Ares in Geronthrai</name>
        <description><![CDATA[<strong>name</strong>: Temple of Ares in Geronthrai<br><strong>region</strong>: Lakonia Bk3<br><strong>part of</strong>: Geronthrai<br><strong>location</strong>: Geronthrai<br><strong>Wikidata</strong>: <a href="https://wikidata.org/wiki/Q124616520" target="_blank">https://wikidata.org/wiki/Q124616520</a><br><strong>type</strong>: temple<br><strong>passages</strong>: 3.22.6]]></description>
        <Point><coordinates>22.706912,36.992193</coordinates></Point>
      </Placemark>

      <Placemark>
        <name>Harbor of Messa</name>
        <description><![CDATA[<strong>name</strong>: Harbor of Messa<br><strong>region</strong>: Lakonia Bk3<br><strong>part of</strong>: Messa (Lakonia)<br><strong>location</strong>: Messa (Lakonia)<br><strong>Wikidata</strong>: <a href="https://wikidata.org/wiki/Q124616411" target="_blank">https://wikidata.org/wiki/Q124616411</a><br><strong>type</strong>: harbor limen<br><strong>passages</strong>: 3.25.9]]></description>
        <Point><coordinates>22.367,36.541</coordinates></Point>
      </Placemark>

      <Placemark>
        <name>Heroon of Kyniska at Sparta</name>
        <description><![CDATA[<strong>name</strong>: Heroon of Kyniska at Sparta<br><strong>region</strong>: Lakonia Bk3<br><strong>part of</strong>: Sparta<br><strong>location</strong>: Sparta<br><strong>Wikidata</strong>: <a href="https://wikidata.org/wiki/Q124616563" target="_blank">https://wikidata.org/wiki/Q124616563</a><br><strong>type</strong>: heroon<br><strong>passages</strong>: 3.15.1]]></description>
        <Point><coordinates>22.4237,37.0821</coordinates></Point>
      </Placemark>

      <Placemark>
        <name>Thessalia</name>
        <description><![CDATA[<strong>name</strong>: Thessalia<br><strong>region</strong>: Hellas (Europe)<br><strong>part of</strong>: Hellas (Europe)<br><strong>Wikidata</strong>: <a href="https://wikidata.org/wiki/Q1247568" target="_blank">https://wikidata.org/wiki/Q1247568</a><br><strong>type</strong>: chora/region<br><strong>passages</strong>: 1.11.1, 1.29.13, 1.4.1, 1.8.3, 10.22.3, 10.8.4, 2.2.5, 2.23.5, 2.24.1, 2.6.1, 3.20.6, 3.6.1, 3.7.9, 3.9.12, 3.9.13, 4.36.3, 5.1.11, 6.17.9, 6.4.7, 7.1.2, 7.1.3, 7.10.2, 7.15.2, 7.19.7, 7.6.5, 8.27.10, 8.6.2, 9.15.1, 9.40.5, 9.8.6<br><strong>Pleiades</strong>: <a href="https://pleiades.stoa.org/places/1332" target="_blank">https://pleiades.stoa.org/places/1332</a>]]></description>
        <Point><coordinates>22.2,39.6</coordinates></Point>
      </Placemark>

      <Placemark>
        <name>Thessalia</name>
        <description><![CDATA[<strong>name</strong>: Thessalia<br><strong>region</strong>: Hellas (Europe)<br><strong>part of</strong>: Hellas (Europe)<br><strong>Wikidata</strong>: <a href="https://wikidata.org/wiki/Q1247568" target="_blank">https://wikidata.org/wiki/Q1247568</a><br><strong>type</strong>: chora/region<br><strong>passages</strong>: 1.11.1, 1.29.13, 1.4.1, 1.8.3, 10.22.3, 10.8.4, 2.2.5, 2.23.5, 2.24.1, 2.6.1, 3.20.6, 3.6.1, 3.7.9, 3.9.12, 3.9.13, 4.36.3, 5.1.11, 6.17.9, 6.4.7, 7.1.2, 7.1.3, 7.10.2, 7.15.2, 7.19.7, 7.6.5, 8.27.10, 8.6.2, 9.15.1, 9.40.5, 9.8.6<br><strong>Pleiades</strong>: <a href="https://pleiades.stoa.org/places/1332" target="_blank">https://pleiades.stoa.org/places/1332</a>]]></description>
        <Point><coordinates>22.2,39.6</coordinates></Point>
      </Placemark>

      <Placemark>
        <name>Thessalia</name>
        <description><![CDATA[<strong>name</strong>: Thessalia<br><strong>region</strong>: Hellas (Europe)<br><strong>part of</strong>: Hellas (Europe)<br><strong>Wikidata</strong>: <a href="https://wikidata.org/wiki/Q1247568" target="_blank">https://wikidata.org/wiki/Q1247568</a><br><strong>type</strong>: chora/region<br><strong>passages</strong>: 1.11.1, 1.29.13, 1.4.1, 1.8.3, 10.22.3, 10.8.4, 2.2.5, 2.23.5, 2.24.1, 2.6.1, 3.20.6, 3.6.1, 3.7.9, 3.9.12, 3.9.13, 4.36.3, 5.1.11, 6.17.9, 6.4.7, 7.1.2, 7.1.3, 7.10.2, 7.15.2, 7.19.7, 7.6.5, 8.27.10, 8.6.2, 9.15.1, 9.40.5, 9.8.6<br><strong>Pleiades</strong>: <a href="https://pleiades.stoa.org/places/1332" target="_blank">https://pleiades.stoa.org/places/1332</a>]]></description>
        <Point><coordinates>22.2,39.6</coordinates></Point>
      </Placemark>

      <Placemark>
        <name>Thessalia</name>
        <description><![CDATA[<strong>name</strong>: Thessalia<br><strong>region</strong>: Hellas (Europe)<br><strong>part of</strong>: Hellas (Europe)<br><strong>Wikidata</strong>: <a href="https://wikidata.org/wiki/Q1247568" target="_blank">https://wikidata.org/wiki/Q1247568</a><br><strong>type</strong>: chora/region<br><strong>passages</strong>: 1.11.1, 1.29.13, 1.4.1, 1.8.3, 10.22.3, 10.8.4, 2.2.5, 2.23.5, 2.24.1, 2.6.1, 3.20.6, 3.6.1, 3.7.9, 3.9.12, 3.9.13, 4.36.3, 5.1.11, 6.17.9, 6.4.7, 7.1.2, 7.1.3, 7.10.2, 7.15.2, 7.19.7, 7.6.5, 8.27.10, 8.6.2, 9.15.1, 9.40.5, 9.8.6<br><strong>Pleiades</strong>: <a href="https://pleiades.stoa.org/places/1332" target="_blank">https://pleiades.stoa.org/places/1332</a>]]></description>
        <Point><coordinates>22.2,39.6</coordinates></Point>
      </Placemark>

      <Placemark>
        <name>Thessalia</name>
        <description><![CDATA[<strong>name</strong>: Thessalia<br><strong>region</strong>: Hellas (Europe)<br><strong>part of</strong>: Hellas (Europe)<br><strong>Wikidata</strong>: <a href="https://wikidata.org/wiki/Q1247568" target="_blank">https://wikidata.org/wiki/Q1247568</a><br><strong>type</strong>: chora/region<br><strong>passages</strong>: 1.11.1, 1.29.13, 1.4.1, 1.8.3, 10.22.3, 10.8.4, 2.2.5, 2.23.5, 2.24.1, 2.6.1, 3.20.6, 3.6.1, 3.7.9, 3.9.12, 3.9.13, 4.36.3, 5.1.11, 6.17.9, 6.4.7, 7.1.2, 7.1.3, 7.10.2, 7.15.2, 7.19.7, 7.6.5, 8.27.10, 8.6.2, 9.15.1, 9.40.5, 9.8.6<br><strong>Pleiades</strong>: <a href="https://pleiades.stoa.org/places/1332" target="_blank">https://pleiades.stoa.org/places/1332</a>]]></description>
        <Point><coordinates>22.2,39.6</coordinates></Point>
      </Placemark>

      <Placemark>
        <name>Messene (Messenia)</name>
        <description><![CDATA[<strong>name</strong>: Messene (Messenia)<br><strong>region</strong>: Messenia Bk4<br><strong>part of</strong>: Messenia Bk4<br><strong>Wikidata</strong>: <a href="https://wikidata.org/wiki/Q1022117" target="_blank">https://wikidata.org/wiki/Q1022117</a><br><strong>type</strong>: polis<br><strong>passages</strong>: 1.25.4, 2.20.5, 3.1.5, 3.3.2, 4.1.3, 4.1.4, 4.12.5, 4.12.6, 4.16.1, 4.16.8, 4.20.1, 4.20.4, 4.21.10, 4.21.2, 4.22.7, 4.23.5, 4.23.6, 4.26.3, 4.26.7, 4.27.4, 4.27.5, 4.27.7, 4.28.1, 4.29.1, 4.29.10, 4.29.11, 4.29.12, 4.29.2, 4.29.4, 4.29.8, 4.3.8, 4.31.11, 4.31.4, 4.31.5, 4.32.2, 4.34.1, 4.4.3, 4.6.3, 4.6.5, 4.9.6, 6.2.11, 6.3.13, 6.4.3, 8.34.1, 8.35.1, 8.49.4, 8.5.10, 8.5.7, 8.50.5, 8.51.6, 8.51.8, 8.52.4, 9.14.5, 9.15.6<br><strong>Pleiades</strong>: <a href="https://pleiades.stoa.org/places/570479" target="_blank">https://pleiades.stoa.org/places/570479</a><br><strong>ToposText</strong>: <a href="https://topostext.org/place/372219PMes" target="_blank">https://topostext.org/place/372219PMes</a>]]></description>
        <Point><coordinates>21.9195,37.1779</coordinates></Point>
      </Placemark>

      <Placemark>
        <name>Messene (Messenia)</name>
        <description><![CDATA[<strong>name</strong>: Messene (Messenia)<br><strong>region</strong>: Messenia Bk4<br><strong>part of</strong>: Messenia Bk4<br><strong>Wikidata</strong>: <a href="https://wikidata.org/wiki/Q1022117" target="_blank">https://wikidata.org/wiki/Q1022117</a><br><strong>type</strong>: polis<br><strong>passages</strong>: 1.25.4, 2.20.5, 3.1.5, 3.3.2, 4.1.3, 4.1.4, 4.12.5, 4.12.6, 4.16.1, 4.16.8, 4.20.1, 4.20.4, 4.21.10, 4.21.2, 4.22.7, 4.23.5, 4.23.6, 4.26.3, 4.26.7, 4.27.4, 4.27.5, 4.27.7, 4.28.1, 4.29.1, 4.29.10, 4.29.11, 4.29.12, 4.29.2, 4.29.4, 4.29.8, 4.3.8, 4.31.11, 4.31.4, 4.31.5, 4.32.2, 4.34.1, 4.4.3, 4.6.3, 4.6.5, 4.9.6, 6.2.11, 6.3.13, 6.4.3, 8.34.1, 8.35.1, 8.49.4, 8.5.10, 8.5.7, 8.50.5, 8.51.6, 8.51.8, 8.52.4, 9.14.5, 9.15.6<br><strong>Pleiades</strong>: <a href="https://pleiades.stoa.org/places/570479" target="_blank">https://pleiades.stoa.org/places/570479</a><br><strong>ToposText</strong>: <a href="https://topostext.org/place/372219PMes" target="_blank">https://topostext.org/place/372219PMes</a>]]></description>
        <Point><coordinates>21.9195,37.1779</coordinates></Point>
      </Placemark>

      <Placemark>
        <name>Lokroi Epizephyrioi</name>
        <description><![CDATA[<strong>name</strong>: Lokroi Epizephyrioi<br><strong>region</strong>: Italia (Europe)<br><strong>part of</strong>: Italia (Europe)<br><strong>Wikidata</strong>: <a href="https://wikidata.org/wiki/Q3836325" target="_blank">https://wikidata.org/wiki/Q3836325</a><br><strong>type</strong>: polis<br><strong>passages</strong>: 3.3.1, 6.6.4<br><strong>Pleiades</strong>: <a href="https://pleiades.stoa.org/places/452369" target="_blank">https://pleiades.stoa.org/places/452369</a>]]></description>
        <Point><coordinates>16.23715,38.20782</coordinates></Point>
      </Placemark>

      <Placemark>
        <name>Sanctuary of Aphrodite at Epidauros Limera</name>
        <description><![CDATA[<strong>name</strong>: Sanctuary of Aphrodite at Epidauros Limera<br><strong>region</strong>: Lakonia Bk3<br><strong>part of</strong>: Epidaurus Limera (Laconia)<br><strong>location</strong>: Epidaurus Limera (Laconia)<br><strong>Wikidata</strong>: <a href="https://wikidata.org/wiki/Q124616474" target="_blank">https://wikidata.org/wiki/Q124616474</a><br><strong>type</strong>: hieron<br><strong>passages</strong>: 3.23.10]]></description>
        <Point><coordinates>23.026,36.731</coordinates></Point>
      </Placemark>

      <Placemark>
        <name>Pellanis spring at Pellana</name>
        <description><![CDATA[<strong>name</strong>: Pellanis spring at Pellana<br><strong>region</strong>: Lakonia Bk3<br><strong>part of</strong>: Pellana (Lakonia)<br><strong>location</strong>: Pellana (Lakonia)<br><strong>type</strong>: spring pege<br><strong>passages</strong>: 3.21.2]]></description>
        <Point><coordinates>22.3244,37.2083</coordinates></Point>
      </Placemark>

      <Placemark>
        <name>Sanctuary of Aphrodite Migonitis on mainland opposite Kranae island</name>
        <description><![CDATA[<strong>name</strong>: Sanctuary of Aphrodite Migonitis on mainland opposite Kranae island<br><strong>region</strong>: Lakonia Bk3<br><strong>part of</strong>: Gythion<br><strong>location</strong>: Gythion<br><strong>Wikidata</strong>: <a href="https://wikidata.org/wiki/Q124616469" target="_blank">https://wikidata.org/wiki/Q124616469</a><br><strong>type</strong>: hieron<br><strong>passages</strong>: 3.22.1<br><strong>Manto</strong>: <a href="https://resource.manto.unh.edu/10146676" target="_blank">https://resource.manto.unh.edu/10146676</a>]]></description>
        <Point><coordinates>22.562341,36.763663</coordinates></Point>
      </Placemark>

      <Placemark>
        <name>Sanctuary of Demeter Chthonia in Hermione</name>
        <description><![CDATA[<strong>name</strong>: Sanctuary of Demeter Chthonia in Hermione<br><strong>region</strong>: Hermionis Bk2<br><strong>part of</strong>: Pron M.<br><strong>location</strong>: Pron M.<br><strong>Wikidata</strong>: <a href="https://wikidata.org/wiki/Q134040022" target="_blank">https://wikidata.org/wiki/Q134040022</a><br><strong>type</strong>: hieron<br><strong>passages</strong>: 2.35.10, 2.35.4, 2.35.6, 2.35.8, 2.35.9, 3.14.5<br><strong>Manto</strong>: <a href="https://resource.manto.unh.edu/10214897" target="_blank">https://resource.manto.unh.edu/10214897</a><br><strong>ToposText</strong>: <a href="https://topostext.org/place/374232SDCh" target="_blank">https://topostext.org/place/374232SDCh</a>]]></description>
        <Point><coordinates>23.235,37.3884</coordinates></Point>
      </Placemark>

      <Placemark>
        <name>Thyreatis</name>
        <description><![CDATA[<strong>name</strong>: Thyreatis<br><strong>region</strong>: Argolid Bk2<br><strong>part of</strong>: Argolid Bk2<br><strong>altname</strong>: Thyrea<br><strong>Wikidata</strong>: <a href="https://wikidata.org/wiki/Q3036391" target="_blank">https://wikidata.org/wiki/Q3036391</a><br><strong>type</strong>: chora/region, settlement<br><strong>passages</strong>: 10.9.12, 2.29.5, 2.38.5, 2.38.7, 3.7.5, 8.3.3, 8.54.4<br><strong>Pleiades</strong>: <a href="https://pleiades.stoa.org/places/570736" target="_blank">https://pleiades.stoa.org/places/570736</a>]]></description>
        <Point><coordinates>22.721,37.41</coordinates></Point>
      </Placemark>

      <Placemark>
        <name>Booneta in Sparta</name>
        <description><![CDATA[<strong>name</strong>: Booneta in Sparta<br><strong>region</strong>: Lakonia Bk3<br><strong>part of</strong>: Sparta<br><strong>location</strong>: Sparta<br><strong>Wikidata</strong>: <a href="https://wikidata.org/wiki/Q122079936" target="_blank">https://wikidata.org/wiki/Q122079936</a><br><strong>type</strong>: house<br><strong>passages</strong>: 3.12.1, 3.12.3, 3.15.10]]></description>
        <Point><coordinates>22.4237,37.0821</coordinates></Point>
      </Placemark>

      <Placemark>
        <name>Booneta in Sparta</name>
        <description><![CDATA[<strong>name</strong>: Booneta in Sparta<br><strong>region</strong>: Lakonia Bk3<br><strong>part of</strong>: Sparta<br><strong>location</strong>: Sparta<br><strong>Wikidata</strong>: <a href="https://wikidata.org/wiki/Q122079936" target="_blank">https://wikidata.org/wiki/Q122079936</a><br><strong>type</strong>: house<br><strong>passages</strong>: 3.12.1, 3.12.3, 3.15.10]]></description>
        <Point><coordinates>22.4237,37.0821</coordinates></Point>
      </Placemark>

      <Placemark>
        <name>Booneta in Sparta</name>
        <description><![CDATA[<strong>name</strong>: Booneta in Sparta<br><strong>region</strong>: Lakonia Bk3<br><strong>part of</strong>: Sparta<br><strong>location</strong>: Sparta<br><strong>Wikidata</strong>: <a href="https://wikidata.org/wiki/Q122079936" target="_blank">https://wikidata.org/wiki/Q122079936</a><br><strong>type</strong>: house<br><strong>passages</strong>: 3.12.1, 3.12.3, 3.15.10]]></description>
        <Point><coordinates>22.4237,37.0821</coordinates></Point>
      </Placemark>

      <Placemark>
        <name>Sellasia (Lakonia)</name>
        <description><![CDATA[<strong>name</strong>: Sellasia (Lakonia)<br><strong>region</strong>: Lakonia Bk3<br><strong>part of</strong>: Lakonia Bk3<br><strong>Wikidata</strong>: <a href="https://wikidata.org/wiki/Q59431661" target="_blank">https://wikidata.org/wiki/Q59431661</a><br><strong>type</strong>: polis<br><strong>passages</strong>: 2.7.4, 2.9.2, 3.10.7, 4.29.9, 7.7.4, 8.49.5<br><strong>Pleiades</strong>: <a href="https://pleiades.stoa.org/places/570662" target="_blank">https://pleiades.stoa.org/places/570662</a><br><strong>ToposText</strong>: <a href="https://topostext.org/place/372224PSel" target="_blank">https://topostext.org/place/372224PSel</a>]]></description>
        <Point><coordinates>22.4397,37.1884</coordinates></Point>
      </Placemark>

      <Placemark>
        <name>Heroon of Alkon  at Sparta</name>
        <description><![CDATA[<strong>name</strong>: Heroon of Alkon  at Sparta<br><strong>region</strong>: Lakonia Bk3<br><strong>part of</strong>: Sparta<br><strong>location</strong>: Sparta<br><strong>Wikidata</strong>: <a href="https://wikidata.org/wiki/Q124616559" target="_blank">https://wikidata.org/wiki/Q124616559</a><br><strong>type</strong>: heroon<br><strong>passages</strong>: 3.14.7]]></description>
        <Point><coordinates>22.4237,37.0821</coordinates></Point>
      </Placemark>

      <Placemark>
        <name>Cave near sea at Nymphaion in Lakonia</name>
        <description><![CDATA[<strong>name</strong>: Cave near sea at Nymphaion in Lakonia<br><strong>region</strong>: Lakonia Bk3<br><strong>part of</strong>: Nymphaion (Lakonia)<br><strong>location</strong>: Nymphaion (Lakonia)<br><strong>altname</strong>: has fresh water spring inside cave<br><strong>type</strong>: cave<br><strong>passages</strong>: 3.23.2]]></description>
        <Point><coordinates>23.136,36.43</coordinates></Point>
      </Placemark>

      <Placemark>
        <name>Psamathous (Lakonia)</name>
        <description><![CDATA[<strong>name</strong>: Psamathous (Lakonia)<br><strong>region</strong>: Lakonia Bk3<br><strong>part of</strong>: Lakonia Bk3<br><strong>Wikidata</strong>: <a href="https://wikidata.org/wiki/Q16622813" target="_blank">https://wikidata.org/wiki/Q16622813</a><br><strong>type</strong>: harbor limen<br><strong>passages</strong>: 3.25.4<br><strong>Pleiades</strong>: <a href="https://pleiades.stoa.org/places/570635" target="_blank">https://pleiades.stoa.org/places/570635</a><br><strong>ToposText</strong>: <a href="https://topostext.org/place/364225UPsa" target="_blank">https://topostext.org/place/364225UPsa</a>]]></description>
        <Point><coordinates>22.4824,36.4372</coordinates></Point>
      </Placemark>

      <Placemark>
        <name>Lapithaion (Lakonia)</name>
        <description><![CDATA[<strong>name</strong>: Lapithaion (Lakonia)<br><strong>region</strong>: Lakonia Bk3<br><strong>part of</strong>: Lakonia Bk3<br><strong>Wikidata</strong>: <a href="https://wikidata.org/wiki/Q60792059" target="_blank">https://wikidata.org/wiki/Q60792059</a><br><strong>type</strong>: chorion<br><strong>passages</strong>: 3.20.7<br><strong>Pleiades</strong>: <a href="https://pleiades.stoa.org/places/570413" target="_blank">https://pleiades.stoa.org/places/570413</a><br><strong>ToposText</strong>: <a href="https://topostext.org/place/370224ULap" target="_blank">https://topostext.org/place/370224ULap</a>]]></description>
        <Point><coordinates>22.4301,36.9896</coordinates></Point>
      </Placemark>

      <Placemark>
        <name>Choros (Sparta)</name>
        <description><![CDATA[<strong>name</strong>: Choros (Sparta)<br><strong>region</strong>: Lakonia Bk3<br><strong>part of</strong>: Sparta<br><strong>type</strong>: building<br><strong>passages</strong>: 3.11.9<br><strong>ToposText</strong>: <a href="https://topostext.org/place/371224SCho" target="_blank">https://topostext.org/place/371224SCho</a>]]></description>
        <Point><coordinates>22.42665,37.0815</coordinates></Point>
      </Placemark>

      <Placemark>
        <name>Altar to Hyacinthus at statue base of Apollo Amyklaios</name>
        <description><![CDATA[<strong>name</strong>: Altar to Hyacinthus at statue base of Apollo Amyklaios<br><strong>region</strong>: Lakonia Bk3<br><strong>part of</strong>: Sanctuary of Apollo at Amyklai<br><strong>location</strong>: Sanctuary of Apollo at Amyklai<br><strong>Wikidata</strong>: <a href="https://wikidata.org/wiki/Q124616540" target="_blank">https://wikidata.org/wiki/Q124616540</a><br><strong>type</strong>: altar<br><strong>passages</strong>: 3.19.3]]></description>
        <Point><coordinates>22.4502,37.0363</coordinates></Point>
      </Placemark>

      <Placemark>
        <name>Teuthrone</name>
        <description><![CDATA[<strong>name</strong>: Teuthrone<br><strong>region</strong>: Lakonia Bk3<br><strong>part of</strong>: Lakonia Bk3<br><strong>Wikidata</strong>: <a href="https://wikidata.org/wiki/Q48781583" target="_blank">https://wikidata.org/wiki/Q48781583</a><br><strong>type</strong>: polis<br><strong>passages</strong>: 3.21.7, 3.25.4<br><strong>Pleiades</strong>: <a href="https://pleiades.stoa.org/places/570714" target="_blank">https://pleiades.stoa.org/places/570714</a>]]></description>
        <Point><coordinates>22.489063,36.621145</coordinates></Point>
      </Placemark>

      <Placemark>
        <name>Teuthrone</name>
        <description><![CDATA[<strong>name</strong>: Teuthrone<br><strong>region</strong>: Lakonia Bk3<br><strong>part of</strong>: Lakonia Bk3<br><strong>Wikidata</strong>: <a href="https://wikidata.org/wiki/Q48781583" target="_blank">https://wikidata.org/wiki/Q48781583</a><br><strong>type</strong>: polis<br><strong>passages</strong>: 3.21.7, 3.25.4<br><strong>Pleiades</strong>: <a href="https://pleiades.stoa.org/places/570714" target="_blank">https://pleiades.stoa.org/places/570714</a>]]></description>
        <Point><coordinates>22.489063,36.621145</coordinates></Point>
      </Placemark>

      <Placemark>
        <name>Agora of Geronthrai</name>
        <description><![CDATA[<strong>name</strong>: Agora of Geronthrai<br><strong>region</strong>: Lakonia Bk3<br><strong>part of</strong>: Geronthrai<br><strong>location</strong>: Geronthrai<br><strong>Wikidata</strong>: <a href="https://wikidata.org/wiki/Q124606123" target="_blank">https://wikidata.org/wiki/Q124606123</a><br><strong>type</strong>: agora<br><strong>passages</strong>: 3.22.7]]></description>
        <Point><coordinates>22.706912,36.992193</coordinates></Point>
      </Placemark>

      <Placemark>
        <name>Theater of Sparta</name>
        <description><![CDATA[<strong>name</strong>: Theater of Sparta<br><strong>region</strong>: Lakonia Bk3<br><strong>part of</strong>: Sparta<br><strong>location</strong>: Sparta<br><strong>Wikidata</strong>: <a href="https://wikidata.org/wiki/Q28599124" target="_blank">https://wikidata.org/wiki/Q28599124</a><br><strong>type</strong>: theater<br><strong>passages</strong>: 3.14.1]]></description>
        <Point><coordinates>22.4237,37.0821</coordinates></Point>
      </Placemark>

      <Placemark>
        <name>Temple of Zeus Kosmetas on acropolis of Sparta</name>
        <description><![CDATA[<strong>name</strong>: Temple of Zeus Kosmetas on acropolis of Sparta<br><strong>region</strong>: Lakonia Bk3<br><strong>part of</strong>: South Stoa on Sparta acropolis<br><strong>location</strong>: South Stoa on Sparta acropolis<br><strong>Wikidata</strong>: <a href="https://wikidata.org/wiki/Q124616506" target="_blank">https://wikidata.org/wiki/Q124616506</a><br><strong>type</strong>: temple<br><strong>passages</strong>: 3.17.4]]></description>
        <Point><coordinates>22.4237,37.0821</coordinates></Point>
      </Placemark>

      <Placemark>
        <name>Temple of Apollo at Zarax</name>
        <description><![CDATA[<strong>name</strong>: Temple of Apollo at Zarax<br><strong>region</strong>: Lakonia Bk3<br><strong>part of</strong>: Zarax<br><strong>location</strong>: Zarax<br><strong>Wikidata</strong>: <a href="https://wikidata.org/wiki/Q124616399" target="_blank">https://wikidata.org/wiki/Q124616399</a><br><strong>type</strong>: temple<br><strong>passages</strong>: 3.24.1]]></description>
        <Point><coordinates>23.088,36.787</coordinates></Point>
      </Placemark>

      <Placemark>
        <name>Offices of the Ephors and Nomophylakes and Bidiaioi, at agora of Sparta</name>
        <description><![CDATA[<strong>name</strong>: Offices of the Ephors and Nomophylakes and Bidiaioi, at agora of Sparta<br><strong>region</strong>: Lakonia Bk3<br><strong>part of</strong>: Agora of Sparta<br><strong>location</strong>: Agora of Sparta<br><strong>type</strong>: building<br><strong>passages</strong>: 3.11.2]]></description>
        <Point><coordinates>22.42659,37.08188</coordinates></Point>
      </Placemark>

      <Placemark>
        <name>Athena Itonia sanctuary in Boeotia</name>
        <description><![CDATA[<strong>name</strong>: Athena Itonia sanctuary in Boeotia<br><strong>region</strong>: Boiotia Bk9<br><strong>part of</strong>: Boiotia Bk9<br><strong>Wikidata</strong>: <a href="https://wikidata.org/wiki/Q13574897" target="_blank">https://wikidata.org/wiki/Q13574897</a><br><strong>type</strong>: hieron<br><strong>passages</strong>: 3.9.13, 9.34.1, 9.34.5<br><strong>Manto</strong>: <a href="https://resource.manto.unh.edu/10785268" target="_blank">https://resource.manto.unh.edu/10785268</a><br><strong>Pleiades</strong>: <a href="https://pleiades.stoa.org/places/540678" target="_blank">https://pleiades.stoa.org/places/540678</a><br><strong>ToposText</strong>: <a href="https://topostext.org/place/384230SAth" target="_blank">https://topostext.org/place/384230SAth</a>]]></description>
        <Point><coordinates>22.9968,38.4128</coordinates></Point>
      </Placemark>

      <Placemark>
        <name>Akarnania</name>
        <description><![CDATA[<strong>name</strong>: Akarnania<br><strong>region</strong>: Hellas (Europe)<br><strong>part of</strong>: Hellas (Europe)<br><strong>altname</strong>: Acarnania<br><strong>Wikidata</strong>: <a href="https://wikidata.org/wiki/Q416070" target="_blank">https://wikidata.org/wiki/Q416070</a><br><strong>type</strong>: chora/region<br><strong>passages</strong>: 1.28.3, 3.13.4, 4.25.5, 7.18.9<br><strong>Pleiades</strong>: <a href="https://pleiades.stoa.org/places/530767" target="_blank">https://pleiades.stoa.org/places/530767</a>]]></description>
        <Point><coordinates>21.05,38.6917</coordinates></Point>
      </Placemark>

      <Placemark>
        <name>Sanctuary of Asklepios at Brasiai</name>
        <description><![CDATA[<strong>name</strong>: Sanctuary of Asklepios at Brasiai<br><strong>region</strong>: Lakonia Bk3<br><strong>part of</strong>: Brasiae (Laconia)<br><strong>location</strong>: Brasiae (Laconia)<br><strong>Wikidata</strong>: <a href="https://wikidata.org/wiki/Q124616355" target="_blank">https://wikidata.org/wiki/Q124616355</a><br><strong>type</strong>: Asclepieion<br><strong>passages</strong>: 3.24.5]]></description>
        <Point><coordinates>22.890275,37.144402</coordinates></Point>
      </Placemark>

      <Placemark>
        <name>Heroon of Oibalos at Sparta</name>
        <description><![CDATA[<strong>name</strong>: Heroon of Oibalos at Sparta<br><strong>region</strong>: Lakonia Bk3<br><strong>part of</strong>: Sparta<br><strong>location</strong>: Sparta<br><strong>Wikidata</strong>: <a href="https://wikidata.org/wiki/Q124616568" target="_blank">https://wikidata.org/wiki/Q124616568</a><br><strong>type</strong>: heroon<br><strong>passages</strong>: 3.15.10]]></description>
        <Point><coordinates>22.4237,37.0821</coordinates></Point>
      </Placemark>

      <Placemark>
        <name>Sanctuary of Athena at Phaselis</name>
        <description><![CDATA[<strong>name</strong>: Sanctuary of Athena at Phaselis<br><strong>region</strong>: Asia Minor (Asia)<br><strong>part of</strong>: Phaselis<br><strong>location</strong>: Phaselis<br><strong>Wikidata</strong>: <a href="https://wikidata.org/wiki/Q124616490" target="_blank">https://wikidata.org/wiki/Q124616490</a><br><strong>type</strong>: hieron<br><strong>passages</strong>: 3.3.8<br><strong>Manto</strong>: <a href="https://resource.manto.unh.edu/10146654" target="_blank">https://resource.manto.unh.edu/10146654</a>]]></description>
        <Point><coordinates>30.551573,36.524579</coordinates></Point>
      </Placemark>

      <Placemark>
        <name>Monument of the Iamidai  at Sparta</name>
        <description><![CDATA[<strong>name</strong>: Monument of the Iamidai  at Sparta<br><strong>region</strong>: Lakonia Bk3<br><strong>part of</strong>: Sparta<br><strong>location</strong>: Sparta<br><strong>Wikidata</strong>: <a href="https://wikidata.org/wiki/Q124616313" target="_blank">https://wikidata.org/wiki/Q124616313</a><br><strong>type</strong>: tomb mnema<br><strong>passages</strong>: 3.12.8]]></description>
        <Point><coordinates>22.4237,37.0821</coordinates></Point>
      </Placemark>

      <Placemark>
        <name>Sanctuary of Asklepios and Hygieia in ruins of Etis</name>
        <description><![CDATA[<strong>name</strong>: Sanctuary of Asklepios and Hygieia in ruins of Etis<br><strong>region</strong>: Lakonia Bk3<br><strong>part of</strong>: Etis (Lakonia)<br><strong>location</strong>: Etis (Lakonia)<br><strong>Wikidata</strong>: <a href="https://wikidata.org/wiki/Q124616352" target="_blank">https://wikidata.org/wiki/Q124616352</a><br><strong>type</strong>: Asclepieion<br><strong>passages</strong>: 3.22.13]]></description>
        <Point><coordinates>23.066,36.489</coordinates></Point>
      </Placemark>

      <Placemark>
        <name>Himera</name>
        <description><![CDATA[<strong>name</strong>: Himera<br><strong>region</strong>: Sicilia (island)<br><strong>part of</strong>: Sicilia (island)<br><strong>Wikidata</strong>: <a href="https://wikidata.org/wiki/Q1111219" target="_blank">https://wikidata.org/wiki/Q1111219</a><br><strong>type</strong>: settlement<br><strong>passages</strong>: 2.22.7, 3.19.13, 5.23.4, 6.4.11<br><strong>Pleiades</strong>: <a href="https://pleiades.stoa.org/places/462244" target="_blank">https://pleiades.stoa.org/places/462244</a>]]></description>
        <Point><coordinates>13.82184,37.96884</coordinates></Point>
      </Placemark>

      <Placemark>
        <name>Crete</name>
        <description><![CDATA[<strong>name</strong>: Crete<br><strong>region</strong>: <br><strong>part of</strong>: Hellas (Europe)<br><strong>altname</strong>: island<br><strong>Wikidata</strong>: <a href="https://wikidata.org/wiki/Q4752820" target="_blank">https://wikidata.org/wiki/Q4752820</a><br><strong>type</strong>: island<br><strong>passages</strong>: 1.17.3, 1.17.6, 1.21.4, 1.22.5, 1.26.4, 1.27.10, 1.27.9, 1.42.2, 10.2.7, 10.7.2, 2.30.3, 2.31.1, 2.32.2, 2.33.4, 2.6.7, 2.7.7, 3.18.4, 3.18.5, 3.2.7, 5.8.1, 6.21.6, 7.2.5, 7.3.7, 7.4.5, 7.4.6, 7.4.8, 8.48.3, 8.49.7, 8.50.6, 8.53.4, 9.11.4, 9.40.3<br><strong>Pleiades</strong>: <a href="https://pleiades.stoa.org/places/589748" target="_blank">https://pleiades.stoa.org/places/589748</a><br><strong>ToposText</strong>: <a href="https://topostext.org/place/352252IKre" target="_blank">https://topostext.org/place/352252IKre</a>]]></description>
        <Point><coordinates>25.1836,35.2052</coordinates></Point>
      </Placemark>

      <Placemark>
        <name>Crete</name>
        <description><![CDATA[<strong>name</strong>: Crete<br><strong>region</strong>: <br><strong>part of</strong>: Hellas (Europe)<br><strong>altname</strong>: island<br><strong>Wikidata</strong>: <a href="https://wikidata.org/wiki/Q4752820" target="_blank">https://wikidata.org/wiki/Q4752820</a><br><strong>type</strong>: island<br><strong>passages</strong>: 1.17.3, 1.17.6, 1.21.4, 1.22.5, 1.26.4, 1.27.10, 1.27.9, 1.42.2, 10.2.7, 10.7.2, 2.30.3, 2.31.1, 2.32.2, 2.33.4, 2.6.7, 2.7.7, 3.18.4, 3.18.5, 3.2.7, 5.8.1, 6.21.6, 7.2.5, 7.3.7, 7.4.5, 7.4.6, 7.4.8, 8.48.3, 8.49.7, 8.50.6, 8.53.4, 9.11.4, 9.40.3<br><strong>Pleiades</strong>: <a href="https://pleiades.stoa.org/places/589748" target="_blank">https://pleiades.stoa.org/places/589748</a><br><strong>ToposText</strong>: <a href="https://topostext.org/place/352252IKre" target="_blank">https://topostext.org/place/352252IKre</a>]]></description>
        <Point><coordinates>25.1836,35.2052</coordinates></Point>
      </Placemark>

      <Placemark>
        <name>Crete</name>
        <description><![CDATA[<strong>name</strong>: Crete<br><strong>region</strong>: <br><strong>part of</strong>: Hellas (Europe)<br><strong>altname</strong>: island<br><strong>Wikidata</strong>: <a href="https://wikidata.org/wiki/Q4752820" target="_blank">https://wikidata.org/wiki/Q4752820</a><br><strong>type</strong>: island<br><strong>passages</strong>: 1.17.3, 1.17.6, 1.21.4, 1.22.5, 1.26.4, 1.27.10, 1.27.9, 1.42.2, 10.2.7, 10.7.2, 2.30.3, 2.31.1, 2.32.2, 2.33.4, 2.6.7, 2.7.7, 3.18.4, 3.18.5, 3.2.7, 5.8.1, 6.21.6, 7.2.5, 7.3.7, 7.4.5, 7.4.6, 7.4.8, 8.48.3, 8.49.7, 8.50.6, 8.53.4, 9.11.4, 9.40.3<br><strong>Pleiades</strong>: <a href="https://pleiades.stoa.org/places/589748" target="_blank">https://pleiades.stoa.org/places/589748</a><br><strong>ToposText</strong>: <a href="https://topostext.org/place/352252IKre" target="_blank">https://topostext.org/place/352252IKre</a>]]></description>
        <Point><coordinates>25.1836,35.2052</coordinates></Point>
      </Placemark>

      <Placemark>
        <name>Hill in Sparta near Kolonos</name>
        <description><![CDATA[<strong>name</strong>: Hill in Sparta near Kolonos<br><strong>region</strong>: Lakonia Bk3<br><strong>part of</strong>: Sparta<br><strong>location</strong>: Sparta<br><strong>type</strong>: hill<br><strong>passages</strong>: 3.13.8]]></description>
        <Point><coordinates>22.4237,37.0821</coordinates></Point>
      </Placemark>

      <Placemark>
        <name>Artemis Ortheia sanctuary in Sparta</name>
        <description><![CDATA[<strong>name</strong>: Artemis Ortheia sanctuary in Sparta<br><strong>region</strong>: Lakonia Bk3<br><strong>part of</strong>: Sparta<br><strong>Wikidata</strong>: <a href="https://wikidata.org/wiki/Q550466" target="_blank">https://wikidata.org/wiki/Q550466</a><br><strong>type</strong>: hieron<br><strong>passages</strong>: 3.16.7, 3.17.1, 8.23.1<br><strong>Manto</strong>: <a href="https://resource.manto.unh.edu/10150351" target="_blank">https://resource.manto.unh.edu/10150351</a><br><strong>ToposText</strong>: <a href="https://topostext.org/place/371224SArt" target="_blank">https://topostext.org/place/371224SArt</a><br><strong>URL</strong>: <a href="https://imperium.ahlfeldt.se/places/22844" target="_blank">https://imperium.ahlfeldt.se/places/22844</a>]]></description>
        <Point><coordinates>22.435,37.083</coordinates></Point>
      </Placemark>

      <Placemark>
        <name>Artemis Ortheia sanctuary in Sparta</name>
        <description><![CDATA[<strong>name</strong>: Artemis Ortheia sanctuary in Sparta<br><strong>region</strong>: Lakonia Bk3<br><strong>part of</strong>: Sparta<br><strong>Wikidata</strong>: <a href="https://wikidata.org/wiki/Q550466" target="_blank">https://wikidata.org/wiki/Q550466</a><br><strong>type</strong>: hieron<br><strong>passages</strong>: 3.16.7, 3.17.1, 8.23.1<br><strong>Manto</strong>: <a href="https://resource.manto.unh.edu/10150351" target="_blank">https://resource.manto.unh.edu/10150351</a><br><strong>ToposText</strong>: <a href="https://topostext.org/place/371224SArt" target="_blank">https://topostext.org/place/371224SArt</a><br><strong>URL</strong>: <a href="https://imperium.ahlfeldt.se/places/22844" target="_blank">https://imperium.ahlfeldt.se/places/22844</a>]]></description>
        <Point><coordinates>22.435,37.083</coordinates></Point>
      </Placemark>

      <Placemark>
        <name>Sanctuary of Athena Xenia at Sparta</name>
        <description><![CDATA[<strong>name</strong>: Sanctuary of Athena Xenia at Sparta<br><strong>region</strong>: Lakonia Bk3<br><strong>part of</strong>: Agora of Sparta<br><strong>location</strong>: Agora of Sparta<br><strong>Wikidata</strong>: <a href="https://wikidata.org/wiki/Q124616588" target="_blank">https://wikidata.org/wiki/Q124616588</a><br><strong>type</strong>: hieron<br><strong>passages</strong>: 3.11.11]]></description>
        <Point><coordinates>22.42659,37.08188</coordinates></Point>
      </Placemark>

      <Placemark>
        <name>Sipylos</name>
        <description><![CDATA[<strong>name</strong>: Sipylos<br><strong>region</strong>: Asia Minor (Asia)<br><strong>part of</strong>: Lydia (province)<br><strong>altname</strong>: Mount Sipylus /Manisa Dağı<br><strong>Wikidata</strong>: <a href="https://wikidata.org/wiki/Q532698" target="_blank">https://wikidata.org/wiki/Q532698</a><br><strong>type</strong>: mountain oros<br><strong>passages</strong>: 1.21.3, 1.24.8, 2.22.3, 3.22.4, 5.13.7, 6.22.1, 7.24.13, 7.27.12, 8.17.3, 8.2.7, 8.38.10<br><strong>Pleiades</strong>: <a href="https://pleiades.stoa.org/places/550884" target="_blank">https://pleiades.stoa.org/places/550884</a>]]></description>
        <Point><coordinates>27.453939999999996,38.5668</coordinates></Point>
      </Placemark>

      <Placemark>
        <name>Messa (Lakonia)</name>
        <description><![CDATA[<strong>name</strong>: Messa (Lakonia)<br><strong>region</strong>: Lakonia Bk3<br><strong>part of</strong>: Lakonia Bk3<br><strong>altname</strong>: possible location<br><strong>Wikidata</strong>: <a href="https://wikidata.org/wiki/Q16606539" target="_blank">https://wikidata.org/wiki/Q16606539</a><br><strong>type</strong>: polis<br><strong>passages</strong>: 3.25.9<br><strong>Pleiades</strong>: <a href="https://pleiades.stoa.org/places/570478" target="_blank">https://pleiades.stoa.org/places/570478</a><br><strong>ToposText</strong>: <a href="https://topostext.org/place/365224UMes" target="_blank">https://topostext.org/place/365224UMes</a>]]></description>
        <Point><coordinates>22.367,36.541</coordinates></Point>
      </Placemark>

      <Placemark>
        <name>Thalamai (Lakonia/Messenia)</name>
        <description><![CDATA[<strong>name</strong>: Thalamai (Lakonia/Messenia)<br><strong>region</strong>: Lakonia Bk3<br><strong>part of</strong>: Lakonia Bk3<br><strong>Wikidata</strong>: <a href="https://wikidata.org/wiki/Q16643340" target="_blank">https://wikidata.org/wiki/Q16643340</a><br><strong>type</strong>: polis<br><strong>passages</strong>: 3.1.4, 3.21.7, 3.26.1, 3.26.2<br><strong>Pleiades</strong>: <a href="https://pleiades.stoa.org/places/570715" target="_blank">https://pleiades.stoa.org/places/570715</a><br><strong>ToposText</strong>: <a href="https://topostext.org/place/368223PTha" target="_blank">https://topostext.org/place/368223PTha</a>]]></description>
        <Point><coordinates>22.3257,36.7862</coordinates></Point>
      </Placemark>

      <Placemark>
        <name>Thalamai (Lakonia/Messenia)</name>
        <description><![CDATA[<strong>name</strong>: Thalamai (Lakonia/Messenia)<br><strong>region</strong>: Lakonia Bk3<br><strong>part of</strong>: Lakonia Bk3<br><strong>Wikidata</strong>: <a href="https://wikidata.org/wiki/Q16643340" target="_blank">https://wikidata.org/wiki/Q16643340</a><br><strong>type</strong>: polis<br><strong>passages</strong>: 3.1.4, 3.21.7, 3.26.1, 3.26.2<br><strong>Pleiades</strong>: <a href="https://pleiades.stoa.org/places/570715" target="_blank">https://pleiades.stoa.org/places/570715</a><br><strong>ToposText</strong>: <a href="https://topostext.org/place/368223PTha" target="_blank">https://topostext.org/place/368223PTha</a>]]></description>
        <Point><coordinates>22.3257,36.7862</coordinates></Point>
      </Placemark>

      <Placemark>
        <name>Thalamai (Lakonia/Messenia)</name>
        <description><![CDATA[<strong>name</strong>: Thalamai (Lakonia/Messenia)<br><strong>region</strong>: Lakonia Bk3<br><strong>part of</strong>: Lakonia Bk3<br><strong>Wikidata</strong>: <a href="https://wikidata.org/wiki/Q16643340" target="_blank">https://wikidata.org/wiki/Q16643340</a><br><strong>type</strong>: polis<br><strong>passages</strong>: 3.1.4, 3.21.7, 3.26.1, 3.26.2<br><strong>Pleiades</strong>: <a href="https://pleiades.stoa.org/places/570715" target="_blank">https://pleiades.stoa.org/places/570715</a><br><strong>ToposText</strong>: <a href="https://topostext.org/place/368223PTha" target="_blank">https://topostext.org/place/368223PTha</a>]]></description>
        <Point><coordinates>22.3257,36.7862</coordinates></Point>
      </Placemark>

      <Placemark>
        <name>Thalamai (Lakonia/Messenia)</name>
        <description><![CDATA[<strong>name</strong>: Thalamai (Lakonia/Messenia)<br><strong>region</strong>: Lakonia Bk3<br><strong>part of</strong>: Lakonia Bk3<br><strong>Wikidata</strong>: <a href="https://wikidata.org/wiki/Q16643340" target="_blank">https://wikidata.org/wiki/Q16643340</a><br><strong>type</strong>: polis<br><strong>passages</strong>: 3.1.4, 3.21.7, 3.26.1, 3.26.2<br><strong>Pleiades</strong>: <a href="https://pleiades.stoa.org/places/570715" target="_blank">https://pleiades.stoa.org/places/570715</a><br><strong>ToposText</strong>: <a href="https://topostext.org/place/368223PTha" target="_blank">https://topostext.org/place/368223PTha</a>]]></description>
        <Point><coordinates>22.3257,36.7862</coordinates></Point>
      </Placemark>

      <Placemark>
        <name>Temple fashioned like a cave on Tainaron promontory</name>
        <description><![CDATA[<strong>name</strong>: Temple fashioned like a cave on Tainaron promontory<br><strong>region</strong>: Lakonia Bk3<br><strong>part of</strong>: Tainaron (promontory)<br><strong>location</strong>: Tainaron (promontory)<br><strong>Wikidata</strong>: <a href="https://wikidata.org/wiki/Q124616405" target="_blank">https://wikidata.org/wiki/Q124616405</a><br><strong>type</strong>: temple<br><strong>passages</strong>: 3.25.4]]></description>
        <Point><coordinates>22.4831905,36.3856534</coordinates></Point>
      </Placemark>

      <Placemark>
        <name>Round building by the Skias in Sparta</name>
        <description><![CDATA[<strong>name</strong>: Round building by the Skias in Sparta<br><strong>region</strong>: Lakonia Bk3<br><strong>part of</strong>: Sparta<br><strong>type</strong>: building<br><strong>passages</strong>: 3.12.11]]></description>
        <Point><coordinates>22.42972,37.07333</coordinates></Point>
      </Placemark>

      <Placemark>
        <name>Temple of Julius Caesar in agora of Sparta</name>
        <description><![CDATA[<strong>name</strong>: Temple of Julius Caesar in agora of Sparta<br><strong>region</strong>: Lakonia Bk3<br><strong>part of</strong>: Agora of Sparta<br><strong>location</strong>: Agora of Sparta<br><strong>Wikidata</strong>: <a href="https://wikidata.org/wiki/Q124616498" target="_blank">https://wikidata.org/wiki/Q124616498</a><br><strong>type</strong>: temple<br><strong>passages</strong>: 3.11.4]]></description>
        <Point><coordinates>22.42659,37.08188</coordinates></Point>
      </Placemark>

      <Placemark>
        <name>Hellespontus</name>
        <description><![CDATA[<strong>name</strong>: Hellespontus<br><strong>region</strong>: Asia (continent)<br><strong>part of</strong>: Asia Minor (Asia)<br><strong>Wikidata</strong>: <a href="https://wikidata.org/wiki/Q6514" target="_blank">https://wikidata.org/wiki/Q6514</a><br><strong>type</strong>: strait<br><strong>passages</strong>: 1.29.10, 1.29.13, 1.6.5, 10.15.3, 3.17.8, 3.4.9, 9.27.1<br><strong>Pleiades</strong>: <a href="https://pleiades.stoa.org/places/501434" target="_blank">https://pleiades.stoa.org/places/501434</a>]]></description>
        <Point><coordinates>26.4,40.2</coordinates></Point>
      </Placemark>

      <Placemark>
        <name>Hellespontus</name>
        <description><![CDATA[<strong>name</strong>: Hellespontus<br><strong>region</strong>: Asia (continent)<br><strong>part of</strong>: Asia Minor (Asia)<br><strong>Wikidata</strong>: <a href="https://wikidata.org/wiki/Q6514" target="_blank">https://wikidata.org/wiki/Q6514</a><br><strong>type</strong>: strait<br><strong>passages</strong>: 1.29.10, 1.29.13, 1.6.5, 10.15.3, 3.17.8, 3.4.9, 9.27.1<br><strong>Pleiades</strong>: <a href="https://pleiades.stoa.org/places/501434" target="_blank">https://pleiades.stoa.org/places/501434</a>]]></description>
        <Point><coordinates>26.4,40.2</coordinates></Point>
      </Placemark>

      <Placemark>
        <name>Heroon of Hippolytos at Sparta</name>
        <description><![CDATA[<strong>name</strong>: Heroon of Hippolytos at Sparta<br><strong>region</strong>: Lakonia Bk3<br><strong>part of</strong>: Sparta<br><strong>location</strong>: Sparta<br><strong>Wikidata</strong>: <a href="https://wikidata.org/wiki/Q124616556" target="_blank">https://wikidata.org/wiki/Q124616556</a><br><strong>type</strong>: heroon<br><strong>passages</strong>: 3.12.9]]></description>
        <Point><coordinates>22.4237,37.0821</coordinates></Point>
      </Placemark>

      <Placemark>
        <name>Sanctuary of Asklepios at Sparta near club of the Krotanoi</name>
        <description><![CDATA[<strong>name</strong>: Sanctuary of Asklepios at Sparta near club of the Krotanoi<br><strong>region</strong>: Lakonia Bk3<br><strong>part of</strong>: Sparta<br><strong>location</strong>: Sparta<br><strong>Wikidata</strong>: <a href="https://wikidata.org/wiki/Q124616350" target="_blank">https://wikidata.org/wiki/Q124616350</a><br><strong>type</strong>: hieron<br><strong>passages</strong>: 3.14.2]]></description>
        <Point><coordinates>22.4237,37.0821</coordinates></Point>
      </Placemark>

      <Placemark>
        <name>Platanistos cape (Kythera)</name>
        <description><![CDATA[<strong>name</strong>: Platanistos cape (Kythera)<br><strong>region</strong>: Aegean Sea (Hellas)<br><strong>part of</strong>: Cythera island<br><strong>type</strong>: cape<br><strong>passages</strong>: 3.23.1<br><strong>Pleiades</strong>: <a href="https://pleiades.stoa.org/places/570618" target="_blank">https://pleiades.stoa.org/places/570618</a><br><strong>ToposText</strong>: <a href="https://topostext.org/place/363230LPla" target="_blank">https://topostext.org/place/363230LPla</a>]]></description>
        <Point><coordinates>22.9503,36.3852</coordinates></Point>
      </Placemark>

      <Placemark>
        <name>Kalathion (mountain)</name>
        <description><![CDATA[<strong>name</strong>: Kalathion (mountain)<br><strong>region</strong>: Lakonia Bk3<br><strong>part of</strong>: Gerenia (Messenia)<br><strong>Wikidata</strong>: <a href="https://wikidata.org/wiki/Q25053388" target="_blank">https://wikidata.org/wiki/Q25053388</a><br><strong>type</strong>: mountain oros<br><strong>passages</strong>: 3.26.11<br><strong>Pleiades</strong>: <a href="https://pleiades.stoa.org/places/570324" target="_blank">https://pleiades.stoa.org/places/570324</a>]]></description>
        <Point><coordinates>22.17928,36.92565</coordinates></Point>
      </Placemark>

      <Placemark>
        <name>Bouleuterion of the Senate of Sparta</name>
        <description><![CDATA[<strong>name</strong>: Bouleuterion of the Senate of Sparta<br><strong>region</strong>: Lakonia Bk3<br><strong>part of</strong>: Agora of Sparta<br><strong>location</strong>: Agora of Sparta<br><strong>type</strong>: bouleuterion<br><strong>passages</strong>: 3.11.2]]></description>
        <Point><coordinates>22.42659,37.08188</coordinates></Point>
      </Placemark>

      <Placemark>
        <name>Sebrion locality near Dorkeia spring in Sparta</name>
        <description><![CDATA[<strong>name</strong>: Sebrion locality near Dorkeia spring in Sparta<br><strong>region</strong>: Lakonia Bk3<br><strong>part of</strong>: Sparta<br><strong>location</strong>: Sparta<br><strong>Wikidata</strong>: <a href="https://wikidata.org/wiki/Q124616414" target="_blank">https://wikidata.org/wiki/Q124616414</a><br><strong>type</strong>: chorion<br><strong>passages</strong>: 3.15.2]]></description>
        <Point><coordinates>22.4237,37.0821</coordinates></Point>
      </Placemark>

      <Placemark>
        <name>Phrouria guardhouses? at Sparta</name>
        <description><![CDATA[<strong>name</strong>: Phrouria guardhouses? at Sparta<br><strong>region</strong>: Lakonia Bk3<br><strong>part of</strong>: Sparta<br><strong>location</strong>: Sparta<br><strong>type</strong>: building<br><strong>passages</strong>: 3.12.8]]></description>
        <Point><coordinates>22.4237,37.0821</coordinates></Point>
      </Placemark>

      <Placemark>
        <name>Sanctuary of Morpho in Aphrodite temple of Sparta</name>
        <description><![CDATA[<strong>name</strong>: Sanctuary of Morpho in Aphrodite temple of Sparta<br><strong>region</strong>: Lakonia Bk3<br><strong>part of</strong>: Temple of Aphrodite with armed xoanon in Sparta<br><strong>location</strong>: Temple of Aphrodite with armed xoanon in Sparta<br><strong>type</strong>: hieron<br><strong>passages</strong>: 3.15.10]]></description>
        <Point><coordinates>22.4237,37.0821</coordinates></Point>
      </Placemark>

      <Placemark>
        <name>Poikile clubhouse (lesche) in Sparta</name>
        <description><![CDATA[<strong>name</strong>: Poikile clubhouse (lesche) in Sparta<br><strong>region</strong>: Lakonia Bk3<br><strong>part of</strong>: Sparta<br><strong>location</strong>: Sparta<br><strong>Wikidata</strong>: <a href="https://wikidata.org/wiki/Q124616534" target="_blank">https://wikidata.org/wiki/Q124616534</a><br><strong>type</strong>: clubhouse<br><strong>passages</strong>: 3.15.8]]></description>
        <Point><coordinates>22.4237,37.0821</coordinates></Point>
      </Placemark>

      <Placemark>
        <name>Haliartos (Boeotia)</name>
        <description><![CDATA[<strong>name</strong>: Haliartos (Boeotia)<br><strong>region</strong>: Boiotia Bk9<br><strong>part of</strong>: Boiotia Bk9<br><strong>Wikidata</strong>: <a href="https://wikidata.org/wiki/Q359627" target="_blank">https://wikidata.org/wiki/Q359627</a><br><strong>type</strong>: fortification<br><strong>passages</strong>: 1.27.5, 10.35.2, 3.5.3, 3.5.5, 7.3.1, 9.16.6, 9.18.4, 9.32.5, 9.33.1, 9.33.3, 9.33.4, 9.34.7, 9.34.8<br><strong>Pleiades</strong>: <a href="https://pleiades.stoa.org/places/540801" target="_blank">https://pleiades.stoa.org/places/540801</a><br><strong>ToposText</strong>: <a href="https://topostext.org/place/384231PHal" target="_blank">https://topostext.org/place/384231PHal</a>]]></description>
        <Point><coordinates>23.088,38.3787</coordinates></Point>
      </Placemark>

      <Placemark>
        <name>Haliartos (Boeotia)</name>
        <description><![CDATA[<strong>name</strong>: Haliartos (Boeotia)<br><strong>region</strong>: Boiotia Bk9<br><strong>part of</strong>: Boiotia Bk9<br><strong>Wikidata</strong>: <a href="https://wikidata.org/wiki/Q359627" target="_blank">https://wikidata.org/wiki/Q359627</a><br><strong>type</strong>: fortification<br><strong>passages</strong>: 1.27.5, 10.35.2, 3.5.3, 3.5.5, 7.3.1, 9.16.6, 9.18.4, 9.32.5, 9.33.1, 9.33.3, 9.33.4, 9.34.7, 9.34.8<br><strong>Pleiades</strong>: <a href="https://pleiades.stoa.org/places/540801" target="_blank">https://pleiades.stoa.org/places/540801</a><br><strong>ToposText</strong>: <a href="https://topostext.org/place/384231PHal" target="_blank">https://topostext.org/place/384231PHal</a>]]></description>
        <Point><coordinates>23.088,38.3787</coordinates></Point>
      </Placemark>

      <Placemark>
        <name>Cappadocia</name>
        <description><![CDATA[<strong>name</strong>: Cappadocia<br><strong>region</strong>: Asia (continent)<br><strong>part of</strong>: Asia Minor (Asia)<br><strong>Wikidata</strong>: <a href="https://wikidata.org/wiki/Q217265" target="_blank">https://wikidata.org/wiki/Q217265</a><br><strong>type</strong>: chora/region<br><strong>passages</strong>: 3.16.8<br><strong>Pleiades</strong>: <a href="https://pleiades.stoa.org/places/991402" target="_blank">https://pleiades.stoa.org/places/991402</a>]]></description>
        <Point><coordinates>37.5,37.5</coordinates></Point>
      </Placemark>

      <Placemark>
        <name>Shrine of Dionysos on Ilios Mt. near Las</name>
        <description><![CDATA[<strong>name</strong>: Shrine of Dionysos on Ilios Mt. near Las<br><strong>region</strong>: Lakonia Bk3<br><strong>part of</strong>: Ilios M.<br><strong>location</strong>: Las polis<br><strong>Wikidata</strong>: <a href="https://wikidata.org/wiki/Q124616402" target="_blank">https://wikidata.org/wiki/Q124616402</a><br><strong>type</strong>: temple<br><strong>passages</strong>: 3.24.8]]></description>
        <Point><coordinates>22.5047,36.7279</coordinates></Point>
      </Placemark>

      <Placemark>
        <name>Nicomedia</name>
        <description><![CDATA[<strong>name</strong>: Nicomedia<br><strong>region</strong>: Asia Minor (Asia)<br><strong>part of</strong>: Bithynia (region)<br><strong>Wikidata</strong>: <a href="https://wikidata.org/wiki/Q209349" target="_blank">https://wikidata.org/wiki/Q209349</a><br><strong>type</strong>: polis<br><strong>passages</strong>: 3.3.8, 5.12.7<br><strong>Pleiades</strong>: <a href="https://pleiades.stoa.org/places/511337" target="_blank">https://pleiades.stoa.org/places/511337</a>]]></description>
        <Point><coordinates>29.923486000000004,40.76445</coordinates></Point>
      </Placemark>

      <Placemark>
        <name>Tomb of Las at Arainon</name>
        <description><![CDATA[<strong>name</strong>: Tomb of Las at Arainon<br><strong>region</strong>: Lakonia Bk3<br><strong>part of</strong>: Arainon<br><strong>location</strong>: Arainon<br><strong>Wikidata</strong>: <a href="https://wikidata.org/wiki/Q124616335" target="_blank">https://wikidata.org/wiki/Q124616335</a><br><strong>type</strong>: tomb taphos<br><strong>passages</strong>: 3.24.10, 3.25.1<br><strong>Manto</strong>: <a href="https://resource.manto.unh.edu/10149904" target="_blank">https://resource.manto.unh.edu/10149904</a>]]></description>
        <Point><coordinates>22.521276,36.69704</coordinates></Point>
      </Placemark>

      <Placemark>
        <name>Tomb of Las at Arainon</name>
        <description><![CDATA[<strong>name</strong>: Tomb of Las at Arainon<br><strong>region</strong>: Lakonia Bk3<br><strong>part of</strong>: Arainon<br><strong>location</strong>: Arainon<br><strong>Wikidata</strong>: <a href="https://wikidata.org/wiki/Q124616335" target="_blank">https://wikidata.org/wiki/Q124616335</a><br><strong>type</strong>: tomb taphos<br><strong>passages</strong>: 3.24.10, 3.25.1<br><strong>Manto</strong>: <a href="https://resource.manto.unh.edu/10149904" target="_blank">https://resource.manto.unh.edu/10149904</a>]]></description>
        <Point><coordinates>22.521276,36.69704</coordinates></Point>
      </Placemark>

      <Placemark>
        <name>Cult of Demeter Chthonia at Sparta</name>
        <description><![CDATA[<strong>name</strong>: Cult of Demeter Chthonia at Sparta<br><strong>region</strong>: Lakonia Bk3<br><strong>part of</strong>: Sparta<br><strong>location</strong>: Sparta<br><strong>altname</strong>: worship derived from cult at Hermione<br><strong>type</strong>: cult<br><strong>passages</strong>: 3.14.5<br><strong>Manto</strong>: <a href="https://resource.manto.unh.edu/10150401" target="_blank">https://resource.manto.unh.edu/10150401</a>]]></description>
        <Point><coordinates>22.4237,37.0821</coordinates></Point>
      </Placemark>

      <Placemark>
        <name>ring of plane trees at Platanistas, Sparta</name>
        <description><![CDATA[<strong>name</strong>: ring of plane trees at Platanistas, Sparta<br><strong>region</strong>: Lakonia Bk3<br><strong>part of</strong>: Platanista grove (Lakonia)<br><strong>location</strong>: Platanista grove (Lakonia)<br><strong>type</strong>: platanos<br><strong>passages</strong>: 3.14.8]]></description>
        <Point><coordinates>22.4191,37.0841</coordinates></Point>
      </Placemark>

      <Placemark>
        <name>Aulis</name>
        <description><![CDATA[<strong>name</strong>: Aulis<br><strong>region</strong>: Boiotia Bk9<br><strong>part of</strong>: Boiotia Bk9<br><strong>altname</strong>: harbor on Boeotia-Chalkis border<br><strong>Wikidata</strong>: <a href="https://wikidata.org/wiki/Q2612265" target="_blank">https://wikidata.org/wiki/Q2612265</a><br><strong>type</strong>: harbor limen, settlement<br><strong>passages</strong>: 1.35.3, 10.26.3, 3.9.10, 3.9.3, 3.9.4, 8.28.4, 8.28.5, 9.19.6, 9.19.7, 9.19.8<br><strong>Pleiades</strong>: <a href="https://pleiades.stoa.org/places/579889" target="_blank">https://pleiades.stoa.org/places/579889</a><br><strong>ToposText</strong>: <a href="https://topostext.org/place/384236UAul" target="_blank">https://topostext.org/place/384236UAul</a>]]></description>
        <Point><coordinates>23.594,38.4361</coordinates></Point>
      </Placemark>

      <Placemark>
        <name>Aulis</name>
        <description><![CDATA[<strong>name</strong>: Aulis<br><strong>region</strong>: Boiotia Bk9<br><strong>part of</strong>: Boiotia Bk9<br><strong>altname</strong>: harbor on Boeotia-Chalkis border<br><strong>Wikidata</strong>: <a href="https://wikidata.org/wiki/Q2612265" target="_blank">https://wikidata.org/wiki/Q2612265</a><br><strong>type</strong>: harbor limen, settlement<br><strong>passages</strong>: 1.35.3, 10.26.3, 3.9.10, 3.9.3, 3.9.4, 8.28.4, 8.28.5, 9.19.6, 9.19.7, 9.19.8<br><strong>Pleiades</strong>: <a href="https://pleiades.stoa.org/places/579889" target="_blank">https://pleiades.stoa.org/places/579889</a><br><strong>ToposText</strong>: <a href="https://topostext.org/place/384236UAul" target="_blank">https://topostext.org/place/384236UAul</a>]]></description>
        <Point><coordinates>23.594,38.4361</coordinates></Point>
      </Placemark>

      <Placemark>
        <name>Aulis</name>
        <description><![CDATA[<strong>name</strong>: Aulis<br><strong>region</strong>: Boiotia Bk9<br><strong>part of</strong>: Boiotia Bk9<br><strong>altname</strong>: harbor on Boeotia-Chalkis border<br><strong>Wikidata</strong>: <a href="https://wikidata.org/wiki/Q2612265" target="_blank">https://wikidata.org/wiki/Q2612265</a><br><strong>type</strong>: harbor limen, settlement<br><strong>passages</strong>: 1.35.3, 10.26.3, 3.9.10, 3.9.3, 3.9.4, 8.28.4, 8.28.5, 9.19.6, 9.19.7, 9.19.8<br><strong>Pleiades</strong>: <a href="https://pleiades.stoa.org/places/579889" target="_blank">https://pleiades.stoa.org/places/579889</a><br><strong>ToposText</strong>: <a href="https://topostext.org/place/384236UAul" target="_blank">https://topostext.org/place/384236UAul</a>]]></description>
        <Point><coordinates>23.594,38.4361</coordinates></Point>
      </Placemark>

      <Placemark>
        <name>Paros</name>
        <description><![CDATA[<strong>name</strong>: Paros<br><strong>region</strong>: Aegean Sea (Hellas)<br><strong>part of</strong>: Paros (island)<br><strong>Wikidata</strong>: <a href="https://wikidata.org/wiki/Q65040323" target="_blank">https://wikidata.org/wiki/Q65040323</a><br><strong>type</strong>: polis<br><strong>passages</strong>: 1.32.4, 10.28.3, 3.18.8, 8.47.1, 9.22.6<br><strong>Pleiades</strong>: <a href="https://pleiades.stoa.org/places/599867" target="_blank">https://pleiades.stoa.org/places/599867</a>]]></description>
        <Point><coordinates>25.150727999999997,37.08579</coordinates></Point>
      </Placemark>

      <Placemark>
        <name>Hyperborea (Asia)</name>
        <description><![CDATA[<strong>name</strong>: Hyperborea (Asia)<br><strong>region</strong>: <br><strong>part of</strong>: Scythia (Europe)<br><strong>altname</strong>: land of the Hyperboreans: mythical land and people in the far north<br><strong>Wikidata</strong>: <a href="https://wikidata.org/wiki/Q243333" target="_blank">https://wikidata.org/wiki/Q243333</a><br><strong>type</strong>: major region, mythical place<br><strong>passages</strong>: 1.18.5, 1.31.2, 1.4.4, 10.5.7, 10.5.9, 3.13.2, 5.7.7, 5.7.8]]></description>
        <Point><coordinates>34,50</coordinates></Point>
      </Placemark>

      <Placemark>
        <name>fountain of cold water at Asclepius cave of Kyphanta</name>
        <description><![CDATA[<strong>name</strong>: fountain of cold water at Asclepius cave of Kyphanta<br><strong>region</strong>: Lakonia Bk3<br><strong>part of</strong>: Sacred cave of Asklepios at Kyphanta<br><strong>location</strong>: Sacred cave of Asklepios at Kyphanta<br><strong>type</strong>: spring pege<br><strong>passages</strong>: 3.24.2<br><strong>Manto</strong>: <a href="https://resource.manto.unh.edu/11288847" target="_blank">https://resource.manto.unh.edu/11288847</a>]]></description>
        <Point><coordinates>22.9925,36.9683</coordinates></Point>
      </Placemark>

      <Placemark>
        <name>Agora of Boiai</name>
        <description><![CDATA[<strong>name</strong>: Agora of Boiai<br><strong>region</strong>: Lakonia Bk3<br><strong>part of</strong>: Boiai (Lakonia)<br><strong>location</strong>: Boiai (Lakonia)<br><strong>Wikidata</strong>: <a href="https://wikidata.org/wiki/Q124606122" target="_blank">https://wikidata.org/wiki/Q124606122</a><br><strong>type</strong>: agora<br><strong>passages</strong>: 3.22.13]]></description>
        <Point><coordinates>23.062,36.517</coordinates></Point>
      </Placemark>

      <Placemark>
        <name>Agamemnon/Alexandra sanctuary (Lakonia)</name>
        <description><![CDATA[<strong>name</strong>: Agamemnon/Alexandra sanctuary (Lakonia)<br><strong>region</strong>: Lakonia Bk3<br><strong>part of</strong>: Amyclae (Laconia)<br><strong>Wikidata</strong>: <a href="https://wikidata.org/wiki/Q111081967" target="_blank">https://wikidata.org/wiki/Q111081967</a><br><strong>type</strong>: hieron<br><strong>passages</strong>: 3.19.6<br><strong>ToposText</strong>: <a href="https://topostext.org/place/370224SAgA" target="_blank">https://topostext.org/place/370224SAgA</a>]]></description>
        <Point><coordinates>22.4474,37.024</coordinates></Point>
      </Placemark>

      <Placemark>
        <name>Knakadion M.</name>
        <description><![CDATA[<strong>name</strong>: Knakadion M.<br><strong>region</strong>: Lakonia Bk3<br><strong>part of</strong>: Las polis<br><strong>location</strong>: Las polis<br><strong>Wikidata</strong>: <a href="https://wikidata.org/wiki/Q124613900" target="_blank">https://wikidata.org/wiki/Q124613900</a><br><strong>type</strong>: mountain oros<br><strong>passages</strong>: 3.24.6, 3.24.8<br><strong>Pleiades</strong>: <a href="https://pleiades.stoa.org/places/573292" target="_blank">https://pleiades.stoa.org/places/573292</a>]]></description>
        <Point><coordinates>22.5047,36.7279</coordinates></Point>
      </Placemark>

      <Placemark>
        <name>Knakadion M.</name>
        <description><![CDATA[<strong>name</strong>: Knakadion M.<br><strong>region</strong>: Lakonia Bk3<br><strong>part of</strong>: Las polis<br><strong>location</strong>: Las polis<br><strong>Wikidata</strong>: <a href="https://wikidata.org/wiki/Q124613900" target="_blank">https://wikidata.org/wiki/Q124613900</a><br><strong>type</strong>: mountain oros<br><strong>passages</strong>: 3.24.6, 3.24.8<br><strong>Pleiades</strong>: <a href="https://pleiades.stoa.org/places/573292" target="_blank">https://pleiades.stoa.org/places/573292</a>]]></description>
        <Point><coordinates>22.5047,36.7279</coordinates></Point>
      </Placemark>

      <Placemark>
        <name>Corinth (Corinthia)</name>
        <description><![CDATA[<strong>name</strong>: Corinth (Corinthia)<br><strong>region</strong>: Corinthia Bk2<br><strong>part of</strong>: Corinthia Bk2<br><strong>altname</strong>: Korinthos<br><strong>Wikidata</strong>: <a href="https://wikidata.org/wiki/Q1363688" target="_blank">https://wikidata.org/wiki/Q1363688</a><br><strong>type</strong>: polis<br><strong>passages</strong>: 1.27.10, 1.27.9, 1.29.11, 1.37.5, 1.39.4, 1.44.10, 1.44.6, 10.11.6, 10.5.3, 10.8.5, 10.9.10, 2.1.1, 2.1.2, 2.1.6, 2.15.1, 2.2.2, 2.2.4, 2.2.5, 2.2.6, 2.28.8, 2.3.1, 2.3.10, 2.3.11, 2.3.5, 2.3.7, 2.31.9, 2.4.3, 2.4.4, 2.4.6, 2.5.1, 2.5.5, 2.6.1, 2.7.2, 2.8.4, 2.8.5, 3.10.1, 3.5.7, 4.17.5, 5.10.5, 5.17.5, 6.2.2, 7.14.1, 7.14.2, 7.14.5, 7.15.10, 7.16.4, 7.16.7, 7.27.6, 7.6.7, 7.7.6, 7.8.1, 7.8.2, 9.26.2, 9.6.4, 9.9.4<br><strong>Pleiades</strong>: <a href="https://pleiades.stoa.org/places/570182" target="_blank">https://pleiades.stoa.org/places/570182</a><br><strong>ToposText</strong>: <a href="https://topostext.org/place/379229PKor" target="_blank">https://topostext.org/place/379229PKor</a>]]></description>
        <Point><coordinates>22.8802,37.9054</coordinates></Point>
      </Placemark>

      <Placemark>
        <name>Corinth (Corinthia)</name>
        <description><![CDATA[<strong>name</strong>: Corinth (Corinthia)<br><strong>region</strong>: Corinthia Bk2<br><strong>part of</strong>: Corinthia Bk2<br><strong>altname</strong>: Korinthos<br><strong>Wikidata</strong>: <a href="https://wikidata.org/wiki/Q1363688" target="_blank">https://wikidata.org/wiki/Q1363688</a><br><strong>type</strong>: polis<br><strong>passages</strong>: 1.27.10, 1.27.9, 1.29.11, 1.37.5, 1.39.4, 1.44.10, 1.44.6, 10.11.6, 10.5.3, 10.8.5, 10.9.10, 2.1.1, 2.1.2, 2.1.6, 2.15.1, 2.2.2, 2.2.4, 2.2.5, 2.2.6, 2.28.8, 2.3.1, 2.3.10, 2.3.11, 2.3.5, 2.3.7, 2.31.9, 2.4.3, 2.4.4, 2.4.6, 2.5.1, 2.5.5, 2.6.1, 2.7.2, 2.8.4, 2.8.5, 3.10.1, 3.5.7, 4.17.5, 5.10.5, 5.17.5, 6.2.2, 7.14.1, 7.14.2, 7.14.5, 7.15.10, 7.16.4, 7.16.7, 7.27.6, 7.6.7, 7.7.6, 7.8.1, 7.8.2, 9.26.2, 9.6.4, 9.9.4<br><strong>Pleiades</strong>: <a href="https://pleiades.stoa.org/places/570182" target="_blank">https://pleiades.stoa.org/places/570182</a><br><strong>ToposText</strong>: <a href="https://topostext.org/place/379229PKor" target="_blank">https://topostext.org/place/379229PKor</a>]]></description>
        <Point><coordinates>22.8802,37.9054</coordinates></Point>
      </Placemark>

      <Placemark>
        <name>Eleusinian Demeter sanctuary on Taygetus, Lakonia</name>
        <description><![CDATA[<strong>name</strong>: Eleusinian Demeter sanctuary on Taygetus, Lakonia<br><strong>region</strong>: Lakonia Bk3<br><strong>part of</strong>: Taygetos (mountain)<br><strong>Wikidata</strong>: <a href="https://wikidata.org/wiki/Q79104156" target="_blank">https://wikidata.org/wiki/Q79104156</a><br><strong>type</strong>: hieron<br><strong>passages</strong>: 3.20.5, 3.20.7<br><strong>Manto</strong>: <a href="https://resource.manto.unh.edu/10146629" target="_blank">https://resource.manto.unh.edu/10146629</a><br><strong>Pleiades</strong>: <a href="https://pleiades.stoa.org/places/570216" target="_blank">https://pleiades.stoa.org/places/570216</a><br><strong>ToposText</strong>: <a href="https://topostext.org/place/370224SElD" target="_blank">https://topostext.org/place/370224SElD</a>]]></description>
        <Point><coordinates>22.41979,37.01384</coordinates></Point>
      </Placemark>

      <Placemark>
        <name>Eleusinian Demeter sanctuary on Taygetus, Lakonia</name>
        <description><![CDATA[<strong>name</strong>: Eleusinian Demeter sanctuary on Taygetus, Lakonia<br><strong>region</strong>: Lakonia Bk3<br><strong>part of</strong>: Taygetos (mountain)<br><strong>Wikidata</strong>: <a href="https://wikidata.org/wiki/Q79104156" target="_blank">https://wikidata.org/wiki/Q79104156</a><br><strong>type</strong>: hieron<br><strong>passages</strong>: 3.20.5, 3.20.7<br><strong>Manto</strong>: <a href="https://resource.manto.unh.edu/10146629" target="_blank">https://resource.manto.unh.edu/10146629</a><br><strong>Pleiades</strong>: <a href="https://pleiades.stoa.org/places/570216" target="_blank">https://pleiades.stoa.org/places/570216</a><br><strong>ToposText</strong>: <a href="https://topostext.org/place/370224SElD" target="_blank">https://topostext.org/place/370224SElD</a>]]></description>
        <Point><coordinates>22.41979,37.01384</coordinates></Point>
      </Placemark>

      <Placemark>
        <name>Pyrrichos</name>
        <description><![CDATA[<strong>name</strong>: Pyrrichos<br><strong>region</strong>: Lakonia Bk3<br><strong>part of</strong>: Lakonia Bk3<br><strong>Wikidata</strong>: <a href="https://wikidata.org/wiki/Q7263760" target="_blank">https://wikidata.org/wiki/Q7263760</a><br><strong>type</strong>: polis<br><strong>passages</strong>: 3.21.7, 3.25.1, 3.25.3, 3.25.4<br><strong>Pleiades</strong>: <a href="https://pleiades.stoa.org/places/570642" target="_blank">https://pleiades.stoa.org/places/570642</a>]]></description>
        <Point><coordinates>22.432959,36.659054</coordinates></Point>
      </Placemark>

      <Placemark>
        <name>Pyrrichos</name>
        <description><![CDATA[<strong>name</strong>: Pyrrichos<br><strong>region</strong>: Lakonia Bk3<br><strong>part of</strong>: Lakonia Bk3<br><strong>Wikidata</strong>: <a href="https://wikidata.org/wiki/Q7263760" target="_blank">https://wikidata.org/wiki/Q7263760</a><br><strong>type</strong>: polis<br><strong>passages</strong>: 3.21.7, 3.25.1, 3.25.3, 3.25.4<br><strong>Pleiades</strong>: <a href="https://pleiades.stoa.org/places/570642" target="_blank">https://pleiades.stoa.org/places/570642</a>]]></description>
        <Point><coordinates>22.432959,36.659054</coordinates></Point>
      </Placemark>

      <Placemark>
        <name>Pyrrichos</name>
        <description><![CDATA[<strong>name</strong>: Pyrrichos<br><strong>region</strong>: Lakonia Bk3<br><strong>part of</strong>: Lakonia Bk3<br><strong>Wikidata</strong>: <a href="https://wikidata.org/wiki/Q7263760" target="_blank">https://wikidata.org/wiki/Q7263760</a><br><strong>type</strong>: polis<br><strong>passages</strong>: 3.21.7, 3.25.1, 3.25.3, 3.25.4<br><strong>Pleiades</strong>: <a href="https://pleiades.stoa.org/places/570642" target="_blank">https://pleiades.stoa.org/places/570642</a>]]></description>
        <Point><coordinates>22.432959,36.659054</coordinates></Point>
      </Placemark>

      <Placemark>
        <name>Pyrrichos</name>
        <description><![CDATA[<strong>name</strong>: Pyrrichos<br><strong>region</strong>: Lakonia Bk3<br><strong>part of</strong>: Lakonia Bk3<br><strong>Wikidata</strong>: <a href="https://wikidata.org/wiki/Q7263760" target="_blank">https://wikidata.org/wiki/Q7263760</a><br><strong>type</strong>: polis<br><strong>passages</strong>: 3.21.7, 3.25.1, 3.25.3, 3.25.4<br><strong>Pleiades</strong>: <a href="https://pleiades.stoa.org/places/570642" target="_blank">https://pleiades.stoa.org/places/570642</a>]]></description>
        <Point><coordinates>22.432959,36.659054</coordinates></Point>
      </Placemark>

      <Placemark>
        <name>Stone of Zeus Kappotas near Gythion</name>
        <description><![CDATA[<strong>name</strong>: Stone of Zeus Kappotas near Gythion<br><strong>region</strong>: Lakonia Bk3<br><strong>part of</strong>: Gythion<br><strong>location</strong>: Gythion<br><strong>altname</strong>: unworked stone where Orestes was cured, 3 stades from Gythion<br><strong>type</strong>: rock<br><strong>passages</strong>: 3.22.1]]></description>
        <Point><coordinates>22.562341,36.763663</coordinates></Point>
      </Placemark>

      <Placemark>
        <name>Asopos (Lakonia)</name>
        <description><![CDATA[<strong>name</strong>: Asopos (Lakonia)<br><strong>region</strong>: Lakonia Bk3<br><strong>part of</strong>: Lakonia Bk3<br><strong>altname</strong>: on the sea after Akriai<br><strong>Wikidata</strong>: <a href="https://wikidata.org/wiki/Q12874174" target="_blank">https://wikidata.org/wiki/Q12874174</a><br><strong>type</strong>: polis<br><strong>passages</strong>: 3.21.7, 3.22.10, 3.22.9<br><strong>Pleiades</strong>: <a href="https://pleiades.stoa.org/places/570129" target="_blank">https://pleiades.stoa.org/places/570129</a><br><strong>ToposText</strong>: <a href="https://topostext.org/place/367229UAso" target="_blank">https://topostext.org/place/367229UAso</a>]]></description>
        <Point><coordinates>22.8426,36.6845</coordinates></Point>
      </Placemark>

      <Placemark>
        <name>Asopos (Lakonia)</name>
        <description><![CDATA[<strong>name</strong>: Asopos (Lakonia)<br><strong>region</strong>: Lakonia Bk3<br><strong>part of</strong>: Lakonia Bk3<br><strong>altname</strong>: on the sea after Akriai<br><strong>Wikidata</strong>: <a href="https://wikidata.org/wiki/Q12874174" target="_blank">https://wikidata.org/wiki/Q12874174</a><br><strong>type</strong>: polis<br><strong>passages</strong>: 3.21.7, 3.22.10, 3.22.9<br><strong>Pleiades</strong>: <a href="https://pleiades.stoa.org/places/570129" target="_blank">https://pleiades.stoa.org/places/570129</a><br><strong>ToposText</strong>: <a href="https://topostext.org/place/367229UAso" target="_blank">https://topostext.org/place/367229UAso</a>]]></description>
        <Point><coordinates>22.8426,36.6845</coordinates></Point>
      </Placemark>

      <Placemark>
        <name>Asopos (Lakonia)</name>
        <description><![CDATA[<strong>name</strong>: Asopos (Lakonia)<br><strong>region</strong>: Lakonia Bk3<br><strong>part of</strong>: Lakonia Bk3<br><strong>altname</strong>: on the sea after Akriai<br><strong>Wikidata</strong>: <a href="https://wikidata.org/wiki/Q12874174" target="_blank">https://wikidata.org/wiki/Q12874174</a><br><strong>type</strong>: polis<br><strong>passages</strong>: 3.21.7, 3.22.10, 3.22.9<br><strong>Pleiades</strong>: <a href="https://pleiades.stoa.org/places/570129" target="_blank">https://pleiades.stoa.org/places/570129</a><br><strong>ToposText</strong>: <a href="https://topostext.org/place/367229UAso" target="_blank">https://topostext.org/place/367229UAso</a>]]></description>
        <Point><coordinates>22.8426,36.6845</coordinates></Point>
      </Placemark>

      <Placemark>
        <name>Altar of Artemis at Aulis</name>
        <description><![CDATA[<strong>name</strong>: Altar of Artemis at Aulis<br><strong>region</strong>: Boiotia Bk9<br><strong>part of</strong>: temple of Artemis at Aulis<br><strong>location</strong>: temple of Artemis at Aulis<br><strong>type</strong>: altar<br><strong>passages</strong>: 3.9.4]]></description>
        <Point><coordinates>23.59246,38.43335</coordinates></Point>
      </Placemark>

      <Placemark>
        <name>City walls of Plataea</name>
        <description><![CDATA[<strong>name</strong>: City walls of Plataea<br><strong>region</strong>: Boiotia Bk9<br><strong>part of</strong>: Plataea (Boeotia)<br><strong>location</strong>: Plataea (Boeotia)<br><strong>type</strong>: city walls<br><strong>passages</strong>: 3.9.3, 9.1.6]]></description>
        <Point><coordinates>23.2733,38.2213</coordinates></Point>
      </Placemark>

      <Placemark>
        <name>Heroon of Dorkeus a little way from Heroon of Enarsphoros in Sparta</name>
        <description><![CDATA[<strong>name</strong>: Heroon of Dorkeus a little way from Heroon of Enarsphoros in Sparta<br><strong>region</strong>: Lakonia Bk3<br><strong>part of</strong>: Sparta<br><strong>location</strong>: Sparta<br><strong>Wikidata</strong>: <a href="https://wikidata.org/wiki/Q124616561" target="_blank">https://wikidata.org/wiki/Q124616561</a><br><strong>type</strong>: heroon<br><strong>passages</strong>: 3.15.1]]></description>
        <Point><coordinates>22.4237,37.0821</coordinates></Point>
      </Placemark>

      <Placemark>
        <name>Tombs of the Agiad kings near Theomelida in Sparta</name>
        <description><![CDATA[<strong>name</strong>: Tombs of the Agiad kings near Theomelida in Sparta<br><strong>region</strong>: Lakonia Bk3<br><strong>part of</strong>: Sparta<br><strong>location</strong>: Sparta<br><strong>Wikidata</strong>: <a href="https://wikidata.org/wiki/Q124616322" target="_blank">https://wikidata.org/wiki/Q124616322</a><br><strong>type</strong>: tomb taphos<br><strong>passages</strong>: 3.14.2]]></description>
        <Point><coordinates>22.4237,37.0821</coordinates></Point>
      </Placemark>

      <Placemark>
        <name>city walls of Sparta</name>
        <description><![CDATA[<strong>name</strong>: city walls of Sparta<br><strong>region</strong>: Lakonia Bk3<br><strong>part of</strong>: Sparta<br><strong>location</strong>: Sparta<br><strong>type</strong>: city walls<br><strong>passages</strong>: 3.12.8, 3.15.3, 8.51.3]]></description>
        <Point><coordinates>22.4237,37.0821</coordinates></Point>
      </Placemark>

      <Placemark>
        <name>city walls of Sparta</name>
        <description><![CDATA[<strong>name</strong>: city walls of Sparta<br><strong>region</strong>: Lakonia Bk3<br><strong>part of</strong>: Sparta<br><strong>location</strong>: Sparta<br><strong>type</strong>: city walls<br><strong>passages</strong>: 3.12.8, 3.15.3, 8.51.3]]></description>
        <Point><coordinates>22.4237,37.0821</coordinates></Point>
      </Placemark>

      <Placemark>
        <name>Tomb of Polemarchos in Sparta</name>
        <description><![CDATA[<strong>name</strong>: Tomb of Polemarchos in Sparta<br><strong>region</strong>: Lakonia Bk3<br><strong>part of</strong>: Sparta<br><strong>location</strong>: Sparta<br><strong>Wikidata</strong>: <a href="https://wikidata.org/wiki/Q124616337" target="_blank">https://wikidata.org/wiki/Q124616337</a><br><strong>type</strong>: tomb mnema<br><strong>passages</strong>: 3.3.3]]></description>
        <Point><coordinates>22.4237,37.0821</coordinates></Point>
      </Placemark>

      <Placemark>
        <name>Heroon of Sebros, son of Hippokoon, by heroon of Dorkeus in Sparta</name>
        <description><![CDATA[<strong>name</strong>: Heroon of Sebros, son of Hippokoon, by heroon of Dorkeus in Sparta<br><strong>region</strong>: Lakonia Bk3<br><strong>part of</strong>: Sparta<br><strong>location</strong>: Sparta<br><strong>Wikidata</strong>: <a href="https://wikidata.org/wiki/Q124616565" target="_blank">https://wikidata.org/wiki/Q124616565</a><br><strong>type</strong>: heroon<br><strong>passages</strong>: 3.15.1]]></description>
        <Point><coordinates>22.4237,37.0821</coordinates></Point>
      </Placemark>

      <Placemark>
        <name>Aigion (Achaia)</name>
        <description><![CDATA[<strong>name</strong>: Aigion (Achaia)<br><strong>region</strong>: Achaia Bk7<br><strong>part of</strong>: Achaia Bk7<br><strong>Wikidata</strong>: <a href="https://wikidata.org/wiki/Q60790078" target="_blank">https://wikidata.org/wiki/Q60790078</a><br><strong>type</strong>: polis<br><strong>passages</strong>: 2.9.4, 3.21.1, 7.22.10, 7.23.4, 7.23.5, 7.23.9, 7.24.1, 7.24.2, 7.24.4, 7.24.5, 7.6.1, 7.7.2<br><strong>Pleiades</strong>: <a href="https://pleiades.stoa.org/places/570049" target="_blank">https://pleiades.stoa.org/places/570049</a><br><strong>ToposText</strong>: <a href="https://topostext.org/place/383221PAig" target="_blank">https://topostext.org/place/383221PAig</a>]]></description>
        <Point><coordinates>22.09,38.252</coordinates></Point>
      </Placemark>

      <Placemark>
        <name>Argos (Argolid)</name>
        <description><![CDATA[<strong>name</strong>: Argos (Argolid)<br><strong>region</strong>: Argolid Bk2<br><strong>part of</strong>: Argolid Bk2<br><strong>Wikidata</strong>: <a href="https://wikidata.org/wiki/Q13533353" target="_blank">https://wikidata.org/wiki/Q13533353</a><br><strong>type</strong>: polis<br><strong>passages</strong>: 1.13.7, 1.13.8, 1.14.2, 1.25.4, 1.27.10, 1.33.1, 1.41.1, 1.43.7, 1.43.8, 10.10.5, 10.35.1, 10.8.5, 2.13.1, 2.15.1, 2.15.2, 2.15.4, 2.16.1, 2.16.2, 2.16.3, 2.18.1, 2.18.5, 2.18.7, 2.18.8, 2.19.3, 2.20.4, 2.20.5, 2.20.8, 2.21.7, 2.22.4, 2.22.6, 2.22.8, 2.23.1, 2.23.5, 2.24.5, 2.25.1, 2.25.2, 2.25.5, 2.25.7, 2.25.8, 2.28.4, 2.30.10, 2.34.4, 2.34.5, 2.35.2, 2.36.6, 2.38.1, 2.4.2, 2.6.6, 2.8.6, 3.1.4, 3.1.5, 3.9.1, 4.1.1, 4.1.2, 4.10.6, 4.12.3, 4.14.1, 4.14.8, 4.15.7, 4.17.5, 4.3.3, 4.35.2, 4.8.8, 6.13.7, 6.2.2, 6.9.3, 7.1.5, 7.1.6, 7.1.7, 7.14.1, 7.17.1, 7.20.8, 7.23.10, 7.4.4, 7.6.3, 8.24.8, 8.27.1, 8.5.7, 8.54.5, 9.25.1, 9.36.6, 9.36.7, 9.5.12<br><strong>Pleiades</strong>: <a href="https://pleiades.stoa.org/places/570106" target="_blank">https://pleiades.stoa.org/places/570106</a><br><strong>ToposText</strong>: <a href="https://topostext.org/place/376227PArg" target="_blank">https://topostext.org/place/376227PArg</a>]]></description>
        <Point><coordinates>22.7195,37.6316</coordinates></Point>
      </Placemark>

      <Placemark>
        <name>Argos (Argolid)</name>
        <description><![CDATA[<strong>name</strong>: Argos (Argolid)<br><strong>region</strong>: Argolid Bk2<br><strong>part of</strong>: Argolid Bk2<br><strong>Wikidata</strong>: <a href="https://wikidata.org/wiki/Q13533353" target="_blank">https://wikidata.org/wiki/Q13533353</a><br><strong>type</strong>: polis<br><strong>passages</strong>: 1.13.7, 1.13.8, 1.14.2, 1.25.4, 1.27.10, 1.33.1, 1.41.1, 1.43.7, 1.43.8, 10.10.5, 10.35.1, 10.8.5, 2.13.1, 2.15.1, 2.15.2, 2.15.4, 2.16.1, 2.16.2, 2.16.3, 2.18.1, 2.18.5, 2.18.7, 2.18.8, 2.19.3, 2.20.4, 2.20.5, 2.20.8, 2.21.7, 2.22.4, 2.22.6, 2.22.8, 2.23.1, 2.23.5, 2.24.5, 2.25.1, 2.25.2, 2.25.5, 2.25.7, 2.25.8, 2.28.4, 2.30.10, 2.34.4, 2.34.5, 2.35.2, 2.36.6, 2.38.1, 2.4.2, 2.6.6, 2.8.6, 3.1.4, 3.1.5, 3.9.1, 4.1.1, 4.1.2, 4.10.6, 4.12.3, 4.14.1, 4.14.8, 4.15.7, 4.17.5, 4.3.3, 4.35.2, 4.8.8, 6.13.7, 6.2.2, 6.9.3, 7.1.5, 7.1.6, 7.1.7, 7.14.1, 7.17.1, 7.20.8, 7.23.10, 7.4.4, 7.6.3, 8.24.8, 8.27.1, 8.5.7, 8.54.5, 9.25.1, 9.36.6, 9.36.7, 9.5.12<br><strong>Pleiades</strong>: <a href="https://pleiades.stoa.org/places/570106" target="_blank">https://pleiades.stoa.org/places/570106</a><br><strong>ToposText</strong>: <a href="https://topostext.org/place/376227PArg" target="_blank">https://topostext.org/place/376227PArg</a>]]></description>
        <Point><coordinates>22.7195,37.6316</coordinates></Point>
      </Placemark>

      <Placemark>
        <name>Argos (Argolid)</name>
        <description><![CDATA[<strong>name</strong>: Argos (Argolid)<br><strong>region</strong>: Argolid Bk2<br><strong>part of</strong>: Argolid Bk2<br><strong>Wikidata</strong>: <a href="https://wikidata.org/wiki/Q13533353" target="_blank">https://wikidata.org/wiki/Q13533353</a><br><strong>type</strong>: polis<br><strong>passages</strong>: 1.13.7, 1.13.8, 1.14.2, 1.25.4, 1.27.10, 1.33.1, 1.41.1, 1.43.7, 1.43.8, 10.10.5, 10.35.1, 10.8.5, 2.13.1, 2.15.1, 2.15.2, 2.15.4, 2.16.1, 2.16.2, 2.16.3, 2.18.1, 2.18.5, 2.18.7, 2.18.8, 2.19.3, 2.20.4, 2.20.5, 2.20.8, 2.21.7, 2.22.4, 2.22.6, 2.22.8, 2.23.1, 2.23.5, 2.24.5, 2.25.1, 2.25.2, 2.25.5, 2.25.7, 2.25.8, 2.28.4, 2.30.10, 2.34.4, 2.34.5, 2.35.2, 2.36.6, 2.38.1, 2.4.2, 2.6.6, 2.8.6, 3.1.4, 3.1.5, 3.9.1, 4.1.1, 4.1.2, 4.10.6, 4.12.3, 4.14.1, 4.14.8, 4.15.7, 4.17.5, 4.3.3, 4.35.2, 4.8.8, 6.13.7, 6.2.2, 6.9.3, 7.1.5, 7.1.6, 7.1.7, 7.14.1, 7.17.1, 7.20.8, 7.23.10, 7.4.4, 7.6.3, 8.24.8, 8.27.1, 8.5.7, 8.54.5, 9.25.1, 9.36.6, 9.36.7, 9.5.12<br><strong>Pleiades</strong>: <a href="https://pleiades.stoa.org/places/570106" target="_blank">https://pleiades.stoa.org/places/570106</a><br><strong>ToposText</strong>: <a href="https://topostext.org/place/376227PArg" target="_blank">https://topostext.org/place/376227PArg</a>]]></description>
        <Point><coordinates>22.7195,37.6316</coordinates></Point>
      </Placemark>

      <Placemark>
        <name>Aphidna</name>
        <description><![CDATA[<strong>name</strong>: Aphidna<br><strong>region</strong>: Attica Bk1<br><strong>part of</strong>: Attica Bk1<br><strong>Wikidata</strong>: <a href="https://wikidata.org/wiki/Q618453" target="_blank">https://wikidata.org/wiki/Q618453</a><br><strong>type</strong>: settlement<br><strong>passages</strong>: 1.17.5, 1.41.3, 1.41.4, 2.22.6, 3.18.4, 3.18.5<br><strong>Pleiades</strong>: <a href="https://pleiades.stoa.org/places/579873" target="_blank">https://pleiades.stoa.org/places/579873</a>]]></description>
        <Point><coordinates>23.8792,38.1871</coordinates></Point>
      </Placemark>

      <Placemark>
        <name>Aphidna</name>
        <description><![CDATA[<strong>name</strong>: Aphidna<br><strong>region</strong>: Attica Bk1<br><strong>part of</strong>: Attica Bk1<br><strong>Wikidata</strong>: <a href="https://wikidata.org/wiki/Q618453" target="_blank">https://wikidata.org/wiki/Q618453</a><br><strong>type</strong>: settlement<br><strong>passages</strong>: 1.17.5, 1.41.3, 1.41.4, 2.22.6, 3.18.4, 3.18.5<br><strong>Pleiades</strong>: <a href="https://pleiades.stoa.org/places/579873" target="_blank">https://pleiades.stoa.org/places/579873</a>]]></description>
        <Point><coordinates>23.8792,38.1871</coordinates></Point>
      </Placemark>

      <Placemark>
        <name>Halicarnassus/Halikarnassos</name>
        <description><![CDATA[<strong>name</strong>: Halicarnassus/Halikarnassos<br><strong>region</strong>: Asia Minor (Asia)<br><strong>part of</strong>: Caria region<br><strong>Wikidata</strong>: <a href="https://wikidata.org/wiki/Q5843680" target="_blank">https://wikidata.org/wiki/Q5843680</a><br><strong>type</strong>: polis<br><strong>passages</strong>: 2.30.9, 3.11.3, 8.16.4<br><strong>Pleiades</strong>: <a href="https://pleiades.stoa.org/places/599636" target="_blank">https://pleiades.stoa.org/places/599636</a>]]></description>
        <Point><coordinates>27.424112,37.037864</coordinates></Point>
      </Placemark>

      <Placemark>
        <name>Temple of Athena Asia  on Asia Mt. above Las</name>
        <description><![CDATA[<strong>name</strong>: Temple of Athena Asia  on Asia Mt. above Las<br><strong>region</strong>: Lakonia Bk3<br><strong>part of</strong>: Las polis<br><strong>location</strong>: Las polis<br><strong>Wikidata</strong>: <a href="https://wikidata.org/wiki/Q124616400" target="_blank">https://wikidata.org/wiki/Q124616400</a><br><strong>type</strong>: temple<br><strong>passages</strong>: 3.24.7]]></description>
        <Point><coordinates>22.5047,36.7279</coordinates></Point>
      </Placemark>

      <Placemark>
        <name>Walls of Argos</name>
        <description><![CDATA[<strong>name</strong>: Walls of Argos<br><strong>region</strong>: Argolid Bk2<br><strong>part of</strong>: Argos (Argolid)<br><strong>location</strong>: Argos (Argolid)<br><strong>type</strong>: city walls<br><strong>passages</strong>: 2.20.9, 3.5.9]]></description>
        <Point><coordinates>22.7195,37.6316</coordinates></Point>
      </Placemark>

      <Placemark>
        <name>Ithome Mt. (Messenia)</name>
        <description><![CDATA[<strong>name</strong>: Ithome Mt. (Messenia)<br><strong>region</strong>: Messenia Bk4<br><strong>part of</strong>: Messenia Bk4<br><strong>Wikidata</strong>: <a href="https://wikidata.org/wiki/Q602538" target="_blank">https://wikidata.org/wiki/Q602538</a><br><strong>type</strong>: mountain oros, settlement<br><strong>passages</strong>: 1.29.8, 10.38.10, 3.11.8, 4.1.3, 4.10.1, 4.11.2, 4.11.4, 4.12.2, 4.12.5, 4.12.9, 4.13.6, 4.14.2, 4.15.1, 4.20.4, 4.23.6, 4.24.6, 4.24.7, 4.26.3, 4.26.7, 4.29.2, 4.29.5, 4.3.9, 4.31.4, 4.33.1, 4.9.1, 4.9.2, 4.9.4, 6.3.13, 8.50.5<br><strong>Pleiades</strong>: <a href="https://pleiades.stoa.org/places/570318" target="_blank">https://pleiades.stoa.org/places/570318</a><br><strong>ToposText</strong>: <a href="https://topostext.org/place/372219LIth" target="_blank">https://topostext.org/place/372219LIth</a>]]></description>
        <Point><coordinates>21.925,37.186</coordinates></Point>
      </Placemark>

      <Placemark>
        <name>Plataea (Boeotia)</name>
        <description><![CDATA[<strong>name</strong>: Plataea (Boeotia)<br><strong>region</strong>: Boiotia Bk9<br><strong>part of</strong>: Plataiis<br><strong>altname</strong>: Plataia<br><strong>Wikidata</strong>: <a href="https://wikidata.org/wiki/Q742538" target="_blank">https://wikidata.org/wiki/Q742538</a><br><strong>type</strong>: battlefield, polis<br><strong>passages</strong>: 1.13.4, 1.27.1, 1.38.8, 10.13.9, 10.2.1, 10.5.3, 10.5.4, 2.6.1, 3.11.7, 3.14.1, 3.17.7, 3.4.10, 3.4.9, 3.5.1, 3.7.10, 6.10.6, 6.3.8, 7.27.2, 7.6.4, 8.52.2, 8.6.1, 9.1.2, 9.1.4, 9.1.5, 9.1.8, 9.2.1, 9.2.3, 9.2.5, 9.2.6, 9.2.7, 9.3.1, 9.4.2, 9.4.3, 9.4.4, 9.5.11, 9.6.1, 9.8.7<br><strong>Pleiades</strong>: <a href="https://pleiades.stoa.org/places/541063" target="_blank">https://pleiades.stoa.org/places/541063</a><br><strong>ToposText</strong>: <a href="https://topostext.org/place/382233PPla" target="_blank">https://topostext.org/place/382233PPla</a>]]></description>
        <Point><coordinates>23.2733,38.2213</coordinates></Point>
      </Placemark>

      <Placemark>
        <name>Plataea (Boeotia)</name>
        <description><![CDATA[<strong>name</strong>: Plataea (Boeotia)<br><strong>region</strong>: Boiotia Bk9<br><strong>part of</strong>: Plataiis<br><strong>altname</strong>: Plataia<br><strong>Wikidata</strong>: <a href="https://wikidata.org/wiki/Q742538" target="_blank">https://wikidata.org/wiki/Q742538</a><br><strong>type</strong>: battlefield, polis<br><strong>passages</strong>: 1.13.4, 1.27.1, 1.38.8, 10.13.9, 10.2.1, 10.5.3, 10.5.4, 2.6.1, 3.11.7, 3.14.1, 3.17.7, 3.4.10, 3.4.9, 3.5.1, 3.7.10, 6.10.6, 6.3.8, 7.27.2, 7.6.4, 8.52.2, 8.6.1, 9.1.2, 9.1.4, 9.1.5, 9.1.8, 9.2.1, 9.2.3, 9.2.5, 9.2.6, 9.2.7, 9.3.1, 9.4.2, 9.4.3, 9.4.4, 9.5.11, 9.6.1, 9.8.7<br><strong>Pleiades</strong>: <a href="https://pleiades.stoa.org/places/541063" target="_blank">https://pleiades.stoa.org/places/541063</a><br><strong>ToposText</strong>: <a href="https://topostext.org/place/382233PPla" target="_blank">https://topostext.org/place/382233PPla</a>]]></description>
        <Point><coordinates>23.2733,38.2213</coordinates></Point>
      </Placemark>

      <Placemark>
        <name>Plataea (Boeotia)</name>
        <description><![CDATA[<strong>name</strong>: Plataea (Boeotia)<br><strong>region</strong>: Boiotia Bk9<br><strong>part of</strong>: Plataiis<br><strong>altname</strong>: Plataia<br><strong>Wikidata</strong>: <a href="https://wikidata.org/wiki/Q742538" target="_blank">https://wikidata.org/wiki/Q742538</a><br><strong>type</strong>: battlefield, polis<br><strong>passages</strong>: 1.13.4, 1.27.1, 1.38.8, 10.13.9, 10.2.1, 10.5.3, 10.5.4, 2.6.1, 3.11.7, 3.14.1, 3.17.7, 3.4.10, 3.4.9, 3.5.1, 3.7.10, 6.10.6, 6.3.8, 7.27.2, 7.6.4, 8.52.2, 8.6.1, 9.1.2, 9.1.4, 9.1.5, 9.1.8, 9.2.1, 9.2.3, 9.2.5, 9.2.6, 9.2.7, 9.3.1, 9.4.2, 9.4.3, 9.4.4, 9.5.11, 9.6.1, 9.8.7<br><strong>Pleiades</strong>: <a href="https://pleiades.stoa.org/places/541063" target="_blank">https://pleiades.stoa.org/places/541063</a><br><strong>ToposText</strong>: <a href="https://topostext.org/place/382233PPla" target="_blank">https://topostext.org/place/382233PPla</a>]]></description>
        <Point><coordinates>23.2733,38.2213</coordinates></Point>
      </Placemark>

      <Placemark>
        <name>Plataea (Boeotia)</name>
        <description><![CDATA[<strong>name</strong>: Plataea (Boeotia)<br><strong>region</strong>: Boiotia Bk9<br><strong>part of</strong>: Plataiis<br><strong>altname</strong>: Plataia<br><strong>Wikidata</strong>: <a href="https://wikidata.org/wiki/Q742538" target="_blank">https://wikidata.org/wiki/Q742538</a><br><strong>type</strong>: battlefield, polis<br><strong>passages</strong>: 1.13.4, 1.27.1, 1.38.8, 10.13.9, 10.2.1, 10.5.3, 10.5.4, 2.6.1, 3.11.7, 3.14.1, 3.17.7, 3.4.10, 3.4.9, 3.5.1, 3.7.10, 6.10.6, 6.3.8, 7.27.2, 7.6.4, 8.52.2, 8.6.1, 9.1.2, 9.1.4, 9.1.5, 9.1.8, 9.2.1, 9.2.3, 9.2.5, 9.2.6, 9.2.7, 9.3.1, 9.4.2, 9.4.3, 9.4.4, 9.5.11, 9.6.1, 9.8.7<br><strong>Pleiades</strong>: <a href="https://pleiades.stoa.org/places/541063" target="_blank">https://pleiades.stoa.org/places/541063</a><br><strong>ToposText</strong>: <a href="https://topostext.org/place/382233PPla" target="_blank">https://topostext.org/place/382233PPla</a>]]></description>
        <Point><coordinates>23.2733,38.2213</coordinates></Point>
      </Placemark>

      <Placemark>
        <name>Plataea (Boeotia)</name>
        <description><![CDATA[<strong>name</strong>: Plataea (Boeotia)<br><strong>region</strong>: Boiotia Bk9<br><strong>part of</strong>: Plataiis<br><strong>altname</strong>: Plataia<br><strong>Wikidata</strong>: <a href="https://wikidata.org/wiki/Q742538" target="_blank">https://wikidata.org/wiki/Q742538</a><br><strong>type</strong>: battlefield, polis<br><strong>passages</strong>: 1.13.4, 1.27.1, 1.38.8, 10.13.9, 10.2.1, 10.5.3, 10.5.4, 2.6.1, 3.11.7, 3.14.1, 3.17.7, 3.4.10, 3.4.9, 3.5.1, 3.7.10, 6.10.6, 6.3.8, 7.27.2, 7.6.4, 8.52.2, 8.6.1, 9.1.2, 9.1.4, 9.1.5, 9.1.8, 9.2.1, 9.2.3, 9.2.5, 9.2.6, 9.2.7, 9.3.1, 9.4.2, 9.4.3, 9.4.4, 9.5.11, 9.6.1, 9.8.7<br><strong>Pleiades</strong>: <a href="https://pleiades.stoa.org/places/541063" target="_blank">https://pleiades.stoa.org/places/541063</a><br><strong>ToposText</strong>: <a href="https://topostext.org/place/382233PPla" target="_blank">https://topostext.org/place/382233PPla</a>]]></description>
        <Point><coordinates>23.2733,38.2213</coordinates></Point>
      </Placemark>

      <Placemark>
        <name>Plataea (Boeotia)</name>
        <description><![CDATA[<strong>name</strong>: Plataea (Boeotia)<br><strong>region</strong>: Boiotia Bk9<br><strong>part of</strong>: Plataiis<br><strong>altname</strong>: Plataia<br><strong>Wikidata</strong>: <a href="https://wikidata.org/wiki/Q742538" target="_blank">https://wikidata.org/wiki/Q742538</a><br><strong>type</strong>: battlefield, polis<br><strong>passages</strong>: 1.13.4, 1.27.1, 1.38.8, 10.13.9, 10.2.1, 10.5.3, 10.5.4, 2.6.1, 3.11.7, 3.14.1, 3.17.7, 3.4.10, 3.4.9, 3.5.1, 3.7.10, 6.10.6, 6.3.8, 7.27.2, 7.6.4, 8.52.2, 8.6.1, 9.1.2, 9.1.4, 9.1.5, 9.1.8, 9.2.1, 9.2.3, 9.2.5, 9.2.6, 9.2.7, 9.3.1, 9.4.2, 9.4.3, 9.4.4, 9.5.11, 9.6.1, 9.8.7<br><strong>Pleiades</strong>: <a href="https://pleiades.stoa.org/places/541063" target="_blank">https://pleiades.stoa.org/places/541063</a><br><strong>ToposText</strong>: <a href="https://topostext.org/place/382233PPla" target="_blank">https://topostext.org/place/382233PPla</a>]]></description>
        <Point><coordinates>23.2733,38.2213</coordinates></Point>
      </Placemark>

      <Placemark>
        <name>Plataea (Boeotia)</name>
        <description><![CDATA[<strong>name</strong>: Plataea (Boeotia)<br><strong>region</strong>: Boiotia Bk9<br><strong>part of</strong>: Plataiis<br><strong>altname</strong>: Plataia<br><strong>Wikidata</strong>: <a href="https://wikidata.org/wiki/Q742538" target="_blank">https://wikidata.org/wiki/Q742538</a><br><strong>type</strong>: battlefield, polis<br><strong>passages</strong>: 1.13.4, 1.27.1, 1.38.8, 10.13.9, 10.2.1, 10.5.3, 10.5.4, 2.6.1, 3.11.7, 3.14.1, 3.17.7, 3.4.10, 3.4.9, 3.5.1, 3.7.10, 6.10.6, 6.3.8, 7.27.2, 7.6.4, 8.52.2, 8.6.1, 9.1.2, 9.1.4, 9.1.5, 9.1.8, 9.2.1, 9.2.3, 9.2.5, 9.2.6, 9.2.7, 9.3.1, 9.4.2, 9.4.3, 9.4.4, 9.5.11, 9.6.1, 9.8.7<br><strong>Pleiades</strong>: <a href="https://pleiades.stoa.org/places/541063" target="_blank">https://pleiades.stoa.org/places/541063</a><br><strong>ToposText</strong>: <a href="https://topostext.org/place/382233PPla" target="_blank">https://topostext.org/place/382233PPla</a>]]></description>
        <Point><coordinates>23.2733,38.2213</coordinates></Point>
      </Placemark>

      <Placemark>
        <name>Onougnathos cape (Lakonia)</name>
        <description><![CDATA[<strong>name</strong>: Onougnathos cape (Lakonia)<br><strong>region</strong>: Lakonia Bk3<br><strong>part of</strong>: Lakonia Bk3<br><strong>Wikidata</strong>: <a href="https://wikidata.org/wiki/Q96408" target="_blank">https://wikidata.org/wiki/Q96408</a><br><strong>type</strong>: cape<br><strong>passages</strong>: 3.22.10, 3.23.1<br><strong>Pleiades</strong>: <a href="https://pleiades.stoa.org/places/570533" target="_blank">https://pleiades.stoa.org/places/570533</a><br><strong>ToposText</strong>: <a href="https://topostext.org/place/365229LOno" target="_blank">https://topostext.org/place/365229LOno</a>]]></description>
        <Point><coordinates>22.933,36.466</coordinates></Point>
      </Placemark>

      <Placemark>
        <name>Onougnathos cape (Lakonia)</name>
        <description><![CDATA[<strong>name</strong>: Onougnathos cape (Lakonia)<br><strong>region</strong>: Lakonia Bk3<br><strong>part of</strong>: Lakonia Bk3<br><strong>Wikidata</strong>: <a href="https://wikidata.org/wiki/Q96408" target="_blank">https://wikidata.org/wiki/Q96408</a><br><strong>type</strong>: cape<br><strong>passages</strong>: 3.22.10, 3.23.1<br><strong>Pleiades</strong>: <a href="https://pleiades.stoa.org/places/570533" target="_blank">https://pleiades.stoa.org/places/570533</a><br><strong>ToposText</strong>: <a href="https://topostext.org/place/365229LOno" target="_blank">https://topostext.org/place/365229LOno</a>]]></description>
        <Point><coordinates>22.933,36.466</coordinates></Point>
      </Placemark>

      <Placemark>
        <name>Grove of Apollo on Mt. Ida near Troy</name>
        <description><![CDATA[<strong>name</strong>: Grove of Apollo on Mt. Ida near Troy<br><strong>region</strong>: Asia Minor (Asia)<br><strong>part of</strong>: Ida (mountain)<br><strong>location</strong>: Ida (mountain)<br><strong>type</strong>: grove<br><strong>passages</strong>: 3.13.5]]></description>
        <Point><coordinates>26.858519999999995,39.69936</coordinates></Point>
      </Placemark>

      <Placemark>
        <name>Mainalos Mt. (Arkadia)</name>
        <description><![CDATA[<strong>name</strong>: Mainalos Mt. (Arkadia)<br><strong>region</strong>: Arcadia Bk8<br><strong>part of</strong>: Arcadia Bk8<br><strong>altname</strong>: Mainaleon: likely Rezenikos 1271 m.<br><strong>Wikidata</strong>: <a href="https://wikidata.org/wiki/Q112302501" target="_blank">https://wikidata.org/wiki/Q112302501</a><br><strong>type</strong>: mountain oros<br><strong>passages</strong>: 3.11.7, 5.27.1, 6.6.1, 6.6.3, 6.8.5, 8.27.2, 8.3.4, 8.36.5, 8.36.8, 8.9.3<br><strong>Pleiades</strong>: <a href="https://pleiades.stoa.org/places/570449" target="_blank">https://pleiades.stoa.org/places/570449</a><br><strong>ToposText</strong>: <a href="https://topostext.org/place/377223LMai" target="_blank">https://topostext.org/place/377223LMai</a>]]></description>
        <Point><coordinates>22.2693,37.4845</coordinates></Point>
      </Placemark>

      <Placemark>
        <name>Geronthrai</name>
        <description><![CDATA[<strong>name</strong>: Geronthrai<br><strong>region</strong>: Lakonia Bk3<br><strong>part of</strong>: Lakonia Bk3<br><strong>Wikidata</strong>: <a href="https://wikidata.org/wiki/Q15890352" target="_blank">https://wikidata.org/wiki/Q15890352</a><br><strong>type</strong>: polis<br><strong>passages</strong>: 3.2.6, 3.21.7, 3.22.6, 3.22.8<br><strong>Pleiades</strong>: <a href="https://pleiades.stoa.org/places/570263" target="_blank">https://pleiades.stoa.org/places/570263</a>]]></description>
        <Point><coordinates>22.706912,36.992193</coordinates></Point>
      </Placemark>

      <Placemark>
        <name>Geronthrai</name>
        <description><![CDATA[<strong>name</strong>: Geronthrai<br><strong>region</strong>: Lakonia Bk3<br><strong>part of</strong>: Lakonia Bk3<br><strong>Wikidata</strong>: <a href="https://wikidata.org/wiki/Q15890352" target="_blank">https://wikidata.org/wiki/Q15890352</a><br><strong>type</strong>: polis<br><strong>passages</strong>: 3.2.6, 3.21.7, 3.22.6, 3.22.8<br><strong>Pleiades</strong>: <a href="https://pleiades.stoa.org/places/570263" target="_blank">https://pleiades.stoa.org/places/570263</a>]]></description>
        <Point><coordinates>22.706912,36.992193</coordinates></Point>
      </Placemark>

      <Placemark>
        <name>Geronthrai</name>
        <description><![CDATA[<strong>name</strong>: Geronthrai<br><strong>region</strong>: Lakonia Bk3<br><strong>part of</strong>: Lakonia Bk3<br><strong>Wikidata</strong>: <a href="https://wikidata.org/wiki/Q15890352" target="_blank">https://wikidata.org/wiki/Q15890352</a><br><strong>type</strong>: polis<br><strong>passages</strong>: 3.2.6, 3.21.7, 3.22.6, 3.22.8<br><strong>Pleiades</strong>: <a href="https://pleiades.stoa.org/places/570263" target="_blank">https://pleiades.stoa.org/places/570263</a>]]></description>
        <Point><coordinates>22.706912,36.992193</coordinates></Point>
      </Placemark>

      <Placemark>
        <name>Geronthrai</name>
        <description><![CDATA[<strong>name</strong>: Geronthrai<br><strong>region</strong>: Lakonia Bk3<br><strong>part of</strong>: Lakonia Bk3<br><strong>Wikidata</strong>: <a href="https://wikidata.org/wiki/Q15890352" target="_blank">https://wikidata.org/wiki/Q15890352</a><br><strong>type</strong>: polis<br><strong>passages</strong>: 3.2.6, 3.21.7, 3.22.6, 3.22.8<br><strong>Pleiades</strong>: <a href="https://pleiades.stoa.org/places/570263" target="_blank">https://pleiades.stoa.org/places/570263</a>]]></description>
        <Point><coordinates>22.706912,36.992193</coordinates></Point>
      </Placemark>

      <Placemark>
        <name>Naia spring at Teuthrone</name>
        <description><![CDATA[<strong>name</strong>: Naia spring at Teuthrone<br><strong>region</strong>: Lakonia Bk3<br><strong>part of</strong>: Teuthrone<br><strong>location</strong>: Teuthrone<br><strong>Wikidata</strong>: <a href="https://wikidata.org/wiki/Q124616544" target="_blank">https://wikidata.org/wiki/Q124616544</a><br><strong>type</strong>: spring pege<br><strong>passages</strong>: 3.25.4]]></description>
        <Point><coordinates>22.489063,36.621145</coordinates></Point>
      </Placemark>

      <Placemark>
        <name>Temple of Aphrodite with armed xoanon in Sparta</name>
        <description><![CDATA[<strong>name</strong>: Temple of Aphrodite with armed xoanon in Sparta<br><strong>region</strong>: Lakonia Bk3<br><strong>part of</strong>: Sparta<br><strong>location</strong>: Sparta<br><strong>Wikidata</strong>: <a href="https://wikidata.org/wiki/Q124616503" target="_blank">https://wikidata.org/wiki/Q124616503</a><br><strong>type</strong>: temple<br><strong>passages</strong>: 3.15.10]]></description>
        <Point><coordinates>22.4237,37.0821</coordinates></Point>
      </Placemark>

      <Placemark>
        <name>Agora of Pyrrichos</name>
        <description><![CDATA[<strong>name</strong>: Agora of Pyrrichos<br><strong>region</strong>: Lakonia Bk3<br><strong>part of</strong>: Pyrrichos<br><strong>location</strong>: Pyrrichos<br><strong>Wikidata</strong>: <a href="https://wikidata.org/wiki/Q124606126" target="_blank">https://wikidata.org/wiki/Q124606126</a><br><strong>type</strong>: agora<br><strong>passages</strong>: 3.25.3]]></description>
        <Point><coordinates>22.432959,36.659054</coordinates></Point>
      </Placemark>

      <Placemark>
        <name>Temple of Dioscuroi at Phoibaion of Sparta</name>
        <description><![CDATA[<strong>name</strong>: Temple of Dioscuroi at Phoibaion of Sparta<br><strong>region</strong>: Lakonia Bk3<br><strong>part of</strong>: Phoibaion (Sparta)<br><strong>location</strong>: Phoibaion (Sparta)<br><strong>Wikidata</strong>: <a href="https://wikidata.org/wiki/Q124616512" target="_blank">https://wikidata.org/wiki/Q124616512</a><br><strong>type</strong>: temple<br><strong>passages</strong>: 3.20.2]]></description>
        <Point><coordinates>22.44165,37.069</coordinates></Point>
      </Placemark>

      <Placemark>
        <name>Altar of Zeus Amboulios and Athena Amboulia at Sparta</name>
        <description><![CDATA[<strong>name</strong>: Altar of Zeus Amboulios and Athena Amboulia at Sparta<br><strong>region</strong>: Lakonia Bk3<br><strong>part of</strong>: Sparta<br><strong>location</strong>: Sparta<br><strong>Wikidata</strong>: <a href="https://wikidata.org/wiki/Q124616537" target="_blank">https://wikidata.org/wiki/Q124616537</a><br><strong>type</strong>: altar<br><strong>passages</strong>: 3.13.6]]></description>
        <Point><coordinates>22.4237,37.0821</coordinates></Point>
      </Placemark>

      <Placemark>
        <name>Phokis Bk10</name>
        <description><![CDATA[<strong>name</strong>: Phokis Bk10<br><strong>region</strong>: <br><strong>part of</strong>: Hellas (Europe)<br><strong>altname</strong>: Phocis region<br><strong>Wikidata</strong>: <a href="https://wikidata.org/wiki/Q2637650" target="_blank">https://wikidata.org/wiki/Q2637650</a><br><strong>type</strong>: chora/region<br><strong>passages</strong>: 1.20.6, 10.1.1, 10.1.2, 10.1.4, 10.17.13, 10.23.10, 10.30.4, 10.33.7, 10.34.2, 10.35.1, 10.35.8, 10.37.2, 10.38.1, 10.4.1, 10.4.2, 10.5.3, 10.8.2, 2.29.2, 2.29.3, 2.4.3, 3.5.3, 3.9.10, 4.31.5, 6.19.5, 7.14.7, 7.15.5, 7.18.9, 7.3.10, 7.7.9, 8.1.5, 8.4.4, 9.17.4, 9.36.3, 9.40.12<br><strong>Pleiades</strong>: <a href="https://pleiades.stoa.org/places/541048" target="_blank">https://pleiades.stoa.org/places/541048</a><br><strong>ToposText</strong>: <a href="https://topostext.org/place/386227RPho" target="_blank">https://topostext.org/place/386227RPho</a>]]></description>
        <Point><coordinates>22.7,38.6</coordinates></Point>
      </Placemark>

      <Placemark>
        <name>Phokis Bk10</name>
        <description><![CDATA[<strong>name</strong>: Phokis Bk10<br><strong>region</strong>: <br><strong>part of</strong>: Hellas (Europe)<br><strong>altname</strong>: Phocis region<br><strong>Wikidata</strong>: <a href="https://wikidata.org/wiki/Q2637650" target="_blank">https://wikidata.org/wiki/Q2637650</a><br><strong>type</strong>: chora/region<br><strong>passages</strong>: 1.20.6, 10.1.1, 10.1.2, 10.1.4, 10.17.13, 10.23.10, 10.30.4, 10.33.7, 10.34.2, 10.35.1, 10.35.8, 10.37.2, 10.38.1, 10.4.1, 10.4.2, 10.5.3, 10.8.2, 2.29.2, 2.29.3, 2.4.3, 3.5.3, 3.9.10, 4.31.5, 6.19.5, 7.14.7, 7.15.5, 7.18.9, 7.3.10, 7.7.9, 8.1.5, 8.4.4, 9.17.4, 9.36.3, 9.40.12<br><strong>Pleiades</strong>: <a href="https://pleiades.stoa.org/places/541048" target="_blank">https://pleiades.stoa.org/places/541048</a><br><strong>ToposText</strong>: <a href="https://topostext.org/place/386227RPho" target="_blank">https://topostext.org/place/386227RPho</a>]]></description>
        <Point><coordinates>22.7,38.6</coordinates></Point>
      </Placemark>

      <Placemark>
        <name>Sanctuary of Hera Hypercheiria at Sparta</name>
        <description><![CDATA[<strong>name</strong>: Sanctuary of Hera Hypercheiria at Sparta<br><strong>region</strong>: Lakonia Bk3<br><strong>part of</strong>: Sparta<br><strong>location</strong>: Sparta<br><strong>Wikidata</strong>: <a href="https://wikidata.org/wiki/Q124616440" target="_blank">https://wikidata.org/wiki/Q124616440</a><br><strong>type</strong>: hieron<br><strong>passages</strong>: 3.13.8]]></description>
        <Point><coordinates>22.4237,37.0821</coordinates></Point>
      </Placemark>

      <Placemark>
        <name>Dorkeia fountain near Heroon of Dorkeus in Sparta</name>
        <description><![CDATA[<strong>name</strong>: Dorkeia fountain near Heroon of Dorkeus in Sparta<br><strong>region</strong>: Lakonia Bk3<br><strong>part of</strong>: Sparta<br><strong>location</strong>: Sparta<br><strong>type</strong>: fountain<br><strong>passages</strong>: 3.15.2<br><strong>Manto</strong>: <a href="https://resource.manto.unh.edu/10150575" target="_blank">https://resource.manto.unh.edu/10150575</a>]]></description>
        <Point><coordinates>22.4237,37.0821</coordinates></Point>
      </Placemark>

      <Placemark>
        <name>Sanctuary of Asklepios at Epidauros Limera</name>
        <description><![CDATA[<strong>name</strong>: Sanctuary of Asklepios at Epidauros Limera<br><strong>region</strong>: Lakonia Bk3<br><strong>part of</strong>: Epidaurus Limera (Laconia)<br><strong>location</strong>: Epidaurus Limera (Laconia)<br><strong>Wikidata</strong>: <a href="https://wikidata.org/wiki/Q124616354" target="_blank">https://wikidata.org/wiki/Q124616354</a><br><strong>type</strong>: hieron<br><strong>passages</strong>: 3.23.10]]></description>
        <Point><coordinates>23.026,36.731</coordinates></Point>
      </Placemark>

      <Placemark>
        <name>Sanctuary of Artemis Aiginaia in Sparta</name>
        <description><![CDATA[<strong>name</strong>: Sanctuary of Artemis Aiginaia in Sparta<br><strong>region</strong>: Lakonia Bk3<br><strong>part of</strong>: Sparta<br><strong>location</strong>: Sparta<br><strong>Wikidata</strong>: <a href="https://wikidata.org/wiki/Q124616442" target="_blank">https://wikidata.org/wiki/Q124616442</a><br><strong>type</strong>: hieron<br><strong>passages</strong>: 3.14.2]]></description>
        <Point><coordinates>22.4237,37.0821</coordinates></Point>
      </Placemark>

      <Placemark>
        <name>Achilleios harbor (Lakonia)</name>
        <description><![CDATA[<strong>name</strong>: Achilleios harbor (Lakonia)<br><strong>region</strong>: Lakonia Bk3<br><strong>part of</strong>: Tainaron (promontory)<br><strong>Wikidata</strong>: <a href="https://wikidata.org/wiki/Q48781616" target="_blank">https://wikidata.org/wiki/Q48781616</a><br><strong>type</strong>: harbor limen<br><strong>passages</strong>: 3.25.4<br><strong>Pleiades</strong>: <a href="https://pleiades.stoa.org/places/570031" target="_blank">https://pleiades.stoa.org/places/570031</a><br><strong>ToposText</strong>: <a href="https://topostext.org/place/363223HAcL" target="_blank">https://topostext.org/place/363223HAcL</a>]]></description>
        <Point><coordinates>22.474,36.423</coordinates></Point>
      </Placemark>

      <Placemark>
        <name>Grave of Lathria and Anaxandra at Sparta</name>
        <description><![CDATA[<strong>name</strong>: Grave of Lathria and Anaxandra at Sparta<br><strong>region</strong>: Lakonia Bk3<br><strong>part of</strong>: Sanctuary of Lykourgos in Sparta<br><strong>location</strong>: Sanctuary of Lykourgos in Sparta<br><strong>Wikidata</strong>: <a href="https://wikidata.org/wiki/Q124616326" target="_blank">https://wikidata.org/wiki/Q124616326</a><br><strong>type</strong>: tomb taphos<br><strong>passages</strong>: 3.16.6<br><strong>Manto</strong>: <a href="https://resource.manto.unh.edu/10150341" target="_blank">https://resource.manto.unh.edu/10150341</a>]]></description>
        <Point><coordinates>22.4237,37.0821</coordinates></Point>
      </Placemark>

      <Placemark>
        <name>Tomb of Hyakinthos at Amyklai</name>
        <description><![CDATA[<strong>name</strong>: Tomb of Hyakinthos at Amyklai<br><strong>region</strong>: Lakonia Bk3<br><strong>part of</strong>: Sanctuary of Apollo at Amyklai<br><strong>location</strong>: Sanctuary of Apollo at Amyklai<br><strong>Wikidata</strong>: <a href="https://wikidata.org/wiki/Q124616307" target="_blank">https://wikidata.org/wiki/Q124616307</a><br><strong>type</strong>: tomb mnema<br><strong>passages</strong>: 3.1.3<br><strong>Manto</strong>: <a href="https://resource.manto.unh.edu/10127961" target="_blank">https://resource.manto.unh.edu/10127961</a>]]></description>
        <Point><coordinates>22.4502,37.0363</coordinates></Point>
      </Placemark>

      <Placemark>
        <name>Trophy raised by Polydeukes not far from Asklepios sanctuary</name>
        <description><![CDATA[<strong>name</strong>: Trophy raised by Polydeukes not far from Asklepios sanctuary<br><strong>region</strong>: Lakonia Bk3<br><strong>part of</strong>: Sparta<br><strong>location</strong>: Sparta<br><strong>Wikidata</strong>: <a href="https://wikidata.org/wiki/Q124616491" target="_blank">https://wikidata.org/wiki/Q124616491</a><br><strong>type</strong>: trophy<br><strong>passages</strong>: 3.14.7]]></description>
        <Point><coordinates>22.4237,37.0821</coordinates></Point>
      </Placemark>

      <Placemark>
        <name>Athena Sanctuary in acropolis of Leuktra</name>
        <description><![CDATA[<strong>name</strong>: Athena Sanctuary in acropolis of Leuktra<br><strong>region</strong>: Lakonia Bk3<br><strong>part of</strong>: Leuktra (Lakonia)<br><strong>location</strong>: Leuktra (Lakonia)<br><strong>Wikidata</strong>: <a href="https://wikidata.org/wiki/Q124616486" target="_blank">https://wikidata.org/wiki/Q124616486</a><br><strong>type</strong>: hieron<br><strong>passages</strong>: 3.26.5]]></description>
        <Point><coordinates>22.26501,36.84279</coordinates></Point>
      </Placemark>

      <Placemark>
        <name>Sanctuary of Hestia near the Moirai at Sparta</name>
        <description><![CDATA[<strong>name</strong>: Sanctuary of Hestia near the Moirai at Sparta<br><strong>region</strong>: Lakonia Bk3<br><strong>part of</strong>: Agora of Sparta<br><strong>location</strong>: Agora of Sparta<br><strong>Wikidata</strong>: <a href="https://wikidata.org/wiki/Q124616589" target="_blank">https://wikidata.org/wiki/Q124616589</a><br><strong>type</strong>: hieron<br><strong>passages</strong>: 3.11.11]]></description>
        <Point><coordinates>22.42659,37.08188</coordinates></Point>
      </Placemark>

      <Placemark>
        <name>Santorini Archipelago</name>
        <description><![CDATA[<strong>name</strong>: Santorini Archipelago<br><strong>region</strong>: Aegean Sea (Hellas)<br><strong>part of</strong>: Cyclades region (Aegean)<br><strong>type</strong>: island<br><strong>passages</strong>: 3.1.7, 7.2.2<br><strong>Pleiades</strong>: <a href="https://pleiades.stoa.org/places/808255902" target="_blank">https://pleiades.stoa.org/places/808255902</a>]]></description>
        <Point><coordinates>25.4,36.4</coordinates></Point>
      </Placemark>

      <Placemark>
        <name>Dipaia (Arkadia)</name>
        <description><![CDATA[<strong>name</strong>: Dipaia (Arkadia)<br><strong>region</strong>: Arcadia Bk8<br><strong>part of</strong>: Arcadia Bk8<br><strong>Wikidata</strong>: <a href="https://wikidata.org/wiki/Q1227119" target="_blank">https://wikidata.org/wiki/Q1227119</a><br><strong>type</strong>: battlefield, polis, polisma<br><strong>passages</strong>: 3.11.7, 8.27.3, 8.30.1, 8.45.2, 8.8.6<br><strong>Pleiades</strong>: <a href="https://pleiades.stoa.org/places/570199" target="_blank">https://pleiades.stoa.org/places/570199</a><br><strong>ToposText</strong>: <a href="https://topostext.org/place/375223PDip" target="_blank">https://topostext.org/place/375223PDip</a>]]></description>
        <Point><coordinates>22.273,37.5448</coordinates></Point>
      </Placemark>

      <Placemark>
        <name>Ammon oracle in Egypt</name>
        <description><![CDATA[<strong>name</strong>: Ammon oracle in Egypt<br><strong>region</strong>: Libya (Africa)<br><strong>part of</strong>: Egypt (region)<br><strong>Wikidata</strong>: <a href="https://wikidata.org/wiki/Q958997" target="_blank">https://wikidata.org/wiki/Q958997</a><br><strong>type</strong>: oracle manteion<br><strong>passages</strong>: 3.18.3, 5.15.11, 6.8.3, 8.11.11<br><strong>Pleiades</strong>: <a href="https://pleiades.stoa.org/places/716520" target="_blank">https://pleiades.stoa.org/places/716520</a><br><strong>ToposText</strong>: <a href="https://topostext.org/place/292255SAmm" target="_blank">https://topostext.org/place/292255SAmm</a>]]></description>
        <Point><coordinates>25.543589999999995,29.205140000000004</coordinates></Point>
      </Placemark>

      <Placemark>
        <name>Sanctuary of Artemis Karyatis at Karyai</name>
        <description><![CDATA[<strong>name</strong>: Sanctuary of Artemis Karyatis at Karyai<br><strong>region</strong>: Lakonia Bk3<br><strong>part of</strong>: Karyai<br><strong>location</strong>: Karyai<br><strong>Wikidata</strong>: <a href="https://wikidata.org/wiki/Q124616586" target="_blank">https://wikidata.org/wiki/Q124616586</a><br><strong>type</strong>: hieron<br><strong>passages</strong>: 3.10.7]]></description>
        <Point><coordinates>22.515967,37.288734</coordinates></Point>
      </Placemark>

      <Placemark>
        <name>Skandeia</name>
        <description><![CDATA[<strong>name</strong>: Skandeia<br><strong>region</strong>: Aegean Sea (Hellas)<br><strong>part of</strong>: Cythera island<br><strong>Wikidata</strong>: <a href="https://wikidata.org/wiki/Q3475000" target="_blank">https://wikidata.org/wiki/Q3475000</a><br><strong>type</strong>: port epineion<br><strong>passages</strong>: 3.23.1<br><strong>Pleiades</strong>: <a href="https://pleiades.stoa.org/places/570673" target="_blank">https://pleiades.stoa.org/places/570673</a>]]></description>
        <Point><coordinates>23.073782,36.229899</coordinates></Point>
      </Placemark>

      <Placemark>
        <name>Aigiai (Lakonia)</name>
        <description><![CDATA[<strong>name</strong>: Aigiai (Lakonia)<br><strong>region</strong>: Lakonia Bk3<br><strong>part of</strong>: Lakonia Bk3<br><strong>Wikidata</strong>: <a href="https://wikidata.org/wiki/Q60790659" target="_blank">https://wikidata.org/wiki/Q60790659</a><br><strong>type</strong>: polisma<br><strong>passages</strong>: 3.21.5, 3.21.6, 3.21.7<br><strong>Pleiades</strong>: <a href="https://pleiades.stoa.org/places/570044" target="_blank">https://pleiades.stoa.org/places/570044</a><br><strong>ToposText</strong>: <a href="https://topostext.org/place/368225UAig" target="_blank">https://topostext.org/place/368225UAig</a>]]></description>
        <Point><coordinates>22.5129,36.7863</coordinates></Point>
      </Placemark>

      <Placemark>
        <name>Aigiai (Lakonia)</name>
        <description><![CDATA[<strong>name</strong>: Aigiai (Lakonia)<br><strong>region</strong>: Lakonia Bk3<br><strong>part of</strong>: Lakonia Bk3<br><strong>Wikidata</strong>: <a href="https://wikidata.org/wiki/Q60790659" target="_blank">https://wikidata.org/wiki/Q60790659</a><br><strong>type</strong>: polisma<br><strong>passages</strong>: 3.21.5, 3.21.6, 3.21.7<br><strong>Pleiades</strong>: <a href="https://pleiades.stoa.org/places/570044" target="_blank">https://pleiades.stoa.org/places/570044</a><br><strong>ToposText</strong>: <a href="https://topostext.org/place/368225UAig" target="_blank">https://topostext.org/place/368225UAig</a>]]></description>
        <Point><coordinates>22.5129,36.7863</coordinates></Point>
      </Placemark>

      <Placemark>
        <name>Aigiai (Lakonia)</name>
        <description><![CDATA[<strong>name</strong>: Aigiai (Lakonia)<br><strong>region</strong>: Lakonia Bk3<br><strong>part of</strong>: Lakonia Bk3<br><strong>Wikidata</strong>: <a href="https://wikidata.org/wiki/Q60790659" target="_blank">https://wikidata.org/wiki/Q60790659</a><br><strong>type</strong>: polisma<br><strong>passages</strong>: 3.21.5, 3.21.6, 3.21.7<br><strong>Pleiades</strong>: <a href="https://pleiades.stoa.org/places/570044" target="_blank">https://pleiades.stoa.org/places/570044</a><br><strong>ToposText</strong>: <a href="https://topostext.org/place/368225UAig" target="_blank">https://topostext.org/place/368225UAig</a>]]></description>
        <Point><coordinates>22.5129,36.7863</coordinates></Point>
      </Placemark>

      <Placemark>
        <name>Harbor of Epidauros Limera</name>
        <description><![CDATA[<strong>name</strong>: Harbor of Epidauros Limera<br><strong>region</strong>: Lakonia Bk3<br><strong>part of</strong>: Epidaurus Limera (Laconia)<br><strong>location</strong>: Epidaurus Limera (Laconia)<br><strong>Wikidata</strong>: <a href="https://wikidata.org/wiki/Q124616409" target="_blank">https://wikidata.org/wiki/Q124616409</a><br><strong>type</strong>: harbor limen<br><strong>passages</strong>: 3.23.10]]></description>
        <Point><coordinates>23.026,36.731</coordinates></Point>
      </Placemark>

      <Placemark>
        <name>Springs at Marios, by grove, at Artemis sanctuary</name>
        <description><![CDATA[<strong>name</strong>: Springs at Marios, by grove, at Artemis sanctuary<br><strong>region</strong>: Lakonia Bk3<br><strong>part of</strong>: Marios<br><strong>location</strong>: Marios<br><strong>type</strong>: spring pege<br><strong>passages</strong>: 3.22.8]]></description>
        <Point><coordinates>22.819373,37.042584</coordinates></Point>
      </Placemark>

      <Placemark>
        <name>Tiasa river (Lakonia)</name>
        <description><![CDATA[<strong>name</strong>: Tiasa river (Lakonia)<br><strong>region</strong>: Lakonia Bk3<br><strong>part of</strong>: Lakonia Bk3<br><strong>Wikidata</strong>: <a href="https://wikidata.org/wiki/Q124615228" target="_blank">https://wikidata.org/wiki/Q124615228</a><br><strong>type</strong>: river<br><strong>passages</strong>: 3.18.6<br><strong>Pleiades</strong>: <a href="https://pleiades.stoa.org/places/570738" target="_blank">https://pleiades.stoa.org/places/570738</a><br><strong>ToposText</strong>: <a href="https://topostext.org/place/373223WTia" target="_blank">https://topostext.org/place/373223WTia</a>]]></description>
        <Point><coordinates>22.449,37.064</coordinates></Point>
      </Placemark>

      <Placemark>
        <name>Scyrus (island)</name>
        <description><![CDATA[<strong>name</strong>: Scyrus (island)<br><strong>region</strong>: Aegean Sea (Hellas)<br><strong>part of</strong>: Aegean Sea (Hellas)<br><strong>Wikidata</strong>: <a href="https://wikidata.org/wiki/Q208566" target="_blank">https://wikidata.org/wiki/Q208566</a><br><strong>type</strong>: island<br><strong>passages</strong>: 1.17.6, 3.25.1, 3.3.7<br><strong>Pleiades</strong>: <a href="https://pleiades.stoa.org/places/541093" target="_blank">https://pleiades.stoa.org/places/541093</a>]]></description>
        <Point><coordinates>24.6099,38.82754</coordinates></Point>
      </Placemark>

      <Placemark>
        <name>Scyrus (island)</name>
        <description><![CDATA[<strong>name</strong>: Scyrus (island)<br><strong>region</strong>: Aegean Sea (Hellas)<br><strong>part of</strong>: Aegean Sea (Hellas)<br><strong>Wikidata</strong>: <a href="https://wikidata.org/wiki/Q208566" target="_blank">https://wikidata.org/wiki/Q208566</a><br><strong>type</strong>: island<br><strong>passages</strong>: 1.17.6, 3.25.1, 3.3.7<br><strong>Pleiades</strong>: <a href="https://pleiades.stoa.org/places/541093" target="_blank">https://pleiades.stoa.org/places/541093</a>]]></description>
        <Point><coordinates>24.6099,38.82754</coordinates></Point>
      </Placemark>

      <Placemark>
        <name>Athena Alea sanctuary near Tegea</name>
        <description><![CDATA[<strong>name</strong>: Athena Alea sanctuary near Tegea<br><strong>region</strong>: Arcadia Bk8<br><strong>part of</strong>: Tegea (Arkadia)<br><strong>Wikidata</strong>: <a href="https://wikidata.org/wiki/Q3983230" target="_blank">https://wikidata.org/wiki/Q3983230</a><br><strong>type</strong>: hieron<br><strong>passages</strong>: 3.5.6, 3.7.10, 8.4.8, 8.41.8, 8.45.4<br><strong>Manto</strong>: <a href="https://resource.manto.unh.edu/9614063" target="_blank">https://resource.manto.unh.edu/9614063</a><br><strong>Pleiades</strong>: <a href="https://pleiades.stoa.org/places/372843530" target="_blank">https://pleiades.stoa.org/places/372843530</a><br><strong>ToposText</strong>: <a href="https://topostext.org/place/375224SAth" target="_blank">https://topostext.org/place/375224SAth</a>]]></description>
        <Point><coordinates>22.4203,37.4555</coordinates></Point>
      </Placemark>

      <Placemark>
        <name>Athena Alea sanctuary near Tegea</name>
        <description><![CDATA[<strong>name</strong>: Athena Alea sanctuary near Tegea<br><strong>region</strong>: Arcadia Bk8<br><strong>part of</strong>: Tegea (Arkadia)<br><strong>Wikidata</strong>: <a href="https://wikidata.org/wiki/Q3983230" target="_blank">https://wikidata.org/wiki/Q3983230</a><br><strong>type</strong>: hieron<br><strong>passages</strong>: 3.5.6, 3.7.10, 8.4.8, 8.41.8, 8.45.4<br><strong>Manto</strong>: <a href="https://resource.manto.unh.edu/9614063" target="_blank">https://resource.manto.unh.edu/9614063</a><br><strong>Pleiades</strong>: <a href="https://pleiades.stoa.org/places/372843530" target="_blank">https://pleiades.stoa.org/places/372843530</a><br><strong>ToposText</strong>: <a href="https://topostext.org/place/375224SAth" target="_blank">https://topostext.org/place/375224SAth</a>]]></description>
        <Point><coordinates>22.4203,37.4555</coordinates></Point>
      </Placemark>

      <Placemark>
        <name>Sanctuary of Machaon in Rodon locality of Gerenia</name>
        <description><![CDATA[<strong>name</strong>: Sanctuary of Machaon in Rodon locality of Gerenia<br><strong>region</strong>: Lakonia Bk3<br><strong>part of</strong>: Gerenia (Messenia)<br><strong>location</strong>: Gerenia (Messenia)<br><strong>Wikidata</strong>: <a href="https://wikidata.org/wiki/Q124616489" target="_blank">https://wikidata.org/wiki/Q124616489</a><br><strong>type</strong>: hieron<br><strong>passages</strong>: 3.26.9]]></description>
        <Point><coordinates>22.195,36.934</coordinates></Point>
      </Placemark>

      <Placemark>
        <name>Temple of Augustus in agora of Sparta</name>
        <description><![CDATA[<strong>name</strong>: Temple of Augustus in agora of Sparta<br><strong>region</strong>: Lakonia Bk3<br><strong>part of</strong>: Agora of Sparta<br><strong>location</strong>: Agora of Sparta<br><strong>Wikidata</strong>: <a href="https://wikidata.org/wiki/Q124616497" target="_blank">https://wikidata.org/wiki/Q124616497</a><br><strong>type</strong>: temple<br><strong>passages</strong>: 3.11.4]]></description>
        <Point><coordinates>22.42659,37.08188</coordinates></Point>
      </Placemark>

      <Placemark>
        <name>Hellas (Europe)</name>
        <description><![CDATA[<strong>name</strong>: Hellas (Europe)<br><strong>region</strong>: Europe<br><strong>part of</strong>: Europe<br><strong>Wikidata</strong>: <a href="https://wikidata.org/wiki/Q11772" target="_blank">https://wikidata.org/wiki/Q11772</a><br><strong>type</strong>: major region<br><strong>passages</strong>: 1.1.1, 1.12.1, 1.27.9, 1.29.5, 1.3.5, 1.4.1, 1.4.2, 1.41.8, 1.5.5, 10.14.6, 10.17.3, 10.19.12, 10.19.5, 10.19.7, 10.19.8, 10.20.9, 10.23.12, 10.23.14, 10.23.8, 10.24.3, 10.25.1, 10.34.5, 10.5.3, 10.9.2, 2.1.8, 2.29.7, 2.29.8, 2.33.5, 2.4.5, 3.11.3, 3.12.7, 3.17.8, 3.20.6, 3.3.3, 3.4.7, 3.4.8, 3.7.11, 3.9.4, 3.9.8, 4.2.3, 4.28.4, 4.31.1, 5.10.1, 5.14.2, 5.15.2, 5.17.9, 5.20.10, 5.23.7, 5.24.2, 5.25.12, 5.4.6, 5.4.7, 5.4.9, 5.5.2, 5.7.7, 6.11.3, 6.18.5, 7.10.1, 7.10.2, 7.10.3, 7.10.4, 7.10.5, 7.10.7, 7.11.1, 7.11.2, 7.14.1, 7.15.1, 7.15.3, 7.16.10, 7.16.9, 7.17.1, 7.17.2, 7.17.3, 7.2.2, 7.20.6, 7.24.2, 7.26.11, 7.3.1, 7.5.13, 7.6.3, 7.6.9, 7.7.6, 7.8.1, 7.8.2, 7.8.7, 7.9.5, 8.14.5, 8.20.1, 8.3.5, 8.32.1, 8.37.2, 8.42.7, 8.43.4, 8.45.5, 8.46.3, 8.50.3, 8.50.4, 8.51.1, 8.51.4, 8.52.1, 8.52.2, 8.52.3, 8.52.4, 8.52.5, 8.52.6, 9.1.2, 9.17.6, 9.23.3, 9.28.1, 9.29.8, 9.38.2, 9.38.4, 9.6.2<br><strong>Pleiades</strong>: <a href="https://pleiades.stoa.org/places/1001896" target="_blank">https://pleiades.stoa.org/places/1001896</a>]]></description>
        <Point><coordinates>22.5,37.5</coordinates></Point>
      </Placemark>

      <Placemark>
        <name>Hellas (Europe)</name>
        <description><![CDATA[<strong>name</strong>: Hellas (Europe)<br><strong>region</strong>: Europe<br><strong>part of</strong>: Europe<br><strong>Wikidata</strong>: <a href="https://wikidata.org/wiki/Q11772" target="_blank">https://wikidata.org/wiki/Q11772</a><br><strong>type</strong>: major region<br><strong>passages</strong>: 1.1.1, 1.12.1, 1.27.9, 1.29.5, 1.3.5, 1.4.1, 1.4.2, 1.41.8, 1.5.5, 10.14.6, 10.17.3, 10.19.12, 10.19.5, 10.19.7, 10.19.8, 10.20.9, 10.23.12, 10.23.14, 10.23.8, 10.24.3, 10.25.1, 10.34.5, 10.5.3, 10.9.2, 2.1.8, 2.29.7, 2.29.8, 2.33.5, 2.4.5, 3.11.3, 3.12.7, 3.17.8, 3.20.6, 3.3.3, 3.4.7, 3.4.8, 3.7.11, 3.9.4, 3.9.8, 4.2.3, 4.28.4, 4.31.1, 5.10.1, 5.14.2, 5.15.2, 5.17.9, 5.20.10, 5.23.7, 5.24.2, 5.25.12, 5.4.6, 5.4.7, 5.4.9, 5.5.2, 5.7.7, 6.11.3, 6.18.5, 7.10.1, 7.10.2, 7.10.3, 7.10.4, 7.10.5, 7.10.7, 7.11.1, 7.11.2, 7.14.1, 7.15.1, 7.15.3, 7.16.10, 7.16.9, 7.17.1, 7.17.2, 7.17.3, 7.2.2, 7.20.6, 7.24.2, 7.26.11, 7.3.1, 7.5.13, 7.6.3, 7.6.9, 7.7.6, 7.8.1, 7.8.2, 7.8.7, 7.9.5, 8.14.5, 8.20.1, 8.3.5, 8.32.1, 8.37.2, 8.42.7, 8.43.4, 8.45.5, 8.46.3, 8.50.3, 8.50.4, 8.51.1, 8.51.4, 8.52.1, 8.52.2, 8.52.3, 8.52.4, 8.52.5, 8.52.6, 9.1.2, 9.17.6, 9.23.3, 9.28.1, 9.29.8, 9.38.2, 9.38.4, 9.6.2<br><strong>Pleiades</strong>: <a href="https://pleiades.stoa.org/places/1001896" target="_blank">https://pleiades.stoa.org/places/1001896</a>]]></description>
        <Point><coordinates>22.5,37.5</coordinates></Point>
      </Placemark>

      <Placemark>
        <name>Hellas (Europe)</name>
        <description><![CDATA[<strong>name</strong>: Hellas (Europe)<br><strong>region</strong>: Europe<br><strong>part of</strong>: Europe<br><strong>Wikidata</strong>: <a href="https://wikidata.org/wiki/Q11772" target="_blank">https://wikidata.org/wiki/Q11772</a><br><strong>type</strong>: major region<br><strong>passages</strong>: 1.1.1, 1.12.1, 1.27.9, 1.29.5, 1.3.5, 1.4.1, 1.4.2, 1.41.8, 1.5.5, 10.14.6, 10.17.3, 10.19.12, 10.19.5, 10.19.7, 10.19.8, 10.20.9, 10.23.12, 10.23.14, 10.23.8, 10.24.3, 10.25.1, 10.34.5, 10.5.3, 10.9.2, 2.1.8, 2.29.7, 2.29.8, 2.33.5, 2.4.5, 3.11.3, 3.12.7, 3.17.8, 3.20.6, 3.3.3, 3.4.7, 3.4.8, 3.7.11, 3.9.4, 3.9.8, 4.2.3, 4.28.4, 4.31.1, 5.10.1, 5.14.2, 5.15.2, 5.17.9, 5.20.10, 5.23.7, 5.24.2, 5.25.12, 5.4.6, 5.4.7, 5.4.9, 5.5.2, 5.7.7, 6.11.3, 6.18.5, 7.10.1, 7.10.2, 7.10.3, 7.10.4, 7.10.5, 7.10.7, 7.11.1, 7.11.2, 7.14.1, 7.15.1, 7.15.3, 7.16.10, 7.16.9, 7.17.1, 7.17.2, 7.17.3, 7.2.2, 7.20.6, 7.24.2, 7.26.11, 7.3.1, 7.5.13, 7.6.3, 7.6.9, 7.7.6, 7.8.1, 7.8.2, 7.8.7, 7.9.5, 8.14.5, 8.20.1, 8.3.5, 8.32.1, 8.37.2, 8.42.7, 8.43.4, 8.45.5, 8.46.3, 8.50.3, 8.50.4, 8.51.1, 8.51.4, 8.52.1, 8.52.2, 8.52.3, 8.52.4, 8.52.5, 8.52.6, 9.1.2, 9.17.6, 9.23.3, 9.28.1, 9.29.8, 9.38.2, 9.38.4, 9.6.2<br><strong>Pleiades</strong>: <a href="https://pleiades.stoa.org/places/1001896" target="_blank">https://pleiades.stoa.org/places/1001896</a>]]></description>
        <Point><coordinates>22.5,37.5</coordinates></Point>
      </Placemark>

      <Placemark>
        <name>Hellas (Europe)</name>
        <description><![CDATA[<strong>name</strong>: Hellas (Europe)<br><strong>region</strong>: Europe<br><strong>part of</strong>: Europe<br><strong>Wikidata</strong>: <a href="https://wikidata.org/wiki/Q11772" target="_blank">https://wikidata.org/wiki/Q11772</a><br><strong>type</strong>: major region<br><strong>passages</strong>: 1.1.1, 1.12.1, 1.27.9, 1.29.5, 1.3.5, 1.4.1, 1.4.2, 1.41.8, 1.5.5, 10.14.6, 10.17.3, 10.19.12, 10.19.5, 10.19.7, 10.19.8, 10.20.9, 10.23.12, 10.23.14, 10.23.8, 10.24.3, 10.25.1, 10.34.5, 10.5.3, 10.9.2, 2.1.8, 2.29.7, 2.29.8, 2.33.5, 2.4.5, 3.11.3, 3.12.7, 3.17.8, 3.20.6, 3.3.3, 3.4.7, 3.4.8, 3.7.11, 3.9.4, 3.9.8, 4.2.3, 4.28.4, 4.31.1, 5.10.1, 5.14.2, 5.15.2, 5.17.9, 5.20.10, 5.23.7, 5.24.2, 5.25.12, 5.4.6, 5.4.7, 5.4.9, 5.5.2, 5.7.7, 6.11.3, 6.18.5, 7.10.1, 7.10.2, 7.10.3, 7.10.4, 7.10.5, 7.10.7, 7.11.1, 7.11.2, 7.14.1, 7.15.1, 7.15.3, 7.16.10, 7.16.9, 7.17.1, 7.17.2, 7.17.3, 7.2.2, 7.20.6, 7.24.2, 7.26.11, 7.3.1, 7.5.13, 7.6.3, 7.6.9, 7.7.6, 7.8.1, 7.8.2, 7.8.7, 7.9.5, 8.14.5, 8.20.1, 8.3.5, 8.32.1, 8.37.2, 8.42.7, 8.43.4, 8.45.5, 8.46.3, 8.50.3, 8.50.4, 8.51.1, 8.51.4, 8.52.1, 8.52.2, 8.52.3, 8.52.4, 8.52.5, 8.52.6, 9.1.2, 9.17.6, 9.23.3, 9.28.1, 9.29.8, 9.38.2, 9.38.4, 9.6.2<br><strong>Pleiades</strong>: <a href="https://pleiades.stoa.org/places/1001896" target="_blank">https://pleiades.stoa.org/places/1001896</a>]]></description>
        <Point><coordinates>22.5,37.5</coordinates></Point>
      </Placemark>

      <Placemark>
        <name>Hellas (Europe)</name>
        <description><![CDATA[<strong>name</strong>: Hellas (Europe)<br><strong>region</strong>: Europe<br><strong>part of</strong>: Europe<br><strong>Wikidata</strong>: <a href="https://wikidata.org/wiki/Q11772" target="_blank">https://wikidata.org/wiki/Q11772</a><br><strong>type</strong>: major region<br><strong>passages</strong>: 1.1.1, 1.12.1, 1.27.9, 1.29.5, 1.3.5, 1.4.1, 1.4.2, 1.41.8, 1.5.5, 10.14.6, 10.17.3, 10.19.12, 10.19.5, 10.19.7, 10.19.8, 10.20.9, 10.23.12, 10.23.14, 10.23.8, 10.24.3, 10.25.1, 10.34.5, 10.5.3, 10.9.2, 2.1.8, 2.29.7, 2.29.8, 2.33.5, 2.4.5, 3.11.3, 3.12.7, 3.17.8, 3.20.6, 3.3.3, 3.4.7, 3.4.8, 3.7.11, 3.9.4, 3.9.8, 4.2.3, 4.28.4, 4.31.1, 5.10.1, 5.14.2, 5.15.2, 5.17.9, 5.20.10, 5.23.7, 5.24.2, 5.25.12, 5.4.6, 5.4.7, 5.4.9, 5.5.2, 5.7.7, 6.11.3, 6.18.5, 7.10.1, 7.10.2, 7.10.3, 7.10.4, 7.10.5, 7.10.7, 7.11.1, 7.11.2, 7.14.1, 7.15.1, 7.15.3, 7.16.10, 7.16.9, 7.17.1, 7.17.2, 7.17.3, 7.2.2, 7.20.6, 7.24.2, 7.26.11, 7.3.1, 7.5.13, 7.6.3, 7.6.9, 7.7.6, 7.8.1, 7.8.2, 7.8.7, 7.9.5, 8.14.5, 8.20.1, 8.3.5, 8.32.1, 8.37.2, 8.42.7, 8.43.4, 8.45.5, 8.46.3, 8.50.3, 8.50.4, 8.51.1, 8.51.4, 8.52.1, 8.52.2, 8.52.3, 8.52.4, 8.52.5, 8.52.6, 9.1.2, 9.17.6, 9.23.3, 9.28.1, 9.29.8, 9.38.2, 9.38.4, 9.6.2<br><strong>Pleiades</strong>: <a href="https://pleiades.stoa.org/places/1001896" target="_blank">https://pleiades.stoa.org/places/1001896</a>]]></description>
        <Point><coordinates>22.5,37.5</coordinates></Point>
      </Placemark>

      <Placemark>
        <name>Hellas (Europe)</name>
        <description><![CDATA[<strong>name</strong>: Hellas (Europe)<br><strong>region</strong>: Europe<br><strong>part of</strong>: Europe<br><strong>Wikidata</strong>: <a href="https://wikidata.org/wiki/Q11772" target="_blank">https://wikidata.org/wiki/Q11772</a><br><strong>type</strong>: major region<br><strong>passages</strong>: 1.1.1, 1.12.1, 1.27.9, 1.29.5, 1.3.5, 1.4.1, 1.4.2, 1.41.8, 1.5.5, 10.14.6, 10.17.3, 10.19.12, 10.19.5, 10.19.7, 10.19.8, 10.20.9, 10.23.12, 10.23.14, 10.23.8, 10.24.3, 10.25.1, 10.34.5, 10.5.3, 10.9.2, 2.1.8, 2.29.7, 2.29.8, 2.33.5, 2.4.5, 3.11.3, 3.12.7, 3.17.8, 3.20.6, 3.3.3, 3.4.7, 3.4.8, 3.7.11, 3.9.4, 3.9.8, 4.2.3, 4.28.4, 4.31.1, 5.10.1, 5.14.2, 5.15.2, 5.17.9, 5.20.10, 5.23.7, 5.24.2, 5.25.12, 5.4.6, 5.4.7, 5.4.9, 5.5.2, 5.7.7, 6.11.3, 6.18.5, 7.10.1, 7.10.2, 7.10.3, 7.10.4, 7.10.5, 7.10.7, 7.11.1, 7.11.2, 7.14.1, 7.15.1, 7.15.3, 7.16.10, 7.16.9, 7.17.1, 7.17.2, 7.17.3, 7.2.2, 7.20.6, 7.24.2, 7.26.11, 7.3.1, 7.5.13, 7.6.3, 7.6.9, 7.7.6, 7.8.1, 7.8.2, 7.8.7, 7.9.5, 8.14.5, 8.20.1, 8.3.5, 8.32.1, 8.37.2, 8.42.7, 8.43.4, 8.45.5, 8.46.3, 8.50.3, 8.50.4, 8.51.1, 8.51.4, 8.52.1, 8.52.2, 8.52.3, 8.52.4, 8.52.5, 8.52.6, 9.1.2, 9.17.6, 9.23.3, 9.28.1, 9.29.8, 9.38.2, 9.38.4, 9.6.2<br><strong>Pleiades</strong>: <a href="https://pleiades.stoa.org/places/1001896" target="_blank">https://pleiades.stoa.org/places/1001896</a>]]></description>
        <Point><coordinates>22.5,37.5</coordinates></Point>
      </Placemark>

      <Placemark>
        <name>Hellas (Europe)</name>
        <description><![CDATA[<strong>name</strong>: Hellas (Europe)<br><strong>region</strong>: Europe<br><strong>part of</strong>: Europe<br><strong>Wikidata</strong>: <a href="https://wikidata.org/wiki/Q11772" target="_blank">https://wikidata.org/wiki/Q11772</a><br><strong>type</strong>: major region<br><strong>passages</strong>: 1.1.1, 1.12.1, 1.27.9, 1.29.5, 1.3.5, 1.4.1, 1.4.2, 1.41.8, 1.5.5, 10.14.6, 10.17.3, 10.19.12, 10.19.5, 10.19.7, 10.19.8, 10.20.9, 10.23.12, 10.23.14, 10.23.8, 10.24.3, 10.25.1, 10.34.5, 10.5.3, 10.9.2, 2.1.8, 2.29.7, 2.29.8, 2.33.5, 2.4.5, 3.11.3, 3.12.7, 3.17.8, 3.20.6, 3.3.3, 3.4.7, 3.4.8, 3.7.11, 3.9.4, 3.9.8, 4.2.3, 4.28.4, 4.31.1, 5.10.1, 5.14.2, 5.15.2, 5.17.9, 5.20.10, 5.23.7, 5.24.2, 5.25.12, 5.4.6, 5.4.7, 5.4.9, 5.5.2, 5.7.7, 6.11.3, 6.18.5, 7.10.1, 7.10.2, 7.10.3, 7.10.4, 7.10.5, 7.10.7, 7.11.1, 7.11.2, 7.14.1, 7.15.1, 7.15.3, 7.16.10, 7.16.9, 7.17.1, 7.17.2, 7.17.3, 7.2.2, 7.20.6, 7.24.2, 7.26.11, 7.3.1, 7.5.13, 7.6.3, 7.6.9, 7.7.6, 7.8.1, 7.8.2, 7.8.7, 7.9.5, 8.14.5, 8.20.1, 8.3.5, 8.32.1, 8.37.2, 8.42.7, 8.43.4, 8.45.5, 8.46.3, 8.50.3, 8.50.4, 8.51.1, 8.51.4, 8.52.1, 8.52.2, 8.52.3, 8.52.4, 8.52.5, 8.52.6, 9.1.2, 9.17.6, 9.23.3, 9.28.1, 9.29.8, 9.38.2, 9.38.4, 9.6.2<br><strong>Pleiades</strong>: <a href="https://pleiades.stoa.org/places/1001896" target="_blank">https://pleiades.stoa.org/places/1001896</a>]]></description>
        <Point><coordinates>22.5,37.5</coordinates></Point>
      </Placemark>

      <Placemark>
        <name>Hellas (Europe)</name>
        <description><![CDATA[<strong>name</strong>: Hellas (Europe)<br><strong>region</strong>: Europe<br><strong>part of</strong>: Europe<br><strong>Wikidata</strong>: <a href="https://wikidata.org/wiki/Q11772" target="_blank">https://wikidata.org/wiki/Q11772</a><br><strong>type</strong>: major region<br><strong>passages</strong>: 1.1.1, 1.12.1, 1.27.9, 1.29.5, 1.3.5, 1.4.1, 1.4.2, 1.41.8, 1.5.5, 10.14.6, 10.17.3, 10.19.12, 10.19.5, 10.19.7, 10.19.8, 10.20.9, 10.23.12, 10.23.14, 10.23.8, 10.24.3, 10.25.1, 10.34.5, 10.5.3, 10.9.2, 2.1.8, 2.29.7, 2.29.8, 2.33.5, 2.4.5, 3.11.3, 3.12.7, 3.17.8, 3.20.6, 3.3.3, 3.4.7, 3.4.8, 3.7.11, 3.9.4, 3.9.8, 4.2.3, 4.28.4, 4.31.1, 5.10.1, 5.14.2, 5.15.2, 5.17.9, 5.20.10, 5.23.7, 5.24.2, 5.25.12, 5.4.6, 5.4.7, 5.4.9, 5.5.2, 5.7.7, 6.11.3, 6.18.5, 7.10.1, 7.10.2, 7.10.3, 7.10.4, 7.10.5, 7.10.7, 7.11.1, 7.11.2, 7.14.1, 7.15.1, 7.15.3, 7.16.10, 7.16.9, 7.17.1, 7.17.2, 7.17.3, 7.2.2, 7.20.6, 7.24.2, 7.26.11, 7.3.1, 7.5.13, 7.6.3, 7.6.9, 7.7.6, 7.8.1, 7.8.2, 7.8.7, 7.9.5, 8.14.5, 8.20.1, 8.3.5, 8.32.1, 8.37.2, 8.42.7, 8.43.4, 8.45.5, 8.46.3, 8.50.3, 8.50.4, 8.51.1, 8.51.4, 8.52.1, 8.52.2, 8.52.3, 8.52.4, 8.52.5, 8.52.6, 9.1.2, 9.17.6, 9.23.3, 9.28.1, 9.29.8, 9.38.2, 9.38.4, 9.6.2<br><strong>Pleiades</strong>: <a href="https://pleiades.stoa.org/places/1001896" target="_blank">https://pleiades.stoa.org/places/1001896</a>]]></description>
        <Point><coordinates>22.5,37.5</coordinates></Point>
      </Placemark>

      <Placemark>
        <name>Hellas (Europe)</name>
        <description><![CDATA[<strong>name</strong>: Hellas (Europe)<br><strong>region</strong>: Europe<br><strong>part of</strong>: Europe<br><strong>Wikidata</strong>: <a href="https://wikidata.org/wiki/Q11772" target="_blank">https://wikidata.org/wiki/Q11772</a><br><strong>type</strong>: major region<br><strong>passages</strong>: 1.1.1, 1.12.1, 1.27.9, 1.29.5, 1.3.5, 1.4.1, 1.4.2, 1.41.8, 1.5.5, 10.14.6, 10.17.3, 10.19.12, 10.19.5, 10.19.7, 10.19.8, 10.20.9, 10.23.12, 10.23.14, 10.23.8, 10.24.3, 10.25.1, 10.34.5, 10.5.3, 10.9.2, 2.1.8, 2.29.7, 2.29.8, 2.33.5, 2.4.5, 3.11.3, 3.12.7, 3.17.8, 3.20.6, 3.3.3, 3.4.7, 3.4.8, 3.7.11, 3.9.4, 3.9.8, 4.2.3, 4.28.4, 4.31.1, 5.10.1, 5.14.2, 5.15.2, 5.17.9, 5.20.10, 5.23.7, 5.24.2, 5.25.12, 5.4.6, 5.4.7, 5.4.9, 5.5.2, 5.7.7, 6.11.3, 6.18.5, 7.10.1, 7.10.2, 7.10.3, 7.10.4, 7.10.5, 7.10.7, 7.11.1, 7.11.2, 7.14.1, 7.15.1, 7.15.3, 7.16.10, 7.16.9, 7.17.1, 7.17.2, 7.17.3, 7.2.2, 7.20.6, 7.24.2, 7.26.11, 7.3.1, 7.5.13, 7.6.3, 7.6.9, 7.7.6, 7.8.1, 7.8.2, 7.8.7, 7.9.5, 8.14.5, 8.20.1, 8.3.5, 8.32.1, 8.37.2, 8.42.7, 8.43.4, 8.45.5, 8.46.3, 8.50.3, 8.50.4, 8.51.1, 8.51.4, 8.52.1, 8.52.2, 8.52.3, 8.52.4, 8.52.5, 8.52.6, 9.1.2, 9.17.6, 9.23.3, 9.28.1, 9.29.8, 9.38.2, 9.38.4, 9.6.2<br><strong>Pleiades</strong>: <a href="https://pleiades.stoa.org/places/1001896" target="_blank">https://pleiades.stoa.org/places/1001896</a>]]></description>
        <Point><coordinates>22.5,37.5</coordinates></Point>
      </Placemark>

      <Placemark>
        <name>Hellas (Europe)</name>
        <description><![CDATA[<strong>name</strong>: Hellas (Europe)<br><strong>region</strong>: Europe<br><strong>part of</strong>: Europe<br><strong>Wikidata</strong>: <a href="https://wikidata.org/wiki/Q11772" target="_blank">https://wikidata.org/wiki/Q11772</a><br><strong>type</strong>: major region<br><strong>passages</strong>: 1.1.1, 1.12.1, 1.27.9, 1.29.5, 1.3.5, 1.4.1, 1.4.2, 1.41.8, 1.5.5, 10.14.6, 10.17.3, 10.19.12, 10.19.5, 10.19.7, 10.19.8, 10.20.9, 10.23.12, 10.23.14, 10.23.8, 10.24.3, 10.25.1, 10.34.5, 10.5.3, 10.9.2, 2.1.8, 2.29.7, 2.29.8, 2.33.5, 2.4.5, 3.11.3, 3.12.7, 3.17.8, 3.20.6, 3.3.3, 3.4.7, 3.4.8, 3.7.11, 3.9.4, 3.9.8, 4.2.3, 4.28.4, 4.31.1, 5.10.1, 5.14.2, 5.15.2, 5.17.9, 5.20.10, 5.23.7, 5.24.2, 5.25.12, 5.4.6, 5.4.7, 5.4.9, 5.5.2, 5.7.7, 6.11.3, 6.18.5, 7.10.1, 7.10.2, 7.10.3, 7.10.4, 7.10.5, 7.10.7, 7.11.1, 7.11.2, 7.14.1, 7.15.1, 7.15.3, 7.16.10, 7.16.9, 7.17.1, 7.17.2, 7.17.3, 7.2.2, 7.20.6, 7.24.2, 7.26.11, 7.3.1, 7.5.13, 7.6.3, 7.6.9, 7.7.6, 7.8.1, 7.8.2, 7.8.7, 7.9.5, 8.14.5, 8.20.1, 8.3.5, 8.32.1, 8.37.2, 8.42.7, 8.43.4, 8.45.5, 8.46.3, 8.50.3, 8.50.4, 8.51.1, 8.51.4, 8.52.1, 8.52.2, 8.52.3, 8.52.4, 8.52.5, 8.52.6, 9.1.2, 9.17.6, 9.23.3, 9.28.1, 9.29.8, 9.38.2, 9.38.4, 9.6.2<br><strong>Pleiades</strong>: <a href="https://pleiades.stoa.org/places/1001896" target="_blank">https://pleiades.stoa.org/places/1001896</a>]]></description>
        <Point><coordinates>22.5,37.5</coordinates></Point>
      </Placemark>

      <Placemark>
        <name>Temple of Demeter Chthonia at Hermione</name>
        <description><![CDATA[<strong>name</strong>: Temple of Demeter Chthonia at Hermione<br><strong>region</strong>: Hermionis Bk2<br><strong>part of</strong>: Sanctuary of Demeter Chthonia in Hermione<br><strong>location</strong>: Sanctuary of Demeter Chthonia in Hermione<br><strong>Wikidata</strong>: <a href="https://wikidata.org/wiki/Q115806034" target="_blank">https://wikidata.org/wiki/Q115806034</a><br><strong>type</strong>: temple<br><strong>passages</strong>: 2.35.10, 2.35.6, 2.35.8, 3.14.5]]></description>
        <Point><coordinates>23.235,37.3884</coordinates></Point>
      </Placemark>

      <Placemark>
        <name>Ouranos (home of the gods)</name>
        <description><![CDATA[<strong>name</strong>: Ouranos (home of the gods)<br><strong>region</strong>: Hellas (Europe)<br><strong>part of</strong>: Olympos (mountain in Greece)<br><strong>location</strong>: Olympos (mountain in Greece)<br><strong>altname</strong>: Heaven Olympus sky: home of the Olympian gods<br><strong>Wikidata</strong>: <a href="https://wikidata.org/wiki/Q70054479" target="_blank">https://wikidata.org/wiki/Q70054479</a><br><strong>type</strong>: mythical place<br><strong>passages</strong>: 1.20.3, 1.26.6, 10.30.2, 3.18.11, 3.19.4, 3.19.5, 5.11.7, 9.37.8]]></description>
        <Point><coordinates>22.3584897,40.0862269</coordinates></Point>
      </Placemark>

      <Placemark>
        <name>Ouranos (home of the gods)</name>
        <description><![CDATA[<strong>name</strong>: Ouranos (home of the gods)<br><strong>region</strong>: Hellas (Europe)<br><strong>part of</strong>: Olympos (mountain in Greece)<br><strong>location</strong>: Olympos (mountain in Greece)<br><strong>altname</strong>: Heaven Olympus sky: home of the Olympian gods<br><strong>Wikidata</strong>: <a href="https://wikidata.org/wiki/Q70054479" target="_blank">https://wikidata.org/wiki/Q70054479</a><br><strong>type</strong>: mythical place<br><strong>passages</strong>: 1.20.3, 1.26.6, 10.30.2, 3.18.11, 3.19.4, 3.19.5, 5.11.7, 9.37.8]]></description>
        <Point><coordinates>22.3584897,40.0862269</coordinates></Point>
      </Placemark>

      <Placemark>
        <name>Ouranos (home of the gods)</name>
        <description><![CDATA[<strong>name</strong>: Ouranos (home of the gods)<br><strong>region</strong>: Hellas (Europe)<br><strong>part of</strong>: Olympos (mountain in Greece)<br><strong>location</strong>: Olympos (mountain in Greece)<br><strong>altname</strong>: Heaven Olympus sky: home of the Olympian gods<br><strong>Wikidata</strong>: <a href="https://wikidata.org/wiki/Q70054479" target="_blank">https://wikidata.org/wiki/Q70054479</a><br><strong>type</strong>: mythical place<br><strong>passages</strong>: 1.20.3, 1.26.6, 10.30.2, 3.18.11, 3.19.4, 3.19.5, 5.11.7, 9.37.8]]></description>
        <Point><coordinates>22.3584897,40.0862269</coordinates></Point>
      </Placemark>

      <Placemark>
        <name>Temple of Kore the Savior at Sparta</name>
        <description><![CDATA[<strong>name</strong>: Temple of Kore the Savior at Sparta<br><strong>region</strong>: Lakonia Bk3<br><strong>part of</strong>: Sparta<br><strong>location</strong>: Sparta<br><strong>Wikidata</strong>: <a href="https://wikidata.org/wiki/Q124616500" target="_blank">https://wikidata.org/wiki/Q124616500</a><br><strong>type</strong>: temple<br><strong>passages</strong>: 3.13.2]]></description>
        <Point><coordinates>22.4237,37.0821</coordinates></Point>
      </Placemark>

      <Placemark>
        <name>Dekeleia</name>
        <description><![CDATA[<strong>name</strong>: Dekeleia<br><strong>region</strong>: Attica Bk1<br><strong>part of</strong>: Attica Bk1<br><strong>Wikidata</strong>: <a href="https://wikidata.org/wiki/Q1006561" target="_blank">https://wikidata.org/wiki/Q1006561</a><br><strong>type</strong>: demos<br><strong>passages</strong>: 3.8.6<br><strong>Pleiades</strong>: <a href="https://pleiades.stoa.org/places/579907" target="_blank">https://pleiades.stoa.org/places/579907</a>]]></description>
        <Point><coordinates>23.794134,38.152799</coordinates></Point>
      </Placemark>

      <Placemark>
        <name>Sanctuary of Asklepios Philolaus above Asopos</name>
        <description><![CDATA[<strong>name</strong>: Sanctuary of Asklepios Philolaus above Asopos<br><strong>region</strong>: Lakonia Bk3<br><strong>part of</strong>: Asopos (Lakonia)<br><strong>location</strong>: Asopos (Lakonia)<br><strong>Wikidata</strong>: <a href="https://wikidata.org/wiki/Q124616353" target="_blank">https://wikidata.org/wiki/Q124616353</a><br><strong>type</strong>: hieron<br><strong>passages</strong>: 3.22.9]]></description>
        <Point><coordinates>22.8426,36.6845</coordinates></Point>
      </Placemark>

      <Placemark>
        <name>Tomb of Kynortas in Sparta near the Skias</name>
        <description><![CDATA[<strong>name</strong>: Tomb of Kynortas in Sparta near the Skias<br><strong>region</strong>: Lakonia Bk3<br><strong>part of</strong>: Skias of Sparta<br><strong>location</strong>: Skias of Sparta<br><strong>Wikidata</strong>: <a href="https://wikidata.org/wiki/Q124616317" target="_blank">https://wikidata.org/wiki/Q124616317</a><br><strong>type</strong>: tomb taphos<br><strong>passages</strong>: 3.13.1<br><strong>Manto</strong>: <a href="https://resource.manto.unh.edu/10151175" target="_blank">https://resource.manto.unh.edu/10151175</a>]]></description>
        <Point><coordinates>22.4237,37.0821</coordinates></Point>
      </Placemark>

      <Placemark>
        <name>Spring of Asklepios at Gythion</name>
        <description><![CDATA[<strong>name</strong>: Spring of Asklepios at Gythion<br><strong>region</strong>: Lakonia Bk3<br><strong>part of</strong>: Gythion<br><strong>location</strong>: Gythion<br><strong>type</strong>: spring pege<br><strong>passages</strong>: 3.21.8]]></description>
        <Point><coordinates>22.562341,36.763663</coordinates></Point>
      </Placemark>

      <Placemark>
        <name>Pergamum</name>
        <description><![CDATA[<strong>name</strong>: Pergamum<br><strong>region</strong>: Asia Minor (Asia)<br><strong>part of</strong>: Mysia<br><strong>Wikidata</strong>: <a href="https://wikidata.org/wiki/Q18986" target="_blank">https://wikidata.org/wiki/Q18986</a><br><strong>type</strong>: settlement<br><strong>passages</strong>: 1.10.4, 1.11.2, 1.4.5, 1.4.6, 10.15.3, 10.18.6, 3.26.10, 5.13.3, 5.13.8, 7.16.1, 7.16.8, 7.2.11, 8.4.9<br><strong>Pleiades</strong>: <a href="https://pleiades.stoa.org/places/550812" target="_blank">https://pleiades.stoa.org/places/550812</a>]]></description>
        <Point><coordinates>27.184167,39.1325</coordinates></Point>
      </Placemark>

      <Placemark>
        <name>Agora of Gythion</name>
        <description><![CDATA[<strong>name</strong>: Agora of Gythion<br><strong>region</strong>: Lakonia Bk3<br><strong>part of</strong>: Gythion<br><strong>location</strong>: Gythion<br><strong>Wikidata</strong>: <a href="https://wikidata.org/wiki/Q124606124" target="_blank">https://wikidata.org/wiki/Q124606124</a><br><strong>type</strong>: agora<br><strong>passages</strong>: 3.21.8]]></description>
        <Point><coordinates>22.562341,36.763663</coordinates></Point>
      </Placemark>

      <Placemark>
        <name>Sanctuary of Poseidon Hippokourios at Sparta</name>
        <description><![CDATA[<strong>name</strong>: Sanctuary of Poseidon Hippokourios at Sparta<br><strong>region</strong>: Lakonia Bk3<br><strong>part of</strong>: Sparta<br><strong>location</strong>: Sparta<br><strong>Wikidata</strong>: <a href="https://wikidata.org/wiki/Q124616443" target="_blank">https://wikidata.org/wiki/Q124616443</a><br><strong>type</strong>: hieron<br><strong>passages</strong>: 3.14.2]]></description>
        <Point><coordinates>22.4237,37.0821</coordinates></Point>
      </Placemark>

      <Placemark>
        <name>Sanctuary of Demeter at Gythion</name>
        <description><![CDATA[<strong>name</strong>: Sanctuary of Demeter at Gythion<br><strong>region</strong>: Lakonia Bk3<br><strong>part of</strong>: Gythion<br><strong>location</strong>: Gythion<br><strong>Wikidata</strong>: <a href="https://wikidata.org/wiki/Q124616468" target="_blank">https://wikidata.org/wiki/Q124616468</a><br><strong>type</strong>: hieron<br><strong>passages</strong>: 3.21.8]]></description>
        <Point><coordinates>22.562341,36.763663</coordinates></Point>
      </Placemark>

      <Placemark>
        <name>Sacred cave of Asklepios at Kyphanta</name>
        <description><![CDATA[<strong>name</strong>: Sacred cave of Asklepios at Kyphanta<br><strong>region</strong>: Lakonia Bk3<br><strong>part of</strong>: Kyphanta (Lakonia)<br><strong>location</strong>: Kyphanta (Lakonia)<br><strong>Wikidata</strong>: <a href="https://wikidata.org/wiki/Q124616421" target="_blank">https://wikidata.org/wiki/Q124616421</a><br><strong>type</strong>: cave<br><strong>passages</strong>: 3.24.2]]></description>
        <Point><coordinates>22.9925,36.9683</coordinates></Point>
      </Placemark>

      <Placemark>
        <name>Sanctuary of Delian Apollo on Delos</name>
        <description><![CDATA[<strong>name</strong>: Sanctuary of Delian Apollo on Delos<br><strong>region</strong>: Aegean Sea (Hellas)<br><strong>part of</strong>: Delos island<br><strong>altname</strong>: birthplace of Apollo and Artemis<br><strong>Wikidata</strong>: <a href="https://wikidata.org/wiki/Q106802906" target="_blank">https://wikidata.org/wiki/Q106802906</a><br><strong>type</strong>: hieron<br><strong>passages</strong>: 1.18.5, 1.29.1, 10.12.5, 3.23.3, 3.23.5, 8.33.2, 8.48.3, 9.12.6, 9.34.6<br><strong>Pleiades</strong>: <a href="https://pleiades.stoa.org/places/599506" target="_blank">https://pleiades.stoa.org/places/599506</a>]]></description>
        <Point><coordinates>25.2666,37.4004</coordinates></Point>
      </Placemark>

      <Placemark>
        <name>Sanctuary of Delian Apollo on Delos</name>
        <description><![CDATA[<strong>name</strong>: Sanctuary of Delian Apollo on Delos<br><strong>region</strong>: Aegean Sea (Hellas)<br><strong>part of</strong>: Delos island<br><strong>altname</strong>: birthplace of Apollo and Artemis<br><strong>Wikidata</strong>: <a href="https://wikidata.org/wiki/Q106802906" target="_blank">https://wikidata.org/wiki/Q106802906</a><br><strong>type</strong>: hieron<br><strong>passages</strong>: 1.18.5, 1.29.1, 10.12.5, 3.23.3, 3.23.5, 8.33.2, 8.48.3, 9.12.6, 9.34.6<br><strong>Pleiades</strong>: <a href="https://pleiades.stoa.org/places/599506" target="_blank">https://pleiades.stoa.org/places/599506</a>]]></description>
        <Point><coordinates>25.2666,37.4004</coordinates></Point>
      </Placemark>

      <Placemark>
        <name>Tomb of Ladas, near Eurotas</name>
        <description><![CDATA[<strong>name</strong>: Tomb of Ladas, near Eurotas<br><strong>region</strong>: Lakonia Bk3<br><strong>part of</strong>: road Sparta to Arcadia via Pellana and Belemina<br><strong>Wikidata</strong>: <a href="https://wikidata.org/wiki/Q136487318" target="_blank">https://wikidata.org/wiki/Q136487318</a><br><strong>type</strong>: tomb mnema<br><strong>passages</strong>: 3.21.1]]></description>
        <Point><coordinates>22.373,37.157</coordinates></Point>
      </Placemark>

      <Placemark>
        <name>Sanctuary of All the Gods at Marios</name>
        <description><![CDATA[<strong>name</strong>: Sanctuary of All the Gods at Marios<br><strong>region</strong>: Lakonia Bk3<br><strong>part of</strong>: Marios<br><strong>location</strong>: Marios<br><strong>Wikidata</strong>: <a href="https://wikidata.org/wiki/Q124616471" target="_blank">https://wikidata.org/wiki/Q124616471</a><br><strong>type</strong>: hieron<br><strong>passages</strong>: 3.22.8]]></description>
        <Point><coordinates>22.819373,37.042584</coordinates></Point>
      </Placemark>

      <Placemark>
        <name>Krokeai</name>
        <description><![CDATA[<strong>name</strong>: Krokeai<br><strong>region</strong>: Lakonia Bk3<br><strong>part of</strong>: Lakonia Bk3<br><strong>Wikidata</strong>: <a href="https://wikidata.org/wiki/Q48781592" target="_blank">https://wikidata.org/wiki/Q48781592</a><br><strong>type</strong>: settlement<br><strong>passages</strong>: 2.3.5, 3.21.4, 3.21.5<br><strong>Pleiades</strong>: <a href="https://pleiades.stoa.org/places/570385" target="_blank">https://pleiades.stoa.org/places/570385</a>]]></description>
        <Point><coordinates>22.548448,36.884856</coordinates></Point>
      </Placemark>

      <Placemark>
        <name>Krokeai</name>
        <description><![CDATA[<strong>name</strong>: Krokeai<br><strong>region</strong>: Lakonia Bk3<br><strong>part of</strong>: Lakonia Bk3<br><strong>Wikidata</strong>: <a href="https://wikidata.org/wiki/Q48781592" target="_blank">https://wikidata.org/wiki/Q48781592</a><br><strong>type</strong>: settlement<br><strong>passages</strong>: 2.3.5, 3.21.4, 3.21.5<br><strong>Pleiades</strong>: <a href="https://pleiades.stoa.org/places/570385" target="_blank">https://pleiades.stoa.org/places/570385</a>]]></description>
        <Point><coordinates>22.548448,36.884856</coordinates></Point>
      </Placemark>

      <Placemark>
        <name>sanctuary of the Eleusinian Mysteries at Eleusis</name>
        <description><![CDATA[<strong>name</strong>: sanctuary of the Eleusinian Mysteries at Eleusis<br><strong>region</strong>: Attica Bk1<br><strong>part of</strong>: Eleusis (Attica)<br><strong>Wikidata</strong>: <a href="https://wikidata.org/wiki/Q94299853" target="_blank">https://wikidata.org/wiki/Q94299853</a><br><strong>type</strong>: hieron<br><strong>passages</strong>: 1.38.7, 10.31.11, 3.4.2, 3.4.6, 8.15.1, 8.31.7<br><strong>Pleiades</strong>: <a href="https://pleiades.stoa.org/places/579910" target="_blank">https://pleiades.stoa.org/places/579910</a><br><strong>ToposText</strong>: <a href="https://topostext.org/place/380235SEle" target="_blank">https://topostext.org/place/380235SEle</a>]]></description>
        <Point><coordinates>23.538,38.0411</coordinates></Point>
      </Placemark>

      <Placemark>
        <name>sanctuary of the Eleusinian Mysteries at Eleusis</name>
        <description><![CDATA[<strong>name</strong>: sanctuary of the Eleusinian Mysteries at Eleusis<br><strong>region</strong>: Attica Bk1<br><strong>part of</strong>: Eleusis (Attica)<br><strong>Wikidata</strong>: <a href="https://wikidata.org/wiki/Q94299853" target="_blank">https://wikidata.org/wiki/Q94299853</a><br><strong>type</strong>: hieron<br><strong>passages</strong>: 1.38.7, 10.31.11, 3.4.2, 3.4.6, 8.15.1, 8.31.7<br><strong>Pleiades</strong>: <a href="https://pleiades.stoa.org/places/579910" target="_blank">https://pleiades.stoa.org/places/579910</a><br><strong>ToposText</strong>: <a href="https://topostext.org/place/380235SEle" target="_blank">https://topostext.org/place/380235SEle</a>]]></description>
        <Point><coordinates>23.538,38.0411</coordinates></Point>
      </Placemark>

      <Placemark>
        <name>Temple of the Emperors at Asopos</name>
        <description><![CDATA[<strong>name</strong>: Temple of the Emperors at Asopos<br><strong>region</strong>: Lakonia Bk3<br><strong>part of</strong>: Asopos (Lakonia)<br><strong>location</strong>: Asopos (Lakonia)<br><strong>Wikidata</strong>: <a href="https://wikidata.org/wiki/Q124616397" target="_blank">https://wikidata.org/wiki/Q124616397</a><br><strong>type</strong>: temple<br><strong>passages</strong>: 3.22.9]]></description>
        <Point><coordinates>22.8426,36.6845</coordinates></Point>
      </Placemark>

      <Placemark>
        <name>Statue base of Amyklaion Apollo</name>
        <description><![CDATA[<strong>name</strong>: Statue base of Amyklaion Apollo<br><strong>region</strong>: Lakonia Bk3<br><strong>part of</strong>: Sanctuary of Apollo at Amyklai<br><strong>location</strong>: Sanctuary of Apollo at Amyklai<br><strong>type</strong>: base<br><strong>passages</strong>: 3.19.3]]></description>
        <Point><coordinates>22.4502,37.0363</coordinates></Point>
      </Placemark>

      <Placemark>
        <name>Temple of the Mother of the Gods at Akriai</name>
        <description><![CDATA[<strong>name</strong>: Temple of the Mother of the Gods at Akriai<br><strong>region</strong>: Lakonia Bk3<br><strong>part of</strong>: Akriai (Lakonia)<br><strong>location</strong>: Akriai (Lakonia)<br><strong>altname</strong>: said to be oldest sanctuary of the mother of the gods in Peloponnese<br><strong>Wikidata</strong>: <a href="https://wikidata.org/wiki/Q124616519" target="_blank">https://wikidata.org/wiki/Q124616519</a><br><strong>type</strong>: temple<br><strong>passages</strong>: 3.22.4]]></description>
        <Point><coordinates>22.792,36.8</coordinates></Point>
      </Placemark>

      <Placemark>
        <name>Tropaion of Heracles on Parnon</name>
        <description><![CDATA[<strong>name</strong>: Tropaion of Heracles on Parnon<br><strong>region</strong>: Lakonia Bk3<br><strong>part of</strong>: Skotitas region (Lakonia)<br><strong>location</strong>: Skotitas region (Lakonia)<br><strong>type</strong>: trophy<br><strong>passages</strong>: 3.10.6<br><strong>Arachne</strong>: <a href="https://arachne.dainst.org/entity/3586278" target="_blank">https://arachne.dainst.org/entity/3586278</a>]]></description>
        <Point><coordinates>22.51,37.31</coordinates></Point>
      </Placemark>

      <Placemark>
        <name>Sanctuary of Ammon  in Sparta</name>
        <description><![CDATA[<strong>name</strong>: Sanctuary of Ammon  in Sparta<br><strong>region</strong>: Lakonia Bk3<br><strong>part of</strong>: Sparta<br><strong>location</strong>: Sparta<br><strong>Wikidata</strong>: <a href="https://wikidata.org/wiki/Q124616463" target="_blank">https://wikidata.org/wiki/Q124616463</a><br><strong>type</strong>: hieron<br><strong>passages</strong>: 3.18.3]]></description>
        <Point><coordinates>22.4237,37.0821</coordinates></Point>
      </Placemark>

      <Placemark>
        <name>Sanctuary of the Great Mother at Sparta</name>
        <description><![CDATA[<strong>name</strong>: Sanctuary of the Great Mother at Sparta<br><strong>region</strong>: Lakonia Bk3<br><strong>part of</strong>: Sparta<br><strong>location</strong>: Sparta<br><strong>Wikidata</strong>: <a href="https://wikidata.org/wiki/Q124616437" target="_blank">https://wikidata.org/wiki/Q124616437</a><br><strong>type</strong>: hieron<br><strong>passages</strong>: 3.12.9]]></description>
        <Point><coordinates>22.4237,37.0821</coordinates></Point>
      </Placemark>

      <Placemark>
        <name>Tomb of Eumedes son of Hippothoon in Sparta</name>
        <description><![CDATA[<strong>name</strong>: Tomb of Eumedes son of Hippothoon in Sparta<br><strong>region</strong>: Lakonia Bk3<br><strong>part of</strong>: Sparta<br><strong>location</strong>: Sparta<br><strong>Wikidata</strong>: <a href="https://wikidata.org/wiki/Q124616323" target="_blank">https://wikidata.org/wiki/Q124616323</a><br><strong>type</strong>: tomb mnema<br><strong>passages</strong>: 3.14.6<br><strong>Manto</strong>: <a href="https://resource.manto.unh.edu/10150406" target="_blank">https://resource.manto.unh.edu/10150406</a>]]></description>
        <Point><coordinates>22.4237,37.0821</coordinates></Point>
      </Placemark>

      <Placemark>
        <name>Hero shrine by temple of Dionysos Kolonatas at Sparta</name>
        <description><![CDATA[<strong>name</strong>: Hero shrine by temple of Dionysos Kolonatas at Sparta<br><strong>region</strong>: Lakonia Bk3<br><strong>part of</strong>: Kolôna in Sparta, opposite Zeus Amboulios<br><strong>location</strong>: Kolôna in Sparta, opposite Zeus Amboulios<br><strong>Wikidata</strong>: <a href="https://wikidata.org/wiki/Q124616358" target="_blank">https://wikidata.org/wiki/Q124616358</a><br><strong>type</strong>: temenos<br><strong>passages</strong>: 3.13.7]]></description>
        <Point><coordinates>22.4237,37.0821</coordinates></Point>
      </Placemark>

      <Placemark>
        <name>Therai</name>
        <description><![CDATA[<strong>name</strong>: Therai<br><strong>region</strong>: Lakonia Bk3<br><strong>part of</strong>: Lakonia Bk3<br><strong>location</strong>: Taygetos (mountain)<br><strong>type</strong>: chorion<br><strong>passages</strong>: 3.20.5<br><strong>Pleiades</strong>: <a href="https://pleiades.stoa.org/places/573554" target="_blank">https://pleiades.stoa.org/places/573554</a>]]></description>
        <Point><coordinates>22.3503405,36.9528148</coordinates></Point>
      </Placemark>

      <Placemark>
        <name>Athenai Bk1</name>
        <description><![CDATA[<strong>name</strong>: Athenai Bk1<br><strong>region</strong>: Attica Bk1<br><strong>part of</strong>: Attica Bk1<br><strong>altname</strong>: Athens Athenae polis: major city of ancient Greece<br><strong>Wikidata</strong>: <a href="https://wikidata.org/wiki/Q844930" target="_blank">https://wikidata.org/wiki/Q844930</a><br><strong>type</strong>: polis<br><strong>passages</strong>: 1.1.2, 1.1.5, 1.14.1, 1.14.5, 1.14.7, 1.15.2, 1.17.6, 1.18.4, 1.18.8, 1.19.1, 1.2.1, 1.2.4, 1.2.5, 1.20.4, 1.20.5, 1.20.6, 1.20.7, 1.22.3, 1.23.9, 1.25.5, 1.25.8, 1.26.2, 1.26.3, 1.26.6, 1.27.10, 1.27.2, 1.27.3, 1.27.5, 1.27.6, 1.27.8, 1.28.4, 1.28.8, 1.29.12, 1.29.2, 1.3.2, 1.30.1, 1.30.2, 1.32.3, 1.32.6, 1.33.1, 1.33.2, 1.34.3, 1.35.3, 1.36.3, 1.37.5, 1.37.6, 1.37.7, 1.39.4, 1.40.5, 1.41.4, 1.41.9, 1.8.5, 10.10.1, 10.18.7, 10.2.3, 10.21.6, 10.23.14, 10.3.1, 10.34.8, 10.35.8, 10.37.6, 10.4.3, 10.4.9, 10.8.5, 2.1.4, 2.14.4, 2.18.9, 2.26.2, 2.27.2, 2.3.8, 2.31.7, 2.33.4, 2.33.5, 2.6.5, 3.12.7, 3.3.7, 3.4.2, 3.5.2, 3.6.4, 3.6.5, 3.8.6, 3.9.6, 4.13.7, 4.15.1, 4.17.5, 4.2.6, 4.26.8, 4.5.10, 4.5.2, 5.10.4, 5.11.6, 5.12.4, 5.19.3, 5.21.1, 5.26.6, 5.6.5, 6.17.9, 6.20.14, 6.22.7, 7.1.2, 7.1.3, 7.10.4, 7.11.6, 7.2.2, 7.2.7, 7.20.6, 7.24.5, 7.25.2, 7.25.4, 7.7.8, 7.9.6, 8.11.6, 8.23.3, 8.37.3, 8.8.6, 9.1.4, 9.14.7, 9.15.4, 9.15.5, 9.26.6, 9.3.2, 9.30.1, 9.32.5, 9.35.3, 9.39.1, 9.6.2, 9.7.1<br><strong>Pleiades</strong>: <a href="https://pleiades.stoa.org/places/579885" target="_blank">https://pleiades.stoa.org/places/579885</a>]]></description>
        <Point><coordinates>23.726464,37.971687</coordinates></Point>
      </Placemark>

      <Placemark>
        <name>Athenai Bk1</name>
        <description><![CDATA[<strong>name</strong>: Athenai Bk1<br><strong>region</strong>: Attica Bk1<br><strong>part of</strong>: Attica Bk1<br><strong>altname</strong>: Athens Athenae polis: major city of ancient Greece<br><strong>Wikidata</strong>: <a href="https://wikidata.org/wiki/Q844930" target="_blank">https://wikidata.org/wiki/Q844930</a><br><strong>type</strong>: polis<br><strong>passages</strong>: 1.1.2, 1.1.5, 1.14.1, 1.14.5, 1.14.7, 1.15.2, 1.17.6, 1.18.4, 1.18.8, 1.19.1, 1.2.1, 1.2.4, 1.2.5, 1.20.4, 1.20.5, 1.20.6, 1.20.7, 1.22.3, 1.23.9, 1.25.5, 1.25.8, 1.26.2, 1.26.3, 1.26.6, 1.27.10, 1.27.2, 1.27.3, 1.27.5, 1.27.6, 1.27.8, 1.28.4, 1.28.8, 1.29.12, 1.29.2, 1.3.2, 1.30.1, 1.30.2, 1.32.3, 1.32.6, 1.33.1, 1.33.2, 1.34.3, 1.35.3, 1.36.3, 1.37.5, 1.37.6, 1.37.7, 1.39.4, 1.40.5, 1.41.4, 1.41.9, 1.8.5, 10.10.1, 10.18.7, 10.2.3, 10.21.6, 10.23.14, 10.3.1, 10.34.8, 10.35.8, 10.37.6, 10.4.3, 10.4.9, 10.8.5, 2.1.4, 2.14.4, 2.18.9, 2.26.2, 2.27.2, 2.3.8, 2.31.7, 2.33.4, 2.33.5, 2.6.5, 3.12.7, 3.3.7, 3.4.2, 3.5.2, 3.6.4, 3.6.5, 3.8.6, 3.9.6, 4.13.7, 4.15.1, 4.17.5, 4.2.6, 4.26.8, 4.5.10, 4.5.2, 5.10.4, 5.11.6, 5.12.4, 5.19.3, 5.21.1, 5.26.6, 5.6.5, 6.17.9, 6.20.14, 6.22.7, 7.1.2, 7.1.3, 7.10.4, 7.11.6, 7.2.2, 7.2.7, 7.20.6, 7.24.5, 7.25.2, 7.25.4, 7.7.8, 7.9.6, 8.11.6, 8.23.3, 8.37.3, 8.8.6, 9.1.4, 9.14.7, 9.15.4, 9.15.5, 9.26.6, 9.3.2, 9.30.1, 9.32.5, 9.35.3, 9.39.1, 9.6.2, 9.7.1<br><strong>Pleiades</strong>: <a href="https://pleiades.stoa.org/places/579885" target="_blank">https://pleiades.stoa.org/places/579885</a>]]></description>
        <Point><coordinates>23.726464,37.971687</coordinates></Point>
      </Placemark>

      <Placemark>
        <name>Athenai Bk1</name>
        <description><![CDATA[<strong>name</strong>: Athenai Bk1<br><strong>region</strong>: Attica Bk1<br><strong>part of</strong>: Attica Bk1<br><strong>altname</strong>: Athens Athenae polis: major city of ancient Greece<br><strong>Wikidata</strong>: <a href="https://wikidata.org/wiki/Q844930" target="_blank">https://wikidata.org/wiki/Q844930</a><br><strong>type</strong>: polis<br><strong>passages</strong>: 1.1.2, 1.1.5, 1.14.1, 1.14.5, 1.14.7, 1.15.2, 1.17.6, 1.18.4, 1.18.8, 1.19.1, 1.2.1, 1.2.4, 1.2.5, 1.20.4, 1.20.5, 1.20.6, 1.20.7, 1.22.3, 1.23.9, 1.25.5, 1.25.8, 1.26.2, 1.26.3, 1.26.6, 1.27.10, 1.27.2, 1.27.3, 1.27.5, 1.27.6, 1.27.8, 1.28.4, 1.28.8, 1.29.12, 1.29.2, 1.3.2, 1.30.1, 1.30.2, 1.32.3, 1.32.6, 1.33.1, 1.33.2, 1.34.3, 1.35.3, 1.36.3, 1.37.5, 1.37.6, 1.37.7, 1.39.4, 1.40.5, 1.41.4, 1.41.9, 1.8.5, 10.10.1, 10.18.7, 10.2.3, 10.21.6, 10.23.14, 10.3.1, 10.34.8, 10.35.8, 10.37.6, 10.4.3, 10.4.9, 10.8.5, 2.1.4, 2.14.4, 2.18.9, 2.26.2, 2.27.2, 2.3.8, 2.31.7, 2.33.4, 2.33.5, 2.6.5, 3.12.7, 3.3.7, 3.4.2, 3.5.2, 3.6.4, 3.6.5, 3.8.6, 3.9.6, 4.13.7, 4.15.1, 4.17.5, 4.2.6, 4.26.8, 4.5.10, 4.5.2, 5.10.4, 5.11.6, 5.12.4, 5.19.3, 5.21.1, 5.26.6, 5.6.5, 6.17.9, 6.20.14, 6.22.7, 7.1.2, 7.1.3, 7.10.4, 7.11.6, 7.2.2, 7.2.7, 7.20.6, 7.24.5, 7.25.2, 7.25.4, 7.7.8, 7.9.6, 8.11.6, 8.23.3, 8.37.3, 8.8.6, 9.1.4, 9.14.7, 9.15.4, 9.15.5, 9.26.6, 9.3.2, 9.30.1, 9.32.5, 9.35.3, 9.39.1, 9.6.2, 9.7.1<br><strong>Pleiades</strong>: <a href="https://pleiades.stoa.org/places/579885" target="_blank">https://pleiades.stoa.org/places/579885</a>]]></description>
        <Point><coordinates>23.726464,37.971687</coordinates></Point>
      </Placemark>

      <Placemark>
        <name>Athenai Bk1</name>
        <description><![CDATA[<strong>name</strong>: Athenai Bk1<br><strong>region</strong>: Attica Bk1<br><strong>part of</strong>: Attica Bk1<br><strong>altname</strong>: Athens Athenae polis: major city of ancient Greece<br><strong>Wikidata</strong>: <a href="https://wikidata.org/wiki/Q844930" target="_blank">https://wikidata.org/wiki/Q844930</a><br><strong>type</strong>: polis<br><strong>passages</strong>: 1.1.2, 1.1.5, 1.14.1, 1.14.5, 1.14.7, 1.15.2, 1.17.6, 1.18.4, 1.18.8, 1.19.1, 1.2.1, 1.2.4, 1.2.5, 1.20.4, 1.20.5, 1.20.6, 1.20.7, 1.22.3, 1.23.9, 1.25.5, 1.25.8, 1.26.2, 1.26.3, 1.26.6, 1.27.10, 1.27.2, 1.27.3, 1.27.5, 1.27.6, 1.27.8, 1.28.4, 1.28.8, 1.29.12, 1.29.2, 1.3.2, 1.30.1, 1.30.2, 1.32.3, 1.32.6, 1.33.1, 1.33.2, 1.34.3, 1.35.3, 1.36.3, 1.37.5, 1.37.6, 1.37.7, 1.39.4, 1.40.5, 1.41.4, 1.41.9, 1.8.5, 10.10.1, 10.18.7, 10.2.3, 10.21.6, 10.23.14, 10.3.1, 10.34.8, 10.35.8, 10.37.6, 10.4.3, 10.4.9, 10.8.5, 2.1.4, 2.14.4, 2.18.9, 2.26.2, 2.27.2, 2.3.8, 2.31.7, 2.33.4, 2.33.5, 2.6.5, 3.12.7, 3.3.7, 3.4.2, 3.5.2, 3.6.4, 3.6.5, 3.8.6, 3.9.6, 4.13.7, 4.15.1, 4.17.5, 4.2.6, 4.26.8, 4.5.10, 4.5.2, 5.10.4, 5.11.6, 5.12.4, 5.19.3, 5.21.1, 5.26.6, 5.6.5, 6.17.9, 6.20.14, 6.22.7, 7.1.2, 7.1.3, 7.10.4, 7.11.6, 7.2.2, 7.2.7, 7.20.6, 7.24.5, 7.25.2, 7.25.4, 7.7.8, 7.9.6, 8.11.6, 8.23.3, 8.37.3, 8.8.6, 9.1.4, 9.14.7, 9.15.4, 9.15.5, 9.26.6, 9.3.2, 9.30.1, 9.32.5, 9.35.3, 9.39.1, 9.6.2, 9.7.1<br><strong>Pleiades</strong>: <a href="https://pleiades.stoa.org/places/579885" target="_blank">https://pleiades.stoa.org/places/579885</a>]]></description>
        <Point><coordinates>23.726464,37.971687</coordinates></Point>
      </Placemark>

      <Placemark>
        <name>Athenai Bk1</name>
        <description><![CDATA[<strong>name</strong>: Athenai Bk1<br><strong>region</strong>: Attica Bk1<br><strong>part of</strong>: Attica Bk1<br><strong>altname</strong>: Athens Athenae polis: major city of ancient Greece<br><strong>Wikidata</strong>: <a href="https://wikidata.org/wiki/Q844930" target="_blank">https://wikidata.org/wiki/Q844930</a><br><strong>type</strong>: polis<br><strong>passages</strong>: 1.1.2, 1.1.5, 1.14.1, 1.14.5, 1.14.7, 1.15.2, 1.17.6, 1.18.4, 1.18.8, 1.19.1, 1.2.1, 1.2.4, 1.2.5, 1.20.4, 1.20.5, 1.20.6, 1.20.7, 1.22.3, 1.23.9, 1.25.5, 1.25.8, 1.26.2, 1.26.3, 1.26.6, 1.27.10, 1.27.2, 1.27.3, 1.27.5, 1.27.6, 1.27.8, 1.28.4, 1.28.8, 1.29.12, 1.29.2, 1.3.2, 1.30.1, 1.30.2, 1.32.3, 1.32.6, 1.33.1, 1.33.2, 1.34.3, 1.35.3, 1.36.3, 1.37.5, 1.37.6, 1.37.7, 1.39.4, 1.40.5, 1.41.4, 1.41.9, 1.8.5, 10.10.1, 10.18.7, 10.2.3, 10.21.6, 10.23.14, 10.3.1, 10.34.8, 10.35.8, 10.37.6, 10.4.3, 10.4.9, 10.8.5, 2.1.4, 2.14.4, 2.18.9, 2.26.2, 2.27.2, 2.3.8, 2.31.7, 2.33.4, 2.33.5, 2.6.5, 3.12.7, 3.3.7, 3.4.2, 3.5.2, 3.6.4, 3.6.5, 3.8.6, 3.9.6, 4.13.7, 4.15.1, 4.17.5, 4.2.6, 4.26.8, 4.5.10, 4.5.2, 5.10.4, 5.11.6, 5.12.4, 5.19.3, 5.21.1, 5.26.6, 5.6.5, 6.17.9, 6.20.14, 6.22.7, 7.1.2, 7.1.3, 7.10.4, 7.11.6, 7.2.2, 7.2.7, 7.20.6, 7.24.5, 7.25.2, 7.25.4, 7.7.8, 7.9.6, 8.11.6, 8.23.3, 8.37.3, 8.8.6, 9.1.4, 9.14.7, 9.15.4, 9.15.5, 9.26.6, 9.3.2, 9.30.1, 9.32.5, 9.35.3, 9.39.1, 9.6.2, 9.7.1<br><strong>Pleiades</strong>: <a href="https://pleiades.stoa.org/places/579885" target="_blank">https://pleiades.stoa.org/places/579885</a>]]></description>
        <Point><coordinates>23.726464,37.971687</coordinates></Point>
      </Placemark>

      <Placemark>
        <name>Athenai Bk1</name>
        <description><![CDATA[<strong>name</strong>: Athenai Bk1<br><strong>region</strong>: Attica Bk1<br><strong>part of</strong>: Attica Bk1<br><strong>altname</strong>: Athens Athenae polis: major city of ancient Greece<br><strong>Wikidata</strong>: <a href="https://wikidata.org/wiki/Q844930" target="_blank">https://wikidata.org/wiki/Q844930</a><br><strong>type</strong>: polis<br><strong>passages</strong>: 1.1.2, 1.1.5, 1.14.1, 1.14.5, 1.14.7, 1.15.2, 1.17.6, 1.18.4, 1.18.8, 1.19.1, 1.2.1, 1.2.4, 1.2.5, 1.20.4, 1.20.5, 1.20.6, 1.20.7, 1.22.3, 1.23.9, 1.25.5, 1.25.8, 1.26.2, 1.26.3, 1.26.6, 1.27.10, 1.27.2, 1.27.3, 1.27.5, 1.27.6, 1.27.8, 1.28.4, 1.28.8, 1.29.12, 1.29.2, 1.3.2, 1.30.1, 1.30.2, 1.32.3, 1.32.6, 1.33.1, 1.33.2, 1.34.3, 1.35.3, 1.36.3, 1.37.5, 1.37.6, 1.37.7, 1.39.4, 1.40.5, 1.41.4, 1.41.9, 1.8.5, 10.10.1, 10.18.7, 10.2.3, 10.21.6, 10.23.14, 10.3.1, 10.34.8, 10.35.8, 10.37.6, 10.4.3, 10.4.9, 10.8.5, 2.1.4, 2.14.4, 2.18.9, 2.26.2, 2.27.2, 2.3.8, 2.31.7, 2.33.4, 2.33.5, 2.6.5, 3.12.7, 3.3.7, 3.4.2, 3.5.2, 3.6.4, 3.6.5, 3.8.6, 3.9.6, 4.13.7, 4.15.1, 4.17.5, 4.2.6, 4.26.8, 4.5.10, 4.5.2, 5.10.4, 5.11.6, 5.12.4, 5.19.3, 5.21.1, 5.26.6, 5.6.5, 6.17.9, 6.20.14, 6.22.7, 7.1.2, 7.1.3, 7.10.4, 7.11.6, 7.2.2, 7.2.7, 7.20.6, 7.24.5, 7.25.2, 7.25.4, 7.7.8, 7.9.6, 8.11.6, 8.23.3, 8.37.3, 8.8.6, 9.1.4, 9.14.7, 9.15.4, 9.15.5, 9.26.6, 9.3.2, 9.30.1, 9.32.5, 9.35.3, 9.39.1, 9.6.2, 9.7.1<br><strong>Pleiades</strong>: <a href="https://pleiades.stoa.org/places/579885" target="_blank">https://pleiades.stoa.org/places/579885</a>]]></description>
        <Point><coordinates>23.726464,37.971687</coordinates></Point>
      </Placemark>

      <Placemark>
        <name>Athenai Bk1</name>
        <description><![CDATA[<strong>name</strong>: Athenai Bk1<br><strong>region</strong>: Attica Bk1<br><strong>part of</strong>: Attica Bk1<br><strong>altname</strong>: Athens Athenae polis: major city of ancient Greece<br><strong>Wikidata</strong>: <a href="https://wikidata.org/wiki/Q844930" target="_blank">https://wikidata.org/wiki/Q844930</a><br><strong>type</strong>: polis<br><strong>passages</strong>: 1.1.2, 1.1.5, 1.14.1, 1.14.5, 1.14.7, 1.15.2, 1.17.6, 1.18.4, 1.18.8, 1.19.1, 1.2.1, 1.2.4, 1.2.5, 1.20.4, 1.20.5, 1.20.6, 1.20.7, 1.22.3, 1.23.9, 1.25.5, 1.25.8, 1.26.2, 1.26.3, 1.26.6, 1.27.10, 1.27.2, 1.27.3, 1.27.5, 1.27.6, 1.27.8, 1.28.4, 1.28.8, 1.29.12, 1.29.2, 1.3.2, 1.30.1, 1.30.2, 1.32.3, 1.32.6, 1.33.1, 1.33.2, 1.34.3, 1.35.3, 1.36.3, 1.37.5, 1.37.6, 1.37.7, 1.39.4, 1.40.5, 1.41.4, 1.41.9, 1.8.5, 10.10.1, 10.18.7, 10.2.3, 10.21.6, 10.23.14, 10.3.1, 10.34.8, 10.35.8, 10.37.6, 10.4.3, 10.4.9, 10.8.5, 2.1.4, 2.14.4, 2.18.9, 2.26.2, 2.27.2, 2.3.8, 2.31.7, 2.33.4, 2.33.5, 2.6.5, 3.12.7, 3.3.7, 3.4.2, 3.5.2, 3.6.4, 3.6.5, 3.8.6, 3.9.6, 4.13.7, 4.15.1, 4.17.5, 4.2.6, 4.26.8, 4.5.10, 4.5.2, 5.10.4, 5.11.6, 5.12.4, 5.19.3, 5.21.1, 5.26.6, 5.6.5, 6.17.9, 6.20.14, 6.22.7, 7.1.2, 7.1.3, 7.10.4, 7.11.6, 7.2.2, 7.2.7, 7.20.6, 7.24.5, 7.25.2, 7.25.4, 7.7.8, 7.9.6, 8.11.6, 8.23.3, 8.37.3, 8.8.6, 9.1.4, 9.14.7, 9.15.4, 9.15.5, 9.26.6, 9.3.2, 9.30.1, 9.32.5, 9.35.3, 9.39.1, 9.6.2, 9.7.1<br><strong>Pleiades</strong>: <a href="https://pleiades.stoa.org/places/579885" target="_blank">https://pleiades.stoa.org/places/579885</a>]]></description>
        <Point><coordinates>23.726464,37.971687</coordinates></Point>
      </Placemark>

      <Placemark>
        <name>Athenai Bk1</name>
        <description><![CDATA[<strong>name</strong>: Athenai Bk1<br><strong>region</strong>: Attica Bk1<br><strong>part of</strong>: Attica Bk1<br><strong>altname</strong>: Athens Athenae polis: major city of ancient Greece<br><strong>Wikidata</strong>: <a href="https://wikidata.org/wiki/Q844930" target="_blank">https://wikidata.org/wiki/Q844930</a><br><strong>type</strong>: polis<br><strong>passages</strong>: 1.1.2, 1.1.5, 1.14.1, 1.14.5, 1.14.7, 1.15.2, 1.17.6, 1.18.4, 1.18.8, 1.19.1, 1.2.1, 1.2.4, 1.2.5, 1.20.4, 1.20.5, 1.20.6, 1.20.7, 1.22.3, 1.23.9, 1.25.5, 1.25.8, 1.26.2, 1.26.3, 1.26.6, 1.27.10, 1.27.2, 1.27.3, 1.27.5, 1.27.6, 1.27.8, 1.28.4, 1.28.8, 1.29.12, 1.29.2, 1.3.2, 1.30.1, 1.30.2, 1.32.3, 1.32.6, 1.33.1, 1.33.2, 1.34.3, 1.35.3, 1.36.3, 1.37.5, 1.37.6, 1.37.7, 1.39.4, 1.40.5, 1.41.4, 1.41.9, 1.8.5, 10.10.1, 10.18.7, 10.2.3, 10.21.6, 10.23.14, 10.3.1, 10.34.8, 10.35.8, 10.37.6, 10.4.3, 10.4.9, 10.8.5, 2.1.4, 2.14.4, 2.18.9, 2.26.2, 2.27.2, 2.3.8, 2.31.7, 2.33.4, 2.33.5, 2.6.5, 3.12.7, 3.3.7, 3.4.2, 3.5.2, 3.6.4, 3.6.5, 3.8.6, 3.9.6, 4.13.7, 4.15.1, 4.17.5, 4.2.6, 4.26.8, 4.5.10, 4.5.2, 5.10.4, 5.11.6, 5.12.4, 5.19.3, 5.21.1, 5.26.6, 5.6.5, 6.17.9, 6.20.14, 6.22.7, 7.1.2, 7.1.3, 7.10.4, 7.11.6, 7.2.2, 7.2.7, 7.20.6, 7.24.5, 7.25.2, 7.25.4, 7.7.8, 7.9.6, 8.11.6, 8.23.3, 8.37.3, 8.8.6, 9.1.4, 9.14.7, 9.15.4, 9.15.5, 9.26.6, 9.3.2, 9.30.1, 9.32.5, 9.35.3, 9.39.1, 9.6.2, 9.7.1<br><strong>Pleiades</strong>: <a href="https://pleiades.stoa.org/places/579885" target="_blank">https://pleiades.stoa.org/places/579885</a>]]></description>
        <Point><coordinates>23.726464,37.971687</coordinates></Point>
      </Placemark>

      <Placemark>
        <name>Las ancient city on summit of Asia Mt.</name>
        <description><![CDATA[<strong>name</strong>: Las ancient city on summit of Asia Mt.<br><strong>region</strong>: Lakonia Bk3<br><strong>part of</strong>: Asia mountain above Las<br><strong>location</strong>: Asia mountain above Las<br><strong>Wikidata</strong>: <a href="https://wikidata.org/wiki/Q124616582" target="_blank">https://wikidata.org/wiki/Q124616582</a><br><strong>type</strong>: polis<br><strong>passages</strong>: 3.24.6]]></description>
        <Point><coordinates>22.5047,36.7279</coordinates></Point>
      </Placemark>

      <Placemark>
        <name>Sanctuary of Heavenly Aphrodite at Kythera</name>
        <description><![CDATA[<strong>name</strong>: Sanctuary of Heavenly Aphrodite at Kythera<br><strong>region</strong>: Aegean Sea (Hellas)<br><strong>part of</strong>: Cythera island<br><strong>Wikidata</strong>: <a href="https://wikidata.org/wiki/Q134037625" target="_blank">https://wikidata.org/wiki/Q134037625</a><br><strong>type</strong>: hieron<br><strong>passages</strong>: 3.23.1]]></description>
        <Point><coordinates>22.97822,36.26229</coordinates></Point>
      </Placemark>

      <Placemark>
        <name>Sphakteria (island)</name>
        <description><![CDATA[<strong>name</strong>: Sphakteria (island)<br><strong>region</strong>: Messenia Bk4<br><strong>part of</strong>: Messenia Bk4<br><strong>Wikidata</strong>: <a href="https://wikidata.org/wiki/Q1303524" target="_blank">https://wikidata.org/wiki/Q1303524</a><br><strong>type</strong>: island<br><strong>passages</strong>: 1.13.5, 1.15.4, 3.5.5, 4.26.1, 4.26.2, 4.36.6, 6.22.6<br><strong>Pleiades</strong>: <a href="https://pleiades.stoa.org/places/570686" target="_blank">https://pleiades.stoa.org/places/570686</a>]]></description>
        <Point><coordinates>21.665725,36.930136</coordinates></Point>
      </Placemark>

      <Placemark>
        <name>Phaselis</name>
        <description><![CDATA[<strong>name</strong>: Phaselis<br><strong>region</strong>: Asia Minor (Asia)<br><strong>part of</strong>: Lycia region<br><strong>Wikidata</strong>: <a href="https://wikidata.org/wiki/Q595329" target="_blank">https://wikidata.org/wiki/Q595329</a><br><strong>type</strong>: settlement<br><strong>passages</strong>: 1.37.4, 3.3.8<br><strong>Pleiades</strong>: <a href="https://pleiades.stoa.org/places/639051" target="_blank">https://pleiades.stoa.org/places/639051</a>]]></description>
        <Point><coordinates>30.551573,36.524579</coordinates></Point>
      </Placemark>

      <Placemark>
        <name>Hypsoi unlocated site on Spartan SW border</name>
        <description><![CDATA[<strong>name</strong>: Hypsoi unlocated site on Spartan SW border<br><strong>region</strong>: Lakonia Bk3<br><strong>part of</strong>: Lakonia Bk3<br><strong>Wikidata</strong>: <a href="https://wikidata.org/wiki/Q60790115" target="_blank">https://wikidata.org/wiki/Q60790115</a><br><strong>type</strong>: chorion<br><strong>passages</strong>: 3.24.8<br><strong>Pleiades</strong>: <a href="https://pleiades.stoa.org/places/573258" target="_blank">https://pleiades.stoa.org/places/573258</a>]]></description>
        <Point><coordinates>22.438,36.726</coordinates></Point>
      </Placemark>

      <Placemark>
        <name>Tomb of Theopompos son of Nikandros in Sparta</name>
        <description><![CDATA[<strong>name</strong>: Tomb of Theopompos son of Nikandros in Sparta<br><strong>region</strong>: Lakonia Bk3<br><strong>part of</strong>: Sanctuary of Lykourgos in Sparta<br><strong>location</strong>: Sanctuary of Lykourgos in Sparta<br><strong>Wikidata</strong>: <a href="https://wikidata.org/wiki/Q124616330" target="_blank">https://wikidata.org/wiki/Q124616330</a><br><strong>type</strong>: tomb mnema<br><strong>passages</strong>: 3.16.6]]></description>
        <Point><coordinates>22.4237,37.0821</coordinates></Point>
      </Placemark>

      <Placemark>
        <name>Hellenion in Sparta</name>
        <description><![CDATA[<strong>name</strong>: Hellenion in Sparta<br><strong>region</strong>: Lakonia Bk3<br><strong>part of</strong>: Sparta<br><strong>location</strong>: Sparta<br><strong>Wikidata</strong>: <a href="https://wikidata.org/wiki/Q124616412" target="_blank">https://wikidata.org/wiki/Q124616412</a><br><strong>type</strong>: chorion<br><strong>passages</strong>: 3.12.7]]></description>
        <Point><coordinates>22.4237,37.0821</coordinates></Point>
      </Placemark>

      <Placemark>
        <name>Sanctuary of Helen in Sparta</name>
        <description><![CDATA[<strong>name</strong>: Sanctuary of Helen in Sparta<br><strong>region</strong>: Lakonia Bk3<br><strong>part of</strong>: Sparta<br><strong>location</strong>: Sparta<br><strong>Wikidata</strong>: <a href="https://wikidata.org/wiki/Q124616452" target="_blank">https://wikidata.org/wiki/Q124616452</a><br><strong>type</strong>: hieron<br><strong>passages</strong>: 3.15.3]]></description>
        <Point><coordinates>22.4237,37.0821</coordinates></Point>
      </Placemark>

      <Placemark>
        <name>Epidaurus Limera (Laconia)</name>
        <description><![CDATA[<strong>name</strong>: Epidaurus Limera (Laconia)<br><strong>region</strong>: Lakonia Bk3<br><strong>part of</strong>: Lakonia Bk3<br><strong>altname</strong>: Epidauros Limera<br><strong>Wikidata</strong>: <a href="https://wikidata.org/wiki/Q12877135" target="_blank">https://wikidata.org/wiki/Q12877135</a><br><strong>type</strong>: polis<br><strong>passages</strong>: 3.21.7, 3.23.10, 3.23.6, 3.24.1<br><strong>Pleiades</strong>: <a href="https://pleiades.stoa.org/places/570229" target="_blank">https://pleiades.stoa.org/places/570229</a><br><strong>ToposText</strong>: <a href="https://topostext.org/place/367230UEpi" target="_blank">https://topostext.org/place/367230UEpi</a>]]></description>
        <Point><coordinates>23.026,36.731</coordinates></Point>
      </Placemark>

      <Placemark>
        <name>Epidaurus Limera (Laconia)</name>
        <description><![CDATA[<strong>name</strong>: Epidaurus Limera (Laconia)<br><strong>region</strong>: Lakonia Bk3<br><strong>part of</strong>: Lakonia Bk3<br><strong>altname</strong>: Epidauros Limera<br><strong>Wikidata</strong>: <a href="https://wikidata.org/wiki/Q12877135" target="_blank">https://wikidata.org/wiki/Q12877135</a><br><strong>type</strong>: polis<br><strong>passages</strong>: 3.21.7, 3.23.10, 3.23.6, 3.24.1<br><strong>Pleiades</strong>: <a href="https://pleiades.stoa.org/places/570229" target="_blank">https://pleiades.stoa.org/places/570229</a><br><strong>ToposText</strong>: <a href="https://topostext.org/place/367230UEpi" target="_blank">https://topostext.org/place/367230UEpi</a>]]></description>
        <Point><coordinates>23.026,36.731</coordinates></Point>
      </Placemark>

      <Placemark>
        <name>Epidaurus Limera (Laconia)</name>
        <description><![CDATA[<strong>name</strong>: Epidaurus Limera (Laconia)<br><strong>region</strong>: Lakonia Bk3<br><strong>part of</strong>: Lakonia Bk3<br><strong>altname</strong>: Epidauros Limera<br><strong>Wikidata</strong>: <a href="https://wikidata.org/wiki/Q12877135" target="_blank">https://wikidata.org/wiki/Q12877135</a><br><strong>type</strong>: polis<br><strong>passages</strong>: 3.21.7, 3.23.10, 3.23.6, 3.24.1<br><strong>Pleiades</strong>: <a href="https://pleiades.stoa.org/places/570229" target="_blank">https://pleiades.stoa.org/places/570229</a><br><strong>ToposText</strong>: <a href="https://topostext.org/place/367230UEpi" target="_blank">https://topostext.org/place/367230UEpi</a>]]></description>
        <Point><coordinates>23.026,36.731</coordinates></Point>
      </Placemark>

      <Placemark>
        <name>Epidaurus Limera (Laconia)</name>
        <description><![CDATA[<strong>name</strong>: Epidaurus Limera (Laconia)<br><strong>region</strong>: Lakonia Bk3<br><strong>part of</strong>: Lakonia Bk3<br><strong>altname</strong>: Epidauros Limera<br><strong>Wikidata</strong>: <a href="https://wikidata.org/wiki/Q12877135" target="_blank">https://wikidata.org/wiki/Q12877135</a><br><strong>type</strong>: polis<br><strong>passages</strong>: 3.21.7, 3.23.10, 3.23.6, 3.24.1<br><strong>Pleiades</strong>: <a href="https://pleiades.stoa.org/places/570229" target="_blank">https://pleiades.stoa.org/places/570229</a><br><strong>ToposText</strong>: <a href="https://topostext.org/place/367230UEpi" target="_blank">https://topostext.org/place/367230UEpi</a>]]></description>
        <Point><coordinates>23.026,36.731</coordinates></Point>
      </Placemark>

      <Placemark>
        <name>Koroneia (Boeotia)</name>
        <description><![CDATA[<strong>name</strong>: Koroneia (Boeotia)<br><strong>region</strong>: Boiotia Bk9<br><strong>part of</strong>: Boiotia Bk9<br><strong>altname</strong>: Coronea<br><strong>Wikidata</strong>: <a href="https://wikidata.org/wiki/Q593295" target="_blank">https://wikidata.org/wiki/Q593295</a><br><strong>type</strong>: polis<br><strong>passages</strong>: 3.9.13, 4.34.5, 9.32.5, 9.34.1, 9.34.3, 9.34.4, 9.34.5, 9.34.7, 9.34.8, 9.6.4<br><strong>Pleiades</strong>: <a href="https://pleiades.stoa.org/places/540717" target="_blank">https://pleiades.stoa.org/places/540717</a>]]></description>
        <Point><coordinates>22.956902,38.392613</coordinates></Point>
      </Placemark>

      <Placemark>
        <name>Macedonia (Europe)</name>
        <description><![CDATA[<strong>name</strong>: Macedonia (Europe)<br><strong>region</strong>: Europe<br><strong>part of</strong>: Hellas (Europe)<br><strong>Wikidata</strong>: <a href="https://wikidata.org/wiki/Q81734" target="_blank">https://wikidata.org/wiki/Q81734</a><br><strong>type</strong>: major region<br><strong>passages</strong>: 10.20.5, 10.33.3, 10.8.4, 3.6.8, 5.5.1, 5.8.11, 6.4.10, 6.5.5, 7.10.7, 7.13.1, 7.15.11, 7.15.2, 7.16.1, 7.17.2, 7.25.6, 7.7.7, 7.8.3, 7.8.8, 8.49.5, 8.49.6, 8.8.11, 8.8.12, 9.40.8, 9.40.9<br><strong>Pleiades</strong>: <a href="https://pleiades.stoa.org/places/491656" target="_blank">https://pleiades.stoa.org/places/491656</a><br><strong>ToposText</strong>: <a href="https://topostext.org/place/408225RMak" target="_blank">https://topostext.org/place/408225RMak</a>]]></description>
        <Point><coordinates>22.5,42.5</coordinates></Point>
      </Placemark>

      <Placemark>
        <name>Aigospotamos</name>
        <description><![CDATA[<strong>name</strong>: Aigospotamos<br><strong>region</strong>: Thrace (Europe)<br><strong>part of</strong>: Chersonesus (Thrace)<br><strong>Wikidata</strong>: <a href="https://wikidata.org/wiki/Q404513" target="_blank">https://wikidata.org/wiki/Q404513</a><br><strong>type</strong>: battlefield, river<br><strong>passages</strong>: 10.38.10, 10.9.11, 10.9.9, 3.11.5, 3.17.4, 3.18.8, 3.8.6, 4.17.3, 4.26.2, 6.3.15, 9.32.7, 9.32.9<br><strong>Pleiades</strong>: <a href="https://pleiades.stoa.org/places/501336" target="_blank">https://pleiades.stoa.org/places/501336</a>]]></description>
        <Point><coordinates>26.61011,40.35074</coordinates></Point>
      </Placemark>

      <Placemark>
        <name>Aigospotamos</name>
        <description><![CDATA[<strong>name</strong>: Aigospotamos<br><strong>region</strong>: Thrace (Europe)<br><strong>part of</strong>: Chersonesus (Thrace)<br><strong>Wikidata</strong>: <a href="https://wikidata.org/wiki/Q404513" target="_blank">https://wikidata.org/wiki/Q404513</a><br><strong>type</strong>: battlefield, river<br><strong>passages</strong>: 10.38.10, 10.9.11, 10.9.9, 3.11.5, 3.17.4, 3.18.8, 3.8.6, 4.17.3, 4.26.2, 6.3.15, 9.32.7, 9.32.9<br><strong>Pleiades</strong>: <a href="https://pleiades.stoa.org/places/501336" target="_blank">https://pleiades.stoa.org/places/501336</a>]]></description>
        <Point><coordinates>26.61011,40.35074</coordinates></Point>
      </Placemark>

      <Placemark>
        <name>Aigospotamos</name>
        <description><![CDATA[<strong>name</strong>: Aigospotamos<br><strong>region</strong>: Thrace (Europe)<br><strong>part of</strong>: Chersonesus (Thrace)<br><strong>Wikidata</strong>: <a href="https://wikidata.org/wiki/Q404513" target="_blank">https://wikidata.org/wiki/Q404513</a><br><strong>type</strong>: battlefield, river<br><strong>passages</strong>: 10.38.10, 10.9.11, 10.9.9, 3.11.5, 3.17.4, 3.18.8, 3.8.6, 4.17.3, 4.26.2, 6.3.15, 9.32.7, 9.32.9<br><strong>Pleiades</strong>: <a href="https://pleiades.stoa.org/places/501336" target="_blank">https://pleiades.stoa.org/places/501336</a>]]></description>
        <Point><coordinates>26.61011,40.35074</coordinates></Point>
      </Placemark>

      <Placemark>
        <name>Aigospotamos</name>
        <description><![CDATA[<strong>name</strong>: Aigospotamos<br><strong>region</strong>: Thrace (Europe)<br><strong>part of</strong>: Chersonesus (Thrace)<br><strong>Wikidata</strong>: <a href="https://wikidata.org/wiki/Q404513" target="_blank">https://wikidata.org/wiki/Q404513</a><br><strong>type</strong>: battlefield, river<br><strong>passages</strong>: 10.38.10, 10.9.11, 10.9.9, 3.11.5, 3.17.4, 3.18.8, 3.8.6, 4.17.3, 4.26.2, 6.3.15, 9.32.7, 9.32.9<br><strong>Pleiades</strong>: <a href="https://pleiades.stoa.org/places/501336" target="_blank">https://pleiades.stoa.org/places/501336</a>]]></description>
        <Point><coordinates>26.61011,40.35074</coordinates></Point>
      </Placemark>

      <Placemark>
        <name>Acropolis of Leuktra</name>
        <description><![CDATA[<strong>name</strong>: Acropolis of Leuktra<br><strong>region</strong>: Lakonia Bk3<br><strong>part of</strong>: Leuktra (Lakonia)<br><strong>location</strong>: Leuktra (Lakonia)<br><strong>Wikidata</strong>: <a href="https://wikidata.org/wiki/Q124616550" target="_blank">https://wikidata.org/wiki/Q124616550</a><br><strong>type</strong>: acropolis<br><strong>passages</strong>: 3.26.5]]></description>
        <Point><coordinates>22.26501,36.84279</coordinates></Point>
      </Placemark>

      <Placemark>
        <name>Asklepieion of Epidauros</name>
        <description><![CDATA[<strong>name</strong>: Asklepieion of Epidauros<br><strong>region</strong>: Epidauria Bk2<br><strong>part of</strong>: Epidauria Bk2<br><strong>altname</strong>: Asclepieion of Epidaurus<br><strong>Wikidata</strong>: <a href="https://wikidata.org/wiki/Q7698713" target="_blank">https://wikidata.org/wiki/Q7698713</a><br><strong>type</strong>: Asclepieion<br><strong>passages</strong>: 10.38.13, 2.1.4, 2.26.1, 2.26.9, 2.27.2, 2.27.6, 2.27.7, 3.23.7, 5.11.11<br><strong>Pleiades</strong>: <a href="https://pleiades.stoa.org/places/570127" target="_blank">https://pleiades.stoa.org/places/570127</a><br><strong>ToposText</strong>: <a href="https://topostext.org/place/376231SAsk" target="_blank">https://topostext.org/place/376231SAsk</a>]]></description>
        <Point><coordinates>23.075,37.597</coordinates></Point>
      </Placemark>

      <Placemark>
        <name>Aetna (mountain)</name>
        <description><![CDATA[<strong>name</strong>: Aetna (mountain)<br><strong>region</strong>: Sicilia (island)<br><strong>part of</strong>: Sicilia (island)<br><strong>Wikidata</strong>: <a href="https://wikidata.org/wiki/Q16990" target="_blank">https://wikidata.org/wiki/Q16990</a><br><strong>type</strong>: mountain oros<br><strong>passages</strong>: 10.28.4, 3.23.9<br><strong>Pleiades</strong>: <a href="https://pleiades.stoa.org/places/462077" target="_blank">https://pleiades.stoa.org/places/462077</a>]]></description>
        <Point><coordinates>14.9958286,37.751113</coordinates></Point>
      </Placemark>

      <Placemark>
        <name>Tomb of Aphareus son of Perieres</name>
        <description><![CDATA[<strong>name</strong>: Tomb of Aphareus son of Perieres<br><strong>region</strong>: Lakonia Bk3<br><strong>part of</strong>: Ancient Ephoreia in Sparta<br><strong>location</strong>: Ancient Ephoreia in Sparta<br><strong>Wikidata</strong>: <a href="https://wikidata.org/wiki/Q124616309" target="_blank">https://wikidata.org/wiki/Q124616309</a><br><strong>type</strong>: tomb mnema<br><strong>passages</strong>: 3.11.11<br><strong>Manto</strong>: <a href="https://resource.manto.unh.edu/10151172" target="_blank">https://resource.manto.unh.edu/10151172</a>]]></description>
        <Point><coordinates>22.42659,37.08188</coordinates></Point>
      </Placemark>

      <Placemark>
        <name>Grove of Ares at Geronthrai</name>
        <description><![CDATA[<strong>name</strong>: Grove of Ares at Geronthrai<br><strong>region</strong>: Lakonia Bk3<br><strong>part of</strong>: Geronthrai<br><strong>location</strong>: Geronthrai<br><strong>Wikidata</strong>: <a href="https://wikidata.org/wiki/Q124616360" target="_blank">https://wikidata.org/wiki/Q124616360</a><br><strong>type</strong>: grove<br><strong>passages</strong>: 3.22.6, 3.22.7]]></description>
        <Point><coordinates>22.706912,36.992193</coordinates></Point>
      </Placemark>

      <Placemark>
        <name>Grove of Ares at Geronthrai</name>
        <description><![CDATA[<strong>name</strong>: Grove of Ares at Geronthrai<br><strong>region</strong>: Lakonia Bk3<br><strong>part of</strong>: Geronthrai<br><strong>location</strong>: Geronthrai<br><strong>Wikidata</strong>: <a href="https://wikidata.org/wiki/Q124616360" target="_blank">https://wikidata.org/wiki/Q124616360</a><br><strong>type</strong>: grove<br><strong>passages</strong>: 3.22.6, 3.22.7]]></description>
        <Point><coordinates>22.706912,36.992193</coordinates></Point>
      </Placemark>

      <Placemark>
        <name>Arainon</name>
        <description><![CDATA[<strong>name</strong>: Arainon<br><strong>region</strong>: Lakonia Bk3<br><strong>part of</strong>: Lakonia Bk3<br><strong>Wikidata</strong>: <a href="https://wikidata.org/wiki/Q124607848" target="_blank">https://wikidata.org/wiki/Q124607848</a><br><strong>type</strong>: chorion<br><strong>passages</strong>: 3.24.10<br><strong>Pleiades</strong>: <a href="https://pleiades.stoa.org/places/570099" target="_blank">https://pleiades.stoa.org/places/570099</a>]]></description>
        <Point><coordinates>22.521276,36.69704</coordinates></Point>
      </Placemark>

      <Placemark>
        <name>House of Hippokoon at Sparta</name>
        <description><![CDATA[<strong>name</strong>: House of Hippokoon at Sparta<br><strong>region</strong>: Lakonia Bk3<br><strong>part of</strong>: Sparta<br><strong>location</strong>: Sparta<br><strong>Wikidata</strong>: <a href="https://wikidata.org/wiki/Q124616339" target="_blank">https://wikidata.org/wiki/Q124616339</a><br><strong>type</strong>: house<br><strong>passages</strong>: 3.15.4]]></description>
        <Point><coordinates>22.4237,37.0821</coordinates></Point>
      </Placemark>

      <Placemark>
        <name>sanctuary of Artemis Astrateia</name>
        <description><![CDATA[<strong>name</strong>: sanctuary of Artemis Astrateia<br><strong>region</strong>: Lakonia Bk3<br><strong>part of</strong>: Pyrrichos<br><strong>location</strong>: Pyrrichos<br><strong>Wikidata</strong>: <a href="https://wikidata.org/wiki/Q124616480" target="_blank">https://wikidata.org/wiki/Q124616480</a><br><strong>type</strong>: hieron<br><strong>passages</strong>: 3.25.3]]></description>
        <Point><coordinates>22.432959,36.659054</coordinates></Point>
      </Placemark>

      <Placemark>
        <name>Mycale (mountain)</name>
        <description><![CDATA[<strong>name</strong>: Mycale (mountain)<br><strong>region</strong>: Asia Minor (Asia)<br><strong>part of</strong>: Ionia (region)<br><strong>Wikidata</strong>: <a href="https://wikidata.org/wiki/Q1330828" target="_blank">https://wikidata.org/wiki/Q1330828</a><br><strong>type</strong>: mountain oros<br><strong>passages</strong>: 1.25.1, 3.7.9, 5.7.5, 7.4.1, 8.52.3<br><strong>Pleiades</strong>: <a href="https://pleiades.stoa.org/places/599805" target="_blank">https://pleiades.stoa.org/places/599805</a>]]></description>
        <Point><coordinates>27.12558,37.66144</coordinates></Point>
      </Placemark>

      <Placemark>
        <name>Knosos/Col. Iulia Nobilis Cnosos</name>
        <description><![CDATA[<strong>name</strong>: Knosos/Col. Iulia Nobilis Cnosos<br><strong>region</strong>: Crete<br><strong>part of</strong>: Crete<br><strong>Wikidata</strong>: <a href="https://wikidata.org/wiki/Q173527" target="_blank">https://wikidata.org/wiki/Q173527</a><br><strong>type</strong>: polis<br><strong>passages</strong>: 1.18.5, 1.27.10, 3.2.4, 5.10.9, 6.4.11, 8.53.8<br><strong>Pleiades</strong>: <a href="https://pleiades.stoa.org/places/589872" target="_blank">https://pleiades.stoa.org/places/589872</a>]]></description>
        <Point><coordinates>25.163105999999996,35.297847</coordinates></Point>
      </Placemark>

      <Placemark>
        <name>Heroon of Aigeus son of  Oeolycus in Sparta</name>
        <description><![CDATA[<strong>name</strong>: Heroon of Aigeus son of  Oeolycus in Sparta<br><strong>region</strong>: Lakonia Bk3<br><strong>part of</strong>: Sparta<br><strong>location</strong>: Sparta<br><strong>Wikidata</strong>: <a href="https://wikidata.org/wiki/Q124616570" target="_blank">https://wikidata.org/wiki/Q124616570</a><br><strong>type</strong>: heroon<br><strong>passages</strong>: 3.15.8]]></description>
        <Point><coordinates>22.4237,37.0821</coordinates></Point>
      </Placemark>

      <Placemark>
        <name>Sanctuary of  Ge (Earth) near  the Choros at  Sparta</name>
        <description><![CDATA[<strong>name</strong>: Sanctuary of  Ge (Earth) near  the Choros at  Sparta<br><strong>region</strong>: Lakonia Bk3<br><strong>part of</strong>: Agora of Sparta<br><strong>location</strong>: Agora of Sparta<br><strong>Wikidata</strong>: <a href="https://wikidata.org/wiki/Q124616593" target="_blank">https://wikidata.org/wiki/Q124616593</a><br><strong>type</strong>: hieron<br><strong>passages</strong>: 3.11.9]]></description>
        <Point><coordinates>22.42659,37.08188</coordinates></Point>
      </Placemark>

      <Placemark>
        <name>Karyai</name>
        <description><![CDATA[<strong>name</strong>: Karyai<br><strong>region</strong>: Lakonia Bk3<br><strong>part of</strong>: Lakonia Bk3<br><strong>Wikidata</strong>: <a href="https://wikidata.org/wiki/Q59148716" target="_blank">https://wikidata.org/wiki/Q59148716</a><br><strong>type</strong>: settlement<br><strong>passages</strong>: 3.10.7, 4.16.9<br><strong>Pleiades</strong>: <a href="https://pleiades.stoa.org/places/570334" target="_blank">https://pleiades.stoa.org/places/570334</a>]]></description>
        <Point><coordinates>22.515967,37.288734</coordinates></Point>
      </Placemark>

      <Placemark>
        <name>Lesbos (island)</name>
        <description><![CDATA[<strong>name</strong>: Lesbos (island)<br><strong>region</strong>: Aegean Sea (Hellas)<br><strong>part of</strong>: Aegean Sea (Hellas)<br><strong>Wikidata</strong>: <a href="https://wikidata.org/wiki/Q128087" target="_blank">https://wikidata.org/wiki/Q128087</a><br><strong>type</strong>: island<br><strong>passages</strong>: 10.24.1, 3.2.1, 4.35.10<br><strong>Pleiades</strong>: <a href="https://pleiades.stoa.org/places/550696" target="_blank">https://pleiades.stoa.org/places/550696</a>]]></description>
        <Point><coordinates>26.10052,39.20874</coordinates></Point>
      </Placemark>

      <Placemark>
        <name>Grove of Argus, at Sepeia near Tiryns</name>
        <description><![CDATA[<strong>name</strong>: Grove of Argus, at Sepeia near Tiryns<br><strong>region</strong>: Argolid Bk2<br><strong>part of</strong>: Tiryns<br><strong>location</strong>: Tiryns<br><strong>Wikidata</strong>: <a href="https://wikidata.org/wiki/Q106350076" target="_blank">https://wikidata.org/wiki/Q106350076</a><br><strong>type</strong>: grove<br><strong>passages</strong>: 2.20.8, 3.4.1]]></description>
        <Point><coordinates>22.80004,37.59918</coordinates></Point>
      </Placemark>

      <Placemark>
        <name>Menelaion (Lakonia)</name>
        <description><![CDATA[<strong>name</strong>: Menelaion (Lakonia)<br><strong>region</strong>: Lakonia Bk3<br><strong>part of</strong>: Lakonia Bk3<br><strong>Wikidata</strong>: <a href="https://wikidata.org/wiki/Q23069794" target="_blank">https://wikidata.org/wiki/Q23069794</a><br><strong>type</strong>: temple<br><strong>passages</strong>: 3.19.9<br><strong>Pleiades</strong>: <a href="https://pleiades.stoa.org/places/570477" target="_blank">https://pleiades.stoa.org/places/570477</a><br><strong>ToposText</strong>: <a href="https://topostext.org/place/370225SMen" target="_blank">https://topostext.org/place/370225SMen</a>]]></description>
        <Point><coordinates>22.4535,37.0658</coordinates></Point>
      </Placemark>

      <Placemark>
        <name>Trinasos (Lakonia)</name>
        <description><![CDATA[<strong>name</strong>: Trinasos (Lakonia)<br><strong>region</strong>: Lakonia Bk3<br><strong>part of</strong>: Lakonia Bk3<br><strong>Wikidata</strong>: <a href="https://wikidata.org/wiki/Q60792067" target="_blank">https://wikidata.org/wiki/Q60792067</a><br><strong>type</strong>: fortification<br><strong>passages</strong>: 3.22.3<br><strong>Pleiades</strong>: <a href="https://pleiades.stoa.org/places/570753" target="_blank">https://pleiades.stoa.org/places/570753</a><br><strong>ToposText</strong>: <a href="https://topostext.org/place/368226FTri" target="_blank">https://topostext.org/place/368226FTri</a>]]></description>
        <Point><coordinates>22.602,36.796</coordinates></Point>
      </Placemark>

      <Placemark>
        <name>Poseidon Tainarios (Sparta)</name>
        <description><![CDATA[<strong>name</strong>: Poseidon Tainarios (Sparta)<br><strong>region</strong>: Lakonia Bk3<br><strong>part of</strong>: Sparta<br><strong>type</strong>: temenos<br><strong>passages</strong>: 3.12.5<br><strong>Pleiades</strong>: <a href="https://pleiades.stoa.org/places/469183604" target="_blank">https://pleiades.stoa.org/places/469183604</a><br><strong>ToposText</strong>: <a href="https://topostext.org/place/371224SPoT" target="_blank">https://topostext.org/place/371224SPoT</a>]]></description>
        <Point><coordinates>22.4289,37.07593</coordinates></Point>
      </Placemark>

      <Placemark>
        <name>Helos (Lakonia)</name>
        <description><![CDATA[<strong>name</strong>: Helos (Lakonia)<br><strong>region</strong>: Lakonia Bk3<br><strong>part of</strong>: Lakonia Bk3<br><strong>altname</strong>: ruins<br><strong>Wikidata</strong>: <a href="https://wikidata.org/wiki/Q56670610" target="_blank">https://wikidata.org/wiki/Q56670610</a><br><strong>type</strong>: polisma<br><strong>passages</strong>: 3.2.7, 3.20.6, 3.20.7, 3.22.3<br><strong>ToposText</strong>: <a href="https://topostext.org/place/368226UHel" target="_blank">https://topostext.org/place/368226UHel</a>]]></description>
        <Point><coordinates>22.68,36.853</coordinates></Point>
      </Placemark>

      <Placemark>
        <name>Helos (Lakonia)</name>
        <description><![CDATA[<strong>name</strong>: Helos (Lakonia)<br><strong>region</strong>: Lakonia Bk3<br><strong>part of</strong>: Lakonia Bk3<br><strong>altname</strong>: ruins<br><strong>Wikidata</strong>: <a href="https://wikidata.org/wiki/Q56670610" target="_blank">https://wikidata.org/wiki/Q56670610</a><br><strong>type</strong>: polisma<br><strong>passages</strong>: 3.2.7, 3.20.6, 3.20.7, 3.22.3<br><strong>ToposText</strong>: <a href="https://topostext.org/place/368226UHel" target="_blank">https://topostext.org/place/368226UHel</a>]]></description>
        <Point><coordinates>22.68,36.853</coordinates></Point>
      </Placemark>

      <Placemark>
        <name>Helos (Lakonia)</name>
        <description><![CDATA[<strong>name</strong>: Helos (Lakonia)<br><strong>region</strong>: Lakonia Bk3<br><strong>part of</strong>: Lakonia Bk3<br><strong>altname</strong>: ruins<br><strong>Wikidata</strong>: <a href="https://wikidata.org/wiki/Q56670610" target="_blank">https://wikidata.org/wiki/Q56670610</a><br><strong>type</strong>: polisma<br><strong>passages</strong>: 3.2.7, 3.20.6, 3.20.7, 3.22.3<br><strong>ToposText</strong>: <a href="https://topostext.org/place/368226UHel" target="_blank">https://topostext.org/place/368226UHel</a>]]></description>
        <Point><coordinates>22.68,36.853</coordinates></Point>
      </Placemark>

      <Placemark>
        <name>Helos (Lakonia)</name>
        <description><![CDATA[<strong>name</strong>: Helos (Lakonia)<br><strong>region</strong>: Lakonia Bk3<br><strong>part of</strong>: Lakonia Bk3<br><strong>altname</strong>: ruins<br><strong>Wikidata</strong>: <a href="https://wikidata.org/wiki/Q56670610" target="_blank">https://wikidata.org/wiki/Q56670610</a><br><strong>type</strong>: polisma<br><strong>passages</strong>: 3.2.7, 3.20.6, 3.20.7, 3.22.3<br><strong>ToposText</strong>: <a href="https://topostext.org/place/368226UHel" target="_blank">https://topostext.org/place/368226UHel</a>]]></description>
        <Point><coordinates>22.68,36.853</coordinates></Point>
      </Placemark>

      <Placemark>
        <name>Peloponnesos</name>
        <description><![CDATA[<strong>name</strong>: Peloponnesos<br><strong>region</strong>: Hellas (Europe)<br><strong>part of</strong>: Hellas (Europe)<br><strong>altname</strong>: Peloponnese<br><strong>Wikidata</strong>: <a href="https://wikidata.org/wiki/Q78967" target="_blank">https://wikidata.org/wiki/Q78967</a><br><strong>type</strong>: major region<br><strong>passages</strong>: 1.13.4, 1.13.7, 1.25.4, 1.27.10, 1.27.5, 1.3.4, 1.41.2, 10.1.2, 10.18.2, 10.38.10, 2.1.1, 2.1.2, 2.1.5, 2.12.3, 2.13.1, 2.13.7, 2.18.7, 2.20.1, 2.21.5, 2.24.5, 2.26.1, 2.26.3, 2.26.4, 2.34.4, 2.34.8, 2.37.3, 2.5.3, 2.5.6, 2.5.7, 2.7.6, 2.8.6, 2.9.2, 3.1.6, 3.13.2, 3.2.6, 3.21.6, 3.22.6, 3.3.4, 3.7.6, 3.9.1, 4.14.6, 4.15.6, 4.24.7, 4.26.1, 4.26.3, 4.26.5, 4.27.11, 4.27.8, 4.27.9, 4.28.1, 4.29.13, 4.29.2, 4.29.4, 4.31.11, 4.34.10, 4.34.5, 4.34.9, 4.35.1, 5.1.1, 5.1.2, 5.1.7, 5.1.8, 5.3.5, 5.3.6, 5.6.3, 5.8.2, 6.2.10, 6.2.11, 6.7.6, 7.13.5, 7.15.6, 7.3.9, 7.7.6, 8.1.1, 8.1.2, 8.27.5, 8.30.5, 8.38.7, 8.45.3, 8.5.1, 8.5.6, 8.51.3, 8.54.7, 9.14.4, 9.15.4, 9.32.1, 9.9.2<br><strong>Pleiades</strong>: <a href="https://pleiades.stoa.org/places/570577" target="_blank">https://pleiades.stoa.org/places/570577</a>]]></description>
        <Point><coordinates>22.31275269,37.25289778</coordinates></Point>
      </Placemark>

      <Placemark>
        <name>Peloponnesos</name>
        <description><![CDATA[<strong>name</strong>: Peloponnesos<br><strong>region</strong>: Hellas (Europe)<br><strong>part of</strong>: Hellas (Europe)<br><strong>altname</strong>: Peloponnese<br><strong>Wikidata</strong>: <a href="https://wikidata.org/wiki/Q78967" target="_blank">https://wikidata.org/wiki/Q78967</a><br><strong>type</strong>: major region<br><strong>passages</strong>: 1.13.4, 1.13.7, 1.25.4, 1.27.10, 1.27.5, 1.3.4, 1.41.2, 10.1.2, 10.18.2, 10.38.10, 2.1.1, 2.1.2, 2.1.5, 2.12.3, 2.13.1, 2.13.7, 2.18.7, 2.20.1, 2.21.5, 2.24.5, 2.26.1, 2.26.3, 2.26.4, 2.34.4, 2.34.8, 2.37.3, 2.5.3, 2.5.6, 2.5.7, 2.7.6, 2.8.6, 2.9.2, 3.1.6, 3.13.2, 3.2.6, 3.21.6, 3.22.6, 3.3.4, 3.7.6, 3.9.1, 4.14.6, 4.15.6, 4.24.7, 4.26.1, 4.26.3, 4.26.5, 4.27.11, 4.27.8, 4.27.9, 4.28.1, 4.29.13, 4.29.2, 4.29.4, 4.31.11, 4.34.10, 4.34.5, 4.34.9, 4.35.1, 5.1.1, 5.1.2, 5.1.7, 5.1.8, 5.3.5, 5.3.6, 5.6.3, 5.8.2, 6.2.10, 6.2.11, 6.7.6, 7.13.5, 7.15.6, 7.3.9, 7.7.6, 8.1.1, 8.1.2, 8.27.5, 8.30.5, 8.38.7, 8.45.3, 8.5.1, 8.5.6, 8.51.3, 8.54.7, 9.14.4, 9.15.4, 9.32.1, 9.9.2<br><strong>Pleiades</strong>: <a href="https://pleiades.stoa.org/places/570577" target="_blank">https://pleiades.stoa.org/places/570577</a>]]></description>
        <Point><coordinates>22.31275269,37.25289778</coordinates></Point>
      </Placemark>

      <Placemark>
        <name>Peloponnesos</name>
        <description><![CDATA[<strong>name</strong>: Peloponnesos<br><strong>region</strong>: Hellas (Europe)<br><strong>part of</strong>: Hellas (Europe)<br><strong>altname</strong>: Peloponnese<br><strong>Wikidata</strong>: <a href="https://wikidata.org/wiki/Q78967" target="_blank">https://wikidata.org/wiki/Q78967</a><br><strong>type</strong>: major region<br><strong>passages</strong>: 1.13.4, 1.13.7, 1.25.4, 1.27.10, 1.27.5, 1.3.4, 1.41.2, 10.1.2, 10.18.2, 10.38.10, 2.1.1, 2.1.2, 2.1.5, 2.12.3, 2.13.1, 2.13.7, 2.18.7, 2.20.1, 2.21.5, 2.24.5, 2.26.1, 2.26.3, 2.26.4, 2.34.4, 2.34.8, 2.37.3, 2.5.3, 2.5.6, 2.5.7, 2.7.6, 2.8.6, 2.9.2, 3.1.6, 3.13.2, 3.2.6, 3.21.6, 3.22.6, 3.3.4, 3.7.6, 3.9.1, 4.14.6, 4.15.6, 4.24.7, 4.26.1, 4.26.3, 4.26.5, 4.27.11, 4.27.8, 4.27.9, 4.28.1, 4.29.13, 4.29.2, 4.29.4, 4.31.11, 4.34.10, 4.34.5, 4.34.9, 4.35.1, 5.1.1, 5.1.2, 5.1.7, 5.1.8, 5.3.5, 5.3.6, 5.6.3, 5.8.2, 6.2.10, 6.2.11, 6.7.6, 7.13.5, 7.15.6, 7.3.9, 7.7.6, 8.1.1, 8.1.2, 8.27.5, 8.30.5, 8.38.7, 8.45.3, 8.5.1, 8.5.6, 8.51.3, 8.54.7, 9.14.4, 9.15.4, 9.32.1, 9.9.2<br><strong>Pleiades</strong>: <a href="https://pleiades.stoa.org/places/570577" target="_blank">https://pleiades.stoa.org/places/570577</a>]]></description>
        <Point><coordinates>22.31275269,37.25289778</coordinates></Point>
      </Placemark>

      <Placemark>
        <name>Peloponnesos</name>
        <description><![CDATA[<strong>name</strong>: Peloponnesos<br><strong>region</strong>: Hellas (Europe)<br><strong>part of</strong>: Hellas (Europe)<br><strong>altname</strong>: Peloponnese<br><strong>Wikidata</strong>: <a href="https://wikidata.org/wiki/Q78967" target="_blank">https://wikidata.org/wiki/Q78967</a><br><strong>type</strong>: major region<br><strong>passages</strong>: 1.13.4, 1.13.7, 1.25.4, 1.27.10, 1.27.5, 1.3.4, 1.41.2, 10.1.2, 10.18.2, 10.38.10, 2.1.1, 2.1.2, 2.1.5, 2.12.3, 2.13.1, 2.13.7, 2.18.7, 2.20.1, 2.21.5, 2.24.5, 2.26.1, 2.26.3, 2.26.4, 2.34.4, 2.34.8, 2.37.3, 2.5.3, 2.5.6, 2.5.7, 2.7.6, 2.8.6, 2.9.2, 3.1.6, 3.13.2, 3.2.6, 3.21.6, 3.22.6, 3.3.4, 3.7.6, 3.9.1, 4.14.6, 4.15.6, 4.24.7, 4.26.1, 4.26.3, 4.26.5, 4.27.11, 4.27.8, 4.27.9, 4.28.1, 4.29.13, 4.29.2, 4.29.4, 4.31.11, 4.34.10, 4.34.5, 4.34.9, 4.35.1, 5.1.1, 5.1.2, 5.1.7, 5.1.8, 5.3.5, 5.3.6, 5.6.3, 5.8.2, 6.2.10, 6.2.11, 6.7.6, 7.13.5, 7.15.6, 7.3.9, 7.7.6, 8.1.1, 8.1.2, 8.27.5, 8.30.5, 8.38.7, 8.45.3, 8.5.1, 8.5.6, 8.51.3, 8.54.7, 9.14.4, 9.15.4, 9.32.1, 9.9.2<br><strong>Pleiades</strong>: <a href="https://pleiades.stoa.org/places/570577" target="_blank">https://pleiades.stoa.org/places/570577</a>]]></description>
        <Point><coordinates>22.31275269,37.25289778</coordinates></Point>
      </Placemark>

      <Placemark>
        <name>Peloponnesos</name>
        <description><![CDATA[<strong>name</strong>: Peloponnesos<br><strong>region</strong>: Hellas (Europe)<br><strong>part of</strong>: Hellas (Europe)<br><strong>altname</strong>: Peloponnese<br><strong>Wikidata</strong>: <a href="https://wikidata.org/wiki/Q78967" target="_blank">https://wikidata.org/wiki/Q78967</a><br><strong>type</strong>: major region<br><strong>passages</strong>: 1.13.4, 1.13.7, 1.25.4, 1.27.10, 1.27.5, 1.3.4, 1.41.2, 10.1.2, 10.18.2, 10.38.10, 2.1.1, 2.1.2, 2.1.5, 2.12.3, 2.13.1, 2.13.7, 2.18.7, 2.20.1, 2.21.5, 2.24.5, 2.26.1, 2.26.3, 2.26.4, 2.34.4, 2.34.8, 2.37.3, 2.5.3, 2.5.6, 2.5.7, 2.7.6, 2.8.6, 2.9.2, 3.1.6, 3.13.2, 3.2.6, 3.21.6, 3.22.6, 3.3.4, 3.7.6, 3.9.1, 4.14.6, 4.15.6, 4.24.7, 4.26.1, 4.26.3, 4.26.5, 4.27.11, 4.27.8, 4.27.9, 4.28.1, 4.29.13, 4.29.2, 4.29.4, 4.31.11, 4.34.10, 4.34.5, 4.34.9, 4.35.1, 5.1.1, 5.1.2, 5.1.7, 5.1.8, 5.3.5, 5.3.6, 5.6.3, 5.8.2, 6.2.10, 6.2.11, 6.7.6, 7.13.5, 7.15.6, 7.3.9, 7.7.6, 8.1.1, 8.1.2, 8.27.5, 8.30.5, 8.38.7, 8.45.3, 8.5.1, 8.5.6, 8.51.3, 8.54.7, 9.14.4, 9.15.4, 9.32.1, 9.9.2<br><strong>Pleiades</strong>: <a href="https://pleiades.stoa.org/places/570577" target="_blank">https://pleiades.stoa.org/places/570577</a>]]></description>
        <Point><coordinates>22.31275269,37.25289778</coordinates></Point>
      </Placemark>

      <Placemark>
        <name>Peloponnesos</name>
        <description><![CDATA[<strong>name</strong>: Peloponnesos<br><strong>region</strong>: Hellas (Europe)<br><strong>part of</strong>: Hellas (Europe)<br><strong>altname</strong>: Peloponnese<br><strong>Wikidata</strong>: <a href="https://wikidata.org/wiki/Q78967" target="_blank">https://wikidata.org/wiki/Q78967</a><br><strong>type</strong>: major region<br><strong>passages</strong>: 1.13.4, 1.13.7, 1.25.4, 1.27.10, 1.27.5, 1.3.4, 1.41.2, 10.1.2, 10.18.2, 10.38.10, 2.1.1, 2.1.2, 2.1.5, 2.12.3, 2.13.1, 2.13.7, 2.18.7, 2.20.1, 2.21.5, 2.24.5, 2.26.1, 2.26.3, 2.26.4, 2.34.4, 2.34.8, 2.37.3, 2.5.3, 2.5.6, 2.5.7, 2.7.6, 2.8.6, 2.9.2, 3.1.6, 3.13.2, 3.2.6, 3.21.6, 3.22.6, 3.3.4, 3.7.6, 3.9.1, 4.14.6, 4.15.6, 4.24.7, 4.26.1, 4.26.3, 4.26.5, 4.27.11, 4.27.8, 4.27.9, 4.28.1, 4.29.13, 4.29.2, 4.29.4, 4.31.11, 4.34.10, 4.34.5, 4.34.9, 4.35.1, 5.1.1, 5.1.2, 5.1.7, 5.1.8, 5.3.5, 5.3.6, 5.6.3, 5.8.2, 6.2.10, 6.2.11, 6.7.6, 7.13.5, 7.15.6, 7.3.9, 7.7.6, 8.1.1, 8.1.2, 8.27.5, 8.30.5, 8.38.7, 8.45.3, 8.5.1, 8.5.6, 8.51.3, 8.54.7, 9.14.4, 9.15.4, 9.32.1, 9.9.2<br><strong>Pleiades</strong>: <a href="https://pleiades.stoa.org/places/570577" target="_blank">https://pleiades.stoa.org/places/570577</a>]]></description>
        <Point><coordinates>22.31275269,37.25289778</coordinates></Point>
      </Placemark>

      <Placemark>
        <name>Peloponnesos</name>
        <description><![CDATA[<strong>name</strong>: Peloponnesos<br><strong>region</strong>: Hellas (Europe)<br><strong>part of</strong>: Hellas (Europe)<br><strong>altname</strong>: Peloponnese<br><strong>Wikidata</strong>: <a href="https://wikidata.org/wiki/Q78967" target="_blank">https://wikidata.org/wiki/Q78967</a><br><strong>type</strong>: major region<br><strong>passages</strong>: 1.13.4, 1.13.7, 1.25.4, 1.27.10, 1.27.5, 1.3.4, 1.41.2, 10.1.2, 10.18.2, 10.38.10, 2.1.1, 2.1.2, 2.1.5, 2.12.3, 2.13.1, 2.13.7, 2.18.7, 2.20.1, 2.21.5, 2.24.5, 2.26.1, 2.26.3, 2.26.4, 2.34.4, 2.34.8, 2.37.3, 2.5.3, 2.5.6, 2.5.7, 2.7.6, 2.8.6, 2.9.2, 3.1.6, 3.13.2, 3.2.6, 3.21.6, 3.22.6, 3.3.4, 3.7.6, 3.9.1, 4.14.6, 4.15.6, 4.24.7, 4.26.1, 4.26.3, 4.26.5, 4.27.11, 4.27.8, 4.27.9, 4.28.1, 4.29.13, 4.29.2, 4.29.4, 4.31.11, 4.34.10, 4.34.5, 4.34.9, 4.35.1, 5.1.1, 5.1.2, 5.1.7, 5.1.8, 5.3.5, 5.3.6, 5.6.3, 5.8.2, 6.2.10, 6.2.11, 6.7.6, 7.13.5, 7.15.6, 7.3.9, 7.7.6, 8.1.1, 8.1.2, 8.27.5, 8.30.5, 8.38.7, 8.45.3, 8.5.1, 8.5.6, 8.51.3, 8.54.7, 9.14.4, 9.15.4, 9.32.1, 9.9.2<br><strong>Pleiades</strong>: <a href="https://pleiades.stoa.org/places/570577" target="_blank">https://pleiades.stoa.org/places/570577</a>]]></description>
        <Point><coordinates>22.31275269,37.25289778</coordinates></Point>
      </Placemark>

      <Placemark>
        <name>Peloponnesos</name>
        <description><![CDATA[<strong>name</strong>: Peloponnesos<br><strong>region</strong>: Hellas (Europe)<br><strong>part of</strong>: Hellas (Europe)<br><strong>altname</strong>: Peloponnese<br><strong>Wikidata</strong>: <a href="https://wikidata.org/wiki/Q78967" target="_blank">https://wikidata.org/wiki/Q78967</a><br><strong>type</strong>: major region<br><strong>passages</strong>: 1.13.4, 1.13.7, 1.25.4, 1.27.10, 1.27.5, 1.3.4, 1.41.2, 10.1.2, 10.18.2, 10.38.10, 2.1.1, 2.1.2, 2.1.5, 2.12.3, 2.13.1, 2.13.7, 2.18.7, 2.20.1, 2.21.5, 2.24.5, 2.26.1, 2.26.3, 2.26.4, 2.34.4, 2.34.8, 2.37.3, 2.5.3, 2.5.6, 2.5.7, 2.7.6, 2.8.6, 2.9.2, 3.1.6, 3.13.2, 3.2.6, 3.21.6, 3.22.6, 3.3.4, 3.7.6, 3.9.1, 4.14.6, 4.15.6, 4.24.7, 4.26.1, 4.26.3, 4.26.5, 4.27.11, 4.27.8, 4.27.9, 4.28.1, 4.29.13, 4.29.2, 4.29.4, 4.31.11, 4.34.10, 4.34.5, 4.34.9, 4.35.1, 5.1.1, 5.1.2, 5.1.7, 5.1.8, 5.3.5, 5.3.6, 5.6.3, 5.8.2, 6.2.10, 6.2.11, 6.7.6, 7.13.5, 7.15.6, 7.3.9, 7.7.6, 8.1.1, 8.1.2, 8.27.5, 8.30.5, 8.38.7, 8.45.3, 8.5.1, 8.5.6, 8.51.3, 8.54.7, 9.14.4, 9.15.4, 9.32.1, 9.9.2<br><strong>Pleiades</strong>: <a href="https://pleiades.stoa.org/places/570577" target="_blank">https://pleiades.stoa.org/places/570577</a>]]></description>
        <Point><coordinates>22.31275269,37.25289778</coordinates></Point>
      </Placemark>

      <Placemark>
        <name>Cythera island</name>
        <description><![CDATA[<strong>name</strong>: Cythera island<br><strong>region</strong>: Aegean Sea (Hellas)<br><strong>part of</strong>: Aegean Sea (Hellas)<br><strong>altname</strong>: Kythera<br><strong>Wikidata</strong>: <a href="https://wikidata.org/wiki/Q207239" target="_blank">https://wikidata.org/wiki/Q207239</a><br><strong>type</strong>: island<br><strong>passages</strong>: 3.23.1<br><strong>Pleiades</strong>: <a href="https://pleiades.stoa.org/places/570186" target="_blank">https://pleiades.stoa.org/places/570186</a>]]></description>
        <Point><coordinates>22.97822,36.26229</coordinates></Point>
      </Placemark>

      <Placemark>
        <name>Messeis spring at Therapne</name>
        <description><![CDATA[<strong>name</strong>: Messeis spring at Therapne<br><strong>region</strong>: Lakonia Bk3<br><strong>part of</strong>: Therapne<br><strong>location</strong>: Therapne<br><strong>type</strong>: spring pege<br><strong>passages</strong>: 3.20.1<br><strong>Manto</strong>: <a href="https://resource.manto.unh.edu/10146589" target="_blank">https://resource.manto.unh.edu/10146589</a><br><strong>Pleiades</strong>: <a href="https://pleiades.stoa.org/places/573374" target="_blank">https://pleiades.stoa.org/places/573374</a>]]></description>
        <Point><coordinates>22.454127,37.066091</coordinates></Point>
      </Placemark>

      <Placemark>
        <name>Sanctuary of the Fates near agora of Sparta</name>
        <description><![CDATA[<strong>name</strong>: Sanctuary of the Fates near agora of Sparta<br><strong>region</strong>: Lakonia Bk3<br><strong>part of</strong>: Lakonia Bk3<br><strong>location</strong>: Lakonia Bk3<br><strong>Wikidata</strong>: <a href="https://wikidata.org/wiki/Q124616587" target="_blank">https://wikidata.org/wiki/Q124616587</a><br><strong>type</strong>: hieron<br><strong>passages</strong>: 3.11.10]]></description>
        <Point><coordinates>22.5,37.001</coordinates></Point>
      </Placemark>

      <Placemark>
        <name>Nymphaion (Lakonia)</name>
        <description><![CDATA[<strong>name</strong>: Nymphaion (Lakonia)<br><strong>region</strong>: Lakonia Bk3<br><strong>part of</strong>: Lakonia Bk3<br><strong>Wikidata</strong>: <a href="https://wikidata.org/wiki/Q60792072" target="_blank">https://wikidata.org/wiki/Q60792072</a><br><strong>type</strong>: harbor limen<br><strong>passages</strong>: 3.23.2<br><strong>Pleiades</strong>: <a href="https://pleiades.stoa.org/places/570511" target="_blank">https://pleiades.stoa.org/places/570511</a><br><strong>ToposText</strong>: <a href="https://topostext.org/place/364232UNym" target="_blank">https://topostext.org/place/364232UNym</a>]]></description>
        <Point><coordinates>23.136,36.43</coordinates></Point>
      </Placemark>

      <Placemark>
        <name>Grove of Eros at Leuktra with temple</name>
        <description><![CDATA[<strong>name</strong>: Grove of Eros at Leuktra with temple<br><strong>region</strong>: Lakonia Bk3<br><strong>part of</strong>: Leuktra (Lakonia)<br><strong>location</strong>: Leuktra (Lakonia)<br><strong>Wikidata</strong>: <a href="https://wikidata.org/wiki/Q124616362" target="_blank">https://wikidata.org/wiki/Q124616362</a><br><strong>type</strong>: grove<br><strong>passages</strong>: 3.26.5]]></description>
        <Point><coordinates>22.26501,36.84279</coordinates></Point>
      </Placemark>

      <Placemark>
        <name>Sanctuary of Kastor built over his tomb in Sparta</name>
        <description><![CDATA[<strong>name</strong>: Sanctuary of Kastor built over his tomb in Sparta<br><strong>region</strong>: Lakonia Bk3<br><strong>part of</strong>: Sparta<br><strong>location</strong>: Sparta<br><strong>Wikidata</strong>: <a href="https://wikidata.org/wiki/Q124616439" target="_blank">https://wikidata.org/wiki/Q124616439</a><br><strong>type</strong>: hieron<br><strong>passages</strong>: 3.13.1]]></description>
        <Point><coordinates>22.4237,37.0821</coordinates></Point>
      </Placemark>

      <Placemark>
        <name>Altar of Orthia at Sparta</name>
        <description><![CDATA[<strong>name</strong>: Altar of Orthia at Sparta<br><strong>region</strong>: Lakonia Bk3<br><strong>part of</strong>: Artemis Ortheia sanctuary in Sparta<br><strong>location</strong>: Artemis Ortheia sanctuary in Sparta<br><strong>Wikidata</strong>: <a href="https://wikidata.org/wiki/Q124616538" target="_blank">https://wikidata.org/wiki/Q124616538</a><br><strong>type</strong>: altar<br><strong>passages</strong>: 3.16.10]]></description>
        <Point><coordinates>22.435,37.083</coordinates></Point>
      </Placemark>

      <Placemark>
        <name>Pylos/Palace of Nestor (Messenia)</name>
        <description><![CDATA[<strong>name</strong>: Pylos/Palace of Nestor (Messenia)<br><strong>region</strong>: Messenia Bk4<br><strong>part of</strong>: Messenia Bk4<br><strong>Wikidata</strong>: <a href="https://wikidata.org/wiki/Q2047396" target="_blank">https://wikidata.org/wiki/Q2047396</a><br><strong>type</strong>: polis<br><strong>passages</strong>: 3.26.8, 9.36.8, 9.41.4<br><strong>Pleiades</strong>: <a href="https://pleiades.stoa.org/places/156116232" target="_blank">https://pleiades.stoa.org/places/156116232</a><br><strong>ToposText</strong>: <a href="https://topostext.org/place/370217XNes" target="_blank">https://topostext.org/place/370217XNes</a>]]></description>
        <Point><coordinates>21.695,37.027</coordinates></Point>
      </Placemark>

      <Placemark>
        <name>Temple of Artemis at Sparta near the Phrouria</name>
        <description><![CDATA[<strong>name</strong>: Temple of Artemis at Sparta near the Phrouria<br><strong>region</strong>: Lakonia Bk3<br><strong>part of</strong>: Sparta<br><strong>location</strong>: Sparta<br><strong>Wikidata</strong>: <a href="https://wikidata.org/wiki/Q124616499" target="_blank">https://wikidata.org/wiki/Q124616499</a><br><strong>type</strong>: temple<br><strong>passages</strong>: 3.12.8]]></description>
        <Point><coordinates>22.4237,37.0821</coordinates></Point>
      </Placemark>

      <Placemark>
        <name>Minoa (promontory)</name>
        <description><![CDATA[<strong>name</strong>: Minoa (promontory)<br><strong>region</strong>: Lakonia Bk3<br><strong>part of</strong>: Lakonia Bk3<br><strong>Wikidata</strong>: <a href="https://wikidata.org/wiki/Q654616" target="_blank">https://wikidata.org/wiki/Q654616</a><br><strong>type</strong>: cape<br><strong>passages</strong>: 3.23.11<br><strong>Pleiades</strong>: <a href="https://pleiades.stoa.org/places/570487" target="_blank">https://pleiades.stoa.org/places/570487</a>]]></description>
        <Point><coordinates>23.0502,36.68818</coordinates></Point>
      </Placemark>

      <Placemark>
        <name>Aitolia region</name>
        <description><![CDATA[<strong>name</strong>: Aitolia region<br><strong>region</strong>: Hellas (Europe)<br><strong>part of</strong>: Hellas (Europe)<br><strong>altname</strong>: Aetolia<br><strong>Wikidata</strong>: <a href="https://wikidata.org/wiki/Q26857" target="_blank">https://wikidata.org/wiki/Q26857</a><br><strong>type</strong>: chora/region<br><strong>passages</strong>: 1.26.3, 1.42.6, 10.18.1, 10.22.2, 10.22.3, 10.22.5, 2.13.8, 2.25.2, 2.37.3, 2.8.4, 3.10.2, 4.24.7, 4.31.7, 5.1.3, 5.3.7, 7.18.6, 7.18.8, 7.18.9, 7.9.6, 8.24.11, 8.38.10<br><strong>Pleiades</strong>: <a href="https://pleiades.stoa.org/places/540591" target="_blank">https://pleiades.stoa.org/places/540591</a><br><strong>ToposText</strong>: <a href="https://topostext.org/place/386215RAit" target="_blank">https://topostext.org/place/386215RAit</a>]]></description>
        <Point><coordinates>21.5,38.6</coordinates></Point>
      </Placemark>

      <Placemark>
        <name>Heroon of Teleclus at Sparta, near Asklepieion</name>
        <description><![CDATA[<strong>name</strong>: Heroon of Teleclus at Sparta, near Asklepieion<br><strong>region</strong>: Lakonia Bk3<br><strong>part of</strong>: Sparta<br><strong>location</strong>: Sparta<br><strong>Wikidata</strong>: <a href="https://wikidata.org/wiki/Q124616569" target="_blank">https://wikidata.org/wiki/Q124616569</a><br><strong>type</strong>: heroon<br><strong>passages</strong>: 3.15.10]]></description>
        <Point><coordinates>22.4237,37.0821</coordinates></Point>
      </Placemark>

      <Placemark>
        <name>Asia mountain above Las</name>
        <description><![CDATA[<strong>name</strong>: Asia mountain above Las<br><strong>region</strong>: Lakonia Bk3<br><strong>part of</strong>: Las polis<br><strong>location</strong>: Las polis<br><strong>type</strong>: mountain oros<br><strong>passages</strong>: 3.24.6<br><strong>Pleiades</strong>: <a href="https://pleiades.stoa.org/places/573123" target="_blank">https://pleiades.stoa.org/places/573123</a>]]></description>
        <Point><coordinates>22.5047,36.7279</coordinates></Point>
      </Placemark>

      <Placemark>
        <name>Sanctuary of Athena at Kardamyle</name>
        <description><![CDATA[<strong>name</strong>: Sanctuary of Athena at Kardamyle<br><strong>region</strong>: Lakonia Bk3<br><strong>part of</strong>: Kardamyle<br><strong>location</strong>: Kardamyle<br><strong>Wikidata</strong>: <a href="https://wikidata.org/wiki/Q124616488" target="_blank">https://wikidata.org/wiki/Q124616488</a><br><strong>type</strong>: hieron<br><strong>passages</strong>: 3.26.7]]></description>
        <Point><coordinates>22.237649,36.884777</coordinates></Point>
      </Placemark>

      <Placemark>
        <name>Thera island (Cyclades)</name>
        <description><![CDATA[<strong>name</strong>: Thera island (Cyclades)<br><strong>region</strong>: Aegean Sea (Hellas)<br><strong>part of</strong>: Cyclades region (Aegean)<br><strong>Wikidata</strong>: <a href="https://wikidata.org/wiki/Q129296" target="_blank">https://wikidata.org/wiki/Q129296</a><br><strong>type</strong>: island<br><strong>passages</strong>: 10.15.6, 3.1.8, 3.15.6, 7.2.2<br><strong>Pleiades</strong>: <a href="https://pleiades.stoa.org/places/599973" target="_blank">https://pleiades.stoa.org/places/599973</a><br><strong>ToposText</strong>: <a href="https://topostext.org/place/364255IThe" target="_blank">https://topostext.org/place/364255IThe</a>]]></description>
        <Point><coordinates>25.478129000000003,36.36399</coordinates></Point>
      </Placemark>

      <Placemark>
        <name>Thera island (Cyclades)</name>
        <description><![CDATA[<strong>name</strong>: Thera island (Cyclades)<br><strong>region</strong>: Aegean Sea (Hellas)<br><strong>part of</strong>: Cyclades region (Aegean)<br><strong>Wikidata</strong>: <a href="https://wikidata.org/wiki/Q129296" target="_blank">https://wikidata.org/wiki/Q129296</a><br><strong>type</strong>: island<br><strong>passages</strong>: 10.15.6, 3.1.8, 3.15.6, 7.2.2<br><strong>Pleiades</strong>: <a href="https://pleiades.stoa.org/places/599973" target="_blank">https://pleiades.stoa.org/places/599973</a><br><strong>ToposText</strong>: <a href="https://topostext.org/place/364255IThe" target="_blank">https://topostext.org/place/364255IThe</a>]]></description>
        <Point><coordinates>25.478129000000003,36.36399</coordinates></Point>
      </Placemark>

      <Placemark>
        <name>Sanctuary of Athena Ergane on acropolis of Sparta</name>
        <description><![CDATA[<strong>name</strong>: Sanctuary of Athena Ergane on acropolis of Sparta<br><strong>region</strong>: Lakonia Bk3<br><strong>part of</strong>: Acropolis of Sparta<br><strong>location</strong>: Acropolis of Sparta<br><strong>Wikidata</strong>: <a href="https://wikidata.org/wiki/Q124616461" target="_blank">https://wikidata.org/wiki/Q124616461</a><br><strong>type</strong>: hieron<br><strong>passages</strong>: 3.17.4]]></description>
        <Point><coordinates>22.4237,37.0821</coordinates></Point>
      </Placemark>

      <Placemark>
        <name>Altar of Apollo Akritas at Sparta</name>
        <description><![CDATA[<strong>name</strong>: Altar of Apollo Akritas at Sparta<br><strong>region</strong>: Lakonia Bk3<br><strong>part of</strong>: Sparta<br><strong>location</strong>: Sparta<br><strong>Wikidata</strong>: <a href="https://wikidata.org/wiki/Q124616536" target="_blank">https://wikidata.org/wiki/Q124616536</a><br><strong>type</strong>: altar<br><strong>passages</strong>: 3.12.8]]></description>
        <Point><coordinates>22.4237,37.0821</coordinates></Point>
      </Placemark>

      <Placemark>
        <name>Temple of Apollo at Boiai</name>
        <description><![CDATA[<strong>name</strong>: Temple of Apollo at Boiai<br><strong>region</strong>: Lakonia Bk3<br><strong>part of</strong>: Boiai (Lakonia)<br><strong>location</strong>: Boiai (Lakonia)<br><strong>Wikidata</strong>: <a href="https://wikidata.org/wiki/Q124616516" target="_blank">https://wikidata.org/wiki/Q124616516</a><br><strong>type</strong>: temple<br><strong>passages</strong>: 3.22.13]]></description>
        <Point><coordinates>23.062,36.517</coordinates></Point>
      </Placemark>

      <Placemark>
        <name>Chalcidike region (Chalkidike)</name>
        <description><![CDATA[<strong>name</strong>: Chalcidike region (Chalkidike)<br><strong>region</strong>: Macedonia (Europe)<br><strong>part of</strong>: Macedonia (Europe)<br><strong>Wikidata</strong>: <a href="https://wikidata.org/wiki/Q204728" target="_blank">https://wikidata.org/wiki/Q204728</a><br><strong>type</strong>: chora/region<br><strong>passages</strong>: 3.5.9<br><strong>ToposText</strong>: <a href="https://topostext.org/place/405233RCha" target="_blank">https://topostext.org/place/405233RCha</a>]]></description>
        <Point><coordinates>23.3,40.5</coordinates></Point>
      </Placemark>

      <Placemark>
        <name>Amyclae (Laconia)</name>
        <description><![CDATA[<strong>name</strong>: Amyclae (Laconia)<br><strong>region</strong>: Lakonia Bk3<br><strong>part of</strong>: Lakonia Bk3<br><strong>altname</strong>: Amyklai<br><strong>Wikidata</strong>: <a href="https://wikidata.org/wiki/Q13074886" target="_blank">https://wikidata.org/wiki/Q13074886</a><br><strong>type</strong>: polisma<br><strong>passages</strong>: 2.16.4, 2.16.6, 3.1.3, 3.10.8, 3.16.2, 3.18.6, 3.18.7, 3.19.6, 3.2.6, 3.20.3, 3.20.6, 4.14.2, 4.18.3, 5.11.4<br><strong>Pleiades</strong>: <a href="https://pleiades.stoa.org/places/570074" target="_blank">https://pleiades.stoa.org/places/570074</a><br><strong>ToposText</strong>: <a href="https://topostext.org/place/370224UAmy" target="_blank">https://topostext.org/place/370224UAmy</a>]]></description>
        <Point><coordinates>22.4502,37.0363</coordinates></Point>
      </Placemark>

      <Placemark>
        <name>Amyclae (Laconia)</name>
        <description><![CDATA[<strong>name</strong>: Amyclae (Laconia)<br><strong>region</strong>: Lakonia Bk3<br><strong>part of</strong>: Lakonia Bk3<br><strong>altname</strong>: Amyklai<br><strong>Wikidata</strong>: <a href="https://wikidata.org/wiki/Q13074886" target="_blank">https://wikidata.org/wiki/Q13074886</a><br><strong>type</strong>: polisma<br><strong>passages</strong>: 2.16.4, 2.16.6, 3.1.3, 3.10.8, 3.16.2, 3.18.6, 3.18.7, 3.19.6, 3.2.6, 3.20.3, 3.20.6, 4.14.2, 4.18.3, 5.11.4<br><strong>Pleiades</strong>: <a href="https://pleiades.stoa.org/places/570074" target="_blank">https://pleiades.stoa.org/places/570074</a><br><strong>ToposText</strong>: <a href="https://topostext.org/place/370224UAmy" target="_blank">https://topostext.org/place/370224UAmy</a>]]></description>
        <Point><coordinates>22.4502,37.0363</coordinates></Point>
      </Placemark>

      <Placemark>
        <name>Amyclae (Laconia)</name>
        <description><![CDATA[<strong>name</strong>: Amyclae (Laconia)<br><strong>region</strong>: Lakonia Bk3<br><strong>part of</strong>: Lakonia Bk3<br><strong>altname</strong>: Amyklai<br><strong>Wikidata</strong>: <a href="https://wikidata.org/wiki/Q13074886" target="_blank">https://wikidata.org/wiki/Q13074886</a><br><strong>type</strong>: polisma<br><strong>passages</strong>: 2.16.4, 2.16.6, 3.1.3, 3.10.8, 3.16.2, 3.18.6, 3.18.7, 3.19.6, 3.2.6, 3.20.3, 3.20.6, 4.14.2, 4.18.3, 5.11.4<br><strong>Pleiades</strong>: <a href="https://pleiades.stoa.org/places/570074" target="_blank">https://pleiades.stoa.org/places/570074</a><br><strong>ToposText</strong>: <a href="https://topostext.org/place/370224UAmy" target="_blank">https://topostext.org/place/370224UAmy</a>]]></description>
        <Point><coordinates>22.4502,37.0363</coordinates></Point>
      </Placemark>

      <Placemark>
        <name>Amyclae (Laconia)</name>
        <description><![CDATA[<strong>name</strong>: Amyclae (Laconia)<br><strong>region</strong>: Lakonia Bk3<br><strong>part of</strong>: Lakonia Bk3<br><strong>altname</strong>: Amyklai<br><strong>Wikidata</strong>: <a href="https://wikidata.org/wiki/Q13074886" target="_blank">https://wikidata.org/wiki/Q13074886</a><br><strong>type</strong>: polisma<br><strong>passages</strong>: 2.16.4, 2.16.6, 3.1.3, 3.10.8, 3.16.2, 3.18.6, 3.18.7, 3.19.6, 3.2.6, 3.20.3, 3.20.6, 4.14.2, 4.18.3, 5.11.4<br><strong>Pleiades</strong>: <a href="https://pleiades.stoa.org/places/570074" target="_blank">https://pleiades.stoa.org/places/570074</a><br><strong>ToposText</strong>: <a href="https://topostext.org/place/370224UAmy" target="_blank">https://topostext.org/place/370224UAmy</a>]]></description>
        <Point><coordinates>22.4502,37.0363</coordinates></Point>
      </Placemark>

      <Placemark>
        <name>Amyclae (Laconia)</name>
        <description><![CDATA[<strong>name</strong>: Amyclae (Laconia)<br><strong>region</strong>: Lakonia Bk3<br><strong>part of</strong>: Lakonia Bk3<br><strong>altname</strong>: Amyklai<br><strong>Wikidata</strong>: <a href="https://wikidata.org/wiki/Q13074886" target="_blank">https://wikidata.org/wiki/Q13074886</a><br><strong>type</strong>: polisma<br><strong>passages</strong>: 2.16.4, 2.16.6, 3.1.3, 3.10.8, 3.16.2, 3.18.6, 3.18.7, 3.19.6, 3.2.6, 3.20.3, 3.20.6, 4.14.2, 4.18.3, 5.11.4<br><strong>Pleiades</strong>: <a href="https://pleiades.stoa.org/places/570074" target="_blank">https://pleiades.stoa.org/places/570074</a><br><strong>ToposText</strong>: <a href="https://topostext.org/place/370224UAmy" target="_blank">https://topostext.org/place/370224UAmy</a>]]></description>
        <Point><coordinates>22.4502,37.0363</coordinates></Point>
      </Placemark>

      <Placemark>
        <name>Amyclae (Laconia)</name>
        <description><![CDATA[<strong>name</strong>: Amyclae (Laconia)<br><strong>region</strong>: Lakonia Bk3<br><strong>part of</strong>: Lakonia Bk3<br><strong>altname</strong>: Amyklai<br><strong>Wikidata</strong>: <a href="https://wikidata.org/wiki/Q13074886" target="_blank">https://wikidata.org/wiki/Q13074886</a><br><strong>type</strong>: polisma<br><strong>passages</strong>: 2.16.4, 2.16.6, 3.1.3, 3.10.8, 3.16.2, 3.18.6, 3.18.7, 3.19.6, 3.2.6, 3.20.3, 3.20.6, 4.14.2, 4.18.3, 5.11.4<br><strong>Pleiades</strong>: <a href="https://pleiades.stoa.org/places/570074" target="_blank">https://pleiades.stoa.org/places/570074</a><br><strong>ToposText</strong>: <a href="https://topostext.org/place/370224UAmy" target="_blank">https://topostext.org/place/370224UAmy</a>]]></description>
        <Point><coordinates>22.4502,37.0363</coordinates></Point>
      </Placemark>

      <Placemark>
        <name>Amyclae (Laconia)</name>
        <description><![CDATA[<strong>name</strong>: Amyclae (Laconia)<br><strong>region</strong>: Lakonia Bk3<br><strong>part of</strong>: Lakonia Bk3<br><strong>altname</strong>: Amyklai<br><strong>Wikidata</strong>: <a href="https://wikidata.org/wiki/Q13074886" target="_blank">https://wikidata.org/wiki/Q13074886</a><br><strong>type</strong>: polisma<br><strong>passages</strong>: 2.16.4, 2.16.6, 3.1.3, 3.10.8, 3.16.2, 3.18.6, 3.18.7, 3.19.6, 3.2.6, 3.20.3, 3.20.6, 4.14.2, 4.18.3, 5.11.4<br><strong>Pleiades</strong>: <a href="https://pleiades.stoa.org/places/570074" target="_blank">https://pleiades.stoa.org/places/570074</a><br><strong>ToposText</strong>: <a href="https://topostext.org/place/370224UAmy" target="_blank">https://topostext.org/place/370224UAmy</a>]]></description>
        <Point><coordinates>22.4502,37.0363</coordinates></Point>
      </Placemark>

      <Placemark>
        <name>Amyclae (Laconia)</name>
        <description><![CDATA[<strong>name</strong>: Amyclae (Laconia)<br><strong>region</strong>: Lakonia Bk3<br><strong>part of</strong>: Lakonia Bk3<br><strong>altname</strong>: Amyklai<br><strong>Wikidata</strong>: <a href="https://wikidata.org/wiki/Q13074886" target="_blank">https://wikidata.org/wiki/Q13074886</a><br><strong>type</strong>: polisma<br><strong>passages</strong>: 2.16.4, 2.16.6, 3.1.3, 3.10.8, 3.16.2, 3.18.6, 3.18.7, 3.19.6, 3.2.6, 3.20.3, 3.20.6, 4.14.2, 4.18.3, 5.11.4<br><strong>Pleiades</strong>: <a href="https://pleiades.stoa.org/places/570074" target="_blank">https://pleiades.stoa.org/places/570074</a><br><strong>ToposText</strong>: <a href="https://topostext.org/place/370224UAmy" target="_blank">https://topostext.org/place/370224UAmy</a>]]></description>
        <Point><coordinates>22.4502,37.0363</coordinates></Point>
      </Placemark>

      <Placemark>
        <name>Amyclae (Laconia)</name>
        <description><![CDATA[<strong>name</strong>: Amyclae (Laconia)<br><strong>region</strong>: Lakonia Bk3<br><strong>part of</strong>: Lakonia Bk3<br><strong>altname</strong>: Amyklai<br><strong>Wikidata</strong>: <a href="https://wikidata.org/wiki/Q13074886" target="_blank">https://wikidata.org/wiki/Q13074886</a><br><strong>type</strong>: polisma<br><strong>passages</strong>: 2.16.4, 2.16.6, 3.1.3, 3.10.8, 3.16.2, 3.18.6, 3.18.7, 3.19.6, 3.2.6, 3.20.3, 3.20.6, 4.14.2, 4.18.3, 5.11.4<br><strong>Pleiades</strong>: <a href="https://pleiades.stoa.org/places/570074" target="_blank">https://pleiades.stoa.org/places/570074</a><br><strong>ToposText</strong>: <a href="https://topostext.org/place/370224UAmy" target="_blank">https://topostext.org/place/370224UAmy</a>]]></description>
        <Point><coordinates>22.4502,37.0363</coordinates></Point>
      </Placemark>

      <Placemark>
        <name>olive trees around altars of Asclepius at Epidaurus Limera</name>
        <description><![CDATA[<strong>name</strong>: olive trees around altars of Asclepius at Epidaurus Limera<br><strong>region</strong>: Lakonia Bk3<br><strong>part of</strong>: Altars of Asclepius at shore of Epidauros Limera<br><strong>location</strong>: Altars of Asclepius at shore of Epidauros Limera<br><strong>type</strong>: olive<br><strong>passages</strong>: 3.23.7]]></description>
        <Point><coordinates>23.026,36.731</coordinates></Point>
      </Placemark>

      <Placemark>
        <name>Taras/Tarentum/Neptunia</name>
        <description><![CDATA[<strong>name</strong>: Taras/Tarentum/Neptunia<br><strong>region</strong>: Italia (Europe)<br><strong>part of</strong>: Italia (Europe)<br><strong>Wikidata</strong>: <a href="https://wikidata.org/wiki/Q3981082" target="_blank">https://wikidata.org/wiki/Q3981082</a><br><strong>type</strong>: polis<br><strong>passages</strong>: 1.12.5, 1.13.1, 10.10.6, 10.10.8, 3.12.6<br><strong>Pleiades</strong>: <a href="https://pleiades.stoa.org/places/442810" target="_blank">https://pleiades.stoa.org/places/442810</a>]]></description>
        <Point><coordinates>17.228553,40.476034</coordinates></Point>
      </Placemark>

      <Placemark>
        <name>Leuke island in Black Sea</name>
        <description><![CDATA[<strong>name</strong>: Leuke island in Black Sea<br><strong>region</strong>: Pontus Euxinus<br><strong>part of</strong>: Pontus Euxinus<br><strong>altname</strong>: Isle of Achilles: 20 stades circumnavigation, overgrown, full of animals<br><strong>Wikidata</strong>: <a href="https://wikidata.org/wiki/Q1821510" target="_blank">https://wikidata.org/wiki/Q1821510</a><br><strong>type</strong>: island<br><strong>passages</strong>: 3.19.11, 3.19.12, 3.19.13<br><strong>Pleiades</strong>: <a href="https://pleiades.stoa.org/places/226677" target="_blank">https://pleiades.stoa.org/places/226677</a>]]></description>
        <Point><coordinates>30.20325,45.25471</coordinates></Point>
      </Placemark>

      <Placemark>
        <name>Leuke island in Black Sea</name>
        <description><![CDATA[<strong>name</strong>: Leuke island in Black Sea<br><strong>region</strong>: Pontus Euxinus<br><strong>part of</strong>: Pontus Euxinus<br><strong>altname</strong>: Isle of Achilles: 20 stades circumnavigation, overgrown, full of animals<br><strong>Wikidata</strong>: <a href="https://wikidata.org/wiki/Q1821510" target="_blank">https://wikidata.org/wiki/Q1821510</a><br><strong>type</strong>: island<br><strong>passages</strong>: 3.19.11, 3.19.12, 3.19.13<br><strong>Pleiades</strong>: <a href="https://pleiades.stoa.org/places/226677" target="_blank">https://pleiades.stoa.org/places/226677</a>]]></description>
        <Point><coordinates>30.20325,45.25471</coordinates></Point>
      </Placemark>

      <Placemark>
        <name>Leuke island in Black Sea</name>
        <description><![CDATA[<strong>name</strong>: Leuke island in Black Sea<br><strong>region</strong>: Pontus Euxinus<br><strong>part of</strong>: Pontus Euxinus<br><strong>altname</strong>: Isle of Achilles: 20 stades circumnavigation, overgrown, full of animals<br><strong>Wikidata</strong>: <a href="https://wikidata.org/wiki/Q1821510" target="_blank">https://wikidata.org/wiki/Q1821510</a><br><strong>type</strong>: island<br><strong>passages</strong>: 3.19.11, 3.19.12, 3.19.13<br><strong>Pleiades</strong>: <a href="https://pleiades.stoa.org/places/226677" target="_blank">https://pleiades.stoa.org/places/226677</a>]]></description>
        <Point><coordinates>30.20325,45.25471</coordinates></Point>
      </Placemark>

      <Placemark>
        <name>Bryseai (Lakonia)</name>
        <description><![CDATA[<strong>name</strong>: Bryseai (Lakonia)<br><strong>region</strong>: Lakonia Bk3<br><strong>part of</strong>: Lakonia Bk3<br><strong>Wikidata</strong>: <a href="https://wikidata.org/wiki/Q29015947" target="_blank">https://wikidata.org/wiki/Q29015947</a><br><strong>type</strong>: polis<br><strong>passages</strong>: 3.20.3, 3.20.4<br><strong>Pleiades</strong>: <a href="https://pleiades.stoa.org/places/573155" target="_blank">https://pleiades.stoa.org/places/573155</a><br><strong>ToposText</strong>: <a href="https://topostext.org/place/370235XAVa" target="_blank">https://topostext.org/place/370235XAVa</a>]]></description>
        <Point><coordinates>22.478,36.979</coordinates></Point>
      </Placemark>

      <Placemark>
        <name>Bryseai (Lakonia)</name>
        <description><![CDATA[<strong>name</strong>: Bryseai (Lakonia)<br><strong>region</strong>: Lakonia Bk3<br><strong>part of</strong>: Lakonia Bk3<br><strong>Wikidata</strong>: <a href="https://wikidata.org/wiki/Q29015947" target="_blank">https://wikidata.org/wiki/Q29015947</a><br><strong>type</strong>: polis<br><strong>passages</strong>: 3.20.3, 3.20.4<br><strong>Pleiades</strong>: <a href="https://pleiades.stoa.org/places/573155" target="_blank">https://pleiades.stoa.org/places/573155</a><br><strong>ToposText</strong>: <a href="https://topostext.org/place/370235XAVa" target="_blank">https://topostext.org/place/370235XAVa</a>]]></description>
        <Point><coordinates>22.478,36.979</coordinates></Point>
      </Placemark>

      <Placemark>
        <name>Acropolis of Asopos</name>
        <description><![CDATA[<strong>name</strong>: Acropolis of Asopos<br><strong>region</strong>: Lakonia Bk3<br><strong>part of</strong>: Asopos (Lakonia)<br><strong>location</strong>: Asopos (Lakonia)<br><strong>Wikidata</strong>: <a href="https://wikidata.org/wiki/Q124616548" target="_blank">https://wikidata.org/wiki/Q124616548</a><br><strong>type</strong>: acropolis<br><strong>passages</strong>: 3.22.9]]></description>
        <Point><coordinates>22.8426,36.6845</coordinates></Point>
      </Placemark>

      <Placemark>
        <name>Temple of Hipposthenes in Sparta</name>
        <description><![CDATA[<strong>name</strong>: Temple of Hipposthenes in Sparta<br><strong>region</strong>: Lakonia Bk3<br><strong>part of</strong>: Sparta<br><strong>location</strong>: Sparta<br><strong>Wikidata</strong>: <a href="https://wikidata.org/wiki/Q124616504" target="_blank">https://wikidata.org/wiki/Q124616504</a><br><strong>type</strong>: temple<br><strong>passages</strong>: 3.15.7]]></description>
        <Point><coordinates>22.4237,37.0821</coordinates></Point>
      </Placemark>

      <Placemark>
        <name>Sanctuary of the Dioskouroi and the Graces at Sparta</name>
        <description><![CDATA[<strong>name</strong>: Sanctuary of the Dioskouroi and the Graces at Sparta<br><strong>region</strong>: Lakonia Bk3<br><strong>part of</strong>: Sparta<br><strong>location</strong>: Sparta<br><strong>Wikidata</strong>: <a href="https://wikidata.org/wiki/Q124616448" target="_blank">https://wikidata.org/wiki/Q124616448</a><br><strong>type</strong>: hieron<br><strong>passages</strong>: 3.14.6]]></description>
        <Point><coordinates>22.4237,37.0821</coordinates></Point>
      </Placemark>

      <Placemark>
        <name>Kastorides gates of Gythion</name>
        <description><![CDATA[<strong>name</strong>: Kastorides gates of Gythion<br><strong>region</strong>: Lakonia Bk3<br><strong>part of</strong>: Gythion<br><strong>location</strong>: Gythion<br><strong>type</strong>: gate<br><strong>passages</strong>: 3.21.9]]></description>
        <Point><coordinates>22.562341,36.763663</coordinates></Point>
      </Placemark>

      <Placemark>
        <name>Tomb of Agamemnon with agalma, at Amyclae</name>
        <description><![CDATA[<strong>name</strong>: Tomb of Agamemnon with agalma, at Amyclae<br><strong>region</strong>: Lakonia Bk3<br><strong>part of</strong>: Amyclae (Laconia)<br><strong>location</strong>: Amyclae (Laconia)<br><strong>Wikidata</strong>: <a href="https://wikidata.org/wiki/Q124616332" target="_blank">https://wikidata.org/wiki/Q124616332</a><br><strong>type</strong>: tomb mnema<br><strong>passages</strong>: 3.19.6<br><strong>Manto</strong>: <a href="https://resource.manto.unh.edu/10149905" target="_blank">https://resource.manto.unh.edu/10149905</a>]]></description>
        <Point><coordinates>22.4502,37.0363</coordinates></Point>
      </Placemark>

      <Placemark>
        <name>Zephyrium Pr.</name>
        <description><![CDATA[<strong>name</strong>: Zephyrium Pr.<br><strong>region</strong>: Italia (Europe)<br><strong>part of</strong>: Italia (Europe)<br><strong>type</strong>: cape<br><strong>passages</strong>: 3.3.1, 6.19.6, 6.6.4<br><strong>Pleiades</strong>: <a href="https://pleiades.stoa.org/places/452495" target="_blank">https://pleiades.stoa.org/places/452495</a>]]></description>
        <Point><coordinates>16.14501,38.03955</coordinates></Point>
      </Placemark>

      <Placemark>
        <name>Thyrides</name>
        <description><![CDATA[<strong>name</strong>: Thyrides<br><strong>region</strong>: Lakonia Bk3<br><strong>part of</strong>: Lakonia Bk3<br><strong>type</strong>: cape<br><strong>passages</strong>: 3.25.9<br><strong>Pleiades</strong>: <a href="https://pleiades.stoa.org/places/570737" target="_blank">https://pleiades.stoa.org/places/570737</a>]]></description>
        <Point><coordinates>22.39224,36.46799</coordinates></Point>
      </Placemark>

      <Placemark>
        <name>Tomb of Kinados at Onougnathos</name>
        <description><![CDATA[<strong>name</strong>: Tomb of Kinados at Onougnathos<br><strong>region</strong>: Lakonia Bk3<br><strong>part of</strong>: Onougnathos cape (Lakonia)<br><strong>location</strong>: Onougnathos cape (Lakonia)<br><strong>Wikidata</strong>: <a href="https://wikidata.org/wiki/Q124616333" target="_blank">https://wikidata.org/wiki/Q124616333</a><br><strong>type</strong>: tomb mnema<br><strong>passages</strong>: 3.22.10<br><strong>Manto</strong>: <a href="https://resource.manto.unh.edu/10149793" target="_blank">https://resource.manto.unh.edu/10149793</a>]]></description>
        <Point><coordinates>22.933,36.466</coordinates></Point>
      </Placemark>

      <Placemark>
        <name>Ida (mountain)</name>
        <description><![CDATA[<strong>name</strong>: Ida (mountain)<br><strong>region</strong>: Asia Minor (Asia)<br><strong>part of</strong>: Troas<br><strong>Wikidata</strong>: <a href="https://wikidata.org/wiki/Q1127771" target="_blank">https://wikidata.org/wiki/Q1127771</a><br><strong>type</strong>: mountain oros<br><strong>passages</strong>: 10.12.3, 10.12.4, 3.13.5, 6.4.9, 7.3.8<br><strong>Pleiades</strong>: <a href="https://pleiades.stoa.org/places/550592" target="_blank">https://pleiades.stoa.org/places/550592</a>]]></description>
        <Point><coordinates>26.858519999999995,39.69936</coordinates></Point>
      </Placemark>

      <Placemark>
        <name>Sanctuary of Athena at Onougnathos promontory</name>
        <description><![CDATA[<strong>name</strong>: Sanctuary of Athena at Onougnathos promontory<br><strong>region</strong>: Lakonia Bk3<br><strong>part of</strong>: Onougnathos cape (Lakonia)<br><strong>location</strong>: Onougnathos cape (Lakonia)<br><strong>Wikidata</strong>: <a href="https://wikidata.org/wiki/Q124616470" target="_blank">https://wikidata.org/wiki/Q124616470</a><br><strong>type</strong>: hieron<br><strong>passages</strong>: 3.22.10<br><strong>Manto</strong>: <a href="https://resource.manto.unh.edu/10149801" target="_blank">https://resource.manto.unh.edu/10149801</a>]]></description>
        <Point><coordinates>22.933,36.466</coordinates></Point>
      </Placemark>

      <Placemark>
        <name>Temple of Apollo on acropolis of Geronthrai</name>
        <description><![CDATA[<strong>name</strong>: Temple of Apollo on acropolis of Geronthrai<br><strong>region</strong>: Lakonia Bk3<br><strong>part of</strong>: Acropolis of Geronthrai<br><strong>location</strong>: Acropolis of Geronthrai<br><strong>Wikidata</strong>: <a href="https://wikidata.org/wiki/Q124616396" target="_blank">https://wikidata.org/wiki/Q124616396</a><br><strong>type</strong>: temple<br><strong>passages</strong>: 3.22.7]]></description>
        <Point><coordinates>22.706912,36.992193</coordinates></Point>
      </Placemark>

      <Placemark>
        <name>Pephnos</name>
        <description><![CDATA[<strong>name</strong>: Pephnos<br><strong>region</strong>: Lakonia Bk3<br><strong>part of</strong>: Lakonia Bk3<br><strong>altname</strong>: on the sea<br><strong>Wikidata</strong>: <a href="https://wikidata.org/wiki/Q16617755" target="_blank">https://wikidata.org/wiki/Q16617755</a><br><strong>type</strong>: settlement<br><strong>passages</strong>: 3.26.2, 3.26.4<br><strong>Pleiades</strong>: <a href="https://pleiades.stoa.org/places/570581" target="_blank">https://pleiades.stoa.org/places/570581</a>]]></description>
        <Point><coordinates>22.296786,36.812375</coordinates></Point>
      </Placemark>

      <Placemark>
        <name>Pephnos</name>
        <description><![CDATA[<strong>name</strong>: Pephnos<br><strong>region</strong>: Lakonia Bk3<br><strong>part of</strong>: Lakonia Bk3<br><strong>altname</strong>: on the sea<br><strong>Wikidata</strong>: <a href="https://wikidata.org/wiki/Q16617755" target="_blank">https://wikidata.org/wiki/Q16617755</a><br><strong>type</strong>: settlement<br><strong>passages</strong>: 3.26.2, 3.26.4<br><strong>Pleiades</strong>: <a href="https://pleiades.stoa.org/places/570581" target="_blank">https://pleiades.stoa.org/places/570581</a>]]></description>
        <Point><coordinates>22.296786,36.812375</coordinates></Point>
      </Placemark>

      <Placemark>
        <name>Laconian Gulf (Lakonia)</name>
        <description><![CDATA[<strong>name</strong>: Laconian Gulf (Lakonia)<br><strong>region</strong>: Lakonia Bk3<br><strong>part of</strong>: Lakonia Bk3<br><strong>Wikidata</strong>: <a href="https://wikidata.org/wiki/Q589877" target="_blank">https://wikidata.org/wiki/Q589877</a><br><strong>type</strong>: gulf<br><strong>passages</strong>: 3.1.1, 3.20.6, 3.21.6, 3.21.9, 3.22.4, 3.24.6<br><strong>ToposText</strong>: <a href="https://topostext.org/place/367227WLac" target="_blank">https://topostext.org/place/367227WLac</a>]]></description>
        <Point><coordinates>22.71,36.66</coordinates></Point>
      </Placemark>

      <Placemark>
        <name>Laconian Gulf (Lakonia)</name>
        <description><![CDATA[<strong>name</strong>: Laconian Gulf (Lakonia)<br><strong>region</strong>: Lakonia Bk3<br><strong>part of</strong>: Lakonia Bk3<br><strong>Wikidata</strong>: <a href="https://wikidata.org/wiki/Q589877" target="_blank">https://wikidata.org/wiki/Q589877</a><br><strong>type</strong>: gulf<br><strong>passages</strong>: 3.1.1, 3.20.6, 3.21.6, 3.21.9, 3.22.4, 3.24.6<br><strong>ToposText</strong>: <a href="https://topostext.org/place/367227WLac" target="_blank">https://topostext.org/place/367227WLac</a>]]></description>
        <Point><coordinates>22.71,36.66</coordinates></Point>
      </Placemark>

      <Placemark>
        <name>Laconian Gulf (Lakonia)</name>
        <description><![CDATA[<strong>name</strong>: Laconian Gulf (Lakonia)<br><strong>region</strong>: Lakonia Bk3<br><strong>part of</strong>: Lakonia Bk3<br><strong>Wikidata</strong>: <a href="https://wikidata.org/wiki/Q589877" target="_blank">https://wikidata.org/wiki/Q589877</a><br><strong>type</strong>: gulf<br><strong>passages</strong>: 3.1.1, 3.20.6, 3.21.6, 3.21.9, 3.22.4, 3.24.6<br><strong>ToposText</strong>: <a href="https://topostext.org/place/367227WLac" target="_blank">https://topostext.org/place/367227WLac</a>]]></description>
        <Point><coordinates>22.71,36.66</coordinates></Point>
      </Placemark>

      <Placemark>
        <name>Laconian Gulf (Lakonia)</name>
        <description><![CDATA[<strong>name</strong>: Laconian Gulf (Lakonia)<br><strong>region</strong>: Lakonia Bk3<br><strong>part of</strong>: Lakonia Bk3<br><strong>Wikidata</strong>: <a href="https://wikidata.org/wiki/Q589877" target="_blank">https://wikidata.org/wiki/Q589877</a><br><strong>type</strong>: gulf<br><strong>passages</strong>: 3.1.1, 3.20.6, 3.21.6, 3.21.9, 3.22.4, 3.24.6<br><strong>ToposText</strong>: <a href="https://topostext.org/place/367227WLac" target="_blank">https://topostext.org/place/367227WLac</a>]]></description>
        <Point><coordinates>22.71,36.66</coordinates></Point>
      </Placemark>

      <Placemark>
        <name>Laconian Gulf (Lakonia)</name>
        <description><![CDATA[<strong>name</strong>: Laconian Gulf (Lakonia)<br><strong>region</strong>: Lakonia Bk3<br><strong>part of</strong>: Lakonia Bk3<br><strong>Wikidata</strong>: <a href="https://wikidata.org/wiki/Q589877" target="_blank">https://wikidata.org/wiki/Q589877</a><br><strong>type</strong>: gulf<br><strong>passages</strong>: 3.1.1, 3.20.6, 3.21.6, 3.21.9, 3.22.4, 3.24.6<br><strong>ToposText</strong>: <a href="https://topostext.org/place/367227WLac" target="_blank">https://topostext.org/place/367227WLac</a>]]></description>
        <Point><coordinates>22.71,36.66</coordinates></Point>
      </Placemark>

      <Placemark>
        <name>Laconian Gulf (Lakonia)</name>
        <description><![CDATA[<strong>name</strong>: Laconian Gulf (Lakonia)<br><strong>region</strong>: Lakonia Bk3<br><strong>part of</strong>: Lakonia Bk3<br><strong>Wikidata</strong>: <a href="https://wikidata.org/wiki/Q589877" target="_blank">https://wikidata.org/wiki/Q589877</a><br><strong>type</strong>: gulf<br><strong>passages</strong>: 3.1.1, 3.20.6, 3.21.6, 3.21.9, 3.22.4, 3.24.6<br><strong>ToposText</strong>: <a href="https://topostext.org/place/367227WLac" target="_blank">https://topostext.org/place/367227WLac</a>]]></description>
        <Point><coordinates>22.71,36.66</coordinates></Point>
      </Placemark>

      <Placemark>
        <name>Promontory at Brasiai with small statues of Dioskouroi?</name>
        <description><![CDATA[<strong>name</strong>: Promontory at Brasiai with small statues of Dioskouroi?<br><strong>region</strong>: Lakonia Bk3<br><strong>part of</strong>: Brasiae (Laconia)<br><strong>type</strong>: cape<br><strong>passages</strong>: 3.24.5]]></description>
        <Point><coordinates>22.8921,37.1462</coordinates></Point>
      </Placemark>

      <Placemark>
        <name>Egesta</name>
        <description><![CDATA[<strong>name</strong>: Egesta<br><strong>region</strong>: Sicilia (island)<br><strong>part of</strong>: Sicilia (island)<br><strong>altname</strong>: Segesta<br><strong>Wikidata</strong>: <a href="https://wikidata.org/wiki/Q692847" target="_blank">https://wikidata.org/wiki/Q692847</a><br><strong>type</strong>: polis<br><strong>passages</strong>: 3.16.5<br><strong>Pleiades</strong>: <a href="https://pleiades.stoa.org/places/462487" target="_blank">https://pleiades.stoa.org/places/462487</a>]]></description>
        <Point><coordinates>12.839871000000002,37.939199</coordinates></Point>
      </Placemark>

      <Placemark>
        <name>Altar of the Chalkioikos at Sparta</name>
        <description><![CDATA[<strong>name</strong>: Altar of the Chalkioikos at Sparta<br><strong>region</strong>: Lakonia Bk3<br><strong>part of</strong>: Acropolis of Sparta<br><strong>location</strong>: Acropolis of Sparta<br><strong>type</strong>: altar<br><strong>passages</strong>: 3.17.7]]></description>
        <Point><coordinates>22.4237,37.0821</coordinates></Point>
      </Placemark>

      <Placemark>
        <name>Tomb of Leonidas in Sparta</name>
        <description><![CDATA[<strong>name</strong>: Tomb of Leonidas in Sparta<br><strong>region</strong>: Lakonia Bk3<br><strong>part of</strong>: Sparta<br><strong>location</strong>: Sparta<br><strong>Wikidata</strong>: <a href="https://wikidata.org/wiki/Q124616321" target="_blank">https://wikidata.org/wiki/Q124616321</a><br><strong>type</strong>: tomb mnema<br><strong>passages</strong>: 3.14.1]]></description>
        <Point><coordinates>22.4237,37.0821</coordinates></Point>
      </Placemark>

      <Placemark>
        <name>Heroon of Enarsphoros behind Stoa by Platanista in Sparta</name>
        <description><![CDATA[<strong>name</strong>: Heroon of Enarsphoros behind Stoa by Platanista in Sparta<br><strong>region</strong>: Lakonia Bk3<br><strong>part of</strong>: Sparta<br><strong>location</strong>: Sparta<br><strong>Wikidata</strong>: <a href="https://wikidata.org/wiki/Q124616562" target="_blank">https://wikidata.org/wiki/Q124616562</a><br><strong>type</strong>: heroon<br><strong>passages</strong>: 3.15.1]]></description>
        <Point><coordinates>22.4237,37.0821</coordinates></Point>
      </Placemark>

      <Placemark>
        <name>Sanctuary of Apollo at Amyklai</name>
        <description><![CDATA[<strong>name</strong>: Sanctuary of Apollo at Amyklai<br><strong>region</strong>: Lakonia Bk3<br><strong>part of</strong>: Amyclae (Laconia)<br><strong>location</strong>: Amyclae (Laconia)<br><strong>altname</strong>: Amyclae Apollo sanctuary: Pausanias does not explicitly mention the sanctuary, only the throne and statue<br><strong>Wikidata</strong>: <a href="https://wikidata.org/wiki/Q13074886" target="_blank">https://wikidata.org/wiki/Q13074886</a><br><strong>type</strong>: hieron<br><strong>passages</strong>: 3.18.9<br><strong>Pleiades</strong>: <a href="https://pleiades.stoa.org/places/73644851" target="_blank">https://pleiades.stoa.org/places/73644851</a>]]></description>
        <Point><coordinates>22.4502,37.0363</coordinates></Point>
      </Placemark>

      <Placemark>
        <name>Sanctuary of Apollo Maleates at Sparta</name>
        <description><![CDATA[<strong>name</strong>: Sanctuary of Apollo Maleates at Sparta<br><strong>region</strong>: Lakonia Bk3<br><strong>part of</strong>: Sparta<br><strong>location</strong>: Sparta<br><strong>Wikidata</strong>: <a href="https://wikidata.org/wiki/Q124616431" target="_blank">https://wikidata.org/wiki/Q124616431</a><br><strong>type</strong>: hieron<br><strong>passages</strong>: 3.12.8]]></description>
        <Point><coordinates>22.4237,37.0821</coordinates></Point>
      </Placemark>

      <Placemark>
        <name>Tomb of Alkman in Sparta</name>
        <description><![CDATA[<strong>name</strong>: Tomb of Alkman in Sparta<br><strong>region</strong>: Lakonia Bk3<br><strong>part of</strong>: Sparta<br><strong>location</strong>: Sparta<br><strong>Wikidata</strong>: <a href="https://wikidata.org/wiki/Q124616324" target="_blank">https://wikidata.org/wiki/Q124616324</a><br><strong>type</strong>: tomb mnema<br><strong>passages</strong>: 3.15.2]]></description>
        <Point><coordinates>22.4237,37.0821</coordinates></Point>
      </Placemark>

      <Placemark>
        <name>Mouseion Hill (Athens)</name>
        <description><![CDATA[<strong>name</strong>: Mouseion Hill (Athens)<br><strong>region</strong>: Athenai Bk1<br><strong>part of</strong>: Athenai Bk1<br><strong>Wikidata</strong>: <a href="https://wikidata.org/wiki/Q2088161" target="_blank">https://wikidata.org/wiki/Q2088161</a><br><strong>type</strong>: hill<br><strong>passages</strong>: 1.25.8, 1.28.10, 3.6.6<br><strong>Pleiades</strong>: <a href="https://pleiades.stoa.org/places/968858713" target="_blank">https://pleiades.stoa.org/places/968858713</a><br><strong>ToposText</strong>: <a href="https://topostext.org/place/380237LMus" target="_blank">https://topostext.org/place/380237LMus</a>]]></description>
        <Point><coordinates>23.7215,37.9674</coordinates></Point>
      </Placemark>

      <Placemark>
        <name>Sanctuary of Helene Dendritis on Rhodes</name>
        <description><![CDATA[<strong>name</strong>: Sanctuary of Helene Dendritis on Rhodes<br><strong>region</strong>: Aegean Sea (Hellas)<br><strong>part of</strong>: Rhodes island<br><strong>location</strong>: Rhodes island<br><strong>Wikidata</strong>: <a href="https://wikidata.org/wiki/Q124616465" target="_blank">https://wikidata.org/wiki/Q124616465</a><br><strong>type</strong>: hieron<br><strong>passages</strong>: 3.19.10]]></description>
        <Point><coordinates>28.224399999999996,36.4408</coordinates></Point>
      </Placemark>

      <Placemark>
        <name>Kolôna in Sparta, opposite Zeus Amboulios</name>
        <description><![CDATA[<strong>name</strong>: Kolôna in Sparta, opposite Zeus Amboulios<br><strong>region</strong>: Lakonia Bk3<br><strong>part of</strong>: Sparta<br><strong>location</strong>: Sparta<br><strong>Wikidata</strong>: <a href="https://wikidata.org/wiki/Q124616494" target="_blank">https://wikidata.org/wiki/Q124616494</a><br><strong>type</strong>: agora<br><strong>passages</strong>: 3.13.7]]></description>
        <Point><coordinates>22.4237,37.0821</coordinates></Point>
      </Placemark>

      <Placemark>
        <name>Lydia/Maionia</name>
        <description><![CDATA[<strong>name</strong>: Lydia/Maionia<br><strong>region</strong>: Asia (continent)<br><strong>part of</strong>: Asia Minor (Asia)<br><strong>Wikidata</strong>: <a href="https://wikidata.org/wiki/Q620765" target="_blank">https://wikidata.org/wiki/Q620765</a><br><strong>type</strong>: chora/region<br><strong>passages</strong>: 1.35.7, 3.9.5, 7.2.8<br><strong>Pleiades</strong>: <a href="https://pleiades.stoa.org/places/550701" target="_blank">https://pleiades.stoa.org/places/550701</a>]]></description>
        <Point><coordinates>27.9632845,38.62477125</coordinates></Point>
      </Placemark>

      <Placemark>
        <name>Heroon of Athenodoros in Sparta</name>
        <description><![CDATA[<strong>name</strong>: Heroon of Athenodoros in Sparta<br><strong>region</strong>: Lakonia Bk3<br><strong>part of</strong>: Sparta<br><strong>location</strong>: Sparta<br><strong>Wikidata</strong>: <a href="https://wikidata.org/wiki/Q124616575" target="_blank">https://wikidata.org/wiki/Q124616575</a><br><strong>type</strong>: heroon<br><strong>passages</strong>: 3.16.4]]></description>
        <Point><coordinates>22.4237,37.0821</coordinates></Point>
      </Placemark>

      <Placemark>
        <name>Egypt (region)</name>
        <description><![CDATA[<strong>name</strong>: Egypt (region)<br><strong>region</strong>: Libya (Africa)<br><strong>part of</strong>: Roman empire<br><strong>Wikidata</strong>: <a href="https://wikidata.org/wiki/Q11768" target="_blank">https://wikidata.org/wiki/Q11768</a><br><strong>type</strong>: major region<br><strong>passages</strong>: 1.11.5, 1.36.6, 1.39.6, 1.42.3, 1.44.3, 1.6.1, 1.6.3, 1.6.5, 1.6.6, 1.6.7, 1.6.8, 1.7.1, 1.7.2, 1.7.3, 1.9.1, 1.9.3, 1.9.4, 10.32.18, 10.7.8, 2.16.1, 2.9.3, 3.10.2, 3.6.9, 5.21.15, 5.7.4, 6.26.9, 6.3.1, 7.5.5, 8.33.3<br><strong>Pleiades</strong>: <a href="https://pleiades.stoa.org/places/981503" target="_blank">https://pleiades.stoa.org/places/981503</a>]]></description>
        <Point><coordinates>30.7,27.1</coordinates></Point>
      </Placemark>

      <Placemark>
        <name>Egypt (region)</name>
        <description><![CDATA[<strong>name</strong>: Egypt (region)<br><strong>region</strong>: Libya (Africa)<br><strong>part of</strong>: Roman empire<br><strong>Wikidata</strong>: <a href="https://wikidata.org/wiki/Q11768" target="_blank">https://wikidata.org/wiki/Q11768</a><br><strong>type</strong>: major region<br><strong>passages</strong>: 1.11.5, 1.36.6, 1.39.6, 1.42.3, 1.44.3, 1.6.1, 1.6.3, 1.6.5, 1.6.6, 1.6.7, 1.6.8, 1.7.1, 1.7.2, 1.7.3, 1.9.1, 1.9.3, 1.9.4, 10.32.18, 10.7.8, 2.16.1, 2.9.3, 3.10.2, 3.6.9, 5.21.15, 5.7.4, 6.26.9, 6.3.1, 7.5.5, 8.33.3<br><strong>Pleiades</strong>: <a href="https://pleiades.stoa.org/places/981503" target="_blank">https://pleiades.stoa.org/places/981503</a>]]></description>
        <Point><coordinates>30.7,27.1</coordinates></Point>
      </Placemark>

      <Placemark>
        <name>Boiai (Lakonia)</name>
        <description><![CDATA[<strong>name</strong>: Boiai (Lakonia)<br><strong>region</strong>: Lakonia Bk3<br><strong>part of</strong>: Lakonia Bk3<br><strong>Wikidata</strong>: <a href="https://wikidata.org/wiki/Q11909406" target="_blank">https://wikidata.org/wiki/Q11909406</a><br><strong>type</strong>: polis<br><strong>passages</strong>: 1.27.5, 3.21.7, 3.22.11, 3.22.13, 3.23.1, 3.23.10, 3.23.2, 3.23.6<br><strong>Pleiades</strong>: <a href="https://pleiades.stoa.org/places/570156" target="_blank">https://pleiades.stoa.org/places/570156</a><br><strong>ToposText</strong>: <a href="https://topostext.org/place/365231PBoi" target="_blank">https://topostext.org/place/365231PBoi</a>]]></description>
        <Point><coordinates>23.062,36.517</coordinates></Point>
      </Placemark>

      <Placemark>
        <name>Boiai (Lakonia)</name>
        <description><![CDATA[<strong>name</strong>: Boiai (Lakonia)<br><strong>region</strong>: Lakonia Bk3<br><strong>part of</strong>: Lakonia Bk3<br><strong>Wikidata</strong>: <a href="https://wikidata.org/wiki/Q11909406" target="_blank">https://wikidata.org/wiki/Q11909406</a><br><strong>type</strong>: polis<br><strong>passages</strong>: 1.27.5, 3.21.7, 3.22.11, 3.22.13, 3.23.1, 3.23.10, 3.23.2, 3.23.6<br><strong>Pleiades</strong>: <a href="https://pleiades.stoa.org/places/570156" target="_blank">https://pleiades.stoa.org/places/570156</a><br><strong>ToposText</strong>: <a href="https://topostext.org/place/365231PBoi" target="_blank">https://topostext.org/place/365231PBoi</a>]]></description>
        <Point><coordinates>23.062,36.517</coordinates></Point>
      </Placemark>

      <Placemark>
        <name>Boiai (Lakonia)</name>
        <description><![CDATA[<strong>name</strong>: Boiai (Lakonia)<br><strong>region</strong>: Lakonia Bk3<br><strong>part of</strong>: Lakonia Bk3<br><strong>Wikidata</strong>: <a href="https://wikidata.org/wiki/Q11909406" target="_blank">https://wikidata.org/wiki/Q11909406</a><br><strong>type</strong>: polis<br><strong>passages</strong>: 1.27.5, 3.21.7, 3.22.11, 3.22.13, 3.23.1, 3.23.10, 3.23.2, 3.23.6<br><strong>Pleiades</strong>: <a href="https://pleiades.stoa.org/places/570156" target="_blank">https://pleiades.stoa.org/places/570156</a><br><strong>ToposText</strong>: <a href="https://topostext.org/place/365231PBoi" target="_blank">https://topostext.org/place/365231PBoi</a>]]></description>
        <Point><coordinates>23.062,36.517</coordinates></Point>
      </Placemark>

      <Placemark>
        <name>Boiai (Lakonia)</name>
        <description><![CDATA[<strong>name</strong>: Boiai (Lakonia)<br><strong>region</strong>: Lakonia Bk3<br><strong>part of</strong>: Lakonia Bk3<br><strong>Wikidata</strong>: <a href="https://wikidata.org/wiki/Q11909406" target="_blank">https://wikidata.org/wiki/Q11909406</a><br><strong>type</strong>: polis<br><strong>passages</strong>: 1.27.5, 3.21.7, 3.22.11, 3.22.13, 3.23.1, 3.23.10, 3.23.2, 3.23.6<br><strong>Pleiades</strong>: <a href="https://pleiades.stoa.org/places/570156" target="_blank">https://pleiades.stoa.org/places/570156</a><br><strong>ToposText</strong>: <a href="https://topostext.org/place/365231PBoi" target="_blank">https://topostext.org/place/365231PBoi</a>]]></description>
        <Point><coordinates>23.062,36.517</coordinates></Point>
      </Placemark>

      <Placemark>
        <name>Boiai (Lakonia)</name>
        <description><![CDATA[<strong>name</strong>: Boiai (Lakonia)<br><strong>region</strong>: Lakonia Bk3<br><strong>part of</strong>: Lakonia Bk3<br><strong>Wikidata</strong>: <a href="https://wikidata.org/wiki/Q11909406" target="_blank">https://wikidata.org/wiki/Q11909406</a><br><strong>type</strong>: polis<br><strong>passages</strong>: 1.27.5, 3.21.7, 3.22.11, 3.22.13, 3.23.1, 3.23.10, 3.23.2, 3.23.6<br><strong>Pleiades</strong>: <a href="https://pleiades.stoa.org/places/570156" target="_blank">https://pleiades.stoa.org/places/570156</a><br><strong>ToposText</strong>: <a href="https://topostext.org/place/365231PBoi" target="_blank">https://topostext.org/place/365231PBoi</a>]]></description>
        <Point><coordinates>23.062,36.517</coordinates></Point>
      </Placemark>

      <Placemark>
        <name>Boiai (Lakonia)</name>
        <description><![CDATA[<strong>name</strong>: Boiai (Lakonia)<br><strong>region</strong>: Lakonia Bk3<br><strong>part of</strong>: Lakonia Bk3<br><strong>Wikidata</strong>: <a href="https://wikidata.org/wiki/Q11909406" target="_blank">https://wikidata.org/wiki/Q11909406</a><br><strong>type</strong>: polis<br><strong>passages</strong>: 1.27.5, 3.21.7, 3.22.11, 3.22.13, 3.23.1, 3.23.10, 3.23.2, 3.23.6<br><strong>Pleiades</strong>: <a href="https://pleiades.stoa.org/places/570156" target="_blank">https://pleiades.stoa.org/places/570156</a><br><strong>ToposText</strong>: <a href="https://topostext.org/place/365231PBoi" target="_blank">https://topostext.org/place/365231PBoi</a>]]></description>
        <Point><coordinates>23.062,36.517</coordinates></Point>
      </Placemark>

      <Placemark>
        <name>Boiai (Lakonia)</name>
        <description><![CDATA[<strong>name</strong>: Boiai (Lakonia)<br><strong>region</strong>: Lakonia Bk3<br><strong>part of</strong>: Lakonia Bk3<br><strong>Wikidata</strong>: <a href="https://wikidata.org/wiki/Q11909406" target="_blank">https://wikidata.org/wiki/Q11909406</a><br><strong>type</strong>: polis<br><strong>passages</strong>: 1.27.5, 3.21.7, 3.22.11, 3.22.13, 3.23.1, 3.23.10, 3.23.2, 3.23.6<br><strong>Pleiades</strong>: <a href="https://pleiades.stoa.org/places/570156" target="_blank">https://pleiades.stoa.org/places/570156</a><br><strong>ToposText</strong>: <a href="https://topostext.org/place/365231PBoi" target="_blank">https://topostext.org/place/365231PBoi</a>]]></description>
        <Point><coordinates>23.062,36.517</coordinates></Point>
      </Placemark>

      <Placemark>
        <name>Burial of Semele at Brasiai</name>
        <description><![CDATA[<strong>name</strong>: Burial of Semele at Brasiai<br><strong>region</strong>: Lakonia Bk3<br><strong>part of</strong>: Brasiae (Laconia)<br><strong>location</strong>: Brasiae (Laconia)<br><strong>Wikidata</strong>: <a href="https://wikidata.org/wiki/Q124616336" target="_blank">https://wikidata.org/wiki/Q124616336</a><br><strong>type</strong>: tomb taphos<br><strong>passages</strong>: 3.24.3]]></description>
        <Point><coordinates>22.890275,37.144402</coordinates></Point>
      </Placemark>

      <Placemark>
        <name>Sanctuary of Athena Agoraia at Sparta</name>
        <description><![CDATA[<strong>name</strong>: Sanctuary of Athena Agoraia at Sparta<br><strong>region</strong>: Lakonia Bk3<br><strong>part of</strong>: Choros (Sparta)<br><strong>location</strong>: Choros (Sparta)<br><strong>Wikidata</strong>: <a href="https://wikidata.org/wiki/Q124616592" target="_blank">https://wikidata.org/wiki/Q124616592</a><br><strong>type</strong>: hieron<br><strong>passages</strong>: 3.11.9]]></description>
        <Point><coordinates>22.42665,37.0815</coordinates></Point>
      </Placemark>

      <Placemark>
        <name>Sanctuary of Hilaeira and Phoibe (Leukippides) in Sparta</name>
        <description><![CDATA[<strong>name</strong>: Sanctuary of Hilaeira and Phoibe (Leukippides) in Sparta<br><strong>region</strong>: Lakonia Bk3<br><strong>part of</strong>: Sparta<br><strong>location</strong>: Sparta<br><strong>Wikidata</strong>: <a href="https://wikidata.org/wiki/Q124616457" target="_blank">https://wikidata.org/wiki/Q124616457</a><br><strong>type</strong>: hieron<br><strong>passages</strong>: 3.16.1<br><strong>Manto</strong>: <a href="https://resource.manto.unh.edu/10150333" target="_blank">https://resource.manto.unh.edu/10150333</a>]]></description>
        <Point><coordinates>22.4237,37.0821</coordinates></Point>
      </Placemark>

      <Placemark>
        <name>Heroon of Amphiaraus son of Oecles at Sparta</name>
        <description><![CDATA[<strong>name</strong>: Heroon of Amphiaraus son of Oecles at Sparta<br><strong>region</strong>: Lakonia Bk3<br><strong>part of</strong>: Sparta<br><strong>location</strong>: Sparta<br><strong>Wikidata</strong>: <a href="https://wikidata.org/wiki/Q124616552" target="_blank">https://wikidata.org/wiki/Q124616552</a><br><strong>type</strong>: heroon<br><strong>passages</strong>: 3.12.5]]></description>
        <Point><coordinates>22.4237,37.0821</coordinates></Point>
      </Placemark>

      <Placemark>
        <name>Syrnos</name>
        <description><![CDATA[<strong>name</strong>: Syrnos<br><strong>region</strong>: Asia Minor (Asia)<br><strong>part of</strong>: Caria region<br><strong>Wikidata</strong>: <a href="https://wikidata.org/wiki/Q65066296" target="_blank">https://wikidata.org/wiki/Q65066296</a><br><strong>type</strong>: settlement<br><strong>passages</strong>: 3.26.10<br><strong>Pleiades</strong>: <a href="https://pleiades.stoa.org/places/599953" target="_blank">https://pleiades.stoa.org/places/599953</a>]]></description>
        <Point><coordinates>28.196786,36.720882</coordinates></Point>
      </Placemark>

      <Placemark>
        <name>Ozolian Lokris Bk10</name>
        <description><![CDATA[<strong>name</strong>: Ozolian Lokris Bk10<br><strong>region</strong>: <br><strong>part of</strong>: Hellas (Europe)<br><strong>Wikidata</strong>: <a href="https://wikidata.org/wiki/Q4894785" target="_blank">https://wikidata.org/wiki/Q4894785</a><br><strong>type</strong>: chora/region<br><strong>passages</strong>: 10.20.2, 10.38.1, 10.38.4, 10.38.8, 3.9.9, 4.24.7, 6.19.5<br><strong>Pleiades</strong>: <a href="https://pleiades.stoa.org/places/540919" target="_blank">https://pleiades.stoa.org/places/540919</a><br><strong>ToposText</strong>: <a href="https://topostext.org/place/384222ROzo" target="_blank">https://topostext.org/place/384222ROzo</a>]]></description>
        <Point><coordinates>22.2,38.4</coordinates></Point>
      </Placemark>

      <Placemark>
        <name>Marios</name>
        <description><![CDATA[<strong>name</strong>: Marios<br><strong>region</strong>: Lakonia Bk3<br><strong>part of</strong>: Lakonia Bk3<br><strong>Wikidata</strong>: <a href="https://wikidata.org/wiki/Q48781575" target="_blank">https://wikidata.org/wiki/Q48781575</a><br><strong>type</strong>: polis<br><strong>passages</strong>: 3.21.7, 3.22.8<br><strong>Pleiades</strong>: <a href="https://pleiades.stoa.org/places/570461" target="_blank">https://pleiades.stoa.org/places/570461</a>]]></description>
        <Point><coordinates>22.819373,37.042584</coordinates></Point>
      </Placemark>

      <Placemark>
        <name>Marios</name>
        <description><![CDATA[<strong>name</strong>: Marios<br><strong>region</strong>: Lakonia Bk3<br><strong>part of</strong>: Lakonia Bk3<br><strong>Wikidata</strong>: <a href="https://wikidata.org/wiki/Q48781575" target="_blank">https://wikidata.org/wiki/Q48781575</a><br><strong>type</strong>: polis<br><strong>passages</strong>: 3.21.7, 3.22.8<br><strong>Pleiades</strong>: <a href="https://pleiades.stoa.org/places/570461" target="_blank">https://pleiades.stoa.org/places/570461</a>]]></description>
        <Point><coordinates>22.819373,37.042584</coordinates></Point>
      </Placemark>

      <Placemark>
        <name>Temple of Asklepios at Boiai</name>
        <description><![CDATA[<strong>name</strong>: Temple of Asklepios at Boiai<br><strong>region</strong>: Lakonia Bk3<br><strong>part of</strong>: Boiai (Lakonia)<br><strong>location</strong>: Boiai (Lakonia)<br><strong>Wikidata</strong>: <a href="https://wikidata.org/wiki/Q124616357" target="_blank">https://wikidata.org/wiki/Q124616357</a><br><strong>type</strong>: temple<br><strong>passages</strong>: 3.22.13]]></description>
        <Point><coordinates>23.062,36.517</coordinates></Point>
      </Placemark>

      <Placemark>
        <name>Apollo Karneios by Knakadion Mt., Las</name>
        <description><![CDATA[<strong>name</strong>: Apollo Karneios by Knakadion Mt., Las<br><strong>region</strong>: Lakonia Bk3<br><strong>part of</strong>: Knakadion M.<br><strong>location</strong>: Las polis<br><strong>Wikidata</strong>: <a href="https://wikidata.org/wiki/Q124616401" target="_blank">https://wikidata.org/wiki/Q124616401</a><br><strong>type</strong>: hieron<br><strong>passages</strong>: 3.24.8]]></description>
        <Point><coordinates>22.5047,36.7279</coordinates></Point>
      </Placemark>

      <Placemark>
        <name>Trinasos three islands opposite fort of Trinasos</name>
        <description><![CDATA[<strong>name</strong>: Trinasos three islands opposite fort of Trinasos<br><strong>region</strong>: Lakonia Bk3<br><strong>part of</strong>: Lakonia Bk3<br><strong>type</strong>: island<br><strong>passages</strong>: 3.22.3]]></description>
        <Point><coordinates>22.607,36.7923</coordinates></Point>
      </Placemark>

      <Placemark>
        <name>Gymnasium of Akriai</name>
        <description><![CDATA[<strong>name</strong>: Gymnasium of Akriai<br><strong>region</strong>: Lakonia Bk3<br><strong>part of</strong>: Akriai (Lakonia)<br><strong>location</strong>: Akriai (Lakonia)<br><strong>Wikidata</strong>: <a href="https://wikidata.org/wiki/Q124616346" target="_blank">https://wikidata.org/wiki/Q124616346</a><br><strong>type</strong>: gymnasium<br><strong>passages</strong>: 3.22.5]]></description>
        <Point><coordinates>22.792,36.8</coordinates></Point>
      </Placemark>

      <Placemark>
        <name>Andros polis</name>
        <description><![CDATA[<strong>name</strong>: Andros polis<br><strong>region</strong>: Aegean Sea (Hellas)<br><strong>part of</strong>: Andros (island)<br><strong>Wikidata</strong>: <a href="https://wikidata.org/wiki/Q62944263" target="_blank">https://wikidata.org/wiki/Q62944263</a><br><strong>type</strong>: polis<br><strong>passages</strong>: 3.11.6, 6.14.13<br><strong>Pleiades</strong>: <a href="https://pleiades.stoa.org/places/589692" target="_blank">https://pleiades.stoa.org/places/589692</a><br><strong>ToposText</strong>: <a href="https://topostext.org/place/378248PAnd" target="_blank">https://topostext.org/place/378248PAnd</a><br><strong>URL</strong>: <a href="https://imperium.ahlfeldt.se/places/39550" target="_blank">https://imperium.ahlfeldt.se/places/39550</a>]]></description>
        <Point><coordinates>24.8279,37.8186</coordinates></Point>
      </Placemark>

      <Placemark>
        <name>Sanctuary of Achilles at Brasiai</name>
        <description><![CDATA[<strong>name</strong>: Sanctuary of Achilles at Brasiai<br><strong>region</strong>: Lakonia Bk3<br><strong>part of</strong>: Brasiae (Laconia)<br><strong>location</strong>: Brasiae (Laconia)<br><strong>Wikidata</strong>: <a href="https://wikidata.org/wiki/Q124616477" target="_blank">https://wikidata.org/wiki/Q124616477</a><br><strong>type</strong>: hieron<br><strong>passages</strong>: 3.24.5]]></description>
        <Point><coordinates>22.890275,37.144402</coordinates></Point>
      </Placemark>

      <Placemark>
        <name>Temple of Dionysus Colonatas in Sparta</name>
        <description><![CDATA[<strong>name</strong>: Temple of Dionysus Colonatas in Sparta<br><strong>region</strong>: Lakonia Bk3<br><strong>part of</strong>: Sparta<br><strong>Wikidata</strong>: <a href="https://wikidata.org/wiki/Q117272549" target="_blank">https://wikidata.org/wiki/Q117272549</a><br><strong>type</strong>: temple<br><strong>passages</strong>: 3.13.7, 3.13.8<br><strong>ToposText</strong>: <a href="https://topostext.org/place/371224SDiK" target="_blank">https://topostext.org/place/371224SDiK</a>]]></description>
        <Point><coordinates>22.428,37.0851</coordinates></Point>
      </Placemark>

      <Placemark>
        <name>Temple of Dionysus Colonatas in Sparta</name>
        <description><![CDATA[<strong>name</strong>: Temple of Dionysus Colonatas in Sparta<br><strong>region</strong>: Lakonia Bk3<br><strong>part of</strong>: Sparta<br><strong>Wikidata</strong>: <a href="https://wikidata.org/wiki/Q117272549" target="_blank">https://wikidata.org/wiki/Q117272549</a><br><strong>type</strong>: temple<br><strong>passages</strong>: 3.13.7, 3.13.8<br><strong>ToposText</strong>: <a href="https://topostext.org/place/371224SDiK" target="_blank">https://topostext.org/place/371224SDiK</a>]]></description>
        <Point><coordinates>22.428,37.0851</coordinates></Point>
      </Placemark>

      <Placemark>
        <name>Thebes (Boeotia)</name>
        <description><![CDATA[<strong>name</strong>: Thebes (Boeotia)<br><strong>region</strong>: Boiotia Bk9<br><strong>part of</strong>: Boiotia Bk9<br><strong>Wikidata</strong>: <a href="https://wikidata.org/wiki/Q11225429" target="_blank">https://wikidata.org/wiki/Q11225429</a><br><strong>type</strong>: polis<br><strong>passages</strong>: 1.25.4, 1.28.7, 1.29.3, 1.3.4, 1.34.1, 1.34.2, 1.34.4, 1.37.6, 1.39.2, 1.40.2, 1.41.1, 1.43.1, 1.44.4, 1.44.5, 10.10.3, 10.17.4, 10.20.1, 10.29.7, 10.35.5, 10.7.6, 2.19.8, 2.20.5, 2.36.8, 2.6.1, 2.6.2, 2.6.3, 2.6.4, 2.7.6, 3.5.3, 3.5.4, 3.9.11, 3.9.3, 3.9.8, 4.17.5, 4.27.10, 4.32.5, 4.7.8, 4.8.8, 5.3.1, 7.10.2, 7.14.6, 7.15.9, 7.17.2, 7.3.1, 7.6.9, 8.11.6, 8.14.2, 8.15.6, 8.24.10, 8.25.4, 8.25.8, 8.33.2, 9.1.6, 9.1.8, 9.10.1, 9.10.4, 9.11.6, 9.12.2, 9.13.1, 9.14.7, 9.17.4, 9.17.5, 9.18.1, 9.18.2, 9.18.3, 9.18.5, 9.19.2, 9.19.3, 9.19.4, 9.22.3, 9.23.4, 9.23.5, 9.25.10, 9.25.7, 9.25.9, 9.29.9, 9.3.6, 9.32.5, 9.33.1, 9.37.2, 9.4.4, 9.40.3, 9.5.1, 9.5.12, 9.5.13, 9.5.14, 9.5.2, 9.5.6, 9.5.7, 9.6.2, 9.6.3, 9.6.5, 9.7.1, 9.7.2, 9.7.6, 9.8.1, 9.8.3, 9.8.7, 9.9.4<br><strong>Pleiades</strong>: <a href="https://pleiades.stoa.org/places/541138" target="_blank">https://pleiades.stoa.org/places/541138</a><br><strong>ToposText</strong>: <a href="https://topostext.org/place/383233PThe" target="_blank">https://topostext.org/place/383233PThe</a>]]></description>
        <Point><coordinates>23.3178,38.3191</coordinates></Point>
      </Placemark>

      <Placemark>
        <name>Thebes (Boeotia)</name>
        <description><![CDATA[<strong>name</strong>: Thebes (Boeotia)<br><strong>region</strong>: Boiotia Bk9<br><strong>part of</strong>: Boiotia Bk9<br><strong>Wikidata</strong>: <a href="https://wikidata.org/wiki/Q11225429" target="_blank">https://wikidata.org/wiki/Q11225429</a><br><strong>type</strong>: polis<br><strong>passages</strong>: 1.25.4, 1.28.7, 1.29.3, 1.3.4, 1.34.1, 1.34.2, 1.34.4, 1.37.6, 1.39.2, 1.40.2, 1.41.1, 1.43.1, 1.44.4, 1.44.5, 10.10.3, 10.17.4, 10.20.1, 10.29.7, 10.35.5, 10.7.6, 2.19.8, 2.20.5, 2.36.8, 2.6.1, 2.6.2, 2.6.3, 2.6.4, 2.7.6, 3.5.3, 3.5.4, 3.9.11, 3.9.3, 3.9.8, 4.17.5, 4.27.10, 4.32.5, 4.7.8, 4.8.8, 5.3.1, 7.10.2, 7.14.6, 7.15.9, 7.17.2, 7.3.1, 7.6.9, 8.11.6, 8.14.2, 8.15.6, 8.24.10, 8.25.4, 8.25.8, 8.33.2, 9.1.6, 9.1.8, 9.10.1, 9.10.4, 9.11.6, 9.12.2, 9.13.1, 9.14.7, 9.17.4, 9.17.5, 9.18.1, 9.18.2, 9.18.3, 9.18.5, 9.19.2, 9.19.3, 9.19.4, 9.22.3, 9.23.4, 9.23.5, 9.25.10, 9.25.7, 9.25.9, 9.29.9, 9.3.6, 9.32.5, 9.33.1, 9.37.2, 9.4.4, 9.40.3, 9.5.1, 9.5.12, 9.5.13, 9.5.14, 9.5.2, 9.5.6, 9.5.7, 9.6.2, 9.6.3, 9.6.5, 9.7.1, 9.7.2, 9.7.6, 9.8.1, 9.8.3, 9.8.7, 9.9.4<br><strong>Pleiades</strong>: <a href="https://pleiades.stoa.org/places/541138" target="_blank">https://pleiades.stoa.org/places/541138</a><br><strong>ToposText</strong>: <a href="https://topostext.org/place/383233PThe" target="_blank">https://topostext.org/place/383233PThe</a>]]></description>
        <Point><coordinates>23.3178,38.3191</coordinates></Point>
      </Placemark>

      <Placemark>
        <name>Thebes (Boeotia)</name>
        <description><![CDATA[<strong>name</strong>: Thebes (Boeotia)<br><strong>region</strong>: Boiotia Bk9<br><strong>part of</strong>: Boiotia Bk9<br><strong>Wikidata</strong>: <a href="https://wikidata.org/wiki/Q11225429" target="_blank">https://wikidata.org/wiki/Q11225429</a><br><strong>type</strong>: polis<br><strong>passages</strong>: 1.25.4, 1.28.7, 1.29.3, 1.3.4, 1.34.1, 1.34.2, 1.34.4, 1.37.6, 1.39.2, 1.40.2, 1.41.1, 1.43.1, 1.44.4, 1.44.5, 10.10.3, 10.17.4, 10.20.1, 10.29.7, 10.35.5, 10.7.6, 2.19.8, 2.20.5, 2.36.8, 2.6.1, 2.6.2, 2.6.3, 2.6.4, 2.7.6, 3.5.3, 3.5.4, 3.9.11, 3.9.3, 3.9.8, 4.17.5, 4.27.10, 4.32.5, 4.7.8, 4.8.8, 5.3.1, 7.10.2, 7.14.6, 7.15.9, 7.17.2, 7.3.1, 7.6.9, 8.11.6, 8.14.2, 8.15.6, 8.24.10, 8.25.4, 8.25.8, 8.33.2, 9.1.6, 9.1.8, 9.10.1, 9.10.4, 9.11.6, 9.12.2, 9.13.1, 9.14.7, 9.17.4, 9.17.5, 9.18.1, 9.18.2, 9.18.3, 9.18.5, 9.19.2, 9.19.3, 9.19.4, 9.22.3, 9.23.4, 9.23.5, 9.25.10, 9.25.7, 9.25.9, 9.29.9, 9.3.6, 9.32.5, 9.33.1, 9.37.2, 9.4.4, 9.40.3, 9.5.1, 9.5.12, 9.5.13, 9.5.14, 9.5.2, 9.5.6, 9.5.7, 9.6.2, 9.6.3, 9.6.5, 9.7.1, 9.7.2, 9.7.6, 9.8.1, 9.8.3, 9.8.7, 9.9.4<br><strong>Pleiades</strong>: <a href="https://pleiades.stoa.org/places/541138" target="_blank">https://pleiades.stoa.org/places/541138</a><br><strong>ToposText</strong>: <a href="https://topostext.org/place/383233PThe" target="_blank">https://topostext.org/place/383233PThe</a>]]></description>
        <Point><coordinates>23.3178,38.3191</coordinates></Point>
      </Placemark>

      <Placemark>
        <name>Thebes (Boeotia)</name>
        <description><![CDATA[<strong>name</strong>: Thebes (Boeotia)<br><strong>region</strong>: Boiotia Bk9<br><strong>part of</strong>: Boiotia Bk9<br><strong>Wikidata</strong>: <a href="https://wikidata.org/wiki/Q11225429" target="_blank">https://wikidata.org/wiki/Q11225429</a><br><strong>type</strong>: polis<br><strong>passages</strong>: 1.25.4, 1.28.7, 1.29.3, 1.3.4, 1.34.1, 1.34.2, 1.34.4, 1.37.6, 1.39.2, 1.40.2, 1.41.1, 1.43.1, 1.44.4, 1.44.5, 10.10.3, 10.17.4, 10.20.1, 10.29.7, 10.35.5, 10.7.6, 2.19.8, 2.20.5, 2.36.8, 2.6.1, 2.6.2, 2.6.3, 2.6.4, 2.7.6, 3.5.3, 3.5.4, 3.9.11, 3.9.3, 3.9.8, 4.17.5, 4.27.10, 4.32.5, 4.7.8, 4.8.8, 5.3.1, 7.10.2, 7.14.6, 7.15.9, 7.17.2, 7.3.1, 7.6.9, 8.11.6, 8.14.2, 8.15.6, 8.24.10, 8.25.4, 8.25.8, 8.33.2, 9.1.6, 9.1.8, 9.10.1, 9.10.4, 9.11.6, 9.12.2, 9.13.1, 9.14.7, 9.17.4, 9.17.5, 9.18.1, 9.18.2, 9.18.3, 9.18.5, 9.19.2, 9.19.3, 9.19.4, 9.22.3, 9.23.4, 9.23.5, 9.25.10, 9.25.7, 9.25.9, 9.29.9, 9.3.6, 9.32.5, 9.33.1, 9.37.2, 9.4.4, 9.40.3, 9.5.1, 9.5.12, 9.5.13, 9.5.14, 9.5.2, 9.5.6, 9.5.7, 9.6.2, 9.6.3, 9.6.5, 9.7.1, 9.7.2, 9.7.6, 9.8.1, 9.8.3, 9.8.7, 9.9.4<br><strong>Pleiades</strong>: <a href="https://pleiades.stoa.org/places/541138" target="_blank">https://pleiades.stoa.org/places/541138</a><br><strong>ToposText</strong>: <a href="https://topostext.org/place/383233PThe" target="_blank">https://topostext.org/place/383233PThe</a>]]></description>
        <Point><coordinates>23.3178,38.3191</coordinates></Point>
      </Placemark>

      <Placemark>
        <name>Thebes (Boeotia)</name>
        <description><![CDATA[<strong>name</strong>: Thebes (Boeotia)<br><strong>region</strong>: Boiotia Bk9<br><strong>part of</strong>: Boiotia Bk9<br><strong>Wikidata</strong>: <a href="https://wikidata.org/wiki/Q11225429" target="_blank">https://wikidata.org/wiki/Q11225429</a><br><strong>type</strong>: polis<br><strong>passages</strong>: 1.25.4, 1.28.7, 1.29.3, 1.3.4, 1.34.1, 1.34.2, 1.34.4, 1.37.6, 1.39.2, 1.40.2, 1.41.1, 1.43.1, 1.44.4, 1.44.5, 10.10.3, 10.17.4, 10.20.1, 10.29.7, 10.35.5, 10.7.6, 2.19.8, 2.20.5, 2.36.8, 2.6.1, 2.6.2, 2.6.3, 2.6.4, 2.7.6, 3.5.3, 3.5.4, 3.9.11, 3.9.3, 3.9.8, 4.17.5, 4.27.10, 4.32.5, 4.7.8, 4.8.8, 5.3.1, 7.10.2, 7.14.6, 7.15.9, 7.17.2, 7.3.1, 7.6.9, 8.11.6, 8.14.2, 8.15.6, 8.24.10, 8.25.4, 8.25.8, 8.33.2, 9.1.6, 9.1.8, 9.10.1, 9.10.4, 9.11.6, 9.12.2, 9.13.1, 9.14.7, 9.17.4, 9.17.5, 9.18.1, 9.18.2, 9.18.3, 9.18.5, 9.19.2, 9.19.3, 9.19.4, 9.22.3, 9.23.4, 9.23.5, 9.25.10, 9.25.7, 9.25.9, 9.29.9, 9.3.6, 9.32.5, 9.33.1, 9.37.2, 9.4.4, 9.40.3, 9.5.1, 9.5.12, 9.5.13, 9.5.14, 9.5.2, 9.5.6, 9.5.7, 9.6.2, 9.6.3, 9.6.5, 9.7.1, 9.7.2, 9.7.6, 9.8.1, 9.8.3, 9.8.7, 9.9.4<br><strong>Pleiades</strong>: <a href="https://pleiades.stoa.org/places/541138" target="_blank">https://pleiades.stoa.org/places/541138</a><br><strong>ToposText</strong>: <a href="https://topostext.org/place/383233PThe" target="_blank">https://topostext.org/place/383233PThe</a>]]></description>
        <Point><coordinates>23.3178,38.3191</coordinates></Point>
      </Placemark>

      <Placemark>
        <name>Amphissa of Ozolian Locris</name>
        <description><![CDATA[<strong>name</strong>: Amphissa of Ozolian Locris<br><strong>region</strong>: Ozolian Lokris Bk10<br><strong>part of</strong>: Ozolian Lokris Bk10<br><strong>altname</strong>: most famous Locrian city<br><strong>Wikidata</strong>: <a href="https://wikidata.org/wiki/Q38281545" target="_blank">https://wikidata.org/wiki/Q38281545</a><br><strong>type</strong>: polis<br><strong>passages</strong>: 10.22.13, 10.38.4, 10.38.7, 10.38.8, 10.38.9, 3.9.9, 7.14.7<br><strong>Pleiades</strong>: <a href="https://pleiades.stoa.org/places/540630" target="_blank">https://pleiades.stoa.org/places/540630</a><br><strong>ToposText</strong>: <a href="https://topostext.org/place/385224PAmp" target="_blank">https://topostext.org/place/385224PAmp</a>]]></description>
        <Point><coordinates>22.374,38.53</coordinates></Point>
      </Placemark>

      <Placemark>
        <name>Pellana (Lakonia)</name>
        <description><![CDATA[<strong>name</strong>: Pellana (Lakonia)<br><strong>region</strong>: Lakonia Bk3<br><strong>part of</strong>: Lakonia Bk3<br><strong>Wikidata</strong>: <a href="https://wikidata.org/wiki/Q2010159" target="_blank">https://wikidata.org/wiki/Q2010159</a><br><strong>type</strong>: polis<br><strong>passages</strong>: 3.21.2, 3.21.3, 6.8.5<br><strong>Pleiades</strong>: <a href="https://pleiades.stoa.org/places/570575" target="_blank">https://pleiades.stoa.org/places/570575</a><br><strong>ToposText</strong>: <a href="https://topostext.org/place/372223PPel" target="_blank">https://topostext.org/place/372223PPel</a>]]></description>
        <Point><coordinates>22.3244,37.2083</coordinates></Point>
      </Placemark>

      <Placemark>
        <name>Pellana (Lakonia)</name>
        <description><![CDATA[<strong>name</strong>: Pellana (Lakonia)<br><strong>region</strong>: Lakonia Bk3<br><strong>part of</strong>: Lakonia Bk3<br><strong>Wikidata</strong>: <a href="https://wikidata.org/wiki/Q2010159" target="_blank">https://wikidata.org/wiki/Q2010159</a><br><strong>type</strong>: polis<br><strong>passages</strong>: 3.21.2, 3.21.3, 6.8.5<br><strong>Pleiades</strong>: <a href="https://pleiades.stoa.org/places/570575" target="_blank">https://pleiades.stoa.org/places/570575</a><br><strong>ToposText</strong>: <a href="https://topostext.org/place/372223PPel" target="_blank">https://topostext.org/place/372223PPel</a>]]></description>
        <Point><coordinates>22.3244,37.2083</coordinates></Point>
      </Placemark>

      <Placemark>
        <name>Tainaron (promontory)</name>
        <description><![CDATA[<strong>name</strong>: Tainaron (promontory)<br><strong>region</strong>: Lakonia Bk3<br><strong>part of</strong>: Lakonia Bk3<br><strong>Wikidata</strong>: <a href="https://wikidata.org/wiki/Q849911" target="_blank">https://wikidata.org/wiki/Q849911</a><br><strong>type</strong>: cape<br><strong>passages</strong>: 3.14.2, 3.21.7, 3.25.4, 3.25.5, 3.25.7, 3.25.8, 3.25.9<br><strong>Pleiades</strong>: <a href="https://pleiades.stoa.org/places/570703" target="_blank">https://pleiades.stoa.org/places/570703</a>]]></description>
        <Point><coordinates>22.4831905,36.3856534</coordinates></Point>
      </Placemark>

      <Placemark>
        <name>Tainaron (promontory)</name>
        <description><![CDATA[<strong>name</strong>: Tainaron (promontory)<br><strong>region</strong>: Lakonia Bk3<br><strong>part of</strong>: Lakonia Bk3<br><strong>Wikidata</strong>: <a href="https://wikidata.org/wiki/Q849911" target="_blank">https://wikidata.org/wiki/Q849911</a><br><strong>type</strong>: cape<br><strong>passages</strong>: 3.14.2, 3.21.7, 3.25.4, 3.25.5, 3.25.7, 3.25.8, 3.25.9<br><strong>Pleiades</strong>: <a href="https://pleiades.stoa.org/places/570703" target="_blank">https://pleiades.stoa.org/places/570703</a>]]></description>
        <Point><coordinates>22.4831905,36.3856534</coordinates></Point>
      </Placemark>

      <Placemark>
        <name>Tainaron (promontory)</name>
        <description><![CDATA[<strong>name</strong>: Tainaron (promontory)<br><strong>region</strong>: Lakonia Bk3<br><strong>part of</strong>: Lakonia Bk3<br><strong>Wikidata</strong>: <a href="https://wikidata.org/wiki/Q849911" target="_blank">https://wikidata.org/wiki/Q849911</a><br><strong>type</strong>: cape<br><strong>passages</strong>: 3.14.2, 3.21.7, 3.25.4, 3.25.5, 3.25.7, 3.25.8, 3.25.9<br><strong>Pleiades</strong>: <a href="https://pleiades.stoa.org/places/570703" target="_blank">https://pleiades.stoa.org/places/570703</a>]]></description>
        <Point><coordinates>22.4831905,36.3856534</coordinates></Point>
      </Placemark>

      <Placemark>
        <name>Tainaron (promontory)</name>
        <description><![CDATA[<strong>name</strong>: Tainaron (promontory)<br><strong>region</strong>: Lakonia Bk3<br><strong>part of</strong>: Lakonia Bk3<br><strong>Wikidata</strong>: <a href="https://wikidata.org/wiki/Q849911" target="_blank">https://wikidata.org/wiki/Q849911</a><br><strong>type</strong>: cape<br><strong>passages</strong>: 3.14.2, 3.21.7, 3.25.4, 3.25.5, 3.25.7, 3.25.8, 3.25.9<br><strong>Pleiades</strong>: <a href="https://pleiades.stoa.org/places/570703" target="_blank">https://pleiades.stoa.org/places/570703</a>]]></description>
        <Point><coordinates>22.4831905,36.3856534</coordinates></Point>
      </Placemark>

      <Placemark>
        <name>Tainaron (promontory)</name>
        <description><![CDATA[<strong>name</strong>: Tainaron (promontory)<br><strong>region</strong>: Lakonia Bk3<br><strong>part of</strong>: Lakonia Bk3<br><strong>Wikidata</strong>: <a href="https://wikidata.org/wiki/Q849911" target="_blank">https://wikidata.org/wiki/Q849911</a><br><strong>type</strong>: cape<br><strong>passages</strong>: 3.14.2, 3.21.7, 3.25.4, 3.25.5, 3.25.7, 3.25.8, 3.25.9<br><strong>Pleiades</strong>: <a href="https://pleiades.stoa.org/places/570703" target="_blank">https://pleiades.stoa.org/places/570703</a>]]></description>
        <Point><coordinates>22.4831905,36.3856534</coordinates></Point>
      </Placemark>

      <Placemark>
        <name>Tainaron (promontory)</name>
        <description><![CDATA[<strong>name</strong>: Tainaron (promontory)<br><strong>region</strong>: Lakonia Bk3<br><strong>part of</strong>: Lakonia Bk3<br><strong>Wikidata</strong>: <a href="https://wikidata.org/wiki/Q849911" target="_blank">https://wikidata.org/wiki/Q849911</a><br><strong>type</strong>: cape<br><strong>passages</strong>: 3.14.2, 3.21.7, 3.25.4, 3.25.5, 3.25.7, 3.25.8, 3.25.9<br><strong>Pleiades</strong>: <a href="https://pleiades.stoa.org/places/570703" target="_blank">https://pleiades.stoa.org/places/570703</a>]]></description>
        <Point><coordinates>22.4831905,36.3856534</coordinates></Point>
      </Placemark>

      <Placemark>
        <name>Tainaron (promontory)</name>
        <description><![CDATA[<strong>name</strong>: Tainaron (promontory)<br><strong>region</strong>: Lakonia Bk3<br><strong>part of</strong>: Lakonia Bk3<br><strong>Wikidata</strong>: <a href="https://wikidata.org/wiki/Q849911" target="_blank">https://wikidata.org/wiki/Q849911</a><br><strong>type</strong>: cape<br><strong>passages</strong>: 3.14.2, 3.21.7, 3.25.4, 3.25.5, 3.25.7, 3.25.8, 3.25.9<br><strong>Pleiades</strong>: <a href="https://pleiades.stoa.org/places/570703" target="_blank">https://pleiades.stoa.org/places/570703</a>]]></description>
        <Point><coordinates>22.4831905,36.3856534</coordinates></Point>
      </Placemark>

      <Placemark>
        <name>Messenian gulf</name>
        <description><![CDATA[<strong>name</strong>: Messenian gulf<br><strong>region</strong>: Messenia Bk4<br><strong>part of</strong>: Messenia Bk4<br><strong>altname</strong>: Asinaean gulf Coronaeus sinus<br><strong>Wikidata</strong>: <a href="https://wikidata.org/wiki/Q1474634" target="_blank">https://wikidata.org/wiki/Q1474634</a><br><strong>type</strong>: gulf<br><strong>passages</strong>: 3.26.2, 4.34.4<br><strong>Pleiades</strong>: <a href="https://pleiades.stoa.org/places/570123" target="_blank">https://pleiades.stoa.org/places/570123</a><br><strong>ToposText</strong>: <a href="https://topostext.org/place/368221WMes" target="_blank">https://topostext.org/place/368221WMes</a>]]></description>
        <Point><coordinates>22.09,36.83</coordinates></Point>
      </Placemark>

      <Placemark>
        <name>Limnai (Messenia)</name>
        <description><![CDATA[<strong>name</strong>: Limnai (Messenia)<br><strong>region</strong>: Lakonia Bk3<br><strong>part of</strong>: Messenia Bk4<br><strong>Wikidata</strong>: <a href="https://wikidata.org/wiki/Q48781604" target="_blank">https://wikidata.org/wiki/Q48781604</a><br><strong>type</strong>: chorion<br><strong>passages</strong>: 3.2.6, 4.31.3<br><strong>ToposText</strong>: <a href="https://topostext.org/place/371222ULim" target="_blank">https://topostext.org/place/371222ULim</a>]]></description>
        <Point><coordinates>22.1918,37.1217</coordinates></Point>
      </Placemark>

      <Placemark>
        <name>Clubhouse of the Krotani near tomb of Agiad kings in Sparta</name>
        <description><![CDATA[<strong>name</strong>: Clubhouse of the Krotani near tomb of Agiad kings in Sparta<br><strong>region</strong>: Lakonia Bk3<br><strong>part of</strong>: Sparta<br><strong>location</strong>: Sparta<br><strong>altname</strong>: Lesche of the Krotanoi<br><strong>Wikidata</strong>: <a href="https://wikidata.org/wiki/Q124616532" target="_blank">https://wikidata.org/wiki/Q124616532</a><br><strong>type</strong>: clubhouse<br><strong>passages</strong>: 3.14.2]]></description>
        <Point><coordinates>22.4237,37.0821</coordinates></Point>
      </Placemark>

      <Placemark>
        <name>Therapne</name>
        <description><![CDATA[<strong>name</strong>: Therapne<br><strong>region</strong>: Lakonia Bk3<br><strong>part of</strong>: Lakonia Bk3<br><strong>Wikidata</strong>: <a href="https://wikidata.org/wiki/Q15940498" target="_blank">https://wikidata.org/wiki/Q15940498</a><br><strong>type</strong>: demos<br><strong>passages</strong>: 3.14.9, 3.19.6, 3.19.9, 3.20.1, 3.20.2<br><strong>Pleiades</strong>: <a href="https://pleiades.stoa.org/places/570723" target="_blank">https://pleiades.stoa.org/places/570723</a>]]></description>
        <Point><coordinates>22.454127,37.066091</coordinates></Point>
      </Placemark>

      <Placemark>
        <name>Therapne</name>
        <description><![CDATA[<strong>name</strong>: Therapne<br><strong>region</strong>: Lakonia Bk3<br><strong>part of</strong>: Lakonia Bk3<br><strong>Wikidata</strong>: <a href="https://wikidata.org/wiki/Q15940498" target="_blank">https://wikidata.org/wiki/Q15940498</a><br><strong>type</strong>: demos<br><strong>passages</strong>: 3.14.9, 3.19.6, 3.19.9, 3.20.1, 3.20.2<br><strong>Pleiades</strong>: <a href="https://pleiades.stoa.org/places/570723" target="_blank">https://pleiades.stoa.org/places/570723</a>]]></description>
        <Point><coordinates>22.454127,37.066091</coordinates></Point>
      </Placemark>

      <Placemark>
        <name>Therapne</name>
        <description><![CDATA[<strong>name</strong>: Therapne<br><strong>region</strong>: Lakonia Bk3<br><strong>part of</strong>: Lakonia Bk3<br><strong>Wikidata</strong>: <a href="https://wikidata.org/wiki/Q15940498" target="_blank">https://wikidata.org/wiki/Q15940498</a><br><strong>type</strong>: demos<br><strong>passages</strong>: 3.14.9, 3.19.6, 3.19.9, 3.20.1, 3.20.2<br><strong>Pleiades</strong>: <a href="https://pleiades.stoa.org/places/570723" target="_blank">https://pleiades.stoa.org/places/570723</a>]]></description>
        <Point><coordinates>22.454127,37.066091</coordinates></Point>
      </Placemark>

      <Placemark>
        <name>Therapne</name>
        <description><![CDATA[<strong>name</strong>: Therapne<br><strong>region</strong>: Lakonia Bk3<br><strong>part of</strong>: Lakonia Bk3<br><strong>Wikidata</strong>: <a href="https://wikidata.org/wiki/Q15940498" target="_blank">https://wikidata.org/wiki/Q15940498</a><br><strong>type</strong>: demos<br><strong>passages</strong>: 3.14.9, 3.19.6, 3.19.9, 3.20.1, 3.20.2<br><strong>Pleiades</strong>: <a href="https://pleiades.stoa.org/places/570723" target="_blank">https://pleiades.stoa.org/places/570723</a>]]></description>
        <Point><coordinates>22.454127,37.066091</coordinates></Point>
      </Placemark>

      <Placemark>
        <name>Therapne</name>
        <description><![CDATA[<strong>name</strong>: Therapne<br><strong>region</strong>: Lakonia Bk3<br><strong>part of</strong>: Lakonia Bk3<br><strong>Wikidata</strong>: <a href="https://wikidata.org/wiki/Q15940498" target="_blank">https://wikidata.org/wiki/Q15940498</a><br><strong>type</strong>: demos<br><strong>passages</strong>: 3.14.9, 3.19.6, 3.19.9, 3.20.1, 3.20.2<br><strong>Pleiades</strong>: <a href="https://pleiades.stoa.org/places/570723" target="_blank">https://pleiades.stoa.org/places/570723</a>]]></description>
        <Point><coordinates>22.454127,37.066091</coordinates></Point>
      </Placemark>

      <Placemark>
        <name>Lakonia Bk3</name>
        <description><![CDATA[<strong>name</strong>: Lakonia Bk3<br><strong>region</strong>: <br><strong>part of</strong>: Peloponnesos<br><strong>altname</strong>: Laconia Lacedaemonia<br><strong>Wikidata</strong>: <a href="https://wikidata.org/wiki/Q11931074" target="_blank">https://wikidata.org/wiki/Q11931074</a><br><strong>type</strong>: chora/region<br><strong>passages</strong>: 1.11.2, 1.13.4, 1.13.5, 1.13.6, 1.13.7, 1.18.4, 1.28.4, 1.38.4, 10.13.10, 10.2.2, 10.38.10, 10.9.5, 10.9.9, 2.18.8, 2.22.6, 2.3.5, 2.9.2, 3.1.1, 3.1.3, 3.1.5, 3.11.1, 3.12.9, 3.14.9, 3.16.9, 3.18.3, 3.20.10, 3.20.11, 3.20.3, 3.21.3, 3.21.6, 3.22.6, 3.23.11, 3.23.6, 3.24.1, 3.24.6, 3.3.3, 3.4.1, 3.7.10, 3.7.11, 3.7.7, 3.8.1, 3.9.10, 4.1.1, 4.10.7, 4.16.8, 4.17.1, 4.18.1, 4.18.2, 4.20.5, 4.23.5, 4.27.1, 4.28.2, 4.28.5, 4.30.2, 4.4.6, 4.4.7, 4.5.9, 4.7.2, 5.17.1, 5.9.1, 7.1.5, 7.1.6, 7.1.7, 7.10.3, 7.11.8, 7.12.7, 7.13.3, 7.13.7, 7.18.5, 7.20.8, 7.25.3, 7.6.2, 7.6.3, 7.8.4, 7.9.1, 8.11.5, 8.12.6, 8.12.8, 8.35.3, 8.5.13, 8.5.7, 8.50.2, 8.50.5, 8.51.1, 8.53.11, 9.13.5, 9.14.1, 9.14.6<br><strong>Pleiades</strong>: <a href="https://pleiades.stoa.org/places/570406" target="_blank">https://pleiades.stoa.org/places/570406</a><br><strong>ToposText</strong>: <a href="https://topostext.org/place/370225RLak" target="_blank">https://topostext.org/place/370225RLak</a>]]></description>
        <Point><coordinates>22.5,37.001</coordinates></Point>
      </Placemark>

      <Placemark>
        <name>Lakonia Bk3</name>
        <description><![CDATA[<strong>name</strong>: Lakonia Bk3<br><strong>region</strong>: <br><strong>part of</strong>: Peloponnesos<br><strong>altname</strong>: Laconia Lacedaemonia<br><strong>Wikidata</strong>: <a href="https://wikidata.org/wiki/Q11931074" target="_blank">https://wikidata.org/wiki/Q11931074</a><br><strong>type</strong>: chora/region<br><strong>passages</strong>: 1.11.2, 1.13.4, 1.13.5, 1.13.6, 1.13.7, 1.18.4, 1.28.4, 1.38.4, 10.13.10, 10.2.2, 10.38.10, 10.9.5, 10.9.9, 2.18.8, 2.22.6, 2.3.5, 2.9.2, 3.1.1, 3.1.3, 3.1.5, 3.11.1, 3.12.9, 3.14.9, 3.16.9, 3.18.3, 3.20.10, 3.20.11, 3.20.3, 3.21.3, 3.21.6, 3.22.6, 3.23.11, 3.23.6, 3.24.1, 3.24.6, 3.3.3, 3.4.1, 3.7.10, 3.7.11, 3.7.7, 3.8.1, 3.9.10, 4.1.1, 4.10.7, 4.16.8, 4.17.1, 4.18.1, 4.18.2, 4.20.5, 4.23.5, 4.27.1, 4.28.2, 4.28.5, 4.30.2, 4.4.6, 4.4.7, 4.5.9, 4.7.2, 5.17.1, 5.9.1, 7.1.5, 7.1.6, 7.1.7, 7.10.3, 7.11.8, 7.12.7, 7.13.3, 7.13.7, 7.18.5, 7.20.8, 7.25.3, 7.6.2, 7.6.3, 7.8.4, 7.9.1, 8.11.5, 8.12.6, 8.12.8, 8.35.3, 8.5.13, 8.5.7, 8.50.2, 8.50.5, 8.51.1, 8.53.11, 9.13.5, 9.14.1, 9.14.6<br><strong>Pleiades</strong>: <a href="https://pleiades.stoa.org/places/570406" target="_blank">https://pleiades.stoa.org/places/570406</a><br><strong>ToposText</strong>: <a href="https://topostext.org/place/370225RLak" target="_blank">https://topostext.org/place/370225RLak</a>]]></description>
        <Point><coordinates>22.5,37.001</coordinates></Point>
      </Placemark>

      <Placemark>
        <name>Lakonia Bk3</name>
        <description><![CDATA[<strong>name</strong>: Lakonia Bk3<br><strong>region</strong>: <br><strong>part of</strong>: Peloponnesos<br><strong>altname</strong>: Laconia Lacedaemonia<br><strong>Wikidata</strong>: <a href="https://wikidata.org/wiki/Q11931074" target="_blank">https://wikidata.org/wiki/Q11931074</a><br><strong>type</strong>: chora/region<br><strong>passages</strong>: 1.11.2, 1.13.4, 1.13.5, 1.13.6, 1.13.7, 1.18.4, 1.28.4, 1.38.4, 10.13.10, 10.2.2, 10.38.10, 10.9.5, 10.9.9, 2.18.8, 2.22.6, 2.3.5, 2.9.2, 3.1.1, 3.1.3, 3.1.5, 3.11.1, 3.12.9, 3.14.9, 3.16.9, 3.18.3, 3.20.10, 3.20.11, 3.20.3, 3.21.3, 3.21.6, 3.22.6, 3.23.11, 3.23.6, 3.24.1, 3.24.6, 3.3.3, 3.4.1, 3.7.10, 3.7.11, 3.7.7, 3.8.1, 3.9.10, 4.1.1, 4.10.7, 4.16.8, 4.17.1, 4.18.1, 4.18.2, 4.20.5, 4.23.5, 4.27.1, 4.28.2, 4.28.5, 4.30.2, 4.4.6, 4.4.7, 4.5.9, 4.7.2, 5.17.1, 5.9.1, 7.1.5, 7.1.6, 7.1.7, 7.10.3, 7.11.8, 7.12.7, 7.13.3, 7.13.7, 7.18.5, 7.20.8, 7.25.3, 7.6.2, 7.6.3, 7.8.4, 7.9.1, 8.11.5, 8.12.6, 8.12.8, 8.35.3, 8.5.13, 8.5.7, 8.50.2, 8.50.5, 8.51.1, 8.53.11, 9.13.5, 9.14.1, 9.14.6<br><strong>Pleiades</strong>: <a href="https://pleiades.stoa.org/places/570406" target="_blank">https://pleiades.stoa.org/places/570406</a><br><strong>ToposText</strong>: <a href="https://topostext.org/place/370225RLak" target="_blank">https://topostext.org/place/370225RLak</a>]]></description>
        <Point><coordinates>22.5,37.001</coordinates></Point>
      </Placemark>

      <Placemark>
        <name>Lakonia Bk3</name>
        <description><![CDATA[<strong>name</strong>: Lakonia Bk3<br><strong>region</strong>: <br><strong>part of</strong>: Peloponnesos<br><strong>altname</strong>: Laconia Lacedaemonia<br><strong>Wikidata</strong>: <a href="https://wikidata.org/wiki/Q11931074" target="_blank">https://wikidata.org/wiki/Q11931074</a><br><strong>type</strong>: chora/region<br><strong>passages</strong>: 1.11.2, 1.13.4, 1.13.5, 1.13.6, 1.13.7, 1.18.4, 1.28.4, 1.38.4, 10.13.10, 10.2.2, 10.38.10, 10.9.5, 10.9.9, 2.18.8, 2.22.6, 2.3.5, 2.9.2, 3.1.1, 3.1.3, 3.1.5, 3.11.1, 3.12.9, 3.14.9, 3.16.9, 3.18.3, 3.20.10, 3.20.11, 3.20.3, 3.21.3, 3.21.6, 3.22.6, 3.23.11, 3.23.6, 3.24.1, 3.24.6, 3.3.3, 3.4.1, 3.7.10, 3.7.11, 3.7.7, 3.8.1, 3.9.10, 4.1.1, 4.10.7, 4.16.8, 4.17.1, 4.18.1, 4.18.2, 4.20.5, 4.23.5, 4.27.1, 4.28.2, 4.28.5, 4.30.2, 4.4.6, 4.4.7, 4.5.9, 4.7.2, 5.17.1, 5.9.1, 7.1.5, 7.1.6, 7.1.7, 7.10.3, 7.11.8, 7.12.7, 7.13.3, 7.13.7, 7.18.5, 7.20.8, 7.25.3, 7.6.2, 7.6.3, 7.8.4, 7.9.1, 8.11.5, 8.12.6, 8.12.8, 8.35.3, 8.5.13, 8.5.7, 8.50.2, 8.50.5, 8.51.1, 8.53.11, 9.13.5, 9.14.1, 9.14.6<br><strong>Pleiades</strong>: <a href="https://pleiades.stoa.org/places/570406" target="_blank">https://pleiades.stoa.org/places/570406</a><br><strong>ToposText</strong>: <a href="https://topostext.org/place/370225RLak" target="_blank">https://topostext.org/place/370225RLak</a>]]></description>
        <Point><coordinates>22.5,37.001</coordinates></Point>
      </Placemark>

      <Placemark>
        <name>Lakonia Bk3</name>
        <description><![CDATA[<strong>name</strong>: Lakonia Bk3<br><strong>region</strong>: <br><strong>part of</strong>: Peloponnesos<br><strong>altname</strong>: Laconia Lacedaemonia<br><strong>Wikidata</strong>: <a href="https://wikidata.org/wiki/Q11931074" target="_blank">https://wikidata.org/wiki/Q11931074</a><br><strong>type</strong>: chora/region<br><strong>passages</strong>: 1.11.2, 1.13.4, 1.13.5, 1.13.6, 1.13.7, 1.18.4, 1.28.4, 1.38.4, 10.13.10, 10.2.2, 10.38.10, 10.9.5, 10.9.9, 2.18.8, 2.22.6, 2.3.5, 2.9.2, 3.1.1, 3.1.3, 3.1.5, 3.11.1, 3.12.9, 3.14.9, 3.16.9, 3.18.3, 3.20.10, 3.20.11, 3.20.3, 3.21.3, 3.21.6, 3.22.6, 3.23.11, 3.23.6, 3.24.1, 3.24.6, 3.3.3, 3.4.1, 3.7.10, 3.7.11, 3.7.7, 3.8.1, 3.9.10, 4.1.1, 4.10.7, 4.16.8, 4.17.1, 4.18.1, 4.18.2, 4.20.5, 4.23.5, 4.27.1, 4.28.2, 4.28.5, 4.30.2, 4.4.6, 4.4.7, 4.5.9, 4.7.2, 5.17.1, 5.9.1, 7.1.5, 7.1.6, 7.1.7, 7.10.3, 7.11.8, 7.12.7, 7.13.3, 7.13.7, 7.18.5, 7.20.8, 7.25.3, 7.6.2, 7.6.3, 7.8.4, 7.9.1, 8.11.5, 8.12.6, 8.12.8, 8.35.3, 8.5.13, 8.5.7, 8.50.2, 8.50.5, 8.51.1, 8.53.11, 9.13.5, 9.14.1, 9.14.6<br><strong>Pleiades</strong>: <a href="https://pleiades.stoa.org/places/570406" target="_blank">https://pleiades.stoa.org/places/570406</a><br><strong>ToposText</strong>: <a href="https://topostext.org/place/370225RLak" target="_blank">https://topostext.org/place/370225RLak</a>]]></description>
        <Point><coordinates>22.5,37.001</coordinates></Point>
      </Placemark>

      <Placemark>
        <name>Lakonia Bk3</name>
        <description><![CDATA[<strong>name</strong>: Lakonia Bk3<br><strong>region</strong>: <br><strong>part of</strong>: Peloponnesos<br><strong>altname</strong>: Laconia Lacedaemonia<br><strong>Wikidata</strong>: <a href="https://wikidata.org/wiki/Q11931074" target="_blank">https://wikidata.org/wiki/Q11931074</a><br><strong>type</strong>: chora/region<br><strong>passages</strong>: 1.11.2, 1.13.4, 1.13.5, 1.13.6, 1.13.7, 1.18.4, 1.28.4, 1.38.4, 10.13.10, 10.2.2, 10.38.10, 10.9.5, 10.9.9, 2.18.8, 2.22.6, 2.3.5, 2.9.2, 3.1.1, 3.1.3, 3.1.5, 3.11.1, 3.12.9, 3.14.9, 3.16.9, 3.18.3, 3.20.10, 3.20.11, 3.20.3, 3.21.3, 3.21.6, 3.22.6, 3.23.11, 3.23.6, 3.24.1, 3.24.6, 3.3.3, 3.4.1, 3.7.10, 3.7.11, 3.7.7, 3.8.1, 3.9.10, 4.1.1, 4.10.7, 4.16.8, 4.17.1, 4.18.1, 4.18.2, 4.20.5, 4.23.5, 4.27.1, 4.28.2, 4.28.5, 4.30.2, 4.4.6, 4.4.7, 4.5.9, 4.7.2, 5.17.1, 5.9.1, 7.1.5, 7.1.6, 7.1.7, 7.10.3, 7.11.8, 7.12.7, 7.13.3, 7.13.7, 7.18.5, 7.20.8, 7.25.3, 7.6.2, 7.6.3, 7.8.4, 7.9.1, 8.11.5, 8.12.6, 8.12.8, 8.35.3, 8.5.13, 8.5.7, 8.50.2, 8.50.5, 8.51.1, 8.53.11, 9.13.5, 9.14.1, 9.14.6<br><strong>Pleiades</strong>: <a href="https://pleiades.stoa.org/places/570406" target="_blank">https://pleiades.stoa.org/places/570406</a><br><strong>ToposText</strong>: <a href="https://topostext.org/place/370225RLak" target="_blank">https://topostext.org/place/370225RLak</a>]]></description>
        <Point><coordinates>22.5,37.001</coordinates></Point>
      </Placemark>

      <Placemark>
        <name>Lakonia Bk3</name>
        <description><![CDATA[<strong>name</strong>: Lakonia Bk3<br><strong>region</strong>: <br><strong>part of</strong>: Peloponnesos<br><strong>altname</strong>: Laconia Lacedaemonia<br><strong>Wikidata</strong>: <a href="https://wikidata.org/wiki/Q11931074" target="_blank">https://wikidata.org/wiki/Q11931074</a><br><strong>type</strong>: chora/region<br><strong>passages</strong>: 1.11.2, 1.13.4, 1.13.5, 1.13.6, 1.13.7, 1.18.4, 1.28.4, 1.38.4, 10.13.10, 10.2.2, 10.38.10, 10.9.5, 10.9.9, 2.18.8, 2.22.6, 2.3.5, 2.9.2, 3.1.1, 3.1.3, 3.1.5, 3.11.1, 3.12.9, 3.14.9, 3.16.9, 3.18.3, 3.20.10, 3.20.11, 3.20.3, 3.21.3, 3.21.6, 3.22.6, 3.23.11, 3.23.6, 3.24.1, 3.24.6, 3.3.3, 3.4.1, 3.7.10, 3.7.11, 3.7.7, 3.8.1, 3.9.10, 4.1.1, 4.10.7, 4.16.8, 4.17.1, 4.18.1, 4.18.2, 4.20.5, 4.23.5, 4.27.1, 4.28.2, 4.28.5, 4.30.2, 4.4.6, 4.4.7, 4.5.9, 4.7.2, 5.17.1, 5.9.1, 7.1.5, 7.1.6, 7.1.7, 7.10.3, 7.11.8, 7.12.7, 7.13.3, 7.13.7, 7.18.5, 7.20.8, 7.25.3, 7.6.2, 7.6.3, 7.8.4, 7.9.1, 8.11.5, 8.12.6, 8.12.8, 8.35.3, 8.5.13, 8.5.7, 8.50.2, 8.50.5, 8.51.1, 8.53.11, 9.13.5, 9.14.1, 9.14.6<br><strong>Pleiades</strong>: <a href="https://pleiades.stoa.org/places/570406" target="_blank">https://pleiades.stoa.org/places/570406</a><br><strong>ToposText</strong>: <a href="https://topostext.org/place/370225RLak" target="_blank">https://topostext.org/place/370225RLak</a>]]></description>
        <Point><coordinates>22.5,37.001</coordinates></Point>
      </Placemark>

      <Placemark>
        <name>Lakonia Bk3</name>
        <description><![CDATA[<strong>name</strong>: Lakonia Bk3<br><strong>region</strong>: <br><strong>part of</strong>: Peloponnesos<br><strong>altname</strong>: Laconia Lacedaemonia<br><strong>Wikidata</strong>: <a href="https://wikidata.org/wiki/Q11931074" target="_blank">https://wikidata.org/wiki/Q11931074</a><br><strong>type</strong>: chora/region<br><strong>passages</strong>: 1.11.2, 1.13.4, 1.13.5, 1.13.6, 1.13.7, 1.18.4, 1.28.4, 1.38.4, 10.13.10, 10.2.2, 10.38.10, 10.9.5, 10.9.9, 2.18.8, 2.22.6, 2.3.5, 2.9.2, 3.1.1, 3.1.3, 3.1.5, 3.11.1, 3.12.9, 3.14.9, 3.16.9, 3.18.3, 3.20.10, 3.20.11, 3.20.3, 3.21.3, 3.21.6, 3.22.6, 3.23.11, 3.23.6, 3.24.1, 3.24.6, 3.3.3, 3.4.1, 3.7.10, 3.7.11, 3.7.7, 3.8.1, 3.9.10, 4.1.1, 4.10.7, 4.16.8, 4.17.1, 4.18.1, 4.18.2, 4.20.5, 4.23.5, 4.27.1, 4.28.2, 4.28.5, 4.30.2, 4.4.6, 4.4.7, 4.5.9, 4.7.2, 5.17.1, 5.9.1, 7.1.5, 7.1.6, 7.1.7, 7.10.3, 7.11.8, 7.12.7, 7.13.3, 7.13.7, 7.18.5, 7.20.8, 7.25.3, 7.6.2, 7.6.3, 7.8.4, 7.9.1, 8.11.5, 8.12.6, 8.12.8, 8.35.3, 8.5.13, 8.5.7, 8.50.2, 8.50.5, 8.51.1, 8.53.11, 9.13.5, 9.14.1, 9.14.6<br><strong>Pleiades</strong>: <a href="https://pleiades.stoa.org/places/570406" target="_blank">https://pleiades.stoa.org/places/570406</a><br><strong>ToposText</strong>: <a href="https://topostext.org/place/370225RLak" target="_blank">https://topostext.org/place/370225RLak</a>]]></description>
        <Point><coordinates>22.5,37.001</coordinates></Point>
      </Placemark>

      <Placemark>
        <name>Lakonia Bk3</name>
        <description><![CDATA[<strong>name</strong>: Lakonia Bk3<br><strong>region</strong>: <br><strong>part of</strong>: Peloponnesos<br><strong>altname</strong>: Laconia Lacedaemonia<br><strong>Wikidata</strong>: <a href="https://wikidata.org/wiki/Q11931074" target="_blank">https://wikidata.org/wiki/Q11931074</a><br><strong>type</strong>: chora/region<br><strong>passages</strong>: 1.11.2, 1.13.4, 1.13.5, 1.13.6, 1.13.7, 1.18.4, 1.28.4, 1.38.4, 10.13.10, 10.2.2, 10.38.10, 10.9.5, 10.9.9, 2.18.8, 2.22.6, 2.3.5, 2.9.2, 3.1.1, 3.1.3, 3.1.5, 3.11.1, 3.12.9, 3.14.9, 3.16.9, 3.18.3, 3.20.10, 3.20.11, 3.20.3, 3.21.3, 3.21.6, 3.22.6, 3.23.11, 3.23.6, 3.24.1, 3.24.6, 3.3.3, 3.4.1, 3.7.10, 3.7.11, 3.7.7, 3.8.1, 3.9.10, 4.1.1, 4.10.7, 4.16.8, 4.17.1, 4.18.1, 4.18.2, 4.20.5, 4.23.5, 4.27.1, 4.28.2, 4.28.5, 4.30.2, 4.4.6, 4.4.7, 4.5.9, 4.7.2, 5.17.1, 5.9.1, 7.1.5, 7.1.6, 7.1.7, 7.10.3, 7.11.8, 7.12.7, 7.13.3, 7.13.7, 7.18.5, 7.20.8, 7.25.3, 7.6.2, 7.6.3, 7.8.4, 7.9.1, 8.11.5, 8.12.6, 8.12.8, 8.35.3, 8.5.13, 8.5.7, 8.50.2, 8.50.5, 8.51.1, 8.53.11, 9.13.5, 9.14.1, 9.14.6<br><strong>Pleiades</strong>: <a href="https://pleiades.stoa.org/places/570406" target="_blank">https://pleiades.stoa.org/places/570406</a><br><strong>ToposText</strong>: <a href="https://topostext.org/place/370225RLak" target="_blank">https://topostext.org/place/370225RLak</a>]]></description>
        <Point><coordinates>22.5,37.001</coordinates></Point>
      </Placemark>

      <Placemark>
        <name>Lakonia Bk3</name>
        <description><![CDATA[<strong>name</strong>: Lakonia Bk3<br><strong>region</strong>: <br><strong>part of</strong>: Peloponnesos<br><strong>altname</strong>: Laconia Lacedaemonia<br><strong>Wikidata</strong>: <a href="https://wikidata.org/wiki/Q11931074" target="_blank">https://wikidata.org/wiki/Q11931074</a><br><strong>type</strong>: chora/region<br><strong>passages</strong>: 1.11.2, 1.13.4, 1.13.5, 1.13.6, 1.13.7, 1.18.4, 1.28.4, 1.38.4, 10.13.10, 10.2.2, 10.38.10, 10.9.5, 10.9.9, 2.18.8, 2.22.6, 2.3.5, 2.9.2, 3.1.1, 3.1.3, 3.1.5, 3.11.1, 3.12.9, 3.14.9, 3.16.9, 3.18.3, 3.20.10, 3.20.11, 3.20.3, 3.21.3, 3.21.6, 3.22.6, 3.23.11, 3.23.6, 3.24.1, 3.24.6, 3.3.3, 3.4.1, 3.7.10, 3.7.11, 3.7.7, 3.8.1, 3.9.10, 4.1.1, 4.10.7, 4.16.8, 4.17.1, 4.18.1, 4.18.2, 4.20.5, 4.23.5, 4.27.1, 4.28.2, 4.28.5, 4.30.2, 4.4.6, 4.4.7, 4.5.9, 4.7.2, 5.17.1, 5.9.1, 7.1.5, 7.1.6, 7.1.7, 7.10.3, 7.11.8, 7.12.7, 7.13.3, 7.13.7, 7.18.5, 7.20.8, 7.25.3, 7.6.2, 7.6.3, 7.8.4, 7.9.1, 8.11.5, 8.12.6, 8.12.8, 8.35.3, 8.5.13, 8.5.7, 8.50.2, 8.50.5, 8.51.1, 8.53.11, 9.13.5, 9.14.1, 9.14.6<br><strong>Pleiades</strong>: <a href="https://pleiades.stoa.org/places/570406" target="_blank">https://pleiades.stoa.org/places/570406</a><br><strong>ToposText</strong>: <a href="https://topostext.org/place/370225RLak" target="_blank">https://topostext.org/place/370225RLak</a>]]></description>
        <Point><coordinates>22.5,37.001</coordinates></Point>
      </Placemark>

      <Placemark>
        <name>Lakonia Bk3</name>
        <description><![CDATA[<strong>name</strong>: Lakonia Bk3<br><strong>region</strong>: <br><strong>part of</strong>: Peloponnesos<br><strong>altname</strong>: Laconia Lacedaemonia<br><strong>Wikidata</strong>: <a href="https://wikidata.org/wiki/Q11931074" target="_blank">https://wikidata.org/wiki/Q11931074</a><br><strong>type</strong>: chora/region<br><strong>passages</strong>: 1.11.2, 1.13.4, 1.13.5, 1.13.6, 1.13.7, 1.18.4, 1.28.4, 1.38.4, 10.13.10, 10.2.2, 10.38.10, 10.9.5, 10.9.9, 2.18.8, 2.22.6, 2.3.5, 2.9.2, 3.1.1, 3.1.3, 3.1.5, 3.11.1, 3.12.9, 3.14.9, 3.16.9, 3.18.3, 3.20.10, 3.20.11, 3.20.3, 3.21.3, 3.21.6, 3.22.6, 3.23.11, 3.23.6, 3.24.1, 3.24.6, 3.3.3, 3.4.1, 3.7.10, 3.7.11, 3.7.7, 3.8.1, 3.9.10, 4.1.1, 4.10.7, 4.16.8, 4.17.1, 4.18.1, 4.18.2, 4.20.5, 4.23.5, 4.27.1, 4.28.2, 4.28.5, 4.30.2, 4.4.6, 4.4.7, 4.5.9, 4.7.2, 5.17.1, 5.9.1, 7.1.5, 7.1.6, 7.1.7, 7.10.3, 7.11.8, 7.12.7, 7.13.3, 7.13.7, 7.18.5, 7.20.8, 7.25.3, 7.6.2, 7.6.3, 7.8.4, 7.9.1, 8.11.5, 8.12.6, 8.12.8, 8.35.3, 8.5.13, 8.5.7, 8.50.2, 8.50.5, 8.51.1, 8.53.11, 9.13.5, 9.14.1, 9.14.6<br><strong>Pleiades</strong>: <a href="https://pleiades.stoa.org/places/570406" target="_blank">https://pleiades.stoa.org/places/570406</a><br><strong>ToposText</strong>: <a href="https://topostext.org/place/370225RLak" target="_blank">https://topostext.org/place/370225RLak</a>]]></description>
        <Point><coordinates>22.5,37.001</coordinates></Point>
      </Placemark>

      <Placemark>
        <name>Lakonia Bk3</name>
        <description><![CDATA[<strong>name</strong>: Lakonia Bk3<br><strong>region</strong>: <br><strong>part of</strong>: Peloponnesos<br><strong>altname</strong>: Laconia Lacedaemonia<br><strong>Wikidata</strong>: <a href="https://wikidata.org/wiki/Q11931074" target="_blank">https://wikidata.org/wiki/Q11931074</a><br><strong>type</strong>: chora/region<br><strong>passages</strong>: 1.11.2, 1.13.4, 1.13.5, 1.13.6, 1.13.7, 1.18.4, 1.28.4, 1.38.4, 10.13.10, 10.2.2, 10.38.10, 10.9.5, 10.9.9, 2.18.8, 2.22.6, 2.3.5, 2.9.2, 3.1.1, 3.1.3, 3.1.5, 3.11.1, 3.12.9, 3.14.9, 3.16.9, 3.18.3, 3.20.10, 3.20.11, 3.20.3, 3.21.3, 3.21.6, 3.22.6, 3.23.11, 3.23.6, 3.24.1, 3.24.6, 3.3.3, 3.4.1, 3.7.10, 3.7.11, 3.7.7, 3.8.1, 3.9.10, 4.1.1, 4.10.7, 4.16.8, 4.17.1, 4.18.1, 4.18.2, 4.20.5, 4.23.5, 4.27.1, 4.28.2, 4.28.5, 4.30.2, 4.4.6, 4.4.7, 4.5.9, 4.7.2, 5.17.1, 5.9.1, 7.1.5, 7.1.6, 7.1.7, 7.10.3, 7.11.8, 7.12.7, 7.13.3, 7.13.7, 7.18.5, 7.20.8, 7.25.3, 7.6.2, 7.6.3, 7.8.4, 7.9.1, 8.11.5, 8.12.6, 8.12.8, 8.35.3, 8.5.13, 8.5.7, 8.50.2, 8.50.5, 8.51.1, 8.53.11, 9.13.5, 9.14.1, 9.14.6<br><strong>Pleiades</strong>: <a href="https://pleiades.stoa.org/places/570406" target="_blank">https://pleiades.stoa.org/places/570406</a><br><strong>ToposText</strong>: <a href="https://topostext.org/place/370225RLak" target="_blank">https://topostext.org/place/370225RLak</a>]]></description>
        <Point><coordinates>22.5,37.001</coordinates></Point>
      </Placemark>

      <Placemark>
        <name>Lakonia Bk3</name>
        <description><![CDATA[<strong>name</strong>: Lakonia Bk3<br><strong>region</strong>: <br><strong>part of</strong>: Peloponnesos<br><strong>altname</strong>: Laconia Lacedaemonia<br><strong>Wikidata</strong>: <a href="https://wikidata.org/wiki/Q11931074" target="_blank">https://wikidata.org/wiki/Q11931074</a><br><strong>type</strong>: chora/region<br><strong>passages</strong>: 1.11.2, 1.13.4, 1.13.5, 1.13.6, 1.13.7, 1.18.4, 1.28.4, 1.38.4, 10.13.10, 10.2.2, 10.38.10, 10.9.5, 10.9.9, 2.18.8, 2.22.6, 2.3.5, 2.9.2, 3.1.1, 3.1.3, 3.1.5, 3.11.1, 3.12.9, 3.14.9, 3.16.9, 3.18.3, 3.20.10, 3.20.11, 3.20.3, 3.21.3, 3.21.6, 3.22.6, 3.23.11, 3.23.6, 3.24.1, 3.24.6, 3.3.3, 3.4.1, 3.7.10, 3.7.11, 3.7.7, 3.8.1, 3.9.10, 4.1.1, 4.10.7, 4.16.8, 4.17.1, 4.18.1, 4.18.2, 4.20.5, 4.23.5, 4.27.1, 4.28.2, 4.28.5, 4.30.2, 4.4.6, 4.4.7, 4.5.9, 4.7.2, 5.17.1, 5.9.1, 7.1.5, 7.1.6, 7.1.7, 7.10.3, 7.11.8, 7.12.7, 7.13.3, 7.13.7, 7.18.5, 7.20.8, 7.25.3, 7.6.2, 7.6.3, 7.8.4, 7.9.1, 8.11.5, 8.12.6, 8.12.8, 8.35.3, 8.5.13, 8.5.7, 8.50.2, 8.50.5, 8.51.1, 8.53.11, 9.13.5, 9.14.1, 9.14.6<br><strong>Pleiades</strong>: <a href="https://pleiades.stoa.org/places/570406" target="_blank">https://pleiades.stoa.org/places/570406</a><br><strong>ToposText</strong>: <a href="https://topostext.org/place/370225RLak" target="_blank">https://topostext.org/place/370225RLak</a>]]></description>
        <Point><coordinates>22.5,37.001</coordinates></Point>
      </Placemark>

      <Placemark>
        <name>Lakonia Bk3</name>
        <description><![CDATA[<strong>name</strong>: Lakonia Bk3<br><strong>region</strong>: <br><strong>part of</strong>: Peloponnesos<br><strong>altname</strong>: Laconia Lacedaemonia<br><strong>Wikidata</strong>: <a href="https://wikidata.org/wiki/Q11931074" target="_blank">https://wikidata.org/wiki/Q11931074</a><br><strong>type</strong>: chora/region<br><strong>passages</strong>: 1.11.2, 1.13.4, 1.13.5, 1.13.6, 1.13.7, 1.18.4, 1.28.4, 1.38.4, 10.13.10, 10.2.2, 10.38.10, 10.9.5, 10.9.9, 2.18.8, 2.22.6, 2.3.5, 2.9.2, 3.1.1, 3.1.3, 3.1.5, 3.11.1, 3.12.9, 3.14.9, 3.16.9, 3.18.3, 3.20.10, 3.20.11, 3.20.3, 3.21.3, 3.21.6, 3.22.6, 3.23.11, 3.23.6, 3.24.1, 3.24.6, 3.3.3, 3.4.1, 3.7.10, 3.7.11, 3.7.7, 3.8.1, 3.9.10, 4.1.1, 4.10.7, 4.16.8, 4.17.1, 4.18.1, 4.18.2, 4.20.5, 4.23.5, 4.27.1, 4.28.2, 4.28.5, 4.30.2, 4.4.6, 4.4.7, 4.5.9, 4.7.2, 5.17.1, 5.9.1, 7.1.5, 7.1.6, 7.1.7, 7.10.3, 7.11.8, 7.12.7, 7.13.3, 7.13.7, 7.18.5, 7.20.8, 7.25.3, 7.6.2, 7.6.3, 7.8.4, 7.9.1, 8.11.5, 8.12.6, 8.12.8, 8.35.3, 8.5.13, 8.5.7, 8.50.2, 8.50.5, 8.51.1, 8.53.11, 9.13.5, 9.14.1, 9.14.6<br><strong>Pleiades</strong>: <a href="https://pleiades.stoa.org/places/570406" target="_blank">https://pleiades.stoa.org/places/570406</a><br><strong>ToposText</strong>: <a href="https://topostext.org/place/370225RLak" target="_blank">https://topostext.org/place/370225RLak</a>]]></description>
        <Point><coordinates>22.5,37.001</coordinates></Point>
      </Placemark>

      <Placemark>
        <name>Lakonia Bk3</name>
        <description><![CDATA[<strong>name</strong>: Lakonia Bk3<br><strong>region</strong>: <br><strong>part of</strong>: Peloponnesos<br><strong>altname</strong>: Laconia Lacedaemonia<br><strong>Wikidata</strong>: <a href="https://wikidata.org/wiki/Q11931074" target="_blank">https://wikidata.org/wiki/Q11931074</a><br><strong>type</strong>: chora/region<br><strong>passages</strong>: 1.11.2, 1.13.4, 1.13.5, 1.13.6, 1.13.7, 1.18.4, 1.28.4, 1.38.4, 10.13.10, 10.2.2, 10.38.10, 10.9.5, 10.9.9, 2.18.8, 2.22.6, 2.3.5, 2.9.2, 3.1.1, 3.1.3, 3.1.5, 3.11.1, 3.12.9, 3.14.9, 3.16.9, 3.18.3, 3.20.10, 3.20.11, 3.20.3, 3.21.3, 3.21.6, 3.22.6, 3.23.11, 3.23.6, 3.24.1, 3.24.6, 3.3.3, 3.4.1, 3.7.10, 3.7.11, 3.7.7, 3.8.1, 3.9.10, 4.1.1, 4.10.7, 4.16.8, 4.17.1, 4.18.1, 4.18.2, 4.20.5, 4.23.5, 4.27.1, 4.28.2, 4.28.5, 4.30.2, 4.4.6, 4.4.7, 4.5.9, 4.7.2, 5.17.1, 5.9.1, 7.1.5, 7.1.6, 7.1.7, 7.10.3, 7.11.8, 7.12.7, 7.13.3, 7.13.7, 7.18.5, 7.20.8, 7.25.3, 7.6.2, 7.6.3, 7.8.4, 7.9.1, 8.11.5, 8.12.6, 8.12.8, 8.35.3, 8.5.13, 8.5.7, 8.50.2, 8.50.5, 8.51.1, 8.53.11, 9.13.5, 9.14.1, 9.14.6<br><strong>Pleiades</strong>: <a href="https://pleiades.stoa.org/places/570406" target="_blank">https://pleiades.stoa.org/places/570406</a><br><strong>ToposText</strong>: <a href="https://topostext.org/place/370225RLak" target="_blank">https://topostext.org/place/370225RLak</a>]]></description>
        <Point><coordinates>22.5,37.001</coordinates></Point>
      </Placemark>

      <Placemark>
        <name>Lakonia Bk3</name>
        <description><![CDATA[<strong>name</strong>: Lakonia Bk3<br><strong>region</strong>: <br><strong>part of</strong>: Peloponnesos<br><strong>altname</strong>: Laconia Lacedaemonia<br><strong>Wikidata</strong>: <a href="https://wikidata.org/wiki/Q11931074" target="_blank">https://wikidata.org/wiki/Q11931074</a><br><strong>type</strong>: chora/region<br><strong>passages</strong>: 1.11.2, 1.13.4, 1.13.5, 1.13.6, 1.13.7, 1.18.4, 1.28.4, 1.38.4, 10.13.10, 10.2.2, 10.38.10, 10.9.5, 10.9.9, 2.18.8, 2.22.6, 2.3.5, 2.9.2, 3.1.1, 3.1.3, 3.1.5, 3.11.1, 3.12.9, 3.14.9, 3.16.9, 3.18.3, 3.20.10, 3.20.11, 3.20.3, 3.21.3, 3.21.6, 3.22.6, 3.23.11, 3.23.6, 3.24.1, 3.24.6, 3.3.3, 3.4.1, 3.7.10, 3.7.11, 3.7.7, 3.8.1, 3.9.10, 4.1.1, 4.10.7, 4.16.8, 4.17.1, 4.18.1, 4.18.2, 4.20.5, 4.23.5, 4.27.1, 4.28.2, 4.28.5, 4.30.2, 4.4.6, 4.4.7, 4.5.9, 4.7.2, 5.17.1, 5.9.1, 7.1.5, 7.1.6, 7.1.7, 7.10.3, 7.11.8, 7.12.7, 7.13.3, 7.13.7, 7.18.5, 7.20.8, 7.25.3, 7.6.2, 7.6.3, 7.8.4, 7.9.1, 8.11.5, 8.12.6, 8.12.8, 8.35.3, 8.5.13, 8.5.7, 8.50.2, 8.50.5, 8.51.1, 8.53.11, 9.13.5, 9.14.1, 9.14.6<br><strong>Pleiades</strong>: <a href="https://pleiades.stoa.org/places/570406" target="_blank">https://pleiades.stoa.org/places/570406</a><br><strong>ToposText</strong>: <a href="https://topostext.org/place/370225RLak" target="_blank">https://topostext.org/place/370225RLak</a>]]></description>
        <Point><coordinates>22.5,37.001</coordinates></Point>
      </Placemark>

      <Placemark>
        <name>Lakonia Bk3</name>
        <description><![CDATA[<strong>name</strong>: Lakonia Bk3<br><strong>region</strong>: <br><strong>part of</strong>: Peloponnesos<br><strong>altname</strong>: Laconia Lacedaemonia<br><strong>Wikidata</strong>: <a href="https://wikidata.org/wiki/Q11931074" target="_blank">https://wikidata.org/wiki/Q11931074</a><br><strong>type</strong>: chora/region<br><strong>passages</strong>: 1.11.2, 1.13.4, 1.13.5, 1.13.6, 1.13.7, 1.18.4, 1.28.4, 1.38.4, 10.13.10, 10.2.2, 10.38.10, 10.9.5, 10.9.9, 2.18.8, 2.22.6, 2.3.5, 2.9.2, 3.1.1, 3.1.3, 3.1.5, 3.11.1, 3.12.9, 3.14.9, 3.16.9, 3.18.3, 3.20.10, 3.20.11, 3.20.3, 3.21.3, 3.21.6, 3.22.6, 3.23.11, 3.23.6, 3.24.1, 3.24.6, 3.3.3, 3.4.1, 3.7.10, 3.7.11, 3.7.7, 3.8.1, 3.9.10, 4.1.1, 4.10.7, 4.16.8, 4.17.1, 4.18.1, 4.18.2, 4.20.5, 4.23.5, 4.27.1, 4.28.2, 4.28.5, 4.30.2, 4.4.6, 4.4.7, 4.5.9, 4.7.2, 5.17.1, 5.9.1, 7.1.5, 7.1.6, 7.1.7, 7.10.3, 7.11.8, 7.12.7, 7.13.3, 7.13.7, 7.18.5, 7.20.8, 7.25.3, 7.6.2, 7.6.3, 7.8.4, 7.9.1, 8.11.5, 8.12.6, 8.12.8, 8.35.3, 8.5.13, 8.5.7, 8.50.2, 8.50.5, 8.51.1, 8.53.11, 9.13.5, 9.14.1, 9.14.6<br><strong>Pleiades</strong>: <a href="https://pleiades.stoa.org/places/570406" target="_blank">https://pleiades.stoa.org/places/570406</a><br><strong>ToposText</strong>: <a href="https://topostext.org/place/370225RLak" target="_blank">https://topostext.org/place/370225RLak</a>]]></description>
        <Point><coordinates>22.5,37.001</coordinates></Point>
      </Placemark>

      <Placemark>
        <name>Lakonia Bk3</name>
        <description><![CDATA[<strong>name</strong>: Lakonia Bk3<br><strong>region</strong>: <br><strong>part of</strong>: Peloponnesos<br><strong>altname</strong>: Laconia Lacedaemonia<br><strong>Wikidata</strong>: <a href="https://wikidata.org/wiki/Q11931074" target="_blank">https://wikidata.org/wiki/Q11931074</a><br><strong>type</strong>: chora/region<br><strong>passages</strong>: 1.11.2, 1.13.4, 1.13.5, 1.13.6, 1.13.7, 1.18.4, 1.28.4, 1.38.4, 10.13.10, 10.2.2, 10.38.10, 10.9.5, 10.9.9, 2.18.8, 2.22.6, 2.3.5, 2.9.2, 3.1.1, 3.1.3, 3.1.5, 3.11.1, 3.12.9, 3.14.9, 3.16.9, 3.18.3, 3.20.10, 3.20.11, 3.20.3, 3.21.3, 3.21.6, 3.22.6, 3.23.11, 3.23.6, 3.24.1, 3.24.6, 3.3.3, 3.4.1, 3.7.10, 3.7.11, 3.7.7, 3.8.1, 3.9.10, 4.1.1, 4.10.7, 4.16.8, 4.17.1, 4.18.1, 4.18.2, 4.20.5, 4.23.5, 4.27.1, 4.28.2, 4.28.5, 4.30.2, 4.4.6, 4.4.7, 4.5.9, 4.7.2, 5.17.1, 5.9.1, 7.1.5, 7.1.6, 7.1.7, 7.10.3, 7.11.8, 7.12.7, 7.13.3, 7.13.7, 7.18.5, 7.20.8, 7.25.3, 7.6.2, 7.6.3, 7.8.4, 7.9.1, 8.11.5, 8.12.6, 8.12.8, 8.35.3, 8.5.13, 8.5.7, 8.50.2, 8.50.5, 8.51.1, 8.53.11, 9.13.5, 9.14.1, 9.14.6<br><strong>Pleiades</strong>: <a href="https://pleiades.stoa.org/places/570406" target="_blank">https://pleiades.stoa.org/places/570406</a><br><strong>ToposText</strong>: <a href="https://topostext.org/place/370225RLak" target="_blank">https://topostext.org/place/370225RLak</a>]]></description>
        <Point><coordinates>22.5,37.001</coordinates></Point>
      </Placemark>

      <Placemark>
        <name>Lakonia Bk3</name>
        <description><![CDATA[<strong>name</strong>: Lakonia Bk3<br><strong>region</strong>: <br><strong>part of</strong>: Peloponnesos<br><strong>altname</strong>: Laconia Lacedaemonia<br><strong>Wikidata</strong>: <a href="https://wikidata.org/wiki/Q11931074" target="_blank">https://wikidata.org/wiki/Q11931074</a><br><strong>type</strong>: chora/region<br><strong>passages</strong>: 1.11.2, 1.13.4, 1.13.5, 1.13.6, 1.13.7, 1.18.4, 1.28.4, 1.38.4, 10.13.10, 10.2.2, 10.38.10, 10.9.5, 10.9.9, 2.18.8, 2.22.6, 2.3.5, 2.9.2, 3.1.1, 3.1.3, 3.1.5, 3.11.1, 3.12.9, 3.14.9, 3.16.9, 3.18.3, 3.20.10, 3.20.11, 3.20.3, 3.21.3, 3.21.6, 3.22.6, 3.23.11, 3.23.6, 3.24.1, 3.24.6, 3.3.3, 3.4.1, 3.7.10, 3.7.11, 3.7.7, 3.8.1, 3.9.10, 4.1.1, 4.10.7, 4.16.8, 4.17.1, 4.18.1, 4.18.2, 4.20.5, 4.23.5, 4.27.1, 4.28.2, 4.28.5, 4.30.2, 4.4.6, 4.4.7, 4.5.9, 4.7.2, 5.17.1, 5.9.1, 7.1.5, 7.1.6, 7.1.7, 7.10.3, 7.11.8, 7.12.7, 7.13.3, 7.13.7, 7.18.5, 7.20.8, 7.25.3, 7.6.2, 7.6.3, 7.8.4, 7.9.1, 8.11.5, 8.12.6, 8.12.8, 8.35.3, 8.5.13, 8.5.7, 8.50.2, 8.50.5, 8.51.1, 8.53.11, 9.13.5, 9.14.1, 9.14.6<br><strong>Pleiades</strong>: <a href="https://pleiades.stoa.org/places/570406" target="_blank">https://pleiades.stoa.org/places/570406</a><br><strong>ToposText</strong>: <a href="https://topostext.org/place/370225RLak" target="_blank">https://topostext.org/place/370225RLak</a>]]></description>
        <Point><coordinates>22.5,37.001</coordinates></Point>
      </Placemark>

      <Placemark>
        <name>Lakonia Bk3</name>
        <description><![CDATA[<strong>name</strong>: Lakonia Bk3<br><strong>region</strong>: <br><strong>part of</strong>: Peloponnesos<br><strong>altname</strong>: Laconia Lacedaemonia<br><strong>Wikidata</strong>: <a href="https://wikidata.org/wiki/Q11931074" target="_blank">https://wikidata.org/wiki/Q11931074</a><br><strong>type</strong>: chora/region<br><strong>passages</strong>: 1.11.2, 1.13.4, 1.13.5, 1.13.6, 1.13.7, 1.18.4, 1.28.4, 1.38.4, 10.13.10, 10.2.2, 10.38.10, 10.9.5, 10.9.9, 2.18.8, 2.22.6, 2.3.5, 2.9.2, 3.1.1, 3.1.3, 3.1.5, 3.11.1, 3.12.9, 3.14.9, 3.16.9, 3.18.3, 3.20.10, 3.20.11, 3.20.3, 3.21.3, 3.21.6, 3.22.6, 3.23.11, 3.23.6, 3.24.1, 3.24.6, 3.3.3, 3.4.1, 3.7.10, 3.7.11, 3.7.7, 3.8.1, 3.9.10, 4.1.1, 4.10.7, 4.16.8, 4.17.1, 4.18.1, 4.18.2, 4.20.5, 4.23.5, 4.27.1, 4.28.2, 4.28.5, 4.30.2, 4.4.6, 4.4.7, 4.5.9, 4.7.2, 5.17.1, 5.9.1, 7.1.5, 7.1.6, 7.1.7, 7.10.3, 7.11.8, 7.12.7, 7.13.3, 7.13.7, 7.18.5, 7.20.8, 7.25.3, 7.6.2, 7.6.3, 7.8.4, 7.9.1, 8.11.5, 8.12.6, 8.12.8, 8.35.3, 8.5.13, 8.5.7, 8.50.2, 8.50.5, 8.51.1, 8.53.11, 9.13.5, 9.14.1, 9.14.6<br><strong>Pleiades</strong>: <a href="https://pleiades.stoa.org/places/570406" target="_blank">https://pleiades.stoa.org/places/570406</a><br><strong>ToposText</strong>: <a href="https://topostext.org/place/370225RLak" target="_blank">https://topostext.org/place/370225RLak</a>]]></description>
        <Point><coordinates>22.5,37.001</coordinates></Point>
      </Placemark>

      <Placemark>
        <name>Lakonia Bk3</name>
        <description><![CDATA[<strong>name</strong>: Lakonia Bk3<br><strong>region</strong>: <br><strong>part of</strong>: Peloponnesos<br><strong>altname</strong>: Laconia Lacedaemonia<br><strong>Wikidata</strong>: <a href="https://wikidata.org/wiki/Q11931074" target="_blank">https://wikidata.org/wiki/Q11931074</a><br><strong>type</strong>: chora/region<br><strong>passages</strong>: 1.11.2, 1.13.4, 1.13.5, 1.13.6, 1.13.7, 1.18.4, 1.28.4, 1.38.4, 10.13.10, 10.2.2, 10.38.10, 10.9.5, 10.9.9, 2.18.8, 2.22.6, 2.3.5, 2.9.2, 3.1.1, 3.1.3, 3.1.5, 3.11.1, 3.12.9, 3.14.9, 3.16.9, 3.18.3, 3.20.10, 3.20.11, 3.20.3, 3.21.3, 3.21.6, 3.22.6, 3.23.11, 3.23.6, 3.24.1, 3.24.6, 3.3.3, 3.4.1, 3.7.10, 3.7.11, 3.7.7, 3.8.1, 3.9.10, 4.1.1, 4.10.7, 4.16.8, 4.17.1, 4.18.1, 4.18.2, 4.20.5, 4.23.5, 4.27.1, 4.28.2, 4.28.5, 4.30.2, 4.4.6, 4.4.7, 4.5.9, 4.7.2, 5.17.1, 5.9.1, 7.1.5, 7.1.6, 7.1.7, 7.10.3, 7.11.8, 7.12.7, 7.13.3, 7.13.7, 7.18.5, 7.20.8, 7.25.3, 7.6.2, 7.6.3, 7.8.4, 7.9.1, 8.11.5, 8.12.6, 8.12.8, 8.35.3, 8.5.13, 8.5.7, 8.50.2, 8.50.5, 8.51.1, 8.53.11, 9.13.5, 9.14.1, 9.14.6<br><strong>Pleiades</strong>: <a href="https://pleiades.stoa.org/places/570406" target="_blank">https://pleiades.stoa.org/places/570406</a><br><strong>ToposText</strong>: <a href="https://topostext.org/place/370225RLak" target="_blank">https://topostext.org/place/370225RLak</a>]]></description>
        <Point><coordinates>22.5,37.001</coordinates></Point>
      </Placemark>

      <Placemark>
        <name>Lakonia Bk3</name>
        <description><![CDATA[<strong>name</strong>: Lakonia Bk3<br><strong>region</strong>: <br><strong>part of</strong>: Peloponnesos<br><strong>altname</strong>: Laconia Lacedaemonia<br><strong>Wikidata</strong>: <a href="https://wikidata.org/wiki/Q11931074" target="_blank">https://wikidata.org/wiki/Q11931074</a><br><strong>type</strong>: chora/region<br><strong>passages</strong>: 1.11.2, 1.13.4, 1.13.5, 1.13.6, 1.13.7, 1.18.4, 1.28.4, 1.38.4, 10.13.10, 10.2.2, 10.38.10, 10.9.5, 10.9.9, 2.18.8, 2.22.6, 2.3.5, 2.9.2, 3.1.1, 3.1.3, 3.1.5, 3.11.1, 3.12.9, 3.14.9, 3.16.9, 3.18.3, 3.20.10, 3.20.11, 3.20.3, 3.21.3, 3.21.6, 3.22.6, 3.23.11, 3.23.6, 3.24.1, 3.24.6, 3.3.3, 3.4.1, 3.7.10, 3.7.11, 3.7.7, 3.8.1, 3.9.10, 4.1.1, 4.10.7, 4.16.8, 4.17.1, 4.18.1, 4.18.2, 4.20.5, 4.23.5, 4.27.1, 4.28.2, 4.28.5, 4.30.2, 4.4.6, 4.4.7, 4.5.9, 4.7.2, 5.17.1, 5.9.1, 7.1.5, 7.1.6, 7.1.7, 7.10.3, 7.11.8, 7.12.7, 7.13.3, 7.13.7, 7.18.5, 7.20.8, 7.25.3, 7.6.2, 7.6.3, 7.8.4, 7.9.1, 8.11.5, 8.12.6, 8.12.8, 8.35.3, 8.5.13, 8.5.7, 8.50.2, 8.50.5, 8.51.1, 8.53.11, 9.13.5, 9.14.1, 9.14.6<br><strong>Pleiades</strong>: <a href="https://pleiades.stoa.org/places/570406" target="_blank">https://pleiades.stoa.org/places/570406</a><br><strong>ToposText</strong>: <a href="https://topostext.org/place/370225RLak" target="_blank">https://topostext.org/place/370225RLak</a>]]></description>
        <Point><coordinates>22.5,37.001</coordinates></Point>
      </Placemark>

      <Placemark>
        <name>Lakonia Bk3</name>
        <description><![CDATA[<strong>name</strong>: Lakonia Bk3<br><strong>region</strong>: <br><strong>part of</strong>: Peloponnesos<br><strong>altname</strong>: Laconia Lacedaemonia<br><strong>Wikidata</strong>: <a href="https://wikidata.org/wiki/Q11931074" target="_blank">https://wikidata.org/wiki/Q11931074</a><br><strong>type</strong>: chora/region<br><strong>passages</strong>: 1.11.2, 1.13.4, 1.13.5, 1.13.6, 1.13.7, 1.18.4, 1.28.4, 1.38.4, 10.13.10, 10.2.2, 10.38.10, 10.9.5, 10.9.9, 2.18.8, 2.22.6, 2.3.5, 2.9.2, 3.1.1, 3.1.3, 3.1.5, 3.11.1, 3.12.9, 3.14.9, 3.16.9, 3.18.3, 3.20.10, 3.20.11, 3.20.3, 3.21.3, 3.21.6, 3.22.6, 3.23.11, 3.23.6, 3.24.1, 3.24.6, 3.3.3, 3.4.1, 3.7.10, 3.7.11, 3.7.7, 3.8.1, 3.9.10, 4.1.1, 4.10.7, 4.16.8, 4.17.1, 4.18.1, 4.18.2, 4.20.5, 4.23.5, 4.27.1, 4.28.2, 4.28.5, 4.30.2, 4.4.6, 4.4.7, 4.5.9, 4.7.2, 5.17.1, 5.9.1, 7.1.5, 7.1.6, 7.1.7, 7.10.3, 7.11.8, 7.12.7, 7.13.3, 7.13.7, 7.18.5, 7.20.8, 7.25.3, 7.6.2, 7.6.3, 7.8.4, 7.9.1, 8.11.5, 8.12.6, 8.12.8, 8.35.3, 8.5.13, 8.5.7, 8.50.2, 8.50.5, 8.51.1, 8.53.11, 9.13.5, 9.14.1, 9.14.6<br><strong>Pleiades</strong>: <a href="https://pleiades.stoa.org/places/570406" target="_blank">https://pleiades.stoa.org/places/570406</a><br><strong>ToposText</strong>: <a href="https://topostext.org/place/370225RLak" target="_blank">https://topostext.org/place/370225RLak</a>]]></description>
        <Point><coordinates>22.5,37.001</coordinates></Point>
      </Placemark>

      <Placemark>
        <name>Lakonia Bk3</name>
        <description><![CDATA[<strong>name</strong>: Lakonia Bk3<br><strong>region</strong>: <br><strong>part of</strong>: Peloponnesos<br><strong>altname</strong>: Laconia Lacedaemonia<br><strong>Wikidata</strong>: <a href="https://wikidata.org/wiki/Q11931074" target="_blank">https://wikidata.org/wiki/Q11931074</a><br><strong>type</strong>: chora/region<br><strong>passages</strong>: 1.11.2, 1.13.4, 1.13.5, 1.13.6, 1.13.7, 1.18.4, 1.28.4, 1.38.4, 10.13.10, 10.2.2, 10.38.10, 10.9.5, 10.9.9, 2.18.8, 2.22.6, 2.3.5, 2.9.2, 3.1.1, 3.1.3, 3.1.5, 3.11.1, 3.12.9, 3.14.9, 3.16.9, 3.18.3, 3.20.10, 3.20.11, 3.20.3, 3.21.3, 3.21.6, 3.22.6, 3.23.11, 3.23.6, 3.24.1, 3.24.6, 3.3.3, 3.4.1, 3.7.10, 3.7.11, 3.7.7, 3.8.1, 3.9.10, 4.1.1, 4.10.7, 4.16.8, 4.17.1, 4.18.1, 4.18.2, 4.20.5, 4.23.5, 4.27.1, 4.28.2, 4.28.5, 4.30.2, 4.4.6, 4.4.7, 4.5.9, 4.7.2, 5.17.1, 5.9.1, 7.1.5, 7.1.6, 7.1.7, 7.10.3, 7.11.8, 7.12.7, 7.13.3, 7.13.7, 7.18.5, 7.20.8, 7.25.3, 7.6.2, 7.6.3, 7.8.4, 7.9.1, 8.11.5, 8.12.6, 8.12.8, 8.35.3, 8.5.13, 8.5.7, 8.50.2, 8.50.5, 8.51.1, 8.53.11, 9.13.5, 9.14.1, 9.14.6<br><strong>Pleiades</strong>: <a href="https://pleiades.stoa.org/places/570406" target="_blank">https://pleiades.stoa.org/places/570406</a><br><strong>ToposText</strong>: <a href="https://topostext.org/place/370225RLak" target="_blank">https://topostext.org/place/370225RLak</a>]]></description>
        <Point><coordinates>22.5,37.001</coordinates></Point>
      </Placemark>

      <Placemark>
        <name>Lakonia Bk3</name>
        <description><![CDATA[<strong>name</strong>: Lakonia Bk3<br><strong>region</strong>: <br><strong>part of</strong>: Peloponnesos<br><strong>altname</strong>: Laconia Lacedaemonia<br><strong>Wikidata</strong>: <a href="https://wikidata.org/wiki/Q11931074" target="_blank">https://wikidata.org/wiki/Q11931074</a><br><strong>type</strong>: chora/region<br><strong>passages</strong>: 1.11.2, 1.13.4, 1.13.5, 1.13.6, 1.13.7, 1.18.4, 1.28.4, 1.38.4, 10.13.10, 10.2.2, 10.38.10, 10.9.5, 10.9.9, 2.18.8, 2.22.6, 2.3.5, 2.9.2, 3.1.1, 3.1.3, 3.1.5, 3.11.1, 3.12.9, 3.14.9, 3.16.9, 3.18.3, 3.20.10, 3.20.11, 3.20.3, 3.21.3, 3.21.6, 3.22.6, 3.23.11, 3.23.6, 3.24.1, 3.24.6, 3.3.3, 3.4.1, 3.7.10, 3.7.11, 3.7.7, 3.8.1, 3.9.10, 4.1.1, 4.10.7, 4.16.8, 4.17.1, 4.18.1, 4.18.2, 4.20.5, 4.23.5, 4.27.1, 4.28.2, 4.28.5, 4.30.2, 4.4.6, 4.4.7, 4.5.9, 4.7.2, 5.17.1, 5.9.1, 7.1.5, 7.1.6, 7.1.7, 7.10.3, 7.11.8, 7.12.7, 7.13.3, 7.13.7, 7.18.5, 7.20.8, 7.25.3, 7.6.2, 7.6.3, 7.8.4, 7.9.1, 8.11.5, 8.12.6, 8.12.8, 8.35.3, 8.5.13, 8.5.7, 8.50.2, 8.50.5, 8.51.1, 8.53.11, 9.13.5, 9.14.1, 9.14.6<br><strong>Pleiades</strong>: <a href="https://pleiades.stoa.org/places/570406" target="_blank">https://pleiades.stoa.org/places/570406</a><br><strong>ToposText</strong>: <a href="https://topostext.org/place/370225RLak" target="_blank">https://topostext.org/place/370225RLak</a>]]></description>
        <Point><coordinates>22.5,37.001</coordinates></Point>
      </Placemark>
    </Document>
  </kml>