BookID,Place,Links,Lat,Lon,Type,Description
2.1.1,Ἀργείας,http://pleiades.stoa.org/places/570104,37.6566371145232,22.92059272180843,region," - "
2.1.1,Ἀσωπίαν,http://pleiades.stoa.org/places/570668,37.98336,22.71135,settlement," - "
2.1.1,Ἀττικὴν,http://pleiades.stoa.org/places/579888,38.051998833333336,23.818991099999998,region," - "
2.1.1,Ἀττικῆς,http://pleiades.stoa.org/places/579888,38.051998833333336,23.818991099999998,region," - "
2.1.1,γῇ,http://pleiades.stoa.org/places/570180,37.798572,22.834379,region," - "
2.1.1,Ἐφυραίαν,http://pleiades.stoa.org/places/570182,37.906045,22.878721,"sanctuary,settlement,fort"," - "
2.1.1,Κορινθία,http://pleiades.stoa.org/places/570182,37.906045,22.878721,"sanctuary,settlement,fort"," - "
2.1.1,Κορινθίων,http://pleiades.stoa.org/places/570182,37.906045,22.878721,"sanctuary,settlement,fort"," - "
2.1.1,παραθαλάσσια,http://pleiades.stoa.org/places/580021,38.1465515,23.970146,settlement," - "
2.1.1,Πελοπόννησον,http://pleiades.stoa.org/places/570577,37.25289777692308,22.312752688461543,"peninsula,region"," - "
2.1.2,Ἀχαιοὺς,http://topostext.org/place/382219RAch,38.2,21.9,NULL," - "
2.1.2,Ἀχαιῶν,http://pleiades.stoa.org/places/570028,38.102121472776034,22.224585911364017,region," - historical|to synedrion to Achaiōn|proxy|Q244796the Achaian League"
2.1.2,Ἀχαιῶν,http://pleiades.stoa.org/places/570028,38.102121472776034,22.224585911364017,region," - "
2.1.2,Ἑλλήνων,http://pleiades.stoa.org/places/1001896,37.5,22.5,province," - "
2.1.2,Καρχηδόνα,http://pleiades.stoa.org/places/314921,36.857569,10.327986,"amphitheatre,cemetery,villa,theatre,port,church,settlement,circus,bath"," - "
2.1.2,Κορίνθιοι,http://topostext.org/place/379229PKor,37.9054,22.8802,NULL," - "
2.1.2,Κορινθίων,http://pleiades.stoa.org/places/570182,37.906045,22.878721,"sanctuary,settlement,fort"," - "
2.1.2,Κόρινθον,http://pleiades.stoa.org/places/570182,37.906045,22.878721,"sanctuary,settlement,fort"," - "
2.1.2,Πελοποννήσου,http://pleiades.stoa.org/places/570577,37.25289777692308,22.312752688461543,"peninsula,region"," - "
2.1.2,Ῥωμαῖοι,http://pleiades.stoa.org/places/423025,41.89262,12.4843457,"settlement,urban"," - "
2.1.2,Ῥωμαίους,http://pleiades.stoa.org/places/423025,41.89262,12.4843457,"settlement,urban"," - "
2.1.2,Ῥωμαίων,http://pleiades.stoa.org/places/423025,41.89262,12.4843457,"settlement,urban"," - "
2.1.2,Ῥώμῃ,http://pleiades.stoa.org/places/423025,41.89262,12.4843457,"settlement,urban"," - "
2.1.3,Ἰσθμίων,http://pleiades.stoa.org/places/570317,37.9510881,22.9602226,isthmus," - physical|isthmos|proxyIsthmian Games"
2.1.3,Κορινθίας,http://pleiades.stoa.org/places/570180,37.798572,22.834379,region," - "
2.1.3,Κρομυὼν,http://pleiades.stoa.org/places/570386,37.92753,23.14146,settlement," - "
2.1.4,Ἀθήνας,http://pleiades.stoa.org/places/579885,37.971687,23.726464,settlement," - "
2.1.4,ἐνταῦθα,http://pleiades.stoa.org/places/570317,37.9510881,22.9602226,isthmus," - physical|isthmos|t-heroicAt the beginning of the Isthmos"
2.1.4,Ἐπιδαύρῳ,http://topostext.org/place/376231SAsk,37.597,23.075,NULL," - "
2.1.4,ἰσθμοῦ,http://pleiades.stoa.org/places/570317,37.9510881,22.9602226,isthmus," - physical|isthmos|Paus|t-heroicAt the beginning of the Isthmos"
2.1.4,Τροιζῆνος,http://pleiades.stoa.org/places/570756,37.50303,23.34845,settlement," - "
2.1.5,"ἐντὸς χώραν",http://pleiades.stoa.org/places/570577,37.25289777692308,22.312752688461543,"peninsula,region"," - "
2.1.5,ἤπειρον,http://pleiades.stoa.org/places/570577,37.25289777692308,22.312752688461543,"peninsula,region"," - "
2.1.5,ἤπειρος,http://pleiades.stoa.org/places/570577,37.25289777692308,22.312752688461543,"peninsula,region"," - "
2.1.5,ἰσθμόν,http://pleiades.stoa.org/places/570317,37.9510881,22.9602226,isthmus," - "
2.1.5,ἰσθμὸς,http://pleiades.stoa.org/places/570317,37.9510881,22.9602226,isthmus," - "
2.1.5,Κεγχρέαις,http://pleiades.stoa.org/places/570347,37.88239,22.992532,"settlement,port"," - "
2.1.5,Κνιδίους,http://pleiades.stoa.org/places/599575,36.686188,27.37404,settlement," - "
2.1.5,Κορινθίων,http://pleiades.stoa.org/places/570182,37.906045,22.878721,"sanctuary,settlement,fort"," - "
2.1.5,Λεχαίῳ,http://pleiades.stoa.org/places/570420,37.93277,22.88807,"church,settlement,port"," - "
2.1.5,Μίμαντα,http://pleiades.stoa.org/places/550744,38.55674,26.5013,mountain," - "
2.1.5,νῆσον,http://pleiades.stoa.org/places/570577,37.25289777692308,22.312752688461543,"peninsula,region"," - physical|nēsos|t-unspecifiedThe text describes the unsuccessful efforts of conquerors to make Peloponnese an island"
2.1.5,ὅθεν,http://pleiades.stoa.org/places/570317,37.9510881,22.9602226,isthmus," - physical|where they start to dig|Paus|t-unspecifiedA specific place on the Isthmos, where they sttart to dig in an unsuccessful effort to make P.  an island"
2.1.5,Πελοπόννησον,http://pleiades.stoa.org/places/570577,37.25289777692308,22.312752688461543,"peninsula,region"," - "
2.1.5,"τὴν ἐπὶ Κεγχρέαις",http://pleiades.stoa.org/places/570654,37.77606943333334,23.46300815833333,water-open," - "
2.1.5,"τὴν ἐπὶ Λεχαίῳ θάλασσαν",http://pleiades.stoa.org/places/570181,38.175407050000004,22.395744800000003,water-open," - "
2.1.6,Ἀθηναῖοι,http://pleiades.stoa.org/places/579885,37.971687,23.726464,settlement," - "
2.1.6,ἄκραν,http://pleiades.stoa.org/places/570059,37.906045,22.878721,"sanctuary,settlement,fort"," - "
2.1.6,Ἀττικῆς,http://pleiades.stoa.org/places/579888,38.051998833333336,23.818991099999998,region," - "
2.1.6,γῆς,http://pleiades.stoa.org/places/570180,37.798572,22.834379,region," - "
2.1.6,ἰσθμὸν,http://pleiades.stoa.org/places/570317,37.9510881,22.9602226,isthmus," - "
2.1.6,Κορίνθιοι,http://topostext.org/place/379229PKor,37.9054,22.8802,NULL," - "
2.1.6,Κορινθίοις,http://pleiades.stoa.org/places/570182,37.906045,22.878721,"sanctuary,settlement,fort"," - "
2.1.6,πόλεως,http://pleiades.stoa.org/places/570182,37.906045,22.878721,"sanctuary,settlement,fort"," - "
2.1.6,ταύτῃ,http://pleiades.stoa.org/places/570180,37.798572,22.834379,region," - "
2.1.6,χώρας,http://pleiades.stoa.org/places/570180,37.798572,22.834379,region," - "
2.1.7,Ἀμφιτρίτης,http://arachne.dainst.org/entity/3586099,37.905887,22.878546,NULL," - Q180222|object|agalma|Pausin the fore-temple of the Isthmia temple"
2.1.7,αὐτόθι,http://pleiades.stoa.org/places/570317,37.9510881,22.9602226,isthmus," - "
2.1.7,"δύο μὲν Ποσειδῶνος",http://arachne.dainst.org/entity/3652667,37.905887,22.878546,NULL," - object|agalma|PausIn the foretemple of the Isthmia temple"
2.1.7,εἰκόνες,http://arachne.dainst.org/entity/3652665,37.91211,22.99988,NULL," - object|eikôn|PausIn the sanctuary of Poseidon on the Isthmos, portrait statues of athletes who have won at Isthmia"
2.1.7,Θάλασσα,http://arachne.dainst.org/entity/3586100,37.905887,22.878546,NULL," - Q659437|object|agalma|Pausin the fore-temple of the Isthmia temple, bronze, personification"
2.1.7,θέατρον,http://topostext.org/place/379230BThI,37.91642,22.99435,NULL," - "
2.1.7,ἱερὸν,http://pleiades.stoa.org/places/570316,37.9158514,22.992664,"sanctuary,temple-2"," - "
2.1.7,"ἵππους τέσσαρας",http://arachne.dainst.org/entity/4057779,37.905887,22.878546,NULL," - object|offering/statue|PausInside the Isthmia temple, horses dedicated by Herodes the Athenian, of gold (except of the hoofs which are of ivory"
2.1.7,Ἴσθμια,http://pleiades.stoa.org/places/570317,37.9510881,22.9602226,isthmus," - physical|Isthmos|PausIsthmian Games"
2.1.7,ναῷ,http://pleiades.stoa.org/places/570316,37.9158514,22.992664,"sanctuary,temple-2"," - "
2.1.7,στάδιον,http://topostext.org/place/379230BStI,37.914,22.99537,NULL," - "
2.1.7,Τρίτωνες,http://arachne.dainst.org/entity/3652666,37.905887,22.878546,NULL," - Q1860727|object|statue|Pausin the temple of Poseidon at the Isthmos of Corinth, of bronze"
2.1.8,Ἀμφιτρίτη,http://arachne.dainst.org/entity/4057779,37.905887,22.878546,NULL," - Q180222|object|statue|Pausin Isthmia, on a car, of gold and ivory"
2.1.8,ἅρμα,http://arachne.dainst.org/entity/4057779,37.905887,22.878546,NULL," - object|statue|Pausin Isthmia, the car on which the statues of Amphitrite and Poseidon are"
2.1.8,ἅρματι,http://arachne.dainst.org/entity/4057779,37.905887,22.878546,NULL," - "
2.1.8,Ἀφροδίτην,http://arachne.dainst.org/entity/3586105,37.905887,22.878546,NULL," - Q35500|object|statue|Pausin Isthmia"
2.1.8,βάθρῳ,http://arachne.dainst.org/entity/4057779,37.905887,22.878546,NULL," - object|built|bathron|Pausin Isthmia, the base on which the car with Amphitrite, Poseidon and Palemon are"
2.1.8,Γαβάλοις,http://pleiades.stoa.org/places/668250,35.36171,35.92429,settlement," - "
2.1.8,δελφῖνος,http://arachne.dainst.org/entity/4057779,37.905887,22.878546,NULL," - Q7369|object|statue|Pausin Isthmia, the statue of a dolphin carrying Palaimon, of gold and ivory"
2.1.8,Ἑλλάδος,http://pleiades.stoa.org/places/1001896,37.5,22.5,province," - "
2.1.8,Ἕλληνες,http://pleiades.stoa.org/places/1001896,37.5,22.5,province," - "
2.1.8,Θάλασσα,http://arachne.dainst.org/entity/3586105,37.905887,22.878546,NULL," - "
2.1.8,ἵππους,http://arachne.dainst.org/entity/4057779,37.905887,22.878546,NULL," - "
2.1.8,Νηρηίδες,http://arachne.dainst.org/entity/3586105,37.905887,22.878546,NULL," - Q54230|object|statue|Pausin Isthmia"
2.1.8,Ποσειδῶν,http://arachne.dainst.org/entity/4057779,37.905887,22.878546,NULL," - Q41127|object|statue|PausIn Isthmia, on a car, of gold and ivory"
2.1.8,"τὰ μετʼ ἰξὺν",http://arachne.dainst.org/entity/4057779,37.905887,22.878546,NULL," - "
2.1.8,Τρίτωνες,http://arachne.dainst.org/entity/4057779,37.905887,22.878546,NULL," - Q1860727|object|statue|Pausin Isthmia (temple of Poseidon) beside the four horses, of gold (chryssoi), with the parts below the waist of ivory"
2.1.9,βάθρῳ,http://arachne.dainst.org/entity/4057779,37.905887,22.878546,NULL," - built|bathron|Pausin Isthmia"
2.1.9,Βελλεροφόντης,http://arachne.dainst.org/entity/3888084,37.905887,22.878546,NULL," - "
2.1.9,Γαλήνης,http://arachne.dainst.org/entity/3586101,37.905887,22.878546,NULL," - Q1491820|statue|godPersonification"
2.1.9,Θαλάσσης,http://arachne.dainst.org/entity/3586107,37.905887,22.878546,NULL," - "
2.1.9,Ἰνώ,http://arachne.dainst.org/entity/3586103,37.905887,22.878546,NULL," - "
2.1.9,ἵππος,http://arachne.dainst.org/entity/3586102,37.905887,22.878546,NULL," - object|statue|Pausin Isthmia, half horse, half whale"
2.1.9,κήτει,http://arachne.dainst.org/entity/3586102,37.905887,22.878546,NULL," - Q816795|animal|ketosHippocamp at Isthmia"
2.1.9,Πήγασος,http://arachne.dainst.org/entity/3586104,37.905887,22.878546,NULL," - Q162797|object|statue|PausIn Isthmia"
2.1.9,Ποσειδῶνος,http://arachne.dainst.org/entity/4057779,37.905887,22.878546,NULL," - Q41127|object|statue|PausIn Isthmia, on a car, of gold and ivory"
2.1.9,"Τυνδάρεω παῖδες",http://arachne.dainst.org/entity/4057779,37.905887,22.878546,NULL," - Q190103|built|statue|Pausin Isthmia"
2.2.1,Κορινθίων,http://pleiades.stoa.org/places/570182,37.906045,22.878721,"sanctuary,settlement,fort"," - "
2.2.1,Λευκοθέα,http://arachne.dainst.org/entity/3888075,37.905887,22.878546,NULL," - Q223690|object|statueIn the temple of Palaimon at Isthmia"
2.2.1,Παλαίμων,http://arachne.dainst.org/entity/3888076,37.905887,22.878546,NULL," - "
2.2.1,Ποσειδῶν,http://arachne.dainst.org/entity/3888074,37.905887,22.878546,NULL," - Q41127|object|agalmaIn the temple of Palaimon at Isthmia"
2.2.2,ἰσθμὸν,http://pleiades.stoa.org/places/570317,37.9510881,22.9602226,isthmus," - "
2.2.2,ἰσθμῷ,http://pleiades.stoa.org/places/570317,37.9510881,22.9602226,isthmus," - "
2.2.2,Κορινθίων,http://pleiades.stoa.org/places/570182,37.906045,22.878721,"sanctuary,settlement,fort"," - "
2.2.2,Κόρινθον,http://pleiades.stoa.org/places/570182,37.906045,22.878721,"sanctuary,settlement,fort"," - "
2.2.2,οἰκήτορας,http://pleiades.stoa.org/places/423025,41.89262,12.4843457,"settlement,urban"," - "
2.2.2,πόλις,http://pleiades.stoa.org/places/570182,37.906045,22.878721,"sanctuary,settlement,fort"," - "
2.2.2,Σικυωνίοις,http://pleiades.stoa.org/places/570668,37.98336,22.71135,settlement," - "
2.2.3,ἄγαλμα,http://arachne.dainst.org/entity/3586110,37.88386,22.996461,NULL," - object|agalma AphroditēsIn the temple of Aphrodite, of stone"
2.2.3,ἄγαλμα,http://arachne.dainst.org/entity/3586108,37.932691,22.883116,NULL," - object|agalma PoseidōnosIn Lechaion, of bronze"
2.2.3,θάλασσαν,http://pleiades.stoa.org/places/570654,37.77606943333334,23.46300815833333,water-open," - "
2.2.3,θαλάσσης,http://pleiades.stoa.org/places/570654,37.77606943333334,23.46300815833333,water-open," - "
2.2.3,ἰσθμοῦ,http://pleiades.stoa.org/places/570317,37.9510881,22.9602226,isthmus," - "
2.2.3,Κεγχρέαις,http://topostext.org/place/379230HKen,37.8824,22.9925,NULL," - "
2.2.3,Κεγχρέας,http://pleiades.stoa.org/places/570347,37.88239,22.992532,"settlement,port"," - "
2.2.3,Κεγχρεῶν,http://pleiades.stoa.org/places/570347,37.88239,22.992532,"settlement,port"," - "
2.2.3,Κορινθίοις,http://pleiades.stoa.org/places/570182,37.906045,22.878721,"sanctuary,settlement,fort"," - "
2.2.3,Λεχαίῳ,http://pleiades.stoa.org/places/570420,37.93277,22.88807,"church,settlement,port"," - "
2.2.3,λουτρόν,http://topostext.org/place/379230XLou,37.8656,22.997,NULL," - physical|loutron Helenēs|PausBath of Helen opposite Cenchreae"
2.2.3,ξόανον,http://arachne.dainst.org/entity/3586109,37.905887,22.878546,NULL," - "
2.2.3,Ποσειδῶνος,http://arachne.dainst.org/entity/3586111,37.88386,22.996461,NULL," - object|statue of Poseidon|Q41127on the mole in Kenchrae port, of bronze"
2.2.4,Ἕλληνες,http://pleiades.stoa.org/places/1001896,37.5,22.5,province," - "
2.2.4,ἐνταῦθα,http://pleiades.stoa.org/places/570380,37.75,22.75,grove," - "
2.2.4,Κόρινθον,http://pleiades.stoa.org/places/570182,37.906045,22.878721,"sanctuary,settlement,fort"," - "
2.2.4,Κράνειον,http://pleiades.stoa.org/places/570380,37.75,22.75,grove," - physical|alsos kyparissōn|Pausa grove of cypresses, before entering Corinth"
2.2.4,"λέαινα ἐπίθημά ἐστι κριὸν ἔχουσα ἐν τοῖς προτέροις ποσίν",http://arachne.dainst.org/entity/3586112,37.905887,22.878546,NULL," - object|statueOver the grave of Lais, there is a statue: "a lioness holding a ram with her fore-paws""
2.2.4,πόλεως,http://pleiades.stoa.org/places/570182,37.906045,22.878721,"sanctuary,settlement,fort"," - "
2.2.4,πύλῃ,http://topostext.org/place/379229FIsG,37.91541,22.89353,NULL," - built|gate|Pausin Corinth"
2.2.4,Σινωπεύς,http://pleiades.stoa.org/places/857321,42.0206,35.14885,"settlement,port"," - "
2.2.5,Ἀθηναίων,http://pleiades.stoa.org/places/579885,37.971687,23.726464,settlement," - "
2.2.5,Θεσσαλίᾳ,http://pleiades.stoa.org/places/1332,39.6,22.2,region," - "
2.2.5,Θεσσαλίαν,http://pleiades.stoa.org/places/1332,39.6,22.2,region," - "
2.2.5,Κορινθίοις,http://pleiades.stoa.org/places/570182,37.906045,22.878721,"sanctuary,settlement,fort"," - "
2.2.5,Κόρινθον,http://pleiades.stoa.org/places/570182,37.906045,22.878721,"sanctuary,settlement,fort"," - "
2.2.5,Σικελίᾳ,http://pleiades.stoa.org/places/462492,37.53667611952188,14.08648464579389,island," - "
2.2.5,Ὑκάρων,http://pleiades.stoa.org/places/462254,38.153624,13.180165,"villa,settlement"," - "
2.2.6,ἀγορᾶς,http://pleiades.stoa.org/places/958275306,37.9049161,22.8793472,plaza," - "
2.2.6,Ἄρτεμίς,http://arachne.dainst.org/entity/3586113,37.905887,22.878546,NULL," - Q39503|object|statue|Artemis Ephesia|Pausin the Agora of Corinth"
2.2.6,δέ,http://arachne.dainst.org/entity/3888077,37.905887,22.878546,NULL," - "
2.2.6,"Διονύσου ξόανα",http://arachne.dainst.org/entity/3888317,37.905887,22.878546,NULL," - object|xoanon|Dionysus Lysios/ Bakcheiosin the Agora of Corinth, covered with gold and with faces ormanented with red paint"
2.2.6,πόλει,http://pleiades.stoa.org/places/570182,37.906045,22.878721,"sanctuary,settlement,fort"," - "
2.2.6,"τὸν δὲ",http://arachne.dainst.org/entity/3888078,37.905887,22.878546,NULL," - "
2.2.7,Κιθαιρῶνα,http://pleiades.stoa.org/places/540714,38.1850025,23.2505528,mountain," - "
2.2.7,Κορίνθιοι,http://topostext.org/place/379229PKor,37.9054,22.8802,NULL," - "
2.2.7,ξόανα,http://arachne.dainst.org/entity/3888323,37.983516,22.713665,NULL," - "
2.2.8,ἄγαλμα,http://arachne.dainst.org/entity/3586114,37.905887,22.878546,NULL," - object|agalma|Tyche|Pausin the Agora of Corinth, standing, of Parian marble"
2.2.8,"ἄγαλμα Ἀφροδίτης",http://arachne.dainst.org/entity/3586117,37.905887,22.878546,NULL," - object|agalmain the Agora of Corinth, made by Hermogenes of Cythera"
2.2.8,ἀγάλματα,http://arachne.dainst.org/entity/3586118,37.905887,22.878546,NULL," - object|agalma Hermou|PausIn the Agora of Corinth, two bronze, standing statues of Hermes"
2.2.8,"ἐν ὑπαίθρῳ",http://pleiades.stoa.org/places/958275306,37.9049161,22.8793472,plaza," - physical|en hypaithrōiin the Agora of Corinth"
2.2.8,ἑτέρῳ,http://arachne.dainst.org/entity/3586118,37.905887,22.878546,NULL," - object|statue of Hermes|Pausin the Agora of Corinth"
2.2.8,Κυθηρίου,http://topostext.org/place/363230PKyt,36.2295,23.0291,NULL," - "
2.2.8,"Παρίου λίθου",http://pleiades.stoa.org/places/599868,37.03613,25.19093,island," - "
2.2.8,Ποσειδῶν,http://arachne.dainst.org/entity/3586115,37.905887,22.878546,NULL," - object|statue|Poseidon|Paus|Q41127In the Agora of Corinth, of bronze"
2.2.8,"τὸ μὲν",http://arachne.dainst.org/entity/3586120,37.905887,22.878546,NULL," - "
2.2.8,"τὸν δὲ",http://arachne.dainst.org/entity/3586121,37.905887,22.878546,NULL," - "
2.2.8,"τὸν τρίτον",http://arachne.dainst.org/entity/3586122,37.905887,22.878546,NULL," - "
2.2.8,χαλκοῦς,http://arachne.dainst.org/entity/3586116,37.905887,22.878546,NULL," - "
2.3.1,ἀγοράν,http://pleiades.stoa.org/places/958275306,37.9049161,22.8793472,plaza," - "
2.3.1,ἀγορᾶς,http://pleiades.stoa.org/places/958275306,37.9049161,22.8793472,plaza," - "
2.3.1,Ἀθηνᾶ,http://arachne.dainst.org/entity/3586123,37.905887,22.878546,NULL," - Q37122|object|statue|Pausin the middle of the Corinthian Agora, of bronze"
2.3.1,αὐτῆς,http://arachne.dainst.org/entity/3586123,37.905887,22.878546,NULL," - "
2.3.1,"Κορίνθου τῆς νῦν",http://pleiades.stoa.org/places/570182,37.906045,22.878721,"sanctuary,settlement,fort"," - built|settlementThe "present" Corinth"
2.3.1,"Μουσῶν ἀγάλματα",http://arachne.dainst.org/entity/3586131,37.905887,22.878546,NULL," - object|agalma|Pausrelief of statues of Muses on the pedestal of Athena's statue in the Corinthian Market"
2.3.1,"Ὀκταβίας ναὸς",http://topostext.org/place/379229SOct,37.90487,22.87793,NULL," - built|naos|PausAbove the market place of Corinth"
2.3.1,Ῥωμαίων,http://pleiades.stoa.org/places/423025,41.89262,12.4843457,"settlement,urban"," - "
2.3.2,ἀγορᾶς,http://pleiades.stoa.org/places/958275306,37.9049161,22.8793472,plaza," - "
2.3.2,ἅρματα,http://arachne.dainst.org/entity/3888318,37.905887,22.878546,NULL," - built|harma|Pausgilded chariots on the gateway to Lechaion, leaving the Agora of Corinth"
2.3.2,αὐτὸν,http://arachne.dainst.org/entity/3586124,37.905887,22.878546,NULL," - "
2.3.2,ἔσοδός,http://topostext.org/place/379229WLPF,37.90568,22.88059,NULL," - built|esodosentrance of Peirene fountain, after the bronze Heracles, further from the gateway on the road to Lechaeon."
2.3.2,Ἥλιον,http://arachne.dainst.org/entity/3888318,37.905887,22.878546,NULL," - "
2.3.2,Λεχαίου,http://pleiades.stoa.org/places/570420,37.93277,22.88807,"church,settlement,port"," - "
2.3.2,"Πειρήνης ἐς τὸ ὕδωρ",http://topostext.org/place/379229WLPF,37.90568,22.88059,NULL," - "
2.3.2,τὴν,http://topostext.org/place/379229XLeR,37.90653,22.88021,NULL," - "
2.3.2,"τὸ μὲν",http://arachne.dainst.org/entity/3888079,37.905887,22.878546,NULL," - "
2.3.3,"Ἀπόλλωνος ἄγαλμα",http://arachne.dainst.org/entity/3586125,37.905887,22.878546,NULL," - "
2.3.3,γραφὴ,http://arachne.dainst.org/entity/3586126,37.905887,22.878546,NULL," - "
2.3.3,Κορινθίοις,http://pleiades.stoa.org/places/570182,37.906045,22.878721,"sanctuary,settlement,fort"," - "
2.3.3,Πειρήνῃ,http://topostext.org/place/379229WLPF,37.90568,22.88059,NULL," - "
2.3.3,πηγὴ,http://topostext.org/place/379229WLPF,37.90568,22.88059,NULL," - built|pēgēof white marble"
2.3.4,δελφῖνός,http://arachne.dainst.org/entity/4020516,37.905887,22.878546,NULL," - "
2.3.4,Ἑρμῆς,http://arachne.dainst.org/entity/3586127,37.905887,22.878546,NULL," - Q41484|object|statue|Hermesof bronze"
2.3.4,Ἑρμοῦ,http://arachne.dainst.org/entity/3586127,37.905887,22.878546,NULL," - "
2.3.4,Λευκοθέα,http://arachne.dainst.org/entity/3888081,37.905887,22.878546,NULL," - Q223690|object|statueIn the temple of Palaimon at Isthmia"
2.3.4,Λεχαίου,http://pleiades.stoa.org/places/570420,37.93277,22.88807,"church,settlement,port"," - "
2.3.4,Παλαίμων,http://arachne.dainst.org/entity/3888082,37.905887,22.878546,NULL," - "
2.3.4,Ποσειδῶν,http://arachne.dainst.org/entity/3888083,37.905887,22.878546,NULL," - "
2.3.4,Τρώων,http://pleiades.stoa.org/places/550595,39.9577,26.23873,settlement," - "
2.3.5,Ἄρτεμις,http://arachne.dainst.org/entity/3586132,37.905887,22.878546,NULL," - "
2.3.5,Βελλεροφόντης,http://arachne.dainst.org/entity/3888084,37.905887,22.878546,NULL," - "
2.3.5,ἔπεστι,http://arachne.dainst.org/entity/3888320,37.905887,22.878546,NULL," - "
2.3.5,Κορινθίοις,http://pleiades.stoa.org/places/570182,37.906045,22.878721,"sanctuary,settlement,fort"," - "
2.3.5,Κροκεαῖς,http://pleiades.stoa.org/places/570385,36.884856,22.548448,settlement," - "
2.3.5,Πηγάσου,http://arachne.dainst.org/entity/3888085,37.905887,22.878546,NULL," - "
2.3.5,πόλιν,http://pleiades.stoa.org/places/570182,37.906045,22.878721,"sanctuary,settlement,fort"," - "
2.3.5,Ποσειδῶν,http://arachne.dainst.org/entity/3586128,37.905887,22.878546,NULL," - "
2.3.5,Ποσειδῶνος,http://arachne.dainst.org/entity/3586128,37.905887,22.878546,NULL," - "
2.3.5,Σπαρτιάτης,http://pleiades.stoa.org/places/570685,37.08149,22.42454,"theatre,temple,settlement,temple-2"," - "
2.3.5,ὕδατος,http://topostext.org/place/379229BHAq,37.89019,22.84714,NULL," - "
2.3.5,"χώρας τῆς Λακωνικῆς",http://pleiades.stoa.org/places/570406,37.07624042080912,22.46082645177671,region," - "
2.3.6,ἄγαλμα,http://arachne.dainst.org/entity/3586129,37.905887,22.878546,NULL," - object|agalma|Apollo|Pausof bronze"
2.3.6,ἀγορᾶς,http://pleiades.stoa.org/places/958275306,37.9049161,22.8793472,plaza," - "
2.3.6,Κορινθίων,http://pleiades.stoa.org/places/570182,37.906045,22.878721,"sanctuary,settlement,fort"," - "
2.3.6,κρήνη,http://topostext.org/place/379229WGLF,37.90562,22.87812,NULL," - built|krēnē|Pausnear the temple of Fortune in the Agora of Corinth"
2.3.6,κρήνην,http://topostext.org/place/379229WGLF,37.90562,22.87812,NULL," - "
2.3.6,ναὸς,http://topostext.org/place/379229SApT,37.90597,22.87904,NULL," - built|naos|Apollo|PausTemple of Apollo leaving Corinth Agora toward Sikyon"
2.3.6,Σικυῶνα,http://pleiades.stoa.org/places/570668,37.98336,22.71135,settlement," - "
2.3.6,Ὠιδεῖον,http://topostext.org/place/379229BOde,37.9059,22.87732,NULL," - "
2.3.7,εἰκὼν,http://arachne.dainst.org/entity/3586130,37.905887,22.878546,NULL," - "
2.3.7,ἐποίκων,http://pleiades.stoa.org/places/423025,41.89262,12.4843457,"settlement,urban"," - historical|settlers|proxyRoman colonists in Corinth"
2.3.7,Κορινθίων,http://pleiades.stoa.org/places/570182,37.906045,22.878721,"sanctuary,settlement,fort"," - "
2.3.7,Κορίνθου,http://pleiades.stoa.org/places/570182,37.906045,22.878721,"sanctuary,settlement,fort"," - "
2.3.7,νήπια,http://pleiades.stoa.org/places/570182,37.906045,22.878721,"sanctuary,settlement,fort"," - "
2.3.7,παῖδες,http://pleiades.stoa.org/places/570182,37.906045,22.878721,"sanctuary,settlement,fort"," - "
2.3.7,Ῥωμαίων,http://pleiades.stoa.org/places/423025,41.89262,12.4843457,"settlement,urban"," - "
2.3.8,Ἀθήνας,http://pleiades.stoa.org/places/579885,37.971687,23.726464,settlement," - "
2.3.8,Ἀθηνῶν,http://pleiades.stoa.org/places/579885,37.971687,23.726464,settlement," - "
2.3.8,Ἀρίαν,http://pleiades.stoa.org/places/961881,34.5,61.5,"region,satrapy"," - "
2.3.8,Ἀρίους,http://pleiades.stoa.org/places/961881,34.5,61.5,"region,satrapy"," - "
2.3.9,Ἕλλησι,http://pleiades.stoa.org/places/1001896,37.5,22.5,province," - "
2.3.9,ἠπείρῳ,http://pleiades.stoa.org/places/530871,39.577073022222216,20.590387322222224,region," - "
2.3.9,Ἰωλκοῦ,http://pleiades.stoa.org/places/540837,39.366305,22.96886,settlement," - "
2.3.9,Κόρκυραν,http://pleiades.stoa.org/places/530834,39.60733,19.92178,settlement," - "
2.3.9,Λακεδαιμόνιος,http://pleiades.stoa.org/places/570406,37.07624042080912,22.46082645177671,region," - "
2.3.10,Ἀσωπίαν,http://pleiades.stoa.org/places/570668,37.98336,22.71135,settlement," - "
2.3.10,γῆν,http://pleiades.stoa.org/places/570182,37.906045,22.878721,"sanctuary,settlement,fort"," - regional|gēEphyra: early name of Corintth"
2.3.10,Ἐφυραίαν,http://pleiades.stoa.org/places/570182,37.906045,22.878721,"sanctuary,settlement,fort"," - "
2.3.10,Ἐφυραίων,http://pleiades.stoa.org/places/570182,37.906045,22.878721,"sanctuary,settlement,fort"," - "
2.3.10,Ἰωλκοῦ,http://pleiades.stoa.org/places/540837,39.366305,22.96886,settlement," - "
2.3.10,Κόλχους,http://pleiades.stoa.org/places/863770,42.5,42.5,region," - "
2.3.10,Κορινθίους,http://pleiades.stoa.org/places/570182,37.906045,22.878721,"sanctuary,settlement,fort"," - "
2.3.11,Ἰωλκὸν,http://pleiades.stoa.org/places/540837,39.366305,22.96886,settlement," - "
2.3.11,Κορίνθῳ,http://pleiades.stoa.org/places/570182,37.906045,22.878721,"sanctuary,settlement,fort"," - "
2.4.1,ἄγαλμα,http://arachne.dainst.org/entity/3586133,37.905887,22.878546,NULL," - object|xoanon|Athena Chalinitis|Pausface, hands and feet of white marble"
2.4.2,Ἄργει,http://topostext.org/place/376227PArg,37.6316,22.7195,NULL," - "
2.4.2,Ἀργείοις,http://topostext.org/place/376227PArg,37.6316,22.7195,NULL," - "
2.4.2,Κορίνθιοι,http://topostext.org/place/379229PKor,37.9054,22.8802,NULL," - "
2.4.2,Λυκίαν,http://pleiades.stoa.org/places/638965,36.513688333333334,29.129618500000003,region," - "
2.4.2,Μυκηναίοις,http://pleiades.stoa.org/places/570491,37.730833,22.756111,"settlement,tomb"," - "
2.4.2,Μυκήναις,http://pleiades.stoa.org/places/570491,37.730833,22.756111,"settlement,tomb"," - "
2.4.2,στόλου,http://pleiades.stoa.org/places/1001896,37.5,22.5,province," - "
2.4.2,στρατιᾶς,http://pleiades.stoa.org/places/1001896,37.5,22.5,province," - "
2.4.2,Τροίαν,http://pleiades.stoa.org/places/550595,39.9577,26.23873,settlement," - "
2.4.3,Κορινθίων,http://pleiades.stoa.org/places/570182,37.906045,22.878721,"sanctuary,settlement,fort"," - "
2.4.3,Κόρινθον,http://pleiades.stoa.org/places/570182,37.906045,22.878721,"sanctuary,settlement,fort"," - "
2.4.3,Κορίνθῳ,http://pleiades.stoa.org/places/570182,37.906045,22.878721,"sanctuary,settlement,fort"," - "
2.4.3,Τιθορέαν,http://pleiades.stoa.org/places/541152,38.58344,22.66931,settlement," - "
2.4.3,Φωκίδος,http://pleiades.stoa.org/places/541048,38.25,22.25,unknown," - "
2.4.4,Γονούσσης,http://topostext.org/place/379226FGon,37.9313,22.6252,NULL," - "
2.4.4,Ἑλλήνων,http://pleiades.stoa.org/places/1001896,37.5,22.5,province," - "
2.4.4,Κορινθίων,http://pleiades.stoa.org/places/570182,37.906045,22.878721,"sanctuary,settlement,fort"," - "
2.4.4,Κόρινθον,http://pleiades.stoa.org/places/570182,37.906045,22.878721,"sanctuary,settlement,fort"," - "
2.4.4,Σικυῶνος,http://pleiades.stoa.org/places/570668,37.98336,22.71135,settlement," - "
2.4.5,ἀγάλματα,http://arachne.dainst.org/entity/3888321,37.905887,22.878546,NULL," - "
2.4.5,Ἀσκληπιὸς,http://arachne.dainst.org/entity/3888086,37.905887,22.878546,NULL," - "
2.4.5,Ἑλλάδα,http://pleiades.stoa.org/places/1001896,37.5,22.5,province," - "
2.4.5,"ξόανον γυμνὸν Ἡρακλέους",http://arachne.dainst.org/entity/3586134,37.905887,22.878546,NULL," - object|xoanon|Heracles|Pausnaked xoanon next to the theatre and Athena Chalinitis' sanctuary, made by Daidalos"
2.4.5,"ὁ δὲ Ἀσκληπιοῦ",http://topostext.org/place/379229SAsk,37.9107,22.87741,NULL," - built|naos|Asclepius|379229SAskTemple of Asclepius in Corinth near the gymnasium"
2.4.5,Ῥωμαίων,http://pleiades.stoa.org/places/423025,41.89262,12.4843457,"settlement,urban"," - "
2.4.5,"τὸ δὲ τοῦ Διὸς",http://arachne.dainst.org/entity/3586135,37.905887,22.878546,NULL," - object|agalma|Zeusof bronze"
2.4.5,Ὑγεία,http://arachne.dainst.org/entity/3888087,37.905887,22.878546,NULL," - "
2.4.6,Αἰγυπτίαν,http://pleiades.stoa.org/places/1001943,32.5,32.5,province," - "
2.4.6,Ἀκροκόρινθον,http://pleiades.stoa.org/places/570059,37.906045,22.878721,"sanctuary,settlement,fort"," - "
2.4.6,Κορίνθιοί,http://pleiades.stoa.org/places/570182,37.906045,22.878721,"sanctuary,settlement,fort"," - "
2.4.6,πόλιν,http://pleiades.stoa.org/places/570182,37.906045,22.878721,"sanctuary,settlement,fort"," - "
2.4.7,ἀγάλματα,http://arachne.dainst.org/entity/3586136,37.905887,22.878546,NULL," - "
2.4.7,θρόνος,http://arachne.dainst.org/entity/3888088,37.905887,22.878546,NULL," - "
2.4.7,"ὁ Δήμητρος καὶ Κόρης",http://topostext.org/place/379229SDem,37.89883,22.87635,NULL," - built|naos|Demeter and Kore|PausTemple of Demeter and Kore in Corinth, toward Acrocorinth"
2.4.7,στήλη,http://arachne.dainst.org/entity/3888089,37.905887,22.878546,NULL," - "
2.5.1,ἀγάλματα,http://arachne.dainst.org/entity/3888322,37.905887,22.878546,NULL," - "
2.5.1,Ἀκροκόρινθον,http://pleiades.stoa.org/places/570059,37.906045,22.878721,"sanctuary,settlement,fort"," - "
2.5.1,Ἀκροκορίνθῳ,http://pleiades.stoa.org/places/570059,37.906045,22.878721,"sanctuary,settlement,fort"," - "
2.5.1,αὐτή,http://arachne.dainst.org/entity/3888090,37.905887,22.878546,NULL," - "
2.5.1,Ἔρως,http://arachne.dainst.org/entity/3888092,37.905887,22.878546,NULL," - object|agalma|Q121973with a bow"
2.5.1,Ἥλιος,http://arachne.dainst.org/entity/3888091,37.905887,22.878546,NULL," - "
2.5.1,"ναός ἐστιν Ἀφροδίτης",http://topostext.org/place/379229SAph,37.89174,22.87548,NULL," - built|naos|Aphrodite|PausTemple of Aphrodite on Acrocorinth"
2.5.1,Πειρήνην,http://topostext.org/place/379229WPei,37.88935,22.87585,NULL,NULL
2.5.1,πηγήν,http://topostext.org/place/379229WPei,37.88935,22.87585,NULL," - physical|pēgē|Pausbehind the temple of Aphrodite on the summit of the Acrocorinthus"
2.5.1,πόλει,http://pleiades.stoa.org/places/570182,37.906045,22.878721,"sanctuary,settlement,fort"," - "
2.5.2,Ἀσωπὸς,http://topostext.org/place/378228WAso,37.975,22.734,NULL," - "
2.5.2,Ἀσωποῦ,http://pleiades.stoa.org/places/540672,38.300198333333334,23.581173000000003,river," - Q622781Boeotian Asopus as father of Thebe"
2.5.2,Βοιωτίου,http://pleiades.stoa.org/places/540689,38.34668803333333,23.184677533333332,region," - "
2.5.2,θάλασσαν,http://topostext.org/place/382226WCor,38.2,22.6,NULL," - "
2.5.2,Θηβαῖοι,http://pleiades.stoa.org/places/541138,38.318092,23.255096,"sanctuary,settlement"," - "
2.5.2,Καδμείᾳ,http://topostext.org/place/383233XCad,38.3209,23.3178,NULL," - "
2.5.2,Οἰνώνην,http://pleiades.stoa.org/places/579844,37.74991,23.42372,"island,settlement,temple-2"," - "
2.5.2,Σικυωνίας,http://pleiades.stoa.org/places/570668,37.98336,22.71135,settlement," - "
2.5.2,Σχερίαν,http://pleiades.stoa.org/places/530834,39.60733,19.92178,settlement," - "
2.5.2,Φλιασίας,http://pleiades.stoa.org/places/570602,37.846299,22.649131,settlement," - "
2.5.2,Φλιάσιοί,http://pleiades.stoa.org/places/570602,37.846299,22.649131,settlement," - "
2.5.2,Φλιασίου,http://pleiades.stoa.org/places/570602,37.846299,22.649131,settlement," - "
2.5.3,Αἰθιοπίας,http://pleiades.stoa.org/places/334481,32.5,3.5,region," - "
2.5.3,Ἀκροκορίνθου,http://pleiades.stoa.org/places/570059,37.906045,22.878721,"sanctuary,settlement,fort"," - "
2.5.3,Ἀσωπόν,http://topostext.org/place/378228WAso,37.975,22.734,NULL," - "
2.5.3,Ἀσωποῦ,http://topostext.org/place/378228WAso,37.975,22.734,NULL," - "
2.5.3,Δηλίων,http://pleiades.stoa.org/places/599587,37.397274,25.268194,"architecturalcomplex,sanctuary,monument,island,settlement,plaza"," - "
2.5.3,Εὐφράτην,http://pleiades.stoa.org/places/912849,34.74942377777777,40.93640094444444,river," - "
2.5.3,Καρίας,http://pleiades.stoa.org/places/991381,37.213163833551015,28.088996902733474,province," - "
2.5.3,Κελαινῶν,http://pleiades.stoa.org/places/638751,38.07289,30.17353,"settlement-modern,settlement"," - "
2.5.3,Μαίανδρον,http://pleiades.stoa.org/places/599777,37.6220196,27.4713446,river," - "
2.5.3,Μιλήτῳ,http://pleiades.stoa.org/places/599799,37.5292362,27.2774885,"theatre,settlement,port"," - "
2.5.3,Νεῖλον,http://pleiades.stoa.org/places/727172,19.211408766666665,30.567329633333333,river," - "
2.5.3,Νείλου,http://pleiades.stoa.org/places/727172,19.211408766666665,30.567329633333333,river," - "
2.5.3,Πελοπόννησον,http://pleiades.stoa.org/places/570577,37.25289777692308,22.312752688461543,"peninsula,region"," - "
2.5.3,Σικυώνιοι,http://pleiades.stoa.org/places/570668,37.98336,22.71135,settlement," - "
2.5.3,"τὴν πρὸς Μιλήτῳ θάλασσαν",http://pleiades.stoa.org/places/560221,37.42245628773585,25.8829628235849,water-open," - "
2.5.3,ὕδωρ,http://topostext.org/place/378228WAso,37.975,22.734,NULL," - "
2.5.3,Φλιάσιοι,http://pleiades.stoa.org/places/570602,37.846299,22.649131,settlement," - "
2.5.3,Φρυγίας,http://pleiades.stoa.org/places/609502,38.75,29.75,region," - "
2.5.4,Ἑλλήνων,http://pleiades.stoa.org/places/1001896,37.5,22.5,province," - "
2.5.4,ταύτῃ,http://pleiades.stoa.org/places/570711,37.798572,22.834379,"settlement-modern,settlement"," - "
2.5.4,Τενέα,http://pleiades.stoa.org/places/570711,37.798572,22.834379,"settlement-modern,settlement"," - "
2.5.4,Τενεατικὴ,http://pleiades.stoa.org/places/570711,37.798572,22.834379,"settlement-modern,settlement"," - Tenean|proxy|regionalterritory of Tenea"
2.5.4,Τενέδου,http://pleiades.stoa.org/places/550911,39.8278355,26.0497905,settlement," - "
2.5.4,Τρῶες,http://pleiades.stoa.org/places/550595,39.9577,26.23873,settlement," - "
2.5.5,Κορινθίαν,http://pleiades.stoa.org/places/570180,37.798572,22.834379,region," - "
2.5.5,Κορίνθιοι,http://topostext.org/place/379229PKor,37.9054,22.8802,NULL," - "
2.5.5,Κορίνθου,http://pleiades.stoa.org/places/570182,37.906045,22.878721,"sanctuary,settlement,fort"," - "
2.5.5,πόλεως,http://pleiades.stoa.org/places/570182,37.906045,22.878721,"sanctuary,settlement,fort"," - "
2.5.5,Σικυῶνα,http://pleiades.stoa.org/places/570668,37.98336,22.71135,settlement," - "
2.5.6,Αἰγιάλειαν,http://pleiades.stoa.org/places/570668,37.98336,22.71135,settlement," - "
2.5.6,Αἰγιαλὸς,http://pleiades.stoa.org/places/570028,38.102121472776034,22.224585911364017,region," - "
2.5.6,Κορινθίοις,http://pleiades.stoa.org/places/570182,37.906045,22.878721,"sanctuary,settlement,fort"," - "
2.5.6,Πελοποννήσου,http://pleiades.stoa.org/places/570577,37.25289777692308,22.312752688461543,"peninsula,region"," - "
2.5.6,Σικυώνιοι,http://pleiades.stoa.org/places/570668,37.98336,22.71135,settlement," - "
2.5.6,χώρας,http://pleiades.stoa.org/places/570668,37.98336,22.71135,settlement," - "
2.5.7,Ἀπίαν,http://pleiades.stoa.org/places/570577,37.25289777692308,22.312752688461543,"peninsula,region"," - "
2.5.7,Ἰσθμοῦ,http://pleiades.stoa.org/places/570317,37.9510881,22.9602226,isthmus," - "
2.5.7,Ὀλυμπίαν,http://pleiades.stoa.org/places/570531,37.637849,21.630126,"palaistra,sanctuary,temple-2"," - "
2.5.7,χώραν,http://pleiades.stoa.org/places/570577,37.25289777692308,22.312752688461543,"peninsula,region"," - "
2.5.8,Αἰγιάλειαν,http://pleiades.stoa.org/places/570668,37.98336,22.71135,settlement," - "
2.6.1,Ἀσωποῦ,http://pleiades.stoa.org/places/540672,38.300198333333334,23.581173000000003,river," - "
2.6.1,Ἕλλησι,http://pleiades.stoa.org/places/1001896,37.5,22.5,province," - "
2.6.1,Θεσσαλίας,http://pleiades.stoa.org/places/1332,39.6,22.2,region," - "
2.6.1,Θηβαΐδα,http://pleiades.stoa.org/places/541138,38.318092,23.255096,"sanctuary,settlement"," - "
2.6.1,Πλαταιίδα,http://pleiades.stoa.org/places/541063,38.221019,23.273866,settlement," - "
2.6.1,στρατόν,http://pleiades.stoa.org/places/541138,38.318092,23.255096,"sanctuary,settlement"," - "
2.6.1,χώραν,http://pleiades.stoa.org/places/570182,37.906045,22.878721,"sanctuary,settlement,fort"," - "
2.6.2,Αἰγιάλειαν,http://pleiades.stoa.org/places/570668,37.98336,22.71135,settlement," - "
2.6.2,Θηβαῖοι,http://pleiades.stoa.org/places/541138,38.318092,23.255096,"sanctuary,settlement"," - "
2.6.2,Θηβαίων,http://pleiades.stoa.org/places/541138,38.318092,23.255096,"sanctuary,settlement"," - "
2.6.2,Θήβας,http://pleiades.stoa.org/places/541138,38.318092,23.255096,"sanctuary,settlement"," - "
2.6.3,Ἐλευθερῶν,http://pleiades.stoa.org/places/540756,38.17934,23.37572,"settlement,fort"," - "
2.6.3,Θήβας,http://pleiades.stoa.org/places/541138,38.318092,23.255096,"sanctuary,settlement"," - "
2.6.4,Ἀσωποῦ,http://pleiades.stoa.org/places/540672,38.300198333333334,23.581173000000003,river," - "
2.6.4,Θήβας,http://pleiades.stoa.org/places/541138,38.318092,23.255096,"sanctuary,settlement"," - "
2.6.4,Καδμείας,http://topostext.org/place/383233XCad,38.3209,23.3178,NULL," - built|settlementthe upper city or citadel of Thebes"
2.6.4,"κάτω πόλιν",http://pleiades.stoa.org/places/541138,38.318092,23.255096,"sanctuary,settlement"," - built|polisthe lower city of Thebes"
2.6.5,Ἀθηνῶν,http://pleiades.stoa.org/places/579885,37.971687,23.726464,settlement," - "
2.6.5,Αἰγιάλης,http://pleiades.stoa.org/places/570668,37.98336,22.71135,settlement," - "
2.6.5,Ἀττικῆς,http://pleiades.stoa.org/places/579888,38.051998833333336,23.818991099999998,region," - "
2.6.5,Σικυὼν,http://pleiades.stoa.org/places/570668,37.98336,22.71135,settlement," - "
2.6.5,Σικυωνία,http://pleiades.stoa.org/places/570668,37.98336,22.71135,settlement," - "
2.6.6,Ἀργείων,http://pleiades.stoa.org/places/570106,37.631561,22.719464,settlement," - "
2.6.6,Ἄργος,http://pleiades.stoa.org/places/570106,37.631561,22.719464,settlement," - "
2.6.6,Ἄργους,http://pleiades.stoa.org/places/570106,37.631561,22.719464,settlement," - "
2.6.6,Ἀττικῆς,http://pleiades.stoa.org/places/579888,38.051998833333336,23.818991099999998,region," - "
2.6.6,Σικυῶνα,http://pleiades.stoa.org/places/570668,37.98336,22.71135,settlement," - "
2.6.6,Σικυῶνι,http://pleiades.stoa.org/places/570668,37.98336,22.71135,settlement," - "
2.6.7,Κρήτην,http://pleiades.stoa.org/places/589748,35.21984439173344,24.995769971494504,island," - "
2.6.7,Μυκηναίων,http://pleiades.stoa.org/places/570491,37.730833,22.756111,"settlement,tomb"," - "
2.6.7,Σικυῶνα,http://pleiades.stoa.org/places/570668,37.98336,22.71135,settlement," - "
2.7.1,ἀκροπόλει,http://pleiades.stoa.org/places/570668,37.98336,22.71135,settlement," - built|akropolisThe old Akropolis becomes the place where the "present" Sicyon was built"
2.7.1,Ἀργείας,http://pleiades.stoa.org/places/570104,37.6566371145232,22.92059272180843,region," - "
2.7.1,Καρίαν,http://pleiades.stoa.org/places/599564,37.038339,27.423638999999998,"labeled feature"," - "
2.7.1,Λυκίαν,http://pleiades.stoa.org/places/638965,36.513688333333334,29.129618500000003,region," - "
2.7.1,νῆσος,http://pleiades.stoa.org/places/590031,36.41451,28.15629,"island,settlement,temple-2,stadion"," - "
2.7.1,πεδίῳ,http://pleiades.stoa.org/places/570668,37.98336,22.71135,settlement," - physical|pedionThe plain where the old Sicyon was built"
2.7.1,πόλιν,http://pleiades.stoa.org/places/570668,37.98336,22.71135,settlement," - "
2.7.1,Ῥοδίοις,http://pleiades.stoa.org/places/590031,36.41451,28.15629,"island,settlement,temple-2,stadion"," - "
2.7.1,Ῥόδον,http://pleiades.stoa.org/places/590031,36.41451,28.15629,"island,settlement,temple-2,stadion"," - "
2.7.1,Σικυώνιοι,http://pleiades.stoa.org/places/570668,37.98336,22.71135,settlement," - "
2.7.1,Σικυωνίων,http://pleiades.stoa.org/places/570668,37.98336,22.71135,settlement," - "
2.7.1,"τῶν ἐς ἐπίδειξιν",http://pleiades.stoa.org/places/570668,37.98336,22.71135,settlement," - built|many sightsundefined (the earthquake destroyed many of the sights in Sikyon)"
2.7.2,Κορινθίας,http://pleiades.stoa.org/places/570182,37.906045,22.878721,"sanctuary,settlement,fort"," - "
2.7.2,Μεσσηνίου,http://pleiades.stoa.org/places/570479,37.175491,21.920439,"sanctuary,settlement,fort"," - "
2.7.2,Ὀλυμπικὴν,http://pleiades.stoa.org/places/570531,37.637849,21.630126,"palaistra,sanctuary,temple-2",NULL
2.7.2,Σικυωνίαν,http://pleiades.stoa.org/places/570668,37.98336,22.71135,settlement," - "
2.7.2,Σικυώνιοι,http://pleiades.stoa.org/places/570668,37.98336,22.71135,settlement," - "
2.7.3,Ἀσωπόν,http://topostext.org/place/378228WAso,37.975,22.734,NULL," - "
2.7.3,πόλιν,http://pleiades.stoa.org/places/570668,37.98336,22.71135,settlement," - "
2.7.3,"τῇ γραφῇ",http://arachne.dainst.org/entity/3586137,37.905887,22.878546,NULL," - object|graphêon the tomb of Xenodike,  road to Sikyon"
2.7.4,Ἀχαιῶν,http://pleiades.stoa.org/places/570028,38.102121472776034,22.224585911364017,region," - "
2.7.4,Δύμην,http://pleiades.stoa.org/places/570205,38.144625,21.551425,settlement," - "
2.7.4,"Μεγάλῃ πόλει",http://pleiades.stoa.org/places/570467,37.414256,22.126238,settlement," - "
2.7.4,Πελλήνην,http://pleiades.stoa.org/places/570576,38.0446,22.5384,settlement," - "
2.7.4,Σελλασίαν,http://pleiades.stoa.org/places/570662,37.166485,22.416414,settlement," - "
2.7.4,Σικυωνίοις,http://pleiades.stoa.org/places/570668,37.98336,22.71135,settlement," - "
2.7.5,ἄνδρα,http://arachne.dainst.org/entity/3586139,37.983516,22.713665,NULL," - "
2.7.5,γυναῖκας,http://arachne.dainst.org/entity/3652670,37.983516,22.713665,NULL," - "
2.7.5,θέατρον,http://topostext.org/place/380227BSTh,37.98417,22.71145,NULL," - "
2.7.5,θεός,http://arachne.dainst.org/entity/3586140,37.983516,22.713665,NULL," - "
2.7.5,οὗτοί,http://arachne.dainst.org/entity/4020517,37.983516,22.713665,NULL," - "
2.7.5,Σικυωνίοις,http://pleiades.stoa.org/places/570668,37.98336,22.71135,settlement," - "
2.7.5,"τὸ ἄγαλμα τῆς Τύχης",http://arachne.dainst.org/entity/3586138,37.983516,22.713665,NULL," - "
2.7.5,"τοῦ θεάτρου",http://topostext.org/place/380227BSTh,37.98417,22.71145,NULL," - "
2.7.6,Βάκχειον,http://arachne.dainst.org/entity/3888093,37.983516,22.713665,NULL," - "
2.7.6,Θηβαῖος,http://topostext.org/place/383233PThe,38.3191,23.3178,NULL," - "
2.7.6,Θηβῶν,http://pleiades.stoa.org/places/541138,38.318092,23.255096,"sanctuary,settlement"," - "
2.7.6,Λύσιος,http://arachne.dainst.org/entity/3888094,37.983516,22.713665,NULL," - "
2.7.6,Πελοπόννησον,http://pleiades.stoa.org/places/570577,37.25289777692308,22.312752688461543,"peninsula,region"," - "
2.7.6,Σικυῶνα,http://pleiades.stoa.org/places/570668,37.98336,22.71135,settlement," - "
2.7.6,"τοῦ ἀγάλματος",http://arachne.dainst.org/entity/3586142,37.983516,22.713665,NULL," - object|agalmaNo image in the temple of Artemis of the Lake due to destruction or due to removal"
2.7.7,Αἰγιάλειαν,http://pleiades.stoa.org/places/570668,37.98336,22.71135,settlement," - "
2.7.7,Κρήτην,http://pleiades.stoa.org/places/589748,35.21984439173344,24.995769971494504,island," - "
2.7.7,"τῇ Αἰγιαλείᾳ",http://pleiades.stoa.org/places/570668,37.98336,22.71135,settlement," - "
2.7.8,"Σύθαν ποταμὸν",http://pleiades.stoa.org/places/570700,38.08036,22.62377,river," - "
2.7.8,"τὸν Σύθαν",http://pleiades.stoa.org/places/570700,38.08036,22.62377,river," - "
2.7.9,Μαίανδρον,http://pleiades.stoa.org/places/599777,37.6220196,27.4713446,river," - "
2.7.9,Σικυωνία,http://pleiades.stoa.org/places/570668,37.98336,22.71135,settlement," - "
2.7.9,"τὸ ἄγαλμα",http://arachne.dainst.org/entity/3586141,37.983516,22.713665,NULL," - "
2.7.9,"τὸν Μαρσύαν",http://pleiades.stoa.org/places/638986,38.25,30.25,river," - "
2.7.9,"τῷ Ἀσωπῷ",http://pleiades.stoa.org/places/570131,37.75,22.75,river," - "
2.8.1,Ἑλλήνων,http://pleiades.stoa.org/places/1001896,37.5,22.5,province," - "
2.8.1,Σικυωνίων,http://pleiades.stoa.org/places/570668,37.98336,22.71135,settlement," - "
2.8.1,"τῇ νῦν πόλει",http://pleiades.stoa.org/places/570668,37.98336,22.71135,settlement," - built|polis|Pauspresent polis of Sicyon"
2.8.1,"τὴν κάτω πόλιν",http://pleiades.stoa.org/places/570668,37.98336,22.71135,settlement," - built|katō polisThe lower city of Sicyon"
2.8.3,Ἀργείοις,http://pleiades.stoa.org/places/570106,37.631561,22.719464,settlement," - "
2.8.3,Σικυωνίοις,http://pleiades.stoa.org/places/570668,37.98336,22.71135,settlement," - "
2.8.3,"Σικυωνίων φυγάσι",http://pleiades.stoa.org/places/570668,37.98336,22.71135,settlement," - "
2.8.4,Αἰτωλῶν,http://topostext.org/place/386215RAit,38.6,21.5,NULL," - "
2.8.4,Ἀμφισσέας,http://topostext.org/place/385224PAmp,38.53,22.374,NULL," - "
2.8.4,Ἀχαιῶν,http://pleiades.stoa.org/places/570028,38.102121472776034,22.224585911364017,region," - "
2.8.4,γῆν,http://topostext.org/place/386215RAit,38.6,21.5,NULL," - "
2.8.4,Ἕλλησι,http://pleiades.stoa.org/places/1001896,37.5,22.5,province," - "
2.8.4,Κόρινθον,http://pleiades.stoa.org/places/570182,37.906045,22.878721,"sanctuary,settlement,fort"," - "
2.8.4,Λοκροὺς,http://pleiades.stoa.org/places/452369,38.20782,16.23715,"stoa,townhouse,theatre,sanctuary,settlement"," - "
2.8.4,Μακεδόνας,http://pleiades.stoa.org/places/981531,42.5,22.5,province," - "
2.8.4,Μακεδόνων,http://pleiades.stoa.org/places/981531,42.5,22.5,province," - "
2.8.4,Σικυωνίους,http://pleiades.stoa.org/places/570668,37.98336,22.71135,settlement," - "
2.8.4,στρατηγὸς,http://pleiades.stoa.org/places/570668,37.98336,22.71135,settlement," - "
2.8.5,Ἀχαιοὺς,http://pleiades.stoa.org/places/570028,38.102121472776034,22.224585911364017,region," - "
2.8.5,Ἐπιδαύριοι,http://pleiades.stoa.org/places/570228,37.596111,23.079167,"theatre,sanctuary,settlement"," - "
2.8.5,ἰσθμοῦ,http://pleiades.stoa.org/places/570317,37.9510881,22.9602226,isthmus," - "
2.8.5,Κόρινθον,http://pleiades.stoa.org/places/570182,37.906045,22.878721,"sanctuary,settlement,fort"," - "
2.8.5,Λακεδαιμόνιοι,http://pleiades.stoa.org/places/570406,37.07624042080912,22.46082645177671,region," - "
2.8.5,Μεγαρεῖς,http://pleiades.stoa.org/places/570468,37.2038,15.18273,"region,settlement"," - "
2.8.5,οἴκαδε,http://pleiades.stoa.org/places/570406,37.07624042080912,22.46082645177671,region," - "
2.8.5,Πελλήνην,http://pleiades.stoa.org/places/570576,38.0446,22.5384,settlement," - "
2.8.5,Τροιζήνιοι,http://pleiades.stoa.org/places/570756,37.50303,23.34845,settlement," - "
2.8.6,Ἀθηναίοις,http://pleiades.stoa.org/places/579885,37.971687,23.726464,settlement," - "
2.8.6,Ἄργει,http://pleiades.stoa.org/places/570106,37.631561,22.719464,settlement," - "
2.8.6,Ἀργείοις,http://pleiades.stoa.org/places/570106,37.631561,22.719464,settlement," - "
2.8.6,Λακεδαιμονίων,http://pleiades.stoa.org/places/570406,37.07624042080912,22.46082645177671,region," - "
2.8.6,Μακεδόνων,http://pleiades.stoa.org/places/981531,42.5,22.5,province," - "
2.8.6,Μαντίνειάν,http://pleiades.stoa.org/places/570459,37.618138,22.393259,settlement," - "
2.8.6,Μουνυχίαν,http://pleiades.stoa.org/places/116035285,37.9406,23.6559,"hill,fort"," - "
2.8.6,Πειραιᾶ,http://pleiades.stoa.org/places/580062,37.937222,23.644609,"theatre,region,settlement,fort"," - "
2.8.6,Πελοποννήσῳ,http://pleiades.stoa.org/places/570577,37.25289777692308,22.312752688461543,"peninsula,region"," - "
2.8.6,Σαλαμῖνα,http://pleiades.stoa.org/places/580101,37.93,23.51,island," - "
2.8.6,Σούνιον,http://pleiades.stoa.org/places/580107,37.683423,24.0359195,"sanctuary,settlement,temple-2"," - "
2.8.6,"τὸ Ἀχαϊκὸν",http://pleiades.stoa.org/places/570028,38.102121472776034,22.224585911364017,region," - "
2.9.1,Ἀχαιοῖς,http://pleiades.stoa.org/places/570028,38.102121472776034,22.224585911364017,region," - "
2.9.1,Ἑλλήνων,http://pleiades.stoa.org/places/1001896,37.5,22.5,province," - "
2.9.1,οἰκίας,http://pleiades.stoa.org/places/570685,37.08149,22.42454,"theatre,temple,settlement,temple-2"," - built|oikiathe royal house in Sparta"
2.9.1,Σπάρτῃ,http://pleiades.stoa.org/places/570685,37.08149,22.42454,"theatre,temple,settlement,temple-2"," - "
2.9.2,Ἀχαιοὶ,http://pleiades.stoa.org/places/570028,38.102121472776034,22.224585911364017,region," - "
2.9.2,Ἀχαιῶν,http://pleiades.stoa.org/places/570028,38.102121472776034,22.224585911364017,region," - "
2.9.2,Δύμην,http://pleiades.stoa.org/places/570205,38.144625,21.551425,settlement," - "
2.9.2,Λακεδαιμονίοις,http://pleiades.stoa.org/places/570406,37.07624042080912,22.46082645177671,region," - "
2.9.2,Λακεδαίμων,http://pleiades.stoa.org/places/570406,37.07624042080912,22.46082645177671,region," - "
2.9.2,Μεγαλοπολίτας,http://pleiades.stoa.org/places/570467,37.414256,22.126238,settlement," - "
2.9.2,Πατρῶν,http://pleiades.stoa.org/places/570567,38.243265,21.738518,settlement," - "
2.9.2,Πελοπόννησον,http://pleiades.stoa.org/places/570577,37.25289777692308,22.312752688461543,"peninsula,region"," - "
2.9.2,Σελλασία,http://pleiades.stoa.org/places/570662,37.166485,22.416414,settlement," - "
2.9.2,Σελλασίαν,http://pleiades.stoa.org/places/570662,37.166485,22.416414,settlement," - "
2.9.2,Σικυῶνος,http://pleiades.stoa.org/places/570668,37.98336,22.71135,settlement," - "
2.9.3,"Αἰγυπτίων ἄνδρας",http://pleiades.stoa.org/places/981503,19.211408766666665,30.567329633333333,region," - "
2.9.3,Αἴγυπτον,http://pleiades.stoa.org/places/981503,19.211408766666665,30.567329633333333,region," - "
2.9.3,Ἀλεξανδρεῦσιν,http://pleiades.stoa.org/places/727197,31.213931,29.885661,lighthouse," - "
2.9.3,Λακεδαιμόνιοι,http://pleiades.stoa.org/places/570406,37.07624042080912,22.46082645177671,region," - "
2.9.4,Ἀθηναίους,http://pleiades.stoa.org/places/579885,37.971687,23.726464,settlement," - "
2.9.4,Αἰγίου,http://pleiades.stoa.org/places/570049,38.252707,22.081952,settlement," - "
2.9.4,δήμῳ,http://pleiades.stoa.org/places/579885,37.971687,23.726464,settlement," - "
2.9.4,Σικυῶνα,http://pleiades.stoa.org/places/570668,37.98336,22.71135,settlement," - "
2.9.6,κίονί,http://arachne.dainst.org/entity/3586144,37.983516,22.713665,NULL," - object|kiôn|Artemis Patrōalooks like pillar"
2.9.6,Κίρρᾳ,http://pleiades.stoa.org/places/540868,38.428937,22.450621,settlement," - "
2.9.6,"παρὰ δὲ αὐτὸν",http://arachne.dainst.org/entity/3586146,37.983516,22.713665,NULL," - "
2.9.6,πυραμίδι,http://arachne.dainst.org/entity/3586143,37.983516,22.713665,NULL," - built|pyramisin Sikyon"
2.9.6,τέχνη,http://arachne.dainst.org/entity/3586145,37.983516,22.713665,NULL," - "
2.9.7,Σικυωνίων,http://pleiades.stoa.org/places/570668,37.98336,22.71135,settlement," - "
2.9.8,εἰκόνες,http://arachne.dainst.org/entity/3652671,37.983516,22.713665,NULL," - object|eikones|daughters of Proitus|Pausafter the hieron of Apollo Lykios in Sicyonn"
2.9.8,Ἑρμῆς,http://arachne.dainst.org/entity/3586148,37.983516,22.713665,NULL," - object|statue|Hermes Agoraios|Q41484in Sicyon close to the statue of Heracles in Sicyon"
2.9.8,"Ἡρακλῆς χαλκοῦς",http://arachne.dainst.org/entity/3586147,37.983516,22.713665,NULL," - object|statue|Heracles|Paus|Q122248next to hieron of Apollo Lykius"
2.9.8,Σικυώνιος,http://topostext.org/place/380227PSik,37.9834,22.7145,NULL," - "
2.10.1,Ἡρακλῆς,http://arachne.dainst.org/entity/3586149,37.983516,22.713665,NULL," - "
2.10.1,"ξόανον ἀρχαῖον",http://arachne.dainst.org/entity/3586150,37.983516,22.713665,NULL," - built|xoanon|HeraclesIn the Sanctuary of Heracles in Sicyon"
2.10.1,Σικυωνίᾳ,http://pleiades.stoa.org/places/570668,37.98336,22.71135,settlement," - "
2.10.1,Σικυώνιοι,http://pleiades.stoa.org/places/570668,37.98336,22.71135,settlement," - "
2.10.1,Φλιασίου,http://pleiades.stoa.org/places/570602,37.846299,22.649131,settlement," - "
2.10.2,ἄγαλμά,http://arachne.dainst.org/entity/3586152,37.983516,22.713665,NULL," - object|agalma|Pan|PausIn Asclepieion in Sikyon"
2.10.2,"ἄγαλμα Ὀνείρου καὶ Ὕπνος",http://arachne.dainst.org/entity/3888324,37.983516,22.713665,NULL," - object|agalma|Oneiros and Hypnos|PausIn the portico of Asclepius' sanctuary in Sikyon"
2.10.2,Ἄρτεμις,http://arachne.dainst.org/entity/3586153,37.983516,22.713665,NULL," - object|agalma|Artemis|Q39503in Asclepieion in Sikyon"
2.10.2,"τῆς κεφαλῆς",http://arachne.dainst.org/entity/3586151,37.983516,22.713665,NULL," - object|kephalê|Hypnos|Paushead of Hypnos in a double building in the eclosuree of Asclepius at Sikyon"
2.10.3,ἀγάλματά,http://arachne.dainst.org/entity/3888325,37.983516,22.713665,NULL," - object|agalma|Pausundefined agalmata hanging from the room of Asclepieion"
2.10.3,Ἐπιδαύρου,http://pleiades.stoa.org/places/570228,37.596111,23.079167,"theatre,sanctuary,settlement"," - "
2.10.3,θεός,http://arachne.dainst.org/entity/3586154,37.983516,22.713665,NULL," - object|statue|Asclepius|Pausin Asclepieion in Sikyon"
2.10.3,Σικυωνίαν,http://dare.ht.lu.se/places/21937,37.98336,22.71135,settlement," - "
2.10.3,"τὴν δὲ",http://arachne.dainst.org/entity/3888097,37.983516,22.713665,NULL," - "
2.10.4,ἄγαλμά,http://arachne.dainst.org/entity/3586155,37.983516,22.713665,NULL," - "
2.10.4,Σικυωνίους,http://pleiades.stoa.org/places/570668,37.98336,22.71135,settlement," - "
2.10.5,Ἀπόλλωνα,http://arachne.dainst.org/entity/3586160,38.323923,23.31992,NULL," - "
2.10.5,Διδύμοις,http://pleiades.stoa.org/places/599593,37.384829,27.256115,"sanctuary,temple-2"," - "
2.10.5,Θηβαίοις,http://pleiades.stoa.org/places/541138,38.318092,23.255096,"sanctuary,settlement"," - "
2.10.5,Μιλησίων,http://pleiades.stoa.org/places/599799,37.5292362,27.2774885,"theatre,settlement,port"," - "
2.10.5,Σικυώνιος,http://topostext.org/place/380227PSik,37.9834,22.7145,NULL," - "
2.10.5,"τὸ μὲν δὴ ἄγαλμα",http://arachne.dainst.org/entity/3586156,37.983516,22.713665,NULL," - "
2.10.5,τὸν,http://arachne.dainst.org/entity/3585954,37.385132,27.256715,NULL," - "
2.10.6,"τῆς Σικυωνίας",http://pleiades.stoa.org/places/570668,37.98336,22.71135,settlement," - "
2.10.7,"τὰ ἐς ἰξὺν",http://arachne.dainst.org/entity/3586158,37.983516,22.713665,NULL," - "
2.10.7,"τὰ κάτω",http://arachne.dainst.org/entity/3586159,37.983516,22.713665,NULL," - "
2.10.7,"τὸ ξόανον",http://arachne.dainst.org/entity/3586157,37.983516,22.713665,NULL," - "
2.10.7,Φερῶν,http://pleiades.stoa.org/places/541044,39.384163,22.737728,"settlement,temple-2"," - "
2.11.1,"Ἀποτρόπαιοι θεοί",http://arachne.dainst.org/entity/3652672,37.983516,22.713665,NULL," - Apotropaioi Theoi|Paus|object|Q25338401Averter Gods of Sikyon, sanctuary"
2.11.1,Ἕλληνες,http://pleiades.stoa.org/places/1001896,37.5,22.5,province," - "
2.11.2,Σικυῶνα,http://pleiades.stoa.org/places/570668,37.98336,22.71135,settlement," - "
2.11.3,Δήμητρος,http://arachne.dainst.org/entity/3888099,37.983516,22.713665,NULL," - "
2.11.3,Διονύσου,http://arachne.dainst.org/entity/3888098,37.983516,22.713665,NULL," - "
2.11.3,Σικυῶνος,http://pleiades.stoa.org/places/570668,37.98336,22.71135,settlement," - "
2.11.3,Τιτάνην,http://pleiades.stoa.org/places/570741,37.92049,22.62501,settlement," - "
2.11.3,Φλιοῦντα,http://pleiades.stoa.org/places/570602,37.846299,22.649131,settlement," - "
2.11.4,Ἀθηναῖοι,http://pleiades.stoa.org/places/579885,37.971687,23.726464,settlement," - "
2.11.4,Σικυώνιοι,http://pleiades.stoa.org/places/570668,37.98336,22.71135,settlement," - "
2.11.4,"τὸν Ἀσωπόν",http://pleiades.stoa.org/places/570131,37.75,22.75,river," - "
2.11.5,Σικυωνίαν,http://pleiades.stoa.org/places/570668,37.98336,22.71135,settlement," - "
2.11.5,Τιτάνῃ,http://pleiades.stoa.org/places/570741,37.92049,22.62501,settlement," - "
2.11.5,Τιτάνην,http://pleiades.stoa.org/places/570741,37.92049,22.62501,settlement," - "
2.11.5,"τὸν Ἀσωπὸν",http://topostext.org/place/378228WAso,37.975,22.734,NULL," - "
2.11.6,ἄγαλμα,http://arachne.dainst.org/entity/3586162,37.920303,22.622652,NULL," - object|agalma|Hygeia|Pausstatue of Hygeia at Asclepieion in Titane"
2.11.6,Βαβυλωνίας,http://pleiades.stoa.org/places/893951,32.53617,44.42082,"settlement,urban"," - "
2.11.6,"τὸ δὲ ἄγαλμα",http://arachne.dainst.org/entity/3586161,37.920303,22.622652,NULL," - "
2.11.6,"τοῦ ἀγάλματος",http://arachne.dainst.org/entity/3586161,37.920303,22.622652,NULL," - object|agalma|Asclepius|Pausstatue of Asclepius in Titane"
2.11.7,ἀγάλματά,http://arachne.dainst.org/entity/3586163,37.920303,22.622652,NULL," - "
2.11.7,Εὐαμερίωνι,http://arachne.dainst.org/entity/3586164,37.920303,22.622652,NULL," - object|agalma|Euameriôn|Q16332133At the Asclepieion in Titane"
2.11.7,Κορωνίδα,http://arachne.dainst.org/entity/3586165,37.920303,22.622652,NULL," - object|xoanon|Korōnis|Q725286at Asclepieion in Titane"
2.11.7,ξόανον,http://arachne.dainst.org/entity/3586165,37.920303,22.622652,NULL," - object|xoanon|KorōnisIn the Asclepieion at Titane"
2.11.8,ἀνὴρ,http://arachne.dainst.org/entity/3586172,37.920303,22.622652,NULL," - "
2.11.8,Ἀσκληπιὸς,http://arachne.dainst.org/entity/3586171,37.920303,22.622652,NULL," - object|statue|Asclepius Gortynios|Q83223At Asclepieion in Titane"
2.11.8,Ἀφροδίτη,http://arachne.dainst.org/entity/3586168,37.920303,22.622652,NULL," - "
2.11.8,Διονύσου,http://arachne.dainst.org/entity/3586166,37.920303,22.622652,NULL," - "
2.11.8,Ἑκάτης,http://arachne.dainst.org/entity/3586167,37.920303,22.622652,NULL," - "
2.11.8,Ἡρακλῆς,http://arachne.dainst.org/entity/3888102,37.920303,22.622652,NULL," - object|statue|Heracles|Q122248At Asclepieion in Titane"
2.11.8,"Μήτηρ θεῶν",http://arachne.dainst.org/entity/3586169,37.920303,22.622652,NULL," - "
2.11.8,Νῖκαι,http://arachne.dainst.org/entity/3888101,37.920303,22.622652,NULL," - object|statue|NikaiAt Asclepieion in Titane, Personification"
2.11.8,Ὀλυμπίασι,http://pleiades.stoa.org/places/570531,37.637849,21.630126,"palaistra,sanctuary,temple-2"," - Olympic GamesOlympic Games"
2.11.8,Σικυώνιος,http://pleiades.stoa.org/places/570668,37.98336,22.71135,settlement," - "
2.11.8,Τύχη,http://arachne.dainst.org/entity/3586170,37.920303,22.622652,NULL," - "
2.12.1,"ξόανον Ἀθηνᾶς",http://arachne.dainst.org/entity/3586173,37.920303,22.622652,NULL," - object|xoanon|Athena|PausIn Athena's sanctuary at Titane"
2.12.1,Τιτάνῃ,http://pleiades.stoa.org/places/570741,37.92049,22.62501,settlement," - "
2.12.2,Ἀριστοναύτας,http://pleiades.stoa.org/places/570109,38.076814,22.635738,settlement," - "
2.12.2,Ἑλισσών,http://pleiades.stoa.org/places/570284,37.75,22.75,river," - "
2.12.2,θάλασσαν,http://pleiades.stoa.org/places/570181,38.175407050000004,22.395744800000003,water-open," - "
2.12.2,θάλασσαν,http://pleiades.stoa.org/places/560221,37.42245628773585,25.8829628235849,water-open," - "
2.12.2,Πελληνέων,http://pleiades.stoa.org/places/570576,38.0446,22.5384,settlement," - "
2.12.2,Σικυῶνα,http://pleiades.stoa.org/places/570668,37.98336,22.71135,settlement," - "
2.12.2,Σικυωνίων,http://pleiades.stoa.org/places/570668,37.98336,22.71135,settlement," - "
2.12.2,Σύθας,http://pleiades.stoa.org/places/570700,38.08036,22.62377,river," - "
2.12.2,Τιτάνης,http://pleiades.stoa.org/places/570741,37.92049,22.62501,settlement," - "
2.12.3,Ἀργεῖοί,http://pleiades.stoa.org/places/570106,37.631561,22.719464,settlement," - "
2.12.3,Ἀρκάδων,http://pleiades.stoa.org/places/570102,37.567419268449626,22.165323097346306,region," - "
2.12.3,Ἀρκάσι,http://pleiades.stoa.org/places/570102,37.567419268449626,22.165323097346306,region," - "
2.12.3,Πελοπόννησον,http://pleiades.stoa.org/places/570577,37.25289777692308,22.312752688461543,"peninsula,region"," - "
2.12.3,Σικυωνίων,http://pleiades.stoa.org/places/570668,37.98336,22.71135,settlement," - "
2.12.3,Σικυῶνος,http://pleiades.stoa.org/places/570668,37.98336,22.71135,settlement," - "
2.12.3,"τῆς Σικυωνίων",http://pleiades.stoa.org/places/570668,37.98336,22.71135,settlement," - "
2.12.3,Τιτάνης,http://pleiades.stoa.org/places/570741,37.92049,22.62501,settlement," - "
2.12.3,Φλιασία,http://pleiades.stoa.org/places/570602,37.846299,22.649131,settlement," - "
2.12.3,Φλιάσιοι,http://pleiades.stoa.org/places/570602,37.846299,22.649131,settlement," - "
2.12.3,Φλιασίους,http://pleiades.stoa.org/places/570602,37.846299,22.649131,settlement," - "
2.12.4,Ἀσωπόν,http://pleiades.stoa.org/places/570131,37.75,22.75,river," - "
2.12.4,γῇ,http://pleiades.stoa.org/places/570602,37.846299,22.649131,settlement," - "
2.12.4,Ἐλευσίνιον,http://pleiades.stoa.org/places/579920,38.041096,23.538311,"sanctuary,settlement"," - "
2.12.4,ποταμοῦ,http://pleiades.stoa.org/places/570131,37.75,22.75,river," - "
2.12.4,Φλιασίοις,http://pleiades.stoa.org/places/570602,37.846299,22.649131,settlement," - "
2.12.5,Φλιάσιοι,http://pleiades.stoa.org/places/570602,37.846299,22.649131,settlement," - "
2.12.5,χώρας,http://pleiades.stoa.org/places/570602,37.846299,22.649131,settlement," - "
2.12.6,Ἀσωποῖο,http://topostext.org/place/378228WAso,37.975,22.734,NULL," - "
2.12.6,γῇ,http://pleiades.stoa.org/places/570602,37.846299,22.649131,settlement," - "
2.12.6,Ῥοδίου,http://topostext.org/place/364282IRho,36.4408,28.2244,NULL," - "
2.13.1,Ἄργους,http://pleiades.stoa.org/places/570106,37.631561,22.719464,settlement," - "
2.13.1,Ἀρκάδων,http://pleiades.stoa.org/places/570102,37.567419268449626,22.165323097346306,region," - "
2.13.1,Πελοπόννησος,http://pleiades.stoa.org/places/570577,37.25289777692308,22.312752688461543,"peninsula,region"," - "
2.13.1,Σικυωνίας,http://pleiades.stoa.org/places/570668,37.98336,22.71135,settlement," - "
2.13.1,"τοῖς μὲν",http://pleiades.stoa.org/places/570602,37.846299,22.649131,settlement," - "
2.13.1,Φλιασίων,http://pleiades.stoa.org/places/570602,37.846299,22.649131,settlement," - "
2.13.1,Φλιοῦντα,http://pleiades.stoa.org/places/570602,37.846299,22.649131,settlement," - "
2.13.2,Σάμον,http://pleiades.stoa.org/places/599926,37.73,26.84,"island,sanctuary,settlement,temple-2"," - "
2.13.2,Σικυώνιοι,http://pleiades.stoa.org/places/570668,37.98336,22.71135,settlement," - "
2.13.2,"τοῖς ἐθέλουσιν",http://pleiades.stoa.org/places/570602,37.846299,22.649131,settlement," - "
2.13.2,"τοῦ δήμου",http://pleiades.stoa.org/places/570602,37.846299,22.649131,settlement," - "
2.13.2,Φλιάσιοι,http://pleiades.stoa.org/places/570602,37.846299,22.649131,settlement," - "
2.13.3,"ἀρχαιότατοι Φλιασίων",http://pleiades.stoa.org/places/570602,37.846299,22.649131,settlement," - "
2.13.3,"οἱ δὲ ὕστερον",http://pleiades.stoa.org/places/570602,37.846299,22.649131,settlement," - "
2.13.3,Φλιασίων,http://pleiades.stoa.org/places/570602,37.846299,22.649131,settlement," - "
2.13.4,ἄγαλμα,http://arachne.dainst.org/entity/3586174,37.84521,22.64686,NULL," - object|agalma|Hera|Pausin Hera's temple, on the left of Hebe's sanctuary in Phliasia"
2.13.4,Φλιασίοις,http://pleiades.stoa.org/places/570602,37.846299,22.649131,settlement," - "
2.13.5,ἄγαλμα,http://arachne.dainst.org/entity/3888327,37.84521,22.64686,NULL," - "
2.13.5,ἄγαλμα,http://arachne.dainst.org/entity/3586175,37.84521,22.64686,NULL," - object|agalma|Artemis|Pausbronze statue of Artemis in the sacred enclosure of Demeter in the Akropolis of Phliasia"
2.13.5,ἄγαλμα,http://arachne.dainst.org/entity/3586176,37.84521,22.64686,NULL," - object|agalma|Asclepius|Pausin the temple of Asclepius, on the right as one goes down from the Akropolis of Phlious"
2.13.5,ἀγάλματα,http://arachne.dainst.org/entity/3652673,37.84521,22.64686,NULL," - object|agalma|old seated statues|Pausseated statues in the sannctuary of Demeter not far from the theatre in Phlious"
2.13.5,"τῆς παιδός·",http://arachne.dainst.org/entity/3888104,37.84521,22.64686,NULL," - "
2.13.6,"αἲξ χαλκῆ",http://arachne.dainst.org/entity/3586177,37.84521,22.64686,NULL," - object|statue|she-goat|Pausbronzen sea-goat in the Agora of Phlious"
2.13.6,"οἱ δὲ",http://pleiades.stoa.org/places/570602,37.846299,22.649131,settlement," - "
2.13.6,Φλιασίοις,http://pleiades.stoa.org/places/570602,37.846299,22.649131,settlement," - "
2.13.6,"χαλκῆν αἶγα",http://arachne.dainst.org/entity/3586177,37.84521,22.64686,NULL," - built|statue|she-goat|decorated with goldin the Agora of Phlious, bronze she-goat decorated with gold"
2.13.7,ἄγαλμα,http://arachne.dainst.org/entity/3586178,37.84521,22.64686,NULL," - object|agalma|Dionysus|Pausin the sanctuary of Dionysus, farther on from the Omphalos, not far from the house of divination, behind the Agora in Phlious"
2.13.7,Πελοποννήσου,http://pleiades.stoa.org/places/570577,37.25289777692308,22.312752688461543,"peninsula,region"," - "
2.13.7,"τὸ δὲ τῆς Ἴσιδος",http://arachne.dainst.org/entity/3586180,37.84521,22.64686,NULL," - object|agalma|Isisin the sanctuary of Isis, farther on from the Omphalos, not far from the house of divination, behind the Agora in Phlious"
2.13.7,"τὸ τοῦ Ἀπόλλωνος",http://arachne.dainst.org/entity/3586179,37.84521,22.64686,NULL," - object|agalma|Apollo|PausIn the sanctuary of Apollo, farther on from the Omphalos, not far from the house of divination, behind the Agora in Phlious"
2.13.7,Φλιάσιοί,http://pleiades.stoa.org/places/570602,37.846299,22.649131,settlement," - "
2.13.7,Φλιασίων,http://pleiades.stoa.org/places/570602,37.846299,22.649131,settlement," - "
2.13.8,ἀγάλματα,http://arachne.dainst.org/entity/3888328,37.84521,22.64686,NULL," - object|statues of Kyathos and Heraclesstatues of Kyathos and Heracles made of stone in the building next to the sanctuary of Apollo in Phlious"
2.13.8,Αἰτωλίας,http://pleiades.stoa.org/places/540591,38.51586100952381,21.759714990476194,region," - "
2.13.8,Ἡρακλεῖ,http://arachne.dainst.org/entity/3888105,37.84521,22.64686,NULL," - object|agalma|Heracles|Q122248statue of Heracles made of stone in the building next to the sanctuary of Apollo in Phlious"
2.13.8,Κύαθον,http://arachne.dainst.org/entity/3888106,37.84521,22.64686,NULL," - object|agalma|Kyathos|Q12879770statue of Heracles made of stone in the building next to the sanctuary of Apollo in Phlious"
2.13.8,Λιβύης,http://pleiades.stoa.org/places/716588,31.5,26.5,region," - "
2.13.8,Φλιασίοις,http://pleiades.stoa.org/places/570602,37.846299,22.649131,settlement," - "
2.13.8,Φλιασίων,http://pleiades.stoa.org/places/570602,37.846299,22.649131,settlement," - "
2.13.8,Φλιοῦντα,http://pleiades.stoa.org/places/570602,37.846299,22.649131,settlement," - "
2.14.1,Ἐλευσῖνι,http://pleiades.stoa.org/places/579920,38.041096,23.538311,"sanctuary,settlement"," - "
2.14.1,πόλεως,http://pleiades.stoa.org/places/570602,37.846299,22.649131,settlement," - "
2.14.1,Φλιάσιοι,http://pleiades.stoa.org/places/570602,37.846299,22.649131,settlement," - "
2.14.2,Ἀθηναίοις,http://pleiades.stoa.org/places/579885,37.971687,23.726464,settlement," - "
2.14.2,Ἐλευσῖνι,http://pleiades.stoa.org/places/579920,38.041096,23.538311,"sanctuary,settlement"," - "
2.14.2,Ἐλευσινίους,http://pleiades.stoa.org/places/579920,38.041096,23.538311,"sanctuary,settlement"," - "
2.14.2,Ἐλευσινίων,http://pleiades.stoa.org/places/579920,38.041096,23.538311,"sanctuary,settlement"," - "
2.14.2,Ἐλευσῖνος,http://pleiades.stoa.org/places/579920,38.041096,23.538311,"sanctuary,settlement"," - "
2.14.2,Φλιασίοις,http://pleiades.stoa.org/places/570602,37.846299,22.649131,settlement," - "
2.14.3,Ἐλευσίνιον,http://topostext.org/place/380235PEle,38.0441,23.5415,NULL," - "
2.14.3,ἐνταῦθα,http://pleiades.stoa.org/places/570602,37.846299,22.649131,settlement," - "
2.14.3,"ἐπιφανέσιν Ἐλευσινίων",http://pleiades.stoa.org/places/579920,38.041096,23.538311,"sanctuary,settlement"," - "
2.14.3,Φλιάσιοί,http://pleiades.stoa.org/places/570602,37.846299,22.649131,settlement," - "
2.14.4,Ἀθήνῃσιν,http://pleiades.stoa.org/places/579885,37.971687,23.726464,settlement," - "
2.14.4,Φλιάσιοί,http://pleiades.stoa.org/places/570602,37.846299,22.649131,settlement," - "
2.14.4,Φλιασίων,http://pleiades.stoa.org/places/570602,37.846299,22.649131,settlement," - "
2.15.1,ἄγαλμα,http://arachne.dainst.org/entity/3586181,37.825,22.776,NULL," - "
2.15.1,Ἄργος,http://pleiades.stoa.org/places/570106,37.631561,22.719464,settlement," - "
2.15.1,Ἀσωπῷ,http://pleiades.stoa.org/places/570131,37.75,22.75,river," - "
2.15.1,Γόρτυνος,http://pleiades.stoa.org/places/589796,35.0627201667,24.9469437222,"urban,architecturalcomplex,theatre,church,settlement"," - "
2.15.1,Ἤλιδος,http://pleiades.stoa.org/places/570220,37.89131,21.37493,"theatre,settlement"," - "
2.15.1,Ἰσθμίων,http://pleiades.stoa.org/places/570317,37.9510881,22.9602226,isthmus," - physical|IsthmosIsthmian Games"
2.15.1,Κλεωναὶ,http://pleiades.stoa.org/places/570361,37.81708,22.75372,settlement," - "
2.15.1,Κλεωναῖς,http://pleiades.stoa.org/places/570361,37.81708,22.75372,settlement," - "
2.15.1,Κορίνθου,http://pleiades.stoa.org/places/570182,37.906045,22.878721,"sanctuary,settlement,fort"," - "
2.15.1,Σικυῶνα,http://pleiades.stoa.org/places/570668,37.98336,22.71135,settlement," - "
2.15.1,"τῇ πόλει",http://pleiades.stoa.org/places/570361,37.81708,22.75372,settlement," - "
2.15.1,Φλιασίοις,http://pleiades.stoa.org/places/570602,37.846299,22.649131,settlement," - "
2.15.2,ἄγαλμα,http://arachne.dainst.org/entity/3586182,37.808869,22.710323,NULL," - "
2.15.2,Ἄργος,http://pleiades.stoa.org/places/570106,37.631561,22.719464,settlement," - "
2.15.2,αὐτῇ,http://pleiades.stoa.org/places/570504,37.808904,22.7108171,"sanctuary,temple-2"," - "
2.15.2,"ἡ Νεμέα",http://pleiades.stoa.org/places/570504,37.808904,22.7108171,"sanctuary,temple-2"," - "
2.15.2,Κλεωνῶν,http://pleiades.stoa.org/places/570361,37.81708,22.75372,settlement," - "
2.15.2,ναόν,http://pleiades.stoa.org/places/109791198,37.809667,22.710651,temple-2," - "
2.15.2,ναός,http://pleiades.stoa.org/places/109791198,37.809667,22.710651,temple-2," - built|naos|Zeus Nemeios|Pausin Nemea"
2.15.2,Τρητοῦ,http://topostext.org/place/378227LTre,37.7867,22.7223,NULL," - "
2.15.3,Ἀπέσας,http://pleiades.stoa.org/places/570090,37.86195,22.74021,mountain," - "
2.15.3,Ἀργεῖοι,http://pleiades.stoa.org/places/570106,37.631561,22.719464,settlement," - "
2.15.3,Νεμέᾳ,http://pleiades.stoa.org/places/301013826,37.8073776,22.7147058,stadion," - "
2.15.3,Νεμέαν,http://pleiades.stoa.org/places/570504,37.808904,22.7108171,"sanctuary,temple-2"," - "
2.15.3,ὄρος,http://pleiades.stoa.org/places/570090,37.86195,22.74021,mountain," - "
2.15.3,"τῇ χώρᾳ",http://pleiades.stoa.org/places/570504,37.808904,22.7108171,"sanctuary,temple-2"," - "
2.15.4,Ἀργεῖοι,http://pleiades.stoa.org/places/570106,37.631561,22.719464,settlement," - "
2.15.4,Ἀργολίδι,http://pleiades.stoa.org/places/570104,37.6566371145232,22.92059272180843,region," - "
2.15.4,Ἄργος,http://pleiades.stoa.org/places/570106,37.631561,22.719464,settlement," - "
2.15.4,Ἕλληνες,http://pleiades.stoa.org/places/1001896,37.5,22.5,province," - "
2.15.4,Μυκηναίους,http://pleiades.stoa.org/places/570491,37.730833,22.756111,"settlement,tomb"," - "
2.15.4,Μυκηνῶν,http://pleiades.stoa.org/places/570491,37.730833,22.756111,"settlement,tomb"," - "
2.15.4,"Μυκηνῶν ἐρείπια",http://pleiades.stoa.org/places/570491,37.730833,22.756111,"settlement,tomb"," - built|settlement|Pausereipia"
2.15.4,ποταμὸν,http://topostext.org/place/378228WIna,37.625,22.744,NULL," - "
2.15.4,Τρητὸν,http://topostext.org/place/378227LTre,37.7867,22.7223,NULL," - "
2.15.5,Ἀστερίωνα,http://pleiades.stoa.org/places/570133,37.75,22.75,river," - "
2.15.5,γῇ,http://pleiades.stoa.org/places/570104,37.6566371145232,22.92059272180843,region," - "
2.15.5,γῆν,http://pleiades.stoa.org/places/570104,37.6566371145232,22.92059272180843,region," - "
2.15.5,Ἴναχον,http://pleiades.stoa.org/places/570313,37.75,22.75,river," - "
2.15.5,Ἴναχος,http://pleiades.stoa.org/places/570313,37.75,22.75,river," - "
2.15.5,Κηφισόν,http://pleiades.stoa.org/places/540700,38.75,22.75,river," - "
2.15.5,Λέρνῃ,http://pleiades.stoa.org/places/570424,37.55107,22.71809,settlement," - "
2.15.5,χώρας,http://pleiades.stoa.org/places/570104,37.6566371145232,22.92059272180843,region," - "
2.16.1,Αἴγυπτον,http://pleiades.stoa.org/places/981503,19.211408766666665,30.567329633333333,region," - "
2.16.1,Αἰγύπτου,http://pleiades.stoa.org/places/981503,19.211408766666665,30.567329633333333,region," - "
2.16.1,Ἕλληνες,http://pleiades.stoa.org/places/1001896,37.5,22.5,province," - "
2.16.1,χώραν,http://pleiades.stoa.org/places/570106,37.631561,22.719464,settlement," - "
2.16.2,Ἄργει,http://pleiades.stoa.org/places/570106,37.631561,22.719464,settlement," - "
2.16.2,Ἡραῖον,http://pleiades.stoa.org/places/570289,37.691944,22.774722,sanctuary," - "
2.16.2,Λάρισαν,http://pleiades.stoa.org/places/540905,39.64147,22.41474,settlement," - "
2.16.2,Μιδείαν,http://pleiades.stoa.org/places/570485,37.65,22.842,settlement," - "
2.16.2,Πηνειῷ,http://pleiades.stoa.org/places/570579,37.75,21.25,river," - "
2.16.2,"τῆς Ἀργείας",http://pleiades.stoa.org/places/570104,37.6566371145232,22.92059272180843,region," - "
2.16.2,Τίρυνθα,http://pleiades.stoa.org/places/570740,37.59918,22.80004,settlement," - "
2.16.2,Τίρυνθι,http://pleiades.stoa.org/places/570740,37.59918,22.80004,settlement," - "
2.16.3,Ἄργος,http://pleiades.stoa.org/places/570106,37.631561,22.719464,settlement," - "
2.16.3,γῆς,http://pleiades.stoa.org/places/570491,37.730833,22.756111,"settlement,tomb"," - "
2.16.3,Μυκήνας,http://pleiades.stoa.org/places/570491,37.730833,22.756111,"settlement,tomb"," - "
2.16.3,οἰκισμὸν,http://pleiades.stoa.org/places/570491,37.730833,22.756111,"settlement,tomb"," - "
2.16.3,πόλεως,http://pleiades.stoa.org/places/570491,37.730833,22.756111,"settlement,tomb"," - "
2.16.3,χωρίῳ,http://pleiades.stoa.org/places/570491,37.730833,22.756111,"settlement,tomb"," - "
2.16.4,Ἀμύκλαις,http://topostext.org/place/370224UAmy,37.0363,22.4502,NULL," - "
2.16.4,εἰκών,http://arachne.dainst.org/entity/3586183,37.02692,22.43636,NULL," - "
2.16.4,Ἕλληνες,http://pleiades.stoa.org/places/1001896,37.5,22.5,province," - "
2.16.4,Λακεδαιμόνιοι,http://pleiades.stoa.org/places/570406,37.07624042080912,22.46082645177671,region," - "
2.16.4,Λακεδαιμονίοις,http://pleiades.stoa.org/places/570406,37.07624042080912,22.46082645177671,region," - "
2.16.4,πόλει,http://pleiades.stoa.org/places/570491,37.730833,22.756111,"settlement,tomb"," - "
2.16.5,Ἀργεῖοι,http://pleiades.stoa.org/places/570106,37.631561,22.719464,settlement," - "
2.16.5,Ἀργείους,http://pleiades.stoa.org/places/570106,37.631561,22.719464,settlement," - "
2.16.5,Ἀργείων,http://pleiades.stoa.org/places/570106,37.631561,22.719464,settlement," - "
2.16.5,Θερμοπύλας,http://pleiades.stoa.org/places/541140,38.796511,22.538294,"shrine,pass,fort"," - "
2.16.5,Λακεδαιμονίοις,http://pleiades.stoa.org/places/570406,37.07624042080912,22.46082645177671,region," - "
2.16.5,λέοντες,http://arachne.dainst.org/entity/1145768,37.73081,22.75638,NULL," - "
2.16.5,Μυκηναῖοι,http://pleiades.stoa.org/places/570491,37.730833,22.756111,"settlement,tomb"," - "
2.16.5,Μυκήνας,http://pleiades.stoa.org/places/570491,37.730833,22.756111,"settlement,tomb"," - "
2.16.5,πύλη,http://pleiades.stoa.org/places/448885234,37.730833,22.756167,city-gate," - "
2.16.5,Τίρυνθι,http://pleiades.stoa.org/places/570740,37.59918,22.80004,settlement," - "
2.16.6,Ἀμύκλας,http://topostext.org/place/370224UAmy,37.0363,22.4502,NULL," - "
2.16.6,Ἰλίου,http://pleiades.stoa.org/places/550595,39.9577,26.23873,settlement," - "
2.16.6,Λακεδαιμονίων,http://pleiades.stoa.org/places/570406,37.07624042080912,22.46082645177671,region," - "
2.16.6,Μυκηνῶν,http://pleiades.stoa.org/places/570491,37.730833,22.756111,"settlement,tomb"," - "
2.17.1,Ἀστερίωνι,http://topostext.org/place/378228WAst,37.698,22.819,NULL," - "
2.17.1,Εὔβοιαν,http://pleiades.stoa.org/places/570245,37.70559,22.78573,mountain," - "
2.17.1,Εὐβοίας,http://pleiades.stoa.org/places/570245,37.70559,22.78573,mountain," - "
2.17.1,Ἡραῖον,http://pleiades.stoa.org/places/570289,37.691944,22.774722,sanctuary," - "
2.17.1,ἱερὸν,http://pleiades.stoa.org/places/570289,37.691944,22.774722,sanctuary," - "
2.17.1,Μυκηνῶν,http://pleiades.stoa.org/places/570491,37.730833,22.756111,"settlement,tomb"," - "
2.17.1,ποταμῷ,http://topostext.org/place/378228WAst,37.698,22.819,NULL," - "
2.17.2,Ἀστερίων,http://topostext.org/place/378228WAst,37.698,22.819,NULL," - "
2.17.2,αὐτοῦ,http://topostext.org/place/378228WAst,37.698,22.819,NULL," - "
2.17.2,Εὐβοίας,http://pleiades.stoa.org/places/570245,37.70559,22.78573,mountain," - "
2.17.2,Ἡραῖον,http://pleiades.stoa.org/places/570289,37.691944,22.774722,sanctuary," - "
2.17.2,Ἡραίου,http://pleiades.stoa.org/places/570289,37.691944,22.774722,sanctuary," - "
2.17.2,ὄχθαις,http://topostext.org/place/378228WAst,37.698,22.819,NULL," - "
2.17.2,"τὴν ὑπὸ τὸ Ἡραῖον χώραν",http://topostext.org/place/377226UPro,37.68,22.78,NULL," - physical|chōra|PausThe land beneath the Heraion in Argolid"
2.17.3,ἀγάλματά,http://arachne.dainst.org/entity/3652676,37.63333,22.73333,NULL," - "
2.17.3,Ἀργεῖον,http://pleiades.stoa.org/places/570106,37.631561,22.719464,settlement," - "
2.17.3,γένεσιν,http://arachne.dainst.org/entity/4061169,37.63333,22.73333,NULL," - "
2.17.3,"γιγάντων μάχην",http://arachne.dainst.org/entity/4061172,37.63333,22.73333,NULL," - "
2.17.3,γυναικῶν,http://arachne.dainst.org/entity/3652674,37.63333,22.73333,NULL," - "
2.17.3,ἡρώων,http://arachne.dainst.org/entity/3652675,37.63333,22.73333,NULL," - object|heroes|andriantesStatues of unnamed heroes at Argive Heraion"
2.17.3,Ἰλίου,http://pleiades.stoa.org/places/550595,39.9577,26.23873,settlement," - "
2.17.3,"Ἰλίου τὴν ἅλωσιν",http://arachne.dainst.org/entity/4061175,37.63333,22.73333,NULL," - "
2.17.3,Ἰλίῳ,http://pleiades.stoa.org/places/550595,39.9577,26.23873,settlement," - "
2.17.3,κίονάς,http://arachne.dainst.org/entity/4061198,37.63333,22.73333,NULL," - "
2.17.3,ναοῦ,http://pleiades.stoa.org/places/570289,37.691944,22.774722,sanctuary," - "
2.17.3,τὸν,http://arachne.dainst.org/entity/3586190,37.63333,22.73333,NULL," - "
2.17.3,"τὸν πρὸς Τροίαν πόλεμον",http://arachne.dainst.org/entity/4061178,37.63333,22.73333,NULL," - "
2.17.3,Τροίαν,http://pleiades.stoa.org/places/550595,39.9577,26.23873,settlement," - "
2.17.4,ἄγαλμα,http://arachne.dainst.org/entity/3586184,37.63333,22.73333,NULL," - "
2.17.4,Χάριτας,http://arachne.dainst.org/entity/3586184,37.63333,22.73333,NULL," - "
2.17.4,Ὥρας,http://arachne.dainst.org/entity/3586184,37.63333,22.73333,NULL," - "
2.17.5,ἄγαλμα,http://arachne.dainst.org/entity/3586191,37.63333,22.73333,NULL," - object|agalma|Heracarved statue of Hera on a pillar"
2.17.5,ἄγαλμα,http://arachne.dainst.org/entity/3586185,37.63333,22.73333,NULL," - "
2.17.5,Ἀργεῖοι,http://pleiades.stoa.org/places/570106,37.631561,22.719464,settlement," - "
2.17.5,Ἥρᾳ,http://arachne.dainst.org/entity/3586184,37.63333,22.73333,NULL," - "
2.17.5,Ἡραῖον,http://pleiades.stoa.org/places/570289,37.691944,22.774722,sanctuary," - "
2.17.5,Τίρυνθα,http://pleiades.stoa.org/places/570740,37.59918,22.80004,settlement," - "
2.17.5,"τὸ δὲ ἀρχαιότατον",http://arachne.dainst.org/entity/3586186,37.63333,22.73333,NULL," - object|statue|Herathe oldest statue of Hera, made of wild-pear wook, placed initially in Tirynth which the Argive brought to Heraion in Argolid"
2.17.6,ἀναθήματα,http://arachne.dainst.org/entity/3586187,37.63333,22.73333,NULL," - "
2.17.6,ταὼν,http://arachne.dainst.org/entity/3586188,37.63333,22.73333,NULL," - object|anathēma|taōs|Pausdedication of the emperor Hadrian in Heraion in Argolid"
2.17.7,Ἀργεῖοι,http://pleiades.stoa.org/places/570106,37.631561,22.719464,settlement," - "
2.17.7,εἰκόνα,http://arachne.dainst.org/entity/3586189,37.63333,22.73333,NULL," - "
2.17.7,Τεγέαν,http://pleiades.stoa.org/places/570707,37.464,22.429,"theatre,church,settlement"," - "
2.18.1,Ἀθηναίοις,http://pleiades.stoa.org/places/579885,37.971687,23.726464,settlement," - "
2.18.1,Ἀργείᾳ,http://pleiades.stoa.org/places/570106,37.631561,22.719464,settlement," - "
2.18.1,Ἄργος,http://pleiades.stoa.org/places/570106,37.631561,22.719464,settlement," - "
2.18.1,βωμὸς,http://topostext.org/binder/JB1114,37.975,23.725,NULL," - built|bōmos|Diktys and KlymenesAlters of Diktys and Clymene as saviors of Perseus, in Athens"
2.18.1,κριός,http://arachne.dainst.org/entity/3586192,37.73081,22.75638,NULL," - object|statue|krios|Paus|Q4575936over the tomb of Thyestes in Argive territory"
2.18.1,Μυκηνῶν,http://pleiades.stoa.org/places/570491,37.730833,22.756111,"settlement,tomb"," - "
2.18.1,Σερίφῳ,http://pleiades.stoa.org/places/590043,37.154596,24.506303,unknown," - "
2.18.1,τέμενος,http://topostext.org/binder/JB2407,37.975,23.725,NULL," - built|temenos|Perseusprecinct of Perseus in Athens"
2.18.2,Σπαρτιάτῃ,http://pleiades.stoa.org/places/570685,37.08149,22.42454,"theatre,temple,settlement,temple-2"," - "
2.18.3,Ἀργεῖοι,http://pleiades.stoa.org/places/570106,37.631561,22.719464,settlement," - "
2.18.3,Δήμητρός,http://arachne.dainst.org/entity/3888107,37.73081,22.75638,NULL," - "
2.18.3,Ἴναχος,http://pleiades.stoa.org/places/570313,37.75,22.75,river," - "
2.18.3,Κόρης,http://arachne.dainst.org/entity/3888108,37.73081,22.75638,NULL," - "
2.18.3,Μυσία,http://topostext.org/place/377227UMys,37.7254,22.727,NULL," - "
2.18.3,ξόανα,http://arachne.dainst.org/entity/3888329,37.63333,22.73333,NULL," - "
2.18.3,Πλούτωνος,http://arachne.dainst.org/entity/3888109,37.73081,22.75638,NULL," - "
2.18.4,Ἀργείους,http://pleiades.stoa.org/places/570106,37.631561,22.719464,settlement," - "
2.18.4,Ἑλλήνων,http://pleiades.stoa.org/places/1001896,37.5,22.5,province," - "
2.18.4,χώραν,http://pleiades.stoa.org/places/570104,37.6566371145232,22.92059272180843,region," - "
2.18.5,Ἀμφιλόχους,http://topostext.org/place/390212RAmp,38.95,21.2,NULL," - "
2.18.5,Ἄργος,http://pleiades.stoa.org/places/570106,37.631561,22.719464,settlement," - "
2.18.5,Ἀρκάδων,http://pleiades.stoa.org/places/570102,37.567419268449626,22.165323097346306,region," - "
2.18.5,Ἰλίου,http://pleiades.stoa.org/places/550595,39.9577,26.23873,settlement," - "
2.18.5,Σπάρτῃ,http://pleiades.stoa.org/places/570685,37.08149,22.42454,"theatre,temple,settlement,temple-2"," - "
2.18.5,Φωκέων,http://pleiades.stoa.org/places/541048,38.25,22.25,unknown," - "
2.18.6,Λακεδαιμονίων,http://pleiades.stoa.org/places/570406,37.07624042080912,22.46082645177671,region," - "
2.18.7,Ἄργει,http://pleiades.stoa.org/places/570106,37.631561,22.719464,settlement," - "
2.18.7,Ἄργους,http://pleiades.stoa.org/places/570106,37.631561,22.719464,settlement," - "
2.18.7,Μεσσηνίας,http://pleiades.stoa.org/places/570480,37.06945533333334,21.9323415,region," - "
2.18.7,Πελοπόννησον,http://pleiades.stoa.org/places/570577,37.25289777692308,22.312752688461543,"peninsula,region"," - "
2.18.7,Πύλον,http://pleiades.stoa.org/places/570639,37.899734,21.518025,settlement," - "
2.18.7,ταύτην,http://pleiades.stoa.org/places/570480,37.06945533333334,21.9323415,region," - "
2.18.7,χώραν,http://pleiades.stoa.org/places/570104,37.6566371145232,22.92059272180843,region," - "
2.18.8,Ἄργους,http://pleiades.stoa.org/places/570106,37.631561,22.719464,settlement," - "
2.18.8,Ἀχαΐαν,http://pleiades.stoa.org/places/570028,38.102121472776034,22.224585911364017,region," - "
2.18.8,Λακεδαίμονος,http://pleiades.stoa.org/places/570406,37.07624042080912,22.46082645177671,region," - "
2.18.8,Μεσσηνίας,http://pleiades.stoa.org/places/570480,37.06945533333334,21.9323415,region," - "
2.18.9,Ἀθηναίων,http://pleiades.stoa.org/places/579885,37.971687,23.726464,settlement," - "
2.18.9,Ἀθήνας,http://pleiades.stoa.org/places/579885,37.971687,23.726464,settlement," - "
2.19.2,Ἀργεῖοι,http://pleiades.stoa.org/places/570106,37.631561,22.719464,settlement," - "
2.19.3,ἄγαλμα,http://arachne.dainst.org/entity/3586193,37.63333,22.73333,NULL," - "
2.19.3,Ἀθηναίου,http://pleiades.stoa.org/places/579885,37.971687,23.726464,settlement," - "
2.19.3,Αἰγύπτια,http://pleiades.stoa.org/places/981503,19.211408766666665,30.567329633333333,region," - "
2.19.3,Ἀργείοις,http://pleiades.stoa.org/places/570106,37.631561,22.719464,settlement," - "
2.19.3,Ἄργος,http://pleiades.stoa.org/places/570106,37.631561,22.719464,settlement," - "
2.19.3,πόλει,http://pleiades.stoa.org/places/570106,37.631561,22.719464,settlement," - "
2.19.4,Ἀργείοις,http://pleiades.stoa.org/places/570106,37.631561,22.719464,settlement," - "
2.19.4,σφισιν,http://pleiades.stoa.org/places/570106,37.631561,22.719464,settlement," - "
2.19.5,Ἀργείων,http://pleiades.stoa.org/places/570106,37.631561,22.719464,settlement," - "
2.19.5,εἰκόνος,http://arachne.dainst.org/entity/3586194,37.63333,22.73333,NULL," - "
2.19.5,εἰκὼν,http://arachne.dainst.org/entity/3586194,37.63333,22.73333,NULL," - "
2.19.5,θρόνος,http://arachne.dainst.org/entity/3586195,37.63333,22.73333,NULL," - "
2.19.5,Νεμέαν,http://topostext.org/place/378227SNem,37.8085,22.7108,NULL," - "
2.19.6,ἀνάθημα,http://arachne.dainst.org/entity/3586196,37.63333,22.73333,NULL," - "
2.19.6,Ἀργείοις,http://pleiades.stoa.org/places/570106,37.631561,22.719464,settlement," - "
2.19.6,ξόανα,http://arachne.dainst.org/entity/3586196,37.63333,22.73333,NULL," - "
2.19.6,"τὸ μὲν",http://arachne.dainst.org/entity/3586197,37.63333,22.73333,NULL," - "
2.19.7,Ἀρτέμιδος,http://arachne.dainst.org/entity/3586201,37.63333,22.73333,NULL," - "
2.19.7,Διὸς,http://arachne.dainst.org/entity/3586203,37.63333,22.73333,NULL," - "
2.19.7,Ἑρμῆς,http://arachne.dainst.org/entity/3586199,37.63333,22.73333,NULL," - "
2.19.7,Λάδας,http://arachne.dainst.org/entity/3586198,37.63333,22.73333,NULL," - "
2.19.7,τύπῳ,http://arachne.dainst.org/entity/3586200,37.63333,22.73333,NULL," - built|typos|PausRelief plaque in Argos, in front of the temple of Apollo Lykios. The relief represents a fight between a bull and a wolf."
2.19.8,Θήβας,http://pleiades.stoa.org/places/541138,38.318092,23.255096,"sanctuary,settlement"," - "
2.19.8,Ὀπουντίων,http://pleiades.stoa.org/places/540918,38.75,22.75,region," - "
2.20.1,ἄγαλμά,http://arachne.dainst.org/entity/3586204,37.63333,22.73333,NULL," - "
2.20.1,Ἀργεῖοι,http://pleiades.stoa.org/places/570106,37.631561,22.719464,settlement," - "
2.20.1,Ἀργείους,http://pleiades.stoa.org/places/570106,37.631561,22.719464,settlement," - "
2.20.1,εἰκόνα,http://arachne.dainst.org/entity/3586210,37.63333,22.73333,NULL," - "
2.20.1,Κορινθίοις,http://pleiades.stoa.org/places/570182,37.906045,22.878721,"sanctuary,settlement,fort"," - "
2.20.1,Λακεδαιμόνιοι,http://pleiades.stoa.org/places/570406,37.07624042080912,22.46082645177671,region," - "
2.20.1,Λακεδαιμονίοις,http://pleiades.stoa.org/places/570406,37.07624042080912,22.46082645177671,region," - "
2.20.1,Πελοποννήσου,http://pleiades.stoa.org/places/570577,37.25289777692308,22.312752688461543,"peninsula,region"," - "
2.20.1,"τῆς Ἀργείας",http://pleiades.stoa.org/places/570104,37.6566371145232,22.92059272180843,region," - regionalArgive"
2.20.1,τρόπαιον,http://arachne.dainst.org/entity/3586211,37.63333,22.73333,NULL," - "
2.20.2,ἄγαλμα,http://arachne.dainst.org/entity/3586204,37.63333,22.73333,NULL," - "
2.20.2,Ἀργείοις,http://pleiades.stoa.org/places/570106,37.631561,22.719464,settlement," - "
2.20.2,Ἀργεῖος,http://pleiades.stoa.org/places/570106,37.631561,22.719464,settlement," - "
2.20.2,δῆμον,http://pleiades.stoa.org/places/570106,37.631561,22.719464,settlement," - "
2.20.3,ἄγαλμα,http://arachne.dainst.org/entity/3586206,37.63333,22.73333,NULL," - "
2.20.3,"αὐτοί τε ἕλκοντες τὴν ἅμαξαν καὶ ἐπʼ αὐτῇ ἄγοντες τὴν μητέρα",http://arachne.dainst.org/entity/3586205,37.63333,22.73333,NULL," - "
2.20.3,Ἡραῖον,http://pleiades.stoa.org/places/570288,38.028187,22.8522,sanctuary," - "
2.20.4,Ἄργος,http://pleiades.stoa.org/places/570106,37.631561,22.719464,settlement," - "
2.20.5,ἀνδριάντες,http://arachne.dainst.org/entity/3652677,37.63333,22.73333,NULL," - "
2.20.5,Ἀργεῖοι,http://pleiades.stoa.org/places/570106,37.631561,22.719464,settlement," - "
2.20.5,Ἄργους,http://pleiades.stoa.org/places/570106,37.631561,22.719464,settlement," - "
2.20.5,Ἀρκάδων,http://pleiades.stoa.org/places/570102,37.567419268449626,22.165323097346306,region," - "
2.20.5,Θηβαίων,http://pleiades.stoa.org/places/541138,38.318092,23.255096,"sanctuary,settlement"," - "
2.20.5,Θήβας,http://pleiades.stoa.org/places/541138,38.318092,23.255096,"sanctuary,settlement"," - "
2.20.5,Μεσσήνης,http://pleiades.stoa.org/places/570479,37.175491,21.920439,"sanctuary,settlement,fort"," - "
2.20.5,"οἱ τὰς Θήβας ἑλόντες",http://arachne.dainst.org/entity/3888330,37.63333,22.73333,NULL," - "
2.20.6,ἀνδριάντων,http://arachne.dainst.org/entity/3652677,37.63333,22.73333,NULL," - "
2.20.6,Ἀργείων,http://pleiades.stoa.org/places/570106,37.631561,22.719464,settlement," - "
2.20.6,Ἰλίῳ,http://pleiades.stoa.org/places/550595,39.9577,26.23873,settlement," - "
2.20.7,"ἀνὴρ φονεύων ἐστὶν ἄνδρα",http://arachne.dainst.org/entity/3888331,37.63333,22.73333,NULL," - object|statue|killing|phoneuwstatue group in Theater of Argos"
2.20.7,Ἀργεῖος,http://pleiades.stoa.org/places/570106,37.631561,22.719464,settlement," - "
2.20.7,κεφαλή,http://arachne.dainst.org/entity/3586207,37.63333,22.73333,NULL," - "
2.20.8,Ἀργείοις,http://pleiades.stoa.org/places/570106,37.631561,22.719464,settlement," - "
2.20.8,Ἄργος,http://pleiades.stoa.org/places/570106,37.631561,22.719464,settlement," - "
2.20.8,ἕδους,http://arachne.dainst.org/entity/3586208,37.63333,22.73333,NULL," - "
2.20.8,Λακεδαιμονίους,http://pleiades.stoa.org/places/570406,37.07624042080912,22.46082645177671,region," - "
2.20.8,στήλῃ,http://arachne.dainst.org/entity/3586209,37.63333,22.73333,NULL," - "
2.20.9,Λακεδαιμόνιοι,http://pleiades.stoa.org/places/570406,37.07624042080912,22.46082645177671,region," - "
2.20.10,Ἀργείοισιν,http://pleiades.stoa.org/places/570106,37.631561,22.719464,settlement," - "
2.20.10,Ἀργείων,http://pleiades.stoa.org/places/570106,37.631561,22.719464,settlement," - "
2.21.1,ἀνδριάς,http://arachne.dainst.org/entity/3586213,37.63333,22.73333,NULL," - "
2.21.3,Κνωσσίους,http://pleiades.stoa.org/places/589872,35.297847,25.163106,"settlement,architecturalcomplex"," - "
2.21.3,Λακεδαιμονίους,http://pleiades.stoa.org/places/570406,37.07624042080912,22.46082645177671,region," - "
2.21.4,Ἀργεῖοι,http://pleiades.stoa.org/places/570106,37.631561,22.719464,settlement," - "
2.21.4,ἐλέφαντές,http://arachne.dainst.org/entity/3586212,37.63333,22.73333,NULL," - "
2.21.4,Ἠπειρώτῃ,http://pleiades.stoa.org/places/530871,39.577073022222216,20.590387322222224,region," - "
2.21.4,"ὅσοις ὁ Πύρρος ἐχρῆτο ἐς τὰς μάχας",http://arachne.dainst.org/entity/3586212,37.63333,22.73333,NULL," - object|relief|instruments of warfare|Pausin Argos, in the middle of the agora"
2.21.5,Ἀργείων,http://pleiades.stoa.org/places/570106,37.631561,22.719464,settlement," - "
2.21.5,Ἕλλησιν,http://pleiades.stoa.org/places/1001896,37.5,22.5,province," - "
2.21.5,Λίβυσι,http://pleiades.stoa.org/places/716588,31.5,26.5,region," - "
2.21.5,Πελοποννήσου,http://pleiades.stoa.org/places/570577,37.25289777692308,22.312752688461543,"peninsula,region"," - "
2.21.5,Τριτωνίδα,http://pleiades.stoa.org/places/364025,30.0948151,18.8746442,lake," - "
2.21.6,Καρχηδονίῳ,http://pleiades.stoa.org/places/314921,36.857569,10.327986,"amphitheatre,cemetery,villa,theatre,port,church,settlement,circus,bath"," - "
2.21.6,Λιβύης,http://pleiades.stoa.org/places/716588,31.5,26.5,region," - "
2.21.6,Ῥώμην,http://pleiades.stoa.org/places/423025,41.89262,12.4843457,"settlement,urban"," - "
2.21.6,Τριτωνίδα,http://pleiades.stoa.org/places/364025,30.0948151,18.8746442,lake," - "
2.21.7,Ἄργει,http://pleiades.stoa.org/places/570106,37.631561,22.719464,settlement," - "
2.21.8,ἄγαλμα,http://arachne.dainst.org/entity/3888110,37.63333,22.73333,NULL," - object|agalma|Letônot far from the tropaion in the Agora in Argos"
2.21.8,Ἀργεῖοι,http://pleiades.stoa.org/places/570106,37.631561,22.719464,settlement," - "
2.21.8,Ἀργείου,http://pleiades.stoa.org/places/570106,37.631561,22.719464,settlement," - "
2.21.8,Λακεδαιμόνιοι,http://pleiades.stoa.org/places/570406,37.07624042080912,22.46082645177671,region," - "
2.21.8,Λακεδαιμονίων,http://pleiades.stoa.org/places/570406,37.07624042080912,22.46082645177671,region," - "
2.21.8,Σπάρτην,http://pleiades.stoa.org/places/570685,37.08149,22.42454,"theatre,temple,settlement,temple-2"," - "
2.21.9,εἰκόνα,http://arachne.dainst.org/entity/3888111,37.63333,22.73333,NULL," - "
2.21.9,θεῷ,http://arachne.dainst.org/entity/3888110,37.63333,22.73333,NULL," - "
2.21.10,Ἀργεῖοι,http://pleiades.stoa.org/places/570106,37.631561,22.719464,settlement," - "
2.22.1,Αἰγαίῳ,http://pleiades.stoa.org/places/560221,37.42245628773585,25.8829628235849,water-open," - "
2.22.1,Ἀργείους,http://pleiades.stoa.org/places/570106,37.631561,22.719464,settlement," - "
2.22.1,νήσων,http://pleiades.stoa.org/places/560353,37.0415464153846,25.139512376923083,"island,archipelago"," - physical|nesosAegean islands"
2.22.2,ἄγαλμα,http://arachne.dainst.org/entity/4061183,37.63333,22.73333,NULL," - "
2.22.2,Ἀργείων,http://pleiades.stoa.org/places/570106,37.631561,22.719464,settlement," - "
2.22.2,Ἴλιον,http://pleiades.stoa.org/places/550595,39.9577,26.23873,settlement," - "
2.22.2,χαλκεῖόν,http://arachne.dainst.org/entity/4061179,37.63333,22.73333,NULL," - "
2.22.2,χαλκείῳ,http://arachne.dainst.org/entity/4061179,37.63333,22.73333,NULL," - object|vessel|bones of TantalusPausanias reports that some people say that in the bronze vessel (see id) are the bones of Tantalus"
2.22.3,Σιπύλου,http://pleiades.stoa.org/places/550884,38.5668,27.45394,mountain," - "
2.22.3,Σιπύλῳ,http://pleiades.stoa.org/places/550884,38.5668,27.45394,mountain," - "
2.22.3,Φρυγὸς,http://pleiades.stoa.org/places/609502,38.75,29.75,region," - proxy|male|PhrygianPhrygian"
2.22.4,Ἀργεῖοι,http://pleiades.stoa.org/places/570106,37.631561,22.719464,settlement," - "
2.22.4,χώρας,http://pleiades.stoa.org/places/570106,37.631561,22.719464,settlement," - "
2.22.5,ἀγάλματα,http://arachne.dainst.org/entity/3888333,37.63333,22.73333,NULL," - object|agalma|Dioskouroi/Anaxis/Mnasinous/Hhilaeira/Phoebe|Pausimages of ebony wood"
2.22.5,ἵπποις,http://arachne.dainst.org/entity/3888333,37.63333,22.73333,NULL," - built|statue|hippoi|Pausmade of ebenos and ivory"
2.22.6,Ἄργει,http://pleiades.stoa.org/places/570106,37.631561,22.719464,settlement," - "
2.22.6,Ἄφιδνά,http://pleiades.stoa.org/places/579873,37.974359,23.362766,"unlocated,port,fort,church,settlement"," - "
2.22.6,Θεσπρωτοὺς,http://pleiades.stoa.org/places/531117,39.75,20.25,people," - "
2.22.6,Λακεδαίμονα,http://pleiades.stoa.org/places/570406,37.07624042080912,22.46082645177671,region," - "
2.22.7,ἄγαλμα,http://arachne.dainst.org/entity/3586214,37.63333,22.73333,NULL," - "
2.22.7,ἀγάλματα,http://arachne.dainst.org/entity/3652678,37.63333,22.73333,NULL," - "
2.22.7,Ἀργείοις,http://pleiades.stoa.org/places/570106,37.631561,22.719464,settlement," - "
2.22.7,Ἱμεραῖος,http://pleiades.stoa.org/places/462244,37.96884,13.82184,"temple,settlement,plaza"," - "
2.22.7,Πλευρώνιος,http://topostext.org/place/384214PNPl,38.413,21.408,NULL," - "
2.22.7,Χαλκιδεὺς,http://pleiades.stoa.org/places/540703,38.464,23.602,settlement," - "
2.22.8,Ἄργους,http://pleiades.stoa.org/places/570106,37.631561,22.719464,settlement," - "
2.22.8,Δελφοῖς,http://pleiades.stoa.org/places/540726,38.482289,22.501169,"sanctuary,settlement"," - "
2.22.9,Ἀθηνᾶ,http://arachne.dainst.org/entity/3586215,37.63333,22.73333,NULL," - "
2.22.9,Ἀθηναίων,http://pleiades.stoa.org/places/579885,37.971687,23.726464,settlement," - "
2.22.9,Ἀργείοις,http://pleiades.stoa.org/places/570106,37.631561,22.719464,settlement," - "
2.22.9,Σικελίας,http://pleiades.stoa.org/places/462492,37.53667611952188,14.08648464579389,island," - "
2.22.9,Συρακουσῶν,http://pleiades.stoa.org/places/462503,37.05963,15.29382,settlement," - "
2.23.1,ἄγαλμα,http://arachne.dainst.org/entity/3586216,37.63333,22.73333,NULL," - "
2.23.1,Ἀργεῖοι,http://pleiades.stoa.org/places/570106,37.631561,22.719464,settlement," - "
2.23.1,Ἀργείων,http://pleiades.stoa.org/places/570106,37.631561,22.719464,settlement," - "
2.23.1,Ἕλλησιν,http://pleiades.stoa.org/places/1001896,37.5,22.5,province," - "
2.23.1,Εὐβοίας,http://pleiades.stoa.org/places/540775,38.53,23.87,island," - "
2.23.1,Ἰλίου,http://pleiades.stoa.org/places/550595,39.9577,26.23873,settlement," - "
2.23.1,Καφηρεῖ,http://pleiades.stoa.org/places/540852,38.15888,24.58816,cape," - "
2.23.1,ξόανον,http://arachne.dainst.org/entity/3586216,37.63333,22.73333,NULL," - "
2.23.1,οἴκαδε,http://pleiades.stoa.org/places/570106,37.631561,22.719464,settlement," - "
2.23.3,Ἐπιδαυρίων,http://pleiades.stoa.org/places/570228,37.596111,23.079167,"theatre,sanctuary,settlement"," - "
2.23.4,ἄγαλμα,http://arachne.dainst.org/entity/3888112,37.63333,22.73333,NULL," - "
2.23.4,ἀγάλματα,http://arachne.dainst.org/entity/3888334,37.63333,22.73333,NULL," - "
2.23.4,Ἀργείοις,http://pleiades.stoa.org/places/570106,37.631561,22.719464,settlement," - "
2.23.4,Ξενόφιλος,http://arachne.dainst.org/entity/3888114,37.63333,22.73333,NULL," - "
2.23.4,ποιήσαντες,http://arachne.dainst.org/entity/3888335,37.63333,22.73333,NULL," - "
2.23.4,Σικυωνίοις,http://pleiades.stoa.org/places/570668,37.98336,22.71135,settlement," - "
2.23.4,Στράτων,http://arachne.dainst.org/entity/3888115,37.63333,22.73333,NULL," - "
2.23.4,Τιτάνῃ,http://pleiades.stoa.org/places/570741,37.92049,22.62501,settlement," - "
2.23.4,Ὑγεία,http://arachne.dainst.org/entity/3652679,37.63333,22.73333,NULL," - "
2.23.5,ἄγαλμα,http://arachne.dainst.org/entity/3586218,41.89474,12.4839,NULL," - "
2.23.5,ἄγαλμα,http://arachne.dainst.org/entity/3586217,37.63333,22.73333,NULL," - "
2.23.5,Ἀθηναίοις,http://pleiades.stoa.org/places/579885,37.971687,23.726464,settlement," - "
2.23.5,Ἄργει,http://pleiades.stoa.org/places/570106,37.631561,22.719464,settlement," - "
2.23.5,Ἀργεῖοι,http://pleiades.stoa.org/places/570106,37.631561,22.719464,settlement," - "
2.23.5,Ἀρτέμιδος,http://arachne.dainst.org/entity/3586201,37.63333,22.73333,NULL," - "
2.23.5,Ἡρακλείας,http://pleiades.stoa.org/places/541157,38.790767,22.442503,settlement," - "
2.23.5,Θεσσαλίᾳ,http://pleiades.stoa.org/places/1332,39.6,22.2,region," - "
2.23.5,Ἴλιον,http://pleiades.stoa.org/places/550595,39.9577,26.23873,settlement," - "
2.23.5,Ἰλίου,http://pleiades.stoa.org/places/550595,39.9577,26.23873,settlement," - "
2.23.5,Ἰταλίαν,http://pleiades.stoa.org/places/1052,42.5,12.5,region," - "
2.23.5,Οἴτῃ,http://pleiades.stoa.org/places/540968,38.7922475,22.2564576,mountain," - "
2.23.5,Παλλάδιον,http://arachne.dainst.org/entity/3586218,41.89474,12.4839,NULL," - "
2.23.5,Σικυωνίοις,http://pleiades.stoa.org/places/570668,37.98336,22.71135,settlement," - "
2.23.5,Τραχῖνα,http://pleiades.stoa.org/places/541157,38.790767,22.442503,settlement," - "
2.23.5,Φερῶν,http://pleiades.stoa.org/places/541044,39.384163,22.737728,"settlement,temple-2"," - "
2.23.6,Ἀργείων,http://pleiades.stoa.org/places/570106,37.631561,22.719464,settlement," - "
2.23.6,Ἤπειρον,http://pleiades.stoa.org/places/530871,39.577073022222216,20.590387322222224,region," - "
2.23.6,Κεστρίνην,http://pleiades.stoa.org/places/530942,39.75,20.25,region," - "
2.23.7,Ἀργείοις,http://pleiades.stoa.org/places/570106,37.631561,22.719464,settlement," - "
2.23.7,Ἀργείων,http://pleiades.stoa.org/places/570106,37.631561,22.719464,settlement," - "
2.23.8,Ἀργείων,http://pleiades.stoa.org/places/570106,37.631561,22.719464,settlement," - "
2.23.8,Κρησίου,http://pleiades.stoa.org/places/589748,35.21984439173344,24.995769971494504,island," - "
2.24.1,ἄγαλμα,http://arachne.dainst.org/entity/3586221,37.63333,22.73333,NULL," - "
2.24.1,ἀκρόπολιν,http://topostext.org/place/376227FLar,37.638,22.715,NULL," - "
2.24.1,Δελφῶν,http://pleiades.stoa.org/places/540726,38.482289,22.501169,"sanctuary,settlement"," - "
2.24.1,"ἡ παρὰ τὸν Πηνειόν",http://pleiades.stoa.org/places/540905,39.64147,22.41474,settlement," - "
2.24.1,"ἥ τε ἐπὶ θαλάσσῃ",http://topostext.org/place/390228PLar,38.9638,22.839,NULL," - "
2.24.1,Θεσσαλίᾳ,http://pleiades.stoa.org/places/1332,39.6,22.2,region," - "
2.24.1,Λάρισαν,http://topostext.org/place/376227FLar,37.638,22.715,NULL," - "
2.24.2,ἀκρόπολιν,http://topostext.org/place/376227FLar,37.638,22.715,NULL," - "
2.24.2,Ἰλίῳ,http://pleiades.stoa.org/places/550595,39.9577,26.23873,settlement," - "
2.24.2,Λέρνῃ,http://pleiades.stoa.org/places/570424,37.55107,22.71809,settlement," - "
2.24.3,ἄγαλμα,http://arachne.dainst.org/entity/3586222,37.63333,22.73333,NULL," - "
2.24.3,ἀναθήματα,http://arachne.dainst.org/entity/3652680,37.63333,22.73333,NULL," - "
2.24.3,Ἴλιον,http://pleiades.stoa.org/places/550595,39.9577,26.23873,settlement," - "
2.24.3,Λαρίσῃ,http://topostext.org/place/376227FLar,37.638,22.715,NULL," - "
2.24.3,ξόανον,http://arachne.dainst.org/entity/3586223,37.63333,22.73333,NULL," - "
2.24.5,ἀγάλματα,http://arachne.dainst.org/entity/3888337,37.779806,22.752686,NULL," - "
2.24.5,Ἄργους,http://pleiades.stoa.org/places/570106,37.631561,22.719464,settlement," - "
2.24.5,Ἀρκαδίας,http://pleiades.stoa.org/places/570102,37.567419268449626,22.165323097346306,region," - "
2.24.5,Λυκώνη,http://pleiades.stoa.org/places/570443,37.63187,22.67728,mountain," - "
2.24.5,ὄρους,http://pleiades.stoa.org/places/570443,37.63187,22.67728,mountain," - "
2.24.5,Πελοποννήσου,http://pleiades.stoa.org/places/570577,37.25289777692308,22.312752688461543,"peninsula,region"," - "
2.24.5,Τεγέαν,http://pleiades.stoa.org/places/570707,37.464,22.429,"theatre,church,settlement"," - "
2.24.6,Ἀρκάδων,http://pleiades.stoa.org/places/570102,37.567419268449626,22.165323097346306,region," - "
2.24.6,ἐκβολαῖς,http://pleiades.stoa.org/places/570233,37.75,22.75,river," - "
2.24.6,Ἐλευσῖνα,http://pleiades.stoa.org/places/579920,38.041096,23.538311,"sanctuary,settlement"," - "
2.24.6,Ἐρασίνου,http://pleiades.stoa.org/places/570233,37.75,22.75,river," - "
2.24.6,Ἐρασίνου,http://pleiades.stoa.org/places/570233,37.75,22.75,river," - physical|river|Pausat the point where it gushes forth from the mountain Chaon"
2.24.6,Εὐρίπου,http://pleiades.stoa.org/places/540783,38.46276,23.58944,"bridge,settlement,water-open"," - "
2.24.6,ὄρος,http://pleiades.stoa.org/places/570171,37.60053,22.63419,mountain," - "
2.24.6,Ῥειτοί,http://pleiades.stoa.org/places/580098,38.125,23.625,river," - "
2.24.6,Στυμφάλου,http://pleiades.stoa.org/places/570696,37.85932,22.45931,"theatre,settlement"," - "
2.24.6,Χάον,http://pleiades.stoa.org/places/570171,37.60053,22.63419,mountain," - physical|oros|Pauson the right of the street coming down from mountain Lykone"
2.24.7,Ἀθηναίοις,http://pleiades.stoa.org/places/579885,37.971687,23.726464,settlement," - "
2.24.7,Ἀθηναῖος,http://pleiades.stoa.org/places/579885,37.971687,23.726464,settlement," - "
2.24.7,Ἀργείων,http://pleiades.stoa.org/places/570104,37.6566371145232,22.92059272180843,region," - "
2.24.7,Ἀργολίδι,http://pleiades.stoa.org/places/570104,37.6566371145232,22.92059272180843,region," - "
2.24.7,"ἐρείπια Ὑσιῶν",http://pleiades.stoa.org/places/570306,37.519836,22.585884,settlement," - "
2.24.7,Κεγχρεαί,http://topostext.org/place/378229UKen,37.5475,22.609,NULL," - "
2.24.7,Λακεδαιμονίοις,http://pleiades.stoa.org/places/570406,37.07624042080912,22.46082645177671,region," - "
2.24.7,Τεγέας,http://pleiades.stoa.org/places/570707,37.464,22.429,"theatre,church,settlement"," - "
2.24.7,Ὑσιάς,http://pleiades.stoa.org/places/570306,37.519836,22.585884,settlement," - "
2.25.1,ἀγάλματα,http://arachne.dainst.org/entity/3586225,37.63333,22.73333,NULL," - "
2.25.1,ἀναθήματα,http://arachne.dainst.org/entity/3586224,37.63333,22.73333,NULL," - "
2.25.1,Ἀργείων,http://pleiades.stoa.org/places/570104,37.6566371145232,22.92059272180843,region," - "
2.25.1,Ἄργους,http://pleiades.stoa.org/places/570106,37.631561,22.719464,settlement," - "
2.25.1,Ἄρεως,http://arachne.dainst.org/entity/3586225,37.63333,22.73333,NULL," - "
2.25.1,Μαντίνειαν,http://pleiades.stoa.org/places/570459,37.618138,22.393259,settlement," - "
2.25.1,ξόανον,http://arachne.dainst.org/entity/3586224,37.63333,22.73333,NULL," - "
2.25.1,Τεγέαν,http://pleiades.stoa.org/places/570707,37.464,22.429,"theatre,church,settlement"," - "
2.25.2,Αἰτωλίᾳ,http://pleiades.stoa.org/places/540591,38.51586100952381,21.759714990476194,region," - "
2.25.2,Ἀργεῖοί,http://pleiades.stoa.org/places/570104,37.6566371145232,22.92059272180843,region," - "
2.25.2,Ἀργείοις,http://dare.ht.lu.se/places/21779,37.631561,22.719464,settlement," - "
2.25.2,Ἄργος,http://pleiades.stoa.org/places/570106,37.631561,22.719464,settlement," - "
2.25.2,Ἄργος,http://dare.ht.lu.se/places/21779,37.631561,22.719464,settlement," - "
2.25.2,ἐνταῦθα,http://topostext.org/place/376226UOin,37.6111,22.5703,NULL," - "
2.25.2,Καλυδωνίαν,http://pleiades.stoa.org/places/540699,38.372423,21.533106,"sanctuary,settlement"," - "
2.25.2,Οἰνόη,http://topostext.org/place/376226UOin,37.6111,22.5703,NULL," - "
2.25.2,Χάραδρον,http://pleiades.stoa.org/places/570173,37.75,22.75,river," - "
2.25.3,Ἀρτεμίσιον,http://pleiades.stoa.org/places/570121,37.6199,22.51475,mountain," - "
2.25.3,γῆς,http://pleiades.stoa.org/places/570121,37.6199,22.51475,mountain," - physical|gē|Pausthe land of mount Artemision"
2.25.3,"κορυφῇ τοῦ ὄρους",http://pleiades.stoa.org/places/570121,37.6199,22.51475,mountain," - "
2.25.3,Οἰνόη,http://topostext.org/place/376226UOin,37.6111,22.5703,NULL," - "
2.25.3,ὄρει,http://pleiades.stoa.org/places/570121,37.6199,22.51475,mountain," - "
2.25.3,πηγαὶ,http://pleiades.stoa.org/places/570313,37.75,22.75,river," - physical|pēgē|Pauson mountain Artemision"
2.25.3,"πηγαὶ τοῦ Ἰνάχου",http://pleiades.stoa.org/places/570313,37.75,22.75,river," - physical|pēgē|Pauson mountain Artemision"
2.25.3,ὕδωρ,http://pleiades.stoa.org/places/570313,37.75,22.75,river," - physical|hudōr|PausOn mountain Artemision"
2.25.4,ἀδελφῶν,http://pleiades.stoa.org/places/981503,19.211408766666665,30.567329633333333,region," - "
2.25.4,Ἀργεῖοι,http://pleiades.stoa.org/places/570106,37.631561,22.719464,settlement," - "
2.25.4,ἐντεῦθεν,http://dare.ht.lu.se/places/31007,37.692676,22.631257,settlement," - "
2.25.4,Λαρίσης,http://topostext.org/place/376227FLar,37.638,22.715,NULL," - "
2.25.4,Λύρκειαν,http://dare.ht.lu.se/places/31007,37.692676,22.631257,settlement," - "
2.25.4,χωρίον,http://dare.ht.lu.se/places/31007,37.692676,22.631257,settlement," - "
2.25.5,Ἀργείας,http://pleiades.stoa.org/places/570104,37.6566371145232,22.92059272180843,region," - "
2.25.5,Ἄργους,http://pleiades.stoa.org/places/570106,37.631561,22.719464,settlement," - "
2.25.5,εἰκὼν,http://arachne.dainst.org/entity/3586226,37.686635,22.643094,NULL," - object|eikōn|Lyrkos|PausIn Lyrkeia"
2.25.5,Ἑλλήνων,http://pleiades.stoa.org/places/1001896,37.5,22.5,province," - "
2.25.5,ἐρειπίοις,http://pleiades.stoa.org/places/570446,37.692676,22.631257,settlement," - built|ereipia|Pausruins in Lynkea"
2.25.5,Ἴλιον,http://pleiades.stoa.org/places/550595,39.9577,26.23873,settlement," - "
2.25.5,Λυγκεία,http://pleiades.stoa.org/places/570446,37.692676,22.631257,settlement," - "
2.25.5,Λυρκείας,http://pleiades.stoa.org/places/570446,37.692676,22.631257,settlement," - "
2.25.5,Ὀρνεάς,http://pleiades.stoa.org/places/570537,37.713973,22.557292,settlement," - "
2.25.5,Σικυῶνα,http://pleiades.stoa.org/places/570668,37.98336,22.71135,settlement," - "
2.25.5,στήλῃ,http://arachne.dainst.org/entity/3586226,37.686635,22.643094,NULL," - "
2.25.5,Φλιοῦντά,http://pleiades.stoa.org/places/570602,37.846299,22.649131,settlement," - "
2.25.6,Ἀθηναίων,http://pleiades.stoa.org/places/579885,37.971687,23.726464,settlement," - "
2.25.6,Ἀργεῖοι,http://pleiades.stoa.org/places/570106,37.631561,22.719464,settlement," - "
2.25.6,Ἀργείοις,http://dare.ht.lu.se/places/21779,37.631561,22.719464,settlement," - "
2.25.6,ξόανον,http://arachne.dainst.org/entity/3586227,37.717853,22.547276,NULL," - object|xoanon|Artemis|PausIn Orneae"
2.25.6,Ὀρνεαῖς,http://pleiades.stoa.org/places/570537,37.713973,22.557292,settlement," - "
2.25.6,Ὀρνεάτας,http://pleiades.stoa.org/places/570537,37.713973,22.557292,settlement," - "
2.25.6,Ὀρνεῶν,http://pleiades.stoa.org/places/570537,37.713973,22.557292,settlement," - "
2.25.6,πόλει,http://pleiades.stoa.org/places/570537,37.713973,22.557292,settlement," - "
2.25.6,Σικυωνία,http://pleiades.stoa.org/places/570668,37.98336,22.71135,settlement," - "
2.25.6,Φλιασία,http://pleiades.stoa.org/places/570602,37.846299,22.649131,settlement," - "
2.25.7,"Ἀργολικὰς ἐπειργασμένας",http://pleiades.stoa.org/places/570106,37.631561,22.719464,settlement," - proxy|Argive shapeThe shields of the building in a shape of Pyramid on the way from Argos to Epidauria are described as of Argive shape"
2.25.7,Ἄργους,http://pleiades.stoa.org/places/570106,37.631561,22.719464,settlement," - "
2.25.7,Ἐπιδαυρίαν,http://pleiades.stoa.org/places/570228,37.596111,23.079167,"theatre,sanctuary,settlement"," - "
2.25.8,Ἀργεῖοι,http://pleiades.stoa.org/places/570106,37.631561,22.719464,settlement," - "
2.25.8,Ἄργος,http://pleiades.stoa.org/places/570106,37.631561,22.719464,settlement," - "
2.25.8,πόλει,http://pleiades.stoa.org/places/570740,37.59918,22.80004,settlement," - "
2.25.8,τεῖχος,http://pleiades.stoa.org/places/570740,37.59918,22.80004,settlement," - built|settlement|Pausteichos/ereipia of unwrought stones"
2.25.8,Τιρυνθίους,http://pleiades.stoa.org/places/570740,37.59918,22.80004,settlement," - "
2.25.8,Τίρυνθός,http://pleiades.stoa.org/places/570740,37.59918,22.80004,settlement," - "
2.25.9,ἔδαφος,http://pleiades.stoa.org/places/570485,37.65,22.842,settlement," - "
2.25.9,θάλασσαν,http://topostext.org/place/374229WArg,37.37,22.9,NULL," - "
2.25.9,Μηδείᾳ,http://pleiades.stoa.org/places/570485,37.65,22.842,settlement," - "
2.25.9,Μήδειαν,http://pleiades.stoa.org/places/570485,37.65,22.842,settlement," - "
2.25.9,Μηδείας,http://pleiades.stoa.org/places/570485,37.65,22.842,settlement," - "
2.25.10,Ἀραχναῖον,http://pleiades.stoa.org/places/570098,37.6413788,22.9705599,"church,mountain"," - "
2.25.10,Ἐπίδαυρον,http://pleiades.stoa.org/places/570228,37.596111,23.079167,"theatre,sanctuary,settlement"," - "
2.25.10,"κώμη Λῆσσα",http://pleiades.stoa.org/places/570426,37.5969,22.9427,settlement," - "
2.25.10,Λαρίσῃ,http://topostext.org/place/376227FLar,37.638,22.715,NULL," - "
2.25.10,Λήσσης,http://pleiades.stoa.org/places/570426,37.5969,22.9427,settlement," - "
2.25.10,ξόανον,http://arachne.dainst.org/entity/3586229,37.5969,22.9427,NULL," - object|xoanon|Athena|Pausidentical to that in the Larisa of Argos"
2.25.10,"σάπυς ἐλάτων",http://pleiades.stoa.org/places/570098,37.6413788,22.9705599,"church,mountain",NULL
2.25.10,"τὸ ἐν ἀκροπόλει",http://arachne.dainst.org/entity/3586223,37.63333,22.73333,NULL," - "
2.26.1,Ἀργείας,http://pleiades.stoa.org/places/570104,37.6566371145232,22.92059272180843,region," - "
2.26.1,γῆν,http://pleiades.stoa.org/places/570228,37.596111,23.079167,"theatre,sanctuary,settlement"," - "
2.26.1,"ἡ Ἐπιδαυρίων",http://pleiades.stoa.org/places/570228,37.596111,23.079167,"theatre,sanctuary,settlement"," - regionalland of the Epidaurians"
2.26.1,ἱερὸν,http://pleiades.stoa.org/places/570127,37.596111,23.079167,"theatre,sanctuary,settlement"," - "
2.26.1,Λῆσσαν,http://pleiades.stoa.org/places/570426,37.5969,22.9427,settlement," - "
2.26.1,Πελοπόννησον,http://pleiades.stoa.org/places/570577,37.25289777692308,22.312752688461543,"peninsula,region"," - "
2.26.1,πόλιν,http://pleiades.stoa.org/places/570228,37.596111,23.079167,"theatre,sanctuary,settlement"," - "
2.26.1,χώραν,http://pleiades.stoa.org/places/570228,37.596111,23.079167,"theatre,sanctuary,settlement"," - "
2.26.2,Ἀθήνας,http://pleiades.stoa.org/places/579885,37.971687,23.726464,settlement," - "
2.26.2,Ἀργεῖοι,http://pleiades.stoa.org/places/570106,37.631561,22.719464,settlement," - "
2.26.2,Ἀργείων,http://pleiades.stoa.org/places/570104,37.6566371145232,22.92059272180843,region," - "
2.26.2,γῇ,http://pleiades.stoa.org/places/570228,37.596111,23.079167,"theatre,sanctuary,settlement"," - "
2.26.2,Ἐπιδαυρίαν,http://pleiades.stoa.org/places/570228,37.596111,23.079167,"theatre,sanctuary,settlement"," - "
2.26.2,Ἐπιδαύριοι,http://pleiades.stoa.org/places/570228,37.596111,23.079167,"theatre,sanctuary,settlement"," - "
2.26.2,Ἠλεῖοι,http://pleiades.stoa.org/places/570220,37.89131,21.37493,"theatre,settlement"," - "
2.26.3,γῆν,http://pleiades.stoa.org/places/570228,37.596111,23.079167,"theatre,sanctuary,settlement"," - "
2.26.3,Ἐπιδαύριοί,http://pleiades.stoa.org/places/570228,37.596111,23.079167,"theatre,sanctuary,settlement"," - "
2.26.3,Πελοπόννησον,http://pleiades.stoa.org/places/570577,37.25289777692308,22.312752688461543,"peninsula,region"," - "
2.26.4,γῇ,http://pleiades.stoa.org/places/570228,37.596111,23.079167,"theatre,sanctuary,settlement"," - "
2.26.4,Ἐπιδαυρίων,http://pleiades.stoa.org/places/570228,37.596111,23.079167,"theatre,sanctuary,settlement"," - "
2.26.4,Πελοπόννησον,http://pleiades.stoa.org/places/570577,37.25289777692308,22.312752688461543,"peninsula,region"," - "
2.26.7,Ἀρκάδι,http://topostext.org/place/375223RArk,37.5,22.3,NULL," - "
2.26.7,Δελφοὺς,http://pleiades.stoa.org/places/540726,38.482289,22.501169,"sanctuary,settlement"," - "
2.26.7,Ἐπιδαύρῳ,http://pleiades.stoa.org/places/570228,37.596111,23.079167,"theatre,sanctuary,settlement"," - "
2.26.7,Μεσσηνίοις,http://topostext.org/place/372218RMes,37.2,21.8,NULL," - "
2.26.7,Μεσσηνίων,http://topostext.org/place/372218RMes,37.2,21.8,NULL," - "
2.26.8,Ἀθηναῖοι,http://pleiades.stoa.org/places/579885,37.971687,23.726464,settlement," - "
2.26.8,Ἐπιδαυρίᾳ,http://pleiades.stoa.org/places/570228,37.596111,23.079167,"theatre,sanctuary,settlement"," - "
2.26.8,Ἐπιδαύρου,http://pleiades.stoa.org/places/570228,37.596111,23.079167,"theatre,sanctuary,settlement"," - "
2.26.8,Ἐπιδαύρῳ,http://pleiades.stoa.org/places/570228,37.596111,23.079167,"theatre,sanctuary,settlement"," - "
2.26.8,Πέργαμον,http://pleiades.stoa.org/places/550459,39.118873,27.165609,settlement," - built|asklepieionat Pergamon"
2.26.8,Πίνδασον,http://pleiades.stoa.org/places/550830,39.3633119,27.2201435,mountain," - "
2.26.9,Ἀσκληπιεῖον,http://topostext.org/place/349249PLeb,34.932,24.924,NULL," - "
2.26.9,Βαλάγραις,http://pleiades.stoa.org/places/373749,32.760901,21.715312,settlement," - "
2.26.9,Ἐπιδαυρίοις,http://pleiades.stoa.org/places/570228,37.596111,23.079167,"theatre,sanctuary,settlement"," - "
2.26.9,Ἐπιδαυρίους,http://pleiades.stoa.org/places/570228,37.596111,23.079167,"theatre,sanctuary,settlement"," - "
2.26.9,Ἐπιδαύρου,http://pleiades.stoa.org/places/570228,37.596111,23.079167,"theatre,sanctuary,settlement"," - "
2.26.9,θαλάσσῃ,http://pleiades.stoa.org/places/560221,37.42245628773585,25.8829628235849,water-open," - "
2.26.9,Κρητῶν,http://pleiades.stoa.org/places/589748,35.21984439173344,24.995769971494504,island," - "
2.26.9,Κυρηναῖοι,http://pleiades.stoa.org/places/373778,32.818736,21.856169,settlement," - "
2.26.9,Κυρηναίοις,http://pleiades.stoa.org/places/373778,32.818736,21.856169,settlement," - "
2.26.9,Κυρηναίων,http://pleiades.stoa.org/places/373778,32.818736,21.856169,settlement," - "
2.26.9,Λεβήνῃ,http://pleiades.stoa.org/places/589901,34.9324766,24.9240693,"sanctuary,settlement"," - "
2.26.9,Περγαμηνῶν,http://pleiades.stoa.org/places/550812,39.1325,27.184167,"theatre,sanctuary,settlement,temple-2"," - "
2.26.9,Σμυρναίοις,http://pleiades.stoa.org/places/550893,38.41905,27.1383,settlement," - "
2.26.9,τοῦ,http://pleiades.stoa.org/places/550459,39.118873,27.165609,settlement," - "
2.27.1,Δήλῳ,http://dare.ht.lu.se/places/22862,37.397274,25.268194,"architecturalcomplex,sanctuary,monument,island,settlement,plaza"," - "
2.27.1,Ἐπιδαυρίων,http://pleiades.stoa.org/places/570228,37.596111,23.079167,"theatre,sanctuary,settlement"," - "
2.27.1,Τιτάνῃ,http://pleiades.stoa.org/places/570741,37.92049,22.62501,settlement," - "
2.27.2,ἄγαλμα,http://arachne.dainst.org/entity/3586230,37.59669,23.07524,NULL," - object|agalma|Asclepius|Pausin Asclepieion in Epidaurus, work of Thrasymedes the Parian, son of Arignotus"
2.27.2,Ἀθήνῃσιν,http://pleiades.stoa.org/places/579885,37.971687,23.726464,settlement," - "
2.27.2,Ἀργείων,http://pleiades.stoa.org/places/570104,37.6566371145232,22.92059272180843,region," - "
2.27.2,ἔνθα,http://topostext.org/place/376231SAAb,37.598698,23.074024,NULL," - builtPlace where suppliants sleep in the Epidaurus Asclepieion, beyond the temple of Asclepius"
2.27.2,ἐπειργασμένα,http://arachne.dainst.org/entity/3586231,37.59669,23.07524,NULL," - "
2.27.2,ναοῦ,http://topostext.org/place/376231SAsT,37.598626,23.074451,NULL," - "
2.27.2,"Ὀλυμπίου Διὸς",http://arachne.dainst.org/entity/3585970,37.97945,23.71622,NULL," - "
2.27.2,Πάριον,http://pleiades.stoa.org/places/599868,37.03613,25.19093,island," - "
2.27.3,Ἔρως,http://arachne.dainst.org/entity/3586232,37.59669,23.07524,NULL," - built|image|Erōs|Paus|Q121973Inside Tholos in Epidaurus"
2.27.3,Θόλος,http://topostext.org/place/376231BTho,37.598409,23.074008,NULL," - "
2.27.3,Μέθη,http://arachne.dainst.org/entity/3586233,37.59669,23.07524,NULL," - "
2.27.4,Ἀρικιεῖς,http://pleiades.stoa.org/places/422844,41.7211083,12.6726413,settlement," - "
2.27.4,Ἰταλίαν,http://pleiades.stoa.org/places/1052,42.5,12.5,region," - "
2.27.4,τέμενος,http://pleiades.stoa.org/places/422917,41.723936,12.710217,sanctuary," - built|temenos|ArtemisPrecinct of Artemis in Aricia, Italy"
2.27.5,ἄγαλμα,http://arachne.dainst.org/entity/3586234,37.59669,23.07524,NULL," - "
2.27.5,Ἀρκάδων,http://pleiades.stoa.org/places/570102,37.567419268449626,22.165323097346306,region," - "
2.27.5,Ἕλλησι,http://pleiades.stoa.org/places/1001896,37.5,22.5,province," - "
2.27.5,Ἐπιδαυρίοις,http://pleiades.stoa.org/places/570228,37.596111,23.079167,"theatre,sanctuary,settlement"," - "
2.27.5,θέατρον,http://topostext.org/place/376231BGTh,37.596125,23.079283,NULL," - "
2.27.5,θέατρον,http://topostext.org/place/376231BGTh,37.596125,23.079283,NULL," - built|theatron|PausPolycleitus' work"
2.27.5,ἱερῷ,http://pleiades.stoa.org/places/550459,39.118873,27.165609,settlement," - "
2.27.5,κρήνη,http://topostext.org/place/376231BAFt,37.599135,23.07535,NULL," - "
2.27.5,"Μεγάλῃ πόλει",http://dare.ht.lu.se/places/24209,37.41016271393703,22.12724177224737,NULL," - "
2.27.5,ναός,http://topostext.org/place/376231SArT,37.598346,23.074883,NULL," - "
2.27.5,"οἴκημα τὸ περιφερὲς",http://topostext.org/place/376231BTho,37.598409,23.074008,NULL," - built|oikēma peripheresPolykleitus' work"
2.27.5,στάδιον,http://topostext.org/place/376231BASt,37.597454,23.07334,NULL," - "
2.27.6,Ἐπιδαυρίων,http://pleiades.stoa.org/places/570228,37.596111,23.079167,"theatre,sanctuary,settlement"," - "
2.27.6,"ἱερὸν θεῶν",http://topostext.org/place/376231SAEd,37.599232,23.075566,NULL," - "
2.27.6,λουτρόν,http://topostext.org/place/376231GBtg,37.597007,23.0755,NULL," - "
2.27.6,οἴκησιν,http://topostext.org/place/376231BSKo,37.599482,23.075053,NULL," - "
2.27.6,στοὰ,http://topostext.org/place/376231BSKo,37.599482,23.075053,NULL," - "
2.27.6,"τὸ ἱερὸν",http://topostext.org/place/376231SAsk,37.597,23.075,NULL," - "
2.27.7,ἄλσος,http://dare.ht.lu.se/places/22612,37.596111,23.079167,"theatre,sanctuary,settlement"," - "
2.27.7,Ἐπιδαυρίοις,http://pleiades.stoa.org/places/570228,37.596111,23.079167,"theatre,sanctuary,settlement"," - "
2.27.7,ἱερὸν,http://topostext.org/place/376231SApo,37.599,23.086,NULL," - "
2.27.7,"ἱερὸν τοῦ Μαλεάτου",http://topostext.org/place/376231SApo,37.599,23.086,NULL," - "
2.28.1,Ἐπιδαύριοι,http://pleiades.stoa.org/places/570228,37.596111,23.079167,"theatre,sanctuary,settlement"," - "
2.28.1,Ἐπιδαυρίων,http://pleiades.stoa.org/places/570228,37.596111,23.079167,"theatre,sanctuary,settlement"," - "
2.28.1,Ἰνδῶν,http://pleiades.stoa.org/places/50004,22.5,77.5,region," - "
2.28.1,Λιβύῃ,http://pleiades.stoa.org/places/716588,31.5,26.5,region," - "
2.28.2,"ἄκρᾳ τοῦ ὄρους",http://pleiades.stoa.org/places/570376,37.61291,23.09367,mountain," - physical|akra|Pauspeak of mount Koryphos"
2.28.2,Ἀργολίδι,http://pleiades.stoa.org/places/570104,37.6566371145232,22.92059272180843,region," - "
2.28.2,Ἀσιναίοις,http://pleiades.stoa.org/places/570126,36.75,22.75,settlement-modern," - "
2.28.2,Κόρυφον,http://pleiades.stoa.org/places/570376,37.61291,23.09367,mountain," - "
2.28.3,Ἐπιδαύριοί,http://pleiades.stoa.org/places/570228,37.596111,23.079167,"theatre,sanctuary,settlement"," - "
2.28.3,Ἐπιδαυρίων,http://pleiades.stoa.org/places/570228,37.596111,23.079167,"theatre,sanctuary,settlement"," - "
2.28.3,πόλιν,http://topostext.org/place/376232PEpi,37.6335,23.1602,NULL," - "
2.28.3,Ὑρνήθιον,http://topostext.org/place/376231UHyr,37.6,23.1,NULL," - "
2.28.4,Ἄργος,http://pleiades.stoa.org/places/570106,37.631561,22.719464,settlement," - "
2.28.4,γῆς,http://pleiades.stoa.org/places/570228,37.596111,23.079167,"theatre,sanctuary,settlement"," - "
2.28.5,Ἐπιδαύριοι,http://pleiades.stoa.org/places/570228,37.596111,23.079167,"theatre,sanctuary,settlement"," - "
2.28.5,Ἐπιδαυρίων,http://pleiades.stoa.org/places/570228,37.596111,23.079167,"theatre,sanctuary,settlement"," - "
2.28.6,Ἐπιδαυρίους,http://pleiades.stoa.org/places/570228,37.596111,23.079167,"theatre,sanctuary,settlement"," - "
2.28.6,Ὑρνήθιον,http://topostext.org/place/376231UHyr,37.6,23.1,NULL," - "
2.28.8,Ἐπιδαυρίων,http://pleiades.stoa.org/places/570228,37.596111,23.079167,"theatre,sanctuary,settlement"," - "
2.28.8,Κορίνθου,http://pleiades.stoa.org/places/570182,37.906045,22.878721,"sanctuary,settlement,fort"," - "
2.28.8,πόλεως,http://pleiades.stoa.org/places/570228,37.596111,23.079167,"theatre,sanctuary,settlement"," - "
2.29.1,ἀγάλματα,http://arachne.dainst.org/entity/3888338,37.59669,23.07524,NULL," - object|statue|Asclepius/Epione|PausIn the temenos of Asclepius in Epidaurus, from Parian marble"
2.29.1,Ἄρτεμιν,http://arachne.dainst.org/entity/3586235,37.59669,23.07524,NULL," - object|statue|Artemis|Q39503Artemis' image as the hunting goddess in the city of Epidaurus"
2.29.1,Ἐπιδαυρίων,http://pleiades.stoa.org/places/570228,37.596111,23.079167,"theatre,sanctuary,settlement"," - "
2.29.1,"Ἐπιδαυρίων ἡ πόλις",http://pleiades.stoa.org/places/570228,37.596111,23.079167,"theatre,sanctuary,settlement"," - "
2.29.1,Ἠπιόνη,http://arachne.dainst.org/entity/3888120,37.59669,23.07524,NULL," - "
2.29.1,ξόανον,http://arachne.dainst.org/entity/3586236,37.59669,23.07524,NULL," - object|xoanon|Athena Kissaia|Pausin the Akropolis of Epidaurus"
2.29.1,πόλει,http://dare.ht.lu.se/places/21954,37.596111,23.079167,"theatre,sanctuary,settlement"," - "
2.29.2,Αἰγινῆται,http://pleiades.stoa.org/places/579844,37.74991,23.42372,"island,settlement,temple-2"," - "
2.29.2,γῆς,http://pleiades.stoa.org/places/579844,37.74991,23.42372,"island,settlement,temple-2"," - "
2.29.2,Ἐπιδαυρίας,http://pleiades.stoa.org/places/570228,37.596111,23.079167,"theatre,sanctuary,settlement"," - "
2.29.2,νῆσον,http://pleiades.stoa.org/places/579844,37.74991,23.42372,"island,settlement,temple-2"," - "
2.29.2,Οἰνώνης,http://pleiades.stoa.org/places/579844,37.74991,23.42372,"island,settlement,temple-2"," - "
2.29.2,Παρνασσὸν,http://pleiades.stoa.org/places/541012,38.5348857,22.6222206,mountain," - "
2.29.2,"τῇ μὲν",http://pleiades.stoa.org/places/579844,37.74991,23.42372,"island,settlement,temple-2"," - "
2.29.2,Φωκίδι,http://pleiades.stoa.org/places/541048,38.25,22.25,unknown," - "
2.29.3,Λοκρῶν,http://topostext.org/place/386231ROpu,38.6,23.1,NULL," - "
2.29.3,Ὀρχομενίοις,http://pleiades.stoa.org/places/540987,38.495082,22.959486,settlement," - "
2.29.3,Παρνασσὸν,http://pleiades.stoa.org/places/541012,38.5348857,22.6222206,mountain," - "
2.29.3,Σκάρφειαν,http://pleiades.stoa.org/places/541103,38.81072,22.68341970000006,settlement," - "
2.29.3,Τιθορέαν,http://pleiades.stoa.org/places/541152,38.58344,22.66931,settlement," - "
2.29.3,Φωκίς,http://pleiades.stoa.org/places/541048,38.25,22.25,unknown," - "
2.29.3,χώρᾳ,http://pleiades.stoa.org/places/541048,38.25,22.25,unknown," - "
2.29.4,Ἀθηναίοις,http://pleiades.stoa.org/places/579885,37.971687,23.726464,settlement," - "
2.29.4,Ἠπείρῳ,http://pleiades.stoa.org/places/530871,39.577073022222216,20.590387322222224,region," - "
2.29.4,Κυπρίων,http://pleiades.stoa.org/places/707498,35.040883529816504,33.27533716422018,island," - "
2.29.4,Μαραθῶνα,http://pleiades.stoa.org/places/580021,38.1465515,23.970146,settlement," - "
2.29.5,Ἀθηναίους,http://pleiades.stoa.org/places/579885,37.971687,23.726464,settlement," - "
2.29.5,Ἀθηναίων,http://pleiades.stoa.org/places/579885,37.971687,23.726464,settlement," - "
2.29.5,Αἴγιναν,http://pleiades.stoa.org/places/579844,37.74991,23.42372,"island,settlement,temple-2"," - "
2.29.5,Αἰγινήταις,http://pleiades.stoa.org/places/579844,37.74991,23.42372,"island,settlement,temple-2"," - "
2.29.5,Ἀργείων,http://pleiades.stoa.org/places/570104,37.6566371145232,22.92059272180843,region," - "
2.29.5,Ἀργολίδι,http://pleiades.stoa.org/places/570104,37.6566371145232,22.92059272180843,region," - "
2.29.5,Ἐπίδαυρον,http://pleiades.stoa.org/places/570228,37.596111,23.079167,"theatre,sanctuary,settlement"," - "
2.29.5,Θυρέαν,http://pleiades.stoa.org/places/570736,37.25,22.75,region," - "
2.29.5,Λακεδαιμονίων,http://pleiades.stoa.org/places/570406,37.07624042080912,22.46082645177671,region," - "
2.29.5,νῆσον,http://pleiades.stoa.org/places/579844,37.74991,23.42372,"island,settlement,temple-2"," - "
2.29.5,νήσῳ,http://pleiades.stoa.org/places/579844,37.74991,23.42372,"island,settlement,temple-2"," - "
2.29.6,Αἴγινά,http://pleiades.stoa.org/places/579844,37.74991,23.42372,"island,settlement,temple-2"," - "
2.29.6,θαλάσσης,http://pleiades.stoa.org/places/560221,37.42245628773585,25.8829628235849,water-open," - "
2.29.6,πᾶσαν,http://topostext.org/place/378234PAig,37.75,23.425,NULL," - "
2.29.6,πόλεως,http://pleiades.stoa.org/places/579844,37.74991,23.42372,"island,settlement,temple-2"," - "
2.29.7,Αἰγινήταις,http://pleiades.stoa.org/places/579844,37.74991,23.42372,"island,settlement,temple-2"," - "
2.29.7,Δελφοὺς,http://dare.ht.lu.se/places/21949,38.482289,22.501169,"sanctuary,settlement"," - "
2.29.7,Ἑλλάδα,http://pleiades.stoa.org/places/1001896,37.5,22.5,province," - "
2.29.7,Ἑλλήνων,http://pleiades.stoa.org/places/1001896,37.5,22.5,province," - "
2.29.7,ἐπειργασμένοι,http://arachne.dainst.org/entity/3586237,37.73167,23.49111,NULL," - "
2.29.7,ἰσθμοῦ,http://pleiades.stoa.org/places/570317,37.9510881,22.9602226,isthmus," - "
2.29.7,Πελοποννησίοις,http://pleiades.stoa.org/places/570577,37.25289777692308,22.312752688461543,"peninsula,region"," - "
2.29.8,Αἰγινῆται,http://pleiades.stoa.org/places/579844,37.74991,23.42372,"island,settlement,temple-2"," - "
2.29.8,εἰκόνας,http://arachne.dainst.org/entity/3586237,37.73167,23.49111,NULL," - built|reliefat the entrance of Aeakeion, Aegina"
2.29.8,Ἑλλάδα,http://pleiades.stoa.org/places/1001896,37.5,22.5,province," - "
2.29.9,Ἕλληνες.,http://pleiades.stoa.org/places/1001896,37.5,22.5,province," - "
2.29.10,θαλάσσῃ,http://topostext.org/place/381253WAeg,38.1,25.3,NULL," - "
2.29.10,Κρυπτὸν,http://pleiades.stoa.org/places/579997,37.875,23.375,unknown," - "
2.29.10,νῆσον,http://pleiades.stoa.org/places/579844,37.74991,23.42372,"island,settlement,temple-2"," - "
2.29.10,Σαλαμῖνα,http://pleiades.stoa.org/places/580101,37.93,23.51,island," - "
2.29.11,Κρυπτοῦ,http://pleiades.stoa.org/places/579997,37.875,23.375,unknown," - "
2.29.11,"τὸ Ἐπιδαυρίων",http://topostext.org/place/376231BGTh,37.596125,23.079283,NULL," - built|theatron|analogicalTheater of the Epidaurians"
2.30.1,ἄγαλμα,http://arachne.dainst.org/entity/3586243,37.73167,23.49111,NULL," - "
2.30.1,Ἀρτέμιδί,http://arachne.dainst.org/entity/3586239,37.73167,23.49111,NULL," - "
2.30.1,Διονύσῳ,http://arachne.dainst.org/entity/3586242,37.73167,23.49111,NULL," - object|xoanon|Dionysus|Paus|Q41680dressed with beard"
2.30.1,ξόανον,http://arachne.dainst.org/entity/3586238,37.73167,23.49111,NULL," - "
2.30.2,ἀγάλματα,http://arachne.dainst.org/entity/3586240,37.97945,23.71622,NULL," - object|agalma|Hekate Epipurgidia|analogicalthree statues of Hekate, attached to one another, in Athens"
2.30.2,Αἰγινῆται,http://pleiades.stoa.org/places/579844,37.74991,23.42372,"island,settlement,temple-2"," - "
2.30.2,Θρᾷκα,http://topostext.org/place/410265RThr,41.0,26.5,NULL," - "
2.30.2,ναόν,http://topostext.org/place/380237SANi,37.97154,23.72487,NULL," - built|temple|Nike|apteros|opsisin Athens, next to the statue of Hekate"
2.30.2,ξόανον,http://arachne.dainst.org/entity/3586241,37.73167,23.49111,NULL," - object|xoanon|Hekate|PausXoanon of Hekate in her temple in Aegina"
2.30.3,Αἰγίνῃ,http://pleiades.stoa.org/places/579844,37.74991,23.42372,"island,settlement,temple-2"," - "
2.30.3,Αἰγινῆται,http://pleiades.stoa.org/places/579844,37.74991,23.42372,"island,settlement,temple-2"," - "
2.30.3,Αἰγινήταις,http://pleiades.stoa.org/places/579844,37.74991,23.42372,"island,settlement,temple-2"," - "
2.30.3,ἱερόν,http://pleiades.stoa.org/places/579872,37.74991,23.42372,"island,settlement,temple-2"," - "
2.30.3,Κρῆτες,http://pleiades.stoa.org/places/589748,35.21984439173344,24.995769971494504,island," - "
2.30.3,Κρήτῃ,http://pleiades.stoa.org/places/589748,35.21984439173344,24.995769971494504,island," - "
2.30.3,νήσῳ,http://pleiades.stoa.org/places/589748,35.21984439173344,24.995769971494504,island," - "
2.30.3,"ὄρος τοῦ Πανελληνίου Διὸς",http://pleiades.stoa.org/places/580055,37.70073,23.49567,mountain," - "
2.30.4,ἀγάλματα,http://arachne.dainst.org/entity/3888339,37.740882,23.501421,NULL," - "
2.30.4,ἀγάλματα,http://arachne.dainst.org/entity/3888122,37.740882,23.501421,NULL," - "
2.30.4,Ἀθηναίοις,http://pleiades.stoa.org/places/579885,37.971687,23.726464,settlement," - "
2.30.4,Ἀθηναίων,http://pleiades.stoa.org/places/579885,37.971687,23.726464,settlement," - "
2.30.4,Αἴγιναν,http://pleiades.stoa.org/places/579844,37.74991,23.42372,"island,settlement,temple-2"," - "
2.30.4,Αἰγινητῶν,http://pleiades.stoa.org/places/579844,37.74991,23.42372,"island,settlement,temple-2"," - "
2.30.4,"Διὸς τὸ ἱερόν",http://topostext.org/place/377235SPan,37.7078,23.4975,NULL," - built|hieron|Zeus|Pausin mountain Panhellenion in Aegina"
2.30.4,Ἐλευσῖνι,http://pleiades.stoa.org/places/579920,38.041096,23.538311,"sanctuary,settlement"," - "
2.30.4,Ἐπιδαύριοι,http://pleiades.stoa.org/places/570228,37.596111,23.079167,"theatre,sanctuary,settlement"," - "
2.30.4,ἱερὸν,http://topostext.org/place/377235SPan,37.7078,23.4975,NULL," - built|hieron|Zeusin mountain Panhellenion in Aegina"
2.30.4,ξόανα,http://arachne.dainst.org/entity/3888121,37.740882,23.501421,NULL," - object|xoanon|Auxesia and Damia|Pausmade of olive wood"
2.30.4,Πανελλήνιον,http://pleiades.stoa.org/places/580055,37.70073,23.49567,mountain," - "
2.30.5,Αἰγίνης,http://pleiades.stoa.org/places/579844,37.74991,23.42372,"island,settlement,temple-2"," - "
2.30.5,Αἰγύπτιον,http://pleiades.stoa.org/places/981503,19.211408766666665,30.567329633333333,region," - "
2.30.5,γῆ,http://pleiades.stoa.org/places/570756,37.50303,23.34845,settlement," - "
2.30.5,"Ἑλληνικὸν ὄνομα",http://pleiades.stoa.org/places/1001896,37.5,22.5,province," - "
2.30.5,Ἐπιδαυρίας,http://pleiades.stoa.org/places/570228,37.596111,23.079167,"theatre,sanctuary,settlement"," - "
2.30.5,Τροιζήνιοι,http://pleiades.stoa.org/places/570756,37.50303,23.34845,settlement," - "
2.30.6,νόμισμα,http://arachne.dainst.org/entity/3586244,37.73167,23.49111,NULL," - object|coin|Athena|tridentold Troezenian coins showing trident and Athena"
2.30.6,χώρας,http://pleiades.stoa.org/places/570756,37.50303,23.34845,settlement," - "
2.30.7,θάλασσαν,http://pleiades.stoa.org/places/570654,37.77606943333334,23.46300815833333,water-open," - "
2.30.7,θαλάσσῃ,http://pleiades.stoa.org/places/570654,37.77606943333334,23.46300815833333,water-open," - "
2.30.7,λίμνην,http://pleiades.stoa.org/places/570654,37.77606943333334,23.46300815833333,water-open," - "
2.30.7,πέλαγος,http://pleiades.stoa.org/places/560221,37.42245628773585,25.8829628235849,water-open," - "
2.30.7,Σαρωνίδα,http://topostext.org/place/378237WSar,37.8,23.7,NULL," - "
2.30.7,Φοιβαία,http://pleiades.stoa.org/places/570654,37.77606943333334,23.46300815833333,water-open," - "
2.30.7,Φοιβαίας,http://pleiades.stoa.org/places/570654,37.77606943333334,23.46300815833333,water-open," - "
2.30.8,χώρᾳ,http://pleiades.stoa.org/places/570756,37.50303,23.34845,settlement," - "
2.30.9,Ἁλικαρνασσὸν,http://pleiades.stoa.org/places/599636,37.037864,27.424112,"settlement,tomb,architecturalcomplex,port"," - "
2.30.9,Ἀττικήν,http://pleiades.stoa.org/places/579888,38.051998833333336,23.818991099999998,region," - "
2.30.9,δῆμοι,http://pleiades.stoa.org/places/579866,37.7273205,23.9508185,settlement," - "
2.30.9,Καρίᾳ,http://pleiades.stoa.org/places/599564,37.038339,27.423638999999998,"labeled feature"," - "
2.30.9,Μύνδον,http://pleiades.stoa.org/places/599811,37.05332,27.23432,settlement," - "
2.30.9,Τροίζηνα,http://pleiades.stoa.org/places/570756,37.50303,23.34845,settlement," - "
2.30.9,Τροιζῆνος,http://pleiades.stoa.org/places/570756,37.50303,23.34845,settlement," - "
2.30.10,Ἀργείων,http://pleiades.stoa.org/places/570104,37.6566371145232,22.92059272180843,region," - "
2.30.10,Ἄργους,http://pleiades.stoa.org/places/570106,37.631561,22.719464,settlement," - "
2.30.10,Τροίαν,http://pleiades.stoa.org/places/550595,39.9577,26.23873,settlement," - "
2.30.10,Τροιζήνιοι,http://pleiades.stoa.org/places/570756,37.50303,23.34845,settlement," - "
2.30.10,Τροιζηνίοις,http://pleiades.stoa.org/places/570756,37.50303,23.34845,settlement," - "
2.31.1,ἀγάλματα,http://arachne.dainst.org/entity/3586245,37.503334,23.348216,NULL," - object|agalma|Artemis Soteira|PausIn Troezen"
2.31.1,Κρήτης,http://pleiades.stoa.org/places/589748,35.21984439173344,24.995769971494504,island," - "
2.31.1,λαβυρίνθου,http://topostext.org/place/351249CLab,35.0752,24.9195,NULL," - built|labyrinthin Crete"
2.31.1,Τροιζηνίων,http://pleiades.stoa.org/places/570756,37.50303,23.34845,settlement," - "
2.31.3,θρόνοι,http://arachne.dainst.org/entity/3652683,37.503334,23.348216,NULL," - built|thronosThree seats of white marble on the tomb of Pittheus in Troezen"
2.31.3,θρόνων,http://arachne.dainst.org/entity/3652683,37.503334,23.348216,NULL," - built|thronos|PausThree seats of white marble on the tomb of Pittheus in Troezen"
2.31.4,Τροιζηνίαν,http://pleiades.stoa.org/places/570756,37.50303,23.34845,settlement," - "
2.31.4,Τροιζηνίων,http://pleiades.stoa.org/places/570756,37.50303,23.34845,settlement," - "
2.31.5,Περσῶν,http://pleiades.stoa.org/places/922698,30.5,51.5,unknown," - "
2.31.6,ἄγαλμα,http://arachne.dainst.org/entity/3586246,37.503334,23.348216,NULL," - "
2.31.6,Ἰωνίᾳ,http://pleiades.stoa.org/places/550597,38.258572855555556,27.36601213333333,region," - "
2.31.6,Μῆδος,http://pleiades.stoa.org/places/922698,30.5,51.5,unknown," - "
2.31.6,ξόανά,http://arachne.dainst.org/entity/3888340,37.503334,23.348216,NULL," - "
2.31.6,Σαμίοις,http://pleiades.stoa.org/places/599926,37.73,26.84,"island,sanctuary,settlement,temple-2"," - "
2.31.6,Τροιζηνίοις,http://pleiades.stoa.org/places/570756,37.50303,23.34845,settlement," - "
2.31.6,Τροιζηνίου,http://pleiades.stoa.org/places/570756,37.50303,23.34845,settlement," - "
2.31.6,Φωκαεῦσι,http://pleiades.stoa.org/places/550823,38.6684,26.75261,"settlement-modern,settlement"," - "
2.31.7,Ἀθηναῖοι,http://pleiades.stoa.org/places/579885,37.971687,23.726464,settlement," - "
2.31.7,γυναῖκες,http://arachne.dainst.org/entity/3652682,37.503334,23.348216,NULL," - "
2.31.7,Μῆδον,http://pleiades.stoa.org/places/922698,30.5,51.5,unknown," - "
2.31.7,πόλιν,http://pleiades.stoa.org/places/579885,37.971687,23.726464,settlement," - "
2.31.7,Τροιζηνίοις,http://pleiades.stoa.org/places/570756,37.50303,23.34845,settlement," - "
2.31.8,Τροιζηνίων,http://pleiades.stoa.org/places/570756,37.50303,23.34845,settlement," - "
2.31.9,Βοιωτῶν,http://pleiades.stoa.org/places/540689,38.34668803333333,23.184677533333332,region," - "
2.31.9,Κορίνθου,http://pleiades.stoa.org/places/570182,37.906045,22.878721,"sanctuary,settlement,fort"," - "
2.31.9,Τροιζῆνα,http://pleiades.stoa.org/places/570756,37.50303,23.34845,settlement," - "
2.31.9,Τροιζηνίοις,http://pleiades.stoa.org/places/570756,37.50303,23.34845,settlement," - "
2.31.10,ἀγάλματι,http://arachne.dainst.org/entity/3586247,37.503334,23.348216,NULL," - object|agalma|Hermes Polygios|Pausin the agora in Troezen"
2.31.10,Σαρωνίδι,http://pleiades.stoa.org/places/570654,37.77606943333334,23.46300815833333,water-open," - "
2.32.1,ἄγαλμά,http://arachne.dainst.org/entity/3586248,37.503334,23.348216,NULL," - object|agalma|Hippolytus|Pausin the temple of Hippolytus in Troizen"
2.32.1,Τροιζηνίοις,http://pleiades.stoa.org/places/570756,37.50303,23.34845,settlement," - "
2.32.2,Αἰγινῆται,http://pleiades.stoa.org/places/579844,37.74991,23.42372,"island,settlement,temple-2"," - "
2.32.2,Ἕλλησιν,http://pleiades.stoa.org/places/1001896,37.5,22.5,province," - "
2.32.2,Ἐπιδαύριοι,http://pleiades.stoa.org/places/570228,37.596111,23.079167,"theatre,sanctuary,settlement"," - "
2.32.2,Ἰλίου,http://pleiades.stoa.org/places/550595,39.9577,26.23873,settlement," - "
2.32.2,Κρήτης,http://pleiades.stoa.org/places/589748,35.21984439173344,24.995769971494504,island," - "
2.32.2,πόλει,http://pleiades.stoa.org/places/570756,37.50303,23.34845,settlement," - "
2.32.2,Τροιζηνίοις,http://pleiades.stoa.org/places/570756,37.50303,23.34845,settlement," - "
2.32.4,"τοῦ δὲ Ἀσκληπιοῦ τὸ ἄγαλμα",http://arachne.dainst.org/entity/3586249,37.503334,23.348216,NULL," - object|agalma|Asclepius or Hippolytus|Pausin Hippolytus' temenos in Troizen, made by Timotheos"
2.32.4,Τροιζήνιοι,http://pleiades.stoa.org/places/570756,37.50303,23.34845,settlement," - "
2.32.5,"ἄγαλμα τοῦ Ἀπόλλωνος",http://arachne.dainst.org/entity/3586251,37.398,25.267,NULL," - object|agalma|Apolloin Delos, made by Aggeliōn and Tektaios"
2.32.5,Αἰγινήτης,http://topostext.org/place/378234PAig,37.75,23.425,NULL," - "
2.32.5,Δηλίοις,http://pleiades.stoa.org/places/599587,37.397274,25.268194,"architecturalcomplex,sanctuary,monument,island,settlement,plaza"," - "
2.32.5,ξόανον,http://arachne.dainst.org/entity/3586250,37.503334,23.348216,NULL," - object|xoanon|Athena Sthenias|Pausmade by Kallōn Aiginētēs"
2.32.6,"ἄγαλμα τῆς Ἴσιδος",http://arachne.dainst.org/entity/3586252,37.503334,23.348216,NULL," - object|agalma|Isis|Pausdedicated by the demos of Troizenians"
2.32.6,Ἀθηναίους,http://pleiades.stoa.org/places/579885,37.971687,23.726464,settlement," - "
2.32.6,Ἁλικαρνασσεῖς,http://pleiades.stoa.org/places/599636,37.037864,27.424112,"settlement,tomb,architecturalcomplex,port"," - "
2.32.6,Τροιζῆνι,http://pleiades.stoa.org/places/570756,37.50303,23.34845,settlement," - "
2.32.6,Τροιζηνίαν,http://pleiades.stoa.org/places/570756,37.50303,23.34845,settlement," - "
2.32.6,Τροιζηνίων,http://pleiades.stoa.org/places/570756,37.50303,23.34845,settlement," - "
2.32.7,Ἑρμιόνην,http://pleiades.stoa.org/places/570292,37.385218,23.243591,"settlement,port"," - "
2.32.8,γῆν,http://pleiades.stoa.org/places/570756,37.50303,23.34845,settlement," - "
2.32.8,χώραν,http://pleiades.stoa.org/places/570756,37.50303,23.34845,settlement," - "
2.32.9,Ἀθηναίους,http://pleiades.stoa.org/places/579885,37.971687,23.726464,settlement," - "
2.32.9,Ἀττικῇ,http://pleiades.stoa.org/places/579888,38.051998833333336,23.818991099999998,region," - "
2.32.10,Τροιζήνιοι,http://pleiades.stoa.org/places/570756,37.50303,23.34845,settlement," - "
2.33.1,ἠπείρου,http://pleiades.stoa.org/places/570756,37.50303,23.34845,settlement," - "
2.33.1,Ἱερὰ,http://topostext.org/place/375235ISph,37.4844,23.4767,NULL," - "
2.33.1,Ἱερὰν,http://topostext.org/place/375235ISph,37.4844,23.4767,NULL," - "
2.33.1,νῆσον,http://topostext.org/place/375235ISph,37.4844,23.4767,NULL," - "
2.33.1,Σφαιρία,http://topostext.org/place/375235ISph,37.4844,23.4767,NULL," - "
2.33.1,Σφαιρίας,http://topostext.org/place/375235ISph,37.4844,23.4767,NULL," - "
2.33.1,Τροιζηνίοις,http://pleiades.stoa.org/places/570756,37.50303,23.34845,settlement," - "
2.33.1,Τροιζηνίων,http://pleiades.stoa.org/places/570756,37.50303,23.34845,settlement," - "
2.33.2,Δελφοὶ,http://pleiades.stoa.org/places/540726,38.482289,22.501169,"sanctuary,settlement"," - "
2.33.2,Δῆλόν,http://pleiades.stoa.org/places/599588,37.397274,25.268194,"architecturalcomplex,sanctuary,monument,island,settlement,plaza"," - "
2.33.2,ἱερὸν,http://topostext.org/place/375235SKal,37.5227,23.4803,NULL," - "
2.33.2,Καλαύρειαν,http://pleiades.stoa.org/places/570325,37.52255,23.48041,island," - "
2.33.2,Πυθώ,http://topostext.org/place/385225SDel,38.48264,22.50108,NULL," - "
2.33.2,Ταίναρον,http://pleiades.stoa.org/places/570702,36.401551,22.4866293,settlement," - "
2.33.3,Ἀσίας,http://pleiades.stoa.org/places/837,39.64014749138555,31.033254534661616,"peninsula,region"," - "
2.33.4,Ἀθηναίων,http://pleiades.stoa.org/places/579885,37.971687,23.726464,settlement," - "
2.33.4,Ἀθηνῶν,http://pleiades.stoa.org/places/579885,37.971687,23.726464,settlement," - "
2.33.4,Κρήτην,http://pleiades.stoa.org/places/589748,35.21984439173344,24.995769971494504,island," - "
2.33.4,Μακεδόνος,http://topostext.org/place/408225RMak,40.81,22.5,NULL," - "
2.33.4,Ῥόδον,http://topostext.org/place/364282IRho,36.4408,28.2244,NULL," - "
2.33.5,Ἀθήνας,http://pleiades.stoa.org/places/579885,37.971687,23.726464,settlement," - "
2.33.5,Ἑλλάδος,http://pleiades.stoa.org/places/1001896,37.5,22.5,province," - "
2.33.5,Καλαυρείας,http://pleiades.stoa.org/places/570325,37.52255,23.48041,island," - "
2.34.1,ἄγαλμα,http://arachne.dainst.org/entity/3586253,37.58234,23.39142,NULL," - object|agalma|Hermes|Pausin Methana, in the agora"
2.34.1,ἕτερον,http://arachne.dainst.org/entity/3586254,37.58234,23.39142,NULL," - object|agalma|Heracles|Pausin Methana"
2.34.1,θάλασσαν,http://pleiades.stoa.org/places/570654,37.77606943333334,23.46300815833333,water-open," - "
2.34.1,θαλάσσῃ,http://pleiades.stoa.org/places/570654,37.77606943333334,23.46300815833333,water-open," - "
2.34.1,Μακεδόνων,http://topostext.org/place/408225RMak,40.81,22.5,NULL," - "
2.34.1,Μέθανα,http://pleiades.stoa.org/places/570482,37.58672,23.34909,settlement," - "
2.34.1,"Τροιζηνίας γῆς",http://pleiades.stoa.org/places/570756,37.50303,23.34845,settlement," - "
2.34.2,Μεθάνοις,http://topostext.org/place/376234PMet,37.5868,23.3496,NULL," - "
2.34.2,"Σαρωνικοῦ κόλπου",http://pleiades.stoa.org/places/570654,37.77606943333334,23.46300815833333,water-open," - "
2.34.3,Μέθανα,http://pleiades.stoa.org/places/570482,37.58672,23.34909,settlement," - "
2.34.4,Ἄργει,http://pleiades.stoa.org/places/570106,37.631561,22.719464,settlement," - "
2.34.4,Ἑρμιονεῖς,http://pleiades.stoa.org/places/570292,37.385218,23.243591,"settlement,port"," - "
2.34.4,Ἑρμιόνη,http://pleiades.stoa.org/places/570292,37.385218,23.243591,"settlement,port"," - "
2.34.4,Μέθανα,http://pleiades.stoa.org/places/570482,37.58672,23.34909,settlement," - physical|isthmos|Q25017110Methana peninsula"
2.34.4,Πελοποννήσου,http://pleiades.stoa.org/places/570577,37.25289777692308,22.312752688461543,"peninsula,region"," - "
2.34.4,"τῆς Τροιζηνίων",http://pleiades.stoa.org/places/570756,37.50303,23.34845,settlement," - "
2.34.4,Τροιζηνίων,http://pleiades.stoa.org/places/570756,37.50303,23.34845,settlement," - "
2.34.5,Ἀργείων,http://pleiades.stoa.org/places/570106,37.631561,22.719464,settlement," - "
2.34.5,Ἄργους,http://pleiades.stoa.org/places/570106,37.631561,22.719464,settlement," - "
2.34.5,Ἑρμιόνα,http://pleiades.stoa.org/places/570292,37.385218,23.243591,"settlement,port"," - "
2.34.6,Εἰλεοὶ,http://pleiades.stoa.org/places/570207,37.442072,23.26405,settlement," - "
2.34.6,Ἑρμιόνα,http://pleiades.stoa.org/places/570292,37.385218,23.243591,"settlement,port"," - "
2.34.6,Ἑρμιονίδος,http://pleiades.stoa.org/places/570292,37.385218,23.243591,"settlement,port"," - "
2.34.6,θάλασσαν,http://pleiades.stoa.org/places/560221,37.42245628773585,25.8829628235849,water-open," - "
2.34.6,Τροιζῆνος,http://pleiades.stoa.org/places/570756,37.50303,23.34845,settlement," - "
2.34.7,ἄκραν,http://pleiades.stoa.org/places/570679,37.435,23.523,cape," - "
2.34.7,Κρησὶν,http://pleiades.stoa.org/places/589748,35.21984439173344,24.995769971494504,island," - "
2.34.7,Μέγαρα,http://topostext.org/place/380233PMeg,37.997,23.34285,NULL," - "
2.34.7,Νίσαιαν,http://pleiades.stoa.org/places/570508,37.974359,23.362766,"unlocated,port,fort,church,settlement"," - "
2.34.7,Σκυλλαῖον,http://pleiades.stoa.org/places/570679,37.435,23.523,cape," - "
2.34.8,ἄκραν,http://pleiades.stoa.org/places/570679,37.435,23.523,cape," - "
2.34.8,Ἀριστερὰν,http://pleiades.stoa.org/places/570108,37.2149748,23.1782393,island," - "
2.34.8,Βουκέφαλα,http://topostext.org/place/373233LBou,37.354,23.07,NULL," - "
2.34.8,Βούπορθμος,http://pleiades.stoa.org/places/570165,37.34678,23.26278,mountain," - "
2.34.8,Βουπόρθμῳ,http://pleiades.stoa.org/places/570165,37.34678,23.26278,mountain," - "
2.34.8,θάλασσαν,http://pleiades.stoa.org/places/560221,37.42245628773585,25.8829628235849,water-open," - "
2.34.8,Κωλυεργία,http://pleiades.stoa.org/places/570369,37.29085,23.20032,cape," - "
2.34.8,Πελοποννήσου,http://pleiades.stoa.org/places/570577,37.25289777692308,22.312752688461543,"peninsula,region"," - "
2.34.8,Πιτυοῦσσα,http://topostext.org/place/373233IPit,37.263,23.159,NULL," - "
2.34.8,πόλιν,http://pleiades.stoa.org/places/570292,37.385218,23.243591,"settlement,port"," - "
2.34.8,Σκυλλαίου,http://pleiades.stoa.org/places/570679,37.435,23.523,cape," - "
2.34.8,Τρίκρανα,http://pleiades.stoa.org/places/570752,37.26444,23.28241,island," - "
2.34.9,Ἀπεροπία,http://pleiades.stoa.org/places/570089,37.32767,23.30295,island," - "
2.34.9,Ἀπεροπίας,http://pleiades.stoa.org/places/570089,37.32767,23.30295,island," - "
2.34.9,Βουπόρθμου,http://pleiades.stoa.org/places/570165,37.34678,23.26278,mountain," - "
2.34.9,Ὑδρέα,http://pleiades.stoa.org/places/570299,37.32924,23.46048,island," - "
2.34.10,Ἑρμιονεῦσιν,http://pleiades.stoa.org/places/570292,37.385218,23.243591,"settlement,port"," - "
2.34.11,ἄγαλμα,http://arachne.dainst.org/entity/3586255,37.3869,23.24423,NULL," - object|agalma|Aphrodite|Pausin Hermione, in the temple of Aphrodite, of white stone"
2.34.11,Ἑρμιόνα,http://pleiades.stoa.org/places/570292,37.385218,23.243591,"settlement,port"," - "
2.34.11,Ἑρμιονεῦσίν,http://pleiades.stoa.org/places/570292,37.385218,23.243591,"settlement,port"," - "
2.34.11,πόλις,http://pleiades.stoa.org/places/570292,37.385218,23.243591,"settlement,port"," - "
2.34.12,Ἑρμιονέων,http://pleiades.stoa.org/places/570292,37.385218,23.243591,"settlement,port"," - "
2.34.12,πόλει,http://pleiades.stoa.org/places/570292,37.385218,23.243591,"settlement,port"," - "
2.34.12,Τροιζηνίαν,http://dare.ht.lu.se/places/21926,37.50303,23.34845,settlement," - "
2.35.1,Ποσειδῶν,http://arachne.dainst.org/entity/3586256,37.3869,23.24423,NULL," - object|statue|Poseidon|Paus|Q41127in Hermione"
2.35.2,Ἀργείων,http://pleiades.stoa.org/places/570106,37.631561,22.719464,settlement," - "
2.35.2,Ἑλλήνων,http://pleiades.stoa.org/places/1001896,37.5,22.5,province," - "
2.35.2,"τὸν δὲ",http://arachne.dainst.org/entity/3586258,37.3869,23.24423,NULL," - "
2.35.2,τρίτον,http://arachne.dainst.org/entity/3586260,37.3869,23.24423,NULL," - "
2.35.2,"τῷ μὲν",http://arachne.dainst.org/entity/3586257,37.3869,23.24423,NULL," - "
2.35.2,χώραν,http://pleiades.stoa.org/places/570106,37.631561,22.719464,settlement," - "
2.35.3,Ἑρμιονεῖς,http://pleiades.stoa.org/places/570292,37.385218,23.243591,"settlement,port"," - "
2.35.3,κολοσσὸς,http://arachne.dainst.org/entity/3586259,37.3869,23.24423,NULL," - object|kolossos|Tyche|Pausin the sanctuary of Tyche in Hermione"
2.35.4,Ἀργεῖοι,http://pleiades.stoa.org/places/570106,37.631561,22.719464,settlement," - "
2.35.4,Ἀργολίδα,http://pleiades.stoa.org/places/570104,37.6566371145232,22.92059272180843,region," - "
2.35.4,Ἑρμιόνα,http://pleiades.stoa.org/places/570292,37.385218,23.243591,"settlement,port"," - "
2.35.4,Ἑρμιονεῖς,http://pleiades.stoa.org/places/570292,37.385218,23.243591,"settlement,port"," - "
2.35.4,Ἑρμιονεῦσι,http://pleiades.stoa.org/places/570292,37.385218,23.243591,"settlement,port"," - "
2.35.8,ἀγάλματα,http://arachne.dainst.org/entity/3888341,37.3869,23.24423,NULL," - "
2.35.8,Ἀθηνᾶ,http://arachne.dainst.org/entity/3888123,37.3869,23.24423,NULL," - "
2.35.8,Δημήτηρ,http://arachne.dainst.org/entity/3888124,37.3869,23.24423,NULL," - "
2.35.8,εἰκόνες,http://arachne.dainst.org/entity/3652684,37.3869,23.24423,NULL," - object|eikōn|priestesses of Demeter|Pausin Hermione, in the temple of Demeter Chthonia"
2.35.8,Ἑρμιονεῦσι,http://pleiades.stoa.org/places/570292,37.385218,23.243591,"settlement,port"," - "
2.35.8,Ἑρμιονέων,http://pleiades.stoa.org/places/570292,37.385218,23.243591,"settlement,port"," - "
2.35.9,Ἀργεῖον,http://topostext.org/place/376227PArg,37.6316,22.7195,NULL," - male|proxyArgive"
2.35.9,εἰκόνες,http://arachne.dainst.org/entity/3652685,37.3869,23.24423,NULL," - object|eikōn|Pausin Hermione, in the temple of Klymenos"
2.35.9,Ἑρμιόνα,http://pleiades.stoa.org/places/570292,37.385218,23.243591,"settlement,port"," - "
2.35.10,ἄγαλμα,http://arachne.dainst.org/entity/3586261,37.3869,23.24423,NULL," - object|agalma|Ares|Pausin Hermione, next to the temple of Klymenos"
2.35.10,Ἑρμιονεῖς,http://pleiades.stoa.org/places/570292,37.385218,23.243591,"settlement,port"," - "
2.35.10,Ἑρμιονέων,http://pleiades.stoa.org/places/570292,37.385218,23.243591,"settlement,port"," - "
2.35.11,ἄγαλμα,http://arachne.dainst.org/entity/3586263,37.3869,23.24423,NULL," - object|agalma|Eileithya|Pausin Herrmione, in the temple of Eilethuia"
2.35.11,Μάσητα,http://pleiades.stoa.org/places/570463,37.417868,23.142191,settlement," - "
2.36.1,Ἁλίκη,http://pleiades.stoa.org/places/570274,37.301493,23.136994,"settlement,port"," - "
2.36.1,Ἁλίκην,http://pleiades.stoa.org/places/570274,37.301493,23.136994,"settlement,port"," - built|settlement|Pausin Hermione, deserted town during Pausanias' years"
2.36.1,Ἁλίκης,http://pleiades.stoa.org/places/570274,37.301493,23.136994,"settlement,port"," - "
2.36.1,Ἁλικῶν,http://pleiades.stoa.org/places/570274,37.301493,23.136994,"settlement,port"," - "
2.36.1,Ἐπιδαυρίων,http://pleiades.stoa.org/places/570228,37.596111,23.079167,"theatre,sanctuary,settlement"," - "
2.36.1,Μάσητα,http://pleiades.stoa.org/places/570463,37.417868,23.142191,settlement," - "
2.36.2,Ἑρμιονεῖς,http://pleiades.stoa.org/places/570292,37.385218,23.243591,"settlement,port"," - "
2.36.2,Μάσητα,http://pleiades.stoa.org/places/570463,37.417868,23.142191,settlement," - "
2.36.2,Μάσητι,http://pleiades.stoa.org/places/570463,37.417868,23.142191,settlement," - "
2.36.3,ἀγάλματα,http://arachne.dainst.org/entity/3586266,37.48144,23.21287,NULL," - "
2.36.3,αὐτοῖς,http://arachne.dainst.org/entity/3586264,37.48144,23.21287,NULL," - "
2.36.3,Διδύμους,http://topostext.org/place/375232SDid,37.5,23.1542,NULL," - "
2.36.3,"ἔστι δὲ",http://arachne.dainst.org/entity/3586265,37.48144,23.21287,NULL," - "
2.36.3,Μάσητος,http://pleiades.stoa.org/places/570463,37.417868,23.142191,settlement," - "
2.36.3,Στρουθοῦντα,http://topostext.org/place/373233LStr,37.461,23.004,NULL," - physical|akra|PausStrouthous promontory on the road from Mases"
2.36.3,Φιλανόριόν,http://pleiades.stoa.org/places/570601,37.537127,23.141581,settlement," - "
2.36.4,Ἀργεῖοι,http://pleiades.stoa.org/places/570106,37.631561,22.719464,settlement," - "
2.36.4,Ἀργείων,http://pleiades.stoa.org/places/570106,37.631561,22.719464,settlement," - "
2.36.4,Ἀργολίδα,http://pleiades.stoa.org/places/570104,37.6566371145232,22.92059272180843,region," - "
2.36.4,Ἀσιναία,http://pleiades.stoa.org/places/570124,37.52659,22.87403,settlement," - "
2.36.4,Ἀσιναῖοι,http://pleiades.stoa.org/places/570124,37.52659,22.87403,settlement," - "
2.36.4,Ἀσίνην,http://pleiades.stoa.org/places/570124,37.52659,22.87403,settlement," - "
2.36.4,Ἀσίνης,http://pleiades.stoa.org/places/570124,37.52659,22.87403,settlement," - "
2.36.4,γῆν,http://pleiades.stoa.org/places/570104,37.6566371145232,22.92059272180843,region," - "
2.36.4,θαλάσσῃ,http://pleiades.stoa.org/places/560221,37.42245628773585,25.8829628235849,water-open," - "
2.36.4,Λακεδαιμονίων,http://pleiades.stoa.org/places/570406,37.07624042080912,22.46082645177671,region," - "
2.36.5,Ἀργεῖοι,http://pleiades.stoa.org/places/570106,37.631561,22.719464,settlement," - "
2.36.5,Ἀργείων,http://pleiades.stoa.org/places/570106,37.631561,22.719464,settlement," - "
2.36.5,Ἀσιναῖοι,http://dare.ht.lu.se/places/21923,37.52659,22.87403,settlement," - "
2.36.5,Ἀσίνην,http://pleiades.stoa.org/places/570124,37.52659,22.87403,settlement," - "
2.36.5,γῆν,http://pleiades.stoa.org/places/570124,37.52659,22.87403,settlement," - "
2.36.5,ἔδαφος,http://pleiades.stoa.org/places/570124,37.52659,22.87403,settlement," - "
2.36.6,Ἀργείων,http://pleiades.stoa.org/places/570106,37.631561,22.719464,settlement," - "
2.36.6,Ἐρασῖνος,http://pleiades.stoa.org/places/570233,37.75,22.75,river," - "
2.36.6,Ἐρασίνου,http://pleiades.stoa.org/places/570233,37.75,22.75,river," - "
2.36.6,θάλασσα,http://pleiades.stoa.org/places/560221,37.42245628773585,25.8829628235849,water-open," - "
2.36.6,θάλασσαν,http://pleiades.stoa.org/places/560221,37.42245628773585,25.8829628235849,water-open," - "
2.36.6,Λέρναν,http://topostext.org/place/375227ULer,37.5511,22.7182,NULL," - "
2.36.6,Λέρναν,http://pleiades.stoa.org/places/570424,37.55107,22.71809,settlement," - "
2.36.6,Λέρνης,http://pleiades.stoa.org/places/570424,37.55107,22.71809,settlement," - "
2.36.6,ξόανα,http://arachne.dainst.org/entity/3888342,37.63333,22.73333,NULL," - "
2.36.6,πόλεως,http://pleiades.stoa.org/places/570106,37.631561,22.719464,settlement," - "
2.36.6,Τημενίου,http://pleiades.stoa.org/places/570710,37.581685,22.737804,settlement," - "
2.36.7,Ἐρασῖνον,http://pleiades.stoa.org/places/570233,37.75,22.75,river," - "
2.36.7,θαλάσσῃ,http://pleiades.stoa.org/places/560221,37.42245628773585,25.8829628235849,water-open," - "
2.36.7,Λέρνα,http://pleiades.stoa.org/places/570424,37.55107,22.71809,settlement," - "
2.36.8,Θήβας,http://pleiades.stoa.org/places/541138,38.318092,23.255096,"sanctuary,settlement"," - "
2.36.8,"κορυφῇ τοῦ ὄρους",http://topostext.org/place/376227LPon,37.55,22.6973,NULL," - physical|koruphē|PausThe peak of the mountain Pontinos"
2.36.8,"ὄρος ὁ Ποντῖνος",http://topostext.org/place/376227LPon,37.55,22.6973,NULL," - "
2.36.8,Ποντῖνον,http://topostext.org/place/376227LPon,37.55,22.6973,NULL," - "
2.37.1,ἄγαλμα,http://arachne.dainst.org/entity/3586271,37.551241,22.718326,NULL," - "
2.37.1,ἀγάλματα,http://arachne.dainst.org/entity/3586267,37.551241,22.718326,NULL," - "
2.37.1,Διονύσου,http://arachne.dainst.org/entity/3586268,37.551241,22.718326,NULL," - "
2.37.1,θάλασσαν,http://pleiades.stoa.org/places/560221,37.42245628773585,25.8829628235849,water-open," - "
2.37.1,ὄρους,http://topostext.org/place/376227LPon,37.55,22.6973,NULL," - "
2.37.2,"Ἀφροδίτης ἄγαλμα",http://arachne.dainst.org/entity/3586270,37.551241,22.718326,NULL," - "
2.37.2,θαλάσσῃ,http://pleiades.stoa.org/places/560221,37.42245628773585,25.8829628235849,water-open," - "
2.37.2,Λερναίων,http://pleiades.stoa.org/places/570424,37.55107,22.71809,settlement," - "
2.37.2,ξόανον,http://arachne.dainst.org/entity/3586269,37.551241,22.718326,NULL," - object|xoanon|Dionysos Saōtes|Pausin the sacred grove on mountain Pontinos, Lerna"
2.37.2,Ποντίνῳ,http://topostext.org/place/376227LPon,37.55,22.6973,NULL," - "
2.37.3,Ἀθηναίοις,http://pleiades.stoa.org/places/579885,37.971687,23.726464,settlement," - "
2.37.3,Αἰτωλίᾳ,http://pleiades.stoa.org/places/540591,38.51586100952381,21.759714990476194,region," - "
2.37.3,Ἀργεῖοι,http://pleiades.stoa.org/places/570106,37.631561,22.719464,settlement," - "
2.37.3,Ἕλληνας,http://pleiades.stoa.org/places/1001896,37.5,22.5,province," - "
2.37.3,καρδίᾳ,http://arachne.dainst.org/entity/3586272,37.551241,22.718326,NULL," - "
2.37.3,Λυκίων,http://pleiades.stoa.org/places/638965,36.513688333333334,29.129618500000003,region," - "
2.37.3,Πελοπόννησον,http://pleiades.stoa.org/places/570577,37.25289777692308,22.312752688461543,"peninsula,region"," - "
2.37.3,Τρικωνιεὺς,http://topostext.org/place/385215PTri,38.5286,21.5286,NULL," - "
2.37.4,Καμιρεύς,http://topostext.org/place/363279PKam,36.3362,27.9212,NULL," - "
2.37.5,Ἀργεῖοι,http://pleiades.stoa.org/places/570106,37.631561,22.719464,settlement," - "
2.38.1,Ἄργει,http://pleiades.stoa.org/places/570106,37.631561,22.719464,settlement," - "
2.38.1,Ἀργείων,http://pleiades.stoa.org/places/570106,37.631561,22.719464,settlement," - "
2.38.1,Ἀχαιοὺς,http://pleiades.stoa.org/places/570028,38.102121472776034,22.224585911364017,region," - "
2.38.1,θάλασσαν,http://pleiades.stoa.org/places/560221,37.42245628773585,25.8829628235849,water-open," - "
2.38.1,Λέρνης,http://pleiades.stoa.org/places/570424,37.55107,22.71809,settlement," - "
2.38.1,Τημένιον,http://pleiades.stoa.org/places/570710,37.581685,22.737804,settlement," - "
2.38.1,Τημενίῳ,http://pleiades.stoa.org/places/570710,37.581685,22.737804,settlement," - "
2.38.1,χωρίον,http://pleiades.stoa.org/places/570710,37.581685,22.737804,settlement," - "
2.38.2,Ἀργεῖοι,http://pleiades.stoa.org/places/570106,37.631561,22.719464,settlement," - "
2.38.2,Ναυπλίᾳ,http://pleiades.stoa.org/places/570501,37.565,22.796,settlement," - "
2.38.2,Τημενίου,http://pleiades.stoa.org/places/570710,37.581685,22.737804,settlement," - "
2.38.3,Ναυπλίᾳ,http://pleiades.stoa.org/places/570501,37.565,22.796,settlement," - "
2.38.3,ὄνος,http://arachne.dainst.org/entity/3586273,37.56828,22.80528,NULL," - "
2.38.4,Ἀνιγραῖα,http://pleiades.stoa.org/places/570083,37.25,22.75,unknown," - "
2.38.4,Ἀπόβαθμοι,http://pleiades.stoa.org/places/570257,37.513986,22.732834,settlement," - "
2.38.4,Ἀργολίδος,http://pleiades.stoa.org/places/570104,37.6566371145232,22.92059272180843,region," - "
2.38.4,Γενέσιον,http://pleiades.stoa.org/places/570257,37.513986,22.732834,settlement," - "
2.38.4,θάλασσαν,http://pleiades.stoa.org/places/560221,37.42245628773585,25.8829628235849,water-open," - "
2.38.4,θαλάσσῃ,http://pleiades.stoa.org/places/560221,37.42245628773585,25.8829628235849,water-open," - "
2.38.4,Λέρνης,http://pleiades.stoa.org/places/570424,37.55107,22.71809,settlement," - "
2.38.5,Ἀθηναίων,http://pleiades.stoa.org/places/579885,37.971687,23.726464,settlement," - "
2.38.5,Αἰγινήταις,http://pleiades.stoa.org/places/579844,37.74991,23.42372,"island,settlement,temple-2"," - "
2.38.5,"ἄνδρας Λακεδαιμονίων",http://pleiades.stoa.org/places/570406,37.07624042080912,22.46082645177671,region," - "
2.38.5,Ἀργεῖοι,http://pleiades.stoa.org/places/570106,37.631561,22.719464,settlement," - "
2.38.5,Ἀργείους,http://pleiades.stoa.org/places/570106,37.631561,22.719464,settlement," - "
2.38.5,Ἀργείων,http://pleiades.stoa.org/places/570106,37.631561,22.719464,settlement," - "
2.38.5,Θυρεᾶτιν,http://pleiades.stoa.org/places/570736,37.25,22.75,region," - "
2.38.5,Λακεδαιμόνιοι,http://pleiades.stoa.org/places/570406,37.07624042080912,22.46082645177671,region," - "
2.38.5,νήσου,http://pleiades.stoa.org/places/579844,37.74991,23.42372,"island,settlement,temple-2"," - "
2.38.5,Σπαρτιάτου,http://pleiades.stoa.org/places/570685,37.08149,22.42454,"theatre,temple,settlement,temple-2"," - "
2.38.6,Αἰγινῆταί,http://pleiades.stoa.org/places/579844,37.74991,23.42372,"island,settlement,temple-2"," - "
2.38.6,Ἀνθήνη,http://pleiades.stoa.org/places/570085,37.45614,22.67254,settlement," - "
2.38.6,Εὔα,http://pleiades.stoa.org/places/570241,37.377923,22.656854,settlement," - "
2.38.6,Νηρίς,http://pleiades.stoa.org/places/570506,37.432444,22.665139,settlement," - built|kōmē|Pausvillage  near Anthene, Thyreatis"
2.38.7,Ἀργείας,http://pleiades.stoa.org/places/570104,37.6566371145232,22.92059272180843,region," - "
2.38.7,Ἀργείους,http://pleiades.stoa.org/places/570106,37.631561,22.719464,settlement," - "
2.38.7,αὐτοῦ,http://pleiades.stoa.org/places/570561,37.27816,22.61272,mountain," - physical|oros|Pausboundaries between Argolis and Tegea"
2.38.7,"Ἑρμαῖ λίθου",http://arachne.dainst.org/entity/3652686,37.049635,22.818732,NULL," - "
2.38.7,"Θυρεάτην κόλπον",http://pleiades.stoa.org/places/570736,37.25,22.75,region," - physical|kolpos|374229WArgThyreatic gulf"
2.38.7,Λακεδαιμονίων,http://pleiades.stoa.org/places/570406,37.07624042080912,22.46082645177671,region," - "
2.38.7,Πάρνων,http://pleiades.stoa.org/places/570561,37.27816,22.61272,mountain," - "
2.38.7,Πάρνωνος,http://pleiades.stoa.org/places/570561,37.27816,22.61272,mountain," - "
2.38.7,Τάναος,http://pleiades.stoa.org/places/570704,37.4211067,22.7404143,river," - "
2.38.7,Τεγεάτας,http://pleiades.stoa.org/places/570707,37.464,22.429,"theatre,church,settlement"," - "
2.38.7,χωρίου,http://pleiades.stoa.org/places/570291,37.32399,22.543094,temple," - "
